ObjectId,Crash ID,Primary Road,Intersecting Road,Crash Date,Day,Month,Year,Hour,Weekday,Crash Type Code,Highway Classification Code,Community Code,Jurisdiction Code,Lane Departure Type Code,Surface Type,Road Condition,Weather Condition,Lighting Condition,Speed Limit,Lanes,Units,Occupants,Most Severe Injury,Fatal Injuries,Suspected Serious Injuries,Suspected Minor Injuries,Possible Injuries,Property Damage Only,Secondary Crash,Traffic Control,Red Light Run,Hit and Run,Alcohol,Drugs,Unbelted Person,Work Zone,Speeding Driver,Distracted Driver,Driveway,Pedestrian,Elderly Driver,Young Driver,Commercial Vehicle,Emergency Vehicles,Train,School Bus,Motorcycle,Bicycle,Deer,Longitude,Latitude,geom,geog,x,y
115,9909742,W I 96,GREENFIELD,2016-12-29,29,12,2016,3,5,1,1,,1,1,,2,1,4,55,3,1,1,5,0,0,0,0,true,,false,false,false,false,false,,,,,,false,false,false,,,false,false,false,false,false,-83.19766,42.37923,"{
  ""coordinates"": [
    -8.319766385299990e+01,
    4.237923409800000e+01
  ],
  ""type"": ""Point""
}","{
  ""coordinates"": [
    -83.197663853,
    42.379234098
  ],
  ""type"": ""Point""
}",-83.1976638529999,42.379234098
116,9908380,FERRY,MCCDOUGALL,2016-12-29,29,12,2016,1,5,5,9,,,0,,1,1,4,25,2,2,2,5,0,0,0,0,true,,false,false,true,false,false,,,,,,false,false,false,,,false,false,false,false,false,-83.10461,42.35843,"{
  ""coordinates"": [
    -8.310460579300000e+01,
    4.235842637500010e+01
  ],
  ""type"": ""Point""
}","{
  ""coordinates"": [
    -83.104605793,
    42.358426375
  ],
  ""type"": ""Point""
}",-83.104605793,42.3584263750001
117,9910800,N M 39,GRAND RIVER,2016-12-29,29,12,2016,18,5,8,3,,1,0,,1,1,4,35,3,2,1,5,0,0,0,0,true,,false,false,false,false,false,,,,,,false,false,false,,,false,false,false,false,false,-83.21819,42.40063,"{
  ""coordinates"": [
    -8.321819519099989e+01,
    4.240063486500000e+01
  ],
  ""type"": ""Point""
}","{
  ""coordinates"": [
    -83.218195191,
    42.400634865
  ],
  ""type"": ""Point""
}",-83.2181951909999,42.400634865
118,9909825,WINTHROP,CHICAGO,2016-12-29,29,12,2016,15,5,98,9,,,0,,1,1,1,25,2,2,0,5,0,0,0,0,true,,true,false,true,false,false,,,,,,true,false,false,,,false,false,false,false,false,-83.19847,42.36535,"{
  ""coordinates"": [
    -8.319846872600000e+01,
    4.236534572500010e+01
  ],
  ""type"": ""Point""
}","{
  ""coordinates"": [
    -83.198468726,
    42.365345725
  ],
  ""type"": ""Point""
}",-83.198468726,42.3653457250001
119,9908384,VANDYKE,SAVAGE,2016-12-29,29,12,2016,22,5,5,3,,1,0,,1,1,4,35,4,2,2,5,0,0,0,0,true,,false,false,true,false,false,,,,,,false,false,false,,,false,false,false,false,false,-83.02467,42.4459,"{
  ""coordinates"": [
    -8.302466244700000e+01,
    4.244589464000010e+01
  ],
  ""type"": ""Point""
}","{
  ""coordinates"": [
    -83.024662447,
    42.44589464
  ],
  ""type"": ""Point""
}",-83.024662447,42.4458946400001
120,9907422,CLAIRMOUNT,N M 10 SERVICE DRIVE,2016-12-29,29,12,2016,1,5,4,9,,4,0,,2,5,5,25,4,2,2,4,0,0,0,1,false,,false,false,false,false,false,,,,,,false,false,true,,,false,false,false,false,false,-83.08983,42.37987,"{
  ""coordinates"": [
    -8.308983141300000e+01,
    4.237986915000000e+01
  ],
  ""type"": ""Point""
}","{
  ""coordinates"": [
    -83.089831413,
    42.37986915
  ],
  ""type"": ""Point""
}",-83.089831413,42.37986915
121,9909834,E I 94 SERVICE DRIVE,WARREN,2016-12-29,29,12,2016,9,5,4,9,,4,0,,1,1,1,35,4,2,2,3,0,0,1,0,false,,false,false,false,false,false,,,,,,false,false,false,,,false,false,false,false,false,-83.11233,42.3447,"{
  ""coordinates"": [
    -8.311232773400000e+01,
    4.234470169400000e+01
  ],
  ""type"": ""Point""
}","{
  ""coordinates"": [
    -83.112327734,
    42.344701694
  ],
  ""type"": ""Point""
}",-83.112327734,42.344701694
122,9930730,8 MILE,MOUND,2016-12-29,29,12,2016,4,5,8,3,,1,0,,1,1,2,45,6,2,2,4,0,0,0,2,false,,false,false,true,false,false,,,,,,false,false,false,,,false,false,false,false,false,-83.04398,42.44777,"{
  ""coordinates"": [
    -8.304398536399999e+01,
    4.244776949100000e+01
  ],
  ""type"": ""Point""
}","{
  ""coordinates"": [
    -83.043985364,
    42.447769491
  ],
  ""type"": ""Point""
}",-83.043985364,42.447769491
123,9909876,7 MILE,WOODWARD,2016-12-29,29,12,2016,13,5,5,3,,4,0,,1,1,1,30,2,2,3,5,0,0,0,0,true,,false,false,true,false,false,,,,,,false,false,false,,,false,false,false,false,false,-83.11495,42.43213,"{
  ""coordinates"": [
    -8.311495326900000e+01,
    4.243213176400010e+01
  ],
  ""type"": ""Point""
}","{
  ""coordinates"": [
    -83.114953269,
    42.432131764
  ],
  ""type"": ""Point""
}",-83.114953269,42.4321317640001
124,9915649,S M 39 SERVICE DRIVE,FITZPATRICK,2016-12-29,29,12,2016,22,5,97,9,,4,0,,1,1,5,30,1,2,2,4,0,0,0,2,false,,false,false,true,false,false,,,,,,false,false,false,,,false,false,false,false,false,-83.2169,42.36374,"{
  ""coordinates"": [
    -8.321689920100000e+01,
    4.236374365800000e+01
  ],
  ""type"": ""Point""
}","{
  ""coordinates"": [
    -83.216899201,
    42.363743658
  ],
  ""type"": ""Point""
}",-83.216899201,42.363743658
125,9922183,BARLOW,LINHURST,2016-12-29,29,12,2016,22,5,5,9,,,0,,1,1,4,25,1,2,4,5,0,0,0,0,true,,false,false,false,false,false,,,,,,false,false,true,,,false,false,false,false,false,-82.9959,42.43126,"{
  ""coordinates"": [
    -8.299590015200000e+01,
    4.243125462000010e+01
  ],
  ""type"": ""Point""
}","{
  ""coordinates"": [
    -82.995900152,
    42.43125462
  ],
  ""type"": ""Point""
}",-82.995900152,42.4312546200001
126,9915625,JAMES COUZENS,GREENFIELD,2016-12-29,29,12,2016,1,5,4,3,,1,0,,2,1,4,35,2,2,2,5,0,0,0,0,true,,true,true,true,false,false,,,,,,false,false,false,,,false,false,false,false,false,-83.20039,42.44212,"{
  ""coordinates"": [
    -8.320039327099990e+01,
    4.244212474600000e+01
  ],
  ""type"": ""Point""
}","{
  ""coordinates"": [
    -83.200393271,
    42.442124746
  ],
  ""type"": ""Point""
}",-83.2003932709999,42.442124746
127,9908364,MACK,FISCHER,2016-12-29,29,12,2016,17,5,8,9,,4,0,,1,1,4,25,3,2,2,5,0,0,0,0,true,,false,false,false,false,false,,,,,,false,false,false,,,false,false,false,false,false,-82.99953,42.36962,"{
  ""coordinates"": [
    -8.299952635400000e+01,
    4.236961699400010e+01
  ],
  ""type"": ""Point""
}","{
  ""coordinates"": [
    -82.999526354,
    42.369616994
  ],
  ""type"": ""Point""
}",-82.999526354,42.3696169940001
128,9922240,GOETHE,BALDWIN,2016-12-29,29,12,2016,11,5,1,9,,,0,,1,1,1,15,1,1,0,5,0,0,0,0,true,,false,false,false,false,false,,,,,,false,false,false,,,false,false,false,false,false,-83.00737,42.364,"{
  ""coordinates"": [
    -8.300737225899999e+01,
    4.236399724800000e+01
  ],
  ""type"": ""Point""
}","{
  ""coordinates"": [
    -83.007372259,
    42.363997248
  ],
  ""type"": ""Point""
}",-83.007372259,42.363997248
129,9920973,M 39,GRAND RIVER,2016-12-29,29,12,2016,13,5,8,3,,1,0,,1,1,1,55,3,2,2,3,0,0,1,0,false,,false,false,false,false,false,,,,,,false,true,true,,,false,false,false,false,false,-83.21835,42.39936,"{
  ""coordinates"": [
    -8.321834602199991e+01,
    4.239936427600000e+01
  ],
  ""type"": ""Point""
}","{
  ""coordinates"": [
    -83.218346022,
    42.399364276
  ],
  ""type"": ""Point""
}",-83.2183460219999,42.399364276
130,9915652,KENTFIELD,MCNICHOLS,2016-12-29,29,12,2016,17,5,97,9,,,0,,4,1,4,0,1,2,0,5,0,0,0,0,true,,false,false,true,false,false,,,,,,false,false,false,,,false,false,false,false,false,-83.24117,42.41531,"{
  ""coordinates"": [
    -8.324117059100000e+01,
    4.241531333300000e+01
  ],
  ""type"": ""Point""
}","{
  ""coordinates"": [
    -83.241170591,
    42.415313333
  ],
  ""type"": ""Point""
}",-83.241170591,42.415313333
131,9910784,PENROD,SAWYER,2016-12-29,29,12,2016,17,5,97,9,,,0,,1,1,1,25,3,2,1,5,0,0,0,0,true,,false,false,false,false,false,,,,,,false,true,false,,,false,false,false,false,false,-83.21967,42.34632,"{
  ""coordinates"": [
    -8.321966975100000e+01,
    4.234632230300010e+01
  ],
  ""type"": ""Point""
}","{
  ""coordinates"": [
    -83.219669751,
    42.346322303
  ],
  ""type"": ""Point""
}",-83.219669751,42.3463223030001
132,9908365,OUTER,NORWOOD,2016-12-29,29,12,2016,23,5,5,9,,2,0,,1,1,4,35,3,3,1,5,0,0,0,0,true,,false,false,true,false,false,,,,,,false,false,false,,,false,false,false,false,false,-83.06756,42.44027,"{
  ""coordinates"": [
    -8.306755479899989e+01,
    4.244026803800010e+01
  ],
  ""type"": ""Point""
}","{
  ""coordinates"": [
    -83.067554799,
    42.440268038
  ],
  ""type"": ""Point""
}",-83.0675547989999,42.4402680380001
133,9909838,ROSA PARKS,LA BELLE,2016-12-29,29,12,2016,14,5,4,9,,4,0,,1,1,1,30,3,2,1,5,0,0,0,0,true,,true,false,false,false,false,,,,,,false,false,false,,,false,false,false,false,false,-83.11569,42.39993,"{
  ""coordinates"": [
    -8.311569374299999e+01,
    4.239993383300000e+01
  ],
  ""type"": ""Point""
}","{
  ""coordinates"": [
    -83.115693743,
    42.399933833
  ],
  ""type"": ""Point""
}",-83.115693743,42.399933833
134,9909824,MCNICHOLS,MURRAY,2016-12-29,29,12,2016,14,5,5,9,,2,0,,1,2,1,30,4,2,1,4,0,0,0,1,false,,false,false,true,false,false,,,,,,false,false,false,,,false,false,false,false,false,-83.20851,42.41577,"{
  ""coordinates"": [
    -8.320850878499991e+01,
    4.241577221700000e+01
  ],
  ""type"": ""Point""
}","{
  ""coordinates"": [
    -83.208508785,
    42.415772217
  ],
  ""type"": ""Point""
}",-83.2085087849999,42.415772217
135,9914336,N I 75,RAMP 216B,2016-12-29,29,12,2016,8,5,8,1,,1,0,,1,2,1,55,3,2,2,5,0,0,0,0,true,,false,false,false,false,false,,,,,,false,false,false,,,false,false,false,false,false,-83.05704,42.36666,"{
  ""coordinates"": [
    -8.305704674400000e+01,
    4.236666630500010e+01
  ],
  ""type"": ""Point""
}","{
  ""coordinates"": [
    -83.057046744,
    42.366666305
  ],
  ""type"": ""Point""
}",-83.057046744,42.3666663050001
136,9920972,M 39,FITZPATRICK,2016-12-29,29,12,2016,13,5,5,3,,1,0,,1,1,1,55,3,2,3,5,0,0,0,0,true,,false,false,false,false,false,,,,,,false,false,false,,,false,false,false,false,false,-83.21654,42.36363,"{
  ""coordinates"": [
    -8.321653854899991e+01,
    4.236362794200010e+01
  ],
  ""type"": ""Point""
}","{
  ""coordinates"": [
    -83.216538549,
    42.363627942
  ],
  ""type"": ""Point""
}",-83.2165385489999,42.3636279420001
137,9917193,96 LOCAL,GREENFIELD,2016-12-29,29,12,2016,3,5,97,1,,1,0,,2,1,4,55,3,2,2,5,0,0,0,0,true,,false,false,false,false,false,,,,,,false,false,false,,,false,false,false,false,false,-83.1986,42.3794,"{
  ""coordinates"": [
    -8.319860031400000e+01,
    4.237940156000010e+01
  ],
  ""type"": ""Point""
}","{
  ""coordinates"": [
    -83.198600314,
    42.37940156
  ],
  ""type"": ""Point""
}",-83.198600314,42.3794015600001
138,9910799,GRAND RIVER,EVERGREEN,2016-12-29,29,12,2016,15,5,5,3,,1,0,,1,1,1,35,5,2,2,5,0,0,0,0,true,,false,false,false,false,false,,,,,,false,true,false,,,false,false,false,false,false,-83.23776,42.40853,"{
  ""coordinates"": [
    -8.323776615000000e+01,
    4.240853176400000e+01
  ],
  ""type"": ""Point""
}","{
  ""coordinates"": [
    -83.23776615,
    42.408531764
  ],
  ""type"": ""Point""
}",-83.23776615,42.408531764
139,9908350,ILENE,BUENA,2016-12-29,29,12,2016,15,5,9,9,,,2,,1,1,1,0,2,2,1,4,0,0,0,1,false,,false,false,false,false,false,,,,,,false,false,false,,,false,false,false,false,false,-83.16106,42.38415,"{
  ""coordinates"": [
    -8.316105647700000e+01,
    4.238414794300010e+01
  ],
  ""type"": ""Point""
}","{
  ""coordinates"": [
    -83.161056477,
    42.384147943
  ],
  ""type"": ""Point""
}",-83.161056477,42.3841479430001
140,9909833,RAMP 938E,14TH,2016-12-29,29,12,2016,6,5,8,1,,1,0,,4,98,98,25,3,2,1,5,0,0,0,0,true,,false,false,true,false,false,,,,,,false,false,false,,,false,false,false,false,false,-83.07304,42.33312,"{
  ""coordinates"": [
    -8.307304301300000e+01,
    4.233312409900000e+01
  ],
  ""type"": ""Point""
}","{
  ""coordinates"": [
    -83.073043013,
    42.333124099
  ],
  ""type"": ""Point""
}",-83.073043013,42.333124099
141,9909867,SCHAEFER,OUTER,2016-12-29,29,12,2016,1,5,4,9,,4,0,,2,4,4,30,2,2,4,2,0,3,1,0,false,,true,true,false,false,false,,,,,,false,false,true,,,false,false,false,false,false,-83.17997,42.42026,"{
  ""coordinates"": [
    -8.317997105300000e+01,
    4.242026025100010e+01
  ],
  ""type"": ""Point""
}","{
  ""coordinates"": [
    -83.179971053,
    42.420260251
  ],
  ""type"": ""Point""
}",-83.179971053,42.4202602510001
142,9922230,VERNOR,ST ANNE,2016-12-29,29,12,2016,12,5,1,9,,4,0,,1,1,1,25,2,1,1,4,0,0,0,1,false,,false,false,false,false,false,,,,,,false,false,false,,,false,false,false,false,false,-83.0802,42.32654,"{
  ""coordinates"": [
    -8.308019690299990e+01,
    4.232654171500010e+01
  ],
  ""type"": ""Point""
}","{
  ""coordinates"": [
    -83.080196903,
    42.326541715
  ],
  ""type"": ""Point""
}",-83.0801969029999,42.3265417150001
143,9915664,GRATIOT,SANFORD,2016-12-29,29,12,2016,6,5,2,3,,1,2,,1,1,4,35,6,2,8,1,1,8,0,0,false,,false,false,false,false,true,,,,,,false,false,true,,,false,false,false,false,false,-82.99133,42.41432,"{
  ""coordinates"": [
    -8.299133279499991e+01,
    4.241431858200010e+01
  ],
  ""type"": ""Point""
}","{
  ""coordinates"": [
    -82.991332795,
    42.414318582
  ],
  ""type"": ""Point""
}",-82.9913327949999,42.4143185820001
144,9910777,ORANGELAWN,FORRER,2016-12-29,29,12,2016,19,5,4,9,,,0,,1,2,4,25,1,2,3,4,0,0,0,2,false,,false,false,false,false,false,,,,,,false,false,false,,,false,false,false,false,false,-83.20095,42.36778,"{
  ""coordinates"": [
    -8.320094939900000e+01,
    4.236778110900010e+01
  ],
  ""type"": ""Point""
}","{
  ""coordinates"": [
    -83.200949399,
    42.367781109
  ],
  ""type"": ""Point""
}",-83.200949399,42.3677811090001
145,9909771,RAMP 215A,S M 10,2016-12-29,29,12,2016,1,5,1,1,,1,1,,2,5,4,55,1,1,2,5,0,0,0,0,true,,false,false,false,false,false,,,,,,false,false,false,,,false,false,false,false,false,-83.07526,42.35658,"{
  ""coordinates"": [
    -8.307526098999990e+01,
    4.235657573300010e+01
  ],
  ""type"": ""Point""
}","{
  ""coordinates"": [
    -83.07526099,
    42.356575733
  ],
  ""type"": ""Point""
}",-83.0752609899999,42.3565757330001
146,9914375,I-75,CLAY,2016-12-29,29,12,2016,17,5,8,1,,1,0,,1,2,4,0,4,2,1,5,0,0,0,0,true,,false,false,true,false,false,,,,,,false,true,false,,,false,false,false,false,false,-83.06279,42.37821,"{
  ""coordinates"": [
    -8.306279262699999e+01,
    4.237820730700000e+01
  ],
  ""type"": ""Point""
}","{
  ""coordinates"": [
    -83.062792627,
    42.378207307
  ],
  ""type"": ""Point""
}",-83.062792627,42.378207307
147,9925407,W I 94,CONCORD,2016-12-29,29,12,2016,4,5,1,1,,1,1,,2,2,5,55,3,1,0,5,0,0,0,0,true,,false,false,false,false,false,,,,,,false,false,false,,,false,false,false,false,false,-83.02994,42.38348,"{
  ""coordinates"": [
    -8.302994037400001e+01,
    4.238347484700010e+01
  ],
  ""type"": ""Point""
}","{
  ""coordinates"": [
    -83.029940374,
    42.383474847
  ],
  ""type"": ""Point""
}",-83.029940374,42.3834748470001
148,9911926,I-94,CONNER,2016-12-29,29,12,2016,2,5,1,1,,1,1,,2,2,4,55,3,1,1,5,0,0,0,0,true,,false,false,false,false,false,,,,,,false,false,false,,,false,false,false,false,false,-82.98811,42.39618,"{
  ""coordinates"": [
    -8.298811233799999e+01,
    4.239617521300000e+01
  ],
  ""type"": ""Point""
}","{
  ""coordinates"": [
    -82.988112338,
    42.396175213
  ],
  ""type"": ""Point""
}",-82.988112338,42.396175213
149,9920974,S M 39,I 96 SERVICE DRIVE,2016-12-29,29,12,2016,15,5,5,3,,1,0,,1,1,1,55,3,2,2,5,0,0,0,0,true,,false,false,false,false,false,,,,,,false,false,true,,,false,false,false,false,false,-83.21697,42.37714,"{
  ""coordinates"": [
    -8.321697340100000e+01,
    4.237714378700010e+01
  ],
  ""type"": ""Point""
}","{
  ""coordinates"": [
    -83.216973401,
    42.377143787
  ],
  ""type"": ""Point""
}",-83.216973401,42.3771437870001
150,9924748,M 39,GRAND RIVER,2016-12-29,29,12,2016,17,5,5,3,,1,0,,1,2,3,55,3,4,3,5,0,0,0,0,true,,false,false,true,false,false,,,,,,false,false,true,,,false,false,false,false,false,-83.21833,42.39909,"{
  ""coordinates"": [
    -8.321833147599990e+01,
    4.239908976300010e+01
  ],
  ""type"": ""Point""
}","{
  ""coordinates"": [
    -83.218331476,
    42.399089763
  ],
  ""type"": ""Point""
}",-83.2183314759999,42.3990897630001
151,9907443,BRAMELL,LYNDON,2016-12-28,28,12,2016,13,4,97,9,,,0,,1,1,1,25,1,2,0,5,0,0,0,0,true,,false,false,true,false,false,,,,,,false,false,false,,,false,false,false,false,false,-83.26413,42.3932,"{
  ""coordinates"": [
    -8.326412642600000e+01,
    4.239320537400000e+01
  ],
  ""type"": ""Point""
}","{
  ""coordinates"": [
    -83.264126426,
    42.393205374
  ],
  ""type"": ""Point""
}",-83.264126426,42.393205374
152,9907434,8TH,FORT,2016-12-28,28,12,2016,16,4,97,9,,,0,,1,1,1,35,2,2,1,5,0,0,0,0,true,,false,false,false,false,false,,,,,,false,false,false,,,false,false,false,false,false,-83.05999,42.32449,"{
  ""coordinates"": [
    -8.305999160700000e+01,
    4.232449057000010e+01
  ],
  ""type"": ""Point""
}","{
  ""coordinates"": [
    -83.059991607,
    42.32449057
  ],
  ""type"": ""Point""
}",-83.059991607,42.3244905700001
153,9905968,RATHBONE,ELSMERE,2016-12-28,28,12,2016,1,4,2,9,,,2,,1,1,4,25,2,2,1,4,0,0,0,1,false,,false,false,false,false,false,,,,,,false,false,true,,,false,false,false,false,false,-83.13045,42.30121,"{
  ""coordinates"": [
    -8.313045104799990e+01,
    4.230121381200010e+01
  ],
  ""type"": ""Point""
}","{
  ""coordinates"": [
    -83.130451048,
    42.301213812
  ],
  ""type"": ""Point""
}",-83.1304510479999,42.3012138120001
154,9907406,WOODWARD,CONGRESS,2016-12-28,28,12,2016,16,4,8,9,,4,0,,1,1,1,25,2,2,1,5,0,0,0,0,true,,false,false,false,false,false,,,,,,false,false,false,,,false,false,false,false,false,-83.04555,42.33016,"{
  ""coordinates"": [
    -8.304554490800000e+01,
    4.233016220300000e+01
  ],
  ""type"": ""Point""
}","{
  ""coordinates"": [
    -83.045544908,
    42.330162203
  ],
  ""type"": ""Point""
}",-83.045544908,42.330162203
155,9914358,M-10,WYOMING,2016-12-28,28,12,2016,15,4,1,3,,1,1,,1,1,1,55,3,1,1,3,0,0,1,0,false,,false,false,false,false,false,,,,,,false,false,false,,,false,false,false,false,false,-83.16148,42.40614,"{
  ""coordinates"": [
    -8.316148140800000e+01,
    4.240613449600000e+01
  ],
  ""type"": ""Point""
}","{
  ""coordinates"": [
    -83.161481408,
    42.406134496
  ],
  ""type"": ""Point""
}",-83.161481408,42.406134496
156,9910775,LAFAYETTE,CENTRAL,2016-12-28,28,12,2016,17,4,5,9,,4,0,,1,1,4,25,4,2,1,5,0,0,0,0,true,,false,false,true,false,false,,,,,,false,false,false,,,false,false,false,false,false,-83.11848,42.30382,"{
  ""coordinates"": [
    -8.311847764600000e+01,
    4.230382204400010e+01
  ],
  ""type"": ""Point""
}","{
  ""coordinates"": [
    -83.118477646,
    42.303822044
  ],
  ""type"": ""Point""
}",-83.118477646,42.3038220440001
157,9908362,I-75,DAVISON,2016-12-28,28,12,2016,13,4,5,1,,1,0,,1,1,1,0,4,2,2,5,0,0,0,0,true,,false,false,false,false,false,,,,,,false,false,false,,,false,false,false,false,false,-83.07976,42.40887,"{
  ""coordinates"": [
    -8.307975931300000e+01,
    4.240887524000000e+01
  ],
  ""type"": ""Point""
}","{
  ""coordinates"": [
    -83.079759313,
    42.40887524
  ],
  ""type"": ""Point""
}",-83.079759313,42.40887524
158,9915659,WARREN,GREENFIELD,2016-12-28,28,12,2016,17,4,2,9,,,0,,2,5,3,30,3,2,5,5,0,0,0,0,true,,false,false,false,false,false,,,,,,false,false,false,,,false,false,false,false,false,-83.19628,42.34366,"{
  ""coordinates"": [
    -8.319627936599990e+01,
    4.234366346800000e+01
  ],
  ""type"": ""Point""
}","{
  ""coordinates"": [
    -83.196279366,
    42.343663468
  ],
  ""type"": ""Point""
}",-83.1962793659999,42.343663468
159,9908363,I-375 SERVICE,MONROE,2016-12-28,28,12,2016,21,4,8,9,,4,0,,1,1,4,0,2,2,3,5,0,0,0,0,true,,false,false,false,false,false,,,,,,false,true,true,,,false,false,false,false,false,-83.03895,42.33647,"{
  ""coordinates"": [
    -8.303894601699990e+01,
    4.233646637300010e+01
  ],
  ""type"": ""Point""
}","{
  ""coordinates"": [
    -83.038946017,
    42.336466373
  ],
  ""type"": ""Point""
}",-83.0389460169999,42.3364663730001
160,9908368,PREVOST,TROJAN,2016-12-28,28,12,2016,0,4,4,9,,,0,,3,1,5,25,2,2,0,5,0,0,0,0,true,,false,false,true,false,false,,,,,,false,false,false,,,false,false,false,false,false,-83.20457,42.44194,"{
  ""coordinates"": [
    -8.320456740299990e+01,
    4.244194485600010e+01
  ],
  ""type"": ""Point""
}","{
  ""coordinates"": [
    -83.204567403,
    42.441944856
  ],
  ""type"": ""Point""
}",-83.2045674029999,42.4419448560001
161,9907428,HARDING,SHOEMAKER,2016-12-28,28,12,2016,10,4,1,9,,,0,,1,1,1,25,2,1,0,5,0,0,0,0,true,,false,false,true,false,false,,,,,,false,false,false,,,false,false,false,false,false,-82.99496,42.38923,"{
  ""coordinates"": [
    -8.299495334300001e+01,
    4.238923168500000e+01
  ],
  ""type"": ""Point""
}","{
  ""coordinates"": [
    -82.994953343,
    42.389231685
  ],
  ""type"": ""Point""
}",-82.994953343,42.389231685
162,9909793,RANDOLPH,JEFFERSON,2016-12-28,28,12,2016,16,4,9,9,,,2,,1,1,1,30,4,2,1,5,0,0,0,0,true,,false,false,true,false,false,,,,,,false,true,false,,,false,false,false,false,false,-83.04095,42.32844,"{
  ""coordinates"": [
    -8.304094466100000e+01,
    4.232843975600010e+01
  ],
  ""type"": ""Point""
}","{
  ""coordinates"": [
    -83.040944661,
    42.328439756
  ],
  ""type"": ""Point""
}",-83.040944661,42.3284397560001
163,9908349,CLAY,ST.AUBIN,2016-12-28,28,12,2016,12,4,1,9,,4,0,,1,1,1,25,2,1,5,4,0,0,0,3,false,,false,false,false,false,false,,,,,,false,false,false,,,false,false,false,false,false,-83.05619,42.3808,"{
  ""coordinates"": [
    -8.305619298399991e+01,
    4.238080317900010e+01
  ],
  ""type"": ""Point""
}","{
  ""coordinates"": [
    -83.056192984,
    42.380803179
  ],
  ""type"": ""Point""
}",-83.0561929839999,42.3808031790001
164,9912899,WAVENEY,BUCKINGHAM,2016-12-28,28,12,2016,15,4,4,9,,,0,,1,1,1,35,4,2,2,4,0,0,0,1,false,,true,false,false,false,false,,,,,,false,false,true,,,false,false,false,false,false,-82.94058,42.396,"{
  ""coordinates"": [
    -8.294057891700000e+01,
    4.239599612500010e+01
  ],
  ""type"": ""Point""
}","{
  ""coordinates"": [
    -82.940578917,
    42.395996125
  ],
  ""type"": ""Point""
}",-82.940578917,42.3959961250001
165,9911940,M-39,SCHOOLCRAFT,2016-12-28,28,12,2016,2,4,8,3,,1,0,,1,1,4,55,3,2,2,5,0,0,0,0,true,,false,false,false,false,false,,,,,,false,false,true,,,false,false,false,false,false,-83.2176,42.38816,"{
  ""coordinates"": [
    -8.321760154899989e+01,
    4.238815986600010e+01
  ],
  ""type"": ""Point""
}","{
  ""coordinates"": [
    -83.217601549,
    42.388159866
  ],
  ""type"": ""Point""
}",-83.2176015489999,42.3881598660001
166,9908366,8 MILE SERVICE DRIVE,SAINT MARYS,2016-12-28,28,12,2016,14,4,5,3,,1,0,,1,1,1,35,3,2,6,3,0,0,1,0,false,,false,false,false,false,false,,,,,,false,false,false,,,false,false,false,false,false,-83.20747,42.44445,"{
  ""coordinates"": [
    -8.320746252899990e+01,
    4.244445215900000e+01
  ],
  ""type"": ""Point""
}","{
  ""coordinates"": [
    -83.207462529,
    42.444452159
  ],
  ""type"": ""Point""
}",-83.2074625289999,42.444452159
167,9907415,FERRY PARK,GRAND,2016-12-28,28,12,2016,14,4,97,9,,,0,,1,1,1,15,2,2,1,5,0,0,0,0,true,,false,false,false,false,false,,,,,,false,false,true,,,false,false,false,false,false,-83.10364,42.35727,"{
  ""coordinates"": [
    -8.310363392300000e+01,
    4.235726618500010e+01
  ],
  ""type"": ""Point""
}","{
  ""coordinates"": [
    -83.103633923,
    42.357266185
  ],
  ""type"": ""Point""
}",-83.103633923,42.3572661850001
168,9908342,PREST,ELLIS,2016-12-28,28,12,2016,23,4,4,9,,,0,,2,4,4,25,4,2,5,3,0,0,1,1,false,,false,false,false,false,false,,,,,,false,false,true,,,false,false,false,false,false,-83.196,42.36056,"{
  ""coordinates"": [
    -8.319600221199990e+01,
    4.236056017200010e+01
  ],
  ""type"": ""Point""
}","{
  ""coordinates"": [
    -83.196002212,
    42.360560172
  ],
  ""type"": ""Point""
}",-83.1960022119999,42.3605601720001
169,9909747,E M 8,RAMP 139C,2016-12-28,28,12,2016,23,4,1,3,,1,1,,2,4,4,70,4,1,1,1,1,0,0,0,false,,false,false,false,false,false,,,,,,false,false,false,,,false,false,false,false,false,-83.1467,42.38568,"{
  ""coordinates"": [
    -8.314669543399999e+01,
    4.238568610200010e+01
  ],
  ""type"": ""Point""
}","{
  ""coordinates"": [
    -83.146695434,
    42.385686102
  ],
  ""type"": ""Point""
}",-83.146695434,42.3856861020001
170,9910782,WARREN,GREENFIELD,2016-12-28,28,12,2016,17,4,97,9,,2,0,,1,1,1,30,2,2,2,5,0,0,0,0,true,,false,false,false,false,false,,,,,,false,false,true,,,false,false,false,false,false,-83.19653,42.34366,"{
  ""coordinates"": [
    -8.319653172700001e+01,
    4.234366012100000e+01
  ],
  ""type"": ""Point""
}","{
  ""coordinates"": [
    -83.196531727,
    42.343660121
  ],
  ""type"": ""Point""
}",-83.196531727,42.343660121
171,9909741,W I 96 CD,GREENFIELD,2016-12-28,28,12,2016,4,4,5,1,,1,0,,1,1,4,55,3,2,2,5,0,0,0,0,true,,false,false,false,false,false,,,,,,false,false,false,,,false,false,false,false,false,-83.19803,42.37941,"{
  ""coordinates"": [
    -8.319802507599999e+01,
    4.237940525200000e+01
  ],
  ""type"": ""Point""
}","{
  ""coordinates"": [
    -83.198025076,
    42.379405252
  ],
  ""type"": ""Point""
}",-83.198025076,42.379405252