ObjectId,Crash ID,Primary Road,Intersecting Road,Crash Date,Day,Month,Year,Hour,Weekday,Crash Type Code,Highway Classification Code,Community Code,Jurisdiction Code,Lane Departure Type Code,Surface Type,Road Condition,Weather Condition,Lighting Condition,Speed Limit,Lanes,Units,Occupants,Most Severe Injury,Fatal Injuries,Suspected Serious Injuries,Suspected Minor Injuries,Possible Injuries,Property Damage Only,Secondary Crash,Traffic Control,Red Light Run,Hit and Run,Alcohol,Drugs,Unbelted Person,Work Zone,Speeding Driver,Distracted Driver,Driveway,Pedestrian,Elderly Driver,Young Driver,Commercial Vehicle,Emergency Vehicles,Train,School Bus,Motorcycle,Bicycle,Deer,Longitude,Latitude,geom,geog,x,y
286,9909782,I 75,CLAY,2016-12-25,25,12,2016,0,1,8,1,,1,0,,2,2,4,70,1,2,4,5,0,0,0,0,true,,false,false,true,false,false,,,,,,false,false,false,,,false,false,false,false,false,-83.06272,42.37811,"{
  ""coordinates"": [
    -8.306272343200000e+01,
    4.237810397400010e+01
  ],
  ""type"": ""Point""
}","{
  ""coordinates"": [
    -83.062723432,
    42.378103974
  ],
  ""type"": ""Point""
}",-83.062723432,42.3781039740001
287,9914325,E I 96,RAMP 008J,2016-12-25,25,12,2016,23,1,5,1,,1,0,,1,1,4,55,3,2,2,5,0,0,0,0,true,,false,false,false,false,false,,,,,,false,false,true,,,false,false,false,false,false,-83.22196,42.37827,"{
  ""coordinates"": [
    -8.322196375199999e+01,
    4.237827360200000e+01
  ],
  ""type"": ""Point""
}","{
  ""coordinates"": [
    -83.221963752,
    42.378273602
  ],
  ""type"": ""Point""
}",-83.221963752,42.378273602
288,9907441,PIEDMONT,SCHOOLCRAFT,2016-12-25,25,12,2016,21,1,97,9,,,0,,2,1,5,25,1,2,0,5,0,0,0,0,true,,false,false,true,false,false,,,,,,false,false,false,,,false,false,false,false,false,-83.22967,42.38619,"{
  ""coordinates"": [
    -8.322966648399991e+01,
    4.238619399500000e+01
  ],
  ""type"": ""Point""
}","{
  ""coordinates"": [
    -83.229666484,
    42.386193995
  ],
  ""type"": ""Point""
}",-83.2296664839999,42.386193995
289,9909858,CURTIS,LIVERNOIS,2016-12-25,25,12,2016,11,1,4,9,,4,0,,2,2,1,30,4,2,3,5,0,0,0,0,true,,false,false,false,false,false,,,,,,false,false,false,,,false,false,false,false,false,-83.14127,42.4244,"{
  ""coordinates"": [
    -8.314127211800000e+01,
    4.242439633800010e+01
  ],
  ""type"": ""Point""
}","{
  ""coordinates"": [
    -83.141272118,
    42.424396338
  ],
  ""type"": ""Point""
}",-83.141272118,42.4243963380001
290,9909863,HUGHES,LINWOOD,2016-12-25,25,12,2016,13,1,1,3,,5,0,,1,2,1,25,1,1,5,4,0,0,0,2,false,,false,false,false,false,false,,,,,,false,false,false,,,false,false,false,false,false,-83.12726,42.40559,"{
  ""coordinates"": [
    -8.312725697099999e+01,
    4.240558574500010e+01
  ],
  ""type"": ""Point""
}","{
  ""coordinates"": [
    -83.127256971,
    42.405585745
  ],
  ""type"": ""Point""
}",-83.127256971,42.4055857450001
291,9904039,VAN DYKE,7 MILE,2016-12-25,25,12,2016,20,1,4,3,,1,0,,2,1,4,35,4,2,1,5,0,0,0,0,true,,true,true,true,false,false,,,,,,false,false,false,,,false,false,false,false,false,-83.02425,42.43397,"{
  ""coordinates"": [
    -8.302424816699990e+01,
    4.243396838500010e+01
  ],
  ""type"": ""Point""
}","{
  ""coordinates"": [
    -83.024248167,
    42.433968385
  ],
  ""type"": ""Point""
}",-83.0242481669999,42.4339683850001
292,9904019,2ND,LEDYARD,2016-12-25,25,12,2016,8,1,1,9,,4,0,,1,1,2,30,4,2,0,2,0,1,0,0,false,,false,false,true,false,false,,,,,,true,false,false,,,false,false,false,false,false,-83.06087,42.33961,"{
  ""coordinates"": [
    -8.306087778599991e+01,
    4.233960856100000e+01
  ],
  ""type"": ""Point""
}","{
  ""coordinates"": [
    -83.060877786,
    42.339608561
  ],
  ""type"": ""Point""
}",-83.0608777859999,42.339608561
293,9914349,I-94,SCOTTEN,2016-12-25,25,12,2016,10,1,1,1,,1,1,,2,2,1,55,3,1,1,5,0,0,0,0,true,,false,false,false,false,false,,,,,,false,false,false,,,false,false,false,false,false,-83.11064,42.34649,"{
  ""coordinates"": [
    -8.311064317099989e+01,
    4.234649328300000e+01
  ],
  ""type"": ""Point""
}","{
  ""coordinates"": [
    -83.110643171,
    42.346493283
  ],
  ""type"": ""Point""
}",-83.1106431709999,42.346493283
294,9914278,N/B M-39,JOY,2016-12-25,25,12,2016,22,1,1,3,,1,0,,2,2,4,55,3,1,6,5,0,0,0,0,true,,false,false,false,false,false,,,,,,false,false,true,,,false,false,false,false,false,-83.21639,42.35929,"{
  ""coordinates"": [
    -8.321639424400000e+01,
    4.235929509100000e+01
  ],
  ""type"": ""Point""
}","{
  ""coordinates"": [
    -83.216394244,
    42.359295091
  ],
  ""type"": ""Point""
}",-83.216394244,42.359295091
295,9914351,E I 96 CD,RAMP 135A,2016-12-25,25,12,2016,16,1,5,1,,1,0,,1,2,1,70,3,2,3,4,0,0,0,1,false,,false,false,false,false,false,,,,,,false,false,true,,,false,false,false,false,false,-83.24274,42.38468,"{
  ""coordinates"": [
    -8.324274023899990e+01,
    4.238467618900010e+01
  ],
  ""type"": ""Point""
}","{
  ""coordinates"": [
    -83.242740239,
    42.384676189
  ],
  ""type"": ""Point""
}",-83.2427402389999,42.3846761890001
296,9904968,DEQUINDER,LAWLEY,2016-12-25,25,12,2016,23,1,5,9,,4,0,,2,4,4,35,2,2,2,5,0,0,0,0,true,,false,false,false,true,false,,,,,,false,false,false,,,false,false,false,false,false,-83.07607,42.40748,"{
  ""coordinates"": [
    -8.307607648000000e+01,
    4.240748150000010e+01
  ],
  ""type"": ""Point""
}","{
  ""coordinates"": [
    -83.07607648,
    42.4074815
  ],
  ""type"": ""Point""
}",-83.07607648,42.4074815000001
297,9907418,JEFFERSON,WOODWARD,2016-12-25,25,12,2016,21,1,1,3,,1,0,,1,1,4,30,3,1,0,5,0,0,0,0,true,,false,false,true,false,false,,,,,,false,false,false,,,false,false,false,false,false,-83.04475,42.32875,"{
  ""coordinates"": [
    -8.304474322199999e+01,
    4.232875540500000e+01
  ],
  ""type"": ""Point""
}","{
  ""coordinates"": [
    -83.044743222,
    42.328755405
  ],
  ""type"": ""Point""
}",-83.044743222,42.328755405
298,9909862,STOEPEL,CHIPPEWA,2016-12-25,25,12,2016,11,1,8,9,,,0,,3,2,1,25,1,2,1,5,0,0,0,0,true,,false,false,true,false,false,,,,,,false,false,false,,,false,false,false,false,false,-83.14304,42.44131,"{
  ""coordinates"": [
    -8.314303290700001e+01,
    4.244131507400000e+01
  ],
  ""type"": ""Point""
}","{
  ""coordinates"": [
    -83.143032907,
    42.441315074
  ],
  ""type"": ""Point""
}",-83.143032907,42.441315074
299,9909740,E/B I-96,M-39,2016-12-25,25,12,2016,23,1,8,1,,1,0,,2,1,4,70,3,2,2,4,0,0,0,1,false,,false,false,false,false,false,,,,,,false,false,false,,,false,false,false,false,false,-83.22485,42.37797,"{
  ""coordinates"": [
    -8.322484566400000e+01,
    4.237796785700000e+01
  ],
  ""type"": ""Point""
}","{
  ""coordinates"": [
    -83.224845664,
    42.377967857
  ],
  ""type"": ""Point""
}",-83.224845664,42.377967857
300,9904015,WYOMING,SCHOOLCRAFT,2016-12-25,25,12,2016,14,1,1,9,,4,0,,1,2,1,30,3,2,1,3,0,0,1,0,false,,false,false,false,false,false,,,,,,true,false,true,,,false,false,false,false,false,-83.15906,42.38843,"{
  ""coordinates"": [
    -8.315905889500000e+01,
    4.238842645100000e+01
  ],
  ""type"": ""Point""
}","{
  ""coordinates"": [
    -83.159058895,
    42.388426451
  ],
  ""type"": ""Point""
}",-83.159058895,42.388426451
301,9909783,RAMP 045D,S I 75,2016-12-25,25,12,2016,0,1,5,1,,1,0,,2,2,4,45,1,2,2,5,0,0,0,0,true,,false,false,false,false,false,,,,,,false,false,false,,,false,false,false,false,false,-83.06177,42.37653,"{
  ""coordinates"": [
    -8.306176498199990e+01,
    4.237653403100010e+01
  ],
  ""type"": ""Point""
}","{
  ""coordinates"": [
    -83.061764982,
    42.376534031
  ],
  ""type"": ""Point""
}",-83.0617649819999,42.3765340310001
302,9914324,M-39,PLYMOUTH,2016-12-25,25,12,2016,21,1,8,3,,1,0,,1,1,1,55,3,4,5,3,0,0,1,0,false,,false,false,true,false,false,,,,,,false,false,true,,,false,false,false,false,false,-83.21677,42.37253,"{
  ""coordinates"": [
    -8.321677415100000e+01,
    4.237252715500010e+01
  ],
  ""type"": ""Point""
}","{
  ""coordinates"": [
    -83.216774151,
    42.372527155
  ],
  ""type"": ""Point""
}",-83.216774151,42.3725271550001
303,9904972,MONTE VISTA,7 MILE,2016-12-25,25,12,2016,20,1,2,9,,,0,,4,1,4,25,2,2,4,5,0,0,0,0,true,,false,false,true,false,false,,,,,,false,false,true,,,false,false,false,false,false,-83.1686,42.43116,"{
  ""coordinates"": [
    -8.316859972600000e+01,
    4.243115956600010e+01
  ],
  ""type"": ""Point""
}","{
  ""coordinates"": [
    -83.168599726,
    42.431159566
  ],
  ""type"": ""Point""
}",-83.168599726,42.4311595660001
304,9914276,S I 75,RAMP 037D,2016-12-25,25,12,2016,0,1,5,1,,1,0,,2,2,4,55,2,2,3,5,0,0,0,0,true,,false,false,false,false,false,,,,,,false,false,false,,,false,false,false,false,false,-83.08158,42.3329,"{
  ""coordinates"": [
    -8.308158076799999e+01,
    4.233289745900000e+01
  ],
  ""type"": ""Point""
}","{
  ""coordinates"": [
    -83.081580768,
    42.332897459
  ],
  ""type"": ""Point""
}",-83.081580768,42.332897459
305,9912858,I-75,DEARBORN,2016-12-25,25,12,2016,0,1,5,1,,1,0,,1,1,4,55,4,2,4,5,0,0,0,0,true,,false,false,false,false,false,,,,,,false,false,true,,,false,false,false,false,false,-83.12798,42.29275,"{
  ""coordinates"": [
    -8.312797293499990e+01,
    4.229275321900010e+01
  ],
  ""type"": ""Point""
}","{
  ""coordinates"": [
    -83.127972935,
    42.292753219
  ],
  ""type"": ""Point""
}",-83.1279729349999,42.2927532190001
306,9904966,BOULDER,ROSSINI,2016-12-25,25,12,2016,20,1,1,9,,,0,,4,5,4,25,2,1,0,5,0,0,0,0,true,,false,false,false,false,false,,,,,,false,false,false,,,false,false,false,false,false,-82.95356,42.44368,"{
  ""coordinates"": [
    -8.295356044700000e+01,
    4.244368321900000e+01
  ],
  ""type"": ""Point""
}","{
  ""coordinates"": [
    -82.953560447,
    42.443683219
  ],
  ""type"": ""Point""
}",-82.953560447,42.443683219
307,9904033,7 MILE,HAYES,2016-12-25,25,12,2016,0,1,4,9,,2,0,,1,5,4,30,4,2,1,4,0,0,0,1,false,,true,true,true,false,false,,,,,,false,false,true,,,false,false,false,false,false,-82.96546,42.43542,"{
  ""coordinates"": [
    -8.296546255700000e+01,
    4.243542168600000e+01
  ],
  ""type"": ""Point""
}","{
  ""coordinates"": [
    -82.965462557,
    42.435421686
  ],
  ""type"": ""Point""
}",-82.965462557,42.435421686
308,9915635,MACK,ALGONQUIN,2016-12-25,25,12,2016,18,1,4,9,,4,0,,2,1,4,35,5,2,3,4,0,0,0,2,false,,true,false,false,false,false,,,,,,false,false,false,,,false,false,false,false,false,-82.9651,42.38385,"{
  ""coordinates"": [
    -8.296510071800000e+01,
    4.238385313300010e+01
  ],
  ""type"": ""Point""
}","{
  ""coordinates"": [
    -82.965100718,
    42.383853133
  ],
  ""type"": ""Point""
}",-82.965100718,42.3838531330001
309,9908354,HEREFORD,CHANDLER PARK,2016-12-25,25,12,2016,14,1,4,9,,,0,,1,1,1,30,2,2,1,5,0,0,0,0,true,,false,false,true,false,false,,,,,,false,false,true,,,false,false,false,false,false,-82.92707,42.41359,"{
  ""coordinates"": [
    -8.292707437199989e+01,
    4.241359297300000e+01
  ],
  ""type"": ""Point""
}","{
  ""coordinates"": [
    -82.927074372,
    42.413592973
  ],
  ""type"": ""Point""
}",-82.9270743719999,42.413592973
310,9904953,SCHAEFER,PEMEBROOKE,2016-12-25,25,12,2016,22,1,97,9,,4,0,,2,2,3,35,2,2,1,5,0,0,0,0,true,,false,false,true,false,false,,,,,,false,false,false,,,false,false,false,false,false,-83.1808,42.4397,"{
  ""coordinates"": [
    -8.318080121600001e+01,
    4.243969941000010e+01
  ],
  ""type"": ""Point""
}","{
  ""coordinates"": [
    -83.180801216,
    42.43969941
  ],
  ""type"": ""Point""
}",-83.180801216,42.4396994100001
311,9904017,E I 96 CD,GRAND RIVER,2016-12-25,25,12,2016,1,1,2,1,,1,0,,2,1,4,35,4,2,2,3,0,0,1,0,false,,false,false,true,false,false,,,,,,false,false,true,,,false,false,false,false,false,-83.17576,42.38353,"{
  ""coordinates"": [
    -8.317575875199999e+01,
    4.238353314600000e+01
  ],
  ""type"": ""Point""
}","{
  ""coordinates"": [
    -83.175758752,
    42.383533146
  ],
  ""type"": ""Point""
}",-83.175758752,42.383533146
312,9907438,OUTER,SCHOOLCRAFT,2016-12-25,25,12,2016,17,1,8,9,,2,0,,2,2,3,35,6,2,5,5,0,0,0,0,true,,false,false,true,false,false,,,,,,false,false,false,,,false,false,false,false,false,-83.25641,42.38484,"{
  ""coordinates"": [
    -8.325640833900000e+01,
    4.238483764900010e+01
  ],
  ""type"": ""Point""
}","{
  ""coordinates"": [
    -83.256408339,
    42.384837649
  ],
  ""type"": ""Point""
}",-83.256408339,42.3848376490001
313,9909856,N M 39,JOY,2016-12-25,25,12,2016,23,1,5,3,,1,0,,1,1,4,0,2,2,4,4,0,0,0,3,false,,false,false,true,false,false,,,,,,false,false,false,,,false,false,false,false,false,-83.21638,42.35786,"{
  ""coordinates"": [
    -8.321638859900000e+01,
    4.235786165000010e+01
  ],
  ""type"": ""Point""
}","{
  ""coordinates"": [
    -83.216388599,
    42.35786165
  ],
  ""type"": ""Point""
}",-83.216388599,42.3578616500001
314,9914169,KEELER/JAMES COUZENS FWY,RAMP 105A,2016-12-25,25,12,2016,16,1,5,3,,4,0,,1,1,1,35,1,2,2,5,0,0,0,0,true,,false,false,false,false,false,,,,,,false,true,true,,,false,false,false,false,false,-83.16096,42.40469,"{
  ""coordinates"": [
    -8.316096789499990e+01,
    4.240469441800010e+01
  ],
  ""type"": ""Point""
}","{
  ""coordinates"": [
    -83.160967895,
    42.404694418
  ],
  ""type"": ""Point""
}",-83.1609678949999,42.4046944180001
315,9909872,CLARITA,SANTA BARBARA,2016-12-25,25,12,2016,2,1,98,9,,,3,,3,1,4,25,2,3,0,5,0,0,0,0,true,,false,false,true,false,false,,,,,,false,false,false,,,false,false,false,false,false,-83.14909,42.42966,"{
  ""coordinates"": [
    -8.314908704100000e+01,
    4.242966480200000e+01
  ],
  ""type"": ""Point""
}","{
  ""coordinates"": [
    -83.149087041,
    42.429664802
  ],
  ""type"": ""Point""
}",-83.149087041,42.429664802
316,9909861,CLARITA,NORTHLAWN,2016-12-25,25,12,2016,7,1,4,9,,,0,,3,2,2,25,1,2,2,5,0,0,0,0,true,,false,false,false,false,false,,,,,,false,true,false,,,false,false,false,false,false,-83.15422,42.4296,"{
  ""coordinates"": [
    -8.315422391399990e+01,
    4.242960219700010e+01
  ],
  ""type"": ""Point""
}","{
  ""coordinates"": [
    -83.154223914,
    42.429602197
  ],
  ""type"": ""Point""
}",-83.1542239139999,42.4296021970001
317,9908257,W I 94,RAMP 220C,2016-12-25,25,12,2016,16,1,8,1,,1,0,,1,1,1,55,3,2,1,5,0,0,0,0,true,,false,false,true,false,false,,,,,,false,false,false,,,false,false,false,false,false,-82.9976,42.39223,"{
  ""coordinates"": [
    -8.299760064600000e+01,
    4.239222727000000e+01
  ],
  ""type"": ""Point""
}","{
  ""coordinates"": [
    -82.997600646,
    42.39222727
  ],
  ""type"": ""Point""
}",-82.997600646,42.39222727
318,9907424,7 MILE,HAYES,2016-12-25,25,12,2016,0,1,4,9,,2,0,,2,1,4,35,4,2,1,5,0,0,0,0,true,,true,true,true,false,false,,,,,,false,false,true,,,false,false,false,false,false,-82.96546,42.43542,"{
  ""coordinates"": [
    -8.296546255700000e+01,
    4.243542168600000e+01
  ],
  ""type"": ""Point""
}","{
  ""coordinates"": [
    -82.965462557,
    42.435421686
  ],
  ""type"": ""Point""
}",-82.965462557,42.435421686
319,9904970,MEYERS,ST.MARTINS,2016-12-24,24,12,2016,19,7,5,9,,4,0,,2,1,4,30,2,2,0,5,0,0,0,0,true,,false,false,true,false,false,,,,,,false,false,false,,,false,false,false,false,false,-83.17091,42.43655,"{
  ""coordinates"": [
    -8.317091076900000e+01,
    4.243654483500010e+01
  ],
  ""type"": ""Point""
}","{
  ""coordinates"": [
    -83.170910769,
    42.436544835
  ],
  ""type"": ""Point""
}",-83.170910769,42.4365448350001
320,9902911,MICHIGAN,LUMLEY,2016-12-24,24,12,2016,1,7,2,2,,1,2,,2,4,4,45,4,2,0,5,0,0,0,0,true,,false,false,true,false,false,,,,,,false,false,false,,,false,false,false,false,false,-83.13927,42.33115,"{
  ""coordinates"": [
    -8.313927442100000e+01,
    4.233115395900010e+01
  ],
  ""type"": ""Point""
}","{
  ""coordinates"": [
    -83.139274421,
    42.331153959
  ],
  ""type"": ""Point""
}",-83.139274421,42.3311539590001
321,9924762,RANDOLPH,LARNED,2016-12-24,24,12,2016,2,7,8,3,,1,0,,2,4,4,25,4,2,2,5,0,0,0,0,true,,false,false,false,true,false,,,,,,false,false,true,,,false,false,false,false,false,-83.04259,42.3304,"{
  ""coordinates"": [
    -8.304258510900000e+01,
    4.233040313300010e+01
  ],
  ""type"": ""Point""
}","{
  ""coordinates"": [
    -83.042585109,
    42.330403133
  ],
  ""type"": ""Point""
}",-83.042585109,42.3304031330001
322,9904030,HARPER,HAYES,2016-12-24,24,12,2016,22,7,2,9,,4,0,,1,1,4,35,4,2,5,5,0,0,0,0,true,,false,false,false,false,false,,,,,,false,false,true,,,false,false,false,false,false,-82.96432,42.40474,"{
  ""coordinates"": [
    -8.296432415699999e+01,
    4.240473683100000e+01
  ],
  ""type"": ""Point""
}","{
  ""coordinates"": [
    -82.964324157,
    42.404736831
  ],
  ""type"": ""Point""
}",-82.964324157,42.404736831
323,9902903,MOUNT ELLIOT,THEODORE,2016-12-24,24,12,2016,0,7,8,9,,4,0,,6,4,4,0,2,4,1,5,0,0,0,0,true,,false,false,false,false,false,,,,,,false,false,true,,,false,false,false,false,false,-83.02828,42.37144,"{
  ""coordinates"": [
    -8.302828220200000e+01,
    4.237144009900000e+01
  ],
  ""type"": ""Point""
}","{
  ""coordinates"": [
    -83.028282202,
    42.371440099
  ],
  ""type"": ""Point""
}",-83.028282202,42.371440099
324,9911935,I-96,MAPLEWOOD,2016-12-24,24,12,2016,2,7,5,1,,1,0,,2,4,5,70,4,2,3,5,0,0,0,0,true,,false,false,false,false,false,,,,,,false,false,false,,,false,false,false,false,false,-83.12254,42.36127,"{
  ""coordinates"": [
    -8.312254496000000e+01,
    4.236127557600000e+01
  ],
  ""type"": ""Point""
}","{
  ""coordinates"": [
    -83.12254496,
    42.361275576
  ],
  ""type"": ""Point""
}",-83.12254496,42.361275576
325,9905058,S M 39,WARREN,2016-12-24,24,12,2016,18,7,5,3,,1,0,,2,1,3,35,5,4,5,3,0,0,1,0,false,,false,false,false,true,false,,,,,,false,false,false,,,false,false,false,false,false,-83.2162,42.34251,"{
  ""coordinates"": [
    -8.321620230100000e+01,
    4.234250648000010e+01
  ],
  ""type"": ""Point""
}","{
  ""coordinates"": [
    -83.216202301,
    42.34250648
  ],
  ""type"": ""Point""
}",-83.216202301,42.3425064800001
326,9909761,I-94,GRATIOT,2016-12-24,24,12,2016,1,7,1,1,,1,0,,2,4,4,55,3,1,1,5,0,0,0,0,true,,false,false,false,false,false,,,,,,false,false,false,,,false,false,false,false,false,-83.00147,42.39222,"{
  ""coordinates"": [
    -8.300147372899990e+01,
    4.239222445500010e+01
  ],
  ""type"": ""Point""
}","{
  ""coordinates"": [
    -83.001473729,
    42.392224455
  ],
  ""type"": ""Point""
}",-83.0014737289999,42.3922244550001
327,9904036,RIDGEWOOD,NORTHFIELD,2016-12-24,24,12,2016,22,7,98,9,,,0,,3,1,4,0,1,2,1,5,0,0,0,0,true,,false,false,true,false,false,,,,,,false,false,false,,,false,false,false,false,false,-83.13708,42.36376,"{
  ""coordinates"": [
    -8.313708118700001e+01,
    4.236375879400000e+01
  ],
  ""type"": ""Point""
}","{
  ""coordinates"": [
    -83.137081187,
    42.363758794
  ],
  ""type"": ""Point""
}",-83.137081187,42.363758794
328,9904959,HAYES,HOUSTON WHITTIER,2016-12-24,24,12,2016,23,7,5,9,,4,0,,1,1,4,0,2,2,2,5,0,0,0,0,true,,false,false,true,false,false,,,,,,false,false,false,,,false,false,false,false,false,-82.96502,42.42061,"{
  ""coordinates"": [
    -8.296502040400000e+01,
    4.242061315400010e+01
  ],
  ""type"": ""Point""
}","{
  ""coordinates"": [
    -82.965020404,
    42.420613154
  ],
  ""type"": ""Point""
}",-82.965020404,42.4206131540001
329,9909769,E I 96,DAVISON CROSSOVER,2016-12-24,24,12,2016,11,7,1,1,,1,1,,2,2,1,55,3,1,1,4,0,0,0,1,false,,false,false,false,false,false,,,,,,false,false,false,,,false,false,false,false,false,-83.15923,42.38525,"{
  ""coordinates"": [
    -8.315922771100000e+01,
    4.238524910700000e+01
  ],
  ""type"": ""Point""
}","{
  ""coordinates"": [
    -83.159227711,
    42.385249107
  ],
  ""type"": ""Point""
}",-83.159227711,42.385249107
330,9904027,GRATIOT,MCCLELLAN,2016-12-24,24,12,2016,15,7,5,3,,1,0,,2,2,1,35,7,3,31,4,0,0,0,2,false,,false,false,false,false,false,,,,,,false,false,false,,,false,false,false,false,false,-83.007,42.39044,"{
  ""coordinates"": [
    -8.300699804300000e+01,
    4.239044288500000e+01
  ],
  ""type"": ""Point""
}","{
  ""coordinates"": [
    -83.006998043,
    42.390442885
  ],
  ""type"": ""Point""
}",-83.006998043,42.390442885
331,9912861,I-96,EVERGREEN,2016-12-24,24,12,2016,7,7,1,1,,1,1,,2,2,4,70,3,1,3,5,0,0,0,0,true,,false,false,false,false,false,,,,,,false,false,false,,,false,false,false,false,false,-83.23353,42.37851,"{
  ""coordinates"": [
    -8.323352965799999e+01,
    4.237851050400010e+01
  ],
  ""type"": ""Point""
}","{
  ""coordinates"": [
    -83.233529658,
    42.378510504
  ],
  ""type"": ""Point""
}",-83.233529658,42.3785105040001
332,9902946,VAN DYKE,LANTZ,2016-12-24,24,12,2016,1,7,5,3,,1,3,,2,4,4,35,7,2,1,5,0,0,0,0,true,,false,false,false,false,false,,,,,,false,false,true,,,false,false,false,false,false,-83.02441,42.43866,"{
  ""coordinates"": [
    -8.302440335999999e+01,
    4.243865814700010e+01
  ],
  ""type"": ""Point""
}","{
  ""coordinates"": [
    -83.02440336,
    42.438658147
  ],
  ""type"": ""Point""
}",-83.02440336,42.4386581470001
333,9905967,LONYO,RAMP 211C,2016-12-24,24,12,2016,16,7,97,1,,4,0,,3,5,4,25,2,2,3,5,0,0,0,0,true,,false,false,false,false,false,,,,,,false,false,false,,,false,false,false,false,false,-83.14536,42.33171,"{
  ""coordinates"": [
    -8.314535836800000e+01,
    4.233171150500000e+01
  ],
  ""type"": ""Point""
}","{
  ""coordinates"": [
    -83.145358368,
    42.331711505
  ],
  ""type"": ""Point""
}",-83.145358368,42.331711505
334,9936709,MCNICHOLS,PATTON,2016-12-24,24,12,2016,11,7,8,9,,2,0,,2,2,1,35,2,2,4,4,0,0,0,1,false,,false,false,false,false,false,,,,,,false,false,true,,,false,false,false,false,false,-83.24471,42.41483,"{
  ""coordinates"": [
    -8.324471328700000e+01,
    4.241483033800010e+01
  ],
  ""type"": ""Point""
}","{
  ""coordinates"": [
    -83.244713287,
    42.414830338
  ],
  ""type"": ""Point""
}",-83.244713287,42.4148303380001
335,9902944,CLAIRMOUNT,WOODROW WILSON,2016-12-24,24,12,2016,14,7,5,9,,4,0,,1,1,1,30,2,2,4,4,0,0,0,1,false,,false,false,false,false,false,,,,,,false,false,false,,,false,false,false,false,false,-83.09672,42.37738,"{
  ""coordinates"": [
    -8.309671562800000e+01,
    4.237737626200000e+01
  ],
  ""type"": ""Point""
}","{
  ""coordinates"": [
    -83.096715628,
    42.377376262
  ],
  ""type"": ""Point""
}",-83.096715628,42.377376262
336,9905971,MCNICHOLS,GREENLAWN,2016-12-24,24,12,2016,11,7,4,9,,4,0,,2,5,1,35,4,2,3,3,0,0,2,1,false,,false,false,false,false,false,,,,,,false,false,false,,,false,false,false,false,false,-83.15065,42.4171,"{
  ""coordinates"": [
    -8.315065227100000e+01,
    4.241710172500010e+01
  ],
  ""type"": ""Point""
}","{
  ""coordinates"": [
    -83.150652271,
    42.417101725
  ],
  ""type"": ""Point""
}",-83.150652271,42.4171017250001
337,9941036,7 MILE,SUSSEX,2016-12-24,24,12,2016,0,7,8,9,,2,0,,2,4,4,30,4,3,3,1,1,1,0,0,false,,false,false,false,true,true,,,,,,false,true,false,,,false,false,false,false,false,-83.19604,42.43052,"{
  ""coordinates"": [
    -8.319603590799990e+01,
    4.243052002900000e+01
  ],
  ""type"": ""Point""
}","{
  ""coordinates"": [
    -83.196035908,
    42.430520029
  ],
  ""type"": ""Point""
}",-83.1960359079999,42.430520029
338,9902930,PICKFORD,EVERGREEN,2016-12-24,24,12,2016,11,7,4,9,,,0,,2,2,1,35,2,2,2,5,0,0,0,0,true,,false,false,false,false,false,,,,,,false,false,true,,,false,false,false,false,false,-83.23861,42.42448,"{
  ""coordinates"": [
    -8.323860819899990e+01,
    4.242448048100000e+01
  ],
  ""type"": ""Point""
}","{
  ""coordinates"": [
    -83.238608199,
    42.424480481
  ],
  ""type"": ""Point""
}",-83.2386081989999,42.424480481
339,9902893,PLYMOUTH,AUBURN,2016-12-24,24,12,2016,0,7,8,9,,4,0,,2,4,4,35,5,3,1,4,0,0,0,1,false,,false,false,false,true,false,,,,,,false,false,false,,,false,false,false,false,false,-83.23409,42.37192,"{
  ""coordinates"": [
    -8.323408684799990e+01,
    4.237191856900010e+01
  ],
  ""type"": ""Point""
}","{
  ""coordinates"": [
    -83.234086848,
    42.371918569
  ],
  ""type"": ""Point""
}",-83.2340868479999,42.3719185690001
340,9909781,N M 39,GRAND RIVER,2016-12-24,24,12,2016,19,7,5,3,,1,0,,2,1,4,55,3,2,2,5,0,0,0,0,true,,false,false,false,false,false,,,,,,false,false,true,,,false,false,false,false,false,-83.21819,42.4004,"{
  ""coordinates"": [
    -8.321819400299999e+01,
    4.240040376900000e+01
  ],
  ""type"": ""Point""
}","{
  ""coordinates"": [
    -83.218194003,
    42.400403769
  ],
  ""type"": ""Point""
}",-83.218194003,42.400403769
341,9902949,MOUND,8 MILE,2016-12-24,24,12,2016,19,7,5,3,,,0,,2,1,5,35,4,2,1,5,0,0,0,0,true,,false,false,true,false,false,,,,,,false,false,false,,,false,false,false,false,false,-83.04427,42.44777,"{
  ""coordinates"": [
    -8.304427346900000e+01,
    4.244776390500000e+01
  ],
  ""type"": ""Point""
}","{
  ""coordinates"": [
    -83.044273469,
    42.447763905
  ],
  ""type"": ""Point""
}",-83.044273469,42.447763905
342,9909815,GRATIOT,MCCLELLAN,2016-12-24,24,12,2016,14,7,5,3,,1,0,,1,1,1,35,7,3,4,5,0,0,0,0,true,,false,false,true,false,false,,,,,,false,false,false,,,false,false,false,false,false,-83.00703,42.39039,"{
  ""coordinates"": [
    -8.300703268500000e+01,
    4.239039042200010e+01
  ],
  ""type"": ""Point""
}","{
  ""coordinates"": [
    -83.007032685,
    42.390390422
  ],
  ""type"": ""Point""
}",-83.007032685,42.3903904220001