ObjectId,Crash ID,Primary Road,Intersecting Road,Crash Date,Day,Month,Year,Hour,Weekday,Crash Type Code,Highway Classification Code,Community Code,Jurisdiction Code,Lane Departure Type Code,Surface Type,Road Condition,Weather Condition,Lighting Condition,Speed Limit,Lanes,Units,Occupants,Most Severe Injury,Fatal Injuries,Suspected Serious Injuries,Suspected Minor Injuries,Possible Injuries,Property Damage Only,Secondary Crash,Traffic Control,Red Light Run,Hit and Run,Alcohol,Drugs,Unbelted Person,Work Zone,Speeding Driver,Distracted Driver,Driveway,Pedestrian,Elderly Driver,Young Driver,Commercial Vehicle,Emergency Vehicles,Train,School Bus,Motorcycle,Bicycle,Deer,Longitude,Latitude,geom,geog,x,y
343,9908371,OUTER,RAMP 221D,2016-12-24,24,12,2016,9,7,8,1,,2,3,,2,1,1,35,6,2,1,5,0,0,0,0,true,,false,false,false,false,false,,,,,,false,false,false,,,false,false,false,false,false,-82.96021,42.40538,"{
  ""coordinates"": [
    -8.296021508900000e+01,
    4.240538458600000e+01
  ],
  ""type"": ""Point""
}","{
  ""coordinates"": [
    -82.960215089,
    42.405384586
  ],
  ""type"": ""Point""
}",-82.960215089,42.405384586
344,9905966,FORT,SCHAEFER,2016-12-24,24,12,2016,19,7,1,3,,1,1,,2,2,4,45,4,1,1,1,1,0,0,0,false,,false,false,false,false,false,,,,,,false,false,false,,,false,false,false,false,false,-83.15481,42.27655,"{
  ""coordinates"": [
    -8.315480619999990e+01,
    4.227655329100000e+01
  ],
  ""type"": ""Point""
}","{
  ""coordinates"": [
    -83.1548062,
    42.276553291
  ],
  ""type"": ""Point""
}",-83.1548061999999,42.276553291
345,9902974,GRAND RIVER,GRAND,2016-12-24,24,12,2016,5,7,1,3,,1,0,,4,5,1,35,2,1,1,5,0,0,0,0,true,,false,false,false,false,false,,,,,,false,false,false,,,false,false,false,false,false,-83.10941,42.3568,"{
  ""coordinates"": [
    -8.310941537600000e+01,
    4.235680109700010e+01
  ],
  ""type"": ""Point""
}","{
  ""coordinates"": [
    -83.109415376,
    42.356801097
  ],
  ""type"": ""Point""
}",-83.109415376,42.3568010970001
346,9902948,CONANT,WINCHESTER,2016-12-24,24,12,2016,12,7,4,9,,4,0,,2,1,1,35,3,2,3,5,0,0,0,0,true,,false,false,true,false,false,,,,,,false,false,false,,,false,false,false,false,false,-83.08244,42.44513,"{
  ""coordinates"": [
    -8.308243886199990e+01,
    4.244513246200010e+01
  ],
  ""type"": ""Point""
}","{
  ""coordinates"": [
    -83.082438862,
    42.445132462
  ],
  ""type"": ""Point""
}",-83.0824388619999,42.4451324620001
347,9928288,I 94,RUSSELL,2016-12-24,24,12,2016,16,7,8,1,,1,0,,2,2,4,55,3,2,4,5,0,0,0,0,true,,false,false,false,false,false,,,,,,false,false,false,,,false,false,false,false,false,-83.05686,42.36923,"{
  ""coordinates"": [
    -8.305686155099990e+01,
    4.236922995200010e+01
  ],
  ""type"": ""Point""
}","{
  ""coordinates"": [
    -83.056861551,
    42.369229952
  ],
  ""type"": ""Point""
}",-83.0568615509999,42.3692299520001
348,9904024,CALVARY,CHRISTIANCY,2016-12-24,24,12,2016,1,7,1,9,,,0,,3,4,4,25,2,2,0,4,0,0,0,1,false,,false,false,true,false,false,,,,,,true,false,false,,,false,false,false,false,false,-83.10396,42.31391,"{
  ""coordinates"": [
    -8.310395533699990e+01,
    4.231390937300010e+01
  ],
  ""type"": ""Point""
}","{
  ""coordinates"": [
    -83.103955337,
    42.313909373
  ],
  ""type"": ""Point""
}",-83.1039553369999,42.3139093730001
349,9902886,STOUT,VAN BUREN,2016-12-24,24,12,2016,0,7,98,9,,,0,,3,4,5,25,2,2,2,5,0,0,0,0,true,,false,false,true,true,false,,,,,,false,false,true,,,false,false,false,false,false,-83.23952,42.35526,"{
  ""coordinates"": [
    -8.323951951200000e+01,
    4.235526362900000e+01
  ],
  ""type"": ""Point""
}","{
  ""coordinates"": [
    -83.239519512,
    42.355263629
  ],
  ""type"": ""Point""
}",-83.239519512,42.355263629
350,9904018,PALLISTER,POE,2016-12-24,24,12,2016,21,7,3,9,,,0,,1,1,4,25,2,2,3,5,0,0,0,0,true,,false,false,true,false,false,,,,,,false,false,false,,,false,false,false,false,false,-83.08875,42.36853,"{
  ""coordinates"": [
    -8.308875535599999e+01,
    4.236853169100000e+01
  ],
  ""type"": ""Point""
}","{
  ""coordinates"": [
    -83.088755356,
    42.368531691
  ],
  ""type"": ""Point""
}",-83.088755356,42.368531691
351,9907426,ALTER,WAVENEY,2016-12-24,24,12,2016,20,7,4,9,,4,0,,1,1,4,30,2,2,3,3,0,0,2,1,false,,false,false,false,false,false,,,,,,false,false,false,,,false,false,false,false,false,-82.95084,42.39201,"{
  ""coordinates"": [
    -8.295084242999999e+01,
    4.239200609600000e+01
  ],
  ""type"": ""Point""
}","{
  ""coordinates"": [
    -82.95084243,
    42.392006096
  ],
  ""type"": ""Point""
}",-82.95084243,42.392006096
352,9928287,M-10,GRAND RIVER,2016-12-24,24,12,2016,13,7,1,3,,1,1,,2,2,1,55,3,1,1,5,0,0,0,0,true,,false,false,false,false,false,,,,,,false,false,true,,,false,false,false,false,false,-83.06603,42.33898,"{
  ""coordinates"": [
    -8.306602878699989e+01,
    4.233898168000010e+01
  ],
  ""type"": ""Point""
}","{
  ""coordinates"": [
    -83.066028787,
    42.33898168
  ],
  ""type"": ""Point""
}",-83.0660287869999,42.3389816800001
353,9904035,GLADSTONE,HOLMUR,2016-12-24,24,12,2016,6,7,98,9,,,0,,3,1,1,25,1,2,1,5,0,0,0,0,true,,false,false,true,false,false,,,,,,false,true,false,,,false,false,false,false,false,-83.11835,42.36652,"{
  ""coordinates"": [
    -8.311835310600000e+01,
    4.236652209700000e+01
  ],
  ""type"": ""Point""
}","{
  ""coordinates"": [
    -83.118353106,
    42.366522097
  ],
  ""type"": ""Point""
}",-83.118353106,42.366522097
354,9902947,MCNICHOLS,N I 75 SERVICE DRIVE,2016-12-24,24,12,2016,9,7,1,1,,2,1,,2,1,1,35,9,1,4,4,0,0,0,3,false,,false,false,false,false,false,,,,,,false,false,false,,,false,false,false,false,false,-83.087,42.41812,"{
  ""coordinates"": [
    -8.308699771600000e+01,
    4.241811875300000e+01
  ],
  ""type"": ""Point""
}","{
  ""coordinates"": [
    -83.086997716,
    42.418118753
  ],
  ""type"": ""Point""
}",-83.086997716,42.418118753
355,9902943,LAWRENCE,WILDEMERE,2016-12-24,24,12,2016,10,7,1,9,,,1,,3,1,1,25,1,1,0,5,0,0,0,0,true,,false,false,true,false,false,,,,,,false,false,false,,,false,false,false,false,false,-83.11898,42.37937,"{
  ""coordinates"": [
    -8.311897769300001e+01,
    4.237936945700010e+01
  ],
  ""type"": ""Point""
}","{
  ""coordinates"": [
    -83.118977693,
    42.379369457
  ],
  ""type"": ""Point""
}",-83.118977693,42.3793694570001
356,9915639,MOROSS,E I 94,2016-12-24,24,12,2016,9,7,4,9,,2,0,,4,5,1,35,3,2,3,4,0,0,0,1,false,,false,false,false,false,false,,,,,,false,false,false,,,false,false,false,false,false,-82.92854,42.4247,"{
  ""coordinates"": [
    -8.292853669000000e+01,
    4.242469934800000e+01
  ],
  ""type"": ""Point""
}","{
  ""coordinates"": [
    -82.92853669,
    42.424699348
  ],
  ""type"": ""Point""
}",-82.92853669,42.424699348
357,9902896,METTETAL,KENDALL,2016-12-24,24,12,2016,17,7,9,9,,,2,,6,1,5,25,2,2,2,4,0,0,0,2,false,,false,false,false,false,false,,,,,,false,false,true,,,false,false,false,false,false,-83.20689,42.3895,"{
  ""coordinates"": [
    -8.320689155600000e+01,
    4.238950207300010e+01
  ],
  ""type"": ""Point""
}","{
  ""coordinates"": [
    -83.206891556,
    42.389502073
  ],
  ""type"": ""Point""
}",-83.206891556,42.3895020730001
358,9905961,NEWBERRY,CAMPBELL,2016-12-24,24,12,2016,4,7,5,9,,,0,,1,1,4,25,1,2,0,5,0,0,0,0,true,,false,false,true,false,false,,,,,,false,false,false,,,false,false,false,false,false,-83.1046,42.3177,"{
  ""coordinates"": [
    -8.310459950500000e+01,
    4.231770445900000e+01
  ],
  ""type"": ""Point""
}","{
  ""coordinates"": [
    -83.104599505,
    42.317704459
  ],
  ""type"": ""Point""
}",-83.104599505,42.317704459
359,9908355,MOROSS,ROSSITER,2016-12-24,24,12,2016,10,7,4,9,,2,0,,2,4,1,35,2,2,2,5,0,0,0,0,true,,false,false,false,false,false,,,,,,false,false,false,,,false,false,false,false,false,-82.94469,42.43092,"{
  ""coordinates"": [
    -8.294468895999999e+01,
    4.243091998400010e+01
  ],
  ""type"": ""Point""
}","{
  ""coordinates"": [
    -82.94468896,
    42.430919984
  ],
  ""type"": ""Point""
}",-82.94468896,42.4309199840001
360,9909768,I 75,DEARBORN,2016-12-24,24,12,2016,11,7,4,1,,1,0,,2,2,1,70,4,2,3,4,0,0,0,2,false,,false,false,false,false,false,,,,,,false,false,false,,,false,false,false,false,false,-83.13519,42.28854,"{
  ""coordinates"": [
    -8.313518831999990e+01,
    4.228853859200010e+01
  ],
  ""type"": ""Point""
}","{
  ""coordinates"": [
    -83.13518832,
    42.288538592
  ],
  ""type"": ""Point""
}",-83.1351883199999,42.2885385920001
361,9902917,MCNICHOLS,GORE,2016-12-24,24,12,2016,12,7,6,9,,2,0,,2,2,1,35,4,2,2,5,0,0,0,0,true,,false,false,true,false,false,,,,,,false,true,false,,,false,false,false,false,false,-83.26566,42.41476,"{
  ""coordinates"": [
    -8.326565241500001e+01,
    4.241476385600000e+01
  ],
  ""type"": ""Point""
}","{
  ""coordinates"": [
    -83.265652415,
    42.414763856
  ],
  ""type"": ""Point""
}",-83.265652415,42.414763856
362,9902898,WARREN,FORRER,2016-12-24,24,12,2016,20,7,5,9,,2,0,,2,1,3,35,4,2,1,5,0,0,0,0,true,,false,false,true,false,false,,,,,,false,false,false,,,false,false,false,false,false,-83.20029,42.34361,"{
  ""coordinates"": [
    -8.320029037700000e+01,
    4.234361195200010e+01
  ],
  ""type"": ""Point""
}","{
  ""coordinates"": [
    -83.200290377,
    42.343611952
  ],
  ""type"": ""Point""
}",-83.200290377,42.3436119520001
363,9904028,GREENFIELD,CHALFONTE,2016-12-24,24,12,2016,23,7,4,9,,2,0,,1,1,4,35,5,2,1,5,0,0,0,0,true,,false,false,true,false,false,,,,,,false,false,false,,,false,false,false,false,false,-83.19863,42.39932,"{
  ""coordinates"": [
    -8.319863146599990e+01,
    4.239931759800000e+01
  ],
  ""type"": ""Point""
}","{
  ""coordinates"": [
    -83.198631466,
    42.399317598
  ],
  ""type"": ""Point""
}",-83.1986314659999,42.399317598
364,9934004,W I 94,RAMP 216H,2016-12-24,24,12,2016,9,7,1,1,,1,1,,2,2,1,55,3,1,1,1,1,0,0,0,false,,false,false,false,false,false,,,,,,false,false,false,,,false,false,false,false,false,-83.05975,42.36768,"{
  ""coordinates"": [
    -8.305975611900000e+01,
    4.236768042200000e+01
  ],
  ""type"": ""Point""
}","{
  ""coordinates"": [
    -83.059756119,
    42.367680422
  ],
  ""type"": ""Point""
}",-83.059756119,42.367680422
365,9904022,VERNOR,CLARKDALE,2016-12-24,24,12,2016,5,7,1,9,,4,1,,2,1,4,35,4,1,1,5,0,0,0,0,true,,false,false,false,false,false,,,,,,false,false,true,,,false,false,false,false,false,-83.09464,42.32074,"{
  ""coordinates"": [
    -8.309464644799991e+01,
    4.232073905200010e+01
  ],
  ""type"": ""Point""
}","{
  ""coordinates"": [
    -83.094646448,
    42.320739052
  ],
  ""type"": ""Point""
}",-83.0946464479999,42.3207390520001
366,9902895,PLYMOUTH,AUBURN,2016-12-24,24,12,2016,1,7,8,9,,4,0,,2,4,4,35,5,2,0,5,0,0,0,0,true,,false,false,true,false,false,,,,,,false,false,false,,,false,false,false,false,false,-83.23352,42.37193,"{
  ""coordinates"": [
    -8.323352157799999e+01,
    4.237192897000010e+01
  ],
  ""type"": ""Point""
}","{
  ""coordinates"": [
    -83.233521578,
    42.37192897
  ],
  ""type"": ""Point""
}",-83.233521578,42.3719289700001
367,9912908,UNIVERSITY,CHANDLER PARK,2016-12-23,23,12,2016,14,6,4,9,,,0,,1,1,1,0,2,2,2,5,0,0,0,0,true,,false,false,false,false,false,,,,,,false,false,true,,,false,false,false,false,false,-82.92564,42.41367,"{
  ""coordinates"": [
    -8.292563664399999e+01,
    4.241367137700010e+01
  ],
  ""type"": ""Point""
}","{
  ""coordinates"": [
    -82.925636644,
    42.413671377
  ],
  ""type"": ""Point""
}",-82.925636644,42.4136713770001
368,9912872,M-39FWY,JOY,2016-12-23,23,12,2016,15,6,5,3,,1,0,,1,1,1,55,3,2,2,5,0,0,0,0,true,,false,false,false,false,false,,,,,,false,false,false,,,false,false,false,false,false,-83.21603,42.34337,"{
  ""coordinates"": [
    -8.321603620300000e+01,
    4.234336840300010e+01
  ],
  ""type"": ""Point""
}","{
  ""coordinates"": [
    -83.216036203,
    42.343368403
  ],
  ""type"": ""Point""
}",-83.216036203,42.3433684030001
369,9902892,MCNICHOLS,TELEGRAPH,2016-12-23,23,12,2016,22,6,6,2,,2,0,,2,5,4,45,4,2,3,5,0,0,0,0,true,,false,false,false,false,false,,,,,,false,true,false,,,false,false,false,false,false,-83.27711,42.41453,"{
  ""coordinates"": [
    -8.327711116300000e+01,
    4.241453181100010e+01
  ],
  ""type"": ""Point""
}","{
  ""coordinates"": [
    -83.277111163,
    42.414531811
  ],
  ""type"": ""Point""
}",-83.277111163,42.4145318110001
370,9902899,GRATIOT,VAN DYKE,2016-12-23,23,12,2016,8,6,4,3,,1,0,,1,1,2,45,4,2,3,5,0,0,0,0,true,,false,false,false,false,false,,,,,,false,true,false,,,false,false,false,false,false,-83.01468,42.37882,"{
  ""coordinates"": [
    -8.301467939699999e+01,
    4.237882128200000e+01
  ],
  ""type"": ""Point""
}","{
  ""coordinates"": [
    -83.014679397,
    42.378821282
  ],
  ""type"": ""Point""
}",-83.014679397,42.378821282
371,9902945,VAN DYKE,7 MILE,2016-12-23,23,12,2016,23,6,5,3,,1,0,,2,4,5,35,7,2,2,5,0,0,0,0,true,,false,false,true,false,false,,,,,,false,false,false,,,false,false,false,false,false,-83.02424,42.43369,"{
  ""coordinates"": [
    -8.302423765200000e+01,
    4.243369137800000e+01
  ],
  ""type"": ""Point""
}","{
  ""coordinates"": [
    -83.024237652,
    42.433691378
  ],
  ""type"": ""Point""
}",-83.024237652,42.433691378
372,9911916,I-75,SCHAEFER,2016-12-23,23,12,2016,22,6,1,1,,1,1,,2,4,4,70,4,1,1,5,0,0,0,0,true,,false,false,false,false,false,,,,,,false,false,true,,,false,false,false,false,false,-83.15511,42.27774,"{
  ""coordinates"": [
    -8.315510936999991e+01,
    4.227773947900000e+01
  ],
  ""type"": ""Point""
}","{
  ""coordinates"": [
    -83.15510937,
    42.277739479
  ],
  ""type"": ""Point""
}",-83.1551093699999,42.277739479
373,9902885,GREENFIELD,FENKELL,2016-12-23,23,12,2016,22,6,4,9,,2,0,,2,4,4,35,4,2,3,5,0,0,0,0,true,,false,false,true,false,false,,,,,,false,false,true,,,false,false,false,false,false,-83.19871,42.40192,"{
  ""coordinates"": [
    -8.319870762300000e+01,
    4.240191600700010e+01
  ],
  ""type"": ""Point""
}","{
  ""coordinates"": [
    -83.198707623,
    42.401916007
  ],
  ""type"": ""Point""
}",-83.198707623,42.4019160070001
374,9902866,BROOKLYN,MICHIGAN,2016-12-23,23,12,2016,12,6,9,2,,,0,,2,2,1,25,3,3,2,5,0,0,0,0,true,,false,false,true,false,false,,,,,,false,false,false,,,false,false,false,false,false,-83.06359,42.33128,"{
  ""coordinates"": [
    -8.306359172000001e+01,
    4.233127825000000e+01
  ],
  ""type"": ""Point""
}","{
  ""coordinates"": [
    -83.06359172,
    42.33127825
  ],
  ""type"": ""Point""
}",-83.06359172,42.33127825
375,9902861,COMMONWELTH,CANFIELD,2016-12-23,23,12,2016,12,6,5,9,,,0,,1,1,1,25,2,2,2,5,0,0,0,0,true,,false,false,false,false,false,,,,,,false,false,false,,,false,false,false,false,false,-83.07764,42.3477,"{
  ""coordinates"": [
    -8.307764310499989e+01,
    4.234769740400000e+01
  ],
  ""type"": ""Point""
}","{
  ""coordinates"": [
    -83.077643105,
    42.347697404
  ],
  ""type"": ""Point""
}",-83.0776431049999,42.347697404
376,9904032,SCHOENHERR,LINHURST,2016-12-23,23,12,2016,17,6,5,9,,4,0,,2,2,1,0,2,2,0,5,0,0,0,0,true,,false,false,true,false,false,,,,,,false,false,false,,,false,false,false,false,false,-82.98496,42.4311,"{
  ""coordinates"": [
    -8.298496331800000e+01,
    4.243109892900000e+01
  ],
  ""type"": ""Point""
}","{
  ""coordinates"": [
    -82.984963318,
    42.431098929
  ],
  ""type"": ""Point""
}",-82.984963318,42.431098929
377,9912893,M-10,HIGHLAND,2016-12-23,23,12,2016,13,6,5,9,,,0,,1,2,1,55,4,2,2,3,0,0,1,0,false,,false,false,false,false,false,,,,,,false,false,true,,,false,false,false,false,false,-83.10433,42.39134,"{
  ""coordinates"": [
    -8.310432992200001e+01,
    4.239133992200000e+01
  ],
  ""type"": ""Point""
}","{
  ""coordinates"": [
    -83.104329922,
    42.391339922
  ],
  ""type"": ""Point""
}",-83.104329922,42.391339922
378,9902953,LIVERNOIS,CURTIS,2016-12-23,23,12,2016,12,6,8,9,,4,0,,4,2,1,30,2,2,1,5,0,0,0,0,true,,false,false,false,false,false,,,,,,false,true,false,,,false,false,false,false,false,-83.1413,42.42495,"{
  ""coordinates"": [
    -8.314129709699991e+01,
    4.242494523100000e+01
  ],
  ""type"": ""Point""
}","{
  ""coordinates"": [
    -83.141297097,
    42.424945231
  ],
  ""type"": ""Point""
}",-83.1412970969999,42.424945231
379,9902883,OUTER,GREENFIELD,2016-12-23,23,12,2016,16,6,5,9,,2,0,,7,5,1,35,5,2,2,4,0,0,0,2,false,,false,false,false,false,false,,,,,,false,false,false,,,false,false,false,false,false,-83.19949,42.41946,"{
  ""coordinates"": [
    -8.319949648900000e+01,
    4.241946270300010e+01
  ],
  ""type"": ""Point""
}","{
  ""coordinates"": [
    -83.199496489,
    42.419462703
  ],
  ""type"": ""Point""
}",-83.199496489,42.4194627030001
380,9902958,WYOMING,MCNICHOLS,2016-12-23,23,12,2016,8,6,5,9,,4,0,,1,2,1,30,4,2,3,5,0,0,0,0,true,,false,false,false,false,false,,,,,,false,false,false,,,false,false,false,false,false,-83.16026,42.41583,"{
  ""coordinates"": [
    -8.316026555099999e+01,
    4.241583103600000e+01
  ],
  ""type"": ""Point""
}","{
  ""coordinates"": [
    -83.160265551,
    42.415831036
  ],
  ""type"": ""Point""
}",-83.160265551,42.415831036
381,9902878,GRAND,NORFOLK SOUTHERN RAILWAY,2016-12-23,23,12,2016,10,6,98,9,,4,0,,6,98,98,25,2,2,0,5,0,0,0,0,true,,false,false,true,false,false,,,,,,false,false,false,,,false,false,false,false,false,-83.08183,42.3127,"{
  ""coordinates"": [
    -8.308183495700000e+01,
    4.231270130800000e+01
  ],
  ""type"": ""Point""
}","{
  ""coordinates"": [
    -83.081834957,
    42.312701308
  ],
  ""type"": ""Point""
}",-83.081834957,42.312701308
382,9918677,MOUNT ELLIOTT,E I 94,2016-12-23,23,12,2016,0,6,4,9,,4,0,,1,1,4,35,4,2,2,5,0,0,0,0,true,,false,false,false,false,false,,,,,,false,false,true,,,false,false,false,false,false,-83.03379,42.37922,"{
  ""coordinates"": [
    -8.303379257800000e+01,
    4.237922410300010e+01
  ],
  ""type"": ""Point""
}","{
  ""coordinates"": [
    -83.033792578,
    42.379224103
  ],
  ""type"": ""Point""
}",-83.033792578,42.3792241030001
383,9902926,SUNDERLAND,VASSAR,2016-12-23,23,12,2016,23,6,4,9,,,0,,6,4,4,25,2,2,1,5,0,0,0,0,true,,false,false,true,false,false,,,,,,false,false,false,,,false,false,false,false,false,-83.22922,42.43319,"{
  ""coordinates"": [
    -8.322921952599999e+01,
    4.243318557100010e+01
  ],
  ""type"": ""Point""
}","{
  ""coordinates"": [
    -83.229219526,
    42.433185571
  ],
  ""type"": ""Point""
}",-83.229219526,42.4331855710001
384,9909758,I-96,TIREMAN,2016-12-23,23,12,2016,20,6,5,1,,1,0,,2,4,5,55,4,2,2,5,0,0,0,0,true,,false,false,true,false,false,,,,,,false,false,false,,,false,false,false,false,false,-83.11508,42.35794,"{
  ""coordinates"": [
    -8.311508292300000e+01,
    4.235794043200010e+01
  ],
  ""type"": ""Point""
}","{
  ""coordinates"": [
    -83.115082923,
    42.357940432
  ],
  ""type"": ""Point""
}",-83.115082923,42.3579404320001
385,9914347,I 75,HOLBROOK,2016-12-23,23,12,2016,11,6,8,1,,1,0,,1,1,1,55,4,2,1,5,0,0,0,0,true,,false,false,true,false,false,,,,,,false,false,false,,,false,false,false,false,false,-83.06728,42.38533,"{
  ""coordinates"": [
    -8.306727769900000e+01,
    4.238533232100010e+01
  ],
  ""type"": ""Point""
}","{
  ""coordinates"": [
    -83.067277699,
    42.385332321
  ],
  ""type"": ""Point""
}",-83.067277699,42.3853323210001
386,9902876,SALLIOTTE,ETHEL,2016-12-23,23,12,2016,15,6,4,9,,,0,,2,2,1,25,1,2,2,5,0,0,0,0,true,,false,false,false,false,false,,,,,,false,false,true,,,false,false,false,false,false,-83.16032,42.25804,"{
  ""coordinates"": [
    -8.316031995899991e+01,
    4.225803892300010e+01
  ],
  ""type"": ""Point""
}","{
  ""coordinates"": [
    -83.160319959,
    42.258038923
  ],
  ""type"": ""Point""
}",-83.1603199589999,42.2580389230001
387,9901416,WYOMING,JOY,2016-12-23,23,12,2016,4,6,5,9,,4,0,,2,1,4,30,4,3,0,5,0,0,0,0,true,,false,false,false,false,false,,,,,,false,false,false,,,false,false,false,false,false,-83.15796,42.3591,"{
  ""coordinates"": [
    -8.315796081500000e+01,
    4.235909698400010e+01
  ],
  ""type"": ""Point""
}","{
  ""coordinates"": [
    -83.157960815,
    42.359096984
  ],
  ""type"": ""Point""
}",-83.157960815,42.3590969840001
388,9902942,COLLINGWOOD,MARTINDALE,2016-12-23,23,12,2016,8,6,5,9,,,3,,98,98,98,30,3,2,1,5,0,0,0,0,true,,false,false,false,false,false,,,,,,false,false,false,,,false,true,false,false,false,-83.12963,42.37428,"{
  ""coordinates"": [
    -8.312962914500000e+01,
    4.237427916400000e+01
  ],
  ""type"": ""Point""
}","{
  ""coordinates"": [
    -83.129629145,
    42.374279164
  ],
  ""type"": ""Point""
}",-83.129629145,42.374279164
389,9904025,BAGLEY,17TH,2016-12-23,23,12,2016,10,6,8,9,,4,0,,4,2,1,30,2,2,1,5,0,0,0,0,true,,false,false,false,false,false,,,,,,false,false,false,,,false,false,false,false,false,-83.07677,42.32582,"{
  ""coordinates"": [
    -8.307677833299989e+01,
    4.232582110300010e+01
  ],
  ""type"": ""Point""
}","{
  ""coordinates"": [
    -83.076778333,
    42.325821103
  ],
  ""type"": ""Point""
}",-83.0767783329999,42.3258211030001
390,9917301,PARKSIDE,CURTIS,2016-12-23,23,12,2016,10,6,98,9,,,0,,1,2,1,30,2,2,1,5,0,0,0,0,true,,false,false,true,false,false,,,,,,false,false,false,,,false,false,false,false,false,-83.13197,42.42431,"{
  ""coordinates"": [
    -8.313196218000000e+01,
    4.242431125100010e+01
  ],
  ""type"": ""Point""
}","{
  ""coordinates"": [
    -83.13196218,
    42.424311251
  ],
  ""type"": ""Point""
}",-83.13196218,42.4243112510001
391,9970030,I-94,JOHN L,2016-12-23,23,12,2016,18,6,8,1,,1,0,,2,4,3,45,3,2,2,5,0,0,0,0,true,,false,false,false,false,false,,,,,,false,true,false,,,false,false,false,false,false,-83.05081,42.37287,"{
  ""coordinates"": [
    -8.305080900699990e+01,
    4.237286769000010e+01
  ],
  ""type"": ""Point""
}","{
  ""coordinates"": [
    -83.050809007,
    42.37286769
  ],
  ""type"": ""Point""
}",-83.0508090069999,42.3728676900001
392,9902931,7 MILE,OUTER,2016-12-23,23,12,2016,13,6,8,9,,2,0,,2,2,1,35,6,2,4,5,0,0,0,0,true,,false,false,true,false,false,,,,,,false,false,false,,,false,false,false,false,false,-83.17561,42.43117,"{
  ""coordinates"": [
    -8.317560828400001e+01,
    4.243116675700000e+01
  ],
  ""type"": ""Point""
}","{
  ""coordinates"": [
    -83.175608284,
    42.431166757
  ],
  ""type"": ""Point""
}",-83.175608284,42.431166757
393,9911933,I-94,MOROSS,2016-12-23,23,12,2016,18,6,5,1,,1,0,,1,1,4,55,3,2,3,5,0,0,0,0,true,,false,false,false,false,false,,,,,,false,false,true,,,false,false,false,false,false,-82.92988,42.42321,"{
  ""coordinates"": [
    -8.292987460300000e+01,
    4.242320888700000e+01
  ],
  ""type"": ""Point""
}","{
  ""coordinates"": [
    -82.929874603,
    42.423208887
  ],
  ""type"": ""Point""
}",-82.929874603,42.423208887
394,9909756,RAMP 215F,RAMP 215B,2016-12-23,23,12,2016,3,6,1,1,,1,1,,2,2,4,55,1,1,1,5,0,0,0,0,true,,false,false,false,false,false,,,,,,false,false,false,,,false,false,false,false,false,-83.077,42.36033,"{
  ""coordinates"": [
    -8.307700342999991e+01,
    4.236032799700010e+01
  ],
  ""type"": ""Point""
}","{
  ""coordinates"": [
    -83.07700343,
    42.360327997
  ],
  ""type"": ""Point""
}",-83.0770034299999,42.3603279970001
395,9901412,GRATIOT,CHENE,2016-12-23,23,12,2016,1,6,5,3,,1,0,,3,5,4,35,3,2,3,5,0,0,0,0,true,,false,false,false,false,false,,,,,,false,false,true,,,false,false,false,false,false,-83.03201,42.35254,"{
  ""coordinates"": [
    -8.303200375199999e+01,
    4.235254354100000e+01
  ],
  ""type"": ""Point""
}","{
  ""coordinates"": [
    -83.032003752,
    42.352543541
  ],
  ""type"": ""Point""
}",-83.032003752,42.352543541
396,9902867,FORT,SPRINGWELLS,2016-12-23,23,12,2016,10,6,4,3,,1,0,,3,2,1,35,4,2,2,5,0,0,0,0,true,,true,true,false,false,false,,,,,,false,false,false,,,false,false,false,false,false,-83.11919,42.30019,"{
  ""coordinates"": [
    -8.311919338300000e+01,
    4.230019172400010e+01
  ],
  ""type"": ""Point""
}","{
  ""coordinates"": [
    -83.119193383,
    42.300191724
  ],
  ""type"": ""Point""
}",-83.119193383,42.3001917240001
397,9902884,7 MILE,GREENVIEW,2016-12-23,23,12,2016,15,6,5,9,,2,0,,4,5,1,35,4,2,2,4,0,0,0,2,false,,false,false,false,false,false,,,,,,false,true,false,,,false,false,false,false,false,-83.2255,42.4299,"{
  ""coordinates"": [
    -8.322549919900000e+01,
    4.242989909500010e+01
  ],
  ""type"": ""Point""
}","{
  ""coordinates"": [
    -83.225499199,
    42.429899095
  ],
  ""type"": ""Point""
}",-83.225499199,42.4298990950001
398,9902919,OUTER,N M 39,2016-12-23,23,12,2016,10,6,4,9,,2,0,,2,2,1,45,8,2,5,5,0,0,0,0,true,,false,false,false,false,false,,,,,,false,false,true,,,false,false,false,false,false,-83.21888,42.41927,"{
  ""coordinates"": [
    -8.321888004499991e+01,
    4.241926463300010e+01
  ],
  ""type"": ""Point""
}","{
  ""coordinates"": [
    -83.218880045,
    42.419264633
  ],
  ""type"": ""Point""
}",-83.2188800449999,42.4192646330001
399,9902941,GRAND RIVER,GRAND,2016-12-23,23,12,2016,11,6,8,3,,1,0,,98,98,98,30,3,2,2,5,0,0,0,0,true,,false,false,false,false,false,,,,,,false,false,false,,,false,false,false,false,false,-83.1095,42.35683,"{
  ""coordinates"": [
    -8.310949960999990e+01,
    4.235683471900010e+01
  ],
  ""type"": ""Point""
}","{
  ""coordinates"": [
    -83.10949961,
    42.356834719
  ],
  ""type"": ""Point""
}",-83.1094996099999,42.3568347190001