ObjectId,Crash ID,Primary Road,Intersecting Road,Crash Date,Day,Month,Year,Hour,Weekday,Crash Type Code,Highway Classification Code,Community Code,Jurisdiction Code,Lane Departure Type Code,Surface Type,Road Condition,Weather Condition,Lighting Condition,Speed Limit,Lanes,Units,Occupants,Most Severe Injury,Fatal Injuries,Suspected Serious Injuries,Suspected Minor Injuries,Possible Injuries,Property Damage Only,Secondary Crash,Traffic Control,Red Light Run,Hit and Run,Alcohol,Drugs,Unbelted Person,Work Zone,Speeding Driver,Distracted Driver,Driveway,Pedestrian,Elderly Driver,Young Driver,Commercial Vehicle,Emergency Vehicles,Train,School Bus,Motorcycle,Bicycle,Deer,Longitude,Latitude,geom,geog,x,y
400,9914335,I-75,NEVADA,2016-12-23,23,12,2016,7,6,8,1,,1,0,,3,1,4,70,4,2,2,4,0,0,0,1,false,,false,false,false,false,false,,,,,,false,true,false,,,false,false,false,false,false,-83.09312,42.42443,"{
  ""coordinates"": [
    -8.309312371500000e+01,
    4.242442763200010e+01
  ],
  ""type"": ""Point""
}","{
  ""coordinates"": [
    -83.093123715,
    42.424427632
  ],
  ""type"": ""Point""
}",-83.093123715,42.4244276320001
401,9912848,I-94,BRUSH,2016-12-23,23,12,2016,12,6,5,1,,1,0,,2,2,1,55,3,3,5,4,0,0,0,1,false,,false,false,false,false,false,,,,,,false,false,false,,,false,false,false,false,false,-83.06288,42.3664,"{
  ""coordinates"": [
    -8.306287922900000e+01,
    4.236639845000010e+01
  ],
  ""type"": ""Point""
}","{
  ""coordinates"": [
    -83.062879229,
    42.36639845
  ],
  ""type"": ""Point""
}",-83.062879229,42.3663984500001
402,9902856,7 MILE,GREENVIEW,2016-12-23,23,12,2016,16,6,5,9,,2,0,,1,1,1,30,6,2,2,4,0,0,0,1,false,,false,false,false,false,false,,,,,,false,true,false,,,false,false,false,false,false,-83.22546,42.4299,"{
  ""coordinates"": [
    -8.322546036999999e+01,
    4.242989974000010e+01
  ],
  ""type"": ""Point""
}","{
  ""coordinates"": [
    -83.22546037,
    42.42989974
  ],
  ""type"": ""Point""
}",-83.22546037,42.4298997400001
403,9902901,CHENE,JEFFERSON,2016-12-23,23,12,2016,11,6,8,9,,4,0,,1,1,1,35,4,2,5,5,0,0,0,0,true,,false,false,false,false,false,,,,,,false,false,true,,,false,false,false,false,false,-83.02264,42.33825,"{
  ""coordinates"": [
    -8.302263791999999e+01,
    4.233824364800010e+01
  ],
  ""type"": ""Point""
}","{
  ""coordinates"": [
    -83.02263792,
    42.338243648
  ],
  ""type"": ""Point""
}",-83.02263792,42.3382436480001
404,9911920,I-75,CANIFF,2016-12-23,23,12,2016,23,6,1,1,,1,1,,2,4,4,70,4,1,1,5,0,0,0,0,true,,false,false,false,false,false,,,,,,false,false,false,,,false,false,false,false,false,-83.07504,42.40577,"{
  ""coordinates"": [
    -8.307503286100000e+01,
    4.240576389400010e+01
  ],
  ""type"": ""Point""
}","{
  ""coordinates"": [
    -83.075032861,
    42.405763894
  ],
  ""type"": ""Point""
}",-83.075032861,42.4057638940001
405,9904943,PREVOST,MCNICHOLS,2016-12-23,23,12,2016,16,6,9,9,,,0,,98,1,3,25,2,2,4,5,0,0,0,0,true,,false,false,false,false,false,,,,,,false,false,false,,,false,false,false,false,false,-83.20351,42.416,"{
  ""coordinates"": [
    -8.320351427000000e+01,
    4.241600437700000e+01
  ],
  ""type"": ""Point""
}","{
  ""coordinates"": [
    -83.20351427,
    42.416004377
  ],
  ""type"": ""Point""
}",-83.20351427,42.416004377
406,9902863,GRAND,BEAUBIEN,2016-12-23,23,12,2016,15,6,4,9,,4,0,,1,1,1,35,3,2,1,5,0,0,0,0,true,,true,false,true,false,false,,,,,,false,false,false,,,false,false,false,false,false,-83.06742,42.37234,"{
  ""coordinates"": [
    -8.306741724200000e+01,
    4.237234225000000e+01
  ],
  ""type"": ""Point""
}","{
  ""coordinates"": [
    -83.067417242,
    42.37234225
  ],
  ""type"": ""Point""
}",-83.067417242,42.37234225
407,9908343,CLIFFORD,FISHER,2016-12-23,23,12,2016,20,6,8,9,,4,0,,2,4,4,25,2,2,2,5,0,0,0,0,true,,false,false,false,false,false,,,,,,false,false,true,,,false,false,false,false,false,-83.05608,42.33862,"{
  ""coordinates"": [
    -8.305607999800000e+01,
    4.233861356300010e+01
  ],
  ""type"": ""Point""
}","{
  ""coordinates"": [
    -83.056079998,
    42.338613563
  ],
  ""type"": ""Point""
}",-83.056079998,42.3386135630001
408,9911980,CASS,ALEXANDRINE,2016-12-23,23,12,2016,0,6,10,9,,4,0,,4,2,4,25,1,2,0,5,0,0,0,0,true,,false,false,true,false,false,,,,,,false,false,false,,,false,false,false,false,false,-83.0628,42.34924,"{
  ""coordinates"": [
    -8.306279789900000e+01,
    4.234923737300010e+01
  ],
  ""type"": ""Point""
}","{
  ""coordinates"": [
    -83.062797899,
    42.349237373
  ],
  ""type"": ""Point""
}",-83.062797899,42.3492373730001
409,9909759,I-94,ADDISON,2016-12-23,23,12,2016,20,6,1,1,,1,1,,2,4,4,55,3,1,1,5,0,0,0,0,true,,false,false,false,false,false,,,,,,false,false,false,,,false,false,false,false,false,-83.1473,42.33103,"{
  ""coordinates"": [
    -8.314729734799990e+01,
    4.233102841200010e+01
  ],
  ""type"": ""Point""
}","{
  ""coordinates"": [
    -83.147297348,
    42.331028412
  ],
  ""type"": ""Point""
}",-83.1472973479999,42.3310284120001
410,9909757,RAMP 215F,RAMP 215B,2016-12-23,23,12,2016,3,6,5,1,,1,0,,2,2,4,55,1,2,2,5,0,0,0,0,true,,false,false,false,false,false,,,,,,false,false,false,,,false,false,false,false,false,-83.07702,42.36034,"{
  ""coordinates"": [
    -8.307701912600000e+01,
    4.236033639800010e+01
  ],
  ""type"": ""Point""
}","{
  ""coordinates"": [
    -83.077019126,
    42.360336398
  ],
  ""type"": ""Point""
}",-83.077019126,42.3603363980001
411,9904031,GRATIOT,STATE FAIR,2016-12-23,23,12,2016,17,6,3,3,,1,0,,2,1,4,35,7,2,3,5,0,0,0,0,true,,false,false,false,false,false,,,,,,false,true,false,,,false,false,false,false,false,-82.9728,42.4425,"{
  ""coordinates"": [
    -8.297279812100000e+01,
    4.244249940100010e+01
  ],
  ""type"": ""Point""
}","{
  ""coordinates"": [
    -82.972798121,
    42.442499401
  ],
  ""type"": ""Point""
}",-82.972798121,42.4424994010001
412,9907433,JOY,MANSIELD,2016-12-23,23,12,2016,10,6,97,9,,2,0,,1,1,1,35,4,2,2,5,0,0,0,0,true,,false,false,false,false,false,,,,,,false,false,false,,,false,false,false,false,false,-83.20335,42.35803,"{
  ""coordinates"": [
    -8.320335049600000e+01,
    4.235803225800000e+01
  ],
  ""type"": ""Point""
}","{
  ""coordinates"": [
    -83.203350496,
    42.358032258
  ],
  ""type"": ""Point""
}",-83.203350496,42.358032258
413,9927400,M-39,SERVICE DRIVE TO ROTUNDA,2016-12-23,23,12,2016,18,6,10,3,,1,0,,2,2,4,55,1,2,3,5,0,0,0,0,true,,false,false,true,false,false,,,,,,false,false,true,,,false,false,false,false,false,-83.21773,42.38668,"{
  ""coordinates"": [
    -8.321772528900000e+01,
    4.238667922900000e+01
  ],
  ""type"": ""Point""
}","{
  ""coordinates"": [
    -83.217725289,
    42.386679229
  ],
  ""type"": ""Point""
}",-83.217725289,42.386679229
414,9902902,CHARLEVOIX,IROQUOIS,2016-12-23,23,12,2016,13,6,9,9,,4,0,,1,1,1,25,3,2,2,5,0,0,0,0,true,,false,false,false,false,false,,,,,,false,true,false,,,false,false,false,false,false,-82.9989,42.36447,"{
  ""coordinates"": [
    -8.299890346200000e+01,
    4.236447143100000e+01
  ],
  ""type"": ""Point""
}","{
  ""coordinates"": [
    -82.998903462,
    42.364471431
  ],
  ""type"": ""Point""
}",-82.998903462,42.364471431
415,9904037,DEXTER,TYLER,2016-12-23,23,12,2016,19,6,98,9,,4,0,,3,5,4,25,4,2,1,5,0,0,0,0,true,,false,false,true,false,false,,,,,,false,false,false,,,false,false,false,false,false,-83.13009,42.3886,"{
  ""coordinates"": [
    -8.313009064300000e+01,
    4.238859795100010e+01
  ],
  ""type"": ""Point""
}","{
  ""coordinates"": [
    -83.130090643,
    42.388597951
  ],
  ""type"": ""Point""
}",-83.130090643,42.3885979510001
416,9902970,7 MILE,ILENE,2016-12-23,23,12,2016,18,6,3,9,,2,0,,2,1,4,30,4,2,3,4,0,0,0,1,false,,false,false,false,false,false,,,,,,false,false,false,,,false,false,false,false,false,-83.16284,42.43133,"{
  ""coordinates"": [
    -8.316284095100001e+01,
    4.243132954000000e+01
  ],
  ""type"": ""Point""
}","{
  ""coordinates"": [
    -83.162840951,
    42.43132954
  ],
  ""type"": ""Point""
}",-83.162840951,42.43132954
417,9927399,E I 96,RAMP 008J,2016-12-23,23,12,2016,18,6,8,1,,1,0,,1,2,4,30,2,2,3,5,0,0,0,0,true,,false,false,true,false,false,,,,,,false,false,true,,,false,false,false,false,false,-83.22125,42.37836,"{
  ""coordinates"": [
    -8.322125007900000e+01,
    4.237836194800010e+01
  ],
  ""type"": ""Point""
}","{
  ""coordinates"": [
    -83.221250079,
    42.378361948
  ],
  ""type"": ""Point""
}",-83.221250079,42.3783619480001
418,9926343,SCHAEFER,FULLERTON,2016-12-23,23,12,2016,16,6,5,9,,4,0,,1,2,1,35,5,2,1,4,0,0,0,1,false,,false,false,true,false,false,,,,,,false,false,false,,,false,false,false,false,false,-83.17828,42.38124,"{
  ""coordinates"": [
    -8.317828624000001e+01,
    4.238123599600000e+01
  ],
  ""type"": ""Point""
}","{
  ""coordinates"": [
    -83.17828624,
    42.381235996
  ],
  ""type"": ""Point""
}",-83.17828624,42.381235996
419,9910758,CHRYSLER SERVICE,CLAY,2016-12-23,23,12,2016,14,6,5,1,,1,0,,1,1,1,25,1,2,1,5,0,0,0,0,true,,false,false,false,false,false,,,,,,false,false,false,,,false,false,false,false,false,-83.06283,42.37826,"{
  ""coordinates"": [
    -8.306282722500001e+01,
    4.237825897500010e+01
  ],
  ""type"": ""Point""
}","{
  ""coordinates"": [
    -83.062827225,
    42.378258975
  ],
  ""type"": ""Point""
}",-83.062827225,42.3782589750001
420,9902890,BRAMELL,MAJESTIC,2016-12-23,23,12,2016,7,6,4,9,,,0,,3,2,1,25,4,2,2,4,0,0,0,1,false,,false,false,false,false,false,,,,,,false,false,true,,,false,false,false,false,false,-83.26122,42.34404,"{
  ""coordinates"": [
    -8.326121605299990e+01,
    4.234404141200010e+01
  ],
  ""type"": ""Point""
}","{
  ""coordinates"": [
    -83.261216053,
    42.344041412
  ],
  ""type"": ""Point""
}",-83.2612160529999,42.3440414120001
421,9914348,N M 10,RAMP 122I,2016-12-23,23,12,2016,12,6,5,3,,1,0,,1,2,1,55,2,2,3,4,0,0,0,1,false,,false,false,false,false,false,,,,,,false,true,false,,,false,false,false,false,false,-83.06447,42.33578,"{
  ""coordinates"": [
    -8.306447092900000e+01,
    4.233578201900010e+01
  ],
  ""type"": ""Point""
}","{
  ""coordinates"": [
    -83.064470929,
    42.335782019
  ],
  ""type"": ""Point""
}",-83.064470929,42.3357820190001
422,9912870,I-96,ROOSEVELT,2016-12-23,23,12,2016,12,6,8,9,,4,0,,1,1,1,70,5,2,2,5,0,0,0,0,true,,false,false,false,false,false,,,,,,false,false,true,,,false,false,false,false,false,-83.1083,42.35445,"{
  ""coordinates"": [
    -8.310829932300000e+01,
    4.235445409300010e+01
  ],
  ""type"": ""Point""
}","{
  ""coordinates"": [
    -83.108299323,
    42.354454093
  ],
  ""type"": ""Point""
}",-83.108299323,42.3544540930001
423,9909760,I-75,DEARBORN,2016-12-23,23,12,2016,21,6,98,1,,1,0,,2,4,5,55,4,4,3,5,0,0,0,0,true,,false,false,false,false,false,,,,,,false,false,true,,,false,false,false,false,false,-83.12793,42.29282,"{
  ""coordinates"": [
    -8.312793063100000e+01,
    4.229281862100000e+01
  ],
  ""type"": ""Point""
}","{
  ""coordinates"": [
    -83.127930631,
    42.292818621
  ],
  ""type"": ""Point""
}",-83.127930631,42.292818621
424,9902891,SCHOOLCRAFT,RUTHERFORD,2016-12-23,23,12,2016,16,6,2,9,,2,0,,2,1,1,35,2,2,2,5,0,0,0,0,true,,false,false,false,false,false,,,,,,false,false,false,,,false,false,false,false,false,-83.20342,42.38694,"{
  ""coordinates"": [
    -8.320342442799991e+01,
    4.238694409500000e+01
  ],
  ""type"": ""Point""
}","{
  ""coordinates"": [
    -83.203424428,
    42.386944095
  ],
  ""type"": ""Point""
}",-83.2034244279999,42.386944095
425,9902868,SPRINGWELLS,S I 75,2016-12-23,23,12,2016,16,6,5,9,,4,0,,2,2,1,30,4,2,1,5,0,0,0,0,true,,false,false,true,false,false,,,,,,false,false,false,,,false,false,false,false,false,-83.11934,42.30153,"{
  ""coordinates"": [
    -8.311934073600000e+01,
    4.230152932100000e+01
  ],
  ""type"": ""Point""
}","{
  ""coordinates"": [
    -83.119340736,
    42.301529321
  ],
  ""type"": ""Point""
}",-83.119340736,42.301529321
426,9902865,GRAND,LODGE S D,2016-12-23,23,12,2016,9,6,4,3,,1,0,,2,2,1,30,6,2,3,5,0,0,0,0,true,,false,false,false,false,false,,,,,,false,false,false,,,false,false,false,false,false,-83.06552,42.33908,"{
  ""coordinates"": [
    -8.306551819200000e+01,
    4.233908318000000e+01
  ],
  ""type"": ""Point""
}","{
  ""coordinates"": [
    -83.065518192,
    42.33908318
  ],
  ""type"": ""Point""
}",-83.065518192,42.33908318
427,9902879,DIX,OAKWOOD,2016-12-23,23,12,2016,13,6,7,9,,4,0,,1,1,1,25,4,2,3,5,0,0,0,0,true,,false,false,true,false,false,,,,,,false,false,false,,,false,false,false,false,false,-83.16069,42.28547,"{
  ""coordinates"": [
    -8.316068740900000e+01,
    4.228547010000010e+01
  ],
  ""type"": ""Point""
}","{
  ""coordinates"": [
    -83.160687409,
    42.2854701
  ],
  ""type"": ""Point""
}",-83.160687409,42.2854701000001
428,9907455,MCNICHOLS,FREELAND,2016-12-23,23,12,2016,14,6,8,9,,2,0,,2,2,1,35,4,2,4,4,0,0,0,3,false,,false,false,false,false,false,,,,,,false,false,false,,,false,false,false,false,false,-83.18573,42.41652,"{
  ""coordinates"": [
    -8.318573224399999e+01,
    4.241651591200010e+01
  ],
  ""type"": ""Point""
}","{
  ""coordinates"": [
    -83.185732244,
    42.416515912
  ],
  ""type"": ""Point""
}",-83.185732244,42.4165159120001
429,9909755,M-39,7 MILE,2016-12-22,22,12,2016,18,5,5,3,,1,0,,1,2,4,55,3,2,2,5,0,0,0,0,true,,false,false,false,false,false,,,,,,false,false,false,,,false,false,false,false,false,-83.21923,42.43022,"{
  ""coordinates"": [
    -8.321923216899999e+01,
    4.243022096300010e+01
  ],
  ""type"": ""Point""
}","{
  ""coordinates"": [
    -83.219232169,
    42.430220963
  ],
  ""type"": ""Point""
}",-83.219232169,42.4302209630001
430,9907440,GRAND RIVER,TELEGRAPH,2016-12-22,22,12,2016,23,5,97,3,,1,0,,3,1,5,30,3,2,2,5,0,0,0,0,true,,false,false,false,false,false,,,,,,false,false,false,,,false,false,false,false,false,-83.27765,42.42466,"{
  ""coordinates"": [
    -8.327764671400000e+01,
    4.242466392300000e+01
  ],
  ""type"": ""Point""
}","{
  ""coordinates"": [
    -83.277646714,
    42.424663923
  ],
  ""type"": ""Point""
}",-83.277646714,42.424663923
431,9902925,EVERGREEN,SCHOOLCRAFT,2016-12-22,22,12,2016,14,5,97,9,,4,1,,2,1,1,35,5,2,0,5,0,0,0,0,true,,false,false,true,false,false,,,,,,true,false,false,,,false,false,false,false,false,-83.23684,42.38622,"{
  ""coordinates"": [
    -8.323684152399990e+01,
    4.238622307200010e+01
  ],
  ""type"": ""Point""
}","{
  ""coordinates"": [
    -83.236841524,
    42.386223072
  ],
  ""type"": ""Point""
}",-83.2368415239999,42.3862230720001
432,9926349,WOODWARD,PALMER,2016-12-22,22,12,2016,19,5,4,3,,1,0,,2,1,4,35,6,2,3,5,0,0,0,0,true,,true,true,false,false,false,,,,,,false,false,false,,,false,false,false,false,false,-83.06779,42.36212,"{
  ""coordinates"": [
    -8.306779264100000e+01,
    4.236212236200000e+01
  ],
  ""type"": ""Point""
}","{
  ""coordinates"": [
    -83.067792641,
    42.362122362
  ],
  ""type"": ""Point""
}",-83.067792641,42.362122362
433,9905965,LONYO,MCGRAW,2016-12-22,22,12,2016,18,5,97,9,,4,0,,2,1,4,25,2,2,1,4,0,0,0,1,false,,false,false,false,false,false,,,,,,true,false,false,,,false,false,false,false,false,-83.1466,42.33346,"{
  ""coordinates"": [
    -8.314659586499990e+01,
    4.233345660100010e+01
  ],
  ""type"": ""Point""
}","{
  ""coordinates"": [
    -83.146595865,
    42.333456601
  ],
  ""type"": ""Point""
}",-83.1465958649999,42.3334566010001
434,9902938,WINTHROP,PURITAN,2016-12-22,22,12,2016,19,5,8,9,,,0,,1,2,4,25,2,2,1,5,0,0,0,0,true,,false,false,true,false,false,,,,,,false,true,false,,,false,false,false,false,false,-83.20046,42.40912,"{
  ""coordinates"": [
    -8.320046115799990e+01,
    4.240911736000000e+01
  ],
  ""type"": ""Point""
}","{
  ""coordinates"": [
    -83.200461158,
    42.40911736
  ],
  ""type"": ""Point""
}",-83.2004611579999,42.40911736
435,9907403,I-96 SERVICE,SCHAEFER,2016-12-22,22,12,2016,6,5,5,1,,1,0,,2,1,1,35,3,2,1,4,0,0,0,1,false,,false,false,true,false,false,,,,,,false,false,false,,,false,false,false,false,false,-83.17834,42.38268,"{
  ""coordinates"": [
    -8.317833652500001e+01,
    4.238267952500010e+01
  ],
  ""type"": ""Point""
}","{
  ""coordinates"": [
    -83.178336525,
    42.382679525
  ],
  ""type"": ""Point""
}",-83.178336525,42.3826795250001
436,9912898,LAFAYETTE,MT ELLIOTT,2016-12-22,22,12,2016,17,5,8,9,,4,0,,2,1,3,25,2,2,1,5,0,0,0,0,true,,false,false,false,false,false,,,,,,false,false,false,,,false,false,false,false,false,-83.0105,42.34761,"{
  ""coordinates"": [
    -8.301049713299990e+01,
    4.234760901500000e+01
  ],
  ""type"": ""Point""
}","{
  ""coordinates"": [
    -83.010497133,
    42.347609015
  ],
  ""type"": ""Point""
}",-83.0104971329999,42.347609015
437,9914344,I 94,GRATIOT,2016-12-22,22,12,2016,15,5,8,1,,1,0,,2,1,1,55,3,2,2,5,0,0,0,0,true,,false,false,true,false,false,,,,,,false,false,false,,,false,false,false,false,false,-83.00731,42.39124,"{
  ""coordinates"": [
    -8.300730581399991e+01,
    4.239124154100010e+01
  ],
  ""type"": ""Point""
}","{
  ""coordinates"": [
    -83.007305814,
    42.391241541
  ],
  ""type"": ""Point""
}",-83.0073058139999,42.3912415410001
438,9901446,7 MILE,GRATIOT,2016-12-22,22,12,2016,12,5,8,3,,4,0,,2,1,1,30,4,2,1,5,0,0,0,0,true,,false,false,true,false,false,,,,,,false,false,false,,,false,false,false,false,false,-82.97772,42.43507,"{
  ""coordinates"": [
    -8.297772596700000e+01,
    4.243507517200000e+01
  ],
  ""type"": ""Point""
}","{
  ""coordinates"": [
    -82.977725967,
    42.435075172
  ],
  ""type"": ""Point""
}",-82.977725967,42.435075172
439,9901442,OUTER,SCHOOLCRAFT,2016-12-22,22,12,2016,18,5,5,9,,2,0,,2,1,4,35,3,2,2,5,0,0,0,0,true,,false,false,false,true,false,,,,,,false,false,false,,,false,false,false,false,false,-83.25642,42.38592,"{
  ""coordinates"": [
    -8.325642179000000e+01,
    4.238591940600000e+01
  ],
  ""type"": ""Point""
}","{
  ""coordinates"": [
    -83.25642179,
    42.385919406
  ],
  ""type"": ""Point""
}",-83.25642179,42.385919406
440,9902960,LIVERNOIS,FLORENCE,2016-12-22,22,12,2016,8,5,4,9,,4,0,,2,2,1,35,2,2,3,4,0,0,0,1,false,,false,false,false,false,false,,,,,,false,false,true,,,false,false,false,false,false,-83.14075,42.41219,"{
  ""coordinates"": [
    -8.314075511000000e+01,
    4.241218615900000e+01
  ],
  ""type"": ""Point""
}","{
  ""coordinates"": [
    -83.14075511,
    42.412186159
  ],
  ""type"": ""Point""
}",-83.14075511,42.412186159
441,9902959,7 MILE,WHITCOMB,2016-12-22,22,12,2016,8,5,5,9,,2,0,,2,2,1,35,2,2,2,4,0,0,0,1,false,,false,false,false,false,false,,,,,,false,false,true,,,false,false,false,false,false,-83.19742,42.43048,"{
  ""coordinates"": [
    -8.319741447699990e+01,
    4.243047967900000e+01
  ],
  ""type"": ""Point""
}","{
  ""coordinates"": [
    -83.197414477,
    42.430479679
  ],
  ""type"": ""Point""
}",-83.1974144769999,42.430479679
442,9902934,BLAINE,LINWOOD,2016-12-22,22,12,2016,15,5,9,9,,,0,,98,98,98,30,2,2,1,5,0,0,0,0,true,,false,false,false,false,false,,,,,,false,false,false,,,false,false,false,false,false,-83.10629,42.36927,"{
  ""coordinates"": [
    -8.310629382400001e+01,
    4.236927517900010e+01
  ],
  ""type"": ""Point""
}","{
  ""coordinates"": [
    -83.106293824,
    42.369275179
  ],
  ""type"": ""Point""
}",-83.106293824,42.3692751790001
443,9907436,7 MILE,GREENFIELD,2016-12-22,22,12,2016,20,5,8,9,,2,0,,1,1,5,35,2,2,1,5,0,0,0,0,true,,false,false,true,false,false,,,,,,false,false,false,,,false,false,false,false,false,-83.19988,42.43042,"{
  ""coordinates"": [
    -8.319988480799999e+01,
    4.243042013900000e+01
  ],
  ""type"": ""Point""
}","{
  ""coordinates"": [
    -83.199884808,
    42.430420139
  ],
  ""type"": ""Point""
}",-83.199884808,42.430420139
444,9902900,MILLER,DWYER,2016-12-22,22,12,2016,16,5,8,9,,,0,,4,1,1,25,4,2,2,5,0,0,0,0,true,,false,false,false,false,false,,,,,,false,false,true,,,false,true,false,false,false,-83.04004,42.39063,"{
  ""coordinates"": [
    -8.304004189400000e+01,
    4.239062314300000e+01
  ],
  ""type"": ""Point""
}","{
  ""coordinates"": [
    -83.040041894,
    42.390623143
  ],
  ""type"": ""Point""
}",-83.040041894,42.390623143
445,9912894,M-39,FITZPATRICK,2016-12-22,22,12,2016,14,5,5,3,,1,0,,2,1,1,55,3,2,2,5,0,0,0,0,true,,false,false,false,false,false,,,,,,false,false,false,,,false,false,false,false,false,-83.21634,42.36273,"{
  ""coordinates"": [
    -8.321634254000000e+01,
    4.236272871400010e+01
  ],
  ""type"": ""Point""
}","{
  ""coordinates"": [
    -83.21634254,
    42.362728714
  ],
  ""type"": ""Point""
}",-83.21634254,42.3627287140001
446,9904020,FARMER,RANDOLPH,2016-12-22,22,12,2016,7,5,4,3,,4,3,,2,2,2,25,2,2,0,5,0,0,0,0,true,,false,false,true,false,false,,,,,,false,false,false,,,false,false,false,false,false,-83.0441,42.33251,"{
  ""coordinates"": [
    -8.304409941400000e+01,
    4.233251224200010e+01
  ],
  ""type"": ""Point""
}","{
  ""coordinates"": [
    -83.044099414,
    42.332512242
  ],
  ""type"": ""Point""
}",-83.044099414,42.3325122420001
447,9902877,S I 75,ROSA PARKS,2016-12-22,22,12,2016,9,5,1,1,,1,0,,2,1,1,25,4,1,1,5,0,0,0,0,true,,false,false,false,false,false,,,,,,false,false,false,,,false,false,false,false,false,-83.0731,42.33344,"{
  ""coordinates"": [
    -8.307310298700000e+01,
    4.233344322700000e+01
  ],
  ""type"": ""Point""
}","{
  ""coordinates"": [
    -83.073102987,
    42.333443227
  ],
  ""type"": ""Point""
}",-83.073102987,42.333443227
448,9904963,MORANG,WORDEN,2016-12-22,22,12,2016,12,5,1,9,,4,0,,2,2,1,30,2,1,2,4,0,0,0,1,false,,false,false,false,false,false,,,,,,false,false,false,,,false,false,false,false,false,-82.9407,42.42233,"{
  ""coordinates"": [
    -8.294070466800000e+01,
    4.242232561100010e+01
  ],
  ""type"": ""Point""
}","{
  ""coordinates"": [
    -82.940704668,
    42.422325611
  ],
  ""type"": ""Point""
}",-82.940704668,42.4223256110001
449,9905963,MCGRAW,UNKNOWN,2016-12-22,22,12,2016,17,5,5,9,,4,0,,2,2,4,35,4,2,3,5,0,0,0,0,true,,false,false,false,false,false,,,,,,false,false,true,,,false,false,false,false,false,-83.15459,42.33001,"{
  ""coordinates"": [
    -8.315458521700000e+01,
    4.233000583000010e+01
  ],
  ""type"": ""Point""
}","{
  ""coordinates"": [
    -83.154585217,
    42.33000583
  ],
  ""type"": ""Point""
}",-83.154585217,42.3300058300001
450,9902888,ARCHDALE,7 MILE,2016-12-22,22,12,2016,19,5,97,9,,,0,,3,1,5,25,1,2,1,5,0,0,0,0,true,,false,false,true,false,false,,,,,,false,false,true,,,false,false,false,false,false,-83.21716,42.43005,"{
  ""coordinates"": [
    -8.321716516799999e+01,
    4.243004544300000e+01
  ],
  ""type"": ""Point""
}","{
  ""coordinates"": [
    -83.217165168,
    42.430045443
  ],
  ""type"": ""Point""
}",-83.217165168,42.430045443
451,9902897,WARREN,FAUST,2016-12-22,22,12,2016,13,5,5,9,,2,0,,2,2,1,35,4,2,2,5,0,0,0,0,true,,false,false,false,false,false,,,,,,false,false,true,,,false,false,false,false,false,-83.22096,42.34332,"{
  ""coordinates"": [
    -8.322096584199990e+01,
    4.234332418800010e+01
  ],
  ""type"": ""Point""
}","{
  ""coordinates"": [
    -83.220965842,
    42.343324188
  ],
  ""type"": ""Point""
}",-83.2209658419999,42.3433241880001
452,9902955,TELEGRAPH,SEVEN MILE,2016-12-22,22,12,2016,12,5,8,2,,1,0,,1,2,1,50,4,2,3,5,0,0,0,0,true,,false,false,false,false,false,,,,,,false,true,false,,,false,false,false,false,false,-83.27795,42.4281,"{
  ""coordinates"": [
    -8.327795078600001e+01,
    4.242810044000000e+01
  ],
  ""type"": ""Point""
}","{
  ""coordinates"": [
    -83.277950786,
    42.42810044
  ],
  ""type"": ""Point""
}",-83.277950786,42.42810044
453,9902933,7 MILE,MURRAY,2016-12-22,22,12,2016,20,5,8,9,,2,0,,4,1,2,35,3,2,2,5,0,0,0,0,true,,false,false,false,false,false,,,,,,false,false,false,,,false,false,false,false,false,-83.20872,42.43029,"{
  ""coordinates"": [
    -8.320872807200000e+01,
    4.243028893900000e+01
  ],
  ""type"": ""Point""
}","{
  ""coordinates"": [
    -83.208728072,
    42.430288939
  ],
  ""type"": ""Point""
}",-83.208728072,42.430288939
454,9901463,KLINGER,CARPENTER,2016-12-22,22,12,2016,8,5,5,9,,,3,,3,2,4,25,1,2,1,5,0,0,0,0,true,,false,false,true,false,false,,,,,,false,false,true,,,false,false,false,false,false,-83.05908,42.40854,"{
  ""coordinates"": [
    -8.305908266900001e+01,
    4.240854303200010e+01
  ],
  ""type"": ""Point""
}","{
  ""coordinates"": [
    -83.059082669,
    42.408543032
  ],
  ""type"": ""Point""
}",-83.059082669,42.4085430320001
455,9902929,FENMORE,CURTIS,2016-12-22,22,12,2016,17,5,2,9,,,2,,6,1,4,25,2,2,1,4,0,0,0,1,false,,false,false,false,false,false,,,,,,false,false,false,,,false,false,false,false,false,-83.21796,42.4224,"{
  ""coordinates"": [
    -8.321796255399990e+01,
    4.242240004300000e+01
  ],
  ""type"": ""Point""
}","{
  ""coordinates"": [
    -83.217962554,
    42.422400043
  ],
  ""type"": ""Point""
}",-83.2179625539999,42.422400043
456,9901443,SAINT AUBIN,GRATIOT,2016-12-22,22,12,2016,11,5,10,3,,4,0,,2,1,1,25,2,2,2,5,0,0,0,0,true,,false,false,false,false,false,,,,,,false,false,false,,,false,false,false,false,false,-83.03423,42.34925,"{
  ""coordinates"": [
    -8.303423289800000e+01,
    4.234925035400000e+01
  ],
  ""type"": ""Point""
}","{
  ""coordinates"": [
    -83.034232898,
    42.349250354
  ],
  ""type"": ""Point""
}",-83.034232898,42.349250354