ObjectId,Crash ID,Primary Road,Intersecting Road,Crash Date,Day,Month,Year,Hour,Weekday,Crash Type Code,Highway Classification Code,Community Code,Jurisdiction Code,Lane Departure Type Code,Surface Type,Road Condition,Weather Condition,Lighting Condition,Speed Limit,Lanes,Units,Occupants,Most Severe Injury,Fatal Injuries,Suspected Serious Injuries,Suspected Minor Injuries,Possible Injuries,Property Damage Only,Secondary Crash,Traffic Control,Red Light Run,Hit and Run,Alcohol,Drugs,Unbelted Person,Work Zone,Speeding Driver,Distracted Driver,Driveway,Pedestrian,Elderly Driver,Young Driver,Commercial Vehicle,Emergency Vehicles,Train,School Bus,Motorcycle,Bicycle,Deer,Longitude,Latitude,geom,geog,x,y
514,9900432,SCHAEFER,I96 SERVICE,2016-12-21,21,12,2016,8,4,4,1,,4,0,,1,1,1,35,4,2,1,5,0,0,0,0,true,,true,true,false,false,false,,,,,,false,false,false,,,false,false,false,false,false,-83.17838,42.38381,"{
  ""coordinates"": [
    -8.317837478599991e+01,
    4.238380837900010e+01
  ],
  ""type"": ""Point""
}","{
  ""coordinates"": [
    -83.178374786,
    42.383808379
  ],
  ""type"": ""Point""
}",-83.1783747859999,42.3838083790001
515,9909791,S M 10,N JOHN C LODGE/S JOHN C LODGE,2016-12-21,21,12,2016,18,4,5,3,,1,0,,1,2,4,55,3,2,4,5,0,0,0,0,true,,false,false,false,false,false,,,,,,false,false,false,,,false,false,false,false,false,-83.07169,42.35056,"{
  ""coordinates"": [
    -8.307169407500000e+01,
    4.235055480800000e+01
  ],
  ""type"": ""Point""
}","{
  ""coordinates"": [
    -83.071694075,
    42.350554808
  ],
  ""type"": ""Point""
}",-83.071694075,42.350554808
516,9901426,SHIAWASSE,7 MILE,2016-12-21,21,12,2016,16,4,97,9,,,0,,1,1,1,25,2,2,1,5,0,0,0,0,true,,false,false,false,false,false,,,,,,false,false,false,,,false,false,false,false,false,-83.27264,42.42768,"{
  ""coordinates"": [
    -8.327264487199990e+01,
    4.242767909000000e+01
  ],
  ""type"": ""Point""
}","{
  ""coordinates"": [
    -83.272644872,
    42.42767909
  ],
  ""type"": ""Point""
}",-83.2726448719999,42.42767909
517,9909792,S M 10 SERVICE DRIVE,S JOHN C LODGE/N JOHN C LODGE,2016-12-21,21,12,2016,18,4,5,3,,4,0,,1,2,4,55,3,2,1,5,0,0,0,0,true,,false,false,true,false,false,,,,,,false,false,false,,,false,false,false,false,false,-83.07276,42.35165,"{
  ""coordinates"": [
    -8.307275800300000e+01,
    4.235165272100010e+01
  ],
  ""type"": ""Point""
}","{
  ""coordinates"": [
    -83.072758003,
    42.351652721
  ],
  ""type"": ""Point""
}",-83.072758003,42.3516527210001
518,9907442,SCHAEFER,GRANDRIVER,2016-12-21,21,12,2016,8,4,97,3,,4,0,,6,1,1,30,2,2,2,5,0,0,0,0,true,,false,false,false,false,false,,,,,,false,false,false,,,false,false,false,false,false,-83.17841,42.38483,"{
  ""coordinates"": [
    -8.317841198799989e+01,
    4.238483002200010e+01
  ],
  ""type"": ""Point""
}","{
  ""coordinates"": [
    -83.178411988,
    42.384830022
  ],
  ""type"": ""Point""
}",-83.1784119879999,42.3848300220001
519,9911982,WOODWARD,WARREN,2016-12-21,21,12,2016,7,4,4,3,,1,0,,1,1,2,30,6,2,1,5,0,0,0,0,true,,true,true,false,false,false,,,,,,false,false,false,,,false,false,false,false,false,-83.06438,42.35696,"{
  ""coordinates"": [
    -8.306437643600000e+01,
    4.235695588700000e+01
  ],
  ""type"": ""Point""
}","{
  ""coordinates"": [
    -83.064376436,
    42.356955887
  ],
  ""type"": ""Point""
}",-83.064376436,42.356955887
520,9901418,CONNER,HARPER,2016-12-21,21,12,2016,17,4,5,9,,4,0,,2,1,4,0,4,2,1,5,0,0,0,0,true,,false,false,true,false,false,,,,,,false,false,true,,,false,false,false,false,false,-82.99023,42.3973,"{
  ""coordinates"": [
    -8.299022572400000e+01,
    4.239730424200010e+01
  ],
  ""type"": ""Point""
}","{
  ""coordinates"": [
    -82.990225724,
    42.397304242
  ],
  ""type"": ""Point""
}",-82.990225724,42.3973042420001
521,9901453,8 MILE,SCHOENHERR,2016-12-21,21,12,2016,23,4,4,3,,1,0,,2,1,4,40,4,2,2,5,0,0,0,0,true,,false,false,false,false,false,,,,,,false,false,true,,,false,false,false,false,false,-82.98352,42.44933,"{
  ""coordinates"": [
    -8.298352394699999e+01,
    4.244932988400010e+01
  ],
  ""type"": ""Point""
}","{
  ""coordinates"": [
    -82.983523947,
    42.449329884
  ],
  ""type"": ""Point""
}",-82.983523947,42.4493298840001
522,9901445,BEACONSFIELD,BERKSHIRE,2016-12-21,21,12,2016,15,4,8,9,,,0,,4,5,1,25,2,2,1,5,0,0,0,0,true,,false,false,false,false,false,,,,,,false,false,false,,,false,false,false,false,false,-82.95544,42.41084,"{
  ""coordinates"": [
    -8.295543996500000e+01,
    4.241084285100000e+01
  ],
  ""type"": ""Point""
}","{
  ""coordinates"": [
    -82.955439965,
    42.410842851
  ],
  ""type"": ""Point""
}",-82.955439965,42.410842851
523,9900456,GUNSTON,GRATIOT,2016-12-21,21,12,2016,7,4,9,3,,1,0,,1,1,1,0,4,2,2,5,0,0,0,0,true,,false,false,true,false,false,,,,,,false,true,false,,,false,false,false,false,false,-82.99509,42.40857,"{
  ""coordinates"": [
    -8.299508938600000e+01,
    4.240857474500010e+01
  ],
  ""type"": ""Point""
}","{
  ""coordinates"": [
    -82.995089386,
    42.408574745
  ],
  ""type"": ""Point""
}",-82.995089386,42.4085747450001
524,9901450,BARRETT,PROMENADE,2016-12-21,21,12,2016,17,4,2,9,,,2,,3,1,4,25,2,2,0,5,0,0,0,0,true,,false,false,true,false,false,,,,,,false,false,false,,,false,false,false,false,false,-82.98988,42.40755,"{
  ""coordinates"": [
    -8.298988107299991e+01,
    4.240755145600010e+01
  ],
  ""type"": ""Point""
}","{
  ""coordinates"": [
    -82.989881073,
    42.407551456
  ],
  ""type"": ""Point""
}",-82.9898810729999,42.4075514560001
525,9914364,M-39,PLYMOUTH,2016-12-21,21,12,2016,10,4,5,3,,1,0,,2,2,1,55,3,2,1,5,0,0,0,0,true,,false,false,true,false,false,,,,,,false,false,false,,,false,false,false,false,false,-83.21677,42.37253,"{
  ""coordinates"": [
    -8.321677415100000e+01,
    4.237252715500010e+01
  ],
  ""type"": ""Point""
}","{
  ""coordinates"": [
    -83.216774151,
    42.372527155
  ],
  ""type"": ""Point""
}",-83.216774151,42.3725271550001
526,9902963,8 MILE,LIVERNOIS,2016-12-21,21,12,2016,17,4,5,3,,1,0,,1,1,2,40,4,2,2,5,0,0,0,0,true,,false,false,false,false,false,,,,,,false,false,false,,,false,false,false,false,false,-83.14174,42.44609,"{
  ""coordinates"": [
    -8.314173837899990e+01,
    4.244608864500000e+01
  ],
  ""type"": ""Point""
}","{
  ""coordinates"": [
    -83.141738379,
    42.446088645
  ],
  ""type"": ""Point""
}",-83.1417383789999,42.446088645
527,9901461,MOUND,MCNICHOLS,2016-12-21,21,12,2016,21,4,5,9,,2,0,,3,1,5,25,2,2,1,5,0,0,0,0,true,,false,false,true,false,false,,,,,,false,false,false,,,false,false,false,false,false,-83.0425,42.4191,"{
  ""coordinates"": [
    -8.304250213800000e+01,
    4.241910177500010e+01
  ],
  ""type"": ""Point""
}","{
  ""coordinates"": [
    -83.042502138,
    42.419101775
  ],
  ""type"": ""Point""
}",-83.042502138,42.4191017750001
528,9901458,LIVERNOIS,LESLIE,2016-12-21,21,12,2016,9,4,4,9,,4,0,,2,2,1,35,5,2,2,5,0,0,0,0,true,,false,false,false,false,false,,,,,,false,false,true,,,false,false,false,false,false,-83.1392,42.38176,"{
  ""coordinates"": [
    -8.313919908699999e+01,
    4.238175776200010e+01
  ],
  ""type"": ""Point""
}","{
  ""coordinates"": [
    -83.139199087,
    42.381757762
  ],
  ""type"": ""Point""
}",-83.139199087,42.3817577620001
529,9901440,AUBURN,WADSWORTH,2016-12-21,21,12,2016,16,4,4,9,,,0,,3,2,1,25,4,2,3,4,0,0,0,1,false,,false,false,false,false,false,,,,,,false,false,false,,,false,false,false,false,false,-83.23388,42.3741,"{
  ""coordinates"": [
    -8.323387718399989e+01,
    4.237410328500000e+01
  ],
  ""type"": ""Point""
}","{
  ""coordinates"": [
    -83.233877184,
    42.374103285
  ],
  ""type"": ""Point""
}",-83.2338771839999,42.374103285
530,9911979,WARREN,SAINT ANTOINE,2016-12-21,21,12,2016,5,4,3,9,,4,0,,1,1,4,30,4,2,1,5,0,0,0,0,true,,false,false,true,false,false,,,,,,false,false,false,,,false,false,false,false,false,-83.05735,42.35989,"{
  ""coordinates"": [
    -8.305735054099991e+01,
    4.235989519800010e+01
  ],
  ""type"": ""Point""
}","{
  ""coordinates"": [
    -83.057350541,
    42.359895198
  ],
  ""type"": ""Point""
}",-83.0573505409999,42.3598951980001
531,9901410,CENTRAL,LAKESIDE,2016-12-21,21,12,2016,15,4,1,3,,,1,,3,2,1,25,1,1,2,5,0,0,0,0,true,,false,false,false,false,false,,,,,,false,true,false,,,false,false,false,false,false,-82.96478,42.34381,"{
  ""coordinates"": [
    -8.296477944400000e+01,
    4.234380963200000e+01
  ],
  ""type"": ""Point""
}","{
  ""coordinates"": [
    -82.964779444,
    42.343809632
  ],
  ""type"": ""Point""
}",-82.964779444,42.343809632
532,9900453,GRAND RIVER,LINDSAY,2016-12-21,21,12,2016,17,4,4,3,,1,0,,2,1,4,35,6,2,1,4,0,0,0,1,false,,false,false,true,false,false,,,,,,false,false,false,,,false,false,false,false,false,-83.21434,42.39911,"{
  ""coordinates"": [
    -8.321434331599990e+01,
    4.239910896700010e+01
  ],
  ""type"": ""Point""
}","{
  ""coordinates"": [
    -83.214343316,
    42.399108967
  ],
  ""type"": ""Point""
}",-83.2143433159999,42.3991089670001
533,9912884,M 10 SERVICE,MILWAUKEE,2016-12-21,21,12,2016,7,4,4,3,,4,0,,1,1,4,30,2,2,2,5,0,0,0,0,true,,true,true,false,false,false,,,,,,false,false,false,,,false,false,false,false,false,-83.08143,42.36578,"{
  ""coordinates"": [
    -8.308142953600000e+01,
    4.236577835200010e+01
  ],
  ""type"": ""Point""
}","{
  ""coordinates"": [
    -83.081429536,
    42.365778352
  ],
  ""type"": ""Point""
}",-83.081429536,42.3657783520001
534,9902912,PICKFORD,SALEM,2016-12-21,21,12,2016,7,4,4,9,,,0,,3,2,1,25,2,2,3,5,0,0,0,0,true,,true,false,false,false,false,,,,,,false,false,false,,,false,false,false,false,false,-83.28554,42.42329,"{
  ""coordinates"": [
    -8.328554081300000e+01,
    4.242329274400000e+01
  ],
  ""type"": ""Point""
}","{
  ""coordinates"": [
    -83.285540813,
    42.423292744
  ],
  ""type"": ""Point""
}",-83.285540813,42.423292744
535,9900437,FOREST,M 10 SERVICE,2016-12-21,21,12,2016,10,4,5,9,,4,0,,3,1,1,35,2,2,2,4,0,0,0,1,false,,false,false,false,false,false,,,,,,false,false,true,,,false,false,false,false,false,-83.07264,42.35144,"{
  ""coordinates"": [
    -8.307264120900000e+01,
    4.235144549300000e+01
  ],
  ""type"": ""Point""
}","{
  ""coordinates"": [
    -83.072641209,
    42.351445493
  ],
  ""type"": ""Point""
}",-83.072641209,42.351445493
536,9902857,GRAND,CHURCHILL,2016-12-21,21,12,2016,17,4,8,9,,4,0,,6,5,4,30,3,2,3,5,0,0,0,0,true,,false,false,false,false,false,,,,,,false,false,false,,,false,false,false,false,false,-83.08982,42.36416,"{
  ""coordinates"": [
    -8.308982318499990e+01,
    4.236415957500000e+01
  ],
  ""type"": ""Point""
}","{
  ""coordinates"": [
    -83.089823185,
    42.364159575
  ],
  ""type"": ""Point""
}",-83.0898231849999,42.364159575
537,9900449,RIVARD,NICOLET,2016-12-21,21,12,2016,17,4,5,9,,4,0,,3,2,4,0,2,2,3,2,0,1,0,1,false,,false,false,false,false,false,,,,,,false,false,false,,,false,false,false,false,false,-83.03783,42.33879,"{
  ""coordinates"": [
    -8.303783543500001e+01,
    4.233879638100010e+01
  ],
  ""type"": ""Point""
}","{
  ""coordinates"": [
    -83.037835435,
    42.338796381
  ],
  ""type"": ""Point""
}",-83.037835435,42.3387963810001
538,9949361,VERNOR,CLARKDALE,2016-12-21,21,12,2016,15,4,8,9,,4,3,,2,1,1,35,2,2,3,4,0,0,0,1,false,,false,false,true,false,false,,,,,,false,true,false,,,false,false,false,false,false,-83.09499,42.3206,"{
  ""coordinates"": [
    -8.309499037599990e+01,
    4.232060296500000e+01
  ],
  ""type"": ""Point""
}","{
  ""coordinates"": [
    -83.094990376,
    42.320602965
  ],
  ""type"": ""Point""
}",-83.0949903759999,42.320602965
539,9900433,ROSEMONT,LYNDON,2016-12-21,21,12,2016,17,4,4,9,,,0,,1,1,4,25,3,2,3,5,0,0,0,0,true,,false,false,true,false,false,,,,,,false,false,true,,,false,false,false,false,false,-83.22018,42.39388,"{
  ""coordinates"": [
    -8.322018615099999e+01,
    4.239388147300010e+01
  ],
  ""type"": ""Point""
}","{
  ""coordinates"": [
    -83.220186151,
    42.393881473
  ],
  ""type"": ""Point""
}",-83.220186151,42.3938814730001
540,9902972,NORFOLK,MARK TWAIN,2016-12-21,21,12,2016,15,4,4,9,,,0,,3,2,1,25,4,2,1,4,0,0,0,1,false,,false,false,false,false,false,,,,,,false,true,false,,,false,false,false,false,false,-83.18817,42.44271,"{
  ""coordinates"": [
    -8.318816773000000e+01,
    4.244270940900000e+01
  ],
  ""type"": ""Point""
}","{
  ""coordinates"": [
    -83.18816773,
    42.442709409
  ],
  ""type"": ""Point""
}",-83.18816773,42.442709409
541,9902973,N M 10,LIVERNOIS,2016-12-21,21,12,2016,18,4,8,3,,1,0,,2,1,4,30,4,2,1,5,0,0,0,0,true,,false,false,true,false,false,,,,,,false,true,false,,,false,false,false,false,false,-83.14098,42.40494,"{
  ""coordinates"": [
    -8.314097922699990e+01,
    4.240494293800000e+01
  ],
  ""type"": ""Point""
}","{
  ""coordinates"": [
    -83.140979227,
    42.404942938
  ],
  ""type"": ""Point""
}",-83.1409792269999,42.404942938
542,9900450,JEFFERSON,MCDOUGALL,2016-12-21,21,12,2016,0,4,5,9,,4,3,,6,1,4,0,4,2,1,4,0,0,0,1,false,,false,false,false,false,false,,,,,,false,false,false,,,false,false,false,false,false,-83.01699,42.34067,"{
  ""coordinates"": [
    -8.301699189100000e+01,
    4.234066987400010e+01
  ],
  ""type"": ""Point""
}","{
  ""coordinates"": [
    -83.016991891,
    42.340669874
  ],
  ""type"": ""Point""
}",-83.016991891,42.3406698740001
543,9902962,MEYERS,7 MILE,2016-12-21,21,12,2016,18,4,1,9,,4,0,,2,1,4,30,4,2,1,4,0,0,0,1,false,,false,false,false,false,false,,,,,,true,false,false,,,false,false,false,false,false,-83.17067,42.43084,"{
  ""coordinates"": [
    -8.317067311999990e+01,
    4.243083735900010e+01
  ],
  ""type"": ""Point""
}","{
  ""coordinates"": [
    -83.17067312,
    42.430837359
  ],
  ""type"": ""Point""
}",-83.1706731199999,42.4308373590001
544,9900373,I 94,LINWOOD,2016-12-21,21,12,2016,15,4,1,1,,1,0,,1,2,1,55,3,1,2,5,0,0,0,0,true,,false,false,false,false,false,,,,,,false,false,true,,,false,false,false,false,false,-83.0931,42.35213,"{
  ""coordinates"": [
    -8.309309840299990e+01,
    4.235213093200010e+01
  ],
  ""type"": ""Point""
}","{
  ""coordinates"": [
    -83.093098403,
    42.352130932
  ],
  ""type"": ""Point""
}",-83.0930984029999,42.3521309320001
545,9914363,M-39,PLYMOUTH,2016-12-21,21,12,2016,9,4,1,3,,1,1,,1,2,1,55,3,1,1,4,0,0,0,1,false,,false,false,false,false,false,,,,,,false,false,false,,,false,false,false,false,false,-83.21661,42.36863,"{
  ""coordinates"": [
    -8.321660697399990e+01,
    4.236862897500000e+01
  ],
  ""type"": ""Point""
}","{
  ""coordinates"": [
    -83.216606974,
    42.368628975
  ],
  ""type"": ""Point""
}",-83.2166069739999,42.368628975
546,9909828,APPLETON,7 MILE,2016-12-21,21,12,2016,19,4,4,9,,,0,,2,1,5,35,6,2,2,3,0,0,1,0,false,,true,false,false,false,false,,,,,,false,true,false,,,false,false,false,false,false,-83.27411,42.42902,"{
  ""coordinates"": [
    -8.327410923699991e+01,
    4.242902086600000e+01
  ],
  ""type"": ""Point""
}","{
  ""coordinates"": [
    -83.274109237,
    42.429020866
  ],
  ""type"": ""Point""
}",-83.2741092369999,42.429020866
547,9902859,N M 10,CLAIRMOUNT,2016-12-21,21,12,2016,2,4,1,3,,1,1,,3,2,4,55,4,1,1,5,0,0,0,0,true,,false,false,false,false,false,,,,,,false,false,false,,,false,false,false,false,false,-83.09003,42.37947,"{
  ""coordinates"": [
    -8.309003474600000e+01,
    4.237947350100010e+01
  ],
  ""type"": ""Point""
}","{
  ""coordinates"": [
    -83.090034746,
    42.379473501
  ],
  ""type"": ""Point""
}",-83.090034746,42.3794735010001
548,9900457,CASINO,LANARK,2016-12-21,21,12,2016,10,4,4,9,,,0,,3,1,1,25,2,2,2,5,0,0,0,0,true,,false,false,false,false,false,,,,,,false,false,true,,,false,false,false,false,false,-82.93488,42.42223,"{
  ""coordinates"": [
    -8.293488339899990e+01,
    4.242223369500000e+01
  ],
  ""type"": ""Point""
}","{
  ""coordinates"": [
    -82.934883399,
    42.422233695
  ],
  ""type"": ""Point""
}",-82.9348833989999,42.422233695
549,9902971,PEMBBROKE,SCHAEFER,2016-12-21,21,12,2016,15,4,8,9,,,3,,3,2,1,25,2,2,0,5,0,0,0,0,true,,false,false,true,false,false,,,,,,false,false,false,,,false,false,false,false,false,-83.1802,42.43833,"{
  ""coordinates"": [
    -8.318019984599989e+01,
    4.243832961600000e+01
  ],
  ""type"": ""Point""
}","{
  ""coordinates"": [
    -83.180199846,
    42.438329616
  ],
  ""type"": ""Point""
}",-83.1801998459999,42.438329616
550,9900458,GRAND RIVER,GREENFIELD,2016-12-21,21,12,2016,16,4,4,3,,1,0,,98,98,98,30,3,2,1,5,0,0,0,0,true,,false,false,true,false,false,,,,,,false,false,false,,,false,false,false,false,false,-83.19836,42.39265,"{
  ""coordinates"": [
    -8.319835688900000e+01,
    4.239265488500010e+01
  ],
  ""type"": ""Point""
}","{
  ""coordinates"": [
    -83.198356889,
    42.392654885
  ],
  ""type"": ""Point""
}",-83.198356889,42.3926548850001
551,9912879,I-96,EVERGREEN,2016-12-21,21,12,2016,11,4,1,1,,1,1,,1,1,1,70,3,1,1,4,0,0,0,1,false,,false,false,false,false,false,,,,,,false,false,false,,,false,false,false,false,false,-83.23515,42.37931,"{
  ""coordinates"": [
    -8.323514752999991e+01,
    4.237931110600000e+01
  ],
  ""type"": ""Point""
}","{
  ""coordinates"": [
    -83.23514753,
    42.379311106
  ],
  ""type"": ""Point""
}",-83.2351475299999,42.379311106
552,9922239,TRAVERSE,RAYMOND,2016-12-21,21,12,2016,10,4,9,9,,,0,,4,5,1,15,1,2,4,4,0,0,0,1,false,,false,false,false,false,false,,,,,,false,false,false,,,false,false,false,false,false,-83.00853,42.40037,"{
  ""coordinates"": [
    -8.300852723900000e+01,
    4.240036704200000e+01
  ],
  ""type"": ""Point""
}","{
  ""coordinates"": [
    -83.008527239,
    42.400367042
  ],
  ""type"": ""Point""
}",-83.008527239,42.400367042
553,9902870,HOMER,LAWNDALE,2016-12-21,21,12,2016,7,4,98,9,,,0,,2,1,4,25,4,2,0,5,0,0,0,0,true,,false,false,true,false,false,,,,,,false,false,false,,,false,false,false,false,false,-83.12817,42.30305,"{
  ""coordinates"": [
    -8.312816339100000e+01,
    4.230304909800000e+01
  ],
  ""type"": ""Point""
}","{
  ""coordinates"": [
    -83.128163391,
    42.303049098
  ],
  ""type"": ""Point""
}",-83.128163391,42.303049098
554,9904014,PINEHURST,FINKELL,2016-12-21,21,12,2016,14,4,10,9,,,0,,4,1,1,25,2,2,3,5,0,0,0,0,true,,false,false,false,false,false,,,,,,false,false,false,,,false,false,false,false,false,-83.16621,42.4024,"{
  ""coordinates"": [
    -8.316620529799999e+01,
    4.240240148200010e+01
  ],
  ""type"": ""Point""
}","{
  ""coordinates"": [
    -83.166205298,
    42.402401482
  ],
  ""type"": ""Point""
}",-83.166205298,42.4024014820001
555,9909738,I 75,CLAY,2016-12-21,21,12,2016,2,4,8,1,,1,0,,1,1,4,70,4,2,1,5,0,0,0,0,true,,false,false,false,false,false,,,,,,false,false,false,,,false,false,false,false,false,-83.06097,42.37593,"{
  ""coordinates"": [
    -8.306096297600000e+01,
    4.237592621600000e+01
  ],
  ""type"": ""Point""
}","{
  ""coordinates"": [
    -83.060962976,
    42.375926216
  ],
  ""type"": ""Point""
}",-83.060962976,42.375926216
556,9900442,ST JEAN,CHARLEVOIX,2016-12-21,21,12,2016,8,4,1,9,,4,0,,3,5,1,35,2,1,1,4,0,0,0,1,false,,false,false,false,false,false,,,,,,false,false,false,,,false,false,false,false,false,-82.97518,42.37397,"{
  ""coordinates"": [
    -8.297518194500000e+01,
    4.237397555600010e+01
  ],
  ""type"": ""Point""
}","{
  ""coordinates"": [
    -82.975181945,
    42.373975556
  ],
  ""type"": ""Point""
}",-82.975181945,42.3739755560001
557,9912934,CHIPPEWA,ARDMORE,2016-12-21,21,12,2016,16,4,4,9,,,0,,3,5,1,25,1,2,2,4,0,0,0,1,false,,false,false,false,false,false,,,,,,false,false,false,,,false,false,false,false,false,-83.18566,42.44064,"{
  ""coordinates"": [
    -8.318566406699991e+01,
    4.244064468700000e+01
  ],
  ""type"": ""Point""
}","{
  ""coordinates"": [
    -83.185664067,
    42.440644687
  ],
  ""type"": ""Point""
}",-83.1856640669999,42.440644687
558,9900435,JOY,KENTUCKY,2016-12-21,21,12,2016,18,4,1,9,,4,1,,1,1,4,35,4,1,1,5,0,0,0,0,true,,false,false,true,false,false,,,,,,false,false,false,,,false,false,false,false,false,-83.15631,42.35904,"{
  ""coordinates"": [
    -8.315631157000000e+01,
    4.235904394200000e+01
  ],
  ""type"": ""Point""
}","{
  ""coordinates"": [
    -83.15631157,
    42.359043942
  ],
  ""type"": ""Point""
}",-83.15631157,42.359043942
559,9900430,S M 10,WYOMING,2016-12-21,21,12,2016,8,4,8,3,,1,0,,1,1,1,55,3,2,2,5,0,0,0,0,true,,false,false,false,false,false,,,,,,false,true,false,,,false,false,false,false,false,-83.15912,42.40495,"{
  ""coordinates"": [
    -8.315911954400001e+01,
    4.240495385300010e+01
  ],
  ""type"": ""Point""
}","{
  ""coordinates"": [
    -83.159119544,
    42.404953853
  ],
  ""type"": ""Point""
}",-83.159119544,42.4049538530001
560,9901460,VAN DYKE,7 MILE,2016-12-21,21,12,2016,13,4,98,3,,1,0,,1,1,1,35,3,2,2,4,0,0,0,1,false,,false,false,false,false,false,,,,,,false,false,false,,,false,false,false,false,false,-83.02425,42.43394,"{
  ""coordinates"": [
    -8.302424705999989e+01,
    4.243393922700010e+01
  ],
  ""type"": ""Point""
}","{
  ""coordinates"": [
    -83.02424706,
    42.433939227
  ],
  ""type"": ""Point""
}",-83.0242470599999,42.4339392270001
561,9902916,FENKELL,LINDSAY,2016-12-21,21,12,2016,13,4,4,9,,2,0,,2,2,1,35,4,2,2,5,0,0,0,0,true,,false,false,true,false,false,,,,,,false,false,false,,,false,false,false,false,false,-83.21278,42.40121,"{
  ""coordinates"": [
    -8.321277411100000e+01,
    4.240120694000010e+01
  ],
  ""type"": ""Point""
}","{
  ""coordinates"": [
    -83.212774111,
    42.40120694
  ],
  ""type"": ""Point""
}",-83.212774111,42.4012069400001
562,9900404,M-10,GRAND RIVER,2016-12-21,21,12,2016,17,4,8,3,,1,0,,1,1,4,55,3,2,1,5,0,0,0,0,true,,false,false,true,false,false,,,,,,false,false,false,,,false,false,false,false,false,-83.06657,42.34015,"{
  ""coordinates"": [
    -8.306657411099999e+01,
    4.234014535800000e+01
  ],
  ""type"": ""Point""
}","{
  ""coordinates"": [
    -83.066574111,
    42.340145358
  ],
  ""type"": ""Point""
}",-83.066574111,42.340145358
563,9915613,I-96,EVERGREEN,2016-12-21,21,12,2016,17,4,5,1,,1,0,,1,1,1,55,2,2,3,4,0,0,0,1,false,,false,false,false,false,false,,,,,,false,false,false,,,false,false,false,false,false,-83.23914,42.38249,"{
  ""coordinates"": [
    -8.323913739400000e+01,
    4.238249224000000e+01
  ],
  ""type"": ""Point""
}","{
  ""coordinates"": [
    -83.239137394,
    42.38249224
  ],
  ""type"": ""Point""
}",-83.239137394,42.38249224
564,9902937,WYOMING,EATON,2016-12-21,21,12,2016,19,4,98,9,,4,0,,2,1,4,30,2,4,2,5,0,0,0,0,true,,false,false,true,false,false,,,,,,false,false,true,,,false,false,false,false,false,-83.15946,42.39794,"{
  ""coordinates"": [
    -8.315946340300000e+01,
    4.239793978300000e+01
  ],
  ""type"": ""Point""
}","{
  ""coordinates"": [
    -83.159463403,
    42.397939783
  ],
  ""type"": ""Point""
}",-83.159463403,42.397939783
565,9901425,PLYMOUTH,SOUTHFIELD SERVICE DRIVE,2016-12-21,21,12,2016,20,4,97,9,,4,0,,1,2,3,35,4,2,6,5,0,0,0,0,true,,false,false,true,false,false,,,,,,false,false,false,,,false,false,false,false,false,-83.21712,42.37225,"{
  ""coordinates"": [
    -8.321712632399991e+01,
    4.237224923800010e+01
  ],
  ""type"": ""Point""
}","{
  ""coordinates"": [
    -83.217126324,
    42.372249238
  ],
  ""type"": ""Point""
}",-83.2171263239999,42.3722492380001
566,9900463,STOTTER,EMERY,2016-12-21,21,12,2016,20,4,5,9,,,0,,3,5,4,30,3,2,2,5,0,0,0,0,true,,false,false,false,false,false,,,,,,false,true,false,,,false,false,false,false,false,-83.02533,42.43578,"{
  ""coordinates"": [
    -8.302532639700000e+01,
    4.243577732900010e+01
  ],
  ""type"": ""Point""
}","{
  ""coordinates"": [
    -83.025326397,
    42.435777329
  ],
  ""type"": ""Point""
}",-83.025326397,42.4357773290001
567,9901413,MCNICHOLS,GREENVIEW,2016-12-21,21,12,2016,17,4,6,9,,2,0,,1,1,3,30,4,2,1,5,0,0,0,0,true,,false,false,true,false,false,,,,,,false,true,false,,,false,false,false,false,false,-83.22461,42.41544,"{
  ""coordinates"": [
    -8.322461164500000e+01,
    4.241543710200010e+01
  ],
  ""type"": ""Point""
}","{
  ""coordinates"": [
    -83.224611645,
    42.415437102
  ],
  ""type"": ""Point""
}",-83.224611645,42.4154371020001
568,9902904,GRANDVILLE,MARGARETA,2016-12-21,21,12,2016,16,4,2,9,,,0,,3,5,3,25,3,2,2,5,0,0,0,0,true,,false,false,false,false,false,,,,,,false,false,false,,,false,false,false,false,false,-83.23204,42.42661,"{
  ""coordinates"": [
    -8.323203966200001e+01,
    4.242660892500000e+01
  ],
  ""type"": ""Point""
}","{
  ""coordinates"": [
    -83.232039662,
    42.426608925
  ],
  ""type"": ""Point""
}",-83.232039662,42.426608925
569,9902854,SCHOOLCRAFT,WESTWOOD,2016-12-21,21,12,2016,0,4,9,9,,2,2,,2,1,4,35,4,2,2,5,0,0,0,0,true,,false,false,false,false,false,,,,,,false,false,true,,,false,false,false,false,false,-83.23173,42.38636,"{
  ""coordinates"": [
    -8.323172658599999e+01,
    4.238636539100000e+01
  ],
  ""type"": ""Point""
}","{
  ""coordinates"": [
    -83.231726586,
    42.386365391
  ],
  ""type"": ""Point""
}",-83.231726586,42.386365391
570,9912885,RAMP 047H,DAVISON,2016-12-21,21,12,2016,10,4,1,1,,1,1,,1,1,1,55,4,1,2,5,0,0,0,0,true,,false,false,false,false,false,,,,,,false,false,true,,,false,false,false,false,false,-83.08045,42.40809,"{
  ""coordinates"": [
    -8.308045494700001e+01,
    4.240809290100000e+01
  ],
  ""type"": ""Point""
}","{
  ""coordinates"": [
    -83.080454947,
    42.408092901
  ],
  ""type"": ""Point""
}",-83.080454947,42.408092901