ObjectId,Crash ID,Primary Road,Intersecting Road,Crash Date,Day,Month,Year,Hour,Weekday,Crash Type Code,Highway Classification Code,Community Code,Jurisdiction Code,Lane Departure Type Code,Surface Type,Road Condition,Weather Condition,Lighting Condition,Speed Limit,Lanes,Units,Occupants,Most Severe Injury,Fatal Injuries,Suspected Serious Injuries,Suspected Minor Injuries,Possible Injuries,Property Damage Only,Secondary Crash,Traffic Control,Red Light Run,Hit and Run,Alcohol,Drugs,Unbelted Person,Work Zone,Speeding Driver,Distracted Driver,Driveway,Pedestrian,Elderly Driver,Young Driver,Commercial Vehicle,Emergency Vehicles,Train,School Bus,Motorcycle,Bicycle,Deer,Longitude,Latitude,geom,geog,x,y
742,9897917,CHICAGO,BURT,2016-12-19,19,12,2016,15,2,4,9,,4,0,,4,5,1,35,2,2,2,5,0,0,0,0,true,,true,false,true,false,false,,,,,,false,false,false,,,false,false,false,false,false,-83.24603,42.36456,"{
  ""coordinates"": [
    -8.324603561200000e+01,
    4.236455551200000e+01
  ],
  ""type"": ""Point""
}","{
  ""coordinates"": [
    -83.246035612,
    42.364555512
  ],
  ""type"": ""Point""
}",-83.246035612,42.364555512
743,9897950,7 MILE,CONANT,2016-12-19,19,12,2016,17,2,1,9,,4,0,,1,1,1,35,8,1,1,3,0,0,1,0,false,,false,false,false,false,false,,,,,,false,false,false,,,false,false,false,false,false,-83.07366,42.43293,"{
  ""coordinates"": [
    -8.307366383899991e+01,
    4.243292795300000e+01
  ],
  ""type"": ""Point""
}","{
  ""coordinates"": [
    -83.073663839,
    42.432927953
  ],
  ""type"": ""Point""
}",-83.0736638389999,42.432927953
744,9896376,MACK,BRUSH,2016-12-19,19,12,2016,7,2,5,9,,4,0,,1,1,1,0,6,2,3,5,0,0,0,0,true,,false,false,false,false,false,,,,,,false,false,false,,,false,false,false,false,false,-83.05376,42.34934,"{
  ""coordinates"": [
    -8.305375656699989e+01,
    4.234934037000000e+01
  ],
  ""type"": ""Point""
}","{
  ""coordinates"": [
    -83.053756567,
    42.34934037
  ],
  ""type"": ""Point""
}",-83.0537565669999,42.34934037
745,9897934,7 MILE,VAN DYKE,2016-12-19,19,12,2016,10,2,8,3,,4,0,,4,1,1,25,1,2,1,5,0,0,0,0,true,,false,false,false,false,false,,,,,,false,false,false,,,false,false,false,false,false,-83.02421,42.43397,"{
  ""coordinates"": [
    -8.302420897000000e+01,
    4.243396911500000e+01
  ],
  ""type"": ""Point""
}","{
  ""coordinates"": [
    -83.02420897,
    42.433969115
  ],
  ""type"": ""Point""
}",-83.02420897,42.433969115
746,9902908,RUTHERFORD,PEMBROKE,2016-12-19,19,12,2016,8,2,8,9,,,0,,1,1,1,25,1,2,3,5,0,0,0,0,true,,false,false,true,false,false,,,,,,false,false,false,,,false,false,false,false,false,-83.20552,42.43726,"{
  ""coordinates"": [
    -8.320551755900000e+01,
    4.243725790500010e+01
  ],
  ""type"": ""Point""
}","{
  ""coordinates"": [
    -83.205517559,
    42.437257905
  ],
  ""type"": ""Point""
}",-83.205517559,42.4372579050001
747,9899312,SOUTHFIELD SERVICE DRIVE,7 MILE,2016-12-19,19,12,2016,19,2,5,9,,4,0,,6,5,3,35,4,2,2,4,0,0,0,1,false,,false,false,false,false,false,,,,,,false,true,false,,,false,false,false,false,false,-83.21889,42.43,"{
  ""coordinates"": [
    -8.321888455899990e+01,
    4.242999671600010e+01
  ],
  ""type"": ""Point""
}","{
  ""coordinates"": [
    -83.218884559,
    42.429996716
  ],
  ""type"": ""Point""
}",-83.2188845589999,42.4299967160001
748,9908389,N M 10,WYOMING,2016-12-19,19,12,2016,12,2,5,3,,1,0,,1,1,1,30,4,2,2,5,0,0,0,0,true,,false,false,false,false,false,,,,,,false,true,false,,,false,false,false,false,false,-83.15974,42.4053,"{
  ""coordinates"": [
    -8.315974485700001e+01,
    4.240529738800010e+01
  ],
  ""type"": ""Point""
}","{
  ""coordinates"": [
    -83.159744857,
    42.405297388
  ],
  ""type"": ""Point""
}",-83.159744857,42.4052973880001
749,9907430,TROJAN,PREVOST,2016-12-19,19,12,2016,15,2,5,9,,,0,,1,1,1,25,2,2,3,5,0,0,0,0,true,,false,false,true,false,false,,,,,,false,false,false,,,false,false,false,false,false,-83.20491,42.44111,"{
  ""coordinates"": [
    -8.320490659399999e+01,
    4.244111306300000e+01
  ],
  ""type"": ""Point""
}","{
  ""coordinates"": [
    -83.204906594,
    42.441113063
  ],
  ""type"": ""Point""
}",-83.204906594,42.441113063
750,9899227,M-10,MCNICHOLS,2016-12-19,19,12,2016,9,2,1,3,,1,1,,1,1,1,55,3,1,1,5,0,0,0,0,true,,false,false,false,false,false,,,,,,false,false,false,,,false,false,false,false,false,-83.17331,42.41777,"{
  ""coordinates"": [
    -8.317331040999990e+01,
    4.241776561600010e+01
  ],
  ""type"": ""Point""
}","{
  ""coordinates"": [
    -83.17331041,
    42.417765616
  ],
  ""type"": ""Point""
}",-83.1733104099999,42.4177656160001
751,9900466,WYOMING,7 MILE,2016-12-19,19,12,2016,10,2,4,9,,4,0,,2,2,1,35,5,2,3,5,0,0,0,0,true,,false,false,false,false,false,,,,,,false,false,true,,,false,false,false,false,false,-83.16099,42.43175,"{
  ""coordinates"": [
    -8.316098927600000e+01,
    4.243174943700010e+01
  ],
  ""type"": ""Point""
}","{
  ""coordinates"": [
    -83.160989276,
    42.431749437
  ],
  ""type"": ""Point""
}",-83.160989276,42.4317494370001
752,9897936,8 MILE,GREELEY,2016-12-19,19,12,2016,13,2,8,3,,1,0,,6,1,1,40,6,2,2,5,0,0,0,0,true,,false,false,false,false,false,,,,,,false,false,true,,,false,false,false,false,false,-83.08851,42.44691,"{
  ""coordinates"": [
    -8.308850723099989e+01,
    4.244691188700010e+01
  ],
  ""type"": ""Point""
}","{
  ""coordinates"": [
    -83.088507231,
    42.446911887
  ],
  ""type"": ""Point""
}",-83.0885072309999,42.4469118870001
753,9899307,SANTA MARIA,FREELAND,2016-12-19,19,12,2016,23,2,98,9,,,0,,4,1,4,25,2,2,1,5,0,0,0,0,true,,false,false,true,false,false,,,,,,false,false,false,,,false,false,false,false,false,-83.18608,42.41831,"{
  ""coordinates"": [
    -8.318608014199999e+01,
    4.241830879800010e+01
  ],
  ""type"": ""Point""
}","{
  ""coordinates"": [
    -83.186080142,
    42.418308798
  ],
  ""type"": ""Point""
}",-83.186080142,42.4183087980001
754,9902957,FAIRWAY,MCNICHOLS,2016-12-19,19,12,2016,8,2,2,9,,,2,,4,1,1,25,2,2,0,5,0,0,0,0,true,,false,false,true,false,false,,,,,,false,false,true,,,false,false,false,false,false,-83.13105,42.4194,"{
  ""coordinates"": [
    -8.313105368799999e+01,
    4.241939569700000e+01
  ],
  ""type"": ""Point""
}","{
  ""coordinates"": [
    -83.131053688,
    42.419395697
  ],
  ""type"": ""Point""
}",-83.131053688,42.419395697
755,9897915,N M 39,SCHOOLCRAFT,2016-12-19,19,12,2016,16,2,8,3,,1,0,,1,1,1,35,3,2,1,5,0,0,0,0,true,,false,false,true,false,false,,,,,,false,false,false,,,false,false,false,false,false,-83.21757,42.38726,"{
  ""coordinates"": [
    -8.321756469899999e+01,
    4.238726116700010e+01
  ],
  ""type"": ""Point""
}","{
  ""coordinates"": [
    -83.217564699,
    42.387261167
  ],
  ""type"": ""Point""
}",-83.217564699,42.3872611670001
756,9897906,GRAND RIVER,FISHER,2016-12-19,19,12,2016,16,2,8,3,,1,0,,1,1,1,30,3,2,2,5,0,0,0,0,true,,false,false,false,false,false,,,,,,false,false,false,,,false,false,false,false,false,-83.05994,42.33682,"{
  ""coordinates"": [
    -8.305994492900000e+01,
    4.233681682300000e+01
  ],
  ""type"": ""Point""
}","{
  ""coordinates"": [
    -83.059944929,
    42.336816823
  ],
  ""type"": ""Point""
}",-83.059944929,42.336816823
757,9916338,GREENFIELD,ARTHUR,2016-12-19,19,12,2016,13,2,4,9,,2,0,,1,1,1,40,6,2,2,2,0,1,0,1,false,,false,false,false,false,false,,,,,,false,false,false,,,false,false,false,false,false,-83.19614,42.34014,"{
  ""coordinates"": [
    -8.319613709899990e+01,
    4.234013619400010e+01
  ],
  ""type"": ""Point""
}","{
  ""coordinates"": [
    -83.196137099,
    42.340136194
  ],
  ""type"": ""Point""
}",-83.1961370989999,42.3401361940001
758,9899247,JEFFERSON,RANDOLPH,2016-12-19,19,12,2016,14,2,8,4,,1,0,,1,5,1,30,4,2,3,5,0,0,0,0,true,,false,false,false,false,false,,,,,,false,true,false,,,false,false,false,false,false,-83.04177,42.32968,"{
  ""coordinates"": [
    -8.304176964500000e+01,
    4.232968294400010e+01
  ],
  ""type"": ""Point""
}","{
  ""coordinates"": [
    -83.041769645,
    42.329682944
  ],
  ""type"": ""Point""
}",-83.041769645,42.3296829440001
759,9901434,JOY,N M 39 SERVICE DRIVE,2016-12-19,19,12,2016,8,2,97,9,,2,0,,3,1,1,30,2,2,3,5,0,0,0,0,true,,false,false,false,false,false,,,,,,false,false,true,,,false,false,false,false,false,-83.21561,42.35786,"{
  ""coordinates"": [
    -8.321561343600000e+01,
    4.235786334600000e+01
  ],
  ""type"": ""Point""
}","{
  ""coordinates"": [
    -83.215613436,
    42.357863346
  ],
  ""type"": ""Point""
}",-83.215613436,42.357863346
760,9897923,GRATIOT,VAN DYKE,2016-12-19,19,12,2016,18,2,8,3,,1,0,,1,1,4,45,8,2,2,5,0,0,0,0,true,,false,false,false,false,false,,,,,,false,true,false,,,false,false,false,false,false,-83.01469,42.37881,"{
  ""coordinates"": [
    -8.301468806699999e+01,
    4.237880829000010e+01
  ],
  ""type"": ""Point""
}","{
  ""coordinates"": [
    -83.014688067,
    42.37880829
  ],
  ""type"": ""Point""
}",-83.014688067,42.3788082900001
761,9897908,MCGRAW,WEIR,2016-12-18,18,12,2016,0,1,8,3,,1,0,,3,5,4,30,4,2,2,5,0,0,0,0,true,,false,false,false,false,false,,,,,,false,false,false,,,false,false,false,false,false,-83.1553,42.32996,"{
  ""coordinates"": [
    -8.315529397700000e+01,
    4.232995911900010e+01
  ],
  ""type"": ""Point""
}","{
  ""coordinates"": [
    -83.155293977,
    42.329959119
  ],
  ""type"": ""Point""
}",-83.155293977,42.3299591190001
762,9896354,W I 96,EVERGREEN,2016-12-18,18,12,2016,13,1,1,1,,1,1,,1,1,1,70,3,1,2,4,0,0,0,1,false,,false,false,false,false,false,,,,,,false,false,true,,,false,false,false,false,false,-83.23646,42.38034,"{
  ""coordinates"": [
    -8.323645507200000e+01,
    4.238033647800010e+01
  ],
  ""type"": ""Point""
}","{
  ""coordinates"": [
    -83.236455072,
    42.380336478
  ],
  ""type"": ""Point""
}",-83.236455072,42.3803364780001
763,9897909,SCOTTEN,TORREY,2016-12-18,18,12,2016,1,1,1,9,,4,0,,3,5,4,25,2,1,1,5,0,0,0,0,true,,false,false,false,false,false,,,,,,false,false,true,,,false,false,false,false,false,-83.10233,42.33271,"{
  ""coordinates"": [
    -8.310233679800000e+01,
    4.233271404300010e+01
  ],
  ""type"": ""Point""
}","{
  ""coordinates"": [
    -83.102336798,
    42.332714043
  ],
  ""type"": ""Point""
}",-83.102336798,42.3327140430001
764,9899266,STAIR,VERNOR,2016-12-18,18,12,2016,19,1,3,9,,,0,,1,5,4,30,2,2,2,5,0,0,0,0,true,,false,false,false,false,false,,,,,,false,false,true,,,false,false,false,false,false,-83.12212,42.31357,"{
  ""coordinates"": [
    -8.312212082799989e+01,
    4.231356752100000e+01
  ],
  ""type"": ""Point""
}","{
  ""coordinates"": [
    -83.122120828,
    42.313567521
  ],
  ""type"": ""Point""
}",-83.1221208279999,42.313567521
765,9896416,GREENFIELD,7 MILE,2016-12-18,18,12,2016,17,1,5,9,,2,0,,1,1,1,30,3,2,3,5,0,0,0,0,true,,false,false,false,false,false,,,,,,false,false,false,,,false,false,false,false,false,-83.19988,42.43082,"{
  ""coordinates"": [
    -8.319988184800000e+01,
    4.243082487300010e+01
  ],
  ""type"": ""Point""
}","{
  ""coordinates"": [
    -83.199881848,
    42.430824873
  ],
  ""type"": ""Point""
}",-83.199881848,42.4308248730001
766,9900429,W/B I-96,LIVERNOIS,2016-12-18,18,12,2016,5,1,1,1,,1,1,,2,2,4,70,4,1,1,5,0,0,0,0,true,,false,false,false,false,false,,,,,,false,false,true,,,false,false,false,false,false,-83.13908,42.36751,"{
  ""coordinates"": [
    -8.313908107899989e+01,
    4.236750918800000e+01
  ],
  ""type"": ""Point""
}","{
  ""coordinates"": [
    -83.139081079,
    42.367509188
  ],
  ""type"": ""Point""
}",-83.1390810789999,42.367509188
767,9900423,I-94,MT ELLIOTT,2016-12-18,18,12,2016,0,1,1,1,,1,1,,2,1,4,55,3,1,1,4,0,0,0,1,false,,false,false,false,false,false,,,,,,false,false,false,,,false,false,false,false,false,-83.03245,42.38028,"{
  ""coordinates"": [
    -8.303244988900001e+01,
    4.238027485500000e+01
  ],
  ""type"": ""Point""
}","{
  ""coordinates"": [
    -83.032449889,
    42.380274855
  ],
  ""type"": ""Point""
}",-83.032449889,42.380274855
768,9900403,M-39,CURTIS,2016-12-18,18,12,2016,3,1,5,3,,1,0,,2,2,4,55,3,2,2,5,0,0,0,0,true,,false,false,false,false,false,,,,,,false,false,false,,,false,false,false,false,false,-83.21892,42.42196,"{
  ""coordinates"": [
    -8.321891907900000e+01,
    4.242195785000010e+01
  ],
  ""type"": ""Point""
}","{
  ""coordinates"": [
    -83.218919079,
    42.42195785
  ],
  ""type"": ""Point""
}",-83.218919079,42.4219578500001
769,9896404,11666 MARTINDALE,ELMHURST,2016-12-18,18,12,2016,20,1,5,9,,,0,,4,98,98,25,1,2,0,5,0,0,0,0,true,,false,false,true,false,false,,,,,,false,false,true,,,false,false,false,false,false,-83.13194,42.37813,"{
  ""coordinates"": [
    -8.313193341999990e+01,
    4.237812864400010e+01
  ],
  ""type"": ""Point""
}","{
  ""coordinates"": [
    -83.13193342,
    42.378128644
  ],
  ""type"": ""Point""
}",-83.1319334199999,42.3781286440001
770,9896414,LABELLE,LASALLE,2016-12-18,18,12,2016,20,1,5,9,,,0,,4,5,4,25,2,2,0,5,0,0,0,0,true,,false,false,true,false,false,,,,,,false,false,false,,,false,false,false,false,false,-83.12207,42.39756,"{
  ""coordinates"": [
    -8.312206687199991e+01,
    4.239755820800010e+01
  ],
  ""type"": ""Point""
}","{
  ""coordinates"": [
    -83.122066872,
    42.397558208
  ],
  ""type"": ""Point""
}",-83.1220668719999,42.3975582080001
771,9896364,TRACEY,PURITAN,2016-12-18,18,12,2016,11,1,8,9,,,0,,4,1,1,25,2,2,1,5,0,0,0,0,true,,false,false,false,false,false,,,,,,false,false,false,,,false,false,false,false,false,-83.18053,42.4096,"{
  ""coordinates"": [
    -8.318053726499990e+01,
    4.240960227000010e+01
  ],
  ""type"": ""Point""
}","{
  ""coordinates"": [
    -83.180537265,
    42.40960227
  ],
  ""type"": ""Point""
}",-83.1805372649999,42.4096022700001
772,9897947,MEYERS,PICKFORD,2016-12-18,18,12,2016,7,1,4,9,,4,0,,4,5,4,30,2,2,1,4,0,0,0,1,false,,false,false,true,false,false,,,,,,false,false,true,,,false,false,false,false,false,-83.17049,42.42582,"{
  ""coordinates"": [
    -8.317049319400000e+01,
    4.242582382100010e+01
  ],
  ""type"": ""Point""
}","{
  ""coordinates"": [
    -83.170493194,
    42.425823821
  ],
  ""type"": ""Point""
}",-83.170493194,42.4258238210001
773,9896394,LAFAYETTE,VAN DYKE,2016-12-18,18,12,2016,12,1,9,9,,4,0,,2,1,1,30,2,2,9,4,0,0,0,2,false,,false,false,false,false,false,,,,,,false,false,false,,,false,false,false,false,false,-82.99623,42.35324,"{
  ""coordinates"": [
    -8.299623022899991e+01,
    4.235324392400000e+01
  ],
  ""type"": ""Point""
}","{
  ""coordinates"": [
    -82.996230229,
    42.353243924
  ],
  ""type"": ""Point""
}",-82.9962302289999,42.353243924
774,9899295,7 MILE,GRATIOT,2016-12-18,18,12,2016,17,1,5,3,,4,0,,2,1,4,0,4,2,4,5,0,0,0,0,true,,false,false,false,false,false,,,,,,false,false,false,,,false,false,false,false,false,-82.97806,42.43507,"{
  ""coordinates"": [
    -8.297805886200000e+01,
    4.243506758400010e+01
  ],
  ""type"": ""Point""
}","{
  ""coordinates"": [
    -82.978058862,
    42.435067584
  ],
  ""type"": ""Point""
}",-82.978058862,42.4350675840001
775,9932550,WARRENDALE,WARREN,2016-12-18,18,12,2016,20,1,8,9,,4,0,,1,1,4,25,2,2,2,5,0,0,0,0,true,,false,false,false,false,false,,,,,,false,true,false,,,false,false,false,false,false,-83.07815,42.35242,"{
  ""coordinates"": [
    -8.307814958800000e+01,
    4.235242308400010e+01
  ],
  ""type"": ""Point""
}","{
  ""coordinates"": [
    -83.078149588,
    42.352423084
  ],
  ""type"": ""Point""
}",-83.078149588,42.3524230840001
776,9911955,MCNICHOLS,GREENFIELD,2016-12-18,18,12,2016,14,1,5,9,,2,0,,1,1,1,35,3,2,4,5,0,0,0,0,true,,false,false,false,false,false,,,,,,false,true,false,,,false,false,false,false,false,-83.19927,42.41598,"{
  ""coordinates"": [
    -8.319926882300000e+01,
    4.241598303300000e+01
  ],
  ""type"": ""Point""
}","{
  ""coordinates"": [
    -83.199268823,
    42.415983033
  ],
  ""type"": ""Point""
}",-83.199268823,42.415983033
777,9897900,WHITCOMB,BELTON,2016-12-18,18,12,2016,17,1,97,9,,,0,,3,1,4,25,3,2,0,5,0,0,0,0,true,,false,false,true,false,false,,,,,,false,false,false,,,false,false,false,false,false,-83.19456,42.35317,"{
  ""coordinates"": [
    -8.319456726600001e+01,
    4.235317227300000e+01
  ],
  ""type"": ""Point""
}","{
  ""coordinates"": [
    -83.194567266,
    42.353172273
  ],
  ""type"": ""Point""
}",-83.194567266,42.353172273
778,9919740,E I 94,CHALMERS,2016-12-18,18,12,2016,2,1,1,1,,1,1,,4,5,4,55,3,1,1,5,0,0,0,0,true,,false,false,false,false,false,,,,,,false,false,true,,,false,false,false,false,false,-82.96692,42.40296,"{
  ""coordinates"": [
    -8.296692155800000e+01,
    4.240296217000010e+01
  ],
  ""type"": ""Point""
}","{
  ""coordinates"": [
    -82.966921558,
    42.40296217
  ],
  ""type"": ""Point""
}",-82.966921558,42.4029621700001
779,9902869,MACK,ELLERY,2016-12-18,18,12,2016,7,1,5,9,,4,0,,1,1,1,35,6,2,2,5,0,0,0,0,true,,false,false,false,false,false,,,,,,false,false,false,,,false,false,false,false,false,-83.02564,42.35982,"{
  ""coordinates"": [
    -8.302563988299990e+01,
    4.235982180900000e+01
  ],
  ""type"": ""Point""
}","{
  ""coordinates"": [
    -83.025639883,
    42.359821809
  ],
  ""type"": ""Point""
}",-83.0256398829999,42.359821809
780,9899297,CAMDEN,CHALMERS,2016-12-18,18,12,2016,20,1,98,9,,,0,,3,5,4,25,2,2,0,5,0,0,0,0,true,,false,false,true,false,false,,,,,,false,false,false,,,false,false,false,false,false,-82.96603,42.40724,"{
  ""coordinates"": [
    -8.296602419700000e+01,
    4.240723848900010e+01
  ],
  ""type"": ""Point""
}","{
  ""coordinates"": [
    -82.966024197,
    42.407238489
  ],
  ""type"": ""Point""
}",-82.966024197,42.4072384890001
781,9897877,I-75,DAVISON,2016-12-18,18,12,2016,11,1,1,1,,1,1,,1,1,1,55,4,1,1,4,0,0,0,1,false,,false,false,false,false,false,,,,,,false,false,false,,,false,false,false,false,false,-83.07935,42.40842,"{
  ""coordinates"": [
    -8.307934218000000e+01,
    4.240842236000000e+01
  ],
  ""type"": ""Point""
}","{
  ""coordinates"": [
    -83.07934218,
    42.40842236
  ],
  ""type"": ""Point""
}",-83.07934218,42.40842236
782,9896395,VAN DYKE,SPRAGUE,2016-12-18,18,12,2016,5,1,1,9,,4,1,,4,5,4,25,2,1,1,5,0,0,0,0,true,,false,false,false,false,false,,,,,,false,false,true,,,false,false,false,false,false,-83.00892,42.37088,"{
  ""coordinates"": [
    -8.300892234100000e+01,
    4.237088019500000e+01
  ],
  ""type"": ""Point""
}","{
  ""coordinates"": [
    -83.008922341,
    42.370880195
  ],
  ""type"": ""Point""
}",-83.008922341,42.370880195
783,9896405,DEXTER,ELMHURST,2016-12-18,18,12,2016,3,1,4,9,,4,0,,4,5,4,35,2,2,2,5,0,0,0,0,true,,false,false,true,false,false,,,,,,false,false,false,,,false,false,false,false,false,-83.12502,42.38105,"{
  ""coordinates"": [
    -8.312501230200000e+01,
    4.238105075700000e+01
  ],
  ""type"": ""Point""
}","{
  ""coordinates"": [
    -83.125012302,
    42.381050757
  ],
  ""type"": ""Point""
}",-83.125012302,42.381050757
784,9919741,M-10,FORT,2016-12-18,18,12,2016,3,1,2,3,,1,2,,4,5,4,55,3,2,3,4,0,0,0,1,false,,false,false,false,true,false,,,,,,false,false,true,,,false,false,false,false,false,-83.0572,42.32806,"{
  ""coordinates"": [
    -8.305719625599990e+01,
    4.232806127800010e+01
  ],
  ""type"": ""Point""
}","{
  ""coordinates"": [
    -83.057196256,
    42.328061278
  ],
  ""type"": ""Point""
}",-83.0571962559999,42.3280612780001
785,9897902,DEXTER,LAWRENCE,2016-12-18,18,12,2016,14,1,4,9,,4,0,,1,1,1,35,2,2,4,5,0,0,0,0,true,,false,false,true,false,false,,,,,,false,false,false,,,false,false,false,false,false,-83.12289,42.37791,"{
  ""coordinates"": [
    -8.312288880800000e+01,
    4.237790836000000e+01
  ],
  ""type"": ""Point""
}","{
  ""coordinates"": [
    -83.122888808,
    42.37790836
  ],
  ""type"": ""Point""
}",-83.122888808,42.37790836
786,9919742,S/B I-75,SCHAEFER,2016-12-18,18,12,2016,3,1,5,1,,1,0,,2,2,4,70,4,2,1,5,0,0,0,0,true,,false,false,false,false,false,,,,,,false,false,false,,,false,false,false,false,false,-83.14948,42.28203,"{
  ""coordinates"": [
    -8.314948091299991e+01,
    4.228203245100010e+01
  ],
  ""type"": ""Point""
}","{
  ""coordinates"": [
    -83.149480913,
    42.282032451
  ],
  ""type"": ""Point""
}",-83.1494809129999,42.2820324510001
787,9897941,MUIRLAND,CURTIS,2016-12-18,18,12,2016,5,1,5,9,,,0,,6,2,4,25,2,2,0,5,0,0,0,0,true,,false,false,true,false,false,,,,,,false,true,false,,,false,false,false,false,false,-83.13451,42.42669,"{
  ""coordinates"": [
    -8.313451700000000e+01,
    4.242669298400010e+01
  ],
  ""type"": ""Point""
}","{
  ""coordinates"": [
    -83.134517,
    42.426692984
  ],
  ""type"": ""Point""
}",-83.134517,42.4266929840001
788,9897938,DAVISON SERVICE,CONANT,2016-12-18,18,12,2016,11,1,4,3,,1,0,,3,5,4,25,4,2,1,3,0,0,1,0,false,,false,false,true,false,false,,,,,,false,false,false,,,false,false,false,false,false,-83.06148,42.41552,"{
  ""coordinates"": [
    -8.306147802899990e+01,
    4.241551952300010e+01
  ],
  ""type"": ""Point""
}","{
  ""coordinates"": [
    -83.061478029,
    42.415519523
  ],
  ""type"": ""Point""
}",-83.0614780289999,42.4155195230001
789,9909767,M-39,CURTIS,2016-12-18,18,12,2016,3,1,97,3,,1,0,,2,2,4,55,3,3,1,3,0,0,3,0,false,,false,false,false,false,false,,,,,,true,false,true,,,false,false,false,false,false,-83.21892,42.42196,"{
  ""coordinates"": [
    -8.321891907900000e+01,
    4.242195785000010e+01
  ],
  ""type"": ""Point""
}","{
  ""coordinates"": [
    -83.218919079,
    42.42195785
  ],
  ""type"": ""Point""
}",-83.218919079,42.4219578500001
790,9914378,BALFOUR,KINGSVILLE,2016-12-18,18,12,2016,16,1,4,9,,,0,,3,2,1,25,2,2,1,5,0,0,0,0,true,,false,false,false,false,false,,,,,,false,false,true,,,false,false,false,false,false,-82.93737,42.43009,"{
  ""coordinates"": [
    -8.293737280600000e+01,
    4.243008813100000e+01
  ],
  ""type"": ""Point""
}","{
  ""coordinates"": [
    -82.937372806,
    42.430088131
  ],
  ""type"": ""Point""
}",-82.937372806,42.430088131
791,9902964,LIVERNOIS,PEMBROKE,2016-12-18,18,12,2016,9,1,4,9,,4,0,,1,1,1,30,2,2,3,5,0,0,0,0,true,,false,false,false,false,false,,,,,,false,true,false,,,false,false,false,false,false,-83.14164,42.43911,"{
  ""coordinates"": [
    -8.314164253699990e+01,
    4.243911051300010e+01
  ],
  ""type"": ""Point""
}","{
  ""coordinates"": [
    -83.141642537,
    42.439110513
  ],
  ""type"": ""Point""
}",-83.1416425369999,42.4391105130001
792,9899249,BAGLEY,3RD,2016-12-18,18,12,2016,20,1,8,9,,4,0,,3,5,4,45,2,2,2,5,0,0,0,0,true,,false,false,false,false,false,,,,,,false,false,false,,,false,false,false,false,false,-83.05823,42.33215,"{
  ""coordinates"": [
    -8.305823126500000e+01,
    4.233215404000000e+01
  ],
  ""type"": ""Point""
}","{
  ""coordinates"": [
    -83.058231265,
    42.33215404
  ],
  ""type"": ""Point""
}",-83.058231265,42.33215404
793,9894884,7 MILE,MOUNT ELLIOTT,2016-12-18,18,12,2016,2,1,4,9,,4,0,,3,5,4,30,4,2,3,5,0,0,0,0,true,,false,false,false,false,false,,,,,,false,false,false,,,false,false,false,false,false,-83.04338,42.43357,"{
  ""coordinates"": [
    -8.304338295199990e+01,
    4.243357376800000e+01
  ],
  ""type"": ""Point""
}","{
  ""coordinates"": [
    -83.043382952,
    42.433573768
  ],
  ""type"": ""Point""
}",-83.0433829519999,42.433573768
794,9897871,N/B M-39,SCHOOLCRAFT,2016-12-18,18,12,2016,14,1,5,3,,1,0,,1,1,1,55,3,3,4,5,0,0,0,0,true,,false,false,false,false,false,,,,,,false,false,true,,,false,false,false,false,false,-83.21802,42.3964,"{
  ""coordinates"": [
    -8.321801719500000e+01,
    4.239640194800010e+01
  ],
  ""type"": ""Point""
}","{
  ""coordinates"": [
    -83.218017195,
    42.396401948
  ],
  ""type"": ""Point""
}",-83.218017195,42.3964019480001
795,9896399,HOOVER,GREINER,2016-12-18,18,12,2016,12,1,97,3,,1,0,,2,1,1,30,2,2,2,5,0,0,0,0,true,,false,false,true,false,false,,,,,,false,false,false,,,false,false,false,false,false,-83.00429,42.42668,"{
  ""coordinates"": [
    -8.300428631299999e+01,
    4.242667717400010e+01
  ],
  ""type"": ""Point""
}","{
  ""coordinates"": [
    -83.004286313,
    42.426677174
  ],
  ""type"": ""Point""
}",-83.004286313,42.4266771740001
796,9896407,DAVISON CROSSOVER,OAKMAN,2016-12-18,18,12,2016,2,1,1,3,,1,0,,3,5,5,35,3,1,1,5,0,0,0,0,true,,false,false,false,false,false,,,,,,false,false,false,,,false,false,false,false,false,-83.14391,42.3863,"{
  ""coordinates"": [
    -8.314390393600000e+01,
    4.238630092700000e+01
  ],
  ""type"": ""Point""
}","{
  ""coordinates"": [
    -83.143903936,
    42.386300927
  ],
  ""type"": ""Point""
}",-83.143903936,42.386300927
797,9897942,BIRWOOD,CURTIS,2016-12-18,18,12,2016,15,1,98,9,,,0,,4,1,1,25,2,2,1,5,0,0,0,0,true,,false,false,false,false,false,,,,,,false,false,true,,,false,false,false,false,false,-83.16511,42.42574,"{
  ""coordinates"": [
    -8.316510624400000e+01,
    4.242574370100000e+01
  ],
  ""type"": ""Point""
}","{
  ""coordinates"": [
    -83.165106244,
    42.425743701
  ],
  ""type"": ""Point""
}",-83.165106244,42.425743701
798,9908299,M39,GRANDRIVER,2016-12-18,18,12,2016,4,1,8,3,,1,0,,4,2,4,55,3,2,1,5,0,0,0,0,true,,false,false,true,false,false,,,,,,false,false,false,,,false,false,false,false,false,-83.21835,42.40219,"{
  ""coordinates"": [
    -8.321835507599999e+01,
    4.240218585100010e+01
  ],
  ""type"": ""Point""
}","{
  ""coordinates"": [
    -83.218355076,
    42.402185851
  ],
  ""type"": ""Point""
}",-83.218355076,42.4021858510001