ObjectId,Crash ID,Primary Road,Intersecting Road,Crash Date,Day,Month,Year,Hour,Weekday,Crash Type Code,Highway Classification Code,Community Code,Jurisdiction Code,Lane Departure Type Code,Surface Type,Road Condition,Weather Condition,Lighting Condition,Speed Limit,Lanes,Units,Occupants,Most Severe Injury,Fatal Injuries,Suspected Serious Injuries,Suspected Minor Injuries,Possible Injuries,Property Damage Only,Secondary Crash,Traffic Control,Red Light Run,Hit and Run,Alcohol,Drugs,Unbelted Person,Work Zone,Speeding Driver,Distracted Driver,Driveway,Pedestrian,Elderly Driver,Young Driver,Commercial Vehicle,Emergency Vehicles,Train,School Bus,Motorcycle,Bicycle,Deer,Longitude,Latitude,geom,geog,x,y
799,9897918,STAHELIN,SAWYER,2016-12-18,18,12,2016,16,1,98,9,,,0,,4,2,98,25,1,2,0,5,0,0,0,0,true,,false,false,true,false,false,,,,,,false,false,false,,,false,false,false,false,false,-83.22444,42.34668,"{
  ""coordinates"": [
    -8.322444187000001e+01,
    4.234667859900000e+01
  ],
  ""type"": ""Point""
}","{
  ""coordinates"": [
    -83.22444187,
    42.346678599
  ],
  ""type"": ""Point""
}",-83.22444187,42.346678599
800,9896392,LENOX,HERN,2016-12-18,18,12,2016,11,1,4,9,,,0,,4,1,1,25,2,2,2,5,0,0,0,0,true,,false,false,false,false,false,,,,,,false,false,true,,,false,false,false,false,false,-82.9715,42.40103,"{
  ""coordinates"": [
    -8.297150800000000e+01,
    4.240102903500010e+01
  ],
  ""type"": ""Point""
}","{
  ""coordinates"": [
    -82.971508,
    42.401029035
  ],
  ""type"": ""Point""
}",-82.971508,42.4010290350001
801,9899254,TRUMBULL,MARQUETTE,2016-12-18,18,12,2016,22,1,4,9,,,0,,3,1,4,25,1,2,2,5,0,0,0,0,true,,false,false,true,false,false,,,,,,false,false,false,,,false,false,false,false,false,-83.0844,42.36196,"{
  ""coordinates"": [
    -8.308439386100000e+01,
    4.236196037900000e+01
  ],
  ""type"": ""Point""
}","{
  ""coordinates"": [
    -83.084393861,
    42.361960379
  ],
  ""type"": ""Point""
}",-83.084393861,42.361960379
802,9894885,CANIFF,MOUNT ELLIOTT,2016-12-18,18,12,2016,1,1,4,9,,4,0,,6,1,4,35,4,2,2,5,0,0,0,0,true,,false,false,true,false,false,,,,,,false,false,false,,,false,false,false,false,false,-83.04045,42.40624,"{
  ""coordinates"": [
    -8.304044750400000e+01,
    4.240624254500010e+01
  ],
  ""type"": ""Point""
}","{
  ""coordinates"": [
    -83.040447504,
    42.406242545
  ],
  ""type"": ""Point""
}",-83.040447504,42.4062425450001
803,9899306,JEFFERSON,RANDOLPH,2016-12-18,18,12,2016,20,1,5,3,,1,0,,1,1,5,35,2,2,4,5,0,0,0,0,true,,false,false,false,false,false,,,,,,false,true,false,,,false,false,false,false,false,-83.04187,42.32964,"{
  ""coordinates"": [
    -8.304187073400000e+01,
    4.232963912100010e+01
  ],
  ""type"": ""Point""
}","{
  ""coordinates"": [
    -83.041870734,
    42.329639121
  ],
  ""type"": ""Point""
}",-83.041870734,42.3296391210001
804,9897920,LYNDON,EVERGREEN,2016-12-18,18,12,2016,14,1,5,9,,4,0,,2,5,1,25,2,2,1,5,0,0,0,0,true,,false,false,false,false,false,,,,,,false,false,false,,,false,false,false,false,false,-83.23715,42.39347,"{
  ""coordinates"": [
    -8.323714871500000e+01,
    4.239347573400000e+01
  ],
  ""type"": ""Point""
}","{
  ""coordinates"": [
    -83.237148715,
    42.393475734
  ],
  ""type"": ""Point""
}",-83.237148715,42.393475734
805,9896403,2697 COLLINGWOOD,LINWOOD,2016-12-18,18,12,2016,13,1,5,9,,,0,,4,98,98,25,2,2,1,5,0,0,0,0,true,,false,false,false,false,false,,,,,,false,true,false,,,false,false,false,false,false,-83.11361,42.38035,"{
  ""coordinates"": [
    -8.311361000999990e+01,
    4.238035043500000e+01
  ],
  ""type"": ""Point""
}","{
  ""coordinates"": [
    -83.11361001,
    42.380350435
  ],
  ""type"": ""Point""
}",-83.1136100099999,42.380350435
806,9896393,KEELER,BEAVERLAND,2016-12-18,18,12,2016,12,1,4,9,,,0,,3,5,1,25,2,2,2,5,0,0,0,0,true,,false,false,false,false,false,,,,,,false,false,false,,,false,false,false,false,false,-83.26559,42.40204,"{
  ""coordinates"": [
    -8.326559641800000e+01,
    4.240204387700000e+01
  ],
  ""type"": ""Point""
}","{
  ""coordinates"": [
    -83.265596418,
    42.402043877
  ],
  ""type"": ""Point""
}",-83.265596418,42.402043877
807,9911932,I-94,MT ELLIOTT,2016-12-18,18,12,2016,0,1,5,1,,1,0,,2,2,4,55,3,2,1,5,0,0,0,0,true,,false,false,true,false,false,,,,,,false,false,false,,,false,false,false,false,false,-83.03245,42.38028,"{
  ""coordinates"": [
    -8.303244988900001e+01,
    4.238027485500000e+01
  ],
  ""type"": ""Point""
}","{
  ""coordinates"": [
    -83.032449889,
    42.380274855
  ],
  ""type"": ""Point""
}",-83.032449889,42.380274855
808,9894878,CONANT,FREDRO,2016-12-17,17,12,2016,16,7,8,9,,4,0,,4,5,1,30,2,2,4,5,0,0,0,0,true,,false,false,false,false,false,,,,,,false,false,false,,,false,false,false,false,false,-83.05741,42.4095,"{
  ""coordinates"": [
    -8.305741207700000e+01,
    4.240949910200000e+01
  ],
  ""type"": ""Point""
}","{
  ""coordinates"": [
    -83.057412077,
    42.409499102
  ],
  ""type"": ""Point""
}",-83.057412077,42.409499102
809,9896397,EVERGREEN,SCHOOLCRAFT,2016-12-17,17,12,2016,21,7,6,9,,4,0,,2,5,4,35,2,2,2,5,0,0,0,0,true,,false,false,true,false,false,,,,,,false,false,false,,,false,false,false,false,false,-83.23682,42.38589,"{
  ""coordinates"": [
    -8.323682570900000e+01,
    4.238589043000010e+01
  ],
  ""type"": ""Point""
}","{
  ""coordinates"": [
    -83.236825709,
    42.38589043
  ],
  ""type"": ""Point""
}",-83.236825709,42.3858904300001
810,9894843,GRATIOT,GEORGIA,2016-12-17,17,12,2016,19,7,5,3,,1,0,,4,5,4,30,6,2,0,5,0,0,0,0,true,,false,false,false,false,false,,,,,,false,false,false,,,false,false,false,false,false,-83.00336,42.39594,"{
  ""coordinates"": [
    -8.300336036399990e+01,
    4.239593662100000e+01
  ],
  ""type"": ""Point""
}","{
  ""coordinates"": [
    -83.003360364,
    42.395936621
  ],
  ""type"": ""Point""
}",-83.0033603639999,42.395936621
811,9895068,OUTER,E I 94,2016-12-17,17,12,2016,1,7,1,9,,2,1,,4,5,5,35,3,1,1,5,0,0,0,0,true,,false,false,false,false,false,,,,,,false,false,true,,,false,false,false,false,false,-82.96027,42.40497,"{
  ""coordinates"": [
    -8.296027025799999e+01,
    4.240497184000000e+01
  ],
  ""type"": ""Point""
}","{
  ""coordinates"": [
    -82.960270258,
    42.40497184
  ],
  ""type"": ""Point""
}",-82.960270258,42.40497184
812,9960116,I-96,MLK,2016-12-17,17,12,2016,9,7,1,1,,1,1,,4,5,1,55,4,1,1,3,0,0,1,0,false,,false,false,false,false,false,,,,,,false,false,false,,,false,false,false,false,false,-83.09225,42.3391,"{
  ""coordinates"": [
    -8.309225639899999e+01,
    4.233909918700000e+01
  ],
  ""type"": ""Point""
}","{
  ""coordinates"": [
    -83.092256399,
    42.339099187
  ],
  ""type"": ""Point""
}",-83.092256399,42.339099187
813,9908282,GRATIOT,VERNOR,2016-12-17,17,12,2016,0,7,8,3,,1,0,,4,5,4,30,5,2,3,5,0,0,0,0,true,,false,false,false,false,false,,,,,,false,false,false,,,false,false,false,false,false,-83.03679,42.34606,"{
  ""coordinates"": [
    -8.303679193200000e+01,
    4.234605609000000e+01
  ],
  ""type"": ""Point""
}","{
  ""coordinates"": [
    -83.036791932,
    42.34605609
  ],
  ""type"": ""Point""
}",-83.036791932,42.34605609
814,9900465,MAINE,NEVADA,2016-12-17,17,12,2016,23,7,4,9,,,0,,4,5,4,25,1,2,0,5,0,0,0,0,true,,false,false,true,false,false,,,,,,false,false,false,,,false,false,false,false,false,-83.07574,42.42595,"{
  ""coordinates"": [
    -8.307573915200000e+01,
    4.242594920600000e+01
  ],
  ""type"": ""Point""
}","{
  ""coordinates"": [
    -83.075739152,
    42.425949206
  ],
  ""type"": ""Point""
}",-83.075739152,42.425949206
815,9894862,HOOVER,7 MILE,2016-12-17,17,12,2016,12,7,5,3,,1,0,,6,2,1,30,2,3,3,3,0,0,1,1,false,,false,false,true,false,false,,,,,,false,false,true,,,false,false,false,false,false,-83.00468,42.43443,"{
  ""coordinates"": [
    -8.300468335200000e+01,
    4.243442493300010e+01
  ],
  ""type"": ""Point""
}","{
  ""coordinates"": [
    -83.004683352,
    42.434424933
  ],
  ""type"": ""Point""
}",-83.004683352,42.4344249330001
816,9897935,CONANT,OUTER,2016-12-17,17,12,2016,20,7,5,9,,4,0,,1,1,4,35,4,2,1,5,0,0,0,0,true,,false,false,true,false,false,,,,,,false,false,false,,,false,false,false,false,false,-83.07912,42.44051,"{
  ""coordinates"": [
    -8.307912296099990e+01,
    4.244051037600010e+01
  ],
  ""type"": ""Point""
}","{
  ""coordinates"": [
    -83.079122961,
    42.440510376
  ],
  ""type"": ""Point""
}",-83.0791229609999,42.4405103760001
817,9915653,DAVISON,DEQUINDRE,2016-12-17,17,12,2016,9,7,97,9,,4,0,,2,1,5,0,2,1,1,5,0,0,0,0,true,,false,false,false,false,false,,,,,,false,false,false,,,false,false,false,false,false,-83.07693,42.40873,"{
  ""coordinates"": [
    -8.307693489099999e+01,
    4.240873119900000e+01
  ],
  ""type"": ""Point""
}","{
  ""coordinates"": [
    -83.076934891,
    42.408731199
  ],
  ""type"": ""Point""
}",-83.076934891,42.408731199
818,9896346,M 10,GREENLAWN,2016-12-17,17,12,2016,10,7,1,3,,1,1,,2,2,1,55,3,1,1,5,0,0,0,0,true,,false,false,false,false,false,,,,,,false,false,false,,,false,false,false,false,false,-83.20127,42.44318,"{
  ""coordinates"": [
    -8.320127463999999e+01,
    4.244318233400000e+01
  ],
  ""type"": ""Point""
}","{
  ""coordinates"": [
    -83.20127464,
    42.443182334
  ],
  ""type"": ""Point""
}",-83.20127464,42.443182334
819,9897890,I 75,DEARBORN,2016-12-17,17,12,2016,16,7,1,1,,1,1,,2,4,1,70,4,1,1,5,0,0,0,0,true,,false,false,false,false,false,,,,,,false,false,false,,,false,false,false,false,false,-83.12814,42.2925,"{
  ""coordinates"": [
    -8.312813369000000e+01,
    4.229250469100000e+01
  ],
  ""type"": ""Point""
}","{
  ""coordinates"": [
    -83.12813369,
    42.292504691
  ],
  ""type"": ""Point""
}",-83.12813369,42.292504691
820,9894819,GRATIOT,FISHER,2016-12-17,17,12,2016,5,7,8,3,,1,0,,3,5,1,35,3,2,2,5,0,0,0,0,true,,false,false,false,false,false,,,,,,false,false,false,,,false,false,false,false,false,-83.03644,42.34652,"{
  ""coordinates"": [
    -8.303643785100000e+01,
    4.234652086100000e+01
  ],
  ""type"": ""Point""
}","{
  ""coordinates"": [
    -83.036437851,
    42.346520861
  ],
  ""type"": ""Point""
}",-83.036437851,42.346520861
821,9896331,W I 96,CSX TRANSPORTATION,2016-12-17,17,12,2016,15,7,1,1,,1,1,,2,2,1,70,3,1,1,4,0,0,0,1,false,,false,false,false,false,false,,,,,,false,false,true,,,false,false,false,false,false,-83.23265,42.3784,"{
  ""coordinates"": [
    -8.323265309000000e+01,
    4.237840170500000e+01
  ],
  ""type"": ""Point""
}","{
  ""coordinates"": [
    -83.23265309,
    42.378401705
  ],
  ""type"": ""Point""
}",-83.23265309,42.378401705
822,9912906,CENTRAL,MICHIGAN,2016-12-17,17,12,2016,12,7,5,2,,4,0,,4,5,1,35,2,3,1,5,0,0,0,0,true,,false,false,false,false,false,,,,,,false,false,false,,,false,false,false,false,false,-83.13756,42.33097,"{
  ""coordinates"": [
    -8.313756044199990e+01,
    4.233097318900010e+01
  ],
  ""type"": ""Point""
}","{
  ""coordinates"": [
    -83.137560442,
    42.330973189
  ],
  ""type"": ""Point""
}",-83.1375604419999,42.3309731890001
823,9896330,E I 96,DAVISON CROSSOVER,2016-12-17,17,12,2016,13,7,8,1,,1,0,,4,2,1,55,4,2,2,5,0,0,0,0,true,,false,false,false,false,false,,,,,,false,false,false,,,false,false,false,false,false,-83.15932,42.38525,"{
  ""coordinates"": [
    -8.315932557300000e+01,
    4.238524943300010e+01
  ],
  ""type"": ""Point""
}","{
  ""coordinates"": [
    -83.159325573,
    42.385249433
  ],
  ""type"": ""Point""
}",-83.159325573,42.3852494330001
824,9900250,I-75,DAVISON,2016-12-17,17,12,2016,11,7,8,1,,1,0,,4,5,1,70,3,2,3,5,0,0,0,0,true,,false,false,false,false,false,,,,,,false,false,false,,,false,false,false,false,false,-83.0797,42.40922,"{
  ""coordinates"": [
    -8.307970450300000e+01,
    4.240921713300000e+01
  ],
  ""type"": ""Point""
}","{
  ""coordinates"": [
    -83.079704503,
    42.409217133
  ],
  ""type"": ""Point""
}",-83.079704503,42.409217133
825,9894896,7 MILE,BERKELEY,2016-12-17,17,12,2016,17,7,5,9,,2,0,,4,5,4,30,4,2,1,5,0,0,0,0,true,,false,false,false,false,false,,,,,,false,true,false,,,false,false,false,false,false,-83.13747,42.43167,"{
  ""coordinates"": [
    -8.313747644100000e+01,
    4.243167505900000e+01
  ],
  ""type"": ""Point""
}","{
  ""coordinates"": [
    -83.137476441,
    42.431675059
  ],
  ""type"": ""Point""
}",-83.137476441,42.431675059
826,9907291,E I 96,CSX TRANSPORTATION,2016-12-17,17,12,2016,21,7,8,1,,1,0,,1,2,4,55,2,2,2,5,0,0,0,0,true,,false,false,false,false,false,,,,,,false,false,true,,,false,false,false,false,false,-83.23515,42.37931,"{
  ""coordinates"": [
    -8.323514752999991e+01,
    4.237931110600000e+01
  ],
  ""type"": ""Point""
}","{
  ""coordinates"": [
    -83.23514753,
    42.379311106
  ],
  ""type"": ""Point""
}",-83.2351475299999,42.379311106
827,9912927,14144 MANSFIELD,GRAND RIVER,2016-12-17,17,12,2016,23,7,2,9,,,2,,3,1,4,25,2,2,1,5,0,0,0,0,true,,false,false,true,false,false,,,,,,false,false,false,,,false,false,false,false,false,-83.2049,42.39448,"{
  ""coordinates"": [
    -8.320489252100000e+01,
    4.239447958700000e+01
  ],
  ""type"": ""Point""
}","{
  ""coordinates"": [
    -83.204892521,
    42.394479587
  ],
  ""type"": ""Point""
}",-83.204892521,42.394479587
828,9894881,GRATIOT,HARPER,2016-12-17,17,12,2016,22,7,1,3,,1,0,,2,7,4,40,4,2,0,2,0,1,0,0,false,,false,false,true,false,false,,,,,,true,false,false,,,false,false,false,false,false,-83.0051,42.39331,"{
  ""coordinates"": [
    -8.300510240300000e+01,
    4.239331158600000e+01
  ],
  ""type"": ""Point""
}","{
  ""coordinates"": [
    -83.005102403,
    42.393311586
  ],
  ""type"": ""Point""
}",-83.005102403,42.393311586
829,9950458,MCNICHOLS,SUNDERLAND,2016-12-17,17,12,2016,10,7,5,9,,2,0,,4,5,2,35,2,2,1,5,0,0,0,0,true,,false,false,true,false,false,,,,,,false,false,false,,,false,false,false,false,false,-83.22785,42.41537,"{
  ""coordinates"": [
    -8.322784992399990e+01,
    4.241537131600010e+01
  ],
  ""type"": ""Point""
}","{
  ""coordinates"": [
    -83.227849924,
    42.415371316
  ],
  ""type"": ""Point""
}",-83.2278499239999,42.4153713160001
830,9896368,SCHAEFER,COMPASS,2016-12-17,17,12,2016,17,7,5,9,,4,0,,4,5,2,35,4,2,3,5,0,0,0,0,true,,false,false,true,false,false,,,,,,false,false,false,,,false,false,false,false,false,-83.17857,42.38912,"{
  ""coordinates"": [
    -8.317856548000000e+01,
    4.238912388000010e+01
  ],
  ""type"": ""Point""
}","{
  ""coordinates"": [
    -83.17856548,
    42.38912388
  ],
  ""type"": ""Point""
}",-83.17856548,42.3891238800001
831,9896327,I-94,MORANG,2016-12-17,17,12,2016,9,7,1,1,,1,1,,4,4,1,55,3,1,1,5,0,0,0,0,true,,false,false,false,false,false,,,,,,false,false,false,,,false,false,false,false,false,-82.93373,42.41907,"{
  ""coordinates"": [
    -8.293372734600000e+01,
    4.241906654900000e+01
  ],
  ""type"": ""Point""
}","{
  ""coordinates"": [
    -82.933727346,
    42.419066549
  ],
  ""type"": ""Point""
}",-82.933727346,42.419066549
832,9895081,DIX,OAKWOOD,2016-12-17,17,12,2016,18,7,6,9,,2,0,,3,2,4,35,5,2,3,5,0,0,0,0,true,,false,false,false,false,false,,,,,,false,false,false,,,false,false,false,false,false,-83.16028,42.28596,"{
  ""coordinates"": [
    -8.316028077800000e+01,
    4.228596330900010e+01
  ],
  ""type"": ""Point""
}","{
  ""coordinates"": [
    -83.160280778,
    42.285963309
  ],
  ""type"": ""Point""
}",-83.160280778,42.2859633090001
833,9897946,7 MILE,GREENLAWN,2016-12-17,17,12,2016,17,7,4,9,,2,0,,6,1,3,30,3,2,2,5,0,0,0,0,true,,false,false,true,false,false,,,,,,false,false,true,,,false,false,false,false,false,-83.15181,42.43141,"{
  ""coordinates"": [
    -8.315181022900001e+01,
    4.243141179800010e+01
  ],
  ""type"": ""Point""
}","{
  ""coordinates"": [
    -83.151810229,
    42.431411798
  ],
  ""type"": ""Point""
}",-83.151810229,42.4314117980001
834,9894797,PLYMOUTH,MEYERS,2016-12-17,17,12,2016,17,7,9,9,,4,0,,4,2,4,30,3,2,2,5,0,0,0,0,true,,false,false,true,false,false,,,,,,false,false,true,,,false,false,false,false,false,-83.16838,42.37322,"{
  ""coordinates"": [
    -8.316838248800001e+01,
    4.237322343700000e+01
  ],
  ""type"": ""Point""
}","{
  ""coordinates"": [
    -83.168382488,
    42.373223437
  ],
  ""type"": ""Point""
}",-83.168382488,42.373223437
835,9894883,SYRACUSE,MCNICHOLS,2016-12-17,17,12,2016,19,7,5,9,,,0,,4,5,4,25,1,3,1,5,0,0,0,0,true,,false,false,true,false,false,,,,,,false,false,false,,,false,false,false,false,false,-83.04539,42.41957,"{
  ""coordinates"": [
    -8.304539658000000e+01,
    4.241956562200010e+01
  ],
  ""type"": ""Point""
}","{
  ""coordinates"": [
    -83.04539658,
    42.419565622
  ],
  ""type"": ""Point""
}",-83.04539658,42.4195656220001
836,9897888,W I 96,CSX TRANSPORTATION,2016-12-17,17,12,2016,12,7,1,1,,1,1,,2,2,1,55,3,1,2,5,0,0,0,0,true,,false,false,false,false,false,,,,,,false,false,false,,,false,false,false,false,false,-83.18968,42.38011,"{
  ""coordinates"": [
    -8.318967877599989e+01,
    4.238011144300000e+01
  ],
  ""type"": ""Point""
}","{
  ""coordinates"": [
    -83.189678776,
    42.380111443
  ],
  ""type"": ""Point""
}",-83.1896787759999,42.380111443
837,9894803,HOMER,LAWNDALE,2016-12-17,17,12,2016,19,7,97,9,,,0,,4,5,4,25,2,2,0,5,0,0,0,0,true,,false,false,true,false,false,,,,,,false,false,false,,,false,false,false,false,false,-83.12923,42.30261,"{
  ""coordinates"": [
    -8.312922593699990e+01,
    4.230260799800000e+01
  ],
  ""type"": ""Point""
}","{
  ""coordinates"": [
    -83.129225937,
    42.302607998
  ],
  ""type"": ""Point""
}",-83.1292259369999,42.302607998
838,9904969,SAINT MARYS,SCHOOLCRAFT,2016-12-17,17,12,2016,15,7,6,9,,,0,,9,5,4,35,2,2,3,5,0,0,0,0,true,,false,false,true,false,false,,,,,,false,true,false,,,false,false,false,false,false,-83.20564,42.38692,"{
  ""coordinates"": [
    -8.320564367400000e+01,
    4.238691701500010e+01
  ],
  ""type"": ""Point""
}","{
  ""coordinates"": [
    -83.205643674,
    42.386917015
  ],
  ""type"": ""Point""
}",-83.205643674,42.3869170150001
839,9894880,MCNICHOLS,SYRACUSE,2016-12-17,17,12,2016,20,7,1,9,,4,1,,6,2,4,35,4,1,1,5,0,0,0,0,true,,false,false,false,false,false,,,,,,false,false,false,,,false,false,false,false,false,-83.04612,42.419,"{
  ""coordinates"": [
    -8.304611714600000e+01,
    4.241899902400010e+01
  ],
  ""type"": ""Point""
}","{
  ""coordinates"": [
    -83.046117146,
    42.418999024
  ],
  ""type"": ""Point""
}",-83.046117146,42.4189990240001
840,9896313,M-39,8 MILE,2016-12-17,17,12,2016,15,7,5,3,,1,0,,2,2,1,55,4,2,2,5,0,0,0,0,true,,false,false,false,false,false,,,,,,false,false,false,,,false,false,false,false,false,-83.21963,42.4439,"{
  ""coordinates"": [
    -8.321962626600001e+01,
    4.244389795400010e+01
  ],
  ""type"": ""Point""
}","{
  ""coordinates"": [
    -83.219626266,
    42.443897954
  ],
  ""type"": ""Point""
}",-83.219626266,42.4438979540001
841,9897933,ELDRIDGE,CARPENTER,2016-12-17,17,12,2016,17,7,1,9,,,1,,3,1,4,0,2,1,1,4,0,0,0,1,false,,false,false,false,false,false,,,,,,false,false,false,,,false,false,false,false,false,-83.04926,42.40823,"{
  ""coordinates"": [
    -8.304926342200000e+01,
    4.240822678800000e+01
  ],
  ""type"": ""Point""
}","{
  ""coordinates"": [
    -83.049263422,
    42.408226788
  ],
  ""type"": ""Point""
}",-83.049263422,42.408226788
842,9897880,W I 96,FULLERTON,2016-12-17,17,12,2016,14,7,8,1,,1,0,,2,4,1,70,2,2,2,5,0,0,0,0,true,,false,false,false,false,false,,,,,,false,false,false,,,false,false,false,false,false,-83.18918,42.38028,"{
  ""coordinates"": [
    -8.318917996000000e+01,
    4.238027941200000e+01
  ],
  ""type"": ""Point""
}","{
  ""coordinates"": [
    -83.18917996,
    42.380279412
  ],
  ""type"": ""Point""
}",-83.18917996,42.380279412
843,9896386,HOMER,LAWNDALE,2016-12-17,17,12,2016,13,7,8,9,,,3,,4,5,1,25,2,2,0,5,0,0,0,0,true,,false,false,true,false,false,,,,,,false,false,false,,,false,false,false,false,false,-83.12793,42.30314,"{
  ""coordinates"": [
    -8.312793002799999e+01,
    4.230313764300010e+01
  ],
  ""type"": ""Point""
}","{
  ""coordinates"": [
    -83.127930028,
    42.303137643
  ],
  ""type"": ""Point""
}",-83.127930028,42.3031376430001
844,9900428,I-94,WYOMING,2016-12-17,17,12,2016,20,7,1,1,,1,1,,2,5,4,70,3,1,1,5,0,0,0,0,true,,false,false,false,false,false,,,,,,false,false,false,,,false,false,false,false,false,-83.15623,42.32883,"{
  ""coordinates"": [
    -8.315622512200000e+01,
    4.232883322700010e+01
  ],
  ""type"": ""Point""
}","{
  ""coordinates"": [
    -83.156225122,
    42.328833227
  ],
  ""type"": ""Point""
}",-83.156225122,42.3288332270001
845,9894863,GRATIOT,GLENFIELD,2016-12-17,17,12,2016,17,7,4,3,,1,0,,2,4,4,35,7,2,4,4,0,0,0,4,false,,false,false,false,false,false,,,,,,false,false,false,,,false,false,false,false,false,-82.99397,42.41028,"{
  ""coordinates"": [
    -8.299397575700000e+01,
    4.241028378700000e+01
  ],
  ""type"": ""Point""
}","{
  ""coordinates"": [
    -82.993975757,
    42.410283787
  ],
  ""type"": ""Point""
}",-82.993975757,42.410283787
846,9897867,W I 94,RAMP 220F,2016-12-17,17,12,2016,10,7,1,1,,1,1,,4,2,1,55,3,1,2,4,0,0,0,1,false,,false,false,false,false,false,,,,,,false,false,true,,,false,false,false,false,false,-82.98613,42.39765,"{
  ""coordinates"": [
    -8.298613211599999e+01,
    4.239764835100000e+01
  ],
  ""type"": ""Point""
}","{
  ""coordinates"": [
    -82.986132116,
    42.397648351
  ],
  ""type"": ""Point""
}",-82.986132116,42.397648351
847,9896371,COMMONWEALTH,FOREST,2016-12-17,17,12,2016,15,7,4,9,,,0,,3,1,1,25,1,2,5,5,0,0,0,0,true,,false,false,false,false,false,,,,,,false,false,true,,,false,false,false,false,false,-83.07868,42.34951,"{
  ""coordinates"": [
    -8.307868444199990e+01,
    4.234951307600010e+01
  ],
  ""type"": ""Point""
}","{
  ""coordinates"": [
    -83.078684442,
    42.349513076
  ],
  ""type"": ""Point""
}",-83.0786844419999,42.3495130760001
848,9897891,I-75,DEARBORN,2016-12-17,17,12,2016,16,7,1,1,,1,1,,2,4,1,70,4,1,1,5,0,0,0,0,true,,false,false,false,false,false,,,,,,false,false,false,,,false,false,false,false,false,-83.12749,42.2935,"{
  ""coordinates"": [
    -8.312749358100000e+01,
    4.229350282200010e+01
  ],
  ""type"": ""Point""
}","{
  ""coordinates"": [
    -83.127493581,
    42.293502822
  ],
  ""type"": ""Point""
}",-83.127493581,42.2935028220001
849,9911930,I-94,GRATOIT,2016-12-17,17,12,2016,4,7,1,1,,1,1,,4,5,4,55,3,1,1,5,0,0,0,0,true,,false,false,false,false,false,,,,,,false,false,false,,,false,false,false,false,false,-83.00555,42.39169,"{
  ""coordinates"": [
    -8.300555428400000e+01,
    4.239169159500010e+01
  ],
  ""type"": ""Point""
}","{
  ""coordinates"": [
    -83.005554284,
    42.391691595
  ],
  ""type"": ""Point""
}",-83.005554284,42.3916915950001
850,9911943,7 MILE,ROSEMONT,2016-12-17,17,12,2016,2,7,1,9,,2,0,,3,5,4,35,4,1,1,5,0,0,0,0,true,,false,false,false,false,false,,,,,,false,false,false,,,false,false,false,false,false,-83.22166,42.42997,"{
  ""coordinates"": [
    -8.322165416199989e+01,
    4.242996506400000e+01
  ],
  ""type"": ""Point""
}","{
  ""coordinates"": [
    -83.221654162,
    42.429965064
  ],
  ""type"": ""Point""
}",-83.2216541619999,42.429965064
851,9933963,N I 75 SERVICE DRIVE,7 MILE,2016-12-17,17,12,2016,17,7,8,9,,4,0,,4,98,3,70,3,2,2,5,0,0,0,0,true,,false,false,false,false,false,,,,,,false,false,true,,,false,false,false,false,false,-83.09424,42.43248,"{
  ""coordinates"": [
    -8.309424002999999e+01,
    4.243248313000000e+01
  ],
  ""type"": ""Point""
}","{
  ""coordinates"": [
    -83.09424003,
    42.43248313
  ],
  ""type"": ""Point""
}",-83.09424003,42.43248313
852,9897924,E I 94,RAMP 213P,2016-12-17,17,12,2016,16,7,8,1,,1,0,,6,2,1,25,1,2,2,5,0,0,0,0,true,,false,false,false,false,false,,,,,,false,false,true,,,false,false,false,false,false,-83.09732,42.35066,"{
  ""coordinates"": [
    -8.309732037899990e+01,
    4.235065819300010e+01
  ],
  ""type"": ""Point""
}","{
  ""coordinates"": [
    -83.097320379,
    42.350658193
  ],
  ""type"": ""Point""
}",-83.0973203789999,42.3506581930001
853,9911925,M-10,JEFFERSON,2016-12-17,17,12,2016,1,7,4,3,,1,0,,4,5,4,55,3,2,3,5,0,0,0,0,true,,false,false,false,false,false,,,,,,false,true,true,,,false,false,false,false,false,-83.04958,42.32659,"{
  ""coordinates"": [
    -8.304958113700000e+01,
    4.232659216200010e+01
  ],
  ""type"": ""Point""
}","{
  ""coordinates"": [
    -83.049581137,
    42.326592162
  ],
  ""type"": ""Point""
}",-83.049581137,42.3265921620001
854,9894802,GRISWALD,CLIFFORD,2016-12-17,17,12,2016,15,7,5,9,,4,0,,6,1,1,25,2,2,2,5,0,0,0,0,true,,false,false,false,false,false,,,,,,false,false,false,,,false,false,false,false,false,-83.05005,42.33461,"{
  ""coordinates"": [
    -8.305005091100000e+01,
    4.233461173300000e+01
  ],
  ""type"": ""Point""
}","{
  ""coordinates"": [
    -83.050050911,
    42.334611733
  ],
  ""type"": ""Point""
}",-83.050050911,42.334611733
855,9896396,SCHOOLCRAFT,SAINT MARYS,2016-12-17,17,12,2016,23,7,1,9,,2,0,,6,1,4,35,2,1,1,4,0,0,0,1,false,,false,false,false,false,false,,,,,,false,false,false,,,false,false,false,false,false,-83.2056,42.3869,"{
  ""coordinates"": [
    -8.320560324900001e+01,
    4.238690326100000e+01
  ],
  ""type"": ""Point""
}","{
  ""coordinates"": [
    -83.205603249,
    42.386903261
  ],
  ""type"": ""Point""
}",-83.205603249,42.386903261