ObjectId,Crash ID,Primary Road,Intersecting Road,Crash Date,Day,Month,Year,Hour,Weekday,Crash Type Code,Highway Classification Code,Community Code,Jurisdiction Code,Lane Departure Type Code,Surface Type,Road Condition,Weather Condition,Lighting Condition,Speed Limit,Lanes,Units,Occupants,Most Severe Injury,Fatal Injuries,Suspected Serious Injuries,Suspected Minor Injuries,Possible Injuries,Property Damage Only,Secondary Crash,Traffic Control,Red Light Run,Hit and Run,Alcohol,Drugs,Unbelted Person,Work Zone,Speeding Driver,Distracted Driver,Driveway,Pedestrian,Elderly Driver,Young Driver,Commercial Vehicle,Emergency Vehicles,Train,School Bus,Motorcycle,Bicycle,Deer,Longitude,Latitude,geom,geog,x,y
856,9896340,I-94,14TH,2016-12-17,17,12,2016,9,7,8,1,,1,0,,6,5,1,55,3,2,2,4,0,0,0,1,false,,false,false,false,false,false,,,,,,false,false,true,,,false,false,false,false,false,-83.08948,42.35313,"{
  ""coordinates"": [
    -8.308947499100000e+01,
    4.235313092500010e+01
  ],
  ""type"": ""Point""
}","{
  ""coordinates"": [
    -83.089474991,
    42.353130925
  ],
  ""type"": ""Point""
}",-83.089474991,42.3531309250001
857,9896363,BIRWOOD,CHALFONTE,2016-12-17,17,12,2016,21,7,97,9,,,0,,4,8,4,25,4,3,1,5,0,0,0,0,true,,false,false,true,false,false,,,,,,false,false,false,,,false,false,false,false,false,-83.16382,42.40007,"{
  ""coordinates"": [
    -8.316381987800000e+01,
    4.240007182500010e+01
  ],
  ""type"": ""Point""
}","{
  ""coordinates"": [
    -83.163819878,
    42.400071825
  ],
  ""type"": ""Point""
}",-83.163819878,42.4000718250001
858,9894879,8MILE,RYAN,2016-12-17,17,12,2016,17,7,5,3,,1,0,,4,2,4,40,8,2,2,5,0,0,0,0,true,,false,false,false,false,false,,,,,,false,false,false,,,false,false,false,false,false,-83.06313,42.44728,"{
  ""coordinates"": [
    -8.306312426300001e+01,
    4.244727853700000e+01
  ],
  ""type"": ""Point""
}","{
  ""coordinates"": [
    -83.063124263,
    42.447278537
  ],
  ""type"": ""Point""
}",-83.063124263,42.447278537
859,9897922,WOODMONT,PAUL,2016-12-17,17,12,2016,22,7,98,9,,,0,,3,1,4,25,3,2,0,5,0,0,0,0,true,,false,false,true,false,false,,,,,,false,false,false,,,false,false,false,false,false,-83.20706,42.33632,"{
  ""coordinates"": [
    -8.320705893900001e+01,
    4.233631874900000e+01
  ],
  ""type"": ""Point""
}","{
  ""coordinates"": [
    -83.207058939,
    42.336318749
  ],
  ""type"": ""Point""
}",-83.207058939,42.336318749
860,9909789,W/B I-94,MT ELLIOT,2016-12-17,17,12,2016,0,7,5,1,,1,0,,4,5,4,55,3,2,2,5,0,0,0,0,true,,false,false,false,false,false,,,,,,false,false,false,,,false,false,false,false,false,-83.02756,42.38462,"{
  ""coordinates"": [
    -8.302755877899990e+01,
    4.238462607800010e+01
  ],
  ""type"": ""Point""
}","{
  ""coordinates"": [
    -83.027558779,
    42.384626078
  ],
  ""type"": ""Point""
}",-83.0275587789999,42.3846260780001
861,9894841,MCNICHOLS,BILTMORE,2016-12-17,17,12,2016,18,7,97,9,,2,0,,4,2,4,35,4,3,1,5,0,0,0,0,true,,false,false,true,false,false,,,,,,false,false,true,,,false,false,false,false,false,-83.21104,42.41572,"{
  ""coordinates"": [
    -8.321103614299990e+01,
    4.241572052100000e+01
  ],
  ""type"": ""Point""
}","{
  ""coordinates"": [
    -83.211036143,
    42.415720521
  ],
  ""type"": ""Point""
}",-83.2110361429999,42.415720521
862,9984708,420 PIPER,AVERHILL,2016-12-17,17,12,2016,7,7,8,9,,,3,,3,5,1,25,1,2,0,5,0,0,0,0,true,,false,false,true,false,false,,,,,,false,false,false,,,false,false,false,false,false,-82.94377,42.3634,"{
  ""coordinates"": [
    -8.294377043100000e+01,
    4.236339892200000e+01
  ],
  ""type"": ""Point""
}","{
  ""coordinates"": [
    -82.943770431,
    42.363398922
  ],
  ""type"": ""Point""
}",-82.943770431,42.363398922
863,9896390,CANFIELD,LILLIBRIDGE,2016-12-17,17,12,2016,19,7,4,9,,4,0,,3,1,4,25,2,2,1,5,0,0,0,0,true,,true,false,true,false,false,,,,,,false,false,false,,,false,false,false,false,false,-82.9836,42.38222,"{
  ""coordinates"": [
    -8.298360727100000e+01,
    4.238221870300000e+01
  ],
  ""type"": ""Point""
}","{
  ""coordinates"": [
    -82.983607271,
    42.382218703
  ],
  ""type"": ""Point""
}",-82.983607271,42.382218703
864,9899299,MITCHELL,BRENTWOOD,2016-12-17,17,12,2016,9,7,98,9,,,0,,3,5,1,25,1,2,0,5,0,0,0,0,true,,false,false,false,false,false,,,,,,false,false,false,,,false,false,false,false,false,-83.07193,42.43204,"{
  ""coordinates"": [
    -8.307193318500001e+01,
    4.243204642000010e+01
  ],
  ""type"": ""Point""
}","{
  ""coordinates"": [
    -83.071933185,
    42.43204642
  ],
  ""type"": ""Point""
}",-83.071933185,42.4320464200001
865,9894864,CONNER,MAIDEN,2016-12-17,17,12,2016,16,7,2,9,,4,0,,3,1,3,35,5,2,2,4,0,0,0,1,false,,false,false,false,false,false,,,,,,false,true,false,,,false,false,false,false,false,-82.99211,42.39999,"{
  ""coordinates"": [
    -8.299211321300000e+01,
    4.239999140100010e+01
  ],
  ""type"": ""Point""
}","{
  ""coordinates"": [
    -82.992113213,
    42.399991401
  ],
  ""type"": ""Point""
}",-82.992113213,42.3999914010001
866,9911912,I-75,CANIFF,2016-12-17,17,12,2016,21,7,1,1,,1,1,,3,2,4,70,4,1,1,4,0,0,0,1,false,,false,false,false,false,false,,,,,,false,false,false,,,false,false,false,false,false,-83.06996,42.38953,"{
  ""coordinates"": [
    -8.306996141899999e+01,
    4.238952954400000e+01
  ],
  ""type"": ""Point""
}","{
  ""coordinates"": [
    -83.069961419,
    42.389529544
  ],
  ""type"": ""Point""
}",-83.069961419,42.389529544
867,9894838,M-10,LINWOOD,2016-12-17,17,12,2016,10,7,97,3,,1,0,,3,1,1,55,3,2,4,5,0,0,0,0,true,,false,false,false,false,false,,,,,,false,false,false,,,false,false,false,false,false,-83.12709,42.40481,"{
  ""coordinates"": [
    -8.312709347700000e+01,
    4.240480635700000e+01
  ],
  ""type"": ""Point""
}","{
  ""coordinates"": [
    -83.127093477,
    42.404806357
  ],
  ""type"": ""Point""
}",-83.127093477,42.404806357
868,9896339,I-75,WOODWARD,2016-12-17,17,12,2016,6,7,8,1,,1,0,,4,5,4,55,3,2,3,4,0,0,0,2,false,,false,false,false,false,false,,,,,,false,false,false,,,false,false,false,false,false,-83.05441,42.33913,"{
  ""coordinates"": [
    -8.305441056300000e+01,
    4.233913105200000e+01
  ],
  ""type"": ""Point""
}","{
  ""coordinates"": [
    -83.054410563,
    42.339131052
  ],
  ""type"": ""Point""
}",-83.054410563,42.339131052
869,9896400,7 MILE,EVERGREEN,2016-12-17,17,12,2016,12,7,9,9,,2,2,,2,5,1,25,6,2,0,5,0,0,0,0,true,,false,false,true,false,false,,,,,,false,false,false,,,false,false,false,false,false,-83.23913,42.42957,"{
  ""coordinates"": [
    -8.323913157000000e+01,
    4.242956365500000e+01
  ],
  ""type"": ""Point""
}","{
  ""coordinates"": [
    -83.23913157,
    42.429563655
  ],
  ""type"": ""Point""
}",-83.23913157,42.429563655
870,9895073,SOUTHFIELD SERVICE DRIVE,OUTER,2016-12-17,17,12,2016,17,7,8,9,,4,0,,2,2,4,35,3,2,2,5,0,0,0,0,true,,false,false,false,false,false,,,,,,false,false,false,,,false,false,false,false,false,-83.21864,42.41906,"{
  ""coordinates"": [
    -8.321864462799989e+01,
    4.241906099900010e+01
  ],
  ""type"": ""Point""
}","{
  ""coordinates"": [
    -83.218644628,
    42.419060999
  ],
  ""type"": ""Point""
}",-83.2186446279999,42.4190609990001
871,9897929,OUTER,MOUND,2016-12-17,17,12,2016,2,7,1,9,,2,1,,3,5,4,25,4,1,1,4,0,0,0,1,false,,false,false,false,false,false,,,,,,false,false,false,,,false,false,false,false,false,-83.04375,42.44072,"{
  ""coordinates"": [
    -8.304375167900000e+01,
    4.244072072000010e+01
  ],
  ""type"": ""Point""
}","{
  ""coordinates"": [
    -83.043751679,
    42.44072072
  ],
  ""type"": ""Point""
}",-83.043751679,42.4407207200001
872,9897881,RAMP 215F,I-94,2016-12-17,17,12,2016,16,7,1,1,,1,1,,3,4,3,55,1,1,1,4,0,0,0,1,false,,false,false,false,false,false,,,,,,false,false,false,,,false,false,false,false,false,-83.07449,42.36023,"{
  ""coordinates"": [
    -8.307449081399990e+01,
    4.236023227500000e+01
  ],
  ""type"": ""Point""
}","{
  ""coordinates"": [
    -83.074490814,
    42.360232275
  ],
  ""type"": ""Point""
}",-83.0744908139999,42.360232275
873,9924756,W/B I-94,VAN DYKE,2016-12-17,17,12,2016,2,7,8,1,,1,0,,4,5,4,55,3,2,2,5,0,0,0,0,true,,false,false,true,false,false,,,,,,false,false,false,,,false,false,false,false,false,-83.01842,42.38693,"{
  ""coordinates"": [
    -8.301842062899991e+01,
    4.238693305900010e+01
  ],
  ""type"": ""Point""
}","{
  ""coordinates"": [
    -83.018420629,
    42.386933059
  ],
  ""type"": ""Point""
}",-83.0184206289999,42.3869330590001
874,9908385,CONANT,JEROME,2016-12-17,17,12,2016,22,7,97,9,,4,0,,6,2,4,30,2,2,5,4,0,0,0,1,false,,false,false,false,false,false,,,,,,false,false,false,,,false,false,false,false,false,-83.06574,42.42181,"{
  ""coordinates"": [
    -8.306574538000000e+01,
    4.242181291700010e+01
  ],
  ""type"": ""Point""
}","{
  ""coordinates"": [
    -83.06574538,
    42.421812917
  ],
  ""type"": ""Point""
}",-83.06574538,42.4218129170001
875,9896312,M-10,WYOMING,2016-12-17,17,12,2016,11,7,1,3,,1,1,,6,2,1,55,3,1,2,5,0,0,0,0,true,,false,false,false,false,false,,,,,,false,false,false,,,false,false,false,false,false,-83.16161,42.40622,"{
  ""coordinates"": [
    -8.316161015400000e+01,
    4.240622391900010e+01
  ],
  ""type"": ""Point""
}","{
  ""coordinates"": [
    -83.161610154,
    42.406223919
  ],
  ""type"": ""Point""
}",-83.161610154,42.4062239190001
876,9894893,8 MILE,ILENE,2016-12-17,17,12,2016,20,7,4,3,,1,0,,4,5,5,45,2,2,2,5,0,0,0,0,true,,false,false,false,false,false,,,,,,false,false,false,,,false,false,false,false,false,-83.16366,42.44561,"{
  ""coordinates"": [
    -8.316366083199991e+01,
    4.244560563600000e+01
  ],
  ""type"": ""Point""
}","{
  ""coordinates"": [
    -83.163660832,
    42.445605636
  ],
  ""type"": ""Point""
}",-83.1636608319999,42.445605636
877,9896357,WOODWARD,ALEXANDRINE,2016-12-17,17,12,2016,18,7,1,3,,1,0,,2,5,4,30,3,2,1,4,0,0,0,1,false,,false,false,false,false,false,,,,,,true,true,false,,,false,false,false,false,false,-83.06001,42.35057,"{
  ""coordinates"": [
    -8.306000826600000e+01,
    4.235057549900010e+01
  ],
  ""type"": ""Point""
}","{
  ""coordinates"": [
    -83.060008266,
    42.350575499
  ],
  ""type"": ""Point""
}",-83.060008266,42.3505754990001
878,9933987,N I 75,FORT,2016-12-17,17,12,2016,17,7,8,1,,1,0,,2,2,3,70,4,2,3,5,0,0,0,0,true,,false,false,false,false,false,,,,,,false,false,true,,,false,false,false,false,false,-83.15427,42.27781,"{
  ""coordinates"": [
    -8.315426324399991e+01,
    4.227781124700000e+01
  ],
  ""type"": ""Point""
}","{
  ""coordinates"": [
    -83.154263244,
    42.277811247
  ],
  ""type"": ""Point""
}",-83.1542632439999,42.277811247
879,9900394,I 75,WATERMAN,2016-12-17,17,12,2016,4,7,1,1,,1,1,,4,5,4,70,4,1,1,5,0,0,0,0,true,,false,false,false,false,false,,,,,,false,false,false,,,false,false,false,false,false,-83.10883,42.30575,"{
  ""coordinates"": [
    -8.310882703999989e+01,
    4.230575253900000e+01
  ],
  ""type"": ""Point""
}","{
  ""coordinates"": [
    -83.10882704,
    42.305752539
  ],
  ""type"": ""Point""
}",-83.1088270399999,42.305752539
880,9897889,M 39,PLYMOUTH,2016-12-17,17,12,2016,12,7,8,3,,1,0,,2,2,1,55,3,2,2,5,0,0,0,0,true,,false,false,true,false,false,,,,,,false,false,false,,,false,false,false,false,false,-83.21661,42.37308,"{
  ""coordinates"": [
    -8.321661124900000e+01,
    4.237308019500010e+01
  ],
  ""type"": ""Point""
}","{
  ""coordinates"": [
    -83.216611249,
    42.373080195
  ],
  ""type"": ""Point""
}",-83.216611249,42.3730801950001
881,9897905,JEFFERSON,WASHINGTON,2016-12-17,17,12,2016,22,7,8,3,,1,0,,2,1,4,35,3,2,2,5,0,0,0,0,true,,false,false,false,false,false,,,,,,false,false,false,,,false,false,false,false,false,-83.04794,42.32726,"{
  ""coordinates"": [
    -8.304793482900000e+01,
    4.232725667200000e+01
  ],
  ""type"": ""Point""
}","{
  ""coordinates"": [
    -83.047934829,
    42.327256672
  ],
  ""type"": ""Point""
}",-83.047934829,42.327256672
882,9894904,19338 MARKTWAIN,VASSAR,2016-12-17,17,12,2016,10,7,9,9,,,2,,4,5,1,25,2,2,0,5,0,0,0,0,true,,false,false,true,false,false,,,,,,false,false,false,,,false,false,false,false,false,-83.18778,42.43512,"{
  ""coordinates"": [
    -8.318778377699989e+01,
    4.243511563700010e+01
  ],
  ""type"": ""Point""
}","{
  ""coordinates"": [
    -83.187783777,
    42.435115637
  ],
  ""type"": ""Point""
}",-83.1877837769999,42.4351156370001
883,9894837,7 MILE,WARWICK,2016-12-17,17,12,2016,12,7,5,9,,2,0,,3,1,1,40,2,2,2,5,0,0,0,0,true,,false,false,true,false,false,,,,,,false,false,false,,,false,false,false,false,false,-83.23006,42.42981,"{
  ""coordinates"": [
    -8.323005435800000e+01,
    4.242981312400010e+01
  ],
  ""type"": ""Point""
}","{
  ""coordinates"": [
    -83.230054358,
    42.429813124
  ],
  ""type"": ""Point""
}",-83.230054358,42.4298131240001
884,9902965,LYNDON,ASHTON,2016-12-17,17,12,2016,7,7,8,9,,,0,,4,5,4,35,2,2,2,5,0,0,0,0,true,,false,false,true,false,false,,,,,,false,false,true,,,false,false,false,false,false,-83.21895,42.39387,"{
  ""coordinates"": [
    -8.321894846899990e+01,
    4.239387272600000e+01
  ],
  ""type"": ""Point""
}","{
  ""coordinates"": [
    -83.218948469,
    42.393872726
  ],
  ""type"": ""Point""
}",-83.2189484689999,42.393872726
885,9896345,N M 10,RAMP 110A,2016-12-17,17,12,2016,7,7,1,3,,1,1,,4,2,4,55,3,1,4,3,0,0,2,0,false,,false,false,false,false,false,,,,,,false,false,false,,,false,false,false,false,false,-83.10571,42.39283,"{
  ""coordinates"": [
    -8.310570399100000e+01,
    4.239283007600010e+01
  ],
  ""type"": ""Point""
}","{
  ""coordinates"": [
    -83.105703991,
    42.392830076
  ],
  ""type"": ""Point""
}",-83.105703991,42.3928300760001
886,9896311,M-10,7 MILERD,2016-12-17,17,12,2016,9,7,1,3,,1,1,,4,2,1,55,3,1,1,4,0,0,0,1,false,,false,false,false,false,false,,,,,,false,false,false,,,false,false,false,false,false,-83.18738,42.43104,"{
  ""coordinates"": [
    -8.318737977399999e+01,
    4.243103628800000e+01
  ],
  ""type"": ""Point""
}","{
  ""coordinates"": [
    -83.187379774,
    42.431036288
  ],
  ""type"": ""Point""
}",-83.187379774,42.431036288
887,9894860,7 MILE,CHALMERS,2016-12-17,17,12,2016,14,7,8,9,,2,0,,6,5,1,30,2,2,2,5,0,0,0,0,true,,false,false,true,false,false,,,,,,false,false,false,,,false,false,false,false,false,-82.97501,42.43514,"{
  ""coordinates"": [
    -8.297501620400000e+01,
    4.243513880200000e+01
  ],
  ""type"": ""Point""
}","{
  ""coordinates"": [
    -82.975016204,
    42.435138802
  ],
  ""type"": ""Point""
}",-82.975016204,42.435138802
888,9896378,MICHIGAN,VINEWOOD,2016-12-17,17,12,2016,0,7,9,2,,1,0,,4,8,4,35,6,2,3,4,0,0,0,1,false,,false,false,false,false,false,,,,,,false,false,false,,,false,false,false,false,false,-83.09685,42.33127,"{
  ""coordinates"": [
    -8.309684658499999e+01,
    4.233126940100000e+01
  ],
  ""type"": ""Point""
}","{
  ""coordinates"": [
    -83.096846585,
    42.331269401
  ],
  ""type"": ""Point""
}",-83.096846585,42.331269401
889,9907431,GREENFIELD,PLYMOUTH,2016-12-17,17,12,2016,1,7,5,9,,2,0,,4,5,3,35,4,2,1,5,0,0,0,0,true,,false,false,false,false,false,,,,,,false,false,false,,,false,false,false,false,false,-83.19754,42.37228,"{
  ""coordinates"": [
    -8.319753988600000e+01,
    4.237228371400000e+01
  ],
  ""type"": ""Point""
}","{
  ""coordinates"": [
    -83.197539886,
    42.372283714
  ],
  ""type"": ""Point""
}",-83.197539886,42.372283714
890,9894877,MILLER,MT ELLIOTT,2016-12-17,17,12,2016,15,7,97,9,,,0,,4,5,1,30,3,2,1,5,0,0,0,0,true,,false,false,false,false,false,,,,,,false,false,false,,,false,false,false,false,false,-83.0376,42.39069,"{
  ""coordinates"": [
    -8.303759800499989e+01,
    4.239068452400010e+01
  ],
  ""type"": ""Point""
}","{
  ""coordinates"": [
    -83.037598005,
    42.390684524
  ],
  ""type"": ""Point""
}",-83.0375980049999,42.3906845240001
891,9909869,7 MILE,ROBSON,2016-12-17,17,12,2016,23,7,4,9,,2,0,,2,5,4,30,4,2,1,5,0,0,0,0,true,,false,false,true,false,false,,,,,,false,false,false,,,false,false,false,false,false,-83.19369,42.4306,"{
  ""coordinates"": [
    -8.319368588200000e+01,
    4.243059760700000e+01
  ],
  ""type"": ""Point""
}","{
  ""coordinates"": [
    -83.193685882,
    42.430597607
  ],
  ""type"": ""Point""
}",-83.193685882,42.430597607
892,9900406,I-75,CLAY,2016-12-17,17,12,2016,2,7,8,1,,1,0,,4,5,4,70,4,2,1,5,0,0,0,0,true,,false,false,true,false,false,,,,,,false,false,false,,,false,false,false,false,false,-83.06343,42.37961,"{
  ""coordinates"": [
    -8.306342936500000e+01,
    4.237961141200000e+01
  ],
  ""type"": ""Point""
}","{
  ""coordinates"": [
    -83.063429365,
    42.379611412
  ],
  ""type"": ""Point""
}",-83.063429365,42.379611412
893,9894835,JOY,S M 39 SERVICE DRIVE,2016-12-17,17,12,2016,8,7,5,9,,2,0,,3,1,1,40,2,2,1,5,0,0,0,0,true,,false,false,true,false,false,,,,,,false,false,false,,,false,false,false,false,false,-83.21694,42.35783,"{
  ""coordinates"": [
    -8.321693868900000e+01,
    4.235783519700000e+01
  ],
  ""type"": ""Point""
}","{
  ""coordinates"": [
    -83.216938689,
    42.357835197
  ],
  ""type"": ""Point""
}",-83.216938689,42.357835197
894,9909788,N/B M-10,7 MILE,2016-12-17,17,12,2016,0,7,1,3,,1,1,,4,5,4,55,3,1,1,5,0,0,0,0,true,,false,false,false,false,false,,,,,,false,false,false,,,false,false,false,false,false,-83.18055,42.42535,"{
  ""coordinates"": [
    -8.318054879499989e+01,
    4.242534734000000e+01
  ],
  ""type"": ""Point""
}","{
  ""coordinates"": [
    -83.180548795,
    42.42534734
  ],
  ""type"": ""Point""
}",-83.1805487949999,42.42534734
895,9897879,I-75,NEVADA,2016-12-17,17,12,2016,12,7,8,1,,1,0,,2,2,1,70,4,2,1,5,0,0,0,0,true,,false,false,false,false,false,,,,,,false,false,false,,,false,false,false,false,false,-83.09351,42.4254,"{
  ""coordinates"": [
    -8.309351594299990e+01,
    4.242540474300010e+01
  ],
  ""type"": ""Point""
}","{
  ""coordinates"": [
    -83.093515943,
    42.425404743
  ],
  ""type"": ""Point""
}",-83.0935159429999,42.4254047430001
896,9894840,N M 39,E I 96,2016-12-17,17,12,2016,5,7,5,3,,1,0,,4,5,4,0,3,2,1,5,0,0,0,0,true,,false,false,true,false,false,,,,,,false,false,false,,,false,false,false,false,false,-83.2169,42.37861,"{
  ""coordinates"": [
    -8.321689980799989e+01,
    4.237860965900010e+01
  ],
  ""type"": ""Point""
}","{
  ""coordinates"": [
    -83.216899808,
    42.378609659
  ],
  ""type"": ""Point""
}",-83.2168998079999,42.3786096590001
897,9899262,VERNOR,CLARK,2016-12-17,17,12,2016,19,7,5,9,,4,0,,3,1,4,25,2,2,2,5,0,0,0,0,true,,false,false,false,false,false,,,,,,false,false,false,,,false,false,false,false,false,-83.09589,42.32024,"{
  ""coordinates"": [
    -8.309589753599990e+01,
    4.232024539400000e+01
  ],
  ""type"": ""Point""
}","{
  ""coordinates"": [
    -83.095897536,
    42.320245394
  ],
  ""type"": ""Point""
}",-83.0958975359999,42.320245394
898,9894842,OUTER,PLYMOUTH,2016-12-17,17,12,2016,20,7,8,9,,2,0,,6,2,4,25,1,2,1,5,0,0,0,0,true,,false,false,true,false,false,,,,,,false,false,false,,,false,false,false,false,false,-83.26077,42.37133,"{
  ""coordinates"": [
    -8.326076279300000e+01,
    4.237133085300010e+01
  ],
  ""type"": ""Point""
}","{
  ""coordinates"": [
    -83.260762793,
    42.371330853
  ],
  ""type"": ""Point""
}",-83.260762793,42.3713308530001
899,9896328,I-75,DEARBORN,2016-12-17,17,12,2016,10,7,1,1,,1,1,,4,2,1,55,4,1,1,5,0,0,0,0,true,,false,false,false,false,false,,,,,,false,false,false,,,false,false,false,false,false,-83.12599,42.2963,"{
  ""coordinates"": [
    -8.312599462599999e+01,
    4.229630088600000e+01
  ],
  ""type"": ""Point""
}","{
  ""coordinates"": [
    -83.125994626,
    42.296300886
  ],
  ""type"": ""Point""
}",-83.125994626,42.296300886
900,9894861,GRATIOT,WOODLAWN,2016-12-17,17,12,2016,7,7,9,3,,1,2,,6,5,4,35,4,2,2,4,0,0,0,1,false,,false,false,false,false,false,,,,,,false,false,false,,,false,false,false,false,false,-83.00072,42.39997,"{
  ""coordinates"": [
    -8.300071606300000e+01,
    4.239997515800010e+01
  ],
  ""type"": ""Point""
}","{
  ""coordinates"": [
    -83.000716063,
    42.399975158
  ],
  ""type"": ""Point""
}",-83.000716063,42.3999751580001
901,9894786,I-94,24TH,2016-12-16,16,12,2016,8,6,5,1,,1,0,,1,1,2,55,3,2,2,5,0,0,0,0,true,,false,false,false,false,false,,,,,,false,false,true,,,false,false,false,false,false,-83.10452,42.34839,"{
  ""coordinates"": [
    -8.310452124699999e+01,
    4.234839260100010e+01
  ],
  ""type"": ""Point""
}","{
  ""coordinates"": [
    -83.104521247,
    42.348392601
  ],
  ""type"": ""Point""
}",-83.104521247,42.3483926010001
902,9907404,MCNICHOLS,SUSSEX,2016-12-16,16,12,2016,22,6,6,9,,2,0,,4,5,4,35,4,3,3,3,0,0,1,0,false,,false,false,false,false,false,,,,,,false,false,true,,,false,false,false,false,false,-83.19566,42.41615,"{
  ""coordinates"": [
    -8.319566084500001e+01,
    4.241614924400010e+01
  ],
  ""type"": ""Point""
}","{
  ""coordinates"": [
    -83.195660845,
    42.416149244
  ],
  ""type"": ""Point""
}",-83.195660845,42.4161492440001
903,9900459,BLOOM,7 MILE,2016-12-16,16,12,2016,10,6,97,9,,,0,,3,1,1,25,2,2,1,5,0,0,0,0,true,,false,false,true,false,false,,,,,,false,true,false,,,false,false,false,false,false,-83.0491,42.43347,"{
  ""coordinates"": [
    -8.304910457499990e+01,
    4.243346943500010e+01
  ],
  ""type"": ""Point""
}","{
  ""coordinates"": [
    -83.049104575,
    42.433469435
  ],
  ""type"": ""Point""
}",-83.0491045749999,42.4334694350001
904,9928286,M10,WEBB,2016-12-16,16,12,2016,14,6,8,3,,1,0,,1,2,1,55,3,2,2,4,0,0,0,1,false,,false,false,false,true,false,,,,,,false,false,false,,,false,false,false,false,false,-83.10227,42.38808,"{
  ""coordinates"": [
    -8.310226909999990e+01,
    4.238808256400010e+01
  ],
  ""type"": ""Point""
}","{
  ""coordinates"": [
    -83.1022691,
    42.388082564
  ],
  ""type"": ""Point""
}",-83.1022690999999,42.3880825640001
905,9892957,MOROSS,ROLANDALE,2016-12-16,16,12,2016,6,6,4,9,,2,0,,3,1,4,35,5,2,1,5,0,0,0,0,true,,false,false,true,false,false,,,,,,false,false,false,,,false,false,false,false,false,-82.91962,42.42087,"{
  ""coordinates"": [
    -8.291961352999991e+01,
    4.242087275500010e+01
  ],
  ""type"": ""Point""
}","{
  ""coordinates"": [
    -82.91961353,
    42.420872755
  ],
  ""type"": ""Point""
}",-82.9196135299999,42.4208727550001
906,9894821,WESTBROOK,GRAND RIVER,2016-12-16,16,12,2016,16,6,2,9,,,2,,3,1,1,25,1,2,1,5,0,0,0,0,true,,false,false,false,false,false,,,,,,false,false,true,,,false,false,false,false,false,-83.25095,42.41328,"{
  ""coordinates"": [
    -8.325094259799990e+01,
    4.241327905200010e+01
  ],
  ""type"": ""Point""
}","{
  ""coordinates"": [
    -83.250942598,
    42.413279052
  ],
  ""type"": ""Point""
}",-83.2509425979999,42.4132790520001
907,9897966,WARREN,ST ANTOINE,2016-12-16,16,12,2016,16,6,5,9,,4,0,,3,2,3,30,4,2,3,5,0,0,0,0,true,,false,false,false,false,false,,,,,,false,false,true,,,false,false,false,false,false,-83.05699,42.35983,"{
  ""coordinates"": [
    -8.305698840199990e+01,
    4.235982603400000e+01
  ],
  ""type"": ""Point""
}","{
  ""coordinates"": [
    -83.056988402,
    42.359826034
  ],
  ""type"": ""Point""
}",-83.0569884019999,42.359826034
908,9894806,LAKEPOINTE,LOZIER,2016-12-16,16,12,2016,11,6,5,9,,,0,,4,1,1,25,2,2,0,5,0,0,0,0,true,,false,false,true,false,false,,,,,,false,false,false,,,false,false,false,false,false,-82.94659,42.39103,"{
  ""coordinates"": [
    -8.294658549800000e+01,
    4.239102555900010e+01
  ],
  ""type"": ""Point""
}","{
  ""coordinates"": [
    -82.946585498,
    42.391025559
  ],
  ""type"": ""Point""
}",-82.946585498,42.3910255590001
909,9894872,DEQUINDRE,WINCHESTER,2016-12-16,16,12,2016,18,6,4,9,,4,0,,3,2,4,30,4,2,2,5,0,0,0,0,true,,true,false,false,false,false,,,,,,false,false,false,,,false,false,false,false,false,-83.0833,42.44493,"{
  ""coordinates"": [
    -8.308330021200000e+01,
    4.244493543900010e+01
  ],
  ""type"": ""Point""
}","{
  ""coordinates"": [
    -83.083300212,
    42.444935439
  ],
  ""type"": ""Point""
}",-83.083300212,42.4449354390001
910,9909779,I-96,TELEGRAPH,2016-12-16,16,12,2016,21,6,4,1,,1,0,,4,5,4,70,4,2,4,4,0,0,0,3,false,,false,false,false,false,false,,,,,,false,false,false,,,false,false,false,false,false,-83.27406,42.3853,"{
  ""coordinates"": [
    -8.327406442800000e+01,
    4.238529599400000e+01
  ],
  ""type"": ""Point""
}","{
  ""coordinates"": [
    -83.274064428,
    42.385295994
  ],
  ""type"": ""Point""
}",-83.274064428,42.385295994
911,9894845,MACK,GRATIOT,2016-12-16,16,12,2016,22,6,1,3,,4,1,,4,5,4,35,4,1,1,5,0,0,0,0,true,,false,false,false,false,false,,,,,,false,false,false,,,false,false,false,false,false,-83.028,42.35894,"{
  ""coordinates"": [
    -8.302799761499990e+01,
    4.235894439200010e+01
  ],
  ""type"": ""Point""
}","{
  ""coordinates"": [
    -83.027997615,
    42.358944392
  ],
  ""type"": ""Point""
}",-83.0279976149999,42.3589443920001
912,9894827,PLYMOUTH,RUTHERFORD,2016-12-16,16,12,2016,16,6,1,9,,4,1,,3,5,4,35,7,1,6,4,0,0,0,2,false,,false,false,false,false,false,,,,,,false,false,false,,,false,false,false,false,false,-83.20269,42.37249,"{
  ""coordinates"": [
    -8.320269275500000e+01,
    4.237248947900010e+01
  ],
  ""type"": ""Point""
}","{
  ""coordinates"": [
    -83.202692755,
    42.372489479
  ],
  ""type"": ""Point""
}",-83.202692755,42.3724894790001