ObjectId,Crash ID,Primary Road,Intersecting Road,Crash Date,Day,Month,Year,Hour,Weekday,Crash Type Code,Highway Classification Code,Community Code,Jurisdiction Code,Lane Departure Type Code,Surface Type,Road Condition,Weather Condition,Lighting Condition,Speed Limit,Lanes,Units,Occupants,Most Severe Injury,Fatal Injuries,Suspected Serious Injuries,Suspected Minor Injuries,Possible Injuries,Property Damage Only,Secondary Crash,Traffic Control,Red Light Run,Hit and Run,Alcohol,Drugs,Unbelted Person,Work Zone,Speeding Driver,Distracted Driver,Driveway,Pedestrian,Elderly Driver,Young Driver,Commercial Vehicle,Emergency Vehicles,Train,School Bus,Motorcycle,Bicycle,Deer,Longitude,Latitude,geom,geog,x,y
1028,9893013,8 MILE,HUBBELL,2016-12-15,15,12,2016,6,5,5,3,,1,0,,1,1,4,40,4,2,2,5,0,0,0,0,true,,false,false,false,false,false,,,,,,false,true,false,,,false,false,false,false,false,-83.1908,42.445,"{
  ""coordinates"": [
    -8.319079749799990e+01,
    4.244499588200010e+01
  ],
  ""type"": ""Point""
}","{
  ""coordinates"": [
    -83.190797498,
    42.444995882
  ],
  ""type"": ""Point""
}",-83.1907974979999,42.4449958820001
1029,9892966,PURITAN,WINTHROP,2016-12-15,15,12,2016,20,5,3,9,,4,0,,2,1,5,35,2,2,3,4,0,0,0,1,false,,false,false,true,false,false,,,,,,false,false,false,,,false,false,false,false,false,-83.20045,42.40872,"{
  ""coordinates"": [
    -8.320044487800000e+01,
    4.240871718300010e+01
  ],
  ""type"": ""Point""
}","{
  ""coordinates"": [
    -83.200444878,
    42.408717183
  ],
  ""type"": ""Point""
}",-83.200444878,42.4087171830001
1030,9893007,SEVEN MILE,ARDMORE,2016-12-15,15,12,2016,8,5,4,9,,2,0,,4,1,1,0,4,2,2,5,0,0,0,0,true,,false,false,false,false,false,,,,,,false,false,false,,,false,false,false,false,false,-83.18502,42.43091,"{
  ""coordinates"": [
    -8.318502406200000e+01,
    4.243091070400000e+01
  ],
  ""type"": ""Point""
}","{
  ""coordinates"": [
    -83.185024062,
    42.430910704
  ],
  ""type"": ""Point""
}",-83.185024062,42.430910704
1031,9894908,RENFREW,8 MILE,2016-12-15,15,12,2016,16,5,5,3,,,0,,3,1,1,25,2,2,2,5,0,0,0,0,true,,false,false,false,false,false,,,,,,false,false,true,,,false,false,false,false,false,-83.13544,42.44617,"{
  ""coordinates"": [
    -8.313543979600000e+01,
    4.244617331000010e+01
  ],
  ""type"": ""Point""
}","{
  ""coordinates"": [
    -83.135439796,
    42.44617331
  ],
  ""type"": ""Point""
}",-83.135439796,42.4461733100001
1032,9896384,EDSEL FORD,ADDISON,2016-12-15,15,12,2016,7,5,8,1,,1,0,,1,1,1,0,3,2,3,5,0,0,0,0,true,,false,false,false,false,false,,,,,,false,true,false,,,false,false,false,false,false,-83.15068,42.3301,"{
  ""coordinates"": [
    -8.315067724499990e+01,
    4.233010349400010e+01
  ],
  ""type"": ""Point""
}","{
  ""coordinates"": [
    -83.150677245,
    42.330103494
  ],
  ""type"": ""Point""
}",-83.1506772449999,42.3301034940001
1033,9894831,WARWICK,EATON,2016-12-15,15,12,2016,2,5,8,9,,,0,,3,1,1,0,2,2,1,5,0,0,0,0,true,,false,false,false,false,false,,,,,,false,false,false,,,false,false,false,false,false,-83.22874,42.39613,"{
  ""coordinates"": [
    -8.322873782499990e+01,
    4.239612476300000e+01
  ],
  ""type"": ""Point""
}","{
  ""coordinates"": [
    -83.228737825,
    42.396124763
  ],
  ""type"": ""Point""
}",-83.2287378249999,42.396124763
1034,9901437,LENORE,7 MILE,2016-12-15,15,12,2016,17,5,5,9,,,0,,3,1,1,25,1,2,1,5,0,0,0,0,true,,false,false,true,false,false,,,,,,false,false,false,,,false,false,false,false,false,-83.2812,42.42883,"{
  ""coordinates"": [
    -8.328119414100000e+01,
    4.242882377000010e+01
  ],
  ""type"": ""Point""
}","{
  ""coordinates"": [
    -83.281194141,
    42.42882377
  ],
  ""type"": ""Point""
}",-83.281194141,42.4288237700001
1035,9899261,RANDOLPH,LARNED,2016-12-15,15,12,2016,18,5,4,3,,1,0,,3,1,4,30,6,2,2,5,0,0,0,0,true,,false,false,false,false,false,,,,,,false,false,false,,,false,false,false,false,false,-83.04251,42.33063,"{
  ""coordinates"": [
    -8.304250740600000e+01,
    4.233062616700000e+01
  ],
  ""type"": ""Point""
}","{
  ""coordinates"": [
    -83.042507406,
    42.330626167
  ],
  ""type"": ""Point""
}",-83.042507406,42.330626167
1036,9896360,DAVISON,LIVERNOIS,2016-12-15,15,12,2016,17,5,5,3,,1,0,,2,2,4,35,6,3,4,5,0,0,0,0,true,,false,false,false,false,false,,,,,,false,false,true,,,false,false,false,false,false,-83.13948,42.38669,"{
  ""coordinates"": [
    -8.313948077600000e+01,
    4.238669208400010e+01
  ],
  ""type"": ""Point""
}","{
  ""coordinates"": [
    -83.139480776,
    42.386692084
  ],
  ""type"": ""Point""
}",-83.139480776,42.3866920840001
1037,9894820,SOUTHFILED SERVICE,MCNICHOLS,2016-12-15,15,12,2016,18,5,8,3,,1,0,,1,1,4,35,3,2,3,5,0,0,0,0,true,,false,false,false,false,false,,,,,,false,false,false,,,false,false,false,false,false,-83.21889,42.4156,"{
  ""coordinates"": [
    -8.321888577199999e+01,
    4.241560406500000e+01
  ],
  ""type"": ""Point""
}","{
  ""coordinates"": [
    -83.218885772,
    42.415604065
  ],
  ""type"": ""Point""
}",-83.218885772,42.415604065
1038,9899309,CURTIS,MEYERS,2016-12-15,15,12,2016,20,5,3,9,,4,0,,3,1,4,30,5,3,1,5,0,0,0,0,true,,false,false,false,false,false,,,,,,false,false,false,,,false,false,false,false,false,-83.17052,42.42399,"{
  ""coordinates"": [
    -8.317052744300000e+01,
    4.242399046300010e+01
  ],
  ""type"": ""Point""
}","{
  ""coordinates"": [
    -83.170527443,
    42.423990463
  ],
  ""type"": ""Point""
}",-83.170527443,42.4239904630001
1039,9894823,ROSA PARKS,OAKMAN,2016-12-15,15,12,2016,17,5,4,9,,4,0,,3,5,3,30,3,2,2,5,0,0,0,0,true,,false,false,true,false,false,,,,,,false,false,false,,,false,false,false,false,false,-83.11676,42.40147,"{
  ""coordinates"": [
    -8.311676380700000e+01,
    4.240146914000010e+01
  ],
  ""type"": ""Point""
}","{
  ""coordinates"": [
    -83.116763807,
    42.40146914
  ],
  ""type"": ""Point""
}",-83.116763807,42.4014691400001
1040,9896379,TOLEDO,LANSING,2016-12-15,15,12,2016,22,5,4,9,,4,0,,4,5,4,25,2,2,2,5,0,0,0,0,true,,true,false,true,false,false,,,,,,false,false,false,,,false,false,false,false,false,-83.10061,42.32233,"{
  ""coordinates"": [
    -8.310060844000000e+01,
    4.232233489200010e+01
  ],
  ""type"": ""Point""
}","{
  ""coordinates"": [
    -83.10060844,
    42.322334892
  ],
  ""type"": ""Point""
}",-83.10060844,42.3223348920001
1041,9921067,THATCHER,SANTA ROSA,2016-12-15,15,12,2016,10,5,4,9,,,0,,4,1,1,25,4,2,1,5,0,0,0,0,true,,false,false,true,false,false,,,,,,false,false,false,,,false,false,false,false,false,-83.14325,42.42257,"{
  ""coordinates"": [
    -8.314324600299990e+01,
    4.242256666900000e+01
  ],
  ""type"": ""Point""
}","{
  ""coordinates"": [
    -83.143246003,
    42.422566669
  ],
  ""type"": ""Point""
}",-83.1432460029999,42.422566669
1042,9894839,WARREN,N M 10,2016-12-15,15,12,2016,4,5,4,9,,4,0,,4,5,1,0,3,2,2,5,0,0,0,0,true,,false,false,false,false,false,,,,,,false,false,false,,,false,false,false,false,false,-83.07333,42.35379,"{
  ""coordinates"": [
    -8.307333347900000e+01,
    4.235378535900000e+01
  ],
  ""type"": ""Point""
}","{
  ""coordinates"": [
    -83.073333479,
    42.353785359
  ],
  ""type"": ""Point""
}",-83.073333479,42.353785359
1043,9896367,MEYER,LYNDON,2016-12-15,15,12,2016,21,5,4,9,,4,0,,6,1,3,35,3,2,1,5,0,0,0,0,true,,false,false,true,false,false,,,,,,false,false,false,,,false,false,false,false,false,-83.16904,42.39504,"{
  ""coordinates"": [
    -8.316904546400001e+01,
    4.239504345700000e+01
  ],
  ""type"": ""Point""
}","{
  ""coordinates"": [
    -83.169045464,
    42.395043457
  ],
  ""type"": ""Point""
}",-83.169045464,42.395043457
1044,9899245,JEFFERSON,WOODWARD,2016-12-15,15,12,2016,22,5,5,3,,1,0,,4,5,4,35,3,2,3,5,0,0,0,0,true,,false,false,false,false,false,,,,,,false,false,false,,,false,false,false,false,false,-83.04443,42.32851,"{
  ""coordinates"": [
    -8.304443180800000e+01,
    4.232851378800010e+01
  ],
  ""type"": ""Point""
}","{
  ""coordinates"": [
    -83.044431808,
    42.328513788
  ],
  ""type"": ""Point""
}",-83.044431808,42.3285137880001
1045,9896356,I 96,I 94,2016-12-15,15,12,2016,7,5,5,9,,4,0,,1,1,1,55,4,2,1,5,0,0,0,0,true,,false,false,true,false,false,,,,,,false,false,false,,,false,false,false,false,false,-83.11435,42.35721,"{
  ""coordinates"": [
    -8.311434926299999e+01,
    4.235721058600010e+01
  ],
  ""type"": ""Point""
}","{
  ""coordinates"": [
    -83.114349263,
    42.357210586
  ],
  ""type"": ""Point""
}",-83.114349263,42.3572105860001
1046,9894895,7 MILE,JAMES COUZENS,2016-12-15,15,12,2016,8,5,5,9,,2,0,,4,5,1,35,2,2,2,4,0,0,0,1,false,,false,false,false,false,false,,,,,,false,false,false,,,false,false,false,false,false,-83.18738,42.43081,"{
  ""coordinates"": [
    -8.318737688100001e+01,
    4.243080904500000e+01
  ],
  ""type"": ""Point""
}","{
  ""coordinates"": [
    -83.187376881,
    42.430809045
  ],
  ""type"": ""Point""
}",-83.187376881,42.430809045
1047,9897875,M-10,LAYFAYETTE,2016-12-15,15,12,2016,17,5,5,3,,1,0,,1,1,5,0,3,2,3,5,0,0,0,0,true,,false,false,false,false,false,,,,,,false,false,false,,,false,false,false,false,false,-83.05511,42.32701,"{
  ""coordinates"": [
    -8.305511704400000e+01,
    4.232700636500000e+01
  ],
  ""type"": ""Point""
}","{
  ""coordinates"": [
    -83.055117044,
    42.327006365
  ],
  ""type"": ""Point""
}",-83.055117044,42.327006365
1048,9896306,S M 10,M 10 SERVICE DRIVE,2016-12-15,15,12,2016,9,5,5,3,,1,0,,1,1,1,55,3,2,2,5,0,0,0,0,true,,false,false,false,false,false,,,,,,false,false,false,,,false,false,false,false,false,-83.18052,42.42513,"{
  ""coordinates"": [
    -8.318051943499999e+01,
    4.242512456000000e+01
  ],
  ""type"": ""Point""
}","{
  ""coordinates"": [
    -83.180519435,
    42.42512456
  ],
  ""type"": ""Point""
}",-83.180519435,42.42512456
1049,9894906,CHERRYLAWN,PURITAN,2016-12-15,15,12,2016,8,5,4,9,,,0,,6,1,1,0,2,2,1,5,0,0,0,0,true,,false,false,true,false,false,,,,,,false,true,false,,,false,false,false,false,false,-83.15454,42.40998,"{
  ""coordinates"": [
    -8.315454459300000e+01,
    4.240997628500000e+01
  ],
  ""type"": ""Point""
}","{
  ""coordinates"": [
    -83.154544593,
    42.409976285
  ],
  ""type"": ""Point""
}",-83.154544593,42.409976285
1050,9897884,RAMP 104B,M-10,2016-12-15,15,12,2016,9,5,1,3,,1,1,,3,1,1,55,3,1,1,4,0,0,0,1,false,,false,false,false,false,false,,,,,,false,false,true,,,false,false,false,false,false,-83.16663,42.41119,"{
  ""coordinates"": [
    -8.316662645100000e+01,
    4.241119340000010e+01
  ],
  ""type"": ""Point""
}","{
  ""coordinates"": [
    -83.166626451,
    42.4111934
  ],
  ""type"": ""Point""
}",-83.166626451,42.4111934000001
1051,9894894,BOSTON,14TH,2016-12-15,15,12,2016,8,5,1,9,,,1,,3,1,1,25,4,1,1,5,0,0,0,0,true,,false,false,false,false,false,,,,,,false,false,false,,,false,false,false,false,false,-83.10659,42.37954,"{
  ""coordinates"": [
    -8.310658991100000e+01,
    4.237953846800010e+01
  ],
  ""type"": ""Point""
}","{
  ""coordinates"": [
    -83.106589911,
    42.379538468
  ],
  ""type"": ""Point""
}",-83.106589911,42.3795384680001
1052,9896341,I-75,DAVISON,2016-12-15,15,12,2016,7,5,8,1,,1,0,,3,1,2,70,4,2,1,5,0,0,0,0,true,,false,false,true,false,false,,,,,,false,false,false,,,false,false,false,false,false,-83.07692,42.40675,"{
  ""coordinates"": [
    -8.307691896599989e+01,
    4.240675279000000e+01
  ],
  ""type"": ""Point""
}","{
  ""coordinates"": [
    -83.076918966,
    42.40675279
  ],
  ""type"": ""Point""
}",-83.0769189659999,42.40675279
1053,9894890,7 MILE,WOODWARD,2016-12-15,15,12,2016,16,5,4,3,,4,0,,1,2,1,30,4,2,3,5,0,0,0,0,true,,true,true,false,false,false,,,,,,false,true,false,,,false,false,false,false,false,-83.11497,42.43213,"{
  ""coordinates"": [
    -8.311497278300000e+01,
    4.243213101500000e+01
  ],
  ""type"": ""Point""
}","{
  ""coordinates"": [
    -83.114972783,
    42.432131015
  ],
  ""type"": ""Point""
}",-83.114972783,42.432131015
1054,9894818,WARREN,SOMERSET,2016-12-15,15,12,2016,16,5,10,9,,4,0,,98,98,4,30,4,2,0,5,0,0,0,0,true,,false,false,true,false,false,,,,,,false,false,false,,,false,false,false,false,false,-82.94749,42.39959,"{
  ""coordinates"": [
    -8.294748718400000e+01,
    4.239959365000000e+01
  ],
  ""type"": ""Point""
}","{
  ""coordinates"": [
    -82.947487184,
    42.39959365
  ],
  ""type"": ""Point""
}",-82.947487184,42.39959365
1055,9899243,N M 39,RAMP 008M,2016-12-15,15,12,2016,16,5,5,3,,1,0,,1,1,1,55,3,2,2,5,0,0,0,0,true,,false,false,false,false,false,,,,,,false,false,false,,,false,false,false,false,false,-83.21693,42.37891,"{
  ""coordinates"": [
    -8.321693709499991e+01,
    4.237890902600000e+01
  ],
  ""type"": ""Point""
}","{
  ""coordinates"": [
    -83.216937095,
    42.378909026
  ],
  ""type"": ""Point""
}",-83.2169370949999,42.378909026
1056,9914297,E I 96,SCHAEFER,2016-12-15,15,12,2016,12,5,8,1,,1,0,,1,1,1,55,3,2,2,2,0,1,0,0,false,,false,false,true,false,false,,,,,,false,false,true,,,false,false,false,false,false,-83.17788,42.38324,"{
  ""coordinates"": [
    -8.317788299700000e+01,
    4.238324466400010e+01
  ],
  ""type"": ""Point""
}","{
  ""coordinates"": [
    -83.177882997,
    42.383244664
  ],
  ""type"": ""Point""
}",-83.177882997,42.3832446640001
1057,9897949,MACK,N I 75 SERVICE DRIVE,2016-12-15,15,12,2016,15,5,8,9,,4,0,,6,5,1,30,3,2,2,5,0,0,0,0,true,,false,false,false,false,false,,,,,,false,true,false,,,false,false,false,false,false,-83.04757,42.35147,"{
  ""coordinates"": [
    -8.304756804800000e+01,
    4.235146669200000e+01
  ],
  ""type"": ""Point""
}","{
  ""coordinates"": [
    -83.047568048,
    42.351466692
  ],
  ""type"": ""Point""
}",-83.047568048,42.351466692
1058,9896409,LAWTON,GRAND,2016-12-15,15,12,2016,16,5,4,9,,,0,,3,1,1,25,2,2,1,5,0,0,0,0,true,,true,false,true,false,false,,,,,,false,false,false,,,false,false,false,false,false,-83.12582,42.39361,"{
  ""coordinates"": [
    -8.312581614500000e+01,
    4.239361263600010e+01
  ],
  ""type"": ""Point""
}","{
  ""coordinates"": [
    -83.125816145,
    42.393612636
  ],
  ""type"": ""Point""
}",-83.125816145,42.3936126360001
1059,9896355,M 39,PLYMOUTH,2016-12-15,15,12,2016,7,5,5,3,,1,0,,1,1,4,55,3,2,1,5,0,0,0,0,true,,false,false,true,false,false,,,,,,false,false,false,,,false,false,false,false,false,-83.21642,42.36863,"{
  ""coordinates"": [
    -8.321642365000000e+01,
    4.236862680200010e+01
  ],
  ""type"": ""Point""
}","{
  ""coordinates"": [
    -83.21642365,
    42.368626802
  ],
  ""type"": ""Point""
}",-83.21642365,42.3686268020001
1060,9892949,GRAND RIVER,W I 94,2016-12-15,15,12,2016,5,5,4,3,,1,0,,3,1,4,35,8,2,2,5,0,0,0,0,true,,true,true,false,false,false,,,,,,false,false,false,,,false,false,false,false,false,-83.09576,42.35131,"{
  ""coordinates"": [
    -8.309575962699989e+01,
    4.235130763000010e+01
  ],
  ""type"": ""Point""
}","{
  ""coordinates"": [
    -83.095759627,
    42.35130763
  ],
  ""type"": ""Point""
}",-83.0957596269999,42.3513076300001
1061,9894849,GREENFIELD,PURITAN,2016-12-15,15,12,2016,18,5,4,9,,2,0,,1,1,2,35,5,2,2,5,0,0,0,0,true,,true,true,false,false,false,,,,,,false,true,false,,,false,false,false,false,false,-83.19901,42.40874,"{
  ""coordinates"": [
    -8.319900792899990e+01,
    4.240873645700000e+01
  ],
  ""type"": ""Point""
}","{
  ""coordinates"": [
    -83.199007929,
    42.408736457
  ],
  ""type"": ""Point""
}",-83.1990079289999,42.408736457
1062,9892977,JEFFERSON,PARKVIEW,2016-12-15,15,12,2016,7,5,3,9,,4,0,,4,1,1,30,4,2,2,5,0,0,0,0,true,,false,false,false,false,false,,,,,,false,false,true,,,false,false,false,false,false,-82.98382,42.35941,"{
  ""coordinates"": [
    -8.298382160100000e+01,
    4.235940734300000e+01
  ],
  ""type"": ""Point""
}","{
  ""coordinates"": [
    -82.983821601,
    42.359407343
  ],
  ""type"": ""Point""
}",-82.983821601,42.359407343
1063,9896410,WOODROW WILSON,GLENDALE,2016-12-15,15,12,2016,16,5,4,9,,4,0,,1,1,1,30,4,2,5,5,0,0,0,0,true,,true,false,false,false,false,,,,,,false,false,false,,,false,false,false,false,false,-83.10892,42.39427,"{
  ""coordinates"": [
    -8.310892105499990e+01,
    4.239426938400000e+01
  ],
  ""type"": ""Point""
}","{
  ""coordinates"": [
    -83.108921055,
    42.394269384
  ],
  ""type"": ""Point""
}",-83.1089210549999,42.394269384
1064,9894902,GREENFIELD,JAMES COUZENS,2016-12-15,15,12,2016,19,5,8,7,,1,0,,2,1,4,30,3,2,1,5,0,0,0,0,true,,false,false,true,false,false,,,,,,false,false,false,,,false,false,false,false,false,-83.20037,42.44216,"{
  ""coordinates"": [
    -8.320036970099990e+01,
    4.244216307400010e+01
  ],
  ""type"": ""Point""
}","{
  ""coordinates"": [
    -83.200369701,
    42.442163074
  ],
  ""type"": ""Point""
}",-83.2003697009999,42.4421630740001
1065,9917281,HARPER,WAYBURN,2016-12-15,15,12,2016,21,5,3,9,,4,0,,1,5,4,0,2,2,3,5,0,0,0,0,true,,false,false,false,false,false,,,,,,false,false,true,,,false,false,false,false,false,-82.95972,42.4061,"{
  ""coordinates"": [
    -8.295972265899999e+01,
    4.240609720000000e+01
  ],
  ""type"": ""Point""
}","{
  ""coordinates"": [
    -82.959722659,
    42.4060972
  ],
  ""type"": ""Point""
}",-82.959722659,42.4060972
1066,9912867,M-10,7 MILE,2016-12-15,15,12,2016,11,5,8,3,,1,0,,1,1,1,55,3,3,1,4,0,0,0,1,false,,false,false,false,false,false,,,,,,false,false,true,,,false,false,false,false,false,-83.18441,42.42861,"{
  ""coordinates"": [
    -8.318441323499999e+01,
    4.242861214700010e+01
  ],
  ""type"": ""Point""
}","{
  ""coordinates"": [
    -83.184413235,
    42.428612147
  ],
  ""type"": ""Point""
}",-83.184413235,42.4286121470001
1067,9914319,I-75,DAVISON,2016-12-15,15,12,2016,17,5,5,1,,1,0,,1,1,5,55,4,2,2,5,0,0,0,0,true,,false,false,false,false,false,,,,,,false,false,false,,,false,false,false,false,false,-83.07802,42.40763,"{
  ""coordinates"": [
    -8.307801458599990e+01,
    4.240762770700010e+01
  ],
  ""type"": ""Point""
}","{
  ""coordinates"": [
    -83.078014586,
    42.407627707
  ],
  ""type"": ""Point""
}",-83.0780145859999,42.4076277070001
1068,9894889,SOUTHFIELD,JOY,2016-12-15,15,12,2016,12,5,8,9,,4,0,,1,1,1,25,2,2,1,4,0,0,0,1,false,,true,true,true,false,false,,,,,,false,false,false,,,false,false,false,false,false,-83.2171,42.37252,"{
  ""coordinates"": [
    -8.321710183600000e+01,
    4.237252447100010e+01
  ],
  ""type"": ""Point""
}","{
  ""coordinates"": [
    -83.217101836,
    42.372524471
  ],
  ""type"": ""Point""
}",-83.217101836,42.3725244710001
1069,9899308,PICADILLY,8 MILE,2016-12-15,15,12,2016,14,5,5,3,,,0,,1,1,1,25,2,2,2,5,0,0,0,0,true,,false,false,false,false,false,,,,,,false,true,false,,,false,false,false,false,false,-83.13766,42.44615,"{
  ""coordinates"": [
    -8.313766297799999e+01,
    4.244614772400010e+01
  ],
  ""type"": ""Point""
}","{
  ""coordinates"": [
    -83.137662978,
    42.446147724
  ],
  ""type"": ""Point""
}",-83.137662978,42.4461477240001
1070,9896361,OPAL,MACK,2016-12-15,15,12,2016,15,5,97,9,,,0,,3,2,1,25,4,2,1,5,0,0,0,0,true,,false,false,false,false,false,,,,,,false,false,false,,,false,false,false,false,false,-82.91328,42.41106,"{
  ""coordinates"": [
    -8.291328548000000e+01,
    4.241106148800000e+01
  ],
  ""type"": ""Point""
}","{
  ""coordinates"": [
    -82.91328548,
    42.411061488
  ],
  ""type"": ""Point""
}",-82.91328548,42.411061488
1071,9892954,ST ANTOINE,CANFIELD,2016-12-15,15,12,2016,6,5,4,9,,4,0,,4,1,1,25,6,2,1,5,0,0,0,0,true,,false,false,true,false,false,,,,,,false,false,false,,,false,false,false,false,false,-83.05409,42.35536,"{
  ""coordinates"": [
    -8.305409376599989e+01,
    4.235536216700010e+01
  ],
  ""type"": ""Point""
}","{
  ""coordinates"": [
    -83.054093766,
    42.355362167
  ],
  ""type"": ""Point""
}",-83.0540937659999,42.3553621670001
1072,9905827,M-10,DAVISON,2016-12-15,15,12,2016,8,5,8,3,,1,0,,1,1,2,55,3,2,2,5,0,0,0,0,true,,false,false,true,false,false,,,,,,false,false,false,,,false,false,false,false,false,-83.12659,42.40509,"{
  ""coordinates"": [
    -8.312659712200001e+01,
    4.240509538800010e+01
  ],
  ""type"": ""Point""
}","{
  ""coordinates"": [
    -83.126597122,
    42.405095388
  ],
  ""type"": ""Point""
}",-83.126597122,42.4050953880001
1073,9891828,MCNICHOLS,RIOPELLE,2016-12-14,14,12,2016,10,4,10,9,,2,0,,4,5,1,0,4,2,1,5,0,0,0,0,true,,false,false,false,false,false,,,,,,false,false,false,,,false,false,false,false,false,-83.08553,42.41817,"{
  ""coordinates"": [
    -8.308552475000000e+01,
    4.241817550300000e+01
  ],
  ""type"": ""Point""
}","{
  ""coordinates"": [
    -83.08552475,
    42.418175503
  ],
  ""type"": ""Point""
}",-83.08552475,42.418175503
1074,9891818,WHITCOMB,TYLER,2016-12-14,14,12,2016,15,4,4,9,,,0,,3,1,1,25,2,2,2,5,0,0,0,0,true,,false,false,false,false,false,,,,,,false,true,false,,,false,false,false,false,false,-83.1955,42.38335,"{
  ""coordinates"": [
    -8.319550540499991e+01,
    4.238335315900010e+01
  ],
  ""type"": ""Point""
}","{
  ""coordinates"": [
    -83.195505405,
    42.383353159
  ],
  ""type"": ""Point""
}",-83.1955054049999,42.3833531590001
1075,9891839,MCNICHOLS,ROSEMONT,2016-12-14,14,12,2016,16,4,97,9,,2,0,,3,2,1,35,2,2,3,5,0,0,0,0,true,,false,false,false,false,false,,,,,,false,false,false,,,false,false,false,false,false,-83.22235,42.41548,"{
  ""coordinates"": [
    -8.322234901699990e+01,
    4.241548085100000e+01
  ],
  ""type"": ""Point""
}","{
  ""coordinates"": [
    -83.222349017,
    42.415480851
  ],
  ""type"": ""Point""
}",-83.2223490169999,42.415480851
1076,9891827,FENELON,MCNICHOLS,2016-12-14,14,12,2016,18,4,8,9,,,0,,1,1,3,45,2,2,3,5,0,0,0,0,true,,false,false,false,false,false,,,,,,false,false,true,,,false,false,false,false,false,-83.05282,42.41886,"{
  ""coordinates"": [
    -8.305282092000000e+01,
    4.241886193000000e+01
  ],
  ""type"": ""Point""
}","{
  ""coordinates"": [
    -83.05282092,
    42.41886193
  ],
  ""type"": ""Point""
}",-83.05282092,42.41886193
1077,9891848,KLINGER,7 MILE,2016-12-14,14,12,2016,7,4,5,9,,,0,,3,1,1,25,1,2,1,5,0,0,0,0,true,,false,false,true,false,false,,,,,,false,false,false,,,false,false,false,false,false,-83.06921,42.43341,"{
  ""coordinates"": [
    -8.306921537200000e+01,
    4.243340683200010e+01
  ],
  ""type"": ""Point""
}","{
  ""coordinates"": [
    -83.069215372,
    42.433406832
  ],
  ""type"": ""Point""
}",-83.069215372,42.4334068320001
1078,9892987,MARGARETA,WARWICK,2016-12-14,14,12,2016,8,4,4,9,,,0,,4,5,1,25,2,2,1,5,0,0,0,0,true,,true,false,true,false,false,,,,,,false,false,false,,,false,false,false,false,false,-83.22938,42.42666,"{
  ""coordinates"": [
    -8.322938032699990e+01,
    4.242666429600010e+01
  ],
  ""type"": ""Point""
}","{
  ""coordinates"": [
    -83.229380327,
    42.426664296
  ],
  ""type"": ""Point""
}",-83.2293803269999,42.4266642960001
1079,9894815,ALTER,HAMPTON,2016-12-14,14,12,2016,16,4,8,9,,4,0,,4,1,1,25,2,2,1,5,0,0,0,0,true,,false,false,false,false,false,,,,,,false,false,false,,,false,false,false,false,false,-82.94041,42.37621,"{
  ""coordinates"": [
    -8.294040306600000e+01,
    4.237620369800000e+01
  ],
  ""type"": ""Point""
}","{
  ""coordinates"": [
    -82.940403066,
    42.376203698
  ],
  ""type"": ""Point""
}",-82.940403066,42.376203698
1080,9892985,WOODBINE,SANTA MARIA,2016-12-14,14,12,2016,11,4,5,9,,,0,,3,1,1,25,2,2,2,5,0,0,0,0,true,,false,false,false,false,false,,,,,,false,false,true,,,false,false,false,false,false,-83.27872,42.41681,"{
  ""coordinates"": [
    -8.327872068100000e+01,
    4.241680646000000e+01
  ],
  ""type"": ""Point""
}","{
  ""coordinates"": [
    -83.278720681,
    42.41680646
  ],
  ""type"": ""Point""
}",-83.278720681,42.41680646
1081,9891850,CALDWELL,AMRAD,2016-12-14,14,12,2016,9,4,2,9,,,0,,3,5,1,25,2,2,1,5,0,0,0,0,true,,false,false,false,false,false,,,,,,false,false,true,,,false,false,false,false,false,-83.04746,42.44437,"{
  ""coordinates"": [
    -8.304746298799989e+01,
    4.244437194300010e+01
  ],
  ""type"": ""Point""
}","{
  ""coordinates"": [
    -83.047462988,
    42.444371943
  ],
  ""type"": ""Point""
}",-83.0474629879999,42.4443719430001
1082,9892993,GLENDALE,WILDEMERE,2016-12-14,14,12,2016,13,4,8,9,,,0,,98,98,98,30,2,2,1,5,0,0,0,0,true,,false,false,false,false,false,,,,,,false,false,false,,,false,false,false,false,false,-83.1255,42.38813,"{
  ""coordinates"": [
    -8.312549731999999e+01,
    4.238812656700000e+01
  ],
  ""type"": ""Point""
}","{
  ""coordinates"": [
    -83.12549732,
    42.388126567
  ],
  ""type"": ""Point""
}",-83.12549732,42.388126567
1083,9894800,JOHN R,HANCOCK,2016-12-14,14,12,2016,7,4,5,9,,4,0,,3,1,1,30,4,2,2,5,0,0,0,0,true,,false,false,false,false,false,,,,,,false,false,false,,,false,false,false,false,false,-83.06142,42.35667,"{
  ""coordinates"": [
    -8.306142558800001e+01,
    4.235666536400000e+01
  ],
  ""type"": ""Point""
}","{
  ""coordinates"": [
    -83.061425588,
    42.356665364
  ],
  ""type"": ""Point""
}",-83.061425588,42.356665364
1084,9908377,DAVISION,CONANT,2016-12-14,14,12,2016,15,4,6,3,,4,0,,1,1,4,0,4,2,3,5,0,0,0,0,true,,false,false,true,false,false,,,,,,false,true,false,,,false,false,false,false,false,-83.06123,42.41561,"{
  ""coordinates"": [
    -8.306123613699999e+01,
    4.241561145600010e+01
  ],
  ""type"": ""Point""
}","{
  ""coordinates"": [
    -83.061236137,
    42.415611456
  ],
  ""type"": ""Point""
}",-83.061236137,42.4156114560001