ObjectId,Crash ID,Primary Road,Intersecting Road,Crash Date,Day,Month,Year,Hour,Weekday,Crash Type Code,Highway Classification Code,Community Code,Jurisdiction Code,Lane Departure Type Code,Surface Type,Road Condition,Weather Condition,Lighting Condition,Speed Limit,Lanes,Units,Occupants,Most Severe Injury,Fatal Injuries,Suspected Serious Injuries,Suspected Minor Injuries,Possible Injuries,Property Damage Only,Secondary Crash,Traffic Control,Red Light Run,Hit and Run,Alcohol,Drugs,Unbelted Person,Work Zone,Speeding Driver,Distracted Driver,Driveway,Pedestrian,Elderly Driver,Young Driver,Commercial Vehicle,Emergency Vehicles,Train,School Bus,Motorcycle,Bicycle,Deer,Longitude,Latitude,geom,geog,x,y
1141,9912891,I-96,SOUTHFIELD,2016-12-14,14,12,2016,7,4,5,1,,1,0,,1,2,4,70,4,2,2,5,0,0,0,0,true,,false,false,false,false,false,,,,,,false,false,false,,,false,false,false,false,false,-83.21181,42.3787,"{
  ""coordinates"": [
    -8.321180691300000e+01,
    4.237870556500010e+01
  ],
  ""type"": ""Point""
}","{
  ""coordinates"": [
    -83.211806913,
    42.378705565
  ],
  ""type"": ""Point""
}",-83.211806913,42.3787055650001
1142,9894816,CORNWALL,3 MILE,2016-12-14,14,12,2016,13,4,4,9,,,0,,3,1,1,25,2,2,5,5,0,0,0,0,true,,false,false,false,false,false,,,,,,false,true,false,,,false,false,false,false,false,-82.93885,42.40067,"{
  ""coordinates"": [
    -8.293885199499989e+01,
    4.240067212400000e+01
  ],
  ""type"": ""Point""
}","{
  ""coordinates"": [
    -82.938851995,
    42.400672124
  ],
  ""type"": ""Point""
}",-82.9388519949999,42.400672124
1143,9894808,LOZIER,BARHAM,2016-12-14,14,12,2016,13,4,2,9,,,0,,3,1,1,25,1,2,2,5,0,0,0,0,true,,false,false,false,false,false,,,,,,false,false,false,,,false,false,false,false,false,-82.9455,42.3912,"{
  ""coordinates"": [
    -8.294549512799991e+01,
    4.239119823200010e+01
  ],
  ""type"": ""Point""
}","{
  ""coordinates"": [
    -82.945495128,
    42.391198232
  ],
  ""type"": ""Point""
}",-82.9454951279999,42.3911982320001
1144,9897899,GREENFIELD,CHALFONTE,2016-12-13,13,12,2016,1,3,5,9,,2,0,,4,2,4,35,4,4,1,5,0,0,0,0,true,,false,false,false,false,false,,,,,,false,false,true,,,false,false,false,false,false,-83.19863,42.39923,"{
  ""coordinates"": [
    -8.319862820100001e+01,
    4.239923074400010e+01
  ],
  ""type"": ""Point""
}","{
  ""coordinates"": [
    -83.198628201,
    42.399230744
  ],
  ""type"": ""Point""
}",-83.198628201,42.3992307440001
1145,9904034,ELLSWORTH,TULLER,2016-12-13,13,12,2016,13,3,9,9,,,2,,98,98,98,30,2,2,0,5,0,0,0,0,true,,false,false,true,false,false,,,,,,false,false,false,,,false,false,false,false,false,-83.14597,42.40187,"{
  ""coordinates"": [
    -8.314596468400001e+01,
    4.240186748700010e+01
  ],
  ""type"": ""Point""
}","{
  ""coordinates"": [
    -83.145964684,
    42.401867487
  ],
  ""type"": ""Point""
}",-83.145964684,42.4018674870001
1146,9896333,I-94,CONCORD,2016-12-13,13,12,2016,17,3,1,1,,1,1,,2,1,3,55,3,1,1,5,0,0,0,0,true,,false,false,false,false,false,,,,,,false,false,false,,,false,false,false,false,false,-83.03048,42.38281,"{
  ""coordinates"": [
    -8.303047572700000e+01,
    4.238280780600010e+01
  ],
  ""type"": ""Point""
}","{
  ""coordinates"": [
    -83.030475727,
    42.382807806
  ],
  ""type"": ""Point""
}",-83.030475727,42.3828078060001
1147,9892983,WINSTON,PICKFORD,2016-12-13,13,12,2016,6,3,5,9,,,0,,3,5,5,25,1,2,0,5,0,0,0,0,true,,false,false,true,false,false,,,,,,false,false,false,,,false,false,false,false,false,-83.28401,42.42337,"{
  ""coordinates"": [
    -8.328400820800000e+01,
    4.242336929500000e+01
  ],
  ""type"": ""Point""
}","{
  ""coordinates"": [
    -83.284008208,
    42.423369295
  ],
  ""type"": ""Point""
}",-83.284008208,42.423369295
1148,9890266,EDMORE,BROCK,2016-12-13,13,12,2016,15,3,4,9,,,0,,3,2,1,25,2,2,7,5,0,0,0,0,true,,true,false,false,false,false,,,,,,false,true,false,,,false,false,false,false,false,-82.96354,42.44724,"{
  ""coordinates"": [
    -8.296353858299990e+01,
    4.244724179000010e+01
  ],
  ""type"": ""Point""
}","{
  ""coordinates"": [
    -82.963538583,
    42.44724179
  ],
  ""type"": ""Point""
}",-82.9635385829999,42.4472417900001
1149,9894866,ALCOY,7 MILE,2016-12-13,13,12,2016,9,3,5,9,,,0,,1,1,1,0,2,2,1,3,0,0,1,0,false,,false,false,false,false,false,,,,,,false,false,false,,,false,false,false,false,false,-82.98877,42.43456,"{
  ""coordinates"": [
    -8.298876760400000e+01,
    4.243455743500000e+01
  ],
  ""type"": ""Point""
}","{
  ""coordinates"": [
    -82.988767604,
    42.434557435
  ],
  ""type"": ""Point""
}",-82.988767604,42.434557435
1150,9905969,CAVALRY,BAKER,2016-12-13,13,12,2016,13,3,2,9,,,0,,3,1,1,25,3,2,3,5,0,0,0,0,true,,false,false,false,false,false,,,,,,false,false,true,,,false,false,false,false,false,-83.10503,42.31538,"{
  ""coordinates"": [
    -8.310502412200000e+01,
    4.231538022500010e+01
  ],
  ""type"": ""Point""
}","{
  ""coordinates"": [
    -83.105024122,
    42.315380225
  ],
  ""type"": ""Point""
}",-83.105024122,42.3153802250001
1151,9890247,WOODWARD,HARPER,2016-12-13,13,12,2016,16,3,8,3,,1,0,,1,2,3,30,3,2,2,5,0,0,0,0,true,,false,false,false,false,false,,,,,,false,false,false,,,false,false,false,false,false,-83.06994,42.36515,"{
  ""coordinates"": [
    -8.306993806900000e+01,
    4.236514938900010e+01
  ],
  ""type"": ""Point""
}","{
  ""coordinates"": [
    -83.069938069,
    42.365149389
  ],
  ""type"": ""Point""
}",-83.069938069,42.3651493890001
1152,9892947,LONG VIEW,GUNSTON,2016-12-13,13,12,2016,13,3,5,9,,,0,,4,2,1,20,2,2,2,5,0,0,0,0,true,,false,false,false,false,false,,,,,,false,true,false,,,false,false,false,false,false,-82.99078,42.40355,"{
  ""coordinates"": [
    -8.299077695299999e+01,
    4.240354988600010e+01
  ],
  ""type"": ""Point""
}","{
  ""coordinates"": [
    -82.990776953,
    42.403549886
  ],
  ""type"": ""Point""
}",-82.990776953,42.4035498860001
1153,9891844,ALCOY,GRATIOT,2016-12-13,13,12,2016,15,3,9,3,,,2,,2,1,1,25,2,2,2,5,0,0,0,0,true,,false,false,false,false,false,,,,,,false,false,false,,,false,false,false,false,false,-82.98542,42.42394,"{
  ""coordinates"": [
    -8.298542184000000e+01,
    4.242394116300010e+01
  ],
  ""type"": ""Point""
}","{
  ""coordinates"": [
    -82.98542184,
    42.423941163
  ],
  ""type"": ""Point""
}",-82.98542184,42.4239411630001
1154,9892998,PACIFIC,FIRWOOD,2016-12-13,13,12,2016,12,3,5,9,,,0,,3,1,1,25,2,2,2,5,0,0,0,0,true,,false,false,false,false,false,,,,,,false,false,false,,,false,false,false,false,false,-83.11779,42.35781,"{
  ""coordinates"": [
    -8.311778668200000e+01,
    4.235781279500000e+01
  ],
  ""type"": ""Point""
}","{
  ""coordinates"": [
    -83.117786682,
    42.357812795
  ],
  ""type"": ""Point""
}",-83.117786682,42.357812795
1155,9890239,GRAND RIVER,SUSSEX,2016-12-13,13,12,2016,17,3,4,3,,1,0,,97,1,4,35,4,2,2,5,0,0,0,0,true,,false,false,false,false,false,,,,,,false,true,false,,,false,false,false,false,false,-83.19541,42.39147,"{
  ""coordinates"": [
    -8.319541516000000e+01,
    4.239146885500000e+01
  ],
  ""type"": ""Point""
}","{
  ""coordinates"": [
    -83.19541516,
    42.391468855
  ],
  ""type"": ""Point""
}",-83.19541516,42.391468855
1156,9891813,STRATHMOOR,MCNICHOLS,2016-12-13,13,12,2016,15,3,8,9,,,0,,1,5,1,25,2,2,0,5,0,0,0,0,true,,false,false,true,false,false,,,,,,false,false,false,,,false,false,false,false,false,-83.18844,42.41668,"{
  ""coordinates"": [
    -8.318843614300000e+01,
    4.241668183300000e+01
  ],
  ""type"": ""Point""
}","{
  ""coordinates"": [
    -83.188436143,
    42.416681833
  ],
  ""type"": ""Point""
}",-83.188436143,42.416681833
1157,9892960,HUBBELL,7 MILE,2016-12-13,13,12,2016,16,3,4,9,,4,0,,3,5,4,30,2,2,3,5,0,0,0,0,true,,false,false,false,false,false,,,,,,false,true,false,,,false,false,false,false,false,-83.18991,42.43069,"{
  ""coordinates"": [
    -8.318991156500000e+01,
    4.243069384300000e+01
  ],
  ""type"": ""Point""
}","{
  ""coordinates"": [
    -83.189911565,
    42.430693843
  ],
  ""type"": ""Point""
}",-83.189911565,42.430693843
1158,9893008,S M 10,LINWOOD,2016-12-13,13,12,2016,23,3,1,3,,1,1,,3,5,4,55,3,1,1,5,0,0,0,0,true,,false,false,false,false,false,,,,,,false,false,true,,,false,false,false,false,false,-83.12753,42.40508,"{
  ""coordinates"": [
    -8.312753523899990e+01,
    4.240507531100010e+01
  ],
  ""type"": ""Point""
}","{
  ""coordinates"": [
    -83.127535239,
    42.405075311
  ],
  ""type"": ""Point""
}",-83.1275352389999,42.4050753110001
1159,9890242,SEWARD,SECOND,2016-12-13,13,12,2016,7,3,98,9,,,0,,2,2,2,25,2,2,0,5,0,0,0,0,true,,false,false,true,false,false,,,,,,false,false,false,,,false,false,false,false,false,-83.0798,42.37391,"{
  ""coordinates"": [
    -8.307980136000000e+01,
    4.237390650000000e+01
  ],
  ""type"": ""Point""
}","{
  ""coordinates"": [
    -83.07980136,
    42.3739065
  ],
  ""type"": ""Point""
}",-83.07980136,42.3739065
1160,9891835,CONNER,EUGENE,2016-12-13,13,12,2016,17,3,2,9,,4,0,,4,5,1,35,2,2,3,4,0,0,0,1,false,,false,false,false,false,false,,,,,,false,false,false,,,false,false,false,false,false,-82.97355,42.3884,"{
  ""coordinates"": [
    -8.297355209300000e+01,
    4.238839765900010e+01
  ],
  ""type"": ""Point""
}","{
  ""coordinates"": [
    -82.973552093,
    42.388397659
  ],
  ""type"": ""Point""
}",-82.973552093,42.3883976590001
1161,9892974,MACK,VAN DYKE,2016-12-13,13,12,2016,12,3,97,9,,4,0,,2,1,1,30,2,3,7,4,0,0,0,2,false,,false,false,false,false,false,,,,,,false,false,false,,,false,false,false,false,false,-83.0061,42.36698,"{
  ""coordinates"": [
    -8.300609730199990e+01,
    4.236697674900010e+01
  ],
  ""type"": ""Point""
}","{
  ""coordinates"": [
    -83.006097302,
    42.366976749
  ],
  ""type"": ""Point""
}",-83.0060973019999,42.3669767490001
1162,9890237,SOUTHFIELD SERVICE,GRAND RIVER,2016-12-13,13,12,2016,12,3,9,3,,1,0,,1,1,1,35,3,2,2,5,0,0,0,0,true,,false,false,false,false,false,,,,,,false,true,false,,,false,false,false,false,false,-83.21838,42.40071,"{
  ""coordinates"": [
    -8.321837676699990e+01,
    4.240070777000010e+01
  ],
  ""type"": ""Point""
}","{
  ""coordinates"": [
    -83.218376767,
    42.40070777
  ],
  ""type"": ""Point""
}",-83.2183767669999,42.4007077700001
1163,9890264,SNOWDEN,PICKFORD,2016-12-13,13,12,2016,10,3,98,9,,,0,,3,5,1,20,1,2,0,5,0,0,0,0,true,,false,false,true,false,false,,,,,,false,false,false,,,false,false,false,false,false,-83.17788,42.42575,"{
  ""coordinates"": [
    -8.317787765600001e+01,
    4.242574557800000e+01
  ],
  ""type"": ""Point""
}","{
  ""coordinates"": [
    -83.177877656,
    42.425745578
  ],
  ""type"": ""Point""
}",-83.177877656,42.425745578
1164,9892999,EWALD,SCHOOLCRAFT,2016-12-13,13,12,2016,13,3,5,9,,4,0,,2,1,1,25,2,3,1,5,0,0,0,0,true,,false,false,true,false,false,,,,,,false,false,false,,,false,false,false,false,false,-83.14532,42.38904,"{
  ""coordinates"": [
    -8.314532453899990e+01,
    4.238903702300010e+01
  ],
  ""type"": ""Point""
}","{
  ""coordinates"": [
    -83.145324539,
    42.389037023
  ],
  ""type"": ""Point""
}",-83.1453245389999,42.3890370230001
1165,9899327,S M 10,RAMP 119B,2016-12-13,13,12,2016,14,3,5,3,,1,0,,6,2,1,25,3,2,2,5,0,0,0,0,true,,false,false,false,false,false,,,,,,false,false,false,,,false,false,false,false,false,-83.07082,42.34906,"{
  ""coordinates"": [
    -8.307082136000000e+01,
    4.234906395200010e+01
  ],
  ""type"": ""Point""
}","{
  ""coordinates"": [
    -83.07082136,
    42.349063952
  ],
  ""type"": ""Point""
}",-83.07082136,42.3490639520001
1166,9904965,S I 75,S I 75,2016-12-13,13,12,2016,17,3,8,1,,1,0,,4,5,4,55,4,2,1,5,0,0,0,0,true,,false,false,true,false,false,,,,,,false,false,false,,,false,false,false,false,false,-83.04502,42.34647,"{
  ""coordinates"": [
    -8.304502009399990e+01,
    4.234647321000010e+01
  ],
  ""type"": ""Point""
}","{
  ""coordinates"": [
    -83.045020094,
    42.34647321
  ],
  ""type"": ""Point""
}",-83.0450200939999,42.3464732100001
1167,9896383,SAINT LAWRENCE,ARNOLD,2016-12-13,13,12,2016,8,3,8,9,,,0,,4,1,1,0,1,3,0,5,0,0,0,0,true,,false,false,true,false,false,,,,,,false,false,false,,,false,false,false,false,false,-83.14162,42.3284,"{
  ""coordinates"": [
    -8.314162716000000e+01,
    4.232839963300010e+01
  ],
  ""type"": ""Point""
}","{
  ""coordinates"": [
    -83.14162716,
    42.328399633
  ],
  ""type"": ""Point""
}",-83.14162716,42.3283996330001
1168,9894790,VERNOR,ST CLAIR,2016-12-13,13,12,2016,17,3,5,9,,4,0,,4,2,4,35,2,2,1,5,0,0,0,0,true,,false,false,true,false,false,,,,,,false,false,false,,,false,false,false,false,false,-82.98161,42.36869,"{
  ""coordinates"": [
    -8.298161323999990e+01,
    4.236868482500010e+01
  ],
  ""type"": ""Point""
}","{
  ""coordinates"": [
    -82.98161324,
    42.368684825
  ],
  ""type"": ""Point""
}",-82.9816132399999,42.3686848250001
1169,9891845,LANSDOWNE,YORKSHIRE,2016-12-13,13,12,2016,20,3,2,9,,,0,,3,1,4,25,1,2,1,5,0,0,0,0,true,,false,false,true,false,false,,,,,,false,false,false,,,false,false,false,false,false,-82.95567,42.42036,"{
  ""coordinates"": [
    -8.295567274500000e+01,
    4.242036255900010e+01
  ],
  ""type"": ""Point""
}","{
  ""coordinates"": [
    -82.955672745,
    42.420362559
  ],
  ""type"": ""Point""
}",-82.955672745,42.4203625590001
1170,9894829,8 MILE,N M 39,2016-12-13,13,12,2016,14,3,5,3,,1,0,,4,1,1,40,2,2,3,5,0,0,0,0,true,,false,false,false,false,false,,,,,,false,false,false,,,false,false,false,false,false,-83.21951,42.44418,"{
  ""coordinates"": [
    -8.321950200700000e+01,
    4.244417806700010e+01
  ],
  ""type"": ""Point""
}","{
  ""coordinates"": [
    -83.219502007,
    42.444178067
  ],
  ""type"": ""Point""
}",-83.219502007,42.4441780670001
1171,9899326,JOHN R,PALMER,2016-12-13,13,12,2016,13,3,4,9,,4,0,,6,2,1,25,4,2,2,5,0,0,0,0,true,,false,false,false,false,false,,,,,,false,false,true,,,false,false,false,false,false,-83.06566,42.36296,"{
  ""coordinates"": [
    -8.306566110499990e+01,
    4.236295651600010e+01
  ],
  ""type"": ""Point""
}","{
  ""coordinates"": [
    -83.065661105,
    42.362956516
  ],
  ""type"": ""Point""
}",-83.0656611049999,42.3629565160001
1172,9891814,WARREN,S M 39 SERVICE DRIVE,2016-12-13,13,12,2016,8,3,8,9,,2,0,,1,1,1,30,3,2,1,5,0,0,0,0,true,,false,false,true,false,false,,,,,,false,false,false,,,false,false,false,false,false,-83.21673,42.34336,"{
  ""coordinates"": [
    -8.321672490799990e+01,
    4.234335838300010e+01
  ],
  ""type"": ""Point""
}","{
  ""coordinates"": [
    -83.216724908,
    42.343358383
  ],
  ""type"": ""Point""
}",-83.2167249079999,42.3433583830001
1173,9894874,N I 75,8 MILE,2016-12-13,13,12,2016,11,3,8,1,,1,0,,2,2,1,30,2,2,2,5,0,0,0,0,true,,false,false,false,false,false,,,,,,false,true,false,,,false,false,false,false,false,-83.09469,42.44683,"{
  ""coordinates"": [
    -8.309468665299990e+01,
    4.244683176200000e+01
  ],
  ""type"": ""Point""
}","{
  ""coordinates"": [
    -83.094686653,
    42.446831762
  ],
  ""type"": ""Point""
}",-83.0946866529999,42.446831762
1174,9896408,WEBB,14TH,2016-12-13,13,12,2016,16,3,5,9,,,0,,3,1,1,25,2,2,0,5,0,0,0,0,true,,false,false,true,false,false,,,,,,false,false,false,,,false,false,false,false,false,-83.10911,42.38506,"{
  ""coordinates"": [
    -8.310911110599990e+01,
    4.238505499400000e+01
  ],
  ""type"": ""Point""
}","{
  ""coordinates"": [
    -83.109111106,
    42.385054994
  ],
  ""type"": ""Point""
}",-83.1091111059999,42.385054994
1175,9894901,SCHAEFER,7 MILE,2016-12-13,13,12,2016,19,3,97,9,,4,0,,2,1,4,30,4,2,2,5,0,0,0,0,true,,false,false,false,false,false,,,,,,false,false,false,,,false,false,false,false,false,-83.1805,42.43112,"{
  ""coordinates"": [
    -8.318049980700000e+01,
    4.243111933600010e+01
  ],
  ""type"": ""Point""
}","{
  ""coordinates"": [
    -83.180499807,
    42.431119336
  ],
  ""type"": ""Point""
}",-83.180499807,42.4311193360001
1176,9900400,I 94,VAN DYKE,2016-12-13,13,12,2016,23,3,1,1,,1,1,,1,1,4,55,3,1,1,5,0,0,0,0,true,,false,false,false,false,false,,,,,,false,false,false,,,false,false,false,false,false,-83.02085,42.38606,"{
  ""coordinates"": [
    -8.302085260299999e+01,
    4.238606212100010e+01
  ],
  ""type"": ""Point""
}","{
  ""coordinates"": [
    -83.020852603,
    42.386062121
  ],
  ""type"": ""Point""
}",-83.020852603,42.3860621210001
1177,9892972,JEFFERSON,PARKER,2016-12-13,13,12,2016,18,3,4,9,,4,0,,3,1,3,35,7,2,2,5,0,0,0,0,true,,false,false,false,false,false,,,,,,false,false,false,,,false,false,false,false,false,-82.99402,42.35195,"{
  ""coordinates"": [
    -8.299401623400000e+01,
    4.235195095600010e+01
  ],
  ""type"": ""Point""
}","{
  ""coordinates"": [
    -82.994016234,
    42.351950956
  ],
  ""type"": ""Point""
}",-82.994016234,42.3519509560001
1178,9894868,GUNSTON,GUNSTON,2016-12-13,13,12,2016,12,3,98,9,,,3,,98,10,97,25,2,2,0,5,0,0,0,0,true,,false,false,false,false,false,,,,,,false,false,false,,,false,false,false,false,false,-82.98764,42.39809,"{
  ""coordinates"": [
    -8.298763992799999e+01,
    4.239809433300010e+01
  ],
  ""type"": ""Point""
}","{
  ""coordinates"": [
    -82.987639928,
    42.398094333
  ],
  ""type"": ""Point""
}",-82.987639928,42.3980943330001
1179,9894787,I-75,DAVISON,2016-12-13,13,12,2016,9,3,8,1,,1,0,,1,2,1,70,4,2,2,4,0,0,0,1,false,,false,false,false,false,false,,,,,,false,false,false,,,false,false,false,false,false,-83.07832,42.40783,"{
  ""coordinates"": [
    -8.307832012800000e+01,
    4.240783429300010e+01
  ],
  ""type"": ""Point""
}","{
  ""coordinates"": [
    -83.078320128,
    42.407834293
  ],
  ""type"": ""Point""
}",-83.078320128,42.4078342930001
1180,9896347,M-10,PEMBROKE,2016-12-13,13,12,2016,8,3,5,3,,1,0,,3,2,1,55,3,3,3,5,0,0,0,0,true,,false,false,false,false,false,,,,,,false,false,true,,,false,false,false,false,false,-83.19513,42.43843,"{
  ""coordinates"": [
    -8.319513095900000e+01,
    4.243842777000000e+01
  ],
  ""type"": ""Point""
}","{
  ""coordinates"": [
    -83.195130959,
    42.43842777
  ],
  ""type"": ""Point""
}",-83.195130959,42.43842777
1181,9890248,SCHOOLCRAFT,SCHAEFER,2016-12-13,13,12,2016,10,3,7,9,,4,0,,4,1,1,25,5,2,1,5,0,0,0,0,true,,false,false,true,false,false,,,,,,false,false,false,,,false,false,false,false,false,-83.17852,42.388,"{
  ""coordinates"": [
    -8.317852268900000e+01,
    4.238800113000010e+01
  ],
  ""type"": ""Point""
}","{
  ""coordinates"": [
    -83.178522689,
    42.38800113
  ],
  ""type"": ""Point""
}",-83.178522689,42.3880011300001
1182,9892975,LARNED,MCDOUGALL,2016-12-13,13,12,2016,16,3,5,9,,4,0,,3,1,1,30,6,4,6,4,0,0,0,1,false,,false,false,false,false,false,,,,,,false,false,true,,,false,false,false,false,false,-83.01711,42.34155,"{
  ""coordinates"": [
    -8.301710260999990e+01,
    4.234154583600010e+01
  ],
  ""type"": ""Point""
}","{
  ""coordinates"": [
    -83.01710261,
    42.341545836
  ],
  ""type"": ""Point""
}",-83.0171026099999,42.3415458360001
1183,9909765,I 94,TRUMBULL,2016-12-13,13,12,2016,18,3,5,1,,1,0,,1,1,4,55,3,3,2,5,0,0,0,0,true,,false,false,true,false,false,,,,,,false,false,false,,,false,false,false,false,false,-83.08161,42.35574,"{
  ""coordinates"": [
    -8.308161271099991e+01,
    4.235573663400000e+01
  ],
  ""type"": ""Point""
}","{
  ""coordinates"": [
    -83.081612711,
    42.355736634
  ],
  ""type"": ""Point""
}",-83.0816127109999,42.355736634
1184,9896318,M39,7MILE,2016-12-13,13,12,2016,8,3,5,3,,1,0,,1,2,1,55,3,2,1,5,0,0,0,0,true,,false,false,false,false,false,,,,,,false,false,false,,,false,false,false,false,false,-83.21941,42.43029,"{
  ""coordinates"": [
    -8.321941741900000e+01,
    4.243029014900000e+01
  ],
  ""type"": ""Point""
}","{
  ""coordinates"": [
    -83.219417419,
    42.430290149
  ],
  ""type"": ""Point""
}",-83.219417419,42.430290149
1185,9890263,MOUNT ELLIOTT,W I 94,2016-12-13,13,12,2016,14,3,5,9,,4,0,,2,1,1,35,4,2,2,5,0,0,0,0,true,,false,false,false,false,false,,,,,,false,false,false,,,false,false,false,false,false,-83.03384,42.37926,"{
  ""coordinates"": [
    -8.303383716000000e+01,
    4.237925633300010e+01
  ],
  ""type"": ""Point""
}","{
  ""coordinates"": [
    -83.03383716,
    42.379256333
  ],
  ""type"": ""Point""
}",-83.03383716,42.3792563330001
1186,9897665,I75,7 MILE,2016-12-13,13,12,2016,17,3,5,1,,1,0,,1,98,4,70,4,2,2,5,0,0,0,0,true,,false,false,false,false,false,,,,,,false,true,true,,,false,false,false,false,false,-83.09428,42.42959,"{
  ""coordinates"": [
    -8.309428398499990e+01,
    4.242959387100010e+01
  ],
  ""type"": ""Point""
}","{
  ""coordinates"": [
    -83.094283985,
    42.429593871
  ],
  ""type"": ""Point""
}",-83.0942839849999,42.4295938710001
1187,9894789,VERNOR,CADILLAC,2016-12-13,13,12,2016,17,3,5,9,,4,0,,4,2,4,25,4,2,1,5,0,0,0,0,true,,false,false,true,false,false,,,,,,false,false,false,,,false,false,false,false,false,-82.98602,42.36693,"{
  ""coordinates"": [
    -8.298602571500000e+01,
    4.236692810100000e+01
  ],
  ""type"": ""Point""
}","{
  ""coordinates"": [
    -82.986025715,
    42.366928101
  ],
  ""type"": ""Point""
}",-82.986025715,42.366928101
1188,9890246,CONGRESS,1ST,2016-12-13,13,12,2016,8,3,8,9,,4,0,,3,2,1,0,3,2,2,5,0,0,0,0,true,,false,false,false,false,false,,,,,,false,false,false,,,false,false,false,false,false,-83.05105,42.32797,"{
  ""coordinates"": [
    -8.305104642299990e+01,
    4.232796800300010e+01
  ],
  ""type"": ""Point""
}","{
  ""coordinates"": [
    -83.051046423,
    42.327968003
  ],
  ""type"": ""Point""
}",-83.0510464229999,42.3279680030001
1189,9896309,S M 10,RAMP 108A,2016-12-13,13,12,2016,8,3,5,3,,1,0,,1,2,1,55,3,3,2,5,0,0,0,0,true,,false,false,true,false,false,,,,,,false,false,false,,,false,false,false,false,false,-83.13126,42.40498,"{
  ""coordinates"": [
    -8.313125621499999e+01,
    4.240498441900010e+01
  ],
  ""type"": ""Point""
}","{
  ""coordinates"": [
    -83.131256215,
    42.404984419
  ],
  ""type"": ""Point""
}",-83.131256215,42.4049844190001
1190,9894899,JAMES COUZENS,SORRENTO,2016-12-13,13,12,2016,15,3,7,9,,4,0,,2,2,1,30,4,2,1,5,0,0,0,0,true,,false,false,true,false,false,,,,,,false,false,false,,,false,false,false,false,false,-83.1728,42.417,"{
  ""coordinates"": [
    -8.317279597800000e+01,
    4.241700509800010e+01
  ],
  ""type"": ""Point""
}","{
  ""coordinates"": [
    -83.172795978,
    42.417005098
  ],
  ""type"": ""Point""
}",-83.172795978,42.4170050980001
1191,9964985,ASBURY,SCHOOLCRAFT,2016-12-13,13,12,2016,10,3,4,9,,,0,,3,5,1,25,1,2,4,5,0,0,0,0,true,,false,false,true,false,false,,,,,,false,false,false,,,false,false,false,false,false,-83.20786,42.387,"{
  ""coordinates"": [
    -8.320786353499990e+01,
    4.238699661200010e+01
  ],
  ""type"": ""Point""
}","{
  ""coordinates"": [
    -83.207863535,
    42.386996612
  ],
  ""type"": ""Point""
}",-83.2078635349999,42.3869966120001
1192,9894888,LINWOOD,6 MILE,2016-12-13,13,12,2016,16,3,97,9,,4,0,,1,1,1,35,2,2,2,5,0,0,0,0,true,,false,false,true,false,false,,,,,,false,false,false,,,false,false,false,false,false,-83.12813,42.41714,"{
  ""coordinates"": [
    -8.312812885600000e+01,
    4.241714480700010e+01
  ],
  ""type"": ""Point""
}","{
  ""coordinates"": [
    -83.128128856,
    42.417144807
  ],
  ""type"": ""Point""
}",-83.128128856,42.4171448070001
1193,9896332,M-10,PEMBROKE,2016-12-13,13,12,2016,7,3,1,3,,1,1,,3,2,1,55,3,1,5,5,0,0,0,0,true,,false,false,false,false,false,,,,,,false,false,false,,,false,false,false,false,false,-83.19473,42.43813,"{
  ""coordinates"": [
    -8.319473475699991e+01,
    4.243812692700000e+01
  ],
  ""type"": ""Point""
}","{
  ""coordinates"": [
    -83.194734757,
    42.438126927
  ],
  ""type"": ""Point""
}",-83.1947347569999,42.438126927
1194,9890256,PICKFORD,SALEM,2016-12-13,13,12,2016,10,3,4,9,,,0,,3,2,1,25,2,2,2,5,0,0,0,0,true,,false,false,false,false,false,,,,,,false,false,false,,,false,false,false,false,false,-83.28554,42.42329,"{
  ""coordinates"": [
    -8.328554081300000e+01,
    4.242329274400000e+01
  ],
  ""type"": ""Point""
}","{
  ""coordinates"": [
    -83.285540813,
    42.423292744
  ],
  ""type"": ""Point""
}",-83.285540813,42.423292744
1195,9899248,CADILLAC,BATES,2016-12-13,13,12,2016,11,3,97,9,,4,0,,2,1,1,25,3,2,2,5,0,0,0,0,true,,false,false,false,false,false,,,,,,false,false,false,,,false,false,false,false,false,-83.04491,42.33138,"{
  ""coordinates"": [
    -8.304491524199990e+01,
    4.233137946000010e+01
  ],
  ""type"": ""Point""
}","{
  ""coordinates"": [
    -83.044915242,
    42.33137946
  ],
  ""type"": ""Point""
}",-83.0449152419999,42.3313794600001
1196,9950393,HAMPTON,HAVERHILL,2016-12-13,13,12,2016,7,3,4,9,,,0,,4,5,1,25,2,2,3,4,0,0,0,2,false,,true,false,false,false,false,,,,,,false,false,false,,,false,false,false,false,false,-82.94502,42.40461,"{
  ""coordinates"": [
    -8.294502369600001e+01,
    4.240460830300000e+01
  ],
  ""type"": ""Point""
}","{
  ""coordinates"": [
    -82.945023696,
    42.404608303
  ],
  ""type"": ""Point""
}",-82.945023696,42.404608303
1197,9900427,I-94,CHENE,2016-12-13,13,12,2016,0,3,1,1,,1,1,,2,2,4,55,3,1,1,5,0,0,0,0,true,,false,false,false,false,false,,,,,,false,false,false,,,false,false,false,false,false,-83.04813,42.37367,"{
  ""coordinates"": [
    -8.304812605300000e+01,
    4.237367151800000e+01
  ],
  ""type"": ""Point""
}","{
  ""coordinates"": [
    -83.048126053,
    42.373671518
  ],
  ""type"": ""Point""
}",-83.048126053,42.373671518