ObjectId,Crash ID,Primary Road,Intersecting Road,Crash Date,Day,Month,Year,Hour,Weekday,Crash Type Code,Highway Classification Code,Community Code,Jurisdiction Code,Lane Departure Type Code,Surface Type,Road Condition,Weather Condition,Lighting Condition,Speed Limit,Lanes,Units,Occupants,Most Severe Injury,Fatal Injuries,Suspected Serious Injuries,Suspected Minor Injuries,Possible Injuries,Property Damage Only,Secondary Crash,Traffic Control,Red Light Run,Hit and Run,Alcohol,Drugs,Unbelted Person,Work Zone,Speeding Driver,Distracted Driver,Driveway,Pedestrian,Elderly Driver,Young Driver,Commercial Vehicle,Emergency Vehicles,Train,School Bus,Motorcycle,Bicycle,Deer,Longitude,Latitude,geom,geog,x,y
1255,9889100,TELEGRAPH,GRAND RIVER,2016-12-12,12,12,2016,7,2,4,2,,1,0,,2,5,1,45,8,2,2,5,0,0,0,0,true,,true,true,false,false,false,,,,,,false,false,false,,,false,false,false,false,false,-83.27737,42.42453,"{
  ""coordinates"": [
    -8.327736862800000e+01,
    4.242452960500000e+01
  ],
  ""type"": ""Point""
}","{
  ""coordinates"": [
    -83.277368628,
    42.424529605
  ],
  ""type"": ""Point""
}",-83.277368628,42.424529605
1256,9900445,BRYANSTON CRESCENT,ANTIETAM,2016-12-12,12,12,2016,19,2,5,9,,,3,,4,1,4,0,2,2,1,4,0,0,0,1,false,,false,false,true,false,false,,,,,,false,false,false,,,false,false,false,false,false,-83.03039,42.34698,"{
  ""coordinates"": [
    -8.303038469700000e+01,
    4.234697914800010e+01
  ],
  ""type"": ""Point""
}","{
  ""coordinates"": [
    -83.030384697,
    42.346979148
  ],
  ""type"": ""Point""
}",-83.030384697,42.3469791480001
1257,9889081,MOROSS,ROLANDALE,2016-12-12,12,12,2016,15,2,4,9,,2,0,,2,2,1,35,4,2,2,5,0,0,0,0,true,,true,false,false,false,false,,,,,,false,false,false,,,false,false,false,false,false,-82.91984,42.42056,"{
  ""coordinates"": [
    -8.291983709800000e+01,
    4.242055630300010e+01
  ],
  ""type"": ""Point""
}","{
  ""coordinates"": [
    -82.919837098,
    42.420556303
  ],
  ""type"": ""Point""
}",-82.919837098,42.4205563030001
1258,9887487,RAMP 134C,W I 96 CD,2016-12-12,12,12,2016,7,2,1,1,,1,1,,4,1,4,55,1,1,1,5,0,0,0,0,true,,false,false,false,false,false,,,,,,false,false,false,,,false,false,false,false,false,-83.24976,42.38575,"{
  ""coordinates"": [
    -8.324975436600000e+01,
    4.238575178800010e+01
  ],
  ""type"": ""Point""
}","{
  ""coordinates"": [
    -83.249754366,
    42.385751788
  ],
  ""type"": ""Point""
}",-83.249754366,42.3857517880001
1259,9891831,WOODWARD,HARPER,2016-12-12,12,12,2016,11,2,4,3,,1,0,,1,2,1,30,7,2,2,5,0,0,0,0,true,,false,false,false,false,false,,,,,,false,false,true,,,false,false,false,false,false,-83.06976,42.36491,"{
  ""coordinates"": [
    -8.306976183800001e+01,
    4.236490912400010e+01
  ],
  ""type"": ""Point""
}","{
  ""coordinates"": [
    -83.069761838,
    42.364909124
  ],
  ""type"": ""Point""
}",-83.069761838,42.3649091240001
1260,9896317,I-94,FRONTENAC,2016-12-12,12,12,2016,12,2,8,1,,1,0,,2,2,1,55,3,2,2,4,0,0,0,1,false,,false,false,false,false,false,,,,,,false,false,true,,,false,false,false,false,false,-83.0259,42.38485,"{
  ""coordinates"": [
    -8.302590299799991e+01,
    4.238484577300010e+01
  ],
  ""type"": ""Point""
}","{
  ""coordinates"": [
    -83.025902998,
    42.384845773
  ],
  ""type"": ""Point""
}",-83.0259029979999,42.3848457730001
1261,9900398,I 75,MCNICHOLS,2016-12-12,12,12,2016,22,2,1,1,,1,1,,2,1,4,70,4,1,1,5,0,0,0,0,true,,false,false,false,false,false,,,,,,false,false,false,,,false,false,false,false,false,-83.08749,42.41792,"{
  ""coordinates"": [
    -8.308748880500001e+01,
    4.241792391700010e+01
  ],
  ""type"": ""Point""
}","{
  ""coordinates"": [
    -83.087488805,
    42.417923917
  ],
  ""type"": ""Point""
}",-83.087488805,42.4179239170001
1262,9922244,LANDSDOWNE,MORANG,2016-12-12,12,12,2016,19,2,1,9,,,0,,3,5,4,25,2,1,1,5,0,0,0,0,true,,false,false,false,false,false,,,,,,false,false,true,,,false,false,false,false,false,-82.95107,42.42641,"{
  ""coordinates"": [
    -8.295106721600000e+01,
    4.242641348800000e+01
  ],
  ""type"": ""Point""
}","{
  ""coordinates"": [
    -82.951067216,
    42.426413488
  ],
  ""type"": ""Point""
}",-82.951067216,42.426413488
1263,9889093,LASHER,8 MILE,2016-12-12,12,12,2016,9,2,5,3,,2,0,,4,5,2,25,2,2,1,5,0,0,0,0,true,,false,false,false,false,false,,,,,,false,false,false,,,false,false,false,false,false,-83.25884,42.44323,"{
  ""coordinates"": [
    -8.325884309900000e+01,
    4.244323314300000e+01
  ],
  ""type"": ""Point""
}","{
  ""coordinates"": [
    -83.258843099,
    42.443233143
  ],
  ""type"": ""Point""
}",-83.258843099,42.443233143
1264,9900399,I 94,MT ELLIOTT,2016-12-12,12,12,2016,23,2,5,1,,1,0,,2,1,4,55,3,2,1,4,0,0,0,1,false,,false,false,true,false,false,,,,,,false,false,false,,,false,false,false,false,false,-83.03397,42.37905,"{
  ""coordinates"": [
    -8.303396592800000e+01,
    4.237904647100000e+01
  ],
  ""type"": ""Point""
}","{
  ""coordinates"": [
    -83.033965928,
    42.379046471
  ],
  ""type"": ""Point""
}",-83.033965928,42.379046471
1265,9889077,3663 WOODWARD,MARTIN LUTHER KING JR,2016-12-12,12,12,2016,16,2,97,3,,1,1,,98,5,98,25,2,1,0,5,0,0,0,0,true,,false,false,true,false,false,,,,,,false,false,false,,,false,false,false,false,false,-83.05775,42.34719,"{
  ""coordinates"": [
    -8.305774482699999e+01,
    4.234719561800010e+01
  ],
  ""type"": ""Point""
}","{
  ""coordinates"": [
    -83.057744827,
    42.347195618
  ],
  ""type"": ""Point""
}",-83.057744827,42.3471956180001
1266,9894848,MCNICHOLS,SUNDERLAND,2016-12-12,12,12,2016,18,2,5,9,,2,0,,4,5,3,35,4,2,1,5,0,0,0,0,true,,false,false,false,false,false,,,,,,false,true,false,,,false,false,false,false,false,-83.22789,42.41537,"{
  ""coordinates"": [
    -8.322788891399991e+01,
    4.241537062900010e+01
  ],
  ""type"": ""Point""
}","{
  ""coordinates"": [
    -83.227888914,
    42.415370629
  ],
  ""type"": ""Point""
}",-83.2278889139999,42.4153706290001
1267,9914895,W I 94,HARPER,2016-12-12,12,12,2016,9,2,8,1,,1,0,,4,5,1,55,3,2,3,5,0,0,0,0,true,,false,false,false,false,false,,,,,,false,true,false,,,false,false,false,false,false,-83.03209,42.381,"{
  ""coordinates"": [
    -8.303209206799990e+01,
    4.238099927600010e+01
  ],
  ""type"": ""Point""
}","{
  ""coordinates"": [
    -83.032092068,
    42.380999276
  ],
  ""type"": ""Point""
}",-83.0320920679999,42.3809992760001
1268,9889104,7 MILE,WALTHAM,2016-12-12,12,12,2016,18,2,8,9,,4,0,,1,1,4,35,2,2,1,5,0,0,0,0,true,,false,false,true,false,false,,,,,,false,true,false,,,false,false,false,false,false,-82.99512,42.4347,"{
  ""coordinates"": [
    -8.299512609999989e+01,
    4.243469481300010e+01
  ],
  ""type"": ""Point""
}","{
  ""coordinates"": [
    -82.9951261,
    42.434694813
  ],
  ""type"": ""Point""
}",-82.9951260999999,42.4346948130001
1269,9890260,7 MILE,MONARCH,2016-12-12,12,12,2016,12,2,97,9,,2,0,,4,1,1,30,2,2,4,4,0,0,0,1,false,,false,false,true,false,false,,,,,,false,false,false,,,false,false,false,false,false,-82.97161,42.43524,"{
  ""coordinates"": [
    -8.297160970300000e+01,
    4.243523825900010e+01
  ],
  ""type"": ""Point""
}","{
  ""coordinates"": [
    -82.971609703,
    42.435238259
  ],
  ""type"": ""Point""
}",-82.971609703,42.4352382590001
1270,9896316,I-94,FRONTENAC,2016-12-12,12,12,2016,12,2,8,1,,1,0,,4,2,1,55,3,2,2,4,0,0,0,1,false,,false,false,false,false,false,,,,,,false,false,true,,,false,false,false,false,false,-83.0259,42.38485,"{
  ""coordinates"": [
    -8.302590299799991e+01,
    4.238484577300010e+01
  ],
  ""type"": ""Point""
}","{
  ""coordinates"": [
    -83.025902998,
    42.384845773
  ],
  ""type"": ""Point""
}",-83.0259029979999,42.3848457730001
1271,9909751,I-94,I-75,2016-12-11,11,12,2016,16,1,4,1,,1,0,,4,5,4,55,3,2,1,4,0,0,0,1,false,,false,false,true,false,false,,,,,,false,false,false,,,false,false,false,false,false,-83.0584,42.36819,"{
  ""coordinates"": [
    -8.305840153000000e+01,
    4.236819321100010e+01
  ],
  ""type"": ""Point""
}","{
  ""coordinates"": [
    -83.05840153,
    42.368193211
  ],
  ""type"": ""Point""
}",-83.05840153,42.3681932110001
1272,9889092,SOUTHFIELD,PLYMOUTH01,2016-12-11,11,12,2016,19,1,1,3,,4,0,,4,5,4,55,4,1,1,5,0,0,0,0,true,,false,false,false,false,false,,,,,,false,false,false,,,false,false,false,false,false,-83.21738,42.38829,"{
  ""coordinates"": [
    -8.321738523399991e+01,
    4.238829568100000e+01
  ],
  ""type"": ""Point""
}","{
  ""coordinates"": [
    -83.217385234,
    42.388295681
  ],
  ""type"": ""Point""
}",-83.2173852339999,42.388295681
1273,9890240,JEFFERSON,WOODWARD,2016-12-11,11,12,2016,20,1,5,3,,1,0,,3,5,4,30,4,2,6,4,0,0,0,1,false,,false,false,false,false,false,,,,,,false,false,false,,,false,false,false,false,false,-83.04453,42.32847,"{
  ""coordinates"": [
    -8.304453406099999e+01,
    4.232847024800000e+01
  ],
  ""type"": ""Point""
}","{
  ""coordinates"": [
    -83.044534061,
    42.328470248
  ],
  ""type"": ""Point""
}",-83.044534061,42.328470248
1274,9887502,FENKELL,BIRWOOD,2016-12-11,11,12,2016,10,1,1,9,,2,0,,4,5,1,0,4,1,1,5,0,0,0,0,true,,false,false,false,false,false,,,,,,false,true,false,,,false,false,false,false,false,-83.16396,42.4024,"{
  ""coordinates"": [
    -8.316396357900000e+01,
    4.240239602600010e+01
  ],
  ""type"": ""Point""
}","{
  ""coordinates"": [
    -83.163963579,
    42.402396026
  ],
  ""type"": ""Point""
}",-83.163963579,42.4023960260001
1275,9917204,I-94,WOODWARD,2016-12-11,11,12,2016,16,1,97,1,,1,0,,4,5,1,55,3,3,3,5,0,0,0,0,true,,false,false,true,false,false,,,,,,false,false,false,,,false,false,false,false,false,-83.06911,42.36344,"{
  ""coordinates"": [
    -8.306911071899999e+01,
    4.236344312700000e+01
  ],
  ""type"": ""Point""
}","{
  ""coordinates"": [
    -83.069110719,
    42.363443127
  ],
  ""type"": ""Point""
}",-83.069110719,42.363443127
1276,9887539,VAN DYKE,7 MILE,2016-12-11,11,12,2016,21,1,4,3,,1,0,,4,5,4,35,3,2,1,5,0,0,0,0,true,,false,false,true,false,false,,,,,,false,false,false,,,false,false,false,false,false,-83.02425,42.43397,"{
  ""coordinates"": [
    -8.302424816699990e+01,
    4.243396838500010e+01
  ],
  ""type"": ""Point""
}","{
  ""coordinates"": [
    -83.024248167,
    42.433968385
  ],
  ""type"": ""Point""
}",-83.0242481669999,42.4339683850001
1277,9897940,M 10,MEYERS,2016-12-11,11,12,2016,14,1,8,3,,1,0,,4,5,1,55,3,2,2,5,0,0,0,0,true,,false,false,false,false,false,,,,,,false,true,false,,,false,false,false,false,false,-83.16936,42.41375,"{
  ""coordinates"": [
    -8.316935834799990e+01,
    4.241375184400000e+01
  ],
  ""type"": ""Point""
}","{
  ""coordinates"": [
    -83.169358348,
    42.413751844
  ],
  ""type"": ""Point""
}",-83.1693583479999,42.413751844
1278,9889085,N M 39,WARREN,2016-12-11,11,12,2016,12,1,97,3,,1,0,,4,5,1,55,3,2,1,5,0,0,0,0,true,,false,false,true,false,false,,,,,,false,false,false,,,false,false,false,false,false,-83.21604,42.34346,"{
  ""coordinates"": [
    -8.321603934699991e+01,
    4.234345546200010e+01
  ],
  ""type"": ""Point""
}","{
  ""coordinates"": [
    -83.216039347,
    42.343455462
  ],
  ""type"": ""Point""
}",-83.2160393469999,42.3434554620001
1279,9887538,DAKOTA,JOHN R,2016-12-11,11,12,2016,8,1,97,9,,,0,,4,8,1,25,1,2,1,5,0,0,0,0,true,,false,false,true,false,false,,,,,,true,false,false,,,false,false,false,false,false,-83.10161,42.42016,"{
  ""coordinates"": [
    -8.310161206500000e+01,
    4.242016132200010e+01
  ],
  ""type"": ""Point""
}","{
  ""coordinates"": [
    -83.101612065,
    42.420161322
  ],
  ""type"": ""Point""
}",-83.101612065,42.4201613220001
1280,9893001,OAKMAN,FULLERTON,2016-12-11,11,12,2016,6,1,4,9,,4,0,,4,5,3,25,2,2,1,5,0,0,0,0,true,,false,false,false,false,false,,,,,,false,false,false,,,false,false,false,false,false,-83.14368,42.38112,"{
  ""coordinates"": [
    -8.314368633200000e+01,
    4.238111927000010e+01
  ],
  ""type"": ""Point""
}","{
  ""coordinates"": [
    -83.143686332,
    42.38111927
  ],
  ""type"": ""Point""
}",-83.143686332,42.3811192700001
1281,9889108,GRATIOT,7 MILE,2016-12-11,11,12,2016,20,1,4,3,,1,0,,4,5,4,35,7,2,4,5,0,0,0,0,true,,false,false,true,false,false,,,,,,false,false,false,,,false,false,false,false,false,-82.97756,42.43527,"{
  ""coordinates"": [
    -8.297755845599990e+01,
    4.243527065400010e+01
  ],
  ""type"": ""Point""
}","{
  ""coordinates"": [
    -82.977558456,
    42.435270654
  ],
  ""type"": ""Point""
}",-82.9775584559999,42.4352706540001
1282,9899240,M-10,GRAND,2016-12-11,11,12,2016,15,1,1,3,,1,1,,4,5,1,55,3,1,1,5,0,0,0,0,true,,false,false,false,false,false,,,,,,false,false,false,,,false,false,false,false,false,-83.08092,42.36568,"{
  ""coordinates"": [
    -8.308091413200000e+01,
    4.236567990400000e+01
  ],
  ""type"": ""Point""
}","{
  ""coordinates"": [
    -83.080914132,
    42.365679904
  ],
  ""type"": ""Point""
}",-83.080914132,42.365679904
1283,9901448,N I 75,RAMP 033B,2016-12-11,11,12,2016,14,1,8,1,,1,0,,4,5,1,55,4,2,6,5,0,0,0,0,true,,false,false,false,false,false,,,,,,false,true,false,,,false,false,false,false,false,-83.089,42.31422,"{
  ""coordinates"": [
    -8.308899557699991e+01,
    4.231422282700000e+01
  ],
  ""type"": ""Point""
}","{
  ""coordinates"": [
    -83.088995577,
    42.314222827
  ],
  ""type"": ""Point""
}",-83.0889955769999,42.314222827
1284,9891788,I 75,7 MILE,2016-12-11,11,12,2016,15,1,1,1,,1,1,,6,5,1,70,4,1,1,5,0,0,0,0,true,,false,false,false,false,false,,,,,,false,false,false,,,false,false,false,false,false,-83.09502,42.43468,"{
  ""coordinates"": [
    -8.309502237700001e+01,
    4.243467791200000e+01
  ],
  ""type"": ""Point""
}","{
  ""coordinates"": [
    -83.095022377,
    42.434677912
  ],
  ""type"": ""Point""
}",-83.095022377,42.434677912
1285,9889073,S M 10 SERVICE DRIVE,ELMHURST,2016-12-11,11,12,2016,18,1,8,3,,4,0,,4,5,4,0,4,2,3,5,0,0,0,0,true,,false,false,false,false,false,,,,,,false,false,false,,,false,false,false,false,false,-83.1039,42.38956,"{
  ""coordinates"": [
    -8.310390362299999e+01,
    4.238956282600000e+01
  ],
  ""type"": ""Point""
}","{
  ""coordinates"": [
    -83.103903623,
    42.389562826
  ],
  ""type"": ""Point""
}",-83.103903623,42.389562826
1286,9887543,7 MILE,ROBSON,2016-12-11,11,12,2016,14,1,1,9,,2,1,,4,5,1,30,2,1,1,5,0,0,0,0,true,,false,false,false,false,false,,,,,,false,true,false,,,false,false,false,false,false,-83.19329,42.43061,"{
  ""coordinates"": [
    -8.319329239400000e+01,
    4.243061084900010e+01
  ],
  ""type"": ""Point""
}","{
  ""coordinates"": [
    -83.193292394,
    42.430610849
  ],
  ""type"": ""Point""
}",-83.193292394,42.4306108490001
1287,9891797,I-94,LIVERNOIS,2016-12-11,11,12,2016,18,1,4,1,,1,0,,4,5,4,55,3,2,1,5,0,0,0,0,true,,false,false,true,false,false,,,,,,false,false,false,,,false,false,false,false,false,-83.1255,42.33706,"{
  ""coordinates"": [
    -8.312550115900000e+01,
    4.233706250000010e+01
  ],
  ""type"": ""Point""
}","{
  ""coordinates"": [
    -83.125501159,
    42.3370625
  ],
  ""type"": ""Point""
}",-83.125501159,42.3370625000001
1288,9912890,M-10,GRAND,2016-12-11,11,12,2016,16,1,5,3,,1,0,,4,5,1,55,3,2,1,3,0,0,1,0,false,,false,false,true,false,false,,,,,,false,false,false,,,false,false,false,false,false,-83.08092,42.36568,"{
  ""coordinates"": [
    -8.308091413200000e+01,
    4.236567990400000e+01
  ],
  ""type"": ""Point""
}","{
  ""coordinates"": [
    -83.080914132,
    42.365679904
  ],
  ""type"": ""Point""
}",-83.080914132,42.365679904
1289,9888854,S I 75,RAMP 035K,2016-12-11,11,12,2016,9,1,8,1,,1,0,,4,5,1,70,3,2,2,5,0,0,0,0,true,,false,false,false,false,false,,,,,,false,true,false,,,false,false,false,false,false,-83.08331,42.31773,"{
  ""coordinates"": [
    -8.308331232499999e+01,
    4.231772681300000e+01
  ],
  ""type"": ""Point""
}","{
  ""coordinates"": [
    -83.083312325,
    42.317726813
  ],
  ""type"": ""Point""
}",-83.083312325,42.317726813
1290,9896302,S/B I-75,OAKLAND,2016-12-11,11,12,2016,7,1,8,1,,1,0,,4,5,4,55,3,2,2,4,0,0,0,1,false,,false,false,false,false,false,,,,,,false,false,false,,,false,false,false,false,false,-83.09496,42.43296,"{
  ""coordinates"": [
    -8.309495516699999e+01,
    4.243296601300010e+01
  ],
  ""type"": ""Point""
}","{
  ""coordinates"": [
    -83.094955167,
    42.432966013
  ],
  ""type"": ""Point""
}",-83.094955167,42.4329660130001
1291,9887544,CAMBRIDGE,GRIGGS,2016-12-11,11,12,2016,20,1,4,9,,,0,,4,5,5,25,2,2,3,4,0,0,0,2,false,,false,false,false,false,false,,,,,,false,false,true,,,false,false,false,false,false,-83.16428,42.43311,"{
  ""coordinates"": [
    -8.316427717600000e+01,
    4.243310832900000e+01
  ],
  ""type"": ""Point""
}","{
  ""coordinates"": [
    -83.164277176,
    42.433108329
  ],
  ""type"": ""Point""
}",-83.164277176,42.433108329
1292,9909776,I-94,ROSA PARKS,2016-12-11,11,12,2016,21,1,1,1,,1,1,,3,5,4,55,3,1,1,5,0,0,0,0,true,,false,false,false,false,false,,,,,,false,false,true,,,false,false,false,false,false,-83.08093,42.35636,"{
  ""coordinates"": [
    -8.308093212100000e+01,
    4.235636181400000e+01
  ],
  ""type"": ""Point""
}","{
  ""coordinates"": [
    -83.080932121,
    42.356361814
  ],
  ""type"": ""Point""
}",-83.080932121,42.356361814
1293,9902906,N M 39 SERVICE DRIVE,JOY,2016-12-11,11,12,2016,12,1,5,9,,4,0,,4,5,1,30,1,2,4,5,0,0,0,0,true,,false,false,false,false,false,,,,,,false,false,false,,,false,false,false,false,false,-83.21606,42.35781,"{
  ""coordinates"": [
    -8.321606358000000e+01,
    4.235781087000000e+01
  ],
  ""type"": ""Point""
}","{
  ""coordinates"": [
    -83.21606358,
    42.35781087
  ],
  ""type"": ""Point""
}",-83.21606358,42.35781087
1294,9900386,E/B I-94,GRATIOT,2016-12-11,11,12,2016,20,1,97,1,,1,0,,4,5,4,55,3,2,3,5,0,0,0,0,true,,false,false,false,false,false,,,,,,false,false,false,,,false,false,false,false,false,-83.00446,42.39173,"{
  ""coordinates"": [
    -8.300446301300001e+01,
    4.239173316100000e+01
  ],
  ""type"": ""Point""
}","{
  ""coordinates"": [
    -83.004463013,
    42.391733161
  ],
  ""type"": ""Point""
}",-83.004463013,42.391733161
1295,9889071,GREENFIELD,BIRCH,2016-12-11,11,12,2016,17,1,4,9,,2,0,,4,8,3,35,5,2,2,4,0,0,0,1,false,,false,false,true,false,false,,,,,,false,false,false,,,false,false,false,false,false,-83.19824,42.38936,"{
  ""coordinates"": [
    -8.319824355700000e+01,
    4.238936197100000e+01
  ],
  ""type"": ""Point""
}","{
  ""coordinates"": [
    -83.198243557,
    42.389361971
  ],
  ""type"": ""Point""
}",-83.198243557,42.389361971
1296,9889053,I-94,WHITTIER,2016-12-11,11,12,2016,7,1,1,1,,1,1,,4,5,2,55,3,1,1,5,0,0,0,0,true,,false,false,false,false,false,,,,,,false,false,false,,,false,false,false,false,false,-82.94457,42.41182,"{
  ""coordinates"": [
    -8.294456902899999e+01,
    4.241182325100000e+01
  ],
  ""type"": ""Point""
}","{
  ""coordinates"": [
    -82.944569029,
    42.411823251
  ],
  ""type"": ""Point""
}",-82.944569029,42.411823251
1297,9890238,FORRER,FENKELL,2016-12-11,11,12,2016,22,1,2,9,,,0,,4,5,1,25,3,2,1,5,0,0,0,0,true,,false,false,true,false,false,,,,,,false,false,false,,,false,false,false,false,false,-83.20155,42.40147,"{
  ""coordinates"": [
    -8.320154620800000e+01,
    4.240147041900010e+01
  ],
  ""type"": ""Point""
}","{
  ""coordinates"": [
    -83.201546208,
    42.401470419
  ],
  ""type"": ""Point""
}",-83.201546208,42.4014704190001
1298,9891846,7 MILE,STOTTER,2016-12-11,11,12,2016,17,1,7,9,,4,0,,4,4,4,30,2,2,1,5,0,0,0,0,true,,false,false,true,false,false,,,,,,false,false,true,,,false,false,false,false,false,-83.02521,42.43395,"{
  ""coordinates"": [
    -8.302520623800000e+01,
    4.243394866500010e+01
  ],
  ""type"": ""Point""
}","{
  ""coordinates"": [
    -83.025206238,
    42.433948665
  ],
  ""type"": ""Point""
}",-83.025206238,42.4339486650001
1299,9891798,I-75,NEVADA,2016-12-11,11,12,2016,20,1,8,1,,1,0,,4,5,4,70,4,2,2,5,0,0,0,0,true,,false,false,false,false,false,,,,,,false,false,false,,,false,false,false,false,false,-83.09304,42.42474,"{
  ""coordinates"": [
    -8.309304370900000e+01,
    4.242473560500010e+01
  ],
  ""type"": ""Point""
}","{
  ""coordinates"": [
    -83.093043709,
    42.424735605
  ],
  ""type"": ""Point""
}",-83.093043709,42.4247356050001
1300,9894850,NOTTINGHAM,WARREN,2016-12-11,11,12,2016,13,1,5,9,,,0,,4,5,1,25,1,2,2,5,0,0,0,0,true,,false,false,true,false,false,,,,,,false,false,false,,,false,false,false,false,false,-82.94872,42.39892,"{
  ""coordinates"": [
    -8.294871278300000e+01,
    4.239891900400000e+01
  ],
  ""type"": ""Point""
}","{
  ""coordinates"": [
    -82.948712783,
    42.398919004
  ],
  ""type"": ""Point""
}",-82.948712783,42.398919004
1301,9889068,PURTAIN,GREENFIELD,2016-12-11,11,12,2016,13,1,4,9,,4,0,,4,5,1,30,3,2,1,5,0,0,0,0,true,,false,false,true,false,false,,,,,,false,true,false,,,false,false,false,false,false,-83.19905,42.40875,"{
  ""coordinates"": [
    -8.319904785400000e+01,
    4.240875003400000e+01
  ],
  ""type"": ""Point""
}","{
  ""coordinates"": [
    -83.199047854,
    42.408750034
  ],
  ""type"": ""Point""
}",-83.199047854,42.408750034
1302,9889103,S I 75,HOLBROOK,2016-12-11,11,12,2016,23,1,5,1,,1,0,,4,5,4,55,4,2,4,4,0,0,0,3,false,,false,false,false,false,false,,,,,,false,false,false,,,false,false,false,false,false,-83.06865,42.38692,"{
  ""coordinates"": [
    -8.306865065900000e+01,
    4.238692317500000e+01
  ],
  ""type"": ""Point""
}","{
  ""coordinates"": [
    -83.068650659,
    42.386923175
  ],
  ""type"": ""Point""
}",-83.068650659,42.386923175
1303,9887540,MOUND,AMRAD,2016-12-11,11,12,2016,13,1,1,9,,2,1,,4,5,1,35,6,1,1,5,0,0,0,0,true,,false,false,false,false,false,,,,,,false,false,false,,,false,false,false,false,false,-83.0442,42.44579,"{
  ""coordinates"": [
    -8.304419736999991e+01,
    4.244578399100000e+01
  ],
  ""type"": ""Point""
}","{
  ""coordinates"": [
    -83.04419737,
    42.445783991
  ],
  ""type"": ""Point""
}",-83.0441973699999,42.445783991
1304,9889055,I-96,GREENFIELD,2016-12-11,11,12,2016,14,1,8,1,,1,0,,4,5,1,70,3,2,2,5,0,0,0,0,true,,false,false,false,false,false,,,,,,false,false,false,,,false,false,false,false,false,-83.19608,42.37924,"{
  ""coordinates"": [
    -8.319607834899990e+01,
    4.237924277500010e+01
  ],
  ""type"": ""Point""
}","{
  ""coordinates"": [
    -83.196078349,
    42.379242775
  ],
  ""type"": ""Point""
}",-83.1960783489999,42.3792427750001
1305,9891626,SB I75,MILWAUKEE,2016-12-11,11,12,2016,8,1,97,1,,1,0,,6,5,1,55,4,2,2,5,0,0,0,0,true,,false,false,false,false,false,,,,,,false,false,true,,,false,false,false,false,false,-83.06069,42.37508,"{
  ""coordinates"": [
    -8.306068981899990e+01,
    4.237508344800010e+01
  ],
  ""type"": ""Point""
}","{
  ""coordinates"": [
    -83.060689819,
    42.375083448
  ],
  ""type"": ""Point""
}",-83.0606898189999,42.3750834480001
1306,9889109,GRATIOT,CONNER,2016-12-11,11,12,2016,20,1,4,3,,1,0,,4,5,4,35,7,2,2,5,0,0,0,0,true,,false,false,false,false,false,,,,,,false,true,false,,,false,false,false,false,false,-82.99746,42.40496,"{
  ""coordinates"": [
    -8.299746052700000e+01,
    4.240496014100010e+01
  ],
  ""type"": ""Point""
}","{
  ""coordinates"": [
    -82.997460527,
    42.404960141
  ],
  ""type"": ""Point""
}",-82.997460527,42.4049601410001
1307,9892996,JOY,LINWOOD,2016-12-11,11,12,2016,9,1,1,9,,4,1,,3,5,1,30,2,1,1,5,0,0,0,0,true,,false,false,false,false,false,,,,,,false,false,false,,,false,false,false,false,false,-83.10928,42.37329,"{
  ""coordinates"": [
    -8.310927679500000e+01,
    4.237328634300010e+01
  ],
  ""type"": ""Point""
}","{
  ""coordinates"": [
    -83.109276795,
    42.373286343
  ],
  ""type"": ""Point""
}",-83.109276795,42.3732863430001
1308,9891781,I 94,JUNCTION,2016-12-11,11,12,2016,17,1,8,1,,1,0,,4,5,4,55,3,2,5,5,0,0,0,0,true,,false,false,false,false,false,,,,,,false,false,false,,,false,false,false,false,false,-83.11977,42.33943,"{
  ""coordinates"": [
    -8.311976344899990e+01,
    4.233942922900010e+01
  ],
  ""type"": ""Point""
}","{
  ""coordinates"": [
    -83.119763449,
    42.339429229
  ],
  ""type"": ""Point""
}",-83.1197634489999,42.3394292290001
1309,9889064,I-75,MACK,2016-12-11,11,12,2016,14,1,1,1,,1,1,,4,5,1,55,4,1,1,3,0,0,1,0,false,,false,false,false,false,false,,,,,,false,false,false,,,false,false,false,false,false,-83.04903,42.35254,"{
  ""coordinates"": [
    -8.304903484999990e+01,
    4.235253871300010e+01
  ],
  ""type"": ""Point""
}","{
  ""coordinates"": [
    -83.04903485,
    42.352538713
  ],
  ""type"": ""Point""
}",-83.0490348499999,42.3525387130001
1310,9900387,E/B I-94,GRATIOT,2016-12-11,11,12,2016,20,1,8,1,,1,0,,4,5,4,55,3,2,1,5,0,0,0,0,true,,false,false,true,false,false,,,,,,false,false,false,,,false,false,false,false,false,-83.00446,42.39173,"{
  ""coordinates"": [
    -8.300446301300001e+01,
    4.239173316100000e+01
  ],
  ""type"": ""Point""
}","{
  ""coordinates"": [
    -83.004463013,
    42.391733161
  ],
  ""type"": ""Point""
}",-83.004463013,42.391733161
1311,9887542,MCNICHOLS,LAWTON,2016-12-11,11,12,2016,10,1,1,9,,4,1,,4,5,1,25,2,1,2,5,0,0,0,0,true,,false,false,false,false,false,,,,,,false,false,false,,,false,false,false,false,false,-83.1307,42.4173,"{
  ""coordinates"": [
    -8.313069535200000e+01,
    4.241729564700010e+01
  ],
  ""type"": ""Point""
}","{
  ""coordinates"": [
    -83.130695352,
    42.417295647
  ],
  ""type"": ""Point""
}",-83.130695352,42.4172956470001