ObjectId,Crash ID,Primary Road,Intersecting Road,Crash Date,Day,Month,Year,Hour,Weekday,Crash Type Code,Highway Classification Code,Community Code,Jurisdiction Code,Lane Departure Type Code,Surface Type,Road Condition,Weather Condition,Lighting Condition,Speed Limit,Lanes,Units,Occupants,Most Severe Injury,Fatal Injuries,Suspected Serious Injuries,Suspected Minor Injuries,Possible Injuries,Property Damage Only,Secondary Crash,Traffic Control,Red Light Run,Hit and Run,Alcohol,Drugs,Unbelted Person,Work Zone,Speeding Driver,Distracted Driver,Driveway,Pedestrian,Elderly Driver,Young Driver,Commercial Vehicle,Emergency Vehicles,Train,School Bus,Motorcycle,Bicycle,Deer,Longitude,Latitude,geom,geog,x,y
1312,9892997,OAKMAN,14TH,2016-12-11,11,12,2016,14,1,5,9,,4,0,,3,5,1,30,2,2,2,4,0,0,0,1,false,,false,false,false,false,false,,,,,,false,false,true,,,false,false,false,false,false,-83.12,42.40017,"{
  ""coordinates"": [
    -8.311999373000000e+01,
    4.240017047800010e+01
  ],
  ""type"": ""Point""
}","{
  ""coordinates"": [
    -83.11999373,
    42.400170478
  ],
  ""type"": ""Point""
}",-83.11999373,42.4001704780001
1313,9915631,CHANDLER PARK,CONNER,2016-12-11,11,12,2016,7,1,1,9,,4,0,,4,5,1,35,4,1,1,5,0,0,0,0,true,,false,false,false,false,false,,,,,,false,false,false,,,false,false,false,false,false,-82.98318,42.39296,"{
  ""coordinates"": [
    -8.298318747699990e+01,
    4.239296114600010e+01
  ],
  ""type"": ""Point""
}","{
  ""coordinates"": [
    -82.983187477,
    42.392961146
  ],
  ""type"": ""Point""
}",-82.9831874769999,42.3929611460001
1314,9897706,I 94,LONYO,2016-12-11,11,12,2016,9,1,8,1,,1,0,,4,5,1,55,3,3,1,5,0,0,0,0,true,,false,false,true,false,false,,,,,,false,true,false,,,false,false,false,false,false,-83.14974,42.33031,"{
  ""coordinates"": [
    -8.314973916199990e+01,
    4.233030885500010e+01
  ],
  ""type"": ""Point""
}","{
  ""coordinates"": [
    -83.149739162,
    42.330308855
  ],
  ""type"": ""Point""
}",-83.1497391619999,42.3303088550001
1315,9932301,MACK,CONNER,2016-12-11,11,12,2016,14,1,2,9,,4,2,,3,5,1,25,6,2,3,5,0,0,0,0,true,,false,false,false,false,false,,,,,,false,false,false,,,false,false,false,false,false,-82.96791,42.38369,"{
  ""coordinates"": [
    -8.296791208699990e+01,
    4.238369088900000e+01
  ],
  ""type"": ""Point""
}","{
  ""coordinates"": [
    -82.967912087,
    42.383690889
  ],
  ""type"": ""Point""
}",-82.9679120869999,42.383690889
1316,9887513,LAKEWOOD,ESSEX,2016-12-11,11,12,2016,0,1,5,9,,5,0,,1,1,4,25,2,2,1,5,0,0,0,0,true,,false,false,false,false,false,,,,,,false,false,false,,,false,false,false,false,false,-82.94158,42.36604,"{
  ""coordinates"": [
    -8.294158492699999e+01,
    4.236603876200010e+01
  ],
  ""type"": ""Point""
}","{
  ""coordinates"": [
    -82.941584927,
    42.366038762
  ],
  ""type"": ""Point""
}",-82.941584927,42.3660387620001
1317,9890249,GUILFORD,HARPER,2016-12-11,11,12,2016,14,1,5,9,,,0,,4,5,1,30,2,2,6,5,0,0,0,0,true,,false,false,true,false,false,,,,,,false,false,false,,,false,false,false,false,false,-82.9341,42.41781,"{
  ""coordinates"": [
    -8.293409388000001e+01,
    4.241781168800000e+01
  ],
  ""type"": ""Point""
}","{
  ""coordinates"": [
    -82.93409388,
    42.417811688
  ],
  ""type"": ""Point""
}",-82.93409388,42.417811688
1318,9889090,GREENFIELD,PLYMOUTH,2016-12-11,11,12,2016,22,1,5,9,,2,0,,4,5,4,35,4,2,2,5,0,0,0,0,true,,false,false,true,false,false,,,,,,false,false,false,,,false,false,false,false,false,-83.19755,42.37253,"{
  ""coordinates"": [
    -8.319755072299991e+01,
    4.237252943900010e+01
  ],
  ""type"": ""Point""
}","{
  ""coordinates"": [
    -83.197550723,
    42.372529439
  ],
  ""type"": ""Point""
}",-83.1975507229999,42.3725294390001
1319,9889075,SCHAEFER,BEATRICE,2016-12-11,11,12,2016,16,1,4,9,,2,0,,4,5,1,35,6,2,2,5,0,0,0,0,true,,false,false,false,false,false,,,,,,false,false,false,,,false,false,false,false,false,-83.14857,42.27503,"{
  ""coordinates"": [
    -8.314856824000000e+01,
    4.227503013700000e+01
  ],
  ""type"": ""Point""
}","{
  ""coordinates"": [
    -83.14856824,
    42.275030137
  ],
  ""type"": ""Point""
}",-83.14856824,42.275030137
1320,9889080,E I 94,MOROSS,2016-12-11,11,12,2016,20,1,1,1,,1,1,,4,5,4,35,1,1,1,5,0,0,0,0,true,,false,false,false,false,false,,,,,,false,false,false,,,false,false,false,false,false,-82.92856,42.42461,"{
  ""coordinates"": [
    -8.292856112999991e+01,
    4.242460657800010e+01
  ],
  ""type"": ""Point""
}","{
  ""coordinates"": [
    -82.92856113,
    42.424606578
  ],
  ""type"": ""Point""
}",-82.9285611299999,42.4246065780001
1321,9887510,CONNER,W I 94,2016-12-11,11,12,2016,7,1,97,9,,4,0,,4,5,4,35,2,2,1,5,0,0,0,0,true,,false,false,true,false,false,,,,,,false,false,false,,,false,false,false,false,false,-82.98919,42.39553,"{
  ""coordinates"": [
    -8.298918755900000e+01,
    4.239553581800000e+01
  ],
  ""type"": ""Point""
}","{
  ""coordinates"": [
    -82.989187559,
    42.395535818
  ],
  ""type"": ""Point""
}",-82.989187559,42.395535818
1322,9887505,I-75,SPRINGWELLS,2016-12-11,11,12,2016,7,1,98,1,,4,0,,4,5,1,55,4,2,2,5,0,0,0,0,true,,false,false,false,false,false,,,,,,false,false,false,,,false,false,false,false,false,-83.11929,42.30083,"{
  ""coordinates"": [
    -8.311928591000000e+01,
    4.230082829200010e+01
  ],
  ""type"": ""Point""
}","{
  ""coordinates"": [
    -83.11928591,
    42.300828292
  ],
  ""type"": ""Point""
}",-83.11928591,42.3008282920001
1323,9912883,I-94,GRANDRIVER,2016-12-11,11,12,2016,7,1,8,1,,1,0,,4,5,1,55,3,2,3,4,0,0,0,1,false,,false,false,false,false,false,,,,,,false,false,false,,,false,false,false,false,false,-83.08674,42.35414,"{
  ""coordinates"": [
    -8.308673926300000e+01,
    4.235413625000010e+01
  ],
  ""type"": ""Point""
}","{
  ""coordinates"": [
    -83.086739263,
    42.35413625
  ],
  ""type"": ""Point""
}",-83.086739263,42.3541362500001
1324,9896365,BRAILE,SEVEN MILE,2016-12-11,11,12,2016,18,1,98,9,,,0,,4,98,3,25,2,2,0,5,0,0,0,0,true,,false,false,false,false,false,,,,,,false,true,false,,,false,false,false,false,false,-83.24616,42.42967,"{
  ""coordinates"": [
    -8.324616465900000e+01,
    4.242966836200000e+01
  ],
  ""type"": ""Point""
}","{
  ""coordinates"": [
    -83.246164659,
    42.429668362
  ],
  ""type"": ""Point""
}",-83.246164659,42.429668362
1325,9891800,I-94,MOROSS,2016-12-11,11,12,2016,22,1,8,1,,1,0,,4,5,4,55,3,2,2,5,0,0,0,0,true,,false,false,false,false,false,,,,,,false,false,false,,,false,false,false,false,false,-82.93134,42.42133,"{
  ""coordinates"": [
    -8.293133166299999e+01,
    4.242132781500000e+01
  ],
  ""type"": ""Point""
}","{
  ""coordinates"": [
    -82.931331663,
    42.421327815
  ],
  ""type"": ""Point""
}",-82.931331663,42.421327815
1326,9891796,I-94,LIVERNOIS,2016-12-11,11,12,2016,17,1,4,1,,1,0,,4,5,4,55,3,2,2,5,0,0,0,0,true,,false,false,false,false,false,,,,,,false,false,false,,,false,false,false,false,false,-83.12916,42.33562,"{
  ""coordinates"": [
    -8.312915571100000e+01,
    4.233561803300010e+01
  ],
  ""type"": ""Point""
}","{
  ""coordinates"": [
    -83.129155711,
    42.335618033
  ],
  ""type"": ""Point""
}",-83.129155711,42.3356180330001
1327,9912866,I 75,VERNOR,2016-12-11,11,12,2016,16,1,8,1,,1,0,,6,5,1,55,4,2,2,5,0,0,0,0,true,,false,false,false,false,false,,,,,,false,false,false,,,false,false,false,false,false,-83.12793,42.29282,"{
  ""coordinates"": [
    -8.312793063100000e+01,
    4.229281862100000e+01
  ],
  ""type"": ""Point""
}","{
  ""coordinates"": [
    -83.127930631,
    42.292818621
  ],
  ""type"": ""Point""
}",-83.127930631,42.292818621
1328,9900418,N I 75,FORT,2016-12-11,11,12,2016,5,1,97,1,,1,0,,3,5,4,70,1,1,1,5,0,0,0,0,true,,false,false,false,false,false,,,,,,false,false,false,,,false,false,false,false,false,-83.15367,42.27803,"{
  ""coordinates"": [
    -8.315367009200000e+01,
    4.227803030000010e+01
  ],
  ""type"": ""Point""
}","{
  ""coordinates"": [
    -83.153670092,
    42.2780303
  ],
  ""type"": ""Point""
}",-83.153670092,42.2780303000001
1329,9887521,S M 39,JOY,2016-12-11,11,12,2016,14,1,1,3,,1,1,,3,5,1,55,3,1,1,5,0,0,0,0,true,,false,false,false,false,false,,,,,,false,false,true,,,false,false,false,false,false,-83.21657,42.35764,"{
  ""coordinates"": [
    -8.321656511399991e+01,
    4.235764011400000e+01
  ],
  ""type"": ""Point""
}","{
  ""coordinates"": [
    -83.216565114,
    42.357640114
  ],
  ""type"": ""Point""
}",-83.2165651139999,42.357640114
1330,9909775,I-75,SEVEN MILE,2016-12-11,11,12,2016,17,1,97,1,,1,0,,3,5,1,70,4,2,1,5,0,0,0,0,true,,false,false,true,false,false,,,,,,false,false,false,,,false,false,false,false,false,-83.09377,42.42531,"{
  ""coordinates"": [
    -8.309376328300000e+01,
    4.242530891800000e+01
  ],
  ""type"": ""Point""
}","{
  ""coordinates"": [
    -83.093763283,
    42.425308918
  ],
  ""type"": ""Point""
}",-83.093763283,42.425308918
1331,9889106,GRATIOT,MOHICAN,2016-12-11,11,12,2016,16,1,5,3,,1,0,,4,5,4,35,7,2,1,5,0,0,0,0,true,,false,false,true,false,false,,,,,,false,false,false,,,false,false,false,false,false,-82.97064,42.44576,"{
  ""coordinates"": [
    -8.297064396899999e+01,
    4.244575634800000e+01
  ],
  ""type"": ""Point""
}","{
  ""coordinates"": [
    -82.970643969,
    42.445756348
  ],
  ""type"": ""Point""
}",-82.970643969,42.445756348
1332,9908339,M 39,7 MILE,2016-12-11,11,12,2016,23,1,8,3,,1,0,,4,5,4,55,3,2,1,5,0,0,0,0,true,,false,false,true,false,false,,,,,,false,false,true,,,false,false,false,false,false,-83.21935,42.42919,"{
  ""coordinates"": [
    -8.321934407099999e+01,
    4.242919123500010e+01
  ],
  ""type"": ""Point""
}","{
  ""coordinates"": [
    -83.219344071,
    42.429191235
  ],
  ""type"": ""Point""
}",-83.219344071,42.4291912350001
1333,9887533,8 MILE,TELEGRAPH,2016-12-11,11,12,2016,10,1,97,3,,1,0,,3,5,1,45,4,2,2,5,0,0,0,0,true,,false,false,true,false,false,,,,,,false,false,false,,,false,false,false,false,false,-83.27792,42.44275,"{
  ""coordinates"": [
    -8.327791999000000e+01,
    4.244274467000000e+01
  ],
  ""type"": ""Point""
}","{
  ""coordinates"": [
    -83.27791999,
    42.44274467
  ],
  ""type"": ""Point""
}",-83.27791999,42.44274467
1334,9889052,I-75,DAVISON,2016-12-11,11,12,2016,6,1,1,1,,1,1,,4,5,5,70,4,1,1,5,0,0,0,0,true,,false,false,false,false,false,,,,,,false,false,true,,,false,false,false,false,false,-83.07565,42.40635,"{
  ""coordinates"": [
    -8.307564702600000e+01,
    4.240635418200000e+01
  ],
  ""type"": ""Point""
}","{
  ""coordinates"": [
    -83.075647026,
    42.406354182
  ],
  ""type"": ""Point""
}",-83.075647026,42.406354182
1335,9889074,N M 39,RAMP 006A,2016-12-11,11,12,2016,13,1,97,3,,1,0,,6,5,97,0,3,2,2,5,0,0,0,0,true,,false,false,false,false,false,,,,,,false,false,false,,,false,false,false,false,false,-83.21598,42.33938,"{
  ""coordinates"": [
    -8.321598187799999e+01,
    4.233937972200000e+01
  ],
  ""type"": ""Point""
}","{
  ""coordinates"": [
    -83.215981878,
    42.339379722
  ],
  ""type"": ""Point""
}",-83.215981878,42.339379722
1336,9889107,EASTWOOD,GRATIOT,2016-12-11,11,12,2016,17,1,9,3,,,2,,4,5,4,25,2,2,0,5,0,0,0,0,true,,false,false,true,false,false,,,,,,false,false,false,,,false,false,false,false,false,-82.97839,42.43357,"{
  ""coordinates"": [
    -8.297838612100000e+01,
    4.243356697800000e+01
  ],
  ""type"": ""Point""
}","{
  ""coordinates"": [
    -82.978386121,
    42.433566978
  ],
  ""type"": ""Point""
}",-82.978386121,42.433566978
1337,9926336,RAMP 008W,SOUTHFIELD SERVICE DRIVE,2016-12-11,11,12,2016,16,1,5,3,,1,0,,4,5,1,55,1,2,3,4,0,0,0,1,false,,false,false,false,false,false,,,,,,false,false,false,,,false,false,false,false,false,-83.21796,42.38865,"{
  ""coordinates"": [
    -8.321795510399990e+01,
    4.238864513300010e+01
  ],
  ""type"": ""Point""
}","{
  ""coordinates"": [
    -83.217955104,
    42.388645133
  ],
  ""type"": ""Point""
}",-83.2179551039999,42.3886451330001
1338,9908338,I 94,DICKERSON,2016-12-11,11,12,2016,17,1,8,1,,1,0,,4,5,4,55,3,2,4,5,0,0,0,0,true,,false,false,false,false,false,,,,,,false,false,false,,,false,false,false,false,false,-82.97338,42.40138,"{
  ""coordinates"": [
    -8.297337834200000e+01,
    4.240137961100000e+01
  ],
  ""type"": ""Point""
}","{
  ""coordinates"": [
    -82.973378342,
    42.401379611
  ],
  ""type"": ""Point""
}",-82.973378342,42.401379611
1339,9983870,WYOMING,MCNICHOLS,2016-12-11,11,12,2016,10,1,9,9,,4,2,,4,5,1,30,4,2,1,5,0,0,0,0,true,,false,false,false,false,false,,,,,,false,false,false,,,false,false,false,false,false,-83.1603,42.41666,"{
  ""coordinates"": [
    -8.316030238899999e+01,
    4.241665524900000e+01
  ],
  ""type"": ""Point""
}","{
  ""coordinates"": [
    -83.160302389,
    42.416655249
  ],
  ""type"": ""Point""
}",-83.160302389,42.416655249
1340,9914331,E/B I-94,LIVERNOIS,2016-12-11,11,12,2016,20,1,4,1,,1,0,,4,5,4,55,3,2,1,5,0,0,0,0,true,,false,false,true,false,false,,,,,,false,false,false,,,false,false,false,false,false,-83.12657,42.33664,"{
  ""coordinates"": [
    -8.312656831699999e+01,
    4.233663778900010e+01
  ],
  ""type"": ""Point""
}","{
  ""coordinates"": [
    -83.126568317,
    42.336637789
  ],
  ""type"": ""Point""
}",-83.126568317,42.3366377890001
1341,9889098,LAHSER,THATCHER,2016-12-11,11,12,2016,13,1,97,9,,2,0,,3,5,1,25,2,4,2,5,0,0,0,0,true,,false,false,true,false,false,,,,,,false,false,false,,,false,false,false,false,false,-83.25802,42.42049,"{
  ""coordinates"": [
    -8.325802127999999e+01,
    4.242049489500000e+01
  ],
  ""type"": ""Point""
}","{
  ""coordinates"": [
    -83.25802128,
    42.420494895
  ],
  ""type"": ""Point""
}",-83.25802128,42.420494895
1342,9897705,M 10,CHICAGO,2016-12-11,11,12,2016,8,1,8,3,,1,0,,4,5,1,55,3,2,4,5,0,0,0,0,true,,false,false,false,false,false,,,,,,false,false,false,,,false,false,false,false,false,-83.09074,42.38036,"{
  ""coordinates"": [
    -8.309074105500000e+01,
    4.238035401200010e+01
  ],
  ""type"": ""Point""
}","{
  ""coordinates"": [
    -83.090741055,
    42.380354012
  ],
  ""type"": ""Point""
}",-83.090741055,42.3803540120001
1343,9950457,GRAND RIVER,WARWICK,2016-12-11,11,12,2016,14,1,4,3,,1,0,,4,5,1,35,4,2,4,5,0,0,0,0,true,,false,false,true,false,false,,,,,,false,false,false,,,false,false,false,false,false,-83.229,42.40501,"{
  ""coordinates"": [
    -8.322900109699999e+01,
    4.240500902600010e+01
  ],
  ""type"": ""Point""
}","{
  ""coordinates"": [
    -83.229001097,
    42.405009026
  ],
  ""type"": ""Point""
}",-83.229001097,42.4050090260001
1344,9894851,8MILE,PELKEY,2016-12-11,11,12,2016,20,1,8,3,,1,0,,3,5,4,40,4,2,4,5,0,0,0,0,true,,false,false,false,false,false,,,,,,false,false,false,,,false,false,false,false,false,-82.98651,42.44926,"{
  ""coordinates"": [
    -8.298650807500000e+01,
    4.244925811300000e+01
  ],
  ""type"": ""Point""
}","{
  ""coordinates"": [
    -82.986508075,
    42.449258113
  ],
  ""type"": ""Point""
}",-82.986508075,42.449258113
1345,9891787,N M 10,RAMP 105E,2016-12-11,11,12,2016,16,1,8,3,,1,0,,4,5,1,55,3,2,4,5,0,0,0,0,true,,false,false,false,false,false,,,,,,false,false,false,,,false,false,false,false,false,-83.16329,42.40778,"{
  ""coordinates"": [
    -8.316329036199990e+01,
    4.240778504900000e+01
  ],
  ""type"": ""Point""
}","{
  ""coordinates"": [
    -83.163290362,
    42.407785049
  ],
  ""type"": ""Point""
}",-83.1632903619999,42.407785049
1346,9889057,W I 96,MCGRAW,2016-12-11,11,12,2016,18,1,8,1,,1,0,,4,5,5,70,4,2,2,5,0,0,0,0,true,,false,false,false,false,false,,,,,,false,false,false,,,false,false,false,false,false,-83.10178,42.35247,"{
  ""coordinates"": [
    -8.310178042599991e+01,
    4.235247237800010e+01
  ],
  ""type"": ""Point""
}","{
  ""coordinates"": [
    -83.101780426,
    42.352472378
  ],
  ""type"": ""Point""
}",-83.1017804259999,42.3524723780001
1347,9887534,GRAND RIVER,WARWICK,2016-12-11,11,12,2016,14,1,8,3,,1,0,,4,5,1,0,3,2,3,5,0,0,0,0,true,,false,false,false,false,false,,,,,,false,false,false,,,false,false,false,false,false,-83.229,42.40501,"{
  ""coordinates"": [
    -8.322900109699999e+01,
    4.240500902600010e+01
  ],
  ""type"": ""Point""
}","{
  ""coordinates"": [
    -83.229001097,
    42.405009026
  ],
  ""type"": ""Point""
}",-83.229001097,42.4050090260001
1348,9890254,SOUTHFIELD SERVICE DRIVE,RAMP 010C,2016-12-11,11,12,2016,10,1,4,3,,4,0,,4,5,1,25,2,2,2,5,0,0,0,0,true,,true,false,false,false,false,,,,,,false,true,false,,,false,false,false,false,false,-83.21923,42.41606,"{
  ""coordinates"": [
    -8.321922963100000e+01,
    4.241605823600000e+01
  ],
  ""type"": ""Point""
}","{
  ""coordinates"": [
    -83.219229631,
    42.416058236
  ],
  ""type"": ""Point""
}",-83.219229631,42.416058236
1349,9890258,FAIRMOUNT,REDMOND,2016-12-11,11,12,2016,9,1,98,9,,,3,,4,5,4,25,2,2,0,5,0,0,0,0,true,,false,false,true,false,false,,,,,,false,false,false,,,false,false,false,false,false,-82.95531,42.44476,"{
  ""coordinates"": [
    -8.295530737500000e+01,
    4.244475761900000e+01
  ],
  ""type"": ""Point""
}","{
  ""coordinates"": [
    -82.955307375,
    42.444757619
  ],
  ""type"": ""Point""
}",-82.955307375,42.444757619
1350,9887515,I-96,EVERGREEN,2016-12-11,11,12,2016,19,1,1,1,,1,0,,4,5,4,35,2,1,1,5,0,0,0,0,true,,false,false,false,false,false,,,,,,false,false,false,,,false,false,false,false,false,-83.23659,42.38042,"{
  ""coordinates"": [
    -8.323658655400000e+01,
    4.238042223400000e+01
  ],
  ""type"": ""Point""
}","{
  ""coordinates"": [
    -83.236586554,
    42.380422234
  ],
  ""type"": ""Point""
}",-83.236586554,42.380422234
1351,9906672,I94,EXIT 226,2016-12-11,11,12,2016,17,1,5,1,,1,0,,4,8,4,55,3,2,3,4,0,0,0,1,false,,false,false,false,false,false,,,,,,false,false,false,,,false,false,false,false,false,-82.93686,42.41693,"{
  ""coordinates"": [
    -8.293686175600000e+01,
    4.241692634900010e+01
  ],
  ""type"": ""Point""
}","{
  ""coordinates"": [
    -82.936861756,
    42.416926349
  ],
  ""type"": ""Point""
}",-82.936861756,42.4169263490001
1352,9887514,MOROSS,CHESTER,2016-12-11,11,12,2016,15,1,1,9,,2,1,,4,5,1,30,2,1,1,5,0,0,0,0,true,,false,false,false,false,false,,,,,,false,true,false,,,false,false,false,false,false,-82.92419,42.42231,"{
  ""coordinates"": [
    -8.292419190100000e+01,
    4.242231009600000e+01
  ],
  ""type"": ""Point""
}","{
  ""coordinates"": [
    -82.924191901,
    42.422310096
  ],
  ""type"": ""Point""
}",-82.924191901,42.422310096
1353,9887525,N M 10,WYOMING,2016-12-11,11,12,2016,8,1,97,3,,1,0,,4,5,1,55,3,2,2,5,0,0,0,0,true,,false,false,false,false,false,,,,,,false,false,true,,,false,false,false,false,false,-83.15987,42.40534,"{
  ""coordinates"": [
    -8.315986731899990e+01,
    4.240534193600010e+01
  ],
  ""type"": ""Point""
}","{
  ""coordinates"": [
    -83.159867319,
    42.405341936
  ],
  ""type"": ""Point""
}",-83.1598673189999,42.4053419360001
1354,9894887,SCHAEFER,JOHNS C LODGE SERVICE,2016-12-11,11,12,2016,14,1,9,9,,4,0,,6,5,1,25,4,2,2,5,0,0,0,0,true,,false,false,true,false,false,,,,,,false,false,false,,,false,false,false,false,false,-83.1802,42.4251,"{
  ""coordinates"": [
    -8.318019870800001e+01,
    4.242510004600010e+01
  ],
  ""type"": ""Point""
}","{
  ""coordinates"": [
    -83.180198708,
    42.425100046
  ],
  ""type"": ""Point""
}",-83.180198708,42.4251000460001
1355,9896305,S/B I-75,LIVERNOIS,2016-12-11,11,12,2016,17,1,8,1,,1,0,,4,5,1,55,3,2,2,5,0,0,0,0,true,,false,false,true,false,false,,,,,,false,false,false,,,false,false,false,false,false,-83.11575,42.30299,"{
  ""coordinates"": [
    -8.311574551500000e+01,
    4.230298999500010e+01
  ],
  ""type"": ""Point""
}","{
  ""coordinates"": [
    -83.115745515,
    42.302989995
  ],
  ""type"": ""Point""
}",-83.115745515,42.3029899950001
1356,9887545,NORFOLK,SCHAEFER,2016-12-11,11,12,2016,11,1,97,9,,,0,,4,5,1,25,2,3,4,5,0,0,0,0,true,,false,false,false,false,false,,,,,,false,false,false,,,false,false,false,false,false,-83.17977,42.44337,"{
  ""coordinates"": [
    -8.317976803399991e+01,
    4.244337161500000e+01
  ],
  ""type"": ""Point""
}","{
  ""coordinates"": [
    -83.179768034,
    42.443371615
  ],
  ""type"": ""Point""
}",-83.1797680339999,42.443371615
1357,9892978,GRATIOT,DUBOIS,2016-12-11,11,12,2016,8,1,5,3,,1,0,,4,5,1,35,7,2,2,4,0,0,0,1,false,,false,false,false,false,false,,,,,,false,false,false,,,false,false,false,false,false,-83.03328,42.35064,"{
  ""coordinates"": [
    -8.303328199200000e+01,
    4.235064184900010e+01
  ],
  ""type"": ""Point""
}","{
  ""coordinates"": [
    -83.033281992,
    42.350641849
  ],
  ""type"": ""Point""
}",-83.033281992,42.3506418490001
1358,9887506,NOTTINGHAM,WARREN,2016-12-11,11,12,2016,13,1,5,9,,,0,,4,5,1,25,1,2,1,5,0,0,0,0,true,,false,false,true,false,false,,,,,,false,false,false,,,false,false,false,false,false,-82.94872,42.39892,"{
  ""coordinates"": [
    -8.294871278300000e+01,
    4.239891900400000e+01
  ],
  ""type"": ""Point""
}","{
  ""coordinates"": [
    -82.948712783,
    42.398919004
  ],
  ""type"": ""Point""
}",-82.948712783,42.398919004
1359,9889072,FENKELL,FOYER,2016-12-11,11,12,2016,22,1,9,9,,2,0,,4,5,4,25,2,2,2,5,0,0,0,0,true,,false,false,false,false,false,,,,,,false,false,false,,,false,false,false,false,false,-83.20155,42.40144,"{
  ""coordinates"": [
    -8.320154508800000e+01,
    4.240144132600010e+01
  ],
  ""type"": ""Point""
}","{
  ""coordinates"": [
    -83.201545088,
    42.401441326
  ],
  ""type"": ""Point""
}",-83.201545088,42.4014413260001
1360,9900218,M-10,DAVISON,2016-12-11,11,12,2016,16,1,8,3,,1,0,,4,5,4,55,3,2,2,5,0,0,0,0,true,,false,false,false,false,false,,,,,,false,true,true,,,false,false,false,false,false,-83.10955,42.39811,"{
  ""coordinates"": [
    -8.310955183199999e+01,
    4.239811293200010e+01
  ],
  ""type"": ""Point""
}","{
  ""coordinates"": [
    -83.109551832,
    42.398112932
  ],
  ""type"": ""Point""
}",-83.109551832,42.3981129320001
1361,9889087,OUTER,LYNDON,2016-12-11,11,12,2016,2,1,5,9,,2,0,,4,8,4,30,2,2,1,5,0,0,0,0,true,,false,false,true,false,false,,,,,,false,false,false,,,false,false,false,false,false,-83.25644,42.39391,"{
  ""coordinates"": [
    -8.325644279999990e+01,
    4.239391036400010e+01
  ],
  ""type"": ""Point""
}","{
  ""coordinates"": [
    -83.2564428,
    42.393910364
  ],
  ""type"": ""Point""
}",-83.2564427999999,42.3939103640001
1362,9890286,TRUMBULL,WARREN,2016-12-11,11,12,2016,12,1,4,9,,4,0,,6,5,1,30,3,2,4,5,0,0,0,0,true,,true,true,false,false,false,,,,,,false,false,false,,,false,false,false,false,false,-83.07874,42.35212,"{
  ""coordinates"": [
    -8.307873477100000e+01,
    4.235211907100010e+01
  ],
  ""type"": ""Point""
}","{
  ""coordinates"": [
    -83.078734771,
    42.352119071
  ],
  ""type"": ""Point""
}",-83.078734771,42.3521190710001
1363,9894794,FENKELL,METTETAL,2016-12-11,11,12,2016,18,1,9,9,,2,2,,6,5,4,35,5,2,3,5,0,0,0,0,true,,false,false,false,false,false,,,,,,false,true,false,,,false,false,false,false,false,-83.2084,42.40129,"{
  ""coordinates"": [
    -8.320840299400000e+01,
    4.240128996900010e+01
  ],
  ""type"": ""Point""
}","{
  ""coordinates"": [
    -83.208402994,
    42.401289969
  ],
  ""type"": ""Point""
}",-83.208402994,42.4012899690001
1364,9890259,FLANDERS,PARK,2016-12-11,11,12,2016,12,1,98,9,,,0,,4,5,98,0,2,2,0,5,0,0,0,0,true,,false,false,true,false,false,,,,,,false,false,false,,,false,false,false,false,false,-82.98536,42.41508,"{
  ""coordinates"": [
    -8.298536284499990e+01,
    4.241508071000000e+01
  ],
  ""type"": ""Point""
}","{
  ""coordinates"": [
    -82.985362845,
    42.41508071
  ],
  ""type"": ""Point""
}",-82.9853628449999,42.41508071
1365,9889054,I-75,ROSAPARKS,2016-12-11,11,12,2016,12,1,2,9,,4,2,,4,5,1,55,3,2,3,5,0,0,0,0,true,,false,false,false,false,false,,,,,,false,false,true,,,false,false,false,false,false,-83.07713,42.33297,"{
  ""coordinates"": [
    -8.307713247800000e+01,
    4.233297408300010e+01
  ],
  ""type"": ""Point""
}","{
  ""coordinates"": [
    -83.077132478,
    42.332974083
  ],
  ""type"": ""Point""
}",-83.077132478,42.3329740830001
1366,9887546,8 MILE,HUBBELL,2016-12-11,11,12,2016,16,1,7,3,,1,0,,4,5,1,45,4,3,7,5,0,0,0,0,true,,false,false,false,false,false,,,,,,false,false,true,,,false,false,false,false,false,-83.19072,42.445,"{
  ""coordinates"": [
    -8.319071819500000e+01,
    4.244499751600010e+01
  ],
  ""type"": ""Point""
}","{
  ""coordinates"": [
    -83.190718195,
    42.444997516
  ],
  ""type"": ""Point""
}",-83.190718195,42.4449975160001
1367,9890257,EIGHT MILE,SCHOENHERR,2016-12-11,11,12,2016,10,1,5,3,,1,0,,4,5,5,30,4,2,2,4,0,0,0,1,false,,false,false,false,false,false,,,,,,false,false,false,,,false,false,false,false,false,-82.98561,42.44928,"{
  ""coordinates"": [
    -8.298561093799999e+01,
    4.244927952600010e+01
  ],
  ""type"": ""Point""
}","{
  ""coordinates"": [
    -82.985610938,
    42.449279526
  ],
  ""type"": ""Point""
}",-82.985610938,42.4492795260001
1368,9889099,TELEGRAPH,TELEGRAPH/7 MILE,2016-12-11,11,12,2016,18,1,8,2,,1,0,,4,5,5,45,6,2,2,5,0,0,0,0,true,,false,false,true,false,false,,,,,,false,false,false,,,false,false,false,false,false,-83.27805,42.43031,"{
  ""coordinates"": [
    -8.327804552100000e+01,
    4.243030651700010e+01
  ],
  ""type"": ""Point""
}","{
  ""coordinates"": [
    -83.278045521,
    42.430306517
  ],
  ""type"": ""Point""
}",-83.278045521,42.4303065170001