ObjectId,Crash ID,Primary Road,Intersecting Road,Crash Date,Day,Month,Year,Hour,Weekday,Crash Type Code,Highway Classification Code,Community Code,Jurisdiction Code,Lane Departure Type Code,Surface Type,Road Condition,Weather Condition,Lighting Condition,Speed Limit,Lanes,Units,Occupants,Most Severe Injury,Fatal Injuries,Suspected Serious Injuries,Suspected Minor Injuries,Possible Injuries,Property Damage Only,Secondary Crash,Traffic Control,Red Light Run,Hit and Run,Alcohol,Drugs,Unbelted Person,Work Zone,Speeding Driver,Distracted Driver,Driveway,Pedestrian,Elderly Driver,Young Driver,Commercial Vehicle,Emergency Vehicles,Train,School Bus,Motorcycle,Bicycle,Deer,Longitude,Latitude,geom,geog,x,y
1483,9914417,ANTHONY WAYNE,WARREN,2016-12-09,9,12,2016,13,6,8,9,,4,0,,1,2,1,25,4,2,1,5,0,0,0,0,true,,false,false,true,false,false,,,,,,false,false,false,,,false,false,false,false,false,-83.0714,42.35459,"{
  ""coordinates"": [
    -8.307139837400000e+01,
    4.235459047000010e+01
  ],
  ""type"": ""Point""
}","{
  ""coordinates"": [
    -83.071398374,
    42.35459047
  ],
  ""type"": ""Point""
}",-83.071398374,42.3545904700001
1484,9890244,WOODWARD,DAVISON,2016-12-09,9,12,2016,12,6,5,9,,,0,,98,2,1,35,6,2,2,5,0,0,0,0,true,,false,false,true,false,false,,,,,,false,false,false,,,false,false,false,false,false,-83.20886,42.38459,"{
  ""coordinates"": [
    -8.320886549700001e+01,
    4.238458811300010e+01
  ],
  ""type"": ""Point""
}","{
  ""coordinates"": [
    -83.208865497,
    42.384588113
  ],
  ""type"": ""Point""
}",-83.208865497,42.3845881130001
1485,9914341,E/B I-94,MICHIGAN,2016-12-09,9,12,2016,7,6,97,1,,1,0,,2,1,1,70,3,2,2,5,0,0,0,0,true,,false,false,false,false,false,,,,,,false,false,false,,,false,false,false,false,false,-83.14262,42.33161,"{
  ""coordinates"": [
    -8.314262073099999e+01,
    4.233161354000000e+01
  ],
  ""type"": ""Point""
}","{
  ""coordinates"": [
    -83.142620731,
    42.33161354
  ],
  ""type"": ""Point""
}",-83.142620731,42.33161354
1486,9910789,MT.ELLIOT,SAINT PAUL,2016-12-09,9,12,2016,13,6,9,9,,4,0,,1,1,1,35,1,2,2,5,0,0,0,0,true,,false,false,false,false,false,,,,,,false,false,true,,,false,false,false,false,false,-83.01451,42.35055,"{
  ""coordinates"": [
    -8.301450740400000e+01,
    4.235055160500010e+01
  ],
  ""type"": ""Point""
}","{
  ""coordinates"": [
    -83.014507404,
    42.350551605
  ],
  ""type"": ""Point""
}",-83.014507404,42.3505516050001
1487,9909735,M-10,WEBB,2016-12-09,9,12,2016,18,6,5,3,,1,0,,1,1,4,55,3,2,2,5,0,0,0,0,true,,false,false,false,false,false,,,,,,false,false,true,,,false,false,false,false,false,-83.10186,42.38748,"{
  ""coordinates"": [
    -8.310186320299989e+01,
    4.238747680200000e+01
  ],
  ""type"": ""Point""
}","{
  ""coordinates"": [
    -83.101863203,
    42.387476802
  ],
  ""type"": ""Point""
}",-83.1018632029999,42.387476802
1488,9889048,I 75,GRAND RIVER,2016-12-09,9,12,2016,17,6,8,1,,1,0,,1,1,4,55,4,3,2,5,0,0,0,0,true,,false,false,true,false,false,,,,,,false,false,false,,,false,false,false,false,false,-83.05882,42.33664,"{
  ""coordinates"": [
    -8.305881201299999e+01,
    4.233663718300010e+01
  ],
  ""type"": ""Point""
}","{
  ""coordinates"": [
    -83.058812013,
    42.336637183
  ],
  ""type"": ""Point""
}",-83.058812013,42.3366371830001
1489,9909749,I-75,CASS,2016-12-09,9,12,2016,18,6,8,1,,1,0,,1,2,4,55,4,2,3,5,0,0,0,0,true,,false,false,false,false,false,,,,,,false,true,false,,,false,false,false,false,false,-83.05665,42.33794,"{
  ""coordinates"": [
    -8.305665201600000e+01,
    4.233793763800000e+01
  ],
  ""type"": ""Point""
}","{
  ""coordinates"": [
    -83.056652016,
    42.337937638
  ],
  ""type"": ""Point""
}",-83.056652016,42.337937638
1490,9885920,GREEN,DIX,2016-12-09,9,12,2016,17,6,2,9,,,0,,1,1,4,35,2,2,7,2,0,1,0,5,false,,false,false,false,false,false,,,,,,false,false,true,,,false,false,false,false,false,-83.10764,42.29493,"{
  ""coordinates"": [
    -8.310763686400000e+01,
    4.229492831300010e+01
  ],
  ""type"": ""Point""
}","{
  ""coordinates"": [
    -83.107636864,
    42.294928313
  ],
  ""type"": ""Point""
}",-83.107636864,42.2949283130001
1491,9885987,STATE FAIR,HAVANA,2016-12-09,9,12,2016,19,6,4,9,,4,0,,2,1,4,30,2,2,5,5,0,0,0,0,true,,true,false,true,false,false,,,,,,false,false,false,,,false,false,false,false,false,-83.11039,42.43944,"{
  ""coordinates"": [
    -8.311039214999990e+01,
    4.243944110600010e+01
  ],
  ""type"": ""Point""
}","{
  ""coordinates"": [
    -83.11039215,
    42.439441106
  ],
  ""type"": ""Point""
}",-83.1103921499999,42.4394411060001
1492,9887526,GRATIOT,VAN DYKE,2016-12-09,9,12,2016,16,6,4,3,,1,0,,1,2,1,30,7,2,2,5,0,0,0,0,true,,false,false,false,false,false,,,,,,false,false,false,,,false,false,false,false,false,-83.01448,42.37912,"{
  ""coordinates"": [
    -8.301448026900000e+01,
    4.237912209700000e+01
  ],
  ""type"": ""Point""
}","{
  ""coordinates"": [
    -83.014480269,
    42.379122097
  ],
  ""type"": ""Point""
}",-83.014480269,42.379122097
1493,9909764,E/B I-94,M-10,2016-12-09,9,12,2016,5,6,1,1,,1,1,,2,2,4,55,3,1,1,5,0,0,0,0,true,,false,false,false,false,false,,,,,,false,false,false,,,false,false,false,false,false,-83.07707,42.3584,"{
  ""coordinates"": [
    -8.307707220400000e+01,
    4.235840018000000e+01
  ],
  ""type"": ""Point""
}","{
  ""coordinates"": [
    -83.077072204,
    42.35840018
  ],
  ""type"": ""Point""
}",-83.077072204,42.35840018
1494,9885902,THIRD,HOWARD,2016-12-09,9,12,2016,22,6,5,9,,4,0,,2,5,4,35,1,2,4,4,0,0,0,1,false,,false,false,false,false,false,,,,,,false,false,true,,,false,false,false,false,false,-83.05567,42.32943,"{
  ""coordinates"": [
    -8.305566848399999e+01,
    4.232942866400000e+01
  ],
  ""type"": ""Point""
}","{
  ""coordinates"": [
    -83.055668484,
    42.329428664
  ],
  ""type"": ""Point""
}",-83.055668484,42.329428664
1495,9889112,CLAIRMOUNT,S M 10,2016-12-09,9,12,2016,23,6,4,9,,4,0,,1,2,4,30,9,2,4,3,0,0,2,0,false,,false,false,false,false,false,,,,,,false,false,false,,,false,false,false,false,false,-83.09031,42.37969,"{
  ""coordinates"": [
    -8.309030702200000e+01,
    4.237968761500010e+01
  ],
  ""type"": ""Point""
}","{
  ""coordinates"": [
    -83.090307022,
    42.379687615
  ],
  ""type"": ""Point""
}",-83.090307022,42.3796876150001
1496,9907824,S M 39,FORD,2016-12-09,9,12,2016,14,6,5,3,,1,0,,1,1,1,25,1,2,3,5,0,0,0,0,true,,false,false,false,false,false,,,,,,false,false,true,,,false,false,false,false,false,-83.21577,42.32907,"{
  ""coordinates"": [
    -8.321576430099999e+01,
    4.232906671900000e+01
  ],
  ""type"": ""Point""
}","{
  ""coordinates"": [
    -83.215764301,
    42.329066719
  ],
  ""type"": ""Point""
}",-83.215764301,42.329066719
1497,9889105,STRASBURG,7 MILE,2016-12-09,9,12,2016,15,6,1,9,,,0,,1,1,1,30,4,2,1,3,0,0,1,0,false,,false,false,false,false,false,,,,,,true,false,false,,,false,false,false,false,false,-82.99851,42.43454,"{
  ""coordinates"": [
    -8.299851177200000e+01,
    4.243453531800000e+01
  ],
  ""type"": ""Point""
}","{
  ""coordinates"": [
    -82.998511772,
    42.434535318
  ],
  ""type"": ""Point""
}",-82.998511772,42.434535318
1498,9907360,S/B I 75,SCHAEFER,2016-12-08,8,12,2016,3,5,8,1,,1,0,,3,5,1,55,3,2,2,5,0,0,0,0,true,,false,false,false,false,false,,,,,,false,false,false,,,false,false,false,false,false,-83.15469,42.27789,"{
  ""coordinates"": [
    -8.315468418200000e+01,
    4.227788357500000e+01
  ],
  ""type"": ""Point""
}","{
  ""coordinates"": [
    -83.154684182,
    42.277883575
  ],
  ""type"": ""Point""
}",-83.154684182,42.277883575
1499,9886003,WARREN,JOHN R,2016-12-08,8,12,2016,14,5,5,9,,4,0,,2,2,1,30,4,2,1,5,0,0,0,0,true,,false,false,true,false,false,,,,,,false,false,false,,,false,false,false,false,false,-83.0624,42.35746,"{
  ""coordinates"": [
    -8.306240407300000e+01,
    4.235745689900010e+01
  ],
  ""type"": ""Point""
}","{
  ""coordinates"": [
    -83.062404073,
    42.357456899
  ],
  ""type"": ""Point""
}",-83.062404073,42.3574568990001
1500,9884224,CHERRYLAWN,7 MILE,2016-12-08,8,12,2016,12,5,97,9,,,0,,1,2,1,30,4,3,4,3,0,0,1,0,false,,false,false,false,false,false,,,,,,false,false,true,,,false,false,false,false,false,-83.15548,42.43139,"{
  ""coordinates"": [
    -8.315547992400001e+01,
    4.243139124500000e+01
  ],
  ""type"": ""Point""
}","{
  ""coordinates"": [
    -83.155479924,
    42.431391245
  ],
  ""type"": ""Point""
}",-83.155479924,42.431391245
1501,9894777,N I 75,FORT,2016-12-08,8,12,2016,16,5,5,1,,1,0,,4,5,1,70,4,2,2,5,0,0,0,0,true,,false,false,false,false,false,,,,,,false,false,false,,,false,false,false,false,false,-83.15245,42.27866,"{
  ""coordinates"": [
    -8.315245176900000e+01,
    4.227866008000010e+01
  ],
  ""type"": ""Point""
}","{
  ""coordinates"": [
    -83.152451769,
    42.27866008
  ],
  ""type"": ""Point""
}",-83.152451769,42.2786600800001
1502,9900378,I-94,MT ELLIOT,2016-12-08,8,12,2016,20,5,5,1,,1,0,,1,1,4,55,3,2,1,5,0,0,0,0,true,,false,false,true,false,false,,,,,,false,false,true,,,false,false,false,false,false,-83.03524,42.37838,"{
  ""coordinates"": [
    -8.303523736600000e+01,
    4.237837926000000e+01
  ],
  ""type"": ""Point""
}","{
  ""coordinates"": [
    -83.035237366,
    42.37837926
  ],
  ""type"": ""Point""
}",-83.035237366,42.37837926
1503,9894772,I-94,LIVERNOIS,2016-12-08,8,12,2016,12,5,8,1,,1,0,,1,5,1,55,3,2,2,5,0,0,0,0,true,,false,false,false,false,false,,,,,,false,false,true,,,false,false,false,false,false,-83.12452,42.33745,"{
  ""coordinates"": [
    -8.312452040800000e+01,
    4.233745366800010e+01
  ],
  ""type"": ""Point""
}","{
  ""coordinates"": [
    -83.124520408,
    42.337453668
  ],
  ""type"": ""Point""
}",-83.124520408,42.3374536680001
1504,9885930,DIX,MELLON,2016-12-08,8,12,2016,5,5,97,9,,2,1,,3,1,4,35,4,1,1,5,0,0,0,0,true,,false,false,false,false,false,,,,,,false,false,false,,,false,false,false,false,false,-83.15685,42.29005,"{
  ""coordinates"": [
    -8.315684399799990e+01,
    4.229005221000010e+01
  ],
  ""type"": ""Point""
}","{
  ""coordinates"": [
    -83.156843998,
    42.29005221
  ],
  ""type"": ""Point""
}",-83.1568439979999,42.2900522100001
1505,9885979,EIGHT MILE,WOODWARD,2016-12-08,8,12,2016,11,5,7,3,,1,0,,4,5,1,40,4,2,2,5,0,0,0,0,true,,false,false,false,false,false,,,,,,false,false,true,,,false,false,false,false,false,-83.12428,42.44652,"{
  ""coordinates"": [
    -8.312428337599989e+01,
    4.244652222200010e+01
  ],
  ""type"": ""Point""
}","{
  ""coordinates"": [
    -83.124283376,
    42.446522222
  ],
  ""type"": ""Point""
}",-83.1242833759999,42.4465222220001
1506,9884220,RAMP 103B,S M 10,2016-12-08,8,12,2016,15,5,5,3,,1,0,,4,1,3,0,2,2,2,5,0,0,0,0,true,,false,false,false,false,false,,,,,,false,false,false,,,false,false,false,false,false,-83.18558,42.42929,"{
  ""coordinates"": [
    -8.318557567300000e+01,
    4.242929588200010e+01
  ],
  ""type"": ""Point""
}","{
  ""coordinates"": [
    -83.185575673,
    42.429295882
  ],
  ""type"": ""Point""
}",-83.185575673,42.4292958820001
1507,9886005,WARREN,N M 10,2016-12-08,8,12,2016,15,5,8,9,,4,0,,3,2,1,30,5,3,3,4,0,0,0,1,false,,false,false,false,false,false,,,,,,false,true,true,,,false,false,false,false,false,-83.07343,42.35394,"{
  ""coordinates"": [
    -8.307343143000000e+01,
    4.235393852000000e+01
  ],
  ""type"": ""Point""
}","{
  ""coordinates"": [
    -83.07343143,
    42.35393852
  ],
  ""type"": ""Point""
}",-83.07343143,42.35393852
1508,9885939,LAFAYETTE,HOWARD,2016-12-08,8,12,2016,17,5,8,9,,4,0,,3,5,3,30,4,2,1,5,0,0,0,0,true,,false,false,false,false,false,,,,,,false,false,false,,,false,false,false,false,false,-83.08332,42.3185,"{
  ""coordinates"": [
    -8.308332253799990e+01,
    4.231850189200000e+01
  ],
  ""type"": ""Point""
}","{
  ""coordinates"": [
    -83.083322538,
    42.318501892
  ],
  ""type"": ""Point""
}",-83.0833225379999,42.318501892
1509,9887508,WOODWARD,MACK,2016-12-08,8,12,2016,17,5,8,3,,1,0,,2,5,1,35,6,2,2,5,0,0,0,0,true,,false,false,false,false,false,,,,,,false,true,false,,,false,false,false,false,false,-83.05788,42.3474,"{
  ""coordinates"": [
    -8.305788521999990e+01,
    4.234740525800000e+01
  ],
  ""type"": ""Point""
}","{
  ""coordinates"": [
    -83.05788522,
    42.347405258
  ],
  ""type"": ""Point""
}",-83.0578852199999,42.347405258
1510,9884211,7 MILE,GIRARDIN,2016-12-08,8,12,2016,11,5,8,9,,4,0,,2,2,1,30,4,2,3,5,0,0,0,0,true,,false,false,true,false,false,,,,,,false,true,false,,,false,false,false,false,false,-83.0354,42.43374,"{
  ""coordinates"": [
    -8.303540178799990e+01,
    4.243374015300000e+01
  ],
  ""type"": ""Point""
}","{
  ""coordinates"": [
    -83.035401788,
    42.433740153
  ],
  ""type"": ""Point""
}",-83.0354017879999,42.433740153
1511,9884218,BIRWOOD,OUTER,2016-12-08,8,12,2016,8,5,1,9,,,0,,1,1,1,0,2,2,1,5,0,0,0,0,true,,false,false,false,false,false,,,,,,true,false,true,,,false,false,false,false,false,-83.16544,42.43485,"{
  ""coordinates"": [
    -8.316544112400000e+01,
    4.243485073300010e+01
  ],
  ""type"": ""Point""
}","{
  ""coordinates"": [
    -83.165441124,
    42.434850733
  ],
  ""type"": ""Point""
}",-83.165441124,42.4348507330001
1512,9922138,W/I-96,M-39,2016-12-08,8,12,2016,14,5,97,1,,1,0,,4,2,1,70,3,2,1,5,0,0,0,0,true,,false,false,false,false,false,,,,,,false,false,false,,,false,false,false,false,false,-83.21497,42.37882,"{
  ""coordinates"": [
    -8.321496733399989e+01,
    4.237881898100010e+01
  ],
  ""type"": ""Point""
}","{
  ""coordinates"": [
    -83.214967334,
    42.378818981
  ],
  ""type"": ""Point""
}",-83.2149673339999,42.3788189810001
1513,9884196,SCHOOLCRAFT,EVERGREEN,2016-12-08,8,12,2016,14,5,5,9,,2,0,,2,5,1,35,4,2,2,5,0,0,0,0,true,,false,false,false,false,false,,,,,,false,false,false,,,false,false,false,false,false,-83.23669,42.38626,"{
  ""coordinates"": [
    -8.323668766100000e+01,
    4.238625528600010e+01
  ],
  ""type"": ""Point""
}","{
  ""coordinates"": [
    -83.236687661,
    42.386255286
  ],
  ""type"": ""Point""
}",-83.236687661,42.3862552860001
1514,9933984,M-39,PLYMOUTH,2016-12-08,8,12,2016,9,5,5,3,,1,0,,1,5,2,55,3,2,3,5,0,0,0,0,true,,false,false,false,false,false,,,,,,false,false,false,,,false,false,false,false,false,-83.21667,42.37008,"{
  ""coordinates"": [
    -8.321666398300000e+01,
    4.237007904000010e+01
  ],
  ""type"": ""Point""
}","{
  ""coordinates"": [
    -83.216663983,
    42.37007904
  ],
  ""type"": ""Point""
}",-83.216663983,42.3700790400001
1515,9884216,8-MILE,BRANDFORD,2016-12-08,8,12,2016,12,5,5,3,,1,0,,3,5,1,35,4,2,2,5,0,0,0,0,true,,false,false,false,false,false,,,,,,false,false,false,,,false,false,false,false,false,-83.02332,42.44819,"{
  ""coordinates"": [
    -8.302331429100001e+01,
    4.244819449100000e+01
  ],
  ""type"": ""Point""
}","{
  ""coordinates"": [
    -83.023314291,
    42.448194491
  ],
  ""type"": ""Point""
}",-83.023314291,42.448194491
1516,9912849,E/B I-96,I-94,2016-12-08,8,12,2016,14,5,5,1,,1,0,,3,2,1,55,3,2,3,5,0,0,0,0,true,,false,false,true,false,false,,,,,,false,false,true,,,false,false,false,false,false,-83.10705,42.35438,"{
  ""coordinates"": [
    -8.310704810599999e+01,
    4.235437733200010e+01
  ],
  ""type"": ""Point""
}","{
  ""coordinates"": [
    -83.107048106,
    42.354377332
  ],
  ""type"": ""Point""
}",-83.107048106,42.3543773320001
1517,9894776,FORT,SPRINGWELLS,2016-12-08,8,12,2016,18,5,5,3,,1,0,,2,2,4,40,5,2,2,5,0,0,0,0,true,,false,false,false,false,false,,,,,,false,false,false,,,false,false,false,false,false,-83.11909,42.30023,"{
  ""coordinates"": [
    -8.311908918800000e+01,
    4.230023226900000e+01
  ],
  ""type"": ""Point""
}","{
  ""coordinates"": [
    -83.119089188,
    42.300232269
  ],
  ""type"": ""Point""
}",-83.119089188,42.300232269
1518,9894774,I-96,M-39,2016-12-08,8,12,2016,14,5,1,1,,1,1,,4,8,1,55,3,1,1,5,0,0,0,0,true,,false,false,false,false,false,,,,,,false,false,false,,,false,false,false,false,false,-83.21651,42.37864,"{
  ""coordinates"": [
    -8.321651753600000e+01,
    4.237864158000010e+01
  ],
  ""type"": ""Point""
}","{
  ""coordinates"": [
    -83.216517536,
    42.37864158
  ],
  ""type"": ""Point""
}",-83.216517536,42.3786415800001
1519,9885910,LIVERNOIS,I 75,2016-12-08,8,12,2016,15,5,5,9,,4,0,,3,5,1,25,2,2,3,5,0,0,0,0,true,,false,false,false,false,false,,,,,,false,false,false,,,false,false,false,false,false,-83.10405,42.30744,"{
  ""coordinates"": [
    -8.310405193199990e+01,
    4.230744163900000e+01
  ],
  ""type"": ""Point""
}","{
  ""coordinates"": [
    -83.104051932,
    42.307441639
  ],
  ""type"": ""Point""
}",-83.1040519319999,42.307441639
1520,9885938,W I 96 CD,EVERGREEN,2016-12-08,8,12,2016,11,5,1,1,,1,1,,4,5,4,0,3,1,1,5,0,0,0,0,true,,false,false,false,false,false,,,,,,false,false,false,,,false,false,false,false,false,-83.2366,42.38063,"{
  ""coordinates"": [
    -8.323659769600000e+01,
    4.238062665600010e+01
  ],
  ""type"": ""Point""
}","{
  ""coordinates"": [
    -83.236597696,
    42.380626656
  ],
  ""type"": ""Point""
}",-83.236597696,42.3806266560001
1521,9884226,WYOMING,CURTIS,2016-12-08,8,12,2016,13,5,5,9,,4,0,,2,5,1,0,2,2,1,5,0,0,0,0,true,,false,false,false,false,false,,,,,,false,true,false,,,false,false,false,false,false,-83.16071,42.42422,"{
  ""coordinates"": [
    -8.316071250700000e+01,
    4.242421817800000e+01
  ],
  ""type"": ""Point""
}","{
  ""coordinates"": [
    -83.160712507,
    42.424218178
  ],
  ""type"": ""Point""
}",-83.160712507,42.424218178
1522,9896381,RANDOLPH,JEFFERSON,2016-12-08,8,12,2016,18,5,4,3,,4,0,,1,1,4,0,3,2,2,5,0,0,0,0,true,,true,true,false,false,false,,,,,,false,false,true,,,false,false,false,false,false,-83.04184,42.32965,"{
  ""coordinates"": [
    -8.304183715399989e+01,
    4.232965395700010e+01
  ],
  ""type"": ""Point""
}","{
  ""coordinates"": [
    -83.041837154,
    42.329653957
  ],
  ""type"": ""Point""
}",-83.0418371539999,42.3296539570001
1523,9910790,WOODBRIDGE,ADAIR,2016-12-08,8,12,2016,12,5,97,9,,,0,,2,1,1,0,1,2,1,5,0,0,0,0,true,,false,false,false,false,false,,,,,,false,false,false,,,false,false,false,false,false,-83.01404,42.34104,"{
  ""coordinates"": [
    -8.301403541600000e+01,
    4.234103716100000e+01
  ],
  ""type"": ""Point""
}","{
  ""coordinates"": [
    -83.014035416,
    42.341037161
  ],
  ""type"": ""Point""
}",-83.014035416,42.341037161
1524,9885916,BEARD,ARMY,2016-12-08,8,12,2016,15,5,8,9,,,0,,2,2,1,25,1,2,0,5,0,0,0,0,true,,false,false,true,false,false,,,,,,false,false,false,,,false,false,false,false,false,-83.11344,42.30726,"{
  ""coordinates"": [
    -8.311344481299990e+01,
    4.230726412100010e+01
  ],
  ""type"": ""Point""
}","{
  ""coordinates"": [
    -83.113444813,
    42.307264121
  ],
  ""type"": ""Point""
}",-83.1134448129999,42.3072641210001
1525,9884222,STEEL,CAMBRIDGE,2016-12-08,8,12,2016,3,5,5,9,,,3,,1,2,4,25,2,2,1,5,0,0,0,0,true,,false,false,false,false,false,,,,,,false,false,true,,,false,false,false,false,false,-83.17297,42.4334,"{
  ""coordinates"": [
    -8.317297415199990e+01,
    4.243339355100010e+01
  ],
  ""type"": ""Point""
}","{
  ""coordinates"": [
    -83.172974152,
    42.433393551
  ],
  ""type"": ""Point""
}",-83.1729741519999,42.4333935510001
1526,9887522,WARREN,SHERIDAN,2016-12-08,8,12,2016,8,5,5,9,,4,0,,1,2,1,35,3,2,2,4,0,0,0,1,false,,false,false,true,false,false,,,,,,false,false,false,,,false,false,false,false,false,-83.0166,42.37451,"{
  ""coordinates"": [
    -8.301660250399991e+01,
    4.237450699700000e+01
  ],
  ""type"": ""Point""
}","{
  ""coordinates"": [
    -83.016602504,
    42.374506997
  ],
  ""type"": ""Point""
}",-83.0166025039999,42.374506997
1527,9885924,MICHIGAN,CENTRAL,2016-12-08,8,12,2016,13,5,1,2,,1,0,,4,5,1,35,4,2,0,4,0,0,0,1,false,,false,false,true,false,false,,,,,,true,false,false,,,false,false,false,false,false,-83.13737,42.3311,"{
  ""coordinates"": [
    -8.313737402399990e+01,
    4.233109555600000e+01
  ],
  ""type"": ""Point""
}","{
  ""coordinates"": [
    -83.137374024,
    42.331095556
  ],
  ""type"": ""Point""
}",-83.1373740239999,42.331095556
1528,9891823,N M 10 SERVICE DRIVE,WARREN,2016-12-08,8,12,2016,17,5,5,9,,4,0,,3,5,2,35,5,2,2,5,0,0,0,0,true,,false,false,true,false,false,,,,,,false,false,false,,,false,false,false,false,false,-83.07298,42.35387,"{
  ""coordinates"": [
    -8.307297856000000e+01,
    4.235386817800000e+01
  ],
  ""type"": ""Point""
}","{
  ""coordinates"": [
    -83.07297856,
    42.353868178
  ],
  ""type"": ""Point""
}",-83.07297856,42.353868178
1529,9894773,I-96,TELEGRAPH,2016-12-08,8,12,2016,14,5,5,1,,1,0,,4,5,1,55,4,2,2,5,0,0,0,0,true,,false,false,false,false,false,,,,,,false,false,true,,,false,false,false,false,false,-83.27115,42.38563,"{
  ""coordinates"": [
    -8.327114726799989e+01,
    4.238562720300010e+01
  ],
  ""type"": ""Point""
}","{
  ""coordinates"": [
    -83.271147268,
    42.385627203
  ],
  ""type"": ""Point""
}",-83.2711472679999,42.3856272030001
1530,9885926,FORT,VISGER,2016-12-08,8,12,2016,16,5,5,3,,1,0,,3,5,1,40,3,2,1,5,0,0,0,0,true,,false,false,false,false,false,,,,,,false,false,true,,,false,false,false,false,false,-83.16195,42.26857,"{
  ""coordinates"": [
    -8.316195054799989e+01,
    4.226857080900000e+01
  ],
  ""type"": ""Point""
}","{
  ""coordinates"": [
    -83.161950548,
    42.268570809
  ],
  ""type"": ""Point""
}",-83.1619505479999,42.268570809
1531,9885908,GRAND,DEXTER,2016-12-08,8,12,2016,9,5,5,9,,,0,,1,2,1,35,3,2,2,5,0,0,0,0,true,,false,false,false,false,false,,,,,,false,false,false,,,false,false,false,false,false,-83.13148,42.39152,"{
  ""coordinates"": [
    -8.313148759800001e+01,
    4.239152158100010e+01
  ],
  ""type"": ""Point""
}","{
  ""coordinates"": [
    -83.131487598,
    42.391521581
  ],
  ""type"": ""Point""
}",-83.131487598,42.3915215810001
1532,9885904,CASS,I 75 SERVICE,2016-12-08,8,12,2016,15,5,5,9,,4,0,,2,5,1,0,2,2,1,5,0,0,0,0,true,,false,false,true,false,false,,,,,,false,false,false,,,false,false,false,false,false,-83.05635,42.33791,"{
  ""coordinates"": [
    -8.305635138000000e+01,
    4.233790476800000e+01
  ],
  ""type"": ""Point""
}","{
  ""coordinates"": [
    -83.05635138,
    42.337904768
  ],
  ""type"": ""Point""
}",-83.05635138,42.337904768
1533,9887500,LARNED,I-375,2016-12-08,8,12,2016,17,5,8,9,,4,0,,3,5,1,25,3,2,2,5,0,0,0,0,true,,false,false,false,false,false,,,,,,false,false,false,,,false,false,false,false,false,-83.03683,42.33305,"{
  ""coordinates"": [
    -8.303683601400000e+01,
    4.233305088500000e+01
  ],
  ""type"": ""Point""
}","{
  ""coordinates"": [
    -83.036836014,
    42.333050885
  ],
  ""type"": ""Point""
}",-83.036836014,42.333050885
1534,9885898,BRUSH,MACK,2016-12-08,8,12,2016,17,5,4,9,,,0,,2,4,4,25,4,2,2,5,0,0,0,0,true,,false,false,false,false,false,,,,,,false,false,true,,,false,false,false,false,false,-83.05376,42.34934,"{
  ""coordinates"": [
    -8.305375656699989e+01,
    4.234934037000000e+01
  ],
  ""type"": ""Point""
}","{
  ""coordinates"": [
    -83.053756567,
    42.34934037
  ],
  ""type"": ""Point""
}",-83.0537565669999,42.34934037
1535,9884187,JOHN R,MARSTON,2016-12-08,8,12,2016,11,5,4,9,,4,0,,1,2,1,25,4,2,2,5,0,0,0,0,true,,true,false,true,false,false,,,,,,false,false,false,,,false,false,false,false,false,-83.0742,42.37572,"{
  ""coordinates"": [
    -8.307420259199991e+01,
    4.237571678700000e+01
  ],
  ""type"": ""Point""
}","{
  ""coordinates"": [
    -83.074202592,
    42.375716787
  ],
  ""type"": ""Point""
}",-83.0742025919999,42.375716787
1536,9884180,FOREST,JOHN C LODGE SER,2016-12-08,8,12,2016,15,5,5,9,,4,0,,2,4,1,25,1,2,2,5,0,0,0,0,true,,false,false,false,false,false,,,,,,false,false,true,,,false,false,false,false,false,-83.07166,42.35177,"{
  ""coordinates"": [
    -8.307165228799990e+01,
    4.235176666700000e+01
  ],
  ""type"": ""Point""
}","{
  ""coordinates"": [
    -83.071652288,
    42.351766667
  ],
  ""type"": ""Point""
}",-83.0716522879999,42.351766667
1537,9887495,I-96,VIRGIL,2016-12-08,8,12,2016,15,5,1,1,,1,1,,3,5,1,70,4,1,1,5,0,0,0,0,true,,false,false,false,false,false,,,,,,false,false,true,,,false,false,false,false,false,-83.27296,42.38534,"{
  ""coordinates"": [
    -8.327295436199999e+01,
    4.238533847600010e+01
  ],
  ""type"": ""Point""
}","{
  ""coordinates"": [
    -83.272954362,
    42.385338476
  ],
  ""type"": ""Point""
}",-83.272954362,42.3853384760001
1538,9890279,S M 10 SERVICE DRIVE,FOREST,2016-12-08,8,12,2016,19,5,5,9,,4,0,,3,8,4,30,3,2,2,5,0,0,0,0,true,,false,false,false,false,false,,,,,,false,false,true,,,false,false,false,false,false,-83.07265,42.35147,"{
  ""coordinates"": [
    -8.307265820700000e+01,
    4.235147331800000e+01
  ],
  ""type"": ""Point""
}","{
  ""coordinates"": [
    -83.072658207,
    42.351473318
  ],
  ""type"": ""Point""
}",-83.072658207,42.351473318
1539,9885931,W I 96,EVERGREEN,2016-12-08,8,12,2016,14,5,5,1,,1,0,,3,5,1,25,3,2,2,5,0,0,0,0,true,,false,false,false,false,false,,,,,,false,false,false,,,false,false,false,false,false,-83.23662,42.38044,"{
  ""coordinates"": [
    -8.323661577199989e+01,
    4.238044129100010e+01
  ],
  ""type"": ""Point""
}","{
  ""coordinates"": [
    -83.236615772,
    42.380441291
  ],
  ""type"": ""Point""
}",-83.2366157719999,42.3804412910001