ObjectId,Crash ID,Primary Road,Intersecting Road,Crash Date,Day,Month,Year,Hour,Weekday,Crash Type Code,Highway Classification Code,Community Code,Jurisdiction Code,Lane Departure Type Code,Surface Type,Road Condition,Weather Condition,Lighting Condition,Speed Limit,Lanes,Units,Occupants,Most Severe Injury,Fatal Injuries,Suspected Serious Injuries,Suspected Minor Injuries,Possible Injuries,Property Damage Only,Secondary Crash,Traffic Control,Red Light Run,Hit and Run,Alcohol,Drugs,Unbelted Person,Work Zone,Speeding Driver,Distracted Driver,Driveway,Pedestrian,Elderly Driver,Young Driver,Commercial Vehicle,Emergency Vehicles,Train,School Bus,Motorcycle,Bicycle,Deer,Longitude,Latitude,geom,geog,x,y
1712,9882853,WARREN,MINOCK,2016-12-06,6,12,2016,15,3,97,9,,2,0,,2,2,1,35,4,3,3,4,0,0,0,1,false,,false,false,false,false,false,,,,,,false,false,false,,,false,false,false,false,false,-83.23172,42.34318,"{
  ""coordinates"": [
    -8.323172248899991e+01,
    4.234318110400010e+01
  ],
  ""type"": ""Point""
}","{
  ""coordinates"": [
    -83.231722489,
    42.343181104
  ],
  ""type"": ""Point""
}",-83.2317224889999,42.3431811040001
1713,9885899,WOODWARD,BALTIMORE,2016-12-06,6,12,2016,18,3,8,3,,1,0,,2,4,3,35,2,2,2,5,0,0,0,0,true,,false,false,true,false,false,,,,,,false,false,false,,,false,false,false,false,false,-83.07214,42.36849,"{
  ""coordinates"": [
    -8.307214237100000e+01,
    4.236848937300000e+01
  ],
  ""type"": ""Point""
}","{
  ""coordinates"": [
    -83.072142371,
    42.368489373
  ],
  ""type"": ""Point""
}",-83.072142371,42.368489373
1714,9881495,JEFFERSON,BRENNAN,2016-12-06,6,12,2016,17,3,5,9,,4,0,,2,4,4,30,2,2,1,4,0,0,0,1,false,,false,false,false,false,false,,,,,,false,false,false,,,false,false,false,false,false,-83.12685,42.28248,"{
  ""coordinates"": [
    -8.312685162799990e+01,
    4.228247746800000e+01
  ],
  ""type"": ""Point""
}","{
  ""coordinates"": [
    -83.126851628,
    42.282477468
  ],
  ""type"": ""Point""
}",-83.1268516279999,42.282477468
1715,9881448,W/B DAVISON,I-96,2016-12-06,6,12,2016,23,3,1,1,,1,1,,2,1,4,55,3,1,1,5,0,0,0,0,true,,false,false,false,false,false,,,,,,false,false,true,,,false,false,false,false,false,-83.14679,42.38166,"{
  ""coordinates"": [
    -8.314679140899990e+01,
    4.238166397700010e+01
  ],
  ""type"": ""Point""
}","{
  ""coordinates"": [
    -83.146791409,
    42.381663977
  ],
  ""type"": ""Point""
}",-83.1467914089999,42.3816639770001
1716,9881497,CONNER,CHANDLER,2016-12-06,6,12,2016,16,3,5,9,,4,0,,2,2,1,35,4,2,3,5,0,0,0,0,true,,false,false,false,false,false,,,,,,false,true,false,,,false,false,false,false,false,-82.98289,42.39278,"{
  ""coordinates"": [
    -8.298289764400000e+01,
    4.239278381700010e+01
  ],
  ""type"": ""Point""
}","{
  ""coordinates"": [
    -82.982897644,
    42.392783817
  ],
  ""type"": ""Point""
}",-82.982897644,42.3927838170001
1717,9881468,M-39,FORD,2016-12-06,6,12,2016,18,3,8,3,,1,0,,2,4,4,55,3,2,2,5,0,0,0,0,true,,false,false,false,false,false,,,,,,false,true,false,,,false,false,false,false,false,-83.21577,42.32937,"{
  ""coordinates"": [
    -8.321577620200000e+01,
    4.232937057600000e+01
  ],
  ""type"": ""Point""
}","{
  ""coordinates"": [
    -83.215776202,
    42.329370576
  ],
  ""type"": ""Point""
}",-83.215776202,42.329370576
1718,9911929,I 75,CANIFF,2016-12-06,6,12,2016,16,3,97,9,,4,0,,2,4,1,55,4,3,3,5,0,0,0,0,true,,false,false,true,false,false,,,,,,false,false,false,,,false,false,false,false,false,-83.06943,42.39291,"{
  ""coordinates"": [
    -8.306942707800000e+01,
    4.239290881800010e+01
  ],
  ""type"": ""Point""
}","{
  ""coordinates"": [
    -83.069427078,
    42.392908818
  ],
  ""type"": ""Point""
}",-83.069427078,42.3929088180001
1719,9885928,LAWNDALE,LANE,2016-12-06,6,12,2016,12,3,97,9,,4,0,,1,1,1,25,4,2,2,5,0,0,0,0,true,,false,false,false,false,false,,,,,,false,true,false,,,false,false,false,false,false,-83.12989,42.30538,"{
  ""coordinates"": [
    -8.312989286600001e+01,
    4.230538116700010e+01
  ],
  ""type"": ""Point""
}","{
  ""coordinates"": [
    -83.129892866,
    42.305381167
  ],
  ""type"": ""Point""
}",-83.129892866,42.3053811670001
1720,9882878,DAVISON,SANTA ROSA,2016-12-06,6,12,2016,10,3,5,3,,1,0,,1,2,1,35,4,2,2,5,0,0,0,0,true,,false,false,false,false,false,,,,,,false,false,false,,,false,false,false,false,false,-83.14131,42.38643,"{
  ""coordinates"": [
    -8.314131267399991e+01,
    4.238642834900000e+01
  ],
  ""type"": ""Point""
}","{
  ""coordinates"": [
    -83.141312674,
    42.386428349
  ],
  ""type"": ""Point""
}",-83.1413126739999,42.386428349
1721,9909773,I-96,M-39,2016-12-06,6,12,2016,18,3,5,1,,1,0,,2,4,4,55,3,2,2,5,0,0,0,0,true,,false,false,true,false,false,,,,,,false,true,false,,,false,false,false,false,false,-83.22679,42.37786,"{
  ""coordinates"": [
    -8.322679519000000e+01,
    4.237786565400010e+01
  ],
  ""type"": ""Point""
}","{
  ""coordinates"": [
    -83.22679519,
    42.377865654
  ],
  ""type"": ""Point""
}",-83.22679519,42.3778656540001
1722,9881491,CASS,BAGLEY,2016-12-06,6,12,2016,18,3,97,9,,4,0,,2,1,4,25,4,2,2,5,0,0,0,0,true,,false,false,false,false,false,,,,,,false,true,false,,,false,false,false,false,false,-83.05392,42.33374,"{
  ""coordinates"": [
    -8.305392177100001e+01,
    4.233374410200000e+01
  ],
  ""type"": ""Point""
}","{
  ""coordinates"": [
    -83.053921771,
    42.333744102
  ],
  ""type"": ""Point""
}",-83.053921771,42.333744102
1723,9884181,N M 10,RAMP 109D,2016-12-06,6,12,2016,12,3,5,3,,1,0,,1,2,1,35,3,2,2,5,0,0,0,0,true,,false,false,false,false,false,,,,,,false,false,false,,,false,false,false,false,false,-83.10771,42.39561,"{
  ""coordinates"": [
    -8.310771260699990e+01,
    4.239560997300000e+01
  ],
  ""type"": ""Point""
}","{
  ""coordinates"": [
    -83.107712607,
    42.395609973
  ],
  ""type"": ""Point""
}",-83.1077126069999,42.395609973
1724,9882828,HORATIO,GILBERT,2016-12-06,6,12,2016,13,3,4,9,,,0,,2,4,1,25,2,2,2,5,0,0,0,0,true,,true,false,false,false,false,,,,,,false,false,false,,,false,false,false,false,false,-83.12515,42.33533,"{
  ""coordinates"": [
    -8.312515617199990e+01,
    4.233533616300010e+01
  ],
  ""type"": ""Point""
}","{
  ""coordinates"": [
    -83.125156172,
    42.335336163
  ],
  ""type"": ""Point""
}",-83.1251561719999,42.3353361630001
1725,9904962,HICKORY,MANNING,2016-12-06,6,12,2016,20,3,4,9,,,0,,1,1,4,0,1,2,1,5,0,0,0,0,true,,true,false,true,false,false,,,,,,false,false,false,,,false,false,false,false,false,-82.98775,42.44054,"{
  ""coordinates"": [
    -8.298774702000000e+01,
    4.244053956300010e+01
  ],
  ""type"": ""Point""
}","{
  ""coordinates"": [
    -82.98774702,
    42.440539563
  ],
  ""type"": ""Point""
}",-82.98774702,42.4405395630001
1726,9881485,M-39,8 MILE,2016-12-06,6,12,2016,18,3,8,3,,1,0,,2,4,4,55,3,2,2,5,0,0,0,0,true,,false,false,false,false,false,,,,,,false,false,true,,,false,false,false,false,false,-83.21952,42.43693,"{
  ""coordinates"": [
    -8.321951705799999e+01,
    4.243693034600010e+01
  ],
  ""type"": ""Point""
}","{
  ""coordinates"": [
    -83.219517058,
    42.436930346
  ],
  ""type"": ""Point""
}",-83.219517058,42.4369303460001
1727,9884192,BURT,CATHEDRAL,2016-12-06,6,12,2016,16,3,97,9,,,0,,1,1,1,25,2,2,2,5,0,0,0,0,true,,false,false,false,false,false,,,,,,false,false,false,,,false,true,false,false,false,-83.24581,42.3623,"{
  ""coordinates"": [
    -8.324580838999999e+01,
    4.236230162400010e+01
  ],
  ""type"": ""Point""
}","{
  ""coordinates"": [
    -83.24580839,
    42.362301624
  ],
  ""type"": ""Point""
}",-83.24580839,42.3623016240001
1728,9881462,I 94,MT ELLIOT,2016-12-06,6,12,2016,14,3,5,1,,1,0,,2,4,1,55,3,2,2,4,0,0,0,1,false,,false,false,false,false,false,,,,,,false,false,true,,,false,false,false,false,false,-83.03463,42.37867,"{
  ""coordinates"": [
    -8.303462903799991e+01,
    4.237866730300000e+01
  ],
  ""type"": ""Point""
}","{
  ""coordinates"": [
    -83.034629038,
    42.378667303
  ],
  ""type"": ""Point""
}",-83.0346290379999,42.378667303
1729,9882879,DAVISON,SANTA ROSA,2016-12-06,6,12,2016,10,3,5,3,,1,0,,1,2,1,35,2,2,2,5,0,0,0,0,true,,false,false,false,false,false,,,,,,false,false,false,,,false,false,false,false,false,-83.14156,42.38658,"{
  ""coordinates"": [
    -8.314155670500000e+01,
    4.238658198000010e+01
  ],
  ""type"": ""Point""
}","{
  ""coordinates"": [
    -83.141556705,
    42.38658198
  ],
  ""type"": ""Point""
}",-83.141556705,42.3865819800001
1730,9882876,DAVISON,ROSA PARKS,2016-12-06,6,12,2016,11,3,5,3,,1,0,,1,1,1,35,3,2,2,5,0,0,0,0,true,,false,false,false,false,false,,,,,,false,false,false,,,false,false,false,false,false,-83.11307,42.3964,"{
  ""coordinates"": [
    -8.311306854199999e+01,
    4.239639556400000e+01
  ],
  ""type"": ""Point""
}","{
  ""coordinates"": [
    -83.113068542,
    42.396395564
  ],
  ""type"": ""Point""
}",-83.113068542,42.396395564
1731,9881519,WARD,CHIPPEWA,2016-12-06,6,12,2016,1,3,8,9,,,0,,1,1,4,25,2,2,1,3,0,0,1,0,false,,false,false,false,true,false,,,,,,false,false,false,,,false,false,false,false,false,-83.17544,42.44103,"{
  ""coordinates"": [
    -8.317544019199990e+01,
    4.244103103400000e+01
  ],
  ""type"": ""Point""
}","{
  ""coordinates"": [
    -83.175440192,
    42.441031034
  ],
  ""type"": ""Point""
}",-83.1754401919999,42.441031034
1732,9882854,WARREN,RUTLAND,2016-12-06,6,12,2016,18,3,5,9,,2,0,,2,4,4,35,4,2,2,5,0,0,0,0,true,,false,false,false,false,false,,,,,,false,false,true,,,false,false,false,false,false,-83.21232,42.34343,"{
  ""coordinates"": [
    -8.321232124999990e+01,
    4.234342982700010e+01
  ],
  ""type"": ""Point""
}","{
  ""coordinates"": [
    -83.21232125,
    42.343429827
  ],
  ""type"": ""Point""
}",-83.2123212499999,42.3434298270001
1733,9881500,GRATIOT,VAN DYKE,2016-12-06,6,12,2016,14,3,8,3,,1,0,,2,1,1,35,4,2,10,5,0,0,0,0,true,,false,false,false,false,false,,,,,,false,false,false,,,false,false,false,false,false,-83.01468,42.37882,"{
  ""coordinates"": [
    -8.301467939699999e+01,
    4.237882128200000e+01
  ],
  ""type"": ""Point""
}","{
  ""coordinates"": [
    -83.014679397,
    42.378821282
  ],
  ""type"": ""Point""
}",-83.014679397,42.378821282
1734,9882868,GRAND RIVER,HEYDEN,2016-12-06,6,12,2016,21,3,4,3,,1,0,,2,4,4,35,5,2,3,5,0,0,0,0,true,,false,false,true,false,false,,,,,,false,false,true,,,false,false,false,false,false,-83.23949,42.40922,"{
  ""coordinates"": [
    -8.323948331500000e+01,
    4.240922255400010e+01
  ],
  ""type"": ""Point""
}","{
  ""coordinates"": [
    -83.239483315,
    42.409222554
  ],
  ""type"": ""Point""
}",-83.239483315,42.4092225540001
1735,9882859,8 MILE,LAHSER,2016-12-06,6,12,2016,19,3,5,3,,1,0,,1,1,5,40,2,2,2,5,0,0,0,0,true,,false,false,true,false,false,,,,,,false,false,false,,,false,false,false,false,false,-83.25855,42.44324,"{
  ""coordinates"": [
    -8.325855068000000e+01,
    4.244324073300000e+01
  ],
  ""type"": ""Point""
}","{
  ""coordinates"": [
    -83.25855068,
    42.443240733
  ],
  ""type"": ""Point""
}",-83.25855068,42.443240733
1736,9881444,S I 75,SPRINGWELLS,2016-12-06,6,12,2016,18,3,5,1,,1,0,,2,4,4,70,4,3,3,5,0,0,0,0,true,,false,false,false,false,false,,,,,,false,false,true,,,false,false,false,false,false,-83.11902,42.30169,"{
  ""coordinates"": [
    -8.311901493499990e+01,
    4.230168881400000e+01
  ],
  ""type"": ""Point""
}","{
  ""coordinates"": [
    -83.119014935,
    42.301688814
  ],
  ""type"": ""Point""
}",-83.1190149349999,42.301688814
1737,9881449,N M 10,RAMP 122L,2016-12-06,6,12,2016,18,3,5,3,,1,0,,2,2,4,55,3,3,3,4,0,0,0,2,false,,false,false,false,false,false,,,,,,false,false,false,,,false,false,false,false,false,-83.06578,42.33844,"{
  ""coordinates"": [
    -8.306577947300001e+01,
    4.233844470300010e+01
  ],
  ""type"": ""Point""
}","{
  ""coordinates"": [
    -83.065779473,
    42.338444703
  ],
  ""type"": ""Point""
}",-83.065779473,42.3384447030001
1738,9881515,8 MILE,SUNSET,2016-12-06,6,12,2016,2,3,1,3,,1,0,,1,1,4,40,4,1,1,3,0,0,1,0,false,,false,false,false,false,false,,,,,,false,false,false,,,false,false,false,false,false,-83.06173,42.44732,"{
  ""coordinates"": [
    -8.306172764800000e+01,
    4.244731549000010e+01
  ],
  ""type"": ""Point""
}","{
  ""coordinates"": [
    -83.061727648,
    42.44731549
  ],
  ""type"": ""Point""
}",-83.061727648,42.4473154900001
1739,9881447,DAVISON,E I 96 SERVICE DRIVE,2016-12-06,6,12,2016,22,3,8,9,,,0,,2,1,4,55,4,2,1,4,0,0,0,1,false,,false,false,true,false,false,,,,,,false,false,false,,,false,false,false,false,false,-83.2421,42.38383,"{
  ""coordinates"": [
    -8.324210348500000e+01,
    4.238383654900010e+01
  ],
  ""type"": ""Point""
}","{
  ""coordinates"": [
    -83.242103485,
    42.383836549
  ],
  ""type"": ""Point""
}",-83.242103485,42.3838365490001
1740,9882824,I75 SERVICE,LAFAYETTE,2016-12-06,6,12,2016,7,3,8,9,,4,0,,1,1,1,25,3,2,1,4,0,0,0,1,false,,false,false,false,false,false,,,,,,false,false,false,,,false,false,false,false,false,-83.10045,42.31025,"{
  ""coordinates"": [
    -8.310044938899991e+01,
    4.231024658600010e+01
  ],
  ""type"": ""Point""
}","{
  ""coordinates"": [
    -83.100449389,
    42.310246586
  ],
  ""type"": ""Point""
}",-83.1004493889999,42.3102465860001
1741,9880487,JACKSON,28TH,2016-12-05,5,12,2016,19,2,4,9,,,0,,1,2,4,25,2,2,1,5,0,0,0,0,true,,false,false,true,false,false,,,,,,false,false,false,,,false,false,false,false,false,-83.10682,42.33481,"{
  ""coordinates"": [
    -8.310681803100000e+01,
    4.233480922400000e+01
  ],
  ""type"": ""Point""
}","{
  ""coordinates"": [
    -83.106818031,
    42.334809224
  ],
  ""type"": ""Point""
}",-83.106818031,42.334809224
1742,9882827,FORT,CLARK,2016-12-05,5,12,2016,13,2,4,3,,1,0,,1,2,1,30,4,2,2,4,0,0,0,1,false,,true,true,false,false,false,,,,,,false,false,false,,,false,false,false,false,false,-83.09012,42.31232,"{
  ""coordinates"": [
    -8.309011514100000e+01,
    4.231232282100010e+01
  ],
  ""type"": ""Point""
}","{
  ""coordinates"": [
    -83.090115141,
    42.312322821
  ],
  ""type"": ""Point""
}",-83.090115141,42.3123228210001
1743,9880528,VAN DYKE,MCNICHOLS,2016-12-05,5,12,2016,12,2,3,3,,1,0,,1,1,1,30,7,2,2,5,0,0,0,0,true,,false,false,false,false,false,,,,,,false,true,false,,,false,false,false,false,false,-83.0237,42.41951,"{
  ""coordinates"": [
    -8.302370428499999e+01,
    4.241950472200010e+01
  ],
  ""type"": ""Point""
}","{
  ""coordinates"": [
    -83.023704285,
    42.419504722
  ],
  ""type"": ""Point""
}",-83.023704285,42.4195047220001
1744,9880448,W/B I-94,RUSSELL,2016-12-05,5,12,2016,18,2,5,1,,1,0,,1,1,4,55,3,2,4,5,0,0,0,0,true,,false,false,false,false,false,,,,,,false,false,true,,,false,false,false,false,false,-83.05592,42.37005,"{
  ""coordinates"": [
    -8.305592514700000e+01,
    4.237004856100000e+01
  ],
  ""type"": ""Point""
}","{
  ""coordinates"": [
    -83.055925147,
    42.370048561
  ],
  ""type"": ""Point""
}",-83.055925147,42.370048561
1745,9879308,OUTER,SIRRON,2016-12-05,5,12,2016,2,2,1,9,,2,1,,2,2,4,35,4,1,1,5,0,0,0,0,true,,false,false,false,false,false,,,,,,false,false,false,,,false,false,false,false,false,-83.01733,42.44027,"{
  ""coordinates"": [
    -8.301733662700001e+01,
    4.244026771200000e+01
  ],
  ""type"": ""Point""
}","{
  ""coordinates"": [
    -83.017336627,
    42.440267712
  ],
  ""type"": ""Point""
}",-83.017336627,42.440267712
1746,9880520,HAYES,LANNETTE,2016-12-05,5,12,2016,17,2,1,9,,4,0,,1,1,4,30,4,2,2,4,0,0,0,1,false,,false,false,false,false,false,,,,,,false,false,false,,,false,false,false,true,false,-82.96488,42.4174,"{
  ""coordinates"": [
    -8.296488085800000e+01,
    4.241739606300010e+01
  ],
  ""type"": ""Point""
}","{
  ""coordinates"": [
    -82.964880858,
    42.417396063
  ],
  ""type"": ""Point""
}",-82.964880858,42.4173960630001
1747,9889113,DAVISON,MONICA,2016-12-05,5,12,2016,8,2,97,3,,1,0,,2,1,1,25,3,3,2,5,0,0,0,0,true,,false,false,true,false,false,,,,,,false,false,false,,,false,false,false,false,false,-83.14281,42.38636,"{
  ""coordinates"": [
    -8.314281115100000e+01,
    4.238636155600010e+01
  ],
  ""type"": ""Point""
}","{
  ""coordinates"": [
    -83.142811151,
    42.386361556
  ],
  ""type"": ""Point""
}",-83.142811151,42.3863615560001
1748,9880486,MEYER,FENKELL,2016-12-05,5,12,2016,8,2,1,9,,4,1,,1,2,1,30,3,1,0,5,0,0,0,0,true,,false,false,true,false,false,,,,,,false,false,false,,,false,false,false,false,false,-83.16936,42.40168,"{
  ""coordinates"": [
    -8.316936506000000e+01,
    4.240167944400010e+01
  ],
  ""type"": ""Point""
}","{
  ""coordinates"": [
    -83.16936506,
    42.401679444
  ],
  ""type"": ""Point""
}",-83.16936506,42.4016794440001
1749,9880499,STOUT,HESSELL,2016-12-05,5,12,2016,8,2,5,9,,,0,,2,1,1,25,2,2,0,5,0,0,0,0,true,,false,false,true,false,false,,,,,,false,false,false,,,false,false,false,false,false,-83.2442,42.44217,"{
  ""coordinates"": [
    -8.324420326700000e+01,
    4.244217212200000e+01
  ],
  ""type"": ""Point""
}","{
  ""coordinates"": [
    -83.244203267,
    42.442172122
  ],
  ""type"": ""Point""
}",-83.244203267,42.442172122
1750,9881513,VANDYKE,8-MILE,2016-12-05,5,12,2016,14,2,1,3,,1,0,,1,1,1,35,4,2,2,5,0,0,0,0,true,,false,false,false,true,false,,,,,,true,false,false,,,false,false,false,false,false,-83.02473,42.44796,"{
  ""coordinates"": [
    -8.302472932300000e+01,
    4.244795432800000e+01
  ],
  ""type"": ""Point""
}","{
  ""coordinates"": [
    -83.024729323,
    42.447954328
  ],
  ""type"": ""Point""
}",-83.024729323,42.447954328
1751,9880494,CADIEUX,HARPER,2016-12-05,5,12,2016,15,2,8,9,,4,0,,1,1,1,30,4,2,2,5,0,0,0,0,true,,false,false,false,false,false,,,,,,false,false,true,,,false,false,false,false,false,-82.93613,42.41569,"{
  ""coordinates"": [
    -8.293613577399999e+01,
    4.241569194300010e+01
  ],
  ""type"": ""Point""
}","{
  ""coordinates"": [
    -82.936135774,
    42.415691943
  ],
  ""type"": ""Point""
}",-82.936135774,42.4156919430001
1752,9884197,TELEGRAPH,7 MILE,2016-12-05,5,12,2016,20,2,5,2,,1,0,,1,1,5,40,3,2,4,5,0,0,0,0,true,,false,false,false,false,false,,,,,,false,false,false,,,false,false,false,false,false,-83.27754,42.42872,"{
  ""coordinates"": [
    -8.327754359799999e+01,
    4.242872046500000e+01
  ],
  ""type"": ""Point""
}","{
  ""coordinates"": [
    -83.277543598,
    42.428720465
  ],
  ""type"": ""Point""
}",-83.277543598,42.428720465
1753,9881474,M-10,LINWOOD,2016-12-05,5,12,2016,9,2,5,3,,1,0,,1,2,1,55,3,4,5,5,0,0,0,0,true,,false,false,false,false,false,,,,,,false,true,true,,,false,false,false,false,false,-83.13229,42.40496,"{
  ""coordinates"": [
    -8.313229104500000e+01,
    4.240496481500000e+01
  ],
  ""type"": ""Point""
}","{
  ""coordinates"": [
    -83.132291045,
    42.404964815
  ],
  ""type"": ""Point""
}",-83.132291045,42.404964815
1754,9881454,N M 10,RAMP 111D,2016-12-05,5,12,2016,11,2,8,3,,1,0,,1,1,1,55,3,2,2,5,0,0,0,0,true,,false,false,false,false,false,,,,,,false,false,true,,,false,false,false,false,false,-83.1039,42.39038,"{
  ""coordinates"": [
    -8.310389883999990e+01,
    4.239038188000010e+01
  ],
  ""type"": ""Point""
}","{
  ""coordinates"": [
    -83.10389884,
    42.39038188
  ],
  ""type"": ""Point""
}",-83.1038988399999,42.3903818800001
1755,9880506,WARREN,GRANDVILLE,2016-12-05,5,12,2016,16,2,97,9,,2,0,,1,1,1,35,5,3,4,4,0,0,0,2,false,,false,false,false,false,false,,,,,,false,false,true,,,false,false,false,false,false,-83.22911,42.34322,"{
  ""coordinates"": [
    -8.322911383699990e+01,
    4.234322221400000e+01
  ],
  ""type"": ""Point""
}","{
  ""coordinates"": [
    -83.229113837,
    42.343222214
  ],
  ""type"": ""Point""
}",-83.2291138369999,42.343222214
1756,9880532,MCNICHOLS,STANSBURY,2016-12-05,5,12,2016,19,2,5,9,,2,0,,1,1,3,35,4,2,2,5,0,0,0,0,true,,false,false,false,false,false,,,,,,false,true,false,,,false,false,false,false,false,-83.18183,42.41656,"{
  ""coordinates"": [
    -8.318183103099990e+01,
    4.241656616500010e+01
  ],
  ""type"": ""Point""
}","{
  ""coordinates"": [
    -83.181831031,
    42.416566165
  ],
  ""type"": ""Point""
}",-83.1818310309999,42.4165661650001
1757,9880531,CURTIS,NORTHLAWN,2016-12-05,5,12,2016,15,2,4,9,,4,0,,1,2,1,25,2,2,3,5,0,0,0,0,true,,false,false,false,false,false,,,,,,false,false,true,,,false,false,false,false,false,-83.154,42.42425,"{
  ""coordinates"": [
    -8.315399783200000e+01,
    4.242425247100000e+01
  ],
  ""type"": ""Point""
}","{
  ""coordinates"": [
    -83.153997832,
    42.424252471
  ],
  ""type"": ""Point""
}",-83.153997832,42.424252471
1758,9880533,MONICA,CAMBRIDGE,2016-12-05,5,12,2016,9,2,4,9,,,0,,1,2,1,25,2,2,2,3,0,0,1,1,false,,false,false,false,false,false,,,,,,false,true,false,,,false,false,false,false,false,-83.14479,42.43335,"{
  ""coordinates"": [
    -8.314478942900000e+01,
    4.243334653000010e+01
  ],
  ""type"": ""Point""
}","{
  ""coordinates"": [
    -83.144789429,
    42.43334653
  ],
  ""type"": ""Point""
}",-83.144789429,42.4333465300001
1759,9885912,I-75,SPRINGWELLS,2016-12-05,5,12,2016,8,2,5,1,,1,0,,2,2,1,55,6,2,3,5,0,0,0,0,true,,false,false,false,false,false,,,,,,false,false,false,,,false,false,false,false,false,-83.11965,42.30117,"{
  ""coordinates"": [
    -8.311965449500001e+01,
    4.230116572400000e+01
  ],
  ""type"": ""Point""
}","{
  ""coordinates"": [
    -83.119654495,
    42.301165724
  ],
  ""type"": ""Point""
}",-83.119654495,42.301165724
1760,9880536,8 MILE,SCHAEFER,2016-12-05,5,12,2016,18,2,8,3,,1,0,,1,1,4,35,4,2,1,5,0,0,0,0,true,,false,false,true,false,false,,,,,,false,false,false,,,false,false,false,false,false,-83.18173,42.44518,"{
  ""coordinates"": [
    -8.318173446199999e+01,
    4.244517408400000e+01
  ],
  ""type"": ""Point""
}","{
  ""coordinates"": [
    -83.181734462,
    42.445174084
  ],
  ""type"": ""Point""
}",-83.181734462,42.445174084
1761,9880513,LAFAYETTE,ST AUBIN,2016-12-05,5,12,2016,20,2,4,9,,4,0,,1,1,4,30,2,2,1,5,0,0,0,0,true,,false,false,false,false,false,,,,,,false,false,false,,,false,false,false,false,false,-83.02976,42.33912,"{
  ""coordinates"": [
    -8.302976262500000e+01,
    4.233911929200010e+01
  ],
  ""type"": ""Point""
}","{
  ""coordinates"": [
    -83.029762625,
    42.339119292
  ],
  ""type"": ""Point""
}",-83.029762625,42.3391192920001
1762,9879292,VERNOR,CONCORD,2016-12-05,5,12,2016,0,2,1,9,,4,0,,2,4,4,35,4,1,1,4,0,0,0,1,false,,false,false,false,false,false,,,,,,false,false,false,,,false,false,false,false,false,-83.01203,42.35656,"{
  ""coordinates"": [
    -8.301203226699990e+01,
    4.235655647600000e+01
  ],
  ""type"": ""Point""
}","{
  ""coordinates"": [
    -83.012032267,
    42.356556476
  ],
  ""type"": ""Point""
}",-83.0120322669999,42.356556476
1763,9881498,MORANG,CADIEUX,2016-12-05,5,12,2016,16,2,5,9,,4,0,,1,2,1,35,3,2,1,5,0,0,0,0,true,,false,false,true,false,false,,,,,,false,false,false,,,false,false,false,false,false,-82.94077,42.42235,"{
  ""coordinates"": [
    -8.294077319699990e+01,
    4.242235361500010e+01
  ],
  ""type"": ""Point""
}","{
  ""coordinates"": [
    -82.940773197,
    42.422353615
  ],
  ""type"": ""Point""
}",-82.9407731969999,42.4223536150001
1764,9881521,TELEGRAPH,8 MILE,2016-12-05,5,12,2016,21,2,8,2,,1,0,,1,2,4,45,4,2,1,5,0,0,0,0,true,,false,false,true,false,false,,,,,,false,false,true,,,false,false,false,false,false,-83.27861,42.44246,"{
  ""coordinates"": [
    -8.327860942000000e+01,
    4.244245559800000e+01
  ],
  ""type"": ""Point""
}","{
  ""coordinates"": [
    -83.27860942,
    42.442455598
  ],
  ""type"": ""Point""
}",-83.27860942,42.442455598
1765,9880515,FAIRPORT,STATE FAIR,2016-12-05,5,12,2016,14,2,5,9,,,0,,1,1,1,25,2,2,1,5,0,0,0,0,true,,false,false,false,false,false,,,,,,false,true,false,,,false,false,false,false,false,-82.99149,42.44204,"{
  ""coordinates"": [
    -8.299149394900000e+01,
    4.244203624700000e+01
  ],
  ""type"": ""Point""
}","{
  ""coordinates"": [
    -82.991493949,
    42.442036247
  ],
  ""type"": ""Point""
}",-82.991493949,42.442036247
1766,9881442,W I 96,GRAND RIVER,2016-12-05,5,12,2016,7,2,1,1,,1,1,,1,1,2,55,4,1,1,5,0,0,0,0,true,,false,false,false,false,false,,,,,,false,false,false,,,false,false,false,false,false,-83.17365,42.38434,"{
  ""coordinates"": [
    -8.317364518100000e+01,
    4.238434013400010e+01
  ],
  ""type"": ""Point""
}","{
  ""coordinates"": [
    -83.173645181,
    42.384340134
  ],
  ""type"": ""Point""
}",-83.173645181,42.3843401340001
1767,9881443,E/B I-94,BURNS,2016-12-05,5,12,2016,16,2,8,1,,1,0,,1,1,1,55,3,2,2,5,0,0,0,0,true,,false,false,true,false,false,,,,,,false,false,false,,,false,false,false,false,false,-83.01842,42.38678,"{
  ""coordinates"": [
    -8.301842348700001e+01,
    4.238678290000010e+01
  ],
  ""type"": ""Point""
}","{
  ""coordinates"": [
    -83.018423487,
    42.3867829
  ],
  ""type"": ""Point""
}",-83.018423487,42.3867829000001
1768,9880470,M-10,WARREN,2016-12-05,5,12,2016,18,2,8,3,,1,0,,1,1,4,55,3,2,2,5,0,0,0,0,true,,false,false,true,false,false,,,,,,false,false,false,,,false,false,false,false,false,-83.07549,42.35704,"{
  ""coordinates"": [
    -8.307549358300000e+01,
    4.235703772800010e+01
  ],
  ""type"": ""Point""
}","{
  ""coordinates"": [
    -83.075493583,
    42.357037728
  ],
  ""type"": ""Point""
}",-83.075493583,42.3570377280001