ObjectId,Crash ID,Primary Road,Intersecting Road,Crash Date,Day,Month,Year,Hour,Weekday,Crash Type Code,Highway Classification Code,Community Code,Jurisdiction Code,Lane Departure Type Code,Surface Type,Road Condition,Weather Condition,Lighting Condition,Speed Limit,Lanes,Units,Occupants,Most Severe Injury,Fatal Injuries,Suspected Serious Injuries,Suspected Minor Injuries,Possible Injuries,Property Damage Only,Secondary Crash,Traffic Control,Red Light Run,Hit and Run,Alcohol,Drugs,Unbelted Person,Work Zone,Speeding Driver,Distracted Driver,Driveway,Pedestrian,Elderly Driver,Young Driver,Commercial Vehicle,Emergency Vehicles,Train,School Bus,Motorcycle,Bicycle,Deer,Longitude,Latitude,geom,geog,x,y
1883,9877674,RAMP 102I,N M 10,2016-12-03,3,12,2016,1,7,1,3,,1,1,,1,1,5,55,1,1,1,4,0,0,0,1,false,,false,false,false,false,false,,,,,,false,false,true,,,false,false,false,false,false,-83.19749,42.44064,"{
  ""coordinates"": [
    -8.319748647999999e+01,
    4.244063585600000e+01
  ],
  ""type"": ""Point""
}","{
  ""coordinates"": [
    -83.19748648,
    42.440635856
  ],
  ""type"": ""Point""
}",-83.19748648,42.440635856
1884,9879295,GRAND,HELEN,2016-12-03,3,12,2016,11,7,1,9,,4,0,,1,1,4,35,1,1,1,5,0,0,0,0,true,,false,false,false,false,false,,,,,,false,false,false,,,false,false,false,false,false,-83.02472,42.37935,"{
  ""coordinates"": [
    -8.302472029400001e+01,
    4.237935062100010e+01
  ],
  ""type"": ""Point""
}","{
  ""coordinates"": [
    -83.024720294,
    42.379350621
  ],
  ""type"": ""Point""
}",-83.024720294,42.3793506210001
1885,9904946,HARPER,WHITTIER,2016-12-03,3,12,2016,0,7,3,9,,4,0,,2,1,4,30,6,2,7,5,0,0,0,0,true,,false,false,false,false,false,,,,,,false,false,false,,,false,false,false,false,false,-82.94238,42.41245,"{
  ""coordinates"": [
    -8.294237571900000e+01,
    4.241244989600010e+01
  ],
  ""type"": ""Point""
}","{
  ""coordinates"": [
    -82.942375719,
    42.412449896
  ],
  ""type"": ""Point""
}",-82.942375719,42.4124498960001
1886,9905979,8MILE,WALTHAM,2016-12-03,3,12,2016,10,7,97,3,,1,0,,1,1,4,0,4,2,1,5,0,0,0,0,true,,false,false,true,false,false,,,,,,true,false,false,,,false,false,false,false,false,-82.99514,42.44906,"{
  ""coordinates"": [
    -8.299514267799999e+01,
    4.244906303700000e+01
  ],
  ""type"": ""Point""
}","{
  ""coordinates"": [
    -82.995142678,
    42.449063037
  ],
  ""type"": ""Point""
}",-82.995142678,42.449063037
1887,9896377,GRAND RIVER,MCGRAW,2016-12-03,3,12,2016,2,7,5,3,,1,0,,1,1,4,35,3,2,2,4,0,0,0,1,false,,false,false,true,true,false,,,,,,false,false,false,,,false,false,false,false,false,-83.10101,42.35341,"{
  ""coordinates"": [
    -8.310101358999999e+01,
    4.235340736300000e+01
  ],
  ""type"": ""Point""
}","{
  ""coordinates"": [
    -83.10101359,
    42.353407363
  ],
  ""type"": ""Point""
}",-83.10101359,42.353407363
1888,9882839,BROADWAY,GRATIOT,2016-12-03,3,12,2016,13,7,8,3,,4,0,,1,1,1,35,3,2,4,5,0,0,0,0,true,,false,false,false,false,false,,,,,,false,true,false,,,false,false,false,false,false,-83.04568,42.33471,"{
  ""coordinates"": [
    -8.304567719900000e+01,
    4.233471223400010e+01
  ],
  ""type"": ""Point""
}","{
  ""coordinates"": [
    -83.045677199,
    42.334712234
  ],
  ""type"": ""Point""
}",-83.045677199,42.3347122340001
1889,9881483,I-96,OUTER,2016-12-03,3,12,2016,1,7,8,1,,1,0,,1,1,4,70,5,2,1,5,0,0,0,0,true,,false,false,true,false,false,,,,,,false,false,false,,,false,false,false,false,false,-83.25815,42.38545,"{
  ""coordinates"": [
    -8.325815185800001e+01,
    4.238545377700010e+01
  ],
  ""type"": ""Point""
}","{
  ""coordinates"": [
    -83.258151858,
    42.385453777
  ],
  ""type"": ""Point""
}",-83.258151858,42.3854537770001
1890,9899264,CONGRESS,WOODWARD,2016-12-03,3,12,2016,18,7,1,9,,4,0,,1,1,4,35,2,2,0,4,0,0,0,1,false,,false,false,true,false,false,,,,,,true,false,false,,,false,false,false,false,false,-83.04588,42.33018,"{
  ""coordinates"": [
    -8.304587838499999e+01,
    4.233017856200010e+01
  ],
  ""type"": ""Point""
}","{
  ""coordinates"": [
    -83.045878385,
    42.330178562
  ],
  ""type"": ""Point""
}",-83.045878385,42.3301785620001
1891,9880466,RAMP 041D,RAMP 041E,2016-12-03,3,12,2016,21,7,8,1,,1,0,,1,2,4,55,2,2,2,5,0,0,0,0,true,,false,false,false,false,false,,,,,,false,false,false,,,false,false,false,false,false,-83.04198,42.34369,"{
  ""coordinates"": [
    -8.304198129299991e+01,
    4.234368951700000e+01
  ],
  ""type"": ""Point""
}","{
  ""coordinates"": [
    -83.041981293,
    42.343689517
  ],
  ""type"": ""Point""
}",-83.0419812929999,42.343689517
1892,9877918,JEFFERSON,JOS CAMPAU,2016-12-03,3,12,2016,8,7,7,9,,4,0,,1,2,1,35,3,2,4,4,0,0,0,1,false,,false,false,false,false,false,,,,,,false,false,true,,,false,false,false,false,false,-83.01981,42.33946,"{
  ""coordinates"": [
    -8.301980563500000e+01,
    4.233945920000010e+01
  ],
  ""type"": ""Point""
}","{
  ""coordinates"": [
    -83.019805635,
    42.3394592
  ],
  ""type"": ""Point""
}",-83.019805635,42.3394592000001
1893,9877936,SOUTHFIELD,CIRCLE,2016-12-03,3,12,2016,15,7,9,3,,1,0,,1,2,1,30,2,2,2,5,0,0,0,0,true,,true,true,false,false,false,,,,,,false,false,false,,,false,false,false,false,false,-83.21964,42.44339,"{
  ""coordinates"": [
    -8.321964032400000e+01,
    4.244338693000000e+01
  ],
  ""type"": ""Point""
}","{
  ""coordinates"": [
    -83.219640324,
    42.44338693
  ],
  ""type"": ""Point""
}",-83.219640324,42.44338693
1894,9877887,SCHAEFER,E I 96 SERVICE DRIVE,2016-12-03,3,12,2016,21,7,5,1,,4,0,,1,1,4,0,4,2,2,5,0,0,0,0,true,,false,false,true,false,false,,,,,,false,true,false,,,false,false,false,false,false,-83.17834,42.38264,"{
  ""coordinates"": [
    -8.317833501699990e+01,
    4.238263621900010e+01
  ],
  ""type"": ""Point""
}","{
  ""coordinates"": [
    -83.178335017,
    42.382636219
  ],
  ""type"": ""Point""
}",-83.1783350169999,42.3826362190001
1895,9877943,GREINER,FAIRPORT,2016-12-03,3,12,2016,14,7,2,9,,4,2,,1,2,1,35,2,2,1,4,0,0,0,1,false,,false,false,false,false,false,,,,,,false,false,false,,,false,false,false,false,false,-82.99119,42.42752,"{
  ""coordinates"": [
    -8.299119140300000e+01,
    4.242752330800000e+01
  ],
  ""type"": ""Point""
}","{
  ""coordinates"": [
    -82.991191403,
    42.427523308
  ],
  ""type"": ""Point""
}",-82.991191403,42.427523308
1896,9880510,WARREN,SAINT AUBIN,2016-12-03,3,12,2016,14,7,4,9,,4,0,,1,1,1,30,3,2,2,5,0,0,0,0,true,,true,false,false,false,false,,,,,,false,false,true,,,false,false,false,false,false,-83.04434,42.3644,"{
  ""coordinates"": [
    -8.304434116000000e+01,
    4.236440463200010e+01
  ],
  ""type"": ""Point""
}","{
  ""coordinates"": [
    -83.04434116,
    42.364404632
  ],
  ""type"": ""Point""
}",-83.04434116,42.3644046320001
1897,9879304,DAVIDSON,I96 SERVICE,2016-12-03,3,12,2016,18,7,8,3,,1,0,,1,1,4,45,5,2,2,5,0,0,0,0,true,,false,false,true,false,false,,,,,,false,false,false,,,false,false,false,false,false,-83.13869,42.38673,"{
  ""coordinates"": [
    -8.313869201900000e+01,
    4.238673118200010e+01
  ],
  ""type"": ""Point""
}","{
  ""coordinates"": [
    -83.138692019,
    42.386731182
  ],
  ""type"": ""Point""
}",-83.138692019,42.3867311820001
1898,9877934,CURTIS,BILTMORE,2016-12-03,3,12,2016,10,7,4,9,,,0,,1,1,1,30,1,2,2,4,0,0,0,1,false,,true,false,true,false,false,,,,,,false,false,true,,,false,false,false,false,false,-83.21127,42.42293,"{
  ""coordinates"": [
    -8.321127189200000e+01,
    4.242293053300010e+01
  ],
  ""type"": ""Point""
}","{
  ""coordinates"": [
    -83.211271892,
    42.422930533
  ],
  ""type"": ""Point""
}",-83.211271892,42.4229305330001
1899,9880496,CHALMERS,FRANKFORT,2016-12-03,3,12,2016,1,7,4,9,,4,0,,1,1,4,30,2,2,6,4,0,0,0,1,false,,true,false,true,false,false,,,,,,false,false,true,,,false,false,false,false,false,-82.95988,42.39709,"{
  ""coordinates"": [
    -8.295987730800000e+01,
    4.239709198000000e+01
  ],
  ""type"": ""Point""
}","{
  ""coordinates"": [
    -82.959877308,
    42.39709198
  ],
  ""type"": ""Point""
}",-82.959877308,42.39709198
1900,9877957,OUTER,FENELON,2016-12-03,3,12,2016,22,7,4,9,,2,0,,1,1,4,25,2,2,1,5,0,0,0,0,true,,false,false,true,false,false,,,,,,false,false,false,,,false,false,false,false,false,-83.05399,42.44072,"{
  ""coordinates"": [
    -8.305399352300000e+01,
    4.244071941800010e+01
  ],
  ""type"": ""Point""
}","{
  ""coordinates"": [
    -83.053993523,
    42.440719418
  ],
  ""type"": ""Point""
}",-83.053993523,42.4407194180001
1901,9880501,PLYMOUTH,FIELDING,2016-12-03,3,12,2016,1,7,8,9,,4,0,,1,1,4,0,2,2,1,5,0,0,0,0,true,,false,false,true,false,false,,,,,,false,false,true,,,false,false,false,false,false,-83.24118,42.37187,"{
  ""coordinates"": [
    -8.324118049700000e+01,
    4.237187065000010e+01
  ],
  ""type"": ""Point""
}","{
  ""coordinates"": [
    -83.241180497,
    42.37187065
  ],
  ""type"": ""Point""
}",-83.241180497,42.3718706500001
1902,9877954,75 SERVICE,REMINGTON,2016-12-03,3,12,2016,2,7,5,9,,4,0,,1,1,4,30,3,2,6,3,0,0,2,3,false,,false,false,false,false,false,,,,,,false,false,true,,,false,false,false,false,false,-83.09455,42.44229,"{
  ""coordinates"": [
    -8.309454753499990e+01,
    4.244228837800010e+01
  ],
  ""type"": ""Point""
}","{
  ""coordinates"": [
    -83.094547535,
    42.442288378
  ],
  ""type"": ""Point""
}",-83.0945475349999,42.4422883780001
1903,9877885,MCDONALD,WARREN,2016-12-03,3,12,2016,14,7,4,9,,,0,,1,2,1,35,5,2,4,5,0,0,0,0,true,,false,false,false,false,false,,,,,,false,false,false,,,false,false,false,false,false,-83.14736,42.34467,"{
  ""coordinates"": [
    -8.314736324200000e+01,
    4.234466805500010e+01
  ],
  ""type"": ""Point""
}","{
  ""coordinates"": [
    -83.147363242,
    42.344668055
  ],
  ""type"": ""Point""
}",-83.147363242,42.3446680550001
1904,9877938,598 CHALMERS,ESSEX,2016-12-03,3,12,2016,0,7,2,9,,,2,,1,1,4,25,1,3,0,5,0,0,0,0,true,,false,false,false,false,false,,,,,,false,false,false,,,false,false,false,false,false,-82.93987,42.36574,"{
  ""coordinates"": [
    -8.293987382099991e+01,
    4.236573812000010e+01
  ],
  ""type"": ""Point""
}","{
  ""coordinates"": [
    -82.939873821,
    42.36573812
  ],
  ""type"": ""Point""
}",-82.9398738209999,42.3657381200001
1905,9877939,MOROSS,RIAD,2016-12-03,3,12,2016,8,7,8,9,,2,0,,1,2,2,35,4,2,0,5,0,0,0,0,true,,false,false,true,false,false,,,,,,false,false,false,,,false,false,false,false,false,-82.95077,42.43341,"{
  ""coordinates"": [
    -8.295076416099990e+01,
    4.243340667200000e+01
  ],
  ""type"": ""Point""
}","{
  ""coordinates"": [
    -82.950764161,
    42.433406672
  ],
  ""type"": ""Point""
}",-82.9507641609999,42.433406672
1906,9879256,I-75,WARREN,2016-12-03,3,12,2016,13,7,1,1,,1,0,,1,1,1,55,4,1,1,5,0,0,0,0,true,,false,false,false,false,false,,,,,,false,false,false,,,false,false,false,false,false,-83.05478,42.36125,"{
  ""coordinates"": [
    -8.305477790000000e+01,
    4.236125169200010e+01
  ],
  ""type"": ""Point""
}","{
  ""coordinates"": [
    -83.0547779,
    42.361251692
  ],
  ""type"": ""Point""
}",-83.0547779,42.3612516920001
1907,9877956,7 MILE,MOUND,2016-12-03,3,12,2016,18,7,2,9,,4,2,,1,1,4,35,2,2,1,5,0,0,0,0,true,,false,false,true,false,false,,,,,,false,false,false,,,false,false,false,false,false,-83.04366,42.43357,"{
  ""coordinates"": [
    -8.304365759900000e+01,
    4.243356751100000e+01
  ],
  ""type"": ""Point""
}","{
  ""coordinates"": [
    -83.043657599,
    42.433567511
  ],
  ""type"": ""Point""
}",-83.043657599,42.433567511
1908,9879284,JOY,MARLOWE,2016-12-03,3,12,2016,4,7,4,9,,4,0,,1,1,4,30,3,2,2,4,0,0,0,1,false,,false,false,false,false,false,,,,,,false,false,true,,,false,false,false,false,false,-83.18864,42.35831,"{
  ""coordinates"": [
    -8.318864413499990e+01,
    4.235831447800010e+01
  ],
  ""type"": ""Point""
}","{
  ""coordinates"": [
    -83.188644135,
    42.358314478
  ],
  ""type"": ""Point""
}",-83.1886441349999,42.3583144780001
1909,9877897,SAINT ANTOINE,MONROE,2016-12-03,3,12,2016,3,7,5,9,,4,0,,1,1,4,25,2,2,2,5,0,0,0,0,true,,false,false,true,false,false,,,,,,false,true,false,,,false,false,false,false,false,-83.04093,42.33554,"{
  ""coordinates"": [
    -8.304093344400000e+01,
    4.233554388800010e+01
  ],
  ""type"": ""Point""
}","{
  ""coordinates"": [
    -83.040933444,
    42.335543888
  ],
  ""type"": ""Point""
}",-83.040933444,42.3355438880001
1910,9877959,7 MILE,WOODWARD,2016-12-03,3,12,2016,23,7,1,3,,2,0,,1,1,4,30,5,1,1,3,0,0,1,0,false,,false,false,false,true,false,,,,,,false,false,false,,,false,false,false,false,false,-83.11537,42.43212,"{
  ""coordinates"": [
    -8.311537230600000e+01,
    4.243211601600010e+01
  ],
  ""type"": ""Point""
}","{
  ""coordinates"": [
    -83.115372306,
    42.432116016
  ],
  ""type"": ""Point""
}",-83.115372306,42.4321160160001
1911,9882810,M 10,MILWAUKEE,2016-12-03,3,12,2016,17,7,8,3,,1,0,,1,2,3,55,4,2,2,5,0,0,0,0,true,,false,false,false,false,false,,,,,,false,true,false,,,false,false,false,false,false,-83.08015,42.36503,"{
  ""coordinates"": [
    -8.308014712799999e+01,
    4.236503267300000e+01
  ],
  ""type"": ""Point""
}","{
  ""coordinates"": [
    -83.080147128,
    42.365032673
  ],
  ""type"": ""Point""
}",-83.080147128,42.365032673
1912,9879282,GRAND,OAKLAND,2016-12-03,3,12,2016,21,7,4,9,,4,0,,1,1,1,25,3,2,2,5,0,0,0,0,true,,false,false,false,true,false,,,,,,false,false,false,,,false,false,false,false,false,-83.06426,42.37352,"{
  ""coordinates"": [
    -8.306426590300001e+01,
    4.237351500400010e+01
  ],
  ""type"": ""Point""
}","{
  ""coordinates"": [
    -83.064265903,
    42.373515004
  ],
  ""type"": ""Point""
}",-83.064265903,42.3735150040001
1913,9877941,HOUSTON WHITTIER,GRATIOT,2016-12-03,3,12,2016,1,7,5,3,,4,0,,1,1,4,30,6,2,5,5,0,0,0,0,true,,false,false,false,false,false,,,,,,false,false,false,,,false,false,false,false,false,-82.98737,42.42037,"{
  ""coordinates"": [
    -8.298737177800000e+01,
    4.242036904100010e+01
  ],
  ""type"": ""Point""
}","{
  ""coordinates"": [
    -82.987371778,
    42.420369041
  ],
  ""type"": ""Point""
}",-82.987371778,42.4203690410001
1914,9880517,HUNTINGTON,MCNICHOLS,2016-12-03,3,12,2016,19,7,97,9,,,0,,1,1,4,25,3,2,1,5,0,0,0,0,true,,false,false,true,false,false,,,,,,false,false,false,,,false,false,false,false,false,-83.23319,42.41528,"{
  ""coordinates"": [
    -8.323319326700000e+01,
    4.241528410200000e+01
  ],
  ""type"": ""Point""
}","{
  ""coordinates"": [
    -83.233193267,
    42.415284102
  ],
  ""type"": ""Point""
}",-83.233193267,42.415284102
1915,9879297,WALTHAM,LAPPIN,2016-12-03,3,12,2016,20,7,5,9,,,0,,1,1,4,0,1,2,0,5,0,0,0,0,true,,false,false,true,false,false,,,,,,false,false,false,,,false,false,false,false,false,-82.99492,42.43631,"{
  ""coordinates"": [
    -8.299491553300000e+01,
    4.243630853600010e+01
  ],
  ""type"": ""Point""
}","{
  ""coordinates"": [
    -82.994915533,
    42.436308536
  ],
  ""type"": ""Point""
}",-82.994915533,42.4363085360001
1916,9877917,FIELD,GOETHE,2016-12-02,2,12,2016,17,6,97,9,,,0,,1,1,4,25,2,3,2,5,0,0,0,0,true,,false,false,false,false,false,,,,,,false,false,true,,,false,false,false,false,false,-83.01036,42.36295,"{
  ""coordinates"": [
    -8.301036339099990e+01,
    4.236294818000000e+01
  ],
  ""type"": ""Point""
}","{
  ""coordinates"": [
    -83.010363391,
    42.36294818
  ],
  ""type"": ""Point""
}",-83.0103633909999,42.36294818
1917,9880465,I-75,PIQUETTE,2016-12-02,2,12,2016,18,6,5,1,,1,0,,1,2,4,55,3,2,2,5,0,0,0,0,true,,false,false,false,false,false,,,,,,false,false,false,,,false,false,false,false,false,-83.05928,42.37091,"{
  ""coordinates"": [
    -8.305928359200000e+01,
    4.237090565000010e+01
  ],
  ""type"": ""Point""
}","{
  ""coordinates"": [
    -83.059283592,
    42.37090565
  ],
  ""type"": ""Point""
}",-83.059283592,42.3709056500001
1918,9877807,I-94,DICKERSON,2016-12-02,2,12,2016,14,6,5,1,,1,0,,1,1,1,55,3,3,3,5,0,0,0,0,true,,false,false,false,false,false,,,,,,false,false,false,,,false,false,false,false,false,-82.97489,42.40102,"{
  ""coordinates"": [
    -8.297488816799989e+01,
    4.240102098000010e+01
  ],
  ""type"": ""Point""
}","{
  ""coordinates"": [
    -82.974888168,
    42.40102098
  ],
  ""type"": ""Point""
}",-82.9748881679999,42.4010209800001
1919,9877961,CLINTON,BEAUBIEN,2016-12-02,2,12,2016,9,6,8,9,,4,0,,1,1,1,25,2,2,0,5,0,0,0,0,true,,false,false,true,false,false,,,,,,false,false,false,,,false,false,false,false,false,-83.04346,42.33627,"{
  ""coordinates"": [
    -8.304346705800000e+01,
    4.233627394700010e+01
  ],
  ""type"": ""Point""
}","{
  ""coordinates"": [
    -83.043467058,
    42.336273947
  ],
  ""type"": ""Point""
}",-83.043467058,42.3362739470001
1920,9882885,RAMP 029A,N I 75,2016-12-02,2,12,2016,12,6,5,1,,1,0,,1,2,1,0,2,2,2,5,0,0,0,0,true,,false,false,false,false,false,,,,,,false,true,true,,,false,false,false,false,false,-83.15781,42.27633,"{
  ""coordinates"": [
    -8.315780891199999e+01,
    4.227633217100000e+01
  ],
  ""type"": ""Point""
}","{
  ""coordinates"": [
    -83.157808912,
    42.276332171
  ],
  ""type"": ""Point""
}",-83.157808912,42.276332171
1921,9877826,I-75,SEVEN MILE,2016-12-02,2,12,2016,14,6,1,1,,1,0,,1,2,1,70,4,1,1,5,0,0,0,0,true,,false,false,false,false,false,,,,,,false,false,false,,,false,false,false,false,false,-83.09451,42.42887,"{
  ""coordinates"": [
    -8.309451109400000e+01,
    4.242886653300010e+01
  ],
  ""type"": ""Point""
}","{
  ""coordinates"": [
    -83.094511094,
    42.428866533
  ],
  ""type"": ""Point""
}",-83.094511094,42.4288665330001
1922,9877891,THIRD,MICHIGAN,2016-12-02,2,12,2016,13,6,3,2,,4,0,,1,2,1,25,4,2,3,5,0,0,0,0,true,,false,false,false,false,false,,,,,,false,false,false,,,false,false,false,false,false,-83.05741,42.33166,"{
  ""coordinates"": [
    -8.305741244300000e+01,
    4.233165965700000e+01
  ],
  ""type"": ""Point""
}","{
  ""coordinates"": [
    -83.057412443,
    42.331659657
  ],
  ""type"": ""Point""
}",-83.057412443,42.331659657
1923,9899575,RAMP 051B,TELEGRAPH,2016-12-02,2,12,2016,16,6,5,2,,1,0,,1,2,3,35,1,2,4,5,0,0,0,0,true,,false,false,false,false,false,,,,,,false,false,false,,,false,false,false,false,false,-83.27837,42.44243,"{
  ""coordinates"": [
    -8.327836870100001e+01,
    4.244242970200000e+01
  ],
  ""type"": ""Point""
}","{
  ""coordinates"": [
    -83.278368701,
    42.442429702
  ],
  ""type"": ""Point""
}",-83.278368701,42.442429702
1924,9877775,I-75,NEVADA,2016-12-02,2,12,2016,20,6,1,1,,1,1,,1,1,4,55,4,1,1,5,0,0,0,0,true,,false,false,false,false,false,,,,,,false,false,false,,,false,false,false,false,false,-83.09222,42.42365,"{
  ""coordinates"": [
    -8.309222741699990e+01,
    4.242364766800010e+01
  ],
  ""type"": ""Point""
}","{
  ""coordinates"": [
    -83.092227417,
    42.423647668
  ],
  ""type"": ""Point""
}",-83.0922274169999,42.4236476680001
1925,9877825,M-10,MILWAUKEE,2016-12-02,2,12,2016,8,6,8,3,,1,0,,1,2,1,55,3,2,2,5,0,0,0,0,true,,false,false,false,false,false,,,,,,false,false,false,,,false,false,false,false,false,-83.08313,42.36921,"{
  ""coordinates"": [
    -8.308312772499990e+01,
    4.236920569700000e+01
  ],
  ""type"": ""Point""
}","{
  ""coordinates"": [
    -83.083127725,
    42.369205697
  ],
  ""type"": ""Point""
}",-83.0831277249999,42.369205697
1926,9877949,I 94,VANY DYKE,2016-12-02,2,12,2016,7,6,5,1,,1,0,,2,4,1,55,3,2,2,5,0,0,0,0,true,,false,false,false,false,false,,,,,,false,false,false,,,false,false,false,false,false,-83.02042,42.3862,"{
  ""coordinates"": [
    -8.302041856600000e+01,
    4.238619513100010e+01
  ],
  ""type"": ""Point""
}","{
  ""coordinates"": [
    -83.020418566,
    42.386195131
  ],
  ""type"": ""Point""
}",-83.020418566,42.3861951310001
1927,9879305,STURTEVANT,WILDEMERE,2016-12-02,2,12,2016,23,6,5,9,,,0,,1,1,4,25,2,2,1,5,0,0,0,0,true,,false,false,true,false,false,,,,,,false,false,false,,,false,false,false,false,false,-83.12397,42.38572,"{
  ""coordinates"": [
    -8.312396794199999e+01,
    4.238572248100010e+01
  ],
  ""type"": ""Point""
}","{
  ""coordinates"": [
    -83.123967942,
    42.385722481
  ],
  ""type"": ""Point""
}",-83.123967942,42.3857224810001
1928,9877853,RAMP 050G,RAMP 050C,2016-12-02,2,12,2016,7,6,8,1,,1,0,,2,2,2,55,3,2,2,5,0,0,0,0,true,,true,true,false,false,false,,,,,,false,false,false,,,false,false,false,false,false,-83.09515,42.44498,"{
  ""coordinates"": [
    -8.309514460799990e+01,
    4.244498017500010e+01
  ],
  ""type"": ""Point""
}","{
  ""coordinates"": [
    -83.095144608,
    42.444980175
  ],
  ""type"": ""Point""
}",-83.0951446079999,42.4449801750001
1929,9930710,TELEGRAPH,7 MILE,2016-12-02,2,12,2016,9,6,5,2,,1,0,,2,2,1,45,4,2,2,5,0,0,0,0,true,,false,false,false,false,false,,,,,,false,true,false,,,false,false,false,false,false,-83.27793,42.42755,"{
  ""coordinates"": [
    -8.327792935399999e+01,
    4.242755063600000e+01
  ],
  ""type"": ""Point""
}","{
  ""coordinates"": [
    -83.277929354,
    42.427550636
  ],
  ""type"": ""Point""
}",-83.277929354,42.427550636
1930,9877877,GRISWOLD,JEFFERSON,2016-12-02,2,12,2016,17,6,8,3,,4,0,,1,1,3,25,4,2,2,5,0,0,0,0,true,,false,false,false,false,false,,,,,,false,false,false,,,false,false,false,false,false,-83.04543,42.32825,"{
  ""coordinates"": [
    -8.304542926600000e+01,
    4.232825040700000e+01
  ],
  ""type"": ""Point""
}","{
  ""coordinates"": [
    -83.045429266,
    42.328250407
  ],
  ""type"": ""Point""
}",-83.045429266,42.328250407
1931,9882843,GRATIOT,GEORGIA,2016-12-02,2,12,2016,2,6,9,3,,1,2,,1,1,4,35,7,2,2,5,0,0,0,0,true,,false,false,true,false,false,,,,,,false,false,false,,,false,false,false,false,false,-83.00336,42.39594,"{
  ""coordinates"": [
    -8.300336036399990e+01,
    4.239593662100000e+01
  ],
  ""type"": ""Point""
}","{
  ""coordinates"": [
    -83.003360364,
    42.395936621
  ],
  ""type"": ""Point""
}",-83.0033603639999,42.395936621
1932,9882831,S I 75 SERVICE DRIVE,DRAGOON,2016-12-02,2,12,2016,8,6,97,9,,4,0,,1,1,1,25,3,2,2,5,0,0,0,0,true,,false,false,false,false,false,,,,,,false,false,false,,,false,false,false,false,false,-83.10346,42.30876,"{
  ""coordinates"": [
    -8.310345856799999e+01,
    4.230876228300010e+01
  ],
  ""type"": ""Point""
}","{
  ""coordinates"": [
    -83.103458568,
    42.308762283
  ],
  ""type"": ""Point""
}",-83.103458568,42.3087622830001
1933,9880444,I-94,VAN DYKE,2016-12-02,2,12,2016,18,6,5,1,,1,0,,1,1,4,55,3,2,2,5,0,0,0,0,true,,false,false,false,false,false,,,,,,false,false,true,,,false,false,false,false,false,-83.01851,42.3869,"{
  ""coordinates"": [
    -8.301850772499991e+01,
    4.238689990900010e+01
  ],
  ""type"": ""Point""
}","{
  ""coordinates"": [
    -83.018507725,
    42.386899909
  ],
  ""type"": ""Point""
}",-83.0185077249999,42.3868999090001
1934,9877868,S M 10,RAMP 215B,2016-12-02,2,12,2016,13,6,1,3,,1,1,,1,2,1,55,4,1,2,3,0,0,1,0,false,,false,false,false,false,false,,,,,,false,false,true,,,false,false,false,false,false,-83.07751,42.36044,"{
  ""coordinates"": [
    -8.307750511099989e+01,
    4.236043999200010e+01
  ],
  ""type"": ""Point""
}","{
  ""coordinates"": [
    -83.077505111,
    42.360439992
  ],
  ""type"": ""Point""
}",-83.0775051109999,42.3604399920001
1935,9890235,E I 94,RAMP 215F,2016-12-02,2,12,2016,19,6,8,1,,1,0,,3,1,5,55,3,3,2,5,0,0,0,0,true,,false,false,false,false,false,,,,,,false,false,false,,,false,false,false,false,false,-83.07279,42.36124,"{
  ""coordinates"": [
    -8.307279142000000e+01,
    4.236123753400010e+01
  ],
  ""type"": ""Point""
}","{
  ""coordinates"": [
    -83.07279142,
    42.361237534
  ],
  ""type"": ""Point""
}",-83.07279142,42.3612375340001
1936,9877935,PREVOST,7 MILE,2016-12-02,2,12,2016,18,6,1,9,,,0,,1,2,3,25,4,2,1,4,0,0,0,1,false,,false,false,false,false,false,,,,,,true,false,false,,,false,false,false,false,false,-83.2041,42.43031,"{
  ""coordinates"": [
    -8.320410167199999e+01,
    4.243031045500000e+01
  ],
  ""type"": ""Point""
}","{
  ""coordinates"": [
    -83.204101672,
    42.430310455
  ],
  ""type"": ""Point""
}",-83.204101672,42.430310455
1937,9877892,S I 75,CASS,2016-12-02,2,12,2016,13,6,4,1,,1,0,,1,2,1,25,2,2,2,4,0,0,0,1,false,,true,true,false,false,false,,,,,,false,false,true,,,false,false,false,false,false,-83.05654,42.33828,"{
  ""coordinates"": [
    -8.305654347599990e+01,
    4.233827529500010e+01
  ],
  ""type"": ""Point""
}","{
  ""coordinates"": [
    -83.056543476,
    42.338275295
  ],
  ""type"": ""Point""
}",-83.0565434759999,42.3382752950001
1938,9877911,GREENFIELD,CHICAGO,2016-12-02,2,12,2016,17,6,97,9,,2,0,,1,2,1,35,4,2,2,5,0,0,0,0,true,,false,false,true,false,false,,,,,,false,false,false,,,false,false,false,false,false,-83.19728,42.36536,"{
  ""coordinates"": [
    -8.319727744600000e+01,
    4.236536344300000e+01
  ],
  ""type"": ""Point""
}","{
  ""coordinates"": [
    -83.197277446,
    42.365363443
  ],
  ""type"": ""Point""
}",-83.197277446,42.365363443
1939,9899321,HANCOCK,CASS,2016-12-02,2,12,2016,8,6,10,9,,,0,,1,2,1,25,4,2,2,5,0,0,0,0,true,,false,false,false,false,false,,,,,,false,true,false,,,false,false,false,false,false,-83.06939,42.35376,"{
  ""coordinates"": [
    -8.306938988199990e+01,
    4.235375735000010e+01
  ],
  ""type"": ""Point""
}","{
  ""coordinates"": [
    -83.069389882,
    42.35375735
  ],
  ""type"": ""Point""
}",-83.0693898819999,42.3537573500001