ObjectId,Crash ID,Primary Road,Intersecting Road,Crash Date,Day,Month,Year,Hour,Weekday,Crash Type Code,Highway Classification Code,Community Code,Jurisdiction Code,Lane Departure Type Code,Surface Type,Road Condition,Weather Condition,Lighting Condition,Speed Limit,Lanes,Units,Occupants,Most Severe Injury,Fatal Injuries,Suspected Serious Injuries,Suspected Minor Injuries,Possible Injuries,Property Damage Only,Secondary Crash,Traffic Control,Red Light Run,Hit and Run,Alcohol,Drugs,Unbelted Person,Work Zone,Speeding Driver,Distracted Driver,Driveway,Pedestrian,Elderly Driver,Young Driver,Commercial Vehicle,Emergency Vehicles,Train,School Bus,Motorcycle,Bicycle,Deer,Longitude,Latitude,geom,geog,x,y
1940,9877912,MCNICHOLS,BENTLER,2016-12-02,2,12,2016,10,6,8,9,,2,0,,1,2,1,30,2,2,3,5,0,0,0,0,true,,false,false,true,false,false,,,,,,false,false,false,,,false,false,false,false,false,-83.25229,42.41467,"{
  ""coordinates"": [
    -8.325228832099999e+01,
    4.241466995100010e+01
  ],
  ""type"": ""Point""
}","{
  ""coordinates"": [
    -83.252288321,
    42.414669951
  ],
  ""type"": ""Point""
}",-83.252288321,42.4146699510001
1941,9885948,MORANG,GLENWOOD,2016-12-02,2,12,2016,18,6,3,9,,4,0,,1,1,4,30,2,2,2,4,0,0,0,1,false,,false,false,false,false,false,,,,,,false,false,false,,,false,false,false,false,false,-82.95913,42.43114,"{
  ""coordinates"": [
    -8.295913235200000e+01,
    4.243114385800000e+01
  ],
  ""type"": ""Point""
}","{
  ""coordinates"": [
    -82.959132352,
    42.431143858
  ],
  ""type"": ""Point""
}",-82.959132352,42.431143858
1942,9877932,SOUTHFIELD SERVICE DRIVE,HESSEL,2016-12-02,2,12,2016,18,6,5,3,,5,0,,1,1,4,55,4,2,1,5,0,0,0,0,true,,false,false,true,false,false,,,,,,false,false,true,,,false,false,false,false,false,-83.21947,42.44258,"{
  ""coordinates"": [
    -8.321947805900000e+01,
    4.244257568700000e+01
  ],
  ""type"": ""Point""
}","{
  ""coordinates"": [
    -83.219478059,
    42.442575687
  ],
  ""type"": ""Point""
}",-83.219478059,42.442575687
1943,9877808,I-94,I-75,2016-12-02,2,12,2016,16,6,8,1,,1,0,,1,1,3,55,3,2,4,5,0,0,0,0,true,,false,false,false,false,false,,,,,,false,false,false,,,false,false,false,false,false,-83.05975,42.36768,"{
  ""coordinates"": [
    -8.305975611900000e+01,
    4.236768042200000e+01
  ],
  ""type"": ""Point""
}","{
  ""coordinates"": [
    -83.059756119,
    42.367680422
  ],
  ""type"": ""Point""
}",-83.059756119,42.367680422
1944,9882834,WHITTIER,LYNVILLE,2016-12-02,2,12,2016,2,6,2,9,,4,2,,2,1,4,25,4,2,1,5,0,0,0,0,true,,false,false,false,false,false,,,,,,false,false,false,,,false,false,false,false,false,-82.94067,42.40994,"{
  ""coordinates"": [
    -8.294066669999999e+01,
    4.240994192700000e+01
  ],
  ""type"": ""Point""
}","{
  ""coordinates"": [
    -82.9406667,
    42.409941927
  ],
  ""type"": ""Point""
}",-82.9406667,42.409941927
1945,9909745,S/B M-39,8 MILE,2016-12-02,2,12,2016,18,6,5,3,,1,0,,1,1,4,55,3,2,3,5,0,0,0,0,true,,false,false,true,false,false,,,,,,false,false,false,,,false,false,false,false,false,-83.2197,42.43692,"{
  ""coordinates"": [
    -8.321970250000000e+01,
    4.243691457500010e+01
  ],
  ""type"": ""Point""
}","{
  ""coordinates"": [
    -83.2197025,
    42.436914575
  ],
  ""type"": ""Point""
}",-83.2197025,42.4369145750001
1946,9882858,VASSAR,GRANDVILLE,2016-12-02,2,12,2016,6,6,97,9,,,0,,1,1,4,30,2,2,1,5,0,0,0,0,true,,false,false,true,false,false,,,,,,false,false,false,,,false,false,false,false,false,-83.23199,42.43336,"{
  ""coordinates"": [
    -8.323198616500000e+01,
    4.243336022000010e+01
  ],
  ""type"": ""Point""
}","{
  ""coordinates"": [
    -83.231986165,
    42.43336022
  ],
  ""type"": ""Point""
}",-83.231986165,42.4333602200001
1947,9877914,LAFAYETTE,RIVARD,2016-12-02,2,12,2016,19,6,4,9,,4,0,,1,1,4,30,6,2,2,5,0,0,0,0,true,,false,false,false,false,false,,,,,,false,false,false,,,false,false,false,false,false,-83.03622,42.33634,"{
  ""coordinates"": [
    -8.303621569900000e+01,
    4.233634363100000e+01
  ],
  ""type"": ""Point""
}","{
  ""coordinates"": [
    -83.036215699,
    42.336343631
  ],
  ""type"": ""Point""
}",-83.036215699,42.336343631
1948,9880503,TIREMAN,GRANDVILLE,2016-12-02,2,12,2016,20,6,97,9,,4,0,,1,1,4,30,2,3,2,4,0,0,0,2,false,,true,false,true,false,false,,,,,,false,false,false,,,false,false,false,false,false,-83.22958,42.35042,"{
  ""coordinates"": [
    -8.322957611000000e+01,
    4.235041906300010e+01
  ],
  ""type"": ""Point""
}","{
  ""coordinates"": [
    -83.22957611,
    42.350419063
  ],
  ""type"": ""Point""
}",-83.22957611,42.3504190630001
1949,9877883,SCHAEFER,FENKELL,2016-12-02,2,12,2016,18,6,5,9,,4,0,,1,2,4,30,3,2,2,4,0,0,0,1,false,,false,false,false,false,false,,,,,,false,false,false,,,false,false,false,false,false,-83.17912,42.40187,"{
  ""coordinates"": [
    -8.317911200499999e+01,
    4.240187535600010e+01
  ],
  ""type"": ""Point""
}","{
  ""coordinates"": [
    -83.179112005,
    42.401875356
  ],
  ""type"": ""Point""
}",-83.179112005,42.4018753560001
1950,9877958,PREVOST,VASSAR,2016-12-02,2,12,2016,11,6,4,9,,,3,,2,2,1,25,2,2,1,4,0,0,0,1,false,,false,false,false,false,false,,,,,,false,false,false,,,false,false,false,false,false,-83.20435,42.43416,"{
  ""coordinates"": [
    -8.320435224600000e+01,
    4.243416345400000e+01
  ],
  ""type"": ""Point""
}","{
  ""coordinates"": [
    -83.204352246,
    42.434163454
  ],
  ""type"": ""Point""
}",-83.204352246,42.434163454
1951,9877869,I 94,MT ELLIOT,2016-12-02,2,12,2016,16,6,5,1,,1,0,,1,1,1,55,3,3,4,5,0,0,0,0,true,,false,false,false,false,false,,,,,,false,false,false,,,false,false,false,false,false,-83.03347,42.37938,"{
  ""coordinates"": [
    -8.303347129199990e+01,
    4.237937649200010e+01
  ],
  ""type"": ""Point""
}","{
  ""coordinates"": [
    -83.033471292,
    42.379376492
  ],
  ""type"": ""Point""
}",-83.0334712919999,42.3793764920001
1952,9879270,I-75,GRAND RIVER,2016-12-02,2,12,2016,14,6,8,1,,1,0,,1,2,1,55,4,2,2,5,0,0,0,0,true,,false,false,false,false,false,,,,,,false,true,false,,,false,false,false,false,false,-83.05866,42.33671,"{
  ""coordinates"": [
    -8.305866551600000e+01,
    4.233670833900000e+01
  ],
  ""type"": ""Point""
}","{
  ""coordinates"": [
    -83.058665516,
    42.336708339
  ],
  ""type"": ""Point""
}",-83.058665516,42.336708339
1953,9882809,I 96,GRAND,2016-12-02,2,12,2016,14,6,1,1,,1,1,,1,1,1,70,4,1,1,4,0,0,0,1,false,,false,false,false,false,false,,,,,,false,false,true,,,false,false,false,false,false,-83.1098,42.35561,"{
  ""coordinates"": [
    -8.310980542800000e+01,
    4.235560812100000e+01
  ],
  ""type"": ""Point""
}","{
  ""coordinates"": [
    -83.109805428,
    42.355608121
  ],
  ""type"": ""Point""
}",-83.109805428,42.355608121
1954,9879249,BAGLEY,CASS,2016-12-02,2,12,2016,18,6,6,9,,4,0,,1,1,4,35,4,2,2,4,0,0,0,1,false,,false,false,false,false,false,,,,,,false,false,false,,,false,false,false,false,false,-83.05379,42.33355,"{
  ""coordinates"": [
    -8.305379106299991e+01,
    4.233355395400010e+01
  ],
  ""type"": ""Point""
}","{
  ""coordinates"": [
    -83.053791063,
    42.333553954
  ],
  ""type"": ""Point""
}",-83.0537910629999,42.3335539540001
1955,9880529,LODGE,LIVERNOIS,2016-12-02,2,12,2016,14,6,98,3,,1,0,,1,1,1,0,3,2,2,4,0,0,0,1,false,,false,false,true,false,false,,,,,,false,false,false,,,false,false,false,false,false,-83.14022,42.40481,"{
  ""coordinates"": [
    -8.314022102099990e+01,
    4.240480708800000e+01
  ],
  ""type"": ""Point""
}","{
  ""coordinates"": [
    -83.140221021,
    42.404807088
  ],
  ""type"": ""Point""
}",-83.1402210209999,42.404807088
1956,9877882,SCHAEFER,LYNDON,2016-12-02,2,12,2016,15,6,5,9,,4,0,,1,2,1,30,4,2,3,4,0,0,0,1,false,,false,false,false,false,false,,,,,,false,false,true,,,false,false,false,false,false,-83.17868,42.39209,"{
  ""coordinates"": [
    -8.317868278200000e+01,
    4.239208640200010e+01
  ],
  ""type"": ""Point""
}","{
  ""coordinates"": [
    -83.178682782,
    42.392086402
  ],
  ""type"": ""Point""
}",-83.178682782,42.3920864020001
1957,9880443,W I 96,KENTFIELD,2016-12-02,2,12,2016,3,6,1,1,,1,0,,1,1,4,70,4,1,1,5,0,0,0,0,true,,false,false,false,false,false,,,,,,false,false,false,,,false,false,false,false,false,-83.24026,42.38347,"{
  ""coordinates"": [
    -8.324026695399991e+01,
    4.238347221300010e+01
  ],
  ""type"": ""Point""
}","{
  ""coordinates"": [
    -83.240266954,
    42.383472213
  ],
  ""type"": ""Point""
}",-83.2402669539999,42.3834722130001
1958,9880507,N M 39,FORD,2016-12-02,2,12,2016,23,6,5,3,,1,0,,1,1,4,0,2,2,2,5,0,0,0,0,true,,false,false,true,false,false,,,,,,false,false,false,,,false,false,false,false,false,-83.21558,42.32914,"{
  ""coordinates"": [
    -8.321558460200001e+01,
    4.232914242900010e+01
  ],
  ""type"": ""Point""
}","{
  ""coordinates"": [
    -83.215584602,
    42.329142429
  ],
  ""type"": ""Point""
}",-83.215584602,42.3291424290001
1959,9877937,MAIDEN,NEWPORT,2016-12-02,2,12,2016,4,6,98,9,,,0,,1,1,4,25,2,1,0,5,0,0,0,0,true,,false,false,false,false,false,,,,,,false,false,false,,,false,false,false,false,false,-82.97008,42.40756,"{
  ""coordinates"": [
    -8.297008036999991e+01,
    4.240756403000010e+01
  ],
  ""type"": ""Point""
}","{
  ""coordinates"": [
    -82.97008037,
    42.40756403
  ],
  ""type"": ""Point""
}",-82.9700803699999,42.4075640300001
1960,9877886,WYOMING,PLYMOUTH,2016-12-02,2,12,2016,18,6,5,9,,4,0,,1,1,4,35,5,2,6,3,0,0,1,1,false,,false,false,false,true,false,,,,,,false,false,false,,,false,false,false,false,false,-83.15856,42.37363,"{
  ""coordinates"": [
    -8.315856550200000e+01,
    4.237363603100000e+01
  ],
  ""type"": ""Point""
}","{
  ""coordinates"": [
    -83.158565502,
    42.373636031
  ],
  ""type"": ""Point""
}",-83.158565502,42.373636031
1961,9902927,ROSEMONT,MCNICHOLS,2016-12-02,2,12,2016,12,6,4,9,,,0,,1,2,1,25,2,2,4,4,0,0,0,1,false,,false,false,true,false,false,,,,,,false,false,true,,,false,false,false,false,false,-83.22123,42.41629,"{
  ""coordinates"": [
    -8.322122966500000e+01,
    4.241629456900010e+01
  ],
  ""type"": ""Point""
}","{
  ""coordinates"": [
    -83.221229665,
    42.416294569
  ],
  ""type"": ""Point""
}",-83.221229665,42.4162945690001
1962,9879301,DAVISON,EWALD,2016-12-02,2,12,2016,8,6,8,3,,1,0,,1,1,1,25,3,2,2,5,0,0,0,0,true,,false,false,true,false,false,,,,,,false,false,false,,,false,false,false,false,false,-83.14516,42.38626,"{
  ""coordinates"": [
    -8.314515557300000e+01,
    4.238625754700010e+01
  ],
  ""type"": ""Point""
}","{
  ""coordinates"": [
    -83.145155573,
    42.386257547
  ],
  ""type"": ""Point""
}",-83.145155573,42.3862575470001
1963,9877889,16TH,VERNOR,2016-12-02,2,12,2016,15,6,4,9,,,0,,1,1,1,25,2,2,2,5,0,0,0,0,true,,false,false,false,false,false,,,,,,false,false,false,,,false,false,false,false,false,-83.07866,42.32939,"{
  ""coordinates"": [
    -8.307866029400000e+01,
    4.232938630700000e+01
  ],
  ""type"": ""Point""
}","{
  ""coordinates"": [
    -83.078660294,
    42.329386307
  ],
  ""type"": ""Point""
}",-83.078660294,42.329386307
1964,9877893,JOHN R,WATSON,2016-12-02,2,12,2016,19,6,8,9,,4,0,,1,1,4,25,4,2,1,5,0,0,0,0,true,,false,false,true,false,false,,,,,,false,false,false,,,false,false,false,false,false,-83.05369,42.34508,"{
  ""coordinates"": [
    -8.305368891099990e+01,
    4.234507654900010e+01
  ],
  ""type"": ""Point""
}","{
  ""coordinates"": [
    -83.053688911,
    42.345076549
  ],
  ""type"": ""Point""
}",-83.0536889109999,42.3450765490001
1965,9877924,CIRCLE,FENMORE,2016-12-02,2,12,2016,11,6,8,3,,1,0,,1,1,1,30,2,2,3,4,0,0,0,1,false,,false,false,false,false,false,,,,,,false,false,false,,,false,false,false,false,false,-83.21873,42.44371,"{
  ""coordinates"": [
    -8.321873171800000e+01,
    4.244370720700000e+01
  ],
  ""type"": ""Point""
}","{
  ""coordinates"": [
    -83.218731718,
    42.443707207
  ],
  ""type"": ""Point""
}",-83.218731718,42.443707207
1966,9877827,N M 39,RAMP 012A,2016-12-02,2,12,2016,16,6,5,3,,1,0,,1,2,1,55,3,2,4,5,0,0,0,0,true,,false,false,false,false,false,,,,,,false,false,false,,,false,false,false,false,false,-83.21967,42.44091,"{
  ""coordinates"": [
    -8.321967604799990e+01,
    4.244091397000010e+01
  ],
  ""type"": ""Point""
}","{
  ""coordinates"": [
    -83.219676048,
    42.44091397
  ],
  ""type"": ""Point""
}",-83.2196760479999,42.4409139700001
1967,9877953,OUTER,YOLANDA,2016-12-02,2,12,2016,9,6,1,9,,2,0,,2,2,1,30,2,1,1,2,0,1,0,0,false,,false,false,false,false,false,,,,,,false,false,true,,,false,false,false,false,false,-83.01581,42.43831,"{
  ""coordinates"": [
    -8.301580645099990e+01,
    4.243831187000010e+01
  ],
  ""type"": ""Point""
}","{
  ""coordinates"": [
    -83.015806451,
    42.43831187
  ],
  ""type"": ""Point""
}",-83.0158064509999,42.4383118700001
1968,9877890,JEFFERSON,RANDOLPH,2016-12-02,2,12,2016,0,6,4,3,,1,0,,1,1,4,30,1,2,2,5,0,0,0,0,true,,false,false,false,false,false,,,,,,false,false,true,,,false,false,false,false,false,-83.04217,42.32988,"{
  ""coordinates"": [
    -8.304216855899990e+01,
    4.232987554600000e+01
  ],
  ""type"": ""Point""
}","{
  ""coordinates"": [
    -83.042168559,
    42.329875546
  ],
  ""type"": ""Point""
}",-83.0421685589999,42.329875546
1969,9881482,M-10,EUCLID,2016-12-02,2,12,2016,18,6,5,3,,1,0,,1,1,4,55,4,3,5,5,0,0,0,0,true,,false,false,false,false,false,,,,,,false,true,false,,,false,false,false,false,false,-83.08619,42.37388,"{
  ""coordinates"": [
    -8.308619058100000e+01,
    4.237388219300000e+01
  ],
  ""type"": ""Point""
}","{
  ""coordinates"": [
    -83.086190581,
    42.373882193
  ],
  ""type"": ""Point""
}",-83.086190581,42.373882193
1970,9877884,JOY,HUBBELL,2016-12-02,2,12,2016,5,6,4,9,,4,0,,1,1,4,30,5,2,2,4,0,0,0,2,false,,true,true,false,false,false,,,,,,false,false,true,,,false,false,false,false,false,-83.18723,42.35835,"{
  ""coordinates"": [
    -8.318723127399990e+01,
    4.235834591300010e+01
  ],
  ""type"": ""Point""
}","{
  ""coordinates"": [
    -83.187231274,
    42.358345913
  ],
  ""type"": ""Point""
}",-83.1872312739999,42.3583459130001
1971,9877952,S I 75,E I 94,2016-12-02,2,12,2016,14,6,5,1,,1,0,,1,2,1,55,2,2,2,5,0,0,0,0,true,,false,false,false,false,false,,,,,,false,false,false,,,false,false,false,false,false,-83.05811,42.36832,"{
  ""coordinates"": [
    -8.305811691100000e+01,
    4.236832516500000e+01
  ],
  ""type"": ""Point""
}","{
  ""coordinates"": [
    -83.058116911,
    42.368325165
  ],
  ""type"": ""Point""
}",-83.058116911,42.368325165
1972,9877947,DAVISON,FILER,2016-12-02,2,12,2016,16,6,4,9,,4,0,,1,1,1,35,2,2,2,4,0,0,0,1,false,,true,false,false,false,false,,,,,,false,false,true,,,false,false,false,false,false,-83.03712,42.42331,"{
  ""coordinates"": [
    -8.303712625000000e+01,
    4.242330723900010e+01
  ],
  ""type"": ""Point""
}","{
  ""coordinates"": [
    -83.03712625,
    42.423307239
  ],
  ""type"": ""Point""
}",-83.03712625,42.4233072390001
1973,9877898,MICHIGAN,GRAND,2016-12-02,2,12,2016,22,6,5,2,,1,0,,1,1,5,35,6,2,1,5,0,0,0,0,true,,true,true,true,false,false,,,,,,false,false,false,,,false,false,false,false,false,-83.0951,42.33136,"{
  ""coordinates"": [
    -8.309510347500000e+01,
    4.233136460100010e+01
  ],
  ""type"": ""Point""
}","{
  ""coordinates"": [
    -83.095103475,
    42.331364601
  ],
  ""type"": ""Point""
}",-83.095103475,42.3313646010001
1974,9877940,STATE FAIR,KELLY,2016-12-02,2,12,2016,18,6,5,9,,5,0,,1,1,4,25,3,2,3,5,0,0,0,0,true,,false,false,false,false,false,,,,,,false,false,true,,,false,false,false,false,false,-82.94687,42.44292,"{
  ""coordinates"": [
    -8.294686982600000e+01,
    4.244292051400000e+01
  ],
  ""type"": ""Point""
}","{
  ""coordinates"": [
    -82.946869826,
    42.442920514
  ],
  ""type"": ""Point""
}",-82.946869826,42.442920514
1975,9877944,DEXTER,DAVISON,2016-12-02,2,12,2016,18,6,3,3,,4,0,,1,2,4,0,5,2,1,3,0,0,1,0,false,,false,false,true,false,false,,,,,,false,true,false,,,false,false,false,false,false,-83.13087,42.38974,"{
  ""coordinates"": [
    -8.313086397700000e+01,
    4.238974160200010e+01
  ],
  ""type"": ""Point""
}","{
  ""coordinates"": [
    -83.130863977,
    42.389741602
  ],
  ""type"": ""Point""
}",-83.130863977,42.3897416020001
1976,9877927,GROVE,WOODBINE,2016-12-01,1,12,2016,19,5,4,9,,,0,,1,1,4,25,8,2,3,5,0,0,0,0,true,,false,false,false,false,false,,,,,,false,false,true,,,false,false,false,false,false,-83.27818,42.41201,"{
  ""coordinates"": [
    -8.327817257500000e+01,
    4.241200877500010e+01
  ],
  ""type"": ""Point""
}","{
  ""coordinates"": [
    -83.278172575,
    42.412008775
  ],
  ""type"": ""Point""
}",-83.278172575,42.4120087750001
1977,9882830,LIVERNOIS,CADET,2016-12-01,1,12,2016,12,5,97,9,,4,0,,1,1,1,25,4,2,5,5,0,0,0,0,true,,false,false,false,false,false,,,,,,false,false,false,,,false,false,false,false,false,-83.10863,42.31374,"{
  ""coordinates"": [
    -8.310862374899990e+01,
    4.231373544000010e+01
  ],
  ""type"": ""Point""
}","{
  ""coordinates"": [
    -83.108623749,
    42.31373544
  ],
  ""type"": ""Point""
}",-83.1086237489999,42.3137354400001
1978,9879280,RAMP 216J,I-75,2016-12-01,1,12,2016,14,5,98,1,,1,0,,2,4,1,55,6,3,4,5,0,0,0,0,true,,false,false,true,false,false,,,,,,false,true,false,,,false,false,false,false,false,-83.05739,42.36887,"{
  ""coordinates"": [
    -8.305739049499989e+01,
    4.236887540200010e+01
  ],
  ""type"": ""Point""
}","{
  ""coordinates"": [
    -83.057390495,
    42.368875402
  ],
  ""type"": ""Point""
}",-83.0573904949999,42.3688754020001
1979,9876432,OUTER,DUCHESS,2016-12-01,1,12,2016,17,5,97,9,,2,0,,2,4,3,0,4,4,4,5,0,0,0,0,true,,false,false,true,false,false,,,,,,false,false,true,,,false,false,false,false,false,-82.96398,42.41429,"{
  ""coordinates"": [
    -8.296397981699990e+01,
    4.241428754400000e+01
  ],
  ""type"": ""Point""
}","{
  ""coordinates"": [
    -82.963979817,
    42.414287544
  ],
  ""type"": ""Point""
}",-82.9639798169999,42.414287544
1980,9876404,LINWOOD,GRAND,2016-12-01,1,12,2016,13,5,5,9,,4,0,,1,2,1,30,2,2,2,3,0,0,1,0,false,,false,false,false,false,false,,,,,,false,true,false,,,false,false,false,false,false,-83.09994,42.3603,"{
  ""coordinates"": [
    -8.309993881299989e+01,
    4.236029985300010e+01
  ],
  ""type"": ""Point""
}","{
  ""coordinates"": [
    -83.099938813,
    42.360299853
  ],
  ""type"": ""Point""
}",-83.0999388129999,42.3602998530001
1981,9881481,RAMP 213C,I-94,2016-12-01,1,12,2016,5,5,1,1,,1,1,,2,4,4,0,1,1,1,5,0,0,0,0,true,,false,false,false,false,false,,,,,,false,false,false,,,false,false,false,false,false,-83.1095,42.34729,"{
  ""coordinates"": [
    -8.310950179799990e+01,
    4.234729190400000e+01
  ],
  ""type"": ""Point""
}","{
  ""coordinates"": [
    -83.109501798,
    42.347291904
  ],
  ""type"": ""Point""
}",-83.1095017979999,42.347291904
1982,9876399,BAKER,CAMPBELL,2016-12-01,1,12,2016,7,5,1,9,,,1,,2,4,2,25,1,1,1,5,0,0,0,0,true,,false,false,false,false,false,,,,,,false,false,false,,,false,false,false,false,false,-83.10345,42.3161,"{
  ""coordinates"": [
    -8.310344920499990e+01,
    4.231610041500010e+01
  ],
  ""type"": ""Point""
}","{
  ""coordinates"": [
    -83.103449205,
    42.316100415
  ],
  ""type"": ""Point""
}",-83.1034492049999,42.3161004150001
1983,9877881,CHICAGO,LITTLEFIELD,2016-12-01,1,12,2016,17,5,9,9,,4,0,,1,2,4,30,4,2,4,4,0,0,0,2,false,,false,false,false,false,false,,,,,,false,true,false,,,false,false,false,false,false,-83.17531,42.36584,"{
  ""coordinates"": [
    -8.317531171000000e+01,
    4.236584102000010e+01
  ],
  ""type"": ""Point""
}","{
  ""coordinates"": [
    -83.17531171,
    42.36584102
  ],
  ""type"": ""Point""
}",-83.17531171,42.3658410200001
1984,9876426,MOROSS,KELLY,2016-12-01,1,12,2016,16,5,4,9,,2,0,,1,1,1,30,5,2,4,4,0,0,0,1,false,,false,false,true,false,false,,,,,,false,false,true,,,false,false,false,false,false,-82.95313,42.43468,"{
  ""coordinates"": [
    -8.295312550900000e+01,
    4.243468485400010e+01
  ],
  ""type"": ""Point""
}","{
  ""coordinates"": [
    -82.953125509,
    42.434684854
  ],
  ""type"": ""Point""
}",-82.953125509,42.4346848540001
1985,9877909,OUTER,AUDUBON,2016-12-01,1,12,2016,19,5,4,9,,2,0,,1,1,4,35,2,2,4,5,0,0,0,0,true,,false,false,true,false,false,,,,,,false,false,true,,,false,false,false,false,false,-82.94115,42.40793,"{
  ""coordinates"": [
    -8.294115784699990e+01,
    4.240793013800000e+01
  ],
  ""type"": ""Point""
}","{
  ""coordinates"": [
    -82.941157847,
    42.407930138
  ],
  ""type"": ""Point""
}",-82.9411578469999,42.407930138
1986,9876457,MONICA,OUTER,2016-12-01,1,12,2016,21,5,4,9,,,0,,1,1,3,0,2,2,3,3,0,0,3,0,false,,false,false,false,false,false,,,,,,false,false,true,,,false,false,false,false,false,-83.14484,42.43535,"{
  ""coordinates"": [
    -8.314483423699990e+01,
    4.243534661600010e+01
  ],
  ""type"": ""Point""
}","{
  ""coordinates"": [
    -83.144834237,
    42.435346616
  ],
  ""type"": ""Point""
}",-83.1448342369999,42.4353466160001
1987,9877960,CASS,BURROUGHS,2016-12-01,1,12,2016,10,5,4,9,,4,0,,1,2,1,25,4,2,2,5,0,0,0,0,true,,false,false,false,false,false,,,,,,false,false,true,,,false,false,false,false,false,-83.07186,42.36511,"{
  ""coordinates"": [
    -8.307185785699990e+01,
    4.236510721800000e+01
  ],
  ""type"": ""Point""
}","{
  ""coordinates"": [
    -83.071857857,
    42.365107218
  ],
  ""type"": ""Point""
}",-83.0718578569999,42.365107218
1988,9890234,W/B I-94,MT ELLIOTT,2016-12-01,1,12,2016,6,5,8,1,,1,0,,1,1,4,55,3,2,1,5,0,0,0,0,true,,false,false,true,false,false,,,,,,false,false,false,,,false,false,false,false,false,-83.01835,42.38696,"{
  ""coordinates"": [
    -8.301835095300000e+01,
    4.238695958000010e+01
  ],
  ""type"": ""Point""
}","{
  ""coordinates"": [
    -83.018350953,
    42.38695958
  ],
  ""type"": ""Point""
}",-83.018350953,42.3869595800001
1989,9876427,PINEWOOD,WALTHAM,2016-12-01,1,12,2016,20,5,97,9,,,0,,1,1,4,25,1,3,5,4,0,0,0,4,false,,false,false,false,true,false,,,,,,false,false,false,,,false,false,false,false,false,-82.99509,42.43832,"{
  ""coordinates"": [
    -8.299509573099991e+01,
    4.243831807000000e+01
  ],
  ""type"": ""Point""
}","{
  ""coordinates"": [
    -82.995095731,
    42.43831807
  ],
  ""type"": ""Point""
}",-82.9950957309999,42.43831807
1990,9876444,MT ELLIOTT,HUBER,2016-12-01,1,12,2016,11,5,5,9,,4,0,,1,1,1,35,4,2,3,4,0,0,0,1,false,,false,false,false,false,false,,,,,,false,true,false,,,false,false,false,false,false,-83.03757,42.39751,"{
  ""coordinates"": [
    -8.303757616199989e+01,
    4.239750715800010e+01
  ],
  ""type"": ""Point""
}","{
  ""coordinates"": [
    -83.037576162,
    42.397507158
  ],
  ""type"": ""Point""
}",-83.0375761619999,42.3975071580001
1991,9917201,FORT,RAMP 029C,2016-12-01,1,12,2016,19,5,1,3,,1,1,,1,1,4,55,1,1,2,5,0,0,0,0,true,,false,false,false,false,false,,,,,,false,false,false,,,false,false,false,false,false,-83.15389,42.27745,"{
  ""coordinates"": [
    -8.315389071899990e+01,
    4.227744736200000e+01
  ],
  ""type"": ""Point""
}","{
  ""coordinates"": [
    -83.153890719,
    42.277447362
  ],
  ""type"": ""Point""
}",-83.1538907189999,42.277447362
1992,9876456,HULL,STATE FAIR,2016-12-01,1,12,2016,1,5,10,9,,,0,,1,1,5,0,1,2,2,5,0,0,0,0,true,,false,false,false,false,false,,,,,,false,false,false,,,false,false,false,false,false,-83.08895,42.4399,"{
  ""coordinates"": [
    -8.308895107900000e+01,
    4.243989582600010e+01
  ],
  ""type"": ""Point""
}","{
  ""coordinates"": [
    -83.088951079,
    42.439895826
  ],
  ""type"": ""Point""
}",-83.088951079,42.4398958260001
1993,9877870,MICHIGAN,WASHINGTON,2016-12-01,1,12,2016,14,5,8,9,,4,0,,1,1,1,30,4,2,2,5,0,0,0,0,true,,false,false,false,false,false,,,,,,false,false,false,,,false,false,false,false,false,-83.05119,42.33168,"{
  ""coordinates"": [
    -8.305118833400000e+01,
    4.233167518000000e+01
  ],
  ""type"": ""Point""
}","{
  ""coordinates"": [
    -83.051188334,
    42.33167518
  ],
  ""type"": ""Point""
}",-83.051188334,42.33167518
1994,9876425,N M 39,GRAND RIVER,2016-12-01,1,12,2016,17,5,5,3,,1,0,,1,1,1,55,4,2,1,5,0,0,0,0,true,,false,false,false,false,false,,,,,,false,false,false,,,false,false,false,false,false,-83.21819,42.40039,"{
  ""coordinates"": [
    -8.321819376799991e+01,
    4.240038935100010e+01
  ],
  ""type"": ""Point""
}","{
  ""coordinates"": [
    -83.218193768,
    42.400389351
  ],
  ""type"": ""Point""
}",-83.2181937679999,42.4003893510001
1995,9877908,PARKINSON,ST JOHN,2016-12-01,1,12,2016,0,5,4,9,,,0,,2,1,1,25,3,2,1,5,0,0,0,0,true,,true,false,true,false,false,,,,,,false,false,true,,,false,false,false,false,false,-83.13009,42.32879,"{
  ""coordinates"": [
    -8.313008786700000e+01,
    4.232879387200010e+01
  ],
  ""type"": ""Point""
}","{
  ""coordinates"": [
    -83.130087867,
    42.328793872
  ],
  ""type"": ""Point""
}",-83.130087867,42.3287938720001
1996,9876424,RAMP 051G,8 MILE,2016-12-01,1,12,2016,15,5,5,2,,1,0,,2,4,1,0,2,2,2,5,0,0,0,0,true,,false,false,false,false,false,,,,,,false,false,true,,,false,false,false,false,false,-83.27931,42.44267,"{
  ""coordinates"": [
    -8.327931337299999e+01,
    4.244267335000010e+01
  ],
  ""type"": ""Point""
}","{
  ""coordinates"": [
    -83.279313373,
    42.44267335
  ],
  ""type"": ""Point""
}",-83.279313373,42.4426733500001