ObjectId,Crash ID,Primary Road,Intersecting Road,Crash Date,Day,Month,Year,Hour,Weekday,Crash Type Code,Highway Classification Code,Community Code,Jurisdiction Code,Lane Departure Type Code,Surface Type,Road Condition,Weather Condition,Lighting Condition,Speed Limit,Lanes,Units,Occupants,Most Severe Injury,Fatal Injuries,Suspected Serious Injuries,Suspected Minor Injuries,Possible Injuries,Property Damage Only,Secondary Crash,Traffic Control,Red Light Run,Hit and Run,Alcohol,Drugs,Unbelted Person,Work Zone,Speeding Driver,Distracted Driver,Driveway,Pedestrian,Elderly Driver,Young Driver,Commercial Vehicle,Emergency Vehicles,Train,School Bus,Motorcycle,Bicycle,Deer,Longitude,Latitude,geom,geog,x,y
1997,9876443,RYAN,GRIXDALE,2016-12-01,1,12,2016,11,5,98,9,,4,0,,1,1,1,25,2,2,1,5,0,0,0,0,true,,false,false,false,false,false,,,,,,false,false,false,,,false,false,false,false,false,-83.06284,42.42857,"{
  ""coordinates"": [
    -8.306284353300001e+01,
    4.242857177300000e+01
  ],
  ""type"": ""Point""
}","{
  ""coordinates"": [
    -83.062843533,
    42.428571773
  ],
  ""type"": ""Point""
}",-83.062843533,42.428571773
1998,9879269,N M 39,RAMP 008B,2016-12-01,1,12,2016,17,5,5,3,,1,0,,1,1,4,55,3,2,2,5,0,0,0,0,true,,false,false,false,false,false,,,,,,false,false,false,,,false,false,false,false,false,-83.21667,42.37459,"{
  ""coordinates"": [
    -8.321667588799990e+01,
    4.237458621700010e+01
  ],
  ""type"": ""Point""
}","{
  ""coordinates"": [
    -83.216675888,
    42.374586217
  ],
  ""type"": ""Point""
}",-83.2166758879999,42.3745862170001
1999,9890245,WILLIS,CASS,2016-12-01,1,12,2016,8,5,8,9,,,0,,2,1,1,30,2,2,2,5,0,0,0,0,true,,false,false,false,false,false,,,,,,false,false,false,,,false,false,false,false,false,-83.06377,42.35042,"{
  ""coordinates"": [
    -8.306377165200000e+01,
    4.235042215800010e+01
  ],
  ""type"": ""Point""
}","{
  ""coordinates"": [
    -83.063771652,
    42.350422158
  ],
  ""type"": ""Point""
}",-83.063771652,42.3504221580001
2000,9876435,MOROSS,MARNE,2016-12-01,1,12,2016,9,5,1,9,,2,1,,2,2,1,35,2,1,1,5,0,0,0,0,true,,false,false,false,false,false,,,,,,false,false,false,,,false,false,false,false,false,-82.9349,42.42691,"{
  ""coordinates"": [
    -8.293489624499990e+01,
    4.242691177600010e+01
  ],
  ""type"": ""Point""
}","{
  ""coordinates"": [
    -82.934896245,
    42.426911776
  ],
  ""type"": ""Point""
}",-82.9348962449999,42.4269117760001
2001,9880442,W I 96,KENTFIELD,2016-12-01,1,12,2016,5,5,1,1,,1,1,,2,5,4,55,4,1,1,5,0,0,0,0,true,,false,false,false,false,false,,,,,,false,false,false,,,false,false,false,false,false,-83.24069,42.38383,"{
  ""coordinates"": [
    -8.324068917600000e+01,
    4.238383334400000e+01
  ],
  ""type"": ""Point""
}","{
  ""coordinates"": [
    -83.240689176,
    42.383833344
  ],
  ""type"": ""Point""
}",-83.240689176,42.383833344
2002,9876434,BALFOUR,MORANG,2016-12-01,1,12,2016,8,5,9,9,,,2,,2,1,1,25,2,2,0,5,0,0,0,0,true,,false,false,true,false,false,,,,,,false,false,false,,,false,false,false,false,false,-82.94273,42.42284,"{
  ""coordinates"": [
    -8.294272855799990e+01,
    4.242283906200000e+01
  ],
  ""type"": ""Point""
}","{
  ""coordinates"": [
    -82.942728558,
    42.422839062
  ],
  ""type"": ""Point""
}",-82.9427285579999,42.422839062
2003,9887535,CADIEUX,I 94,2016-12-01,1,12,2016,7,5,5,1,,4,0,,1,2,4,35,2,2,2,5,0,0,0,0,true,,false,false,false,false,false,,,,,,false,false,false,,,false,false,false,false,false,-82.93713,42.41721,"{
  ""coordinates"": [
    -8.293713544300000e+01,
    4.241720745500000e+01
  ],
  ""type"": ""Point""
}","{
  ""coordinates"": [
    -82.937135443,
    42.417207455
  ],
  ""type"": ""Point""
}",-82.937135443,42.417207455
2004,9877933,MCNICHOLS,HARLOW,2016-12-01,1,12,2016,18,5,4,9,,2,0,,2,2,4,35,4,2,3,4,0,0,0,1,false,,false,false,false,false,false,,,,,,false,true,false,,,false,false,false,false,false,-83.21559,42.41562,"{
  ""coordinates"": [
    -8.321559468700001e+01,
    4.241562003800000e+01
  ],
  ""type"": ""Point""
}","{
  ""coordinates"": [
    -83.215594687,
    42.415620038
  ],
  ""type"": ""Point""
}",-83.215594687,42.415620038
2005,9875401,RAMP 036C,E I 96,2016-12-01,1,12,2016,2,5,1,1,,1,1,,1,2,4,70,1,1,1,5,0,0,0,0,true,,false,false,false,false,false,,,,,,false,false,false,,,false,false,false,false,false,-83.08697,42.32967,"{
  ""coordinates"": [
    -8.308696653399990e+01,
    4.232966577000010e+01
  ],
  ""type"": ""Point""
}","{
  ""coordinates"": [
    -83.086966534,
    42.32966577
  ],
  ""type"": ""Point""
}",-83.0869665339999,42.3296657700001
2006,9876438,LIVERNOIS,OAKMAN,2016-12-01,1,12,2016,18,5,5,9,,4,0,,98,98,98,30,2,2,2,5,0,0,0,0,true,,false,false,false,false,false,,,,,,false,false,false,,,false,false,false,false,false,-83.1398,42.39032,"{
  ""coordinates"": [
    -8.313980426300000e+01,
    4.239032139500010e+01
  ],
  ""type"": ""Point""
}","{
  ""coordinates"": [
    -83.139804263,
    42.390321395
  ],
  ""type"": ""Point""
}",-83.139804263,42.3903213950001
2007,9876437,7 MILE,LANGHOLM,2016-12-01,1,12,2016,15,5,4,9,,4,0,,2,1,1,35,2,2,6,4,0,0,0,3,false,,false,false,false,false,false,,,,,,false,false,true,,,false,false,false,false,false,-83.01117,42.43425,"{
  ""coordinates"": [
    -8.301117317200000e+01,
    4.243425168900010e+01
  ],
  ""type"": ""Point""
}","{
  ""coordinates"": [
    -83.011173172,
    42.434251689
  ],
  ""type"": ""Point""
}",-83.011173172,42.4342516890001
2008,9875409,FORT,TRUMBULL,2016-12-01,1,12,2016,0,5,5,3,,1,0,,1,2,4,35,7,2,2,5,0,0,0,0,true,,false,false,false,true,false,,,,,,false,false,false,,,false,false,false,false,false,-83.06165,42.32457,"{
  ""coordinates"": [
    -8.306165047600000e+01,
    4.232457131000010e+01
  ],
  ""type"": ""Point""
}","{
  ""coordinates"": [
    -83.061650476,
    42.32457131
  ],
  ""type"": ""Point""
}",-83.061650476,42.3245713100001
2009,9876441,DEXTER,DAVISON,2016-12-01,1,12,2016,17,5,97,3,,4,0,,1,2,4,30,5,2,2,5,0,0,0,0,true,,false,false,false,false,false,,,,,,false,true,false,,,false,false,false,false,false,-83.13089,42.38978,"{
  ""coordinates"": [
    -8.313089017500000e+01,
    4.238978062800000e+01
  ],
  ""type"": ""Point""
}","{
  ""coordinates"": [
    -83.130890175,
    42.389780628
  ],
  ""type"": ""Point""
}",-83.130890175,42.389780628
2010,9876440,LINWOOD,LOTHROP,2016-12-01,1,12,2016,21,5,1,9,,4,0,,2,4,4,30,2,1,1,5,0,0,0,0,true,,false,false,false,false,false,,,,,,false,false,false,,,false,false,false,false,false,-83.10079,42.36155,"{
  ""coordinates"": [
    -8.310079264800000e+01,
    4.236154412800000e+01
  ],
  ""type"": ""Point""
}","{
  ""coordinates"": [
    -83.100792648,
    42.361544128
  ],
  ""type"": ""Point""
}",-83.100792648,42.361544128
2011,9881457,M 39,SCHOOLCRAFT,2016-12-01,1,12,2016,17,5,5,3,,1,0,,1,1,4,55,3,3,3,5,0,0,0,0,true,,false,false,true,false,false,,,,,,false,false,false,,,false,false,false,false,false,-83.21771,42.38643,"{
  ""coordinates"": [
    -8.321771509599991e+01,
    4.238643200100010e+01
  ],
  ""type"": ""Point""
}","{
  ""coordinates"": [
    -83.217715096,
    42.386432001
  ],
  ""type"": ""Point""
}",-83.2177150959999,42.3864320010001
2012,9879265,I-75,FOREST,2016-12-01,1,12,2016,8,5,8,1,,1,0,,2,4,1,55,3,2,1,5,0,0,0,0,true,,false,false,false,false,false,,,,,,false,false,false,,,false,false,false,false,false,-83.05518,42.3621,"{
  ""coordinates"": [
    -8.305517847100000e+01,
    4.236209813000000e+01
  ],
  ""type"": ""Point""
}","{
  ""coordinates"": [
    -83.055178471,
    42.36209813
  ],
  ""type"": ""Point""
}",-83.055178471,42.36209813
2013,9879255,RAMP 213F,W I 96,2016-12-01,1,12,2016,16,5,8,1,,1,0,,2,4,1,70,5,2,1,5,0,0,0,0,true,,false,false,true,false,false,,,,,,false,false,false,,,false,false,false,false,false,-83.09872,42.35003,"{
  ""coordinates"": [
    -8.309872549400001e+01,
    4.235003367900000e+01
  ],
  ""type"": ""Point""
}","{
  ""coordinates"": [
    -83.098725494,
    42.350033679
  ],
  ""type"": ""Point""
}",-83.098725494,42.350033679
2014,9877930,MCNICHOLS,WINTROP,2016-12-01,1,12,2016,17,5,8,9,,2,0,,2,4,4,35,6,2,4,5,0,0,0,0,true,,false,false,true,false,false,,,,,,false,false,false,,,false,false,false,false,false,-83.20038,42.41595,"{
  ""coordinates"": [
    -8.320037577700000e+01,
    4.241595243700000e+01
  ],
  ""type"": ""Point""
}","{
  ""coordinates"": [
    -83.200375777,
    42.415952437
  ],
  ""type"": ""Point""
}",-83.200375777,42.415952437
2015,9877962,I 75 SERVICE,WARREN,2016-12-01,1,12,2016,17,5,4,1,,4,0,,1,2,3,25,8,2,5,5,0,0,0,0,true,,false,false,false,false,false,,,,,,false,false,true,,,false,false,false,false,false,-83.05489,42.3606,"{
  ""coordinates"": [
    -8.305489096799990e+01,
    4.236060348500010e+01
  ],
  ""type"": ""Point""
}","{
  ""coordinates"": [
    -83.054890968,
    42.360603485
  ],
  ""type"": ""Point""
}",-83.0548909679999,42.3606034850001
2016,9908208,W I 94,LINWOOD,2016-12-01,1,12,2016,21,5,8,1,,1,0,,2,4,4,55,4,2,2,4,0,0,0,2,false,,false,false,false,false,false,,,,,,false,false,false,,,false,false,false,false,false,-83.09396,42.35186,"{
  ""coordinates"": [
    -8.309395968200000e+01,
    4.235185865300010e+01
  ],
  ""type"": ""Point""
}","{
  ""coordinates"": [
    -83.093959682,
    42.351858653
  ],
  ""type"": ""Point""
}",-83.093959682,42.3518586530001
2017,9876433,WHITTIER,E I 94,2016-12-01,1,12,2016,18,5,4,9,,4,0,,2,4,4,35,2,2,2,5,0,0,0,0,true,,true,true,false,false,false,,,,,,false,false,false,,,false,false,false,false,false,-82.94321,42.41286,"{
  ""coordinates"": [
    -8.294320764100000e+01,
    4.241285946400010e+01
  ],
  ""type"": ""Point""
}","{
  ""coordinates"": [
    -82.943207641,
    42.412859464
  ],
  ""type"": ""Point""
}",-82.943207641,42.4128594640001
2018,9876421,HARPER,BURNS,2016-12-01,1,12,2016,7,5,4,9,,4,0,,2,1,1,0,6,2,2,4,0,0,0,1,false,,false,false,false,false,false,,,,,,false,false,false,,,false,false,false,false,false,-83.01518,42.39041,"{
  ""coordinates"": [
    -8.301518481799999e+01,
    4.239040679900010e+01
  ],
  ""type"": ""Point""
}","{
  ""coordinates"": [
    -83.015184818,
    42.390406799
  ],
  ""type"": ""Point""
}",-83.015184818,42.3904067990001
2019,9880492,JEFFERSON,JEFFERSON,2016-12-01,1,12,2016,12,5,4,9,,4,0,,1,2,1,35,7,2,3,5,0,0,0,0,true,,true,true,false,false,false,,,,,,false,true,false,,,false,false,false,false,false,-83.008,42.34454,"{
  ""coordinates"": [
    -8.300800606300000e+01,
    4.234453434900010e+01
  ],
  ""type"": ""Point""
}","{
  ""coordinates"": [
    -83.008006063,
    42.344534349
  ],
  ""type"": ""Point""
}",-83.008006063,42.3445343490001
2020,9880524,ROSA PARKS,CLAIRMOUNT,2016-12-01,1,12,2016,22,5,4,9,,4,0,,1,1,4,25,2,2,4,5,0,0,0,0,true,,true,true,true,false,false,,,,,,false,false,false,,,false,false,false,false,false,-83.09949,42.37659,"{
  ""coordinates"": [
    -8.309948663400000e+01,
    4.237658986400000e+01
  ],
  ""type"": ""Point""
}","{
  ""coordinates"": [
    -83.099486634,
    42.376589864
  ],
  ""type"": ""Point""
}",-83.099486634,42.376589864
2021,9876408,N M 39,WARREN,2016-12-01,1,12,2016,15,5,97,3,,1,0,,2,2,1,55,6,2,1,5,0,0,0,0,true,,false,false,true,false,false,,,,,,false,false,false,,,false,false,false,false,false,-83.21609,42.34473,"{
  ""coordinates"": [
    -8.321608546300000e+01,
    4.234473232100000e+01
  ],
  ""type"": ""Point""
}","{
  ""coordinates"": [
    -83.216085463,
    42.344732321
  ],
  ""type"": ""Point""
}",-83.216085463,42.344732321
2022,9876422,MT ELLIOTT,ST PAUL,2016-12-01,1,12,2016,10,5,8,9,,4,0,,1,1,1,30,1,2,2,4,0,0,0,1,false,,false,false,false,false,false,,,,,,false,true,false,,,false,false,false,false,false,-83.01451,42.35055,"{
  ""coordinates"": [
    -8.301450740400000e+01,
    4.235055160500010e+01
  ],
  ""type"": ""Point""
}","{
  ""coordinates"": [
    -83.014507404,
    42.350551605
  ],
  ""type"": ""Point""
}",-83.014507404,42.3505516050001
2023,9880518,ROWE,7 MILE,2016-12-01,1,12,2016,22,5,1,9,,,0,,1,1,4,25,2,1,1,5,0,0,0,0,true,,false,false,false,false,false,,,,,,false,false,false,,,false,false,false,false,false,-83.00346,42.43501,"{
  ""coordinates"": [
    -8.300346540500000e+01,
    4.243501316900010e+01
  ],
  ""type"": ""Point""
}","{
  ""coordinates"": [
    -83.003465405,
    42.435013169
  ],
  ""type"": ""Point""
}",-83.003465405,42.4350131690001
2024,9877913,WESTMORELAND,7 MILE,2016-12-01,1,12,2016,22,5,97,9,,,0,,1,1,5,30,1,2,0,5,0,0,0,0,true,,false,false,true,false,false,,,,,,false,false,false,,,false,false,false,false,false,-83.23668,42.42985,"{
  ""coordinates"": [
    -8.323667744900000e+01,
    4.242984831500010e+01
  ],
  ""type"": ""Point""
}","{
  ""coordinates"": [
    -83.236677449,
    42.429848315
  ],
  ""type"": ""Point""
}",-83.236677449,42.4298483150001
2025,9876450,7 MILE,ASBURY,2016-12-01,1,12,2016,18,5,6,9,,2,0,,2,4,4,30,2,2,3,4,0,0,0,3,false,,false,false,false,false,false,,,,,,false,true,true,,,false,false,false,false,false,-83.20969,42.43027,"{
  ""coordinates"": [
    -8.320968368099990e+01,
    4.243027146500000e+01
  ],
  ""type"": ""Point""
}","{
  ""coordinates"": [
    -83.209683681,
    42.430271465
  ],
  ""type"": ""Point""
}",-83.2096836809999,42.430271465
2026,9876416,GRANDMONT,CHICAGO,2016-12-01,1,12,2016,21,5,5,9,,,0,,2,4,1,25,1,2,1,4,0,0,0,1,false,,false,false,true,false,false,,,,,,false,false,true,,,false,false,false,false,false,-83.20937,42.36518,"{
  ""coordinates"": [
    -8.320936827299990e+01,
    4.236517590200000e+01
  ],
  ""type"": ""Point""
}","{
  ""coordinates"": [
    -83.209368273,
    42.365175902
  ],
  ""type"": ""Point""
}",-83.2093682729999,42.365175902
2027,9880534,OUTER,GREENFIELD,2016-12-01,1,12,2016,16,5,5,9,,2,0,,2,4,1,30,4,2,2,5,0,0,0,0,true,,false,false,false,false,false,,,,,,false,true,false,,,false,false,false,false,false,-83.19946,42.41946,"{
  ""coordinates"": [
    -8.319945775399999e+01,
    4.241946415000010e+01
  ],
  ""type"": ""Point""
}","{
  ""coordinates"": [
    -83.199457754,
    42.41946415
  ],
  ""type"": ""Point""
}",-83.199457754,42.4194641500001
2028,9881465,I-94,LONYO,2016-12-01,1,12,2016,14,5,5,1,,1,0,,2,4,1,55,3,2,2,5,0,0,0,0,true,,false,false,true,false,false,,,,,,false,false,false,,,false,false,false,false,false,-83.14035,42.33213,"{
  ""coordinates"": [
    -8.314035054300000e+01,
    4.233212622100010e+01
  ],
  ""type"": ""Point""
}","{
  ""coordinates"": [
    -83.140350543,
    42.332126221
  ],
  ""type"": ""Point""
}",-83.140350543,42.3321262210001
2029,9907341,I-75,DEARBORN,2016-12-01,1,12,2016,8,5,5,1,,1,0,,2,4,2,70,4,3,4,5,0,0,0,0,true,,false,false,false,false,false,,,,,,false,false,true,,,false,false,false,false,false,-83.12766,42.29325,"{
  ""coordinates"": [
    -8.312765288000000e+01,
    4.229325228500010e+01
  ],
  ""type"": ""Point""
}","{
  ""coordinates"": [
    -83.12765288,
    42.293252285
  ],
  ""type"": ""Point""
}",-83.12765288,42.2932522850001
2030,9876410,OUTER,SOUTHFIELD SERVICE DRIVE,2016-12-01,1,12,2016,18,5,97,9,,2,0,,2,2,3,35,2,2,5,5,0,0,0,0,true,,false,false,false,false,false,,,,,,false,false,false,,,false,false,false,false,false,-83.2172,42.41911,"{
  ""coordinates"": [
    -8.321720027100000e+01,
    4.241910458000010e+01
  ],
  ""type"": ""Point""
}","{
  ""coordinates"": [
    -83.217200271,
    42.41910458
  ],
  ""type"": ""Point""
}",-83.217200271,42.4191045800001
2031,9879289,MOUNT ELLIOTT,E I 94,2016-12-01,1,12,2016,9,5,8,9,,4,0,,2,1,1,35,2,2,2,5,0,0,0,0,true,,false,false,true,true,false,,,,,,false,false,false,,,false,false,false,false,false,-83.0336,42.37908,"{
  ""coordinates"": [
    -8.303359650499991e+01,
    4.237908155900000e+01
  ],
  ""type"": ""Point""
}","{
  ""coordinates"": [
    -83.033596505,
    42.379081559
  ],
  ""type"": ""Point""
}",-83.0335965049999,42.379081559
2032,9879278,I-94,CHENE,2016-12-01,1,12,2016,6,5,5,1,,1,0,,2,4,4,55,3,2,2,5,0,0,0,0,true,,false,false,false,false,false,,,,,,false,false,true,,,false,false,false,false,false,-83.05478,42.37082,"{
  ""coordinates"": [
    -8.305477764100000e+01,
    4.237082185900000e+01
  ],
  ""type"": ""Point""
}","{
  ""coordinates"": [
    -83.054777641,
    42.370821859
  ],
  ""type"": ""Point""
}",-83.054777641,42.370821859
2033,9881466,S I 75,PIQUETTE,2016-12-01,1,12,2016,16,5,1,1,,1,0,,1,2,3,55,4,1,1,5,0,0,0,0,true,,false,false,false,false,false,,,,,,false,true,false,,,false,false,false,false,false,-83.05942,42.37137,"{
  ""coordinates"": [
    -8.305941718400000e+01,
    4.237137286700000e+01
  ],
  ""type"": ""Point""
}","{
  ""coordinates"": [
    -83.059417184,
    42.371372867
  ],
  ""type"": ""Point""
}",-83.059417184,42.371372867
2034,9879264,I-75,DAVISON,2016-12-01,1,12,2016,8,5,8,1,,1,0,,2,4,1,70,4,2,1,5,0,0,0,0,true,,false,false,true,false,false,,,,,,false,false,false,,,false,false,false,false,false,-83.07802,42.40763,"{
  ""coordinates"": [
    -8.307801458599990e+01,
    4.240762770700010e+01
  ],
  ""type"": ""Point""
}","{
  ""coordinates"": [
    -83.078014586,
    42.407627707
  ],
  ""type"": ""Point""
}",-83.0780145859999,42.4076277070001
2035,9876400,GRAND RIVER,MEYERS,2016-12-01,1,12,2016,1,5,4,3,,1,0,,1,2,4,35,4,2,2,5,0,0,0,0,true,,true,true,false,false,false,,,,,,false,false,false,,,false,false,false,false,false,-83.16845,42.38059,"{
  ""coordinates"": [
    -8.316844817700000e+01,
    4.238059102700000e+01
  ],
  ""type"": ""Point""
}","{
  ""coordinates"": [
    -83.168448177,
    42.380591027
  ],
  ""type"": ""Point""
}",-83.168448177,42.380591027
2036,9876402,SMITH,JOHN R,2016-12-01,1,12,2016,16,5,8,9,,,0,,1,1,1,25,2,2,3,5,0,0,0,0,true,,false,false,false,false,false,,,,,,false,true,true,,,false,false,false,false,false,-83.07104,42.3747,"{
  ""coordinates"": [
    -8.307103998600000e+01,
    4.237470359400000e+01
  ],
  ""type"": ""Point""
}","{
  ""coordinates"": [
    -83.071039986,
    42.374703594
  ],
  ""type"": ""Point""
}",-83.071039986,42.374703594
2037,9877919,7 MILE,WINTHROP,2016-12-01,1,12,2016,8,5,8,9,,2,0,,2,4,1,35,4,2,1,5,0,0,0,0,true,,false,false,false,false,true,,,,,,false,false,false,,,false,true,false,false,false,-83.201,42.4304,"{
  ""coordinates"": [
    -8.320099507299990e+01,
    4.243039929700010e+01
  ],
  ""type"": ""Point""
}","{
  ""coordinates"": [
    -83.200995073,
    42.430399297
  ],
  ""type"": ""Point""
}",-83.2009950729999,42.4303992970001
2038,9879250,S/B I-375,LAFAYETTE,2016-12-01,1,12,2016,9,5,5,1,,1,0,,1,2,1,55,3,2,2,5,0,0,0,0,true,,false,false,false,false,false,,,,,,false,false,false,,,false,false,false,false,false,-83.04027,42.33876,"{
  ""coordinates"": [
    -8.304026618300000e+01,
    4.233876302700000e+01
  ],
  ""type"": ""Point""
}","{
  ""coordinates"": [
    -83.040266183,
    42.338763027
  ],
  ""type"": ""Point""
}",-83.040266183,42.338763027
2039,9879273,I-96,EVERGREEN,2016-12-01,1,12,2016,7,5,1,1,,1,1,,2,4,2,70,3,1,1,3,0,0,1,0,false,,false,false,false,false,false,,,,,,false,false,true,,,false,false,false,false,false,-83.23991,42.38317,"{
  ""coordinates"": [
    -8.323990870900001e+01,
    4.238316579800010e+01
  ],
  ""type"": ""Point""
}","{
  ""coordinates"": [
    -83.239908709,
    42.383165798
  ],
  ""type"": ""Point""
}",-83.239908709,42.3831657980001
2040,9876452,8 MILE,WOODWARDWARD,2016-12-01,1,12,2016,15,5,5,3,,1,0,,2,2,1,40,5,3,5,5,0,0,0,0,true,,false,false,false,false,false,,,,,,false,false,false,,,false,false,false,false,false,-83.12556,42.44648,"{
  ""coordinates"": [
    -8.312556479300000e+01,
    4.244648532300000e+01
  ],
  ""type"": ""Point""
}","{
  ""coordinates"": [
    -83.125564793,
    42.446485323
  ],
  ""type"": ""Point""
}",-83.125564793,42.446485323
2041,9881488,I 94,CONNER,2016-12-01,1,12,2016,20,5,5,1,,1,0,,2,4,4,55,3,2,3,5,0,0,0,0,true,,false,false,false,false,false,,,,,,false,false,false,,,false,false,false,false,false,-82.99052,42.39458,"{
  ""coordinates"": [
    -8.299052506800000e+01,
    4.239457948900010e+01
  ],
  ""type"": ""Point""
}","{
  ""coordinates"": [
    -82.990525068,
    42.394579489
  ],
  ""type"": ""Point""
}",-82.990525068,42.3945794890001
2042,9879254,E/B I-94,MOROSS,2016-12-01,1,12,2016,10,5,1,1,,1,0,,1,1,1,55,3,1,1,4,0,0,0,1,false,,false,false,false,false,false,,,,,,false,false,true,,,false,false,false,false,false,-82.9287,42.42442,"{
  ""coordinates"": [
    -8.292870604900000e+01,
    4.242442244200000e+01
  ],
  ""type"": ""Point""
}","{
  ""coordinates"": [
    -82.928706049,
    42.424422442
  ],
  ""type"": ""Point""
}",-82.928706049,42.424422442
2043,9876453,7 MILE,DANBURY,2016-11-30,30,11,2016,16,4,5,9,,4,0,,1,1,1,30,4,2,2,5,0,0,0,0,true,,false,false,false,false,false,,,,,,false,false,false,,,false,false,false,false,false,-83.10628,42.43222,"{
  ""coordinates"": [
    -8.310627639900000e+01,
    4.243221579500000e+01
  ],
  ""type"": ""Point""
}","{
  ""coordinates"": [
    -83.106276399,
    42.432215795
  ],
  ""type"": ""Point""
}",-83.106276399,42.432215795
2044,9876413,FORD,SOUTHFIELD,2016-11-30,30,11,2016,12,4,5,3,,1,0,,1,1,1,50,5,2,2,5,0,0,0,0,true,,false,false,false,false,false,,,,,,false,true,false,,,false,false,false,false,false,-83.21691,42.32908,"{
  ""coordinates"": [
    -8.321691205799991e+01,
    4.232907791700010e+01
  ],
  ""type"": ""Point""
}","{
  ""coordinates"": [
    -83.216912058,
    42.329077917
  ],
  ""type"": ""Point""
}",-83.2169120579999,42.3290779170001
2045,9875393,I-94,CECIL,2016-11-30,30,11,2016,17,4,5,1,,1,0,,1,1,4,55,3,2,2,5,0,0,0,0,true,,false,false,false,false,false,,,,,,false,false,true,,,false,false,false,false,false,-83.13158,42.33466,"{
  ""coordinates"": [
    -8.313157281500000e+01,
    4.233465652300000e+01
  ],
  ""type"": ""Point""
}","{
  ""coordinates"": [
    -83.131572815,
    42.334656523
  ],
  ""type"": ""Point""
}",-83.131572815,42.334656523
2046,9875394,M-10,GRAND RIVER,2016-11-30,30,11,2016,18,4,5,3,,1,0,,1,1,4,55,3,2,3,5,0,0,0,0,true,,false,false,false,false,false,,,,,,false,false,false,,,false,false,false,false,false,-83.06661,42.33974,"{
  ""coordinates"": [
    -8.306661232000000e+01,
    4.233973536700010e+01
  ],
  ""type"": ""Point""
}","{
  ""coordinates"": [
    -83.06661232,
    42.339735367
  ],
  ""type"": ""Point""
}",-83.06661232,42.3397353670001
2047,9879272,M-39,JOY,2016-11-30,30,11,2016,17,4,5,3,,1,0,,1,2,4,55,3,2,1,5,0,0,0,0,true,,false,false,true,false,false,,,,,,false,false,false,,,false,false,false,false,false,-83.2164,42.35812,"{
  ""coordinates"": [
    -8.321640087700000e+01,
    4.235812259100000e+01
  ],
  ""type"": ""Point""
}","{
  ""coordinates"": [
    -83.216400877,
    42.358122591
  ],
  ""type"": ""Point""
}",-83.216400877,42.358122591
2048,9881516,MC NICHOLS,PINEHURST,2016-11-30,30,11,2016,20,4,9,9,,2,2,,1,1,4,35,4,3,3,5,0,0,0,0,true,,false,false,false,false,false,,,,,,false,false,false,,,false,false,false,false,false,-83.1666,42.41675,"{
  ""coordinates"": [
    -8.316660293299999e+01,
    4.241675216600000e+01
  ],
  ""type"": ""Point""
}","{
  ""coordinates"": [
    -83.166602933,
    42.416752166
  ],
  ""type"": ""Point""
}",-83.166602933,42.416752166
2049,9875415,GRATIOT,FRENCH,2016-11-30,30,11,2016,17,4,5,3,,1,0,,2,4,4,35,4,2,2,5,0,0,0,0,true,,false,false,false,false,false,,,,,,false,false,false,,,false,false,false,false,false,-83.00034,42.40056,"{
  ""coordinates"": [
    -8.300033224500000e+01,
    4.240056227500000e+01
  ],
  ""type"": ""Point""
}","{
  ""coordinates"": [
    -83.000332245,
    42.400562275
  ],
  ""type"": ""Point""
}",-83.000332245,42.400562275
2050,9875406,GRAND,GRANDRIVER,2016-11-30,30,11,2016,10,4,4,3,,1,0,,1,1,1,30,5,2,2,4,0,0,0,1,false,,false,false,false,false,false,,,,,,false,false,false,,,false,false,false,false,false,-83.2654,42.4196,"{
  ""coordinates"": [
    -8.326539705700000e+01,
    4.241960280000010e+01
  ],
  ""type"": ""Point""
}","{
  ""coordinates"": [
    -83.265397057,
    42.4196028
  ],
  ""type"": ""Point""
}",-83.265397057,42.4196028000001
2051,9875417,E I 96,LIVERNOIS/I 96 CROSSOVER,2016-11-30,30,11,2016,6,4,4,1,,1,0,,1,1,4,35,2,2,2,5,0,0,0,0,true,,true,true,false,false,false,,,,,,false,false,true,,,false,false,false,false,false,-83.14014,42.36765,"{
  ""coordinates"": [
    -8.314013507700000e+01,
    4.236765333200000e+01
  ],
  ""type"": ""Point""
}","{
  ""coordinates"": [
    -83.140135077,
    42.367653332
  ],
  ""type"": ""Point""
}",-83.140135077,42.367653332
2052,9875413,GRATIOT,SAINT AUBIN,2016-11-30,30,11,2016,9,4,5,3,,1,0,,1,1,1,35,6,4,3,5,0,0,0,0,true,,false,false,false,false,false,,,,,,false,false,false,,,false,false,false,false,false,-83.03468,42.3488,"{
  ""coordinates"": [
    -8.303467280500000e+01,
    4.234879670500000e+01
  ],
  ""type"": ""Point""
}","{
  ""coordinates"": [
    -83.034672805,
    42.348796705
  ],
  ""type"": ""Point""
}",-83.034672805,42.348796705
2053,9875395,S I 75,CANADIAN PACIFIC RAILWAY,2016-11-30,30,11,2016,19,4,1,1,,1,0,,1,1,4,55,2,2,1,1,1,0,0,0,false,,false,false,false,false,false,,,,,,true,false,false,,,false,false,false,false,false,-83.08591,42.32784,"{
  ""coordinates"": [
    -8.308590716799991e+01,
    4.232783898800010e+01
  ],
  ""type"": ""Point""
}","{
  ""coordinates"": [
    -83.085907168,
    42.327838988
  ],
  ""type"": ""Point""
}",-83.0859071679999,42.3278389880001