ObjectId,Crash ID,Primary Road,Intersecting Road,Crash Date,Day,Month,Year,Hour,Weekday,Crash Type Code,Highway Classification Code,Community Code,Jurisdiction Code,Lane Departure Type Code,Surface Type,Road Condition,Weather Condition,Lighting Condition,Speed Limit,Lanes,Units,Occupants,Most Severe Injury,Fatal Injuries,Suspected Serious Injuries,Suspected Minor Injuries,Possible Injuries,Property Damage Only,Secondary Crash,Traffic Control,Red Light Run,Hit and Run,Alcohol,Drugs,Unbelted Person,Work Zone,Speeding Driver,Distracted Driver,Driveway,Pedestrian,Elderly Driver,Young Driver,Commercial Vehicle,Emergency Vehicles,Train,School Bus,Motorcycle,Bicycle,Deer,Longitude,Latitude,geom,geog,x,y
2054,9875405,ST ANTOINE,JEFFERSON,2016-11-30,30,11,2016,13,4,8,9,,,0,,1,2,1,25,2,2,3,5,0,0,0,0,true,,false,false,false,false,false,,,,,,false,false,false,,,false,false,false,false,false,-83.03806,42.33111,"{
  ""coordinates"": [
    -8.303805658600000e+01,
    4.233111356900010e+01
  ],
  ""type"": ""Point""
}","{
  ""coordinates"": [
    -83.038056586,
    42.331113569
  ],
  ""type"": ""Point""
}",-83.038056586,42.3311135690001
2055,9875404,N I 75,MACK,2016-11-30,30,11,2016,14,4,8,1,,1,0,,1,1,1,25,6,2,2,5,0,0,0,0,true,,false,false,false,false,false,,,,,,false,false,false,,,false,true,false,false,false,-83.0479,42.35134,"{
  ""coordinates"": [
    -8.304789625099990e+01,
    4.235134291100010e+01
  ],
  ""type"": ""Point""
}","{
  ""coordinates"": [
    -83.047896251,
    42.351342911
  ],
  ""type"": ""Point""
}",-83.0478962509999,42.3513429110001
2056,9877875,RANDOLPH,JEFFERSON,2016-11-30,30,11,2016,16,4,8,3,,1,0,,1,1,1,35,3,2,2,5,0,0,0,0,true,,false,false,false,false,false,,,,,,false,true,false,,,false,false,false,false,false,-83.04185,42.32978,"{
  ""coordinates"": [
    -8.304185551099989e+01,
    4.232977777600010e+01
  ],
  ""type"": ""Point""
}","{
  ""coordinates"": [
    -83.041855511,
    42.329777776
  ],
  ""type"": ""Point""
}",-83.0418555109999,42.3297777760001
2057,9887509,WARREN,LAKEPOINTE,2016-11-30,30,11,2016,9,4,3,9,,4,0,,1,1,1,35,4,2,1,5,0,0,0,0,true,,false,false,false,false,false,,,,,,false,false,false,,,false,false,false,false,false,-82.95126,42.39821,"{
  ""coordinates"": [
    -8.295126145099989e+01,
    4.239820800700010e+01
  ],
  ""type"": ""Point""
}","{
  ""coordinates"": [
    -82.951261451,
    42.398208007
  ],
  ""type"": ""Point""
}",-82.9512614509999,42.3982080070001
2058,9875422,NORTHWESTERN,LAWTON,2016-11-30,30,11,2016,0,4,5,9,,,0,,1,1,4,25,2,2,1,5,0,0,0,0,true,,false,false,false,false,false,,,,,,false,false,false,,,false,false,false,false,false,-83.10381,42.36121,"{
  ""coordinates"": [
    -8.310380607499999e+01,
    4.236120439500010e+01
  ],
  ""type"": ""Point""
}","{
  ""coordinates"": [
    -83.103806075,
    42.361204395
  ],
  ""type"": ""Point""
}",-83.103806075,42.3612043950001
2059,9875416,GRATIOT,CORAM,2016-11-30,30,11,2016,18,4,5,3,,1,0,,2,1,4,0,6,3,1,3,0,0,1,0,false,,false,false,false,false,false,,,,,,false,false,false,,,false,false,false,false,false,-82.97569,42.43811,"{
  ""coordinates"": [
    -8.297568361499999e+01,
    4.243811559300010e+01
  ],
  ""type"": ""Point""
}","{
  ""coordinates"": [
    -82.975683615,
    42.438115593
  ],
  ""type"": ""Point""
}",-82.975683615,42.4381155930001
2060,9890273,LODGE SERVICE,FOREST,2016-11-30,30,11,2016,21,4,1,9,,4,0,,1,1,4,25,3,1,0,5,0,0,0,0,true,,false,false,true,false,false,,,,,,false,false,false,,,false,false,false,false,false,-83.07267,42.35149,"{
  ""coordinates"": [
    -8.307266670500000e+01,
    4.235148723000000e+01
  ],
  ""type"": ""Point""
}","{
  ""coordinates"": [
    -83.072666705,
    42.35148723
  ],
  ""type"": ""Point""
}",-83.072666705,42.35148723
2061,9875407,JOHN R,FOREST,2016-11-30,30,11,2016,11,4,5,9,,4,0,,1,1,1,25,5,2,2,4,0,0,0,1,false,,false,false,false,false,false,,,,,,false,false,false,,,false,false,false,false,false,-83.06082,42.35576,"{
  ""coordinates"": [
    -8.306081797500001e+01,
    4.235576420800000e+01
  ],
  ""type"": ""Point""
}","{
  ""coordinates"": [
    -83.060817975,
    42.355764208
  ],
  ""type"": ""Point""
}",-83.060817975,42.355764208
2062,9876449,MACK,N I 75,2016-11-30,30,11,2016,15,4,5,9,,4,0,,1,1,1,30,5,2,1,4,0,0,0,1,false,,false,false,true,false,false,,,,,,false,false,false,,,false,false,false,false,false,-83.04784,42.35136,"{
  ""coordinates"": [
    -8.304784442999990e+01,
    4.235136245500010e+01
  ],
  ""type"": ""Point""
}","{
  ""coordinates"": [
    -83.04784443,
    42.351362455
  ],
  ""type"": ""Point""
}",-83.0478444299999,42.3513624550001
2063,9879252,E I 94,S M 10,2016-11-30,30,11,2016,13,4,8,1,,1,0,,1,1,1,55,3,2,2,5,0,0,0,0,true,,false,false,false,false,false,,,,,,false,true,false,,,false,false,false,false,false,-83.07667,42.35865,"{
  ""coordinates"": [
    -8.307666954699990e+01,
    4.235865255100000e+01
  ],
  ""type"": ""Point""
}","{
  ""coordinates"": [
    -83.076669547,
    42.358652551
  ],
  ""type"": ""Point""
}",-83.0766695469999,42.358652551
2064,9890272,E I 94,TRUMBULL,2016-11-30,30,11,2016,8,4,8,1,,1,0,,98,98,98,55,3,2,2,5,0,0,0,0,true,,false,false,true,false,false,,,,,,false,false,true,,,false,false,false,false,false,-83.0807,42.3562,"{
  ""coordinates"": [
    -8.308069286700000e+01,
    4.235620209100010e+01
  ],
  ""type"": ""Point""
}","{
  ""coordinates"": [
    -83.080692867,
    42.356202091
  ],
  ""type"": ""Point""
}",-83.080692867,42.3562020910001
2065,9875428,MCNICHOLS,PINEHURST,2016-11-30,30,11,2016,15,4,5,9,,2,0,,1,2,1,35,4,2,2,5,0,0,0,0,true,,false,false,false,false,false,,,,,,false,false,false,,,false,false,false,false,false,-83.16699,42.41674,"{
  ""coordinates"": [
    -8.316699220399990e+01,
    4.241674103400000e+01
  ],
  ""type"": ""Point""
}","{
  ""coordinates"": [
    -83.166992204,
    42.416741034
  ],
  ""type"": ""Point""
}",-83.1669922039999,42.416741034
2066,9877929,GRAYFIELD,PARKWAY,2016-11-30,30,11,2016,23,4,5,9,,,0,,1,1,5,25,2,2,1,5,0,0,0,0,true,,false,false,true,false,false,,,,,,false,false,false,,,false,false,false,false,false,-83.26714,42.39875,"{
  ""coordinates"": [
    -8.326713868900001e+01,
    4.239874486900000e+01
  ],
  ""type"": ""Point""
}","{
  ""coordinates"": [
    -83.267138689,
    42.398744869
  ],
  ""type"": ""Point""
}",-83.267138689,42.398744869
2067,9882813,E I 94,MOROSS,2016-11-30,30,11,2016,17,4,5,1,,1,0,,2,5,4,55,3,2,3,4,0,0,0,1,false,,false,false,true,false,false,,,,,,false,false,false,,,false,false,false,false,false,-82.9287,42.42443,"{
  ""coordinates"": [
    -8.292869625700000e+01,
    4.242443488400000e+01
  ],
  ""type"": ""Point""
}","{
  ""coordinates"": [
    -82.928696257,
    42.424434884
  ],
  ""type"": ""Point""
}",-82.928696257,42.424434884
2068,9875414,GRATIOT,LINNHURST,2016-11-30,30,11,2016,17,4,5,3,,1,0,,2,4,4,35,7,2,1,3,0,0,1,0,false,,false,false,true,false,false,,,,,,false,false,false,,,false,false,false,false,false,-82.98006,42.43148,"{
  ""coordinates"": [
    -8.298005822300000e+01,
    4.243147973400000e+01
  ],
  ""type"": ""Point""
}","{
  ""coordinates"": [
    -82.980058223,
    42.431479734
  ],
  ""type"": ""Point""
}",-82.980058223,42.431479734
2069,9877928,GREENFIELD,VERNE,2016-11-30,30,11,2016,8,4,3,9,,2,0,,1,1,1,45,4,2,2,4,0,0,0,1,false,,false,false,false,false,false,,,,,,false,false,false,,,false,false,false,false,false,-83.19915,42.41207,"{
  ""coordinates"": [
    -8.319915126099990e+01,
    4.241206735800010e+01
  ],
  ""type"": ""Point""
}","{
  ""coordinates"": [
    -83.199151261,
    42.412067358
  ],
  ""type"": ""Point""
}",-83.1991512609999,42.4120673580001
2070,9877923,GRAND RIVER,VAUGHAN,2016-11-30,30,11,2016,8,4,4,3,,1,0,,1,1,2,35,5,2,7,4,0,0,0,4,false,,false,false,false,false,false,,,,,,false,false,false,,,false,false,false,false,false,-83.23878,42.40894,"{
  ""coordinates"": [
    -8.323878856800000e+01,
    4.240894355200000e+01
  ],
  ""type"": ""Point""
}","{
  ""coordinates"": [
    -83.238788568,
    42.408943552
  ],
  ""type"": ""Point""
}",-83.238788568,42.408943552
2071,9879253,RAMP 215F,RAMP 215B,2016-11-30,30,11,2016,17,4,5,1,,1,0,,1,1,4,55,1,2,5,5,0,0,0,0,true,,false,false,true,false,false,,,,,,false,true,false,,,false,false,false,false,false,-83.07743,42.3606,"{
  ""coordinates"": [
    -8.307743288800000e+01,
    4.236059785700010e+01
  ],
  ""type"": ""Point""
}","{
  ""coordinates"": [
    -83.077432888,
    42.360597857
  ],
  ""type"": ""Point""
}",-83.077432888,42.3605978570001
2072,9988581,MIDLAND,JAMES COUZENS,2016-11-30,30,11,2016,3,4,10,9,,,0,,1,1,4,30,2,2,0,5,0,0,0,0,true,,false,false,true,false,false,,,,,,false,false,false,,,false,false,false,false,false,-83.16016,42.4061,"{
  ""coordinates"": [
    -8.316015775499990e+01,
    4.240609691800010e+01
  ],
  ""type"": ""Point""
}","{
  ""coordinates"": [
    -83.160157755,
    42.406096918
  ],
  ""type"": ""Point""
}",-83.1601577549999,42.4060969180001
2073,9876405,SAINT JEAN,WARREN,2016-11-30,30,11,2016,15,4,9,9,,4,0,,1,2,1,30,5,2,3,5,0,0,0,0,true,,false,false,false,false,false,,,,,,false,true,true,,,false,false,false,false,false,-82.98384,42.38726,"{
  ""coordinates"": [
    -8.298384086199999e+01,
    4.238726480500000e+01
  ],
  ""type"": ""Point""
}","{
  ""coordinates"": [
    -82.983840862,
    42.387264805
  ],
  ""type"": ""Point""
}",-82.983840862,42.387264805
2074,9884179,GRAND RIVER,GRIGGS,2016-11-30,30,11,2016,17,4,97,3,,1,0,,1,1,4,35,5,3,3,5,0,0,0,0,true,,false,false,true,false,false,,,,,,false,false,false,,,false,false,false,false,false,-83.16254,42.37823,"{
  ""coordinates"": [
    -8.316254314100000e+01,
    4.237823155400010e+01
  ],
  ""type"": ""Point""
}","{
  ""coordinates"": [
    -83.162543141,
    42.378231554
  ],
  ""type"": ""Point""
}",-83.162543141,42.3782315540001
2075,9877878,BRUSH,LARNED,2016-11-30,30,11,2016,2,4,4,9,,4,0,,1,1,4,25,4,2,3,4,0,0,0,2,false,,true,true,false,false,false,,,,,,false,false,true,,,false,false,false,false,false,-83.04145,42.33099,"{
  ""coordinates"": [
    -8.304144850099991e+01,
    4.233098578200000e+01
  ],
  ""type"": ""Point""
}","{
  ""coordinates"": [
    -83.041448501,
    42.330985782
  ],
  ""type"": ""Point""
}",-83.0414485009999,42.330985782
2076,9877950,COMMOR,CONANT,2016-11-30,30,11,2016,23,4,10,9,,,0,,1,1,4,25,2,2,0,5,0,0,0,0,true,,false,false,false,false,false,,,,,,false,false,false,,,false,false,false,false,false,-83.05524,42.40688,"{
  ""coordinates"": [
    -8.305523329099999e+01,
    4.240687616500000e+01
  ],
  ""type"": ""Point""
}","{
  ""coordinates"": [
    -83.055233291,
    42.406876165
  ],
  ""type"": ""Point""
}",-83.055233291,42.406876165
2077,9885974,7 MILE,CARDONI,2016-11-30,30,11,2016,2,4,9,9,,4,0,,1,1,4,30,2,2,4,5,0,0,0,0,true,,false,false,false,false,false,,,,,,false,false,false,,,false,false,false,false,false,-83.09116,42.43261,"{
  ""coordinates"": [
    -8.309115420900000e+01,
    4.243260987200010e+01
  ],
  ""type"": ""Point""
}","{
  ""coordinates"": [
    -83.091154209,
    42.432609872
  ],
  ""type"": ""Point""
}",-83.091154209,42.4326098720001
2078,9877657,E I 94,RAMP 220D,2016-11-30,30,11,2016,11,4,8,1,,1,0,,98,98,1,55,3,2,2,5,0,0,0,0,true,,false,false,false,false,false,,,,,,false,false,false,,,false,false,false,false,false,-82.98864,42.39579,"{
  ""coordinates"": [
    -8.298863866200000e+01,
    4.239578604700010e+01
  ],
  ""type"": ""Point""
}","{
  ""coordinates"": [
    -82.988638662,
    42.395786047
  ],
  ""type"": ""Point""
}",-82.988638662,42.3957860470001
2079,9877824,I-75,PIQUETTE,2016-11-30,30,11,2016,16,4,8,1,,1,0,,1,1,3,55,3,2,2,5,0,0,0,0,true,,false,false,false,false,false,,,,,,false,false,true,,,false,false,false,false,false,-83.05956,42.37206,"{
  ""coordinates"": [
    -8.305955748199990e+01,
    4.237206287800010e+01
  ],
  ""type"": ""Point""
}","{
  ""coordinates"": [
    -83.059557482,
    42.372062878
  ],
  ""type"": ""Point""
}",-83.0595574819999,42.3720628780001
2080,9875408,CHRYSLER,WARREN,2016-11-30,30,11,2016,14,4,8,1,,1,0,,1,1,1,25,4,2,11,5,0,0,0,0,true,,false,false,false,false,false,,,,,,false,false,true,,,false,true,false,false,false,-83.0547,42.3611,"{
  ""coordinates"": [
    -8.305469577299991e+01,
    4.236110192600010e+01
  ],
  ""type"": ""Point""
}","{
  ""coordinates"": [
    -83.054695773,
    42.361101926
  ],
  ""type"": ""Point""
}",-83.0546957729999,42.3611019260001
2081,9879263,W I 94,RAMP 211B,2016-11-30,30,11,2016,8,4,5,1,,1,0,,1,1,1,55,3,3,3,5,0,0,0,0,true,,false,false,false,false,false,,,,,,false,false,false,,,false,false,false,false,false,-83.14783,42.33091,"{
  ""coordinates"": [
    -8.314783699799990e+01,
    4.233090578900000e+01
  ],
  ""type"": ""Point""
}","{
  ""coordinates"": [
    -83.147836998,
    42.330905789
  ],
  ""type"": ""Point""
}",-83.1478369979999,42.330905789
2082,9902907,MCNICHOLS,SCHAEFER,2016-11-30,30,11,2016,19,4,4,9,,2,0,,1,1,4,35,4,2,2,5,0,0,0,0,true,,false,false,false,false,false,,,,,,false,true,false,,,false,false,false,false,false,-83.17982,42.41659,"{
  ""coordinates"": [
    -8.317981398099990e+01,
    4.241658878500000e+01
  ],
  ""type"": ""Point""
}","{
  ""coordinates"": [
    -83.179813981,
    42.416588785
  ],
  ""type"": ""Point""
}",-83.1798139809999,42.416588785
2083,9876447,VAN DYKE,7 MILE,2016-11-30,30,11,2016,6,4,4,3,,1,0,,1,1,4,30,5,2,3,4,0,0,0,1,false,,false,false,false,false,false,,,,,,false,false,true,,,false,false,false,false,false,-83.02425,42.43417,"{
  ""coordinates"": [
    -8.302425487300000e+01,
    4.243416818800010e+01
  ],
  ""type"": ""Point""
}","{
  ""coordinates"": [
    -83.024254873,
    42.434168188
  ],
  ""type"": ""Point""
}",-83.024254873,42.4341681880001
2084,9885985,LIVERNOIS,PURITAN,2016-11-30,30,11,2016,17,4,6,9,,4,0,,1,1,4,30,2,2,2,5,0,0,0,0,true,,false,false,false,false,false,,,,,,false,true,true,,,false,false,false,false,false,-83.14067,42.40996,"{
  ""coordinates"": [
    -8.314067110000001e+01,
    4.240995874100000e+01
  ],
  ""type"": ""Point""
}","{
  ""coordinates"": [
    -83.1406711,
    42.409958741
  ],
  ""type"": ""Point""
}",-83.1406711,42.409958741
2085,9907411,HOLBROOK,BRUSH,2016-11-30,30,11,2016,8,4,4,9,,4,0,,1,1,1,0,2,2,1,5,0,0,0,0,true,,true,false,true,false,false,,,,,,false,false,false,,,false,false,false,false,false,-83.07542,42.38301,"{
  ""coordinates"": [
    -8.307541832200000e+01,
    4.238301568600010e+01
  ],
  ""type"": ""Point""
}","{
  ""coordinates"": [
    -83.075418322,
    42.383015686
  ],
  ""type"": ""Point""
}",-83.075418322,42.3830156860001
2086,9876436,CHALMERS,I 94,2016-11-30,30,11,2016,14,4,8,1,,4,0,,2,4,1,35,2,2,1,5,0,0,0,0,true,,false,false,true,false,false,,,,,,false,false,false,,,false,false,false,false,false,-82.96421,42.4037,"{
  ""coordinates"": [
    -8.296420999100000e+01,
    4.240370273000010e+01
  ],
  ""type"": ""Point""
}","{
  ""coordinates"": [
    -82.964209991,
    42.40370273
  ],
  ""type"": ""Point""
}",-82.964209991,42.4037027300001
2087,9876431,7 MILE,REX,2016-11-30,30,11,2016,23,4,5,9,,2,0,,1,1,4,30,6,2,2,5,0,0,0,0,true,,false,false,true,false,false,,,,,,false,false,true,,,false,false,false,false,false,-82.95821,42.43559,"{
  ""coordinates"": [
    -8.295820562100000e+01,
    4.243559175300000e+01
  ],
  ""type"": ""Point""
}","{
  ""coordinates"": [
    -82.958205621,
    42.435591753
  ],
  ""type"": ""Point""
}",-82.958205621,42.435591753
2088,9882874,LIVERNOIS,FLORENCE,2016-11-30,30,11,2016,17,4,8,9,,4,3,,98,98,98,30,3,2,1,5,0,0,0,0,true,,false,false,false,false,false,,,,,,false,true,false,,,false,false,false,false,false,-83.14075,42.41214,"{
  ""coordinates"": [
    -8.314075347300000e+01,
    4.241214276800010e+01
  ],
  ""type"": ""Point""
}","{
  ""coordinates"": [
    -83.140753473,
    42.412142768
  ],
  ""type"": ""Point""
}",-83.140753473,42.4121427680001
2089,9877852,I-94,CASS,2016-11-29,29,11,2016,16,3,5,1,,1,0,,1,1,1,55,3,2,5,4,0,0,0,3,false,,false,false,false,false,false,,,,,,false,false,false,,,false,false,false,false,false,-83.07115,42.36252,"{
  ""coordinates"": [
    -8.307115401800000e+01,
    4.236251678500000e+01
  ],
  ""type"": ""Point""
}","{
  ""coordinates"": [
    -83.071154018,
    42.362516785
  ],
  ""type"": ""Point""
}",-83.071154018,42.362516785
2090,9874308,MORANG,LANSDOWNE,2016-11-29,29,11,2016,20,3,9,9,,4,0,,1,1,4,0,2,2,0,5,0,0,0,0,true,,false,false,false,false,false,,,,,,false,false,false,,,false,false,false,false,false,-82.95099,42.42653,"{
  ""coordinates"": [
    -8.295098563800001e+01,
    4.242652853400010e+01
  ],
  ""type"": ""Point""
}","{
  ""coordinates"": [
    -82.950985638,
    42.426528534
  ],
  ""type"": ""Point""
}",-82.950985638,42.4265285340001
2091,9877915,VAN DYKE,MILLER,2016-11-29,29,11,2016,8,3,5,3,,1,0,,1,1,1,0,7,4,4,5,0,0,0,0,true,,false,false,false,false,false,,,,,,false,false,true,,,false,false,false,false,false,-83.02253,42.39072,"{
  ""coordinates"": [
    -8.302253200400000e+01,
    4.239072307100000e+01
  ],
  ""type"": ""Point""
}","{
  ""coordinates"": [
    -83.022532004,
    42.390723071
  ],
  ""type"": ""Point""
}",-83.022532004,42.390723071
2092,9877865,M-10,DAVISON,2016-11-29,29,11,2016,9,3,5,3,,1,0,,1,2,1,55,3,3,5,5,0,0,0,0,true,,false,false,false,false,false,,,,,,false,false,false,,,false,false,false,false,false,-83.11148,42.39874,"{
  ""coordinates"": [
    -8.311148246600000e+01,
    4.239873565600000e+01
  ],
  ""type"": ""Point""
}","{
  ""coordinates"": [
    -83.111482466,
    42.398735656
  ],
  ""type"": ""Point""
}",-83.111482466,42.398735656
2093,9874271,PLYMOUTH,SCHAEFER,2016-11-29,29,11,2016,19,3,2,9,,4,0,,2,4,4,30,6,2,2,4,0,0,0,1,false,,false,false,false,true,false,,,,,,false,false,true,,,false,false,false,false,false,-83.17771,42.37304,"{
  ""coordinates"": [
    -8.317770847799990e+01,
    4.237304078600000e+01
  ],
  ""type"": ""Point""
}","{
  ""coordinates"": [
    -83.177708478,
    42.373040786
  ],
  ""type"": ""Point""
}",-83.1777084779999,42.373040786
2094,9889070,CHICAGO,CARLIN,2016-11-29,29,11,2016,23,3,8,9,,4,0,,1,2,4,30,3,2,1,5,0,0,0,0,true,,false,false,true,false,false,,,,,,false,false,false,,,false,false,false,false,false,-83.17923,42.36576,"{
  ""coordinates"": [
    -8.317922727699990e+01,
    4.236575721600010e+01
  ],
  ""type"": ""Point""
}","{
  ""coordinates"": [
    -83.179227277,
    42.365757216
  ],
  ""type"": ""Point""
}",-83.1792272769999,42.3657572160001
2095,9874296,WARREN,KENSINGTON,2016-11-29,29,11,2016,18,3,5,9,,4,0,,5,1,4,35,5,2,2,4,0,0,0,1,false,,false,false,false,false,false,,,,,,false,false,false,,,false,false,false,false,false,-82.93523,42.40409,"{
  ""coordinates"": [
    -8.293522779599989e+01,
    4.240409116500010e+01
  ],
  ""type"": ""Point""
}","{
  ""coordinates"": [
    -82.935227796,
    42.404091165
  ],
  ""type"": ""Point""
}",-82.9352277959999,42.4040911650001
2096,9894769,I-75,JUNCTION,2016-11-29,29,11,2016,15,3,5,1,,1,0,,1,1,1,55,3,3,3,5,0,0,0,0,true,,false,false,false,false,false,,,,,,false,true,true,,,false,false,false,false,false,-83.09667,42.31124,"{
  ""coordinates"": [
    -8.309667567799990e+01,
    4.231124099700000e+01
  ],
  ""type"": ""Point""
}","{
  ""coordinates"": [
    -83.096675678,
    42.311240997
  ],
  ""type"": ""Point""
}",-83.0966756779999,42.311240997
2097,9874297,HARPER,CADIEUX,2016-11-29,29,11,2016,20,3,4,9,,4,0,,1,1,4,40,5,2,4,5,0,0,0,0,true,,false,false,false,false,false,,,,,,false,false,false,,,false,false,false,false,false,-82.93687,42.41633,"{
  ""coordinates"": [
    -8.293686403200000e+01,
    4.241633040000000e+01
  ],
  ""type"": ""Point""
}","{
  ""coordinates"": [
    -82.936864032,
    42.4163304
  ],
  ""type"": ""Point""
}",-82.936864032,42.4163304
2098,9876423,PURITAN,WISCONSIN,2016-11-29,29,11,2016,5,3,4,9,,4,0,,2,4,4,30,2,2,4,4,0,0,0,1,false,,false,false,false,false,false,,,,,,false,false,false,,,false,false,false,false,false,-83.15673,42.40974,"{
  ""coordinates"": [
    -8.315673206900000e+01,
    4.240973945400000e+01
  ],
  ""type"": ""Point""
}","{
  ""coordinates"": [
    -83.156732069,
    42.409739454
  ],
  ""type"": ""Point""
}",-83.156732069,42.409739454
2099,9874319,LIVERNOIS,8 MILE,2016-11-29,29,11,2016,9,3,5,3,,4,0,,1,1,1,30,4,2,5,5,0,0,0,0,true,,false,false,false,false,false,,,,,,false,false,false,,,false,false,false,false,false,-83.14192,42.44588,"{
  ""coordinates"": [
    -8.314192111400000e+01,
    4.244587649200000e+01
  ],
  ""type"": ""Point""
}","{
  ""coordinates"": [
    -83.141921114,
    42.445876492
  ],
  ""type"": ""Point""
}",-83.141921114,42.445876492
2100,9876445,8 MILE,FENELON,2016-11-29,29,11,2016,17,3,8,3,,1,0,,1,1,3,40,4,2,1,5,0,0,0,0,true,,false,false,true,false,false,,,,,,false,false,false,,,false,false,false,false,false,-83.05442,42.4475,"{
  ""coordinates"": [
    -8.305442027899990e+01,
    4.244749685600000e+01
  ],
  ""type"": ""Point""
}","{
  ""coordinates"": [
    -83.054420279,
    42.447496856
  ],
  ""type"": ""Point""
}",-83.0544202789999,42.447496856
2101,9874301,DOVER,VAUGHAN,2016-11-29,29,11,2016,11,3,4,9,,,0,,2,2,1,25,2,2,4,5,0,0,0,0,true,,false,false,false,false,false,,,,,,false,false,true,,,false,false,false,false,false,-83.2372,42.35931,"{
  ""coordinates"": [
    -8.323720055299999e+01,
    4.235930799500010e+01
  ],
  ""type"": ""Point""
}","{
  ""coordinates"": [
    -83.237200553,
    42.359307995
  ],
  ""type"": ""Point""
}",-83.237200553,42.3593079950001
2102,9876409,FORD,ARTESIAN,2016-11-29,29,11,2016,9,3,97,3,,1,0,,1,1,1,50,2,2,2,5,0,0,0,0,true,,false,false,false,false,false,,,,,,false,false,true,,,false,false,false,false,false,-83.22508,42.32894,"{
  ""coordinates"": [
    -8.322508330300001e+01,
    4.232894198100010e+01
  ],
  ""type"": ""Point""
}","{
  ""coordinates"": [
    -83.225083303,
    42.328941981
  ],
  ""type"": ""Point""
}",-83.225083303,42.3289419810001
2103,9915641,PURITAN,SOUTHFIELD SERVICE DRIVE,2016-11-29,29,11,2016,5,3,8,9,,4,0,,2,1,4,0,1,2,2,5,0,0,0,0,true,,false,false,true,false,false,,,,,,false,false,false,,,false,false,false,false,false,-83.21824,42.40834,"{
  ""coordinates"": [
    -8.321823878799999e+01,
    4.240833987400000e+01
  ],
  ""type"": ""Point""
}","{
  ""coordinates"": [
    -83.218238788,
    42.408339874
  ],
  ""type"": ""Point""
}",-83.218238788,42.408339874
2104,9877806,S I 75,TRUMBULL,2016-11-29,29,11,2016,17,3,5,1,,1,0,,1,1,3,55,3,3,2,5,0,0,0,0,true,,false,false,true,false,false,,,,,,false,false,false,,,false,false,false,false,false,-83.06841,42.33453,"{
  ""coordinates"": [
    -8.306841047499999e+01,
    4.233453126800000e+01
  ],
  ""type"": ""Point""
}","{
  ""coordinates"": [
    -83.068410475,
    42.334531268
  ],
  ""type"": ""Point""
}",-83.068410475,42.334531268
2105,9900434,CHICAGO,CARLIN,2016-11-29,29,11,2016,23,3,8,9,,4,0,,1,1,2,35,2,2,2,5,0,0,0,0,true,,false,false,true,false,false,,,,,,false,false,false,,,false,false,false,false,false,-83.17917,42.36576,"{
  ""coordinates"": [
    -8.317916810400000e+01,
    4.236575854400010e+01
  ],
  ""type"": ""Point""
}","{
  ""coordinates"": [
    -83.179168104,
    42.365758544
  ],
  ""type"": ""Point""
}",-83.179168104,42.3657585440001
2106,9874322,MCNICHOLS,CHERRYLAWN,2016-11-29,29,11,2016,17,3,4,9,,4,0,,1,1,3,25,2,2,3,5,0,0,0,0,true,,true,false,false,false,false,,,,,,false,false,true,,,false,false,false,false,false,-83.15481,42.41703,"{
  ""coordinates"": [
    -8.315480984000000e+01,
    4.241703065800000e+01
  ],
  ""type"": ""Point""
}","{
  ""coordinates"": [
    -83.15480984,
    42.417030658
  ],
  ""type"": ""Point""
}",-83.15480984,42.417030658
2107,9874272,GRAND RIVER,WISCONSIN,2016-11-29,29,11,2016,13,3,1,3,,1,0,,1,2,1,35,7,1,2,2,0,1,1,0,false,,false,false,false,false,false,,,,,,false,false,false,,,false,false,false,false,false,-83.15571,42.37548,"{
  ""coordinates"": [
    -8.315571109800000e+01,
    4.237548081900010e+01
  ],
  ""type"": ""Point""
}","{
  ""coordinates"": [
    -83.155711098,
    42.375480819
  ],
  ""type"": ""Point""
}",-83.155711098,42.3754808190001
2108,9873274,7 MILE,SOUTHFIELD SERVICE DRIVE,2016-11-29,29,11,2016,1,3,3,9,,2,0,,2,4,5,35,2,2,4,5,0,0,0,0,true,,false,false,false,false,false,,,,,,false,false,false,,,false,false,false,false,false,-83.21895,42.43002,"{
  ""coordinates"": [
    -8.321894463599990e+01,
    4.243002457000010e+01
  ],
  ""type"": ""Point""
}","{
  ""coordinates"": [
    -83.218944636,
    42.43002457
  ],
  ""type"": ""Point""
}",-83.2189446359999,42.4300245700001
2109,9877851,I-94,DICKERSON,2016-11-29,29,11,2016,9,3,5,1,,1,0,,1,1,1,55,3,2,1,5,0,0,0,0,true,,false,false,true,false,false,,,,,,false,false,false,,,false,false,false,false,false,-82.97772,42.40041,"{
  ""coordinates"": [
    -8.297771953900001e+01,
    4.240040762800000e+01
  ],
  ""type"": ""Point""
}","{
  ""coordinates"": [
    -82.977719539,
    42.400407628
  ],
  ""type"": ""Point""
}",-82.977719539,42.400407628
2110,9876454,8 MILE,LIVERNOIS,2016-11-29,29,11,2016,3,3,5,3,,1,0,,1,1,4,35,2,2,3,4,0,0,0,1,false,,false,false,false,false,false,,,,,,false,true,false,,,false,false,false,false,false,-83.14214,42.44608,"{
  ""coordinates"": [
    -8.314213342499990e+01,
    4.244607928900010e+01
  ],
  ""type"": ""Point""
}","{
  ""coordinates"": [
    -83.142133425,
    42.446079289
  ],
  ""type"": ""Point""
}",-83.1421334249999,42.4460792890001