ObjectId,Crash ID,Primary Road,Intersecting Road,Crash Date,Day,Month,Year,Hour,Weekday,Crash Type Code,Highway Classification Code,Community Code,Jurisdiction Code,Lane Departure Type Code,Surface Type,Road Condition,Weather Condition,Lighting Condition,Speed Limit,Lanes,Units,Occupants,Most Severe Injury,Fatal Injuries,Suspected Serious Injuries,Suspected Minor Injuries,Possible Injuries,Property Damage Only,Secondary Crash,Traffic Control,Red Light Run,Hit and Run,Alcohol,Drugs,Unbelted Person,Work Zone,Speeding Driver,Distracted Driver,Driveway,Pedestrian,Elderly Driver,Young Driver,Commercial Vehicle,Emergency Vehicles,Train,School Bus,Motorcycle,Bicycle,Deer,Longitude,Latitude,geom,geog,x,y
2395,9873236,W I 96,KENTFIELD,2016-11-24,24,11,2016,5,5,1,1,,1,1,,2,4,4,55,3,1,2,5,0,0,0,0,true,,false,false,false,false,false,,,,,,false,false,false,,,false,false,false,false,false,-83.24033,42.38353,"{
  ""coordinates"": [
    -8.324033092699990e+01,
    4.238352693000010e+01
  ],
  ""type"": ""Point""
}","{
  ""coordinates"": [
    -83.240330927,
    42.38352693
  ],
  ""type"": ""Point""
}",-83.2403309269999,42.3835269300001
2396,9869280,WOODMERE,AVIS,2016-11-24,24,11,2016,16,5,4,9,,4,0,,2,2,3,25,2,2,2,5,0,0,0,0,true,,true,false,false,false,false,,,,,,false,false,true,,,false,false,false,false,false,-83.13567,42.30259,"{
  ""coordinates"": [
    -8.313567046500000e+01,
    4.230258683300010e+01
  ],
  ""type"": ""Point""
}","{
  ""coordinates"": [
    -83.135670465,
    42.302586833
  ],
  ""type"": ""Point""
}",-83.135670465,42.3025868330001
2397,9870495,MORANG,LAKEPOINTE,2016-11-24,24,11,2016,19,5,3,9,,4,0,,1,1,4,30,4,2,3,5,0,0,0,0,true,,false,false,true,false,false,,,,,,false,false,true,,,false,false,false,false,false,-82.94779,42.42522,"{
  ""coordinates"": [
    -8.294779443600000e+01,
    4.242522251100010e+01
  ],
  ""type"": ""Point""
}","{
  ""coordinates"": [
    -82.947794436,
    42.425222511
  ],
  ""type"": ""Point""
}",-82.947794436,42.4252225110001
2398,9871709,HAYES,HOUSTON WHITTIER,2016-11-24,24,11,2016,2,5,4,9,,4,0,,2,4,4,30,4,2,3,5,0,0,0,0,true,,false,false,false,false,false,,,,,,false,false,true,,,false,false,false,false,false,-82.96503,42.42077,"{
  ""coordinates"": [
    -8.296502660300000e+01,
    4.242077369200010e+01
  ],
  ""type"": ""Point""
}","{
  ""coordinates"": [
    -82.965026603,
    42.420773692
  ],
  ""type"": ""Point""
}",-82.965026603,42.4207736920001
2399,9875384,I-96,GREENFIELD,2016-11-24,24,11,2016,13,5,1,1,,1,1,,1,2,1,70,3,1,1,4,0,0,0,1,false,,false,false,false,false,false,,,,,,false,false,true,,,false,false,false,false,false,-83.19218,42.37936,"{
  ""coordinates"": [
    -8.319217364399999e+01,
    4.237936179400000e+01
  ],
  ""type"": ""Point""
}","{
  ""coordinates"": [
    -83.192173644,
    42.379361794
  ],
  ""type"": ""Point""
}",-83.192173644,42.379361794
2400,9869289,LODEWYCK,BERDEN,2016-11-24,24,11,2016,5,5,9,9,,,2,,2,4,5,25,2,2,0,5,0,0,0,0,true,,false,false,true,false,false,,,,,,false,false,false,,,false,false,false,false,false,-82.92593,42.4179,"{
  ""coordinates"": [
    -8.292592317400000e+01,
    4.241790421700010e+01
  ],
  ""type"": ""Point""
}","{
  ""coordinates"": [
    -82.925923174,
    42.417904217
  ],
  ""type"": ""Point""
}",-82.925923174,42.4179042170001
2401,9877798,I-94,CONCORD,2016-11-24,24,11,2016,6,5,5,1,,1,0,,2,2,4,55,3,2,2,5,0,0,0,0,true,,false,false,false,false,false,,,,,,false,false,false,,,false,false,false,false,false,-83.03003,42.38319,"{
  ""coordinates"": [
    -8.303002851600000e+01,
    4.238319570200010e+01
  ],
  ""type"": ""Point""
}","{
  ""coordinates"": [
    -83.030028516,
    42.383195702
  ],
  ""type"": ""Point""
}",-83.030028516,42.3831957020001
2402,9894813,WARREN,PHILIP,2016-11-24,24,11,2016,16,5,4,9,,4,0,,1,1,1,30,5,2,6,4,0,0,0,1,false,,false,false,false,false,false,,,,,,false,false,false,,,false,false,false,false,false,-82.95695,42.39613,"{
  ""coordinates"": [
    -8.295695220200000e+01,
    4.239612615500000e+01
  ],
  ""type"": ""Point""
}","{
  ""coordinates"": [
    -82.956952202,
    42.396126155
  ],
  ""type"": ""Point""
}",-82.956952202,42.396126155
2403,9877799,W I 96 CD,E M 8,2016-11-24,24,11,2016,9,5,1,1,,1,1,,2,2,1,30,3,1,1,5,0,0,0,0,true,,false,false,false,false,false,,,,,,false,false,false,,,false,false,false,false,false,-83.15016,42.38426,"{
  ""coordinates"": [
    -8.315016548299999e+01,
    4.238425718900000e+01
  ],
  ""type"": ""Point""
}","{
  ""coordinates"": [
    -83.150165483,
    42.384257189
  ],
  ""type"": ""Point""
}",-83.150165483,42.384257189
2404,9869337,SCHAEFER,N M 10,2016-11-24,24,11,2016,17,5,1,9,,4,0,,1,1,3,0,4,2,3,2,0,1,0,0,false,,true,true,true,false,false,,,,,,false,false,true,,,false,false,false,true,false,-83.1802,42.42503,"{
  ""coordinates"": [
    -8.318019522500001e+01,
    4.242502669600000e+01
  ],
  ""type"": ""Point""
}","{
  ""coordinates"": [
    -83.180195225,
    42.425026696
  ],
  ""type"": ""Point""
}",-83.180195225,42.425026696
2405,9870547,NEVADA,CARDONI,2016-11-24,24,11,2016,18,5,5,9,,4,0,,1,2,1,30,4,2,0,5,0,0,0,0,true,,false,false,true,false,false,,,,,,false,false,false,,,false,false,false,false,false,-83.0909,42.42497,"{
  ""coordinates"": [
    -8.309089419400000e+01,
    4.242497205900000e+01
  ],
  ""type"": ""Point""
}","{
  ""coordinates"": [
    -83.090894194,
    42.424972059
  ],
  ""type"": ""Point""
}",-83.090894194,42.424972059
2406,9876412,BRAILE,GRAND RIVER,2016-11-24,24,11,2016,16,5,10,3,,,0,,1,1,1,25,2,2,2,5,0,0,0,0,true,,false,false,false,false,false,,,,,,false,false,false,,,false,false,false,false,false,-83.24538,42.41132,"{
  ""coordinates"": [
    -8.324537624700000e+01,
    4.241131616100010e+01
  ],
  ""type"": ""Point""
}","{
  ""coordinates"": [
    -83.245376247,
    42.411316161
  ],
  ""type"": ""Point""
}",-83.245376247,42.4113161610001
2407,9881478,I-75,FERRY,2016-11-24,24,11,2016,0,5,1,1,,1,1,,2,4,4,55,4,1,1,2,0,1,0,0,false,,false,false,false,false,false,,,,,,false,false,false,,,false,false,false,false,false,-83.05581,42.36382,"{
  ""coordinates"": [
    -8.305581023400001e+01,
    4.236381931300010e+01
  ],
  ""type"": ""Point""
}","{
  ""coordinates"": [
    -83.055810234,
    42.363819313
  ],
  ""type"": ""Point""
}",-83.055810234,42.3638193130001
2408,9869288,CADIEUX,CHANDLER PARK,2016-11-24,24,11,2016,22,5,4,9,,4,0,,1,1,4,30,4,2,4,4,0,0,0,3,false,,false,false,true,false,false,,,,,,false,false,false,,,false,false,false,false,false,-82.93324,42.41129,"{
  ""coordinates"": [
    -8.293324090399990e+01,
    4.241128614400000e+01
  ],
  ""type"": ""Point""
}","{
  ""coordinates"": [
    -82.933240904,
    42.411286144
  ],
  ""type"": ""Point""
}",-82.9332409039999,42.411286144
2409,9869303,AGNES,HOLCOMB,2016-11-24,24,11,2016,13,5,1,9,,,0,,1,2,1,25,2,1,1,4,0,0,0,1,false,,false,false,false,false,false,,,,,,false,false,false,,,false,false,false,false,false,-82.98799,42.35959,"{
  ""coordinates"": [
    -8.298799201199991e+01,
    4.235958723200010e+01
  ],
  ""type"": ""Point""
}","{
  ""coordinates"": [
    -82.987992012,
    42.359587232
  ],
  ""type"": ""Point""
}",-82.9879920119999,42.3595872320001
2410,9870546,RYAN,OUTER,2016-11-24,24,11,2016,20,5,4,9,,4,0,,1,1,4,35,2,2,2,5,0,0,0,0,true,,false,false,true,false,false,,,,,,false,false,false,,,false,false,false,false,false,-83.06355,42.44033,"{
  ""coordinates"": [
    -8.306354575800000e+01,
    4.244032674200000e+01
  ],
  ""type"": ""Point""
}","{
  ""coordinates"": [
    -83.063545758,
    42.440326742
  ],
  ""type"": ""Point""
}",-83.063545758,42.440326742
2411,9870465,COYLE,TIREMAN,2016-11-24,24,11,2016,14,5,8,9,,,0,,1,2,1,25,1,3,2,5,0,0,0,0,true,,false,false,false,false,false,,,,,,false,false,false,,,false,false,false,false,false,-83.19234,42.35138,"{
  ""coordinates"": [
    -8.319234490799990e+01,
    4.235137682300010e+01
  ],
  ""type"": ""Point""
}","{
  ""coordinates"": [
    -83.192344908,
    42.351376823
  ],
  ""type"": ""Point""
}",-83.1923449079999,42.3513768230001
2412,9873173,S I 75,JUNCTION,2016-11-24,24,11,2016,0,5,5,1,,1,0,,2,4,4,55,4,2,3,4,0,0,0,1,false,,false,false,false,false,false,,,,,,false,false,false,,,false,false,false,false,false,-83.09679,42.31145,"{
  ""coordinates"": [
    -8.309678534900000e+01,
    4.231145464700010e+01
  ],
  ""type"": ""Point""
}","{
  ""coordinates"": [
    -83.096785349,
    42.311454647
  ],
  ""type"": ""Point""
}",-83.096785349,42.3114546470001
2413,9869279,VERNOR,NORMAN,2016-11-24,24,11,2016,15,5,4,9,,4,0,,1,2,2,30,2,2,1,5,0,0,0,0,true,,false,false,true,false,false,,,,,,false,false,true,,,false,false,false,false,false,-83.12935,42.31057,"{
  ""coordinates"": [
    -8.312934792000000e+01,
    4.231056552900000e+01
  ],
  ""type"": ""Point""
}","{
  ""coordinates"": [
    -83.12934792,
    42.310565529
  ],
  ""type"": ""Point""
}",-83.12934792,42.310565529
2414,9869272,TRUMBULL,I 94,2016-11-24,24,11,2016,5,5,97,1,,1,0,,2,4,4,30,3,2,1,5,0,0,0,0,true,,false,false,true,false,false,,,,,,false,false,true,,,false,false,false,false,false,-83.08372,42.35489,"{
  ""coordinates"": [
    -8.308372280200000e+01,
    4.235488778600010e+01
  ],
  ""type"": ""Point""
}","{
  ""coordinates"": [
    -83.083722802,
    42.354887786
  ],
  ""type"": ""Point""
}",-83.083722802,42.3548877860001
2415,9869345,7 MILE,WOODINGHAM,2016-11-24,24,11,2016,5,5,5,9,,2,0,,2,1,5,30,4,2,1,5,0,0,0,0,true,,false,false,false,false,false,,,,,,false,false,false,,,false,false,false,false,false,-83.15095,42.43142,"{
  ""coordinates"": [
    -8.315094870999999e+01,
    4.243141980800000e+01
  ],
  ""type"": ""Point""
}","{
  ""coordinates"": [
    -83.15094871,
    42.431419808
  ],
  ""type"": ""Point""
}",-83.15094871,42.431419808
2416,9869287,CADIEUX,LINVILLE,2016-11-24,24,11,2016,23,5,4,9,,4,0,,2,4,4,30,4,2,3,2,0,1,0,1,false,,false,false,false,false,false,,,,,,false,false,false,,,false,false,false,false,false,-82.93415,42.41267,"{
  ""coordinates"": [
    -8.293414949200000e+01,
    4.241266572400010e+01
  ],
  ""type"": ""Point""
}","{
  ""coordinates"": [
    -82.934149492,
    42.412665724
  ],
  ""type"": ""Point""
}",-82.934149492,42.4126657240001
2417,9869283,DANIELS,MCGRAW,2016-11-24,24,11,2016,22,5,4,9,,,0,,1,1,4,25,2,2,4,3,0,0,2,0,false,,false,false,false,false,false,,,,,,false,false,true,,,false,false,false,false,false,-83.13184,42.33884,"{
  ""coordinates"": [
    -8.313183544899989e+01,
    4.233883578800000e+01
  ],
  ""type"": ""Point""
}","{
  ""coordinates"": [
    -83.131835449,
    42.338835788
  ],
  ""type"": ""Point""
}",-83.1318354489999,42.338835788
2418,9869313,ST JEAN,VERNOR,2016-11-24,24,11,2016,20,5,9,9,,4,0,,2,4,4,35,1,2,1,5,0,0,0,0,true,,false,false,true,false,false,,,,,,false,false,false,,,false,false,false,false,false,-82.97363,42.3716,"{
  ""coordinates"": [
    -8.297363270400000e+01,
    4.237160596900000e+01
  ],
  ""type"": ""Point""
}","{
  ""coordinates"": [
    -82.973632704,
    42.371605969
  ],
  ""type"": ""Point""
}",-82.973632704,42.371605969
2419,9870542,POE,GRAND,2016-11-24,24,11,2016,18,5,8,9,,,0,,1,1,4,25,2,2,2,4,0,0,0,1,false,,false,false,false,false,false,,,,,,false,false,false,,,false,false,false,false,false,-83.08656,42.36563,"{
  ""coordinates"": [
    -8.308655359399999e+01,
    4.236563011500000e+01
  ],
  ""type"": ""Point""
}","{
  ""coordinates"": [
    -83.086553594,
    42.365630115
  ],
  ""type"": ""Point""
}",-83.086553594,42.365630115
2420,9870529,MCLELLAN,SHOEMAKER,2016-11-24,24,11,2016,17,5,5,9,,4,3,,1,1,4,25,2,3,0,5,0,0,0,0,true,,false,false,false,false,false,,,,,,false,true,false,,,false,false,false,false,false,-83.00649,42.38961,"{
  ""coordinates"": [
    -8.300649268599990e+01,
    4.238961111900010e+01
  ],
  ""type"": ""Point""
}","{
  ""coordinates"": [
    -83.006492686,
    42.389611119
  ],
  ""type"": ""Point""
}",-83.0064926859999,42.3896111190001
2421,9869273,N I 75 SERVICE DRIVE,CLIFFORD,2016-11-24,24,11,2016,23,5,4,9,,4,0,,2,4,4,30,3,2,2,3,0,0,1,0,false,,true,true,true,false,false,,,,,,false,false,false,,,false,false,false,false,false,-83.05578,42.33821,"{
  ""coordinates"": [
    -8.305577737300000e+01,
    4.233820624800010e+01
  ],
  ""type"": ""Point""
}","{
  ""coordinates"": [
    -83.055777373,
    42.338206248
  ],
  ""type"": ""Point""
}",-83.055777373,42.3382062480001
2422,9869310,ASHTON,GROVE,2016-11-24,24,11,2016,16,5,4,9,,,0,,1,1,1,25,2,2,2,5,0,0,0,0,true,,false,false,false,false,false,,,,,,false,true,false,,,false,false,false,false,false,-83.21999,42.41351,"{
  ""coordinates"": [
    -8.321998554200000e+01,
    4.241350819200010e+01
  ],
  ""type"": ""Point""
}","{
  ""coordinates"": [
    -83.219985542,
    42.413508192
  ],
  ""type"": ""Point""
}",-83.219985542,42.4135081920001
2423,9877797,I-94,OUTER,2016-11-24,24,11,2016,5,5,8,1,,1,0,,2,2,4,55,3,2,1,5,0,0,0,0,true,,false,false,true,false,false,,,,,,false,false,true,,,false,false,false,false,false,-82.95461,42.40675,"{
  ""coordinates"": [
    -8.295461224000000e+01,
    4.240674948200010e+01
  ],
  ""type"": ""Point""
}","{
  ""coordinates"": [
    -82.95461224,
    42.406749482
  ],
  ""type"": ""Point""
}",-82.95461224,42.4067494820001
2424,9873222,M-10,JEFFERSON,2016-11-24,24,11,2016,4,5,1,3,,1,1,,2,2,4,55,3,1,2,5,0,0,0,0,true,,false,false,false,false,false,,,,,,false,false,true,,,false,false,false,false,false,-83.04569,42.32804,"{
  ""coordinates"": [
    -8.304569485800000e+01,
    4.232804586800010e+01
  ],
  ""type"": ""Point""
}","{
  ""coordinates"": [
    -83.045694858,
    42.328045868
  ],
  ""type"": ""Point""
}",-83.045694858,42.3280458680001
2425,9882836,WARREN,ALTER,2016-11-24,24,11,2016,3,5,5,9,,4,0,,1,1,4,35,5,2,2,5,0,0,0,0,true,,false,false,true,false,false,,,,,,false,false,false,,,false,false,false,false,false,-82.95424,42.39711,"{
  ""coordinates"": [
    -8.295423771000000e+01,
    4.239710905400010e+01
  ],
  ""type"": ""Point""
}","{
  ""coordinates"": [
    -82.95423771,
    42.397109054
  ],
  ""type"": ""Point""
}",-82.95423771,42.3971090540001
2426,9938339,I-75,SCHAEFER,2016-11-24,24,11,2016,0,5,8,1,,1,0,,2,2,4,70,4,2,2,5,0,0,0,0,true,,false,false,true,false,false,,,,,,false,false,false,,,false,false,false,false,false,-83.14948,42.28203,"{
  ""coordinates"": [
    -8.314948091299991e+01,
    4.228203245100010e+01
  ],
  ""type"": ""Point""
}","{
  ""coordinates"": [
    -83.149480913,
    42.282032451
  ],
  ""type"": ""Point""
}",-83.1494809129999,42.2820324510001
2427,9890903,S M 39,OUTER,2016-11-24,24,11,2016,12,5,5,3,,1,0,,1,2,1,25,3,2,2,4,0,0,0,1,false,,false,false,false,false,false,,,,,,false,true,false,,,false,false,false,false,false,-83.219,42.41932,"{
  ""coordinates"": [
    -8.321900457500000e+01,
    4.241932181100000e+01
  ],
  ""type"": ""Point""
}","{
  ""coordinates"": [
    -83.219004575,
    42.419321811
  ],
  ""type"": ""Point""
}",-83.219004575,42.419321811
2428,9869305,ASBURY,MCNICHOLS,2016-11-24,24,11,2016,3,5,4,9,,4,0,,2,4,4,35,2,2,2,5,0,0,0,0,true,,false,false,true,false,false,,,,,,false,false,false,,,false,false,false,false,false,-83.20902,42.41576,"{
  ""coordinates"": [
    -8.320902525799990e+01,
    4.241576134000010e+01
  ],
  ""type"": ""Point""
}","{
  ""coordinates"": [
    -83.209025258,
    42.41576134
  ],
  ""type"": ""Point""
}",-83.2090252579999,42.4157613400001
2429,9869326,GALLAGHER,8 MILE,2016-11-24,24,11,2016,15,5,8,3,,,0,,1,1,1,25,2,2,1,5,0,0,0,0,true,,false,false,false,false,false,,,,,,false,true,false,,,false,false,false,false,false,-83.07102,42.4469,"{
  ""coordinates"": [
    -8.307102447800000e+01,
    4.244689861200000e+01
  ],
  ""type"": ""Point""
}","{
  ""coordinates"": [
    -83.071024478,
    42.446898612
  ],
  ""type"": ""Point""
}",-83.071024478,42.446898612
2430,9869270,SECOND,HANCOCK,2016-11-24,24,11,2016,14,5,4,9,,5,0,,2,4,1,25,3,2,2,5,0,0,0,0,true,,true,false,false,false,false,,,,,,false,false,true,,,false,false,false,false,false,-83.06823,42.3541,"{
  ""coordinates"": [
    -8.306822670199990e+01,
    4.235410438900000e+01
  ],
  ""type"": ""Point""
}","{
  ""coordinates"": [
    -83.068226702,
    42.354104389
  ],
  ""type"": ""Point""
}",-83.0682267019999,42.354104389
2431,9869334,WYOMING,OUTER,2016-11-24,24,11,2016,13,5,8,9,,4,0,,2,2,1,35,4,2,1,5,0,0,0,0,true,,false,false,true,false,false,,,,,,false,false,true,,,false,false,false,false,false,-83.16109,42.43457,"{
  ""coordinates"": [
    -8.316108449500000e+01,
    4.243457489500000e+01
  ],
  ""type"": ""Point""
}","{
  ""coordinates"": [
    -83.161084495,
    42.434574895
  ],
  ""type"": ""Point""
}",-83.161084495,42.434574895
2432,9926335,I-94,LINWOOD,2016-11-24,24,11,2016,18,5,8,9,,4,0,,2,1,4,55,3,2,5,5,0,0,0,0,true,,false,false,false,false,false,,,,,,false,false,false,,,false,false,false,false,false,-83.09175,42.35206,"{
  ""coordinates"": [
    -8.309175327000000e+01,
    4.235206166200000e+01
  ],
  ""type"": ""Point""
}","{
  ""coordinates"": [
    -83.09175327,
    42.352061662
  ],
  ""type"": ""Point""
}",-83.09175327,42.352061662
2433,9928309,E I 96,CSX TRANSPORTATION,2016-11-24,24,11,2016,11,5,1,1,,1,1,,2,2,1,70,4,1,1,5,0,0,0,0,true,,false,false,false,false,false,,,,,,false,false,true,,,false,false,false,false,false,-83.18998,42.37984,"{
  ""coordinates"": [
    -8.318998024000000e+01,
    4.237983565500010e+01
  ],
  ""type"": ""Point""
}","{
  ""coordinates"": [
    -83.18998024,
    42.379835655
  ],
  ""type"": ""Point""
}",-83.18998024,42.3798356550001
2434,9873237,I 75,7 MILE,2016-11-24,24,11,2016,6,5,1,1,,1,1,,2,4,4,70,4,1,2,4,0,0,0,2,false,,false,false,false,false,false,,,,,,false,false,true,,,false,false,false,false,false,-83.09447,42.43111,"{
  ""coordinates"": [
    -8.309447687300000e+01,
    4.243111090400000e+01
  ],
  ""type"": ""Point""
}","{
  ""coordinates"": [
    -83.094476873,
    42.431110904
  ],
  ""type"": ""Point""
}",-83.094476873,42.431110904
2435,9876396,M08,I96,2016-11-24,24,11,2016,16,5,1,3,,1,1,,2,2,1,70,3,1,1,5,0,0,0,0,true,,false,false,false,false,false,,,,,,false,false,true,,,false,false,false,false,false,-83.14547,42.3864,"{
  ""coordinates"": [
    -8.314547330100000e+01,
    4.238640132100010e+01
  ],
  ""type"": ""Point""
}","{
  ""coordinates"": [
    -83.145473301,
    42.386401321
  ],
  ""type"": ""Point""
}",-83.145473301,42.3864013210001
2436,9877800,W I 96 CD,W I 96,2016-11-24,24,11,2016,9,5,1,1,,1,1,,2,2,1,30,3,1,1,5,0,0,0,0,true,,false,false,false,false,false,,,,,,false,false,true,,,false,false,false,false,false,-83.14981,42.384,"{
  ""coordinates"": [
    -8.314981333599999e+01,
    4.238399555200000e+01
  ],
  ""type"": ""Point""
}","{
  ""coordinates"": [
    -83.149813336,
    42.383995552
  ],
  ""type"": ""Point""
}",-83.149813336,42.383995552
2437,9873251,HANCOCK,WOODWARD,2016-11-24,24,11,2016,12,5,5,3,,,0,,2,2,1,25,4,2,2,5,0,0,0,0,true,,false,false,false,false,false,,,,,,false,false,false,,,false,false,false,false,false,-83.06393,42.35568,"{
  ""coordinates"": [
    -8.306392332900000e+01,
    4.235568027700000e+01
  ],
  ""type"": ""Point""
}","{
  ""coordinates"": [
    -83.063923329,
    42.355680277
  ],
  ""type"": ""Point""
}",-83.063923329,42.355680277
2438,9869271,GRAND,WOODWARD,2016-11-24,24,11,2016,2,5,8,3,,1,0,,2,4,4,35,3,2,2,5,0,0,0,0,true,,false,false,false,false,false,,,,,,false,false,true,,,false,false,false,false,false,-83.20889,42.39691,"{
  ""coordinates"": [
    -8.320888995300000e+01,
    4.239690710900000e+01
  ],
  ""type"": ""Point""
}","{
  ""coordinates"": [
    -83.208889953,
    42.396907109
  ],
  ""type"": ""Point""
}",-83.208889953,42.396907109
2439,9876429,16246 STATE FAIR,CORDELL,2016-11-24,24,11,2016,16,5,8,9,,5,0,,1,1,3,25,2,2,1,5,0,0,0,0,true,,false,false,false,true,false,,,,,,false,false,false,,,false,false,false,false,false,-82.95148,42.44292,"{
  ""coordinates"": [
    -8.295148094400000e+01,
    4.244291729900000e+01
  ],
  ""type"": ""Point""
}","{
  ""coordinates"": [
    -82.951480944,
    42.442917299
  ],
  ""type"": ""Point""
}",-82.951480944,42.442917299
2440,9982965,RAMP 048D,MCNICHOLS,2016-11-24,24,11,2016,11,5,10,1,,1,0,,2,4,4,0,1,2,2,5,0,0,0,0,true,,false,false,true,false,false,,,,,,false,false,false,,,false,false,false,false,false,-83.08844,42.41804,"{
  ""coordinates"": [
    -8.308844035399990e+01,
    4.241804037300010e+01
  ],
  ""type"": ""Point""
}","{
  ""coordinates"": [
    -83.088440354,
    42.418040373
  ],
  ""type"": ""Point""
}",-83.0884403539999,42.4180403730001
2441,9869315,8 MILE,SCHOENHERR,2016-11-24,24,11,2016,5,5,8,3,,1,0,,2,4,4,0,8,2,2,5,0,0,0,0,true,,false,false,true,false,false,,,,,,false,false,true,,,false,false,false,false,false,-82.98592,42.44927,"{
  ""coordinates"": [
    -8.298592298499990e+01,
    4.244927207100010e+01
  ],
  ""type"": ""Point""
}","{
  ""coordinates"": [
    -82.985922985,
    42.449272071
  ],
  ""type"": ""Point""
}",-82.9859229849999,42.4492720710001
2442,9869339,WYOMING,PURITAN,2016-11-24,24,11,2016,7,5,1,9,,4,1,,2,1,1,35,4,1,0,5,0,0,0,0,true,,false,false,true,false,false,,,,,,false,false,false,,,false,false,false,false,false,-83.15998,42.40943,"{
  ""coordinates"": [
    -8.315998299700000e+01,
    4.240942985600000e+01
  ],
  ""type"": ""Point""
}","{
  ""coordinates"": [
    -83.159982997,
    42.409429856
  ],
  ""type"": ""Point""
}",-83.159982997,42.409429856
2443,9873238,W I 96,KENTFIELD,2016-11-24,24,11,2016,11,5,1,1,,1,1,,2,1,1,55,3,1,2,5,0,0,0,0,true,,false,false,false,false,false,,,,,,false,false,true,,,false,false,false,false,false,-83.23994,42.38319,"{
  ""coordinates"": [
    -8.323993429799999e+01,
    4.238318768500010e+01
  ],
  ""type"": ""Point""
}","{
  ""coordinates"": [
    -83.239934298,
    42.383187685
  ],
  ""type"": ""Point""
}",-83.239934298,42.3831876850001
2444,9873239,W I 96,KENTFIELD,2016-11-24,24,11,2016,12,5,1,1,,1,1,,2,2,1,55,3,1,2,5,0,0,0,0,true,,false,false,false,false,false,,,,,,false,false,true,,,false,false,false,false,false,-83.23968,42.38297,"{
  ""coordinates"": [
    -8.323967841099990e+01,
    4.238296881600010e+01
  ],
  ""type"": ""Point""
}","{
  ""coordinates"": [
    -83.239678411,
    42.382968816
  ],
  ""type"": ""Point""
}",-83.2396784109999,42.3829688160001
2445,9897896,I 75,NEVADA,2016-11-24,24,11,2016,16,5,5,1,,1,0,,1,2,1,70,4,3,5,4,0,0,0,2,false,,false,false,false,true,false,,,,,,false,false,false,,,false,false,false,false,false,-83.09282,42.42443,"{
  ""coordinates"": [
    -8.309281645199999e+01,
    4.242443180800010e+01
  ],
  ""type"": ""Point""
}","{
  ""coordinates"": [
    -83.092816452,
    42.424431808
  ],
  ""type"": ""Point""
}",-83.092816452,42.4244318080001
2446,9877896,CHRYSLER,ORLEANS,2016-11-24,24,11,2016,12,5,5,7,,1,0,,2,4,4,25,2,2,2,5,0,0,0,0,true,,false,false,false,false,false,,,,,,false,false,false,,,false,false,false,false,false,-83.03741,42.34608,"{
  ""coordinates"": [
    -8.303740659399990e+01,
    4.234607770400000e+01
  ],
  ""type"": ""Point""
}","{
  ""coordinates"": [
    -83.037406594,
    42.346077704
  ],
  ""type"": ""Point""
}",-83.0374065939999,42.346077704
2447,9870460,GREENFIELD,CHICAGO,2016-11-24,24,11,2016,21,5,5,9,,2,0,,2,4,4,30,4,2,1,4,0,0,0,1,false,,false,false,false,false,false,,,,,,false,false,false,,,false,false,false,false,false,-83.19728,42.36536,"{
  ""coordinates"": [
    -8.319727744600000e+01,
    4.236536344300000e+01
  ],
  ""type"": ""Point""
}","{
  ""coordinates"": [
    -83.197277446,
    42.365363443
  ],
  ""type"": ""Point""
}",-83.197277446,42.365363443
2448,9869341,7 MILE,ROBSON,2016-11-24,24,11,2016,3,5,1,9,,2,0,,2,4,4,35,4,1,1,3,0,0,1,0,false,,false,false,false,false,false,,,,,,false,false,true,,,false,false,false,false,false,-83.19375,42.4306,"{
  ""coordinates"": [
    -8.319374611300000e+01,
    4.243059559500010e+01
  ],
  ""type"": ""Point""
}","{
  ""coordinates"": [
    -83.193746113,
    42.430595595
  ],
  ""type"": ""Point""
}",-83.193746113,42.4305955950001
2449,9873221,RAMP 215F,3RD,2016-11-24,24,11,2016,2,5,1,1,,1,1,,2,2,4,70,1,1,1,3,0,0,1,0,false,,false,false,false,false,false,,,,,,false,false,true,,,false,false,false,false,false,-83.0738,42.36063,"{
  ""coordinates"": [
    -8.307379927900000e+01,
    4.236062760000000e+01
  ],
  ""type"": ""Point""
}","{
  ""coordinates"": [
    -83.073799279,
    42.3606276
  ],
  ""type"": ""Point""
}",-83.073799279,42.3606276
2450,9870494,8 MILE,HOOVER,2016-11-24,24,11,2016,20,5,5,3,,1,0,,1,1,4,35,4,2,2,5,0,0,0,0,true,,false,false,false,false,false,,,,,,false,false,true,,,false,false,false,false,false,-83.00755,42.44871,"{
  ""coordinates"": [
    -8.300754177899999e+01,
    4.244870779000010e+01
  ],
  ""type"": ""Point""
}","{
  ""coordinates"": [
    -83.007541779,
    42.44870779
  ],
  ""type"": ""Point""
}",-83.007541779,42.4487077900001
2451,9869282,MCGRAW,RENVILLE,2016-11-24,24,11,2016,22,5,4,9,,4,0,,1,1,4,30,4,2,2,5,0,0,0,0,true,,false,false,false,false,false,,,,,,false,false,true,,,false,false,false,false,false,-83.147,42.33298,"{
  ""coordinates"": [
    -8.314699740099999e+01,
    4.233297856700010e+01
  ],
  ""type"": ""Point""
}","{
  ""coordinates"": [
    -83.146997401,
    42.332978567
  ],
  ""type"": ""Point""
}",-83.146997401,42.3329785670001