ObjectId,Crash ID,Primary Road,Intersecting Road,Crash Date,Day,Month,Year,Hour,Weekday,Crash Type Code,Highway Classification Code,Community Code,Jurisdiction Code,Lane Departure Type Code,Surface Type,Road Condition,Weather Condition,Lighting Condition,Speed Limit,Lanes,Units,Occupants,Most Severe Injury,Fatal Injuries,Suspected Serious Injuries,Suspected Minor Injuries,Possible Injuries,Property Damage Only,Secondary Crash,Traffic Control,Red Light Run,Hit and Run,Alcohol,Drugs,Unbelted Person,Work Zone,Speeding Driver,Distracted Driver,Driveway,Pedestrian,Elderly Driver,Young Driver,Commercial Vehicle,Emergency Vehicles,Train,School Bus,Motorcycle,Bicycle,Deer,Longitude,Latitude,geom,geog,x,y
2566,9867440,I-96,WARREN,2016-11-23,23,11,2016,8,4,1,1,,1,1,,1,2,2,70,4,1,1,5,0,0,0,0,true,,false,false,false,false,false,,,,,,false,false,false,,,false,false,false,false,false,-83.09607,42.34501,"{
  ""coordinates"": [
    -8.309607060300000e+01,
    4.234501105100000e+01
  ],
  ""type"": ""Point""
}","{
  ""coordinates"": [
    -83.096070603,
    42.345011051
  ],
  ""type"": ""Point""
}",-83.096070603,42.345011051
2567,9870464,NORTHLAWN,SCHOOLCRAFT,2016-11-23,23,11,2016,9,4,8,9,,,0,,1,1,1,25,1,2,3,5,0,0,0,0,true,,false,false,false,false,false,,,,,,false,true,false,,,false,false,false,false,false,-83.15303,42.38882,"{
  ""coordinates"": [
    -8.315302864499991e+01,
    4.238882553300000e+01
  ],
  ""type"": ""Point""
}","{
  ""coordinates"": [
    -83.153028645,
    42.388825533
  ],
  ""type"": ""Point""
}",-83.1530286449999,42.388825533
2568,9873219,N I 75,RAMP 216B,2016-11-23,23,11,2016,20,4,1,1,,1,1,,2,2,4,70,2,1,1,5,0,0,0,0,true,,false,false,false,false,false,,,,,,false,false,true,,,false,false,false,false,false,-83.05721,42.36701,"{
  ""coordinates"": [
    -8.305720775600000e+01,
    4.236701028500000e+01
  ],
  ""type"": ""Point""
}","{
  ""coordinates"": [
    -83.057207756,
    42.367010285
  ],
  ""type"": ""Point""
}",-83.057207756,42.367010285
2569,9870553,JOHN C LODGE SERVICE,LIVERNOIS,2016-11-22,22,11,2016,19,3,9,9,,4,2,,1,1,4,25,1,2,1,5,0,0,0,0,true,,false,false,true,false,false,,,,,,false,false,false,,,false,false,false,false,false,-83.14073,42.40526,"{
  ""coordinates"": [
    -8.314073297000000e+01,
    4.240526320400010e+01
  ],
  ""type"": ""Point""
}","{
  ""coordinates"": [
    -83.14073297,
    42.405263204
  ],
  ""type"": ""Point""
}",-83.14073297,42.4052632040001
2570,9868560,JOHN C LODGE SERVICE,MARTIN LUTHER KING JR,2016-11-22,22,11,2016,11,3,4,3,,1,0,,1,1,1,25,3,2,2,5,0,0,0,0,true,,false,false,false,false,false,,,,,,false,false,false,,,false,false,false,false,false,-83.06808,42.3434,"{
  ""coordinates"": [
    -8.306808724900000e+01,
    4.234339988700000e+01
  ],
  ""type"": ""Point""
}","{
  ""coordinates"": [
    -83.068087249,
    42.343399887
  ],
  ""type"": ""Point""
}",-83.068087249,42.343399887
2571,9867460,CENTRAL,LAFAYETTE,2016-11-22,22,11,2016,15,3,9,9,,4,0,,1,1,1,25,2,2,7,5,0,0,0,0,true,,false,false,true,false,false,,,,,,false,false,true,,,false,false,false,false,false,-83.1185,42.30394,"{
  ""coordinates"": [
    -8.311849869400000e+01,
    4.230394531700010e+01
  ],
  ""type"": ""Point""
}","{
  ""coordinates"": [
    -83.118498694,
    42.303945317
  ],
  ""type"": ""Point""
}",-83.118498694,42.3039453170001
2572,9868575,JOSEPH CAMPAU,JEROME,2016-11-22,22,11,2016,7,3,4,9,,4,0,,1,1,1,25,6,2,6,5,0,0,0,0,true,,true,false,false,false,false,,,,,,false,false,false,,,false,false,false,false,false,-83.07298,42.41946,"{
  ""coordinates"": [
    -8.307298318200000e+01,
    4.241945998800000e+01
  ],
  ""type"": ""Point""
}","{
  ""coordinates"": [
    -83.072983182,
    42.419459988
  ],
  ""type"": ""Point""
}",-83.072983182,42.419459988
2573,9891785,I 75,FERRY,2016-11-22,22,11,2016,2,3,9,1,,1,2,,1,1,4,55,4,2,2,5,0,0,0,0,true,,false,false,false,true,true,,,,,,false,false,true,,,false,false,false,false,false,-83.05595,42.36415,"{
  ""coordinates"": [
    -8.305595285600000e+01,
    4.236415045500010e+01
  ],
  ""type"": ""Point""
}","{
  ""coordinates"": [
    -83.055952856,
    42.364150455
  ],
  ""type"": ""Point""
}",-83.055952856,42.3641504550001
2574,9870587,CASS,PRENTIS,2016-11-22,22,11,2016,9,3,8,9,,4,0,,1,1,1,25,2,2,2,5,0,0,0,0,true,,false,false,false,false,false,,,,,,false,true,false,,,false,false,false,false,false,-83.06464,42.35248,"{
  ""coordinates"": [
    -8.306464498600000e+01,
    4.235247800700010e+01
  ],
  ""type"": ""Point""
}","{
  ""coordinates"": [
    -83.064644986,
    42.352478007
  ],
  ""type"": ""Point""
}",-83.064644986,42.3524780070001
2575,9890274,14TH,W I 94 SERVICE DRIVE,2016-11-22,22,11,2016,10,3,8,9,,4,0,,1,1,1,30,2,2,2,5,0,0,0,0,true,,false,false,false,false,false,,,,,,false,false,true,,,false,false,false,false,false,-83.08921,42.35371,"{
  ""coordinates"": [
    -8.308920905300000e+01,
    4.235371055100010e+01
  ],
  ""type"": ""Point""
}","{
  ""coordinates"": [
    -83.089209053,
    42.353710551
  ],
  ""type"": ""Point""
}",-83.089209053,42.3537105510001
2576,9867445,WOODWARD,GRAND RIVER,2016-11-22,22,11,2016,18,3,8,9,,4,0,,1,1,4,35,5,2,2,5,0,0,0,0,true,,false,false,false,false,false,,,,,,false,false,false,,,false,false,false,false,false,-83.04872,42.33406,"{
  ""coordinates"": [
    -8.304871750500000e+01,
    4.233406241100000e+01
  ],
  ""type"": ""Point""
}","{
  ""coordinates"": [
    -83.048717505,
    42.334062411
  ],
  ""type"": ""Point""
}",-83.048717505,42.334062411
2577,9880431,SOUTHFIELD,PAUL,2016-11-22,22,11,2016,18,3,5,3,,1,0,,1,1,4,55,3,2,2,5,0,0,0,0,true,,false,false,false,false,false,,,,,,false,false,false,,,false,false,false,false,false,-83.21595,42.3364,"{
  ""coordinates"": [
    -8.321594781399990e+01,
    4.233640100600010e+01
  ],
  ""type"": ""Point""
}","{
  ""coordinates"": [
    -83.215947814,
    42.336401006
  ],
  ""type"": ""Point""
}",-83.2159478139999,42.3364010060001
2578,9873267,S I 75,MACK,2016-11-22,22,11,2016,15,3,5,1,,1,0,,1,1,1,35,1,2,2,4,0,0,0,1,false,,false,false,false,false,false,,,,,,false,false,false,,,false,false,false,false,false,-83.04807,42.35107,"{
  ""coordinates"": [
    -8.304807301999990e+01,
    4.235106783300010e+01
  ],
  ""type"": ""Point""
}","{
  ""coordinates"": [
    -83.04807302,
    42.351067833
  ],
  ""type"": ""Point""
}",-83.0480730199999,42.3510678330001
2579,9867419,S/B M-39,GRAND,2016-11-22,22,11,2016,8,3,5,3,,1,0,,1,1,1,55,3,3,3,5,0,0,0,0,true,,false,false,false,false,false,,,,,,false,false,false,,,false,false,false,false,false,-83.21837,42.40019,"{
  ""coordinates"": [
    -8.321837038300001e+01,
    4.240018774500000e+01
  ],
  ""type"": ""Point""
}","{
  ""coordinates"": [
    -83.218370383,
    42.400187745
  ],
  ""type"": ""Point""
}",-83.218370383,42.400187745
2580,9867466,MANSFIELD,PURITAN,2016-11-22,22,11,2016,7,3,4,9,,,0,,1,1,1,30,2,2,1,5,0,0,0,0,true,,false,false,true,false,false,,,,,,false,false,false,,,false,false,false,false,false,-83.2055,42.4086,"{
  ""coordinates"": [
    -8.320549414100000e+01,
    4.240859961700000e+01
  ],
  ""type"": ""Point""
}","{
  ""coordinates"": [
    -83.205494141,
    42.408599617
  ],
  ""type"": ""Point""
}",-83.205494141,42.408599617
2581,9873255,THRD,FORD,2016-11-22,22,11,2016,8,3,8,9,,4,0,,1,1,1,0,4,2,2,5,0,0,0,0,true,,false,false,false,false,false,,,,,,false,false,false,,,false,false,false,false,false,-83.07658,42.36372,"{
  ""coordinates"": [
    -8.307657776600000e+01,
    4.236372534200010e+01
  ],
  ""type"": ""Point""
}","{
  ""coordinates"": [
    -83.076577766,
    42.363725342
  ],
  ""type"": ""Point""
}",-83.076577766,42.3637253420001
2582,9867490,WYOMING,MCNICHOLS,2016-11-22,22,11,2016,16,3,5,9,,4,0,,1,1,1,0,2,2,2,4,0,0,0,1,false,,false,false,false,false,false,,,,,,false,false,false,,,false,false,false,false,false,-83.16032,42.4169,"{
  ""coordinates"": [
    -8.316031408100000e+01,
    4.241690113200010e+01
  ],
  ""type"": ""Point""
}","{
  ""coordinates"": [
    -83.160314081,
    42.416901132
  ],
  ""type"": ""Point""
}",-83.160314081,42.4169011320001
2583,9877783,I-96,OUTER,2016-11-22,22,11,2016,11,3,5,9,,4,0,,1,1,1,70,3,2,2,3,0,0,1,0,false,,false,false,false,false,false,,,,,,false,false,false,,,false,false,false,false,false,-83.18814,42.43229,"{
  ""coordinates"": [
    -8.318813836800000e+01,
    4.243228896600000e+01
  ],
  ""type"": ""Point""
}","{
  ""coordinates"": [
    -83.188138368,
    42.432288966
  ],
  ""type"": ""Point""
}",-83.188138368,42.432288966
2584,9867478,GRATIOT,FRENCH,2016-11-22,22,11,2016,16,3,5,3,,1,0,,1,1,1,0,8,2,2,5,0,0,0,0,true,,false,false,false,false,false,,,,,,false,false,false,,,false,false,false,false,false,-83.00034,42.40056,"{
  ""coordinates"": [
    -8.300033224500000e+01,
    4.240056227500000e+01
  ],
  ""type"": ""Point""
}","{
  ""coordinates"": [
    -83.000332245,
    42.400562275
  ],
  ""type"": ""Point""
}",-83.000332245,42.400562275
2585,9868598,8 MILE,S I 75 SERVICE DRIVE,2016-11-22,22,11,2016,10,3,5,3,,1,0,,1,1,1,35,3,2,3,5,0,0,0,0,true,,false,false,false,false,false,,,,,,false,false,true,,,false,false,false,false,false,-83.09544,42.44678,"{
  ""coordinates"": [
    -8.309544562100000e+01,
    4.244678487900010e+01
  ],
  ""type"": ""Point""
}","{
  ""coordinates"": [
    -83.095445621,
    42.446784879
  ],
  ""type"": ""Point""
}",-83.095445621,42.4467848790001
2586,9868565,JOHN KRONK,CABOT,2016-11-22,22,11,2016,23,3,8,9,,4,0,,1,1,4,0,2,2,1,5,0,0,0,0,true,,false,false,false,false,false,,,,,,false,false,false,,,false,false,false,false,false,-83.1431,42.32033,"{
  ""coordinates"": [
    -8.314309921499991e+01,
    4.232033014600010e+01
  ],
  ""type"": ""Point""
}","{
  ""coordinates"": [
    -83.143099215,
    42.320330146
  ],
  ""type"": ""Point""
}",-83.1430992149999,42.3203301460001
2587,9869275,I-75,M-10,2016-11-22,22,11,2016,8,3,5,9,,4,0,,1,1,1,55,6,2,1,5,0,0,0,0,true,,false,false,true,false,false,,,,,,false,false,false,,,false,false,false,false,false,-83.06596,42.3361,"{
  ""coordinates"": [
    -8.306596427700001e+01,
    4.233610068600010e+01
  ],
  ""type"": ""Point""
}","{
  ""coordinates"": [
    -83.065964277,
    42.336100686
  ],
  ""type"": ""Point""
}",-83.065964277,42.3361006860001
2588,9877831,M 39,PEMBROKE,2016-11-22,22,11,2016,16,3,5,3,,1,0,,1,1,1,55,3,2,3,4,0,0,0,2,false,,false,false,false,false,false,,,,,,false,false,false,,,false,false,false,false,false,-83.21952,42.43696,"{
  ""coordinates"": [
    -8.321951843600000e+01,
    4.243695934200010e+01
  ],
  ""type"": ""Point""
}","{
  ""coordinates"": [
    -83.219518436,
    42.436959342
  ],
  ""type"": ""Point""
}",-83.219518436,42.4369593420001
2589,9867453,GRANDRIVER,HANCOCK,2016-11-22,22,11,2016,14,3,5,3,,1,0,,1,1,1,30,6,2,2,5,0,0,0,0,true,,false,false,false,false,false,,,,,,false,true,false,,,false,false,false,false,false,-83.0871,42.34781,"{
  ""coordinates"": [
    -8.308710614599990e+01,
    4.234780988500010e+01
  ],
  ""type"": ""Point""
}","{
  ""coordinates"": [
    -83.087106146,
    42.347809885
  ],
  ""type"": ""Point""
}",-83.0871061459999,42.3478098850001
2590,9869324,FULLERTON,EWALD,2016-11-22,22,11,2016,19,3,8,9,,4,0,,1,1,3,25,4,2,1,5,0,0,0,0,true,,false,false,true,false,false,,,,,,false,false,false,,,false,false,false,false,false,-83.14468,42.38107,"{
  ""coordinates"": [
    -8.314468308200000e+01,
    4.238107039100000e+01
  ],
  ""type"": ""Point""
}","{
  ""coordinates"": [
    -83.144683082,
    42.381070391
  ],
  ""type"": ""Point""
}",-83.144683082,42.381070391
2591,9873261,WOODWARD,HENDRIE,2016-11-22,22,11,2016,17,3,5,3,,1,0,,1,1,4,35,5,2,2,5,0,0,0,0,true,,false,false,false,false,false,,,,,,false,true,false,,,false,false,false,false,false,-83.06857,42.36327,"{
  ""coordinates"": [
    -8.306856701100000e+01,
    4.236326546900010e+01
  ],
  ""type"": ""Point""
}","{
  ""coordinates"": [
    -83.068567011,
    42.363265469
  ],
  ""type"": ""Point""
}",-83.068567011,42.3632654690001
2592,9874320,BIRCHCREST,PICKFORD,2016-11-22,22,11,2016,2,3,5,9,,,0,,1,1,5,25,2,2,1,5,0,0,0,0,true,,false,false,false,false,false,,,,,,false,false,false,,,false,false,false,false,false,-83.13707,42.42702,"{
  ""coordinates"": [
    -8.313707184700000e+01,
    4.242701530500010e+01
  ],
  ""type"": ""Point""
}","{
  ""coordinates"": [
    -83.137071847,
    42.427015305
  ],
  ""type"": ""Point""
}",-83.137071847,42.4270153050001
2593,9867455,LAFAYETTE,JOHN C,2016-11-22,22,11,2016,8,3,4,9,,4,0,,1,1,1,30,4,2,3,3,0,0,1,0,false,,true,true,false,false,false,,,,,,false,false,false,,,false,false,false,false,false,-83.05685,42.32781,"{
  ""coordinates"": [
    -8.305684362900000e+01,
    4.232781019400010e+01
  ],
  ""type"": ""Point""
}","{
  ""coordinates"": [
    -83.056843629,
    42.327810194
  ],
  ""type"": ""Point""
}",-83.056843629,42.3278101940001
2594,9867452,GRAND RIVER,W I 94,2016-11-22,22,11,2016,13,3,5,3,,1,0,,1,1,1,35,5,3,3,5,0,0,0,0,true,,false,false,false,false,false,,,,,,false,true,false,,,false,false,false,false,false,-83.09599,42.3514,"{
  ""coordinates"": [
    -8.309599607699990e+01,
    4.235140255300010e+01
  ],
  ""type"": ""Point""
}","{
  ""coordinates"": [
    -83.095996077,
    42.351402553
  ],
  ""type"": ""Point""
}",-83.0959960769999,42.3514025530001
2595,9867479,7 MILE,CHALMERS,2016-11-22,22,11,2016,16,3,5,9,,2,0,,1,1,1,0,2,2,2,5,0,0,0,0,true,,false,false,true,false,false,,,,,,false,false,false,,,false,false,false,false,false,-82.97527,42.43513,"{
  ""coordinates"": [
    -8.297527125499990e+01,
    4.243513133600000e+01
  ],
  ""type"": ""Point""
}","{
  ""coordinates"": [
    -82.975271255,
    42.435131336
  ],
  ""type"": ""Point""
}",-82.9752712549999,42.435131336
2596,9867471,GRANDRIVER,MINOCK,2016-11-22,22,11,2016,10,3,5,3,,1,0,,1,1,1,35,2,2,3,4,0,0,0,1,false,,false,false,false,false,false,,,,,,false,false,false,,,false,false,false,false,false,-83.23399,42.40702,"{
  ""coordinates"": [
    -8.323399059499999e+01,
    4.240701595400000e+01
  ],
  ""type"": ""Point""
}","{
  ""coordinates"": [
    -83.233990595,
    42.407015954
  ],
  ""type"": ""Point""
}",-83.233990595,42.407015954
2597,9867457,MICHIGAN,CENTRAL,2016-11-22,22,11,2016,15,3,8,2,,1,0,,1,1,1,0,5,2,2,5,0,0,0,0,true,,false,false,false,false,false,,,,,,false,false,false,,,false,false,false,false,false,-83.13763,42.3311,"{
  ""coordinates"": [
    -8.313762660899989e+01,
    4.233110168600010e+01
  ],
  ""type"": ""Point""
}","{
  ""coordinates"": [
    -83.137626609,
    42.331101686
  ],
  ""type"": ""Point""
}",-83.1376266089999,42.3311016860001
2598,9867484,JOHN C LODGE SERVICE,WYOMING,2016-11-22,22,11,2016,6,3,5,3,,1,0,,1,1,1,35,4,2,2,4,0,0,0,1,false,,false,false,false,false,false,,,,,,false,false,false,,,false,false,false,false,false,-83.15981,42.40516,"{
  ""coordinates"": [
    -8.315980785499990e+01,
    4.240516137600010e+01
  ],
  ""type"": ""Point""
}","{
  ""coordinates"": [
    -83.159807855,
    42.405161376
  ],
  ""type"": ""Point""
}",-83.1598078549999,42.4051613760001
2599,9868563,LIEBOLD,GILROY,2016-11-22,22,11,2016,17,3,5,9,,,0,,1,1,1,25,2,2,0,5,0,0,0,0,true,,false,false,true,false,false,,,,,,false,false,false,,,false,false,false,false,false,-83.14867,42.28001,"{
  ""coordinates"": [
    -8.314866863500001e+01,
    4.228000720300000e+01
  ],
  ""type"": ""Point""
}","{
  ""coordinates"": [
    -83.148668635,
    42.280007203
  ],
  ""type"": ""Point""
}",-83.148668635,42.280007203
2600,9867470,EVERGREEN,WHITLOCK,2016-11-22,22,11,2016,8,3,4,9,,4,0,,1,1,1,30,2,2,2,5,0,0,0,0,true,,false,false,false,false,false,,,,,,false,false,false,,,false,false,false,false,false,-83.23524,42.33949,"{
  ""coordinates"": [
    -8.323524057200000e+01,
    4.233948818400010e+01
  ],
  ""type"": ""Point""
}","{
  ""coordinates"": [
    -83.235240572,
    42.339488184
  ],
  ""type"": ""Point""
}",-83.235240572,42.3394881840001
2601,9871671,M10,WYOMING,2016-11-22,22,11,2016,20,3,8,3,,1,0,,1,1,4,55,3,2,1,5,0,0,0,0,true,,false,false,false,false,false,,,,,,false,false,true,,,false,false,false,false,false,-83.16015,42.40545,"{
  ""coordinates"": [
    -8.316014532600001e+01,
    4.240544915500000e+01
  ],
  ""type"": ""Point""
}","{
  ""coordinates"": [
    -83.160145326,
    42.405449155
  ],
  ""type"": ""Point""
}",-83.160145326,42.405449155
2602,9871679,E I 94,RAMP 220E,2016-11-22,22,11,2016,20,3,97,1,,1,0,,1,1,4,55,3,3,3,4,0,0,0,1,false,,false,false,true,false,false,,,,,,false,false,false,,,false,false,false,false,false,-82.98615,42.39751,"{
  ""coordinates"": [
    -8.298614690700001e+01,
    4.239750618400010e+01
  ],
  ""type"": ""Point""
}","{
  ""coordinates"": [
    -82.986146907,
    42.397506184
  ],
  ""type"": ""Point""
}",-82.986146907,42.3975061840001
2603,9868503,S M 39,PLYMOUTH,2016-11-22,22,11,2016,19,3,5,3,,1,0,,1,1,4,55,3,3,6,4,0,0,0,2,false,,false,false,false,false,false,,,,,,false,false,false,,,false,false,false,false,false,-83.2167,42.3708,"{
  ""coordinates"": [
    -8.321669621599990e+01,
    4.237080378600010e+01
  ],
  ""type"": ""Point""
}","{
  ""coordinates"": [
    -83.216696216,
    42.370803786
  ],
  ""type"": ""Point""
}",-83.2166962159999,42.3708037860001
2604,9868542,S/B I 75,WARREN,2016-11-22,22,11,2016,18,3,8,1,,1,0,,1,1,4,55,3,2,2,5,0,0,0,0,true,,false,false,false,false,false,,,,,,false,false,false,,,false,false,false,false,false,-83.0543,42.3605,"{
  ""coordinates"": [
    -8.305430177600000e+01,
    4.236049465700010e+01
  ],
  ""type"": ""Point""
}","{
  ""coordinates"": [
    -83.054301776,
    42.360494657
  ],
  ""type"": ""Point""
}",-83.054301776,42.3604946570001
2605,9870544,LODGE,CLAIRMOUNT,2016-11-22,22,11,2016,8,3,4,3,,1,0,,1,1,1,25,2,2,3,5,0,0,0,0,true,,false,false,false,false,false,,,,,,false,false,false,,,false,false,false,false,false,-83.09035,42.37989,"{
  ""coordinates"": [
    -8.309034662900000e+01,
    4.237989113300010e+01
  ],
  ""type"": ""Point""
}","{
  ""coordinates"": [
    -83.090346629,
    42.379891133
  ],
  ""type"": ""Point""
}",-83.090346629,42.3798911330001
2606,9869307,8 MILE,EVERGREEN,2016-11-22,22,11,2016,23,3,8,3,,1,0,,2,4,4,35,4,2,2,5,0,0,0,0,true,,false,false,false,false,false,,,,,,false,false,false,,,false,false,false,false,false,-83.23751,42.44379,"{
  ""coordinates"": [
    -8.323751243200000e+01,
    4.244379186600000e+01
  ],
  ""type"": ""Point""
}","{
  ""coordinates"": [
    -83.237512432,
    42.443791866
  ],
  ""type"": ""Point""
}",-83.237512432,42.443791866
2607,9867467,HELEN,THEODORE,2016-11-22,22,11,2016,7,3,4,9,,,0,,1,1,1,0,1,2,5,3,0,0,1,0,false,,true,false,false,false,false,,,,,,false,false,false,,,false,false,false,false,false,-83.02102,42.37377,"{
  ""coordinates"": [
    -8.302101562999999e+01,
    4.237377330200010e+01
  ],
  ""type"": ""Point""
}","{
  ""coordinates"": [
    -83.02101563,
    42.373773302
  ],
  ""type"": ""Point""
}",-83.02101563,42.3737733020001
2608,9868586,LYNDON,KENTFIELD,2016-11-22,22,11,2016,14,3,4,9,,4,0,,1,2,1,25,4,2,3,5,0,0,0,0,true,,true,false,false,false,false,,,,,,false,false,true,,,false,false,false,false,false,-83.24026,42.39341,"{
  ""coordinates"": [
    -8.324026857500000e+01,
    4.239340809200010e+01
  ],
  ""type"": ""Point""
}","{
  ""coordinates"": [
    -83.240268575,
    42.393408092
  ],
  ""type"": ""Point""
}",-83.240268575,42.3934080920001
2609,9867491,PURITAN,MEYERS,2016-11-22,22,11,2016,20,3,5,9,,4,0,,1,1,4,0,2,2,2,4,0,0,0,1,false,,false,false,false,false,false,,,,,,false,false,false,,,false,false,false,false,false,-83.1698,42.40953,"{
  ""coordinates"": [
    -8.316979855200000e+01,
    4.240953263800000e+01
  ],
  ""type"": ""Point""
}","{
  ""coordinates"": [
    -83.169798552,
    42.409532638
  ],
  ""type"": ""Point""
}",-83.169798552,42.409532638
2610,9870543,GRAND,LINCOLN,2016-11-22,22,11,2016,5,3,5,9,,4,0,,1,1,4,35,3,2,6,4,0,0,0,1,false,,false,false,false,false,false,,,,,,false,false,false,,,false,false,false,false,false,-83.08263,42.36688,"{
  ""coordinates"": [
    -8.308262693800000e+01,
    4.236688125900000e+01
  ],
  ""type"": ""Point""
}","{
  ""coordinates"": [
    -83.082626938,
    42.366881259
  ],
  ""type"": ""Point""
}",-83.082626938,42.366881259
2611,9867495,WARRINGTON,NORFOLK,2016-11-22,22,11,2016,19,3,4,9,,,0,,1,1,3,25,2,2,2,5,0,0,0,0,true,,false,false,false,false,false,,,,,,false,false,false,,,false,false,false,false,false,-83.14082,42.44345,"{
  ""coordinates"": [
    -8.314082056699991e+01,
    4.244345185000000e+01
  ],
  ""type"": ""Point""
}","{
  ""coordinates"": [
    -83.140820567,
    42.44345185
  ],
  ""type"": ""Point""
}",-83.1408205669999,42.44345185
2612,9870588,WARREN,CASS,2016-11-22,22,11,2016,13,3,8,9,,4,0,,1,1,1,30,8,2,3,5,0,0,0,0,true,,false,false,false,false,false,,,,,,false,false,true,,,false,false,false,false,false,-83.06595,42.35617,"{
  ""coordinates"": [
    -8.306595158999990e+01,
    4.235616988700010e+01
  ],
  ""type"": ""Point""
}","{
  ""coordinates"": [
    -83.06595159,
    42.356169887
  ],
  ""type"": ""Point""
}",-83.0659515899999,42.3561698870001
2613,9867432,I 94,BURNS,2016-11-22,22,11,2016,15,3,8,1,,1,0,,1,1,1,55,3,4,4,5,0,0,0,0,true,,false,false,false,false,false,,,,,,false,false,true,,,false,false,false,false,false,-83.01444,42.38837,"{
  ""coordinates"": [
    -8.301444421500000e+01,
    4.238837114600010e+01
  ],
  ""type"": ""Point""
}","{
  ""coordinates"": [
    -83.014444215,
    42.388371146
  ],
  ""type"": ""Point""
}",-83.014444215,42.3883711460001
2614,9869319,14TH,DAVISON,2016-11-22,22,11,2016,16,3,5,3,,4,0,,1,98,98,25,3,2,1,5,0,0,0,0,true,,false,false,false,false,false,,,,,,false,false,false,,,false,false,false,false,false,-83.11591,42.39505,"{
  ""coordinates"": [
    -8.311590613899990e+01,
    4.239505472800000e+01
  ],
  ""type"": ""Point""
}","{
  ""coordinates"": [
    -83.115906139,
    42.395054728
  ],
  ""type"": ""Point""
}",-83.1159061389999,42.395054728
2615,9870589,ANTHONY WAYNE,MERRICK,2016-11-22,22,11,2016,22,3,5,9,,4,0,,1,1,4,25,2,2,2,5,0,0,0,0,true,,false,false,false,false,false,,,,,,false,false,true,,,false,false,false,false,false,-83.0734,42.35812,"{
  ""coordinates"": [
    -8.307340349799991e+01,
    4.235812564800010e+01
  ],
  ""type"": ""Point""
}","{
  ""coordinates"": [
    -83.073403498,
    42.358125648
  ],
  ""type"": ""Point""
}",-83.0734034979999,42.3581256480001
2616,9867454,S I 75,MACK,2016-11-22,22,11,2016,10,3,5,1,,1,0,,1,1,1,25,4,2,2,5,0,0,0,0,true,,false,false,false,false,false,,,,,,false,true,false,,,false,false,false,false,false,-83.04821,42.35127,"{
  ""coordinates"": [
    -8.304820894900000e+01,
    4.235127247200010e+01
  ],
  ""type"": ""Point""
}","{
  ""coordinates"": [
    -83.048208949,
    42.351272472
  ],
  ""type"": ""Point""
}",-83.048208949,42.3512724720001
2617,9917203,I-94,TRUMBULL,2016-11-22,22,11,2016,19,3,5,1,,1,0,,1,1,4,55,3,3,2,5,0,0,0,0,true,,false,false,true,false,false,,,,,,false,false,false,,,false,false,false,false,false,-83.08083,42.35643,"{
  ""coordinates"": [
    -8.308082928499989e+01,
    4.235642782400000e+01
  ],
  ""type"": ""Point""
}","{
  ""coordinates"": [
    -83.080829285,
    42.356427824
  ],
  ""type"": ""Point""
}",-83.0808292849999,42.356427824
2618,9867456,32ND,HORATIO,2016-11-22,22,11,2016,14,3,8,9,,,0,,1,1,1,0,2,2,0,5,0,0,0,0,true,,false,false,true,false,false,,,,,,false,false,false,,,false,false,false,false,false,-83.11514,42.339,"{
  ""coordinates"": [
    -8.311513142599991e+01,
    4.233899644500010e+01
  ],
  ""type"": ""Point""
}","{
  ""coordinates"": [
    -83.115131426,
    42.338996445
  ],
  ""type"": ""Point""
}",-83.1151314259999,42.3389964450001
2619,9868583,GRANDMONT,ABINGTON,2016-11-22,22,11,2016,6,3,1,9,,,1,,1,1,1,25,2,1,1,5,0,0,0,0,true,,false,false,false,false,false,,,,,,false,false,true,,,false,false,false,false,false,-83.20889,42.35549,"{
  ""coordinates"": [
    -8.320889358100000e+01,
    4.235549264500000e+01
  ],
  ""type"": ""Point""
}","{
  ""coordinates"": [
    -83.208893581,
    42.355492645
  ],
  ""type"": ""Point""
}",-83.208893581,42.355492645
2620,9868584,TELEGRAPH,8 MILE,2016-11-22,22,11,2016,9,3,5,2,,1,0,,1,1,1,40,2,2,2,5,0,0,0,0,true,,false,false,false,false,false,,,,,,false,false,false,,,false,false,false,false,false,-83.27831,42.44268,"{
  ""coordinates"": [
    -8.327830690600000e+01,
    4.244268185800010e+01
  ],
  ""type"": ""Point""
}","{
  ""coordinates"": [
    -83.278306906,
    42.442681858
  ],
  ""type"": ""Point""
}",-83.278306906,42.4426818580001
2621,9867410,E/B I-94,CADEUIX,2016-11-22,22,11,2016,16,3,5,1,,1,0,,1,1,1,70,3,2,3,5,0,0,0,0,true,,false,false,false,false,false,,,,,,false,false,true,,,false,false,false,false,false,-82.94413,42.41216,"{
  ""coordinates"": [
    -8.294413174100001e+01,
    4.241215326900000e+01
  ],
  ""type"": ""Point""
}","{
  ""coordinates"": [
    -82.944131741,
    42.412153269
  ],
  ""type"": ""Point""
}",-82.944131741,42.412153269
2622,9867447,GRAND RIVER,MCNICHOLS,2016-11-22,22,11,2016,8,3,5,3,,1,0,,1,1,1,35,7,2,1,5,0,0,0,0,true,,false,false,true,false,false,,,,,,false,false,false,,,false,false,false,false,false,-83.25336,42.41481,"{
  ""coordinates"": [
    -8.325335686800000e+01,
    4.241481137600000e+01
  ],
  ""type"": ""Point""
}","{
  ""coordinates"": [
    -83.253356868,
    42.414811376
  ],
  ""type"": ""Point""
}",-83.253356868,42.414811376