ObjectId,Crash ID,Primary Road,Intersecting Road,Crash Date,Day,Month,Year,Hour,Weekday,Crash Type Code,Highway Classification Code,Community Code,Jurisdiction Code,Lane Departure Type Code,Surface Type,Road Condition,Weather Condition,Lighting Condition,Speed Limit,Lanes,Units,Occupants,Most Severe Injury,Fatal Injuries,Suspected Serious Injuries,Suspected Minor Injuries,Possible Injuries,Property Damage Only,Secondary Crash,Traffic Control,Red Light Run,Hit and Run,Alcohol,Drugs,Unbelted Person,Work Zone,Speeding Driver,Distracted Driver,Driveway,Pedestrian,Elderly Driver,Young Driver,Commercial Vehicle,Emergency Vehicles,Train,School Bus,Motorcycle,Bicycle,Deer,Longitude,Latitude,geom,geog,x,y
2623,9867450,WHITCOMB,PILGRIM,2016-11-22,22,11,2016,8,3,4,9,,,0,,1,1,1,25,3,2,2,4,0,0,0,1,false,,false,false,true,false,false,,,,,,false,false,false,,,false,false,false,false,false,-83.19649,42.40701,"{
  ""coordinates"": [
    -8.319648398100000e+01,
    4.240700345300010e+01
  ],
  ""type"": ""Point""
}","{
  ""coordinates"": [
    -83.196483981,
    42.407003453
  ],
  ""type"": ""Point""
}",-83.196483981,42.4070034530001
2624,9874284,JEFFERSON,CHALMERS,2016-11-22,22,11,2016,6,3,5,9,,4,0,,1,1,1,35,6,4,0,5,0,0,0,0,true,,false,false,true,false,false,,,,,,false,false,false,,,false,false,false,false,false,-82.94427,42.37291,"{
  ""coordinates"": [
    -8.294426722599999e+01,
    4.237291319600010e+01
  ],
  ""type"": ""Point""
}","{
  ""coordinates"": [
    -82.944267226,
    42.372913196
  ],
  ""type"": ""Point""
}",-82.944267226,42.3729131960001
2625,9867420,E/B I-94,DICKERSON,2016-11-22,22,11,2016,14,3,1,1,,1,1,,1,1,1,55,3,1,3,3,0,0,2,1,false,,false,false,false,false,false,,,,,,false,false,true,,,false,false,false,false,false,-82.97338,42.40138,"{
  ""coordinates"": [
    -8.297337834200000e+01,
    4.240137961100000e+01
  ],
  ""type"": ""Point""
}","{
  ""coordinates"": [
    -82.973378342,
    42.401379611
  ],
  ""type"": ""Point""
}",-82.973378342,42.401379611
2626,9867448,FENKELL,HUBBELL,2016-11-22,22,11,2016,8,3,5,9,,2,0,,1,1,1,35,4,2,1,5,0,0,0,0,true,,false,false,true,false,false,,,,,,false,false,false,,,false,false,false,false,false,-83.18891,42.40182,"{
  ""coordinates"": [
    -8.318890864199990e+01,
    4.240181612300010e+01
  ],
  ""type"": ""Point""
}","{
  ""coordinates"": [
    -83.188908642,
    42.401816123
  ],
  ""type"": ""Point""
}",-83.1889086419999,42.4018161230001
2627,9871694,M-39,WARREN,2016-11-22,22,11,2016,17,3,5,3,,1,0,,1,1,4,55,3,2,2,5,0,0,0,0,true,,false,false,false,false,false,,,,,,false,false,true,,,false,false,false,false,false,-83.21603,42.34317,"{
  ""coordinates"": [
    -8.321602968000001e+01,
    4.234316495200010e+01
  ],
  ""type"": ""Point""
}","{
  ""coordinates"": [
    -83.21602968,
    42.343164952
  ],
  ""type"": ""Point""
}",-83.21602968,42.3431649520001
2628,9871670,RAMP 008C,W I 96,2016-11-22,22,11,2016,18,3,5,1,,1,0,,1,1,4,70,3,2,2,4,0,0,0,1,false,,false,false,false,false,false,,,,,,false,false,false,,,false,false,false,false,false,-83.21726,42.37884,"{
  ""coordinates"": [
    -8.321725899200000e+01,
    4.237883953000010e+01
  ],
  ""type"": ""Point""
}","{
  ""coordinates"": [
    -83.217258992,
    42.37883953
  ],
  ""type"": ""Point""
}",-83.217258992,42.3788395300001
2629,9867412,I-75,MACK,2016-11-22,22,11,2016,10,3,8,1,,1,0,,1,1,1,70,5,2,6,5,0,0,0,0,true,,false,false,false,false,false,,,,,,false,false,true,,,false,false,false,false,false,-83.04903,42.35254,"{
  ""coordinates"": [
    -8.304903484999990e+01,
    4.235253871300010e+01
  ],
  ""type"": ""Point""
}","{
  ""coordinates"": [
    -83.04903485,
    42.352538713
  ],
  ""type"": ""Point""
}",-83.0490348499999,42.3525387130001
2630,9866377,DAVISON,E M 8,2016-11-22,22,11,2016,7,3,5,3,,1,0,,1,1,1,0,4,2,2,5,0,0,0,0,true,,false,false,false,false,false,,,,,,false,false,false,,,false,false,false,false,false,-83.11133,42.39723,"{
  ""coordinates"": [
    -8.311132596800000e+01,
    4.239723362100010e+01
  ],
  ""type"": ""Point""
}","{
  ""coordinates"": [
    -83.111325968,
    42.397233621
  ],
  ""type"": ""Point""
}",-83.111325968,42.3972336210001
2631,9867468,8 MILE,LAHSER,2016-11-22,22,11,2016,8,3,5,3,,1,0,,1,1,1,40,3,2,1,5,0,0,0,0,true,,false,false,true,false,false,,,,,,false,false,false,,,false,false,false,false,false,-83.25888,42.44323,"{
  ""coordinates"": [
    -8.325888218900000e+01,
    4.244323218500010e+01
  ],
  ""type"": ""Point""
}","{
  ""coordinates"": [
    -83.258882189,
    42.443232185
  ],
  ""type"": ""Point""
}",-83.258882189,42.4432321850001
2632,9866392,7 MILE,ROSEMONT,2016-11-21,21,11,2016,12,2,5,9,,2,0,,1,1,1,35,6,3,3,5,0,0,0,0,true,,false,false,false,false,false,,,,,,false,false,true,,,false,false,false,false,false,-83.22191,42.42996,"{
  ""coordinates"": [
    -8.322190836199999e+01,
    4.242996124400000e+01
  ],
  ""type"": ""Point""
}","{
  ""coordinates"": [
    -83.221908362,
    42.429961244
  ],
  ""type"": ""Point""
}",-83.221908362,42.429961244
2633,9867498,CONNER,CHARLEMAGNE,2016-11-21,21,11,2016,14,2,5,9,,4,0,,1,1,1,35,4,2,1,5,0,0,0,0,true,,false,false,true,false,false,,,,,,false,false,false,,,false,false,false,false,false,-82.96428,42.37825,"{
  ""coordinates"": [
    -8.296428219900000e+01,
    4.237825498000010e+01
  ],
  ""type"": ""Point""
}","{
  ""coordinates"": [
    -82.964282199,
    42.37825498
  ],
  ""type"": ""Point""
}",-82.964282199,42.3782549800001
2634,9868582,PLYMOUTH,FAUST,2016-11-21,21,11,2016,15,2,8,9,,4,0,,1,1,1,35,7,2,1,5,0,0,0,0,true,,false,false,true,false,false,,,,,,false,true,false,,,false,false,false,false,false,-83.22166,42.37215,"{
  ""coordinates"": [
    -8.322165744800000e+01,
    4.237215483300000e+01
  ],
  ""type"": ""Point""
}","{
  ""coordinates"": [
    -83.221657448,
    42.372154833
  ],
  ""type"": ""Point""
}",-83.221657448,42.372154833
2635,9866399,MAIDEN,NEWPORT,2016-11-21,21,11,2016,9,2,98,9,,,0,,1,1,1,25,1,2,0,5,0,0,0,0,true,,false,false,true,false,false,,,,,,false,false,false,,,false,false,false,false,false,-82.96947,42.40777,"{
  ""coordinates"": [
    -8.296947703599990e+01,
    4.240777154900010e+01
  ],
  ""type"": ""Point""
}","{
  ""coordinates"": [
    -82.969477036,
    42.407771549
  ],
  ""type"": ""Point""
}",-82.9694770359999,42.4077715490001
2636,9873250,JEFFERSON,CONSOLIDATED RAIL CORPORATION,2016-11-21,21,11,2016,13,2,4,9,,4,0,,1,1,1,35,4,2,4,5,0,0,0,0,true,,true,true,false,false,false,,,,,,false,false,false,,,false,false,false,false,false,-83.12229,42.28632,"{
  ""coordinates"": [
    -8.312228779000000e+01,
    4.228631732400000e+01
  ],
  ""type"": ""Point""
}","{
  ""coordinates"": [
    -83.12228779,
    42.286317324
  ],
  ""type"": ""Point""
}",-83.12228779,42.286317324
2637,9870558,MEYERS,8 MILE,2016-11-21,21,11,2016,9,2,4,3,,,0,,1,1,1,30,4,2,1,5,0,0,0,0,true,,false,false,true,false,false,,,,,,false,true,false,,,false,false,false,false,false,-83.17125,42.4454,"{
  ""coordinates"": [
    -8.317124620399990e+01,
    4.244539759400000e+01
  ],
  ""type"": ""Point""
}","{
  ""coordinates"": [
    -83.171246204,
    42.445397594
  ],
  ""type"": ""Point""
}",-83.1712462039999,42.445397594
2638,9868577,SOUTHFIELD SERVICE DRIVE,PLYMOUTH,2016-11-21,21,11,2016,16,2,97,9,,4,0,,1,1,1,55,6,2,1,5,0,0,0,0,true,,false,false,false,false,false,,,,,,false,false,false,,,false,false,false,false,false,-83.21711,42.37267,"{
  ""coordinates"": [
    -8.321710969899991e+01,
    4.237266892600010e+01
  ],
  ""type"": ""Point""
}","{
  ""coordinates"": [
    -83.217109699,
    42.372668926
  ],
  ""type"": ""Point""
}",-83.2171096989999,42.3726689260001
2639,9867499,STATE FAIR,JOHN R,2016-11-21,21,11,2016,14,2,4,9,,4,0,,1,1,1,35,4,2,2,5,0,0,0,0,true,,false,false,true,false,false,,,,,,false,true,false,,,false,false,false,false,false,-83.10313,42.43952,"{
  ""coordinates"": [
    -8.310313092299999e+01,
    4.243951652900010e+01
  ],
  ""type"": ""Point""
}","{
  ""coordinates"": [
    -83.103130923,
    42.439516529
  ],
  ""type"": ""Point""
}",-83.103130923,42.4395165290001
2640,9871689,M-10,I-96,2016-11-21,21,11,2016,18,2,5,3,,1,0,,1,1,4,55,2,3,3,5,0,0,0,0,true,,false,false,false,false,false,,,,,,false,false,false,,,false,false,false,false,false,-83.11401,42.40042,"{
  ""coordinates"": [
    -8.311401731799999e+01,
    4.240041692500010e+01
  ],
  ""type"": ""Point""
}","{
  ""coordinates"": [
    -83.114017318,
    42.400416925
  ],
  ""type"": ""Point""
}",-83.114017318,42.4004169250001
2641,9869286,SPRINGWELLS,LOGAN,2016-11-21,21,11,2016,15,2,4,9,,4,0,,1,1,1,25,2,2,3,5,0,0,0,0,true,,false,false,false,false,false,,,,,,false,false,true,,,false,false,false,false,false,-83.12385,42.30677,"{
  ""coordinates"": [
    -8.312384851099991e+01,
    4.230677573800010e+01
  ],
  ""type"": ""Point""
}","{
  ""coordinates"": [
    -83.123848511,
    42.306775738
  ],
  ""type"": ""Point""
}",-83.1238485109999,42.3067757380001
2642,9867465,ANN ARBOR,WEST,2016-11-21,21,11,2016,0,2,1,9,,4,0,,1,1,5,35,2,1,1,2,0,1,0,0,false,,false,false,false,false,false,,,,,,false,false,false,,,false,false,false,false,false,-83.23139,42.37196,"{
  ""coordinates"": [
    -8.323138984799991e+01,
    4.237196444500010e+01
  ],
  ""type"": ""Point""
}","{
  ""coordinates"": [
    -83.231389848,
    42.371964445
  ],
  ""type"": ""Point""
}",-83.2313898479999,42.3719644450001
2643,9868551,N/B I-75,CLARK,2016-11-21,21,11,2016,21,2,97,1,,1,0,,1,1,4,55,5,2,2,5,0,0,0,0,true,,false,false,true,false,false,,,,,,false,false,false,,,false,false,false,false,false,-83.09952,42.31004,"{
  ""coordinates"": [
    -8.309951855700000e+01,
    4.231003766700010e+01
  ],
  ""type"": ""Point""
}","{
  ""coordinates"": [
    -83.099518557,
    42.310037667
  ],
  ""type"": ""Point""
}",-83.099518557,42.3100376670001
2644,9867501,OHIO,SANTA CLARA,2016-11-21,21,11,2016,13,2,9,9,,,2,,1,1,1,25,2,3,2,4,0,0,0,1,false,,false,false,false,false,false,,,,,,false,false,false,,,false,false,false,false,false,-83.15618,42.42104,"{
  ""coordinates"": [
    -8.315617754100001e+01,
    4.242104481400000e+01
  ],
  ""type"": ""Point""
}","{
  ""coordinates"": [
    -83.156177541,
    42.421044814
  ],
  ""type"": ""Point""
}",-83.156177541,42.421044814
2645,9867497,8 MILE,S M 39,2016-11-21,21,11,2016,17,2,5,3,,1,0,,1,1,3,40,4,3,3,4,0,0,0,1,false,,false,false,false,false,false,,,,,,false,false,true,,,false,false,false,false,false,-83.21986,42.44417,"{
  ""coordinates"": [
    -8.321985518100000e+01,
    4.244416851400010e+01
  ],
  ""type"": ""Point""
}","{
  ""coordinates"": [
    -83.219855181,
    42.444168514
  ],
  ""type"": ""Point""
}",-83.219855181,42.4441685140001
2646,9868570,MOROSS,MACK,2016-11-21,21,11,2016,9,2,8,9,,2,0,,1,1,1,35,4,2,2,5,0,0,0,0,true,,false,false,false,false,false,,,,,,false,true,false,,,false,false,false,false,false,-82.91071,42.41714,"{
  ""coordinates"": [
    -8.291071023200000e+01,
    4.241714079600010e+01
  ],
  ""type"": ""Point""
}","{
  ""coordinates"": [
    -82.910710232,
    42.417140796
  ],
  ""type"": ""Point""
}",-82.910710232,42.4171407960001
2647,9870540,OAKMAN,NORTHLAWN,2016-11-21,21,11,2016,13,2,97,9,,4,0,,1,1,1,25,1,2,2,5,0,0,0,0,true,,false,false,false,false,false,,,,,,false,false,false,,,false,false,false,false,false,-83.15237,42.36669,"{
  ""coordinates"": [
    -8.315236586700000e+01,
    4.236668999200000e+01
  ],
  ""type"": ""Point""
}","{
  ""coordinates"": [
    -83.152365867,
    42.366689992
  ],
  ""type"": ""Point""
}",-83.152365867,42.366689992
2648,9869300,ABINGTON,PLYMOUTH,2016-11-21,21,11,2016,,2,8,9,,,0,,1,1,4,0,2,2,1,5,0,0,0,0,true,,false,false,true,false,false,,,,,,false,false,false,,,false,false,false,false,false,-83.2108,42.37228,"{
  ""coordinates"": [
    -8.321079659500001e+01,
    4.237228196600010e+01
  ],
  ""type"": ""Point""
}","{
  ""coordinates"": [
    -83.210796595,
    42.372281966
  ],
  ""type"": ""Point""
}",-83.210796595,42.3722819660001
2649,9865110,MEYERS,7 MILE,2016-11-21,21,11,2016,0,2,4,9,,4,0,,1,1,4,0,5,2,2,4,0,0,0,1,false,,false,false,false,false,false,,,,,,false,false,false,,,false,false,false,false,false,-83.17069,42.43127,"{
  ""coordinates"": [
    -8.317069038299999e+01,
    4.243127596500010e+01
  ],
  ""type"": ""Point""
}","{
  ""coordinates"": [
    -83.170690383,
    42.431275965
  ],
  ""type"": ""Point""
}",-83.170690383,42.4312759650001
2650,9870518,GRATIOT,CHENE,2016-11-21,21,11,2016,15,2,1,3,,1,0,,1,1,1,35,7,2,1,2,0,1,0,0,false,,false,false,false,false,false,,,,,,true,false,false,,,false,false,false,false,false,-83.03159,42.35317,"{
  ""coordinates"": [
    -8.303158803600000e+01,
    4.235317070000010e+01
  ],
  ""type"": ""Point""
}","{
  ""coordinates"": [
    -83.031588036,
    42.3531707
  ],
  ""type"": ""Point""
}",-83.031588036,42.3531707000001
2651,9866469,OUTER,SOUTHFIELD SERVICE DRIVE,2016-11-21,21,11,2016,17,2,8,9,,2,0,,1,2,4,30,4,2,2,5,0,0,0,0,true,,false,false,false,false,false,,,,,,false,false,false,,,false,false,false,false,false,-83.21861,42.41927,"{
  ""coordinates"": [
    -8.321861368299990e+01,
    4.241926670900010e+01
  ],
  ""type"": ""Point""
}","{
  ""coordinates"": [
    -83.218613683,
    42.419266709
  ],
  ""type"": ""Point""
}",-83.2186136829999,42.4192667090001
2652,9866400,OUTER,E I 94,2016-11-21,21,11,2016,16,2,5,1,,2,0,,1,1,1,30,6,2,2,5,0,0,0,0,true,,false,false,false,false,false,,,,,,false,false,true,,,false,false,false,false,false,-82.96,42.40506,"{
  ""coordinates"": [
    -8.295999947800000e+01,
    4.240506189600010e+01
  ],
  ""type"": ""Point""
}","{
  ""coordinates"": [
    -82.959999478,
    42.405061896
  ],
  ""type"": ""Point""
}",-82.959999478,42.4050618960001
2653,9870586,ANTHONY WAYNE,WARREN,2016-11-21,21,11,2016,18,2,4,9,,4,0,,1,1,4,25,3,2,2,5,0,0,0,0,true,,false,false,false,false,false,,,,,,false,false,true,,,false,false,false,false,false,-83.07138,42.35456,"{
  ""coordinates"": [
    -8.307138245100001e+01,
    4.235456221100000e+01
  ],
  ""type"": ""Point""
}","{
  ""coordinates"": [
    -83.071382451,
    42.354562211
  ],
  ""type"": ""Point""
}",-83.071382451,42.354562211
2654,9869318,GLENDALE,WOODROW WILSON,2016-11-21,21,11,2016,20,2,5,9,,4,0,,1,98,98,25,1,2,1,5,0,0,0,0,true,,false,false,true,false,false,,,,,,false,false,false,,,false,false,false,false,false,-83.10916,42.39418,"{
  ""coordinates"": [
    -8.310916454999990e+01,
    4.239417848500010e+01
  ],
  ""type"": ""Point""
}","{
  ""coordinates"": [
    -83.10916455,
    42.394178485
  ],
  ""type"": ""Point""
}",-83.1091645499999,42.3941784850001
2655,9866389,MARK TWAIN,PLYMOUTH,2016-11-21,21,11,2016,0,2,8,9,,,0,,1,1,4,25,1,2,0,5,0,0,0,0,true,,false,false,true,false,false,,,,,,false,false,false,,,false,false,false,false,false,-83.18531,42.37285,"{
  ""coordinates"": [
    -8.318530935500000e+01,
    4.237285276000010e+01
  ],
  ""type"": ""Point""
}","{
  ""coordinates"": [
    -83.185309355,
    42.37285276
  ],
  ""type"": ""Point""
}",-83.185309355,42.3728527600001
2656,9867482,GRATIOT,CARLISLE,2016-11-21,21,11,2016,16,2,4,3,,1,0,,1,1,1,35,7,2,2,5,0,0,0,0,true,,false,false,false,false,false,,,,,,false,false,false,,,false,false,false,false,false,-82.96853,42.44894,"{
  ""coordinates"": [
    -8.296853182300001e+01,
    4.244894360700000e+01
  ],
  ""type"": ""Point""
}","{
  ""coordinates"": [
    -82.968531823,
    42.448943607
  ],
  ""type"": ""Point""
}",-82.968531823,42.448943607
2657,9873249,BEAUBIEN,MADISON,2016-11-21,21,11,2016,8,2,6,9,,,0,,1,1,1,35,2,2,1,5,0,0,0,0,true,,false,false,true,false,false,,,,,,false,false,false,,,false,false,false,false,false,-83.04456,42.33785,"{
  ""coordinates"": [
    -8.304455795000000e+01,
    4.233785027700000e+01
  ],
  ""type"": ""Point""
}","{
  ""coordinates"": [
    -83.04455795,
    42.337850277
  ],
  ""type"": ""Point""
}",-83.04455795,42.337850277
2658,9868589,WARREN,ST AUBIN,2016-11-21,21,11,2016,16,2,4,9,,4,0,,1,1,1,30,5,2,3,3,0,0,1,0,false,,false,false,false,false,false,,,,,,false,true,false,,,false,false,false,false,false,-83.04434,42.3644,"{
  ""coordinates"": [
    -8.304434116000000e+01,
    4.236440463200010e+01
  ],
  ""type"": ""Point""
}","{
  ""coordinates"": [
    -83.04434116,
    42.364404632
  ],
  ""type"": ""Point""
}",-83.04434116,42.3644046320001
2659,9867496,8 MILE,GREENFIELD,2016-11-21,21,11,2016,9,2,8,3,,1,0,,1,1,1,40,4,2,2,5,0,0,0,0,true,,false,false,false,false,false,,,,,,false,true,false,,,false,false,false,false,false,-83.20051,42.44479,"{
  ""coordinates"": [
    -8.320051184600000e+01,
    4.244478560700000e+01
  ],
  ""type"": ""Point""
}","{
  ""coordinates"": [
    -83.200511846,
    42.444785607
  ],
  ""type"": ""Point""
}",-83.200511846,42.444785607
2660,9869284,MILITARY,MICHIGAN,2016-11-21,21,11,2016,9,2,3,2,,,0,,1,1,1,25,4,2,3,5,0,0,0,0,true,,false,false,false,false,false,,,,,,false,false,true,,,false,false,false,false,false,-83.11883,42.33112,"{
  ""coordinates"": [
    -8.311883075599999e+01,
    4.233111631600010e+01
  ],
  ""type"": ""Point""
}","{
  ""coordinates"": [
    -83.118830756,
    42.331116316
  ],
  ""type"": ""Point""
}",-83.118830756,42.3311163160001
2661,9881279,RAMP 103D,JAMES COUZENS,2016-11-21,21,11,2016,17,2,5,3,,1,0,,1,2,3,55,1,2,2,4,0,0,0,1,false,,false,false,true,false,false,,,,,,false,false,false,,,false,false,false,false,false,-83.18853,42.43251,"{
  ""coordinates"": [
    -8.318852667000000e+01,
    4.243251287300010e+01
  ],
  ""type"": ""Point""
}","{
  ""coordinates"": [
    -83.18852667,
    42.432512873
  ],
  ""type"": ""Point""
}",-83.18852667,42.4325128730001
2662,9866401,7 MILE,JOANN,2016-11-21,21,11,2016,12,2,5,9,,4,0,,1,1,1,30,2,2,5,5,0,0,0,0,true,,false,false,false,false,false,,,,,,false,false,false,,,false,false,false,false,false,-82.98983,42.43481,"{
  ""coordinates"": [
    -8.298982883699991e+01,
    4.243480981400010e+01
  ],
  ""type"": ""Point""
}","{
  ""coordinates"": [
    -82.989828837,
    42.434809814
  ],
  ""type"": ""Point""
}",-82.9898288369999,42.4348098140001
2663,9869285,FORT,RAMP 029C,2016-11-21,21,11,2016,14,2,4,3,,1,0,,1,1,1,30,4,2,2,5,0,0,0,0,true,,false,false,false,false,false,,,,,,false,false,false,,,false,false,false,false,false,-83.15387,42.27747,"{
  ""coordinates"": [
    -8.315387221500001e+01,
    4.227747278800010e+01
  ],
  ""type"": ""Point""
}","{
  ""coordinates"": [
    -83.153872215,
    42.277472788
  ],
  ""type"": ""Point""
}",-83.153872215,42.2774727880001
2664,9869323,DAVISON,LAWTON,2016-11-21,21,11,2016,16,2,4,3,,1,0,,1,1,1,35,6,2,3,4,0,0,0,1,false,,false,false,false,false,false,,,,,,false,false,false,,,false,false,false,false,false,-83.12448,42.3921,"{
  ""coordinates"": [
    -8.312447910700000e+01,
    4.239210276100000e+01
  ],
  ""type"": ""Point""
}","{
  ""coordinates"": [
    -83.124479107,
    42.392102761
  ],
  ""type"": ""Point""
}",-83.124479107,42.392102761
2665,9866380,MICHIGAN,17TH,2016-11-21,21,11,2016,18,2,8,2,,1,0,,1,1,4,35,5,2,0,5,0,0,0,0,true,,false,false,true,false,false,,,,,,false,false,false,,,false,false,false,false,false,-83.08068,42.33134,"{
  ""coordinates"": [
    -8.308068321899999e+01,
    4.233134292000010e+01
  ],
  ""type"": ""Point""
}","{
  ""coordinates"": [
    -83.080683219,
    42.33134292
  ],
  ""type"": ""Point""
}",-83.080683219,42.3313429200001
2666,9866396,TELEGRAPH,GRAND RIVER,2016-11-21,21,11,2016,8,2,5,2,,1,0,,1,1,1,40,3,2,2,4,0,0,0,1,false,,false,false,false,false,false,,,,,,false,false,false,,,false,false,false,false,false,-83.27736,42.4242,"{
  ""coordinates"": [
    -8.327735698899990e+01,
    4.242420020700010e+01
  ],
  ""type"": ""Point""
}","{
  ""coordinates"": [
    -83.277356989,
    42.424200207
  ],
  ""type"": ""Point""
}",-83.2773569889999,42.4242002070001
2667,9869338,KEELER/JAMES COUZENS FWY,KEELER,2016-11-21,21,11,2016,3,2,9,9,,4,0,,1,1,4,30,2,2,1,4,0,0,0,1,false,,false,false,true,false,false,,,,,,false,false,false,,,false,false,false,false,false,-83.16017,42.40432,"{
  ""coordinates"": [
    -8.316017014900000e+01,
    4.240432363000010e+01
  ],
  ""type"": ""Point""
}","{
  ""coordinates"": [
    -83.160170149,
    42.40432363
  ],
  ""type"": ""Point""
}",-83.160170149,42.4043236300001
2668,9866381,GRAND,SCOVEL,2016-11-21,21,11,2016,14,2,4,9,,4,0,,1,1,1,30,2,2,2,5,0,0,0,0,true,,true,false,true,false,false,,,,,,false,false,true,,,false,false,false,false,false,-83.11032,42.35395,"{
  ""coordinates"": [
    -8.311032003900000e+01,
    4.235395213700010e+01
  ],
  ""type"": ""Point""
}","{
  ""coordinates"": [
    -83.110320039,
    42.353952137
  ],
  ""type"": ""Point""
}",-83.110320039,42.3539521370001
2669,9871678,E/B I 96,EVERGREEN,2016-11-21,21,11,2016,18,2,1,1,,1,0,,1,1,4,55,3,1,1,5,0,0,0,0,true,,false,false,false,false,false,,,,,,false,false,false,,,false,false,false,false,false,-83.23515,42.37931,"{
  ""coordinates"": [
    -8.323514752999991e+01,
    4.237931110600000e+01
  ],
  ""type"": ""Point""
}","{
  ""coordinates"": [
    -83.23514753,
    42.379311106
  ],
  ""type"": ""Point""
}",-83.2351475299999,42.379311106
2670,9867458,MICHIGAN,CENTRAL,2016-11-21,21,11,2016,11,2,8,2,,1,0,,1,1,1,0,5,2,1,5,0,0,0,0,true,,false,false,true,false,false,,,,,,false,false,true,,,false,false,false,false,false,-83.13749,42.3311,"{
  ""coordinates"": [
    -8.313749076600000e+01,
    4.233109822100000e+01
  ],
  ""type"": ""Point""
}","{
  ""coordinates"": [
    -83.137490766,
    42.331098221
  ],
  ""type"": ""Point""
}",-83.137490766,42.331098221
2671,9867492,MCNICHOLS,MONICA,2016-11-21,21,11,2016,15,2,8,9,,4,0,,1,1,1,25,2,2,3,5,0,0,0,0,true,,false,false,false,false,false,,,,,,false,true,true,,,false,false,false,false,false,-83.144,42.41713,"{
  ""coordinates"": [
    -8.314400186099989e+01,
    4.241713499100010e+01
  ],
  ""type"": ""Point""
}","{
  ""coordinates"": [
    -83.144001861,
    42.417134991
  ],
  ""type"": ""Point""
}",-83.1440018609999,42.4171349910001
2672,9869317,FENKELL,LIVERNOIS,2016-11-21,21,11,2016,16,2,5,9,,4,0,,1,1,1,35,1,2,2,5,0,0,0,0,true,,false,false,true,false,false,,,,,,false,false,false,,,false,false,false,false,false,-83.14062,42.40266,"{
  ""coordinates"": [
    -8.314061640400000e+01,
    4.240265896700000e+01
  ],
  ""type"": ""Point""
}","{
  ""coordinates"": [
    -83.140616404,
    42.402658967
  ],
  ""type"": ""Point""
}",-83.140616404,42.402658967
2673,9865102,MCNICHOLS,GALLAGHER,2016-11-21,21,11,2016,1,2,1,9,,4,0,,1,1,4,30,4,1,0,5,0,0,0,0,true,,false,false,false,false,false,,,,,,false,false,false,,,false,false,false,false,false,-83.06763,42.41864,"{
  ""coordinates"": [
    -8.306763662799990e+01,
    4.241863829100000e+01
  ],
  ""type"": ""Point""
}","{
  ""coordinates"": [
    -83.067636628,
    42.418638291
  ],
  ""type"": ""Point""
}",-83.0676366279999,42.418638291
2674,9867431,S M 10,LIVERNOIS,2016-11-21,21,11,2016,16,2,5,3,,1,0,,1,1,1,55,3,2,3,5,0,0,0,0,true,,false,false,false,false,false,,,,,,false,false,true,,,false,false,false,false,false,-83.14014,42.40481,"{
  ""coordinates"": [
    -8.314014290499991e+01,
    4.240480835600000e+01
  ],
  ""type"": ""Point""
}","{
  ""coordinates"": [
    -83.140142905,
    42.404808356
  ],
  ""type"": ""Point""
}",-83.1401429049999,42.404808356
2675,9866409,LAING,CASINO,2016-11-21,21,11,2016,14,2,10,9,,,0,,1,1,1,25,2,2,0,5,0,0,0,0,true,,false,false,true,false,false,,,,,,false,false,false,,,false,false,false,false,false,-82.95177,42.42917,"{
  ""coordinates"": [
    -8.295177102000000e+01,
    4.242916961700010e+01
  ],
  ""type"": ""Point""
}","{
  ""coordinates"": [
    -82.95177102,
    42.429169617
  ],
  ""type"": ""Point""
}",-82.95177102,42.4291696170001
2676,9867494,MCNICHOLS,SCHAEFER,2016-11-21,21,11,2016,9,2,1,9,,2,0,,1,1,1,30,2,2,2,4,0,0,0,1,false,,false,false,false,false,false,,,,,,true,false,false,,,false,false,false,false,false,-83.17984,42.41659,"{
  ""coordinates"": [
    -8.317983759299990e+01,
    4.241658833900000e+01
  ],
  ""type"": ""Point""
}","{
  ""coordinates"": [
    -83.179837593,
    42.416588339
  ],
  ""type"": ""Point""
}",-83.1798375929999,42.416588339
2677,9867489,WASHBRUN,CURTIS,2016-11-21,21,11,2016,8,2,10,9,,,0,,1,1,1,25,2,2,2,5,0,0,0,0,true,,false,false,false,false,false,,,,,,false,false,false,,,false,false,false,false,false,-83.16178,42.42419,"{
  ""coordinates"": [
    -8.316178475800000e+01,
    4.242418584500010e+01
  ],
  ""type"": ""Point""
}","{
  ""coordinates"": [
    -83.161784758,
    42.424185845
  ],
  ""type"": ""Point""
}",-83.161784758,42.4241858450001
2678,9867442,S M 39,GRAND RIVER,2016-11-21,21,11,2016,8,2,5,3,,1,0,,1,1,1,55,3,2,2,4,0,0,0,1,false,,false,false,false,false,false,,,,,,false,false,true,,,false,false,false,false,false,-83.21838,42.40062,"{
  ""coordinates"": [
    -8.321837676400000e+01,
    4.240062111200010e+01
  ],
  ""type"": ""Point""
}","{
  ""coordinates"": [
    -83.218376764,
    42.400621112
  ],
  ""type"": ""Point""
}",-83.218376764,42.4006211120001
2679,9867480,MOROSS,HARPER,2016-11-21,21,11,2016,13,2,4,9,,2,0,,1,1,1,30,3,2,3,5,0,0,0,0,true,,true,true,false,false,false,,,,,,false,true,false,,,false,false,false,false,false,-82.92931,42.42463,"{
  ""coordinates"": [
    -8.292930380000000e+01,
    4.242462615400010e+01
  ],
  ""type"": ""Point""
}","{
  ""coordinates"": [
    -82.9293038,
    42.424626154
  ],
  ""type"": ""Point""
}",-82.9293038,42.4246261540001