ObjectId,Crash ID,Primary Road,Intersecting Road,Crash Date,Day,Month,Year,Hour,Weekday,Crash Type Code,Highway Classification Code,Community Code,Jurisdiction Code,Lane Departure Type Code,Surface Type,Road Condition,Weather Condition,Lighting Condition,Speed Limit,Lanes,Units,Occupants,Most Severe Injury,Fatal Injuries,Suspected Serious Injuries,Suspected Minor Injuries,Possible Injuries,Property Damage Only,Secondary Crash,Traffic Control,Red Light Run,Hit and Run,Alcohol,Drugs,Unbelted Person,Work Zone,Speeding Driver,Distracted Driver,Driveway,Pedestrian,Elderly Driver,Young Driver,Commercial Vehicle,Emergency Vehicles,Train,School Bus,Motorcycle,Bicycle,Deer,Longitude,Latitude,geom,geog,x,y
2680,9866379,TAYLOR,THIRD,2016-11-21,21,11,2016,23,2,98,9,,,0,,1,1,4,25,2,2,1,5,0,0,0,0,true,,false,false,true,false,false,,,,,,false,false,false,,,false,false,false,false,false,-83.0871,42.37988,"{
  ""coordinates"": [
    -8.308710354599999e+01,
    4.237988043600010e+01
  ],
  ""type"": ""Point""
}","{
  ""coordinates"": [
    -83.087103546,
    42.379880436
  ],
  ""type"": ""Point""
}",-83.087103546,42.3798804360001
2681,9866408,7 MILE,RYAN,2016-11-21,21,11,2016,7,2,97,9,,4,0,,1,1,1,25,2,2,2,5,0,0,0,0,true,,false,false,false,false,false,,,,,,false,false,false,,,false,false,false,false,false,-83.06307,42.43313,"{
  ""coordinates"": [
    -8.306306943000000e+01,
    4.243312886300000e+01
  ],
  ""type"": ""Point""
}","{
  ""coordinates"": [
    -83.06306943,
    42.433128863
  ],
  ""type"": ""Point""
}",-83.06306943,42.433128863
2682,9866393,STAHELIN,OUTER,2016-11-21,21,11,2016,1,2,2,9,,,2,,1,1,4,25,2,2,1,5,0,0,0,0,true,,false,false,false,false,false,,,,,,false,false,false,,,false,false,false,false,false,-83.22704,42.41869,"{
  ""coordinates"": [
    -8.322704634300000e+01,
    4.241869083600010e+01
  ],
  ""type"": ""Point""
}","{
  ""coordinates"": [
    -83.227046343,
    42.418690836
  ],
  ""type"": ""Point""
}",-83.227046343,42.4186908360001
2683,9866376,WOODWARD,ANTOINETTE,2016-11-21,21,11,2016,17,2,98,3,,1,0,,1,1,3,30,2,2,2,5,0,0,0,0,true,,false,false,false,false,false,,,,,,false,false,false,,,false,false,false,false,false,-83.069,42.36386,"{
  ""coordinates"": [
    -8.306899657199990e+01,
    4.236386371400000e+01
  ],
  ""type"": ""Point""
}","{
  ""coordinates"": [
    -83.068996572,
    42.363863714
  ],
  ""type"": ""Point""
}",-83.0689965719999,42.363863714
2684,9867477,SARATOGA,QUEEN,2016-11-21,21,11,2016,16,2,8,9,,,0,,1,1,1,35,2,2,1,3,0,0,1,0,false,,false,false,true,false,false,,,,,,false,false,false,,,false,false,false,false,false,-82.96786,42.43302,"{
  ""coordinates"": [
    -8.296786809699999e+01,
    4.243301748800010e+01
  ],
  ""type"": ""Point""
}","{
  ""coordinates"": [
    -82.967868097,
    42.433017488
  ],
  ""type"": ""Point""
}",-82.967868097,42.4330174880001
2685,9865072,FREELAND,SCHOOLCRAFT,2016-11-21,21,11,2016,0,2,97,9,,,0,,1,1,4,25,2,2,5,4,0,0,0,3,false,,false,false,false,false,false,,,,,,false,false,false,,,false,false,false,false,false,-83.18493,42.38779,"{
  ""coordinates"": [
    -8.318493194300000e+01,
    4.238778867600010e+01
  ],
  ""type"": ""Point""
}","{
  ""coordinates"": [
    -83.184931943,
    42.387788676
  ],
  ""type"": ""Point""
}",-83.184931943,42.3877886760001
2686,9866378,E I 94,CHENE,2016-11-21,21,11,2016,15,2,8,1,,1,0,,1,1,1,0,8,2,2,4,0,0,0,2,false,,false,false,true,false,false,,,,,,false,false,false,,,false,false,false,false,false,-83.04611,42.37438,"{
  ""coordinates"": [
    -8.304611288300001e+01,
    4.237437935600010e+01
  ],
  ""type"": ""Point""
}","{
  ""coordinates"": [
    -83.046112883,
    42.374379356
  ],
  ""type"": ""Point""
}",-83.046112883,42.3743793560001
2687,9869343,PILGRIM,LITTLEFIELD,2016-11-21,21,11,2016,8,2,1,9,,,0,,1,1,1,25,1,1,1,4,0,0,0,1,false,,false,false,false,false,false,,,,,,false,false,false,,,false,false,false,false,false,-83.17609,42.40761,"{
  ""coordinates"": [
    -8.317608870399989e+01,
    4.240760728600000e+01
  ],
  ""type"": ""Point""
}","{
  ""coordinates"": [
    -83.176088704,
    42.407607286
  ],
  ""type"": ""Point""
}",-83.1760887039999,42.407607286
2688,9867487,7 MILE,STEEL,2016-11-21,21,11,2016,16,2,5,9,,2,0,,1,1,1,0,2,2,4,4,0,0,0,1,false,,false,false,true,false,false,,,,,,false,false,true,,,false,false,false,false,false,-83.17299,42.43121,"{
  ""coordinates"": [
    -8.317299138399990e+01,
    4.243120640100010e+01
  ],
  ""type"": ""Point""
}","{
  ""coordinates"": [
    -83.172991384,
    42.431206401
  ],
  ""type"": ""Point""
}",-83.1729913839999,42.4312064010001
2689,9866374,I-94 SERVICE,CADIEUX,2016-11-21,21,11,2016,19,2,5,1,,4,0,,1,1,4,35,3,2,2,5,0,0,0,0,true,,false,false,false,false,false,,,,,,false,true,false,,,false,false,false,false,false,-82.93735,42.41765,"{
  ""coordinates"": [
    -8.293734407499990e+01,
    4.241764846000010e+01
  ],
  ""type"": ""Point""
}","{
  ""coordinates"": [
    -82.937344075,
    42.41764846
  ],
  ""type"": ""Point""
}",-82.9373440749999,42.4176484600001
2690,9867462,VERNOR,WATERMAN,2016-11-21,21,11,2016,16,2,97,9,,4,0,,1,1,1,30,2,2,2,5,0,0,0,0,true,,false,false,false,false,false,,,,,,false,false,true,,,false,false,false,false,false,-83.11587,42.31588,"{
  ""coordinates"": [
    -8.311587109300000e+01,
    4.231588020300010e+01
  ],
  ""type"": ""Point""
}","{
  ""coordinates"": [
    -83.115871093,
    42.315880203
  ],
  ""type"": ""Point""
}",-83.115871093,42.3158802030001
2691,9869311,CADIEUX,RAMP 223C,2016-11-21,21,11,2016,18,2,9,1,,4,0,,1,1,4,35,2,2,1,5,0,0,0,0,true,,false,false,true,false,false,,,,,,false,true,false,,,false,false,false,false,false,-82.93745,42.41771,"{
  ""coordinates"": [
    -8.293745343499999e+01,
    4.241771357200000e+01
  ],
  ""type"": ""Point""
}","{
  ""coordinates"": [
    -82.937453435,
    42.417713572
  ],
  ""type"": ""Point""
}",-82.937453435,42.417713572
2692,9867476,GROESBECK,COLLINGHAM,2016-11-21,21,11,2016,17,2,4,3,,1,0,,1,1,4,30,2,2,2,5,0,0,0,0,true,,false,false,true,false,false,,,,,,false,false,false,,,false,false,false,false,false,-83.00399,42.44719,"{
  ""coordinates"": [
    -8.300398802300001e+01,
    4.244719493800010e+01
  ],
  ""type"": ""Point""
}","{
  ""coordinates"": [
    -83.003988023,
    42.447194938
  ],
  ""type"": ""Point""
}",-83.003988023,42.4471949380001
2693,9867481,HARPER,MOROSS,2016-11-21,21,11,2016,14,2,8,9,,4,0,,1,1,1,30,3,2,3,5,0,0,0,0,true,,false,false,false,false,false,,,,,,false,false,false,,,false,false,false,false,false,-82.92929,42.42458,"{
  ""coordinates"": [
    -8.292929239300000e+01,
    4.242458285400010e+01
  ],
  ""type"": ""Point""
}","{
  ""coordinates"": [
    -82.929292393,
    42.424582854
  ],
  ""type"": ""Point""
}",-82.929292393,42.4245828540001
2694,9866397,GRATIOT,GUNSTON,2016-11-21,21,11,2016,8,2,4,3,,1,0,,1,1,1,35,8,2,1,5,0,0,0,0,true,,false,false,true,false,false,,,,,,false,false,false,,,false,false,false,false,false,-82.99509,42.40856,"{
  ""coordinates"": [
    -8.299509798400000e+01,
    4.240856153700000e+01
  ],
  ""type"": ""Point""
}","{
  ""coordinates"": [
    -82.995097984,
    42.408561537
  ],
  ""type"": ""Point""
}",-82.995097984,42.408561537
2695,9867444,I-75,DAVISON,2016-11-21,21,11,2016,9,2,8,1,,1,0,,1,1,1,70,4,2,2,4,0,0,0,1,false,,false,false,false,false,false,,,,,,false,false,false,,,false,false,false,false,false,-83.0783,42.40754,"{
  ""coordinates"": [
    -8.307829679900000e+01,
    4.240753904100010e+01
  ],
  ""type"": ""Point""
}","{
  ""coordinates"": [
    -83.078296799,
    42.407539041
  ],
  ""type"": ""Point""
}",-83.078296799,42.4075390410001
2696,9866373,CONNER,HARPER,2016-11-21,21,11,2016,14,2,8,9,,4,0,,1,1,1,35,4,2,5,5,0,0,0,0,true,,false,false,false,false,false,,,,,,false,false,false,,,false,false,false,false,false,-82.98909,42.39705,"{
  ""coordinates"": [
    -8.298908819600000e+01,
    4.239704729000000e+01
  ],
  ""type"": ""Point""
}","{
  ""coordinates"": [
    -82.989088196,
    42.39704729
  ],
  ""type"": ""Point""
}",-82.989088196,42.39704729
2697,9868597,RIVERFRONT,JEFFERSON,2016-11-20,20,11,2016,10,1,8,9,,,0,,1,1,4,25,3,2,2,5,0,0,0,0,true,,false,false,true,false,false,,,,,,false,false,true,,,false,false,false,false,false,-83.05656,42.32459,"{
  ""coordinates"": [
    -8.305656181599990e+01,
    4.232458715700010e+01
  ],
  ""type"": ""Point""
}","{
  ""coordinates"": [
    -83.056561816,
    42.324587157
  ],
  ""type"": ""Point""
}",-83.0565618159999,42.3245871570001
2698,9865105,GREENFIELD,S M 10,2016-11-20,20,11,2016,14,1,8,7,,1,0,,1,2,1,35,5,2,2,5,0,0,0,0,true,,false,false,false,false,false,,,,,,false,true,true,,,false,false,false,false,false,-83.20038,42.44237,"{
  ""coordinates"": [
    -8.320037841899990e+01,
    4.244237177900000e+01
  ],
  ""type"": ""Point""
}","{
  ""coordinates"": [
    -83.200378419,
    42.442371779
  ],
  ""type"": ""Point""
}",-83.2003784189999,42.442371779
2699,9877781,I-75,MACK,2016-11-20,20,11,2016,21,1,8,1,,1,0,,1,1,4,55,3,2,3,5,0,0,0,0,true,,false,false,false,false,false,,,,,,false,false,true,,,false,false,false,false,false,-83.04895,42.35241,"{
  ""coordinates"": [
    -8.304894975199990e+01,
    4.235240817000000e+01
  ],
  ""type"": ""Point""
}","{
  ""coordinates"": [
    -83.048949752,
    42.35240817
  ],
  ""type"": ""Point""
}",-83.0489497519999,42.35240817
2700,9865099,MCNICHOLS,CONANTS,2016-11-20,20,11,2016,16,1,97,9,,4,0,,1,1,1,35,4,2,1,2,0,1,0,0,false,,false,false,false,false,false,,,,,,true,true,false,,,false,false,false,false,false,-83.06366,42.41865,"{
  ""coordinates"": [
    -8.306366130000001e+01,
    4.241865115000010e+01
  ],
  ""type"": ""Point""
}","{
  ""coordinates"": [
    -83.0636613,
    42.41865115
  ],
  ""type"": ""Point""
}",-83.0636613,42.4186511500001
2701,9868569,WARREN,CRANE,2016-11-20,20,11,2016,10,1,4,9,,4,0,,1,1,1,35,4,2,1,5,0,0,0,0,true,,false,false,true,false,false,,,,,,false,true,false,,,false,false,false,false,false,-83.00483,42.37906,"{
  ""coordinates"": [
    -8.300483103300000e+01,
    4.237905758500010e+01
  ],
  ""type"": ""Point""
}","{
  ""coordinates"": [
    -83.004831033,
    42.379057585
  ],
  ""type"": ""Point""
}",-83.004831033,42.3790575850001
2702,9867430,I-94,MOROSS,2016-11-20,20,11,2016,12,1,8,1,,1,0,,1,2,1,55,3,2,2,4,0,0,0,1,false,,false,false,false,false,false,,,,,,false,false,true,,,false,false,false,false,false,-82.9277,42.426,"{
  ""coordinates"": [
    -8.292769495300000e+01,
    4.242599829500010e+01
  ],
  ""type"": ""Point""
}","{
  ""coordinates"": [
    -82.927694953,
    42.425998295
  ],
  ""type"": ""Point""
}",-82.927694953,42.4259982950001
2703,9865109,STOEPEL,MCNICHOLS,2016-11-20,20,11,2016,5,1,6,9,,,0,,1,1,3,25,2,2,2,5,0,0,0,0,true,,false,false,false,false,false,,,,,,false,false,true,,,false,false,false,false,false,-83.14191,42.41694,"{
  ""coordinates"": [
    -8.314191752200000e+01,
    4.241693789300010e+01
  ],
  ""type"": ""Point""
}","{
  ""coordinates"": [
    -83.141917522,
    42.416937893
  ],
  ""type"": ""Point""
}",-83.141917522,42.4169378930001
2704,9868587,GREENFILED,CHICAGO,2016-11-20,20,11,2016,2,1,4,9,,2,0,,1,1,4,0,2,2,4,5,0,0,0,0,true,,false,false,false,false,false,,,,,,false,false,true,,,false,false,false,false,false,-83.19729,42.36592,"{
  ""coordinates"": [
    -8.319728923799990e+01,
    4.236591541500010e+01
  ],
  ""type"": ""Point""
}","{
  ""coordinates"": [
    -83.197289238,
    42.365915415
  ],
  ""type"": ""Point""
}",-83.1972892379999,42.3659154150001
2705,9866388,CHICAGO,HUBBELL,2016-11-20,20,11,2016,15,1,8,9,,4,0,,1,1,1,30,3,2,4,5,0,0,0,0,true,,false,false,true,false,false,,,,,,false,true,false,,,false,false,false,false,false,-83.18745,42.36558,"{
  ""coordinates"": [
    -8.318745381199990e+01,
    4.236558128300000e+01
  ],
  ""type"": ""Point""
}","{
  ""coordinates"": [
    -83.187453812,
    42.365581283
  ],
  ""type"": ""Point""
}",-83.1874538119999,42.365581283
2706,9865076,GREENFIELD,RAMP 136B,2016-11-20,20,11,2016,9,1,4,9,,2,0,,1,1,1,35,4,2,2,2,0,1,0,0,false,,false,false,false,false,false,,,,,,false,false,false,,,false,false,false,false,false,-83.19795,42.37811,"{
  ""coordinates"": [
    -8.319795212500000e+01,
    4.237811147200010e+01
  ],
  ""type"": ""Point""
}","{
  ""coordinates"": [
    -83.197952125,
    42.378111472
  ],
  ""type"": ""Point""
}",-83.197952125,42.3781114720001
2707,9865106,CURTIS,MANOR,2016-11-20,20,11,2016,7,1,5,9,,4,0,,1,2,1,35,2,2,2,5,0,0,0,0,true,,false,false,false,false,false,,,,,,false,false,false,,,false,false,false,false,false,-83.16909,42.42402,"{
  ""coordinates"": [
    -8.316908857399990e+01,
    4.242401795700000e+01
  ],
  ""type"": ""Point""
}","{
  ""coordinates"": [
    -83.169088574,
    42.424017957
  ],
  ""type"": ""Point""
}",-83.1690885739999,42.424017957
2708,9865081,WOODWARD,JEFFERSON,2016-11-20,20,11,2016,17,1,8,3,,4,0,,1,1,4,35,4,2,2,5,0,0,0,0,true,,false,false,false,false,false,,,,,,false,false,false,,,false,false,false,false,false,-83.04449,42.32882,"{
  ""coordinates"": [
    -8.304449578799991e+01,
    4.232881879200000e+01
  ],
  ""type"": ""Point""
}","{
  ""coordinates"": [
    -83.044495788,
    42.328818792
  ],
  ""type"": ""Point""
}",-83.0444957879999,42.328818792
2709,9873227,I-94,I-75,2016-11-20,20,11,2016,18,1,5,1,,1,0,,1,2,4,55,3,2,1,4,0,0,0,1,false,,false,false,true,false,false,,,,,,false,false,false,,,false,false,false,false,false,-83.05652,42.36965,"{
  ""coordinates"": [
    -8.305652229400000e+01,
    4.236965124700000e+01
  ],
  ""type"": ""Point""
}","{
  ""coordinates"": [
    -83.056522294,
    42.369651247
  ],
  ""type"": ""Point""
}",-83.056522294,42.369651247
2710,9865107,WYOMING,RAMP 105B,2016-11-20,20,11,2016,13,1,5,3,,4,0,,1,1,1,35,4,2,2,5,0,0,0,0,true,,false,false,false,false,false,,,,,,false,false,true,,,false,false,false,false,false,-83.15979,42.40478,"{
  ""coordinates"": [
    -8.315979058200000e+01,
    4.240478026500010e+01
  ],
  ""type"": ""Point""
}","{
  ""coordinates"": [
    -83.159790582,
    42.404780265
  ],
  ""type"": ""Point""
}",-83.159790582,42.4047802650001
2711,9865111,CURTIS,MONTE,2016-11-20,20,11,2016,7,1,5,9,,4,0,,1,1,1,30,3,2,2,5,0,0,0,0,true,,false,false,false,false,false,,,,,,false,false,false,,,false,false,false,false,false,-83.16837,42.42403,"{
  ""coordinates"": [
    -8.316836784799990e+01,
    4.242403232200010e+01
  ],
  ""type"": ""Point""
}","{
  ""coordinates"": [
    -83.168367848,
    42.424032322
  ],
  ""type"": ""Point""
}",-83.1683678479999,42.4240323220001
2712,9875385,GRAND RIVER,TURNER,2016-11-20,20,11,2016,1,1,4,3,,1,0,,1,2,4,35,7,2,4,2,0,1,1,2,false,,false,false,false,true,false,,,,,,false,false,true,,,false,false,false,false,false,-83.14566,42.37143,"{
  ""coordinates"": [
    -8.314566034300000e+01,
    4.237143054000010e+01
  ],
  ""type"": ""Point""
}","{
  ""coordinates"": [
    -83.145660343,
    42.37143054
  ],
  ""type"": ""Point""
}",-83.145660343,42.3714305400001
2713,9881477,E I 94,RUSSELL,2016-11-20,20,11,2016,21,1,4,1,,1,0,,1,1,4,55,3,2,1,5,0,0,0,0,true,,false,false,true,false,false,,,,,,false,false,false,,,false,false,false,false,false,-83.0564,42.36954,"{
  ""coordinates"": [
    -8.305640429800000e+01,
    4.236954239100000e+01
  ],
  ""type"": ""Point""
}","{
  ""coordinates"": [
    -83.056404298,
    42.369542391
  ],
  ""type"": ""Point""
}",-83.056404298,42.369542391
2714,9867459,ROSA PARKS,MICHIGAN,2016-11-20,20,11,2016,23,1,5,2,,4,0,,1,1,4,0,4,2,3,5,0,0,0,0,true,,false,false,false,false,false,,,,,,false,false,true,,,false,false,false,false,false,-83.07188,42.3312,"{
  ""coordinates"": [
    -8.307188774500000e+01,
    4.233120380100010e+01
  ],
  ""type"": ""Point""
}","{
  ""coordinates"": [
    -83.071887745,
    42.331203801
  ],
  ""type"": ""Point""
}",-83.071887745,42.3312038010001
2715,9865080,FENKELL,MANOR,2016-11-20,20,11,2016,14,1,4,9,,2,0,,1,1,1,35,2,2,2,5,0,0,0,0,true,,true,false,true,false,false,,,,,,false,false,false,,,false,false,false,false,false,-83.16832,42.40226,"{
  ""coordinates"": [
    -8.316832287200000e+01,
    4.240225773700010e+01
  ],
  ""type"": ""Point""
}","{
  ""coordinates"": [
    -83.168322872,
    42.402257737
  ],
  ""type"": ""Point""
}",-83.168322872,42.4022577370001
2716,9867417,E I 96 CD,GREENFIELD,2016-11-20,20,11,2016,11,1,5,1,,1,0,,1,2,1,55,3,2,3,5,0,0,0,0,true,,false,false,false,false,false,,,,,,false,false,false,,,false,false,false,false,false,-83.19859,42.37888,"{
  ""coordinates"": [
    -8.319858906100001e+01,
    4.237888459500000e+01
  ],
  ""type"": ""Point""
}","{
  ""coordinates"": [
    -83.198589061,
    42.378884595
  ],
  ""type"": ""Point""
}",-83.198589061,42.378884595
2717,9865078,DAVISON,EWALD,2016-11-20,20,11,2016,14,1,5,3,,1,0,,1,1,1,30,3,2,1,5,0,0,0,0,true,,false,false,true,false,false,,,,,,false,true,false,,,false,false,false,false,false,-83.14502,42.38626,"{
  ""coordinates"": [
    -8.314501926400000e+01,
    4.238626049500000e+01
  ],
  ""type"": ""Point""
}","{
  ""coordinates"": [
    -83.145019264,
    42.386260495
  ],
  ""type"": ""Point""
}",-83.145019264,42.386260495
2718,9863620,MCNICHOLS,LIVERNOIS,2016-11-20,20,11,2016,1,1,3,9,,4,0,,1,1,4,30,2,2,1,5,0,0,0,0,true,,false,false,true,false,false,,,,,,false,false,true,,,false,false,false,false,false,-83.14084,42.41714,"{
  ""coordinates"": [
    -8.314083748000000e+01,
    4.241714637500010e+01
  ],
  ""type"": ""Point""
}","{
  ""coordinates"": [
    -83.14083748,
    42.417146375
  ],
  ""type"": ""Point""
}",-83.14083748,42.4171463750001
2719,9865112,THIRD,MERRILL PLAISANCE,2016-11-20,20,11,2016,16,1,4,9,,4,0,,1,2,1,30,3,2,2,4,0,0,0,1,false,,false,false,false,false,false,,,,,,false,true,false,,,false,false,false,false,false,-83.11353,42.42013,"{
  ""coordinates"": [
    -8.311352958200000e+01,
    4.242013185900000e+01
  ],
  ""type"": ""Point""
}","{
  ""coordinates"": [
    -83.113529582,
    42.420131859
  ],
  ""type"": ""Point""
}",-83.113529582,42.420131859
2720,9865077,MARLOWE,ORANGE LAWN,2016-11-20,20,11,2016,11,1,4,9,,,3,,1,1,1,0,2,2,1,5,0,0,0,0,true,,false,false,false,false,false,,,,,,false,false,false,,,false,false,false,false,false,-83.18868,42.36832,"{
  ""coordinates"": [
    -8.318868011099990e+01,
    4.236831565900010e+01
  ],
  ""type"": ""Point""
}","{
  ""coordinates"": [
    -83.188680111,
    42.368315659
  ],
  ""type"": ""Point""
}",-83.1886801109999,42.3683156590001
2721,9900409,I-75,ROSA PARKS,2016-11-20,20,11,2016,0,1,8,1,,4,0,,1,2,4,55,3,2,1,5,0,0,0,0,true,,false,false,true,false,false,,,,,,false,true,false,,,false,false,false,false,false,-83.07459,42.33224,"{
  ""coordinates"": [
    -8.307459087300001e+01,
    4.233224192000010e+01
  ],
  ""type"": ""Point""
}","{
  ""coordinates"": [
    -83.074590873,
    42.33224192
  ],
  ""type"": ""Point""
}",-83.074590873,42.3322419200001
2722,9877672,M-10,FOREST,2016-11-20,20,11,2016,21,1,8,3,,1,0,,1,2,4,55,3,2,1,4,0,0,0,1,false,,false,false,true,false,false,,,,,,false,false,false,,,false,false,false,false,false,-83.07426,42.35487,"{
  ""coordinates"": [
    -8.307425344599990e+01,
    4.235486876600000e+01
  ],
  ""type"": ""Point""
}","{
  ""coordinates"": [
    -83.074253446,
    42.354868766
  ],
  ""type"": ""Point""
}",-83.0742534459999,42.354868766
2723,9867483,MANOR,KEELER,2016-11-20,20,11,2016,9,1,9,9,,,0,,1,2,1,0,2,2,2,5,0,0,0,0,true,,false,false,true,false,false,,,,,,false,false,false,,,false,false,false,false,false,-83.16841,42.40401,"{
  ""coordinates"": [
    -8.316840864200000e+01,
    4.240401251900000e+01
  ],
  ""type"": ""Point""
}","{
  ""coordinates"": [
    -83.168408642,
    42.404012519
  ],
  ""type"": ""Point""
}",-83.168408642,42.404012519
2724,9877780,N I 75,BRENTWOOD,2016-11-20,20,11,2016,18,1,5,1,,1,0,,1,1,4,55,4,2,3,5,0,0,0,0,true,,false,false,false,false,false,,,,,,false,false,true,,,false,false,false,false,false,-83.09447,42.43104,"{
  ""coordinates"": [
    -8.309446707700000e+01,
    4.243103869700010e+01
  ],
  ""type"": ""Point""
}","{
  ""coordinates"": [
    -83.094467077,
    42.431038697
  ],
  ""type"": ""Point""
}",-83.094467077,42.4310386970001
2725,9879298,WYOMING,MCNICHOLS,2016-11-20,20,11,2016,12,1,5,9,,4,0,,1,1,1,30,4,2,2,5,0,0,0,0,true,,false,false,false,false,false,,,,,,false,false,false,,,false,false,false,false,false,-83.16032,42.41693,"{
  ""coordinates"": [
    -8.316031545600001e+01,
    4.241693005900000e+01
  ],
  ""type"": ""Point""
}","{
  ""coordinates"": [
    -83.160315456,
    42.416930059
  ],
  ""type"": ""Point""
}",-83.160315456,42.416930059
2726,9868579,GREENFIELD,CHICAGO,2016-11-20,20,11,2016,3,1,2,9,,2,2,,1,6,4,35,4,2,1,5,0,0,0,0,true,,false,false,false,false,false,,,,,,false,false,true,,,false,false,false,false,false,-83.19727,42.36481,"{
  ""coordinates"": [
    -8.319726499300000e+01,
    4.236481414000010e+01
  ],
  ""type"": ""Point""
}","{
  ""coordinates"": [
    -83.197264993,
    42.36481414
  ],
  ""type"": ""Point""
}",-83.197264993,42.3648141400001
2727,9865108,LICHFIELD,NORFOLK,2016-11-20,20,11,2016,22,1,5,9,,,0,,1,1,4,25,1,2,1,5,0,0,0,0,true,,false,false,false,false,false,,,,,,false,true,false,,,false,false,false,false,false,-83.13313,42.44348,"{
  ""coordinates"": [
    -8.313313098799991e+01,
    4.244348211800010e+01
  ],
  ""type"": ""Point""
}","{
  ""coordinates"": [
    -83.133130988,
    42.443482118
  ],
  ""type"": ""Point""
}",-83.1331309879999,42.4434821180001
2728,9871684,I-75,DEARBORN,2016-11-20,20,11,2016,10,1,1,1,,1,0,,1,2,1,70,4,1,1,5,0,0,0,0,true,,false,false,false,false,false,,,,,,false,false,false,,,false,false,false,false,false,-83.13519,42.28854,"{
  ""coordinates"": [
    -8.313518831999990e+01,
    4.228853859200010e+01
  ],
  ""type"": ""Point""
}","{
  ""coordinates"": [
    -83.13518832,
    42.288538592
  ],
  ""type"": ""Point""
}",-83.1351883199999,42.2885385920001
2729,9868552,W/B I-94,FRENCH,2016-11-20,20,11,2016,21,1,8,1,,1,0,,1,1,4,55,3,2,2,5,0,0,0,0,true,,false,false,false,false,false,,,,,,false,false,false,,,false,false,false,false,false,-82.99786,42.39222,"{
  ""coordinates"": [
    -8.299785409600000e+01,
    4.239222060000000e+01
  ],
  ""type"": ""Point""
}","{
  ""coordinates"": [
    -82.997854096,
    42.3922206
  ],
  ""type"": ""Point""
}",-82.997854096,42.3922206
2730,9882865,MURRAY HILL,GROVE,2016-11-20,20,11,2016,4,1,1,9,,,0,,1,8,4,25,1,1,1,5,0,0,0,0,true,,false,false,false,false,false,,,,,,false,false,false,,,false,false,false,false,false,-83.2079,42.41442,"{
  ""coordinates"": [
    -8.320789958700000e+01,
    4.241441788700010e+01
  ],
  ""type"": ""Point""
}","{
  ""coordinates"": [
    -83.207899587,
    42.414417887
  ],
  ""type"": ""Point""
}",-83.207899587,42.4144178870001
2731,9866395,PLYMOUTH,GREENFIELD,2016-11-20,20,11,2016,13,1,5,9,,4,0,,1,1,1,35,4,2,1,4,0,0,0,1,false,,false,false,true,false,false,,,,,,false,false,false,,,false,false,false,false,false,-83.19728,42.37256,"{
  ""coordinates"": [
    -8.319727890199989e+01,
    4.237256346200010e+01
  ],
  ""type"": ""Point""
}","{
  ""coordinates"": [
    -83.197278902,
    42.372563462
  ],
  ""type"": ""Point""
}",-83.1972789019999,42.3725634620001
2732,9875386,I-75,CANFIELD,2016-11-20,20,11,2016,2,1,8,1,,1,0,,1,2,4,55,4,2,6,5,0,0,0,0,true,,false,false,false,false,false,,,,,,false,false,true,,,false,false,false,false,false,-83.05225,42.35786,"{
  ""coordinates"": [
    -8.305225096100000e+01,
    4.235786575900000e+01
  ],
  ""type"": ""Point""
}","{
  ""coordinates"": [
    -83.052250961,
    42.357865759
  ],
  ""type"": ""Point""
}",-83.052250961,42.357865759
2733,9868576,VAN BUREN,EVERGREEN,2016-11-20,20,11,2016,5,1,4,9,,,0,,1,1,4,35,4,2,2,5,0,0,0,0,true,,true,false,true,false,false,,,,,,false,false,false,,,false,false,false,false,false,-83.23589,42.35573,"{
  ""coordinates"": [
    -8.323589459700000e+01,
    4.235572860700010e+01
  ],
  ""type"": ""Point""
}","{
  ""coordinates"": [
    -83.235894597,
    42.355728607
  ],
  ""type"": ""Point""
}",-83.235894597,42.3557286070001
2734,9867439,M-10,WYOMING,2016-11-20,20,11,2016,13,1,8,3,,1,0,,1,1,1,55,3,2,1,5,0,0,0,0,true,,false,false,true,false,false,,,,,,false,false,false,,,false,false,false,false,false,-83.15755,42.40471,"{
  ""coordinates"": [
    -8.315755358000000e+01,
    4.240470444700000e+01
  ],
  ""type"": ""Point""
}","{
  ""coordinates"": [
    -83.15755358,
    42.404704447
  ],
  ""type"": ""Point""
}",-83.15755358,42.404704447
2735,9868578,TRINITY,VASSER,2016-11-20,20,11,2016,13,1,97,9,,,0,,1,1,1,25,2,2,1,5,0,0,0,0,true,,false,false,false,false,false,,,,,,false,true,false,,,false,false,false,false,false,-83.24998,42.43291,"{
  ""coordinates"": [
    -8.324997387199990e+01,
    4.243291177500000e+01
  ],
  ""type"": ""Point""
}","{
  ""coordinates"": [
    -83.249973872,
    42.432911775
  ],
  ""type"": ""Point""
}",-83.2499738719999,42.432911775
2736,9875373,I-96,M-39,2016-11-20,20,11,2016,22,1,1,1,,1,1,,1,1,4,55,3,1,1,5,0,0,0,0,true,,false,false,false,false,false,,,,,,false,false,true,,,false,false,false,false,false,-83.21469,42.37882,"{
  ""coordinates"": [
    -8.321469398300000e+01,
    4.237882165800000e+01
  ],
  ""type"": ""Point""
}","{
  ""coordinates"": [
    -83.214693983,
    42.378821658
  ],
  ""type"": ""Point""
}",-83.214693983,42.378821658