ObjectId,Crash ID,Primary Road,Intersecting Road,Crash Date,Day,Month,Year,Hour,Weekday,Crash Type Code,Highway Classification Code,Community Code,Jurisdiction Code,Lane Departure Type Code,Surface Type,Road Condition,Weather Condition,Lighting Condition,Speed Limit,Lanes,Units,Occupants,Most Severe Injury,Fatal Injuries,Suspected Serious Injuries,Suspected Minor Injuries,Possible Injuries,Property Damage Only,Secondary Crash,Traffic Control,Red Light Run,Hit and Run,Alcohol,Drugs,Unbelted Person,Work Zone,Speeding Driver,Distracted Driver,Driveway,Pedestrian,Elderly Driver,Young Driver,Commercial Vehicle,Emergency Vehicles,Train,School Bus,Motorcycle,Bicycle,Deer,Longitude,Latitude,geom,geog,x,y
2737,9880473,M-39,MCNICHOLS,2016-11-20,20,11,2016,3,1,8,3,,1,0,,1,2,4,55,3,2,2,5,0,0,0,0,true,,false,false,false,false,false,,,,,,false,false,false,,,false,false,false,false,false,-83.21871,42.41411,"{
  ""coordinates"": [
    -8.321871471000000e+01,
    4.241410786000010e+01
  ],
  ""type"": ""Point""
}","{
  ""coordinates"": [
    -83.21871471,
    42.41410786
  ],
  ""type"": ""Point""
}",-83.21871471,42.4141078600001
2738,9872990,E I 94,HARPER,2016-11-20,20,11,2016,22,1,5,1,,1,0,,1,2,4,55,3,2,2,5,0,0,0,0,true,,false,false,true,false,false,,,,,,false,false,false,,,false,false,false,false,false,-82.94827,42.40904,"{
  ""coordinates"": [
    -8.294827379500001e+01,
    4.240903764000010e+01
  ],
  ""type"": ""Point""
}","{
  ""coordinates"": [
    -82.948273795,
    42.40903764
  ],
  ""type"": ""Point""
}",-82.948273795,42.4090376400001
2739,9868580,OUTER,W I 96,2016-11-20,20,11,2016,20,1,8,9,,2,0,,1,1,4,35,5,2,3,5,0,0,0,0,true,,false,false,true,false,false,,,,,,false,true,false,,,false,false,false,false,false,-83.25618,42.38557,"{
  ""coordinates"": [
    -8.325618326999999e+01,
    4.238556962800000e+01
  ],
  ""type"": ""Point""
}","{
  ""coordinates"": [
    -83.25618327,
    42.385569628
  ],
  ""type"": ""Point""
}",-83.25618327,42.385569628
2740,9880474,M-10,7 MILE,2016-11-20,20,11,2016,4,1,1,3,,1,1,,1,1,4,55,3,1,1,4,0,0,0,1,false,,false,false,false,false,false,,,,,,false,false,true,,,false,false,false,false,false,-83.18571,42.4297,"{
  ""coordinates"": [
    -8.318571406000000e+01,
    4.242969744100000e+01
  ],
  ""type"": ""Point""
}","{
  ""coordinates"": [
    -83.18571406,
    42.429697441
  ],
  ""type"": ""Point""
}",-83.18571406,42.429697441
2741,9885889,M-10,7 MILE,2016-11-20,20,11,2016,4,1,97,3,,1,0,,1,1,4,55,3,2,1,2,0,1,0,0,false,,false,false,true,true,false,,,,,,true,false,false,,,false,false,false,false,false,-83.18571,42.4297,"{
  ""coordinates"": [
    -8.318571406000000e+01,
    4.242969744100000e+01
  ],
  ""type"": ""Point""
}","{
  ""coordinates"": [
    -83.18571406,
    42.429697441
  ],
  ""type"": ""Point""
}",-83.18571406,42.429697441
2742,9865073,JOHN R,BROADWAY,2016-11-20,20,11,2016,17,1,8,9,,4,0,,1,1,3,35,2,2,3,5,0,0,0,0,true,,false,false,false,false,false,,,,,,false,true,false,,,false,false,false,false,false,-83.04819,42.33584,"{
  ""coordinates"": [
    -8.304819788799990e+01,
    4.233583808000000e+01
  ],
  ""type"": ""Point""
}","{
  ""coordinates"": [
    -83.048197888,
    42.33583808
  ],
  ""type"": ""Point""
}",-83.0481978879999,42.33583808
2743,9863470,GRATIOT,SAINT ANTOINE,2016-11-20,20,11,2016,2,1,4,3,,1,0,,1,1,4,25,2,2,3,5,0,0,0,0,true,,false,false,false,false,false,,,,,,false,false,true,,,false,false,false,false,false,-83.04279,42.33827,"{
  ""coordinates"": [
    -8.304278742000000e+01,
    4.233827171000010e+01
  ],
  ""type"": ""Point""
}","{
  ""coordinates"": [
    -83.04278742,
    42.33827171
  ],
  ""type"": ""Point""
}",-83.04278742,42.3382717100001
2744,9907410,CONNER,CANFIELD,2016-11-20,20,11,2016,12,1,5,9,,4,0,,2,1,1,35,2,2,2,5,0,0,0,0,true,,false,false,true,false,false,,,,,,false,false,false,,,false,false,false,false,false,-82.97076,42.38707,"{
  ""coordinates"": [
    -8.297075439400000e+01,
    4.238706841100000e+01
  ],
  ""type"": ""Point""
}","{
  ""coordinates"": [
    -82.970754394,
    42.387068411
  ],
  ""type"": ""Point""
}",-82.970754394,42.387068411
2745,9863586,GRAND RIVER,BLACKSTONE,2016-11-19,19,11,2016,13,7,5,3,,1,0,,2,4,1,0,4,2,4,5,0,0,0,0,true,,false,false,false,false,false,,,,,,false,false,true,,,false,false,false,false,false,-83.24963,42.41329,"{
  ""coordinates"": [
    -8.324963014900000e+01,
    4.241329201900000e+01
  ],
  ""type"": ""Point""
}","{
  ""coordinates"": [
    -83.249630149,
    42.413292019
  ],
  ""type"": ""Point""
}",-83.249630149,42.413292019
2746,9890253,GRAND RIVER,PREVOST,2016-11-19,19,11,2016,13,7,5,3,,1,0,,1,1,1,35,2,2,2,4,0,0,0,1,false,,false,false,true,false,false,,,,,,false,false,false,,,false,false,false,false,false,-83.20267,42.3944,"{
  ""coordinates"": [
    -8.320267202699991e+01,
    4.239439618500010e+01
  ],
  ""type"": ""Point""
}","{
  ""coordinates"": [
    -83.202672027,
    42.394396185
  ],
  ""type"": ""Point""
}",-83.2026720269999,42.3943961850001
2747,9873226,I 94,TRUMBULL,2016-11-19,19,11,2016,22,7,5,1,,1,0,,1,1,4,55,3,2,2,5,0,0,0,0,true,,false,false,false,false,false,,,,,,false,false,true,,,false,false,false,false,false,-83.08199,42.35574,"{
  ""coordinates"": [
    -8.308199576700000e+01,
    4.235574328200000e+01
  ],
  ""type"": ""Point""
}","{
  ""coordinates"": [
    -83.081995767,
    42.355743282
  ],
  ""type"": ""Point""
}",-83.081995767,42.355743282
2748,9865079,SNOWDEN,LYNDON,2016-11-19,19,11,2016,22,7,1,9,,,1,,1,1,4,25,2,1,1,3,0,0,1,0,false,,false,false,false,false,false,,,,,,false,false,false,,,false,false,false,false,false,-83.17663,42.39489,"{
  ""coordinates"": [
    -8.317662999500000e+01,
    4.239488508400010e+01
  ],
  ""type"": ""Point""
}","{
  ""coordinates"": [
    -83.176629995,
    42.394885084
  ],
  ""type"": ""Point""
}",-83.176629995,42.3948850840001
2749,9869312,CONNER,SHOEMAKER,2016-11-19,19,11,2016,10,7,5,9,,4,0,,2,5,1,35,3,2,3,4,0,0,0,2,false,,false,false,true,false,false,,,,,,false,false,false,,,false,false,false,false,false,-82.98344,42.39305,"{
  ""coordinates"": [
    -8.298343304500000e+01,
    4.239304915600010e+01
  ],
  ""type"": ""Point""
}","{
  ""coordinates"": [
    -82.983433045,
    42.393049156
  ],
  ""type"": ""Point""
}",-82.983433045,42.3930491560001
2750,9869290,ASHTON,PLYMOUTH,2016-11-19,19,11,2016,11,7,97,9,,,0,,1,1,1,35,4,2,1,5,0,0,0,0,true,,false,false,true,false,false,,,,,,false,true,false,,,false,false,false,false,false,-83.21801,42.37223,"{
  ""coordinates"": [
    -8.321801347199990e+01,
    4.237223192400010e+01
  ],
  ""type"": ""Point""
}","{
  ""coordinates"": [
    -83.218013472,
    42.372231924
  ],
  ""type"": ""Point""
}",-83.2180134719999,42.3722319240001
2751,9867437,I-75,SCHAEFER,2016-11-19,19,11,2016,8,7,97,1,,1,0,,1,2,2,70,3,2,2,5,0,0,0,0,true,,false,false,false,false,false,,,,,,false,false,false,,,false,false,false,false,false,-83.1611,42.27475,"{
  ""coordinates"": [
    -8.316110247700000e+01,
    4.227474799600000e+01
  ],
  ""type"": ""Point""
}","{
  ""coordinates"": [
    -83.161102477,
    42.274747996
  ],
  ""type"": ""Point""
}",-83.161102477,42.274747996
2752,9875412,GRATIOT,MARCUS,2016-11-19,19,11,2016,11,7,5,3,,1,0,,2,1,1,35,3,2,3,4,0,0,0,1,false,,false,false,false,false,false,,,,,,false,false,true,,,false,false,false,false,false,-83.00241,42.39738,"{
  ""coordinates"": [
    -8.300241444100000e+01,
    4.239737886500010e+01
  ],
  ""type"": ""Point""
}","{
  ""coordinates"": [
    -83.002414441,
    42.397378865
  ],
  ""type"": ""Point""
}",-83.002414441,42.3973788650001
2753,9877829,M39,PEMBROKE,2016-11-19,19,11,2016,12,7,8,3,,1,0,,2,4,1,55,3,2,1,5,0,0,0,0,true,,false,false,true,false,false,,,,,,false,false,false,,,false,false,false,false,false,-83.21954,42.43751,"{
  ""coordinates"": [
    -8.321954592199999e+01,
    4.243751003700000e+01
  ],
  ""type"": ""Point""
}","{
  ""coordinates"": [
    -83.219545922,
    42.437510037
  ],
  ""type"": ""Point""
}",-83.219545922,42.437510037
2754,9880440,I 75,CLAY,2016-11-19,19,11,2016,5,7,8,1,,1,0,,1,1,4,70,4,2,1,4,0,0,0,1,false,,false,false,true,false,false,,,,,,false,false,false,,,false,false,false,false,false,-83.06369,42.37951,"{
  ""coordinates"": [
    -8.306369165400000e+01,
    4.237951265500000e+01
  ],
  ""type"": ""Point""
}","{
  ""coordinates"": [
    -83.063691654,
    42.379512655
  ],
  ""type"": ""Point""
}",-83.063691654,42.379512655
2755,9865088,GREENFIELD,FENKELL,2016-11-19,19,11,2016,23,7,5,9,,2,0,,1,1,4,35,5,2,2,5,0,0,0,0,true,,false,false,true,false,false,,,,,,false,false,false,,,false,false,false,false,false,-83.19868,42.40131,"{
  ""coordinates"": [
    -8.319867656799990e+01,
    4.240130841900000e+01
  ],
  ""type"": ""Point""
}","{
  ""coordinates"": [
    -83.198676568,
    42.401308419
  ],
  ""type"": ""Point""
}",-83.1986765679999,42.401308419
2756,9867486,GREENDALE,CHARLESTON,2016-11-19,19,11,2016,22,7,4,9,,,0,,2,8,4,25,2,2,3,5,0,0,0,0,true,,false,false,true,false,false,,,,,,false,true,false,,,false,false,false,false,false,-83.10675,42.4268,"{
  ""coordinates"": [
    -8.310675374000000e+01,
    4.242680338500000e+01
  ],
  ""type"": ""Point""
}","{
  ""coordinates"": [
    -83.10675374,
    42.426803385
  ],
  ""type"": ""Point""
}",-83.10675374,42.426803385
2757,9866384,SCHAEFER,FORT,2016-11-19,19,11,2016,5,7,8,1,,1,0,,1,1,4,0,3,2,2,5,0,0,0,0,true,,false,false,false,false,false,,,,,,false,true,false,,,false,false,false,false,false,-83.15726,42.2762,"{
  ""coordinates"": [
    -8.315726058099990e+01,
    4.227619648600010e+01
  ],
  ""type"": ""Point""
}","{
  ""coordinates"": [
    -83.157260581,
    42.276196486
  ],
  ""type"": ""Point""
}",-83.1572605809999,42.2761964860001
2758,9869276,FORT,OUTER,2016-11-19,19,11,2016,6,7,5,3,,1,0,,1,3,4,0,3,2,1,5,0,0,0,0,true,,false,false,false,false,false,,,,,,false,false,false,,,false,false,false,false,false,-83.16708,42.2625,"{
  ""coordinates"": [
    -8.316708148200000e+01,
    4.226249745900000e+01
  ],
  ""type"": ""Point""
}","{
  ""coordinates"": [
    -83.167081482,
    42.262497459
  ],
  ""type"": ""Point""
}",-83.167081482,42.262497459
2759,9865086,W I 94,MOROSS,2016-11-19,19,11,2016,12,7,4,1,,1,0,,2,7,1,35,3,2,4,4,0,0,0,3,false,,true,true,false,false,false,,,,,,false,true,false,,,false,false,false,false,false,-82.92889,42.42446,"{
  ""coordinates"": [
    -8.292889458699990e+01,
    4.242445785200000e+01
  ],
  ""type"": ""Point""
}","{
  ""coordinates"": [
    -82.928894587,
    42.424457852
  ],
  ""type"": ""Point""
}",-82.9288945869999,42.424457852
2760,9873217,I-75,CLAY,2016-11-19,19,11,2016,5,7,1,1,,1,1,,1,2,4,70,4,1,1,4,0,0,0,1,false,,false,false,false,false,false,,,,,,false,false,false,,,false,false,false,false,false,-83.06335,42.37902,"{
  ""coordinates"": [
    -8.306335279900000e+01,
    4.237902151700010e+01
  ],
  ""type"": ""Point""
}","{
  ""coordinates"": [
    -83.063352799,
    42.379021517
  ],
  ""type"": ""Point""
}",-83.063352799,42.3790215170001
2761,9871693,I-75,SCHAEFER,2016-11-19,19,11,2016,0,7,1,1,,1,1,,2,2,4,55,4,1,1,4,0,0,0,1,false,,false,false,false,false,false,,,,,,false,false,true,,,false,false,false,false,false,-83.15611,42.2774,"{
  ""coordinates"": [
    -8.315610323999989e+01,
    4.227740264700000e+01
  ],
  ""type"": ""Point""
}","{
  ""coordinates"": [
    -83.15610324,
    42.277402647
  ],
  ""type"": ""Point""
}",-83.1561032399999,42.277402647
2762,9908358,WARREN,CADIEUX,2016-11-19,19,11,2016,13,7,3,9,,4,0,,2,4,1,30,4,2,3,4,0,0,0,1,false,,false,false,false,false,false,,,,,,false,false,true,,,false,false,false,false,false,-82.92957,42.40616,"{
  ""coordinates"": [
    -8.292957436099989e+01,
    4.240616328300010e+01
  ],
  ""type"": ""Point""
}","{
  ""coordinates"": [
    -82.929574361,
    42.406163283
  ],
  ""type"": ""Point""
}",-82.9295743609999,42.4061632830001
2763,9863480,SUSSEX,PURITAN,2016-11-19,19,11,2016,0,7,4,9,,,0,,2,1,4,30,2,2,3,5,0,0,0,0,true,,true,false,false,false,false,,,,,,false,false,true,,,false,false,false,false,false,-83.1953,42.40886,"{
  ""coordinates"": [
    -8.319529767800000e+01,
    4.240886204100010e+01
  ],
  ""type"": ""Point""
}","{
  ""coordinates"": [
    -83.195297678,
    42.408862041
  ],
  ""type"": ""Point""
}",-83.195297678,42.4088620410001
2764,9863475,CLOVERDALE,ELMHURST,2016-11-19,19,11,2016,11,7,4,9,,,0,,1,2,1,30,4,2,2,5,0,0,0,0,true,,true,false,false,false,false,,,,,,false,false,false,,,false,false,false,false,false,-83.14796,42.37599,"{
  ""coordinates"": [
    -8.314796576799991e+01,
    4.237598862800010e+01
  ],
  ""type"": ""Point""
}","{
  ""coordinates"": [
    -83.147965768,
    42.375988628
  ],
  ""type"": ""Point""
}",-83.1479657679999,42.3759886280001
2765,9873216,I-75,SCHAEFER,2016-11-19,19,11,2016,0,7,1,1,,1,0,,2,2,4,70,4,1,1,5,0,0,0,0,true,,false,false,false,false,false,,,,,,false,false,true,,,false,false,false,false,false,-83.15604,42.27722,"{
  ""coordinates"": [
    -8.315603774000000e+01,
    4.227721655400010e+01
  ],
  ""type"": ""Point""
}","{
  ""coordinates"": [
    -83.15603774,
    42.277216554
  ],
  ""type"": ""Point""
}",-83.15603774,42.2772165540001
2766,9866383,SCHAEFER,RAMP 029E,2016-11-19,19,11,2016,1,7,8,7,,1,0,,2,4,4,0,3,2,2,5,0,0,0,0,true,,false,false,false,false,false,,,,,,false,false,true,,,false,false,false,false,false,-83.15656,42.27738,"{
  ""coordinates"": [
    -8.315656531899999e+01,
    4.227738052800000e+01
  ],
  ""type"": ""Point""
}","{
  ""coordinates"": [
    -83.156565319,
    42.277380528
  ],
  ""type"": ""Point""
}",-83.156565319,42.277380528
2767,9866375,EUCLID,BEAUBIEN,2016-11-19,19,11,2016,10,7,8,9,,4,0,,1,2,1,25,2,2,0,5,0,0,0,0,true,,false,false,true,false,false,,,,,,false,false,false,,,false,false,false,false,false,-83.07205,42.37936,"{
  ""coordinates"": [
    -8.307204964399990e+01,
    4.237936428200000e+01
  ],
  ""type"": ""Point""
}","{
  ""coordinates"": [
    -83.072049644,
    42.379364282
  ],
  ""type"": ""Point""
}",-83.0720496439999,42.379364282
2768,9867443,I-75,DEARBORN,2016-11-19,19,11,2016,12,7,8,1,,1,0,,2,4,1,70,4,2,3,5,0,0,0,0,true,,false,false,false,false,false,,,,,,false,false,true,,,false,false,false,false,false,-83.12727,42.29427,"{
  ""coordinates"": [
    -8.312727251000000e+01,
    4.229426472300000e+01
  ],
  ""type"": ""Point""
}","{
  ""coordinates"": [
    -83.12727251,
    42.294264723
  ],
  ""type"": ""Point""
}",-83.12727251,42.294264723
2769,9863476,GRAND RIVER,CHEYENNE,2016-11-19,19,11,2016,13,7,3,3,,1,0,,1,2,1,35,7,2,2,4,0,0,0,1,false,,false,false,false,false,false,,,,,,false,false,false,,,false,false,false,false,false,-83.17374,42.38274,"{
  ""coordinates"": [
    -8.317373506500000e+01,
    4.238274197500000e+01
  ],
  ""type"": ""Point""
}","{
  ""coordinates"": [
    -83.173735065,
    42.382741975
  ],
  ""type"": ""Point""
}",-83.173735065,42.382741975
2770,9867451,GRAND RIVER,BURNETTE,2016-11-19,19,11,2016,5,7,5,3,,1,0,,2,4,3,0,2,3,2,5,0,0,0,0,true,,false,false,false,false,false,,,,,,false,false,true,,,false,false,false,false,false,-83.14242,42.37012,"{
  ""coordinates"": [
    -8.314241456699990e+01,
    4.237012113000000e+01
  ],
  ""type"": ""Point""
}","{
  ""coordinates"": [
    -83.142414567,
    42.37012113
  ],
  ""type"": ""Point""
}",-83.1424145669999,42.37012113
2771,9919726,DIX,SCHAEFER,2016-11-19,19,11,2016,1,7,1,9,,4,1,,2,4,4,35,2,1,1,4,0,0,0,1,false,,false,false,false,false,false,,,,,,false,false,false,,,false,false,false,false,false,-83.16206,42.28381,"{
  ""coordinates"": [
    -8.316205974000000e+01,
    4.228380550700010e+01
  ],
  ""type"": ""Point""
}","{
  ""coordinates"": [
    -83.16205974,
    42.283805507
  ],
  ""type"": ""Point""
}",-83.16205974,42.2838055070001
2772,9867475,MACK,GARLAND,2016-11-19,19,11,2016,2,7,98,9,,4,0,,98,98,5,0,2,2,0,5,0,0,0,0,true,,false,false,true,false,false,,,,,,false,false,false,,,false,false,false,false,false,-82.98743,42.37511,"{
  ""coordinates"": [
    -8.298743724400001e+01,
    4.237510611600000e+01
  ],
  ""type"": ""Point""
}","{
  ""coordinates"": [
    -82.987437244,
    42.375106116
  ],
  ""type"": ""Point""
}",-82.987437244,42.375106116
2773,9868537,I-96,WYOMING,2016-11-19,19,11,2016,3,7,1,1,,1,1,,2,1,5,55,4,1,2,3,0,0,1,0,false,,false,false,false,false,false,,,,,,false,false,false,,,false,false,false,false,false,-83.15932,42.38525,"{
  ""coordinates"": [
    -8.315932557300000e+01,
    4.238524943300010e+01
  ],
  ""type"": ""Point""
}","{
  ""coordinates"": [
    -83.159325573,
    42.385249433
  ],
  ""type"": ""Point""
}",-83.159325573,42.3852494330001
2774,9863622,EVERGREEN,SAWYER,2016-11-19,19,11,2016,0,7,5,9,,4,0,,2,4,4,30,4,2,6,5,0,0,0,0,true,,false,false,false,false,false,,,,,,false,false,false,,,false,false,false,false,false,-83.23552,42.34702,"{
  ""coordinates"": [
    -8.323552144099990e+01,
    4.234701983800010e+01
  ],
  ""type"": ""Point""
}","{
  ""coordinates"": [
    -83.235521441,
    42.347019838
  ],
  ""type"": ""Point""
}",-83.2355214409999,42.3470198380001
2775,9900389,M-39,MCNICHOLS,2016-11-19,19,11,2016,4,7,8,3,,1,0,,1,1,4,55,3,2,0,5,0,0,0,0,true,,false,false,true,false,false,,,,,,false,false,false,,,false,false,false,false,false,-83.21872,42.41391,"{
  ""coordinates"": [
    -8.321871620899999e+01,
    4.241390560700010e+01
  ],
  ""type"": ""Point""
}","{
  ""coordinates"": [
    -83.218716209,
    42.413905607
  ],
  ""type"": ""Point""
}",-83.218716209,42.4139056070001
2776,9863583,PEMBROKE,LAHSER,2016-11-19,19,11,2016,12,7,97,9,,,0,,2,4,1,35,3,2,1,5,0,0,0,0,true,,false,false,false,false,false,,,,,,false,true,false,,,false,false,false,false,false,-83.25864,42.43635,"{
  ""coordinates"": [
    -8.325864227499990e+01,
    4.243635234000000e+01
  ],
  ""type"": ""Point""
}","{
  ""coordinates"": [
    -83.258642275,
    42.43635234
  ],
  ""type"": ""Point""
}",-83.2586422749999,42.43635234
2777,9869281,OUTER,WARING,2016-11-19,19,11,2016,11,7,4,9,,2,0,,2,4,1,25,2,2,2,5,0,0,0,0,true,,false,false,true,false,false,,,,,,false,false,false,,,false,false,false,false,false,-83.16753,42.26334,"{
  ""coordinates"": [
    -8.316753248700000e+01,
    4.226334004200000e+01
  ],
  ""type"": ""Point""
}","{
  ""coordinates"": [
    -83.167532487,
    42.263340042
  ],
  ""type"": ""Point""
}",-83.167532487,42.263340042
2778,9869294,EATON,PIEDMONT,2016-11-19,19,11,2016,1,7,8,9,,,0,,1,1,4,25,2,2,0,5,0,0,0,0,true,,false,false,true,false,false,,,,,,false,false,false,,,false,false,false,false,false,-83.22999,42.39589,"{
  ""coordinates"": [
    -8.322999071399990e+01,
    4.239588833900010e+01
  ],
  ""type"": ""Point""
}","{
  ""coordinates"": [
    -83.229990714,
    42.395888339
  ],
  ""type"": ""Point""
}",-83.2299907139999,42.3958883390001
2779,9867474,FORRER,CLARITA,2016-11-19,19,11,2016,6,7,8,9,,,0,,98,98,4,25,1,2,0,5,0,0,0,0,true,,false,false,true,false,false,,,,,,false,false,false,,,false,false,false,false,false,-83.20261,42.42833,"{
  ""coordinates"": [
    -8.320260756899999e+01,
    4.242832927100010e+01
  ],
  ""type"": ""Point""
}","{
  ""coordinates"": [
    -83.202607569,
    42.428329271
  ],
  ""type"": ""Point""
}",-83.202607569,42.4283292710001
2780,9877910,BRAMELL,ORANGELAWN,2016-11-19,19,11,2016,18,7,97,9,,,0,,2,2,3,25,2,2,1,5,0,0,0,0,true,,false,false,false,false,false,,,,,,false,false,false,,,false,false,false,false,false,-83.26317,42.36815,"{
  ""coordinates"": [
    -8.326316770600000e+01,
    4.236815125200010e+01
  ],
  ""type"": ""Point""
}","{
  ""coordinates"": [
    -83.263167706,
    42.368151252
  ],
  ""type"": ""Point""
}",-83.263167706,42.3681512520001
2781,9865075,GRAND RIVER,GRAND RIVER,2016-11-19,19,11,2016,23,7,97,9,,4,0,,1,1,4,30,4,2,5,5,0,0,0,0,true,,false,false,false,false,false,,,,,,false,false,false,,,false,false,false,false,false,-83.04877,42.33407,"{
  ""coordinates"": [
    -8.304877022900000e+01,
    4.233407173500010e+01
  ],
  ""type"": ""Point""
}","{
  ""coordinates"": [
    -83.048770229,
    42.334071735
  ],
  ""type"": ""Point""
}",-83.048770229,42.3340717350001
2782,9863610,VAN DYKE,MILBANK,2016-11-19,19,11,2016,19,7,2,3,,1,2,,2,8,4,30,7,2,2,5,0,0,0,0,true,,false,false,true,false,false,,,,,,false,false,false,,,false,false,false,false,false,-83.02459,42.44383,"{
  ""coordinates"": [
    -8.302459127500001e+01,
    4.244382813600000e+01
  ],
  ""type"": ""Point""
}","{
  ""coordinates"": [
    -83.024591275,
    42.443828136
  ],
  ""type"": ""Point""
}",-83.024591275,42.443828136
2783,9867429,M-39,7 MILE,2016-11-19,19,11,2016,13,7,5,3,,1,0,,1,2,1,55,3,2,2,5,0,0,0,0,true,,false,false,false,false,false,,,,,,false,false,false,,,false,false,false,false,false,-83.21915,42.42857,"{
  ""coordinates"": [
    -8.321915781199991e+01,
    4.242857519200000e+01
  ],
  ""type"": ""Point""
}","{
  ""coordinates"": [
    -83.219157812,
    42.428575192
  ],
  ""type"": ""Point""
}",-83.2191578119999,42.428575192
2784,9863472,I-96 SERVICE,GRAND,2016-11-19,19,11,2016,8,7,8,9,,4,0,,1,1,1,35,2,2,2,5,0,0,0,0,true,,false,false,false,false,false,,,,,,false,false,false,,,false,false,false,false,false,-83.11085,42.35533,"{
  ""coordinates"": [
    -8.311084526099999e+01,
    4.235532667000010e+01
  ],
  ""type"": ""Point""
}","{
  ""coordinates"": [
    -83.110845261,
    42.35532667
  ],
  ""type"": ""Point""
}",-83.110845261,42.3553266700001
2785,9863478,RAMP 137A,E I 96 SERVICE DRIVE,2016-11-19,19,11,2016,16,7,8,1,,1,0,,1,2,4,30,3,2,2,5,0,0,0,0,true,,false,false,false,false,false,,,,,,false,false,false,,,false,false,false,false,false,-83.17871,42.3826,"{
  ""coordinates"": [
    -8.317871173000000e+01,
    4.238259520100010e+01
  ],
  ""type"": ""Point""
}","{
  ""coordinates"": [
    -83.17871173,
    42.382595201
  ],
  ""type"": ""Point""
}",-83.17871173,42.3825952010001
2786,9865383,HENDRIE,BRUSH,2016-11-19,19,11,2016,7,7,9,9,,,0,,1,1,2,25,2,2,1,5,0,0,0,0,true,,false,false,true,false,false,,,,,,false,false,false,,,false,false,false,false,false,-83.06281,42.36544,"{
  ""coordinates"": [
    -8.306281110499999e+01,
    4.236544349300000e+01
  ],
  ""type"": ""Point""
}","{
  ""coordinates"": [
    -83.062811105,
    42.365443493
  ],
  ""type"": ""Point""
}",-83.062811105,42.365443493
2787,9863491,GRAND RIVER,AVERY,2016-11-19,19,11,2016,15,7,10,3,,1,0,,1,2,1,30,4,2,3,5,0,0,0,0,true,,false,false,true,false,false,,,,,,false,false,false,,,false,false,false,false,false,-83.07756,42.34396,"{
  ""coordinates"": [
    -8.307756355399989e+01,
    4.234396187200010e+01
  ],
  ""type"": ""Point""
}","{
  ""coordinates"": [
    -83.077563554,
    42.343961872
  ],
  ""type"": ""Point""
}",-83.0775635539999,42.3439618720001
2788,9863477,GRAND RIVER,CHEYENNE,2016-11-19,19,11,2016,13,7,5,3,,1,0,,1,2,1,35,7,2,4,5,0,0,0,0,true,,false,false,false,false,false,,,,,,false,false,true,,,false,false,false,false,false,-83.17377,42.38276,"{
  ""coordinates"": [
    -8.317376950100000e+01,
    4.238275591400000e+01
  ],
  ""type"": ""Point""
}","{
  ""coordinates"": [
    -83.173769501,
    42.382755914
  ],
  ""type"": ""Point""
}",-83.173769501,42.382755914
2789,9863560,TURNER,CHICAGO,2016-11-19,19,11,2016,9,7,5,9,,4,0,,1,1,1,25,1,2,1,4,0,0,0,1,false,,false,false,true,false,false,,,,,,false,false,true,,,false,false,false,false,false,-83.14004,42.36731,"{
  ""coordinates"": [
    -8.314003752600000e+01,
    4.236730515900010e+01
  ],
  ""type"": ""Point""
}","{
  ""coordinates"": [
    -83.140037526,
    42.367305159
  ],
  ""type"": ""Point""
}",-83.140037526,42.3673051590001
2790,9863619,WOODWARD,STATE FAIR,2016-11-19,19,11,2016,6,7,8,3,,1,0,,1,1,4,40,5,2,1,4,0,0,0,1,false,,false,false,true,false,false,,,,,,false,false,false,,,false,false,false,false,false,-83.12029,42.43933,"{
  ""coordinates"": [
    -8.312029566000000e+01,
    4.243932763400010e+01
  ],
  ""type"": ""Point""
}","{
  ""coordinates"": [
    -83.12029566,
    42.439327634
  ],
  ""type"": ""Point""
}",-83.12029566,42.4393276340001
2791,9863584,MCNICHOLS,FERGUSON,2016-11-19,19,11,2016,14,7,5,9,,2,0,,1,1,1,35,5,2,1,5,0,0,0,0,true,,false,false,true,false,false,,,,,,false,false,false,,,false,false,false,false,false,-83.20965,42.41575,"{
  ""coordinates"": [
    -8.320964973900000e+01,
    4.241574907700000e+01
  ],
  ""type"": ""Point""
}","{
  ""coordinates"": [
    -83.209649739,
    42.415749077
  ],
  ""type"": ""Point""
}",-83.209649739,42.415749077
2792,9865090,CLINTON,BEAUBIEN,2016-11-19,19,11,2016,20,7,4,9,,4,0,,1,2,4,25,3,2,2,5,0,0,0,0,true,,false,false,true,false,false,,,,,,false,false,false,,,false,false,false,false,false,-83.04349,42.33627,"{
  ""coordinates"": [
    -8.304348405300000e+01,
    4.233626672800010e+01
  ],
  ""type"": ""Point""
}","{
  ""coordinates"": [
    -83.043484053,
    42.336266728
  ],
  ""type"": ""Point""
}",-83.043484053,42.3362667280001
2793,9875398,M-39,WARREN,2016-11-19,19,11,2016,18,7,1,3,,1,1,,2,5,4,55,3,1,1,5,0,0,0,0,true,,false,false,false,false,false,,,,,,false,false,true,,,false,false,false,false,false,-83.21621,42.34309,"{
  ""coordinates"": [
    -8.321621136000000e+01,
    4.234309061000000e+01
  ],
  ""type"": ""Point""
}","{
  ""coordinates"": [
    -83.21621136,
    42.34309061
  ],
  ""type"": ""Point""
}",-83.21621136,42.34309061