ObjectId,Crash ID,Primary Road,Intersecting Road,Crash Date,Day,Month,Year,Hour,Weekday,Crash Type Code,Highway Classification Code,Community Code,Jurisdiction Code,Lane Departure Type Code,Surface Type,Road Condition,Weather Condition,Lighting Condition,Speed Limit,Lanes,Units,Occupants,Most Severe Injury,Fatal Injuries,Suspected Serious Injuries,Suspected Minor Injuries,Possible Injuries,Property Damage Only,Secondary Crash,Traffic Control,Red Light Run,Hit and Run,Alcohol,Drugs,Unbelted Person,Work Zone,Speeding Driver,Distracted Driver,Driveway,Pedestrian,Elderly Driver,Young Driver,Commercial Vehicle,Emergency Vehicles,Train,School Bus,Motorcycle,Bicycle,Deer,Longitude,Latitude,geom,geog,x,y
3078,9856930,MINDEN,CONNER,2016-11-15,15,11,2016,7,3,4,9,,,0,,1,1,1,0,4,2,2,5,0,0,0,0,true,,false,false,false,false,false,,,,,,false,false,false,,,false,false,false,false,false,-83.00737,42.41272,"{
  ""coordinates"": [
    -8.300737083800000e+01,
    4.241272352500000e+01
  ],
  ""type"": ""Point""
}","{
  ""coordinates"": [
    -83.007370838,
    42.412723525
  ],
  ""type"": ""Point""
}",-83.007370838,42.412723525
3079,9858415,I-94,BEAUBIEN,2016-11-15,15,11,2016,10,3,8,1,,1,0,,1,1,1,55,3,2,3,4,0,0,0,3,false,,false,false,true,false,false,,,,,,false,false,true,,,false,false,false,false,false,-83.063,42.36635,"{
  ""coordinates"": [
    -8.306299895799999e+01,
    4.236634976100000e+01
  ],
  ""type"": ""Point""
}","{
  ""coordinates"": [
    -83.062998958,
    42.366349761
  ],
  ""type"": ""Point""
}",-83.062998958,42.366349761
3080,9877050,STECKER,MICHIGAN,2016-11-15,15,11,2016,15,3,10,2,,,0,,1,1,1,25,2,2,2,5,0,0,0,0,true,,false,false,false,false,false,,,,,,false,false,false,,,false,false,false,false,false,-83.15527,42.32803,"{
  ""coordinates"": [
    -8.315527212599990e+01,
    4.232803408500010e+01
  ],
  ""type"": ""Point""
}","{
  ""coordinates"": [
    -83.155272126,
    42.328034085
  ],
  ""type"": ""Point""
}",-83.1552721259999,42.3280340850001
3081,9861766,TRUMBULL,MARQUETTE,2016-11-15,15,11,2016,8,3,4,9,,,0,,1,1,1,0,4,2,2,5,0,0,0,0,true,,false,false,false,false,false,,,,,,false,false,false,,,false,false,false,false,false,-83.08453,42.3622,"{
  ""coordinates"": [
    -8.308452990500000e+01,
    4.236219991900000e+01
  ],
  ""type"": ""Point""
}","{
  ""coordinates"": [
    -83.084529905,
    42.362199919
  ],
  ""type"": ""Point""
}",-83.084529905,42.362199919
3082,9863434,M-39,GRAND RIVER,2016-11-15,15,11,2016,11,3,5,3,,1,0,,1,1,1,55,3,2,2,5,0,0,0,0,true,,false,false,true,false,false,,,,,,false,false,false,,,false,false,false,false,false,-83.21835,42.40219,"{
  ""coordinates"": [
    -8.321835507599999e+01,
    4.240218585100010e+01
  ],
  ""type"": ""Point""
}","{
  ""coordinates"": [
    -83.218355076,
    42.402185851
  ],
  ""type"": ""Point""
}",-83.218355076,42.4021858510001
3083,9863525,ROWAN,BEARD,2016-11-15,15,11,2016,15,3,5,9,,,0,,1,1,1,25,1,2,3,5,0,0,0,0,true,,false,false,true,false,false,,,,,,false,false,false,,,false,false,false,false,false,-83.11438,42.30856,"{
  ""coordinates"": [
    -8.311438289700000e+01,
    4.230855921000010e+01
  ],
  ""type"": ""Point""
}","{
  ""coordinates"": [
    -83.114382897,
    42.30855921
  ],
  ""type"": ""Point""
}",-83.114382897,42.3085592100001
3084,9858441,I-75,MCNICHOLS,2016-11-15,15,11,2016,10,3,5,1,,1,0,,1,1,1,70,4,2,2,5,0,0,0,0,true,,false,false,false,false,false,,,,,,false,false,false,,,false,false,false,false,false,-83.09013,42.42067,"{
  ""coordinates"": [
    -8.309013492299989e+01,
    4.242067345000000e+01
  ],
  ""type"": ""Point""
}","{
  ""coordinates"": [
    -83.090134923,
    42.42067345
  ],
  ""type"": ""Point""
}",-83.0901349229999,42.42067345
3085,9871688,N M 39,JOY,2016-11-15,15,11,2016,2,3,5,3,,1,0,,1,1,4,55,3,2,3,3,0,0,2,0,false,,false,false,false,false,false,,,,,,false,false,true,,,false,false,false,false,false,-83.21632,42.3564,"{
  ""coordinates"": [
    -8.321632235899990e+01,
    4.235639819500010e+01
  ],
  ""type"": ""Point""
}","{
  ""coordinates"": [
    -83.216322359,
    42.356398195
  ],
  ""type"": ""Point""
}",-83.2163223589999,42.3563981950001
3086,9858006,WARREN,23RD,2016-11-15,15,11,2016,13,3,9,9,,4,0,,1,2,1,30,5,2,3,5,0,0,0,0,true,,false,false,true,false,false,,,,,,false,false,false,,,false,false,false,false,false,-83.0996,42.34547,"{
  ""coordinates"": [
    -8.309960230099990e+01,
    4.234547257200010e+01
  ],
  ""type"": ""Point""
}","{
  ""coordinates"": [
    -83.099602301,
    42.345472572
  ],
  ""type"": ""Point""
}",-83.0996023009999,42.3454725720001
3087,9863492,THIRD,LAFAYETTE,2016-11-15,15,11,2016,18,3,8,9,,4,0,,1,1,3,25,2,2,1,5,0,0,0,0,true,,false,false,false,false,false,,,,,,false,false,false,,,false,false,false,false,false,-83.05488,42.32842,"{
  ""coordinates"": [
    -8.305488017700000e+01,
    4.232842368000010e+01
  ],
  ""type"": ""Point""
}","{
  ""coordinates"": [
    -83.054880177,
    42.32842368
  ],
  ""type"": ""Point""
}",-83.054880177,42.3284236800001
3088,9863546,OUTER,PREST,2016-11-15,15,11,2016,7,3,4,9,,2,0,,1,1,1,25,3,2,3,5,0,0,0,0,true,,false,false,true,false,false,,,,,,false,false,false,,,false,false,false,false,false,-83.1983,42.41971,"{
  ""coordinates"": [
    -8.319829971500000e+01,
    4.241971310800010e+01
  ],
  ""type"": ""Point""
}","{
  ""coordinates"": [
    -83.198299715,
    42.419713108
  ],
  ""type"": ""Point""
}",-83.198299715,42.4197131080001
3089,9863576,7 MILE,EDINBOROUGH,2016-11-15,15,11,2016,9,3,5,9,,2,0,,1,1,1,35,4,2,2,5,0,0,0,0,true,,false,false,false,false,false,,,,,,false,false,false,,,false,false,false,false,false,-83.23453,42.42969,"{
  ""coordinates"": [
    -8.323453033999991e+01,
    4.242968923800000e+01
  ],
  ""type"": ""Point""
}","{
  ""coordinates"": [
    -83.23453034,
    42.429689238
  ],
  ""type"": ""Point""
}",-83.2345303399999,42.429689238
3090,9861797,GRANDVIEW,8 MILE,2016-11-15,15,11,2016,2,3,10,3,,,3,,1,1,4,0,1,2,2,5,0,0,0,0,true,,false,false,false,false,false,,,,,,false,false,false,,,false,false,false,false,false,-83.28517,42.44258,"{
  ""coordinates"": [
    -8.328516930700000e+01,
    4.244257635200010e+01
  ],
  ""type"": ""Point""
}","{
  ""coordinates"": [
    -83.285169307,
    42.442576352
  ],
  ""type"": ""Point""
}",-83.285169307,42.4425763520001
3091,9859687,N M 10,N JOHN C LODGE/S JOHN C LODGE,2016-11-15,15,11,2016,17,3,98,3,,1,0,,1,1,4,55,3,2,2,5,0,0,0,0,true,,false,false,false,false,false,,,,,,false,false,false,,,false,false,false,false,false,-83.07202,42.35152,"{
  ""coordinates"": [
    -8.307202226899990e+01,
    4.235152622400010e+01
  ],
  ""type"": ""Point""
}","{
  ""coordinates"": [
    -83.072022269,
    42.351526224
  ],
  ""type"": ""Point""
}",-83.0720222689999,42.3515262240001
3092,9868532,SOUTHFIELD,WARREN,2016-11-15,15,11,2016,18,3,5,3,,1,0,,1,1,1,55,3,2,2,5,0,0,0,0,true,,false,false,false,false,false,,,,,,false,false,true,,,false,false,false,false,false,-83.21603,42.34309,"{
  ""coordinates"": [
    -8.321602735099999e+01,
    4.234309229100010e+01
  ],
  ""type"": ""Point""
}","{
  ""coordinates"": [
    -83.216027351,
    42.343092291
  ],
  ""type"": ""Point""
}",-83.216027351,42.3430922910001
3093,9858029,OUTER,GRAND RIVER,2016-11-15,15,11,2016,14,3,3,3,,2,0,,1,1,1,35,4,3,8,3,0,0,1,2,false,,false,false,false,false,false,,,,,,false,false,true,,,false,false,false,false,false,-83.23248,42.40635,"{
  ""coordinates"": [
    -8.323247308899990e+01,
    4.240635440400010e+01
  ],
  ""type"": ""Point""
}","{
  ""coordinates"": [
    -83.232473089,
    42.406354404
  ],
  ""type"": ""Point""
}",-83.2324730889999,42.4063544040001
3094,9863538,BASSETT,GLEASON,2016-11-15,15,11,2016,20,3,1,9,,,0,,1,1,4,25,2,1,0,5,0,0,0,0,true,,false,false,true,false,false,,,,,,false,false,false,,,false,false,false,false,false,-83.15647,42.26113,"{
  ""coordinates"": [
    -8.315647347800000e+01,
    4.226112673500010e+01
  ],
  ""type"": ""Point""
}","{
  ""coordinates"": [
    -83.156473478,
    42.261126735
  ],
  ""type"": ""Point""
}",-83.156473478,42.2611267350001
3095,9863432,I-75,MCNICHOLS,2016-11-15,15,11,2016,8,3,5,1,,1,0,,1,1,1,70,4,3,2,4,0,0,0,1,false,,false,false,true,false,false,,,,,,false,false,false,,,false,false,false,false,false,-83.08692,42.41685,"{
  ""coordinates"": [
    -8.308692337100000e+01,
    4.241684968700010e+01
  ],
  ""type"": ""Point""
}","{
  ""coordinates"": [
    -83.086923371,
    42.416849687
  ],
  ""type"": ""Point""
}",-83.086923371,42.4168496870001
3096,9858042,8 MILE,DEQUINDRE,2016-11-15,15,11,2016,13,3,4,3,,1,0,,1,1,1,35,8,2,2,5,0,0,0,0,true,,true,true,true,false,false,,,,,,false,false,false,,,false,false,false,false,false,-83.08366,42.44702,"{
  ""coordinates"": [
    -8.308365356000000e+01,
    4.244701588500000e+01
  ],
  ""type"": ""Point""
}","{
  ""coordinates"": [
    -83.08365356,
    42.447015885
  ],
  ""type"": ""Point""
}",-83.08365356,42.447015885
3097,9873164,N I 75,WARREN,2016-11-15,15,11,2016,18,3,5,1,,1,0,,1,1,4,70,4,3,3,5,0,0,0,0,true,,false,false,false,false,false,,,,,,false,false,false,,,false,false,false,false,false,-83.05414,42.36069,"{
  ""coordinates"": [
    -8.305413662500000e+01,
    4.236069004900000e+01
  ],
  ""type"": ""Point""
}","{
  ""coordinates"": [
    -83.054136625,
    42.360690049
  ],
  ""type"": ""Point""
}",-83.054136625,42.360690049
3098,9863455,I-94,14TH,2016-11-15,15,11,2016,17,3,5,1,,1,0,,1,1,3,55,3,2,3,4,0,0,0,1,false,,false,false,false,false,false,,,,,,false,false,false,,,false,false,false,false,false,-83.08634,42.35426,"{
  ""coordinates"": [
    -8.308634273099990e+01,
    4.235425881600000e+01
  ],
  ""type"": ""Point""
}","{
  ""coordinates"": [
    -83.086342731,
    42.354258816
  ],
  ""type"": ""Point""
}",-83.0863427309999,42.354258816
3099,9858046,OUTER,CONANT,2016-11-15,15,11,2016,8,3,4,9,,2,0,,1,1,1,30,2,2,2,5,0,0,0,0,true,,false,false,false,false,false,,,,,,false,false,false,,,false,false,false,false,false,-83.07908,42.44006,"{
  ""coordinates"": [
    -8.307908211700000e+01,
    4.244006148500010e+01
  ],
  ""type"": ""Point""
}","{
  ""coordinates"": [
    -83.079082117,
    42.440061485
  ],
  ""type"": ""Point""
}",-83.079082117,42.4400614850001
3100,9861816,CHESTER,RADNOR,2016-11-15,15,11,2016,16,3,10,9,,4,0,,1,1,1,35,1,2,2,5,0,0,0,0,true,,false,false,false,false,false,,,,,,false,false,false,,,false,false,false,false,false,-82.92561,42.42146,"{
  ""coordinates"": [
    -8.292560649599990e+01,
    4.242145713300000e+01
  ],
  ""type"": ""Point""
}","{
  ""coordinates"": [
    -82.925606496,
    42.421457133
  ],
  ""type"": ""Point""
}",-82.9256064959999,42.421457133
3101,9867446,GRAND RIVER,STANSBURY,2016-11-15,15,11,2016,11,3,10,3,,1,0,,1,1,1,35,5,2,1,4,0,0,0,1,false,,false,false,false,false,false,,,,,,false,true,false,,,false,false,false,false,false,-83.18169,42.38594,"{
  ""coordinates"": [
    -8.318168432399990e+01,
    4.238594246500000e+01
  ],
  ""type"": ""Point""
}","{
  ""coordinates"": [
    -83.181684324,
    42.385942465
  ],
  ""type"": ""Point""
}",-83.1816843239999,42.385942465
3102,9865083,JOHN C LODGE SERVICE,FOREST,2016-11-15,15,11,2016,15,3,8,3,,1,0,,1,1,1,25,3,2,3,5,0,0,0,0,true,,false,false,false,false,false,,,,,,false,false,true,,,false,false,false,false,false,-83.07197,42.35143,"{
  ""coordinates"": [
    -8.307196694299989e+01,
    4.235142858600010e+01
  ],
  ""type"": ""Point""
}","{
  ""coordinates"": [
    -83.071966943,
    42.351428586
  ],
  ""type"": ""Point""
}",-83.0719669429999,42.3514285860001
3103,9858009,MOROSS,CHANDLER PARK,2016-11-15,15,11,2016,9,3,4,9,,2,0,,1,2,1,35,3,2,3,4,0,0,0,2,false,,false,false,false,false,false,,,,,,false,false,true,,,false,false,false,false,false,-82.91521,42.4187,"{
  ""coordinates"": [
    -8.291520436199990e+01,
    4.241870155700010e+01
  ],
  ""type"": ""Point""
}","{
  ""coordinates"": [
    -82.915204362,
    42.418701557
  ],
  ""type"": ""Point""
}",-82.9152043619999,42.4187015570001
3104,9859695,MORANG,7 MILE,2016-11-15,15,11,2016,18,3,5,9,,,0,,1,1,4,35,2,2,2,5,0,0,0,0,true,,false,false,false,false,false,,,,,,false,false,false,,,false,false,false,false,false,-82.96202,42.43552,"{
  ""coordinates"": [
    -8.296202203900000e+01,
    4.243551941000000e+01
  ],
  ""type"": ""Point""
}","{
  ""coordinates"": [
    -82.962022039,
    42.43551941
  ],
  ""type"": ""Point""
}",-82.962022039,42.43551941
3105,9861462,I-75,DAVISON,2016-11-15,15,11,2016,15,3,5,1,,1,0,,98,98,98,70,4,2,2,5,0,0,0,0,true,,false,false,true,false,false,,,,,,false,false,false,,,false,false,false,false,false,-83.08058,42.40988,"{
  ""coordinates"": [
    -8.308058225300000e+01,
    4.240988069200010e+01
  ],
  ""type"": ""Point""
}","{
  ""coordinates"": [
    -83.080582253,
    42.409880692
  ],
  ""type"": ""Point""
}",-83.080582253,42.4098806920001
3106,9861775,BRUSH,MARSTON,2016-11-15,15,11,2016,20,3,97,9,,4,0,,1,1,98,25,4,2,1,4,0,0,0,1,false,,false,false,false,false,false,,,,,,true,false,true,,,false,false,false,false,false,-83.07178,42.37661,"{
  ""coordinates"": [
    -8.307177679199999e+01,
    4.237661152000000e+01
  ],
  ""type"": ""Point""
}","{
  ""coordinates"": [
    -83.071776792,
    42.37661152
  ],
  ""type"": ""Point""
}",-83.071776792,42.37661152
3107,9858007,EDSEL FORD SERVICE,JOHN R,2016-11-15,15,11,2016,14,3,4,1,,1,0,,1,1,1,25,2,2,2,5,0,0,0,0,true,,true,true,false,false,false,,,,,,false,false,false,,,false,false,false,false,false,-83.06687,42.36473,"{
  ""coordinates"": [
    -8.306687543399990e+01,
    4.236473653400000e+01
  ],
  ""type"": ""Point""
}","{
  ""coordinates"": [
    -83.066875434,
    42.364736534
  ],
  ""type"": ""Point""
}",-83.0668754339999,42.364736534
3108,9859690,JOHN R,WARREN,2016-11-15,15,11,2016,18,3,8,9,,4,0,,1,1,1,30,2,2,2,5,0,0,0,0,true,,false,false,false,false,false,,,,,,false,false,false,,,false,false,false,false,false,-83.06219,42.35775,"{
  ""coordinates"": [
    -8.306219575999999e+01,
    4.235774427200000e+01
  ],
  ""type"": ""Point""
}","{
  ""coordinates"": [
    -83.06219576,
    42.357744272
  ],
  ""type"": ""Point""
}",-83.06219576,42.357744272
3109,9863540,DRAGOON,REGULAR,2016-11-15,15,11,2016,20,3,4,9,,4,0,,1,1,4,25,3,2,5,3,0,0,2,2,false,,false,false,false,false,false,,,,,,false,false,true,,,false,false,false,false,false,-83.10619,42.31261,"{
  ""coordinates"": [
    -8.310619272700001e+01,
    4.231260626100000e+01
  ],
  ""type"": ""Point""
}","{
  ""coordinates"": [
    -83.106192727,
    42.312606261
  ],
  ""type"": ""Point""
}",-83.106192727,42.312606261
3110,9875388,E I 96,TIREMAN,2016-11-15,15,11,2016,9,3,5,1,,1,0,,1,1,1,55,4,2,2,5,0,0,0,0,true,,false,false,false,false,false,,,,,,false,false,true,,,false,false,false,false,false,-83.11115,42.35603,"{
  ""coordinates"": [
    -8.311114973799990e+01,
    4.235602400700000e+01
  ],
  ""type"": ""Point""
}","{
  ""coordinates"": [
    -83.111149738,
    42.356024007
  ],
  ""type"": ""Point""
}",-83.1111497379999,42.356024007
3111,9861793,JEFFERSON,SAINT CLAIR,2016-11-15,15,11,2016,12,3,4,9,,4,0,,1,1,1,35,7,2,3,5,0,0,0,0,true,,false,false,false,false,false,,,,,,false,true,false,,,false,false,false,false,false,-82.97792,42.36351,"{
  ""coordinates"": [
    -8.297792052100000e+01,
    4.236351116900000e+01
  ],
  ""type"": ""Point""
}","{
  ""coordinates"": [
    -82.977920521,
    42.363511169
  ],
  ""type"": ""Point""
}",-82.977920521,42.363511169
3112,9858019,SOUTHFIELD SERVICE,WARREN,2016-11-15,15,11,2016,8,3,4,3,,1,0,,1,1,1,30,3,2,2,4,0,0,0,1,false,,false,false,false,false,false,,,,,,false,false,true,,,false,false,false,false,false,-83.21622,42.34344,"{
  ""coordinates"": [
    -8.321622539299990e+01,
    4.234343696300000e+01
  ],
  ""type"": ""Point""
}","{
  ""coordinates"": [
    -83.216225393,
    42.343436963
  ],
  ""type"": ""Point""
}",-83.2162253929999,42.343436963
3113,9863537,OAKWOOD,POWELL,2016-11-15,15,11,2016,18,3,5,9,,4,3,,1,1,4,30,4,4,1,5,0,0,0,0,true,,false,false,false,false,false,,,,,,false,false,true,,,false,false,false,false,false,-83.14606,42.28999,"{
  ""coordinates"": [
    -8.314606641099989e+01,
    4.228998920600000e+01
  ],
  ""type"": ""Point""
}","{
  ""coordinates"": [
    -83.146066411,
    42.289989206
  ],
  ""type"": ""Point""
}",-83.1460664109999,42.289989206
3114,9858396,I-94,GRATIOT,2016-11-14,14,11,2016,12,2,8,1,,1,0,,1,1,1,55,3,2,2,5,0,0,0,0,true,,false,false,false,false,false,,,,,,false,false,false,,,false,false,false,false,false,-83.00903,42.39051,"{
  ""coordinates"": [
    -8.300902828999990e+01,
    4.239051445100010e+01
  ],
  ""type"": ""Point""
}","{
  ""coordinates"": [
    -83.00902829,
    42.390514451
  ],
  ""type"": ""Point""
}",-83.0090282899999,42.3905144510001
3115,9858363,I-75,HOLBROOK,2016-11-14,14,11,2016,17,2,5,1,,1,0,,1,1,4,70,4,3,4,5,0,0,0,0,true,,false,false,false,false,false,,,,,,false,true,true,,,false,false,false,false,false,-83.06593,42.38332,"{
  ""coordinates"": [
    -8.306592736999990e+01,
    4.238331956500010e+01
  ],
  ""type"": ""Point""
}","{
  ""coordinates"": [
    -83.06592737,
    42.383319565
  ],
  ""type"": ""Point""
}",-83.0659273699999,42.3833195650001
3116,9856948,VAN DYKE,KERCHEVAL,2016-11-14,14,11,2016,15,2,8,9,,4,0,,1,1,1,30,2,2,2,5,0,0,0,0,true,,false,false,false,false,false,,,,,,false,false,false,,,false,false,false,false,false,-82.99978,42.35821,"{
  ""coordinates"": [
    -8.299978079000000e+01,
    4.235820821900010e+01
  ],
  ""type"": ""Point""
}","{
  ""coordinates"": [
    -82.99978079,
    42.358208219
  ],
  ""type"": ""Point""
}",-82.99978079,42.3582082190001
3117,9856947,VAN DYKE,GEORGIA,2016-11-14,14,11,2016,16,2,5,3,,1,0,,1,1,1,35,5,3,1,5,0,0,0,0,true,,false,false,true,false,false,,,,,,false,false,false,,,false,false,false,false,false,-83.02265,42.39268,"{
  ""coordinates"": [
    -8.302264901699991e+01,
    4.239268023800000e+01
  ],
  ""type"": ""Point""
}","{
  ""coordinates"": [
    -83.022649017,
    42.392680238
  ],
  ""type"": ""Point""
}",-83.0226490169999,42.392680238
3118,9858048,I 75,7 MILE,2016-11-14,14,11,2016,17,2,5,1,,1,0,,1,1,3,55,4,2,2,5,0,0,0,0,true,,false,false,false,false,false,,,,,,false,false,true,,,false,false,false,false,false,-83.09481,42.4366,"{
  ""coordinates"": [
    -8.309480958200000e+01,
    4.243660194800000e+01
  ],
  ""type"": ""Point""
}","{
  ""coordinates"": [
    -83.094809582,
    42.436601948
  ],
  ""type"": ""Point""
}",-83.094809582,42.436601948
3119,9880471,N I 75,RAMP 216B,2016-11-14,14,11,2016,19,2,5,1,,1,0,,1,1,4,55,4,2,2,5,0,0,0,0,true,,false,false,false,false,false,,,,,,false,false,true,,,false,false,false,false,false,-83.05726,42.36712,"{
  ""coordinates"": [
    -8.305725928000000e+01,
    4.236712036000010e+01
  ],
  ""type"": ""Point""
}","{
  ""coordinates"": [
    -83.05725928,
    42.36712036
  ],
  ""type"": ""Point""
}",-83.05725928,42.3671203600001
3120,9858057,DAVISON,ROSA PARKS,2016-11-14,14,11,2016,19,2,1,3,,1,1,,1,1,5,0,1,1,1,5,0,0,0,0,true,,false,false,false,false,false,,,,,,false,false,false,,,false,false,false,false,false,-83.11357,42.39616,"{
  ""coordinates"": [
    -8.311357001600000e+01,
    4.239615474600000e+01
  ],
  ""type"": ""Point""
}","{
  ""coordinates"": [
    -83.113570016,
    42.396154746
  ],
  ""type"": ""Point""
}",-83.113570016,42.396154746
3121,9856951,STUTEVANT,14TH,2016-11-14,14,11,2016,7,2,5,9,,,0,,1,1,1,25,2,3,3,5,0,0,0,0,true,,false,false,false,false,false,,,,,,false,false,false,,,false,false,false,false,false,-83.11201,42.39036,"{
  ""coordinates"": [
    -8.311201195699989e+01,
    4.239035803700010e+01
  ],
  ""type"": ""Point""
}","{
  ""coordinates"": [
    -83.112011957,
    42.390358037
  ],
  ""type"": ""Point""
}",-83.1120119569999,42.3903580370001
3122,9863579,SOUTHFIELD SERVICE DRIVE,FENKELL,2016-11-14,14,11,2016,18,2,8,3,,4,0,,1,1,4,0,2,2,2,5,0,0,0,0,true,,false,false,false,false,false,,,,,,false,false,false,,,false,false,false,false,false,-83.21858,42.40117,"{
  ""coordinates"": [
    -8.321858516899989e+01,
    4.240116972100000e+01
  ],
  ""type"": ""Point""
}","{
  ""coordinates"": [
    -83.218585169,
    42.401169721
  ],
  ""type"": ""Point""
}",-83.2185851689999,42.401169721
3123,9856942,FORD,STAHELIN,2016-11-14,14,11,2016,18,2,5,3,,1,0,,1,1,4,45,4,3,2,5,0,0,0,0,true,,false,false,true,false,false,,,,,,false,false,false,,,false,false,false,false,false,-83.22274,42.32898,"{
  ""coordinates"": [
    -8.322274347500000e+01,
    4.232898127700000e+01
  ],
  ""type"": ""Point""
}","{
  ""coordinates"": [
    -83.222743475,
    42.328981277
  ],
  ""type"": ""Point""
}",-83.222743475,42.328981277
3124,9861786,LIVERNOIS,LAFAYETTE,2016-11-14,14,11,2016,0,2,10,9,,4,0,,1,1,4,25,4,2,1,5,0,0,0,0,true,,false,false,true,false,false,,,,,,false,false,false,,,false,false,false,false,false,-83.10494,42.30866,"{
  ""coordinates"": [
    -8.310494040899989e+01,
    4.230866238300010e+01
  ],
  ""type"": ""Point""
}","{
  ""coordinates"": [
    -83.104940409,
    42.308662383
  ],
  ""type"": ""Point""
}",-83.1049404089999,42.3086623830001
3125,9858395,I-75,MCNICHOLS,2016-11-14,14,11,2016,8,2,5,1,,1,0,,1,1,2,70,4,2,2,5,0,0,0,0,true,,false,false,false,false,false,,,,,,false,false,false,,,false,false,false,false,false,-83.08589,42.41562,"{
  ""coordinates"": [
    -8.308589059500000e+01,
    4.241562038700000e+01
  ],
  ""type"": ""Point""
}","{
  ""coordinates"": [
    -83.085890595,
    42.415620387
  ],
  ""type"": ""Point""
}",-83.085890595,42.415620387
3126,9856952,CHICAGO,HAMILTON,2016-11-14,14,11,2016,5,2,8,3,,4,3,,1,1,4,35,6,2,3,5,0,0,0,0,true,,false,false,false,false,false,,,,,,false,false,false,,,false,false,false,false,false,-83.09563,42.38208,"{
  ""coordinates"": [
    -8.309562545300000e+01,
    4.238207643600000e+01
  ],
  ""type"": ""Point""
}","{
  ""coordinates"": [
    -83.095625453,
    42.382076436
  ],
  ""type"": ""Point""
}",-83.095625453,42.382076436
3127,9856927,KEAL,DECATUR,2016-11-14,14,11,2016,10,2,9,9,,,0,,1,1,1,25,2,2,2,5,0,0,0,0,true,,false,false,false,false,false,,,,,,false,false,true,,,false,false,false,false,false,-83.18038,42.36994,"{
  ""coordinates"": [
    -8.318038311399989e+01,
    4.236994308200010e+01
  ],
  ""type"": ""Point""
}","{
  ""coordinates"": [
    -83.180383114,
    42.369943082
  ],
  ""type"": ""Point""
}",-83.1803831139999,42.3699430820001
3128,9863567,FORRER,ACACIA,2016-11-14,14,11,2016,4,2,97,9,,,0,,1,1,1,35,2,2,1,5,0,0,0,0,true,,false,false,false,false,false,,,,,,false,false,false,,,false,false,false,false,false,-83.20152,42.3919,"{
  ""coordinates"": [
    -8.320151319400000e+01,
    4.239190396100000e+01
  ],
  ""type"": ""Point""
}","{
  ""coordinates"": [
    -83.201513194,
    42.391903961
  ],
  ""type"": ""Point""
}",-83.201513194,42.391903961
3129,9859674,S M 10,RAMP 107B,2016-11-14,14,11,2016,4,2,1,3,,1,1,,1,1,4,25,1,1,1,5,0,0,0,0,true,,false,false,false,false,false,,,,,,false,false,true,,,false,false,false,false,false,-83.13728,42.40485,"{
  ""coordinates"": [
    -8.313727212299990e+01,
    4.240485490700010e+01
  ],
  ""type"": ""Point""
}","{
  ""coordinates"": [
    -83.137272123,
    42.404854907
  ],
  ""type"": ""Point""
}",-83.1372721229999,42.4048549070001
3130,9856937,WARREN,ALTER,2016-11-14,14,11,2016,11,2,4,9,,4,0,,1,1,1,30,8,2,2,4,0,0,0,1,false,,true,true,true,false,false,,,,,,false,false,false,,,false,false,false,false,false,-82.95448,42.39702,"{
  ""coordinates"": [
    -8.295448260800001e+01,
    4.239701921800000e+01
  ],
  ""type"": ""Point""
}","{
  ""coordinates"": [
    -82.954482608,
    42.397019218
  ],
  ""type"": ""Point""
}",-82.954482608,42.397019218
3131,9856954,LIVERNOIS,DAVISON,2016-11-14,14,11,2016,14,2,8,3,,4,0,,1,1,1,30,6,2,2,5,0,0,0,0,true,,false,false,false,false,false,,,,,,false,false,false,,,false,false,false,false,false,-83.13953,42.38696,"{
  ""coordinates"": [
    -8.313953634700000e+01,
    4.238696036600000e+01
  ],
  ""type"": ""Point""
}","{
  ""coordinates"": [
    -83.139536347,
    42.386960366
  ],
  ""type"": ""Point""
}",-83.139536347,42.386960366
3132,9858021,NORTHROP,CURTIS,2016-11-14,14,11,2016,8,2,8,9,,,0,,1,1,1,25,2,2,0,5,0,0,0,0,true,,false,false,true,false,false,,,,,,false,false,false,,,false,false,false,false,false,-83.26149,42.42189,"{
  ""coordinates"": [
    -8.326149143000001e+01,
    4.242188639200000e+01
  ],
  ""type"": ""Point""
}","{
  ""coordinates"": [
    -83.26149143,
    42.421886392
  ],
  ""type"": ""Point""
}",-83.26149143,42.421886392
3133,9858043,N I 75,RAMP 047A,2016-11-14,14,11,2016,17,2,5,1,,1,0,,1,1,3,70,4,3,2,5,0,0,0,0,true,,false,false,false,false,false,,,,,,false,false,false,,,false,false,false,false,false,-83.07491,42.40593,"{
  ""coordinates"": [
    -8.307490509400000e+01,
    4.240592922700010e+01
  ],
  ""type"": ""Point""
}","{
  ""coordinates"": [
    -83.074905094,
    42.405929227
  ],
  ""type"": ""Point""
}",-83.074905094,42.4059292270001
3134,9873190,E I 96,RAMP 008J,2016-11-14,14,11,2016,17,2,8,1,,1,0,,1,2,3,55,3,2,2,5,0,0,0,0,true,,false,false,false,false,false,,,,,,false,false,true,,,false,false,false,false,false,-83.22169,42.37831,"{
  ""coordinates"": [
    -8.322169417399989e+01,
    4.237830807300000e+01
  ],
  ""type"": ""Point""
}","{
  ""coordinates"": [
    -83.221694174,
    42.378308073
  ],
  ""type"": ""Point""
}",-83.2216941739999,42.378308073