ObjectId,Crash ID,Primary Road,Intersecting Road,Crash Date,Day,Month,Year,Hour,Weekday,Crash Type Code,Highway Classification Code,Community Code,Jurisdiction Code,Lane Departure Type Code,Surface Type,Road Condition,Weather Condition,Lighting Condition,Speed Limit,Lanes,Units,Occupants,Most Severe Injury,Fatal Injuries,Suspected Serious Injuries,Suspected Minor Injuries,Possible Injuries,Property Damage Only,Secondary Crash,Traffic Control,Red Light Run,Hit and Run,Alcohol,Drugs,Unbelted Person,Work Zone,Speeding Driver,Distracted Driver,Driveway,Pedestrian,Elderly Driver,Young Driver,Commercial Vehicle,Emergency Vehicles,Train,School Bus,Motorcycle,Bicycle,Deer,Longitude,Latitude,geom,geog,x,y
3192,9856955,MEYERS,8 MILE,2016-11-13,13,11,2016,11,1,5,3,,,0,,98,98,98,30,3,2,5,5,0,0,0,0,true,,false,false,false,false,false,,,,,,false,false,true,,,false,false,false,false,false,-83.16897,42.44545,"{
  ""coordinates"": [
    -8.316897190899989e+01,
    4.244544721700000e+01
  ],
  ""type"": ""Point""
}","{
  ""coordinates"": [
    -83.168971909,
    42.445447217
  ],
  ""type"": ""Point""
}",-83.1689719089999,42.445447217
3193,9855354,7 MILE,OUTER,2016-11-13,13,11,2016,17,1,97,9,,2,0,,1,1,1,30,6,3,3,4,0,0,0,2,false,,true,true,false,true,false,,,,,,false,false,false,,,false,false,false,false,false,-83.17547,42.43117,"{
  ""coordinates"": [
    -8.317547108199990e+01,
    4.243116892000010e+01
  ],
  ""type"": ""Point""
}","{
  ""coordinates"": [
    -83.175471082,
    42.43116892
  ],
  ""type"": ""Point""
}",-83.1754710819999,42.4311689200001
3194,9855313,DAVISON,OAKLAND,2016-11-13,13,11,2016,20,1,8,3,,1,0,,1,1,4,55,4,2,2,5,0,0,0,0,true,,false,false,false,false,false,,,,,,false,false,true,,,false,false,false,false,false,-83.08105,42.40848,"{
  ""coordinates"": [
    -8.308105798000000e+01,
    4.240847721500010e+01
  ],
  ""type"": ""Point""
}","{
  ""coordinates"": [
    -83.08105798,
    42.408477215
  ],
  ""type"": ""Point""
}",-83.08105798,42.4084772150001
3195,9855352,DEXTER,KEELER,2016-11-13,13,11,2016,14,1,1,9,,4,0,,1,1,1,0,2,1,1,4,0,0,0,1,false,,false,false,false,false,false,,,,,,false,false,false,,,false,false,false,false,false,-83.13564,42.40451,"{
  ""coordinates"": [
    -8.313563897599990e+01,
    4.240451392200000e+01
  ],
  ""type"": ""Point""
}","{
  ""coordinates"": [
    -83.135638976,
    42.404513922
  ],
  ""type"": ""Point""
}",-83.1356389759999,42.404513922
3196,9856959,LAHSER,7 MILE,2016-11-13,13,11,2016,18,1,8,9,,2,0,,1,1,4,0,3,2,2,5,0,0,0,0,true,,false,false,true,false,false,,,,,,false,false,false,,,false,false,false,false,false,-83.25829,42.42939,"{
  ""coordinates"": [
    -8.325829664400000e+01,
    4.242939374500000e+01
  ],
  ""type"": ""Point""
}","{
  ""coordinates"": [
    -83.258296644,
    42.429393745
  ],
  ""type"": ""Point""
}",-83.258296644,42.429393745
3197,9865095,HOLMUR,GLADSTONE,2016-11-13,13,11,2016,8,1,4,9,,,0,,1,1,1,25,2,2,5,4,0,0,0,2,false,,true,false,true,false,false,,,,,,false,false,true,,,false,false,false,false,false,-83.11811,42.36661,"{
  ""coordinates"": [
    -8.311811081499999e+01,
    4.236661305100010e+01
  ],
  ""type"": ""Point""
}","{
  ""coordinates"": [
    -83.118110815,
    42.366613051
  ],
  ""type"": ""Point""
}",-83.118110815,42.3666130510001
3198,9855315,I96,WYOMING,2016-11-13,13,11,2016,17,1,1,1,,1,1,,1,1,4,70,3,1,1,5,0,0,0,0,true,,false,false,false,false,false,,,,,,false,false,true,,,false,false,false,false,false,-83.15701,42.38541,"{
  ""coordinates"": [
    -8.315701504299990e+01,
    4.238540997900000e+01
  ],
  ""type"": ""Point""
}","{
  ""coordinates"": [
    -83.157015043,
    42.385409979
  ],
  ""type"": ""Point""
}",-83.1570150429999,42.385409979
3199,9896152,RAMP 047D,I-75,2016-11-13,13,11,2016,2,1,1,1,,1,1,,1,1,4,55,1,1,2,4,0,0,0,2,false,,false,false,false,false,false,,,,,,false,false,false,,,false,false,false,false,false,-83.08273,42.4122,"{
  ""coordinates"": [
    -8.308272480399999e+01,
    4.241220110900010e+01
  ],
  ""type"": ""Point""
}","{
  ""coordinates"": [
    -83.082724804,
    42.412201109
  ],
  ""type"": ""Point""
}",-83.082724804,42.4122011090001
3200,9855326,CHALMERS,I 94,2016-11-13,13,11,2016,14,1,4,1,,4,0,,1,1,1,35,4,2,2,5,0,0,0,0,true,,true,true,false,false,false,,,,,,false,false,false,,,false,false,false,false,false,-82.96421,42.4037,"{
  ""coordinates"": [
    -8.296420999100000e+01,
    4.240370273000010e+01
  ],
  ""type"": ""Point""
}","{
  ""coordinates"": [
    -82.964209991,
    42.40370273
  ],
  ""type"": ""Point""
}",-82.964209991,42.4037027300001
3201,9863436,E I 94,RAMP 212A,2016-11-13,13,11,2016,10,1,5,1,,1,0,,1,1,1,70,3,2,2,5,0,0,0,0,true,,false,false,false,false,false,,,,,,false,false,true,,,false,false,false,false,false,-83.12914,42.33562,"{
  ""coordinates"": [
    -8.312913871799999e+01,
    4.233562510900000e+01
  ],
  ""type"": ""Point""
}","{
  ""coordinates"": [
    -83.129138718,
    42.335625109
  ],
  ""type"": ""Point""
}",-83.129138718,42.335625109
3202,9859680,I-75,CLAY,2016-11-13,13,11,2016,20,1,97,1,,1,0,,1,1,4,70,3,1,1,5,0,0,0,0,true,,false,false,false,false,false,,,,,,false,false,false,,,false,false,false,false,false,-83.06236,42.37801,"{
  ""coordinates"": [
    -8.306235715900000e+01,
    4.237801269700000e+01
  ],
  ""type"": ""Point""
}","{
  ""coordinates"": [
    -83.062357159,
    42.378012697
  ],
  ""type"": ""Point""
}",-83.062357159,42.378012697
3203,9856945,GRINNELL,RAYMOND,2016-11-13,13,11,2016,3,1,1,9,,4,1,,1,1,5,35,2,1,0,5,0,0,0,0,true,,false,false,true,false,false,,,,,,false,false,false,,,false,false,false,false,false,-83.01044,42.40116,"{
  ""coordinates"": [
    -8.301044004900000e+01,
    4.240116247300010e+01
  ],
  ""type"": ""Point""
}","{
  ""coordinates"": [
    -83.010440049,
    42.401162473
  ],
  ""type"": ""Point""
}",-83.010440049,42.4011624730001
3204,9855351,PARK,WADE,2016-11-13,13,11,2016,12,1,4,9,,,0,,1,1,1,25,2,2,1,5,0,0,0,0,true,,false,false,true,false,false,,,,,,false,false,false,,,false,false,false,false,false,-82.97757,42.40413,"{
  ""coordinates"": [
    -8.297757166299991e+01,
    4.240412499300000e+01
  ],
  ""type"": ""Point""
}","{
  ""coordinates"": [
    -82.977571663,
    42.404124993
  ],
  ""type"": ""Point""
}",-82.9775716629999,42.404124993
3205,9858035,FULLERTON,GREENLAWN,2016-11-13,13,11,2016,1,1,8,9,,4,0,,1,1,4,0,2,2,2,5,0,0,0,0,true,,false,false,true,false,false,,,,,,false,false,false,,,false,false,false,false,false,-83.14953,42.38097,"{
  ""coordinates"": [
    -8.314952535000000e+01,
    4.238097152600010e+01
  ],
  ""type"": ""Point""
}","{
  ""coordinates"": [
    -83.14952535,
    42.380971526
  ],
  ""type"": ""Point""
}",-83.14952535,42.3809715260001
3206,9858044,DEQUINDRE,8 MILE,2016-11-13,13,11,2016,18,1,4,3,,,0,,1,1,4,35,4,2,3,4,0,0,0,2,false,,true,true,false,false,false,,,,,,false,false,false,,,false,false,false,false,false,-83.08103,42.44705,"{
  ""coordinates"": [
    -8.308102858200000e+01,
    4.244705376400000e+01
  ],
  ""type"": ""Point""
}","{
  ""coordinates"": [
    -83.081028582,
    42.447053764
  ],
  ""type"": ""Point""
}",-83.081028582,42.447053764
3207,9856949,WARREN,MOUNT ELLIOTT,2016-11-13,13,11,2016,9,1,4,9,,4,0,,1,1,1,30,2,2,2,5,0,0,0,0,true,,false,false,false,false,false,,,,,,false,true,false,,,false,false,false,false,false,-83.02765,42.37047,"{
  ""coordinates"": [
    -8.302764643599990e+01,
    4.237047182900010e+01
  ],
  ""type"": ""Point""
}","{
  ""coordinates"": [
    -83.027646436,
    42.370471829
  ],
  ""type"": ""Point""
}",-83.0276464359999,42.3704718290001
3208,9859671,RAMP 102C,DAVISON,2016-11-13,13,11,2016,2,1,97,3,,1,0,,1,1,4,55,1,2,2,5,0,0,0,0,true,,false,false,false,false,false,,,,,,false,false,true,,,false,false,false,false,false,-83.11044,42.39827,"{
  ""coordinates"": [
    -8.311043949899990e+01,
    4.239827194400000e+01
  ],
  ""type"": ""Point""
}","{
  ""coordinates"": [
    -83.110439499,
    42.398271944
  ],
  ""type"": ""Point""
}",-83.1104394989999,42.398271944
3209,9855312,M-39,FORD,2016-11-13,13,11,2016,18,1,1,3,,1,1,,1,1,4,55,3,1,1,4,0,0,0,1,false,,false,false,false,false,false,,,,,,false,false,false,,,false,false,false,false,false,-83.21559,42.32937,"{
  ""coordinates"": [
    -8.321559383999990e+01,
    4.232937412000010e+01
  ],
  ""type"": ""Point""
}","{
  ""coordinates"": [
    -83.21559384,
    42.32937412
  ],
  ""type"": ""Point""
}",-83.2155938399999,42.3293741200001
3210,9863621,AMBASSADOR,DIBC CUSTOMS PLAZA,2016-11-13,13,11,2016,16,1,4,9,,7,0,,1,1,1,25,2,2,3,3,0,0,1,0,false,,false,false,false,false,false,,,,,,false,false,true,,,false,false,false,false,false,-83.07948,42.31919,"{
  ""coordinates"": [
    -8.307947901499990e+01,
    4.231919491500000e+01
  ],
  ""type"": ""Point""
}","{
  ""coordinates"": [
    -83.079479015,
    42.319194915
  ],
  ""type"": ""Point""
}",-83.0794790149999,42.319194915
3211,9863515,CADET,DRAGOON,2016-11-13,13,11,2016,16,1,4,9,,,0,,1,1,1,25,2,2,1,5,0,0,0,0,true,,false,false,true,false,false,,,,,,false,false,false,,,false,false,false,false,false,-83.10735,42.31421,"{
  ""coordinates"": [
    -8.310735376799990e+01,
    4.231420376700000e+01
  ],
  ""type"": ""Point""
}","{
  ""coordinates"": [
    -83.107353768,
    42.314203767
  ],
  ""type"": ""Point""
}",-83.1073537679999,42.314203767
3212,9855346,GREENFIELD,MCNICHOLS,2016-11-13,13,11,2016,0,1,3,9,,2,0,,1,1,4,35,4,2,2,5,0,0,0,0,true,,false,false,true,false,false,,,,,,false,false,false,,,false,false,false,false,false,-83.1993,42.41571,"{
  ""coordinates"": [
    -8.319929661499999e+01,
    4.241570514800000e+01
  ],
  ""type"": ""Point""
}","{
  ""coordinates"": [
    -83.199296615,
    42.415705148
  ],
  ""type"": ""Point""
}",-83.199296615,42.415705148
3213,9855353,MEYERS,MARGARETA,2016-11-12,12,11,2016,13,7,5,9,,4,0,,1,1,1,0,2,2,3,5,0,0,0,0,true,,false,false,false,false,false,,,,,,false,true,false,,,false,false,false,false,false,-83.17056,42.42762,"{
  ""coordinates"": [
    -8.317056040900000e+01,
    4.242762150100000e+01
  ],
  ""type"": ""Point""
}","{
  ""coordinates"": [
    -83.170560409,
    42.427621501
  ],
  ""type"": ""Point""
}",-83.170560409,42.427621501
3214,9863490,BEAUBIEN,JEFFERSON,2016-11-12,12,11,2016,1,7,5,4,,4,0,,1,1,4,35,4,2,1,5,0,0,0,0,true,,false,false,true,false,false,,,,,,false,false,false,,,false,false,false,false,false,-83.03976,42.3308,"{
  ""coordinates"": [
    -8.303975742599989e+01,
    4.233079382000010e+01
  ],
  ""type"": ""Point""
}","{
  ""coordinates"": [
    -83.039757426,
    42.33079382
  ],
  ""type"": ""Point""
}",-83.0397574259999,42.3307938200001
3215,9854300,NEVADA,BRINKER,2016-11-12,12,11,2016,16,7,4,9,,4,0,,1,1,1,25,2,2,4,5,0,0,0,0,true,,true,false,false,false,false,,,,,,false,true,false,,,false,false,false,false,false,-83.07371,42.42577,"{
  ""coordinates"": [
    -8.307370433599991e+01,
    4.242577382700010e+01
  ],
  ""type"": ""Point""
}","{
  ""coordinates"": [
    -83.073704336,
    42.425773827
  ],
  ""type"": ""Point""
}",-83.0737043359999,42.4257738270001
3216,9890271,TRUMBULL,E I 94,2016-11-12,12,11,2016,11,7,1,9,,4,0,,1,1,1,30,3,1,2,4,0,0,0,1,false,,false,false,false,false,false,,,,,,false,false,false,,,false,false,false,false,false,-83.08099,42.35605,"{
  ""coordinates"": [
    -8.308099257700000e+01,
    4.235604838000010e+01
  ],
  ""type"": ""Point""
}","{
  ""coordinates"": [
    -83.080992577,
    42.35604838
  ],
  ""type"": ""Point""
}",-83.080992577,42.3560483800001
3217,9863502,TEMPLE,2ND,2016-11-12,12,11,2016,23,7,8,9,,4,0,,1,1,4,0,2,2,0,5,0,0,0,0,true,,false,false,true,false,false,,,,,,false,false,false,,,false,false,false,false,false,-83.06201,42.34071,"{
  ""coordinates"": [
    -8.306201388400000e+01,
    4.234070981200010e+01
  ],
  ""type"": ""Point""
}","{
  ""coordinates"": [
    -83.062013884,
    42.340709812
  ],
  ""type"": ""Point""
}",-83.062013884,42.3407098120001
3218,9855334,TERRY,CHICAGO,2016-11-12,12,11,2016,16,7,4,9,,,0,,1,1,1,35,2,2,2,5,0,0,0,0,true,,false,false,false,false,false,,,,,,false,false,true,,,false,false,false,false,false,-83.19073,42.36529,"{
  ""coordinates"": [
    -8.319073831500000e+01,
    4.236528940300010e+01
  ],
  ""type"": ""Point""
}","{
  ""coordinates"": [
    -83.190738315,
    42.365289403
  ],
  ""type"": ""Point""
}",-83.190738315,42.3652894030001
3219,9854313,7 MILE,COYLE,2016-11-12,12,11,2016,15,7,5,9,,2,0,,1,1,1,35,4,2,2,5,0,0,0,0,true,,false,false,false,false,false,,,,,,false,false,false,,,false,false,false,false,false,-83.19495,42.43055,"{
  ""coordinates"": [
    -8.319495312600000e+01,
    4.243055526100010e+01
  ],
  ""type"": ""Point""
}","{
  ""coordinates"": [
    -83.194953126,
    42.430555261
  ],
  ""type"": ""Point""
}",-83.194953126,42.4305552610001
3220,9854295,JAMES COUZENS,WYOMING,2016-11-12,12,11,2016,11,7,4,9,,4,0,,2,1,1,30,4,2,3,5,0,0,0,0,true,,true,true,true,false,false,,,,,,false,false,false,,,false,false,false,false,false,-83.15979,42.40563,"{
  ""coordinates"": [
    -8.315979295999990e+01,
    4.240563056000010e+01
  ],
  ""type"": ""Point""
}","{
  ""coordinates"": [
    -83.15979296,
    42.40563056
  ],
  ""type"": ""Point""
}",-83.1597929599999,42.4056305600001
3221,9859688,JOHN R,FREDERICK DOUGLAS,2016-11-12,12,11,2016,12,7,4,9,,4,0,,1,1,1,25,3,2,2,5,0,0,0,0,true,,false,false,false,false,false,,,,,,false,false,true,,,false,false,false,false,false,-83.06366,42.35997,"{
  ""coordinates"": [
    -8.306365656900000e+01,
    4.235996563200010e+01
  ],
  ""type"": ""Point""
}","{
  ""coordinates"": [
    -83.063656569,
    42.359965632
  ],
  ""type"": ""Point""
}",-83.063656569,42.3599656320001
3222,9854294,GRAND RIVER,WOODSIDE,2016-11-12,12,11,2016,13,7,8,3,,1,0,,1,1,1,35,5,2,3,5,0,0,0,0,true,,false,false,false,false,false,,,,,,false,false,false,,,false,false,false,false,false,-83.13737,42.36809,"{
  ""coordinates"": [
    -8.313736684000000e+01,
    4.236808799400010e+01
  ],
  ""type"": ""Point""
}","{
  ""coordinates"": [
    -83.13736684,
    42.368087994
  ],
  ""type"": ""Point""
}",-83.13736684,42.3680879940001
3223,9861796,DICKERSON,CHANDLER PARK,2016-11-12,12,11,2016,20,7,8,9,,4,0,,98,98,4,30,2,2,2,5,0,0,0,0,true,,false,false,false,false,false,,,,,,false,false,false,,,false,false,false,false,false,-82.9704,42.39738,"{
  ""coordinates"": [
    -8.297039421400000e+01,
    4.239738507400010e+01
  ],
  ""type"": ""Point""
}","{
  ""coordinates"": [
    -82.970394214,
    42.397385074
  ],
  ""type"": ""Point""
}",-82.970394214,42.3973850740001
3224,9855350,FAUST,EATON,2016-11-12,12,11,2016,11,7,8,9,,,0,,1,1,1,0,2,2,1,5,0,0,0,0,true,,false,false,true,false,false,,,,,,false,false,false,,,false,false,false,false,false,-83.22269,42.39614,"{
  ""coordinates"": [
    -8.322269125699999e+01,
    4.239614332900000e+01
  ],
  ""type"": ""Point""
}","{
  ""coordinates"": [
    -83.222691257,
    42.396143329
  ],
  ""type"": ""Point""
}",-83.222691257,42.396143329
3225,9863544,30TH,W I 94 SERVICE DRIVE,2016-11-12,12,11,2016,10,7,8,1,,4,0,,1,1,1,0,2,2,2,5,0,0,0,0,true,,false,false,false,false,false,,,,,,false,false,true,,,false,false,false,false,false,-83.11539,42.3434,"{
  ""coordinates"": [
    -8.311538516199990e+01,
    4.234340126100010e+01
  ],
  ""type"": ""Point""
}","{
  ""coordinates"": [
    -83.115385162,
    42.343401261
  ],
  ""type"": ""Point""
}",-83.1153851619999,42.3434012610001
3226,9856944,RYAN,8 MILE,2016-11-12,12,11,2016,13,7,4,3,,4,0,,1,1,1,40,8,2,5,5,0,0,0,0,true,,true,true,false,false,false,,,,,,false,true,false,,,false,false,false,false,false,-83.06387,42.44723,"{
  ""coordinates"": [
    -8.306386729400000e+01,
    4.244722782000010e+01
  ],
  ""type"": ""Point""
}","{
  ""coordinates"": [
    -83.063867294,
    42.44722782
  ],
  ""type"": ""Point""
}",-83.063867294,42.4472278200001
3227,9854293,LIVERNOIS,ELMHURST,2016-11-12,12,11,2016,2,7,5,9,,4,0,,1,1,1,35,2,2,2,5,0,0,0,0,true,,false,false,true,false,false,,,,,,false,false,false,,,false,false,false,false,false,-83.13898,42.37614,"{
  ""coordinates"": [
    -8.313897876399990e+01,
    4.237613845800010e+01
  ],
  ""type"": ""Point""
}","{
  ""coordinates"": [
    -83.138978764,
    42.376138458
  ],
  ""type"": ""Point""
}",-83.1389787639999,42.3761384580001
3228,9858016,SOUTHFIELD SERVICE DRIVE,THATCHER,2016-11-12,12,11,2016,6,7,9,9,,4,0,,1,1,4,35,2,2,0,5,0,0,0,0,true,,false,false,false,false,false,,,,,,false,false,false,,,false,false,false,false,false,-83.21857,42.42081,"{
  ""coordinates"": [
    -8.321857590899999e+01,
    4.242081368600000e+01
  ],
  ""type"": ""Point""
}","{
  ""coordinates"": [
    -83.218575909,
    42.420813686
  ],
  ""type"": ""Point""
}",-83.218575909,42.420813686
3229,9863512,CHOPIN,MICHIGAN,2016-11-12,12,11,2016,16,7,8,2,,,0,,1,1,1,0,1,2,1,5,0,0,0,0,true,,false,false,true,false,false,,,,,,false,false,false,,,false,false,false,false,false,-83.13328,42.3311,"{
  ""coordinates"": [
    -8.313327556000000e+01,
    4.233109534900010e+01
  ],
  ""type"": ""Point""
}","{
  ""coordinates"": [
    -83.13327556,
    42.331095349
  ],
  ""type"": ""Point""
}",-83.13327556,42.3310953490001
3230,9863428,I-94,HERN,2016-11-12,12,11,2016,2,7,1,1,,1,1,,1,1,4,55,3,1,1,5,0,0,0,0,true,,false,false,false,true,false,,,,,,false,false,true,,,false,false,false,false,false,-83.08761,42.35373,"{
  ""coordinates"": [
    -8.308760469399989e+01,
    4.235372427400010e+01
  ],
  ""type"": ""Point""
}","{
  ""coordinates"": [
    -83.087604694,
    42.353724274
  ],
  ""type"": ""Point""
}",-83.0876046939999,42.3537242740001
3231,9873162,I-94,ADDISON,2016-11-12,12,11,2016,3,7,1,1,,1,1,,1,1,4,55,3,1,0,5,0,0,0,0,true,,false,false,false,false,false,,,,,,false,false,false,,,false,false,false,false,false,-83.14916,42.33044,"{
  ""coordinates"": [
    -8.314915954700000e+01,
    4.233044262600000e+01
  ],
  ""type"": ""Point""
}","{
  ""coordinates"": [
    -83.149159547,
    42.330442626
  ],
  ""type"": ""Point""
}",-83.149159547,42.330442626
3232,9866362,S I 75,CANFIELD,2016-11-12,12,11,2016,22,7,97,1,,1,0,,1,1,4,55,4,3,3,5,0,0,0,0,true,,false,false,false,false,false,,,,,,false,false,true,,,false,false,false,false,false,-83.05059,42.35486,"{
  ""coordinates"": [
    -8.305058754000000e+01,
    4.235486336100010e+01
  ],
  ""type"": ""Point""
}","{
  ""coordinates"": [
    -83.05058754,
    42.354863361
  ],
  ""type"": ""Point""
}",-83.05058754,42.3548633610001
3233,9854314,OUTER,KENTUCKY,2016-11-12,12,11,2016,11,7,8,9,,2,0,,1,1,1,0,2,2,3,5,0,0,0,0,true,,false,false,false,false,false,,,,,,false,false,true,,,false,false,false,false,false,-83.16,42.43487,"{
  ""coordinates"": [
    -8.315999347600000e+01,
    4.243486910200010e+01
  ],
  ""type"": ""Point""
}","{
  ""coordinates"": [
    -83.159993476,
    42.434869102
  ],
  ""type"": ""Point""
}",-83.159993476,42.4348691020001
3234,9875391,M-10,OAKMAN,2016-11-12,12,11,2016,4,7,1,3,,1,1,,1,1,4,55,4,1,1,5,0,0,0,0,true,,false,false,false,false,false,,,,,,false,false,false,,,false,false,false,false,false,-83.11715,42.40274,"{
  ""coordinates"": [
    -8.311714718400000e+01,
    4.240273673100010e+01
  ],
  ""type"": ""Point""
}","{
  ""coordinates"": [
    -83.117147184,
    42.402736731
  ],
  ""type"": ""Point""
}",-83.117147184,42.4027367310001
3235,9854247,N I 75,HOLBROOK,2016-11-12,12,11,2016,12,7,97,1,,1,0,,1,1,1,35,3,2,4,5,0,0,0,0,true,,false,false,false,false,false,,,,,,false,false,false,,,false,false,false,false,false,-83.06818,42.38668,"{
  ""coordinates"": [
    -8.306817647900000e+01,
    4.238668511000000e+01
  ],
  ""type"": ""Point""
}","{
  ""coordinates"": [
    -83.068176479,
    42.38668511
  ],
  ""type"": ""Point""
}",-83.068176479,42.38668511
3236,9858410,N/B M-39,7 MILE,2016-11-12,12,11,2016,16,7,8,3,,1,0,,1,1,1,55,3,2,3,5,0,0,0,0,true,,false,false,false,false,false,,,,,,false,false,true,,,false,false,false,false,false,-83.21915,42.42857,"{
  ""coordinates"": [
    -8.321915781199991e+01,
    4.242857519200000e+01
  ],
  ""type"": ""Point""
}","{
  ""coordinates"": [
    -83.219157812,
    42.428575192
  ],
  ""type"": ""Point""
}",-83.2191578119999,42.428575192
3237,9859713,WOODWARD,8 MILE,2016-11-12,12,11,2016,9,7,8,3,,1,0,,1,1,4,0,2,2,1,5,0,0,0,0,true,,false,false,true,false,false,,,,,,false,false,false,,,false,false,false,false,false,-83.12505,42.44654,"{
  ""coordinates"": [
    -8.312504713300000e+01,
    4.244653988200000e+01
  ],
  ""type"": ""Point""
}","{
  ""coordinates"": [
    -83.125047133,
    42.446539882
  ],
  ""type"": ""Point""
}",-83.125047133,42.446539882
3238,9854299,WILLIS,WOODWARD,2016-11-12,12,11,2016,15,7,9,3,,,2,,1,1,1,25,2,2,2,5,0,0,0,0,true,,false,false,false,false,false,,,,,,false,false,false,,,false,false,false,false,false,-83.06097,42.35156,"{
  ""coordinates"": [
    -8.306097534400000e+01,
    4.235156302800000e+01
  ],
  ""type"": ""Point""
}","{
  ""coordinates"": [
    -83.060975344,
    42.351563028
  ],
  ""type"": ""Point""
}",-83.060975344,42.351563028
3239,9863497,MICHIGAN,CECIL,2016-11-12,12,11,2016,14,7,5,2,,1,0,,1,1,1,35,4,3,6,4,0,0,0,1,false,,false,false,false,false,false,,,,,,false,false,false,,,false,false,false,false,false,-83.13181,42.33111,"{
  ""coordinates"": [
    -8.313180902900000e+01,
    4.233110897100000e+01
  ],
  ""type"": ""Point""
}","{
  ""coordinates"": [
    -83.131809029,
    42.331108971
  ],
  ""type"": ""Point""
}",-83.131809029,42.331108971
3240,9854225,W I 94,LUCKY,2016-11-12,12,11,2016,2,7,5,1,,1,0,,1,1,4,55,4,2,3,3,0,0,2,1,false,,false,false,false,true,false,,,,,,false,false,true,,,false,false,false,false,false,-83.03768,42.37761,"{
  ""coordinates"": [
    -8.303767866000000e+01,
    4.237761416400010e+01
  ],
  ""type"": ""Point""
}","{
  ""coordinates"": [
    -83.03767866,
    42.377614164
  ],
  ""type"": ""Point""
}",-83.03767866,42.3776141640001
3241,9854296,BOURKE,QUINCY,2016-11-12,12,11,2016,13,7,4,9,,,0,,1,1,1,25,2,2,3,4,0,0,0,1,false,,false,false,false,false,false,,,,,,false,false,true,,,false,false,false,false,false,-83.13779,42.39881,"{
  ""coordinates"": [
    -8.313778959800000e+01,
    4.239881193200010e+01
  ],
  ""type"": ""Point""
}","{
  ""coordinates"": [
    -83.137789598,
    42.398811932
  ],
  ""type"": ""Point""
}",-83.137789598,42.3988119320001
3242,9858408,S M 10,RAMP 109A,2016-11-12,12,11,2016,6,7,1,3,,1,1,,1,1,4,55,3,1,2,5,0,0,0,0,true,,false,false,false,false,false,,,,,,false,false,false,,,false,false,false,false,false,-83.11288,42.39968,"{
  ""coordinates"": [
    -8.311288788199990e+01,
    4.239968101900010e+01
  ],
  ""type"": ""Point""
}","{
  ""coordinates"": [
    -83.112887882,
    42.399681019
  ],
  ""type"": ""Point""
}",-83.1128878819999,42.3996810190001
3243,9854287,GRATIOT,LINNHURST,2016-11-12,12,11,2016,10,7,5,3,,1,0,,1,1,1,35,7,2,1,4,0,0,0,1,false,,false,false,true,false,false,,,,,,false,false,false,,,false,false,false,false,false,-82.98014,42.43135,"{
  ""coordinates"": [
    -8.298014108699989e+01,
    4.243135349800010e+01
  ],
  ""type"": ""Point""
}","{
  ""coordinates"": [
    -82.980141087,
    42.431353498
  ],
  ""type"": ""Point""
}",-82.9801410869999,42.4313534980001
3244,9856934,GRAND,LINWOOD,2016-11-12,12,11,2016,22,7,4,3,,1,0,,1,1,4,35,6,2,3,5,0,0,0,0,true,,false,false,false,true,false,,,,,,false,false,false,,,false,false,false,false,false,-83.21289,42.39853,"{
  ""coordinates"": [
    -8.321289432600000e+01,
    4.239852433300010e+01
  ],
  ""type"": ""Point""
}","{
  ""coordinates"": [
    -83.212894326,
    42.398524333
  ],
  ""type"": ""Point""
}",-83.212894326,42.3985243330001
3245,9922129,E I 94,LONYO,2016-11-12,12,11,2016,2,7,5,1,,1,0,,1,1,4,55,3,2,1,5,0,0,0,0,true,,false,false,true,false,false,,,,,,false,false,false,,,false,false,false,false,false,-83.14734,42.33084,"{
  ""coordinates"": [
    -8.314734146599990e+01,
    4.233084535700000e+01
  ],
  ""type"": ""Point""
}","{
  ""coordinates"": [
    -83.147341466,
    42.330845357
  ],
  ""type"": ""Point""
}",-83.1473414659999,42.330845357
3246,9874291,LAING,MOROSS,2016-11-12,12,11,2016,10,7,1,9,,,1,,1,1,1,25,1,1,3,4,0,0,0,2,false,,false,false,true,false,false,,,,,,false,false,true,,,false,false,false,false,false,-82.94945,42.43224,"{
  ""coordinates"": [
    -8.294944666399989e+01,
    4.243223897100010e+01
  ],
  ""type"": ""Point""
}","{
  ""coordinates"": [
    -82.949446664,
    42.432238971
  ],
  ""type"": ""Point""
}",-82.9494466639999,42.4322389710001
3247,9854286,GRATIOT,MANNING,2016-11-12,12,11,2016,17,7,9,3,,1,0,,1,2,1,35,7,2,2,4,0,0,0,1,false,,false,false,false,false,false,,,,,,false,true,false,,,false,false,false,false,false,-82.97387,42.44088,"{
  ""coordinates"": [
    -8.297387179299990e+01,
    4.244087935500000e+01
  ],
  ""type"": ""Point""
}","{
  ""coordinates"": [
    -82.973871793,
    42.440879355
  ],
  ""type"": ""Point""
}",-82.9738717929999,42.440879355
3248,9859658,N I 375,GRATIOT,2016-11-12,12,11,2016,21,7,5,1,,1,0,,1,1,4,70,2,2,1,5,0,0,0,0,true,,false,false,true,false,false,,,,,,false,false,false,,,false,false,false,false,false,-83.04116,42.34002,"{
  ""coordinates"": [
    -8.304116075000000e+01,
    4.234002222200010e+01
  ],
  ""type"": ""Point""
}","{
  ""coordinates"": [
    -83.04116075,
    42.340022222
  ],
  ""type"": ""Point""
}",-83.04116075,42.3400222220001