ObjectId,Crash ID,Primary Road,Intersecting Road,Crash Date,Day,Month,Year,Hour,Weekday,Crash Type Code,Highway Classification Code,Community Code,Jurisdiction Code,Lane Departure Type Code,Surface Type,Road Condition,Weather Condition,Lighting Condition,Speed Limit,Lanes,Units,Occupants,Most Severe Injury,Fatal Injuries,Suspected Serious Injuries,Suspected Minor Injuries,Possible Injuries,Property Damage Only,Secondary Crash,Traffic Control,Red Light Run,Hit and Run,Alcohol,Drugs,Unbelted Person,Work Zone,Speeding Driver,Distracted Driver,Driveway,Pedestrian,Elderly Driver,Young Driver,Commercial Vehicle,Emergency Vehicles,Train,School Bus,Motorcycle,Bicycle,Deer,Longitude,Latitude,geom,geog,x,y
3249,9855323,FAIRVIEW,WARREN,2016-11-12,12,11,2016,19,7,5,9,,,3,,1,1,3,25,1,3,0,5,0,0,0,0,true,,false,false,true,false,false,,,,,,false,false,false,,,false,false,false,false,false,-82.98712,42.38585,"{
  ""coordinates"": [
    -8.298712125299990e+01,
    4.238584452100010e+01
  ],
  ""type"": ""Point""
}","{
  ""coordinates"": [
    -82.987121253,
    42.385844521
  ],
  ""type"": ""Point""
}",-82.9871212529999,42.3858445210001
3250,9861788,HARBAUGH,DEARBORN,2016-11-12,12,11,2016,4,7,1,9,,,0,,1,1,4,25,2,1,1,5,0,0,0,0,true,,false,false,false,false,false,,,,,,false,false,false,,,false,false,false,false,false,-83.12251,42.29216,"{
  ""coordinates"": [
    -8.312250547199990e+01,
    4.229215675000010e+01
  ],
  ""type"": ""Point""
}","{
  ""coordinates"": [
    -83.122505472,
    42.29215675
  ],
  ""type"": ""Point""
}",-83.1225054719999,42.2921567500001
3251,9863427,W/B I-96,OUTER,2016-11-12,12,11,2016,5,7,1,1,,1,1,,1,1,4,70,5,1,1,4,0,0,0,1,false,,false,false,false,false,false,,,,,,false,false,false,,,false,false,false,false,false,-83.25432,42.38556,"{
  ""coordinates"": [
    -8.325431694199990e+01,
    4.238556403000010e+01
  ],
  ""type"": ""Point""
}","{
  ""coordinates"": [
    -83.254316942,
    42.38556403
  ],
  ""type"": ""Point""
}",-83.2543169419999,42.3855640300001
3252,9859670,S I 75,WOODWARD,2016-11-12,12,11,2016,23,7,1,1,,1,1,,1,1,4,55,4,1,3,5,0,0,0,0,true,,false,false,false,false,false,,,,,,false,false,false,,,false,false,false,false,false,-83.05234,42.34023,"{
  ""coordinates"": [
    -8.305234052000000e+01,
    4.234022384700010e+01
  ],
  ""type"": ""Point""
}","{
  ""coordinates"": [
    -83.05234052,
    42.340223847
  ],
  ""type"": ""Point""
}",-83.05234052,42.3402238470001
3253,9858405,E/B I-94,CECIL,2016-11-12,12,11,2016,6,7,1,1,,1,1,,1,1,2,55,3,1,1,5,0,0,0,0,true,,true,false,false,false,false,,,,,,false,false,true,,,false,false,false,false,false,-83.14084,42.33189,"{
  ""coordinates"": [
    -8.314083992899999e+01,
    4.233188598400010e+01
  ],
  ""type"": ""Point""
}","{
  ""coordinates"": [
    -83.140839929,
    42.331885984
  ],
  ""type"": ""Point""
}",-83.140839929,42.3318859840001
3254,9863590,RUNYON,STURGIS,2016-11-12,12,11,2016,13,7,4,9,,,0,,1,1,1,25,2,2,1,3,0,0,1,0,false,,false,false,true,false,false,,,,,,false,false,false,,,false,false,false,false,false,-83.00694,42.43861,"{
  ""coordinates"": [
    -8.300693543900000e+01,
    4.243861398300000e+01
  ],
  ""type"": ""Point""
}","{
  ""coordinates"": [
    -83.006935439,
    42.438613983
  ],
  ""type"": ""Point""
}",-83.006935439,42.438613983
3255,9858050,GRATIOT,LINNHURST,2016-11-12,12,11,2016,4,7,4,3,,1,0,,1,1,4,35,5,2,1,5,0,0,0,0,true,,false,false,false,false,false,,,,,,false,false,false,,,false,false,false,false,false,-82.97994,42.43165,"{
  ""coordinates"": [
    -8.297994582099990e+01,
    4.243165002500010e+01
  ],
  ""type"": ""Point""
}","{
  ""coordinates"": [
    -82.979945821,
    42.431650025
  ],
  ""type"": ""Point""
}",-82.9799458209999,42.4316500250001
3256,9854311,HOLMUR,PURITAN,2016-11-12,12,11,2016,1,7,5,9,,,0,,1,1,1,0,2,2,1,5,0,0,0,0,true,,false,false,false,false,false,,,,,,false,false,false,,,false,false,false,false,false,-83.13726,42.41,"{
  ""coordinates"": [
    -8.313726304900000e+01,
    4.241000509000000e+01
  ],
  ""type"": ""Point""
}","{
  ""coordinates"": [
    -83.137263049,
    42.41000509
  ],
  ""type"": ""Point""
}",-83.137263049,42.41000509
3257,9858437,I-94,LIVERNOIS,2016-11-12,12,11,2016,7,7,1,1,,1,1,,1,1,4,55,4,1,1,3,0,0,1,0,false,,false,false,false,false,false,,,,,,false,true,false,,,false,false,false,false,false,-83.12916,42.33562,"{
  ""coordinates"": [
    -8.312915571100000e+01,
    4.233561803300010e+01
  ],
  ""type"": ""Point""
}","{
  ""coordinates"": [
    -83.129155711,
    42.335618033
  ],
  ""type"": ""Point""
}",-83.129155711,42.3356180330001
3258,9854312,OUTER,7 MILE,2016-11-12,12,11,2016,11,7,4,9,,2,0,,1,1,1,35,2,2,2,4,0,0,0,1,false,,false,false,false,false,false,,,,,,false,false,false,,,false,false,false,false,false,-83.17547,42.43114,"{
  ""coordinates"": [
    -8.317546973700000e+01,
    4.243113992800010e+01
  ],
  ""type"": ""Point""
}","{
  ""coordinates"": [
    -83.175469737,
    42.431139928
  ],
  ""type"": ""Point""
}",-83.175469737,42.4311399280001
3259,9856943,CHENE,JEFFERSON,2016-11-12,12,11,2016,23,7,9,9,,4,0,,1,2,4,35,4,2,2,5,0,0,0,0,true,,false,false,true,false,false,,,,,,false,false,true,,,false,false,false,false,false,-83.02264,42.33825,"{
  ""coordinates"": [
    -8.302263791999999e+01,
    4.233824364800010e+01
  ],
  ""type"": ""Point""
}","{
  ""coordinates"": [
    -83.02263792,
    42.338243648
  ],
  ""type"": ""Point""
}",-83.02263792,42.3382436480001
3260,9854284,7 MILE,RENO,2016-11-11,11,11,2016,14,6,8,9,,4,0,,1,2,1,30,5,2,3,5,0,0,0,0,true,,false,false,false,false,false,,,,,,false,false,true,,,false,false,false,false,false,-82.98287,42.43496,"{
  ""coordinates"": [
    -8.298286844300000e+01,
    4.243496198300010e+01
  ],
  ""type"": ""Point""
}","{
  ""coordinates"": [
    -82.982868443,
    42.434961983
  ],
  ""type"": ""Point""
}",-82.982868443,42.4349619830001
3261,9863533,MICHIGAN,CABOT,2016-11-11,11,11,2016,23,6,97,2,,1,0,,1,1,4,0,5,2,2,5,0,0,0,0,true,,false,false,true,false,false,,,,,,false,false,false,,,false,false,false,false,false,-83.14948,42.3297,"{
  ""coordinates"": [
    -8.314948484900000e+01,
    4.232969687900000e+01
  ],
  ""type"": ""Point""
}","{
  ""coordinates"": [
    -83.149484849,
    42.329696879
  ],
  ""type"": ""Point""
}",-83.149484849,42.329696879
3262,9854258,HARPER,CADIEUX,2016-11-11,11,11,2016,8,6,9,9,,4,2,,1,1,1,30,2,2,1,5,0,0,0,0,true,,false,false,true,false,false,,,,,,false,false,false,,,false,false,false,false,false,-82.93694,42.41629,"{
  ""coordinates"": [
    -8.293694298400000e+01,
    4.241628631300010e+01
  ],
  ""type"": ""Point""
}","{
  ""coordinates"": [
    -82.936942984,
    42.416286313
  ],
  ""type"": ""Point""
}",-82.936942984,42.4162863130001
3263,9881502,N I 75 SERVICE DRIVE,MACK,2016-11-11,11,11,2016,8,6,8,1,,5,0,,2,4,4,0,2,2,2,5,0,0,0,0,true,,false,false,true,false,false,,,,,,false,false,false,,,false,false,false,false,false,-83.04739,42.35135,"{
  ""coordinates"": [
    -8.304738467200001e+01,
    4.235135401500000e+01
  ],
  ""type"": ""Point""
}","{
  ""coordinates"": [
    -83.047384672,
    42.351354015
  ],
  ""type"": ""Point""
}",-83.047384672,42.351354015
3264,9882846,FORD,ARTESIAN,2016-11-11,11,11,2016,13,6,8,3,,1,0,,1,1,1,50,4,2,3,4,0,0,0,1,false,,false,false,false,false,false,,,,,,false,false,true,,,false,false,false,false,false,-83.22464,42.32895,"{
  ""coordinates"": [
    -8.322464008500000e+01,
    4.232894397100010e+01
  ],
  ""type"": ""Point""
}","{
  ""coordinates"": [
    -83.224640085,
    42.328943971
  ],
  ""type"": ""Point""
}",-83.224640085,42.3289439710001
3265,9854282,ASHTON,MCNICHOLS,2016-11-11,11,11,2016,15,6,4,9,,,0,,1,1,1,0,1,2,2,5,0,0,0,0,true,,false,false,false,false,false,,,,,,false,false,false,,,false,false,false,false,false,-83.22006,42.41533,"{
  ""coordinates"": [
    -8.322006401100001e+01,
    4.241532879700000e+01
  ],
  ""type"": ""Point""
}","{
  ""coordinates"": [
    -83.220064011,
    42.415328797
  ],
  ""type"": ""Point""
}",-83.220064011,42.415328797
3266,9861756,GRISWOLD,CONGRESS,2016-11-11,11,11,2016,8,6,8,9,,4,0,,1,1,1,35,6,2,2,5,0,0,0,0,true,,false,false,false,false,false,,,,,,false,false,false,,,false,false,false,false,false,-83.04664,42.32979,"{
  ""coordinates"": [
    -8.304663569400000e+01,
    4.232979162200010e+01
  ],
  ""type"": ""Point""
}","{
  ""coordinates"": [
    -83.046635694,
    42.329791622
  ],
  ""type"": ""Point""
}",-83.046635694,42.3297916220001
3267,9854292,OAKMAN,DEXTER,2016-11-11,11,11,2016,13,6,4,9,,4,0,,1,1,1,30,4,2,1,5,0,0,0,0,true,,false,false,true,false,false,,,,,,false,true,false,,,false,false,false,false,false,-83.13294,42.39284,"{
  ""coordinates"": [
    -8.313294514899999e+01,
    4.239284285000010e+01
  ],
  ""type"": ""Point""
}","{
  ""coordinates"": [
    -83.132945149,
    42.39284285
  ],
  ""type"": ""Point""
}",-83.132945149,42.3928428500001
3268,9854257,MACK,ALTER,2016-11-11,11,11,2016,9,6,8,9,,2,0,,1,1,1,30,4,2,2,5,0,0,0,0,true,,false,false,false,false,false,,,,,,false,false,false,,,false,false,false,false,false,-82.94769,42.3873,"{
  ""coordinates"": [
    -8.294768983800000e+01,
    4.238729849600000e+01
  ],
  ""type"": ""Point""
}","{
  ""coordinates"": [
    -82.947689838,
    42.387298496
  ],
  ""type"": ""Point""
}",-82.947689838,42.387298496
3269,9854242,TEMPLE,4TH,2016-11-11,11,11,2016,12,6,4,9,,4,0,,1,1,1,25,3,2,2,4,0,0,0,1,false,,false,false,false,false,false,,,,,,false,false,false,,,false,false,false,false,false,-83.06392,42.34003,"{
  ""coordinates"": [
    -8.306391994599990e+01,
    4.234003259500000e+01
  ],
  ""type"": ""Point""
}","{
  ""coordinates"": [
    -83.063919946,
    42.340032595
  ],
  ""type"": ""Point""
}",-83.0639199459999,42.340032595
3270,9863493,S M 10 SERVICE DRIVE,S JOHN C LODGE/N JOHN C LODGE,2016-11-11,11,11,2016,15,6,8,3,,4,0,,1,1,1,0,2,2,2,5,0,0,0,0,true,,false,false,true,false,false,,,,,,false,false,false,,,false,false,false,false,false,-83.07274,42.35161,"{
  ""coordinates"": [
    -8.307273686500000e+01,
    4.235161198600010e+01
  ],
  ""type"": ""Point""
}","{
  ""coordinates"": [
    -83.072736865,
    42.351611986
  ],
  ""type"": ""Point""
}",-83.072736865,42.3516119860001
3271,9917280,HAYES,STATE FAIR,2016-11-11,11,11,2016,17,6,4,9,,4,0,,1,1,4,30,2,2,3,5,0,0,0,0,true,,false,false,true,false,false,,,,,,false,false,false,,,false,false,false,false,false,-82.96574,42.44268,"{
  ""coordinates"": [
    -8.296574595100000e+01,
    4.244267553100010e+01
  ],
  ""type"": ""Point""
}","{
  ""coordinates"": [
    -82.965745951,
    42.442675531
  ],
  ""type"": ""Point""
}",-82.965745951,42.4426755310001
3272,9854261,WARREN,EVERGREEN,2016-11-11,11,11,2016,8,6,4,9,,2,0,,1,1,1,35,2,2,1,5,0,0,0,0,true,,false,false,true,false,false,,,,,,false,false,false,,,false,false,false,false,false,-83.23565,42.34312,"{
  ""coordinates"": [
    -8.323565224600000e+01,
    4.234311932900000e+01
  ],
  ""type"": ""Point""
}","{
  ""coordinates"": [
    -83.235652246,
    42.343119329
  ],
  ""type"": ""Point""
}",-83.235652246,42.343119329
3273,9854268,DACOSTA,WARREN,2016-11-11,11,11,2016,1,6,9,9,,,2,,1,1,5,25,1,2,1,5,0,0,0,0,true,,false,false,false,false,false,,,,,,false,false,true,,,false,false,false,false,false,-83.25739,42.3423,"{
  ""coordinates"": [
    -8.325739263100000e+01,
    4.234230166400000e+01
  ],
  ""type"": ""Point""
}","{
  ""coordinates"": [
    -83.257392631,
    42.342301664
  ],
  ""type"": ""Point""
}",-83.257392631,42.342301664
3274,9854263,17610 MCNICHOLS,HARLOW,2016-11-11,11,11,2016,17,6,5,9,,2,0,,1,1,1,35,4,3,3,5,0,0,0,0,true,,false,false,false,false,false,,,,,,false,false,false,,,false,false,false,false,false,-83.21565,42.41562,"{
  ""coordinates"": [
    -8.321565327499999e+01,
    4.241561881300000e+01
  ],
  ""type"": ""Point""
}","{
  ""coordinates"": [
    -83.215653275,
    42.415618813
  ],
  ""type"": ""Point""
}",-83.215653275,42.415618813
3275,9854228,I-75,8 MILE,2016-11-11,11,11,2016,15,6,5,1,,1,0,,1,1,1,70,3,5,5,4,0,0,0,1,false,,false,false,false,false,false,,,,,,false,false,true,,,false,false,false,false,false,-83.09491,42.44318,"{
  ""coordinates"": [
    -8.309491297300001e+01,
    4.244317832600010e+01
  ],
  ""type"": ""Point""
}","{
  ""coordinates"": [
    -83.094912973,
    42.443178326
  ],
  ""type"": ""Point""
}",-83.094912973,42.4431783260001
3276,9854239,GRAND,N M 10 SERVICE DRIVE,2016-11-11,11,11,2016,13,6,5,9,,4,0,,1,1,1,0,8,2,1,5,0,0,0,0,true,,false,false,false,false,false,,,,,,false,false,false,,,false,false,false,false,false,-83.08156,42.36728,"{
  ""coordinates"": [
    -8.308155918400000e+01,
    4.236728258900010e+01
  ],
  ""type"": ""Point""
}","{
  ""coordinates"": [
    -83.081559184,
    42.367282589
  ],
  ""type"": ""Point""
}",-83.081559184,42.3672825890001
3277,9880446,I 96,WYOMING,2016-11-11,11,11,2016,13,6,8,1,,1,0,,1,1,1,55,3,3,5,5,0,0,0,0,true,,false,false,true,false,false,,,,,,false,true,true,,,false,false,false,false,false,-83.1597,42.38525,"{
  ""coordinates"": [
    -8.315969745200000e+01,
    4.238525067000010e+01
  ],
  ""type"": ""Point""
}","{
  ""coordinates"": [
    -83.159697452,
    42.38525067
  ],
  ""type"": ""Point""
}",-83.159697452,42.3852506700001
3278,9854298,WEXFORD,REMINGTON,2016-11-11,11,11,2016,1,6,8,9,,,0,,1,1,4,0,1,2,1,5,0,0,0,0,true,,false,false,true,false,false,,,,,,false,false,false,,,false,false,false,false,false,-83.06567,42.44241,"{
  ""coordinates"": [
    -8.306567459800000e+01,
    4.244241053400000e+01
  ],
  ""type"": ""Point""
}","{
  ""coordinates"": [
    -83.065674598,
    42.442410534
  ],
  ""type"": ""Point""
}",-83.065674598,42.442410534
3279,9854297,LIVERNOIS,HOWELL,2016-11-11,11,11,2016,23,6,4,9,,4,0,,1,1,4,35,4,2,1,5,0,0,0,0,true,,true,false,true,false,false,,,,,,false,false,false,,,false,false,false,false,false,-83.13845,42.36084,"{
  ""coordinates"": [
    -8.313845257100000e+01,
    4.236084527800010e+01
  ],
  ""type"": ""Point""
}","{
  ""coordinates"": [
    -83.138452571,
    42.360845278
  ],
  ""type"": ""Point""
}",-83.138452571,42.3608452780001
3280,9854223,I 75,CLARK,2016-11-11,11,11,2016,15,6,5,1,,1,0,,1,1,1,70,4,2,6,3,0,0,1,2,false,,false,false,false,false,false,,,,,,false,false,true,,,false,false,false,false,false,-83.08911,42.31443,"{
  ""coordinates"": [
    -8.308911095400001e+01,
    4.231443155600000e+01
  ],
  ""type"": ""Point""
}","{
  ""coordinates"": [
    -83.089110954,
    42.314431556
  ],
  ""type"": ""Point""
}",-83.089110954,42.314431556
3281,9856957,WHITCOMB,OUTER,2016-11-11,11,11,2016,7,6,4,9,,,0,,1,1,1,45,2,2,2,5,0,0,0,0,true,,false,false,false,false,false,,,,,,false,false,false,,,false,false,false,false,false,-83.19701,42.41972,"{
  ""coordinates"": [
    -8.319701708100000e+01,
    4.241972370400000e+01
  ],
  ""type"": ""Point""
}","{
  ""coordinates"": [
    -83.197017081,
    42.419723704
  ],
  ""type"": ""Point""
}",-83.197017081,42.419723704
3282,9854270,OUTER,SOUTHFIELD SERVICE DRIVE,2016-11-11,11,11,2016,15,6,97,9,,2,0,,1,1,1,35,4,2,1,5,0,0,0,0,true,,false,false,true,false,false,,,,,,false,false,true,,,false,false,false,false,false,-83.21826,42.41927,"{
  ""coordinates"": [
    -8.321826104699990e+01,
    4.241927470900000e+01
  ],
  ""type"": ""Point""
}","{
  ""coordinates"": [
    -83.218261047,
    42.419274709
  ],
  ""type"": ""Point""
}",-83.2182610469999,42.419274709
3283,9863558,GREENFIELD,8 MILE SERVICE DRIVE,2016-11-11,11,11,2016,18,6,5,7,,1,0,,1,1,4,40,2,2,2,5,0,0,0,0,true,,false,false,false,false,false,,,,,,false,false,true,,,false,false,false,false,false,-83.20051,42.4447,"{
  ""coordinates"": [
    -8.320050590300001e+01,
    4.244470292300010e+01
  ],
  ""type"": ""Point""
}","{
  ""coordinates"": [
    -83.200505903,
    42.444702923
  ],
  ""type"": ""Point""
}",-83.200505903,42.4447029230001
3284,9854281,8 MILE,REDFERN,2016-11-11,11,11,2016,11,6,5,3,,1,0,,1,2,1,45,4,2,3,4,0,0,0,2,false,,false,false,false,false,false,,,,,,false,false,true,,,false,false,false,false,false,-83.26527,42.44307,"{
  ""coordinates"": [
    -8.326527002200000e+01,
    4.244307329000000e+01
  ],
  ""type"": ""Point""
}","{
  ""coordinates"": [
    -83.265270022,
    42.44307329
  ],
  ""type"": ""Point""
}",-83.265270022,42.44307329
3285,9854236,HUBBELL,PURITAN,2016-11-11,11,11,2016,23,6,4,9,,4,0,,1,1,4,30,5,2,3,4,0,0,0,1,false,,false,false,false,true,false,,,,,,false,false,true,,,false,false,false,false,false,-83.18922,42.40904,"{
  ""coordinates"": [
    -8.318922378500000e+01,
    4.240903902100010e+01
  ],
  ""type"": ""Point""
}","{
  ""coordinates"": [
    -83.189223785,
    42.409039021
  ],
  ""type"": ""Point""
}",-83.189223785,42.4090390210001
3286,9894804,JEFFERSON,MARQUETTE,2016-11-11,11,11,2016,18,6,3,9,,4,0,,1,1,4,35,7,2,4,5,0,0,0,0,true,,false,false,false,false,false,,,,,,false,false,true,,,false,false,false,false,false,-82.97887,42.36306,"{
  ""coordinates"": [
    -8.297887504099999e+01,
    4.236305690400010e+01
  ],
  ""type"": ""Point""
}","{
  ""coordinates"": [
    -82.978875041,
    42.363056904
  ],
  ""type"": ""Point""
}",-82.978875041,42.3630569040001
3287,9988554,HUBBELL,GRAND RIVER,2016-11-11,11,11,2016,8,6,4,3,,4,0,,1,1,1,35,2,2,2,5,0,0,0,0,true,,true,true,false,false,false,,,,,,false,true,false,,,false,false,false,false,false,-83.18837,42.38863,"{
  ""coordinates"": [
    -8.318837049900000e+01,
    4.238863279800010e+01
  ],
  ""type"": ""Point""
}","{
  ""coordinates"": [
    -83.188370499,
    42.388632798
  ],
  ""type"": ""Point""
}",-83.188370499,42.3886327980001
3288,9877771,I-96,JOY,2016-11-11,11,11,2016,1,6,5,1,,1,0,,1,1,4,55,3,2,102,5,0,0,0,0,true,,false,false,true,false,false,,,,,,false,false,true,,,false,false,false,false,false,-83.12886,42.36369,"{
  ""coordinates"": [
    -8.312886061499999e+01,
    4.236369305100000e+01
  ],
  ""type"": ""Point""
}","{
  ""coordinates"": [
    -83.128860615,
    42.363693051
  ],
  ""type"": ""Point""
}",-83.128860615,42.363693051
3289,9854262,HUBBELL,CAPITOL,2016-11-11,11,11,2016,7,6,4,9,,4,0,,1,1,4,35,2,2,2,5,0,0,0,0,true,,false,false,true,false,false,,,,,,false,false,false,,,false,false,false,false,false,-83.18793,42.37738,"{
  ""coordinates"": [
    -8.318792634200000e+01,
    4.237738079200010e+01
  ],
  ""type"": ""Point""
}","{
  ""coordinates"": [
    -83.187926342,
    42.377380792
  ],
  ""type"": ""Point""
}",-83.187926342,42.3773807920001
3290,9856931,GRANDRIVEER,LIBRARY,2016-11-11,11,11,2016,23,6,8,9,,4,0,,1,1,4,25,2,2,0,5,0,0,0,0,true,,false,false,true,false,false,,,,,,false,false,false,,,false,false,false,false,false,-83.04768,42.33456,"{
  ""coordinates"": [
    -8.304768616599991e+01,
    4.233455919500010e+01
  ],
  ""type"": ""Point""
}","{
  ""coordinates"": [
    -83.047686166,
    42.334559195
  ],
  ""type"": ""Point""
}",-83.0476861659999,42.3345591950001
3291,9854232,GREENFIELD,CHICAGO,2016-11-11,11,11,2016,10,6,1,9,,2,0,,1,2,1,35,5,1,0,5,0,0,0,0,true,,false,false,true,false,false,,,,,,false,false,false,,,false,false,false,false,false,-83.19728,42.36536,"{
  ""coordinates"": [
    -8.319727744600000e+01,
    4.236536344300000e+01
  ],
  ""type"": ""Point""
}","{
  ""coordinates"": [
    -83.197277446,
    42.365363443
  ],
  ""type"": ""Point""
}",-83.197277446,42.365363443
3292,9863483,KEELER,WHITCOMB,2016-11-11,11,11,2016,1,6,9,9,,,0,,1,1,4,35,2,2,1,4,0,0,0,1,false,,false,false,true,false,false,,,,,,false,false,false,,,false,false,false,false,false,-83.19634,42.40338,"{
  ""coordinates"": [
    -8.319634317399991e+01,
    4.240338255600010e+01
  ],
  ""type"": ""Point""
}","{
  ""coordinates"": [
    -83.196343174,
    42.403382556
  ],
  ""type"": ""Point""
}",-83.1963431739999,42.4033825560001
3293,9854303,MCNICHOLS,NORMANDY,2016-11-11,11,11,2016,0,6,4,9,,4,0,,1,1,4,0,2,2,3,5,0,0,0,0,true,,false,false,false,false,false,,,,,,false,false,false,,,false,false,false,false,false,-83.12698,42.41737,"{
  ""coordinates"": [
    -8.312698157999991e+01,
    4.241737133000000e+01
  ],
  ""type"": ""Point""
}","{
  ""coordinates"": [
    -83.12698158,
    42.41737133
  ],
  ""type"": ""Point""
}",-83.1269815799999,42.41737133
3294,9854235,SCHAEFER,PURITAN,2016-11-11,11,11,2016,20,6,5,9,,4,0,,1,1,4,35,4,2,2,4,0,0,0,1,false,,false,false,false,false,false,,,,,,false,false,false,,,false,false,false,false,false,-83.17946,42.4093,"{
  ""coordinates"": [
    -8.317945497800000e+01,
    4.240930156000010e+01
  ],
  ""type"": ""Point""
}","{
  ""coordinates"": [
    -83.179454978,
    42.40930156
  ],
  ""type"": ""Point""
}",-83.179454978,42.4093015600001
3295,9858381,M-39,SCHOOLCRAFT,2016-11-11,11,11,2016,15,6,8,3,,1,0,,1,1,1,55,3,2,2,5,0,0,0,0,true,,false,false,false,false,false,,,,,,false,false,true,,,false,false,false,false,false,-83.21808,42.39395,"{
  ""coordinates"": [
    -8.321808105600000e+01,
    4.239394835400000e+01
  ],
  ""type"": ""Point""
}","{
  ""coordinates"": [
    -83.218081056,
    42.393948354
  ],
  ""type"": ""Point""
}",-83.218081056,42.393948354
3296,9859668,W I 96,MEYERS,2016-11-11,11,11,2016,19,6,5,1,,1,0,,1,1,4,70,3,3,3,5,0,0,0,0,true,,false,false,false,false,false,,,,,,false,true,true,,,false,false,false,false,false,-83.16875,42.38526,"{
  ""coordinates"": [
    -8.316874789100000e+01,
    4.238526232000000e+01
  ],
  ""type"": ""Point""
}","{
  ""coordinates"": [
    -83.168747891,
    42.38526232
  ],
  ""type"": ""Point""
}",-83.168747891,42.38526232
3297,9855347,MCNICHOLS,HARLOWE,2016-11-11,11,11,2016,19,6,5,9,,2,0,,1,1,4,30,4,2,1,5,0,0,0,0,true,,false,false,false,false,false,,,,,,false,false,false,,,false,false,false,false,false,-83.21559,42.41562,"{
  ""coordinates"": [
    -8.321559468700001e+01,
    4.241562003800000e+01
  ],
  ""type"": ""Point""
}","{
  ""coordinates"": [
    -83.215594687,
    42.415620038
  ],
  ""type"": ""Point""
}",-83.215594687,42.415620038
3298,9871681,I-94,CASS,2016-11-11,11,11,2016,15,6,5,1,,1,0,,1,1,1,55,3,3,4,4,0,0,0,1,false,,false,false,false,false,false,,,,,,false,false,true,,,false,false,false,false,false,-83.0703,42.36303,"{
  ""coordinates"": [
    -8.307029564600001e+01,
    4.236303480800010e+01
  ],
  ""type"": ""Point""
}","{
  ""coordinates"": [
    -83.070295646,
    42.363034808
  ],
  ""type"": ""Point""
}",-83.070295646,42.3630348080001
3299,9874783,KINGSVILLE,LAING,2016-11-11,11,11,2016,16,6,4,9,,,0,,1,2,1,25,2,2,1,4,0,0,0,1,false,,false,false,true,false,false,,,,,,false,false,true,,,false,false,false,false,false,-82.94785,42.43437,"{
  ""coordinates"": [
    -8.294784532499990e+01,
    4.243437157300010e+01
  ],
  ""type"": ""Point""
}","{
  ""coordinates"": [
    -82.947845325,
    42.434371573
  ],
  ""type"": ""Point""
}",-82.9478453249999,42.4343715730001
3300,9855345,LAHSER,WILLMARTH,2016-11-11,11,11,2016,21,6,1,9,,2,1,,1,1,5,0,2,1,0,5,0,0,0,0,true,,false,false,true,false,false,,,,,,false,false,false,,,false,false,false,false,false,-83.25783,42.41846,"{
  ""coordinates"": [
    -8.325782674500000e+01,
    4.241846607800010e+01
  ],
  ""type"": ""Point""
}","{
  ""coordinates"": [
    -83.257826745,
    42.418466078
  ],
  ""type"": ""Point""
}",-83.257826745,42.4184660780001
3301,9854246,RANDOLPH,LARNED,2016-11-11,11,11,2016,17,6,1,3,,1,0,,1,1,3,25,3,2,1,1,1,0,0,0,false,,false,false,true,false,false,,,,,,true,false,false,,,false,false,false,false,false,-83.04249,42.3306,"{
  ""coordinates"": [
    -8.304248987600000e+01,
    4.233060014500010e+01
  ],
  ""type"": ""Point""
}","{
  ""coordinates"": [
    -83.042489876,
    42.330600145
  ],
  ""type"": ""Point""
}",-83.042489876,42.3306001450001
3302,9854231,GRAND RIVER,GRAND RIVER/7 MILE,2016-11-11,11,11,2016,8,6,5,3,,1,0,,1,2,1,35,4,2,3,4,0,0,0,2,false,,false,false,false,false,false,,,,,,false,false,false,,,false,false,false,false,false,-83.28449,42.42709,"{
  ""coordinates"": [
    -8.328449546400000e+01,
    4.242708883800000e+01
  ],
  ""type"": ""Point""
}","{
  ""coordinates"": [
    -83.284495464,
    42.427088838
  ],
  ""type"": ""Point""
}",-83.284495464,42.427088838
3303,9854233,GREENFIELD,PURITAN,2016-11-11,11,11,2016,14,6,8,9,,2,0,,1,2,1,35,4,2,2,5,0,0,0,0,true,,false,false,false,false,false,,,,,,false,false,false,,,false,true,false,false,false,-83.19898,42.40807,"{
  ""coordinates"": [
    -8.319898164700000e+01,
    4.240806936500010e+01
  ],
  ""type"": ""Point""
}","{
  ""coordinates"": [
    -83.198981647,
    42.408069365
  ],
  ""type"": ""Point""
}",-83.198981647,42.4080693650001
3304,9873182,I 96,WYOMING,2016-11-11,11,11,2016,12,6,5,1,,1,0,,1,1,1,55,3,2,3,5,0,0,0,0,true,,false,false,false,false,false,,,,,,false,false,false,,,false,false,false,false,false,-83.15823,42.38542,"{
  ""coordinates"": [
    -8.315822732899990e+01,
    4.238541689500000e+01
  ],
  ""type"": ""Point""
}","{
  ""coordinates"": [
    -83.158227329,
    42.385416895
  ],
  ""type"": ""Point""
}",-83.1582273289999,42.385416895
3305,9856963,MCNICHOLS,NORMANDY,2016-11-11,11,11,2016,0,6,4,9,,4,0,,1,1,4,30,2,2,3,5,0,0,0,0,true,,false,false,false,false,false,,,,,,false,false,false,,,false,false,false,false,false,-83.12698,42.41737,"{
  ""coordinates"": [
    -8.312698157999991e+01,
    4.241737133000000e+01
  ],
  ""type"": ""Point""
}","{
  ""coordinates"": [
    -83.12698158,
    42.41737133
  ],
  ""type"": ""Point""
}",-83.1269815799999,42.41737133