ObjectId,Crash ID,Primary Road,Intersecting Road,Crash Date,Day,Month,Year,Hour,Weekday,Crash Type Code,Highway Classification Code,Community Code,Jurisdiction Code,Lane Departure Type Code,Surface Type,Road Condition,Weather Condition,Lighting Condition,Speed Limit,Lanes,Units,Occupants,Most Severe Injury,Fatal Injuries,Suspected Serious Injuries,Suspected Minor Injuries,Possible Injuries,Property Damage Only,Secondary Crash,Traffic Control,Red Light Run,Hit and Run,Alcohol,Drugs,Unbelted Person,Work Zone,Speeding Driver,Distracted Driver,Driveway,Pedestrian,Elderly Driver,Young Driver,Commercial Vehicle,Emergency Vehicles,Train,School Bus,Motorcycle,Bicycle,Deer,Longitude,Latitude,geom,geog,x,y
3306,9854272,HUBBELL,GRAND RIVER,2016-11-11,11,11,2016,8,6,4,3,,4,0,,1,1,1,35,2,2,2,5,0,0,0,0,true,,true,true,false,false,false,,,,,,false,true,false,,,false,false,false,false,false,-83.18837,42.38863,"{
  ""coordinates"": [
    -8.318837049900000e+01,
    4.238863279800010e+01
  ],
  ""type"": ""Point""
}","{
  ""coordinates"": [
    -83.188370499,
    42.388632798
  ],
  ""type"": ""Point""
}",-83.188370499,42.3886327980001
3307,9856961,MCNICHOLS,HARLOW,2016-11-11,11,11,2016,18,6,5,9,,2,0,,1,1,3,35,2,3,1,5,0,0,0,0,true,,false,false,false,false,false,,,,,,false,false,true,,,false,false,false,false,false,-83.21565,42.41562,"{
  ""coordinates"": [
    -8.321565327499999e+01,
    4.241561881300000e+01
  ],
  ""type"": ""Point""
}","{
  ""coordinates"": [
    -83.215653275,
    42.415618813
  ],
  ""type"": ""Point""
}",-83.215653275,42.415618813
3308,9858436,I-94,CENTRAL,2016-11-11,11,11,2016,11,6,1,1,,1,1,,1,1,1,55,3,1,2,5,0,0,0,0,true,,false,false,false,false,false,,,,,,false,true,false,,,false,false,false,false,false,-83.13815,42.33254,"{
  ""coordinates"": [
    -8.313815676900001e+01,
    4.233254333800010e+01
  ],
  ""type"": ""Point""
}","{
  ""coordinates"": [
    -83.138156769,
    42.332543338
  ],
  ""type"": ""Point""
}",-83.138156769,42.3325433380001
3309,9854266,S M 39 SERVICE DRIVE,WARREN,2016-11-11,11,11,2016,18,6,5,9,,4,0,,1,1,4,30,2,2,0,5,0,0,0,0,true,,false,false,true,false,false,,,,,,false,false,false,,,false,false,false,false,false,-83.21646,42.3423,"{
  ""coordinates"": [
    -8.321646325499999e+01,
    4.234229777800000e+01
  ],
  ""type"": ""Point""
}","{
  ""coordinates"": [
    -83.216463255,
    42.342297778
  ],
  ""type"": ""Point""
}",-83.216463255,42.342297778
3310,9854271,BURNETTE,MACKENZIE,2016-11-11,11,11,2016,12,6,2,9,,,2,,1,1,1,0,2,2,0,5,0,0,0,0,true,,false,false,true,false,false,,,,,,false,false,false,,,false,false,false,false,false,-83.14106,42.35675,"{
  ""coordinates"": [
    -8.314106316100001e+01,
    4.235674717300000e+01
  ],
  ""type"": ""Point""
}","{
  ""coordinates"": [
    -83.141063161,
    42.356747173
  ],
  ""type"": ""Point""
}",-83.141063161,42.356747173
3311,9854256,I 94,CONNER,2016-11-11,11,11,2016,0,6,8,1,,1,0,,1,1,4,55,3,2,1,5,0,0,0,0,true,,false,false,true,false,false,,,,,,false,false,false,,,false,false,false,false,false,-82.98778,42.39642,"{
  ""coordinates"": [
    -8.298777991999999e+01,
    4.239642100100010e+01
  ],
  ""type"": ""Point""
}","{
  ""coordinates"": [
    -82.98777992,
    42.396421001
  ],
  ""type"": ""Point""
}",-82.98777992,42.3964210010001
3312,9873161,I-75,7 MILE,2016-11-10,10,11,2016,2,5,1,1,,1,0,,1,1,4,70,4,1,1,5,0,0,0,0,true,,false,false,false,false,false,,,,,,false,false,true,,,false,false,false,false,false,-83.09447,42.43111,"{
  ""coordinates"": [
    -8.309447687300000e+01,
    4.243111090400000e+01
  ],
  ""type"": ""Point""
}","{
  ""coordinates"": [
    -83.094476873,
    42.431110904
  ],
  ""type"": ""Point""
}",-83.094476873,42.431110904
3313,9873160,W/B I-94,I-75,2016-11-10,10,11,2016,23,5,1,1,,1,0,,1,1,4,55,3,1,1,5,0,0,0,0,true,,false,false,false,true,false,,,,,,false,false,false,,,false,false,false,false,false,-83.05775,42.36891,"{
  ""coordinates"": [
    -8.305774942600000e+01,
    4.236890846500010e+01
  ],
  ""type"": ""Point""
}","{
  ""coordinates"": [
    -83.057749426,
    42.368908465
  ],
  ""type"": ""Point""
}",-83.057749426,42.3689084650001
3314,9854283,SCHOENHERR,SEVEN MILE,2016-11-10,10,11,2016,23,5,4,9,,4,0,,1,1,4,30,2,2,3,4,0,0,0,2,false,,true,true,true,false,false,,,,,,false,false,false,,,false,false,false,false,false,-82.98512,42.43492,"{
  ""coordinates"": [
    -8.298511611299990e+01,
    4.243491567400010e+01
  ],
  ""type"": ""Point""
}","{
  ""coordinates"": [
    -82.985116113,
    42.434915674
  ],
  ""type"": ""Point""
}",-82.9851161129999,42.4349156740001
3315,9854244,MARTIN LUTHER KING JR,MAYBURY GRAND,2016-11-10,10,11,2016,17,5,98,9,,4,0,,1,1,4,35,6,2,3,5,0,0,0,0,true,,false,false,false,false,false,,,,,,false,false,true,,,false,false,false,false,false,-83.0901,42.33627,"{
  ""coordinates"": [
    -8.309009726300000e+01,
    4.233627368700010e+01
  ],
  ""type"": ""Point""
}","{
  ""coordinates"": [
    -83.090097263,
    42.336273687
  ],
  ""type"": ""Point""
}",-83.090097263,42.3362736870001
3316,9858380,W I 94,CHENE,2016-11-10,10,11,2016,16,5,8,1,,1,0,,1,1,1,55,3,2,2,5,0,0,0,0,true,,false,false,false,false,false,,,,,,false,false,true,,,false,false,false,false,false,-83.04598,42.37458,"{
  ""coordinates"": [
    -8.304598305400000e+01,
    4.237457803000010e+01
  ],
  ""type"": ""Point""
}","{
  ""coordinates"": [
    -83.045983054,
    42.37457803
  ],
  ""type"": ""Point""
}",-83.045983054,42.3745780300001
3317,9858370,I-94,LIVERNOIS,2016-11-10,10,11,2016,14,5,1,1,,1,0,,1,1,1,55,3,1,1,5,0,0,0,0,true,,false,false,false,false,false,,,,,,false,false,true,,,false,false,false,false,false,-83.12419,42.33759,"{
  ""coordinates"": [
    -8.312419332100001e+01,
    4.233758404700010e+01
  ],
  ""type"": ""Point""
}","{
  ""coordinates"": [
    -83.124193321,
    42.337584047
  ],
  ""type"": ""Point""
}",-83.124193321,42.3375840470001
3318,9866350,I-96,GRAND,2016-11-10,10,11,2016,20,5,8,1,,1,0,,1,1,4,55,3,2,2,5,0,0,0,0,true,,false,false,true,false,false,,,,,,false,true,false,,,false,false,false,false,false,-83.11242,42.35693,"{
  ""coordinates"": [
    -8.311241880599989e+01,
    4.235692520700010e+01
  ],
  ""type"": ""Point""
}","{
  ""coordinates"": [
    -83.112418806,
    42.356925207
  ],
  ""type"": ""Point""
}",-83.1124188059999,42.3569252070001
3319,9858394,N M 10,RAMP 105D,2016-11-10,10,11,2016,14,5,5,3,,1,0,,1,1,1,55,3,3,3,4,0,0,0,1,false,,false,false,false,false,false,,,,,,false,false,false,,,false,false,false,false,false,-83.15374,42.40483,"{
  ""coordinates"": [
    -8.315373993999999e+01,
    4.240482622800000e+01
  ],
  ""type"": ""Point""
}","{
  ""coordinates"": [
    -83.15373994,
    42.404826228
  ],
  ""type"": ""Point""
}",-83.15373994,42.404826228
3320,9854309,WOODWARD,7 MILE,2016-11-10,10,11,2016,12,5,8,3,,1,0,,1,1,1,35,4,2,1,5,0,0,0,0,true,,false,false,true,false,false,,,,,,false,true,false,,,false,false,false,false,false,-83.1151,42.43232,"{
  ""coordinates"": [
    -8.311510119199990e+01,
    4.243231540000000e+01
  ],
  ""type"": ""Point""
}","{
  ""coordinates"": [
    -83.115101192,
    42.4323154
  ],
  ""type"": ""Point""
}",-83.1151011919999,42.4323154
3321,9863532,GILBERT,PELOUZE,2016-11-10,10,11,2016,16,5,4,9,,,0,,1,1,1,25,2,2,3,3,0,0,1,0,false,,true,false,false,false,false,,,,,,false,false,true,,,false,false,false,false,false,-83.12461,42.33458,"{
  ""coordinates"": [
    -8.312460938100000e+01,
    4.233458330200010e+01
  ],
  ""type"": ""Point""
}","{
  ""coordinates"": [
    -83.124609381,
    42.334583302
  ],
  ""type"": ""Point""
}",-83.124609381,42.3345833020001
3322,9854290,WYOMING,DESOTO,2016-11-10,10,11,2016,17,5,3,9,,4,0,,1,1,5,30,4,2,2,5,0,0,0,0,true,,false,false,true,false,false,,,,,,false,false,false,,,false,false,false,false,false,-83.15961,42.40125,"{
  ""coordinates"": [
    -8.315961105400000e+01,
    4.240125273700000e+01
  ],
  ""type"": ""Point""
}","{
  ""coordinates"": [
    -83.159611054,
    42.401252737
  ],
  ""type"": ""Point""
}",-83.159611054,42.401252737
3323,9877873,CONGRESS,BATES,2016-11-10,10,11,2016,18,5,5,9,,4,0,,1,1,3,35,1,2,2,5,0,0,0,0,true,,false,false,false,false,false,,,,,,false,false,true,,,false,false,false,false,false,-83.0446,42.33072,"{
  ""coordinates"": [
    -8.304460128300001e+01,
    4.233071739400000e+01
  ],
  ""type"": ""Point""
}","{
  ""coordinates"": [
    -83.044601283,
    42.330717394
  ],
  ""type"": ""Point""
}",-83.044601283,42.330717394
3324,9854254,BENITEAU,MACK,2016-11-10,10,11,2016,13,5,5,9,,,0,,1,1,1,25,2,2,0,5,0,0,0,0,true,,false,false,true,false,false,,,,,,false,false,false,,,false,false,false,false,false,-82.98056,42.37986,"{
  ""coordinates"": [
    -8.298056225200000e+01,
    4.237985557200010e+01
  ],
  ""type"": ""Point""
}","{
  ""coordinates"": [
    -82.980562252,
    42.379855572
  ],
  ""type"": ""Point""
}",-82.980562252,42.3798555720001
3325,9861753,JEFFERSON,BEAUBIEN,2016-11-10,10,11,2016,16,5,7,4,,1,0,,1,1,1,25,4,2,6,4,0,0,0,2,false,,true,true,false,false,false,,,,,,false,false,false,,,false,false,false,false,false,-83.0398,42.33088,"{
  ""coordinates"": [
    -8.303980456799999e+01,
    4.233087439700010e+01
  ],
  ""type"": ""Point""
}","{
  ""coordinates"": [
    -83.039804568,
    42.330874397
  ],
  ""type"": ""Point""
}",-83.039804568,42.3308743970001
3326,9854275,MCNICHOLS,EDINBOROUGH,2016-11-10,10,11,2016,7,5,4,9,,2,0,,1,1,1,35,4,2,2,5,0,0,0,0,true,,false,false,false,false,false,,,,,,false,false,true,,,false,false,false,false,false,-83.23416,42.41525,"{
  ""coordinates"": [
    -8.323415884600000e+01,
    4.241524940100000e+01
  ],
  ""type"": ""Point""
}","{
  ""coordinates"": [
    -83.234158846,
    42.415249401
  ],
  ""type"": ""Point""
}",-83.234158846,42.415249401
3327,9852736,SPRINGWELLS,MCGRAW,2016-11-10,10,11,2016,13,5,97,9,,,0,,1,1,1,25,4,2,2,5,0,0,0,0,true,,false,false,false,false,false,,,,,,false,true,false,,,false,false,false,false,false,-83.14263,42.33488,"{
  ""coordinates"": [
    -8.314263417300000e+01,
    4.233488136900010e+01
  ],
  ""type"": ""Point""
}","{
  ""coordinates"": [
    -83.142634173,
    42.334881369
  ],
  ""type"": ""Point""
}",-83.142634173,42.3348813690001
3328,9854243,WOODWARD,S I 75,2016-11-10,10,11,2016,20,5,4,3,,1,0,,1,1,4,30,2,2,3,2,0,1,0,0,false,,true,true,false,false,false,,,,,,false,true,false,,,false,false,false,false,false,-83.05293,42.34002,"{
  ""coordinates"": [
    -8.305292898300000e+01,
    4.234002261600010e+01
  ],
  ""type"": ""Point""
}","{
  ""coordinates"": [
    -83.052928983,
    42.340022616
  ],
  ""type"": ""Point""
}",-83.052928983,42.3400226160001
3329,9854277,ARTESIAN,CHALFONTE,2016-11-10,10,11,2016,22,5,1,9,,,0,,1,1,4,25,2,1,1,5,0,0,0,0,true,,false,false,false,false,false,,,,,,false,false,false,,,false,false,false,false,false,-83.22756,42.3986,"{
  ""coordinates"": [
    -8.322755818500001e+01,
    4.239859740700010e+01
  ],
  ""type"": ""Point""
}","{
  ""coordinates"": [
    -83.227558185,
    42.398597407
  ],
  ""type"": ""Point""
}",-83.227558185,42.3985974070001
3330,9852743,RUSSELL,MILWAUKEE,2016-11-10,10,11,2016,17,5,9,9,,4,0,,1,1,1,35,1,3,3,4,0,0,0,1,false,,false,false,false,false,false,,,,,,false,true,true,,,false,false,false,false,false,-83.05893,42.37412,"{
  ""coordinates"": [
    -8.305892910599989e+01,
    4.237412340200010e+01
  ],
  ""type"": ""Point""
}","{
  ""coordinates"": [
    -83.058929106,
    42.374123402
  ],
  ""type"": ""Point""
}",-83.0589291059999,42.3741234020001
3331,9852740,GRATIOT,FISHER,2016-11-10,10,11,2016,9,5,8,3,,1,0,,1,1,1,0,3,2,2,5,0,0,0,0,true,,false,false,false,false,false,,,,,,false,false,false,,,false,false,false,false,false,-83.0105,42.38515,"{
  ""coordinates"": [
    -8.301049754899999e+01,
    4.238514707100010e+01
  ],
  ""type"": ""Point""
}","{
  ""coordinates"": [
    -83.010497549,
    42.385147071
  ],
  ""type"": ""Point""
}",-83.010497549,42.3851470710001
3332,9852756,MEYERS,7 MILE,2016-11-10,10,11,2016,12,5,4,9,,4,0,,1,1,1,30,5,2,4,5,0,0,0,0,true,,false,false,false,false,false,,,,,,false,false,false,,,false,false,false,false,false,-83.17067,42.43069,"{
  ""coordinates"": [
    -8.317066785999999e+01,
    4.243069079800010e+01
  ],
  ""type"": ""Point""
}","{
  ""coordinates"": [
    -83.17066786,
    42.430690798
  ],
  ""type"": ""Point""
}",-83.17066786,42.4306907980001
3333,9852750,STATE FAIR,RENO,2016-11-10,10,11,2016,4,5,5,9,,4,0,,1,1,4,25,2,2,1,5,0,0,0,0,true,,false,false,true,false,false,,,,,,false,false,false,,,false,false,false,false,false,-82.98267,42.44228,"{
  ""coordinates"": [
    -8.298266540700000e+01,
    4.244227560800000e+01
  ],
  ""type"": ""Point""
}","{
  ""coordinates"": [
    -82.982665407,
    42.442275608
  ],
  ""type"": ""Point""
}",-82.982665407,42.442275608
3334,9854245,JOHN C LODGE FWY SD,CLAIRMOUNT,2016-11-10,10,11,2016,16,5,4,3,,1,0,,1,1,1,30,4,2,5,4,0,0,0,5,false,,false,false,false,false,false,,,,,,false,false,true,,,false,false,false,false,false,-83.0904,42.37966,"{
  ""coordinates"": [
    -8.309039770899990e+01,
    4.237966122100000e+01
  ],
  ""type"": ""Point""
}","{
  ""coordinates"": [
    -83.090397709,
    42.379661221
  ],
  ""type"": ""Point""
}",-83.0903977089999,42.379661221
3335,9854310,MCNICHOLS,JAMES COUZENS,2016-11-10,10,11,2016,22,5,1,9,,2,1,,1,1,4,35,2,1,0,5,0,0,0,0,true,,false,false,true,false,false,,,,,,false,false,false,,,false,false,false,false,false,-83.17207,42.41664,"{
  ""coordinates"": [
    -8.317207411800000e+01,
    4.241663944200010e+01
  ],
  ""type"": ""Point""
}","{
  ""coordinates"": [
    -83.172074118,
    42.416639442
  ],
  ""type"": ""Point""
}",-83.172074118,42.4166394420001
3336,9854288,OAKMAN,AMERICAN,2016-11-10,10,11,2016,16,5,8,9,,4,0,,98,98,98,30,3,2,2,5,0,0,0,0,true,,false,false,false,false,false,,,,,,false,false,false,,,false,false,false,false,false,-83.14479,42.37813,"{
  ""coordinates"": [
    -8.314478689200000e+01,
    4.237812778200000e+01
  ],
  ""type"": ""Point""
}","{
  ""coordinates"": [
    -83.144786892,
    42.378127782
  ],
  ""type"": ""Point""
}",-83.144786892,42.378127782
3337,9852727,12TH,GRAND,2016-11-10,10,11,2016,18,5,1,9,,4,0,,1,1,4,30,3,1,1,5,0,0,0,0,true,,false,false,false,false,false,,,,,,false,false,false,,,false,false,true,false,false,-83.09048,42.36287,"{
  ""coordinates"": [
    -8.309047934800000e+01,
    4.236287177400000e+01
  ],
  ""type"": ""Point""
}","{
  ""coordinates"": [
    -83.090479348,
    42.362871774
  ],
  ""type"": ""Point""
}",-83.090479348,42.362871774
3338,9852757,MCNICHOLS,GREENFIELD,2016-11-10,10,11,2016,17,5,5,9,,2,0,,1,1,3,30,3,2,2,5,0,0,0,0,true,,false,false,false,false,false,,,,,,false,true,false,,,false,false,false,false,false,-83.20042,42.41595,"{
  ""coordinates"": [
    -8.320041459600000e+01,
    4.241595140000000e+01
  ],
  ""type"": ""Point""
}","{
  ""coordinates"": [
    -83.200414596,
    42.4159514
  ],
  ""type"": ""Point""
}",-83.200414596,42.4159514
3339,9852748,MACK,GRATIOT,2016-11-10,10,11,2016,11,5,8,3,,4,0,,1,1,1,25,2,2,3,5,0,0,0,0,true,,false,false,false,false,false,,,,,,false,false,false,,,false,false,false,false,false,-83.02743,42.35917,"{
  ""coordinates"": [
    -8.302742528700000e+01,
    4.235916854000000e+01
  ],
  ""type"": ""Point""
}","{
  ""coordinates"": [
    -83.027425287,
    42.35916854
  ],
  ""type"": ""Point""
}",-83.027425287,42.35916854
3340,9852722,E I 94,14TH,2016-11-10,10,11,2016,17,5,5,1,,1,0,,1,1,3,50,3,2,2,5,0,0,0,0,true,,false,false,false,false,false,,,,,,false,false,false,,,false,false,false,false,false,-83.08919,42.35322,"{
  ""coordinates"": [
    -8.308918778899989e+01,
    4.235322020400010e+01
  ],
  ""type"": ""Point""
}","{
  ""coordinates"": [
    -83.089187789,
    42.353220204
  ],
  ""type"": ""Point""
}",-83.0891877889999,42.3532202040001
3341,9852755,7 MILE,DEQUINDRE,2016-11-10,10,11,2016,8,5,1,9,,4,0,,1,1,1,30,4,2,1,1,1,0,0,0,false,,false,false,false,false,false,,,,,,true,false,false,,,false,false,false,false,false,-83.08289,42.4329,"{
  ""coordinates"": [
    -8.308288571700000e+01,
    4.243290001400000e+01
  ],
  ""type"": ""Point""
}","{
  ""coordinates"": [
    -83.082885717,
    42.432900014
  ],
  ""type"": ""Point""
}",-83.082885717,42.432900014
3342,9854255,HARPER,BENITEAU,2016-11-10,10,11,2016,8,5,5,9,,4,0,,1,1,1,35,6,3,2,5,0,0,0,0,true,,false,false,true,false,false,,,,,,false,false,true,,,false,false,false,false,false,-82.99158,42.39667,"{
  ""coordinates"": [
    -8.299158650000000e+01,
    4.239666897600010e+01
  ],
  ""type"": ""Point""
}","{
  ""coordinates"": [
    -82.9915865,
    42.396668976
  ],
  ""type"": ""Point""
}",-82.9915865,42.3966689760001
3343,9854259,GRANDVILLE,SAWYER,2016-11-10,10,11,2016,23,5,98,9,,,0,,1,1,4,25,2,2,0,5,0,0,0,0,true,,false,false,true,false,false,,,,,,false,false,false,,,false,false,false,false,false,-83.2294,42.34597,"{
  ""coordinates"": [
    -8.322940247500000e+01,
    4.234596603700000e+01
  ],
  ""type"": ""Point""
}","{
  ""coordinates"": [
    -83.229402475,
    42.345966037
  ],
  ""type"": ""Point""
}",-83.229402475,42.345966037
3344,9852741,ORLEANS,DIVISION,2016-11-10,10,11,2016,13,5,4,9,,7,0,,1,1,1,15,2,2,3,5,0,0,0,0,true,,false,false,false,false,false,,,,,,false,false,true,,,false,false,false,false,false,-83.03797,42.34841,"{
  ""coordinates"": [
    -8.303796846599990e+01,
    4.234840623200010e+01
  ],
  ""type"": ""Point""
}","{
  ""coordinates"": [
    -83.037968466,
    42.348406232
  ],
  ""type"": ""Point""
}",-83.0379684659999,42.3484062320001
3345,9856938,FRENCH,GRATIOT,2016-11-10,10,11,2016,12,5,4,3,,4,0,,1,1,1,35,8,2,2,5,0,0,0,0,true,,true,true,false,false,false,,,,,,false,false,true,,,false,false,false,false,false,-83.00045,42.40038,"{
  ""coordinates"": [
    -8.300045153600000e+01,
    4.240037950400010e+01
  ],
  ""type"": ""Point""
}","{
  ""coordinates"": [
    -83.000451536,
    42.400379504
  ],
  ""type"": ""Point""
}",-83.000451536,42.4003795040001
3346,9854241,SECOND,TAYLOR,2016-11-10,10,11,2016,21,5,4,9,,4,0,,1,1,4,0,5,2,4,3,0,0,4,0,false,,false,false,false,false,false,,,,,,false,false,true,,,false,false,false,false,false,-83.08421,42.38091,"{
  ""coordinates"": [
    -8.308421313600000e+01,
    4.238091087300010e+01
  ],
  ""type"": ""Point""
}","{
  ""coordinates"": [
    -83.084213136,
    42.380910873
  ],
  ""type"": ""Point""
}",-83.084213136,42.3809108730001
3347,9854260,HEYDEN,CAPITOL,2016-11-10,10,11,2016,16,5,97,9,,,0,,1,1,1,25,2,2,0,5,0,0,0,0,true,,false,false,true,false,false,,,,,,false,false,false,,,false,false,false,false,false,-83.23887,42.37497,"{
  ""coordinates"": [
    -8.323887161899999e+01,
    4.237497482000000e+01
  ],
  ""type"": ""Point""
}","{
  ""coordinates"": [
    -83.238871619,
    42.37497482
  ],
  ""type"": ""Point""
}",-83.238871619,42.37497482
3348,9858034,5369 HARDING,WARREN,2016-11-10,10,11,2016,23,5,10,9,,,3,,1,1,4,25,2,2,0,5,0,0,0,0,true,,false,false,true,false,false,,,,,,false,false,false,,,false,false,false,false,false,-82.9917,42.38463,"{
  ""coordinates"": [
    -8.299169701300001e+01,
    4.238463292100000e+01
  ],
  ""type"": ""Point""
}","{
  ""coordinates"": [
    -82.991697013,
    42.384632921
  ],
  ""type"": ""Point""
}",-82.991697013,42.384632921
3349,9858378,RAMP 012A,N M 39,2016-11-10,10,11,2016,11,5,5,3,,1,0,,1,1,1,55,1,2,2,5,0,0,0,0,true,,false,false,false,false,false,,,,,,false,false,true,,,false,false,false,false,false,-83.21961,42.4397,"{
  ""coordinates"": [
    -8.321961191299989e+01,
    4.243969987000000e+01
  ],
  ""type"": ""Point""
}","{
  ""coordinates"": [
    -83.219611913,
    42.43969987
  ],
  ""type"": ""Point""
}",-83.2196119129999,42.43969987
3350,9852744,CADIEUX,LANARK,2016-11-10,10,11,2016,10,5,4,9,,4,0,,1,1,1,30,4,2,2,4,0,0,0,1,false,,false,false,false,false,false,,,,,,false,false,true,,,false,false,false,false,false,-82.93812,42.4187,"{
  ""coordinates"": [
    -8.293811576400000e+01,
    4.241869550700010e+01
  ],
  ""type"": ""Point""
}","{
  ""coordinates"": [
    -82.938115764,
    42.418695507
  ],
  ""type"": ""Point""
}",-82.938115764,42.4186955070001
3351,9880463,N/B M-39,JOY,2016-11-10,10,11,2016,19,5,5,3,,1,0,,1,1,4,55,3,2,2,5,0,0,0,0,true,,false,false,false,false,false,,,,,,false,false,true,,,false,false,false,false,false,-83.21632,42.3564,"{
  ""coordinates"": [
    -8.321632235899990e+01,
    4.235639819500010e+01
  ],
  ""type"": ""Point""
}","{
  ""coordinates"": [
    -83.216322359,
    42.356398195
  ],
  ""type"": ""Point""
}",-83.2163223589999,42.3563981950001
3352,9858379,I-94,CADIEUX,2016-11-10,10,11,2016,15,5,5,1,,1,0,,1,1,1,55,3,3,3,5,0,0,0,0,true,,false,false,false,false,false,,,,,,false,false,true,,,false,false,false,false,false,-82.9407,42.41475,"{
  ""coordinates"": [
    -8.294070432599990e+01,
    4.241475132700000e+01
  ],
  ""type"": ""Point""
}","{
  ""coordinates"": [
    -82.940704326,
    42.414751327
  ],
  ""type"": ""Point""
}",-82.9407043259999,42.414751327
3353,9852739,WARREN,S I 75 SERVICE DRIVE,2016-11-10,10,11,2016,18,5,8,9,,4,0,,1,1,3,30,3,2,1,5,0,0,0,0,true,,false,false,true,false,false,,,,,,false,false,false,,,false,false,false,false,false,-83.05516,42.36049,"{
  ""coordinates"": [
    -8.305516355499999e+01,
    4.236048883900000e+01
  ],
  ""type"": ""Point""
}","{
  ""coordinates"": [
    -83.055163555,
    42.360488839
  ],
  ""type"": ""Point""
}",-83.055163555,42.360488839
3354,9858377,M-39,WARREN,2016-11-10,10,11,2016,7,5,5,3,,1,0,,1,1,1,55,3,3,3,5,0,0,0,0,true,,false,false,false,false,false,,,,,,false,false,false,,,false,false,false,false,false,-83.21617,42.347,"{
  ""coordinates"": [
    -8.321616840000000e+01,
    4.234699549700010e+01
  ],
  ""type"": ""Point""
}","{
  ""coordinates"": [
    -83.2161684,
    42.346995497
  ],
  ""type"": ""Point""
}",-83.2161684,42.3469954970001
3355,9852758,VASSAR,LESURE,2016-11-10,10,11,2016,16,5,4,9,,4,0,,1,1,1,30,3,2,3,4,0,0,0,1,false,,false,false,false,false,false,,,,,,false,false,false,,,false,false,false,false,false,-83.1833,42.43466,"{
  ""coordinates"": [
    -8.318330277599991e+01,
    4.243466325100010e+01
  ],
  ""type"": ""Point""
}","{
  ""coordinates"": [
    -83.183302776,
    42.434663251
  ],
  ""type"": ""Point""
}",-83.1833027759999,42.4346632510001
3356,9861773,GRATIOT,SAINT AUBIN,2016-11-10,10,11,2016,15,5,1,3,,1,0,,1,1,1,30,6,1,2,3,0,0,1,0,false,,false,false,false,false,false,,,,,,false,false,false,,,false,false,false,false,false,-83.03428,42.3493,"{
  ""coordinates"": [
    -8.303428151400000e+01,
    4.234930525300010e+01
  ],
  ""type"": ""Point""
}","{
  ""coordinates"": [
    -83.034281514,
    42.349305253
  ],
  ""type"": ""Point""
}",-83.034281514,42.3493052530001
3357,9858392,I-94,GRATIOT,2016-11-10,10,11,2016,6,5,5,1,,1,0,,1,1,4,55,3,3,3,5,0,0,0,0,true,,false,false,false,false,false,,,,,,false,false,false,,,false,false,false,false,false,-83.01069,42.39001,"{
  ""coordinates"": [
    -8.301068720400001e+01,
    4.239001427400010e+01
  ],
  ""type"": ""Point""
}","{
  ""coordinates"": [
    -83.010687204,
    42.390014274
  ],
  ""type"": ""Point""
}",-83.010687204,42.3900142740001
3358,9880462,S/B M-39,7 MILE,2016-11-10,10,11,2016,18,5,5,3,,1,0,,1,1,4,55,3,2,2,5,0,0,0,0,true,,false,false,false,false,false,,,,,,false,false,true,,,false,false,false,false,false,-83.21941,42.43029,"{
  ""coordinates"": [
    -8.321941741900000e+01,
    4.243029014900000e+01
  ],
  ""type"": ""Point""
}","{
  ""coordinates"": [
    -83.219417419,
    42.430290149
  ],
  ""type"": ""Point""
}",-83.219417419,42.430290149
3359,9852746,7 MILE,CHALMERS,2016-11-10,10,11,2016,15,5,3,9,,2,0,,1,1,1,0,2,2,1,5,0,0,0,0,true,,false,false,false,false,false,,,,,,false,false,false,,,false,false,false,false,false,-82.97527,42.43513,"{
  ""coordinates"": [
    -8.297527125499990e+01,
    4.243513133600000e+01
  ],
  ""type"": ""Point""
}","{
  ""coordinates"": [
    -82.975271255,
    42.435131336
  ],
  ""type"": ""Point""
}",-82.9752712549999,42.435131336
3360,9854291,PRAIRIE,ELMHURST,2016-11-10,10,11,2016,15,5,4,9,,,0,,1,1,1,25,1,2,5,4,0,0,0,2,false,,false,false,false,false,false,,,,,,false,false,false,,,false,false,false,false,false,-83.14347,42.37647,"{
  ""coordinates"": [
    -8.314347194299999e+01,
    4.237647329000000e+01
  ],
  ""type"": ""Point""
}","{
  ""coordinates"": [
    -83.143471943,
    42.37647329
  ],
  ""type"": ""Point""
}",-83.143471943,42.37647329
3361,9854240,CASS,PETERBORO,2016-11-10,10,11,2016,18,5,5,9,,4,0,,1,1,3,0,4,2,3,5,0,0,0,0,true,,false,false,false,false,false,,,,,,false,true,false,,,false,false,false,false,false,-83.05998,42.3443,"{
  ""coordinates"": [
    -8.305997997400000e+01,
    4.234429482500010e+01
  ],
  ""type"": ""Point""
}","{
  ""coordinates"": [
    -83.059979974,
    42.344294825
  ],
  ""type"": ""Point""
}",-83.059979974,42.3442948250001
3362,9858383,I-75,WOODWARD,2016-11-10,10,11,2016,15,5,5,1,,1,0,,1,1,1,55,5,2,2,5,0,0,0,0,true,,false,false,false,false,false,,,,,,false,true,false,,,false,false,false,false,false,-83.05313,42.33969,"{
  ""coordinates"": [
    -8.305313005700000e+01,
    4.233969651500010e+01
  ],
  ""type"": ""Point""
}","{
  ""coordinates"": [
    -83.053130057,
    42.339696515
  ],
  ""type"": ""Point""
}",-83.053130057,42.3396965150001