ObjectId,Crash ID,Primary Road,Intersecting Road,Crash Date,Day,Month,Year,Hour,Weekday,Crash Type Code,Highway Classification Code,Community Code,Jurisdiction Code,Lane Departure Type Code,Surface Type,Road Condition,Weather Condition,Lighting Condition,Speed Limit,Lanes,Units,Occupants,Most Severe Injury,Fatal Injuries,Suspected Serious Injuries,Suspected Minor Injuries,Possible Injuries,Property Damage Only,Secondary Crash,Traffic Control,Red Light Run,Hit and Run,Alcohol,Drugs,Unbelted Person,Work Zone,Speeding Driver,Distracted Driver,Driveway,Pedestrian,Elderly Driver,Young Driver,Commercial Vehicle,Emergency Vehicles,Train,School Bus,Motorcycle,Bicycle,Deer,Longitude,Latitude,geom,geog,x,y
3363,9854267,LYNDON,GREYDALE,2016-11-10,10,11,2016,14,5,1,9,,4,0,,1,1,1,25,2,1,1,4,0,0,0,1,false,,false,false,false,false,false,,,,,,false,false,false,,,false,false,false,false,false,-83.25532,42.3931,"{
  ""coordinates"": [
    -8.325531533100001e+01,
    4.239309596200010e+01
  ],
  ""type"": ""Point""
}","{
  ""coordinates"": [
    -83.255315331,
    42.393095962
  ],
  ""type"": ""Point""
}",-83.255315331,42.3930959620001
3364,9852721,SCHAEFER,JOY,2016-11-10,10,11,2016,10,5,1,9,,4,1,,1,1,1,35,5,1,0,5,0,0,0,0,true,,false,false,false,false,false,,,,,,false,false,false,,,false,false,false,false,false,-83.17748,42.35834,"{
  ""coordinates"": [
    -8.317747905100001e+01,
    4.235834199700000e+01
  ],
  ""type"": ""Point""
}","{
  ""coordinates"": [
    -83.177479051,
    42.358341997
  ],
  ""type"": ""Point""
}",-83.177479051,42.358341997
3365,9884169,M 39,CHICAGO,2016-11-10,10,11,2016,8,5,5,3,,1,0,,1,1,1,55,3,2,2,4,0,0,0,1,false,,false,false,false,false,false,,,,,,false,false,false,,,false,false,false,false,false,-83.21638,42.36553,"{
  ""coordinates"": [
    -8.321637822199990e+01,
    4.236553253000010e+01
  ],
  ""type"": ""Point""
}","{
  ""coordinates"": [
    -83.216378222,
    42.36553253
  ],
  ""type"": ""Point""
}",-83.2163782219999,42.3655325300001
3366,9854237,GREENFIELD,MCNICHOLS,2016-11-10,10,11,2016,16,5,5,9,,2,0,,1,1,1,0,8,2,2,5,0,0,0,0,true,,false,false,true,false,false,,,,,,false,false,true,,,false,false,false,false,false,-83.1993,42.41578,"{
  ""coordinates"": [
    -8.319929959099990e+01,
    4.241577796300000e+01
  ],
  ""type"": ""Point""
}","{
  ""coordinates"": [
    -83.199299591,
    42.415777963
  ],
  ""type"": ""Point""
}",-83.1992995909999,42.415777963
3367,9873198,I 75,MCNICHOLS,2016-11-10,10,11,2016,18,5,5,1,,1,0,,1,1,4,70,4,2,2,5,0,0,0,0,true,,false,false,false,false,false,,,,,,false,false,false,,,false,false,false,false,false,-83.08852,42.41918,"{
  ""coordinates"": [
    -8.308851623899990e+01,
    4.241917820600000e+01
  ],
  ""type"": ""Point""
}","{
  ""coordinates"": [
    -83.088516239,
    42.419178206
  ],
  ""type"": ""Point""
}",-83.0885162389999,42.419178206
3368,9877778,S M 39,RAMP 008M,2016-11-10,10,11,2016,18,5,5,3,,1,0,,1,1,4,55,2,3,3,5,0,0,0,0,true,,false,false,false,false,false,,,,,,false,false,true,,,false,false,false,false,false,-83.21711,42.37876,"{
  ""coordinates"": [
    -8.321710667199990e+01,
    4.237876127000000e+01
  ],
  ""type"": ""Point""
}","{
  ""coordinates"": [
    -83.217106672,
    42.37876127
  ],
  ""type"": ""Point""
}",-83.2171066719999,42.37876127
3369,9852720,SCHAEFER,TIREMAN,2016-11-10,10,11,2016,15,5,8,9,,4,0,,1,2,1,30,4,2,2,5,0,0,0,0,true,,false,false,false,false,false,,,,,,false,false,false,,,false,false,false,false,false,-83.17719,42.35169,"{
  ""coordinates"": [
    -8.317719276900000e+01,
    4.235168684400000e+01
  ],
  ""type"": ""Point""
}","{
  ""coordinates"": [
    -83.177192769,
    42.351686844
  ],
  ""type"": ""Point""
}",-83.177192769,42.351686844
3370,9854289,DAVISON,MONICA,2016-11-10,10,11,2016,19,5,8,3,,1,0,,98,98,98,30,3,2,2,5,0,0,0,0,true,,false,false,true,false,false,,,,,,false,false,false,,,false,false,false,false,false,-83.1426,42.38638,"{
  ""coordinates"": [
    -8.314259738800000e+01,
    4.238637422000010e+01
  ],
  ""type"": ""Point""
}","{
  ""coordinates"": [
    -83.142597388,
    42.38637422
  ],
  ""type"": ""Point""
}",-83.142597388,42.3863742200001
3371,9890228,M-39,PURITAN,2016-11-10,10,11,2016,13,5,97,3,,1,0,,1,1,1,55,3,4,4,4,0,0,0,1,false,,false,false,false,false,false,,,,,,false,false,false,,,false,false,false,false,false,-83.21861,42.40977,"{
  ""coordinates"": [
    -8.321860850300000e+01,
    4.240977406100010e+01
  ],
  ""type"": ""Point""
}","{
  ""coordinates"": [
    -83.218608503,
    42.409774061
  ],
  ""type"": ""Point""
}",-83.218608503,42.4097740610001
3372,9852725,LAFAYETTE,10TH,2016-11-10,10,11,2016,11,5,4,9,,4,0,,1,1,1,30,5,2,3,4,0,0,0,1,false,,false,false,false,false,true,,,,,,false,false,false,,,false,false,false,false,false,-83.06371,42.32487,"{
  ""coordinates"": [
    -8.306370992599990e+01,
    4.232487251100010e+01
  ],
  ""type"": ""Point""
}","{
  ""coordinates"": [
    -83.063709926,
    42.324872511
  ],
  ""type"": ""Point""
}",-83.0637099259999,42.3248725110001
3373,9854264,DACOSTA,WARREN,2016-11-10,10,11,2016,6,5,98,9,,,0,,1,1,4,25,2,2,0,5,0,0,0,0,true,,false,false,true,false,false,,,,,,false,false,false,,,false,false,false,false,false,-83.25749,42.34326,"{
  ""coordinates"": [
    -8.325748973700000e+01,
    4.234325659700000e+01
  ],
  ""type"": ""Point""
}","{
  ""coordinates"": [
    -83.257489737,
    42.343256597
  ],
  ""type"": ""Point""
}",-83.257489737,42.343256597
3374,9858376,W I 94,RAMP 219D,2016-11-10,10,11,2016,6,5,5,1,,1,0,,1,1,4,55,3,3,6,5,0,0,0,0,true,,false,false,false,false,false,,,,,,false,false,true,,,false,false,false,false,false,-83.01115,42.38983,"{
  ""coordinates"": [
    -8.301115190500001e+01,
    4.238983000600010e+01
  ],
  ""type"": ""Point""
}","{
  ""coordinates"": [
    -83.011151905,
    42.389830006
  ],
  ""type"": ""Point""
}",-83.011151905,42.3898300060001
3375,9852745,VAN DYKE,GRATIOT,2016-11-10,10,11,2016,15,5,4,3,,1,0,,1,1,1,0,2,2,1,5,0,0,0,0,true,,false,false,false,false,false,,,,,,false,true,false,,,false,false,false,false,false,-83.01468,42.37882,"{
  ""coordinates"": [
    -8.301467939699999e+01,
    4.237882128200000e+01
  ],
  ""type"": ""Point""
}","{
  ""coordinates"": [
    -83.014679397,
    42.378821282
  ],
  ""type"": ""Point""
}",-83.014679397,42.378821282
3376,9861755,WOODWARD,LARNED,2016-11-10,10,11,2016,8,5,8,9,,4,0,,1,1,1,30,3,2,3,5,0,0,0,0,true,,false,false,false,false,false,,,,,,false,false,true,,,false,false,false,false,false,-83.04531,42.3294,"{
  ""coordinates"": [
    -8.304531118100000e+01,
    4.232939346800000e+01
  ],
  ""type"": ""Point""
}","{
  ""coordinates"": [
    -83.045311181,
    42.329393468
  ],
  ""type"": ""Point""
}",-83.045311181,42.329393468
3377,9858393,M-10,SCHAEFER,2016-11-10,10,11,2016,10,5,8,3,,1,0,,1,1,1,55,3,2,3,5,0,0,0,0,true,,false,false,false,false,false,,,,,,false,false,true,,,false,false,false,false,false,-83.18273,42.42702,"{
  ""coordinates"": [
    -8.318273235200000e+01,
    4.242701554400000e+01
  ],
  ""type"": ""Point""
}","{
  ""coordinates"": [
    -83.182732352,
    42.427015544
  ],
  ""type"": ""Point""
}",-83.182732352,42.427015544
3378,9852719,MAJESTIC,AMERICAN,2016-11-10,10,11,2016,14,5,1,9,,,0,,1,1,1,25,2,1,0,5,0,0,0,0,true,,false,false,false,false,false,,,,,,false,false,false,,,false,false,false,false,false,-83.1441,42.34716,"{
  ""coordinates"": [
    -8.314409284100000e+01,
    4.234716269800000e+01
  ],
  ""type"": ""Point""
}","{
  ""coordinates"": [
    -83.144092841,
    42.347162698
  ],
  ""type"": ""Point""
}",-83.144092841,42.347162698
3379,9858428,DAVISON,WOODWARD,2016-11-10,10,11,2016,17,5,5,9,,,0,,1,1,1,55,4,2,2,5,0,0,0,0,true,,false,false,false,false,false,,,,,,false,false,false,,,false,false,false,false,false,-83.20398,42.38472,"{
  ""coordinates"": [
    -8.320398055800000e+01,
    4.238471771200010e+01
  ],
  ""type"": ""Point""
}","{
  ""coordinates"": [
    -83.203980558,
    42.384717712
  ],
  ""type"": ""Point""
}",-83.203980558,42.3847177120001
3380,9854307,WYOMING,MCNICHOLS,2016-11-09,9,11,2016,16,4,5,9,,4,0,,1,1,1,30,3,2,2,5,0,0,0,0,true,,false,false,false,false,false,,,,,,false,false,false,,,false,false,false,false,false,-83.16029,42.41638,"{
  ""coordinates"": [
    -8.316028985500000e+01,
    4.241638048800010e+01
  ],
  ""type"": ""Point""
}","{
  ""coordinates"": [
    -83.160289855,
    42.416380488
  ],
  ""type"": ""Point""
}",-83.160289855,42.4163804880001
3381,9855341,MCNICHOLS,LENORE,2016-11-09,9,11,2016,18,4,4,9,,2,0,,1,1,5,35,4,2,3,5,0,0,0,0,true,,false,false,false,false,false,,,,,,false,false,true,,,false,false,false,false,false,-83.28097,42.41442,"{
  ""coordinates"": [
    -8.328097002500000e+01,
    4.241442527200010e+01
  ],
  ""type"": ""Point""
}","{
  ""coordinates"": [
    -83.280970025,
    42.414425272
  ],
  ""type"": ""Point""
}",-83.280970025,42.4144252720001
3382,9851737,8 MILE,SOUTHFIELD SERVICE,2016-11-09,9,11,2016,7,4,97,3,,1,0,,2,2,1,45,6,2,1,5,0,0,0,0,true,,false,false,true,false,false,,,,,,false,false,false,,,false,false,false,false,false,-83.21835,42.44421,"{
  ""coordinates"": [
    -8.321835322699999e+01,
    4.244420434300010e+01
  ],
  ""type"": ""Point""
}","{
  ""coordinates"": [
    -83.218353227,
    42.444204343
  ],
  ""type"": ""Point""
}",-83.218353227,42.4442043430001
3383,9854280,8 MILE,SOUTHFIELD SERVICE DRIVE,2016-11-09,9,11,2016,18,4,5,3,,1,0,,1,1,1,35,4,2,1,5,0,0,0,0,true,,false,false,true,false,false,,,,,,false,false,false,,,false,false,false,false,false,-83.22016,42.44416,"{
  ""coordinates"": [
    -8.322015956199991e+01,
    4.244416472900010e+01
  ],
  ""type"": ""Point""
}","{
  ""coordinates"": [
    -83.220159562,
    42.444164729
  ],
  ""type"": ""Point""
}",-83.2201595619999,42.4441647290001
3384,9851750,TIREMAN,LIVERNOIS,2016-11-09,9,11,2016,15,4,5,9,,4,0,,1,1,1,30,4,2,2,5,0,0,0,0,true,,false,false,false,false,false,,,,,,false,false,true,,,false,false,false,false,false,-83.1356,42.35207,"{
  ""coordinates"": [
    -8.313559597999991e+01,
    4.235206894900010e+01
  ],
  ""type"": ""Point""
}","{
  ""coordinates"": [
    -83.13559598,
    42.352068949
  ],
  ""type"": ""Point""
}",-83.1355959799999,42.3520689490001
3385,9852737,IROQUOIS,SLYVESTER,2016-11-09,9,11,2016,18,4,10,9,,,0,,1,1,1,15,1,2,1,5,0,0,0,0,true,,false,false,false,false,false,,,,,,false,false,false,,,false,false,false,false,false,-83.00412,42.37121,"{
  ""coordinates"": [
    -8.300412128499990e+01,
    4.237121074700010e+01
  ],
  ""type"": ""Point""
}","{
  ""coordinates"": [
    -83.004121285,
    42.371210747
  ],
  ""type"": ""Point""
}",-83.0041212849999,42.3712107470001
3386,9851752,DAVISON,OAKMAN,2016-11-09,9,11,2016,17,4,97,3,,1,0,,1,1,4,35,7,4,3,5,0,0,0,0,true,,false,false,true,false,false,,,,,,false,false,false,,,false,false,false,false,false,-83.14384,42.3863,"{
  ""coordinates"": [
    -8.314384493900000e+01,
    4.238630267600010e+01
  ],
  ""type"": ""Point""
}","{
  ""coordinates"": [
    -83.143844939,
    42.386302676
  ],
  ""type"": ""Point""
}",-83.143844939,42.3863026760001
3387,9851720,RAMP 938F,RAMP 038B,2016-11-09,9,11,2016,15,4,8,1,,1,0,,1,1,4,30,3,3,3,5,0,0,0,0,true,,false,false,true,false,false,,,,,,false,false,false,,,false,false,false,false,false,-83.07335,42.33354,"{
  ""coordinates"": [
    -8.307335271999990e+01,
    4.233354166900010e+01
  ],
  ""type"": ""Point""
}","{
  ""coordinates"": [
    -83.07335272,
    42.333541669
  ],
  ""type"": ""Point""
}",-83.0733527199999,42.3335416690001
3388,9851739,VAUGHAN,W.WARREN,2016-11-09,9,11,2016,2,4,8,9,,,0,,1,1,4,25,2,2,0,5,0,0,0,0,true,,false,false,true,false,false,,,,,,false,false,false,,,false,false,false,false,false,-83.23666,42.34448,"{
  ""coordinates"": [
    -8.323666049500000e+01,
    4.234447734400000e+01
  ],
  ""type"": ""Point""
}","{
  ""coordinates"": [
    -83.236660495,
    42.344477344
  ],
  ""type"": ""Point""
}",-83.236660495,42.344477344
3389,9854302,TROWBRIDGE,WOODWARD,2016-11-09,9,11,2016,12,4,4,3,,,0,,1,1,1,35,2,2,1,5,0,0,0,0,true,,false,false,false,false,false,,,,,,false,false,false,,,false,false,false,false,false,-83.08611,42.38944,"{
  ""coordinates"": [
    -8.308610333699990e+01,
    4.238943726400000e+01
  ],
  ""type"": ""Point""
}","{
  ""coordinates"": [
    -83.086103337,
    42.389437264
  ],
  ""type"": ""Point""
}",-83.0861033369999,42.389437264
3390,9854234,SCHOOLCRAFT,WYOMING,2016-11-09,9,11,2016,9,4,5,9,,4,0,,1,1,1,30,3,2,3,5,0,0,0,0,true,,false,false,false,false,false,,,,,,false,false,false,,,false,false,false,false,false,-83.15924,42.3885,"{
  ""coordinates"": [
    -8.315923857500000e+01,
    4.238849506000000e+01
  ],
  ""type"": ""Point""
}","{
  ""coordinates"": [
    -83.159238575,
    42.38849506
  ],
  ""type"": ""Point""
}",-83.159238575,42.38849506
3391,9854306,WYOMING,7 MILE,2016-11-09,9,11,2016,12,4,3,9,,4,0,,1,1,1,30,4,2,3,5,0,0,0,0,true,,false,false,false,false,false,,,,,,false,false,true,,,false,false,false,false,false,-83.16097,42.43135,"{
  ""coordinates"": [
    -8.316097590100000e+01,
    4.243134542100010e+01
  ],
  ""type"": ""Point""
}","{
  ""coordinates"": [
    -83.160975901,
    42.431345421
  ],
  ""type"": ""Point""
}",-83.160975901,42.4313454210001
3392,9900388,RAMP 042A,S I 75/GRATIOT,2016-11-09,9,11,2016,18,4,5,7,,1,0,,1,1,3,55,1,2,2,5,0,0,0,0,true,,false,false,false,false,false,,,,,,false,false,true,,,false,false,false,false,false,-83.03716,42.34628,"{
  ""coordinates"": [
    -8.303716056499999e+01,
    4.234628424400010e+01
  ],
  ""type"": ""Point""
}","{
  ""coordinates"": [
    -83.037160565,
    42.346284244
  ],
  ""type"": ""Point""
}",-83.037160565,42.3462842440001
3393,9858355,N I 75,WOODWARD,2016-11-09,9,11,2016,13,4,1,1,,1,1,,1,1,1,55,4,1,1,3,0,0,1,0,false,,false,false,false,false,false,,,,,,false,false,true,,,false,false,false,false,false,-83.05228,42.34007,"{
  ""coordinates"": [
    -8.305228027999991e+01,
    4.234006381100010e+01
  ],
  ""type"": ""Point""
}","{
  ""coordinates"": [
    -83.05228028,
    42.340063811
  ],
  ""type"": ""Point""
}",-83.0522802799999,42.3400638110001
3394,9852747,8 MILE,REGENT,2016-11-09,9,11,2016,17,4,5,3,,1,0,,1,1,1,40,8,2,1,5,0,0,0,0,true,,false,false,false,false,false,,,,,,false,false,true,,,false,false,false,false,false,-82.97611,42.44952,"{
  ""coordinates"": [
    -8.297611284200001e+01,
    4.244952105200010e+01
  ],
  ""type"": ""Point""
}","{
  ""coordinates"": [
    -82.976112842,
    42.449521052
  ],
  ""type"": ""Point""
}",-82.976112842,42.4495210520001
3395,9852752,7 MILE,CHAREST,2016-11-09,9,11,2016,19,4,9,9,,4,0,,1,1,4,25,2,2,1,5,0,0,0,0,true,,false,false,true,false,false,,,,,,false,false,false,,,false,false,false,false,false,-83.07094,42.43296,"{
  ""coordinates"": [
    -8.307093667600000e+01,
    4.243295640100010e+01
  ],
  ""type"": ""Point""
}","{
  ""coordinates"": [
    -83.070936676,
    42.432956401
  ],
  ""type"": ""Point""
}",-83.070936676,42.4329564010001
3396,9852738,CHENE,ERSKINE,2016-11-09,9,11,2016,10,4,4,9,,4,0,,1,1,1,30,2,2,1,5,0,0,0,0,true,,false,false,true,false,false,,,,,,false,false,false,,,false,false,false,false,false,-83.03293,42.35384,"{
  ""coordinates"": [
    -8.303292810900000e+01,
    4.235384110500010e+01
  ],
  ""type"": ""Point""
}","{
  ""coordinates"": [
    -83.032928109,
    42.353841105
  ],
  ""type"": ""Point""
}",-83.032928109,42.3538411050001
3397,9851717,GREENFIELD,I96,2016-11-09,9,11,2016,11,4,97,9,,2,0,,1,1,1,30,7,2,2,5,0,0,0,0,true,,false,false,true,false,false,,,,,,false,false,false,,,false,false,false,false,false,-83.19817,42.38728,"{
  ""coordinates"": [
    -8.319817048399990e+01,
    4.238728301000000e+01
  ],
  ""type"": ""Point""
}","{
  ""coordinates"": [
    -83.198170484,
    42.38728301
  ],
  ""type"": ""Point""
}",-83.1981704839999,42.38728301
3398,9851761,LIVERNOIS,CHIPPEWA,2016-11-09,9,11,2016,14,4,5,9,,4,0,,1,1,1,30,3,2,3,5,0,0,0,0,true,,false,false,false,false,false,,,,,,false,false,false,,,false,false,false,false,false,-83.14175,42.44161,"{
  ""coordinates"": [
    -8.314174956799999e+01,
    4.244161368700000e+01
  ],
  ""type"": ""Point""
}","{
  ""coordinates"": [
    -83.141749568,
    42.441613687
  ],
  ""type"": ""Point""
}",-83.141749568,42.441613687
3399,9852724,N M 10,RAMP 109F,2016-11-09,9,11,2016,11,4,5,3,,1,0,,1,1,1,55,6,2,1,5,0,0,0,0,true,,false,false,false,false,false,,,,,,false,true,false,,,false,false,false,false,false,-83.11289,42.40011,"{
  ""coordinates"": [
    -8.311289072100000e+01,
    4.240011300300010e+01
  ],
  ""type"": ""Point""
}","{
  ""coordinates"": [
    -83.112890721,
    42.400113003
  ],
  ""type"": ""Point""
}",-83.112890721,42.4001130030001
3400,9851716,JEFFRIES SERVICE,LIVERNOIS,2016-11-09,9,11,2016,15,4,5,1,,1,0,,1,2,1,30,3,2,2,5,0,0,0,0,true,,false,false,false,false,false,,,,,,false,false,false,,,false,false,false,false,false,-83.13879,42.36719,"{
  ""coordinates"": [
    -8.313878575900000e+01,
    4.236718661800010e+01
  ],
  ""type"": ""Point""
}","{
  ""coordinates"": [
    -83.138785759,
    42.367186618
  ],
  ""type"": ""Point""
}",-83.138785759,42.3671866180001
3401,9858391,N I 75,3RD,2016-11-09,9,11,2016,15,4,1,1,,1,1,,1,1,1,55,3,1,1,5,0,0,0,0,true,,false,false,false,false,false,,,,,,false,false,false,,,false,false,false,false,false,-83.06014,42.33617,"{
  ""coordinates"": [
    -8.306014550000000e+01,
    4.233617574100000e+01
  ],
  ""type"": ""Point""
}","{
  ""coordinates"": [
    -83.0601455,
    42.336175741
  ],
  ""type"": ""Point""
}",-83.0601455,42.336175741
3402,9851745,WADE,ANNSBURY,2016-11-09,9,11,2016,14,4,97,9,,,0,,1,1,1,25,2,2,0,5,0,0,0,0,true,,false,false,true,false,false,,,,,,true,false,false,,,false,false,false,false,false,-82.98024,42.40318,"{
  ""coordinates"": [
    -8.298024238999990e+01,
    4.240317842200010e+01
  ],
  ""type"": ""Point""
}","{
  ""coordinates"": [
    -82.98024239,
    42.403178422
  ],
  ""type"": ""Point""
}",-82.9802423899999,42.4031784220001
3403,9870584,MACK,BEAUBIEN,2016-11-09,9,11,2016,7,4,97,9,,4,0,,1,1,2,30,3,2,2,5,0,0,0,0,true,,false,false,false,false,false,,,,,,false,false,false,,,false,false,false,false,false,-83.05212,42.34979,"{
  ""coordinates"": [
    -8.305212776899999e+01,
    4.234978868000010e+01
  ],
  ""type"": ""Point""
}","{
  ""coordinates"": [
    -83.052127769,
    42.34978868
  ],
  ""type"": ""Point""
}",-83.052127769,42.3497886800001
3404,9858375,I-75,VERNOR,2016-11-09,9,11,2016,14,4,1,1,,1,1,,1,1,1,55,4,1,2,5,0,0,0,0,true,,false,false,false,false,false,,,,,,false,false,false,,,false,false,false,false,false,-83.13519,42.28854,"{
  ""coordinates"": [
    -8.313518831999990e+01,
    4.228853859200010e+01
  ],
  ""type"": ""Point""
}","{
  ""coordinates"": [
    -83.13518832,
    42.288538592
  ],
  ""type"": ""Point""
}",-83.1351883199999,42.2885385920001
3405,9851718,FREELAND,LYNDON,2016-11-09,9,11,2016,3,4,8,9,,,0,,1,1,4,25,2,2,0,5,0,0,0,0,true,,false,false,true,false,false,,,,,,false,false,false,,,false,false,false,false,false,-83.18522,42.39491,"{
  ""coordinates"": [
    -8.318522204500000e+01,
    4.239491019700010e+01
  ],
  ""type"": ""Point""
}","{
  ""coordinates"": [
    -83.185222045,
    42.394910197
  ],
  ""type"": ""Point""
}",-83.185222045,42.3949101970001
3406,9851738,ASBURY,PLYMOUTH,2016-11-09,9,11,2016,12,4,9,9,,,2,,1,2,1,25,2,2,2,5,0,0,0,0,true,,false,false,false,false,false,,,,,,false,true,true,,,false,false,false,false,false,-83.20717,42.37222,"{
  ""coordinates"": [
    -8.320716969900000e+01,
    4.237221825300000e+01
  ],
  ""type"": ""Point""
}","{
  ""coordinates"": [
    -83.207169699,
    42.372218253
  ],
  ""type"": ""Point""
}",-83.207169699,42.372218253
3407,9858374,M-39,7 MILE,2016-11-09,9,11,2016,8,4,5,3,,1,0,,1,2,1,55,3,2,2,5,0,0,0,0,true,,false,false,false,false,false,,,,,,false,false,false,,,false,false,false,false,false,-83.21951,42.43362,"{
  ""coordinates"": [
    -8.321951504700000e+01,
    4.243362574600010e+01
  ],
  ""type"": ""Point""
}","{
  ""coordinates"": [
    -83.219515047,
    42.433625746
  ],
  ""type"": ""Point""
}",-83.219515047,42.4336257460001
3408,9858400,I-94,M-10,2016-11-09,9,11,2016,15,4,8,1,,1,0,,1,1,1,55,3,2,2,5,0,0,0,0,true,,false,false,false,false,false,,,,,,false,false,false,,,false,false,false,false,false,-83.07697,42.35906,"{
  ""coordinates"": [
    -8.307696611300000e+01,
    4.235905849000010e+01
  ],
  ""type"": ""Point""
}","{
  ""coordinates"": [
    -83.076966113,
    42.35905849
  ],
  ""type"": ""Point""
}",-83.076966113,42.3590584900001
3409,9852735,VERNOR,CENTRAL,2016-11-09,9,11,2016,15,4,4,9,,4,0,,1,1,1,25,2,2,2,5,0,0,0,0,true,,false,false,false,false,false,,,,,,false,false,false,,,false,false,false,false,false,-83.12434,42.31262,"{
  ""coordinates"": [
    -8.312433901199999e+01,
    4.231262047500010e+01
  ],
  ""type"": ""Point""
}","{
  ""coordinates"": [
    -83.124339012,
    42.312620475
  ],
  ""type"": ""Point""
}",-83.124339012,42.3126204750001
3410,9851715,PILGRIM,HUBBELL,2016-11-09,9,11,2016,13,4,4,9,,,0,,1,1,1,30,2,2,4,3,0,0,1,2,false,,false,false,false,false,false,,,,,,false,true,false,,,false,false,false,false,false,-83.18913,42.40722,"{
  ""coordinates"": [
    -8.318913633299999e+01,
    4.240722270900010e+01
  ],
  ""type"": ""Point""
}","{
  ""coordinates"": [
    -83.189136333,
    42.407222709
  ],
  ""type"": ""Point""
}",-83.189136333,42.4072227090001
3411,9863539,DIX,GREEN,2016-11-09,9,11,2016,20,4,8,9,,4,0,,1,1,4,35,2,2,5,5,0,0,0,0,true,,false,false,false,false,false,,,,,,false,false,true,,,false,false,false,false,false,-83.12324,42.3168,"{
  ""coordinates"": [
    -8.312323728199991e+01,
    4.231680079100000e+01
  ],
  ""type"": ""Point""
}","{
  ""coordinates"": [
    -83.123237282,
    42.316800791
  ],
  ""type"": ""Point""
}",-83.1232372819999,42.316800791
3412,9851755,OUTER,VAN DYKE,2016-11-09,9,11,2016,13,4,5,3,,2,0,,1,1,1,35,4,2,2,5,0,0,0,0,true,,false,false,false,false,false,,,,,,false,false,false,,,false,false,false,false,false,-83.02421,42.44115,"{
  ""coordinates"": [
    -8.302421041299991e+01,
    4.244114585600000e+01
  ],
  ""type"": ""Point""
}","{
  ""coordinates"": [
    -83.024210413,
    42.441145856
  ],
  ""type"": ""Point""
}",-83.0242104129999,42.441145856
3413,9915686,ANTHONY WAYNE,KIRBY,2016-11-09,9,11,2016,10,4,8,9,,4,0,,1,1,1,25,3,2,2,3,0,0,1,0,false,,false,false,false,false,false,,,,,,false,false,true,,,false,false,false,false,false,-83.07301,42.35792,"{
  ""coordinates"": [
    -8.307301543100000e+01,
    4.235791867900010e+01
  ],
  ""type"": ""Point""
}","{
  ""coordinates"": [
    -83.073015431,
    42.357918679
  ],
  ""type"": ""Point""
}",-83.073015431,42.3579186790001
3414,9866398,W I 94,GRAND,2016-11-09,9,11,2016,15,4,8,1,,1,0,,1,1,1,0,6,2,2,5,0,0,0,0,true,,false,false,false,false,false,,,,,,false,false,false,,,false,false,false,false,false,-83.04121,42.37634,"{
  ""coordinates"": [
    -8.304121655400000e+01,
    4.237634287100010e+01
  ],
  ""type"": ""Point""
}","{
  ""coordinates"": [
    -83.041216554,
    42.376342871
  ],
  ""type"": ""Point""
}",-83.041216554,42.3763428710001
3415,9854249,DIX,OAKWOOD,2016-11-09,9,11,2016,20,4,1,9,,2,1,,1,1,4,35,2,1,1,5,0,0,0,0,true,,false,false,false,false,false,,,,,,false,false,false,,,false,false,false,false,false,-83.15998,42.28632,"{
  ""coordinates"": [
    -8.315997984599990e+01,
    4.228632145500010e+01
  ],
  ""type"": ""Point""
}","{
  ""coordinates"": [
    -83.159979846,
    42.286321455
  ],
  ""type"": ""Point""
}",-83.1599798459999,42.2863214550001
3416,9866422,KIRBY,WOODWARD,2016-11-09,9,11,2016,11,4,8,3,,,0,,1,1,1,25,2,2,2,5,0,0,0,0,true,,false,false,false,false,false,,,,,,false,false,false,,,false,false,false,false,false,-83.06631,42.35978,"{
  ""coordinates"": [
    -8.306630993200000e+01,
    4.235977756100000e+01
  ],
  ""type"": ""Point""
}","{
  ""coordinates"": [
    -83.066309932,
    42.359777561
  ],
  ""type"": ""Point""
}",-83.066309932,42.359777561
3417,9851746,LINNHURST,BROCK,2016-11-09,9,11,2016,16,4,97,9,,,0,,1,1,1,25,2,2,2,5,0,0,0,0,true,,false,false,false,false,false,,,,,,false,true,false,,,false,false,false,false,false,-82.96305,42.43164,"{
  ""coordinates"": [
    -8.296304875899990e+01,
    4.243163580800010e+01
  ],
  ""type"": ""Point""
}","{
  ""coordinates"": [
    -82.963048759,
    42.431635808
  ],
  ""type"": ""Point""
}",-82.9630487589999,42.4316358080001
3418,9851756,DEQUINDRE,ROBINWOOD,2016-11-09,9,11,2016,22,4,5,9,,4,0,,1,1,4,25,4,2,2,4,0,0,0,2,false,,false,false,false,false,false,,,,,,false,false,false,,,false,false,false,false,false,-83.08279,42.43068,"{
  ""coordinates"": [
    -8.308278558300000e+01,
    4.243068214000000e+01
  ],
  ""type"": ""Point""
}","{
  ""coordinates"": [
    -83.082785583,
    42.43068214
  ],
  ""type"": ""Point""
}",-83.082785583,42.43068214
3419,9851743,7 MILE,BARLOW,2016-11-09,9,11,2016,14,4,8,9,,4,0,,1,1,1,30,2,2,2,5,0,0,0,0,true,,false,false,false,false,false,,,,,,false,false,false,,,false,false,false,false,false,-82.99574,42.43468,"{
  ""coordinates"": [
    -8.299573776699999e+01,
    4.243467897800010e+01
  ],
  ""type"": ""Point""
}","{
  ""coordinates"": [
    -82.995737767,
    42.434678978
  ],
  ""type"": ""Point""
}",-82.995737767,42.4346789780001