ObjectId,Crash ID,Primary Road,Intersecting Road,Crash Date,Day,Month,Year,Hour,Weekday,Crash Type Code,Highway Classification Code,Community Code,Jurisdiction Code,Lane Departure Type Code,Surface Type,Road Condition,Weather Condition,Lighting Condition,Speed Limit,Lanes,Units,Occupants,Most Severe Injury,Fatal Injuries,Suspected Serious Injuries,Suspected Minor Injuries,Possible Injuries,Property Damage Only,Secondary Crash,Traffic Control,Red Light Run,Hit and Run,Alcohol,Drugs,Unbelted Person,Work Zone,Speeding Driver,Distracted Driver,Driveway,Pedestrian,Elderly Driver,Young Driver,Commercial Vehicle,Emergency Vehicles,Train,School Bus,Motorcycle,Bicycle,Deer,Longitude,Latitude,geom,geog,x,y
3420,9858390,N M 10,LINWOOD,2016-11-09,9,11,2016,8,4,5,3,,1,0,,1,2,2,55,3,2,2,5,0,0,0,0,true,,false,false,false,false,false,,,,,,false,false,false,,,false,false,false,false,false,-83.1272,42.40522,"{
  ""coordinates"": [
    -8.312720711900000e+01,
    4.240521830800000e+01
  ],
  ""type"": ""Point""
}","{
  ""coordinates"": [
    -83.127207119,
    42.405218308
  ],
  ""type"": ""Point""
}",-83.127207119,42.405218308
3421,9866370,I-94 W/B,TRUMBULL,2016-11-09,9,11,2016,18,4,8,1,,1,0,,1,1,1,0,3,2,2,5,0,0,0,0,true,,false,false,false,false,false,,,,,,false,true,false,,,false,false,false,false,false,-83.0854,42.35455,"{
  ""coordinates"": [
    -8.308539588699990e+01,
    4.235455309700010e+01
  ],
  ""type"": ""Point""
}","{
  ""coordinates"": [
    -83.085395887,
    42.354553097
  ],
  ""type"": ""Point""
}",-83.0853958869999,42.3545530970001
3422,9858356,M-39,PAUL,2016-11-09,9,11,2016,16,4,5,3,,1,0,,1,1,1,55,3,2,3,5,0,0,0,0,true,,false,false,false,false,false,,,,,,false,false,false,,,false,false,false,false,false,-83.21579,42.33668,"{
  ""coordinates"": [
    -8.321578647400000e+01,
    4.233668297200010e+01
  ],
  ""type"": ""Point""
}","{
  ""coordinates"": [
    -83.215786474,
    42.336682972
  ],
  ""type"": ""Point""
}",-83.215786474,42.3366829720001
3423,9861779,DIX,MELLON,2016-11-09,9,11,2016,1,4,8,9,,2,0,,1,2,4,35,6,2,2,4,0,0,0,1,false,,false,false,false,false,false,,,,,,false,false,true,,,false,false,false,false,false,-83.15644,42.29053,"{
  ""coordinates"": [
    -8.315644197800000e+01,
    4.229053271600000e+01
  ],
  ""type"": ""Point""
}","{
  ""coordinates"": [
    -83.156441978,
    42.290532716
  ],
  ""type"": ""Point""
}",-83.156441978,42.290532716
3424,9852749,MORANG,WAYBURN,2016-11-09,9,11,2016,19,4,5,9,,4,0,,1,1,4,0,2,2,0,5,0,0,0,0,true,,false,false,false,false,false,,,,,,false,false,false,,,false,false,false,false,false,-82.95005,42.42614,"{
  ""coordinates"": [
    -8.295004853300000e+01,
    4.242614516100010e+01
  ],
  ""type"": ""Point""
}","{
  ""coordinates"": [
    -82.950048533,
    42.426145161
  ],
  ""type"": ""Point""
}",-82.950048533,42.4261451610001
3425,9946738,7 MILE,MEYERS,2016-11-09,9,11,2016,14,4,5,9,,2,0,,1,1,1,35,3,2,2,5,0,0,0,0,true,,false,false,true,false,false,,,,,,false,false,false,,,false,false,false,false,false,-83.17069,42.43125,"{
  ""coordinates"": [
    -8.317068907100000e+01,
    4.243124718100010e+01
  ],
  ""type"": ""Point""
}","{
  ""coordinates"": [
    -83.170689071,
    42.431247181
  ],
  ""type"": ""Point""
}",-83.170689071,42.4312471810001
3426,9851753,JUSTINE,MCNICHOLS,2016-11-09,9,11,2016,14,4,4,9,,,0,,1,1,1,0,2,2,2,5,0,0,0,0,true,,true,false,false,false,false,,,,,,false,false,false,,,false,false,false,false,false,-83.05798,42.41851,"{
  ""coordinates"": [
    -8.305797733700000e+01,
    4.241851520700000e+01
  ],
  ""type"": ""Point""
}","{
  ""coordinates"": [
    -83.057977337,
    42.418515207
  ],
  ""type"": ""Point""
}",-83.057977337,42.418515207
3427,9851747,MAIDEN,NEWPORT,2016-11-09,9,11,2016,17,4,4,9,,,0,,1,1,4,25,1,2,16,5,0,0,0,0,true,,false,false,true,false,false,,,,,,false,true,false,,,false,false,false,false,false,-82.96997,42.4076,"{
  ""coordinates"": [
    -8.296997412199990e+01,
    4.240760051000010e+01
  ],
  ""type"": ""Point""
}","{
  ""coordinates"": [
    -82.969974122,
    42.40760051
  ],
  ""type"": ""Point""
}",-82.9699741219999,42.4076005100001
3428,9867493,STATE FAIR,HAVANA,2016-11-08,8,11,2016,14,3,8,9,,4,0,,1,2,1,30,2,2,3,4,0,0,0,3,false,,false,false,true,false,false,,,,,,false,false,true,,,false,false,false,false,false,-83.10928,42.43946,"{
  ""coordinates"": [
    -8.310928021699991e+01,
    4.243945531400000e+01
  ],
  ""type"": ""Point""
}","{
  ""coordinates"": [
    -83.109280217,
    42.439455314
  ],
  ""type"": ""Point""
}",-83.1092802169999,42.439455314
3429,9854285,HAYES,7 MILE,2016-11-08,8,11,2016,17,3,5,9,,4,0,,1,1,1,25,2,2,1,5,0,0,0,0,true,,false,false,true,false,false,,,,,,false,false,false,,,false,false,false,false,false,-82.96546,42.43522,"{
  ""coordinates"": [
    -8.296545859199991e+01,
    4.243521952700010e+01
  ],
  ""type"": ""Point""
}","{
  ""coordinates"": [
    -82.965458592,
    42.435219527
  ],
  ""type"": ""Point""
}",-82.9654585919999,42.4352195270001
3430,9858398,I 94,CADIEUX,2016-11-08,8,11,2016,12,3,1,1,,1,0,,1,1,1,55,3,1,2,5,0,0,0,0,true,,false,false,false,false,false,,,,,,false,false,false,,,false,false,false,false,false,-82.93751,42.41716,"{
  ""coordinates"": [
    -8.293750750200000e+01,
    4.241715954400010e+01
  ],
  ""type"": ""Point""
}","{
  ""coordinates"": [
    -82.937507502,
    42.417159544
  ],
  ""type"": ""Point""
}",-82.937507502,42.4171595440001
3431,9858426,RAMP 041E,RAMP 041G,2016-11-08,8,11,2016,12,3,8,1,,1,0,,2,2,1,55,4,3,3,5,0,0,0,0,true,,false,false,false,false,false,,,,,,false,false,false,,,false,false,false,false,false,-83.04465,42.34388,"{
  ""coordinates"": [
    -8.304464737599990e+01,
    4.234387738500000e+01
  ],
  ""type"": ""Point""
}","{
  ""coordinates"": [
    -83.044647376,
    42.343877385
  ],
  ""type"": ""Point""
}",-83.0446473759999,42.343877385
3432,9850528,8 MILE,MOTOR,2016-11-08,8,11,2016,16,3,4,3,,1,0,,1,1,1,0,2,2,2,4,0,0,0,2,false,,false,false,true,false,false,,,,,,false,false,false,,,false,false,false,false,false,-83.20479,42.44465,"{
  ""coordinates"": [
    -8.320478593000000e+01,
    4.244464828800010e+01
  ],
  ""type"": ""Point""
}","{
  ""coordinates"": [
    -83.20478593,
    42.444648288
  ],
  ""type"": ""Point""
}",-83.20478593,42.4446482880001
3433,9869320,ROSA PARKS,FENKELL,2016-11-08,8,11,2016,18,3,2,9,,4,0,,1,2,4,0,2,2,2,2,0,1,1,0,false,,false,false,true,false,false,,,,,,false,false,false,,,false,false,false,false,false,-83.11817,42.40318,"{
  ""coordinates"": [
    -8.311817528400000e+01,
    4.240317545400010e+01
  ],
  ""type"": ""Point""
}","{
  ""coordinates"": [
    -83.118175284,
    42.403175454
  ],
  ""type"": ""Point""
}",-83.118175284,42.4031754540001
3434,9851735,HUGHES,TULLER,2016-11-08,8,11,2016,2,3,97,9,,4,1,,2,1,1,35,2,1,1,5,0,0,0,0,true,,false,false,false,false,false,,,,,,false,false,false,,,false,false,false,false,false,-83.14726,42.40512,"{
  ""coordinates"": [
    -8.314726471599990e+01,
    4.240511737800010e+01
  ],
  ""type"": ""Point""
}","{
  ""coordinates"": [
    -83.147264716,
    42.405117378
  ],
  ""type"": ""Point""
}",-83.1472647159999,42.4051173780001
3435,9851721,GRAND,JOHN C LODGE SERVICE,2016-11-08,8,11,2016,17,3,5,9,,4,0,,1,1,3,30,3,2,2,5,0,0,0,0,true,,false,false,false,false,false,,,,,,false,false,false,,,false,false,false,false,false,-83.06759,42.34336,"{
  ""coordinates"": [
    -8.306758524999999e+01,
    4.234335580900010e+01
  ],
  ""type"": ""Point""
}","{
  ""coordinates"": [
    -83.06758525,
    42.343355809
  ],
  ""type"": ""Point""
}",-83.06758525,42.3433558090001
3436,9873244,LAFAYETTE,SAINT ANTOINE,2016-11-08,8,11,2016,6,3,8,9,,4,0,,1,2,1,0,2,2,1,5,0,0,0,0,true,,false,false,false,false,false,,,,,,false,false,false,,,false,false,false,false,false,-83.04038,42.33473,"{
  ""coordinates"": [
    -8.304038269300000e+01,
    4.233472873000010e+01
  ],
  ""type"": ""Point""
}","{
  ""coordinates"": [
    -83.040382693,
    42.33472873
  ],
  ""type"": ""Point""
}",-83.040382693,42.3347287300001
3437,9859679,S M 39,WARREN,2016-11-08,8,11,2016,21,3,1,3,,1,1,,1,2,4,55,3,1,1,1,1,0,0,0,false,,false,false,false,false,false,,,,,,false,false,true,,,false,false,false,false,false,-83.21622,42.3434,"{
  ""coordinates"": [
    -8.321622370199999e+01,
    4.234339355800010e+01
  ],
  ""type"": ""Point""
}","{
  ""coordinates"": [
    -83.216223702,
    42.343393558
  ],
  ""type"": ""Point""
}",-83.216223702,42.3433935580001
3438,9851724,GRATIOT,MOUNT ELLIOTT,2016-11-08,8,11,2016,22,3,1,3,,1,0,,1,1,4,35,7,2,0,2,0,1,0,0,false,,false,false,true,false,false,,,,,,true,false,false,,,false,false,false,false,false,-83.02393,42.36486,"{
  ""coordinates"": [
    -8.302393638800000e+01,
    4.236486048300000e+01
  ],
  ""type"": ""Point""
}","{
  ""coordinates"": [
    -83.023936388,
    42.364860483
  ],
  ""type"": ""Point""
}",-83.023936388,42.364860483
3439,9850503,N I 75 SERVICE DRIVE,2ND,2016-11-08,8,11,2016,8,3,5,9,,4,0,,1,1,1,35,1,2,2,4,0,0,0,1,false,,false,false,false,false,false,,,,,,false,false,false,,,false,false,false,false,false,-83.05833,42.33667,"{
  ""coordinates"": [
    -8.305833244999999e+01,
    4.233666755400000e+01
  ],
  ""type"": ""Point""
}","{
  ""coordinates"": [
    -83.05833245,
    42.336667554
  ],
  ""type"": ""Point""
}",-83.05833245,42.336667554
3440,9851713,VAN DYKE,KERCHEVAL,2016-11-08,8,11,2016,8,3,5,9,,4,0,,1,1,1,35,4,2,2,5,0,0,0,0,true,,false,false,true,false,false,,,,,,false,false,false,,,false,false,false,false,false,-82.99989,42.35835,"{
  ""coordinates"": [
    -8.299988184499990e+01,
    4.235834870500000e+01
  ],
  ""type"": ""Point""
}","{
  ""coordinates"": [
    -82.999881845,
    42.358348705
  ],
  ""type"": ""Point""
}",-82.9998818449999,42.358348705
3441,9858427,M-10,PALLISTER,2016-11-08,8,11,2016,14,3,8,3,,1,0,,1,2,1,55,3,2,2,5,0,0,0,0,true,,false,false,false,false,false,,,,,,false,false,true,,,false,false,false,false,false,-83.08317,42.36892,"{
  ""coordinates"": [
    -8.308317015300000e+01,
    4.236891914500010e+01
  ],
  ""type"": ""Point""
}","{
  ""coordinates"": [
    -83.083170153,
    42.368919145
  ],
  ""type"": ""Point""
}",-83.083170153,42.3689191450001
3442,9861460,E I 94,RAMP 220D,2016-11-08,8,11,2016,22,3,5,1,,1,0,,98,98,4,55,3,3,1,5,0,0,0,0,true,,false,false,true,false,false,,,,,,false,false,false,,,false,false,false,false,false,-82.98936,42.39526,"{
  ""coordinates"": [
    -8.298936322199999e+01,
    4.239525621000010e+01
  ],
  ""type"": ""Point""
}","{
  ""coordinates"": [
    -82.989363222,
    42.39525621
  ],
  ""type"": ""Point""
}",-82.989363222,42.3952562100001
3443,9851733,SOMERSET,MACK,2016-11-08,8,11,2016,11,3,4,9,,,0,,2,2,1,30,5,2,2,4,0,0,0,2,false,,false,false,true,false,false,,,,,,false,false,false,,,false,false,false,false,false,-82.94058,42.38857,"{
  ""coordinates"": [
    -8.294057861899999e+01,
    4.238856681400010e+01
  ],
  ""type"": ""Point""
}","{
  ""coordinates"": [
    -82.940578619,
    42.388566814
  ],
  ""type"": ""Point""
}",-82.940578619,42.3885668140001
3444,9850513,EVERGREEN,E I 96,2016-11-08,8,11,2016,12,3,3,9,,4,0,,1,2,1,30,4,2,2,5,0,0,0,0,true,,false,false,false,false,false,,,,,,false,false,false,,,false,false,false,false,false,-83.23664,42.38028,"{
  ""coordinates"": [
    -8.323663840200000e+01,
    4.238028372600010e+01
  ],
  ""type"": ""Point""
}","{
  ""coordinates"": [
    -83.236638402,
    42.380283726
  ],
  ""type"": ""Point""
}",-83.236638402,42.3802837260001
3445,9885943,MCNICHOLS,SOUTHFIELD SERVICE DRIVE,2016-11-08,8,11,2016,22,3,4,9,,2,0,,1,1,4,0,4,2,2,5,0,0,0,0,true,,false,false,false,false,false,,,,,,false,false,true,,,false,false,false,false,false,-83.21931,42.41553,"{
  ""coordinates"": [
    -8.321931701200000e+01,
    4.241553369100010e+01
  ],
  ""type"": ""Point""
}","{
  ""coordinates"": [
    -83.219317012,
    42.415533691
  ],
  ""type"": ""Point""
}",-83.219317012,42.4155336910001
3446,9851714,HUBBELL,WADSWORTH,2016-11-08,8,11,2016,15,3,1,9,,4,1,,1,2,1,30,2,1,0,5,0,0,0,0,true,,false,false,true,false,false,,,,,,false,false,false,,,false,false,false,false,false,-83.18784,42.37521,"{
  ""coordinates"": [
    -8.318783938800000e+01,
    4.237520670700010e+01
  ],
  ""type"": ""Point""
}","{
  ""coordinates"": [
    -83.187839388,
    42.375206707
  ],
  ""type"": ""Point""
}",-83.187839388,42.3752067070001
3447,9854279,ST MARYS,TROJAN,2016-11-08,8,11,2016,22,3,8,9,,,3,,1,1,5,25,2,2,1,5,0,0,0,0,true,,false,false,false,false,false,,,,,,false,false,true,,,false,false,false,false,false,-83.20776,42.44079,"{
  ""coordinates"": [
    -8.320776266400000e+01,
    4.244079359700000e+01
  ],
  ""type"": ""Point""
}","{
  ""coordinates"": [
    -83.207762664,
    42.440793597
  ],
  ""type"": ""Point""
}",-83.207762664,42.440793597
3448,9851744,CHESTER,E I 94 SERVICE DRIVE,2016-11-08,8,11,2016,16,3,8,9,,4,0,,1,1,1,25,2,2,2,5,0,0,0,0,true,,false,false,false,false,false,,,,,,false,true,false,,,false,false,false,false,false,-82.93269,42.41874,"{
  ""coordinates"": [
    -8.293268892899989e+01,
    4.241873918000000e+01
  ],
  ""type"": ""Point""
}","{
  ""coordinates"": [
    -82.932688929,
    42.41873918
  ],
  ""type"": ""Point""
}",-82.9326889289999,42.41873918
3449,9850510,20TH,BAGLEY,2016-11-08,8,11,2016,15,3,97,9,,,0,,1,1,1,30,2,2,0,5,0,0,0,0,true,,false,false,true,false,false,,,,,,true,false,false,,,false,false,false,false,false,-83.0805,42.32467,"{
  ""coordinates"": [
    -8.308049763299989e+01,
    4.232466591700010e+01
  ],
  ""type"": ""Point""
}","{
  ""coordinates"": [
    -83.080497633,
    42.324665917
  ],
  ""type"": ""Point""
}",-83.0804976329999,42.3246659170001
3450,9964165,GRAND RIVER,PREVOST,2016-11-08,8,11,2016,19,3,5,3,,1,0,,1,1,4,0,7,2,2,4,0,0,0,2,false,,false,false,true,false,false,,,,,,false,false,false,,,false,false,false,false,false,-83.20243,42.3943,"{
  ""coordinates"": [
    -8.320243050900000e+01,
    4.239429869200010e+01
  ],
  ""type"": ""Point""
}","{
  ""coordinates"": [
    -83.202430509,
    42.394298692
  ],
  ""type"": ""Point""
}",-83.202430509,42.3942986920001
3451,9859667,N M 10,RAMP 110A,2016-11-08,8,11,2016,2,3,10,3,,1,0,,1,3,4,55,2,2,2,5,0,0,0,0,true,,false,false,true,true,false,,,,,,false,false,false,,,false,false,false,false,false,-83.1059,42.3931,"{
  ""coordinates"": [
    -8.310589726700000e+01,
    4.239309897000000e+01
  ],
  ""type"": ""Point""
}","{
  ""coordinates"": [
    -83.105897267,
    42.39309897
  ],
  ""type"": ""Point""
}",-83.105897267,42.39309897
3452,9850530,14TH,DAVISON,2016-11-08,8,11,2016,13,3,5,3,,4,0,,1,1,1,30,3,2,12,5,0,0,0,0,true,,false,false,false,false,false,,,,,,false,false,false,,,false,false,false,false,false,-83.11616,42.39542,"{
  ""coordinates"": [
    -8.311615450799999e+01,
    4.239541691400010e+01
  ],
  ""type"": ""Point""
}","{
  ""coordinates"": [
    -83.116154508,
    42.395416914
  ],
  ""type"": ""Point""
}",-83.116154508,42.3954169140001
3453,9858008,BIRWOOD,INTERVALE,2016-11-08,8,11,2016,0,3,98,9,,,3,,1,1,4,25,2,2,1,5,0,0,0,0,true,,false,false,false,false,false,,,,,,false,false,true,,,false,false,false,false,false,-83.16322,42.39128,"{
  ""coordinates"": [
    -8.316322447300000e+01,
    4.239128158400010e+01
  ],
  ""type"": ""Point""
}","{
  ""coordinates"": [
    -83.163224473,
    42.391281584
  ],
  ""type"": ""Point""
}",-83.163224473,42.3912815840001
3454,9851751,LINWOOD,GRAND,2016-11-08,8,11,2016,21,3,5,9,,4,0,,1,1,4,30,2,2,1,5,0,0,0,0,true,,false,false,false,true,false,,,,,,false,false,false,,,false,false,false,false,false,-83.12303,42.39452,"{
  ""coordinates"": [
    -8.312302790500000e+01,
    4.239451557700000e+01
  ],
  ""type"": ""Point""
}","{
  ""coordinates"": [
    -83.123027905,
    42.394515577
  ],
  ""type"": ""Point""
}",-83.123027905,42.394515577
3455,9851758,PROMENADE,DICKERSON,2016-11-08,8,11,2016,19,3,9,9,,,0,,1,1,4,25,2,2,3,5,0,0,0,0,true,,false,false,true,false,false,,,,,,false,false,false,,,false,false,false,false,false,-82.97871,42.41121,"{
  ""coordinates"": [
    -8.297870420899990e+01,
    4.241121362100010e+01
  ],
  ""type"": ""Point""
}","{
  ""coordinates"": [
    -82.978704209,
    42.411213621
  ],
  ""type"": ""Point""
}",-82.9787042089999,42.4112136210001
3456,9850511,BEAVERLAND,SAWYER,2016-11-08,8,11,2016,0,3,8,9,,,0,,1,1,4,25,2,2,1,5,0,0,0,0,true,,false,false,false,false,false,,,,,,false,false,false,,,false,false,false,false,false,-83.26266,42.34629,"{
  ""coordinates"": [
    -8.326265787499990e+01,
    4.234629250500010e+01
  ],
  ""type"": ""Point""
}","{
  ""coordinates"": [
    -83.262657875,
    42.346292505
  ],
  ""type"": ""Point""
}",-83.2626578749999,42.3462925050001
3457,9850517,ORANGELAWN,VAUGHN,2016-11-08,8,11,2016,14,3,97,9,,,0,,1,1,1,25,1,2,1,5,0,0,0,0,true,,true,false,true,false,false,,,,,,false,true,false,,,false,false,false,false,false,-83.23734,42.3671,"{
  ""coordinates"": [
    -8.323733418099989e+01,
    4.236709587500010e+01
  ],
  ""type"": ""Point""
}","{
  ""coordinates"": [
    -83.237334181,
    42.367095875
  ],
  ""type"": ""Point""
}",-83.2373341809999,42.3670958750001
3458,9850504,ARTESIAN,SCHOOLCRAFT,2016-11-08,8,11,2016,1,3,98,9,,,0,,1,1,4,25,2,2,0,5,0,0,0,0,true,,false,false,true,false,false,,,,,,true,false,false,,,false,false,false,false,false,-83.22716,42.38647,"{
  ""coordinates"": [
    -8.322715826599990e+01,
    4.238646613400000e+01
  ],
  ""type"": ""Point""
}","{
  ""coordinates"": [
    -83.227158266,
    42.386466134
  ],
  ""type"": ""Point""
}",-83.2271582659999,42.386466134
3459,9858421,N/B I-75,CLIFFORD,2016-11-08,8,11,2016,11,3,8,1,,1,0,,2,4,1,55,4,2,2,5,0,0,0,0,true,,false,false,false,false,false,,,,,,false,false,false,,,false,false,false,false,false,-83.0562,42.33823,"{
  ""coordinates"": [
    -8.305619595300000e+01,
    4.233823112400010e+01
  ],
  ""type"": ""Point""
}","{
  ""coordinates"": [
    -83.056195953,
    42.338231124
  ],
  ""type"": ""Point""
}",-83.056195953,42.3382311240001
3460,9858420,E/B I-94,VAN DYKE,2016-11-08,8,11,2016,9,3,8,1,,1,0,,1,1,1,55,3,2,2,4,0,0,0,1,false,,false,false,false,false,false,,,,,,false,false,false,,,false,false,false,false,false,-83.02473,42.38508,"{
  ""coordinates"": [
    -8.302473095999990e+01,
    4.238507925600000e+01
  ],
  ""type"": ""Point""
}","{
  ""coordinates"": [
    -83.02473096,
    42.385079256
  ],
  ""type"": ""Point""
}",-83.0247309599999,42.385079256
3461,9850506,JOHN C LODGE SERVICE,LOTHROP,2016-11-08,8,11,2016,18,3,5,9,,4,0,,1,1,4,25,3,2,3,5,0,0,0,0,true,,false,false,false,false,false,,,,,,false,true,false,,,false,false,false,false,false,-83.08234,42.36851,"{
  ""coordinates"": [
    -8.308233717300000e+01,
    4.236851160000000e+01
  ],
  ""type"": ""Point""
}","{
  ""coordinates"": [
    -83.082337173,
    42.3685116
  ],
  ""type"": ""Point""
}",-83.082337173,42.3685116
3462,9852723,FORT,WATERMAN,2016-11-08,8,11,2016,12,3,8,3,,1,0,,1,2,1,35,4,2,2,5,0,0,0,0,true,,false,false,true,false,false,,,,,,false,false,true,,,false,false,false,false,false,-83.10853,42.30449,"{
  ""coordinates"": [
    -8.310853109500000e+01,
    4.230448372300000e+01
  ],
  ""type"": ""Point""
}","{
  ""coordinates"": [
    -83.108531095,
    42.304483723
  ],
  ""type"": ""Point""
}",-83.108531095,42.304483723
3463,9852728,COMMONWEALTH,ALEXANDRINE,2016-11-08,8,11,2016,2,3,8,9,,,0,,1,1,4,25,2,2,0,5,0,0,0,0,true,,false,false,true,false,false,,,,,,false,false,false,,,false,false,false,false,false,-83.07594,42.34473,"{
  ""coordinates"": [
    -8.307593795500000e+01,
    4.234472983300000e+01
  ],
  ""type"": ""Point""
}","{
  ""coordinates"": [
    -83.075937955,
    42.344729833
  ],
  ""type"": ""Point""
}",-83.075937955,42.344729833
3464,9850523,8 MILE,GLASTONBURY,2016-11-08,8,11,2016,10,3,8,3,,1,0,,1,1,1,40,4,2,2,5,0,0,0,0,true,,false,false,true,false,false,,,,,,false,false,false,,,false,false,false,false,false,-83.22338,42.4441,"{
  ""coordinates"": [
    -8.322338331299990e+01,
    4.244409617600010e+01
  ],
  ""type"": ""Point""
}","{
  ""coordinates"": [
    -83.223383313,
    42.444096176
  ],
  ""type"": ""Point""
}",-83.2233833129999,42.4440961760001
3465,9854304,WYOMING,MCNICHOLS,2016-11-08,8,11,2016,18,3,5,9,,4,0,,1,1,4,30,4,2,2,5,0,0,0,0,true,,false,false,false,false,false,,,,,,false,false,false,,,false,false,false,false,false,-83.16032,42.41693,"{
  ""coordinates"": [
    -8.316031545600001e+01,
    4.241693005900000e+01
  ],
  ""type"": ""Point""
}","{
  ""coordinates"": [
    -83.160315456,
    42.416930059
  ],
  ""type"": ""Point""
}",-83.160315456,42.416930059
3466,9850505,MILWAUKEE,JOHN R,2016-11-08,8,11,2016,14,3,98,9,,4,0,,1,1,3,25,2,2,0,5,0,0,0,0,true,,false,false,true,false,false,,,,,,false,false,false,,,false,false,false,false,false,-83.0703,42.36995,"{
  ""coordinates"": [
    -8.307029903400000e+01,
    4.236995407600010e+01
  ],
  ""type"": ""Point""
}","{
  ""coordinates"": [
    -83.070299034,
    42.369954076
  ],
  ""type"": ""Point""
}",-83.070299034,42.3699540760001
3467,9850516,OUTER,ROUGE PARK,2016-11-08,8,11,2016,9,3,1,9,,2,1,,1,2,1,30,2,1,2,5,0,0,0,0,true,,false,false,false,false,false,,,,,,false,false,false,,,false,false,false,false,false,-83.26043,42.36239,"{
  ""coordinates"": [
    -8.326042627399990e+01,
    4.236238806200000e+01
  ],
  ""type"": ""Point""
}","{
  ""coordinates"": [
    -83.260426274,
    42.362388062
  ],
  ""type"": ""Point""
}",-83.2604262739999,42.362388062
3468,9866337,I 96,SOUTHFIELD,2016-11-08,8,11,2016,0,3,97,1,,1,1,,1,1,4,0,3,1,1,4,0,0,0,1,false,,false,false,false,false,false,,,,,,false,false,true,,,false,false,false,false,false,-83.23607,42.37987,"{
  ""coordinates"": [
    -8.323607172500000e+01,
    4.237987279800010e+01
  ],
  ""type"": ""Point""
}","{
  ""coordinates"": [
    -83.236071725,
    42.379872798
  ],
  ""type"": ""Point""
}",-83.236071725,42.3798727980001
3469,9854269,PREVOST,7 MILE,2016-11-08,8,11,2016,20,3,4,9,,,0,,1,1,4,25,2,2,3,5,0,0,0,0,true,,false,false,false,false,false,,,,,,false,true,false,,,false,false,false,false,false,-83.20411,42.43032,"{
  ""coordinates"": [
    -8.320411043099990e+01,
    4.243032350800010e+01
  ],
  ""type"": ""Point""
}","{
  ""coordinates"": [
    -83.204110431,
    42.430323508
  ],
  ""type"": ""Point""
}",-83.2041104309999,42.4303235080001
3470,9855307,N I 75,DEARBORN,2016-11-08,8,11,2016,18,3,1,1,,1,1,,2,1,4,70,4,1,1,5,0,0,0,0,true,,false,false,false,false,false,,,,,,false,false,false,,,false,false,false,false,false,-83.12785,42.29295,"{
  ""coordinates"": [
    -8.312784602200000e+01,
    4.229294942600010e+01
  ],
  ""type"": ""Point""
}","{
  ""coordinates"": [
    -83.127846022,
    42.292949426
  ],
  ""type"": ""Point""
}",-83.127846022,42.2929494260001
3471,9850539,WOODWARD,7 MILE,2016-11-08,8,11,2016,6,3,8,3,,1,0,,1,1,4,45,4,2,2,5,0,0,0,0,true,,false,false,true,false,false,,,,,,false,false,false,,,false,false,false,false,false,-83.11506,42.43225,"{
  ""coordinates"": [
    -8.311505533099999e+01,
    4.243224954800010e+01
  ],
  ""type"": ""Point""
}","{
  ""coordinates"": [
    -83.115055331,
    42.432249548
  ],
  ""type"": ""Point""
}",-83.115055331,42.4322495480001
3472,9858404,N I 375,N I 75,2016-11-08,8,11,2016,11,3,1,1,,1,1,,2,1,1,70,1,1,1,5,0,0,0,0,true,,false,false,false,false,false,,,,,,false,false,false,,,false,false,false,false,false,-83.04395,42.34452,"{
  ""coordinates"": [
    -8.304395303900000e+01,
    4.234452417600000e+01
  ],
  ""type"": ""Point""
}","{
  ""coordinates"": [
    -83.043953039,
    42.344524176
  ],
  ""type"": ""Point""
}",-83.043953039,42.344524176
3473,9869322,DESOTO,GREENLAWN,2016-11-08,8,11,2016,17,3,4,9,,,0,,1,1,4,25,2,2,2,5,0,0,0,0,true,,false,false,true,false,false,,,,,,false,false,true,,,false,false,false,false,false,-83.14973,42.40112,"{
  ""coordinates"": [
    -8.314973330500000e+01,
    4.240111396200010e+01
  ],
  ""type"": ""Point""
}","{
  ""coordinates"": [
    -83.149733305,
    42.401113962
  ],
  ""type"": ""Point""
}",-83.149733305,42.4011139620001
3474,9850519,MARGARETA,STAHELIN,2016-11-08,8,11,2016,0,3,4,9,,,0,,1,1,4,25,2,2,1,5,0,0,0,0,true,,false,false,true,false,false,,,,,,false,false,false,,,false,false,false,false,false,-83.22746,42.4267,"{
  ""coordinates"": [
    -8.322745926000000e+01,
    4.242670018200000e+01
  ],
  ""type"": ""Point""
}","{
  ""coordinates"": [
    -83.22745926,
    42.426700182
  ],
  ""type"": ""Point""
}",-83.22745926,42.426700182
3475,9854229,I 75,OUTER,2016-11-08,8,11,2016,21,3,5,1,,1,0,,1,1,4,70,3,2,5,2,0,4,0,1,false,,false,false,false,false,false,,,,,,false,false,false,,,false,false,false,false,false,-83.16308,42.27246,"{
  ""coordinates"": [
    -8.316308209899999e+01,
    4.227245860100000e+01
  ],
  ""type"": ""Point""
}","{
  ""coordinates"": [
    -83.163082099,
    42.272458601
  ],
  ""type"": ""Point""
}",-83.163082099,42.272458601
3476,9850328,M 39,7 MILE,2016-11-08,8,11,2016,14,3,1,3,,1,1,,1,2,1,55,3,1,1,5,0,0,0,0,true,,false,false,false,false,false,,,,,,false,false,false,,,false,false,false,false,false,-83.21936,42.43363,"{
  ""coordinates"": [
    -8.321936028300000e+01,
    4.243363027000000e+01
  ],
  ""type"": ""Point""
}","{
  ""coordinates"": [
    -83.219360283,
    42.43363027
  ],
  ""type"": ""Point""
}",-83.219360283,42.43363027