ObjectId,Crash ID,Primary Road,Intersecting Road,Crash Date,Day,Month,Year,Hour,Weekday,Crash Type Code,Highway Classification Code,Community Code,Jurisdiction Code,Lane Departure Type Code,Surface Type,Road Condition,Weather Condition,Lighting Condition,Speed Limit,Lanes,Units,Occupants,Most Severe Injury,Fatal Injuries,Suspected Serious Injuries,Suspected Minor Injuries,Possible Injuries,Property Damage Only,Secondary Crash,Traffic Control,Red Light Run,Hit and Run,Alcohol,Drugs,Unbelted Person,Work Zone,Speeding Driver,Distracted Driver,Driveway,Pedestrian,Elderly Driver,Young Driver,Commercial Vehicle,Emergency Vehicles,Train,School Bus,Motorcycle,Bicycle,Deer,Longitude,Latitude,geom,geog,x,y
3477,9863592,MAPLERIDGE,GRATIOT,2016-11-08,8,11,2016,16,3,7,3,,,0,,1,1,1,25,2,2,2,5,0,0,0,0,true,,false,false,true,false,false,,,,,,false,false,false,,,false,false,false,false,false,-82.98173,42.42894,"{
  ""coordinates"": [
    -8.298173021699991e+01,
    4.242894468300010e+01
  ],
  ""type"": ""Point""
}","{
  ""coordinates"": [
    -82.981730217,
    42.428944683
  ],
  ""type"": ""Point""
}",-82.9817302169999,42.4289446830001
3478,9851722,BALTIMORE,SECOND,2016-11-08,8,11,2016,17,3,4,9,,4,0,,2,4,4,25,1,2,2,5,0,0,0,0,true,,false,false,false,false,false,,,,,,false,false,false,,,false,false,false,false,false,-83.07533,42.36718,"{
  ""coordinates"": [
    -8.307532997700000e+01,
    4.236717721900000e+01
  ],
  ""type"": ""Point""
}","{
  ""coordinates"": [
    -83.075329977,
    42.367177219
  ],
  ""type"": ""Point""
}",-83.075329977,42.367177219
3479,9855306,N I 75,DEARBORN,2016-11-08,8,11,2016,18,3,5,1,,1,0,,2,1,4,70,4,2,2,5,0,0,0,0,true,,false,false,false,false,false,,,,,,false,false,false,,,false,false,false,false,false,-83.12798,42.29275,"{
  ""coordinates"": [
    -8.312797293499990e+01,
    4.229275321900010e+01
  ],
  ""type"": ""Point""
}","{
  ""coordinates"": [
    -83.127972935,
    42.292753219
  ],
  ""type"": ""Point""
}",-83.1279729349999,42.2927532190001
3480,9851748,KELLY,MAYFIELD,2016-11-08,8,11,2016,14,3,8,9,,4,0,,1,2,1,25,2,2,5,5,0,0,0,0,true,,false,false,true,false,false,,,,,,false,false,false,,,false,false,false,false,false,-82.9623,42.42234,"{
  ""coordinates"": [
    -8.296229375900000e+01,
    4.242234462400010e+01
  ],
  ""type"": ""Point""
}","{
  ""coordinates"": [
    -82.962293759,
    42.422344624
  ],
  ""type"": ""Point""
}",-82.962293759,42.4223446240001
3481,9850540,8 MILE,WOODWARD,2016-11-08,8,11,2016,7,3,4,3,,1,0,,1,1,1,40,3,2,4,5,0,0,0,0,true,,false,false,false,false,false,,,,,,false,false,false,,,false,false,false,false,false,-83.12478,42.44651,"{
  ""coordinates"": [
    -8.312477941299990e+01,
    4.244650711000000e+01
  ],
  ""type"": ""Point""
}","{
  ""coordinates"": [
    -83.124779413,
    42.44650711
  ],
  ""type"": ""Point""
}",-83.1247794129999,42.44650711
3482,9850496,WOODWARD,ARDEN PARK,2016-11-08,8,11,2016,15,3,1,3,,1,0,,1,1,1,35,5,1,1,5,0,0,0,0,true,,false,false,false,false,false,,,,,,false,false,false,,,false,false,false,false,false,-83.08414,42.3864,"{
  ""coordinates"": [
    -8.308414678400000e+01,
    4.238640329600000e+01
  ],
  ""type"": ""Point""
}","{
  ""coordinates"": [
    -83.084146784,
    42.386403296
  ],
  ""type"": ""Point""
}",-83.084146784,42.386403296
3483,9852731,GLADYS,LIVERNOIS,2016-11-08,8,11,2016,15,3,98,9,,,3,,1,1,1,0,4,2,0,5,0,0,0,0,true,,false,false,true,false,false,,,,,,false,false,false,,,false,false,false,false,false,-83.12708,42.33997,"{
  ""coordinates"": [
    -8.312708539399991e+01,
    4.233997422100000e+01
  ],
  ""type"": ""Point""
}","{
  ""coordinates"": [
    -83.127085394,
    42.339974221
  ],
  ""type"": ""Point""
}",-83.1270853939999,42.339974221
3484,9863503,ROSA PARKS,N I 75 SERVICE DRIVE,2016-11-07,7,11,2016,15,2,5,9,,4,0,,1,1,1,0,2,3,2,5,0,0,0,0,true,,false,false,false,false,false,,,,,,false,false,false,,,false,false,false,false,false,-83.07281,42.33283,"{
  ""coordinates"": [
    -8.307281272400000e+01,
    4.233283388600010e+01
  ],
  ""type"": ""Point""
}","{
  ""coordinates"": [
    -83.072812724,
    42.332833886
  ],
  ""type"": ""Point""
}",-83.072812724,42.3328338860001
3485,9849423,JEFFERSON,BELLEVUE,2016-11-07,7,11,2016,16,2,5,9,,4,0,,1,1,1,35,9,2,2,5,0,0,0,0,true,,false,false,false,false,false,,,,,,false,false,false,,,false,false,false,false,false,-83.00653,42.34517,"{
  ""coordinates"": [
    -8.300652778800000e+01,
    4.234517039100010e+01
  ],
  ""type"": ""Point""
}","{
  ""coordinates"": [
    -83.006527788,
    42.345170391
  ],
  ""type"": ""Point""
}",-83.006527788,42.3451703910001
3486,9849441,14TH,BUENA VISTA,2016-11-07,7,11,2016,16,2,4,9,,4,0,,1,1,1,30,3,2,3,4,0,0,0,1,false,,true,false,false,false,false,,,,,,false,false,false,,,false,false,false,false,false,-83.11452,42.39305,"{
  ""coordinates"": [
    -8.311451868099989e+01,
    4.239304871100010e+01
  ],
  ""type"": ""Point""
}","{
  ""coordinates"": [
    -83.114518681,
    42.393048711
  ],
  ""type"": ""Point""
}",-83.1145186809999,42.3930487110001
3487,9849415,VERNOR,ST AUBIN,2016-11-07,7,11,2016,8,2,8,9,,4,0,,1,1,1,35,3,2,1,5,0,0,0,0,true,,false,false,true,false,false,,,,,,false,false,false,,,false,false,false,false,false,-83.03399,42.34863,"{
  ""coordinates"": [
    -8.303399036199990e+01,
    4.234863311000000e+01
  ],
  ""type"": ""Point""
}","{
  ""coordinates"": [
    -83.033990362,
    42.34863311
  ],
  ""type"": ""Point""
}",-83.0339903619999,42.34863311
3488,9851732,THREE MILE,OUTER,2016-11-07,7,11,2016,16,2,4,9,,,0,,1,1,1,25,2,2,3,4,0,0,0,1,false,,false,false,false,false,false,,,,,,false,false,false,,,false,false,false,false,false,-82.9431,42.40715,"{
  ""coordinates"": [
    -8.294309968000000e+01,
    4.240715487300000e+01
  ],
  ""type"": ""Point""
}","{
  ""coordinates"": [
    -82.94309968,
    42.407154873
  ],
  ""type"": ""Point""
}",-82.94309968,42.407154873
3489,9850537,SANTA ROSE,THATCHER,2016-11-07,7,11,2016,17,2,9,9,,,0,,1,1,1,25,2,2,0,5,0,0,0,0,true,,false,false,true,false,false,,,,,,false,false,false,,,false,false,false,false,false,-83.14325,42.42257,"{
  ""coordinates"": [
    -8.314324600299990e+01,
    4.242256666900000e+01
  ],
  ""type"": ""Point""
}","{
  ""coordinates"": [
    -83.143246003,
    42.422566669
  ],
  ""type"": ""Point""
}",-83.1432460029999,42.422566669
3490,9850489,RAMP 220F,W I 94,2016-11-07,7,11,2016,16,2,5,1,,1,0,,1,1,1,55,3,2,1,5,0,0,0,0,true,,false,false,true,false,false,,,,,,false,false,false,,,false,false,false,false,false,-82.98676,42.39751,"{
  ""coordinates"": [
    -8.298675697499991e+01,
    4.239750910900010e+01
  ],
  ""type"": ""Point""
}","{
  ""coordinates"": [
    -82.986756975,
    42.397509109
  ],
  ""type"": ""Point""
}",-82.9867569749999,42.3975091090001
3491,9858423,E I 96 CD,RAMP 137A,2016-11-07,7,11,2016,8,2,5,1,,1,0,,1,3,1,70,3,2,2,5,0,0,0,0,true,,false,false,false,false,false,,,,,,false,false,true,,,false,false,false,false,false,-83.1804,42.3825,"{
  ""coordinates"": [
    -8.318040307599991e+01,
    4.238249516000010e+01
  ],
  ""type"": ""Point""
}","{
  ""coordinates"": [
    -83.180403076,
    42.38249516
  ],
  ""type"": ""Point""
}",-83.1804030759999,42.3824951600001
3492,9863454,W I 96,KENTFIELD,2016-11-07,7,11,2016,14,2,8,1,,1,0,,1,1,1,55,5,2,2,5,0,0,0,0,true,,false,false,false,false,false,,,,,,false,false,false,,,false,false,false,false,false,-83.24073,42.38387,"{
  ""coordinates"": [
    -8.324072756000000e+01,
    4.238386617400000e+01
  ],
  ""type"": ""Point""
}","{
  ""coordinates"": [
    -83.24072756,
    42.383866174
  ],
  ""type"": ""Point""
}",-83.24072756,42.383866174
3493,9871674,I-94,MT ELLIOTT,2016-11-07,7,11,2016,2,2,1,1,,1,1,,2,3,5,55,3,1,1,5,0,0,0,0,true,,false,false,false,false,false,,,,,,false,false,false,,,false,false,false,false,false,-83.03367,42.37942,"{
  ""coordinates"": [
    -8.303366724599989e+01,
    4.237941881500010e+01
  ],
  ""type"": ""Point""
}","{
  ""coordinates"": [
    -83.033667246,
    42.379418815
  ],
  ""type"": ""Point""
}",-83.0336672459999,42.3794188150001
3494,9849418,RIVARD,LAFAYETTE,2016-11-07,7,11,2016,11,2,4,9,,4,0,,1,1,1,35,4,2,2,4,0,0,0,2,false,,true,true,false,false,false,,,,,,false,true,false,,,false,false,false,false,false,-83.03643,42.33667,"{
  ""coordinates"": [
    -8.303642811700000e+01,
    4.233666473000010e+01
  ],
  ""type"": ""Point""
}","{
  ""coordinates"": [
    -83.036428117,
    42.33666473
  ],
  ""type"": ""Point""
}",-83.036428117,42.3366647300001
3495,9852716,I 96,OAKMAN,2016-11-07,7,11,2016,10,2,5,3,,1,0,,1,1,1,55,3,2,2,4,0,0,0,1,false,,false,false,false,false,false,,,,,,false,false,false,,,false,false,false,false,false,-83.14532,42.38641,"{
  ""coordinates"": [
    -8.314531971299991e+01,
    4.238640425000010e+01
  ],
  ""type"": ""Point""
}","{
  ""coordinates"": [
    -83.145319713,
    42.38640425
  ],
  ""type"": ""Point""
}",-83.1453197129999,42.3864042500001
3496,9851762,HUBBELL,OUTER,2016-11-07,7,11,2016,17,2,5,9,,4,0,,1,1,5,30,2,3,3,4,0,0,0,4,false,,false,false,false,false,false,,,,,,false,false,false,,,false,false,false,false,false,-83.18964,42.41994,"{
  ""coordinates"": [
    -8.318964068299989e+01,
    4.241993986600000e+01
  ],
  ""type"": ""Point""
}","{
  ""coordinates"": [
    -83.189640683,
    42.419939866
  ],
  ""type"": ""Point""
}",-83.1896406829999,42.419939866
3497,9849404,WARREN,LORAINE,2016-11-07,7,11,2016,16,2,1,9,,4,0,,1,1,1,30,4,2,3,2,0,1,0,0,false,,false,false,false,false,false,,,,,,true,false,false,,,false,false,false,false,false,-83.0928,42.34761,"{
  ""coordinates"": [
    -8.309280587099990e+01,
    4.234760805800000e+01
  ],
  ""type"": ""Point""
}","{
  ""coordinates"": [
    -83.092805871,
    42.347608058
  ],
  ""type"": ""Point""
}",-83.0928058709999,42.347608058
3498,9863522,CALVARY,VERNOR,2016-11-07,7,11,2016,15,2,8,9,,,0,,1,1,1,25,1,2,0,5,0,0,0,0,true,,false,false,true,false,false,,,,,,false,false,false,,,false,false,false,false,false,-83.10567,42.31627,"{
  ""coordinates"": [
    -8.310567301400000e+01,
    4.231627457500010e+01
  ],
  ""type"": ""Point""
}","{
  ""coordinates"": [
    -83.105673014,
    42.316274575
  ],
  ""type"": ""Point""
}",-83.105673014,42.3162745750001
3499,9849409,BETHOUN,3RD,2016-11-07,7,11,2016,17,2,97,9,,,0,,1,1,1,25,2,2,0,5,0,0,0,0,true,,false,false,true,false,false,,,,,,false,false,false,,,false,false,false,false,false,-83.07906,42.37079,"{
  ""coordinates"": [
    -8.307906608000000e+01,
    4.237079068200010e+01
  ],
  ""type"": ""Point""
}","{
  ""coordinates"": [
    -83.07906608,
    42.370790682
  ],
  ""type"": ""Point""
}",-83.07906608,42.3707906820001
3500,9849437,GRATIOT,SARATOGA,2016-11-07,7,11,2016,18,2,8,3,,1,0,,1,1,4,35,7,3,1,5,0,0,0,0,true,,false,false,false,false,false,,,,,,false,false,false,,,false,false,false,false,false,-82.97945,42.43241,"{
  ""coordinates"": [
    -8.297944503500000e+01,
    4.243240880600010e+01
  ],
  ""type"": ""Point""
}","{
  ""coordinates"": [
    -82.979445035,
    42.432408806
  ],
  ""type"": ""Point""
}",-82.979445035,42.4324088060001
3501,9849439,DAVISON,WILDEMERE,2016-11-07,7,11,2016,17,2,3,3,,1,0,,1,1,2,35,7,2,2,4,0,0,0,2,false,,false,false,false,false,false,,,,,,false,false,true,,,false,false,false,false,false,-83.12745,42.391,"{
  ""coordinates"": [
    -8.312745120200000e+01,
    4.239100368100000e+01
  ],
  ""type"": ""Point""
}","{
  ""coordinates"": [
    -83.127451202,
    42.391003681
  ],
  ""type"": ""Point""
}",-83.127451202,42.391003681
3502,9854308,S M 10,LIVERNOIS,2016-11-07,7,11,2016,10,2,4,3,,1,0,,1,1,1,65,4,2,2,5,0,0,0,0,true,,false,false,false,false,false,,,,,,false,false,false,,,false,false,false,false,false,-83.14056,42.4048,"{
  ""coordinates"": [
    -8.314055475100000e+01,
    4.240480255600000e+01
  ],
  ""type"": ""Point""
}","{
  ""coordinates"": [
    -83.140554751,
    42.404802556
  ],
  ""type"": ""Point""
}",-83.140554751,42.404802556
3503,9849407,CHICAGO,AUBURN,2016-11-07,7,11,2016,16,2,97,9,,4,3,,1,1,1,25,2,2,0,5,0,0,0,0,true,,false,false,true,false,false,,,,,,false,false,false,,,false,false,false,false,false,-83.23546,42.36471,"{
  ""coordinates"": [
    -8.323546120299990e+01,
    4.236471264500010e+01
  ],
  ""type"": ""Point""
}","{
  ""coordinates"": [
    -83.235461203,
    42.364712645
  ],
  ""type"": ""Point""
}",-83.2354612029999,42.3647126450001
3504,9851763,PERRY,TRUMBULL,2016-11-07,7,11,2016,16,2,3,9,,,0,,1,1,1,25,2,2,3,5,0,0,0,0,true,,false,false,false,false,false,,,,,,false,true,false,,,false,false,false,false,false,-83.07019,42.33717,"{
  ""coordinates"": [
    -8.307018686000001e+01,
    4.233716653500010e+01
  ],
  ""type"": ""Point""
}","{
  ""coordinates"": [
    -83.07018686,
    42.337166535
  ],
  ""type"": ""Point""
}",-83.07018686,42.3371665350001
3505,9850535,8 MILE,WARRINGTON,2016-11-07,7,11,2016,13,2,5,3,,1,0,,1,1,1,40,5,2,2,5,0,0,0,0,true,,false,false,false,false,false,,,,,,false,true,true,,,false,false,false,false,false,-83.14081,42.44611,"{
  ""coordinates"": [
    -8.314080791500000e+01,
    4.244611145400010e+01
  ],
  ""type"": ""Point""
}","{
  ""coordinates"": [
    -83.140807915,
    42.446111454
  ],
  ""type"": ""Point""
}",-83.140807915,42.4461114540001
3506,9849425,FRANKLIN,SAINT AUBIN,2016-11-07,7,11,2016,,2,8,9,,,0,,1,1,1,0,2,2,0,5,0,0,0,0,true,,false,false,true,false,false,,,,,,false,false,false,,,false,false,false,false,false,-83.02838,42.33407,"{
  ""coordinates"": [
    -8.302838052200001e+01,
    4.233406721400010e+01
  ],
  ""type"": ""Point""
}","{
  ""coordinates"": [
    -83.028380522,
    42.334067214
  ],
  ""type"": ""Point""
}",-83.028380522,42.3340672140001
3507,9849408,ST MARYS,PICKFORD,2016-11-07,7,11,2016,8,2,97,9,,,0,,2,1,1,25,2,2,0,5,0,0,0,0,true,,false,false,true,false,false,,,,,,false,false,false,,,false,false,false,false,false,-83.20715,42.42344,"{
  ""coordinates"": [
    -8.320714592400000e+01,
    4.242344142800000e+01
  ],
  ""type"": ""Point""
}","{
  ""coordinates"": [
    -83.207145924,
    42.423441428
  ],
  ""type"": ""Point""
}",-83.207145924,42.423441428
3508,9849410,GRAND RIVER,OHIO,2016-11-07,7,11,2016,17,2,5,3,,1,0,,1,1,3,35,6,3,5,4,0,0,0,1,false,,false,false,false,false,false,,,,,,false,false,false,,,false,false,false,false,false,-83.15466,42.37505,"{
  ""coordinates"": [
    -8.315465281000000e+01,
    4.237505448400000e+01
  ],
  ""type"": ""Point""
}","{
  ""coordinates"": [
    -83.15465281,
    42.375054484
  ],
  ""type"": ""Point""
}",-83.15465281,42.375054484
3509,9850538,JAMES COUZENS,7 MILE,2016-11-07,7,11,2016,14,2,8,3,,4,0,,1,1,1,35,2,2,2,5,0,0,0,0,true,,false,false,true,false,false,,,,,,false,true,false,,,false,false,false,false,false,-83.18742,42.43084,"{
  ""coordinates"": [
    -8.318741281400000e+01,
    4.243084283100010e+01
  ],
  ""type"": ""Point""
}","{
  ""coordinates"": [
    -83.187412814,
    42.430842831
  ],
  ""type"": ""Point""
}",-83.187412814,42.4308428310001
3510,9854278,SOUTHFIELD SERVICE DRIVE,GRAND RIVER,2016-11-07,7,11,2016,15,2,8,3,,4,0,,1,1,1,25,2,2,2,5,0,0,0,0,true,,false,false,false,false,false,,,,,,false,true,false,,,false,false,false,false,false,-83.21859,42.40085,"{
  ""coordinates"": [
    -8.321858748800000e+01,
    4.240085036300010e+01
  ],
  ""type"": ""Point""
}","{
  ""coordinates"": [
    -83.218587488,
    42.400850363
  ],
  ""type"": ""Point""
}",-83.218587488,42.4008503630001
3511,9851759,N I 75,7 MILE,2016-11-07,7,11,2016,2,2,8,1,,1,0,,2,3,97,55,3,2,3,5,0,0,0,0,true,,false,false,true,false,false,,,,,,false,false,false,,,false,false,false,false,false,-83.09464,42.43244,"{
  ""coordinates"": [
    -8.309464033499999e+01,
    4.243243890300000e+01
  ],
  ""type"": ""Point""
}","{
  ""coordinates"": [
    -83.094640335,
    42.432438903
  ],
  ""type"": ""Point""
}",-83.094640335,42.432438903
3512,9854253,4620 HAVERHILL,MUNICH,2016-11-07,7,11,2016,19,2,2,9,,,2,,1,1,4,25,3,2,1,5,0,0,0,0,true,,false,false,false,false,false,,,,,,false,false,false,,,false,false,false,false,false,-82.94093,42.39834,"{
  ""coordinates"": [
    -8.294092791100000e+01,
    4.239834221300000e+01
  ],
  ""type"": ""Point""
}","{
  ""coordinates"": [
    -82.940927911,
    42.398342213
  ],
  ""type"": ""Point""
}",-82.940927911,42.398342213
3513,9851736,BEAVERLAND,ELMIRA,2016-11-07,7,11,2016,7,2,97,9,,,0,,1,2,2,25,2,2,0,5,0,0,0,0,true,,false,false,false,false,false,,,,,,false,false,false,,,false,false,false,false,false,-83.26447,42.3705,"{
  ""coordinates"": [
    -8.326446882999990e+01,
    4.237050152200000e+01
  ],
  ""type"": ""Point""
}","{
  ""coordinates"": [
    -83.26446883,
    42.370501522
  ],
  ""type"": ""Point""
}",-83.2644688299999,42.370501522
3514,9863545,WARREN,WARWICK,2016-11-07,7,11,2016,12,2,8,9,,2,0,,1,1,1,35,3,2,6,5,0,0,0,0,true,,false,false,false,false,false,,,,,,false,false,false,,,false,false,false,false,false,-83.22687,42.34326,"{
  ""coordinates"": [
    -8.322686436100000e+01,
    4.234325798100010e+01
  ],
  ""type"": ""Point""
}","{
  ""coordinates"": [
    -83.226864361,
    42.343257981
  ],
  ""type"": ""Point""
}",-83.226864361,42.3432579810001
3515,9854252,CHANDLER PARK,GUILFORD,2016-11-07,7,11,2016,16,2,4,9,,2,0,,1,1,3,30,4,2,4,5,0,0,0,0,true,,false,false,false,false,false,,,,,,false,false,true,,,false,false,false,false,false,-82.93036,42.41214,"{
  ""coordinates"": [
    -8.293035743699990e+01,
    4.241213865400000e+01
  ],
  ""type"": ""Point""
}","{
  ""coordinates"": [
    -82.930357437,
    42.412138654
  ],
  ""type"": ""Point""
}",-82.9303574369999,42.412138654
3516,9849435,GRATIOT,HARPER,2016-11-07,7,11,2016,15,2,97,3,,1,0,,1,1,1,35,7,3,3,4,0,0,0,1,false,,true,true,false,false,false,,,,,,false,false,true,,,false,false,false,false,false,-83.00522,42.39313,"{
  ""coordinates"": [
    -8.300522131000000e+01,
    4.239313118300000e+01
  ],
  ""type"": ""Point""
}","{
  ""coordinates"": [
    -83.00522131,
    42.393131183
  ],
  ""type"": ""Point""
}",-83.00522131,42.393131183
3517,9849440,CLOVERLAWN,INTERVALE,2016-11-07,7,11,2016,12,2,8,9,,,0,,1,1,1,25,2,2,3,5,0,0,0,0,true,,false,false,false,false,false,,,,,,false,false,true,,,false,false,false,false,false,-83.15198,42.39113,"{
  ""coordinates"": [
    -8.315197835600000e+01,
    4.239113346600000e+01
  ],
  ""type"": ""Point""
}","{
  ""coordinates"": [
    -83.151978356,
    42.391133466
  ],
  ""type"": ""Point""
}",-83.151978356,42.391133466
3518,9852729,VERNOR,LIVERNOIS,2016-11-07,7,11,2016,16,2,9,9,,4,0,,1,1,1,0,2,2,2,5,0,0,0,0,true,,false,false,false,false,false,,,,,,false,false,false,,,false,false,false,false,false,-83.10999,42.31561,"{
  ""coordinates"": [
    -8.310998914000000e+01,
    4.231561161500010e+01
  ],
  ""type"": ""Point""
}","{
  ""coordinates"": [
    -83.10998914,
    42.315611615
  ],
  ""type"": ""Point""
}",-83.10998914,42.3156116150001
3519,9863530,MCGRAW,HOMEDALE,2016-11-07,7,11,2016,16,2,5,9,,4,0,,1,1,1,30,4,2,2,5,0,0,0,0,true,,false,false,true,false,false,,,,,,false,false,false,,,false,false,false,false,false,-83.15279,42.33065,"{
  ""coordinates"": [
    -8.315278615900000e+01,
    4.233065477000010e+01
  ],
  ""type"": ""Point""
}","{
  ""coordinates"": [
    -83.152786159,
    42.33065477
  ],
  ""type"": ""Point""
}",-83.152786159,42.3306547700001
3520,9858425,N M 10,RAMP 122E,2016-11-07,7,11,2016,17,2,5,3,,1,0,,1,1,3,55,3,3,3,4,0,0,0,1,false,,false,false,false,false,false,,,,,,false,false,false,,,false,false,false,false,false,-83.06338,42.33415,"{
  ""coordinates"": [
    -8.306338077700001e+01,
    4.233415125500010e+01
  ],
  ""type"": ""Point""
}","{
  ""coordinates"": [
    -83.063380777,
    42.334151255
  ],
  ""type"": ""Point""
}",-83.063380777,42.3341512550001
3521,9852730,DIX,SCHAEFER,2016-11-07,7,11,2016,13,2,5,9,,4,0,,1,1,1,0,4,2,2,5,0,0,0,0,true,,false,false,false,false,false,,,,,,false,false,false,,,false,false,false,false,false,-83.16239,42.2834,"{
  ""coordinates"": [
    -8.316239248999990e+01,
    4.228339711700000e+01
  ],
  ""type"": ""Point""
}","{
  ""coordinates"": [
    -83.16239249,
    42.283397117
  ],
  ""type"": ""Point""
}",-83.1623924899999,42.283397117
3522,9850509,HARRISON,PINE,2016-11-07,7,11,2016,15,2,4,9,,,0,,1,1,1,30,4,2,3,5,0,0,0,0,true,,false,false,false,false,false,,,,,,false,false,false,,,false,false,false,false,false,-83.07241,42.3347,"{
  ""coordinates"": [
    -8.307240715099989e+01,
    4.233469605500010e+01
  ],
  ""type"": ""Point""
}","{
  ""coordinates"": [
    -83.072407151,
    42.334696055
  ],
  ""type"": ""Point""
}",-83.0724071509999,42.3346960550001
3523,9851741,MORANG,SOMERSET,2016-11-07,7,11,2016,18,2,97,9,,4,0,,1,1,4,35,2,3,2,5,0,0,0,0,true,,true,false,false,false,false,,,,,,false,false,true,,,false,false,false,false,false,-82.94396,42.42366,"{
  ""coordinates"": [
    -8.294396233799991e+01,
    4.242365559600010e+01
  ],
  ""type"": ""Point""
}","{
  ""coordinates"": [
    -82.943962338,
    42.423655596
  ],
  ""type"": ""Point""
}",-82.9439623379999,42.4236555960001
3524,9849444,7 MILE,CONANT,2016-11-07,7,11,2016,16,2,5,9,,4,0,,1,1,1,30,4,2,2,5,0,0,0,0,true,,false,false,false,false,false,,,,,,false,false,false,,,false,false,false,false,false,-83.07311,42.43293,"{
  ""coordinates"": [
    -8.307311218099990e+01,
    4.243292920800010e+01
  ],
  ""type"": ""Point""
}","{
  ""coordinates"": [
    -83.073112181,
    42.432929208
  ],
  ""type"": ""Point""
}",-83.0731121809999,42.4329292080001
3525,9858403,S I 75,PLEASANT,2016-11-07,7,11,2016,17,2,5,1,,1,0,,1,1,1,70,4,2,1,5,0,0,0,0,true,,false,false,false,false,false,,,,,,false,false,false,,,false,false,false,false,false,-83.14947,42.28204,"{
  ""coordinates"": [
    -8.314946980000001e+01,
    4.228204433500010e+01
  ],
  ""type"": ""Point""
}","{
  ""coordinates"": [
    -83.1494698,
    42.282044335
  ],
  ""type"": ""Point""
}",-83.1494698,42.2820443350001
3526,9850512,JOY,STAHELIN,2016-11-07,7,11,2016,8,2,8,9,,2,0,,1,3,1,25,3,2,6,5,0,0,0,0,true,,false,false,false,false,false,,,,,,false,false,true,,,false,false,false,false,false,-83.22483,42.35773,"{
  ""coordinates"": [
    -8.322482761700000e+01,
    4.235772591100000e+01
  ],
  ""type"": ""Point""
}","{
  ""coordinates"": [
    -83.224827617,
    42.357725911
  ],
  ""type"": ""Point""
}",-83.224827617,42.357725911
3527,9850533,SORRENTO,SAINT MARTINS,2016-11-07,7,11,2016,1,2,98,9,,,0,,1,3,3,25,2,2,2,5,0,0,0,0,true,,false,false,true,false,false,,,,,,false,false,true,,,false,false,false,false,false,-83.17418,42.43655,"{
  ""coordinates"": [
    -8.317417740900000e+01,
    4.243654523500000e+01
  ],
  ""type"": ""Point""
}","{
  ""coordinates"": [
    -83.174177409,
    42.436545235
  ],
  ""type"": ""Point""
}",-83.174177409,42.436545235
3528,9858424,I-96,M-39,2016-11-07,7,11,2016,8,2,5,1,,1,0,,1,3,1,70,3,2,2,5,0,0,0,0,true,,false,false,false,false,false,,,,,,false,false,false,,,false,false,false,false,false,-83.22195,42.37828,"{
  ""coordinates"": [
    -8.322194449599991e+01,
    4.237827606400000e+01
  ],
  ""type"": ""Point""
}","{
  ""coordinates"": [
    -83.221944496,
    42.378276064
  ],
  ""type"": ""Point""
}",-83.2219444959999,42.378276064
3529,9851754,7 MILE,RYAN,2016-11-07,7,11,2016,17,2,4,9,,4,0,,1,1,4,30,4,2,2,4,0,0,0,1,false,,false,false,false,false,false,,,,,,false,false,false,,,false,false,false,false,false,-83.06387,42.43311,"{
  ""coordinates"": [
    -8.306386260999990e+01,
    4.243311031400000e+01
  ],
  ""type"": ""Point""
}","{
  ""coordinates"": [
    -83.06386261,
    42.433110314
  ],
  ""type"": ""Point""
}",-83.0638626099999,42.433110314
3530,9852751,W I 96 CD,RAMP 136C,2016-11-07,7,11,2016,10,2,8,1,,1,0,,1,1,4,0,1,2,1,5,0,0,0,0,true,,false,false,true,false,false,,,,,,false,false,false,,,false,false,false,false,false,-83.19353,42.37944,"{
  ""coordinates"": [
    -8.319353104200000e+01,
    4.237944496400010e+01
  ],
  ""type"": ""Point""
}","{
  ""coordinates"": [
    -83.193531042,
    42.379444964
  ],
  ""type"": ""Point""
}",-83.193531042,42.3794449640001
3531,9877948,DEQUINDRE,7 MILE,2016-11-07,7,11,2016,9,2,3,9,,4,0,,1,1,1,30,4,2,3,1,1,0,0,1,false,,false,false,false,false,false,,,,,,false,false,true,,,false,false,false,false,false,-83.08289,42.43293,"{
  ""coordinates"": [
    -8.308288668499991e+01,
    4.243292901400010e+01
  ],
  ""type"": ""Point""
}","{
  ""coordinates"": [
    -83.082886685,
    42.432929014
  ],
  ""type"": ""Point""
}",-83.0828866849999,42.4329290140001
3532,9849411,JOY,ARTESIAN,2016-11-07,7,11,2016,18,2,1,9,,2,0,,1,1,4,35,4,1,1,5,0,0,0,0,true,,false,false,false,false,false,,,,,,false,false,false,,,false,false,false,false,false,-83.22614,42.35771,"{
  ""coordinates"": [
    -8.322614441499999e+01,
    4.235770782200010e+01
  ],
  ""type"": ""Point""
}","{
  ""coordinates"": [
    -83.226144415,
    42.357707822
  ],
  ""type"": ""Point""
}",-83.226144415,42.3577078220001