ObjectId,Crash ID,Primary Road,Intersecting Road,Crash Date,Day,Month,Year,Hour,Weekday,Crash Type Code,Highway Classification Code,Community Code,Jurisdiction Code,Lane Departure Type Code,Surface Type,Road Condition,Weather Condition,Lighting Condition,Speed Limit,Lanes,Units,Occupants,Most Severe Injury,Fatal Injuries,Suspected Serious Injuries,Suspected Minor Injuries,Possible Injuries,Property Damage Only,Secondary Crash,Traffic Control,Red Light Run,Hit and Run,Alcohol,Drugs,Unbelted Person,Work Zone,Speeding Driver,Distracted Driver,Driveway,Pedestrian,Elderly Driver,Young Driver,Commercial Vehicle,Emergency Vehicles,Train,School Bus,Motorcycle,Bicycle,Deer,Longitude,Latitude,geom,geog,x,y
3648,9875411,HUBBELL,GRAND,2016-11-04,4,11,2016,8,6,4,3,,4,0,,1,1,1,35,2,2,2,5,0,0,0,0,true,,false,false,false,false,false,,,,,,false,true,false,,,false,false,false,false,false,-83.18836,42.38843,"{
  ""coordinates"": [
    -8.318836163600000e+01,
    4.238842988400010e+01
  ],
  ""type"": ""Point""
}","{
  ""coordinates"": [
    -83.188361636,
    42.388429884
  ],
  ""type"": ""Point""
}",-83.188361636,42.3884298840001
3649,9866365,W I 96,EVERGREEN,2016-11-04,4,11,2016,23,6,8,1,,1,0,,1,2,4,55,3,3,3,5,0,0,0,0,true,,false,false,true,false,false,,,,,,false,false,false,,,false,false,false,false,false,-83.23581,42.37992,"{
  ""coordinates"": [
    -8.323581207599990e+01,
    4.237991774000010e+01
  ],
  ""type"": ""Point""
}","{
  ""coordinates"": [
    -83.235812076,
    42.37991774
  ],
  ""type"": ""Point""
}",-83.2358120759999,42.3799177400001
3650,9873287,PRARIE,CURTIS,2016-11-04,4,11,2016,20,6,10,9,,,0,,1,1,4,25,2,2,0,5,0,0,0,0,true,,false,false,true,false,false,,,,,,false,false,true,,,false,false,false,false,false,-83.14548,42.42463,"{
  ""coordinates"": [
    -8.314548499999999e+01,
    4.242462482400000e+01
  ],
  ""type"": ""Point""
}","{
  ""coordinates"": [
    -83.145485,
    42.424624824
  ],
  ""type"": ""Point""
}",-83.145485,42.424624824
3651,9848412,HARPER,CADIEUX,2016-11-04,4,11,2016,12,6,8,9,,4,0,,1,1,1,35,4,2,3,5,0,0,0,0,true,,false,false,false,false,false,,,,,,false,false,false,,,false,false,false,false,false,-82.93615,42.41663,"{
  ""coordinates"": [
    -8.293615259300000e+01,
    4.241663243100000e+01
  ],
  ""type"": ""Point""
}","{
  ""coordinates"": [
    -82.936152593,
    42.416632431
  ],
  ""type"": ""Point""
}",-82.936152593,42.416632431
3652,9887498,LARNED,N I 375 SERVICE DRIVE,2016-11-04,4,11,2016,16,6,4,9,,4,0,,1,1,1,35,4,2,2,4,0,0,0,1,false,,false,false,false,false,false,,,,,,false,false,false,,,false,false,false,false,false,-83.03606,42.33357,"{
  ""coordinates"": [
    -8.303605476199991e+01,
    4.233356987200010e+01
  ],
  ""type"": ""Point""
}","{
  ""coordinates"": [
    -83.036054762,
    42.333569872
  ],
  ""type"": ""Point""
}",-83.0360547619999,42.3335698720001
3653,9848526,TALBOT,CONANT,2016-11-04,4,11,2016,16,6,9,9,,,2,,1,1,1,25,3,2,0,5,0,0,0,0,true,,false,false,true,false,false,,,,,,false,false,false,,,false,false,false,false,false,-83.05458,42.40542,"{
  ""coordinates"": [
    -8.305458356799990e+01,
    4.240541839300000e+01
  ],
  ""type"": ""Point""
}","{
  ""coordinates"": [
    -83.054583568,
    42.405418393
  ],
  ""type"": ""Point""
}",-83.0545835679999,42.405418393
3654,9876418,BRAMELL,KENDALL,2016-11-04,4,11,2016,23,6,98,9,,,0,,1,1,4,25,2,2,1,4,0,0,0,1,false,,false,false,false,false,false,,,,,,false,false,true,,,false,false,false,false,false,-83.26464,42.38784,"{
  ""coordinates"": [
    -8.326463778000000e+01,
    4.238784333600010e+01
  ],
  ""type"": ""Point""
}","{
  ""coordinates"": [
    -83.26463778,
    42.387843336
  ],
  ""type"": ""Point""
}",-83.26463778,42.3878433360001
3655,9850548,FARNSWORTH,WOODWARD,2016-11-04,4,11,2016,11,6,4,3,,,0,,1,1,1,25,2,2,2,5,0,0,0,0,true,,false,false,false,false,false,,,,,,false,true,false,,,false,false,false,false,false,-83.06467,42.35807,"{
  ""coordinates"": [
    -8.306467808300000e+01,
    4.235807420600000e+01
  ],
  ""type"": ""Point""
}","{
  ""coordinates"": [
    -83.064678083,
    42.358074206
  ],
  ""type"": ""Point""
}",-83.064678083,42.358074206
3656,9894763,I 75,CLAY,2016-11-04,4,11,2016,19,6,5,1,,1,0,,1,1,4,55,4,2,2,5,0,0,0,0,true,,false,false,true,false,false,,,,,,false,false,false,,,false,false,false,false,false,-83.06198,42.37699,"{
  ""coordinates"": [
    -8.306197959300000e+01,
    4.237699313200010e+01
  ],
  ""type"": ""Point""
}","{
  ""coordinates"": [
    -83.061979593,
    42.376993132
  ],
  ""type"": ""Point""
}",-83.061979593,42.3769931320001
3657,9865094,M 10 SERVICE,LIVERNOIS,2016-11-04,4,11,2016,13,6,5,9,,4,0,,1,1,1,30,3,3,2,5,0,0,0,0,true,,false,false,true,false,false,,,,,,false,false,true,,,false,false,false,false,false,-83.14075,42.4045,"{
  ""coordinates"": [
    -8.314074790900000e+01,
    4.240449849600000e+01
  ],
  ""type"": ""Point""
}","{
  ""coordinates"": [
    -83.140747909,
    42.404498496
  ],
  ""type"": ""Point""
}",-83.140747909,42.404498496
3658,9848525,8 MILE,GODDARD,2016-11-04,4,11,2016,13,6,5,3,,1,0,,1,1,1,40,3,2,2,5,0,0,0,0,true,,false,false,false,false,false,,,,,,false,false,false,,,false,false,false,false,false,-83.07785,42.44709,"{
  ""coordinates"": [
    -8.307785194000000e+01,
    4.244709110400000e+01
  ],
  ""type"": ""Point""
}","{
  ""coordinates"": [
    -83.07785194,
    42.447091104
  ],
  ""type"": ""Point""
}",-83.07785194,42.447091104
3659,9870517,SAINT AUBIN,ANTIETAM,2016-11-04,4,11,2016,17,6,4,9,,4,0,,1,1,1,30,6,2,3,3,0,0,1,0,false,,false,false,false,false,false,,,,,,false,true,false,,,false,false,false,false,false,-83.03429,42.34555,"{
  ""coordinates"": [
    -8.303429171099999e+01,
    4.234555416700000e+01
  ],
  ""type"": ""Point""
}","{
  ""coordinates"": [
    -83.034291711,
    42.345554167
  ],
  ""type"": ""Point""
}",-83.034291711,42.345554167
3660,9848524,FENELON,STOCKTON,2016-11-04,4,11,2016,17,6,10,9,,,0,,1,1,1,25,2,2,3,5,0,0,0,0,true,,false,false,false,false,false,,,,,,false,false,false,,,false,false,false,false,false,-83.0531,42.42818,"{
  ""coordinates"": [
    -8.305310006199990e+01,
    4.242817862000000e+01
  ],
  ""type"": ""Point""
}","{
  ""coordinates"": [
    -83.053100062,
    42.42817862
  ],
  ""type"": ""Point""
}",-83.0531000619999,42.42817862
3661,9848485,KENDALL,PATTON,2016-11-04,4,11,2016,11,6,4,9,,,0,,1,1,1,25,2,2,2,5,0,0,0,0,true,,false,false,false,false,false,,,,,,false,false,false,,,false,false,false,false,false,-83.24335,42.38853,"{
  ""coordinates"": [
    -8.324335700499999e+01,
    4.238852840000000e+01
  ],
  ""type"": ""Point""
}","{
  ""coordinates"": [
    -83.243357005,
    42.3885284
  ],
  ""type"": ""Point""
}",-83.243357005,42.3885284
3662,9848477,GRANDRIVER,GRANDVILLE,2016-11-04,4,11,2016,8,6,2,3,,1,2,,1,1,1,35,5,2,3,2,0,1,0,2,false,,false,false,false,false,false,,,,,,false,false,false,,,false,false,false,false,false,-83.23127,42.40592,"{
  ""coordinates"": [
    -8.323126987900000e+01,
    4.240591998300000e+01
  ],
  ""type"": ""Point""
}","{
  ""coordinates"": [
    -83.231269879,
    42.405919983
  ],
  ""type"": ""Point""
}",-83.231269879,42.405919983
3663,9848450,OUTER,DARTMOUTH,2016-11-04,4,11,2016,16,6,8,9,,2,0,,1,1,1,35,3,2,2,5,0,0,0,0,true,,false,false,false,false,false,,,,,,false,false,true,,,false,false,false,false,false,-83.16883,42.26456,"{
  ""coordinates"": [
    -8.316882967200000e+01,
    4.226456523000010e+01
  ],
  ""type"": ""Point""
}","{
  ""coordinates"": [
    -83.168829672,
    42.26456523
  ],
  ""type"": ""Point""
}",-83.168829672,42.2645652300001
3664,9848483,7 MILE,LINDSAY,2016-11-04,4,11,2016,10,6,5,9,,2,0,,1,1,1,35,4,3,3,5,0,0,0,0,true,,false,false,false,false,false,,,,,,false,true,false,,,false,false,false,false,false,-83.21394,42.43016,"{
  ""coordinates"": [
    -8.321394463800000e+01,
    4.243016145500010e+01
  ],
  ""type"": ""Point""
}","{
  ""coordinates"": [
    -83.213944638,
    42.430161455
  ],
  ""type"": ""Point""
}",-83.213944638,42.4301614550001
3665,9848543,LIVERNOIS,CURTIS,2016-11-04,4,11,2016,21,6,5,9,,4,0,,1,1,4,35,2,2,2,4,0,0,0,1,false,,false,false,false,false,false,,,,,,false,false,false,,,false,false,false,false,false,-83.14103,42.42419,"{
  ""coordinates"": [
    -8.314103178200000e+01,
    4.242419549400010e+01
  ],
  ""type"": ""Point""
}","{
  ""coordinates"": [
    -83.141031782,
    42.424195494
  ],
  ""type"": ""Point""
}",-83.141031782,42.4241954940001
3666,9848456,ST JEAN,JEFFERSON,2016-11-04,4,11,2016,10,6,5,9,,4,0,,1,1,1,35,4,2,2,5,0,0,0,0,true,,false,false,false,false,false,,,,,,false,false,false,,,false,false,false,false,false,-82.97061,42.36699,"{
  ""coordinates"": [
    -8.297061092599991e+01,
    4.236699363800010e+01
  ],
  ""type"": ""Point""
}","{
  ""coordinates"": [
    -82.970610926,
    42.366993638
  ],
  ""type"": ""Point""
}",-82.9706109259999,42.3669936380001
3667,9848441,TRUMBULL,N I 75,2016-11-04,4,11,2016,20,6,8,9,,4,0,,1,1,3,30,2,2,2,5,0,0,0,0,true,,false,false,true,false,false,,,,,,false,false,false,,,false,false,false,false,false,-83.06862,42.3344,"{
  ""coordinates"": [
    -8.306861579299991e+01,
    4.233440132700010e+01
  ],
  ""type"": ""Point""
}","{
  ""coordinates"": [
    -83.068615793,
    42.334401327
  ],
  ""type"": ""Point""
}",-83.0686157929999,42.3344013270001
3668,9863511,7MILE,WASHBURN,2016-11-04,4,11,2016,15,6,8,9,,2,0,,1,1,1,25,2,2,0,5,0,0,0,0,true,,false,false,true,false,false,,,,,,false,false,false,,,false,false,false,false,false,-83.16203,42.43133,"{
  ""coordinates"": [
    -8.316202835400000e+01,
    4.243133227200010e+01
  ],
  ""type"": ""Point""
}","{
  ""coordinates"": [
    -83.162028354,
    42.431332272
  ],
  ""type"": ""Point""
}",-83.162028354,42.4313322720001
3669,9848431,I 75,MILWAUKEE,2016-11-04,4,11,2016,2,6,8,1,,1,0,,1,1,4,55,1,2,2,5,0,0,0,0,true,,false,false,true,false,false,,,,,,false,false,false,,,false,false,false,false,false,-83.05952,42.37346,"{
  ""coordinates"": [
    -8.305951752199999e+01,
    4.237345431400010e+01
  ],
  ""type"": ""Point""
}","{
  ""coordinates"": [
    -83.059517522,
    42.373454314
  ],
  ""type"": ""Point""
}",-83.059517522,42.3734543140001
3670,9855338,OUTER,SOUTHFIELD SERVICE DRIVE,2016-11-04,4,11,2016,16,6,5,9,,2,0,,1,1,1,35,4,3,2,4,0,0,0,1,false,,false,false,false,false,false,,,,,,false,false,false,,,false,false,false,false,false,-83.21851,42.41927,"{
  ""coordinates"": [
    -8.321851572900000e+01,
    4.241926893100000e+01
  ],
  ""type"": ""Point""
}","{
  ""coordinates"": [
    -83.218515729,
    42.419268931
  ],
  ""type"": ""Point""
}",-83.218515729,42.419268931
3671,9855328,ALTER,SOUTHAMPTON,2016-11-04,4,11,2016,14,6,1,9,,4,1,,1,1,1,30,2,1,1,4,0,0,0,1,false,,false,false,false,false,false,,,,,,false,true,false,,,false,false,false,false,false,-82.95683,42.39997,"{
  ""coordinates"": [
    -8.295682233299991e+01,
    4.239996540800010e+01
  ],
  ""type"": ""Point""
}","{
  ""coordinates"": [
    -82.956822333,
    42.399965408
  ],
  ""type"": ""Point""
}",-82.9568223329999,42.3999654080001
3672,9848503,8 MILE,RENO,2016-11-04,4,11,2016,10,6,5,3,,1,0,,1,1,1,40,4,2,2,4,0,0,0,1,false,,false,false,false,false,false,,,,,,false,false,true,,,false,false,false,false,false,-82.98467,42.4493,"{
  ""coordinates"": [
    -8.298467480499990e+01,
    4.244930211900000e+01
  ],
  ""type"": ""Point""
}","{
  ""coordinates"": [
    -82.984674805,
    42.449302119
  ],
  ""type"": ""Point""
}",-82.9846748049999,42.449302119
3673,9863500,S I 375 SERVICE DRIVE,LAFAYETTE,2016-11-04,4,11,2016,9,6,5,9,,4,0,,1,1,1,0,1,2,2,5,0,0,0,0,true,,false,false,false,false,false,,,,,,false,false,false,,,false,false,false,false,false,-83.0384,42.33556,"{
  ""coordinates"": [
    -8.303839959100000e+01,
    4.233556208800010e+01
  ],
  ""type"": ""Point""
}","{
  ""coordinates"": [
    -83.038399591,
    42.335562088
  ],
  ""type"": ""Point""
}",-83.038399591,42.3355620880001
3674,9848486,8 MILE,EVERGREEN,2016-11-04,4,11,2016,11,6,8,3,,1,0,,1,1,1,40,4,2,1,5,0,0,0,0,true,,false,false,true,false,false,,,,,,false,true,false,,,false,false,false,false,false,-83.23913,42.44376,"{
  ""coordinates"": [
    -8.323912683700000e+01,
    4.244375921500010e+01
  ],
  ""type"": ""Point""
}","{
  ""coordinates"": [
    -83.239126837,
    42.443759215
  ],
  ""type"": ""Point""
}",-83.239126837,42.4437592150001
3675,9848446,SARENA,TARNOW,2016-11-04,4,11,2016,11,6,98,9,,,0,,1,1,1,25,4,2,2,5,0,0,0,0,true,,false,false,false,false,false,,,,,,false,false,false,,,false,false,false,false,false,-83.14288,42.34262,"{
  ""coordinates"": [
    -8.314288516600000e+01,
    4.234261614700010e+01
  ],
  ""type"": ""Point""
}","{
  ""coordinates"": [
    -83.142885166,
    42.342616147
  ],
  ""type"": ""Point""
}",-83.142885166,42.3426161470001
3676,9848443,RUSSELL,DIVISION,2016-11-04,4,11,2016,14,6,97,9,,4,0,,1,1,1,0,8,2,0,5,0,0,0,0,true,,false,false,true,false,false,,,,,,true,false,false,,,false,false,false,false,false,-83.04104,42.34723,"{
  ""coordinates"": [
    -8.304103714599999e+01,
    4.234722470900000e+01
  ],
  ""type"": ""Point""
}","{
  ""coordinates"": [
    -83.041037146,
    42.347224709
  ],
  ""type"": ""Point""
}",-83.041037146,42.347224709
3677,9873194,S/B M-10,DAVISON,2016-11-04,4,11,2016,21,6,5,3,,1,0,,1,1,4,55,3,2,1,5,0,0,0,0,true,,false,false,true,false,false,,,,,,false,false,false,,,false,false,false,false,false,-83.11012,42.39779,"{
  ""coordinates"": [
    -8.311011784000000e+01,
    4.239778858800000e+01
  ],
  ""type"": ""Point""
}","{
  ""coordinates"": [
    -83.11011784,
    42.397788588
  ],
  ""type"": ""Point""
}",-83.11011784,42.397788588
3678,9848424,NORTHLAWN,PLYMOUTH,2016-11-04,4,11,2016,11,6,4,9,,,0,,1,2,1,30,4,2,2,5,0,0,0,0,true,,false,false,false,false,false,,,,,,false,false,true,,,false,false,false,false,false,-83.15273,42.3736,"{
  ""coordinates"": [
    -8.315273496400000e+01,
    4.237360218900010e+01
  ],
  ""type"": ""Point""
}","{
  ""coordinates"": [
    -83.152734964,
    42.373602189
  ],
  ""type"": ""Point""
}",-83.152734964,42.3736021890001
3679,9866368,I-75 N/B,MACK,2016-11-04,4,11,2016,17,6,5,1,,1,0,,1,1,1,55,3,2,2,5,0,0,0,0,true,,false,false,false,false,false,,,,,,false,false,false,,,false,false,false,false,false,-83.05222,42.35783,"{
  ""coordinates"": [
    -8.305222491500000e+01,
    4.235782659700000e+01
  ],
  ""type"": ""Point""
}","{
  ""coordinates"": [
    -83.052224915,
    42.357826597
  ],
  ""type"": ""Point""
}",-83.052224915,42.357826597
3680,9848436,JEFFERSON,BRUSH,2016-11-04,4,11,2016,17,6,8,4,,1,0,,1,1,1,0,6,2,1,5,0,0,0,0,true,,false,false,false,false,false,,,,,,false,false,false,,,false,false,false,false,false,-83.04093,42.33004,"{
  ""coordinates"": [
    -8.304092884999990e+01,
    4.233004201900010e+01
  ],
  ""type"": ""Point""
}","{
  ""coordinates"": [
    -83.04092885,
    42.330042019
  ],
  ""type"": ""Point""
}",-83.0409288499999,42.3300420190001
3681,9859657,I 94,CONNER,2016-11-04,4,11,2016,18,6,5,1,,1,0,,1,1,3,55,3,2,1,5,0,0,0,0,true,,false,false,true,false,false,,,,,,false,false,false,,,false,false,false,false,false,-82.99052,42.39458,"{
  ""coordinates"": [
    -8.299052506800000e+01,
    4.239457948900010e+01
  ],
  ""type"": ""Point""
}","{
  ""coordinates"": [
    -82.990525068,
    42.394579489
  ],
  ""type"": ""Point""
}",-82.990525068,42.3945794890001
3682,9848537,GREENFIELD,N M 10,2016-11-04,4,11,2016,7,6,5,7,,1,0,,1,1,4,0,2,2,2,5,0,0,0,0,true,,false,false,false,false,false,,,,,,false,false,true,,,false,false,false,false,false,-83.20039,42.44252,"{
  ""coordinates"": [
    -8.320038482900000e+01,
    4.244252190900000e+01
  ],
  ""type"": ""Point""
}","{
  ""coordinates"": [
    -83.200384829,
    42.442521909
  ],
  ""type"": ""Point""
}",-83.200384829,42.442521909
3683,9848440,LIVERNOIS,FLORENCE,2016-11-04,4,11,2016,17,6,8,9,,4,0,,1,1,3,35,3,2,2,4,0,0,0,1,false,,false,false,false,false,false,,,,,,false,true,false,,,false,false,false,false,false,-83.14051,42.41246,"{
  ""coordinates"": [
    -8.314051199100000e+01,
    4.241246450200000e+01
  ],
  ""type"": ""Point""
}","{
  ""coordinates"": [
    -83.140511991,
    42.412464502
  ],
  ""type"": ""Point""
}",-83.140511991,42.412464502
3684,9997406,I-75,MCNICHOLS,2016-11-04,4,11,2016,9,6,5,1,,1,0,,1,1,2,70,4,2,2,5,0,0,0,0,true,,false,false,false,false,false,,,,,,false,false,false,,,false,false,false,false,false,-83.0896,42.42007,"{
  ""coordinates"": [
    -8.308959714199990e+01,
    4.242006905400010e+01
  ],
  ""type"": ""Point""
}","{
  ""coordinates"": [
    -83.089597142,
    42.420069054
  ],
  ""type"": ""Point""
}",-83.0895971419999,42.4200690540001
3685,9863529,LARNED,RIVARD,2016-11-04,4,11,2016,17,6,3,9,,4,0,,1,1,3,0,4,2,2,5,0,0,0,0,true,,false,false,false,false,false,,,,,,false,false,false,,,false,false,false,false,false,-83.0344,42.3341,"{
  ""coordinates"": [
    -8.303439917199999e+01,
    4.233410161300000e+01
  ],
  ""type"": ""Point""
}","{
  ""coordinates"": [
    -83.034399172,
    42.334101613
  ],
  ""type"": ""Point""
}",-83.034399172,42.334101613
3686,9848482,PEMBROKE,BURT,2016-11-04,4,11,2016,8,6,4,9,,,0,,1,1,1,25,2,2,1,4,0,0,0,1,false,,true,false,true,false,false,,,,,,false,false,false,,,false,false,false,false,false,-83.24899,42.43657,"{
  ""coordinates"": [
    -8.324899636000001e+01,
    4.243656730400010e+01
  ],
  ""type"": ""Point""
}","{
  ""coordinates"": [
    -83.24899636,
    42.436567304
  ],
  ""type"": ""Point""
}",-83.24899636,42.4365673040001
3687,9848500,I 94,MOROSS,2016-11-04,4,11,2016,7,6,8,1,,1,0,,1,1,2,55,3,2,1,5,0,0,0,0,true,,false,false,true,false,false,,,,,,false,false,false,,,false,false,false,false,false,-82.92927,42.42398,"{
  ""coordinates"": [
    -8.292926751600000e+01,
    4.242398243300000e+01
  ],
  ""type"": ""Point""
}","{
  ""coordinates"": [
    -82.929267516,
    42.423982433
  ],
  ""type"": ""Point""
}",-82.929267516,42.423982433
3688,9849445,FAIRCREST,CHALMERS,2016-11-04,4,11,2016,1,6,4,9,,,0,,1,1,4,25,2,2,4,3,0,0,1,0,false,,false,false,false,false,false,,,,,,false,false,false,,,false,false,false,false,false,-82.97557,42.43204,"{
  ""coordinates"": [
    -8.297556797700000e+01,
    4.243204638600000e+01
  ],
  ""type"": ""Point""
}","{
  ""coordinates"": [
    -82.975567977,
    42.432046386
  ],
  ""type"": ""Point""
}",-82.975567977,42.432046386
3689,9848444,M 10,I 94/N M 10 RAMP,2016-11-04,4,11,2016,21,6,8,3,,1,0,,1,1,4,55,4,2,2,5,0,0,0,0,true,,false,false,false,false,false,,,,,,false,false,true,,,false,false,false,false,false,-83.0772,42.35992,"{
  ""coordinates"": [
    -8.307719891900000e+01,
    4.235992564500000e+01
  ],
  ""type"": ""Point""
}","{
  ""coordinates"": [
    -83.077198919,
    42.359925645
  ],
  ""type"": ""Point""
}",-83.077198919,42.359925645
3690,9863429,M-39,8 MILE,2016-11-04,4,11,2016,9,6,5,3,,1,0,,1,1,1,55,3,2,2,5,0,0,0,0,true,,false,false,false,false,false,,,,,,false,false,true,,,false,false,false,false,false,-83.21963,42.4439,"{
  ""coordinates"": [
    -8.321962626600001e+01,
    4.244389795400010e+01
  ],
  ""type"": ""Point""
}","{
  ""coordinates"": [
    -83.219626266,
    42.443897954
  ],
  ""type"": ""Point""
}",-83.219626266,42.4438979540001
3691,9997328,I-96,SORRENTO,2016-11-04,4,11,2016,18,6,8,1,,4,0,,1,1,4,70,3,2,2,3,0,0,1,0,false,,false,false,false,false,false,,,,,,false,false,false,,,false,false,false,false,false,-83.17364,42.38361,"{
  ""coordinates"": [
    -8.317364048000000e+01,
    4.238360557300010e+01
  ],
  ""type"": ""Point""
}","{
  ""coordinates"": [
    -83.17364048,
    42.383605573
  ],
  ""type"": ""Point""
}",-83.17364048,42.3836055730001
3692,9848489,FLORENCE,BURT,2016-11-04,4,11,2016,23,6,8,9,,,0,,1,1,4,25,2,2,0,5,0,0,0,0,true,,false,false,true,false,false,,,,,,false,false,false,,,false,false,false,false,false,-83.24751,42.40954,"{
  ""coordinates"": [
    -8.324751061700000e+01,
    4.240954012000000e+01
  ],
  ""type"": ""Point""
}","{
  ""coordinates"": [
    -83.247510617,
    42.40954012
  ],
  ""type"": ""Point""
}",-83.247510617,42.40954012
3693,9854222,M-10,MARTIN LUTHER KING JR,2016-11-04,4,11,2016,17,6,5,3,,1,0,,1,1,1,55,3,4,4,4,0,0,0,1,false,,false,false,false,false,false,,,,,,false,true,false,,,false,false,false,false,false,-83.06832,42.3435,"{
  ""coordinates"": [
    -8.306832076099990e+01,
    4.234350095000010e+01
  ],
  ""type"": ""Point""
}","{
  ""coordinates"": [
    -83.068320761,
    42.34350095
  ],
  ""type"": ""Point""
}",-83.0683207609999,42.3435009500001
3694,9848538,WYOMING,THATCHER,2016-11-04,4,11,2016,4,6,1,9,,4,0,,1,1,4,30,2,1,1,5,0,0,0,0,true,,false,false,false,false,false,,,,,,false,false,false,,,false,false,false,false,false,-83.16062,42.4225,"{
  ""coordinates"": [
    -8.316062417500000e+01,
    4.242249509900010e+01
  ],
  ""type"": ""Point""
}","{
  ""coordinates"": [
    -83.160624175,
    42.422495099
  ],
  ""type"": ""Point""
}",-83.160624175,42.4224950990001
3695,9849424,LARNED,RIVARD,2016-11-04,4,11,2016,15,6,5,9,,4,0,,1,1,1,30,6,2,3,5,0,0,0,0,true,,false,false,false,false,false,,,,,,false,true,false,,,false,false,false,false,false,-83.03439,42.33411,"{
  ""coordinates"": [
    -8.303438229800000e+01,
    4.233410889000000e+01
  ],
  ""type"": ""Point""
}","{
  ""coordinates"": [
    -83.034382298,
    42.33410889
  ],
  ""type"": ""Point""
}",-83.034382298,42.33410889
3696,9848502,LIBERAL,REDMOND,2016-11-04,4,11,2016,9,6,4,9,,,0,,1,1,1,25,2,2,4,5,0,0,0,0,true,,true,false,false,false,false,,,,,,false,false,true,,,false,false,false,false,false,-82.95589,42.4401,"{
  ""coordinates"": [
    -8.295588593799989e+01,
    4.244010077000010e+01
  ],
  ""type"": ""Point""
}","{
  ""coordinates"": [
    -82.955885938,
    42.44010077
  ],
  ""type"": ""Point""
}",-82.9558859379999,42.4401007700001
3697,9849449,LAFAYETTE,MELDRUM,2016-11-04,4,11,2016,11,6,4,9,,4,0,,1,1,1,30,2,2,3,5,0,0,0,0,true,,false,false,true,false,false,,,,,,false,false,true,,,false,false,false,false,false,-83.01082,42.34747,"{
  ""coordinates"": [
    -8.301081961800000e+01,
    4.234746998400000e+01
  ],
  ""type"": ""Point""
}","{
  ""coordinates"": [
    -83.010819618,
    42.347469984
  ],
  ""type"": ""Point""
}",-83.010819618,42.347469984
3698,9859656,W I 94,OUTER,2016-11-04,4,11,2016,18,6,5,1,,1,0,,1,1,1,55,3,2,2,5,0,0,0,0,true,,false,false,false,false,false,,,,,,false,false,false,,,false,false,false,false,false,-82.96153,42.40467,"{
  ""coordinates"": [
    -8.296153460600000e+01,
    4.240467159900000e+01
  ],
  ""type"": ""Point""
}","{
  ""coordinates"": [
    -82.961534606,
    42.404671599
  ],
  ""type"": ""Point""
}",-82.961534606,42.404671599
3699,9848419,TEMPLE,4TH,2016-11-04,4,11,2016,16,6,8,9,,4,0,,1,1,1,30,3,2,2,3,0,0,1,0,false,,false,false,false,false,false,,,,,,false,true,false,,,false,false,false,false,false,-83.06387,42.34005,"{
  ""coordinates"": [
    -8.306386592800000e+01,
    4.234004951200010e+01
  ],
  ""type"": ""Point""
}","{
  ""coordinates"": [
    -83.063865928,
    42.340049512
  ],
  ""type"": ""Point""
}",-83.063865928,42.3400495120001
3700,9848437,LAFAYETTE,FIRST,2016-11-04,4,11,2016,13,6,4,9,,4,0,,1,1,1,25,2,2,3,5,0,0,0,0,true,,false,false,false,false,false,,,,,,false,false,true,,,false,false,false,false,false,-83.05271,42.32959,"{
  ""coordinates"": [
    -8.305270824099991e+01,
    4.232959503000010e+01
  ],
  ""type"": ""Point""
}","{
  ""coordinates"": [
    -83.052708241,
    42.32959503
  ],
  ""type"": ""Point""
}",-83.0527082409999,42.3295950300001
3701,9848438,3RD,BALTIMORE,2016-11-04,4,11,2016,18,6,4,9,,4,0,,1,1,4,25,3,2,3,5,0,0,0,0,true,,false,false,false,false,false,,,,,,false,false,false,,,false,false,false,false,false,-83.07777,42.36621,"{
  ""coordinates"": [
    -8.307777544600000e+01,
    4.236620534400000e+01
  ],
  ""type"": ""Point""
}","{
  ""coordinates"": [
    -83.077775446,
    42.366205344
  ],
  ""type"": ""Point""
}",-83.077775446,42.366205344
3702,9848433,LARNED,ST ANTOINE,2016-11-04,4,11,2016,2,6,97,9,,4,0,,1,1,4,30,3,2,1,4,0,0,0,1,false,,false,false,true,false,false,,,,,,true,false,false,,,false,false,false,false,false,-83.0387,42.33224,"{
  ""coordinates"": [
    -8.303869817400000e+01,
    4.233224570300010e+01
  ],
  ""type"": ""Point""
}","{
  ""coordinates"": [
    -83.038698174,
    42.332245703
  ],
  ""type"": ""Point""
}",-83.038698174,42.3322457030001
3703,9922121,I94,ADDISON,2016-11-04,4,11,2016,23,6,5,1,,1,0,,1,1,4,55,3,2,3,5,0,0,0,0,true,,false,false,true,true,false,,,,,,false,false,true,,,false,false,false,false,false,-83.1528,42.32962,"{
  ""coordinates"": [
    -8.315280080299991e+01,
    4.232961773100000e+01
  ],
  ""type"": ""Point""
}","{
  ""coordinates"": [
    -83.152800803,
    42.329617731
  ],
  ""type"": ""Point""
}",-83.1528008029999,42.329617731
3704,9973409,RAMP 047H,DAVISON,2016-11-04,4,11,2016,3,6,1,1,,1,1,,1,1,4,45,1,1,2,4,0,0,0,2,false,,false,false,false,false,false,,,,,,false,false,true,,,false,false,false,false,false,-83.08041,42.40813,"{
  ""coordinates"": [
    -8.308040525099990e+01,
    4.240812709000010e+01
  ],
  ""type"": ""Point""
}","{
  ""coordinates"": [
    -83.080405251,
    42.40812709
  ],
  ""type"": ""Point""
}",-83.0804052509999,42.4081270900001