ObjectId,Crash ID,Primary Road,Intersecting Road,Crash Date,Day,Month,Year,Hour,Weekday,Crash Type Code,Highway Classification Code,Community Code,Jurisdiction Code,Lane Departure Type Code,Surface Type,Road Condition,Weather Condition,Lighting Condition,Speed Limit,Lanes,Units,Occupants,Most Severe Injury,Fatal Injuries,Suspected Serious Injuries,Suspected Minor Injuries,Possible Injuries,Property Damage Only,Secondary Crash,Traffic Control,Red Light Run,Hit and Run,Alcohol,Drugs,Unbelted Person,Work Zone,Speeding Driver,Distracted Driver,Driveway,Pedestrian,Elderly Driver,Young Driver,Commercial Vehicle,Emergency Vehicles,Train,School Bus,Motorcycle,Bicycle,Deer,Longitude,Latitude,geom,geog,x,y
3705,9855337,MEYERS,JOY,2016-11-04,4,11,2016,7,6,97,9,,4,0,,1,1,1,25,2,2,0,5,0,0,0,0,true,,false,false,true,false,false,,,,,,false,false,false,,,false,false,false,false,false,-83.16776,42.36011,"{
  ""coordinates"": [
    -8.316775709300001e+01,
    4.236010686900000e+01
  ],
  ""type"": ""Point""
}","{
  ""coordinates"": [
    -83.167757093,
    42.360106869
  ],
  ""type"": ""Point""
}",-83.167757093,42.360106869
3706,9848521,7 MILE,VAN DYKE,2016-11-04,4,11,2016,8,6,5,3,,4,0,,1,1,1,35,4,2,2,4,0,0,0,1,false,,false,false,false,false,false,,,,,,false,false,false,,,false,false,false,false,false,-83.02462,42.43396,"{
  ""coordinates"": [
    -8.302462014000000e+01,
    4.243396084000010e+01
  ],
  ""type"": ""Point""
}","{
  ""coordinates"": [
    -83.02462014,
    42.43396084
  ],
  ""type"": ""Point""
}",-83.02462014,42.4339608400001
3707,9848381,RAMP 221D,OUTER,2016-11-04,4,11,2016,19,6,5,1,,1,0,,1,1,4,70,1,2,4,5,0,0,0,0,true,,false,false,false,false,false,,,,,,false,false,false,,,false,false,false,false,false,-82.95953,42.40557,"{
  ""coordinates"": [
    -8.295952674599990e+01,
    4.240557381300000e+01
  ],
  ""type"": ""Point""
}","{
  ""coordinates"": [
    -82.959526746,
    42.405573813
  ],
  ""type"": ""Point""
}",-82.9595267459999,42.405573813
3708,9855327,WARREN,YORKSHIRE,2016-11-04,4,11,2016,13,6,4,9,,4,0,,1,1,1,30,5,2,1,5,0,0,0,0,true,,true,false,true,false,false,,,,,,false,false,false,,,false,false,false,false,false,-82.93405,42.40452,"{
  ""coordinates"": [
    -8.293405043800000e+01,
    4.240452149300010e+01
  ],
  ""type"": ""Point""
}","{
  ""coordinates"": [
    -82.934050438,
    42.404521493
  ],
  ""type"": ""Point""
}",-82.934050438,42.4045214930001
3709,9848508,BURLINGAME,2ND,2016-11-04,4,11,2016,6,6,5,9,,,3,,1,1,1,25,2,2,1,5,0,0,0,0,true,,false,false,true,false,false,,,,,,false,false,false,,,false,false,false,false,false,-83.09119,42.39067,"{
  ""coordinates"": [
    -8.309119757900000e+01,
    4.239066906200000e+01
  ],
  ""type"": ""Point""
}","{
  ""coordinates"": [
    -83.091197579,
    42.390669062
  ],
  ""type"": ""Point""
}",-83.091197579,42.390669062
3710,9884173,M39,MCNICHOLS,2016-11-04,4,11,2016,21,6,5,3,,1,0,,1,2,4,55,3,2,2,2,0,1,0,0,false,,false,false,false,false,false,,,,,,false,false,false,,,false,false,false,false,false,-83.21888,42.41486,"{
  ""coordinates"": [
    -8.321888037399999e+01,
    4.241486245800010e+01
  ],
  ""type"": ""Point""
}","{
  ""coordinates"": [
    -83.218880374,
    42.414862458
  ],
  ""type"": ""Point""
}",-83.218880374,42.4148624580001
3711,9848457,WARREN,THREE MILE,2016-11-04,4,11,2016,15,6,4,9,,4,0,,1,1,1,35,5,2,2,4,0,0,0,1,false,,false,false,false,false,false,,,,,,false,true,false,,,false,false,false,false,false,-82.93999,42.40234,"{
  ""coordinates"": [
    -8.293998995899990e+01,
    4.240234275200000e+01
  ],
  ""type"": ""Point""
}","{
  ""coordinates"": [
    -82.939989959,
    42.402342752
  ],
  ""type"": ""Point""
}",-82.9399899589999,42.402342752
3712,9848484,FENKELL,PREVOST,2016-11-04,4,11,2016,10,6,4,9,,2,0,,1,1,1,35,4,2,2,5,0,0,0,0,true,,false,false,false,false,false,,,,,,false,true,true,,,false,false,false,false,false,-83.20301,42.40141,"{
  ""coordinates"": [
    -8.320300709299990e+01,
    4.240140609400000e+01
  ],
  ""type"": ""Point""
}","{
  ""coordinates"": [
    -83.203007093,
    42.401406094
  ],
  ""type"": ""Point""
}",-83.2030070929999,42.401406094
3713,9848520,CONANT,NEVADA,2016-11-04,4,11,2016,11,6,1,9,,4,0,,1,1,1,35,2,1,1,5,0,0,0,0,true,,false,false,false,true,false,,,,,,false,false,false,,,false,false,false,false,false,-83.06869,42.42595,"{
  ""coordinates"": [
    -8.306868748700001e+01,
    4.242594832300010e+01
  ],
  ""type"": ""Point""
}","{
  ""coordinates"": [
    -83.068687487,
    42.425948323
  ],
  ""type"": ""Point""
}",-83.068687487,42.4259483230001
3714,9848423,GRAND RIVER,NORTHLAWN,2016-11-04,4,11,2016,19,6,4,3,,1,0,,1,1,4,35,3,2,5,4,0,0,0,1,false,,false,false,false,false,false,,,,,,false,false,true,,,false,false,false,false,false,-83.15239,42.37414,"{
  ""coordinates"": [
    -8.315239134500000e+01,
    4.237414334800010e+01
  ],
  ""type"": ""Point""
}","{
  ""coordinates"": [
    -83.152391345,
    42.374143348
  ],
  ""type"": ""Point""
}",-83.152391345,42.3741433480001
3715,9854221,I 94,NOTTINGHAM,2016-11-04,4,11,2016,15,6,5,1,,1,0,,1,1,1,55,3,2,2,5,0,0,0,0,true,,false,false,false,false,false,,,,,,false,false,true,,,false,false,false,false,false,-82.95739,42.40579,"{
  ""coordinates"": [
    -8.295739081100000e+01,
    4.240578883700000e+01
  ],
  ""type"": ""Point""
}","{
  ""coordinates"": [
    -82.957390811,
    42.405788837
  ],
  ""type"": ""Point""
}",-82.957390811,42.405788837
3716,9997386,I-75,MCNICHOLS,2016-11-04,4,11,2016,8,6,5,1,,1,0,,1,1,1,70,4,2,1,5,0,0,0,0,true,,false,false,true,false,false,,,,,,false,false,false,,,false,false,false,false,false,-83.09067,42.42128,"{
  ""coordinates"": [
    -8.309066417299989e+01,
    4.242128221000010e+01
  ],
  ""type"": ""Point""
}","{
  ""coordinates"": [
    -83.090664173,
    42.42128221
  ],
  ""type"": ""Point""
}",-83.0906641729999,42.4212822100001
3717,9849421,GRATIOT,ST AUBIN,2016-11-04,4,11,2016,17,6,4,3,,1,0,,1,1,2,30,6,2,2,5,0,0,0,0,true,,false,false,false,false,false,,,,,,false,false,false,,,false,false,false,false,false,-83.03444,42.3491,"{
  ""coordinates"": [
    -8.303443762900000e+01,
    4.234910198400010e+01
  ],
  ""type"": ""Point""
}","{
  ""coordinates"": [
    -83.034437629,
    42.349101984
  ],
  ""type"": ""Point""
}",-83.034437629,42.3491019840001
3718,9849422,GARTIOT,SEYBURN,2016-11-04,4,11,2016,17,6,5,3,,1,0,,1,1,1,35,6,2,5,3,0,0,1,0,false,,false,false,false,false,false,,,,,,false,false,false,,,false,false,false,false,false,-83.0153,42.37789,"{
  ""coordinates"": [
    -8.301530359000000e+01,
    4.237788589100010e+01
  ],
  ""type"": ""Point""
}","{
  ""coordinates"": [
    -83.01530359,
    42.377885891
  ],
  ""type"": ""Point""
}",-83.01530359,42.3778858910001
3719,9850550,FOREST,2ND,2016-11-04,4,11,2016,15,6,97,9,,4,0,,1,1,1,30,4,2,1,5,0,0,0,0,true,,false,false,false,false,false,,,,,,false,false,true,,,false,false,false,false,false,-83.06658,42.35335,"{
  ""coordinates"": [
    -8.306658548099990e+01,
    4.235334640400000e+01
  ],
  ""type"": ""Point""
}","{
  ""coordinates"": [
    -83.066585481,
    42.353346404
  ],
  ""type"": ""Point""
}",-83.0665854809999,42.353346404
3720,9848507,MONROE,RANDOLPH,2016-11-03,3,11,2016,14,5,98,3,,4,0,,98,98,98,25,2,2,2,5,0,0,0,0,true,,false,false,false,false,false,,,,,,false,false,true,,,false,false,false,false,false,-83.04459,42.33407,"{
  ""coordinates"": [
    -8.304458357100000e+01,
    4.233407219800010e+01
  ],
  ""type"": ""Point""
}","{
  ""coordinates"": [
    -83.044583571,
    42.334072198
  ],
  ""type"": ""Point""
}",-83.044583571,42.3340721980001
3721,9960130,M-39,GRAND RIVER,2016-11-03,3,11,2016,2,5,1,3,,1,1,,2,2,4,55,3,1,1,4,0,0,0,1,false,,false,false,false,false,false,,,,,,false,false,false,,,false,false,false,false,false,-83.2185,42.40791,"{
  ""coordinates"": [
    -8.321849701300000e+01,
    4.240791052100010e+01
  ],
  ""type"": ""Point""
}","{
  ""coordinates"": [
    -83.218497013,
    42.407910521
  ],
  ""type"": ""Point""
}",-83.218497013,42.4079105210001
3722,9854230,M-10,GRAND RIVER,2016-11-03,3,11,2016,17,5,5,3,,1,0,,1,1,1,55,3,3,4,5,0,0,0,0,true,,false,false,true,false,false,,,,,,false,false,true,,,false,false,false,false,false,-83.06658,42.33967,"{
  ""coordinates"": [
    -8.306658072999990e+01,
    4.233966645600000e+01
  ],
  ""type"": ""Point""
}","{
  ""coordinates"": [
    -83.06658073,
    42.339666456
  ],
  ""type"": ""Point""
}",-83.0665807299999,42.339666456
3723,9854227,N M 10,RAMP 215D,2016-11-03,3,11,2016,19,5,5,3,,1,0,,1,1,4,55,3,2,2,3,0,0,1,0,false,,false,false,false,false,false,,,,,,false,false,false,,,false,false,false,false,false,-83.07524,42.35773,"{
  ""coordinates"": [
    -8.307524484000000e+01,
    4.235773409800000e+01
  ],
  ""type"": ""Point""
}","{
  ""coordinates"": [
    -83.07524484,
    42.357734098
  ],
  ""type"": ""Point""
}",-83.07524484,42.357734098
3724,9848468,VERNOR,MCDOUGALL,2016-11-03,3,11,2016,15,5,3,9,,4,0,,1,1,1,30,4,2,3,4,0,0,0,1,false,,false,false,false,false,false,,,,,,false,true,false,,,false,false,false,false,false,-83.02557,42.35192,"{
  ""coordinates"": [
    -8.302556304300001e+01,
    4.235192417700010e+01
  ],
  ""type"": ""Point""
}","{
  ""coordinates"": [
    -83.025563043,
    42.351924177
  ],
  ""type"": ""Point""
}",-83.025563043,42.3519241770001
3725,9852717,S/B I-75,DAVISON,2016-11-03,3,11,2016,17,5,5,1,,1,0,,1,1,1,70,4,2,2,5,0,0,0,0,true,,false,false,true,false,false,,,,,,false,false,false,,,false,false,false,false,false,-83.07995,42.40911,"{
  ""coordinates"": [
    -8.307995152699991e+01,
    4.240911029500010e+01
  ],
  ""type"": ""Point""
}","{
  ""coordinates"": [
    -83.079951527,
    42.409110295
  ],
  ""type"": ""Point""
}",-83.0799515269999,42.4091102950001
3726,9863453,M-10,GRAND,2016-11-03,3,11,2016,7,5,5,3,,1,0,,2,4,4,55,3,2,1,5,0,0,0,0,true,,false,false,false,false,false,,,,,,false,false,false,,,false,false,false,false,false,-83.08132,42.36654,"{
  ""coordinates"": [
    -8.308131811100000e+01,
    4.236653663700010e+01
  ],
  ""type"": ""Point""
}","{
  ""coordinates"": [
    -83.081318111,
    42.366536637
  ],
  ""type"": ""Point""
}",-83.081318111,42.3665366370001
3727,9961068,W/B I-94,LONYO,2016-11-03,3,11,2016,6,5,5,1,,1,0,,8,4,4,55,3,2,2,4,0,0,0,1,false,,false,false,false,false,false,,,,,,false,false,false,,,false,false,false,false,false,-83.13362,42.33402,"{
  ""coordinates"": [
    -8.313362381000000e+01,
    4.233401796500000e+01
  ],
  ""type"": ""Point""
}","{
  ""coordinates"": [
    -83.13362381,
    42.334017965
  ],
  ""type"": ""Point""
}",-83.13362381,42.334017965
3728,9848505,OAKMAN,DAVISON,2016-11-03,3,11,2016,8,5,8,3,,4,0,,98,1,98,25,3,2,2,5,0,0,0,0,true,,false,false,false,false,false,,,,,,false,false,false,,,false,false,false,false,false,-83.14419,42.38608,"{
  ""coordinates"": [
    -8.314419115600001e+01,
    4.238607689700010e+01
  ],
  ""type"": ""Point""
}","{
  ""coordinates"": [
    -83.144191156,
    42.386076897
  ],
  ""type"": ""Point""
}",-83.144191156,42.3860768970001
3729,9848382,M-10,MCNICHOLS,2016-11-03,3,11,2016,13,5,5,3,,1,0,,1,2,1,55,3,2,2,5,0,0,0,0,true,,false,false,false,false,false,,,,,,false,true,true,,,false,false,false,false,false,-83.17245,42.41686,"{
  ""coordinates"": [
    -8.317245697899990e+01,
    4.241686408300010e+01
  ],
  ""type"": ""Point""
}","{
  ""coordinates"": [
    -83.172456979,
    42.416864083
  ],
  ""type"": ""Point""
}",-83.1724569789999,42.4168640830001
3730,9848536,WOODWARD,MONTANA,2016-11-03,3,11,2016,8,5,5,3,,1,0,,2,1,1,40,4,3,3,5,0,0,0,0,true,,false,false,false,false,false,,,,,,false,false,false,,,false,false,false,false,false,-83.10846,42.42247,"{
  ""coordinates"": [
    -8.310845760500000e+01,
    4.242246592100000e+01
  ],
  ""type"": ""Point""
}","{
  ""coordinates"": [
    -83.108457605,
    42.422465921
  ],
  ""type"": ""Point""
}",-83.108457605,42.422465921
3731,9848460,WHITLOCK,WARWICK,2016-11-03,3,11,2016,12,5,4,9,,,0,,1,2,1,25,2,2,1,4,0,0,0,1,false,,false,false,true,false,false,,,,,,false,false,true,,,false,false,false,false,false,-83.22675,42.33962,"{
  ""coordinates"": [
    -8.322674459400000e+01,
    4.233961924800010e+01
  ],
  ""type"": ""Point""
}","{
  ""coordinates"": [
    -83.226744594,
    42.339619248
  ],
  ""type"": ""Point""
}",-83.226744594,42.3396192480001
3732,9922142,E I 96,RAMP 213E,2016-11-03,3,11,2016,7,5,5,1,,1,0,,2,4,4,55,5,2,2,5,0,0,0,0,true,,false,false,false,false,false,,,,,,false,false,true,,,false,false,false,false,false,-83.10112,42.35174,"{
  ""coordinates"": [
    -8.310112006999999e+01,
    4.235174083000000e+01
  ],
  ""type"": ""Point""
}","{
  ""coordinates"": [
    -83.10112007,
    42.35174083
  ],
  ""type"": ""Point""
}",-83.10112007,42.35174083
3733,9850534,S M 39,8 MILE,2016-11-03,3,11,2016,17,5,8,3,,1,0,,1,1,3,35,2,2,2,4,0,0,0,1,false,,false,false,false,false,false,,,,,,false,false,false,,,false,false,false,false,false,-83.2198,42.44427,"{
  ""coordinates"": [
    -8.321979573399990e+01,
    4.244427225100000e+01
  ],
  ""type"": ""Point""
}","{
  ""coordinates"": [
    -83.219795734,
    42.444272251
  ],
  ""type"": ""Point""
}",-83.2197957339999,42.444272251
3734,9848523,RYAN,LANTZ,2016-11-03,3,11,2016,14,5,10,9,,4,0,,1,1,1,30,2,2,0,5,0,0,0,0,true,,false,false,true,false,false,,,,,,false,false,false,,,false,false,false,false,false,-83.06339,42.43778,"{
  ""coordinates"": [
    -8.306339030899990e+01,
    4.243778207400000e+01
  ],
  ""type"": ""Point""
}","{
  ""coordinates"": [
    -83.063390309,
    42.437782074
  ],
  ""type"": ""Point""
}",-83.0633903089999,42.437782074
3735,9850546,WARREN,CASS,2016-11-03,3,11,2016,13,5,97,9,,4,0,,1,1,1,30,4,2,2,5,0,0,0,0,true,,false,false,false,false,false,,,,,,false,false,true,,,false,false,false,false,false,-83.06697,42.35598,"{
  ""coordinates"": [
    -8.306696827699990e+01,
    4.235598298300000e+01
  ],
  ""type"": ""Point""
}","{
  ""coordinates"": [
    -83.066968277,
    42.355982983
  ],
  ""type"": ""Point""
}",-83.0669682769999,42.355982983
3736,9848452,BUCKINGHAM,BRUNSWICK,2016-11-03,3,11,2016,17,5,9,9,,,0,,1,1,1,25,2,2,0,5,0,0,0,0,true,,false,false,true,false,false,,,,,,false,false,false,,,false,false,false,false,false,-82.93739,42.39111,"{
  ""coordinates"": [
    -8.293738260100000e+01,
    4.239110958800010e+01
  ],
  ""type"": ""Point""
}","{
  ""coordinates"": [
    -82.937382601,
    42.391109588
  ],
  ""type"": ""Point""
}",-82.937382601,42.3911095880001
3737,9850332,I-75,7-MILE,2016-11-03,3,11,2016,6,5,1,1,,1,1,,2,4,4,70,4,1,1,5,0,0,0,0,true,,false,false,false,false,false,,,,,,false,false,true,,,false,false,false,false,false,-83.09422,42.42887,"{
  ""coordinates"": [
    -8.309421695600000e+01,
    4.242887058000010e+01
  ],
  ""type"": ""Point""
}","{
  ""coordinates"": [
    -83.094216956,
    42.42887058
  ],
  ""type"": ""Point""
}",-83.094216956,42.4288705800001
3738,9848430,OAKLAND,LYNN,2016-11-03,3,11,2016,21,5,1,9,,4,0,,1,1,5,25,2,2,1,3,0,0,1,0,false,,false,false,false,false,false,,,,,,true,false,true,,,false,false,false,false,false,-83.07636,42.39149,"{
  ""coordinates"": [
    -8.307636041400001e+01,
    4.239149650600010e+01
  ],
  ""type"": ""Point""
}","{
  ""coordinates"": [
    -83.076360414,
    42.391496506
  ],
  ""type"": ""Point""
}",-83.076360414,42.3914965060001
3739,9848471,BENTLER,MIDLAND,2016-11-03,3,11,2016,20,5,5,9,,,0,,1,1,4,25,3,2,1,5,0,0,0,0,true,,false,false,false,true,false,,,,,,false,false,false,,,false,false,false,false,false,-83.25212,42.404,"{
  ""coordinates"": [
    -8.325212392700000e+01,
    4.240399533700000e+01
  ],
  ""type"": ""Point""
}","{
  ""coordinates"": [
    -83.252123927,
    42.403995337
  ],
  ""type"": ""Point""
}",-83.252123927,42.403995337
3740,9848501,CAMDEN,NEWPORT,2016-11-03,3,11,2016,17,5,4,9,,,0,,1,1,1,0,2,2,1,4,0,0,0,1,false,,false,false,false,false,true,,,,,,false,false,false,,,false,false,false,false,false,-82.96817,42.40649,"{
  ""coordinates"": [
    -8.296816682600000e+01,
    4.240649474000000e+01
  ],
  ""type"": ""Point""
}","{
  ""coordinates"": [
    -82.968166826,
    42.40649474
  ],
  ""type"": ""Point""
}",-82.968166826,42.40649474
3741,9876272,S I 75,SCHAEFER,2016-11-03,3,11,2016,4,5,1,1,,1,0,,2,4,4,60,4,1,1,5,0,0,0,0,true,,false,false,false,false,false,,,,,,false,false,false,,,false,false,false,false,false,-83.15679,42.27716,"{
  ""coordinates"": [
    -8.315679290400000e+01,
    4.227716373800010e+01
  ],
  ""type"": ""Point""
}","{
  ""coordinates"": [
    -83.156792904,
    42.277163738
  ],
  ""type"": ""Point""
}",-83.156792904,42.2771637380001
3742,9844487,VANDYKE,MACK,2016-11-03,3,11,2016,3,5,1,9,,4,1,,2,4,5,30,2,1,0,5,0,0,0,0,true,,false,false,false,false,false,,,,,,false,false,false,,,false,false,false,false,false,-83.00637,42.36736,"{
  ""coordinates"": [
    -8.300637114200001e+01,
    4.236735397400000e+01
  ],
  ""type"": ""Point""
}","{
  ""coordinates"": [
    -83.006371142,
    42.367353974
  ],
  ""type"": ""Point""
}",-83.006371142,42.367353974
3743,9885886,E/B I 94,CHENE,2016-11-03,3,11,2016,1,5,97,1,,1,0,,2,4,4,55,3,3,2,5,0,0,0,0,true,,false,false,true,false,false,,,,,,false,false,false,,,false,false,false,false,false,-83.05078,42.37275,"{
  ""coordinates"": [
    -8.305077879100000e+01,
    4.237274571800000e+01
  ],
  ""type"": ""Point""
}","{
  ""coordinates"": [
    -83.050778791,
    42.372745718
  ],
  ""type"": ""Point""
}",-83.050778791,42.372745718
3744,9952510,RAMP 139F,DAVISON,2016-11-03,3,11,2016,5,5,1,3,,1,0,,2,4,4,55,2,2,1,1,1,0,0,0,false,,false,false,false,false,true,,,,,,true,false,false,,,false,false,false,false,false,-83.14996,42.38469,"{
  ""coordinates"": [
    -8.314996451300000e+01,
    4.238469218000010e+01
  ],
  ""type"": ""Point""
}","{
  ""coordinates"": [
    -83.149964513,
    42.38469218
  ],
  ""type"": ""Point""
}",-83.149964513,42.3846921800001
3745,9997408,I-96,M-39,2016-11-03,3,11,2016,7,5,5,1,,1,0,,1,2,4,55,2,2,1,5,0,0,0,0,true,,false,false,true,false,false,,,,,,false,false,false,,,false,false,false,false,false,-83.21905,42.37856,"{
  ""coordinates"": [
    -8.321904499599999e+01,
    4.237856456500000e+01
  ],
  ""type"": ""Point""
}","{
  ""coordinates"": [
    -83.219044996,
    42.378564565
  ],
  ""type"": ""Point""
}",-83.219044996,42.378564565
3746,9869316,GREENFIELD,N M 10,2016-11-03,3,11,2016,17,5,5,7,,1,0,,1,1,1,35,4,2,3,5,0,0,0,0,true,,false,false,false,false,false,,,,,,false,false,false,,,false,false,false,false,false,-83.20039,42.44255,"{
  ""coordinates"": [
    -8.320038825499999e+01,
    4.244254950600000e+01
  ],
  ""type"": ""Point""
}","{
  ""coordinates"": [
    -83.200388255,
    42.442549506
  ],
  ""type"": ""Point""
}",-83.200388255,42.442549506
3747,9868407,M-10,LINWOOD,2016-11-03,3,11,2016,8,5,5,3,,1,0,,1,1,1,70,4,2,2,5,0,0,0,0,true,,false,false,false,false,false,,,,,,false,false,false,,,false,false,false,false,false,-83.11855,42.40341,"{
  ""coordinates"": [
    -8.311854589399999e+01,
    4.240341173400000e+01
  ],
  ""type"": ""Point""
}","{
  ""coordinates"": [
    -83.118545894,
    42.403411734
  ],
  ""type"": ""Point""
}",-83.118545894,42.403411734
3748,9849434,STRASBURG,BRINGARD,2016-11-03,3,11,2016,16,5,2,9,,,2,,1,1,1,25,1,2,1,5,0,0,0,0,true,,false,false,false,false,true,,,,,,false,false,true,,,false,false,false,false,false,-82.99896,42.44564,"{
  ""coordinates"": [
    -8.299896620399990e+01,
    4.244563945100000e+01
  ],
  ""type"": ""Point""
}","{
  ""coordinates"": [
    -82.998966204,
    42.445639451
  ],
  ""type"": ""Point""
}",-82.9989662039999,42.445639451
3749,9848465,GRATIOT,SUPERIOR,2016-11-03,3,11,2016,9,5,4,3,,1,0,,2,1,1,0,2,2,0,5,0,0,0,0,true,,false,false,true,false,false,,,,,,false,false,false,,,false,false,false,false,false,-83.02406,42.36467,"{
  ""coordinates"": [
    -8.302405793000000e+01,
    4.236467496200000e+01
  ],
  ""type"": ""Point""
}","{
  ""coordinates"": [
    -83.02405793,
    42.364674962
  ],
  ""type"": ""Point""
}",-83.02405793,42.364674962
3750,9877790,W/B I 94,CADIEUX,2016-11-03,3,11,2016,5,5,8,1,,1,0,,2,2,4,55,3,2,2,4,0,0,0,1,false,,false,false,false,false,false,,,,,,false,false,false,,,false,false,false,false,false,-82.93333,42.41952,"{
  ""coordinates"": [
    -8.293333042800000e+01,
    4.241952309000000e+01
  ],
  ""type"": ""Point""
}","{
  ""coordinates"": [
    -82.933330428,
    42.41952309
  ],
  ""type"": ""Point""
}",-82.933330428,42.41952309
3751,9849430,GRATIOT,FRENCH,2016-11-03,3,11,2016,17,5,5,3,,1,0,,1,1,1,0,7,2,1,5,0,0,0,0,true,,false,false,true,false,false,,,,,,false,false,false,,,false,false,false,false,false,-83.00057,42.4002,"{
  ""coordinates"": [
    -8.300057099900000e+01,
    4.240019689600010e+01
  ],
  ""type"": ""Point""
}","{
  ""coordinates"": [
    -83.000570999,
    42.400196896
  ],
  ""type"": ""Point""
}",-83.000570999,42.4001968960001
3752,9877789,W/B I 94,CADIEUX,2016-11-03,3,11,2016,5,5,8,1,,1,0,,2,2,4,55,3,2,2,4,0,0,0,1,false,,false,false,false,false,false,,,,,,false,false,false,,,false,false,false,false,false,-82.93333,42.41952,"{
  ""coordinates"": [
    -8.293333042800000e+01,
    4.241952309000000e+01
  ],
  ""type"": ""Point""
}","{
  ""coordinates"": [
    -82.933330428,
    42.41952309
  ],
  ""type"": ""Point""
}",-82.933330428,42.41952309
3753,9850547,SECOND,WARREN,2016-11-03,3,11,2016,20,5,5,9,,5,0,,1,1,4,40,1,2,2,5,0,0,0,0,true,,false,false,false,false,false,,,,,,false,false,true,,,false,false,false,false,false,-83.06898,42.35535,"{
  ""coordinates"": [
    -8.306897443900000e+01,
    4.235535117500010e+01
  ],
  ""type"": ""Point""
}","{
  ""coordinates"": [
    -83.068974439,
    42.355351175
  ],
  ""type"": ""Point""
}",-83.068974439,42.3553511750001
3754,9863508,ADDISON,MCGRAW,2016-11-03,3,11,2016,15,5,8,9,,4,0,,1,1,1,25,4,2,3,5,0,0,0,0,true,,false,false,false,false,false,,,,,,false,false,true,,,false,false,false,false,false,-83.15168,42.33107,"{
  ""coordinates"": [
    -8.315168048500000e+01,
    4.233106649100010e+01
  ],
  ""type"": ""Point""
}","{
  ""coordinates"": [
    -83.151680485,
    42.331066491
  ],
  ""type"": ""Point""
}",-83.151680485,42.3310664910001
3755,9848498,HARPER,OUTER,2016-11-03,3,11,2016,7,5,6,9,,4,0,,2,2,2,35,5,2,2,5,0,0,0,0,true,,false,false,false,false,false,,,,,,false,false,false,,,false,false,false,false,false,-82.96003,42.40601,"{
  ""coordinates"": [
    -8.296003144199990e+01,
    4.240600621600000e+01
  ],
  ""type"": ""Point""
}","{
  ""coordinates"": [
    -82.960031442,
    42.406006216
  ],
  ""type"": ""Point""
}",-82.9600314419999,42.406006216
3756,9848535,WOODWARD,MERRILL PLAISANCE,2016-11-03,3,11,2016,8,5,5,3,,1,0,,2,1,1,30,3,3,5,5,0,0,0,0,true,,false,false,false,false,false,,,,,,false,false,true,,,false,false,false,false,false,-83.10681,42.42009,"{
  ""coordinates"": [
    -8.310681019799991e+01,
    4.242009388100010e+01
  ],
  ""type"": ""Point""
}","{
  ""coordinates"": [
    -83.106810198,
    42.420093881
  ],
  ""type"": ""Point""
}",-83.1068101979999,42.4200938810001
3757,9877791,W/B I 96,TELEGRAPH,2016-11-03,3,11,2016,6,5,8,1,,1,0,,2,2,4,70,5,3,3,4,0,0,0,1,false,,false,false,false,false,false,,,,,,false,false,false,,,false,false,false,false,false,-83.27115,42.38563,"{
  ""coordinates"": [
    -8.327114726799989e+01,
    4.238562720300010e+01
  ],
  ""type"": ""Point""
}","{
  ""coordinates"": [
    -83.271147268,
    42.385627203
  ],
  ""type"": ""Point""
}",-83.2711472679999,42.3856272030001
3758,9850478,E I 94,RAMP 216E,2016-11-03,3,11,2016,17,5,5,1,,1,0,,1,1,1,55,3,3,3,5,0,0,0,0,true,,false,false,false,false,false,,,,,,false,true,false,,,false,false,false,false,false,-83.05456,42.3708,"{
  ""coordinates"": [
    -8.305455436299999e+01,
    4.237079789200000e+01
  ],
  ""type"": ""Point""
}","{
  ""coordinates"": [
    -83.054554363,
    42.370797892
  ],
  ""type"": ""Point""
}",-83.054554363,42.370797892
3759,9848497,CONNER,WARREN,2016-11-03,3,11,2016,6,5,1,9,,4,0,,2,4,4,35,9,1,1,5,0,0,0,0,true,,false,false,true,false,false,,,,,,false,false,false,,,false,false,false,false,false,-82.97602,42.38929,"{
  ""coordinates"": [
    -8.297601999100000e+01,
    4.238928609500000e+01
  ],
  ""type"": ""Point""
}","{
  ""coordinates"": [
    -82.976019991,
    42.389286095
  ],
  ""type"": ""Point""
}",-82.976019991,42.389286095
3760,9848480,GRAND RIVER,MCNICHOLS,2016-11-03,3,11,2016,8,5,2,3,,1,0,,2,1,1,35,5,2,4,4,0,0,0,4,false,,true,true,false,false,false,,,,,,false,false,false,,,false,false,false,false,false,-83.25308,42.41469,"{
  ""coordinates"": [
    -8.325308272099990e+01,
    4.241469199400010e+01
  ],
  ""type"": ""Point""
}","{
  ""coordinates"": [
    -83.253082721,
    42.414691994
  ],
  ""type"": ""Point""
}",-83.2530827209999,42.4146919940001
3761,9848458,E I 94,MOROSS,2016-11-03,3,11,2016,19,5,5,1,,1,0,,1,1,4,35,1,2,4,5,0,0,0,0,true,,false,false,false,false,false,,,,,,false,false,false,,,false,false,false,false,false,-82.92862,42.42453,"{
  ""coordinates"": [
    -8.292861792199990e+01,
    4.242453441700010e+01
  ],
  ""type"": ""Point""
}","{
  ""coordinates"": [
    -82.928617922,
    42.424534417
  ],
  ""type"": ""Point""
}",-82.9286179219999,42.4245344170001