ObjectId,Crash ID,Primary Road,Intersecting Road,Crash Date,Day,Month,Year,Hour,Weekday,Crash Type Code,Highway Classification Code,Community Code,Jurisdiction Code,Lane Departure Type Code,Surface Type,Road Condition,Weather Condition,Lighting Condition,Speed Limit,Lanes,Units,Occupants,Most Severe Injury,Fatal Injuries,Suspected Serious Injuries,Suspected Minor Injuries,Possible Injuries,Property Damage Only,Secondary Crash,Traffic Control,Red Light Run,Hit and Run,Alcohol,Drugs,Unbelted Person,Work Zone,Speeding Driver,Distracted Driver,Driveway,Pedestrian,Elderly Driver,Young Driver,Commercial Vehicle,Emergency Vehicles,Train,School Bus,Motorcycle,Bicycle,Deer,Longitude,Latitude,geom,geog,x,y
3762,9854226,S/B M 10,WARREN,2016-11-03,3,11,2016,18,5,5,3,,1,0,,1,1,1,55,4,2,2,5,0,0,0,0,true,,false,false,false,false,false,,,,,,false,true,false,,,false,false,false,false,false,-83.07436,42.35504,"{
  ""coordinates"": [
    -8.307435380999991e+01,
    4.235504122700010e+01
  ],
  ""type"": ""Point""
}","{
  ""coordinates"": [
    -83.07435381,
    42.355041227
  ],
  ""type"": ""Point""
}",-83.0743538099999,42.3550412270001
3763,9858434,M-10,GRAND,2016-11-03,3,11,2016,6,5,1,3,,1,1,,2,4,4,55,3,1,1,4,0,0,0,1,false,,false,false,false,false,false,,,,,,false,false,true,,,false,false,false,false,false,-83.08076,42.36582,"{
  ""coordinates"": [
    -8.308076110800000e+01,
    4.236581823400010e+01
  ],
  ""type"": ""Point""
}","{
  ""coordinates"": [
    -83.080761108,
    42.365818234
  ],
  ""type"": ""Point""
}",-83.080761108,42.3658182340001
3764,9849448,E I 94,MOUNT ELLIOTT,2016-11-03,3,11,2016,18,5,5,1,,1,0,,1,2,4,60,6,2,1,5,0,0,0,0,true,,false,false,false,false,false,,,,,,false,false,false,,,false,false,false,false,false,-83.03387,42.37912,"{
  ""coordinates"": [
    -8.303386422800000e+01,
    4.237911432600000e+01
  ],
  ""type"": ""Point""
}","{
  ""coordinates"": [
    -83.033864228,
    42.379114326
  ],
  ""type"": ""Point""
}",-83.033864228,42.379114326
3765,9850477,I-94,WOODWARD,2016-11-03,3,11,2016,16,5,5,1,,1,0,,1,1,1,55,3,2,2,5,0,0,0,0,true,,false,false,false,false,false,,,,,,false,false,false,,,false,false,false,false,false,-83.06968,42.36337,"{
  ""coordinates"": [
    -8.306967580600001e+01,
    4.236336651100000e+01
  ],
  ""type"": ""Point""
}","{
  ""coordinates"": [
    -83.069675806,
    42.363366511
  ],
  ""type"": ""Point""
}",-83.069675806,42.363366511
3766,9852715,I-94,WOODWARD,2016-11-03,3,11,2016,17,5,5,1,,1,0,,1,1,1,55,3,2,2,5,0,0,0,0,true,,false,false,true,false,false,,,,,,false,false,false,,,false,false,false,false,false,-83.0704,42.36276,"{
  ""coordinates"": [
    -8.307039646100000e+01,
    4.236276309800010e+01
  ],
  ""type"": ""Point""
}","{
  ""coordinates"": [
    -83.070396461,
    42.362763098
  ],
  ""type"": ""Point""
}",-83.070396461,42.3627630980001
3767,9876446,8 MILE,N I 75 SERVICE DRIVE,2016-11-03,3,11,2016,17,5,5,3,,1,0,,1,1,1,30,1,2,2,5,0,0,0,0,true,,false,false,false,false,false,,,,,,false,false,false,,,false,false,false,false,false,-83.09344,42.44683,"{
  ""coordinates"": [
    -8.309343878000000e+01,
    4.244682529400010e+01
  ],
  ""type"": ""Point""
}","{
  ""coordinates"": [
    -83.09343878,
    42.446825294
  ],
  ""type"": ""Point""
}",-83.09343878,42.4468252940001
3768,9848463,SOUTHFIELD SERVICE,SOUTHFIELD SERVICE DRIVE,2016-11-03,3,11,2016,11,5,5,9,,4,0,,1,1,1,30,2,2,1,5,0,0,0,0,true,,false,false,true,false,false,,,,,,false,false,false,,,false,false,false,false,false,-83.21631,42.37745,"{
  ""coordinates"": [
    -8.321631076100000e+01,
    4.237744546000000e+01
  ],
  ""type"": ""Point""
}","{
  ""coordinates"": [
    -83.216310761,
    42.37744546
  ],
  ""type"": ""Point""
}",-83.216310761,42.37744546
3769,9848432,TRUMBULL,EDSEL FORD FWY ON RAMP,2016-11-03,3,11,2016,12,5,8,9,,,0,,1,2,1,30,3,2,2,5,0,0,0,0,true,,false,false,false,false,false,,,,,,false,false,false,,,false,false,false,false,false,-83.08447,42.36583,"{
  ""coordinates"": [
    -8.308446369200000e+01,
    4.236582514900000e+01
  ],
  ""type"": ""Point""
}","{
  ""coordinates"": [
    -83.084463692,
    42.365825149
  ],
  ""type"": ""Point""
}",-83.084463692,42.365825149
3770,9848454,ST JEAN,SHOEMAKER,2016-11-03,3,11,2016,15,5,7,9,,4,0,,1,2,1,30,2,2,3,5,0,0,0,0,true,,false,false,false,false,false,,,,,,false,true,false,,,false,false,false,false,false,-82.98579,42.39024,"{
  ""coordinates"": [
    -8.298578403300000e+01,
    4.239024202400000e+01
  ],
  ""type"": ""Point""
}","{
  ""coordinates"": [
    -82.985784033,
    42.390242024
  ],
  ""type"": ""Point""
}",-82.985784033,42.390242024
3771,9848453,CONNER,WARREN,2016-11-03,3,11,2016,11,5,5,9,,4,0,,1,1,1,30,5,2,3,5,0,0,0,0,true,,false,false,true,false,false,,,,,,false,false,false,,,false,false,false,false,false,-82.97602,42.38929,"{
  ""coordinates"": [
    -8.297601999100000e+01,
    4.238928609500000e+01
  ],
  ""type"": ""Point""
}","{
  ""coordinates"": [
    -82.976019991,
    42.389286095
  ],
  ""type"": ""Point""
}",-82.976019991,42.389286095
3772,9881274,RAMP 008F,SOUTHFIELD SERVICE DRIVE,2016-11-03,3,11,2016,7,5,5,1,,1,0,,1,1,1,0,1,3,2,5,0,0,0,0,true,,false,false,true,false,false,,,,,,false,false,false,,,false,false,false,false,false,-83.2173,42.37916,"{
  ""coordinates"": [
    -8.321730284300000e+01,
    4.237916117300010e+01
  ],
  ""type"": ""Point""
}","{
  ""coordinates"": [
    -83.217302843,
    42.379161173
  ],
  ""type"": ""Point""
}",-83.217302843,42.3791611730001
3773,9844442,JEFFRIES,LIVERNOIS,2016-11-03,3,11,2016,2,5,97,9,,4,0,,2,4,5,35,2,2,3,5,0,0,0,0,true,,false,false,false,false,false,,,,,,false,true,false,,,false,false,false,false,false,-83.13909,42.36789,"{
  ""coordinates"": [
    -8.313909437599990e+01,
    4.236789344900010e+01
  ],
  ""type"": ""Point""
}","{
  ""coordinates"": [
    -83.139094376,
    42.367893449
  ],
  ""type"": ""Point""
}",-83.1390943759999,42.3678934490001
3774,9848532,GREENFIELD,8 MILE,2016-11-03,3,11,2016,15,5,8,7,,,0,,1,2,1,35,6,3,1,5,0,0,0,0,true,,false,false,true,false,false,,,,,,false,false,false,,,false,false,false,false,false,-83.20051,42.44479,"{
  ""coordinates"": [
    -8.320051184600000e+01,
    4.244478560700000e+01
  ],
  ""type"": ""Point""
}","{
  ""coordinates"": [
    -83.200511846,
    42.444785607
  ],
  ""type"": ""Point""
}",-83.200511846,42.444785607
3775,9848420,MCNICHOLS,STRATHMOOR,2016-11-03,3,11,2016,12,5,4,9,,2,0,,1,1,1,35,4,2,2,4,0,0,0,2,false,,false,false,false,false,false,,,,,,false,false,false,,,false,false,false,false,false,-83.18836,42.41648,"{
  ""coordinates"": [
    -8.318836078600000e+01,
    4.241647983000010e+01
  ],
  ""type"": ""Point""
}","{
  ""coordinates"": [
    -83.188360786,
    42.41647983
  ],
  ""type"": ""Point""
}",-83.188360786,42.4164798300001
3776,9858003,I94,MARTIN,2016-11-03,3,11,2016,17,5,8,1,,1,0,,1,1,1,70,4,2,2,5,0,0,0,0,true,,false,false,false,false,false,,,,,,false,true,false,,,false,false,false,false,false,-83.12933,42.33555,"{
  ""coordinates"": [
    -8.312932563600000e+01,
    4.233554727400010e+01
  ],
  ""type"": ""Point""
}","{
  ""coordinates"": [
    -83.129325636,
    42.335547274
  ],
  ""type"": ""Point""
}",-83.129325636,42.3355472740001
3777,9848513,NEVADA,RYAN,2016-11-03,3,11,2016,9,5,4,9,,4,0,,2,1,1,25,2,2,1,5,0,0,0,0,true,,false,false,true,false,false,,,,,,false,false,false,,,false,false,false,false,false,-83.06266,42.4259,"{
  ""coordinates"": [
    -8.306265865599990e+01,
    4.242590085300000e+01
  ],
  ""type"": ""Point""
}","{
  ""coordinates"": [
    -83.062658656,
    42.425900853
  ],
  ""type"": ""Point""
}",-83.0626586559999,42.425900853
3778,9848467,GRATIOT,RUSSELL,2016-11-03,3,11,2016,13,5,1,3,,1,0,,1,1,1,30,9,1,3,5,0,0,0,0,true,,false,false,false,false,false,,,,,,false,false,false,,,false,false,false,false,false,-83.03871,42.34357,"{
  ""coordinates"": [
    -8.303870875099990e+01,
    4.234357003400000e+01
  ],
  ""type"": ""Point""
}","{
  ""coordinates"": [
    -83.038708751,
    42.343570034
  ],
  ""type"": ""Point""
}",-83.0387087509999,42.343570034
3779,9848499,7 MILE,HAYES,2016-11-03,3,11,2016,11,5,5,9,,2,0,,1,1,1,30,8,2,2,5,0,0,0,0,true,,false,false,false,false,false,,,,,,false,false,true,,,false,false,false,false,false,-82.96531,42.43542,"{
  ""coordinates"": [
    -8.296530629900001e+01,
    4.243542641200000e+01
  ],
  ""type"": ""Point""
}","{
  ""coordinates"": [
    -82.965306299,
    42.435426412
  ],
  ""type"": ""Point""
}",-82.965306299,42.435426412
3780,9877787,E I 94,CONCORD,2016-11-03,3,11,2016,3,5,5,1,,1,3,,2,2,4,55,3,2,3,4,0,0,0,1,false,,false,false,false,false,false,,,,,,false,false,true,,,false,false,false,false,false,-83.02847,42.38414,"{
  ""coordinates"": [
    -8.302846291799990e+01,
    4.238413994900000e+01
  ],
  ""type"": ""Point""
}","{
  ""coordinates"": [
    -83.028462918,
    42.384139949
  ],
  ""type"": ""Point""
}",-83.0284629179999,42.384139949
3781,9848540,PEMBROKE,STRATHMOOR,2016-11-03,3,11,2016,16,5,5,9,,5,0,,1,1,1,30,2,2,2,5,0,0,0,0,true,,false,false,true,false,false,,,,,,false,false,false,,,false,false,false,false,false,-83.18906,42.438,"{
  ""coordinates"": [
    -8.318906471799990e+01,
    4.243800308300010e+01
  ],
  ""type"": ""Point""
}","{
  ""coordinates"": [
    -83.189064718,
    42.438003083
  ],
  ""type"": ""Point""
}",-83.1890647179999,42.4380030830001
3782,9858435,I-75,DEARBORN,2016-11-03,3,11,2016,8,5,97,1,,1,0,,2,2,2,70,4,2,2,5,0,0,0,0,true,,false,false,false,false,false,,,,,,false,false,false,,,false,false,false,false,false,-83.12571,42.29628,"{
  ""coordinates"": [
    -8.312570950999999e+01,
    4.229627657200010e+01
  ],
  ""type"": ""Point""
}","{
  ""coordinates"": [
    -83.12570951,
    42.296276572
  ],
  ""type"": ""Point""
}",-83.12570951,42.2962765720001
3783,9844446,STATE,WOODWARD,2016-11-03,3,11,2016,1,5,4,3,,7,0,,2,4,4,30,2,2,3,4,0,0,0,1,false,,true,true,false,false,false,,,,,,false,true,false,,,false,false,false,false,false,-83.11985,42.43926,"{
  ""coordinates"": [
    -8.311984761900000e+01,
    4.243926036700000e+01
  ],
  ""type"": ""Point""
}","{
  ""coordinates"": [
    -83.119847619,
    42.439260367
  ],
  ""type"": ""Point""
}",-83.119847619,42.439260367
3784,9848504,GRAND,POE,2016-11-03,3,11,2016,10,5,98,9,,4,0,,1,1,1,0,4,2,2,5,0,0,0,0,true,,false,false,false,false,false,,,,,,false,true,true,,,false,false,false,false,false,-83.08684,42.3653,"{
  ""coordinates"": [
    -8.308683801599990e+01,
    4.236529640200010e+01
  ],
  ""type"": ""Point""
}","{
  ""coordinates"": [
    -83.086838016,
    42.365296402
  ],
  ""type"": ""Point""
}",-83.0868380159999,42.3652964020001
3785,9850553,GRAND,N M 10,2016-11-03,3,11,2016,15,5,8,9,,4,0,,1,1,1,30,3,2,2,5,0,0,0,0,true,,false,false,true,false,false,,,,,,false,false,true,,,false,false,false,false,false,-83.0817,42.36701,"{
  ""coordinates"": [
    -8.308170398199999e+01,
    4.236701110600010e+01
  ],
  ""type"": ""Point""
}","{
  ""coordinates"": [
    -83.081703982,
    42.367011106
  ],
  ""type"": ""Point""
}",-83.081703982,42.3670111060001
3786,9848447,CLARK,N I 75 SERVICE DRIVE,2016-11-03,3,11,2016,17,5,9,7,,1,0,,1,1,1,30,3,2,2,5,0,0,0,0,true,,false,false,false,false,false,,,,,,false,false,false,,,false,false,false,false,false,-83.09076,42.31321,"{
  ""coordinates"": [
    -8.309075547099999e+01,
    4.231320611500010e+01
  ],
  ""type"": ""Point""
}","{
  ""coordinates"": [
    -83.090755471,
    42.313206115
  ],
  ""type"": ""Point""
}",-83.090755471,42.3132061150001
3787,9848427,CLIFFORD,I 75 SERVICE,2016-11-03,3,11,2016,9,5,4,9,,4,0,,1,1,1,30,2,2,2,5,0,0,0,0,true,,true,true,false,false,false,,,,,,false,false,false,,,false,false,false,false,false,-83.05576,42.33821,"{
  ""coordinates"": [
    -8.305576067800000e+01,
    4.233821354600010e+01
  ],
  ""type"": ""Point""
}","{
  ""coordinates"": [
    -83.055760678,
    42.338213546
  ],
  ""type"": ""Point""
}",-83.055760678,42.3382135460001
3788,9848459,SOUTHFIELD SERVICE,SOUTHFIELD SERVICE DRIVE,2016-11-03,3,11,2016,17,5,97,9,,4,0,,1,1,1,35,2,2,2,5,0,0,0,0,true,,false,false,false,false,false,,,,,,false,false,false,,,false,false,false,false,false,-83.21627,42.37749,"{
  ""coordinates"": [
    -8.321627376200000e+01,
    4.237749043500000e+01
  ],
  ""type"": ""Point""
}","{
  ""coordinates"": [
    -83.216273762,
    42.377490435
  ],
  ""type"": ""Point""
}",-83.216273762,42.377490435
3789,9848506,DEXTER,OAKMAN,2016-11-03,3,11,2016,19,5,5,9,,4,0,,1,1,1,25,2,2,2,5,0,0,0,0,true,,false,false,false,false,false,,,,,,false,false,false,,,false,false,false,false,false,-83.13319,42.39322,"{
  ""coordinates"": [
    -8.313319711299989e+01,
    4.239321874800000e+01
  ],
  ""type"": ""Point""
}","{
  ""coordinates"": [
    -83.133197113,
    42.393218748
  ],
  ""type"": ""Point""
}",-83.1331971129999,42.393218748
3790,9867413,W/B I 94,CADIEUX,2016-11-03,3,11,2016,5,5,1,1,,1,1,,2,4,4,55,3,1,1,4,0,0,0,1,false,,false,false,false,false,false,,,,,,false,false,false,,,false,false,false,false,false,-82.93333,42.41952,"{
  ""coordinates"": [
    -8.293333042800000e+01,
    4.241952309000000e+01
  ],
  ""type"": ""Point""
}","{
  ""coordinates"": [
    -82.933330428,
    42.41952309
  ],
  ""type"": ""Point""
}",-82.933330428,42.41952309
3791,9973404,I-94,M-10,2016-11-02,2,11,2016,22,4,5,1,,1,0,,2,4,4,55,3,2,2,5,0,0,0,0,true,,false,false,false,false,false,,,,,,false,false,true,,,false,false,false,false,false,-83.06855,42.36394,"{
  ""coordinates"": [
    -8.306855268100000e+01,
    4.236393619900010e+01
  ],
  ""type"": ""Point""
}","{
  ""coordinates"": [
    -83.068552681,
    42.363936199
  ],
  ""type"": ""Point""
}",-83.068552681,42.3639361990001
3792,9863565,GRATIOT,CHENE,2016-11-02,2,11,2016,12,4,8,3,,1,0,,1,1,1,35,3,2,1,5,0,0,0,0,true,,false,false,true,false,false,,,,,,false,false,false,,,false,false,false,false,false,-83.03285,42.35125,"{
  ""coordinates"": [
    -8.303285554500000e+01,
    4.235124921600000e+01
  ],
  ""type"": ""Point""
}","{
  ""coordinates"": [
    -83.032855545,
    42.351249216
  ],
  ""type"": ""Point""
}",-83.032855545,42.351249216
3793,9844439,SCHOOLCRAFT,SCHAEFER,2016-11-02,2,11,2016,17,4,5,9,,4,0,,1,1,1,35,3,2,3,4,0,0,0,2,false,,false,false,false,false,false,,,,,,false,false,true,,,false,false,false,false,false,-83.17848,42.388,"{
  ""coordinates"": [
    -8.317848397400000e+01,
    4.238800218200000e+01
  ],
  ""type"": ""Point""
}","{
  ""coordinates"": [
    -83.178483974,
    42.388002182
  ],
  ""type"": ""Point""
}",-83.178483974,42.388002182
3794,9889101,HARPER,CADIEUX,2016-11-02,2,11,2016,18,4,4,9,,4,0,,1,1,4,35,4,2,2,5,0,0,0,0,true,,false,false,false,false,false,,,,,,false,false,false,,,false,false,false,false,false,-82.93663,42.41644,"{
  ""coordinates"": [
    -8.293662770400000e+01,
    4.241643471400000e+01
  ],
  ""type"": ""Point""
}","{
  ""coordinates"": [
    -82.936627704,
    42.416434714
  ],
  ""type"": ""Point""
}",-82.936627704,42.416434714
3795,9879283,I 375 SERVICE,LAFAYETTE,2016-11-02,2,11,2016,17,4,8,9,,4,0,,1,1,1,45,3,2,3,5,0,0,0,0,true,,false,false,false,false,false,,,,,,false,false,false,,,false,false,false,false,false,-83.03719,42.33558,"{
  ""coordinates"": [
    -8.303718604800000e+01,
    4.233558302600010e+01
  ],
  ""type"": ""Point""
}","{
  ""coordinates"": [
    -83.037186048,
    42.335583026
  ],
  ""type"": ""Point""
}",-83.037186048,42.3355830260001
3796,9858429,M 39,GRAND RIVER,2016-11-02,2,11,2016,9,4,5,3,,1,0,,1,1,1,55,3,2,2,4,0,0,0,1,false,,false,false,true,false,false,,,,,,false,false,false,,,false,false,false,false,false,-83.21822,42.39712,"{
  ""coordinates"": [
    -8.321822721800000e+01,
    4.239712219000010e+01
  ],
  ""type"": ""Point""
}","{
  ""coordinates"": [
    -83.218227218,
    42.39712219
  ],
  ""type"": ""Point""
}",-83.218227218,42.3971221900001
3797,9997393,I 94,BRUSH,2016-11-02,2,11,2016,16,4,5,1,,1,0,,2,1,1,55,3,4,3,5,0,0,0,0,true,,false,false,true,false,false,,,,,,false,false,false,,,false,false,false,false,false,-83.06422,42.3659,"{
  ""coordinates"": [
    -8.306421351499991e+01,
    4.236589936500010e+01
  ],
  ""type"": ""Point""
}","{
  ""coordinates"": [
    -83.064213515,
    42.365899365
  ],
  ""type"": ""Point""
}",-83.0642135149999,42.3658993650001
3798,9866390,PIEDMONT,CATHEDRAL,2016-11-02,2,11,2016,12,4,4,9,,,0,,2,4,1,25,2,2,1,5,0,0,0,0,true,,false,false,true,false,false,,,,,,false,false,false,,,false,false,false,false,false,-83.22871,42.36106,"{
  ""coordinates"": [
    -8.322871702899990e+01,
    4.236105777600010e+01
  ],
  ""type"": ""Point""
}","{
  ""coordinates"": [
    -83.228717029,
    42.361057776
  ],
  ""type"": ""Point""
}",-83.2287170289999,42.3610577760001
3799,9848474,GRAND RIVER,MINOCK,2016-11-02,2,11,2016,16,4,4,3,,1,0,,2,2,1,35,3,2,2,5,0,0,0,0,true,,false,false,false,false,false,,,,,,false,false,false,,,false,false,false,false,false,-83.23394,42.40699,"{
  ""coordinates"": [
    -8.323393886600000e+01,
    4.240699507900010e+01
  ],
  ""type"": ""Point""
}","{
  ""coordinates"": [
    -83.233938866,
    42.406995079
  ],
  ""type"": ""Point""
}",-83.233938866,42.4069950790001
3800,9844469,LAPPIN,GRATIOT,2016-11-02,2,11,2016,2,4,1,3,,,1,,1,1,4,25,2,1,0,5,0,0,0,0,true,,false,false,true,false,false,,,,,,false,false,false,,,false,false,false,false,false,-82.9762,42.43693,"{
  ""coordinates"": [
    -8.297619841400000e+01,
    4.243692680600000e+01
  ],
  ""type"": ""Point""
}","{
  ""coordinates"": [
    -82.976198414,
    42.436926806
  ],
  ""type"": ""Point""
}",-82.976198414,42.436926806
3801,9848476,GRAND RIVER,KENTFIELD,2016-11-02,2,11,2016,14,4,5,3,,1,0,,2,4,4,35,4,2,2,5,0,0,0,0,true,,false,false,false,false,false,,,,,,false,false,false,,,false,false,false,false,false,-83.24112,42.40988,"{
  ""coordinates"": [
    -8.324111840599990e+01,
    4.240987977800010e+01
  ],
  ""type"": ""Point""
}","{
  ""coordinates"": [
    -83.241118406,
    42.409879778
  ],
  ""type"": ""Point""
}",-83.2411184059999,42.4098797780001
3802,9848495,WARREN,3 MILE,2016-11-02,2,11,2016,18,4,4,9,,4,0,,1,1,3,35,6,2,2,5,0,0,0,0,true,,false,false,false,false,false,,,,,,false,false,true,,,false,false,false,false,false,-82.93996,42.40236,"{
  ""coordinates"": [
    -8.293995512799999e+01,
    4.240235555300010e+01
  ],
  ""type"": ""Point""
}","{
  ""coordinates"": [
    -82.939955128,
    42.402355553
  ],
  ""type"": ""Point""
}",-82.939955128,42.4023555530001
3803,9848515,VAN DYKE,MCNICHOLS,2016-11-02,2,11,2016,12,4,5,3,,1,0,,2,2,1,35,8,2,2,5,0,0,0,0,true,,false,false,false,false,false,,,,,,false,false,true,,,false,false,false,false,false,-83.0237,42.41958,"{
  ""coordinates"": [
    -8.302370703600000e+01,
    4.241957710500000e+01
  ],
  ""type"": ""Point""
}","{
  ""coordinates"": [
    -83.023707036,
    42.419577105
  ],
  ""type"": ""Point""
}",-83.023707036,42.419577105
3804,9997407,I-96,M-39,2016-11-02,2,11,2016,9,4,8,1,,1,0,,1,2,1,55,4,2,1,5,0,0,0,0,true,,false,false,true,false,false,,,,,,false,false,false,,,false,false,false,false,false,-83.221,42.37839,"{
  ""coordinates"": [
    -8.322099863499990e+01,
    4.237839141700000e+01
  ],
  ""type"": ""Point""
}","{
  ""coordinates"": [
    -83.220998635,
    42.378391417
  ],
  ""type"": ""Point""
}",-83.2209986349999,42.378391417
3805,9844482,SCHOOLCRAFT,WESTWOOD,2016-11-02,2,11,2016,13,4,5,9,,2,0,,1,1,1,30,2,2,1,5,0,0,0,0,true,,false,false,false,false,false,,,,,,false,false,false,,,false,false,false,false,false,-83.23228,42.38635,"{
  ""coordinates"": [
    -8.323227315299989e+01,
    4.238635331300000e+01
  ],
  ""type"": ""Point""
}","{
  ""coordinates"": [
    -83.232273153,
    42.386353313
  ],
  ""type"": ""Point""
}",-83.2322731529999,42.386353313
3806,9848400,I 75,7 MILE,2016-11-02,2,11,2016,7,4,5,1,,1,0,,1,1,4,70,4,2,3,4,0,0,0,1,false,,false,false,false,false,false,,,,,,false,false,false,,,false,false,false,false,false,-83.09483,42.43165,"{
  ""coordinates"": [
    -8.309482801800000e+01,
    4.243165202300000e+01
  ],
  ""type"": ""Point""
}","{
  ""coordinates"": [
    -83.094828018,
    42.431652023
  ],
  ""type"": ""Point""
}",-83.094828018,42.431652023
3807,9848415,SHELBY,CONGRESS,2016-11-02,2,11,2016,11,4,8,9,,4,0,,1,2,1,25,3,2,1,5,0,0,0,0,true,,false,false,false,false,false,,,,,,false,false,false,,,false,false,false,false,false,-83.04801,42.32917,"{
  ""coordinates"": [
    -8.304800960800000e+01,
    4.232916706300010e+01
  ],
  ""type"": ""Point""
}","{
  ""coordinates"": [
    -83.048009608,
    42.329167063
  ],
  ""type"": ""Point""
}",-83.048009608,42.3291670630001
3808,9844490,VANDYKE,CANFIELD,2016-11-02,2,11,2016,20,4,4,9,,4,0,,2,4,4,30,2,2,2,5,0,0,0,0,true,,true,false,true,false,false,,,,,,false,false,false,,,false,false,false,false,false,-83.00964,42.37186,"{
  ""coordinates"": [
    -8.300963305399991e+01,
    4.237186023000000e+01
  ],
  ""type"": ""Point""
}","{
  ""coordinates"": [
    -83.009633054,
    42.37186023
  ],
  ""type"": ""Point""
}",-83.0096330539999,42.37186023
3809,9844478,SCHOOLCRAFT,OUTER,2016-11-02,2,11,2016,5,4,4,9,,4,0,,1,1,4,0,2,2,4,4,0,0,0,4,false,,false,false,false,false,false,,,,,,false,false,true,,,false,false,false,false,false,-83.25643,42.38504,"{
  ""coordinates"": [
    -8.325643519700000e+01,
    4.238504256100000e+01
  ],
  ""type"": ""Point""
}","{
  ""coordinates"": [
    -83.256435197,
    42.385042561
  ],
  ""type"": ""Point""
}",-83.256435197,42.385042561
3810,9844486,JEFFERSON,RIVARD,2016-11-02,2,11,2016,15,4,5,9,,4,0,,1,1,1,35,9,2,2,5,0,0,0,0,true,,false,false,false,false,false,,,,,,false,false,false,,,false,false,false,false,false,-83.03393,42.33339,"{
  ""coordinates"": [
    -8.303392577600000e+01,
    4.233338645400000e+01
  ],
  ""type"": ""Point""
}","{
  ""coordinates"": [
    -83.033925776,
    42.333386454
  ],
  ""type"": ""Point""
}",-83.033925776,42.333386454
3811,9844475,GRAND RIVER,LAHSER,2016-11-02,2,11,2016,16,4,97,3,,1,0,,1,2,1,35,4,2,1,5,0,0,0,0,true,,false,false,true,false,false,,,,,,false,true,false,,,false,false,false,false,false,-83.256,42.41584,"{
  ""coordinates"": [
    -8.325600043799990e+01,
    4.241584095600010e+01
  ],
  ""type"": ""Point""
}","{
  ""coordinates"": [
    -83.256000438,
    42.415840956
  ],
  ""type"": ""Point""
}",-83.2560004379999,42.4158409560001
3812,9865093,DEXTER,OAKMAN,2016-11-02,2,11,2016,5,4,4,9,,4,0,,1,1,4,30,3,2,5,4,0,0,0,3,false,,false,false,false,false,false,,,,,,false,false,true,,,false,false,false,false,false,-83.13305,42.393,"{
  ""coordinates"": [
    -8.313304992199990e+01,
    4.239299921600010e+01
  ],
  ""type"": ""Point""
}","{
  ""coordinates"": [
    -83.133049922,
    42.392999216
  ],
  ""type"": ""Point""
}",-83.1330499219999,42.3929992160001
3813,9850500,S M 10 SERVICE DRIVE,WARREN,2016-11-02,2,11,2016,17,4,8,9,,4,0,,1,1,1,0,2,2,1,5,0,0,0,0,true,,true,false,false,false,false,,,,,,false,false,false,,,false,false,false,false,false,-83.074,42.35376,"{
  ""coordinates"": [
    -8.307400029900001e+01,
    4.235375520600010e+01
  ],
  ""type"": ""Point""
}","{
  ""coordinates"": [
    -83.074000299,
    42.353755206
  ],
  ""type"": ""Point""
}",-83.074000299,42.3537552060001
3814,9844441,LAUDER,MIDLAND,2016-11-02,2,11,2016,19,4,8,9,,,0,,1,2,5,25,2,2,3,5,0,0,0,0,true,,false,false,true,false,false,,,,,,false,false,false,,,false,false,false,false,false,-83.19154,42.40532,"{
  ""coordinates"": [
    -8.319154331899990e+01,
    4.240532090500010e+01
  ],
  ""type"": ""Point""
}","{
  ""coordinates"": [
    -83.191543319,
    42.405320905
  ],
  ""type"": ""Point""
}",-83.1915433189999,42.4053209050001
3815,9844497,BARLOW,PINEWOOD,2016-11-02,2,11,2016,11,4,97,9,,,0,,1,2,1,0,2,2,1,5,0,0,0,0,true,,false,false,true,false,false,,,,,,false,false,false,,,false,false,false,false,false,-82.99616,42.43774,"{
  ""coordinates"": [
    -8.299616129100001e+01,
    4.243774212400010e+01
  ],
  ""type"": ""Point""
}","{
  ""coordinates"": [
    -82.996161291,
    42.437742124
  ],
  ""type"": ""Point""
}",-82.996161291,42.4377421240001
3816,9848395,W I 96,SCHAEFER,2016-11-02,2,11,2016,14,4,1,1,,1,1,,2,4,1,70,4,1,1,4,0,0,0,1,false,,false,false,false,false,false,,,,,,false,false,false,,,false,false,false,false,false,-83.17817,42.38336,"{
  ""coordinates"": [
    -8.317816994700000e+01,
    4.238335990900000e+01
  ],
  ""type"": ""Point""
}","{
  ""coordinates"": [
    -83.178169947,
    42.383359909
  ],
  ""type"": ""Point""
}",-83.178169947,42.383359909
3817,9848533,MEYERS,CURTIS,2016-11-02,2,11,2016,12,4,5,9,,4,0,,1,1,1,0,1,2,2,5,0,0,0,0,true,,false,false,false,false,false,,,,,,false,false,false,,,false,false,false,false,false,-83.17043,42.42393,"{
  ""coordinates"": [
    -8.317042752899989e+01,
    4.242393394300010e+01
  ],
  ""type"": ""Point""
}","{
  ""coordinates"": [
    -83.170427529,
    42.423933943
  ],
  ""type"": ""Point""
}",-83.1704275289999,42.4239339430001
3818,9844491,LINNHURST,ALBION,2016-11-02,2,11,2016,9,4,5,9,,,0,,2,4,1,25,2,3,2,5,0,0,0,0,true,,false,false,true,false,false,,,,,,false,false,false,,,false,false,false,false,false,-83.00571,42.43081,"{
  ""coordinates"": [
    -8.300570357200000e+01,
    4.243080392300000e+01
  ],
  ""type"": ""Point""
}","{
  ""coordinates"": [
    -83.005703572,
    42.430803923
  ],
  ""type"": ""Point""
}",-83.005703572,42.430803923