ObjectId,Crash ID,Primary Road,Intersecting Road,Crash Date,Day,Month,Year,Hour,Weekday,Crash Type Code,Highway Classification Code,Community Code,Jurisdiction Code,Lane Departure Type Code,Surface Type,Road Condition,Weather Condition,Lighting Condition,Speed Limit,Lanes,Units,Occupants,Most Severe Injury,Fatal Injuries,Suspected Serious Injuries,Suspected Minor Injuries,Possible Injuries,Property Damage Only,Secondary Crash,Traffic Control,Red Light Run,Hit and Run,Alcohol,Drugs,Unbelted Person,Work Zone,Speeding Driver,Distracted Driver,Driveway,Pedestrian,Elderly Driver,Young Driver,Commercial Vehicle,Emergency Vehicles,Train,School Bus,Motorcycle,Bicycle,Deer,Longitude,Latitude,geom,geog,x,y
3932,9843306,VAUGHAN,TIREMAN,2016-11-01,1,11,2016,1,3,97,9,,,0,,1,2,4,25,1,2,2,5,0,0,0,0,true,,false,false,true,false,false,,,,,,false,false,false,,,false,false,false,false,false,-83.2369,42.35086,"{
  ""coordinates"": [
    -8.323689721499990e+01,
    4.235086478800010e+01
  ],
  ""type"": ""Point""
}","{
  ""coordinates"": [
    -83.236897215,
    42.350864788
  ],
  ""type"": ""Point""
}",-83.2368972149999,42.3508647880001
3933,9997301,M-10,VASSAR,2016-11-01,1,11,2016,8,3,5,3,,1,0,,1,1,2,55,3,3,3,5,0,0,0,0,true,,false,false,false,false,false,,,,,,false,false,false,,,false,false,false,false,false,-83.19228,42.43585,"{
  ""coordinates"": [
    -8.319227862299989e+01,
    4.243584993300000e+01
  ],
  ""type"": ""Point""
}","{
  ""coordinates"": [
    -83.192278623,
    42.435849933
  ],
  ""type"": ""Point""
}",-83.1922786229999,42.435849933
3934,9867775,WOODWARD,8 MILE,2016-11-01,1,11,2016,14,3,4,3,,1,0,,1,1,1,40,3,2,1,5,0,0,0,0,true,,false,false,true,false,false,,,,,,false,false,false,,,false,false,false,false,false,-83.12484,42.44651,"{
  ""coordinates"": [
    -8.312484224699990e+01,
    4.244650485500010e+01
  ],
  ""type"": ""Point""
}","{
  ""coordinates"": [
    -83.124842247,
    42.446504855
  ],
  ""type"": ""Point""
}",-83.1248422469999,42.4465048550001
3935,9843321,GRAND RIVER,LIVERNOIS,2016-11-01,1,11,2016,7,3,3,3,,1,0,,1,1,4,35,4,2,3,4,0,0,0,1,false,,false,false,false,false,false,,,,,,false,false,false,,,false,false,false,false,false,-83.13904,42.36876,"{
  ""coordinates"": [
    -8.313903477100000e+01,
    4.236876012600000e+01
  ],
  ""type"": ""Point""
}","{
  ""coordinates"": [
    -83.139034771,
    42.368760126
  ],
  ""type"": ""Point""
}",-83.139034771,42.368760126
3936,9997303,S M 10,E I 94,2016-11-01,1,11,2016,9,3,5,3,,1,0,,1,1,1,55,3,2,4,5,0,0,0,0,true,,false,false,false,false,false,,,,,,false,false,true,,,false,false,false,false,false,-83.07656,42.35885,"{
  ""coordinates"": [
    -8.307655940900000e+01,
    4.235884722000000e+01
  ],
  ""type"": ""Point""
}","{
  ""coordinates"": [
    -83.076559409,
    42.35884722
  ],
  ""type"": ""Point""
}",-83.076559409,42.35884722
3937,9844465,YORKSHIRE,NOTTINGHAM,2016-11-01,1,11,2016,16,3,1,9,,,0,,1,1,1,25,2,1,1,5,0,0,0,0,true,,false,false,false,false,false,,,,,,false,false,true,,,false,false,false,false,false,-82.94942,42.41793,"{
  ""coordinates"": [
    -8.294941899799990e+01,
    4.241793062200000e+01
  ],
  ""type"": ""Point""
}","{
  ""coordinates"": [
    -82.949418998,
    42.417930622
  ],
  ""type"": ""Point""
}",-82.9494189979999,42.417930622
3938,9848534,6 MILE,BIRWOOD,2016-11-01,1,11,2016,17,3,8,9,,2,0,,1,1,1,30,3,2,2,4,0,0,0,1,false,,false,false,false,false,false,,,,,,false,true,false,,,false,false,false,false,false,-83.16464,42.41681,"{
  ""coordinates"": [
    -8.316464386099990e+01,
    4.241680810200010e+01
  ],
  ""type"": ""Point""
}","{
  ""coordinates"": [
    -83.164643861,
    42.416808102
  ],
  ""type"": ""Point""
}",-83.1646438609999,42.4168081020001
3939,9843317,OUTER,CHANDLER PARK,2016-11-01,1,11,2016,10,3,8,9,,2,0,,1,1,1,0,2,2,0,5,0,0,0,0,true,,false,false,true,false,false,,,,,,false,false,false,,,false,false,false,false,false,-82.97012,42.3974,"{
  ""coordinates"": [
    -8.297012046200000e+01,
    4.239739742400010e+01
  ],
  ""type"": ""Point""
}","{
  ""coordinates"": [
    -82.970120462,
    42.397397424
  ],
  ""type"": ""Point""
}",-82.970120462,42.3973974240001
3940,9843332,8 MILE,MENDOTA,2016-11-01,1,11,2016,16,3,5,3,,1,0,,1,1,1,45,4,2,3,5,0,0,0,0,true,,false,false,false,false,false,,,,,,false,true,false,,,false,false,false,false,false,-83.16691,42.44553,"{
  ""coordinates"": [
    -8.316690815600001e+01,
    4.244553250600010e+01
  ],
  ""type"": ""Point""
}","{
  ""coordinates"": [
    -83.166908156,
    42.445532506
  ],
  ""type"": ""Point""
}",-83.166908156,42.4455325060001
3941,9850544,3RD,FOREST,2016-11-01,1,11,2016,22,3,5,9,,4,0,,1,1,4,25,3,2,2,5,0,0,0,0,true,,false,false,false,false,false,,,,,,false,false,true,,,false,false,false,false,false,-83.07011,42.35241,"{
  ""coordinates"": [
    -8.307011660700000e+01,
    4.235240925600000e+01
  ],
  ""type"": ""Point""
}","{
  ""coordinates"": [
    -83.070116607,
    42.352409256
  ],
  ""type"": ""Point""
}",-83.070116607,42.352409256
3942,9844456,OTIS,LIVERNOIS,2016-11-01,1,11,2016,5,3,9,9,,,2,,1,1,5,25,2,3,0,5,0,0,0,0,true,,false,false,true,false,false,,,,,,false,false,false,,,false,false,false,false,false,-83.11649,42.32635,"{
  ""coordinates"": [
    -8.311648247200000e+01,
    4.232635250100000e+01
  ],
  ""type"": ""Point""
}","{
  ""coordinates"": [
    -83.116482472,
    42.326352501
  ],
  ""type"": ""Point""
}",-83.116482472,42.326352501
3943,9848514,S I 75,7 MILE,2016-11-01,1,11,2016,14,3,8,1,,1,0,,1,1,1,30,2,2,2,5,0,0,0,0,true,,false,false,false,false,false,,,,,,false,false,false,,,false,false,false,false,false,-83.09489,42.43225,"{
  ""coordinates"": [
    -8.309489260600000e+01,
    4.243225621900010e+01
  ],
  ""type"": ""Point""
}","{
  ""coordinates"": [
    -83.094892606,
    42.432256219
  ],
  ""type"": ""Point""
}",-83.094892606,42.4322562190001
3944,9997383,I-94,MOROSS,2016-11-01,1,11,2016,15,3,5,1,,1,0,,1,1,1,55,3,3,3,3,0,0,1,0,false,,false,false,false,false,false,,,,,,false,false,true,,,false,false,false,false,false,-82.9293,42.42367,"{
  ""coordinates"": [
    -8.292929735900000e+01,
    4.242366901800010e+01
  ],
  ""type"": ""Point""
}","{
  ""coordinates"": [
    -82.929297359,
    42.423669018
  ],
  ""type"": ""Point""
}",-82.929297359,42.4236690180001
3945,9843312,JEFFERSON,MOUNT ELLIOTT,2016-11-01,1,11,2016,17,3,4,9,,4,0,,1,1,1,35,4,2,2,4,0,0,0,1,false,,false,false,false,false,false,,,,,,false,false,true,,,false,false,false,false,false,-83.01051,42.34346,"{
  ""coordinates"": [
    -8.301051494900000e+01,
    4.234345525000000e+01
  ],
  ""type"": ""Point""
}","{
  ""coordinates"": [
    -83.010514949,
    42.34345525
  ],
  ""type"": ""Point""
}",-83.010514949,42.34345525
3946,9997343,M-10,WARREN,2016-11-01,1,11,2016,10,3,5,3,,1,0,,1,1,1,55,3,2,3,5,0,0,0,0,true,,false,false,false,false,false,,,,,,false,true,false,,,false,false,false,false,false,-83.07432,42.35498,"{
  ""coordinates"": [
    -8.307431520800000e+01,
    4.235497489600000e+01
  ],
  ""type"": ""Point""
}","{
  ""coordinates"": [
    -83.074315208,
    42.354974896
  ],
  ""type"": ""Point""
}",-83.074315208,42.354974896
3947,9844471,8 MILE,EVERGREEN,2016-11-01,1,11,2016,3,3,5,3,,1,0,,1,1,5,35,2,2,1,5,0,0,0,0,true,,false,false,true,false,false,,,,,,false,false,false,,,false,false,false,false,false,-83.23923,42.44376,"{
  ""coordinates"": [
    -8.323922371299990e+01,
    4.244375727500010e+01
  ],
  ""type"": ""Point""
}","{
  ""coordinates"": [
    -83.239223713,
    42.443757275
  ],
  ""type"": ""Point""
}",-83.2392237129999,42.4437572750001
3948,9866358,I-96,SOUTHFIELD,2016-11-01,1,11,2016,18,3,5,1,,1,0,,1,1,1,55,3,2,3,5,0,0,0,0,true,,false,false,false,false,false,,,,,,false,false,true,,,false,false,false,false,false,-83.22218,42.37825,"{
  ""coordinates"": [
    -8.322217556299999e+01,
    4.237824651700000e+01
  ],
  ""type"": ""Point""
}","{
  ""coordinates"": [
    -83.222175563,
    42.378246517
  ],
  ""type"": ""Point""
}",-83.222175563,42.378246517
3949,9843328,8 MILE,GREENFIELD,2016-11-01,1,11,2016,11,3,8,3,,1,0,,1,1,1,40,4,2,2,4,0,0,0,1,false,,false,false,false,false,false,,,,,,false,false,false,,,false,false,true,false,false,-83.20047,42.44479,"{
  ""coordinates"": [
    -8.320047281300000e+01,
    4.244478804500010e+01
  ],
  ""type"": ""Point""
}","{
  ""coordinates"": [
    -83.200472813,
    42.444788045
  ],
  ""type"": ""Point""
}",-83.200472813,42.4447880450001
3950,9844464,ROSEWOOD,OUTER,2016-11-01,1,11,2016,13,3,4,9,,,0,,1,1,1,35,2,2,1,5,0,0,0,0,true,,false,false,true,false,false,,,,,,false,false,false,,,false,false,false,false,false,-82.93062,42.39439,"{
  ""coordinates"": [
    -8.293062005300000e+01,
    4.239439088200000e+01
  ],
  ""type"": ""Point""
}","{
  ""coordinates"": [
    -82.930620053,
    42.394390882
  ],
  ""type"": ""Point""
}",-82.930620053,42.394390882
3951,9850551,E I 96,WARREN,2016-11-01,1,11,2016,9,3,8,1,,1,0,,1,1,1,55,4,2,2,5,0,0,0,0,true,,false,false,true,false,false,,,,,,false,false,false,,,false,false,false,false,false,-83.09727,42.3471,"{
  ""coordinates"": [
    -8.309726796599990e+01,
    4.234709851500000e+01
  ],
  ""type"": ""Point""
}","{
  ""coordinates"": [
    -83.097267966,
    42.347098515
  ],
  ""type"": ""Point""
}",-83.0972679659999,42.347098515
3952,9997344,M-39,SCHOOLCRAFT,2016-11-01,1,11,2016,10,3,5,3,,1,0,,1,1,1,55,3,2,2,5,0,0,0,0,true,,false,false,false,false,false,,,,,,false,false,true,,,false,false,false,false,false,-83.21749,42.38533,"{
  ""coordinates"": [
    -8.321748835699999e+01,
    4.238533073400000e+01
  ],
  ""type"": ""Point""
}","{
  ""coordinates"": [
    -83.217488357,
    42.385330734
  ],
  ""type"": ""Point""
}",-83.217488357,42.385330734
3953,9843326,LYNDON,INDIANA,2016-11-01,1,11,2016,12,3,4,9,,4,0,,1,1,1,30,2,2,2,5,0,0,0,0,true,,false,false,false,false,false,,,,,,false,true,false,,,false,false,false,false,false,-83.15755,42.39526,"{
  ""coordinates"": [
    -8.315755126300000e+01,
    4.239525481000000e+01
  ],
  ""type"": ""Point""
}","{
  ""coordinates"": [
    -83.157551263,
    42.39525481
  ],
  ""type"": ""Point""
}",-83.157551263,42.39525481
3954,9844479,CHICAGO,BRAILE,2016-10-31,31,10,2016,22,2,98,9,,4,0,,1,1,4,0,2,2,1,5,0,0,0,0,true,,false,false,true,false,false,,,,,,false,false,false,,,false,false,false,false,false,-83.24342,42.36459,"{
  ""coordinates"": [
    -8.324341997999990e+01,
    4.236459197800010e+01
  ],
  ""type"": ""Point""
}","{
  ""coordinates"": [
    -83.24341998,
    42.364591978
  ],
  ""type"": ""Point""
}",-83.2434199799999,42.3645919780001
3955,9842164,LIVERNOIS,DAVIDSON,2016-10-31,31,10,2016,19,2,97,3,,4,0,,1,1,3,35,2,2,1,5,0,0,0,0,true,,false,false,true,false,false,,,,,,false,false,true,,,false,false,false,false,false,-83.13953,42.38657,"{
  ""coordinates"": [
    -8.313953503999990e+01,
    4.238656737100010e+01
  ],
  ""type"": ""Point""
}","{
  ""coordinates"": [
    -83.13953504,
    42.386567371
  ],
  ""type"": ""Point""
}",-83.1395350399999,42.3865673710001
3956,9843323,BROADSTREET,ELMHURST,2016-10-31,31,10,2016,21,2,5,9,,4,0,,1,1,4,30,2,2,4,4,0,0,0,2,false,,false,false,true,false,false,,,,,,false,false,false,,,false,false,false,false,false,-83.13301,42.37766,"{
  ""coordinates"": [
    -8.313301221700000e+01,
    4.237765741400010e+01
  ],
  ""type"": ""Point""
}","{
  ""coordinates"": [
    -83.133012217,
    42.377657414
  ],
  ""type"": ""Point""
}",-83.133012217,42.3776574140001
3957,9844450,WARREN,WETHERBY,2016-10-31,31,10,2016,5,2,1,9,,4,1,,1,1,4,35,7,1,1,5,0,0,0,0,true,,false,false,false,false,false,,,,,,false,false,false,,,false,false,false,false,false,-83.13987,42.34488,"{
  ""coordinates"": [
    -8.313986766200000e+01,
    4.234487816100010e+01
  ],
  ""type"": ""Point""
}","{
  ""coordinates"": [
    -83.139867662,
    42.344878161
  ],
  ""type"": ""Point""
}",-83.139867662,42.3448781610001
3958,9843327,6MILE,MEYERS,2016-10-31,31,10,2016,2,2,8,9,,2,0,,1,1,1,25,2,2,2,5,0,0,0,0,true,,false,false,false,false,false,,,,,,false,false,false,,,false,false,false,false,false,-83.17018,42.41665,"{
  ""coordinates"": [
    -8.317017979300000e+01,
    4.241665431600010e+01
  ],
  ""type"": ""Point""
}","{
  ""coordinates"": [
    -83.170179793,
    42.416654316
  ],
  ""type"": ""Point""
}",-83.170179793,42.4166543160001
3959,9843322,INDIANA,KEELER,2016-10-31,31,10,2016,19,2,10,9,,,0,,1,1,4,25,2,2,0,5,0,0,0,0,true,,false,false,true,false,false,,,,,,false,false,false,,,false,false,false,false,false,-83.15757,42.40391,"{
  ""coordinates"": [
    -8.315756881199999e+01,
    4.240390836000010e+01
  ],
  ""type"": ""Point""
}","{
  ""coordinates"": [
    -83.157568812,
    42.40390836
  ],
  ""type"": ""Point""
}",-83.157568812,42.4039083600001
3960,9867773,WOODWARD,8 MILE SERVICE DRIVE,2016-10-31,31,10,2016,21,2,4,3,,1,0,,1,1,4,35,3,2,2,4,0,0,0,1,false,,true,true,false,false,false,,,,,,false,false,true,,,false,false,false,false,false,-83.12473,42.44636,"{
  ""coordinates"": [
    -8.312473603200000e+01,
    4.244635630400010e+01
  ],
  ""type"": ""Point""
}","{
  ""coordinates"": [
    -83.124736032,
    42.446356304
  ],
  ""type"": ""Point""
}",-83.124736032,42.4463563040001
3961,9842158,S I 75 SERVICE DRIVE,WARREN,2016-10-31,31,10,2016,15,2,4,1,,4,0,,1,2,1,30,7,2,3,4,0,0,0,1,false,,true,true,false,false,false,,,,,,false,false,false,,,false,false,false,false,false,-83.055,42.36077,"{
  ""coordinates"": [
    -8.305500064300000e+01,
    4.236076983000000e+01
  ],
  ""type"": ""Point""
}","{
  ""coordinates"": [
    -83.055000643,
    42.36076983
  ],
  ""type"": ""Point""
}",-83.055000643,42.36076983
3962,9844438,JOY,COYLE,2016-10-31,31,10,2016,17,2,1,9,,4,0,,1,1,1,35,2,1,1,5,0,0,0,0,true,,false,false,false,false,false,,,,,,false,false,false,,,false,false,false,false,false,-83.19273,42.35822,"{
  ""coordinates"": [
    -8.319272517500001e+01,
    4.235822071700010e+01
  ],
  ""type"": ""Point""
}","{
  ""coordinates"": [
    -83.192725175,
    42.358220717
  ],
  ""type"": ""Point""
}",-83.192725175,42.3582207170001
3963,9842162,WARREN,S M 39 SERVICE DRIVE,2016-10-31,31,10,2016,12,2,5,9,,2,0,,1,1,1,35,2,2,2,5,0,0,0,0,true,,false,false,false,false,false,,,,,,false,false,false,,,false,false,false,false,false,-83.21643,42.34336,"{
  ""coordinates"": [
    -8.321643176100000e+01,
    4.234336036500010e+01
  ],
  ""type"": ""Point""
}","{
  ""coordinates"": [
    -83.216431761,
    42.343360365
  ],
  ""type"": ""Point""
}",-83.216431761,42.3433603650001
3964,9842145,7 MILE,PREVOST,2016-10-31,31,10,2016,18,2,2,9,,2,0,,1,1,1,30,6,2,2,4,0,0,0,1,false,,false,false,true,false,false,,,,,,false,false,false,,,false,false,false,false,false,-83.20412,42.43035,"{
  ""coordinates"": [
    -8.320412794700000e+01,
    4.243034961400010e+01
  ],
  ""type"": ""Point""
}","{
  ""coordinates"": [
    -83.204127947,
    42.430349614
  ],
  ""type"": ""Point""
}",-83.204127947,42.4303496140001
3965,9842161,GRATIOT,FARMER,2016-10-31,31,10,2016,0,2,97,9,,4,0,,1,1,5,35,2,2,4,5,0,0,0,0,true,,true,true,false,false,false,,,,,,false,true,false,,,false,false,false,false,false,-83.04655,42.33358,"{
  ""coordinates"": [
    -8.304655015700000e+01,
    4.233358023400010e+01
  ],
  ""type"": ""Point""
}","{
  ""coordinates"": [
    -83.046550157,
    42.333580234
  ],
  ""type"": ""Point""
}",-83.046550157,42.3335802340001
3966,9843295,JAMES COUZENS,AUDREY,2016-10-31,31,10,2016,21,2,1,9,,4,1,,1,1,3,35,2,1,2,3,0,0,1,0,false,,false,false,false,false,false,,,,,,false,false,false,,,false,false,true,false,false,-83.19814,42.44127,"{
  ""coordinates"": [
    -8.319814653100001e+01,
    4.244126321500000e+01
  ],
  ""type"": ""Point""
}","{
  ""coordinates"": [
    -83.198146531,
    42.441263215
  ],
  ""type"": ""Point""
}",-83.198146531,42.441263215
3967,9842147,STEEL,PICKFORD,2016-10-31,31,10,2016,15,2,4,9,,,0,,1,1,1,25,4,2,4,3,0,0,1,0,false,,false,false,true,false,false,,,,,,false,false,false,,,false,false,false,false,false,-83.17279,42.42566,"{
  ""coordinates"": [
    -8.317279270800000e+01,
    4.242566389900000e+01
  ],
  ""type"": ""Point""
}","{
  ""coordinates"": [
    -83.172792708,
    42.425663899
  ],
  ""type"": ""Point""
}",-83.172792708,42.425663899
3968,9843318,HAYES,FORDHAM,2016-10-31,31,10,2016,0,2,4,9,,4,0,,1,1,4,30,4,2,2,5,0,0,0,0,true,,true,false,false,true,false,,,,,,false,false,true,,,false,false,false,false,false,-82.96545,42.4346,"{
  ""coordinates"": [
    -8.296545031799999e+01,
    4.243459774200010e+01
  ],
  ""type"": ""Point""
}","{
  ""coordinates"": [
    -82.965450318,
    42.434597742
  ],
  ""type"": ""Point""
}",-82.965450318,42.4345977420001
3969,9848429,WYOMING,CURTIS,2016-10-31,31,10,2016,15,2,5,9,,4,0,,1,1,1,30,8,2,2,3,0,0,2,1,false,,false,false,false,false,false,,,,,,false,false,false,,,false,false,false,false,false,-83.16071,42.42418,"{
  ""coordinates"": [
    -8.316071091600000e+01,
    4.242417472000010e+01
  ],
  ""type"": ""Point""
}","{
  ""coordinates"": [
    -83.160710916,
    42.42417472
  ],
  ""type"": ""Point""
}",-83.160710916,42.4241747200001
3970,9842185,WISCONSIN,SANTA CLARA,2016-10-31,31,10,2016,10,2,8,9,,,0,,1,2,1,0,1,2,1,5,0,0,0,0,true,,false,false,false,false,false,,,,,,false,false,false,,,false,false,false,false,false,-83.15725,42.42062,"{
  ""coordinates"": [
    -8.315725156100000e+01,
    4.242062239100010e+01
  ],
  ""type"": ""Point""
}","{
  ""coordinates"": [
    -83.157251561,
    42.420622391
  ],
  ""type"": ""Point""
}",-83.157251561,42.4206223910001
3971,9844468,GRAY,KERCHEVAL,2016-10-31,31,10,2016,13,2,5,9,,,0,,1,2,1,25,2,2,5,4,0,0,0,3,false,,false,false,true,false,false,,,,,,false,false,false,,,false,false,false,false,false,-82.95712,42.37524,"{
  ""coordinates"": [
    -8.295711475900001e+01,
    4.237524249900010e+01
  ],
  ""type"": ""Point""
}","{
  ""coordinates"": [
    -82.957114759,
    42.375242499
  ],
  ""type"": ""Point""
}",-82.957114759,42.3752424990001
3972,9842150,N M 10 SERVICE DRIVE,FOREST,2016-10-31,31,10,2016,15,2,5,3,,4,0,,1,1,1,0,2,2,3,3,0,0,1,0,false,,false,false,false,false,false,,,,,,false,false,true,,,false,false,false,false,false,-83.07172,42.35174,"{
  ""coordinates"": [
    -8.307172375800000e+01,
    4.235174350700000e+01
  ],
  ""type"": ""Point""
}","{
  ""coordinates"": [
    -83.071723758,
    42.351743507
  ],
  ""type"": ""Point""
}",-83.071723758,42.351743507
3973,9842184,GABLE,CHARLES,2016-10-31,31,10,2016,14,2,1,9,,,1,,1,1,1,25,1,1,2,2,0,2,0,0,false,,false,false,false,false,false,,,,,,false,false,false,,,false,false,false,false,false,-83.04163,42.41163,"{
  ""coordinates"": [
    -8.304162716499999e+01,
    4.241163279900010e+01
  ],
  ""type"": ""Point""
}","{
  ""coordinates"": [
    -83.041627165,
    42.411632799
  ],
  ""type"": ""Point""
}",-83.041627165,42.4116327990001
3974,9842175,OUTER,WHITEHILL,2016-10-31,31,10,2016,2,2,1,9,,2,1,,1,1,4,30,2,1,2,5,0,0,0,0,true,,false,false,false,false,false,,,,,,false,false,false,,,false,false,false,false,false,-82.96138,42.41306,"{
  ""coordinates"": [
    -8.296138046800000e+01,
    4.241305491400000e+01
  ],
  ""type"": ""Point""
}","{
  ""coordinates"": [
    -82.961380468,
    42.413054914
  ],
  ""type"": ""Point""
}",-82.961380468,42.413054914
3975,9850545,2ND,BURROUGHS,2016-10-31,31,10,2016,16,2,4,9,,4,0,,1,1,1,30,2,2,2,5,0,0,0,0,true,,false,false,false,false,false,,,,,,false,true,false,,,false,false,false,false,false,-83.07392,42.36451,"{
  ""coordinates"": [
    -8.307391907899989e+01,
    4.236451465200000e+01
  ],
  ""type"": ""Point""
}","{
  ""coordinates"": [
    -83.073919079,
    42.364514652
  ],
  ""type"": ""Point""
}",-83.0739190789999,42.364514652
3976,9843299,RAMP 123B,N M 10,2016-10-31,31,10,2016,17,2,5,3,,1,0,,1,1,1,0,1,2,2,5,0,0,0,0,true,,false,false,false,false,false,,,,,,false,false,false,,,false,false,false,false,false,-83.06081,42.33123,"{
  ""coordinates"": [
    -8.306081559700000e+01,
    4.233123089300010e+01
  ],
  ""type"": ""Point""
}","{
  ""coordinates"": [
    -83.060815597,
    42.331230893
  ],
  ""type"": ""Point""
}",-83.060815597,42.3312308930001
3977,9867421,I-94,LUCKY,2016-10-31,31,10,2016,15,2,5,1,,1,0,,1,1,1,55,3,2,2,5,0,0,0,0,true,,false,false,false,false,false,,,,,,false,true,false,,,false,false,false,false,false,-83.03693,42.37789,"{
  ""coordinates"": [
    -8.303692527200000e+01,
    4.237789076300000e+01
  ],
  ""type"": ""Point""
}","{
  ""coordinates"": [
    -83.036925272,
    42.377890763
  ],
  ""type"": ""Point""
}",-83.036925272,42.377890763
3978,9848426,CHRYSLER SERVICE,CLAY,2016-10-31,31,10,2016,16,2,8,1,,1,0,,1,1,1,30,3,2,2,5,0,0,0,0,true,,false,false,true,false,false,,,,,,false,false,false,,,false,false,false,false,false,-83.06947,42.39165,"{
  ""coordinates"": [
    -8.306946253699989e+01,
    4.239164664300010e+01
  ],
  ""type"": ""Point""
}","{
  ""coordinates"": [
    -83.069462537,
    42.391646643
  ],
  ""type"": ""Point""
}",-83.0694625369999,42.3916466430001
3979,9867422,M-39,JOY,2016-10-31,31,10,2016,16,2,5,3,,1,0,,1,1,1,55,3,2,2,5,0,0,0,0,true,,false,false,false,false,false,,,,,,false,false,false,,,false,false,false,false,false,-83.2164,42.35922,"{
  ""coordinates"": [
    -8.321639747599990e+01,
    4.235922273500010e+01
  ],
  ""type"": ""Point""
}","{
  ""coordinates"": [
    -83.216397476,
    42.359222735
  ],
  ""type"": ""Point""
}",-83.2163974759999,42.3592227350001
3980,9843294,I 96,WYOMING,2016-10-31,31,10,2016,21,2,8,1,,1,0,,1,1,4,55,4,2,2,5,0,0,0,0,true,,false,false,false,false,false,,,,,,false,false,false,,,false,false,false,false,false,-83.15711,42.38541,"{
  ""coordinates"": [
    -8.315711282900000e+01,
    4.238541052400010e+01
  ],
  ""type"": ""Point""
}","{
  ""coordinates"": [
    -83.157112829,
    42.385410524
  ],
  ""type"": ""Point""
}",-83.157112829,42.3854105240001
3981,9842151,S M 10 SERVICE DRIVE,FOREST,2016-10-31,31,10,2016,15,2,5,9,,4,0,,1,1,1,0,2,2,3,5,0,0,0,0,true,,false,false,false,false,false,,,,,,false,false,true,,,false,false,false,false,false,-83.07265,42.35147,"{
  ""coordinates"": [
    -8.307265820700000e+01,
    4.235147331800000e+01
  ],
  ""type"": ""Point""
}","{
  ""coordinates"": [
    -83.072658207,
    42.351473318
  ],
  ""type"": ""Point""
}",-83.072658207,42.351473318
3982,9997405,N M 10,LINWOOD,2016-10-31,31,10,2016,8,2,5,3,,1,0,,1,1,2,55,3,2,2,5,0,0,0,0,true,,false,false,false,false,false,,,,,,false,false,true,,,false,false,false,false,false,-83.12729,42.40522,"{
  ""coordinates"": [
    -8.312728538200000e+01,
    4.240521765000010e+01
  ],
  ""type"": ""Point""
}","{
  ""coordinates"": [
    -83.127285382,
    42.40521765
  ],
  ""type"": ""Point""
}",-83.127285382,42.4052176500001
3983,9843319,GRATIOT,STATE FAIR,2016-10-31,31,10,2016,21,2,5,3,,1,0,,1,1,4,35,3,3,9,4,0,0,0,1,false,,false,false,false,false,false,,,,,,false,true,false,,,false,false,false,false,false,-82.97296,42.44225,"{
  ""coordinates"": [
    -8.297296181699990e+01,
    4.244225115200000e+01
  ],
  ""type"": ""Point""
}","{
  ""coordinates"": [
    -82.972961817,
    42.442251152
  ],
  ""type"": ""Point""
}",-82.9729618169999,42.442251152
3984,9842174,8 MILE,REGENT,2016-10-31,31,10,2016,8,2,5,3,,1,0,,1,1,1,40,4,2,2,4,0,0,0,1,false,,false,false,false,false,false,,,,,,false,false,true,,,false,false,false,false,false,-82.97621,42.44952,"{
  ""coordinates"": [
    -8.297621085899991e+01,
    4.244951847800010e+01
  ],
  ""type"": ""Point""
}","{
  ""coordinates"": [
    -82.976210859,
    42.449518478
  ],
  ""type"": ""Point""
}",-82.9762108589999,42.4495184780001
3985,9855335,SOUTHFIELD SERVICE DRIVE,GRAND RIVER,2016-10-31,31,10,2016,23,2,7,3,,4,0,,1,1,5,30,2,2,1,5,0,0,0,0,true,,false,false,false,false,false,,,,,,false,false,false,,,false,false,false,false,false,-83.21798,42.40055,"{
  ""coordinates"": [
    -8.321798040899991e+01,
    4.240054909500000e+01
  ],
  ""type"": ""Point""
}","{
  ""coordinates"": [
    -83.217980409,
    42.400549095
  ],
  ""type"": ""Point""
}",-83.2179804089999,42.400549095
3986,9997296,I-96,I-75,2016-10-31,31,10,2016,10,2,8,3,,1,0,,1,1,1,55,2,2,1,5,0,0,0,0,true,,false,false,true,false,false,,,,,,false,false,false,,,false,false,false,false,false,-83.08041,42.40846,"{
  ""coordinates"": [
    -8.308041666799990e+01,
    4.240846226700010e+01
  ],
  ""type"": ""Point""
}","{
  ""coordinates"": [
    -83.080416668,
    42.408462267
  ],
  ""type"": ""Point""
}",-83.0804166679999,42.4084622670001
3987,9842167,CANIFF,BUFFALO,2016-10-31,31,10,2016,14,2,5,9,,4,0,,1,1,1,25,2,2,2,5,0,0,0,0,true,,false,false,false,false,false,,,,,,false,false,false,,,false,false,false,false,false,-83.04699,42.40456,"{
  ""coordinates"": [
    -8.304698788300000e+01,
    4.240455562300010e+01
  ],
  ""type"": ""Point""
}","{
  ""coordinates"": [
    -83.046987883,
    42.404555623
  ],
  ""type"": ""Point""
}",-83.046987883,42.4045556230001
3988,9842191,SCHAEFER,N M 10,2016-10-31,31,10,2016,15,2,5,9,,4,0,,1,2,1,30,4,2,3,4,0,0,0,1,false,,false,false,false,false,false,,,,,,false,false,true,,,false,false,false,false,false,-83.18019,42.42501,"{
  ""coordinates"": [
    -8.318019451700000e+01,
    4.242501185800010e+01
  ],
  ""type"": ""Point""
}","{
  ""coordinates"": [
    -83.180194517,
    42.425011858
  ],
  ""type"": ""Point""
}",-83.180194517,42.4250118580001