ObjectId,Crash ID,Primary Road,Intersecting Road,Crash Date,Day,Month,Year,Hour,Weekday,Crash Type Code,Highway Classification Code,Community Code,Jurisdiction Code,Lane Departure Type Code,Surface Type,Road Condition,Weather Condition,Lighting Condition,Speed Limit,Lanes,Units,Occupants,Most Severe Injury,Fatal Injuries,Suspected Serious Injuries,Suspected Minor Injuries,Possible Injuries,Property Damage Only,Secondary Crash,Traffic Control,Red Light Run,Hit and Run,Alcohol,Drugs,Unbelted Person,Work Zone,Speeding Driver,Distracted Driver,Driveway,Pedestrian,Elderly Driver,Young Driver,Commercial Vehicle,Emergency Vehicles,Train,School Bus,Motorcycle,Bicycle,Deer,Longitude,Latitude,geom,geog,x,y
4046,9848393,I-75,MCNICHOLS,2016-10-30,30,10,2016,10,1,5,1,,1,0,,2,4,1,70,4,2,2,5,0,0,0,0,true,,false,false,false,false,false,,,,,,false,false,true,,,false,false,false,false,false,-83.09067,42.42128,"{
  ""coordinates"": [
    -8.309066417299989e+01,
    4.242128221000010e+01
  ],
  ""type"": ""Point""
}","{
  ""coordinates"": [
    -83.090664173,
    42.42128221
  ],
  ""type"": ""Point""
}",-83.0906641729999,42.4212822100001
4047,9841004,7 MILE,CANTERBURY,2016-10-30,30,10,2016,2,1,4,9,,2,0,,1,1,4,35,4,2,3,5,0,0,0,0,true,,false,false,false,false,false,,,,,,false,false,true,,,false,false,false,false,false,-83.13232,42.43174,"{
  ""coordinates"": [
    -8.313232634699990e+01,
    4.243173779600000e+01
  ],
  ""type"": ""Point""
}","{
  ""coordinates"": [
    -83.132326347,
    42.431737796
  ],
  ""type"": ""Point""
}",-83.1323263469999,42.431737796
4048,9840985,WESTPHALIA,LAPPIN,2016-10-30,30,10,2016,10,1,8,9,,,0,,1,4,1,25,1,2,1,5,0,0,0,0,true,,false,false,false,false,false,,,,,,false,false,false,,,false,false,false,false,false,-82.99246,42.43678,"{
  ""coordinates"": [
    -8.299246314700000e+01,
    4.243678246600010e+01
  ],
  ""type"": ""Point""
}","{
  ""coordinates"": [
    -82.992463147,
    42.436782466
  ],
  ""type"": ""Point""
}",-82.992463147,42.4367824660001
4049,9840996,PINGREE,14TH,2016-10-30,30,10,2016,15,1,1,9,,,0,,1,2,1,25,2,1,1,5,0,0,0,0,true,,false,false,false,false,false,,,,,,false,true,false,,,false,false,false,false,false,-83.10022,42.37102,"{
  ""coordinates"": [
    -8.310021703900000e+01,
    4.237101902800000e+01
  ],
  ""type"": ""Point""
}","{
  ""coordinates"": [
    -83.100217039,
    42.371019028
  ],
  ""type"": ""Point""
}",-83.100217039,42.371019028
4050,9915623,GRAND,HAMILTON,2016-10-30,30,10,2016,1,1,97,9,,4,0,,1,1,4,35,2,2,4,2,0,1,0,2,false,,false,false,false,false,false,,,,,,false,false,false,,,false,false,false,false,false,-83.08215,42.36684,"{
  ""coordinates"": [
    -8.308215057400000e+01,
    4.236684340300010e+01
  ],
  ""type"": ""Point""
}","{
  ""coordinates"": [
    -83.082150574,
    42.366843403
  ],
  ""type"": ""Point""
}",-83.082150574,42.3668434030001
4051,9839765,CHATHAM,MCNICHOLS,2016-10-30,30,10,2016,0,1,8,9,,,0,,1,1,5,25,2,2,1,5,0,0,0,0,true,,false,false,true,false,false,,,,,,false,false,false,,,false,false,false,false,false,-83.26355,42.4141,"{
  ""coordinates"": [
    -8.326355037400000e+01,
    4.241409507700010e+01
  ],
  ""type"": ""Point""
}","{
  ""coordinates"": [
    -83.263550374,
    42.414095077
  ],
  ""type"": ""Point""
}",-83.263550374,42.4140950770001
4052,9863573,WOODWARD,WARREN,2016-10-30,30,10,2016,15,1,5,3,,1,0,,1,1,1,35,3,2,5,5,0,0,0,0,true,,false,false,false,false,false,,,,,,false,false,false,,,false,false,false,false,false,-83.06438,42.35696,"{
  ""coordinates"": [
    -8.306437643600000e+01,
    4.235695588700000e+01
  ],
  ""type"": ""Point""
}","{
  ""coordinates"": [
    -83.064376436,
    42.356955887
  ],
  ""type"": ""Point""
}",-83.064376436,42.356955887
4053,9848394,W I 96,DAVISON CROSSOVER,2016-10-30,30,10,2016,11,1,97,1,,1,0,,2,4,1,70,3,2,2,5,0,0,0,0,true,,false,false,false,false,false,,,,,,false,false,true,,,false,false,false,false,false,-83.16103,42.38543,"{
  ""coordinates"": [
    -8.316103006199999e+01,
    4.238543360300010e+01
  ],
  ""type"": ""Point""
}","{
  ""coordinates"": [
    -83.161030062,
    42.385433603
  ],
  ""type"": ""Point""
}",-83.161030062,42.3854336030001
4054,9839746,ANTIETAM,RIVARD,2016-10-30,30,10,2016,2,1,2,9,,4,0,,2,4,4,25,2,2,1,5,0,0,0,0,true,,false,false,false,true,false,,,,,,false,false,false,,,false,false,false,false,false,-83.03857,42.3402,"{
  ""coordinates"": [
    -8.303856738300000e+01,
    4.234019800300010e+01
  ],
  ""type"": ""Point""
}","{
  ""coordinates"": [
    -83.038567383,
    42.340198003
  ],
  ""type"": ""Point""
}",-83.038567383,42.3401980030001
4055,9840998,7 MILE,VAN DYKE,2016-10-30,30,10,2016,19,1,6,3,,4,0,,1,1,4,35,4,2,2,5,0,0,0,0,true,,false,false,false,false,false,,,,,,false,false,false,,,false,false,false,false,false,-83.0238,42.43398,"{
  ""coordinates"": [
    -8.302379741000000e+01,
    4.243397677700010e+01
  ],
  ""type"": ""Point""
}","{
  ""coordinates"": [
    -83.02379741,
    42.433976777
  ],
  ""type"": ""Point""
}",-83.02379741,42.4339767770001
4056,9848405,3RD,FORT,2016-10-30,30,10,2016,8,1,5,3,,4,0,,2,4,5,35,3,2,3,4,0,0,0,2,false,,false,false,false,false,false,,,,,,false,false,true,,,false,false,false,false,false,-83.05416,42.32748,"{
  ""coordinates"": [
    -8.305415797099990e+01,
    4.232747697200010e+01
  ],
  ""type"": ""Point""
}","{
  ""coordinates"": [
    -83.054157971,
    42.327476972
  ],
  ""type"": ""Point""
}",-83.0541579709999,42.3274769720001
4057,9840979,TELEGRAPH,7 MILE,2016-10-30,30,10,2016,15,1,8,2,,1,0,,1,2,1,45,4,2,4,5,0,0,0,0,true,,false,false,true,false,false,,,,,,false,false,false,,,false,false,false,false,false,-83.27799,42.4292,"{
  ""coordinates"": [
    -8.327799544999991e+01,
    4.242920142100010e+01
  ],
  ""type"": ""Point""
}","{
  ""coordinates"": [
    -83.27799545,
    42.429201421
  ],
  ""type"": ""Point""
}",-83.2779954499999,42.4292014210001
4058,9848391,I-94,I-75,2016-10-30,30,10,2016,8,1,1,1,,1,1,,2,4,1,55,3,1,1,5,0,0,0,0,true,,false,false,false,false,false,,,,,,false,false,false,,,false,false,false,false,false,-83.0597,42.36752,"{
  ""coordinates"": [
    -8.305969895500000e+01,
    4.236751727500010e+01
  ],
  ""type"": ""Point""
}","{
  ""coordinates"": [
    -83.059698955,
    42.367517275
  ],
  ""type"": ""Point""
}",-83.059698955,42.3675172750001
4059,9842166,MCNICHOLS,OAKFIELD,2016-10-30,30,10,2016,21,1,8,9,,2,0,,1,1,4,35,2,2,1,5,0,0,0,0,true,,false,false,false,true,false,,,,,,false,false,false,,,false,false,false,false,false,-83.2145,42.41565,"{
  ""coordinates"": [
    -8.321449940299991e+01,
    4.241564531200000e+01
  ],
  ""type"": ""Point""
}","{
  ""coordinates"": [
    -83.214499403,
    42.415645312
  ],
  ""type"": ""Point""
}",-83.2144994029999,42.415645312
4060,9894859,LAPPIN,ALCOY,2016-10-30,30,10,2016,12,1,8,9,,,0,,1,1,1,25,2,2,1,5,0,0,0,0,true,,false,false,true,false,false,,,,,,false,false,false,,,false,false,false,false,false,-82.98857,42.4368,"{
  ""coordinates"": [
    -8.298857083900000e+01,
    4.243679916500000e+01
  ],
  ""type"": ""Point""
}","{
  ""coordinates"": [
    -82.988570839,
    42.436799165
  ],
  ""type"": ""Point""
}",-82.988570839,42.436799165
4061,9848392,I-96,ROOSEVELT,2016-10-30,30,10,2016,9,1,1,9,,4,1,,2,4,1,70,4,1,1,5,0,0,0,0,true,,false,false,false,false,false,,,,,,false,false,false,,,false,false,false,false,false,-83.1083,42.35445,"{
  ""coordinates"": [
    -8.310829932300000e+01,
    4.235445409300010e+01
  ],
  ""type"": ""Point""
}","{
  ""coordinates"": [
    -83.108299323,
    42.354454093
  ],
  ""type"": ""Point""
}",-83.108299323,42.3544540930001
4062,9840980,I 96,GREENFIELD,2016-10-30,30,10,2016,18,1,5,1,,1,0,,1,1,3,70,3,2,1,5,0,0,0,0,true,,false,false,false,false,false,,,,,,false,false,false,,,false,false,false,false,false,-83.19525,42.37908,"{
  ""coordinates"": [
    -8.319525517200000e+01,
    4.237907621600000e+01
  ],
  ""type"": ""Point""
}","{
  ""coordinates"": [
    -83.195255172,
    42.379076216
  ],
  ""type"": ""Point""
}",-83.195255172,42.379076216
4063,9848403,I-94,JOHN R,2016-10-30,30,10,2016,9,1,8,1,,1,0,,2,4,1,55,3,3,3,3,0,0,1,1,false,,false,false,false,false,false,,,,,,false,false,true,,,false,false,false,false,false,-83.06528,42.36547,"{
  ""coordinates"": [
    -8.306528304900000e+01,
    4.236547264600010e+01
  ],
  ""type"": ""Point""
}","{
  ""coordinates"": [
    -83.065283049,
    42.365472646
  ],
  ""type"": ""Point""
}",-83.065283049,42.3654726460001
4064,9842165,N M 39 SERVICE DRIVE,JOY,2016-10-30,30,10,2016,20,1,1,9,,4,1,,1,1,4,0,1,1,2,4,0,0,0,1,false,,false,false,false,false,false,,,,,,false,true,false,,,false,false,false,false,false,-83.21606,42.35784,"{
  ""coordinates"": [
    -8.321606370700000e+01,
    4.235783986400000e+01
  ],
  ""type"": ""Point""
}","{
  ""coordinates"": [
    -83.216063707,
    42.357839864
  ],
  ""type"": ""Point""
}",-83.216063707,42.357839864
4065,9842186,PURITAN,MENDOTA,2016-10-30,30,10,2016,1,1,1,9,,4,1,,1,1,4,30,4,1,1,4,0,0,0,1,false,,false,false,false,false,false,,,,,,false,false,false,,,false,false,false,false,false,-83.16625,42.4096,"{
  ""coordinates"": [
    -8.316625345599989e+01,
    4.240959459100000e+01
  ],
  ""type"": ""Point""
}","{
  ""coordinates"": [
    -83.166253456,
    42.409594591
  ],
  ""type"": ""Point""
}",-83.1662534559999,42.409594591
4066,9840959,FALCON,LAWNDALE,2016-10-30,30,10,2016,10,1,98,9,,,3,,98,98,98,0,2,2,0,5,0,0,0,0,true,,false,false,true,false,false,,,,,,false,false,false,,,false,false,false,false,false,-83.12915,42.3043,"{
  ""coordinates"": [
    -8.312914692699999e+01,
    4.230430293700000e+01
  ],
  ""type"": ""Point""
}","{
  ""coordinates"": [
    -83.129146927,
    42.304302937
  ],
  ""type"": ""Point""
}",-83.129146927,42.304302937
4067,9840973,HARDING,GOETHE,2016-10-30,30,10,2016,16,1,5,9,,,0,,1,2,1,25,2,2,1,5,0,0,0,0,true,,false,false,true,false,false,,,,,,false,false,false,,,false,false,false,false,false,-82.98354,42.37357,"{
  ""coordinates"": [
    -8.298353596800000e+01,
    4.237357078300000e+01
  ],
  ""type"": ""Point""
}","{
  ""coordinates"": [
    -82.983535968,
    42.373570783
  ],
  ""type"": ""Point""
}",-82.983535968,42.373570783
4068,9882867,MURRAY HILL,MCNICHOLS,2016-10-29,29,10,2016,0,7,10,9,,,0,,1,1,4,25,2,2,1,5,0,0,0,0,true,,false,false,false,false,false,,,,,,false,false,false,,,false,false,false,false,false,-83.20794,42.41538,"{
  ""coordinates"": [
    -8.320794179200000e+01,
    4.241537732100010e+01
  ],
  ""type"": ""Point""
}","{
  ""coordinates"": [
    -83.207941792,
    42.415377321
  ],
  ""type"": ""Point""
}",-83.207941792,42.4153773210001
4069,9848399,I-94,GRATIOT,2016-10-29,29,10,2016,15,7,5,1,,1,0,,1,2,1,55,3,2,2,5,0,0,0,0,true,,false,false,false,false,false,,,,,,false,false,false,,,false,false,false,false,false,-83.00157,42.39207,"{
  ""coordinates"": [
    -8.300157201800000e+01,
    4.239206764700000e+01
  ],
  ""type"": ""Point""
}","{
  ""coordinates"": [
    -83.001572018,
    42.392067647
  ],
  ""type"": ""Point""
}",-83.001572018,42.392067647
4070,9843325,7 MILE,SHERWOOD,2016-10-29,29,10,2016,3,7,5,9,,4,0,,1,1,1,0,2,2,3,5,0,0,0,0,true,,false,false,false,false,false,,,,,,false,false,false,,,false,false,false,false,false,-83.03403,42.43377,"{
  ""coordinates"": [
    -8.303403733200000e+01,
    4.243376701100000e+01
  ],
  ""type"": ""Point""
}","{
  ""coordinates"": [
    -83.034037332,
    42.433767011
  ],
  ""type"": ""Point""
}",-83.034037332,42.433767011
4071,9848383,I-94,I-96,2016-10-29,29,10,2016,6,7,1,1,,1,1,,1,1,5,55,3,1,1,4,0,0,0,1,false,,false,false,false,false,false,,,,,,false,false,true,,,false,false,false,false,false,-83.09727,42.35081,"{
  ""coordinates"": [
    -8.309727108600001e+01,
    4.235080834200010e+01
  ],
  ""type"": ""Point""
}","{
  ""coordinates"": [
    -83.097271086,
    42.350808342
  ],
  ""type"": ""Point""
}",-83.097271086,42.3508083420001
4072,9839761,EVERGREEN,CAMBRIDGE,2016-10-29,29,10,2016,2,7,2,9,,4,2,,1,1,4,30,2,2,1,5,0,0,0,0,true,,false,false,true,false,false,,,,,,false,false,true,,,false,false,false,false,false,-83.23891,42.43133,"{
  ""coordinates"": [
    -8.323891340400000e+01,
    4.243132783300010e+01
  ],
  ""type"": ""Point""
}","{
  ""coordinates"": [
    -83.238913404,
    42.431327833
  ],
  ""type"": ""Point""
}",-83.238913404,42.4313278330001
4073,9840951,WOODWARD,SELDEN,2016-10-29,29,10,2016,21,7,8,3,,1,0,,1,1,4,30,4,2,3,5,0,0,0,0,true,,false,false,false,false,false,,,,,,false,false,false,,,false,false,false,false,false,-83.05932,42.34953,"{
  ""coordinates"": [
    -8.305931583300000e+01,
    4.234953463900010e+01
  ],
  ""type"": ""Point""
}","{
  ""coordinates"": [
    -83.059315833,
    42.349534639
  ],
  ""type"": ""Point""
}",-83.059315833,42.3495346390001
4074,9839697,PILGRIM,MENDOTA,2016-10-29,29,10,2016,0,7,5,9,,,0,,1,1,4,25,1,2,0,5,0,0,0,0,true,,false,false,true,false,false,,,,,,false,false,false,,,false,false,false,false,false,-83.1657,42.40774,"{
  ""coordinates"": [
    -8.316570260600000e+01,
    4.240774332400010e+01
  ],
  ""type"": ""Point""
}","{
  ""coordinates"": [
    -83.165702606,
    42.407743324
  ],
  ""type"": ""Point""
}",-83.165702606,42.4077433240001
4075,9839759,8 MILE,BILTMORE,2016-10-29,29,10,2016,12,7,5,3,,1,0,,1,1,1,45,4,3,5,4,0,0,0,2,false,,false,false,false,false,false,,,,,,false,false,false,,,false,false,false,false,false,-83.21284,42.44434,"{
  ""coordinates"": [
    -8.321283757399991e+01,
    4.244434444700000e+01
  ],
  ""type"": ""Point""
}","{
  ""coordinates"": [
    -83.212837574,
    42.444344447
  ],
  ""type"": ""Point""
}",-83.2128375739999,42.444344447
4076,9842179,8 MILE,CHRYSLER,2016-10-29,29,10,2016,2,7,4,3,,1,0,,1,1,4,40,4,2,1,5,0,0,0,0,true,,true,true,true,false,false,,,,,,false,false,true,,,false,false,false,false,false,-83.09461,42.4468,"{
  ""coordinates"": [
    -8.309460970299990e+01,
    4.244680280700000e+01
  ],
  ""type"": ""Point""
}","{
  ""coordinates"": [
    -83.094609703,
    42.446802807
  ],
  ""type"": ""Point""
}",-83.0946097029999,42.446802807
4077,9839708,S I 75 SERVICE DRIVE,CLIFFORD,2016-10-29,29,10,2016,0,7,5,9,,4,0,,1,1,4,30,2,2,7,5,0,0,0,0,true,,false,false,false,false,false,,,,,,false,false,false,,,false,false,false,false,false,-83.05636,42.33872,"{
  ""coordinates"": [
    -8.305635538400000e+01,
    4.233871983200000e+01
  ],
  ""type"": ""Point""
}","{
  ""coordinates"": [
    -83.056355384,
    42.338719832
  ],
  ""type"": ""Point""
}",-83.056355384,42.338719832
4078,9840970,CADILLAC,GOETHE,2016-10-29,29,10,2016,23,7,8,9,,4,0,,2,4,5,35,2,2,1,5,0,0,0,0,true,,false,false,true,false,false,,,,,,false,false,false,,,false,false,false,false,false,-82.98943,42.37165,"{
  ""coordinates"": [
    -8.298942677299991e+01,
    4.237164887400010e+01
  ],
  ""type"": ""Point""
}","{
  ""coordinates"": [
    -82.989426773,
    42.371648874
  ],
  ""type"": ""Point""
}",-82.9894267729999,42.3716488740001
4079,9917276,CONNER,GRATIOT,2016-10-29,29,10,2016,4,7,4,3,,4,0,,1,1,1,30,2,2,3,4,0,0,0,1,false,,false,false,false,false,false,,,,,,false,false,true,,,false,false,false,false,false,-82.99747,42.40489,"{
  ""coordinates"": [
    -8.299746765099999e+01,
    4.240488682500010e+01
  ],
  ""type"": ""Point""
}","{
  ""coordinates"": [
    -82.997467651,
    42.404886825
  ],
  ""type"": ""Point""
}",-82.997467651,42.4048868250001
4080,9839764,GRAND RIVER,GLASTONBURY,2016-10-29,29,10,2016,5,7,1,3,,1,0,,1,1,4,35,6,1,2,5,0,0,0,0,true,,false,false,true,false,false,,,,,,false,false,true,,,false,false,false,false,false,-83.22497,42.40339,"{
  ""coordinates"": [
    -8.322497040400000e+01,
    4.240338882700010e+01
  ],
  ""type"": ""Point""
}","{
  ""coordinates"": [
    -83.224970404,
    42.403388827
  ],
  ""type"": ""Point""
}",-83.224970404,42.4033888270001
4081,9840955,SPRINGWELLS,GARTNER,2016-10-29,29,10,2016,12,7,5,9,,4,0,,1,1,1,25,4,2,1,5,0,0,0,0,true,,false,false,false,false,false,,,,,,false,false,true,,,false,false,false,false,false,-83.12523,42.30869,"{
  ""coordinates"": [
    -8.312523117099990e+01,
    4.230868915500000e+01
  ],
  ""type"": ""Point""
}","{
  ""coordinates"": [
    -83.125231171,
    42.308689155
  ],
  ""type"": ""Point""
}",-83.1252311709999,42.308689155
4082,9839725,BLUEHILL,HARPER,2016-10-29,29,10,2016,4,7,1,9,,,0,,1,1,5,30,2,1,1,5,0,0,0,0,true,,false,false,false,false,false,,,,,,false,false,true,,,false,false,false,false,false,-82.93488,42.41724,"{
  ""coordinates"": [
    -8.293487912099990e+01,
    4.241724308500010e+01
  ],
  ""type"": ""Point""
}","{
  ""coordinates"": [
    -82.934879121,
    42.417243085
  ],
  ""type"": ""Point""
}",-82.9348791209999,42.4172430850001
4083,9841006,BAGLEY,3RD,2016-10-29,29,10,2016,21,7,8,9,,4,0,,1,2,4,25,5,2,2,5,0,0,0,0,true,,false,false,false,false,false,,,,,,false,false,false,,,false,false,false,false,false,-83.05821,42.33216,"{
  ""coordinates"": [
    -8.305821312400001e+01,
    4.233215955700010e+01
  ],
  ""type"": ""Point""
}","{
  ""coordinates"": [
    -83.058213124,
    42.332159557
  ],
  ""type"": ""Point""
}",-83.058213124,42.3321595570001
4084,9878112,NB M-39,MCNICHOLS,2016-10-29,29,10,2016,0,7,5,3,,1,0,,1,1,4,55,3,2,2,3,0,0,1,0,false,,false,false,false,false,false,,,,,,false,false,true,,,false,false,false,false,false,-83.21873,42.41693,"{
  ""coordinates"": [
    -8.321873023099990e+01,
    4.241693645600000e+01
  ],
  ""type"": ""Point""
}","{
  ""coordinates"": [
    -83.218730231,
    42.416936456
  ],
  ""type"": ""Point""
}",-83.2187302309999,42.416936456
4085,9851726,JEFFERSON,CONNER,2016-10-29,29,10,2016,13,7,4,9,,4,0,,1,2,1,35,7,2,4,5,0,0,0,0,true,,false,false,true,false,false,,,,,,false,false,false,,,false,false,false,false,false,-82.95927,42.36996,"{
  ""coordinates"": [
    -8.295926716699999e+01,
    4.236996128700010e+01
  ],
  ""type"": ""Point""
}","{
  ""coordinates"": [
    -82.959267167,
    42.369961287
  ],
  ""type"": ""Point""
}",-82.959267167,42.3699612870001
4086,9839796,7 MILE,EUREKA,2016-10-29,29,10,2016,13,7,4,9,,4,0,,1,1,1,35,2,2,2,5,0,0,0,0,true,,false,false,false,false,false,,,,,,false,false,true,,,false,false,false,false,false,-83.05744,42.43325,"{
  ""coordinates"": [
    -8.305743982000000e+01,
    4.243325348500010e+01
  ],
  ""type"": ""Point""
}","{
  ""coordinates"": [
    -83.05743982,
    42.433253485
  ],
  ""type"": ""Point""
}",-83.05743982,42.4332534850001
4087,9840984,ROSEMARY,CHALMERS,2016-10-29,29,10,2016,20,7,8,9,,,0,,1,1,4,25,2,2,0,5,0,0,0,0,true,,false,false,true,false,false,,,,,,false,false,false,,,false,false,false,false,false,-82.97164,42.41586,"{
  ""coordinates"": [
    -8.297164157600000e+01,
    4.241585954700000e+01
  ],
  ""type"": ""Point""
}","{
  ""coordinates"": [
    -82.971641576,
    42.415859547
  ],
  ""type"": ""Point""
}",-82.971641576,42.415859547
4088,9840978,CENTRAL,LAFAYETTE,2016-10-29,29,10,2016,12,7,4,9,,4,0,,1,1,1,25,4,2,3,5,0,0,0,0,true,,false,false,false,false,false,,,,,,false,false,true,,,false,false,false,false,false,-83.11845,42.30387,"{
  ""coordinates"": [
    -8.311844405700000e+01,
    4.230386819300000e+01
  ],
  ""type"": ""Point""
}","{
  ""coordinates"": [
    -83.118444057,
    42.303868193
  ],
  ""type"": ""Point""
}",-83.118444057,42.303868193
4089,9882883,SUSSEX,7 MILE,2016-10-29,29,10,2016,22,7,8,9,,,3,,1,1,4,25,1,2,1,5,0,0,0,0,true,,false,false,true,false,false,,,,,,false,false,true,,,false,false,false,false,false,-83.19617,42.43024,"{
  ""coordinates"": [
    -8.319617409599989e+01,
    4.243023954100000e+01
  ],
  ""type"": ""Point""
}","{
  ""coordinates"": [
    -83.196174096,
    42.430239541
  ],
  ""type"": ""Point""
}",-83.1961740959999,42.430239541
4090,9840944,M-10,JEFFERSON,2016-10-29,29,10,2016,0,7,8,3,,1,0,,1,2,4,55,2,2,2,5,0,0,0,0,true,,false,false,false,false,false,,,,,,false,false,false,,,false,false,false,false,false,-83.04717,42.32761,"{
  ""coordinates"": [
    -8.304716881199990e+01,
    4.232760896300000e+01
  ],
  ""type"": ""Point""
}","{
  ""coordinates"": [
    -83.047168812,
    42.327608963
  ],
  ""type"": ""Point""
}",-83.0471688119999,42.327608963
4091,9848409,WOODWARD,ELIZABETH,2016-10-29,29,10,2016,16,7,97,3,,1,0,,1,1,1,35,2,1,2,5,0,0,0,0,true,,false,false,true,false,false,,,,,,false,false,true,,,false,false,false,false,false,-83.05132,42.33765,"{
  ""coordinates"": [
    -8.305132068200000e+01,
    4.233765147000000e+01
  ],
  ""type"": ""Point""
}","{
  ""coordinates"": [
    -83.051320682,
    42.33765147
  ],
  ""type"": ""Point""
}",-83.051320682,42.33765147
4092,9840949,I 94 W/B,I 96,2016-10-29,29,10,2016,20,7,5,1,,1,0,,1,1,4,55,2,2,2,5,0,0,0,0,true,,false,false,false,false,false,,,,,,false,false,true,,,false,false,false,false,false,-83.10383,42.34874,"{
  ""coordinates"": [
    -8.310382811999990e+01,
    4.234874335700000e+01
  ],
  ""type"": ""Point""
}","{
  ""coordinates"": [
    -83.10382812,
    42.348743357
  ],
  ""type"": ""Point""
}",-83.1038281199999,42.348743357
4093,9869328,CONANT,FREDRO,2016-10-29,29,10,2016,10,7,4,9,,4,0,,1,1,1,30,2,2,2,4,0,0,0,1,false,,false,false,false,false,false,,,,,,false,true,false,,,false,false,true,false,false,-83.05717,42.40913,"{
  ""coordinates"": [
    -8.305716731000000e+01,
    4.240913573100000e+01
  ],
  ""type"": ""Point""
}","{
  ""coordinates"": [
    -83.05716731,
    42.409135731
  ],
  ""type"": ""Point""
}",-83.05716731,42.409135731
4094,9839758,7 MILE,PATTON,2016-10-29,29,10,2016,11,7,8,9,,2,0,,1,1,1,35,4,2,3,5,0,0,0,0,true,,false,false,false,false,false,,,,,,false,true,false,,,false,false,false,false,false,-83.2454,42.42941,"{
  ""coordinates"": [
    -8.324540009099999e+01,
    4.242941366100010e+01
  ],
  ""type"": ""Point""
}","{
  ""coordinates"": [
    -83.245400091,
    42.429413661
  ],
  ""type"": ""Point""
}",-83.245400091,42.4294136610001
4095,9848397,I-94,CONNER,2016-10-29,29,10,2016,14,7,1,1,,1,0,,1,2,1,55,3,1,1,5,0,0,0,0,true,,false,false,false,false,false,,,,,,false,false,false,,,false,false,false,false,false,-82.98112,42.39941,"{
  ""coordinates"": [
    -8.298112248000000e+01,
    4.239940956900010e+01
  ],
  ""type"": ""Point""
}","{
  ""coordinates"": [
    -82.98112248,
    42.399409569
  ],
  ""type"": ""Point""
}",-82.98112248,42.3994095690001
4096,9848410,GRISWALD,MICHIGAN,2016-10-29,29,10,2016,22,7,5,9,,4,0,,1,1,1,35,2,2,2,5,0,0,0,0,true,,false,false,false,false,false,,,,,,false,false,false,,,false,false,false,false,false,-83.04824,42.33165,"{
  ""coordinates"": [
    -8.304824047400000e+01,
    4.233165111400010e+01
  ],
  ""type"": ""Point""
}","{
  ""coordinates"": [
    -83.048240474,
    42.331651114
  ],
  ""type"": ""Point""
}",-83.048240474,42.3316511140001
4097,9896391,JEFFERSON,ST AUBIN,2016-10-29,29,10,2016,9,7,5,9,,4,0,,1,1,1,35,7,2,2,5,0,0,0,0,true,,false,false,true,false,false,,,,,,false,true,false,,,false,false,false,false,false,-83.02748,42.33615,"{
  ""coordinates"": [
    -8.302748221300000e+01,
    4.233615307800010e+01
  ],
  ""type"": ""Point""
}","{
  ""coordinates"": [
    -83.027482213,
    42.336153078
  ],
  ""type"": ""Point""
}",-83.027482213,42.3361530780001
4098,9839756,SEVEN MILE,HARLOWE,2016-10-29,29,10,2016,12,7,4,9,,2,0,,1,1,1,35,2,2,2,5,0,0,0,0,true,,false,false,false,false,false,,,,,,false,false,false,,,false,false,false,false,false,-83.21611,42.4301,"{
  ""coordinates"": [
    -8.321610901500000e+01,
    4.243010243700010e+01
  ],
  ""type"": ""Point""
}","{
  ""coordinates"": [
    -83.216109015,
    42.430102437
  ],
  ""type"": ""Point""
}",-83.216109015,42.4301024370001
4099,9840991,WYOMING,SCHOOLCRAFT,2016-10-29,29,10,2016,19,7,8,9,,4,0,,1,1,2,35,2,2,2,5,0,0,0,0,true,,false,false,true,false,false,,,,,,false,false,false,,,false,false,false,false,false,-83.15907,42.3887,"{
  ""coordinates"": [
    -8.315907158999990e+01,
    4.238870172900000e+01
  ],
  ""type"": ""Point""
}","{
  ""coordinates"": [
    -83.15907159,
    42.388701729
  ],
  ""type"": ""Point""
}",-83.1590715899999,42.388701729
4100,9842159,CLIFORD,ADAMS,2016-10-29,29,10,2016,22,7,97,9,,4,0,,1,1,4,0,4,2,2,5,0,0,0,0,true,,false,false,false,false,false,,,,,,false,false,false,,,false,false,false,false,false,-83.05381,42.33574,"{
  ""coordinates"": [
    -8.305380940600000e+01,
    4.233573989400000e+01
  ],
  ""type"": ""Point""
}","{
  ""coordinates"": [
    -83.053809406,
    42.335739894
  ],
  ""type"": ""Point""
}",-83.053809406,42.335739894
4101,9844470,LAFAYETTE,ORLEANS,2016-10-29,29,10,2016,23,7,97,9,,4,0,,1,1,4,30,2,2,2,5,0,0,0,0,true,,false,false,true,false,false,,,,,,false,false,false,,,false,false,false,false,false,-83.03064,42.33874,"{
  ""coordinates"": [
    -8.303063833399990e+01,
    4.233874252000000e+01
  ],
  ""type"": ""Point""
}","{
  ""coordinates"": [
    -83.030638334,
    42.33874252
  ],
  ""type"": ""Point""
}",-83.0306383339999,42.33874252
4102,9848472,SOUTHFIELD SERVICE DRIVE,GRAND RIVER,2016-10-29,29,10,2016,13,7,6,3,,4,0,,1,1,1,35,3,2,2,5,0,0,0,0,true,,false,false,false,false,false,,,,,,false,false,false,,,false,false,false,false,false,-83.21798,42.40055,"{
  ""coordinates"": [
    -8.321798040899991e+01,
    4.240054909500000e+01
  ],
  ""type"": ""Point""
}","{
  ""coordinates"": [
    -83.217980409,
    42.400549095
  ],
  ""type"": ""Point""
}",-83.2179804089999,42.400549095