ObjectId,Crash ID,Primary Road,Intersecting Road,Crash Date,Day,Month,Year,Hour,Weekday,Crash Type Code,Highway Classification Code,Community Code,Jurisdiction Code,Lane Departure Type Code,Surface Type,Road Condition,Weather Condition,Lighting Condition,Speed Limit,Lanes,Units,Occupants,Most Severe Injury,Fatal Injuries,Suspected Serious Injuries,Suspected Minor Injuries,Possible Injuries,Property Damage Only,Secondary Crash,Traffic Control,Red Light Run,Hit and Run,Alcohol,Drugs,Unbelted Person,Work Zone,Speeding Driver,Distracted Driver,Driveway,Pedestrian,Elderly Driver,Young Driver,Commercial Vehicle,Emergency Vehicles,Train,School Bus,Motorcycle,Bicycle,Deer,Longitude,Latitude,geom,geog,x,y
4160,9838372,VERNOR,MCKINSTRY,2016-10-28,28,10,2016,3,6,1,9,,4,0,,1,1,4,35,4,1,2,3,0,0,1,0,false,,false,false,false,false,false,,,,,,false,false,true,,,false,false,false,false,false,-83.09781,42.31947,"{
  ""coordinates"": [
    -8.309781142700000e+01,
    4.231946653700000e+01
  ],
  ""type"": ""Point""
}","{
  ""coordinates"": [
    -83.097811427,
    42.319466537
  ],
  ""type"": ""Point""
}",-83.097811427,42.319466537
4161,9839732,CHATHAM,CHICAGO,2016-10-28,28,10,2016,16,6,9,9,,,0,,1,1,1,35,2,2,1,5,0,0,0,0,true,,false,false,true,false,false,,,,,,false,false,false,,,false,false,false,false,false,-83.26194,42.36438,"{
  ""coordinates"": [
    -8.326193830800000e+01,
    4.236438082800000e+01
  ],
  ""type"": ""Point""
}","{
  ""coordinates"": [
    -83.261938308,
    42.364380828
  ],
  ""type"": ""Point""
}",-83.261938308,42.364380828
4162,9839739,GRATIOT,ARNDT,2016-10-28,28,10,2016,13,6,98,3,,1,0,,1,1,1,0,6,2,3,3,0,0,2,1,false,,false,false,false,false,false,,,,,,false,true,false,,,false,false,false,false,false,-83.03191,42.35268,"{
  ""coordinates"": [
    -8.303191048600000e+01,
    4.235268123200010e+01
  ],
  ""type"": ""Point""
}","{
  ""coordinates"": [
    -83.031910486,
    42.352681232
  ],
  ""type"": ""Point""
}",-83.031910486,42.3526812320001
4163,9840953,BAGLEY,21ST,2016-10-28,28,10,2016,16,6,97,9,,4,0,,1,1,1,25,2,2,2,5,0,0,0,0,true,,false,false,false,false,false,,,,,,false,false,false,,,false,false,false,false,false,-83.08134,42.3244,"{
  ""coordinates"": [
    -8.308134165300000e+01,
    4.232440316800010e+01
  ],
  ""type"": ""Point""
}","{
  ""coordinates"": [
    -83.081341653,
    42.324403168
  ],
  ""type"": ""Point""
}",-83.081341653,42.3244031680001
4164,9840946,I-75,MCNICHOLS,2016-10-28,28,10,2016,19,6,5,1,,1,0,,1,1,4,70,4,4,7,5,0,0,0,0,true,,false,false,false,false,false,,,,,,false,true,false,,,false,false,false,false,false,-83.08794,42.41847,"{
  ""coordinates"": [
    -8.308793546200000e+01,
    4.241847028200000e+01
  ],
  ""type"": ""Point""
}","{
  ""coordinates"": [
    -83.087935462,
    42.418470282
  ],
  ""type"": ""Point""
}",-83.087935462,42.418470282
4165,9840958,PINE,WASBASH,2016-10-28,28,10,2016,19,6,8,9,,,3,,1,1,4,30,4,2,0,5,0,0,0,0,true,,false,false,true,false,false,,,,,,false,false,false,,,false,false,false,false,false,-83.07645,42.33344,"{
  ""coordinates"": [
    -8.307645657599990e+01,
    4.233343986400010e+01
  ],
  ""type"": ""Point""
}","{
  ""coordinates"": [
    -83.076456576,
    42.333439864
  ],
  ""type"": ""Point""
}",-83.0764565759999,42.3334398640001
4166,9839767,GRATIOT,CONNER,2016-10-28,28,10,2016,10,6,9,3,,1,2,,1,1,1,35,7,2,2,5,0,0,0,0,true,,false,false,false,false,false,,,,,,false,false,true,,,false,false,false,false,false,-82.99737,42.40511,"{
  ""coordinates"": [
    -8.299736591399990e+01,
    4.240510398900010e+01
  ],
  ""type"": ""Point""
}","{
  ""coordinates"": [
    -82.997365914,
    42.405103989
  ],
  ""type"": ""Point""
}",-82.9973659139999,42.4051039890001
4167,9931603,HERSHEY,7 MILE,2016-10-28,28,10,2016,15,6,8,9,,,0,,1,1,1,25,2,2,1,5,0,0,0,0,true,,false,false,false,false,false,,,,,,false,false,false,,,false,false,false,false,false,-83.11118,42.43301,"{
  ""coordinates"": [
    -8.311117749700000e+01,
    4.243301186100010e+01
  ],
  ""type"": ""Point""
}","{
  ""coordinates"": [
    -83.111177497,
    42.433011861
  ],
  ""type"": ""Point""
}",-83.111177497,42.4330118610001
4168,9841012,BRUSH,FREDERICK,2016-10-28,28,10,2016,8,6,6,9,,4,0,,1,1,1,25,3,2,2,5,0,0,0,0,true,,false,false,false,false,false,,,,,,false,false,true,,,false,false,false,false,false,-83.06185,42.36171,"{
  ""coordinates"": [
    -8.306185087900000e+01,
    4.236170410300010e+01
  ],
  ""type"": ""Point""
}","{
  ""coordinates"": [
    -83.061850879,
    42.361704103
  ],
  ""type"": ""Point""
}",-83.061850879,42.3617041030001
4169,9839783,PETOSKEY,KEELER,2016-10-28,28,10,2016,16,6,97,9,,,0,,1,98,98,25,2,2,2,5,0,0,0,0,true,,false,false,false,false,false,,,,,,false,false,false,,,false,false,false,false,false,-83.13919,42.40417,"{
  ""coordinates"": [
    -8.313918828999989e+01,
    4.240416552200000e+01
  ],
  ""type"": ""Point""
}","{
  ""coordinates"": [
    -83.13918829,
    42.404165522
  ],
  ""type"": ""Point""
}",-83.1391882899999,42.404165522
4170,9839733,SOUTHFIELD SERVICE DRIVE,GRAND RIVER,2016-10-28,28,10,2016,20,6,4,3,,4,0,,1,1,4,25,2,2,2,5,0,0,0,0,true,,false,false,false,false,false,,,,,,false,false,false,,,false,false,false,false,false,-83.21797,42.40038,"{
  ""coordinates"": [
    -8.321797549800000e+01,
    4.240037568400000e+01
  ],
  ""type"": ""Point""
}","{
  ""coordinates"": [
    -83.217975498,
    42.400375684
  ],
  ""type"": ""Point""
}",-83.217975498,42.400375684
4171,9848377,I 75,6 MILE,2016-10-28,28,10,2016,10,6,1,1,,1,1,,1,1,1,55,3,1,1,4,0,0,0,1,false,,false,false,false,false,false,,,,,,false,false,false,,,false,false,false,false,false,-83.08971,42.42056,"{
  ""coordinates"": [
    -8.308971380900000e+01,
    4.242056168400010e+01
  ],
  ""type"": ""Point""
}","{
  ""coordinates"": [
    -83.089713809,
    42.420561684
  ],
  ""type"": ""Point""
}",-83.089713809,42.4205616840001
4172,9842177,GREENLAWN,FULLERTON,2016-10-28,28,10,2016,1,6,97,9,,,0,,1,1,1,25,2,2,1,5,0,0,0,0,true,,false,false,true,false,false,,,,,,false,false,false,,,false,false,false,false,false,-83.14956,42.38094,"{
  ""coordinates"": [
    -8.314955661700000e+01,
    4.238094243800000e+01
  ],
  ""type"": ""Point""
}","{
  ""coordinates"": [
    -83.149556617,
    42.380942438
  ],
  ""type"": ""Point""
}",-83.149556617,42.380942438
4173,9839721,MACK,COURVILLE,2016-10-28,28,10,2016,12,6,5,9,,2,0,,1,1,1,30,5,3,2,5,0,0,0,0,true,,false,false,false,false,false,,,,,,false,false,false,,,false,false,false,false,false,-82.93169,42.39114,"{
  ""coordinates"": [
    -8.293169700500000e+01,
    4.239114390900000e+01
  ],
  ""type"": ""Point""
}","{
  ""coordinates"": [
    -82.931697005,
    42.391143909
  ],
  ""type"": ""Point""
}",-82.931697005,42.391143909
4174,9858387,M-39,LYNDON,2016-10-28,28,10,2016,7,6,5,3,,1,0,,1,1,2,55,3,3,3,4,0,0,0,1,false,,false,false,false,false,false,,,,,,false,false,true,,,false,false,false,false,false,-83.21783,42.39252,"{
  ""coordinates"": [
    -8.321782948600000e+01,
    4.239251861100010e+01
  ],
  ""type"": ""Point""
}","{
  ""coordinates"": [
    -83.217829486,
    42.392518611
  ],
  ""type"": ""Point""
}",-83.217829486,42.3925186110001
4175,9840992,DEXTER,LESLIE,2016-10-28,28,10,2016,9,6,4,9,,4,0,,1,1,1,30,2,2,3,5,0,0,0,0,true,,true,false,false,false,false,,,,,,false,false,true,,,false,false,false,false,false,-83.12839,42.38606,"{
  ""coordinates"": [
    -8.312838904900001e+01,
    4.238606274000010e+01
  ],
  ""type"": ""Point""
}","{
  ""coordinates"": [
    -83.128389049,
    42.38606274
  ],
  ""type"": ""Point""
}",-83.128389049,42.3860627400001
4176,9840945,I-94,14TH,2016-10-28,28,10,2016,18,6,5,1,,1,0,,1,1,3,55,3,3,3,5,0,0,0,0,true,,false,false,false,false,false,,,,,,false,false,false,,,false,false,false,false,false,-83.08973,42.35319,"{
  ""coordinates"": [
    -8.308972669699990e+01,
    4.235319271800010e+01
  ],
  ""type"": ""Point""
}","{
  ""coordinates"": [
    -83.089726697,
    42.353192718
  ],
  ""type"": ""Point""
}",-83.0897266969999,42.3531927180001
4177,9839760,GREENFIELD,LYNDON,2016-10-28,28,10,2016,20,6,4,9,,2,0,,1,1,5,35,4,2,2,5,0,0,0,0,true,,true,true,false,false,false,,,,,,false,false,false,,,false,false,false,false,false,-83.1984,42.394,"{
  ""coordinates"": [
    -8.319840286899991e+01,
    4.239399675500000e+01
  ],
  ""type"": ""Point""
}","{
  ""coordinates"": [
    -83.198402869,
    42.393996755
  ],
  ""type"": ""Point""
}",-83.1984028689999,42.393996755
4178,9842146,MARLOWE,KEELER,2016-10-28,28,10,2016,3,6,8,9,,,0,,1,1,4,25,2,2,1,4,0,0,0,3,false,,false,false,true,false,false,,,,,,false,false,false,,,false,false,false,false,false,-83.19016,42.40361,"{
  ""coordinates"": [
    -8.319015475899990e+01,
    4.240361424900000e+01
  ],
  ""type"": ""Point""
}","{
  ""coordinates"": [
    -83.190154759,
    42.403614249
  ],
  ""type"": ""Point""
}",-83.1901547589999,42.403614249
4179,9839740,WILKINS,RUSSELL,2016-10-28,28,10,2016,13,6,8,9,,,0,,1,1,1,35,2,2,1,5,0,0,0,0,true,,false,false,true,false,false,,,,,,false,true,false,,,false,false,false,false,false,-83.04238,42.34922,"{
  ""coordinates"": [
    -8.304237754199990e+01,
    4.234921985800000e+01
  ],
  ""type"": ""Point""
}","{
  ""coordinates"": [
    -83.042377542,
    42.349219858
  ],
  ""type"": ""Point""
}",-83.0423775419999,42.349219858
4180,9839742,SEMINOLE,LAMBERT,2016-10-28,28,10,2016,12,6,97,9,,,0,,1,1,1,25,1,2,1,5,0,0,0,0,true,,false,false,false,false,false,,,,,,false,false,false,,,false,false,false,false,false,-83.01604,42.38594,"{
  ""coordinates"": [
    -8.301604184999999e+01,
    4.238594333000000e+01
  ],
  ""type"": ""Point""
}","{
  ""coordinates"": [
    -83.01604185,
    42.38594333
  ],
  ""type"": ""Point""
}",-83.01604185,42.38594333
4181,9839706,BRUSH,PIQUETTE,2016-10-28,28,10,2016,15,6,1,9,,4,1,,1,1,1,25,1,1,2,5,0,0,0,0,true,,false,false,false,false,false,,,,,,false,false,false,,,false,false,false,false,false,-83.06651,42.36873,"{
  ""coordinates"": [
    -8.306650249800001e+01,
    4.236873134200000e+01
  ],
  ""type"": ""Point""
}","{
  ""coordinates"": [
    -83.066502498,
    42.368731342
  ],
  ""type"": ""Point""
}",-83.066502498,42.368731342
4182,9842188,PARSONS,CASS,2016-10-28,28,10,2016,15,6,8,9,,,0,,1,1,1,25,2,2,1,4,0,0,0,1,false,,false,false,false,false,false,,,,,,false,false,false,,,false,false,false,false,false,-83.06121,42.34745,"{
  ""coordinates"": [
    -8.306121036699990e+01,
    4.234745326400010e+01
  ],
  ""type"": ""Point""
}","{
  ""coordinates"": [
    -83.061210367,
    42.347453264
  ],
  ""type"": ""Point""
}",-83.0612103669999,42.3474532640001
4183,9839802,7 MILE,MANOR,2016-10-28,28,10,2016,11,6,8,9,,2,0,,1,1,1,35,2,2,2,5,0,0,0,0,true,,false,false,true,false,false,,,,,,false,false,false,,,false,false,false,false,false,-83.17012,42.43125,"{
  ""coordinates"": [
    -8.317012204100000e+01,
    4.243125078600010e+01
  ],
  ""type"": ""Point""
}","{
  ""coordinates"": [
    -83.170122041,
    42.431250786
  ],
  ""type"": ""Point""
}",-83.170122041,42.4312507860001
4184,9843308,JOY,BRACE,2016-10-28,28,10,2016,17,6,5,9,,2,0,,1,1,3,35,2,2,1,5,0,0,0,0,true,,false,false,false,false,false,,,,,,false,false,false,,,false,false,false,false,false,-83.22398,42.35774,"{
  ""coordinates"": [
    -8.322398739200000e+01,
    4.235773778100000e+01
  ],
  ""type"": ""Point""
}","{
  ""coordinates"": [
    -83.223987392,
    42.357737781
  ],
  ""type"": ""Point""
}",-83.223987392,42.357737781
4185,9848379,N M 39,PLYMOUTH,2016-10-28,28,10,2016,17,6,5,3,,1,0,,1,1,1,0,3,2,2,5,0,0,0,0,true,,false,false,false,false,false,,,,,,false,false,false,,,false,false,false,false,false,-83.21654,42.37138,"{
  ""coordinates"": [
    -8.321654081400000e+01,
    4.237138360700000e+01
  ],
  ""type"": ""Point""
}","{
  ""coordinates"": [
    -83.216540814,
    42.371383607
  ],
  ""type"": ""Point""
}",-83.216540814,42.371383607
4186,9858397,I-75,7 MILE,2016-10-28,28,10,2016,7,6,5,1,,1,0,,1,1,1,70,3,2,2,5,0,0,0,0,true,,false,false,false,false,false,,,,,,false,false,true,,,false,false,false,false,false,-83.09519,42.43971,"{
  ""coordinates"": [
    -8.309518949300001e+01,
    4.243971303700000e+01
  ],
  ""type"": ""Point""
}","{
  ""coordinates"": [
    -83.095189493,
    42.439713037
  ],
  ""type"": ""Point""
}",-83.095189493,42.439713037
4187,9839726,CAPITOL,BURT,2016-10-28,28,10,2016,7,6,4,9,,,0,,1,2,2,30,2,2,2,5,0,0,0,0,true,,false,false,true,false,false,,,,,,false,false,false,,,false,false,false,false,false,-83.24633,42.3763,"{
  ""coordinates"": [
    -8.324633255799991e+01,
    4.237630628600000e+01
  ],
  ""type"": ""Point""
}","{
  ""coordinates"": [
    -83.246332558,
    42.376306286
  ],
  ""type"": ""Point""
}",-83.2463325579999,42.376306286
4188,9839730,N M 39 SERVICE DRIVE,JOY,2016-10-28,28,10,2016,6,6,8,9,,4,0,,1,1,4,35,3,2,1,5,0,0,0,0,true,,false,false,true,false,false,,,,,,false,false,false,,,false,false,false,false,false,-83.21606,42.35783,"{
  ""coordinates"": [
    -8.321606364400000e+01,
    4.235782536700000e+01
  ],
  ""type"": ""Point""
}","{
  ""coordinates"": [
    -83.216063644,
    42.357825367
  ],
  ""type"": ""Point""
}",-83.216063644,42.357825367
4189,9843309,JEFFERSON,MONTCLAIR,2016-10-28,28,10,2016,14,6,4,9,,4,0,,1,1,1,35,3,2,2,5,0,0,0,0,true,,false,false,false,false,false,,,,,,false,true,false,,,false,false,false,false,false,-82.97589,42.36448,"{
  ""coordinates"": [
    -8.297589295300000e+01,
    4.236447406300000e+01
  ],
  ""type"": ""Point""
}","{
  ""coordinates"": [
    -82.975892953,
    42.364474063
  ],
  ""type"": ""Point""
}",-82.975892953,42.364474063
4190,9851606,RAMP 012A,N M 39,2016-10-28,28,10,2016,14,6,8,3,,1,0,,98,98,98,70,1,2,2,5,0,0,0,0,true,,false,false,true,false,false,,,,,,false,false,false,,,false,false,false,false,false,-83.21961,42.4397,"{
  ""coordinates"": [
    -8.321961191299989e+01,
    4.243969987000000e+01
  ],
  ""type"": ""Point""
}","{
  ""coordinates"": [
    -83.219611913,
    42.43969987
  ],
  ""type"": ""Point""
}",-83.2196119129999,42.43969987
4191,9839789,7 MILE,VAN DYKE,2016-10-28,28,10,2016,1,6,6,3,,4,0,,1,1,4,30,4,2,4,5,0,0,0,0,true,,false,false,false,false,false,,,,,,false,false,true,,,false,false,false,false,false,-83.02407,42.43397,"{
  ""coordinates"": [
    -8.302407178300000e+01,
    4.243397166900010e+01
  ],
  ""type"": ""Point""
}","{
  ""coordinates"": [
    -83.024071783,
    42.433971669
  ],
  ""type"": ""Point""
}",-83.024071783,42.4339716690001
4192,9839757,PREVOST,CURTIS,2016-10-28,28,10,2016,15,6,4,9,,,0,,1,1,1,25,2,2,5,3,0,0,3,2,false,,true,false,false,false,false,,,,,,false,false,false,,,false,false,false,false,false,-83.20378,42.42287,"{
  ""coordinates"": [
    -8.320377789100000e+01,
    4.242286700900010e+01
  ],
  ""type"": ""Point""
}","{
  ""coordinates"": [
    -83.203777891,
    42.422867009
  ],
  ""type"": ""Point""
}",-83.203777891,42.4228670090001
4193,9848509,GRAND RIVER,OUTER,2016-10-28,28,10,2016,17,6,4,3,,1,0,,1,1,1,35,6,2,2,5,0,0,0,0,true,,false,false,false,false,false,,,,,,false,false,false,,,false,false,false,false,false,-83.23264,42.40647,"{
  ""coordinates"": [
    -8.323263222900000e+01,
    4.240646782500000e+01
  ],
  ""type"": ""Point""
}","{
  ""coordinates"": [
    -83.232632229,
    42.406467825
  ],
  ""type"": ""Point""
}",-83.232632229,42.406467825
4194,9839723,MACK,DEVONSHIRE,2016-10-28,28,10,2016,16,6,3,9,,2,0,,1,1,1,30,4,2,3,4,0,0,0,1,false,,false,false,false,false,false,,,,,,false,true,false,,,false,false,false,false,false,-82.93436,42.39017,"{
  ""coordinates"": [
    -8.293435509100000e+01,
    4.239016968700000e+01
  ],
  ""type"": ""Point""
}","{
  ""coordinates"": [
    -82.934355091,
    42.390169687
  ],
  ""type"": ""Point""
}",-82.934355091,42.390169687
4195,9839699,MEYER,SHOOLCRAFT,2016-10-28,28,10,2016,17,6,5,9,,4,0,,1,2,1,30,2,2,2,5,0,0,0,0,true,,false,false,false,false,false,,,,,,false,false,true,,,false,false,false,false,false,-83.16871,42.38818,"{
  ""coordinates"": [
    -8.316870969699990e+01,
    4.238817419700010e+01
  ],
  ""type"": ""Point""
}","{
  ""coordinates"": [
    -83.168709697,
    42.388174197
  ],
  ""type"": ""Point""
}",-83.1687096969999,42.3881741970001
4196,9839724,OUTER,HERN,2016-10-28,28,10,2016,11,6,5,9,,2,0,,1,1,1,35,3,2,3,5,0,0,0,0,true,,false,false,false,false,false,,,,,,false,false,true,,,false,false,false,false,false,-82.95976,42.40469,"{
  ""coordinates"": [
    -8.295976164900000e+01,
    4.240469173000000e+01
  ],
  ""type"": ""Point""
}","{
  ""coordinates"": [
    -82.959761649,
    42.40469173
  ],
  ""type"": ""Point""
}",-82.959761649,42.40469173
4197,9839701,MCNICHOLS,ARDMORE,2016-10-28,28,10,2016,23,6,8,9,,2,0,,1,1,4,30,4,2,3,3,0,0,1,1,false,,false,false,false,false,false,,,,,,false,false,false,,,false,false,false,false,false,-83.18468,42.41653,"{
  ""coordinates"": [
    -8.318467653899999e+01,
    4.241653017400010e+01
  ],
  ""type"": ""Point""
}","{
  ""coordinates"": [
    -83.184676539,
    42.416530174
  ],
  ""type"": ""Point""
}",-83.184676539,42.4165301740001
4198,9839707,S I 75 SERVICE DRIVE,MACK,2016-10-28,28,10,2016,9,6,8,1,,4,0,,1,1,1,30,3,2,2,5,0,0,0,0,true,,false,false,false,false,false,,,,,,false,true,false,,,false,false,false,false,false,-83.04859,42.35112,"{
  ""coordinates"": [
    -8.304858911399999e+01,
    4.235111891300010e+01
  ],
  ""type"": ""Point""
}","{
  ""coordinates"": [
    -83.048589114,
    42.351118913
  ],
  ""type"": ""Point""
}",-83.048589114,42.3511189130001
4199,9840965,MICHIGAN,JUNCTION,2016-10-28,28,10,2016,22,6,5,2,,1,0,,1,1,4,35,5,2,1,4,0,0,0,1,false,,false,false,false,false,false,,,,,,false,false,false,,,false,false,false,false,false,-83.11213,42.33116,"{
  ""coordinates"": [
    -8.311213098100001e+01,
    4.233116233100000e+01
  ],
  ""type"": ""Point""
}","{
  ""coordinates"": [
    -83.112130981,
    42.331162331
  ],
  ""type"": ""Point""
}",-83.112130981,42.331162331
4200,9843304,GREENFIELD,JOY,2016-10-28,28,10,2016,21,6,97,9,,2,0,,1,1,3,35,4,2,0,5,0,0,0,0,true,,false,false,true,false,false,,,,,,false,false,false,,,false,false,false,false,false,-83.19706,42.3595,"{
  ""coordinates"": [
    -8.319706328699991e+01,
    4.235949734400000e+01
  ],
  ""type"": ""Point""
}","{
  ""coordinates"": [
    -83.197063287,
    42.359497344
  ],
  ""type"": ""Point""
}",-83.1970632869999,42.359497344
4201,9839727,LIVERNOIS,PURITAN,2016-10-28,28,10,2016,18,6,5,9,,4,0,,1,1,1,35,4,2,3,5,0,0,0,0,true,,false,false,false,false,false,,,,,,false,false,true,,,false,false,false,false,false,-83.14068,42.4101,"{
  ""coordinates"": [
    -8.314067655500000e+01,
    4.241010337900010e+01
  ],
  ""type"": ""Point""
}","{
  ""coordinates"": [
    -83.140676555,
    42.410103379
  ],
  ""type"": ""Point""
}",-83.140676555,42.4101033790001
4202,9840963,LIVERNOIS,JOHN KRONK,2016-10-28,28,10,2016,21,6,4,9,,4,0,,1,1,4,0,6,2,3,5,0,0,0,0,true,,true,true,false,false,false,,,,,,false,false,false,,,false,false,false,false,false,-83.11539,42.32433,"{
  ""coordinates"": [
    -8.311539801799999e+01,
    4.232432419000000e+01
  ],
  ""type"": ""Point""
}","{
  ""coordinates"": [
    -83.115398018,
    42.32432419
  ],
  ""type"": ""Point""
}",-83.115398018,42.32432419
4203,9839800,8 MILE,CHAPEL,2016-10-28,28,10,2016,8,6,5,3,,1,0,,1,1,1,40,4,2,1,5,0,0,0,0,true,,false,false,true,false,false,,,,,,false,false,false,,,false,false,false,false,false,-83.25517,42.44333,"{
  ""coordinates"": [
    -8.325517286699990e+01,
    4.244332982800010e+01
  ],
  ""type"": ""Point""
}","{
  ""coordinates"": [
    -83.255172867,
    42.443329828
  ],
  ""type"": ""Point""
}",-83.2551728669999,42.4433298280001
4204,9839705,GRISWOLD,CONGRESS,2016-10-28,28,10,2016,12,6,8,9,,4,0,,1,1,1,25,2,2,1,5,0,0,0,0,true,,false,false,false,false,false,,,,,,false,true,false,,,false,false,false,false,false,-83.04654,42.32967,"{
  ""coordinates"": [
    -8.304653780699989e+01,
    4.232966672700010e+01
  ],
  ""type"": ""Point""
}","{
  ""coordinates"": [
    -83.046537807,
    42.329666727
  ],
  ""type"": ""Point""
}",-83.0465378069999,42.3296667270001
4205,9850499,OUTER,MT ELLIOT,2016-10-28,28,10,2016,20,6,8,9,,2,0,,1,1,3,35,3,2,2,5,0,0,0,0,true,,false,false,true,false,false,,,,,,false,false,false,,,false,false,false,false,false,-83.03918,42.44082,"{
  ""coordinates"": [
    -8.303918386100000e+01,
    4.244082282800010e+01
  ],
  ""type"": ""Point""
}","{
  ""coordinates"": [
    -83.039183861,
    42.440822828
  ],
  ""type"": ""Point""
}",-83.039183861,42.4408228280001
4206,9839788,STATE FAIR,COVENTRY,2016-10-28,28,10,2016,15,6,5,9,,4,0,,1,1,1,35,4,2,1,4,0,0,0,1,false,,false,false,false,false,false,,,,,,false,true,false,,,false,false,false,false,false,-83.10159,42.43955,"{
  ""coordinates"": [
    -8.310159258800000e+01,
    4.243955145100010e+01
  ],
  ""type"": ""Point""
}","{
  ""coordinates"": [
    -83.101592588,
    42.439551451
  ],
  ""type"": ""Point""
}",-83.101592588,42.4395514510001
4207,9868544,W I 94,RAMP 221B,2016-10-28,28,10,2016,8,6,5,1,,1,0,,1,1,2,55,3,3,3,5,0,0,0,0,true,,false,false,false,false,false,,,,,,false,true,true,,,false,false,false,false,false,-82.96835,42.40272,"{
  ""coordinates"": [
    -8.296835096800000e+01,
    4.240271971100000e+01
  ],
  ""type"": ""Point""
}","{
  ""coordinates"": [
    -82.968350968,
    42.402719711
  ],
  ""type"": ""Point""
}",-82.968350968,42.402719711
4208,9848389,M-39,PAUL,2016-10-28,28,10,2016,17,6,5,3,,1,0,,1,2,1,55,3,2,2,5,0,0,0,0,true,,false,false,false,false,false,,,,,,false,false,true,,,false,false,false,false,false,-83.21603,42.33757,"{
  ""coordinates"": [
    -8.321603679899989e+01,
    4.233757167900010e+01
  ],
  ""type"": ""Point""
}","{
  ""coordinates"": [
    -83.216036799,
    42.337571679
  ],
  ""type"": ""Point""
}",-83.2160367989999,42.3375716790001
4209,9839768,MORANG,PEERLESS,2016-10-28,28,10,2016,11,6,2,9,,4,0,,1,1,1,30,2,2,1,5,0,0,0,0,true,,false,false,false,false,false,,,,,,false,false,false,,,false,false,false,false,false,-82.94,42.42204,"{
  ""coordinates"": [
    -8.294000269299990e+01,
    4.242203906600000e+01
  ],
  ""type"": ""Point""
}","{
  ""coordinates"": [
    -82.940002693,
    42.422039066
  ],
  ""type"": ""Point""
}",-82.9400026929999,42.422039066
4210,9848378,N M 39,PEMBROKE,2016-10-28,28,10,2016,15,6,5,3,,1,0,,1,1,1,55,3,2,2,5,0,0,0,0,true,,false,false,false,false,false,,,,,,false,false,false,,,false,false,false,false,false,-83.21954,42.43726,"{
  ""coordinates"": [
    -8.321953303799999e+01,
    4.243726377600010e+01
  ],
  ""type"": ""Point""
}","{
  ""coordinates"": [
    -83.219533038,
    42.437263776
  ],
  ""type"": ""Point""
}",-83.219533038,42.4372637760001
4211,9839698,CHICAGO,PINEHURST,2016-10-28,28,10,2016,14,6,8,9,,4,0,,1,2,1,30,3,2,3,4,0,0,0,1,false,,false,false,false,false,false,,,,,,false,false,true,,,false,false,false,false,false,-83.16496,42.36605,"{
  ""coordinates"": [
    -8.316496536999990e+01,
    4.236605635000010e+01
  ],
  ""type"": ""Point""
}","{
  ""coordinates"": [
    -83.16496537,
    42.36605635
  ],
  ""type"": ""Point""
}",-83.1649653699999,42.3660563500001
4212,9839797,PURITAN,MONICA,2016-10-28,28,10,2016,22,6,8,9,,4,0,,1,2,4,30,2,4,4,1,1,0,0,0,false,,false,false,true,false,true,,,,,,true,false,false,,,false,false,false,false,false,-83.14387,42.40987,"{
  ""coordinates"": [
    -8.314387004100000e+01,
    4.240986890200000e+01
  ],
  ""type"": ""Point""
}","{
  ""coordinates"": [
    -83.143870041,
    42.409868902
  ],
  ""type"": ""Point""
}",-83.143870041,42.409868902
4213,9848531,MEYERS,CLARITA,2016-10-27,27,10,2016,15,5,4,9,,4,0,,2,2,1,30,3,2,5,5,0,0,0,0,true,,false,false,true,false,false,,,,,,false,false,true,,,false,false,false,false,false,-83.17065,42.43005,"{
  ""coordinates"": [
    -8.317064510599990e+01,
    4.243004855600000e+01
  ],
  ""type"": ""Point""
}","{
  ""coordinates"": [
    -83.170645106,
    42.430048556
  ],
  ""type"": ""Point""
}",-83.1706451059999,42.430048556
4214,9839799,GREENFIELD,7 MILE,2016-10-27,27,10,2016,17,5,8,9,,2,0,,1,2,1,30,2,2,1,5,0,0,0,0,true,,false,false,true,false,false,,,,,,false,false,true,,,false,false,false,false,false,-83.19983,42.42959,"{
  ""coordinates"": [
    -8.319983252799990e+01,
    4.242959245200010e+01
  ],
  ""type"": ""Point""
}","{
  ""coordinates"": [
    -83.199832528,
    42.429592452
  ],
  ""type"": ""Point""
}",-83.1998325279999,42.4295924520001
4215,9850532,MAINE,GRIXDALE,2016-10-27,27,10,2016,18,5,5,9,,,0,,2,2,4,25,1,2,2,5,0,0,0,0,true,,false,false,false,false,false,,,,,,false,false,true,,,false,false,false,false,false,-83.07584,42.42837,"{
  ""coordinates"": [
    -8.307583253400000e+01,
    4.242836794300010e+01
  ],
  ""type"": ""Point""
}","{
  ""coordinates"": [
    -83.075832534,
    42.428367943
  ],
  ""type"": ""Point""
}",-83.075832534,42.4283679430001
4216,9840956,TRENTON,SAINT JOHN,2016-10-27,27,10,2016,18,5,8,9,,,0,,1,1,1,25,1,2,0,5,0,0,0,0,true,,false,false,true,false,false,,,,,,false,false,false,,,false,false,false,false,false,-83.14282,42.32362,"{
  ""coordinates"": [
    -8.314282251799990e+01,
    4.232362038400000e+01
  ],
  ""type"": ""Point""
}","{
  ""coordinates"": [
    -83.142822518,
    42.323620384
  ],
  ""type"": ""Point""
}",-83.1428225179999,42.323620384