ObjectId,Crash ID,Primary Road,Intersecting Road,Crash Date,Day,Month,Year,Hour,Weekday,Crash Type Code,Highway Classification Code,Community Code,Jurisdiction Code,Lane Departure Type Code,Surface Type,Road Condition,Weather Condition,Lighting Condition,Speed Limit,Lanes,Units,Occupants,Most Severe Injury,Fatal Injuries,Suspected Serious Injuries,Suspected Minor Injuries,Possible Injuries,Property Damage Only,Secondary Crash,Traffic Control,Red Light Run,Hit and Run,Alcohol,Drugs,Unbelted Person,Work Zone,Speeding Driver,Distracted Driver,Driveway,Pedestrian,Elderly Driver,Young Driver,Commercial Vehicle,Emergency Vehicles,Train,School Bus,Motorcycle,Bicycle,Deer,Longitude,Latitude,geom,geog,x,y
4217,9840957,ADDISON,MCGRAW,2016-10-27,27,10,2016,15,5,4,9,,,3,,1,1,1,0,2,2,2,4,0,0,0,2,false,,false,false,false,false,false,,,,,,false,false,false,,,false,false,false,false,false,-83.15258,42.33231,"{
  ""coordinates"": [
    -8.315258356800000e+01,
    4.233230523800010e+01
  ],
  ""type"": ""Point""
}","{
  ""coordinates"": [
    -83.152583568,
    42.332305238
  ],
  ""type"": ""Point""
}",-83.152583568,42.3323052380001
4218,9839785,PALLISTER,KIPLING,2016-10-27,27,10,2016,12,5,3,9,,,0,,2,1,1,25,2,2,3,5,0,0,0,0,true,,false,false,false,false,false,,,,,,false,false,false,,,false,false,false,false,false,-83.08981,42.36813,"{
  ""coordinates"": [
    -8.308981270300001e+01,
    4.236813286400010e+01
  ],
  ""type"": ""Point""
}","{
  ""coordinates"": [
    -83.089812703,
    42.368132864
  ],
  ""type"": ""Point""
}",-83.089812703,42.3681328640001
4219,9839743,HELEN,GRAND,2016-10-27,27,10,2016,23,5,98,9,,,0,,2,1,4,25,2,2,1,5,0,0,0,0,true,,false,false,true,false,false,,,,,,false,false,false,,,false,false,false,false,false,-83.02484,42.37954,"{
  ""coordinates"": [
    -8.302484266399991e+01,
    4.237953537200010e+01
  ],
  ""type"": ""Point""
}","{
  ""coordinates"": [
    -83.024842664,
    42.379535372
  ],
  ""type"": ""Point""
}",-83.0248426639999,42.3795353720001
4220,9839774,STURTEVANT,WILDEMERE,2016-10-27,27,10,2016,2,5,4,9,,,0,,2,4,4,25,1,2,6,5,0,0,0,0,true,,true,false,false,false,false,,,,,,false,true,false,,,false,false,false,false,false,-83.12389,42.38575,"{
  ""coordinates"": [
    -8.312389746600000e+01,
    4.238574715800010e+01
  ],
  ""type"": ""Point""
}","{
  ""coordinates"": [
    -83.123897466,
    42.385747158
  ],
  ""type"": ""Point""
}",-83.123897466,42.3857471580001
4221,9838370,14TH,LA SALLE,2016-10-27,27,10,2016,19,5,1,9,,4,0,,1,1,4,35,4,2,2,5,0,0,0,0,true,,false,false,false,false,false,,,,,,false,false,false,,,false,false,false,true,false,-83.0968,42.36581,"{
  ""coordinates"": [
    -8.309680446300000e+01,
    4.236581541400010e+01
  ],
  ""type"": ""Point""
}","{
  ""coordinates"": [
    -83.096804463,
    42.365815414
  ],
  ""type"": ""Point""
}",-83.096804463,42.3658154140001
4222,9907448,PURITAN,BILTMORE,2016-10-27,27,10,2016,8,5,4,9,,4,0,,2,4,3,35,2,2,2,4,0,0,0,1,false,,true,false,true,false,false,,,,,,false,false,false,,,false,false,false,false,false,-83.21069,42.40849,"{
  ""coordinates"": [
    -8.321069107499990e+01,
    4.240849326700000e+01
  ],
  ""type"": ""Point""
}","{
  ""coordinates"": [
    -83.210691075,
    42.408493267
  ],
  ""type"": ""Point""
}",-83.2106910749999,42.408493267
4223,9838377,WARREN,RUTHERFORD,2016-10-27,27,10,2016,21,5,4,9,,2,0,,1,1,4,35,4,2,1,3,0,0,1,0,false,,false,false,true,false,false,,,,,,false,false,false,,,false,false,false,false,false,-83.20121,42.3436,"{
  ""coordinates"": [
    -8.320120848700000e+01,
    4.234360044400010e+01
  ],
  ""type"": ""Point""
}","{
  ""coordinates"": [
    -83.201208487,
    42.343600444
  ],
  ""type"": ""Point""
}",-83.201208487,42.3436004440001
4224,9997381,S M 10,W I 94,2016-10-27,27,10,2016,10,5,5,3,,1,0,,2,2,1,55,4,2,2,5,0,0,0,0,true,,false,false,true,false,false,,,,,,false,false,false,,,false,false,false,false,false,-83.07667,42.35903,"{
  ""coordinates"": [
    -8.307666722300000e+01,
    4.235903092200000e+01
  ],
  ""type"": ""Point""
}","{
  ""coordinates"": [
    -83.076667223,
    42.359030922
  ],
  ""type"": ""Point""
}",-83.076667223,42.359030922
4225,9841003,TULLER,MCNICHOLS,2016-10-27,27,10,2016,16,5,8,9,,,3,,1,1,1,25,1,2,1,5,0,0,0,0,true,,false,false,false,false,false,,,,,,false,false,false,,,false,false,false,false,false,-83.14813,42.41712,"{
  ""coordinates"": [
    -8.314813158800000e+01,
    4.241711815000010e+01
  ],
  ""type"": ""Point""
}","{
  ""coordinates"": [
    -83.148131588,
    42.41711815
  ],
  ""type"": ""Point""
}",-83.148131588,42.4171181500001
4226,9839753,EIGHT MILE,BILTMORE,2016-10-27,27,10,2016,23,5,4,3,,1,0,,2,1,4,45,4,2,3,4,0,0,0,3,false,,true,false,false,false,false,,,,,,false,false,true,,,false,false,false,false,false,-83.21294,42.44434,"{
  ""coordinates"": [
    -8.321293476100000e+01,
    4.244434188400000e+01
  ],
  ""type"": ""Point""
}","{
  ""coordinates"": [
    -83.212934761,
    42.444341884
  ],
  ""type"": ""Point""
}",-83.212934761,42.444341884
4227,9848530,7 MILE,GREENFIELD,2016-10-27,27,10,2016,23,5,5,9,,2,0,,1,1,4,35,4,2,2,5,0,0,0,0,true,,false,false,false,false,false,,,,,,false,false,false,,,false,false,false,false,false,-83.19969,42.43042,"{
  ""coordinates"": [
    -8.319968970900000e+01,
    4.243042451900000e+01
  ],
  ""type"": ""Point""
}","{
  ""coordinates"": [
    -83.199689709,
    42.430424519
  ],
  ""type"": ""Point""
}",-83.199689709,42.430424519
4228,9838375,CLARK,CHRISTIANCY,2016-10-27,27,10,2016,8,5,5,9,,4,0,,2,2,1,0,2,2,2,4,0,0,0,1,false,,false,false,true,false,false,,,,,,false,false,false,,,false,false,false,false,false,-83.09409,42.31783,"{
  ""coordinates"": [
    -8.309408217200000e+01,
    4.231783048800000e+01
  ],
  ""type"": ""Point""
}","{
  ""coordinates"": [
    -83.094082172,
    42.317830488
  ],
  ""type"": ""Point""
}",-83.094082172,42.317830488
4229,9839791,HALLECK,KLINGER,2016-10-27,27,10,2016,22,5,9,9,,,0,,2,4,4,25,2,2,0,5,0,0,0,0,true,,false,false,true,false,false,,,,,,false,false,false,,,false,false,false,false,false,-83.06034,42.41024,"{
  ""coordinates"": [
    -8.306033909500000e+01,
    4.241023830600010e+01
  ],
  ""type"": ""Point""
}","{
  ""coordinates"": [
    -83.060339095,
    42.410238306
  ],
  ""type"": ""Point""
}",-83.060339095,42.4102383060001
4230,9838383,GRATIOT,LAMBERT,2016-10-27,27,10,2016,10,5,4,3,,1,0,,1,2,1,35,7,2,3,4,0,0,0,1,false,,false,false,false,false,false,,,,,,false,true,false,,,false,false,false,false,false,-83.00799,42.38895,"{
  ""coordinates"": [
    -8.300798644199990e+01,
    4.238894860400010e+01
  ],
  ""type"": ""Point""
}","{
  ""coordinates"": [
    -83.007986442,
    42.388948604
  ],
  ""type"": ""Point""
}",-83.0079864419999,42.3889486040001
4231,9838353,I-75,CLAY,2016-10-27,27,10,2016,9,5,5,1,,1,0,,2,4,1,55,4,2,2,5,0,0,0,0,true,,false,false,false,false,false,,,,,,false,false,false,,,false,false,false,false,false,-83.06066,42.37505,"{
  ""coordinates"": [
    -8.306066329200000e+01,
    4.237504435300010e+01
  ],
  ""type"": ""Point""
}","{
  ""coordinates"": [
    -83.060663292,
    42.375044353
  ],
  ""type"": ""Point""
}",-83.060663292,42.3750443530001
4232,9844454,VERNOR,WATERMAN,2016-10-27,27,10,2016,15,5,6,9,,4,0,,1,1,1,0,4,2,2,5,0,0,0,0,true,,false,false,false,false,false,,,,,,false,false,false,,,false,true,false,false,false,-83.11682,42.31571,"{
  ""coordinates"": [
    -8.311681778000001e+01,
    4.231571174800010e+01
  ],
  ""type"": ""Point""
}","{
  ""coordinates"": [
    -83.11681778,
    42.315711748
  ],
  ""type"": ""Point""
}",-83.11681778,42.3157117480001
4233,9838366,GRAND RIVER,KIRBY,2016-10-27,27,10,2016,16,5,5,3,,1,0,,1,1,1,35,4,2,2,4,0,0,0,2,false,,false,false,false,false,false,,,,,,false,false,false,,,false,false,false,false,false,-83.09503,42.35102,"{
  ""coordinates"": [
    -8.309503511500000e+01,
    4.235101582200010e+01
  ],
  ""type"": ""Point""
}","{
  ""coordinates"": [
    -83.095035115,
    42.351015822
  ],
  ""type"": ""Point""
}",-83.095035115,42.3510158220001
4234,9850487,I-94,MORANG,2016-10-27,27,10,2016,7,5,5,1,,1,0,,2,4,4,55,3,3,3,5,0,0,0,0,true,,false,false,false,false,false,,,,,,false,true,true,,,false,false,false,false,false,-82.93386,42.41916,"{
  ""coordinates"": [
    -8.293385982500000e+01,
    4.241915468400000e+01
  ],
  ""type"": ""Point""
}","{
  ""coordinates"": [
    -82.933859825,
    42.419154684
  ],
  ""type"": ""Point""
}",-82.933859825,42.419154684
4235,9868527,I-96,FULLERTON,2016-10-27,27,10,2016,10,5,1,1,,1,1,,2,4,1,70,4,1,1,5,0,0,0,0,true,,false,false,false,false,false,,,,,,false,false,false,,,false,false,false,false,false,-83.1881,42.38048,"{
  ""coordinates"": [
    -8.318809679799990e+01,
    4.238048031300010e+01
  ],
  ""type"": ""Point""
}","{
  ""coordinates"": [
    -83.188096798,
    42.380480313
  ],
  ""type"": ""Point""
}",-83.1880967979999,42.3804803130001
4236,9838352,I-75,LIVERNOIS,2016-10-27,27,10,2016,8,5,8,1,,1,0,,2,4,1,55,4,2,2,5,0,0,0,0,true,,false,false,false,false,false,,,,,,false,false,false,,,false,false,false,false,false,-83.1002,42.3097,"{
  ""coordinates"": [
    -8.310019801599999e+01,
    4.230969904300010e+01
  ],
  ""type"": ""Point""
}","{
  ""coordinates"": [
    -83.100198016,
    42.309699043
  ],
  ""type"": ""Point""
}",-83.100198016,42.3096990430001
4237,9839731,WARREN,PLAINVIEW,2016-10-27,27,10,2016,22,5,5,9,,2,0,,1,1,4,35,5,2,5,4,0,0,0,3,false,,false,false,false,false,false,,,,,,false,false,false,,,false,false,false,false,false,-83.23441,42.34314,"{
  ""coordinates"": [
    -8.323441132900000e+01,
    4.234313854000000e+01
  ],
  ""type"": ""Point""
}","{
  ""coordinates"": [
    -83.234411329,
    42.34313854
  ],
  ""type"": ""Point""
}",-83.234411329,42.34313854
4238,9848461,EVERGREEN,VAN BUREN,2016-10-27,27,10,2016,16,5,6,9,,4,0,,1,1,1,30,6,3,5,4,0,0,0,1,false,,false,false,false,false,false,,,,,,false,false,false,,,false,false,false,false,false,-83.23586,42.35576,"{
  ""coordinates"": [
    -8.323585720700000e+01,
    4.235575829800010e+01
  ],
  ""type"": ""Point""
}","{
  ""coordinates"": [
    -83.235857207,
    42.355758298
  ],
  ""type"": ""Point""
}",-83.235857207,42.3557582980001
4239,9838363,FLOYD,LIVERNOIS,2016-10-27,27,10,2016,16,5,5,9,,,0,,1,2,1,25,1,2,4,5,0,0,0,0,true,,false,false,false,false,false,,,,,,false,false,false,,,false,false,false,false,false,-83.13361,42.34821,"{
  ""coordinates"": [
    -8.313360294899999e+01,
    4.234820963400010e+01
  ],
  ""type"": ""Point""
}","{
  ""coordinates"": [
    -83.133602949,
    42.348209634
  ],
  ""type"": ""Point""
}",-83.133602949,42.3482096340001
4240,9985919,WHITTIER,KELLY,2016-10-27,27,10,2016,22,5,1,9,,4,0,,1,1,4,30,2,1,1,4,0,0,0,1,false,,false,false,false,false,false,,,,,,false,false,false,,,false,false,false,false,false,-82.96327,42.42083,"{
  ""coordinates"": [
    -8.296327580000001e+01,
    4.242083137000000e+01
  ],
  ""type"": ""Point""
}","{
  ""coordinates"": [
    -82.9632758,
    42.42083137
  ],
  ""type"": ""Point""
}",-82.9632758,42.42083137
4241,9858372,M-10,OAKMAN,2016-10-27,27,10,2016,10,5,5,3,,1,0,,2,2,1,55,3,3,2,5,0,0,0,0,true,,false,false,false,false,false,,,,,,false,false,false,,,false,false,false,false,false,-83.11549,42.4014,"{
  ""coordinates"": [
    -8.311549491900000e+01,
    4.240140043100010e+01
  ],
  ""type"": ""Point""
}","{
  ""coordinates"": [
    -83.115494919,
    42.401400431
  ],
  ""type"": ""Point""
}",-83.115494919,42.4014004310001
4242,9838397,STRASBURG,STATE FAIR,2016-10-27,27,10,2016,15,5,4,9,,,0,,1,2,1,25,3,2,1,5,0,0,0,0,true,,true,false,true,false,false,,,,,,false,false,true,,,false,false,false,false,false,-82.9988,42.44186,"{
  ""coordinates"": [
    -8.299880548800000e+01,
    4.244186253100000e+01
  ],
  ""type"": ""Point""
}","{
  ""coordinates"": [
    -82.998805488,
    42.441862531
  ],
  ""type"": ""Point""
}",-82.998805488,42.441862531
4243,9858359,DAVISON,I-96,2016-10-27,27,10,2016,21,5,8,3,,1,0,,2,2,4,55,3,2,2,5,0,0,0,0,true,,false,false,false,false,false,,,,,,false,false,true,,,false,false,false,false,false,-83.13973,42.38668,"{
  ""coordinates"": [
    -8.313973437999989e+01,
    4.238668028800000e+01
  ],
  ""type"": ""Point""
}","{
  ""coordinates"": [
    -83.13973438,
    42.386680288
  ],
  ""type"": ""Point""
}",-83.1397343799999,42.386680288
4244,9866356,M-10,WOODWARD,2016-10-27,27,10,2016,19,5,5,3,,1,0,,1,2,4,55,3,2,2,4,0,0,0,1,false,,false,false,false,false,false,,,,,,false,false,false,,,false,false,false,false,false,-83.0457,42.32825,"{
  ""coordinates"": [
    -8.304569856900000e+01,
    4.232824859500000e+01
  ],
  ""type"": ""Point""
}","{
  ""coordinates"": [
    -83.045698569,
    42.328248595
  ],
  ""type"": ""Point""
}",-83.045698569,42.328248595
4245,9839798,19197 GREENLAWN,7 MILE,2016-10-27,27,10,2016,0,5,5,9,,,0,,2,4,4,25,2,2,0,5,0,0,0,0,true,,false,false,true,false,false,,,,,,false,false,false,,,false,false,false,false,false,-83.15188,42.43224,"{
  ""coordinates"": [
    -8.315187492599991e+01,
    4.243223752700000e+01
  ],
  ""type"": ""Point""
}","{
  ""coordinates"": [
    -83.151874926,
    42.432237527
  ],
  ""type"": ""Point""
}",-83.1518749259999,42.432237527
4246,9851710,119D,M-10,2016-10-27,27,10,2016,22,5,8,3,,1,0,,1,1,5,55,1,2,2,5,0,0,0,0,true,,false,false,false,false,false,,,,,,false,false,true,,,false,false,false,false,false,-83.07208,42.35221,"{
  ""coordinates"": [
    -8.307208523500000e+01,
    4.235220986500010e+01
  ],
  ""type"": ""Point""
}","{
  ""coordinates"": [
    -83.072085235,
    42.352209865
  ],
  ""type"": ""Point""
}",-83.072085235,42.3522098650001
4247,9840976,WARREN,METTETAL,2016-10-27,27,10,2016,10,5,8,9,,2,0,,2,4,1,45,4,2,2,5,0,0,0,0,true,,false,false,false,false,false,,,,,,false,false,false,,,false,false,false,false,false,-83.20428,42.34356,"{
  ""coordinates"": [
    -8.320427330000000e+01,
    4.234355993700010e+01
  ],
  ""type"": ""Point""
}","{
  ""coordinates"": [
    -83.2042733,
    42.343559937
  ],
  ""type"": ""Point""
}",-83.2042733,42.3435599370001
4248,9838335,E I 96,DAVISON CROSSOVER,2016-10-27,27,10,2016,7,5,8,1,,1,0,,2,4,4,70,3,2,1,5,0,0,0,0,true,,false,false,true,false,false,,,,,,false,false,false,,,false,false,false,false,false,-83.15984,42.38525,"{
  ""coordinates"": [
    -8.315983445800001e+01,
    4.238525112500000e+01
  ],
  ""type"": ""Point""
}","{
  ""coordinates"": [
    -83.159834458,
    42.385251125
  ],
  ""type"": ""Point""
}",-83.159834458,42.385251125
4249,9838389,JEFFERSON,CHENE,2016-10-27,27,10,2016,15,5,5,9,,4,0,,1,1,1,30,9,2,4,5,0,0,0,0,true,,false,false,false,false,false,,,,,,false,true,false,,,false,false,false,false,false,-83.02264,42.33825,"{
  ""coordinates"": [
    -8.302263791999999e+01,
    4.233824364800010e+01
  ],
  ""type"": ""Point""
}","{
  ""coordinates"": [
    -83.02263792,
    42.338243648
  ],
  ""type"": ""Point""
}",-83.02263792,42.3382436480001
4250,9839778,LIVERNOIS,GRANDRIVER,2016-10-27,27,10,2016,12,5,8,3,,4,0,,2,1,1,30,2,2,2,5,0,0,0,0,true,,false,false,false,false,false,,,,,,false,false,true,,,false,false,false,false,false,-83.13877,42.36887,"{
  ""coordinates"": [
    -8.313877171800000e+01,
    4.236886981600000e+01
  ],
  ""type"": ""Point""
}","{
  ""coordinates"": [
    -83.138771718,
    42.368869816
  ],
  ""type"": ""Point""
}",-83.138771718,42.368869816
4251,9838384,CHARLEVOIX,MT ELLIOTT,2016-10-27,27,10,2016,11,5,4,9,,4,0,,2,4,1,35,3,2,2,5,0,0,0,0,true,,true,true,false,false,false,,,,,,false,false,false,,,false,false,false,false,false,-83.01881,42.35706,"{
  ""coordinates"": [
    -8.301880604199989e+01,
    4.235705796800000e+01
  ],
  ""type"": ""Point""
}","{
  ""coordinates"": [
    -83.018806042,
    42.357057968
  ],
  ""type"": ""Point""
}",-83.0188060419999,42.357057968
4252,9839748,MCNICHOLS,ROSEMONT,2016-10-27,27,10,2016,7,5,8,9,,2,0,,2,4,1,30,3,2,1,4,0,0,0,1,false,,false,false,true,false,false,,,,,,false,false,false,,,false,false,false,false,false,-83.22116,42.4155,"{
  ""coordinates"": [
    -8.322115809099989e+01,
    4.241550426100010e+01
  ],
  ""type"": ""Point""
}","{
  ""coordinates"": [
    -83.221158091,
    42.415504261
  ],
  ""type"": ""Point""
}",-83.2211580909999,42.4155042610001
4253,9997403,M-39,LYNDON,2016-10-27,27,10,2016,9,5,5,3,,1,0,,2,4,1,55,3,3,2,4,0,0,0,1,false,,false,false,true,false,false,,,,,,false,false,false,,,false,false,false,false,false,-83.21803,42.39244,"{
  ""coordinates"": [
    -8.321802626000000e+01,
    4.239244182800010e+01
  ],
  ""type"": ""Point""
}","{
  ""coordinates"": [
    -83.21802626,
    42.392441828
  ],
  ""type"": ""Point""
}",-83.21802626,42.3924418280001
4254,9867473,KENTFIELD,SANTA CLARA,2016-10-27,27,10,2016,20,5,2,9,,,2,,1,1,4,25,2,2,1,5,0,0,0,0,true,,false,false,false,true,false,,,,,,false,false,true,,,false,false,false,false,false,-83.24138,42.41936,"{
  ""coordinates"": [
    -8.324138079200000e+01,
    4.241936590700000e+01
  ],
  ""type"": ""Point""
}","{
  ""coordinates"": [
    -83.241380792,
    42.419365907
  ],
  ""type"": ""Point""
}",-83.241380792,42.419365907
4255,9868543,109A,DAVISON,2016-10-27,27,10,2016,12,5,1,3,,1,1,,2,2,1,55,1,1,1,5,0,0,0,0,true,,false,false,false,false,false,,,,,,false,false,true,,,false,false,false,false,false,-83.11059,42.39834,"{
  ""coordinates"": [
    -8.311058679999999e+01,
    4.239834048000010e+01
  ],
  ""type"": ""Point""
}","{
  ""coordinates"": [
    -83.1105868,
    42.39834048
  ],
  ""type"": ""Point""
}",-83.1105868,42.3983404800001
4256,9868530,I-75,SPRINGWELLS,2016-10-27,27,10,2016,14,5,5,1,,1,0,,1,1,1,70,4,2,2,5,0,0,0,0,true,,false,false,false,false,false,,,,,,false,false,true,,,false,false,false,false,false,-83.123,42.29923,"{
  ""coordinates"": [
    -8.312300243399990e+01,
    4.229922780400010e+01
  ],
  ""type"": ""Point""
}","{
  ""coordinates"": [
    -83.123002434,
    42.299227804
  ],
  ""type"": ""Point""
}",-83.1230024339999,42.2992278040001
4257,9868538,I-94,HELEN,2016-10-27,27,10,2016,6,5,1,9,,4,1,,2,4,4,55,3,1,2,5,0,0,0,0,true,,false,false,false,false,false,,,,,,false,false,false,,,false,false,false,false,false,-83.02819,42.38396,"{
  ""coordinates"": [
    -8.302819055399991e+01,
    4.238395573300010e+01
  ],
  ""type"": ""Point""
}","{
  ""coordinates"": [
    -83.028190554,
    42.383955733
  ],
  ""type"": ""Point""
}",-83.0281905539999,42.3839557330001
4258,9839777,PALISTER,POE,2016-10-27,27,10,2016,7,5,5,9,,,0,,2,4,1,25,2,3,3,5,0,0,0,0,true,,false,false,false,false,false,,,,,,false,false,false,,,false,false,false,false,false,-83.08848,42.36864,"{
  ""coordinates"": [
    -8.308847546399990e+01,
    4.236863694900010e+01
  ],
  ""type"": ""Point""
}","{
  ""coordinates"": [
    -83.088475464,
    42.368636949
  ],
  ""type"": ""Point""
}",-83.0884754639999,42.3686369490001
4259,9838404,7 MILE,N I 75 SERVICE DRIVE,2016-10-27,27,10,2016,11,5,4,9,,4,0,,2,2,1,30,4,2,4,4,0,0,0,4,false,,false,false,false,false,false,,,,,,false,false,false,,,false,false,false,false,false,-83.09442,42.43249,"{
  ""coordinates"": [
    -8.309442310900000e+01,
    4.243249060100000e+01
  ],
  ""type"": ""Point""
}","{
  ""coordinates"": [
    -83.094423109,
    42.432490601
  ],
  ""type"": ""Point""
}",-83.094423109,42.432490601
4260,9838380,RAMP 007A,N M 39,2016-10-27,27,10,2016,12,5,8,3,,1,0,,1,2,1,30,2,2,3,5,0,0,0,0,true,,false,false,false,false,false,,,,,,false,false,false,,,false,false,false,false,false,-83.21619,42.35199,"{
  ""coordinates"": [
    -8.321619662300000e+01,
    4.235199052400000e+01
  ],
  ""type"": ""Point""
}","{
  ""coordinates"": [
    -83.216196623,
    42.351990524
  ],
  ""type"": ""Point""
}",-83.216196623,42.351990524
4261,9839790,NEVADA,RYAN,2016-10-27,27,10,2016,16,5,5,9,,4,0,,1,2,1,30,2,2,4,5,0,0,0,0,true,,false,false,false,false,false,,,,,,false,false,false,,,false,false,false,false,false,-83.0627,42.4259,"{
  ""coordinates"": [
    -8.306269770499991e+01,
    4.242590004500000e+01
  ],
  ""type"": ""Point""
}","{
  ""coordinates"": [
    -83.062697705,
    42.425900045
  ],
  ""type"": ""Point""
}",-83.0626977049999,42.425900045
4262,9997412,S M 10,RAMP 111A,2016-10-27,27,10,2016,9,5,5,3,,1,0,,1,1,1,55,3,2,2,5,0,0,0,0,true,,false,false,false,false,false,,,,,,false,true,false,,,false,false,false,false,false,-83.10483,42.39132,"{
  ""coordinates"": [
    -8.310483097199990e+01,
    4.239132229100010e+01
  ],
  ""type"": ""Point""
}","{
  ""coordinates"": [
    -83.104830972,
    42.391322291
  ],
  ""type"": ""Point""
}",-83.1048309719999,42.3913222910001
4263,9839750,LIVERNOIS,CHALFONTE,2016-10-27,27,10,2016,20,5,5,9,,4,3,,1,1,4,35,2,2,2,4,0,0,0,1,false,,false,false,false,false,false,,,,,,false,false,false,,,false,false,false,false,false,-83.14023,42.40011,"{
  ""coordinates"": [
    -8.314022782200000e+01,
    4.240010812700010e+01
  ],
  ""type"": ""Point""
}","{
  ""coordinates"": [
    -83.140227822,
    42.400108127
  ],
  ""type"": ""Point""
}",-83.140227822,42.4001081270001
4264,9848369,N M 10,RAMP 112D,2016-10-27,27,10,2016,18,5,5,3,,1,0,,1,1,1,55,4,2,2,5,0,0,0,0,true,,false,false,false,false,false,,,,,,false,true,false,,,false,false,false,false,false,-83.09676,42.38299,"{
  ""coordinates"": [
    -8.309675356000000e+01,
    4.238298728800000e+01
  ],
  ""type"": ""Point""
}","{
  ""coordinates"": [
    -83.09675356,
    42.382987288
  ],
  ""type"": ""Point""
}",-83.09675356,42.382987288
4265,9838354,109A,DAVISON,2016-10-27,27,10,2016,11,5,1,3,,1,1,,2,4,1,55,1,1,1,5,0,0,0,0,true,,false,false,false,false,false,,,,,,false,false,true,,,false,false,false,false,false,-83.10935,42.39818,"{
  ""coordinates"": [
    -8.310935351300000e+01,
    4.239817884200000e+01
  ],
  ""type"": ""Point""
}","{
  ""coordinates"": [
    -83.109353513,
    42.398178842
  ],
  ""type"": ""Point""
}",-83.109353513,42.398178842
4266,9838391,LARNED,CHENE,2016-10-27,27,10,2016,17,5,97,9,,4,0,,1,1,2,35,2,1,1,5,0,0,0,0,true,,false,false,true,false,false,,,,,,false,false,false,,,false,false,false,false,false,-83.02311,42.33896,"{
  ""coordinates"": [
    -8.302310871100001e+01,
    4.233896092700010e+01
  ],
  ""type"": ""Point""
}","{
  ""coordinates"": [
    -83.023108711,
    42.338960927
  ],
  ""type"": ""Point""
}",-83.023108711,42.3389609270001
4267,9870551,MCNICHOLS,CONANT,2016-10-27,27,10,2016,5,5,3,9,,4,0,,2,4,4,35,8,2,1,5,0,0,0,0,true,,false,false,true,false,false,,,,,,false,false,false,,,false,false,false,false,false,-83.06366,42.41865,"{
  ""coordinates"": [
    -8.306366130000001e+01,
    4.241865115000010e+01
  ],
  ""type"": ""Point""
}","{
  ""coordinates"": [
    -83.0636613,
    42.41865115
  ],
  ""type"": ""Point""
}",-83.0636613,42.4186511500001
4268,9838365,WARREN,PROCTOR,2016-10-27,27,10,2016,10,5,5,9,,4,0,,2,4,1,35,4,2,1,5,0,0,0,0,true,,false,false,true,false,false,,,,,,false,false,false,,,false,false,false,false,false,-83.14389,42.34479,"{
  ""coordinates"": [
    -8.314388754800000e+01,
    4.234478733400000e+01
  ],
  ""type"": ""Point""
}","{
  ""coordinates"": [
    -83.143887548,
    42.344787334
  ],
  ""type"": ""Point""
}",-83.143887548,42.344787334
4269,9848414,JEFFERSON,WOODWARD,2016-10-27,27,10,2016,9,5,8,3,,1,0,,2,4,1,35,5,2,2,5,0,0,0,0,true,,false,false,false,false,false,,,,,,false,false,false,,,false,false,false,false,false,-83.0444,42.32853,"{
  ""coordinates"": [
    -8.304439832799990e+01,
    4.232852804800010e+01
  ],
  ""type"": ""Point""
}","{
  ""coordinates"": [
    -83.044398328,
    42.328528048
  ],
  ""type"": ""Point""
}",-83.0443983279999,42.3285280480001
4270,9838364,SCHAEFER,PURITAN,2016-10-27,27,10,2016,16,5,9,9,,4,0,,1,1,1,30,3,2,2,4,0,0,0,1,false,,false,false,false,false,false,,,,,,false,true,false,,,false,false,false,false,false,-83.17946,42.4094,"{
  ""coordinates"": [
    -8.317945988000000e+01,
    4.240940277400010e+01
  ],
  ""type"": ""Point""
}","{
  ""coordinates"": [
    -83.17945988,
    42.409402774
  ],
  ""type"": ""Point""
}",-83.17945988,42.4094027740001
4271,9839752,FENKELL,OUTER,2016-10-27,27,10,2016,7,5,97,9,,2,0,,1,1,2,35,4,2,2,5,0,0,0,0,true,,false,false,false,false,false,,,,,,false,true,false,,,false,false,false,false,false,-83.23262,42.40077,"{
  ""coordinates"": [
    -8.323262213100000e+01,
    4.240076918900010e+01
  ],
  ""type"": ""Point""
}","{
  ""coordinates"": [
    -83.232622131,
    42.400769189
  ],
  ""type"": ""Point""
}",-83.232622131,42.4007691890001
4272,9839781,CAMBRIDGE,PRAIRIE,2016-10-27,27,10,2016,15,5,8,9,,,0,,98,98,98,30,2,2,2,5,0,0,0,0,true,,false,false,false,false,false,,,,,,false,false,false,,,false,false,false,false,false,-83.14569,42.43333,"{
  ""coordinates"": [
    -8.314568757799999e+01,
    4.243332560900010e+01
  ],
  ""type"": ""Point""
}","{
  ""coordinates"": [
    -83.145687578,
    42.433325609
  ],
  ""type"": ""Point""
}",-83.145687578,42.4333256090001
4273,9876271,I-75,SCHAEFER,2016-10-27,27,10,2016,8,5,1,1,,1,1,,2,4,1,60,4,1,1,5,0,0,0,0,true,,false,false,false,false,false,,,,,,false,false,false,,,false,false,false,false,false,-83.15545,42.27763,"{
  ""coordinates"": [
    -8.315544597600000e+01,
    4.227762540100010e+01
  ],
  ""type"": ""Point""
}","{
  ""coordinates"": [
    -83.155445976,
    42.277625401
  ],
  ""type"": ""Point""
}",-83.155445976,42.2776254010001