ObjectId,Crash ID,Primary Road,Intersecting Road,Crash Date,Day,Month,Year,Hour,Weekday,Crash Type Code,Highway Classification Code,Community Code,Jurisdiction Code,Lane Departure Type Code,Surface Type,Road Condition,Weather Condition,Lighting Condition,Speed Limit,Lanes,Units,Occupants,Most Severe Injury,Fatal Injuries,Suspected Serious Injuries,Suspected Minor Injuries,Possible Injuries,Property Damage Only,Secondary Crash,Traffic Control,Red Light Run,Hit and Run,Alcohol,Drugs,Unbelted Person,Work Zone,Speeding Driver,Distracted Driver,Driveway,Pedestrian,Elderly Driver,Young Driver,Commercial Vehicle,Emergency Vehicles,Train,School Bus,Motorcycle,Bicycle,Deer,Longitude,Latitude,geom,geog,x,y
4274,9997404,E I 94,30TH,2016-10-27,27,10,2016,9,5,5,1,,1,0,,2,4,1,55,3,2,2,5,0,0,0,0,true,,false,false,false,false,false,,,,,,false,false,false,,,false,false,false,false,false,-83.11474,42.34335,"{
  ""coordinates"": [
    -8.311474199700000e+01,
    4.234334499000000e+01
  ],
  ""type"": ""Point""
}","{
  ""coordinates"": [
    -83.114741997,
    42.34334499
  ],
  ""type"": ""Point""
}",-83.114741997,42.34334499
4275,9838396,STRASBURG,STATE FAIR,2016-10-27,27,10,2016,15,5,4,9,,,0,,1,1,1,25,1,2,1,5,0,0,0,0,true,,true,false,false,false,false,,,,,,false,false,false,,,false,false,false,false,false,-82.99879,42.44172,"{
  ""coordinates"": [
    -8.299879817999989e+01,
    4.244171787600000e+01
  ],
  ""type"": ""Point""
}","{
  ""coordinates"": [
    -82.99879818,
    42.441717876
  ],
  ""type"": ""Point""
}",-82.9987981799999,42.441717876
4276,9838358,TEMPLE,2ND,2016-10-27,27,10,2016,7,5,5,9,,4,0,,2,4,5,30,2,3,3,4,0,0,0,1,false,,false,false,true,false,false,,,,,,false,false,false,,,false,false,false,false,false,-83.06148,42.34088,"{
  ""coordinates"": [
    -8.306147420600000e+01,
    4.234087804400010e+01
  ],
  ""type"": ""Point""
}","{
  ""coordinates"": [
    -83.061474206,
    42.340878044
  ],
  ""type"": ""Point""
}",-83.061474206,42.3408780440001
4277,9868528,S M 10,RAMP 125C,2016-10-27,27,10,2016,10,5,1,3,,1,1,,2,4,1,45,2,1,1,5,0,0,0,0,true,,false,false,false,false,false,,,,,,false,false,true,,,false,false,false,false,false,-83.05374,42.32646,"{
  ""coordinates"": [
    -8.305373998000000e+01,
    4.232646077200010e+01
  ],
  ""type"": ""Point""
}","{
  ""coordinates"": [
    -83.05373998,
    42.326460772
  ],
  ""type"": ""Point""
}",-83.05373998,42.3264607720001
4278,9868522,I-94,RUSSELL,2016-10-27,27,10,2016,3,5,1,1,,1,1,,2,2,4,55,3,1,1,5,0,0,0,0,true,,false,false,false,false,false,,,,,,false,false,false,,,false,false,false,false,false,-83.05698,42.36938,"{
  ""coordinates"": [
    -8.305697778699989e+01,
    4.236937698100010e+01
  ],
  ""type"": ""Point""
}","{
  ""coordinates"": [
    -83.056977787,
    42.369376981
  ],
  ""type"": ""Point""
}",-83.0569777869999,42.3693769810001
4279,9839762,GRAND RIVER,SOUTHFIELD SERVICE DRIVE,2016-10-27,27,10,2016,3,5,97,3,,1,0,,1,1,1,35,6,2,2,5,0,0,0,0,true,,false,false,false,false,false,,,,,,false,true,false,,,false,false,false,false,false,-83.21795,42.40056,"{
  ""coordinates"": [
    -8.321794705000001e+01,
    4.240056408900010e+01
  ],
  ""type"": ""Point""
}","{
  ""coordinates"": [
    -83.21794705,
    42.400564089
  ],
  ""type"": ""Point""
}",-83.21794705,42.4005640890001
4280,9873188,I-94,TARNOW,2016-10-27,27,10,2016,0,5,8,9,,4,0,,2,2,4,55,3,2,2,5,0,0,0,0,true,,false,false,false,false,false,,,,,,false,false,false,,,false,false,false,false,false,-83.13673,42.33248,"{
  ""coordinates"": [
    -8.313673743500000e+01,
    4.233248170500010e+01
  ],
  ""type"": ""Point""
}","{
  ""coordinates"": [
    -83.136737435,
    42.332481705
  ],
  ""type"": ""Point""
}",-83.136737435,42.3324817050001
4281,9837029,OUTER,BURT,2016-10-26,26,10,2016,7,4,4,9,,2,0,,1,1,1,30,2,2,1,5,0,0,0,0,true,,false,false,true,false,false,,,,,,false,true,false,,,false,false,false,false,false,-83.24697,42.39773,"{
  ""coordinates"": [
    -8.324697093200000e+01,
    4.239773273900000e+01
  ],
  ""type"": ""Point""
}","{
  ""coordinates"": [
    -83.246970932,
    42.397732739
  ],
  ""type"": ""Point""
}",-83.246970932,42.397732739
4282,9837020,FOREST,AVERY,2016-10-26,26,10,2016,7,4,4,9,,4,0,,1,1,2,25,7,2,3,5,0,0,0,0,true,,true,false,false,false,false,,,,,,false,false,true,,,false,false,false,false,false,-83.07993,42.34916,"{
  ""coordinates"": [
    -8.307993130100000e+01,
    4.234915725900000e+01
  ],
  ""type"": ""Point""
}","{
  ""coordinates"": [
    -83.079931301,
    42.349157259
  ],
  ""type"": ""Point""
}",-83.079931301,42.349157259
4283,9838387,MACK,N I 75 SERVICE DRIVE,2016-10-26,26,10,2016,15,4,9,9,,4,0,,2,1,1,35,3,2,2,5,0,0,0,0,true,,false,false,false,false,false,,,,,,false,false,false,,,false,false,false,false,false,-83.04739,42.35137,"{
  ""coordinates"": [
    -8.304739331099999e+01,
    4.235136695900010e+01
  ],
  ""type"": ""Point""
}","{
  ""coordinates"": [
    -83.047393311,
    42.351366959
  ],
  ""type"": ""Point""
}",-83.047393311,42.3513669590001
4284,9840952,VISGER,EDSEL,2016-10-26,26,10,2016,19,4,8,3,,4,0,,2,4,4,25,4,2,5,5,0,0,0,0,true,,false,false,false,false,false,,,,,,false,false,false,,,false,false,false,false,false,-83.16113,42.26818,"{
  ""coordinates"": [
    -8.316112245900000e+01,
    4.226818525800010e+01
  ],
  ""type"": ""Point""
}","{
  ""coordinates"": [
    -83.161122459,
    42.268185258
  ],
  ""type"": ""Point""
}",-83.161122459,42.2681852580001
4285,9837014,GREENFIELD,PLYMOUTH,2016-10-26,26,10,2016,18,4,4,9,,2,0,,2,4,4,35,5,2,2,3,0,0,1,1,false,,false,false,false,false,false,,,,,,false,false,true,,,false,false,false,false,false,-83.19756,42.37256,"{
  ""coordinates"": [
    -8.319755199799989e+01,
    4.237255834800000e+01
  ],
  ""type"": ""Point""
}","{
  ""coordinates"": [
    -83.197551998,
    42.372558348
  ],
  ""type"": ""Point""
}",-83.1975519979999,42.372558348
4286,9848407,375 SERVICE,LARNED,2016-10-26,26,10,2016,13,4,97,1,,4,0,,2,4,1,25,2,1,1,5,0,0,0,0,true,,false,false,false,false,false,,,,,,false,false,false,,,false,false,false,false,false,-83.03593,42.33362,"{
  ""coordinates"": [
    -8.303592352899990e+01,
    4.233362340200010e+01
  ],
  ""type"": ""Point""
}","{
  ""coordinates"": [
    -83.035923529,
    42.333623402
  ],
  ""type"": ""Point""
}",-83.0359235289999,42.3336234020001
4287,9997380,S I 75,RAMP 216B,2016-10-26,26,10,2016,16,4,5,1,,1,0,,2,4,1,55,4,2,1,5,0,0,0,0,true,,false,false,true,false,false,,,,,,false,false,false,,,false,false,false,false,false,-83.05725,42.36649,"{
  ""coordinates"": [
    -8.305725229399999e+01,
    4.236649402500010e+01
  ],
  ""type"": ""Point""
}","{
  ""coordinates"": [
    -83.057252294,
    42.366494025
  ],
  ""type"": ""Point""
}",-83.057252294,42.3664940250001
4288,9837046,REX,MANNING,2016-10-26,26,10,2016,12,4,8,9,,,0,,1,1,1,25,1,2,2,5,0,0,0,0,true,,false,false,false,false,false,,,,,,false,true,false,,,false,false,false,false,false,-82.95838,42.44118,"{
  ""coordinates"": [
    -8.295837876000000e+01,
    4.244117979900010e+01
  ],
  ""type"": ""Point""
}","{
  ""coordinates"": [
    -82.95837876,
    42.441179799
  ],
  ""type"": ""Point""
}",-82.95837876,42.4411797990001
4289,9837048,8 MILE,VAN DYKE,2016-10-26,26,10,2016,12,4,8,3,,1,0,,2,4,1,40,6,2,3,5,0,0,0,0,true,,false,false,false,false,false,,,,,,false,false,false,,,false,false,false,false,false,-83.02503,42.44815,"{
  ""coordinates"": [
    -8.302503025100000e+01,
    4.244815088000010e+01
  ],
  ""type"": ""Point""
}","{
  ""coordinates"": [
    -83.025030251,
    42.44815088
  ],
  ""type"": ""Point""
}",-83.025030251,42.4481508800001
4290,9838362,GRANDRIVER,STRATHMOOR,2016-10-26,26,10,2016,18,4,4,3,,1,0,,2,4,1,35,5,2,4,5,0,0,0,0,true,,false,false,false,false,false,,,,,,false,false,false,,,false,false,false,false,false,-83.18688,42.38803,"{
  ""coordinates"": [
    -8.318688036799990e+01,
    4.238803309900000e+01
  ],
  ""type"": ""Point""
}","{
  ""coordinates"": [
    -83.186880368,
    42.388033099
  ],
  ""type"": ""Point""
}",-83.1868803679999,42.388033099
4291,9837059,RAMP 220D,NORTH/SOUTH CONNER CUTOFF,2016-10-26,26,10,2016,14,4,8,1,,1,0,,2,4,4,30,2,2,2,5,0,0,0,0,true,,false,false,false,false,false,,,,,,false,false,true,,,false,false,false,false,false,-82.98665,42.39526,"{
  ""coordinates"": [
    -8.298664937200000e+01,
    4.239526108200000e+01
  ],
  ""type"": ""Point""
}","{
  ""coordinates"": [
    -82.986649372,
    42.395261082
  ],
  ""type"": ""Point""
}",-82.986649372,42.395261082
4292,9841007,SCHAEFER,FORT,2016-10-26,26,10,2016,13,4,8,9,,2,0,,2,4,1,0,3,2,3,5,0,0,0,0,true,,false,false,false,false,false,,,,,,false,false,false,,,false,false,false,false,false,-83.1546,42.27591,"{
  ""coordinates"": [
    -8.315460249800000e+01,
    4.227591417000010e+01
  ],
  ""type"": ""Point""
}","{
  ""coordinates"": [
    -83.154602498,
    42.27591417
  ],
  ""type"": ""Point""
}",-83.154602498,42.2759141700001
4293,9837024,GOETHE,HURLBUT,2016-10-26,26,10,2016,14,4,4,9,,,0,,2,4,1,25,2,2,3,5,0,0,0,0,true,,true,false,false,false,false,,,,,,false,false,false,,,false,false,false,false,false,-82.98816,42.37184,"{
  ""coordinates"": [
    -8.298815739699999e+01,
    4.237183829600010e+01
  ],
  ""type"": ""Point""
}","{
  ""coordinates"": [
    -82.988157397,
    42.371838296
  ],
  ""type"": ""Point""
}",-82.988157397,42.3718382960001
4294,9840988,SANTA ROSA,BUENA,2016-10-26,26,10,2016,17,4,4,9,,,0,,2,2,1,25,2,2,3,5,0,0,0,0,true,,false,false,false,false,false,,,,,,false,false,false,,,false,false,false,false,false,-83.14157,42.38364,"{
  ""coordinates"": [
    -8.314157144399999e+01,
    4.238363828300000e+01
  ],
  ""type"": ""Point""
}","{
  ""coordinates"": [
    -83.141571444,
    42.383638283
  ],
  ""type"": ""Point""
}",-83.141571444,42.383638283
4295,9988483,I-94,M-10,2016-10-26,26,10,2016,19,4,8,1,,1,0,,2,4,4,55,3,2,3,5,0,0,0,0,true,,false,false,false,false,false,,,,,,false,false,false,,,false,false,false,false,false,-83.08447,42.35485,"{
  ""coordinates"": [
    -8.308446376400001e+01,
    4.235485499200010e+01
  ],
  ""type"": ""Point""
}","{
  ""coordinates"": [
    -83.084463764,
    42.354854992
  ],
  ""type"": ""Point""
}",-83.084463764,42.3548549920001
4296,9868526,I-96,BENTLER,2016-10-26,26,10,2016,21,4,1,9,,4,1,,2,2,4,70,5,1,1,4,0,0,0,1,false,,false,false,false,false,false,,,,,,false,false,false,,,false,false,false,false,false,-83.25215,42.38493,"{
  ""coordinates"": [
    -8.325214903200001e+01,
    4.238493511000010e+01
  ],
  ""type"": ""Point""
}","{
  ""coordinates"": [
    -83.252149032,
    42.38493511
  ],
  ""type"": ""Point""
}",-83.252149032,42.3849351100001
4297,9837022,BALFOUR,BRUNSWICK,2016-10-26,26,10,2016,14,4,4,9,,,0,,2,4,1,25,2,2,2,5,0,0,0,0,true,,false,false,false,false,false,,,,,,false,false,true,,,false,false,false,false,false,-82.94018,42.38993,"{
  ""coordinates"": [
    -8.294018113300000e+01,
    4.238993560100000e+01
  ],
  ""type"": ""Point""
}","{
  ""coordinates"": [
    -82.940181133,
    42.389935601
  ],
  ""type"": ""Point""
}",-82.940181133,42.389935601
4298,9837041,EVERGREEN,FARGO,2016-10-26,26,10,2016,12,4,4,9,,4,0,,2,4,1,30,4,2,3,3,0,0,1,0,false,,false,false,false,false,false,,,,,,false,false,true,,,false,false,false,false,false,-83.2392,42.4384,"{
  ""coordinates"": [
    -8.323919625400001e+01,
    4.243839921300000e+01
  ],
  ""type"": ""Point""
}","{
  ""coordinates"": [
    -83.239196254,
    42.438399213
  ],
  ""type"": ""Point""
}",-83.239196254,42.438399213
4299,9839729,OUTER,ASBURY,2016-10-26,26,10,2016,16,4,5,9,,2,0,,2,4,1,35,3,2,2,5,0,0,0,0,true,,false,false,true,false,false,,,,,,false,false,true,,,false,false,false,false,false,-83.20917,42.41927,"{
  ""coordinates"": [
    -8.320917026200000e+01,
    4.241926504400000e+01
  ],
  ""type"": ""Point""
}","{
  ""coordinates"": [
    -83.209170262,
    42.419265044
  ],
  ""type"": ""Point""
}",-83.209170262,42.419265044
4300,9842181,8 MILE,VAN DYKE,2016-10-26,26,10,2016,19,4,5,3,,1,0,,2,4,4,40,4,2,2,3,0,0,1,1,false,,false,false,false,false,false,,,,,,false,false,false,,,false,false,false,false,false,-83.02419,42.44817,"{
  ""coordinates"": [
    -8.302419198199991e+01,
    4.244817137800000e+01
  ],
  ""type"": ""Point""
}","{
  ""coordinates"": [
    -83.024191982,
    42.448171378
  ],
  ""type"": ""Point""
}",-83.0241919819999,42.448171378
4301,9840939,CONNER,HARPER,2016-10-26,26,10,2016,4,4,4,9,,4,0,,1,1,4,35,2,2,2,5,0,0,0,0,true,,false,false,false,false,false,,,,,,false,false,true,,,false,false,false,false,false,-82.98929,42.39716,"{
  ""coordinates"": [
    -8.298928874599990e+01,
    4.239716371700010e+01
  ],
  ""type"": ""Point""
}","{
  ""coordinates"": [
    -82.989288746,
    42.397163717
  ],
  ""type"": ""Point""
}",-82.9892887459999,42.3971637170001
4302,9838359,LIVERNOIS,MICHIGAN,2016-10-26,26,10,2016,7,4,5,2,,4,0,,1,1,2,35,4,2,2,5,0,0,0,0,true,,false,false,true,false,false,,,,,,false,false,false,,,false,false,false,false,false,-83.12034,42.33112,"{
  ""coordinates"": [
    -8.312033838900000e+01,
    4.233112292700010e+01
  ],
  ""type"": ""Point""
}","{
  ""coordinates"": [
    -83.120338389,
    42.331122927
  ],
  ""type"": ""Point""
}",-83.120338389,42.3311229270001
4303,9838376,SCOTTEN,HORATIO,2016-10-26,26,10,2016,7,4,5,9,,4,0,,1,1,1,35,4,2,0,5,0,0,0,0,true,,false,false,true,false,false,,,,,,false,false,false,,,false,false,false,false,false,-83.1095,42.34261,"{
  ""coordinates"": [
    -8.310950594500000e+01,
    4.234260420500000e+01
  ],
  ""type"": ""Point""
}","{
  ""coordinates"": [
    -83.109505945,
    42.342604205
  ],
  ""type"": ""Point""
}",-83.109505945,42.342604205
4304,9837052,WOODWARD,8 MILE SERVICE DRIVE,2016-10-26,26,10,2016,8,4,8,3,,1,0,,1,1,1,40,4,2,1,5,0,0,0,0,true,,false,false,true,false,false,,,,,,false,false,true,,,false,false,false,false,false,-83.12489,42.44632,"{
  ""coordinates"": [
    -8.312489549500000e+01,
    4.244632524500000e+01
  ],
  ""type"": ""Point""
}","{
  ""coordinates"": [
    -83.124895495,
    42.446325245
  ],
  ""type"": ""Point""
}",-83.124895495,42.446325245
4305,9838390,WILLIS,SAINT AUBIN,2016-10-26,26,10,2016,23,4,1,9,,,1,,2,4,5,25,2,1,3,3,0,0,3,0,false,,false,false,false,false,false,,,,,,false,false,false,,,false,false,false,false,false,-83.04065,42.35933,"{
  ""coordinates"": [
    -8.304065117999990e+01,
    4.235932646800010e+01
  ],
  ""type"": ""Point""
}","{
  ""coordinates"": [
    -83.04065118,
    42.359326468
  ],
  ""type"": ""Point""
}",-83.0406511799999,42.3593264680001
4306,9862544,ALTAR,ARTESIAN,2016-10-26,26,10,2016,16,4,2,9,,,2,,2,4,1,25,2,2,2,5,0,0,0,0,true,,false,false,false,false,false,,,,,,false,false,false,,,false,false,false,false,false,-83.22526,42.32944,"{
  ""coordinates"": [
    -8.322525433399990e+01,
    4.232943580200000e+01
  ],
  ""type"": ""Point""
}","{
  ""coordinates"": [
    -83.225254334,
    42.329435802
  ],
  ""type"": ""Point""
}",-83.2252543339999,42.329435802
4307,9933980,I-94,NOTTINGHAM,2016-10-26,26,10,2016,7,4,5,1,,1,0,,1,1,1,55,3,2,2,5,0,0,0,0,true,,false,false,false,false,false,,,,,,false,true,false,,,false,false,false,false,false,-82.95678,42.4061,"{
  ""coordinates"": [
    -8.295678095400000e+01,
    4.240610280300010e+01
  ],
  ""type"": ""Point""
}","{
  ""coordinates"": [
    -82.956780954,
    42.406102803
  ],
  ""type"": ""Point""
}",-82.956780954,42.4061028030001
4308,9838379,DAVISON,LINWOOD,2016-10-26,26,10,2016,15,4,97,3,,1,0,,2,2,1,35,2,2,2,5,0,0,0,0,true,,false,false,false,false,false,,,,,,false,true,false,,,false,false,false,false,false,-83.12202,42.39302,"{
  ""coordinates"": [
    -8.312202187100000e+01,
    4.239301701600000e+01
  ],
  ""type"": ""Point""
}","{
  ""coordinates"": [
    -83.122021871,
    42.393017016
  ],
  ""type"": ""Point""
}",-83.122021871,42.393017016
4309,9838405,7 MILE,RIOPELLE,2016-10-26,26,10,2016,8,4,8,9,,4,0,,1,1,1,30,2,2,1,5,0,0,0,0,true,,false,false,false,false,false,,,,,,false,false,true,,,false,false,false,false,false,-83.08681,42.43277,"{
  ""coordinates"": [
    -8.308681811199990e+01,
    4.243276601900000e+01
  ],
  ""type"": ""Point""
}","{
  ""coordinates"": [
    -83.086818112,
    42.432766019
  ],
  ""type"": ""Point""
}",-83.0868181119999,42.432766019
4310,9840968,LIVERNOIS,HANSON,2016-10-26,26,10,2016,22,4,5,1,,4,0,,2,4,4,35,5,2,2,5,0,0,0,0,true,,false,false,false,false,false,,,,,,false,false,false,,,false,false,false,false,false,-83.12577,42.33859,"{
  ""coordinates"": [
    -8.312576712899990e+01,
    4.233858953800010e+01
  ],
  ""type"": ""Point""
}","{
  ""coordinates"": [
    -83.125767129,
    42.338589538
  ],
  ""type"": ""Point""
}",-83.1257671289999,42.3385895380001
4311,9837049,16559 NORTHLAWN,MARYGROVE,2016-10-26,26,10,2016,7,4,98,9,,,0,,2,4,1,25,2,2,0,5,0,0,0,0,true,,false,false,true,false,false,,,,,,false,false,false,,,false,false,false,false,false,-83.15342,42.41309,"{
  ""coordinates"": [
    -8.315342293700000e+01,
    4.241309312400010e+01
  ],
  ""type"": ""Point""
}","{
  ""coordinates"": [
    -83.153422937,
    42.413093124
  ],
  ""type"": ""Point""
}",-83.153422937,42.4130931240001
4312,9838333,DAVISON,I-96,2016-10-26,26,10,2016,12,4,1,3,,1,1,,2,2,1,55,3,1,1,5,0,0,0,0,true,,false,false,false,false,false,,,,,,false,false,true,,,false,false,false,false,false,-83.14547,42.3864,"{
  ""coordinates"": [
    -8.314547330100000e+01,
    4.238640132100010e+01
  ],
  ""type"": ""Point""
}","{
  ""coordinates"": [
    -83.145473301,
    42.386401321
  ],
  ""type"": ""Point""
}",-83.145473301,42.3864013210001
4313,9838403,MARX,8 MILE,2016-10-26,26,10,2016,2,4,5,3,,,0,,1,1,4,25,1,2,1,5,0,0,0,0,true,,false,false,false,false,false,,,,,,false,false,false,,,false,false,false,false,false,-83.08457,42.4468,"{
  ""coordinates"": [
    -8.308457368800001e+01,
    4.244679528600010e+01
  ],
  ""type"": ""Point""
}","{
  ""coordinates"": [
    -83.084573688,
    42.446795286
  ],
  ""type"": ""Point""
}",-83.084573688,42.4467952860001
4314,9848413,RANDOLPH,JEFFERSON,2016-10-26,26,10,2016,10,4,10,3,,1,0,,1,2,1,25,3,2,2,5,0,0,0,0,true,,false,false,false,false,false,,,,,,false,false,false,,,false,false,false,false,false,-83.04203,42.3297,"{
  ""coordinates"": [
    -8.304203074500001e+01,
    4.232970195700010e+01
  ],
  ""type"": ""Point""
}","{
  ""coordinates"": [
    -83.042030745,
    42.329701957
  ],
  ""type"": ""Point""
}",-83.042030745,42.3297019570001
4315,9839779,LIVERNOIS,PURITAN,2016-10-26,26,10,2016,17,4,5,9,,4,0,,98,98,98,30,2,2,1,4,0,0,0,1,false,,false,false,false,false,false,,,,,,false,true,false,,,false,false,false,false,false,-83.14066,42.40977,"{
  ""coordinates"": [
    -8.314066265799990e+01,
    4.240977046300000e+01
  ],
  ""type"": ""Point""
}","{
  ""coordinates"": [
    -83.140662658,
    42.409770463
  ],
  ""type"": ""Point""
}",-83.1406626579999,42.409770463
4316,9880455,I-75,WARREN,2016-10-26,26,10,2016,15,4,5,1,,1,0,,2,4,1,55,4,3,3,5,0,0,0,0,true,,false,false,false,false,false,,,,,,false,false,false,,,false,false,false,false,false,-83.05407,42.36058,"{
  ""coordinates"": [
    -8.305406667499990e+01,
    4.236058611100000e+01
  ],
  ""type"": ""Point""
}","{
  ""coordinates"": [
    -83.054066675,
    42.360586111
  ],
  ""type"": ""Point""
}",-83.0540666749999,42.360586111
4317,9838381,SCHOOLCRAFT,ASHTON,2016-10-26,26,10,2016,16,4,8,9,,2,0,,2,4,1,30,2,4,2,5,0,0,0,0,true,,false,false,true,false,false,,,,,,false,false,false,,,false,false,false,false,false,-83.21867,42.38667,"{
  ""coordinates"": [
    -8.321867061800000e+01,
    4.238666415900010e+01
  ],
  ""type"": ""Point""
}","{
  ""coordinates"": [
    -83.218670618,
    42.386664159
  ],
  ""type"": ""Point""
}",-83.218670618,42.3866641590001
4318,9837015,WARREN,WOODWARD,2016-10-26,26,10,2016,18,4,4,3,,4,0,,2,4,4,30,2,2,2,5,0,0,0,0,true,,false,false,false,false,false,,,,,,false,false,true,,,false,false,false,false,false,-83.06443,42.35694,"{
  ""coordinates"": [
    -8.306443225100000e+01,
    4.235694270800010e+01
  ],
  ""type"": ""Point""
}","{
  ""coordinates"": [
    -83.064432251,
    42.356942708
  ],
  ""type"": ""Point""
}",-83.064432251,42.3569427080001
4319,9848050,I-94,I-75,2016-10-26,26,10,2016,11,4,5,1,,1,0,,1,1,1,70,3,2,2,5,0,0,0,0,true,,false,false,false,false,false,,,,,,false,false,false,,,false,false,false,false,false,-83.05652,42.36965,"{
  ""coordinates"": [
    -8.305652229400000e+01,
    4.236965124700000e+01
  ],
  ""type"": ""Point""
}","{
  ""coordinates"": [
    -83.056522294,
    42.369651247
  ],
  ""type"": ""Point""
}",-83.056522294,42.369651247
4320,9838402,MOUND,OUTER,2016-10-26,26,10,2016,13,4,3,9,,2,0,,2,4,1,35,6,2,2,5,0,0,0,0,true,,false,false,false,false,false,,,,,,false,false,true,,,false,false,false,false,false,-83.04369,42.44052,"{
  ""coordinates"": [
    -8.304368761500000e+01,
    4.244051935200010e+01
  ],
  ""type"": ""Point""
}","{
  ""coordinates"": [
    -83.043687615,
    42.440519352
  ],
  ""type"": ""Point""
}",-83.043687615,42.4405193520001
4321,9837023,MOROSS,HARPER,2016-10-26,26,10,2016,15,4,5,9,,2,0,,2,4,1,35,2,2,2,5,0,0,0,0,true,,false,false,false,false,false,,,,,,false,false,false,,,false,false,false,false,false,-82.92953,42.42473,"{
  ""coordinates"": [
    -8.292953546000000e+01,
    4.242473358400010e+01
  ],
  ""type"": ""Point""
}","{
  ""coordinates"": [
    -82.92953546,
    42.424733584
  ],
  ""type"": ""Point""
}",-82.92953546,42.4247335840001
4322,9840932,I 94 W/B,CADIEUX,2016-10-26,26,10,2016,22,4,8,1,,1,0,,2,4,4,55,3,2,2,5,0,0,0,0,true,,false,false,false,false,false,,,,,,false,true,false,,,false,false,false,false,false,-82.93333,42.41952,"{
  ""coordinates"": [
    -8.293333042800000e+01,
    4.241952309000000e+01
  ],
  ""type"": ""Point""
}","{
  ""coordinates"": [
    -82.933330428,
    42.41952309
  ],
  ""type"": ""Point""
}",-82.933330428,42.41952309
4323,9844443,CASS,WARREN,2016-10-26,26,10,2016,18,4,8,9,,4,0,,2,4,4,25,2,2,2,5,0,0,0,0,true,,false,false,false,false,false,,,,,,false,false,false,,,false,false,false,false,false,-83.06662,42.35594,"{
  ""coordinates"": [
    -8.306662213399990e+01,
    4.235593786900010e+01
  ],
  ""type"": ""Point""
}","{
  ""coordinates"": [
    -83.066622134,
    42.355937869
  ],
  ""type"": ""Point""
}",-83.0666221339999,42.3559378690001
4324,9839728,MCNICHOLS,LITTLEFIELD,2016-10-26,26,10,2016,17,4,98,9,,2,0,,2,4,3,35,2,2,1,5,0,0,0,0,true,,false,false,false,false,false,,,,,,false,false,false,,,false,false,false,false,false,-83.17644,42.4166,"{
  ""coordinates"": [
    -8.317643533099989e+01,
    4.241660301900000e+01
  ],
  ""type"": ""Point""
}","{
  ""coordinates"": [
    -83.176435331,
    42.416603019
  ],
  ""type"": ""Point""
}",-83.1764353309999,42.416603019
4325,9848512,HAVANA,STATE FAIR,2016-10-26,26,10,2016,23,4,9,9,,,0,,2,4,4,25,2,2,1,5,0,0,0,0,true,,false,false,true,false,false,,,,,,false,false,false,,,false,false,false,false,false,-83.11039,42.43941,"{
  ""coordinates"": [
    -8.311039105000000e+01,
    4.243941188800010e+01
  ],
  ""type"": ""Point""
}","{
  ""coordinates"": [
    -83.11039105,
    42.439411888
  ],
  ""type"": ""Point""
}",-83.11039105,42.4394118880001
4326,9838392,SOUTHFIELD SERVICE DRIVE,MCNICHOLS,2016-10-26,26,10,2016,1,4,5,3,,4,0,,1,1,4,25,4,2,2,2,0,1,0,0,false,,false,false,false,true,false,,,,,,false,false,false,,,false,false,false,false,false,-83.21839,42.41555,"{
  ""coordinates"": [
    -8.321838922099990e+01,
    4.241554667800010e+01
  ],
  ""type"": ""Point""
}","{
  ""coordinates"": [
    -83.218389221,
    42.415546678
  ],
  ""type"": ""Point""
}",-83.2183892209999,42.4155466780001
4327,9880454,I-94,I-75,2016-10-26,26,10,2016,7,4,5,1,,1,0,,1,1,3,55,3,2,2,5,0,0,0,0,true,,false,false,false,false,false,,,,,,false,false,true,,,false,false,false,false,false,-83.05434,42.37111,"{
  ""coordinates"": [
    -8.305434232399990e+01,
    4.237111251600000e+01
  ],
  ""type"": ""Point""
}","{
  ""coordinates"": [
    -83.054342324,
    42.371112516
  ],
  ""type"": ""Point""
}",-83.0543423239999,42.371112516
4328,9892943,I-94,CADIEUX,2016-10-26,26,10,2016,18,4,5,1,,1,0,,2,4,5,55,3,2,2,5,0,0,0,0,true,,false,false,false,false,false,,,,,,false,false,false,,,false,false,false,false,false,-82.9407,42.41475,"{
  ""coordinates"": [
    -8.294070432599990e+01,
    4.241475132700000e+01
  ],
  ""type"": ""Point""
}","{
  ""coordinates"": [
    -82.940704326,
    42.414751327
  ],
  ""type"": ""Point""
}",-82.9407043259999,42.414751327
4329,9915670,S M 10,LIVERNOIS,2016-10-26,26,10,2016,12,4,8,3,,1,0,,2,4,1,35,4,2,1,5,0,0,0,0,true,,false,false,true,false,false,,,,,,false,false,true,,,false,false,false,false,false,-83.14022,42.40481,"{
  ""coordinates"": [
    -8.314022102099990e+01,
    4.240480708800000e+01
  ],
  ""type"": ""Point""
}","{
  ""coordinates"": [
    -83.140221021,
    42.404807088
  ],
  ""type"": ""Point""
}",-83.1402210209999,42.404807088
4330,9837013,DAVISON,WYOMING,2016-10-26,26,10,2016,12,4,8,9,,4,0,,2,4,1,30,2,2,3,5,0,0,0,0,true,,false,false,false,false,false,,,,,,false,false,true,,,false,false,false,false,false,-83.15909,42.38606,"{
  ""coordinates"": [
    -8.315908966099990e+01,
    4.238606152100000e+01
  ],
  ""type"": ""Point""
}","{
  ""coordinates"": [
    -83.159089661,
    42.386061521
  ],
  ""type"": ""Point""
}",-83.1590896609999,42.386061521