ObjectId,Crash ID,Primary Road,Intersecting Road,Crash Date,Day,Month,Year,Hour,Weekday,Crash Type Code,Highway Classification Code,Community Code,Jurisdiction Code,Lane Departure Type Code,Surface Type,Road Condition,Weather Condition,Lighting Condition,Speed Limit,Lanes,Units,Occupants,Most Severe Injury,Fatal Injuries,Suspected Serious Injuries,Suspected Minor Injuries,Possible Injuries,Property Damage Only,Secondary Crash,Traffic Control,Red Light Run,Hit and Run,Alcohol,Drugs,Unbelted Person,Work Zone,Speeding Driver,Distracted Driver,Driveway,Pedestrian,Elderly Driver,Young Driver,Commercial Vehicle,Emergency Vehicles,Train,School Bus,Motorcycle,Bicycle,Deer,Longitude,Latitude,geom,geog,x,y
4387,9835769,8 MILE,GRATIOT,2016-10-25,25,10,2016,17,3,5,3,,1,0,,1,1,1,45,3,2,3,4,0,0,0,1,false,,false,false,true,false,false,,,,,,false,false,false,,,false,false,false,false,false,-82.96989,42.44973,"{
  ""coordinates"": [
    -8.296988820699990e+01,
    4.244973315300010e+01
  ],
  ""type"": ""Point""
}","{
  ""coordinates"": [
    -82.969888207,
    42.449733153
  ],
  ""type"": ""Point""
}",-82.9698882069999,42.4497331530001
4388,9837036,GRATIOT,SAINT AUBIN,2016-10-25,25,10,2016,18,3,8,3,,1,0,,1,1,4,35,7,2,2,5,0,0,0,0,true,,false,false,false,false,false,,,,,,false,false,false,,,false,false,false,false,false,-83.03442,42.34913,"{
  ""coordinates"": [
    -8.303441803200000e+01,
    4.234912742300000e+01
  ],
  ""type"": ""Point""
}","{
  ""coordinates"": [
    -83.034418032,
    42.349127423
  ],
  ""type"": ""Point""
}",-83.034418032,42.349127423
4389,9835789,VAN DYKE,8 MILE,2016-10-25,25,10,2016,9,3,1,3,,,0,,1,1,1,40,1,1,1,5,0,0,0,0,true,,false,false,false,false,false,,,,,,false,false,false,,,false,false,false,false,false,-83.02192,42.44825,"{
  ""coordinates"": [
    -8.302192228000000e+01,
    4.244824485400010e+01
  ],
  ""type"": ""Point""
}","{
  ""coordinates"": [
    -83.02192228,
    42.448244854
  ],
  ""type"": ""Point""
}",-83.02192228,42.4482448540001
4390,9837019,MILWAUKEE,BRUSH,2016-10-25,25,10,2016,10,3,1,9,,4,0,,1,1,1,0,2,2,0,3,0,0,1,0,false,,false,false,true,false,false,,,,,,true,false,false,,,false,false,false,false,false,-83.06796,42.37081,"{
  ""coordinates"": [
    -8.306795980200000e+01,
    4.237081262900010e+01
  ],
  ""type"": ""Point""
}","{
  ""coordinates"": [
    -83.067959802,
    42.370812629
  ],
  ""type"": ""Point""
}",-83.067959802,42.3708126290001
4391,9838369,CASS,PALMER,2016-10-25,25,10,2016,18,3,4,9,,4,0,,1,2,3,30,4,2,1,5,0,0,0,0,true,,false,false,true,false,false,,,,,,false,false,true,,,false,false,false,false,false,-83.06973,42.36138,"{
  ""coordinates"": [
    -8.306972858400000e+01,
    4.236138216200000e+01
  ],
  ""type"": ""Point""
}","{
  ""coordinates"": [
    -83.069728584,
    42.361382162
  ],
  ""type"": ""Point""
}",-83.069728584,42.361382162
4392,9838395,TEPPERT,STATE FAIR,2016-10-25,25,10,2016,10,3,4,9,,,0,,1,1,1,35,2,2,2,5,0,0,0,0,true,,false,false,false,false,false,,,,,,false,false,false,,,false,false,false,false,false,-83.00806,42.44138,"{
  ""coordinates"": [
    -8.300806568099991e+01,
    4.244137966100000e+01
  ],
  ""type"": ""Point""
}","{
  ""coordinates"": [
    -83.008065681,
    42.441379661
  ],
  ""type"": ""Point""
}",-83.0080656809999,42.441379661
4393,9837012,DICKERSON,BROOKS,2016-10-25,25,10,2016,21,3,4,9,,4,0,,1,1,4,25,2,2,1,3,0,0,1,0,false,,true,false,true,false,false,,,,,,false,false,false,,,false,false,false,false,false,-82.95432,42.37299,"{
  ""coordinates"": [
    -8.295431341699999e+01,
    4.237299474700010e+01
  ],
  ""type"": ""Point""
}","{
  ""coordinates"": [
    -82.954313417,
    42.372994747
  ],
  ""type"": ""Point""
}",-82.954313417,42.3729947470001
4394,9835750,2629 NORMAN,PITT,2016-10-25,25,10,2016,8,3,5,9,,,0,,1,1,2,25,2,2,1,5,0,0,0,0,true,,false,false,false,false,false,,,,,,false,false,false,,,false,false,false,false,false,-83.13071,42.31255,"{
  ""coordinates"": [
    -8.313071311800000e+01,
    4.231255156500000e+01
  ],
  ""type"": ""Point""
}","{
  ""coordinates"": [
    -83.130713118,
    42.312551565
  ],
  ""type"": ""Point""
}",-83.130713118,42.312551565
4395,9835778,DEXTER,KENDALL,2016-10-25,25,10,2016,15,3,4,9,,4,0,,1,1,1,25,4,2,2,2,0,1,0,1,false,,false,false,false,false,false,,,,,,false,false,false,,,false,false,false,false,false,-83.13393,42.39437,"{
  ""coordinates"": [
    -8.313392697700000e+01,
    4.239437127000010e+01
  ],
  ""type"": ""Point""
}","{
  ""coordinates"": [
    -83.133926977,
    42.39437127
  ],
  ""type"": ""Point""
}",-83.133926977,42.3943712700001
4396,9835746,GRAND RIVER,KENTUCKY,2016-10-25,25,10,2016,19,3,4,3,,1,0,,1,1,5,35,4,2,2,5,0,0,0,0,true,,false,false,false,false,false,,,,,,false,false,true,,,false,false,false,false,false,-83.15762,42.37625,"{
  ""coordinates"": [
    -8.315762134499990e+01,
    4.237625084400000e+01
  ],
  ""type"": ""Point""
}","{
  ""coordinates"": [
    -83.157621345,
    42.376250844
  ],
  ""type"": ""Point""
}",-83.1576213449999,42.376250844
4397,9839716,S M 10 SERVICE DRIVE,FOREST,2016-10-25,25,10,2016,15,3,8,3,,4,0,,98,1,3,35,3,2,2,4,0,0,0,1,false,,false,false,false,false,false,,,,,,false,false,true,,,false,false,false,false,false,-83.07269,42.35152,"{
  ""coordinates"": [
    -8.307268370299990e+01,
    4.235151505300010e+01
  ],
  ""type"": ""Point""
}","{
  ""coordinates"": [
    -83.072683703,
    42.351515053
  ],
  ""type"": ""Point""
}",-83.0726837029999,42.3515150530001
4398,9835758,JEFFERSON,LYCASTE,2016-10-25,25,10,2016,18,3,97,9,,4,0,,1,1,1,45,7,2,4,4,0,0,0,3,false,,false,false,false,false,false,,,,,,false,false,false,,,false,false,false,false,false,-82.96767,42.3682,"{
  ""coordinates"": [
    -8.296767345400001e+01,
    4.236819983100000e+01
  ],
  ""type"": ""Point""
}","{
  ""coordinates"": [
    -82.967673454,
    42.368199831
  ],
  ""type"": ""Point""
}",-82.967673454,42.368199831
4399,9837025,S M 39 SERVICE DRIVE,TIREMAN,2016-10-25,25,10,2016,21,3,4,9,,4,0,,1,1,4,25,2,2,2,3,0,0,1,0,false,,true,true,false,true,false,,,,,,false,false,false,,,false,false,false,false,false,-83.21677,42.35064,"{
  ""coordinates"": [
    -8.321677285399990e+01,
    4.235063896700010e+01
  ],
  ""type"": ""Point""
}","{
  ""coordinates"": [
    -83.216772854,
    42.350638967
  ],
  ""type"": ""Point""
}",-83.2167728539999,42.3506389670001
4400,9836936,I 94,DICKERSON,2016-10-25,25,10,2016,6,3,1,1,,1,1,,1,1,4,55,3,1,1,4,0,0,0,1,false,,false,false,false,false,false,,,,,,false,false,false,,,false,false,false,false,false,-82.97772,42.40041,"{
  ""coordinates"": [
    -8.297771953900001e+01,
    4.240040762800000e+01
  ],
  ""type"": ""Point""
}","{
  ""coordinates"": [
    -82.977719539,
    42.400407628
  ],
  ""type"": ""Point""
}",-82.977719539,42.400407628
4401,9838320,M 39,8 MILE,2016-10-25,25,10,2016,18,3,5,3,,1,0,,1,1,1,55,3,3,3,4,0,0,0,1,false,,false,false,false,false,false,,,,,,false,false,false,,,false,false,false,false,false,-83.2198,42.44389,"{
  ""coordinates"": [
    -8.321980280799990e+01,
    4.244388959000000e+01
  ],
  ""type"": ""Point""
}","{
  ""coordinates"": [
    -83.219802808,
    42.44388959
  ],
  ""type"": ""Point""
}",-83.2198028079999,42.44388959
4402,9838360,FORT,6TH,2016-10-25,25,10,2016,22,3,4,3,,1,0,,1,1,1,30,2,2,2,5,0,0,0,0,true,,false,false,false,false,false,,,,,,false,false,true,,,false,false,false,false,false,-83.05813,42.32608,"{
  ""coordinates"": [
    -8.305812496899991e+01,
    4.232608476500010e+01
  ],
  ""type"": ""Point""
}","{
  ""coordinates"": [
    -83.058124969,
    42.326084765
  ],
  ""type"": ""Point""
}",-83.0581249689999,42.3260847650001
4403,9836937,RAMP 215A,I 94,2016-10-25,25,10,2016,7,3,5,1,,1,0,,1,1,1,55,1,2,1,5,0,0,0,0,true,,false,false,true,false,false,,,,,,false,false,false,,,false,false,false,false,false,-83.07907,42.35711,"{
  ""coordinates"": [
    -8.307907083100000e+01,
    4.235710352500010e+01
  ],
  ""type"": ""Point""
}","{
  ""coordinates"": [
    -83.079070831,
    42.357103525
  ],
  ""type"": ""Point""
}",-83.079070831,42.3571035250001
4404,9835773,7 MILE,DRESDEN,2016-10-25,25,10,2016,10,3,5,9,,4,0,,1,1,1,30,2,2,2,5,0,0,0,0,true,,false,false,false,false,false,,,,,,false,false,true,,,false,false,false,false,false,-82.99993,42.43457,"{
  ""coordinates"": [
    -8.299993310600000e+01,
    4.243456952300010e+01
  ],
  ""type"": ""Point""
}","{
  ""coordinates"": [
    -82.999933106,
    42.434569523
  ],
  ""type"": ""Point""
}",-82.999933106,42.4345695230001
4405,9835762,BURT,VASSAR,2016-10-25,25,10,2016,15,3,97,9,,4,0,,1,1,1,25,2,2,1,5,0,0,0,0,true,,true,false,true,false,false,,,,,,false,false,false,,,false,false,false,false,false,-83.24873,42.43294,"{
  ""coordinates"": [
    -8.324873425999991e+01,
    4.243293785300010e+01
  ],
  ""type"": ""Point""
}","{
  ""coordinates"": [
    -83.24873426,
    42.432937853
  ],
  ""type"": ""Point""
}",-83.2487342599999,42.4329378530001
4406,9922195,NB M-39,MCNICHOLS,2016-10-25,25,10,2016,10,3,5,3,,1,0,,1,98,1,55,3,2,2,5,0,0,0,0,true,,false,false,false,false,false,,,,,,false,false,false,,,false,false,false,false,false,-83.2187,42.41193,"{
  ""coordinates"": [
    -8.321869803200001e+01,
    4.241193423200010e+01
  ],
  ""type"": ""Point""
}","{
  ""coordinates"": [
    -83.218698032,
    42.411934232
  ],
  ""type"": ""Point""
}",-83.218698032,42.4119342320001
4407,9837050,SAN JUAN,CLARITA,2016-10-25,25,10,2016,22,3,98,9,,,0,,1,1,4,25,2,2,0,5,0,0,0,0,true,,false,false,true,false,false,,,,,,false,false,false,,,false,false,false,false,false,-83.14685,42.42931,"{
  ""coordinates"": [
    -8.314685353800000e+01,
    4.242931069400000e+01
  ],
  ""type"": ""Point""
}","{
  ""coordinates"": [
    -83.146853538,
    42.429310694
  ],
  ""type"": ""Point""
}",-83.146853538,42.429310694
4408,9843247,M-39,GRAND RIVER,2016-10-25,25,10,2016,12,3,5,3,,1,0,,1,2,1,55,3,2,3,4,0,0,0,1,false,,false,false,false,false,false,,,,,,false,true,false,,,false,false,false,false,false,-83.21805,42.39705,"{
  ""coordinates"": [
    -8.321804433200001e+01,
    4.239705413600010e+01
  ],
  ""type"": ""Point""
}","{
  ""coordinates"": [
    -83.218044332,
    42.397054136
  ],
  ""type"": ""Point""
}",-83.218044332,42.3970541360001
4409,9837034,KERCHEVAL,FIELD,2016-10-25,25,10,2016,10,3,4,9,,4,0,,1,1,1,30,7,2,2,5,0,0,0,0,true,,false,false,true,false,false,,,,,,false,false,false,,,false,false,false,false,false,-83.0059,42.35616,"{
  ""coordinates"": [
    -8.300590060499999e+01,
    4.235616411500010e+01
  ],
  ""type"": ""Point""
}","{
  ""coordinates"": [
    -83.005900605,
    42.356164115
  ],
  ""type"": ""Point""
}",-83.005900605,42.3561641150001
4410,9834440,HAGUE,JOHN R,2016-10-24,24,10,2016,16,2,9,9,,,2,,1,1,1,25,2,2,2,5,0,0,0,0,true,,false,false,false,false,false,,,,,,false,false,false,,,false,false,false,false,false,-83.07616,42.37985,"{
  ""coordinates"": [
    -8.307616665300000e+01,
    4.237985311600000e+01
  ],
  ""type"": ""Point""
}","{
  ""coordinates"": [
    -83.076166653,
    42.379853116
  ],
  ""type"": ""Point""
}",-83.076166653,42.379853116
4411,9834437,MICHIGAN,3RD,2016-10-24,24,10,2016,1,2,4,2,,1,0,,1,1,4,25,7,2,1,5,0,0,0,0,true,,false,false,true,false,false,,,,,,false,false,false,,,false,false,false,false,false,-83.05774,42.33166,"{
  ""coordinates"": [
    -8.305773644800000e+01,
    4.233165979400010e+01
  ],
  ""type"": ""Point""
}","{
  ""coordinates"": [
    -83.057736448,
    42.331659794
  ],
  ""type"": ""Point""
}",-83.057736448,42.3316597940001
4412,9835743,CHICAGO,HUBBELL,2016-10-24,24,10,2016,15,2,5,9,,4,0,,1,1,1,35,4,2,2,5,0,0,0,0,true,,false,false,true,false,false,,,,,,false,false,false,,,false,false,false,false,false,-83.18743,42.36558,"{
  ""coordinates"": [
    -8.318743411600001e+01,
    4.236558170900000e+01
  ],
  ""type"": ""Point""
}","{
  ""coordinates"": [
    -83.187434116,
    42.365581709
  ],
  ""type"": ""Point""
}",-83.187434116,42.365581709
4413,9835755,MCGRAW,PROCTOR,2016-10-24,24,10,2016,20,2,8,9,,4,0,,1,1,4,30,5,2,1,5,0,0,0,0,true,,false,false,true,false,false,,,,,,false,false,false,,,false,false,false,false,false,-83.13894,42.33622,"{
  ""coordinates"": [
    -8.313893581600000e+01,
    4.233621825900010e+01
  ],
  ""type"": ""Point""
}","{
  ""coordinates"": [
    -83.138935816,
    42.336218259
  ],
  ""type"": ""Point""
}",-83.138935816,42.3362182590001
4414,9834430,MEYERS,GRAND RIVER,2016-10-24,24,10,2016,17,2,5,3,,4,0,,1,1,1,0,4,2,2,5,0,0,0,0,true,,false,false,false,false,false,,,,,,false,false,false,,,false,false,false,false,false,-83.16843,42.38039,"{
  ""coordinates"": [
    -8.316843484400000e+01,
    4.238038768800000e+01
  ],
  ""type"": ""Point""
}","{
  ""coordinates"": [
    -83.168434844,
    42.380387688
  ],
  ""type"": ""Point""
}",-83.168434844,42.380387688
4415,9834422,GRAND RIVER,4TH,2016-10-24,24,10,2016,0,2,97,3,,1,0,,1,1,4,35,6,2,4,3,0,0,1,1,false,,false,false,false,false,false,,,,,,false,false,false,,,false,false,false,false,false,-83.06255,42.33788,"{
  ""coordinates"": [
    -8.306255393100000e+01,
    4.233787687500010e+01
  ],
  ""type"": ""Point""
}","{
  ""coordinates"": [
    -83.062553931,
    42.337876875
  ],
  ""type"": ""Point""
}",-83.062553931,42.3378768750001
4416,9834508,WYOMING,OUTER,2016-10-24,24,10,2016,0,2,97,9,,4,0,,1,1,4,30,4,3,4,3,0,0,1,1,false,,false,false,false,false,false,,,,,,false,true,false,,,false,false,false,false,false,-83.16109,42.43484,"{
  ""coordinates"": [
    -8.316109730200000e+01,
    4.243483616400000e+01
  ],
  ""type"": ""Point""
}","{
  ""coordinates"": [
    -83.161097302,
    42.434836164
  ],
  ""type"": ""Point""
}",-83.161097302,42.434836164
4417,9841021,WARREN,COMMONWEALTH,2016-10-24,24,10,2016,15,2,8,9,,4,0,,1,1,1,30,3,2,2,5,0,0,0,0,true,,false,false,false,false,false,,,,,,false,false,true,,,false,false,false,false,false,-83.07986,42.35172,"{
  ""coordinates"": [
    -8.307986632500000e+01,
    4.235172123700000e+01
  ],
  ""type"": ""Point""
}","{
  ""coordinates"": [
    -83.079866325,
    42.351721237
  ],
  ""type"": ""Point""
}",-83.079866325,42.351721237
4418,9834461,CHALMERS,JEFFERSON,2016-10-24,24,10,2016,12,2,8,9,,4,0,,1,1,1,35,2,2,2,5,0,0,0,0,true,,false,false,false,false,false,,,,,,false,true,true,,,false,false,false,false,false,-82.94415,42.37296,"{
  ""coordinates"": [
    -8.294415025500000e+01,
    4.237296123800010e+01
  ],
  ""type"": ""Point""
}","{
  ""coordinates"": [
    -82.944150255,
    42.372961238
  ],
  ""type"": ""Point""
}",-82.944150255,42.3729612380001
4419,9834514,LIVERNOIS,MARGARETA,2016-10-24,24,10,2016,16,2,1,9,,4,1,,1,1,1,30,3,1,2,3,0,0,1,0,false,,false,false,false,false,false,,,,,,false,false,true,,,false,false,false,false,false,-83.1412,42.42822,"{
  ""coordinates"": [
    -8.314120382999990e+01,
    4.242822159300000e+01
  ],
  ""type"": ""Point""
}","{
  ""coordinates"": [
    -83.14120383,
    42.428221593
  ],
  ""type"": ""Point""
}",-83.1412038299999,42.428221593
4420,9834444,JOHN R,HANCOCK,2016-10-24,24,10,2016,15,2,4,9,,4,0,,1,2,1,25,5,2,3,5,0,0,0,0,true,,true,true,false,false,false,,,,,,false,false,true,,,false,false,false,false,false,-83.06147,42.35673,"{
  ""coordinates"": [
    -8.306146959800000e+01,
    4.235673062300000e+01
  ],
  ""type"": ""Point""
}","{
  ""coordinates"": [
    -83.061469598,
    42.356730623
  ],
  ""type"": ""Point""
}",-83.061469598,42.356730623
4421,9836970,W/B I-94,TRUMBULL,2016-10-24,24,10,2016,15,2,5,1,,1,0,,1,1,1,55,3,2,2,5,0,0,0,0,true,,false,false,false,false,false,,,,,,false,false,true,,,false,false,false,false,false,-83.07973,42.35719,"{
  ""coordinates"": [
    -8.307973271299990e+01,
    4.235718559800010e+01
  ],
  ""type"": ""Point""
}","{
  ""coordinates"": [
    -83.079732713,
    42.357185598
  ],
  ""type"": ""Point""
}",-83.0797327129999,42.3571855980001
4422,9839715,FOREST,CASS,2016-10-24,24,10,2016,20,2,8,9,,4,0,,1,1,3,25,4,2,1,5,0,0,0,0,true,,false,false,true,false,false,,,,,,false,false,false,,,false,false,false,false,false,-83.0656,42.35366,"{
  ""coordinates"": [
    -8.306559728699990e+01,
    4.235365701800000e+01
  ],
  ""type"": ""Point""
}","{
  ""coordinates"": [
    -83.065597287,
    42.353657018
  ],
  ""type"": ""Point""
}",-83.0655972869999,42.353657018
4423,9837026,SCHOOLCRAFT,ARTESIAN,2016-10-24,24,10,2016,8,2,97,9,,2,0,,1,1,1,35,2,2,1,5,0,0,0,0,true,,false,false,true,false,false,,,,,,false,false,false,,,false,false,false,false,false,-83.22723,42.38646,"{
  ""coordinates"": [
    -8.322723694699989e+01,
    4.238646441900000e+01
  ],
  ""type"": ""Point""
}","{
  ""coordinates"": [
    -83.227236947,
    42.386464419
  ],
  ""type"": ""Point""
}",-83.2272369469999,42.386464419
4424,9834512,7 MILE,MANOR,2016-10-24,24,10,2016,15,2,8,9,,2,0,,1,1,1,30,4,2,2,5,0,0,0,0,true,,false,false,false,false,false,,,,,,false,true,false,,,false,false,false,false,false,-83.16936,42.43126,"{
  ""coordinates"": [
    -8.316935589300000e+01,
    4.243125567300010e+01
  ],
  ""type"": ""Point""
}","{
  ""coordinates"": [
    -83.169355893,
    42.431255673
  ],
  ""type"": ""Point""
}",-83.169355893,42.4312556730001
4425,9840937,E/B I 94,M-10,2016-10-24,24,10,2016,18,2,5,1,,1,0,,1,2,1,55,3,2,5,5,0,0,0,0,true,,false,false,false,false,false,,,,,,false,false,false,,,false,false,false,false,false,-83.07707,42.3584,"{
  ""coordinates"": [
    -8.307707220400000e+01,
    4.235840018000000e+01
  ],
  ""type"": ""Point""
}","{
  ""coordinates"": [
    -83.077072204,
    42.35840018
  ],
  ""type"": ""Point""
}",-83.077072204,42.35840018
4426,9835761,MAJESTIC,BRAMELL,2016-10-24,24,10,2016,14,2,97,9,,,0,,1,1,1,25,2,2,0,5,0,0,0,0,true,,false,false,true,false,false,,,,,,false,false,false,,,false,false,false,false,false,-83.26196,42.34402,"{
  ""coordinates"": [
    -8.326195858200001e+01,
    4.234402160200010e+01
  ],
  ""type"": ""Point""
}","{
  ""coordinates"": [
    -83.261958582,
    42.344021602
  ],
  ""type"": ""Point""
}",-83.261958582,42.3440216020001
4427,9834473,TELEGRAPH,7 MILE,2016-10-24,24,10,2016,7,2,10,2,,1,0,,1,1,1,45,4,2,2,5,0,0,0,0,true,,false,false,false,false,false,,,,,,false,false,false,,,false,false,false,false,false,-83.27755,42.42886,"{
  ""coordinates"": [
    -8.327754976300000e+01,
    4.242886515700010e+01
  ],
  ""type"": ""Point""
}","{
  ""coordinates"": [
    -83.277549763,
    42.428865157
  ],
  ""type"": ""Point""
}",-83.277549763,42.4288651570001
4428,9834462,GRATIOT,GLENFIELD,2016-10-24,24,10,2016,16,2,2,3,,1,0,,1,1,1,35,7,2,4,2,0,1,2,1,false,,false,false,false,false,true,,,,,,false,false,false,,,false,false,false,false,false,-82.99403,42.41021,"{
  ""coordinates"": [
    -8.299402671699990e+01,
    4.241020552600000e+01
  ],
  ""type"": ""Point""
}","{
  ""coordinates"": [
    -82.994026717,
    42.410205526
  ],
  ""type"": ""Point""
}",-82.9940267169999,42.410205526
4429,9834486,8 MILE,HAYES,2016-10-24,24,10,2016,17,2,5,3,,1,0,,1,1,1,40,4,2,2,4,0,0,0,2,false,,false,false,true,false,false,,,,,,false,false,true,,,false,false,false,false,false,-82.96626,42.44988,"{
  ""coordinates"": [
    -8.296626004300001e+01,
    4.244988021100000e+01
  ],
  ""type"": ""Point""
}","{
  ""coordinates"": [
    -82.966260043,
    42.449880211
  ],
  ""type"": ""Point""
}",-82.966260043,42.449880211
4430,9840999,MARK TWAIN,CURTIS,2016-10-24,24,10,2016,2,2,4,9,,,0,,1,1,1,30,2,2,1,5,0,0,0,0,true,,false,false,false,false,false,,,,,,false,true,false,,,false,false,false,false,false,-83.18742,42.42358,"{
  ""coordinates"": [
    -8.318741820000000e+01,
    4.242357795900010e+01
  ],
  ""type"": ""Point""
}","{
  ""coordinates"": [
    -83.1874182,
    42.423577959
  ],
  ""type"": ""Point""
}",-83.1874182,42.4235779590001
4431,9834477,7 MILE,SUNDERLAND,2016-10-24,24,10,2016,10,2,8,9,,2,0,,1,2,1,35,2,2,0,5,0,0,0,0,true,,false,false,true,false,false,,,,,,false,false,false,,,false,false,false,false,false,-83.22855,42.42985,"{
  ""coordinates"": [
    -8.322855435100000e+01,
    4.242984890700010e+01
  ],
  ""type"": ""Point""
}","{
  ""coordinates"": [
    -83.228554351,
    42.429848907
  ],
  ""type"": ""Point""
}",-83.228554351,42.4298489070001
4432,9839695,I 96 W/B,HUBBLE,2016-10-24,24,10,2016,18,2,5,1,,1,0,,1,1,1,55,3,2,2,5,0,0,0,0,true,,false,false,false,false,false,,,,,,false,false,true,,,false,false,false,false,false,-83.18364,42.38212,"{
  ""coordinates"": [
    -8.318363672100000e+01,
    4.238212038100000e+01
  ],
  ""type"": ""Point""
}","{
  ""coordinates"": [
    -83.183636721,
    42.382120381
  ],
  ""type"": ""Point""
}",-83.183636721,42.382120381
4433,9835788,7 MILE,ANTWERP,2016-10-24,24,10,2016,16,2,5,9,,4,0,,1,1,3,35,2,2,1,5,0,0,0,0,true,,false,false,true,false,false,,,,,,false,false,true,,,false,false,false,false,false,-83.01804,42.43409,"{
  ""coordinates"": [
    -8.301804623899990e+01,
    4.243408462500000e+01
  ],
  ""type"": ""Point""
}","{
  ""coordinates"": [
    -83.018046239,
    42.434084625
  ],
  ""type"": ""Point""
}",-83.0180462389999,42.434084625
4434,9840930,WB I-94,LIVERNOIS,2016-10-24,24,10,2016,23,2,8,1,,1,0,,1,1,4,55,3,2,2,5,0,0,0,0,true,,false,false,false,false,false,,,,,,false,false,false,,,false,false,false,false,false,-83.12329,42.33809,"{
  ""coordinates"": [
    -8.312329296800000e+01,
    4.233809335100010e+01
  ],
  ""type"": ""Point""
}","{
  ""coordinates"": [
    -83.123292968,
    42.338093351
  ],
  ""type"": ""Point""
}",-83.123292968,42.3380933510001
4435,9834488,GRATIOT,JANE,2016-10-24,24,10,2016,8,2,5,3,,1,0,,1,1,1,0,3,2,3,3,0,0,1,1,false,,false,false,false,false,false,,,,,,false,false,true,,,false,false,false,false,false,-82.99101,42.4148,"{
  ""coordinates"": [
    -8.299101634999990e+01,
    4.241479908300000e+01
  ],
  ""type"": ""Point""
}","{
  ""coordinates"": [
    -82.99101635,
    42.414799083
  ],
  ""type"": ""Point""
}",-82.9910163499999,42.414799083
4436,9961085,I-75,DAVISON,2016-10-24,24,10,2016,6,2,5,1,,1,0,,1,1,5,70,5,2,1,4,0,0,0,1,false,,false,false,true,false,false,,,,,,false,false,false,,,false,false,false,false,false,-83.08058,42.40988,"{
  ""coordinates"": [
    -8.308058225300000e+01,
    4.240988069200010e+01
  ],
  ""type"": ""Point""
}","{
  ""coordinates"": [
    -83.080582253,
    42.409880692
  ],
  ""type"": ""Point""
}",-83.080582253,42.4098806920001
4437,9858431,M-10,MCNICHOLS,2016-10-24,24,10,2016,15,2,97,3,,1,0,,1,1,1,55,3,2,3,4,0,0,0,1,false,,false,false,false,false,false,,,,,,false,false,false,,,false,false,false,false,false,-83.16622,42.41084,"{
  ""coordinates"": [
    -8.316622160100000e+01,
    4.241084281500010e+01
  ],
  ""type"": ""Point""
}","{
  ""coordinates"": [
    -83.166221601,
    42.410842815
  ],
  ""type"": ""Point""
}",-83.166221601,42.4108428150001
4438,9834441,THIRD,AMSTERDAM,2016-10-24,24,10,2016,8,2,8,9,,4,0,,1,1,1,25,3,2,1,5,0,0,0,0,true,,false,false,false,false,false,,,,,,false,false,true,,,false,false,false,false,false,-83.07689,42.36452,"{
  ""coordinates"": [
    -8.307688801599990e+01,
    4.236451808700010e+01
  ],
  ""type"": ""Point""
}","{
  ""coordinates"": [
    -83.076888016,
    42.364518087
  ],
  ""type"": ""Point""
}",-83.0768880159999,42.3645180870001
4439,9834478,GREENFIELD,7MILE,2016-10-24,24,10,2016,13,2,5,9,,2,0,,1,2,1,35,4,2,2,4,0,0,0,1,false,,false,false,false,false,false,,,,,,false,false,false,,,false,false,false,false,false,-83.19987,42.43042,"{
  ""coordinates"": [
    -8.319986535699999e+01,
    4.243042050400000e+01
  ],
  ""type"": ""Point""
}","{
  ""coordinates"": [
    -83.199865357,
    42.430420504
  ],
  ""type"": ""Point""
}",-83.199865357,42.430420504
4440,9834432,APPOLINE,CAPITOL,2016-10-24,24,10,2016,2,2,97,9,,,0,,1,1,4,25,2,1,1,5,0,0,0,0,true,,false,false,false,false,false,,,,,,false,false,false,,,false,false,false,false,false,-83.16953,42.37749,"{
  ""coordinates"": [
    -8.316952415500000e+01,
    4.237748618300000e+01
  ],
  ""type"": ""Point""
}","{
  ""coordinates"": [
    -83.169524155,
    42.377486183
  ],
  ""type"": ""Point""
}",-83.169524155,42.377486183
4441,9834467,TELEGRAPH,8 MILE,2016-10-24,24,10,2016,8,2,97,2,,1,0,,1,1,1,45,6,2,2,5,0,0,0,0,true,,false,false,false,false,false,,,,,,false,false,false,,,false,false,false,false,false,-83.27833,42.4426,"{
  ""coordinates"": [
    -8.327832750499989e+01,
    4.244259780600000e+01
  ],
  ""type"": ""Point""
}","{
  ""coordinates"": [
    -83.278327505,
    42.442597806
  ],
  ""type"": ""Point""
}",-83.2783275049999,42.442597806
4442,9834487,GRATIOT,OUTER,2016-10-24,24,10,2016,8,2,5,3,,1,0,,1,1,1,35,7,2,2,5,0,0,0,0,true,,false,false,false,false,false,,,,,,false,true,false,,,false,false,false,false,false,-82.99641,42.40655,"{
  ""coordinates"": [
    -8.299641355800000e+01,
    4.240655273500000e+01
  ],
  ""type"": ""Point""
}","{
  ""coordinates"": [
    -82.996413558,
    42.406552735
  ],
  ""type"": ""Point""
}",-82.996413558,42.406552735
4443,9834474,GRAND RIVER,FENKELL,2016-10-24,24,10,2016,14,2,5,3,,1,0,,1,1,1,35,4,2,2,5,0,0,0,0,true,,false,false,true,false,false,,,,,,false,false,false,,,false,false,false,false,false,-83.21914,42.40104,"{
  ""coordinates"": [
    -8.321914216099999e+01,
    4.240103746500010e+01
  ],
  ""type"": ""Point""
}","{
  ""coordinates"": [
    -83.219142161,
    42.401037465
  ],
  ""type"": ""Point""
}",-83.219142161,42.4010374650001