ObjectId,Crash ID,Primary Road,Intersecting Road,Crash Date,Day,Month,Year,Hour,Weekday,Crash Type Code,Highway Classification Code,Community Code,Jurisdiction Code,Lane Departure Type Code,Surface Type,Road Condition,Weather Condition,Lighting Condition,Speed Limit,Lanes,Units,Occupants,Most Severe Injury,Fatal Injuries,Suspected Serious Injuries,Suspected Minor Injuries,Possible Injuries,Property Damage Only,Secondary Crash,Traffic Control,Red Light Run,Hit and Run,Alcohol,Drugs,Unbelted Person,Work Zone,Speeding Driver,Distracted Driver,Driveway,Pedestrian,Elderly Driver,Young Driver,Commercial Vehicle,Emergency Vehicles,Train,School Bus,Motorcycle,Bicycle,Deer,Longitude,Latitude,geom,geog,x,y
4729,9838357,I-96,GRAND,2016-10-20,20,10,2016,5,5,1,1,,1,1,,2,4,4,55,4,1,1,3,0,0,1,0,false,,false,false,false,false,false,,,,,,false,false,true,,,false,false,false,false,false,-83.10879,42.35496,"{
  ""coordinates"": [
    -8.310878951399999e+01,
    4.235495867200010e+01
  ],
  ""type"": ""Point""
}","{
  ""coordinates"": [
    -83.108789514,
    42.354958672
  ],
  ""type"": ""Point""
}",-83.108789514,42.3549586720001
4730,9959062,S I 75,RAMP 037D,2016-10-20,20,10,2016,10,5,1,1,,1,1,,2,4,1,55,2,1,2,5,0,0,0,0,true,,false,false,false,false,false,,,,,,false,false,false,,,false,false,false,false,false,-83.08011,42.33275,"{
  ""coordinates"": [
    -8.308010810000000e+01,
    4.233275232900010e+01
  ],
  ""type"": ""Point""
}","{
  ""coordinates"": [
    -83.0801081,
    42.332752329
  ],
  ""type"": ""Point""
}",-83.0801081,42.3327523290001
4731,9876398,E I 94,RAMP 213D,2016-10-20,20,10,2016,8,5,5,1,,1,0,,2,4,1,55,4,4,4,5,0,0,0,0,true,,false,false,false,false,false,,,,,,false,false,true,,,false,false,false,false,false,-83.10506,42.34823,"{
  ""coordinates"": [
    -8.310506383700000e+01,
    4.234822736200000e+01
  ],
  ""type"": ""Point""
}","{
  ""coordinates"": [
    -83.105063837,
    42.348227362
  ],
  ""type"": ""Point""
}",-83.105063837,42.348227362
4732,9832157,LINHURST,GRUBNER,2016-10-20,20,10,2016,15,5,1,9,,,0,,2,4,1,0,1,1,1,5,0,0,0,0,true,,false,false,false,false,false,,,,,,false,false,true,,,false,false,false,false,false,-83.01167,42.43063,"{
  ""coordinates"": [
    -8.301166383600000e+01,
    4.243063188300000e+01
  ],
  ""type"": ""Point""
}","{
  ""coordinates"": [
    -83.011663836,
    42.430631883
  ],
  ""type"": ""Point""
}",-83.011663836,42.430631883
4733,9830803,PICKFORD,WASHBURN,2016-10-20,20,10,2016,3,5,4,9,,,0,,2,4,4,25,2,2,2,5,0,0,0,0,true,,false,false,false,false,false,,,,,,false,false,false,,,false,false,false,false,false,-83.16185,42.42596,"{
  ""coordinates"": [
    -8.316184659500000e+01,
    4.242595575700010e+01
  ],
  ""type"": ""Point""
}","{
  ""coordinates"": [
    -83.161846595,
    42.425955757
  ],
  ""type"": ""Point""
}",-83.161846595,42.4259557570001
4734,9877809,S I 375,RAMP 017B,2016-10-20,20,10,2016,2,5,1,1,,1,1,,2,4,4,55,3,1,1,4,0,0,0,1,false,,false,false,false,false,false,,,,,,false,false,true,,,false,false,false,false,false,-83.03948,42.33792,"{
  ""coordinates"": [
    -8.303948521200000e+01,
    4.233792125000010e+01
  ],
  ""type"": ""Point""
}","{
  ""coordinates"": [
    -83.039485212,
    42.33792125
  ],
  ""type"": ""Point""
}",-83.039485212,42.3379212500001
4735,9834423,WOODWARD,JEFFERSON,2016-10-20,20,10,2016,8,5,8,3,,,0,,2,4,1,25,4,2,2,5,0,0,0,0,true,,false,false,false,false,false,,,,,,false,false,false,,,false,false,false,false,false,-83.04443,42.32851,"{
  ""coordinates"": [
    -8.304443180800000e+01,
    4.232851378800010e+01
  ],
  ""type"": ""Point""
}","{
  ""coordinates"": [
    -83.044431808,
    42.328513788
  ],
  ""type"": ""Point""
}",-83.044431808,42.3285137880001
4736,9832104,LONYO,JOHN KRONK,2016-10-20,20,10,2016,13,5,5,9,,4,0,,2,4,1,25,2,2,3,5,0,0,0,0,true,,false,false,false,false,false,,,,,,false,true,false,,,false,false,false,false,false,-83.1375,42.32086,"{
  ""coordinates"": [
    -8.313749697299990e+01,
    4.232086355900000e+01
  ],
  ""type"": ""Point""
}","{
  ""coordinates"": [
    -83.137496973,
    42.320863559
  ],
  ""type"": ""Point""
}",-83.1374969729999,42.320863559
4737,9830796,HAROLD,FENELON,2016-10-20,20,10,2016,8,5,4,9,,,0,,2,4,1,25,2,2,4,5,0,0,0,0,true,,false,false,false,false,false,,,,,,false,false,true,,,false,false,false,false,false,-83.05022,42.40532,"{
  ""coordinates"": [
    -8.305021618599990e+01,
    4.240532397900010e+01
  ],
  ""type"": ""Point""
}","{
  ""coordinates"": [
    -83.050216186,
    42.405323979
  ],
  ""type"": ""Point""
}",-83.0502161859999,42.4053239790001
4738,9850525,MCNICHOLS,WINSTON,2016-10-20,20,10,2016,19,5,1,9,,2,0,,2,4,4,35,4,2,4,1,1,0,0,0,false,,false,false,true,false,false,,,,,,true,false,false,,,false,false,false,false,false,-83.28391,42.41433,"{
  ""coordinates"": [
    -8.328390380099999e+01,
    4.241432801100010e+01
  ],
  ""type"": ""Point""
}","{
  ""coordinates"": [
    -83.283903801,
    42.414328011
  ],
  ""type"": ""Point""
}",-83.283903801,42.4143280110001
4739,9835731,N M 10,RAMP 105E,2016-10-20,20,10,2016,21,5,1,3,,1,1,,2,4,4,55,3,1,1,4,0,0,0,1,false,,false,false,false,false,false,,,,,,false,false,true,,,false,false,false,false,false,-83.1633,42.4078,"{
  ""coordinates"": [
    -8.316330170799991e+01,
    4.240779686700010e+01
  ],
  ""type"": ""Point""
}","{
  ""coordinates"": [
    -83.163301708,
    42.407796867
  ],
  ""type"": ""Point""
}",-83.1633017079999,42.4077968670001
4740,9844433,I-75,MACK,2016-10-20,20,10,2016,8,5,5,1,,1,0,,2,4,1,55,5,2,2,4,0,0,0,1,false,,false,false,false,false,false,,,,,,false,false,false,,,false,false,false,false,false,-83.0499,42.35384,"{
  ""coordinates"": [
    -8.304989888100000e+01,
    4.235384113500000e+01
  ],
  ""type"": ""Point""
}","{
  ""coordinates"": [
    -83.049898881,
    42.353841135
  ],
  ""type"": ""Point""
}",-83.049898881,42.353841135
4741,9877785,I 94 W/B,SCOTTEN,2016-10-20,20,10,2016,4,5,1,1,,1,0,,2,4,4,55,3,1,1,5,0,0,0,0,true,,false,false,false,false,false,,,,,,false,false,false,,,false,false,false,false,false,-83.11188,42.34588,"{
  ""coordinates"": [
    -8.311187906200000e+01,
    4.234587899100010e+01
  ],
  ""type"": ""Point""
}","{
  ""coordinates"": [
    -83.111879062,
    42.345878991
  ],
  ""type"": ""Point""
}",-83.111879062,42.3458789910001
4742,9832123,AUDREY,8 MILE,2016-10-20,20,10,2016,17,5,97,9,,,0,,2,2,1,25,2,2,2,5,0,0,0,0,true,,false,false,false,false,false,,,,,,false,false,true,,,false,false,false,false,false,-83.19797,42.44343,"{
  ""coordinates"": [
    -8.319796717500000e+01,
    4.244343163300000e+01
  ],
  ""type"": ""Point""
}","{
  ""coordinates"": [
    -83.197967175,
    42.443431633
  ],
  ""type"": ""Point""
}",-83.197967175,42.443431633
4743,9832092,MEDBURY,BRUSH,2016-10-20,20,10,2016,17,5,4,9,,4,0,,2,4,1,30,3,2,1,4,0,0,0,1,false,,true,true,true,false,false,,,,,,false,false,true,,,false,false,false,false,false,-83.06469,42.36605,"{
  ""coordinates"": [
    -8.306468685999990e+01,
    4.236604814600000e+01
  ],
  ""type"": ""Point""
}","{
  ""coordinates"": [
    -83.06468686,
    42.366048146
  ],
  ""type"": ""Point""
}",-83.0646868599999,42.366048146
4744,9830800,7 MILE,WHITCOMB,2016-10-20,20,10,2016,14,5,4,9,,2,0,,2,4,1,25,1,2,2,5,0,0,0,0,true,,false,false,true,false,false,,,,,,false,false,true,,,false,false,false,false,false,-83.19742,42.43048,"{
  ""coordinates"": [
    -8.319741447699990e+01,
    4.243047967900000e+01
  ],
  ""type"": ""Point""
}","{
  ""coordinates"": [
    -83.197414477,
    42.430479679
  ],
  ""type"": ""Point""
}",-83.1974144769999,42.430479679
4745,9832156,MINDEN,CONNER,2016-10-20,20,10,2016,8,5,4,9,,,0,,2,4,1,25,3,2,3,5,0,0,0,0,true,,false,false,false,false,false,,,,,,false,false,true,,,false,false,false,false,false,-83.00732,42.41274,"{
  ""coordinates"": [
    -8.300731773900000e+01,
    4.241274227400000e+01
  ],
  ""type"": ""Point""
}","{
  ""coordinates"": [
    -83.007317739,
    42.412742274
  ],
  ""type"": ""Point""
}",-83.007317739,42.412742274
4746,9959047,I 75,DAVISON,2016-10-20,20,10,2016,9,5,5,1,,1,0,,2,4,1,55,3,2,3,5,0,0,0,0,true,,false,false,false,false,false,,,,,,false,false,true,,,false,false,false,false,false,-83.07985,42.40899,"{
  ""coordinates"": [
    -8.307984979799990e+01,
    4.240898603800010e+01
  ],
  ""type"": ""Point""
}","{
  ""coordinates"": [
    -83.079849798,
    42.408986038
  ],
  ""type"": ""Point""
}",-83.0798497979999,42.4089860380001
4747,9959071,I-94,WARREN,2016-10-20,20,10,2016,5,5,1,1,,1,1,,2,4,4,55,3,1,1,3,0,0,1,0,false,,false,false,false,false,false,,,,,,false,false,false,,,false,false,false,false,false,-83.11313,42.34457,"{
  ""coordinates"": [
    -8.311312521600000e+01,
    4.234456896100000e+01
  ],
  ""type"": ""Point""
}","{
  ""coordinates"": [
    -83.113125216,
    42.344568961
  ],
  ""type"": ""Point""
}",-83.113125216,42.344568961
4748,9922148,RAMP 216H,W I 94,2016-10-20,20,10,2016,14,5,1,1,,1,1,,2,4,1,55,2,1,1,4,0,0,0,1,false,,false,false,false,false,false,,,,,,false,false,true,,,false,false,false,false,false,-83.05992,42.36769,"{
  ""coordinates"": [
    -8.305991913600000e+01,
    4.236769672300010e+01
  ],
  ""type"": ""Point""
}","{
  ""coordinates"": [
    -83.059919136,
    42.367696723
  ],
  ""type"": ""Point""
}",-83.059919136,42.3676967230001
4749,9832166,MONICA,BUENA VISTA,2016-10-20,20,10,2016,13,5,8,9,,,0,,2,4,1,25,2,2,3,5,0,0,0,0,true,,false,false,false,false,false,,,,,,false,true,false,,,false,false,false,false,false,-83.14265,42.38347,"{
  ""coordinates"": [
    -8.314265226200000e+01,
    4.238347196400010e+01
  ],
  ""type"": ""Point""
}","{
  ""coordinates"": [
    -83.142652262,
    42.383471964
  ],
  ""type"": ""Point""
}",-83.142652262,42.3834719640001
4750,9834413,I-75,HOLBROOK,2016-10-20,20,10,2016,7,5,5,1,,1,0,,2,4,4,70,3,2,2,5,0,0,0,0,true,,false,false,false,false,false,,,,,,false,false,true,,,false,false,false,false,false,-83.05961,42.37352,"{
  ""coordinates"": [
    -8.305961151400000e+01,
    4.237352399300000e+01
  ],
  ""type"": ""Point""
}","{
  ""coordinates"": [
    -83.059611514,
    42.373523993
  ],
  ""type"": ""Point""
}",-83.059611514,42.373523993
4751,9837008,M-10,PURITAN,2016-10-20,20,10,2016,16,5,8,3,,1,0,,2,4,1,55,3,2,2,5,0,0,0,0,true,,false,false,false,false,false,,,,,,false,false,false,,,false,false,false,false,false,-83.158,42.40488,"{
  ""coordinates"": [
    -8.315800392100000e+01,
    4.240487581800010e+01
  ],
  ""type"": ""Point""
}","{
  ""coordinates"": [
    -83.158003921,
    42.404875818
  ],
  ""type"": ""Point""
}",-83.158003921,42.4048758180001
4752,9832122,N M 39,PLYMOUTH,2016-10-20,20,10,2016,13,5,97,3,,1,0,,1,2,1,55,6,2,1,5,0,0,0,0,true,,false,false,false,false,false,,,,,,false,false,false,,,false,false,false,false,false,-83.21651,42.37083,"{
  ""coordinates"": [
    -8.321651809500000e+01,
    4.237083165900000e+01
  ],
  ""type"": ""Point""
}","{
  ""coordinates"": [
    -83.216518095,
    42.370831659
  ],
  ""type"": ""Point""
}",-83.216518095,42.370831659
4753,9922149,I-94,JOHN R,2016-10-20,20,10,2016,15,5,5,1,,1,0,,2,4,1,55,3,4,4,5,0,0,0,0,true,,false,false,false,false,false,,,,,,false,false,false,,,false,false,false,false,false,-83.06644,42.36474,"{
  ""coordinates"": [
    -8.306644484500001e+01,
    4.236474278700010e+01
  ],
  ""type"": ""Point""
}","{
  ""coordinates"": [
    -83.066444845,
    42.364742787
  ],
  ""type"": ""Point""
}",-83.066444845,42.3647427870001
4754,9836934,029D,I75,2016-10-20,20,10,2016,15,5,1,1,,1,0,,2,4,1,70,5,1,2,5,0,0,0,0,true,,false,false,false,false,false,,,,,,false,false,false,,,false,false,false,false,false,-83.15623,42.27782,"{
  ""coordinates"": [
    -8.315622530800000e+01,
    4.227781819600010e+01
  ],
  ""type"": ""Point""
}","{
  ""coordinates"": [
    -83.156225308,
    42.277818196
  ],
  ""type"": ""Point""
}",-83.156225308,42.2778181960001
4755,9834405,WB I-94,BRUSH,2016-10-20,20,10,2016,21,5,5,1,,1,0,,2,4,4,55,3,3,4,5,0,0,0,0,true,,false,false,false,false,false,,,,,,false,false,false,,,false,false,false,false,false,-83.06869,42.36386,"{
  ""coordinates"": [
    -8.306869112399990e+01,
    4.236386620700010e+01
  ],
  ""type"": ""Point""
}","{
  ""coordinates"": [
    -83.068691124,
    42.363866207
  ],
  ""type"": ""Point""
}",-83.0686911239999,42.3638662070001
4756,9832159,8 MILE,MOHICAN,2016-10-20,20,10,2016,16,5,8,3,,1,0,,2,4,1,40,8,3,3,5,0,0,0,0,true,,false,false,false,false,false,,,,,,false,false,true,,,false,false,false,false,false,-82.97165,42.44964,"{
  ""coordinates"": [
    -8.297165146700000e+01,
    4.244963803200010e+01
  ],
  ""type"": ""Point""
}","{
  ""coordinates"": [
    -82.971651467,
    42.449638032
  ],
  ""type"": ""Point""
}",-82.971651467,42.4496380320001
4757,9836954,I 96,WYOMING,2016-10-20,20,10,2016,7,5,1,1,,1,1,,2,4,4,70,4,1,1,5,0,0,0,0,true,,false,false,false,false,false,,,,,,false,false,true,,,false,false,false,false,false,-83.15409,42.38502,"{
  ""coordinates"": [
    -8.315409349799999e+01,
    4.238502214400010e+01
  ],
  ""type"": ""Point""
}","{
  ""coordinates"": [
    -83.154093498,
    42.385022144
  ],
  ""type"": ""Point""
}",-83.154093498,42.3850221440001
4758,9832173,DAVISON,LASALLE,2016-10-20,20,10,2016,16,5,5,3,,1,0,,2,4,1,35,3,2,1,5,0,0,0,0,true,,false,false,true,false,false,,,,,,false,false,false,,,false,false,false,false,false,-83.11937,42.394,"{
  ""coordinates"": [
    -8.311936898399991e+01,
    4.239400133700010e+01
  ],
  ""type"": ""Point""
}","{
  ""coordinates"": [
    -83.119368984,
    42.394001337
  ],
  ""type"": ""Point""
}",-83.1193689839999,42.3940013370001
4759,9832143,GRAND RIVER,TRINITY,2016-10-20,20,10,2016,9,5,4,3,,1,0,,2,4,1,35,4,2,2,5,0,0,0,0,true,,false,false,false,false,false,,,,,,false,false,false,,,false,false,false,false,false,-83.24888,42.41299,"{
  ""coordinates"": [
    -8.324887816599990e+01,
    4.241299252300010e+01
  ],
  ""type"": ""Point""
}","{
  ""coordinates"": [
    -83.248878166,
    42.412992523
  ],
  ""type"": ""Point""
}",-83.2488781659999,42.4129925230001
4760,9830767,SCHOOLCRAFT,SUSSEX,2016-10-20,20,10,2016,9,5,8,9,,2,0,,2,4,1,35,4,2,1,5,0,0,0,0,true,,false,false,true,false,false,,,,,,false,false,false,,,false,false,false,false,false,-83.19473,42.38715,"{
  ""coordinates"": [
    -8.319473516999990e+01,
    4.238715368900010e+01
  ],
  ""type"": ""Point""
}","{
  ""coordinates"": [
    -83.19473517,
    42.387153689
  ],
  ""type"": ""Point""
}",-83.1947351699999,42.3871536890001
4761,9832093,I-94,I-75,2016-10-20,20,10,2016,6,5,5,1,,1,0,,2,4,1,55,3,2,3,5,0,0,0,0,true,,false,false,false,false,false,,,,,,false,false,true,,,false,false,false,false,false,-83.05824,42.36859,"{
  ""coordinates"": [
    -8.305823334999999e+01,
    4.236858789200010e+01
  ],
  ""type"": ""Point""
}","{
  ""coordinates"": [
    -83.05823335,
    42.368587892
  ],
  ""type"": ""Point""
}",-83.05823335,42.3685878920001
4762,9839754,RAMP 008M,E I 96 CD,2016-10-20,20,10,2016,16,5,5,1,,1,0,,1,4,1,55,4,2,2,5,0,0,0,0,true,,false,false,true,false,false,,,,,,false,true,false,,,false,false,false,false,false,-83.21786,42.37832,"{
  ""coordinates"": [
    -8.321786504999990e+01,
    4.237832349500010e+01
  ],
  ""type"": ""Point""
}","{
  ""coordinates"": [
    -83.21786505,
    42.378323495
  ],
  ""type"": ""Point""
}",-83.2178650499999,42.3783234950001
4763,9844432,M-10,EUCLID,2016-10-20,20,10,2016,7,5,5,3,,1,0,,2,4,5,55,4,2,2,5,0,0,0,0,true,,false,false,false,false,false,,,,,,false,false,false,,,false,false,false,false,false,-83.08743,42.37526,"{
  ""coordinates"": [
    -8.308742567800000e+01,
    4.237525615600000e+01
  ],
  ""type"": ""Point""
}","{
  ""coordinates"": [
    -83.087425678,
    42.375256156
  ],
  ""type"": ""Point""
}",-83.087425678,42.375256156
4764,9858385,I-94,CADIEUX,2016-10-20,20,10,2016,13,5,8,1,,1,0,,2,4,1,55,3,2,1,5,0,0,0,0,true,,false,false,true,false,false,,,,,,false,true,false,,,false,false,false,false,false,-82.9357,42.41812,"{
  ""coordinates"": [
    -8.293569615199991e+01,
    4.241811848900010e+01
  ],
  ""type"": ""Point""
}","{
  ""coordinates"": [
    -82.935696152,
    42.418118489
  ],
  ""type"": ""Point""
}",-82.9356961519999,42.4181184890001
4765,9836956,M 10,7 MILE,2016-10-20,20,10,2016,8,5,5,3,,1,0,,2,4,1,55,3,2,2,5,0,0,0,0,true,,false,false,false,false,false,,,,,,false,false,true,,,false,false,false,false,false,-83.18988,42.43372,"{
  ""coordinates"": [
    -8.318988217299990e+01,
    4.243371590900010e+01
  ],
  ""type"": ""Point""
}","{
  ""coordinates"": [
    -83.189882173,
    42.433715909
  ],
  ""type"": ""Point""
}",-83.1898821729999,42.4337159090001
4766,9959061,RAMP 125C,S M 10,2016-10-20,20,10,2016,9,5,5,3,,1,0,,2,4,1,0,3,2,2,5,0,0,0,0,true,,false,false,false,false,false,,,,,,false,false,false,,,false,false,false,false,false,-83.05246,42.32634,"{
  ""coordinates"": [
    -8.305246232400000e+01,
    4.232634096400010e+01
  ],
  ""type"": ""Point""
}","{
  ""coordinates"": [
    -83.052462324,
    42.326340964
  ],
  ""type"": ""Point""
}",-83.052462324,42.3263409640001
4767,9832117,FENMORE,CURTIS,2016-10-20,20,10,2016,7,5,4,9,,,0,,2,4,4,25,2,2,3,5,0,0,0,0,true,,false,false,false,false,false,,,,,,false,false,true,,,false,false,false,false,false,-83.21797,42.4226,"{
  ""coordinates"": [
    -8.321796846399999e+01,
    4.242260346000010e+01
  ],
  ""type"": ""Point""
}","{
  ""coordinates"": [
    -83.217968464,
    42.42260346
  ],
  ""type"": ""Point""
}",-83.217968464,42.4226034600001
4768,9844431,I 96,OUTER,2016-10-20,20,10,2016,7,5,5,1,,1,0,,2,4,1,55,3,2,2,5,0,0,0,0,true,,false,false,false,false,false,,,,,,false,false,false,,,false,false,false,false,false,-83.25033,42.38538,"{
  ""coordinates"": [
    -8.325032754499991e+01,
    4.238538047100010e+01
  ],
  ""type"": ""Point""
}","{
  ""coordinates"": [
    -83.250327545,
    42.385380471
  ],
  ""type"": ""Point""
}",-83.2503275449999,42.3853804710001
4769,9830780,ERSKINE,JOHN R,2016-10-20,20,10,2016,22,5,1,9,,,0,,2,4,4,30,2,1,2,5,0,0,0,0,true,,false,false,true,false,false,,,,,,false,false,false,,,false,false,false,false,false,-83.0547,42.34648,"{
  ""coordinates"": [
    -8.305469646300000e+01,
    4.234648264400000e+01
  ],
  ""type"": ""Point""
}","{
  ""coordinates"": [
    -83.054696463,
    42.346482644
  ],
  ""type"": ""Point""
}",-83.054696463,42.346482644
4770,9832100,W I 94,S I 75,2016-10-20,20,10,2016,17,5,8,1,,1,0,,2,4,3,0,4,2,2,5,0,0,0,0,true,,false,false,false,false,false,,,,,,false,true,false,,,false,false,false,false,false,-83.05843,42.36844,"{
  ""coordinates"": [
    -8.305842810900000e+01,
    4.236844261700000e+01
  ],
  ""type"": ""Point""
}","{
  ""coordinates"": [
    -83.058428109,
    42.368442617
  ],
  ""type"": ""Point""
}",-83.058428109,42.368442617
4771,9997410,S/B M-10,CHICAGO,2016-10-20,20,10,2016,6,5,5,3,,1,0,,2,4,4,55,3,2,1,5,0,0,0,0,true,,false,false,true,false,false,,,,,,false,true,false,,,false,false,false,false,false,-83.09093,42.3803,"{
  ""coordinates"": [
    -8.309092677000000e+01,
    4.238030301300010e+01
  ],
  ""type"": ""Point""
}","{
  ""coordinates"": [
    -83.09092677,
    42.380303013
  ],
  ""type"": ""Point""
}",-83.09092677,42.3803030130001
4772,9960124,S M 39,RAMP 008K,2016-10-20,20,10,2016,6,5,1,3,,1,1,,2,4,1,55,3,1,2,5,0,0,0,0,true,,false,false,false,false,false,,,,,,false,false,false,,,false,false,false,false,false,-83.21683,42.37362,"{
  ""coordinates"": [
    -8.321682802600000e+01,
    4.237362266500000e+01
  ],
  ""type"": ""Point""
}","{
  ""coordinates"": [
    -83.216828026,
    42.373622665
  ],
  ""type"": ""Point""
}",-83.216828026,42.373622665
4773,9830784,SAINT JEAN,KERCHEVAL,2016-10-20,20,10,2016,17,5,4,9,,4,0,,2,4,1,30,5,2,2,5,0,0,0,0,true,,false,false,true,false,false,,,,,,false,false,false,,,false,false,false,false,false,-82.97218,42.36939,"{
  ""coordinates"": [
    -8.297217987900000e+01,
    4.236939025500000e+01
  ],
  ""type"": ""Point""
}","{
  ""coordinates"": [
    -82.972179879,
    42.369390255
  ],
  ""type"": ""Point""
}",-82.972179879,42.369390255
4774,9959072,S M 39,RAMP 008K,2016-10-20,20,10,2016,6,5,5,3,,1,0,,2,4,4,55,2,3,3,4,0,0,0,1,false,,false,false,false,false,false,,,,,,false,true,false,,,false,false,false,false,false,-83.21685,42.37395,"{
  ""coordinates"": [
    -8.321685232899991e+01,
    4.237395419800000e+01
  ],
  ""type"": ""Point""
}","{
  ""coordinates"": [
    -83.216852329,
    42.373954198
  ],
  ""type"": ""Point""
}",-83.2168523289999,42.373954198
4775,9832145,EVERGREEN,MIDLAND,2016-10-20,20,10,2016,6,5,97,9,,4,0,,2,4,4,0,2,3,1,3,0,0,1,0,false,,false,false,false,false,false,,,,,,false,false,false,,,false,false,false,false,false,-83.23754,42.40347,"{
  ""coordinates"": [
    -8.323754259299990e+01,
    4.240346603700000e+01
  ],
  ""type"": ""Point""
}","{
  ""coordinates"": [
    -83.237542593,
    42.403466037
  ],
  ""type"": ""Point""
}",-83.2375425929999,42.403466037
4776,9834418,WAVENEY,ASHLAND,2016-10-20,20,10,2016,14,5,97,9,,,0,,2,2,1,25,2,2,4,5,0,0,0,0,true,,true,false,false,false,false,,,,,,false,true,true,,,false,false,false,false,false,-82.95171,42.39167,"{
  ""coordinates"": [
    -8.295170933100000e+01,
    4.239167479900000e+01
  ],
  ""type"": ""Point""
}","{
  ""coordinates"": [
    -82.951709331,
    42.391674799
  ],
  ""type"": ""Point""
}",-82.951709331,42.391674799
4777,9832141,7 MILE,ASHTON,2016-10-19,19,10,2016,16,4,4,9,,2,0,,1,1,1,35,4,2,1,5,0,0,0,0,true,,false,false,true,false,false,,,,,,false,false,false,,,false,false,false,false,false,-83.22047,42.42999,"{
  ""coordinates"": [
    -8.322046897800000e+01,
    4.242998707200010e+01
  ],
  ""type"": ""Point""
}","{
  ""coordinates"": [
    -83.220468978,
    42.429987072
  ],
  ""type"": ""Point""
}",-83.220468978,42.4299870720001
4778,9829517,PURITAN,PRAIRIE,2016-10-19,19,10,2016,15,4,5,9,,4,0,,1,1,1,30,2,2,2,5,0,0,0,0,true,,false,false,false,false,false,,,,,,false,true,false,,,false,false,false,false,false,-83.14488,42.40986,"{
  ""coordinates"": [
    -8.314488549299990e+01,
    4.240985939600010e+01
  ],
  ""type"": ""Point""
}","{
  ""coordinates"": [
    -83.144885493,
    42.409859396
  ],
  ""type"": ""Point""
}",-83.1448854929999,42.4098593960001
4779,9834457,VERNOR,CAMPBELL,2016-10-19,19,10,2016,12,4,5,9,,4,0,,1,1,1,25,4,2,2,5,0,0,0,0,true,,false,false,true,false,false,,,,,,false,true,false,,,false,false,false,false,false,-83.10374,42.31703,"{
  ""coordinates"": [
    -8.310374304399990e+01,
    4.231702858300010e+01
  ],
  ""type"": ""Point""
}","{
  ""coordinates"": [
    -83.103743044,
    42.317028583
  ],
  ""type"": ""Point""
}",-83.1037430439999,42.3170285830001
4780,9841017,CASS,MARTIN LUTHER KING JR,2016-10-19,19,10,2016,18,4,6,9,,4,0,,1,2,1,25,1,2,2,4,0,0,0,1,false,,false,false,false,false,false,,,,,,false,false,false,,,false,false,false,false,false,-83.06075,42.34565,"{
  ""coordinates"": [
    -8.306074990799991e+01,
    4.234564556800010e+01
  ],
  ""type"": ""Point""
}","{
  ""coordinates"": [
    -83.060749908,
    42.345645568
  ],
  ""type"": ""Point""
}",-83.0607499079999,42.3456455680001
4781,9829497,SCHOOLCRAFT,FREELAND,2016-10-19,19,10,2016,2,4,97,3,,4,3,,1,1,4,30,4,4,1,4,0,0,0,1,false,,false,false,false,false,false,,,,,,false,false,false,,,false,false,false,false,false,-83.18494,42.38751,"{
  ""coordinates"": [
    -8.318493386199999e+01,
    4.238751265700010e+01
  ],
  ""type"": ""Point""
}","{
  ""coordinates"": [
    -83.184933862,
    42.387512657
  ],
  ""type"": ""Point""
}",-83.184933862,42.3875126570001
4782,9838373,ANTHON,CAMPBELL,2016-10-19,19,10,2016,12,4,4,9,,,0,,1,1,1,25,4,2,2,5,0,0,0,0,true,,false,false,false,false,false,,,,,,false,false,false,,,false,false,false,false,false,-83.09695,42.30797,"{
  ""coordinates"": [
    -8.309695624800000e+01,
    4.230797381600010e+01
  ],
  ""type"": ""Point""
}","{
  ""coordinates"": [
    -83.096956248,
    42.307973816
  ],
  ""type"": ""Point""
}",-83.096956248,42.3079738160001
4783,9837004,I-94,CHENE,2016-10-19,19,10,2016,22,4,8,1,,1,0,,2,4,4,55,3,2,2,4,0,0,0,1,false,,false,false,false,false,false,,,,,,false,false,true,,,false,false,false,false,false,-83.03759,42.37751,"{
  ""coordinates"": [
    -8.303758973899990e+01,
    4.237750603300000e+01
  ],
  ""type"": ""Point""
}","{
  ""coordinates"": [
    -83.037589739,
    42.377506033
  ],
  ""type"": ""Point""
}",-83.0375897389999,42.377506033
4784,9961084,I-96,CLARENDON,2016-10-19,19,10,2016,14,4,8,9,,4,0,,1,1,1,70,4,3,3,5,0,0,0,0,true,,false,false,true,false,false,,,,,,false,false,true,,,false,false,false,false,false,-83.12909,42.36323,"{
  ""coordinates"": [
    -8.312908824199999e+01,
    4.236323169300000e+01
  ],
  ""type"": ""Point""
}","{
  ""coordinates"": [
    -83.129088242,
    42.363231693
  ],
  ""type"": ""Point""
}",-83.129088242,42.363231693
4785,9829511,GUNSTON,GLENFIELD,2016-10-19,19,10,2016,7,4,5,3,,1,0,,1,1,1,30,2,3,3,5,0,0,0,0,true,,false,false,false,false,false,,,,,,false,false,true,,,false,false,false,false,false,-82.99625,42.4095,"{
  ""coordinates"": [
    -8.299625717500000e+01,
    4.240950266900010e+01
  ],
  ""type"": ""Point""
}","{
  ""coordinates"": [
    -82.996257175,
    42.409502669
  ],
  ""type"": ""Point""
}",-82.996257175,42.4095026690001