ObjectId,Crash ID,Primary Road,Intersecting Road,Crash Date,Day,Month,Year,Hour,Weekday,Crash Type Code,Highway Classification Code,Community Code,Jurisdiction Code,Lane Departure Type Code,Surface Type,Road Condition,Weather Condition,Lighting Condition,Speed Limit,Lanes,Units,Occupants,Most Severe Injury,Fatal Injuries,Suspected Serious Injuries,Suspected Minor Injuries,Possible Injuries,Property Damage Only,Secondary Crash,Traffic Control,Red Light Run,Hit and Run,Alcohol,Drugs,Unbelted Person,Work Zone,Speeding Driver,Distracted Driver,Driveway,Pedestrian,Elderly Driver,Young Driver,Commercial Vehicle,Emergency Vehicles,Train,School Bus,Motorcycle,Bicycle,Deer,Longitude,Latitude,geom,geog,x,y
4786,9835748,PITT,CARSON,2016-10-19,19,10,2016,14,4,4,9,,,0,,1,1,1,25,4,2,2,5,0,0,0,0,true,,true,false,false,false,false,,,,,,false,false,false,,,false,false,false,false,false,-83.12878,42.31323,"{
  ""coordinates"": [
    -8.312878241700000e+01,
    4.231323170600010e+01
  ],
  ""type"": ""Point""
}","{
  ""coordinates"": [
    -83.128782417,
    42.313231706
  ],
  ""type"": ""Point""
}",-83.128782417,42.3132317060001
4787,9829504,MEMORIAL,DAVISON,2016-10-19,19,10,2016,17,4,2,9,,,0,,1,1,1,25,1,3,2,4,0,0,0,2,false,,false,false,true,false,false,,,,,,false,false,false,,,false,false,false,false,false,-83.2125,42.38452,"{
  ""coordinates"": [
    -8.321250526199999e+01,
    4.238452225900010e+01
  ],
  ""type"": ""Point""
}","{
  ""coordinates"": [
    -83.212505262,
    42.384522259
  ],
  ""type"": ""Point""
}",-83.212505262,42.3845222590001
4788,9832113,CURTIS,FENMORE,2016-10-19,19,10,2016,9,4,4,9,,,0,,2,4,1,30,2,2,3,5,0,0,0,0,true,,true,false,false,false,false,,,,,,false,true,true,,,false,false,false,false,false,-83.218,42.42281,"{
  ""coordinates"": [
    -8.321800591000000e+01,
    4.242280638300010e+01
  ],
  ""type"": ""Point""
}","{
  ""coordinates"": [
    -83.21800591,
    42.422806383
  ],
  ""type"": ""Point""
}",-83.21800591,42.4228063830001
4789,9835725,008H,I-96,2016-10-19,19,10,2016,11,4,1,1,,1,1,,1,1,1,35,1,1,1,3,0,0,1,0,false,,false,false,false,false,false,,,,,,false,false,false,,,false,false,false,false,false,-83.22317,42.37852,"{
  ""coordinates"": [
    -8.322317019600000e+01,
    4.237852052500010e+01
  ],
  ""type"": ""Point""
}","{
  ""coordinates"": [
    -83.223170196,
    42.378520525
  ],
  ""type"": ""Point""
}",-83.223170196,42.3785205250001
4790,9830785,NEVADA,VAN DYKE,2016-10-19,19,10,2016,19,4,97,9,,4,0,,1,1,4,25,2,2,0,5,0,0,0,0,true,,false,false,true,false,false,,,,,,false,false,false,,,false,false,false,false,false,-83.02583,42.42669,"{
  ""coordinates"": [
    -8.302583201899991e+01,
    4.242669361000000e+01
  ],
  ""type"": ""Point""
}","{
  ""coordinates"": [
    -83.025832019,
    42.42669361
  ],
  ""type"": ""Point""
}",-83.0258320189999,42.42669361
4791,9830789,WEXFORD,7MILE,2016-10-19,19,10,2016,14,4,8,9,,,3,,1,1,1,25,2,2,3,5,0,0,0,0,true,,false,false,false,false,false,,,,,,false,false,false,,,false,false,false,false,false,-83.0651,42.43308,"{
  ""coordinates"": [
    -8.306510429699991e+01,
    4.243308259000000e+01
  ],
  ""type"": ""Point""
}","{
  ""coordinates"": [
    -83.065104297,
    42.43308259
  ],
  ""type"": ""Point""
}",-83.0651042969999,42.43308259
4792,9830772,HOLBROOK,OAKLAND,2016-10-19,19,10,2016,7,4,1,9,,4,0,,1,1,4,40,2,2,3,2,0,1,1,1,false,,false,false,false,false,false,,,,,,true,false,false,,,false,false,false,false,false,-83.07153,42.38448,"{
  ""coordinates"": [
    -8.307152670200000e+01,
    4.238447413200000e+01
  ],
  ""type"": ""Point""
}","{
  ""coordinates"": [
    -83.071526702,
    42.384474132
  ],
  ""type"": ""Point""
}",-83.071526702,42.384474132
4793,9830765,GREENFIELD,W I 96 CD,2016-10-19,19,10,2016,16,4,5,1,,2,0,,1,1,1,30,3,2,2,5,0,0,0,0,true,,false,false,false,false,false,,,,,,false,false,true,,,false,false,false,false,false,-83.19804,42.37933,"{
  ""coordinates"": [
    -8.319804104699990e+01,
    4.237933241600010e+01
  ],
  ""type"": ""Point""
}","{
  ""coordinates"": [
    -83.198041047,
    42.379332416
  ],
  ""type"": ""Point""
}",-83.1980410469999,42.3793324160001
4794,9835752,RAMP 220E,E I 94,2016-10-19,19,10,2016,15,4,5,1,,1,0,,1,1,1,0,1,2,2,5,0,0,0,0,true,,false,false,false,false,false,,,,,,false,false,false,,,false,false,false,false,false,-82.98562,42.39766,"{
  ""coordinates"": [
    -8.298561753199991e+01,
    4.239766383100000e+01
  ],
  ""type"": ""Point""
}","{
  ""coordinates"": [
    -82.985617532,
    42.397663831
  ],
  ""type"": ""Point""
}",-82.9856175319999,42.397663831
4795,9829506,E I 94,MOUNT ELLIOTT,2016-10-19,19,10,2016,23,4,8,1,,1,0,,2,4,4,35,3,2,2,5,0,0,0,0,true,,false,false,false,false,false,,,,,,false,false,false,,,false,false,false,false,false,-83.03334,42.37947,"{
  ""coordinates"": [
    -8.303334368000000e+01,
    4.237946660300000e+01
  ],
  ""type"": ""Point""
}","{
  ""coordinates"": [
    -83.03334368,
    42.379466603
  ],
  ""type"": ""Point""
}",-83.03334368,42.379466603
4796,9829507,GRATIOT,MCCLELLAN,2016-10-19,19,10,2016,12,4,4,3,,1,0,,1,1,1,35,9,2,5,5,0,0,0,0,true,,false,false,false,false,false,,,,,,false,false,true,,,false,false,false,false,false,-83.00707,42.39032,"{
  ""coordinates"": [
    -8.300707598799990e+01,
    4.239032484300000e+01
  ],
  ""type"": ""Point""
}","{
  ""coordinates"": [
    -83.007075988,
    42.390324843
  ],
  ""type"": ""Point""
}",-83.0070759879999,42.390324843
4797,9881470,WB I-96,EVERGREEN,2016-10-19,19,10,2016,16,4,5,1,,1,0,,1,1,1,70,3,2,2,5,0,0,0,0,true,,false,false,false,false,false,,,,,,false,false,false,,,false,false,false,false,false,-83.23991,42.38317,"{
  ""coordinates"": [
    -8.323990870900001e+01,
    4.238316579800010e+01
  ],
  ""type"": ""Point""
}","{
  ""coordinates"": [
    -83.239908709,
    42.383165798
  ],
  ""type"": ""Point""
}",-83.239908709,42.3831657980001
4798,9829518,MONICA,SAINT MARTINS,2016-10-19,19,10,2016,8,4,4,9,,,0,,1,1,1,25,2,2,2,5,0,0,0,0,true,,false,false,false,false,false,,,,,,false,false,false,,,false,false,false,false,false,-83.14487,42.43675,"{
  ""coordinates"": [
    -8.314487755000000e+01,
    4.243675186400000e+01
  ],
  ""type"": ""Point""
}","{
  ""coordinates"": [
    -83.14487755,
    42.436751864
  ],
  ""type"": ""Point""
}",-83.14487755,42.436751864
4799,9915663,PENNSYLVANIA,WARREN,2016-10-19,19,10,2016,17,4,4,9,,,0,,1,1,1,30,2,2,2,5,0,0,0,0,true,,false,false,true,false,false,,,,,,false,false,false,,,false,false,false,false,false,-82.9979,42.38178,"{
  ""coordinates"": [
    -8.299790356599991e+01,
    4.238178393000000e+01
  ],
  ""type"": ""Point""
}","{
  ""coordinates"": [
    -82.997903566,
    42.38178393
  ],
  ""type"": ""Point""
}",-82.9979035659999,42.38178393
4800,9841016,WARREN,WOODWARD,2016-10-19,19,10,2016,17,4,4,3,,4,0,,1,1,1,40,4,2,2,5,0,0,0,0,true,,false,false,false,false,false,,,,,,false,false,true,,,false,false,false,false,false,-83.06472,42.35686,"{
  ""coordinates"": [
    -8.306472243899999e+01,
    4.235685859600010e+01
  ],
  ""type"": ""Point""
}","{
  ""coordinates"": [
    -83.064722439,
    42.356858596
  ],
  ""type"": ""Point""
}",-83.064722439,42.3568585960001
4801,9873204,E I 94,RAMP 220A,2016-10-19,19,10,2016,0,4,1,1,,1,0,,1,2,4,55,3,2,2,1,1,0,0,0,false,,false,false,false,true,false,,,,,,true,false,false,,,false,false,false,false,false,-82.99803,42.39209,"{
  ""coordinates"": [
    -8.299803174600000e+01,
    4.239209306600000e+01
  ],
  ""type"": ""Point""
}","{
  ""coordinates"": [
    -82.998031746,
    42.392093066
  ],
  ""type"": ""Point""
}",-82.998031746,42.392093066
4802,9830797,TUXEDO,DEXTER,2016-10-19,19,10,2016,22,4,5,9,,4,0,,1,1,4,25,1,2,0,5,0,0,0,0,true,,false,false,true,false,false,,,,,,false,false,false,,,false,false,false,false,false,-83.1237,42.38065,"{
  ""coordinates"": [
    -8.312369270600000e+01,
    4.238065316800000e+01
  ],
  ""type"": ""Point""
}","{
  ""coordinates"": [
    -83.123692706,
    42.380653168
  ],
  ""type"": ""Point""
}",-83.123692706,42.380653168
4803,9832088,SECOND,LOTHROP,2016-10-19,19,10,2016,14,4,10,9,,4,3,,1,1,1,25,1,2,1,5,0,0,0,0,true,,false,false,false,false,false,,,,,,false,true,false,,,false,false,false,false,false,-83.07688,42.37,"{
  ""coordinates"": [
    -8.307687882000000e+01,
    4.236999863400010e+01
  ],
  ""type"": ""Point""
}","{
  ""coordinates"": [
    -83.07687882,
    42.369998634
  ],
  ""type"": ""Point""
}",-83.07687882,42.3699986340001
4804,9832111,OUTER,STANSBURY,2016-10-19,19,10,2016,8,4,4,9,,2,0,,1,2,1,30,3,2,2,4,0,0,0,2,false,,true,false,true,false,false,,,,,,false,false,false,,,false,false,false,false,false,-83.18348,42.42004,"{
  ""coordinates"": [
    -8.318347621700001e+01,
    4.242003925800000e+01
  ],
  ""type"": ""Point""
}","{
  ""coordinates"": [
    -83.183476217,
    42.420039258
  ],
  ""type"": ""Point""
}",-83.183476217,42.420039258
4805,9829513,JAMES COUZENS,7 MILE,2016-10-19,19,10,2016,2,4,5,3,,4,0,,1,1,4,0,2,2,1,5,0,0,0,0,true,,false,false,true,false,false,,,,,,false,false,false,,,false,false,false,false,false,-83.18658,42.4308,"{
  ""coordinates"": [
    -8.318657906700000e+01,
    4.243079818500010e+01
  ],
  ""type"": ""Point""
}","{
  ""coordinates"": [
    -83.186579067,
    42.430798185
  ],
  ""type"": ""Point""
}",-83.186579067,42.4307981850001
4806,9829508,GRATIOT,WARREN,2016-10-19,19,10,2016,14,4,8,3,,1,0,,1,1,1,35,9,3,2,5,0,0,0,0,true,,false,false,true,false,false,,,,,,false,true,false,,,false,false,false,false,false,-83.01786,42.37404,"{
  ""coordinates"": [
    -8.301785720299991e+01,
    4.237403962300000e+01
  ],
  ""type"": ""Point""
}","{
  ""coordinates"": [
    -83.017857203,
    42.374039623
  ],
  ""type"": ""Point""
}",-83.0178572029999,42.374039623
4807,9961087,M-10,DAVISON,2016-10-19,19,10,2016,7,4,1,3,,1,1,,1,1,1,55,3,1,1,4,0,0,0,1,false,,false,false,false,false,false,,,,,,false,false,false,,,false,false,false,false,false,-83.11765,42.40283,"{
  ""coordinates"": [
    -8.311764995800000e+01,
    4.240283320900010e+01
  ],
  ""type"": ""Point""
}","{
  ""coordinates"": [
    -83.117649958,
    42.402833209
  ],
  ""type"": ""Point""
}",-83.117649958,42.4028332090001
4808,9832165,DAVISON,PETOSKEY,2016-10-19,19,10,2016,16,4,5,3,,1,0,,1,1,1,35,6,2,2,4,0,0,0,1,false,,false,false,false,false,false,,,,,,false,true,false,,,false,false,false,false,false,-83.1354,42.38803,"{
  ""coordinates"": [
    -8.313539831500000e+01,
    4.238802879300000e+01
  ],
  ""type"": ""Point""
}","{
  ""coordinates"": [
    -83.135398315,
    42.388028793
  ],
  ""type"": ""Point""
}",-83.135398315,42.388028793
4809,9959060,M-39,MCNICHOLS,2016-10-19,19,10,2016,16,4,5,3,,1,0,,1,1,1,55,3,2,2,5,0,0,0,0,true,,false,false,false,false,false,,,,,,false,false,false,,,false,false,false,false,false,-83.21882,42.41917,"{
  ""coordinates"": [
    -8.321881541099999e+01,
    4.241917580300000e+01
  ],
  ""type"": ""Point""
}","{
  ""coordinates"": [
    -83.218815411,
    42.419175803
  ],
  ""type"": ""Point""
}",-83.218815411,42.419175803
4810,9867463,S I 75 SERVICE DRIVE,MACK,2016-10-19,19,10,2016,10,4,8,1,,4,0,,1,1,1,35,4,2,1,5,0,0,0,0,true,,false,false,false,false,false,,,,,,false,false,true,,,false,false,false,false,false,-83.04858,42.3511,"{
  ""coordinates"": [
    -8.304858071500000e+01,
    4.235110621500010e+01
  ],
  ""type"": ""Point""
}","{
  ""coordinates"": [
    -83.048580715,
    42.351106215
  ],
  ""type"": ""Point""
}",-83.048580715,42.3511062150001
4811,9960137,DAVISON,I-96,2016-10-19,19,10,2016,23,4,1,3,,4,1,,2,4,4,35,3,1,1,5,0,0,0,0,true,,false,false,false,false,false,,,,,,false,false,false,,,false,false,false,false,false,-83.14603,42.38624,"{
  ""coordinates"": [
    -8.314602287900000e+01,
    4.238623965100000e+01
  ],
  ""type"": ""Point""
}","{
  ""coordinates"": [
    -83.146022879,
    42.386239651
  ],
  ""type"": ""Point""
}",-83.146022879,42.386239651
4812,9840960,POWELL,OAKWOOD,2016-10-19,19,10,2016,11,4,97,9,,,3,,1,1,1,10,2,2,1,5,0,0,0,0,true,,false,false,false,false,false,,,,,,false,false,true,,,false,false,false,false,false,-83.14545,42.28996,"{
  ""coordinates"": [
    -8.314544388600000e+01,
    4.228995880300000e+01
  ],
  ""type"": ""Point""
}","{
  ""coordinates"": [
    -83.145443886,
    42.289958803
  ],
  ""type"": ""Point""
}",-83.145443886,42.289958803
4813,9863452,M-10,CLAIRMONT,2016-10-19,19,10,2016,15,4,5,3,,1,0,,1,1,1,55,4,5,3,4,0,0,0,1,false,,false,false,true,false,false,,,,,,false,false,false,,,false,false,false,false,false,-83.0937,42.38212,"{
  ""coordinates"": [
    -8.309369887000000e+01,
    4.238212334900000e+01
  ],
  ""type"": ""Point""
}","{
  ""coordinates"": [
    -83.09369887,
    42.382123349
  ],
  ""type"": ""Point""
}",-83.09369887,42.382123349
4814,9841013,ANTHONY WAYNE,WARREN,2016-10-19,19,10,2016,22,4,8,9,,4,0,,2,4,4,25,8,2,2,5,0,0,0,0,true,,false,false,false,false,false,,,,,,false,false,true,,,false,false,false,false,false,-83.07138,42.35456,"{
  ""coordinates"": [
    -8.307138245100001e+01,
    4.235456221100000e+01
  ],
  ""type"": ""Point""
}","{
  ""coordinates"": [
    -83.071382451,
    42.354562211
  ],
  ""type"": ""Point""
}",-83.071382451,42.354562211
4815,9834455,CAMPBELL,JACKSON,2016-10-19,19,10,2016,10,4,4,9,,,3,,1,1,1,0,1,2,0,5,0,0,0,0,true,,false,false,true,false,false,,,,,,false,false,false,,,false,false,false,false,false,-83.11532,42.33298,"{
  ""coordinates"": [
    -8.311531756600000e+01,
    4.233297745300010e+01
  ],
  ""type"": ""Point""
}","{
  ""coordinates"": [
    -83.115317566,
    42.332977453
  ],
  ""type"": ""Point""
}",-83.115317566,42.3329774530001
4816,9834469,S I 75 SERVICE DRIVE,MACK,2016-10-19,19,10,2016,12,4,8,1,,4,0,,1,1,1,25,6,2,2,5,0,0,0,0,true,,false,false,false,false,false,,,,,,false,false,false,,,false,false,false,false,false,-83.0485,42.35099,"{
  ""coordinates"": [
    -8.304850107199999e+01,
    4.235098601000000e+01
  ],
  ""type"": ""Point""
}","{
  ""coordinates"": [
    -83.048501072,
    42.35098601
  ],
  ""type"": ""Point""
}",-83.048501072,42.35098601
4817,9832101,CLARK,MICHIGAN,2016-10-19,19,10,2016,7,4,3,2,,4,0,,1,1,1,35,7,2,2,4,0,0,0,1,false,,false,false,false,false,false,,,,,,false,false,true,,,false,false,false,false,false,-83.10232,42.33125,"{
  ""coordinates"": [
    -8.310232148900000e+01,
    4.233125160800010e+01
  ],
  ""type"": ""Point""
}","{
  ""coordinates"": [
    -83.102321489,
    42.331251608
  ],
  ""type"": ""Point""
}",-83.102321489,42.3312516080001
4818,9832144,GRAND RIVER,OUTER,2016-10-19,19,10,2016,8,4,4,3,,1,0,,1,1,2,35,3,2,2,4,0,0,0,1,false,,false,false,false,false,false,,,,,,false,false,false,,,false,false,false,false,false,-83.25779,42.41655,"{
  ""coordinates"": [
    -8.325778964999991e+01,
    4.241654946400010e+01
  ],
  ""type"": ""Point""
}","{
  ""coordinates"": [
    -83.25778965,
    42.416549464
  ],
  ""type"": ""Point""
}",-83.2577896499999,42.4165494640001
4819,9832084,WYOMING,PLYMOUTH,2016-10-19,19,10,2016,10,4,5,9,,4,0,,1,1,1,35,5,2,2,5,0,0,0,0,true,,false,false,false,false,false,,,,,,false,false,false,,,false,false,false,false,false,-83.15855,42.37343,"{
  ""coordinates"": [
    -8.315855731499990e+01,
    4.237343042200010e+01
  ],
  ""type"": ""Point""
}","{
  ""coordinates"": [
    -83.158557315,
    42.373430422
  ],
  ""type"": ""Point""
}",-83.1585573149999,42.3734304220001
4820,9859665,N M 39,JOY,2016-10-19,19,10,2016,15,4,5,3,,1,0,,1,1,1,55,3,2,2,5,0,0,0,0,true,,false,false,false,false,false,,,,,,false,true,true,,,false,false,false,false,false,-83.21627,42.35497,"{
  ""coordinates"": [
    -8.321626917600000e+01,
    4.235496345200000e+01
  ],
  ""type"": ""Point""
}","{
  ""coordinates"": [
    -83.216269176,
    42.354963452
  ],
  ""type"": ""Point""
}",-83.216269176,42.354963452
4821,9836947,I 96,UNDERWOOD,2016-10-19,19,10,2016,15,4,8,1,,1,0,,1,1,1,70,4,2,3,5,0,0,0,0,true,,false,false,false,false,false,,,,,,false,false,false,,,false,false,false,false,false,-83.13438,42.36552,"{
  ""coordinates"": [
    -8.313438561899990e+01,
    4.236551519400010e+01
  ],
  ""type"": ""Point""
}","{
  ""coordinates"": [
    -83.134385619,
    42.365515194
  ],
  ""type"": ""Point""
}",-83.1343856189999,42.3655151940001
4822,9832102,JOHN KRONK,LONYO,2016-10-19,19,10,2016,10,4,5,9,,4,0,,1,1,1,35,4,2,2,5,0,0,0,0,true,,false,false,false,false,false,,,,,,false,false,false,,,false,false,false,false,false,-83.13741,42.32114,"{
  ""coordinates"": [
    -8.313740199499991e+01,
    4.232114323700010e+01
  ],
  ""type"": ""Point""
}","{
  ""coordinates"": [
    -83.137401995,
    42.321143237
  ],
  ""type"": ""Point""
}",-83.1374019949999,42.3211432370001
4823,9830756,S/B M 39,JOY,2016-10-19,19,10,2016,12,4,8,3,,1,0,,1,1,1,55,3,2,2,5,0,0,0,0,true,,false,false,false,false,false,,,,,,false,false,false,,,false,false,false,false,false,-83.21658,42.35929,"{
  ""coordinates"": [
    -8.321658370599989e+01,
    4.235929442200010e+01
  ],
  ""type"": ""Point""
}","{
  ""coordinates"": [
    -83.216583706,
    42.359294422
  ],
  ""type"": ""Point""
}",-83.2165837059999,42.3592944220001
4824,9830777,MILWAUKEE,S M 10 SERVICE DRIVE,2016-10-19,19,10,2016,15,4,5,9,,4,0,,1,1,1,30,8,2,2,5,0,0,0,0,true,,false,false,true,false,false,,,,,,false,false,false,,,false,false,false,false,false,-83.0815,42.36575,"{
  ""coordinates"": [
    -8.308149906999989e+01,
    4.236575211800000e+01
  ],
  ""type"": ""Point""
}","{
  ""coordinates"": [
    -83.08149907,
    42.365752118
  ],
  ""type"": ""Point""
}",-83.0814990699999,42.365752118
4825,9832169,DAVISON,LASALLE,2016-10-19,19,10,2016,9,4,5,3,,1,0,,1,1,1,35,1,2,2,5,0,0,0,0,true,,false,false,false,false,false,,,,,,false,false,true,,,false,false,false,false,false,-83.11888,42.39418,"{
  ""coordinates"": [
    -8.311888354599991e+01,
    4.239418160000000e+01
  ],
  ""type"": ""Point""
}","{
  ""coordinates"": [
    -83.118883546,
    42.3941816
  ],
  ""type"": ""Point""
}",-83.1188835459999,42.3941816
4826,9836948,W I 96,SCHAEFER,2016-10-19,19,10,2016,16,4,5,1,,1,0,,1,1,1,70,3,2,2,5,0,0,0,0,true,,false,false,false,false,false,,,,,,false,false,false,,,false,false,false,false,false,-83.17942,42.38308,"{
  ""coordinates"": [
    -8.317942161400001e+01,
    4.238308105700000e+01
  ],
  ""type"": ""Point""
}","{
  ""coordinates"": [
    -83.179421614,
    42.383081057
  ],
  ""type"": ""Point""
}",-83.179421614,42.383081057
4827,9832112,EVERGREEN,TROJAN,2016-10-19,19,10,2016,11,4,8,9,,4,0,,1,1,1,35,3,2,1,5,0,0,0,0,true,,false,false,true,false,false,,,,,,false,false,false,,,false,false,false,false,false,-83.23927,42.44036,"{
  ""coordinates"": [
    -8.323927237399990e+01,
    4.244035948100000e+01
  ],
  ""type"": ""Point""
}","{
  ""coordinates"": [
    -83.239272374,
    42.440359481
  ],
  ""type"": ""Point""
}",-83.2392723739999,42.440359481
4828,9959059,M-10,8 MILE,2016-10-19,19,10,2016,15,4,8,3,,1,0,,1,1,1,55,3,2,2,5,0,0,0,0,true,,false,false,false,false,false,,,,,,false,false,true,,,false,false,false,false,false,-83.20054,42.44263,"{
  ""coordinates"": [
    -8.320053812600000e+01,
    4.244263536100000e+01
  ],
  ""type"": ""Point""
}","{
  ""coordinates"": [
    -83.200538126,
    42.442635361
  ],
  ""type"": ""Point""
}",-83.200538126,42.442635361
4829,9834443,14TH,BUCHANAN,2016-10-19,19,10,2016,19,4,4,9,,4,0,,1,1,1,30,3,2,3,5,0,0,0,0,true,,true,false,true,false,false,,,,,,false,false,false,,,false,false,false,false,false,-83.08435,42.34514,"{
  ""coordinates"": [
    -8.308435150500000e+01,
    4.234513854600000e+01
  ],
  ""type"": ""Point""
}","{
  ""coordinates"": [
    -83.084351505,
    42.345138546
  ],
  ""type"": ""Point""
}",-83.084351505,42.345138546
4830,9829505,JOY,MEMORIAL,2016-10-19,19,10,2016,7,4,5,9,,2,0,,1,1,1,30,4,2,3,4,0,0,0,3,false,,false,false,true,false,false,,,,,,false,false,false,,,false,false,false,false,false,-83.21171,42.35794,"{
  ""coordinates"": [
    -8.321170773400000e+01,
    4.235793596700010e+01
  ],
  ""type"": ""Point""
}","{
  ""coordinates"": [
    -83.211707734,
    42.357935967
  ],
  ""type"": ""Point""
}",-83.211707734,42.3579359670001
4831,9838378,TELEGRAPH,MCNICHOLS,2016-10-19,19,10,2016,19,4,98,2,,1,0,,2,4,4,35,3,2,0,4,0,0,0,1,false,,false,false,false,false,false,,,,,,true,false,false,,,false,false,false,false,false,-83.27741,42.41473,"{
  ""coordinates"": [
    -8.327741235900000e+01,
    4.241473196100000e+01
  ],
  ""type"": ""Point""
}","{
  ""coordinates"": [
    -83.277412359,
    42.414731961
  ],
  ""type"": ""Point""
}",-83.277412359,42.414731961
4832,9959045,N M 39,CIRCLE,2016-10-19,19,10,2016,17,4,5,3,,1,0,,1,1,1,55,3,2,2,5,0,0,0,0,true,,false,false,false,false,false,,,,,,false,false,true,,,false,false,false,false,false,-83.21966,42.44307,"{
  ""coordinates"": [
    -8.321965418199990e+01,
    4.244306867100000e+01
  ],
  ""type"": ""Point""
}","{
  ""coordinates"": [
    -83.219654182,
    42.443068671
  ],
  ""type"": ""Point""
}",-83.2196541819999,42.443068671
4833,9830795,MCNICHOLS,BLOOM,2016-10-19,19,10,2016,15,4,8,9,,4,0,,1,1,1,30,3,3,3,4,0,0,0,3,false,,false,false,false,false,false,,,,,,false,false,true,,,false,false,false,false,false,-83.0481,42.41896,"{
  ""coordinates"": [
    -8.304810344000001e+01,
    4.241895903500010e+01
  ],
  ""type"": ""Point""
}","{
  ""coordinates"": [
    -83.04810344,
    42.418959035
  ],
  ""type"": ""Point""
}",-83.04810344,42.4189590350001
4834,9834417,MILWAUKEE,S M 10 SERVICE DRIVE,2016-10-19,19,10,2016,15,4,10,9,,4,0,,1,1,1,25,4,2,1,5,0,0,0,0,true,,false,false,false,false,false,,,,,,false,true,false,,,false,false,false,false,false,-83.08148,42.36576,"{
  ""coordinates"": [
    -8.308148168699999e+01,
    4.236575867700000e+01
  ],
  ""type"": ""Point""
}","{
  ""coordinates"": [
    -83.081481687,
    42.365758677
  ],
  ""type"": ""Point""
}",-83.081481687,42.365758677
4835,9832168,MONICA,CORTLAND,2016-10-19,19,10,2016,4,4,9,9,,,2,,1,1,1,0,1,2,2,5,0,0,0,0,true,,false,false,false,false,false,,,,,,false,false,false,,,false,false,false,false,false,-83.14249,42.37943,"{
  ""coordinates"": [
    -8.314248446499990e+01,
    4.237943174200010e+01
  ],
  ""type"": ""Point""
}","{
  ""coordinates"": [
    -83.142484465,
    42.379431742
  ],
  ""type"": ""Point""
}",-83.1424844649999,42.3794317420001
4836,9834483,GRATIOT,FORDHAM,2016-10-19,19,10,2016,19,4,8,3,,1,0,,1,1,4,35,7,2,2,4,0,0,0,1,false,,false,false,false,false,false,,,,,,false,true,false,,,false,false,false,false,false,-82.97841,42.43398,"{
  ""coordinates"": [
    -8.297840530400001e+01,
    4.243398435800000e+01
  ],
  ""type"": ""Point""
}","{
  ""coordinates"": [
    -82.978405304,
    42.433984358
  ],
  ""type"": ""Point""
}",-82.978405304,42.433984358
4837,9961073,I 94,GRATIOT,2016-10-19,19,10,2016,7,4,1,1,,1,1,,1,1,1,55,3,1,1,5,0,0,0,0,true,,false,false,false,false,false,,,,,,false,false,false,,,false,false,false,false,false,-83.00245,42.39216,"{
  ""coordinates"": [
    -8.300245011000000e+01,
    4.239215951100000e+01
  ],
  ""type"": ""Point""
}","{
  ""coordinates"": [
    -83.00245011,
    42.392159511
  ],
  ""type"": ""Point""
}",-83.00245011,42.392159511
4838,9835751,OGDEN,HENDERSON,2016-10-19,19,10,2016,23,4,4,9,,,0,,1,1,4,0,2,2,2,4,0,0,0,1,false,,false,false,true,false,false,,,,,,false,false,false,,,false,false,false,false,false,-83.1488,42.33334,"{
  ""coordinates"": [
    -8.314880003899999e+01,
    4.233334214000010e+01
  ],
  ""type"": ""Point""
}","{
  ""coordinates"": [
    -83.148800039,
    42.33334214
  ],
  ""type"": ""Point""
}",-83.148800039,42.3333421400001
4839,9829503,7 MILE,ROSEMONT,2016-10-19,19,10,2016,14,4,97,9,,2,0,,1,1,1,35,4,2,2,5,0,0,0,0,true,,false,false,false,false,false,,,,,,false,false,true,,,false,false,false,false,false,-83.22173,42.42996,"{
  ""coordinates"": [
    -8.322173324800001e+01,
    4.242996385700010e+01
  ],
  ""type"": ""Point""
}","{
  ""coordinates"": [
    -83.221733248,
    42.429963857
  ],
  ""type"": ""Point""
}",-83.221733248,42.4299638570001
4840,9828154,KIRKWOOD,ADDISON,2016-10-18,18,10,2016,18,3,1,9,,,0,,1,1,1,25,1,2,0,4,0,0,0,1,false,,false,false,true,false,false,,,,,,true,false,false,,,false,false,false,false,false,-83.15417,42.33511,"{
  ""coordinates"": [
    -8.315416839200000e+01,
    4.233510643300010e+01
  ],
  ""type"": ""Point""
}","{
  ""coordinates"": [
    -83.154168392,
    42.335106433
  ],
  ""type"": ""Point""
}",-83.154168392,42.3351064330001
4841,9838330,I-75,SCHAEFER,2016-10-18,18,10,2016,8,3,5,1,,1,0,,1,1,1,70,4,4,4,3,0,0,1,0,false,,false,false,false,false,false,,,,,,false,false,false,,,false,false,false,false,false,-83.15799,42.27658,"{
  ""coordinates"": [
    -8.315798975099990e+01,
    4.227657902300010e+01
  ],
  ""type"": ""Point""
}","{
  ""coordinates"": [
    -83.157989751,
    42.276579023
  ],
  ""type"": ""Point""
}",-83.1579897509999,42.2765790230001
4842,9936650,I-94,CHENE,2016-10-18,18,10,2016,10,3,97,1,,1,0,,1,1,1,55,3,2,2,5,0,0,0,0,true,,false,false,false,false,false,,,,,,false,false,true,,,false,false,false,false,false,-83.04688,42.37425,"{
  ""coordinates"": [
    -8.304687891099999e+01,
    4.237425380000010e+01
  ],
  ""type"": ""Point""
}","{
  ""coordinates"": [
    -83.046878911,
    42.3742538
  ],
  ""type"": ""Point""
}",-83.046878911,42.3742538000001