ObjectId,Crash ID,Primary Road,Intersecting Road,Crash Date,Day,Month,Year,Hour,Weekday,Crash Type Code,Highway Classification Code,Community Code,Jurisdiction Code,Lane Departure Type Code,Surface Type,Road Condition,Weather Condition,Lighting Condition,Speed Limit,Lanes,Units,Occupants,Most Severe Injury,Fatal Injuries,Suspected Serious Injuries,Suspected Minor Injuries,Possible Injuries,Property Damage Only,Secondary Crash,Traffic Control,Red Light Run,Hit and Run,Alcohol,Drugs,Unbelted Person,Work Zone,Speeding Driver,Distracted Driver,Driveway,Pedestrian,Elderly Driver,Young Driver,Commercial Vehicle,Emergency Vehicles,Train,School Bus,Motorcycle,Bicycle,Deer,Longitude,Latitude,geom,geog,x,y
4956,9827157,GRAND,EDSEL FORD SERVICE,2016-10-16,16,10,2016,17,1,4,9,,4,0,,1,1,1,30,4,2,3,2,0,1,0,1,false,,true,true,false,true,false,,,,,,false,false,false,,,false,false,false,false,false,-83.03835,42.37435,"{
  ""coordinates"": [
    -8.303835063500000e+01,
    4.237434606100000e+01
  ],
  ""type"": ""Point""
}","{
  ""coordinates"": [
    -83.038350635,
    42.374346061
  ],
  ""type"": ""Point""
}",-83.038350635,42.374346061
4957,9827954,I-94,CADIEUX,2016-10-16,16,10,2016,12,1,8,1,,1,0,,1,1,1,70,3,2,2,5,0,0,0,0,true,,false,false,true,false,false,,,,,,false,false,false,,,false,false,false,false,false,-82.93562,42.41816,"{
  ""coordinates"": [
    -8.293561533499999e+01,
    4.241815909700010e+01
  ],
  ""type"": ""Point""
}","{
  ""coordinates"": [
    -82.935615335,
    42.418159097
  ],
  ""type"": ""Point""
}",-82.935615335,42.4181590970001
4958,9827136,WHITTIER,LINVILLE,2016-10-16,16,10,2016,23,1,5,9,,4,0,,1,1,4,25,2,2,3,4,0,0,0,2,false,,false,false,false,false,false,,,,,,false,false,false,,,false,false,false,false,false,-82.94085,42.41021,"{
  ""coordinates"": [
    -8.294084712599989e+01,
    4.241021529900010e+01
  ],
  ""type"": ""Point""
}","{
  ""coordinates"": [
    -82.940847126,
    42.410215299
  ],
  ""type"": ""Point""
}",-82.9408471259999,42.4102152990001
4959,9825977,CONNER,CHANDLER PARK,2016-10-16,16,10,2016,11,1,5,9,,4,0,,2,4,4,30,3,2,2,5,0,0,0,0,true,,false,false,false,false,false,,,,,,false,false,true,,,false,false,false,false,false,-82.98324,42.39295,"{
  ""coordinates"": [
    -8.298323947599989e+01,
    4.239295236800010e+01
  ],
  ""type"": ""Point""
}","{
  ""coordinates"": [
    -82.983239476,
    42.392952368
  ],
  ""type"": ""Point""
}",-82.9832394759999,42.3929523680001
4960,9843290,I 94,SCOTTEN,2016-10-16,16,10,2016,11,1,1,1,,1,1,,2,4,1,55,3,1,1,5,0,0,0,0,true,,false,false,false,false,false,,,,,,false,false,false,,,false,false,false,false,false,-83.11157,42.34604,"{
  ""coordinates"": [
    -8.311157474399990e+01,
    4.234603782100000e+01
  ],
  ""type"": ""Point""
}","{
  ""coordinates"": [
    -83.111574744,
    42.346037821
  ],
  ""type"": ""Point""
}",-83.1115747439999,42.346037821
4961,9826001,MIDLAND,INDIANA,2016-10-16,16,10,2016,11,1,5,9,,,0,,2,4,1,25,1,2,0,5,0,0,0,0,true,,false,false,true,false,false,,,,,,false,false,false,,,false,false,false,false,false,-83.15775,42.40613,"{
  ""coordinates"": [
    -8.315774677000000e+01,
    4.240612962300000e+01
  ],
  ""type"": ""Point""
}","{
  ""coordinates"": [
    -83.15774677,
    42.406129623
  ],
  ""type"": ""Point""
}",-83.15774677,42.406129623
4962,9843246,I-75,SCHAEFER,2016-10-16,16,10,2016,11,1,1,1,,1,1,,2,4,1,70,4,1,1,5,0,0,0,0,true,,false,false,false,false,false,,,,,,false,false,false,,,false,false,false,false,false,-83.15469,42.27789,"{
  ""coordinates"": [
    -8.315468418200000e+01,
    4.227788357500000e+01
  ],
  ""type"": ""Point""
}","{
  ""coordinates"": [
    -83.154684182,
    42.277883575
  ],
  ""type"": ""Point""
}",-83.154684182,42.277883575
4963,9829287,I-75,7 MILE,2016-10-16,16,10,2016,12,1,8,1,,1,0,,2,4,1,55,3,2,2,5,0,0,0,0,true,,false,false,false,false,false,,,,,,false,true,false,,,false,false,false,false,false,-83.09472,42.43393,"{
  ""coordinates"": [
    -8.309471906200000e+01,
    4.243393197100000e+01
  ],
  ""type"": ""Point""
}","{
  ""coordinates"": [
    -83.094719062,
    42.433931971
  ],
  ""type"": ""Point""
}",-83.094719062,42.433931971
4964,9825967,FOREST,MCDOUGAL,2016-10-16,16,10,2016,15,1,4,9,,4,0,,1,1,1,25,2,2,2,5,0,0,0,0,true,,false,false,false,false,false,,,,,,false,false,false,,,false,false,false,false,false,-83.03453,42.36537,"{
  ""coordinates"": [
    -8.303453001900000e+01,
    4.236537326300000e+01
  ],
  ""type"": ""Point""
}","{
  ""coordinates"": [
    -83.034530019,
    42.365373263
  ],
  ""type"": ""Point""
}",-83.034530019,42.365373263
4965,9828143,LEDYARD,SECOND,2016-10-16,16,10,2016,5,1,8,9,,4,0,,1,1,2,35,2,2,3,5,0,0,0,0,true,,false,false,false,false,false,,,,,,false,false,false,,,false,false,false,false,false,-83.0603,42.33964,"{
  ""coordinates"": [
    -8.306029365200000e+01,
    4.233963743300010e+01
  ],
  ""type"": ""Point""
}","{
  ""coordinates"": [
    -83.060293652,
    42.339637433
  ],
  ""type"": ""Point""
}",-83.060293652,42.3396374330001
4966,9832161,OREGON,BEECHWOOD,2016-10-16,16,10,2016,5,1,8,9,,,0,,1,1,4,25,2,2,1,5,0,0,0,0,true,,false,false,false,false,false,,,,,,false,true,false,,,false,false,false,false,false,-83.12267,42.35697,"{
  ""coordinates"": [
    -8.312267457199989e+01,
    4.235696797300010e+01
  ],
  ""type"": ""Point""
}","{
  ""coordinates"": [
    -83.122674572,
    42.356967973
  ],
  ""type"": ""Point""
}",-83.1226745719999,42.3569679730001
4967,9865101,MCDOUGALL,MINNESOTA,2016-10-16,16,10,2016,5,1,5,9,,,0,,1,1,5,30,1,2,1,5,0,0,0,0,true,,false,false,true,false,false,,,,,,false,false,true,,,false,false,false,false,false,-83.07098,42.4227,"{
  ""coordinates"": [
    -8.307097535500000e+01,
    4.242269554100010e+01
  ],
  ""type"": ""Point""
}","{
  ""coordinates"": [
    -83.070975355,
    42.422695541
  ],
  ""type"": ""Point""
}",-83.070975355,42.4226955410001
4968,9827137,GREENFIELD,WADSWORTH,2016-10-16,16,10,2016,2,1,5,9,,2,0,,1,1,4,35,4,2,3,5,0,0,0,0,true,,false,false,false,false,false,,,,,,false,false,false,,,false,false,false,false,false,-83.1976,42.37432,"{
  ""coordinates"": [
    -8.319760475200000e+01,
    4.237432131300010e+01
  ],
  ""type"": ""Point""
}","{
  ""coordinates"": [
    -83.197604752,
    42.374321313
  ],
  ""type"": ""Point""
}",-83.197604752,42.3743213130001
4969,9825971,2567 SPRINGWELLS,BELLE,2016-10-16,16,10,2016,3,1,97,9,,,0,,1,1,5,25,2,4,1,5,0,0,0,0,true,,false,false,true,false,false,,,,,,false,false,true,,,false,false,false,false,false,-83.13004,42.31662,"{
  ""coordinates"": [
    -8.313003552700000e+01,
    4.231661607200000e+01
  ],
  ""type"": ""Point""
}","{
  ""coordinates"": [
    -83.130035527,
    42.316616072
  ],
  ""type"": ""Point""
}",-83.130035527,42.316616072
4970,9830775,TRUMBULL,SPRUCE,2016-10-16,16,10,2016,23,1,1,9,,4,0,,1,1,1,0,2,2,1,4,0,0,0,1,false,,false,false,true,false,false,,,,,,false,false,false,,,false,false,false,true,false,-83.06961,42.33615,"{
  ""coordinates"": [
    -8.306961382500000e+01,
    4.233615551500000e+01
  ],
  ""type"": ""Point""
}","{
  ""coordinates"": [
    -83.069613825,
    42.336155515
  ],
  ""type"": ""Point""
}",-83.069613825,42.336155515
4971,9827156,MOUNT ELLIOTT,CHARLEVOIX,2016-10-16,16,10,2016,15,1,5,9,,4,0,,1,1,1,30,2,2,8,4,0,0,0,1,false,,false,false,false,false,false,,,,,,false,false,true,,,false,false,false,false,false,-83.01878,42.35702,"{
  ""coordinates"": [
    -8.301878020600000e+01,
    4.235701874200000e+01
  ],
  ""type"": ""Point""
}","{
  ""coordinates"": [
    -83.018780206,
    42.357018742
  ],
  ""type"": ""Point""
}",-83.018780206,42.357018742
4972,9827122,WYOMING,ELMIRA,2016-10-16,16,10,2016,11,1,98,9,,4,0,,2,4,1,25,2,2,0,5,0,0,0,0,true,,false,false,true,false,false,,,,,,false,false,false,,,false,false,false,false,false,-83.15845,42.37133,"{
  ""coordinates"": [
    -8.315845259100000e+01,
    4.237133212900010e+01
  ],
  ""type"": ""Point""
}","{
  ""coordinates"": [
    -83.158452591,
    42.371332129
  ],
  ""type"": ""Point""
}",-83.158452591,42.3713321290001
4973,9827163,KELLY,MOROSS,2016-10-16,16,10,2016,17,1,4,9,,2,0,,1,1,1,30,2,2,3,5,0,0,0,0,true,,false,false,false,false,false,,,,,,false,false,true,,,false,false,false,false,false,-82.95297,42.43463,"{
  ""coordinates"": [
    -8.295297247799989e+01,
    4.243463104800000e+01
  ],
  ""type"": ""Point""
}","{
  ""coordinates"": [
    -82.952972478,
    42.434631048
  ],
  ""type"": ""Point""
}",-82.9529724779999,42.434631048
4974,9827139,8 MILE,GLASTONBURY,2016-10-16,16,10,2016,11,1,8,3,,1,0,,1,1,4,0,2,2,0,5,0,0,0,0,true,,false,false,true,false,false,,,,,,false,false,false,,,false,false,false,false,false,-83.22366,42.44409,"{
  ""coordinates"": [
    -8.322365978499990e+01,
    4.244408995900010e+01
  ],
  ""type"": ""Point""
}","{
  ""coordinates"": [
    -83.223659785,
    42.444089959
  ],
  ""type"": ""Point""
}",-83.2236597849999,42.4440899590001
4975,9825969,LONYO,KIRKWOOD,2016-10-16,16,10,2016,1,1,4,9,,4,0,,1,1,5,35,4,2,3,4,0,0,0,1,false,,true,true,false,false,false,,,,,,false,false,true,,,false,false,false,false,false,-83.14923,42.337,"{
  ""coordinates"": [
    -8.314922746799991e+01,
    4.233700139700010e+01
  ],
  ""type"": ""Point""
}","{
  ""coordinates"": [
    -83.149227468,
    42.337001397
  ],
  ""type"": ""Point""
}",-83.1492274679999,42.3370013970001
4976,9835737,W I 94,HARPER,2016-10-16,16,10,2016,22,1,1,1,,1,1,,1,2,4,55,3,1,2,4,0,0,0,2,false,,false,false,false,false,false,,,,,,false,false,false,,,false,false,false,false,false,-82.93232,42.42035,"{
  ""coordinates"": [
    -8.293231745500000e+01,
    4.242035279200010e+01
  ],
  ""type"": ""Point""
}","{
  ""coordinates"": [
    -82.932317455,
    42.420352792
  ],
  ""type"": ""Point""
}",-82.932317455,42.4203527920001
4977,9827167,SCHOOLCRAFT,OHIO,2016-10-16,16,10,2016,16,1,8,9,,4,0,,1,2,1,25,2,2,5,5,0,0,0,0,true,,false,false,true,false,false,,,,,,false,false,false,,,false,false,false,false,false,-83.15481,42.38858,"{
  ""coordinates"": [
    -8.315480741300000e+01,
    4.238858544900010e+01
  ],
  ""type"": ""Point""
}","{
  ""coordinates"": [
    -83.154807413,
    42.388585449
  ],
  ""type"": ""Point""
}",-83.154807413,42.3885854490001
4978,9825983,WESTBROOK,MIDLAND,2016-10-16,16,10,2016,21,1,1,9,,,0,,2,4,4,25,2,1,1,5,0,0,0,0,true,,false,false,false,false,false,,,,,,false,false,false,,,false,false,false,false,true,-83.25055,42.40419,"{
  ""coordinates"": [
    -8.325055252399990e+01,
    4.240419022400000e+01
  ],
  ""type"": ""Point""
}","{
  ""coordinates"": [
    -83.250552524,
    42.404190224
  ],
  ""type"": ""Point""
}",-83.2505525239999,42.404190224
4979,9825959,GRAND,LODGE SERVICE,2016-10-16,16,10,2016,10,1,8,9,,4,0,,1,2,1,35,3,2,1,5,0,0,0,0,true,,false,false,true,false,false,,,,,,false,true,false,,,false,false,false,false,false,-83.08199,42.3669,"{
  ""coordinates"": [
    -8.308199584399991e+01,
    4.236690151800010e+01
  ],
  ""type"": ""Point""
}","{
  ""coordinates"": [
    -83.081995844,
    42.366901518
  ],
  ""type"": ""Point""
}",-83.0819958439999,42.3669015180001
4980,9832172,LESLIE,WILDEMERE,2016-10-16,16,10,2016,23,1,8,9,,,0,,98,98,98,30,2,2,1,5,0,0,0,0,true,,false,false,true,false,false,,,,,,false,false,false,,,false,false,false,false,false,-83.12463,42.38746,"{
  ""coordinates"": [
    -8.312463733200001e+01,
    4.238746162900000e+01
  ],
  ""type"": ""Point""
}","{
  ""coordinates"": [
    -83.124637332,
    42.387461629
  ],
  ""type"": ""Point""
}",-83.124637332,42.387461629
4981,9843268,I 96,DAVISON,2016-10-16,16,10,2016,11,1,8,3,,1,0,,2,4,1,55,3,2,3,3,0,0,1,0,false,,false,false,false,false,false,,,,,,false,false,false,,,false,false,false,false,false,-83.12992,42.39009,"{
  ""coordinates"": [
    -8.312991891500000e+01,
    4.239009111100010e+01
  ],
  ""type"": ""Point""
}","{
  ""coordinates"": [
    -83.129918915,
    42.390091111
  ],
  ""type"": ""Point""
}",-83.129918915,42.3900911110001
4982,9825958,JAMES COUZENS,7 MILE,2016-10-16,16,10,2016,19,1,4,9,,4,0,,2,4,4,30,4,2,1,5,0,0,0,0,true,,false,false,false,false,false,,,,,,false,false,false,,,false,false,false,false,false,-83.18668,42.4309,"{
  ""coordinates"": [
    -8.318668680400000e+01,
    4.243090174300000e+01
  ],
  ""type"": ""Point""
}","{
  ""coordinates"": [
    -83.186686804,
    42.430901743
  ],
  ""type"": ""Point""
}",-83.186686804,42.430901743
4983,9824722,GRAND,KERCHEVAL,2016-10-16,16,10,2016,0,1,4,9,,4,0,,1,1,4,30,4,2,4,5,0,0,0,0,true,,false,false,false,false,false,,,,,,false,false,true,,,false,false,false,false,false,-83.00745,42.3556,"{
  ""coordinates"": [
    -8.300745400700001e+01,
    4.235560241100010e+01
  ],
  ""type"": ""Point""
}","{
  ""coordinates"": [
    -83.007454007,
    42.355602411
  ],
  ""type"": ""Point""
}",-83.007454007,42.3556024110001
4984,9834465,PIEDMONT,SCHOOLCRAFT,2016-10-16,16,10,2016,1,1,97,9,,,0,,1,1,5,25,2,2,0,5,0,0,0,0,true,,false,false,true,false,false,,,,,,false,false,false,,,false,false,false,false,false,-83.22967,42.38619,"{
  ""coordinates"": [
    -8.322966648399991e+01,
    4.238619399500000e+01
  ],
  ""type"": ""Point""
}","{
  ""coordinates"": [
    -83.229666484,
    42.386193995
  ],
  ""type"": ""Point""
}",-83.2296664839999,42.386193995
4985,9885952,CONNER,GRATIOT,2016-10-16,16,10,2016,2,1,1,3,,4,0,,1,1,4,35,8,1,3,5,0,0,0,0,true,,false,false,false,false,false,,,,,,false,false,false,,,false,false,false,false,false,-82.99755,42.40495,"{
  ""coordinates"": [
    -8.299754913600000e+01,
    4.240494973300010e+01
  ],
  ""type"": ""Point""
}","{
  ""coordinates"": [
    -82.997549136,
    42.404949733
  ],
  ""type"": ""Point""
}",-82.997549136,42.4049497330001
4986,9826000,7 MILE,COYLE,2016-10-16,16,10,2016,19,1,5,9,,2,0,,1,1,1,30,4,2,3,5,0,0,0,0,true,,false,false,true,false,false,,,,,,false,false,false,,,false,false,false,false,false,-83.19495,42.43055,"{
  ""coordinates"": [
    -8.319495312600000e+01,
    4.243055526100010e+01
  ],
  ""type"": ""Point""
}","{
  ""coordinates"": [
    -83.194953126,
    42.430555261
  ],
  ""type"": ""Point""
}",-83.194953126,42.4305552610001
4987,9825973,GRAND,TOLEDO,2016-10-16,16,10,2016,16,1,5,9,,4,0,,1,2,1,25,2,2,0,5,0,0,0,0,true,,false,false,true,false,false,,,,,,false,false,false,,,false,false,false,false,false,-83.09113,42.32542,"{
  ""coordinates"": [
    -8.309112487700000e+01,
    4.232542480600010e+01
  ],
  ""type"": ""Point""
}","{
  ""coordinates"": [
    -83.091124877,
    42.325424806
  ],
  ""type"": ""Point""
}",-83.091124877,42.3254248060001
4988,9848422,HAMILTON,GRAND,2016-10-16,16,10,2016,11,1,8,9,,4,0,,2,4,1,35,3,2,2,5,0,0,0,0,true,,false,false,false,false,false,,,,,,false,false,false,,,false,false,false,false,false,-83.08218,42.3669,"{
  ""coordinates"": [
    -8.308218653499991e+01,
    4.236689683600010e+01
  ],
  ""type"": ""Point""
}","{
  ""coordinates"": [
    -83.082186535,
    42.366896836
  ],
  ""type"": ""Point""
}",-83.0821865349999,42.3668968360001
4989,9828139,HOWARD,N M 10,2016-10-16,16,10,2016,13,1,4,9,,4,0,,2,2,1,30,3,2,4,5,0,0,0,0,true,,true,true,false,false,false,,,,,,false,false,false,,,false,false,false,false,false,-83.05764,42.32857,"{
  ""coordinates"": [
    -8.305764197900000e+01,
    4.232857014300000e+01
  ],
  ""type"": ""Point""
}","{
  ""coordinates"": [
    -83.057641979,
    42.328570143
  ],
  ""type"": ""Point""
}",-83.057641979,42.328570143
4990,9827160,CONNER,WHITHORN,2016-10-16,16,10,2016,20,1,5,9,,4,0,,2,4,4,30,4,2,1,5,0,0,0,0,true,,false,false,false,false,false,,,,,,false,false,false,,,false,false,false,false,false,-83.00517,42.41085,"{
  ""coordinates"": [
    -8.300517458800000e+01,
    4.241085585600010e+01
  ],
  ""type"": ""Point""
}","{
  ""coordinates"": [
    -83.005174588,
    42.410855856
  ],
  ""type"": ""Point""
}",-83.005174588,42.4108558560001
4991,9829498,SUSSEX,PURITAN,2016-10-16,16,10,2016,14,1,4,9,,,0,,1,2,1,30,2,2,5,4,0,0,0,3,false,,true,false,false,false,false,,,,,,false,true,true,,,false,false,false,false,false,-83.1953,42.40886,"{
  ""coordinates"": [
    -8.319529767800000e+01,
    4.240886204100010e+01
  ],
  ""type"": ""Point""
}","{
  ""coordinates"": [
    -83.195297678,
    42.408862041
  ],
  ""type"": ""Point""
}",-83.195297678,42.4088620410001
4992,9836979,RAMP 109B,E M 8,2016-10-16,16,10,2016,13,1,1,3,,1,1,,2,2,1,55,1,1,1,5,0,0,0,0,true,,false,false,false,false,false,,,,,,false,false,false,,,false,false,false,false,false,-83.10963,42.39704,"{
  ""coordinates"": [
    -8.310963543299989e+01,
    4.239703758300000e+01
  ],
  ""type"": ""Point""
}","{
  ""coordinates"": [
    -83.109635433,
    42.397037583
  ],
  ""type"": ""Point""
}",-83.1096354329999,42.397037583
4993,9836978,RAMP 109B,E M 8,2016-10-16,16,10,2016,13,1,1,3,,1,1,,2,2,1,55,1,1,5,5,0,0,0,0,true,,false,false,false,false,false,,,,,,false,false,false,,,false,false,false,false,false,-83.10951,42.39697,"{
  ""coordinates"": [
    -8.310951410599991e+01,
    4.239696382200000e+01
  ],
  ""type"": ""Point""
}","{
  ""coordinates"": [
    -83.109514106,
    42.396963822
  ],
  ""type"": ""Point""
}",-83.1095141059999,42.396963822
4994,9825961,SCHOOLCRAFT,MEYERS,2016-10-16,16,10,2016,7,1,3,9,,4,0,,1,1,5,30,4,2,1,4,0,0,0,1,false,,false,false,true,false,false,,,,,,false,false,true,,,false,false,false,false,false,-83.16869,42.38825,"{
  ""coordinates"": [
    -8.316869302700000e+01,
    4.238824715400010e+01
  ],
  ""type"": ""Point""
}","{
  ""coordinates"": [
    -83.168693027,
    42.388247154
  ],
  ""type"": ""Point""
}",-83.168693027,42.3882471540001
4995,9877841,RAMP 217E,E I 94,2016-10-16,16,10,2016,1,1,5,1,,1,0,,1,1,5,35,1,2,1,4,0,0,0,1,false,,false,false,false,false,false,,,,,,false,false,false,,,false,false,false,false,false,-83.03875,42.37706,"{
  ""coordinates"": [
    -8.303874846699991e+01,
    4.237705517100010e+01
  ],
  ""type"": ""Point""
}","{
  ""coordinates"": [
    -83.038748467,
    42.377055171
  ],
  ""type"": ""Point""
}",-83.0387484669999,42.3770551710001
4996,9827138,TIREMAN,FAUST,2016-10-16,16,10,2016,3,1,4,9,,4,0,,1,1,4,25,2,2,3,4,0,0,0,3,false,,true,false,false,false,false,,,,,,false,false,true,,,false,false,false,false,false,-83.22106,42.35055,"{
  ""coordinates"": [
    -8.322105939900000e+01,
    4.235054608700010e+01
  ],
  ""type"": ""Point""
}","{
  ""coordinates"": [
    -83.221059399,
    42.350546087
  ],
  ""type"": ""Point""
}",-83.221059399,42.3505460870001
4997,9836977,N I 75,NORFOLK SOUTHERN RAILWAY,2016-10-16,16,10,2016,12,1,5,1,,1,0,,2,4,1,70,4,3,5,3,0,0,1,0,false,,false,false,true,false,false,,,,,,false,true,true,,,false,false,false,false,false,-83.12612,42.29568,"{
  ""coordinates"": [
    -8.312611833400000e+01,
    4.229568437400010e+01
  ],
  ""type"": ""Point""
}","{
  ""coordinates"": [
    -83.126118334,
    42.295684374
  ],
  ""type"": ""Point""
}",-83.126118334,42.2956843740001
4998,9827153,FREDERICK,MOUNT ELLIOTT,2016-10-16,16,10,2016,20,1,5,9,,,3,,1,1,1,25,2,2,2,5,0,0,0,0,true,,false,false,true,false,false,,,,,,false,false,false,,,false,false,false,false,false,-83.02997,42.37238,"{
  ""coordinates"": [
    -8.302996509899999e+01,
    4.237238272500010e+01
  ],
  ""type"": ""Point""
}","{
  ""coordinates"": [
    -83.029965099,
    42.372382725
  ],
  ""type"": ""Point""
}",-83.029965099,42.3723827250001
4999,9835735,GRATIOT,CONNER,2016-10-16,16,10,2016,0,1,9,3,,1,0,,1,1,4,35,6,3,3,4,0,0,0,1,false,,false,false,false,false,false,,,,,,false,false,false,,,false,false,false,false,false,-82.99738,42.40509,"{
  ""coordinates"": [
    -8.299737451500000e+01,
    4.240509091100010e+01
  ],
  ""type"": ""Point""
}","{
  ""coordinates"": [
    -82.997374515,
    42.405090911
  ],
  ""type"": ""Point""
}",-82.997374515,42.4050909110001
5000,9827133,OGDEN,KIRKWOOD,2016-10-16,16,10,2016,9,1,97,9,,,3,,1,1,1,0,1,2,0,5,0,0,0,0,true,,false,false,true,false,false,,,,,,false,false,false,,,false,false,false,false,false,-83.15072,42.33598,"{
  ""coordinates"": [
    -8.315072023800001e+01,
    4.233597719800010e+01
  ],
  ""type"": ""Point""
}","{
  ""coordinates"": [
    -83.150720238,
    42.335977198
  ],
  ""type"": ""Point""
}",-83.150720238,42.3359771980001
5001,9829495,GRATIOT,BRUSH,2016-10-16,16,10,2016,16,1,97,3,,1,0,,1,1,1,25,3,2,2,5,0,0,0,0,true,,false,false,false,false,false,,,,,,false,false,false,,,false,false,false,false,false,-83.04465,42.33583,"{
  ""coordinates"": [
    -8.304464377799999e+01,
    4.233582509000010e+01
  ],
  ""type"": ""Point""
}","{
  ""coordinates"": [
    -83.044643778,
    42.33582509
  ],
  ""type"": ""Point""
}",-83.044643778,42.3358250900001
5002,9824821,EIGHT MILE,LIVERNOIS,2016-10-15,15,10,2016,17,7,5,3,,1,0,,1,1,1,40,4,2,3,5,0,0,0,0,true,,false,false,false,false,false,,,,,,false,false,false,,,false,false,false,false,false,-83.14206,42.44608,"{
  ""coordinates"": [
    -8.314205558600000e+01,
    4.244608088200000e+01
  ],
  ""type"": ""Point""
}","{
  ""coordinates"": [
    -83.142055586,
    42.446080882
  ],
  ""type"": ""Point""
}",-83.142055586,42.446080882
5003,9832103,FORT,SCHAEFER,2016-10-15,15,10,2016,11,7,5,3,,1,0,,1,1,1,35,2,2,2,5,0,0,0,0,true,,false,false,false,false,false,,,,,,false,false,true,,,false,false,false,false,false,-83.15535,42.27594,"{
  ""coordinates"": [
    -8.315535199500000e+01,
    4.227593576300010e+01
  ],
  ""type"": ""Point""
}","{
  ""coordinates"": [
    -83.155351995,
    42.275935763
  ],
  ""type"": ""Point""
}",-83.155351995,42.2759357630001
5004,9825992,WADE,PHILIP,2016-10-15,15,10,2016,13,7,1,9,,,0,,1,2,1,25,2,2,2,4,0,0,0,1,false,,false,false,true,false,false,,,,,,false,false,false,,,false,false,false,true,false,-82.96354,42.40861,"{
  ""coordinates"": [
    -8.296354122100000e+01,
    4.240860937900000e+01
  ],
  ""type"": ""Point""
}","{
  ""coordinates"": [
    -82.963541221,
    42.408609379
  ],
  ""type"": ""Point""
}",-82.963541221,42.408609379
5005,9824720,JEFFERSON,VAN DYKE AVE1,2016-10-15,15,10,2016,1,7,4,9,,4,0,,1,1,4,35,7,2,2,5,0,0,0,0,true,,false,false,true,false,false,,,,,,false,false,false,,,false,false,false,false,false,-82.99483,42.35143,"{
  ""coordinates"": [
    -8.299482856600000e+01,
    4.235142500900000e+01
  ],
  ""type"": ""Point""
}","{
  ""coordinates"": [
    -82.994828566,
    42.351425009
  ],
  ""type"": ""Point""
}",-82.994828566,42.351425009
5006,9824645,CHICAGO,MINOCK,2016-10-15,15,10,2016,3,7,1,9,,4,0,,1,1,4,0,2,1,0,5,0,0,0,0,true,,false,false,true,false,false,,,,,,false,false,false,,,false,false,false,false,false,-83.23243,42.36477,"{
  ""coordinates"": [
    -8.323242644200000e+01,
    4.236476928700010e+01
  ],
  ""type"": ""Point""
}","{
  ""coordinates"": [
    -83.232426442,
    42.364769287
  ],
  ""type"": ""Point""
}",-83.232426442,42.3647692870001
5007,9824794,7 MILE,GABLE,2016-10-15,15,10,2016,19,7,4,9,,4,0,,1,1,4,35,2,2,2,5,0,0,0,0,true,,true,false,false,false,false,,,,,,false,false,false,,,false,false,false,false,false,-83.04271,42.43359,"{
  ""coordinates"": [
    -8.304270871800000e+01,
    4.243358737100000e+01
  ],
  ""type"": ""Point""
}","{
  ""coordinates"": [
    -83.042708718,
    42.433587371
  ],
  ""type"": ""Point""
}",-83.042708718,42.433587371
5008,9825981,TELEGRAPH,GRANDRIVER,2016-10-15,15,10,2016,1,7,4,2,,1,0,,1,1,4,40,4,2,1,5,0,0,0,0,true,,true,true,true,false,false,,,,,,false,false,false,,,false,false,false,false,false,-83.27736,42.42424,"{
  ""coordinates"": [
    -8.327735884399991e+01,
    4.242424326900000e+01
  ],
  ""type"": ""Point""
}","{
  ""coordinates"": [
    -83.277358844,
    42.424243269
  ],
  ""type"": ""Point""
}",-83.2773588439999,42.424243269
5009,9827151,MOUNT ELLIOTT,HARPER,2016-10-15,15,10,2016,16,7,1,9,,4,0,,1,1,1,30,5,1,1,5,0,0,0,0,true,,false,false,false,false,false,,,,,,false,false,false,,,false,false,false,false,false,-83.03447,42.37971,"{
  ""coordinates"": [
    -8.303446774000000e+01,
    4.237971247400000e+01
  ],
  ""type"": ""Point""
}","{
  ""coordinates"": [
    -83.03446774,
    42.379712474
  ],
  ""type"": ""Point""
}",-83.03446774,42.379712474
5010,9825966,N I 75 SERVICE DRIVE,WOODWARD,2016-10-15,15,10,2016,20,7,5,3,,4,0,,1,1,3,25,2,2,2,5,0,0,0,0,true,,false,false,false,false,false,,,,,,false,false,true,,,false,false,false,false,false,-83.05254,42.33969,"{
  ""coordinates"": [
    -8.305253398399999e+01,
    4.233969054900010e+01
  ],
  ""type"": ""Point""
}","{
  ""coordinates"": [
    -83.052533984,
    42.339690549
  ],
  ""type"": ""Point""
}",-83.052533984,42.3396905490001
5011,9824784,1742 BETHUNE,CHURCHILL,2016-10-15,15,10,2016,7,7,97,9,,,0,,1,1,1,25,2,3,3,4,0,0,0,2,false,,false,false,false,false,false,,,,,,false,false,false,,,false,false,false,false,false,-83.09108,42.36671,"{
  ""coordinates"": [
    -8.309107657100000e+01,
    4.236670688000000e+01
  ],
  ""type"": ""Point""
}","{
  ""coordinates"": [
    -83.091076571,
    42.36670688
  ],
  ""type"": ""Point""
}",-83.091076571,42.36670688
5012,9829501,PIEDMONT,SCHOOLCRAFT,2016-10-15,15,10,2016,21,7,97,9,,,0,,1,1,3,25,2,2,1,5,0,0,0,0,true,,false,false,false,false,false,,,,,,false,false,false,,,false,false,false,false,false,-83.22962,42.38504,"{
  ""coordinates"": [
    -8.322961854000000e+01,
    4.238503650400000e+01
  ],
  ""type"": ""Point""
}","{
  ""coordinates"": [
    -83.22961854,
    42.385036504
  ],
  ""type"": ""Point""
}",-83.22961854,42.385036504