ObjectId,Crash ID,Primary Road,Intersecting Road,Crash Date,Day,Month,Year,Hour,Weekday,Crash Type Code,Highway Classification Code,Community Code,Jurisdiction Code,Lane Departure Type Code,Surface Type,Road Condition,Weather Condition,Lighting Condition,Speed Limit,Lanes,Units,Occupants,Most Severe Injury,Fatal Injuries,Suspected Serious Injuries,Suspected Minor Injuries,Possible Injuries,Property Damage Only,Secondary Crash,Traffic Control,Red Light Run,Hit and Run,Alcohol,Drugs,Unbelted Person,Work Zone,Speeding Driver,Distracted Driver,Driveway,Pedestrian,Elderly Driver,Young Driver,Commercial Vehicle,Emergency Vehicles,Train,School Bus,Motorcycle,Bicycle,Deer,Longitude,Latitude,geom,geog,x,y
5127,9843240,I-94,NOTTINGHAM,2016-10-13,13,10,2016,11,5,1,1,,1,1,,1,1,1,55,3,1,1,5,0,0,0,0,true,,false,false,false,false,false,,,,,,false,false,false,,,false,false,false,false,false,-82.95353,42.40704,"{
  ""coordinates"": [
    -8.295352723799989e+01,
    4.240703698800010e+01
  ],
  ""type"": ""Point""
}","{
  ""coordinates"": [
    -82.953527238,
    42.407036988
  ],
  ""type"": ""Point""
}",-82.9535272379999,42.4070369880001
5128,9822257,GREINER,GOULBURN,2016-10-13,13,10,2016,13,5,4,9,,4,0,,1,1,1,25,2,2,2,5,0,0,0,0,true,,true,false,true,false,false,,,,,,false,false,false,,,false,false,false,false,false,-82.99336,42.42747,"{
  ""coordinates"": [
    -8.299336532200000e+01,
    4.242747103100000e+01
  ],
  ""type"": ""Point""
}","{
  ""coordinates"": [
    -82.993365322,
    42.427471031
  ],
  ""type"": ""Point""
}",-82.993365322,42.427471031
5129,9824675,LIDDESDALE,GILROY,2016-10-13,13,10,2016,16,5,4,9,,,0,,1,1,1,30,4,2,4,3,0,0,2,0,false,,true,false,false,false,false,,,,,,false,false,false,,,false,false,false,false,false,-83.14873,42.27838,"{
  ""coordinates"": [
    -8.314872935200000e+01,
    4.227838319300000e+01
  ],
  ""type"": ""Point""
}","{
  ""coordinates"": [
    -83.148729352,
    42.278383193
  ],
  ""type"": ""Point""
}",-83.148729352,42.278383193
5130,9822209,KENTUCKY,GRAND RIVER,2016-10-13,13,10,2016,15,5,1,3,,,1,,1,1,1,25,3,1,1,3,0,0,1,0,false,,false,false,false,false,false,,,,,,false,false,false,,,false,false,false,false,false,-83.15766,42.37652,"{
  ""coordinates"": [
    -8.315765914600000e+01,
    4.237652328600010e+01
  ],
  ""type"": ""Point""
}","{
  ""coordinates"": [
    -83.157659146,
    42.376523286
  ],
  ""type"": ""Point""
}",-83.157659146,42.3765232860001
5131,9822240,S M 39 SERVICE DRIVE,FORD,2016-10-13,13,10,2016,11,5,5,3,,1,0,,1,2,1,30,3,2,2,4,0,0,0,1,false,,false,false,false,false,false,,,,,,false,false,true,,,false,false,false,false,false,-83.216,42.32912,"{
  ""coordinates"": [
    -8.321599813599990e+01,
    4.232912092800010e+01
  ],
  ""type"": ""Point""
}","{
  ""coordinates"": [
    -83.215998136,
    42.329120928
  ],
  ""type"": ""Point""
}",-83.2159981359999,42.3291209280001
5132,9838328,M-39,PEMBROKE,2016-10-13,13,10,2016,7,5,8,3,,1,0,,1,2,2,55,3,2,3,5,0,0,0,0,true,,false,false,true,false,false,,,,,,false,false,false,,,false,false,false,false,false,-83.21949,42.43641,"{
  ""coordinates"": [
    -8.321949226100000e+01,
    4.243640841700010e+01
  ],
  ""type"": ""Point""
}","{
  ""coordinates"": [
    -83.219492261,
    42.436408417
  ],
  ""type"": ""Point""
}",-83.219492261,42.4364084170001
5133,9822249,MCNICHOLS,SOUTHFIELD SERVICE DRIVE,2016-10-13,13,10,2016,11,5,8,9,,2,0,,1,1,1,30,3,2,2,5,0,0,0,0,true,,false,false,false,false,false,,,,,,false,true,true,,,false,false,false,false,false,-83.21931,42.41553,"{
  ""coordinates"": [
    -8.321931701200000e+01,
    4.241553369100010e+01
  ],
  ""type"": ""Point""
}","{
  ""coordinates"": [
    -83.219317012,
    42.415533691
  ],
  ""type"": ""Point""
}",-83.219317012,42.4155336910001
5134,9838329,I-75,GREEN,2016-10-13,13,10,2016,13,5,8,1,,1,0,,1,1,1,55,4,2,1,5,0,0,0,0,true,,false,false,true,false,false,,,,,,false,false,false,,,false,false,false,false,false,-83.11447,42.30322,"{
  ""coordinates"": [
    -8.311446796300000e+01,
    4.230321658300010e+01
  ],
  ""type"": ""Point""
}","{
  ""coordinates"": [
    -83.114467963,
    42.303216583
  ],
  ""type"": ""Point""
}",-83.114467963,42.3032165830001
5135,9822234,EVERGREEN,OUTER,2016-10-13,13,10,2016,6,5,5,9,,4,0,,1,1,4,0,2,2,1,5,0,0,0,0,true,,false,false,true,false,false,,,,,,false,false,false,,,false,false,false,false,false,-83.23732,42.39829,"{
  ""coordinates"": [
    -8.323732266800000e+01,
    4.239829383700000e+01
  ],
  ""type"": ""Point""
}","{
  ""coordinates"": [
    -83.237322668,
    42.398293837
  ],
  ""type"": ""Point""
}",-83.237322668,42.398293837
5136,9959053,I-94,CONCORD,2016-10-13,13,10,2016,0,5,1,1,,1,1,,2,2,4,55,3,1,1,4,0,0,0,1,false,,false,false,false,false,false,,,,,,false,false,true,,,false,false,false,false,false,-83.03046,42.38305,"{
  ""coordinates"": [
    -8.303046617800000e+01,
    4.238304700400000e+01
  ],
  ""type"": ""Point""
}","{
  ""coordinates"": [
    -83.030466178,
    42.383047004
  ],
  ""type"": ""Point""
}",-83.030466178,42.383047004
5137,9822318,JAMES COUZENS,GREENLODGE,2016-10-13,13,10,2016,10,5,4,3,,1,0,,1,1,1,35,2,2,3,5,0,0,0,0,true,,true,true,false,false,false,,,,,,false,false,false,,,false,false,false,false,false,-83.20071,42.44294,"{
  ""coordinates"": [
    -8.320071340399990e+01,
    4.244294011500010e+01
  ],
  ""type"": ""Point""
}","{
  ""coordinates"": [
    -83.200713404,
    42.442940115
  ],
  ""type"": ""Point""
}",-83.2007134039999,42.4429401150001
5138,9822210,PLYMOUTH,COYLE,2016-10-13,13,10,2016,20,5,97,9,,4,0,,1,1,4,35,4,2,1,4,0,0,0,1,false,,false,false,false,true,true,,,,,,true,false,false,,,false,false,false,false,false,-83.1929,42.37269,"{
  ""coordinates"": [
    -8.319290513500000e+01,
    4.237268741900000e+01
  ],
  ""type"": ""Point""
}","{
  ""coordinates"": [
    -83.192905135,
    42.372687419
  ],
  ""type"": ""Point""
}",-83.192905135,42.372687419
5139,9824799,OUTER,FENELON,2016-10-13,13,10,2016,18,5,5,9,,2,0,,1,1,1,35,2,2,2,5,0,0,0,0,true,,false,false,false,false,false,,,,,,false,false,false,,,false,false,false,false,false,-83.0542,42.44051,"{
  ""coordinates"": [
    -8.305419713700000e+01,
    4.244050542900000e+01
  ],
  ""type"": ""Point""
}","{
  ""coordinates"": [
    -83.054197137,
    42.440505429
  ],
  ""type"": ""Point""
}",-83.054197137,42.440505429
5140,9824679,MICHIGAN,LAWNDALE,2016-10-13,13,10,2016,18,5,8,2,,1,0,,2,1,1,35,2,2,3,5,0,0,0,0,true,,false,false,false,false,false,,,,,,false,false,false,,,false,false,false,false,false,-83.14853,42.32983,"{
  ""coordinates"": [
    -8.314852613600000e+01,
    4.232982980900000e+01
  ],
  ""type"": ""Point""
}","{
  ""coordinates"": [
    -83.148526136,
    42.329829809
  ],
  ""type"": ""Point""
}",-83.148526136,42.329829809
5141,9824724,MACK,RIVARD,2016-10-13,13,10,2016,17,5,1,9,,4,0,,1,1,1,30,6,2,1,4,0,0,0,1,false,,false,false,false,false,false,,,,,,true,false,false,,,false,false,false,false,false,-83.04601,42.35204,"{
  ""coordinates"": [
    -8.304600308999990e+01,
    4.235204149300010e+01
  ],
  ""type"": ""Point""
}","{
  ""coordinates"": [
    -83.04600309,
    42.352041493
  ],
  ""type"": ""Point""
}",-83.0460030899999,42.3520414930001
5142,9838327,N M 39,RAMP 008B,2016-10-13,13,10,2016,7,5,8,3,,1,0,,1,2,4,55,2,2,2,4,0,0,0,1,false,,false,false,false,false,false,,,,,,false,false,true,,,false,false,false,false,false,-83.21676,42.37643,"{
  ""coordinates"": [
    -8.321675514700000e+01,
    4.237642981200000e+01
  ],
  ""type"": ""Point""
}","{
  ""coordinates"": [
    -83.216755147,
    42.376429812
  ],
  ""type"": ""Point""
}",-83.216755147,42.376429812
5143,9824644,SCHAEFER,FENKELL,2016-10-13,13,10,2016,0,5,1,9,,4,0,,1,1,4,35,9,1,2,3,0,0,1,0,false,,false,false,true,false,false,,,,,,false,false,false,,,false,false,false,false,false,-83.17912,42.40202,"{
  ""coordinates"": [
    -8.317911821800000e+01,
    4.240202014500010e+01
  ],
  ""type"": ""Point""
}","{
  ""coordinates"": [
    -83.179118218,
    42.402020145
  ],
  ""type"": ""Point""
}",-83.179118218,42.4020201450001
5144,9848075,RAMP 041I,S I 75/GRATIOT,2016-10-13,13,10,2016,14,5,5,1,,1,0,,2,4,1,70,1,2,1,5,0,0,0,0,true,,false,false,true,false,false,,,,,,false,false,false,,,false,false,false,false,false,-83.04604,42.34343,"{
  ""coordinates"": [
    -8.304604102000000e+01,
    4.234342909100010e+01
  ],
  ""type"": ""Point""
}","{
  ""coordinates"": [
    -83.04604102,
    42.343429091
  ],
  ""type"": ""Point""
}",-83.04604102,42.3434290910001
5145,9922118,I 75,12TH,2016-10-13,13,10,2016,0,5,97,9,,4,0,,2,1,4,55,3,2,2,5,0,0,0,0,true,,false,false,false,false,false,,,,,,false,false,false,,,false,false,false,false,false,-83.07713,42.33297,"{
  ""coordinates"": [
    -8.307713247800000e+01,
    4.233297408300010e+01
  ],
  ""type"": ""Point""
}","{
  ""coordinates"": [
    -83.077132478,
    42.332974083
  ],
  ""type"": ""Point""
}",-83.077132478,42.3329740830001
5146,9822237,LAHSER,FENKELL,2016-10-13,13,10,2016,10,5,97,9,,2,0,,1,1,1,30,2,2,2,5,0,0,0,0,true,,false,false,true,false,false,,,,,,false,false,false,,,false,false,false,false,false,-83.25681,42.40007,"{
  ""coordinates"": [
    -8.325681612999990e+01,
    4.240007224200010e+01
  ],
  ""type"": ""Point""
}","{
  ""coordinates"": [
    -83.25681613,
    42.400072242
  ],
  ""type"": ""Point""
}",-83.2568161299999,42.4000722420001
5147,9838407,PRENTIS,2ND,2016-10-13,13,10,2016,20,5,8,9,,,0,,1,1,3,0,1,2,0,5,0,0,0,0,true,,false,false,true,false,false,,,,,,false,false,false,,,false,false,false,false,false,-83.06889,42.35174,"{
  ""coordinates"": [
    -8.306888933499989e+01,
    4.235174093600010e+01
  ],
  ""type"": ""Point""
}","{
  ""coordinates"": [
    -83.068889335,
    42.351740936
  ],
  ""type"": ""Point""
}",-83.0688893349999,42.3517409360001
5148,9824743,7 MILE,LAHSER,2016-10-13,13,10,2016,21,5,1,9,,2,0,,1,1,4,30,6,1,0,5,0,0,0,0,true,,false,false,false,false,false,,,,,,false,false,false,,,false,false,false,false,false,-83.25832,42.42912,"{
  ""coordinates"": [
    -8.325832289800000e+01,
    4.242911774400010e+01
  ],
  ""type"": ""Point""
}","{
  ""coordinates"": [
    -83.258322898,
    42.429117744
  ],
  ""type"": ""Point""
}",-83.258322898,42.4291177440001
5149,9837028,CHAPEL,SCHOOLCRAFT,2016-10-13,13,10,2016,22,5,8,1,,,0,,1,1,5,25,2,2,1,5,0,0,0,0,true,,false,false,true,false,false,,,,,,false,false,false,,,false,false,false,false,false,-83.25273,42.38495,"{
  ""coordinates"": [
    -8.325273063500001e+01,
    4.238494794300000e+01
  ],
  ""type"": ""Point""
}","{
  ""coordinates"": [
    -83.252730635,
    42.384947943
  ],
  ""type"": ""Point""
}",-83.252730635,42.384947943
5150,9838401,7 MILE,VAN DYKE,2016-10-13,13,10,2016,11,5,8,3,,4,0,,1,1,1,30,4,2,2,5,0,0,0,0,true,,false,false,false,false,false,,,,,,false,false,false,,,false,false,false,false,false,-83.02397,42.43398,"{
  ""coordinates"": [
    -8.302397379300000e+01,
    4.243397349300010e+01
  ],
  ""type"": ""Point""
}","{
  ""coordinates"": [
    -83.023973793,
    42.433973493
  ],
  ""type"": ""Point""
}",-83.023973793,42.4339734930001
5151,9838349,I-75,8 MILE,2016-10-13,13,10,2016,7,5,8,1,,1,0,,1,1,4,70,4,2,2,5,0,0,0,0,true,,false,false,false,false,false,,,,,,false,false,false,,,false,false,false,false,false,-83.09516,42.4432,"{
  ""coordinates"": [
    -8.309516108299989e+01,
    4.244319419100000e+01
  ],
  ""type"": ""Point""
}","{
  ""coordinates"": [
    -83.095161083,
    42.443194191
  ],
  ""type"": ""Point""
}",-83.0951610829999,42.443194191
5152,9824767,MCNICHOLS,GUNSTON,2016-10-13,13,10,2016,14,5,3,3,,4,0,,1,1,1,30,7,2,4,5,0,0,0,0,true,,false,false,false,false,false,,,,,,false,false,true,,,false,false,false,false,false,-83.00315,42.42024,"{
  ""coordinates"": [
    -8.300315021499991e+01,
    4.242024362000010e+01
  ],
  ""type"": ""Point""
}","{
  ""coordinates"": [
    -83.003150215,
    42.42024362
  ],
  ""type"": ""Point""
}",-83.0031502149999,42.4202436200001
5153,9822256,8 MILE,GRATIOT,2016-10-13,13,10,2016,17,5,5,3,,1,0,,1,1,1,40,4,2,1,5,0,0,0,0,true,,false,false,false,false,false,,,,,,false,false,true,,,false,false,false,false,false,-82.96799,42.44983,"{
  ""coordinates"": [
    -8.296798746899999e+01,
    4.244983201800010e+01
  ],
  ""type"": ""Point""
}","{
  ""coordinates"": [
    -82.967987469,
    42.449832018
  ],
  ""type"": ""Point""
}",-82.967987469,42.4498320180001
5154,9822252,TELEGRAPH,MCNICHOLS,2016-10-13,13,10,2016,17,5,4,2,,1,0,,1,1,1,45,4,2,4,4,0,0,0,3,false,,false,false,false,false,false,,,,,,false,false,false,,,false,false,false,false,false,-83.27696,42.41453,"{
  ""coordinates"": [
    -8.327695898499999e+01,
    4.241453345200010e+01
  ],
  ""type"": ""Point""
}","{
  ""coordinates"": [
    -83.276958985,
    42.414533452
  ],
  ""type"": ""Point""
}",-83.276958985,42.4145334520001
5155,9824836,CASS,PALMER,2016-10-13,13,10,2016,13,5,5,9,,4,0,,1,1,1,30,2,2,2,5,0,0,0,0,true,,false,false,false,false,false,,,,,,false,true,false,,,false,false,false,false,false,-83.07016,42.36214,"{
  ""coordinates"": [
    -8.307016165800000e+01,
    4.236213737900000e+01
  ],
  ""type"": ""Point""
}","{
  ""coordinates"": [
    -83.070161658,
    42.362137379
  ],
  ""type"": ""Point""
}",-83.070161658,42.362137379
5156,9822380,BALTIMORE,CASS,2016-10-13,13,10,2016,16,5,5,9,,4,0,,1,1,1,25,3,2,2,5,0,0,0,0,true,,false,false,false,false,false,,,,,,false,false,false,,,false,false,false,false,false,-83.07356,42.36784,"{
  ""coordinates"": [
    -8.307356449600000e+01,
    4.236784153800010e+01
  ],
  ""type"": ""Point""
}","{
  ""coordinates"": [
    -83.073564496,
    42.367841538
  ],
  ""type"": ""Point""
}",-83.073564496,42.3678415380001
5157,9835732,N M 10,HOWARD,2016-10-13,13,10,2016,15,5,8,3,,1,0,,1,1,1,55,3,2,2,5,0,0,0,0,true,,false,false,false,false,false,,,,,,false,false,false,,,false,false,false,false,false,-83.05886,42.3295,"{
  ""coordinates"": [
    -8.305886127699991e+01,
    4.232949983400000e+01
  ],
  ""type"": ""Point""
}","{
  ""coordinates"": [
    -83.058861277,
    42.329499834
  ],
  ""type"": ""Point""
}",-83.0588612769999,42.329499834
5158,9822211,WYOMING,FULLERTON,2016-10-13,13,10,2016,10,5,1,9,,4,1,,1,1,1,35,4,1,1,5,0,0,0,0,true,,false,false,false,false,false,,,,,,false,false,true,,,false,false,false,false,false,-83.15881,42.38046,"{
  ""coordinates"": [
    -8.315881583200000e+01,
    4.238046132300010e+01
  ],
  ""type"": ""Point""
}","{
  ""coordinates"": [
    -83.158815832,
    42.380461323
  ],
  ""type"": ""Point""
}",-83.158815832,42.3804613230001
5159,9824673,LONYO,MCGRAW,2016-10-12,12,10,2016,8,4,2,9,,4,0,,1,1,1,30,2,2,2,4,0,0,0,2,false,,false,false,false,false,false,,,,,,false,false,true,,,false,false,false,false,false,-83.14648,42.33329,"{
  ""coordinates"": [
    -8.314647409500000e+01,
    4.233328869600010e+01
  ],
  ""type"": ""Point""
}","{
  ""coordinates"": [
    -83.146474095,
    42.333288696
  ],
  ""type"": ""Point""
}",-83.146474095,42.3332886960001
5160,9861824,GREENLAWN,DESOTO,2016-10-12,12,10,2016,15,4,4,9,,,0,,1,1,1,25,2,2,3,3,0,0,3,0,false,,true,false,true,false,false,,,,,,false,false,false,,,false,false,false,false,false,-83.14981,42.40111,"{
  ""coordinates"": [
    -8.314981169799999e+01,
    4.240111337200010e+01
  ],
  ""type"": ""Point""
}","{
  ""coordinates"": [
    -83.149811698,
    42.401113372
  ],
  ""type"": ""Point""
}",-83.149811698,42.4011133720001
5161,9824738,OUTER,GREENFIELD,2016-10-12,12,10,2016,15,4,97,9,,2,0,,1,1,1,25,2,2,1,5,0,0,0,0,true,,true,true,true,false,false,,,,,,false,false,false,,,false,false,false,false,false,-83.19915,42.41948,"{
  ""coordinates"": [
    -8.319914908899990e+01,
    4.241947576800000e+01
  ],
  ""type"": ""Point""
}","{
  ""coordinates"": [
    -83.199149089,
    42.419475768
  ],
  ""type"": ""Point""
}",-83.1991490889999,42.419475768
5162,9822315,ROBINWOOD,WOODWARD,2016-10-12,12,10,2016,2,4,5,3,,,0,,1,1,4,25,2,2,3,5,0,0,0,0,true,,false,false,false,false,false,,,,,,false,true,false,,,false,false,false,false,false,-83.11304,42.42967,"{
  ""coordinates"": [
    -8.311303542400000e+01,
    4.242967283500010e+01
  ],
  ""type"": ""Point""
}","{
  ""coordinates"": [
    -83.113035424,
    42.429672835
  ],
  ""type"": ""Point""
}",-83.113035424,42.4296728350001
5163,9861820,EVANSTON,NEWPORT,2016-10-12,12,10,2016,1,4,8,9,,,0,,1,1,4,25,2,2,1,5,0,0,0,0,true,,false,false,false,false,false,,,,,,false,false,false,,,false,false,false,false,false,-82.96812,42.40448,"{
  ""coordinates"": [
    -8.296812813400000e+01,
    4.240448132600010e+01
  ],
  ""type"": ""Point""
}","{
  ""coordinates"": [
    -82.968128134,
    42.404481326
  ],
  ""type"": ""Point""
}",-82.968128134,42.4044813260001
5164,9861799,HEYDEN,TIREMAN,2016-10-12,12,10,2016,9,4,97,9,,,0,,1,1,1,25,2,2,1,5,0,0,0,0,true,,false,false,true,false,false,,,,,,false,false,true,,,false,false,false,false,false,-83.2381,42.35029,"{
  ""coordinates"": [
    -8.323810138700000e+01,
    4.235029238500000e+01
  ],
  ""type"": ""Point""
}","{
  ""coordinates"": [
    -83.238101387,
    42.350292385
  ],
  ""type"": ""Point""
}",-83.238101387,42.350292385
5165,9822258,HOUSTON WHITTIER,QUEEN,2016-10-12,12,10,2016,16,4,97,9,,4,0,,1,2,1,35,2,3,0,5,0,0,0,0,true,,false,false,true,false,false,,,,,,false,false,false,,,false,false,false,false,false,-82.96806,42.42074,"{
  ""coordinates"": [
    -8.296806633300000e+01,
    4.242073919300000e+01
  ],
  ""type"": ""Point""
}","{
  ""coordinates"": [
    -82.968066333,
    42.420739193
  ],
  ""type"": ""Point""
}",-82.968066333,42.420739193
5166,9827117,I-75,7 MILE,2016-10-12,12,10,2016,22,4,1,1,,1,1,,2,4,4,70,4,1,1,4,0,0,0,1,false,,false,false,false,false,false,,,,,,false,false,true,,,false,false,false,false,false,-83.09422,42.42887,"{
  ""coordinates"": [
    -8.309421695600000e+01,
    4.242887058000010e+01
  ],
  ""type"": ""Point""
}","{
  ""coordinates"": [
    -83.094216956,
    42.42887058
  ],
  ""type"": ""Point""
}",-83.094216956,42.4288705800001
5167,9829512,SEVEN MILE,LIVERNOIS,2016-10-12,12,10,2016,6,4,4,9,,2,0,,1,1,3,25,2,2,1,5,0,0,0,0,true,,false,false,true,false,false,,,,,,false,true,false,,,false,false,false,false,false,-83.14137,42.43161,"{
  ""coordinates"": [
    -8.314136649800000e+01,
    4.243160736500000e+01
  ],
  ""type"": ""Point""
}","{
  ""coordinates"": [
    -83.141366498,
    42.431607365
  ],
  ""type"": ""Point""
}",-83.141366498,42.431607365
5168,9824759,FAIRMOUNT,REDMOND,2016-10-12,12,10,2016,19,4,97,9,,,0,,1,1,1,25,1,2,2,5,0,0,0,0,true,,false,false,true,false,false,,,,,,false,false,true,,,false,false,false,false,false,-82.95615,42.44475,"{
  ""coordinates"": [
    -8.295615237500000e+01,
    4.244474817500000e+01
  ],
  ""type"": ""Point""
}","{
  ""coordinates"": [
    -82.956152375,
    42.444748175
  ],
  ""type"": ""Point""
}",-82.956152375,42.444748175
5169,9997399,I-75,CLAY,2016-10-12,12,10,2016,15,4,5,1,,1,0,,1,1,1,55,4,2,3,5,0,0,0,0,true,,false,false,false,false,false,,,,,,false,false,true,,,false,false,false,false,false,-83.06198,42.37699,"{
  ""coordinates"": [
    -8.306197959300000e+01,
    4.237699313200010e+01
  ],
  ""type"": ""Point""
}","{
  ""coordinates"": [
    -83.061979593,
    42.376993132
  ],
  ""type"": ""Point""
}",-83.061979593,42.3769931320001
5170,9822181,E I 96 CD,RAMP 008K,2016-10-12,12,10,2016,7,4,5,1,,1,0,,1,1,2,55,3,3,3,5,0,0,0,0,true,,false,false,false,false,false,,,,,,false,false,false,,,false,false,false,false,false,-83.22619,42.3777,"{
  ""coordinates"": [
    -8.322618825000001e+01,
    4.237770643200000e+01
  ],
  ""type"": ""Point""
}","{
  ""coordinates"": [
    -83.22618825,
    42.377706432
  ],
  ""type"": ""Point""
}",-83.22618825,42.377706432
5171,9838325,I-96,JOY,2016-10-12,12,10,2016,9,4,8,1,,1,0,,1,1,1,70,4,2,1,5,0,0,0,0,true,,false,false,true,false,false,,,,,,false,false,true,,,false,false,false,false,false,-83.12849,42.36356,"{
  ""coordinates"": [
    -8.312849449299991e+01,
    4.236355615700010e+01
  ],
  ""type"": ""Point""
}","{
  ""coordinates"": [
    -83.128494493,
    42.363556157
  ],
  ""type"": ""Point""
}",-83.1284944929999,42.3635561570001
5172,9861822,LINWOOD,DAVISON,2016-10-12,12,10,2016,14,4,97,3,,4,0,,1,2,1,35,7,2,0,5,0,0,0,0,true,,false,false,false,false,false,,,,,,false,false,false,,,false,false,false,false,false,-83.12215,42.3932,"{
  ""coordinates"": [
    -8.312214437999999e+01,
    4.239320039800000e+01
  ],
  ""type"": ""Point""
}","{
  ""coordinates"": [
    -83.12214438,
    42.393200398
  ],
  ""type"": ""Point""
}",-83.12214438,42.393200398
5173,9822231,BRITAIN,LAING,2016-10-12,12,10,2016,15,4,4,9,,,0,,1,1,1,25,2,2,7,3,0,0,1,4,false,,true,false,false,false,false,,,,,,false,false,true,,,false,false,false,false,false,-82.95477,42.42524,"{
  ""coordinates"": [
    -8.295476593900000e+01,
    4.242523592100010e+01
  ],
  ""type"": ""Point""
}","{
  ""coordinates"": [
    -82.954765939,
    42.425235921
  ],
  ""type"": ""Point""
}",-82.954765939,42.4252359210001
5174,9861814,HAYES,BRINGARD,2016-10-12,12,10,2016,14,4,4,9,,4,0,,1,1,1,30,2,2,2,4,0,0,0,1,false,,false,false,false,false,false,,,,,,false,false,false,,,false,false,false,false,false,-82.96592,42.44629,"{
  ""coordinates"": [
    -8.296592299799990e+01,
    4.244629397400010e+01
  ],
  ""type"": ""Point""
}","{
  ""coordinates"": [
    -82.965922998,
    42.446293974
  ],
  ""type"": ""Point""
}",-82.9659229979999,42.4462939740001
5175,9822197,I-94,VAN DYKE,2016-10-12,12,10,2016,6,4,1,1,,1,0,,1,1,4,55,3,1,1,5,0,0,0,0,true,,false,false,false,false,false,,,,,,false,false,false,,,false,false,false,false,false,-83.02067,42.38612,"{
  ""coordinates"": [
    -8.302067068199990e+01,
    4.238611610900010e+01
  ],
  ""type"": ""Point""
}","{
  ""coordinates"": [
    -83.020670682,
    42.386116109
  ],
  ""type"": ""Point""
}",-83.0206706819999,42.3861161090001
5176,9834401,BROADSTREET,LESLIE,2016-10-12,12,10,2016,1,4,1,9,,4,1,,1,2,4,35,2,1,3,5,0,0,0,0,true,,false,false,false,false,false,,,,,,false,false,false,,,false,false,false,false,false,-83.13671,42.38313,"{
  ""coordinates"": [
    -8.313670928099999e+01,
    4.238313429800010e+01
  ],
  ""type"": ""Point""
}","{
  ""coordinates"": [
    -83.136709281,
    42.383134298
  ],
  ""type"": ""Point""
}",-83.136709281,42.3831342980001
5177,9861837,WOODWARD,MERRILL PLAISANCE,2016-10-12,12,10,2016,8,4,5,3,,1,0,,1,1,1,40,5,2,22,4,0,0,0,1,false,,false,false,false,false,false,,,,,,false,false,false,,,false,false,false,false,false,-83.10709,42.41984,"{
  ""coordinates"": [
    -8.310709102899990e+01,
    4.241983703100000e+01
  ],
  ""type"": ""Point""
}","{
  ""coordinates"": [
    -83.107091029,
    42.419837031
  ],
  ""type"": ""Point""
}",-83.1070910289999,42.419837031
5178,9861758,8 MILE,ASHTON,2016-10-12,12,10,2016,15,4,5,3,,1,0,,1,1,1,40,4,2,4,5,0,0,0,0,true,,false,false,false,false,false,,,,,,false,false,false,,,false,false,false,false,false,-83.22125,42.44414,"{
  ""coordinates"": [
    -8.322125536700000e+01,
    4.244414209500010e+01
  ],
  ""type"": ""Point""
}","{
  ""coordinates"": [
    -83.221255367,
    42.444142095
  ],
  ""type"": ""Point""
}",-83.221255367,42.4441420950001
5179,9861792,MOROSS,CHANDLER PARK,2016-10-12,12,10,2016,6,4,5,9,,2,0,,1,1,2,30,2,2,2,4,0,0,0,1,false,,false,false,false,false,false,,,,,,false,false,false,,,false,false,false,false,false,-82.91622,42.41911,"{
  ""coordinates"": [
    -8.291621974100001e+01,
    4.241910544800000e+01
  ],
  ""type"": ""Point""
}","{
  ""coordinates"": [
    -82.916219741,
    42.419105448
  ],
  ""type"": ""Point""
}",-82.916219741,42.419105448
5180,9861863,ANTHONY WAYNE,WARREN,2016-10-12,12,10,2016,17,4,97,9,,4,0,,1,1,1,25,3,2,2,5,0,0,0,0,true,,false,false,true,false,false,,,,,,false,false,false,,,false,false,false,false,false,-83.07114,42.35463,"{
  ""coordinates"": [
    -8.307114192900001e+01,
    4.235462519300010e+01
  ],
  ""type"": ""Point""
}","{
  ""coordinates"": [
    -83.071141929,
    42.354625193
  ],
  ""type"": ""Point""
}",-83.071141929,42.3546251930001
5181,9861818,MCNICHOLS,GUNSTON,2016-10-12,12,10,2016,11,4,9,9,,4,2,,1,1,1,30,4,2,1,3,0,0,1,0,false,,false,false,true,false,false,,,,,,false,false,false,,,false,false,false,false,false,-83.00417,42.41993,"{
  ""coordinates"": [
    -8.300417044900000e+01,
    4.241993491800010e+01
  ],
  ""type"": ""Point""
}","{
  ""coordinates"": [
    -83.004170449,
    42.419934918
  ],
  ""type"": ""Point""
}",-83.004170449,42.4199349180001
5182,9861823,JOY,LAWTON,2016-10-12,12,10,2016,12,4,9,9,,4,2,,1,1,1,0,2,2,0,5,0,0,0,0,true,,false,false,false,false,false,,,,,,false,false,false,,,false,false,false,false,false,-83.11179,42.37234,"{
  ""coordinates"": [
    -8.311178358099990e+01,
    4.237234294600010e+01
  ],
  ""type"": ""Point""
}","{
  ""coordinates"": [
    -83.111783581,
    42.372342946
  ],
  ""type"": ""Point""
}",-83.1117835809999,42.3723429460001
5183,9834395,M-39,PLYMOUTH,2016-10-12,12,10,2016,8,4,5,3,,1,0,,1,1,1,55,3,3,4,5,0,0,0,0,true,,false,false,false,false,false,,,,,,false,false,true,,,false,false,false,false,false,-83.21652,42.37088,"{
  ""coordinates"": [
    -8.321651988799989e+01,
    4.237087523400000e+01
  ],
  ""type"": ""Point""
}","{
  ""coordinates"": [
    -83.216519888,
    42.370875234
  ],
  ""type"": ""Point""
}",-83.2165198879999,42.370875234