ObjectId,Crash ID,Primary Road,Intersecting Road,Crash Date,Day,Month,Year,Hour,Weekday,Crash Type Code,Highway Classification Code,Community Code,Jurisdiction Code,Lane Departure Type Code,Surface Type,Road Condition,Weather Condition,Lighting Condition,Speed Limit,Lanes,Units,Occupants,Most Severe Injury,Fatal Injuries,Suspected Serious Injuries,Suspected Minor Injuries,Possible Injuries,Property Damage Only,Secondary Crash,Traffic Control,Red Light Run,Hit and Run,Alcohol,Drugs,Unbelted Person,Work Zone,Speeding Driver,Distracted Driver,Driveway,Pedestrian,Elderly Driver,Young Driver,Commercial Vehicle,Emergency Vehicles,Train,School Bus,Motorcycle,Bicycle,Deer,Longitude,Latitude,geom,geog,x,y
5184,9838326,S I 75,S I 75,2016-10-12,12,10,2016,16,4,8,1,,1,0,,1,1,1,55,5,2,1,5,0,0,0,0,true,,false,false,true,false,false,,,,,,false,false,false,,,false,false,false,false,false,-83.04544,42.34708,"{
  ""coordinates"": [
    -8.304543841899989e+01,
    4.234708053100010e+01
  ],
  ""type"": ""Point""
}","{
  ""coordinates"": [
    -83.045438419,
    42.347080531
  ],
  ""type"": ""Point""
}",-83.0454384189999,42.3470805310001
5185,9861790,E I 94,RAMP 220D,2016-10-12,12,10,2016,16,4,97,1,,1,0,,1,1,1,55,3,2,1,5,0,0,0,0,true,,false,false,true,false,false,,,,,,false,false,true,,,false,false,false,false,false,-82.98975,42.39499,"{
  ""coordinates"": [
    -8.298974303599989e+01,
    4.239498335000010e+01
  ],
  ""type"": ""Point""
}","{
  ""coordinates"": [
    -82.989743036,
    42.39498335
  ],
  ""type"": ""Point""
}",-82.9897430359999,42.3949833500001
5186,9834402,M-39,JOY,2016-10-12,12,10,2016,8,4,5,3,,1,0,,1,1,1,55,3,2,2,5,0,0,0,0,true,,false,false,false,false,false,,,,,,false,false,true,,,false,false,false,false,false,-83.21637,42.35744,"{
  ""coordinates"": [
    -8.321636929600000e+01,
    4.235744156300010e+01
  ],
  ""type"": ""Point""
}","{
  ""coordinates"": [
    -83.216369296,
    42.357441563
  ],
  ""type"": ""Point""
}",-83.216369296,42.3574415630001
5187,9861817,PEERLESS,MOROSS,2016-10-12,12,10,2016,7,4,4,9,,,0,,1,1,2,35,3,2,1,4,0,0,0,1,false,,false,false,true,false,false,,,,,,false,false,false,,,false,false,false,false,false,-82.93535,42.4275,"{
  ""coordinates"": [
    -8.293534644899999e+01,
    4.242750136800000e+01
  ],
  ""type"": ""Point""
}","{
  ""coordinates"": [
    -82.935346449,
    42.427501368
  ],
  ""type"": ""Point""
}",-82.935346449,42.427501368
5188,9824674,JUNCTION,FEDERAL,2016-10-12,12,10,2016,14,4,5,9,,4,0,,1,1,1,0,4,2,2,4,0,0,0,1,false,,false,false,false,false,false,,,,,,false,false,false,,,false,false,false,false,false,-83.1071,42.32515,"{
  ""coordinates"": [
    -8.310709956999990e+01,
    4.232514631900010e+01
  ],
  ""type"": ""Point""
}","{
  ""coordinates"": [
    -83.10709957,
    42.325146319
  ],
  ""type"": ""Point""
}",-83.1070995699999,42.3251463190001
5189,9861847,LOTHROP,N M 10 SERVICE DRIVE,2016-10-12,12,10,2016,8,4,8,9,,4,0,,1,1,1,25,2,2,3,5,0,0,0,0,true,,false,false,false,false,false,,,,,,false,true,true,,,false,false,false,false,false,-83.08173,42.36871,"{
  ""coordinates"": [
    -8.308172438199990e+01,
    4.236870954100000e+01
  ],
  ""type"": ""Point""
}","{
  ""coordinates"": [
    -83.081724382,
    42.368709541
  ],
  ""type"": ""Point""
}",-83.0817243819999,42.368709541
5190,9824758,EIGHT MILE,VAN DYKE,2016-10-12,12,10,2016,17,4,5,3,,1,0,,1,1,1,30,3,2,3,5,0,0,0,0,true,,false,false,true,false,false,,,,,,false,false,true,,,false,false,false,false,false,-83.02477,42.44816,"{
  ""coordinates"": [
    -8.302477506600000e+01,
    4.244815662800000e+01
  ],
  ""type"": ""Point""
}","{
  ""coordinates"": [
    -83.024775066,
    42.448156628
  ],
  ""type"": ""Point""
}",-83.024775066,42.448156628
5191,9834489,MONICA,EATON,2016-10-12,12,10,2016,17,4,4,9,,,0,,1,1,1,25,2,2,1,5,0,0,0,0,true,,false,false,true,false,false,,,,,,false,true,false,,,false,false,false,false,false,-83.14337,42.39808,"{
  ""coordinates"": [
    -8.314337370000000e+01,
    4.239807717400000e+01
  ],
  ""type"": ""Point""
}","{
  ""coordinates"": [
    -83.1433737,
    42.398077174
  ],
  ""type"": ""Point""
}",-83.1433737,42.398077174
5192,9997411,W/B I-94,MOROSS,2016-10-12,12,10,2016,20,4,5,1,,1,0,,1,1,4,55,3,2,1,5,0,0,0,0,true,,false,false,true,false,false,,,,,,false,false,false,,,false,false,false,false,false,-82.93134,42.42133,"{
  ""coordinates"": [
    -8.293133166299999e+01,
    4.242132781500000e+01
  ],
  ""type"": ""Point""
}","{
  ""coordinates"": [
    -82.931331663,
    42.421327815
  ],
  ""type"": ""Point""
}",-82.931331663,42.421327815
5193,9824761,8 MILE,GRATIOT,2016-10-12,12,10,2016,19,4,5,3,,1,0,,1,2,3,35,3,2,2,5,0,0,0,0,true,,false,false,false,false,false,,,,,,false,false,true,,,false,false,false,false,false,-82.96499,42.44991,"{
  ""coordinates"": [
    -8.296499152199991e+01,
    4.244990503100010e+01
  ],
  ""type"": ""Point""
}","{
  ""coordinates"": [
    -82.964991522,
    42.449905031
  ],
  ""type"": ""Point""
}",-82.9649915219999,42.4499050310001
5194,9956708,I-94,GRATIOT,2016-10-12,12,10,2016,10,4,1,1,,1,1,,1,1,1,55,3,1,1,5,0,0,0,0,true,,false,false,false,false,false,,,,,,false,false,true,,,false,false,false,false,false,-83.00555,42.39169,"{
  ""coordinates"": [
    -8.300555428400000e+01,
    4.239169159500010e+01
  ],
  ""type"": ""Point""
}","{
  ""coordinates"": [
    -83.005554284,
    42.391691595
  ],
  ""type"": ""Point""
}",-83.005554284,42.3916915950001
5195,9827128,BAGLEY,3RD,2016-10-12,12,10,2016,7,4,5,9,,4,0,,1,2,2,25,5,2,3,4,0,0,0,1,false,,false,false,false,false,false,,,,,,false,false,true,,,false,false,false,false,false,-83.05821,42.33216,"{
  ""coordinates"": [
    -8.305821312400001e+01,
    4.233215955700010e+01
  ],
  ""type"": ""Point""
}","{
  ""coordinates"": [
    -83.058213124,
    42.332159557
  ],
  ""type"": ""Point""
}",-83.058213124,42.3321595570001
5196,9873183,I-75,SCHAEFER,2016-10-12,12,10,2016,21,4,8,1,,1,0,,2,2,4,70,4,2,2,5,0,0,0,0,true,,false,false,false,false,false,,,,,,false,false,false,,,false,false,false,false,false,-83.15224,42.27906,"{
  ""coordinates"": [
    -8.315224033600001e+01,
    4.227905569500010e+01
  ],
  ""type"": ""Point""
}","{
  ""coordinates"": [
    -83.152240336,
    42.279055695
  ],
  ""type"": ""Point""
}",-83.152240336,42.2790556950001
5197,9861812,TELEGRAPH,8 MILE,2016-10-12,12,10,2016,17,4,5,2,,1,0,,4,2,1,45,4,2,3,4,0,0,0,2,false,,false,false,false,false,false,,,,,,false,true,false,,,false,false,false,false,false,-83.27834,42.44254,"{
  ""coordinates"": [
    -8.327834123600000e+01,
    4.244254177200000e+01
  ],
  ""type"": ""Point""
}","{
  ""coordinates"": [
    -83.278341236,
    42.442541772
  ],
  ""type"": ""Point""
}",-83.278341236,42.442541772
5198,9873192,I-75,7 MILE,2016-10-12,12,10,2016,17,4,1,1,,1,0,,1,1,1,70,4,1,1,5,0,0,0,0,true,,false,false,false,false,false,,,,,,false,false,false,,,false,false,false,false,false,-83.09519,42.43971,"{
  ""coordinates"": [
    -8.309518949300001e+01,
    4.243971303700000e+01
  ],
  ""type"": ""Point""
}","{
  ""coordinates"": [
    -83.095189493,
    42.439713037
  ],
  ""type"": ""Point""
}",-83.095189493,42.439713037
5199,9824785,DAVISON,EWALD,2016-10-12,12,10,2016,11,4,5,3,,1,0,,98,98,98,30,3,2,2,4,0,0,0,2,false,,false,false,true,false,false,,,,,,false,true,false,,,false,false,false,false,false,-83.14558,42.38625,"{
  ""coordinates"": [
    -8.314558713199990e+01,
    4.238624788700000e+01
  ],
  ""type"": ""Point""
}","{
  ""coordinates"": [
    -83.145587132,
    42.386247887
  ],
  ""type"": ""Point""
}",-83.1455871319999,42.386247887
5200,9825988,7 MILE,MCINTYRE,2016-10-12,12,10,2016,8,4,5,9,,2,0,,1,1,1,35,4,2,3,5,0,0,0,0,true,,false,false,false,false,false,,,,,,false,false,true,,,false,false,false,false,false,-83.26308,42.42914,"{
  ""coordinates"": [
    -8.326308235899999e+01,
    4.242913752000000e+01
  ],
  ""type"": ""Point""
}","{
  ""coordinates"": [
    -83.263082359,
    42.42913752
  ],
  ""type"": ""Point""
}",-83.263082359,42.42913752
5201,9873184,I-96,MLK,2016-10-12,12,10,2016,21,4,1,1,,1,1,,2,4,5,55,4,1,1,5,0,0,0,0,true,,false,false,false,false,false,,,,,,false,false,false,,,false,false,false,false,false,-83.0924,42.33934,"{
  ""coordinates"": [
    -8.309239783600000e+01,
    4.233934042200010e+01
  ],
  ""type"": ""Point""
}","{
  ""coordinates"": [
    -83.092397836,
    42.339340422
  ],
  ""type"": ""Point""
}",-83.092397836,42.3393404220001
5202,9873191,I-75,M-10,2016-10-12,12,10,2016,10,4,5,1,,1,0,,1,1,1,70,4,2,2,5,0,0,0,0,true,,false,false,false,false,false,,,,,,false,false,true,,,false,false,false,false,false,-83.09483,42.43716,"{
  ""coordinates"": [
    -8.309483225199990e+01,
    4.243716547600010e+01
  ],
  ""type"": ""Point""
}","{
  ""coordinates"": [
    -83.094832252,
    42.437165476
  ],
  ""type"": ""Point""
}",-83.0948322519999,42.4371654760001
5203,9849457,WARREN,JOHN R,2016-10-12,12,10,2016,8,4,5,9,,4,0,,1,1,1,30,5,2,2,5,0,0,0,0,true,,false,false,false,false,false,,,,,,false,true,false,,,false,false,false,false,false,-83.06218,42.35775,"{
  ""coordinates"": [
    -8.306217857000000e+01,
    4.235775115700010e+01
  ],
  ""type"": ""Point""
}","{
  ""coordinates"": [
    -83.06217857,
    42.357751157
  ],
  ""type"": ""Point""
}",-83.06217857,42.3577511570001
5204,9832089,JEFFERSON,GRISWOLD,2016-10-12,12,10,2016,6,4,8,3,,1,0,,1,1,1,0,8,2,1,5,0,0,0,0,true,,false,false,false,false,false,,,,,,false,false,false,,,false,false,false,false,false,-83.04551,42.32835,"{
  ""coordinates"": [
    -8.304550809300000e+01,
    4.232834953100010e+01
  ],
  ""type"": ""Point""
}","{
  ""coordinates"": [
    -83.045508093,
    42.328349531
  ],
  ""type"": ""Point""
}",-83.045508093,42.3283495310001
5205,9961075,RAMP 006A,N M 39 SERVICE DRIVE,2016-10-12,12,10,2016,20,4,1,3,,1,0,,1,1,4,55,1,2,1,1,1,0,0,0,false,,false,false,false,false,true,,,,,,true,false,true,,,false,false,false,false,false,-83.21585,42.34089,"{
  ""coordinates"": [
    -8.321585408599999e+01,
    4.234089230800000e+01
  ],
  ""type"": ""Point""
}","{
  ""coordinates"": [
    -83.215854086,
    42.340892308
  ],
  ""type"": ""Point""
}",-83.215854086,42.340892308
5206,9822316,LIVERNOIS,7 MILE,2016-10-12,12,10,2016,18,4,4,9,,4,0,,1,1,1,30,3,2,3,5,0,0,0,0,true,,false,false,true,false,false,,,,,,false,false,false,,,false,false,false,false,false,-83.14137,42.43165,"{
  ""coordinates"": [
    -8.314136800300000e+01,
    4.243165083500000e+01
  ],
  ""type"": ""Point""
}","{
  ""coordinates"": [
    -83.141368003,
    42.431650835
  ],
  ""type"": ""Point""
}",-83.141368003,42.431650835
5207,9861809,ELIZBETH,CASS,2016-10-11,11,10,2016,8,3,8,9,,4,0,,1,1,1,0,2,2,3,5,0,0,0,0,true,,false,false,false,false,false,,,,,,false,false,false,,,false,false,false,false,false,-83.05525,42.33597,"{
  ""coordinates"": [
    -8.305525046100000e+01,
    4.233597095300010e+01
  ],
  ""type"": ""Point""
}","{
  ""coordinates"": [
    -83.055250461,
    42.335970953
  ],
  ""type"": ""Point""
}",-83.055250461,42.3359709530001
5208,9997325,S M 39,8 MILE,2016-10-11,11,10,2016,18,3,8,3,,1,0,,1,1,1,55,3,2,2,5,0,0,0,0,true,,false,false,false,false,false,,,,,,false,false,false,,,false,false,false,false,false,-83.2198,42.44429,"{
  ""coordinates"": [
    -8.321979596100000e+01,
    4.244428696800000e+01
  ],
  ""type"": ""Point""
}","{
  ""coordinates"": [
    -83.219795961,
    42.444286968
  ],
  ""type"": ""Point""
}",-83.219795961,42.444286968
5209,9861836,STEEL,PEMBROKE,2016-10-11,11,10,2016,10,3,4,9,,,0,,1,1,1,25,1,2,3,4,0,0,0,1,false,,false,false,false,false,false,,,,,,false,true,false,,,false,false,false,false,false,-83.17316,42.43842,"{
  ""coordinates"": [
    -8.317315958899999e+01,
    4.243842175700010e+01
  ],
  ""type"": ""Point""
}","{
  ""coordinates"": [
    -83.173159589,
    42.438421757
  ],
  ""type"": ""Point""
}",-83.173159589,42.4384217570001
5210,9839696,I 94,WARREN,2016-10-11,11,10,2016,15,3,5,1,,1,0,,1,1,1,55,3,2,5,5,0,0,0,0,true,,false,false,false,false,false,,,,,,false,true,false,,,false,false,false,false,false,-83.11626,42.34206,"{
  ""coordinates"": [
    -8.311625446900000e+01,
    4.234205651500000e+01
  ],
  ""type"": ""Point""
}","{
  ""coordinates"": [
    -83.116254469,
    42.342056515
  ],
  ""type"": ""Point""
}",-83.116254469,42.342056515
5211,9997377,I-75,CLAY,2016-10-11,11,10,2016,18,3,5,1,,1,0,,1,2,1,70,4,2,3,5,0,0,0,0,true,,false,false,false,false,false,,,,,,false,false,true,,,false,false,false,false,false,-83.06435,42.38098,"{
  ""coordinates"": [
    -8.306434438500000e+01,
    4.238097606600010e+01
  ],
  ""type"": ""Point""
}","{
  ""coordinates"": [
    -83.064344385,
    42.380976066
  ],
  ""type"": ""Point""
}",-83.064344385,42.3809760660001
5212,9825978,JAMES COUZENS,8 MILE SERVICE DRIVE,2016-10-11,11,10,2016,15,3,5,3,,1,0,,1,1,1,25,2,2,1,5,0,0,0,0,true,,false,false,false,false,false,,,,,,false,false,false,,,false,false,false,false,false,-83.20249,42.44455,"{
  ""coordinates"": [
    -8.320248818999990e+01,
    4.244455387000000e+01
  ],
  ""type"": ""Point""
}","{
  ""coordinates"": [
    -83.20248819,
    42.44455387
  ],
  ""type"": ""Point""
}",-83.2024881899999,42.44455387
5213,9822293,CONANT,DAVISON,2016-10-11,11,10,2016,20,3,4,3,,4,0,,1,1,4,35,4,2,5,4,0,0,0,1,false,,false,false,false,false,false,,,,,,false,false,false,,,false,false,false,false,false,-83.06155,42.41563,"{
  ""coordinates"": [
    -8.306155689799991e+01,
    4.241563600800000e+01
  ],
  ""type"": ""Point""
}","{
  ""coordinates"": [
    -83.061556898,
    42.415636008
  ],
  ""type"": ""Point""
}",-83.0615568979999,42.415636008
5214,9829492,JEFFERSON,BEAUBIEN,2016-10-11,11,10,2016,7,3,8,4,,1,0,,1,1,1,35,3,2,1,5,0,0,0,0,true,,false,false,true,false,false,,,,,,false,false,false,,,false,false,false,false,false,-83.0395,42.331,"{
  ""coordinates"": [
    -8.303949510599990e+01,
    4.233099648300000e+01
  ],
  ""type"": ""Point""
}","{
  ""coordinates"": [
    -83.039495106,
    42.330996483
  ],
  ""type"": ""Point""
}",-83.0394951059999,42.330996483
5215,9822207,I 96 SERVICE,GRAND,2016-10-11,11,10,2016,8,3,5,1,,4,0,,1,1,1,35,4,2,5,5,0,0,0,0,true,,false,false,false,false,false,,,,,,false,false,false,,,false,false,false,false,false,-83.11068,42.35631,"{
  ""coordinates"": [
    -8.311068082900000e+01,
    4.235630626000010e+01
  ],
  ""type"": ""Point""
}","{
  ""coordinates"": [
    -83.110680829,
    42.35630626
  ],
  ""type"": ""Point""
}",-83.110680829,42.3563062600001
5216,9834403,M-39,FITZPATRICK,2016-10-11,11,10,2016,14,3,5,3,,1,0,,1,2,1,55,3,3,3,5,0,0,0,0,true,,false,false,false,false,false,,,,,,false,false,true,,,false,false,false,false,false,-83.21634,42.36273,"{
  ""coordinates"": [
    -8.321634254000000e+01,
    4.236272871400010e+01
  ],
  ""type"": ""Point""
}","{
  ""coordinates"": [
    -83.21634254,
    42.362728714
  ],
  ""type"": ""Point""
}",-83.21634254,42.3627287140001
5217,9834410,M-10,CLAIRMONT,2016-10-11,11,10,2016,15,3,1,3,,1,1,,1,1,1,55,3,1,1,4,0,0,0,1,false,,false,false,false,false,false,,,,,,false,false,false,,,false,false,false,false,false,-83.09003,42.37947,"{
  ""coordinates"": [
    -8.309003474600000e+01,
    4.237947350100010e+01
  ],
  ""type"": ""Point""
}","{
  ""coordinates"": [
    -83.090034746,
    42.379473501
  ],
  ""type"": ""Point""
}",-83.090034746,42.3794735010001
5218,9861843,LIVERNOIS,PEMBROKE,2016-10-11,11,10,2016,7,3,5,9,,4,0,,1,1,1,35,2,2,4,5,0,0,0,0,true,,false,false,true,false,false,,,,,,false,false,false,,,false,false,false,false,false,-83.14163,42.43891,"{
  ""coordinates"": [
    -8.314163352500000e+01,
    4.243890822800010e+01
  ],
  ""type"": ""Point""
}","{
  ""coordinates"": [
    -83.141633525,
    42.438908228
  ],
  ""type"": ""Point""
}",-83.141633525,42.4389082280001
5219,9824651,JEFFERSON,BEAUBIEN,2016-10-11,11,10,2016,2,3,8,4,,1,0,,1,1,4,35,2,2,2,5,0,0,0,0,true,,false,false,false,false,false,,,,,,false,false,true,,,false,false,false,false,false,-83.03941,42.33068,"{
  ""coordinates"": [
    -8.303940791699991e+01,
    4.233068643900000e+01
  ],
  ""type"": ""Point""
}","{
  ""coordinates"": [
    -83.039407917,
    42.330686439
  ],
  ""type"": ""Point""
}",-83.0394079169999,42.330686439
5220,9834404,I-75,DAVISON,2016-10-11,11,10,2016,17,3,5,1,,1,0,,1,2,1,70,4,2,1,5,0,0,0,0,true,,false,false,true,false,false,,,,,,false,false,false,,,false,false,false,false,false,-83.08058,42.40988,"{
  ""coordinates"": [
    -8.308058225300000e+01,
    4.240988069200010e+01
  ],
  ""type"": ""Point""
}","{
  ""coordinates"": [
    -83.080582253,
    42.409880692
  ],
  ""type"": ""Point""
}",-83.080582253,42.4098806920001
5221,9822303,OUTER,CONANT,2016-10-11,11,10,2016,11,3,4,9,,2,0,,1,1,1,40,4,2,2,4,0,0,0,1,false,,true,true,true,false,false,,,,,,false,false,false,,,false,false,false,false,false,-83.07895,42.44027,"{
  ""coordinates"": [
    -8.307894786400000e+01,
    4.244026728100000e+01
  ],
  ""type"": ""Point""
}","{
  ""coordinates"": [
    -83.078947864,
    42.440267281
  ],
  ""type"": ""Point""
}",-83.078947864,42.440267281
5222,9825986,SOUTHFIELD SERVICE DRIVE,OUTER,2016-10-11,11,10,2016,16,3,5,9,,4,0,,1,1,1,30,2,2,1,5,0,0,0,0,true,,false,false,true,false,false,,,,,,false,false,false,,,false,false,false,false,false,-83.21864,42.419,"{
  ""coordinates"": [
    -8.321864141499999e+01,
    4.241900302000000e+01
  ],
  ""type"": ""Point""
}","{
  ""coordinates"": [
    -83.218641415,
    42.41900302
  ],
  ""type"": ""Point""
}",-83.218641415,42.41900302
5223,9827148,OUTER,CHICAGO,2016-10-11,11,10,2016,6,3,1,9,,2,1,,1,1,2,0,2,1,1,5,0,0,0,0,true,,false,false,false,false,false,,,,,,false,false,false,,,false,false,false,false,false,-83.26073,42.36418,"{
  ""coordinates"": [
    -8.326072556299989e+01,
    4.236417740700010e+01
  ],
  ""type"": ""Point""
}","{
  ""coordinates"": [
    -83.260725563,
    42.364177407
  ],
  ""type"": ""Point""
}",-83.2607255629999,42.3641774070001
5224,9822304,ORLEANS,NEVADA,2016-10-11,11,10,2016,17,3,4,9,,,0,,1,1,1,25,1,2,2,5,0,0,0,0,true,,false,false,false,false,false,,,,,,false,false,false,,,false,false,false,false,false,-83.08496,42.42514,"{
  ""coordinates"": [
    -8.308496396699999e+01,
    4.242514537700000e+01
  ],
  ""type"": ""Point""
}","{
  ""coordinates"": [
    -83.084963967,
    42.425145377
  ],
  ""type"": ""Point""
}",-83.084963967,42.425145377
5225,9997378,W I 96,CONSOLIDATED RAIL CORPORATION,2016-10-11,11,10,2016,19,3,1,1,,1,1,,1,2,4,55,3,1,1,4,0,0,0,1,false,,false,false,false,false,false,,,,,,false,false,false,,,false,false,false,false,false,-83.18097,42.38274,"{
  ""coordinates"": [
    -8.318097108900000e+01,
    4.238273466600000e+01
  ],
  ""type"": ""Point""
}","{
  ""coordinates"": [
    -83.180971089,
    42.382734666
  ],
  ""type"": ""Point""
}",-83.180971089,42.382734666
5226,9861819,SCHOENHERR,COLLINGHAM,2016-10-11,11,10,2016,20,3,6,9,,4,0,,1,1,1,35,2,3,4,5,0,0,0,0,true,,false,false,false,false,true,,,,,,false,false,true,,,false,false,false,false,false,-82.98559,42.44742,"{
  ""coordinates"": [
    -8.298558617600000e+01,
    4.244741963800000e+01
  ],
  ""type"": ""Point""
}","{
  ""coordinates"": [
    -82.985586176,
    42.447419638
  ],
  ""type"": ""Point""
}",-82.985586176,42.447419638
5227,9834411,I-75,MACK,2016-10-11,11,10,2016,17,3,5,1,,1,0,,1,1,1,55,4,2,2,4,0,0,0,1,false,,false,false,false,false,false,,,,,,false,false,false,,,false,false,false,false,false,-83.04564,42.34798,"{
  ""coordinates"": [
    -8.304564251300000e+01,
    4.234797610900010e+01
  ],
  ""type"": ""Point""
}","{
  ""coordinates"": [
    -83.045642513,
    42.347976109
  ],
  ""type"": ""Point""
}",-83.045642513,42.3479761090001
5228,9861841,PINEHURST,MCNICHOLS,2016-10-11,11,10,2016,12,3,8,9,,,0,,1,1,1,25,2,2,4,5,0,0,0,0,true,,false,false,false,false,false,,,,,,false,false,false,,,false,false,false,false,false,-83.16691,42.41743,"{
  ""coordinates"": [
    -8.316690683099991e+01,
    4.241742815500000e+01
  ],
  ""type"": ""Point""
}","{
  ""coordinates"": [
    -83.166906831,
    42.417428155
  ],
  ""type"": ""Point""
}",-83.1669068309999,42.417428155
5229,9843238,M-10,WYOMING,2016-10-11,11,10,2016,8,3,5,3,,1,0,,1,2,1,55,3,3,3,4,0,0,0,1,false,,false,false,false,false,false,,,,,,false,false,true,,,false,false,false,false,false,-83.16014,42.40528,"{
  ""coordinates"": [
    -8.316013879499999e+01,
    4.240528174100010e+01
  ],
  ""type"": ""Point""
}","{
  ""coordinates"": [
    -83.160138795,
    42.405281741
  ],
  ""type"": ""Point""
}",-83.160138795,42.4052817410001
5230,9824742,SOUTHFIELD,8 MILE,2016-10-11,11,10,2016,18,3,5,3,,1,0,,1,1,1,55,3,3,2,5,0,0,0,0,true,,false,false,true,false,false,,,,,,false,false,false,,,false,false,false,false,false,-83.21968,42.44162,"{
  ""coordinates"": [
    -8.321968450799990e+01,
    4.244162229900010e+01
  ],
  ""type"": ""Point""
}","{
  ""coordinates"": [
    -83.219684508,
    42.441622299
  ],
  ""type"": ""Point""
}",-83.2196845079999,42.4416222990001
5231,9822222,MT ELLIOTT,OUTER,2016-10-11,11,10,2016,10,3,98,9,,4,0,,1,1,1,30,2,2,1,5,0,0,0,0,true,,false,false,false,false,false,,,,,,false,false,false,,,false,false,false,false,false,-83.03916,42.44027,"{
  ""coordinates"": [
    -8.303916503400001e+01,
    4.244027085200000e+01
  ],
  ""type"": ""Point""
}","{
  ""coordinates"": [
    -83.039165034,
    42.440270852
  ],
  ""type"": ""Point""
}",-83.039165034,42.440270852
5232,9822302,7 MILE,DEAN,2016-10-11,11,10,2016,15,3,5,9,,4,0,,1,1,1,35,2,2,3,4,0,0,0,3,false,,false,false,true,false,false,,,,,,false,false,false,,,false,false,false,false,false,-83.06168,42.43316,"{
  ""coordinates"": [
    -8.306168534600000e+01,
    4.243316008800010e+01
  ],
  ""type"": ""Point""
}","{
  ""coordinates"": [
    -83.061685346,
    42.433160088
  ],
  ""type"": ""Point""
}",-83.061685346,42.4331600880001
5233,9824796,WEXFORD,OUTER,2016-10-11,11,10,2016,20,3,10,9,,,0,,1,1,4,25,2,2,1,5,0,0,0,0,true,,false,false,false,false,false,,,,,,false,false,true,,,false,false,false,false,false,-83.06553,42.44003,"{
  ""coordinates"": [
    -8.306552538499990e+01,
    4.244002989400010e+01
  ],
  ""type"": ""Point""
}","{
  ""coordinates"": [
    -83.065525385,
    42.440029894
  ],
  ""type"": ""Point""
}",-83.0655253849999,42.4400298940001
5234,9861798,SOUTHFIELD,WARREN,2016-10-11,11,10,2016,9,3,9,3,,1,0,,1,1,1,0,2,2,3,5,0,0,0,0,true,,false,false,false,false,false,,,,,,false,false,false,,,false,true,false,false,false,-83.21603,42.34337,"{
  ""coordinates"": [
    -8.321603620300000e+01,
    4.234336840300010e+01
  ],
  ""type"": ""Point""
}","{
  ""coordinates"": [
    -83.216036203,
    42.343368403
  ],
  ""type"": ""Point""
}",-83.216036203,42.3433684030001
5235,9825987,SOUTHFIELD SERVICE DRIVE,GRAND RIVER,2016-10-11,11,10,2016,18,3,5,3,,4,0,,1,1,2,0,3,2,3,4,0,0,0,2,false,,false,false,false,false,false,,,,,,false,false,true,,,false,false,false,false,false,-83.21797,42.40038,"{
  ""coordinates"": [
    -8.321797549800000e+01,
    4.240037568400000e+01
  ],
  ""type"": ""Point""
}","{
  ""coordinates"": [
    -83.217975498,
    42.400375684
  ],
  ""type"": ""Point""
}",-83.217975498,42.400375684
5236,9861835,8 MILE,EVERGREEN,2016-10-11,11,10,2016,9,3,8,3,,1,0,,1,1,1,40,7,2,1,5,0,0,0,0,true,,false,false,true,false,false,,,,,,false,false,false,,,false,false,false,false,false,-83.24102,42.44371,"{
  ""coordinates"": [
    -8.324101979200000e+01,
    4.244370889700010e+01
  ],
  ""type"": ""Point""
}","{
  ""coordinates"": [
    -83.241019792,
    42.443708897
  ],
  ""type"": ""Point""
}",-83.241019792,42.4437088970001
5237,9836996,M 10,7 MILE,2016-10-11,11,10,2016,9,3,5,3,,1,0,,1,1,1,55,3,3,2,5,0,0,0,0,true,,false,false,true,false,false,,,,,,false,false,false,,,false,false,false,false,false,-83.18668,42.43039,"{
  ""coordinates"": [
    -8.318668076199999e+01,
    4.243039252300010e+01
  ],
  ""type"": ""Point""
}","{
  ""coordinates"": [
    -83.186680762,
    42.430392523
  ],
  ""type"": ""Point""
}",-83.186680762,42.4303925230001
5238,9822298,NORWOOD,EMERY,2016-10-11,11,10,2016,6,3,4,9,,,0,,1,1,4,25,2,2,6,5,0,0,0,0,true,,false,false,false,false,false,,,,,,false,true,true,,,false,false,false,false,false,-83.06731,42.43561,"{
  ""coordinates"": [
    -8.306730809699999e+01,
    4.243561112200010e+01
  ],
  ""type"": ""Point""
}","{
  ""coordinates"": [
    -83.067308097,
    42.435611122
  ],
  ""type"": ""Point""
}",-83.067308097,42.4356111220001
5239,9843239,I-94,LIVERNOIS,2016-10-11,11,10,2016,8,3,5,1,,1,0,,1,2,1,55,3,2,2,5,0,0,0,0,true,,false,false,false,false,false,,,,,,false,false,false,,,false,false,false,false,false,-83.12646,42.33668,"{
  ""coordinates"": [
    -8.312646616500000e+01,
    4.233667749000010e+01
  ],
  ""type"": ""Point""
}","{
  ""coordinates"": [
    -83.126466165,
    42.33667749
  ],
  ""type"": ""Point""
}",-83.126466165,42.3366774900001
5240,9824809,MCNICHOLS,JAMES COUZENS,2016-10-10,10,10,2016,6,2,5,9,,2,0,,1,1,4,30,3,2,1,5,0,0,0,0,true,,false,false,true,false,false,,,,,,false,false,false,,,false,false,false,false,false,-83.17177,42.41664,"{
  ""coordinates"": [
    -8.317176742800000e+01,
    4.241664104200000e+01
  ],
  ""type"": ""Point""
}","{
  ""coordinates"": [
    -83.171767428,
    42.416641042
  ],
  ""type"": ""Point""
}",-83.171767428,42.416641042