ObjectId,Crash ID,Primary Road,Intersecting Road,Crash Date,Day,Month,Year,Hour,Weekday,Crash Type Code,Highway Classification Code,Community Code,Jurisdiction Code,Lane Departure Type Code,Surface Type,Road Condition,Weather Condition,Lighting Condition,Speed Limit,Lanes,Units,Occupants,Most Severe Injury,Fatal Injuries,Suspected Serious Injuries,Suspected Minor Injuries,Possible Injuries,Property Damage Only,Secondary Crash,Traffic Control,Red Light Run,Hit and Run,Alcohol,Drugs,Unbelted Person,Work Zone,Speeding Driver,Distracted Driver,Driveway,Pedestrian,Elderly Driver,Young Driver,Commercial Vehicle,Emergency Vehicles,Train,School Bus,Motorcycle,Bicycle,Deer,Longitude,Latitude,geom,geog,x,y
5412,9822292,CONLEY,EMERY,2016-10-08,8,10,2016,22,7,8,9,,,0,,1,1,4,25,1,2,0,5,0,0,0,0,true,,false,false,true,false,false,,,,,,false,false,false,,,false,false,false,false,false,-83.05288,42.43811,"{
  ""coordinates"": [
    -8.305287644000001e+01,
    4.243810673800000e+01
  ],
  ""type"": ""Point""
}","{
  ""coordinates"": [
    -83.05287644,
    42.438106738
  ],
  ""type"": ""Point""
}",-83.05287644,42.438106738
5413,9820078,MEYERS,7 MILE,2016-10-08,8,10,2016,12,7,97,9,,4,0,,1,1,1,30,5,2,4,5,0,0,0,0,true,,false,false,false,true,true,,,,,,false,true,false,,,false,false,false,false,false,-83.17068,42.43097,"{
  ""coordinates"": [
    -8.317067824599999e+01,
    4.243096908700010e+01
  ],
  ""type"": ""Point""
}","{
  ""coordinates"": [
    -83.170678246,
    42.430969087
  ],
  ""type"": ""Point""
}",-83.170678246,42.4309690870001
5414,9820010,WATSON,WOODWARD,2016-10-08,8,10,2016,6,7,10,3,,,0,,1,98,5,0,1,2,2,5,0,0,0,0,true,,false,false,false,false,false,,,,,,false,false,false,,,false,false,false,false,false,-83.05582,42.34495,"{
  ""coordinates"": [
    -8.305582718100000e+01,
    4.234494913400000e+01
  ],
  ""type"": ""Point""
}","{
  ""coordinates"": [
    -83.055827181,
    42.344949134
  ],
  ""type"": ""Point""
}",-83.055827181,42.344949134
5415,9834516,GRAND RIVER,BROOKLYN,2016-10-08,8,10,2016,21,7,8,3,,1,0,,1,1,4,35,6,2,3,5,0,0,0,0,true,,false,false,true,false,false,,,,,,false,false,false,,,false,false,false,false,false,-83.06857,42.34033,"{
  ""coordinates"": [
    -8.306857311600000e+01,
    4.234032665300000e+01
  ],
  ""type"": ""Point""
}","{
  ""coordinates"": [
    -83.068573116,
    42.340326653
  ],
  ""type"": ""Point""
}",-83.068573116,42.340326653
5416,9820022,VERNOR,DRAGOON,2016-10-08,8,10,2016,3,7,1,9,,4,1,,1,1,4,0,3,1,0,5,0,0,0,0,true,,false,false,true,false,false,,,,,,false,false,false,,,false,false,false,false,false,-83.10827,42.31568,"{
  ""coordinates"": [
    -8.310826945699991e+01,
    4.231567769600010e+01
  ],
  ""type"": ""Point""
}","{
  ""coordinates"": [
    -83.108269457,
    42.315677696
  ],
  ""type"": ""Point""
}",-83.1082694569999,42.3156776960001
5417,9834517,GRAND RIVER,TEMPLE,2016-10-08,8,10,2016,22,7,8,3,,1,0,,1,1,4,35,6,2,2,5,0,0,0,0,true,,false,false,true,false,false,,,,,,false,false,false,,,false,false,false,false,false,-83.06579,42.33919,"{
  ""coordinates"": [
    -8.306578653699999e+01,
    4.233919165800010e+01
  ],
  ""type"": ""Point""
}","{
  ""coordinates"": [
    -83.065786537,
    42.339191658
  ],
  ""type"": ""Point""
}",-83.065786537,42.3391916580001
5418,9820056,HAMILTON,PALLISTER,2016-10-08,8,10,2016,0,7,1,3,,4,0,,1,1,4,30,3,1,1,5,0,0,0,0,true,,false,false,false,false,false,,,,,,false,false,false,,,false,false,false,false,false,-83.08431,42.37002,"{
  ""coordinates"": [
    -8.308431525899989e+01,
    4.237001680700010e+01
  ],
  ""type"": ""Point""
}","{
  ""coordinates"": [
    -83.084315259,
    42.370016807
  ],
  ""type"": ""Point""
}",-83.0843152589999,42.3700168070001
5419,9822201,SOUTHFIELD,DAVISON,2016-10-08,8,10,2016,13,7,5,9,,4,0,,1,1,1,55,3,2,2,5,0,0,0,0,true,,false,false,true,false,false,,,,,,false,true,false,,,false,false,false,false,false,-83.21784,42.38409,"{
  ""coordinates"": [
    -8.321784077099990e+01,
    4.238409455300010e+01
  ],
  ""type"": ""Point""
}","{
  ""coordinates"": [
    -83.217840771,
    42.384094553
  ],
  ""type"": ""Point""
}",-83.2178407709999,42.3840945530001
5420,9997374,M-39,JOY,2016-10-08,8,10,2016,22,7,97,3,,1,0,,1,1,4,55,3,2,2,5,0,0,0,0,true,,false,false,true,false,false,,,,,,false,false,true,,,false,false,false,false,false,-83.2164,42.35805,"{
  ""coordinates"": [
    -8.321639746499990e+01,
    4.235805031700000e+01
  ],
  ""type"": ""Point""
}","{
  ""coordinates"": [
    -83.216397465,
    42.358050317
  ],
  ""type"": ""Point""
}",-83.2163974649999,42.358050317
5421,9824780,LINWOOD,GLENDALE,2016-10-08,8,10,2016,1,7,4,9,,4,0,,1,1,5,25,1,2,2,5,0,0,0,0,true,,true,true,true,false,false,,,,,,false,false,false,,,false,false,false,false,false,-83.11998,42.38999,"{
  ""coordinates"": [
    -8.311997889400000e+01,
    4.238998805900010e+01
  ],
  ""type"": ""Point""
}","{
  ""coordinates"": [
    -83.119978894,
    42.389988059
  ],
  ""type"": ""Point""
}",-83.119978894,42.3899880590001
5422,9820064,RYAN,DAVISON,2016-10-08,8,10,2016,9,7,98,9,,4,0,,1,1,1,35,4,4,4,4,0,0,0,1,false,,false,false,false,false,false,,,,,,false,false,true,,,false,false,false,false,false,-83.06058,42.41586,"{
  ""coordinates"": [
    -8.306057957099991e+01,
    4.241586098600000e+01
  ],
  ""type"": ""Point""
}","{
  ""coordinates"": [
    -83.060579571,
    42.415860986
  ],
  ""type"": ""Point""
}",-83.0605795709999,42.415860986
5423,9824791,MARX,LANTZ,2016-10-08,8,10,2016,15,7,5,9,,,0,,1,1,1,0,1,2,0,5,0,0,0,0,true,,false,false,true,false,false,,,,,,false,false,false,,,false,false,false,false,false,-83.08423,42.43731,"{
  ""coordinates"": [
    -8.308423177299990e+01,
    4.243730983000010e+01
  ],
  ""type"": ""Point""
}","{
  ""coordinates"": [
    -83.084231773,
    42.43730983
  ],
  ""type"": ""Point""
}",-83.0842317729999,42.4373098300001
5424,9822229,OUTER,WAVENEY,2016-10-08,8,10,2016,16,7,97,9,,2,0,,1,1,1,30,2,2,2,4,0,0,0,1,false,,false,false,false,false,false,,,,,,false,false,true,,,false,false,false,false,false,-82.93348,42.39877,"{
  ""coordinates"": [
    -8.293348163400000e+01,
    4.239876799100010e+01
  ],
  ""type"": ""Point""
}","{
  ""coordinates"": [
    -82.933481634,
    42.398767991
  ],
  ""type"": ""Point""
}",-82.933481634,42.3987679910001
5425,9848455,HARPER,YORKSHIRE,2016-10-08,8,10,2016,14,7,4,9,,4,0,,1,1,1,0,6,2,7,4,0,0,0,1,false,,false,false,false,false,false,,,,,,false,false,true,,,false,false,false,false,false,-82.94022,42.41407,"{
  ""coordinates"": [
    -8.294021877700000e+01,
    4.241406776100010e+01
  ],
  ""type"": ""Point""
}","{
  ""coordinates"": [
    -82.940218777,
    42.414067761
  ],
  ""type"": ""Point""
}",-82.940218777,42.4140677610001
5426,9838339,I-94,OUTER,2016-10-08,8,10,2016,8,7,8,1,,1,0,,1,1,1,55,3,2,2,5,0,0,0,0,true,,false,false,false,false,false,,,,,,false,false,true,,,false,false,false,false,false,-82.96058,42.40482,"{
  ""coordinates"": [
    -8.296058089000000e+01,
    4.240481548800010e+01
  ],
  ""type"": ""Point""
}","{
  ""coordinates"": [
    -82.96058089,
    42.404815488
  ],
  ""type"": ""Point""
}",-82.96058089,42.4048154880001
5427,9822309,GRIXDALE,JOHN R,2016-10-08,8,10,2016,16,7,4,9,,,0,,1,1,1,25,2,2,1,5,0,0,0,0,true,,false,false,false,false,false,,,,,,false,true,false,,,false,false,false,false,false,-83.10273,42.42759,"{
  ""coordinates"": [
    -8.310272830900000e+01,
    4.242758593100010e+01
  ],
  ""type"": ""Point""
}","{
  ""coordinates"": [
    -83.102728309,
    42.427585931
  ],
  ""type"": ""Point""
}",-83.102728309,42.4275859310001
5428,9997398,RAMP 115A,PALLISTER,2016-10-08,8,10,2016,23,7,5,3,,1,0,,1,1,4,55,1,3,6,5,0,0,0,0,true,,false,false,false,true,false,,,,,,false,false,false,,,false,false,false,false,false,-83.0844,42.37018,"{
  ""coordinates"": [
    -8.308440576899990e+01,
    4.237017640700000e+01
  ],
  ""type"": ""Point""
}","{
  ""coordinates"": [
    -83.084405769,
    42.370176407
  ],
  ""type"": ""Point""
}",-83.0844057689999,42.370176407
5429,9822226,DRAGOON,VERNOR,2016-10-08,8,10,2016,11,7,97,9,,,3,,1,1,1,30,3,2,1,5,0,0,0,0,true,,false,false,true,false,false,,,,,,false,false,false,,,false,false,false,false,false,-83.10933,42.31583,"{
  ""coordinates"": [
    -8.310933150300001e+01,
    4.231583111100010e+01
  ],
  ""type"": ""Point""
}","{
  ""coordinates"": [
    -83.109331503,
    42.315831111
  ],
  ""type"": ""Point""
}",-83.109331503,42.3158311110001
5430,9843277,I-94,MT ELLIOT,2016-10-08,8,10,2016,9,7,8,1,,1,0,,1,1,1,55,3,2,1,5,0,0,0,0,true,,false,false,true,false,false,,,,,,false,false,true,,,false,false,false,false,false,-83.03263,42.38031,"{
  ""coordinates"": [
    -8.303263220400000e+01,
    4.238031410000010e+01
  ],
  ""type"": ""Point""
}","{
  ""coordinates"": [
    -83.032632204,
    42.3803141
  ],
  ""type"": ""Point""
}",-83.032632204,42.3803141000001
5431,9820079,7 MILE,JAMES COUZENS,2016-10-08,8,10,2016,17,7,4,9,,2,0,,1,1,1,0,2,2,3,5,0,0,0,0,true,,false,false,false,false,false,,,,,,false,false,true,,,false,false,false,false,false,-83.18736,42.43081,"{
  ""coordinates"": [
    -8.318735796500000e+01,
    4.243080994500010e+01
  ],
  ""type"": ""Point""
}","{
  ""coordinates"": [
    -83.187357965,
    42.430809945
  ],
  ""type"": ""Point""
}",-83.187357965,42.4308099450001
5432,9822213,ST ANTOINE,MONROE,2016-10-08,8,10,2016,18,7,8,9,,4,0,,1,1,3,25,2,2,3,5,0,0,0,0,true,,false,false,false,false,false,,,,,,false,false,true,,,false,false,false,false,false,-83.04099,42.33564,"{
  ""coordinates"": [
    -8.304099428300000e+01,
    4.233563511400010e+01
  ],
  ""type"": ""Point""
}","{
  ""coordinates"": [
    -83.040994283,
    42.335635114
  ],
  ""type"": ""Point""
}",-83.040994283,42.3356351140001
5433,9824660,OUTER,FORT,2016-10-08,8,10,2016,0,7,97,3,,2,0,,1,1,4,30,2,2,1,5,0,0,0,0,true,,false,false,true,false,false,,,,,,false,false,false,,,false,false,false,false,false,-83.16679,42.262,"{
  ""coordinates"": [
    -8.316678951800000e+01,
    4.226199757900010e+01
  ],
  ""type"": ""Point""
}","{
  ""coordinates"": [
    -83.166789518,
    42.261997579
  ],
  ""type"": ""Point""
}",-83.166789518,42.2619975790001
5434,9820063,OUTER,MOUNT ELLIOTT,2016-10-08,8,10,2016,9,7,4,9,,2,0,,1,1,1,30,3,2,2,5,0,0,0,0,true,,true,true,false,false,false,,,,,,false,true,false,,,false,false,false,false,false,-83.03915,42.44101,"{
  ""coordinates"": [
    -8.303915256999990e+01,
    4.244101000000010e+01
  ],
  ""type"": ""Point""
}","{
  ""coordinates"": [
    -83.03915257,
    42.44101
  ],
  ""type"": ""Point""
}",-83.0391525699999,42.4410100000001
5435,9867425,M39,OUTER,2016-10-08,8,10,2016,1,7,2,3,,1,2,,1,2,4,55,3,2,2,2,0,1,0,0,false,,false,false,true,false,false,,,,,,false,false,false,,,false,false,false,false,false,-83.21905,42.42045,"{
  ""coordinates"": [
    -8.321904723900001e+01,
    4.242045013400010e+01
  ],
  ""type"": ""Point""
}","{
  ""coordinates"": [
    -83.219047239,
    42.420450134
  ],
  ""type"": ""Point""
}",-83.219047239,42.4204501340001
5436,9820048,FIELDING,GROVE,2016-10-08,8,10,2016,8,7,5,9,,,0,,1,1,1,25,2,2,0,5,0,0,0,0,true,,false,false,true,false,false,,,,,,false,false,false,,,false,false,false,false,false,-83.24323,42.41349,"{
  ""coordinates"": [
    -8.324323580200000e+01,
    4.241348959900010e+01
  ],
  ""type"": ""Point""
}","{
  ""coordinates"": [
    -83.243235802,
    42.413489599
  ],
  ""type"": ""Point""
}",-83.243235802,42.4134895990001
5437,9959069,S M 10,RAMP 215G,2016-10-08,8,10,2016,23,7,5,3,,1,0,,1,1,4,55,3,2,2,5,0,0,0,0,true,,false,false,true,true,false,,,,,,false,false,false,,,false,false,false,false,false,-83.07906,42.36305,"{
  ""coordinates"": [
    -8.307905482800000e+01,
    4.236305358800010e+01
  ],
  ""type"": ""Point""
}","{
  ""coordinates"": [
    -83.079054828,
    42.363053588
  ],
  ""type"": ""Point""
}",-83.079054828,42.3630535880001
5438,9822212,GRAND,CASS,2016-10-08,8,10,2016,12,7,8,9,,4,0,,1,1,1,35,2,2,2,5,0,0,0,0,true,,false,false,false,false,false,,,,,,false,true,false,,,false,false,false,false,false,-83.07497,42.36954,"{
  ""coordinates"": [
    -8.307496326800000e+01,
    4.236953894200010e+01
  ],
  ""type"": ""Point""
}","{
  ""coordinates"": [
    -83.074963268,
    42.369538942
  ],
  ""type"": ""Point""
}",-83.074963268,42.3695389420001
5439,9824745,MCNICHOLS,SIMMS2,2016-10-08,8,10,2016,6,7,8,9,,4,0,,1,1,4,0,1,2,1,5,0,0,0,0,true,,false,false,false,false,false,,,,,,false,false,false,,,false,false,false,false,false,-83.00937,42.41981,"{
  ""coordinates"": [
    -8.300936723000000e+01,
    4.241981148500000e+01
  ],
  ""type"": ""Point""
}","{
  ""coordinates"": [
    -83.00936723,
    42.419811485
  ],
  ""type"": ""Point""
}",-83.00936723,42.419811485
5440,9824714,GRAND,E I 94,2016-10-08,8,10,2016,2,7,8,9,,4,0,,1,1,4,30,3,2,2,4,0,0,0,2,false,,false,false,true,false,false,,,,,,false,false,false,,,false,false,false,false,false,-83.04161,42.37593,"{
  ""coordinates"": [
    -8.304161013299991e+01,
    4.237592774500010e+01
  ],
  ""type"": ""Point""
}","{
  ""coordinates"": [
    -83.041610133,
    42.375927745
  ],
  ""type"": ""Point""
}",-83.0416101329999,42.3759277450001
5441,9822286,NORTHFIELD,WHITFIELD,2016-10-08,8,10,2016,15,7,4,9,,,0,,1,1,1,25,2,2,5,4,0,0,0,1,false,,true,false,false,false,false,,,,,,false,false,false,,,false,false,false,false,false,-83.13412,42.36233,"{
  ""coordinates"": [
    -8.313411349599990e+01,
    4.236232989600010e+01
  ],
  ""type"": ""Point""
}","{
  ""coordinates"": [
    -83.134113496,
    42.362329896
  ],
  ""type"": ""Point""
}",-83.1341134959999,42.3623298960001
5442,9820019,DRAGOON,CADET,2016-10-07,7,10,2016,15,6,8,9,,4,0,,1,1,1,0,3,2,2,5,0,0,0,0,true,,false,false,false,false,false,,,,,,false,false,false,,,false,false,false,false,false,-83.10722,42.31403,"{
  ""coordinates"": [
    -8.310722372899990e+01,
    4.231402484700000e+01
  ],
  ""type"": ""Point""
}","{
  ""coordinates"": [
    -83.107223729,
    42.314024847
  ],
  ""type"": ""Point""
}",-83.1072237289999,42.314024847
5443,9820077,DEQUINDRE,DEARING,2016-10-07,7,10,2016,10,6,3,9,,4,0,,1,1,4,30,4,2,1,5,0,0,0,0,true,,false,false,true,false,false,,,,,,false,false,false,,,false,false,true,false,false,-83.07663,42.40831,"{
  ""coordinates"": [
    -8.307663179500000e+01,
    4.240831129300010e+01
  ],
  ""type"": ""Point""
}","{
  ""coordinates"": [
    -83.076631795,
    42.408311293
  ],
  ""type"": ""Point""
}",-83.076631795,42.4083112930001
5444,9825975,CONNER,GRATIOT,2016-10-07,7,10,2016,17,6,5,3,,4,0,,1,1,1,30,5,2,3,5,0,0,0,0,true,,false,false,false,false,false,,,,,,false,true,false,,,false,false,false,false,false,-82.9975,42.40491,"{
  ""coordinates"": [
    -8.299749493099991e+01,
    4.240490783300000e+01
  ],
  ""type"": ""Point""
}","{
  ""coordinates"": [
    -82.997494931,
    42.404907833
  ],
  ""type"": ""Point""
}",-82.9974949309999,42.404907833
5445,9820045,GRAND RIVER,TELEGRAPH,2016-10-07,7,10,2016,9,6,7,3,,1,0,,1,1,1,40,4,2,2,5,0,0,0,0,true,,false,false,false,false,false,,,,,,false,false,false,,,false,false,false,false,false,-83.27784,42.4244,"{
  ""coordinates"": [
    -8.327784163299999e+01,
    4.242439637400000e+01
  ],
  ""type"": ""Point""
}","{
  ""coordinates"": [
    -83.277841633,
    42.424396374
  ],
  ""type"": ""Point""
}",-83.277841633,42.424396374
5446,9820011,CHRYSLER,RAMP 046A,2016-10-07,7,10,2016,19,6,8,1,,4,0,,1,1,2,25,2,2,2,5,0,0,0,0,true,,false,false,false,false,false,,,,,,false,false,true,,,false,false,false,false,false,-83.06751,42.3865,"{
  ""coordinates"": [
    -8.306751173700000e+01,
    4.238649613500010e+01
  ],
  ""type"": ""Point""
}","{
  ""coordinates"": [
    -83.067511737,
    42.386496135
  ],
  ""type"": ""Point""
}",-83.067511737,42.3864961350001
5447,9822280,LAFAYETTE,THIRD,2016-10-07,7,10,2016,23,6,5,9,,4,0,,1,98,98,30,3,2,2,5,0,0,0,0,true,,false,false,true,false,false,,,,,,false,false,false,,,false,false,false,false,false,-83.05479,42.3287,"{
  ""coordinates"": [
    -8.305478462000001e+01,
    4.232870076800000e+01
  ],
  ""type"": ""Point""
}","{
  ""coordinates"": [
    -83.05478462,
    42.328700768
  ],
  ""type"": ""Point""
}",-83.05478462,42.328700768
5448,9820034,CHICAGO,GREENFIELD,2016-10-07,7,10,2016,17,6,4,9,,4,0,,1,2,1,30,5,2,3,5,0,0,0,0,true,,false,false,false,false,false,,,,,,false,false,true,,,false,false,false,false,false,-83.19756,42.36536,"{
  ""coordinates"": [
    -8.319755192900000e+01,
    4.236535925400010e+01
  ],
  ""type"": ""Point""
}","{
  ""coordinates"": [
    -83.197551929,
    42.365359254
  ],
  ""type"": ""Point""
}",-83.197551929,42.3653592540001
5449,9820033,LINDSAY,GROVE,2016-10-07,7,10,2016,11,6,8,9,,,0,,1,1,1,25,4,2,1,5,0,0,0,0,true,,false,false,false,false,false,,,,,,false,false,false,,,false,false,false,false,false,-83.21324,42.41404,"{
  ""coordinates"": [
    -8.321324009100000e+01,
    4.241404129800000e+01
  ],
  ""type"": ""Point""
}","{
  ""coordinates"": [
    -83.213240091,
    42.414041298
  ],
  ""type"": ""Point""
}",-83.213240091,42.414041298
5450,9820044,LAHSER,OUTER,2016-10-07,7,10,2016,15,6,7,9,,,0,,1,1,1,0,2,2,1,5,0,0,0,0,true,,false,false,true,false,false,,,,,,false,false,false,,,false,false,false,false,false,-83.25623,42.38358,"{
  ""coordinates"": [
    -8.325623035699989e+01,
    4.238357711000000e+01
  ],
  ""type"": ""Point""
}","{
  ""coordinates"": [
    -83.256230357,
    42.38357711
  ],
  ""type"": ""Point""
}",-83.2562303569999,42.38357711
5451,9997371,I-96,EVERGREEN,2016-10-07,7,10,2016,20,6,5,1,,1,0,,1,1,5,55,3,3,4,5,0,0,0,0,true,,false,false,false,false,false,,,,,,false,false,false,,,false,false,false,false,false,-83.23264,42.37823,"{
  ""coordinates"": [
    -8.323264253100000e+01,
    4.237823112700000e+01
  ],
  ""type"": ""Point""
}","{
  ""coordinates"": [
    -83.232642531,
    42.378231127
  ],
  ""type"": ""Point""
}",-83.232642531,42.378231127
5452,9820035,WARREN,ROSEMONT,2016-10-07,7,10,2016,15,6,5,9,,2,0,,1,1,1,35,4,2,2,5,0,0,0,0,true,,false,false,false,false,false,,,,,,false,false,false,,,false,false,false,false,false,-83.21836,42.34335,"{
  ""coordinates"": [
    -8.321836182300000e+01,
    4.234334666900000e+01
  ],
  ""type"": ""Point""
}","{
  ""coordinates"": [
    -83.218361823,
    42.343346669
  ],
  ""type"": ""Point""
}",-83.218361823,42.343346669
5453,9820072,MEYERS,MCNICHOLS,2016-10-07,7,10,2016,10,6,1,9,,4,0,,1,1,1,30,2,2,3,3,0,0,1,0,false,,false,false,false,false,false,,,,,,false,false,false,,,false,false,false,true,false,-83.17012,42.41666,"{
  ""coordinates"": [
    -8.317012099599999e+01,
    4.241665486000010e+01
  ],
  ""type"": ""Point""
}","{
  ""coordinates"": [
    -83.170120996,
    42.41665486
  ],
  ""type"": ""Point""
}",-83.170120996,42.4166548600001
5454,9849431,GRATIOT,CARLISLE,2016-10-07,7,10,2016,17,6,8,3,,1,0,,1,1,1,35,3,2,2,5,0,0,0,0,true,,false,false,false,false,false,,,,,,false,false,false,,,false,false,false,false,false,-82.96886,42.44845,"{
  ""coordinates"": [
    -8.296885808800000e+01,
    4.244845043000000e+01
  ],
  ""type"": ""Point""
}","{
  ""coordinates"": [
    -82.968858088,
    42.44845043
  ],
  ""type"": ""Point""
}",-82.968858088,42.44845043
5455,9820016,MICHIGAN,JUNCTION,2016-10-07,7,10,2016,13,6,3,2,,1,0,,1,1,1,30,6,2,2,5,0,0,0,0,true,,true,true,true,false,false,,,,,,false,false,false,,,false,false,false,false,false,-83.11143,42.33117,"{
  ""coordinates"": [
    -8.311142693499990e+01,
    4.233116877600000e+01
  ],
  ""type"": ""Point""
}","{
  ""coordinates"": [
    -83.111426935,
    42.331168776
  ],
  ""type"": ""Point""
}",-83.1114269349999,42.331168776
5456,9824731,FENKELL,MURRAY HILL,2016-10-07,7,10,2016,9,6,8,9,,2,0,,1,1,1,35,4,2,1,5,0,0,0,0,true,,false,false,true,false,false,,,,,,false,false,false,,,false,false,false,false,false,-83.20691,42.40132,"{
  ""coordinates"": [
    -8.320690881599999e+01,
    4.240131924200010e+01
  ],
  ""type"": ""Point""
}","{
  ""coordinates"": [
    -83.206908816,
    42.401319242
  ],
  ""type"": ""Point""
}",-83.206908816,42.4013192420001
5457,9861765,GLASTONBURY,EATON,2016-10-07,7,10,2016,15,6,8,9,,,3,,1,1,1,25,4,2,8,5,0,0,0,0,true,,false,false,false,false,false,,,,,,false,false,false,,,false,true,false,false,false,-83.22507,42.39643,"{
  ""coordinates"": [
    -8.322507686900001e+01,
    4.239642910700010e+01
  ],
  ""type"": ""Point""
}","{
  ""coordinates"": [
    -83.225076869,
    42.396429107
  ],
  ""type"": ""Point""
}",-83.225076869,42.3964291070001
5458,9820036,AUBURN,CONSTANCE,2016-10-07,7,10,2016,13,6,4,9,,,0,,1,1,1,25,2,2,3,4,0,0,0,1,false,,false,false,true,false,false,,,,,,false,false,false,,,false,false,false,false,false,-83.23338,42.35395,"{
  ""coordinates"": [
    -8.323337653599999e+01,
    4.235395555900000e+01
  ],
  ""type"": ""Point""
}","{
  ""coordinates"": [
    -83.233376536,
    42.353955559
  ],
  ""type"": ""Point""
}",-83.233376536,42.353955559
5459,9843276,M-10,OAKMAN,2016-10-07,7,10,2016,17,6,5,3,,1,0,,1,1,1,55,3,2,2,5,0,0,0,0,true,,false,false,false,false,false,,,,,,false,false,true,,,false,false,false,false,false,-83.11417,42.40075,"{
  ""coordinates"": [
    -8.311417010799990e+01,
    4.240075487500010e+01
  ],
  ""type"": ""Point""
}","{
  ""coordinates"": [
    -83.114170108,
    42.400754875
  ],
  ""type"": ""Point""
}",-83.1141701079999,42.4007548750001
5460,9824683,JEFFERSON,CONNER,2016-10-07,7,10,2016,14,6,4,9,,4,0,,1,1,1,35,7,2,2,5,0,0,0,0,true,,true,true,false,false,false,,,,,,false,false,false,,,false,false,false,false,false,-82.95889,42.37,"{
  ""coordinates"": [
    -8.295889613700000e+01,
    4.236999914200000e+01
  ],
  ""type"": ""Point""
}","{
  ""coordinates"": [
    -82.958896137,
    42.369999142
  ],
  ""type"": ""Point""
}",-82.958896137,42.369999142
5461,9877879,JEFFERSON,WOODWARD,2016-10-07,7,10,2016,19,6,8,3,,1,0,,1,1,4,30,4,2,4,5,0,0,0,0,true,,false,false,true,false,false,,,,,,false,false,false,,,false,false,false,false,false,-83.04421,42.32861,"{
  ""coordinates"": [
    -8.304421418500000e+01,
    4.232860648000010e+01
  ],
  ""type"": ""Point""
}","{
  ""coordinates"": [
    -83.044214185,
    42.32860648
  ],
  ""type"": ""Point""
}",-83.044214185,42.3286064800001
5462,9825964,JEFFERSON,WOODWARD,2016-10-07,7,10,2016,19,6,8,3,,1,0,,1,1,3,35,3,2,2,5,0,0,0,0,true,,false,false,false,false,false,,,,,,false,false,false,,,false,false,false,false,false,-83.04428,42.32858,"{
  ""coordinates"": [
    -8.304428114599990e+01,
    4.232857796000010e+01
  ],
  ""type"": ""Point""
}","{
  ""coordinates"": [
    -83.044281146,
    42.32857796
  ],
  ""type"": ""Point""
}",-83.0442811459999,42.3285779600001
5463,9820046,GRAND RIVER,KENTFORD,2016-10-07,7,10,2016,13,6,4,3,,1,0,,1,1,1,35,4,2,2,4,0,0,0,1,false,,false,false,false,false,false,,,,,,false,false,true,,,false,false,false,false,false,-83.22166,42.40205,"{
  ""coordinates"": [
    -8.322165532699999e+01,
    4.240205432300010e+01
  ],
  ""type"": ""Point""
}","{
  ""coordinates"": [
    -83.221655327,
    42.402054323
  ],
  ""type"": ""Point""
}",-83.221655327,42.4020543230001
5464,9820071,STRATHMOOR,MCNICHOLS,2016-10-07,7,10,2016,15,6,4,9,,,0,,1,1,1,35,4,2,2,5,0,0,0,0,true,,false,false,false,false,false,,,,,,false,true,false,,,false,false,false,false,false,-83.18842,42.41645,"{
  ""coordinates"": [
    -8.318841566600000e+01,
    4.241645035200000e+01
  ],
  ""type"": ""Point""
}","{
  ""coordinates"": [
    -83.188415666,
    42.416450352
  ],
  ""type"": ""Point""
}",-83.188415666,42.416450352
5465,9820039,ROBERT BRADBY,CHENE,2016-10-07,7,10,2016,10,6,1,9,,4,1,,1,1,1,25,2,1,1,5,0,0,0,0,true,,false,false,false,false,false,,,,,,false,false,false,,,false,false,false,false,false,-83.01968,42.34606,"{
  ""coordinates"": [
    -8.301967280600000e+01,
    4.234605841500010e+01
  ],
  ""type"": ""Point""
}","{
  ""coordinates"": [
    -83.019672806,
    42.346058415
  ],
  ""type"": ""Point""
}",-83.019672806,42.3460584150001
5466,9824700,RAMP 136C,W I 96 CD,2016-10-07,7,10,2016,10,6,4,1,,1,0,,1,1,1,35,2,2,2,5,0,0,0,0,true,,false,false,true,false,false,,,,,,false,false,false,,,false,false,false,false,false,-83.194,42.37945,"{
  ""coordinates"": [
    -8.319399689900000e+01,
    4.237945334500010e+01
  ],
  ""type"": ""Point""
}","{
  ""coordinates"": [
    -83.193996899,
    42.379453345
  ],
  ""type"": ""Point""
}",-83.193996899,42.3794533450001
5467,9843275,I94,TRUMBULL,2016-10-07,7,10,2016,15,6,5,1,,1,0,,1,1,1,55,3,2,2,4,0,0,0,1,false,,false,false,false,false,false,,,,,,false,false,false,,,false,false,false,false,false,-83.08985,42.35301,"{
  ""coordinates"": [
    -8.308985194099991e+01,
    4.235301374700000e+01
  ],
  ""type"": ""Point""
}","{
  ""coordinates"": [
    -83.089851941,
    42.353013747
  ],
  ""type"": ""Point""
}",-83.0898519409999,42.353013747
5468,9873268,GRATIOT,TOWNSEND,2016-10-07,7,10,2016,22,6,1,3,,1,0,,1,1,4,35,9,2,2,2,0,1,0,0,false,,false,false,false,true,false,,,,,,false,false,false,,,false,false,false,true,false,-83.01659,42.37595,"{
  ""coordinates"": [
    -8.301659064499999e+01,
    4.237595397200000e+01
  ],
  ""type"": ""Point""
}","{
  ""coordinates"": [
    -83.016590645,
    42.375953972
  ],
  ""type"": ""Point""
}",-83.016590645,42.375953972