ObjectId,Crash ID,Primary Road,Intersecting Road,Crash Date,Day,Month,Year,Hour,Weekday,Crash Type Code,Highway Classification Code,Community Code,Jurisdiction Code,Lane Departure Type Code,Surface Type,Road Condition,Weather Condition,Lighting Condition,Speed Limit,Lanes,Units,Occupants,Most Severe Injury,Fatal Injuries,Suspected Serious Injuries,Suspected Minor Injuries,Possible Injuries,Property Damage Only,Secondary Crash,Traffic Control,Red Light Run,Hit and Run,Alcohol,Drugs,Unbelted Person,Work Zone,Speeding Driver,Distracted Driver,Driveway,Pedestrian,Elderly Driver,Young Driver,Commercial Vehicle,Emergency Vehicles,Train,School Bus,Motorcycle,Bicycle,Deer,Longitude,Latitude,geom,geog,x,y
5469,9820082,MT ELLIOTT,CHARLEVOIX,2016-10-07,7,10,2016,0,6,4,9,,4,0,,1,1,4,30,4,2,3,3,0,0,1,1,false,,false,false,false,false,false,,,,,,false,false,false,,,false,false,false,false,false,-83.01882,42.35708,"{
  ""coordinates"": [
    -8.301882318900000e+01,
    4.235708386900010e+01
  ],
  ""type"": ""Point""
}","{
  ""coordinates"": [
    -83.018823189,
    42.357083869
  ],
  ""type"": ""Point""
}",-83.018823189,42.3570838690001
5470,9997372,M-39,7 MILE,2016-10-07,7,10,2016,21,6,8,3,,1,0,,1,1,4,55,3,2,2,4,0,0,0,1,false,,false,false,false,false,false,,,,,,false,false,false,,,false,false,false,false,false,-83.21944,42.43111,"{
  ""coordinates"": [
    -8.321944352000000e+01,
    4.243111515700010e+01
  ],
  ""type"": ""Point""
}","{
  ""coordinates"": [
    -83.21944352,
    42.431115157
  ],
  ""type"": ""Point""
}",-83.21944352,42.4311151570001
5471,9882866,GRAND RIVER,SOUTHFIELD SERVICE,2016-10-07,7,10,2016,23,6,4,3,,1,0,,1,1,4,35,4,2,5,4,0,0,0,4,false,,false,false,false,false,false,,,,,,false,false,true,,,false,false,false,false,false,-83.21793,42.40056,"{
  ""coordinates"": [
    -8.321792996100000e+01,
    4.240055714800010e+01
  ],
  ""type"": ""Point""
}","{
  ""coordinates"": [
    -83.217929961,
    42.400557148
  ],
  ""type"": ""Point""
}",-83.217929961,42.4005571480001
5472,9820008,MADISON,GRAND,2016-10-07,7,10,2016,6,6,4,9,,4,0,,1,1,1,35,4,2,2,5,0,0,0,0,true,,false,false,false,false,false,,,,,,false,false,false,,,false,false,false,false,false,-83.04649,42.33692,"{
  ""coordinates"": [
    -8.304648625000000e+01,
    4.233691658500000e+01
  ],
  ""type"": ""Point""
}","{
  ""coordinates"": [
    -83.04648625,
    42.336916585
  ],
  ""type"": ""Point""
}",-83.04648625,42.336916585
5473,9861859,3RD,PRENTIS,2016-10-07,7,10,2016,16,6,8,9,,4,0,,1,1,1,25,4,2,2,5,0,0,0,0,true,,false,false,false,false,false,,,,,,false,false,true,,,false,false,false,false,false,-83.06934,42.35146,"{
  ""coordinates"": [
    -8.306933747399999e+01,
    4.235145811600010e+01
  ],
  ""type"": ""Point""
}","{
  ""coordinates"": [
    -83.069337474,
    42.351458116
  ],
  ""type"": ""Point""
}",-83.069337474,42.3514581160001
5474,9843252,M-10,FOREST,2016-10-07,7,10,2016,16,6,5,3,,1,0,,1,1,1,55,3,3,5,5,0,0,0,0,true,,false,false,false,false,false,,,,,,false,false,false,,,false,false,false,false,false,-83.07109,42.34956,"{
  ""coordinates"": [
    -8.307108834199990e+01,
    4.234956507900010e+01
  ],
  ""type"": ""Point""
}","{
  ""coordinates"": [
    -83.071088342,
    42.349565079
  ],
  ""type"": ""Point""
}",-83.0710883419999,42.3495650790001
5475,9843262,I 94,WHITTIER,2016-10-07,7,10,2016,18,6,1,1,,1,1,,1,1,1,55,3,1,1,4,0,0,0,1,false,,false,false,false,false,false,,,,,,false,false,true,,,false,false,false,false,false,-82.94347,42.41266,"{
  ""coordinates"": [
    -8.294346569299999e+01,
    4.241266199700000e+01
  ],
  ""type"": ""Point""
}","{
  ""coordinates"": [
    -82.943465693,
    42.412661997
  ],
  ""type"": ""Point""
}",-82.943465693,42.412661997
5476,9819964,RAMP 008K,M-39,2016-10-07,7,10,2016,8,6,5,1,,1,0,,1,1,2,55,1,2,2,5,0,0,0,0,true,,false,false,false,false,false,,,,,,false,false,false,,,false,false,false,false,false,-83.21715,42.37684,"{
  ""coordinates"": [
    -8.321714573400000e+01,
    4.237684009400000e+01
  ],
  ""type"": ""Point""
}","{
  ""coordinates"": [
    -83.217145734,
    42.376840094
  ],
  ""type"": ""Point""
}",-83.217145734,42.376840094
5477,9825963,RYAN,MCNICHOLAS,2016-10-07,7,10,2016,20,6,8,9,,4,0,,1,1,3,35,2,2,4,4,0,0,0,2,false,,false,false,true,false,false,,,,,,false,true,false,,,false,false,false,false,false,-83.06241,42.41857,"{
  ""coordinates"": [
    -8.306240736900000e+01,
    4.241856866200000e+01
  ],
  ""type"": ""Point""
}","{
  ""coordinates"": [
    -83.062407369,
    42.418568662
  ],
  ""type"": ""Point""
}",-83.062407369,42.418568662
5478,9837044,CORBETT,ANNSBURY,2016-10-07,7,10,2016,23,6,4,9,,,0,,1,1,4,25,2,2,3,2,0,2,0,0,false,,false,false,true,false,false,,,,,,false,false,true,,,false,false,false,false,false,-82.98156,42.40453,"{
  ""coordinates"": [
    -8.298155749100000e+01,
    4.240453523000010e+01
  ],
  ""type"": ""Point""
}","{
  ""coordinates"": [
    -82.981557491,
    42.40453523
  ],
  ""type"": ""Point""
}",-82.981557491,42.4045352300001
5479,9820043,GRAND,MCDOUGALL,2016-10-07,7,10,2016,12,6,1,9,,4,0,,1,1,1,30,3,1,1,5,0,0,0,0,true,,false,false,false,false,false,,,,,,false,false,false,,,false,false,true,false,false,-83.04022,42.37387,"{
  ""coordinates"": [
    -8.304022578300000e+01,
    4.237386525700000e+01
  ],
  ""type"": ""Point""
}","{
  ""coordinates"": [
    -83.040225783,
    42.373865257
  ],
  ""type"": ""Point""
}",-83.040225783,42.373865257
5480,9820067,8 MILE,SHERWOOD,2016-10-07,7,10,2016,11,6,5,3,,1,0,,1,1,1,40,4,2,2,5,0,0,0,0,true,,false,false,false,false,false,,,,,,false,false,false,,,false,false,false,false,false,-83.03634,42.44793,"{
  ""coordinates"": [
    -8.303633729200000e+01,
    4.244792862100010e+01
  ],
  ""type"": ""Point""
}","{
  ""coordinates"": [
    -83.036337292,
    42.447928621
  ],
  ""type"": ""Point""
}",-83.036337292,42.4479286210001
5481,9871682,I-75,HOLBROOK,2016-10-07,7,10,2016,23,6,8,1,,1,0,,1,1,4,70,4,2,2,5,0,0,0,0,true,,false,false,true,false,false,,,,,,false,false,true,,,false,false,false,false,false,-83.06853,42.38717,"{
  ""coordinates"": [
    -8.306852459000000e+01,
    4.238717081100000e+01
  ],
  ""type"": ""Point""
}","{
  ""coordinates"": [
    -83.06852459,
    42.387170811
  ],
  ""type"": ""Point""
}",-83.06852459,42.387170811
5482,9997390,I-75,DAVISON,2016-10-07,7,10,2016,21,6,8,1,,1,0,,1,2,4,70,4,2,4,4,0,0,0,2,false,,false,false,false,false,false,,,,,,false,false,false,,,false,false,false,false,false,-83.07861,42.40807,"{
  ""coordinates"": [
    -8.307861130299990e+01,
    4.240807108600010e+01
  ],
  ""type"": ""Point""
}","{
  ""coordinates"": [
    -83.078611303,
    42.408071086
  ],
  ""type"": ""Point""
}",-83.0786113029999,42.4080710860001
5483,9820069,FENKELL,LINWOOD,2016-10-07,7,10,2016,13,6,7,9,,4,0,,1,1,1,30,4,2,2,5,0,0,0,0,true,,false,false,true,false,false,,,,,,false,false,true,,,false,false,false,false,false,-83.12724,42.40295,"{
  ""coordinates"": [
    -8.312723896100000e+01,
    4.240294975900010e+01
  ],
  ""type"": ""Point""
}","{
  ""coordinates"": [
    -83.127238961,
    42.402949759
  ],
  ""type"": ""Point""
}",-83.127238961,42.4029497590001
5484,9819999,MCNICHOLS,STANSBURY,2016-10-07,7,10,2016,14,6,8,9,,2,0,,1,1,1,35,4,2,1,5,0,0,0,0,true,,false,false,true,false,false,,,,,,false,true,false,,,false,false,false,false,false,-83.18358,42.41654,"{
  ""coordinates"": [
    -8.318358215300000e+01,
    4.241654369100010e+01
  ],
  ""type"": ""Point""
}","{
  ""coordinates"": [
    -83.183582153,
    42.416543691
  ],
  ""type"": ""Point""
}",-83.183582153,42.4165436910001
5485,9820065,7 MILE,OUTER,2016-10-07,7,10,2016,0,6,4,9,,4,0,,1,1,1,30,2,2,5,5,0,0,0,0,true,,false,false,false,false,false,,,,,,false,false,false,,,false,false,false,false,false,-83.01569,42.43413,"{
  ""coordinates"": [
    -8.301569356700000e+01,
    4.243412791900000e+01
  ],
  ""type"": ""Point""
}","{
  ""coordinates"": [
    -83.015693567,
    42.434127919
  ],
  ""type"": ""Point""
}",-83.015693567,42.434127919
5486,9820062,MT ELLIOTT,MENICHOLS,2016-10-07,7,10,2016,18,6,4,9,,4,0,,1,1,1,35,2,2,2,4,0,0,0,1,false,,false,false,false,true,true,,,,,,false,true,true,,,false,false,false,false,false,-83.03833,42.41917,"{
  ""coordinates"": [
    -8.303833018300000e+01,
    4.241916738300010e+01
  ],
  ""type"": ""Point""
}","{
  ""coordinates"": [
    -83.038330183,
    42.419167383
  ],
  ""type"": ""Point""
}",-83.038330183,42.4191673830001
5487,9843251,I-75,BRUSH,2016-10-07,7,10,2016,16,6,5,7,,1,0,,1,1,1,55,2,2,2,5,0,0,0,0,true,,false,false,false,false,false,,,,,,false,true,false,,,false,false,false,false,false,-83.0424,42.34385,"{
  ""coordinates"": [
    -8.304240566300000e+01,
    4.234384806100010e+01
  ],
  ""type"": ""Point""
}","{
  ""coordinates"": [
    -83.042405663,
    42.343848061
  ],
  ""type"": ""Point""
}",-83.042405663,42.3438480610001
5488,9820051,MOROSS,KELLY,2016-10-07,7,10,2016,9,6,5,9,,2,0,,1,1,1,30,4,2,2,4,0,0,0,1,false,,false,false,false,false,false,,,,,,false,false,true,,,false,false,false,false,false,-82.95292,42.43464,"{
  ""coordinates"": [
    -8.295291553000000e+01,
    4.243464213400010e+01
  ],
  ""type"": ""Point""
}","{
  ""coordinates"": [
    -82.95291553,
    42.434642134
  ],
  ""type"": ""Point""
}",-82.95291553,42.4346421340001
5489,9820049,OUTER,PARKGROVE,2016-10-07,7,10,2016,13,6,5,9,,2,0,,1,1,1,30,2,2,4,4,0,0,0,1,false,,false,false,true,false,false,,,,,,false,false,false,,,false,false,false,false,false,-83.01411,42.42919,"{
  ""coordinates"": [
    -8.301410955499991e+01,
    4.242918936600010e+01
  ],
  ""type"": ""Point""
}","{
  ""coordinates"": [
    -83.014109555,
    42.429189366
  ],
  ""type"": ""Point""
}",-83.0141095549999,42.4291893660001
5490,9824778,LIVERNOIS,MORTON,2016-10-07,7,10,2016,23,6,4,9,,4,0,,98,98,98,30,3,2,1,5,0,0,0,0,true,,false,false,true,false,false,,,,,,false,false,true,,,false,false,false,false,false,-83.12158,42.33282,"{
  ""coordinates"": [
    -8.312157827500000e+01,
    4.233282416000000e+01
  ],
  ""type"": ""Point""
}","{
  ""coordinates"": [
    -83.121578275,
    42.33282416
  ],
  ""type"": ""Point""
}",-83.121578275,42.33282416
5491,9820021,MICHIGAN,CLARK,2016-10-07,7,10,2016,23,6,98,2,,1,0,,1,1,4,35,6,2,4,3,0,0,3,0,false,,false,false,false,false,false,,,,,,false,false,false,,,false,false,false,false,false,-83.1023,42.33129,"{
  ""coordinates"": [
    -8.310230006099989e+01,
    4.233128992000010e+01
  ],
  ""type"": ""Point""
}","{
  ""coordinates"": [
    -83.102300061,
    42.33128992
  ],
  ""type"": ""Point""
}",-83.1023000609999,42.3312899200001
5492,9820014,RUSSELL,GRAND,2016-10-07,7,10,2016,15,6,5,9,,4,0,,1,1,1,30,2,2,2,4,0,0,0,3,false,,false,false,false,false,false,,,,,,false,true,false,,,false,false,false,false,false,-83.05941,42.37485,"{
  ""coordinates"": [
    -8.305940917500000e+01,
    4.237484812200010e+01
  ],
  ""type"": ""Point""
}","{
  ""coordinates"": [
    -83.059409175,
    42.374848122
  ],
  ""type"": ""Point""
}",-83.059409175,42.3748481220001
5493,9824688,JOY,S M 39 SERVICE DRIVE,2016-10-07,7,10,2016,16,6,4,9,,2,0,,1,1,1,35,2,2,3,4,0,0,0,1,false,,false,false,false,false,false,,,,,,false,false,false,,,false,false,false,false,false,-83.21717,42.35783,"{
  ""coordinates"": [
    -8.321717340899990e+01,
    4.235783202800010e+01
  ],
  ""type"": ""Point""
}","{
  ""coordinates"": [
    -83.217173409,
    42.357832028
  ],
  ""type"": ""Point""
}",-83.2171734089999,42.3578320280001
5494,9822278,LAWTON,GRAND,2016-10-07,7,10,2016,19,6,97,9,,,0,,1,98,98,25,2,2,2,5,0,0,0,0,true,,false,false,true,false,false,,,,,,false,false,false,,,false,false,false,false,false,-83.10239,42.35951,"{
  ""coordinates"": [
    -8.310238293899990e+01,
    4.235951107400010e+01
  ],
  ""type"": ""Point""
}","{
  ""coordinates"": [
    -83.102382939,
    42.359511074
  ],
  ""type"": ""Point""
}",-83.1023829389999,42.3595110740001
5495,9824459,N/M-39,WARREN,2016-10-07,7,10,2016,15,6,5,3,,1,0,,1,1,1,55,3,2,2,5,0,0,0,0,true,,false,false,false,false,false,,,,,,false,false,false,,,false,false,false,false,false,-83.21603,42.34192,"{
  ""coordinates"": [
    -8.321602805500000e+01,
    4.234192187500000e+01
  ],
  ""type"": ""Point""
}","{
  ""coordinates"": [
    -83.216028055,
    42.341921875
  ],
  ""type"": ""Point""
}",-83.216028055,42.341921875
5496,9820038,GREENFIELD,RADCLIFFE,2016-10-07,7,10,2016,16,6,4,9,,2,0,,1,1,1,35,6,2,2,5,0,0,0,0,true,,false,false,false,false,false,,,,,,false,true,true,,,false,false,false,false,false,-83.1962,42.3382,"{
  ""coordinates"": [
    -8.319619917499990e+01,
    4.233819835100010e+01
  ],
  ""type"": ""Point""
}","{
  ""coordinates"": [
    -83.196199175,
    42.338198351
  ],
  ""type"": ""Point""
}",-83.1961991749999,42.3381983510001
5497,9997623,2ND,CANFIELD,2016-10-07,7,10,2016,19,6,4,9,,4,0,,1,1,3,25,2,2,2,5,0,0,0,0,true,,false,false,false,false,false,,,,,,false,false,false,,,false,false,false,false,false,-83.06649,42.35106,"{
  ""coordinates"": [
    -8.306648965700001e+01,
    4.235106008000000e+01
  ],
  ""type"": ""Point""
}","{
  ""coordinates"": [
    -83.066489657,
    42.35106008
  ],
  ""type"": ""Point""
}",-83.066489657,42.35106008
5498,9820055,DAVISON,WILDEMERE,2016-10-07,7,10,2016,17,6,4,3,,1,0,,1,1,3,35,7,2,2,5,0,0,0,0,true,,false,false,false,false,false,,,,,,false,false,false,,,false,false,false,false,false,-83.12743,42.39101,"{
  ""coordinates"": [
    -8.312743370000000e+01,
    4.239101015300000e+01
  ],
  ""type"": ""Point""
}","{
  ""coordinates"": [
    -83.1274337,
    42.391010153
  ],
  ""type"": ""Point""
}",-83.1274337,42.391010153
5499,9822319,CHANDLER PARK,CONNER,2016-10-07,7,10,2016,11,6,4,9,,4,0,,1,1,1,35,2,2,4,4,0,0,0,4,false,,true,true,false,false,false,,,,,,false,false,true,,,false,false,false,false,false,-82.98306,42.39311,"{
  ""coordinates"": [
    -8.298306118700000e+01,
    4.239310734500000e+01
  ],
  ""type"": ""Point""
}","{
  ""coordinates"": [
    -82.983061187,
    42.393107345
  ],
  ""type"": ""Point""
}",-82.983061187,42.393107345
5500,9838355,M-39,JOY,2016-10-07,7,10,2016,8,6,5,3,,1,0,,1,1,1,55,3,3,4,5,0,0,0,0,true,,false,false,false,false,false,,,,,,false,false,true,,,false,false,false,false,false,-83.21655,42.35702,"{
  ""coordinates"": [
    -8.321654199800000e+01,
    4.235701684100010e+01
  ],
  ""type"": ""Point""
}","{
  ""coordinates"": [
    -83.216541998,
    42.357016841
  ],
  ""type"": ""Point""
}",-83.216541998,42.3570168410001
5501,9861865,WOODWARD,HANCOCK,2016-10-07,7,10,2016,16,6,5,3,,1,0,,1,1,1,25,1,2,2,5,0,0,0,0,true,,false,false,false,false,false,,,,,,false,false,true,,,false,false,false,false,false,-83.06369,42.35578,"{
  ""coordinates"": [
    -8.306368637299990e+01,
    4.235578185400000e+01
  ],
  ""type"": ""Point""
}","{
  ""coordinates"": [
    -83.063686373,
    42.355781854
  ],
  ""type"": ""Point""
}",-83.0636863729999,42.355781854
5502,9820070,8 MILE,HUBBELL,2016-10-07,7,10,2016,15,6,5,3,,1,0,,1,1,1,40,4,2,2,5,0,0,0,0,true,,false,false,false,false,false,,,,,,false,false,false,,,false,false,false,false,false,-83.19072,42.445,"{
  ""coordinates"": [
    -8.319071819500000e+01,
    4.244499751600010e+01
  ],
  ""type"": ""Point""
}","{
  ""coordinates"": [
    -83.190718195,
    42.444997516
  ],
  ""type"": ""Point""
}",-83.190718195,42.4449975160001
5503,9820005,FIRST,FORT,2016-10-07,7,10,2016,12,6,4,3,,4,0,,1,1,1,30,7,2,2,4,0,0,0,1,false,,false,false,false,false,false,,,,,,false,false,false,,,false,false,false,false,false,-83.05202,42.32872,"{
  ""coordinates"": [
    -8.305201989699999e+01,
    4.232871573400010e+01
  ],
  ""type"": ""Point""
}","{
  ""coordinates"": [
    -83.052019897,
    42.328715734
  ],
  ""type"": ""Point""
}",-83.052019897,42.3287157340001
5504,9820003,HOWARD,3RD,2016-10-07,7,10,2016,9,6,8,9,,4,0,,1,1,1,30,3,2,2,5,0,0,0,0,true,,false,false,false,false,false,,,,,,false,false,false,,,false,false,false,false,false,-83.05591,42.32933,"{
  ""coordinates"": [
    -8.305590665499990e+01,
    4.232932615900010e+01
  ],
  ""type"": ""Point""
}","{
  ""coordinates"": [
    -83.055906655,
    42.329326159
  ],
  ""type"": ""Point""
}",-83.0559066549999,42.3293261590001
5505,9824695,JEFFERSON,WOODWARD,2016-10-07,7,10,2016,22,6,97,3,,5,0,,1,1,4,30,2,2,1,5,0,0,0,0,true,,false,false,true,false,false,,,,,,false,true,false,,,false,false,false,false,false,-83.04505,42.32863,"{
  ""coordinates"": [
    -8.304505309400000e+01,
    4.232863193400000e+01
  ],
  ""type"": ""Point""
}","{
  ""coordinates"": [
    -83.045053094,
    42.328631934
  ],
  ""type"": ""Point""
}",-83.045053094,42.328631934
5506,9835784,DAVISON CROSSOVER,LASALLE,2016-10-07,7,10,2016,3,6,5,3,,1,0,,1,1,4,35,4,2,2,5,0,0,0,0,true,,false,false,false,false,false,,,,,,false,false,false,,,false,false,false,false,false,-83.11913,42.39409,"{
  ""coordinates"": [
    -8.311912483099999e+01,
    4.239409235500010e+01
  ],
  ""type"": ""Point""
}","{
  ""coordinates"": [
    -83.119124831,
    42.394092355
  ],
  ""type"": ""Point""
}",-83.119124831,42.3940923550001
5507,9820028,MOROSS,HARPER,2016-10-07,7,10,2016,8,6,5,9,,2,0,,1,1,1,35,3,2,1,5,0,0,0,0,true,,false,false,true,false,false,,,,,,false,false,false,,,false,false,false,false,false,-82.92934,42.42464,"{
  ""coordinates"": [
    -8.292933434199990e+01,
    4.242464440100010e+01
  ],
  ""type"": ""Point""
}","{
  ""coordinates"": [
    -82.929334342,
    42.424644401
  ],
  ""type"": ""Point""
}",-82.9293343419999,42.4246444010001
5508,9822260,DAVISON,LINWOOD35,2016-10-07,7,10,2016,17,6,8,3,,1,0,,1,1,1,35,3,2,1,5,0,0,0,0,true,,false,false,true,false,false,,,,,,false,false,false,,,false,false,false,false,false,-83.12178,42.39311,"{
  ""coordinates"": [
    -8.312177772699989e+01,
    4.239310790800000e+01
  ],
  ""type"": ""Point""
}","{
  ""coordinates"": [
    -83.121777727,
    42.393107908
  ],
  ""type"": ""Point""
}",-83.1217777269999,42.393107908
5509,9820027,I-94,CONNER,2016-10-07,7,10,2016,22,6,5,1,,1,0,,1,1,4,55,3,2,2,5,0,0,0,0,true,,false,false,false,false,false,,,,,,false,false,false,,,false,false,false,false,false,-82.98757,42.39658,"{
  ""coordinates"": [
    -8.298757218199999e+01,
    4.239657466700000e+01
  ],
  ""type"": ""Point""
}","{
  ""coordinates"": [
    -82.987572182,
    42.396574667
  ],
  ""type"": ""Point""
}",-82.987572182,42.396574667
5510,9835779,GRAND RIVER,CHICAGO,2016-10-07,7,10,2016,12,6,8,3,,1,0,,1,1,1,30,2,2,2,5,0,0,0,0,true,,false,false,true,false,false,,,,,,false,false,false,,,false,false,false,false,false,-83.13279,42.36624,"{
  ""coordinates"": [
    -8.313278868400000e+01,
    4.236624013600000e+01
  ],
  ""type"": ""Point""
}","{
  ""coordinates"": [
    -83.132788684,
    42.366240136
  ],
  ""type"": ""Point""
}",-83.132788684,42.366240136
5511,9822279,LIVERNOIS,KEELER,2016-10-07,7,10,2016,23,6,5,9,,4,0,,1,98,98,35,3,2,1,5,0,0,0,0,true,,false,false,true,false,false,,,,,,false,false,false,,,false,false,false,false,false,-83.1404,42.40453,"{
  ""coordinates"": [
    -8.314040212299990e+01,
    4.240453003000000e+01
  ],
  ""type"": ""Point""
}","{
  ""coordinates"": [
    -83.140402123,
    42.40453003
  ],
  ""type"": ""Point""
}",-83.1404021229999,42.40453003
5512,9820007,WOODWARD,MONROE,2016-10-07,7,10,2016,12,6,1,9,,4,0,,1,1,1,25,3,1,1,5,0,0,0,0,true,,false,false,false,false,false,,,,,,false,false,false,,,false,false,false,false,false,-83.04624,42.33203,"{
  ""coordinates"": [
    -8.304623841100000e+01,
    4.233202595500010e+01
  ],
  ""type"": ""Point""
}","{
  ""coordinates"": [
    -83.046238411,
    42.332025955
  ],
  ""type"": ""Point""
}",-83.046238411,42.3320259550001
5513,9819998,GRAND RIVER,SCHAEFER,2016-10-07,7,10,2016,9,6,3,3,,1,0,,1,1,1,35,6,2,3,5,0,0,0,0,true,,false,false,true,false,false,,,,,,false,false,false,,,false,false,false,false,false,-83.17809,42.38448,"{
  ""coordinates"": [
    -8.317808271400000e+01,
    4.238447621100000e+01
  ],
  ""type"": ""Point""
}","{
  ""coordinates"": [
    -83.178082714,
    42.384476211
  ],
  ""type"": ""Point""
}",-83.178082714,42.384476211
5514,9828179,SANTA MARIA,WYOMING,2016-10-07,7,10,2016,11,6,4,9,,,0,,1,1,4,30,2,2,2,3,0,0,2,0,false,,false,false,false,false,false,,,,,,false,false,false,,,false,false,false,false,false,-83.16024,42.41874,"{
  ""coordinates"": [
    -8.316023871300000e+01,
    4.241874371700000e+01
  ],
  ""type"": ""Point""
}","{
  ""coordinates"": [
    -83.160238713,
    42.418743717
  ],
  ""type"": ""Point""
}",-83.160238713,42.418743717
5515,9820047,FENKELL,OUTER,2016-10-07,7,10,2016,17,6,4,9,,2,0,,1,1,1,35,4,2,2,5,0,0,0,0,true,,false,false,false,false,false,,,,,,false,false,true,,,false,false,false,false,false,-83.2326,42.40077,"{
  ""coordinates"": [
    -8.323260246200000e+01,
    4.240076954900010e+01
  ],
  ""type"": ""Point""
}","{
  ""coordinates"": [
    -83.232602462,
    42.400769549
  ],
  ""type"": ""Point""
}",-83.232602462,42.4007695490001
5516,9824693,GRAND RIVER,6 MILE,2016-10-07,7,10,2016,12,6,97,3,,1,0,,1,1,1,30,1,2,1,5,0,0,0,0,true,,false,false,true,false,false,,,,,,false,true,false,,,false,false,false,false,false,-83.25278,42.41456,"{
  ""coordinates"": [
    -8.325277936000001e+01,
    4.241455943800000e+01
  ],
  ""type"": ""Point""
}","{
  ""coordinates"": [
    -83.25277936,
    42.414559438
  ],
  ""type"": ""Point""
}",-83.25277936,42.414559438
5517,9861860,LINCOLN,CALUMET,2016-10-07,7,10,2016,10,6,4,9,,,0,,1,1,1,25,2,2,2,5,0,0,0,0,true,,false,false,false,false,false,,,,,,false,true,false,,,false,false,false,false,false,-83.07483,42.3477,"{
  ""coordinates"": [
    -8.307482942800000e+01,
    4.234770360700000e+01
  ],
  ""type"": ""Point""
}","{
  ""coordinates"": [
    -83.074829428,
    42.347703607
  ],
  ""type"": ""Point""
}",-83.074829428,42.347703607
5518,9820073,WHITMORE,ALWYNE,2016-10-06,6,10,2016,11,5,9,9,,,2,,1,1,4,25,1,4,0,5,0,0,0,0,true,,false,false,true,false,false,,,,,,false,false,false,,,false,false,false,false,false,-83.11548,42.42014,"{
  ""coordinates"": [
    -8.311548158399999e+01,
    4.242013774000000e+01
  ],
  ""type"": ""Point""
}","{
  ""coordinates"": [
    -83.115481584,
    42.42013774
  ],
  ""type"": ""Point""
}",-83.115481584,42.42013774
5519,9824462,N/B I 75,7 MILE,2016-10-06,6,10,2016,19,5,5,1,,1,0,,1,1,4,70,4,2,1,5,0,0,0,0,true,,false,false,true,false,false,,,,,,false,true,false,,,false,false,false,false,false,-83.09422,42.42887,"{
  ""coordinates"": [
    -8.309421695600000e+01,
    4.242887058000010e+01
  ],
  ""type"": ""Point""
}","{
  ""coordinates"": [
    -83.094216956,
    42.42887058
  ],
  ""type"": ""Point""
}",-83.094216956,42.4288705800001
5520,9824614,W I 96,RAMP 008I,2016-10-06,6,10,2016,18,5,8,1,,1,0,,1,1,1,70,3,2,2,5,0,0,0,0,true,,false,false,false,false,false,,,,,,false,true,false,,,false,false,false,false,false,-83.22245,42.37839,"{
  ""coordinates"": [
    -8.322245304899999e+01,
    4.237838625300000e+01
  ],
  ""type"": ""Point""
}","{
  ""coordinates"": [
    -83.222453049,
    42.378386253
  ],
  ""type"": ""Point""
}",-83.222453049,42.378386253
5521,9822275,LIVERNOIS,DAVISON,2016-10-06,6,10,2016,17,5,5,3,,4,0,,1,1,1,35,4,2,4,5,0,0,0,0,true,,false,false,false,false,false,,,,,,false,false,false,,,false,false,false,false,false,-83.13954,42.38684,"{
  ""coordinates"": [
    -8.313953785599990e+01,
    4.238684624900000e+01
  ],
  ""type"": ""Point""
}","{
  ""coordinates"": [
    -83.139537856,
    42.386846249
  ],
  ""type"": ""Point""
}",-83.1395378559999,42.386846249
5522,9866338,DARWIN,VAN DYKE,2016-10-06,6,10,2016,23,5,1,9,,,0,,7,6,5,25,1,1,2,5,0,0,0,0,true,,false,false,false,false,false,,,,,,false,false,false,,,false,false,false,false,false,-83.02173,42.4156,"{
  ""coordinates"": [
    -8.302172941500000e+01,
    4.241560485000010e+01
  ],
  ""type"": ""Point""
}","{
  ""coordinates"": [
    -83.021729415,
    42.41560485
  ],
  ""type"": ""Point""
}",-83.021729415,42.4156048500001
5523,9824680,CHALMERS,FRANKFORT,2016-10-06,6,10,2016,13,5,8,9,,4,0,,1,1,1,30,4,2,1,5,0,0,0,0,true,,false,false,true,false,false,,,,,,false,false,false,,,false,false,false,false,false,-82.95992,42.39722,"{
  ""coordinates"": [
    -8.295991846399990e+01,
    4.239721871500010e+01
  ],
  ""type"": ""Point""
}","{
  ""coordinates"": [
    -82.959918464,
    42.397218715
  ],
  ""type"": ""Point""
}",-82.9599184639999,42.3972187150001
5524,9820004,BAGLEY,ROSA PARKS,2016-10-06,6,10,2016,8,5,5,9,,4,0,,1,1,1,0,1,2,2,5,0,0,0,0,true,,false,false,false,false,false,,,,,,false,false,false,,,false,false,false,false,false,-83.07024,42.32781,"{
  ""coordinates"": [
    -8.307023424099999e+01,
    4.232781325600010e+01
  ],
  ""type"": ""Point""
}","{
  ""coordinates"": [
    -83.070234241,
    42.327813256
  ],
  ""type"": ""Point""
}",-83.070234241,42.3278132560001
5525,9824692,7 MILE,TELEGRAPH,2016-10-06,6,10,2016,17,5,97,2,,2,0,,1,1,1,35,2,2,2,5,0,0,0,0,true,,false,false,false,false,false,,,,,,false,true,false,,,false,false,false,false,false,-83.27827,42.42891,"{
  ""coordinates"": [
    -8.327827599100000e+01,
    4.242891444900000e+01
  ],
  ""type"": ""Point""
}","{
  ""coordinates"": [
    -83.278275991,
    42.428914449
  ],
  ""type"": ""Point""
}",-83.278275991,42.428914449