ObjectId,Crash ID,Primary Road,Intersecting Road,Crash Date,Day,Month,Year,Hour,Weekday,Crash Type Code,Highway Classification Code,Community Code,Jurisdiction Code,Lane Departure Type Code,Surface Type,Road Condition,Weather Condition,Lighting Condition,Speed Limit,Lanes,Units,Occupants,Most Severe Injury,Fatal Injuries,Suspected Serious Injuries,Suspected Minor Injuries,Possible Injuries,Property Damage Only,Secondary Crash,Traffic Control,Red Light Run,Hit and Run,Alcohol,Drugs,Unbelted Person,Work Zone,Speeding Driver,Distracted Driver,Driveway,Pedestrian,Elderly Driver,Young Driver,Commercial Vehicle,Emergency Vehicles,Train,School Bus,Motorcycle,Bicycle,Deer,Longitude,Latitude,geom,geog,x,y
5526,9843270,I-75,SHAEFER,2016-10-06,6,10,2016,17,5,98,1,,1,1,,1,1,1,70,4,1,1,2,0,1,0,0,false,,false,false,false,false,true,,,,,,false,false,false,,,false,false,false,false,false,-83.15224,42.27906,"{
  ""coordinates"": [
    -8.315224033600001e+01,
    4.227905569500010e+01
  ],
  ""type"": ""Point""
}","{
  ""coordinates"": [
    -83.152240336,
    42.279055695
  ],
  ""type"": ""Point""
}",-83.152240336,42.2790556950001
5527,9822224,MICHIGAN,LONYO,2016-10-06,6,10,2016,8,5,4,2,,1,0,,1,1,1,0,6,2,3,4,0,0,0,1,false,,true,true,false,false,false,,,,,,false,false,true,,,false,false,false,false,false,-83.14444,42.33045,"{
  ""coordinates"": [
    -8.314443991400000e+01,
    4.233044804000010e+01
  ],
  ""type"": ""Point""
}","{
  ""coordinates"": [
    -83.144439914,
    42.33044804
  ],
  ""type"": ""Point""
}",-83.144439914,42.3304480400001
5528,9822281,ALLENDALE,BEECHWOOD,2016-10-06,6,10,2016,17,5,5,9,,,3,,1,1,1,0,2,2,1,5,0,0,0,0,true,,false,false,false,false,false,,,,,,false,true,false,,,false,false,false,false,false,-83.12083,42.35563,"{
  ""coordinates"": [
    -8.312083455200001e+01,
    4.235563275400010e+01
  ],
  ""type"": ""Point""
}","{
  ""coordinates"": [
    -83.120834552,
    42.355632754
  ],
  ""type"": ""Point""
}",-83.120834552,42.3556327540001
5529,9821865,M-39,PLYMOUTH,2016-10-06,6,10,2016,17,5,8,3,,1,0,,1,1,1,55,3,2,3,4,0,0,0,1,false,,false,false,false,false,false,,,,,,false,false,false,,,false,false,false,false,false,-83.21675,42.37198,"{
  ""coordinates"": [
    -8.321674843400000e+01,
    4.237197787300000e+01
  ],
  ""type"": ""Point""
}","{
  ""coordinates"": [
    -83.216748434,
    42.371977873
  ],
  ""type"": ""Point""
}",-83.216748434,42.371977873
5530,9822299,CONANT,DAVISON,2016-10-06,6,10,2016,14,5,4,3,,4,0,,1,1,1,35,5,2,2,5,0,0,0,0,true,,true,true,false,false,false,,,,,,false,false,true,,,false,false,false,false,false,-83.06149,42.41555,"{
  ""coordinates"": [
    -8.306149555499999e+01,
    4.241554540900010e+01
  ],
  ""type"": ""Point""
}","{
  ""coordinates"": [
    -83.061495555,
    42.415545409
  ],
  ""type"": ""Point""
}",-83.061495555,42.4155454090001
5531,9820002,MCGRAW,CASPER,2016-10-06,6,10,2016,13,5,98,9,,4,0,,1,1,1,0,2,2,0,5,0,0,0,0,true,,false,false,true,false,false,,,,,,false,false,false,,,false,false,false,false,false,-83.13994,42.33582,"{
  ""coordinates"": [
    -8.313993944200000e+01,
    4.233581658000000e+01
  ],
  ""type"": ""Point""
}","{
  ""coordinates"": [
    -83.139939442,
    42.33581658
  ],
  ""type"": ""Point""
}",-83.139939442,42.33581658
5532,9822254,CONNER,RAMP 220F,2016-10-06,6,10,2016,5,5,4,1,,4,0,,1,1,4,30,3,2,1,3,0,0,1,0,false,,true,true,true,false,false,,,,,,false,false,false,,,false,false,false,false,false,-82.98843,42.39684,"{
  ""coordinates"": [
    -8.298842688199990e+01,
    4.239683957500010e+01
  ],
  ""type"": ""Point""
}","{
  ""coordinates"": [
    -82.988426882,
    42.396839575
  ],
  ""type"": ""Point""
}",-82.9884268819999,42.3968395750001
5533,9821866,M-39,SCHOOLCRAFT,2016-10-06,6,10,2016,18,5,5,3,,1,0,,1,1,1,55,3,2,1,5,0,0,0,0,true,,false,false,true,false,false,,,,,,false,true,false,,,false,false,false,false,false,-83.21784,42.38961,"{
  ""coordinates"": [
    -8.321783965799990e+01,
    4.238960534300000e+01
  ],
  ""type"": ""Point""
}","{
  ""coordinates"": [
    -83.217839658,
    42.389605343
  ],
  ""type"": ""Point""
}",-83.2178396579999,42.389605343
5534,9824461,N/B I-75,8 MILE,2016-10-06,6,10,2016,16,5,5,1,,1,0,,1,1,1,70,4,2,2,5,0,0,0,0,true,,false,false,false,false,false,,,,,,false,false,true,,,false,false,false,false,false,-83.09491,42.44318,"{
  ""coordinates"": [
    -8.309491297300001e+01,
    4.244317832600010e+01
  ],
  ""type"": ""Point""
}","{
  ""coordinates"": [
    -83.094912973,
    42.443178326
  ],
  ""type"": ""Point""
}",-83.094912973,42.4431783260001
5535,9822265,COLUMBUS,LINWOOD,2016-10-06,6,10,2016,8,5,97,9,,,1,,1,1,1,25,2,1,1,5,0,0,0,0,true,,false,false,true,false,false,,,,,,false,false,false,,,false,false,false,false,false,-83.10268,42.36438,"{
  ""coordinates"": [
    -8.310267817899999e+01,
    4.236437739100010e+01
  ],
  ""type"": ""Point""
}","{
  ""coordinates"": [
    -83.102678179,
    42.364377391
  ],
  ""type"": ""Point""
}",-83.102678179,42.3643773910001
5536,9861830,MCNICHOLS,OUTER,2016-10-06,6,10,2016,17,5,4,9,,2,0,,1,1,1,30,4,2,4,5,0,0,0,0,true,,false,false,false,false,false,,,,,,false,true,true,,,false,false,false,false,false,-83.23199,42.41529,"{
  ""coordinates"": [
    -8.323198852300000e+01,
    4.241528883600010e+01
  ],
  ""type"": ""Point""
}","{
  ""coordinates"": [
    -83.231988523,
    42.415288836
  ],
  ""type"": ""Point""
}",-83.231988523,42.4152888360001
5537,9820037,SCHOOLCRAFT,ASBURY,2016-10-06,6,10,2016,17,5,5,9,,2,0,,1,1,1,30,2,2,5,5,0,0,0,0,true,,false,false,false,false,false,,,,,,false,true,false,,,false,false,false,false,false,-83.20792,42.38686,"{
  ""coordinates"": [
    -8.320791594100000e+01,
    4.238686549900010e+01
  ],
  ""type"": ""Point""
}","{
  ""coordinates"": [
    -83.207915941,
    42.386865499
  ],
  ""type"": ""Point""
}",-83.207915941,42.3868654990001
5538,9822276,N I 75 SERVICE DRIVE,VERMONT,2016-10-06,6,10,2016,18,5,5,1,,4,0,,1,1,1,0,2,2,3,5,0,0,0,0,true,,false,false,true,false,false,,,,,,false,true,false,,,false,false,false,false,false,-83.07407,42.33241,"{
  ""coordinates"": [
    -8.307407056900000e+01,
    4.233240702700000e+01
  ],
  ""type"": ""Point""
}","{
  ""coordinates"": [
    -83.074070569,
    42.332407027
  ],
  ""type"": ""Point""
}",-83.074070569,42.332407027
5539,9827168,JEFFERSON,WOODWARD,2016-10-06,6,10,2016,10,5,6,3,,1,0,,98,98,98,30,3,2,2,5,0,0,0,0,true,,false,false,false,false,false,,,,,,false,false,false,,,false,false,false,false,false,-83.0442,42.32861,"{
  ""coordinates"": [
    -8.304419744400001e+01,
    4.232861361000000e+01
  ],
  ""type"": ""Point""
}","{
  ""coordinates"": [
    -83.044197444,
    42.32861361
  ],
  ""type"": ""Point""
}",-83.044197444,42.32861361
5540,9843274,I 75,SCHAEFER,2016-10-06,6,10,2016,16,5,97,1,,1,0,,1,1,1,70,3,3,4,5,0,0,0,0,true,,false,false,false,false,false,,,,,,false,false,false,,,false,false,false,false,false,-83.14948,42.28203,"{
  ""coordinates"": [
    -8.314948091299991e+01,
    4.228203245100010e+01
  ],
  ""type"": ""Point""
}","{
  ""coordinates"": [
    -83.149480913,
    42.282032451
  ],
  ""type"": ""Point""
}",-83.1494809129999,42.2820324510001
5541,9865482,M-39,PURITAN,2016-10-06,6,10,2016,10,5,5,3,,1,0,,1,1,1,55,3,2,2,3,0,0,1,0,false,,false,false,false,false,false,,,,,,false,false,true,,,false,false,false,false,false,-83.21857,42.40915,"{
  ""coordinates"": [
    -8.321857184399990e+01,
    4.240915324900000e+01
  ],
  ""type"": ""Point""
}","{
  ""coordinates"": [
    -83.218571844,
    42.409153249
  ],
  ""type"": ""Point""
}",-83.2185718439999,42.409153249
5542,9820054,GRATIOT,ROSEMARY,2016-10-06,6,10,2016,8,5,8,3,,1,0,,1,1,1,35,3,2,2,5,0,0,0,0,true,,false,false,false,false,false,,,,,,false,false,false,,,false,false,false,false,false,-82.99571,42.40762,"{
  ""coordinates"": [
    -8.299571541900001e+01,
    4.240761511700000e+01
  ],
  ""type"": ""Point""
}","{
  ""coordinates"": [
    -82.995715419,
    42.407615117
  ],
  ""type"": ""Point""
}",-82.995715419,42.407615117
5543,9822202,I-94,I-75,2016-10-06,6,10,2016,17,5,5,1,,1,0,,1,1,1,55,3,2,1,5,0,0,0,0,true,,false,false,true,false,false,,,,,,false,false,false,,,false,false,false,false,false,-83.05652,42.36965,"{
  ""coordinates"": [
    -8.305652229400000e+01,
    4.236965124700000e+01
  ],
  ""type"": ""Point""
}","{
  ""coordinates"": [
    -83.056522294,
    42.369651247
  ],
  ""type"": ""Point""
}",-83.056522294,42.369651247
5544,9820068,MT ELLIOTT,HUBER,2016-10-06,6,10,2016,20,5,4,9,,4,0,,1,1,3,35,2,2,1,4,0,0,0,1,false,,true,true,true,false,false,,,,,,false,false,true,,,false,false,false,false,false,-83.03757,42.39748,"{
  ""coordinates"": [
    -8.303757512599999e+01,
    4.239747821400000e+01
  ],
  ""type"": ""Point""
}","{
  ""coordinates"": [
    -83.037575126,
    42.397478214
  ],
  ""type"": ""Point""
}",-83.037575126,42.397478214
5545,9820001,TRUMBULL,SYCAMORE,2016-10-06,6,10,2016,8,5,4,9,,4,0,,1,1,1,25,2,2,2,3,0,0,1,1,false,,false,false,false,false,false,,,,,,false,false,false,,,false,false,true,false,false,-83.07233,42.34093,"{
  ""coordinates"": [
    -8.307233480600000e+01,
    4.234093394000010e+01
  ],
  ""type"": ""Point""
}","{
  ""coordinates"": [
    -83.072334806,
    42.34093394
  ],
  ""type"": ""Point""
}",-83.072334806,42.3409339400001
5546,9824566,I-94,GRATIOT,2016-10-06,6,10,2016,22,5,1,1,,1,1,,1,2,4,55,3,1,2,5,0,0,0,0,true,,false,false,false,false,false,,,,,,false,false,true,,,false,false,false,false,false,-83.01507,42.38812,"{
  ""coordinates"": [
    -8.301506520700001e+01,
    4.238812368300010e+01
  ],
  ""type"": ""Point""
}","{
  ""coordinates"": [
    -83.015065207,
    42.388123683
  ],
  ""type"": ""Point""
}",-83.015065207,42.3881236830001
5547,9877784,N M 39,RAMP 008M,2016-10-06,6,10,2016,20,5,8,3,,1,0,,1,1,4,55,3,2,3,5,0,0,0,0,true,,false,false,true,false,false,,,,,,false,false,true,,,false,false,false,false,false,-83.21693,42.37891,"{
  ""coordinates"": [
    -8.321693709499991e+01,
    4.237890902600000e+01
  ],
  ""type"": ""Point""
}","{
  ""coordinates"": [
    -83.216937095,
    42.378909026
  ],
  ""type"": ""Point""
}",-83.2169370949999,42.378909026
5548,9822198,I-75,GRATIOT,2016-10-06,6,10,2016,16,5,5,1,,1,0,,1,1,1,70,3,2,2,5,0,0,0,0,true,,false,false,false,false,false,,,,,,false,true,false,,,false,false,false,false,false,-83.04499,42.34642,"{
  ""coordinates"": [
    -8.304498800999990e+01,
    4.234642039100000e+01
  ],
  ""type"": ""Point""
}","{
  ""coordinates"": [
    -83.04498801,
    42.346420391
  ],
  ""type"": ""Point""
}",-83.0449880099999,42.346420391
5549,9820023,JUNCTION,TOLEDO,2016-10-06,6,10,2016,16,5,5,9,,4,0,,1,1,1,30,4,2,2,5,0,0,0,0,true,,false,false,false,false,false,,,,,,false,false,false,,,false,false,false,false,false,-83.1041,42.32098,"{
  ""coordinates"": [
    -8.310410597600000e+01,
    4.232098045300010e+01
  ],
  ""type"": ""Point""
}","{
  ""coordinates"": [
    -83.104105976,
    42.320980453
  ],
  ""type"": ""Point""
}",-83.104105976,42.3209804530001
5550,9997486,MICHIGAN,TENTH,2016-10-06,6,10,2016,14,5,9,2,,1,2,,1,1,1,35,2,2,2,5,0,0,0,0,true,,false,false,false,false,false,,,,,,false,false,false,,,false,false,false,false,false,-83.06857,42.33141,"{
  ""coordinates"": [
    -8.306856168500001e+01,
    4.233140524100000e+01
  ],
  ""type"": ""Point""
}","{
  ""coordinates"": [
    -83.068561685,
    42.331405241
  ],
  ""type"": ""Point""
}",-83.068561685,42.331405241
5551,9822205,JOY,HOWELL,2016-10-06,6,10,2016,0,5,8,9,,4,0,,1,2,4,35,2,2,2,5,0,0,0,0,true,,false,false,false,false,false,,,,,,false,false,false,,,false,false,false,false,false,-83.13702,42.3602,"{
  ""coordinates"": [
    -8.313702167199990e+01,
    4.236020158800010e+01
  ],
  ""type"": ""Point""
}","{
  ""coordinates"": [
    -83.137021672,
    42.360201588
  ],
  ""type"": ""Point""
}",-83.1370216719999,42.3602015880001
5552,9843273,DAVISON,WOODWARD,2016-10-06,6,10,2016,9,5,5,9,,,0,,1,1,1,55,3,2,2,5,0,0,0,0,true,,false,false,false,false,false,,,,,,false,false,false,,,false,false,false,false,false,-83.21278,42.38451,"{
  ""coordinates"": [
    -8.321278036200000e+01,
    4.238451454400010e+01
  ],
  ""type"": ""Point""
}","{
  ""coordinates"": [
    -83.212780362,
    42.384514544
  ],
  ""type"": ""Point""
}",-83.212780362,42.3845145440001
5553,9822253,CONNER,RAMP 220F,2016-10-06,6,10,2016,5,5,4,1,,4,0,,1,1,4,30,3,2,1,5,0,0,0,0,true,,false,false,true,false,false,,,,,,false,false,false,,,false,false,false,false,false,-82.98839,42.39683,"{
  ""coordinates"": [
    -8.298838982500000e+01,
    4.239683251000010e+01
  ],
  ""type"": ""Point""
}","{
  ""coordinates"": [
    -82.988389825,
    42.39683251
  ],
  ""type"": ""Point""
}",-82.988389825,42.3968325100001
5554,9820031,WESTWOOD,EATON,2016-10-06,6,10,2016,7,5,98,9,,,0,,1,1,1,25,2,2,0,5,0,0,0,0,true,,false,false,true,false,false,,,,,,false,false,false,,,false,false,false,false,false,-83.23235,42.39582,"{
  ""coordinates"": [
    -8.323234980200000e+01,
    4.239582323600010e+01
  ],
  ""type"": ""Point""
}","{
  ""coordinates"": [
    -83.232349802,
    42.395823236
  ],
  ""type"": ""Point""
}",-83.232349802,42.3958232360001
5555,9824689,PATTON,FENKELL,2016-10-06,6,10,2016,18,5,9,9,,,0,,1,1,1,25,2,2,1,5,0,0,0,0,true,,false,false,false,false,false,,,,,,false,false,false,,,false,false,false,false,false,-83.24374,42.40077,"{
  ""coordinates"": [
    -8.324374430599990e+01,
    4.240076904900010e+01
  ],
  ""type"": ""Point""
}","{
  ""coordinates"": [
    -83.243744306,
    42.400769049
  ],
  ""type"": ""Point""
}",-83.2437443059999,42.4007690490001
5556,9997622,JOHN C LODGE SERVICE,FOREST,2016-10-06,6,10,2016,15,5,8,3,,4,0,,1,1,1,25,3,2,3,5,0,0,0,0,true,,false,false,false,false,false,,,,,,false,true,false,,,false,false,false,false,false,-83.0718,42.35187,"{
  ""coordinates"": [
    -8.307179751800000e+01,
    4.235186902500000e+01
  ],
  ""type"": ""Point""
}","{
  ""coordinates"": [
    -83.071797518,
    42.351869025
  ],
  ""type"": ""Point""
}",-83.071797518,42.351869025
5557,9818679,GRATIOT,FOREST,2016-10-05,5,10,2016,17,4,4,3,,1,0,,1,1,1,35,7,2,2,4,0,0,0,1,false,,false,false,false,false,false,,,,,,false,false,true,,,false,false,true,false,false,-83.02011,42.37062,"{
  ""coordinates"": [
    -8.302010734700001e+01,
    4.237062451100010e+01
  ],
  ""type"": ""Point""
}","{
  ""coordinates"": [
    -83.020107347,
    42.370624511
  ],
  ""type"": ""Point""
}",-83.020107347,42.3706245110001
5558,9818702,OHIO,PILGRIM,2016-10-05,5,10,2016,14,4,4,9,,,0,,1,1,1,25,1,2,4,4,0,0,0,3,false,,false,false,false,false,false,,,,,,false,false,true,,,false,false,false,false,false,-83.15556,42.4079,"{
  ""coordinates"": [
    -8.315555619799990e+01,
    4.240789850700000e+01
  ],
  ""type"": ""Point""
}","{
  ""coordinates"": [
    -83.155556198,
    42.407898507
  ],
  ""type"": ""Point""
}",-83.1555561979999,42.407898507
5559,9820006,ST ANTIONE,WARREN,2016-10-05,5,10,2016,11,4,1,9,,4,0,,1,1,1,30,2,1,1,5,0,0,0,0,true,,false,false,false,false,false,,,,,,false,false,false,,,false,false,false,false,false,-83.05717,42.35996,"{
  ""coordinates"": [
    -8.305716344299999e+01,
    4.235995940000000e+01
  ],
  ""type"": ""Point""
}","{
  ""coordinates"": [
    -83.057163443,
    42.3599594
  ],
  ""type"": ""Point""
}",-83.057163443,42.3599594
5560,9836990,M 10,CLAIRMOUNT,2016-10-05,5,10,2016,15,4,1,3,,1,1,,1,1,1,55,4,1,2,5,0,0,0,0,true,,false,false,false,false,false,,,,,,false,false,false,,,false,false,false,false,false,-83.08801,42.37648,"{
  ""coordinates"": [
    -8.308801089799989e+01,
    4.237648376300010e+01
  ],
  ""type"": ""Point""
}","{
  ""coordinates"": [
    -83.088010898,
    42.376483763
  ],
  ""type"": ""Point""
}",-83.0880108979999,42.3764837630001
5561,9820026,CONNER,CONNER,2016-10-05,5,10,2016,7,4,5,9,,4,0,,1,1,1,25,3,2,2,5,0,0,0,0,true,,false,false,false,false,false,,,,,,false,false,false,,,false,false,false,false,false,-82.99022,42.39784,"{
  ""coordinates"": [
    -8.299021623199999e+01,
    4.239783893100010e+01
  ],
  ""type"": ""Point""
}","{
  ""coordinates"": [
    -82.990216232,
    42.397838931
  ],
  ""type"": ""Point""
}",-82.990216232,42.3978389310001
5562,9997621,ANTHONY WAYNE,FOREST,2016-10-05,5,10,2016,15,4,3,9,,4,0,,1,1,1,25,6,2,2,5,0,0,0,0,true,,false,false,false,false,false,,,,,,false,false,false,,,false,false,false,false,false,-83.06989,42.35234,"{
  ""coordinates"": [
    -8.306988735700000e+01,
    4.235234424900010e+01
  ],
  ""type"": ""Point""
}","{
  ""coordinates"": [
    -83.069887357,
    42.352344249
  ],
  ""type"": ""Point""
}",-83.069887357,42.3523442490001
5563,9818703,OAKMAN,LA SALLE,2016-10-05,5,10,2016,17,4,4,9,,4,0,,1,1,1,30,2,2,5,4,0,0,0,4,false,,false,false,false,false,false,,,,,,false,true,false,,,false,false,false,false,false,-83.12248,42.39909,"{
  ""coordinates"": [
    -8.312248433400001e+01,
    4.239908480300010e+01
  ],
  ""type"": ""Point""
}","{
  ""coordinates"": [
    -83.122484334,
    42.399084803
  ],
  ""type"": ""Point""
}",-83.122484334,42.3990848030001
5564,9841977,I-75,7 MILE,2016-10-05,5,10,2016,8,4,5,1,,1,0,,2,4,1,70,4,2,2,3,0,0,1,0,false,,false,false,false,false,false,,,,,,false,false,true,,,false,false,false,false,false,-83.09489,42.4322,"{
  ""coordinates"": [
    -8.309488653100000e+01,
    4.243219868300010e+01
  ],
  ""type"": ""Point""
}","{
  ""coordinates"": [
    -83.094886531,
    42.432198683
  ],
  ""type"": ""Point""
}",-83.094886531,42.4321986830001
5565,9818686,SOUTHFIELD SERVICE DRIVE,MCNICHOLS,2016-10-05,5,10,2016,8,4,5,9,,4,0,,1,1,1,25,2,2,2,4,0,0,0,1,false,,false,false,true,false,false,,,,,,false,false,false,,,false,false,false,false,false,-83.21922,42.41568,"{
  ""coordinates"": [
    -8.321922022699989e+01,
    4.241568146100010e+01
  ],
  ""type"": ""Point""
}","{
  ""coordinates"": [
    -83.219220227,
    42.415681461
  ],
  ""type"": ""Point""
}",-83.2192202269999,42.4156814610001
5566,9831295,MACK,CADIEUX,2016-10-05,5,10,2016,0,4,4,9,,2,0,,1,1,4,35,4,2,2,5,0,0,0,0,true,,true,true,false,true,false,,,,,,false,false,false,,,false,false,false,false,false,-82.92239,42.39483,"{
  ""coordinates"": [
    -8.292238976399990e+01,
    4.239482767600000e+01
  ],
  ""type"": ""Point""
}","{
  ""coordinates"": [
    -82.922389764,
    42.394827676
  ],
  ""type"": ""Point""
}",-82.9223897639999,42.394827676
5567,9822154,I-75,MCNICHOLS,2016-10-05,5,10,2016,8,4,5,1,,1,0,,1,1,1,70,4,2,2,4,0,0,0,1,false,,false,false,false,false,false,,,,,,false,true,false,,,false,false,false,false,false,-83.08833,42.41894,"{
  ""coordinates"": [
    -8.308832264599990e+01,
    4.241894223200010e+01
  ],
  ""type"": ""Point""
}","{
  ""coordinates"": [
    -83.088322646,
    42.418942232
  ],
  ""type"": ""Point""
}",-83.0883226459999,42.4189422320001
5568,9818704,7 MILE,WHITCOMB,2016-10-05,5,10,2016,0,4,2,9,,2,0,,1,1,4,35,6,3,1,3,0,0,1,0,false,,false,false,false,false,false,,,,,,false,false,true,,,false,false,false,false,false,-83.19743,42.43048,"{
  ""coordinates"": [
    -8.319743416999999e+01,
    4.243047918000010e+01
  ],
  ""type"": ""Point""
}","{
  ""coordinates"": [
    -83.19743417,
    42.43047918
  ],
  ""type"": ""Point""
}",-83.19743417,42.4304791800001
5569,9818688,GREENFIELD,7 MILE,2016-10-05,5,10,2016,14,4,5,9,,2,0,,1,1,1,35,4,2,3,5,0,0,0,0,true,,false,false,false,false,false,,,,,,false,true,false,,,false,false,false,false,false,-83.19987,42.43042,"{
  ""coordinates"": [
    -8.319986535699999e+01,
    4.243042050400000e+01
  ],
  ""type"": ""Point""
}","{
  ""coordinates"": [
    -83.199865357,
    42.430420504
  ],
  ""type"": ""Point""
}",-83.199865357,42.430420504
5570,9882847,ARTESIAN,DAYTON,2016-10-05,5,10,2016,7,4,8,9,,,0,,1,1,1,25,2,2,0,5,0,0,0,0,true,,false,false,true,false,false,,,,,,false,false,false,,,false,false,false,false,false,-83.22536,42.33441,"{
  ""coordinates"": [
    -8.322536748399990e+01,
    4.233441219900000e+01
  ],
  ""type"": ""Point""
}","{
  ""coordinates"": [
    -83.225367484,
    42.334412199
  ],
  ""type"": ""Point""
}",-83.2253674839999,42.334412199
5571,9818680,WARREN,GRAND,2016-10-05,5,10,2016,7,4,5,9,,4,0,,1,1,1,0,2,2,2,4,0,0,0,1,false,,false,false,false,false,false,,,,,,false,false,false,,,false,false,false,false,false,-83.01881,42.37369,"{
  ""coordinates"": [
    -8.301881037299999e+01,
    4.237368960800010e+01
  ],
  ""type"": ""Point""
}","{
  ""coordinates"": [
    -83.018810373,
    42.373689608
  ],
  ""type"": ""Point""
}",-83.018810373,42.3736896080001
5572,9818691,GRATIOT,GUNSTON,2016-10-05,5,10,2016,7,4,5,3,,1,0,,1,1,1,30,7,2,1,5,0,0,0,0,true,,false,false,false,false,false,,,,,,false,false,true,,,false,false,false,false,false,-82.99533,42.4082,"{
  ""coordinates"": [
    -8.299533014799989e+01,
    4.240820494300000e+01
  ],
  ""type"": ""Point""
}","{
  ""coordinates"": [
    -82.995330148,
    42.408204943
  ],
  ""type"": ""Point""
}",-82.9953301479999,42.408204943
5573,9818651,LODGE SERVICE,SELDEN,2016-10-05,5,10,2016,17,4,10,9,,4,0,,1,1,1,25,2,2,2,5,0,0,0,0,true,,false,false,false,false,false,,,,,,false,false,false,,,false,false,false,false,false,-83.06918,42.34639,"{
  ""coordinates"": [
    -8.306918236199991e+01,
    4.234639236300010e+01
  ],
  ""type"": ""Point""
}","{
  ""coordinates"": [
    -83.069182362,
    42.346392363
  ],
  ""type"": ""Point""
}",-83.0691823619999,42.3463923630001
5574,9827143,MICNICHOLS,ASBURY,2016-10-05,5,10,2016,11,4,8,9,,2,0,,98,98,1,35,6,2,1,5,0,0,0,0,true,,false,false,false,false,false,,,,,,false,false,false,,,false,false,false,false,false,-83.20898,42.41576,"{
  ""coordinates"": [
    -8.320898552900000e+01,
    4.241576217700000e+01
  ],
  ""type"": ""Point""
}","{
  ""coordinates"": [
    -83.208985529,
    42.415762177
  ],
  ""type"": ""Point""
}",-83.208985529,42.415762177
5575,9821864,I-94,DICKERSON,2016-10-05,5,10,2016,17,4,5,1,,1,0,,1,1,1,55,3,2,2,5,0,0,0,0,true,,false,false,false,false,false,,,,,,false,false,false,,,false,false,false,false,false,-82.97681,42.40067,"{
  ""coordinates"": [
    -8.297680735900001e+01,
    4.240066986200000e+01
  ],
  ""type"": ""Point""
}","{
  ""coordinates"": [
    -82.976807359,
    42.400669862
  ],
  ""type"": ""Point""
}",-82.976807359,42.400669862
5576,9827124,JOHN R,E I 94 SERVICE DRIVE,2016-10-05,5,10,2016,18,4,4,1,,4,0,,1,1,1,30,5,2,2,4,0,0,0,1,false,,false,false,false,false,false,,,,,,false,false,true,,,false,false,false,false,false,-83.06657,42.36431,"{
  ""coordinates"": [
    -8.306656512599990e+01,
    4.236430738800000e+01
  ],
  ""type"": ""Point""
}","{
  ""coordinates"": [
    -83.066565126,
    42.364307388
  ],
  ""type"": ""Point""
}",-83.0665651259999,42.364307388
5577,9827040,I-94,GRATIOT,2016-10-05,5,10,2016,17,4,5,1,,1,0,,1,1,1,55,3,2,3,5,0,0,0,0,true,,false,false,false,false,false,,,,,,false,false,false,,,false,false,false,false,false,-83.00147,42.39222,"{
  ""coordinates"": [
    -8.300147372899990e+01,
    4.239222445500010e+01
  ],
  ""type"": ""Point""
}","{
  ""coordinates"": [
    -83.001473729,
    42.392224455
  ],
  ""type"": ""Point""
}",-83.0014737289999,42.3922244550001
5578,9818602,E I 96,RAMP 213N,2016-10-05,5,10,2016,7,4,5,1,,1,0,,1,1,2,55,4,3,3,5,0,0,0,0,true,,false,false,false,false,false,,,,,,false,false,true,,,false,false,false,false,false,-83.10527,42.35381,"{
  ""coordinates"": [
    -8.310527077400000e+01,
    4.235380570800000e+01
  ],
  ""type"": ""Point""
}","{
  ""coordinates"": [
    -83.105270774,
    42.353805708
  ],
  ""type"": ""Point""
}",-83.105270774,42.353805708
5579,9820066,8 MILE,GREELEY,2016-10-05,5,10,2016,6,4,5,3,,1,0,,1,1,1,40,4,2,2,5,0,0,0,0,true,,false,false,false,false,false,,,,,,false,false,false,,,false,false,false,false,false,-83.08823,42.44691,"{
  ""coordinates"": [
    -8.308823629100000e+01,
    4.244691655900000e+01
  ],
  ""type"": ""Point""
}","{
  ""coordinates"": [
    -83.088236291,
    42.446916559
  ],
  ""type"": ""Point""
}",-83.088236291,42.446916559
5580,9818690,3010 FISCHER,MACK,2016-10-05,5,10,2016,14,4,97,9,,,0,,1,1,1,25,2,2,2,5,0,0,0,0,true,,false,false,false,false,false,,,,,,false,false,false,,,false,false,false,false,false,-82.99902,42.36935,"{
  ""coordinates"": [
    -8.299901327100000e+01,
    4.236935192400010e+01
  ],
  ""type"": ""Point""
}","{
  ""coordinates"": [
    -82.999013271,
    42.369351924
  ],
  ""type"": ""Point""
}",-82.999013271,42.3693519240001
5581,9818663,MACOMB,ST ANTOINE,2016-10-05,5,10,2016,11,4,5,9,,4,0,,1,1,1,30,4,2,2,5,0,0,0,0,true,,false,false,false,false,false,,,,,,false,false,true,,,false,false,false,false,false,-83.04149,42.33627,"{
  ""coordinates"": [
    -8.304148496399991e+01,
    4.233626728200010e+01
  ],
  ""type"": ""Point""
}","{
  ""coordinates"": [
    -83.041484964,
    42.336267282
  ],
  ""type"": ""Point""
}",-83.0414849639999,42.3362672820001
5582,9858004,JEFFERSON,10 TH,2016-10-05,5,10,2016,7,4,8,9,,4,0,,1,1,1,0,5,2,2,5,0,0,0,0,true,,false,false,false,false,false,,,,,,false,false,false,,,false,false,false,false,false,-83.06209,42.32281,"{
  ""coordinates"": [
    -8.306209177900000e+01,
    4.232281476900000e+01
  ],
  ""type"": ""Point""
}","{
  ""coordinates"": [
    -83.062091779,
    42.322814769
  ],
  ""type"": ""Point""
}",-83.062091779,42.322814769