ObjectId,Crash ID,Primary Road,Intersecting Road,Crash Date,Day,Month,Year,Hour,Weekday,Crash Type Code,Highway Classification Code,Community Code,Jurisdiction Code,Lane Departure Type Code,Surface Type,Road Condition,Weather Condition,Lighting Condition,Speed Limit,Lanes,Units,Occupants,Most Severe Injury,Fatal Injuries,Suspected Serious Injuries,Suspected Minor Injuries,Possible Injuries,Property Damage Only,Secondary Crash,Traffic Control,Red Light Run,Hit and Run,Alcohol,Drugs,Unbelted Person,Work Zone,Speeding Driver,Distracted Driver,Driveway,Pedestrian,Elderly Driver,Young Driver,Commercial Vehicle,Emergency Vehicles,Train,School Bus,Motorcycle,Bicycle,Deer,Longitude,Latitude,geom,geog,x,y
5583,9818681,VAN DYKE,HARPER,2016-10-05,5,10,2016,21,4,1,3,,1,0,,1,1,4,35,4,1,0,5,0,0,0,0,true,,false,false,false,false,false,,,,,,false,false,false,,,false,false,false,false,false,-83.0214,42.38799,"{
  ""coordinates"": [
    -8.302140352100000e+01,
    4.238799394400010e+01
  ],
  ""type"": ""Point""
}","{
  ""coordinates"": [
    -83.021403521,
    42.387993944
  ],
  ""type"": ""Point""
}",-83.021403521,42.3879939440001
5584,9831296,MACK,MOROSS,2016-10-05,5,10,2016,10,4,4,9,,2,0,,1,1,1,30,2,2,3,4,0,0,0,1,false,,false,false,false,false,false,,,,,,false,false,false,,,false,false,false,false,false,-82.9108,42.41699,"{
  ""coordinates"": [
    -8.291079437199990e+01,
    4.241698667000000e+01
  ],
  ""type"": ""Point""
}","{
  ""coordinates"": [
    -82.910794372,
    42.41698667
  ],
  ""type"": ""Point""
}",-82.9107943719999,42.41698667
5585,9818645,PLYMOUTH,HUBBELL,2016-10-05,5,10,2016,15,4,1,9,,4,0,,1,1,1,30,4,2,1,4,0,0,0,1,false,,false,false,false,false,false,,,,,,true,false,false,,,false,false,false,false,false,-83.18802,42.37283,"{
  ""coordinates"": [
    -8.318801596700000e+01,
    4.237282456700010e+01
  ],
  ""type"": ""Point""
}","{
  ""coordinates"": [
    -83.188015967,
    42.372824567
  ],
  ""type"": ""Point""
}",-83.188015967,42.3728245670001
5586,9818695,MOUND,8 MILE,2016-10-05,5,10,2016,7,4,5,3,,2,0,,1,1,1,35,3,5,5,5,0,0,0,0,true,,false,false,false,false,false,,,,,,false,false,false,,,false,false,false,false,false,-83.04426,42.44736,"{
  ""coordinates"": [
    -8.304425678500000e+01,
    4.244735568400010e+01
  ],
  ""type"": ""Point""
}","{
  ""coordinates"": [
    -83.044256785,
    42.447355684
  ],
  ""type"": ""Point""
}",-83.044256785,42.4473556840001
5587,9818700,MCNICHOLS,MONTE,2016-10-05,5,10,2016,10,4,4,9,,2,0,,1,1,1,35,4,2,2,5,0,0,0,0,true,,false,false,false,false,false,,,,,,false,false,false,,,false,false,false,false,false,-83.16796,42.41671,"{
  ""coordinates"": [
    -8.316795780800000e+01,
    4.241671327800000e+01
  ],
  ""type"": ""Point""
}","{
  ""coordinates"": [
    -83.167957808,
    42.416713278
  ],
  ""type"": ""Point""
}",-83.167957808,42.416713278
5588,9818696,MT ELLIOT,HUBER,2016-10-05,5,10,2016,5,4,5,9,,4,0,,1,1,4,30,4,2,1,4,0,0,0,1,false,,false,false,true,false,false,,,,,,false,false,true,,,false,false,false,false,false,-83.03756,42.3972,"{
  ""coordinates"": [
    -8.303756288600000e+01,
    4.239720170300010e+01
  ],
  ""type"": ""Point""
}","{
  ""coordinates"": [
    -83.037562886,
    42.397201703
  ],
  ""type"": ""Point""
}",-83.037562886,42.3972017030001
5589,9818646,ALLONBY,SCHAEFER,2016-10-05,5,10,2016,17,4,4,9,,,0,,1,2,1,30,3,2,3,3,0,0,3,0,false,,false,false,false,false,false,,,,,,false,false,true,,,false,false,false,false,false,-83.1782,42.37783,"{
  ""coordinates"": [
    -8.317820030999999e+01,
    4.237782852500000e+01
  ],
  ""type"": ""Point""
}","{
  ""coordinates"": [
    -83.17820031,
    42.377828525
  ],
  ""type"": ""Point""
}",-83.17820031,42.377828525
5590,9923457,8 MILE,8 MILE/GROESBECK,2016-10-05,5,10,2016,7,4,8,3,,1,0,,1,3,1,35,3,2,4,5,0,0,0,0,true,,false,false,false,false,false,,,,,,false,true,false,,,false,false,false,false,false,-83.00102,42.44891,"{
  ""coordinates"": [
    -8.300102090599999e+01,
    4.244891002800010e+01
  ],
  ""type"": ""Point""
}","{
  ""coordinates"": [
    -83.001020906,
    42.448910028
  ],
  ""type"": ""Point""
}",-83.001020906,42.4489100280001
5591,9861861,GRAND,BRUSH,2016-10-05,5,10,2016,16,4,6,9,,4,0,,2,1,1,25,3,2,1,5,0,0,0,0,true,,false,false,true,false,false,,,,,,false,false,true,,,false,false,false,false,false,-83.0689,42.37199,"{
  ""coordinates"": [
    -8.306890069799989e+01,
    4.237199201900010e+01
  ],
  ""type"": ""Point""
}","{
  ""coordinates"": [
    -83.068900698,
    42.371992019
  ],
  ""type"": ""Point""
}",-83.0689006979999,42.3719920190001
5592,9824671,MCGRAW,LIVERNOIS,2016-10-05,5,10,2016,16,4,97,9,,4,0,,1,1,1,30,3,2,2,5,0,0,0,0,true,,false,false,true,false,false,,,,,,false,false,false,,,false,false,false,false,false,-83.12733,42.34084,"{
  ""coordinates"": [
    -8.312733753299990e+01,
    4.234084484600000e+01
  ],
  ""type"": ""Point""
}","{
  ""coordinates"": [
    -83.127337533,
    42.340844846
  ],
  ""type"": ""Point""
}",-83.1273375329999,42.340844846
5593,9818685,7 MILE,RUTHERFORD,2016-10-05,5,10,2016,6,4,8,9,,2,0,,1,2,4,35,4,2,3,5,0,0,0,0,true,,false,false,false,false,false,,,,,,false,false,false,,,false,false,false,false,false,-83.20512,42.43034,"{
  ""coordinates"": [
    -8.320512745699990e+01,
    4.243033804500000e+01
  ],
  ""type"": ""Point""
}","{
  ""coordinates"": [
    -83.205127457,
    42.430338045
  ],
  ""type"": ""Point""
}",-83.2051274569999,42.430338045
5594,9842144,I 94,BEAUBIAN,2016-10-05,5,10,2016,5,4,97,1,,1,0,,1,1,4,55,3,2,2,2,0,1,0,0,false,,false,false,false,false,false,,,,,,false,false,false,,,false,false,true,false,false,-83.06169,42.36687,"{
  ""coordinates"": [
    -8.306169385500000e+01,
    4.236687132400000e+01
  ],
  ""type"": ""Point""
}","{
  ""coordinates"": [
    -83.061693855,
    42.366871324
  ],
  ""type"": ""Point""
}",-83.061693855,42.366871324
5595,9820025,PENNSYLVANIA,MOFFAT,2016-10-05,5,10,2016,8,4,4,9,,,0,,1,1,1,25,2,2,1,5,0,0,0,0,true,,true,false,true,false,false,,,,,,false,false,false,,,false,false,false,false,false,-82.99968,42.38442,"{
  ""coordinates"": [
    -8.299967641900000e+01,
    4.238442110000010e+01
  ],
  ""type"": ""Point""
}","{
  ""coordinates"": [
    -82.999676419,
    42.3844211
  ],
  ""type"": ""Point""
}",-82.999676419,42.3844211000001
5596,9822267,14TH,BUENA VISTA,2016-10-05,5,10,2016,10,4,4,9,,4,0,,1,1,1,35,3,2,5,5,0,0,0,0,true,,false,false,false,false,false,,,,,,false,false,true,,,false,false,false,false,false,-83.1144,42.39286,"{
  ""coordinates"": [
    -8.311439182899990e+01,
    4.239286516300010e+01
  ],
  ""type"": ""Point""
}","{
  ""coordinates"": [
    -83.114391829,
    42.392865163
  ],
  ""type"": ""Point""
}",-83.1143918289999,42.3928651630001
5597,9824676,VERNOR,LIVERNOIS,2016-10-05,5,10,2016,16,4,5,9,,4,0,,1,1,1,25,2,2,2,5,0,0,0,0,true,,false,false,false,false,false,,,,,,false,false,true,,,false,false,false,false,false,-83.10997,42.31561,"{
  ""coordinates"": [
    -8.310996965100000e+01,
    4.231561227600000e+01
  ],
  ""type"": ""Point""
}","{
  ""coordinates"": [
    -83.109969651,
    42.315612276
  ],
  ""type"": ""Point""
}",-83.109969651,42.315612276
5598,9820059,LODGE SERVICE,GRAND,2016-10-05,5,10,2016,15,4,8,9,,4,0,,1,1,1,40,2,2,2,5,0,0,0,0,true,,false,false,true,false,false,,,,,,false,false,false,,,false,false,false,false,false,-83.06776,42.34346,"{
  ""coordinates"": [
    -8.306775287700000e+01,
    4.234346097200010e+01
  ],
  ""type"": ""Point""
}","{
  ""coordinates"": [
    -83.067752877,
    42.343460972
  ],
  ""type"": ""Point""
}",-83.067752877,42.3434609720001
5599,9818693,N M 10,RAMP 109C,2016-10-05,5,10,2016,13,4,8,3,,1,0,,1,1,1,65,6,2,2,5,0,0,0,0,true,,false,false,true,false,false,,,,,,false,false,false,,,false,false,false,false,false,-83.10931,42.39785,"{
  ""coordinates"": [
    -8.310930637500000e+01,
    4.239785195900000e+01
  ],
  ""type"": ""Point""
}","{
  ""coordinates"": [
    -83.109306375,
    42.397851959
  ],
  ""type"": ""Point""
}",-83.109306375,42.397851959
5600,9997370,M-39,7 MILE,2016-10-05,5,10,2016,18,4,5,3,,1,0,,1,2,1,55,3,2,2,5,0,0,0,0,true,,false,false,false,false,false,,,,,,false,false,false,,,false,false,false,false,false,-83.21972,42.43723,"{
  ""coordinates"": [
    -8.321972058999999e+01,
    4.243723194100010e+01
  ],
  ""type"": ""Point""
}","{
  ""coordinates"": [
    -83.21972059,
    42.437231941
  ],
  ""type"": ""Point""
}",-83.21972059,42.4372319410001
5601,9820020,LIVERNOIS,GLADYS,2016-10-05,5,10,2016,11,4,5,9,,4,0,,1,1,1,35,7,2,2,4,0,0,0,1,false,,false,false,false,false,false,,,,,,false,false,false,,,false,false,false,false,false,-83.12676,42.33996,"{
  ""coordinates"": [
    -8.312676034600000e+01,
    4.233995733500010e+01
  ],
  ""type"": ""Point""
}","{
  ""coordinates"": [
    -83.126760346,
    42.339957335
  ],
  ""type"": ""Point""
}",-83.126760346,42.3399573350001
5602,9813143,W/B I 94,CONNER,2016-10-05,5,10,2016,7,4,5,1,,1,0,,1,1,2,55,3,2,2,5,0,0,0,0,true,,false,false,false,false,false,,,,,,false,false,true,,,false,false,false,false,false,-82.97192,42.40187,"{
  ""coordinates"": [
    -8.297192559400000e+01,
    4.240187198700000e+01
  ],
  ""type"": ""Point""
}","{
  ""coordinates"": [
    -82.971925594,
    42.401871987
  ],
  ""type"": ""Point""
}",-82.971925594,42.401871987
5603,9818671,CLARK,MICHIGAN,2016-10-05,5,10,2016,11,4,3,2,,4,0,,1,1,1,35,6,2,2,4,0,0,0,1,false,,false,false,false,false,false,,,,,,false,true,false,,,false,false,false,false,false,-83.1023,42.33129,"{
  ""coordinates"": [
    -8.310230006099989e+01,
    4.233128992000010e+01
  ],
  ""type"": ""Point""
}","{
  ""coordinates"": [
    -83.102300061,
    42.33128992
  ],
  ""type"": ""Point""
}",-83.1023000609999,42.3312899200001
5604,9818642,RAMP 044E,RAMP 216E,2016-10-05,5,10,2016,10,4,5,1,,1,0,,1,1,1,55,1,2,3,4,0,0,0,2,false,,false,false,false,false,false,,,,,,false,true,false,,,false,false,false,false,false,-83.05585,42.36486,"{
  ""coordinates"": [
    -8.305585746100000e+01,
    4.236485699000010e+01
  ],
  ""type"": ""Point""
}","{
  ""coordinates"": [
    -83.055857461,
    42.36485699
  ],
  ""type"": ""Point""
}",-83.055857461,42.3648569900001
5605,9836991,W I 94,S M 10,2016-10-05,5,10,2016,15,4,5,1,,1,0,,1,1,1,55,3,2,1,5,0,0,0,0,true,,false,false,true,false,false,,,,,,false,false,false,,,false,false,false,false,false,-83.07706,42.359,"{
  ""coordinates"": [
    -8.307705460299999e+01,
    4.235900282200000e+01
  ],
  ""type"": ""Point""
}","{
  ""coordinates"": [
    -83.077054603,
    42.359002822
  ],
  ""type"": ""Point""
}",-83.077054603,42.359002822
5606,9818699,CURTIS,MEYERS,2016-10-05,5,10,2016,8,4,8,9,,4,0,,1,1,1,30,6,2,3,5,0,0,0,0,true,,false,false,false,false,false,,,,,,false,false,false,,,false,false,false,false,false,-83.17015,42.424,"{
  ""coordinates"": [
    -8.317015290599990e+01,
    4.242399677700010e+01
  ],
  ""type"": ""Point""
}","{
  ""coordinates"": [
    -83.170152906,
    42.423996777
  ],
  ""type"": ""Point""
}",-83.1701529059999,42.4239967770001
5607,9861680,W/B I 94,BEAUBIEN,2016-10-05,5,10,2016,6,4,5,1,,1,0,,1,2,4,55,3,5,5,5,0,0,0,0,true,,false,false,false,false,false,,,,,,false,false,false,,,false,false,false,false,false,-83.06161,42.36691,"{
  ""coordinates"": [
    -8.306160754800000e+01,
    4.236690503300010e+01
  ],
  ""type"": ""Point""
}","{
  ""coordinates"": [
    -83.061607548,
    42.366905033
  ],
  ""type"": ""Point""
}",-83.061607548,42.3669050330001
5608,9843288,I 94,GRATIOT,2016-10-05,5,10,2016,17,4,97,1,,1,0,,1,1,1,55,3,3,5,5,0,0,0,0,true,,false,false,false,false,false,,,,,,false,true,true,,,false,false,false,false,false,-83.00245,42.39216,"{
  ""coordinates"": [
    -8.300245011000000e+01,
    4.239215951100000e+01
  ],
  ""type"": ""Point""
}","{
  ""coordinates"": [
    -83.00245011,
    42.392159511
  ],
  ""type"": ""Point""
}",-83.00245011,42.392159511
5609,9877828,E I 94,RAMP 216A,2016-10-05,5,10,2016,6,4,8,1,,1,0,,1,1,1,55,3,2,1,3,0,0,1,0,false,,false,false,true,false,false,,,,,,false,true,false,,,false,false,false,false,false,-83.06281,42.36627,"{
  ""coordinates"": [
    -8.306281397100000e+01,
    4.236627162500000e+01
  ],
  ""type"": ""Point""
}","{
  ""coordinates"": [
    -83.062813971,
    42.366271625
  ],
  ""type"": ""Point""
}",-83.062813971,42.366271625
5610,9997395,S M 10,RAMP 103B,2016-10-05,5,10,2016,5,4,1,3,,1,1,,1,1,4,55,3,1,1,5,0,0,0,0,true,,false,false,false,false,false,,,,,,false,false,false,,,false,false,false,false,false,-83.18397,42.42807,"{
  ""coordinates"": [
    -8.318396401599990e+01,
    4.242807102100010e+01
  ],
  ""type"": ""Point""
}","{
  ""coordinates"": [
    -83.183964016,
    42.428071021
  ],
  ""type"": ""Point""
}",-83.1839640159999,42.4280710210001
5611,9818672,CLARK,PORTER,2016-10-05,5,10,2016,15,4,5,9,,4,0,,1,1,1,25,4,2,2,5,0,0,0,0,true,,false,false,false,false,false,,,,,,false,false,false,,,false,false,false,false,false,-83.09307,42.31642,"{
  ""coordinates"": [
    -8.309306719200001e+01,
    4.231641666600010e+01
  ],
  ""type"": ""Point""
}","{
  ""coordinates"": [
    -83.093067192,
    42.316416666
  ],
  ""type"": ""Point""
}",-83.093067192,42.3164166660001
5612,9839734,LASHER,FENKELL,2016-10-05,5,10,2016,15,4,97,9,,2,0,,1,1,1,30,8,2,3,5,0,0,0,0,true,,false,false,false,false,false,,,,,,false,false,false,,,false,false,false,false,false,-83.25683,42.40032,"{
  ""coordinates"": [
    -8.325682573599990e+01,
    4.240031694800010e+01
  ],
  ""type"": ""Point""
}","{
  ""coordinates"": [
    -83.256825736,
    42.400316948
  ],
  ""type"": ""Point""
}",-83.2568257359999,42.4003169480001
5613,9997338,I-94,LONYO,2016-10-05,5,10,2016,10,4,5,1,,1,0,,1,1,1,55,3,3,3,5,0,0,0,0,true,,false,false,false,false,false,,,,,,false,false,true,,,false,false,false,false,false,-83.14974,42.33031,"{
  ""coordinates"": [
    -8.314973916199990e+01,
    4.233030885500010e+01
  ],
  ""type"": ""Point""
}","{
  ""coordinates"": [
    -83.149739162,
    42.330308855
  ],
  ""type"": ""Point""
}",-83.1497391619999,42.3303088550001
5614,9824610,W I 96 CD,RAMP 008I,2016-10-05,5,10,2016,6,4,97,1,,1,0,,1,1,2,55,3,2,2,5,0,0,0,0,true,,false,false,false,false,false,,,,,,false,false,true,,,false,false,false,false,false,-83.22054,42.37882,"{
  ""coordinates"": [
    -8.322054057400000e+01,
    4.237882178200000e+01
  ],
  ""type"": ""Point""
}","{
  ""coordinates"": [
    -83.220540574,
    42.378821782
  ],
  ""type"": ""Point""
}",-83.220540574,42.378821782
5615,9997388,SB I-75,SCHAEFER,2016-10-05,5,10,2016,19,4,5,1,,1,0,,1,1,4,55,4,2,3,5,0,0,0,0,true,,false,false,false,false,false,,,,,,false,false,false,,,false,false,false,false,false,-83.15224,42.27906,"{
  ""coordinates"": [
    -8.315224033600001e+01,
    4.227905569500010e+01
  ],
  ""type"": ""Point""
}","{
  ""coordinates"": [
    -83.152240336,
    42.279055695
  ],
  ""type"": ""Point""
}",-83.152240336,42.2790556950001
5616,9813187,COLLEGE,GUNSTON,2016-10-04,4,10,2016,13,3,97,3,,,0,,1,1,1,25,2,2,1,5,0,0,0,0,true,,false,false,false,false,false,,,,,,false,false,true,,,false,false,false,false,false,-83.00085,42.41603,"{
  ""coordinates"": [
    -8.300085126000000e+01,
    4.241602856500000e+01
  ],
  ""type"": ""Point""
}","{
  ""coordinates"": [
    -83.00085126,
    42.416028565
  ],
  ""type"": ""Point""
}",-83.00085126,42.416028565
5617,9824632,JEFFERSON,BEAUBIEN,2016-10-04,4,10,2016,9,3,5,4,,1,0,,2,1,1,35,3,2,2,4,0,0,0,1,false,,false,false,false,false,false,,,,,,false,false,false,,,false,false,false,false,false,-83.0395,42.331,"{
  ""coordinates"": [
    -8.303949510599990e+01,
    4.233099648300000e+01
  ],
  ""type"": ""Point""
}","{
  ""coordinates"": [
    -83.039495106,
    42.330996483
  ],
  ""type"": ""Point""
}",-83.0394951059999,42.330996483
5618,9813207,FORRER,7 MILE,2016-10-04,4,10,2016,2,3,8,9,,,0,,98,3,4,20,3,2,0,5,0,0,0,0,true,,false,false,true,false,false,,,,,,false,false,false,,,false,false,false,false,false,-83.20288,42.43009,"{
  ""coordinates"": [
    -8.320288148500001e+01,
    4.243008950000010e+01
  ],
  ""type"": ""Point""
}","{
  ""coordinates"": [
    -83.202881485,
    42.4300895
  ],
  ""type"": ""Point""
}",-83.202881485,42.4300895000001
5619,9818664,S M 10 SERVICE DRIVE,MARTIN LUTHER KING JR,2016-10-04,4,10,2016,22,3,4,9,,4,0,,1,1,4,35,3,2,2,5,0,0,0,0,true,,true,true,false,false,false,,,,,,false,false,false,,,false,false,false,false,false,-83.06847,42.34316,"{
  ""coordinates"": [
    -8.306846727700000e+01,
    4.234316302600010e+01
  ],
  ""type"": ""Point""
}","{
  ""coordinates"": [
    -83.068467277,
    42.343163026
  ],
  ""type"": ""Point""
}",-83.068467277,42.3431630260001
5620,9836963,M-39,7 MILE,2016-10-04,4,10,2016,8,3,5,3,,1,0,,1,1,1,55,3,2,3,4,0,0,0,1,false,,false,false,false,false,false,,,,,,false,false,true,,,false,false,false,false,false,-83.21916,42.42865,"{
  ""coordinates"": [
    -8.321916114100000e+01,
    4.242864737600010e+01
  ],
  ""type"": ""Point""
}","{
  ""coordinates"": [
    -83.219161141,
    42.428647376
  ],
  ""type"": ""Point""
}",-83.219161141,42.4286473760001
5621,9813220,WOODWARD,ANTOINETTE,2016-10-04,4,10,2016,9,3,97,3,,1,0,,1,1,1,30,3,3,3,5,0,0,0,0,true,,true,false,false,false,false,,,,,,false,false,false,,,false,false,false,false,false,-83.06913,42.36405,"{
  ""coordinates"": [
    -8.306913314600000e+01,
    4.236405206700000e+01
  ],
  ""type"": ""Point""
}","{
  ""coordinates"": [
    -83.069133146,
    42.364052067
  ],
  ""type"": ""Point""
}",-83.069133146,42.364052067
5622,9838323,I-75,DEARBORN,2016-10-04,4,10,2016,13,3,5,1,,1,0,,1,1,1,70,4,2,2,3,0,0,1,0,false,,false,false,false,false,false,,,,,,false,true,false,,,false,false,false,false,false,-83.12965,42.29118,"{
  ""coordinates"": [
    -8.312964690400000e+01,
    4.229117637200010e+01
  ],
  ""type"": ""Point""
}","{
  ""coordinates"": [
    -83.129646904,
    42.291176372
  ],
  ""type"": ""Point""
}",-83.129646904,42.2911763720001
5623,9838338,I-96,JOY,2016-10-04,4,10,2016,11,3,8,1,,1,0,,1,1,1,70,4,2,2,5,0,0,0,0,true,,false,false,false,false,false,,,,,,false,true,false,,,false,false,false,false,false,-83.12679,42.36292,"{
  ""coordinates"": [
    -8.312678760199999e+01,
    4.236292373900010e+01
  ],
  ""type"": ""Point""
}","{
  ""coordinates"": [
    -83.126787602,
    42.362923739
  ],
  ""type"": ""Point""
}",-83.126787602,42.3629237390001
5624,9818701,MCNICHOLS,LIVERNOIS,2016-10-04,4,10,2016,16,3,5,9,,4,0,,1,1,1,25,2,2,4,5,0,0,0,0,true,,false,false,false,false,false,,,,,,false,false,true,,,false,false,false,false,false,-83.14123,42.41714,"{
  ""coordinates"": [
    -8.314123093800001e+01,
    4.241714299400010e+01
  ],
  ""type"": ""Point""
}","{
  ""coordinates"": [
    -83.141230938,
    42.417142994
  ],
  ""type"": ""Point""
}",-83.141230938,42.4171429940001
5625,9813162,GRAND BLD,BENSON,2016-10-04,4,10,2016,14,3,4,9,,4,0,,1,1,1,35,2,2,2,5,0,0,0,0,true,,false,false,false,false,false,,,,,,false,false,true,,,false,false,false,false,false,-83.01135,42.36151,"{
  ""coordinates"": [
    -8.301135018199990e+01,
    4.236150954700000e+01
  ],
  ""type"": ""Point""
}","{
  ""coordinates"": [
    -83.011350182,
    42.361509547
  ],
  ""type"": ""Point""
}",-83.0113501819999,42.361509547
5626,9824730,8 MILE,S M 39,2016-10-04,4,10,2016,17,3,5,3,,1,0,,1,1,1,25,4,2,2,5,0,0,0,0,true,,false,false,false,false,false,,,,,,false,false,false,,,false,false,false,false,false,-83.21989,42.44417,"{
  ""coordinates"": [
    -8.321989586900000e+01,
    4.244416803100010e+01
  ],
  ""type"": ""Point""
}","{
  ""coordinates"": [
    -83.219895869,
    42.444168031
  ],
  ""type"": ""Point""
}",-83.219895869,42.4441680310001
5627,9843248,N M 10,RAMP 110A,2016-10-04,4,10,2016,18,3,5,3,,1,0,,1,1,1,55,3,2,2,5,0,0,0,0,true,,false,false,false,false,false,,,,,,false,false,true,,,false,false,false,false,false,-83.1049,42.39172,"{
  ""coordinates"": [
    -8.310490201300000e+01,
    4.239171960100000e+01
  ],
  ""type"": ""Point""
}","{
  ""coordinates"": [
    -83.104902013,
    42.391719601
  ],
  ""type"": ""Point""
}",-83.104902013,42.391719601
5628,9818648,MONROE,ST ANTIONE,2016-10-04,4,10,2016,15,3,5,9,,4,0,,1,1,1,25,2,2,3,5,0,0,0,0,true,,false,false,false,false,false,,,,,,false,false,false,,,false,false,false,false,false,-83.04102,42.33558,"{
  ""coordinates"": [
    -8.304101895500000e+01,
    4.233557397000000e+01
  ],
  ""type"": ""Point""
}","{
  ""coordinates"": [
    -83.041018955,
    42.33557397
  ],
  ""type"": ""Point""
}",-83.041018955,42.33557397
5629,9813149,I-94,BRUSH,2016-10-04,4,10,2016,17,3,5,1,,1,0,,1,1,1,55,3,2,3,5,0,0,0,0,true,,false,false,false,false,false,,,,,,false,false,false,,,false,false,false,false,false,-83.0638,42.36589,"{
  ""coordinates"": [
    -8.306380348999990e+01,
    4.236589539500010e+01
  ],
  ""type"": ""Point""
}","{
  ""coordinates"": [
    -83.06380349,
    42.365895395
  ],
  ""type"": ""Point""
}",-83.0638034899999,42.3658953950001
5630,9818650,WOOWARD,HARMON,2016-10-04,4,10,2016,9,3,5,3,,1,0,,1,1,1,30,4,2,3,5,0,0,0,0,true,,false,false,false,false,false,,,,,,false,false,false,,,false,false,false,false,false,-83.08676,42.39029,"{
  ""coordinates"": [
    -8.308676270300001e+01,
    4.239028923200000e+01
  ],
  ""type"": ""Point""
}","{
  ""coordinates"": [
    -83.086762703,
    42.390289232
  ],
  ""type"": ""Point""
}",-83.086762703,42.390289232
5631,9820061,VAN DYKE,ERBIE,2016-10-04,4,10,2016,9,3,5,3,,1,0,,1,1,1,35,6,2,2,5,0,0,0,0,true,,false,false,false,false,false,,,,,,false,false,false,,,false,false,false,false,false,-83.02266,42.39294,"{
  ""coordinates"": [
    -8.302266009700000e+01,
    4.239293845200010e+01
  ],
  ""type"": ""Point""
}","{
  ""coordinates"": [
    -83.022660097,
    42.392938452
  ],
  ""type"": ""Point""
}",-83.022660097,42.3929384520001
5632,9818662,LAFAYETTE,FIRST,2016-10-04,4,10,2016,9,3,8,9,,4,0,,1,1,1,30,2,2,0,5,0,0,0,0,true,,false,false,true,false,false,,,,,,false,false,false,,,false,false,false,false,false,-83.05293,42.3295,"{
  ""coordinates"": [
    -8.305292911299991e+01,
    4.232950033100010e+01
  ],
  ""type"": ""Point""
}","{
  ""coordinates"": [
    -83.052929113,
    42.329500331
  ],
  ""type"": ""Point""
}",-83.0529291129999,42.3295003310001
5633,9997618,BEAUBIEN,W I 94,2016-10-04,4,10,2016,20,3,4,9,,4,0,,1,1,4,30,4,2,2,5,0,0,0,0,true,,true,true,false,false,false,,,,,,false,false,true,,,false,false,false,false,false,-83.06339,42.36631,"{
  ""coordinates"": [
    -8.306338687899991e+01,
    4.236630869900010e+01
  ],
  ""type"": ""Point""
}","{
  ""coordinates"": [
    -83.063386879,
    42.366308699
  ],
  ""type"": ""Point""
}",-83.0633868789999,42.3663086990001
5634,9828171,KELLY,SARATOGA,2016-10-04,4,10,2016,19,3,5,9,,2,0,,1,2,4,25,3,2,4,4,0,0,0,3,false,,false,false,true,false,false,,,,,,false,false,false,,,false,false,false,false,false,-82.95379,42.43366,"{
  ""coordinates"": [
    -8.295379081000000e+01,
    4.243365893900010e+01
  ],
  ""type"": ""Point""
}","{
  ""coordinates"": [
    -82.95379081,
    42.433658939
  ],
  ""type"": ""Point""
}",-82.95379081,42.4336589390001
5635,9813217,WARREN,JOHN R,2016-10-04,4,10,2016,16,3,5,9,,4,0,,1,1,1,30,5,2,3,5,0,0,0,0,true,,false,false,true,false,false,,,,,,false,false,true,,,false,false,false,false,false,-83.06211,42.35757,"{
  ""coordinates"": [
    -8.306211315000000e+01,
    4.235757497000000e+01
  ],
  ""type"": ""Point""
}","{
  ""coordinates"": [
    -83.06211315,
    42.35757497
  ],
  ""type"": ""Point""
}",-83.06211315,42.35757497
5636,9813210,OUTER,GREENLAWN,2016-10-04,4,10,2016,10,3,4,9,,2,0,,4,1,1,35,4,2,2,5,0,0,0,0,true,,false,false,true,false,false,,,,,,false,false,true,,,false,false,false,false,false,-83.15197,42.43514,"{
  ""coordinates"": [
    -8.315197172900000e+01,
    4.243514002300000e+01
  ],
  ""type"": ""Point""
}","{
  ""coordinates"": [
    -83.151971729,
    42.435140023
  ],
  ""type"": ""Point""
}",-83.151971729,42.435140023
5637,9836946,I-96,JOY,2016-10-04,4,10,2016,7,3,8,1,,1,0,,1,1,1,70,4,2,1,5,0,0,0,0,true,,false,false,true,false,false,,,,,,false,false,false,,,false,false,false,false,false,-83.13029,42.36398,"{
  ""coordinates"": [
    -8.313029066000000e+01,
    4.236398478200000e+01
  ],
  ""type"": ""Point""
}","{
  ""coordinates"": [
    -83.13029066,
    42.363984782
  ],
  ""type"": ""Point""
}",-83.13029066,42.363984782
5638,9828141,N M 10,JEFFERSON,2016-10-04,4,10,2016,7,3,5,3,,1,0,,1,1,1,35,1,3,2,5,0,0,0,0,true,,false,false,false,false,false,,,,,,false,false,true,,,false,false,false,false,false,-83.04597,42.32813,"{
  ""coordinates"": [
    -8.304596956700000e+01,
    4.232813171700010e+01
  ],
  ""type"": ""Point""
}","{
  ""coordinates"": [
    -83.045969567,
    42.328131717
  ],
  ""type"": ""Point""
}",-83.045969567,42.3281317170001
5639,9818684,7 MILE,WINTHROP,2016-10-04,4,10,2016,16,3,5,9,,2,0,,1,1,1,30,4,2,3,5,0,0,0,0,true,,false,false,false,false,false,,,,,,false,true,false,,,false,false,false,false,false,-83.20124,42.43039,"{
  ""coordinates"": [
    -8.320123778300000e+01,
    4.243039460400010e+01
  ],
  ""type"": ""Point""
}","{
  ""coordinates"": [
    -83.201237783,
    42.430394604
  ],
  ""type"": ""Point""
}",-83.201237783,42.4303946040001