ObjectId,Crash ID,Primary Road,Intersecting Road,Crash Date,Day,Month,Year,Hour,Weekday,Crash Type Code,Highway Classification Code,Community Code,Jurisdiction Code,Lane Departure Type Code,Surface Type,Road Condition,Weather Condition,Lighting Condition,Speed Limit,Lanes,Units,Occupants,Most Severe Injury,Fatal Injuries,Suspected Serious Injuries,Suspected Minor Injuries,Possible Injuries,Property Damage Only,Secondary Crash,Traffic Control,Red Light Run,Hit and Run,Alcohol,Drugs,Unbelted Person,Work Zone,Speeding Driver,Distracted Driver,Driveway,Pedestrian,Elderly Driver,Young Driver,Commercial Vehicle,Emergency Vehicles,Train,School Bus,Motorcycle,Bicycle,Deer,Longitude,Latitude,geom,geog,x,y
5640,9824606,RAMP 035E,RAMP 035C,2016-10-04,4,10,2016,19,3,5,1,,1,0,,1,1,1,55,1,2,2,5,0,0,0,0,true,,false,false,false,false,false,,,,,,false,false,false,,,false,false,false,false,false,-83.08288,42.3202,"{
  ""coordinates"": [
    -8.308288016300000e+01,
    4.232019639600000e+01
  ],
  ""type"": ""Point""
}","{
  ""coordinates"": [
    -83.082880163,
    42.320196396
  ],
  ""type"": ""Point""
}",-83.082880163,42.320196396
5641,9822282,INDIANDALE,14TH,2016-10-04,4,10,2016,14,3,4,9,,,0,,1,1,1,25,2,2,4,5,0,0,0,0,true,,false,false,false,false,false,,,,,,false,false,false,,,false,false,false,false,false,-83.11537,42.39429,"{
  ""coordinates"": [
    -8.311537488700000e+01,
    4.239428610600000e+01
  ],
  ""type"": ""Point""
}","{
  ""coordinates"": [
    -83.115374887,
    42.394286106
  ],
  ""type"": ""Point""
}",-83.115374887,42.394286106
5642,9818694,LIVERNOIS,CORTLAND,2016-10-04,4,10,2016,14,3,8,9,,4,0,,1,1,1,30,2,2,2,5,0,0,0,0,true,,false,false,false,false,false,,,,,,false,false,false,,,false,false,false,false,false,-83.13934,42.37918,"{
  ""coordinates"": [
    -8.313934024000000e+01,
    4.237917814700010e+01
  ],
  ""type"": ""Point""
}","{
  ""coordinates"": [
    -83.13934024,
    42.379178147
  ],
  ""type"": ""Point""
}",-83.13934024,42.3791781470001
5643,9813189,HAMBURG,BRINGARD,2016-10-04,4,10,2016,16,3,4,9,,,0,,1,1,1,25,2,2,4,2,0,2,0,0,false,,false,false,true,false,false,,,,,,false,false,false,,,false,false,false,false,false,-82.99772,42.44547,"{
  ""coordinates"": [
    -8.299771708999999e+01,
    4.244547054000000e+01
  ],
  ""type"": ""Point""
}","{
  ""coordinates"": [
    -82.99771709,
    42.44547054
  ],
  ""type"": ""Point""
}",-82.99771709,42.44547054
5644,9822284,DEXTER,EWALD,2016-10-04,4,10,2016,17,3,4,9,,4,0,,1,1,1,35,4,2,1,5,0,0,0,0,true,,true,true,true,false,false,,,,,,false,true,false,,,false,false,false,false,false,-83.1336,42.39381,"{
  ""coordinates"": [
    -8.313359629199989e+01,
    4.239381170100010e+01
  ],
  ""type"": ""Point""
}","{
  ""coordinates"": [
    -83.133596292,
    42.393811701
  ],
  ""type"": ""Point""
}",-83.1335962919999,42.3938117010001
5645,9822219,BRUSH,WARREN,2016-10-04,4,10,2016,16,3,4,9,,4,0,,1,1,1,0,8,2,2,5,0,0,0,0,true,,false,false,false,false,false,,,,,,false,false,false,,,false,false,false,false,false,-83.05995,42.35884,"{
  ""coordinates"": [
    -8.305995133899999e+01,
    4.235883979400010e+01
  ],
  ""type"": ""Point""
}","{
  ""coordinates"": [
    -83.059951339,
    42.358839794
  ],
  ""type"": ""Point""
}",-83.059951339,42.3588397940001
5646,9836929,I 75,CLARK,2016-10-04,4,10,2016,1,3,97,1,,1,0,,1,1,4,55,4,2,2,5,0,0,0,0,true,,false,false,false,false,false,,,,,,false,false,false,,,false,false,false,false,false,-83.09028,42.31372,"{
  ""coordinates"": [
    -8.309028052199990e+01,
    4.231372390100010e+01
  ],
  ""type"": ""Point""
}","{
  ""coordinates"": [
    -83.090280522,
    42.313723901
  ],
  ""type"": ""Point""
}",-83.0902805219999,42.3137239010001
5647,9813148,N I 75,CLARK,2016-10-04,4,10,2016,15,3,5,1,,1,0,,1,1,1,55,4,2,3,5,0,0,0,0,true,,false,false,false,false,false,,,,,,false,true,false,,,false,false,false,false,false,-83.08962,42.31398,"{
  ""coordinates"": [
    -8.308962068900000e+01,
    4.231398010800010e+01
  ],
  ""type"": ""Point""
}","{
  ""coordinates"": [
    -83.089620689,
    42.313980108
  ],
  ""type"": ""Point""
}",-83.089620689,42.3139801080001
5648,9818675,RAMP 213L,W I 94,2016-10-04,4,10,2016,10,3,5,1,,1,0,,1,1,1,45,3,2,2,5,0,0,0,0,true,,false,false,false,false,false,,,,,,false,false,false,,,false,false,false,false,false,-83.09636,42.35117,"{
  ""coordinates"": [
    -8.309635916900000e+01,
    4.235116406600010e+01
  ],
  ""type"": ""Point""
}","{
  ""coordinates"": [
    -83.096359169,
    42.351164066
  ],
  ""type"": ""Point""
}",-83.096359169,42.3511640660001
5649,9818687,7 MILE,GLENHURST,2016-10-04,4,10,2016,20,3,97,9,,2,0,,1,1,4,45,4,2,4,3,0,0,1,1,false,,false,false,false,false,false,,,,,,false,false,false,,,false,false,false,false,false,-83.27141,42.42909,"{
  ""coordinates"": [
    -8.327141102400000e+01,
    4.242908916200000e+01
  ],
  ""type"": ""Point""
}","{
  ""coordinates"": [
    -83.271411024,
    42.429089162
  ],
  ""type"": ""Point""
}",-83.271411024,42.429089162
5650,9818683,MCCLELLAN,MOFFAT,2016-10-04,4,10,2016,13,3,4,9,,4,0,,1,1,1,25,8,2,3,4,0,0,0,1,false,,false,false,false,false,false,,,,,,false,false,false,,,false,false,false,false,false,-83.00204,42.38329,"{
  ""coordinates"": [
    -8.300203974899991e+01,
    4.238328641100000e+01
  ],
  ""type"": ""Point""
}","{
  ""coordinates"": [
    -83.002039749,
    42.383286411
  ],
  ""type"": ""Point""
}",-83.0020397489999,42.383286411
5651,9836999,I-75,DEARBORN,2016-10-04,4,10,2016,7,3,8,1,,1,0,,1,3,2,70,4,2,3,5,0,0,0,0,true,,false,false,false,false,false,,,,,,false,false,true,,,false,false,false,false,false,-83.12897,42.29174,"{
  ""coordinates"": [
    -8.312897421500000e+01,
    4.229173732300010e+01
  ],
  ""type"": ""Point""
}","{
  ""coordinates"": [
    -83.128974215,
    42.291737323
  ],
  ""type"": ""Point""
}",-83.128974215,42.2917373230001
5652,9813182,MACK,MCDOUGALL,2016-10-04,4,10,2016,8,3,1,9,,4,0,,1,1,1,30,2,2,6,3,0,0,1,0,false,,false,false,false,false,false,,,,,,true,false,false,,,false,false,false,false,false,-83.02979,42.35829,"{
  ""coordinates"": [
    -8.302979484199990e+01,
    4.235828899900010e+01
  ],
  ""type"": ""Point""
}","{
  ""coordinates"": [
    -83.029794842,
    42.358288999
  ],
  ""type"": ""Point""
}",-83.0297948419999,42.3582889990001
5653,9843285,M-10,GLENDALE,2016-10-04,4,10,2016,14,3,5,3,,1,0,,1,1,1,55,3,2,8,5,0,0,0,0,true,,false,false,false,false,false,,,,,,false,false,true,,,false,true,false,false,false,-83.10746,42.39525,"{
  ""coordinates"": [
    -8.310746214600000e+01,
    4.239524659700000e+01
  ],
  ""type"": ""Point""
}","{
  ""coordinates"": [
    -83.107462146,
    42.395246597
  ],
  ""type"": ""Point""
}",-83.107462146,42.395246597
5654,9813166,PINEHURST,BELTON,2016-10-04,4,10,2016,13,3,1,9,,,0,,1,2,1,25,1,1,0,5,0,0,0,0,true,,false,false,true,false,false,,,,,,false,false,false,,,false,false,false,false,false,-83.16513,42.35403,"{
  ""coordinates"": [
    -8.316512884299991e+01,
    4.235403046400010e+01
  ],
  ""type"": ""Point""
}","{
  ""coordinates"": [
    -83.165128843,
    42.354030464
  ],
  ""type"": ""Point""
}",-83.1651288429999,42.3540304640001
5655,9818697,8MILE,MOUND,2016-10-04,4,10,2016,18,3,5,3,,1,0,,1,1,1,45,4,2,2,5,0,0,0,0,true,,false,false,false,false,false,,,,,,false,false,true,,,false,false,false,false,false,-83.04797,42.44765,"{
  ""coordinates"": [
    -8.304797301500000e+01,
    4.244765416100010e+01
  ],
  ""type"": ""Point""
}","{
  ""coordinates"": [
    -83.047973015,
    42.447654161
  ],
  ""type"": ""Point""
}",-83.047973015,42.4476541610001
5656,9818682,MOUNT ELLIOTT,HARPER,2016-10-04,4,10,2016,6,3,8,9,,4,0,,1,1,1,30,8,2,2,5,0,0,0,0,true,,false,false,false,false,false,,,,,,false,false,false,,,false,false,false,false,false,-83.03342,42.37895,"{
  ""coordinates"": [
    -8.303341746800000e+01,
    4.237895118700000e+01
  ],
  ""type"": ""Point""
}","{
  ""coordinates"": [
    -83.033417468,
    42.378951187
  ],
  ""type"": ""Point""
}",-83.033417468,42.378951187
5657,9838336,M-39,PEMBROKE,2016-10-04,4,10,2016,8,3,5,3,,1,0,,1,3,1,55,3,2,2,5,0,0,0,0,true,,false,false,false,false,false,,,,,,false,false,false,,,false,false,false,false,false,-83.2197,42.43696,"{
  ""coordinates"": [
    -8.321970496800000e+01,
    4.243695785200000e+01
  ],
  ""type"": ""Point""
}","{
  ""coordinates"": [
    -83.219704968,
    42.436957852
  ],
  ""type"": ""Point""
}",-83.219704968,42.436957852
5658,9839719,OAKLAND,OWENS,2016-10-04,4,10,2016,17,3,4,9,,4,0,,1,1,1,30,4,2,3,4,0,0,0,2,false,,false,false,false,false,false,,,,,,false,false,true,,,false,false,false,false,false,-83.07274,42.38608,"{
  ""coordinates"": [
    -8.307274066399999e+01,
    4.238607772000010e+01
  ],
  ""type"": ""Point""
}","{
  ""coordinates"": [
    -83.072740664,
    42.38607772
  ],
  ""type"": ""Point""
}",-83.072740664,42.3860777200001
5659,9818668,WOODWARD,LARNED,2016-10-04,4,10,2016,21,3,8,9,,4,0,,1,1,4,25,2,2,1,5,0,0,0,0,true,,false,false,true,false,false,,,,,,false,false,false,,,false,false,false,false,false,-83.0449,42.32933,"{
  ""coordinates"": [
    -8.304489751499990e+01,
    4.232933261900010e+01
  ],
  ""type"": ""Point""
}","{
  ""coordinates"": [
    -83.044897515,
    42.329332619
  ],
  ""type"": ""Point""
}",-83.0448975149999,42.3293326190001
5660,9813153,M-10,GRAND,2016-10-04,4,10,2016,17,3,5,3,,1,0,,1,1,1,55,3,2,4,4,0,0,0,1,false,,false,false,false,false,false,,,,,,false,false,false,,,false,false,false,false,false,-83.08261,42.36843,"{
  ""coordinates"": [
    -8.308261378899989e+01,
    4.236842605800010e+01
  ],
  ""type"": ""Point""
}","{
  ""coordinates"": [
    -83.082613789,
    42.368426058
  ],
  ""type"": ""Point""
}",-83.0826137889999,42.3684260580001
5661,9813178,TELEGRAPH,TELEGRAPH/MCNICHOLS,2016-10-04,4,10,2016,12,3,5,2,,1,0,,1,1,1,40,4,2,2,3,0,0,1,1,false,,false,false,false,false,false,,,,,,false,false,false,,,false,false,false,false,false,-83.27689,42.41247,"{
  ""coordinates"": [
    -8.327688316000000e+01,
    4.241246637800000e+01
  ],
  ""type"": ""Point""
}","{
  ""coordinates"": [
    -83.27688316,
    42.412466378
  ],
  ""type"": ""Point""
}",-83.27688316,42.412466378
5662,9818670,CENTRAL,LAFAYETTE,2016-10-04,4,10,2016,21,3,4,9,,4,0,,1,1,3,0,2,2,1,5,0,0,0,0,true,,false,false,true,false,false,,,,,,false,false,false,,,false,false,false,false,false,-83.11842,42.30384,"{
  ""coordinates"": [
    -8.311842584500000e+01,
    4.230384248500010e+01
  ],
  ""type"": ""Point""
}","{
  ""coordinates"": [
    -83.118425845,
    42.303842485
  ],
  ""type"": ""Point""
}",-83.118425845,42.3038424850001
5663,9813168,SCHOOLCRAFT,PINEHURST,2016-10-04,4,10,2016,6,3,1,9,,4,0,,1,1,4,30,4,1,1,3,0,0,1,0,false,,false,false,false,false,false,,,,,,false,false,false,,,false,false,false,false,false,-83.16547,42.38833,"{
  ""coordinates"": [
    -8.316546657200000e+01,
    4.238833226500000e+01
  ],
  ""type"": ""Point""
}","{
  ""coordinates"": [
    -83.165466572,
    42.388332265
  ],
  ""type"": ""Point""
}",-83.165466572,42.388332265
5664,9818698,7MILE,EUREKA,2016-10-04,4,10,2016,20,3,3,9,,4,0,,1,1,4,25,4,2,2,5,0,0,0,0,true,,false,false,true,false,false,,,,,,false,false,false,,,false,false,false,false,false,-83.05746,42.43325,"{
  ""coordinates"": [
    -8.305745926199999e+01,
    4.243325309600000e+01
  ],
  ""type"": ""Point""
}","{
  ""coordinates"": [
    -83.057459262,
    42.433253096
  ],
  ""type"": ""Point""
}",-83.057459262,42.433253096
5665,9838322,I-94,FRENCH,2016-10-04,4,10,2016,9,3,5,1,,1,0,,1,1,1,55,3,2,1,5,0,0,0,0,true,,false,false,true,false,false,,,,,,false,false,false,,,false,false,false,false,false,-82.99702,42.39226,"{
  ""coordinates"": [
    -8.299701608800000e+01,
    4.239225849100010e+01
  ],
  ""type"": ""Point""
}","{
  ""coordinates"": [
    -82.997016088,
    42.392258491
  ],
  ""type"": ""Point""
}",-82.997016088,42.3922584910001
5666,9813171,OAKWOOD,FORT,2016-10-04,4,10,2016,12,3,1,3,,,0,,1,1,1,30,5,2,1,4,0,0,0,1,false,,false,false,true,false,false,,,,,,false,false,false,,,false,false,false,true,false,-83.14352,42.29041,"{
  ""coordinates"": [
    -8.314351843999999e+01,
    4.229041210600010e+01
  ],
  ""type"": ""Point""
}","{
  ""coordinates"": [
    -83.14351844,
    42.290412106
  ],
  ""type"": ""Point""
}",-83.14351844,42.2904121060001
5667,9818692,FAIRCREST,CHALMERS,2016-10-04,4,10,2016,12,3,2,9,,,2,,1,1,1,30,3,2,1,5,0,0,0,0,true,,true,false,false,false,false,,,,,,false,false,false,,,false,false,false,false,false,-82.97575,42.43205,"{
  ""coordinates"": [
    -8.297574292600000e+01,
    4.243204730400000e+01
  ],
  ""type"": ""Point""
}","{
  ""coordinates"": [
    -82.975742926,
    42.432047304
  ],
  ""type"": ""Point""
}",-82.975742926,42.432047304
5668,9818667,WOODWARD,BLAINE,2016-10-04,4,10,2016,16,3,97,3,,1,0,,1,1,1,35,7,3,2,3,0,0,1,0,false,,false,false,true,false,false,,,,,,false,false,false,,,false,false,false,true,false,-83.07961,42.37966,"{
  ""coordinates"": [
    -8.307960724500001e+01,
    4.237965889000000e+01
  ],
  ""type"": ""Point""
}","{
  ""coordinates"": [
    -83.079607245,
    42.37965889
  ],
  ""type"": ""Point""
}",-83.079607245,42.37965889
5669,9856724,S I 75,RAMP 037D,2016-10-04,4,10,2016,22,3,1,1,,1,0,,1,1,3,70,3,1,1,5,0,0,0,0,true,,false,false,false,false,false,,,,,,false,false,false,,,false,false,false,false,false,-83.08127,42.33287,"{
  ""coordinates"": [
    -8.308126899699990e+01,
    4.233287593400010e+01
  ],
  ""type"": ""Point""
}","{
  ""coordinates"": [
    -83.081268997,
    42.332875934
  ],
  ""type"": ""Point""
}",-83.0812689969999,42.3328759340001
5670,9813173,ROSEBERRY,KILBOURNE,2016-10-04,4,10,2016,14,3,4,9,,,0,,1,2,1,25,2,2,2,5,0,0,0,0,true,,false,false,false,false,false,,,,,,false,true,true,,,false,false,false,false,false,-82.98864,42.41102,"{
  ""coordinates"": [
    -8.298864350500000e+01,
    4.241101810100000e+01
  ],
  ""type"": ""Point""
}","{
  ""coordinates"": [
    -82.988643505,
    42.411018101
  ],
  ""type"": ""Point""
}",-82.988643505,42.411018101
5671,9861691,S/B I 75,CLAY,2016-10-04,4,10,2016,8,3,5,1,,1,0,,1,1,1,55,4,2,2,5,0,0,0,0,true,,false,false,false,false,false,,,,,,false,false,true,,,false,false,false,false,false,-83.06374,42.37958,"{
  ""coordinates"": [
    -8.306373624199991e+01,
    4.237957727800010e+01
  ],
  ""type"": ""Point""
}","{
  ""coordinates"": [
    -83.063736242,
    42.379577278
  ],
  ""type"": ""Point""
}",-83.0637362419999,42.3795772780001
5672,9813179,7 MILE,FENMORE,2016-10-04,4,10,2016,14,3,5,9,,2,0,,1,1,1,35,4,2,1,4,0,0,0,1,false,,false,false,true,false,false,,,,,,false,false,false,,,false,false,false,false,false,-83.21832,42.43003,"{
  ""coordinates"": [
    -8.321831138399990e+01,
    4.243003434200010e+01
  ],
  ""type"": ""Point""
}","{
  ""coordinates"": [
    -83.218311384,
    42.430034342
  ],
  ""type"": ""Point""
}",-83.2183113839999,42.4300343420001
5673,9822217,HARPER,WOODWARD,2016-10-04,4,10,2016,15,3,4,3,,,0,,1,1,1,30,8,2,1,5,0,0,0,0,true,,false,false,false,false,false,,,,,,false,false,false,,,false,false,false,false,false,-83.06994,42.36515,"{
  ""coordinates"": [
    -8.306993806900000e+01,
    4.236514938900010e+01
  ],
  ""type"": ""Point""
}","{
  ""coordinates"": [
    -83.069938069,
    42.365149389
  ],
  ""type"": ""Point""
}",-83.069938069,42.3651493890001
5674,9819992,I-94,LIVERNOIS,2016-10-04,4,10,2016,15,3,5,1,,1,0,,1,1,1,55,3,3,5,4,0,0,0,2,false,,false,false,false,false,false,,,,,,false,false,true,,,false,false,false,false,false,-83.12312,42.33801,"{
  ""coordinates"": [
    -8.312312597300000e+01,
    4.233800949000000e+01
  ],
  ""type"": ""Point""
}","{
  ""coordinates"": [
    -83.123125973,
    42.33800949
  ],
  ""type"": ""Point""
}",-83.123125973,42.33800949
5675,9996474,LODGE,EUCLID,2016-10-04,4,10,2016,17,3,1,3,,1,0,,1,1,1,70,3,1,1,5,0,0,0,0,true,,false,false,false,false,false,,,,,,false,true,false,,,false,false,false,false,false,-83.08873,42.37721,"{
  ""coordinates"": [
    -8.308872630300000e+01,
    4.237721015200000e+01
  ],
  ""type"": ""Point""
}","{
  ""coordinates"": [
    -83.088726303,
    42.377210152
  ],
  ""type"": ""Point""
}",-83.088726303,42.377210152
5676,9819993,S I 75,RAMP 216J,2016-10-04,4,10,2016,17,3,8,1,,1,0,,1,1,1,55,3,2,2,5,0,0,0,0,true,,false,false,false,false,false,,,,,,false,false,false,,,false,false,false,false,false,-83.05878,42.36975,"{
  ""coordinates"": [
    -8.305877495999989e+01,
    4.236974676600000e+01
  ],
  ""type"": ""Point""
}","{
  ""coordinates"": [
    -83.05877496,
    42.369746766
  ],
  ""type"": ""Point""
}",-83.0587749599999,42.369746766
5677,9813209,JAMES COUZENS SER,MEYERS,2016-10-04,4,10,2016,12,3,4,3,,1,0,,1,1,1,35,2,2,3,4,0,0,0,2,false,,false,false,false,false,false,,,,,,false,false,true,,,false,false,false,false,false,-83.16993,42.41412,"{
  ""coordinates"": [
    -8.316993034399999e+01,
    4.241411598300000e+01
  ],
  ""type"": ""Point""
}","{
  ""coordinates"": [
    -83.169930344,
    42.414115983
  ],
  ""type"": ""Point""
}",-83.169930344,42.414115983
5678,9822206,BRUSH,GRATIOT,2016-10-04,4,10,2016,16,3,8,3,,4,0,,1,1,1,25,3,2,3,5,0,0,0,0,true,,false,false,true,false,false,,,,,,false,false,false,,,false,false,false,false,false,-83.04477,42.33601,"{
  ""coordinates"": [
    -8.304477276400000e+01,
    4.233600451400010e+01
  ],
  ""type"": ""Point""
}","{
  ""coordinates"": [
    -83.044772764,
    42.336004514
  ],
  ""type"": ""Point""
}",-83.044772764,42.3360045140001
5679,9813172,CLAYTON,PARKINSON,2016-10-04,4,10,2016,14,3,8,9,,,0,,1,2,1,25,3,2,1,5,0,0,0,0,true,,false,false,false,false,false,,,,,,false,false,true,,,false,false,false,false,false,-83.12658,42.32557,"{
  ""coordinates"": [
    -8.312657885300000e+01,
    4.232556563300010e+01
  ],
  ""type"": ""Point""
}","{
  ""coordinates"": [
    -83.126578853,
    42.325565633
  ],
  ""type"": ""Point""
}",-83.126578853,42.3255656330001
5680,9813188,CHALMERS,MAPLERIDGE,2016-10-04,4,10,2016,12,3,8,9,,4,0,,1,1,1,30,2,2,2,4,0,0,0,1,false,,false,false,false,false,false,,,,,,false,false,false,,,false,false,true,false,false,-82.97513,42.42899,"{
  ""coordinates"": [
    -8.297512525199990e+01,
    4.242898419300010e+01
  ],
  ""type"": ""Point""
}","{
  ""coordinates"": [
    -82.975125252,
    42.428984193
  ],
  ""type"": ""Point""
}",-82.9751252519999,42.4289841930001
5681,9813165,MEYER,OAKMAN,2016-10-04,4,10,2016,13,3,9,9,,,2,,1,2,1,25,1,2,1,5,0,0,0,0,true,,false,false,false,false,false,,,,,,false,false,true,,,false,false,false,false,false,-83.16758,42.3558,"{
  ""coordinates"": [
    -8.316758168299999e+01,
    4.235579615000010e+01
  ],
  ""type"": ""Point""
}","{
  ""coordinates"": [
    -83.167581683,
    42.35579615
  ],
  ""type"": ""Point""
}",-83.167581683,42.3557961500001
5682,9813201,EIGHT MILE,JOHN R,2016-10-04,4,10,2016,9,3,5,3,,1,0,,1,1,1,40,6,2,2,5,0,0,0,0,true,,false,false,false,false,false,,,,,,false,false,false,,,false,false,false,false,false,-83.10313,42.44699,"{
  ""coordinates"": [
    -8.310313753799990e+01,
    4.244698888800010e+01
  ],
  ""type"": ""Point""
}","{
  ""coordinates"": [
    -83.103137538,
    42.446988888
  ],
  ""type"": ""Point""
}",-83.1031375379999,42.4469888880001
5683,9838337,M-10,GRAND,2016-10-04,4,10,2016,9,3,8,3,,1,0,,1,1,1,55,3,2,2,4,0,0,0,1,false,,false,false,false,false,false,,,,,,false,false,false,,,false,false,false,false,false,-83.0817,42.3667,"{
  ""coordinates"": [
    -8.308170069600000e+01,
    4.236670241300000e+01
  ],
  ""type"": ""Point""
}","{
  ""coordinates"": [
    -83.081700696,
    42.366702413
  ],
  ""type"": ""Point""
}",-83.081700696,42.366702413
5684,9813193,DEQUINDRE,VICTOR,2016-10-03,3,10,2016,18,2,97,9,,4,1,,1,1,3,25,2,1,1,2,0,1,0,0,false,,false,false,false,false,false,,,,,,false,true,false,,,false,false,false,false,false,-83.07991,42.41316,"{
  ""coordinates"": [
    -8.307991335700000e+01,
    4.241315880800000e+01
  ],
  ""type"": ""Point""
}","{
  ""coordinates"": [
    -83.079913357,
    42.413158808
  ],
  ""type"": ""Point""
}",-83.079913357,42.413158808
5685,9812503,WYOMING,PLYMOUTH,2016-10-03,3,10,2016,15,2,97,9,,4,0,,1,1,1,30,2,3,3,5,0,0,0,0,true,,false,false,false,false,false,,,,,,false,false,false,,,false,false,false,false,false,-83.15858,42.37406,"{
  ""coordinates"": [
    -8.315858102500000e+01,
    4.237406286000000e+01
  ],
  ""type"": ""Point""
}","{
  ""coordinates"": [
    -83.158581025,
    42.37406286
  ],
  ""type"": ""Point""
}",-83.158581025,42.37406286
5686,9822270,GRAND,POE,2016-10-03,3,10,2016,16,2,4,9,,4,0,,1,1,1,30,6,2,3,5,0,0,0,0,true,,false,false,false,false,false,,,,,,false,true,false,,,false,false,false,false,false,-83.08685,42.36529,"{
  ""coordinates"": [
    -8.308685553299991e+01,
    4.236528980100010e+01
  ],
  ""type"": ""Point""
}","{
  ""coordinates"": [
    -83.086855533,
    42.365289801
  ],
  ""type"": ""Point""
}",-83.0868555329999,42.3652898010001
5687,9839741,GRATIOT,SAINT AUBIN,2016-10-03,3,10,2016,21,2,8,3,,1,0,,1,1,4,35,3,2,2,5,0,0,0,0,true,,false,false,true,false,false,,,,,,false,true,false,,,false,false,false,false,false,-83.03444,42.3491,"{
  ""coordinates"": [
    -8.303443762900000e+01,
    4.234910198400010e+01
  ],
  ""type"": ""Point""
}","{
  ""coordinates"": [
    -83.034437629,
    42.349101984
  ],
  ""type"": ""Point""
}",-83.034437629,42.3491019840001
5688,9858030,6 MILE,TRINITY1605,2016-10-03,3,10,2016,17,2,8,9,,2,0,,1,1,1,30,2,2,3,4,0,0,0,1,false,,false,false,false,false,false,,,,,,false,false,false,,,false,false,false,false,false,-83.24888,42.41473,"{
  ""coordinates"": [
    -8.324887768000001e+01,
    4.241472507500000e+01
  ],
  ""type"": ""Point""
}","{
  ""coordinates"": [
    -83.24887768,
    42.414725075
  ],
  ""type"": ""Point""
}",-83.24887768,42.414725075
5689,9812529,GRAND RIVER,GLASTONBURY,2016-10-03,3,10,2016,11,2,7,3,,1,0,,1,1,1,35,7,2,2,5,0,0,0,0,true,,false,false,false,false,false,,,,,,false,true,false,,,false,false,false,false,false,-83.22532,42.40353,"{
  ""coordinates"": [
    -8.322531784200000e+01,
    4.240352917600010e+01
  ],
  ""type"": ""Point""
}","{
  ""coordinates"": [
    -83.225317842,
    42.403529176
  ],
  ""type"": ""Point""
}",-83.225317842,42.4035291760001
5690,9813183,8 MILE,GRATIOT,2016-10-03,3,10,2016,17,2,5,3,,1,0,,1,1,1,35,4,2,3,5,0,0,0,0,true,,false,false,true,false,false,,,,,,false,false,false,,,false,false,false,false,false,-82.96793,42.44983,"{
  ""coordinates"": [
    -8.296792917999990e+01,
    4.244983424600010e+01
  ],
  ""type"": ""Point""
}","{
  ""coordinates"": [
    -82.96792918,
    42.449834246
  ],
  ""type"": ""Point""
}",-82.9679291799999,42.4498342460001
5691,9812505,WYOMING,PLYMOUTH,2016-10-03,3,10,2016,8,2,5,9,,4,0,,1,1,1,30,2,3,3,4,0,0,0,1,false,,false,false,false,false,false,,,,,,false,false,false,,,false,false,false,false,false,-83.15858,42.37406,"{
  ""coordinates"": [
    -8.315858102500000e+01,
    4.237406286000000e+01
  ],
  ""type"": ""Point""
}","{
  ""coordinates"": [
    -83.158581025,
    42.37406286
  ],
  ""type"": ""Point""
}",-83.158581025,42.37406286
5692,9813192,8 MILE,S I 75 SERVICE DRIVE,2016-10-03,3,10,2016,16,2,4,3,,1,0,,1,1,1,40,6,2,2,5,0,0,0,0,true,,true,true,false,false,false,,,,,,false,false,false,,,false,false,false,false,false,-83.09541,42.44678,"{
  ""coordinates"": [
    -8.309540665500001e+01,
    4.244678564400000e+01
  ],
  ""type"": ""Point""
}","{
  ""coordinates"": [
    -83.095406655,
    42.446785644
  ],
  ""type"": ""Point""
}",-83.095406655,42.446785644
5693,9997620,FOREST,COMMONWEALTH,2016-10-03,3,10,2016,18,2,1,9,,4,0,,1,1,1,30,3,2,2,5,0,0,0,0,true,,false,false,false,false,false,,,,,,false,true,false,,,false,false,false,true,false,-83.07863,42.34956,"{
  ""coordinates"": [
    -8.307862774199999e+01,
    4.234956265100000e+01
  ],
  ""type"": ""Point""
}","{
  ""coordinates"": [
    -83.078627742,
    42.349562651
  ],
  ""type"": ""Point""
}",-83.078627742,42.349562651
5694,9836961,MOROSS,I-94,2016-10-03,3,10,2016,15,2,5,9,,2,0,,1,1,1,25,3,2,1,5,0,0,0,0,true,,false,false,true,false,false,,,,,,false,false,false,,,false,false,false,false,false,-82.92693,42.42396,"{
  ""coordinates"": [
    -8.292692628000000e+01,
    4.242395889000010e+01
  ],
  ""type"": ""Point""
}","{
  ""coordinates"": [
    -82.92692628,
    42.42395889
  ],
  ""type"": ""Point""
}",-82.92692628,42.4239588900001
5695,9861471,S M 10,RAMP 215H,2016-10-03,3,10,2016,16,2,5,3,,1,0,,1,1,1,55,3,2,3,4,0,0,0,3,false,,false,false,false,false,false,,,,,,false,false,true,,,false,false,false,false,false,-83.07598,42.35786,"{
  ""coordinates"": [
    -8.307597845200000e+01,
    4.235786011700000e+01
  ],
  ""type"": ""Point""
}","{
  ""coordinates"": [
    -83.075978452,
    42.357860117
  ],
  ""type"": ""Point""
}",-83.075978452,42.357860117
5696,9813170,WOODWARD,MACK,2016-10-03,3,10,2016,21,2,5,3,,1,0,,1,1,4,30,3,2,2,5,0,0,0,0,true,,false,false,false,false,false,,,,,,false,false,true,,,false,false,false,false,false,-83.05779,42.34726,"{
  ""coordinates"": [
    -8.305778880699999e+01,
    4.234726129100010e+01
  ],
  ""type"": ""Point""
}","{
  ""coordinates"": [
    -83.057788807,
    42.347261291
  ],
  ""type"": ""Point""
}",-83.057788807,42.3472612910001