ObjectId,Crash ID,Primary Road,Intersecting Road,Crash Date,Day,Month,Year,Hour,Weekday,Crash Type Code,Highway Classification Code,Community Code,Jurisdiction Code,Lane Departure Type Code,Surface Type,Road Condition,Weather Condition,Lighting Condition,Speed Limit,Lanes,Units,Occupants,Most Severe Injury,Fatal Injuries,Suspected Serious Injuries,Suspected Minor Injuries,Possible Injuries,Property Damage Only,Secondary Crash,Traffic Control,Red Light Run,Hit and Run,Alcohol,Drugs,Unbelted Person,Work Zone,Speeding Driver,Distracted Driver,Driveway,Pedestrian,Elderly Driver,Young Driver,Commercial Vehicle,Emergency Vehicles,Train,School Bus,Motorcycle,Bicycle,Deer,Longitude,Latitude,geom,geog,x,y
5697,9824808,GLASTONBURY,PEMBROKE,2016-10-03,3,10,2016,23,2,5,9,,,0,,1,1,4,15,1,2,0,5,0,0,0,0,true,,false,false,true,false,false,,,,,,false,false,false,,,false,false,false,false,false,-83.22324,42.43706,"{
  ""coordinates"": [
    -8.322323815100000e+01,
    4.243706182300010e+01
  ],
  ""type"": ""Point""
}","{
  ""coordinates"": [
    -83.223238151,
    42.437061823
  ],
  ""type"": ""Point""
}",-83.223238151,42.4370618230001
5698,9834399,EVERGREEN,SCHOOLCRAFT,2016-10-03,3,10,2016,0,2,2,9,,4,2,,1,2,4,30,4,4,4,4,0,0,0,2,false,,false,false,false,false,false,,,,,,false,false,true,,,false,false,false,false,false,-83.23656,42.37901,"{
  ""coordinates"": [
    -8.323656690900000e+01,
    4.237901279800010e+01
  ],
  ""type"": ""Point""
}","{
  ""coordinates"": [
    -83.236566909,
    42.379012798
  ],
  ""type"": ""Point""
}",-83.236566909,42.3790127980001
5699,9824772,BRADFORD,LAPPIN,2016-10-03,3,10,2016,2,2,5,9,,,0,,2,2,4,25,1,2,2,5,0,0,0,0,true,,false,false,false,false,false,,,,,,false,false,true,,,false,false,false,false,false,-83.00109,42.43655,"{
  ""coordinates"": [
    -8.300108725199991e+01,
    4.243655574300000e+01
  ],
  ""type"": ""Point""
}","{
  ""coordinates"": [
    -83.001087252,
    42.436555743
  ],
  ""type"": ""Point""
}",-83.0010872519999,42.436555743
5700,9822242,8 MILE,EVERGREEN,2016-10-03,3,10,2016,16,2,97,3,,1,0,,1,1,1,45,8,2,0,3,0,0,1,0,false,,false,false,true,false,false,,,,,,true,false,false,,,false,false,false,false,false,-83.23724,42.4438,"{
  ""coordinates"": [
    -8.323723657200000e+01,
    4.244379752900010e+01
  ],
  ""type"": ""Point""
}","{
  ""coordinates"": [
    -83.237236572,
    42.443797529
  ],
  ""type"": ""Point""
}",-83.237236572,42.4437975290001
5701,9824691,WINSTON,MC NICHOLS,2016-10-03,3,10,2016,1,2,97,9,,,0,,1,1,5,25,1,2,0,5,0,0,0,0,true,,false,false,true,false,false,,,,,,true,false,false,,,false,false,false,false,false,-83.28364,42.41455,"{
  ""coordinates"": [
    -8.328363777700000e+01,
    4.241455393400000e+01
  ],
  ""type"": ""Point""
}","{
  ""coordinates"": [
    -83.283637777,
    42.414553934
  ],
  ""type"": ""Point""
}",-83.283637777,42.414553934
5702,9813199,SEVEN MILE,VAN DYKE,2016-10-03,3,10,2016,8,2,8,3,,4,0,,1,2,2,0,4,2,2,5,0,0,0,0,true,,false,false,false,false,false,,,,,,false,false,false,,,false,false,false,false,false,-83.02397,42.43398,"{
  ""coordinates"": [
    -8.302397379300000e+01,
    4.243397349300010e+01
  ],
  ""type"": ""Point""
}","{
  ""coordinates"": [
    -83.023973793,
    42.433973493
  ],
  ""type"": ""Point""
}",-83.023973793,42.4339734930001
5703,9811483,W I 94,CHALMERS,2016-10-03,3,10,2016,6,2,5,1,,1,0,,1,1,4,55,3,2,2,5,0,0,0,0,true,,false,false,false,false,false,,,,,,false,false,true,,,false,false,false,false,false,-82.96477,42.40366,"{
  ""coordinates"": [
    -8.296476713899990e+01,
    4.240365751700010e+01
  ],
  ""type"": ""Point""
}","{
  ""coordinates"": [
    -82.964767139,
    42.403657517
  ],
  ""type"": ""Point""
}",-82.9647671389999,42.4036575170001
5704,9812526,SEVEN MILE,MOENART,2016-10-03,3,10,2016,23,2,4,9,,4,0,,1,1,4,30,2,2,1,4,0,0,0,1,false,,false,false,true,false,false,,,,,,false,false,true,,,false,false,false,false,false,-83.05022,42.43341,"{
  ""coordinates"": [
    -8.305022036500000e+01,
    4.243340927300010e+01
  ],
  ""type"": ""Point""
}","{
  ""coordinates"": [
    -83.050220365,
    42.433409273
  ],
  ""type"": ""Point""
}",-83.050220365,42.4334092730001
5705,9813145,M 39,RAMP 3 009A,2016-10-03,3,10,2016,19,2,1,3,,4,1,,1,1,1,55,1,1,1,5,0,0,0,0,true,,false,false,false,false,false,,,,,,false,false,false,,,false,false,false,false,false,-83.21627,42.37116,"{
  ""coordinates"": [
    -8.321626911600001e+01,
    4.237116164100010e+01
  ],
  ""type"": ""Point""
}","{
  ""coordinates"": [
    -83.216269116,
    42.371161641
  ],
  ""type"": ""Point""
}",-83.216269116,42.3711616410001
5706,9813186,W/B 94,GRATIOT,2016-10-03,3,10,2016,11,2,8,1,,1,0,,1,1,1,55,3,2,2,5,0,0,0,0,true,,false,false,false,false,false,,,,,,false,true,false,,,false,false,false,false,false,-83.00652,42.39146,"{
  ""coordinates"": [
    -8.300651981500000e+01,
    4.239146544500010e+01
  ],
  ""type"": ""Point""
}","{
  ""coordinates"": [
    -83.006519815,
    42.391465445
  ],
  ""type"": ""Point""
}",-83.006519815,42.3914654450001
5707,9813184,7 MILE,KEYSTONE,2016-10-03,3,10,2016,5,2,8,9,,4,0,,1,1,5,25,2,2,2,5,0,0,0,0,true,,true,false,true,false,false,,,,,,false,false,false,,,false,false,false,false,false,-83.05142,42.43339,"{
  ""coordinates"": [
    -8.305142212600001e+01,
    4.243338876600010e+01
  ],
  ""type"": ""Point""
}","{
  ""coordinates"": [
    -83.051422126,
    42.433388766
  ],
  ""type"": ""Point""
}",-83.051422126,42.4333887660001
5708,9812506,JOY,LITTLEFIELD,2016-10-03,3,10,2016,16,2,5,9,,4,0,,1,1,1,35,2,2,4,4,0,0,0,4,false,,false,false,false,false,false,,,,,,false,false,false,,,false,false,false,false,false,-83.17542,42.35859,"{
  ""coordinates"": [
    -8.317541444200000e+01,
    4.235858748100000e+01
  ],
  ""type"": ""Point""
}","{
  ""coordinates"": [
    -83.175414442,
    42.358587481
  ],
  ""type"": ""Point""
}",-83.175414442,42.358587481
5709,9824506,M-39,8 MILE,2016-10-03,3,10,2016,15,2,5,3,,1,0,,1,1,1,55,3,2,3,4,0,0,0,1,false,,false,false,false,false,false,,,,,,false,true,true,,,false,false,false,false,false,-83.21964,42.44362,"{
  ""coordinates"": [
    -8.321963389800000e+01,
    4.244362054100000e+01
  ],
  ""type"": ""Point""
}","{
  ""coordinates"": [
    -83.219633898,
    42.443620541
  ],
  ""type"": ""Point""
}",-83.219633898,42.443620541
5710,9813177,COOLEY,CURTIS,2016-10-03,3,10,2016,11,2,8,9,,,0,,1,1,1,25,2,2,0,5,0,0,0,0,true,,false,false,true,false,false,,,,,,false,false,false,,,false,false,false,false,false,-83.25983,42.42154,"{
  ""coordinates"": [
    -8.325983020599990e+01,
    4.242153594300000e+01
  ],
  ""type"": ""Point""
}","{
  ""coordinates"": [
    -83.259830206,
    42.421535943
  ],
  ""type"": ""Point""
}",-83.2598302059999,42.421535943
5711,9997364,I-75,HOLBROOK,2016-10-03,3,10,2016,1,2,8,1,,1,0,,1,2,4,70,4,2,2,5,0,0,0,0,true,,false,false,false,false,false,,,,,,false,false,true,,,false,false,false,false,false,-83.06971,42.39068,"{
  ""coordinates"": [
    -8.306971040000001e+01,
    4.239068078400000e+01
  ],
  ""type"": ""Point""
}","{
  ""coordinates"": [
    -83.0697104,
    42.390680784
  ],
  ""type"": ""Point""
}",-83.0697104,42.390680784
5712,9828692,ANN ARBOR TRL,WARREN AVE,2016-10-03,3,10,2016,8,2,5,9,,4,0,,1,3,1,35,2,3,3,3,0,0,1,0,false,,false,false,false,false,false,,,,,,false,false,true,,,false,false,false,false,false,-83.2624,42.34203,"{
  ""coordinates"": [
    -8.326239577599991e+01,
    4.234203516600010e+01
  ],
  ""type"": ""Point""
}","{
  ""coordinates"": [
    -83.262395776,
    42.342035166
  ],
  ""type"": ""Point""
}",-83.2623957759999,42.3420351660001
5713,9812531,GREENFIELD,OUTER,2016-10-03,3,10,2016,15,2,4,9,,2,0,,1,1,1,35,4,2,3,4,0,0,0,3,false,,true,true,false,false,false,,,,,,false,false,true,,,false,false,false,false,false,-83.19944,42.41946,"{
  ""coordinates"": [
    -8.319943838700000e+01,
    4.241946487400000e+01
  ],
  ""type"": ""Point""
}","{
  ""coordinates"": [
    -83.199438387,
    42.419464874
  ],
  ""type"": ""Point""
}",-83.199438387,42.419464874
5714,9818673,TEMPLE,CASS,2016-10-03,3,10,2016,14,2,5,9,,4,0,,1,1,1,25,2,2,1,5,0,0,0,0,true,,false,false,false,true,true,,,,,,false,false,false,,,false,false,false,false,false,-83.05931,42.34153,"{
  ""coordinates"": [
    -8.305931454800000e+01,
    4.234153240800000e+01
  ],
  ""type"": ""Point""
}","{
  ""coordinates"": [
    -83.059314548,
    42.341532408
  ],
  ""type"": ""Point""
}",-83.059314548,42.341532408
5715,9818674,SCHOOLCRAFT,HEYDEN,2016-10-03,3,10,2016,17,2,98,9,,2,0,,1,1,1,25,2,2,0,5,0,0,0,0,true,,false,false,true,false,false,,,,,,false,false,false,,,false,false,false,false,false,-83.23895,42.38621,"{
  ""coordinates"": [
    -8.323894286399999e+01,
    4.238621002400000e+01
  ],
  ""type"": ""Point""
}","{
  ""coordinates"": [
    -83.238942864,
    42.386210024
  ],
  ""type"": ""Point""
}",-83.238942864,42.386210024
5716,9813191,VAN DYKE,LYNCH,2016-10-03,3,10,2016,16,2,5,3,,1,0,,1,1,1,0,6,2,2,5,0,0,0,0,true,,false,false,false,false,false,,,,,,false,false,false,,,false,false,false,false,false,-83.02315,42.40499,"{
  ""coordinates"": [
    -8.302315009800000e+01,
    4.240499536300010e+01
  ],
  ""type"": ""Point""
}","{
  ""coordinates"": [
    -83.023150098,
    42.404995363
  ],
  ""type"": ""Point""
}",-83.023150098,42.4049953630001
5717,9822273,LASALLE,EDISON,2016-10-03,3,10,2016,17,2,5,9,,,0,,1,1,1,35,2,2,2,5,0,0,0,0,true,,false,false,false,false,false,,,,,,false,false,false,,,false,false,false,false,false,-83.10661,42.37569,"{
  ""coordinates"": [
    -8.310660577499991e+01,
    4.237568550700010e+01
  ],
  ""type"": ""Point""
}","{
  ""coordinates"": [
    -83.106605775,
    42.375685507
  ],
  ""type"": ""Point""
}",-83.1066057749999,42.3756855070001
5718,9813146,RAMP 216I,MILWAUKEE,2016-10-03,3,10,2016,18,2,8,1,,1,0,,1,1,1,55,2,2,3,5,0,0,0,0,true,,false,false,false,false,false,,,,,,false,false,false,,,false,false,false,false,false,-83.05989,42.37293,"{
  ""coordinates"": [
    -8.305989209500000e+01,
    4.237292794800000e+01
  ],
  ""type"": ""Point""
}","{
  ""coordinates"": [
    -83.059892095,
    42.372927948
  ],
  ""type"": ""Point""
}",-83.059892095,42.372927948
5719,9824766,BALFOUR,MORANG,2016-10-03,3,10,2016,12,2,9,9,,,2,,1,2,1,25,1,2,1,5,0,0,0,0,true,,false,false,true,false,false,,,,,,false,false,false,,,false,false,false,false,false,-82.94269,42.42289,"{
  ""coordinates"": [
    -8.294269061200001e+01,
    4.242288963700000e+01
  ],
  ""type"": ""Point""
}","{
  ""coordinates"": [
    -82.942690612,
    42.422889637
  ],
  ""type"": ""Point""
}",-82.942690612,42.422889637
5720,9813181,MORANG,ROXBURY,2016-10-03,3,10,2016,14,2,8,9,,4,0,,1,1,1,35,4,2,3,5,0,0,0,0,true,,false,false,true,false,false,,,,,,false,false,false,,,false,false,false,false,false,-82.94672,42.42479,"{
  ""coordinates"": [
    -8.294672512400000e+01,
    4.242478583100010e+01
  ],
  ""type"": ""Point""
}","{
  ""coordinates"": [
    -82.946725124,
    42.424785831
  ],
  ""type"": ""Point""
}",-82.946725124,42.4247858310001
5721,9824752,WESTPHALIA,7 MILE,2016-10-03,3,10,2016,0,2,97,9,,,0,,1,1,5,25,1,2,1,4,0,0,0,1,false,,false,false,false,false,false,,,,,,false,false,false,,,false,false,false,false,false,-82.99239,42.43475,"{
  ""coordinates"": [
    -8.299239698799990e+01,
    4.243475522000010e+01
  ],
  ""type"": ""Point""
}","{
  ""coordinates"": [
    -82.992396988,
    42.43475522
  ],
  ""type"": ""Point""
}",-82.9923969879999,42.4347552200001
5722,9828140,JEFFERSON,WOODWARD,2016-10-03,3,10,2016,8,2,97,3,,1,0,,1,1,1,35,3,2,1,5,0,0,0,0,true,,false,false,true,false,false,,,,,,false,false,false,,,false,false,false,false,false,-83.04479,42.32873,"{
  ""coordinates"": [
    -8.304479369400001e+01,
    4.232873224600010e+01
  ],
  ""type"": ""Point""
}","{
  ""coordinates"": [
    -83.044793694,
    42.328732246
  ],
  ""type"": ""Point""
}",-83.044793694,42.3287322460001
5723,9824605,I 94,CADIUEX,2016-10-03,3,10,2016,23,2,5,1,,1,0,,1,1,4,55,3,2,1,5,0,0,0,0,true,,false,false,true,false,false,,,,,,false,false,false,,,false,false,false,false,false,-82.9407,42.41475,"{
  ""coordinates"": [
    -8.294070432599990e+01,
    4.241475132700000e+01
  ],
  ""type"": ""Point""
}","{
  ""coordinates"": [
    -82.940704326,
    42.414751327
  ],
  ""type"": ""Point""
}",-82.9407043259999,42.414751327
5724,9818649,GRISWOLD,CONGRESS,2016-10-03,3,10,2016,13,2,8,9,,4,0,,1,1,1,0,4,2,3,5,0,0,0,0,true,,false,false,false,false,false,,,,,,false,false,false,,,false,false,false,false,false,-83.04662,42.32977,"{
  ""coordinates"": [
    -8.304661611700000e+01,
    4.232976664300000e+01
  ],
  ""type"": ""Point""
}","{
  ""coordinates"": [
    -83.046616117,
    42.329766643
  ],
  ""type"": ""Point""
}",-83.046616117,42.329766643
5725,9819991,I-75,WARREN,2016-10-03,3,10,2016,17,2,8,1,,1,0,,1,2,1,55,3,2,2,5,0,0,0,0,true,,false,false,false,false,false,,,,,,false,false,false,,,false,false,false,false,false,-83.05497,42.36216,"{
  ""coordinates"": [
    -8.305496951700000e+01,
    4.236216308700010e+01
  ],
  ""type"": ""Point""
}","{
  ""coordinates"": [
    -83.054969517,
    42.362163087
  ],
  ""type"": ""Point""
}",-83.054969517,42.3621630870001
5726,9836951,E I 96 CD,KENTFIELD,2016-10-03,3,10,2016,7,2,5,0,,1,0,,1,3,4,55,2,2,2,5,0,0,0,0,true,,false,false,false,false,false,,,,,,false,false,false,,,false,false,false,false,false,-83.24047,42.38319,"{
  ""coordinates"": [
    -8.324046812599990e+01,
    4.238318928300000e+01
  ],
  ""type"": ""Point""
}","{
  ""coordinates"": [
    -83.240468126,
    42.383189283
  ],
  ""type"": ""Point""
}",-83.2404681259999,42.383189283
5727,9824748,8 MILE,KELLY,2016-10-03,3,10,2016,15,2,4,3,,1,0,,1,1,1,35,4,2,2,5,0,0,0,0,true,,true,true,false,false,false,,,,,,false,false,true,,,false,false,false,false,false,-82.94138,42.45023,"{
  ""coordinates"": [
    -8.294137233100000e+01,
    4.245022656100010e+01
  ],
  ""type"": ""Point""
}","{
  ""coordinates"": [
    -82.941372331,
    42.450226561
  ],
  ""type"": ""Point""
}",-82.941372331,42.4502265610001
5728,9855320,N M 39,WARREN,2016-10-03,3,10,2016,22,2,5,3,,1,0,,98,98,98,55,3,2,1,5,0,0,0,0,true,,false,false,false,false,false,,,,,,false,false,false,,,false,false,false,false,false,-83.21603,42.34194,"{
  ""coordinates"": [
    -8.321602792399990e+01,
    4.234193633200000e+01
  ],
  ""type"": ""Point""
}","{
  ""coordinates"": [
    -83.216027924,
    42.341936332
  ],
  ""type"": ""Point""
}",-83.2160279239999,42.341936332
5729,9811496,BESSEMORE,GRATIOT,2016-10-03,3,10,2016,0,2,8,3,,,3,,1,1,4,25,1,2,0,5,0,0,0,0,true,,false,false,true,false,false,,,,,,false,false,false,,,false,false,false,false,false,-83.00423,42.39511,"{
  ""coordinates"": [
    -8.300423650800001e+01,
    4.239510801600010e+01
  ],
  ""type"": ""Point""
}","{
  ""coordinates"": [
    -83.004236508,
    42.395108016
  ],
  ""type"": ""Point""
}",-83.004236508,42.3951080160001
5730,9891837,GRAND RIVER,SCHAEFER,2016-10-03,3,10,2016,12,2,8,3,,1,0,,1,1,1,35,5,2,2,5,0,0,0,0,true,,false,false,false,false,false,,,,,,false,true,false,,,false,false,false,false,false,-83.17866,42.38472,"{
  ""coordinates"": [
    -8.317865666800000e+01,
    4.238472312600000e+01
  ],
  ""type"": ""Point""
}","{
  ""coordinates"": [
    -83.178656668,
    42.384723126
  ],
  ""type"": ""Point""
}",-83.178656668,42.384723126
5731,9838394,GRATIOT,FAIRMOUNT,2016-10-03,3,10,2016,17,2,10,3,,1,0,,1,1,1,35,7,2,1,5,0,0,0,0,true,,false,false,true,false,false,,,,,,false,false,false,,,false,false,false,false,false,-82.9715,42.44446,"{
  ""coordinates"": [
    -8.297149834899990e+01,
    4.244446210000010e+01
  ],
  ""type"": ""Point""
}","{
  ""coordinates"": [
    -82.971498349,
    42.4444621
  ],
  ""type"": ""Point""
}",-82.9714983489999,42.4444621000001
5732,9822269,DEXTER,DAVISON,2016-10-03,3,10,2016,2,2,1,3,,4,0,,1,1,4,45,5,1,1,5,0,0,0,0,true,,false,false,false,true,true,,,,,,false,false,false,,,false,false,false,false,false,-83.13084,42.38972,"{
  ""coordinates"": [
    -8.313084577300000e+01,
    4.238971565100010e+01
  ],
  ""type"": ""Point""
}","{
  ""coordinates"": [
    -83.130845773,
    42.389715651
  ],
  ""type"": ""Point""
}",-83.130845773,42.3897156510001
5733,9844452,WARREN,S M 39 SERVICE DRIVE,2016-10-03,3,10,2016,12,2,8,9,,2,0,,1,1,1,25,2,2,1,5,0,0,0,0,true,,false,false,true,false,false,,,,,,false,false,false,,,false,false,false,false,false,-83.21649,42.34336,"{
  ""coordinates"": [
    -8.321648881199999e+01,
    4.234335920400010e+01
  ],
  ""type"": ""Point""
}","{
  ""coordinates"": [
    -83.216488812,
    42.343359204
  ],
  ""type"": ""Point""
}",-83.216488812,42.3433592040001
5734,9861472,I-94,TRUMBLE,2016-10-03,3,10,2016,17,2,8,1,,1,0,,1,1,1,55,3,2,3,5,0,0,0,0,true,,false,false,false,false,false,,,,,,false,false,false,,,false,false,false,false,false,-83.08273,42.35543,"{
  ""coordinates"": [
    -8.308273059800000e+01,
    4.235543374200010e+01
  ],
  ""type"": ""Point""
}","{
  ""coordinates"": [
    -83.082730598,
    42.355433742
  ],
  ""type"": ""Point""
}",-83.082730598,42.3554337420001
5735,9812530,7 MILE,ASHTON,2016-10-03,3,10,2016,10,2,3,9,,2,0,,1,1,1,30,4,2,2,5,0,0,0,0,true,,false,false,false,false,false,,,,,,false,false,false,,,false,false,false,false,false,-83.22049,42.42999,"{
  ""coordinates"": [
    -8.322048862900000e+01,
    4.242998649800010e+01
  ],
  ""type"": ""Point""
}","{
  ""coordinates"": [
    -83.220488629,
    42.429986498
  ],
  ""type"": ""Point""
}",-83.220488629,42.4299864980001
5736,9813202,7 MILE,MARK TWAIN,2016-10-03,3,10,2016,19,2,5,9,,2,0,,1,1,4,0,4,2,2,5,0,0,0,0,true,,false,false,false,false,false,,,,,,false,false,false,,,false,false,false,false,false,-83.18775,42.43079,"{
  ""coordinates"": [
    -8.318775321100000e+01,
    4.243079321300010e+01
  ],
  ""type"": ""Point""
}","{
  ""coordinates"": [
    -83.187753211,
    42.430793213
  ],
  ""type"": ""Point""
}",-83.187753211,42.4307932130001
5737,9836945,W I 96 CD,RAMP 138D,2016-10-03,3,10,2016,16,2,5,1,,1,0,,1,1,1,70,3,3,3,5,0,0,0,0,true,,false,false,false,false,false,,,,,,false,false,false,,,false,false,false,false,false,-83.16396,42.38563,"{
  ""coordinates"": [
    -8.316396317700000e+01,
    4.238563083900000e+01
  ],
  ""type"": ""Point""
}","{
  ""coordinates"": [
    -83.163963177,
    42.385630839
  ],
  ""type"": ""Point""
}",-83.163963177,42.385630839
5738,9820060,CONANT,DAVIDSONS,2016-10-03,3,10,2016,13,2,5,3,,4,0,,1,1,1,30,4,2,3,4,0,0,0,1,false,,false,false,false,false,false,,,,,,false,false,false,,,false,false,false,false,false,-83.06131,42.41528,"{
  ""coordinates"": [
    -8.306131146699990e+01,
    4.241527395700010e+01
  ],
  ""type"": ""Point""
}","{
  ""coordinates"": [
    -83.061311467,
    42.415273957
  ],
  ""type"": ""Point""
}",-83.0613114669999,42.4152739570001
5739,9812510,CENTRAL,JOHN KRONK,2016-10-03,3,10,2016,1,2,1,9,,4,1,,1,1,4,25,2,1,2,4,0,0,0,2,false,,false,false,false,false,false,,,,,,false,false,true,,,false,false,false,false,false,-83.13152,42.32261,"{
  ""coordinates"": [
    -8.313152364000000e+01,
    4.232261127500000e+01
  ],
  ""type"": ""Point""
}","{
  ""coordinates"": [
    -83.13152364,
    42.322611275
  ],
  ""type"": ""Point""
}",-83.13152364,42.322611275
5740,9834393,E I 96 CD,RAMP 008K,2016-10-03,3,10,2016,6,2,5,1,,1,0,,1,1,4,55,3,3,4,5,0,0,0,0,true,,false,false,false,false,false,,,,,,false,false,false,,,false,false,false,false,false,-83.22198,42.37809,"{
  ""coordinates"": [
    -8.322198381600001e+01,
    4.237809370700010e+01
  ],
  ""type"": ""Point""
}","{
  ""coordinates"": [
    -83.221983816,
    42.378093707
  ],
  ""type"": ""Point""
}",-83.221983816,42.3780937070001
5741,9812516,HOWARD,JUNCTION,2016-10-03,3,10,2016,2,2,9,9,,,2,,1,1,4,25,3,3,0,5,0,0,0,0,true,,false,false,true,false,false,,,,,,false,false,false,,,false,false,false,false,false,-83.10007,42.31246,"{
  ""coordinates"": [
    -8.310007597000001e+01,
    4.231246291000010e+01
  ],
  ""type"": ""Point""
}","{
  ""coordinates"": [
    -83.10007597,
    42.31246291
  ],
  ""type"": ""Point""
}",-83.10007597,42.3124629100001
5742,9834391,I-75,DEARBORN,2016-10-03,3,10,2016,11,2,5,1,,1,0,,1,2,1,55,4,3,2,5,0,0,0,0,true,,false,false,true,false,false,,,,,,false,false,false,,,false,false,false,false,false,-83.12643,42.29565,"{
  ""coordinates"": [
    -8.312643320799999e+01,
    4.229565276200000e+01
  ],
  ""type"": ""Point""
}","{
  ""coordinates"": [
    -83.126433208,
    42.295652762
  ],
  ""type"": ""Point""
}",-83.126433208,42.295652762
5743,9824690,MCNICHOLS,GREENLAWN,2016-10-03,3,10,2016,20,2,5,9,,4,0,,1,1,5,25,1,2,4,4,0,0,0,1,false,,false,false,false,false,false,,,,,,false,false,true,,,false,false,false,false,false,-83.15124,42.4171,"{
  ""coordinates"": [
    -8.315123629399990e+01,
    4.241709536500010e+01
  ],
  ""type"": ""Point""
}","{
  ""coordinates"": [
    -83.151236294,
    42.417095365
  ],
  ""type"": ""Point""
}",-83.1512362939999,42.4170953650001
5744,9812511,BUCHANAN,35TH,2016-10-03,3,10,2016,8,2,4,9,,4,0,,1,1,1,25,2,2,3,4,0,0,0,1,false,,false,false,false,false,false,,,,,,false,true,false,,,false,false,false,false,false,-83.11501,42.33499,"{
  ""coordinates"": [
    -8.311500389100000e+01,
    4.233498999300010e+01
  ],
  ""type"": ""Point""
}","{
  ""coordinates"": [
    -83.115003891,
    42.334989993
  ],
  ""type"": ""Point""
}",-83.115003891,42.3349899930001
5745,9824834,CASS,BALTIMORE,2016-10-03,3,10,2016,11,2,1,9,,4,1,,1,2,1,25,2,1,1,5,0,0,0,0,true,,true,false,false,false,false,,,,,,false,false,false,,,false,false,false,false,false,-83.07272,42.36663,"{
  ""coordinates"": [
    -8.307272112399990e+01,
    4.236662685700000e+01
  ],
  ""type"": ""Point""
}","{
  ""coordinates"": [
    -83.072721124,
    42.366626857
  ],
  ""type"": ""Point""
}",-83.0727211239999,42.366626857
5746,9812522,GRAND RIVER,TELEGRAPH,2016-10-03,3,10,2016,7,2,5,3,,1,0,,1,3,1,35,3,2,2,5,0,0,0,0,true,,false,false,true,false,false,,,,,,false,false,false,,,false,false,false,false,false,-83.27784,42.4244,"{
  ""coordinates"": [
    -8.327784163299999e+01,
    4.242439637400000e+01
  ],
  ""type"": ""Point""
}","{
  ""coordinates"": [
    -83.277841633,
    42.424396374
  ],
  ""type"": ""Point""
}",-83.277841633,42.424396374
5747,9812525,N I 75 SERVICE DRIVE,7 MILE,2016-10-03,3,10,2016,23,2,4,9,,4,0,,1,1,4,45,4,2,2,2,0,1,0,0,false,,false,false,false,false,false,,,,,,false,false,true,,,false,false,false,false,false,-83.09424,42.43248,"{
  ""coordinates"": [
    -8.309424002999999e+01,
    4.243248313000000e+01
  ],
  ""type"": ""Point""
}","{
  ""coordinates"": [
    -83.09424003,
    42.43248313
  ],
  ""type"": ""Point""
}",-83.09424003,42.43248313
5748,9818669,VERNOR,VINEWOOD,2016-10-03,3,10,2016,14,2,4,9,,4,0,,1,2,1,25,4,2,21,4,0,0,0,5,false,,false,false,false,false,false,,,,,,false,false,true,,,false,false,false,false,false,-83.09185,42.32184,"{
  ""coordinates"": [
    -8.309184669099990e+01,
    4.232184037800000e+01
  ],
  ""type"": ""Point""
}","{
  ""coordinates"": [
    -83.091846691,
    42.321840378
  ],
  ""type"": ""Point""
}",-83.0918466909999,42.321840378
5749,9813180,7 MILE,ROSEMONT,2016-10-03,3,10,2016,0,2,3,9,,2,0,,1,1,4,35,4,2,5,4,0,0,0,4,false,,false,false,false,false,false,,,,,,false,false,false,,,false,false,false,false,false,-83.22177,42.42996,"{
  ""coordinates"": [
    -8.322177216199999e+01,
    4.242996327700010e+01
  ],
  ""type"": ""Point""
}","{
  ""coordinates"": [
    -83.221772162,
    42.429963277
  ],
  ""type"": ""Point""
}",-83.221772162,42.4299632770001
5750,9822274,GRAND RIVER,LOTHROP,2016-10-03,3,10,2016,11,2,5,3,,1,0,,1,98,1,35,4,2,3,5,0,0,0,0,true,,false,false,false,false,false,,,,,,false,true,false,,,false,false,false,false,false,-83.11068,42.35731,"{
  ""coordinates"": [
    -8.311067926100000e+01,
    4.235731146700000e+01
  ],
  ""type"": ""Point""
}","{
  ""coordinates"": [
    -83.110679261,
    42.357311467
  ],
  ""type"": ""Point""
}",-83.110679261,42.357311467
5751,9836943,I-94,ST AUBIN,2016-10-03,3,10,2016,15,2,5,1,,1,0,,1,1,1,55,3,2,2,4,0,0,0,1,false,,false,false,false,false,false,,,,,,false,false,true,,,false,false,false,false,false,-83.04947,42.37334,"{
  ""coordinates"": [
    -8.304946872900000e+01,
    4.237333580600010e+01
  ],
  ""type"": ""Point""
}","{
  ""coordinates"": [
    -83.049468729,
    42.373335806
  ],
  ""type"": ""Point""
}",-83.049468729,42.3733358060001
5752,9836944,DAVISON,I-96,2016-10-03,3,10,2016,11,2,8,3,,1,0,,1,2,1,55,3,2,3,5,0,0,0,0,true,,false,false,false,false,false,,,,,,false,false,false,,,false,false,false,false,false,-83.14528,42.38641,"{
  ""coordinates"": [
    -8.314528201699990e+01,
    4.238640491300000e+01
  ],
  ""type"": ""Point""
}","{
  ""coordinates"": [
    -83.145282017,
    42.386404913
  ],
  ""type"": ""Point""
}",-83.1452820169999,42.386404913
5753,9836952,M-39,OUTER,2016-10-03,3,10,2016,17,2,5,3,,1,0,,1,1,1,55,3,2,2,4,0,0,0,2,false,,false,false,false,false,false,,,,,,false,false,false,,,false,false,false,false,false,-83.21882,42.41935,"{
  ""coordinates"": [
    -8.321882210599991e+01,
    4.241935184300010e+01
  ],
  ""type"": ""Point""
}","{
  ""coordinates"": [
    -83.218822106,
    42.419351843
  ],
  ""type"": ""Point""
}",-83.2188221059999,42.4193518430001