ObjectId,Crash ID,Primary Road,Intersecting Road,Crash Date,Day,Month,Year,Hour,Weekday,Crash Type Code,Highway Classification Code,Community Code,Jurisdiction Code,Lane Departure Type Code,Surface Type,Road Condition,Weather Condition,Lighting Condition,Speed Limit,Lanes,Units,Occupants,Most Severe Injury,Fatal Injuries,Suspected Serious Injuries,Suspected Minor Injuries,Possible Injuries,Property Damage Only,Secondary Crash,Traffic Control,Red Light Run,Hit and Run,Alcohol,Drugs,Unbelted Person,Work Zone,Speeding Driver,Distracted Driver,Driveway,Pedestrian,Elderly Driver,Young Driver,Commercial Vehicle,Emergency Vehicles,Train,School Bus,Motorcycle,Bicycle,Deer,Longitude,Latitude,geom,geog,x,y
5868,9997319,S I 75,SCHAEFER,2016-09-30,30,9,2016,19,6,1,1,,1,1,,2,4,4,35,5,1,1,5,0,0,0,0,true,,false,false,false,false,false,,,,,,false,true,false,,,false,false,false,false,false,-83.15623,42.27736,"{
  ""coordinates"": [
    -8.315622639999999e+01,
    4.227736219100010e+01
  ],
  ""type"": ""Point""
}","{
  ""coordinates"": [
    -83.1562264,
    42.277362191
  ],
  ""type"": ""Point""
}",-83.1562264,42.2773621910001
5869,9810627,MACKAY,OUTER,2016-09-30,30,9,2016,20,6,98,9,,,0,,2,4,4,30,3,2,3,3,0,0,1,0,false,,true,false,false,false,false,,,,,,false,false,true,,,false,false,false,false,false,-83.07619,42.44021,"{
  ""coordinates"": [
    -8.307619048100000e+01,
    4.244021376800000e+01
  ],
  ""type"": ""Point""
}","{
  ""coordinates"": [
    -83.076190481,
    42.440213768
  ],
  ""type"": ""Point""
}",-83.076190481,42.440213768
5870,9822193,I 94,24TH,2016-09-30,30,9,2016,7,6,5,1,,1,0,,2,2,1,55,3,2,2,5,0,0,0,0,true,,false,false,false,false,false,,,,,,false,false,true,,,false,false,false,false,false,-83.10418,42.3485,"{
  ""coordinates"": [
    -8.310418033000001e+01,
    4.234849588100010e+01
  ],
  ""type"": ""Point""
}","{
  ""coordinates"": [
    -83.10418033,
    42.348495881
  ],
  ""type"": ""Point""
}",-83.10418033,42.3484958810001
5871,9810590,S M 39,7 MILE,2016-09-30,30,9,2016,18,6,2,3,,1,2,,2,4,1,0,2,2,1,5,0,0,0,0,true,,false,false,true,false,false,,,,,,false,true,false,,,false,false,false,false,false,-83.21936,42.42947,"{
  ""coordinates"": [
    -8.321936350800000e+01,
    4.242946595900000e+01
  ],
  ""type"": ""Point""
}","{
  ""coordinates"": [
    -83.219363508,
    42.429465959
  ],
  ""type"": ""Point""
}",-83.219363508,42.429465959
5872,9810538,GRANDRIVER,SCHAEFER,2016-09-30,30,9,2016,11,6,4,3,,1,0,,1,2,1,35,5,2,2,5,0,0,0,0,true,,false,false,false,false,false,,,,,,false,false,false,,,false,false,false,false,false,-83.17864,42.38472,"{
  ""coordinates"": [
    -8.317863985100000e+01,
    4.238471577300000e+01
  ],
  ""type"": ""Point""
}","{
  ""coordinates"": [
    -83.178639851,
    42.384715773
  ],
  ""type"": ""Point""
}",-83.178639851,42.384715773
5873,9810540,MICHIGAN,EWERS,2016-09-30,30,9,2016,7,6,4,2,,1,0,,2,4,1,35,7,2,2,5,0,0,0,0,true,,true,false,true,false,false,,,,,,false,false,false,,,false,false,false,false,false,-83.13287,42.3311,"{
  ""coordinates"": [
    -8.313286635999999e+01,
    4.233109860300000e+01
  ],
  ""type"": ""Point""
}","{
  ""coordinates"": [
    -83.13286636,
    42.331098603
  ],
  ""type"": ""Point""
}",-83.13286636,42.331098603
5874,9810589,CHENE,JEFFERSON,2016-09-30,30,9,2016,16,6,4,9,,4,0,,2,4,1,35,4,2,3,5,0,0,0,0,true,,false,false,false,false,false,,,,,,false,false,true,,,false,false,false,false,false,-83.02264,42.33825,"{
  ""coordinates"": [
    -8.302263791999999e+01,
    4.233824364800010e+01
  ],
  ""type"": ""Point""
}","{
  ""coordinates"": [
    -83.02263792,
    42.338243648
  ],
  ""type"": ""Point""
}",-83.02263792,42.3382436480001
5875,9997361,M-39,SCHOOLCRAFT,2016-09-30,30,9,2016,23,6,97,3,,1,0,,2,4,4,55,3,2,6,3,0,0,1,2,false,,false,false,true,false,false,,,,,,false,false,false,,,false,false,false,false,false,-83.21753,42.38643,"{
  ""coordinates"": [
    -8.321753011100000e+01,
    4.238643396700010e+01
  ],
  ""type"": ""Point""
}","{
  ""coordinates"": [
    -83.217530111,
    42.386433967
  ],
  ""type"": ""Point""
}",-83.217530111,42.3864339670001
5876,9810588,FIELD,LAFAYETTE,2016-09-30,30,9,2016,15,6,4,9,,,0,,2,4,1,30,6,2,3,5,0,0,0,0,true,,false,false,true,false,false,,,,,,false,false,false,,,false,false,false,false,false,-83.00247,42.35097,"{
  ""coordinates"": [
    -8.300246828300000e+01,
    4.235097308500010e+01
  ],
  ""type"": ""Point""
}","{
  ""coordinates"": [
    -83.002468283,
    42.350973085
  ],
  ""type"": ""Point""
}",-83.002468283,42.3509730850001
5877,9809594,EUGENE,CONNER,2016-09-30,30,9,2016,8,6,9,9,,,0,,2,4,1,30,2,2,2,5,0,0,0,0,true,,false,false,false,false,false,,,,,,false,false,false,,,false,false,false,false,false,-82.97355,42.3884,"{
  ""coordinates"": [
    -8.297355209300000e+01,
    4.238839765900010e+01
  ],
  ""type"": ""Point""
}","{
  ""coordinates"": [
    -82.973552093,
    42.388397659
  ],
  ""type"": ""Point""
}",-82.973552093,42.3883976590001
5878,9822248,TELEGRAPH,BENNETT,2016-09-30,30,9,2016,8,6,5,2,,1,0,,2,2,1,45,4,3,3,5,0,0,0,0,true,,false,false,false,false,false,,,,,,false,false,false,,,false,false,false,false,false,-83.27759,42.41957,"{
  ""coordinates"": [
    -8.327758990000000e+01,
    4.241957330100010e+01
  ],
  ""type"": ""Point""
}","{
  ""coordinates"": [
    -83.2775899,
    42.419573301
  ],
  ""type"": ""Point""
}",-83.2775899,42.4195733010001
5879,9810562,W.WARREN,CICIOTTE,2016-09-30,30,9,2016,1,6,5,9,,4,0,,2,4,5,35,6,2,1,5,0,0,0,0,true,,false,false,false,false,false,,,,,,false,false,true,,,false,false,false,false,false,-83.13298,42.34479,"{
  ""coordinates"": [
    -8.313298258200000e+01,
    4.234479210000010e+01
  ],
  ""type"": ""Point""
}","{
  ""coordinates"": [
    -83.132982582,
    42.3447921
  ],
  ""type"": ""Point""
}",-83.132982582,42.3447921000001
5880,9907454,N I 75 SERVICE DRIVE,7 MILE,2016-09-30,30,9,2016,16,6,4,9,,4,0,,2,4,1,0,3,2,1,5,0,0,0,0,true,,false,false,true,false,false,,,,,,false,false,false,,,false,false,false,false,false,-83.09423,42.4324,"{
  ""coordinates"": [
    -8.309423194399990e+01,
    4.243239703200000e+01
  ],
  ""type"": ""Point""
}","{
  ""coordinates"": [
    -83.094231944,
    42.432397032
  ],
  ""type"": ""Point""
}",-83.0942319439999,42.432397032
5881,9899251,GREENFIELD,BELTON,2016-09-30,30,9,2016,15,6,97,9,,2,0,,2,4,1,35,7,2,3,3,0,0,1,1,false,,false,false,false,false,false,,,,,,false,true,false,,,false,false,false,false,false,-83.19674,42.3534,"{
  ""coordinates"": [
    -8.319674249500000e+01,
    4.235339652300010e+01
  ],
  ""type"": ""Point""
}","{
  ""coordinates"": [
    -83.196742495,
    42.353396523
  ],
  ""type"": ""Point""
}",-83.196742495,42.3533965230001
5882,9813160,I-75,STATE FAIR,2016-09-30,30,9,2016,2,6,1,1,,1,1,,2,4,4,70,4,1,3,1,1,1,0,0,false,,false,false,false,false,false,,,,,,false,false,true,,,false,false,false,false,false,-83.09486,42.4377,"{
  ""coordinates"": [
    -8.309485370999990e+01,
    4.243769890700000e+01
  ],
  ""type"": ""Point""
}","{
  ""coordinates"": [
    -83.09485371,
    42.437698907
  ],
  ""type"": ""Point""
}",-83.0948537099999,42.437698907
5883,9818659,MERRICK,VERMONT,2016-09-30,30,9,2016,13,6,10,9,,,0,,2,4,1,25,2,2,3,5,0,0,0,0,true,,false,false,false,false,false,,,,,,false,false,false,,,false,true,false,false,false,-83.08572,42.35247,"{
  ""coordinates"": [
    -8.308572549099991e+01,
    4.235247039400010e+01
  ],
  ""type"": ""Point""
}","{
  ""coordinates"": [
    -83.085725491,
    42.352470394
  ],
  ""type"": ""Point""
}",-83.0857254909999,42.3524703940001
5884,9997285,M10,JEFFERSON,2016-09-30,30,9,2016,20,6,97,3,,1,0,,2,4,4,55,2,3,3,5,0,0,0,0,true,,false,false,false,false,false,,,,,,false,false,true,,,false,false,false,false,false,-83.04642,42.32793,"{
  ""coordinates"": [
    -8.304642687499999e+01,
    4.232793448300000e+01
  ],
  ""type"": ""Point""
}","{
  ""coordinates"": [
    -83.046426875,
    42.327934483
  ],
  ""type"": ""Point""
}",-83.046426875,42.327934483
5885,9822189,I-75,MICHIGAN,2016-09-30,30,9,2016,1,6,1,1,,1,1,,2,4,4,55,3,1,1,5,0,0,0,0,true,,false,false,false,false,false,,,,,,false,false,false,,,false,false,false,false,false,-83.08482,42.33128,"{
  ""coordinates"": [
    -8.308481756899990e+01,
    4.233128077300010e+01
  ],
  ""type"": ""Point""
}","{
  ""coordinates"": [
    -83.084817569,
    42.331280773
  ],
  ""type"": ""Point""
}",-83.0848175689999,42.3312807730001
5886,9959066,M 39,PLYMOUTH,2016-09-30,30,9,2016,11,6,8,3,,1,0,,2,4,1,55,3,2,3,4,0,0,0,1,false,,false,false,false,false,false,,,,,,false,true,true,,,false,false,false,false,false,-83.21642,42.36863,"{
  ""coordinates"": [
    -8.321642365000000e+01,
    4.236862680200010e+01
  ],
  ""type"": ""Point""
}","{
  ""coordinates"": [
    -83.21642365,
    42.368626802
  ],
  ""type"": ""Point""
}",-83.21642365,42.3686268020001
5887,9810566,VERNOR,VINEWOOD,2016-09-30,30,9,2016,21,6,5,9,,4,0,,2,4,4,25,2,2,1,5,0,0,0,0,true,,false,false,true,false,false,,,,,,false,false,false,,,false,false,false,false,false,-83.0902,42.32248,"{
  ""coordinates"": [
    -8.309020229299990e+01,
    4.232248326100010e+01
  ],
  ""type"": ""Point""
}","{
  ""coordinates"": [
    -83.090202293,
    42.322483261
  ],
  ""type"": ""Point""
}",-83.0902022929999,42.3224832610001
5888,9810549,MILWAUKEE,WOODWARD,2016-09-30,30,9,2016,,6,5,3,,4,0,,2,4,4,25,2,2,1,5,0,0,0,0,true,,false,false,true,false,false,,,,,,false,false,true,,,false,false,false,false,false,-83.07223,42.36924,"{
  ""coordinates"": [
    -8.307222978899991e+01,
    4.236924088100010e+01
  ],
  ""type"": ""Point""
}","{
  ""coordinates"": [
    -83.072229789,
    42.369240881
  ],
  ""type"": ""Point""
}",-83.0722297889999,42.3692408810001
5889,9824582,I-94,ADDISON,2016-09-30,30,9,2016,3,6,8,1,,1,0,,8,4,5,70,3,2,1,5,0,0,0,0,true,,false,false,true,false,false,,,,,,false,false,false,,,false,false,false,false,false,-83.14147,42.33179,"{
  ""coordinates"": [
    -8.314147141699991e+01,
    4.233178580700010e+01
  ],
  ""type"": ""Point""
}","{
  ""coordinates"": [
    -83.141471417,
    42.331785807
  ],
  ""type"": ""Point""
}",-83.1414714169999,42.3317858070001
5890,9935358,GREEENFIELD,EATON,2016-09-30,30,9,2016,9,6,4,9,,2,0,,2,2,1,35,4,2,2,5,0,0,0,0,true,,false,false,false,false,false,,,,,,false,false,false,,,false,false,false,false,false,-83.19852,42.39669,"{
  ""coordinates"": [
    -8.319852122499999e+01,
    4.239668506500000e+01
  ],
  ""type"": ""Point""
}","{
  ""coordinates"": [
    -83.198521225,
    42.396685065
  ],
  ""type"": ""Point""
}",-83.198521225,42.396685065
5891,9810622,DAVISON,DEXTER,2016-09-30,30,9,2016,15,6,3,3,,1,0,,2,4,1,35,6,3,3,4,0,0,0,1,false,,false,false,true,false,false,,,,,,false,false,false,,,false,false,false,false,false,-83.13087,42.38974,"{
  ""coordinates"": [
    -8.313086397700000e+01,
    4.238974160200010e+01
  ],
  ""type"": ""Point""
}","{
  ""coordinates"": [
    -83.130863977,
    42.389741602
  ],
  ""type"": ""Point""
}",-83.130863977,42.3897416020001
5892,9810373,S/B I-75,DAVISON,2016-09-30,30,9,2016,16,6,5,1,,1,0,,2,4,1,55,4,2,2,4,0,0,0,1,false,,false,false,false,false,false,,,,,,false,false,false,,,false,false,false,false,false,-83.08162,42.41111,"{
  ""coordinates"": [
    -8.308161778200000e+01,
    4.241111018200010e+01
  ],
  ""type"": ""Point""
}","{
  ""coordinates"": [
    -83.081617782,
    42.411110182
  ],
  ""type"": ""Point""
}",-83.081617782,42.4111101820001
5893,9810548,CASS,AMSTERDAM,2016-09-30,30,9,2016,16,6,1,9,,4,0,,2,4,1,30,4,2,1,4,0,0,0,1,false,,false,false,false,false,false,,,,,,true,false,false,,,false,false,false,false,false,-83.0724,42.36607,"{
  ""coordinates"": [
    -8.307240392100000e+01,
    4.236606838700000e+01
  ],
  ""type"": ""Point""
}","{
  ""coordinates"": [
    -83.072403921,
    42.366068387
  ],
  ""type"": ""Point""
}",-83.072403921,42.366068387
5894,9811505,OUTER,RYAN,2016-09-30,30,9,2016,22,6,8,9,,2,0,,2,4,4,30,2,2,3,4,0,0,0,3,false,,false,false,true,false,false,,,,,,false,false,false,,,false,false,false,false,false,-83.06393,42.44053,"{
  ""coordinates"": [
    -8.306393235000000e+01,
    4.244052348700010e+01
  ],
  ""type"": ""Point""
}","{
  ""coordinates"": [
    -83.06393235,
    42.440523487
  ],
  ""type"": ""Point""
}",-83.06393235,42.4405234870001
5895,9810574,MIDLAND,SORRENTO,2016-09-30,30,9,2016,7,6,4,9,,,0,,1,1,2,30,2,2,3,5,0,0,0,0,true,,false,false,true,false,false,,,,,,false,true,false,,,false,true,false,false,false,-83.17307,42.40583,"{
  ""coordinates"": [
    -8.317307572399990e+01,
    4.240583170000010e+01
  ],
  ""type"": ""Point""
}","{
  ""coordinates"": [
    -83.173075724,
    42.4058317
  ],
  ""type"": ""Point""
}",-83.1730757239999,42.4058317000001
5896,9997321,N I 75,WARREN,2016-09-30,30,9,2016,20,6,1,1,,1,1,,2,4,4,55,3,1,1,5,0,0,0,0,true,,false,false,false,false,false,,,,,,false,false,true,,,false,false,false,false,false,-83.05467,42.36156,"{
  ""coordinates"": [
    -8.305467093199999e+01,
    4.236156459200000e+01
  ],
  ""type"": ""Point""
}","{
  ""coordinates"": [
    -83.054670932,
    42.361564592
  ],
  ""type"": ""Point""
}",-83.054670932,42.361564592
5897,9810557,PALLISTER,S M 10,2016-09-30,30,9,2016,14,6,7,3,,4,0,,2,4,1,0,8,2,2,4,0,0,0,1,false,,false,false,false,false,false,,,,,,false,false,true,,,false,false,false,false,false,-83.08393,42.37025,"{
  ""coordinates"": [
    -8.308392821500000e+01,
    4.237024555100000e+01
  ],
  ""type"": ""Point""
}","{
  ""coordinates"": [
    -83.083928215,
    42.370245551
  ],
  ""type"": ""Point""
}",-83.083928215,42.370245551
5898,9810545,3 RD,WARREN,2016-09-30,30,9,2016,15,6,8,9,,4,0,,2,4,1,30,4,2,2,5,0,0,0,0,true,,false,false,true,false,false,,,,,,false,false,true,,,false,false,false,false,false,-83.0714,42.35459,"{
  ""coordinates"": [
    -8.307139837400000e+01,
    4.235459047000010e+01
  ],
  ""type"": ""Point""
}","{
  ""coordinates"": [
    -83.071398374,
    42.35459047
  ],
  ""type"": ""Point""
}",-83.071398374,42.3545904700001
5899,9824592,M-10,WYOMING,2016-09-30,30,9,2016,16,6,97,3,,1,0,,2,4,1,55,3,2,3,4,0,0,0,1,false,,false,false,false,false,false,,,,,,false,false,false,,,false,false,false,false,false,-83.16611,42.41056,"{
  ""coordinates"": [
    -8.316611714200000e+01,
    4.241056577400010e+01
  ],
  ""type"": ""Point""
}","{
  ""coordinates"": [
    -83.166117142,
    42.410565774
  ],
  ""type"": ""Point""
}",-83.166117142,42.4105657740001
5900,9824604,RAMP 213P,RAMP 213M,2016-09-30,30,9,2016,14,6,5,1,,1,0,,2,4,1,55,1,2,2,5,0,0,0,0,true,,false,false,false,false,false,,,,,,false,false,false,,,false,false,false,false,false,-83.1002,42.35077,"{
  ""coordinates"": [
    -8.310019617300000e+01,
    4.235077193700000e+01
  ],
  ""type"": ""Point""
}","{
  ""coordinates"": [
    -83.100196173,
    42.350771937
  ],
  ""type"": ""Point""
}",-83.100196173,42.350771937
5901,9810600,HOUSTON WHITTIER,KELLY,2016-09-30,30,9,2016,15,6,1,9,,4,0,,2,4,1,35,4,1,1,4,0,0,0,1,false,,false,false,false,false,false,,,,,,false,false,false,,,false,false,false,false,false,-82.96349,42.42081,"{
  ""coordinates"": [
    -8.296348775199991e+01,
    4.242080968400010e+01
  ],
  ""type"": ""Point""
}","{
  ""coordinates"": [
    -82.963487752,
    42.420809684
  ],
  ""type"": ""Point""
}",-82.9634877519999,42.4208096840001
5902,9811504,HOOVER,7 MILE,2016-09-30,30,9,2016,23,6,1,3,,1,0,,2,4,4,30,2,2,1,4,0,0,0,1,false,,false,false,false,false,false,,,,,,true,false,false,,,false,false,false,false,false,-83.00468,42.43443,"{
  ""coordinates"": [
    -8.300468335200000e+01,
    4.243442493300010e+01
  ],
  ""type"": ""Point""
}","{
  ""coordinates"": [
    -83.004683352,
    42.434424933
  ],
  ""type"": ""Point""
}",-83.004683352,42.4344249330001
5903,9812523,RAMP 008M,W I 96 CD,2016-09-30,30,9,2016,23,6,8,1,,1,0,,2,4,4,55,3,2,1,5,0,0,0,0,true,,false,false,true,false,false,,,,,,false,false,true,,,false,false,false,false,false,-83.2169,42.37901,"{
  ""coordinates"": [
    -8.321690579100000e+01,
    4.237900426400010e+01
  ],
  ""type"": ""Point""
}","{
  ""coordinates"": [
    -83.216905791,
    42.379004264
  ],
  ""type"": ""Point""
}",-83.216905791,42.3790042640001
5904,9813216,SECOND,HANCOCK,2016-09-30,30,9,2016,21,6,4,9,,5,0,,2,4,4,25,2,2,3,5,0,0,0,0,true,,false,false,false,false,false,,,,,,false,false,false,,,false,false,false,false,false,-83.0682,42.35405,"{
  ""coordinates"": [
    -8.306819623099990e+01,
    4.235405117400010e+01
  ],
  ""type"": ""Point""
}","{
  ""coordinates"": [
    -83.068196231,
    42.354051174
  ],
  ""type"": ""Point""
}",-83.0681962309999,42.3540511740001
5905,9818676,OUTER,E I 96,2016-09-30,30,9,2016,8,6,5,9,,2,0,,1,1,1,30,3,2,1,5,0,0,0,0,true,,false,false,true,false,false,,,,,,false,false,false,,,false,false,false,false,false,-83.25618,42.38549,"{
  ""coordinates"": [
    -8.325618296099999e+01,
    4.238549452100010e+01
  ],
  ""type"": ""Point""
}","{
  ""coordinates"": [
    -83.256182961,
    42.385494521
  ],
  ""type"": ""Point""
}",-83.256182961,42.3854945210001
5906,9813164,HOUSTON WHITTIER,KELLY,2016-09-30,30,9,2016,15,6,5,9,,4,0,,2,4,1,35,4,2,1,4,0,0,0,1,false,,false,false,true,false,false,,,,,,false,false,false,,,false,false,false,false,false,-82.96351,42.42081,"{
  ""coordinates"": [
    -8.296350706000000e+01,
    4.242080767400010e+01
  ],
  ""type"": ""Point""
}","{
  ""coordinates"": [
    -82.96350706,
    42.420807674
  ],
  ""type"": ""Point""
}",-82.96350706,42.4208076740001
5907,9810547,TRUMBULL,HOWARD,2016-09-30,30,9,2016,11,6,4,9,,4,0,,2,2,1,30,6,2,4,4,0,0,0,2,false,,true,true,false,false,false,,,,,,false,false,false,,,false,false,false,false,false,-83.06299,42.32627,"{
  ""coordinates"": [
    -8.306298713200000e+01,
    4.232627298000010e+01
  ],
  ""type"": ""Point""
}","{
  ""coordinates"": [
    -83.062987132,
    42.32627298
  ],
  ""type"": ""Point""
}",-83.062987132,42.3262729800001
5908,9840995,WARREN,BEECHTON,2016-09-30,30,9,2016,1,6,8,9,,4,0,,2,4,4,35,4,2,1,5,0,0,0,0,true,,false,false,false,false,false,,,,,,false,false,true,,,false,false,false,false,false,-83.1338,42.34484,"{
  ""coordinates"": [
    -8.313380037600000e+01,
    4.234484125600010e+01
  ],
  ""type"": ""Point""
}","{
  ""coordinates"": [
    -83.133800376,
    42.344841256
  ],
  ""type"": ""Point""
}",-83.133800376,42.3448412560001
5909,9810626,CONANT,FREDRO,2016-09-30,30,9,2016,14,6,4,9,,4,0,,2,4,1,25,2,2,4,4,0,0,0,1,false,,false,false,false,false,false,,,,,,false,true,false,,,false,false,false,false,false,-83.05729,42.40932,"{
  ""coordinates"": [
    -8.305728982300000e+01,
    4.240931779200000e+01
  ],
  ""type"": ""Point""
}","{
  ""coordinates"": [
    -83.057289823,
    42.409317792
  ],
  ""type"": ""Point""
}",-83.057289823,42.409317792
5910,9811494,CHENE,W I 94,2016-09-30,30,9,2016,15,6,8,9,,4,0,,2,2,1,30,4,2,5,5,0,0,0,0,true,,false,false,false,false,false,,,,,,false,false,false,,,false,false,false,false,false,-83.04637,42.37436,"{
  ""coordinates"": [
    -8.304637257900001e+01,
    4.237435969000010e+01
  ],
  ""type"": ""Point""
}","{
  ""coordinates"": [
    -83.046372579,
    42.37435969
  ],
  ""type"": ""Point""
}",-83.046372579,42.3743596900001
5911,9813211,SEVEN MILE,WHITCOMB,2016-09-30,30,9,2016,9,6,5,9,,2,0,,2,4,4,35,2,2,2,5,0,0,0,0,true,,false,false,true,false,false,,,,,,false,false,true,,,false,false,false,false,false,-83.19737,42.43048,"{
  ""coordinates"": [
    -8.319737570400000e+01,
    4.243048080300010e+01
  ],
  ""type"": ""Point""
}","{
  ""coordinates"": [
    -83.197375704,
    42.430480803
  ],
  ""type"": ""Point""
}",-83.197375704,42.4304808030001
5912,9822196,I 75,DEARBORN,2016-09-30,30,9,2016,12,6,1,1,,1,1,,2,4,1,70,4,1,2,5,0,0,0,0,true,,false,false,false,false,false,,,,,,false,false,true,,,false,false,false,false,false,-83.12791,42.29327,"{
  ""coordinates"": [
    -8.312790897100000e+01,
    4.229326845400000e+01
  ],
  ""type"": ""Point""
}","{
  ""coordinates"": [
    -83.127908971,
    42.293268454
  ],
  ""type"": ""Point""
}",-83.127908971,42.293268454
5913,9840994,DEXTER,DAVISON,2016-09-30,30,9,2016,13,6,5,3,,4,0,,2,4,1,30,4,2,2,5,0,0,0,0,true,,false,false,false,false,false,,,,,,false,false,false,,,false,false,false,false,false,-83.13078,42.38963,"{
  ""coordinates"": [
    -8.313078205799999e+01,
    4.238962482500010e+01
  ],
  ""type"": ""Point""
}","{
  ""coordinates"": [
    -83.130782058,
    42.389624825
  ],
  ""type"": ""Point""
}",-83.130782058,42.3896248250001
5914,9861480,I94,SCOTTEN,2016-09-30,30,9,2016,13,6,1,1,,1,1,,2,4,1,55,3,1,1,5,0,0,0,0,true,,false,false,false,false,false,,,,,,false,false,true,,,false,false,false,false,false,-83.11127,42.3462,"{
  ""coordinates"": [
    -8.311127320000000e+01,
    4.234619972100010e+01
  ],
  ""type"": ""Point""
}","{
  ""coordinates"": [
    -83.1112732,
    42.346199721
  ],
  ""type"": ""Point""
}",-83.1112732,42.3461997210001
5915,9810606,HAYES,MADDELEIN,2016-09-30,30,9,2016,15,6,9,9,,4,0,,2,4,1,35,2,2,2,5,0,0,0,0,true,,false,false,true,false,false,,,,,,false,false,true,,,false,false,false,false,false,-82.96549,42.43628,"{
  ""coordinates"": [
    -8.296549501999991e+01,
    4.243627613300000e+01
  ],
  ""type"": ""Point""
}","{
  ""coordinates"": [
    -82.96549502,
    42.436276133
  ],
  ""type"": ""Point""
}",-82.9654950199999,42.436276133
5916,9813159,I-94,MT ELLIOT,2016-09-30,30,9,2016,0,6,8,1,,1,0,,2,4,4,55,3,2,1,5,0,0,0,0,true,,false,false,true,false,false,,,,,,false,false,false,,,false,false,false,false,false,-83.03395,42.37906,"{
  ""coordinates"": [
    -8.303395140000001e+01,
    4.237905616400010e+01
  ],
  ""type"": ""Point""
}","{
  ""coordinates"": [
    -83.0339514,
    42.379056164
  ],
  ""type"": ""Point""
}",-83.0339514,42.3790561640001
5917,9824580,I-75,BRUSH,2016-09-30,30,9,2016,18,6,4,1,,1,0,,2,4,4,70,3,2,1,5,0,0,0,0,true,,false,false,true,false,false,,,,,,false,false,false,,,false,false,false,false,false,-83.04308,42.34108,"{
  ""coordinates"": [
    -8.304308039499990e+01,
    4.234107846100010e+01
  ],
  ""type"": ""Point""
}","{
  ""coordinates"": [
    -83.043080395,
    42.341078461
  ],
  ""type"": ""Point""
}",-83.0430803949999,42.3410784610001
5918,9824777,7 MILE,FENMORE,2016-09-30,30,9,2016,21,6,8,9,,2,0,,98,98,98,30,3,2,1,5,0,0,0,0,true,,false,false,false,false,false,,,,,,false,false,true,,,false,false,false,false,false,-83.21862,42.43003,"{
  ""coordinates"": [
    -8.321861714600000e+01,
    4.243002978200010e+01
  ],
  ""type"": ""Point""
}","{
  ""coordinates"": [
    -83.218617146,
    42.430029782
  ],
  ""type"": ""Point""
}",-83.218617146,42.4300297820001
5919,9810579,WARREN,UNIVERSTIY,2016-09-30,30,9,2016,19,6,9,9,,4,2,,2,4,1,30,2,2,1,5,0,0,0,0,true,,false,false,true,false,false,,,,,,false,false,true,,,false,false,false,false,false,-82.92213,42.40887,"{
  ""coordinates"": [
    -8.292213000200000e+01,
    4.240886730400010e+01
  ],
  ""type"": ""Point""
}","{
  ""coordinates"": [
    -82.922130002,
    42.408867304
  ],
  ""type"": ""Point""
}",-82.922130002,42.4088673040001
5920,9810602,GUNSTON,MCNICHOLS,2016-09-30,30,9,2016,8,6,9,3,,1,0,,2,2,1,35,2,2,2,4,0,0,0,1,false,,false,false,false,false,false,,,,,,false,false,false,,,false,false,false,false,false,-83.00315,42.42024,"{
  ""coordinates"": [
    -8.300315021499991e+01,
    4.242024362000010e+01
  ],
  ""type"": ""Point""
}","{
  ""coordinates"": [
    -83.003150215,
    42.42024362
  ],
  ""type"": ""Point""
}",-83.0031502149999,42.4202436200001
5921,9822175,I-94,CADIEUX,2016-09-30,30,9,2016,5,6,8,1,,1,0,,2,4,4,55,3,2,1,5,0,0,0,0,true,,false,false,false,false,false,,,,,,false,false,false,,,false,false,false,false,false,-82.93692,42.4175,"{
  ""coordinates"": [
    -8.293692102900000e+01,
    4.241749722600010e+01
  ],
  ""type"": ""Point""
}","{
  ""coordinates"": [
    -82.936921029,
    42.417497226
  ],
  ""type"": ""Point""
}",-82.936921029,42.4174972260001
5922,9810628,CHIPPEWA,STOEPEL,2016-09-30,30,9,2016,6,6,4,9,,,0,,2,4,3,25,2,2,1,4,0,0,0,1,false,,false,false,false,false,false,,,,,,false,false,false,,,false,false,false,false,false,-83.14304,42.44131,"{
  ""coordinates"": [
    -8.314303290700001e+01,
    4.244131507400000e+01
  ],
  ""type"": ""Point""
}","{
  ""coordinates"": [
    -83.143032907,
    42.441315074
  ],
  ""type"": ""Point""
}",-83.143032907,42.441315074
5923,9827130,GRAND,WARREN,2016-09-30,30,9,2016,19,6,1,9,,4,0,,2,4,5,30,2,2,1,1,1,0,0,0,false,,false,false,false,false,false,,,,,,true,false,false,,,false,false,false,false,false,-83.10813,42.34481,"{
  ""coordinates"": [
    -8.310813439899989e+01,
    4.234481351600000e+01
  ],
  ""type"": ""Point""
}","{
  ""coordinates"": [
    -83.108134399,
    42.344813516
  ],
  ""type"": ""Point""
}",-83.1081343989999,42.344813516
5924,9813218,WARREN,CASS,2016-09-30,30,9,2016,9,6,8,9,,4,0,,2,2,1,25,4,2,2,5,0,0,0,0,true,,false,false,false,false,false,,,,,,false,false,false,,,false,false,false,false,false,-83.06679,42.35605,"{
  ""coordinates"": [
    -8.306679134200000e+01,
    4.235604694800000e+01
  ],
  ""type"": ""Point""
}","{
  ""coordinates"": [
    -83.066791342,
    42.356046948
  ],
  ""type"": ""Point""
}",-83.066791342,42.356046948