ObjectId,Crash ID,Primary Road,Intersecting Road,Crash Date,Day,Month,Year,Hour,Weekday,Crash Type Code,Highway Classification Code,Community Code,Jurisdiction Code,Lane Departure Type Code,Surface Type,Road Condition,Weather Condition,Lighting Condition,Speed Limit,Lanes,Units,Occupants,Most Severe Injury,Fatal Injuries,Suspected Serious Injuries,Suspected Minor Injuries,Possible Injuries,Property Damage Only,Secondary Crash,Traffic Control,Red Light Run,Hit and Run,Alcohol,Drugs,Unbelted Person,Work Zone,Speeding Driver,Distracted Driver,Driveway,Pedestrian,Elderly Driver,Young Driver,Commercial Vehicle,Emergency Vehicles,Train,School Bus,Motorcycle,Bicycle,Deer,Longitude,Latitude,geom,geog,x,y
5982,9809570,I-75,7 MILE,2016-09-29,29,9,2016,13,5,8,1,,1,0,,2,4,1,70,4,2,2,5,0,0,0,0,true,,false,false,false,false,false,,,,,,false,false,true,,,false,false,false,false,false,-83.09422,42.42887,"{
  ""coordinates"": [
    -8.309421695600000e+01,
    4.242887058000010e+01
  ],
  ""type"": ""Point""
}","{
  ""coordinates"": [
    -83.094216956,
    42.42887058
  ],
  ""type"": ""Point""
}",-83.094216956,42.4288705800001
5983,9810568,DIX,PITT,2016-09-29,29,9,2016,20,5,5,9,,4,0,,2,4,2,30,2,2,2,4,0,0,0,2,false,,false,false,false,true,false,,,,,,false,false,false,,,false,false,false,false,false,-83.12106,42.31635,"{
  ""coordinates"": [
    -8.312106057800000e+01,
    4.231635272500010e+01
  ],
  ""type"": ""Point""
}","{
  ""coordinates"": [
    -83.121060578,
    42.316352725
  ],
  ""type"": ""Point""
}",-83.121060578,42.3163527250001
5984,9810633,CHALMERS,E I 94,2016-09-29,29,9,2016,14,5,8,9,,4,0,,2,4,1,35,2,2,2,5,0,0,0,0,true,,false,false,false,false,false,,,,,,false,false,false,,,false,false,false,false,false,-82.96413,42.40357,"{
  ""coordinates"": [
    -8.296412511400000e+01,
    4.240357351400010e+01
  ],
  ""type"": ""Point""
}","{
  ""coordinates"": [
    -82.964125114,
    42.403573514
  ],
  ""type"": ""Point""
}",-82.964125114,42.4035735140001
5985,9812476,RAMP 029E,S I 75,2016-09-29,29,9,2016,20,5,1,1,,1,1,,1,4,4,70,4,1,1,3,0,0,1,0,false,,false,false,false,false,false,,,,,,false,false,true,,,false,false,false,false,false,-83.15853,42.2772,"{
  ""coordinates"": [
    -8.315852966999999e+01,
    4.227720316500010e+01
  ],
  ""type"": ""Point""
}","{
  ""coordinates"": [
    -83.15852967,
    42.277203165
  ],
  ""type"": ""Point""
}",-83.15852967,42.2772031650001
5986,9809613,SCHAEFER,OUTER,2016-09-29,29,9,2016,7,5,8,9,,4,0,,2,4,2,35,4,2,1,5,0,0,0,0,true,,false,false,true,false,false,,,,,,false,false,false,,,false,false,false,false,false,-83.17996,42.42002,"{
  ""coordinates"": [
    -8.317995949700000e+01,
    4.242001823100000e+01
  ],
  ""type"": ""Point""
}","{
  ""coordinates"": [
    -83.179959497,
    42.420018231
  ],
  ""type"": ""Point""
}",-83.179959497,42.420018231
5987,9808818,SOUTHFIELD,TIREMAN,2016-09-29,29,9,2016,5,5,1,3,,1,1,,2,4,4,30,2,1,0,5,0,0,0,0,true,,false,false,true,false,false,,,,,,false,false,false,,,false,false,false,false,false,-83.21639,42.34787,"{
  ""coordinates"": [
    -8.321639007200000e+01,
    4.234787169600000e+01
  ],
  ""type"": ""Point""
}","{
  ""coordinates"": [
    -83.216390072,
    42.347871696
  ],
  ""type"": ""Point""
}",-83.216390072,42.347871696
5988,9812454,RAMP 216J,S I 75,2016-09-29,29,9,2016,8,5,5,1,,1,0,,2,4,1,30,2,2,2,5,0,0,0,0,true,,false,false,false,false,false,,,,,,false,false,false,,,false,false,false,false,false,-83.0585,42.36907,"{
  ""coordinates"": [
    -8.305850600199990e+01,
    4.236906869200000e+01
  ],
  ""type"": ""Point""
}","{
  ""coordinates"": [
    -83.058506002,
    42.369068692
  ],
  ""type"": ""Point""
}",-83.0585060019999,42.369068692
5989,9861725,I-94,CENTRAL,2016-09-29,29,9,2016,11,5,1,1,,1,1,,2,4,1,0,3,1,1,5,0,0,0,0,true,,false,false,false,false,false,,,,,,false,false,true,,,false,false,false,false,false,-83.13866,42.33226,"{
  ""coordinates"": [
    -8.313866704500001e+01,
    4.233225646500010e+01
  ],
  ""type"": ""Point""
}","{
  ""coordinates"": [
    -83.138667045,
    42.332256465
  ],
  ""type"": ""Point""
}",-83.138667045,42.3322564650001
5990,9810605,GRATIOT,MADDELEIN,2016-09-29,29,9,2016,9,5,4,3,,1,0,,2,2,1,35,4,2,2,5,0,0,0,0,true,,false,false,false,false,false,,,,,,false,true,false,,,false,false,false,false,false,-82.97708,42.436,"{
  ""coordinates"": [
    -8.297707930000000e+01,
    4.243599718700010e+01
  ],
  ""type"": ""Point""
}","{
  ""coordinates"": [
    -82.9770793,
    42.435997187
  ],
  ""type"": ""Point""
}",-82.9770793,42.4359971870001
5991,9824518,E I 96,SCHAEFER,2016-09-29,29,9,2016,9,5,5,1,,1,0,,2,4,1,55,4,2,2,5,0,0,0,0,true,,false,false,false,false,false,,,,,,false,false,false,,,false,false,false,false,false,-83.17779,42.38327,"{
  ""coordinates"": [
    -8.317778931700001e+01,
    4.238326513700010e+01
  ],
  ""type"": ""Point""
}","{
  ""coordinates"": [
    -83.177789317,
    42.383265137
  ],
  ""type"": ""Point""
}",-83.177789317,42.3832651370001
5992,9811482,I-75,PIQUETTE,2016-09-29,29,9,2016,17,5,8,1,,1,0,,1,4,1,55,3,2,2,5,0,0,0,0,true,,false,false,false,false,false,,,,,,false,false,false,,,false,false,false,false,false,-83.05956,42.37206,"{
  ""coordinates"": [
    -8.305955748199990e+01,
    4.237206287800010e+01
  ],
  ""type"": ""Point""
}","{
  ""coordinates"": [
    -83.059557482,
    42.372062878
  ],
  ""type"": ""Point""
}",-83.0595574819999,42.3720628780001
5993,9809600,CHANDLER PARK,FARMBROOK,2016-09-29,29,9,2016,7,5,1,9,,2,0,,2,4,1,0,4,1,2,5,0,0,0,0,true,,false,false,false,false,false,,,,,,false,false,false,,,false,false,false,false,false,-82.9228,42.41491,"{
  ""coordinates"": [
    -8.292279713999990e+01,
    4.241491057100010e+01
  ],
  ""type"": ""Point""
}","{
  ""coordinates"": [
    -82.92279714,
    42.414910571
  ],
  ""type"": ""Point""
}",-82.9227971399999,42.4149105710001
5994,9824517,E I 96,SCHAEFER,2016-09-29,29,9,2016,8,5,5,1,,1,0,,2,4,1,55,4,2,2,5,0,0,0,0,true,,false,false,false,false,false,,,,,,false,false,false,,,false,false,false,false,false,-83.17777,42.38327,"{
  ""coordinates"": [
    -8.317777058199989e+01,
    4.238326923100000e+01
  ],
  ""type"": ""Point""
}","{
  ""coordinates"": [
    -83.177770582,
    42.383269231
  ],
  ""type"": ""Point""
}",-83.1777705819999,42.383269231
5995,9822176,I-94,ROSA PARKS,2016-09-29,29,9,2016,12,5,8,1,,1,0,,2,4,1,55,3,2,1,5,0,0,0,0,true,,false,false,true,false,false,,,,,,false,false,true,,,false,false,false,false,false,-83.08578,42.35429,"{
  ""coordinates"": [
    -8.308577842699999e+01,
    4.235429098400000e+01
  ],
  ""type"": ""Point""
}","{
  ""coordinates"": [
    -83.085778427,
    42.354290984
  ],
  ""type"": ""Point""
}",-83.085778427,42.354290984
5996,9822191,I-75,JUNCTION,2016-09-29,29,9,2016,12,5,5,1,,1,0,,2,2,1,55,4,2,2,5,0,0,0,0,true,,false,false,false,false,false,,,,,,false,false,false,,,false,false,false,false,false,-83.09782,42.31079,"{
  ""coordinates"": [
    -8.309781314700000e+01,
    4.231079503700000e+01
  ],
  ""type"": ""Point""
}","{
  ""coordinates"": [
    -83.097813147,
    42.310795037
  ],
  ""type"": ""Point""
}",-83.097813147,42.310795037
5997,9809587,WASHINGTON,FORT,2016-09-29,29,9,2016,12,5,8,3,,4,0,,2,4,1,25,2,2,2,5,0,0,0,0,true,,false,false,false,false,false,,,,,,false,false,false,,,false,false,false,false,false,-83.04983,42.32967,"{
  ""coordinates"": [
    -8.304983009400000e+01,
    4.232966538900010e+01
  ],
  ""type"": ""Point""
}","{
  ""coordinates"": [
    -83.049830094,
    42.329665389
  ],
  ""type"": ""Point""
}",-83.049830094,42.3296653890001
5998,9824519,E I 96,SCHAEFER,2016-09-29,29,9,2016,9,5,5,1,,1,0,,2,4,1,55,4,2,2,5,0,0,0,0,true,,false,false,false,false,false,,,,,,false,false,false,,,false,false,false,false,false,-83.17781,42.38326,"{
  ""coordinates"": [
    -8.317780805400000e+01,
    4.238326104200010e+01
  ],
  ""type"": ""Point""
}","{
  ""coordinates"": [
    -83.177808054,
    42.383261042
  ],
  ""type"": ""Point""
}",-83.177808054,42.3832610420001
5999,9834394,I-94,LONYO,2016-09-29,29,9,2016,6,5,5,1,,1,0,,2,4,4,55,3,2,2,5,0,0,0,0,true,,false,false,false,false,false,,,,,,false,false,false,,,false,false,false,false,false,-83.1356,42.33309,"{
  ""coordinates"": [
    -8.313560727600000e+01,
    4.233309101500000e+01
  ],
  ""type"": ""Point""
}","{
  ""coordinates"": [
    -83.135607276,
    42.333091015
  ],
  ""type"": ""Point""
}",-83.135607276,42.333091015
6000,9810594,GREENFIELD,BLESSER,2016-09-29,29,9,2016,22,5,5,9,,2,0,,2,4,4,0,2,2,2,5,0,0,0,0,true,,false,false,false,false,false,,,,,,false,false,false,,,false,false,false,false,false,-83.19623,42.34234,"{
  ""coordinates"": [
    -8.319623071699991e+01,
    4.234233826000010e+01
  ],
  ""type"": ""Point""
}","{
  ""coordinates"": [
    -83.196230717,
    42.34233826
  ],
  ""type"": ""Point""
}",-83.1962307169999,42.3423382600001
6001,9812455,I 75,VERNOR,2016-09-29,29,9,2016,10,5,1,1,,1,1,,2,4,1,70,4,1,3,4,0,0,0,2,false,,false,false,false,false,false,,,,,,false,false,false,,,false,false,false,false,false,-83.08435,42.32536,"{
  ""coordinates"": [
    -8.308434733300000e+01,
    4.232535420200000e+01
  ],
  ""type"": ""Point""
}","{
  ""coordinates"": [
    -83.084347333,
    42.325354202
  ],
  ""type"": ""Point""
}",-83.084347333,42.325354202
6002,9809598,CHALMERS,E I 94,2016-09-29,29,9,2016,15,5,8,1,,4,0,,2,4,1,30,4,2,3,5,0,0,0,0,true,,false,false,false,false,false,,,,,,false,false,false,,,false,false,false,false,false,-82.96422,42.40372,"{
  ""coordinates"": [
    -8.296421875399990e+01,
    4.240371586500000e+01
  ],
  ""type"": ""Point""
}","{
  ""coordinates"": [
    -82.964218754,
    42.403715865
  ],
  ""type"": ""Point""
}",-82.9642187539999,42.403715865
6003,9861689,W/B I 94,LIVERNOIS,2016-09-29,29,9,2016,11,5,1,1,,1,1,,2,4,1,55,3,1,1,5,0,0,0,0,true,,false,false,false,false,false,,,,,,false,false,true,,,false,false,false,false,false,-83.12321,42.33813,"{
  ""coordinates"": [
    -8.312320703300000e+01,
    4.233812883900000e+01
  ],
  ""type"": ""Point""
}","{
  ""coordinates"": [
    -83.123207033,
    42.338128839
  ],
  ""type"": ""Point""
}",-83.123207033,42.338128839
6004,9809588,CENTRAL,VERNOR,2016-09-29,29,9,2016,10,5,4,9,,4,0,,2,4,1,25,2,2,3,5,0,0,0,0,true,,false,false,false,false,false,,,,,,false,false,false,,,false,false,false,false,false,-83.12431,42.31263,"{
  ""coordinates"": [
    -8.312430506299999e+01,
    4.231263447500000e+01
  ],
  ""type"": ""Point""
}","{
  ""coordinates"": [
    -83.124305063,
    42.312634475
  ],
  ""type"": ""Point""
}",-83.124305063,42.312634475
6005,9814391,ST ANTOINE,CANFIELD,2016-09-29,29,9,2016,14,5,8,9,,4,0,,2,4,1,35,2,2,2,5,0,0,0,0,true,,false,false,false,false,false,,,,,,false,false,true,,,false,false,false,false,false,-83.05425,42.35561,"{
  ""coordinates"": [
    -8.305425225099999e+01,
    4.235560968500000e+01
  ],
  ""type"": ""Point""
}","{
  ""coordinates"": [
    -83.054252251,
    42.355609685
  ],
  ""type"": ""Point""
}",-83.054252251,42.355609685
6006,9825996,8MILE,WOODWARD,2016-09-29,29,9,2016,18,5,8,3,,1,0,,2,4,3,40,3,2,2,5,0,0,0,0,true,,false,false,false,false,false,,,,,,false,false,false,,,false,false,false,false,false,-83.12446,42.44652,"{
  ""coordinates"": [
    -8.312445881399999e+01,
    4.244651720100010e+01
  ],
  ""type"": ""Point""
}","{
  ""coordinates"": [
    -83.124458814,
    42.446517201
  ],
  ""type"": ""Point""
}",-83.124458814,42.4465172010001
6007,9809595,HARDING,SHOEMAKER,2016-09-29,29,9,2016,12,5,4,9,,,0,,2,4,1,25,2,2,1,5,0,0,0,0,true,,false,false,true,false,false,,,,,,false,false,false,,,false,false,false,false,false,-82.99455,42.38867,"{
  ""coordinates"": [
    -8.299455421200000e+01,
    4.238866805300010e+01
  ],
  ""type"": ""Point""
}","{
  ""coordinates"": [
    -82.994554212,
    42.388668053
  ],
  ""type"": ""Point""
}",-82.994554212,42.3886680530001
6008,9809593,WARREN,DICKERSON,2016-09-29,29,9,2016,9,5,8,9,,4,0,,2,4,4,30,4,2,2,5,0,0,0,0,true,,false,false,false,false,false,,,,,,false,true,false,,,false,false,false,false,false,-82.96711,42.39247,"{
  ""coordinates"": [
    -8.296710627200000e+01,
    4.239247255600000e+01
  ],
  ""type"": ""Point""
}","{
  ""coordinates"": [
    -82.967106272,
    42.392472556
  ],
  ""type"": ""Point""
}",-82.967106272,42.392472556
6009,9824565,I-75,HOLBROOK,2016-09-29,29,9,2016,6,5,97,1,,1,0,,2,4,4,70,4,3,2,4,0,0,0,1,false,,false,false,true,false,false,,,,,,false,false,false,,,false,false,false,false,false,-83.06857,42.3868,"{
  ""coordinates"": [
    -8.306856390800000e+01,
    4.238679339400010e+01
  ],
  ""type"": ""Point""
}","{
  ""coordinates"": [
    -83.068563908,
    42.386793394
  ],
  ""type"": ""Point""
}",-83.068563908,42.3867933940001
6010,9810619,WARREN,VANCOURT,2016-09-29,29,9,2016,19,5,8,9,,4,0,,98,98,98,30,3,2,1,5,0,0,0,0,true,,false,false,true,false,false,,,,,,false,false,false,,,false,false,false,false,false,-83.11893,42.34459,"{
  ""coordinates"": [
    -8.311892350100000e+01,
    4.234459173900010e+01
  ],
  ""type"": ""Point""
}","{
  ""coordinates"": [
    -83.118923501,
    42.344591739
  ],
  ""type"": ""Point""
}",-83.118923501,42.3445917390001
6011,9861470,I-75,SCHAEFER,2016-09-29,29,9,2016,18,5,5,1,,1,0,,2,4,3,55,4,2,4,5,0,0,0,0,true,,false,false,false,false,false,,,,,,false,true,false,,,false,false,false,false,false,-83.15224,42.27906,"{
  ""coordinates"": [
    -8.315224033600001e+01,
    4.227905569500010e+01
  ],
  ""type"": ""Point""
}","{
  ""coordinates"": [
    -83.152240336,
    42.279055695
  ],
  ""type"": ""Point""
}",-83.152240336,42.2790556950001
6012,9824516,I-94,LONYO,2016-09-29,29,9,2016,7,5,8,1,,1,0,,2,4,4,55,3,2,2,5,0,0,0,0,true,,false,false,false,false,false,,,,,,false,true,false,,,false,false,false,false,false,-83.14394,42.33142,"{
  ""coordinates"": [
    -8.314393908100000e+01,
    4.233142011300000e+01
  ],
  ""type"": ""Point""
}","{
  ""coordinates"": [
    -83.143939081,
    42.331420113
  ],
  ""type"": ""Point""
}",-83.143939081,42.331420113
6013,9813064,I-94,MORANG,2016-09-29,29,9,2016,9,5,1,1,,1,1,,8,4,1,55,3,1,1,5,0,0,0,0,true,,false,false,false,false,false,,,,,,false,false,false,,,false,false,false,false,false,-82.93318,42.41944,"{
  ""coordinates"": [
    -8.293318120200000e+01,
    4.241943902300010e+01
  ],
  ""type"": ""Point""
}","{
  ""coordinates"": [
    -82.933181202,
    42.419439023
  ],
  ""type"": ""Point""
}",-82.933181202,42.4194390230001
6014,9809591,MICHIGAN,LONYO,2016-09-29,29,9,2016,11,5,98,2,,1,0,,2,4,1,35,7,3,3,4,0,0,0,1,false,,false,false,false,false,false,,,,,,false,false,false,,,false,false,false,false,false,-83.14444,42.33045,"{
  ""coordinates"": [
    -8.314443991400000e+01,
    4.233044804000010e+01
  ],
  ""type"": ""Point""
}","{
  ""coordinates"": [
    -83.144439914,
    42.33044804
  ],
  ""type"": ""Point""
}",-83.144439914,42.3304480400001
6015,9811480,I-75,CARPENTER,2016-09-29,29,9,2016,8,5,5,1,,1,0,,8,4,2,70,5,2,2,5,0,0,0,0,true,,false,false,false,false,false,,,,,,false,false,true,,,false,false,false,false,false,-83.07346,42.40427,"{
  ""coordinates"": [
    -8.307345578600000e+01,
    4.240426852600010e+01
  ],
  ""type"": ""Point""
}","{
  ""coordinates"": [
    -83.073455786,
    42.404268526
  ],
  ""type"": ""Point""
}",-83.073455786,42.4042685260001
6016,9822188,I-96,MICHIGAN,2016-09-29,29,9,2016,4,5,1,1,,1,0,,2,4,4,55,3,1,1,4,0,0,0,1,false,,false,false,false,false,false,,,,,,false,false,false,,,false,false,false,false,false,-83.23637,42.38028,"{
  ""coordinates"": [
    -8.323636741699990e+01,
    4.238027930700010e+01
  ],
  ""type"": ""Point""
}","{
  ""coordinates"": [
    -83.236367417,
    42.380279307
  ],
  ""type"": ""Point""
}",-83.2363674169999,42.3802793070001
6017,9822192,I-94,LIVERNOIS,2016-09-29,29,9,2016,14,5,5,1,,1,0,,2,2,1,55,3,2,2,5,0,0,0,0,true,,false,false,false,false,false,,,,,,false,false,true,,,false,false,false,false,false,-83.12566,42.337,"{
  ""coordinates"": [
    -8.312565597400000e+01,
    4.233700073500010e+01
  ],
  ""type"": ""Point""
}","{
  ""coordinates"": [
    -83.125655974,
    42.337000735
  ],
  ""type"": ""Point""
}",-83.125655974,42.3370007350001
6018,9813158,RAMP 041E,N I 75,2016-09-29,29,9,2016,18,5,5,1,,1,0,,2,2,1,55,1,2,3,5,0,0,0,0,true,,false,false,false,false,false,,,,,,false,true,true,,,false,false,false,false,false,-83.04398,42.34468,"{
  ""coordinates"": [
    -8.304397952200000e+01,
    4.234468186000000e+01
  ],
  ""type"": ""Point""
}","{
  ""coordinates"": [
    -83.043979522,
    42.34468186
  ],
  ""type"": ""Point""
}",-83.043979522,42.34468186
6019,9811479,I-96,GRAND,2016-09-29,29,9,2016,6,5,1,1,,1,1,,2,4,5,55,4,1,1,5,0,0,0,0,true,,false,false,false,false,false,,,,,,false,false,true,,,false,false,false,false,false,-83.11246,42.35667,"{
  ""coordinates"": [
    -8.311246405700000e+01,
    4.235666768500000e+01
  ],
  ""type"": ""Point""
}","{
  ""coordinates"": [
    -83.112464057,
    42.356667685
  ],
  ""type"": ""Point""
}",-83.112464057,42.356667685
6020,9822186,W I 96,FULLERTON,2016-09-29,29,9,2016,0,5,1,1,,1,1,,2,4,4,55,3,1,1,5,0,0,0,0,true,,false,false,false,false,false,,,,,,false,false,false,,,false,false,false,false,false,-83.18936,42.38022,"{
  ""coordinates"": [
    -8.318935810900000e+01,
    4.238021942300000e+01
  ],
  ""type"": ""Point""
}","{
  ""coordinates"": [
    -83.189358109,
    42.380219423
  ],
  ""type"": ""Point""
}",-83.189358109,42.380219423
6021,9818706,RAMP 029A,N I 75,2016-09-29,29,9,2016,20,5,5,1,,1,0,,2,2,5,0,2,2,2,5,0,0,0,0,true,,false,false,false,false,false,,,,,,false,false,false,,,false,false,false,false,false,-83.15871,42.2762,"{
  ""coordinates"": [
    -8.315871556300000e+01,
    4.227619498200000e+01
  ],
  ""type"": ""Point""
}","{
  ""coordinates"": [
    -83.158715563,
    42.276194982
  ],
  ""type"": ""Point""
}",-83.158715563,42.276194982
6022,9809577,JOY,SCHAEFER,2016-09-29,29,9,2016,11,5,97,9,,4,0,,2,4,1,35,4,1,1,5,0,0,0,0,true,,false,false,false,false,false,,,,,,false,false,false,,,false,false,false,false,false,-83.17731,42.35855,"{
  ""coordinates"": [
    -8.317731211400000e+01,
    4.235854881900010e+01
  ],
  ""type"": ""Point""
}","{
  ""coordinates"": [
    -83.177312114,
    42.358548819
  ],
  ""type"": ""Point""
}",-83.177312114,42.3585488190001
6023,9810581,GRATIOT,MCNICHOLS,2016-09-29,29,9,2016,16,5,5,3,,1,0,,2,4,1,35,3,2,2,5,0,0,0,0,true,,false,false,false,false,false,,,,,,false,false,false,,,false,false,false,false,false,-82.98317,42.42676,"{
  ""coordinates"": [
    -8.298317261299999e+01,
    4.242675792900010e+01
  ],
  ""type"": ""Point""
}","{
  ""coordinates"": [
    -82.983172613,
    42.426757929
  ],
  ""type"": ""Point""
}",-82.983172613,42.4267579290001
6024,9809592,MCGRAW,FLORIDA,2016-09-29,29,9,2016,14,5,1,9,,4,1,,2,1,1,30,2,1,1,5,0,0,0,0,true,,false,false,false,false,false,,,,,,false,false,false,,,false,false,false,false,false,-83.14025,42.33569,"{
  ""coordinates"": [
    -8.314025038499990e+01,
    4.233569423200000e+01
  ],
  ""type"": ""Point""
}","{
  ""coordinates"": [
    -83.140250385,
    42.335694232
  ],
  ""type"": ""Point""
}",-83.1402503849999,42.335694232
6025,9824515,I-94,LONYO,2016-09-29,29,9,2016,6,5,1,1,,1,1,,2,4,4,55,3,1,1,5,0,0,0,0,true,,false,false,false,false,false,,,,,,false,false,false,,,false,false,false,false,false,-83.1356,42.33309,"{
  ""coordinates"": [
    -8.313560727600000e+01,
    4.233309101500000e+01
  ],
  ""type"": ""Point""
}","{
  ""coordinates"": [
    -83.135607276,
    42.333091015
  ],
  ""type"": ""Point""
}",-83.135607276,42.333091015
6026,9818606,SB I-75,SCHAEFER,2016-09-29,29,9,2016,8,5,1,1,,1,1,,1,4,1,70,4,1,1,5,0,0,0,0,true,,false,false,false,false,false,,,,,,false,false,false,,,false,false,false,false,false,-83.15545,42.27763,"{
  ""coordinates"": [
    -8.315544597600000e+01,
    4.227762540100010e+01
  ],
  ""type"": ""Point""
}","{
  ""coordinates"": [
    -83.155445976,
    42.277625401
  ],
  ""type"": ""Point""
}",-83.155445976,42.2776254010001
6027,9824630,GRATIOT,BEAUBIEN,2016-09-29,29,9,2016,9,5,5,3,,1,0,,2,4,1,35,3,2,2,4,0,0,0,1,false,,false,false,false,false,false,,,,,,false,false,false,,,false,false,false,false,false,-83.0437,42.33707,"{
  ""coordinates"": [
    -8.304369896599999e+01,
    4.233707318800000e+01
  ],
  ""type"": ""Point""
}","{
  ""coordinates"": [
    -83.043698966,
    42.337073188
  ],
  ""type"": ""Point""
}",-83.043698966,42.337073188
6028,9812492,S M 10,RAMP 109A,2016-09-29,29,9,2016,19,5,1,3,,1,1,,2,4,1,55,1,1,1,5,0,0,0,0,true,,false,false,false,false,false,,,,,,false,false,true,,,false,false,false,false,false,-83.11266,42.39953,"{
  ""coordinates"": [
    -8.311265232300001e+01,
    4.239952753300000e+01
  ],
  ""type"": ""Point""
}","{
  ""coordinates"": [
    -83.112652323,
    42.399527533
  ],
  ""type"": ""Point""
}",-83.112652323,42.399527533
6029,9824628,CIVIC CENTER,BATES,2016-09-29,29,9,2016,0,5,5,9,,4,0,,2,4,5,25,2,2,3,5,0,0,0,0,true,,false,false,false,true,false,,,,,,false,false,false,,,false,false,false,false,false,-83.04427,42.32681,"{
  ""coordinates"": [
    -8.304426499899991e+01,
    4.232680368800000e+01
  ],
  ""type"": ""Point""
}","{
  ""coordinates"": [
    -83.044264999,
    42.326803688
  ],
  ""type"": ""Point""
}",-83.0442649989999,42.326803688
6030,9810577,CONNER,CHANDLER PARK,2016-09-29,29,9,2016,12,5,5,9,,4,0,,2,2,1,35,5,2,2,5,0,0,0,0,true,,false,false,true,false,false,,,,,,false,false,false,,,false,false,false,false,false,-82.98206,42.39231,"{
  ""coordinates"": [
    -8.298205992699999e+01,
    4.239230918800010e+01
  ],
  ""type"": ""Point""
}","{
  ""coordinates"": [
    -82.982059927,
    42.392309188
  ],
  ""type"": ""Point""
}",-82.982059927,42.3923091880001
6031,9809579,LAFAYETTE,CASS,2016-09-29,29,9,2016,6,5,8,9,,4,0,,2,4,3,0,2,2,2,5,0,0,0,0,true,,false,false,false,false,false,,,,,,false,false,false,,,false,false,false,false,false,-83.05145,42.33014,"{
  ""coordinates"": [
    -8.305144718799990e+01,
    4.233013504600010e+01
  ],
  ""type"": ""Point""
}","{
  ""coordinates"": [
    -83.051447188,
    42.330135046
  ],
  ""type"": ""Point""
}",-83.0514471879999,42.3301350460001
6032,9822183,RAMP3096E,MICHIGAN,2016-09-29,29,9,2016,14,5,1,1,,1,1,,2,4,1,70,1,1,1,4,0,0,0,1,false,,false,false,false,false,false,,,,,,false,false,true,,,false,false,false,false,false,-83.23796,42.38123,"{
  ""coordinates"": [
    -8.323795817800000e+01,
    4.238122473300010e+01
  ],
  ""type"": ""Point""
}","{
  ""coordinates"": [
    -83.237958178,
    42.381224733
  ],
  ""type"": ""Point""
}",-83.237958178,42.3812247330001
6033,9809617,OUTER,MOUNT ELLIOTT,2016-09-29,29,9,2016,11,5,4,9,,2,0,,2,4,1,35,2,2,2,5,0,0,0,0,true,,false,false,true,false,false,,,,,,false,false,true,,,false,false,false,false,false,-83.03923,42.44101,"{
  ""coordinates"": [
    -8.303923071199991e+01,
    4.244101132900000e+01
  ],
  ""type"": ""Point""
}","{
  ""coordinates"": [
    -83.039230712,
    42.441011329
  ],
  ""type"": ""Point""
}",-83.0392307119999,42.441011329
6034,9824474,I-94,CADIEUX,2016-09-29,29,9,2016,6,5,5,1,,1,0,,2,4,4,55,3,2,2,5,0,0,0,0,true,,false,false,true,false,false,,,,,,false,false,true,,,false,false,false,false,false,-82.93472,42.41845,"{
  ""coordinates"": [
    -8.293471639400001e+01,
    4.241845450300010e+01
  ],
  ""type"": ""Point""
}","{
  ""coordinates"": [
    -82.934716394,
    42.418454503
  ],
  ""type"": ""Point""
}",-82.934716394,42.4184545030001
6035,9809628,VAN DYKE,7 MILE,2016-09-29,29,9,2016,8,5,4,3,,1,0,,2,4,4,35,4,2,3,5,0,0,0,0,true,,false,false,false,false,false,,,,,,false,false,true,,,false,false,false,false,false,-83.02426,42.4343,"{
  ""coordinates"": [
    -8.302425918400000e+01,
    4.243429663200000e+01
  ],
  ""type"": ""Point""
}","{
  ""coordinates"": [
    -83.024259184,
    42.434296632
  ],
  ""type"": ""Point""
}",-83.024259184,42.434296632
6036,9812314,I-94,CADIEUX,2016-09-29,29,9,2016,9,5,1,1,,1,1,,8,4,1,55,3,1,1,4,0,0,0,1,false,,false,false,false,false,false,,,,,,false,false,false,,,false,false,false,false,false,-82.93771,42.41686,"{
  ""coordinates"": [
    -8.293771272500000e+01,
    4.241686368700000e+01
  ],
  ""type"": ""Point""
}","{
  ""coordinates"": [
    -82.937712725,
    42.416863687
  ],
  ""type"": ""Point""
}",-82.937712725,42.416863687
6037,9809586,MELON,DIX,2016-09-29,29,9,2016,14,5,4,9,,4,0,,2,4,1,30,1,2,2,5,0,0,0,0,true,,false,false,false,false,false,,,,,,false,false,false,,,false,false,false,false,false,-83.15682,42.29049,"{
  ""coordinates"": [
    -8.315682010599990e+01,
    4.229048373600010e+01
  ],
  ""type"": ""Point""
}","{
  ""coordinates"": [
    -83.156820106,
    42.290483736
  ],
  ""type"": ""Point""
}",-83.1568201059999,42.2904837360001
6038,9809569,I-75,WARREN,2016-09-29,29,9,2016,9,5,5,1,,1,0,,2,4,1,55,4,2,2,5,0,0,0,0,true,,false,false,false,false,false,,,,,,false,false,false,,,false,false,false,false,false,-83.05206,42.35758,"{
  ""coordinates"": [
    -8.305205994999990e+01,
    4.235757857100000e+01
  ],
  ""type"": ""Point""
}","{
  ""coordinates"": [
    -83.05205995,
    42.357578571
  ],
  ""type"": ""Point""
}",-83.0520599499999,42.357578571