ObjectId,Crash ID,Primary Road,Intersecting Road,Crash Date,Day,Month,Year,Hour,Weekday,Crash Type Code,Highway Classification Code,Community Code,Jurisdiction Code,Lane Departure Type Code,Surface Type,Road Condition,Weather Condition,Lighting Condition,Speed Limit,Lanes,Units,Occupants,Most Severe Injury,Fatal Injuries,Suspected Serious Injuries,Suspected Minor Injuries,Possible Injuries,Property Damage Only,Secondary Crash,Traffic Control,Red Light Run,Hit and Run,Alcohol,Drugs,Unbelted Person,Work Zone,Speeding Driver,Distracted Driver,Driveway,Pedestrian,Elderly Driver,Young Driver,Commercial Vehicle,Emergency Vehicles,Train,School Bus,Motorcycle,Bicycle,Deer,Longitude,Latitude,geom,geog,x,y
6153,9824833,WOODWARD,ANTOINETTE,2016-09-27,27,9,2016,11,3,4,3,,1,0,,1,1,1,30,7,2,2,5,0,0,0,0,true,,false,false,false,false,false,,,,,,false,false,true,,,false,false,false,false,false,-83.06912,42.36404,"{
  ""coordinates"": [
    -8.306912267199991e+01,
    4.236403779800000e+01
  ],
  ""type"": ""Point""
}","{
  ""coordinates"": [
    -83.069122672,
    42.364037798
  ],
  ""type"": ""Point""
}",-83.0691226719999,42.364037798
6154,9824464,RAMP 212G,E I 94,2016-09-27,27,9,2016,12,3,5,1,,1,0,,1,1,1,0,1,2,2,5,0,0,0,0,true,,false,false,false,false,false,,,,,,false,false,false,,,false,false,false,false,false,-83.11366,42.34409,"{
  ""coordinates"": [
    -8.311365561600000e+01,
    4.234409292500000e+01
  ],
  ""type"": ""Point""
}","{
  ""coordinates"": [
    -83.113655616,
    42.344092925
  ],
  ""type"": ""Point""
}",-83.113655616,42.344092925
6155,9824514,I-94,GRATIOT,2016-09-27,27,9,2016,8,3,5,1,,1,0,,1,1,1,55,3,2,2,5,0,0,0,0,true,,false,false,false,false,false,,,,,,false,false,false,,,false,false,false,false,false,-82.99659,42.3923,"{
  ""coordinates"": [
    -8.299658962300001e+01,
    4.239230129400000e+01
  ],
  ""type"": ""Point""
}","{
  ""coordinates"": [
    -82.996589623,
    42.392301294
  ],
  ""type"": ""Point""
}",-82.996589623,42.392301294
6156,9808856,DAVISON,ROSA PARKS,2016-09-27,27,9,2016,14,3,3,3,,1,0,,1,1,1,35,6,2,2,4,0,0,0,1,false,,false,false,false,false,false,,,,,,false,true,false,,,false,false,false,false,false,-83.11319,42.3963,"{
  ""coordinates"": [
    -8.311318661199989e+01,
    4.239629777000000e+01
  ],
  ""type"": ""Point""
}","{
  ""coordinates"": [
    -83.113186612,
    42.39629777
  ],
  ""type"": ""Point""
}",-83.1131866119999,42.39629777
6157,9808709,E I 94,HARPER,2016-09-27,27,9,2016,16,3,8,1,,1,0,,1,1,1,35,3,2,2,5,0,0,0,0,true,,false,false,true,false,false,,,,,,false,false,false,,,false,false,false,false,false,-82.94801,42.40923,"{
  ""coordinates"": [
    -8.294801337000000e+01,
    4.240923295600000e+01
  ],
  ""type"": ""Point""
}","{
  ""coordinates"": [
    -82.94801337,
    42.409232956
  ],
  ""type"": ""Point""
}",-82.94801337,42.409232956
6158,9808734,FARMER,GRATIOT,2016-09-27,27,9,2016,8,3,8,9,,4,0,,1,1,1,30,2,2,2,5,0,0,0,0,true,,false,false,true,false,false,,,,,,false,false,false,,,false,false,false,false,false,-83.04673,42.33341,"{
  ""coordinates"": [
    -8.304673008100001e+01,
    4.233341279700010e+01
  ],
  ""type"": ""Point""
}","{
  ""coordinates"": [
    -83.046730081,
    42.333412797
  ],
  ""type"": ""Point""
}",-83.046730081,42.3334127970001
6159,9808851,EWALD,SAN JUAN,2016-09-27,27,9,2016,2,3,1,9,,4,1,,1,1,4,25,1,1,3,1,1,0,1,0,false,,false,false,false,true,false,,,,,,false,false,true,,,false,false,false,false,false,-83.14521,42.3892,"{
  ""coordinates"": [
    -8.314521219600000e+01,
    4.238919961000000e+01
  ],
  ""type"": ""Point""
}","{
  ""coordinates"": [
    -83.145212196,
    42.38919961
  ],
  ""type"": ""Point""
}",-83.145212196,42.38919961
6160,9907452,VANDYKE,SEVEN MILE,2016-09-27,27,9,2016,19,3,1,3,,1,0,,1,1,2,35,3,2,0,4,0,0,0,1,false,,false,false,false,false,false,,,,,,true,false,false,,,false,false,false,false,false,-83.02425,42.43394,"{
  ""coordinates"": [
    -8.302424705999989e+01,
    4.243393922700010e+01
  ],
  ""type"": ""Point""
}","{
  ""coordinates"": [
    -83.02424706,
    42.433939227
  ],
  ""type"": ""Point""
}",-83.0242470599999,42.4339392270001
6161,9808800,JOY,HUBBELL,2016-09-27,27,9,2016,20,3,97,9,,4,0,,1,1,3,35,4,2,1,5,0,0,0,0,true,,false,false,true,false,false,,,,,,false,false,false,,,false,false,false,false,false,-83.18717,42.35835,"{
  ""coordinates"": [
    -8.318717303699999e+01,
    4.235834710000010e+01
  ],
  ""type"": ""Point""
}","{
  ""coordinates"": [
    -83.187173037,
    42.3583471
  ],
  ""type"": ""Point""
}",-83.187173037,42.3583471000001
6162,9808730,THIRD,HOLDEN,2016-09-27,27,9,2016,18,3,1,9,,4,0,,1,2,3,30,3,2,2,2,0,1,0,0,false,,false,false,true,false,false,,,,,,false,false,true,,,false,false,false,true,false,-83.07557,42.36219,"{
  ""coordinates"": [
    -8.307556673800001e+01,
    4.236219081800000e+01
  ],
  ""type"": ""Point""
}","{
  ""coordinates"": [
    -83.075566738,
    42.362190818
  ],
  ""type"": ""Point""
}",-83.075566738,42.362190818
6163,9808812,GRANDVILLE,SCHOOLCRAFT,2016-09-27,27,9,2016,17,3,9,9,,,0,,1,2,1,25,1,2,2,5,0,0,0,0,true,,false,false,false,false,false,,,,,,false,true,false,,,false,false,false,false,false,-83.23085,42.38636,"{
  ""coordinates"": [
    -8.323085134000000e+01,
    4.238635449800010e+01
  ],
  ""type"": ""Point""
}","{
  ""coordinates"": [
    -83.23085134,
    42.386354498
  ],
  ""type"": ""Point""
}",-83.23085134,42.3863544980001
6164,9813185,8 MILE,WOODWARD,2016-09-27,27,9,2016,16,3,5,3,,1,0,,1,1,1,40,2,2,2,5,0,0,0,0,true,,false,false,true,false,false,,,,,,false,false,false,,,false,false,false,false,false,-83.12494,42.4465,"{
  ""coordinates"": [
    -8.312494106299989e+01,
    4.244650253300010e+01
  ],
  ""type"": ""Point""
}","{
  ""coordinates"": [
    -83.124941063,
    42.446502533
  ],
  ""type"": ""Point""
}",-83.1249410629999,42.4465025330001
6165,9808873,6 MILE,LINSAY,2016-09-27,27,9,2016,16,3,5,9,,2,0,,1,1,1,30,4,3,3,5,0,0,0,0,true,,false,false,false,false,false,,,,,,false,false,false,,,false,false,false,false,false,-83.21331,42.41566,"{
  ""coordinates"": [
    -8.321330724400001e+01,
    4.241566553900000e+01
  ],
  ""type"": ""Point""
}","{
  ""coordinates"": [
    -83.213307244,
    42.415665539
  ],
  ""type"": ""Point""
}",-83.213307244,42.415665539
6166,9808854,JOY,QUINCY,2016-09-27,27,9,2016,11,3,5,9,,4,0,,1,1,1,35,2,2,4,5,0,0,0,0,true,,false,false,true,false,false,,,,,,false,false,false,,,false,false,false,false,false,-83.12125,42.36878,"{
  ""coordinates"": [
    -8.312125006500000e+01,
    4.236878062600000e+01
  ],
  ""type"": ""Point""
}","{
  ""coordinates"": [
    -83.121250065,
    42.368780626
  ],
  ""type"": ""Point""
}",-83.121250065,42.368780626
6167,9861750,MCGRAW,LIVERNOIS,2016-09-27,27,9,2016,13,3,4,9,,4,0,,1,1,1,30,2,2,1,5,0,0,0,0,true,,false,false,true,false,false,,,,,,false,false,false,,,false,false,false,false,false,-83.12739,42.34083,"{
  ""coordinates"": [
    -8.312739060000000e+01,
    4.234082748400000e+01
  ],
  ""type"": ""Point""
}","{
  ""coordinates"": [
    -83.1273906,
    42.340827484
  ],
  ""type"": ""Point""
}",-83.1273906,42.340827484
6168,9808848,FAIRCREST,MORANG,2016-09-27,27,9,2016,11,3,4,9,,,0,,1,1,1,25,2,2,4,4,0,0,0,2,false,,true,false,false,false,false,,,,,,false,false,true,,,false,false,false,false,false,-82.95978,42.43212,"{
  ""coordinates"": [
    -8.295977755599991e+01,
    4.243212308600000e+01
  ],
  ""type"": ""Point""
}","{
  ""coordinates"": [
    -82.959777556,
    42.432123086
  ],
  ""type"": ""Point""
}",-82.9597775559999,42.432123086
6169,9824600,S M 39,PURITAN,2016-09-27,27,9,2016,0,3,8,3,,1,0,,2,4,1,55,3,2,3,5,0,0,0,0,true,,false,false,false,false,false,,,,,,false,false,false,,,false,false,false,false,false,-83.2187,42.40836,"{
  ""coordinates"": [
    -8.321870624199990e+01,
    4.240835487800010e+01
  ],
  ""type"": ""Point""
}","{
  ""coordinates"": [
    -83.218706242,
    42.408354878
  ],
  ""type"": ""Point""
}",-83.2187062419999,42.4083548780001
6170,9861704,I-94,ROSA PARKS,2016-09-27,27,9,2016,8,3,5,1,,1,0,,1,1,1,55,3,2,2,5,0,0,0,0,true,,false,false,false,false,false,,,,,,false,false,false,,,false,false,false,false,false,-83.0887,42.35337,"{
  ""coordinates"": [
    -8.308870226600000e+01,
    4.235337306400000e+01
  ],
  ""type"": ""Point""
}","{
  ""coordinates"": [
    -83.088702266,
    42.353373064
  ],
  ""type"": ""Point""
}",-83.088702266,42.353373064
6171,9808752,S I 75,GRAND,2016-09-27,27,9,2016,12,3,5,1,,1,0,,1,1,1,70,8,2,2,5,0,0,0,0,true,,false,false,false,false,false,,,,,,false,false,false,,,false,false,false,false,false,-83.08479,42.31632,"{
  ""coordinates"": [
    -8.308479569500000e+01,
    4.231631728400000e+01
  ],
  ""type"": ""Point""
}","{
  ""coordinates"": [
    -83.084795695,
    42.316317284
  ],
  ""type"": ""Point""
}",-83.084795695,42.316317284
6172,9810570,SOUTHFIELD SERVICE DRIVE,GRAND RIVER,2016-09-27,27,9,2016,8,3,5,9,,4,0,,1,1,1,0,2,3,3,5,0,0,0,0,true,,false,false,false,false,false,,,,,,false,false,true,,,false,false,false,false,false,-83.21855,42.39975,"{
  ""coordinates"": [
    -8.321854944099989e+01,
    4.239975058300010e+01
  ],
  ""type"": ""Point""
}","{
  ""coordinates"": [
    -83.218549441,
    42.399750583
  ],
  ""type"": ""Point""
}",-83.2185494409999,42.3997505830001
6173,9830770,BEAUBIEN,MONROE,2016-09-27,27,9,2016,2,3,4,9,,4,0,,1,1,4,25,2,2,2,5,0,0,0,0,true,,true,true,false,false,false,,,,,,false,false,false,,,false,false,false,false,false,-83.04256,42.3349,"{
  ""coordinates"": [
    -8.304256413400000e+01,
    4.233490448500000e+01
  ],
  ""type"": ""Point""
}","{
  ""coordinates"": [
    -83.042564134,
    42.334904485
  ],
  ""type"": ""Point""
}",-83.042564134,42.334904485
6174,9808735,GRAND RIVER,MARTIN LUTHER KING,2016-09-27,27,9,2016,19,3,1,3,,1,0,,1,1,4,30,7,2,1,2,0,1,0,0,false,,false,false,false,false,false,,,,,,true,true,false,,,false,false,false,false,false,-83.0721,42.34175,"{
  ""coordinates"": [
    -8.307209457999990e+01,
    4.234175510600010e+01
  ],
  ""type"": ""Point""
}","{
  ""coordinates"": [
    -83.07209458,
    42.341755106
  ],
  ""type"": ""Point""
}",-83.0720945799999,42.3417551060001
6175,9809584,MARTIN LUTHER KING JR,MACK,2016-09-27,27,9,2016,17,3,8,3,,4,0,,1,1,3,25,3,2,11,5,0,0,0,0,true,,false,false,false,false,false,,,,,,false,false,false,,,false,false,false,false,false,-83.0579,42.34736,"{
  ""coordinates"": [
    -8.305789971400000e+01,
    4.234736237500000e+01
  ],
  ""type"": ""Point""
}","{
  ""coordinates"": [
    -83.057899714,
    42.347362375
  ],
  ""type"": ""Point""
}",-83.057899714,42.347362375
6176,9808827,MACK,VAN DYKE,2016-09-27,27,9,2016,11,3,8,9,,4,0,,1,1,1,30,8,2,2,5,0,0,0,0,true,,false,false,false,false,false,,,,,,false,false,false,,,false,false,false,false,false,-83.0061,42.36698,"{
  ""coordinates"": [
    -8.300609730199990e+01,
    4.236697674900010e+01
  ],
  ""type"": ""Point""
}","{
  ""coordinates"": [
    -83.006097302,
    42.366976749
  ],
  ""type"": ""Point""
}",-83.0060973019999,42.3669767490001
6177,9808771,WARREN,SAINT JEAN,2016-09-27,27,9,2016,17,3,8,9,,4,0,,1,2,1,30,5,2,2,5,0,0,0,0,true,,false,false,false,false,false,,,,,,false,false,true,,,false,false,false,false,false,-82.9837,42.38731,"{
  ""coordinates"": [
    -8.298370006200000e+01,
    4.238731541700000e+01
  ],
  ""type"": ""Point""
}","{
  ""coordinates"": [
    -82.983700062,
    42.387315417
  ],
  ""type"": ""Point""
}",-82.983700062,42.387315417
6178,9808768,CADILLAC,SAINT PAUL,2016-09-27,27,9,2016,9,3,4,9,,4,0,,1,1,1,25,2,2,2,5,0,0,0,0,true,,false,false,false,false,false,,,,,,false,false,false,,,false,false,false,false,false,-82.98297,42.36269,"{
  ""coordinates"": [
    -8.298297424600000e+01,
    4.236269015700000e+01
  ],
  ""type"": ""Point""
}","{
  ""coordinates"": [
    -82.982974246,
    42.362690157
  ],
  ""type"": ""Point""
}",-82.982974246,42.362690157
6179,9808770,JEFFERSON,CONNER,2016-09-27,27,9,2016,15,3,5,9,,4,0,,1,1,1,35,7,2,2,4,0,0,0,1,false,,false,false,false,false,false,,,,,,false,false,false,,,false,false,false,false,false,-82.95744,42.37015,"{
  ""coordinates"": [
    -8.295743387600000e+01,
    4.237014653800000e+01
  ],
  ""type"": ""Point""
}","{
  ""coordinates"": [
    -82.957433876,
    42.370146538
  ],
  ""type"": ""Point""
}",-82.957433876,42.370146538
6180,9808877,LIVERNOIS,FLORENCE,2016-09-27,27,9,2016,11,3,4,9,,4,0,,1,1,1,30,2,2,3,5,0,0,0,0,true,,false,false,false,false,false,,,,,,false,false,true,,,false,false,false,false,false,-83.1405,42.41235,"{
  ""coordinates"": [
    -8.314050631800001e+01,
    4.241234892700000e+01
  ],
  ""type"": ""Point""
}","{
  ""coordinates"": [
    -83.140506318,
    42.412348927
  ],
  ""type"": ""Point""
}",-83.140506318,42.412348927
6181,9808855,DORIS,LIVERNOIS,2016-09-27,27,9,2016,12,3,5,9,,,0,,1,1,1,25,2,2,2,4,0,0,0,1,false,,false,false,true,false,false,,,,,,false,false,false,,,false,false,false,false,false,-83.13938,42.39348,"{
  ""coordinates"": [
    -8.313938338700000e+01,
    4.239348202400000e+01
  ],
  ""type"": ""Point""
}","{
  ""coordinates"": [
    -83.139383387,
    42.393482024
  ],
  ""type"": ""Point""
}",-83.139383387,42.393482024
6182,9865382,BROADWAY,GRATIOT,2016-09-27,27,9,2016,18,3,8,3,,4,0,,1,1,1,0,2,2,2,5,0,0,0,0,true,,false,false,false,false,false,,,,,,false,false,true,,,false,false,false,false,false,-83.04562,42.33469,"{
  ""coordinates"": [
    -8.304562721799989e+01,
    4.233468904400010e+01
  ],
  ""type"": ""Point""
}","{
  ""coordinates"": [
    -83.045627218,
    42.334689044
  ],
  ""type"": ""Point""
}",-83.0456272179999,42.3346890440001
6183,9861862,SECOND,PALMER,2016-09-27,27,9,2016,16,3,5,9,,4,0,,1,1,1,25,1,2,2,5,0,0,0,0,true,,false,false,false,false,false,,,,,,false,false,true,,,false,false,false,false,false,-83.07223,42.36073,"{
  ""coordinates"": [
    -8.307222931699989e+01,
    4.236072675300010e+01
  ],
  ""type"": ""Point""
}","{
  ""coordinates"": [
    -83.072229317,
    42.360726753
  ],
  ""type"": ""Point""
}",-83.0722293169999,42.3607267530001
6184,9808861,VAN DYKE,STOCKTON,2016-09-27,27,9,2016,12,3,8,3,,1,0,,1,1,1,35,3,2,1,5,0,0,0,0,true,,false,false,true,false,false,,,,,,false,false,true,,,false,false,false,false,false,-83.02405,42.42867,"{
  ""coordinates"": [
    -8.302404883000000e+01,
    4.242866726900010e+01
  ],
  ""type"": ""Point""
}","{
  ""coordinates"": [
    -83.02404883,
    42.428667269
  ],
  ""type"": ""Point""
}",-83.02404883,42.4286672690001
6185,9808864,N I 75,8 MILE,2016-09-27,27,9,2016,18,3,4,1,,1,0,,1,1,3,35,2,2,3,5,0,0,0,0,true,,true,true,false,false,false,,,,,,false,false,true,,,false,false,false,false,false,-83.09469,42.4468,"{
  ""coordinates"": [
    -8.309468554999999e+01,
    4.244680019200010e+01
  ],
  ""type"": ""Point""
}","{
  ""coordinates"": [
    -83.09468555,
    42.446800192
  ],
  ""type"": ""Point""
}",-83.09468555,42.4468001920001
6186,9808875,INDIANA,MIDLAND,2016-09-27,27,9,2016,9,3,4,9,,,0,,1,1,1,25,1,2,2,5,0,0,0,0,true,,false,false,false,false,false,,,,,,false,false,true,,,false,false,false,false,false,-83.15767,42.40613,"{
  ""coordinates"": [
    -8.315766843800000e+01,
    4.240613013400010e+01
  ],
  ""type"": ""Point""
}","{
  ""coordinates"": [
    -83.157668438,
    42.406130134
  ],
  ""type"": ""Point""
}",-83.157668438,42.4061301340001
6187,9997295,M-39,PLYMOUTH,2016-09-27,27,9,2016,14,3,5,3,,1,0,,1,1,1,55,3,2,2,5,0,0,0,0,true,,false,false,false,false,false,,,,,,false,false,false,,,false,false,false,false,false,-83.21637,42.36501,"{
  ""coordinates"": [
    -8.321637120699999e+01,
    4.236501066000010e+01
  ],
  ""type"": ""Point""
}","{
  ""coordinates"": [
    -83.216371207,
    42.36501066
  ],
  ""type"": ""Point""
}",-83.216371207,42.3650106600001
6188,9808846,CADIEUX,MORANG,2016-09-27,27,9,2016,13,3,2,9,,4,0,,1,1,1,30,3,3,3,3,0,0,1,0,false,,false,false,false,false,false,,,,,,false,false,false,,,false,false,false,false,false,-82.94041,42.42217,"{
  ""coordinates"": [
    -8.294041416899999e+01,
    4.242216937300000e+01
  ],
  ""type"": ""Point""
}","{
  ""coordinates"": [
    -82.940414169,
    42.422169373
  ],
  ""type"": ""Point""
}",-82.940414169,42.422169373
6189,9808758,WHITTER,OUTER,2016-09-27,27,9,2016,16,3,5,9,,,0,,1,1,1,35,2,2,2,5,0,0,0,0,true,,false,false,true,false,false,,,,,,false,false,false,,,false,false,false,false,false,-82.96345,42.42081,"{
  ""coordinates"": [
    -8.296344913800000e+01,
    4.242081370400010e+01
  ],
  ""type"": ""Point""
}","{
  ""coordinates"": [
    -82.963449138,
    42.420813704
  ],
  ""type"": ""Point""
}",-82.963449138,42.4208137040001
6190,9809627,VANDYKE,SAVAGE,2016-09-27,27,9,2016,4,3,5,3,,1,0,,1,1,1,35,2,2,2,5,0,0,0,0,true,,false,false,false,false,false,,,,,,false,false,false,,,false,false,false,false,false,-83.02467,42.4461,"{
  ""coordinates"": [
    -8.302466943000000e+01,
    4.244609709000010e+01
  ],
  ""type"": ""Point""
}","{
  ""coordinates"": [
    -83.02466943,
    42.44609709
  ],
  ""type"": ""Point""
}",-83.02466943,42.4460970900001
6191,9808832,SOUTHFIELD SERVICE DRIVE,PICKFORD,2016-09-27,27,9,2016,8,3,5,9,,4,0,,1,1,1,35,2,2,2,5,0,0,0,0,true,,false,false,false,false,false,,,,,,false,false,true,,,false,false,false,false,false,-83.2195,42.42484,"{
  ""coordinates"": [
    -8.321950118800000e+01,
    4.242484083200000e+01
  ],
  ""type"": ""Point""
}","{
  ""coordinates"": [
    -83.219501188,
    42.424840832
  ],
  ""type"": ""Point""
}",-83.219501188,42.424840832
6192,9808876,8 MILE,LIVERNOIS,2016-09-27,27,9,2016,12,3,4,3,,1,0,,1,1,1,40,4,2,1,5,0,0,0,0,true,,false,false,true,false,false,,,,,,false,true,false,,,false,false,false,false,false,-83.14201,42.44608,"{
  ""coordinates"": [
    -8.314201666600000e+01,
    4.244608167800000e+01
  ],
  ""type"": ""Point""
}","{
  ""coordinates"": [
    -83.142016666,
    42.446081678
  ],
  ""type"": ""Point""
}",-83.142016666,42.446081678
6193,9819980,I 75 SERVICE,CLAY,2016-09-27,27,9,2016,11,3,1,9,,4,0,,1,1,1,70,3,1,1,5,0,0,0,0,true,,false,false,false,false,false,,,,,,false,false,false,,,false,false,false,false,false,-83.06154,42.37553,"{
  ""coordinates"": [
    -8.306153768199989e+01,
    4.237553037300010e+01
  ],
  ""type"": ""Point""
}","{
  ""coordinates"": [
    -83.061537682,
    42.375530373
  ],
  ""type"": ""Point""
}",-83.0615376819999,42.3755303730001
6194,9819895,M-10,WYOMING,2016-09-27,27,9,2016,8,3,5,3,,1,0,,1,1,1,55,3,3,1,4,0,0,0,1,false,,false,false,true,false,false,,,,,,false,false,false,,,false,false,false,false,false,-83.16138,42.40607,"{
  ""coordinates"": [
    -8.316137796000000e+01,
    4.240606736900000e+01
  ],
  ""type"": ""Point""
}","{
  ""coordinates"": [
    -83.16137796,
    42.406067369
  ],
  ""type"": ""Point""
}",-83.16137796,42.406067369
6195,9861746,I 94,CECIL,2016-09-27,27,9,2016,11,3,8,1,,1,0,,1,1,1,55,3,3,1,5,0,0,0,0,true,,false,false,true,false,false,,,,,,false,false,true,,,false,false,false,false,false,-83.13464,42.33362,"{
  ""coordinates"": [
    -8.313464363299990e+01,
    4.233362161800010e+01
  ],
  ""type"": ""Point""
}","{
  ""coordinates"": [
    -83.134643633,
    42.333621618
  ],
  ""type"": ""Point""
}",-83.1346436329999,42.3336216180001
6196,9839780,GRAND RIVER,GREENFIELD,2016-09-27,27,9,2016,1,3,8,3,,1,0,,2,4,1,30,2,2,2,5,0,0,0,0,true,,false,false,false,false,false,,,,,,false,false,true,,,false,false,false,false,false,-83.19836,42.39265,"{
  ""coordinates"": [
    -8.319835688900000e+01,
    4.239265488500010e+01
  ],
  ""type"": ""Point""
}","{
  ""coordinates"": [
    -83.198356889,
    42.392654885
  ],
  ""type"": ""Point""
}",-83.198356889,42.3926548850001
6197,9808859,7 MILE,HAWTHRONE,2016-09-27,27,9,2016,18,3,97,9,,4,0,,1,1,1,0,2,2,2,5,0,0,0,0,true,,false,false,false,false,false,,,,,,false,false,false,,,false,false,false,false,false,-83.09263,42.43256,"{
  ""coordinates"": [
    -8.309262894699999e+01,
    4.243255657900000e+01
  ],
  ""type"": ""Point""
}","{
  ""coordinates"": [
    -83.092628947,
    42.432556579
  ],
  ""type"": ""Point""
}",-83.092628947,42.432556579
6198,9977907,SCHOENHERR,MANNING,2016-09-27,27,9,2016,16,3,4,9,,4,0,,1,1,1,25,2,2,1,4,0,0,0,1,false,,true,false,true,false,false,,,,,,false,false,false,,,false,false,false,false,false,-82.98534,42.4406,"{
  ""coordinates"": [
    -8.298533718999990e+01,
    4.244060214300000e+01
  ],
  ""type"": ""Point""
}","{
  ""coordinates"": [
    -82.98533719,
    42.440602143
  ],
  ""type"": ""Point""
}",-82.9853371899999,42.440602143
6199,9808897,WARREN,CASS,2016-09-27,27,9,2016,9,3,5,9,,4,0,,1,1,1,30,3,2,2,5,0,0,0,0,true,,false,false,false,false,false,,,,,,false,false,true,,,false,false,false,false,false,-83.06674,42.35607,"{
  ""coordinates"": [
    -8.306673840500000e+01,
    4.235606639700010e+01
  ],
  ""type"": ""Point""
}","{
  ""coordinates"": [
    -83.066738405,
    42.356066397
  ],
  ""type"": ""Point""
}",-83.066738405,42.3560663970001
6200,9810617,SCHOENHERR,LINNHURST,2016-09-27,27,9,2016,16,3,5,9,,4,0,,1,1,1,25,2,2,2,5,0,0,0,0,true,,false,false,false,false,false,,,,,,false,false,false,,,false,false,false,false,false,-82.98498,42.4315,"{
  ""coordinates"": [
    -8.298497932100000e+01,
    4.243150342700010e+01
  ],
  ""type"": ""Point""
}","{
  ""coordinates"": [
    -82.984979321,
    42.431503427
  ],
  ""type"": ""Point""
}",-82.984979321,42.4315034270001
6201,9812508,GRAND,OAKLAND,2016-09-27,27,9,2016,15,3,10,9,,4,0,,1,1,1,35,3,2,2,5,0,0,0,0,true,,false,false,false,false,false,,,,,,false,true,false,,,false,false,false,false,false,-83.0644,42.37347,"{
  ""coordinates"": [
    -8.306439681900000e+01,
    4.237346988600010e+01
  ],
  ""type"": ""Point""
}","{
  ""coordinates"": [
    -83.064396819,
    42.373469886
  ],
  ""type"": ""Point""
}",-83.064396819,42.3734698860001
6202,9808733,OWENS,BRUSH,2016-09-27,27,9,2016,7,3,4,9,,4,0,,1,1,1,0,2,2,2,5,0,0,0,0,true,,true,false,false,false,false,,,,,,false,false,false,,,false,false,false,false,false,-83.07571,42.38499,"{
  ""coordinates"": [
    -8.307570568100000e+01,
    4.238499082600000e+01
  ],
  ""type"": ""Point""
}","{
  ""coordinates"": [
    -83.075705681,
    42.384990826
  ],
  ""type"": ""Point""
}",-83.075705681,42.384990826
6203,9808871,PICKFORD,WARRINGTON,2016-09-27,27,9,2016,13,3,98,9,,,0,,1,1,1,25,2,2,0,5,0,0,0,0,true,,false,false,true,false,false,,,,,,false,false,false,,,false,false,true,false,false,-83.13988,42.42643,"{
  ""coordinates"": [
    -8.313988148500000e+01,
    4.242642950300010e+01
  ],
  ""type"": ""Point""
}","{
  ""coordinates"": [
    -83.139881485,
    42.426429503
  ],
  ""type"": ""Point""
}",-83.139881485,42.4264295030001
6204,9808614,E I 96,RAMP 008V,2016-09-26,26,9,2016,19,2,8,1,,1,0,,1,1,3,70,3,2,5,5,0,0,0,0,true,,false,false,false,false,false,,,,,,false,false,true,,,false,false,false,false,false,-83.20293,42.37903,"{
  ""coordinates"": [
    -8.320293077299991e+01,
    4.237903094600010e+01
  ],
  ""type"": ""Point""
}","{
  ""coordinates"": [
    -83.202930773,
    42.379030946
  ],
  ""type"": ""Point""
}",-83.2029307729999,42.3790309460001
6205,9818641,M 10,MCNICHOLS,2016-09-26,26,9,2016,9,2,1,3,,1,1,,2,4,1,55,3,1,1,5,0,0,0,0,true,,false,false,false,false,false,,,,,,false,false,false,,,false,false,false,false,false,-83.17269,42.41732,"{
  ""coordinates"": [
    -8.317269076699991e+01,
    4.241731919500010e+01
  ],
  ""type"": ""Point""
}","{
  ""coordinates"": [
    -83.172690767,
    42.417319195
  ],
  ""type"": ""Point""
}",-83.1726907669999,42.4173191950001
6206,9824596,FRENCH,HARPER,2016-09-26,26,9,2016,9,2,5,9,,4,3,,2,4,1,55,3,2,2,4,0,0,0,2,false,,false,false,false,false,false,,,,,,false,false,false,,,false,false,false,false,false,-82.99717,42.39423,"{
  ""coordinates"": [
    -8.299717223999990e+01,
    4.239422990800010e+01
  ],
  ""type"": ""Point""
}","{
  ""coordinates"": [
    -82.99717224,
    42.394229908
  ],
  ""type"": ""Point""
}",-82.9971722399999,42.3942299080001
6207,9808869,GREENFIELD,8 MILE,2016-09-26,26,9,2016,14,2,4,7,,1,0,,1,1,1,30,4,2,2,5,0,0,0,0,true,,false,false,false,false,false,,,,,,false,true,false,,,false,false,false,false,false,-83.20051,42.44472,"{
  ""coordinates"": [
    -8.320050689399990e+01,
    4.244471670400000e+01
  ],
  ""type"": ""Point""
}","{
  ""coordinates"": [
    -83.200506894,
    42.444716704
  ],
  ""type"": ""Point""
}",-83.2005068939999,42.444716704
6208,9808870,SANTA MARIA,MENDOTA,2016-09-26,26,9,2016,13,2,4,9,,,0,,2,4,1,25,1,2,3,5,0,0,0,0,true,,true,false,true,false,false,,,,,,false,false,false,,,false,false,false,false,false,-83.16588,42.41861,"{
  ""coordinates"": [
    -8.316587877500000e+01,
    4.241860923800000e+01
  ],
  ""type"": ""Point""
}","{
  ""coordinates"": [
    -83.165878775,
    42.418609238
  ],
  ""type"": ""Point""
}",-83.165878775,42.418609238
6209,9861699,I-94,LIVERNOIS,2016-09-26,26,9,2016,16,2,5,1,,1,0,,1,1,1,55,3,2,2,5,0,0,0,0,true,,false,false,false,false,false,,,,,,false,false,true,,,false,false,false,false,false,-83.12066,42.3392,"{
  ""coordinates"": [
    -8.312065507499990e+01,
    4.233919476800000e+01
  ],
  ""type"": ""Point""
}","{
  ""coordinates"": [
    -83.120655075,
    42.339194768
  ],
  ""type"": ""Point""
}",-83.1206550749999,42.339194768