ObjectId,Crash ID,Primary Road,Intersecting Road,Crash Date,Day,Month,Year,Hour,Weekday,Crash Type Code,Highway Classification Code,Community Code,Jurisdiction Code,Lane Departure Type Code,Surface Type,Road Condition,Weather Condition,Lighting Condition,Speed Limit,Lanes,Units,Occupants,Most Severe Injury,Fatal Injuries,Suspected Serious Injuries,Suspected Minor Injuries,Possible Injuries,Property Damage Only,Secondary Crash,Traffic Control,Red Light Run,Hit and Run,Alcohol,Drugs,Unbelted Person,Work Zone,Speeding Driver,Distracted Driver,Driveway,Pedestrian,Elderly Driver,Young Driver,Commercial Vehicle,Emergency Vehicles,Train,School Bus,Motorcycle,Bicycle,Deer,Longitude,Latitude,geom,geog,x,y
6267,9808740,PELOUZE,GILBERT,2016-09-25,25,9,2016,21,1,5,9,,,0,,1,1,4,25,2,2,0,5,0,0,0,0,true,,false,false,false,false,false,,,,,,false,false,false,,,false,false,false,false,false,-83.12486,42.33448,"{
  ""coordinates"": [
    -8.312485175300000e+01,
    4.233448578300000e+01
  ],
  ""type"": ""Point""
}","{
  ""coordinates"": [
    -83.124851753,
    42.334485783
  ],
  ""type"": ""Point""
}",-83.124851753,42.334485783
6268,9806129,WYOMING,PLYMOUTH,2016-09-25,25,9,2016,20,1,7,9,,4,0,,1,1,3,35,4,3,6,4,0,0,0,2,false,,false,false,true,false,false,,,,,,false,false,false,,,false,false,false,false,false,-83.15856,42.3735,"{
  ""coordinates"": [
    -8.315856069400000e+01,
    4.237350316500000e+01
  ],
  ""type"": ""Point""
}","{
  ""coordinates"": [
    -83.158560694,
    42.373503165
  ],
  ""type"": ""Point""
}",-83.158560694,42.373503165
6269,9806230,IROQUOIS,GRATIOT,2016-09-25,25,9,2016,12,1,97,3,,,0,,1,1,1,35,2,2,2,5,0,0,0,0,true,,false,false,true,false,false,,,,,,false,true,false,,,false,false,false,false,false,-83.01222,42.3824,"{
  ""coordinates"": [
    -8.301222503600000e+01,
    4.238240418000000e+01
  ],
  ""type"": ""Point""
}","{
  ""coordinates"": [
    -83.012225036,
    42.38240418
  ],
  ""type"": ""Point""
}",-83.012225036,42.38240418
6270,9808695,I-94,TRUMBULL,2016-09-25,25,9,2016,2,1,1,1,,1,1,,1,1,4,55,3,1,1,5,0,0,0,0,true,,false,false,false,false,false,,,,,,false,false,false,,,false,false,false,false,false,-83.08132,42.35612,"{
  ""coordinates"": [
    -8.308132165900000e+01,
    4.235612059600000e+01
  ],
  ""type"": ""Point""
}","{
  ""coordinates"": [
    -83.081321659,
    42.356120596
  ],
  ""type"": ""Point""
}",-83.081321659,42.356120596
6271,9806264,WHITEHILL,CASINO,2016-09-25,25,9,2016,1,1,1,9,,,1,,1,1,4,25,2,1,3,1,1,1,0,1,false,,false,false,false,false,false,,,,,,false,false,true,,,false,false,false,false,false,-82.95025,42.42946,"{
  ""coordinates"": [
    -8.295024745599990e+01,
    4.242945892900010e+01
  ],
  ""type"": ""Point""
}","{
  ""coordinates"": [
    -82.950247456,
    42.429458929
  ],
  ""type"": ""Point""
}",-82.9502474559999,42.4294589290001
6272,9808799,HUNTINGTON,7MILE,2016-09-25,25,9,2016,1,1,97,9,,,0,,1,1,3,25,2,2,0,5,0,0,0,0,true,,false,false,true,false,false,,,,,,false,false,false,,,false,false,false,false,false,-83.2333,42.42835,"{
  ""coordinates"": [
    -8.323329810599991e+01,
    4.242835116800010e+01
  ],
  ""type"": ""Point""
}","{
  ""coordinates"": [
    -83.233298106,
    42.428351168
  ],
  ""type"": ""Point""
}",-83.2332981059999,42.4283511680001
6273,9809620,PRESCOTT,ELLERY,2016-09-25,25,9,2016,14,1,9,9,,,2,,1,1,1,25,2,2,2,4,0,0,0,1,false,,false,false,false,false,false,,,,,,false,false,false,,,false,false,false,false,false,-83.04948,42.40469,"{
  ""coordinates"": [
    -8.304948510900000e+01,
    4.240468790700000e+01
  ],
  ""type"": ""Point""
}","{
  ""coordinates"": [
    -83.049485109,
    42.404687907
  ],
  ""type"": ""Point""
}",-83.049485109,42.404687907
6274,9809576,FENKELL,PREST,2016-09-25,25,9,2016,1,1,98,9,,2,0,,1,1,4,35,2,2,0,5,0,0,0,0,true,,false,false,true,false,false,,,,,,false,false,false,,,false,false,false,false,false,-83.19753,42.40154,"{
  ""coordinates"": [
    -8.319753092199990e+01,
    4.240154333200010e+01
  ],
  ""type"": ""Point""
}","{
  ""coordinates"": [
    -83.197530922,
    42.401543332
  ],
  ""type"": ""Point""
}",-83.1975309219999,42.4015433320001
6275,9824626,MONTCALM,WOODWARD,2016-09-25,25,9,2016,3,1,4,3,,4,0,,1,1,4,35,2,2,2,3,0,0,1,0,false,,false,false,false,false,false,,,,,,false,false,false,,,false,false,false,false,false,-83.05221,42.33892,"{
  ""coordinates"": [
    -8.305220997100000e+01,
    4.233892397500010e+01
  ],
  ""type"": ""Point""
}","{
  ""coordinates"": [
    -83.052209971,
    42.338923975
  ],
  ""type"": ""Point""
}",-83.052209971,42.3389239750001
6276,9828174,WALTHAM,MANNING,2016-09-25,25,9,2016,20,1,1,9,,,0,,1,1,4,25,1,2,2,2,0,1,0,0,false,,false,false,false,false,false,,,,,,false,false,true,,,false,false,false,true,false,-82.99509,42.44055,"{
  ""coordinates"": [
    -8.299508906800000e+01,
    4.244055171700010e+01
  ],
  ""type"": ""Point""
}","{
  ""coordinates"": [
    -82.995089068,
    42.440551717
  ],
  ""type"": ""Point""
}",-82.995089068,42.4405517170001
6277,9818637,I-94,JUNCTION,2016-09-25,25,9,2016,14,1,1,1,,1,0,,1,1,1,55,3,1,3,5,0,0,0,0,true,,false,false,false,false,false,,,,,,false,false,false,,,false,false,false,false,false,-83.119,42.34009,"{
  ""coordinates"": [
    -8.311899465800001e+01,
    4.234008726400000e+01
  ],
  ""type"": ""Point""
}","{
  ""coordinates"": [
    -83.118994658,
    42.340087264
  ],
  ""type"": ""Point""
}",-83.118994658,42.340087264
6278,9808819,DECATUR,CHICAGO,2016-09-25,25,9,2016,19,1,2,9,,,2,,1,1,3,25,2,2,1,5,0,0,0,0,true,,false,false,false,false,false,,,,,,false,false,false,,,false,false,false,false,false,-83.18009,42.36491,"{
  ""coordinates"": [
    -8.318008903899990e+01,
    4.236491243500010e+01
  ],
  ""type"": ""Point""
}","{
  ""coordinates"": [
    -83.180089039,
    42.364912435
  ],
  ""type"": ""Point""
}",-83.1800890389999,42.3649124350001
6279,9806348,WASHINGTON,GRAND RIVER,2016-09-25,25,9,2016,2,1,8,9,,4,0,,1,1,1,30,4,2,3,5,0,0,0,0,true,,false,false,false,false,false,,,,,,false,true,false,,,false,false,false,false,false,-83.05119,42.33365,"{
  ""coordinates"": [
    -8.305118230100000e+01,
    4.233365328600010e+01
  ],
  ""type"": ""Point""
}","{
  ""coordinates"": [
    -83.051182301,
    42.333653286
  ],
  ""type"": ""Point""
}",-83.051182301,42.3336532860001
6280,9808649,N I 75,FORT,2016-09-25,25,9,2016,16,1,8,1,,1,0,,1,1,1,55,2,2,3,4,0,0,0,1,false,,false,false,false,false,false,,,,,,false,false,true,,,false,false,false,false,false,-83.15254,42.27861,"{
  ""coordinates"": [
    -8.315254242200000e+01,
    4.227860455300000e+01
  ],
  ""type"": ""Point""
}","{
  ""coordinates"": [
    -83.152542422,
    42.278604553
  ],
  ""type"": ""Point""
}",-83.152542422,42.278604553
6281,9808697,I-75,DAVISON,2016-09-25,25,9,2016,4,1,8,1,,1,0,,1,1,4,55,3,2,2,5,0,0,0,0,true,,false,false,true,false,false,,,,,,false,false,false,,,false,false,false,false,false,-83.08216,42.41171,"{
  ""coordinates"": [
    -8.308215884600000e+01,
    4.241171159200010e+01
  ],
  ""type"": ""Point""
}","{
  ""coordinates"": [
    -83.082158846,
    42.411711592
  ],
  ""type"": ""Point""
}",-83.082158846,42.4117115920001
6282,9806247,CAMBRIDGE,OAKFIELD,2016-09-25,25,9,2016,5,1,97,9,,,0,,1,1,1,35,2,2,0,5,0,0,0,0,true,,false,false,true,false,false,,,,,,false,false,false,,,false,false,false,false,false,-83.21482,42.43194,"{
  ""coordinates"": [
    -8.321481805300000e+01,
    4.243193943800000e+01
  ],
  ""type"": ""Point""
}","{
  ""coordinates"": [
    -83.214818053,
    42.431939438
  ],
  ""type"": ""Point""
}",-83.214818053,42.431939438
6283,9806346,MCNICHOLS,LESURE,2016-09-25,25,9,2016,5,1,8,9,,2,0,,1,1,4,0,2,2,2,5,0,0,0,0,true,,false,false,false,false,false,,,,,,false,false,false,,,false,false,false,false,false,-83.18191,42.41656,"{
  ""coordinates"": [
    -8.318190874500000e+01,
    4.241656608400010e+01
  ],
  ""type"": ""Point""
}","{
  ""coordinates"": [
    -83.181908745,
    42.416566084
  ],
  ""type"": ""Point""
}",-83.181908745,42.4165660840001
6284,9806250,WHITCOMB,7 MILE,2016-09-25,25,9,2016,11,1,4,9,,,0,,1,1,1,25,2,2,4,5,0,0,0,0,true,,false,false,false,false,false,,,,,,false,true,false,,,false,false,false,false,false,-83.19741,42.43068,"{
  ""coordinates"": [
    -8.319741007399990e+01,
    4.243068224900000e+01
  ],
  ""type"": ""Point""
}","{
  ""coordinates"": [
    -83.197410074,
    42.430682249
  ],
  ""type"": ""Point""
}",-83.1974100739999,42.430682249
6285,9806130,MEYERS,CHICAGO,2016-09-25,25,9,2016,2,1,97,9,,4,1,,1,1,5,30,2,1,0,5,0,0,0,0,true,,false,false,true,false,false,,,,,,false,false,false,,,false,false,false,false,false,-83.16795,42.36682,"{
  ""coordinates"": [
    -8.316794519500000e+01,
    4.236682246700010e+01
  ],
  ""type"": ""Point""
}","{
  ""coordinates"": [
    -83.167945195,
    42.366822467
  ],
  ""type"": ""Point""
}",-83.167945195,42.3668224670001
6286,9808798,OUTER,GRANDRIVER,2016-09-25,25,9,2016,14,1,97,3,,2,0,,1,1,1,35,4,2,1,5,0,0,0,0,true,,false,false,false,false,false,,,,,,false,true,false,,,false,false,false,false,false,-83.25764,42.41649,"{
  ""coordinates"": [
    -8.325763493600000e+01,
    4.241648737300010e+01
  ],
  ""type"": ""Point""
}","{
  ""coordinates"": [
    -83.257634936,
    42.416487373
  ],
  ""type"": ""Point""
}",-83.257634936,42.4164873730001
6287,9808826,SHERIDAN,VERNOR,2016-09-25,25,9,2016,3,1,2,9,,,2,,1,1,4,25,1,3,1,5,0,0,0,0,true,,false,false,false,false,false,,,,,,false,false,false,,,false,false,false,false,false,-83.00665,42.35943,"{
  ""coordinates"": [
    -8.300665083699990e+01,
    4.235943022800010e+01
  ],
  ""type"": ""Point""
}","{
  ""coordinates"": [
    -83.006650837,
    42.359430228
  ],
  ""type"": ""Point""
}",-83.0066508369999,42.3594302280001
6288,9882857,KENTFIELD,KEELER,2016-09-25,25,9,2016,14,1,1,9,,,0,,1,1,1,25,2,2,2,4,0,0,0,1,false,,false,false,false,false,false,,,,,,false,false,true,,,false,false,false,true,false,-83.24065,42.40263,"{
  ""coordinates"": [
    -8.324064462099990e+01,
    4.240263117000010e+01
  ],
  ""type"": ""Point""
}","{
  ""coordinates"": [
    -83.240644621,
    42.40263117
  ],
  ""type"": ""Point""
}",-83.2406446209999,42.4026311700001
6289,9866410,MORAN,LAWLEY,2016-09-25,25,9,2016,3,1,5,9,,,0,,1,1,4,25,1,2,0,5,0,0,0,0,true,,false,false,true,false,false,,,,,,false,false,false,,,false,false,false,false,false,-83.06107,42.4132,"{
  ""coordinates"": [
    -8.306106719600000e+01,
    4.241320039500000e+01
  ],
  ""type"": ""Point""
}","{
  ""coordinates"": [
    -83.061067196,
    42.413200395
  ],
  ""type"": ""Point""
}",-83.061067196,42.413200395
6290,9808822,JEFFERSON,IROQUOIS,2016-09-25,25,9,2016,14,1,4,9,,4,0,,1,1,1,35,6,2,2,4,0,0,0,2,false,,false,false,false,false,false,,,,,,false,true,false,,,false,false,false,false,false,-82.9914,42.35364,"{
  ""coordinates"": [
    -8.299140410299999e+01,
    4.235364153500010e+01
  ],
  ""type"": ""Point""
}","{
  ""coordinates"": [
    -82.991404103,
    42.353641535
  ],
  ""type"": ""Point""
}",-82.991404103,42.3536415350001
6291,9806162,WAGNER,TARNOW,2016-09-25,25,9,2016,0,1,5,9,,,0,,1,1,4,25,2,2,0,5,0,0,0,0,true,,false,false,true,false,false,,,,,,false,false,false,,,false,false,false,false,false,-83.13972,42.33791,"{
  ""coordinates"": [
    -8.313972626899989e+01,
    4.233790702400010e+01
  ],
  ""type"": ""Point""
}","{
  ""coordinates"": [
    -83.139726269,
    42.337907024
  ],
  ""type"": ""Point""
}",-83.1397262689999,42.3379070240001
6292,9808773,WINTHROP,DIVERSEY,2016-09-25,25,9,2016,3,1,98,9,,,0,,1,1,4,0,1,1,1,5,0,0,0,0,true,,false,false,false,false,false,,,,,,false,false,true,,,false,false,false,false,false,-83.19772,42.34867,"{
  ""coordinates"": [
    -8.319771200700001e+01,
    4.234867560600000e+01
  ],
  ""type"": ""Point""
}","{
  ""coordinates"": [
    -83.197712007,
    42.348675606
  ],
  ""type"": ""Point""
}",-83.197712007,42.348675606
6293,9808696,I-75,VERNOR,2016-09-25,25,9,2016,4,1,5,1,,1,0,,1,1,4,55,3,2,1,4,0,0,0,1,false,,false,false,false,false,false,,,,,,false,false,false,,,false,false,false,false,false,-83.08423,42.32517,"{
  ""coordinates"": [
    -8.308423179399990e+01,
    4.232517014300000e+01
  ],
  ""type"": ""Point""
}","{
  ""coordinates"": [
    -83.084231794,
    42.325170143
  ],
  ""type"": ""Point""
}",-83.0842317939999,42.325170143
6294,9861789,JEFFERSON,CADILLAC,2016-09-25,25,9,2016,17,1,5,9,,4,0,,1,1,1,30,7,2,2,4,0,0,0,1,false,,false,false,false,false,false,,,,,,false,false,false,,,false,false,false,false,false,-82.98179,42.36098,"{
  ""coordinates"": [
    -8.298178768900000e+01,
    4.236098355800000e+01
  ],
  ""type"": ""Point""
}","{
  ""coordinates"": [
    -82.981787689,
    42.360983558
  ],
  ""type"": ""Point""
}",-82.981787689,42.360983558
6295,9808636,I-75,ROSA PARKS,2016-09-25,25,9,2016,12,1,1,9,,4,1,,1,1,1,55,2,1,1,5,0,0,0,0,true,,false,false,false,false,false,,,,,,false,false,false,,,false,false,false,false,false,-83.07167,42.3345,"{
  ""coordinates"": [
    -8.307167272600000e+01,
    4.233449845800000e+01
  ],
  ""type"": ""Point""
}","{
  ""coordinates"": [
    -83.071672726,
    42.334498458
  ],
  ""type"": ""Point""
}",-83.071672726,42.334498458
6296,9818647,PURITAN,CRUSE,2016-09-25,25,9,2016,2,1,4,9,,4,0,,1,1,4,30,2,2,4,2,0,2,1,0,false,,true,false,false,true,false,,,,,,false,false,false,,,false,false,false,false,false,-83.18374,42.40923,"{
  ""coordinates"": [
    -8.318373985100000e+01,
    4.240922830700000e+01
  ],
  ""type"": ""Point""
}","{
  ""coordinates"": [
    -83.183739851,
    42.409228307
  ],
  ""type"": ""Point""
}",-83.183739851,42.409228307
6297,9808853,LIVERNOIS,TIREMAN,2016-09-25,25,9,2016,17,1,5,9,,4,0,,1,1,1,35,7,2,5,3,0,0,4,0,false,,false,false,false,false,false,,,,,,false,false,false,,,false,false,false,false,false,-83.1356,42.35188,"{
  ""coordinates"": [
    -8.313560071300000e+01,
    4.235188108700000e+01
  ],
  ""type"": ""Point""
}","{
  ""coordinates"": [
    -83.135600713,
    42.351881087
  ],
  ""type"": ""Point""
}",-83.135600713,42.351881087
6298,9818626,I-94,BRUSH,2016-09-25,25,9,2016,17,1,5,1,,1,0,,1,1,1,55,3,2,3,5,0,0,0,0,true,,false,false,false,false,false,,,,,,false,false,true,,,false,false,false,false,false,-83.06387,42.36602,"{
  ""coordinates"": [
    -8.306387547500000e+01,
    4.236602029700000e+01
  ],
  ""type"": ""Point""
}","{
  ""coordinates"": [
    -83.063875475,
    42.366020297
  ],
  ""type"": ""Point""
}",-83.063875475,42.366020297
6299,9808825,JEFFERSON,PARKER,2016-09-25,25,9,2016,16,1,5,9,,4,0,,1,1,1,35,7,2,3,5,0,0,0,0,true,,false,false,false,true,false,,,,,,false,true,false,,,false,false,false,false,false,-82.99407,42.35191,"{
  ""coordinates"": [
    -8.299407425899990e+01,
    4.235191338900010e+01
  ],
  ""type"": ""Point""
}","{
  ""coordinates"": [
    -82.994074259,
    42.351913389
  ],
  ""type"": ""Point""
}",-82.9940742589999,42.3519133890001
6300,9808898,PRENTIS,2ND,2016-09-25,25,9,2016,16,1,4,9,,,0,,1,1,1,25,1,2,2,5,0,0,0,0,true,,false,false,false,false,false,,,,,,false,false,true,,,false,false,false,false,false,-83.06684,42.35239,"{
  ""coordinates"": [
    -8.306684260400000e+01,
    4.235238647600000e+01
  ],
  ""type"": ""Point""
}","{
  ""coordinates"": [
    -83.066842604,
    42.352386476
  ],
  ""type"": ""Point""
}",-83.066842604,42.352386476
6301,9808739,TARNOW,WAGNER,2016-09-25,25,9,2016,18,1,8,9,,,3,,1,1,1,25,2,3,0,5,0,0,0,0,true,,false,false,true,false,false,,,,,,false,false,false,,,false,false,false,false,false,-83.13936,42.33783,"{
  ""coordinates"": [
    -8.313935615199991e+01,
    4.233782411700000e+01
  ],
  ""type"": ""Point""
}","{
  ""coordinates"": [
    -83.139356152,
    42.337824117
  ],
  ""type"": ""Point""
}",-83.1393561519999,42.337824117
6302,9806148,8TH,ELIZABETH,2016-09-25,25,9,2016,18,1,8,9,,,0,,1,1,1,25,2,2,1,5,0,0,0,0,true,,false,false,false,false,false,,,,,,false,false,false,,,false,false,false,false,false,-83.06597,42.33233,"{
  ""coordinates"": [
    -8.306597123200000e+01,
    4.233233299300010e+01
  ],
  ""type"": ""Point""
}","{
  ""coordinates"": [
    -83.065971232,
    42.332332993
  ],
  ""type"": ""Point""
}",-83.065971232,42.3323329930001
6303,9808850,GRAND,LINWOOD,2016-09-25,25,9,2016,17,1,5,9,,,0,,1,1,1,25,2,2,1,5,0,0,0,0,true,,false,false,false,false,false,,,,,,false,false,false,,,false,false,false,false,false,-83.12445,42.39412,"{
  ""coordinates"": [
    -8.312444859399990e+01,
    4.239411902300000e+01
  ],
  ""type"": ""Point""
}","{
  ""coordinates"": [
    -83.124448594,
    42.394119023
  ],
  ""type"": ""Point""
}",-83.1244485939999,42.394119023
6304,9808849,MAYFIELD,PEORIA,2016-09-25,25,9,2016,9,1,4,9,,,0,,1,2,1,35,2,2,2,5,0,0,0,0,true,,false,false,false,false,false,,,,,,false,false,false,,,false,false,false,false,false,-82.97697,42.42223,"{
  ""coordinates"": [
    -8.297696770800000e+01,
    4.242222966700010e+01
  ],
  ""type"": ""Point""
}","{
  ""coordinates"": [
    -82.976967708,
    42.422229667
  ],
  ""type"": ""Point""
}",-82.976967708,42.4222296670001
6305,9808742,DRAGOON,CADET,2016-09-25,25,9,2016,19,1,4,9,,4,0,,1,1,4,25,4,2,2,5,0,0,0,0,true,,false,false,true,false,false,,,,,,false,true,false,,,false,false,false,false,false,-83.10735,42.31421,"{
  ""coordinates"": [
    -8.310735376799990e+01,
    4.231420376700000e+01
  ],
  ""type"": ""Point""
}","{
  ""coordinates"": [
    -83.107353768,
    42.314203767
  ],
  ""type"": ""Point""
}",-83.1073537679999,42.314203767
6306,9808797,FIELDING,6 MILE,2016-09-25,25,9,2016,1,1,97,9,,,0,,1,1,3,25,2,2,0,5,0,0,0,0,true,,false,false,true,false,false,,,,,,false,false,false,,,false,false,false,false,false,-83.24363,42.41624,"{
  ""coordinates"": [
    -8.324362886499991e+01,
    4.241624026600000e+01
  ],
  ""type"": ""Point""
}","{
  ""coordinates"": [
    -83.243628865,
    42.416240266
  ],
  ""type"": ""Point""
}",-83.2436288649999,42.416240266
6307,9835783,LINWOOD,PHILADELPHIA,2016-09-25,25,9,2016,18,1,8,9,,4,0,,1,1,1,35,4,4,2,5,0,0,0,0,true,,false,false,false,false,false,,,,,,false,true,false,,,false,false,false,false,false,-83.10534,42.36831,"{
  ""coordinates"": [
    -8.310533771500000e+01,
    4.236830829800000e+01
  ],
  ""type"": ""Point""
}","{
  ""coordinates"": [
    -83.105337715,
    42.368308298
  ],
  ""type"": ""Point""
}",-83.105337715,42.368308298
6308,9808635,I-75,7 MILE,2016-09-25,25,9,2016,8,1,1,1,,1,1,,1,1,1,55,4,1,1,5,0,0,0,0,true,,false,false,false,false,false,,,,,,false,false,true,,,false,false,false,false,false,-83.09447,42.43104,"{
  ""coordinates"": [
    -8.309446707700000e+01,
    4.243103869700010e+01
  ],
  ""type"": ""Point""
}","{
  ""coordinates"": [
    -83.094467077,
    42.431038697
  ],
  ""type"": ""Point""
}",-83.094467077,42.4310386970001
6309,9824820,MARK TWAIN,VASSAR,2016-09-25,25,9,2016,20,1,5,9,,,0,,1,1,4,25,2,2,2,4,0,0,0,1,false,,false,false,false,false,false,,,,,,false,false,false,,,false,false,false,false,false,-83.18775,42.43452,"{
  ""coordinates"": [
    -8.318775218199990e+01,
    4.243452099200000e+01
  ],
  ""type"": ""Point""
}","{
  ""coordinates"": [
    -83.187752182,
    42.434520992
  ],
  ""type"": ""Point""
}",-83.1877521819999,42.434520992
6310,9818638,N M 10,RAMP 107C,2016-09-25,25,9,2016,15,1,1,3,,1,1,,1,1,1,55,3,1,3,5,0,0,0,0,true,,false,false,false,false,false,,,,,,false,false,false,,,false,false,false,false,false,-83.13738,42.40498,"{
  ""coordinates"": [
    -8.313738193800000e+01,
    4.240497834900000e+01
  ],
  ""type"": ""Point""
}","{
  ""coordinates"": [
    -83.137381938,
    42.404978349
  ],
  ""type"": ""Point""
}",-83.137381938,42.404978349
6311,9808896,JOHN R,PIQUETTE,2016-09-25,25,9,2016,17,1,4,9,,4,0,,1,98,1,25,3,2,3,5,0,0,0,0,true,,false,false,false,false,false,,,,,,false,false,true,,,false,false,false,false,false,-83.06842,42.36708,"{
  ""coordinates"": [
    -8.306842414800001e+01,
    4.236708311700000e+01
  ],
  ""type"": ""Point""
}","{
  ""coordinates"": [
    -83.068424148,
    42.367083117
  ],
  ""type"": ""Point""
}",-83.068424148,42.367083117
6312,9808765,OUTER,HARPER,2016-09-25,25,9,2016,13,1,4,9,,2,0,,1,1,1,35,2,2,4,4,0,0,0,1,false,,false,false,false,false,false,,,,,,false,true,true,,,false,false,false,false,false,-82.96079,42.40578,"{
  ""coordinates"": [
    -8.296079192199990e+01,
    4.240577700600010e+01
  ],
  ""type"": ""Point""
}","{
  ""coordinates"": [
    -82.960791922,
    42.405777006
  ],
  ""type"": ""Point""
}",-82.9607919219999,42.4057770060001
6313,9808726,JEFFERSON,WOODWARD,2016-09-25,25,9,2016,2,1,8,3,,1,0,,1,1,4,35,4,2,1,5,0,0,0,0,true,,false,false,true,false,false,,,,,,false,false,false,,,false,false,false,false,false,-83.0442,42.32861,"{
  ""coordinates"": [
    -8.304419744400001e+01,
    4.232861361000000e+01
  ],
  ""type"": ""Point""
}","{
  ""coordinates"": [
    -83.044197444,
    42.32861361
  ],
  ""type"": ""Point""
}",-83.044197444,42.32861361
6314,9818643,SOUTHFIELD,JOY,2016-09-25,25,9,2016,2,1,1,3,,1,1,,2,4,4,55,3,1,1,5,0,0,0,0,true,,false,false,false,false,false,,,,,,false,false,false,,,false,false,false,false,false,-83.21658,42.35922,"{
  ""coordinates"": [
    -8.321658602100000e+01,
    4.235922187200000e+01
  ],
  ""type"": ""Point""
}","{
  ""coordinates"": [
    -83.216586021,
    42.359221872
  ],
  ""type"": ""Point""
}",-83.216586021,42.359221872
6315,9822301,VAN DYKE,8 MILE,2016-09-25,25,9,2016,10,1,5,3,,1,0,,1,1,1,35,6,3,3,5,0,0,0,0,true,,false,false,false,false,false,,,,,,false,true,true,,,false,false,false,false,false,-83.02473,42.44797,"{
  ""coordinates"": [
    -8.302472978500001e+01,
    4.244796884000000e+01
  ],
  ""type"": ""Point""
}","{
  ""coordinates"": [
    -83.024729785,
    42.44796884
  ],
  ""type"": ""Point""
}",-83.024729785,42.44796884
6316,9808714,PLYMOUTH,HUBBELL,2016-09-25,25,9,2016,18,1,5,9,,4,0,,1,1,1,35,3,2,4,5,0,0,0,0,true,,false,false,false,false,false,,,,,,false,false,true,,,false,false,false,false,false,-83.18784,42.37283,"{
  ""coordinates"": [
    -8.318784017000000e+01,
    4.237282889100000e+01
  ],
  ""type"": ""Point""
}","{
  ""coordinates"": [
    -83.18784017,
    42.372828891
  ],
  ""type"": ""Point""
}",-83.18784017,42.372828891
6317,9809621,REMINGTON,HANNA,2016-09-25,25,9,2016,21,1,8,9,,,3,,1,1,4,25,2,2,0,5,0,0,0,0,true,,false,false,true,false,false,,,,,,false,false,false,,,false,false,false,false,false,-83.08967,42.44238,"{
  ""coordinates"": [
    -8.308966524300000e+01,
    4.244238435600000e+01
  ],
  ""type"": ""Point""
}","{
  ""coordinates"": [
    -83.089665243,
    42.442384356
  ],
  ""type"": ""Point""
}",-83.089665243,42.442384356
6318,9806285,HOLMUR,ELMHURST,2016-09-24,24,9,2016,21,7,4,9,,,0,,1,1,3,25,2,2,2,5,0,0,0,0,true,,true,false,false,false,false,,,,,,false,false,false,,,false,false,false,false,false,-83.12759,42.38,"{
  ""coordinates"": [
    -8.312759745600000e+01,
    4.237999743000010e+01
  ],
  ""type"": ""Point""
}","{
  ""coordinates"": [
    -83.127597456,
    42.37999743
  ],
  ""type"": ""Point""
}",-83.127597456,42.3799974300001
6319,9848404,GRAND RIVER,CENTRE,2016-09-24,24,9,2016,23,7,5,9,,4,0,,1,1,4,35,2,2,1,5,0,0,0,0,true,,false,false,false,false,false,,,,,,false,false,false,,,false,false,false,false,false,-83.04666,42.33584,"{
  ""coordinates"": [
    -8.304666215299990e+01,
    4.233584061300010e+01
  ],
  ""type"": ""Point""
}","{
  ""coordinates"": [
    -83.046662153,
    42.335840613
  ],
  ""type"": ""Point""
}",-83.0466621529999,42.3358406130001
6320,9808778,ARTESIAN,WHITLOCK,2016-09-24,24,9,2016,0,7,9,9,,,2,,1,1,4,0,1,2,3,5,0,0,0,0,true,,false,false,true,false,false,,,,,,false,false,false,,,false,false,false,false,false,-83.22552,42.33991,"{
  ""coordinates"": [
    -8.322552704700000e+01,
    4.233991396000000e+01
  ],
  ""type"": ""Point""
}","{
  ""coordinates"": [
    -83.225527047,
    42.33991396
  ],
  ""type"": ""Point""
}",-83.225527047,42.33991396
6321,9806314,7 MILE,CONANT,2016-09-24,24,9,2016,0,7,9,9,,4,2,,1,1,4,35,2,2,1,5,0,0,0,0,true,,false,false,true,false,false,,,,,,false,false,true,,,false,false,false,false,false,-83.07311,42.43293,"{
  ""coordinates"": [
    -8.307311218099990e+01,
    4.243292920800010e+01
  ],
  ""type"": ""Point""
}","{
  ""coordinates"": [
    -83.073112181,
    42.432929208
  ],
  ""type"": ""Point""
}",-83.0731121809999,42.4329292080001
6322,9806144,CLAIRMOUNT,14TH,2016-09-24,24,9,2016,9,7,1,9,,4,0,,1,1,1,35,4,1,1,5,0,0,0,0,true,,false,false,false,false,false,,,,,,false,false,false,,,false,false,false,false,false,-83.10288,42.37512,"{
  ""coordinates"": [
    -8.310288129500000e+01,
    4.237512022300010e+01
  ],
  ""type"": ""Point""
}","{
  ""coordinates"": [
    -83.102881295,
    42.375120223
  ],
  ""type"": ""Point""
}",-83.102881295,42.3751202230001
6323,9818636,M-10,LINWOOD,2016-09-24,24,9,2016,11,7,1,3,,1,1,,1,1,1,55,3,1,1,4,0,0,0,1,false,,false,false,false,false,false,,,,,,false,false,false,,,false,false,false,false,false,-83.12148,42.40478,"{
  ""coordinates"": [
    -8.312148574100000e+01,
    4.240477599000010e+01
  ],
  ""type"": ""Point""
}","{
  ""coordinates"": [
    -83.121485741,
    42.40477599
  ],
  ""type"": ""Point""
}",-83.121485741,42.4047759900001