ObjectId,Crash ID,Primary Road,Intersecting Road,Crash Date,Day,Month,Year,Hour,Weekday,Crash Type Code,Highway Classification Code,Community Code,Jurisdiction Code,Lane Departure Type Code,Surface Type,Road Condition,Weather Condition,Lighting Condition,Speed Limit,Lanes,Units,Occupants,Most Severe Injury,Fatal Injuries,Suspected Serious Injuries,Suspected Minor Injuries,Possible Injuries,Property Damage Only,Secondary Crash,Traffic Control,Red Light Run,Hit and Run,Alcohol,Drugs,Unbelted Person,Work Zone,Speeding Driver,Distracted Driver,Driveway,Pedestrian,Elderly Driver,Young Driver,Commercial Vehicle,Emergency Vehicles,Train,School Bus,Motorcycle,Bicycle,Deer,Longitude,Latitude,geom,geog,x,y
6667,9800618,SCHAEFER,MCNICHOLS,2016-09-19,19,9,2016,15,2,3,9,,4,0,,1,1,1,30,4,2,4,4,0,0,0,1,false,,false,false,false,false,false,,,,,,false,false,true,,,false,false,true,false,false,-83.17979,42.41647,"{
  ""coordinates"": [
    -8.317979221900001e+01,
    4.241647303900000e+01
  ],
  ""type"": ""Point""
}","{
  ""coordinates"": [
    -83.179792219,
    42.416473039
  ],
  ""type"": ""Point""
}",-83.179792219,42.416473039
6668,9800611,PINEWOOD,HOYT,2016-09-19,19,9,2016,14,2,4,9,,,0,,1,1,1,25,2,2,4,5,0,0,0,0,true,,false,false,false,false,false,,,,,,false,false,false,,,false,false,false,false,false,-82.98046,42.4387,"{
  ""coordinates"": [
    -8.298046105600000e+01,
    4.243870079600000e+01
  ],
  ""type"": ""Point""
}","{
  ""coordinates"": [
    -82.980461056,
    42.438700796
  ],
  ""type"": ""Point""
}",-82.980461056,42.438700796
6669,9799753,CADIEUX,W I 94,2016-09-19,19,9,2016,19,2,5,1,,4,0,,1,1,1,35,2,2,1,3,0,0,1,0,false,,false,false,false,false,false,,,,,,false,false,false,,,false,false,false,false,false,-82.93726,42.4174,"{
  ""coordinates"": [
    -8.293725785200000e+01,
    4.241739791500000e+01
  ],
  ""type"": ""Point""
}","{
  ""coordinates"": [
    -82.937257852,
    42.417397915
  ],
  ""type"": ""Point""
}",-82.937257852,42.417397915
6670,9800581,BUCHANAN,25TH,2016-09-19,19,9,2016,16,2,1,9,,4,0,,1,1,1,30,2,2,0,4,0,0,0,1,false,,false,false,true,false,false,,,,,,true,false,false,,,false,false,false,false,false,-83.09903,42.34055,"{
  ""coordinates"": [
    -8.309903101299990e+01,
    4.234055459400000e+01
  ],
  ""type"": ""Point""
}","{
  ""coordinates"": [
    -83.099031013,
    42.340554594
  ],
  ""type"": ""Point""
}",-83.0990310129999,42.340554594
6671,9806092,M-39,MCNICHOLS,2016-09-19,19,9,2016,13,2,5,3,,1,0,,1,1,1,55,3,2,3,4,0,0,0,3,false,,false,false,false,false,false,,,,,,false,false,false,,,false,false,false,false,false,-83.2187,42.41193,"{
  ""coordinates"": [
    -8.321869803200001e+01,
    4.241193423200010e+01
  ],
  ""type"": ""Point""
}","{
  ""coordinates"": [
    -83.218698032,
    42.411934232
  ],
  ""type"": ""Point""
}",-83.218698032,42.4119342320001
6672,9818709,WARREN,S M 10,2016-09-19,19,9,2016,18,2,5,9,,4,0,,98,98,1,30,4,2,2,5,0,0,0,0,true,,false,false,false,false,false,,,,,,false,false,true,,,false,false,false,false,false,-83.07375,42.35365,"{
  ""coordinates"": [
    -8.307374251800000e+01,
    4.235365268500000e+01
  ],
  ""type"": ""Point""
}","{
  ""coordinates"": [
    -83.073742518,
    42.353652685
  ],
  ""type"": ""Point""
}",-83.073742518,42.353652685
6673,9806293,OUTER,DOLPHIN,2016-09-19,19,9,2016,1,2,5,9,,2,0,,1,1,4,35,2,2,1,5,0,0,0,0,true,,false,false,true,false,false,,,,,,false,false,true,,,false,false,false,false,false,-83.25838,42.38354,"{
  ""coordinates"": [
    -8.325837806399990e+01,
    4.238354411400010e+01
  ],
  ""type"": ""Point""
}","{
  ""coordinates"": [
    -83.258378064,
    42.383544114
  ],
  ""type"": ""Point""
}",-83.2583780639999,42.3835441140001
6674,9808762,GRATIOT,WARREN,2016-09-19,19,9,2016,8,2,5,3,,1,0,,1,1,1,45,7,2,4,5,0,0,0,0,true,,false,false,false,false,false,,,,,,false,false,false,,,false,false,false,false,false,-83.01753,42.37453,"{
  ""coordinates"": [
    -8.301753070599990e+01,
    4.237453312000010e+01
  ],
  ""type"": ""Point""
}","{
  ""coordinates"": [
    -83.017530706,
    42.37453312
  ],
  ""type"": ""Point""
}",-83.0175307059999,42.3745331200001
6675,9800577,GRATIOT,ANTIETAM,2016-09-19,19,9,2016,13,2,4,3,,1,0,,1,1,1,35,8,2,2,5,0,0,0,0,true,,false,false,false,false,false,,,,,,false,false,false,,,false,false,false,false,false,-83.04122,42.3403,"{
  ""coordinates"": [
    -8.304122480699991e+01,
    4.234029861800010e+01
  ],
  ""type"": ""Point""
}","{
  ""coordinates"": [
    -83.041224807,
    42.340298618
  ],
  ""type"": ""Point""
}",-83.0412248069999,42.3402986180001
6676,9808780,DAYTON,GREENVIEW,2016-09-19,19,9,2016,8,2,5,9,,,0,,1,1,1,25,1,2,1,5,0,0,0,0,true,,false,false,false,false,false,,,,,,false,false,true,,,false,false,false,false,false,-83.22151,42.33446,"{
  ""coordinates"": [
    -8.322151067800000e+01,
    4.233446196200000e+01
  ],
  ""type"": ""Point""
}","{
  ""coordinates"": [
    -83.221510678,
    42.334461962
  ],
  ""type"": ""Point""
}",-83.221510678,42.334461962
6677,9808652,M-10,MCNICHOLS,2016-09-19,19,9,2016,8,2,5,3,,1,0,,1,1,2,55,3,3,3,5,0,0,0,0,true,,false,false,false,false,false,,,,,,false,false,true,,,false,false,false,false,false,-83.17182,42.41619,"{
  ""coordinates"": [
    -8.317182288799999e+01,
    4.241618683200010e+01
  ],
  ""type"": ""Point""
}","{
  ""coordinates"": [
    -83.171822888,
    42.416186832
  ],
  ""type"": ""Point""
}",-83.171822888,42.4161868320001
6678,9806303,JOSEPH CAMPAU,HALLECK,2016-09-19,19,9,2016,0,2,8,9,,4,0,,1,1,4,35,2,2,1,5,0,0,0,0,true,,false,false,true,false,false,,,,,,false,false,true,,,false,false,false,false,false,-83.06558,42.40832,"{
  ""coordinates"": [
    -8.306558093900000e+01,
    4.240831960400000e+01
  ],
  ""type"": ""Point""
}","{
  ""coordinates"": [
    -83.065580939,
    42.408319604
  ],
  ""type"": ""Point""
}",-83.065580939,42.408319604
6679,9806341,KILBOURNE,ANNSBURY,2016-09-19,19,9,2016,17,2,9,9,,,2,,1,1,1,30,3,2,1,5,0,0,0,0,true,,false,false,true,false,false,,,,,,false,false,false,,,false,false,false,false,false,-82.98549,42.41211,"{
  ""coordinates"": [
    -8.298548745900000e+01,
    4.241211066900010e+01
  ],
  ""type"": ""Point""
}","{
  ""coordinates"": [
    -82.985487459,
    42.412110669
  ],
  ""type"": ""Point""
}",-82.985487459,42.4121106690001
6680,9799748,LYNDON,MEYERS,2016-09-19,19,9,2016,17,2,2,9,,4,2,,1,1,3,35,2,2,2,3,0,0,1,1,false,,false,false,false,false,false,,,,,,false,false,false,,,false,false,false,false,false,-83.16719,42.39507,"{
  ""coordinates"": [
    -8.316719022200000e+01,
    4.239506967000010e+01
  ],
  ""type"": ""Point""
}","{
  ""coordinates"": [
    -83.167190222,
    42.39506967
  ],
  ""type"": ""Point""
}",-83.167190222,42.3950696700001
6681,9808671,I-94,I-96,2016-09-19,19,9,2016,17,2,5,1,,1,0,,1,1,1,55,3,3,3,5,0,0,0,0,true,,false,false,false,false,false,,,,,,false,false,false,,,false,false,false,false,false,-83.10373,42.34863,"{
  ""coordinates"": [
    -8.310373223200000e+01,
    4.234863227400010e+01
  ],
  ""type"": ""Point""
}","{
  ""coordinates"": [
    -83.103732232,
    42.348632274
  ],
  ""type"": ""Point""
}",-83.103732232,42.3486322740001
6682,9799743,RAMP 122K,S I 75,2016-09-19,19,9,2016,6,2,8,1,,1,0,,1,1,2,55,2,2,2,5,0,0,0,0,true,,false,false,false,false,false,,,,,,false,false,false,,,false,false,false,false,false,-83.06441,42.33544,"{
  ""coordinates"": [
    -8.306441540599999e+01,
    4.233543995000010e+01
  ],
  ""type"": ""Point""
}","{
  ""coordinates"": [
    -83.064415406,
    42.33543995
  ],
  ""type"": ""Point""
}",-83.064415406,42.3354399500001
6683,9799786,MACK,RIVARD,2016-09-19,19,9,2016,18,2,8,9,,4,0,,1,1,1,30,2,2,2,5,0,0,0,0,true,,false,false,false,false,false,,,,,,false,false,false,,,false,false,false,false,false,-83.04601,42.35204,"{
  ""coordinates"": [
    -8.304600308999990e+01,
    4.235204149300010e+01
  ],
  ""type"": ""Point""
}","{
  ""coordinates"": [
    -83.04600309,
    42.352041493
  ],
  ""type"": ""Point""
}",-83.0460030899999,42.3520414930001
6684,9799801,ALLENDALE,FIRWOOD,2016-09-19,19,9,2016,16,2,4,9,,,0,,1,1,1,25,2,2,4,4,0,0,0,1,false,,true,false,false,false,false,,,,,,false,true,true,,,false,false,false,false,false,-83.11772,42.35682,"{
  ""coordinates"": [
    -8.311772519199999e+01,
    4.235682331400010e+01
  ],
  ""type"": ""Point""
}","{
  ""coordinates"": [
    -83.117725192,
    42.356823314
  ],
  ""type"": ""Point""
}",-83.117725192,42.3568233140001
6685,9800619,HOWARD,6TH,2016-09-19,19,9,2016,7,2,8,9,,4,0,,1,1,1,30,2,2,2,5,0,0,0,0,true,,false,false,false,false,false,,,,,,false,false,false,,,false,false,false,false,false,-83.05923,42.32789,"{
  ""coordinates"": [
    -8.305923471900000e+01,
    4.232789042500010e+01
  ],
  ""type"": ""Point""
}","{
  ""coordinates"": [
    -83.059234719,
    42.327890425
  ],
  ""type"": ""Point""
}",-83.059234719,42.3278904250001
6686,9800576,N M 10,E I 94,2016-09-18,18,9,2016,16,1,5,3,,1,0,,1,1,1,55,8,2,1,5,0,0,0,0,true,,false,false,false,false,false,,,,,,false,true,false,,,false,false,false,false,false,-83.07591,42.35887,"{
  ""coordinates"": [
    -8.307591298400000e+01,
    4.235887233300010e+01
  ],
  ""type"": ""Point""
}","{
  ""coordinates"": [
    -83.075912984,
    42.358872333
  ],
  ""type"": ""Point""
}",-83.075912984,42.3588723330001
6687,9808608,N I 75,W I 94,2016-09-18,18,9,2016,19,1,8,1,,1,0,,2,2,1,45,2,2,1,5,0,0,0,0,true,,false,false,true,false,false,,,,,,false,false,false,,,false,false,false,false,false,-83.05797,42.36862,"{
  ""coordinates"": [
    -8.305796556500000e+01,
    4.236861850200010e+01
  ],
  ""type"": ""Point""
}","{
  ""coordinates"": [
    -83.057965565,
    42.368618502
  ],
  ""type"": ""Point""
}",-83.057965565,42.3686185020001
6688,9867488,8 MILE,WOODWARD,2016-09-18,18,9,2016,12,1,4,3,,1,0,,1,1,1,0,4,2,2,5,0,0,0,0,true,,false,false,false,false,false,,,,,,false,false,false,,,false,false,false,false,false,-83.12114,42.44654,"{
  ""coordinates"": [
    -8.312113789199999e+01,
    4.244654573900000e+01
  ],
  ""type"": ""Point""
}","{
  ""coordinates"": [
    -83.121137892,
    42.446545739
  ],
  ""type"": ""Point""
}",-83.121137892,42.446545739
6689,9806203,GREENFIELD,I 96,2016-09-18,18,9,2016,13,1,5,9,,2,0,,1,1,1,35,6,2,2,5,0,0,0,0,true,,false,false,false,false,false,,,,,,false,false,false,,,false,false,false,false,false,-83.19816,42.38701,"{
  ""coordinates"": [
    -8.319815924100000e+01,
    4.238700721700010e+01
  ],
  ""type"": ""Point""
}","{
  ""coordinates"": [
    -83.198159241,
    42.387007217
  ],
  ""type"": ""Point""
}",-83.198159241,42.3870072170001
6690,9799008,CLAYTON,PARKINSON,2016-09-18,18,9,2016,13,1,97,9,,,0,,1,1,1,25,1,2,1,5,0,0,0,0,true,,false,false,false,false,false,,,,,,true,false,false,,,false,false,false,false,false,-83.12675,42.32549,"{
  ""coordinates"": [
    -8.312674840699999e+01,
    4.232549319400000e+01
  ],
  ""type"": ""Point""
}","{
  ""coordinates"": [
    -83.126748407,
    42.325493194
  ],
  ""type"": ""Point""
}",-83.126748407,42.325493194
6691,9800610,8 MILE,VAN DYKE,2016-09-18,18,9,2016,17,1,5,3,,1,0,,1,1,1,45,5,2,1,5,0,0,0,0,true,,false,false,true,false,false,,,,,,false,false,false,,,false,false,false,false,false,-83.02399,42.44818,"{
  ""coordinates"": [
    -8.302399775899990e+01,
    4.244817632900000e+01
  ],
  ""type"": ""Point""
}","{
  ""coordinates"": [
    -83.023997759,
    42.448176329
  ],
  ""type"": ""Point""
}",-83.0239977589999,42.448176329
6692,9798994,FOREST,ELLERY,2016-09-18,18,9,2016,16,1,1,9,,4,0,,1,1,1,30,3,1,2,2,0,1,0,0,false,,false,false,false,false,false,,,,,,false,false,false,,,false,false,true,false,false,-83.02887,42.36743,"{
  ""coordinates"": [
    -8.302886798899991e+01,
    4.236743036600010e+01
  ],
  ""type"": ""Point""
}","{
  ""coordinates"": [
    -83.028867989,
    42.367430366
  ],
  ""type"": ""Point""
}",-83.0288679889999,42.3674303660001
6693,9806209,WARREN,GRANDMONT,2016-09-18,18,9,2016,13,1,98,9,,2,0,,1,1,1,35,5,2,0,5,0,0,0,0,true,,false,false,true,false,false,,,,,,false,false,false,,,false,false,false,false,false,-83.20831,42.34349,"{
  ""coordinates"": [
    -8.320831150500000e+01,
    4.234349537500000e+01
  ],
  ""type"": ""Point""
}","{
  ""coordinates"": [
    -83.208311505,
    42.343495375
  ],
  ""type"": ""Point""
}",-83.208311505,42.343495375
6694,9799021,OUTER,WISCONSIN,2016-09-18,18,9,2016,10,1,4,9,,2,0,,1,1,1,0,2,2,2,5,0,0,0,0,true,,false,false,false,false,false,,,,,,false,false,false,,,false,false,false,false,false,-83.15787,42.43489,"{
  ""coordinates"": [
    -8.315786804100000e+01,
    4.243488772400010e+01
  ],
  ""type"": ""Point""
}","{
  ""coordinates"": [
    -83.157868041,
    42.434887724
  ],
  ""type"": ""Point""
}",-83.157868041,42.4348877240001
6695,9799022,ARDMORE,OUTER,2016-09-18,18,9,2016,15,1,4,9,,,0,,1,1,1,25,1,2,6,4,0,0,0,1,false,,false,false,false,false,false,,,,,,false,false,false,,,false,false,false,false,false,-83.18484,42.42022,"{
  ""coordinates"": [
    -8.318484860800000e+01,
    4.242021786400010e+01
  ],
  ""type"": ""Point""
}","{
  ""coordinates"": [
    -83.184848608,
    42.420217864
  ],
  ""type"": ""Point""
}",-83.184848608,42.4202178640001
6696,9799774,408 ALTER,ESSEX,2016-09-18,18,9,2016,0,1,5,9,,4,0,,1,1,5,25,2,2,1,5,0,0,0,0,true,,false,false,false,false,false,,,,,,false,false,false,,,false,false,false,false,false,-82.93565,42.36903,"{
  ""coordinates"": [
    -8.293565257400000e+01,
    4.236902909700010e+01
  ],
  ""type"": ""Point""
}","{
  ""coordinates"": [
    -82.935652574,
    42.369029097
  ],
  ""type"": ""Point""
}",-82.935652574,42.3690290970001
6697,9812486,I96,GRAND,2016-09-18,18,9,2016,22,1,5,1,,1,0,,1,2,4,70,4,2,3,3,0,0,1,0,false,,false,false,false,false,false,,,,,,false,false,false,,,false,false,false,false,false,-83.10693,42.35434,"{
  ""coordinates"": [
    -8.310692405299990e+01,
    4.235433752200000e+01
  ],
  ""type"": ""Point""
}","{
  ""coordinates"": [
    -83.106924053,
    42.354337522
  ],
  ""type"": ""Point""
}",-83.1069240529999,42.354337522
6698,9798984,I 75,WARREN,2016-09-18,18,9,2016,17,1,5,1,,1,0,,1,4,1,70,4,2,4,5,0,0,0,0,true,,false,false,true,false,false,,,,,,false,false,false,,,false,false,false,false,false,-83.05434,42.36056,"{
  ""coordinates"": [
    -8.305434415199990e+01,
    4.236055993700010e+01
  ],
  ""type"": ""Point""
}","{
  ""coordinates"": [
    -83.054344152,
    42.360559937
  ],
  ""type"": ""Point""
}",-83.0543441519999,42.3605599370001
6699,9799006,OUTER,EVERGREEN,2016-09-18,18,9,2016,5,1,4,9,,2,0,,2,2,4,35,3,2,2,5,0,0,0,0,true,,false,false,true,false,false,,,,,,false,false,false,,,false,false,false,false,false,-83.23731,42.39809,"{
  ""coordinates"": [
    -8.323731475800000e+01,
    4.239809114900000e+01
  ],
  ""type"": ""Point""
}","{
  ""coordinates"": [
    -83.237314758,
    42.398091149
  ],
  ""type"": ""Point""
}",-83.237314758,42.398091149
6700,9799024,CURTIS,STEEL,2016-09-18,18,9,2016,23,1,1,9,,4,0,,1,2,4,30,2,1,2,4,0,0,0,2,false,,false,false,false,false,false,,,,,,false,false,false,,,false,false,false,false,false,-83.17271,42.42396,"{
  ""coordinates"": [
    -8.317271134299990e+01,
    4.242395650800010e+01
  ],
  ""type"": ""Point""
}","{
  ""coordinates"": [
    -83.172711343,
    42.423956508
  ],
  ""type"": ""Point""
}",-83.1727113429999,42.4239565080001
6701,9798981,GREENFIELD,VERNE,2016-09-18,18,9,2016,13,1,5,9,,2,0,,1,1,1,35,5,3,3,5,0,0,0,0,true,,false,false,false,false,false,,,,,,false,true,false,,,false,false,false,false,false,-83.19916,42.41212,"{
  ""coordinates"": [
    -8.319915397100000e+01,
    4.241212512600000e+01
  ],
  ""type"": ""Point""
}","{
  ""coordinates"": [
    -83.199153971,
    42.412125126
  ],
  ""type"": ""Point""
}",-83.199153971,42.412125126
6702,9927440,GRIGGS,MCNICHOLS,2016-09-18,18,9,2016,20,1,98,9,,,0,,98,98,98,25,2,2,0,5,0,0,0,0,true,,false,false,true,false,false,,,,,,false,false,false,,,false,false,false,false,false,-83.16354,42.41629,"{
  ""coordinates"": [
    -8.316353552000000e+01,
    4.241628863900010e+01
  ],
  ""type"": ""Point""
}","{
  ""coordinates"": [
    -83.16353552,
    42.416288639
  ],
  ""type"": ""Point""
}",-83.16353552,42.4162886390001
6703,9799784,RUSSELL,MACK,2016-09-18,18,9,2016,16,1,1,9,,4,0,,1,1,1,25,2,2,0,4,0,0,0,1,false,,false,false,true,false,false,,,,,,true,false,false,,,false,false,false,false,false,-83.04469,42.35258,"{
  ""coordinates"": [
    -8.304468757500000e+01,
    4.235258614100010e+01
  ],
  ""type"": ""Point""
}","{
  ""coordinates"": [
    -83.044687575,
    42.352586141
  ],
  ""type"": ""Point""
}",-83.044687575,42.3525861410001
6704,9799746,CHICAGO,DECATUR,2016-09-18,18,9,2016,18,1,4,9,,4,0,,2,1,1,20,3,2,4,3,0,0,1,1,false,,false,false,false,false,false,,,,,,false,false,false,,,false,false,false,false,false,-83.18,42.36574,"{
  ""coordinates"": [
    -8.317999654499990e+01,
    4.236573995100010e+01
  ],
  ""type"": ""Point""
}","{
  ""coordinates"": [
    -83.179996545,
    42.365739951
  ],
  ""type"": ""Point""
}",-83.1799965449999,42.3657399510001
6705,9798980,GRAND RIVER,GREENFIELD,2016-09-18,18,9,2016,0,1,5,3,,1,0,,1,1,4,35,5,2,2,5,0,0,0,0,true,,false,false,true,false,false,,,,,,false,false,false,,,false,false,false,false,false,-83.19811,42.39256,"{
  ""coordinates"": [
    -8.319811374999991e+01,
    4.239255683300010e+01
  ],
  ""type"": ""Point""
}","{
  ""coordinates"": [
    -83.19811375,
    42.392556833
  ],
  ""type"": ""Point""
}",-83.1981137499999,42.3925568330001
6706,9806280,OUTER,MCNICHOLS,2016-09-18,18,9,2016,5,1,97,9,,2,0,,2,98,98,35,4,2,1,5,0,0,0,0,true,,false,false,true,false,false,,,,,,false,false,false,,,false,false,false,false,false,-83.23172,42.41523,"{
  ""coordinates"": [
    -8.323172375400000e+01,
    4.241523394700000e+01
  ],
  ""type"": ""Point""
}","{
  ""coordinates"": [
    -83.231723754,
    42.415233947
  ],
  ""type"": ""Point""
}",-83.231723754,42.415233947
6707,9808607,DAVISON,SORRENTO,2016-09-18,18,9,2016,18,1,1,9,,,1,,2,4,1,45,3,1,1,5,0,0,0,0,true,,false,false,false,false,false,,,,,,false,false,false,,,false,false,false,false,false,-83.17197,42.38577,"{
  ""coordinates"": [
    -8.317197693000000e+01,
    4.238576760500010e+01
  ],
  ""type"": ""Point""
}","{
  ""coordinates"": [
    -83.17197693,
    42.385767605
  ],
  ""type"": ""Point""
}",-83.17197693,42.3857676050001
6708,9799010,LYNDON,WYOMING,2016-09-18,18,9,2016,2,1,1,9,,4,0,,1,1,4,25,2,2,1,3,0,0,1,0,false,,false,false,true,false,false,,,,,,true,false,false,,,false,false,false,false,false,-83.15905,42.39524,"{
  ""coordinates"": [
    -8.315904806899989e+01,
    4.239524240500000e+01
  ],
  ""type"": ""Point""
}","{
  ""coordinates"": [
    -83.159048069,
    42.395242405
  ],
  ""type"": ""Point""
}",-83.1590480689999,42.395242405
6709,9806294,PACKARD,8 MILE,2016-09-18,18,9,2016,20,1,8,3,,,0,,1,1,4,25,2,2,1,5,0,0,0,0,true,,false,false,false,false,false,,,,,,false,false,false,,,false,false,false,false,false,-83.0284,42.44806,"{
  ""coordinates"": [
    -8.302839689599990e+01,
    4.244805940900010e+01
  ],
  ""type"": ""Point""
}","{
  ""coordinates"": [
    -83.028396896,
    42.448059409
  ],
  ""type"": ""Point""
}",-83.0283968959999,42.4480594090001
6710,9809612,BURT,ACACIA,2016-09-18,18,9,2016,20,1,10,9,,4,0,,1,1,2,25,2,2,1,5,0,0,0,0,true,,false,false,true,false,false,,,,,,false,false,false,,,false,false,false,false,false,-83.24677,42.39086,"{
  ""coordinates"": [
    -8.324676596400001e+01,
    4.239085819600010e+01
  ],
  ""type"": ""Point""
}","{
  ""coordinates"": [
    -83.246765964,
    42.390858196
  ],
  ""type"": ""Point""
}",-83.246765964,42.3908581960001
6711,9829496,LYNDON,SOUTHFIELD,2016-09-18,18,9,2016,11,1,3,9,,,0,,1,1,1,30,4,2,3,5,0,0,0,0,true,,false,false,false,false,false,,,,,,false,true,false,,,false,false,false,false,false,-83.21854,42.39388,"{
  ""coordinates"": [
    -8.321854369999990e+01,
    4.239388096500010e+01
  ],
  ""type"": ""Point""
}","{
  ""coordinates"": [
    -83.2185437,
    42.393880965
  ],
  ""type"": ""Point""
}",-83.2185436999999,42.3938809650001
6712,9806206,OUTER,FIELDING,2016-09-18,18,9,2016,18,1,4,9,,2,0,,2,1,1,25,3,2,1,4,0,0,0,1,false,,false,false,false,false,false,,,,,,false,false,false,,,false,false,false,false,false,-83.24243,42.39801,"{
  ""coordinates"": [
    -8.324243361100000e+01,
    4.239800876900010e+01
  ],
  ""type"": ""Point""
}","{
  ""coordinates"": [
    -83.242433611,
    42.398008769
  ],
  ""type"": ""Point""
}",-83.242433611,42.3980087690001
6713,9799004,7 MILE,TELEGRAPH,2016-09-18,18,9,2016,12,1,5,2,,2,0,,1,1,1,35,4,2,2,5,0,0,0,0,true,,false,false,false,false,false,,,,,,false,true,false,,,false,false,false,false,false,-83.27785,42.42893,"{
  ""coordinates"": [
    -8.327784608699990e+01,
    4.242892907900010e+01
  ],
  ""type"": ""Point""
}","{
  ""coordinates"": [
    -83.277846087,
    42.428929079
  ],
  ""type"": ""Point""
}",-83.2778460869999,42.4289290790001
6714,9808802,HEYDEN,FENKELL,2016-09-18,18,9,2016,11,1,4,9,,,0,,1,1,1,25,2,2,1,5,0,0,0,0,true,,false,false,true,false,false,,,,,,false,false,false,,,false,false,false,false,false,-83.23947,42.39953,"{
  ""coordinates"": [
    -8.323947521699991e+01,
    4.239953351300010e+01
  ],
  ""type"": ""Point""
}","{
  ""coordinates"": [
    -83.239475217,
    42.399533513
  ],
  ""type"": ""Point""
}",-83.2394752169999,42.3995335130001
6715,9800598,MORRELL,PORTER,2016-09-18,18,9,2016,17,1,8,9,,,0,,1,1,1,25,1,2,0,5,0,0,0,0,true,,false,false,true,false,false,,,,,,false,false,false,,,false,false,false,false,false,-83.09756,42.31399,"{
  ""coordinates"": [
    -8.309756492600000e+01,
    4.231399314700010e+01
  ],
  ""type"": ""Point""
}","{
  ""coordinates"": [
    -83.097564926,
    42.313993147
  ],
  ""type"": ""Point""
}",-83.097564926,42.3139931470001
6716,9799768,BERKSHIRE,WARREN,2016-09-18,18,9,2016,16,1,10,9,,,0,,1,1,1,25,1,2,0,5,0,0,0,0,true,,false,false,true,false,false,,,,,,false,false,false,,,false,false,false,false,false,-82.94479,42.40065,"{
  ""coordinates"": [
    -8.294478696100001e+01,
    4.240064653000010e+01
  ],
  ""type"": ""Point""
}","{
  ""coordinates"": [
    -82.944786961,
    42.40064653
  ],
  ""type"": ""Point""
}",-82.944786961,42.4006465300001
6717,9799019,S M 10,LIVERNOIS,2016-09-18,18,9,2016,14,1,5,3,,1,0,,1,1,1,55,5,2,1,5,0,0,0,0,true,,false,false,true,false,false,,,,,,false,false,false,,,false,false,false,false,false,-83.14043,42.4048,"{
  ""coordinates"": [
    -8.314043698400000e+01,
    4.240480399400010e+01
  ],
  ""type"": ""Point""
}","{
  ""coordinates"": [
    -83.140436984,
    42.404803994
  ],
  ""type"": ""Point""
}",-83.140436984,42.4048039940001
6718,9808633,DAVISON,W I 96 SERVICE DRIVE,2016-09-18,18,9,2016,18,1,1,9,,,1,,2,4,1,0,3,1,2,5,0,0,0,0,true,,false,false,false,false,false,,,,,,false,false,true,,,false,false,false,false,false,-83.16916,42.38578,"{
  ""coordinates"": [
    -8.316915607899990e+01,
    4.238578105800010e+01
  ],
  ""type"": ""Point""
}","{
  ""coordinates"": [
    -83.169156079,
    42.385781058
  ],
  ""type"": ""Point""
}",-83.1691560789999,42.3857810580001
6719,9798991,WILKINS,BEAUBIEN,2016-09-18,18,9,2016,19,1,5,9,,,0,,1,1,3,25,2,2,2,5,0,0,0,0,true,,false,false,true,false,false,,,,,,false,false,false,,,false,false,true,false,false,-83.05013,42.3464,"{
  ""coordinates"": [
    -8.305013504000000e+01,
    4.234640218200010e+01
  ],
  ""type"": ""Point""
}","{
  ""coordinates"": [
    -83.05013504,
    42.346402182
  ],
  ""type"": ""Point""
}",-83.05013504,42.3464021820001
6720,9824698,SCHOOLCRAFT,SOUTHFIELD SERVICE DRIVE,2016-09-18,18,9,2016,14,1,4,9,,2,0,,1,1,1,25,3,2,3,5,0,0,0,0,true,,true,true,false,false,false,,,,,,false,true,false,,,false,false,false,false,false,-83.21812,42.38669,"{
  ""coordinates"": [
    -8.321812696700000e+01,
    4.238668842700010e+01
  ],
  ""type"": ""Point""
}","{
  ""coordinates"": [
    -83.218126967,
    42.386688427
  ],
  ""type"": ""Point""
}",-83.218126967,42.3866884270001
6721,9830801,NORTHLAWN,SCHOOLCRAFT,2016-09-18,18,9,2016,21,1,4,9,,,0,,1,1,4,30,2,2,3,4,0,0,0,1,false,,false,false,false,false,false,,,,,,false,false,true,,,false,false,false,false,false,-83.15302,42.38862,"{
  ""coordinates"": [
    -8.315302301400000e+01,
    4.238862205800010e+01
  ],
  ""type"": ""Point""
}","{
  ""coordinates"": [
    -83.153023014,
    42.388622058
  ],
  ""type"": ""Point""
}",-83.153023014,42.3886220580001
6722,9806300,MCNICHOLS,N I 75 SERVICE DRIVE,2016-09-18,18,9,2016,20,1,4,9,,2,0,,1,1,4,30,2,2,1,5,0,0,0,0,true,,false,false,true,false,false,,,,,,false,false,false,,,false,false,false,false,false,-83.0871,42.41827,"{
  ""coordinates"": [
    -8.308709867700000e+01,
    4.241826944000010e+01
  ],
  ""type"": ""Point""
}","{
  ""coordinates"": [
    -83.087098677,
    42.41826944
  ],
  ""type"": ""Point""
}",-83.087098677,42.4182694400001
6723,9808632,DAVISON,W I 96 SERVICE DRIVE,2016-09-18,18,9,2016,18,1,1,9,,,1,,2,4,1,0,3,1,1,5,0,0,0,0,true,,false,false,false,false,false,,,,,,false,false,true,,,false,false,false,false,false,-83.16914,42.38576,"{
  ""coordinates"": [
    -8.316914348499991e+01,
    4.238575847000000e+01
  ],
  ""type"": ""Point""
}","{
  ""coordinates"": [
    -83.169143485,
    42.38575847
  ],
  ""type"": ""Point""
}",-83.1691434849999,42.38575847