ObjectId,Crash ID,Primary Road,Intersecting Road,Crash Date,Day,Month,Year,Hour,Weekday,Crash Type Code,Highway Classification Code,Community Code,Jurisdiction Code,Lane Departure Type Code,Surface Type,Road Condition,Weather Condition,Lighting Condition,Speed Limit,Lanes,Units,Occupants,Most Severe Injury,Fatal Injuries,Suspected Serious Injuries,Suspected Minor Injuries,Possible Injuries,Property Damage Only,Secondary Crash,Traffic Control,Red Light Run,Hit and Run,Alcohol,Drugs,Unbelted Person,Work Zone,Speeding Driver,Distracted Driver,Driveway,Pedestrian,Elderly Driver,Young Driver,Commercial Vehicle,Emergency Vehicles,Train,School Bus,Motorcycle,Bicycle,Deer,Longitude,Latitude,geom,geog,x,y
6724,9798998,GRATIOT,MCDOUGALL,2016-09-18,18,9,2016,14,1,5,3,,1,0,,1,1,1,35,3,2,4,4,0,0,0,2,false,,false,false,false,false,false,,,,,,false,false,false,,,false,false,false,false,false,-83.02888,42.35732,"{
  ""coordinates"": [
    -8.302887478400000e+01,
    4.235732320500010e+01
  ],
  ""type"": ""Point""
}","{
  ""coordinates"": [
    -83.028874784,
    42.357323205
  ],
  ""type"": ""Point""
}",-83.028874784,42.3573232050001
6725,9824568,S I 75,RAMP 216H,2016-09-18,18,9,2016,10,1,5,1,,1,0,,1,1,1,55,4,2,2,5,0,0,0,0,true,,false,false,false,false,false,,,,,,false,false,true,,,false,false,false,false,false,-83.05836,42.36885,"{
  ""coordinates"": [
    -8.305835637000000e+01,
    4.236884900000010e+01
  ],
  ""type"": ""Point""
}","{
  ""coordinates"": [
    -83.05835637,
    42.368849
  ],
  ""type"": ""Point""
}",-83.05835637,42.3688490000001
6726,9841002,7 MILE,SAINT MARYS,2016-09-18,18,9,2016,10,1,97,9,,2,0,,1,1,1,25,2,2,1,5,0,0,0,0,true,,false,false,false,false,false,,,,,,true,false,true,,,false,false,false,false,false,-83.20735,42.43031,"{
  ""coordinates"": [
    -8.320735538900000e+01,
    4.243031071100010e+01
  ],
  ""type"": ""Point""
}","{
  ""coordinates"": [
    -83.207355389,
    42.430310711
  ],
  ""type"": ""Point""
}",-83.207355389,42.4303107110001
6727,9806190,WHITLOCK,ROSEMONT,2016-09-18,18,9,2016,12,1,4,9,,,0,,1,1,1,25,3,2,3,5,0,0,0,0,true,,false,false,false,false,false,,,,,,false,false,true,,,false,false,false,false,false,-83.21823,42.33972,"{
  ""coordinates"": [
    -8.321823318700000e+01,
    4.233972214800010e+01
  ],
  ""type"": ""Point""
}","{
  ""coordinates"": [
    -83.218233187,
    42.339722148
  ],
  ""type"": ""Point""
}",-83.218233187,42.3397221480001
6728,9819967,N M 10,GREENLAWN,2016-09-18,18,9,2016,13,1,1,3,,1,1,,1,1,1,55,3,1,1,5,0,0,0,0,true,,false,false,false,false,false,,,,,,false,false,false,,,false,false,false,false,false,-83.15339,42.40483,"{
  ""coordinates"": [
    -8.315338922699991e+01,
    4.240482580200010e+01
  ],
  ""type"": ""Point""
}","{
  ""coordinates"": [
    -83.153389227,
    42.404825802
  ],
  ""type"": ""Point""
}",-83.1533892269999,42.4048258020001
6729,9800567,GRATIOT,RIOPELLE,2016-09-18,18,9,2016,2,1,5,3,,1,0,,1,1,4,35,6,2,3,5,0,0,0,0,true,,false,false,false,false,false,,,,,,false,false,true,,,false,false,false,false,false,-83.03797,42.34453,"{
  ""coordinates"": [
    -8.303797303300000e+01,
    4.234452680100000e+01
  ],
  ""type"": ""Point""
}","{
  ""coordinates"": [
    -83.037973033,
    42.344526801
  ],
  ""type"": ""Point""
}",-83.037973033,42.344526801
6730,9799020,GREENFIELD,S M 10,2016-09-18,18,9,2016,20,1,8,7,,1,0,,1,1,4,30,4,2,2,5,0,0,0,0,true,,false,false,false,false,false,,,,,,false,false,true,,,false,false,false,false,false,-83.20037,42.44222,"{
  ""coordinates"": [
    -8.320037217899990e+01,
    4.244222263400010e+01
  ],
  ""type"": ""Point""
}","{
  ""coordinates"": [
    -83.200372179,
    42.442222634
  ],
  ""type"": ""Point""
}",-83.2003721789999,42.4422226340001
6731,9808625,M39,8 MILE,2016-09-18,18,9,2016,0,1,1,3,,1,1,,1,2,4,55,3,1,1,5,0,0,0,0,true,,false,false,false,false,false,,,,,,false,false,false,,,false,false,false,false,false,-83.2198,42.43982,"{
  ""coordinates"": [
    -8.321979254500000e+01,
    4.243982383100010e+01
  ],
  ""type"": ""Point""
}","{
  ""coordinates"": [
    -83.219792545,
    42.439823831
  ],
  ""type"": ""Point""
}",-83.219792545,42.4398238310001
6732,9798999,SAWYER,VAUGHAN,2016-09-18,18,9,2016,2,1,4,9,,,0,,1,2,5,25,2,2,1,4,0,0,0,1,false,,false,false,true,false,false,,,,,,false,false,true,,,false,false,false,false,false,-83.23675,42.34679,"{
  ""coordinates"": [
    -8.323674582500000e+01,
    4.234679434800010e+01
  ],
  ""type"": ""Point""
}","{
  ""coordinates"": [
    -83.236745825,
    42.346794348
  ],
  ""type"": ""Point""
}",-83.236745825,42.3467943480001
6733,9799778,SCHOOLCRAFT,SOUTHFIELD SERVICE DRIVE,2016-09-18,18,9,2016,16,1,5,9,,2,0,,1,1,1,35,3,2,2,5,0,0,0,0,true,,false,false,true,false,false,,,,,,false,false,false,,,false,false,false,false,false,-83.21809,42.38669,"{
  ""coordinates"": [
    -8.321808816799999e+01,
    4.238669018200010e+01
  ],
  ""type"": ""Point""
}","{
  ""coordinates"": [
    -83.218088168,
    42.386690182
  ],
  ""type"": ""Point""
}",-83.218088168,42.3866901820001
6734,9806208,EVERGREEN,SCHOOLCRAFT,2016-09-18,18,9,2016,17,1,97,9,,4,0,,1,1,1,35,4,2,2,5,0,0,0,0,true,,false,false,false,false,false,,,,,,false,false,false,,,false,false,false,false,false,-83.23684,42.38625,"{
  ""coordinates"": [
    -8.323684289900000e+01,
    4.238625199700000e+01
  ],
  ""type"": ""Point""
}","{
  ""coordinates"": [
    -83.236842899,
    42.386251997
  ],
  ""type"": ""Point""
}",-83.236842899,42.386251997
6735,9824538,S M 39,CSX TRANSPORTATION,2016-09-18,18,9,2016,12,1,8,3,,1,0,,1,1,1,55,3,2,2,5,0,0,0,0,true,,false,false,false,false,false,,,,,,false,true,false,,,false,false,false,false,false,-83.21655,42.36501,"{
  ""coordinates"": [
    -8.321655296599990e+01,
    4.236501291700010e+01
  ],
  ""type"": ""Point""
}","{
  ""coordinates"": [
    -83.216552966,
    42.365012917
  ],
  ""type"": ""Point""
}",-83.2165529659999,42.3650129170001
6736,9805795,M10,DAVIDSON,2016-09-18,18,9,2016,4,1,8,3,,1,0,,1,1,4,55,4,2,1,5,0,0,0,0,true,,false,false,true,false,false,,,,,,false,false,false,,,false,false,false,false,false,-83.10874,42.39711,"{
  ""coordinates"": [
    -8.310874213600000e+01,
    4.239710706500010e+01
  ],
  ""type"": ""Point""
}","{
  ""coordinates"": [
    -83.108742136,
    42.397107065
  ],
  ""type"": ""Point""
}",-83.108742136,42.3971070650001
6737,9800596,LANE,EVANS,2016-09-18,18,9,2016,16,1,8,9,,,3,,1,1,1,25,2,2,0,5,0,0,0,0,true,,false,false,true,false,false,,,,,,false,false,false,,,false,false,false,false,false,-83.12312,42.30794,"{
  ""coordinates"": [
    -8.312312163699990e+01,
    4.230793897100010e+01
  ],
  ""type"": ""Point""
}","{
  ""coordinates"": [
    -83.123121637,
    42.307938971
  ],
  ""type"": ""Point""
}",-83.1231216369999,42.3079389710001
6738,9800612,DICKERSON,AUGUST,2016-09-18,18,9,2016,11,1,4,9,,4,0,,1,1,1,30,2,2,5,5,0,0,0,0,true,,true,false,false,false,false,,,,,,false,false,false,,,false,false,false,false,false,-82.98359,42.41966,"{
  ""coordinates"": [
    -8.298359074699989e+01,
    4.241965677000010e+01
  ],
  ""type"": ""Point""
}","{
  ""coordinates"": [
    -82.983590747,
    42.41965677
  ],
  ""type"": ""Point""
}",-82.9835907469999,42.4196567700001
6739,9819979,I 96,SOUTHFIELD,2016-09-18,18,9,2016,17,1,5,1,,1,0,,2,4,1,70,3,2,2,5,0,0,0,0,true,,false,false,false,false,false,,,,,,false,true,true,,,false,false,false,false,false,-83.22122,42.37854,"{
  ""coordinates"": [
    -8.322121921900001e+01,
    4.237853605000000e+01
  ],
  ""type"": ""Point""
}","{
  ""coordinates"": [
    -83.221219219,
    42.37853605
  ],
  ""type"": ""Point""
}",-83.221219219,42.37853605
6740,9799802,LIVERNOIS,GRAND RIVER,2016-09-18,18,9,2016,21,1,5,3,,4,0,,1,1,4,35,3,3,2,5,0,0,0,0,true,,false,false,true,false,false,,,,,,false,true,false,,,false,false,false,false,false,-83.13879,42.36871,"{
  ""coordinates"": [
    -8.313878890599990e+01,
    4.236870739500010e+01
  ],
  ""type"": ""Point""
}","{
  ""coordinates"": [
    -83.138788906,
    42.368707395
  ],
  ""type"": ""Point""
}",-83.1387889059999,42.3687073950001
6741,9808792,SOUTHFIELD SERVICE DRIVE,LYNDON,2016-09-18,18,9,2016,11,1,97,9,,4,0,,1,1,1,25,1,2,2,5,0,0,0,0,true,,false,false,false,false,false,,,,,,false,false,false,,,false,false,false,false,false,-83.2177,42.39388,"{
  ""coordinates"": [
    -8.321770597999991e+01,
    4.239388356800000e+01
  ],
  ""type"": ""Point""
}","{
  ""coordinates"": [
    -83.21770598,
    42.393883568
  ],
  ""type"": ""Point""
}",-83.2177059799999,42.393883568
6742,9844485,RUSSELL,WILKINS,2016-09-18,18,9,2016,13,1,10,9,,4,0,,1,1,1,25,2,2,1,5,0,0,0,0,true,,false,false,false,false,false,,,,,,false,false,false,,,false,false,false,false,false,-83.04238,42.34922,"{
  ""coordinates"": [
    -8.304237754199990e+01,
    4.234921985800000e+01
  ],
  ""type"": ""Point""
}","{
  ""coordinates"": [
    -83.042377542,
    42.349219858
  ],
  ""type"": ""Point""
}",-83.0423775419999,42.349219858
6743,9799797,7 MILE,LIVERNOIS,2016-09-18,18,9,2016,19,1,2,9,,2,0,,1,2,3,30,2,2,11,5,0,0,0,0,true,,false,false,false,false,false,,,,,,false,true,false,,,false,false,false,false,false,-83.14146,42.43161,"{
  ""coordinates"": [
    -8.314145826799999e+01,
    4.243160543800010e+01
  ],
  ""type"": ""Point""
}","{
  ""coordinates"": [
    -83.141458268,
    42.431605438
  ],
  ""type"": ""Point""
}",-83.141458268,42.4316054380001
6744,9806291,STATE FAIR,CONNER,2016-09-18,18,9,2016,19,1,1,9,,,0,,1,1,1,30,4,2,2,2,0,1,0,0,false,,false,false,false,false,false,,,,,,false,false,true,,,false,false,false,true,false,-83.0155,42.44151,"{
  ""coordinates"": [
    -8.301549398400000e+01,
    4.244151467900010e+01
  ],
  ""type"": ""Point""
}","{
  ""coordinates"": [
    -83.015493984,
    42.441514679
  ],
  ""type"": ""Point""
}",-83.015493984,42.4415146790001
6745,9808803,JOY,PIEDMONT,2016-09-18,18,9,2016,1,1,8,9,,2,0,,1,1,4,25,2,2,3,5,0,0,0,0,true,,false,false,false,false,false,,,,,,false,false,false,,,false,false,false,false,false,-83.22842,42.35768,"{
  ""coordinates"": [
    -8.322842183099991e+01,
    4.235767666200010e+01
  ],
  ""type"": ""Point""
}","{
  ""coordinates"": [
    -83.228421831,
    42.357676662
  ],
  ""type"": ""Point""
}",-83.2284218309999,42.3576766620001
6746,9930672,CLARKDALE,TOLEDO,2016-09-18,18,9,2016,17,1,1,9,,,0,,1,1,1,25,1,2,1,3,0,0,1,0,false,,false,false,true,false,false,,,,,,true,false,false,,,false,false,false,false,false,-83.09662,42.32304,"{
  ""coordinates"": [
    -8.309661687700000e+01,
    4.232303570600000e+01
  ],
  ""type"": ""Point""
}","{
  ""coordinates"": [
    -83.096616877,
    42.323035706
  ],
  ""type"": ""Point""
}",-83.096616877,42.323035706
6747,9798982,JOHN R,FARNSWORTH,2016-09-18,18,9,2016,17,1,8,9,,4,0,,1,4,1,20,3,2,5,5,0,0,0,0,true,,false,false,false,false,false,,,,,,false,false,true,,,false,false,false,false,false,-83.06312,42.35917,"{
  ""coordinates"": [
    -8.306312163500000e+01,
    4.235917376300010e+01
  ],
  ""type"": ""Point""
}","{
  ""coordinates"": [
    -83.063121635,
    42.359173763
  ],
  ""type"": ""Point""
}",-83.063121635,42.3591737630001
6748,9798206,WYOMING,7 MILE,2016-09-17,17,9,2016,14,7,5,9,,4,0,,2,4,1,30,2,2,1,5,0,0,0,0,true,,false,false,true,false,false,,,,,,false,false,false,,,false,false,false,false,false,-83.16099,42.43162,"{
  ""coordinates"": [
    -8.316098497699990e+01,
    4.243161957500010e+01
  ],
  ""type"": ""Point""
}","{
  ""coordinates"": [
    -83.160984977,
    42.431619575
  ],
  ""type"": ""Point""
}",-83.1609849769999,42.4316195750001
6749,9798184,CHALMERS,MAPLERIDGE,2016-09-17,17,9,2016,17,7,6,9,,4,0,,1,1,1,30,2,2,2,5,0,0,0,0,true,,false,false,false,false,false,,,,,,false,false,false,,,false,false,false,false,false,-82.97513,42.429,"{
  ""coordinates"": [
    -8.297512560900000e+01,
    4.242899870100010e+01
  ],
  ""type"": ""Point""
}","{
  ""coordinates"": [
    -82.975125609,
    42.428998701
  ],
  ""type"": ""Point""
}",-82.975125609,42.4289987010001
6750,9798997,LAFAYETTE,LEIB,2016-09-17,17,9,2016,16,7,3,9,,4,0,,2,1,1,25,2,2,2,5,0,0,0,0,true,,false,false,true,false,false,,,,,,false,false,true,,,false,false,false,false,false,-83.01382,42.34617,"{
  ""coordinates"": [
    -8.301382170100000e+01,
    4.234617114200010e+01
  ],
  ""type"": ""Point""
}","{
  ""coordinates"": [
    -83.013821701,
    42.346171142
  ],
  ""type"": ""Point""
}",-83.013821701,42.3461711420001
6751,9798205,OUTER,PREVOST,2016-09-17,17,9,2016,22,7,4,9,,2,0,,1,1,5,35,2,2,3,4,0,0,0,2,false,,false,false,true,false,false,,,,,,false,false,false,,,false,false,false,false,false,-83.20373,42.41937,"{
  ""coordinates"": [
    -8.320372424300000e+01,
    4.241936853900010e+01
  ],
  ""type"": ""Point""
}","{
  ""coordinates"": [
    -83.203724243,
    42.419368539
  ],
  ""type"": ""Point""
}",-83.203724243,42.4193685390001
6752,9798202,MEYERS,MCNICHOLS,2016-09-17,17,9,2016,11,7,1,9,,4,0,,2,4,1,30,2,1,1,4,0,0,0,1,false,,false,false,false,false,false,,,,,,false,false,false,,,false,false,true,false,false,-83.17012,42.41671,"{
  ""coordinates"": [
    -8.317012281099990e+01,
    4.241671277200000e+01
  ],
  ""type"": ""Point""
}","{
  ""coordinates"": [
    -83.170122811,
    42.416712772
  ],
  ""type"": ""Point""
}",-83.1701228109999,42.416712772
6753,9799012,S I 75,8 MILE,2016-09-17,17,9,2016,14,7,4,1,,1,0,,2,4,1,0,3,2,5,5,0,0,0,0,true,,false,false,false,false,false,,,,,,false,true,false,,,false,false,false,false,false,-83.09492,42.44677,"{
  ""coordinates"": [
    -8.309491791400001e+01,
    4.244676960800010e+01
  ],
  ""type"": ""Point""
}","{
  ""coordinates"": [
    -83.094917914,
    42.446769608
  ],
  ""type"": ""Point""
}",-83.094917914,42.4467696080001
6754,9798044,I-75,7 MILE,2016-09-17,17,9,2016,12,7,97,1,,1,0,,2,4,1,70,4,2,2,5,0,0,0,0,true,,false,false,false,false,false,,,,,,false,false,true,,,false,false,false,false,false,-83.09428,42.42959,"{
  ""coordinates"": [
    -8.309428398499990e+01,
    4.242959387100010e+01
  ],
  ""type"": ""Point""
}","{
  ""coordinates"": [
    -83.094283985,
    42.429593871
  ],
  ""type"": ""Point""
}",-83.0942839849999,42.4295938710001
6755,9812477,I-75,CARPENTER,2016-09-17,17,9,2016,10,7,97,1,,1,0,,2,4,1,55,5,2,2,3,0,0,1,0,false,,false,false,false,false,false,,,,,,false,false,true,,,false,false,false,false,false,-83.07276,42.40321,"{
  ""coordinates"": [
    -8.307276011800001e+01,
    4.240321466900010e+01
  ],
  ""type"": ""Point""
}","{
  ""coordinates"": [
    -83.072760118,
    42.403214669
  ],
  ""type"": ""Point""
}",-83.072760118,42.4032146690001
6756,9798190,WOODWARD,CALVERT,2016-09-17,17,9,2016,14,7,5,3,,1,0,,2,4,1,30,6,2,2,4,0,0,0,1,false,,false,false,true,false,false,,,,,,false,false,false,,,false,false,false,false,false,-83.0863,42.38959,"{
  ""coordinates"": [
    -8.308629477999990e+01,
    4.238959204500000e+01
  ],
  ""type"": ""Point""
}","{
  ""coordinates"": [
    -83.08629478,
    42.389592045
  ],
  ""type"": ""Point""
}",-83.0862947799999,42.389592045
6757,9806178,VAN DYKE,EIGHT MILE,2016-09-17,17,9,2016,12,7,5,3,,1,0,,1,1,1,35,5,2,2,5,0,0,0,0,true,,false,false,false,false,false,,,,,,false,true,false,,,false,false,false,false,false,-83.02473,42.44811,"{
  ""coordinates"": [
    -8.302473441700000e+01,
    4.244811397300000e+01
  ],
  ""type"": ""Point""
}","{
  ""coordinates"": [
    -83.024734417,
    42.448113973
  ],
  ""type"": ""Point""
}",-83.024734417,42.448113973
6758,9798990,GRAND,HUBBARD,2016-09-17,17,9,2016,15,7,1,9,,4,0,,1,1,1,35,2,1,1,5,0,0,0,0,true,,false,false,false,false,false,,,,,,false,false,false,,,false,false,false,false,false,-83.0998,42.3335,"{
  ""coordinates"": [
    -8.309979783100000e+01,
    4.233349672200010e+01
  ],
  ""type"": ""Point""
}","{
  ""coordinates"": [
    -83.099797831,
    42.333496722
  ],
  ""type"": ""Point""
}",-83.099797831,42.3334967220001
6759,9806153,SPRINGWELLS,VERNOR,2016-09-17,17,9,2016,1,7,7,9,,,0,,1,1,4,25,5,2,2,5,0,0,0,0,true,,false,false,true,false,false,,,,,,false,false,true,,,false,false,false,false,false,-83.12652,42.31175,"{
  ""coordinates"": [
    -8.312652041500000e+01,
    4.231175142100010e+01
  ],
  ""type"": ""Point""
}","{
  ""coordinates"": [
    -83.126520415,
    42.311751421
  ],
  ""type"": ""Point""
}",-83.126520415,42.3117514210001
6760,9808838,OUTER,BRETTON,2016-09-17,17,9,2016,10,7,4,9,,2,0,,2,4,1,35,1,2,2,4,0,0,0,2,false,,false,false,false,false,false,,,,,,false,false,false,,,false,false,false,false,false,-83.23141,42.40904,"{
  ""coordinates"": [
    -8.323141850499999e+01,
    4.240904200100000e+01
  ],
  ""type"": ""Point""
}","{
  ""coordinates"": [
    -83.231418505,
    42.409042001
  ],
  ""type"": ""Point""
}",-83.231418505,42.409042001
6761,9799805,8 MILE,HOOVER,2016-09-17,17,9,2016,20,7,5,3,,1,0,,1,1,4,40,4,2,1,5,0,0,0,0,true,,false,false,true,false,false,,,,,,false,false,false,,,false,false,false,false,false,-83.00815,42.44867,"{
  ""coordinates"": [
    -8.300814479899999e+01,
    4.244867203800000e+01
  ],
  ""type"": ""Point""
}","{
  ""coordinates"": [
    -83.008144799,
    42.448672038
  ],
  ""type"": ""Point""
}",-83.008144799,42.448672038
6762,9799013,8 MILE,VAN DYKE,2016-09-17,17,9,2016,17,7,4,3,,1,0,,1,2,1,40,4,2,2,5,0,0,0,0,true,,false,false,false,false,false,,,,,,false,false,false,,,false,false,false,false,false,-83.02104,42.44826,"{
  ""coordinates"": [
    -8.302104131800000e+01,
    4.244825787600010e+01
  ],
  ""type"": ""Point""
}","{
  ""coordinates"": [
    -83.021041318,
    42.448257876
  ],
  ""type"": ""Point""
}",-83.021041318,42.4482578760001
6763,9798203,MCNICHOLS,HUBBELL,2016-09-17,17,9,2016,18,7,4,9,,2,0,,1,1,1,35,5,2,1,4,0,0,0,1,false,,false,false,false,false,false,,,,,,false,false,false,,,false,false,false,false,false,-83.18945,42.41646,"{
  ""coordinates"": [
    -8.318944944600000e+01,
    4.241645941000010e+01
  ],
  ""type"": ""Point""
}","{
  ""coordinates"": [
    -83.189449446,
    42.41645941
  ],
  ""type"": ""Point""
}",-83.189449446,42.4164594100001
6764,9810604,GRATIOT,SEYMOUR,2016-09-17,17,9,2016,13,7,5,3,,1,0,,1,1,1,35,7,2,2,5,0,0,0,0,true,,false,false,true,false,false,,,,,,false,false,false,,,false,false,false,false,false,-82.98309,42.42689,"{
  ""coordinates"": [
    -8.298308569499990e+01,
    4.242688879500000e+01
  ],
  ""type"": ""Point""
}","{
  ""coordinates"": [
    -82.983085695,
    42.426888795
  ],
  ""type"": ""Point""
}",-82.9830856949999,42.426888795
6765,9798197,7 MILE,FENELON,2016-09-17,17,9,2016,10,7,5,9,,4,0,,2,4,1,30,4,2,2,5,0,0,0,0,true,,false,false,true,false,false,,,,,,false,false,false,,,false,false,false,false,false,-83.0536,42.43334,"{
  ""coordinates"": [
    -8.305359490799999e+01,
    4.243333628600000e+01
  ],
  ""type"": ""Point""
}","{
  ""coordinates"": [
    -83.053594908,
    42.433336286
  ],
  ""type"": ""Point""
}",-83.053594908,42.433336286
6766,9798983,JOHN C LODGE SER,GRAND,2016-09-17,17,9,2016,14,7,4,3,,1,0,,2,4,1,25,3,2,3,5,0,0,0,0,true,,true,true,false,false,false,,,,,,false,true,false,,,false,false,false,false,false,-83.08186,42.36692,"{
  ""coordinates"": [
    -8.308185763800000e+01,
    4.236692080300000e+01
  ],
  ""type"": ""Point""
}","{
  ""coordinates"": [
    -83.081857638,
    42.366920803
  ],
  ""type"": ""Point""
}",-83.081857638,42.366920803
6767,9808784,TIREMAN,ABINGTON,2016-09-17,17,9,2016,15,7,5,9,,4,0,,2,4,1,25,2,2,1,5,0,0,0,0,true,,false,false,true,false,false,,,,,,false,false,false,,,false,false,false,false,false,-83.20953,42.3507,"{
  ""coordinates"": [
    -8.320952256699999e+01,
    4.235070126000010e+01
  ],
  ""type"": ""Point""
}","{
  ""coordinates"": [
    -83.209522567,
    42.35070126
  ],
  ""type"": ""Point""
}",-83.209522567,42.3507012600001
6768,9806177,E I 94,HARPER,2016-09-17,17,9,2016,12,7,5,1,,1,0,,2,2,1,55,3,2,2,5,0,0,0,0,true,,false,false,false,false,false,,,,,,false,false,false,,,false,false,false,false,false,-82.94784,42.40937,"{
  ""coordinates"": [
    -8.294783542000000e+01,
    4.240936658300010e+01
  ],
  ""type"": ""Point""
}","{
  ""coordinates"": [
    -82.94783542,
    42.409366583
  ],
  ""type"": ""Point""
}",-82.94783542,42.4093665830001
6769,9799792,MANNING,GRATIOT,2016-09-17,17,9,2016,13,7,4,3,,,0,,2,4,1,35,7,2,3,4,0,0,0,3,false,,false,false,false,false,false,,,,,,false,false,false,,,false,false,false,false,false,-82.97392,42.44081,"{
  ""coordinates"": [
    -8.297391460199999e+01,
    4.244081510600010e+01
  ],
  ""type"": ""Point""
}","{
  ""coordinates"": [
    -82.973914602,
    42.440815106
  ],
  ""type"": ""Point""
}",-82.973914602,42.4408151060001
6770,9798204,LIVERNOIS,MCNICHOLS,2016-09-17,17,9,2016,15,7,1,9,,4,0,,2,2,1,35,2,1,1,5,0,0,0,0,true,,false,false,false,false,false,,,,,,false,false,true,,,false,false,false,false,false,-83.14095,42.41714,"{
  ""coordinates"": [
    -8.314094217099991e+01,
    4.241714547600000e+01
  ],
  ""type"": ""Point""
}","{
  ""coordinates"": [
    -83.140942171,
    42.417145476
  ],
  ""type"": ""Point""
}",-83.1409421709999,42.417145476
6771,9799011,CONANT,NANCY,2016-09-17,17,9,2016,1,7,5,9,,4,0,,1,1,4,35,2,2,2,5,0,0,0,0,true,,false,false,true,false,false,,,,,,false,false,false,,,false,false,false,false,false,-83.06477,42.42036,"{
  ""coordinates"": [
    -8.306476393299990e+01,
    4.242036440400010e+01
  ],
  ""type"": ""Point""
}","{
  ""coordinates"": [
    -83.064763933,
    42.420364404
  ],
  ""type"": ""Point""
}",-83.0647639329999,42.4203644040001
6772,9798198,7 MILE,RYAN,2016-09-17,17,9,2016,16,7,8,9,,4,0,,2,4,1,30,4,2,2,5,0,0,0,0,true,,false,false,true,false,false,,,,,,false,false,false,,,false,false,false,false,false,-83.06274,42.43314,"{
  ""coordinates"": [
    -8.306273842600000e+01,
    4.243313649800010e+01
  ],
  ""type"": ""Point""
}","{
  ""coordinates"": [
    -83.062738426,
    42.433136498
  ],
  ""type"": ""Point""
}",-83.062738426,42.4331364980001
6773,9806222,CADILLAC,FORREST,2016-09-17,17,9,2016,5,7,2,9,,4,2,,1,2,4,30,2,2,1,5,0,0,0,0,true,,false,false,true,true,true,,,,,,false,false,true,,,false,false,false,false,false,-82.9958,42.38087,"{
  ""coordinates"": [
    -8.299580680199990e+01,
    4.238087020700000e+01
  ],
  ""type"": ""Point""
}","{
  ""coordinates"": [
    -82.995806802,
    42.380870207
  ],
  ""type"": ""Point""
}",-82.9958068019999,42.380870207
6774,9798989,GRATOIT,CRANE,2016-09-17,17,9,2016,23,7,4,3,,1,0,,1,1,4,45,6,2,3,2,0,3,0,0,false,,false,false,false,false,false,,,,,,false,false,false,,,false,false,false,false,false,-83.00989,42.38607,"{
  ""coordinates"": [
    -8.300988403199990e+01,
    4.238607417200010e+01
  ],
  ""type"": ""Point""
}","{
  ""coordinates"": [
    -83.009884032,
    42.386074172
  ],
  ""type"": ""Point""
}",-83.0098840319999,42.3860741720001
6775,9799734,I 75,MEADE,2016-09-17,17,9,2016,12,7,1,1,,1,1,,2,4,1,70,4,1,1,5,0,0,0,0,true,,false,false,false,false,false,,,,,,false,false,false,,,false,false,false,false,false,-83.07489,42.40567,"{
  ""coordinates"": [
    -8.307488907999991e+01,
    4.240566627600000e+01
  ],
  ""type"": ""Point""
}","{
  ""coordinates"": [
    -83.07488908,
    42.405666276
  ],
  ""type"": ""Point""
}",-83.0748890799999,42.405666276
6776,9808623,RAMP 213F,RAMP 213M,2016-09-17,17,9,2016,0,7,1,1,,1,1,,1,1,4,55,3,1,1,5,0,0,0,0,true,,false,false,false,true,false,,,,,,false,false,true,,,false,false,false,false,false,-83.0992,42.34993,"{
  ""coordinates"": [
    -8.309919624699999e+01,
    4.234992540600010e+01
  ],
  ""type"": ""Point""
}","{
  ""coordinates"": [
    -83.099196247,
    42.349925406
  ],
  ""type"": ""Point""
}",-83.099196247,42.3499254060001
6777,9799014,8 MILE,VAN DYKE,2016-09-17,17,9,2016,19,7,97,3,,1,0,,1,1,1,35,3,3,3,2,0,2,0,0,false,,true,true,false,false,false,,,,,,false,false,false,,,false,false,false,false,false,-83.02193,42.44823,"{
  ""coordinates"": [
    -8.302192862100000e+01,
    4.244823185900000e+01
  ],
  ""type"": ""Point""
}","{
  ""coordinates"": [
    -83.021928621,
    42.448231859
  ],
  ""type"": ""Point""
}",-83.021928621,42.448231859
6778,9799732,I-94,MT ELLIOT,2016-09-17,17,9,2016,12,7,5,1,,1,0,,2,4,1,70,3,2,2,4,0,0,0,1,false,,false,false,false,false,false,,,,,,false,false,true,,,false,false,false,false,false,-83.03263,42.38031,"{
  ""coordinates"": [
    -8.303263220400000e+01,
    4.238031410000010e+01
  ],
  ""type"": ""Point""
}","{
  ""coordinates"": [
    -83.032632204,
    42.3803141
  ],
  ""type"": ""Point""
}",-83.032632204,42.3803141000001
6779,9799730,I-94,MT ELLIOT,2016-09-17,17,9,2016,11,7,5,1,,1,0,,2,4,1,70,3,3,3,5,0,0,0,0,true,,false,false,false,false,false,,,,,,false,false,true,,,false,false,false,false,false,-83.03263,42.38031,"{
  ""coordinates"": [
    -8.303263220400000e+01,
    4.238031410000010e+01
  ],
  ""type"": ""Point""
}","{
  ""coordinates"": [
    -83.032632204,
    42.3803141
  ],
  ""type"": ""Point""
}",-83.032632204,42.3803141000001