ObjectId,Crash ID,Primary Road,Intersecting Road,Crash Date,Day,Month,Year,Hour,Weekday,Crash Type Code,Highway Classification Code,Community Code,Jurisdiction Code,Lane Departure Type Code,Surface Type,Road Condition,Weather Condition,Lighting Condition,Speed Limit,Lanes,Units,Occupants,Most Severe Injury,Fatal Injuries,Suspected Serious Injuries,Suspected Minor Injuries,Possible Injuries,Property Damage Only,Secondary Crash,Traffic Control,Red Light Run,Hit and Run,Alcohol,Drugs,Unbelted Person,Work Zone,Speeding Driver,Distracted Driver,Driveway,Pedestrian,Elderly Driver,Young Driver,Commercial Vehicle,Emergency Vehicles,Train,School Bus,Motorcycle,Bicycle,Deer,Longitude,Latitude,geom,geog,x,y
6780,9798192,LIVERNOIS,TYLER,2016-09-17,17,9,2016,17,7,1,9,,4,0,,1,1,1,30,3,1,1,5,0,0,0,0,true,,false,false,false,false,false,,,,,,false,false,false,,,false,true,false,false,false,-83.13934,42.38474,"{
  ""coordinates"": [
    -8.313933501100000e+01,
    4.238473405300000e+01
  ],
  ""type"": ""Point""
}","{
  ""coordinates"": [
    -83.139335011,
    42.384734053
  ],
  ""type"": ""Point""
}",-83.139335011,42.384734053
6781,9799731,I-75,CANIFF,2016-09-17,17,9,2016,12,7,5,1,,1,0,,2,4,1,70,4,2,1,5,0,0,0,0,true,,false,false,true,false,false,,,,,,false,false,false,,,false,false,false,false,false,-83.07504,42.40577,"{
  ""coordinates"": [
    -8.307503286100000e+01,
    4.240576389400010e+01
  ],
  ""type"": ""Point""
}","{
  ""coordinates"": [
    -83.075032861,
    42.405763894
  ],
  ""type"": ""Point""
}",-83.075032861,42.4057638940001
6782,9798154,WASHINGTON,LARNED,2016-09-17,17,9,2016,2,7,4,9,,4,0,,1,1,4,30,2,2,3,5,0,0,0,0,true,,true,true,true,false,false,,,,,,false,false,false,,,false,false,false,false,false,-83.04859,42.32798,"{
  ""coordinates"": [
    -8.304859327900000e+01,
    4.232798221300000e+01
  ],
  ""type"": ""Point""
}","{
  ""coordinates"": [
    -83.048593279,
    42.327982213
  ],
  ""type"": ""Point""
}",-83.048593279,42.327982213
6783,9824510,W I 94,RAMP 216G,2016-09-17,17,9,2016,15,7,1,1,,1,1,,1,1,1,55,1,1,1,5,0,0,0,0,true,,false,false,false,false,false,,,,,,false,false,false,,,false,false,false,false,false,-83.0547,42.37087,"{
  ""coordinates"": [
    -8.305470501300000e+01,
    4.237087080100010e+01
  ],
  ""type"": ""Point""
}","{
  ""coordinates"": [
    -83.054705013,
    42.370870801
  ],
  ""type"": ""Point""
}",-83.054705013,42.3708708010001
6784,9799750,CADIEUX,BRITAIN,2016-09-17,17,9,2016,2,7,9,9,,4,0,,1,1,4,35,2,2,1,5,0,0,0,0,true,,false,false,true,false,false,,,,,,false,false,false,,,false,false,false,false,false,-82.93806,42.41862,"{
  ""coordinates"": [
    -8.293806347500001e+01,
    4.241861798600010e+01
  ],
  ""type"": ""Point""
}","{
  ""coordinates"": [
    -82.938063475,
    42.418617986
  ],
  ""type"": ""Point""
}",-82.938063475,42.4186179860001
6785,9812470,I-94,CHENE,2016-09-17,17,9,2016,9,7,8,1,,1,0,,2,4,1,55,3,2,3,5,0,0,0,0,true,,false,false,false,false,false,,,,,,false,false,false,,,false,false,false,false,false,-83.04288,42.37572,"{
  ""coordinates"": [
    -8.304287432200000e+01,
    4.237571712200000e+01
  ],
  ""type"": ""Point""
}","{
  ""coordinates"": [
    -83.042874322,
    42.375717122
  ],
  ""type"": ""Point""
}",-83.042874322,42.375717122
6786,9799783,GRATIOT,VAN DYKE,2016-09-17,17,9,2016,22,7,97,3,,1,0,,1,2,4,35,6,2,1,5,0,0,0,0,true,,false,false,true,false,false,,,,,,false,false,false,,,false,false,false,false,false,-83.0147,42.37878,"{
  ""coordinates"": [
    -8.301470540600000e+01,
    4.237878230800000e+01
  ],
  ""type"": ""Point""
}","{
  ""coordinates"": [
    -83.014705406,
    42.378782308
  ],
  ""type"": ""Point""
}",-83.014705406,42.378782308
6787,9798149,SCHAEFER,COMPASS,2016-09-17,17,9,2016,10,7,4,9,,4,0,,2,4,1,30,4,2,4,4,0,0,0,1,false,,false,false,false,false,false,,,,,,false,false,false,,,false,false,false,false,false,-83.17857,42.38931,"{
  ""coordinates"": [
    -8.317857296800000e+01,
    4.238931269700000e+01
  ],
  ""type"": ""Point""
}","{
  ""coordinates"": [
    -83.178572968,
    42.389312697
  ],
  ""type"": ""Point""
}",-83.178572968,42.389312697
6788,9827132,PARKSIDE,THATCHER,2016-09-17,17,9,2016,18,7,8,9,,,0,,1,1,1,25,4,2,2,5,0,0,0,0,true,,false,false,false,false,false,,,,,,false,false,true,,,false,false,false,false,false,-83.1319,42.42294,"{
  ""coordinates"": [
    -8.313189806299989e+01,
    4.242294045400010e+01
  ],
  ""type"": ""Point""
}","{
  ""coordinates"": [
    -83.131898063,
    42.422940454
  ],
  ""type"": ""Point""
}",-83.1318980629999,42.4229404540001
6789,9819976,I 96,FULLERTON,2016-09-17,17,9,2016,11,7,2,1,,1,2,,2,4,1,70,3,2,3,2,0,1,0,2,false,,false,false,false,false,false,,,,,,false,false,false,,,false,false,false,false,false,-83.18853,42.38032,"{
  ""coordinates"": [
    -8.318853302799990e+01,
    4.238032121300010e+01
  ],
  ""type"": ""Point""
}","{
  ""coordinates"": [
    -83.188533028,
    42.380321213
  ],
  ""type"": ""Point""
}",-83.1885330279999,42.3803212130001
6790,9809619,MCNICHOLS,CONANT,2016-09-17,17,9,2016,12,7,4,9,,4,0,,2,4,1,30,4,2,1,5,0,0,0,0,true,,false,false,true,false,false,,,,,,false,false,false,,,false,false,false,false,false,-83.06343,42.41866,"{
  ""coordinates"": [
    -8.306342886800000e+01,
    4.241865686900010e+01
  ],
  ""type"": ""Point""
}","{
  ""coordinates"": [
    -83.063428868,
    42.418656869
  ],
  ""type"": ""Point""
}",-83.063428868,42.4186568690001
6791,9799005,CAMBRIDGE,SUNDERLAND,2016-09-17,17,9,2016,19,7,2,9,,,0,,1,1,3,25,1,2,1,5,0,0,0,0,true,,false,false,false,false,false,,,,,,false,false,true,,,false,false,false,false,false,-83.22913,42.4316,"{
  ""coordinates"": [
    -8.322913502800000e+01,
    4.243159792500010e+01
  ],
  ""type"": ""Point""
}","{
  ""coordinates"": [
    -83.229135028,
    42.431597925
  ],
  ""type"": ""Point""
}",-83.229135028,42.4315979250001
6792,9799000,GRAND RIVER,MINOCK,2016-09-17,17,9,2016,21,7,5,3,,1,0,,1,1,4,35,6,2,2,3,0,0,2,0,false,,false,false,true,false,false,,,,,,false,false,false,,,false,false,false,false,false,-83.23375,42.40692,"{
  ""coordinates"": [
    -8.323374944999991e+01,
    4.240691864700010e+01
  ],
  ""type"": ""Point""
}","{
  ""coordinates"": [
    -83.23374945,
    42.406918647
  ],
  ""type"": ""Point""
}",-83.2337494499999,42.4069186470001
6793,9798207,TRACEY,CAMBRIDGE,2016-09-17,17,9,2016,10,7,97,9,,,0,,2,4,1,25,1,4,1,5,0,0,0,0,true,,true,false,true,false,false,,,,,,false,false,false,,,false,false,false,false,false,-83.18174,42.43282,"{
  ""coordinates"": [
    -8.318174211699990e+01,
    4.243282284600010e+01
  ],
  ""type"": ""Point""
}","{
  ""coordinates"": [
    -83.181742117,
    42.432822846
  ],
  ""type"": ""Point""
}",-83.1817421169999,42.4328228460001
6794,9812495,I 75,VERNOR,2016-09-17,17,9,2016,8,7,1,1,,1,1,,2,4,1,70,3,1,1,5,0,0,0,0,true,,false,false,false,false,false,,,,,,false,false,false,,,false,false,false,false,false,-83.08578,42.32838,"{
  ""coordinates"": [
    -8.308577507000000e+01,
    4.232838011200000e+01
  ],
  ""type"": ""Point""
}","{
  ""coordinates"": [
    -83.08577507,
    42.328380112
  ],
  ""type"": ""Point""
}",-83.08577507,42.328380112
6795,9806152,WARREN,30TH,2016-09-17,17,9,2016,23,7,8,9,,4,0,,1,1,4,35,5,2,2,2,0,1,1,0,false,,false,false,true,false,false,,,,,,false,false,false,,,false,false,false,false,false,-83.1161,42.34464,"{
  ""coordinates"": [
    -8.311610050099991e+01,
    4.234464261700000e+01
  ],
  ""type"": ""Point""
}","{
  ""coordinates"": [
    -83.116100501,
    42.344642617
  ],
  ""type"": ""Point""
}",-83.1161005009999,42.344642617
6796,9800594,VERNOR,MORRELL,2016-09-17,17,9,2016,17,7,1,9,,4,0,,1,1,1,30,2,2,0,5,0,0,0,0,true,,false,false,true,false,false,,,,,,true,false,false,,,false,false,false,false,false,-83.10042,42.31839,"{
  ""coordinates"": [
    -8.310041843499990e+01,
    4.231839469000000e+01
  ],
  ""type"": ""Point""
}","{
  ""coordinates"": [
    -83.100418435,
    42.31839469
  ],
  ""type"": ""Point""
}",-83.1004184349999,42.31839469
6797,9806205,ABINGTON,TIREMAN,2016-09-17,17,9,2016,14,7,5,9,,,0,,2,4,1,35,3,2,1,5,0,0,0,0,true,,false,false,false,false,false,,,,,,false,false,false,,,false,false,false,false,false,-83.20953,42.3507,"{
  ""coordinates"": [
    -8.320952256699999e+01,
    4.235070126000010e+01
  ],
  ""type"": ""Point""
}","{
  ""coordinates"": [
    -83.209522567,
    42.35070126
  ],
  ""type"": ""Point""
}",-83.209522567,42.3507012600001
6798,9806242,7 MILE,MANSFIELD,2016-09-17,17,9,2016,20,7,5,9,,2,0,,1,1,4,35,5,2,3,4,0,0,0,3,false,,false,false,false,false,false,,,,,,false,false,false,,,false,false,false,false,false,-83.20631,42.43032,"{
  ""coordinates"": [
    -8.320630412900000e+01,
    4.243032422600000e+01
  ],
  ""type"": ""Point""
}","{
  ""coordinates"": [
    -83.206304129,
    42.430324226
  ],
  ""type"": ""Point""
}",-83.206304129,42.430324226
6799,9812483,I 96,WYOMING,2016-09-17,17,9,2016,12,7,8,1,,1,0,,2,4,1,70,3,2,2,5,0,0,0,0,true,,false,false,false,false,false,,,,,,false,false,true,,,false,false,false,false,false,-83.14968,42.38374,"{
  ""coordinates"": [
    -8.314968129000000e+01,
    4.238374107200010e+01
  ],
  ""type"": ""Point""
}","{
  ""coordinates"": [
    -83.14968129,
    42.383741072
  ],
  ""type"": ""Point""
}",-83.14968129,42.3837410720001
6800,9806207,PENROD,DAVISION,2016-09-17,17,9,2016,23,7,4,9,,,0,,2,4,4,25,3,2,1,5,0,0,0,0,true,,false,false,true,false,false,,,,,,false,false,false,,,false,false,false,false,false,-83.22092,42.3843,"{
  ""coordinates"": [
    -8.322092446100000e+01,
    4.238430462800010e+01
  ],
  ""type"": ""Point""
}","{
  ""coordinates"": [
    -83.220924461,
    42.384304628
  ],
  ""type"": ""Point""
}",-83.220924461,42.3843046280001
6801,9806374,CANFIELD,JOHN R,2016-09-17,17,9,2016,5,7,1,9,,4,1,,1,1,4,25,4,1,0,5,0,0,0,0,true,,false,false,false,false,false,,,,,,false,false,false,,,false,false,false,false,false,-83.05969,42.35348,"{
  ""coordinates"": [
    -8.305968905799990e+01,
    4.235347752200000e+01
  ],
  ""type"": ""Point""
}","{
  ""coordinates"": [
    -83.059689058,
    42.353477522
  ],
  ""type"": ""Point""
}",-83.0596890579999,42.353477522
6802,9819965,S I 75,SYNCPR CHANGE,2016-09-17,17,9,2016,15,7,1,1,,1,1,,2,4,1,55,2,1,2,5,0,0,0,0,true,,false,false,false,false,false,,,,,,false,false,false,,,false,false,false,false,false,-83.04813,42.34228,"{
  ""coordinates"": [
    -8.304812665199999e+01,
    4.234227817700000e+01
  ],
  ""type"": ""Point""
}","{
  ""coordinates"": [
    -83.048126652,
    42.342278177
  ],
  ""type"": ""Point""
}",-83.048126652,42.342278177
6803,9811502,HOUSTON WHITTIER,CHALMERS,2016-09-17,17,9,2016,2,7,8,9,,4,0,,1,1,4,30,3,2,4,1,1,1,0,1,false,,false,false,false,true,true,,,,,,false,false,false,,,false,false,false,false,false,-82.97453,42.42066,"{
  ""coordinates"": [
    -8.297453588899999e+01,
    4.242066337300000e+01
  ],
  ""type"": ""Point""
}","{
  ""coordinates"": [
    -82.974535889,
    42.420663373
  ],
  ""type"": ""Point""
}",-82.974535889,42.420663373
6804,9819966,RAMP 047E,DAVISON,2016-09-17,17,9,2016,16,7,1,1,,1,1,,2,4,1,55,1,1,1,5,0,0,0,0,true,,false,false,false,false,false,,,,,,false,false,true,,,false,false,false,false,false,-83.08002,42.40901,"{
  ""coordinates"": [
    -8.308002579600000e+01,
    4.240900626200000e+01
  ],
  ""type"": ""Point""
}","{
  ""coordinates"": [
    -83.080025796,
    42.409006262
  ],
  ""type"": ""Point""
}",-83.080025796,42.409006262
6805,9812498,I 94,LIVERNOIS,2016-09-17,17,9,2016,15,7,1,1,,1,1,,2,2,1,55,3,1,1,5,0,0,0,0,true,,false,false,false,false,false,,,,,,false,false,false,,,false,false,false,false,false,-83.12066,42.3392,"{
  ""coordinates"": [
    -8.312065507499990e+01,
    4.233919476800000e+01
  ],
  ""type"": ""Point""
}","{
  ""coordinates"": [
    -83.120655075,
    42.339194768
  ],
  ""type"": ""Point""
}",-83.1206550749999,42.339194768
6806,9798979,E I 94 SERVICE DRIVE,VAN DYKE,2016-09-17,17,9,2016,10,7,5,3,,4,0,,2,4,1,0,1,2,2,5,0,0,0,0,true,,false,false,false,false,false,,,,,,false,false,true,,,false,false,false,false,false,-83.01985,42.38579,"{
  ""coordinates"": [
    -8.301985219300001e+01,
    4.238578870700010e+01
  ],
  ""type"": ""Point""
}","{
  ""coordinates"": [
    -83.019852193,
    42.385788707
  ],
  ""type"": ""Point""
}",-83.019852193,42.3857887070001
6807,9798996,JEFFERSON,MOUNT ELLIOTT,2016-09-17,17,9,2016,11,7,5,9,,4,0,,2,4,1,35,4,2,5,5,0,0,0,0,true,,false,false,false,false,false,,,,,,false,false,false,,,false,false,false,false,false,-83.0098,42.34376,"{
  ""coordinates"": [
    -8.300980688899990e+01,
    4.234376019500010e+01
  ],
  ""type"": ""Point""
}","{
  ""coordinates"": [
    -83.009806889,
    42.343760195
  ],
  ""type"": ""Point""
}",-83.0098068889999,42.3437601950001
6808,9824622,ALMA,MACCRARY,2016-09-17,17,9,2016,23,7,2,9,,,2,,1,2,5,25,1,4,2,3,0,0,1,0,false,,false,false,false,true,false,,,,,,false,false,false,,,false,false,false,false,false,-82.97033,42.42154,"{
  ""coordinates"": [
    -8.297032857900000e+01,
    4.242153438600010e+01
  ],
  ""type"": ""Point""
}","{
  ""coordinates"": [
    -82.970328579,
    42.421534386
  ],
  ""type"": ""Point""
}",-82.970328579,42.4215343860001
6809,9806150,VERNOR,SPRINGWELLS,2016-09-17,17,9,2016,1,7,4,9,,4,0,,1,1,4,30,4,2,2,5,0,0,0,0,true,,false,false,false,false,false,,,,,,false,false,false,,,false,false,false,false,false,-83.12704,42.3115,"{
  ""coordinates"": [
    -8.312704783600000e+01,
    4.231150170500010e+01
  ],
  ""type"": ""Point""
}","{
  ""coordinates"": [
    -83.127047836,
    42.311501705
  ],
  ""type"": ""Point""
}",-83.127047836,42.3115017050001
6810,9813194,WOODWARD,7 MILE,2016-09-17,17,9,2016,14,7,97,3,,1,0,,2,2,1,35,3,2,1,3,0,0,1,0,false,,false,false,false,false,false,,,,,,true,false,false,,,false,false,false,false,false,-83.11575,42.43261,"{
  ""coordinates"": [
    -8.311574447000000e+01,
    4.243260868600000e+01
  ],
  ""type"": ""Point""
}","{
  ""coordinates"": [
    -83.11574447,
    42.432608686
  ],
  ""type"": ""Point""
}",-83.11574447,42.432608686
6811,9798173,CECIL,W I 94,2016-09-17,17,9,2016,11,7,97,1,,4,0,,2,4,1,25,4,2,3,5,0,0,0,0,true,,false,false,false,false,false,,,,,,false,false,false,,,false,false,false,false,false,-83.13396,42.33385,"{
  ""coordinates"": [
    -8.313396727299990e+01,
    4.233384904200010e+01
  ],
  ""type"": ""Point""
}","{
  ""coordinates"": [
    -83.133967273,
    42.333849042
  ],
  ""type"": ""Point""
}",-83.1339672729999,42.3338490420001
6812,9808622,W I 96,CSX TRANSPORTATION,2016-09-17,17,9,2016,19,7,5,1,,1,0,,1,2,4,55,3,2,2,5,0,0,0,0,true,,false,false,false,false,false,,,,,,false,false,false,,,false,false,false,false,false,-83.23524,42.37957,"{
  ""coordinates"": [
    -8.323524514199990e+01,
    4.237956582700010e+01
  ],
  ""type"": ""Point""
}","{
  ""coordinates"": [
    -83.235245142,
    42.379565827
  ],
  ""type"": ""Point""
}",-83.2352451419999,42.3795658270001
6813,9798185,MCNICHOLS,ALBION,2016-09-17,17,9,2016,19,7,1,9,,4,1,,1,2,3,35,2,1,0,5,0,0,0,0,true,,false,false,false,false,false,,,,,,false,false,false,,,false,false,false,false,false,-83.00546,42.41993,"{
  ""coordinates"": [
    -8.300546515199990e+01,
    4.241992870800000e+01
  ],
  ""type"": ""Point""
}","{
  ""coordinates"": [
    -83.005465152,
    42.419928708
  ],
  ""type"": ""Point""
}",-83.0054651519999,42.419928708
6814,9808843,GRATIOT,MCCLELLAN,2016-09-17,17,9,2016,12,7,97,3,,1,0,,2,1,1,35,4,2,4,5,0,0,0,0,true,,false,false,false,false,false,,,,,,false,false,true,,,false,false,false,false,false,-83.0071,42.3903,"{
  ""coordinates"": [
    -8.300709326000000e+01,
    4.239029887000000e+01
  ],
  ""type"": ""Point""
}","{
  ""coordinates"": [
    -83.00709326,
    42.39029887
  ],
  ""type"": ""Point""
}",-83.00709326,42.39029887
6815,9799767,SAINT JEAN,KERCHEVAL,2016-09-17,17,9,2016,11,7,5,9,,4,0,,2,4,1,30,4,2,2,5,0,0,0,0,true,,false,false,false,false,false,,,,,,false,false,false,,,false,false,false,false,false,-82.9722,42.36942,"{
  ""coordinates"": [
    -8.297219697100000e+01,
    4.236941636100000e+01
  ],
  ""type"": ""Point""
}","{
  ""coordinates"": [
    -82.972196971,
    42.369416361
  ],
  ""type"": ""Point""
}",-82.972196971,42.369416361
6816,9806192,PURITAN,RUTHERFORD,2016-09-17,17,9,2016,10,7,5,9,,4,0,,1,1,1,35,2,2,2,5,0,0,0,0,true,,false,false,true,false,false,,,,,,false,true,false,,,false,false,false,false,false,-83.20441,42.40865,"{
  ""coordinates"": [
    -8.320441488400000e+01,
    4.240865289400010e+01
  ],
  ""type"": ""Point""
}","{
  ""coordinates"": [
    -83.204414884,
    42.408652894
  ],
  ""type"": ""Point""
}",-83.204414884,42.4086528940001
6817,9812494,I 75,DEARBORN,2016-09-17,17,9,2016,7,7,1,1,,1,1,,2,4,2,70,4,1,1,5,0,0,0,0,true,,false,false,false,false,false,,,,,,false,false,false,,,false,false,false,false,false,-83.12798,42.29275,"{
  ""coordinates"": [
    -8.312797293499990e+01,
    4.229275321900010e+01
  ],
  ""type"": ""Point""
}","{
  ""coordinates"": [
    -83.127972935,
    42.292753219
  ],
  ""type"": ""Point""
}",-83.1279729349999,42.2927532190001
6818,9812497,E I 96,FULLERTON,2016-09-17,17,9,2016,14,7,1,1,,1,1,,2,4,1,70,4,1,1,4,0,0,0,1,false,,false,false,false,false,false,,,,,,false,false,false,,,false,false,false,false,false,-83.18909,42.38013,"{
  ""coordinates"": [
    -8.318909703299990e+01,
    4.238013087300000e+01
  ],
  ""type"": ""Point""
}","{
  ""coordinates"": [
    -83.189097033,
    42.380130873
  ],
  ""type"": ""Point""
}",-83.1890970329999,42.380130873
6819,9800579,TAYLOR,JOHN C LODGE SERVICE,2016-09-17,17,9,2016,3,7,98,9,,,0,,1,1,1,0,3,2,1,5,0,0,0,0,true,,false,false,false,false,false,,,,,,false,false,false,,,false,false,false,false,false,-83.08856,42.37934,"{
  ""coordinates"": [
    -8.308856142300000e+01,
    4.237934463900010e+01
  ],
  ""type"": ""Point""
}","{
  ""coordinates"": [
    -83.088561423,
    42.379344639
  ],
  ""type"": ""Point""
}",-83.088561423,42.3793446390001
6820,9798208,WOODWARD,7 MILE,2016-09-17,17,9,2016,14,7,97,3,,1,0,,2,2,1,35,3,2,1,3,0,0,1,0,false,,false,false,false,false,false,,,,,,true,false,false,,,false,false,false,false,false,-83.11575,42.43261,"{
  ""coordinates"": [
    -8.311574447000000e+01,
    4.243260868600000e+01
  ],
  ""type"": ""Point""
}","{
  ""coordinates"": [
    -83.11574447,
    42.432608686
  ],
  ""type"": ""Point""
}",-83.11574447,42.432608686
6821,9800603,4166 BISHOP,WAVENEY,2016-09-17,17,9,2016,22,7,5,9,,,3,,1,1,4,25,2,2,0,5,0,0,0,0,true,,false,false,true,false,false,,,,,,false,false,false,,,false,false,false,false,false,-82.92982,42.39988,"{
  ""coordinates"": [
    -8.292981615399999e+01,
    4.239987437400000e+01
  ],
  ""type"": ""Point""
}","{
  ""coordinates"": [
    -82.929816154,
    42.399874374
  ],
  ""type"": ""Point""
}",-82.929816154,42.399874374
6822,9824477,I-94,RUSSELL,2016-09-17,17,9,2016,9,7,97,1,,1,0,,2,4,1,55,3,2,2,5,0,0,0,0,true,,false,false,false,false,false,,,,,,false,false,true,,,false,false,false,false,false,-83.05907,42.36802,"{
  ""coordinates"": [
    -8.305907214199991e+01,
    4.236801813800000e+01
  ],
  ""type"": ""Point""
}","{
  ""coordinates"": [
    -83.059072142,
    42.368018138
  ],
  ""type"": ""Point""
}",-83.0590721419999,42.368018138
6823,9812496,I 75,CLARK,2016-09-17,17,9,2016,13,7,5,1,,1,0,,2,4,1,70,4,2,3,5,0,0,0,0,true,,false,false,false,false,false,,,,,,false,false,true,,,false,false,false,false,false,-83.08659,42.31515,"{
  ""coordinates"": [
    -8.308659541400000e+01,
    4.231515051700010e+01
  ],
  ""type"": ""Point""
}","{
  ""coordinates"": [
    -83.086595414,
    42.315150517
  ],
  ""type"": ""Point""
}",-83.086595414,42.3151505170001
6824,9806377,WILLIS,WOODWARD,2016-09-17,17,9,2016,12,7,4,3,,,0,,2,4,1,25,4,2,2,5,0,0,0,0,true,,false,false,false,false,false,,,,,,false,false,false,,,false,false,false,false,false,-83.06086,42.35162,"{
  ""coordinates"": [
    -8.306085730000000e+01,
    4.235161502600000e+01
  ],
  ""type"": ""Point""
}","{
  ""coordinates"": [
    -83.0608573,
    42.351615026
  ],
  ""type"": ""Point""
}",-83.0608573,42.351615026
6825,9799744,ALTER,KERCHEVAL,2016-09-17,17,9,2016,0,7,5,9,,4,0,,1,1,1,35,4,2,2,5,0,0,0,0,true,,false,false,false,false,false,,,,,,false,false,true,,,false,false,false,false,false,-82.94319,42.38042,"{
  ""coordinates"": [
    -8.294319521700000e+01,
    4.238042576000000e+01
  ],
  ""type"": ""Point""
}","{
  ""coordinates"": [
    -82.943195217,
    42.38042576
  ],
  ""type"": ""Point""
}",-82.943195217,42.38042576
6826,9799018,FENKELL,MEYERS,2016-09-17,17,9,2016,21,7,5,9,,2,0,,1,1,4,0,2,2,2,5,0,0,0,0,true,,false,false,true,false,false,,,,,,false,false,false,,,false,false,false,false,false,-83.1694,42.40223,"{
  ""coordinates"": [
    -8.316939325500000e+01,
    4.240222778600000e+01
  ],
  ""type"": ""Point""
}","{
  ""coordinates"": [
    -83.169393255,
    42.402227786
  ],
  ""type"": ""Point""
}",-83.169393255,42.402227786
6827,9800593,VERNOR,PEARL,2016-09-17,17,9,2016,5,7,2,9,,4,2,,1,1,4,25,4,2,5,2,0,4,1,0,false,,false,false,false,false,false,,,,,,false,false,false,,,false,false,false,false,false,-83.13048,42.3101,"{
  ""coordinates"": [
    -8.313047987700000e+01,
    4.231010475900010e+01
  ],
  ""type"": ""Point""
}","{
  ""coordinates"": [
    -83.130479877,
    42.310104759
  ],
  ""type"": ""Point""
}",-83.130479877,42.3101047590001
6828,9798191,DEXTER,CALVERT,2016-09-17,17,9,2016,15,7,8,9,,4,0,,2,1,1,30,4,2,4,5,0,0,0,0,true,,false,false,false,false,false,,,,,,false,true,true,,,false,false,false,false,false,-83.1217,42.37616,"{
  ""coordinates"": [
    -8.312169971400000e+01,
    4.237615567500010e+01
  ],
  ""type"": ""Point""
}","{
  ""coordinates"": [
    -83.121699714,
    42.376155675
  ],
  ""type"": ""Point""
}",-83.121699714,42.3761556750001
6829,9798188,LINWOOD,LAMOTHE,2016-09-17,17,9,2016,13,7,5,9,,4,0,,2,4,1,30,2,2,2,5,0,0,0,0,true,,false,false,false,false,false,,,,,,false,false,false,,,false,false,false,false,false,-83.1016,42.36275,"{
  ""coordinates"": [
    -8.310159702100000e+01,
    4.236274900500010e+01
  ],
  ""type"": ""Point""
}","{
  ""coordinates"": [
    -83.101597021,
    42.362749005
  ],
  ""type"": ""Point""
}",-83.101597021,42.3627490050001
6830,9799773,EDSEL FORD SERVICE,CADIEUX,2016-09-17,17,9,2016,15,7,5,1,,1,0,,2,1,1,35,3,2,2,4,0,0,0,1,false,,false,false,false,false,false,,,,,,false,false,true,,,false,false,false,false,false,-82.93722,42.41733,"{
  ""coordinates"": [
    -8.293721826900000e+01,
    4.241733167600010e+01
  ],
  ""type"": ""Point""
}","{
  ""coordinates"": [
    -82.937218269,
    42.417331676
  ],
  ""type"": ""Point""
}",-82.937218269,42.4173316760001
6831,9808699,I-94,CASS,2016-09-16,16,9,2016,2,6,1,1,,1,1,,1,2,4,55,3,1,1,3,0,0,1,0,false,,false,false,false,false,false,,,,,,false,false,true,,,false,false,false,false,false,-83.07077,42.36253,"{
  ""coordinates"": [
    -8.307077318800000e+01,
    4.236252880700000e+01
  ],
  ""type"": ""Point""
}","{
  ""coordinates"": [
    -83.070773188,
    42.362528807
  ],
  ""type"": ""Point""
}",-83.070773188,42.362528807
6832,9798196,8 MILE,REDMOND,2016-09-16,16,9,2016,17,6,5,3,,1,0,,1,1,1,40,4,2,2,5,0,0,0,0,true,,false,false,false,false,false,,,,,,false,false,false,,,false,false,false,false,false,-82.95546,42.45006,"{
  ""coordinates"": [
    -8.295545899800000e+01,
    4.245006157400010e+01
  ],
  ""type"": ""Point""
}","{
  ""coordinates"": [
    -82.955458998,
    42.450061574
  ],
  ""type"": ""Point""
}",-82.955458998,42.4500615740001
6833,9798988,GLYNN,WOODWARD,2016-09-16,16,9,2016,21,6,98,3,,,3,,1,1,4,25,1,2,0,5,0,0,0,0,true,,false,false,true,false,false,,,,,,false,false,false,,,false,false,false,false,false,-83.08589,42.38851,"{
  ""coordinates"": [
    -8.308589102300000e+01,
    4.238850905900010e+01
  ],
  ""type"": ""Point""
}","{
  ""coordinates"": [
    -83.085891023,
    42.388509059
  ],
  ""type"": ""Point""
}",-83.085891023,42.3885090590001
6834,9798177,WARREN,FAUST,2016-09-16,16,9,2016,8,6,5,9,,2,0,,1,1,1,35,5,2,5,5,0,0,0,0,true,,false,false,false,false,false,,,,,,false,false,true,,,false,false,false,false,false,-83.22075,42.34333,"{
  ""coordinates"": [
    -8.322075140999991e+01,
    4.234332599900010e+01
  ],
  ""type"": ""Point""
}","{
  ""coordinates"": [
    -83.22075141,
    42.343325999
  ],
  ""type"": ""Point""
}",-83.2207514099999,42.3433259990001
6835,9824567,E I 94,NOTTINGHAM,2016-09-16,16,9,2016,9,6,5,1,,1,0,,1,1,1,55,3,2,1,5,0,0,0,0,true,,false,false,true,false,false,,,,,,false,false,false,,,false,false,false,false,false,-82.95229,42.40715,"{
  ""coordinates"": [
    -8.295228764599990e+01,
    4.240715424100010e+01
  ],
  ""type"": ""Point""
}","{
  ""coordinates"": [
    -82.952287646,
    42.407154241
  ],
  ""type"": ""Point""
}",-82.9522876459999,42.4071542410001
6836,9808777,MCNICHOLS,ASHTON,2016-09-16,16,9,2016,13,6,4,9,,2,0,,1,1,1,35,2,2,2,5,0,0,0,0,true,,false,false,false,false,false,,,,,,false,false,true,,,false,false,false,false,false,-83.22034,42.41552,"{
  ""coordinates"": [
    -8.322034218200000e+01,
    4.241551935100010e+01
  ],
  ""type"": ""Point""
}","{
  ""coordinates"": [
    -83.220342182,
    42.415519351
  ],
  ""type"": ""Point""
}",-83.220342182,42.4155193510001