ObjectId,Crash ID,Primary Road,Intersecting Road,Crash Date,Day,Month,Year,Hour,Weekday,Crash Type Code,Highway Classification Code,Community Code,Jurisdiction Code,Lane Departure Type Code,Surface Type,Road Condition,Weather Condition,Lighting Condition,Speed Limit,Lanes,Units,Occupants,Most Severe Injury,Fatal Injuries,Suspected Serious Injuries,Suspected Minor Injuries,Possible Injuries,Property Damage Only,Secondary Crash,Traffic Control,Red Light Run,Hit and Run,Alcohol,Drugs,Unbelted Person,Work Zone,Speeding Driver,Distracted Driver,Driveway,Pedestrian,Elderly Driver,Young Driver,Commercial Vehicle,Emergency Vehicles,Train,School Bus,Motorcycle,Bicycle,Deer,Longitude,Latitude,geom,geog,x,y
6895,9808706,ST ANTOINE,LARNED,2016-09-15,15,9,2016,13,5,5,9,,4,0,,1,1,1,30,3,2,2,5,0,0,0,0,true,,false,false,false,false,false,,,,,,false,false,false,,,false,false,false,false,false,-83.03914,42.33284,"{
  ""coordinates"": [
    -8.303913625800000e+01,
    4.233283874400010e+01
  ],
  ""type"": ""Point""
}","{
  ""coordinates"": [
    -83.039136258,
    42.332838744
  ],
  ""type"": ""Point""
}",-83.039136258,42.3328387440001
6896,9797442,JOHN R,MARSTON,2016-09-15,15,9,2016,15,5,4,9,,4,0,,1,1,1,25,4,2,2,3,0,0,1,1,false,,false,false,false,false,false,,,,,,false,false,false,,,false,false,false,false,false,-83.07425,42.37578,"{
  ""coordinates"": [
    -8.307424620400000e+01,
    4.237578203900010e+01
  ],
  ""type"": ""Point""
}","{
  ""coordinates"": [
    -83.074246204,
    42.375782039
  ],
  ""type"": ""Point""
}",-83.074246204,42.3757820390001
6897,9797443,VERNOR,NEWARK,2016-09-15,15,9,2016,16,5,97,9,,4,0,,1,2,1,30,4,2,4,5,0,0,0,0,true,,false,false,false,false,false,,,,,,false,false,true,,,false,false,false,false,false,-83.07935,42.32765,"{
  ""coordinates"": [
    -8.307934343900000e+01,
    4.232764927100000e+01
  ],
  ""type"": ""Point""
}","{
  ""coordinates"": [
    -83.079343439,
    42.327649271
  ],
  ""type"": ""Point""
}",-83.079343439,42.327649271
6898,9797472,APPOLINE,MCNICHOLS,2016-09-15,15,9,2016,8,5,97,9,,,0,,1,1,1,0,2,2,1,5,0,0,0,0,true,,false,false,false,false,false,,,,,,false,false,false,,,false,false,false,false,false,-83.1712,42.41673,"{
  ""coordinates"": [
    -8.317120346699990e+01,
    4.241673158000000e+01
  ],
  ""type"": ""Point""
}","{
  ""coordinates"": [
    -83.171203467,
    42.41673158
  ],
  ""type"": ""Point""
}",-83.1712034669999,42.41673158
6899,9808810,GRAND RIVER,GRAYDALE,2016-09-15,15,9,2016,17,5,4,3,,1,0,,1,2,1,35,6,2,4,4,0,0,0,4,false,,false,false,false,false,false,,,,,,false,false,false,,,false,false,false,false,false,-83.2572,42.41632,"{
  ""coordinates"": [
    -8.325720567300000e+01,
    4.241631683200010e+01
  ],
  ""type"": ""Point""
}","{
  ""coordinates"": [
    -83.257205673,
    42.416316832
  ],
  ""type"": ""Point""
}",-83.257205673,42.4163168320001
6900,9806270,TUXEDO,WILDEMERE,2016-09-15,15,9,2016,11,5,97,9,,4,0,,1,1,1,0,1,2,2,4,0,0,0,1,false,,false,false,false,false,false,,,,,,false,true,false,,,false,false,false,false,false,-83.12135,42.38152,"{
  ""coordinates"": [
    -8.312135292799999e+01,
    4.238152494800000e+01
  ],
  ""type"": ""Point""
}","{
  ""coordinates"": [
    -83.121352928,
    42.381524948
  ],
  ""type"": ""Point""
}",-83.121352928,42.381524948
6901,9797446,JEFFERSON,MT ELLOITT,2016-09-15,15,9,2016,20,5,8,9,,4,0,,1,1,4,40,5,2,3,5,0,0,0,0,true,,false,false,false,false,false,,,,,,false,false,false,,,false,false,false,false,false,-83.01008,42.34364,"{
  ""coordinates"": [
    -8.301007666800000e+01,
    4.234364365100000e+01
  ],
  ""type"": ""Point""
}","{
  ""coordinates"": [
    -83.010076668,
    42.343643651
  ],
  ""type"": ""Point""
}",-83.010076668,42.343643651
6902,9797451,BURT,HESSEL,2016-09-15,15,9,2016,17,5,4,9,,4,0,,1,1,1,25,3,2,2,5,0,0,0,0,true,,false,false,false,false,false,,,,,,false,false,false,,,false,false,false,false,false,-83.24907,42.44184,"{
  ""coordinates"": [
    -8.324906859500000e+01,
    4.244184511500000e+01
  ],
  ""type"": ""Point""
}","{
  ""coordinates"": [
    -83.249068595,
    42.441845115
  ],
  ""type"": ""Point""
}",-83.249068595,42.441845115
6903,9800559,WASHINGTON,LARNED,2016-09-15,15,9,2016,8,5,8,9,,4,0,,1,1,1,0,1,2,1,5,0,0,0,0,true,,false,false,false,false,false,,,,,,false,false,false,,,false,false,false,false,false,-83.04858,42.32796,"{
  ""coordinates"": [
    -8.304857418400000e+01,
    4.232795696800010e+01
  ],
  ""type"": ""Point""
}","{
  ""coordinates"": [
    -83.048574184,
    42.327956968
  ],
  ""type"": ""Point""
}",-83.048574184,42.3279569680001
6904,9799771,CHANDLER PARK,GUILFORD,2016-09-15,15,9,2016,7,5,98,9,,2,0,,1,1,1,35,2,3,7,4,0,0,0,1,false,,false,false,false,false,false,,,,,,false,false,true,,,false,false,false,false,false,-82.92998,42.41202,"{
  ""coordinates"": [
    -8.292997970099999e+01,
    4.241202164600000e+01
  ],
  ""type"": ""Point""
}","{
  ""coordinates"": [
    -82.929979701,
    42.412021646
  ],
  ""type"": ""Point""
}",-82.929979701,42.412021646
6905,9797439,WOODWARD,GRAND,2016-09-15,15,9,2016,10,5,5,3,,1,0,,1,1,1,0,2,2,3,5,0,0,0,0,true,,false,false,false,false,false,,,,,,false,false,false,,,false,false,false,false,false,-83.07327,42.37017,"{
  ""coordinates"": [
    -8.307326709400000e+01,
    4.237017604500010e+01
  ],
  ""type"": ""Point""
}","{
  ""coordinates"": [
    -83.073267094,
    42.370176045
  ],
  ""type"": ""Point""
}",-83.073267094,42.3701760450001
6906,9808654,I-94,CONNER,2016-09-15,15,9,2016,15,5,5,1,,1,0,,1,2,1,55,3,2,2,5,0,0,0,0,true,,false,false,false,false,false,,,,,,false,false,false,,,false,false,false,false,false,-82.98824,42.39608,"{
  ""coordinates"": [
    -8.298823699400000e+01,
    4.239608304200000e+01
  ],
  ""type"": ""Point""
}","{
  ""coordinates"": [
    -82.988236994,
    42.396083042
  ],
  ""type"": ""Point""
}",-82.988236994,42.396083042
6907,9808690,RAMP 213L,W I 94,2016-09-15,15,9,2016,22,5,1,1,,1,1,,1,1,4,55,1,1,2,5,0,0,0,0,true,,false,false,false,false,false,,,,,,false,false,true,,,false,false,false,false,false,-83.09673,42.35111,"{
  ""coordinates"": [
    -8.309672457100000e+01,
    4.235111336600000e+01
  ],
  ""type"": ""Point""
}","{
  ""coordinates"": [
    -83.096724571,
    42.351113366
  ],
  ""type"": ""Point""
}",-83.096724571,42.351113366
6908,9824485,M-10,WARREN,2016-09-15,15,9,2016,13,5,1,3,,1,1,,1,1,1,55,4,1,2,5,0,0,0,0,true,,false,false,false,false,false,,,,,,false,false,false,,,false,false,false,false,false,-83.07374,42.35441,"{
  ""coordinates"": [
    -8.307373484100000e+01,
    4.235440734100010e+01
  ],
  ""type"": ""Point""
}","{
  ""coordinates"": [
    -83.073734841,
    42.354407341
  ],
  ""type"": ""Point""
}",-83.073734841,42.3544073410001
6909,9824484,M-39,7 MILE,2016-09-15,15,9,2016,8,5,5,3,,1,0,,1,1,1,55,3,3,5,5,0,0,0,0,true,,false,false,true,false,false,,,,,,false,false,false,,,false,false,false,false,false,-83.21906,42.42639,"{
  ""coordinates"": [
    -8.321906318899990e+01,
    4.242639349000010e+01
  ],
  ""type"": ""Point""
}","{
  ""coordinates"": [
    -83.219063189,
    42.42639349
  ],
  ""type"": ""Point""
}",-83.2190631889999,42.4263934900001
6910,9797447,CHENE,MEDBURY,2016-09-15,15,9,2016,12,5,8,9,,4,0,,1,1,1,0,1,2,2,5,0,0,0,0,true,,false,false,false,false,false,,,,,,false,true,false,,,false,false,false,false,false,-83.04562,42.373,"{
  ""coordinates"": [
    -8.304562424499990e+01,
    4.237299594600010e+01
  ],
  ""type"": ""Point""
}","{
  ""coordinates"": [
    -83.045624245,
    42.372995946
  ],
  ""type"": ""Point""
}",-83.0456242449999,42.3729959460001
6911,9808702,I-96,EVERGREEN,2016-09-15,15,9,2016,18,5,5,1,,1,0,,1,2,1,70,4,3,2,5,0,0,0,0,true,,false,false,true,false,false,,,,,,false,false,true,,,false,false,false,false,false,-83.24373,42.38533,"{
  ""coordinates"": [
    -8.324372895399991e+01,
    4.238533032400010e+01
  ],
  ""type"": ""Point""
}","{
  ""coordinates"": [
    -83.243728954,
    42.385330324
  ],
  ""type"": ""Point""
}",-83.2437289539999,42.3853303240001
6912,9824499,I-75,CLARK,2016-09-15,15,9,2016,7,5,5,1,,1,0,,1,1,1,55,4,5,5,5,0,0,0,0,true,,false,false,false,false,false,,,,,,false,false,false,,,false,false,false,false,false,-83.09061,42.31359,"{
  ""coordinates"": [
    -8.309061043799990e+01,
    4.231359579600010e+01
  ],
  ""type"": ""Point""
}","{
  ""coordinates"": [
    -83.090610438,
    42.313595796
  ],
  ""type"": ""Point""
}",-83.0906104379999,42.3135957960001
6913,9797450,GRANDRIVER,ARCHDALE,2016-09-15,15,9,2016,18,5,5,3,,1,0,,1,2,1,35,4,2,2,4,0,0,0,2,false,,false,false,false,false,false,,,,,,false,false,false,,,false,false,false,false,false,-83.21578,42.39969,"{
  ""coordinates"": [
    -8.321578503599990e+01,
    4.239969044700010e+01
  ],
  ""type"": ""Point""
}","{
  ""coordinates"": [
    -83.215785036,
    42.399690447
  ],
  ""type"": ""Point""
}",-83.2157850359999,42.3996904470001
6914,9905975,GREINER,GOULBURN,2016-09-15,15,9,2016,15,5,5,9,,4,0,,1,1,1,25,2,2,1,5,0,0,0,0,true,,false,false,true,false,false,,,,,,false,false,true,,,false,false,false,false,false,-82.99325,42.42747,"{
  ""coordinates"": [
    -8.299324919199999e+01,
    4.242747385900000e+01
  ],
  ""type"": ""Point""
}","{
  ""coordinates"": [
    -82.993249192,
    42.427473859
  ],
  ""type"": ""Point""
}",-82.993249192,42.427473859
6915,9798186,GRAND RIVER,JOY,2016-09-15,15,9,2016,16,5,3,3,,1,0,,1,1,1,35,4,2,1,5,0,0,0,0,true,,false,false,false,false,false,,,,,,false,false,false,,,false,false,false,false,false,-83.13048,42.36531,"{
  ""coordinates"": [
    -8.313048025499999e+01,
    4.236530494700000e+01
  ],
  ""type"": ""Point""
}","{
  ""coordinates"": [
    -83.130480255,
    42.365304947
  ],
  ""type"": ""Point""
}",-83.130480255,42.365304947
6916,9798153,7 MILE,MARK TWAIN,2016-09-15,15,9,2016,18,5,8,9,,2,0,,1,1,1,25,4,2,2,4,0,0,0,2,false,,false,false,false,false,false,,,,,,false,false,true,,,false,false,false,false,false,-83.18775,42.43079,"{
  ""coordinates"": [
    -8.318775321100000e+01,
    4.243079321300010e+01
  ],
  ""type"": ""Point""
}","{
  ""coordinates"": [
    -83.187753211,
    42.430793213
  ],
  ""type"": ""Point""
}",-83.187753211,42.4307932130001
6917,9799782,GRATIOT,VAN DYKE,2016-09-15,15,9,2016,16,5,97,3,,1,0,,1,1,1,35,7,2,2,5,0,0,0,0,true,,false,false,false,false,false,,,,,,false,false,true,,,false,false,false,false,false,-83.01472,42.37876,"{
  ""coordinates"": [
    -8.301472274500000e+01,
    4.237875632500000e+01
  ],
  ""type"": ""Point""
}","{
  ""coordinates"": [
    -83.014722745,
    42.378756325
  ],
  ""type"": ""Point""
}",-83.014722745,42.378756325
6918,9805847,I-96,GRAND,2016-09-15,15,9,2016,15,5,5,1,,1,0,,1,1,1,55,4,2,2,5,0,0,0,0,true,,false,false,false,false,false,,,,,,false,true,false,,,false,false,false,false,false,-83.10884,42.3552,"{
  ""coordinates"": [
    -8.310884272200001e+01,
    4.235519618700000e+01
  ],
  ""type"": ""Point""
}","{
  ""coordinates"": [
    -83.108842722,
    42.355196187
  ],
  ""type"": ""Point""
}",-83.108842722,42.355196187
6919,9806154,FORT,23RD,2016-09-15,15,9,2016,20,5,1,3,,1,1,,1,1,4,30,5,1,2,1,1,1,0,0,false,,false,false,false,true,false,,,,,,false,false,false,,,false,false,true,false,false,-83.07967,42.31684,"{
  ""coordinates"": [
    -8.307966341600000e+01,
    4.231683873200010e+01
  ],
  ""type"": ""Point""
}","{
  ""coordinates"": [
    -83.079663416,
    42.316838732
  ],
  ""type"": ""Point""
}",-83.079663416,42.3168387320001
6920,9809610,RUSSELL,WILKINS,2016-09-15,15,9,2016,16,5,5,9,,4,0,,1,2,1,25,1,2,2,5,0,0,0,0,true,,false,false,false,false,false,,,,,,false,false,false,,,false,false,false,false,false,-83.04238,42.34922,"{
  ""coordinates"": [
    -8.304237754199990e+01,
    4.234921985800000e+01
  ],
  ""type"": ""Point""
}","{
  ""coordinates"": [
    -83.042377542,
    42.349219858
  ],
  ""type"": ""Point""
}",-83.0423775419999,42.349219858
6921,9797440,I 94,BEAUBIEN,2016-09-15,15,9,2016,6,5,8,1,,1,0,,1,1,4,55,3,2,2,5,0,0,0,0,true,,false,false,false,false,false,,,,,,false,false,false,,,false,false,false,false,false,-83.06268,42.36648,"{
  ""coordinates"": [
    -8.306267397900000e+01,
    4.236648191700000e+01
  ],
  ""type"": ""Point""
}","{
  ""coordinates"": [
    -83.062673979,
    42.366481917
  ],
  ""type"": ""Point""
}",-83.062673979,42.366481917
6922,9800595,VERNOR,GREEN,2016-09-15,15,9,2016,21,5,5,9,,4,0,,1,1,4,35,2,2,2,5,0,0,0,0,true,,false,false,false,false,false,,,,,,false,false,false,,,false,false,false,false,false,-83.12128,42.31388,"{
  ""coordinates"": [
    -8.312127758199991e+01,
    4.231388238500010e+01
  ],
  ""type"": ""Point""
}","{
  ""coordinates"": [
    -83.121277582,
    42.313882385
  ],
  ""type"": ""Point""
}",-83.1212775819999,42.3138823850001
6923,9797435,WOODWARD,GRAND RIVER,2016-09-15,15,9,2016,17,5,5,9,,4,0,,1,1,1,35,1,2,3,4,0,0,0,1,false,,false,false,false,false,false,,,,,,false,false,false,,,false,false,false,false,false,-83.04874,42.33409,"{
  ""coordinates"": [
    -8.304873713400001e+01,
    4.233408747100000e+01
  ],
  ""type"": ""Point""
}","{
  ""coordinates"": [
    -83.048737134,
    42.334087471
  ],
  ""type"": ""Point""
}",-83.048737134,42.334087471
6924,9797467,THATCHER,MARLOWE,2016-09-15,15,9,2016,8,5,5,9,,,0,,1,1,1,25,2,2,3,5,0,0,0,0,true,,false,false,false,false,false,,,,,,false,true,false,,,false,false,false,false,false,-83.19065,42.42176,"{
  ""coordinates"": [
    -8.319065440799990e+01,
    4.242176220500010e+01
  ],
  ""type"": ""Point""
}","{
  ""coordinates"": [
    -83.190654408,
    42.421762205
  ],
  ""type"": ""Point""
}",-83.1906544079999,42.4217622050001
6925,9818627,I-75,DEARBORN,2016-09-15,15,9,2016,17,5,1,1,,1,0,,1,2,1,70,4,1,1,5,0,0,0,0,true,,false,false,false,false,false,,,,,,false,false,true,,,false,false,false,false,false,-83.12915,42.29158,"{
  ""coordinates"": [
    -8.312914964200000e+01,
    4.229158467200010e+01
  ],
  ""type"": ""Point""
}","{
  ""coordinates"": [
    -83.129149642,
    42.291584672
  ],
  ""type"": ""Point""
}",-83.129149642,42.2915846720001
6926,9824467,I-75,GRAND,2016-09-15,15,9,2016,8,5,8,1,,1,0,,1,1,2,55,4,2,1,5,0,0,0,0,true,,false,false,true,false,false,,,,,,false,false,false,,,false,false,false,false,false,-83.06113,42.37572,"{
  ""coordinates"": [
    -8.306112309100000e+01,
    4.237572200100000e+01
  ],
  ""type"": ""Point""
}","{
  ""coordinates"": [
    -83.061123091,
    42.375722001
  ],
  ""type"": ""Point""
}",-83.061123091,42.375722001
6927,9806103,I-94,WOODWARD,2016-09-15,15,9,2016,4,5,1,1,,1,0,,1,2,4,55,3,1,2,5,0,0,0,0,true,,false,false,false,false,false,,,,,,false,false,false,,,false,false,false,false,false,-83.06911,42.36344,"{
  ""coordinates"": [
    -8.306911071899999e+01,
    4.236344312700000e+01
  ],
  ""type"": ""Point""
}","{
  ""coordinates"": [
    -83.069110719,
    42.363443127
  ],
  ""type"": ""Point""
}",-83.069110719,42.363443127
6928,9824509,I-94,30TH,2016-09-15,15,9,2016,17,5,5,1,,1,0,,1,1,1,55,3,2,2,5,0,0,0,0,true,,false,false,false,false,false,,,,,,false,false,true,,,false,false,false,false,false,-83.11536,42.34282,"{
  ""coordinates"": [
    -8.311535625700000e+01,
    4.234281663700010e+01
  ],
  ""type"": ""Point""
}","{
  ""coordinates"": [
    -83.115356257,
    42.342816637
  ],
  ""type"": ""Point""
}",-83.115356257,42.3428166370001
6929,9806191,8 MILE,STAHELIN,2016-09-15,15,9,2016,17,5,5,3,,1,0,,1,1,1,35,4,2,2,5,0,0,0,0,true,,false,false,false,false,false,,,,,,false,false,false,,,false,false,false,false,false,-83.22808,42.44399,"{
  ""coordinates"": [
    -8.322808011500000e+01,
    4.244398938400010e+01
  ],
  ""type"": ""Point""
}","{
  ""coordinates"": [
    -83.228080115,
    42.443989384
  ],
  ""type"": ""Point""
}",-83.228080115,42.4439893840001
6930,9797449,SCHOOLCRAFT,FIELDING,2016-09-15,15,9,2016,16,5,97,9,,2,0,,1,1,1,30,4,2,3,4,0,0,0,1,false,,false,false,false,false,false,,,,,,false,false,false,,,false,false,false,false,false,-83.24215,42.38615,"{
  ""coordinates"": [
    -8.324214941900000e+01,
    4.238615286400010e+01
  ],
  ""type"": ""Point""
}","{
  ""coordinates"": [
    -83.242149419,
    42.386152864
  ],
  ""type"": ""Point""
}",-83.242149419,42.3861528640001
6931,9819974,M-39,MCNICHOLS,2016-09-15,15,9,2016,17,5,5,3,,1,0,,1,2,1,55,3,4,4,5,0,0,0,0,true,,false,false,true,false,false,,,,,,false,false,false,,,false,false,false,false,false,-83.21886,42.41191,"{
  ""coordinates"": [
    -8.321885688600000e+01,
    4.241191175200000e+01
  ],
  ""type"": ""Point""
}","{
  ""coordinates"": [
    -83.218856886,
    42.411911752
  ],
  ""type"": ""Point""
}",-83.218856886,42.411911752
6932,9797474,7 MILE,SCHAEFER,2016-09-15,15,9,2016,15,5,8,9,,2,0,,1,1,1,30,2,2,1,5,0,0,0,0,true,,false,false,true,false,false,,,,,,false,false,true,,,false,false,false,false,false,-83.18124,42.43105,"{
  ""coordinates"": [
    -8.318124345000000e+01,
    4.243104893400000e+01
  ],
  ""type"": ""Point""
}","{
  ""coordinates"": [
    -83.18124345,
    42.431048934
  ],
  ""type"": ""Point""
}",-83.18124345,42.431048934
6933,9824500,M-10,WYOMING,2016-09-15,15,9,2016,9,5,8,3,,1,0,,1,1,1,55,3,2,1,4,0,0,0,1,false,,false,false,true,false,false,,,,,,false,false,false,,,false,false,false,false,false,-83.16133,42.40585,"{
  ""coordinates"": [
    -8.316133050799991e+01,
    4.240585052000010e+01
  ],
  ""type"": ""Point""
}","{
  ""coordinates"": [
    -83.161330508,
    42.40585052
  ],
  ""type"": ""Point""
}",-83.1613305079999,42.4058505200001
6934,9797470,WAVERLY,BROADSTREET,2016-09-15,15,9,2016,17,5,2,9,,,2,,1,1,1,25,2,2,0,5,0,0,0,0,true,,true,false,true,false,false,,,,,,false,false,false,,,false,false,false,false,false,-83.13799,42.38626,"{
  ""coordinates"": [
    -8.313798695000000e+01,
    4.238625828100000e+01
  ],
  ""type"": ""Point""
}","{
  ""coordinates"": [
    -83.13798695,
    42.386258281
  ],
  ""type"": ""Point""
}",-83.13798695,42.386258281
6935,9798195,RYAN,EMERY,2016-09-15,15,9,2016,22,5,5,9,,4,0,,1,1,4,25,2,2,1,5,0,0,0,0,true,,false,false,false,false,false,,,,,,false,false,false,,,false,false,false,false,false,-83.06327,42.43583,"{
  ""coordinates"": [
    -8.306327023599989e+01,
    4.243582963900010e+01
  ],
  ""type"": ""Point""
}","{
  ""coordinates"": [
    -83.063270236,
    42.435829639
  ],
  ""type"": ""Point""
}",-83.0632702359999,42.4358296390001
6936,9797444,RUSSELL,FERRY,2016-09-15,15,9,2016,10,5,97,9,,4,0,,1,1,1,35,2,2,3,5,0,0,0,0,true,,false,false,false,false,false,,,,,,false,false,false,,,false,false,false,false,false,-83.05363,42.3662,"{
  ""coordinates"": [
    -8.305362815699991e+01,
    4.236620249100010e+01
  ],
  ""type"": ""Point""
}","{
  ""coordinates"": [
    -83.053628157,
    42.366202491
  ],
  ""type"": ""Point""
}",-83.0536281569999,42.3662024910001
6937,9797441,S I 75,MACK,2016-09-15,15,9,2016,8,5,4,1,,1,0,,1,1,1,25,4,2,3,5,0,0,0,0,true,,false,false,false,false,false,,,,,,false,false,false,,,false,false,false,false,false,-83.04815,42.35118,"{
  ""coordinates"": [
    -8.304814964900000e+01,
    4.235118266500010e+01
  ],
  ""type"": ""Point""
}","{
  ""coordinates"": [
    -83.048149649,
    42.351182665
  ],
  ""type"": ""Point""
}",-83.048149649,42.3511826650001
6938,9798175,GRATIOT,MCCLELLAN,2016-09-15,15,9,2016,17,5,4,3,,1,0,,1,1,1,35,3,2,3,5,0,0,0,0,true,,false,false,false,false,false,,,,,,false,false,false,,,false,false,false,false,false,-83.0071,42.3903,"{
  ""coordinates"": [
    -8.300709326000000e+01,
    4.239029887000000e+01
  ],
  ""type"": ""Point""
}","{
  ""coordinates"": [
    -83.00709326,
    42.39029887
  ],
  ""type"": ""Point""
}",-83.00709326,42.39029887
6939,9799762,MADDELEIN,GRATIOT,2016-09-15,15,9,2016,17,5,5,9,,,0,,1,2,1,25,2,3,1,3,0,0,1,0,false,,false,false,false,false,false,,,,,,false,false,false,,,false,false,false,false,false,-82.97562,42.436,"{
  ""coordinates"": [
    -8.297561929400000e+01,
    4.243599643300010e+01
  ],
  ""type"": ""Point""
}","{
  ""coordinates"": [
    -82.975619294,
    42.435996433
  ],
  ""type"": ""Point""
}",-82.975619294,42.4359964330001
6940,9798162,N I 75,MICHIGAN,2016-09-15,15,9,2016,9,5,5,1,,1,0,,1,1,1,35,2,2,2,5,0,0,0,0,true,,false,false,false,false,false,,,,,,false,false,false,,,false,false,false,false,false,-83.0854,42.33067,"{
  ""coordinates"": [
    -8.308539980400001e+01,
    4.233066760300010e+01
  ],
  ""type"": ""Point""
}","{
  ""coordinates"": [
    -83.085399804,
    42.330667603
  ],
  ""type"": ""Point""
}",-83.085399804,42.3306676030001
6941,9805829,SOUTHFIELD,JOY,2016-09-15,15,9,2016,16,5,8,3,,1,0,,1,1,1,55,3,2,3,5,0,0,0,0,true,,false,false,false,false,false,,,,,,false,false,false,,,false,false,false,false,false,-83.21654,42.36074,"{
  ""coordinates"": [
    -8.321653423500000e+01,
    4.236074540500000e+01
  ],
  ""type"": ""Point""
}","{
  ""coordinates"": [
    -83.216534235,
    42.360745405
  ],
  ""type"": ""Point""
}",-83.216534235,42.360745405
6942,9797458,DAVISON,14TH,2016-09-15,15,9,2016,6,5,8,3,,1,0,,1,1,97,35,6,2,2,5,0,0,0,0,true,,false,false,false,false,false,,,,,,false,false,false,,,false,false,false,false,false,-83.11578,42.39533,"{
  ""coordinates"": [
    -8.311578660500000e+01,
    4.239532832400000e+01
  ],
  ""type"": ""Point""
}","{
  ""coordinates"": [
    -83.115786605,
    42.395328324
  ],
  ""type"": ""Point""
}",-83.115786605,42.395328324
6943,9799009,MONICA,FULLERTON,2016-09-15,15,9,2016,20,5,4,9,,,0,,1,1,4,25,2,2,3,3,0,0,1,2,false,,false,false,false,false,false,,,,,,false,false,false,,,false,false,false,false,false,-83.14254,42.38071,"{
  ""coordinates"": [
    -8.314253755399990e+01,
    4.238070683100010e+01
  ],
  ""type"": ""Point""
}","{
  ""coordinates"": [
    -83.142537554,
    42.380706831
  ],
  ""type"": ""Point""
}",-83.1425375539999,42.3807068310001
6944,9797455,RUNYON,GIETZEN,2016-09-15,15,9,2016,8,5,4,9,,,0,,1,1,1,25,2,2,2,2,0,1,0,0,false,,false,false,false,false,false,,,,,,false,false,true,,,false,false,false,false,false,-83.00671,42.42535,"{
  ""coordinates"": [
    -8.300671275500000e+01,
    4.242534753300000e+01
  ],
  ""type"": ""Point""
}","{
  ""coordinates"": [
    -83.006712755,
    42.425347533
  ],
  ""type"": ""Point""
}",-83.006712755,42.425347533
6945,9806110,S M 10,GRAND RIVER,2016-09-15,15,9,2016,9,5,5,3,,1,0,,1,1,1,55,3,3,1,5,0,0,0,0,true,,false,false,false,false,false,,,,,,false,false,false,,,false,false,false,false,false,-83.06652,42.33954,"{
  ""coordinates"": [
    -8.306652386899999e+01,
    4.233954241700010e+01
  ],
  ""type"": ""Point""
}","{
  ""coordinates"": [
    -83.066523869,
    42.339542417
  ],
  ""type"": ""Point""
}",-83.066523869,42.3395424170001
6946,9799758,OUTER,E I 94,2016-09-15,15,9,2016,7,5,5,9,,2,0,,1,1,1,35,3,2,2,5,0,0,0,0,true,,false,false,false,false,false,,,,,,false,false,false,,,false,false,false,false,false,-82.95994,42.40497,"{
  ""coordinates"": [
    -8.295993819300000e+01,
    4.240496667500000e+01
  ],
  ""type"": ""Point""
}","{
  ""coordinates"": [
    -82.959938193,
    42.404966675
  ],
  ""type"": ""Point""
}",-82.959938193,42.404966675
6947,9824501,I-94,LIVERNOIS,2016-09-15,15,9,2016,11,5,8,1,,1,0,,1,1,1,55,3,2,3,5,0,0,0,0,true,,false,false,false,false,false,,,,,,false,false,true,,,false,false,false,false,false,-83.12362,42.33796,"{
  ""coordinates"": [
    -8.312361983200000e+01,
    4.233795967200010e+01
  ],
  ""type"": ""Point""
}","{
  ""coordinates"": [
    -83.123619832,
    42.337959672
  ],
  ""type"": ""Point""
}",-83.123619832,42.3379596720001
6948,9797436,FENKELL,CRUSE,2016-09-15,15,9,2016,11,5,2,9,,2,2,,1,1,1,35,4,2,2,2,0,1,0,1,false,,false,false,false,false,false,,,,,,false,false,true,,,false,false,false,false,false,-83.18303,42.40198,"{
  ""coordinates"": [
    -8.318303099100000e+01,
    4.240198147100010e+01
  ],
  ""type"": ""Point""
}","{
  ""coordinates"": [
    -83.183030991,
    42.401981471
  ],
  ""type"": ""Point""
}",-83.183030991,42.4019814710001
6949,9797448,GRAN,MINOCK,2016-09-15,15,9,2016,8,5,3,3,,1,0,,1,1,1,35,4,2,2,4,0,0,0,1,false,,false,false,false,false,false,,,,,,false,true,false,,,false,false,false,false,false,-83.23401,42.40702,"{
  ""coordinates"": [
    -8.323400783900000e+01,
    4.240702291200010e+01
  ],
  ""type"": ""Point""
}","{
  ""coordinates"": [
    -83.234007839,
    42.407022912
  ],
  ""type"": ""Point""
}",-83.234007839,42.4070229120001
6950,9797453,7 MILE,OUTER,2016-09-15,15,9,2016,13,5,5,9,,2,0,,1,1,1,35,2,2,2,5,0,0,0,0,true,,false,false,true,false,false,,,,,,false,false,false,,,false,false,false,false,false,-83.1759,42.43116,"{
  ""coordinates"": [
    -8.317590215400000e+01,
    4.243116234300000e+01
  ],
  ""type"": ""Point""
}","{
  ""coordinates"": [
    -83.175902154,
    42.431162343
  ],
  ""type"": ""Point""
}",-83.175902154,42.431162343
6951,9800469,EIGHT MILE,GREENFIELDRD,2016-09-14,14,9,2016,13,4,8,3,,1,0,,1,1,1,45,3,2,2,5,0,0,0,0,true,,false,false,false,false,false,,,,,,false,true,false,,,false,false,false,false,false,-83.20057,42.44478,"{
  ""coordinates"": [
    -8.320057068599991e+01,
    4.244478322300010e+01
  ],
  ""type"": ""Point""
}","{
  ""coordinates"": [
    -83.200570686,
    42.444783223
  ],
  ""type"": ""Point""
}",-83.2005706859999,42.4447832230001