ObjectId,Crash ID,Primary Road,Intersecting Road,Crash Date,Day,Month,Year,Hour,Weekday,Crash Type Code,Highway Classification Code,Community Code,Jurisdiction Code,Lane Departure Type Code,Surface Type,Road Condition,Weather Condition,Lighting Condition,Speed Limit,Lanes,Units,Occupants,Most Severe Injury,Fatal Injuries,Suspected Serious Injuries,Suspected Minor Injuries,Possible Injuries,Property Damage Only,Secondary Crash,Traffic Control,Red Light Run,Hit and Run,Alcohol,Drugs,Unbelted Person,Work Zone,Speeding Driver,Distracted Driver,Driveway,Pedestrian,Elderly Driver,Young Driver,Commercial Vehicle,Emergency Vehicles,Train,School Bus,Motorcycle,Bicycle,Deer,Longitude,Latitude,geom,geog,x,y
6952,9796808,GRAND RIVER,PREVOST,2016-09-14,14,9,2016,15,4,97,3,,1,0,,1,1,1,35,4,2,2,5,0,0,0,0,true,,false,false,false,false,false,,,,,,false,false,false,,,false,false,false,false,false,-83.20348,42.39472,"{
  ""coordinates"": [
    -8.320347624000000e+01,
    4.239472083700010e+01
  ],
  ""type"": ""Point""
}","{
  ""coordinates"": [
    -83.20347624,
    42.394720837
  ],
  ""type"": ""Point""
}",-83.20347624,42.3947208370001
6953,9796846,SUNSET,CORDOVA,2016-09-14,14,9,2016,6,4,5,9,,,0,,1,1,1,25,2,3,1,5,0,0,0,0,true,,false,false,false,true,false,,,,,,false,false,false,,,false,false,false,false,false,-83.06145,42.44221,"{
  ""coordinates"": [
    -8.306144612400000e+01,
    4.244220853100010e+01
  ],
  ""type"": ""Point""
}","{
  ""coordinates"": [
    -83.061446124,
    42.442208531
  ],
  ""type"": ""Point""
}",-83.061446124,42.4422085310001
6954,9798141,I-94,CONNER,2016-09-14,14,9,2016,5,4,5,1,,1,0,,2,4,4,55,3,2,2,5,0,0,0,0,true,,false,false,false,false,false,,,,,,false,true,false,,,false,false,false,false,false,-82.99742,42.39211,"{
  ""coordinates"": [
    -8.299742404900000e+01,
    4.239210610300010e+01
  ],
  ""type"": ""Point""
}","{
  ""coordinates"": [
    -82.997424049,
    42.392106103
  ],
  ""type"": ""Point""
}",-82.997424049,42.3921061030001
6955,9796845,MT ELLIOTT,CANIFF,2016-09-14,14,9,2016,15,4,3,9,,4,0,,1,1,1,30,2,2,2,4,0,0,0,1,false,,false,false,false,false,false,,,,,,false,false,true,,,false,false,false,false,false,-83.03881,42.4082,"{
  ""coordinates"": [
    -8.303880739800000e+01,
    4.240820077000010e+01
  ],
  ""type"": ""Point""
}","{
  ""coordinates"": [
    -83.038807398,
    42.40820077
  ],
  ""type"": ""Point""
}",-83.038807398,42.4082007700001
6956,9796826,AVON,VASSAR,2016-09-14,14,9,2016,12,4,9,9,,,2,,1,1,1,25,2,2,0,5,0,0,0,0,true,,false,false,true,false,false,,,,,,false,false,false,,,false,false,false,false,false,-83.22671,42.43391,"{
  ""coordinates"": [
    -8.322670777000000e+01,
    4.243391379400000e+01
  ],
  ""type"": ""Point""
}","{
  ""coordinates"": [
    -83.22670777,
    42.433913794
  ],
  ""type"": ""Point""
}",-83.22670777,42.433913794
6957,9796106,KERCHEVAL,CADILLAC,2016-09-14,14,9,2016,0,4,8,9,,4,0,,1,1,4,35,2,2,1,5,0,0,0,0,true,,false,false,false,false,false,,,,,,false,false,false,,,false,false,false,false,false,-82.98663,42.36366,"{
  ""coordinates"": [
    -8.298662210700000e+01,
    4.236365334700000e+01
  ],
  ""type"": ""Point""
}","{
  ""coordinates"": [
    -82.986622107,
    42.363653347
  ],
  ""type"": ""Point""
}",-82.986622107,42.363653347
6958,9806309,STATE FAIR,BROCK,2016-09-14,14,9,2016,15,4,8,9,,5,0,,1,1,1,25,2,2,2,5,0,0,0,0,true,,false,false,true,false,false,,,,,,false,false,false,,,false,false,false,false,false,-82.9639,42.44271,"{
  ""coordinates"": [
    -8.296390105700000e+01,
    4.244271202500000e+01
  ],
  ""type"": ""Point""
}","{
  ""coordinates"": [
    -82.963901057,
    42.442712025
  ],
  ""type"": ""Point""
}",-82.963901057,42.442712025
6959,9798172,MCGRAW,LONYO,2016-09-14,14,9,2016,11,4,8,9,,4,0,,1,2,1,25,4,2,2,5,0,0,0,0,true,,false,false,false,false,false,,,,,,false,false,true,,,false,false,false,false,false,-83.14639,42.33323,"{
  ""coordinates"": [
    -8.314638322899999e+01,
    4.233322520100010e+01
  ],
  ""type"": ""Point""
}","{
  ""coordinates"": [
    -83.146383229,
    42.333225201
  ],
  ""type"": ""Point""
}",-83.146383229,42.3332252010001
6960,9811474,E I 94,HARPER,2016-09-14,14,9,2016,9,4,5,1,,1,0,,2,4,1,55,3,3,3,5,0,0,0,0,true,,false,false,false,false,false,,,,,,false,false,false,,,false,false,false,false,false,-82.94749,42.40962,"{
  ""coordinates"": [
    -8.294749320600000e+01,
    4.240962355700000e+01
  ],
  ""type"": ""Point""
}","{
  ""coordinates"": [
    -82.947493206,
    42.409623557
  ],
  ""type"": ""Point""
}",-82.947493206,42.409623557
6961,9796818,EVERGREEN,TIREMAN,2016-09-14,14,9,2016,19,4,4,9,,4,0,,1,1,1,30,4,2,4,3,0,0,1,0,false,,false,false,true,false,false,,,,,,false,false,true,,,false,false,false,false,false,-83.23564,42.35033,"{
  ""coordinates"": [
    -8.323564362199990e+01,
    4.235033175700000e+01
  ],
  ""type"": ""Point""
}","{
  ""coordinates"": [
    -83.235643622,
    42.350331757
  ],
  ""type"": ""Point""
}",-83.2356436219999,42.350331757
6962,9796786,BRYDEN,DOVER,2016-09-14,14,9,2016,14,4,4,9,,,0,,1,2,1,25,1,2,0,4,0,0,0,1,false,,true,false,true,false,false,,,,,,false,false,false,,,false,false,false,false,false,-83.14509,42.36073,"{
  ""coordinates"": [
    -8.314509169800000e+01,
    4.236072800700000e+01
  ],
  ""type"": ""Point""
}","{
  ""coordinates"": [
    -83.145091698,
    42.360728007
  ],
  ""type"": ""Point""
}",-83.145091698,42.360728007
6963,9825979,OUTER,ASBURY,2016-09-14,14,9,2016,7,4,1,9,,2,0,,2,2,1,35,2,2,3,5,0,0,0,0,true,,false,false,false,false,false,,,,,,false,false,false,,,false,false,false,true,false,-83.20923,42.41927,"{
  ""coordinates"": [
    -8.320922873200000e+01,
    4.241926386800000e+01
  ],
  ""type"": ""Point""
}","{
  ""coordinates"": [
    -83.209228732,
    42.419263868
  ],
  ""type"": ""Point""
}",-83.209228732,42.419263868
6964,9800586,SCHAEFER,FORT,2016-09-14,14,9,2016,16,4,8,7,,1,0,,1,1,1,35,3,2,3,5,0,0,0,0,true,,false,false,false,false,false,,,,,,false,false,false,,,false,false,false,false,false,-83.15522,42.27621,"{
  ""coordinates"": [
    -8.315522018300000e+01,
    4.227621273800000e+01
  ],
  ""type"": ""Point""
}","{
  ""coordinates"": [
    -83.155220183,
    42.276212738
  ],
  ""type"": ""Point""
}",-83.155220183,42.276212738
6965,9824483,M-10,FOREST,2016-09-14,14,9,2016,16,4,8,3,,1,0,,1,2,1,55,3,2,2,5,0,0,0,0,true,,false,false,false,false,false,,,,,,false,false,true,,,false,false,false,false,false,-83.07426,42.35487,"{
  ""coordinates"": [
    -8.307425344599990e+01,
    4.235486876600000e+01
  ],
  ""type"": ""Point""
}","{
  ""coordinates"": [
    -83.074253446,
    42.354868766
  ],
  ""type"": ""Point""
}",-83.0742534459999,42.354868766
6966,9800623,WARREN,JOHN R,2016-09-14,14,9,2016,17,4,97,9,,4,0,,1,1,1,45,4,3,3,4,0,0,0,1,false,,false,false,false,false,false,,,,,,false,false,true,,,false,false,false,false,false,-83.06219,42.35775,"{
  ""coordinates"": [
    -8.306219575999999e+01,
    4.235774427200000e+01
  ],
  ""type"": ""Point""
}","{
  ""coordinates"": [
    -83.06219576,
    42.357744272
  ],
  ""type"": ""Point""
}",-83.06219576,42.357744272
6967,9808835,8 MILE,SOUTHFIELD SERVICE DRIVE,2016-09-14,14,9,2016,9,4,8,3,,1,0,,1,1,1,40,4,2,5,5,0,0,0,0,true,,false,false,false,false,false,,,,,,false,false,false,,,false,false,false,false,false,-83.22018,42.44416,"{
  ""coordinates"": [
    -8.322017913099999e+01,
    4.244416432500000e+01
  ],
  ""type"": ""Point""
}","{
  ""coordinates"": [
    -83.220179131,
    42.444164325
  ],
  ""type"": ""Point""
}",-83.220179131,42.444164325
6968,9858010,WHITLOCK,METTETAL,2016-09-14,14,9,2016,2,4,4,9,,,0,,1,1,4,25,2,2,2,5,0,0,0,0,true,,false,false,false,false,false,,,,,,false,false,true,,,false,false,false,false,false,-83.20472,42.33993,"{
  ""coordinates"": [
    -8.320471592199991e+01,
    4.233993137100000e+01
  ],
  ""type"": ""Point""
}","{
  ""coordinates"": [
    -83.204715922,
    42.339931371
  ],
  ""type"": ""Point""
}",-83.2047159219999,42.339931371
6969,9796085,WOODWARD,WESTMINSTER,2016-09-14,14,9,2016,3,4,1,3,,1,1,,1,1,4,35,6,1,1,3,0,0,1,0,false,,false,false,false,false,false,,,,,,false,false,false,,,false,false,false,false,false,-83.08344,42.38534,"{
  ""coordinates"": [
    -8.308343144199991e+01,
    4.238534156300010e+01
  ],
  ""type"": ""Point""
}","{
  ""coordinates"": [
    -83.083431442,
    42.385341563
  ],
  ""type"": ""Point""
}",-83.0834314419999,42.3853415630001
6970,9796853,HUBBELL,CLARITA,2016-09-14,14,9,2016,15,4,5,9,,4,0,,1,1,1,30,2,2,1,5,0,0,0,0,true,,false,false,true,false,false,,,,,,false,false,false,,,false,false,false,false,false,-83.18987,42.42887,"{
  ""coordinates"": [
    -8.318986681000000e+01,
    4.242887392100000e+01
  ],
  ""type"": ""Point""
}","{
  ""coordinates"": [
    -83.18986681,
    42.428873921
  ],
  ""type"": ""Point""
}",-83.18986681,42.428873921
6971,9796793,TRUMBULL,WILLIS,2016-09-14,14,9,2016,18,4,4,9,,4,0,,1,1,1,35,2,2,1,5,0,0,0,0,true,,false,false,true,false,false,,,,,,false,false,true,,,false,false,false,false,false,-83.07555,42.34658,"{
  ""coordinates"": [
    -8.307555318000000e+01,
    4.234658037900000e+01
  ],
  ""type"": ""Point""
}","{
  ""coordinates"": [
    -83.07555318,
    42.346580379
  ],
  ""type"": ""Point""
}",-83.07555318,42.346580379
6972,9796819,MITCHELL,EMERY,2016-09-14,14,9,2016,8,4,4,9,,,0,,2,2,1,25,2,2,2,5,0,0,0,0,true,,false,false,false,false,false,,,,,,false,false,false,,,false,false,false,false,false,-83.07235,42.43555,"{
  ""coordinates"": [
    -8.307235003700001e+01,
    4.243554852300010e+01
  ],
  ""type"": ""Point""
}","{
  ""coordinates"": [
    -83.072350037,
    42.435548523
  ],
  ""type"": ""Point""
}",-83.072350037,42.4355485230001
6973,9796827,GRATIOT,PARK GROVE,2016-09-14,14,9,2016,10,4,4,3,,1,0,,1,1,1,35,7,2,4,5,0,0,0,0,true,,false,false,false,false,false,,,,,,false,false,false,,,false,false,false,false,false,-82.98113,42.42984,"{
  ""coordinates"": [
    -8.298113589300000e+01,
    4.242984520800010e+01
  ],
  ""type"": ""Point""
}","{
  ""coordinates"": [
    -82.981135893,
    42.429845208
  ],
  ""type"": ""Point""
}",-82.981135893,42.4298452080001
6974,9796839,GRAND RIVER,VICKSBURG,2016-09-14,14,9,2016,17,4,4,3,,1,0,,1,1,1,35,6,2,4,5,0,0,0,0,true,,false,false,false,false,false,,,,,,false,false,false,,,false,false,false,false,false,-83.11816,42.36033,"{
  ""coordinates"": [
    -8.311815383600000e+01,
    4.236033335800000e+01
  ],
  ""type"": ""Point""
}","{
  ""coordinates"": [
    -83.118153836,
    42.360333358
  ],
  ""type"": ""Point""
}",-83.118153836,42.360333358
6975,9796830,OUTER,HARPER,2016-09-14,14,9,2016,10,4,4,9,,2,0,,1,1,1,35,3,2,4,3,0,0,2,2,false,,true,true,false,false,false,,,,,,false,false,true,,,false,false,false,false,false,-82.96052,42.40583,"{
  ""coordinates"": [
    -8.296052135600000e+01,
    4.240582716800000e+01
  ],
  ""type"": ""Point""
}","{
  ""coordinates"": [
    -82.960521356,
    42.405827168
  ],
  ""type"": ""Point""
}",-82.960521356,42.405827168
6976,9796838,DAVISON,EWALD,2016-09-14,14,9,2016,14,4,4,3,,1,0,,1,1,1,35,3,2,3,5,0,0,0,0,true,,true,true,false,false,false,,,,,,false,false,false,,,false,false,false,false,false,-83.14527,42.38625,"{
  ""coordinates"": [
    -8.314527241000000e+01,
    4.238625502000010e+01
  ],
  ""type"": ""Point""
}","{
  ""coordinates"": [
    -83.14527241,
    42.38625502
  ],
  ""type"": ""Point""
}",-83.14527241,42.3862550200001
6977,9800622,GRAND,STERLING,2016-09-14,14,9,2016,8,4,8,9,,4,0,,2,4,1,40,4,2,2,5,0,0,0,0,true,,false,false,true,false,false,,,,,,false,false,false,,,false,false,false,false,false,-83.08508,42.36574,"{
  ""coordinates"": [
    -8.308507542400000e+01,
    4.236574112200000e+01
  ],
  ""type"": ""Point""
}","{
  ""coordinates"": [
    -83.085075424,
    42.365741122
  ],
  ""type"": ""Point""
}",-83.085075424,42.365741122
6978,9796822,GRAND RIVER,WESTBROOK,2016-09-14,14,9,2016,15,4,97,3,,1,0,,1,1,1,35,4,3,3,5,0,0,0,0,true,,false,false,false,false,false,,,,,,false,false,false,,,false,false,false,false,false,-83.25097,42.41383,"{
  ""coordinates"": [
    -8.325096638199990e+01,
    4.241382864900000e+01
  ],
  ""type"": ""Point""
}","{
  ""coordinates"": [
    -83.250966382,
    42.413828649
  ],
  ""type"": ""Point""
}",-83.2509663819999,42.413828649
6979,9798144,WB I-94,LIVERNOIS,2016-09-14,14,9,2016,4,4,5,1,,1,0,,2,4,2,55,3,2,1,5,0,0,0,0,true,,false,false,true,false,false,,,,,,false,false,false,,,false,false,false,false,false,-83.12329,42.33809,"{
  ""coordinates"": [
    -8.312329296800000e+01,
    4.233809335100010e+01
  ],
  ""type"": ""Point""
}","{
  ""coordinates"": [
    -83.123292968,
    42.338093351
  ],
  ""type"": ""Point""
}",-83.123292968,42.3380933510001
6980,9808648,I-94,MOROSS,2016-09-14,14,9,2016,9,4,5,1,,1,0,,2,4,1,55,3,2,2,5,0,0,0,0,true,,false,false,false,false,false,,,,,,false,true,false,,,false,false,false,false,false,-82.92778,42.42588,"{
  ""coordinates"": [
    -8.292778273899999e+01,
    4.242588553600010e+01
  ],
  ""type"": ""Point""
}","{
  ""coordinates"": [
    -82.927782739,
    42.425885536
  ],
  ""type"": ""Point""
}",-82.927782739,42.4258855360001
6981,9797459,BRYDEN,DOVER,2016-09-14,14,9,2016,16,4,4,9,,,0,,1,1,1,0,2,2,2,4,0,0,0,1,false,,false,false,true,false,false,,,,,,false,false,false,,,false,false,false,false,false,-83.14508,42.36052,"{
  ""coordinates"": [
    -8.314508230800000e+01,
    4.236052464300010e+01
  ],
  ""type"": ""Point""
}","{
  ""coordinates"": [
    -83.145082308,
    42.360524643
  ],
  ""type"": ""Point""
}",-83.145082308,42.3605246430001
6982,9808645,M-10,MILWAUKEE,2016-09-14,14,9,2016,8,4,1,3,,1,1,,2,4,2,55,3,1,2,4,0,0,0,2,false,,false,false,false,false,false,,,,,,false,false,false,,,false,false,false,false,false,-83.08015,42.36503,"{
  ""coordinates"": [
    -8.308014712799999e+01,
    4.236503267300000e+01
  ],
  ""type"": ""Point""
}","{
  ""coordinates"": [
    -83.080147128,
    42.365032673
  ],
  ""type"": ""Point""
}",-83.080147128,42.365032673
6983,9796850,PEMBROKE,LODGE SERVICE,2016-09-14,14,9,2016,8,4,4,9,,4,0,,1,1,1,30,2,2,3,5,0,0,0,0,true,,false,false,false,false,false,,,,,,false,false,false,,,false,false,false,false,false,-83.19393,42.43783,"{
  ""coordinates"": [
    -8.319393262700000e+01,
    4.243783269300010e+01
  ],
  ""type"": ""Point""
}","{
  ""coordinates"": [
    -83.193932627,
    42.437832693
  ],
  ""type"": ""Point""
}",-83.193932627,42.4378326930001
6984,9796785,PEERLESS,MOROSS,2016-09-14,14,9,2016,9,4,8,9,,,0,,2,2,1,15,2,2,2,5,0,0,0,0,true,,false,false,false,false,false,,,,,,false,false,false,,,false,false,false,false,false,-82.93544,42.42737,"{
  ""coordinates"": [
    -8.293544334800001e+01,
    4.242737247800010e+01
  ],
  ""type"": ""Point""
}","{
  ""coordinates"": [
    -82.935443348,
    42.427372478
  ],
  ""type"": ""Point""
}",-82.935443348,42.4273724780001
6985,9808744,SCHAEFER,I 75/SCHAEFER RAMP,2016-09-14,14,9,2016,16,4,8,7,,1,0,,1,1,1,0,4,2,2,5,0,0,0,0,true,,false,false,false,false,false,,,,,,false,false,false,,,false,false,false,false,false,-83.15588,42.27679,"{
  ""coordinates"": [
    -8.315588087700000e+01,
    4.227678491100000e+01
  ],
  ""type"": ""Point""
}","{
  ""coordinates"": [
    -83.155880877,
    42.276784911
  ],
  ""type"": ""Point""
}",-83.155880877,42.276784911
6986,9806102,I-96,FULLERTON,2016-09-14,14,9,2016,19,4,1,1,,1,1,,1,2,3,70,4,1,1,2,0,1,0,0,false,,false,false,false,false,false,,,,,,false,false,true,,,false,false,true,false,false,-83.18836,42.38057,"{
  ""coordinates"": [
    -8.318836298199990e+01,
    4.238057346100000e+01
  ],
  ""type"": ""Point""
}","{
  ""coordinates"": [
    -83.188362982,
    42.380573461
  ],
  ""type"": ""Point""
}",-83.1883629819999,42.380573461
6987,9808794,MANSFIELD,GLENDALE,2016-09-14,14,9,2016,0,4,1,9,,,0,,98,98,98,25,3,1,0,5,0,0,0,0,true,,false,false,false,false,false,,,,,,false,false,false,,,false,false,false,false,false,-83.20393,42.38229,"{
  ""coordinates"": [
    -8.320393673300001e+01,
    4.238228743300000e+01
  ],
  ""type"": ""Point""
}","{
  ""coordinates"": [
    -83.203936733,
    42.382287433
  ],
  ""type"": ""Point""
}",-83.203936733,42.382287433
6988,9827165,DAVISON,DEXTER,2016-09-14,14,9,2016,7,4,1,3,,1,0,,1,1,2,35,7,2,1,2,0,1,0,0,false,,false,false,true,false,false,,,,,,true,false,false,,,false,false,false,false,false,-83.13091,42.38972,"{
  ""coordinates"": [
    -8.313091604700000e+01,
    4.238972147700010e+01
  ],
  ""type"": ""Point""
}","{
  ""coordinates"": [
    -83.130916047,
    42.389721477
  ],
  ""type"": ""Point""
}",-83.130916047,42.3897214770001
6989,9796794,WOODWARD,WARREN,2016-09-14,14,9,2016,16,4,5,3,,1,0,,1,2,1,30,3,2,4,4,0,0,0,1,false,,false,false,false,false,false,,,,,,false,false,false,,,false,false,false,false,false,-83.06438,42.35696,"{
  ""coordinates"": [
    -8.306437643600000e+01,
    4.235695588700000e+01
  ],
  ""type"": ""Point""
}","{
  ""coordinates"": [
    -83.064376436,
    42.356955887
  ],
  ""type"": ""Point""
}",-83.064376436,42.356955887
6990,9796825,SOUTHFIELD SERVICE DRIVE,8 MILE,2016-09-14,14,9,2016,9,4,8,3,,5,0,,1,1,1,30,2,2,3,5,0,0,0,0,true,,false,false,false,false,false,,,,,,false,false,false,,,false,false,false,false,false,-83.21927,42.44415,"{
  ""coordinates"": [
    -8.321926807999991e+01,
    4.244415437500000e+01
  ],
  ""type"": ""Point""
}","{
  ""coordinates"": [
    -83.21926808,
    42.444154375
  ],
  ""type"": ""Point""
}",-83.2192680799999,42.444154375
6991,9796854,OUTER,PICKFORD,2016-09-14,14,9,2016,16,4,1,9,,2,0,,1,1,1,35,4,1,1,5,0,0,0,0,true,,false,false,false,false,false,,,,,,false,false,false,,,false,false,false,false,false,-83.17522,42.42576,"{
  ""coordinates"": [
    -8.317521660300000e+01,
    4.242575953300010e+01
  ],
  ""type"": ""Point""
}","{
  ""coordinates"": [
    -83.175216603,
    42.425759533
  ],
  ""type"": ""Point""
}",-83.175216603,42.4257595330001
6992,9808644,I-94,BEAUBIEN,2016-09-14,14,9,2016,7,4,5,1,,1,0,,2,4,2,55,3,2,1,5,0,0,0,0,true,,false,false,true,false,false,,,,,,false,false,false,,,false,false,false,false,false,-83.06284,42.36641,"{
  ""coordinates"": [
    -8.306284501999990e+01,
    4.236641236200010e+01
  ],
  ""type"": ""Point""
}","{
  ""coordinates"": [
    -83.06284502,
    42.366412362
  ],
  ""type"": ""Point""
}",-83.0628450199999,42.3664123620001
6993,9808606,DAVISON,WOODWARD,2016-09-14,14,9,2016,8,4,97,9,,,0,,2,4,1,55,4,4,4,5,0,0,0,0,true,,false,false,false,false,false,,,,,,false,false,true,,,false,false,false,false,false,-83.20979,42.38459,"{
  ""coordinates"": [
    -8.320979476299991e+01,
    4.238459132200010e+01
  ],
  ""type"": ""Point""
}","{
  ""coordinates"": [
    -83.209794763,
    42.384591322
  ],
  ""type"": ""Point""
}",-83.2097947629999,42.3845913220001
6994,9806101,M39,PLYMOUTH,2016-09-14,14,9,2016,18,4,8,3,,1,0,,1,2,1,55,3,2,3,5,0,0,0,0,true,,false,false,false,false,false,,,,,,false,false,false,,,false,false,false,false,false,-83.21655,42.3717,"{
  ""coordinates"": [
    -8.321655396700000e+01,
    4.237170315700010e+01
  ],
  ""type"": ""Point""
}","{
  ""coordinates"": [
    -83.216553967,
    42.371703157
  ],
  ""type"": ""Point""
}",-83.216553967,42.3717031570001
6995,9796843,20095 MT ELLIOTT,OUTER,2016-09-14,14,9,2016,9,4,97,9,,4,0,,1,1,1,35,1,2,2,5,0,0,0,0,true,,false,false,false,false,false,,,,,,false,false,false,,,false,false,false,false,false,-83.0392,42.44122,"{
  ""coordinates"": [
    -8.303919951200000e+01,
    4.244121485800010e+01
  ],
  ""type"": ""Point""
}","{
  ""coordinates"": [
    -83.039199512,
    42.441214858
  ],
  ""type"": ""Point""
}",-83.039199512,42.4412148580001
6996,9824557,I-94,CONNER,2016-09-14,14,9,2016,5,4,8,1,,1,0,,2,4,4,55,3,2,2,3,0,0,2,0,false,,false,false,true,false,false,,,,,,false,false,false,,,false,false,false,false,false,-82.98776,42.39643,"{
  ""coordinates"": [
    -8.298776606900000e+01,
    4.239643124100010e+01
  ],
  ""type"": ""Point""
}","{
  ""coordinates"": [
    -82.987766069,
    42.396431241
  ],
  ""type"": ""Point""
}",-82.987766069,42.3964312410001
6997,9796824,MCNICHOLS,TRINITY,2016-09-14,14,9,2016,10,4,97,9,,2,0,,1,1,1,35,2,3,3,5,0,0,0,0,true,,false,false,false,false,false,,,,,,false,false,false,,,false,false,false,false,false,-83.24913,42.41472,"{
  ""coordinates"": [
    -8.324913095499990e+01,
    4.241472064900010e+01
  ],
  ""type"": ""Point""
}","{
  ""coordinates"": [
    -83.249130955,
    42.414720649
  ],
  ""type"": ""Point""
}",-83.2491309549999,42.4147206490001
6998,9824497,S M 10,LIVERNOIS,2016-09-14,14,9,2016,9,4,5,3,,1,0,,2,4,1,55,3,2,2,4,0,0,0,1,false,,false,false,false,false,false,,,,,,false,false,false,,,false,false,false,false,false,-83.14046,42.4048,"{
  ""coordinates"": [
    -8.314045661199999e+01,
    4.240480375500000e+01
  ],
  ""type"": ""Point""
}","{
  ""coordinates"": [
    -83.140456612,
    42.404803755
  ],
  ""type"": ""Point""
}",-83.140456612,42.404803755
6999,9796787,14TH,HUDSON,2016-09-14,14,9,2016,16,4,98,9,,4,0,,1,1,1,25,2,2,2,5,0,0,0,0,true,,false,false,false,false,false,,,,,,false,false,false,,,false,false,false,false,false,-83.08951,42.35425,"{
  ""coordinates"": [
    -8.308951118999990e+01,
    4.235425161200000e+01
  ],
  ""type"": ""Point""
}","{
  ""coordinates"": [
    -83.08951119,
    42.354251612
  ],
  ""type"": ""Point""
}",-83.0895111899999,42.354251612
7000,9824482,RAMP 008K,SOUTHFIELD SERVICE DRIVE,2016-09-14,14,9,2016,9,4,5,1,,1,0,,2,2,1,55,2,2,2,5,0,0,0,0,true,,false,false,false,false,false,,,,,,false,false,true,,,false,false,false,false,false,-83.21755,42.37777,"{
  ""coordinates"": [
    -8.321755070899999e+01,
    4.237776428100010e+01
  ],
  ""type"": ""Point""
}","{
  ""coordinates"": [
    -83.217550709,
    42.377764281
  ],
  ""type"": ""Point""
}",-83.217550709,42.3777642810001
7001,9796847,NEVADA,N I 75,2016-09-14,14,9,2016,17,4,98,9,,4,0,,1,1,1,25,2,2,1,5,0,0,0,0,true,,false,false,false,false,false,,,,,,false,false,false,,,false,false,false,false,false,-83.09322,42.42491,"{
  ""coordinates"": [
    -8.309321466300000e+01,
    4.242491229800000e+01
  ],
  ""type"": ""Point""
}","{
  ""coordinates"": [
    -83.093214663,
    42.424912298
  ],
  ""type"": ""Point""
}",-83.093214663,42.424912298
7002,9797464,7 MILE,RUSSELL,2016-09-14,14,9,2016,12,4,1,9,,4,0,,1,1,1,30,4,2,1,3,0,0,1,0,false,,false,false,true,false,false,,,,,,false,false,false,,,false,false,false,true,false,-83.09119,42.43261,"{
  ""coordinates"": [
    -8.309119316999990e+01,
    4.243260843600010e+01
  ],
  ""type"": ""Point""
}","{
  ""coordinates"": [
    -83.09119317,
    42.432608436
  ],
  ""type"": ""Point""
}",-83.0911931699999,42.4326084360001
7003,9838374,SCHAEFER,N SCHAEFER/S I 75,2016-09-14,14,9,2016,17,4,8,7,,1,0,,1,1,1,30,4,2,2,5,0,0,0,0,true,,false,false,false,false,false,,,,,,false,false,false,,,false,false,false,false,false,-83.15736,42.27808,"{
  ""coordinates"": [
    -8.315735825900001e+01,
    4.227807774300000e+01
  ],
  ""type"": ""Point""
}","{
  ""coordinates"": [
    -83.157358259,
    42.278077743
  ],
  ""type"": ""Point""
}",-83.157358259,42.278077743
7004,9800548,I 96,GREENFIELD,2016-09-14,14,9,2016,22,4,5,1,,1,0,,1,1,5,55,4,2,2,4,0,0,0,1,false,,false,false,true,false,false,,,,,,false,false,false,,,false,false,false,false,false,-83.20017,42.37906,"{
  ""coordinates"": [
    -8.320017484399990e+01,
    4.237905729600000e+01
  ],
  ""type"": ""Point""
}","{
  ""coordinates"": [
    -83.200174844,
    42.379057296
  ],
  ""type"": ""Point""
}",-83.2001748439999,42.379057296
7005,9808783,TELEGRAPH,7 MILE,2016-09-14,14,9,2016,17,4,5,2,,1,0,,1,1,1,30,3,2,2,5,0,0,0,0,true,,false,false,false,false,false,,,,,,false,false,false,,,false,false,false,false,false,-83.27755,42.42892,"{
  ""coordinates"": [
    -8.327755222800000e+01,
    4.242892303400000e+01
  ],
  ""type"": ""Point""
}","{
  ""coordinates"": [
    -83.277552228,
    42.428923034
  ],
  ""type"": ""Point""
}",-83.277552228,42.428923034
7006,9806080,M-10,8 MILE,2016-09-14,14,9,2016,11,4,97,3,,1,0,,1,2,1,55,3,2,3,4,0,0,0,1,false,,false,false,false,false,false,,,,,,false,false,false,,,false,false,false,false,false,-83.19984,42.44213,"{
  ""coordinates"": [
    -8.319984459699999e+01,
    4.244213627600000e+01
  ],
  ""type"": ""Point""
}","{
  ""coordinates"": [
    -83.199844597,
    42.442136276
  ],
  ""type"": ""Point""
}",-83.199844597,42.442136276
7007,9796783,LITTFIELD,ELMIRA,2016-09-14,14,9,2016,6,4,4,9,,,0,,1,1,1,15,1,2,3,4,0,0,0,1,false,,false,false,false,false,false,,,,,,false,false,true,,,false,false,false,false,false,-83.17547,42.37096,"{
  ""coordinates"": [
    -8.317546931699999e+01,
    4.237096123800010e+01
  ],
  ""type"": ""Point""
}","{
  ""coordinates"": [
    -83.175469317,
    42.370961238
  ],
  ""type"": ""Point""
}",-83.175469317,42.3709612380001
7008,9798140,I-94,WARREN,2016-09-14,14,9,2016,4,4,1,1,,1,1,,2,2,4,55,3,1,1,5,0,0,0,0,true,,false,false,false,false,false,,,,,,false,false,true,,,false,false,false,false,false,-83.11295,42.3451,"{
  ""coordinates"": [
    -8.311294885200000e+01,
    4.234509960500000e+01
  ],
  ""type"": ""Point""
}","{
  ""coordinates"": [
    -83.112948852,
    42.345099605
  ],
  ""type"": ""Point""
}",-83.112948852,42.345099605