ObjectId,Crash ID,Primary Road,Intersecting Road,Crash Date,Day,Month,Year,Hour,Weekday,Crash Type Code,Highway Classification Code,Community Code,Jurisdiction Code,Lane Departure Type Code,Surface Type,Road Condition,Weather Condition,Lighting Condition,Speed Limit,Lanes,Units,Occupants,Most Severe Injury,Fatal Injuries,Suspected Serious Injuries,Suspected Minor Injuries,Possible Injuries,Property Damage Only,Secondary Crash,Traffic Control,Red Light Run,Hit and Run,Alcohol,Drugs,Unbelted Person,Work Zone,Speeding Driver,Distracted Driver,Driveway,Pedestrian,Elderly Driver,Young Driver,Commercial Vehicle,Emergency Vehicles,Train,School Bus,Motorcycle,Bicycle,Deer,Longitude,Latitude,geom,geog,x,y
7009,9799769,HAMBURG,BRINGARD,2016-09-14,14,9,2016,7,4,4,9,,,0,,2,4,1,25,4,2,3,4,0,0,0,1,false,,false,false,false,false,false,,,,,,false,false,false,,,false,false,false,false,false,-82.99772,42.44547,"{
  ""coordinates"": [
    -8.299771708999999e+01,
    4.244547054000000e+01
  ],
  ""type"": ""Point""
}","{
  ""coordinates"": [
    -82.99771709,
    42.44547054
  ],
  ""type"": ""Point""
}",-82.99771709,42.44547054
7010,9796713,N M 10 SERVICE DRIVE,WARREN,2016-09-14,14,9,2016,14,4,8,9,,4,0,,1,1,1,70,3,2,1,5,0,0,0,0,true,,false,false,true,false,false,,,,,,false,false,false,,,false,false,false,false,false,-83.07363,42.35498,"{
  ""coordinates"": [
    -8.307363405500000e+01,
    4.235498342200000e+01
  ],
  ""type"": ""Point""
}","{
  ""coordinates"": [
    -83.073634055,
    42.354983422
  ],
  ""type"": ""Point""
}",-83.073634055,42.354983422
7011,9808604,I-94,CADIEUX,2016-09-14,14,9,2016,10,4,97,1,,1,0,,1,2,1,55,3,2,3,4,0,0,0,1,false,,false,false,false,false,false,,,,,,false,false,true,,,false,false,false,false,false,-82.93871,42.4164,"{
  ""coordinates"": [
    -8.293870708700000e+01,
    4.241639970900010e+01
  ],
  ""type"": ""Point""
}","{
  ""coordinates"": [
    -82.938707087,
    42.416399709
  ],
  ""type"": ""Point""
}",-82.938707087,42.4163997090001
7012,9808646,I-75,CLAY,2016-09-14,14,9,2016,9,4,5,1,,1,0,,1,2,1,70,4,2,2,5,0,0,0,0,true,,false,false,false,false,false,,,,,,false,false,false,,,false,false,false,false,false,-83.06635,42.38347,"{
  ""coordinates"": [
    -8.306634267399990e+01,
    4.238347131200000e+01
  ],
  ""type"": ""Point""
}","{
  ""coordinates"": [
    -83.066342674,
    42.383471312
  ],
  ""type"": ""Point""
}",-83.0663426739999,42.383471312
7013,9797462,DAVISON,OAKMAN,2016-09-14,14,9,2016,14,4,4,3,,1,0,,1,1,1,35,3,2,4,5,0,0,0,0,true,,true,true,false,false,false,,,,,,false,false,false,,,false,false,false,false,false,-83.14422,42.38628,"{
  ""coordinates"": [
    -8.314421919300000e+01,
    4.238627899900010e+01
  ],
  ""type"": ""Point""
}","{
  ""coordinates"": [
    -83.144219193,
    42.386278999
  ],
  ""type"": ""Point""
}",-83.144219193,42.3862789990001
7014,9796773,MORANG,WAYBURN,2016-09-14,14,9,2016,23,4,1,9,,4,1,,1,2,5,25,1,1,2,5,0,0,0,0,true,,false,false,false,false,false,,,,,,false,false,false,,,false,false,false,false,false,-82.94994,42.4261,"{
  ""coordinates"": [
    -8.294994630399999e+01,
    4.242610333700000e+01
  ],
  ""type"": ""Point""
}","{
  ""coordinates"": [
    -82.949946304,
    42.426103337
  ],
  ""type"": ""Point""
}",-82.949946304,42.426103337
7015,9796813,GLENDALE,MEMORIAL,2016-09-14,14,9,2016,9,4,9,9,,,0,,2,4,1,25,2,2,0,5,0,0,0,0,true,,false,false,true,false,false,,,,,,false,false,false,,,false,false,false,false,false,-83.21236,42.38213,"{
  ""coordinates"": [
    -8.321236685699991e+01,
    4.238212668000010e+01
  ],
  ""type"": ""Point""
}","{
  ""coordinates"": [
    -83.212366857,
    42.38212668
  ],
  ""type"": ""Point""
}",-83.2123668569999,42.3821266800001
7016,9799770,CADIEUX,FRANKFORT,2016-09-14,14,9,2016,17,4,4,9,,4,0,,1,1,1,30,5,2,1,5,0,0,0,0,true,,false,false,true,false,false,,,,,,false,false,false,,,false,false,false,false,false,-82.93092,42.40776,"{
  ""coordinates"": [
    -8.293091520000000e+01,
    4.240776063000000e+01
  ],
  ""type"": ""Point""
}","{
  ""coordinates"": [
    -82.9309152,
    42.40776063
  ],
  ""type"": ""Point""
}",-82.9309152,42.40776063
7017,9796796,JOY,N M 39,2016-09-14,14,9,2016,7,4,5,9,,2,0,,2,4,1,35,2,2,2,5,0,0,0,0,true,,false,false,false,false,false,,,,,,false,false,true,,,false,false,false,false,false,-83.21623,42.35785,"{
  ""coordinates"": [
    -8.321623537799999e+01,
    4.235785052300000e+01
  ],
  ""type"": ""Point""
}","{
  ""coordinates"": [
    -83.216235378,
    42.357850523
  ],
  ""type"": ""Point""
}",-83.216235378,42.357850523
7018,9808689,I 75,MEADE,2016-09-14,14,9,2016,20,4,97,1,,1,0,,1,1,5,70,4,2,3,4,0,0,0,2,false,,false,false,false,false,false,,,,,,false,false,true,,,false,false,false,false,false,-83.07394,42.40524,"{
  ""coordinates"": [
    -8.307394383300000e+01,
    4.240523379100010e+01
  ],
  ""type"": ""Point""
}","{
  ""coordinates"": [
    -83.073943833,
    42.405233791
  ],
  ""type"": ""Point""
}",-83.073943833,42.4052337910001
7019,9824498,I-94,BRUSH,2016-09-14,14,9,2016,10,4,5,1,,1,0,,1,2,1,55,3,2,6,5,0,0,0,0,true,,false,false,false,false,false,,,,,,false,true,false,,,false,false,false,false,false,-83.0651,42.36536,"{
  ""coordinates"": [
    -8.306510119200000e+01,
    4.236536306800010e+01
  ],
  ""type"": ""Point""
}","{
  ""coordinates"": [
    -83.065101192,
    42.365363068
  ],
  ""type"": ""Point""
}",-83.065101192,42.3653630680001
7020,9796829,WARREN,CADIEUX,2016-09-14,14,9,2016,20,4,5,9,,4,0,,1,1,4,0,2,2,1,5,0,0,0,0,true,,false,false,true,false,false,,,,,,false,false,false,,,false,false,false,false,false,-82.93007,42.40598,"{
  ""coordinates"": [
    -8.293006613900000e+01,
    4.240598310900000e+01
  ],
  ""type"": ""Point""
}","{
  ""coordinates"": [
    -82.930066139,
    42.405983109
  ],
  ""type"": ""Point""
}",-82.930066139,42.405983109
7021,9796849,8 MILE,N I 75 SERVICE DRIVE,2016-09-14,14,9,2016,16,4,5,3,,1,0,,1,1,1,30,6,2,1,5,0,0,0,0,true,,false,false,true,false,false,,,,,,false,false,false,,,false,false,false,false,false,-83.09435,42.44681,"{
  ""coordinates"": [
    -8.309434423899999e+01,
    4.244681195800010e+01
  ],
  ""type"": ""Point""
}","{
  ""coordinates"": [
    -83.094344239,
    42.446811958
  ],
  ""type"": ""Point""
}",-83.094344239,42.4468119580001
7022,9798139,AMBASSADOR,FORT,2016-09-13,13,9,2016,18,3,8,9,,7,0,,1,1,1,40,2,2,1,5,0,0,0,0,true,,false,false,true,false,false,,,,,,false,false,false,,,false,false,false,false,false,-83.07773,42.31736,"{
  ""coordinates"": [
    -8.307773177699990e+01,
    4.231736454300010e+01
  ],
  ""type"": ""Point""
}","{
  ""coordinates"": [
    -83.077731777,
    42.317364543
  ],
  ""type"": ""Point""
}",-83.0777317769999,42.3173645430001
7023,9796128,OUTER,LESURE,2016-09-13,13,9,2016,7,3,5,9,,2,0,,1,1,1,35,2,2,3,5,0,0,0,0,true,,false,false,false,false,false,,,,,,false,false,false,,,false,false,false,false,false,-83.18234,42.42006,"{
  ""coordinates"": [
    -8.318233986500000e+01,
    4.242006127700010e+01
  ],
  ""type"": ""Point""
}","{
  ""coordinates"": [
    -83.182339865,
    42.420061277
  ],
  ""type"": ""Point""
}",-83.182339865,42.4200612770001
7024,9795117,CADILLAC,CANFIELD,2016-09-13,13,9,2016,2,3,5,9,,4,0,,1,2,4,30,2,2,0,5,0,0,0,0,true,,false,false,true,false,false,,,,,,false,false,false,,,false,false,false,false,false,-82.9942,42.37849,"{
  ""coordinates"": [
    -8.299420041499999e+01,
    4.237848825800010e+01
  ],
  ""type"": ""Point""
}","{
  ""coordinates"": [
    -82.994200415,
    42.378488258
  ],
  ""type"": ""Point""
}",-82.994200415,42.3784882580001
7025,9808600,I-75,WARREN,2016-09-13,13,9,2016,12,3,8,1,,1,0,,1,1,1,55,3,2,2,4,0,0,0,2,false,,false,false,false,false,false,,,,,,false,false,false,,,false,false,false,false,false,-83.05361,42.35944,"{
  ""coordinates"": [
    -8.305361529299999e+01,
    4.235943712700000e+01
  ],
  ""type"": ""Point""
}","{
  ""coordinates"": [
    -83.053615293,
    42.359437127
  ],
  ""type"": ""Point""
}",-83.053615293,42.359437127
7026,9796079,I-96,WYOMING,2016-09-13,13,9,2016,22,3,5,1,,1,0,,1,2,4,55,2,2,1,5,0,0,0,0,true,,false,false,true,false,false,,,,,,false,false,false,,,false,false,false,false,false,-83.16081,42.38525,"{
  ""coordinates"": [
    -8.316081308400000e+01,
    4.238525437200010e+01
  ],
  ""type"": ""Point""
}","{
  ""coordinates"": [
    -83.160813084,
    42.385254372
  ],
  ""type"": ""Point""
}",-83.160813084,42.3852543720001
7027,9796124,PEMBROKE,PRAIRIE,2016-09-13,13,9,2016,8,3,5,9,,,0,,1,1,1,25,2,2,3,5,0,0,0,0,true,,false,false,false,false,false,,,,,,false,true,false,,,false,false,false,false,false,-83.146,42.43876,"{
  ""coordinates"": [
    -8.314600477899999e+01,
    4.243876131200010e+01
  ],
  ""type"": ""Point""
}","{
  ""coordinates"": [
    -83.146004779,
    42.438761312
  ],
  ""type"": ""Point""
}",-83.146004779,42.4387613120001
7028,9796841,MOUND,CHARLES,2016-09-13,13,9,2016,20,3,5,9,,2,3,,1,1,4,30,2,2,1,5,0,0,0,0,true,,false,false,false,false,false,,,,,,false,false,false,,,false,false,false,false,false,-83.04238,42.41327,"{
  ""coordinates"": [
    -8.304238038900000e+01,
    4.241326477200000e+01
  ],
  ""type"": ""Point""
}","{
  ""coordinates"": [
    -83.042380389,
    42.413264772
  ],
  ""type"": ""Point""
}",-83.042380389,42.413264772
7029,9796803,GREENFIELD,8 MILE,2016-09-13,13,9,2016,17,3,97,7,,,0,,1,1,3,30,3,2,1,5,0,0,0,0,true,,false,false,true,false,false,,,,,,false,false,false,,,false,false,false,false,false,-83.20051,42.44479,"{
  ""coordinates"": [
    -8.320051184600000e+01,
    4.244478560700000e+01
  ],
  ""type"": ""Point""
}","{
  ""coordinates"": [
    -83.200511846,
    42.444785607
  ],
  ""type"": ""Point""
}",-83.200511846,42.444785607
7030,9796099,GRAND RIVER,CASS,2016-09-13,13,9,2016,11,3,8,3,,1,0,,1,1,1,30,2,2,3,5,0,0,0,0,true,,false,false,false,false,false,,,,,,false,false,false,,,false,false,false,false,false,-83.05448,42.33458,"{
  ""coordinates"": [
    -8.305448528100000e+01,
    4.233458108500000e+01
  ],
  ""type"": ""Point""
}","{
  ""coordinates"": [
    -83.054485281,
    42.334581085
  ],
  ""type"": ""Point""
}",-83.054485281,42.334581085
7031,9812482,I 94,M 10,2016-09-13,13,9,2016,16,3,5,1,,1,0,,1,1,1,55,3,4,5,5,0,0,0,0,true,,false,false,false,false,false,,,,,,false,false,false,,,false,false,false,false,false,-83.08447,42.35485,"{
  ""coordinates"": [
    -8.308446376400001e+01,
    4.235485499200010e+01
  ],
  ""type"": ""Point""
}","{
  ""coordinates"": [
    -83.084463764,
    42.354854992
  ],
  ""type"": ""Point""
}",-83.084463764,42.3548549920001
7032,9796117,GREINER,ALBION,2016-09-13,13,9,2016,9,3,4,9,,4,0,,1,1,1,25,4,2,3,3,0,0,2,0,false,,true,false,false,false,false,,,,,,false,false,false,,,false,false,false,false,false,-83.00554,42.4272,"{
  ""coordinates"": [
    -8.300553617400000e+01,
    4.242719657800010e+01
  ],
  ""type"": ""Point""
}","{
  ""coordinates"": [
    -83.005536174,
    42.427196578
  ],
  ""type"": ""Point""
}",-83.005536174,42.4271965780001
7033,9812479,I 75,8 MILE,2016-09-13,13,9,2016,8,3,5,1,,1,0,,1,1,1,55,3,2,2,5,0,0,0,0,true,,false,false,false,false,false,,,,,,false,false,true,,,false,false,false,false,false,-83.09518,42.43939,"{
  ""coordinates"": [
    -8.309518414500000e+01,
    4.243938988600010e+01
  ],
  ""type"": ""Point""
}","{
  ""coordinates"": [
    -83.095184145,
    42.439389886
  ],
  ""type"": ""Point""
}",-83.095184145,42.4393898860001
7034,9796129,8 MILE,MEYERS,2016-09-13,13,9,2016,17,3,4,3,,1,0,,1,1,1,30,4,2,1,3,0,0,1,0,false,,false,false,true,false,false,,,,,,false,false,true,,,false,false,false,false,false,-83.17129,42.4454,"{
  ""coordinates"": [
    -8.317128536900000e+01,
    4.244539667500000e+01
  ],
  ""type"": ""Point""
}","{
  ""coordinates"": [
    -83.171285369,
    42.445396675
  ],
  ""type"": ""Point""
}",-83.171285369,42.445396675
7035,9796094,LAFAYETTE,ROSA PARKS,2016-09-13,13,9,2016,4,3,1,9,,4,0,,1,1,4,25,1,1,1,5,0,0,0,0,true,,false,false,false,false,false,,,,,,false,false,false,,,false,false,false,false,false,-83.06734,42.3233,"{
  ""coordinates"": [
    -8.306733943099989e+01,
    4.232330500200000e+01
  ],
  ""type"": ""Point""
}","{
  ""coordinates"": [
    -83.067339431,
    42.323305002
  ],
  ""type"": ""Point""
}",-83.0673394309999,42.323305002
7036,9799742,I-94,CONNER,2016-09-13,13,9,2016,14,3,97,1,,1,0,,1,1,1,55,3,2,1,5,0,0,0,0,true,,false,false,false,false,false,,,,,,false,false,false,,,false,false,false,false,false,-82.97919,42.39997,"{
  ""coordinates"": [
    -8.297919355399991e+01,
    4.239997532600010e+01
  ],
  ""type"": ""Point""
}","{
  ""coordinates"": [
    -82.979193554,
    42.399975326
  ],
  ""type"": ""Point""
}",-82.9791935539999,42.3999753260001
7037,9796833,HAYES,FORDHAM,2016-09-13,13,9,2016,20,3,1,9,,4,0,,1,1,5,30,4,2,2,2,0,1,0,0,false,,false,false,false,false,false,,,,,,true,false,false,,,false,false,false,false,false,-82.96545,42.43454,"{
  ""coordinates"": [
    -8.296544979200000e+01,
    4.243453881600000e+01
  ],
  ""type"": ""Point""
}","{
  ""coordinates"": [
    -82.965449792,
    42.434538816
  ],
  ""type"": ""Point""
}",-82.965449792,42.434538816
7038,9796087,RANDOLPH,JEFFERSON,2016-09-13,13,9,2016,9,3,8,3,,1,0,,1,1,1,25,2,2,2,5,0,0,0,0,true,,false,false,true,false,false,,,,,,false,true,false,,,false,false,false,false,false,-83.04197,42.32993,"{
  ""coordinates"": [
    -8.304197301999990e+01,
    4.232992565700000e+01
  ],
  ""type"": ""Point""
}","{
  ""coordinates"": [
    -83.04197302,
    42.329925657
  ],
  ""type"": ""Point""
}",-83.0419730199999,42.329925657
7039,9796086,CASS,BALTIMORE,2016-09-13,13,9,2016,15,3,4,9,,4,0,,1,1,1,30,3,2,2,4,0,0,0,1,false,,false,false,true,false,false,,,,,,false,false,false,,,false,false,false,false,false,-83.07356,42.36784,"{
  ""coordinates"": [
    -8.307356449600000e+01,
    4.236784153800010e+01
  ],
  ""type"": ""Point""
}","{
  ""coordinates"": [
    -83.073564496,
    42.367841538
  ],
  ""type"": ""Point""
}",-83.073564496,42.3678415380001
7040,9796812,ASHTON,PEMBROKE,2016-09-13,13,9,2016,8,3,5,9,,,0,,1,1,1,35,2,3,2,5,0,0,0,0,true,,false,false,true,false,false,,,,,,false,false,false,,,false,false,false,false,false,-83.22102,42.43723,"{
  ""coordinates"": [
    -8.322101975699999e+01,
    4.243723227700010e+01
  ],
  ""type"": ""Point""
}","{
  ""coordinates"": [
    -83.221019757,
    42.437232277
  ],
  ""type"": ""Point""
}",-83.221019757,42.4372322770001
7041,9798166,SAINT AUBIN,LARNED,2016-09-13,13,9,2016,22,3,4,9,,4,0,,1,2,4,0,3,2,2,4,0,0,0,1,false,,false,false,false,false,false,,,,,,false,false,false,,,false,false,false,false,false,-83.02859,42.33699,"{
  ""coordinates"": [
    -8.302859053100001e+01,
    4.233698524500010e+01
  ],
  ""type"": ""Point""
}","{
  ""coordinates"": [
    -83.028590531,
    42.336985245
  ],
  ""type"": ""Point""
}",-83.028590531,42.3369852450001
7042,9797465,RYAN,OUTER,2016-09-13,13,9,2016,16,3,4,9,,4,0,,1,1,1,30,2,2,1,5,0,0,0,0,true,,true,true,true,false,false,,,,,,false,false,false,,,false,false,false,false,false,-83.06355,42.44034,"{
  ""coordinates"": [
    -8.306354654899999e+01,
    4.244034122100000e+01
  ],
  ""type"": ""Point""
}","{
  ""coordinates"": [
    -83.063546549,
    42.440341221
  ],
  ""type"": ""Point""
}",-83.063546549,42.440341221
7043,9808601,N I 75,RAMP 035J,2016-09-13,13,9,2016,15,3,8,1,,1,0,,1,1,1,55,4,2,2,5,0,0,0,0,true,,false,false,false,false,false,,,,,,false,false,false,,,false,false,false,false,false,-83.08189,42.32065,"{
  ""coordinates"": [
    -8.308189534099991e+01,
    4.232064808100010e+01
  ],
  ""type"": ""Point""
}","{
  ""coordinates"": [
    -83.081895341,
    42.320648081
  ],
  ""type"": ""Point""
}",-83.0818953409999,42.3206480810001
7044,9812465,M-39,FITZPATRICK,2016-09-13,13,9,2016,14,3,5,3,,1,0,,1,1,1,55,3,2,2,5,0,0,0,0,true,,false,false,false,false,false,,,,,,false,false,false,,,false,false,false,false,false,-83.21635,42.36335,"{
  ""coordinates"": [
    -8.321635093299990e+01,
    4.236335266600000e+01
  ],
  ""type"": ""Point""
}","{
  ""coordinates"": [
    -83.216350933,
    42.363352666
  ],
  ""type"": ""Point""
}",-83.2163509329999,42.363352666
7045,9797457,FAUST,DAVISON,2016-09-13,13,9,2016,23,3,98,9,,,0,,1,1,5,0,2,2,0,5,0,0,0,0,true,,false,false,true,false,false,,,,,,false,false,false,,,false,false,false,false,false,-83.22218,42.38427,"{
  ""coordinates"": [
    -8.322218289100000e+01,
    4.238427356000010e+01
  ],
  ""type"": ""Point""
}","{
  ""coordinates"": [
    -83.222182891,
    42.38427356
  ],
  ""type"": ""Point""
}",-83.222182891,42.3842735600001
7046,9796127,8 MILE,HUBBLE,2016-09-13,13,9,2016,3,3,5,3,,1,0,,1,1,1,0,4,2,4,4,0,0,0,1,false,,false,false,false,false,false,,,,,,false,true,false,,,false,false,false,false,false,-83.19072,42.445,"{
  ""coordinates"": [
    -8.319071819500000e+01,
    4.244499751600010e+01
  ],
  ""type"": ""Point""
}","{
  ""coordinates"": [
    -83.190718195,
    42.444997516
  ],
  ""type"": ""Point""
}",-83.190718195,42.4449975160001
7047,9798150,E I 96,MICHIGAN,2016-09-13,13,9,2016,8,3,5,1,,1,0,,1,1,1,0,4,2,1,5,0,0,0,0,true,,false,false,true,false,false,,,,,,false,false,true,,,false,false,false,false,false,-83.0872,42.33108,"{
  ""coordinates"": [
    -8.308720514500000e+01,
    4.233107679100000e+01
  ],
  ""type"": ""Point""
}","{
  ""coordinates"": [
    -83.087205145,
    42.331076791
  ],
  ""type"": ""Point""
}",-83.087205145,42.331076791
7048,9796125,FREELAND,MCNICHOLS,2016-09-13,13,9,2016,20,3,5,9,,,0,,1,1,4,25,2,2,0,5,0,0,0,0,true,,false,false,true,false,false,,,,,,false,false,false,,,false,false,false,false,false,-83.18612,42.41647,"{
  ""coordinates"": [
    -8.318612288900000e+01,
    4.241647040000000e+01
  ],
  ""type"": ""Point""
}","{
  ""coordinates"": [
    -83.186122889,
    42.4164704
  ],
  ""type"": ""Point""
}",-83.186122889,42.4164704
7049,9812489,M-39,FITZPATRICK,2016-09-13,13,9,2016,14,3,5,3,,1,0,,1,1,1,55,3,2,6,5,0,0,0,0,true,,false,false,false,false,false,,,,,,false,false,true,,,false,false,false,false,false,-83.21653,42.36273,"{
  ""coordinates"": [
    -8.321652695200000e+01,
    4.236272956100000e+01
  ],
  ""type"": ""Point""
}","{
  ""coordinates"": [
    -83.216526952,
    42.362729561
  ],
  ""type"": ""Point""
}",-83.216526952,42.362729561
7050,9812488,RAMP 033B,I-75,2016-09-13,13,9,2016,7,3,5,1,,1,0,,1,2,2,55,1,2,2,4,0,0,0,2,false,,false,false,false,false,false,,,,,,false,false,false,,,false,false,false,false,false,-83.08886,42.31409,"{
  ""coordinates"": [
    -8.308886018000000e+01,
    4.231409327900010e+01
  ],
  ""type"": ""Point""
}","{
  ""coordinates"": [
    -83.08886018,
    42.314093279
  ],
  ""type"": ""Point""
}",-83.08886018,42.3140932790001
7051,9796103,S M 39 SERVICE DRIVE,JOY,2016-09-13,13,9,2016,7,3,5,9,,4,0,,1,1,1,55,3,2,1,5,0,0,0,0,true,,false,false,true,false,false,,,,,,false,false,false,,,false,false,false,false,false,-83.21691,42.3581,"{
  ""coordinates"": [
    -8.321691113400000e+01,
    4.235810496900010e+01
  ],
  ""type"": ""Point""
}","{
  ""coordinates"": [
    -83.216911134,
    42.358104969
  ],
  ""type"": ""Point""
}",-83.216911134,42.3581049690001
7052,9806231,TELEGRAPH,MCNICHOLS,2016-09-13,13,9,2016,8,3,5,2,,1,0,,1,1,1,45,4,2,2,4,0,0,0,1,false,,false,false,false,false,false,,,,,,false,false,false,,,false,false,false,false,false,-83.27696,42.41459,"{
  ""coordinates"": [
    -8.327696183599990e+01,
    4.241459110400010e+01
  ],
  ""type"": ""Point""
}","{
  ""coordinates"": [
    -83.276961836,
    42.414591104
  ],
  ""type"": ""Point""
}",-83.2769618359999,42.4145911040001
7053,9796844,OUTER,FENELON,2016-09-13,13,9,2016,8,3,5,9,,2,0,,1,1,1,0,2,2,1,3,0,0,1,0,false,,false,false,false,false,false,,,,,,false,false,true,,,false,false,false,false,false,-83.05397,42.44072,"{
  ""coordinates"": [
    -8.305397386200001e+01,
    4.244071978900010e+01
  ],
  ""type"": ""Point""
}","{
  ""coordinates"": [
    -83.053973862,
    42.440719789
  ],
  ""type"": ""Point""
}",-83.053973862,42.4407197890001
7054,9796105,MOUNT ELLIOTT,HARPER,2016-09-13,13,9,2016,19,3,4,9,,4,0,,1,1,1,30,2,2,2,5,0,0,0,0,true,,true,true,false,false,false,,,,,,false,true,false,,,false,false,false,false,false,-83.03427,42.37957,"{
  ""coordinates"": [
    -8.303427110800000e+01,
    4.237957021500010e+01
  ],
  ""type"": ""Point""
}","{
  ""coordinates"": [
    -83.034271108,
    42.379570215
  ],
  ""type"": ""Point""
}",-83.034271108,42.3795702150001
7055,9850529,WARREN,JUNCTION,2016-09-13,13,9,2016,8,3,4,9,,4,0,,1,1,1,35,6,2,1,5,0,0,0,0,true,,true,true,true,false,false,,,,,,false,false,false,,,false,false,false,false,false,-83.12146,42.34454,"{
  ""coordinates"": [
    -8.312145776900000e+01,
    4.234454512300000e+01
  ],
  ""type"": ""Point""
}","{
  ""coordinates"": [
    -83.121457769,
    42.344545123
  ],
  ""type"": ""Point""
}",-83.121457769,42.344545123
7056,9796840,DEQUINDRE,WINCHESTER,2016-09-13,13,9,2016,13,3,4,9,,4,0,,1,1,1,35,5,2,2,5,0,0,0,0,true,,false,false,false,false,false,,,,,,false,true,false,,,false,false,false,false,false,-83.08331,42.44514,"{
  ""coordinates"": [
    -8.308331034799990e+01,
    4.244513771000000e+01
  ],
  ""type"": ""Point""
}","{
  ""coordinates"": [
    -83.083310348,
    42.44513771
  ],
  ""type"": ""Point""
}",-83.0833103479999,42.44513771
7057,9796082,ATWATER,BEAUBIEN,2016-09-13,13,9,2016,9,3,8,9,,4,0,,2,1,1,25,2,2,2,5,0,0,0,0,true,,false,false,false,false,false,,,,,,false,true,false,,,false,false,false,false,false,-83.03821,42.32852,"{
  ""coordinates"": [
    -8.303820571800000e+01,
    4.232851702600000e+01
  ],
  ""type"": ""Point""
}","{
  ""coordinates"": [
    -83.038205718,
    42.328517026
  ],
  ""type"": ""Point""
}",-83.038205718,42.328517026
7058,9796791,WREFORD,LINWOOD,2016-09-13,13,9,2016,18,3,8,9,,,0,,1,1,1,0,2,2,3,4,0,0,0,2,false,,false,false,false,false,false,,,,,,false,false,true,,,false,false,false,false,false,-83.09826,42.35788,"{
  ""coordinates"": [
    -8.309825670700000e+01,
    4.235788193900000e+01
  ],
  ""type"": ""Point""
}","{
  ""coordinates"": [
    -83.098256707,
    42.357881939
  ],
  ""type"": ""Point""
}",-83.098256707,42.357881939
7059,9796836,BALTIMORE,CASS,2016-09-13,13,9,2016,15,3,8,9,,4,0,,98,98,98,25,3,2,1,5,0,0,0,0,true,,false,false,true,false,false,,,,,,false,false,false,,,false,false,false,false,false,-83.07381,42.36775,"{
  ""coordinates"": [
    -8.307380675500001e+01,
    4.236775021700000e+01
  ],
  ""type"": ""Point""
}","{
  ""coordinates"": [
    -83.073806755,
    42.367750217
  ],
  ""type"": ""Point""
}",-83.073806755,42.367750217
7060,9824733,TELEGRAPH,MCNICHOLS,2016-09-13,13,9,2016,11,3,5,2,,1,0,,1,1,1,45,3,3,2,5,0,0,0,0,true,,false,false,true,false,false,,,,,,false,false,true,,,false,false,false,false,false,-83.27695,42.41426,"{
  ""coordinates"": [
    -8.327694625100000e+01,
    4.241425674900010e+01
  ],
  ""type"": ""Point""
}","{
  ""coordinates"": [
    -83.276946251,
    42.414256749
  ],
  ""type"": ""Point""
}",-83.276946251,42.4142567490001
7061,9796782,JEFFRIES,SOUTHFIELD,2016-09-13,13,9,2016,17,3,97,9,,4,0,,1,1,1,55,4,3,3,4,0,0,0,1,false,,false,false,false,false,false,,,,,,false,false,false,,,false,false,false,false,false,-83.21732,42.37825,"{
  ""coordinates"": [
    -8.321731402700000e+01,
    4.237825304500010e+01
  ],
  ""type"": ""Point""
}","{
  ""coordinates"": [
    -83.217314027,
    42.378253045
  ],
  ""type"": ""Point""
}",-83.217314027,42.3782530450001
7062,9796130,CURTIS,OUTER,2016-09-13,13,9,2016,16,3,9,9,,4,0,,1,1,1,35,2,2,2,5,0,0,0,0,true,,false,false,false,false,false,,,,,,false,false,false,,,false,false,false,false,false,-83.17513,42.42392,"{
  ""coordinates"": [
    -8.317512969099990e+01,
    4.242391553400010e+01
  ],
  ""type"": ""Point""
}","{
  ""coordinates"": [
    -83.175129691,
    42.423915534
  ],
  ""type"": ""Point""
}",-83.1751296909999,42.4239155340001
7063,9798138,WB I-96,VIRGIL,2016-09-13,13,9,2016,19,3,5,1,,1,0,,1,1,1,70,4,2,2,5,0,0,0,0,true,,false,false,true,false,false,,,,,,false,false,true,,,false,false,false,false,false,-83.27148,42.3856,"{
  ""coordinates"": [
    -8.327147949600000e+01,
    4.238560340700010e+01
  ],
  ""type"": ""Point""
}","{
  ""coordinates"": [
    -83.271479496,
    42.385603407
  ],
  ""type"": ""Point""
}",-83.271479496,42.3856034070001
7064,9824556,I-75,VERNOR,2016-09-13,13,9,2016,8,3,8,1,,1,0,,1,1,1,55,2,2,1,5,0,0,0,0,true,,false,false,false,false,false,,,,,,false,false,false,,,false,false,false,false,false,-83.08614,42.32821,"{
  ""coordinates"": [
    -8.308613985499990e+01,
    4.232820568600000e+01
  ],
  ""type"": ""Point""
}","{
  ""coordinates"": [
    -83.086139855,
    42.328205686
  ],
  ""type"": ""Point""
}",-83.0861398549999,42.328205686
7065,9796790,DAVISON,WILDEMERE,2016-09-13,13,9,2016,15,3,4,3,,1,0,,1,1,1,35,6,2,3,5,0,0,0,0,true,,false,false,false,false,false,,,,,,false,false,false,,,false,false,false,false,false,-83.12743,42.39101,"{
  ""coordinates"": [
    -8.312743370000000e+01,
    4.239101015300000e+01
  ],
  ""type"": ""Point""
}","{
  ""coordinates"": [
    -83.1274337,
    42.391010153
  ],
  ""type"": ""Point""
}",-83.1274337,42.391010153