ObjectId,Crash ID,Primary Road,Intersecting Road,Crash Date,Day,Month,Year,Hour,Weekday,Crash Type Code,Highway Classification Code,Community Code,Jurisdiction Code,Lane Departure Type Code,Surface Type,Road Condition,Weather Condition,Lighting Condition,Speed Limit,Lanes,Units,Occupants,Most Severe Injury,Fatal Injuries,Suspected Serious Injuries,Suspected Minor Injuries,Possible Injuries,Property Damage Only,Secondary Crash,Traffic Control,Red Light Run,Hit and Run,Alcohol,Drugs,Unbelted Person,Work Zone,Speeding Driver,Distracted Driver,Driveway,Pedestrian,Elderly Driver,Young Driver,Commercial Vehicle,Emergency Vehicles,Train,School Bus,Motorcycle,Bicycle,Deer,Longitude,Latitude,geom,geog,x,y
7066,9799759,CHALMERS,LINVILLE,2016-09-13,13,9,2016,18,3,1,9,,4,0,,1,1,1,30,4,1,1,2,0,1,0,0,false,,false,false,false,false,false,,,,,,false,false,false,,,false,false,true,false,false,-82.96306,42.40197,"{
  ""coordinates"": [
    -8.296306077400000e+01,
    4.240196522500000e+01
  ],
  ""type"": ""Point""
}","{
  ""coordinates"": [
    -82.963060774,
    42.401965225
  ],
  ""type"": ""Point""
}",-82.963060774,42.401965225
7067,9799757,SAINT JEAN,WARREN,2016-09-13,13,9,2016,2,3,5,9,,4,0,,1,1,1,30,2,2,2,5,0,0,0,0,true,,false,false,false,false,false,,,,,,false,false,false,,,false,false,false,false,false,-82.98383,42.38724,"{
  ""coordinates"": [
    -8.298382358000001e+01,
    4.238723880900010e+01
  ],
  ""type"": ""Point""
}","{
  ""coordinates"": [
    -82.98382358,
    42.387238809
  ],
  ""type"": ""Point""
}",-82.98382358,42.3872388090001
7068,9808602,N M 10,ROSA PARKS,2016-09-13,13,9,2016,17,3,5,3,,1,0,,1,1,1,55,3,3,3,5,0,0,0,0,true,,false,false,false,false,false,,,,,,false,false,false,,,false,false,false,false,false,-83.1187,42.40371,"{
  ""coordinates"": [
    -8.311869719899990e+01,
    4.240371340400000e+01
  ],
  ""type"": ""Point""
}","{
  ""coordinates"": [
    -83.118697199,
    42.403713404
  ],
  ""type"": ""Point""
}",-83.1186971989999,42.403713404
7069,9796102,OUTER,GLENDALE,2016-09-13,13,9,2016,16,3,3,9,,2,0,,1,1,1,35,4,2,5,4,0,0,0,1,false,,false,false,false,false,false,,,,,,false,true,false,,,false,false,false,false,false,-83.26112,42.37993,"{
  ""coordinates"": [
    -8.326111569499990e+01,
    4.237992680800010e+01
  ],
  ""type"": ""Point""
}","{
  ""coordinates"": [
    -83.261115695,
    42.379926808
  ],
  ""type"": ""Point""
}",-83.2611156949999,42.3799268080001
7070,9796817,ARCHDALE,ARCHDALE,2016-09-13,13,9,2016,13,3,4,9,,,0,,1,1,1,35,4,2,4,5,0,0,0,0,true,,false,false,false,false,false,,,,,,false,false,true,,,false,false,false,false,false,-83.21508,42.35063,"{
  ""coordinates"": [
    -8.321507717999999e+01,
    4.235063257900000e+01
  ],
  ""type"": ""Point""
}","{
  ""coordinates"": [
    -83.21507718,
    42.350632579
  ],
  ""type"": ""Point""
}",-83.21507718,42.350632579
7071,9796084,WHITHORN,DRIFTON,2016-09-13,13,9,2016,5,3,97,9,,,0,,1,1,98,25,2,3,2,5,0,0,0,0,true,,true,false,false,false,false,,,,,,false,false,false,,,false,false,false,false,false,-82.99202,42.41541,"{
  ""coordinates"": [
    -8.299201740699991e+01,
    4.241541060200010e+01
  ],
  ""type"": ""Point""
}","{
  ""coordinates"": [
    -82.992017407,
    42.415410602
  ],
  ""type"": ""Point""
}",-82.9920174069999,42.4154106020001
7072,9800569,JEFFERSON,GRAND,2016-09-13,13,9,2016,8,3,5,3,,4,0,,1,1,1,0,2,2,2,5,0,0,0,0,true,,false,false,false,false,false,,,,,,false,false,false,,,false,false,false,false,false,-83.00131,42.34716,"{
  ""coordinates"": [
    -8.300131204800000e+01,
    4.234715869600010e+01
  ],
  ""type"": ""Point""
}","{
  ""coordinates"": [
    -83.001312048,
    42.347158696
  ],
  ""type"": ""Point""
}",-83.001312048,42.3471586960001
7073,9806210,GREENVIEW,SAWYER,2016-09-13,13,9,2016,16,3,97,9,,,0,,1,1,1,25,3,2,2,5,0,0,0,0,true,,false,false,false,false,false,,,,,,false,false,true,,,false,false,false,false,false,-83.2221,42.34657,"{
  ""coordinates"": [
    -8.322210146799991e+01,
    4.234657188400010e+01
  ],
  ""type"": ""Point""
}","{
  ""coordinates"": [
    -83.222101468,
    42.346571884
  ],
  ""type"": ""Point""
}",-83.2221014679999,42.3465718840001
7074,9796078,W/B I 96,WARREN,2016-09-13,13,9,2016,3,3,5,1,,1,0,,1,1,4,55,4,2,2,3,0,0,1,0,false,,false,false,false,false,false,,,,,,false,false,true,,,false,false,false,false,false,-83.09462,42.34311,"{
  ""coordinates"": [
    -8.309461630500000e+01,
    4.234310632200000e+01
  ],
  ""type"": ""Point""
}","{
  ""coordinates"": [
    -83.094616305,
    42.343106322
  ],
  ""type"": ""Point""
}",-83.094616305,42.343106322
7075,9796097,JOHN R,GRAND,2016-09-13,13,9,2016,16,3,4,9,,4,0,,1,1,1,30,3,2,2,5,0,0,0,0,true,,false,false,false,false,false,,,,,,false,false,false,,,false,false,false,false,false,-83.07117,42.37119,"{
  ""coordinates"": [
    -8.307117106999991e+01,
    4.237119146200010e+01
  ],
  ""type"": ""Point""
}","{
  ""coordinates"": [
    -83.07117107,
    42.371191462
  ],
  ""type"": ""Point""
}",-83.0711710699999,42.3711914620001
7076,9796792,CONGRESS,WASHINGTON,2016-09-13,13,9,2016,18,3,4,9,,4,0,,1,1,1,35,3,2,1,3,0,0,1,0,false,,true,true,true,false,false,,,,,,false,false,false,,,false,false,false,false,false,-83.04916,42.32875,"{
  ""coordinates"": [
    -8.304916290800000e+01,
    4.232875473900000e+01
  ],
  ""type"": ""Point""
}","{
  ""coordinates"": [
    -83.049162908,
    42.328754739
  ],
  ""type"": ""Point""
}",-83.049162908,42.328754739
7077,9806290,CONANT,CHARLES,2016-09-13,13,9,2016,22,3,5,9,,4,0,,1,1,1,30,2,2,2,5,0,0,0,0,true,,false,false,false,false,false,,,,,,false,false,true,,,false,false,false,false,false,-83.05878,42.41153,"{
  ""coordinates"": [
    -8.305878793799999e+01,
    4.241153184600010e+01
  ],
  ""type"": ""Point""
}","{
  ""coordinates"": [
    -83.058787938,
    42.411531846
  ],
  ""type"": ""Point""
}",-83.058787938,42.4115318460001
7078,9907453,EUREKA,LANTZ,2016-09-13,13,9,2016,23,3,97,9,,,3,,1,1,4,25,1,2,1,5,0,0,0,0,true,,false,false,true,false,false,,,,,,false,false,false,,,false,false,false,false,false,-83.05802,42.43816,"{
  ""coordinates"": [
    -8.305801880400000e+01,
    4.243816530200010e+01
  ],
  ""type"": ""Point""
}","{
  ""coordinates"": [
    -83.058018804,
    42.438165302
  ],
  ""type"": ""Point""
}",-83.058018804,42.4381653020001
7079,9799736,I-75,MACK,2016-09-13,13,9,2016,16,3,5,1,,1,0,,1,1,1,55,5,2,3,4,0,0,0,1,false,,false,false,false,false,false,,,,,,false,false,false,,,false,false,false,false,false,-83.04722,42.34981,"{
  ""coordinates"": [
    -8.304721787200000e+01,
    4.234981229600000e+01
  ],
  ""type"": ""Point""
}","{
  ""coordinates"": [
    -83.047217872,
    42.349812296
  ],
  ""type"": ""Point""
}",-83.047217872,42.349812296
7080,9796109,GRAND RIVER,EVERGREEN,2016-09-13,13,9,2016,12,3,97,3,,1,0,,1,1,1,35,7,4,4,5,0,0,0,0,true,,false,false,false,false,false,,,,,,false,true,false,,,false,false,false,false,false,-83.23779,42.40854,"{
  ""coordinates"": [
    -8.323778319800000e+01,
    4.240853860200010e+01
  ],
  ""type"": ""Point""
}","{
  ""coordinates"": [
    -83.237783198,
    42.408538602
  ],
  ""type"": ""Point""
}",-83.237783198,42.4085386020001
7081,9796123,MCNICHOLS,STANSBURY,2016-09-13,13,9,2016,18,3,5,9,,2,0,,1,1,1,30,2,4,7,3,0,0,1,0,false,,false,false,true,false,false,,,,,,false,false,false,,,false,false,false,false,false,-83.18306,42.41655,"{
  ""coordinates"": [
    -8.318305655499999e+01,
    4.241655058500000e+01
  ],
  ""type"": ""Point""
}","{
  ""coordinates"": [
    -83.183056555,
    42.416550585
  ],
  ""type"": ""Point""
}",-83.183056555,42.416550585
7082,9796837,LIVERNOIS,WESTFIELD,2016-09-13,13,9,2016,16,3,4,9,,4,0,,1,1,1,35,6,2,2,4,0,0,0,1,false,,false,false,false,false,false,,,,,,false,false,true,,,false,false,false,false,false,-83.1386,42.36418,"{
  ""coordinates"": [
    -8.313859334599989e+01,
    4.236417817000010e+01
  ],
  ""type"": ""Point""
}","{
  ""coordinates"": [
    -83.138593346,
    42.36417817
  ],
  ""type"": ""Point""
}",-83.1385933459999,42.3641781700001
7083,9799751,5774 CHALMERS,CHANDLER PARK,2016-09-13,13,9,2016,18,3,4,9,,4,0,,1,1,1,30,2,2,3,4,0,0,0,1,false,,false,false,false,false,false,,,,,,false,false,false,,,false,false,true,false,false,-82.96278,42.40155,"{
  ""coordinates"": [
    -8.296278496300000e+01,
    4.240154808500010e+01
  ],
  ""type"": ""Point""
}","{
  ""coordinates"": [
    -82.962784963,
    42.401548085
  ],
  ""type"": ""Point""
}",-82.962784963,42.4015480850001
7084,9796107,RIVARD,MACK,2016-09-13,13,9,2016,10,3,10,9,,,0,,1,1,1,0,2,2,2,5,0,0,0,0,true,,false,false,false,false,false,,,,,,false,false,true,,,false,false,false,false,false,-83.04591,42.35192,"{
  ""coordinates"": [
    -8.304590917199990e+01,
    4.235191655400010e+01
  ],
  ""type"": ""Point""
}","{
  ""coordinates"": [
    -83.045909172,
    42.351916554
  ],
  ""type"": ""Point""
}",-83.0459091719999,42.3519165540001
7085,9796115,CHENE,GRATIOT,2016-09-13,13,9,2016,17,3,8,3,,4,0,,1,1,1,30,3,2,2,5,0,0,0,0,true,,false,false,false,false,false,,,,,,false,true,false,,,false,false,false,false,false,-83.03208,42.35256,"{
  ""coordinates"": [
    -8.303208117299990e+01,
    4.235255942800010e+01
  ],
  ""type"": ""Point""
}","{
  ""coordinates"": [
    -83.032081173,
    42.352559428
  ],
  ""type"": ""Point""
}",-83.0320811729999,42.3525594280001
7086,9812466,I-75,MACK,2016-09-13,13,9,2016,16,3,5,1,,1,0,,1,1,1,55,4,2,2,5,0,0,0,0,true,,false,false,false,false,false,,,,,,false,false,true,,,false,false,false,false,false,-83.04564,42.34798,"{
  ""coordinates"": [
    -8.304564251300000e+01,
    4.234797610900010e+01
  ],
  ""type"": ""Point""
}","{
  ""coordinates"": [
    -83.045642513,
    42.347976109
  ],
  ""type"": ""Point""
}",-83.045642513,42.3479761090001
7087,9808779,MINOCK,BELTON,2016-09-13,13,9,2016,16,3,4,9,,,0,,1,1,1,25,2,2,2,4,0,0,0,2,false,,false,false,true,false,false,,,,,,false,false,false,,,false,false,false,false,false,-83.23208,42.35219,"{
  ""coordinates"": [
    -8.323208129900000e+01,
    4.235219275800010e+01
  ],
  ""type"": ""Point""
}","{
  ""coordinates"": [
    -83.232081299,
    42.352192758
  ],
  ""type"": ""Point""
}",-83.232081299,42.3521927580001
7088,9796095,LARNED,GRISWOLD,2016-09-13,13,9,2016,8,3,9,9,,4,0,,1,1,1,25,4,2,2,5,0,0,0,0,true,,false,false,false,false,false,,,,,,false,false,false,,,false,false,false,false,false,-83.04602,42.32907,"{
  ""coordinates"": [
    -8.304602410500000e+01,
    4.232906869000000e+01
  ],
  ""type"": ""Point""
}","{
  ""coordinates"": [
    -83.046024105,
    42.32906869
  ],
  ""type"": ""Point""
}",-83.046024105,42.32906869
7089,9809575,RANDOLPH,JEFFERSON,2016-09-13,13,9,2016,9,3,8,3,,1,0,,1,1,1,35,3,2,1,5,0,0,0,0,true,,false,false,true,false,false,,,,,,false,true,false,,,false,false,false,false,false,-83.04184,42.32968,"{
  ""coordinates"": [
    -8.304183680300000e+01,
    4.232968229200000e+01
  ],
  ""type"": ""Point""
}","{
  ""coordinates"": [
    -83.041836803,
    42.329682292
  ],
  ""type"": ""Point""
}",-83.041836803,42.329682292
7090,9796114,GRAND RIVER,PREVOST,2016-09-13,13,9,2016,12,3,4,3,,1,0,,1,1,1,35,4,2,2,4,0,0,0,1,false,,true,true,false,false,false,,,,,,false,false,true,,,false,false,false,false,false,-83.20257,42.39436,"{
  ""coordinates"": [
    -8.320256851900000e+01,
    4.239435440200000e+01
  ],
  ""type"": ""Point""
}","{
  ""coordinates"": [
    -83.202568519,
    42.394354402
  ],
  ""type"": ""Point""
}",-83.202568519,42.394354402
7091,9796089,S M 10 SERVICE DRIVE,FOREST,2016-09-13,13,9,2016,8,3,8,9,,4,0,,1,1,1,0,8,2,1,5,0,0,0,0,true,,false,false,false,false,false,,,,,,false,false,false,,,false,false,false,false,false,-83.07265,42.35147,"{
  ""coordinates"": [
    -8.307265820700000e+01,
    4.235147331800000e+01
  ],
  ""type"": ""Point""
}","{
  ""coordinates"": [
    -83.072658207,
    42.351473318
  ],
  ""type"": ""Point""
}",-83.072658207,42.351473318
7092,9812480,I 75,ROSA PARKS,2016-09-13,13,9,2016,10,3,8,9,,4,0,,1,1,1,55,3,2,2,5,0,0,0,0,true,,false,false,false,false,false,,,,,,false,false,false,,,false,false,false,false,false,-83.07313,42.33269,"{
  ""coordinates"": [
    -8.307312781000000e+01,
    4.233269145600010e+01
  ],
  ""type"": ""Point""
}","{
  ""coordinates"": [
    -83.07312781,
    42.332691456
  ],
  ""type"": ""Point""
}",-83.07312781,42.3326914560001
7093,9796119,DESOTO,MONICA,2016-09-13,13,9,2016,9,3,1,9,,,0,,1,1,1,25,2,1,2,5,0,0,0,0,true,,false,false,false,false,false,,,,,,false,false,true,,,false,false,false,false,false,-83.14366,42.40116,"{
  ""coordinates"": [
    -8.314366269399990e+01,
    4.240116218300010e+01
  ],
  ""type"": ""Point""
}","{
  ""coordinates"": [
    -83.143662694,
    42.401162183
  ],
  ""type"": ""Point""
}",-83.1436626939999,42.4011621830001
7094,9796080,SB I-75,CLARK,2016-09-13,13,9,2016,18,3,5,1,,1,0,,1,1,1,55,3,2,3,4,0,0,0,1,false,,false,false,false,false,false,,,,,,false,false,true,,,false,false,false,false,false,-83.08675,42.31535,"{
  ""coordinates"": [
    -8.308675216400000e+01,
    4.231534397700010e+01
  ],
  ""type"": ""Point""
}","{
  ""coordinates"": [
    -83.086752164,
    42.315343977
  ],
  ""type"": ""Point""
}",-83.086752164,42.3153439770001
7095,9824563,NB I-75,MACK,2016-09-13,13,9,2016,22,3,8,1,,1,0,,1,1,4,55,4,2,3,4,0,0,0,2,false,,false,false,false,false,false,,,,,,false,false,true,,,false,false,false,false,false,-83.04564,42.34798,"{
  ""coordinates"": [
    -8.304564251300000e+01,
    4.234797610900010e+01
  ],
  ""type"": ""Point""
}","{
  ""coordinates"": [
    -83.045642513,
    42.347976109
  ],
  ""type"": ""Point""
}",-83.045642513,42.3479761090001
7096,9863601,KLINGER,HILDALE,2016-09-13,13,9,2016,4,3,1,9,,,1,,1,1,1,25,1,1,0,5,0,0,0,0,true,,false,false,true,false,false,,,,,,false,false,false,,,false,false,false,false,false,-83.06874,42.42965,"{
  ""coordinates"": [
    -8.306874058699999e+01,
    4.242965245400010e+01
  ],
  ""type"": ""Point""
}","{
  ""coordinates"": [
    -83.068740587,
    42.429652454
  ],
  ""type"": ""Point""
}",-83.068740587,42.4296524540001
7097,9796104,MOUNT ELLIOTT,W I 94,2016-09-13,13,9,2016,18,3,8,9,,4,0,,1,1,1,30,2,2,3,5,0,0,0,0,true,,false,false,false,false,false,,,,,,false,false,false,,,false,false,false,false,false,-83.03381,42.37923,"{
  ""coordinates"": [
    -8.303380743799990e+01,
    4.237923484700010e+01
  ],
  ""type"": ""Point""
}","{
  ""coordinates"": [
    -83.033807438,
    42.379234847
  ],
  ""type"": ""Point""
}",-83.0338074379999,42.3792348470001
7098,9806086,N M 39,LYNDON,2016-09-13,13,9,2016,17,3,5,3,,1,0,,1,1,1,55,3,2,2,5,0,0,0,0,true,,false,false,false,false,false,,,,,,false,true,false,,,false,false,false,false,false,-83.2179,42.39395,"{
  ""coordinates"": [
    -8.321790052400000e+01,
    4.239395204900010e+01
  ],
  ""type"": ""Point""
}","{
  ""coordinates"": [
    -83.217900524,
    42.393952049
  ],
  ""type"": ""Point""
}",-83.217900524,42.3939520490001
7099,9796848,7 MILE,S I 75 SERVICE DRIVE,2016-09-13,13,9,2016,8,3,5,9,,4,0,,1,1,1,35,1,2,3,5,0,0,0,0,true,,false,false,false,false,false,,,,,,false,false,true,,,false,false,false,false,false,-83.09534,42.43246,"{
  ""coordinates"": [
    -8.309534490199999e+01,
    4.243245571600000e+01
  ],
  ""type"": ""Point""
}","{
  ""coordinates"": [
    -83.095344902,
    42.432455716
  ],
  ""type"": ""Point""
}",-83.095344902,42.432455716
7100,9795098,I-75,HOLBROOK,2016-09-12,12,9,2016,18,2,5,1,,1,0,,1,2,1,70,4,2,2,5,0,0,0,0,true,,false,false,false,false,false,,,,,,false,false,false,,,false,false,false,false,false,-83.06845,42.38705,"{
  ""coordinates"": [
    -8.306844819299990e+01,
    4.238705341400000e+01
  ],
  ""type"": ""Point""
}","{
  ""coordinates"": [
    -83.068448193,
    42.387053414
  ],
  ""type"": ""Point""
}",-83.0684481929999,42.387053414
7101,9795142,8 MILE,MEYERS,2016-09-12,12,9,2016,17,2,5,3,,1,0,,1,1,1,40,4,2,3,4,0,0,0,1,false,,false,false,false,false,false,,,,,,false,false,false,,,false,false,false,false,false,-83.1712,42.4454,"{
  ""coordinates"": [
    -8.317120724300000e+01,
    4.244539836000010e+01
  ],
  ""type"": ""Point""
}","{
  ""coordinates"": [
    -83.171207243,
    42.44539836
  ],
  ""type"": ""Point""
}",-83.171207243,42.4453983600001
7102,9880482,MACK,WOODWARD,2016-09-12,12,9,2016,18,2,97,3,,4,0,,2,1,3,35,2,1,1,5,0,0,0,0,true,,false,false,true,false,false,,,,,,false,false,false,,,false,false,false,false,false,-83.05787,42.34738,"{
  ""coordinates"": [
    -8.305786797099999e+01,
    4.234737950400010e+01
  ],
  ""type"": ""Point""
}","{
  ""coordinates"": [
    -83.057867971,
    42.347379504
  ],
  ""type"": ""Point""
}",-83.057867971,42.3473795040001
7103,9812485,I 375,LAFAYETTE,2016-09-12,12,9,2016,8,2,5,1,,1,0,,1,1,1,55,3,2,2,5,0,0,0,0,true,,false,false,false,false,false,,,,,,false,false,false,,,false,false,false,false,false,-83.03808,42.33585,"{
  ""coordinates"": [
    -8.303807698500000e+01,
    4.233585275100010e+01
  ],
  ""type"": ""Point""
}","{
  ""coordinates"": [
    -83.038076985,
    42.335852751
  ],
  ""type"": ""Point""
}",-83.038076985,42.3358527510001
7104,9796789,SELDEN,WOODWARD,2016-09-12,12,9,2016,17,2,4,3,,,0,,1,1,1,0,2,2,2,5,0,0,0,0,true,,false,false,false,false,false,,,,,,false,false,false,,,false,false,false,false,false,-83.05942,42.34956,"{
  ""coordinates"": [
    -8.305941861199990e+01,
    4.234955779000010e+01
  ],
  ""type"": ""Point""
}","{
  ""coordinates"": [
    -83.059418612,
    42.34955779
  ],
  ""type"": ""Point""
}",-83.0594186119999,42.3495577900001
7105,9798171,DARTMOUTH,OUTER,2016-09-12,12,9,2016,12,2,97,9,,,0,,1,1,1,25,3,2,1,5,0,0,0,0,true,,false,false,false,false,false,,,,,,false,false,false,,,false,false,false,false,false,-83.16855,42.26469,"{
  ""coordinates"": [
    -8.316854711600000e+01,
    4.226469216600000e+01
  ],
  ""type"": ""Point""
}","{
  ""coordinates"": [
    -83.168547116,
    42.264692166
  ],
  ""type"": ""Point""
}",-83.168547116,42.264692166
7106,9795141,19910 LICHFIELD,8 MILE,2016-09-12,12,9,2016,5,2,10,3,,,0,,1,1,1,0,2,2,3,5,0,0,0,0,true,,false,false,false,false,false,,,,,,false,false,false,,,false,false,false,false,false,-83.13321,42.44598,"{
  ""coordinates"": [
    -8.313320670800000e+01,
    4.244598293600010e+01
  ],
  ""type"": ""Point""
}","{
  ""coordinates"": [
    -83.133206708,
    42.445982936
  ],
  ""type"": ""Point""
}",-83.133206708,42.4459829360001
7107,9796815,ST MARYS,MCNICHOLS,2016-09-12,12,9,2016,20,2,8,9,,,0,,1,1,5,25,1,2,3,4,0,0,0,1,false,,false,false,false,false,false,,,,,,false,false,false,,,false,false,false,false,false,-83.20685,42.41505,"{
  ""coordinates"": [
    -8.320684471500000e+01,
    4.241505001100010e+01
  ],
  ""type"": ""Point""
}","{
  ""coordinates"": [
    -83.206844715,
    42.415050011
  ],
  ""type"": ""Point""
}",-83.206844715,42.4150500110001
7108,9794284,8 MILE,ANVIL,2016-09-12,12,9,2016,7,2,5,3,,1,0,,1,1,1,40,4,3,4,4,0,0,0,2,false,,false,false,false,false,false,,,,,,false,false,true,,,false,false,false,false,false,-82.97776,42.44948,"{
  ""coordinates"": [
    -8.297775953900000e+01,
    4.244947778200000e+01
  ],
  ""type"": ""Point""
}","{
  ""coordinates"": [
    -82.977759539,
    42.449477782
  ],
  ""type"": ""Point""
}",-82.977759539,42.449477782
7109,9796807,JOY,PLAINVIEW,2016-09-12,12,9,2016,21,2,97,9,,2,0,,1,1,3,35,2,2,1,5,0,0,0,0,true,,true,false,true,false,false,,,,,,false,false,false,,,false,false,false,false,false,-83.23472,42.35759,"{
  ""coordinates"": [
    -8.323472137800000e+01,
    4.235758906000010e+01
  ],
  ""type"": ""Point""
}","{
  ""coordinates"": [
    -83.234721378,
    42.35758906
  ],
  ""type"": ""Point""
}",-83.234721378,42.3575890600001
7110,9795134,8 MILE SERVICE DRIVE,8 MILE,2016-09-12,12,9,2016,9,2,6,3,,1,0,,1,1,1,35,2,2,2,5,0,0,0,0,true,,false,false,false,false,false,,,,,,false,false,false,,,false,false,false,false,false,-83.08981,42.4468,"{
  ""coordinates"": [
    -8.308981128300000e+01,
    4.244679728200000e+01
  ],
  ""type"": ""Point""
}","{
  ""coordinates"": [
    -83.089811283,
    42.446797282
  ],
  ""type"": ""Point""
}",-83.089811283,42.446797282
7111,9810629,OUTER,GODDARD,2016-09-12,12,9,2016,22,2,5,9,,2,0,,1,1,1,30,2,2,1,5,0,0,0,0,true,,false,false,false,false,false,,,,,,false,false,false,,,false,false,false,false,false,-83.07704,42.4401,"{
  ""coordinates"": [
    -8.307704061299999e+01,
    4.244009753400010e+01
  ],
  ""type"": ""Point""
}","{
  ""coordinates"": [
    -83.077040613,
    42.440097534
  ],
  ""type"": ""Point""
}",-83.077040613,42.4400975340001
7112,9798163,MICHIGAN,PARKINSON,2016-09-12,12,9,2016,8,2,5,2,,1,0,,1,1,1,35,5,2,2,5,0,0,0,0,true,,false,false,false,false,false,,,,,,false,false,false,,,false,false,false,false,false,-83.13197,42.33111,"{
  ""coordinates"": [
    -8.313196574999991e+01,
    4.233110839900010e+01
  ],
  ""type"": ""Point""
}","{
  ""coordinates"": [
    -83.13196575,
    42.331108399
  ],
  ""type"": ""Point""
}",-83.1319657499999,42.3311083990001
7113,9795115,CHALMERS,FRANKFORT,2016-09-12,12,9,2016,19,2,4,9,,4,0,,1,1,4,35,2,2,3,4,0,0,0,1,false,,false,false,false,false,false,,,,,,false,false,true,,,false,false,false,false,false,-82.95979,42.3969,"{
  ""coordinates"": [
    -8.295979365999990e+01,
    4.239689974700010e+01
  ],
  ""type"": ""Point""
}","{
  ""coordinates"": [
    -82.95979366,
    42.396899747
  ],
  ""type"": ""Point""
}",-82.9597936599999,42.3968997470001
7114,9796113,MCNICHOLS,TRINITY,2016-09-12,12,9,2016,18,2,4,9,,2,0,,1,1,1,35,4,2,8,5,0,0,0,0,true,,true,true,false,false,false,,,,,,false,false,false,,,false,false,false,false,false,-83.24894,42.41472,"{
  ""coordinates"": [
    -8.324893570300000e+01,
    4.241472398100010e+01
  ],
  ""type"": ""Point""
}","{
  ""coordinates"": [
    -83.248935703,
    42.414723981
  ],
  ""type"": ""Point""
}",-83.248935703,42.4147239810001
7115,9795110,BRUSH,MACOMB,2016-09-12,12,9,2016,17,2,8,9,,4,0,,1,1,1,30,2,2,2,5,0,0,0,0,true,,false,false,false,false,false,,,,,,false,false,false,,,false,false,false,false,false,-83.04411,42.33504,"{
  ""coordinates"": [
    -8.304411036399991e+01,
    4.233503716500010e+01
  ],
  ""type"": ""Point""
}","{
  ""coordinates"": [
    -83.044110364,
    42.335037165
  ],
  ""type"": ""Point""
}",-83.0441103639999,42.3350371650001
7116,9795140,8 MILE,RYAN,2016-09-12,12,9,2016,8,2,4,3,,1,0,,1,1,1,45,3,2,3,5,0,0,0,0,true,,true,true,false,false,false,,,,,,false,false,false,,,false,false,false,false,false,-83.0635,42.44727,"{
  ""coordinates"": [
    -8.306349630200000e+01,
    4.244726768300010e+01
  ],
  ""type"": ""Point""
}","{
  ""coordinates"": [
    -83.063496302,
    42.447267683
  ],
  ""type"": ""Point""
}",-83.063496302,42.4472676830001
7117,9812468,M-10,MICHIGAN,2016-09-12,12,9,2016,15,2,1,3,,1,1,,1,1,1,55,3,1,1,5,0,0,0,0,true,,false,false,false,false,false,,,,,,false,true,false,,,false,false,false,false,false,-83.06588,42.3381,"{
  ""coordinates"": [
    -8.306587718700000e+01,
    4.233809978200000e+01
  ],
  ""type"": ""Point""
}","{
  ""coordinates"": [
    -83.065877187,
    42.338099782
  ],
  ""type"": ""Point""
}",-83.065877187,42.338099782
7118,9796806,TINITY,FLORENCE,2016-09-12,12,9,2016,19,2,97,9,,,0,,1,1,1,25,2,2,1,5,0,0,0,0,true,,true,false,true,false,false,,,,,,false,false,false,,,false,false,false,false,false,-83.24862,42.40952,"{
  ""coordinates"": [
    -8.324862144500000e+01,
    4.240952179600000e+01
  ],
  ""type"": ""Point""
}","{
  ""coordinates"": [
    -83.248621445,
    42.409521796
  ],
  ""type"": ""Point""
}",-83.248621445,42.409521796
7119,9796851,WOODINGHAM,SANTA MARIA,2016-09-12,12,9,2016,4,2,4,9,,,0,,1,1,1,0,2,2,2,4,0,0,0,1,false,,false,false,true,false,false,,,,,,false,false,true,,,false,false,false,false,false,-83.15009,42.41891,"{
  ""coordinates"": [
    -8.315008358400000e+01,
    4.241890797200010e+01
  ],
  ""type"": ""Point""
}","{
  ""coordinates"": [
    -83.150083584,
    42.418907972
  ],
  ""type"": ""Point""
}",-83.150083584,42.4189079720001
7120,9796804,CHAPEL,EATON,2016-09-12,12,9,2016,20,2,5,9,,,0,,1,1,3,25,2,2,1,5,0,0,0,0,true,,false,false,false,false,false,,,,,,false,false,true,,,false,false,false,false,false,-83.253,42.3955,"{
  ""coordinates"": [
    -8.325300205799989e+01,
    4.239549521900010e+01
  ],
  ""type"": ""Point""
}","{
  ""coordinates"": [
    -83.253002058,
    42.395495219
  ],
  ""type"": ""Point""
}",-83.2530020579999,42.3954952190001
7121,9824537,RAMP 047E,S I 75,2016-09-12,12,9,2016,10,2,1,1,,1,1,,1,1,1,55,1,1,3,5,0,0,0,0,true,,false,false,false,false,false,,,,,,false,false,false,,,false,false,false,false,false,-83.0806,42.4099,"{
  ""coordinates"": [
    -8.308060259900000e+01,
    4.240990554400000e+01
  ],
  ""type"": ""Point""
}","{
  ""coordinates"": [
    -83.080602599,
    42.409905544
  ],
  ""type"": ""Point""
}",-83.080602599,42.409905544
7122,9817459,FORD,AUTO CLUB,2016-09-12,12,9,2016,9,2,8,3,,1,0,,1,1,1,35,2,2,2,5,0,0,0,0,true,,false,false,false,false,false,,,,,,false,true,true,,,false,false,false,false,false,-83.22472,42.32894,"{
  ""coordinates"": [
    -8.322471794099989e+01,
    4.232894313300010e+01
  ],
  ""type"": ""Point""
}","{
  ""coordinates"": [
    -83.224717941,
    42.328943133
  ],
  ""type"": ""Point""
}",-83.2247179409999,42.3289431330001