ObjectId,Crash ID,Primary Road,Intersecting Road,Crash Date,Day,Month,Year,Hour,Weekday,Crash Type Code,Highway Classification Code,Community Code,Jurisdiction Code,Lane Departure Type Code,Surface Type,Road Condition,Weather Condition,Lighting Condition,Speed Limit,Lanes,Units,Occupants,Most Severe Injury,Fatal Injuries,Suspected Serious Injuries,Suspected Minor Injuries,Possible Injuries,Property Damage Only,Secondary Crash,Traffic Control,Red Light Run,Hit and Run,Alcohol,Drugs,Unbelted Person,Work Zone,Speeding Driver,Distracted Driver,Driveway,Pedestrian,Elderly Driver,Young Driver,Commercial Vehicle,Emergency Vehicles,Train,School Bus,Motorcycle,Bicycle,Deer,Longitude,Latitude,geom,geog,x,y
7351,9793090,W.WARREN,LONGACRE,2016-09-09,9,9,2016,14,6,8,9,,2,0,,1,2,1,35,4,2,2,5,0,0,0,0,true,,false,false,false,false,false,,,,,,false,true,false,,,false,false,false,false,false,-83.21397,42.3434,"{
  ""coordinates"": [
    -8.321397579700000e+01,
    4.234340208700010e+01
  ],
  ""type"": ""Point""
}","{
  ""coordinates"": [
    -83.213975797,
    42.343402087
  ],
  ""type"": ""Point""
}",-83.213975797,42.3434020870001
7352,9808679,I-94,VAN DYKE,2016-09-09,9,9,2016,22,6,5,1,,1,0,,1,1,5,55,3,2,1,5,0,0,0,0,true,,false,false,true,false,false,,,,,,false,false,false,,,false,false,false,false,false,-83.02032,42.38607,"{
  ""coordinates"": [
    -8.302032572400000e+01,
    4.238606923200010e+01
  ],
  ""type"": ""Point""
}","{
  ""coordinates"": [
    -83.020325724,
    42.386069232
  ],
  ""type"": ""Point""
}",-83.020325724,42.3860692320001
7353,9812459,M-10,GRAND RIVER,2016-09-09,9,9,2016,16,6,5,3,,1,0,,1,1,1,55,3,2,3,3,0,0,1,2,false,,false,false,false,false,false,,,,,,false,true,true,,,false,false,false,false,false,-83.0656,42.33806,"{
  ""coordinates"": [
    -8.306559861400000e+01,
    4.233806271000000e+01
  ],
  ""type"": ""Point""
}","{
  ""coordinates"": [
    -83.065598614,
    42.33806271
  ],
  ""type"": ""Point""
}",-83.065598614,42.33806271
7354,9798151,2ND,WEBB,2016-09-09,9,9,2016,22,6,1,9,,,0,,1,1,5,30,3,1,2,5,0,0,0,0,true,,false,false,false,false,false,,,,,,false,false,false,,,false,false,false,false,false,-83.09142,42.39159,"{
  ""coordinates"": [
    -8.309141569499999e+01,
    4.239158880800010e+01
  ],
  ""type"": ""Point""
}","{
  ""coordinates"": [
    -83.091415695,
    42.391588808
  ],
  ""type"": ""Point""
}",-83.091415695,42.3915888080001
7355,9793164,GREENLAWN,CLARITA,2016-09-08,8,9,2016,19,5,98,9,,,0,,1,1,1,25,2,2,0,5,0,0,0,0,true,,false,false,true,false,false,,,,,,false,false,false,,,false,false,false,false,false,-83.15179,42.42907,"{
  ""coordinates"": [
    -8.315178714599990e+01,
    4.242906384900000e+01
  ],
  ""type"": ""Point""
}","{
  ""coordinates"": [
    -83.151787146,
    42.429063849
  ],
  ""type"": ""Point""
}",-83.1517871459999,42.429063849
7356,9793158,EMERY,HULL,2016-09-08,8,9,2016,20,5,4,9,,,0,,1,1,4,25,1,2,2,5,0,0,0,0,true,,false,false,false,false,false,,,,,,false,false,true,,,false,false,false,false,false,-83.08881,42.4352,"{
  ""coordinates"": [
    -8.308881325599999e+01,
    4.243519467400010e+01
  ],
  ""type"": ""Point""
}","{
  ""coordinates"": [
    -83.088813256,
    42.435194674
  ],
  ""type"": ""Point""
}",-83.088813256,42.4351946740001
7357,9795135,LIVERNOIS,JOY,2016-09-08,8,9,2016,21,5,9,9,,4,0,,97,98,98,30,2,2,1,4,0,0,0,1,false,,false,false,true,false,false,,,,,,false,false,false,,,false,false,false,false,false,-83.1384,42.35965,"{
  ""coordinates"": [
    -8.313839726700000e+01,
    4.235965318300000e+01
  ],
  ""type"": ""Point""
}","{
  ""coordinates"": [
    -83.138397267,
    42.359653183
  ],
  ""type"": ""Point""
}",-83.138397267,42.359653183
7358,9791520,W I 96,GREENFIELD,2016-09-08,8,9,2016,12,5,1,1,,1,1,,2,4,1,55,3,1,2,5,0,0,0,0,true,,false,false,false,false,false,,,,,,false,false,false,,,false,false,false,false,false,-83.19432,42.37925,"{
  ""coordinates"": [
    -8.319431700199991e+01,
    4.237925413600000e+01
  ],
  ""type"": ""Point""
}","{
  ""coordinates"": [
    -83.194317002,
    42.379254136
  ],
  ""type"": ""Point""
}",-83.1943170019999,42.379254136
7359,9790555,DAVISON,RYAN,2016-09-08,8,9,2016,7,5,5,9,,4,0,,2,4,1,35,4,2,2,5,0,0,0,0,true,,false,false,false,false,false,,,,,,false,true,false,,,false,false,false,false,false,-83.06025,42.41599,"{
  ""coordinates"": [
    -8.306024770099999e+01,
    4.241598691500010e+01
  ],
  ""type"": ""Point""
}","{
  ""coordinates"": [
    -83.060247701,
    42.415986915
  ],
  ""type"": ""Point""
}",-83.060247701,42.4159869150001
7360,9791554,SEVEN MILE,HAVANA,2016-09-08,8,9,2016,7,5,1,9,,4,1,,2,2,4,30,2,1,1,5,0,0,0,0,true,,false,false,false,false,false,,,,,,false,false,true,,,false,false,false,false,false,-83.11044,42.43219,"{
  ""coordinates"": [
    -8.311044689399991e+01,
    4.243219067300000e+01
  ],
  ""type"": ""Point""
}","{
  ""coordinates"": [
    -83.110446894,
    42.432190673
  ],
  ""type"": ""Point""
}",-83.1104468939999,42.432190673
7361,9793144,SEVEN MILE,PREST,2016-09-08,8,9,2016,23,5,8,9,,2,0,,1,1,4,35,6,2,3,4,0,0,0,1,false,,false,false,true,false,false,,,,,,false,false,false,,,false,false,false,false,false,-83.19812,42.43046,"{
  ""coordinates"": [
    -8.319812343400000e+01,
    4.243046169900000e+01
  ],
  ""type"": ""Point""
}","{
  ""coordinates"": [
    -83.198123434,
    42.430461699
  ],
  ""type"": ""Point""
}",-83.198123434,42.430461699
7362,9790543,GREENFIELD,SCHOOLCRAFT,2016-09-08,8,9,2016,1,5,4,9,,2,0,,1,1,4,35,5,2,2,5,0,0,0,0,true,,false,false,true,false,false,,,,,,false,false,true,,,false,false,false,false,false,-83.19816,42.38702,"{
  ""coordinates"": [
    -8.319816013600000e+01,
    4.238702171200000e+01
  ],
  ""type"": ""Point""
}","{
  ""coordinates"": [
    -83.198160136,
    42.387021712
  ],
  ""type"": ""Point""
}",-83.198160136,42.387021712
7363,9793155,MOUND,7 MILE,2016-09-08,8,9,2016,23,5,97,9,,2,0,,1,1,4,35,2,3,1,5,0,0,0,0,true,,true,true,true,false,false,,,,,,false,false,false,,,false,false,false,false,false,-83.0434,42.4337,"{
  ""coordinates"": [
    -8.304339380600000e+01,
    4.243370382300000e+01
  ],
  ""type"": ""Point""
}","{
  ""coordinates"": [
    -83.043393806,
    42.433703823
  ],
  ""type"": ""Point""
}",-83.043393806,42.433703823
7364,9793136,GOULBURN,BRINGARD,2016-09-08,8,9,2016,21,5,4,9,,,0,,1,2,4,25,2,2,1,5,0,0,0,0,true,,false,false,true,false,false,,,,,,false,false,false,,,false,false,false,false,false,-82.99407,42.44558,"{
  ""coordinates"": [
    -8.299407183499990e+01,
    4.244557470000010e+01
  ],
  ""type"": ""Point""
}","{
  ""coordinates"": [
    -82.994071835,
    42.4455747
  ],
  ""type"": ""Point""
}",-82.9940718349999,42.4455747000001
7365,9791543,SOMERSET,CASINO,2016-09-08,8,9,2016,12,5,8,9,,,0,,1,2,1,25,1,2,3,5,0,0,0,0,true,,false,false,true,false,false,,,,,,false,false,false,,,false,false,false,false,false,-82.94131,42.42661,"{
  ""coordinates"": [
    -8.294131187900000e+01,
    4.242661348800000e+01
  ],
  ""type"": ""Point""
}","{
  ""coordinates"": [
    -82.941311879,
    42.426613488
  ],
  ""type"": ""Point""
}",-82.941311879,42.426613488
7366,9791541,MACK,SEYBURN,2016-09-08,8,9,2016,15,5,8,9,,4,0,,1,1,1,30,1,2,3,5,0,0,0,0,true,,false,false,false,false,false,,,,,,false,false,false,,,false,true,false,false,false,-83.00758,42.36642,"{
  ""coordinates"": [
    -8.300757748800000e+01,
    4.236642390300010e+01
  ],
  ""type"": ""Point""
}","{
  ""coordinates"": [
    -83.007577488,
    42.366423903
  ],
  ""type"": ""Point""
}",-83.007577488,42.3664239030001
7367,9791527,E/B I-94,M-10,2016-09-08,8,9,2016,9,5,8,1,,1,0,,2,2,1,55,3,3,3,5,0,0,0,0,true,,false,false,false,false,false,,,,,,false,false,false,,,false,false,false,false,false,-83.08026,42.35645,"{
  ""coordinates"": [
    -8.308026256600000e+01,
    4.235644828600000e+01
  ],
  ""type"": ""Point""
}","{
  ""coordinates"": [
    -83.080262566,
    42.356448286
  ],
  ""type"": ""Point""
}",-83.080262566,42.356448286
7368,9793154,LANTZ,JOHN R,2016-09-08,8,9,2016,13,5,9,9,,,0,,1,1,1,30,2,2,2,5,0,0,0,0,true,,false,false,false,false,false,,,,,,false,false,false,,,false,false,false,false,false,-83.10246,42.43713,"{
  ""coordinates"": [
    -8.310245454499990e+01,
    4.243713103500000e+01
  ],
  ""type"": ""Point""
}","{
  ""coordinates"": [
    -83.102454545,
    42.437131035
  ],
  ""type"": ""Point""
}",-83.1024545449999,42.437131035
7369,9796092,WASHINGTON,STATE,2016-09-08,8,9,2016,13,5,8,9,,4,0,,2,2,1,0,3,2,2,5,0,0,0,0,true,,false,false,false,false,false,,,,,,false,false,false,,,false,false,false,false,false,-83.05119,42.33251,"{
  ""coordinates"": [
    -8.305119036400001e+01,
    4.233250646500010e+01
  ],
  ""type"": ""Point""
}","{
  ""coordinates"": [
    -83.051190364,
    42.332506465
  ],
  ""type"": ""Point""
}",-83.051190364,42.3325064650001
7370,9817417,GREENFIELD,WARREN,2016-09-08,8,9,2016,12,5,5,9,,2,0,,1,2,1,35,5,2,2,4,0,0,0,1,false,,false,false,false,false,false,,,,,,false,false,true,,,false,false,false,false,false,-83.19627,42.34339,"{
  ""coordinates"": [
    -8.319627409600000e+01,
    4.234339001900000e+01
  ],
  ""type"": ""Point""
}","{
  ""coordinates"": [
    -83.196274096,
    42.343390019
  ],
  ""type"": ""Point""
}",-83.196274096,42.343390019
7371,9791544,WHITTIER,LAKEPOINTE,2016-09-08,8,9,2016,8,5,5,9,,4,0,,2,2,1,30,2,2,3,5,0,0,0,0,true,,false,false,false,false,false,,,,,,false,false,false,,,false,false,false,false,false,-82.95387,42.41727,"{
  ""coordinates"": [
    -8.295386540500000e+01,
    4.241727151900010e+01
  ],
  ""type"": ""Point""
}","{
  ""coordinates"": [
    -82.953865405,
    42.417271519
  ],
  ""type"": ""Point""
}",-82.953865405,42.4172715190001
7372,9828165,GRAND RIVER,EVERGREEN,2016-09-08,8,9,2016,15,5,4,3,,1,0,,1,1,1,35,4,2,2,5,0,0,0,0,true,,true,true,false,false,false,,,,,,false,true,false,,,false,false,false,false,false,-83.23784,42.40856,"{
  ""coordinates"": [
    -8.323783548800000e+01,
    4.240855970600010e+01
  ],
  ""type"": ""Point""
}","{
  ""coordinates"": [
    -83.237835488,
    42.408559706
  ],
  ""type"": ""Point""
}",-83.237835488,42.4085597060001
7373,9793080,JEFFERSON,BEAUBIEN,2016-09-08,8,9,2016,8,5,5,4,,1,0,,1,1,1,0,4,2,2,5,0,0,0,0,true,,false,false,false,false,false,,,,,,false,false,false,,,false,false,false,false,false,-83.03936,42.33071,"{
  ""coordinates"": [
    -8.303935645999999e+01,
    4.233070746800010e+01
  ],
  ""type"": ""Point""
}","{
  ""coordinates"": [
    -83.03935646,
    42.330707468
  ],
  ""type"": ""Point""
}",-83.03935646,42.3307074680001
7374,9791542,7 MILE,DALE,2016-09-08,8,9,2016,15,5,4,9,,2,0,,1,2,1,35,4,2,3,5,0,0,0,0,true,,false,false,false,false,false,,,,,,false,false,true,,,false,false,false,false,false,-83.27662,42.42896,"{
  ""coordinates"": [
    -8.327661819300000e+01,
    4.242895989800010e+01
  ],
  ""type"": ""Point""
}","{
  ""coordinates"": [
    -83.276618193,
    42.428959898
  ],
  ""type"": ""Point""
}",-83.276618193,42.4289598980001
7375,9791537,MACK,CHALMERS,2016-09-08,8,9,2016,13,5,97,9,,4,0,,1,2,1,30,5,3,6,4,0,0,0,1,false,,false,false,true,false,false,,,,,,false,false,true,,,false,false,false,false,false,-82.95258,42.38653,"{
  ""coordinates"": [
    -8.295258091100000e+01,
    4.238653319100010e+01
  ],
  ""type"": ""Point""
}","{
  ""coordinates"": [
    -82.952580911,
    42.386533191
  ],
  ""type"": ""Point""
}",-82.952580911,42.3865331910001
7376,9791529,N I 75,ROSA PARKS,2016-09-08,8,9,2016,7,5,8,1,,1,0,,2,4,1,55,2,2,1,5,0,0,0,0,true,,false,false,true,false,false,,,,,,false,false,false,,,false,false,false,false,false,-83.07283,42.33334,"{
  ""coordinates"": [
    -8.307283014399999e+01,
    4.233334032300010e+01
  ],
  ""type"": ""Point""
}","{
  ""coordinates"": [
    -83.072830144,
    42.333340323
  ],
  ""type"": ""Point""
}",-83.072830144,42.3333403230001
7377,9812463,DAVISON,I-96,2016-09-08,8,9,2016,8,5,1,3,,1,1,,2,4,1,0,3,1,1,4,0,0,0,1,false,,false,false,false,false,false,,,,,,false,false,false,,,false,false,false,false,false,-83.14231,42.38654,"{
  ""coordinates"": [
    -8.314231025299991e+01,
    4.238654009400010e+01
  ],
  ""type"": ""Point""
}","{
  ""coordinates"": [
    -83.142310253,
    42.386540094
  ],
  ""type"": ""Point""
}",-83.1423102529999,42.3865400940001
7378,9793089,GRANDVILLE,WARREN,2016-09-08,8,9,2016,1,5,1,9,,,1,,1,2,4,25,2,1,6,2,0,3,1,0,false,,false,false,true,false,false,,,,,,false,false,false,,,false,false,false,false,false,-83.22932,42.34377,"{
  ""coordinates"": [
    -8.322931805000000e+01,
    4.234377197500000e+01
  ],
  ""type"": ""Point""
}","{
  ""coordinates"": [
    -83.22931805,
    42.343771975
  ],
  ""type"": ""Point""
}",-83.22931805,42.343771975
7379,9794315,FOREST,THIRD,2016-09-08,8,9,2016,18,5,9,9,,4,2,,1,2,1,30,3,2,1,5,0,0,0,0,true,,false,false,true,false,false,,,,,,false,false,true,,,false,false,false,false,false,-83.0704,42.35218,"{
  ""coordinates"": [
    -8.307039417399990e+01,
    4.235217558200000e+01
  ],
  ""type"": ""Point""
}","{
  ""coordinates"": [
    -83.070394174,
    42.352175582
  ],
  ""type"": ""Point""
}",-83.0703941739999,42.352175582
7380,9793056,MCNICHOLS,STANSBURY,2016-09-08,8,9,2016,21,5,8,9,,2,0,,1,1,4,35,4,2,2,5,0,0,0,0,true,,false,false,false,false,false,,,,,,false,true,false,,,false,false,false,false,false,-83.18298,42.41655,"{
  ""coordinates"": [
    -8.318297852300000e+01,
    4.241655164500000e+01
  ],
  ""type"": ""Point""
}","{
  ""coordinates"": [
    -83.182978523,
    42.416551645
  ],
  ""type"": ""Point""
}",-83.182978523,42.416551645
7381,9798161,MARTIN,MCGRAW,2016-09-08,8,9,2016,10,5,1,9,,4,1,,1,2,1,25,2,1,0,5,0,0,0,0,true,,false,false,true,false,false,,,,,,false,false,false,,,false,false,false,false,false,-83.13241,42.33791,"{
  ""coordinates"": [
    -8.313240768000000e+01,
    4.233790427100010e+01
  ],
  ""type"": ""Point""
}","{
  ""coordinates"": [
    -83.13240768,
    42.337904271
  ],
  ""type"": ""Point""
}",-83.13240768,42.3379042710001
7382,9793058,WYOMING,CSX TRANSPORTATION,2016-09-08,8,9,2016,0,5,5,9,,4,0,,1,1,4,30,4,2,2,5,0,0,0,0,true,,false,false,true,false,false,,,,,,false,false,false,,,false,false,false,false,false,-83.15857,42.37377,"{
  ""coordinates"": [
    -8.315857031000000e+01,
    4.237376889700000e+01
  ],
  ""type"": ""Point""
}","{
  ""coordinates"": [
    -83.15857031,
    42.373768897
  ],
  ""type"": ""Point""
}",-83.15857031,42.373768897
7383,9969279,N M 10 SERVICE DRIVE,PALLISTER,2016-09-08,8,9,2016,16,5,7,9,,4,0,,1,2,1,30,4,2,2,5,0,0,0,0,true,,true,true,false,false,false,,,,,,false,false,false,,,false,false,false,false,false,-83.08344,42.37033,"{
  ""coordinates"": [
    -8.308343378500000e+01,
    4.237032986000000e+01
  ],
  ""type"": ""Point""
}","{
  ""coordinates"": [
    -83.083433785,
    42.37032986
  ],
  ""type"": ""Point""
}",-83.083433785,42.37032986
7384,9793079,I-75 SERVICE,SPRINGWELLS,2016-09-08,8,9,2016,15,5,5,1,,4,0,,2,1,1,0,2,2,2,5,0,0,0,0,true,,false,false,true,false,false,,,,,,false,false,false,,,false,false,false,false,false,-83.11821,42.30136,"{
  ""coordinates"": [
    -8.311820623999991e+01,
    4.230136162000010e+01
  ],
  ""type"": ""Point""
}","{
  ""coordinates"": [
    -83.11820624,
    42.30136162
  ],
  ""type"": ""Point""
}",-83.1182062399999,42.3013616200001
7385,9793153,VAN DYKE,MILLER,2016-09-08,8,9,2016,8,5,5,3,,1,0,,2,1,1,35,3,3,3,5,0,0,0,0,true,,false,false,false,false,false,,,,,,false,false,true,,,false,false,false,false,false,-83.02251,42.39045,"{
  ""coordinates"": [
    -8.302251241899999e+01,
    4.239044925700010e+01
  ],
  ""type"": ""Point""
}","{
  ""coordinates"": [
    -83.022512419,
    42.390449257
  ],
  ""type"": ""Point""
}",-83.022512419,42.3904492570001
7386,9804328,MOROSS,MACK,2016-09-08,8,9,2016,13,5,5,9,,2,0,,1,1,1,35,2,2,3,5,0,0,0,0,true,,false,false,true,false,true,,,,,,false,false,false,,,false,false,false,false,false,-82.91084,42.41701,"{
  ""coordinates"": [
    -8.291084555899990e+01,
    4.241700588300010e+01
  ],
  ""type"": ""Point""
}","{
  ""coordinates"": [
    -82.910845559,
    42.417005883
  ],
  ""type"": ""Point""
}",-82.9108455589999,42.4170058830001
7387,9793105,SAINTMARYS,GRANDRIVER,2016-09-08,8,9,2016,14,5,98,9,,4,0,,2,2,1,25,2,2,1,5,0,0,0,0,true,,false,false,false,false,false,,,,,,false,false,true,,,false,false,false,false,false,-83.20641,42.39657,"{
  ""coordinates"": [
    -8.320640745000000e+01,
    4.239657258200000e+01
  ],
  ""type"": ""Point""
}","{
  ""coordinates"": [
    -83.20640745,
    42.396572582
  ],
  ""type"": ""Point""
}",-83.20640745,42.396572582
7388,9794312,WILLIS,CASS,2016-09-08,8,9,2016,8,5,97,9,,,0,,2,2,1,25,1,2,1,5,0,0,0,0,true,,false,false,false,false,false,,,,,,false,false,false,,,false,false,false,false,false,-83.06377,42.35042,"{
  ""coordinates"": [
    -8.306377165200000e+01,
    4.235042215800010e+01
  ],
  ""type"": ""Point""
}","{
  ""coordinates"": [
    -83.063771652,
    42.350422158
  ],
  ""type"": ""Point""
}",-83.063771652,42.3504221580001
7389,9791540,JEFFERSON,DUBOIS,2016-09-08,8,9,2016,9,5,2,9,,4,0,,2,4,1,35,9,2,3,5,0,0,0,0,true,,false,false,false,false,false,,,,,,false,false,true,,,false,false,false,false,false,-83.02481,42.3373,"{
  ""coordinates"": [
    -8.302481355299990e+01,
    4.233730311900010e+01
  ],
  ""type"": ""Point""
}","{
  ""coordinates"": [
    -83.024813553,
    42.337303119
  ],
  ""type"": ""Point""
}",-83.0248135529999,42.3373031190001
7390,9791553,8 MILE,WOODWARD,2016-09-08,8,9,2016,8,5,5,3,,1,0,,2,1,1,35,4,2,2,5,0,0,0,0,true,,false,false,true,false,false,,,,,,false,true,false,,,false,false,false,false,false,-83.12297,42.44656,"{
  ""coordinates"": [
    -8.312296758199990e+01,
    4.244655987400010e+01
  ],
  ""type"": ""Point""
}","{
  ""coordinates"": [
    -83.122967582,
    42.446559874
  ],
  ""type"": ""Point""
}",-83.1229675819999,42.4465598740001
7391,9793071,EDSEL,OMAHA,2016-09-08,8,9,2016,15,5,1,9,,,0,,1,1,1,25,1,2,1,2,0,1,0,0,false,,false,false,true,false,false,,,,,,false,false,false,,,false,false,false,true,false,-83.15897,42.27014,"{
  ""coordinates"": [
    -8.315897304000001e+01,
    4.227013895500000e+01
  ],
  ""type"": ""Point""
}","{
  ""coordinates"": [
    -83.15897304,
    42.270138955
  ],
  ""type"": ""Point""
}",-83.15897304,42.270138955
7392,9806119,KENDALL,SUSSEX,2016-09-08,8,9,2016,22,5,1,9,,,0,,1,1,1,25,2,2,0,4,0,0,0,1,false,,false,false,true,false,false,,,,,,true,false,false,,,false,false,false,false,false,-83.19511,42.38954,"{
  ""coordinates"": [
    -8.319510442900000e+01,
    4.238953946100000e+01
  ],
  ""type"": ""Point""
}","{
  ""coordinates"": [
    -83.195104429,
    42.389539461
  ],
  ""type"": ""Point""
}",-83.195104429,42.389539461
7393,9800590,LAFAYETTE,BROOKLYN,2016-09-08,8,9,2016,17,5,4,9,,4,0,,1,1,1,0,4,2,2,4,0,0,0,1,false,,true,false,false,false,false,,,,,,false,false,false,,,false,false,false,false,false,-83.0601,42.32642,"{
  ""coordinates"": [
    -8.306010789500000e+01,
    4.232642433200000e+01
  ],
  ""type"": ""Point""
}","{
  ""coordinates"": [
    -83.060107895,
    42.326424332
  ],
  ""type"": ""Point""
}",-83.060107895,42.326424332
7394,9792968,I94,VAN DYKE,2016-09-08,8,9,2016,14,5,1,1,,1,0,,1,2,1,55,3,1,1,5,0,0,0,0,true,,false,false,false,false,false,,,,,,false,false,false,,,false,false,false,false,false,-83.01834,42.38682,"{
  ""coordinates"": [
    -8.301833734800000e+01,
    4.238681728800000e+01
  ],
  ""type"": ""Point""
}","{
  ""coordinates"": [
    -83.018337348,
    42.386817288
  ],
  ""type"": ""Point""
}",-83.018337348,42.386817288
7395,9791546,MADDELEIN,REX,2016-09-08,8,9,2016,19,5,4,9,,,0,,1,1,1,25,2,2,5,4,0,0,0,1,false,,true,false,false,false,false,,,,,,false,false,false,,,false,false,false,false,false,-82.95824,42.43646,"{
  ""coordinates"": [
    -8.295824707000000e+01,
    4.243646393700000e+01
  ],
  ""type"": ""Point""
}","{
  ""coordinates"": [
    -82.95824707,
    42.436463937
  ],
  ""type"": ""Point""
}",-82.95824707,42.436463937
7396,9791550,8 MILE,GRIGGS,2016-09-08,8,9,2016,10,5,5,3,,1,0,,2,4,1,0,4,2,2,4,0,0,0,2,false,,false,false,false,false,false,,,,,,false,false,false,,,false,false,false,false,false,-83.16482,42.44558,"{
  ""coordinates"": [
    -8.316482150400000e+01,
    4.244557874700010e+01
  ],
  ""type"": ""Point""
}","{
  ""coordinates"": [
    -83.164821504,
    42.445578747
  ],
  ""type"": ""Point""
}",-83.164821504,42.4455787470001
7397,9791536,WOODWARD,MACK,2016-09-08,8,9,2016,18,5,9,3,,1,0,,1,1,1,30,2,2,2,5,0,0,0,0,true,,false,false,false,false,false,,,,,,false,true,false,,,false,false,false,false,false,-83.05792,42.34746,"{
  ""coordinates"": [
    -8.305791971600000e+01,
    4.234745676500010e+01
  ],
  ""type"": ""Point""
}","{
  ""coordinates"": [
    -83.057919716,
    42.347456765
  ],
  ""type"": ""Point""
}",-83.057919716,42.3474567650001
7398,9793163,SORRENTO,GROVE,2016-09-08,8,9,2016,12,5,98,9,,,0,,2,1,1,20,3,2,0,5,0,0,0,0,true,,false,false,true,false,false,,,,,,false,false,false,,,false,false,false,false,false,-83.17311,42.41394,"{
  ""coordinates"": [
    -8.317311364900000e+01,
    4.241394207900000e+01
  ],
  ""type"": ""Point""
}","{
  ""coordinates"": [
    -83.173113649,
    42.413942079
  ],
  ""type"": ""Point""
}",-83.173113649,42.413942079
7399,9791539,ANTIETAM,ORLEANS,2016-09-08,8,9,2016,16,5,8,9,,4,0,,1,1,1,25,2,2,2,5,0,0,0,0,true,,false,false,false,false,false,,,,,,false,false,false,,,false,false,false,false,false,-83.03703,42.344,"{
  ""coordinates"": [
    -8.303702723799999e+01,
    4.234400004400000e+01
  ],
  ""type"": ""Point""
}","{
  ""coordinates"": [
    -83.037027238,
    42.344000044
  ],
  ""type"": ""Point""
}",-83.037027238,42.344000044
7400,9793162,MONICA,7 MILE,2016-09-08,8,9,2016,22,5,97,9,,,0,,1,1,4,25,2,2,4,4,0,0,0,1,false,,false,false,false,false,false,,,,,,false,false,true,,,false,false,false,false,false,-83.14474,42.43154,"{
  ""coordinates"": [
    -8.314474638400000e+01,
    4.243153601500010e+01
  ],
  ""type"": ""Point""
}","{
  ""coordinates"": [
    -83.144746384,
    42.431536015
  ],
  ""type"": ""Point""
}",-83.144746384,42.4315360150001
7401,9793166,MCNICHOLS,JAMES COUZENS,2016-09-08,8,9,2016,16,5,4,9,,2,0,,1,2,1,35,4,2,3,4,0,0,0,2,false,,true,true,false,false,false,,,,,,false,true,false,,,false,false,false,false,false,-83.17184,42.41664,"{
  ""coordinates"": [
    -8.317184583999990e+01,
    4.241664051300010e+01
  ],
  ""type"": ""Point""
}","{
  ""coordinates"": [
    -83.17184584,
    42.416640513
  ],
  ""type"": ""Point""
}",-83.1718458399999,42.4166405130001
7402,9793135,CHALMERS,SEYMOUR,2016-09-08,8,9,2016,12,5,5,9,,4,0,,1,2,1,35,6,2,3,5,0,0,0,0,true,,false,false,false,false,false,,,,,,false,true,false,,,false,false,false,false,false,-82.97507,42.42701,"{
  ""coordinates"": [
    -8.297506502999990e+01,
    4.242701081300000e+01
  ],
  ""type"": ""Point""
}","{
  ""coordinates"": [
    -82.97506503,
    42.427010813
  ],
  ""type"": ""Point""
}",-82.9750650299999,42.427010813
7403,9793146,LIVERNOIS,FENKELL,2016-09-08,8,9,2016,19,5,8,9,,4,0,,98,98,98,30,3,2,4,5,0,0,0,0,true,,false,false,false,false,false,,,,,,false,false,true,,,false,false,false,false,false,-83.14034,42.40243,"{
  ""coordinates"": [
    -8.314033202300000e+01,
    4.240243201700010e+01
  ],
  ""type"": ""Point""
}","{
  ""coordinates"": [
    -83.140332023,
    42.402432017
  ],
  ""type"": ""Point""
}",-83.140332023,42.4024320170001
7404,9791534,JEFFERSON,RIOPELLE,2016-09-08,8,9,2016,13,5,6,9,,4,0,,1,1,1,30,8,2,3,5,0,0,0,0,true,,false,false,false,false,false,,,,,,false,false,false,,,false,false,false,false,false,-83.03101,42.33464,"{
  ""coordinates"": [
    -8.303100342899999e+01,
    4.233463507600000e+01
  ],
  ""type"": ""Point""
}","{
  ""coordinates"": [
    -83.031003429,
    42.334635076
  ],
  ""type"": ""Point""
}",-83.031003429,42.334635076
7405,9799756,8 MILE,BROCK,2016-09-08,8,9,2016,11,5,5,3,,1,0,,2,4,1,40,4,2,1,5,0,0,0,0,true,,false,false,true,false,false,,,,,,false,false,false,,,false,false,false,false,false,-82.96362,42.44993,"{
  ""coordinates"": [
    -8.296362419499999e+01,
    4.244992989600010e+01
  ],
  ""type"": ""Point""
}","{
  ""coordinates"": [
    -82.963624195,
    42.449929896
  ],
  ""type"": ""Point""
}",-82.963624195,42.4499298960001
7406,9791548,7 MILE,MT.ELLIOT,2016-09-08,8,9,2016,15,5,8,9,,4,0,,1,1,1,25,2,2,2,3,0,0,1,0,false,,true,true,false,false,false,,,,,,false,false,false,,,false,false,false,false,false,-83.03894,42.43368,"{
  ""coordinates"": [
    -8.303893875599989e+01,
    4.243368040500010e+01
  ],
  ""type"": ""Point""
}","{
  ""coordinates"": [
    -83.038938756,
    42.433680405
  ],
  ""type"": ""Point""
}",-83.0389387559999,42.4336804050001
7407,9812461,RAMP 216E,RAMP 044B,2016-09-08,8,9,2016,14,5,1,1,,1,1,,1,2,1,35,1,1,1,5,0,0,0,0,true,,false,false,false,false,false,,,,,,false,false,false,,,false,false,false,false,false,-83.05486,42.36303,"{
  ""coordinates"": [
    -8.305485854400000e+01,
    4.236302766000010e+01
  ],
  ""type"": ""Point""
}","{
  ""coordinates"": [
    -83.054858544,
    42.36302766
  ],
  ""type"": ""Point""
}",-83.054858544,42.3630276600001