ObjectId,Crash ID,Primary Road,Intersecting Road,Crash Date,Day,Month,Year,Hour,Weekday,Crash Type Code,Highway Classification Code,Community Code,Jurisdiction Code,Lane Departure Type Code,Surface Type,Road Condition,Weather Condition,Lighting Condition,Speed Limit,Lanes,Units,Occupants,Most Severe Injury,Fatal Injuries,Suspected Serious Injuries,Suspected Minor Injuries,Possible Injuries,Property Damage Only,Secondary Crash,Traffic Control,Red Light Run,Hit and Run,Alcohol,Drugs,Unbelted Person,Work Zone,Speeding Driver,Distracted Driver,Driveway,Pedestrian,Elderly Driver,Young Driver,Commercial Vehicle,Emergency Vehicles,Train,School Bus,Motorcycle,Bicycle,Deer,Longitude,Latitude,geom,geog,x,y
7408,9791532,WYOMING,JOY,2016-09-08,8,9,2016,0,5,1,9,,4,0,,1,1,4,35,5,1,2,3,0,0,1,0,false,,false,false,false,false,false,,,,,,false,false,false,,,false,false,false,false,false,-83.15795,42.35878,"{
  ""coordinates"": [
    -8.315794780899989e+01,
    4.235878496500000e+01
  ],
  ""type"": ""Point""
}","{
  ""coordinates"": [
    -83.157947809,
    42.358784965
  ],
  ""type"": ""Point""
}",-83.1579478089999,42.358784965
7409,9795100,SB M-39,PLYMOUTH,2016-09-08,8,9,2016,23,5,1,3,,1,0,,1,1,4,55,4,1,1,5,0,0,0,0,true,,false,false,false,false,false,,,,,,false,false,false,,,false,false,false,false,false,-83.2167,42.37088,"{
  ""coordinates"": [
    -8.321669943900000e+01,
    4.237087626100000e+01
  ],
  ""type"": ""Point""
}","{
  ""coordinates"": [
    -83.216699439,
    42.370876261
  ],
  ""type"": ""Point""
}",-83.216699439,42.370876261
7410,9795093,E/B I 96,SCHAEFER,2016-09-08,8,9,2016,2,5,1,1,,1,1,,1,1,4,55,3,1,1,5,0,0,0,0,true,,false,false,false,false,false,,,,,,false,false,true,,,false,false,false,false,false,-83.18303,42.3821,"{
  ""coordinates"": [
    -8.318302993400000e+01,
    4.238209429800000e+01
  ],
  ""type"": ""Point""
}","{
  ""coordinates"": [
    -83.183029934,
    42.382094298
  ],
  ""type"": ""Point""
}",-83.183029934,42.382094298
7411,9791545,MOROSS,RIAD,2016-09-08,8,9,2016,12,5,4,9,,2,0,,2,2,1,35,3,2,2,5,0,0,0,0,true,,false,false,false,false,false,,,,,,false,false,false,,,false,false,false,false,false,-82.95093,42.43388,"{
  ""coordinates"": [
    -8.295092794599999e+01,
    4.243387599400010e+01
  ],
  ""type"": ""Point""
}","{
  ""coordinates"": [
    -82.950927946,
    42.433875994
  ],
  ""type"": ""Point""
}",-82.950927946,42.4338759940001
7412,9795133,1565 LAFAYETTE,RIVARD,2016-09-08,8,9,2016,13,5,9,9,,4,0,,1,1,1,5,2,2,2,4,0,0,0,1,false,,false,false,false,false,false,,,,,,false,false,true,,,false,false,false,false,false,-83.03618,42.33636,"{
  ""coordinates"": [
    -8.303618188999999e+01,
    4.233635817300010e+01
  ],
  ""type"": ""Point""
}","{
  ""coordinates"": [
    -83.03618189,
    42.336358173
  ],
  ""type"": ""Point""
}",-83.03618189,42.3363581730001
7413,9791530,WYOMING,PLYMOUTH,2016-09-08,8,9,2016,19,5,5,9,,4,0,,1,1,3,30,5,2,1,5,0,0,0,0,true,,false,false,true,false,false,,,,,,false,false,true,,,false,false,false,false,false,-83.15856,42.3735,"{
  ""coordinates"": [
    -8.315856069400000e+01,
    4.237350316500000e+01
  ],
  ""type"": ""Point""
}","{
  ""coordinates"": [
    -83.158560694,
    42.373503165
  ],
  ""type"": ""Point""
}",-83.158560694,42.373503165
7414,9798160,18TH,FORT,2016-09-08,8,9,2016,9,5,10,3,,,0,,2,2,1,25,2,2,2,5,0,0,0,0,true,,false,false,false,false,false,,,,,,false,false,false,,,false,false,false,false,false,-83.07454,42.31929,"{
  ""coordinates"": [
    -8.307453798099991e+01,
    4.231929474800010e+01
  ],
  ""type"": ""Point""
}","{
  ""coordinates"": [
    -83.074537981,
    42.319294748
  ],
  ""type"": ""Point""
}",-83.0745379809999,42.3192947480001
7415,9794416,OUTER,FORT,2016-09-08,8,9,2016,18,5,5,3,,2,0,,1,1,1,35,6,2,2,4,0,0,0,1,false,,false,false,false,false,false,,,,,,false,false,false,,,false,false,false,false,false,-83.16688,42.26216,"{
  ""coordinates"": [
    -8.316687845400000e+01,
    4.226215962400000e+01
  ],
  ""type"": ""Point""
}","{
  ""coordinates"": [
    -83.166878454,
    42.262159624
  ],
  ""type"": ""Point""
}",-83.166878454,42.262159624
7416,9791533,BRUSH,WARREN,2016-09-08,8,9,2016,15,5,4,9,,4,0,,1,1,1,0,8,2,2,5,0,0,0,0,true,,true,true,false,false,false,,,,,,false,false,true,,,false,false,false,false,false,-83.05989,42.35875,"{
  ""coordinates"": [
    -8.305989193300000e+01,
    4.235874958000010e+01
  ],
  ""type"": ""Point""
}","{
  ""coordinates"": [
    -83.059891933,
    42.35874958
  ],
  ""type"": ""Point""
}",-83.059891933,42.3587495800001
7417,9806094,I 96,UNDERWOOD,2016-09-08,8,9,2016,10,5,8,1,,1,0,,1,2,1,70,4,2,2,4,0,0,0,1,false,,false,false,false,false,false,,,,,,false,true,false,,,false,false,false,false,false,-83.13293,42.36518,"{
  ""coordinates"": [
    -8.313293405699990e+01,
    4.236517702000000e+01
  ],
  ""type"": ""Point""
}","{
  ""coordinates"": [
    -83.132934057,
    42.36517702
  ],
  ""type"": ""Point""
}",-83.1329340569999,42.36517702
7418,9795102,CADIEUX,HARPER,2016-09-08,8,9,2016,14,5,9,9,,4,2,,1,1,1,25,2,2,1,5,0,0,0,0,true,,false,false,true,false,false,,,,,,false,false,false,,,false,false,false,false,false,-82.93651,42.41625,"{
  ""coordinates"": [
    -8.293650523500000e+01,
    4.241625289100010e+01
  ],
  ""type"": ""Point""
}","{
  ""coordinates"": [
    -82.936505235,
    42.416252891
  ],
  ""type"": ""Point""
}",-82.936505235,42.4162528910001
7419,9793067,I 96,WARREN,2016-09-08,8,9,2016,9,5,5,1,,1,0,,1,2,1,55,5,2,3,4,0,0,0,1,false,,false,false,false,false,false,,,,,,false,false,true,,,false,false,false,false,false,-83.09629,42.34591,"{
  ""coordinates"": [
    -8.309628758299991e+01,
    4.234591049700000e+01
  ],
  ""type"": ""Point""
}","{
  ""coordinates"": [
    -83.096287583,
    42.345910497
  ],
  ""type"": ""Point""
}",-83.0962875829999,42.345910497
7420,9794277,I-75,JOHN C LODGE,2016-09-08,8,9,2016,8,5,5,9,,4,0,,2,4,1,50,3,2,2,5,0,0,0,0,true,,false,false,false,false,false,,,,,,false,false,false,,,false,false,false,false,false,-83.06597,42.33609,"{
  ""coordinates"": [
    -8.306597201200000e+01,
    4.233608709200010e+01
  ],
  ""type"": ""Point""
}","{
  ""coordinates"": [
    -83.065972012,
    42.336087092
  ],
  ""type"": ""Point""
}",-83.065972012,42.3360870920001
7421,9790531,GRAND,HAMILTON,2016-09-07,7,9,2016,18,4,4,9,,4,0,,2,4,1,30,3,2,3,5,0,0,0,0,true,,false,false,false,false,false,,,,,,false,false,false,,,false,false,false,false,false,-83.08215,42.36684,"{
  ""coordinates"": [
    -8.308215057400000e+01,
    4.236684340300010e+01
  ],
  ""type"": ""Point""
}","{
  ""coordinates"": [
    -83.082150574,
    42.366843403
  ],
  ""type"": ""Point""
}",-83.082150574,42.3668434030001
7422,9790564,JEFFERSON,BEAUBIEN,2016-09-07,7,9,2016,2,4,5,4,,1,0,,1,1,4,35,4,2,2,5,0,0,0,0,true,,false,false,false,false,false,,,,,,false,false,true,,,false,false,false,false,false,-83.03936,42.33071,"{
  ""coordinates"": [
    -8.303935645999999e+01,
    4.233070746800010e+01
  ],
  ""type"": ""Point""
}","{
  ""coordinates"": [
    -83.03935646,
    42.330707468
  ],
  ""type"": ""Point""
}",-83.03935646,42.3307074680001
7423,9790528,WARREN,BRUSH,2016-09-07,7,9,2016,15,4,5,9,,4,0,,1,1,1,30,3,2,2,5,0,0,0,0,true,,false,false,false,false,false,,,,,,false,false,true,,,false,false,false,false,false,-83.0598,42.35868,"{
  ""coordinates"": [
    -8.305980067500001e+01,
    4.235867572800000e+01
  ],
  ""type"": ""Point""
}","{
  ""coordinates"": [
    -83.059800675,
    42.358675728
  ],
  ""type"": ""Point""
}",-83.059800675,42.358675728
7424,9791549,OUTER,N M 10,2016-09-07,7,9,2016,6,4,5,9,,2,0,,1,1,1,0,2,2,1,5,0,0,0,0,true,,false,false,true,false,false,,,,,,false,true,false,,,false,false,false,false,false,-83.17629,42.42105,"{
  ""coordinates"": [
    -8.317629164800000e+01,
    4.242104794500010e+01
  ],
  ""type"": ""Point""
}","{
  ""coordinates"": [
    -83.176291648,
    42.421047945
  ],
  ""type"": ""Point""
}",-83.176291648,42.4210479450001
7425,9790526,GRISWOLD,LARNED,2016-09-07,7,9,2016,7,4,8,9,,4,0,,1,1,1,30,2,2,3,5,0,0,0,0,true,,false,false,false,false,false,,,,,,false,false,false,,,false,false,false,false,false,-83.0461,42.32911,"{
  ""coordinates"": [
    -8.304609732300000e+01,
    4.232910469900000e+01
  ],
  ""type"": ""Point""
}","{
  ""coordinates"": [
    -83.046097323,
    42.329104699
  ],
  ""type"": ""Point""
}",-83.046097323,42.329104699
7426,9790558,OUTER,BLISS,2016-09-07,7,9,2016,18,4,5,9,,2,0,,2,4,1,30,3,3,4,4,0,0,0,3,false,,false,false,false,false,false,,,,,,false,true,false,,,false,false,false,false,false,-83.01494,42.43719,"{
  ""coordinates"": [
    -8.301493808100000e+01,
    4.243718890500000e+01
  ],
  ""type"": ""Point""
}","{
  ""coordinates"": [
    -83.014938081,
    42.437188905
  ],
  ""type"": ""Point""
}",-83.014938081,42.437188905
7427,9790536,GRATIOT,CONCORD,2016-09-07,7,9,2016,19,4,4,3,,1,0,,2,2,1,35,3,2,2,5,0,0,0,0,true,,false,false,false,false,false,,,,,,false,true,false,,,false,false,false,false,false,-83.02074,42.36967,"{
  ""coordinates"": [
    -8.302074520399999e+01,
    4.236967468700000e+01
  ],
  ""type"": ""Point""
}","{
  ""coordinates"": [
    -83.020745204,
    42.369674687
  ],
  ""type"": ""Point""
}",-83.020745204,42.369674687
7428,9798170,CENTRAL,DIX,2016-09-07,7,9,2016,12,4,97,9,,4,0,,1,1,1,30,2,2,1,5,0,0,0,0,true,,false,false,true,false,false,,,,,,false,false,false,,,false,false,false,false,false,-83.12762,42.31721,"{
  ""coordinates"": [
    -8.312762216599999e+01,
    4.231721574700000e+01
  ],
  ""type"": ""Point""
}","{
  ""coordinates"": [
    -83.127622166,
    42.317215747
  ],
  ""type"": ""Point""
}",-83.127622166,42.317215747
7429,9793147,RUTHERFORD,7 MILE,2016-09-07,7,9,2016,13,4,4,9,,,0,,98,98,98,30,2,2,2,5,0,0,0,0,true,,false,false,false,false,false,,,,,,false,false,false,,,false,false,false,false,false,-83.20525,42.43025,"{
  ""coordinates"": [
    -8.320524526000000e+01,
    4.243025010200010e+01
  ],
  ""type"": ""Point""
}","{
  ""coordinates"": [
    -83.20524526,
    42.430250102
  ],
  ""type"": ""Point""
}",-83.20524526,42.4302501020001
7430,9790542,GREENFIELD,RAMP 136D,2016-09-07,7,9,2016,14,4,3,1,,2,0,,1,1,1,35,8,2,3,4,0,0,0,2,false,,false,false,false,false,false,,,,,,false,false,false,,,false,false,false,false,false,-83.19823,42.37958,"{
  ""coordinates"": [
    -8.319823823900001e+01,
    4.237957799600010e+01
  ],
  ""type"": ""Point""
}","{
  ""coordinates"": [
    -83.198238239,
    42.379577996
  ],
  ""type"": ""Point""
}",-83.198238239,42.3795779960001
7431,9790547,QUEEN,NOVARA,2016-09-07,7,9,2016,1,4,4,9,,,0,,1,1,4,25,2,2,2,4,0,0,0,2,false,,true,false,true,false,false,,,,,,false,false,false,,,false,false,false,false,false,-82.96875,42.43954,"{
  ""coordinates"": [
    -8.296874850599990e+01,
    4.243953857400000e+01
  ],
  ""type"": ""Point""
}","{
  ""coordinates"": [
    -82.968748506,
    42.439538574
  ],
  ""type"": ""Point""
}",-82.9687485059999,42.439538574
7432,9795109,GRAND,3RD,2016-09-07,7,9,2016,8,4,1,9,,4,0,,1,1,1,30,3,2,2,3,0,0,1,0,false,,false,false,false,false,false,,,,,,true,false,false,,,false,false,false,false,false,-83.07906,42.36802,"{
  ""coordinates"": [
    -8.307905465600000e+01,
    4.236801937100010e+01
  ],
  ""type"": ""Point""
}","{
  ""coordinates"": [
    -83.079054656,
    42.368019371
  ],
  ""type"": ""Point""
}",-83.079054656,42.3680193710001
7433,9795122,HUBBELL,MCNICHOLS,2016-09-07,7,9,2016,18,4,4,9,,4,0,,1,1,1,35,4,2,3,4,0,0,0,1,false,,false,false,false,false,false,,,,,,false,false,true,,,false,false,false,false,false,-83.18955,42.41657,"{
  ""coordinates"": [
    -8.318955058099991e+01,
    4.241657377100010e+01
  ],
  ""type"": ""Point""
}","{
  ""coordinates"": [
    -83.189550581,
    42.416573771
  ],
  ""type"": ""Point""
}",-83.1895505809999,42.4165737710001
7434,9799017,8 MILE,EVERGREEN,2016-09-07,7,9,2016,7,4,5,3,,1,0,,1,1,1,0,4,2,2,5,0,0,0,0,true,,false,false,false,false,false,,,,,,false,false,false,,,false,false,false,false,false,-83.23747,42.44379,"{
  ""coordinates"": [
    -8.323747302399990e+01,
    4.244379267500010e+01
  ],
  ""type"": ""Point""
}","{
  ""coordinates"": [
    -83.237473024,
    42.443792675
  ],
  ""type"": ""Point""
}",-83.2374730239999,42.4437926750001
7435,9794313,ADAMS,WOODWARD,2016-09-07,7,9,2016,9,4,2,3,,4,0,,1,1,1,25,2,2,2,5,0,0,0,0,true,,true,true,false,false,false,,,,,,false,false,false,,,false,false,false,false,false,-83.05102,42.33692,"{
  ""coordinates"": [
    -8.305101652000000e+01,
    4.233692070700000e+01
  ],
  ""type"": ""Point""
}","{
  ""coordinates"": [
    -83.05101652,
    42.336920707
  ],
  ""type"": ""Point""
}",-83.05101652,42.336920707
7436,9824747,7 MILE,QUEEN,2016-09-07,7,9,2016,8,4,8,9,,2,0,,1,1,1,30,2,2,3,5,0,0,0,0,true,,false,false,false,false,false,,,,,,false,false,true,,,false,false,false,false,false,-82.96796,42.43535,"{
  ""coordinates"": [
    -8.296796505799990e+01,
    4.243534670800010e+01
  ],
  ""type"": ""Point""
}","{
  ""coordinates"": [
    -82.967965058,
    42.435346708
  ],
  ""type"": ""Point""
}",-82.9679650579999,42.4353467080001
7437,9793104,PLYMOUTH,FIELDING,2016-09-07,7,9,2016,18,4,97,9,,4,0,,2,4,1,35,2,2,1,5,0,0,0,0,true,,false,false,true,false,false,,,,,,false,true,false,,,false,false,false,false,false,-83.24122,42.37187,"{
  ""coordinates"": [
    -8.324121939000000e+01,
    4.237187073900000e+01
  ],
  ""type"": ""Point""
}","{
  ""coordinates"": [
    -83.24121939,
    42.371870739
  ],
  ""type"": ""Point""
}",-83.24121939,42.371870739
7438,9791535,MICHIGAN,24TH,2016-09-07,7,9,2016,15,4,5,2,,1,0,,1,2,1,35,5,3,3,4,0,0,0,2,false,,false,false,false,false,false,,,,,,false,false,false,,,false,false,false,false,false,-83.09161,42.33143,"{
  ""coordinates"": [
    -8.309160989299990e+01,
    4.233142977700000e+01
  ],
  ""type"": ""Point""
}","{
  ""coordinates"": [
    -83.091609893,
    42.331429777
  ],
  ""type"": ""Point""
}",-83.0916098929999,42.331429777
7439,9798157,HORATIO,WESSON,2016-09-07,7,9,2016,10,4,1,9,,,0,,1,1,1,25,2,1,1,5,0,0,0,0,true,,true,false,false,false,false,,,,,,false,false,false,,,false,false,false,false,false,-83.11978,42.3371,"{
  ""coordinates"": [
    -8.311978504500000e+01,
    4.233710435000010e+01
  ],
  ""type"": ""Point""
}","{
  ""coordinates"": [
    -83.119785045,
    42.33710435
  ],
  ""type"": ""Point""
}",-83.119785045,42.3371043500001
7440,9795009,I-94,MT ELLIOT,2016-09-07,7,9,2016,17,4,8,1,,1,0,,1,1,1,70,3,2,1,5,0,0,0,0,true,,false,false,true,false,false,,,,,,false,false,false,,,false,false,false,false,false,-83.02957,42.38353,"{
  ""coordinates"": [
    -8.302956835600000e+01,
    4.238353447400000e+01
  ],
  ""type"": ""Point""
}","{
  ""coordinates"": [
    -83.029568356,
    42.383534474
  ],
  ""type"": ""Point""
}",-83.029568356,42.383534474
7441,9790535,MACK,HILLCREST,2016-09-07,7,9,2016,13,4,5,9,,2,0,,1,2,1,35,2,2,2,5,0,0,0,0,true,,false,false,false,false,false,,,,,,false,false,true,,,false,false,false,false,false,-82.91106,42.41605,"{
  ""coordinates"": [
    -8.291106449900001e+01,
    4.241604983800000e+01
  ],
  ""type"": ""Point""
}","{
  ""coordinates"": [
    -82.911064499,
    42.416049838
  ],
  ""type"": ""Point""
}",-82.911064499,42.416049838
7442,9790560,SCHAEFER,CLARITA,2016-09-07,7,9,2016,7,4,6,9,,4,0,,1,1,1,25,1,3,3,4,0,0,0,2,false,,false,false,false,false,false,,,,,,false,true,false,,,false,false,false,false,false,-83.18039,42.42916,"{
  ""coordinates"": [
    -8.318039230399999e+01,
    4.242915774600000e+01
  ],
  ""type"": ""Point""
}","{
  ""coordinates"": [
    -83.180392304,
    42.429157746
  ],
  ""type"": ""Point""
}",-83.180392304,42.429157746
7443,9790562,SANTA MARIA,WOODINGHAM,2016-09-07,7,9,2016,12,4,4,9,,,0,,1,1,1,25,2,2,2,4,0,0,0,2,false,,true,false,false,false,false,,,,,,false,true,false,,,false,false,false,false,false,-83.15009,42.41891,"{
  ""coordinates"": [
    -8.315008358400000e+01,
    4.241890797200010e+01
  ],
  ""type"": ""Point""
}","{
  ""coordinates"": [
    -83.150083584,
    42.418907972
  ],
  ""type"": ""Point""
}",-83.150083584,42.4189079720001
7444,9791547,CHICAGO,WILDEMERE,2016-09-07,7,9,2016,22,4,8,9,,4,3,,1,1,3,25,2,2,0,5,0,0,0,0,true,,false,false,true,false,false,,,,,,false,false,false,,,false,false,false,false,false,-83.11654,42.37445,"{
  ""coordinates"": [
    -8.311653651800000e+01,
    4.237444893100010e+01
  ],
  ""type"": ""Point""
}","{
  ""coordinates"": [
    -83.116536518,
    42.374448931
  ],
  ""type"": ""Point""
}",-83.116536518,42.3744489310001
7445,9790556,7 MILE,ROGGE,2016-09-07,7,9,2016,18,4,97,9,,4,0,,1,1,1,25,2,2,1,5,0,0,0,0,true,,false,false,false,false,false,,,,,,false,false,false,,,false,false,false,false,false,-83.02972,42.43386,"{
  ""coordinates"": [
    -8.302972065599990e+01,
    4.243385678800010e+01
  ],
  ""type"": ""Point""
}","{
  ""coordinates"": [
    -83.029720656,
    42.433856788
  ],
  ""type"": ""Point""
}",-83.0297206559999,42.4338567880001
7446,9791552,WYOMING,7 MIL,2016-09-07,7,9,2016,22,4,5,9,,4,0,,1,1,4,30,2,2,8,5,0,0,0,0,true,,false,false,false,false,false,,,,,,false,false,true,,,false,false,false,false,false,-83.16097,42.43122,"{
  ""coordinates"": [
    -8.316097099500000e+01,
    4.243121562100000e+01
  ],
  ""type"": ""Point""
}","{
  ""coordinates"": [
    -83.160970995,
    42.431215621
  ],
  ""type"": ""Point""
}",-83.160970995,42.431215621
7447,9874285,JEFFERSON,FIELD,2016-09-07,7,9,2016,12,4,98,9,,4,0,,1,1,1,0,2,2,0,5,0,0,0,0,true,,false,false,true,false,false,,,,,,false,false,false,,,false,false,false,false,false,-83.00019,42.34799,"{
  ""coordinates"": [
    -8.300019418300000e+01,
    4.234798987600000e+01
  ],
  ""type"": ""Point""
}","{
  ""coordinates"": [
    -83.000194183,
    42.347989876
  ],
  ""type"": ""Point""
}",-83.000194183,42.347989876
7448,9798159,WATERMAN,DESMOND,2016-09-07,7,9,2016,16,4,1,9,,4,0,,1,2,1,25,2,1,1,5,0,0,0,0,true,,true,false,false,false,false,,,,,,false,false,false,,,false,false,false,false,false,-83.11461,42.31313,"{
  ""coordinates"": [
    -8.311460597099990e+01,
    4.231312769400010e+01
  ],
  ""type"": ""Point""
}","{
  ""coordinates"": [
    -83.114605971,
    42.313127694
  ],
  ""type"": ""Point""
}",-83.1146059709999,42.3131276940001
7449,9793151,OUTER,LAPPIN,2016-09-07,7,9,2016,18,4,5,9,,2,0,,1,1,1,25,2,3,1,5,0,0,0,0,true,,false,false,false,false,false,,,,,,false,true,false,,,false,false,false,false,false,-83.01453,42.43617,"{
  ""coordinates"": [
    -8.301453313099999e+01,
    4.243617375200010e+01
  ],
  ""type"": ""Point""
}","{
  ""coordinates"": [
    -83.014533131,
    42.436173752
  ],
  ""type"": ""Point""
}",-83.014533131,42.4361737520001
7450,9808731,WOODWARD,FOREST,2016-09-07,7,9,2016,15,4,5,3,,1,0,,1,1,1,35,1,2,3,5,0,0,0,0,true,,false,false,true,false,false,,,,,,false,false,false,,,false,false,false,false,false,-83.0629,42.35461,"{
  ""coordinates"": [
    -8.306289709200000e+01,
    4.235461311200000e+01
  ],
  ""type"": ""Point""
}","{
  ""coordinates"": [
    -83.062897092,
    42.354613112
  ],
  ""type"": ""Point""
}",-83.062897092,42.354613112
7451,9789294,CLAIRMOUNT,WOODWARD,2016-09-07,7,9,2016,5,4,5,3,,4,0,,1,1,4,35,2,2,2,5,0,0,0,0,true,,false,false,false,false,false,,,,,,false,false,true,,,false,false,false,false,false,-83.08182,42.38278,"{
  ""coordinates"": [
    -8.308181743999999e+01,
    4.238278170900000e+01
  ],
  ""type"": ""Point""
}","{
  ""coordinates"": [
    -83.08181744,
    42.382781709
  ],
  ""type"": ""Point""
}",-83.08181744,42.382781709
7452,9793081,MONROE,S I 375,2016-09-07,7,9,2016,23,4,5,9,,4,0,,1,1,4,0,2,2,2,5,0,0,0,0,true,,false,false,false,false,false,,,,,,false,false,false,,,false,false,false,false,false,-83.03869,42.33658,"{
  ""coordinates"": [
    -8.303868507100000e+01,
    4.233657737400010e+01
  ],
  ""type"": ""Point""
}","{
  ""coordinates"": [
    -83.038685071,
    42.336577374
  ],
  ""type"": ""Point""
}",-83.038685071,42.3365773740001
7453,9793098,FENKELL,LAMPHERE,2016-09-07,7,9,2016,13,4,5,9,,2,0,,1,1,1,30,1,2,2,5,0,0,0,0,true,,false,false,false,false,false,,,,,,false,false,false,,,false,false,false,false,false,-83.26189,42.40026,"{
  ""coordinates"": [
    -8.326188711600000e+01,
    4.240025776300010e+01
  ],
  ""type"": ""Point""
}","{
  ""coordinates"": [
    -83.261887116,
    42.400257763
  ],
  ""type"": ""Point""
}",-83.261887116,42.4002577630001
7454,9790540,GRATIOT,VERNOR,2016-09-07,7,9,2016,12,4,8,3,,1,0,,2,4,1,35,7,2,2,5,0,0,0,0,true,,false,false,true,false,false,,,,,,false,false,true,,,false,false,false,false,false,-83.03485,42.34857,"{
  ""coordinates"": [
    -8.303484918500000e+01,
    4.234856774600010e+01
  ],
  ""type"": ""Point""
}","{
  ""coordinates"": [
    -83.034849185,
    42.348567746
  ],
  ""type"": ""Point""
}",-83.034849185,42.3485677460001
7455,9790565,WASHBURN,CURTIS,2016-09-07,7,9,2016,10,4,4,9,,,0,,1,1,2,0,2,2,0,5,0,0,0,0,true,,false,false,true,false,false,,,,,,false,false,true,,,false,false,false,false,false,-83.1618,42.42443,"{
  ""coordinates"": [
    -8.316179534900000e+01,
    4.242443242500010e+01
  ],
  ""type"": ""Point""
}","{
  ""coordinates"": [
    -83.161795349,
    42.424432425
  ],
  ""type"": ""Point""
}",-83.161795349,42.4244324250001
7456,9791521,W/B I 96,M-39,2016-09-07,7,9,2016,18,4,5,1,,1,0,,1,2,1,55,3,2,2,5,0,0,0,0,true,,false,false,false,false,false,,,,,,false,false,true,,,false,false,false,false,false,-83.22197,42.37844,"{
  ""coordinates"": [
    -8.322197108400000e+01,
    4.237844476900010e+01
  ],
  ""type"": ""Point""
}","{
  ""coordinates"": [
    -83.221971084,
    42.378444769
  ],
  ""type"": ""Point""
}",-83.221971084,42.3784447690001
7457,9790534,MOROSS,E I 94 SERVICE DRIVE,2016-09-07,7,9,2016,6,4,10,9,,2,0,,1,1,1,35,3,2,2,5,0,0,0,0,true,,false,false,true,false,false,,,,,,false,false,false,,,false,false,false,false,false,-82.92839,42.4242,"{
  ""coordinates"": [
    -8.292839295600000e+01,
    4.242420310200000e+01
  ],
  ""type"": ""Point""
}","{
  ""coordinates"": [
    -82.928392956,
    42.424203102
  ],
  ""type"": ""Point""
}",-82.928392956,42.424203102
7458,9798158,ARMY,CASGRAIN,2016-09-07,7,9,2016,11,4,5,9,,,0,,1,2,1,25,3,3,1,5,0,0,0,0,true,,false,false,true,false,false,,,,,,false,false,false,,,false,false,false,false,false,-83.10893,42.30923,"{
  ""coordinates"": [
    -8.310893630299999e+01,
    4.230922840800010e+01
  ],
  ""type"": ""Point""
}","{
  ""coordinates"": [
    -83.108936303,
    42.309228408
  ],
  ""type"": ""Point""
}",-83.108936303,42.3092284080001
7459,9795092,N M 39,JOY,2016-09-07,7,9,2016,18,4,5,3,,1,0,,2,4,1,35,3,2,1,5,0,0,0,0,true,,false,false,false,false,false,,,,,,false,false,false,,,false,false,false,false,false,-83.21638,42.35757,"{
  ""coordinates"": [
    -8.321637516300000e+01,
    4.235757198400010e+01
  ],
  ""type"": ""Point""
}","{
  ""coordinates"": [
    -83.216375163,
    42.357571984
  ],
  ""type"": ""Point""
}",-83.216375163,42.3575719840001
7460,9790544,MOROSS,W I 94,2016-09-07,7,9,2016,8,4,5,9,,2,0,,1,1,1,25,3,3,5,5,0,0,0,0,true,,false,false,false,false,false,,,,,,false,false,true,,,false,false,false,false,false,-82.92898,42.42449,"{
  ""coordinates"": [
    -8.292898064900000e+01,
    4.242449195500010e+01
  ],
  ""type"": ""Point""
}","{
  ""coordinates"": [
    -82.928980649,
    42.424491955
  ],
  ""type"": ""Point""
}",-82.928980649,42.4244919550001
7461,9822243,GRAND RIVER,KENTFORD,2016-09-07,7,9,2016,23,4,4,3,,1,0,,1,1,4,35,5,2,2,2,0,1,0,0,false,,false,false,false,false,false,,,,,,false,false,false,,,false,false,true,false,false,-83.22192,42.40216,"{
  ""coordinates"": [
    -8.322191431200000e+01,
    4.240215858400010e+01
  ],
  ""type"": ""Point""
}","{
  ""coordinates"": [
    -83.221914312,
    42.402158584
  ],
  ""type"": ""Point""
}",-83.221914312,42.4021585840001
7462,9790548,ROSSINI,REGENT,2016-09-07,7,9,2016,2,4,8,9,,,0,,1,1,4,25,1,2,0,5,0,0,0,0,true,,false,false,true,false,false,,,,,,false,false,false,,,false,false,false,false,false,-82.97599,42.44331,"{
  ""coordinates"": [
    -8.297598716100001e+01,
    4.244331292600000e+01
  ],
  ""type"": ""Point""
}","{
  ""coordinates"": [
    -82.975987161,
    42.443312926
  ],
  ""type"": ""Point""
}",-82.975987161,42.443312926
7463,9793116,LAFAYETTE,RIVARD,2016-09-07,7,9,2016,17,4,5,9,,4,0,,1,1,1,30,2,2,5,5,0,0,0,0,true,,false,false,false,false,false,,,,,,false,false,false,,,false,false,false,false,false,-83.03628,42.3365,"{
  ""coordinates"": [
    -8.303627443700000e+01,
    4.233649811500000e+01
  ],
  ""type"": ""Point""
}","{
  ""coordinates"": [
    -83.036274437,
    42.336498115
  ],
  ""type"": ""Point""
}",-83.036274437,42.336498115
7464,9795099,DAVISON,WB I-96,2016-09-07,7,9,2016,18,4,1,3,,1,1,,2,2,1,0,3,1,2,5,0,0,0,0,true,,false,false,false,false,false,,,,,,false,false,false,,,false,false,false,false,false,-83.15654,42.38509,"{
  ""coordinates"": [
    -8.315653793900000e+01,
    4.238509164100000e+01
  ],
  ""type"": ""Point""
}","{
  ""coordinates"": [
    -83.156537939,
    42.385091641
  ],
  ""type"": ""Point""
}",-83.156537939,42.385091641
7465,9793072,WATERMAN,VERNOR,2016-09-07,7,9,2016,18,4,98,9,,4,0,,2,1,1,0,2,2,0,5,0,0,0,0,true,,false,false,true,false,false,,,,,,false,false,false,,,false,false,false,false,false,-83.11604,42.31509,"{
  ""coordinates"": [
    -8.311603767600000e+01,
    4.231508816500010e+01
  ],
  ""type"": ""Point""
}","{
  ""coordinates"": [
    -83.116037676,
    42.315088165
  ],
  ""type"": ""Point""
}",-83.116037676,42.3150881650001