ObjectId,Crash ID,Primary Road,Intersecting Road,Crash Date,Day,Month,Year,Hour,Weekday,Crash Type Code,Highway Classification Code,Community Code,Jurisdiction Code,Lane Departure Type Code,Surface Type,Road Condition,Weather Condition,Lighting Condition,Speed Limit,Lanes,Units,Occupants,Most Severe Injury,Fatal Injuries,Suspected Serious Injuries,Suspected Minor Injuries,Possible Injuries,Property Damage Only,Secondary Crash,Traffic Control,Red Light Run,Hit and Run,Alcohol,Drugs,Unbelted Person,Work Zone,Speeding Driver,Distracted Driver,Driveway,Pedestrian,Elderly Driver,Young Driver,Commercial Vehicle,Emergency Vehicles,Train,School Bus,Motorcycle,Bicycle,Deer,Longitude,Latitude,geom,geog,x,y
7466,9790549,OUTER,GUNSTON,2016-09-07,7,9,2016,10,4,8,9,,2,0,,1,1,1,35,2,2,1,5,0,0,0,0,true,,false,false,false,false,false,,,,,,false,false,false,,,false,false,false,false,false,-82.99274,42.40751,"{
  ""coordinates"": [
    -8.299273335800000e+01,
    4.240750328500010e+01
  ],
  ""type"": ""Point""
}","{
  ""coordinates"": [
    -82.992733358,
    42.407503285
  ],
  ""type"": ""Point""
}",-82.992733358,42.4075032850001
7467,9790559,STOTTER,8 MILE,2016-09-07,7,9,2016,9,4,98,3,,,0,,1,1,1,25,1,2,0,5,0,0,0,0,true,,false,false,true,false,false,,,,,,false,false,false,,,false,false,false,false,false,-83.02594,42.44773,"{
  ""coordinates"": [
    -8.302594087300000e+01,
    4.244772677400000e+01
  ],
  ""type"": ""Point""
}","{
  ""coordinates"": [
    -83.025940873,
    42.447726774
  ],
  ""type"": ""Point""
}",-83.025940873,42.447726774
7468,9793103,W I 96,SOUTHFIELD SERVICE DRIVE,2016-09-07,7,9,2016,17,4,97,1,,1,0,,2,2,1,55,2,2,1,5,0,0,0,0,true,,false,false,true,false,false,,,,,,false,false,false,,,false,false,false,false,false,-83.21739,42.3788,"{
  ""coordinates"": [
    -8.321739293199990e+01,
    4.237879889800010e+01
  ],
  ""type"": ""Point""
}","{
  ""coordinates"": [
    -83.217392932,
    42.378798898
  ],
  ""type"": ""Point""
}",-83.2173929319999,42.3787988980001
7469,9790546,7 MILE,PREVOST,2016-09-07,7,9,2016,17,4,4,9,,2,0,,2,4,1,35,4,2,0,5,0,0,0,0,true,,false,false,true,false,false,,,,,,false,false,false,,,false,false,false,false,false,-83.20407,42.43035,"{
  ""coordinates"": [
    -8.320406934099999e+01,
    4.243035027700010e+01
  ],
  ""type"": ""Point""
}","{
  ""coordinates"": [
    -83.204069341,
    42.430350277
  ],
  ""type"": ""Point""
}",-83.204069341,42.4303502770001
7470,9790554,CARTER,LAWTON,2016-09-07,7,9,2016,21,4,8,9,,,0,,1,98,2,25,1,2,2,5,0,0,0,0,true,,false,false,false,false,false,,,,,,false,false,false,,,false,false,false,false,false,-83.10908,42.36912,"{
  ""coordinates"": [
    -8.310907800599990e+01,
    4.236911602800010e+01
  ],
  ""type"": ""Point""
}","{
  ""coordinates"": [
    -83.109078006,
    42.369116028
  ],
  ""type"": ""Point""
}",-83.1090780059999,42.3691160280001
7471,9799807,RAMP 051B,TELEGRAPH,2016-09-07,7,9,2016,16,4,5,2,,1,0,,2,4,1,15,1,2,3,4,0,0,0,2,false,,false,false,false,false,false,,,,,,false,false,true,,,false,false,false,false,false,-83.27835,42.44239,"{
  ""coordinates"": [
    -8.327835341900000e+01,
    4.244238785300010e+01
  ],
  ""type"": ""Point""
}","{
  ""coordinates"": [
    -83.278353419,
    42.442387853
  ],
  ""type"": ""Point""
}",-83.278353419,42.4423878530001
7472,9790532,ADAM,WOODWARD,2016-09-07,7,9,2016,9,4,4,3,,4,0,,1,1,1,0,4,2,2,5,0,0,0,0,true,,false,false,false,false,false,,,,,,false,false,false,,,false,false,false,false,false,-83.05088,42.33698,"{
  ""coordinates"": [
    -8.305088150700000e+01,
    4.233697907200010e+01
  ],
  ""type"": ""Point""
}","{
  ""coordinates"": [
    -83.050881507,
    42.336979072
  ],
  ""type"": ""Point""
}",-83.050881507,42.3369790720001
7473,9790561,WYOMING,CAMBRIDGE,2016-09-07,7,9,2016,13,4,6,9,,4,0,,1,1,1,30,2,2,2,4,0,0,0,2,false,,false,false,false,false,false,,,,,,false,false,true,,,false,false,false,false,false,-83.16105,42.43381,"{
  ""coordinates"": [
    -8.316104678300000e+01,
    4.243380560600010e+01
  ],
  ""type"": ""Point""
}","{
  ""coordinates"": [
    -83.161046783,
    42.433805606
  ],
  ""type"": ""Point""
}",-83.161046783,42.4338056060001
7474,9824457,W I 96 CD,GRAND RIVER,2016-09-07,7,9,2016,14,4,8,1,,1,0,,2,4,1,55,3,2,4,4,0,0,0,2,false,,false,false,true,false,false,,,,,,false,false,true,,,false,false,false,false,false,-83.17567,42.38408,"{
  ""coordinates"": [
    -8.317566527100000e+01,
    4.238407872300010e+01
  ],
  ""type"": ""Point""
}","{
  ""coordinates"": [
    -83.175665271,
    42.384078723
  ],
  ""type"": ""Point""
}",-83.175665271,42.3840787230001
7475,9790563,MCNICHOLS,LINWOOD,2016-09-07,7,9,2016,16,4,5,9,,4,0,,1,1,1,30,1,2,4,5,0,0,0,0,true,,false,false,false,false,false,,,,,,false,true,false,,,false,false,false,false,false,-83.12851,42.41734,"{
  ""coordinates"": [
    -8.312851144400000e+01,
    4.241734020100010e+01
  ],
  ""type"": ""Point""
}","{
  ""coordinates"": [
    -83.128511444,
    42.417340201
  ],
  ""type"": ""Point""
}",-83.128511444,42.4173402010001
7476,9789256,I-375,MONROE,2016-09-06,6,9,2016,16,3,5,1,,1,0,,1,2,1,55,3,2,2,5,0,0,0,0,true,,false,false,false,false,false,,,,,,false,false,true,,,false,false,false,false,false,-83.03808,42.3362,"{
  ""coordinates"": [
    -8.303807891100000e+01,
    4.233620215400000e+01
  ],
  ""type"": ""Point""
}","{
  ""coordinates"": [
    -83.038078911,
    42.336202154
  ],
  ""type"": ""Point""
}",-83.038078911,42.336202154
7477,9789330,MEYERS,PICKFORD,2016-09-06,6,9,2016,16,3,97,9,,4,0,,1,1,1,30,2,3,7,4,0,0,0,1,false,,false,false,false,false,false,,,,,,false,false,true,,,false,false,false,false,false,-83.17049,42.42582,"{
  ""coordinates"": [
    -8.317049319400000e+01,
    4.242582382100010e+01
  ],
  ""type"": ""Point""
}","{
  ""coordinates"": [
    -83.170493194,
    42.425823821
  ],
  ""type"": ""Point""
}",-83.170493194,42.4258238210001
7478,9794294,CHARLES,FENELON,2016-09-06,6,9,2016,11,3,5,9,,4,0,,1,1,1,20,1,2,1,5,0,0,0,0,true,,false,false,false,false,false,,,,,,false,false,true,,,false,false,false,false,false,-83.05181,42.41167,"{
  ""coordinates"": [
    -8.305181113099999e+01,
    4.241167274600010e+01
  ],
  ""type"": ""Point""
}","{
  ""coordinates"": [
    -83.051811131,
    42.411672746
  ],
  ""type"": ""Point""
}",-83.051811131,42.4116727460001
7479,9790553,DAVISON,LINWOOD,2016-09-06,6,9,2016,16,3,5,3,,1,0,,1,1,1,35,3,3,6,5,0,0,0,0,true,,false,false,false,false,false,,,,,,false,false,false,,,false,false,false,false,false,-83.12227,42.39293,"{
  ""coordinates"": [
    -8.312226694000000e+01,
    4.239292492100000e+01
  ],
  ""type"": ""Point""
}","{
  ""coordinates"": [
    -83.12226694,
    42.392924921
  ],
  ""type"": ""Point""
}",-83.12226694,42.392924921
7480,9788359,OUTER,NEWPORT,2016-09-06,6,9,2016,3,3,1,9,,2,0,,1,1,4,30,6,1,1,5,0,0,0,0,true,,false,false,false,true,false,,,,,,false,false,false,,,false,false,false,false,false,-82.9735,42.41396,"{
  ""coordinates"": [
    -8.297350587699999e+01,
    4.241395929900010e+01
  ],
  ""type"": ""Point""
}","{
  ""coordinates"": [
    -82.973505877,
    42.413959299
  ],
  ""type"": ""Point""
}",-82.973505877,42.4139592990001
7481,9789342,CASS,PALMER,2016-09-06,6,9,2016,8,3,3,9,,4,0,,1,1,1,25,2,2,2,5,0,0,0,0,true,,false,false,false,false,false,,,,,,false,false,false,,,false,false,false,false,false,-83.06974,42.36141,"{
  ""coordinates"": [
    -8.306974383700000e+01,
    4.236140857600000e+01
  ],
  ""type"": ""Point""
}","{
  ""coordinates"": [
    -83.069743837,
    42.361408576
  ],
  ""type"": ""Point""
}",-83.069743837,42.361408576
7482,9790551,7 MILE,ALGONAC,2016-09-06,6,9,2016,14,3,5,9,,4,0,,1,1,1,30,2,2,3,5,0,0,0,0,true,,false,false,false,false,false,,,,,,false,false,true,,,false,false,false,false,false,-83.01065,42.43427,"{
  ""coordinates"": [
    -8.301064959300000e+01,
    4.243426759300010e+01
  ],
  ""type"": ""Point""
}","{
  ""coordinates"": [
    -83.010649593,
    42.434267593
  ],
  ""type"": ""Point""
}",-83.010649593,42.4342675930001
7483,9800554,RAMP 050A,STATE FAIR,2016-09-06,6,9,2016,23,3,5,1,,1,0,,1,1,4,70,3,2,3,5,0,0,0,0,true,,false,false,false,false,false,,,,,,false,false,true,,,false,false,false,false,false,-83.09477,42.43971,"{
  ""coordinates"": [
    -8.309477450100000e+01,
    4.243971109700000e+01
  ],
  ""type"": ""Point""
}","{
  ""coordinates"": [
    -83.094774501,
    42.439711097
  ],
  ""type"": ""Point""
}",-83.094774501,42.439711097
7484,9789304,TELEGRAPH,7 MILE,2016-09-06,6,9,2016,8,3,5,2,,1,0,,1,1,1,45,5,4,5,4,0,0,0,1,false,,false,false,false,false,false,,,,,,false,false,false,,,false,false,false,false,false,-83.27754,42.42868,"{
  ""coordinates"": [
    -8.327754174899999e+01,
    4.242867705800010e+01
  ],
  ""type"": ""Point""
}","{
  ""coordinates"": [
    -83.277541749,
    42.428677058
  ],
  ""type"": ""Point""
}",-83.277541749,42.4286770580001
7485,9826004,8 MILE,GARY,2016-09-06,6,9,2016,21,3,5,3,,1,0,,1,1,4,40,3,2,3,5,0,0,0,0,true,,false,false,false,false,false,,,,,,false,false,false,,,false,false,false,false,false,-83.10955,42.44683,"{
  ""coordinates"": [
    -8.310955316899999e+01,
    4.244682707700010e+01
  ],
  ""type"": ""Point""
}","{
  ""coordinates"": [
    -83.109553169,
    42.446827077
  ],
  ""type"": ""Point""
}",-83.109553169,42.4468270770001
7486,9793094,N M 39 SERVICE DRIVE,WARREN,2016-09-06,6,9,2016,10,3,8,9,,4,0,,1,1,1,35,2,2,2,5,0,0,0,0,true,,false,false,false,false,false,,,,,,false,true,false,,,false,false,false,false,false,-83.21571,42.34336,"{
  ""coordinates"": [
    -8.321570655200000e+01,
    4.234336072100010e+01
  ],
  ""type"": ""Point""
}","{
  ""coordinates"": [
    -83.215706552,
    42.343360721
  ],
  ""type"": ""Point""
}",-83.215706552,42.3433607210001
7487,9789307,7 MILE,BILTMOOR,2016-09-06,6,9,2016,2,3,1,9,,2,0,,1,1,4,35,6,1,1,3,0,0,1,0,false,,false,false,false,false,false,,,,,,false,false,false,,,false,false,false,false,false,-83.21188,42.43022,"{
  ""coordinates"": [
    -8.321187611800001e+01,
    4.243022011500010e+01
  ],
  ""type"": ""Point""
}","{
  ""coordinates"": [
    -83.211876118,
    42.430220115
  ],
  ""type"": ""Point""
}",-83.211876118,42.4302201150001
7488,9861730,M-10,MEYERS,2016-09-06,6,9,2016,8,3,5,3,,1,0,,1,1,1,55,3,2,2,5,0,0,0,0,true,,false,false,true,false,false,,,,,,false,false,false,,,false,false,false,false,false,-83.1693,42.4135,"{
  ""coordinates"": [
    -8.316930509399999e+01,
    4.241349617100010e+01
  ],
  ""type"": ""Point""
}","{
  ""coordinates"": [
    -83.169305094,
    42.413496171
  ],
  ""type"": ""Point""
}",-83.169305094,42.4134961710001
7489,9789270,M-10,SCHAEFER,2016-09-06,6,9,2016,7,3,5,3,,1,0,,1,1,1,55,3,2,2,5,0,0,0,0,true,,false,false,false,false,false,,,,,,false,false,true,,,false,false,false,false,false,-83.18077,42.42534,"{
  ""coordinates"": [
    -8.318077052300001e+01,
    4.242534419100010e+01
  ],
  ""type"": ""Point""
}","{
  ""coordinates"": [
    -83.180770523,
    42.425344191
  ],
  ""type"": ""Point""
}",-83.180770523,42.4253441910001
7490,9808776,GREENFIELD,CHALFONTE,2016-09-06,6,9,2016,13,3,5,9,,2,0,,1,1,1,35,4,2,0,5,0,0,0,0,true,,false,false,false,false,false,,,,,,false,false,false,,,false,false,false,false,false,-83.19863,42.39923,"{
  ""coordinates"": [
    -8.319862820100001e+01,
    4.239923074400010e+01
  ],
  ""type"": ""Point""
}","{
  ""coordinates"": [
    -83.198628201,
    42.399230744
  ],
  ""type"": ""Point""
}",-83.198628201,42.3992307440001
7491,9798199,7 MILE,PINEHURST,2016-09-06,6,9,2016,16,3,4,9,,2,0,,1,1,1,35,2,2,4,5,0,0,0,0,true,,false,false,false,false,false,,,,,,false,false,false,,,false,false,false,false,false,-83.16746,42.43127,"{
  ""coordinates"": [
    -8.316745862399991e+01,
    4.243127471600010e+01
  ],
  ""type"": ""Point""
}","{
  ""coordinates"": [
    -83.167458624,
    42.431274716
  ],
  ""type"": ""Point""
}",-83.1674586239999,42.4312747160001
7492,9789312,RAMP 220D,E I 94,2016-09-06,6,9,2016,7,3,5,1,,1,0,,1,1,1,25,2,2,2,5,0,0,0,0,true,,false,false,false,false,false,,,,,,false,false,false,,,false,false,false,false,false,-82.98883,42.39554,"{
  ""coordinates"": [
    -8.298883295800000e+01,
    4.239554262700010e+01
  ],
  ""type"": ""Point""
}","{
  ""coordinates"": [
    -82.988832958,
    42.395542627
  ],
  ""type"": ""Point""
}",-82.988832958,42.3955426270001
7493,9789329,WOODWARD,8 MILE,2016-09-06,6,9,2016,9,3,4,3,,1,0,,1,1,1,40,3,2,2,4,0,0,0,2,false,,true,true,false,false,false,,,,,,false,false,true,,,false,false,false,false,false,-83.12484,42.44651,"{
  ""coordinates"": [
    -8.312484224699990e+01,
    4.244650485500010e+01
  ],
  ""type"": ""Point""
}","{
  ""coordinates"": [
    -83.124842247,
    42.446504855
  ],
  ""type"": ""Point""
}",-83.1248422469999,42.4465048550001
7494,9789271,I-75,MACK,2016-09-06,6,9,2016,15,3,5,1,,1,0,,1,1,1,55,4,3,8,3,0,0,1,0,false,,false,false,false,false,false,,,,,,false,false,false,,,false,false,false,false,false,-83.04564,42.34798,"{
  ""coordinates"": [
    -8.304564251300000e+01,
    4.234797610900010e+01
  ],
  ""type"": ""Point""
}","{
  ""coordinates"": [
    -83.045642513,
    42.347976109
  ],
  ""type"": ""Point""
}",-83.045642513,42.3479761090001
7495,9865381,W I 96,MCGRAW,2016-09-06,6,9,2016,0,3,8,1,,1,0,,1,1,4,30,2,2,1,4,0,0,0,1,false,,false,false,false,false,false,,,,,,false,false,true,,,false,false,false,false,false,-83.10133,42.3522,"{
  ""coordinates"": [
    -8.310133416500000e+01,
    4.235219479900010e+01
  ],
  ""type"": ""Point""
}","{
  ""coordinates"": [
    -83.101334165,
    42.352194799
  ],
  ""type"": ""Point""
}",-83.101334165,42.3521947990001
7496,9798893,TELEGRAPH,8 MILE,2016-09-06,6,9,2016,13,3,1,2,,1,0,,1,1,1,15,1,1,2,5,0,0,0,0,true,,false,false,false,false,false,,,,,,false,false,false,,,false,false,false,false,false,-83.27853,42.44275,"{
  ""coordinates"": [
    -8.327853639100000e+01,
    4.244274859800000e+01
  ],
  ""type"": ""Point""
}","{
  ""coordinates"": [
    -83.278536391,
    42.442748598
  ],
  ""type"": ""Point""
}",-83.278536391,42.442748598
7497,9797463,RENO,EASTBURN,2016-09-06,6,9,2016,16,3,97,9,,,0,,1,1,1,25,2,2,1,5,0,0,0,0,true,,false,false,false,false,false,,,,,,false,false,false,,,false,false,false,false,false,-82.98305,42.44497,"{
  ""coordinates"": [
    -8.298304858800000e+01,
    4.244497481700010e+01
  ],
  ""type"": ""Point""
}","{
  ""coordinates"": [
    -82.983048588,
    42.444974817
  ],
  ""type"": ""Point""
}",-82.983048588,42.4449748170001
7498,9789308,ST MARYS,CHALFONTE,2016-09-06,6,9,2016,8,3,9,9,,4,0,,1,1,1,25,2,2,1,5,0,0,0,0,true,,false,false,true,false,false,,,,,,false,false,false,,,false,false,false,false,false,-83.20651,42.39919,"{
  ""coordinates"": [
    -8.320651470000000e+01,
    4.239919287700010e+01
  ],
  ""type"": ""Point""
}","{
  ""coordinates"": [
    -83.2065147,
    42.399192877
  ],
  ""type"": ""Point""
}",-83.2065147,42.3991928770001
7499,9796143,ROSA PARKS,CANFIELD,2016-09-06,6,9,2016,8,3,4,9,,4,0,,1,1,1,30,4,2,3,4,0,0,0,1,false,,true,false,false,false,false,,,,,,false,false,false,,,false,false,false,false,false,-83.08071,42.34672,"{
  ""coordinates"": [
    -8.308070812999991e+01,
    4.234671763000010e+01
  ],
  ""type"": ""Point""
}","{
  ""coordinates"": [
    -83.08070813,
    42.34671763
  ],
  ""type"": ""Point""
}",-83.0807081299999,42.3467176300001
7500,9789331,8 MILE,GARY,2016-09-06,6,9,2016,21,3,8,3,,1,0,,1,1,4,40,4,2,3,5,0,0,0,0,true,,false,false,false,false,false,,,,,,false,true,false,,,false,false,false,false,false,-83.10934,42.44683,"{
  ""coordinates"": [
    -8.310933634700000e+01,
    4.244683243700010e+01
  ],
  ""type"": ""Point""
}","{
  ""coordinates"": [
    -83.109336347,
    42.446832437
  ],
  ""type"": ""Point""
}",-83.109336347,42.4468324370001
7501,9800588,MICHIGAN,LIVERNOIS,2016-09-06,6,9,2016,13,3,5,2,,1,0,,1,1,1,0,4,2,2,5,0,0,0,0,true,,false,false,false,false,false,,,,,,false,false,false,,,false,false,false,false,false,-83.12033,42.33111,"{
  ""coordinates"": [
    -8.312032917399991e+01,
    4.233111018500010e+01
  ],
  ""type"": ""Point""
}","{
  ""coordinates"": [
    -83.120329174,
    42.331110185
  ],
  ""type"": ""Point""
}",-83.1203291739999,42.3311101850001
7502,9789311,7 MILE,CHALMERS,2016-09-06,6,9,2016,15,3,8,9,,2,0,,1,1,1,30,2,2,2,5,0,0,0,0,true,,false,false,true,false,false,,,,,,false,false,false,,,false,false,false,false,false,-82.97601,42.43511,"{
  ""coordinates"": [
    -8.297601123399990e+01,
    4.243511369300010e+01
  ],
  ""type"": ""Point""
}","{
  ""coordinates"": [
    -82.976011234,
    42.435113693
  ],
  ""type"": ""Point""
}",-82.9760112339999,42.4351136930001
7503,9789246,I-94,CADIEUX,2016-09-06,6,9,2016,7,3,5,1,,1,0,,1,1,2,55,3,2,2,5,0,0,0,0,true,,false,false,false,false,false,,,,,,false,false,true,,,false,false,false,false,false,-82.93808,42.41681,"{
  ""coordinates"": [
    -8.293808172400000e+01,
    4.241681244800000e+01
  ],
  ""type"": ""Point""
}","{
  ""coordinates"": [
    -82.938081724,
    42.416812448
  ],
  ""type"": ""Point""
}",-82.938081724,42.416812448
7504,9793085,ASBURY,GLENDALE,2016-09-06,6,9,2016,19,3,97,9,,,0,,1,1,1,25,2,2,1,5,0,0,0,0,true,,false,false,false,false,false,,,,,,false,false,false,,,false,false,false,false,false,-83.20755,42.38194,"{
  ""coordinates"": [
    -8.320754783900000e+01,
    4.238193565500010e+01
  ],
  ""type"": ""Point""
}","{
  ""coordinates"": [
    -83.207547839,
    42.381935655
  ],
  ""type"": ""Point""
}",-83.207547839,42.3819356550001
7505,9793047,RAMP 008P,E I 96,2016-09-06,6,9,2016,16,3,8,1,,1,0,,1,1,1,55,2,2,2,5,0,0,0,0,true,,false,false,false,false,false,,,,,,false,false,false,,,false,false,false,false,false,-83.21705,42.37859,"{
  ""coordinates"": [
    -8.321704495199999e+01,
    4.237858968100010e+01
  ],
  ""type"": ""Point""
}","{
  ""coordinates"": [
    -83.217044952,
    42.378589681
  ],
  ""type"": ""Point""
}",-83.217044952,42.3785896810001
7506,9790550,STATE FAIR,HAYES,2016-09-06,6,9,2016,17,3,4,9,,4,0,,1,1,1,30,2,2,1,5,0,0,0,0,true,,true,true,true,false,false,,,,,,false,true,false,,,false,false,false,false,false,-82.96574,42.44268,"{
  ""coordinates"": [
    -8.296574595100000e+01,
    4.244267553100010e+01
  ],
  ""type"": ""Point""
}","{
  ""coordinates"": [
    -82.965745951,
    42.442675531
  ],
  ""type"": ""Point""
}",-82.965745951,42.4426755310001
7507,9789319,HERITAGE,GRAND RIVER,2016-09-06,6,9,2016,3,3,98,3,,,3,,98,98,98,0,2,2,1,5,0,0,0,0,true,,false,false,true,false,false,,,,,,false,false,true,,,false,false,false,false,false,-83.12231,42.36224,"{
  ""coordinates"": [
    -8.312231054400000e+01,
    4.236223975400000e+01
  ],
  ""type"": ""Point""
}","{
  ""coordinates"": [
    -83.122310544,
    42.362239754
  ],
  ""type"": ""Point""
}",-83.122310544,42.362239754
7508,9789302,WARREN,N M 39 SERVICE DRIVE,2016-09-06,6,9,2016,10,3,5,9,,2,0,,1,1,1,35,3,2,2,5,0,0,0,0,true,,false,false,true,false,false,,,,,,false,false,false,,,false,false,false,false,false,-83.21567,42.34338,"{
  ""coordinates"": [
    -8.321566792300000e+01,
    4.234337567100000e+01
  ],
  ""type"": ""Point""
}","{
  ""coordinates"": [
    -83.215667923,
    42.343375671
  ],
  ""type"": ""Point""
}",-83.215667923,42.343375671
7509,9793055,WARREN,PLAINVIEW,2016-09-06,6,9,2016,15,3,5,9,,2,0,,1,1,1,35,4,2,2,5,0,0,0,0,true,,false,false,false,false,false,,,,,,false,false,false,,,false,false,false,false,false,-83.23406,42.34314,"{
  ""coordinates"": [
    -8.323406267000000e+01,
    4.234314382600010e+01
  ],
  ""type"": ""Point""
}","{
  ""coordinates"": [
    -83.23406267,
    42.343143826
  ],
  ""type"": ""Point""
}",-83.23406267,42.3431438260001
7510,9789255,I-75,WARREN,2016-09-06,6,9,2016,6,3,1,1,,1,1,,1,1,4,55,3,1,1,4,0,0,0,1,false,,false,false,false,false,false,,,,,,false,false,false,,,false,false,false,false,false,-83.05382,42.35975,"{
  ""coordinates"": [
    -8.305381869300000e+01,
    4.235975047000010e+01
  ],
  ""type"": ""Point""
}","{
  ""coordinates"": [
    -83.053818693,
    42.35975047
  ],
  ""type"": ""Point""
}",-83.053818693,42.3597504700001
7511,9793095,WARREN,N M 39 SERVICE DRIVE,2016-09-06,6,9,2016,10,3,5,9,,2,0,,1,1,1,30,2,2,4,5,0,0,0,0,true,,false,false,false,false,false,,,,,,false,false,false,,,false,false,false,false,false,-83.21585,42.34337,"{
  ""coordinates"": [
    -8.321585098199991e+01,
    4.234337214700000e+01
  ],
  ""type"": ""Point""
}","{
  ""coordinates"": [
    -83.215850982,
    42.343372147
  ],
  ""type"": ""Point""
}",-83.2158509819999,42.343372147
7512,9789272,M-39,LYNDON,2016-09-06,6,9,2016,17,3,5,3,,1,0,,1,1,1,55,3,2,3,5,0,0,0,0,true,,false,false,false,false,false,,,,,,false,true,false,,,false,false,false,false,false,-83.21811,42.39457,"{
  ""coordinates"": [
    -8.321810771500000e+01,
    4.239457135600000e+01
  ],
  ""type"": ""Point""
}","{
  ""coordinates"": [
    -83.218107715,
    42.394571356
  ],
  ""type"": ""Point""
}",-83.218107715,42.394571356
7513,9794302,GRAND,BEAUBIEN,2016-09-06,6,9,2016,13,3,4,9,,4,0,,1,1,1,30,5,2,3,5,0,0,0,0,true,,false,false,false,false,false,,,,,,false,false,false,,,false,false,false,false,false,-83.06748,42.37251,"{
  ""coordinates"": [
    -8.306748394499991e+01,
    4.237250774200000e+01
  ],
  ""type"": ""Point""
}","{
  ""coordinates"": [
    -83.067483945,
    42.372507742
  ],
  ""type"": ""Point""
}",-83.0674839449999,42.372507742
7514,9824495,RAMP 216I,RAMP 216K,2016-09-06,6,9,2016,3,3,1,1,,1,1,,1,1,4,45,1,1,1,1,1,0,0,0,false,,false,false,false,true,false,,,,,,false,false,false,,,false,false,false,false,false,-83.06057,42.36772,"{
  ""coordinates"": [
    -8.306057218799999e+01,
    4.236771879100010e+01
  ],
  ""type"": ""Point""
}","{
  ""coordinates"": [
    -83.060572188,
    42.367718791
  ],
  ""type"": ""Point""
}",-83.060572188,42.3677187910001
7515,9818654,WOODWARD,CANFIELD,2016-09-06,6,9,2016,10,3,8,3,,1,0,,1,1,1,0,4,2,1,5,0,0,0,0,true,,false,false,false,false,false,,,,,,false,false,false,,,false,false,false,false,false,-83.06145,42.35269,"{
  ""coordinates"": [
    -8.306144438599991e+01,
    4.235269240800010e+01
  ],
  ""type"": ""Point""
}","{
  ""coordinates"": [
    -83.061444386,
    42.352692408
  ],
  ""type"": ""Point""
}",-83.0614443859999,42.3526924080001
7516,9790552,VAN DYKE,OUTER,2016-09-06,6,9,2016,17,3,4,3,,1,0,,1,1,1,35,5,2,6,4,0,0,0,2,false,,false,false,false,false,false,,,,,,false,false,false,,,false,false,false,false,false,-83.02448,42.44093,"{
  ""coordinates"": [
    -8.302447578000000e+01,
    4.244092861300000e+01
  ],
  ""type"": ""Point""
}","{
  ""coordinates"": [
    -83.02447578,
    42.440928613
  ],
  ""type"": ""Point""
}",-83.02447578,42.440928613
7517,9789315,GRAND,POE,2016-09-06,6,9,2016,11,3,1,9,,4,0,,1,1,1,35,3,1,2,4,0,0,0,1,false,,false,false,false,false,false,,,,,,false,false,false,,,false,false,false,false,false,-83.08673,42.36534,"{
  ""coordinates"": [
    -8.308673291100000e+01,
    4.236533601400000e+01
  ],
  ""type"": ""Point""
}","{
  ""coordinates"": [
    -83.086732911,
    42.365336014
  ],
  ""type"": ""Point""
}",-83.086732911,42.365336014
7518,9794314,WOODWARD,PUTNAM,2016-09-06,6,9,2016,11,3,5,3,,1,0,,1,1,1,25,2,2,2,5,0,0,0,0,true,,false,false,false,false,false,,,,,,false,false,false,,,false,false,false,false,false,-83.06535,42.35843,"{
  ""coordinates"": [
    -8.306534565899990e+01,
    4.235842784600000e+01
  ],
  ""type"": ""Point""
}","{
  ""coordinates"": [
    -83.065345659,
    42.358427846
  ],
  ""type"": ""Point""
}",-83.0653456589999,42.358427846
7519,9790533,N M 10 SERVICE DRIVE,SEWARD,2016-09-06,6,9,2016,19,3,1,3,,4,0,,1,1,1,30,4,2,2,4,0,0,0,1,false,,false,false,false,false,false,,,,,,false,false,false,,,false,false,true,true,false,-83.08458,42.37214,"{
  ""coordinates"": [
    -8.308458080400000e+01,
    4.237213333100000e+01
  ],
  ""type"": ""Point""
}","{
  ""coordinates"": [
    -83.084580804,
    42.372133331
  ],
  ""type"": ""Point""
}",-83.084580804,42.372133331
7520,9789320,DAVISON,LIVERNOIS,2016-09-06,6,9,2016,13,3,8,3,,1,0,,1,1,1,35,3,2,2,5,0,0,0,0,true,,false,false,true,false,false,,,,,,false,false,false,,,false,false,false,false,false,-83.1395,42.38669,"{
  ""coordinates"": [
    -8.313950049399990e+01,
    4.238669116800000e+01
  ],
  ""type"": ""Point""
}","{
  ""coordinates"": [
    -83.139500494,
    42.386691168
  ],
  ""type"": ""Point""
}",-83.1395004939999,42.386691168
7521,9789295,JOHNR,PALMER,2016-09-06,6,9,2016,12,3,4,9,,4,0,,1,1,1,30,6,2,2,5,0,0,0,0,true,,false,false,false,false,false,,,,,,false,false,true,,,false,false,false,false,false,-83.06567,42.36297,"{
  ""coordinates"": [
    -8.306566982000000e+01,
    4.236296947800000e+01
  ],
  ""type"": ""Point""
}","{
  ""coordinates"": [
    -83.06566982,
    42.362969478
  ],
  ""type"": ""Point""
}",-83.06566982,42.362969478
7522,9789336,JAMES COUZENS SERVICE,MCNICHOLS,2016-09-06,6,9,2016,16,3,8,3,,1,0,,1,2,1,35,3,2,2,5,0,0,0,0,true,,false,false,false,false,false,,,,,,false,false,false,,,false,false,false,false,false,-83.17205,42.41664,"{
  ""coordinates"": [
    -8.317205291900000e+01,
    4.241663953900010e+01
  ],
  ""type"": ""Point""
}","{
  ""coordinates"": [
    -83.172052919,
    42.416639539
  ],
  ""type"": ""Point""
}",-83.172052919,42.4166395390001