ObjectId,Crash ID,Primary Road,Intersecting Road,Crash Date,Day,Month,Year,Hour,Weekday,Crash Type Code,Highway Classification Code,Community Code,Jurisdiction Code,Lane Departure Type Code,Surface Type,Road Condition,Weather Condition,Lighting Condition,Speed Limit,Lanes,Units,Occupants,Most Severe Injury,Fatal Injuries,Suspected Serious Injuries,Suspected Minor Injuries,Possible Injuries,Property Damage Only,Secondary Crash,Traffic Control,Red Light Run,Hit and Run,Alcohol,Drugs,Unbelted Person,Work Zone,Speeding Driver,Distracted Driver,Driveway,Pedestrian,Elderly Driver,Young Driver,Commercial Vehicle,Emergency Vehicles,Train,School Bus,Motorcycle,Bicycle,Deer,Longitude,Latitude,geom,geog,x,y
7523,9790539,FOREST,MT ELLIOTT,2016-09-06,6,9,2016,17,3,5,9,,4,0,,1,1,1,30,2,2,2,5,0,0,0,0,true,,false,false,false,false,false,,,,,,false,true,false,,,false,false,false,false,false,-83.02643,42.36832,"{
  ""coordinates"": [
    -8.302642927499990e+01,
    4.236831831000010e+01
  ],
  ""type"": ""Point""
}","{
  ""coordinates"": [
    -83.026429275,
    42.36831831
  ],
  ""type"": ""Point""
}",-83.0264292749999,42.3683183100001
7524,9861738,S M 10,RAMP 109A,2016-09-06,6,9,2016,3,3,1,3,,1,1,,1,1,4,45,1,1,1,4,0,0,0,1,false,,false,false,false,false,false,,,,,,false,false,false,,,false,false,false,false,false,-83.11266,42.39954,"{
  ""coordinates"": [
    -8.311266704600000e+01,
    4.239953712600000e+01
  ],
  ""type"": ""Point""
}","{
  ""coordinates"": [
    -83.112667046,
    42.399537126
  ],
  ""type"": ""Point""
}",-83.112667046,42.399537126
7525,9789323,MCNICHOLS,MT ELLIOTT,2016-09-06,6,9,2016,12,3,4,9,,4,0,,1,1,1,35,2,2,2,5,0,0,0,0,true,,false,false,false,false,false,,,,,,false,false,false,,,false,false,false,false,false,-83.03806,42.41917,"{
  ""coordinates"": [
    -8.303805508799999e+01,
    4.241917344100010e+01
  ],
  ""type"": ""Point""
}","{
  ""coordinates"": [
    -83.038055088,
    42.419173441
  ],
  ""type"": ""Point""
}",-83.038055088,42.4191734410001
7526,9789296,SECOND,HANCOCK,2016-09-06,6,9,2016,14,3,4,9,,5,0,,1,1,1,30,4,2,2,5,0,0,0,0,true,,false,false,false,false,false,,,,,,false,false,true,,,false,false,false,false,false,-83.06823,42.3541,"{
  ""coordinates"": [
    -8.306822670199990e+01,
    4.235410438900000e+01
  ],
  ""type"": ""Point""
}","{
  ""coordinates"": [
    -83.068226702,
    42.354104389
  ],
  ""type"": ""Point""
}",-83.0682267019999,42.354104389
7527,9789292,LEICESTER,BRUSH,2016-09-05,5,9,2016,4,2,5,9,,,0,,1,2,4,25,2,2,0,5,0,0,0,0,true,,false,false,true,false,false,,,,,,false,false,false,,,false,false,false,false,false,-83.07654,42.38561,"{
  ""coordinates"": [
    -8.307653744600000e+01,
    4.238561020000000e+01
  ],
  ""type"": ""Point""
}","{
  ""coordinates"": [
    -83.076537446,
    42.3856102
  ],
  ""type"": ""Point""
}",-83.076537446,42.3856102
7528,9789299,GRAYTON,WAVENEY,2016-09-05,5,9,2016,23,2,4,9,,,0,,1,1,4,25,2,2,1,5,0,0,0,0,true,,false,false,true,false,false,,,,,,false,false,false,,,false,false,false,false,false,-82.9289,42.4005,"{
  ""coordinates"": [
    -8.292890367200000e+01,
    4.240049795500000e+01
  ],
  ""type"": ""Point""
}","{
  ""coordinates"": [
    -82.928903672,
    42.400497955
  ],
  ""type"": ""Point""
}",-82.928903672,42.400497955
7529,9788386,MCNICHOLS,LAUDER,2016-09-05,5,9,2016,2,2,97,9,,2,0,,1,1,4,30,4,2,2,5,0,0,0,0,true,,false,false,false,false,false,,,,,,false,false,false,,,false,false,false,false,false,-83.19203,42.41634,"{
  ""coordinates"": [
    -8.319203214899990e+01,
    4.241633671100000e+01
  ],
  ""type"": ""Point""
}","{
  ""coordinates"": [
    -83.192032149,
    42.416336711
  ],
  ""type"": ""Point""
}",-83.1920321489999,42.416336711
7530,9795131,ALBION,EASTWOOD,2016-09-05,5,9,2016,18,2,4,9,,,0,,1,1,1,25,1,2,2,5,0,0,0,0,true,,true,false,false,false,false,,,,,,false,false,true,,,false,false,false,false,false,-83.00579,42.43262,"{
  ""coordinates"": [
    -8.300578845299999e+01,
    4.243261665600010e+01
  ],
  ""type"": ""Point""
}","{
  ""coordinates"": [
    -83.005788453,
    42.432616656
  ],
  ""type"": ""Point""
}",-83.005788453,42.4326166560001
7531,9788346,GRAND RIVER,REDFORD,2016-09-05,5,9,2016,12,2,5,3,,1,0,,1,1,1,35,3,2,3,4,0,0,0,2,false,,false,false,false,false,false,,,,,,false,true,false,,,false,false,false,false,false,-83.25874,42.41693,"{
  ""coordinates"": [
    -8.325873552800000e+01,
    4.241693011000010e+01
  ],
  ""type"": ""Point""
}","{
  ""coordinates"": [
    -83.258735528,
    42.41693011
  ],
  ""type"": ""Point""
}",-83.258735528,42.4169301100001
7532,9788356,ROSSINI,REX,2016-09-05,5,9,2016,9,2,4,9,,,0,,1,1,1,25,2,2,3,4,0,0,0,1,false,,true,false,true,false,false,,,,,,false,false,true,,,false,false,false,false,false,-82.95845,42.44381,"{
  ""coordinates"": [
    -8.295845387100000e+01,
    4.244380520700000e+01
  ],
  ""type"": ""Point""
}","{
  ""coordinates"": [
    -82.958453871,
    42.443805207
  ],
  ""type"": ""Point""
}",-82.958453871,42.443805207
7533,9788371,CASMERE,CONANT,2016-09-05,5,9,2016,2,2,8,9,,,3,,1,1,4,25,1,2,0,5,0,0,0,0,true,,false,false,true,false,false,,,,,,false,false,false,,,false,false,false,false,false,-83.05373,42.40491,"{
  ""coordinates"": [
    -8.305373587400000e+01,
    4.240490800200010e+01
  ],
  ""type"": ""Point""
}","{
  ""coordinates"": [
    -83.053735874,
    42.404908002
  ],
  ""type"": ""Point""
}",-83.053735874,42.4049080020001
7534,9788392,MCNICHOLS/N I 75 RAMP,WASHBURN,2016-09-05,5,9,2016,3,2,4,9,,2,0,,1,1,1,35,2,2,3,5,0,0,0,0,true,,false,false,true,false,false,,,,,,false,false,false,,,false,false,false,false,false,-83.16143,42.4169,"{
  ""coordinates"": [
    -8.316142746199991e+01,
    4.241689996500000e+01
  ],
  ""type"": ""Point""
}","{
  ""coordinates"": [
    -83.161427462,
    42.416899965
  ],
  ""type"": ""Point""
}",-83.1614274619999,42.416899965
7535,9789321,WYOMING,EATON,2016-09-05,5,9,2016,20,2,4,9,,4,0,,1,1,4,30,3,2,1,5,0,0,0,0,true,,true,false,true,false,false,,,,,,false,false,false,,,false,false,false,false,false,-83.15946,42.39791,"{
  ""coordinates"": [
    -8.315946210399990e+01,
    4.239791089200000e+01
  ],
  ""type"": ""Point""
}","{
  ""coordinates"": [
    -83.159462104,
    42.397910892
  ],
  ""type"": ""Point""
}",-83.1594621039999,42.397910892
7536,9793102,ST MARYS,KENDALL,2016-09-05,5,9,2016,18,2,98,9,,,0,,1,1,1,25,2,2,0,5,0,0,0,0,true,,false,false,true,false,false,,,,,,false,false,false,,,false,false,false,false,false,-83.20576,42.38931,"{
  ""coordinates"": [
    -8.320576052199991e+01,
    4.238930629300010e+01
  ],
  ""type"": ""Point""
}","{
  ""coordinates"": [
    -83.205760522,
    42.389306293
  ],
  ""type"": ""Point""
}",-83.2057605219999,42.3893062930001
7537,9796126,PINEHURST,JOY,2016-09-05,5,9,2016,0,2,10,9,,,0,,1,1,4,0,2,2,1,5,0,0,0,0,true,,false,false,false,true,false,,,,,,false,false,false,,,false,false,false,false,false,-83.16533,42.35879,"{
  ""coordinates"": [
    -8.316532598000001e+01,
    4.235878923900000e+01
  ],
  ""type"": ""Point""
}","{
  ""coordinates"": [
    -83.16532598,
    42.358789239
  ],
  ""type"": ""Point""
}",-83.16532598,42.358789239
7538,9793099,PREVOST,CHALFONTE,2016-09-05,5,9,2016,19,2,8,9,,,0,,1,1,3,25,2,2,0,5,0,0,0,0,true,,false,false,true,false,false,,,,,,false,false,false,,,false,false,false,false,false,-83.20283,42.39917,"{
  ""coordinates"": [
    -8.320282983100000e+01,
    4.239917340700000e+01
  ],
  ""type"": ""Point""
}","{
  ""coordinates"": [
    -83.202829831,
    42.399173407
  ],
  ""type"": ""Point""
}",-83.202829831,42.399173407
7539,9788341,VANDYKE,WARREN,2016-09-05,5,9,2016,10,2,8,9,,4,0,,1,1,1,30,2,2,3,5,0,0,0,0,true,,false,false,false,false,false,,,,,,false,false,false,,,false,false,false,false,false,-83.01275,42.37616,"{
  ""coordinates"": [
    -8.301274558599989e+01,
    4.237615897400010e+01
  ],
  ""type"": ""Point""
}","{
  ""coordinates"": [
    -83.012745586,
    42.376158974
  ],
  ""type"": ""Point""
}",-83.0127455859999,42.3761589740001
7540,9788355,STRASBURG,MANNING,2016-09-05,5,9,2016,17,2,10,9,,,0,,1,1,1,25,1,2,4,5,0,0,0,0,true,,false,false,true,false,false,,,,,,false,false,false,,,false,false,false,false,false,-82.99872,42.4397,"{
  ""coordinates"": [
    -8.299871684100000e+01,
    4.243970367000000e+01
  ],
  ""type"": ""Point""
}","{
  ""coordinates"": [
    -82.998716841,
    42.43970367
  ],
  ""type"": ""Point""
}",-82.998716841,42.43970367
7541,9793111,ROSEMONT,TIREMAN,2016-09-05,5,9,2016,14,2,97,9,,,0,,1,1,1,25,1,2,2,5,0,0,0,0,true,,false,false,true,false,false,,,,,,false,false,true,,,false,false,false,false,false,-83.21864,42.3508,"{
  ""coordinates"": [
    -8.321863961000000e+01,
    4.235079990800010e+01
  ],
  ""type"": ""Point""
}","{
  ""coordinates"": [
    -83.21863961,
    42.350799908
  ],
  ""type"": ""Point""
}",-83.21863961,42.3507999080001
7542,9795091,W I 96,CSX TRANSPORTATION,2016-09-05,5,9,2016,1,2,5,1,,1,0,,1,1,4,55,3,2,3,4,0,0,0,3,false,,false,false,false,false,false,,,,,,false,false,false,,,false,false,false,false,false,-83.23265,42.3784,"{
  ""coordinates"": [
    -8.323265309000000e+01,
    4.237840170500000e+01
  ],
  ""type"": ""Point""
}","{
  ""coordinates"": [
    -83.23265309,
    42.378401705
  ],
  ""type"": ""Point""
}",-83.23265309,42.378401705
7543,9793086,TELEGRAPH,GRAND RIVER,2016-09-05,5,9,2016,22,2,4,2,,1,0,,1,1,4,45,8,2,2,4,0,0,0,1,false,,true,true,false,false,false,,,,,,false,false,false,,,false,false,false,false,false,-83.27736,42.42421,"{
  ""coordinates"": [
    -8.327735786499990e+01,
    4.242421463500010e+01
  ],
  ""type"": ""Point""
}","{
  ""coordinates"": [
    -83.277357865,
    42.424214635
  ],
  ""type"": ""Point""
}",-83.2773578649999,42.4242146350001
7544,9789313,CONNER,PORTLANCE,2016-09-05,5,9,2016,22,2,8,9,,4,0,,1,1,4,35,2,2,4,5,0,0,0,0,true,,false,false,true,false,false,,,,,,false,false,true,,,false,false,false,false,false,-83.01147,42.41745,"{
  ""coordinates"": [
    -8.301147320699990e+01,
    4.241744854100010e+01
  ],
  ""type"": ""Point""
}","{
  ""coordinates"": [
    -83.011473207,
    42.417448541
  ],
  ""type"": ""Point""
}",-83.0114732069999,42.4174485410001
7545,9788390,GREENLAWN,SANTA MARIA,2016-09-05,5,9,2016,21,2,8,9,,,0,,1,1,4,25,2,2,2,5,0,0,0,0,true,,false,false,true,false,false,,,,,,false,false,false,,,false,false,false,false,false,-83.15127,42.4193,"{
  ""coordinates"": [
    -8.315126871400000e+01,
    4.241929836800010e+01
  ],
  ""type"": ""Point""
}","{
  ""coordinates"": [
    -83.151268714,
    42.419298368
  ],
  ""type"": ""Point""
}",-83.151268714,42.4192983680001
7546,9789244,RAMP 122E,RAMP 122M,2016-09-05,5,9,2016,15,2,1,3,,1,1,,1,1,1,55,1,1,1,4,0,0,0,1,false,,false,false,false,false,false,,,,,,false,false,false,,,false,false,true,false,false,-83.06333,42.33361,"{
  ""coordinates"": [
    -8.306333475600000e+01,
    4.233360703900010e+01
  ],
  ""type"": ""Point""
}","{
  ""coordinates"": [
    -83.063334756,
    42.333607039
  ],
  ""type"": ""Point""
}",-83.063334756,42.3336070390001
7547,9788344,GRAND RIVER,HEYDEN,2016-09-05,5,9,2016,12,2,97,3,,1,0,,1,1,1,35,4,2,1,3,0,0,1,0,false,,false,false,false,false,false,,,,,,true,false,false,,,false,false,false,false,false,-83.23991,42.40939,"{
  ""coordinates"": [
    -8.323990291199991e+01,
    4.240939137700010e+01
  ],
  ""type"": ""Point""
}","{
  ""coordinates"": [
    -83.239902912,
    42.409391377
  ],
  ""type"": ""Point""
}",-83.2399029119999,42.4093913770001
7548,9788353,7 MILE,GOULBURN,2016-09-05,5,9,2016,15,2,7,9,,4,0,,1,1,1,30,3,2,1,5,0,0,0,0,true,,false,false,true,false,false,,,,,,false,false,false,,,false,false,false,false,false,-82.99358,42.43473,"{
  ""coordinates"": [
    -8.299358622999991e+01,
    4.243472996100010e+01
  ],
  ""type"": ""Point""
}","{
  ""coordinates"": [
    -82.99358623,
    42.434729961
  ],
  ""type"": ""Point""
}",-82.9935862299999,42.4347299610001
7549,9788395,LIVERNOIS,FENKELL,2016-09-05,5,9,2016,22,2,5,9,,4,0,,1,1,4,35,6,2,1,5,0,0,0,0,true,,false,false,true,false,false,,,,,,false,false,false,,,false,false,false,false,false,-83.14011,42.40266,"{
  ""coordinates"": [
    -8.314011303599990e+01,
    4.240266391900010e+01
  ],
  ""type"": ""Point""
}","{
  ""coordinates"": [
    -83.140113036,
    42.402663919
  ],
  ""type"": ""Point""
}",-83.1401130359999,42.4026639190001
7550,9788357,7 MILE,MONARCH,2016-09-05,5,9,2016,12,2,1,9,,2,1,,1,1,1,30,2,1,2,5,0,0,0,0,true,,false,false,false,false,false,,,,,,false,false,false,,,false,false,false,false,false,-82.97235,42.43521,"{
  ""coordinates"": [
    -8.297235031000000e+01,
    4.243521673700010e+01
  ],
  ""type"": ""Point""
}","{
  ""coordinates"": [
    -82.97235031,
    42.435216737
  ],
  ""type"": ""Point""
}",-82.97235031,42.4352167370001
7551,9789309,GRANDVILLE,CURTIS,2016-09-05,5,9,2016,19,2,2,9,,,2,,1,1,4,25,1,2,1,3,0,0,1,0,false,,false,false,false,false,false,,,,,,false,true,false,,,false,false,false,false,false,-83.23191,42.42197,"{
  ""coordinates"": [
    -8.323190707099999e+01,
    4.242196514600000e+01
  ],
  ""type"": ""Point""
}","{
  ""coordinates"": [
    -83.231907071,
    42.421965146
  ],
  ""type"": ""Point""
}",-83.231907071,42.421965146
7552,9788387,CURTIS,LESURE,2016-09-05,5,9,2016,21,2,4,9,,,0,,1,1,5,25,1,2,1,5,0,0,0,0,true,,false,false,false,false,false,,,,,,false,false,false,,,false,false,false,false,false,-83.18251,42.42375,"{
  ""coordinates"": [
    -8.318250960300000e+01,
    4.242374975700010e+01
  ],
  ""type"": ""Point""
}","{
  ""coordinates"": [
    -83.182509603,
    42.423749757
  ],
  ""type"": ""Point""
}",-83.182509603,42.4237497570001
7553,9789301,PLAINVIEW,FENKELL,2016-09-05,5,9,2016,13,2,4,9,,,0,,1,1,1,25,2,2,2,5,0,0,0,0,true,,false,false,false,false,false,,,,,,false,false,false,,,false,false,false,false,false,-83.23619,42.40042,"{
  ""coordinates"": [
    -8.323619236400000e+01,
    4.240041693400010e+01
  ],
  ""type"": ""Point""
}","{
  ""coordinates"": [
    -83.236192364,
    42.400416934
  ],
  ""type"": ""Point""
}",-83.236192364,42.4004169340001
7554,9796788,LANCO,ANNAPOLIS,2016-09-05,5,9,2016,20,2,8,9,,,0,,1,1,1,25,2,2,1,5,0,0,0,0,true,,false,false,true,false,false,,,,,,false,false,false,,,false,false,false,false,false,-83.16051,42.36129,"{
  ""coordinates"": [
    -8.316051398799991e+01,
    4.236128625000000e+01
  ],
  ""type"": ""Point""
}","{
  ""coordinates"": [
    -83.160513988,
    42.36128625
  ],
  ""type"": ""Point""
}",-83.1605139879999,42.36128625
7555,9793077,CASPER,PITT,2016-09-05,5,9,2016,16,2,97,9,,,3,,1,1,1,0,2,2,0,5,0,0,0,0,true,,false,false,true,false,false,,,,,,false,false,false,,,false,false,false,false,false,-83.12675,42.31382,"{
  ""coordinates"": [
    -8.312675238600001e+01,
    4.231382446400000e+01
  ],
  ""type"": ""Point""
}","{
  ""coordinates"": [
    -83.126752386,
    42.313824464
  ],
  ""type"": ""Point""
}",-83.126752386,42.313824464
7556,9788354,MCNICHOLS,GUNSTON,2016-09-05,5,9,2016,15,2,4,3,,4,0,,1,1,1,30,5,2,2,4,0,0,0,1,false,,false,false,false,false,false,,,,,,false,false,false,,,false,false,false,false,false,-83.00315,42.42024,"{
  ""coordinates"": [
    -8.300315021499991e+01,
    4.242024362000010e+01
  ],
  ""type"": ""Point""
}","{
  ""coordinates"": [
    -83.003150215,
    42.42024362
  ],
  ""type"": ""Point""
}",-83.0031502149999,42.4202436200001
7557,9788365,HIGHLAND,12TH,2016-09-05,5,9,2016,14,2,8,9,,,0,,1,1,1,25,1,2,2,5,0,0,0,0,true,,false,false,false,false,false,,,,,,false,true,false,,,false,false,false,false,false,-83.10945,42.39045,"{
  ""coordinates"": [
    -8.310945340300000e+01,
    4.239044668300010e+01
  ],
  ""type"": ""Point""
}","{
  ""coordinates"": [
    -83.109453403,
    42.390446683
  ],
  ""type"": ""Point""
}",-83.109453403,42.3904466830001
7558,9861695,I-96,FULLERTON,2016-09-05,5,9,2016,21,2,4,1,,1,0,,1,2,4,70,4,2,3,4,0,0,0,2,false,,false,false,true,false,false,,,,,,false,false,true,,,false,false,false,false,false,-83.1881,42.38048,"{
  ""coordinates"": [
    -8.318809679799990e+01,
    4.238048031300010e+01
  ],
  ""type"": ""Point""
}","{
  ""coordinates"": [
    -83.188096798,
    42.380480313
  ],
  ""type"": ""Point""
}",-83.1880967979999,42.3804803130001
7559,9789041,I94,CHALMERS,2016-09-05,5,9,2016,3,2,1,1,,1,1,,1,98,4,55,3,1,1,5,0,0,0,0,true,,false,false,false,false,false,,,,,,false,false,false,,,false,false,false,false,false,-82.9661,42.40328,"{
  ""coordinates"": [
    -8.296609951300000e+01,
    4.240328287800000e+01
  ],
  ""type"": ""Point""
}","{
  ""coordinates"": [
    -82.966099513,
    42.403282878
  ],
  ""type"": ""Point""
}",-82.966099513,42.403282878
7560,9793100,JOY,VAUGHAN,2016-09-05,5,9,2016,20,2,4,9,,2,0,,1,1,4,35,3,2,3,4,0,0,0,3,false,,false,false,false,false,false,,,,,,false,false,false,,,false,false,false,false,false,-83.23692,42.35755,"{
  ""coordinates"": [
    -8.323692298600000e+01,
    4.235754617400000e+01
  ],
  ""type"": ""Point""
}","{
  ""coordinates"": [
    -83.236922986,
    42.357546174
  ],
  ""type"": ""Point""
}",-83.236922986,42.357546174
7561,9789334,GREENLAWN,SANTA MARIA,2016-09-05,5,9,2016,21,2,8,9,,,3,,1,1,4,20,3,2,2,5,0,0,0,0,true,,false,false,false,false,false,,,,,,false,false,false,,,false,false,false,false,false,-83.15126,42.41917,"{
  ""coordinates"": [
    -8.315126108399990e+01,
    4.241916828300000e+01
  ],
  ""type"": ""Point""
}","{
  ""coordinates"": [
    -83.151261084,
    42.419168283
  ],
  ""type"": ""Point""
}",-83.1512610839999,42.419168283
7562,9824611,W I 94,RAMP 212D,2016-09-05,5,9,2016,4,2,97,1,,1,0,,1,1,4,55,3,2,3,5,0,0,0,0,true,,false,false,false,false,false,,,,,,false,false,false,,,false,false,false,false,false,-83.12617,42.33694,"{
  ""coordinates"": [
    -8.312617782699991e+01,
    4.233694398400010e+01
  ],
  ""type"": ""Point""
}","{
  ""coordinates"": [
    -83.126177827,
    42.336943984
  ],
  ""type"": ""Point""
}",-83.1261778269999,42.3369439840001
7563,9794269,N M 39 SERVICE DRIVE,RAMP 007A,2016-09-05,5,9,2016,17,2,5,9,,4,0,,1,1,1,55,4,2,2,5,0,0,0,0,true,,false,false,false,false,false,,,,,,false,false,false,,,false,false,false,false,false,-83.21609,42.35512,"{
  ""coordinates"": [
    -8.321609416900000e+01,
    4.235511614500010e+01
  ],
  ""type"": ""Point""
}","{
  ""coordinates"": [
    -83.216094169,
    42.355116145
  ],
  ""type"": ""Point""
}",-83.216094169,42.3551161450001
7564,9788345,MCNICHOLS,SUNDERLAND,2016-09-05,5,9,2016,7,2,9,9,,2,0,,1,1,1,35,4,2,2,5,0,0,0,0,true,,false,false,false,false,false,,,,,,false,false,false,,,false,false,false,false,false,-83.22785,42.41537,"{
  ""coordinates"": [
    -8.322784992399990e+01,
    4.241537131600010e+01
  ],
  ""type"": ""Point""
}","{
  ""coordinates"": [
    -83.227849924,
    42.415371316
  ],
  ""type"": ""Point""
}",-83.2278499239999,42.4153713160001
7565,9789306,EVERGREEN,7 MILE,2016-09-05,5,9,2016,22,2,4,9,,4,0,,1,1,4,35,4,2,3,5,0,0,0,0,true,,false,false,true,false,false,,,,,,false,false,false,,,false,false,false,false,false,-83.23878,42.42819,"{
  ""coordinates"": [
    -8.323877849199989e+01,
    4.242819372300000e+01
  ],
  ""type"": ""Point""
}","{
  ""coordinates"": [
    -83.238778492,
    42.428193723
  ],
  ""type"": ""Point""
}",-83.2387784919999,42.428193723
7566,9799793,ROSSITER,MOROSS,2016-09-05,5,9,2016,12,2,1,9,,,1,,1,1,1,25,1,1,2,5,0,0,0,0,true,,false,false,true,false,false,,,,,,false,false,false,,,false,false,false,false,false,-82.94481,42.43103,"{
  ""coordinates"": [
    -8.294480663500001e+01,
    4.243103338500000e+01
  ],
  ""type"": ""Point""
}","{
  ""coordinates"": [
    -82.944806635,
    42.431033385
  ],
  ""type"": ""Point""
}",-82.944806635,42.431033385
7567,9789048,N M 39,RAMP 010B,2016-09-05,5,9,2016,12,2,97,3,,1,0,,1,1,5,70,3,1,1,5,0,0,0,0,true,,false,false,false,false,false,,,,,,false,false,false,,,false,false,false,false,false,-83.21876,42.41776,"{
  ""coordinates"": [
    -8.321875604800000e+01,
    4.241776226500010e+01
  ],
  ""type"": ""Point""
}","{
  ""coordinates"": [
    -83.218756048,
    42.417762265
  ],
  ""type"": ""Point""
}",-83.218756048,42.4177622650001
7568,9788340,GRINELL,GRACE,2016-09-05,5,9,2016,1,2,8,9,,4,0,,1,1,4,30,4,2,2,5,0,0,0,0,true,,false,false,false,false,false,,,,,,false,false,false,,,false,false,false,false,false,-83.00416,42.40136,"{
  ""coordinates"": [
    -8.300415731699999e+01,
    4.240135680100010e+01
  ],
  ""type"": ""Point""
}","{
  ""coordinates"": [
    -83.004157317,
    42.401356801
  ],
  ""type"": ""Point""
}",-83.004157317,42.4013568010001
7569,9788367,OUTER,BINDER,2016-09-05,5,9,2016,0,2,1,9,,2,0,,1,1,4,35,2,1,1,5,0,0,0,0,true,,false,false,false,false,false,,,,,,false,true,false,,,false,false,false,false,false,-83.06474,42.44051,"{
  ""coordinates"": [
    -8.306474056099999e+01,
    4.244051517600010e+01
  ],
  ""type"": ""Point""
}","{
  ""coordinates"": [
    -83.064740561,
    42.440515176
  ],
  ""type"": ""Point""
}",-83.064740561,42.4405151760001
7570,9789317,LYNDON,TULLER,2016-09-05,5,9,2016,15,2,3,9,,4,0,,1,1,1,30,2,2,2,4,0,0,0,2,false,,false,false,false,false,false,,,,,,false,false,false,,,false,false,false,false,false,-83.14675,42.39535,"{
  ""coordinates"": [
    -8.314675251400000e+01,
    4.239535137800000e+01
  ],
  ""type"": ""Point""
}","{
  ""coordinates"": [
    -83.146752514,
    42.395351378
  ],
  ""type"": ""Point""
}",-83.146752514,42.395351378
7571,9788334,TRACEY,CHALFONTE,2016-09-05,5,9,2016,22,2,2,9,,,2,,1,1,4,25,2,2,0,5,0,0,0,0,true,,false,false,true,false,false,,,,,,false,false,false,,,false,false,false,false,false,-83.18009,42.40005,"{
  ""coordinates"": [
    -8.318009494899999e+01,
    4.240005467200010e+01
  ],
  ""type"": ""Point""
}","{
  ""coordinates"": [
    -83.180094949,
    42.400054672
  ],
  ""type"": ""Point""
}",-83.180094949,42.4000546720001
7572,9793112,WESTFIELD,PATTON,2016-09-05,5,9,2016,23,2,5,9,,,0,,1,1,5,25,1,2,10,5,0,0,0,0,true,,false,false,false,false,false,,,,,,false,false,false,,,false,false,false,false,false,-83.24245,42.36278,"{
  ""coordinates"": [
    -8.324245114199989e+01,
    4.236277653300000e+01
  ],
  ""type"": ""Point""
}","{
  ""coordinates"": [
    -83.242451142,
    42.362776533
  ],
  ""type"": ""Point""
}",-83.2424511419999,42.362776533
7573,9791538,GRATIOT,MCCLELLAN,2016-09-05,5,9,2016,21,2,5,3,,1,0,,1,1,4,35,4,2,3,4,0,0,0,1,false,,false,false,false,false,true,,,,,,false,false,false,,,false,false,false,false,false,-83.00707,42.39032,"{
  ""coordinates"": [
    -8.300707598799990e+01,
    4.239032484300000e+01
  ],
  ""type"": ""Point""
}","{
  ""coordinates"": [
    -83.007075988,
    42.390324843
  ],
  ""type"": ""Point""
}",-83.0070759879999,42.390324843
7574,9788364,PALLISTER,M 10,2016-09-05,5,9,2016,11,2,5,3,,4,0,,1,1,1,25,2,2,2,5,0,0,0,0,true,,false,false,false,false,false,,,,,,false,false,false,,,false,false,false,false,false,-83.08438,42.37017,"{
  ""coordinates"": [
    -8.308438427499991e+01,
    4.237016548000000e+01
  ],
  ""type"": ""Point""
}","{
  ""coordinates"": [
    -83.084384275,
    42.37016548
  ],
  ""type"": ""Point""
}",-83.0843842749999,42.37016548
7575,9789318,FULLERTON,OAKMAN,2016-09-05,5,9,2016,23,2,98,9,,4,0,,98,98,98,25,1,2,1,3,0,0,1,0,false,,false,false,true,false,false,,,,,,false,false,false,,,false,false,false,false,false,-83.14426,42.38108,"{
  ""coordinates"": [
    -8.314425432400000e+01,
    4.238107909800000e+01
  ],
  ""type"": ""Point""
}","{
  ""coordinates"": [
    -83.144254324,
    42.381079098
  ],
  ""type"": ""Point""
}",-83.144254324,42.381079098
7576,9790527,EUCLID,GRAND,2016-09-05,5,9,2016,20,2,4,3,,4,0,,1,1,1,25,3,2,0,5,0,0,0,0,true,,false,false,true,false,false,,,,,,false,false,false,,,false,false,false,false,false,-83.1205,42.36131,"{
  ""coordinates"": [
    -8.312049522500000e+01,
    4.236130341100010e+01
  ],
  ""type"": ""Point""
}","{
  ""coordinates"": [
    -83.120495225,
    42.361303411
  ],
  ""type"": ""Point""
}",-83.120495225,42.3613034110001
7577,9789324,MCNICHOLS,OAKLAND,2016-09-05,5,9,2016,22,2,5,9,,2,0,,1,1,5,25,2,2,2,5,0,0,0,0,true,,false,false,true,false,false,,,,,,false,false,false,,,false,false,false,false,false,-83.09421,42.41809,"{
  ""coordinates"": [
    -8.309420748100000e+01,
    4.241808952800010e+01
  ],
  ""type"": ""Point""
}","{
  ""coordinates"": [
    -83.094207481,
    42.418089528
  ],
  ""type"": ""Point""
}",-83.094207481,42.4180895280001
7578,9789305,ROSEMONT,HESSEL,2016-09-05,5,9,2016,18,2,8,9,,,0,,1,1,1,25,1,2,2,5,0,0,0,0,true,,false,false,false,false,false,,,,,,false,false,true,,,false,false,false,false,false,-83.22243,42.44241,"{
  ""coordinates"": [
    -8.322242385000000e+01,
    4.244241443800010e+01
  ],
  ""type"": ""Point""
}","{
  ""coordinates"": [
    -83.22242385,
    42.442414438
  ],
  ""type"": ""Point""
}",-83.22242385,42.4424144380001
7579,9789310,EDSEL FORD SERVICE,CHALMERS,2016-09-05,5,9,2016,19,2,4,1,,1,0,,1,1,3,25,4,2,3,3,0,0,1,1,false,,true,true,false,false,false,,,,,,false,false,true,,,false,false,false,false,false,-82.96429,42.40382,"{
  ""coordinates"": [
    -8.296428885599990e+01,
    4.240382093800010e+01
  ],
  ""type"": ""Point""
}","{
  ""coordinates"": [
    -82.964288856,
    42.403820938
  ],
  ""type"": ""Point""
}",-82.9642888559999,42.4038209380001