ObjectId,Crash ID,Primary Road,Intersecting Road,Crash Date,Day,Month,Year,Hour,Weekday,Crash Type Code,Highway Classification Code,Community Code,Jurisdiction Code,Lane Departure Type Code,Surface Type,Road Condition,Weather Condition,Lighting Condition,Speed Limit,Lanes,Units,Occupants,Most Severe Injury,Fatal Injuries,Suspected Serious Injuries,Suspected Minor Injuries,Possible Injuries,Property Damage Only,Secondary Crash,Traffic Control,Red Light Run,Hit and Run,Alcohol,Drugs,Unbelted Person,Work Zone,Speeding Driver,Distracted Driver,Driveway,Pedestrian,Elderly Driver,Young Driver,Commercial Vehicle,Emergency Vehicles,Train,School Bus,Motorcycle,Bicycle,Deer,Longitude,Latitude,geom,geog,x,y
7694,9788393,7 MILE,SUSSEX,2016-09-03,3,9,2016,23,7,1,9,,2,0,,1,1,4,30,4,1,1,4,0,0,0,2,false,,false,false,false,false,false,,,,,,false,false,false,,,false,false,false,false,false,-83.19615,42.43052,"{
  ""coordinates"": [
    -8.319615436700001e+01,
    4.243051617600000e+01
  ],
  ""type"": ""Point""
}","{
  ""coordinates"": [
    -83.196154367,
    42.430516176
  ],
  ""type"": ""Point""
}",-83.196154367,42.430516176
7695,9785643,WEAVER,PLYMOUTH,2016-09-03,3,9,2016,16,7,5,9,,,0,,1,1,1,35,4,2,3,2,0,2,0,1,false,,false,false,true,false,false,,,,,,false,false,false,,,false,false,false,false,false,-83.22408,42.37212,"{
  ""coordinates"": [
    -8.322408309500000e+01,
    4.237212011500000e+01
  ],
  ""type"": ""Point""
}","{
  ""coordinates"": [
    -83.224083095,
    42.372120115
  ],
  ""type"": ""Point""
}",-83.224083095,42.372120115
7696,9789327,WYOMING,CHIPPWEA,2016-09-03,3,9,2016,20,7,97,9,,4,0,,1,1,4,0,2,4,6,5,0,0,0,0,true,,true,true,true,false,false,,,,,,false,true,true,,,false,false,false,false,false,-83.16131,42.44093,"{
  ""coordinates"": [
    -8.316130619200000e+01,
    4.244092816800000e+01
  ],
  ""type"": ""Point""
}","{
  ""coordinates"": [
    -83.161306192,
    42.440928168
  ],
  ""type"": ""Point""
}",-83.161306192,42.440928168
7697,9785632,MICHIGAN,GILBERT,2016-09-03,3,9,2016,11,7,2,2,,1,0,,1,1,1,35,6,2,2,3,0,0,1,1,false,,false,false,false,false,false,,,,,,false,false,true,,,false,false,false,false,false,-83.12189,42.33112,"{
  ""coordinates"": [
    -8.312189475199990e+01,
    4.233111776100000e+01
  ],
  ""type"": ""Point""
}","{
  ""coordinates"": [
    -83.121894752,
    42.331117761
  ],
  ""type"": ""Point""
}",-83.1218947519999,42.331117761
7698,9824494,M-10,PALLISTER,2016-09-03,3,9,2016,14,7,1,3,,1,1,,1,2,1,55,3,1,1,5,0,0,0,0,true,,false,false,false,false,false,,,,,,false,false,true,,,false,false,false,false,false,-83.08578,42.37282,"{
  ""coordinates"": [
    -8.308578364800000e+01,
    4.237282054900000e+01
  ],
  ""type"": ""Point""
}","{
  ""coordinates"": [
    -83.085783648,
    42.372820549
  ],
  ""type"": ""Point""
}",-83.085783648,42.372820549
7699,9789300,LAMPHERE,FENKELL,2016-09-02,2,9,2016,13,6,97,9,,,0,,1,1,1,30,1,2,1,5,0,0,0,0,true,,false,false,true,false,false,,,,,,false,true,false,,,false,false,false,false,false,-83.26175,42.40029,"{
  ""coordinates"": [
    -8.326175118899990e+01,
    4.240028718900000e+01
  ],
  ""type"": ""Point""
}","{
  ""coordinates"": [
    -83.261751189,
    42.400287189
  ],
  ""type"": ""Point""
}",-83.2617511889999,42.400287189
7700,9808808,PLYMOUTH,ST MARYS,2016-09-02,2,9,2016,10,6,4,9,,4,0,,1,1,1,30,6,2,2,5,0,0,0,0,true,,false,false,false,false,false,,,,,,false,false,false,,,false,false,false,false,false,-83.20476,42.37247,"{
  ""coordinates"": [
    -8.320475954100000e+01,
    4.237246963800000e+01
  ],
  ""type"": ""Point""
}","{
  ""coordinates"": [
    -83.204759541,
    42.372469638
  ],
  ""type"": ""Point""
}",-83.204759541,42.372469638
7701,9785266,GLENDALE,ELLEN,2016-09-02,2,9,2016,15,6,8,9,,4,0,,1,1,1,25,2,2,0,5,0,0,0,0,true,,false,false,true,false,false,,,,,,false,false,false,,,false,false,false,false,false,-83.1132,42.39266,"{
  ""coordinates"": [
    -8.311319702000000e+01,
    4.239265701800010e+01
  ],
  ""type"": ""Point""
}","{
  ""coordinates"": [
    -83.11319702,
    42.392657018
  ],
  ""type"": ""Point""
}",-83.11319702,42.3926570180001
7702,9789282,RAMP 216H,W I 94,2016-09-02,2,9,2016,15,6,8,1,,1,0,,1,1,1,55,2,2,2,5,0,0,0,0,true,,false,false,false,false,false,,,,,,false,false,false,,,false,false,false,false,false,-83.06004,42.36747,"{
  ""coordinates"": [
    -8.306004125200000e+01,
    4.236747363000010e+01
  ],
  ""type"": ""Point""
}","{
  ""coordinates"": [
    -83.060041252,
    42.36747363
  ],
  ""type"": ""Point""
}",-83.060041252,42.3674736300001
7703,9785257,KELLY,GRAYTON,2016-09-02,2,9,2016,19,6,4,9,,4,0,,1,1,1,25,2,2,2,3,0,0,1,0,false,,false,false,false,false,false,,,,,,false,false,false,,,false,false,true,false,false,-82.96048,42.42477,"{
  ""coordinates"": [
    -8.296047652899991e+01,
    4.242477037500000e+01
  ],
  ""type"": ""Point""
}","{
  ""coordinates"": [
    -82.960476529,
    42.424770375
  ],
  ""type"": ""Point""
}",-82.9604765289999,42.424770375
7704,9785166,PLYMOUTH,HUBBELL,2016-09-02,2,9,2016,14,6,97,9,,4,0,,1,1,1,30,5,3,8,2,0,2,2,0,false,,false,false,false,false,false,,,,,,false,false,true,,,false,false,false,false,false,-83.18774,42.37283,"{
  ""coordinates"": [
    -8.318774250400000e+01,
    4.237283129400000e+01
  ],
  ""type"": ""Point""
}","{
  ""coordinates"": [
    -83.187742504,
    42.372831294
  ],
  ""type"": ""Point""
}",-83.187742504,42.372831294
7705,9799735,N/B M-39,JOY,2016-09-02,2,9,2016,14,6,97,3,,1,0,,1,1,1,55,3,4,3,4,0,0,0,1,false,,false,false,true,false,false,,,,,,false,false,false,,,false,false,false,false,false,-83.21632,42.3564,"{
  ""coordinates"": [
    -8.321632235899990e+01,
    4.235639819500010e+01
  ],
  ""type"": ""Point""
}","{
  ""coordinates"": [
    -83.216322359,
    42.356398195
  ],
  ""type"": ""Point""
}",-83.2163223589999,42.3563981950001
7706,9785247,GREENFIELD,MCNICHOLS,2016-09-02,2,9,2016,12,6,97,9,,2,0,,1,1,1,30,4,3,5,4,0,0,0,4,false,,true,true,false,false,false,,,,,,false,false,false,,,false,false,false,false,false,-83.19931,42.41598,"{
  ""coordinates"": [
    -8.319930792400000e+01,
    4.241598184900000e+01
  ],
  ""type"": ""Point""
}","{
  ""coordinates"": [
    -83.199307924,
    42.415981849
  ],
  ""type"": ""Point""
}",-83.199307924,42.415981849
7707,9785180,CADIEUX,MERLIN,2016-09-02,2,9,2016,15,6,97,9,,4,0,,1,1,1,30,4,2,1,5,0,0,0,0,true,,false,false,false,false,false,,,,,,true,false,false,,,false,false,false,false,false,-82.93907,42.42014,"{
  ""coordinates"": [
    -8.293906887999999e+01,
    4.242013539900010e+01
  ],
  ""type"": ""Point""
}","{
  ""coordinates"": [
    -82.93906888,
    42.420135399
  ],
  ""type"": ""Point""
}",-82.93906888,42.4201353990001
7708,9785262,KENNEBEC,CONNER,2016-09-02,2,9,2016,15,6,4,9,,,0,,1,1,1,25,2,2,0,5,0,0,0,0,true,,false,false,true,false,false,,,,,,false,false,false,,,false,false,false,false,false,-83.01041,42.41663,"{
  ""coordinates"": [
    -8.301040418500000e+01,
    4.241662996100010e+01
  ],
  ""type"": ""Point""
}","{
  ""coordinates"": [
    -83.010404185,
    42.416629961
  ],
  ""type"": ""Point""
}",-83.010404185,42.4166299610001
7709,9788358,CONNER,OUTER,2016-09-02,2,9,2016,6,6,1,9,,4,1,,2,1,4,30,4,1,1,5,0,0,0,0,true,,false,false,false,false,false,,,,,,false,false,false,,,false,false,false,false,false,-82.98534,42.39443,"{
  ""coordinates"": [
    -8.298534307599989e+01,
    4.239442916800000e+01
  ],
  ""type"": ""Point""
}","{
  ""coordinates"": [
    -82.985343076,
    42.394429168
  ],
  ""type"": ""Point""
}",-82.9853430759999,42.394429168
7710,9785272,8 MILE,MOUND,2016-09-02,2,9,2016,15,6,5,3,,1,0,,1,1,1,40,4,3,4,5,0,0,0,0,true,,false,false,false,false,false,,,,,,false,false,false,,,false,false,false,false,false,-83.04613,42.4477,"{
  ""coordinates"": [
    -8.304613179099989e+01,
    4.244770078000000e+01
  ],
  ""type"": ""Point""
}","{
  ""coordinates"": [
    -83.046131791,
    42.44770078
  ],
  ""type"": ""Point""
}",-83.0461317909999,42.44770078
7711,9784374,EDSEL,HARDING,2016-09-02,2,9,2016,2,6,1,9,,4,0,,1,1,4,25,1,1,1,4,0,0,0,1,false,,false,false,false,false,false,,,,,,false,false,false,,,false,false,false,false,false,-82.99853,42.39431,"{
  ""coordinates"": [
    -8.299852928099990e+01,
    4.239431119500010e+01
  ],
  ""type"": ""Point""
}","{
  ""coordinates"": [
    -82.998529281,
    42.394311195
  ],
  ""type"": ""Point""
}",-82.9985292809999,42.3943111950001
7712,9785259,MORANG,DUPREY,2016-09-02,2,9,2016,12,6,97,9,,4,0,,1,1,1,30,3,3,1,5,0,0,0,0,true,,false,false,true,false,false,,,,,,false,false,false,,,false,false,false,false,false,-82.93757,42.42104,"{
  ""coordinates"": [
    -8.293756806099999e+01,
    4.242104403600010e+01
  ],
  ""type"": ""Point""
}","{
  ""coordinates"": [
    -82.937568061,
    42.421044036
  ],
  ""type"": ""Point""
}",-82.937568061,42.4210440360001
7713,9806306,CONLEY,LANTZ,2016-09-02,2,9,2016,1,6,5,9,,,0,,1,1,4,25,1,2,1,5,0,0,0,0,true,,false,false,false,false,false,,,,,,false,false,false,,,false,false,false,false,false,-83.05284,42.43717,"{
  ""coordinates"": [
    -8.305283826599999e+01,
    4.243716693200000e+01
  ],
  ""type"": ""Point""
}","{
  ""coordinates"": [
    -83.052838266,
    42.437166932
  ],
  ""type"": ""Point""
}",-83.052838266,42.437166932
7714,9785268,DAVISON CROSSOVER,WILDEMERE,2016-09-02,2,9,2016,19,6,98,3,,1,0,,1,1,1,35,6,4,4,5,0,0,0,0,true,,false,false,true,false,false,,,,,,false,false,true,,,false,false,false,false,false,-83.12743,42.39101,"{
  ""coordinates"": [
    -8.312743370000000e+01,
    4.239101015300000e+01
  ],
  ""type"": ""Point""
}","{
  ""coordinates"": [
    -83.1274337,
    42.391010153
  ],
  ""type"": ""Point""
}",-83.1274337,42.391010153
7715,9785277,E I 96,SOUTHFIELD SERVICE DRIVE,2016-09-02,2,9,2016,12,6,4,1,,1,0,,1,1,1,70,3,2,5,5,0,0,0,0,true,,false,false,false,false,false,,,,,,false,false,false,,,false,false,false,false,false,-83.21757,42.37862,"{
  ""coordinates"": [
    -8.321756702399991e+01,
    4.237862142900010e+01
  ],
  ""type"": ""Point""
}","{
  ""coordinates"": [
    -83.217567024,
    42.378621429
  ],
  ""type"": ""Point""
}",-83.2175670239999,42.3786214290001
7716,9785184,GRAY,MACK,2016-09-02,2,9,2016,7,6,4,9,,,0,,1,1,1,25,6,2,2,5,0,0,0,0,true,,true,false,false,false,false,,,,,,false,false,true,,,false,false,false,false,false,-82.96304,42.38432,"{
  ""coordinates"": [
    -8.296303977699991e+01,
    4.238431562900010e+01
  ],
  ""type"": ""Point""
}","{
  ""coordinates"": [
    -82.963039777,
    42.384315629
  ],
  ""type"": ""Point""
}",-82.9630397769999,42.3843156290001
7717,9790529,GRAND RIVER,ELIZABETH,2016-09-02,2,9,2016,17,6,5,3,,1,0,,1,1,1,25,2,2,5,4,0,0,0,1,false,,false,false,false,false,false,,,,,,false,false,false,,,false,false,false,false,false,-83.05654,42.33541,"{
  ""coordinates"": [
    -8.305653934900000e+01,
    4.233541327400010e+01
  ],
  ""type"": ""Point""
}","{
  ""coordinates"": [
    -83.056539349,
    42.335413274
  ],
  ""type"": ""Point""
}",-83.056539349,42.3354132740001
7718,9793145,DALE,DAVISON,2016-09-02,2,9,2016,11,6,9,9,,,2,,1,98,3,25,2,2,0,5,0,0,0,0,true,,false,false,true,false,false,,,,,,false,false,false,,,false,false,false,false,false,-83.27467,42.38319,"{
  ""coordinates"": [
    -8.327467462899990e+01,
    4.238318476700000e+01
  ],
  ""type"": ""Point""
}","{
  ""coordinates"": [
    -83.274674629,
    42.383184767
  ],
  ""type"": ""Point""
}",-83.2746746289999,42.383184767
7719,9785234,7 MILE,GREENVIEW,2016-09-02,2,9,2016,16,6,5,9,,2,0,,1,1,1,35,4,2,2,5,0,0,0,0,true,,false,false,false,false,false,,,,,,false,false,true,,,false,false,false,false,false,-83.22533,42.4299,"{
  ""coordinates"": [
    -8.322532401200000e+01,
    4.242990201300010e+01
  ],
  ""type"": ""Point""
}","{
  ""coordinates"": [
    -83.225324012,
    42.429902013
  ],
  ""type"": ""Point""
}",-83.225324012,42.4299020130001
7720,9785157,LANTZ,MACKAY,2016-09-02,2,9,2016,17,6,4,9,,,0,,1,1,1,25,2,2,2,4,0,0,0,1,false,,false,false,true,false,false,,,,,,false,false,false,,,false,false,false,false,false,-83.07612,42.43784,"{
  ""coordinates"": [
    -8.307611614500000e+01,
    4.243784379200010e+01
  ],
  ""type"": ""Point""
}","{
  ""coordinates"": [
    -83.076116145,
    42.437843792
  ],
  ""type"": ""Point""
}",-83.076116145,42.4378437920001
7721,9785254,KELLY,LAPPIN,2016-09-02,2,9,2016,14,6,4,9,,2,0,,1,1,1,30,2,2,1,5,0,0,0,0,true,,false,false,true,false,false,,,,,,false,false,false,,,false,false,false,false,false,-82.95112,42.43726,"{
  ""coordinates"": [
    -8.295111685500000e+01,
    4.243726252400010e+01
  ],
  ""type"": ""Point""
}","{
  ""coordinates"": [
    -82.951116855,
    42.437262524
  ],
  ""type"": ""Point""
}",-82.951116855,42.4372625240001
7722,9799002,SCHOOLCRAFT,EVERGREEN,2016-09-02,2,9,2016,13,6,5,9,,2,0,,1,1,1,30,4,2,3,5,0,0,0,0,true,,false,false,false,false,false,,,,,,false,false,false,,,false,false,false,false,false,-83.23689,42.38625,"{
  ""coordinates"": [
    -8.323688241300000e+01,
    4.238625119000010e+01
  ],
  ""type"": ""Point""
}","{
  ""coordinates"": [
    -83.236882413,
    42.38625119
  ],
  ""type"": ""Point""
}",-83.236882413,42.3862511900001
7723,9785255,DUCHESS,GRAYTON,2016-09-02,2,9,2016,15,6,4,9,,,0,,1,1,1,25,1,2,4,4,0,0,0,4,false,,true,false,false,false,false,,,,,,false,false,true,,,false,false,false,false,false,-82.95734,42.42347,"{
  ""coordinates"": [
    -8.295734743700000e+01,
    4.242346829600010e+01
  ],
  ""type"": ""Point""
}","{
  ""coordinates"": [
    -82.957347437,
    42.423468296
  ],
  ""type"": ""Point""
}",-82.957347437,42.4234682960001
7724,9789267,I 75,SCHAEFER,2016-09-02,2,9,2016,4,6,1,1,,1,0,,1,1,4,70,4,1,1,5,0,0,0,0,true,,false,false,false,false,false,,,,,,false,false,false,,,false,false,false,false,false,-83.14156,42.28615,"{
  ""coordinates"": [
    -8.314155548199990e+01,
    4.228615138400000e+01
  ],
  ""type"": ""Point""
}","{
  ""coordinates"": [
    -83.141555482,
    42.286151384
  ],
  ""type"": ""Point""
}",-83.1415554819999,42.286151384
7725,9785275,LIVERNOIS,8 MILE,2016-09-02,2,9,2016,7,6,4,3,,4,0,,1,1,1,40,4,2,3,5,0,0,0,0,true,,false,false,false,false,false,,,,,,false,false,true,,,false,false,false,false,false,-83.142,42.44604,"{
  ""coordinates"": [
    -8.314199755600001e+01,
    4.244604064100000e+01
  ],
  ""type"": ""Point""
}","{
  ""coordinates"": [
    -83.141997556,
    42.446040641
  ],
  ""type"": ""Point""
}",-83.141997556,42.446040641
7726,9810638,HARPER,WOODHALL,2016-09-02,2,9,2016,12,6,5,9,,4,0,,1,1,1,25,5,2,2,5,0,0,0,0,true,,false,false,false,false,false,,,,,,false,true,false,,,false,false,false,false,false,-82.93327,42.41836,"{
  ""coordinates"": [
    -8.293326326000000e+01,
    4.241835713500010e+01
  ],
  ""type"": ""Point""
}","{
  ""coordinates"": [
    -82.93326326,
    42.418357135
  ],
  ""type"": ""Point""
}",-82.93326326,42.4183571350001
7727,9793096,HUBBELL,MCNICHOLS,2016-09-02,2,9,2016,21,6,97,9,,4,0,,1,1,5,30,2,2,2,5,0,0,0,0,true,,false,false,false,false,false,,,,,,false,false,false,,,false,false,false,false,false,-83.18954,42.41626,"{
  ""coordinates"": [
    -8.318954031700000e+01,
    4.241625416100000e+01
  ],
  ""type"": ""Point""
}","{
  ""coordinates"": [
    -83.189540317,
    42.416254161
  ],
  ""type"": ""Point""
}",-83.189540317,42.416254161
7728,9788349,8 MILE,TELEGRAPH,2016-09-02,2,9,2016,20,6,5,3,,1,0,,1,1,1,30,1,2,4,5,0,0,0,0,true,,false,false,false,false,false,,,,,,false,false,true,,,false,false,false,false,false,-83.27854,42.44273,"{
  ""coordinates"": [
    -8.327853997100000e+01,
    4.244273429200010e+01
  ],
  ""type"": ""Point""
}","{
  ""coordinates"": [
    -83.278539971,
    42.442734292
  ],
  ""type"": ""Point""
}",-83.278539971,42.4427342920001
7729,9824460,I-94,JUNCTION,2016-09-02,2,9,2016,15,6,5,1,,1,0,,1,1,1,55,3,2,2,4,0,0,0,1,false,,false,false,true,false,false,,,,,,false,false,true,,,false,false,false,false,false,-83.11984,42.33939,"{
  ""coordinates"": [
    -8.311984343300000e+01,
    4.233938699300010e+01
  ],
  ""type"": ""Point""
}","{
  ""coordinates"": [
    -83.119843433,
    42.339386993
  ],
  ""type"": ""Point""
}",-83.119843433,42.3393869930001
7730,9785179,CADIEUX,HARPER,2016-09-02,2,9,2016,16,6,5,9,,4,0,,1,1,1,30,4,2,1,4,0,0,0,1,false,,false,false,false,false,false,,,,,,false,false,false,,,false,false,false,false,false,-82.93649,42.41624,"{
  ""coordinates"": [
    -8.293649648699990e+01,
    4.241623990300010e+01
  ],
  ""type"": ""Point""
}","{
  ""coordinates"": [
    -82.936496487,
    42.416239903
  ],
  ""type"": ""Point""
}",-82.9364964869999,42.4162399030001
7731,9785170,FARMER,MONROE,2016-09-02,2,9,2016,13,6,97,9,,4,0,,1,1,1,25,4,2,3,5,0,0,0,0,true,,false,false,false,false,false,,,,,,false,false,false,,,false,false,false,false,false,-83.04554,42.33293,"{
  ""coordinates"": [
    -8.304554173000000e+01,
    4.233293042200010e+01
  ],
  ""type"": ""Point""
}","{
  ""coordinates"": [
    -83.04554173,
    42.332930422
  ],
  ""type"": ""Point""
}",-83.04554173,42.3329304220001
7732,9790523,N I 75,GRAND RIVER,2016-09-02,2,9,2016,7,6,8,1,,1,0,,1,1,1,55,4,2,1,5,0,0,0,0,true,,false,false,true,false,false,,,,,,false,false,false,,,false,false,false,false,false,-83.05928,42.33643,"{
  ""coordinates"": [
    -8.305928409500000e+01,
    4.233643384800010e+01
  ],
  ""type"": ""Point""
}","{
  ""coordinates"": [
    -83.059284095,
    42.336433848
  ],
  ""type"": ""Point""
}",-83.059284095,42.3364338480001
7733,9785165,SCHOOLCRAFT,WHITCOMB,2016-09-02,2,9,2016,19,6,8,9,,2,0,,1,1,1,30,2,2,2,3,0,0,1,0,false,,false,false,false,false,false,,,,,,false,false,true,,,false,false,false,false,false,-83.19613,42.38711,"{
  ""coordinates"": [
    -8.319612990900001e+01,
    4.238710904100000e+01
  ],
  ""type"": ""Point""
}","{
  ""coordinates"": [
    -83.196129909,
    42.387109041
  ],
  ""type"": ""Point""
}",-83.196129909,42.387109041
7734,9785279,RIVARD,LAFAYETTE PLAISANCE,2016-09-02,2,9,2016,17,6,5,9,,4,0,,1,1,1,25,4,2,3,5,0,0,0,0,true,,false,false,false,false,false,,,,,,false,false,true,,,false,false,false,false,false,-83.03841,42.33965,"{
  ""coordinates"": [
    -8.303841464200001e+01,
    4.233965011700010e+01
  ],
  ""type"": ""Point""
}","{
  ""coordinates"": [
    -83.038414642,
    42.339650117
  ],
  ""type"": ""Point""
}",-83.038414642,42.3396501170001
7735,9829283,I-94,I-75,2016-09-02,2,9,2016,11,6,8,1,,1,0,,1,1,1,55,4,2,1,5,0,0,0,0,true,,false,false,true,false,false,,,,,,false,false,true,,,false,false,false,false,false,-83.05735,42.36888,"{
  ""coordinates"": [
    -8.305735186600000e+01,
    4.236888089500010e+01
  ],
  ""type"": ""Point""
}","{
  ""coordinates"": [
    -83.057351866,
    42.368880895
  ],
  ""type"": ""Point""
}",-83.057351866,42.3688808950001
7736,9785181,BEWICK,GOETHE,2016-09-02,2,9,2016,23,6,4,9,,,0,,1,1,4,25,1,2,1,5,0,0,0,0,true,,false,false,true,false,false,,,,,,false,false,true,,,false,false,false,false,false,-82.98715,42.37227,"{
  ""coordinates"": [
    -8.298715234500000e+01,
    4.237226926000010e+01
  ],
  ""type"": ""Point""
}","{
  ""coordinates"": [
    -82.987152345,
    42.37226926
  ],
  ""type"": ""Point""
}",-82.987152345,42.3722692600001
7737,9785182,HARDING,SHOEMAKER,2016-09-02,2,9,2016,8,6,8,9,,,0,,1,1,1,25,2,2,1,5,0,0,0,0,true,,false,false,true,false,false,,,,,,false,false,true,,,false,false,false,false,false,-82.99507,42.3894,"{
  ""coordinates"": [
    -8.299507126899989e+01,
    4.238939821200010e+01
  ],
  ""type"": ""Point""
}","{
  ""coordinates"": [
    -82.995071269,
    42.389398212
  ],
  ""type"": ""Point""
}",-82.9950712689999,42.3893982120001
7738,9785256,8 MILE,GROESBECK,2016-09-02,2,9,2016,16,6,5,3,,1,0,,1,1,1,40,7,3,3,4,0,0,0,2,false,,false,false,false,false,false,,,,,,false,true,false,,,false,false,false,false,false,-83.00278,42.4489,"{
  ""coordinates"": [
    -8.300278704300000e+01,
    4.244889770300010e+01
  ],
  ""type"": ""Point""
}","{
  ""coordinates"": [
    -83.002787043,
    42.448897703
  ],
  ""type"": ""Point""
}",-83.002787043,42.4488977030001
7739,9798156,CENTRAL,DIX,2016-09-02,2,9,2016,13,6,98,9,,4,0,,1,1,1,30,4,2,3,4,0,0,0,1,false,,false,false,false,false,false,,,,,,false,true,false,,,false,false,false,false,false,-83.12756,42.31713,"{
  ""coordinates"": [
    -8.312755737600000e+01,
    4.231712639100000e+01
  ],
  ""type"": ""Point""
}","{
  ""coordinates"": [
    -83.127557376,
    42.317126391
  ],
  ""type"": ""Point""
}",-83.127557376,42.317126391
7740,9785242,CHENE,ANTIETAM,2016-09-02,2,9,2016,23,6,5,9,,4,0,,1,1,4,0,2,2,2,5,0,0,0,0,true,,false,false,false,false,false,,,,,,false,false,false,,,false,false,false,false,false,-83.02264,42.33825,"{
  ""coordinates"": [
    -8.302263791999999e+01,
    4.233824364800010e+01
  ],
  ""type"": ""Point""
}","{
  ""coordinates"": [
    -83.02263792,
    42.338243648
  ],
  ""type"": ""Point""
}",-83.02263792,42.3382436480001
7741,9785267,LIVERNOIS,EWALD,2016-09-02,2,9,2016,16,6,98,9,,4,0,,1,1,1,0,3,2,3,5,0,0,0,0,true,,false,false,true,false,false,,,,,,false,false,false,,,false,false,false,false,false,-83.13964,42.39143,"{
  ""coordinates"": [
    -8.313963775100000e+01,
    4.239143431900000e+01
  ],
  ""type"": ""Point""
}","{
  ""coordinates"": [
    -83.139637751,
    42.391434319
  ],
  ""type"": ""Point""
}",-83.139637751,42.391434319
7742,9784551,SCHAEFER,I-75,2016-09-02,2,9,2016,5,6,7,7,,1,0,,1,1,4,35,4,2,1,5,0,0,0,0,true,,false,false,false,false,false,,,,,,false,false,false,,,false,false,false,false,false,-83.15652,42.27734,"{
  ""coordinates"": [
    -8.315652523900000e+01,
    4.227734506800000e+01
  ],
  ""type"": ""Point""
}","{
  ""coordinates"": [
    -83.156525239,
    42.277345068
  ],
  ""type"": ""Point""
}",-83.156525239,42.277345068
7743,9789243,E I 96,CSX TRANSPORTATION,2016-09-02,2,9,2016,4,6,1,1,,1,1,,1,1,4,55,3,1,1,5,0,0,0,0,true,,false,false,false,false,false,,,,,,false,false,false,,,false,false,false,false,false,-83.1898,42.3799,"{
  ""coordinates"": [
    -8.318980662699990e+01,
    4.237990277400010e+01
  ],
  ""type"": ""Point""
}","{
  ""coordinates"": [
    -83.189806627,
    42.379902774
  ],
  ""type"": ""Point""
}",-83.1898066269999,42.3799027740001
7744,9785274,PURITAN,BELDEN,2016-09-02,2,9,2016,12,6,5,9,,4,0,,1,1,1,30,2,2,3,5,0,0,0,0,true,,false,false,false,false,false,,,,,,false,false,true,,,false,false,false,false,false,-83.1357,42.40999,"{
  ""coordinates"": [
    -8.313569314499991e+01,
    4.240999081400000e+01
  ],
  ""type"": ""Point""
}","{
  ""coordinates"": [
    -83.135693145,
    42.409990814
  ],
  ""type"": ""Point""
}",-83.1356931449999,42.409990814
7745,9789290,E I 96,FULLERTON,2016-09-02,2,9,2016,8,6,1,1,,1,1,,1,1,1,55,3,1,0,5,0,0,0,0,true,,false,false,false,false,false,,,,,,false,false,false,,,false,false,false,false,false,-83.18904,42.38015,"{
  ""coordinates"": [
    -8.318904374600000e+01,
    4.238014774600000e+01
  ],
  ""type"": ""Point""
}","{
  ""coordinates"": [
    -83.189043746,
    42.380147746
  ],
  ""type"": ""Point""
}",-83.189043746,42.380147746
7746,9785177,SCHAEFER,FORT,2016-09-02,2,9,2016,4,6,4,7,,1,0,,1,1,4,40,4,2,1,5,0,0,0,0,true,,true,true,true,false,false,,,,,,false,false,false,,,false,false,false,false,false,-83.15571,42.27663,"{
  ""coordinates"": [
    -8.315570526399991e+01,
    4.227662771800000e+01
  ],
  ""type"": ""Point""
}","{
  ""coordinates"": [
    -83.155705264,
    42.276627718
  ],
  ""type"": ""Point""
}",-83.1557052639999,42.276627718
7747,9785176,FORT,SCHAEFER,2016-09-02,2,9,2016,5,6,5,3,,1,0,,1,1,1,40,4,2,2,5,0,0,0,0,true,,false,false,false,false,false,,,,,,false,false,false,,,false,false,false,false,false,-83.15565,42.27617,"{
  ""coordinates"": [
    -8.315565736600000e+01,
    4.227617124400010e+01
  ],
  ""type"": ""Point""
}","{
  ""coordinates"": [
    -83.155657366,
    42.276171244
  ],
  ""type"": ""Point""
}",-83.155657366,42.2761712440001
7748,9785142,I-75,CLAY,2016-09-02,2,9,2016,23,6,8,1,,1,0,,1,2,4,55,3,2,3,5,0,0,0,0,true,,false,false,false,false,false,,,,,,false,false,false,,,false,false,false,false,false,-83.05946,42.37158,"{
  ""coordinates"": [
    -8.305946441799991e+01,
    4.237157827200010e+01
  ],
  ""type"": ""Point""
}","{
  ""coordinates"": [
    -83.059464418,
    42.371578272
  ],
  ""type"": ""Point""
}",-83.0594644179999,42.3715782720001
7749,9793087,WARREN,GRANDVILLE,2016-09-02,2,9,2016,19,6,5,9,,2,0,,1,1,1,35,4,2,1,5,0,0,0,0,true,,false,false,false,false,false,,,,,,false,false,true,,,false,false,false,false,false,-83.22946,42.34322,"{
  ""coordinates"": [
    -8.322946472800000e+01,
    4.234321677700010e+01
  ],
  ""type"": ""Point""
}","{
  ""coordinates"": [
    -83.229464728,
    42.343216777
  ],
  ""type"": ""Point""
}",-83.229464728,42.3432167770001
7750,9889066,JEFFERSON,WOODWARD,2016-09-02,2,9,2016,19,6,5,3,,1,0,,1,1,4,35,2,2,2,5,0,0,0,0,true,,false,false,false,false,false,,,,,,false,false,false,,,false,false,false,false,false,-83.04443,42.32851,"{
  ""coordinates"": [
    -8.304443180800000e+01,
    4.232851378800010e+01
  ],
  ""type"": ""Point""
}","{
  ""coordinates"": [
    -83.044431808,
    42.328513788
  ],
  ""type"": ""Point""
}",-83.044431808,42.3285137880001