ObjectId,Crash ID,Primary Road,Intersecting Road,Crash Date,Day,Month,Year,Hour,Weekday,Crash Type Code,Highway Classification Code,Community Code,Jurisdiction Code,Lane Departure Type Code,Surface Type,Road Condition,Weather Condition,Lighting Condition,Speed Limit,Lanes,Units,Occupants,Most Severe Injury,Fatal Injuries,Suspected Serious Injuries,Suspected Minor Injuries,Possible Injuries,Property Damage Only,Secondary Crash,Traffic Control,Red Light Run,Hit and Run,Alcohol,Drugs,Unbelted Person,Work Zone,Speeding Driver,Distracted Driver,Driveway,Pedestrian,Elderly Driver,Young Driver,Commercial Vehicle,Emergency Vehicles,Train,School Bus,Motorcycle,Bicycle,Deer,Longitude,Latitude,geom,geog,x,y
7808,9785249,MCNICHOLS,OUTER,2016-09-01,1,9,2016,17,5,3,9,,2,0,,1,2,3,35,5,2,4,4,0,0,0,2,false,,false,false,false,false,false,,,,,,false,true,false,,,false,false,false,false,false,-83.23199,42.41529,"{
  ""coordinates"": [
    -8.323198852300000e+01,
    4.241528883600010e+01
  ],
  ""type"": ""Point""
}","{
  ""coordinates"": [
    -83.231988523,
    42.415288836
  ],
  ""type"": ""Point""
}",-83.231988523,42.4152888360001
7809,9802178,W I 94,MOROSS,2016-09-01,1,9,2016,17,5,5,1,,1,0,,1,1,1,55,3,2,2,5,0,0,0,0,true,,false,false,false,false,false,,,,,,false,false,false,,,false,false,false,false,false,-82.9287,42.4247,"{
  ""coordinates"": [
    -8.292870387499990e+01,
    4.242470245600000e+01
  ],
  ""type"": ""Point""
}","{
  ""coordinates"": [
    -82.928703875,
    42.424702456
  ],
  ""type"": ""Point""
}",-82.9287038749999,42.424702456
7810,9784356,TILLMAN,MARTIN LUTHER KING JR,2016-09-01,1,9,2016,,5,98,9,,,0,,98,1,1,25,2,3,0,5,0,0,0,0,true,,false,false,true,false,false,,,,,,false,false,false,,,false,false,false,false,false,-83.09229,42.33606,"{
  ""coordinates"": [
    -8.309228517100000e+01,
    4.233605699300010e+01
  ],
  ""type"": ""Point""
}","{
  ""coordinates"": [
    -83.092285171,
    42.336056993
  ],
  ""type"": ""Point""
}",-83.092285171,42.3360569930001
7811,9784367,VINEWOOD,TOLEDO,2016-09-01,1,9,2016,0,5,5,9,,4,0,,1,1,4,25,2,2,2,3,0,0,1,0,false,,false,false,true,false,false,,,,,,false,false,false,,,false,false,false,false,false,-83.09246,42.32508,"{
  ""coordinates"": [
    -8.309246278900000e+01,
    4.232507532800000e+01
  ],
  ""type"": ""Point""
}","{
  ""coordinates"": [
    -83.092462789,
    42.325075328
  ],
  ""type"": ""Point""
}",-83.092462789,42.325075328
7812,9784376,PLYMOUTH,EVERGREEN,2016-09-01,1,9,2016,14,5,5,9,,4,0,,1,1,1,35,4,2,1,5,0,0,0,0,true,,false,false,false,false,false,,,,,,false,false,false,,,false,false,false,false,false,-83.23637,42.37189,"{
  ""coordinates"": [
    -8.323636638900000e+01,
    4.237188775000000e+01
  ],
  ""type"": ""Point""
}","{
  ""coordinates"": [
    -83.236366389,
    42.37188775
  ],
  ""type"": ""Point""
}",-83.236366389,42.37188775
7813,9785167,COYLE,GRAND RIVER,2016-09-01,1,9,2016,13,5,2,3,,,0,,1,1,1,25,3,2,1,5,0,0,0,0,true,,false,false,true,false,false,,,,,,false,false,false,,,false,false,false,false,false,-83.19336,42.39077,"{
  ""coordinates"": [
    -8.319335863000001e+01,
    4.239076823800010e+01
  ],
  ""type"": ""Point""
}","{
  ""coordinates"": [
    -83.19335863,
    42.390768238
  ],
  ""type"": ""Point""
}",-83.19335863,42.3907682380001
7814,9784383,CADIEUX,DUPREY,2016-09-01,1,9,2016,14,5,1,9,,4,0,,1,2,1,30,2,2,1,4,0,0,0,1,false,,false,false,true,false,false,,,,,,false,false,false,,,false,false,false,true,false,-82.93841,42.41914,"{
  ""coordinates"": [
    -8.293841137999991e+01,
    4.241914059800010e+01
  ],
  ""type"": ""Point""
}","{
  ""coordinates"": [
    -82.93841138,
    42.419140598
  ],
  ""type"": ""Point""
}",-82.9384113799999,42.4191405980001
7815,9785258,MORANG,ROSSITER,2016-09-01,1,9,2016,12,5,5,9,,4,0,,1,1,1,30,2,3,1,4,0,0,0,1,false,,false,false,false,false,false,,,,,,false,false,false,,,false,false,false,false,false,-82.94914,42.42577,"{
  ""coordinates"": [
    -8.294913882000000e+01,
    4.242577325500010e+01
  ],
  ""type"": ""Point""
}","{
  ""coordinates"": [
    -82.94913882,
    42.425773255
  ],
  ""type"": ""Point""
}",-82.94913882,42.4257732550001
7816,9784371,YORKSHIRE,WARREN,2016-09-01,1,9,2016,16,5,10,9,,,3,,1,1,1,25,2,2,1,5,0,0,0,0,true,,false,false,false,false,false,,,,,,false,false,false,,,false,false,false,false,false,-82.93378,42.40401,"{
  ""coordinates"": [
    -8.293377722299989e+01,
    4.240400720100010e+01
  ],
  ""type"": ""Point""
}","{
  ""coordinates"": [
    -82.933777223,
    42.404007201
  ],
  ""type"": ""Point""
}",-82.9337772229999,42.4040072010001
7817,9800565,JEFFERSON,GRISWOLD,2016-09-01,1,9,2016,15,5,8,3,,5,0,,1,1,1,25,3,2,2,5,0,0,0,0,true,,false,false,false,false,false,,,,,,false,false,false,,,false,false,false,false,false,-83.04524,42.32856,"{
  ""coordinates"": [
    -8.304524331999990e+01,
    4.232855837300010e+01
  ],
  ""type"": ""Point""
}","{
  ""coordinates"": [
    -83.04524332,
    42.328558373
  ],
  ""type"": ""Point""
}",-83.0452433199999,42.3285583730001
7818,9805808,RAMP 035A,N I 75,2016-09-01,1,9,2016,11,5,10,1,,1,0,,1,2,1,0,1,2,2,5,0,0,0,0,true,,false,false,false,false,false,,,,,,false,false,false,,,false,false,false,false,false,-83.08263,42.31758,"{
  ""coordinates"": [
    -8.308262864100000e+01,
    4.231758094700010e+01
  ],
  ""type"": ""Point""
}","{
  ""coordinates"": [
    -83.082628641,
    42.317580947
  ],
  ""type"": ""Point""
}",-83.082628641,42.3175809470001
7819,9789225,I-75,JOHN R,2016-09-01,1,9,2016,19,5,5,1,,1,0,,1,1,1,55,4,3,3,5,0,0,0,0,true,,false,false,false,false,false,,,,,,false,false,true,,,false,false,false,false,false,-83.05007,42.34099,"{
  ""coordinates"": [
    -8.305007486400000e+01,
    4.234098780500010e+01
  ],
  ""type"": ""Point""
}","{
  ""coordinates"": [
    -83.050074864,
    42.340987805
  ],
  ""type"": ""Point""
}",-83.050074864,42.3409878050001
7820,9784388,DAVISON,LAWTON,2016-09-01,1,9,2016,17,5,4,3,,1,0,,98,98,98,35,3,2,1,5,0,0,0,0,true,,false,false,true,false,false,,,,,,false,false,false,,,false,false,false,false,false,-83.12448,42.3921,"{
  ""coordinates"": [
    -8.312447910700000e+01,
    4.239210276100000e+01
  ],
  ""type"": ""Point""
}","{
  ""coordinates"": [
    -83.124479107,
    42.392102761
  ],
  ""type"": ""Point""
}",-83.124479107,42.392102761
7821,9793122,ST MARYS,MARGARETA,2016-09-01,1,9,2016,16,5,4,9,,,0,,1,1,1,25,2,2,1,5,0,0,0,0,true,,false,false,true,false,false,,,,,,false,false,false,,,false,false,false,false,false,-83.20727,42.42662,"{
  ""coordinates"": [
    -8.320727025399999e+01,
    4.242661574000000e+01
  ],
  ""type"": ""Point""
}","{
  ""coordinates"": [
    -83.207270254,
    42.42661574
  ],
  ""type"": ""Point""
}",-83.207270254,42.42661574
7822,9785162,WYOMING,E I 96 SERVICE DRIVE,2016-09-01,1,9,2016,9,5,8,9,,4,0,,1,1,1,30,5,2,3,5,0,0,0,0,true,,false,false,false,false,false,,,,,,false,false,false,,,false,false,false,false,false,-83.15895,42.38475,"{
  ""coordinates"": [
    -8.315895173599991e+01,
    4.238475536800010e+01
  ],
  ""type"": ""Point""
}","{
  ""coordinates"": [
    -83.158951736,
    42.384755368
  ],
  ""type"": ""Point""
}",-83.1589517359999,42.3847553680001
7823,9784382,MORANG,RIAD,2016-09-01,1,9,2016,12,5,4,9,,4,0,,1,2,1,30,2,2,1,5,0,0,0,0,true,,false,false,true,false,false,,,,,,false,false,false,,,false,false,false,false,false,-82.95491,42.42813,"{
  ""coordinates"": [
    -8.295491342000000e+01,
    4.242813413300010e+01
  ],
  ""type"": ""Point""
}","{
  ""coordinates"": [
    -82.95491342,
    42.428134133
  ],
  ""type"": ""Point""
}",-82.95491342,42.4281341330001
7824,9785296,ALEXANDERINE,GIBSON,2016-09-01,1,9,2016,7,5,4,9,,,0,,1,1,1,25,3,2,4,4,0,0,0,2,false,,false,false,false,false,false,,,,,,false,false,false,,,false,false,false,false,false,-83.07328,42.34616,"{
  ""coordinates"": [
    -8.307327706500000e+01,
    4.234616413700010e+01
  ],
  ""type"": ""Point""
}","{
  ""coordinates"": [
    -83.073277065,
    42.346164137
  ],
  ""type"": ""Point""
}",-83.073277065,42.3461641370001
7825,9798169,OUTER,LIDDESDALE,2016-09-01,1,9,2016,10,5,97,9,,2,0,,1,1,1,25,2,2,4,5,0,0,0,0,true,,false,false,false,false,false,,,,,,false,false,false,,,false,false,false,false,false,-83.16519,42.25898,"{
  ""coordinates"": [
    -8.316519303699990e+01,
    4.225897620600010e+01
  ],
  ""type"": ""Point""
}","{
  ""coordinates"": [
    -83.165193037,
    42.258976206
  ],
  ""type"": ""Point""
}",-83.1651930369999,42.2589762060001
7826,9789242,I-75,VERNOR,2016-09-01,1,9,2016,7,5,5,1,,1,0,,1,1,1,55,3,4,8,5,0,0,0,0,true,,false,false,false,false,false,,,,,,false,true,true,,,false,false,false,false,false,-83.08337,42.32477,"{
  ""coordinates"": [
    -8.308337304100000e+01,
    4.232476626900010e+01
  ],
  ""type"": ""Point""
}","{
  ""coordinates"": [
    -83.083373041,
    42.324766269
  ],
  ""type"": ""Point""
}",-83.083373041,42.3247662690001
7827,9793113,WARREN,EVERGREEN,2016-09-01,1,9,2016,2,5,5,9,,2,0,,1,1,4,35,4,2,2,4,0,0,0,1,false,,false,false,true,false,false,,,,,,false,false,false,,,false,false,false,false,false,-83.23534,42.34312,"{
  ""coordinates"": [
    -8.323534002900000e+01,
    4.234312477900000e+01
  ],
  ""type"": ""Point""
}","{
  ""coordinates"": [
    -83.235340029,
    42.343124779
  ],
  ""type"": ""Point""
}",-83.235340029,42.343124779
7828,9785145,I-94,MARTIN,2016-09-01,1,9,2016,16,5,5,1,,1,0,,1,1,1,55,3,3,3,5,0,0,0,0,true,,false,false,false,false,false,,,,,,false,false,false,,,false,false,false,false,false,-83.13202,42.33448,"{
  ""coordinates"": [
    -8.313202176999989e+01,
    4.233448148500000e+01
  ],
  ""type"": ""Point""
}","{
  ""coordinates"": [
    -83.13202177,
    42.334481485
  ],
  ""type"": ""Point""
}",-83.1320217699999,42.334481485
7829,9788380,TULLER,DESOTO,2016-09-01,1,9,2016,17,5,1,9,,,1,,1,1,1,25,2,1,1,4,0,0,0,1,false,,false,false,false,false,false,,,,,,false,false,false,,,false,false,false,false,false,-83.14668,42.40136,"{
  ""coordinates"": [
    -8.314668550000000e+01,
    4.240135391800000e+01
  ],
  ""type"": ""Point""
}","{
  ""coordinates"": [
    -83.1466855,
    42.401353918
  ],
  ""type"": ""Point""
}",-83.1466855,42.401353918
7830,9783750,M-39,MCNICHOLS,2016-09-01,1,9,2016,6,5,5,3,,1,0,,1,1,4,55,3,2,2,5,0,0,0,0,true,,false,false,false,false,false,,,,,,false,false,false,,,false,false,false,false,false,-83.21871,42.4161,"{
  ""coordinates"": [
    -8.321870865400000e+01,
    4.241610227300000e+01
  ],
  ""type"": ""Point""
}","{
  ""coordinates"": [
    -83.218708654,
    42.416102273
  ],
  ""type"": ""Point""
}",-83.218708654,42.416102273
7831,9784363,CENTRAL,E I 94,2016-09-01,1,9,2016,17,5,5,9,,4,0,,1,1,1,25,2,2,2,5,0,0,0,0,true,,false,false,false,false,false,,,,,,false,false,false,,,false,false,false,false,false,-83.13837,42.33228,"{
  ""coordinates"": [
    -8.313837608100000e+01,
    4.233227522000000e+01
  ],
  ""type"": ""Point""
}","{
  ""coordinates"": [
    -83.138376081,
    42.33227522
  ],
  ""type"": ""Point""
}",-83.138376081,42.33227522
7832,9785263,GUNSTON,FLANDERS,2016-09-01,1,9,2016,8,5,8,3,,1,0,,1,1,4,35,2,2,4,3,0,0,4,0,false,,false,false,true,false,false,,,,,,false,false,false,,,false,false,false,false,false,-82.9973,42.41112,"{
  ""coordinates"": [
    -8.299729658299999e+01,
    4.241111746000010e+01
  ],
  ""type"": ""Point""
}","{
  ""coordinates"": [
    -82.997296583,
    42.41111746
  ],
  ""type"": ""Point""
}",-82.997296583,42.4111174600001
7833,9784399,RAMP 050A,STATE FAIR,2016-09-01,1,9,2016,8,5,4,1,,1,0,,1,1,1,35,3,2,2,5,0,0,0,0,true,,true,true,false,false,false,,,,,,false,true,false,,,false,false,false,false,false,-83.09477,42.43974,"{
  ""coordinates"": [
    -8.309477298600000e+01,
    4.243973997800000e+01
  ],
  ""type"": ""Point""
}","{
  ""coordinates"": [
    -83.094772986,
    42.439739978
  ],
  ""type"": ""Point""
}",-83.094772986,42.439739978
7834,9784351,JEFFRIES SERVICE,SCHAEFER,2016-09-01,1,9,2016,11,5,4,1,,1,0,,1,2,1,30,3,2,2,4,0,0,0,2,false,,true,true,false,false,false,,,,,,false,false,false,,,false,false,false,false,false,-83.17832,42.38333,"{
  ""coordinates"": [
    -8.317831999600000e+01,
    4.238332712500010e+01
  ],
  ""type"": ""Point""
}","{
  ""coordinates"": [
    -83.178319996,
    42.383327125
  ],
  ""type"": ""Point""
}",-83.178319996,42.3833271250001
7835,9840986,BELLETERRE,ELMHURST,2016-09-01,1,9,2016,17,5,8,9,,,0,,1,1,1,25,2,2,0,5,0,0,0,0,true,,false,false,false,false,false,,,,,,false,false,false,,,false,false,false,false,false,-83.13808,42.37655,"{
  ""coordinates"": [
    -8.313808262500000e+01,
    4.237655040200010e+01
  ],
  ""type"": ""Point""
}","{
  ""coordinates"": [
    -83.138082625,
    42.376550402
  ],
  ""type"": ""Point""
}",-83.138082625,42.3765504020001
7836,9784387,TULLER,DE SOTO,2016-09-01,1,9,2016,19,5,1,9,,,0,,1,1,4,25,2,1,0,5,0,0,0,0,true,,false,false,false,false,false,,,,,,false,false,false,,,false,false,false,false,false,-83.14668,42.40107,"{
  ""coordinates"": [
    -8.314667263299999e+01,
    4.240106427300000e+01
  ],
  ""type"": ""Point""
}","{
  ""coordinates"": [
    -83.146672633,
    42.401064273
  ],
  ""type"": ""Point""
}",-83.146672633,42.401064273
7837,9784366,GRAND,TOLEDO,2016-09-01,1,9,2016,11,5,1,9,,4,0,,1,2,1,25,2,1,1,5,0,0,0,0,true,,false,false,false,false,false,,,,,,false,false,false,,,false,false,false,false,false,-83.09233,42.32713,"{
  ""coordinates"": [
    -8.309233070900000e+01,
    4.232712849000010e+01
  ],
  ""type"": ""Point""
}","{
  ""coordinates"": [
    -83.092330709,
    42.32712849
  ],
  ""type"": ""Point""
}",-83.092330709,42.3271284900001
7838,9793070,FORT,SCHAEFER,2016-09-01,1,9,2016,6,5,5,1,,1,0,,1,1,1,40,3,2,1,5,0,0,0,0,true,,false,false,true,false,false,,,,,,false,false,true,,,false,false,false,false,false,-83.15678,42.276,"{
  ""coordinates"": [
    -8.315678785199999e+01,
    4.227599571400000e+01
  ],
  ""type"": ""Point""
}","{
  ""coordinates"": [
    -83.156787852,
    42.275995714
  ],
  ""type"": ""Point""
}",-83.156787852,42.275995714
7839,9789268,I-94,GRATIOT,2016-09-01,1,9,2016,18,5,5,1,,1,0,,1,1,1,55,3,2,2,5,0,0,0,0,true,,false,false,false,false,false,,,,,,false,false,false,,,false,false,false,false,false,-83.006,42.39148,"{
  ""coordinates"": [
    -8.300599860900000e+01,
    4.239147533400010e+01
  ],
  ""type"": ""Point""
}","{
  ""coordinates"": [
    -83.005998609,
    42.391475334
  ],
  ""type"": ""Point""
}",-83.005998609,42.3914753340001
7840,9785194,WINSTON,7 MILE,2016-09-01,1,9,2016,0,5,4,9,,,0,,1,1,4,25,2,2,0,5,0,0,0,0,true,,false,false,true,false,false,,,,,,false,false,false,,,false,false,false,false,false,-83.28365,42.42925,"{
  ""coordinates"": [
    -8.328364505699990e+01,
    4.242924726800000e+01
  ],
  ""type"": ""Point""
}","{
  ""coordinates"": [
    -83.283645057,
    42.429247268
  ],
  ""type"": ""Point""
}",-83.2836450569999,42.429247268
7841,9785144,N I 75,ROSA PARKS,2016-08-31,31,8,2016,16,4,5,1,,1,0,,1,1,1,45,2,3,2,5,0,0,0,0,true,,false,false,true,false,false,,,,,,false,false,false,,,false,false,false,false,false,-83.07359,42.33311,"{
  ""coordinates"": [
    -8.307359069700000e+01,
    4.233310820500000e+01
  ],
  ""type"": ""Point""
}","{
  ""coordinates"": [
    -83.073590697,
    42.333108205
  ],
  ""type"": ""Point""
}",-83.073590697,42.333108205
7842,9785150,I-75,SCHAEFER,2016-08-31,31,8,2016,10,4,8,1,,1,0,,1,2,1,70,4,2,1,5,0,0,0,0,true,,false,false,true,false,false,,,,,,false,false,false,,,false,false,false,false,false,-83.15208,42.27892,"{
  ""coordinates"": [
    -8.315207892900000e+01,
    4.227891909000000e+01
  ],
  ""type"": ""Point""
}","{
  ""coordinates"": [
    -83.152078929,
    42.27891909
  ],
  ""type"": ""Point""
}",-83.152078929,42.27891909
7843,9785228,GREENVIEW,WHITLOCK,2016-08-31,31,8,2016,21,4,2,9,,,0,,1,1,1,25,2,2,1,5,0,0,0,0,true,,false,false,false,false,false,,,,,,false,false,false,,,false,false,false,false,false,-83.22186,42.33971,"{
  ""coordinates"": [
    -8.322186035500000e+01,
    4.233971067300010e+01
  ],
  ""type"": ""Point""
}","{
  ""coordinates"": [
    -83.221860355,
    42.339710673
  ],
  ""type"": ""Point""
}",-83.221860355,42.3397106730001
7844,9783789,GRAND,JOHN R,2016-08-31,31,8,2016,12,4,4,9,,4,0,,1,1,1,30,6,2,2,5,0,0,0,0,true,,false,false,false,false,false,,,,,,false,false,false,,,false,false,false,false,false,-83.07104,42.37099,"{
  ""coordinates"": [
    -8.307103587700000e+01,
    4.237099004900010e+01
  ],
  ""type"": ""Point""
}","{
  ""coordinates"": [
    -83.071035877,
    42.370990049
  ],
  ""type"": ""Point""
}",-83.071035877,42.3709900490001
7845,9784426,PINEHURST,CHIPPEWA,2016-08-31,31,8,2016,17,4,4,9,,,0,,1,1,1,25,2,2,1,5,0,0,0,0,true,,true,false,true,false,false,,,,,,false,true,false,,,false,false,false,false,false,-83.16781,42.44078,"{
  ""coordinates"": [
    -8.316781232100000e+01,
    4.244077959400000e+01
  ],
  ""type"": ""Point""
}","{
  ""coordinates"": [
    -83.167812321,
    42.440779594
  ],
  ""type"": ""Point""
}",-83.167812321,42.440779594
7846,9793152,KLINGER,LAWLEY,2016-08-31,31,8,2016,19,4,8,9,,,0,,1,1,1,25,2,2,0,5,0,0,0,0,true,,false,false,false,false,false,,,,,,false,false,false,,,false,false,false,false,false,-83.06198,42.4128,"{
  ""coordinates"": [
    -8.306198222599990e+01,
    4.241280031200010e+01
  ],
  ""type"": ""Point""
}","{
  ""coordinates"": [
    -83.061982226,
    42.412800312
  ],
  ""type"": ""Point""
}",-83.0619822259999,42.4128003120001
7847,9789222,I-94,RUSSELL,2016-08-31,31,8,2016,16,4,5,1,,1,0,,1,2,1,55,4,2,5,5,0,0,0,0,true,,false,false,false,false,false,,,,,,false,false,true,,,false,false,false,false,false,-83.05978,42.36748,"{
  ""coordinates"": [
    -8.305978119299991e+01,
    4.236747804500000e+01
  ],
  ""type"": ""Point""
}","{
  ""coordinates"": [
    -83.059781193,
    42.367478045
  ],
  ""type"": ""Point""
}",-83.0597811929999,42.367478045
7848,9788351,MADDELEIN,MONARCH,2016-08-31,31,8,2016,2,4,2,9,,,2,,1,1,4,25,2,2,1,5,0,0,0,0,true,,false,false,false,false,false,,,,,,false,false,false,,,false,false,false,false,false,-82.97237,42.43608,"{
  ""coordinates"": [
    -8.297237563899991e+01,
    4.243607989400000e+01
  ],
  ""type"": ""Point""
}","{
  ""coordinates"": [
    -82.972375639,
    42.436079894
  ],
  ""type"": ""Point""
}",-82.9723756389999,42.436079894
7849,9785147,I-75,7 MILE,2016-08-31,31,8,2016,14,4,1,1,,1,1,,1,2,1,70,4,1,1,3,0,0,1,0,false,,false,false,false,false,false,,,,,,false,false,false,,,false,false,false,false,false,-83.09472,42.43083,"{
  ""coordinates"": [
    -8.309471870199999e+01,
    4.243083024600000e+01
  ],
  ""type"": ""Point""
}","{
  ""coordinates"": [
    -83.094718702,
    42.430830246
  ],
  ""type"": ""Point""
}",-83.094718702,42.430830246
7850,9783757,E I 94,RAMP 216E,2016-08-31,31,8,2016,10,4,8,1,,1,0,,1,2,1,55,2,2,3,4,0,0,0,1,false,,false,false,false,false,false,,,,,,false,true,false,,,false,false,false,false,false,-83.05474,42.37067,"{
  ""coordinates"": [
    -8.305473842000001e+01,
    4.237067155400010e+01
  ],
  ""type"": ""Point""
}","{
  ""coordinates"": [
    -83.05473842,
    42.370671554
  ],
  ""type"": ""Point""
}",-83.05473842,42.3706715540001
7851,9861706,I-75,CLAY,2016-08-31,31,8,2016,21,4,8,1,,1,0,,1,1,5,70,4,2,4,5,0,0,0,0,true,,false,false,false,false,false,,,,,,false,true,true,,,false,false,false,false,false,-83.06219,42.37777,"{
  ""coordinates"": [
    -8.306219088099991e+01,
    4.237776743400010e+01
  ],
  ""type"": ""Point""
}","{
  ""coordinates"": [
    -83.062190881,
    42.377767434
  ],
  ""type"": ""Point""
}",-83.0621908809999,42.3777674340001
7852,9794276,16TH,FERRY PARK,2016-08-31,31,8,2016,13,4,10,9,,,0,,1,1,1,25,2,2,1,5,0,0,0,0,true,,false,false,false,false,false,,,,,,false,false,false,,,false,false,false,false,false,-83.09631,42.36009,"{
  ""coordinates"": [
    -8.309631365800000e+01,
    4.236008690000010e+01
  ],
  ""type"": ""Point""
}","{
  ""coordinates"": [
    -83.096313658,
    42.3600869
  ],
  ""type"": ""Point""
}",-83.096313658,42.3600869000001
7853,9785173,WARREN,S I 75 SERVICE DRIVE,2016-08-31,31,8,2016,15,4,4,9,,4,0,,1,2,1,30,6,2,2,5,0,0,0,0,true,,false,false,false,false,false,,,,,,false,false,false,,,false,false,false,false,false,-83.05492,42.36058,"{
  ""coordinates"": [
    -8.305491768500001e+01,
    4.236057798900000e+01
  ],
  ""type"": ""Point""
}","{
  ""coordinates"": [
    -83.054917685,
    42.360577989
  ],
  ""type"": ""Point""
}",-83.054917685,42.360577989
7854,9789333,N M 10,MCNICHOLS,2016-08-31,31,8,2016,22,4,8,3,,1,0,,1,1,4,55,3,2,2,5,0,0,0,0,true,,false,false,true,false,false,,,,,,false,false,false,,,false,false,false,false,false,-83.17269,42.41732,"{
  ""coordinates"": [
    -8.317269076699991e+01,
    4.241731919500010e+01
  ],
  ""type"": ""Point""
}","{
  ""coordinates"": [
    -83.172690767,
    42.417319195
  ],
  ""type"": ""Point""
}",-83.1726907669999,42.4173191950001
7855,9785222,8 MILE,ROSEMONT,2016-08-31,31,8,2016,12,4,5,3,,1,0,,1,1,1,40,3,2,3,5,0,0,0,0,true,,false,false,false,false,false,,,,,,false,true,true,,,false,false,false,false,false,-83.22253,42.44411,"{
  ""coordinates"": [
    -8.322253415300000e+01,
    4.244411526600000e+01
  ],
  ""type"": ""Point""
}","{
  ""coordinates"": [
    -83.222534153,
    42.444115266
  ],
  ""type"": ""Point""
}",-83.222534153,42.444115266
7856,9790545,FENKELL,LAHSER,2016-08-31,31,8,2016,18,4,1,9,,2,1,,1,1,1,35,2,1,1,2,0,1,0,0,false,,false,false,false,false,false,,,,,,false,false,false,,,false,false,true,false,false,-83.25714,42.40028,"{
  ""coordinates"": [
    -8.325713816099990e+01,
    4.240028536900010e+01
  ],
  ""type"": ""Point""
}","{
  ""coordinates"": [
    -83.257138161,
    42.400285369
  ],
  ""type"": ""Point""
}",-83.2571381609999,42.4002853690001
7857,9785195,8 MILE,MURRAY,2016-08-31,31,8,2016,17,4,5,3,,1,0,,1,1,1,45,4,2,1,5,0,0,0,0,true,,false,false,true,false,false,,,,,,false,false,false,,,false,false,false,false,false,-83.20946,42.44444,"{
  ""coordinates"": [
    -8.320945844100000e+01,
    4.244444061700010e+01
  ],
  ""type"": ""Point""
}","{
  ""coordinates"": [
    -83.209458441,
    42.444440617
  ],
  ""type"": ""Point""
}",-83.209458441,42.4444406170001
7858,9784428,FAIRFIELD,6 MILE,2016-08-31,31,8,2016,10,4,97,9,,,0,,1,1,1,25,2,2,4,5,0,0,0,0,true,,false,false,false,false,false,,,,,,false,false,false,,,false,false,false,false,false,-83.13529,42.41701,"{
  ""coordinates"": [
    -8.313528844500000e+01,
    4.241700619000010e+01
  ],
  ""type"": ""Point""
}","{
  ""coordinates"": [
    -83.135288445,
    42.41700619
  ],
  ""type"": ""Point""
}",-83.135288445,42.4170061900001
7859,9785260,I-94,CONNER,2016-08-31,31,8,2016,6,4,5,1,,1,0,,1,1,4,55,3,2,2,5,0,0,0,0,true,,false,false,false,false,false,,,,,,false,false,false,,,false,false,false,false,false,-82.98817,42.39695,"{
  ""coordinates"": [
    -8.298817028799991e+01,
    4.239694533400010e+01
  ],
  ""type"": ""Point""
}","{
  ""coordinates"": [
    -82.988170288,
    42.396945334
  ],
  ""type"": ""Point""
}",-82.9881702879999,42.3969453340001
7860,9783801,TELEGRAPH,GRAND RIVER,2016-08-31,31,8,2016,15,4,4,2,,1,0,,1,1,1,40,4,2,4,5,0,0,0,0,true,,true,true,false,false,false,,,,,,false,false,false,,,false,false,false,false,false,-83.27781,42.42457,"{
  ""coordinates"": [
    -8.327781247900000e+01,
    4.242457273200010e+01
  ],
  ""type"": ""Point""
}","{
  ""coordinates"": [
    -83.277812479,
    42.424572732
  ],
  ""type"": ""Point""
}",-83.277812479,42.4245727320001
7861,9784425,SORRENTO,PICKFORD,2016-08-31,31,8,2016,7,4,4,9,,,0,,1,2,4,25,2,2,2,4,0,0,0,1,false,,false,false,false,true,false,,,,,,false,false,false,,,false,true,false,false,false,-83.17398,42.42598,"{
  ""coordinates"": [
    -8.317397887899990e+01,
    4.242597979200010e+01
  ],
  ""type"": ""Point""
}","{
  ""coordinates"": [
    -83.173978879,
    42.425979792
  ],
  ""type"": ""Point""
}",-83.1739788789999,42.4259797920001
7862,9783777,RAMP 122J,N I 75,2016-08-31,31,8,2016,8,4,5,1,,1,0,,1,2,1,70,1,2,2,4,0,0,0,1,false,,false,false,false,false,false,,,,,,false,false,true,,,false,false,false,false,false,-83.06373,42.33534,"{
  ""coordinates"": [
    -8.306372552499990e+01,
    4.233534279800010e+01
  ],
  ""type"": ""Point""
}","{
  ""coordinates"": [
    -83.063725525,
    42.335342798
  ],
  ""type"": ""Point""
}",-83.0637255249999,42.3353427980001
7863,9800553,E I 94,RAMP 213P,2016-08-31,31,8,2016,19,4,8,1,,1,0,,1,1,1,55,1,2,2,5,0,0,0,0,true,,false,false,false,false,false,,,,,,false,false,false,,,false,false,false,false,false,-83.09768,42.35054,"{
  ""coordinates"": [
    -8.309767917999990e+01,
    4.235054505400010e+01
  ],
  ""type"": ""Point""
}","{
  ""coordinates"": [
    -83.09767918,
    42.350545054
  ],
  ""type"": ""Point""
}",-83.0976791799999,42.3505450540001
7864,9783786,N I 75,14TH,2016-08-31,31,8,2016,9,4,97,1,,1,0,,1,2,1,25,2,2,2,5,0,0,0,0,true,,false,false,true,false,false,,,,,,false,false,true,,,false,false,false,false,false,-83.0778,42.33235,"{
  ""coordinates"": [
    -8.307780598499990e+01,
    4.233235277600010e+01
  ],
  ""type"": ""Point""
}","{
  ""coordinates"": [
    -83.077805985,
    42.332352776
  ],
  ""type"": ""Point""
}",-83.0778059849999,42.3323527760001
7865,9789236,I-96,HUBBELL,2016-08-31,31,8,2016,18,4,5,1,,1,0,,1,1,1,70,3,4,4,5,0,0,0,0,true,,false,false,false,false,false,,,,,,false,false,true,,,false,false,false,false,false,-83.18364,42.38212,"{
  ""coordinates"": [
    -8.318363672100000e+01,
    4.238212038100000e+01
  ],
  ""type"": ""Point""
}","{
  ""coordinates"": [
    -83.183636721,
    42.382120381
  ],
  ""type"": ""Point""
}",-83.183636721,42.382120381