ObjectId,Crash ID,Primary Road,Intersecting Road,Crash Date,Day,Month,Year,Hour,Weekday,Crash Type Code,Highway Classification Code,Community Code,Jurisdiction Code,Lane Departure Type Code,Surface Type,Road Condition,Weather Condition,Lighting Condition,Speed Limit,Lanes,Units,Occupants,Most Severe Injury,Fatal Injuries,Suspected Serious Injuries,Suspected Minor Injuries,Possible Injuries,Property Damage Only,Secondary Crash,Traffic Control,Red Light Run,Hit and Run,Alcohol,Drugs,Unbelted Person,Work Zone,Speeding Driver,Distracted Driver,Driveway,Pedestrian,Elderly Driver,Young Driver,Commercial Vehicle,Emergency Vehicles,Train,School Bus,Motorcycle,Bicycle,Deer,Longitude,Latitude,geom,geog,x,y
7866,9783810,7MILE,HOYT,2016-08-31,31,8,2016,18,4,8,9,,4,0,,1,1,1,30,2,2,18,4,0,0,0,2,false,,false,false,true,false,false,,,,,,false,true,false,,,false,false,false,false,false,-82.98066,42.43501,"{
  ""coordinates"": [
    -8.298065897100000e+01,
    4.243500862200010e+01
  ],
  ""type"": ""Point""
}","{
  ""coordinates"": [
    -82.980658971,
    42.435008622
  ],
  ""type"": ""Point""
}",-82.980658971,42.4350086220001
7867,9796096,WOODWARD,EDMUND,2016-08-31,31,8,2016,18,4,2,3,,1,2,,1,1,1,35,3,2,2,5,0,0,0,0,true,,false,false,false,false,false,,,,,,false,false,false,,,false,false,false,false,false,-83.05532,42.34357,"{
  ""coordinates"": [
    -8.305532098799991e+01,
    4.234357281700010e+01
  ],
  ""type"": ""Point""
}","{
  ""coordinates"": [
    -83.055320988,
    42.343572817
  ],
  ""type"": ""Point""
}",-83.0553209879999,42.3435728170001
7868,9824581,I-94,GRATIOT,2016-08-31,31,8,2016,18,4,8,1,,1,0,,1,2,1,55,3,2,1,5,0,0,0,0,true,,false,false,true,false,false,,,,,,false,true,false,,,false,false,false,false,false,-83.03912,42.37695,"{
  ""coordinates"": [
    -8.303911536600000e+01,
    4.237695408900000e+01
  ],
  ""type"": ""Point""
}","{
  ""coordinates"": [
    -83.039115366,
    42.376954089
  ],
  ""type"": ""Point""
}",-83.039115366,42.376954089
7869,9798168,LIVERNOIS,RAMP 212B,2016-08-31,31,8,2016,13,4,97,1,,4,0,,1,1,1,35,7,2,1,5,0,0,0,0,true,,false,false,true,false,false,,,,,,false,false,false,,,false,false,false,false,false,-83.12463,42.33703,"{
  ""coordinates"": [
    -8.312463390499990e+01,
    4.233702873400010e+01
  ],
  ""type"": ""Point""
}","{
  ""coordinates"": [
    -83.124633905,
    42.337028734
  ],
  ""type"": ""Point""
}",-83.1246339049999,42.3370287340001
7870,9783820,MT ELLIOT,HUBER,2016-08-31,31,8,2016,18,4,3,9,,4,0,,1,1,1,25,2,2,2,5,0,0,0,0,true,,false,false,false,false,false,,,,,,false,true,false,,,false,false,false,false,false,-83.03757,42.39751,"{
  ""coordinates"": [
    -8.303757616199989e+01,
    4.239750715800010e+01
  ],
  ""type"": ""Point""
}","{
  ""coordinates"": [
    -83.037576162,
    42.397507158
  ],
  ""type"": ""Point""
}",-83.0375761619999,42.3975071580001
7871,9789241,M-39,SCHOOLCRAFT,2016-08-31,31,8,2016,17,4,5,3,,1,0,,1,1,1,55,3,2,2,5,0,0,0,0,true,,false,false,false,false,false,,,,,,false,false,false,,,false,false,false,false,false,-83.21777,42.38816,"{
  ""coordinates"": [
    -8.321777516000000e+01,
    4.238815691900000e+01
  ],
  ""type"": ""Point""
}","{
  ""coordinates"": [
    -83.21777516,
    42.388156919
  ],
  ""type"": ""Point""
}",-83.21777516,42.388156919
7872,9785295,ANTHONY WAYNE,KIRBY,2016-08-31,31,8,2016,15,4,8,9,,4,0,,1,1,1,25,3,2,2,5,0,0,0,0,true,,false,false,false,false,false,,,,,,false,false,true,,,false,false,false,false,false,-83.07298,42.35738,"{
  ""coordinates"": [
    -8.307298058500000e+01,
    4.235737850900010e+01
  ],
  ""type"": ""Point""
}","{
  ""coordinates"": [
    -83.072980585,
    42.357378509
  ],
  ""type"": ""Point""
}",-83.072980585,42.3573785090001
7873,9783812,GRATIOT,MANNING,2016-08-31,31,8,2016,16,4,8,3,,1,0,,1,1,1,0,7,2,1,5,0,0,0,0,true,,false,false,true,false,false,,,,,,false,false,false,,,false,false,false,false,false,-82.97404,42.44063,"{
  ""coordinates"": [
    -8.297403463800001e+01,
    4.244063022500010e+01
  ],
  ""type"": ""Point""
}","{
  ""coordinates"": [
    -82.974034638,
    42.440630225
  ],
  ""type"": ""Point""
}",-82.974034638,42.4406302250001
7874,9825985,SCHOOLCRAFT,OUTER,2016-08-31,31,8,2016,5,4,1,9,,4,0,,2,2,4,30,2,1,1,5,0,0,0,0,true,,false,false,false,false,false,,,,,,false,false,false,,,false,false,false,false,false,-83.25636,42.38504,"{
  ""coordinates"": [
    -8.325635778100001e+01,
    4.238504062600000e+01
  ],
  ""type"": ""Point""
}","{
  ""coordinates"": [
    -83.256357781,
    42.385040626
  ],
  ""type"": ""Point""
}",-83.256357781,42.385040626
7875,9783806,7 MILE,GOULBURN,2016-08-31,31,8,2016,18,4,5,9,,4,0,,1,1,1,35,2,2,4,5,0,0,0,0,true,,false,false,true,false,false,,,,,,false,false,false,,,false,false,false,false,false,-82.99364,42.43473,"{
  ""coordinates"": [
    -8.299364466000000e+01,
    4.243472870100000e+01
  ],
  ""type"": ""Point""
}","{
  ""coordinates"": [
    -82.99364466,
    42.434728701
  ],
  ""type"": ""Point""
}",-82.99364466,42.434728701
7876,9784398,LANTZ,CONLEY,2016-08-31,31,8,2016,20,4,4,9,,,0,,1,1,4,25,1,2,3,4,0,0,0,2,false,,false,false,false,false,false,,,,,,false,false,true,,,false,false,false,false,false,-83.05293,42.43827,"{
  ""coordinates"": [
    -8.305292153800001e+01,
    4.243826506100000e+01
  ],
  ""type"": ""Point""
}","{
  ""coordinates"": [
    -83.052921538,
    42.438265061
  ],
  ""type"": ""Point""
}",-83.052921538,42.438265061
7877,9789223,I-75,WARREN,2016-08-31,31,8,2016,17,4,8,1,,1,0,,1,2,1,55,4,2,3,5,0,0,0,0,true,,false,false,false,false,false,,,,,,false,false,true,,,false,false,false,false,false,-83.05234,42.35748,"{
  ""coordinates"": [
    -8.305233750300000e+01,
    4.235748214000010e+01
  ],
  ""type"": ""Point""
}","{
  ""coordinates"": [
    -83.052337503,
    42.35748214
  ],
  ""type"": ""Point""
}",-83.052337503,42.3574821400001
7878,9806217,BLACKSTONE,PILGRIM,2016-08-31,31,8,2016,12,4,5,9,,,0,,1,1,1,25,1,2,2,4,0,0,0,1,false,,false,false,false,false,false,,,,,,false,false,true,,,false,false,false,false,false,-83.2495,42.40499,"{
  ""coordinates"": [
    -8.324949771800000e+01,
    4.240499560900000e+01
  ],
  ""type"": ""Point""
}","{
  ""coordinates"": [
    -83.249497718,
    42.404995609
  ],
  ""type"": ""Point""
}",-83.249497718,42.404995609
7879,9783758,I-94,BURNS,2016-08-31,31,8,2016,15,4,5,1,,1,0,,1,1,1,55,3,2,2,5,0,0,0,0,true,,false,false,false,false,false,,,,,,false,false,true,,,false,false,false,false,false,-83.01314,42.38889,"{
  ""coordinates"": [
    -8.301313509600000e+01,
    4.238889152600010e+01
  ],
  ""type"": ""Point""
}","{
  ""coordinates"": [
    -83.013135096,
    42.388891526
  ],
  ""type"": ""Point""
}",-83.013135096,42.3888915260001
7880,9783771,M-39,GRAND RIVER,2016-08-31,31,8,2016,18,4,8,3,,1,0,,1,1,1,55,3,2,2,5,0,0,0,0,true,,false,false,true,false,false,,,,,,false,false,false,,,false,false,false,false,false,-83.21838,42.40102,"{
  ""coordinates"": [
    -8.321837707200000e+01,
    4.240101597700000e+01
  ],
  ""type"": ""Point""
}","{
  ""coordinates"": [
    -83.218377072,
    42.401015977
  ],
  ""type"": ""Point""
}",-83.218377072,42.401015977
7881,9783811,BERKSHIRE,LAKEPOINTE,2016-08-31,31,8,2016,3,4,1,9,,4,0,,1,1,4,25,2,1,3,4,0,0,0,1,false,,false,false,true,false,false,,,,,,false,false,false,,,false,false,false,false,false,-82.95815,42.41196,"{
  ""coordinates"": [
    -8.295815251499990e+01,
    4.241196158200010e+01
  ],
  ""type"": ""Point""
}","{
  ""coordinates"": [
    -82.958152515,
    42.411961582
  ],
  ""type"": ""Point""
}",-82.9581525149999,42.4119615820001
7882,9784406,CONANT,SOBIESKI,2016-08-31,31,8,2016,22,4,6,9,,4,0,,1,1,5,30,4,2,1,4,0,0,0,1,false,,false,false,true,false,false,,,,,,false,false,true,,,false,false,false,false,false,-83.05782,42.4101,"{
  ""coordinates"": [
    -8.305781364900000e+01,
    4.241009455600000e+01
  ],
  ""type"": ""Point""
}","{
  ""coordinates"": [
    -83.057813649,
    42.410094556
  ],
  ""type"": ""Point""
}",-83.057813649,42.410094556
7883,9783769,RAMP 044B,RAMP 216E,2016-08-31,31,8,2016,18,4,5,1,,1,0,,1,1,1,35,1,2,2,4,0,0,0,1,false,,false,false,false,false,false,,,,,,false,false,true,,,false,false,false,false,false,-83.05516,42.36311,"{
  ""coordinates"": [
    -8.305516202400000e+01,
    4.236311070800010e+01
  ],
  ""type"": ""Point""
}","{
  ""coordinates"": [
    -83.055162024,
    42.363110708
  ],
  ""type"": ""Point""
}",-83.055162024,42.3631107080001
7884,9784370,8 MILE,WOODWARD,2016-08-31,31,8,2016,21,4,5,3,,1,0,,1,1,4,0,8,2,2,5,0,0,0,0,true,,false,false,false,false,false,,,,,,false,false,true,,,false,false,false,false,false,-83.12389,42.44653,"{
  ""coordinates"": [
    -8.312389351000000e+01,
    4.244653337900010e+01
  ],
  ""type"": ""Point""
}","{
  ""coordinates"": [
    -83.12389351,
    42.446533379
  ],
  ""type"": ""Point""
}",-83.12389351,42.4465333790001
7885,9783741,W I 96,EVERGREEN,2016-08-31,31,8,2016,16,4,1,1,,1,1,,1,1,1,55,2,1,1,5,0,0,0,0,true,,false,false,false,false,false,,,,,,false,false,false,,,false,false,false,false,false,-83.23624,42.38019,"{
  ""coordinates"": [
    -8.323623593500000e+01,
    4.238019355100000e+01
  ],
  ""type"": ""Point""
}","{
  ""coordinates"": [
    -83.236235935,
    42.380193551
  ],
  ""type"": ""Point""
}",-83.236235935,42.380193551
7886,9783793,N M 39 SERVICE DRIVE,JOY,2016-08-31,31,8,2016,0,4,5,9,,4,0,,1,1,1,55,3,2,1,5,0,0,0,0,true,,false,false,false,false,false,,,,,,false,false,true,,,false,false,false,false,false,-83.21606,42.35784,"{
  ""coordinates"": [
    -8.321606370700000e+01,
    4.235783986400000e+01
  ],
  ""type"": ""Point""
}","{
  ""coordinates"": [
    -83.216063707,
    42.357839864
  ],
  ""type"": ""Point""
}",-83.216063707,42.357839864
7887,9788352,MCKINNEY,WHITTIER,2016-08-31,31,8,2016,6,4,5,9,,,0,,2,4,4,30,2,2,2,5,0,0,0,0,true,,false,false,false,false,false,,,,,,false,false,false,,,false,false,false,false,false,-82.94746,42.41462,"{
  ""coordinates"": [
    -8.294745665499990e+01,
    4.241461739300010e+01
  ],
  ""type"": ""Point""
}","{
  ""coordinates"": [
    -82.947456655,
    42.414617393
  ],
  ""type"": ""Point""
}",-82.9474566549999,42.4146173930001
7888,9784372,CONNER,CHANDLER,2016-08-31,31,8,2016,17,4,4,9,,4,0,,1,1,1,30,5,2,2,4,0,0,0,1,false,,false,false,false,false,false,,,,,,false,false,false,,,false,false,true,false,false,-82.98321,42.39294,"{
  ""coordinates"": [
    -8.298320721399990e+01,
    4.239293623700010e+01
  ],
  ""type"": ""Point""
}","{
  ""coordinates"": [
    -82.983207214,
    42.392936237
  ],
  ""type"": ""Point""
}",-82.9832072139999,42.3929362370001
7889,9785196,FENKELL,DOLPHIN,2016-08-31,31,8,2016,16,4,5,9,,2,0,,1,2,1,30,2,2,2,5,0,0,0,0,true,,false,false,false,false,false,,,,,,false,true,false,,,false,false,false,false,false,-83.25927,42.40027,"{
  ""coordinates"": [
    -8.325926751100000e+01,
    4.240027046500010e+01
  ],
  ""type"": ""Point""
}","{
  ""coordinates"": [
    -83.259267511,
    42.400270465
  ],
  ""type"": ""Point""
}",-83.259267511,42.4002704650001
7890,9784439,LIVERNOIS,MCNICHOLS,2016-08-31,31,8,2016,10,4,5,9,,4,0,,1,2,1,30,2,2,2,5,0,0,0,0,true,,false,false,false,false,false,,,,,,false,false,true,,,false,false,false,false,false,-83.1407,42.41694,"{
  ""coordinates"": [
    -8.314070433900000e+01,
    4.241694382200010e+01
  ],
  ""type"": ""Point""
}","{
  ""coordinates"": [
    -83.140704339,
    42.416943822
  ],
  ""type"": ""Point""
}",-83.140704339,42.4169438220001
7891,9785233,WARREN,JOHN R,2016-08-31,31,8,2016,13,4,4,9,,4,0,,1,1,1,35,4,2,3,5,0,0,0,0,true,,false,false,true,false,false,,,,,,false,false,false,,,false,false,false,false,false,-83.06161,42.3578,"{
  ""coordinates"": [
    -8.306160571600000e+01,
    4.235779766900000e+01
  ],
  ""type"": ""Point""
}","{
  ""coordinates"": [
    -83.061605716,
    42.357797669
  ],
  ""type"": ""Point""
}",-83.061605716,42.357797669
7892,9783749,I-75,JOHN R,2016-08-31,31,8,2016,13,4,5,1,,1,0,,1,2,1,55,4,2,2,5,0,0,0,0,true,,false,false,false,false,false,,,,,,false,false,true,,,false,false,false,false,false,-83.05201,42.34018,"{
  ""coordinates"": [
    -8.305200847200000e+01,
    4.234017775000010e+01
  ],
  ""type"": ""Point""
}","{
  ""coordinates"": [
    -83.052008472,
    42.34017775
  ],
  ""type"": ""Point""
}",-83.052008472,42.3401777500001
7893,9783772,JOHN C LODGE,GREENFIELD,2016-08-31,31,8,2016,19,4,8,3,,1,0,,1,1,1,35,3,2,2,5,0,0,0,0,true,,false,false,true,false,false,,,,,,false,false,false,,,false,false,false,false,false,-83.20013,42.44233,"{
  ""coordinates"": [
    -8.320012301400000e+01,
    4.244233472700010e+01
  ],
  ""type"": ""Point""
}","{
  ""coordinates"": [
    -83.200123014,
    42.442334727
  ],
  ""type"": ""Point""
}",-83.200123014,42.4423347270001
7894,9783805,CADIUEX,HARPER,2016-08-31,31,8,2016,3,4,4,9,,4,0,,1,1,4,30,4,2,2,5,0,0,0,0,true,,false,false,false,false,false,,,,,,false,false,true,,,false,false,false,false,false,-82.93658,42.41637,"{
  ""coordinates"": [
    -8.293658396399999e+01,
    4.241636977700010e+01
  ],
  ""type"": ""Point""
}","{
  ""coordinates"": [
    -82.936583964,
    42.416369777
  ],
  ""type"": ""Point""
}",-82.936583964,42.4163697770001
7895,9783759,I-75,ROSA PARKS,2016-08-31,31,8,2016,16,4,5,1,,4,0,,1,1,1,55,3,2,3,5,0,0,0,0,true,,false,false,false,false,false,,,,,,false,false,true,,,false,false,false,false,false,-83.07411,42.33365,"{
  ""coordinates"": [
    -8.307411373699991e+01,
    4.233364950500000e+01
  ],
  ""type"": ""Point""
}","{
  ""coordinates"": [
    -83.074113737,
    42.333649505
  ],
  ""type"": ""Point""
}",-83.0741137369999,42.333649505
7896,9785172,GRAND RIVER,FISHER SER,2016-08-31,31,8,2016,19,4,8,3,,1,0,,1,1,1,30,6,2,4,4,0,0,0,2,false,,false,false,true,false,false,,,,,,false,false,false,,,false,false,false,false,false,-83.05996,42.33682,"{
  ""coordinates"": [
    -8.305996202599989e+01,
    4.233682375900000e+01
  ],
  ""type"": ""Point""
}","{
  ""coordinates"": [
    -83.059962026,
    42.336823759
  ],
  ""type"": ""Point""
}",-83.0599620259999,42.336823759
7897,9783756,RAMP 215A,S M 10,2016-08-31,31,8,2016,8,4,5,1,,,0,,1,2,1,55,1,2,3,4,0,0,0,1,false,,false,false,false,false,false,,,,,,false,false,true,,,false,false,false,false,false,-83.07509,42.35633,"{
  ""coordinates"": [
    -8.307508701899999e+01,
    4.235633244600010e+01
  ],
  ""type"": ""Point""
}","{
  ""coordinates"": [
    -83.075087019,
    42.356332446
  ],
  ""type"": ""Point""
}",-83.075087019,42.3563324460001
7898,9824456,N I 75,CONSOLIDATED RAIL CORPORATION,2016-08-31,31,8,2016,17,4,8,1,,1,0,,1,2,1,55,3,2,2,4,0,0,0,2,false,,false,false,false,false,false,,,,,,false,false,false,,,false,false,false,false,false,-83.06063,42.37543,"{
  ""coordinates"": [
    -8.306062921199999e+01,
    4.237542876900010e+01
  ],
  ""type"": ""Point""
}","{
  ""coordinates"": [
    -83.060629212,
    42.375428769
  ],
  ""type"": ""Point""
}",-83.060629212,42.3754287690001
7899,9783795,JEFFRIES,LIVERNOIS,2016-08-31,31,8,2016,10,4,8,9,,4,0,,1,1,1,55,3,2,2,5,0,0,0,0,true,,false,false,false,false,false,,,,,,false,false,false,,,false,false,false,false,false,-83.13843,42.36764,"{
  ""coordinates"": [
    -8.313843054400000e+01,
    4.236764055000000e+01
  ],
  ""type"": ""Point""
}","{
  ""coordinates"": [
    -83.138430544,
    42.36764055
  ],
  ""type"": ""Point""
}",-83.138430544,42.36764055
7900,9785204,DOVER,VAUGHAN,2016-08-31,31,8,2016,12,4,4,9,,,0,,1,2,1,25,2,2,1,4,0,0,0,1,false,,true,false,true,false,false,,,,,,false,false,true,,,false,false,false,false,false,-83.2372,42.35931,"{
  ""coordinates"": [
    -8.323720055299999e+01,
    4.235930799500010e+01
  ],
  ""type"": ""Point""
}","{
  ""coordinates"": [
    -83.237200553,
    42.359307995
  ],
  ""type"": ""Point""
}",-83.237200553,42.3593079950001
7901,9824591,BERKSHIRE,WAYBURN,2016-08-31,31,8,2016,1,4,1,9,,4,0,,1,2,4,25,2,1,1,5,0,0,0,0,true,,false,false,false,false,false,,,,,,false,false,true,,,false,false,false,false,false,-82.95947,42.41251,"{
  ""coordinates"": [
    -8.295946949300000e+01,
    4.241251052200000e+01
  ],
  ""type"": ""Point""
}","{
  ""coordinates"": [
    -82.959469493,
    42.412510522
  ],
  ""type"": ""Point""
}",-82.959469493,42.412510522
7902,9783221,JAMES COUZENS,7 MILE,2016-08-30,30,8,2016,19,3,8,3,,4,0,,1,1,1,30,4,2,1,5,0,0,0,0,true,,false,false,true,false,false,,,,,,false,true,false,,,false,false,false,false,false,-83.18738,42.43081,"{
  ""coordinates"": [
    -8.318737688100001e+01,
    4.243080904500000e+01
  ],
  ""type"": ""Point""
}","{
  ""coordinates"": [
    -83.187376881,
    42.430809045
  ],
  ""type"": ""Point""
}",-83.187376881,42.430809045
7903,9785127,E I 96 CD,CSX TRANSPORTATION,2016-08-30,30,8,2016,22,3,1,1,,1,1,,1,1,4,55,3,1,1,3,0,0,1,0,false,,false,false,false,false,false,,,,,,false,false,false,,,false,false,false,false,false,-83.18984,42.37967,"{
  ""coordinates"": [
    -8.318983964800000e+01,
    4.237967289100000e+01
  ],
  ""type"": ""Point""
}","{
  ""coordinates"": [
    -83.189839648,
    42.379672891
  ],
  ""type"": ""Point""
}",-83.189839648,42.379672891
7904,9785129,N M 10,RAMP 105E,2016-08-30,30,8,2016,22,3,1,3,,1,1,,1,1,4,55,3,1,1,5,0,0,0,0,true,,false,false,false,false,false,,,,,,false,false,false,,,false,false,false,false,false,-83.16304,42.40752,"{
  ""coordinates"": [
    -8.316304076099991e+01,
    4.240752504400010e+01
  ],
  ""type"": ""Point""
}","{
  ""coordinates"": [
    -83.163040761,
    42.407525044
  ],
  ""type"": ""Point""
}",-83.1630407609999,42.4075250440001
7905,9783176,CANFIELD,CASS,2016-08-30,30,8,2016,18,3,4,9,,4,0,,1,1,1,25,2,2,3,5,0,0,0,0,true,,false,false,false,false,false,,,,,,false,false,false,,,false,false,false,false,false,-83.0644,42.35172,"{
  ""coordinates"": [
    -8.306439971700000e+01,
    4.235171404900010e+01
  ],
  ""type"": ""Point""
}","{
  ""coordinates"": [
    -83.064399717,
    42.351714049
  ],
  ""type"": ""Point""
}",-83.064399717,42.3517140490001
7906,9783799,S I 75,VERNOR,2016-08-30,30,8,2016,17,3,5,1,,1,0,,1,1,1,25,3,2,6,5,0,0,0,0,true,,false,false,false,false,false,,,,,,false,false,true,,,false,false,false,false,false,-83.08492,42.32627,"{
  ""coordinates"": [
    -8.308492503500000e+01,
    4.232627449500010e+01
  ],
  ""type"": ""Point""
}","{
  ""coordinates"": [
    -83.084925035,
    42.326274495
  ],
  ""type"": ""Point""
}",-83.084925035,42.3262744950001
7907,9783218,MENDOTA,MARGARETA,2016-08-30,30,8,2016,23,3,5,9,,,0,,1,1,4,25,2,2,0,5,0,0,0,0,true,,false,false,true,false,false,,,,,,false,false,false,,,false,false,false,false,false,-83.16631,42.42788,"{
  ""coordinates"": [
    -8.316631590199999e+01,
    4.242788486100010e+01
  ],
  ""type"": ""Point""
}","{
  ""coordinates"": [
    -83.166315902,
    42.427884861
  ],
  ""type"": ""Point""
}",-83.166315902,42.4278848610001
7908,9783794,SOUTHFIELD SERVICE DRIVE,RAMP 008F,2016-08-30,30,8,2016,18,3,8,9,,4,0,,1,1,1,55,3,2,2,5,0,0,0,0,true,,false,false,true,false,false,,,,,,false,false,false,,,false,false,false,false,false,-83.21667,42.37854,"{
  ""coordinates"": [
    -8.321666612300000e+01,
    4.237854100100000e+01
  ],
  ""type"": ""Point""
}","{
  ""coordinates"": [
    -83.216666123,
    42.378541001
  ],
  ""type"": ""Point""
}",-83.216666123,42.378541001
7909,9785141,N I 75,FERRY,2016-08-30,30,8,2016,22,3,5,1,,1,0,,1,1,4,55,4,2,2,5,0,0,0,0,true,,false,false,false,false,false,,,,,,false,false,false,,,false,false,false,false,false,-83.0564,42.36529,"{
  ""coordinates"": [
    -8.305640271500000e+01,
    4.236529037700010e+01
  ],
  ""type"": ""Point""
}","{
  ""coordinates"": [
    -83.056402715,
    42.365290377
  ],
  ""type"": ""Point""
}",-83.056402715,42.3652903770001
7910,9783203,JEFFERSON,BATES,2016-08-30,30,8,2016,16,3,1,3,,1,0,,1,2,1,30,1,2,2,5,0,0,0,0,true,,false,false,false,false,false,,,,,,false,true,false,,,false,false,false,true,false,-83.04272,42.32925,"{
  ""coordinates"": [
    -8.304271386900000e+01,
    4.232924984100000e+01
  ],
  ""type"": ""Point""
}","{
  ""coordinates"": [
    -83.042713869,
    42.329249841
  ],
  ""type"": ""Point""
}",-83.042713869,42.329249841
7911,9785231,FORRER,PEMBROKE,2016-08-30,30,8,2016,16,3,4,9,,,0,,1,1,1,25,1,2,3,4,0,0,0,3,false,,true,false,false,false,false,,,,,,false,false,false,,,false,false,false,false,false,-83.203,42.43756,"{
  ""coordinates"": [
    -8.320299155799999e+01,
    4.243755664900000e+01
  ],
  ""type"": ""Point""
}","{
  ""coordinates"": [
    -83.202991558,
    42.437556649
  ],
  ""type"": ""Point""
}",-83.202991558,42.437556649
7912,9784364,VERNOR,OAKDALE,2016-08-30,30,8,2016,17,3,97,9,,4,0,,1,2,1,25,2,2,2,5,0,0,0,0,true,,false,false,false,false,false,,,,,,true,false,false,,,false,false,false,false,false,-83.1343,42.30855,"{
  ""coordinates"": [
    -8.313429877599999e+01,
    4.230855234600010e+01
  ],
  ""type"": ""Point""
}","{
  ""coordinates"": [
    -83.134298776,
    42.308552346
  ],
  ""type"": ""Point""
}",-83.134298776,42.3085523460001
7913,9783184,FOLEY,LITTLEFIELD,2016-08-30,30,8,2016,12,3,9,9,,,0,,1,2,1,25,2,2,23,5,0,0,0,0,true,,false,false,false,false,false,,,,,,false,false,false,,,false,false,false,false,false,-83.17586,42.37938,"{
  ""coordinates"": [
    -8.317585567000000e+01,
    4.237937563600010e+01
  ],
  ""type"": ""Point""
}","{
  ""coordinates"": [
    -83.17585567,
    42.379375636
  ],
  ""type"": ""Point""
}",-83.17585567,42.3793756360001
7914,9783778,LAFAYETTE,BRUSH,2016-08-30,30,8,2016,16,3,4,9,,4,0,,1,1,1,35,2,2,3,5,0,0,0,0,true,,true,false,false,false,false,,,,,,false,false,false,,,false,false,false,false,false,-83.04314,42.33357,"{
  ""coordinates"": [
    -8.304313385899999e+01,
    4.233356673300010e+01
  ],
  ""type"": ""Point""
}","{
  ""coordinates"": [
    -83.043133859,
    42.333566733
  ],
  ""type"": ""Point""
}",-83.043133859,42.3335667330001
7915,9783205,WOODLAWN,ERWIN,2016-08-30,30,8,2016,16,3,1,9,,,1,,1,1,1,25,2,1,1,3,0,0,1,0,false,,false,false,false,false,false,,,,,,false,false,false,,,false,false,false,false,false,-83.018,42.3992,"{
  ""coordinates"": [
    -8.301799912599991e+01,
    4.239919714200000e+01
  ],
  ""type"": ""Point""
}","{
  ""coordinates"": [
    -83.017999126,
    42.399197142
  ],
  ""type"": ""Point""
}",-83.0179991259999,42.399197142
7916,9783791,CADEUX,HARPER,2016-08-30,30,8,2016,14,3,6,9,,4,0,,1,1,1,35,5,2,2,5,0,0,0,0,true,,false,false,true,false,false,,,,,,false,false,false,,,false,false,false,false,false,-82.93646,42.41619,"{
  ""coordinates"": [
    -8.293646149499990e+01,
    4.241618795400010e+01
  ],
  ""type"": ""Point""
}","{
  ""coordinates"": [
    -82.936461495,
    42.416187954
  ],
  ""type"": ""Point""
}",-82.9364614949999,42.4161879540001
7917,9785126,I75,SPRINGWELLS,2016-08-30,30,8,2016,19,3,1,1,,1,0,,1,1,1,55,4,1,1,5,0,0,0,0,true,,false,false,false,false,false,,,,,,false,false,false,,,false,false,false,false,false,-83.1217,42.30004,"{
  ""coordinates"": [
    -8.312170698800000e+01,
    4.230004163700000e+01
  ],
  ""type"": ""Point""
}","{
  ""coordinates"": [
    -83.121706988,
    42.300041637
  ],
  ""type"": ""Point""
}",-83.121706988,42.300041637
7918,9784438,GREENLAWN,SANTA CLARA,2016-08-30,30,8,2016,10,3,8,9,,,0,,1,1,1,20,3,2,2,5,0,0,0,0,true,,false,false,false,false,false,,,,,,false,false,false,,,false,false,false,false,false,-83.15134,42.42044,"{
  ""coordinates"": [
    -8.315133568600000e+01,
    4.242044022400010e+01
  ],
  ""type"": ""Point""
}","{
  ""coordinates"": [
    -83.151335686,
    42.420440224
  ],
  ""type"": ""Point""
}",-83.151335686,42.4204402240001
7919,9837043,JOSEPH CAMPAU,JEFFERSON,2016-08-30,30,8,2016,20,3,8,9,,4,0,,1,1,4,30,2,2,4,5,0,0,0,0,true,,false,false,false,false,false,,,,,,false,false,false,,,false,false,false,false,false,-83.01967,42.33938,"{
  ""coordinates"": [
    -8.301966866799999e+01,
    4.233938371300010e+01
  ],
  ""type"": ""Point""
}","{
  ""coordinates"": [
    -83.019668668,
    42.339383713
  ],
  ""type"": ""Point""
}",-83.019668668,42.3393837130001
7920,9783210,7 MILE,STRASBURG,2016-08-30,30,8,2016,17,3,4,9,,4,0,,1,1,1,0,2,2,1,5,0,0,0,0,true,,true,true,true,false,false,,,,,,false,false,false,,,false,false,false,false,false,-82.99851,42.43461,"{
  ""coordinates"": [
    -8.299851469600000e+01,
    4.243460765700010e+01
  ],
  ""type"": ""Point""
}","{
  ""coordinates"": [
    -82.998514696,
    42.434607657
  ],
  ""type"": ""Point""
}",-82.998514696,42.4346076570001
7921,9783779,JEFFRIES SERVICE,LITTLEFIELD,2016-08-30,30,8,2016,17,3,5,1,,1,0,,1,2,1,30,2,2,4,5,0,0,0,0,true,,false,false,false,false,false,,,,,,false,false,false,,,false,false,false,false,false,-83.17578,42.38316,"{
  ""coordinates"": [
    -8.317577823300000e+01,
    4.238316213200010e+01
  ],
  ""type"": ""Point""
}","{
  ""coordinates"": [
    -83.175778233,
    42.383162132
  ],
  ""type"": ""Point""
}",-83.175778233,42.3831621320001