ObjectId,Crash ID,Primary Road,Intersecting Road,Crash Date,Day,Month,Year,Hour,Weekday,Crash Type Code,Highway Classification Code,Community Code,Jurisdiction Code,Lane Departure Type Code,Surface Type,Road Condition,Weather Condition,Lighting Condition,Speed Limit,Lanes,Units,Occupants,Most Severe Injury,Fatal Injuries,Suspected Serious Injuries,Suspected Minor Injuries,Possible Injuries,Property Damage Only,Secondary Crash,Traffic Control,Red Light Run,Hit and Run,Alcohol,Drugs,Unbelted Person,Work Zone,Speeding Driver,Distracted Driver,Driveway,Pedestrian,Elderly Driver,Young Driver,Commercial Vehicle,Emergency Vehicles,Train,School Bus,Motorcycle,Bicycle,Deer,Longitude,Latitude,geom,geog,x,y
7979,9783816,MCNICHOLS,GODDARD,2016-08-29,29,8,2016,12,2,5,9,,4,0,,1,1,1,30,2,2,4,4,0,0,0,3,false,,false,false,true,false,false,,,,,,false,false,false,,,false,false,false,false,false,-83.07814,42.41854,"{
  ""coordinates"": [
    -8.307813847100000e+01,
    4.241853758000010e+01
  ],
  ""type"": ""Point""
}","{
  ""coordinates"": [
    -83.078138471,
    42.41853758
  ],
  ""type"": ""Point""
}",-83.078138471,42.4185375800001
7980,9785153,M 39,JOY,2016-08-29,29,8,2016,17,2,5,3,,1,0,,1,1,1,55,3,2,2,5,0,0,0,0,true,,false,false,false,false,false,,,,,,false,false,false,,,false,false,false,false,false,-83.21642,42.35867,"{
  ""coordinates"": [
    -8.321641336200000e+01,
    4.235867250000010e+01
  ],
  ""type"": ""Point""
}","{
  ""coordinates"": [
    -83.216413362,
    42.3586725
  ],
  ""type"": ""Point""
}",-83.216413362,42.3586725000001
7981,9782520,7 MILE,FIELDING,2016-08-29,29,8,2016,16,2,5,9,,2,0,,1,1,1,30,4,2,2,5,0,0,0,0,true,,false,false,false,false,false,,,,,,false,true,false,,,false,false,false,false,false,-83.24426,42.42944,"{
  ""coordinates"": [
    -8.324425216500001e+01,
    4.242944058300000e+01
  ],
  ""type"": ""Point""
}","{
  ""coordinates"": [
    -83.244252165,
    42.429440583
  ],
  ""type"": ""Point""
}",-83.244252165,42.429440583
7982,9785212,APPLETON,GLENDALE,2016-08-29,29,8,2016,18,2,97,9,,,0,,1,1,1,25,2,2,1,5,0,0,0,0,true,,false,false,true,false,false,,,,,,false,false,true,,,false,false,false,false,false,-83.27219,42.38237,"{
  ""coordinates"": [
    -8.327219358199990e+01,
    4.238237003100010e+01
  ],
  ""type"": ""Point""
}","{
  ""coordinates"": [
    -83.272193582,
    42.382370031
  ],
  ""type"": ""Point""
}",-83.2721935819999,42.3823700310001
7983,9798167,DIX,CARSON,2016-08-29,29,8,2016,7,2,97,9,,4,0,,1,1,1,0,4,2,1,5,0,0,0,0,true,,false,false,false,false,false,,,,,,false,false,true,,,false,false,false,false,false,-83.1315,42.31703,"{
  ""coordinates"": [
    -8.313149757799989e+01,
    4.231702955400000e+01
  ],
  ""type"": ""Point""
}","{
  ""coordinates"": [
    -83.131497578,
    42.317029554
  ],
  ""type"": ""Point""
}",-83.1314975779999,42.317029554
7984,9783767,JOHN C LODGE,LINWOOD,2016-08-29,29,8,2016,2,2,8,3,,1,0,,1,1,4,55,3,2,4,5,0,0,0,0,true,,false,false,true,true,false,,,,,,false,false,false,,,false,false,false,false,false,-83.12139,42.40475,"{
  ""coordinates"": [
    -8.312139358199990e+01,
    4.240475157600010e+01
  ],
  ""type"": ""Point""
}","{
  ""coordinates"": [
    -83.121393582,
    42.404751576
  ],
  ""type"": ""Point""
}",-83.1213935819999,42.4047515760001
7985,9800564,BRUSH,MACOMB,2016-08-29,29,8,2016,2,2,97,9,,4,0,,1,1,4,35,1,1,1,2,0,1,0,0,false,,false,false,false,false,false,,,,,,false,false,false,,,false,false,true,false,false,-83.04416,42.33512,"{
  ""coordinates"": [
    -8.304416266600001e+01,
    4.233511635500000e+01
  ],
  ""type"": ""Point""
}","{
  ""coordinates"": [
    -83.044162666,
    42.335116355
  ],
  ""type"": ""Point""
}",-83.044162666,42.335116355
7986,9783208,GRATIOT,CONNER,2016-08-29,29,8,2016,15,2,8,3,,1,0,,1,1,1,35,7,2,3,3,0,0,1,0,false,,false,false,true,false,false,,,,,,false,false,false,,,false,false,true,false,false,-82.9975,42.40491,"{
  ""coordinates"": [
    -8.299749493099991e+01,
    4.240490783300000e+01
  ],
  ""type"": ""Point""
}","{
  ""coordinates"": [
    -82.997494931,
    42.404907833
  ],
  ""type"": ""Point""
}",-82.9974949309999,42.404907833
7987,9782539,DAVISON,LINWOOD,2016-08-29,29,8,2016,12,2,5,3,,1,0,,1,1,1,35,6,2,5,4,0,0,0,1,false,,false,false,false,false,false,,,,,,false,false,false,,,false,false,false,false,false,-83.12251,42.39283,"{
  ""coordinates"": [
    -8.312251210200000e+01,
    4.239283292100000e+01
  ],
  ""type"": ""Point""
}","{
  ""coordinates"": [
    -83.122512102,
    42.392832921
  ],
  ""type"": ""Point""
}",-83.122512102,42.392832921
7988,9782559,GRAND RIVER,16TH,2016-08-29,29,8,2016,6,2,5,3,,1,0,,1,1,1,35,7,2,3,5,0,0,0,0,true,,false,false,false,false,false,,,,,,false,false,false,,,false,false,false,false,false,-83.08902,42.34858,"{
  ""coordinates"": [
    -8.308901976100000e+01,
    4.234858237300010e+01
  ],
  ""type"": ""Point""
}","{
  ""coordinates"": [
    -83.089019761,
    42.348582373
  ],
  ""type"": ""Point""
}",-83.089019761,42.3485823730001
7989,9785221,BRACE,KIRKWOOD,2016-08-29,29,8,2016,6,2,8,9,,,0,,1,1,4,25,2,2,0,5,0,0,0,0,true,,false,false,true,false,false,,,,,,false,false,false,,,false,false,false,false,false,-83.22279,42.33238,"{
  ""coordinates"": [
    -8.322278881299999e+01,
    4.233237899200000e+01
  ],
  ""type"": ""Point""
}","{
  ""coordinates"": [
    -83.222788813,
    42.332378992
  ],
  ""type"": ""Point""
}",-83.222788813,42.332378992
7990,9791519,M-39,7 MILE,2016-08-29,29,8,2016,16,2,5,3,,1,0,,1,1,1,55,3,2,2,4,0,0,0,1,false,,false,false,false,false,false,,,,,,false,true,false,,,false,false,false,false,false,-83.21931,42.42857,"{
  ""coordinates"": [
    -8.321931038000000e+01,
    4.242856906000000e+01
  ],
  ""type"": ""Point""
}","{
  ""coordinates"": [
    -83.21931038,
    42.42856906
  ],
  ""type"": ""Point""
}",-83.21931038,42.42856906
7991,9782497,MICHIGAN,BUSHEY,2016-08-29,29,8,2016,20,2,5,2,,1,0,,1,1,4,35,5,2,1,5,0,0,0,0,true,,false,false,false,false,false,,,,,,false,false,true,,,false,false,false,false,false,-83.11501,42.33115,"{
  ""coordinates"": [
    -8.311500434899990e+01,
    4.233114765900010e+01
  ],
  ""type"": ""Point""
}","{
  ""coordinates"": [
    -83.115004349,
    42.331147659
  ],
  ""type"": ""Point""
}",-83.1150043489999,42.3311476590001
7992,9782524,GRATIOT,STATE FAIR,2016-08-29,29,8,2016,16,2,5,3,,1,0,,1,1,1,35,4,4,4,5,0,0,0,0,true,,false,false,false,false,false,,,,,,false,false,false,,,false,false,false,false,false,-82.9728,42.4425,"{
  ""coordinates"": [
    -8.297279812100000e+01,
    4.244249940100010e+01
  ],
  ""type"": ""Point""
}","{
  ""coordinates"": [
    -82.972798121,
    42.442499401
  ],
  ""type"": ""Point""
}",-82.972798121,42.4424994010001
7993,9782538,BEECHWOOD,VANCOUVER,2016-08-29,29,8,2016,11,2,4,9,,4,0,,1,1,1,30,2,2,4,4,0,0,0,3,false,,false,false,false,false,false,,,,,,false,true,false,,,false,false,false,false,false,-83.12276,42.35797,"{
  ""coordinates"": [
    -8.312275493399990e+01,
    4.235796577200010e+01
  ],
  ""type"": ""Point""
}","{
  ""coordinates"": [
    -83.122754934,
    42.357965772
  ],
  ""type"": ""Point""
}",-83.1227549339999,42.3579657720001
7994,9781774,MERTON,MANDERSON,2016-08-29,29,8,2016,0,2,9,9,,,0,,1,1,4,0,2,2,1,5,0,0,0,0,true,,false,false,false,false,false,,,,,,false,false,false,,,false,false,false,false,false,-83.11552,42.41844,"{
  ""coordinates"": [
    -8.311552404299989e+01,
    4.241844267700000e+01
  ],
  ""type"": ""Point""
}","{
  ""coordinates"": [
    -83.115524043,
    42.418442677
  ],
  ""type"": ""Point""
}",-83.1155240429999,42.418442677
7995,9799775,PLYMOUTH,PLAINVIEW,2016-08-29,29,8,2016,15,2,8,9,,4,0,,1,1,1,0,4,2,2,5,0,0,0,0,true,,false,false,false,false,false,,,,,,false,true,false,,,false,false,false,false,false,-83.23503,42.3719,"{
  ""coordinates"": [
    -8.323502765500000e+01,
    4.237190397200000e+01
  ],
  ""type"": ""Point""
}","{
  ""coordinates"": [
    -83.235027655,
    42.371903972
  ],
  ""type"": ""Point""
}",-83.235027655,42.371903972
7996,9782547,CAMBRIDGE,SAN JUAN,2016-08-29,29,8,2016,15,2,9,9,,,0,,1,1,1,25,1,2,0,5,0,0,0,0,true,,false,false,false,false,false,,,,,,false,false,false,,,false,false,false,false,false,-83.14718,42.43329,"{
  ""coordinates"": [
    -8.314717749099999e+01,
    4.243329086200000e+01
  ],
  ""type"": ""Point""
}","{
  ""coordinates"": [
    -83.147177491,
    42.433290862
  ],
  ""type"": ""Point""
}",-83.147177491,42.433290862
7997,9783220,SECOND,COVINGTON,2016-08-29,29,8,2016,23,2,8,9,,4,0,,1,1,4,25,3,2,0,5,0,0,0,0,true,,false,false,true,false,false,,,,,,false,false,false,,,false,false,false,false,false,-83.11013,42.41983,"{
  ""coordinates"": [
    -8.311012698499999e+01,
    4.241983465600000e+01
  ],
  ""type"": ""Point""
}","{
  ""coordinates"": [
    -83.110126985,
    42.419834656
  ],
  ""type"": ""Point""
}",-83.110126985,42.419834656
7998,9782471,GREENFIELD,ELMIRA,2016-08-29,29,8,2016,15,2,5,9,,2,0,,1,1,1,35,4,3,2,4,0,0,0,2,false,,false,false,true,false,false,,,,,,false,false,false,,,false,false,false,false,false,-83.19744,42.37019,"{
  ""coordinates"": [
    -8.319744351000000e+01,
    4.237019043000000e+01
  ],
  ""type"": ""Point""
}","{
  ""coordinates"": [
    -83.19744351,
    42.37019043
  ],
  ""type"": ""Point""
}",-83.19744351,42.37019043
7999,9782534,BRUSH,E I 94,2016-08-29,29,8,2016,16,2,4,9,,4,0,,1,1,1,30,2,2,2,5,0,0,0,0,true,,false,false,false,false,false,,,,,,false,true,false,,,false,false,false,false,false,-83.0645,42.3657,"{
  ""coordinates"": [
    -8.306449920100000e+01,
    4.236570052700010e+01
  ],
  ""type"": ""Point""
}","{
  ""coordinates"": [
    -83.064499201,
    42.365700527
  ],
  ""type"": ""Point""
}",-83.064499201,42.3657005270001
8000,9783796,GRAND RIVER,E I 96 SERVICE DRIVE,2016-08-29,29,8,2016,13,2,5,3,,1,0,,1,1,1,35,3,2,4,5,0,0,0,0,true,,false,false,false,false,false,,,,,,false,false,false,,,false,false,false,false,false,-83.17512,42.3833,"{
  ""coordinates"": [
    -8.317511627800000e+01,
    4.238329760500010e+01
  ],
  ""type"": ""Point""
}","{
  ""coordinates"": [
    -83.175116278,
    42.383297605
  ],
  ""type"": ""Point""
}",-83.175116278,42.3832976050001
8001,9785225,SOUTHFIELD SERVICE DRIVE,7 MILE,2016-08-29,29,8,2016,14,2,8,9,,4,0,,1,1,1,35,6,2,2,5,0,0,0,0,true,,false,false,true,false,false,,,,,,false,false,false,,,false,false,false,false,false,-83.21974,42.43002,"{
  ""coordinates"": [
    -8.321974238000000e+01,
    4.243002313800010e+01
  ],
  ""type"": ""Point""
}","{
  ""coordinates"": [
    -83.21974238,
    42.430023138
  ],
  ""type"": ""Point""
}",-83.21974238,42.4300231380001
8002,9784373,HARPER,YORKSHIRE,2016-08-29,29,8,2016,20,2,5,9,,4,0,,2,1,4,30,4,2,0,5,0,0,0,0,true,,false,false,true,false,false,,,,,,false,false,false,,,false,false,false,false,false,-82.9404,42.41394,"{
  ""coordinates"": [
    -8.294039796200001e+01,
    4.241393498800010e+01
  ],
  ""type"": ""Point""
}","{
  ""coordinates"": [
    -82.940397962,
    42.413934988
  ],
  ""type"": ""Point""
}",-82.940397962,42.4139349880001
8003,9782510,MCDOUGAL,FARMSWORTH,2016-08-29,29,8,2016,19,2,1,9,,4,0,,5,1,1,25,2,1,1,3,0,0,1,0,false,,false,false,false,false,false,,,,,,false,false,false,,,false,false,true,false,false,-83.03684,42.369,"{
  ""coordinates"": [
    -8.303683963799990e+01,
    4.236899573500010e+01
  ],
  ""type"": ""Point""
}","{
  ""coordinates"": [
    -83.036839638,
    42.368995735
  ],
  ""type"": ""Point""
}",-83.0368396379999,42.3689957350001
8004,9783215,DAVISON,PETOSKEY,2016-08-29,29,8,2016,20,2,2,3,,1,0,,1,1,3,35,6,2,2,4,0,0,0,1,false,,false,false,false,false,false,,,,,,false,false,true,,,false,false,false,false,false,-83.13526,42.38808,"{
  ""coordinates"": [
    -8.313525921099991e+01,
    4.238808070400010e+01
  ],
  ""type"": ""Point""
}","{
  ""coordinates"": [
    -83.135259211,
    42.388080704
  ],
  ""type"": ""Point""
}",-83.1352592109999,42.3880807040001
8005,9782496,VISGER,ELECTRIC,2016-08-29,29,8,2016,18,2,4,9,,4,0,,1,1,1,25,2,2,7,5,0,0,0,0,true,,false,false,false,false,false,,,,,,false,false,true,,,false,false,false,false,false,-83.15994,42.26763,"{
  ""coordinates"": [
    -8.315994585500000e+01,
    4.226763315900010e+01
  ],
  ""type"": ""Point""
}","{
  ""coordinates"": [
    -83.159945855,
    42.267633159
  ],
  ""type"": ""Point""
}",-83.159945855,42.2676331590001
8006,9785209,FORD,ARTESIAN,2016-08-29,29,8,2016,16,2,4,3,,1,0,,1,1,1,40,4,2,1,5,0,0,0,0,true,,true,true,true,false,false,,,,,,false,false,false,,,false,false,false,false,false,-83.22518,42.32894,"{
  ""coordinates"": [
    -8.322517962800001e+01,
    4.232894058300010e+01
  ],
  ""type"": ""Point""
}","{
  ""coordinates"": [
    -83.225179628,
    42.328940583
  ],
  ""type"": ""Point""
}",-83.225179628,42.3289405830001
8007,9782549,CANTERBURY,CHESTERFIELD,2016-08-29,29,8,2016,15,2,8,9,,,0,,1,1,1,25,1,2,1,5,0,0,0,0,true,,false,false,false,false,false,,,,,,false,true,false,,,false,false,false,false,false,-83.1384,42.43562,"{
  ""coordinates"": [
    -8.313840441000001e+01,
    4.243561904000010e+01
  ],
  ""type"": ""Point""
}","{
  ""coordinates"": [
    -83.13840441,
    42.43561904
  ],
  ""type"": ""Point""
}",-83.13840441,42.4356190400001
8008,9783826,8 MILE,CALDWELL,2016-08-29,29,8,2016,12,2,8,3,,1,0,,1,1,1,40,4,2,2,5,0,0,0,0,true,,false,false,false,false,false,,,,,,false,true,false,,,false,false,false,false,false,-83.04719,42.44767,"{
  ""coordinates"": [
    -8.304718840399990e+01,
    4.244767191200000e+01
  ],
  ""type"": ""Point""
}","{
  ""coordinates"": [
    -83.047188404,
    42.447671912
  ],
  ""type"": ""Point""
}",-83.0471884039999,42.447671912
8009,9782558,MCNICHOLS,TRINITY,2016-08-29,29,8,2016,7,2,4,9,,2,0,,1,1,1,0,2,2,3,5,0,0,0,0,true,,true,true,false,false,false,,,,,,false,true,true,,,false,false,false,false,false,-83.24894,42.41472,"{
  ""coordinates"": [
    -8.324893570300000e+01,
    4.241472398100010e+01
  ],
  ""type"": ""Point""
}","{
  ""coordinates"": [
    -83.248935703,
    42.414723981
  ],
  ""type"": ""Point""
}",-83.248935703,42.4147239810001
8010,9782525,FRENCH,GRATIOT,2016-08-29,29,8,2016,14,2,4,3,,4,0,,1,1,1,30,8,2,2,5,0,0,0,0,true,,false,false,false,false,false,,,,,,false,false,true,,,false,false,false,false,false,-83.00043,42.40036,"{
  ""coordinates"": [
    -8.300042817400001e+01,
    4.240035620500000e+01
  ],
  ""type"": ""Point""
}","{
  ""coordinates"": [
    -83.000428174,
    42.400356205
  ],
  ""type"": ""Point""
}",-83.000428174,42.400356205
8011,9782509,LAFAYETTE,BELLEVUE,2016-08-29,29,8,2016,19,2,4,9,,4,0,,1,1,3,30,2,2,4,5,0,0,0,0,true,,true,false,false,false,false,,,,,,false,false,true,,,false,false,false,false,false,-83.00837,42.34853,"{
  ""coordinates"": [
    -8.300836676099991e+01,
    4.234852933500010e+01
  ],
  ""type"": ""Point""
}","{
  ""coordinates"": [
    -83.008366761,
    42.348529335
  ],
  ""type"": ""Point""
}",-83.0083667609999,42.3485293350001
8012,9783825,7 MILE,FENELON,2016-08-29,29,8,2016,7,2,4,9,,4,0,,1,1,1,35,4,2,3,4,0,0,0,1,false,,true,true,false,false,false,,,,,,false,false,false,,,false,false,false,false,false,-83.0536,42.43334,"{
  ""coordinates"": [
    -8.305359490799999e+01,
    4.243333628600000e+01
  ],
  ""type"": ""Point""
}","{
  ""coordinates"": [
    -83.053594908,
    42.433336286
  ],
  ""type"": ""Point""
}",-83.053594908,42.433336286
8013,9782552,LIVERNOIS,OUTER,2016-08-29,29,8,2016,17,2,8,9,,4,0,,1,1,1,30,2,2,2,5,0,0,0,0,true,,false,false,false,false,false,,,,,,false,false,false,,,false,false,false,false,false,-83.1417,42.43492,"{
  ""coordinates"": [
    -8.314170166199990e+01,
    4.243491869700010e+01
  ],
  ""type"": ""Point""
}","{
  ""coordinates"": [
    -83.141701662,
    42.434918697
  ],
  ""type"": ""Point""
}",-83.1417016619999,42.4349186970001
8014,9785230,FORD,GREENVIEW,2016-08-29,29,8,2016,13,2,4,3,,1,0,,1,1,1,45,4,2,6,4,0,0,0,2,false,,true,true,false,false,false,,,,,,false,false,false,,,false,false,false,false,false,-83.22122,42.32901,"{
  ""coordinates"": [
    -8.322122045000000e+01,
    4.232900527100000e+01
  ],
  ""type"": ""Point""
}","{
  ""coordinates"": [
    -83.22122045,
    42.329005271
  ],
  ""type"": ""Point""
}",-83.22122045,42.329005271
8015,9785637,FORT,SCOTTEN,2016-08-29,29,8,2016,8,2,97,3,,1,0,,1,1,1,30,7,2,2,5,0,0,0,0,true,,false,false,false,false,false,,,,,,false,false,false,,,false,false,false,false,false,-83.08826,42.31313,"{
  ""coordinates"": [
    -8.308826377799990e+01,
    4.231312439600000e+01
  ],
  ""type"": ""Point""
}","{
  ""coordinates"": [
    -83.088263778,
    42.313124396
  ],
  ""type"": ""Point""
}",-83.0882637779999,42.313124396
8016,9793131,TELEGRAPH,MCNICHOLS,2016-08-29,29,8,2016,17,2,8,2,,1,0,,1,1,1,45,4,2,3,5,0,0,0,0,true,,false,false,false,false,false,,,,,,false,false,false,,,false,false,false,false,false,-83.27697,42.41481,"{
  ""coordinates"": [
    -8.327697252900001e+01,
    4.241480729800000e+01
  ],
  ""type"": ""Point""
}","{
  ""coordinates"": [
    -83.276972529,
    42.414807298
  ],
  ""type"": ""Point""
}",-83.276972529,42.414807298
8017,9783823,DEQUINDRE,8 MILE,2016-08-29,29,8,2016,11,2,4,3,,4,0,,1,1,1,35,4,2,2,5,0,0,0,0,true,,true,true,false,false,false,,,,,,false,true,false,,,false,false,false,false,false,-83.08337,42.447,"{
  ""coordinates"": [
    -8.308337593800000e+01,
    4.244700383000000e+01
  ],
  ""type"": ""Point""
}","{
  ""coordinates"": [
    -83.083375938,
    42.44700383
  ],
  ""type"": ""Point""
}",-83.083375938,42.44700383
8018,9783187,BROADWAY,WITHERELL,2016-08-29,29,8,2016,21,2,10,9,,4,0,,1,1,4,35,2,2,2,5,0,0,0,0,true,,false,false,false,false,false,,,,,,false,false,false,,,false,false,false,false,false,-83.04934,42.33632,"{
  ""coordinates"": [
    -8.304934028400000e+01,
    4.233632317500010e+01
  ],
  ""type"": ""Point""
}","{
  ""coordinates"": [
    -83.049340284,
    42.336323175
  ],
  ""type"": ""Point""
}",-83.049340284,42.3363231750001
8019,9785211,FORD,SOUTHFIELD,2016-08-29,29,8,2016,16,2,1,3,,1,0,,1,1,1,45,4,2,1,4,0,0,0,1,false,,false,false,false,false,false,,,,,,false,false,false,,,false,false,false,true,false,-83.21785,42.32906,"{
  ""coordinates"": [
    -8.321785249899990e+01,
    4.232906154700000e+01
  ],
  ""type"": ""Point""
}","{
  ""coordinates"": [
    -83.217852499,
    42.329061547
  ],
  ""type"": ""Point""
}",-83.2178524989999,42.329061547
8020,9782545,7 MILE,SCHAEFER,2016-08-29,29,8,2016,7,2,97,9,,2,0,,1,1,1,35,7,3,4,4,0,0,0,2,false,,true,true,false,false,false,,,,,,false,true,true,,,false,false,false,false,false,-83.1805,42.43108,"{
  ""coordinates"": [
    -8.318049826299990e+01,
    4.243107600100010e+01
  ],
  ""type"": ""Point""
}","{
  ""coordinates"": [
    -83.180498263,
    42.431076001
  ],
  ""type"": ""Point""
}",-83.1804982629999,42.4310760010001
8021,9806197,TELEGRAPH,GRAND RIVER,2016-08-29,29,8,2016,17,2,97,2,,1,0,,1,1,1,35,2,2,2,5,0,0,0,0,true,,false,false,false,false,false,,,,,,false,false,false,,,false,false,false,false,false,-83.27734,42.42387,"{
  ""coordinates"": [
    -8.327733684000000e+01,
    4.242386835700010e+01
  ],
  ""type"": ""Point""
}","{
  ""coordinates"": [
    -83.27733684,
    42.423868357
  ],
  ""type"": ""Point""
}",-83.27733684,42.4238683570001
8022,9785236,7 MILE,SOUTHFIELD SERVICE DRIVE,2016-08-29,29,8,2016,10,2,8,9,,2,0,,1,1,1,30,2,2,5,5,0,0,0,0,true,,false,false,true,false,false,,,,,,false,false,true,,,false,false,false,false,false,-83.21974,42.43001,"{
  ""coordinates"": [
    -8.321974186100000e+01,
    4.243000833400000e+01
  ],
  ""type"": ""Point""
}","{
  ""coordinates"": [
    -83.219741861,
    42.430008334
  ],
  ""type"": ""Point""
}",-83.219741861,42.430008334
8023,9783821,EUERKA,EMERY,2016-08-29,29,8,2016,10,2,98,9,,,0,,1,1,98,25,2,2,1,5,0,0,0,0,true,,false,false,true,false,false,,,,,,false,false,true,,,false,false,false,false,false,-83.05788,42.43584,"{
  ""coordinates"": [
    -8.305787828900000e+01,
    4.243583873200000e+01
  ],
  ""type"": ""Point""
}","{
  ""coordinates"": [
    -83.057878289,
    42.435838732
  ],
  ""type"": ""Point""
}",-83.057878289,42.435838732
8024,9781895,7 MILE,WOODSTON,2016-08-28,28,8,2016,16,1,8,9,,2,0,,1,1,1,35,7,2,2,3,0,0,1,0,false,,false,false,false,false,false,,,,,,false,true,false,,,false,false,true,false,false,-83.12946,42.4318,"{
  ""coordinates"": [
    -8.312945478300000e+01,
    4.243180398100000e+01
  ],
  ""type"": ""Point""
}","{
  ""coordinates"": [
    -83.129454783,
    42.431803981
  ],
  ""type"": ""Point""
}",-83.129454783,42.431803981
8025,9783739,I-375,JEFFERSON,2016-08-28,28,8,2016,20,1,1,1,,1,1,,1,2,1,55,2,1,1,2,0,1,0,0,false,,false,false,false,false,false,,,,,,false,false,true,,,false,false,true,false,false,-83.03622,42.33229,"{
  ""coordinates"": [
    -8.303622031600000e+01,
    4.233229423800000e+01
  ],
  ""type"": ""Point""
}","{
  ""coordinates"": [
    -83.036220316,
    42.332294238
  ],
  ""type"": ""Point""
}",-83.036220316,42.332294238
8026,9781769,DAVISION,BUFFALLO,2016-08-28,28,8,2016,3,1,97,9,,2,0,,1,1,4,30,4,2,2,5,0,0,0,0,true,,false,false,false,false,false,,,,,,false,false,false,,,false,false,true,false,false,-83.04792,42.42068,"{
  ""coordinates"": [
    -8.304791744700000e+01,
    4.242068501200000e+01
  ],
  ""type"": ""Point""
}","{
  ""coordinates"": [
    -83.047917447,
    42.420685012
  ],
  ""type"": ""Point""
}",-83.047917447,42.420685012
8027,9806343,LICHFIELD,PEMBROKE,2016-08-28,28,8,2016,18,1,97,9,,,0,,1,1,1,25,2,2,3,5,0,0,0,0,true,,false,false,false,false,false,,,,,,false,false,false,,,false,false,false,false,false,-83.13298,42.43914,"{
  ""coordinates"": [
    -8.313297734400000e+01,
    4.243914078200000e+01
  ],
  ""type"": ""Point""
}","{
  ""coordinates"": [
    -83.132977344,
    42.439140782
  ],
  ""type"": ""Point""
}",-83.132977344,42.439140782
8028,9785210,SOUTHFIELD SERVICE DRIVE,PLYMOUTH,2016-08-28,28,8,2016,13,1,97,9,,4,0,,97,1,1,35,2,2,3,5,0,0,0,0,true,,false,false,true,false,false,,,,,,false,true,false,,,false,false,false,false,false,-83.21709,42.37226,"{
  ""coordinates"": [
    -8.321708768199990e+01,
    4.237226445300010e+01
  ],
  ""type"": ""Point""
}","{
  ""coordinates"": [
    -83.217087682,
    42.372264453
  ],
  ""type"": ""Point""
}",-83.2170876819999,42.3722644530001
8029,9782527,CONNER,KENNABEC,2016-08-28,28,8,2016,14,1,5,9,,4,0,,1,1,1,30,2,2,1,5,0,0,0,0,true,,false,false,true,false,false,,,,,,false,false,false,,,false,false,false,false,false,-83.0108,42.41671,"{
  ""coordinates"": [
    -8.301079544700001e+01,
    4.241671035600010e+01
  ],
  ""type"": ""Point""
}","{
  ""coordinates"": [
    -83.010795447,
    42.416710356
  ],
  ""type"": ""Point""
}",-83.010795447,42.4167103560001
8030,9781764,LINWOOD,MONTEREY,2016-08-28,28,8,2016,13,1,1,9,,4,1,,1,1,1,30,4,1,1,1,1,0,0,0,false,,false,false,false,false,true,,,,,,false,false,true,,,false,false,false,false,false,-83.11691,42.38549,"{
  ""coordinates"": [
    -8.311691308400000e+01,
    4.238548742800000e+01
  ],
  ""type"": ""Point""
}","{
  ""coordinates"": [
    -83.116913084,
    42.385487428
  ],
  ""type"": ""Point""
}",-83.116913084,42.385487428
8031,9782490,CICOTTE,DENNIS,2016-08-28,28,8,2016,1,1,4,9,,,0,,1,1,4,25,2,2,2,3,0,0,1,1,false,,false,false,true,false,false,,,,,,false,false,false,,,false,false,false,false,false,-83.12032,42.32647,"{
  ""coordinates"": [
    -8.312031389899990e+01,
    4.232647505300010e+01
  ],
  ""type"": ""Point""
}","{
  ""coordinates"": [
    -83.120313899,
    42.326475053
  ],
  ""type"": ""Point""
}",-83.1203138989999,42.3264750530001
8032,9781765,MOENART,ROBINWOOD,2016-08-28,28,8,2016,15,1,8,9,,,0,,1,1,1,25,1,2,1,5,0,0,0,0,true,,false,false,false,false,false,,,,,,false,true,false,,,false,false,false,false,false,-83.05018,42.43182,"{
  ""coordinates"": [
    -8.305017592000000e+01,
    4.243182088500000e+01
  ],
  ""type"": ""Point""
}","{
  ""coordinates"": [
    -83.05017592,
    42.431820885
  ],
  ""type"": ""Point""
}",-83.05017592,42.431820885
8033,9785248,SCHOOLCRAFT,METTETAL,2016-08-28,28,8,2016,12,1,5,9,,2,0,,1,1,1,35,4,2,3,4,0,0,0,2,false,,false,false,false,false,false,,,,,,false,true,true,,,false,false,false,false,false,-83.20661,42.38688,"{
  ""coordinates"": [
    -8.320660951699990e+01,
    4.238688449600010e+01
  ],
  ""type"": ""Point""
}","{
  ""coordinates"": [
    -83.206609517,
    42.386884496
  ],
  ""type"": ""Point""
}",-83.2066095169999,42.3868844960001
8034,9782500,CHRYSLER,WILKINS,2016-08-28,28,8,2016,3,1,5,1,,1,0,,2,1,4,20,4,2,2,5,0,0,0,0,true,,false,false,false,false,false,,,,,,false,false,true,,,false,false,false,false,false,-83.04578,42.34817,"{
  ""coordinates"": [
    -8.304577600300000e+01,
    4.234816893300010e+01
  ],
  ""type"": ""Point""
}","{
  ""coordinates"": [
    -83.045776003,
    42.348168933
  ],
  ""type"": ""Point""
}",-83.045776003,42.3481689330001
8035,9783195,BAGLEY,CASS,2016-08-28,28,8,2016,17,1,8,9,,4,0,,1,1,1,25,5,7,7,2,0,1,1,0,false,,false,false,false,false,false,,,,,,true,false,true,,,false,false,false,false,false,-83.05396,42.3335,"{
  ""coordinates"": [
    -8.305395331100000e+01,
    4.233350308200000e+01
  ],
  ""type"": ""Point""
}","{
  ""coordinates"": [
    -83.053953311,
    42.333503082
  ],
  ""type"": ""Point""
}",-83.053953311,42.333503082