ObjectId,Crash ID,Primary Road,Intersecting Road,Crash Date,Day,Month,Year,Hour,Weekday,Crash Type Code,Highway Classification Code,Community Code,Jurisdiction Code,Lane Departure Type Code,Surface Type,Road Condition,Weather Condition,Lighting Condition,Speed Limit,Lanes,Units,Occupants,Most Severe Injury,Fatal Injuries,Suspected Serious Injuries,Suspected Minor Injuries,Possible Injuries,Property Damage Only,Secondary Crash,Traffic Control,Red Light Run,Hit and Run,Alcohol,Drugs,Unbelted Person,Work Zone,Speeding Driver,Distracted Driver,Driveway,Pedestrian,Elderly Driver,Young Driver,Commercial Vehicle,Emergency Vehicles,Train,School Bus,Motorcycle,Bicycle,Deer,Longitude,Latitude,geom,geog,x,y
8093,9785156,I-96,LIVERNOIS,2016-08-27,27,8,2016,16,7,5,1,,1,0,,2,4,1,70,3,2,2,5,0,0,0,0,true,,false,false,false,false,false,,,,,,false,false,false,,,false,false,false,false,false,-83.1405,42.36779,"{
  ""coordinates"": [
    -8.314050209899990e+01,
    4.236779013400010e+01
  ],
  ""type"": ""Point""
}","{
  ""coordinates"": [
    -83.140502099,
    42.367790134
  ],
  ""type"": ""Point""
}",-83.1405020989999,42.3677901340001
8094,9783755,I-75,SCHAEFER,2016-08-27,27,8,2016,4,7,97,1,,1,0,,1,1,5,70,3,2,100,5,0,0,0,0,true,,false,false,true,false,false,,,,,,false,false,false,,,false,false,false,false,false,-83.15578,42.27751,"{
  ""coordinates"": [
    -8.315578258100000e+01,
    4.227751132300010e+01
  ],
  ""type"": ""Point""
}","{
  ""coordinates"": [
    -83.155782581,
    42.277511323
  ],
  ""type"": ""Point""
}",-83.155782581,42.2775113230001
8095,9861732,I-94,WAYNE,2016-08-27,27,8,2016,17,7,5,1,,1,0,,2,4,1,70,3,3,5,4,0,0,0,1,false,,false,false,false,false,false,,,,,,false,true,false,,,false,false,false,false,false,-83.07577,42.35921,"{
  ""coordinates"": [
    -8.307577076599991e+01,
    4.235921534500010e+01
  ],
  ""type"": ""Point""
}","{
  ""coordinates"": [
    -83.075770766,
    42.359215345
  ],
  ""type"": ""Point""
}",-83.0757707659999,42.3592153450001
8096,9782503,JEFFERSON,CONNER,2016-08-27,27,8,2016,17,7,5,9,,4,0,,2,4,1,35,3,2,4,5,0,0,0,0,true,,false,false,false,false,false,,,,,,false,false,false,,,false,false,false,false,false,-82.95869,42.37002,"{
  ""coordinates"": [
    -8.295868485900000e+01,
    4.237002066500000e+01
  ],
  ""type"": ""Point""
}","{
  ""coordinates"": [
    -82.958684859,
    42.370020665
  ],
  ""type"": ""Point""
}",-82.958684859,42.370020665
8097,9782491,MICHIGAN,WEIR,2016-08-27,27,8,2016,21,7,5,2,,1,0,,1,1,4,40,4,2,2,5,0,0,0,0,true,,false,false,false,false,false,,,,,,false,false,false,,,false,false,false,false,false,-83.15342,42.32867,"{
  ""coordinates"": [
    -8.315342075900000e+01,
    4.232866594900000e+01
  ],
  ""type"": ""Point""
}","{
  ""coordinates"": [
    -83.153420759,
    42.328665949
  ],
  ""type"": ""Point""
}",-83.153420759,42.328665949
8098,9785215,AUBURN,CATHEDRAL,2016-08-27,27,8,2016,15,7,98,9,,,0,,2,4,1,25,3,2,1,5,0,0,0,0,true,,false,false,true,false,false,,,,,,false,false,false,,,false,false,false,false,false,-83.23356,42.36131,"{
  ""coordinates"": [
    -8.323356220900000e+01,
    4.236130618700000e+01
  ],
  ""type"": ""Point""
}","{
  ""coordinates"": [
    -83.233562209,
    42.361306187
  ],
  ""type"": ""Point""
}",-83.233562209,42.361306187
8099,9781758,DAVISON,LINWOOD,2016-08-27,27,8,2016,19,7,8,3,,1,0,,1,1,1,35,7,2,4,5,0,0,0,0,true,,false,false,false,false,false,,,,,,false,false,true,,,false,false,false,false,false,-83.12154,42.39319,"{
  ""coordinates"": [
    -8.312154753300000e+01,
    4.239319360600010e+01
  ],
  ""type"": ""Point""
}","{
  ""coordinates"": [
    -83.121547533,
    42.393193606
  ],
  ""type"": ""Point""
}",-83.121547533,42.3931936060001
8100,9785288,FERRY,ST ANTOINE,2016-08-27,27,8,2016,23,7,97,9,,4,0,,97,98,98,25,1,2,0,5,0,0,0,0,true,,false,false,true,false,false,,,,,,false,false,false,,,false,false,false,false,false,-83.05811,42.36457,"{
  ""coordinates"": [
    -8.305811127699999e+01,
    4.236456824200010e+01
  ],
  ""type"": ""Point""
}","{
  ""coordinates"": [
    -83.058111277,
    42.364568242
  ],
  ""type"": ""Point""
}",-83.058111277,42.3645682420001
8101,9783744,I-94,14TH,2016-08-27,27,8,2016,6,7,8,1,,1,0,,1,1,4,55,3,2,1,5,0,0,0,0,true,,false,false,true,false,false,,,,,,false,false,false,,,false,false,false,false,false,-83.09077,42.35273,"{
  ""coordinates"": [
    -8.309076738499989e+01,
    4.235272916300000e+01
  ],
  ""type"": ""Point""
}","{
  ""coordinates"": [
    -83.090767385,
    42.352729163
  ],
  ""type"": ""Point""
}",-83.0907673849999,42.352729163
8102,9781762,KENTFIELD,OUTER,2016-08-27,27,8,2016,10,7,9,9,,,0,,1,1,1,30,2,2,4,5,0,0,0,0,true,,false,false,true,false,false,,,,,,false,false,false,,,false,false,false,false,false,-83.24045,42.39794,"{
  ""coordinates"": [
    -8.324044668600000e+01,
    4.239793897500000e+01
  ],
  ""type"": ""Point""
}","{
  ""coordinates"": [
    -83.240446686,
    42.397938975
  ],
  ""type"": ""Point""
}",-83.240446686,42.397938975
8103,9783737,I-75,MILWAUKEE,2016-08-27,27,8,2016,19,7,5,1,,1,0,,2,2,1,55,4,2,2,5,0,0,0,0,true,,false,false,false,false,false,,,,,,false,false,true,,,false,false,false,false,false,-83.05987,42.37356,"{
  ""coordinates"": [
    -8.305986586300000e+01,
    4.237355639900010e+01
  ],
  ""type"": ""Point""
}","{
  ""coordinates"": [
    -83.059865863,
    42.373556399
  ],
  ""type"": ""Point""
}",-83.059865863,42.3735563990001
8104,9783770,I-94,CADIEUX,2016-08-27,27,8,2016,16,7,97,1,,1,0,,2,4,1,55,3,3,7,5,0,0,0,0,true,,false,false,false,false,false,,,,,,false,false,false,,,false,false,false,false,false,-82.9407,42.41475,"{
  ""coordinates"": [
    -8.294070432599990e+01,
    4.241475132700000e+01
  ],
  ""type"": ""Point""
}","{
  ""coordinates"": [
    -82.940704326,
    42.414751327
  ],
  ""type"": ""Point""
}",-82.9407043259999,42.414751327
8105,9783197,GRAND RIVER,LINCOLN,2016-08-27,27,8,2016,22,7,5,3,,1,0,,1,1,4,35,2,2,3,5,0,0,0,0,true,,false,false,false,false,false,,,,,,false,false,false,,,false,false,false,false,false,-83.07121,42.3414,"{
  ""coordinates"": [
    -8.307120849899999e+01,
    4.234139632100000e+01
  ],
  ""type"": ""Point""
}","{
  ""coordinates"": [
    -83.071208499,
    42.341396321
  ],
  ""type"": ""Point""
}",-83.071208499,42.341396321
8106,9783748,E I 96,FULLERTON,2016-08-27,27,8,2016,17,7,5,1,,1,0,,2,1,1,55,4,3,8,5,0,0,0,0,true,,false,false,false,false,false,,,,,,false,false,false,,,false,false,false,false,false,-83.18893,42.38018,"{
  ""coordinates"": [
    -8.318893717400000e+01,
    4.238018149400010e+01
  ],
  ""type"": ""Point""
}","{
  ""coordinates"": [
    -83.188937174,
    42.380181494
  ],
  ""type"": ""Point""
}",-83.188937174,42.3801814940001
8107,9782484,JEFFERSON,RANDOLPH,2016-08-27,27,8,2016,23,7,8,3,,1,0,,1,1,1,30,6,3,3,5,0,0,0,0,true,,false,false,true,false,false,,,,,,false,false,true,,,false,false,false,false,false,-83.04203,42.32994,"{
  ""coordinates"": [
    -8.304202779600000e+01,
    4.232993535200010e+01
  ],
  ""type"": ""Point""
}","{
  ""coordinates"": [
    -83.042027796,
    42.329935352
  ],
  ""type"": ""Point""
}",-83.042027796,42.3299353520001
8108,9781058,MIDLAND,MURRAY HILL,2016-08-27,27,8,2016,3,7,4,9,,,0,,1,1,4,25,2,2,1,4,0,0,0,1,false,,false,false,true,false,false,,,,,,false,false,false,,,false,false,false,false,false,-83.2075,42.40492,"{
  ""coordinates"": [
    -8.320749344700000e+01,
    4.240491921800000e+01
  ],
  ""type"": ""Point""
}","{
  ""coordinates"": [
    -83.207493447,
    42.404919218
  ],
  ""type"": ""Point""
}",-83.207493447,42.404919218
8109,9794293,CONANT,DAVISON,2016-08-27,27,8,2016,10,7,97,9,,4,0,,1,1,1,30,2,2,1,2,0,1,0,0,false,,false,false,true,false,false,,,,,,false,false,false,,,false,false,false,false,false,-83.06065,42.41429,"{
  ""coordinates"": [
    -8.306064660399990e+01,
    4.241429144800000e+01
  ],
  ""type"": ""Point""
}","{
  ""coordinates"": [
    -83.060646604,
    42.414291448
  ],
  ""type"": ""Point""
}",-83.0606466039999,42.414291448
8110,9781059,TELEGRAPH,GRAND RIVER,2016-08-27,27,8,2016,14,7,8,2,,1,0,,1,1,1,40,4,2,3,5,0,0,0,0,true,,false,false,false,false,false,,,,,,false,false,false,,,false,false,false,false,false,-83.27737,42.42446,"{
  ""coordinates"": [
    -8.327736618300000e+01,
    4.242445802100010e+01
  ],
  ""type"": ""Point""
}","{
  ""coordinates"": [
    -83.277366183,
    42.424458021
  ],
  ""type"": ""Point""
}",-83.277366183,42.4244580210001
8111,9782479,M 10 SERVICE,GRAND,2016-08-27,27,8,2016,12,7,4,9,,4,0,,1,1,1,35,3,2,4,5,0,0,0,0,true,,false,false,false,false,false,,,,,,false,false,false,,,false,false,false,false,false,-83.08213,42.36682,"{
  ""coordinates"": [
    -8.308213368299990e+01,
    4.236681760100000e+01
  ],
  ""type"": ""Point""
}","{
  ""coordinates"": [
    -83.082133683,
    42.366817601
  ],
  ""type"": ""Point""
}",-83.0821336829999,42.366817601
8112,9785287,PRENTIS,3RD,2016-08-27,27,8,2016,11,7,4,9,,,0,,1,1,1,25,2,2,3,5,0,0,0,0,true,,false,false,false,false,false,,,,,,false,false,true,,,false,false,false,false,false,-83.06873,42.35179,"{
  ""coordinates"": [
    -8.306872778400000e+01,
    4.235179168900000e+01
  ],
  ""type"": ""Point""
}","{
  ""coordinates"": [
    -83.068727784,
    42.351791689
  ],
  ""type"": ""Point""
}",-83.068727784,42.351791689
8113,9783213,WHITTIER,ROXBURY,2016-08-27,27,8,2016,0,7,2,9,,4,2,,1,1,4,30,4,2,2,4,0,0,0,1,false,,false,false,false,false,false,,,,,,false,false,true,,,false,false,false,false,false,-82.95305,42.41693,"{
  ""coordinates"": [
    -8.295305164800000e+01,
    4.241693420400000e+01
  ],
  ""type"": ""Point""
}","{
  ""coordinates"": [
    -82.953051648,
    42.416934204
  ],
  ""type"": ""Point""
}",-82.953051648,42.416934204
8114,9917222,CONTINENTAL,JEFFERSON,2016-08-27,27,8,2016,,7,8,9,,,3,,1,1,2,25,1,2,0,5,0,0,0,0,true,,false,false,true,false,false,,,,,,false,true,false,,,false,false,false,false,false,-82.95464,42.37022,"{
  ""coordinates"": [
    -8.295463965399991e+01,
    4.237022456500010e+01
  ],
  ""type"": ""Point""
}","{
  ""coordinates"": [
    -82.954639654,
    42.370224565
  ],
  ""type"": ""Point""
}",-82.9546396539999,42.3702245650001
8115,9781238,FORD,ROSA PARKS,2016-08-27,27,8,2016,21,7,5,9,,,0,,1,2,4,30,3,3,4,3,0,0,1,0,false,,false,false,false,false,false,,,,,,false,false,true,,,false,false,false,false,false,-83.11542,42.39922,"{
  ""coordinates"": [
    -8.311541646599990e+01,
    4.239921410800010e+01
  ],
  ""type"": ""Point""
}","{
  ""coordinates"": [
    -83.115416466,
    42.399214108
  ],
  ""type"": ""Point""
}",-83.1154164659999,42.3992141080001
8116,9802032,FORD,ARTESIAN,2016-08-27,27,8,2016,14,7,5,3,,1,0,,1,2,1,50,5,2,2,4,0,0,0,1,false,,false,false,false,false,false,,,,,,false,false,false,,,false,false,false,false,false,-83.22512,42.32894,"{
  ""coordinates"": [
    -8.322512183299990e+01,
    4.232894142200010e+01
  ],
  ""type"": ""Point""
}","{
  ""coordinates"": [
    -83.225121833,
    42.328941422
  ],
  ""type"": ""Point""
}",-83.2251218329999,42.3289414220001
8117,9781759,LIVERNOIS,CHALFONTE,2016-08-27,27,8,2016,17,7,10,9,,4,0,,1,1,1,30,2,2,1,5,0,0,0,0,true,,false,false,false,true,false,,,,,,false,false,false,,,false,false,false,false,false,-83.14003,42.40015,"{
  ""coordinates"": [
    -8.314003273700000e+01,
    4.240014964200000e+01
  ],
  ""type"": ""Point""
}","{
  ""coordinates"": [
    -83.140032737,
    42.400149642
  ],
  ""type"": ""Point""
}",-83.140032737,42.400149642
8118,9785140,I-96,OUTER,2016-08-27,27,8,2016,1,7,1,1,,1,1,,1,1,1,70,5,1,1,5,0,0,0,0,true,,false,false,false,true,false,,,,,,false,false,false,,,false,false,false,false,false,-83.25581,42.38543,"{
  ""coordinates"": [
    -8.325580981699990e+01,
    4.238542594800000e+01
  ],
  ""type"": ""Point""
}","{
  ""coordinates"": [
    -83.255809817,
    42.385425948
  ],
  ""type"": ""Point""
}",-83.2558098169999,42.385425948
8119,9781752,COOPER,MURRAY,2016-08-27,27,8,2016,23,7,6,9,,,0,,1,2,4,25,2,2,2,4,0,0,0,1,false,,false,false,false,false,false,,,,,,false,false,true,,,false,false,false,false,false,-82.99958,42.3823,"{
  ""coordinates"": [
    -8.299958255300000e+01,
    4.238229755500000e+01
  ],
  ""type"": ""Point""
}","{
  ""coordinates"": [
    -82.999582553,
    42.382297555
  ],
  ""type"": ""Point""
}",-82.999582553,42.382297555
8120,9781735,CARLIN,BELTON,2016-08-27,27,8,2016,15,7,1,9,,,0,,2,4,1,25,1,1,1,2,0,1,0,0,false,,false,false,false,false,false,,,,,,false,false,false,,,false,false,false,false,false,-83.17848,42.35379,"{
  ""coordinates"": [
    -8.317848361800000e+01,
    4.235378603300010e+01
  ],
  ""type"": ""Point""
}","{
  ""coordinates"": [
    -83.178483618,
    42.353786033
  ],
  ""type"": ""Point""
}",-83.178483618,42.3537860330001
8121,9782531,7 MILE,GRUEBNER,2016-08-27,27,8,2016,14,7,5,9,,4,0,,1,2,1,30,2,2,3,4,0,0,0,1,false,,false,false,false,false,false,,,,,,false,false,true,,,false,false,false,false,false,-83.01217,42.43422,"{
  ""coordinates"": [
    -8.301217232200000e+01,
    4.243422075300000e+01
  ],
  ""type"": ""Point""
}","{
  ""coordinates"": [
    -83.012172322,
    42.434220753
  ],
  ""type"": ""Point""
}",-83.012172322,42.434220753
8122,9867485,FENKELL,FREELAND,2016-08-27,27,8,2016,20,7,8,9,,2,0,,2,1,5,35,2,2,2,4,0,0,0,1,false,,false,false,false,false,false,,,,,,false,false,false,,,false,false,false,false,false,-83.18514,42.40192,"{
  ""coordinates"": [
    -8.318514321100000e+01,
    4.240191962900010e+01
  ],
  ""type"": ""Point""
}","{
  ""coordinates"": [
    -83.185143211,
    42.401919629
  ],
  ""type"": ""Point""
}",-83.185143211,42.4019196290001
8123,9783797,N I 75 SERVICE DRIVE,MACK,2016-08-27,27,8,2016,14,7,8,1,,5,0,,1,1,1,35,2,2,4,5,0,0,0,0,true,,false,false,false,false,false,,,,,,false,false,true,,,false,false,false,false,false,-83.04739,42.35135,"{
  ""coordinates"": [
    -8.304738467200001e+01,
    4.235135401500000e+01
  ],
  ""type"": ""Point""
}","{
  ""coordinates"": [
    -83.047384672,
    42.351354015
  ],
  ""type"": ""Point""
}",-83.047384672,42.351354015
8124,9800563,RANDOLPH,JEFFERSON,2016-08-27,27,8,2016,22,7,5,3,,1,0,,1,1,1,35,3,2,2,5,0,0,0,0,true,,false,false,true,false,false,,,,,,false,false,false,,,false,false,false,false,false,-83.04206,42.32974,"{
  ""coordinates"": [
    -8.304206027600000e+01,
    4.232973915500000e+01
  ],
  ""type"": ""Point""
}","{
  ""coordinates"": [
    -83.042060276,
    42.329739155
  ],
  ""type"": ""Point""
}",-83.042060276,42.329739155
8125,9783738,I-75,MICHIGAN,2016-08-27,27,8,2016,18,7,1,1,,1,1,,2,2,1,55,3,1,1,5,0,0,0,0,true,,false,false,false,false,false,,,,,,false,false,false,,,false,false,false,false,false,-83.08527,42.33084,"{
  ""coordinates"": [
    -8.308526289900000e+01,
    4.233084332600000e+01
  ],
  ""type"": ""Point""
}","{
  ""coordinates"": [
    -83.085262899,
    42.330843326
  ],
  ""type"": ""Point""
}",-83.085262899,42.330843326
8126,9781031,JEFFERSON,GRISWOLD,2016-08-27,27,8,2016,2,7,5,3,,1,0,,1,1,4,45,2,2,1,5,0,0,0,0,true,,false,false,false,false,false,,,,,,false,false,true,,,false,false,false,false,false,-83.04536,42.32816,"{
  ""coordinates"": [
    -8.304536029300000e+01,
    4.232816367400010e+01
  ],
  ""type"": ""Point""
}","{
  ""coordinates"": [
    -83.045360293,
    42.328163674
  ],
  ""type"": ""Point""
}",-83.045360293,42.3281636740001
8127,9783766,W I 94,GRAND RIVER,2016-08-27,27,8,2016,14,7,5,1,,1,0,,1,2,1,55,3,2,2,5,0,0,0,0,true,,false,false,false,false,false,,,,,,false,false,false,,,false,false,false,false,false,-83.09542,42.35139,"{
  ""coordinates"": [
    -8.309541994200001e+01,
    4.235139245500010e+01
  ],
  ""type"": ""Point""
}","{
  ""coordinates"": [
    -83.095419942,
    42.351392455
  ],
  ""type"": ""Point""
}",-83.095419942,42.3513924550001
8128,9783736,I-94,BEAUBIEN,2016-08-27,27,8,2016,18,7,8,1,,1,0,,2,4,1,55,3,2,3,4,0,0,0,1,false,,false,false,false,false,false,,,,,,false,false,true,,,false,false,false,false,false,-83.063,42.36635,"{
  ""coordinates"": [
    -8.306299895799999e+01,
    4.236634976100000e+01
  ],
  ""type"": ""Point""
}","{
  ""coordinates"": [
    -83.062998958,
    42.366349761
  ],
  ""type"": ""Point""
}",-83.062998958,42.366349761
8129,9783734,I-94,M10,2016-08-27,27,8,2016,2,7,5,1,,1,0,,1,2,4,55,3,2,2,4,0,0,0,1,false,,false,false,true,false,false,,,,,,false,false,true,,,false,false,false,false,false,-83.07793,42.35787,"{
  ""coordinates"": [
    -8.307792283500000e+01,
    4.235786784400010e+01
  ],
  ""type"": ""Point""
}","{
  ""coordinates"": [
    -83.077922835,
    42.357867844
  ],
  ""type"": ""Point""
}",-83.077922835,42.3578678440001
8130,9799803,8 MILE,VAN DYKE,2016-08-27,27,8,2016,14,7,97,3,,1,0,,1,1,1,40,3,2,2,5,0,0,0,0,true,,false,false,false,false,false,,,,,,false,false,true,,,false,false,false,false,false,-83.02197,42.44823,"{
  ""coordinates"": [
    -8.302196724100000e+01,
    4.244823087600000e+01
  ],
  ""type"": ""Point""
}","{
  ""coordinates"": [
    -83.021967241,
    42.448230876
  ],
  ""type"": ""Point""
}",-83.021967241,42.448230876
8131,9781732,M-39,MCNICHOLS,2016-08-27,27,8,2016,17,7,5,3,,1,0,,2,4,1,55,3,2,2,4,0,0,0,2,false,,false,false,false,false,false,,,,,,false,false,true,,,false,false,false,false,false,-83.21889,42.41699,"{
  ""coordinates"": [
    -8.321889175500000e+01,
    4.241698722800000e+01
  ],
  ""type"": ""Point""
}","{
  ""coordinates"": [
    -83.218891755,
    42.416987228
  ],
  ""type"": ""Point""
}",-83.218891755,42.416987228
8132,9785163,HUBBELL,PLYMOUTH,2016-08-27,27,8,2016,8,7,98,9,,4,0,,1,1,1,30,4,2,0,5,0,0,0,0,true,,false,false,true,false,false,,,,,,false,false,false,,,false,false,false,false,false,-83.18774,42.37259,"{
  ""coordinates"": [
    -8.318773411599990e+01,
    4.237258488900010e+01
  ],
  ""type"": ""Point""
}","{
  ""coordinates"": [
    -83.187734116,
    42.372584889
  ],
  ""type"": ""Point""
}",-83.1877341159999,42.3725848890001
8133,9782533,HAYES,8 MILE,2016-08-27,27,8,2016,17,7,4,3,,4,0,,1,2,1,45,4,2,2,5,0,0,0,0,true,,false,false,false,false,false,,,,,,false,false,false,,,false,false,false,false,false,-82.96607,42.44968,"{
  ""coordinates"": [
    -8.296607549500000e+01,
    4.244968182700010e+01
  ],
  ""type"": ""Point""
}","{
  ""coordinates"": [
    -82.966075495,
    42.449681827
  ],
  ""type"": ""Point""
}",-82.966075495,42.4496818270001
8134,9783211,GRATIOT,GEORGIA,2016-08-27,27,8,2016,13,7,8,3,,1,0,,1,1,1,35,7,2,2,5,0,0,0,0,true,,false,false,false,false,false,,,,,,false,true,false,,,false,false,false,false,false,-83.00347,42.39577,"{
  ""coordinates"": [
    -8.300347114499991e+01,
    4.239576770900000e+01
  ],
  ""type"": ""Point""
}","{
  ""coordinates"": [
    -83.003471145,
    42.395767709
  ],
  ""type"": ""Point""
}",-83.0034711449999,42.395767709
8135,9781022,M-39,CHICAGO,2016-08-27,27,8,2016,7,7,8,3,,1,0,,1,2,1,55,3,2,2,5,0,0,0,0,true,,false,false,false,false,false,,,,,,false,false,true,,,false,false,false,false,false,-83.21639,42.3667,"{
  ""coordinates"": [
    -8.321639386800000e+01,
    4.236670386600010e+01
  ],
  ""type"": ""Point""
}","{
  ""coordinates"": [
    -83.216393868,
    42.366703866
  ],
  ""type"": ""Point""
}",-83.216393868,42.3667038660001
8136,9781094,MCNICHOLS,LAWTON,2016-08-27,27,8,2016,16,7,6,9,,4,0,,2,4,1,30,2,2,2,5,0,0,0,0,true,,false,false,false,false,false,,,,,,false,false,true,,,false,false,false,false,false,-83.13044,42.4173,"{
  ""coordinates"": [
    -8.313043860499990e+01,
    4.241730062200000e+01
  ],
  ""type"": ""Point""
}","{
  ""coordinates"": [
    -83.130438605,
    42.417300622
  ],
  ""type"": ""Point""
}",-83.1304386049999,42.417300622
8137,9789235,N M 10,LIVERNOIS,2016-08-27,27,8,2016,23,7,1,3,,1,1,,1,2,4,55,3,1,1,4,0,0,0,1,false,,false,false,false,false,false,,,,,,false,false,false,,,false,false,false,false,false,-83.14005,42.40496,"{
  ""coordinates"": [
    -8.314005467399990e+01,
    4.240495581900010e+01
  ],
  ""type"": ""Point""
}","{
  ""coordinates"": [
    -83.140054674,
    42.404955819
  ],
  ""type"": ""Point""
}",-83.1400546739999,42.4049558190001
8138,9781093,LIVERNOIS,7 MILE,2016-08-27,27,8,2016,15,7,5,9,,4,0,,2,4,1,30,1,2,3,5,0,0,0,0,true,,false,false,false,false,false,,,,,,false,false,true,,,false,false,false,false,false,-83.14136,42.4314,"{
  ""coordinates"": [
    -8.314135858000000e+01,
    4.243140465400010e+01
  ],
  ""type"": ""Point""
}","{
  ""coordinates"": [
    -83.14135858,
    42.431404654
  ],
  ""type"": ""Point""
}",-83.14135858,42.4314046540001
8139,9781106,KIRBY,S M 10 SERVICE DRIVE,2016-08-27,27,8,2016,6,7,1,9,,4,1,,1,1,1,15,3,1,1,5,0,0,0,0,true,,false,false,false,false,false,,,,,,false,false,false,,,false,false,true,false,false,-83.077,42.35764,"{
  ""coordinates"": [
    -8.307699445000000e+01,
    4.235763372500000e+01
  ],
  ""type"": ""Point""
}","{
  ""coordinates"": [
    -83.07699445,
    42.357633725
  ],
  ""type"": ""Point""
}",-83.07699445,42.357633725
8140,9782498,HOMER,ELSMERE,2016-08-27,27,8,2016,11,7,8,9,,,0,,1,2,1,25,2,2,0,5,0,0,0,0,true,,false,false,true,false,false,,,,,,false,false,false,,,false,false,false,false,false,-83.13103,42.3019,"{
  ""coordinates"": [
    -8.313103456700000e+01,
    4.230190411900000e+01
  ],
  ""type"": ""Point""
}","{
  ""coordinates"": [
    -83.131034567,
    42.301904119
  ],
  ""type"": ""Point""
}",-83.131034567,42.301904119
8141,9783735,I-94,CONNER,2016-08-27,27,8,2016,2,7,5,1,,1,0,,1,2,4,55,3,2,2,2,0,1,0,0,false,,false,false,true,false,false,,,,,,false,false,false,,,false,false,false,false,false,-82.98906,42.39567,"{
  ""coordinates"": [
    -8.298906281500000e+01,
    4.239566743200000e+01
  ],
  ""type"": ""Point""
}","{
  ""coordinates"": [
    -82.989062815,
    42.395667432
  ],
  ""type"": ""Point""
}",-82.989062815,42.395667432
8142,9784391,7 MILE,RIOPELLE,2016-08-27,27,8,2016,12,7,4,9,,4,0,,1,1,1,35,1,2,3,4,0,0,0,1,false,,false,false,false,false,false,,,,,,false,true,false,,,false,false,false,false,false,-83.08651,42.43278,"{
  ""coordinates"": [
    -8.308650589800000e+01,
    4.243277729700000e+01
  ],
  ""type"": ""Point""
}","{
  ""coordinates"": [
    -83.086505898,
    42.432777297
  ],
  ""type"": ""Point""
}",-83.086505898,42.432777297
8143,9782518,SOUTHFIELD SERVICE DRIVE,CLARITA,2016-08-27,27,8,2016,13,7,97,9,,4,0,,1,1,1,30,1,2,2,5,0,0,0,0,true,,false,false,false,false,false,,,,,,false,false,false,,,false,false,false,false,false,-83.21879,42.42765,"{
  ""coordinates"": [
    -8.321878954800000e+01,
    4.242765573400000e+01
  ],
  ""type"": ""Point""
}","{
  ""coordinates"": [
    -83.218789548,
    42.427655734
  ],
  ""type"": ""Point""
}",-83.218789548,42.427655734
8144,9788400,WARREN,JOHN R,2016-08-27,27,8,2016,20,7,5,9,,4,0,,1,1,3,40,4,2,2,5,0,0,0,0,true,,false,false,false,false,false,,,,,,false,false,false,,,false,false,false,false,false,-83.06216,42.35776,"{
  ""coordinates"": [
    -8.306216138000001e+01,
    4.235775804200010e+01
  ],
  ""type"": ""Point""
}","{
  ""coordinates"": [
    -83.06216138,
    42.357758042
  ],
  ""type"": ""Point""
}",-83.06216138,42.3577580420001
8145,9785218,WARREN,EVERGREEN,2016-08-27,27,8,2016,18,7,5,9,,2,0,,2,1,1,35,4,2,5,4,0,0,0,5,false,,false,false,false,false,false,,,,,,false,false,false,,,false,false,false,false,false,-83.23528,42.34312,"{
  ""coordinates"": [
    -8.323528198500000e+01,
    4.234312564000000e+01
  ],
  ""type"": ""Point""
}","{
  ""coordinates"": [
    -83.235281985,
    42.34312564
  ],
  ""type"": ""Point""
}",-83.235281985,42.34312564
8146,9781043,3 MILE,HARPER,2016-08-27,27,8,2016,16,7,4,9,,,0,,2,4,1,35,2,2,3,4,0,0,0,1,false,,false,false,false,false,false,,,,,,false,false,true,,,false,false,false,false,false,-82.945,42.41006,"{
  ""coordinates"": [
    -8.294500223400000e+01,
    4.241006097300000e+01
  ],
  ""type"": ""Point""
}","{
  ""coordinates"": [
    -82.945002234,
    42.410060973
  ],
  ""type"": ""Point""
}",-82.945002234,42.410060973
8147,9781060,ASBURY,MIDLAND,2016-08-27,27,8,2016,1,7,4,9,,4,0,,1,1,4,0,2,2,2,5,0,0,0,0,true,,true,false,true,false,false,,,,,,false,false,true,,,false,false,false,false,false,-83.20857,42.4049,"{
  ""coordinates"": [
    -8.320857407200000e+01,
    4.240490142800010e+01
  ],
  ""type"": ""Point""
}","{
  ""coordinates"": [
    -83.208574072,
    42.404901428
  ],
  ""type"": ""Point""
}",-83.208574072,42.4049014280001
8148,9783824,CONANT,DEQUINDRE,2016-08-27,27,8,2016,15,7,97,9,,4,1,,2,4,1,0,2,1,1,5,0,0,0,0,true,,false,false,false,false,false,,,,,,false,false,false,,,false,false,false,false,false,-83.08328,42.44645,"{
  ""coordinates"": [
    -8.308328476000000e+01,
    4.244645406900000e+01
  ],
  ""type"": ""Point""
}","{
  ""coordinates"": [
    -83.08328476,
    42.446454069
  ],
  ""type"": ""Point""
}",-83.08328476,42.446454069
8149,9783746,I-75,VERNOR,2016-08-27,27,8,2016,16,7,1,1,,1,1,,2,4,1,55,3,1,1,4,0,0,0,1,false,,false,false,false,false,false,,,,,,false,false,false,,,false,false,false,false,false,-83.08327,42.3236,"{
  ""coordinates"": [
    -8.308327123500000e+01,
    4.232360387200000e+01
  ],
  ""type"": ""Point""
}","{
  ""coordinates"": [
    -83.083271235,
    42.323603872
  ],
  ""type"": ""Point""
}",-83.083271235,42.323603872