ObjectId,Crash ID,Primary Road,Intersecting Road,Crash Date,Day,Month,Year,Hour,Weekday,Crash Type Code,Highway Classification Code,Community Code,Jurisdiction Code,Lane Departure Type Code,Surface Type,Road Condition,Weather Condition,Lighting Condition,Speed Limit,Lanes,Units,Occupants,Most Severe Injury,Fatal Injuries,Suspected Serious Injuries,Suspected Minor Injuries,Possible Injuries,Property Damage Only,Secondary Crash,Traffic Control,Red Light Run,Hit and Run,Alcohol,Drugs,Unbelted Person,Work Zone,Speeding Driver,Distracted Driver,Driveway,Pedestrian,Elderly Driver,Young Driver,Commercial Vehicle,Emergency Vehicles,Train,School Bus,Motorcycle,Bicycle,Deer,Longitude,Latitude,geom,geog,x,y
8207,9783752,I 94,CADIUEX,2016-08-26,26,8,2016,18,6,5,1,,1,0,,1,1,1,55,3,2,2,5,0,0,0,0,true,,false,false,false,false,false,,,,,,false,false,true,,,false,false,false,false,false,-82.93397,42.41891,"{
  ""coordinates"": [
    -8.293396386599990e+01,
    4.241891481400010e+01
  ],
  ""type"": ""Point""
}","{
  ""coordinates"": [
    -82.933963866,
    42.418914814
  ],
  ""type"": ""Point""
}",-82.9339638659999,42.4189148140001
8208,9783204,W I 94,CONNER,2016-08-26,26,8,2016,15,6,5,1,,1,0,,1,1,1,35,2,2,2,4,0,0,0,1,false,,false,false,false,false,false,,,,,,false,false,true,,,false,false,false,false,false,-82.98919,42.39558,"{
  ""coordinates"": [
    -8.298918649599990e+01,
    4.239557559900000e+01
  ],
  ""type"": ""Point""
}","{
  ""coordinates"": [
    -82.989186496,
    42.395575599
  ],
  ""type"": ""Point""
}",-82.9891864959999,42.395575599
8209,9784348,I-94,GRAND RIVER,2016-08-26,26,8,2016,14,6,5,1,,1,0,,1,1,1,55,3,2,1,4,0,0,0,1,false,,false,false,true,false,false,,,,,,false,false,false,,,false,false,false,false,false,-83.09692,42.35078,"{
  ""coordinates"": [
    -8.309692569600000e+01,
    4.235078264400000e+01
  ],
  ""type"": ""Point""
}","{
  ""coordinates"": [
    -83.096925696,
    42.350782644
  ],
  ""type"": ""Point""
}",-83.096925696,42.350782644
8210,9781036,I 75 SERVICE,DRAGOON,2016-08-26,26,8,2016,15,6,97,9,,4,0,,1,1,1,0,4,2,2,5,0,0,0,0,true,,false,false,false,false,false,,,,,,false,false,true,,,false,false,false,false,false,-83.10291,42.30766,"{
  ""coordinates"": [
    -8.310291140600000e+01,
    4.230766113100000e+01
  ],
  ""type"": ""Point""
}","{
  ""coordinates"": [
    -83.102911406,
    42.307661131
  ],
  ""type"": ""Point""
}",-83.102911406,42.307661131
8211,9781081,PICKFORD,MONICA,2016-08-26,26,8,2016,18,6,4,9,,,0,,1,1,1,25,2,2,2,5,0,0,0,0,true,,false,false,true,false,false,,,,,,false,false,false,,,false,false,false,false,false,-83.14452,42.42616,"{
  ""coordinates"": [
    -8.314452398100001e+01,
    4.242616146500010e+01
  ],
  ""type"": ""Point""
}","{
  ""coordinates"": [
    -83.144523981,
    42.426161465
  ],
  ""type"": ""Point""
}",-83.144523981,42.4261614650001
8212,9784411,FENELON,SOBIESKI,2016-08-26,26,8,2016,19,6,97,9,,,0,,1,1,3,25,1,3,2,4,0,0,0,1,false,,false,false,true,false,false,,,,,,false,false,false,,,false,false,false,false,false,-83.05239,42.41017,"{
  ""coordinates"": [
    -8.305239069899990e+01,
    4.241016666700010e+01
  ],
  ""type"": ""Point""
}","{
  ""coordinates"": [
    -83.052390699,
    42.410166667
  ],
  ""type"": ""Point""
}",-83.0523906989999,42.4101666670001
8213,9788399,PUTNAM,WOODWARD,2016-08-26,26,8,2016,13,6,8,3,,,0,,1,1,1,25,4,2,1,4,0,0,0,1,false,,false,false,false,false,false,,,,,,false,false,false,,,false,false,false,false,false,-83.06524,42.35783,"{
  ""coordinates"": [
    -8.306523573200000e+01,
    4.235783373100000e+01
  ],
  ""type"": ""Point""
}","{
  ""coordinates"": [
    -83.065235732,
    42.357833731
  ],
  ""type"": ""Point""
}",-83.065235732,42.357833731
8214,9781069,DAVISON,DEXTER,2016-08-26,26,8,2016,21,6,5,3,,1,0,,1,1,4,30,4,2,1,5,0,0,0,0,true,,false,false,true,false,false,,,,,,false,false,false,,,false,false,false,false,false,-83.13081,42.38976,"{
  ""coordinates"": [
    -8.313081147400000e+01,
    4.238976101900000e+01
  ],
  ""type"": ""Point""
}","{
  ""coordinates"": [
    -83.130811474,
    42.389761019
  ],
  ""type"": ""Point""
}",-83.130811474,42.389761019
8215,9781029,WOODWARD,S I 75 SERVICE DRIVE,2016-08-26,26,8,2016,17,6,97,3,,1,0,,1,1,1,30,5,4,10,5,0,0,0,0,true,,true,true,false,false,false,,,,,,false,false,true,,,false,false,false,false,false,-83.05306,42.34021,"{
  ""coordinates"": [
    -8.305306534499989e+01,
    4.234021423700010e+01
  ],
  ""type"": ""Point""
}","{
  ""coordinates"": [
    -83.053065345,
    42.340214237
  ],
  ""type"": ""Point""
}",-83.0530653449999,42.3402142370001
8216,9781008,W I 94,RAMP 213N,2016-08-26,26,8,2016,10,6,1,1,,1,1,,1,1,1,55,1,1,1,4,0,0,0,1,false,,false,false,false,false,false,,,,,,false,false,true,,,false,false,false,false,false,-83.10394,42.34871,"{
  ""coordinates"": [
    -8.310393582099989e+01,
    4.234871047900000e+01
  ],
  ""type"": ""Point""
}","{
  ""coordinates"": [
    -83.103935821,
    42.348710479
  ],
  ""type"": ""Point""
}",-83.1039358209999,42.348710479
8217,9781035,LIVERNOIS,CLEMENTS,2016-08-26,26,8,2016,14,6,8,9,,4,0,,1,1,1,35,2,2,2,5,0,0,0,0,true,,false,false,false,false,false,,,,,,false,false,false,,,false,false,false,false,false,-83.13947,42.38754,"{
  ""coordinates"": [
    -8.313946454200000e+01,
    4.238753385000010e+01
  ],
  ""type"": ""Point""
}","{
  ""coordinates"": [
    -83.139464542,
    42.38753385
  ],
  ""type"": ""Point""
}",-83.139464542,42.3875338500001
8218,9781072,GRIXDALE,VAN DYKE,2016-08-26,26,8,2016,15,6,10,3,,,0,,1,1,1,25,2,2,3,5,0,0,0,0,true,,false,false,true,false,false,,,,,,false,false,false,,,false,false,false,false,false,-83.02391,42.42957,"{
  ""coordinates"": [
    -8.302390768399989e+01,
    4.242957131700010e+01
  ],
  ""type"": ""Point""
}","{
  ""coordinates"": [
    -83.023907684,
    42.429571317
  ],
  ""type"": ""Point""
}",-83.0239076839999,42.4295713170001
8219,9785188,8 MILE,LAHSER,2016-08-26,26,8,2016,23,6,8,3,,1,0,,1,1,4,0,2,2,2,5,0,0,0,0,true,,false,false,false,false,false,,,,,,false,false,false,,,false,false,false,false,false,-83.25884,42.44323,"{
  ""coordinates"": [
    -8.325884309900000e+01,
    4.244323314300000e+01
  ],
  ""type"": ""Point""
}","{
  ""coordinates"": [
    -83.258843099,
    42.443233143
  ],
  ""type"": ""Point""
}",-83.258843099,42.443233143
8220,9781083,HUBBELL,7 MILE,2016-08-26,26,8,2016,16,6,4,9,,4,0,,1,1,1,0,2,2,3,4,0,0,0,1,false,,false,false,false,false,false,,,,,,false,false,false,,,false,false,false,false,false,-83.1899,42.43051,"{
  ""coordinates"": [
    -8.318990610199999e+01,
    4.243050575300000e+01
  ],
  ""type"": ""Point""
}","{
  ""coordinates"": [
    -83.189906102,
    42.430505753
  ],
  ""type"": ""Point""
}",-83.189906102,42.430505753
8221,9782528,GRATIOT,HARPER,2016-08-26,26,8,2016,9,6,5,3,,1,0,,1,1,1,30,4,2,2,5,0,0,0,0,true,,false,false,false,false,false,,,,,,false,false,false,,,false,false,false,false,false,-83.0051,42.39331,"{
  ""coordinates"": [
    -8.300510240300000e+01,
    4.239331158600000e+01
  ],
  ""type"": ""Point""
}","{
  ""coordinates"": [
    -83.005102403,
    42.393311586
  ],
  ""type"": ""Point""
}",-83.005102403,42.393311586
8222,9781010,I-75,WARREN,2016-08-26,26,8,2016,6,6,5,1,,1,0,,1,1,1,70,4,2,3,5,0,0,0,0,true,,false,false,false,false,false,,,,,,false,false,true,,,false,false,false,false,false,-83.05017,42.35424,"{
  ""coordinates"": [
    -8.305016911199991e+01,
    4.235424226200010e+01
  ],
  ""type"": ""Point""
}","{
  ""coordinates"": [
    -83.050169112,
    42.354242262
  ],
  ""type"": ""Point""
}",-83.0501691119999,42.3542422620001
8223,9785219,EVERGREEN,SCHOOLCRAFT,2016-08-26,26,8,2016,22,6,98,9,,4,0,,1,1,4,35,2,2,0,5,0,0,0,0,true,,false,false,false,false,false,,,,,,false,false,false,,,false,false,false,false,false,-83.23685,42.38644,"{
  ""coordinates"": [
    -8.323685127899989e+01,
    4.238644037300000e+01
  ],
  ""type"": ""Point""
}","{
  ""coordinates"": [
    -83.236851279,
    42.386440373
  ],
  ""type"": ""Point""
}",-83.2368512789999,42.386440373
8224,9784397,DORTHY,MT ELLIOTT,2016-08-26,26,8,2016,14,6,10,9,,,3,,1,1,1,0,1,2,1,5,0,0,0,0,true,,false,false,false,false,false,,,,,,false,false,false,,,false,false,false,false,false,-83.03919,42.39133,"{
  ""coordinates"": [
    -8.303919197099999e+01,
    4.239133198400000e+01
  ],
  ""type"": ""Point""
}","{
  ""coordinates"": [
    -83.039191971,
    42.391331984
  ],
  ""type"": ""Point""
}",-83.039191971,42.391331984
8225,9781730,I-75,CLAY,2016-08-26,26,8,2016,17,6,5,1,,1,0,,1,1,1,55,4,3,4,5,0,0,0,0,true,,false,false,false,false,false,,,,,,false,false,true,,,false,false,false,false,false,-83.06418,42.38022,"{
  ""coordinates"": [
    -8.306418211399991e+01,
    4.238022351100010e+01
  ],
  ""type"": ""Point""
}","{
  ""coordinates"": [
    -83.064182114,
    42.380223511
  ],
  ""type"": ""Point""
}",-83.0641821139999,42.3802235110001
8226,9781039,MOROSS,E I 94,2016-08-26,26,8,2016,11,6,8,9,,2,0,,1,1,1,35,3,2,2,5,0,0,0,0,true,,false,false,false,false,false,,,,,,false,false,false,,,false,false,false,false,false,-82.92859,42.42431,"{
  ""coordinates"": [
    -8.292859257500000e+01,
    4.242431369500010e+01
  ],
  ""type"": ""Point""
}","{
  ""coordinates"": [
    -82.928592575,
    42.424313695
  ],
  ""type"": ""Point""
}",-82.928592575,42.4243136950001
8227,9783753,039A,I 75,2016-08-26,26,8,2016,19,6,5,1,,1,0,,1,1,1,55,5,2,2,5,0,0,0,0,true,,false,false,false,false,false,,,,,,false,false,false,,,false,false,false,false,false,-83.05695,42.33812,"{
  ""coordinates"": [
    -8.305695319400000e+01,
    4.233812305400010e+01
  ],
  ""type"": ""Point""
}","{
  ""coordinates"": [
    -83.056953194,
    42.338123054
  ],
  ""type"": ""Point""
}",-83.056953194,42.3381230540001
8228,9781727,M-10,CANFIELD,2016-08-26,26,8,2016,13,6,97,9,,4,0,,1,1,1,55,3,2,2,5,0,0,0,0,true,,false,false,false,false,false,,,,,,false,false,false,,,false,false,false,false,false,-83.07133,42.34922,"{
  ""coordinates"": [
    -8.307133561300000e+01,
    4.234922425300000e+01
  ],
  ""type"": ""Point""
}","{
  ""coordinates"": [
    -83.071335613,
    42.349224253
  ],
  ""type"": ""Point""
}",-83.071335613,42.349224253
8229,9781779,WEST,EDSEL,2016-08-26,26,8,2016,22,6,5,3,,1,0,,1,1,4,35,4,2,2,4,0,0,0,1,false,,false,false,false,false,false,,,,,,false,true,true,,,false,false,false,false,false,-83.07628,42.35949,"{
  ""coordinates"": [
    -8.307627722800000e+01,
    4.235949128400010e+01
  ],
  ""type"": ""Point""
}","{
  ""coordinates"": [
    -83.076277228,
    42.359491284
  ],
  ""type"": ""Point""
}",-83.076277228,42.3594912840001
8230,9781728,I-75,SPRINGWELLS,2016-08-26,26,8,2016,14,6,5,1,,1,0,,1,1,1,55,4,2,2,5,0,0,0,0,true,,false,false,false,false,false,,,,,,false,false,false,,,false,false,false,false,false,-83.12587,42.29605,"{
  ""coordinates"": [
    -8.312587267000001e+01,
    4.229604580100000e+01
  ],
  ""type"": ""Point""
}","{
  ""coordinates"": [
    -83.12587267,
    42.296045801
  ],
  ""type"": ""Point""
}",-83.12587267,42.296045801
8231,9782502,OUTER,CHANDLER PARK,2016-08-26,26,8,2016,20,6,8,9,,2,0,,1,1,1,35,2,2,3,4,0,0,0,1,false,,false,false,false,false,false,,,,,,false,false,false,,,false,false,false,false,false,-82.93956,42.40849,"{
  ""coordinates"": [
    -8.293955951000000e+01,
    4.240848677900000e+01
  ],
  ""type"": ""Point""
}","{
  ""coordinates"": [
    -82.93955951,
    42.408486779
  ],
  ""type"": ""Point""
}",-82.93955951,42.408486779
8232,9781038,HARDING,CHARLEVOIX,2016-08-26,26,8,2016,12,6,1,9,,,0,,1,1,1,25,1,1,2,4,0,0,0,1,false,,false,false,false,false,false,,,,,,false,false,false,,,false,false,false,false,false,-82.98206,42.37144,"{
  ""coordinates"": [
    -8.298206034499999e+01,
    4.237143532000000e+01
  ],
  ""type"": ""Point""
}","{
  ""coordinates"": [
    -82.982060345,
    42.37143532
  ],
  ""type"": ""Point""
}",-82.982060345,42.37143532
8233,9781729,I-94,TRUMBULL,2016-08-26,26,8,2016,17,6,5,1,,1,0,,1,1,1,55,3,2,2,5,0,0,0,0,true,,false,false,false,false,false,,,,,,false,false,false,,,false,false,false,false,false,-83.07896,42.35772,"{
  ""coordinates"": [
    -8.307896460099990e+01,
    4.235772440500010e+01
  ],
  ""type"": ""Point""
}","{
  ""coordinates"": [
    -83.078964601,
    42.357724405
  ],
  ""type"": ""Point""
}",-83.0789646009999,42.3577244050001
8234,9793133,8MILE,CORDELL,2016-08-26,26,8,2016,17,6,4,3,,1,0,,1,1,4,35,4,2,1,5,0,0,0,0,true,,false,false,false,false,false,,,,,,false,false,false,,,false,false,false,false,false,-82.94759,42.45021,"{
  ""coordinates"": [
    -8.294759648000000e+01,
    4.245021218500010e+01
  ],
  ""type"": ""Point""
}","{
  ""coordinates"": [
    -82.94759648,
    42.450212185
  ],
  ""type"": ""Point""
}",-82.94759648,42.4502121850001
8235,9781742,JEFFERSON,JOHN C LODGE,2016-08-26,26,8,2016,18,6,8,9,,5,0,,1,1,1,35,4,2,3,5,0,0,0,0,true,,false,false,false,false,false,,,,,,false,false,false,,,false,false,false,false,false,-83.05219,42.32616,"{
  ""coordinates"": [
    -8.305218732000000e+01,
    4.232615530700010e+01
  ],
  ""type"": ""Point""
}","{
  ""coordinates"": [
    -83.05218732,
    42.326155307
  ],
  ""type"": ""Point""
}",-83.05218732,42.3261553070001
8236,9784421,8 MILE,SHERWOOD,2016-08-26,26,8,2016,14,6,8,3,,1,0,,1,1,1,40,3,3,3,4,0,0,0,1,false,,false,false,false,false,false,,,,,,false,false,false,,,false,false,false,false,false,-83.03423,42.44794,"{
  ""coordinates"": [
    -8.303423572600001e+01,
    4.244793978300000e+01
  ],
  ""type"": ""Point""
}","{
  ""coordinates"": [
    -83.034235726,
    42.447939783
  ],
  ""type"": ""Point""
}",-83.034235726,42.447939783
8237,9781046,FARNSWORTH,CHENE,2016-08-26,26,8,2016,8,6,1,9,,,0,,1,1,1,25,2,1,1,4,0,0,0,1,false,,false,false,false,false,false,,,,,,false,false,false,,,false,false,false,false,false,-83.04207,42.36701,"{
  ""coordinates"": [
    -8.304207027000000e+01,
    4.236701319500000e+01
  ],
  ""type"": ""Point""
}","{
  ""coordinates"": [
    -83.04207027,
    42.367013195
  ],
  ""type"": ""Point""
}",-83.04207027,42.367013195
8238,9782514,JEFFERSON,IROQUIOS,2016-08-26,26,8,2016,22,6,5,9,,4,0,,1,1,4,35,7,2,4,4,0,0,0,1,false,,false,false,false,false,false,,,,,,false,false,true,,,false,false,false,false,false,-82.99111,42.35383,"{
  ""coordinates"": [
    -8.299111077100000e+01,
    4.235383050800000e+01
  ],
  ""type"": ""Point""
}","{
  ""coordinates"": [
    -82.991110771,
    42.353830508
  ],
  ""type"": ""Point""
}",-82.991110771,42.353830508
8239,9783751,I 94,GRATIOT,2016-08-26,26,8,2016,18,6,5,1,,1,0,,1,1,1,55,3,3,4,5,0,0,0,0,true,,false,false,false,false,false,,,,,,false,false,false,,,false,false,false,false,false,-83.01162,42.3895,"{
  ""coordinates"": [
    -8.301161881300000e+01,
    4.238949451400000e+01
  ],
  ""type"": ""Point""
}","{
  ""coordinates"": [
    -83.011618813,
    42.389494514
  ],
  ""type"": ""Point""
}",-83.011618813,42.389494514
8240,9781021,E I 96,KENTFIELD,2016-08-26,26,8,2016,17,6,5,1,,1,0,,1,1,1,55,3,3,3,5,0,0,0,0,true,,false,false,false,false,false,,,,,,false,false,true,,,false,false,false,false,false,-83.24118,42.38397,"{
  ""coordinates"": [
    -8.324118000800000e+01,
    4.238397330500000e+01
  ],
  ""type"": ""Point""
}","{
  ""coordinates"": [
    -83.241180008,
    42.383973305
  ],
  ""type"": ""Point""
}",-83.241180008,42.383973305
8241,9781018,RAMP 122F,RAMP 938E,2016-08-26,26,8,2016,15,6,1,3,,1,1,,1,1,1,55,1,1,1,5,0,0,0,0,true,,false,false,false,false,false,,,,,,false,false,true,,,false,false,false,false,false,-83.0638,42.33329,"{
  ""coordinates"": [
    -8.306380165800000e+01,
    4.233328841100010e+01
  ],
  ""type"": ""Point""
}","{
  ""coordinates"": [
    -83.063801658,
    42.333288411
  ],
  ""type"": ""Point""
}",-83.063801658,42.3332884110001
8242,9781034,WEIR,MICHIGAN,2016-08-26,26,8,2016,13,6,97,3,,1,0,,1,1,1,25,2,2,2,5,0,0,0,0,true,,false,false,false,false,false,,,,,,false,true,false,,,false,false,false,false,false,-83.15362,42.32882,"{
  ""coordinates"": [
    -8.315361913299991e+01,
    4.232882183200010e+01
  ],
  ""type"": ""Point""
}","{
  ""coordinates"": [
    -83.153619133,
    42.328821832
  ],
  ""type"": ""Point""
}",-83.1536191329999,42.3288218320001
8243,9783761,GRAYTON,I-94 SERVICE,2016-08-26,26,8,2016,21,6,1,9,,,0,,1,1,4,25,2,1,2,5,0,0,0,0,true,,false,false,false,false,false,,,,,,false,false,false,,,false,false,false,false,false,-82.93962,42.41619,"{
  ""coordinates"": [
    -8.293961799700000e+01,
    4.241619246100000e+01
  ],
  ""type"": ""Point""
}","{
  ""coordinates"": [
    -82.939617997,
    42.416192461
  ],
  ""type"": ""Point""
}",-82.939617997,42.416192461
8244,9780095,WATERMAN,GOLDSMITH,2016-08-25,25,8,2016,15,5,5,9,,4,0,,1,2,1,25,4,2,2,5,0,0,0,0,true,,false,false,false,false,false,,,,,,false,false,false,,,false,false,false,false,false,-83.11391,42.31217,"{
  ""coordinates"": [
    -8.311391151100000e+01,
    4.231216735000000e+01
  ],
  ""type"": ""Point""
}","{
  ""coordinates"": [
    -83.113911511,
    42.31216735
  ],
  ""type"": ""Point""
}",-83.113911511,42.31216735
8245,9780114,KELLY,ROSSINI,2016-08-25,25,8,2016,15,5,4,9,,2,0,,1,2,1,35,3,2,3,5,0,0,0,0,true,,false,false,false,false,false,,,,,,false,false,true,,,false,false,false,false,false,-82.9464,42.44367,"{
  ""coordinates"": [
    -8.294639470200001e+01,
    4.244367060300000e+01
  ],
  ""type"": ""Point""
}","{
  ""coordinates"": [
    -82.946394702,
    42.443670603
  ],
  ""type"": ""Point""
}",-82.946394702,42.443670603
8246,9781023,OHIO,JOY,2016-08-25,25,8,2016,20,5,9,9,,,0,,1,1,1,25,2,2,1,5,0,0,0,0,true,,false,false,false,true,true,,,,,,false,false,false,,,false,false,false,false,false,-83.15304,42.35883,"{
  ""coordinates"": [
    -8.315303729599999e+01,
    4.235883351500010e+01
  ],
  ""type"": ""Point""
}","{
  ""coordinates"": [
    -83.153037296,
    42.358833515
  ],
  ""type"": ""Point""
}",-83.153037296,42.3588335150001
8247,9781049,CRANE,CHARLEVOIX,2016-08-25,25,8,2016,16,5,1,9,,,0,,1,1,1,30,3,1,2,5,0,0,0,0,true,,false,false,false,false,false,,,,,,false,false,false,,,false,false,false,false,false,-82.99492,42.36595,"{
  ""coordinates"": [
    -8.299491579799999e+01,
    4.236594894500010e+01
  ],
  ""type"": ""Point""
}","{
  ""coordinates"": [
    -82.994915798,
    42.365948945
  ],
  ""type"": ""Point""
}",-82.994915798,42.3659489450001
8248,9780036,I-94,I-96,2016-08-25,25,8,2016,9,5,5,1,,1,0,,1,2,1,0,3,2,2,5,0,0,0,0,true,,false,false,false,false,false,,,,,,false,true,false,,,false,false,false,false,false,-83.10104,42.34949,"{
  ""coordinates"": [
    -8.310104449600000e+01,
    4.234949230400010e+01
  ],
  ""type"": ""Point""
}","{
  ""coordinates"": [
    -83.101044496,
    42.349492304
  ],
  ""type"": ""Point""
}",-83.101044496,42.3494923040001
8249,9781077,TULLER,PURITAN,2016-08-25,25,8,2016,14,5,97,9,,,0,,1,1,1,25,1,4,1,5,0,0,0,0,true,,false,false,true,false,false,,,,,,false,false,false,,,false,false,false,false,false,-83.14788,42.41066,"{
  ""coordinates"": [
    -8.314788319400000e+01,
    4.241065484800000e+01
  ],
  ""type"": ""Point""
}","{
  ""coordinates"": [
    -83.147883194,
    42.410654848
  ],
  ""type"": ""Point""
}",-83.147883194,42.410654848
8250,9779950,I75,BRUSH,2016-08-25,25,8,2016,5,5,1,1,,1,0,,1,1,5,55,4,1,1,5,0,0,0,0,true,,false,false,false,false,false,,,,,,false,false,false,,,false,false,false,false,false,-83.05279,42.33985,"{
  ""coordinates"": [
    -8.305278816799991e+01,
    4.233984724300010e+01
  ],
  ""type"": ""Point""
}","{
  ""coordinates"": [
    -83.052788168,
    42.339847243
  ],
  ""type"": ""Point""
}",-83.0527881679999,42.3398472430001
8251,9785616,I-94,WARREN,2016-08-25,25,8,2016,17,5,5,1,,1,0,,1,1,1,55,3,2,2,5,0,0,0,0,true,,false,false,false,false,false,,,,,,false,false,false,,,false,false,false,false,false,-83.11346,42.34433,"{
  ""coordinates"": [
    -8.311346638000001e+01,
    4.234433202400000e+01
  ],
  ""type"": ""Point""
}","{
  ""coordinates"": [
    -83.11346638,
    42.344332024
  ],
  ""type"": ""Point""
}",-83.11346638,42.344332024
8252,9781761,CALVERT,S M 10,2016-08-25,25,8,2016,17,5,4,9,,4,0,,1,1,1,25,2,2,2,5,0,0,0,0,true,,false,false,false,false,false,,,,,,false,false,true,,,false,false,false,false,false,-83.09963,42.38445,"{
  ""coordinates"": [
    -8.309963024800000e+01,
    4.238444965700010e+01
  ],
  ""type"": ""Point""
}","{
  ""coordinates"": [
    -83.099630248,
    42.384449657
  ],
  ""type"": ""Point""
}",-83.099630248,42.3844496570001
8253,9781760,LIVERNOIS,OAKMAN,2016-08-25,25,8,2016,15,5,4,9,,4,0,,1,1,1,30,2,2,2,5,0,0,0,0,true,,false,false,false,false,false,,,,,,false,false,true,,,false,false,false,false,false,-83.13959,42.39036,"{
  ""coordinates"": [
    -8.313959088999999e+01,
    4.239035887600010e+01
  ],
  ""type"": ""Point""
}","{
  ""coordinates"": [
    -83.13959089,
    42.390358876
  ],
  ""type"": ""Point""
}",-83.13959089,42.3903588760001
8254,9781096,MCNICHOLS,MENDOTA,2016-08-25,25,8,2016,20,5,4,9,,2,0,,1,1,1,30,4,2,2,5,0,0,0,0,true,,false,false,true,false,false,,,,,,false,false,false,,,false,false,false,false,false,-83.16579,42.41677,"{
  ""coordinates"": [
    -8.316579000900001e+01,
    4.241677538300010e+01
  ],
  ""type"": ""Point""
}","{
  ""coordinates"": [
    -83.165790009,
    42.416775383
  ],
  ""type"": ""Point""
}",-83.165790009,42.4167753830001
8255,9781048,CHARLEVOIX,HOLCOMB,2016-08-25,25,8,2016,13,5,5,9,,4,0,,1,1,1,30,3,2,1,4,0,0,0,1,false,,false,false,false,false,false,,,,,,false,false,false,,,false,false,false,false,false,-82.99344,42.3664,"{
  ""coordinates"": [
    -8.299344125700000e+01,
    4.236639762400010e+01
  ],
  ""type"": ""Point""
}","{
  ""coordinates"": [
    -82.993441257,
    42.366397624
  ],
  ""type"": ""Point""
}",-82.993441257,42.3663976240001
8256,9780107,TELEGRAPH,GRAND RIVER,2016-08-25,25,8,2016,11,5,97,2,,1,0,,1,1,1,40,4,3,3,4,0,0,0,1,false,,false,false,false,false,false,,,,,,false,false,false,,,false,false,false,false,false,-83.27782,42.42471,"{
  ""coordinates"": [
    -8.327781652399990e+01,
    4.242470391000010e+01
  ],
  ""type"": ""Point""
}","{
  ""coordinates"": [
    -83.277816524,
    42.42470391
  ],
  ""type"": ""Point""
}",-83.2778165239999,42.4247039100001
8257,9781088,6 MILE,SCHAEFER,2016-08-25,25,8,2016,19,5,5,9,,2,0,,1,1,1,30,2,2,2,4,0,0,0,1,false,,false,false,false,false,false,,,,,,false,false,false,,,false,false,false,false,false,-83.18008,42.41658,"{
  ""coordinates"": [
    -8.318007371800000e+01,
    4.241658388300000e+01
  ],
  ""type"": ""Point""
}","{
  ""coordinates"": [
    -83.180073718,
    42.416583883
  ],
  ""type"": ""Point""
}",-83.180073718,42.416583883
8258,9780032,I-75,GRATIOT,2016-08-25,25,8,2016,1,5,1,7,,1,1,,2,1,4,70,4,1,1,3,0,0,1,0,false,,false,false,false,false,false,,,,,,false,false,true,,,false,false,false,false,false,-83.03813,42.34539,"{
  ""coordinates"": [
    -8.303813025499990e+01,
    4.234539312300010e+01
  ],
  ""type"": ""Point""
}","{
  ""coordinates"": [
    -83.038130255,
    42.345393123
  ],
  ""type"": ""Point""
}",-83.0381302549999,42.3453931230001
8259,9780094,JEFFERSON,VINEWOOD,2016-08-25,25,8,2016,12,5,1,9,,4,0,,1,2,1,25,2,1,1,5,0,0,0,0,true,,false,false,false,false,false,,,,,,false,false,false,,,false,false,false,false,false,-83.08205,42.31165,"{
  ""coordinates"": [
    -8.308204893200001e+01,
    4.231165477700010e+01
  ],
  ""type"": ""Point""
}","{
  ""coordinates"": [
    -83.082048932,
    42.311654777
  ],
  ""type"": ""Point""
}",-83.082048932,42.3116547770001
8260,9780108,MCNICHOLS,WINSTON,2016-08-25,25,8,2016,9,5,8,9,,2,0,,1,1,1,35,4,2,2,5,0,0,0,0,true,,false,false,false,false,false,,,,,,false,true,false,,,false,false,false,false,false,-83.28391,42.41433,"{
  ""coordinates"": [
    -8.328390380099999e+01,
    4.241432801100010e+01
  ],
  ""type"": ""Point""
}","{
  ""coordinates"": [
    -83.283903801,
    42.414328011
  ],
  ""type"": ""Point""
}",-83.283903801,42.4143280110001
8261,9780077,W/B I 94,CONCORD,2016-08-25,25,8,2016,0,5,1,1,,1,1,,10,2,4,55,3,1,1,5,0,0,0,0,true,,false,false,false,false,false,,,,,,false,false,true,,,false,false,false,false,false,-83.02978,42.38359,"{
  ""coordinates"": [
    -8.302977894900000e+01,
    4.238359206400000e+01
  ],
  ""type"": ""Point""
}","{
  ""coordinates"": [
    -83.029778949,
    42.383592064
  ],
  ""type"": ""Point""
}",-83.029778949,42.383592064
8262,9780020,M-10,7 MILE,2016-08-25,25,8,2016,19,5,5,3,,1,0,,1,1,1,55,3,2,1,5,0,0,0,0,true,,false,false,true,false,false,,,,,,false,false,false,,,false,false,false,false,false,-83.18671,42.43061,"{
  ""coordinates"": [
    -8.318670939000000e+01,
    4.243061222100000e+01
  ],
  ""type"": ""Point""
}","{
  ""coordinates"": [
    -83.18670939,
    42.430612221
  ],
  ""type"": ""Point""
}",-83.18670939,42.430612221
8263,9780082,BALTIMORE,CASS,2016-08-25,25,8,2016,16,5,4,9,,4,0,,1,1,1,25,1,2,2,5,0,0,0,0,true,,false,false,false,false,false,,,,,,false,false,false,,,false,false,false,false,false,-83.07327,42.36795,"{
  ""coordinates"": [
    -8.307326784500000e+01,
    4.236795321700000e+01
  ],
  ""type"": ""Point""
}","{
  ""coordinates"": [
    -83.073267845,
    42.367953217
  ],
  ""type"": ""Point""
}",-83.073267845,42.367953217