ObjectId,Crash ID,Primary Road,Intersecting Road,Crash Date,Day,Month,Year,Hour,Weekday,Crash Type Code,Highway Classification Code,Community Code,Jurisdiction Code,Lane Departure Type Code,Surface Type,Road Condition,Weather Condition,Lighting Condition,Speed Limit,Lanes,Units,Occupants,Most Severe Injury,Fatal Injuries,Suspected Serious Injuries,Suspected Minor Injuries,Possible Injuries,Property Damage Only,Secondary Crash,Traffic Control,Red Light Run,Hit and Run,Alcohol,Drugs,Unbelted Person,Work Zone,Speeding Driver,Distracted Driver,Driveway,Pedestrian,Elderly Driver,Young Driver,Commercial Vehicle,Emergency Vehicles,Train,School Bus,Motorcycle,Bicycle,Deer,Longitude,Latitude,geom,geog,x,y
8606,9777270,I-75,HOLBROOK,2016-08-18,18,8,2016,7,5,8,1,,1,0,,1,1,2,70,4,4,4,5,0,0,0,0,true,,false,false,false,false,false,,,,,,false,false,true,,,false,false,false,false,false,-83.0696,42.38923,"{
  ""coordinates"": [
    -8.306960637700000e+01,
    4.238922638400000e+01
  ],
  ""type"": ""Point""
}","{
  ""coordinates"": [
    -83.069606377,
    42.389226384
  ],
  ""type"": ""Point""
}",-83.069606377,42.389226384
8607,9780106,I94,GRATIOT,2016-08-18,18,8,2016,17,5,5,1,,1,0,,1,1,1,55,6,2,2,5,0,0,0,0,true,,false,false,false,false,false,,,,,,false,false,false,,,false,false,false,false,false,-83.00739,42.39108,"{
  ""coordinates"": [
    -8.300739605099990e+01,
    4.239108166200000e+01
  ],
  ""type"": ""Point""
}","{
  ""coordinates"": [
    -83.007396051,
    42.391081662
  ],
  ""type"": ""Point""
}",-83.0073960509999,42.391081662
8608,9782556,WOODWARD,MCNICHOLS,2016-08-18,18,8,2016,5,5,5,3,,1,0,,1,1,1,35,3,2,4,5,0,0,0,0,true,,false,false,false,false,false,,,,,,false,false,true,,,false,false,false,false,false,-83.10532,42.4178,"{
  ""coordinates"": [
    -8.310531585699989e+01,
    4.241780074500010e+01
  ],
  ""type"": ""Point""
}","{
  ""coordinates"": [
    -83.105315857,
    42.417800745
  ],
  ""type"": ""Point""
}",-83.1053158569999,42.4178007450001
8609,9778128,I-94,LONYO,2016-08-18,18,8,2016,16,5,5,1,,1,0,,1,1,1,55,3,2,2,5,0,0,0,0,true,,false,false,false,false,false,,,,,,false,false,false,,,false,false,false,false,false,-83.14719,42.33088,"{
  ""coordinates"": [
    -8.314719144900000e+01,
    4.233087750300010e+01
  ],
  ""type"": ""Point""
}","{
  ""coordinates"": [
    -83.147191449,
    42.330877503
  ],
  ""type"": ""Point""
}",-83.147191449,42.3308775030001
8610,9777286,I-94,JOHN R,2016-08-18,18,8,2016,17,5,5,1,,1,0,,1,1,1,55,3,2,3,4,0,0,0,2,false,,false,false,false,false,false,,,,,,false,false,true,,,false,false,false,false,false,-83.0677,42.36415,"{
  ""coordinates"": [
    -8.306770232799990e+01,
    4.236415113000000e+01
  ],
  ""type"": ""Point""
}","{
  ""coordinates"": [
    -83.067702328,
    42.36415113
  ],
  ""type"": ""Point""
}",-83.0677023279999,42.36415113
8611,9774612,HARPER,HARVARD,2016-08-18,18,8,2016,17,5,5,9,,4,0,,1,1,1,35,4,2,2,5,0,0,0,0,true,,false,false,false,false,false,,,,,,false,false,false,,,false,false,false,false,false,-82.93732,42.41607,"{
  ""coordinates"": [
    -8.293732194899999e+01,
    4.241607469400000e+01
  ],
  ""type"": ""Point""
}","{
  ""coordinates"": [
    -82.937321949,
    42.416074694
  ],
  ""type"": ""Point""
}",-82.937321949,42.416074694
8612,9774610,UNIVERSITY,MACK,2016-08-18,18,8,2016,13,5,1,9,,,0,,1,1,1,25,2,2,0,3,0,0,1,0,false,,false,false,true,false,false,,,,,,true,false,false,,,false,false,false,false,false,-82.91825,42.40248,"{
  ""coordinates"": [
    -8.291824846100000e+01,
    4.240248255400010e+01
  ],
  ""type"": ""Point""
}","{
  ""coordinates"": [
    -82.918248461,
    42.402482554
  ],
  ""type"": ""Point""
}",-82.918248461,42.4024825540001
8613,9777272,I-75,CANFIELD,2016-08-18,18,8,2016,11,5,1,1,,1,1,,1,1,1,55,4,1,1,4,0,0,0,1,false,,false,false,false,false,false,,,,,,false,false,false,,,false,false,false,false,false,-83.05175,42.35711,"{
  ""coordinates"": [
    -8.305175065200000e+01,
    4.235710932400010e+01
  ],
  ""type"": ""Point""
}","{
  ""coordinates"": [
    -83.051750652,
    42.357109324
  ],
  ""type"": ""Point""
}",-83.051750652,42.3571093240001
8614,9777285,S M 10,LIVERNOIS,2016-08-18,18,8,2016,9,5,8,3,,1,0,,1,1,1,55,3,2,2,5,0,0,0,0,true,,false,false,false,false,false,,,,,,false,false,false,,,false,false,false,false,false,-83.1402,42.40481,"{
  ""coordinates"": [
    -8.314020149299991e+01,
    4.240480740500000e+01
  ],
  ""type"": ""Point""
}","{
  ""coordinates"": [
    -83.140201493,
    42.404807405
  ],
  ""type"": ""Point""
}",-83.1402014929999,42.404807405
8615,9783172,JEFFERSON,BRUSH,2016-08-18,18,8,2016,9,5,8,4,,1,0,,1,1,1,35,4,2,5,5,0,0,0,0,true,,false,false,false,false,false,,,,,,false,false,true,,,false,false,false,false,false,-83.04079,42.33046,"{
  ""coordinates"": [
    -8.304079413999990e+01,
    4.233046029200010e+01
  ],
  ""type"": ""Point""
}","{
  ""coordinates"": [
    -83.04079414,
    42.330460292
  ],
  ""type"": ""Point""
}",-83.0407941399999,42.3304602920001
8616,9782483,GRATIOT,BEAUBIEN,2016-08-18,18,8,2016,9,5,5,3,,1,0,,1,1,1,0,3,2,4,4,0,0,0,3,false,,false,false,false,false,false,,,,,,false,false,false,,,false,false,false,false,false,-83.04401,42.33666,"{
  ""coordinates"": [
    -8.304401489500000e+01,
    4.233666068600010e+01
  ],
  ""type"": ""Point""
}","{
  ""coordinates"": [
    -83.044014895,
    42.336660686
  ],
  ""type"": ""Point""
}",-83.044014895,42.3366606860001
8617,9781768,7 MILE,CONLEY,2016-08-18,18,8,2016,0,5,4,9,,4,0,,2,1,4,35,2,2,1,5,0,0,0,0,true,,false,false,false,false,false,,,,,,false,false,false,,,false,false,false,false,false,-83.05248,42.43336,"{
  ""coordinates"": [
    -8.305248457399991e+01,
    4.243336194400010e+01
  ],
  ""type"": ""Point""
}","{
  ""coordinates"": [
    -83.052484574,
    42.433361944
  ],
  ""type"": ""Point""
}",-83.0524845739999,42.4333619440001
8618,9777298,KENDALL,LA SALLE,2016-08-18,18,8,2016,20,5,1,9,,,0,,1,1,1,0,2,2,1,3,0,0,1,0,false,,false,false,true,false,false,,,,,,false,false,false,,,false,false,false,true,false,-83.12136,42.39864,"{
  ""coordinates"": [
    -8.312135702200000e+01,
    4.239864259100010e+01
  ],
  ""type"": ""Point""
}","{
  ""coordinates"": [
    -83.121357022,
    42.398642591
  ],
  ""type"": ""Point""
}",-83.121357022,42.3986425910001
8619,9774614,WARREN,ELLERY,2016-08-18,18,8,2016,6,5,9,9,,4,0,,1,1,1,35,3,2,1,5,0,0,0,0,true,,false,false,true,false,false,,,,,,false,false,false,,,false,false,false,false,false,-83.03028,42.36951,"{
  ""coordinates"": [
    -8.303027810000000e+01,
    4.236951481800000e+01
  ],
  ""type"": ""Point""
}","{
  ""coordinates"": [
    -83.0302781,
    42.369514818
  ],
  ""type"": ""Point""
}",-83.0302781,42.369514818
8620,9774619,TELEGRAPH,MCNICHOLS,2016-08-18,18,8,2016,12,5,97,2,,1,0,,1,1,1,40,4,3,3,5,0,0,0,0,true,,true,true,false,false,false,,,,,,false,true,false,,,false,false,false,false,false,-83.2774,42.41456,"{
  ""coordinates"": [
    -8.327739876200000e+01,
    4.241455776600000e+01
  ],
  ""type"": ""Point""
}","{
  ""coordinates"": [
    -83.277398762,
    42.414557766
  ],
  ""type"": ""Point""
}",-83.277398762,42.414557766
8621,9777280,I-75,HOLLYWOOD,2016-08-18,18,8,2016,15,5,97,9,,4,0,,1,2,1,70,4,2,1,5,0,0,0,0,true,,false,false,false,false,false,,,,,,false,false,false,,,false,false,false,false,false,-83.09385,42.42955,"{
  ""coordinates"": [
    -8.309385264699991e+01,
    4.242955354000000e+01
  ],
  ""type"": ""Point""
}","{
  ""coordinates"": [
    -83.093852647,
    42.42955354
  ],
  ""type"": ""Point""
}",-83.0938526469999,42.42955354
8622,9785226,ST MARYS,DAVISON,2016-08-18,18,8,2016,21,5,4,9,,,0,,1,1,1,25,1,2,6,5,0,0,0,0,true,,true,false,true,false,false,,,,,,false,false,false,,,false,false,false,false,false,-83.20525,42.38469,"{
  ""coordinates"": [
    -8.320525304400000e+01,
    4.238469286300010e+01
  ],
  ""type"": ""Point""
}","{
  ""coordinates"": [
    -83.205253044,
    42.384692863
  ],
  ""type"": ""Point""
}",-83.205253044,42.3846928630001
8623,9775573,OUTER,STEEL,2016-08-18,18,8,2016,18,5,4,9,,2,0,,1,1,1,35,4,2,2,3,0,0,2,0,false,,false,false,true,false,false,,,,,,false,false,false,,,false,false,false,false,false,-83.17302,42.43468,"{
  ""coordinates"": [
    -8.317302148100001e+01,
    4.243467605800000e+01
  ],
  ""type"": ""Point""
}","{
  ""coordinates"": [
    -83.173021481,
    42.434676058
  ],
  ""type"": ""Point""
}",-83.173021481,42.434676058
8624,9777279,I-75,WARREN,2016-08-18,18,8,2016,12,5,8,1,,1,0,,1,2,1,55,4,2,2,5,0,0,0,0,true,,false,false,false,false,false,,,,,,false,false,false,,,false,false,false,false,false,-83.0543,42.3605,"{
  ""coordinates"": [
    -8.305430177600000e+01,
    4.236049465700010e+01
  ],
  ""type"": ""Point""
}","{
  ""coordinates"": [
    -83.054301776,
    42.360494657
  ],
  ""type"": ""Point""
}",-83.054301776,42.3604946570001
8625,9775569,DAVISON,VAN DYKE,2016-08-18,18,8,2016,17,5,6,3,,4,0,,1,1,1,30,4,2,2,5,0,0,0,0,true,,false,false,false,false,false,,,,,,false,false,false,,,false,false,false,false,false,-83.02414,42.4236,"{
  ""coordinates"": [
    -8.302414234000000e+01,
    4.242359583900000e+01
  ],
  ""type"": ""Point""
}","{
  ""coordinates"": [
    -83.02414234,
    42.423595839
  ],
  ""type"": ""Point""
}",-83.02414234,42.423595839
8626,9774592,MARSTON,JOHN R,2016-08-18,18,8,2016,17,5,1,9,,,0,,1,1,1,25,2,2,2,4,0,0,0,1,false,,false,false,false,false,false,,,,,,false,false,false,,,false,false,false,true,false,-83.0742,42.37572,"{
  ""coordinates"": [
    -8.307420259199991e+01,
    4.237571678700000e+01
  ],
  ""type"": ""Point""
}","{
  ""coordinates"": [
    -83.074202592,
    42.375716787
  ],
  ""type"": ""Point""
}",-83.0742025919999,42.375716787
8627,9774630,MONICA,PEMBROKE,2016-08-18,18,8,2016,8,5,5,9,,,0,,1,1,1,25,2,2,2,5,0,0,0,0,true,,false,false,true,false,false,,,,,,false,false,true,,,false,false,false,false,false,-83.14491,42.43905,"{
  ""coordinates"": [
    -8.314490644800000e+01,
    4.243905219200010e+01
  ],
  ""type"": ""Point""
}","{
  ""coordinates"": [
    -83.144906448,
    42.439052192
  ],
  ""type"": ""Point""
}",-83.144906448,42.4390521920001
8628,9781771,HULL,STATE FAIR,2016-08-18,18,8,2016,21,5,97,9,,,0,,1,1,4,30,3,2,1,5,0,0,0,0,true,,false,false,false,false,false,,,,,,false,true,false,,,false,false,false,false,false,-83.08896,42.44013,"{
  ""coordinates"": [
    -8.308896048500000e+01,
    4.244012820800000e+01
  ],
  ""type"": ""Point""
}","{
  ""coordinates"": [
    -83.088960485,
    42.440128208
  ],
  ""type"": ""Point""
}",-83.088960485,42.440128208
8629,9778153,TELEGRAPH,MCNICHOLS,2016-08-18,18,8,2016,14,5,5,2,,1,0,,1,1,1,40,3,2,2,5,0,0,0,0,true,,false,false,false,false,false,,,,,,false,false,true,,,false,false,false,false,false,-83.2774,42.41456,"{
  ""coordinates"": [
    -8.327739876200000e+01,
    4.241455776600000e+01
  ],
  ""type"": ""Point""
}","{
  ""coordinates"": [
    -83.277398762,
    42.414557766
  ],
  ""type"": ""Point""
}",-83.277398762,42.414557766
8630,9774622,GRATIOT,SEYMOUR,2016-08-18,18,8,2016,19,5,1,3,,1,0,,1,1,1,35,2,2,1,5,0,0,0,0,true,,false,false,true,false,false,,,,,,false,false,false,,,false,false,false,true,false,-82.98306,42.42693,"{
  ""coordinates"": [
    -8.298305968400000e+01,
    4.242692799200010e+01
  ],
  ""type"": ""Point""
}","{
  ""coordinates"": [
    -82.983059684,
    42.426927992
  ],
  ""type"": ""Point""
}",-82.983059684,42.4269279920001
8631,9777271,S M 10,LINWOOD,2016-08-18,18,8,2016,8,5,5,3,,1,0,,1,1,2,55,3,4,5,5,0,0,0,0,true,,false,false,true,false,false,,,,,,false,false,false,,,false,false,false,false,false,-83.12736,42.40508,"{
  ""coordinates"": [
    -8.312735869399999e+01,
    4.240507905700010e+01
  ],
  ""type"": ""Point""
}","{
  ""coordinates"": [
    -83.127358694,
    42.405079057
  ],
  ""type"": ""Point""
}",-83.127358694,42.4050790570001
8632,9782476,PURITAN,GREENFIELD,2016-08-18,18,8,2016,16,5,5,9,,4,0,,1,1,1,35,2,2,2,4,0,0,0,1,false,,false,false,false,false,false,,,,,,false,true,false,,,false,false,false,false,false,-83.19899,42.40875,"{
  ""coordinates"": [
    -8.319898889200000e+01,
    4.240875151700000e+01
  ],
  ""type"": ""Point""
}","{
  ""coordinates"": [
    -83.198988892,
    42.408751517
  ],
  ""type"": ""Point""
}",-83.198988892,42.408751517
8633,9777284,N I 75,RAMP 216B,2016-08-18,18,8,2016,6,5,8,1,,1,0,,1,1,2,70,4,2,2,4,0,0,0,2,false,,false,false,false,false,false,,,,,,false,false,false,,,false,false,false,false,false,-83.05851,42.36979,"{
  ""coordinates"": [
    -8.305850943400000e+01,
    4.236979261400010e+01
  ],
  ""type"": ""Point""
}","{
  ""coordinates"": [
    -83.058509434,
    42.369792614
  ],
  ""type"": ""Point""
}",-83.058509434,42.3697926140001
8634,9774615,FENKELL,PIEDMONT,2016-08-18,18,8,2016,12,5,4,9,,2,0,,1,1,1,30,4,2,2,4,0,0,0,1,false,,true,true,false,false,false,,,,,,false,false,false,,,false,false,false,false,false,-83.23016,42.40082,"{
  ""coordinates"": [
    -8.323015363800000e+01,
    4.240082223600010e+01
  ],
  ""type"": ""Point""
}","{
  ""coordinates"": [
    -83.230153638,
    42.400822236
  ],
  ""type"": ""Point""
}",-83.230153638,42.4008222360001
8635,9774611,WARREN,MONTCLAIR,2016-08-18,18,8,2016,15,5,4,9,,4,0,,1,1,1,35,4,2,3,4,0,0,0,1,false,,false,false,false,false,false,,,,,,false,false,false,,,false,false,false,false,false,-82.9896,42.38515,"{
  ""coordinates"": [
    -8.298959803900000e+01,
    4.238515467600010e+01
  ],
  ""type"": ""Point""
}","{
  ""coordinates"": [
    -82.989598039,
    42.385154676
  ],
  ""type"": ""Point""
}",-82.989598039,42.3851546760001
8636,9774711,OUTER,SOUTHFIELD SERVICE DRIVE,2016-08-18,18,8,2016,7,5,8,9,,2,0,,1,1,1,35,4,2,2,5,0,0,0,0,true,,false,false,false,false,false,,,,,,false,false,false,,,false,false,false,false,false,-83.21914,42.41907,"{
  ""coordinates"": [
    -8.321913845099991e+01,
    4.241906580000010e+01
  ],
  ""type"": ""Point""
}","{
  ""coordinates"": [
    -83.219138451,
    42.4190658
  ],
  ""type"": ""Point""
}",-83.2191384509999,42.4190658000001
8637,9774617,TELEGRAPH,8 MILE,2016-08-18,18,8,2016,8,5,5,2,,1,0,,1,1,1,40,4,2,2,5,0,0,0,0,true,,false,false,false,false,false,,,,,,false,false,false,,,false,false,false,false,false,-83.27831,42.4427,"{
  ""coordinates"": [
    -8.327830347299989e+01,
    4.244269586700010e+01
  ],
  ""type"": ""Point""
}","{
  ""coordinates"": [
    -83.278303473,
    42.442695867
  ],
  ""type"": ""Point""
}",-83.2783034729999,42.4426958670001
8638,9789263,I-94,WAYNE,2016-08-18,18,8,2016,17,5,1,1,,1,0,,1,1,1,70,3,1,1,5,0,0,0,0,true,,false,false,false,false,false,,,,,,false,false,false,,,false,false,false,false,false,-83.07577,42.35921,"{
  ""coordinates"": [
    -8.307577076599991e+01,
    4.235921534500010e+01
  ],
  ""type"": ""Point""
}","{
  ""coordinates"": [
    -83.075770766,
    42.359215345
  ],
  ""type"": ""Point""
}",-83.0757707659999,42.3592153450001
8639,9774593,WYOMING,LYNDON,2016-08-18,18,8,2016,19,5,5,9,,4,0,,1,1,1,35,5,2,4,5,0,0,0,0,true,,false,false,true,false,false,,,,,,false,false,false,,,false,false,false,false,false,-83.15935,42.39532,"{
  ""coordinates"": [
    -8.315934588600000e+01,
    4.239532514700010e+01
  ],
  ""type"": ""Point""
}","{
  ""coordinates"": [
    -83.159345886,
    42.395325147
  ],
  ""type"": ""Point""
}",-83.159345886,42.3953251470001
8640,9780084,CONGRESS,BRUSH,2016-08-18,18,8,2016,14,5,4,9,,4,0,,1,1,1,30,6,2,2,5,0,0,0,0,true,,false,false,false,false,false,,,,,,false,false,false,,,false,false,false,false,false,-83.04176,42.33194,"{
  ""coordinates"": [
    -8.304176673599990e+01,
    4.233193869300000e+01
  ],
  ""type"": ""Point""
}","{
  ""coordinates"": [
    -83.041766736,
    42.331938693
  ],
  ""type"": ""Point""
}",-83.0417667359999,42.331938693
8641,9777278,I-75,M-8,2016-08-18,18,8,2016,8,5,5,1,,1,0,,1,1,1,70,4,2,4,5,0,0,0,0,true,,false,false,false,false,false,,,,,,false,false,true,,,false,false,false,false,false,-83.08009,42.40927,"{
  ""coordinates"": [
    -8.308008377499991e+01,
    4.240927183000010e+01
  ],
  ""type"": ""Point""
}","{
  ""coordinates"": [
    -83.080083775,
    42.40927183
  ],
  ""type"": ""Point""
}",-83.0800837749999,42.4092718300001
8642,9775575,7 MILE,APPOLINE,2016-08-18,18,8,2016,16,5,4,9,,2,0,,1,1,1,30,4,2,2,5,0,0,0,0,true,,false,false,false,false,false,,,,,,false,false,true,,,false,false,false,false,false,-83.17157,42.43124,"{
  ""coordinates"": [
    -8.317156806700000e+01,
    4.243124152200010e+01
  ],
  ""type"": ""Point""
}","{
  ""coordinates"": [
    -83.171568067,
    42.431241522
  ],
  ""type"": ""Point""
}",-83.171568067,42.4312415220001
8643,9782477,N I 75 SERVICE DRIVE,WOODWARD,2016-08-18,18,8,2016,11,5,4,3,,4,0,,1,1,1,35,2,2,2,5,0,0,0,0,true,,false,false,false,false,false,,,,,,false,true,false,,,false,false,false,false,false,-83.05272,42.33961,"{
  ""coordinates"": [
    -8.305271701500000e+01,
    4.233960654500000e+01
  ],
  ""type"": ""Point""
}","{
  ""coordinates"": [
    -83.052717015,
    42.339606545
  ],
  ""type"": ""Point""
}",-83.052717015,42.339606545
8644,9777289,I 94,M-10,2016-08-18,18,8,2016,19,5,5,1,,1,0,,1,1,1,55,3,2,4,5,0,0,0,0,true,,false,false,false,false,false,,,,,,false,false,true,,,false,false,false,false,false,-83.08026,42.35645,"{
  ""coordinates"": [
    -8.308026256600000e+01,
    4.235644828600000e+01
  ],
  ""type"": ""Point""
}","{
  ""coordinates"": [
    -83.080262566,
    42.356448286
  ],
  ""type"": ""Point""
}",-83.080262566,42.356448286
8645,9774620,CHALFONTE,GREENVIEW,2016-08-18,18,8,2016,14,5,4,9,,,0,,1,1,1,25,2,2,2,4,0,0,0,2,false,,true,false,true,false,false,,,,,,false,false,false,,,false,false,false,false,false,-83.22401,42.39849,"{
  ""coordinates"": [
    -8.322401755700000e+01,
    4.239849300100010e+01
  ],
  ""type"": ""Point""
}","{
  ""coordinates"": [
    -83.224017557,
    42.398493001
  ],
  ""type"": ""Point""
}",-83.224017557,42.3984930010001
8646,9775568,W I 96 SERVICE DRIVE,LIVERNOIS,2016-08-18,18,8,2016,6,5,4,9,,4,0,,1,1,1,0,2,2,3,5,0,0,0,0,true,,false,false,false,false,false,,,,,,false,false,true,,,false,false,false,false,false,-83.13879,42.36778,"{
  ""coordinates"": [
    -8.313879385000000e+01,
    4.236778160800000e+01
  ],
  ""type"": ""Point""
}","{
  ""coordinates"": [
    -83.13879385,
    42.367781608
  ],
  ""type"": ""Point""
}",-83.13879385,42.367781608
8647,9774613,GRINNELL,RAYMOND,2016-08-18,18,8,2016,6,5,8,9,,4,0,,1,1,2,35,2,2,2,3,0,0,1,1,false,,false,false,false,false,false,,,,,,false,false,false,,,false,false,false,false,false,-83.00933,42.4012,"{
  ""coordinates"": [
    -8.300932740699990e+01,
    4.240120178900000e+01
  ],
  ""type"": ""Point""
}","{
  ""coordinates"": [
    -83.009327407,
    42.401201789
  ],
  ""type"": ""Point""
}",-83.0093274069999,42.401201789
8648,9789277,I-94,CONCORD,2016-08-18,18,8,2016,16,5,8,1,,1,0,,1,1,1,55,3,3,4,5,0,0,0,0,true,,false,false,true,false,false,,,,,,false,false,true,,,false,false,false,false,false,-83.0301,42.38314,"{
  ""coordinates"": [
    -8.303009717099999e+01,
    4.238314336500010e+01
  ],
  ""type"": ""Point""
}","{
  ""coordinates"": [
    -83.030097171,
    42.383143365
  ],
  ""type"": ""Point""
}",-83.030097171,42.3831433650001
8649,9782473,GRAND RIVER,BRAINARD,2016-08-18,18,8,2016,8,5,5,3,,1,0,,1,1,1,35,5,2,2,5,0,0,0,0,true,,false,false,false,false,false,,,,,,false,true,false,,,false,false,false,false,false,-83.07352,42.34233,"{
  ""coordinates"": [
    -8.307352629199990e+01,
    4.234233180800000e+01
  ],
  ""type"": ""Point""
}","{
  ""coordinates"": [
    -83.073526292,
    42.342331808
  ],
  ""type"": ""Point""
}",-83.0735262919999,42.342331808
8650,9774604,WARREN,CENTRAL,2016-08-18,18,8,2016,11,5,98,9,,2,0,,1,1,1,30,4,3,2,5,0,0,0,0,true,,true,true,false,false,false,,,,,,false,false,false,,,false,false,false,false,false,-83.14585,42.34475,"{
  ""coordinates"": [
    -8.314585377600000e+01,
    4.234474517400000e+01
  ],
  ""type"": ""Point""
}","{
  ""coordinates"": [
    -83.145853776,
    42.344745174
  ],
  ""type"": ""Point""
}",-83.145853776,42.344745174
8651,9776529,GRISWOLD,MICHIGAN,2016-08-18,18,8,2016,17,5,9,9,,4,0,,1,1,1,25,3,2,2,5,0,0,0,0,true,,false,false,false,false,false,,,,,,false,false,false,,,false,false,false,false,false,-83.04826,42.33167,"{
  ""coordinates"": [
    -8.304826310500000e+01,
    4.233167433200000e+01
  ],
  ""type"": ""Point""
}","{
  ""coordinates"": [
    -83.048263105,
    42.331674332
  ],
  ""type"": ""Point""
}",-83.048263105,42.331674332
8652,9828164,MCNICHOLS,MANSFIELD,2016-08-18,18,8,2016,12,5,4,9,,2,0,,1,1,1,35,6,2,3,4,0,0,0,3,false,,true,false,false,false,false,,,,,,false,false,false,,,false,false,false,false,false,-83.20572,42.41583,"{
  ""coordinates"": [
    -8.320571765999991e+01,
    4.241582903900010e+01
  ],
  ""type"": ""Point""
}","{
  ""coordinates"": [
    -83.20571766,
    42.415829039
  ],
  ""type"": ""Point""
}",-83.2057176599999,42.4158290390001
8653,9789264,I-94,WAYNE,2016-08-18,18,8,2016,17,5,1,1,,1,0,,1,1,1,70,3,1,2,5,0,0,0,0,true,,false,false,false,false,false,,,,,,false,false,false,,,false,false,false,false,false,-83.07577,42.35921,"{
  ""coordinates"": [
    -8.307577076599991e+01,
    4.235921534500010e+01
  ],
  ""type"": ""Point""
}","{
  ""coordinates"": [
    -83.075770766,
    42.359215345
  ],
  ""type"": ""Point""
}",-83.0757707659999,42.3592153450001
8654,9774607,WATERMAN,REGULAR,2016-08-18,18,8,2016,9,5,4,9,,4,0,,1,1,1,25,2,2,2,5,0,0,0,0,true,,false,false,false,false,false,,,,,,false,true,false,,,false,false,false,false,false,-83.11238,42.31006,"{
  ""coordinates"": [
    -8.311238131899999e+01,
    4.231006002300010e+01
  ],
  ""type"": ""Point""
}","{
  ""coordinates"": [
    -83.112381319,
    42.310060023
  ],
  ""type"": ""Point""
}",-83.112381319,42.3100600230001
8655,9822271,FENKELL,WYOMING,2016-08-18,18,8,2016,18,5,8,9,,4,0,,1,1,1,35,4,2,2,5,0,0,0,0,true,,false,false,false,false,false,,,,,,false,false,false,,,false,false,false,false,false,-83.15968,42.40252,"{
  ""coordinates"": [
    -8.315967984500000e+01,
    4.240251362100000e+01
  ],
  ""type"": ""Point""
}","{
  ""coordinates"": [
    -83.159679845,
    42.402513621
  ],
  ""type"": ""Point""
}",-83.159679845,42.402513621
8656,9776544,WARREN,S M 39,2016-08-18,18,8,2016,17,5,8,9,,2,0,,1,1,1,35,3,2,4,5,0,0,0,0,true,,false,false,false,false,false,,,,,,false,false,false,,,false,false,false,false,false,-83.21632,42.34336,"{
  ""coordinates"": [
    -8.321631766099991e+01,
    4.234336268500000e+01
  ],
  ""type"": ""Point""
}","{
  ""coordinates"": [
    -83.216317661,
    42.343362685
  ],
  ""type"": ""Point""
}",-83.2163176609999,42.343362685
8657,9834415,RANDOLPH,BATES,2016-08-18,18,8,2016,17,5,1,3,,1,0,,1,1,1,25,4,2,1,5,0,0,0,0,true,,false,false,false,false,false,,,,,,true,true,false,,,false,false,false,false,false,-83.04398,42.33288,"{
  ""coordinates"": [
    -8.304397933900000e+01,
    4.233288036300010e+01
  ],
  ""type"": ""Point""
}","{
  ""coordinates"": [
    -83.043979339,
    42.332880363
  ],
  ""type"": ""Point""
}",-83.043979339,42.3328803630001
8658,9774639,WOODWARD,ALEXANDRINE,2016-08-18,18,8,2016,4,5,1,3,,1,0,,1,1,4,25,1,1,1,5,0,0,0,0,true,,false,false,true,false,false,,,,,,false,false,false,,,false,false,false,false,false,-83.06001,42.35057,"{
  ""coordinates"": [
    -8.306000826600000e+01,
    4.235057549900010e+01
  ],
  ""type"": ""Point""
}","{
  ""coordinates"": [
    -83.060008266,
    42.350575499
  ],
  ""type"": ""Point""
}",-83.060008266,42.3505754990001
8659,9773737,CONNER,JEFFERSON,2016-08-17,17,8,2016,8,4,97,9,,4,0,,1,1,1,35,2,2,2,5,0,0,0,0,true,,false,false,false,false,false,,,,,,false,false,true,,,false,false,false,false,false,-82.95882,42.3698,"{
  ""coordinates"": [
    -8.295882413399990e+01,
    4.236980399800010e+01
  ],
  ""type"": ""Point""
}","{
  ""coordinates"": [
    -82.958824134,
    42.369803998
  ],
  ""type"": ""Point""
}",-82.9588241339999,42.3698039980001
8660,9776502,I-75,MCNICHOLS,2016-08-17,17,8,2016,7,4,5,1,,1,0,,1,1,2,70,4,2,2,5,0,0,0,0,true,,false,false,false,false,false,,,,,,false,false,true,,,false,false,false,false,false,-83.08611,42.41624,"{
  ""coordinates"": [
    -8.308610735100000e+01,
    4.241624549400010e+01
  ],
  ""type"": ""Point""
}","{
  ""coordinates"": [
    -83.086107351,
    42.416245494
  ],
  ""type"": ""Point""
}",-83.086107351,42.4162454940001
8661,9774608,LAWNDALE,NAVY,2016-08-17,17,8,2016,12,4,98,9,,4,0,,1,1,1,35,2,2,1,5,0,0,0,0,true,,false,false,true,false,false,,,,,,false,false,false,,,false,false,false,false,false,-83.13118,42.30726,"{
  ""coordinates"": [
    -8.313118078799990e+01,
    4.230726430200010e+01
  ],
  ""type"": ""Point""
}","{
  ""coordinates"": [
    -83.131180788,
    42.307264302
  ],
  ""type"": ""Point""
}",-83.1311807879999,42.3072643020001
8662,9776513,I-75,CANIFF,2016-08-17,17,8,2016,15,4,8,1,,1,0,,1,1,1,70,4,2,4,4,0,0,0,2,false,,false,false,false,false,false,,,,,,false,true,false,,,false,false,false,false,false,-83.06996,42.38953,"{
  ""coordinates"": [
    -8.306996141899999e+01,
    4.238952954400000e+01
  ],
  ""type"": ""Point""
}","{
  ""coordinates"": [
    -83.069961419,
    42.389529544
  ],
  ""type"": ""Point""
}",-83.069961419,42.389529544