ObjectId,Crash ID,Primary Road,Intersecting Road,Crash Date,Day,Month,Year,Hour,Weekday,Crash Type Code,Highway Classification Code,Community Code,Jurisdiction Code,Lane Departure Type Code,Surface Type,Road Condition,Weather Condition,Lighting Condition,Speed Limit,Lanes,Units,Occupants,Most Severe Injury,Fatal Injuries,Suspected Serious Injuries,Suspected Minor Injuries,Possible Injuries,Property Damage Only,Secondary Crash,Traffic Control,Red Light Run,Hit and Run,Alcohol,Drugs,Unbelted Person,Work Zone,Speeding Driver,Distracted Driver,Driveway,Pedestrian,Elderly Driver,Young Driver,Commercial Vehicle,Emergency Vehicles,Train,School Bus,Motorcycle,Bicycle,Deer,Longitude,Latitude,geom,geog,x,y
8663,9781015,I-94,VAN DYKE,2016-08-17,17,8,2016,16,4,8,1,,1,0,,1,1,1,55,3,2,1,5,0,0,0,0,true,,false,false,true,false,false,,,,,,false,true,false,,,false,false,false,false,false,-83.02923,42.38375,"{
  ""coordinates"": [
    -8.302922550900000e+01,
    4.238375052200010e+01
  ],
  ""type"": ""Point""
}","{
  ""coordinates"": [
    -83.029225509,
    42.383750522
  ],
  ""type"": ""Point""
}",-83.029225509,42.3837505220001
8664,9775567,CHICAGO,LINWOOD,2016-08-17,17,8,2016,12,4,4,9,,4,0,,98,98,98,30,3,2,2,5,0,0,0,0,true,,false,false,false,false,false,,,,,,false,false,false,,,false,false,false,false,false,-83.11115,42.37659,"{
  ""coordinates"": [
    -8.311114610899990e+01,
    4.237658967200010e+01
  ],
  ""type"": ""Point""
}","{
  ""coordinates"": [
    -83.111146109,
    42.376589672
  ],
  ""type"": ""Point""
}",-83.1111461089999,42.3765896720001
8665,9783763,M-39,8 MILE,2016-08-17,17,8,2016,18,4,5,3,,1,0,,1,1,1,55,3,2,2,5,0,0,0,0,true,,false,false,false,false,false,,,,,,false,false,true,,,false,false,false,false,false,-83.21967,42.44055,"{
  ""coordinates"": [
    -8.321967371400000e+01,
    4.244055180700010e+01
  ],
  ""type"": ""Point""
}","{
  ""coordinates"": [
    -83.219673714,
    42.440551807
  ],
  ""type"": ""Point""
}",-83.219673714,42.4405518070001
8666,9776551,LIVERNOIS,PILGRIM,2016-08-17,17,8,2016,13,4,97,9,,4,0,,1,1,1,35,2,2,1,5,0,0,0,0,true,,false,false,false,false,false,,,,,,false,false,true,,,false,false,false,false,false,-83.1406,42.40854,"{
  ""coordinates"": [
    -8.314060354000000e+01,
    4.240853868200000e+01
  ],
  ""type"": ""Point""
}","{
  ""coordinates"": [
    -83.14060354,
    42.408538682
  ],
  ""type"": ""Point""
}",-83.14060354,42.408538682
8667,9780078,DAVISON HWY E/B,PETOSKY,2016-08-17,17,8,2016,15,4,3,3,,1,0,,1,2,1,45,7,2,1,5,0,0,0,0,true,,false,false,true,false,false,,,,,,false,false,true,,,false,false,false,false,false,-83.13512,42.38813,"{
  ""coordinates"": [
    -8.313512007500000e+01,
    4.238813182400000e+01
  ],
  ""type"": ""Point""
}","{
  ""coordinates"": [
    -83.135120075,
    42.388131824
  ],
  ""type"": ""Point""
}",-83.135120075,42.388131824
8668,9773740,HARPER,CHESTER,2016-08-17,17,8,2016,16,4,4,9,,4,0,,1,2,1,30,2,2,3,4,0,0,0,1,false,,false,false,false,false,false,,,,,,false,false,true,,,false,false,false,false,false,-82.93269,42.41874,"{
  ""coordinates"": [
    -8.293268892899989e+01,
    4.241873918000000e+01
  ],
  ""type"": ""Point""
}","{
  ""coordinates"": [
    -82.932688929,
    42.41873918
  ],
  ""type"": ""Point""
}",-82.9326889289999,42.41873918
8669,9784395,CONANT,GAYLORD,2016-08-17,17,8,2016,12,4,5,9,,4,0,,1,1,4,35,2,2,2,5,0,0,0,0,true,,false,false,true,false,false,,,,,,false,false,false,,,false,false,false,false,false,-83.06444,42.41988,"{
  ""coordinates"": [
    -8.306443848799999e+01,
    4.241988558100010e+01
  ],
  ""type"": ""Point""
}","{
  ""coordinates"": [
    -83.064438488,
    42.419885581
  ],
  ""type"": ""Point""
}",-83.064438488,42.4198855810001
8670,9777268,M-39,OUTER,2016-08-17,17,8,2016,15,4,5,3,,1,0,,1,1,1,55,3,2,2,5,0,0,0,0,true,,false,false,false,false,false,,,,,,false,false,false,,,false,false,false,false,false,-83.21883,42.41948,"{
  ""coordinates"": [
    -8.321882695499990e+01,
    4.241948214300000e+01
  ],
  ""type"": ""Point""
}","{
  ""coordinates"": [
    -83.218826955,
    42.419482143
  ],
  ""type"": ""Point""
}",-83.2188269549999,42.419482143
8671,9773729,PURTIAN,HARTWELL,2016-08-17,17,8,2016,20,4,4,9,,4,0,,1,1,1,30,3,2,3,4,0,0,0,2,false,,false,false,true,false,false,,,,,,false,false,false,,,false,false,false,false,false,-83.17841,42.40938,"{
  ""coordinates"": [
    -8.317841409200000e+01,
    4.240937875600010e+01
  ],
  ""type"": ""Point""
}","{
  ""coordinates"": [
    -83.178414092,
    42.409378756
  ],
  ""type"": ""Point""
}",-83.178414092,42.4093787560001
8672,9774623,7 MILE,MACCRARY,2016-08-17,17,8,2016,22,4,5,9,,2,0,,2,4,4,30,2,2,2,4,0,0,0,1,false,,false,false,true,false,false,,,,,,false,false,false,,,false,false,false,false,false,-82.9702,42.43528,"{
  ""coordinates"": [
    -8.297020189700000e+01,
    4.243528028900000e+01
  ],
  ""type"": ""Point""
}","{
  ""coordinates"": [
    -82.970201897,
    42.435280289
  ],
  ""type"": ""Point""
}",-82.970201897,42.435280289
8673,9773755,ROSSITER,MOROSS,2016-08-17,17,8,2016,11,4,4,9,,,0,,1,1,1,25,3,2,2,5,0,0,0,0,true,,false,false,false,false,false,,,,,,false,false,false,,,false,false,false,false,false,-82.94468,42.43121,"{
  ""coordinates"": [
    -8.294467890800000e+01,
    4.243120801700010e+01
  ],
  ""type"": ""Point""
}","{
  ""coordinates"": [
    -82.944678908,
    42.431208017
  ],
  ""type"": ""Point""
}",-82.944678908,42.4312080170001
8674,9777282,I-94,CHALMERS,2016-08-17,17,8,2016,17,4,5,1,,1,0,,2,4,1,55,3,2,2,5,0,0,0,0,true,,false,false,false,false,false,,,,,,false,false,false,,,false,false,false,false,false,-82.96594,42.40321,"{
  ""coordinates"": [
    -8.296594449299990e+01,
    4.240321175300010e+01
  ],
  ""type"": ""Point""
}","{
  ""coordinates"": [
    -82.965944493,
    42.403211753
  ],
  ""type"": ""Point""
}",-82.9659444929999,42.4032117530001
8675,9777269,S M 10,LIVERNOIS,2016-08-17,17,8,2016,23,4,5,3,,1,0,,1,1,4,55,3,2,1,5,0,0,0,0,true,,false,false,true,false,false,,,,,,false,false,true,,,false,false,false,false,false,-83.14048,42.4048,"{
  ""coordinates"": [
    -8.314047623899999e+01,
    4.240480351500000e+01
  ],
  ""type"": ""Point""
}","{
  ""coordinates"": [
    -83.140476239,
    42.404803515
  ],
  ""type"": ""Point""
}",-83.140476239,42.404803515
8676,9776543,WARREN,MEMORIAL,2016-08-17,17,8,2016,21,4,1,9,,2,0,,1,1,4,35,4,1,1,4,0,0,0,1,false,,false,false,false,false,false,,,,,,false,false,true,,,false,false,false,false,false,-83.21111,42.34345,"{
  ""coordinates"": [
    -8.321110783599990e+01,
    4.234344975700000e+01
  ],
  ""type"": ""Point""
}","{
  ""coordinates"": [
    -83.211107836,
    42.343449757
  ],
  ""type"": ""Point""
}",-83.2111078359999,42.343449757
8677,9774590,M-39,8 MILE,2016-08-17,17,8,2016,15,4,5,3,,1,0,,1,1,1,55,3,2,2,5,0,0,0,0,true,,false,false,false,false,false,,,,,,false,false,true,,,false,false,false,false,false,-83.21967,42.44272,"{
  ""coordinates"": [
    -8.321966930100000e+01,
    4.244272147700010e+01
  ],
  ""type"": ""Point""
}","{
  ""coordinates"": [
    -83.219669301,
    42.442721477
  ],
  ""type"": ""Point""
}",-83.219669301,42.4427214770001
8678,9778137,GRAND,DEXTER,2016-08-17,17,8,2016,17,4,5,9,,4,0,,2,1,1,30,2,2,4,5,0,0,0,0,true,,false,false,false,false,false,,,,,,false,true,false,,,false,false,false,false,false,-83.1085,42.35725,"{
  ""coordinates"": [
    -8.310850138799999e+01,
    4.235725508700010e+01
  ],
  ""type"": ""Point""
}","{
  ""coordinates"": [
    -83.108501388,
    42.357255087
  ],
  ""type"": ""Point""
}",-83.108501388,42.3572550870001
8679,9785205,SCHOOLCRAFT,BURT,2016-08-17,17,8,2016,13,4,5,9,,4,0,,1,1,1,25,2,2,2,5,0,0,0,0,true,,false,false,false,false,false,,,,,,false,true,true,,,false,false,false,false,false,-83.24655,42.38607,"{
  ""coordinates"": [
    -8.324655317600001e+01,
    4.238607363900010e+01
  ],
  ""type"": ""Point""
}","{
  ""coordinates"": [
    -83.246553176,
    42.386073639
  ],
  ""type"": ""Point""
}",-83.246553176,42.3860736390001
8680,9773767,W I 96,KENTFIELD,2016-08-17,17,8,2016,13,4,5,1,,1,0,,1,1,1,35,4,2,3,5,0,0,0,0,true,,false,false,false,false,false,,,,,,false,false,true,,,false,false,false,false,false,-83.24062,42.38377,"{
  ""coordinates"": [
    -8.324061240799990e+01,
    4.238376768300000e+01
  ],
  ""type"": ""Point""
}","{
  ""coordinates"": [
    -83.240612408,
    42.383767683
  ],
  ""type"": ""Point""
}",-83.2406124079999,42.383767683
8681,9777283,I-94,CADIEUX,2016-08-17,17,8,2016,17,4,1,1,,1,1,,2,4,1,55,3,1,1,3,0,0,1,0,false,,false,false,false,false,false,,,,,,false,false,true,,,false,false,false,false,false,-82.9357,42.41812,"{
  ""coordinates"": [
    -8.293569615199991e+01,
    4.241811848900010e+01
  ],
  ""type"": ""Point""
}","{
  ""coordinates"": [
    -82.935696152,
    42.418118489
  ],
  ""type"": ""Point""
}",-82.9356961519999,42.4181184890001
8682,9782540,OUTER,OUTER,2016-08-17,17,8,2016,15,4,1,9,,2,1,,1,1,1,30,2,1,0,5,0,0,0,0,true,,false,false,false,false,false,,,,,,false,false,false,,,false,false,false,false,false,-83.03845,42.44091,"{
  ""coordinates"": [
    -8.303845481499999e+01,
    4.244090898500010e+01
  ],
  ""type"": ""Point""
}","{
  ""coordinates"": [
    -83.038454815,
    42.440908985
  ],
  ""type"": ""Point""
}",-83.038454815,42.4409089850001
8683,9782555,LIVERNOIS,7 MILE,2016-08-17,17,8,2016,5,4,5,9,,4,0,,1,1,1,35,1,2,2,5,0,0,0,0,true,,false,false,false,false,false,,,,,,false,false,false,,,false,false,false,false,false,-83.14156,42.43127,"{
  ""coordinates"": [
    -8.314155516900000e+01,
    4.243126944400010e+01
  ],
  ""type"": ""Point""
}","{
  ""coordinates"": [
    -83.141555169,
    42.431269444
  ],
  ""type"": ""Point""
}",-83.141555169,42.4312694440001
8684,9774621,7 MILE,EVERGREEN,2016-08-17,17,8,2016,17,4,6,9,,2,0,,1,2,1,35,4,2,4,4,0,0,0,1,false,,false,false,false,false,false,,,,,,false,false,true,,,false,false,false,false,false,-83.23894,42.42957,"{
  ""coordinates"": [
    -8.323893610399990e+01,
    4.242956845900010e+01
  ],
  ""type"": ""Point""
}","{
  ""coordinates"": [
    -83.238936104,
    42.429568459
  ],
  ""type"": ""Point""
}",-83.2389361039999,42.4295684590001
8685,9784413,ALBANY,ROBINWOOD,2016-08-17,17,8,2016,17,4,4,9,,,0,,2,4,1,25,2,2,3,5,0,0,0,0,true,,false,false,false,false,false,,,,,,false,false,false,,,false,false,false,false,false,-83.04487,42.43146,"{
  ""coordinates"": [
    -8.304486769399990e+01,
    4.243146061200010e+01
  ],
  ""type"": ""Point""
}","{
  ""coordinates"": [
    -83.044867694,
    42.431460612
  ],
  ""type"": ""Point""
}",-83.0448676939999,42.4314606120001
8686,9777301,GREEN,VERNOR,2016-08-17,17,8,2016,20,4,1,9,,,0,,98,98,1,25,2,2,0,2,0,1,0,0,false,,false,false,true,false,false,,,,,,true,false,false,,,false,false,false,false,false,-83.1211,42.31395,"{
  ""coordinates"": [
    -8.312110203899989e+01,
    4.231395489200000e+01
  ],
  ""type"": ""Point""
}","{
  ""coordinates"": [
    -83.121102039,
    42.313954892
  ],
  ""type"": ""Point""
}",-83.1211020389999,42.313954892
8687,9789341,WARREN,COMMONWEALTH,2016-08-17,17,8,2016,14,4,1,9,,4,0,,1,1,1,30,4,1,1,5,0,0,0,0,true,,false,false,false,false,false,,,,,,false,false,false,,,false,false,false,false,false,-83.07992,42.3517,"{
  ""coordinates"": [
    -8.307992021200000e+01,
    4.235170421400010e+01
  ],
  ""type"": ""Point""
}","{
  ""coordinates"": [
    -83.079920212,
    42.351704214
  ],
  ""type"": ""Point""
}",-83.079920212,42.3517042140001
8688,9783743,CHRYSLER,FISHER,2016-08-17,17,8,2016,18,4,8,1,,1,0,,1,2,1,55,2,2,1,5,0,0,0,0,true,,false,false,true,false,false,,,,,,false,false,false,,,false,false,false,false,false,-83.04412,42.34377,"{
  ""coordinates"": [
    -8.304411918800000e+01,
    4.234376477200000e+01
  ],
  ""type"": ""Point""
}","{
  ""coordinates"": [
    -83.044119188,
    42.343764772
  ],
  ""type"": ""Point""
}",-83.044119188,42.343764772
8689,9773743,MCDOUGALL,JEFFERSON,2016-08-17,17,8,2016,17,4,5,9,,,0,,2,1,1,25,3,3,3,5,0,0,0,0,true,,false,false,false,false,false,,,,,,false,false,true,,,false,false,false,false,false,-83.01775,42.34011,"{
  ""coordinates"": [
    -8.301775457500000e+01,
    4.234011156600010e+01
  ],
  ""type"": ""Point""
}","{
  ""coordinates"": [
    -83.017754575,
    42.340111566
  ],
  ""type"": ""Point""
}",-83.017754575,42.3401115660001
8690,9789286,W I 96,GRAND RIVER,2016-08-17,17,8,2016,16,4,8,1,,1,0,,1,1,1,55,3,2,2,5,0,0,0,0,true,,false,false,true,false,false,,,,,,false,true,false,,,false,false,false,false,false,-83.17475,42.3841,"{
  ""coordinates"": [
    -8.317475145899991e+01,
    4.238410168800000e+01
  ],
  ""type"": ""Point""
}","{
  ""coordinates"": [
    -83.174751459,
    42.384101688
  ],
  ""type"": ""Point""
}",-83.1747514589999,42.384101688
8691,9782486,MACK,BRUSH,2016-08-17,17,8,2016,0,4,5,9,,4,0,,1,1,4,0,3,2,1,5,0,0,0,0,true,,false,false,true,false,false,,,,,,false,false,false,,,false,false,false,false,false,-83.05334,42.34931,"{
  ""coordinates"": [
    -8.305334738300000e+01,
    4.234930777000010e+01
  ],
  ""type"": ""Point""
}","{
  ""coordinates"": [
    -83.053347383,
    42.34930777
  ],
  ""type"": ""Point""
}",-83.053347383,42.3493077700001
8692,9779161,EVERGREEN,CAPITOL,2016-08-17,17,8,2016,6,4,5,9,,4,0,,1,1,2,30,2,2,2,4,0,0,0,1,false,,false,false,false,false,false,,,,,,false,true,true,,,false,false,false,false,false,-83.2364,42.37635,"{
  ""coordinates"": [
    -8.323639495299990e+01,
    4.237635413400010e+01
  ],
  ""type"": ""Point""
}","{
  ""coordinates"": [
    -83.236394953,
    42.376354134
  ],
  ""type"": ""Point""
}",-83.2363949529999,42.3763541340001
8693,9776541,PLYMOUTH,EVERGREEN,2016-08-17,17,8,2016,18,4,4,9,,4,0,,1,1,1,35,4,2,6,5,0,0,0,0,true,,false,false,false,false,false,,,,,,false,false,false,,,false,false,false,false,false,-83.23653,42.37189,"{
  ""coordinates"": [
    -8.323652292400000e+01,
    4.237188627500010e+01
  ],
  ""type"": ""Point""
}","{
  ""coordinates"": [
    -83.236522924,
    42.371886275
  ],
  ""type"": ""Point""
}",-83.236522924,42.3718862750001
8694,9774597,5TH,FORT,2016-08-17,17,8,2016,20,4,1,3,,4,1,,1,1,3,0,2,1,0,4,0,0,0,2,false,,false,false,false,false,false,,,,,,false,false,false,,,false,false,false,false,false,-83.05663,42.32676,"{
  ""coordinates"": [
    -8.305662705700000e+01,
    4.232676366300010e+01
  ],
  ""type"": ""Point""
}","{
  ""coordinates"": [
    -83.056627057,
    42.326763663
  ],
  ""type"": ""Point""
}",-83.056627057,42.3267636630001
8695,9780083,BRUSH,MELBOURNE,2016-08-17,17,8,2016,18,4,4,9,,4,0,,1,1,1,30,5,2,3,5,0,0,0,0,true,,false,false,false,false,false,,,,,,false,false,true,,,false,false,false,false,false,-83.07279,42.37811,"{
  ""coordinates"": [
    -8.307279202300001e+01,
    4.237811100800010e+01
  ],
  ""type"": ""Point""
}","{
  ""coordinates"": [
    -83.072792023,
    42.378111008
  ],
  ""type"": ""Point""
}",-83.072792023,42.3781110080001
8696,9782475,3RD,PALLISTER,2016-08-17,17,8,2016,7,4,5,9,,4,0,,1,1,1,0,4,2,2,5,0,0,0,0,true,,false,false,false,false,false,,,,,,false,false,false,,,false,false,false,false,false,-83.08133,42.37085,"{
  ""coordinates"": [
    -8.308132617299999e+01,
    4.237085365800000e+01
  ],
  ""type"": ""Point""
}","{
  ""coordinates"": [
    -83.081326173,
    42.370853658
  ],
  ""type"": ""Point""
}",-83.081326173,42.370853658
8697,9773765,JEFFERSON,BRUSH,2016-08-17,17,8,2016,10,4,10,4,,1,0,,1,1,1,35,3,2,2,5,0,0,0,0,true,,false,false,false,false,false,,,,,,false,false,false,,,false,false,false,false,false,-83.041,42.33037,"{
  ""coordinates"": [
    -8.304099821400000e+01,
    4.233037330400000e+01
  ],
  ""type"": ""Point""
}","{
  ""coordinates"": [
    -83.040998214,
    42.330373304
  ],
  ""type"": ""Point""
}",-83.040998214,42.330373304
8698,9789257,I75,I-375,2016-08-17,17,8,2016,18,4,8,7,,1,0,,1,1,1,70,5,2,1,5,0,0,0,0,true,,false,false,true,false,false,,,,,,false,false,false,,,false,false,false,false,false,-83.04202,42.3442,"{
  ""coordinates"": [
    -8.304202274300000e+01,
    4.234420358900010e+01
  ],
  ""type"": ""Point""
}","{
  ""coordinates"": [
    -83.042022743,
    42.344203589
  ],
  ""type"": ""Point""
}",-83.042022743,42.3442035890001
8699,9774629,CHARLESTON,REMINGTON,2016-08-17,17,8,2016,2,4,8,9,,,0,,1,1,4,25,2,2,0,5,0,0,0,0,true,,false,false,true,false,false,,,,,,false,false,false,,,false,false,false,false,false,-83.10712,42.44271,"{
  ""coordinates"": [
    -8.310712642300000e+01,
    4.244271388800010e+01
  ],
  ""type"": ""Point""
}","{
  ""coordinates"": [
    -83.107126423,
    42.442713888
  ],
  ""type"": ""Point""
}",-83.107126423,42.4427138880001
8700,9783175,CONGRESS,CASS,2016-08-17,17,8,2016,8,4,5,9,,4,0,,1,1,1,35,3,2,2,4,0,0,0,1,false,,false,false,false,false,false,,,,,,false,false,false,,,false,false,false,false,false,-83.05065,42.32813,"{
  ""coordinates"": [
    -8.305065128099990e+01,
    4.232812773900010e+01
  ],
  ""type"": ""Point""
}","{
  ""coordinates"": [
    -83.050651281,
    42.328127739
  ],
  ""type"": ""Point""
}",-83.0506512809999,42.3281277390001
8701,9773746,BELLEVUE,MACK,2016-08-17,17,8,2016,2,4,5,9,,,0,,1,1,4,25,4,2,1,2,0,1,0,0,false,,false,false,false,false,false,,,,,,false,false,false,,,false,false,false,false,false,-83.01794,42.36306,"{
  ""coordinates"": [
    -8.301794320499990e+01,
    4.236305643500000e+01
  ],
  ""type"": ""Point""
}","{
  ""coordinates"": [
    -83.017943205,
    42.363056435
  ],
  ""type"": ""Point""
}",-83.0179432049999,42.363056435
8702,9776552,TRINITY,FLORENCE,2016-08-17,17,8,2016,19,4,97,9,,,0,,1,1,1,25,2,2,1,5,0,0,0,0,true,,false,false,true,false,false,,,,,,false,false,false,,,false,false,false,false,false,-83.24862,42.40952,"{
  ""coordinates"": [
    -8.324862144500000e+01,
    4.240952179600000e+01
  ],
  ""type"": ""Point""
}","{
  ""coordinates"": [
    -83.248621445,
    42.409521796
  ],
  ""type"": ""Point""
}",-83.248621445,42.409521796
8703,9780116,BRITAIN,CADIEUX,2016-08-17,17,8,2016,0,4,2,9,,,2,,1,1,4,25,2,2,1,5,0,0,0,0,true,,false,false,false,false,false,,,,,,false,false,false,,,false,false,false,false,false,-82.93839,42.41865,"{
  ""coordinates"": [
    -8.293839047800000e+01,
    4.241864665600010e+01
  ],
  ""type"": ""Point""
}","{
  ""coordinates"": [
    -82.938390478,
    42.418646656
  ],
  ""type"": ""Point""
}",-82.938390478,42.4186466560001
8704,9774616,GRAND RIVER,PLAINVIEW,2016-08-17,17,8,2016,14,4,2,3,,1,0,,1,1,1,35,4,2,2,5,0,0,0,0,true,,false,false,false,false,false,,,,,,false,false,false,,,false,false,false,false,false,-83.23613,42.40788,"{
  ""coordinates"": [
    -8.323612851199989e+01,
    4.240787389800000e+01
  ],
  ""type"": ""Point""
}","{
  ""coordinates"": [
    -83.236128512,
    42.407873898
  ],
  ""type"": ""Point""
}",-83.2361285119999,42.407873898
8705,9806268,DAVISON CROSSOVER,LASALLE,2016-08-17,17,8,2016,8,4,1,3,,1,1,,1,1,1,35,7,1,1,5,0,0,0,0,true,,false,false,false,false,false,,,,,,false,false,true,,,false,false,false,false,false,-83.11864,42.39427,"{
  ""coordinates"": [
    -8.311864226099991e+01,
    4.239427084500010e+01
  ],
  ""type"": ""Point""
}","{
  ""coordinates"": [
    -83.118642261,
    42.394270845
  ],
  ""type"": ""Point""
}",-83.1186422609999,42.3942708450001
8706,9780101,N M 39,CHICAGO,2016-08-17,17,8,2016,16,4,5,3,,1,0,,1,98,98,30,2,2,5,4,0,0,0,3,false,,false,false,false,false,false,,,,,,false,false,true,,,false,false,false,false,false,-83.21638,42.36523,"{
  ""coordinates"": [
    -8.321637398900000e+01,
    4.236522930100010e+01
  ],
  ""type"": ""Point""
}","{
  ""coordinates"": [
    -83.216373989,
    42.365229301
  ],
  ""type"": ""Point""
}",-83.216373989,42.3652293010001
8707,9781086,GREENFIELD,VASSAR,2016-08-17,17,8,2016,15,4,4,9,,2,0,,1,1,1,30,6,2,2,5,0,0,0,0,true,,false,false,false,false,false,,,,,,false,false,false,,,false,false,false,false,false,-83.2,42.43373,"{
  ""coordinates"": [
    -8.320000625400000e+01,
    4.243373106900000e+01
  ],
  ""type"": ""Point""
}","{
  ""coordinates"": [
    -83.200006254,
    42.433731069
  ],
  ""type"": ""Point""
}",-83.200006254,42.433731069
8708,9775561,JEFFERSON,MCDOUGAL,2016-08-17,17,8,2016,17,4,5,3,,1,0,,2,2,1,35,7,3,3,5,0,0,0,0,true,,false,false,false,false,false,,,,,,false,false,true,,,false,false,false,false,false,-83.08161,42.36659,"{
  ""coordinates"": [
    -8.308161416400000e+01,
    4.236658805700010e+01
  ],
  ""type"": ""Point""
}","{
  ""coordinates"": [
    -83.081614164,
    42.366588057
  ],
  ""type"": ""Point""
}",-83.081614164,42.3665880570001
8709,9796795,LIVERNOIS,DEVEREAUX,2016-08-17,17,8,2016,1,4,1,9,,4,0,,1,1,4,25,2,1,2,1,1,0,0,0,false,,false,false,true,false,false,,,,,,false,false,false,,,false,false,false,false,false,-83.12624,42.33925,"{
  ""coordinates"": [
    -8.312624605400001e+01,
    4.233924863000000e+01
  ],
  ""type"": ""Point""
}","{
  ""coordinates"": [
    -83.126246054,
    42.33924863
  ],
  ""type"": ""Point""
}",-83.126246054,42.33924863
8710,9774628,MEYERS,PURITAN,2016-08-17,17,8,2016,23,4,3,9,,4,0,,2,1,4,0,4,2,3,4,0,0,0,1,false,,false,false,false,false,false,,,,,,false,false,true,,,false,false,false,false,false,-83.16976,42.40953,"{
  ""coordinates"": [
    -8.316975946900000e+01,
    4.240953332700010e+01
  ],
  ""type"": ""Point""
}","{
  ""coordinates"": [
    -83.169759469,
    42.409533327
  ],
  ""type"": ""Point""
}",-83.169759469,42.4095333270001
8711,9776504,I-96,M-39,2016-08-17,17,8,2016,10,4,8,1,,1,0,,1,1,1,70,3,2,2,5,0,0,0,0,true,,false,false,false,false,false,,,,,,false,false,true,,,false,false,false,false,false,-83.21651,42.37864,"{
  ""coordinates"": [
    -8.321651753600000e+01,
    4.237864158000010e+01
  ],
  ""type"": ""Point""
}","{
  ""coordinates"": [
    -83.216517536,
    42.37864158
  ],
  ""type"": ""Point""
}",-83.216517536,42.3786415800001
8712,9824633,FOREST,CASS,2016-08-17,17,8,2016,19,4,98,9,,4,0,,1,98,4,25,2,2,0,5,0,0,0,0,true,,false,false,true,false,false,,,,,,false,false,false,,,false,false,false,false,false,-83.06503,42.35386,"{
  ""coordinates"": [
    -8.306503621699990e+01,
    4.235386279400010e+01
  ],
  ""type"": ""Point""
}","{
  ""coordinates"": [
    -83.065036217,
    42.353862794
  ],
  ""type"": ""Point""
}",-83.0650362169999,42.3538627940001
8713,9792859,RAMP 139F,DAVISON,2016-08-17,17,8,2016,21,4,1,3,,1,1,,2,2,1,55,3,1,1,5,0,0,0,0,true,,false,false,false,false,false,,,,,,false,true,false,,,false,false,false,false,false,-83.14722,42.3852,"{
  ""coordinates"": [
    -8.314721483400000e+01,
    4.238519630800000e+01
  ],
  ""type"": ""Point""
}","{
  ""coordinates"": [
    -83.147214834,
    42.385196308
  ],
  ""type"": ""Point""
}",-83.147214834,42.385196308
8714,9774599,SPRINGWELLS,S I 75,2016-08-17,17,8,2016,17,4,5,9,,4,0,,2,4,1,30,4,2,3,5,0,0,0,0,true,,false,false,false,false,false,,,,,,false,false,true,,,false,false,false,false,false,-83.11936,42.30166,"{
  ""coordinates"": [
    -8.311935814100001e+01,
    4.230166001000000e+01
  ],
  ""type"": ""Point""
}","{
  ""coordinates"": [
    -83.119358141,
    42.30166001
  ],
  ""type"": ""Point""
}",-83.119358141,42.30166001
8715,9773738,MACK,OUTER,2016-08-17,17,8,2016,14,4,4,9,,2,0,,1,1,1,30,4,2,2,4,0,0,0,1,false,,true,true,false,false,false,,,,,,false,false,false,,,false,false,false,false,false,-82.92905,42.39221,"{
  ""coordinates"": [
    -8.292904523500000e+01,
    4.239221317600000e+01
  ],
  ""type"": ""Point""
}","{
  ""coordinates"": [
    -82.929045235,
    42.392213176
  ],
  ""type"": ""Point""
}",-82.929045235,42.392213176
8716,9773758,LESLIE,WILDEMERE,2016-08-17,17,8,2016,10,4,8,9,,,0,,1,1,1,25,2,2,2,5,0,0,0,0,true,,true,false,true,false,false,,,,,,false,false,false,,,false,false,false,false,false,-83.12546,42.38716,"{
  ""coordinates"": [
    -8.312545739900000e+01,
    4.238715729500010e+01
  ],
  ""type"": ""Point""
}","{
  ""coordinates"": [
    -83.125457399,
    42.387157295
  ],
  ""type"": ""Point""
}",-83.125457399,42.3871572950001
8717,9773752,OUTER,GREENVIEW,2016-08-17,17,8,2016,13,4,97,9,,2,0,,1,1,1,30,4,3,2,5,0,0,0,0,true,,false,false,false,false,false,,,,,,false,false,false,,,false,false,false,false,false,-83.22489,42.41894,"{
  ""coordinates"": [
    -8.322488973599999e+01,
    4.241893700000000e+01
  ],
  ""type"": ""Point""
}","{
  ""coordinates"": [
    -83.224889736,
    42.418937
  ],
  ""type"": ""Point""
}",-83.224889736,42.418937
8718,9780025,E I 96,GRAND RIVER,2016-08-17,17,8,2016,16,4,1,1,,1,1,,2,2,1,70,4,1,1,5,0,0,0,0,true,,false,false,false,false,false,,,,,,false,false,true,,,false,false,false,false,false,-83.17625,42.3836,"{
  ""coordinates"": [
    -8.317624833199990e+01,
    4.238360162800010e+01
  ],
  ""type"": ""Point""
}","{
  ""coordinates"": [
    -83.176248332,
    42.383601628
  ],
  ""type"": ""Point""
}",-83.1762483319999,42.3836016280001
8719,9789254,I 75,DEARBORN,2016-08-17,17,8,2016,18,4,5,1,,1,0,,1,1,1,70,4,3,3,5,0,0,0,0,true,,false,false,false,false,false,,,,,,false,false,false,,,false,false,false,false,false,-83.12853,42.29227,"{
  ""coordinates"": [
    -8.312853239899989e+01,
    4.229227106300000e+01
  ],
  ""type"": ""Point""
}","{
  ""coordinates"": [
    -83.128532399,
    42.292271063
  ],
  ""type"": ""Point""
}",-83.1285323989999,42.292271063
8720,9773772,BEAUBIEN,PALMER,2016-08-17,17,8,2016,6,4,5,9,,,0,,1,1,2,30,2,3,0,5,0,0,0,0,true,,false,false,true,false,false,,,,,,false,false,false,,,false,false,false,false,false,-83.06229,42.36465,"{
  ""coordinates"": [
    -8.306229460599999e+01,
    4.236464539300000e+01
  ],
  ""type"": ""Point""
}","{
  ""coordinates"": [
    -83.062294606,
    42.364645393
  ],
  ""type"": ""Point""
}",-83.062294606,42.364645393