ObjectId,Crash ID,Primary Road,Intersecting Road,Crash Date,Day,Month,Year,Hour,Weekday,Crash Type Code,Highway Classification Code,Community Code,Jurisdiction Code,Lane Departure Type Code,Surface Type,Road Condition,Weather Condition,Lighting Condition,Speed Limit,Lanes,Units,Occupants,Most Severe Injury,Fatal Injuries,Suspected Serious Injuries,Suspected Minor Injuries,Possible Injuries,Property Damage Only,Secondary Crash,Traffic Control,Red Light Run,Hit and Run,Alcohol,Drugs,Unbelted Person,Work Zone,Speeding Driver,Distracted Driver,Driveway,Pedestrian,Elderly Driver,Young Driver,Commercial Vehicle,Emergency Vehicles,Train,School Bus,Motorcycle,Bicycle,Deer,Longitude,Latitude,geom,geog,x,y
8835,9778148,TELEGRAPH,MCNICHOLS,2016-08-14,14,8,2016,18,1,5,2,,1,0,,2,4,3,40,3,2,2,5,0,0,0,0,true,,false,false,false,false,false,,,,,,false,true,false,,,false,false,false,false,false,-83.27695,42.41431,"{
  ""coordinates"": [
    -8.327694893200000e+01,
    4.241431500200010e+01
  ],
  ""type"": ""Point""
}","{
  ""coordinates"": [
    -83.276948932,
    42.414315002
  ],
  ""type"": ""Point""
}",-83.276948932,42.4143150020001
8836,9772043,W/B I 96,M-39,2016-08-14,14,8,2016,2,1,97,1,,1,0,,1,1,4,70,4,2,1,5,0,0,0,0,true,,false,false,false,false,false,,,,,,false,false,true,,,false,false,false,false,false,-83.21204,42.37885,"{
  ""coordinates"": [
    -8.321203857499999e+01,
    4.237884763400010e+01
  ],
  ""type"": ""Point""
}","{
  ""coordinates"": [
    -83.212038575,
    42.378847634
  ],
  ""type"": ""Point""
}",-83.212038575,42.3788476340001
8837,9773760,JOY,OTSEGO,2016-08-14,14,8,2016,18,1,97,9,,4,0,,2,2,1,30,1,1,1,3,0,0,1,0,false,,false,false,false,false,false,,,,,,false,false,true,,,false,false,true,false,false,-83.12312,42.36808,"{
  ""coordinates"": [
    -8.312312133700000e+01,
    4.236807761300000e+01
  ],
  ""type"": ""Point""
}","{
  ""coordinates"": [
    -83.123121337,
    42.368077613
  ],
  ""type"": ""Point""
}",-83.123121337,42.368077613
8838,9772067,ALTER,WARREN,2016-08-14,14,8,2016,20,1,5,9,,4,0,,1,1,3,30,2,2,2,5,0,0,0,0,true,,false,false,false,false,false,,,,,,false,false,false,,,false,false,false,false,false,-82.95454,42.39708,"{
  ""coordinates"": [
    -8.295453568399989e+01,
    4.239708062000010e+01
  ],
  ""type"": ""Point""
}","{
  ""coordinates"": [
    -82.954535684,
    42.39708062
  ],
  ""type"": ""Point""
}",-82.9545356839999,42.3970806200001
8839,9772107,JAMES COUZENS,GREENFIELD,2016-08-14,14,8,2016,16,1,98,3,,1,0,,1,1,1,35,3,2,1,5,0,0,0,0,true,,false,false,true,false,false,,,,,,false,false,false,,,false,false,false,false,false,-83.20039,42.44212,"{
  ""coordinates"": [
    -8.320039327099990e+01,
    4.244212474600000e+01
  ],
  ""type"": ""Point""
}","{
  ""coordinates"": [
    -83.200393271,
    42.442124746
  ],
  ""type"": ""Point""
}",-83.2003932709999,42.442124746
8840,9774633,7 MILE,JOHN R,2016-08-14,14,8,2016,22,1,7,9,,4,0,,2,4,1,35,4,2,1,5,0,0,0,0,true,,false,false,true,false,false,,,,,,false,false,false,,,false,false,false,false,false,-83.10267,42.43227,"{
  ""coordinates"": [
    -8.310266860099991e+01,
    4.243227125400010e+01
  ],
  ""type"": ""Point""
}","{
  ""coordinates"": [
    -83.102668601,
    42.432271254
  ],
  ""type"": ""Point""
}",-83.1026686009999,42.4322712540001
8841,9772020,M-10,GLENDALE,2016-08-14,14,8,2016,21,1,5,3,,1,0,,1,1,4,55,3,2,2,5,0,0,0,0,true,,false,false,false,false,false,,,,,,false,false,true,,,false,false,false,false,false,-83.10685,42.3944,"{
  ""coordinates"": [
    -8.310685027900000e+01,
    4.239440085600010e+01
  ],
  ""type"": ""Point""
}","{
  ""coordinates"": [
    -83.106850279,
    42.394400856
  ],
  ""type"": ""Point""
}",-83.106850279,42.3944008560001
8842,9772108,RANDOLPH,GRATIOT,2016-08-14,14,8,2016,2,1,5,3,,1,0,,2,2,4,30,5,2,4,5,0,0,0,0,true,,false,false,false,false,false,,,,,,false,false,false,,,false,false,false,false,false,-83.04524,42.33509,"{
  ""coordinates"": [
    -8.304523977500000e+01,
    4.233508769400000e+01
  ],
  ""type"": ""Point""
}","{
  ""coordinates"": [
    -83.045239775,
    42.335087694
  ],
  ""type"": ""Point""
}",-83.045239775,42.335087694
8843,9773725,SCHAEFER,MECCA,2016-08-14,14,8,2016,3,1,4,9,,4,0,,1,2,4,30,5,2,0,5,0,0,0,0,true,,false,false,true,false,false,,,,,,false,false,false,,,false,false,false,false,false,-83.17802,42.37389,"{
  ""coordinates"": [
    -8.317801483400000e+01,
    4.237389391400010e+01
  ],
  ""type"": ""Point""
}","{
  ""coordinates"": [
    -83.178014834,
    42.373893914
  ],
  ""type"": ""Point""
}",-83.178014834,42.3738939140001
8844,9772080,7 MILE,FENMORE,2016-08-14,14,8,2016,14,1,4,9,,2,0,,1,1,1,30,3,2,1,5,0,0,0,0,true,,false,false,true,false,false,,,,,,false,false,false,,,false,false,false,false,false,-83.21814,42.43003,"{
  ""coordinates"": [
    -8.321813666100000e+01,
    4.243003585800010e+01
  ],
  ""type"": ""Point""
}","{
  ""coordinates"": [
    -83.218136661,
    42.430035858
  ],
  ""type"": ""Point""
}",-83.218136661,42.4300358580001
8845,9772106,JAMES COUZENS,OUTER,2016-08-14,14,8,2016,16,1,4,9,,4,0,,1,1,1,25,2,2,3,5,0,0,0,0,true,,true,true,true,false,false,,,,,,false,false,false,,,false,false,false,false,false,-83.17651,42.42093,"{
  ""coordinates"": [
    -8.317651489300000e+01,
    4.242093366100000e+01
  ],
  ""type"": ""Point""
}","{
  ""coordinates"": [
    -83.176514893,
    42.420933661
  ],
  ""type"": ""Point""
}",-83.176514893,42.420933661
8846,9772057,W I 96,SOUTHFIELD SERVICE DRIVE,2016-08-14,14,8,2016,3,1,5,1,,1,0,,1,2,4,70,3,2,3,2,0,2,0,0,false,,false,false,false,false,false,,,,,,false,false,true,,,false,false,false,false,false,-83.21415,42.37883,"{
  ""coordinates"": [
    -8.321414728199990e+01,
    4.237882701100010e+01
  ],
  ""type"": ""Point""
}","{
  ""coordinates"": [
    -83.214147282,
    42.378827011
  ],
  ""type"": ""Point""
}",-83.2141472819999,42.3788270110001
8847,9772044,W/B I 96,M-39,2016-08-14,14,8,2016,2,1,97,1,,1,0,,1,1,4,70,3,2,1,5,0,0,0,0,true,,false,false,false,false,false,,,,,,false,false,false,,,false,false,false,false,false,-83.21204,42.37885,"{
  ""coordinates"": [
    -8.321203857499999e+01,
    4.237884763400010e+01
  ],
  ""type"": ""Point""
}","{
  ""coordinates"": [
    -83.212038575,
    42.378847634
  ],
  ""type"": ""Point""
}",-83.212038575,42.3788476340001
8848,9772062,MICHIGAN,JUNCTION,2016-08-14,14,8,2016,2,1,3,2,,1,0,,1,1,4,35,7,2,2,5,0,0,0,0,true,,false,false,true,false,false,,,,,,false,false,false,,,false,false,false,false,false,-83.1118,42.33117,"{
  ""coordinates"": [
    -8.311179927300000e+01,
    4.233116365600010e+01
  ],
  ""type"": ""Point""
}","{
  ""coordinates"": [
    -83.111799273,
    42.331163656
  ],
  ""type"": ""Point""
}",-83.111799273,42.3311636560001
8849,9800604,KERCHEVAL,CONNER,2016-08-14,14,8,2016,19,1,97,9,,4,0,,1,1,4,35,2,2,2,3,0,0,1,0,false,,false,false,true,false,false,,,,,,true,false,false,,,false,false,false,false,false,-82.96107,42.3738,"{
  ""coordinates"": [
    -8.296107515800000e+01,
    4.237379957600010e+01
  ],
  ""type"": ""Point""
}","{
  ""coordinates"": [
    -82.961075158,
    42.373799576
  ],
  ""type"": ""Point""
}",-82.961075158,42.3737995760001
8850,9780038,M-10,HAMILTON,2016-08-14,14,8,2016,7,1,1,3,,1,1,,1,1,1,55,3,1,1,4,0,0,0,1,false,,false,false,false,true,true,,,,,,false,false,false,,,false,false,false,false,false,-83.09206,42.3814,"{
  ""coordinates"": [
    -8.309206114200001e+01,
    4.238140263000000e+01
  ],
  ""type"": ""Point""
}","{
  ""coordinates"": [
    -83.092061142,
    42.38140263
  ],
  ""type"": ""Point""
}",-83.092061142,42.38140263
8851,9773769,MEYERS,SEVEN MILE,2016-08-14,14,8,2016,18,1,5,9,,4,0,,98,98,98,30,3,2,1,5,0,0,0,0,true,,false,false,true,false,false,,,,,,false,false,false,,,false,false,false,false,false,-83.17069,42.43125,"{
  ""coordinates"": [
    -8.317068907100000e+01,
    4.243124718100010e+01
  ],
  ""type"": ""Point""
}","{
  ""coordinates"": [
    -83.170689071,
    42.431247181
  ],
  ""type"": ""Point""
}",-83.170689071,42.4312471810001
8852,9772042,W/B I 96,M-39,2016-08-14,14,8,2016,2,1,8,1,,1,0,,1,1,4,70,3,2,1,5,0,0,0,0,true,,false,false,true,false,false,,,,,,false,false,false,,,false,false,false,false,false,-83.21204,42.37885,"{
  ""coordinates"": [
    -8.321203857499999e+01,
    4.237884763400010e+01
  ],
  ""type"": ""Point""
}","{
  ""coordinates"": [
    -83.212038575,
    42.378847634
  ],
  ""type"": ""Point""
}",-83.212038575,42.3788476340001
8853,9772095,JOHN C LODGE SERV,WYOMING,2016-08-14,14,8,2016,14,1,8,3,,1,0,,1,1,1,30,3,2,3,5,0,0,0,0,true,,false,false,false,false,false,,,,,,false,false,false,,,false,false,false,false,false,-83.15991,42.4052,"{
  ""coordinates"": [
    -8.315991236300000e+01,
    4.240519938600000e+01
  ],
  ""type"": ""Point""
}","{
  ""coordinates"": [
    -83.159912363,
    42.405199386
  ],
  ""type"": ""Point""
}",-83.159912363,42.405199386
8854,9772094,DAVISON,WOODROW WILSON,2016-08-14,14,8,2016,13,1,4,3,,1,0,,1,1,1,35,3,2,4,5,0,0,0,0,true,,false,false,false,false,false,,,,,,false,false,true,,,false,false,false,false,false,-83.11109,42.39742,"{
  ""coordinates"": [
    -8.311109103500000e+01,
    4.239742055700000e+01
  ],
  ""type"": ""Point""
}","{
  ""coordinates"": [
    -83.111091035,
    42.397420557
  ],
  ""type"": ""Point""
}",-83.111091035,42.397420557
8855,9772082,VERNE,TRINITY,2016-08-14,14,8,2016,10,1,1,9,,,0,,1,1,1,25,2,1,1,5,0,0,0,0,true,,false,false,false,false,false,,,,,,false,false,false,,,false,false,false,false,false,-83.2487,42.41133,"{
  ""coordinates"": [
    -8.324869833199990e+01,
    4.241133329500010e+01
  ],
  ""type"": ""Point""
}","{
  ""coordinates"": [
    -83.248698332,
    42.411333295
  ],
  ""type"": ""Point""
}",-83.2486983319999,42.4113332950001
8856,9777287,I-375,LAFAYETTE,2016-08-14,14,8,2016,22,1,9,1,,1,2,,1,1,4,70,3,2,1,5,0,0,0,0,true,,false,false,true,false,false,,,,,,false,false,false,,,false,false,false,false,false,-83.04339,42.34152,"{
  ""coordinates"": [
    -8.304338760099991e+01,
    4.234152268400000e+01
  ],
  ""type"": ""Point""
}","{
  ""coordinates"": [
    -83.043387601,
    42.341522684
  ],
  ""type"": ""Point""
}",-83.0433876009999,42.341522684
8857,9922264,TOWNSEND,FREDERICK,2016-08-14,14,8,2016,12,1,4,9,,,0,,1,1,1,25,4,2,2,4,0,0,0,1,false,,false,false,true,false,false,,,,,,false,false,false,,,false,false,false,false,false,-83.01716,42.3768,"{
  ""coordinates"": [
    -8.301715950800001e+01,
    4.237680497000010e+01
  ],
  ""type"": ""Point""
}","{
  ""coordinates"": [
    -83.017159508,
    42.37680497
  ],
  ""type"": ""Point""
}",-83.017159508,42.3768049700001
8858,9777266,SUNSET,CENTRAL,2016-08-14,14,8,2016,14,1,1,3,,,1,,1,2,1,25,2,2,3,5,0,0,0,0,true,,false,false,false,false,false,,,,,,false,false,false,,,false,false,false,true,false,-82.99539,42.33649,"{
  ""coordinates"": [
    -8.299538808800000e+01,
    4.233649515600010e+01
  ],
  ""type"": ""Point""
}","{
  ""coordinates"": [
    -82.995388088,
    42.336495156
  ],
  ""type"": ""Point""
}",-82.995388088,42.3364951560001
8859,9772041,W I 96,GRAND RIVER,2016-08-13,13,8,2016,21,7,5,1,,1,0,,2,2,4,70,4,2,5,5,0,0,0,0,true,,false,false,false,false,false,,,,,,false,false,true,,,false,false,false,false,false,-83.17601,42.38383,"{
  ""coordinates"": [
    -8.317600724300000e+01,
    4.238383101100000e+01
  ],
  ""type"": ""Point""
}","{
  ""coordinates"": [
    -83.176007243,
    42.383831011
  ],
  ""type"": ""Point""
}",-83.176007243,42.383831011
8860,9777261,EB I-94,FENCH,2016-08-13,13,8,2016,20,7,1,1,,1,1,,2,4,1,55,3,1,1,5,0,0,0,0,true,,false,false,false,false,false,,,,,,false,false,false,,,false,false,false,false,false,-82.99778,42.3921,"{
  ""coordinates"": [
    -8.299777686800000e+01,
    4.239209660900010e+01
  ],
  ""type"": ""Point""
}","{
  ""coordinates"": [
    -82.997776868,
    42.392096609
  ],
  ""type"": ""Point""
}",-82.997776868,42.3920966090001
8861,9777254,DAVISON,I-96 CD RAMP 3139E,2016-08-13,13,8,2016,20,7,97,9,,,0,,2,4,1,0,3,3,3,4,0,0,0,1,false,,false,false,false,false,false,,,,,,false,false,true,,,false,false,false,false,false,-83.15914,42.38589,"{
  ""coordinates"": [
    -8.315914204200000e+01,
    4.238589065900000e+01
  ],
  ""type"": ""Point""
}","{
  ""coordinates"": [
    -83.159142042,
    42.385890659
  ],
  ""type"": ""Point""
}",-83.159142042,42.385890659
8862,9771047,GREEENFIELD,FENKELL,2016-08-13,13,8,2016,12,7,5,9,,2,0,,2,4,1,35,6,2,2,5,0,0,0,0,true,,false,false,false,false,false,,,,,,false,false,false,,,false,false,false,false,false,-83.19868,42.40154,"{
  ""coordinates"": [
    -8.319868808800000e+01,
    4.240154069000000e+01
  ],
  ""type"": ""Point""
}","{
  ""coordinates"": [
    -83.198688088,
    42.40154069
  ],
  ""type"": ""Point""
}",-83.198688088,42.40154069
8863,9771071,KERCHEVAL,VANDYKE,2016-08-13,13,8,2016,0,7,2,9,,4,0,,1,1,4,25,2,2,2,5,0,0,0,0,true,,false,false,true,false,false,,,,,,false,false,false,,,false,false,false,false,false,-83.00005,42.35833,"{
  ""coordinates"": [
    -8.300004751900001e+01,
    4.235833213700000e+01
  ],
  ""type"": ""Point""
}","{
  ""coordinates"": [
    -83.000047519,
    42.358332137
  ],
  ""type"": ""Point""
}",-83.000047519,42.358332137
8864,9776507,I-94,FRENCH,2016-08-13,13,8,2016,12,7,8,1,,1,0,,2,4,1,55,3,2,4,5,0,0,0,0,true,,false,false,false,false,false,,,,,,false,false,false,,,false,false,false,false,false,-82.9938,42.39289,"{
  ""coordinates"": [
    -8.299380441300001e+01,
    4.239289660300010e+01
  ],
  ""type"": ""Point""
}","{
  ""coordinates"": [
    -82.993804413,
    42.392896603
  ],
  ""type"": ""Point""
}",-82.993804413,42.3928966030001
8865,9783775,I-94,SECOND,2016-08-13,13,8,2016,3,7,5,1,,1,0,,2,4,4,55,3,2,1,5,0,0,0,0,true,,false,false,true,false,false,,,,,,false,false,false,,,false,false,false,false,false,-83.07225,42.36186,"{
  ""coordinates"": [
    -8.307225319299990e+01,
    4.236186212400000e+01
  ],
  ""type"": ""Point""
}","{
  ""coordinates"": [
    -83.072253193,
    42.361862124
  ],
  ""type"": ""Point""
}",-83.0722531929999,42.361862124
8866,9791525,N/B I 75,LIVERNOIS,2016-08-13,13,8,2016,20,7,8,1,,1,0,,2,2,3,70,4,3,7,5,0,0,0,0,true,,false,false,false,false,false,,,,,,false,false,false,,,false,false,false,false,false,-83.10435,42.30743,"{
  ""coordinates"": [
    -8.310435536599989e+01,
    4.230743569600000e+01
  ],
  ""type"": ""Point""
}","{
  ""coordinates"": [
    -83.104355366,
    42.307435696
  ],
  ""type"": ""Point""
}",-83.1043553659999,42.307435696
8867,9997251,I-94,LIVERNOIS,2016-08-13,13,8,2016,3,7,98,1,,1,0,,2,4,4,55,3,2,1,3,0,0,2,0,false,,false,false,true,false,false,,,,,,false,false,false,,,false,false,false,false,false,-83.12646,42.33668,"{
  ""coordinates"": [
    -8.312646616500000e+01,
    4.233667749000010e+01
  ],
  ""type"": ""Point""
}","{
  ""coordinates"": [
    -83.126466165,
    42.33667749
  ],
  ""type"": ""Point""
}",-83.126466165,42.3366774900001
8868,9777253,E I 96,GRAND RIVER,2016-08-13,13,8,2016,19,7,1,1,,1,0,,2,4,1,70,4,1,1,5,0,0,0,0,true,,false,false,false,false,false,,,,,,false,false,false,,,false,false,false,false,false,-83.17548,42.38377,"{
  ""coordinates"": [
    -8.317547808899999e+01,
    4.238376920100010e+01
  ],
  ""type"": ""Point""
}","{
  ""coordinates"": [
    -83.175478089,
    42.383769201
  ],
  ""type"": ""Point""
}",-83.175478089,42.3837692010001
8869,9781755,HUNTINGTON,CLARITA,2016-08-13,13,8,2016,16,7,4,9,,,0,,1,2,1,25,2,2,1,5,0,0,0,0,true,,false,false,false,false,false,,,,,,false,false,false,,,false,false,false,false,false,-83.23325,42.4272,"{
  ""coordinates"": [
    -8.323324605300000e+01,
    4.242719726400000e+01
  ],
  ""type"": ""Point""
}","{
  ""coordinates"": [
    -83.233246053,
    42.427197264
  ],
  ""type"": ""Point""
}",-83.233246053,42.427197264
8870,9782516,EVERGREEN,MCNICHOLS,2016-08-13,13,8,2016,3,7,4,9,,4,0,,2,4,4,35,2,2,3,5,0,0,0,0,true,,true,true,false,false,false,,,,,,false,false,true,,,false,false,false,false,false,-83.23819,42.41509,"{
  ""coordinates"": [
    -8.323819215799990e+01,
    4.241509190600000e+01
  ],
  ""type"": ""Point""
}","{
  ""coordinates"": [
    -83.238192158,
    42.415091906
  ],
  ""type"": ""Point""
}",-83.2381921579999,42.415091906
8871,9771102,GREENFIELD,7 MILE,2016-08-13,13,8,2016,9,7,7,9,,2,0,,2,2,4,35,4,2,1,5,0,0,0,0,true,,false,false,true,false,false,,,,,,false,false,false,,,false,false,false,false,false,-83.19986,42.43022,"{
  ""coordinates"": [
    -8.319985722199991e+01,
    4.243021696300010e+01
  ],
  ""type"": ""Point""
}","{
  ""coordinates"": [
    -83.199857222,
    42.430216963
  ],
  ""type"": ""Point""
}",-83.1998572219999,42.4302169630001
8872,9997272,N I 75,WARREN,2016-08-13,13,8,2016,3,7,1,1,,1,0,,2,2,4,55,3,1,1,4,0,0,0,1,false,,false,false,false,false,false,,,,,,false,false,true,,,false,false,false,false,false,-83.05378,42.36016,"{
  ""coordinates"": [
    -8.305377813099990e+01,
    4.236015736700010e+01
  ],
  ""type"": ""Point""
}","{
  ""coordinates"": [
    -83.053778131,
    42.360157367
  ],
  ""type"": ""Point""
}",-83.0537781309999,42.3601573670001
8873,9772070,SEYBURN STRN,VERNOR5,2016-08-13,13,8,2016,15,7,9,9,,,0,,1,1,1,15,1,3,1,4,0,0,0,1,false,,false,false,false,false,false,,,,,,false,false,false,,,false,false,false,false,false,-83.00314,42.35977,"{
  ""coordinates"": [
    -8.300314302399990e+01,
    4.235976602900010e+01
  ],
  ""type"": ""Point""
}","{
  ""coordinates"": [
    -83.003143024,
    42.359766029
  ],
  ""type"": ""Point""
}",-83.0031430239999,42.3597660290001
8874,9772064,MICHIGAN,12TH,2016-08-13,13,8,2016,11,7,8,2,,1,0,,2,4,1,0,6,2,8,5,0,0,0,0,true,,false,false,false,false,false,,,,,,false,false,false,,,false,false,false,false,false,-83.07203,42.33139,"{
  ""coordinates"": [
    -8.307202808800000e+01,
    4.233138892400010e+01
  ],
  ""type"": ""Point""
}","{
  ""coordinates"": [
    -83.072028088,
    42.331388924
  ],
  ""type"": ""Point""
}",-83.072028088,42.3313889240001
8875,9772102,8 MILE,RYAN,2016-08-13,13,8,2016,16,7,5,3,,1,0,,2,4,1,40,3,2,3,4,0,0,0,2,false,,false,false,false,false,false,,,,,,false,false,false,,,false,false,false,false,false,-83.06424,42.44725,"{
  ""coordinates"": [
    -8.306424093399990e+01,
    4.244725292200010e+01
  ],
  ""type"": ""Point""
}","{
  ""coordinates"": [
    -83.064240934,
    42.447252922
  ],
  ""type"": ""Point""
}",-83.0642409339999,42.4472529220001
8876,9772051,M10,WYOMING,2016-08-13,13,8,2016,4,7,1,3,,1,1,,2,2,4,55,3,1,1,3,0,0,1,0,false,,false,false,false,false,false,,,,,,false,false,false,,,false,false,false,false,false,-83.16061,42.40548,"{
  ""coordinates"": [
    -8.316061427400000e+01,
    4.240547872400000e+01
  ],
  ""type"": ""Point""
}","{
  ""coordinates"": [
    -83.160614274,
    42.405478724
  ],
  ""type"": ""Point""
}",-83.160614274,42.405478724
8877,9775540,W I 94,S I 75,2016-08-13,13,8,2016,3,7,5,1,,1,0,,2,2,4,55,3,3,3,4,0,0,0,3,false,,false,false,false,false,false,,,,,,false,false,true,,,false,false,false,false,false,-83.05816,42.36863,"{
  ""coordinates"": [
    -8.305816044800000e+01,
    4.236863465300010e+01
  ],
  ""type"": ""Point""
}","{
  ""coordinates"": [
    -83.058160448,
    42.368634653
  ],
  ""type"": ""Point""
}",-83.058160448,42.3686346530001
8878,9771103,JAMES COUZENS,GREENFIELD,2016-08-13,13,8,2016,8,7,4,3,,1,0,,2,2,1,30,3,2,3,5,0,0,0,0,true,,false,false,false,false,false,,,,,,false,true,false,,,false,false,false,false,false,-83.20044,42.44273,"{
  ""coordinates"": [
    -8.320043650600000e+01,
    4.244273554000010e+01
  ],
  ""type"": ""Point""
}","{
  ""coordinates"": [
    -83.200436506,
    42.44273554
  ],
  ""type"": ""Point""
}",-83.200436506,42.4427355400001
8879,9783776,DAVISON,M10,2016-08-13,13,8,2016,5,7,1,3,,1,1,,2,4,4,55,4,1,1,3,0,0,1,0,false,,false,false,false,false,false,,,,,,false,false,false,,,false,false,true,false,false,-83.11181,42.39734,"{
  ""coordinates"": [
    -8.311181173700000e+01,
    4.239734388000010e+01
  ],
  ""type"": ""Point""
}","{
  ""coordinates"": [
    -83.111811737,
    42.39734388
  ],
  ""type"": ""Point""
}",-83.111811737,42.3973438800001
8880,9771108,7 MILE,SANTA BARBARA,2016-08-13,13,8,2016,18,7,10,9,,2,0,,2,2,3,30,6,2,1,5,0,0,0,0,true,,false,false,true,false,false,,,,,,false,false,false,,,false,false,false,false,false,-83.14918,42.43146,"{
  ""coordinates"": [
    -8.314917830500001e+01,
    4.243145737200010e+01
  ],
  ""type"": ""Point""
}","{
  ""coordinates"": [
    -83.149178305,
    42.431457372
  ],
  ""type"": ""Point""
}",-83.149178305,42.4314573720001
8881,9793157,7 MILE,GODDARD,2016-08-13,13,8,2016,12,7,4,9,,4,0,,1,2,1,35,2,2,3,5,0,0,0,0,true,,false,false,false,false,false,,,,,,false,true,false,,,false,false,false,false,false,-83.07773,42.43291,"{
  ""coordinates"": [
    -8.307772695100000e+01,
    4.243291408900010e+01
  ],
  ""type"": ""Point""
}","{
  ""coordinates"": [
    -83.077726951,
    42.432914089
  ],
  ""type"": ""Point""
}",-83.077726951,42.4329140890001
8882,9771070,WHITLOCK,GRANDVILLE,2016-08-13,13,8,2016,13,7,5,9,,,0,,2,1,1,25,2,2,1,5,0,0,0,0,true,,false,false,true,false,false,,,,,,false,false,false,,,false,false,false,false,false,-83.22916,42.33958,"{
  ""coordinates"": [
    -8.322915543800001e+01,
    4.233958131400000e+01
  ],
  ""type"": ""Point""
}","{
  ""coordinates"": [
    -83.229155438,
    42.339581314
  ],
  ""type"": ""Point""
}",-83.229155438,42.339581314
8883,9771105,LARNED,SHELBY,2016-08-13,13,8,2016,2,7,8,9,,4,0,,2,2,4,30,3,2,2,5,0,0,0,0,true,,false,false,true,false,false,,,,,,false,true,false,,,false,false,false,false,false,-83.04723,42.32856,"{
  ""coordinates"": [
    -8.304722968199999e+01,
    4.232856221500000e+01
  ],
  ""type"": ""Point""
}","{
  ""coordinates"": [
    -83.047229682,
    42.328562215
  ],
  ""type"": ""Point""
}",-83.047229682,42.328562215
8884,9772039,W/B I 94,SECOND,2016-08-13,13,8,2016,18,7,97,1,,1,0,,2,2,1,55,3,3,8,5,0,0,0,0,true,,false,false,false,false,false,,,,,,false,false,true,,,false,false,false,false,false,-83.07233,42.36182,"{
  ""coordinates"": [
    -8.307233012300000e+01,
    4.236181722900010e+01
  ],
  ""type"": ""Point""
}","{
  ""coordinates"": [
    -83.072330123,
    42.361817229
  ],
  ""type"": ""Point""
}",-83.072330123,42.3618172290001
8885,9772109,PURITAN,SCHAEFER,2016-08-13,13,8,2016,12,7,5,9,,4,0,,1,1,1,0,2,2,2,4,0,0,0,1,false,,false,false,true,false,false,,,,,,false,false,false,,,false,false,false,false,false,-83.17942,42.40936,"{
  ""coordinates"": [
    -8.317941839400000e+01,
    4.240935995100010e+01
  ],
  ""type"": ""Point""
}","{
  ""coordinates"": [
    -83.179418394,
    42.409359951
  ],
  ""type"": ""Point""
}",-83.179418394,42.4093599510001
8886,9789274,I-94,SECOND,2016-08-13,13,8,2016,3,7,5,1,,1,0,,2,4,4,55,3,2,2,4,0,0,0,1,false,,false,false,true,false,false,,,,,,false,false,false,,,false,false,false,false,false,-83.07196,42.36203,"{
  ""coordinates"": [
    -8.307196086200000e+01,
    4.236203272100000e+01
  ],
  ""type"": ""Point""
}","{
  ""coordinates"": [
    -83.071960862,
    42.362032721
  ],
  ""type"": ""Point""
}",-83.071960862,42.362032721
8887,9772054,W I 96,GRAND RIVER,2016-08-13,13,8,2016,21,7,1,1,,1,1,,2,4,4,70,4,1,1,5,0,0,0,0,true,,false,false,false,false,false,,,,,,false,false,true,,,false,false,false,false,false,-83.1756,42.38392,"{
  ""coordinates"": [
    -8.317559489800000e+01,
    4.238391989200010e+01
  ],
  ""type"": ""Point""
}","{
  ""coordinates"": [
    -83.175594898,
    42.383919892
  ],
  ""type"": ""Point""
}",-83.175594898,42.3839198920001
8888,9771046,PLYMOUTH,HUBBELL,2016-08-13,13,8,2016,8,7,8,9,,4,0,,1,1,1,0,2,2,9,5,0,0,0,0,true,,false,false,false,false,false,,,,,,false,false,false,,,false,false,false,false,false,-83.18774,42.37283,"{
  ""coordinates"": [
    -8.318774250400000e+01,
    4.237283129400000e+01
  ],
  ""type"": ""Point""
}","{
  ""coordinates"": [
    -83.187742504,
    42.372831294
  ],
  ""type"": ""Point""
}",-83.187742504,42.372831294
8889,9771086,DICKERSON,HARPER,2016-08-13,13,8,2016,4,7,4,9,,4,0,,2,1,4,35,2,2,2,5,0,0,0,0,true,,true,true,true,false,false,,,,,,false,false,false,,,false,false,false,false,false,-82.97334,42.40203,"{
  ""coordinates"": [
    -8.297333502299990e+01,
    4.240203065400000e+01
  ],
  ""type"": ""Point""
}","{
  ""coordinates"": [
    -82.973335023,
    42.402030654
  ],
  ""type"": ""Point""
}",-82.9733350229999,42.402030654
8890,9773761,LIVERNOIS,OAKMAN,2016-08-13,13,8,2016,17,7,5,9,,4,0,,98,98,98,30,3,2,2,5,0,0,0,0,true,,false,false,false,false,false,,,,,,false,false,false,,,false,false,false,false,false,-83.1396,42.39033,"{
  ""coordinates"": [
    -8.313959285500000e+01,
    4.239032926800010e+01
  ],
  ""type"": ""Point""
}","{
  ""coordinates"": [
    -83.139592855,
    42.390329268
  ],
  ""type"": ""Point""
}",-83.139592855,42.3903292680001
8891,9775570,8 MILE,MOUND,2016-08-13,13,8,2016,21,7,5,3,,1,0,,1,1,4,40,3,2,1,5,0,0,0,0,true,,false,false,true,false,false,,,,,,false,false,false,,,false,false,false,false,false,-83.04539,42.44772,"{
  ""coordinates"": [
    -8.304538869200000e+01,
    4.244772518800000e+01
  ],
  ""type"": ""Point""
}","{
  ""coordinates"": [
    -83.045388692,
    42.447725188
  ],
  ""type"": ""Point""
}",-83.045388692,42.447725188