ObjectId,Crash ID,Primary Road,Intersecting Road,Crash Date,Day,Month,Year,Hour,Weekday,Crash Type Code,Highway Classification Code,Community Code,Jurisdiction Code,Lane Departure Type Code,Surface Type,Road Condition,Weather Condition,Lighting Condition,Speed Limit,Lanes,Units,Occupants,Most Severe Injury,Fatal Injuries,Suspected Serious Injuries,Suspected Minor Injuries,Possible Injuries,Property Damage Only,Secondary Crash,Traffic Control,Red Light Run,Hit and Run,Alcohol,Drugs,Unbelted Person,Work Zone,Speeding Driver,Distracted Driver,Driveway,Pedestrian,Elderly Driver,Young Driver,Commercial Vehicle,Emergency Vehicles,Train,School Bus,Motorcycle,Bicycle,Deer,Longitude,Latitude,geom,geog,x,y
8892,9771082,KEELER,FIELDING,2016-08-13,13,8,2016,11,7,8,9,,,0,,2,4,1,25,2,2,1,4,0,0,0,1,false,,false,false,false,false,false,,,,,,false,false,false,,,false,false,false,false,false,-83.2428,42.40239,"{
  ""coordinates"": [
    -8.324279957999990e+01,
    4.240239248900010e+01
  ],
  ""type"": ""Point""
}","{
  ""coordinates"": [
    -83.24279958,
    42.402392489
  ],
  ""type"": ""Point""
}",-83.2427995799999,42.4023924890001
8893,9772037,S I 75,RAMP 029D,2016-08-13,13,8,2016,2,7,1,1,,1,1,,2,4,4,70,5,1,1,5,0,0,0,0,true,,false,false,false,false,false,,,,,,false,false,false,,,false,false,false,false,false,-83.15398,42.27813,"{
  ""coordinates"": [
    -8.315397498700000e+01,
    4.227812654400000e+01
  ],
  ""type"": ""Point""
}","{
  ""coordinates"": [
    -83.153974987,
    42.278126544
  ],
  ""type"": ""Point""
}",-83.153974987,42.278126544
8894,9776499,I-75,SCHAEFER,2016-08-13,13,8,2016,16,7,1,1,,1,1,,2,4,1,70,4,1,1,5,0,0,0,0,true,,false,false,false,false,false,,,,,,false,false,false,,,false,false,false,false,false,-83.15578,42.27751,"{
  ""coordinates"": [
    -8.315578258100000e+01,
    4.227751132300010e+01
  ],
  ""type"": ""Point""
}","{
  ""coordinates"": [
    -83.155782581,
    42.277511323
  ],
  ""type"": ""Point""
}",-83.155782581,42.2775113230001
8895,9771106,MARK TWAIN,INTERVALE,2016-08-13,13,8,2016,3,7,4,9,,,0,,1,2,4,30,3,2,1,5,0,0,0,0,true,,false,false,true,false,false,,,,,,false,false,false,,,false,false,false,false,false,-83.18614,42.39085,"{
  ""coordinates"": [
    -8.318614462399999e+01,
    4.239084652600010e+01
  ],
  ""type"": ""Point""
}","{
  ""coordinates"": [
    -83.186144624,
    42.390846526
  ],
  ""type"": ""Point""
}",-83.186144624,42.3908465260001
8896,9772040,N/B I 75,7 MILE,2016-08-13,13,8,2016,19,7,5,1,,1,0,,2,4,1,70,4,2,4,5,0,0,0,0,true,,false,false,false,false,false,,,,,,false,false,true,,,false,false,false,false,false,-83.09422,42.42887,"{
  ""coordinates"": [
    -8.309421695600000e+01,
    4.242887058000010e+01
  ],
  ""type"": ""Point""
}","{
  ""coordinates"": [
    -83.094216956,
    42.42887058
  ],
  ""type"": ""Point""
}",-83.094216956,42.4288705800001
8897,9774582,I-96,GRAND,2016-08-13,13,8,2016,11,7,1,1,,1,0,,2,4,1,55,4,1,1,4,0,0,0,1,false,,false,false,false,false,false,,,,,,false,false,false,,,false,false,false,false,false,-83.10876,42.35516,"{
  ""coordinates"": [
    -8.310875540099990e+01,
    4.235516347500000e+01
  ],
  ""type"": ""Point""
}","{
  ""coordinates"": [
    -83.108755401,
    42.355163475
  ],
  ""type"": ""Point""
}",-83.1087554009999,42.355163475
8898,9772111,CHICAGO,LAWTON,2016-08-13,13,8,2016,19,7,8,9,,4,0,,2,4,1,25,1,2,3,2,0,2,0,0,false,,false,false,false,false,false,,,,,,false,false,true,,,false,false,false,false,false,-83.11365,42.37566,"{
  ""coordinates"": [
    -8.311365031900000e+01,
    4.237565953800000e+01
  ],
  ""type"": ""Point""
}","{
  ""coordinates"": [
    -83.113650319,
    42.375659538
  ],
  ""type"": ""Point""
}",-83.113650319,42.375659538
8899,9782513,CHENE,LARNED,2016-08-13,13,8,2016,0,7,8,9,,4,0,,1,2,4,30,3,2,2,5,0,0,0,0,true,,false,false,true,false,false,,,,,,false,false,false,,,false,false,false,false,false,-83.02307,42.33891,"{
  ""coordinates"": [
    -8.302307447100000e+01,
    4.233890876200010e+01
  ],
  ""type"": ""Point""
}","{
  ""coordinates"": [
    -83.023074471,
    42.338908762
  ],
  ""type"": ""Point""
}",-83.023074471,42.3389087620001
8900,9777294,I-94,CONNER,2016-08-13,13,8,2016,16,7,1,1,,1,1,,2,4,1,55,3,1,2,3,0,0,1,0,false,,false,false,false,false,false,,,,,,false,false,false,,,false,false,false,false,false,-82.98354,42.39854,"{
  ""coordinates"": [
    -8.298354300100000e+01,
    4.239854558000010e+01
  ],
  ""type"": ""Point""
}","{
  ""coordinates"": [
    -82.983543001,
    42.39854558
  ],
  ""type"": ""Point""
}",-82.983543001,42.3985455800001
8901,9771107,WYOMING,PEMBROKE,2016-08-13,13,8,2016,17,7,5,9,,4,0,,2,2,1,30,4,2,3,5,0,0,0,0,true,,false,false,false,false,false,,,,,,false,false,false,,,false,false,false,false,false,-83.16121,42.43864,"{
  ""coordinates"": [
    -8.316121127900000e+01,
    4.243864400100010e+01
  ],
  ""type"": ""Point""
}","{
  ""coordinates"": [
    -83.161211279,
    42.438644001
  ],
  ""type"": ""Point""
}",-83.161211279,42.4386440010001
8902,9776498,I-75,VERNOR,2016-08-13,13,8,2016,11,7,1,1,,1,1,,2,4,1,55,3,1,1,5,0,0,0,0,true,,false,false,false,false,false,,,,,,false,false,false,,,false,false,false,false,false,-83.08578,42.32838,"{
  ""coordinates"": [
    -8.308577507000000e+01,
    4.232838011200000e+01
  ],
  ""type"": ""Point""
}","{
  ""coordinates"": [
    -83.08577507,
    42.328380112
  ],
  ""type"": ""Point""
}",-83.08577507,42.328380112
8903,9771090,LINSDALE,IRONWOOD,2016-08-13,13,8,2016,12,7,5,9,,,0,,2,1,1,25,2,2,1,5,0,0,0,0,true,,false,false,false,false,false,,,,,,false,false,true,,,false,false,false,false,false,-83.12743,42.36013,"{
  ""coordinates"": [
    -8.312743492000000e+01,
    4.236013516300010e+01
  ],
  ""type"": ""Point""
}","{
  ""coordinates"": [
    -83.12743492,
    42.360135163
  ],
  ""type"": ""Point""
}",-83.12743492,42.3601351630001
8904,9772090,PURITAN,RUTHERFORD,2016-08-13,13,8,2016,21,7,8,9,,4,0,,2,1,4,30,2,2,4,5,0,0,0,0,true,,false,false,false,false,false,,,,,,false,false,false,,,false,false,false,false,false,-83.20445,42.40865,"{
  ""coordinates"": [
    -8.320445347299990e+01,
    4.240865202900010e+01
  ],
  ""type"": ""Point""
}","{
  ""coordinates"": [
    -83.204453473,
    42.408652029
  ],
  ""type"": ""Point""
}",-83.2044534729999,42.4086520290001
8905,9771101,MONICA,NORFOLK,2016-08-13,13,8,2016,16,7,2,9,,,2,,2,4,1,25,2,3,3,5,0,0,0,0,true,,false,false,false,false,false,,,,,,false,false,false,,,false,false,false,false,false,-83.1451,42.44408,"{
  ""coordinates"": [
    -8.314509304700000e+01,
    4.244408561900010e+01
  ],
  ""type"": ""Point""
}","{
  ""coordinates"": [
    -83.145093047,
    42.444085619
  ],
  ""type"": ""Point""
}",-83.145093047,42.4440856190001
8906,9772100,JOHN R,8MILE,2016-08-13,13,8,2016,8,7,4,9,,4,0,,2,2,1,35,2,2,2,5,0,0,0,0,true,,false,false,false,false,false,,,,,,false,false,false,,,false,false,false,false,false,-83.10284,42.44643,"{
  ""coordinates"": [
    -8.310283676099991e+01,
    4.244643487000010e+01
  ],
  ""type"": ""Point""
}","{
  ""coordinates"": [
    -83.102836761,
    42.44643487
  ],
  ""type"": ""Point""
}",-83.1028367609999,42.4464348700001
8907,9772073,JEFFERSON,CHENE,2016-08-13,13,8,2016,11,7,5,9,,4,0,,2,4,1,35,4,2,4,5,0,0,0,0,true,,false,false,false,false,false,,,,,,false,false,false,,,false,false,false,false,false,-83.02071,42.33907,"{
  ""coordinates"": [
    -8.302070451600000e+01,
    4.233907343400010e+01
  ],
  ""type"": ""Point""
}","{
  ""coordinates"": [
    -83.020704516,
    42.339073434
  ],
  ""type"": ""Point""
}",-83.020704516,42.3390734340001
8908,9829510,WESTPHALIA,7 MILE,2016-08-13,13,8,2016,3,7,4,9,,,0,,1,1,4,30,2,2,2,4,0,0,0,1,false,,true,false,false,false,false,,,,,,false,false,false,,,false,false,false,false,false,-82.99239,42.43467,"{
  ""coordinates"": [
    -8.299239449700001e+01,
    4.243466831000010e+01
  ],
  ""type"": ""Point""
}","{
  ""coordinates"": [
    -82.992394497,
    42.43466831
  ],
  ""type"": ""Point""
}",-82.992394497,42.4346683100001
8909,9776500,I-75,JOHN R,2016-08-13,13,8,2016,16,7,1,1,,1,1,,2,4,1,55,4,1,1,5,0,0,0,0,true,,false,false,true,false,false,,,,,,false,false,false,,,false,false,false,false,false,-83.05079,42.34069,"{
  ""coordinates"": [
    -8.305078532200000e+01,
    4.234069046800000e+01
  ],
  ""type"": ""Point""
}","{
  ""coordinates"": [
    -83.050785322,
    42.340690468
  ],
  ""type"": ""Point""
}",-83.050785322,42.340690468
8910,9771089,CHICAGO,RAMP 112D,2016-08-13,13,8,2016,11,7,4,3,,4,0,,2,4,1,30,2,2,3,5,0,0,0,0,true,,false,false,false,false,false,,,,,,false,true,true,,,false,false,false,false,false,-83.09461,42.38265,"{
  ""coordinates"": [
    -8.309460931400000e+01,
    4.238264812100000e+01
  ],
  ""type"": ""Point""
}","{
  ""coordinates"": [
    -83.094609314,
    42.382648121
  ],
  ""type"": ""Point""
}",-83.094609314,42.382648121
8911,9796779,I-75,DEARBORN,2016-08-13,13,8,2016,17,7,1,1,,1,1,,2,4,1,55,4,1,1,5,0,0,0,0,true,,false,false,false,false,false,,,,,,false,false,false,,,false,false,false,false,false,-83.12724,42.29433,"{
  ""coordinates"": [
    -8.312723264700000e+01,
    4.229433085500010e+01
  ],
  ""type"": ""Point""
}","{
  ""coordinates"": [
    -83.127232647,
    42.294330855
  ],
  ""type"": ""Point""
}",-83.127232647,42.2943308550001
8912,9776517,I-94,GRATIOT,2016-08-13,13,8,2016,17,7,97,1,,1,0,,2,2,1,55,3,2,5,5,0,0,0,0,true,,false,false,false,false,false,,,,,,false,false,true,,,false,false,false,false,false,-83.00696,42.39134,"{
  ""coordinates"": [
    -8.300695851300000e+01,
    4.239134047600000e+01
  ],
  ""type"": ""Point""
}","{
  ""coordinates"": [
    -83.006958513,
    42.391340476
  ],
  ""type"": ""Point""
}",-83.006958513,42.391340476
8913,9773682,PINEWOOD,WALTHAM,2016-08-13,13,8,2016,1,7,98,9,,,0,,1,2,4,25,2,1,1,4,0,0,0,1,false,,false,false,false,false,false,,,,,,false,false,true,,,false,false,false,false,false,-82.99512,42.43832,"{
  ""coordinates"": [
    -8.299511550699999e+01,
    4.243831759900010e+01
  ],
  ""type"": ""Point""
}","{
  ""coordinates"": [
    -82.995115507,
    42.438317599
  ],
  ""type"": ""Point""
}",-82.995115507,42.4383175990001
8914,9781005,NB M-10,HAMILTON,2016-08-13,13,8,2016,16,7,5,3,,1,0,,2,4,1,55,3,2,4,4,0,0,0,3,false,,false,false,true,false,false,,,,,,false,true,false,,,false,false,false,false,false,-83.09151,42.38104,"{
  ""coordinates"": [
    -8.309150554000000e+01,
    4.238104175300000e+01
  ],
  ""type"": ""Point""
}","{
  ""coordinates"": [
    -83.09150554,
    42.381041753
  ],
  ""type"": ""Point""
}",-83.09150554,42.381041753
8915,9772050,I-94,SECOND,2016-08-13,13,8,2016,2,7,5,1,,1,0,,2,4,4,55,3,2,3,5,0,0,0,0,true,,false,false,false,false,false,,,,,,false,false,false,,,false,false,false,false,false,-83.07182,42.36211,"{
  ""coordinates"": [
    -8.307182238800000e+01,
    4.236211353100000e+01
  ],
  ""type"": ""Point""
}","{
  ""coordinates"": [
    -83.071822388,
    42.362113531
  ],
  ""type"": ""Point""
}",-83.071822388,42.362113531
8916,9784440,GRATIOT,BEAUBIEN,2016-08-13,13,8,2016,21,7,1,3,,1,0,,1,1,4,30,4,2,1,2,0,1,0,0,false,,false,false,false,false,false,,,,,,true,false,false,,,false,false,false,false,false,-83.04388,42.33684,"{
  ""coordinates"": [
    -8.304387950499989e+01,
    4.233683697500000e+01
  ],
  ""type"": ""Point""
}","{
  ""coordinates"": [
    -83.043879505,
    42.336836975
  ],
  ""type"": ""Point""
}",-83.0438795049999,42.336836975
8917,9776506,I-75,VERNOR,2016-08-13,13,8,2016,11,7,1,1,,1,1,,2,4,1,55,3,1,1,4,0,0,0,1,false,,false,false,false,false,false,,,,,,false,false,false,,,false,false,false,false,false,-83.12305,42.29918,"{
  ""coordinates"": [
    -8.312305149199990e+01,
    4.229918280100000e+01
  ],
  ""type"": ""Point""
}","{
  ""coordinates"": [
    -83.123051492,
    42.299182801
  ],
  ""type"": ""Point""
}",-83.1230514919999,42.299182801
8918,9777259,EB I-94,VAN DYKE,2016-08-13,13,8,2016,17,7,5,1,,1,0,,2,4,1,55,3,3,2,4,0,0,0,1,false,,false,false,true,false,false,,,,,,false,false,false,,,false,false,false,false,false,-83.0219,42.38564,"{
  ""coordinates"": [
    -8.302189953899990e+01,
    4.238564289800010e+01
  ],
  ""type"": ""Point""
}","{
  ""coordinates"": [
    -83.021899539,
    42.385642898
  ],
  ""type"": ""Point""
}",-83.0218995389999,42.3856428980001
8919,9771080,TELEGRAPH,GRAND RIVER,2016-08-13,13,8,2016,13,7,5,2,,1,0,,2,2,1,45,4,2,2,5,0,0,0,0,true,,false,false,true,false,false,,,,,,false,false,false,,,false,false,false,false,false,-83.27737,42.42443,"{
  ""coordinates"": [
    -8.327736520400001e+01,
    4.242442938800010e+01
  ],
  ""type"": ""Point""
}","{
  ""coordinates"": [
    -83.277365204,
    42.424429388
  ],
  ""type"": ""Point""
}",-83.277365204,42.4244293880001
8920,9777262,SB M-10,HAMILTON,2016-08-13,13,8,2016,20,7,1,3,,1,1,,2,2,3,55,3,1,1,5,0,0,0,0,true,,false,false,false,false,false,,,,,,false,false,true,,,false,false,false,false,false,-83.09199,42.38117,"{
  ""coordinates"": [
    -8.309198726800000e+01,
    4.238117145300000e+01
  ],
  ""type"": ""Point""
}","{
  ""coordinates"": [
    -83.091987268,
    42.381171453
  ],
  ""type"": ""Point""
}",-83.091987268,42.381171453
8921,9771081,7 MILE,BILTMORE,2016-08-13,13,8,2016,10,7,5,9,,2,0,,1,2,1,30,4,2,2,5,0,0,0,0,true,,false,false,false,false,false,,,,,,false,false,false,,,false,false,false,false,false,-83.21172,42.43023,"{
  ""coordinates"": [
    -8.321172189799999e+01,
    4.243022463400010e+01
  ],
  ""type"": ""Point""
}","{
  ""coordinates"": [
    -83.211721898,
    42.430224634
  ],
  ""type"": ""Point""
}",-83.211721898,42.4302246340001
8922,9772058,JEFFERSON,MT ELLIOTT,2016-08-13,13,8,2016,14,7,8,9,,4,0,,2,2,1,35,3,2,2,5,0,0,0,0,true,,false,false,true,false,false,,,,,,false,true,false,,,false,false,false,false,false,-83.01011,42.34363,"{
  ""coordinates"": [
    -8.301011038199989e+01,
    4.234362915900000e+01
  ],
  ""type"": ""Point""
}","{
  ""coordinates"": [
    -83.010110382,
    42.343629159
  ],
  ""type"": ""Point""
}",-83.0101103819999,42.343629159
8923,9772097,CONANT,CHARLES,2016-08-13,13,8,2016,20,7,1,9,,4,0,,2,4,3,35,4,1,1,5,0,0,0,0,true,,false,false,false,false,false,,,,,,false,false,true,,,false,false,false,false,false,-83.05877,42.41151,"{
  ""coordinates"": [
    -8.305877050700001e+01,
    4.241150590200000e+01
  ],
  ""type"": ""Point""
}","{
  ""coordinates"": [
    -83.058770507,
    42.411505902
  ],
  ""type"": ""Point""
}",-83.058770507,42.411505902
8924,9779945,I 94,I 75,2016-08-13,13,8,2016,2,7,8,1,,1,0,,2,4,4,0,3,2,1,5,0,0,0,0,true,,false,false,true,false,false,,,,,,false,false,false,,,false,false,false,false,false,-83.06232,42.36663,"{
  ""coordinates"": [
    -8.306231479000000e+01,
    4.236662798400000e+01
  ],
  ""type"": ""Point""
}","{
  ""coordinates"": [
    -83.06231479,
    42.366627984
  ],
  ""type"": ""Point""
}",-83.06231479,42.366627984
8925,9772056,W I 96,GRAND RIVER,2016-08-13,13,8,2016,22,7,8,1,,1,0,,2,2,4,70,4,2,2,5,0,0,0,0,true,,false,false,true,false,false,,,,,,false,false,false,,,false,false,false,false,false,-83.17597,42.38384,"{
  ""coordinates"": [
    -8.317596975799999e+01,
    4.238383909200010e+01
  ],
  ""type"": ""Point""
}","{
  ""coordinates"": [
    -83.175969758,
    42.383839092
  ],
  ""type"": ""Point""
}",-83.175969758,42.3838390920001
8926,9777292,I-94,ROSA PARKS,2016-08-13,13,8,2016,11,7,98,1,,1,0,,2,4,1,55,3,2,1,5,0,0,0,0,true,,false,false,false,false,false,,,,,,false,false,false,,,false,false,false,false,false,-83.0845,42.35484,"{
  ""coordinates"": [
    -8.308449950999990e+01,
    4.235484407900000e+01
  ],
  ""type"": ""Point""
}","{
  ""coordinates"": [
    -83.08449951,
    42.354844079
  ],
  ""type"": ""Point""
}",-83.0844995099999,42.354844079
8927,9797469,8 MILE,WYOMING,2016-08-13,13,8,2016,20,7,5,3,,1,0,,2,4,2,35,3,2,3,5,0,0,0,0,true,,false,false,false,false,false,,,,,,false,false,true,,,false,false,false,false,false,-83.16338,42.44561,"{
  ""coordinates"": [
    -8.316338491200000e+01,
    4.244561034100010e+01
  ],
  ""type"": ""Point""
}","{
  ""coordinates"": [
    -83.163384912,
    42.445610341
  ],
  ""type"": ""Point""
}",-83.163384912,42.4456103410001
8928,9777255,E I 96,HUBBELL,2016-08-13,13,8,2016,20,7,97,1,,1,0,,2,4,1,70,3,2,2,5,0,0,0,0,true,,false,false,false,false,false,,,,,,false,false,false,,,false,false,false,false,false,-83.18832,42.3804,"{
  ""coordinates"": [
    -8.318832363800000e+01,
    4.238039758100010e+01
  ],
  ""type"": ""Point""
}","{
  ""coordinates"": [
    -83.188323638,
    42.380397581
  ],
  ""type"": ""Point""
}",-83.188323638,42.3803975810001
8929,9773683,E I 96,FULLERTON,2016-08-13,13,8,2016,17,7,1,1,,1,0,,2,2,1,70,4,1,1,3,0,0,1,0,false,,false,false,false,false,false,,,,,,false,false,false,,,false,false,false,false,false,-83.18887,42.3802,"{
  ""coordinates"": [
    -8.318886612499990e+01,
    4.238020399200010e+01
  ],
  ""type"": ""Point""
}","{
  ""coordinates"": [
    -83.188866125,
    42.380203992
  ],
  ""type"": ""Point""
}",-83.1888661249999,42.3802039920001
8930,9772052,RAMP 215H,E I 94,2016-08-13,13,8,2016,18,7,1,1,,1,1,,2,2,1,55,1,1,1,5,0,0,0,0,true,,false,false,false,false,false,,,,,,false,false,true,,,false,false,false,false,false,-83.07884,42.35771,"{
  ""coordinates"": [
    -8.307884218399990e+01,
    4.235770893600010e+01
  ],
  ""type"": ""Point""
}","{
  ""coordinates"": [
    -83.078842184,
    42.357708936
  ],
  ""type"": ""Point""
}",-83.0788421839999,42.3577089360001
8931,9777260,WB I-94,SCOTTEN,2016-08-13,13,8,2016,19,7,1,1,,1,1,,2,4,1,55,3,1,3,5,0,0,0,0,true,,false,false,false,false,false,,,,,,false,false,true,,,false,false,false,false,false,-83.11127,42.3462,"{
  ""coordinates"": [
    -8.311127320000000e+01,
    4.234619972100010e+01
  ],
  ""type"": ""Point""
}","{
  ""coordinates"": [
    -83.1112732,
    42.346199721
  ],
  ""type"": ""Point""
}",-83.1112732,42.3461997210001
8932,9774573,N/B I-75,VERNIER,2016-08-13,13,8,2016,11,7,8,1,,1,0,,2,2,1,70,3,2,2,5,0,0,0,0,true,,false,false,false,false,false,,,,,,false,false,false,,,false,false,false,false,false,-83.09466,42.44535,"{
  ""coordinates"": [
    -8.309465672399990e+01,
    4.244534592400000e+01
  ],
  ""type"": ""Point""
}","{
  ""coordinates"": [
    -83.094656724,
    42.445345924
  ],
  ""type"": ""Point""
}",-83.0946567239999,42.445345924
8933,9772096,CONCORD,LANTZ,2016-08-13,13,8,2016,16,7,97,9,,,0,,2,4,1,25,2,3,2,5,0,0,0,0,true,,false,false,false,false,false,,,,,,false,false,true,,,false,false,false,false,false,-83.033,42.43868,"{
  ""coordinates"": [
    -8.303299829699991e+01,
    4.243867869900000e+01
  ],
  ""type"": ""Point""
}","{
  ""coordinates"": [
    -83.032998297,
    42.438678699
  ],
  ""type"": ""Point""
}",-83.0329982969999,42.438678699
8934,9772055,W I 96,GRAND RIVER,2016-08-13,13,8,2016,22,7,5,1,,1,0,,2,4,4,70,4,2,2,2,0,1,0,0,false,,false,false,false,false,false,,,,,,false,false,false,,,false,false,false,false,false,-83.17563,42.38391,"{
  ""coordinates"": [
    -8.317563238400000e+01,
    4.238391181200010e+01
  ],
  ""type"": ""Point""
}","{
  ""coordinates"": [
    -83.175632384,
    42.383911812
  ],
  ""type"": ""Point""
}",-83.175632384,42.3839118120001
8935,9777293,RAMP 139F,E M 8,2016-08-13,13,8,2016,12,7,97,1,,1,0,,2,4,1,55,1,2,2,5,0,0,0,0,true,,false,false,false,false,false,,,,,,false,true,false,,,false,false,false,false,false,-83.15527,42.38474,"{
  ""coordinates"": [
    -8.315526594999990e+01,
    4.238473518100010e+01
  ],
  ""type"": ""Point""
}","{
  ""coordinates"": [
    -83.15526595,
    42.384735181
  ],
  ""type"": ""Point""
}",-83.1552659499999,42.3847351810001
8936,9772105,CASMERE,MOUND,2016-08-12,12,8,2016,20,6,4,9,,,0,,2,4,4,35,2,2,3,5,0,0,0,0,true,,false,false,false,false,false,,,,,,false,false,false,,,false,false,false,false,false,-83.04266,42.40852,"{
  ""coordinates"": [
    -8.304266255600000e+01,
    4.240852209800000e+01
  ],
  ""type"": ""Point""
}","{
  ""coordinates"": [
    -83.042662556,
    42.408522098
  ],
  ""type"": ""Point""
}",-83.042662556,42.408522098
8937,9772048,RAMP 139G,DAVISON,2016-08-12,12,8,2016,19,6,1,3,,1,1,,2,2,1,55,3,1,1,5,0,0,0,0,true,,false,false,false,false,false,,,,,,false,false,false,,,false,false,false,false,false,-83.14555,42.3864,"{
  ""coordinates"": [
    -8.314555149700000e+01,
    4.238639971800010e+01
  ],
  ""type"": ""Point""
}","{
  ""coordinates"": [
    -83.145551497,
    42.386399718
  ],
  ""type"": ""Point""
}",-83.145551497,42.3863997180001
8938,9774568,RAMP 048C,S I 75 SERVICE DRIVE,2016-08-12,12,8,2016,6,6,1,1,,1,1,,1,1,1,55,1,1,1,5,0,0,0,0,true,,false,false,true,false,false,,,,,,false,false,false,,,false,false,false,false,false,-83.08995,42.42004,"{
  ""coordinates"": [
    -8.308994977200000e+01,
    4.242003711500010e+01
  ],
  ""type"": ""Point""
}","{
  ""coordinates"": [
    -83.089949772,
    42.420037115
  ],
  ""type"": ""Point""
}",-83.089949772,42.4200371150001
8939,9771083,HOOVER,SAUER,2016-08-12,12,8,2016,16,6,4,3,,1,0,,1,1,1,35,4,2,1,3,0,0,1,0,false,,false,false,true,false,false,,,,,,false,false,false,,,false,false,true,false,false,-83.00411,42.42241,"{
  ""coordinates"": [
    -8.300411119200000e+01,
    4.242241070700000e+01
  ],
  ""type"": ""Point""
}","{
  ""coordinates"": [
    -83.004111192,
    42.422410707
  ],
  ""type"": ""Point""
}",-83.004111192,42.422410707
8940,9771067,WARREN,DEVONSHIRE,2016-08-12,12,8,2016,15,6,5,9,,4,0,,1,1,1,30,7,2,1,5,0,0,0,0,true,,false,false,false,false,false,,,,,,false,false,false,,,false,false,false,false,false,-82.94214,42.40155,"{
  ""coordinates"": [
    -8.294214233000000e+01,
    4.240155274300000e+01
  ],
  ""type"": ""Point""
}","{
  ""coordinates"": [
    -82.94214233,
    42.401552743
  ],
  ""type"": ""Point""
}",-82.94214233,42.401552743
8941,9771050,CASS,HENRY,2016-08-12,12,8,2016,18,6,4,9,,4,0,,1,2,1,25,2,2,5,5,0,0,0,0,true,,false,false,true,false,false,,,,,,false,false,true,,,false,false,false,false,false,-83.05693,42.33891,"{
  ""coordinates"": [
    -8.305692916399990e+01,
    4.233891250700000e+01
  ],
  ""type"": ""Point""
}","{
  ""coordinates"": [
    -83.056929164,
    42.338912507
  ],
  ""type"": ""Point""
}",-83.0569291639999,42.338912507
8942,9797471,I 75 SERVICE,8 MILE,2016-08-12,12,8,2016,22,6,8,1,,5,0,,1,1,1,25,2,2,3,5,0,0,0,0,true,,false,false,false,false,false,,,,,,false,false,false,,,false,false,false,false,false,-83.0956,42.4425,"{
  ""coordinates"": [
    -8.309559338400000e+01,
    4.244250237200000e+01
  ],
  ""type"": ""Point""
}","{
  ""coordinates"": [
    -83.095593384,
    42.442502372
  ],
  ""type"": ""Point""
}",-83.095593384,42.442502372
8943,9772101,8 MILE,IN,2016-08-12,12,8,2016,19,6,8,3,,,0,,1,1,4,40,3,2,2,5,0,0,0,0,true,,false,false,false,false,false,,,,,,false,false,false,,,false,false,false,false,false,-83.16368,42.44563,"{
  ""coordinates"": [
    -8.316367834999990e+01,
    4.244563079900010e+01
  ],
  ""type"": ""Point""
}","{
  ""coordinates"": [
    -83.16367835,
    42.445630799
  ],
  ""type"": ""Point""
}",-83.1636783499999,42.4456307990001
8944,9771098,HUBBELL,7 MILE,2016-08-12,12,8,2016,14,6,4,9,,4,0,,1,1,1,30,4,2,1,5,0,0,0,0,true,,true,true,true,false,false,,,,,,false,true,false,,,false,false,false,false,false,-83.18991,42.43072,"{
  ""coordinates"": [
    -8.318991240600000e+01,
    4.243072278000010e+01
  ],
  ""type"": ""Point""
}","{
  ""coordinates"": [
    -83.189912406,
    42.43072278
  ],
  ""type"": ""Point""
}",-83.189912406,42.4307227800001
8945,9776497,I-75,JOHN R,2016-08-12,12,8,2016,16,6,5,1,,1,0,,1,1,1,55,4,2,2,5,0,0,0,0,true,,false,false,false,true,true,,,,,,false,false,false,,,false,false,false,false,false,-83.04934,42.3413,"{
  ""coordinates"": [
    -8.304933611300000e+01,
    4.234129569100000e+01
  ],
  ""type"": ""Point""
}","{
  ""coordinates"": [
    -83.049336113,
    42.341295691
  ],
  ""type"": ""Point""
}",-83.049336113,42.341295691
8946,9772049,RAMP 139G,DAVISON,2016-08-12,12,8,2016,20,6,1,3,,1,1,,2,2,1,0,3,1,2,5,0,0,0,0,true,,false,false,false,false,false,,,,,,false,false,false,,,false,false,false,false,false,-83.14462,42.38642,"{
  ""coordinates"": [
    -8.314461731599989e+01,
    4.238641966200000e+01
  ],
  ""type"": ""Point""
}","{
  ""coordinates"": [
    -83.144617316,
    42.386419662
  ],
  ""type"": ""Point""
}",-83.1446173159999,42.386419662
8947,9771066,MCNICHOLS,PELKEY,2016-08-12,12,8,2016,21,6,4,9,,4,0,,1,1,4,30,4,2,2,5,0,0,0,0,true,,false,false,true,false,false,,,,,,false,false,false,,,false,false,false,false,false,-82.98561,42.42653,"{
  ""coordinates"": [
    -8.298561266999999e+01,
    4.242652917500000e+01
  ],
  ""type"": ""Point""
}","{
  ""coordinates"": [
    -82.98561267,
    42.426529175
  ],
  ""type"": ""Point""
}",-82.98561267,42.426529175
8948,9785197,I-96 SERVICE,VIRGIL,2016-08-12,12,8,2016,1,6,1,9,,4,1,,1,1,4,35,2,1,0,5,0,0,0,0,true,,false,false,true,false,false,,,,,,false,false,false,,,false,false,false,false,false,-83.26743,42.38604,"{
  ""coordinates"": [
    -8.326742313999991e+01,
    4.238604177700010e+01
  ],
  ""type"": ""Point""
}","{
  ""coordinates"": [
    -83.26742314,
    42.386041777
  ],
  ""type"": ""Point""
}",-83.2674231399999,42.3860417770001