ObjectId,Crash ID,Primary Road,Intersecting Road,Crash Date,Day,Month,Year,Hour,Weekday,Crash Type Code,Highway Classification Code,Community Code,Jurisdiction Code,Lane Departure Type Code,Surface Type,Road Condition,Weather Condition,Lighting Condition,Speed Limit,Lanes,Units,Occupants,Most Severe Injury,Fatal Injuries,Suspected Serious Injuries,Suspected Minor Injuries,Possible Injuries,Property Damage Only,Secondary Crash,Traffic Control,Red Light Run,Hit and Run,Alcohol,Drugs,Unbelted Person,Work Zone,Speeding Driver,Distracted Driver,Driveway,Pedestrian,Elderly Driver,Young Driver,Commercial Vehicle,Emergency Vehicles,Train,School Bus,Motorcycle,Bicycle,Deer,Longitude,Latitude,geom,geog,x,y
9063,9787429,OUTER,N M 39,2016-08-10,10,8,2016,13,4,8,9,,2,0,,1,1,1,35,2,2,2,5,0,0,0,0,true,,false,false,false,false,false,,,,,,false,true,false,,,false,false,false,false,false,-83.21885,42.41907,"{
  ""coordinates"": [
    -8.321884810900001e+01,
    4.241907095200000e+01
  ],
  ""type"": ""Point""
}","{
  ""coordinates"": [
    -83.218848109,
    42.419070952
  ],
  ""type"": ""Point""
}",-83.218848109,42.419070952
9064,9771104,PURITAN,LIVERNOIS,2016-08-10,10,8,2016,14,4,4,9,,4,0,,1,1,1,30,4,2,2,5,0,0,0,0,true,,true,true,false,false,false,,,,,,false,true,false,,,false,false,false,false,false,-83.14055,42.4099,"{
  ""coordinates"": [
    -8.314054663899999e+01,
    4.240990265500010e+01
  ],
  ""type"": ""Point""
}","{
  ""coordinates"": [
    -83.140546639,
    42.409902655
  ],
  ""type"": ""Point""
}",-83.140546639,42.4099026550001
9065,9769800,MOUND,SOBIESKI,2016-08-10,10,8,2016,23,4,5,9,,2,0,,1,1,5,35,2,2,4,3,0,0,3,0,false,,false,false,false,false,false,,,,,,false,false,true,,,false,false,false,false,false,-83.0424,42.41036,"{
  ""coordinates"": [
    -8.304240752100000e+01,
    4.241035696900010e+01
  ],
  ""type"": ""Point""
}","{
  ""coordinates"": [
    -83.042407521,
    42.410356969
  ],
  ""type"": ""Point""
}",-83.042407521,42.4103569690001
9066,9997355,I-94,WOODWARD,2016-08-10,10,8,2016,18,4,8,1,,1,0,,1,2,1,55,3,2,3,5,0,0,0,0,true,,false,false,true,false,false,,,,,,false,false,false,,,false,false,false,false,false,-83.07625,42.35892,"{
  ""coordinates"": [
    -8.307624883900000e+01,
    4.235891614000010e+01
  ],
  ""type"": ""Point""
}","{
  ""coordinates"": [
    -83.076248839,
    42.35891614
  ],
  ""type"": ""Point""
}",-83.076248839,42.3589161400001
9067,9917277,MOROSS,RIAD,2016-08-10,10,8,2016,21,4,97,9,,2,1,,1,1,4,35,1,1,0,5,0,0,0,0,true,,false,false,true,false,false,,,,,,false,false,false,,,false,false,false,false,false,-82.95088,42.43346,"{
  ""coordinates"": [
    -8.295088409200000e+01,
    4.243345581000010e+01
  ],
  ""type"": ""Point""
}","{
  ""coordinates"": [
    -82.950884092,
    42.43345581
  ],
  ""type"": ""Point""
}",-82.950884092,42.4334558100001
9068,9785627,WOODWARD,LEICESTER,2016-08-10,10,8,2016,7,4,5,3,,1,0,,1,1,1,0,6,3,3,5,0,0,0,0,true,,false,false,false,false,false,,,,,,false,false,true,,,false,false,false,false,false,-83.08274,42.38432,"{
  ""coordinates"": [
    -8.308273940299991e+01,
    4.238431528000010e+01
  ],
  ""type"": ""Point""
}","{
  ""coordinates"": [
    -83.082739403,
    42.38431528
  ],
  ""type"": ""Point""
}",-83.0827394029999,42.3843152800001
9069,9768957,EIGHT MILE,KENNETH,2016-08-10,10,8,2016,7,4,6,3,,1,0,,1,1,1,40,8,2,2,5,0,0,0,0,true,,false,false,false,false,false,,,,,,false,false,false,,,false,false,false,false,false,-83.12286,42.44656,"{
  ""coordinates"": [
    -8.312286013799999e+01,
    4.244656153200000e+01
  ],
  ""type"": ""Point""
}","{
  ""coordinates"": [
    -83.122860138,
    42.446561532
  ],
  ""type"": ""Point""
}",-83.122860138,42.446561532
9070,9772033,I 96,SOUTHFIELD,2016-08-10,10,8,2016,15,4,8,1,,1,0,,1,1,1,70,3,2,2,2,0,1,0,0,false,,false,false,false,false,false,,,,,,false,false,false,,,false,false,false,false,false,-83.22121,42.37837,"{
  ""coordinates"": [
    -8.322121139500000e+01,
    4.237836648200000e+01
  ],
  ""type"": ""Point""
}","{
  ""coordinates"": [
    -83.221211395,
    42.378366482
  ],
  ""type"": ""Point""
}",-83.221211395,42.378366482
9071,9769788,7MILE,SHIAWASSEE,2016-08-10,10,8,2016,19,4,3,9,,2,0,,1,1,1,35,4,2,2,5,0,0,0,0,true,,false,false,false,false,false,,,,,,false,false,false,,,false,false,true,false,false,-83.27214,42.42907,"{
  ""coordinates"": [
    -8.327214160100000e+01,
    4.242907277800000e+01
  ],
  ""type"": ""Point""
}","{
  ""coordinates"": [
    -83.272141601,
    42.429072778
  ],
  ""type"": ""Point""
}",-83.272141601,42.429072778
9072,9775553,SOUTHFIELD SERVICE DRIVE,GLENDALE,2016-08-10,10,8,2016,18,4,8,9,,4,0,,1,1,1,55,3,2,2,5,0,0,0,0,true,,false,false,false,false,false,,,,,,false,false,true,,,false,false,false,false,false,-83.21712,42.38311,"{
  ""coordinates"": [
    -8.321712234400000e+01,
    4.238310822300010e+01
  ],
  ""type"": ""Point""
}","{
  ""coordinates"": [
    -83.217122344,
    42.383108223
  ],
  ""type"": ""Point""
}",-83.217122344,42.3831082230001
9073,9768956,CASHMERE,FENELONE,2016-08-09,9,8,2016,7,3,4,9,,,0,,1,1,1,25,2,2,2,5,0,0,0,0,true,,false,false,false,false,false,,,,,,false,false,false,,,false,false,false,false,false,-83.05094,42.40595,"{
  ""coordinates"": [
    -8.305094169800000e+01,
    4.240595247600000e+01
  ],
  ""type"": ""Point""
}","{
  ""coordinates"": [
    -83.050941698,
    42.405952476
  ],
  ""type"": ""Point""
}",-83.050941698,42.405952476
9074,9773692,RAMP 047A,MEADE,2016-08-09,9,8,2016,6,3,8,1,,1,0,,1,1,2,55,2,2,2,5,0,0,0,0,true,,false,false,false,false,false,,,,,,false,false,true,,,false,false,false,false,false,-83.07603,42.40677,"{
  ""coordinates"": [
    -8.307603143599989e+01,
    4.240676719700010e+01
  ],
  ""type"": ""Point""
}","{
  ""coordinates"": [
    -83.076031436,
    42.406767197
  ],
  ""type"": ""Point""
}",-83.0760314359999,42.4067671970001
9075,9769797,8 MILE,SHERWOOD,2016-08-09,9,8,2016,2,3,1,3,,1,1,,1,1,4,40,3,1,2,5,0,0,0,0,true,,false,false,false,false,false,,,,,,false,false,true,,,false,false,false,false,false,-83.03377,42.44795,"{
  ""coordinates"": [
    -8.303376550999999e+01,
    4.244794788800000e+01
  ],
  ""type"": ""Point""
}","{
  ""coordinates"": [
    -83.03376551,
    42.447947888
  ],
  ""type"": ""Point""
}",-83.03376551,42.447947888
9076,9768945,MT ELLIOTT,HILDALE,2016-08-09,9,8,2016,7,3,5,9,,4,0,,1,1,1,35,2,2,2,5,0,0,0,0,true,,false,false,false,false,false,,,,,,false,false,false,,,false,false,false,false,false,-83.0388,42.43025,"{
  ""coordinates"": [
    -8.303879541600000e+01,
    4.243024660900010e+01
  ],
  ""type"": ""Point""
}","{
  ""coordinates"": [
    -83.038795416,
    42.430246609
  ],
  ""type"": ""Point""
}",-83.038795416,42.4302466090001
9077,9768912,BRINGARD,SCHOENHERR,2016-08-09,9,8,2016,0,3,4,9,,,0,,1,1,4,25,2,2,4,3,0,0,1,3,false,,false,false,false,false,false,,,,,,false,false,false,,,false,false,false,false,false,-82.98553,42.44582,"{
  ""coordinates"": [
    -8.298552795200000e+01,
    4.244581489300000e+01
  ],
  ""type"": ""Point""
}","{
  ""coordinates"": [
    -82.985527952,
    42.445814893
  ],
  ""type"": ""Point""
}",-82.985527952,42.445814893
9078,9772030,S/B M-39,JOY,2016-08-09,9,8,2016,19,3,1,3,,1,1,,1,1,1,55,3,1,1,4,0,0,0,1,false,,false,false,false,false,false,,,,,,false,false,false,,,false,false,false,false,false,-83.21651,42.36147,"{
  ""coordinates"": [
    -8.321651552100001e+01,
    4.236146815200000e+01
  ],
  ""type"": ""Point""
}","{
  ""coordinates"": [
    -83.216515521,
    42.361468152
  ],
  ""type"": ""Point""
}",-83.216515521,42.361468152
9079,9768850,WYOMING,BUENA,2016-08-09,9,8,2016,1,3,4,9,,4,0,,1,1,4,0,2,2,1,4,0,0,0,1,false,,true,false,true,false,false,,,,,,false,false,false,,,false,false,false,false,false,-83.15892,42.38365,"{
  ""coordinates"": [
    -8.315891742600000e+01,
    4.238364713400010e+01
  ],
  ""type"": ""Point""
}","{
  ""coordinates"": [
    -83.158917426,
    42.383647134
  ],
  ""type"": ""Point""
}",-83.158917426,42.3836471340001
9080,9768961,MCNICHOLS,ST MARYS,2016-08-09,9,8,2016,20,3,4,9,,2,0,,1,1,1,35,2,2,2,4,0,0,0,1,false,,false,false,false,false,false,,,,,,false,false,false,,,false,false,false,false,false,-83.20687,42.41581,"{
  ""coordinates"": [
    -8.320687376099990e+01,
    4.241580569600010e+01
  ],
  ""type"": ""Point""
}","{
  ""coordinates"": [
    -83.206873761,
    42.415805696
  ],
  ""type"": ""Point""
}",-83.2068737609999,42.4158056960001
9081,9785626,7 MILE,JOHN R,2016-08-09,9,8,2016,12,3,5,9,,4,0,,1,1,1,0,4,2,1,5,0,0,0,0,true,,false,false,true,false,false,,,,,,false,false,false,,,false,false,false,false,false,-83.10312,42.43227,"{
  ""coordinates"": [
    -8.310312218300000e+01,
    4.243226568300000e+01
  ],
  ""type"": ""Point""
}","{
  ""coordinates"": [
    -83.103122183,
    42.432265683
  ],
  ""type"": ""Point""
}",-83.103122183,42.432265683
9082,9771061,VERNOR,SPRINGWELLS,2016-08-09,9,8,2016,11,3,5,9,,4,0,,1,1,1,25,4,2,3,5,0,0,0,0,true,,false,false,false,false,false,,,,,,false,false,false,,,false,false,false,false,false,-83.12707,42.31149,"{
  ""coordinates"": [
    -8.312706489300000e+01,
    4.231149469900000e+01
  ],
  ""type"": ""Point""
}","{
  ""coordinates"": [
    -83.127064893,
    42.311494699
  ],
  ""type"": ""Point""
}",-83.127064893,42.311494699
9083,9825984,GRAND RIVER,PIEDMONT,2016-08-09,9,8,2016,12,3,5,3,,1,0,,1,1,1,35,6,2,1,5,0,0,0,0,true,,false,false,false,false,false,,,,,,false,false,false,,,false,false,false,false,false,-83.23023,42.4055,"{
  ""coordinates"": [
    -8.323023204799991e+01,
    4.240550295900000e+01
  ],
  ""type"": ""Point""
}","{
  ""coordinates"": [
    -83.230232048,
    42.405502959
  ],
  ""type"": ""Point""
}",-83.2302320479999,42.405502959
9084,9768838,S M 10,W M 8,2016-08-09,9,8,2016,13,3,97,3,,1,0,,1,1,1,55,3,2,3,5,0,0,0,0,true,,false,false,false,false,false,,,,,,true,false,false,,,false,false,false,false,false,-83.11076,42.39822,"{
  ""coordinates"": [
    -8.311075448799990e+01,
    4.239822305500010e+01
  ],
  ""type"": ""Point""
}","{
  ""coordinates"": [
    -83.110754488,
    42.398223055
  ],
  ""type"": ""Point""
}",-83.1107544879999,42.3982230550001
9085,9773681,I-96,MARTIN LUTHER KING JR,2016-08-09,9,8,2016,8,3,5,1,,1,0,,1,1,1,55,4,3,3,5,0,0,0,0,true,,false,false,false,false,false,,,,,,false,false,true,,,false,false,false,false,false,-83.09122,42.33682,"{
  ""coordinates"": [
    -8.309121950600000e+01,
    4.233681910300000e+01
  ],
  ""type"": ""Point""
}","{
  ""coordinates"": [
    -83.091219506,
    42.336819103
  ],
  ""type"": ""Point""
}",-83.091219506,42.336819103
9086,9774570,I-75,JUNCTION,2016-08-09,9,8,2016,16,3,8,1,,1,0,,1,1,1,55,4,2,2,5,0,0,0,0,true,,false,false,false,false,false,,,,,,false,false,false,,,false,false,false,false,false,-83.09872,42.31042,"{
  ""coordinates"": [
    -8.309871369000000e+01,
    4.231041987200010e+01
  ],
  ""type"": ""Point""
}","{
  ""coordinates"": [
    -83.09871369,
    42.310419872
  ],
  ""type"": ""Point""
}",-83.09871369,42.3104198720001
9087,9768946,CONANT,DAVISON,2016-08-09,9,8,2016,14,3,4,3,,4,0,,1,1,1,35,2,2,2,5,0,0,0,0,true,,false,false,false,false,false,,,,,,false,false,true,,,false,false,false,false,false,-83.06136,42.41534,"{
  ""coordinates"": [
    -8.306135529900000e+01,
    4.241533858000000e+01
  ],
  ""type"": ""Point""
}","{
  ""coordinates"": [
    -83.061355299,
    42.41533858
  ],
  ""type"": ""Point""
}",-83.061355299,42.41533858
9088,9772029,RAMP 107D,N M 10,2016-08-09,9,8,2016,3,3,1,3,,1,1,,1,1,4,55,3,1,1,4,0,0,0,1,false,,false,false,true,false,false,,,,,,false,false,true,,,false,false,false,false,false,-83.14503,42.40493,"{
  ""coordinates"": [
    -8.314503679500000e+01,
    4.240493145400010e+01
  ],
  ""type"": ""Point""
}","{
  ""coordinates"": [
    -83.145036795,
    42.404931454
  ],
  ""type"": ""Point""
}",-83.145036795,42.4049314540001
9089,9768952,8 MILE,MOUND,2016-08-09,9,8,2016,18,3,5,3,,1,0,,1,1,1,40,4,2,2,5,0,0,0,0,true,,false,false,true,false,false,,,,,,false,false,false,,,false,false,false,false,false,-83.0441,42.44777,"{
  ""coordinates"": [
    -8.304410060700000e+01,
    4.244776725600010e+01
  ],
  ""type"": ""Point""
}","{
  ""coordinates"": [
    -83.044100607,
    42.447767256
  ],
  ""type"": ""Point""
}",-83.044100607,42.4477672560001
9090,9769776,2515 NORMAN,PITT,2016-08-09,9,8,2016,10,3,9,9,,,2,,1,1,1,25,1,2,0,5,0,0,0,0,true,,false,false,true,false,false,,,,,,false,false,false,,,false,false,false,false,false,-83.13084,42.31272,"{
  ""coordinates"": [
    -8.313083399999989e+01,
    4.231271693700010e+01
  ],
  ""type"": ""Point""
}","{
  ""coordinates"": [
    -83.130834,
    42.312716937
  ],
  ""type"": ""Point""
}",-83.1308339999999,42.3127169370001
9091,9881499,6339 STAHELIN,DAYTON,2016-08-09,9,8,2016,1,3,9,9,,,0,,1,1,4,25,2,2,1,5,0,0,0,0,true,,false,false,false,false,false,,,,,,false,false,false,,,false,false,false,false,false,-83.22403,42.33447,"{
  ""coordinates"": [
    -8.322402610599990e+01,
    4.233447374500000e+01
  ],
  ""type"": ""Point""
}","{
  ""coordinates"": [
    -83.224026106,
    42.334473745
  ],
  ""type"": ""Point""
}",-83.2240261059999,42.334473745
9092,9771905,RAMP 122D,S M 10,2016-08-09,9,8,2016,8,3,5,1,,1,0,,1,1,1,55,2,2,2,5,0,0,0,0,true,,false,false,false,false,false,,,,,,false,false,false,,,false,false,false,false,false,-83.06401,42.33463,"{
  ""coordinates"": [
    -8.306400793300000e+01,
    4.233463232600010e+01
  ],
  ""type"": ""Point""
}","{
  ""coordinates"": [
    -83.064007933,
    42.334632326
  ],
  ""type"": ""Point""
}",-83.064007933,42.3346323260001
9093,9768922,GUNSTON,MINDEN,2016-08-09,9,8,2016,7,3,8,3,,1,0,,1,1,1,30,2,2,3,4,0,0,0,1,false,,false,false,false,false,false,,,,,,false,false,true,,,false,false,false,false,false,-83.00003,42.41539,"{
  ""coordinates"": [
    -8.300003062899999e+01,
    4.241538769200000e+01
  ],
  ""type"": ""Point""
}","{
  ""coordinates"": [
    -83.000030629,
    42.415387692
  ],
  ""type"": ""Point""
}",-83.000030629,42.415387692
9094,9773700,M-39,7 MILE,2016-08-09,9,8,2016,9,3,5,3,,1,0,,1,1,1,55,3,4,4,5,0,0,0,0,true,,false,false,false,false,false,,,,,,false,false,true,,,false,false,false,false,false,-83.21927,42.43111,"{
  ""coordinates"": [
    -8.321926659699990e+01,
    4.243111595600000e+01
  ],
  ""type"": ""Point""
}","{
  ""coordinates"": [
    -83.219266597,
    42.431115956
  ],
  ""type"": ""Point""
}",-83.2192665969999,42.431115956
9095,9768883,GRATIOT,LAMBERT,2016-08-09,9,8,2016,8,3,5,3,,1,0,,1,1,1,35,7,2,2,5,0,0,0,0,true,,false,false,false,false,false,,,,,,false,false,true,,,false,false,false,false,false,-83.00787,42.38913,"{
  ""coordinates"": [
    -8.300786621000000e+01,
    4.238913173600000e+01
  ],
  ""type"": ""Point""
}","{
  ""coordinates"": [
    -83.00786621,
    42.389131736
  ],
  ""type"": ""Point""
}",-83.00786621,42.389131736
9096,9771906,I-94,CHALMERS,2016-08-09,9,8,2016,8,3,5,1,,1,0,,98,98,1,55,3,2,2,4,0,0,0,1,false,,false,false,false,false,false,,,,,,false,false,false,,,false,false,false,false,false,-82.95524,42.40657,"{
  ""coordinates"": [
    -8.295524021200001e+01,
    4.240656994000010e+01
  ],
  ""type"": ""Point""
}","{
  ""coordinates"": [
    -82.955240212,
    42.40656994
  ],
  ""type"": ""Point""
}",-82.955240212,42.4065699400001
9097,9768842,WYOMING,7 MILE,2016-08-09,9,8,2016,14,3,8,9,,4,0,,1,1,1,35,3,2,2,5,0,0,0,0,true,,false,false,false,false,false,,,,,,false,false,false,,,false,false,false,false,false,-83.16098,42.43155,"{
  ""coordinates"": [
    -8.316098258800000e+01,
    4.243154742900000e+01
  ],
  ""type"": ""Point""
}","{
  ""coordinates"": [
    -83.160982588,
    42.431547429
  ],
  ""type"": ""Point""
}",-83.160982588,42.431547429
9098,9768943,DAVISON,KLINGER,2016-08-09,9,8,2016,17,3,5,3,,1,0,,1,1,1,35,3,3,3,5,0,0,0,0,true,,false,false,false,false,false,,,,,,false,false,false,,,false,false,false,false,false,-83.06368,42.41473,"{
  ""coordinates"": [
    -8.306368612800000e+01,
    4.241472974500000e+01
  ],
  ""type"": ""Point""
}","{
  ""coordinates"": [
    -83.063686128,
    42.414729745
  ],
  ""type"": ""Point""
}",-83.063686128,42.414729745
9099,9787576,KINGSVILLE,BALFOUR,2016-08-09,9,8,2016,13,3,4,9,,,0,,1,1,1,25,2,2,2,4,0,0,0,2,false,,false,false,false,false,false,,,,,,false,false,true,,,false,false,false,false,false,-82.93737,42.43009,"{
  ""coordinates"": [
    -8.293737280600000e+01,
    4.243008813100000e+01
  ],
  ""type"": ""Point""
}","{
  ""coordinates"": [
    -82.937372806,
    42.430088131
  ],
  ""type"": ""Point""
}",-82.937372806,42.430088131
9100,9768904,OUTER,7 MILE,2016-08-09,9,8,2016,11,3,4,9,,2,0,,1,1,1,35,4,2,6,5,0,0,0,0,true,,true,true,true,false,false,,,,,,false,false,true,,,false,false,false,false,false,-83.17548,42.43124,"{
  ""coordinates"": [
    -8.317547442199999e+01,
    4.243124097300010e+01
  ],
  ""type"": ""Point""
}","{
  ""coordinates"": [
    -83.175474422,
    42.431240973
  ],
  ""type"": ""Point""
}",-83.175474422,42.4312409730001
9101,9768870,SEMINOLE,MACK,2016-08-09,9,8,2016,11,3,9,9,,,2,,1,1,1,25,2,2,0,5,0,0,0,0,true,,false,false,true,false,false,,,,,,false,false,false,,,false,false,false,false,false,-83.00345,42.3685,"{
  ""coordinates"": [
    -8.300344966999999e+01,
    4.236850232900010e+01
  ],
  ""type"": ""Point""
}","{
  ""coordinates"": [
    -83.00344967,
    42.368502329
  ],
  ""type"": ""Point""
}",-83.00344967,42.3685023290001
9102,9768902,MORANG,CADIEUX,2016-08-09,9,8,2016,13,3,1,9,,4,0,,1,1,1,30,4,2,3,4,0,0,0,1,false,,false,false,false,false,false,,,,,,false,false,false,,,false,false,false,true,false,-82.94041,42.42221,"{
  ""coordinates"": [
    -8.294041402600000e+01,
    4.242220688600000e+01
  ],
  ""type"": ""Point""
}","{
  ""coordinates"": [
    -82.940414026,
    42.422206886
  ],
  ""type"": ""Point""
}",-82.940414026,42.422206886
9103,9768926,GRATIOT,FLANDERS,2016-08-09,9,8,2016,21,3,4,3,,1,0,,1,1,4,35,7,2,2,4,0,0,0,1,false,,false,false,false,false,false,,,,,,false,false,false,,,false,false,true,false,false,-82.99247,42.41259,"{
  ""coordinates"": [
    -8.299246606100000e+01,
    4.241258887500000e+01
  ],
  ""type"": ""Point""
}","{
  ""coordinates"": [
    -82.992466061,
    42.412588875
  ],
  ""type"": ""Point""
}",-82.992466061,42.412588875
9104,9771075,JEFFERSON,IRON,2016-08-09,9,8,2016,14,3,1,9,,4,0,,1,1,1,35,9,2,2,4,0,0,0,1,false,,false,false,false,false,false,,,,,,false,true,false,,,false,false,false,true,false,-83.00915,42.34404,"{
  ""coordinates"": [
    -8.300914836600001e+01,
    4.234404320600000e+01
  ],
  ""type"": ""Point""
}","{
  ""coordinates"": [
    -83.009148366,
    42.344043206
  ],
  ""type"": ""Point""
}",-83.009148366,42.344043206
9105,9768847,MEYERS,E I 96 SERVICE DRIVE,2016-08-09,9,8,2016,12,3,8,9,,4,0,,1,1,1,35,4,2,2,5,0,0,0,0,true,,false,false,false,false,false,,,,,,false,false,false,,,false,false,false,false,false,-83.16857,42.38461,"{
  ""coordinates"": [
    -8.316856944400000e+01,
    4.238461465100000e+01
  ],
  ""type"": ""Point""
}","{
  ""coordinates"": [
    -83.168569444,
    42.384614651
  ],
  ""type"": ""Point""
}",-83.168569444,42.384614651
9106,9774569,M-10,LINWOOD,2016-08-09,9,8,2016,15,3,5,3,,1,0,,1,1,1,55,3,2,4,4,0,0,0,1,false,,false,false,true,false,false,,,,,,false,false,true,,,false,false,false,false,false,-83.12148,42.40478,"{
  ""coordinates"": [
    -8.312148574100000e+01,
    4.240477599000010e+01
  ],
  ""type"": ""Point""
}","{
  ""coordinates"": [
    -83.121485741,
    42.40477599
  ],
  ""type"": ""Point""
}",-83.121485741,42.4047759900001
9107,9768849,W I 96 SERVICE DRIVE,SCHAEFER,2016-08-09,9,8,2016,7,3,97,1,,1,0,,1,1,1,30,4,3,4,4,0,0,0,1,false,,true,true,false,false,false,,,,,,false,true,false,,,false,false,false,false,false,-83.17818,42.38385,"{
  ""coordinates"": [
    -8.317818592400000e+01,
    4.238384847300010e+01
  ],
  ""type"": ""Point""
}","{
  ""coordinates"": [
    -83.178185924,
    42.383848473
  ],
  ""type"": ""Point""
}",-83.178185924,42.3838484730001
9108,9784420,MOUND,OUTER,2016-08-09,9,8,2016,5,3,5,9,,2,0,,1,1,1,45,2,3,3,5,0,0,0,0,true,,false,false,false,false,false,,,,,,false,false,false,,,false,false,true,false,false,-83.04369,42.44065,"{
  ""coordinates"": [
    -8.304369045399990e+01,
    4.244064960500000e+01
  ],
  ""type"": ""Point""
}","{
  ""coordinates"": [
    -83.043690454,
    42.440649605
  ],
  ""type"": ""Point""
}",-83.0436904539999,42.440649605
9109,9771049,GRAND,14TH,2016-08-09,9,8,2016,7,3,5,9,,4,0,,1,1,1,0,8,2,1,5,0,0,0,0,true,,false,false,false,false,false,,,,,,false,false,false,,,false,false,false,false,false,-83.09451,42.36231,"{
  ""coordinates"": [
    -8.309450380500000e+01,
    4.236231089000010e+01
  ],
  ""type"": ""Point""
}","{
  ""coordinates"": [
    -83.094503805,
    42.36231089
  ],
  ""type"": ""Point""
}",-83.094503805,42.3623108900001
9110,9768968,PURITAN,SCHAEFER,2016-08-09,9,8,2016,19,3,10,9,,4,0,,1,1,1,30,3,2,2,5,0,0,0,0,true,,false,false,true,false,false,,,,,,false,false,false,,,false,false,false,false,false,-83.17946,42.40936,"{
  ""coordinates"": [
    -8.317945777900000e+01,
    4.240935921300010e+01
  ],
  ""type"": ""Point""
}","{
  ""coordinates"": [
    -83.179457779,
    42.409359213
  ],
  ""type"": ""Point""
}",-83.179457779,42.4093592130001
9111,9769764,I-94,MOROSS,2016-08-09,9,8,2016,9,3,5,1,,1,0,,1,1,1,55,3,2,2,4,0,0,0,1,false,,false,false,false,false,false,,,,,,false,false,false,,,false,false,false,false,false,-82.93134,42.42133,"{
  ""coordinates"": [
    -8.293133166299999e+01,
    4.242132781500000e+01
  ],
  ""type"": ""Point""
}","{
  ""coordinates"": [
    -82.931331663,
    42.421327815
  ],
  ""type"": ""Point""
}",-82.931331663,42.421327815
9112,9768873,BEDFORD,SOUTHAMPTON,2016-08-09,9,8,2016,14,3,5,9,,,3,,1,1,1,25,2,2,1,5,0,0,0,0,true,,false,false,true,false,false,,,,,,false,false,false,,,false,false,false,false,false,-82.94323,42.40549,"{
  ""coordinates"": [
    -8.294323122299990e+01,
    4.240549155400000e+01
  ],
  ""type"": ""Point""
}","{
  ""coordinates"": [
    -82.943231223,
    42.405491554
  ],
  ""type"": ""Point""
}",-82.9432312229999,42.405491554
9113,9778132,N JOHN C LODGE/S JOHN C LODGE,S M 10,2016-08-09,9,8,2016,17,3,5,9,,,0,,1,1,1,30,1,2,2,4,0,0,0,1,false,,false,false,true,false,false,,,,,,false,false,false,,,false,false,false,false,false,-83.07234,42.35145,"{
  ""coordinates"": [
    -8.307234456399991e+01,
    4.235145166200000e+01
  ],
  ""type"": ""Point""
}","{
  ""coordinates"": [
    -83.072344564,
    42.351451662
  ],
  ""type"": ""Point""
}",-83.0723445639999,42.351451662
9114,9768864,LIVERNOIS,BARLUM,2016-08-09,9,8,2016,17,3,8,9,,4,0,,1,1,1,0,3,2,3,5,0,0,0,0,true,,false,false,false,false,false,,,,,,false,false,true,,,false,false,false,false,false,-83.12985,42.34402,"{
  ""coordinates"": [
    -8.312984867300000e+01,
    4.234402224700010e+01
  ],
  ""type"": ""Point""
}","{
  ""coordinates"": [
    -83.129848673,
    42.344022247
  ],
  ""type"": ""Point""
}",-83.129848673,42.3440222470001
9115,9772047,I 75,JUNCTION,2016-08-09,9,8,2016,16,3,1,1,,1,1,,1,1,1,70,4,1,1,5,0,0,0,0,true,,false,false,false,false,false,,,,,,false,false,false,,,false,false,false,false,false,-83.09602,42.31149,"{
  ""coordinates"": [
    -8.309601926600000e+01,
    4.231149367400010e+01
  ],
  ""type"": ""Point""
}","{
  ""coordinates"": [
    -83.096019266,
    42.311493674
  ],
  ""type"": ""Point""
}",-83.096019266,42.3114936740001
9116,9768877,S M 10,GRAND,2016-08-09,9,8,2016,8,3,8,3,,1,0,,1,1,1,55,3,2,2,5,0,0,0,0,true,,false,false,false,false,false,,,,,,false,true,false,,,false,false,false,false,false,-83.0821,42.36728,"{
  ""coordinates"": [
    -8.308210150600000e+01,
    4.236727490500000e+01
  ],
  ""type"": ""Point""
}","{
  ""coordinates"": [
    -83.082101506,
    42.367274905
  ],
  ""type"": ""Point""
}",-83.082101506,42.367274905
9117,9771069,OGDEN,ARNOLD,2016-08-09,9,8,2016,12,3,97,9,,,0,,1,1,1,25,3,2,2,4,0,0,0,1,false,,false,false,false,false,false,,,,,,false,false,true,,,false,false,false,false,false,-83.14484,42.32795,"{
  ""coordinates"": [
    -8.314484085399990e+01,
    4.232795359300010e+01
  ],
  ""type"": ""Point""
}","{
  ""coordinates"": [
    -83.144840854,
    42.327953593
  ],
  ""type"": ""Point""
}",-83.1448408539999,42.3279535930001
9118,9771054,BASSETT,SCHAEFER,2016-08-09,9,8,2016,21,3,2,9,,,2,,1,1,4,25,1,2,1,5,0,0,0,0,true,,false,false,false,false,false,,,,,,false,false,true,,,false,false,false,false,false,-83.14377,42.27594,"{
  ""coordinates"": [
    -8.314377060500000e+01,
    4.227593592700000e+01
  ],
  ""type"": ""Point""
}","{
  ""coordinates"": [
    -83.143770605,
    42.275935927
  ],
  ""type"": ""Point""
}",-83.143770605,42.275935927
9119,9771084,E I 94,MOROSS,2016-08-09,9,8,2016,19,3,4,1,,1,0,,1,1,1,35,3,2,3,5,0,0,0,0,true,,false,false,false,false,false,,,,,,false,false,true,,,false,false,false,false,false,-82.92861,42.42455,"{
  ""coordinates"": [
    -8.292860813100000e+01,
    4.242454685900000e+01
  ],
  ""type"": ""Point""
}","{
  ""coordinates"": [
    -82.928608131,
    42.424546859
  ],
  ""type"": ""Point""
}",-82.928608131,42.424546859