ObjectId,Crash ID,Primary Road,Intersecting Road,Crash Date,Day,Month,Year,Hour,Weekday,Crash Type Code,Highway Classification Code,Community Code,Jurisdiction Code,Lane Departure Type Code,Surface Type,Road Condition,Weather Condition,Lighting Condition,Speed Limit,Lanes,Units,Occupants,Most Severe Injury,Fatal Injuries,Suspected Serious Injuries,Suspected Minor Injuries,Possible Injuries,Property Damage Only,Secondary Crash,Traffic Control,Red Light Run,Hit and Run,Alcohol,Drugs,Unbelted Person,Work Zone,Speeding Driver,Distracted Driver,Driveway,Pedestrian,Elderly Driver,Young Driver,Commercial Vehicle,Emergency Vehicles,Train,School Bus,Motorcycle,Bicycle,Deer,Longitude,Latitude,geom,geog,x,y
9120,9796828,HAYES,KENT,2016-08-09,9,8,2016,19,3,1,9,,4,0,,1,1,1,35,2,2,2,4,0,0,0,1,false,,false,false,false,false,false,,,,,,false,false,false,,,false,false,false,true,false,-82.96443,42.4072,"{
  ""coordinates"": [
    -8.296443105500001e+01,
    4.240719841500000e+01
  ],
  ""type"": ""Point""
}","{
  ""coordinates"": [
    -82.964431055,
    42.407198415
  ],
  ""type"": ""Point""
}",-82.964431055,42.407198415
9121,9782481,FOREST,TRUMBULL,2016-08-09,9,8,2016,13,3,4,9,,4,0,,1,1,1,0,4,2,3,4,0,0,0,1,false,,true,true,false,false,false,,,,,,false,false,true,,,false,false,false,false,false,-83.07738,42.34996,"{
  ""coordinates"": [
    -8.307738491600000e+01,
    4.234995652800010e+01
  ],
  ""type"": ""Point""
}","{
  ""coordinates"": [
    -83.077384916,
    42.349956528
  ],
  ""type"": ""Point""
}",-83.077384916,42.3499565280001
9122,9768905,GRATIOT,ROSEMARY,2016-08-09,9,8,2016,2,3,1,3,,1,0,,1,1,4,35,3,1,1,5,0,0,0,0,true,,false,false,false,false,false,,,,,,false,false,true,,,false,false,false,false,false,-82.99551,42.40793,"{
  ""coordinates"": [
    -8.299551067999990e+01,
    4.240792741200000e+01
  ],
  ""type"": ""Point""
}","{
  ""coordinates"": [
    -82.99551068,
    42.407927412
  ],
  ""type"": ""Point""
}",-82.9955106799999,42.407927412
9123,9769786,OUTER,MCNICHOLS,2016-08-09,9,8,2016,17,3,97,9,,2,0,,1,1,1,40,2,2,1,5,0,0,0,0,true,,false,false,true,false,false,,,,,,false,false,false,,,false,false,false,false,false,-83.23199,42.41526,"{
  ""coordinates"": [
    -8.323198874000001e+01,
    4.241526000700000e+01
  ],
  ""type"": ""Point""
}","{
  ""coordinates"": [
    -83.23198874,
    42.415260007
  ],
  ""type"": ""Point""
}",-83.23198874,42.415260007
9124,9773699,M-39,MCNICHOLS,2016-08-09,9,8,2016,6,3,1,3,,1,0,,1,1,2,55,3,1,1,5,0,0,0,0,true,,false,false,false,false,false,,,,,,false,false,true,,,false,false,false,false,false,-83.21871,42.41446,"{
  ""coordinates"": [
    -8.321871213999999e+01,
    4.241445457900010e+01
  ],
  ""type"": ""Point""
}","{
  ""coordinates"": [
    -83.21871214,
    42.414454579
  ],
  ""type"": ""Point""
}",-83.21871214,42.4144545790001
9125,9771062,PORTER,S I 75 SERVICE DRIVE,2016-08-09,9,8,2016,13,3,8,9,,,0,,1,1,1,30,6,2,1,5,0,0,0,0,true,,false,false,true,false,false,,,,,,false,false,false,,,false,false,false,false,false,-83.08349,42.32071,"{
  ""coordinates"": [
    -8.308348931800001e+01,
    4.232071370500010e+01
  ],
  ""type"": ""Point""
}","{
  ""coordinates"": [
    -83.083489318,
    42.320713705
  ],
  ""type"": ""Point""
}",-83.083489318,42.3207137050001
9126,9768937,DAVISON,PETOSKEY,2016-08-09,9,8,2016,7,3,5,3,,1,0,,1,1,1,35,7,2,2,4,0,0,0,1,false,,false,false,false,false,false,,,,,,false,true,false,,,false,false,false,false,false,-83.13541,42.38802,"{
  ""coordinates"": [
    -8.313541569099991e+01,
    4.238802200700010e+01
  ],
  ""type"": ""Point""
}","{
  ""coordinates"": [
    -83.135415691,
    42.388022007
  ],
  ""type"": ""Point""
}",-83.1354156909999,42.3880220070001
9127,9768893,GRAND RIVER,MINOCK,2016-08-09,9,8,2016,16,3,5,3,,1,0,,1,1,1,35,5,2,3,5,0,0,0,0,true,,false,false,false,false,false,,,,,,false,true,false,,,false,false,false,false,false,-83.23394,42.40699,"{
  ""coordinates"": [
    -8.323393886600000e+01,
    4.240699507900010e+01
  ],
  ""type"": ""Point""
}","{
  ""coordinates"": [
    -83.233938866,
    42.406995079
  ],
  ""type"": ""Point""
}",-83.233938866,42.4069950790001
9128,9824732,MICHIGAN,MARTIN,2016-08-09,9,8,2016,13,3,4,2,,1,0,,1,1,1,35,5,2,1,5,0,0,0,0,true,,false,false,true,false,false,,,,,,false,false,false,,,false,false,false,false,false,-83.12733,42.33115,"{
  ""coordinates"": [
    -8.312732549400000e+01,
    4.233114565300010e+01
  ],
  ""type"": ""Point""
}","{
  ""coordinates"": [
    -83.127325494,
    42.331145653
  ],
  ""type"": ""Point""
}",-83.127325494,42.3311456530001
9129,9768839,GREENFIELD,CHICAGO,2016-08-09,9,8,2016,18,3,4,9,,2,0,,1,1,1,35,4,2,3,3,0,0,1,0,false,,false,false,false,false,false,,,,,,false,false,false,,,false,false,false,false,false,-83.19727,42.36556,"{
  ""coordinates"": [
    -8.319727702900001e+01,
    4.236556071300000e+01
  ],
  ""type"": ""Point""
}","{
  ""coordinates"": [
    -83.197277029,
    42.365560713
  ],
  ""type"": ""Point""
}",-83.197277029,42.365560713
9130,9773693,M-10,MILWAUKEE,2016-08-09,9,8,2016,10,3,1,3,,1,1,,1,1,1,55,3,1,1,5,0,0,0,0,true,,false,false,false,false,false,,,,,,false,false,true,,,false,false,false,false,false,-83.07944,42.3641,"{
  ""coordinates"": [
    -8.307944642099990e+01,
    4.236409738400000e+01
  ],
  ""type"": ""Point""
}","{
  ""coordinates"": [
    -83.079446421,
    42.364097384
  ],
  ""type"": ""Point""
}",-83.0794464209999,42.364097384
9131,9783788,14TH,BUENA,2016-08-09,9,8,2016,19,3,4,9,,4,0,,1,1,1,0,2,2,2,3,0,0,1,0,false,,true,false,true,false,false,,,,,,false,false,false,,,false,false,false,false,false,-83.11452,42.39305,"{
  ""coordinates"": [
    -8.311451868099989e+01,
    4.239304871100010e+01
  ],
  ""type"": ""Point""
}","{
  ""coordinates"": [
    -83.114518681,
    42.393048711
  ],
  ""type"": ""Point""
}",-83.1145186809999,42.3930487110001
9132,9774640,WOODWARD,ALEXANDRINE,2016-08-08,8,8,2016,12,2,5,3,,1,0,,1,1,1,25,3,2,2,5,0,0,0,0,true,,false,false,false,false,false,,,,,,false,false,false,,,false,false,false,false,false,-83.06001,42.35057,"{
  ""coordinates"": [
    -8.306000826600000e+01,
    4.235057549900010e+01
  ],
  ""type"": ""Point""
}","{
  ""coordinates"": [
    -83.060008266,
    42.350575499
  ],
  ""type"": ""Point""
}",-83.060008266,42.3505754990001
9133,9771053,JOHN C LODGE,CLAIRMONT,2016-08-08,8,8,2016,17,2,5,3,,1,0,,1,1,1,55,4,2,2,5,0,0,0,0,true,,false,false,false,false,false,,,,,,false,false,true,,,false,false,false,false,false,-83.09035,42.3799,"{
  ""coordinates"": [
    -8.309035635299990e+01,
    4.237990360900010e+01
  ],
  ""type"": ""Point""
}","{
  ""coordinates"": [
    -83.090356353,
    42.379903609
  ],
  ""type"": ""Point""
}",-83.0903563529999,42.3799036090001
9134,9768881,RUSSELL,LYMAN,2016-08-08,8,8,2016,15,2,5,9,,4,0,,1,1,1,25,4,2,2,5,0,0,0,0,true,,false,false,false,false,false,,,,,,false,false,false,,,false,false,false,false,false,-83.0585,42.37347,"{
  ""coordinates"": [
    -8.305849854000000e+01,
    4.237347258100000e+01
  ],
  ""type"": ""Point""
}","{
  ""coordinates"": [
    -83.05849854,
    42.373472581
  ],
  ""type"": ""Point""
}",-83.05849854,42.373472581
9135,9773687,I-94,CASS,2016-08-08,8,8,2016,12,2,5,1,,1,0,,1,1,1,55,3,2,1,5,0,0,0,0,true,,false,false,true,false,false,,,,,,false,false,false,,,false,false,false,false,false,-83.07191,42.36182,"{
  ""coordinates"": [
    -8.307191520200000e+01,
    4.236181666900010e+01
  ],
  ""type"": ""Point""
}","{
  ""coordinates"": [
    -83.071915202,
    42.361816669
  ],
  ""type"": ""Point""
}",-83.071915202,42.3618166690001
9136,9768858,BRAINARD,BRAINARD,2016-08-08,8,8,2016,16,2,8,9,,,0,,1,1,1,25,2,2,0,5,0,0,0,0,true,,false,false,true,false,false,,,,,,false,false,false,,,false,false,false,false,false,-83.06652,42.34459,"{
  ""coordinates"": [
    -8.306651746999999e+01,
    4.234459110400010e+01
  ],
  ""type"": ""Point""
}","{
  ""coordinates"": [
    -83.06651747,
    42.344591104
  ],
  ""type"": ""Point""
}",-83.06651747,42.3445911040001
9137,9768920,GRATIOT,MOHICAN,2016-08-08,8,8,2016,16,2,97,3,,1,0,,1,1,1,35,7,3,4,4,0,0,0,3,false,,false,false,false,false,false,,,,,,false,false,true,,,false,false,true,false,false,-82.97076,42.44558,"{
  ""coordinates"": [
    -8.297076360400000e+01,
    4.244557603000000e+01
  ],
  ""type"": ""Point""
}","{
  ""coordinates"": [
    -82.970763604,
    42.44557603
  ],
  ""type"": ""Point""
}",-82.970763604,42.44557603
9138,9773689,I-94,CASS,2016-08-08,8,8,2016,12,2,5,1,,1,0,,1,1,1,55,3,2,1,5,0,0,0,0,true,,false,false,true,false,false,,,,,,false,true,false,,,false,false,false,false,false,-83.07134,42.36217,"{
  ""coordinates"": [
    -8.307134419900000e+01,
    4.236217273900010e+01
  ],
  ""type"": ""Point""
}","{
  ""coordinates"": [
    -83.071344199,
    42.362172739
  ],
  ""type"": ""Point""
}",-83.071344199,42.3621727390001
9139,9768875,MACK,CONCORD,2016-08-08,8,8,2016,14,2,8,9,,4,0,,1,1,1,30,2,2,2,5,0,0,0,0,true,,false,false,false,false,false,,,,,,false,true,false,,,false,false,false,false,false,-83.01644,42.36316,"{
  ""coordinates"": [
    -8.301644381800000e+01,
    4.236316433300000e+01
  ],
  ""type"": ""Point""
}","{
  ""coordinates"": [
    -83.016443818,
    42.363164333
  ],
  ""type"": ""Point""
}",-83.016443818,42.363164333
9140,9771036,I-94,GRATIOT,2016-08-08,8,8,2016,0,2,5,1,,1,0,,1,1,1,55,3,2,1,5,0,0,0,0,true,,false,false,true,false,false,,,,,,false,false,false,,,false,false,false,false,false,-83.00661,42.39144,"{
  ""coordinates"": [
    -8.300661121099991e+01,
    4.239143941000000e+01
  ],
  ""type"": ""Point""
}","{
  ""coordinates"": [
    -83.006611211,
    42.39143941
  ],
  ""type"": ""Point""
}",-83.0066112109999,42.39143941
9141,9779520,FORD,N M 39,2016-08-08,8,8,2016,17,2,5,3,,1,0,,1,1,1,45,4,3,3,5,0,0,0,0,true,,false,false,false,false,false,,,,,,false,false,false,,,false,false,false,false,false,-83.21561,42.3291,"{
  ""coordinates"": [
    -8.321560315399999e+01,
    4.232909864200010e+01
  ],
  ""type"": ""Point""
}","{
  ""coordinates"": [
    -83.215603154,
    42.329098642
  ],
  ""type"": ""Point""
}",-83.215603154,42.3290986420001
9142,9783189,SEWARD,WOODWARD,2016-08-08,8,8,2016,6,2,98,9,,,3,,1,1,4,0,2,2,0,5,0,0,0,0,true,,false,false,true,false,false,,,,,,false,false,false,,,false,false,false,false,false,-83.07754,42.37473,"{
  ""coordinates"": [
    -8.307753530900000e+01,
    4.237473016900000e+01
  ],
  ""type"": ""Point""
}","{
  ""coordinates"": [
    -83.077535309,
    42.374730169
  ],
  ""type"": ""Point""
}",-83.077535309,42.374730169
9143,9773680,E I 94,GRAND RIVER,2016-08-08,8,8,2016,17,2,8,1,,1,0,,1,1,1,55,3,2,1,5,0,0,0,0,true,,false,false,true,false,false,,,,,,false,false,false,,,false,false,false,false,false,-83.0956,42.35121,"{
  ""coordinates"": [
    -8.309559297899990e+01,
    4.235121218200000e+01
  ],
  ""type"": ""Point""
}","{
  ""coordinates"": [
    -83.095592979,
    42.351212182
  ],
  ""type"": ""Point""
}",-83.0955929789999,42.351212182
9144,9768940,LIVERNOIS,GRAND RIVER,2016-08-08,8,8,2016,18,2,8,3,,4,0,,1,1,4,35,2,2,4,4,0,0,0,3,false,,false,false,false,false,false,,,,,,false,false,false,,,false,false,false,false,false,-83.13879,42.36866,"{
  ""coordinates"": [
    -8.313879359399991e+01,
    4.236866309900010e+01
  ],
  ""type"": ""Point""
}","{
  ""coordinates"": [
    -83.138793594,
    42.368663099
  ],
  ""type"": ""Point""
}",-83.1387935939999,42.3686630990001
9145,9773690,M-10,7 MILE,2016-08-08,8,8,2016,13,2,5,3,,1,0,,1,1,1,55,3,3,4,4,0,0,0,3,false,,false,false,false,false,false,,,,,,false,false,false,,,false,false,false,false,false,-83.18377,42.42807,"{
  ""coordinates"": [
    -8.318377300400000e+01,
    4.242807468300000e+01
  ],
  ""type"": ""Point""
}","{
  ""coordinates"": [
    -83.183773004,
    42.428074683
  ],
  ""type"": ""Point""
}",-83.183773004,42.428074683
9146,9775579,WYOMING,MCNICHOLS,2016-08-08,8,8,2016,21,2,97,9,,4,0,,1,1,4,30,2,2,5,5,0,0,0,0,true,,false,false,false,false,false,,,,,,false,false,false,,,false,false,false,false,false,-83.16032,42.41693,"{
  ""coordinates"": [
    -8.316031545600001e+01,
    4.241693005900000e+01
  ],
  ""type"": ""Point""
}","{
  ""coordinates"": [
    -83.160315456,
    42.416930059
  ],
  ""type"": ""Point""
}",-83.160315456,42.416930059
9147,9773691,RAMP 216I,MILWAUKEE,2016-08-08,8,8,2016,17,2,8,1,,1,0,,1,1,1,55,2,3,3,5,0,0,0,0,true,,false,false,false,false,false,,,,,,false,false,false,,,false,false,false,false,false,-83.05991,42.3732,"{
  ""coordinates"": [
    -8.305990691999990e+01,
    4.237320218300000e+01
  ],
  ""type"": ""Point""
}","{
  ""coordinates"": [
    -83.05990692,
    42.373202183
  ],
  ""type"": ""Point""
}",-83.0599069199999,42.373202183
9148,9839749,7 MILE,FIELDING,2016-08-08,8,8,2016,3,2,5,9,,2,0,,1,1,1,35,4,2,8,4,0,0,0,2,false,,false,false,false,false,false,,,,,,false,false,true,,,false,false,false,false,false,-83.24452,42.42944,"{
  ""coordinates"": [
    -8.324452411800000e+01,
    4.242943445300010e+01
  ],
  ""type"": ""Point""
}","{
  ""coordinates"": [
    -83.244524118,
    42.429434453
  ],
  ""type"": ""Point""
}",-83.244524118,42.4294344530001
9149,9773688,I-75,WARREN,2016-08-08,8,8,2016,6,2,8,1,,1,0,,1,1,2,55,4,2,2,5,0,0,0,0,true,,false,false,false,false,false,,,,,,false,false,false,,,false,false,false,false,false,-83.05361,42.35944,"{
  ""coordinates"": [
    -8.305361529299999e+01,
    4.235943712700000e+01
  ],
  ""type"": ""Point""
}","{
  ""coordinates"": [
    -83.053615293,
    42.359437127
  ],
  ""type"": ""Point""
}",-83.053615293,42.359437127
9150,9769796,JOHN R,7 MILE,2016-08-08,8,8,2016,20,2,97,9,,4,0,,1,1,1,35,3,3,5,4,0,0,0,3,false,,false,false,false,false,false,,,,,,false,false,false,,,false,false,false,false,false,-83.10237,42.4323,"{
  ""coordinates"": [
    -8.310237365200000e+01,
    4.243230430300010e+01
  ],
  ""type"": ""Point""
}","{
  ""coordinates"": [
    -83.102373652,
    42.432304303
  ],
  ""type"": ""Point""
}",-83.102373652,42.4323043030001
9151,9779527,PRESCOTT,ELLERY,2016-08-08,8,8,2016,11,2,4,9,,,0,,1,1,1,25,2,2,3,4,0,0,0,1,false,,false,false,false,false,false,,,,,,false,true,false,,,false,false,false,false,false,-83.04997,42.40451,"{
  ""coordinates"": [
    -8.304997412099991e+01,
    4.240450664900000e+01
  ],
  ""type"": ""Point""
}","{
  ""coordinates"": [
    -83.049974121,
    42.404506649
  ],
  ""type"": ""Point""
}",-83.0499741209999,42.404506649
9152,9768872,CHANDLER PARK,CHALMERS,2016-08-08,8,8,2016,4,2,9,9,,2,0,,1,1,4,35,2,2,1,4,0,0,0,1,false,,false,false,true,false,false,,,,,,false,false,false,,,false,false,false,false,false,-82.96201,42.40031,"{
  ""coordinates"": [
    -8.296200401300000e+01,
    4.240030661200010e+01
  ],
  ""type"": ""Point""
}","{
  ""coordinates"": [
    -82.962004013,
    42.400306612
  ],
  ""type"": ""Point""
}",-82.962004013,42.4003066120001
9153,9773679,N M 39,PURITAN,2016-08-08,8,8,2016,8,2,5,3,,1,0,,1,1,1,55,3,2,1,5,0,0,0,0,true,,false,false,true,false,false,,,,,,false,false,false,,,false,false,false,false,false,-83.21848,42.40765,"{
  ""coordinates"": [
    -8.321848072900001e+01,
    4.240764996000010e+01
  ],
  ""type"": ""Point""
}","{
  ""coordinates"": [
    -83.218480729,
    42.40764996
  ],
  ""type"": ""Point""
}",-83.218480729,42.4076499600001
9154,9771060,VISGER,LIDDESDALE,2016-08-08,8,8,2016,15,2,3,9,,4,0,,1,1,1,25,4,2,2,5,0,0,0,0,true,,false,false,false,false,false,,,,,,false,true,false,,,false,false,false,false,false,-83.15869,42.26705,"{
  ""coordinates"": [
    -8.315869302199999e+01,
    4.226705010200000e+01
  ],
  ""type"": ""Point""
}","{
  ""coordinates"": [
    -83.158693022,
    42.267050102
  ],
  ""type"": ""Point""
}",-83.158693022,42.267050102
9155,9773698,M-39,WARREN,2016-08-08,8,8,2016,18,2,8,3,,1,0,,1,1,1,55,3,2,3,5,0,0,0,0,true,,false,false,true,false,false,,,,,,false,true,false,,,false,false,false,false,false,-83.21628,42.34474,"{
  ""coordinates"": [
    -8.321627609500000e+01,
    4.234473915100010e+01
  ],
  ""type"": ""Point""
}","{
  ""coordinates"": [
    -83.216276095,
    42.344739151
  ],
  ""type"": ""Point""
}",-83.216276095,42.3447391510001
9156,9773735,MICHIGAN,CENTRAL,2016-08-08,8,8,2016,15,2,5,2,,1,0,,1,1,1,0,6,2,3,5,0,0,0,0,true,,false,false,false,false,false,,,,,,false,false,true,,,false,false,false,false,false,-83.13731,42.33109,"{
  ""coordinates"": [
    -8.313731176300000e+01,
    4.233109413500010e+01
  ],
  ""type"": ""Point""
}","{
  ""coordinates"": [
    -83.137311763,
    42.331094135
  ],
  ""type"": ""Point""
}",-83.137311763,42.3310941350001
9157,9768962,FENKELL,CHEYENNE,2016-08-08,8,8,2016,13,2,10,9,,2,0,,1,1,1,30,2,2,2,5,0,0,0,0,true,,false,false,false,false,false,,,,,,false,false,false,,,false,false,false,false,false,-83.17484,42.40214,"{
  ""coordinates"": [
    -8.317483424600000e+01,
    4.240214009000000e+01
  ],
  ""type"": ""Point""
}","{
  ""coordinates"": [
    -83.174834246,
    42.40214009
  ],
  ""type"": ""Point""
}",-83.174834246,42.40214009
9158,9768901,CHALMERS,7 MILE,2016-08-08,8,8,2016,13,2,5,9,,4,0,,1,1,1,30,3,2,2,5,0,0,0,0,true,,false,false,false,false,false,,,,,,false,true,false,,,false,false,false,false,false,-82.97527,42.43493,"{
  ""coordinates"": [
    -8.297526664500000e+01,
    4.243492857900000e+01
  ],
  ""type"": ""Point""
}","{
  ""coordinates"": [
    -82.975266645,
    42.434928579
  ],
  ""type"": ""Point""
}",-82.975266645,42.434928579
9159,9772045,I 94,CONNER,2016-08-08,8,8,2016,7,2,5,1,,1,0,,1,1,1,55,3,3,3,5,0,0,0,0,true,,false,false,false,false,false,,,,,,false,false,false,,,false,false,false,false,false,-82.98373,42.39864,"{
  ""coordinates"": [
    -8.298373141199990e+01,
    4.239864055900010e+01
  ],
  ""type"": ""Point""
}","{
  ""coordinates"": [
    -82.983731412,
    42.398640559
  ],
  ""type"": ""Point""
}",-82.9837314119999,42.3986405590001
9160,9778143,SCHOOLCRAFT,OUTER,2016-08-08,8,8,2016,7,2,8,9,,4,0,,1,1,1,35,3,2,1,5,0,0,0,0,true,,false,false,true,false,false,,,,,,false,true,false,,,false,false,false,false,false,-83.25647,42.38596,"{
  ""coordinates"": [
    -8.325646836700000e+01,
    4.238596455000000e+01
  ],
  ""type"": ""Point""
}","{
  ""coordinates"": [
    -83.256468367,
    42.38596455
  ],
  ""type"": ""Point""
}",-83.256468367,42.38596455
9161,9771095,8 MILE,ST MARY,2016-08-08,8,8,2016,23,2,5,3,,1,0,,1,1,4,45,4,2,1,5,0,0,0,0,true,,false,false,true,false,false,,,,,,false,false,false,,,false,false,false,false,false,-83.20787,42.44444,"{
  ""coordinates"": [
    -8.320787061999989e+01,
    4.244443546100010e+01
  ],
  ""type"": ""Point""
}","{
  ""coordinates"": [
    -83.20787062,
    42.444435461
  ],
  ""type"": ""Point""
}",-83.2078706199999,42.4444354610001
9162,9768862,CLARKDALE,TOLEDO,2016-08-08,8,8,2016,19,2,1,9,,,1,,1,1,1,25,2,1,0,5,0,0,0,0,true,,false,false,true,false,false,,,,,,false,false,false,,,false,false,false,false,false,-83.09683,42.32333,"{
  ""coordinates"": [
    -8.309682854499989e+01,
    4.232333083700010e+01
  ],
  ""type"": ""Point""
}","{
  ""coordinates"": [
    -83.096828545,
    42.323330837
  ],
  ""type"": ""Point""
}",-83.0968285449999,42.3233308370001
9163,9768981,W I 94,GRAND,2016-08-08,8,8,2016,16,2,1,1,,1,1,,1,1,1,25,2,1,1,5,0,0,0,0,true,,false,false,false,false,false,,,,,,false,false,true,,,false,false,false,false,false,-83.10936,42.34701,"{
  ""coordinates"": [
    -8.310936249600000e+01,
    4.234701114900000e+01
  ],
  ""type"": ""Point""
}","{
  ""coordinates"": [
    -83.109362496,
    42.347011149
  ],
  ""type"": ""Point""
}",-83.109362496,42.347011149
9164,9772069,ST AUBIN,HENDRIE,2016-08-08,8,8,2016,17,2,5,9,,4,0,,1,1,1,0,1,2,3,5,0,0,0,0,true,,false,false,false,false,false,,,,,,false,true,false,,,false,false,false,false,false,-83.04848,42.37066,"{
  ""coordinates"": [
    -8.304848482599991e+01,
    4.237066085600000e+01
  ],
  ""type"": ""Point""
}","{
  ""coordinates"": [
    -83.048484826,
    42.370660856
  ],
  ""type"": ""Point""
}",-83.0484848259999,42.370660856
9165,9773696,M-10,WEBB,2016-08-08,8,8,2016,6,2,1,3,,1,1,,1,1,2,55,3,1,1,4,0,0,0,1,false,,false,false,false,true,true,,,,,,false,false,false,,,false,false,false,false,false,-83.10129,42.3866,"{
  ""coordinates"": [
    -8.310128654300000e+01,
    4.238660553400010e+01
  ],
  ""type"": ""Point""
}","{
  ""coordinates"": [
    -83.101286543,
    42.386605534
  ],
  ""type"": ""Point""
}",-83.101286543,42.3866055340001
9166,9768867,BEATRICE,SALLIOTTE,2016-08-08,8,8,2016,15,2,98,9,,,3,,1,1,1,0,3,2,0,5,0,0,0,0,true,,false,false,false,false,false,,,,,,false,false,false,,,false,false,false,false,false,-83.16273,42.2589,"{
  ""coordinates"": [
    -8.316273868699990e+01,
    4.225889875500010e+01
  ],
  ""type"": ""Point""
}","{
  ""coordinates"": [
    -83.162738687,
    42.258898755
  ],
  ""type"": ""Point""
}",-83.1627386869999,42.2588987550001
9167,9773697,I-75,047D,2016-08-08,8,8,2016,17,2,5,1,,1,0,,1,1,1,70,1,2,2,5,0,0,0,0,true,,false,false,false,false,false,,,,,,false,false,false,,,false,false,false,false,false,-83.08418,42.41381,"{
  ""coordinates"": [
    -8.308417149900001e+01,
    4.241380879000010e+01
  ],
  ""type"": ""Point""
}","{
  ""coordinates"": [
    -83.084171499,
    42.41380879
  ],
  ""type"": ""Point""
}",-83.084171499,42.4138087900001
9168,9768960,THATCHER,HUBBELL,2016-08-08,8,8,2016,0,2,4,9,,,0,,1,1,4,30,2,2,4,2,0,1,0,0,false,,true,false,false,false,false,,,,,,false,false,true,,,false,false,false,false,false,-83.18965,42.42181,"{
  ""coordinates"": [
    -8.318964986700000e+01,
    4.242181381100000e+01
  ],
  ""type"": ""Point""
}","{
  ""coordinates"": [
    -83.189649867,
    42.421813811
  ],
  ""type"": ""Point""
}",-83.189649867,42.421813811
9169,9769772,WOODMERE,DEARBORN,2016-08-08,8,8,2016,7,2,98,9,,,0,,1,1,1,35,2,2,1,5,0,0,0,0,true,,false,false,true,false,false,,,,,,false,false,false,,,false,false,true,false,false,-83.12945,42.29309,"{
  ""coordinates"": [
    -8.312945015000000e+01,
    4.229309184700000e+01
  ],
  ""type"": ""Point""
}","{
  ""coordinates"": [
    -83.12945015,
    42.293091847
  ],
  ""type"": ""Point""
}",-83.12945015,42.293091847
9170,9766205,STRATHMOOR,WADSWORTH,2016-08-08,8,8,2016,0,2,5,9,,,0,,1,1,4,0,3,2,5,4,0,0,0,4,false,,false,false,true,false,false,,,,,,false,false,false,,,false,false,false,false,false,-83.1866,42.37489,"{
  ""coordinates"": [
    -8.318660354500000e+01,
    4.237488398700000e+01
  ],
  ""type"": ""Point""
}","{
  ""coordinates"": [
    -83.186603545,
    42.374883987
  ],
  ""type"": ""Point""
}",-83.186603545,42.374883987
9171,9784434,DERBY,WINCHESTER,2016-08-08,8,8,2016,19,2,97,9,,,0,,1,1,1,25,3,2,0,5,0,0,0,0,true,,false,false,false,false,false,,,,,,false,false,false,,,false,false,false,false,false,-83.10394,42.44423,"{
  ""coordinates"": [
    -8.310394540500000e+01,
    4.244422987200010e+01
  ],
  ""type"": ""Point""
}","{
  ""coordinates"": [
    -83.103945405,
    42.444229872
  ],
  ""type"": ""Point""
}",-83.103945405,42.4442298720001
9172,9855322,SCHAEFER,JOY,2016-08-08,8,8,2016,4,2,97,9,,4,0,,1,1,1,35,2,2,2,5,0,0,0,0,true,,false,false,false,false,false,,,,,,false,false,true,,,false,false,false,false,false,-83.17749,42.35854,"{
  ""coordinates"": [
    -8.317748715000000e+01,
    4.235854497800010e+01
  ],
  ""type"": ""Point""
}","{
  ""coordinates"": [
    -83.17748715,
    42.358544978
  ],
  ""type"": ""Point""
}",-83.17748715,42.3585449780001
9173,9768938,PALLISTER,M 10,2016-08-08,8,8,2016,12,2,5,3,,,0,,1,1,1,25,2,2,1,5,0,0,0,0,true,,false,false,false,false,false,,,,,,false,false,false,,,false,false,false,false,false,-83.08472,42.37004,"{
  ""coordinates"": [
    -8.308471530000000e+01,
    4.237004023400000e+01
  ],
  ""type"": ""Point""
}","{
  ""coordinates"": [
    -83.0847153,
    42.370040234
  ],
  ""type"": ""Point""
}",-83.0847153,42.370040234
9174,9768876,WARREN,S M 39 SERVICE DRIVE,2016-08-08,8,8,2016,12,2,9,9,,2,0,,1,1,1,35,3,2,1,5,0,0,0,0,true,,false,false,true,false,false,,,,,,false,true,false,,,false,false,false,false,false,-83.21649,42.34336,"{
  ""coordinates"": [
    -8.321648881199999e+01,
    4.234335920400010e+01
  ],
  ""type"": ""Point""
}","{
  ""coordinates"": [
    -83.216488812,
    42.343359204
  ],
  ""type"": ""Point""
}",-83.216488812,42.3433592040001
9175,9768939,ATKINSON,3RD,2016-08-08,8,8,2016,1,2,9,9,,,2,,1,1,4,25,1,2,1,5,0,0,0,0,true,,false,false,true,false,false,,,,,,false,false,false,,,false,false,false,false,false,-83.0881,42.38161,"{
  ""coordinates"": [
    -8.308809604800000e+01,
    4.238160550400000e+01
  ],
  ""type"": ""Point""
}","{
  ""coordinates"": [
    -83.088096048,
    42.381605504
  ],
  ""type"": ""Point""
}",-83.088096048,42.381605504
9176,9768880,WARREN,N I 75,2016-08-08,8,8,2016,11,2,4,9,,4,0,,1,1,1,30,8,2,2,5,0,0,0,0,true,,false,false,false,false,false,,,,,,false,false,false,,,false,false,false,false,false,-83.05415,42.36086,"{
  ""coordinates"": [
    -8.305414510500000e+01,
    4.236086328000000e+01
  ],
  ""type"": ""Point""
}","{
  ""coordinates"": [
    -83.054145105,
    42.36086328
  ],
  ""type"": ""Point""
}",-83.054145105,42.36086328