ObjectId,Crash ID,Primary Road,Intersecting Road,Crash Date,Day,Month,Year,Hour,Weekday,Crash Type Code,Highway Classification Code,Community Code,Jurisdiction Code,Lane Departure Type Code,Surface Type,Road Condition,Weather Condition,Lighting Condition,Speed Limit,Lanes,Units,Occupants,Most Severe Injury,Fatal Injuries,Suspected Serious Injuries,Suspected Minor Injuries,Possible Injuries,Property Damage Only,Secondary Crash,Traffic Control,Red Light Run,Hit and Run,Alcohol,Drugs,Unbelted Person,Work Zone,Speeding Driver,Distracted Driver,Driveway,Pedestrian,Elderly Driver,Young Driver,Commercial Vehicle,Emergency Vehicles,Train,School Bus,Motorcycle,Bicycle,Deer,Longitude,Latitude,geom,geog,x,y
9235,9766239,7 MILE,YONKA,2016-08-07,7,8,2016,14,1,4,9,,4,0,,1,1,1,35,2,2,5,5,0,0,0,0,true,,false,false,false,false,false,,,,,,false,false,false,,,false,false,false,false,false,-83.06615,42.43306,"{
  ""coordinates"": [
    -8.306615203699990e+01,
    4.243305971800000e+01
  ],
  ""type"": ""Point""
}","{
  ""coordinates"": [
    -83.066152037,
    42.433059718
  ],
  ""type"": ""Point""
}",-83.0661520369999,42.433059718
9236,9766225,MCNICHOLS,ASHTON,2016-08-07,7,8,2016,16,1,97,9,,2,0,,1,1,1,35,4,3,4,5,0,0,0,0,true,,true,false,false,false,false,,,,,,false,false,true,,,false,false,false,false,false,-83.22011,42.41553,"{
  ""coordinates"": [
    -8.322010975800001e+01,
    4.241552912900000e+01
  ],
  ""type"": ""Point""
}","{
  ""coordinates"": [
    -83.220109758,
    42.415529129
  ],
  ""type"": ""Point""
}",-83.220109758,42.415529129
9237,9795089,M-39,GRAND RIVER,2016-08-07,7,8,2016,2,1,5,3,,1,0,,1,2,4,55,3,2,1,5,0,0,0,0,true,,false,false,true,false,false,,,,,,false,false,false,,,false,false,false,false,false,-83.21835,42.39936,"{
  ""coordinates"": [
    -8.321834602199991e+01,
    4.239936427600000e+01
  ],
  ""type"": ""Point""
}","{
  ""coordinates"": [
    -83.218346022,
    42.399364276
  ],
  ""type"": ""Point""
}",-83.2183460219999,42.399364276
9238,9781733,LIVERNOIS,MCGRAW,2016-08-07,7,8,2016,10,1,4,9,,4,0,,1,1,1,30,2,2,1,5,0,0,0,0,true,,false,false,true,false,false,,,,,,false,false,false,,,false,false,false,false,false,-83.12739,42.34083,"{
  ""coordinates"": [
    -8.312739060000000e+01,
    4.234082748400000e+01
  ],
  ""type"": ""Point""
}","{
  ""coordinates"": [
    -83.1273906,
    42.340827484
  ],
  ""type"": ""Point""
}",-83.1273906,42.340827484
9239,9768916,MACK,BELLEVUE,2016-08-07,7,8,2016,2,1,4,9,,4,0,,1,1,4,35,2,2,1,5,0,0,0,0,true,,true,false,true,false,false,,,,,,false,false,false,,,false,false,false,false,false,-83.01772,42.36271,"{
  ""coordinates"": [
    -8.301771164000000e+01,
    4.236270378400010e+01
  ],
  ""type"": ""Point""
}","{
  ""coordinates"": [
    -83.01771164,
    42.362703784
  ],
  ""type"": ""Point""
}",-83.01771164,42.3627037840001
9240,9768944,RYAN,OUTER,2016-08-07,7,8,2016,23,1,5,9,,4,0,,1,1,4,35,4,2,4,5,0,0,0,0,true,,false,false,false,false,false,,,,,,false,false,true,,,false,false,false,false,false,-83.06355,42.44033,"{
  ""coordinates"": [
    -8.306354575800000e+01,
    4.244032674200000e+01
  ],
  ""type"": ""Point""
}","{
  ""coordinates"": [
    -83.063545758,
    42.440326742
  ],
  ""type"": ""Point""
}",-83.063545758,42.440326742
9241,9772063,KONKEL,JUNCTION,2016-08-07,7,8,2016,17,1,8,9,,,0,,1,1,1,0,4,2,1,5,0,0,0,0,true,,false,false,true,false,false,,,,,,false,false,false,,,false,false,false,false,false,-83.1088,42.32704,"{
  ""coordinates"": [
    -8.310879397300000e+01,
    4.232704301400000e+01
  ],
  ""type"": ""Point""
}","{
  ""coordinates"": [
    -83.108793973,
    42.327043014
  ],
  ""type"": ""Point""
}",-83.108793973,42.327043014
9242,9766389,ALLEN,OUTER,2016-08-07,7,8,2016,12,1,3,9,,2,0,,1,1,1,35,5,2,3,4,0,0,0,1,false,,false,false,false,false,false,,,,,,false,false,false,,,false,false,false,false,false,-83.19945,42.4196,"{
  ""coordinates"": [
    -8.319944405200000e+01,
    4.241959632400010e+01
  ],
  ""type"": ""Point""
}","{
  ""coordinates"": [
    -83.199444052,
    42.419596324
  ],
  ""type"": ""Point""
}",-83.199444052,42.4195963240001
9243,9765222,LARNED,S I 375 SERVICE DRIVE,2016-08-07,7,8,2016,0,1,1,9,,4,0,,1,1,4,25,3,2,3,4,0,0,0,1,false,,false,false,true,false,false,,,,,,false,false,false,,,false,false,false,true,false,-83.03716,42.33292,"{
  ""coordinates"": [
    -8.303715653700000e+01,
    4.233291583300010e+01
  ],
  ""type"": ""Point""
}","{
  ""coordinates"": [
    -83.037156537,
    42.332915833
  ],
  ""type"": ""Point""
}",-83.037156537,42.3329158330001
9244,9782474,GRAND RIVER,WINSLOW,2016-08-07,7,8,2016,2,1,2,3,,1,0,,1,1,4,0,4,2,2,5,0,0,0,0,true,,false,false,true,false,false,,,,,,false,false,false,,,false,false,false,false,false,-83.09946,42.35278,"{
  ""coordinates"": [
    -8.309946266199999e+01,
    4.235278412300000e+01
  ],
  ""type"": ""Point""
}","{
  ""coordinates"": [
    -83.099462662,
    42.352784123
  ],
  ""type"": ""Point""
}",-83.099462662,42.352784123
9245,9766220,7 MILE,GOULBURN,2016-08-07,7,8,2016,14,1,1,9,,4,0,,1,1,1,30,2,1,1,3,0,0,1,0,false,,false,false,false,false,false,,,,,,false,false,false,,,false,false,false,false,false,-82.99362,42.43473,"{
  ""coordinates"": [
    -8.299362522199991e+01,
    4.243472913200000e+01
  ],
  ""type"": ""Point""
}","{
  ""coordinates"": [
    -82.993625222,
    42.434729132
  ],
  ""type"": ""Point""
}",-82.9936252219999,42.434729132
9246,9766206,GRAND RIVER,BROADWAY,2016-08-07,7,8,2016,23,1,1,9,,4,0,,1,1,4,25,4,2,2,4,0,0,0,1,false,,false,false,true,false,false,,,,,,false,false,false,,,false,false,false,true,false,-83.04696,42.33546,"{
  ""coordinates"": [
    -8.304695518200000e+01,
    4.233546010300010e+01
  ],
  ""type"": ""Point""
}","{
  ""coordinates"": [
    -83.046955182,
    42.335460103
  ],
  ""type"": ""Point""
}",-83.046955182,42.3354601030001
9247,9772072,COOPER,BARKER,2016-08-07,7,8,2016,12,1,4,9,,,0,,1,1,1,25,2,2,6,4,0,0,0,1,false,,false,false,false,false,false,,,,,,false,false,false,,,false,false,false,false,false,-83.00156,42.3852,"{
  ""coordinates"": [
    -8.300155333600000e+01,
    4.238520186800010e+01
  ],
  ""type"": ""Point""
}","{
  ""coordinates"": [
    -83.001553336,
    42.385201868
  ],
  ""type"": ""Point""
}",-83.001553336,42.3852018680001
9248,9768955,7 MILE,MOUND,2016-08-07,7,8,2016,20,1,3,9,,4,0,,1,1,1,35,2,2,4,5,0,0,0,0,true,,false,false,false,false,false,,,,,,false,false,false,,,false,false,false,false,false,-83.0435,42.43357,"{
  ""coordinates"": [
    -8.304350065800000e+01,
    4.243357108700010e+01
  ],
  ""type"": ""Point""
}","{
  ""coordinates"": [
    -83.043500658,
    42.433571087
  ],
  ""type"": ""Point""
}",-83.043500658,42.4335710870001
9249,9769777,NORMAN,BELLE,2016-08-07,7,8,2016,0,1,5,9,,,0,,98,98,98,25,2,2,0,5,0,0,0,0,true,,false,false,true,false,false,,,,,,false,false,false,,,false,false,false,false,false,-83.13212,42.31451,"{
  ""coordinates"": [
    -8.313212008399999e+01,
    4.231450492300010e+01
  ],
  ""type"": ""Point""
}","{
  ""coordinates"": [
    -83.132120084,
    42.314504923
  ],
  ""type"": ""Point""
}",-83.132120084,42.3145049230001
9250,9781061,MADDELEIN,GRATIOT,2016-08-07,7,8,2016,0,1,8,9,,,0,,1,1,5,25,2,2,1,4,0,0,0,1,false,,false,false,false,false,false,,,,,,false,false,false,,,false,false,false,false,false,-82.97636,42.43598,"{
  ""coordinates"": [
    -8.297636181699990e+01,
    4.243597731500010e+01
  ],
  ""type"": ""Point""
}","{
  ""coordinates"": [
    -82.976361817,
    42.435977315
  ],
  ""type"": ""Point""
}",-82.9763618169999,42.4359773150001
9251,9772078,MACK,HELEN,2016-08-07,7,8,2016,12,1,4,9,,4,0,,1,1,1,30,2,2,2,5,0,0,0,0,true,,false,false,false,false,false,,,,,,false,true,false,,,false,false,false,false,false,-83.01447,42.36389,"{
  ""coordinates"": [
    -8.301446665700000e+01,
    4.236389162800000e+01
  ],
  ""type"": ""Point""
}","{
  ""coordinates"": [
    -83.014466657,
    42.363891628
  ],
  ""type"": ""Point""
}",-83.014466657,42.363891628
9252,9780112,7 MILE,STRASBURG,2016-08-07,7,8,2016,4,1,4,9,,4,0,,1,1,4,30,4,2,5,1,1,2,1,1,false,,false,false,false,true,true,,,,,,false,false,false,,,false,false,false,false,false,-82.99851,42.43461,"{
  ""coordinates"": [
    -8.299851469600000e+01,
    4.243460765700010e+01
  ],
  ""type"": ""Point""
}","{
  ""coordinates"": [
    -82.998514696,
    42.434607657
  ],
  ""type"": ""Point""
}",-82.998514696,42.4346076570001
9253,9768831,I 94,WOODWARD,2016-08-07,7,8,2016,11,1,5,1,,1,0,,1,1,1,55,3,2,2,5,0,0,0,0,true,,false,false,false,false,false,,,,,,false,false,true,,,false,false,false,false,false,-83.07202,42.362,"{
  ""coordinates"": [
    -8.307202240500000e+01,
    4.236199680600000e+01
  ],
  ""type"": ""Point""
}","{
  ""coordinates"": [
    -83.072022405,
    42.361996806
  ],
  ""type"": ""Point""
}",-83.072022405,42.361996806
9254,9768917,CARLISLE,HAYES,2016-08-07,7,8,2016,21,1,98,9,,,0,,1,1,5,25,2,2,0,5,0,0,0,0,true,,false,false,true,false,false,,,,,,false,false,false,,,false,false,false,false,false,-82.96494,42.44902,"{
  ""coordinates"": [
    -8.296493702500000e+01,
    4.244901818400010e+01
  ],
  ""type"": ""Point""
}","{
  ""coordinates"": [
    -82.964937025,
    42.449018184
  ],
  ""type"": ""Point""
}",-82.964937025,42.4490181840001
9255,9792868,S M 39,MCNICHOLS,2016-08-07,7,8,2016,4,1,5,3,,1,0,,1,1,4,55,3,2,2,5,0,0,0,0,true,,false,false,false,false,false,,,,,,false,false,false,,,false,false,false,false,false,-83.21888,42.41584,"{
  ""coordinates"": [
    -8.321888064099990e+01,
    4.241583479700010e+01
  ],
  ""type"": ""Point""
}","{
  ""coordinates"": [
    -83.218880641,
    42.415834797
  ],
  ""type"": ""Point""
}",-83.2188806409999,42.4158347970001
9256,9768889,GRAND RIVER,WESTBROOK,2016-08-07,7,8,2016,12,1,3,3,,1,0,,1,1,1,35,5,2,2,4,0,0,0,2,false,,false,false,false,false,false,,,,,,false,false,false,,,false,false,false,false,false,-83.25121,42.41393,"{
  ""coordinates"": [
    -8.325120612500000e+01,
    4.241392520100000e+01
  ],
  ""type"": ""Point""
}","{
  ""coordinates"": [
    -83.251206125,
    42.413925201
  ],
  ""type"": ""Point""
}",-83.251206125,42.413925201
9257,9771042,GRANDRIVER,CASS,2016-08-07,7,8,2016,18,1,4,3,,4,0,,1,1,1,25,2,2,5,4,0,0,0,1,false,,false,false,false,false,false,,,,,,false,false,false,,,false,false,false,false,false,-83.05444,42.33456,"{
  ""coordinates"": [
    -8.305443379899999e+01,
    4.233456021000010e+01
  ],
  ""type"": ""Point""
}","{
  ""coordinates"": [
    -83.054433799,
    42.33456021
  ],
  ""type"": ""Point""
}",-83.054433799,42.3345602100001
9258,9773721,I 94,I 75,2016-08-07,7,8,2016,4,1,5,1,,1,0,,1,1,4,55,3,2,2,5,0,0,0,0,true,,false,false,true,false,false,,,,,,false,false,true,,,false,false,false,false,false,-83.05434,42.37111,"{
  ""coordinates"": [
    -8.305434232399990e+01,
    4.237111251600000e+01
  ],
  ""type"": ""Point""
}","{
  ""coordinates"": [
    -83.054342324,
    42.371112516
  ],
  ""type"": ""Point""
}",-83.0543423239999,42.371112516
9259,9766237,FENKELL,MANOR,2016-08-07,7,8,2016,21,1,4,9,,2,0,,98,98,98,30,2,2,1,5,0,0,0,0,true,,false,false,true,false,false,,,,,,false,false,false,,,false,false,false,false,false,-83.16859,42.40225,"{
  ""coordinates"": [
    -8.316859533400000e+01,
    4.240225011400000e+01
  ],
  ""type"": ""Point""
}","{
  ""coordinates"": [
    -83.168595334,
    42.402250114
  ],
  ""type"": ""Point""
}",-83.168595334,42.402250114
9260,9765394,FORD,ROSA PARKS,2016-08-07,7,8,2016,4,1,1,9,,,1,,1,1,4,35,3,1,2,5,0,0,0,0,true,,false,false,false,true,false,,,,,,false,false,false,,,false,false,false,false,false,-83.11543,42.39921,"{
  ""coordinates"": [
    -8.311543388199991e+01,
    4.239920758800010e+01
  ],
  ""type"": ""Point""
}","{
  ""coordinates"": [
    -83.115433882,
    42.399207588
  ],
  ""type"": ""Point""
}",-83.1154338819999,42.3992075880001
9261,9808698,I 94,I 75,2016-08-07,7,8,2016,3,1,5,1,,1,0,,1,1,4,55,3,2,4,4,0,0,0,3,false,,false,false,false,false,false,,,,,,false,false,false,,,false,false,false,false,false,-83.05434,42.37111,"{
  ""coordinates"": [
    -8.305434232399990e+01,
    4.237111251600000e+01
  ],
  ""type"": ""Point""
}","{
  ""coordinates"": [
    -83.054342324,
    42.371112516
  ],
  ""type"": ""Point""
}",-83.0543423239999,42.371112516
9262,9775545,S M 39,GRAND RIVER,2016-08-07,7,8,2016,2,1,5,3,,1,0,,1,2,4,55,3,3,5,1,1,2,0,0,false,,false,false,false,true,true,,,,,,false,false,true,,,false,false,false,false,false,-83.21835,42.39936,"{
  ""coordinates"": [
    -8.321834602199991e+01,
    4.239936427600000e+01
  ],
  ""type"": ""Point""
}","{
  ""coordinates"": [
    -83.218346022,
    42.399364276
  ],
  ""type"": ""Point""
}",-83.2183460219999,42.399364276
9263,9768810,I-75,GRAND,2016-08-06,6,8,2016,13,7,5,1,,1,0,,1,1,1,55,4,2,3,5,0,0,0,0,true,,false,false,false,false,false,,,,,,false,false,false,,,false,false,false,false,false,-83.05995,42.37379,"{
  ""coordinates"": [
    -8.305995312899999e+01,
    4.237379250900010e+01
  ],
  ""type"": ""Point""
}","{
  ""coordinates"": [
    -83.059953129,
    42.373792509
  ],
  ""type"": ""Point""
}",-83.059953129,42.3737925090001
9264,9765270,7 MILE,OUTER,2016-08-06,6,8,2016,23,7,6,9,,2,0,,1,1,4,30,2,2,24,5,0,0,0,0,true,,false,false,false,false,false,,,,,,false,false,false,,,false,false,false,false,false,-83.1757,42.43116,"{
  ""coordinates"": [
    -8.317570628500000e+01,
    4.243116521200010e+01
  ],
  ""type"": ""Point""
}","{
  ""coordinates"": [
    -83.175706285,
    42.431165212
  ],
  ""type"": ""Point""
}",-83.175706285,42.4311652120001
9265,9768819,I-96,OUTER,2016-08-06,6,8,2016,13,7,5,1,,1,0,,1,2,1,55,4,2,6,4,0,0,0,1,false,,false,false,false,false,false,,,,,,false,false,true,,,false,false,false,false,false,-83.25815,42.38545,"{
  ""coordinates"": [
    -8.325815185800001e+01,
    4.238545377700010e+01
  ],
  ""type"": ""Point""
}","{
  ""coordinates"": [
    -83.258151858,
    42.385453777
  ],
  ""type"": ""Point""
}",-83.258151858,42.3854537770001
9266,9768818,I-94,GRATIOT,2016-08-06,6,8,2016,10,7,5,1,,1,0,,1,2,1,55,3,2,3,5,0,0,0,0,true,,false,false,false,false,false,,,,,,false,true,false,,,false,false,false,false,false,-83.00816,42.39084,"{
  ""coordinates"": [
    -8.300815710700000e+01,
    4.239084282400010e+01
  ],
  ""type"": ""Point""
}","{
  ""coordinates"": [
    -83.008157107,
    42.390842824
  ],
  ""type"": ""Point""
}",-83.008157107,42.3908428240001
9267,9766234,PILGRIM,KENTFIELD,2016-08-06,6,8,2016,14,7,4,9,,,0,,1,1,1,25,3,2,2,5,0,0,0,0,true,,false,false,true,false,false,,,,,,false,false,false,,,false,false,false,false,false,-83.2408,42.40602,"{
  ""coordinates"": [
    -8.324079966900000e+01,
    4.240602303100010e+01
  ],
  ""type"": ""Point""
}","{
  ""coordinates"": [
    -83.240799669,
    42.406023031
  ],
  ""type"": ""Point""
}",-83.240799669,42.4060230310001
9268,9778519,FORD,AUTO CLUB,2016-08-06,6,8,2016,21,7,4,3,,1,0,,1,1,4,45,6,2,2,5,0,0,0,0,true,,false,false,false,false,false,,,,,,false,true,false,,,false,false,false,false,false,-83.22474,42.32895,"{
  ""coordinates"": [
    -8.322473763499990e+01,
    4.232894327700010e+01
  ],
  ""type"": ""Point""
}","{
  ""coordinates"": [
    -83.224737635,
    42.328943277
  ],
  ""type"": ""Point""
}",-83.2247376349999,42.3289432770001
9269,9765262,SHERWOOD,OUTER,2016-08-06,6,8,2016,5,7,4,9,,4,0,,1,1,1,35,2,2,3,4,0,0,0,1,false,,false,false,false,false,false,,,,,,false,true,true,,,false,false,false,false,false,-83.03428,42.44093,"{
  ""coordinates"": [
    -8.303428222500000e+01,
    4.244093445000000e+01
  ],
  ""type"": ""Point""
}","{
  ""coordinates"": [
    -83.034282225,
    42.44093445
  ],
  ""type"": ""Point""
}",-83.034282225,42.44093445
9270,9792795,M-39,6 MILE,2016-08-06,6,8,2016,22,7,5,3,,1,0,,1,1,4,55,3,2,3,4,0,0,0,1,false,,false,false,true,false,false,,,,,,false,true,false,,,false,false,false,false,false,-83.2187,42.41193,"{
  ""coordinates"": [
    -8.321869803200001e+01,
    4.241193423200010e+01
  ],
  ""type"": ""Point""
}","{
  ""coordinates"": [
    -83.218698032,
    42.411934232
  ],
  ""type"": ""Point""
}",-83.218698032,42.4119342320001
9271,9769802,7 MILE,COYLE,2016-08-06,6,8,2016,22,7,5,9,,2,0,,1,1,4,30,3,2,2,5,0,0,0,0,true,,false,false,true,false,false,,,,,,false,false,true,,,false,false,false,false,false,-83.19495,42.43055,"{
  ""coordinates"": [
    -8.319495312600000e+01,
    4.243055526100010e+01
  ],
  ""type"": ""Point""
}","{
  ""coordinates"": [
    -83.194953126,
    42.430555261
  ],
  ""type"": ""Point""
}",-83.194953126,42.4305552610001
9272,9765211,CHESTERFIELD,WARRINGTON,2016-08-06,6,8,2016,8,7,3,9,,,0,,1,1,1,30,3,2,2,5,0,0,0,0,true,,false,false,true,false,false,,,,,,false,false,false,,,false,false,false,false,false,-83.14038,42.43526,"{
  ""coordinates"": [
    -8.314037825199991e+01,
    4.243526559000000e+01
  ],
  ""type"": ""Point""
}","{
  ""coordinates"": [
    -83.140378252,
    42.43526559
  ],
  ""type"": ""Point""
}",-83.1403782519999,42.43526559
9273,9768878,VAN DYKE,MACK,2016-08-06,6,8,2016,15,7,1,9,,4,0,,1,1,1,35,1,1,0,5,0,0,0,0,true,,false,false,false,false,false,,,,,,false,false,false,,,false,false,false,false,false,-83.0061,42.36698,"{
  ""coordinates"": [
    -8.300609730199990e+01,
    4.236697674900010e+01
  ],
  ""type"": ""Point""
}","{
  ""coordinates"": [
    -83.006097302,
    42.366976749
  ],
  ""type"": ""Point""
}",-83.0060973019999,42.3669767490001
9274,9768921,MCNICHOLS,GUNSTUN,2016-08-06,6,8,2016,15,7,97,3,,4,0,,1,1,1,25,1,2,2,5,0,0,0,0,true,,false,false,false,false,false,,,,,,false,false,false,,,false,false,false,false,false,-83.00349,42.42012,"{
  ""coordinates"": [
    -8.300348476300000e+01,
    4.242012383100010e+01
  ],
  ""type"": ""Point""
}","{
  ""coordinates"": [
    -83.003484763,
    42.420123831
  ],
  ""type"": ""Point""
}",-83.003484763,42.4201238310001
9275,9775551,NB I-75,MCNICHOLS,2016-08-06,6,8,2016,5,7,1,1,,1,1,,1,1,4,70,3,1,1,5,0,0,0,0,true,,false,false,false,false,false,,,,,,false,false,false,,,false,false,false,false,false,-83.09036,42.42131,"{
  ""coordinates"": [
    -8.309036232800000e+01,
    4.242130475300010e+01
  ],
  ""type"": ""Point""
}","{
  ""coordinates"": [
    -83.090362328,
    42.421304753
  ],
  ""type"": ""Point""
}",-83.090362328,42.4213047530001
9276,9766212,MICHIGAN,CABOT,2016-08-06,6,8,2016,22,7,8,2,,1,0,,1,1,4,35,4,2,2,5,0,0,0,0,true,,false,false,false,false,false,,,,,,false,false,false,,,false,false,false,false,false,-83.14983,42.32965,"{
  ""coordinates"": [
    -8.314982852900000e+01,
    4.232964569800000e+01
  ],
  ""type"": ""Point""
}","{
  ""coordinates"": [
    -83.149828529,
    42.329645698
  ],
  ""type"": ""Point""
}",-83.149828529,42.329645698
9277,9775552,SOUTHFIELD SERVICE DRIVE,VERNE,2016-08-06,6,8,2016,20,7,5,9,,4,0,,1,1,4,55,3,2,2,4,0,0,0,2,false,,false,false,true,false,false,,,,,,false,false,true,,,false,false,false,false,false,-83.21838,42.41199,"{
  ""coordinates"": [
    -8.321837521700000e+01,
    4.241199221200000e+01
  ],
  ""type"": ""Point""
}","{
  ""coordinates"": [
    -83.218375217,
    42.411992212
  ],
  ""type"": ""Point""
}",-83.218375217,42.411992212
9278,9783190,JOANN,7 MILE,2016-08-06,6,8,2016,23,7,5,9,,,0,,1,1,4,0,3,3,2,5,0,0,0,0,true,,false,false,false,false,false,,,,,,false,false,false,,,false,false,false,false,false,-82.98999,42.43453,"{
  ""coordinates"": [
    -8.298998939499999e+01,
    4.243453099100000e+01
  ],
  ""type"": ""Point""
}","{
  ""coordinates"": [
    -82.989989395,
    42.434530991
  ],
  ""type"": ""Point""
}",-82.989989395,42.434530991
9279,9776571,MARNE,CADIEUX,2016-08-06,6,8,2016,3,7,2,9,,,2,,1,1,4,0,2,2,0,5,0,0,0,0,true,,false,false,true,false,false,,,,,,false,false,true,,,false,false,false,false,false,-82.93911,42.42043,"{
  ""coordinates"": [
    -8.293910612400001e+01,
    4.242042437800010e+01
  ],
  ""type"": ""Point""
}","{
  ""coordinates"": [
    -82.939106124,
    42.420424378
  ],
  ""type"": ""Point""
}",-82.939106124,42.4204243780001
9280,9765214,PLYMOUTH,PREST,2016-08-06,6,8,2016,16,7,6,9,,4,0,,1,1,1,30,4,2,1,5,0,0,0,0,true,,false,false,true,false,false,,,,,,false,false,true,,,false,false,false,false,false,-83.19617,42.37259,"{
  ""coordinates"": [
    -8.319616705300000e+01,
    4.237259231700010e+01
  ],
  ""type"": ""Point""
}","{
  ""coordinates"": [
    -83.196167053,
    42.372592317
  ],
  ""type"": ""Point""
}",-83.196167053,42.3725923170001
9281,9768754,S M 39,FULLERTON,2016-08-06,6,8,2016,9,7,1,3,,1,0,,1,1,1,55,3,1,1,5,0,0,0,0,true,,false,false,false,false,false,,,,,,false,false,false,,,false,false,false,false,false,-83.21725,42.38008,"{
  ""coordinates"": [
    -8.321725794299989e+01,
    4.238008666000010e+01
  ],
  ""type"": ""Point""
}","{
  ""coordinates"": [
    -83.217257943,
    42.38008666
  ],
  ""type"": ""Point""
}",-83.2172579429999,42.3800866600001
9282,9765219,SCOTTEN,TIREMAN,2016-08-06,6,8,2016,22,7,4,9,,4,0,,1,1,4,35,3,2,3,2,0,3,0,0,false,,true,true,false,false,false,,,,,,false,false,true,,,false,false,false,false,false,-83.11247,42.3557,"{
  ""coordinates"": [
    -8.311247385999999e+01,
    4.235569768800010e+01
  ],
  ""type"": ""Point""
}","{
  ""coordinates"": [
    -83.11247386,
    42.355697688
  ],
  ""type"": ""Point""
}",-83.11247386,42.3556976880001
9283,9765212,OAKMAN,JOY,2016-08-06,6,8,2016,14,7,1,9,,4,0,,1,1,1,25,4,1,1,2,0,1,0,0,false,,false,false,false,false,false,,,,,,false,false,false,,,false,false,true,false,false,-83.16082,42.35908,"{
  ""coordinates"": [
    -8.316081758000000e+01,
    4.235907647100000e+01
  ],
  ""type"": ""Point""
}","{
  ""coordinates"": [
    -83.16081758,
    42.359076471
  ],
  ""type"": ""Point""
}",-83.16081758,42.359076471
9284,9772071,JEFFERSON,CHENE,2016-08-06,6,8,2016,13,7,8,9,,4,0,,1,1,1,35,8,2,6,4,0,0,0,1,false,,false,false,false,false,false,,,,,,false,false,true,,,false,false,false,false,false,-83.02264,42.33825,"{
  ""coordinates"": [
    -8.302263791999999e+01,
    4.233824364800010e+01
  ],
  ""type"": ""Point""
}","{
  ""coordinates"": [
    -83.02263792,
    42.338243648
  ],
  ""type"": ""Point""
}",-83.02263792,42.3382436480001
9285,9768887,8 MILE,STAHELIN,2016-08-06,6,8,2016,7,7,5,3,,1,0,,1,1,1,0,4,2,2,4,0,0,0,1,false,,false,false,false,false,false,,,,,,false,false,false,,,false,false,false,false,false,-83.2281,42.44399,"{
  ""coordinates"": [
    -8.322809964699999e+01,
    4.244398894200000e+01
  ],
  ""type"": ""Point""
}","{
  ""coordinates"": [
    -83.228099647,
    42.443988942
  ],
  ""type"": ""Point""
}",-83.228099647,42.443988942
9286,9765252,LIVERNOIS,WALTON,2016-08-06,6,8,2016,4,7,8,9,,4,0,,1,1,4,35,2,2,2,4,0,0,0,2,false,,false,false,true,false,false,,,,,,false,true,false,,,false,false,false,false,false,-83.13184,42.34663,"{
  ""coordinates"": [
    -8.313183936199989e+01,
    4.234663524900000e+01
  ],
  ""type"": ""Point""
}","{
  ""coordinates"": [
    -83.131839362,
    42.346635249
  ],
  ""type"": ""Point""
}",-83.1318393619999,42.346635249
9287,9768755,I-94,GRATIOT,2016-08-06,6,8,2016,10,7,5,1,,1,0,,1,2,1,55,3,2,2,5,0,0,0,0,true,,false,false,true,false,false,,,,,,false,false,true,,,false,false,false,false,false,-83.00438,42.39191,"{
  ""coordinates"": [
    -8.300437552200000e+01,
    4.239190518800010e+01
  ],
  ""type"": ""Point""
}","{
  ""coordinates"": [
    -83.004375522,
    42.391905188
  ],
  ""type"": ""Point""
}",-83.004375522,42.3919051880001
9288,9768699,SOUTHFIELD SERVICE DRIVE,DAVISON,2016-08-06,6,8,2016,7,7,1,9,,4,1,,1,1,1,55,3,1,2,3,0,0,1,0,false,,false,false,false,false,false,,,,,,false,false,true,,,false,false,false,false,false,-83.21726,42.38526,"{
  ""coordinates"": [
    -8.321726442200000e+01,
    4.238526123200010e+01
  ],
  ""type"": ""Point""
}","{
  ""coordinates"": [
    -83.217264422,
    42.385261232
  ],
  ""type"": ""Point""
}",-83.217264422,42.3852612320001
9289,9766216,CADIEUX,WARREN,2016-08-06,6,8,2016,17,7,4,9,,4,0,,1,1,1,0,4,2,1,5,0,0,0,0,true,,false,false,true,false,false,,,,,,false,false,true,,,false,false,false,false,false,-82.92982,42.40607,"{
  ""coordinates"": [
    -8.292982057099989e+01,
    4.240607307700000e+01
  ],
  ""type"": ""Point""
}","{
  ""coordinates"": [
    -82.929820571,
    42.406073077
  ],
  ""type"": ""Point""
}",-82.9298205709999,42.406073077
9290,9766224,PLYMOUTH,BURT,2016-08-06,6,8,2016,18,7,4,9,,4,0,,1,1,1,35,4,2,2,4,0,0,0,1,false,,false,false,true,false,false,,,,,,false,false,true,,,false,false,false,false,false,-83.24622,42.37183,"{
  ""coordinates"": [
    -8.324621975799990e+01,
    4.237182697500000e+01
  ],
  ""type"": ""Point""
}","{
  ""coordinates"": [
    -83.246219758,
    42.371826975
  ],
  ""type"": ""Point""
}",-83.2462197579999,42.371826975
9291,9765254,DEXTER,WAVERLY,2016-08-06,6,8,2016,13,7,4,9,,4,0,,1,1,1,30,4,2,1,5,0,0,0,0,true,,false,false,true,false,false,,,,,,false,false,true,,,false,false,true,false,false,-83.13044,42.38911,"{
  ""coordinates"": [
    -8.313044045600000e+01,
    4.238911596000000e+01
  ],
  ""type"": ""Point""
}","{
  ""coordinates"": [
    -83.130440456,
    42.38911596
  ],
  ""type"": ""Point""
}",-83.130440456,42.38911596