ObjectId,Crash ID,Primary Road,Intersecting Road,Crash Date,Day,Month,Year,Hour,Weekday,Crash Type Code,Highway Classification Code,Community Code,Jurisdiction Code,Lane Departure Type Code,Surface Type,Road Condition,Weather Condition,Lighting Condition,Speed Limit,Lanes,Units,Occupants,Most Severe Injury,Fatal Injuries,Suspected Serious Injuries,Suspected Minor Injuries,Possible Injuries,Property Damage Only,Secondary Crash,Traffic Control,Red Light Run,Hit and Run,Alcohol,Drugs,Unbelted Person,Work Zone,Speeding Driver,Distracted Driver,Driveway,Pedestrian,Elderly Driver,Young Driver,Commercial Vehicle,Emergency Vehicles,Train,School Bus,Motorcycle,Bicycle,Deer,Longitude,Latitude,geom,geog,x,y
9292,9766227,PAUL,MINOCK,2016-08-06,6,8,2016,18,7,4,9,,4,0,,1,1,1,25,2,2,2,3,0,0,1,0,false,,false,false,false,false,false,,,,,,false,false,false,,,false,false,false,false,false,-83.2314,42.33591,"{
  ""coordinates"": [
    -8.323140116400000e+01,
    4.233590861000000e+01
  ],
  ""type"": ""Point""
}","{
  ""coordinates"": [
    -83.231401164,
    42.33590861
  ],
  ""type"": ""Point""
}",-83.231401164,42.33590861
9293,9766217,FREDERICK,DUBOIS,2016-08-06,6,8,2016,18,7,2,9,,,2,,1,1,1,25,2,2,2,5,0,0,0,0,true,,false,false,false,false,false,,,,,,false,false,false,,,false,false,true,false,false,-83.0446,42.36706,"{
  ""coordinates"": [
    -8.304460300800000e+01,
    4.236706191400000e+01
  ],
  ""type"": ""Point""
}","{
  ""coordinates"": [
    -83.044603008,
    42.367061914
  ],
  ""type"": ""Point""
}",-83.044603008,42.367061914
9294,9772076,CANFIELD,GRANDY,2016-08-06,6,8,2016,22,7,5,9,,4,0,,1,1,4,25,2,2,2,5,0,0,0,0,true,,false,false,true,false,false,,,,,,false,false,false,,,false,false,false,false,false,-83.03601,42.36224,"{
  ""coordinates"": [
    -8.303600852999990e+01,
    4.236223915200000e+01
  ],
  ""type"": ""Point""
}","{
  ""coordinates"": [
    -83.03600853,
    42.362239152
  ],
  ""type"": ""Point""
}",-83.0360085299999,42.362239152
9295,9768915,HOUSTONWHITTIER,KELLY,2016-08-06,6,8,2016,19,7,5,9,,4,0,,1,1,1,30,1,2,1,5,0,0,0,0,true,,false,false,true,false,false,,,,,,false,true,false,,,false,false,false,false,false,-82.96362,42.4208,"{
  ""coordinates"": [
    -8.296362290199990e+01,
    4.242079561200010e+01
  ],
  ""type"": ""Point""
}","{
  ""coordinates"": [
    -82.963622902,
    42.420795612
  ],
  ""type"": ""Point""
}",-82.9636229019999,42.4207956120001
9296,9859703,CANIFF,ALPENA,2016-08-06,6,8,2016,1,7,1,9,,4,0,,1,1,5,30,2,2,2,1,1,0,0,0,false,,false,false,true,true,false,,,,,,false,false,false,,,false,false,false,true,false,-83.04352,42.40588,"{
  ""coordinates"": [
    -8.304352053100000e+01,
    4.240588509200010e+01
  ],
  ""type"": ""Point""
}","{
  ""coordinates"": [
    -83.043520531,
    42.405885092
  ],
  ""type"": ""Point""
}",-83.043520531,42.4058850920001
9297,9912864,I-75,7 MILE,2016-08-06,6,8,2016,16,7,5,1,,1,0,,1,2,1,70,4,2,5,5,0,0,0,0,true,,false,false,true,false,false,,,,,,false,false,false,,,false,false,false,false,false,-83.09499,42.43393,"{
  ""coordinates"": [
    -8.309499622399990e+01,
    4.243392456400010e+01
  ],
  ""type"": ""Point""
}","{
  ""coordinates"": [
    -83.094996224,
    42.433924564
  ],
  ""type"": ""Point""
}",-83.0949962239999,42.4339245640001
9298,9768914,OUTER,GRATIOT,2016-08-06,6,8,2016,2,7,8,3,,2,3,,1,1,4,30,2,2,1,5,0,0,0,0,true,,false,false,true,false,false,,,,,,false,false,false,,,false,false,false,false,false,-82.99642,42.40651,"{
  ""coordinates"": [
    -8.299642144300000e+01,
    4.240650744400010e+01
  ],
  ""type"": ""Point""
}","{
  ""coordinates"": [
    -82.996421443,
    42.406507444
  ],
  ""type"": ""Point""
}",-82.996421443,42.4065074440001
9299,9772074,CHENE,CHARLEVOIX,2016-08-06,6,8,2016,7,7,5,3,,4,0,,7,1,1,25,2,2,1,5,0,0,0,0,true,,false,false,false,false,false,,,,,,false,false,false,,,false,false,false,false,false,-83.03183,42.35217,"{
  ""coordinates"": [
    -8.303182679500000e+01,
    4.235217315400010e+01
  ],
  ""type"": ""Point""
}","{
  ""coordinates"": [
    -83.031826795,
    42.352173154
  ],
  ""type"": ""Point""
}",-83.031826795,42.3521731540001
9300,9772075,BURNS,MACK,2016-08-06,6,8,2016,20,7,8,9,,,0,,1,1,5,25,1,2,1,5,0,0,0,0,true,,false,false,true,false,false,,,,,,false,false,true,,,false,false,false,false,false,-83.00035,42.36906,"{
  ""coordinates"": [
    -8.300034724999990e+01,
    4.236905555500000e+01
  ],
  ""type"": ""Point""
}","{
  ""coordinates"": [
    -83.00034725,
    42.369055555
  ],
  ""type"": ""Point""
}",-83.0003472499999,42.369055555
9301,9775548,I-96,SOUTHFIELD,2016-08-06,6,8,2016,21,7,5,1,,1,0,,1,1,3,70,3,2,2,4,0,0,0,1,false,,false,false,false,false,false,,,,,,false,false,false,,,false,false,true,false,false,-83.21487,42.37882,"{
  ""coordinates"": [
    -8.321486970799999e+01,
    4.237881993700010e+01
  ],
  ""type"": ""Point""
}","{
  ""coordinates"": [
    -83.214869708,
    42.378819937
  ],
  ""type"": ""Point""
}",-83.214869708,42.3788199370001
9302,9768934,GRATIOT,CONNER,2016-08-06,6,8,2016,2,7,97,3,,1,0,,1,1,98,35,4,2,3,4,0,0,0,1,false,,false,false,true,false,false,,,,,,false,false,true,,,false,false,false,false,false,-82.99761,42.40473,"{
  ""coordinates"": [
    -8.299761430800000e+01,
    4.240472644800010e+01
  ],
  ""type"": ""Point""
}","{
  ""coordinates"": [
    -82.997614308,
    42.404726448
  ],
  ""type"": ""Point""
}",-82.997614308,42.4047264480001
9303,9768894,GRAND RIVER,EVERGREEN,2016-08-06,6,8,2016,16,7,97,3,,1,0,,1,1,1,45,6,3,2,5,0,0,0,0,true,,true,true,false,false,false,,,,,,false,false,true,,,false,false,false,false,false,-83.23775,42.40852,"{
  ""coordinates"": [
    -8.323774910299990e+01,
    4.240852492500010e+01
  ],
  ""type"": ""Point""
}","{
  ""coordinates"": [
    -83.237749103,
    42.408524925
  ],
  ""type"": ""Point""
}",-83.2377491029999,42.4085249250001
9304,9768931,ST CYRIL,HAFELI,2016-08-06,6,8,2016,23,7,98,9,,4,0,,1,1,4,25,2,2,0,5,0,0,0,0,true,,false,false,true,false,false,,,,,,false,false,false,,,false,false,false,false,false,-83.02556,42.38804,"{
  ""coordinates"": [
    -8.302555585499989e+01,
    4.238804269600010e+01
  ],
  ""type"": ""Point""
}","{
  ""coordinates"": [
    -83.025555855,
    42.388042696
  ],
  ""type"": ""Point""
}",-83.0255558549999,42.3880426960001
9305,9769793,8 MILE,RYAN,2016-08-06,6,8,2016,2,7,5,3,,1,0,,1,1,1,0,4,2,2,4,0,0,0,1,false,,false,false,false,false,false,,,,,,false,true,false,,,false,false,false,false,false,-83.06387,42.44726,"{
  ""coordinates"": [
    -8.306386833999990e+01,
    4.244725682800000e+01
  ],
  ""type"": ""Point""
}","{
  ""coordinates"": [
    -83.06386834,
    42.447256828
  ],
  ""type"": ""Point""
}",-83.0638683399999,42.447256828
9306,9768807,E I 96,E I 96 CD,2016-08-06,6,8,2016,11,7,1,1,,1,1,,1,1,1,55,3,1,5,3,0,0,5,0,false,,false,false,false,false,false,,,,,,false,false,true,,,false,false,false,false,false,-83.25251,42.38537,"{
  ""coordinates"": [
    -8.325251220000000e+01,
    4.238537176000010e+01
  ],
  ""type"": ""Point""
}","{
  ""coordinates"": [
    -83.2525122,
    42.38537176
  ],
  ""type"": ""Point""
}",-83.2525122,42.3853717600001
9307,9765220,CHRYSLER,MACK,2016-08-06,6,8,2016,17,7,8,1,,1,0,,1,1,1,25,3,2,59,5,0,0,0,0,true,,false,false,false,false,false,,,,,,false,true,false,,,false,false,false,false,false,-83.0481,42.35111,"{
  ""coordinates"": [
    -8.304809946899999e+01,
    4.235110666400000e+01
  ],
  ""type"": ""Point""
}","{
  ""coordinates"": [
    -83.048099469,
    42.351106664
  ],
  ""type"": ""Point""
}",-83.048099469,42.351106664
9308,9796076,RAMP 008M,W I 96 CD,2016-08-06,6,8,2016,16,7,5,1,,1,0,,1,1,1,70,1,3,7,3,0,0,2,1,false,,false,false,true,false,false,,,,,,false,false,false,,,false,false,false,false,false,-83.21682,42.37917,"{
  ""coordinates"": [
    -8.321681889400000e+01,
    4.237916737700000e+01
  ],
  ""type"": ""Point""
}","{
  ""coordinates"": [
    -83.216818894,
    42.379167377
  ],
  ""type"": ""Point""
}",-83.216818894,42.379167377
9309,9772077,HOLCOLM,LAMBERT,2016-08-06,6,8,2016,23,7,97,9,,,0,,1,1,4,25,2,1,2,5,0,0,0,0,true,,false,false,true,false,false,,,,,,false,false,false,,,false,false,false,false,false,-83.00936,42.3888,"{
  ""coordinates"": [
    -8.300936193699989e+01,
    4.238879699400010e+01
  ],
  ""type"": ""Point""
}","{
  ""coordinates"": [
    -83.009361937,
    42.388796994
  ],
  ""type"": ""Point""
}",-83.0093619369999,42.3887969940001
9310,9775544,M-39,FORD,2016-08-06,6,8,2016,21,7,5,3,,1,0,,1,2,4,55,3,2,3,5,0,0,0,0,true,,false,false,false,false,false,,,,,,false,false,false,,,false,false,false,false,false,-83.21594,42.33633,"{
  ""coordinates"": [
    -8.321594275699989e+01,
    4.233632873100000e+01
  ],
  ""type"": ""Point""
}","{
  ""coordinates"": [
    -83.215942757,
    42.336328731
  ],
  ""type"": ""Point""
}",-83.2159427569999,42.336328731
9311,9768949,KLINGER,EMERY,2016-08-06,6,8,2016,16,7,1,9,,,0,,1,1,1,25,2,2,0,2,0,1,0,0,false,,false,false,true,false,false,,,,,,true,false,false,,,false,false,false,false,false,-83.06937,42.43587,"{
  ""coordinates"": [
    -8.306936649100000e+01,
    4.243587387900000e+01
  ],
  ""type"": ""Point""
}","{
  ""coordinates"": [
    -83.069366491,
    42.435873879
  ],
  ""type"": ""Point""
}",-83.069366491,42.435873879
9312,9766213,GLEASON,GREYFRIARS,2016-08-06,6,8,2016,22,7,8,9,,,0,,1,1,4,25,2,2,0,5,0,0,0,0,true,,false,false,true,false,false,,,,,,false,false,false,,,false,false,false,false,false,-83.16637,42.26564,"{
  ""coordinates"": [
    -8.316637588799991e+01,
    4.226564504100000e+01
  ],
  ""type"": ""Point""
}","{
  ""coordinates"": [
    -83.166375888,
    42.265645041
  ],
  ""type"": ""Point""
}",-83.1663758879999,42.265645041
9313,9765255,DAVISON,LIVERNOIS,2016-08-06,6,8,2016,13,7,4,3,,1,0,,1,1,1,35,6,2,1,5,0,0,0,0,true,,false,false,true,false,false,,,,,,false,false,false,,,false,false,false,false,false,-83.13954,42.38669,"{
  ""coordinates"": [
    -8.313953993199991e+01,
    4.238668933700010e+01
  ],
  ""type"": ""Point""
}","{
  ""coordinates"": [
    -83.139539932,
    42.386689337
  ],
  ""type"": ""Point""
}",-83.1395399319999,42.3866893370001
9314,9765273,FENKELL,PENROD,2016-08-06,6,8,2016,10,7,8,9,,2,0,,1,1,4,25,2,2,2,5,0,0,0,0,true,,false,false,false,false,false,,,,,,false,false,true,,,false,false,false,false,false,-83.22166,42.40102,"{
  ""coordinates"": [
    -8.322165839000000e+01,
    4.240102573500010e+01
  ],
  ""type"": ""Point""
}","{
  ""coordinates"": [
    -83.22165839,
    42.401025735
  ],
  ""type"": ""Point""
}",-83.22165839,42.4010257350001
9315,9780052,E I 96,KENTFIELD,2016-08-06,6,8,2016,19,7,5,1,,1,0,,1,1,1,70,3,2,2,5,0,0,0,0,true,,false,false,true,false,false,,,,,,false,false,true,,,false,false,true,false,false,-83.24128,42.38404,"{
  ""coordinates"": [
    -8.324127898300000e+01,
    4.238404369800000e+01
  ],
  ""type"": ""Point""
}","{
  ""coordinates"": [
    -83.241278983,
    42.384043698
  ],
  ""type"": ""Point""
}",-83.241278983,42.384043698
9316,9766235,BELLETERRE,BORDEAU,2016-08-06,6,8,2016,12,7,4,9,,,0,,98,98,98,30,2,2,1,5,0,0,0,0,true,,false,false,true,false,false,,,,,,false,false,false,,,false,false,false,false,false,-83.13612,42.36952,"{
  ""coordinates"": [
    -8.313612089400000e+01,
    4.236951771600010e+01
  ],
  ""type"": ""Point""
}","{
  ""coordinates"": [
    -83.136120894,
    42.369517716
  ],
  ""type"": ""Point""
}",-83.136120894,42.3695177160001
9317,9773712,M-39,MCNICHOLS,2016-08-06,6,8,2016,2,7,1,3,,1,0,,1,1,4,55,3,1,3,5,0,0,0,0,true,,false,false,false,false,false,,,,,,false,false,false,,,false,false,false,false,false,-83.21886,42.41191,"{
  ""coordinates"": [
    -8.321885688600000e+01,
    4.241191175200000e+01
  ],
  ""type"": ""Point""
}","{
  ""coordinates"": [
    -83.218856886,
    42.411911752
  ],
  ""type"": ""Point""
}",-83.218856886,42.411911752
9318,9768983,WOODWARD,FOREST,2016-08-05,5,8,2016,9,6,4,3,,1,0,,1,1,1,30,7,2,2,5,0,0,0,0,true,,true,true,false,false,false,,,,,,false,false,false,,,false,false,false,false,false,-83.06297,42.35472,"{
  ""coordinates"": [
    -8.306296793900000e+01,
    4.235471596200010e+01
  ],
  ""type"": ""Point""
}","{
  ""coordinates"": [
    -83.062967939,
    42.354715962
  ],
  ""type"": ""Point""
}",-83.062967939,42.3547159620001
9319,9765241,SEVEN MILE,DALE,2016-08-05,5,8,2016,12,6,8,9,,2,0,,1,1,1,35,4,2,4,4,0,0,0,1,false,,false,false,false,false,false,,,,,,false,false,false,,,false,false,false,false,false,-83.27644,42.42896,"{
  ""coordinates"": [
    -8.327644090200000e+01,
    4.242896404000000e+01
  ],
  ""type"": ""Point""
}","{
  ""coordinates"": [
    -83.276440902,
    42.42896404
  ],
  ""type"": ""Point""
}",-83.276440902,42.42896404
9320,9768930,MILLER,MT ELLIOT,2016-08-05,5,8,2016,9,6,5,9,,4,3,,1,1,1,30,4,2,0,5,0,0,0,0,true,,false,false,true,false,false,,,,,,false,false,false,,,false,false,false,false,false,-83.03659,42.39036,"{
  ""coordinates"": [
    -8.303658855200000e+01,
    4.239035924900000e+01
  ],
  ""type"": ""Point""
}","{
  ""coordinates"": [
    -83.036588552,
    42.390359249
  ],
  ""type"": ""Point""
}",-83.036588552,42.390359249
9321,9768679,I 94,TRUMBULL,2016-08-05,5,8,2016,15,6,5,1,,1,0,,1,1,1,70,3,2,2,5,0,0,0,0,true,,false,false,false,false,false,,,,,,false,true,false,,,false,false,false,false,false,-83.08267,42.3553,"{
  ""coordinates"": [
    -8.308267437300000e+01,
    4.235529807500010e+01
  ],
  ""type"": ""Point""
}","{
  ""coordinates"": [
    -83.082674373,
    42.355298075
  ],
  ""type"": ""Point""
}",-83.082674373,42.3552980750001
9322,9765226,ETHEL,SALLIOTTE,2016-08-05,5,8,2016,17,6,4,9,,,0,,1,1,1,25,2,2,2,5,0,0,0,0,true,,false,false,false,false,false,,,,,,false,true,true,,,false,false,false,false,false,-83.16038,42.25791,"{
  ""coordinates"": [
    -8.316037920500000e+01,
    4.225791286000000e+01
  ],
  ""type"": ""Point""
}","{
  ""coordinates"": [
    -83.160379205,
    42.25791286
  ],
  ""type"": ""Point""
}",-83.160379205,42.25791286
9323,9765242,PATTON,MIDLAND,2016-08-05,5,8,2016,8,6,97,9,,,0,,1,1,1,25,2,2,0,4,0,0,0,1,false,,false,false,true,false,false,,,,,,true,false,false,,,false,false,false,false,false,-83.24385,42.40444,"{
  ""coordinates"": [
    -8.324385218299990e+01,
    4.240444233800010e+01
  ],
  ""type"": ""Point""
}","{
  ""coordinates"": [
    -83.243852183,
    42.404442338
  ],
  ""type"": ""Point""
}",-83.2438521829999,42.4044423380001
9324,9768753,I-75,DAVISON,2016-08-05,5,8,2016,16,6,8,1,,1,0,,1,2,1,70,4,2,1,5,0,0,0,0,true,,false,false,true,false,false,,,,,,false,false,false,,,false,false,false,false,false,-83.07802,42.40763,"{
  ""coordinates"": [
    -8.307801458599990e+01,
    4.240762770700010e+01
  ],
  ""type"": ""Point""
}","{
  ""coordinates"": [
    -83.078014586,
    42.407627707
  ],
  ""type"": ""Point""
}",-83.0780145859999,42.4076277070001
9325,9765234,WARREN,BRACE,2016-08-05,5,8,2016,18,6,5,9,,2,0,,1,1,1,35,4,2,3,5,0,0,0,0,true,,false,false,false,false,false,,,,,,false,false,false,,,false,false,false,false,false,-83.22313,42.3433,"{
  ""coordinates"": [
    -8.322312737000000e+01,
    4.234330292100000e+01
  ],
  ""type"": ""Point""
}","{
  ""coordinates"": [
    -83.22312737,
    42.343302921
  ],
  ""type"": ""Point""
}",-83.22312737,42.343302921
9326,9765245,MOROSS,W I 94,2016-08-05,5,8,2016,14,6,4,9,,2,0,,1,2,1,35,4,2,4,3,0,0,1,0,false,,true,true,false,false,false,,,,,,false,false,false,,,false,false,false,false,false,-82.92895,42.42448,"{
  ""coordinates"": [
    -8.292894622400000e+01,
    4.242447831400010e+01
  ],
  ""type"": ""Point""
}","{
  ""coordinates"": [
    -82.928946224,
    42.424478314
  ],
  ""type"": ""Point""
}",-82.928946224,42.4244783140001
9327,9783177,MICHIGAN,SHELBY,2016-08-05,5,8,2016,11,6,8,9,,4,0,,1,1,1,35,4,2,2,5,0,0,0,0,true,,false,false,false,false,false,,,,,,false,false,true,,,false,false,false,false,false,-83.04932,42.33167,"{
  ""coordinates"": [
    -8.304932157000000e+01,
    4.233166743900010e+01
  ],
  ""type"": ""Point""
}","{
  ""coordinates"": [
    -83.04932157,
    42.331667439
  ],
  ""type"": ""Point""
}",-83.04932157,42.3316674390001
9328,9793148,NEVADA,NORWOOD,2016-08-05,5,8,2016,15,6,98,9,,4,0,,1,1,1,25,2,2,3,5,0,0,0,0,true,,false,false,true,false,false,,,,,,false,false,true,,,false,false,false,false,false,-83.06647,42.42585,"{
  ""coordinates"": [
    -8.306647720599990e+01,
    4.242584722400010e+01
  ],
  ""type"": ""Point""
}","{
  ""coordinates"": [
    -83.066477206,
    42.425847224
  ],
  ""type"": ""Point""
}",-83.0664772059999,42.4258472240001
9329,9765112,LODGE,8 MILE,2016-08-05,5,8,2016,14,6,1,3,,1,1,,1,1,1,70,3,1,1,5,0,0,0,0,true,,false,false,false,false,false,,,,,,false,false,false,,,false,false,false,false,false,-83.19984,42.44213,"{
  ""coordinates"": [
    -8.319984459699999e+01,
    4.244213627600000e+01
  ],
  ""type"": ""Point""
}","{
  ""coordinates"": [
    -83.199844597,
    42.442136276
  ],
  ""type"": ""Point""
}",-83.199844597,42.442136276
9330,9768727,I-75,SCHAEFER,2016-08-05,5,8,2016,12,6,97,1,,1,0,,1,2,1,70,4,1,1,5,0,0,0,0,true,,false,false,false,false,false,,,,,,false,false,false,,,false,false,false,false,false,-83.14948,42.28203,"{
  ""coordinates"": [
    -8.314948091299991e+01,
    4.228203245100010e+01
  ],
  ""type"": ""Point""
}","{
  ""coordinates"": [
    -83.149480913,
    42.282032451
  ],
  ""type"": ""Point""
}",-83.1494809129999,42.2820324510001
9331,9769778,MICHIGAN,GRAND,2016-08-05,5,8,2016,,6,5,2,,1,0,,1,1,5,35,4,2,1,4,0,0,0,1,false,,false,false,true,false,false,,,,,,false,false,false,,,false,false,true,false,false,-83.09464,42.33139,"{
  ""coordinates"": [
    -8.309464024200000e+01,
    4.233139232700010e+01
  ],
  ""type"": ""Point""
}","{
  ""coordinates"": [
    -83.094640242,
    42.331392327
  ],
  ""type"": ""Point""
}",-83.094640242,42.3313923270001
9332,9765259,7 MILE,JOHN R,2016-08-05,5,8,2016,17,6,3,9,,4,0,,1,1,1,30,4,2,2,4,0,0,0,2,false,,false,false,false,false,false,,,,,,false,false,true,,,false,false,false,false,false,-83.10237,42.43227,"{
  ""coordinates"": [
    -8.310237273699990e+01,
    4.243227525400000e+01
  ],
  ""type"": ""Point""
}","{
  ""coordinates"": [
    -83.102372737,
    42.432275254
  ],
  ""type"": ""Point""
}",-83.1023727369999,42.432275254
9333,9775538,N I 75,FERRY,2016-08-05,5,8,2016,23,6,5,1,,1,0,,1,1,4,55,3,2,4,5,0,0,0,0,true,,false,false,true,false,false,,,,,,false,false,false,,,false,false,false,false,false,-83.0563,42.36509,"{
  ""coordinates"": [
    -8.305630611299991e+01,
    4.236508503100000e+01
  ],
  ""type"": ""Point""
}","{
  ""coordinates"": [
    -83.056306113,
    42.365085031
  ],
  ""type"": ""Point""
}",-83.0563061129999,42.365085031
9334,9765253,WYOMING,PURITAN,2016-08-05,5,8,2016,12,6,97,9,,4,0,,98,98,98,30,3,2,1,5,0,0,0,0,true,,false,false,true,false,true,,,,,,false,false,false,,,false,false,false,false,false,-83.15999,42.40958,"{
  ""coordinates"": [
    -8.315998933600000e+01,
    4.240957462600010e+01
  ],
  ""type"": ""Point""
}","{
  ""coordinates"": [
    -83.159989336,
    42.409574626
  ],
  ""type"": ""Point""
}",-83.159989336,42.4095746260001
9335,9765250,DAVISON,EWALD,2016-08-05,5,8,2016,13,6,5,3,,1,0,,1,1,1,35,3,2,2,5,0,0,0,0,true,,false,false,false,false,false,,,,,,false,false,false,,,false,false,false,false,false,-83.1452,42.38641,"{
  ""coordinates"": [
    -8.314520381200001e+01,
    4.238640660500000e+01
  ],
  ""type"": ""Point""
}","{
  ""coordinates"": [
    -83.145203812,
    42.386406605
  ],
  ""type"": ""Point""
}",-83.145203812,42.386406605
9336,9765218,N I 75,MACK,2016-08-05,5,8,2016,9,6,1,1,,1,0,,1,1,1,35,1,1,1,5,0,0,0,0,true,,false,false,false,false,false,,,,,,false,false,false,,,false,false,false,false,false,-83.04787,42.35131,"{
  ""coordinates"": [
    -8.304787769099990e+01,
    4.235131484300010e+01
  ],
  ""type"": ""Point""
}","{
  ""coordinates"": [
    -83.047877691,
    42.351314843
  ],
  ""type"": ""Point""
}",-83.0478776909999,42.3513148430001
9337,9765225,LONYO,ARNOLD,2016-08-05,5,8,2016,15,6,9,9,,4,2,,1,1,1,25,2,2,2,4,0,0,0,1,false,,false,false,true,false,false,,,,,,false,false,false,,,false,false,false,false,false,-83.14274,42.32811,"{
  ""coordinates"": [
    -8.314274034999990e+01,
    4.232810464800010e+01
  ],
  ""type"": ""Point""
}","{
  ""coordinates"": [
    -83.14274035,
    42.328104648
  ],
  ""type"": ""Point""
}",-83.1427403499999,42.3281046480001
9338,9768726,I-94,CONCORD,2016-08-05,5,8,2016,13,6,5,1,,1,0,,2,2,1,55,3,2,2,5,0,0,0,0,true,,false,false,false,false,false,,,,,,false,false,true,,,false,false,false,false,false,-83.02837,42.38418,"{
  ""coordinates"": [
    -8.302836447100000e+01,
    4.238418102000000e+01
  ],
  ""type"": ""Point""
}","{
  ""coordinates"": [
    -83.028364471,
    42.38418102
  ],
  ""type"": ""Point""
}",-83.028364471,42.38418102
9339,9765206,FOREST,S M 10 SERVICE DRIVE,2016-08-05,5,8,2016,18,6,8,9,,4,0,,1,1,1,30,3,2,4,5,0,0,0,0,true,,false,false,false,false,false,,,,,,false,false,true,,,false,false,false,false,false,-83.07309,42.3513,"{
  ""coordinates"": [
    -8.307309041300000e+01,
    4.235130450100010e+01
  ],
  ""type"": ""Point""
}","{
  ""coordinates"": [
    -83.073090413,
    42.351304501
  ],
  ""type"": ""Point""
}",-83.073090413,42.3513045010001
9340,9768911,GRATIOT,8 MILE,2016-08-05,5,8,2016,16,6,1,3,,1,0,,1,1,1,35,7,2,1,4,0,0,0,1,false,,false,false,false,false,false,,,,,,true,false,false,,,false,false,false,false,false,-82.96809,42.44959,"{
  ""coordinates"": [
    -8.296809512599999e+01,
    4.244958899800010e+01
  ],
  ""type"": ""Point""
}","{
  ""coordinates"": [
    -82.968095126,
    42.449588998
  ],
  ""type"": ""Point""
}",-82.968095126,42.4495889980001
9341,9765221,JEFFERSON,10TH,2016-08-05,5,8,2016,23,6,4,9,,4,0,,1,1,5,35,5,2,5,5,0,0,0,0,true,,false,false,false,false,false,,,,,,false,false,true,,,false,false,false,false,false,-83.06185,42.32291,"{
  ""coordinates"": [
    -8.306185016599990e+01,
    4.232290757900010e+01
  ],
  ""type"": ""Point""
}","{
  ""coordinates"": [
    -83.061850166,
    42.322907579
  ],
  ""type"": ""Point""
}",-83.0618501659999,42.3229075790001
9342,9808775,OUTER,GLENDALE,2016-08-05,5,8,2016,21,6,9,9,,2,2,,1,1,4,35,4,2,1,5,0,0,0,0,true,,false,false,true,false,false,,,,,,false,false,false,,,false,false,false,false,false,-83.26112,42.3802,"{
  ""coordinates"": [
    -8.326112279900001e+01,
    4.238020156100000e+01
  ],
  ""type"": ""Point""
}","{
  ""coordinates"": [
    -83.261122799,
    42.380201561
  ],
  ""type"": ""Point""
}",-83.261122799,42.380201561
9343,9768967,7 MILE,SORRENTO,2016-08-05,5,8,2016,21,6,5,9,,2,0,,1,1,4,30,3,3,0,5,0,0,0,0,true,,false,false,true,false,false,,,,,,false,false,false,,,false,false,false,false,false,-83.17473,42.43118,"{
  ""coordinates"": [
    -8.317472776800000e+01,
    4.243118053300000e+01
  ],
  ""type"": ""Point""
}","{
  ""coordinates"": [
    -83.174727768,
    42.431180533
  ],
  ""type"": ""Point""
}",-83.174727768,42.431180533
9344,9769771,LIVERNOIS,FEDERAL,2016-08-05,5,8,2016,11,6,5,9,,4,0,,1,1,1,30,8,2,1,4,0,0,0,1,false,,false,false,true,false,false,,,,,,false,false,false,,,false,false,false,false,false,-83.11321,42.32132,"{
  ""coordinates"": [
    -8.311320959699999e+01,
    4.232131644100010e+01
  ],
  ""type"": ""Point""
}","{
  ""coordinates"": [
    -83.113209597,
    42.321316441
  ],
  ""type"": ""Point""
}",-83.113209597,42.3213164410001
9345,9765217,GRAND RIVER,GRISWOLD,2016-08-05,5,8,2016,18,6,8,9,,4,0,,1,2,1,25,3,2,5,5,0,0,0,0,true,,false,false,false,false,false,,,,,,false,false,false,,,false,false,false,false,false,-83.04971,42.33367,"{
  ""coordinates"": [
    -8.304970653200000e+01,
    4.233367283500010e+01
  ],
  ""type"": ""Point""
}","{
  ""coordinates"": [
    -83.049706532,
    42.333672835
  ],
  ""type"": ""Point""
}",-83.049706532,42.3336728350001
9346,9765236,GLENDALE,MANSFIELD,2016-08-05,5,8,2016,9,6,5,9,,,0,,1,1,1,25,2,2,2,5,0,0,0,0,true,,false,false,false,false,false,,,,,,false,false,false,,,false,false,false,false,false,-83.20358,42.38246,"{
  ""coordinates"": [
    -8.320357253400000e+01,
    4.238246111800000e+01
  ],
  ""type"": ""Point""
}","{
  ""coordinates"": [
    -83.203572534,
    42.382461118
  ],
  ""type"": ""Point""
}",-83.203572534,42.382461118
9347,9781770,MT ELLIOTT,NEVADA,2016-08-05,5,8,2016,20,6,4,9,,4,0,,1,1,3,30,2,2,5,4,0,0,0,1,false,,true,true,false,false,false,,,,,,false,false,true,,,false,false,false,false,false,-83.03863,42.4264,"{
  ""coordinates"": [
    -8.303862979500001e+01,
    4.242640205100000e+01
  ],
  ""type"": ""Point""
}","{
  ""coordinates"": [
    -83.038629795,
    42.426402051
  ],
  ""type"": ""Point""
}",-83.038629795,42.426402051
9348,9769805,JEFFERSON,RANDOLPH,2016-08-05,5,8,2016,11,6,3,4,,1,0,,1,2,4,35,3,2,8,4,0,0,0,5,false,,false,false,false,false,false,,,,,,false,false,false,,,false,false,false,false,false,-83.04198,42.32996,"{
  ""coordinates"": [
    -8.304197586600000e+01,
    4.232995741800000e+01
  ],
  ""type"": ""Point""
}","{
  ""coordinates"": [
    -83.041975866,
    42.329957418
  ],
  ""type"": ""Point""
}",-83.041975866,42.329957418