ObjectId,Crash ID,Primary Road,Intersecting Road,Crash Date,Day,Month,Year,Hour,Weekday,Crash Type Code,Highway Classification Code,Community Code,Jurisdiction Code,Lane Departure Type Code,Surface Type,Road Condition,Weather Condition,Lighting Condition,Speed Limit,Lanes,Units,Occupants,Most Severe Injury,Fatal Injuries,Suspected Serious Injuries,Suspected Minor Injuries,Possible Injuries,Property Damage Only,Secondary Crash,Traffic Control,Red Light Run,Hit and Run,Alcohol,Drugs,Unbelted Person,Work Zone,Speeding Driver,Distracted Driver,Driveway,Pedestrian,Elderly Driver,Young Driver,Commercial Vehicle,Emergency Vehicles,Train,School Bus,Motorcycle,Bicycle,Deer,Longitude,Latitude,geom,geog,x,y
9521,9768694,RAMP 218D,I 94,2016-08-02,2,8,2016,21,3,8,1,,1,0,,1,1,4,55,3,2,1,5,0,0,0,0,true,,false,false,true,false,false,,,,,,false,false,true,,,false,false,false,false,false,-83.02166,42.38605,"{
  ""coordinates"": [
    -8.302165985200000e+01,
    4.238605225100010e+01
  ],
  ""type"": ""Point""
}","{
  ""coordinates"": [
    -83.021659852,
    42.386052251
  ],
  ""type"": ""Point""
}",-83.021659852,42.3860522510001
9522,9765231,8 MILE,DEQUINDRE,2016-08-02,2,8,2016,16,3,8,3,,1,0,,1,1,1,40,4,2,3,5,0,0,0,0,true,,false,false,false,false,false,,,,,,false,true,false,,,false,false,false,false,false,-83.08376,42.44701,"{
  ""coordinates"": [
    -8.308375202300000e+01,
    4.244701447400010e+01
  ],
  ""type"": ""Point""
}","{
  ""coordinates"": [
    -83.083752023,
    42.447014474
  ],
  ""type"": ""Point""
}",-83.083752023,42.4470144740001
9523,9765203,I 75,7 MILE,2016-08-02,2,8,2016,8,3,5,1,,1,0,,1,1,1,70,3,3,3,5,0,0,0,0,true,,false,false,false,false,false,,,,,,false,false,false,,,false,false,false,false,false,-83.09494,42.43275,"{
  ""coordinates"": [
    -8.309494304799991e+01,
    4.243274768700010e+01
  ],
  ""type"": ""Point""
}","{
  ""coordinates"": [
    -83.094943048,
    42.432747687
  ],
  ""type"": ""Point""
}",-83.0949430479999,42.4327476870001
9524,9768692,N M 39,WARREN,2016-08-02,2,8,2016,15,3,5,3,,1,0,,1,1,1,55,3,2,2,4,0,0,0,1,false,,false,false,false,false,false,,,,,,false,false,false,,,false,false,false,false,false,-83.21605,42.34364,"{
  ""coordinates"": [
    -8.321604615900000e+01,
    4.234364408800010e+01
  ],
  ""type"": ""Point""
}","{
  ""coordinates"": [
    -83.216046159,
    42.343644088
  ],
  ""type"": ""Point""
}",-83.216046159,42.3436440880001
9525,9763153,LAPPIN,WESTPHALIA,2016-08-02,2,8,2016,20,3,97,9,,,0,,1,1,1,25,3,3,5,5,0,0,0,0,true,,false,false,false,false,false,,,,,,false,false,true,,,false,false,false,false,false,-82.99245,42.43657,"{
  ""coordinates"": [
    -8.299245446899990e+01,
    4.243656371200010e+01
  ],
  ""type"": ""Point""
}","{
  ""coordinates"": [
    -82.992454469,
    42.436563712
  ],
  ""type"": ""Point""
}",-82.9924544689999,42.4365637120001
9526,9806355,GRAND,WOODWARD,2016-08-02,2,8,2016,11,3,8,3,,4,0,,1,1,1,25,4,2,1,5,0,0,0,0,true,,false,false,true,false,false,,,,,,false,false,false,,,false,false,false,false,false,-83.07286,42.37032,"{
  ""coordinates"": [
    -8.307286315800000e+01,
    4.237032301400010e+01
  ],
  ""type"": ""Point""
}","{
  ""coordinates"": [
    -83.072863158,
    42.370323014
  ],
  ""type"": ""Point""
}",-83.072863158,42.3703230140001
9527,9768884,RUSSELL,DIVISION,2016-08-02,2,8,2016,13,3,1,9,,4,0,,1,1,1,25,1,3,1,4,0,0,0,2,false,,false,false,false,false,false,,,,,,true,false,false,,,false,false,false,false,false,-83.04087,42.34698,"{
  ""coordinates"": [
    -8.304087002999999e+01,
    4.234697718200000e+01
  ],
  ""type"": ""Point""
}","{
  ""coordinates"": [
    -83.04087003,
    42.346977182
  ],
  ""type"": ""Point""
}",-83.04087003,42.346977182
9528,9763193,RUSSELL,DIVISION,2016-08-02,2,8,2016,13,3,1,9,,4,0,,1,1,1,25,1,3,1,4,0,0,0,2,false,,false,false,false,false,false,,,,,,true,false,false,,,false,false,false,false,false,-83.04087,42.34698,"{
  ""coordinates"": [
    -8.304087002999999e+01,
    4.234697718200000e+01
  ],
  ""type"": ""Point""
}","{
  ""coordinates"": [
    -83.04087003,
    42.346977182
  ],
  ""type"": ""Point""
}",-83.04087003,42.346977182
9529,9765281,GRAND,FORT,2016-08-02,2,8,2016,9,3,1,3,,4,1,,1,2,1,50,2,1,1,3,0,0,1,0,false,,false,false,false,false,false,,,,,,false,false,false,,,false,false,false,false,false,-83.08344,42.31517,"{
  ""coordinates"": [
    -8.308343670300000e+01,
    4.231517203200010e+01
  ],
  ""type"": ""Point""
}","{
  ""coordinates"": [
    -83.083436703,
    42.315172032
  ],
  ""type"": ""Point""
}",-83.083436703,42.3151720320001
9530,9762286,ADELINE,BAUMAN,2016-08-02,2,8,2016,7,3,1,9,,,1,,1,1,1,25,2,1,2,4,0,0,0,1,false,,false,false,false,false,false,,,,,,false,false,false,,,false,false,false,false,false,-83.11307,42.4385,"{
  ""coordinates"": [
    -8.311306956000000e+01,
    4.243850131800010e+01
  ],
  ""type"": ""Point""
}","{
  ""coordinates"": [
    -83.11306956,
    42.438501318
  ],
  ""type"": ""Point""
}",-83.11306956,42.4385013180001
9531,9762288,JOHN C LODGE SERVICE,LIVERNOIS,2016-08-02,2,8,2016,7,3,5,3,,1,0,,1,1,1,30,2,2,2,5,0,0,0,0,true,,false,false,false,false,false,,,,,,false,true,false,,,false,false,false,false,false,-83.14042,42.4048,"{
  ""coordinates"": [
    -8.314041735599990e+01,
    4.240480423400000e+01
  ],
  ""type"": ""Point""
}","{
  ""coordinates"": [
    -83.140417356,
    42.404804234
  ],
  ""type"": ""Point""
}",-83.1404173559999,42.404804234
9532,9769775,LONYO,HENDERSON,2016-08-02,2,8,2016,1,3,98,9,,4,0,,1,1,1,25,2,2,2,4,0,0,0,1,false,,false,false,false,false,false,,,,,,false,false,true,,,false,false,false,false,false,-83.14703,42.33406,"{
  ""coordinates"": [
    -8.314703587000000e+01,
    4.233406330400000e+01
  ],
  ""type"": ""Point""
}","{
  ""coordinates"": [
    -83.14703587,
    42.334063304
  ],
  ""type"": ""Point""
}",-83.14703587,42.334063304
9533,9762272,SOUTHFIELD SERVICE DRIVE,GRAND RIVER,2016-08-02,2,8,2016,7,3,8,3,,4,0,,1,1,1,30,3,2,2,5,0,0,0,0,true,,false,false,false,false,false,,,,,,false,false,false,,,false,false,false,false,false,-83.21798,42.40055,"{
  ""coordinates"": [
    -8.321798040899991e+01,
    4.240054909500000e+01
  ],
  ""type"": ""Point""
}","{
  ""coordinates"": [
    -83.217980409,
    42.400549095
  ],
  ""type"": ""Point""
}",-83.2179804089999,42.400549095
9534,9762284,CASMERE,FENELON,2016-08-02,2,8,2016,16,3,8,9,,,0,,1,1,1,25,1,2,1,5,0,0,0,0,true,,false,false,false,false,false,,,,,,false,false,true,,,false,false,false,false,false,-83.05161,42.4057,"{
  ""coordinates"": [
    -8.305160573800001e+01,
    4.240570426500010e+01
  ],
  ""type"": ""Point""
}","{
  ""coordinates"": [
    -83.051605738,
    42.405704265
  ],
  ""type"": ""Point""
}",-83.051605738,42.4057042650001
9535,9764075,EVERGREEN,RAMP 135D,2016-08-02,2,8,2016,11,3,5,1,,4,0,,1,1,1,30,1,2,7,5,0,0,0,0,true,,false,false,false,false,false,,,,,,false,false,true,,,false,false,false,false,false,-83.23666,42.38088,"{
  ""coordinates"": [
    -8.323666706499991e+01,
    4.238088022100000e+01
  ],
  ""type"": ""Point""
}","{
  ""coordinates"": [
    -83.236667065,
    42.380880221
  ],
  ""type"": ""Point""
}",-83.2366670649999,42.380880221
9536,9765258,VAN DYKE,SAVAGE,2016-08-02,2,8,2016,15,3,5,3,,1,0,,1,1,1,30,5,3,3,5,0,0,0,0,true,,false,false,false,false,false,,,,,,false,false,true,,,false,false,false,false,false,-83.02462,42.44473,"{
  ""coordinates"": [
    -8.302462204400000e+01,
    4.244472332700010e+01
  ],
  ""type"": ""Point""
}","{
  ""coordinates"": [
    -83.024622044,
    42.444723327
  ],
  ""type"": ""Point""
}",-83.024622044,42.4447233270001
9537,9766238,MONTEREY,LAWTON,2016-08-02,2,8,2016,9,3,8,9,,,0,,1,1,1,25,2,4,2,5,0,0,0,0,true,,false,false,false,false,false,,,,,,false,true,false,,,false,false,false,false,false,-83.12009,42.38408,"{
  ""coordinates"": [
    -8.312009650100001e+01,
    4.238408362000010e+01
  ],
  ""type"": ""Point""
}","{
  ""coordinates"": [
    -83.120096501,
    42.38408362
  ],
  ""type"": ""Point""
}",-83.120096501,42.3840836200001
9538,9762252,CASS,FORT,2016-08-02,2,8,2016,18,3,4,3,,4,0,,1,1,1,25,5,2,3,4,0,0,0,3,false,,false,false,false,false,false,,,,,,false,false,false,,,false,false,false,false,false,-83.05071,42.32928,"{
  ""coordinates"": [
    -8.305071332800000e+01,
    4.232928206900000e+01
  ],
  ""type"": ""Point""
}","{
  ""coordinates"": [
    -83.050713328,
    42.329282069
  ],
  ""type"": ""Point""
}",-83.050713328,42.329282069
9539,9997266,N M 39,I 96 SERVICE DRIVE,2016-08-02,2,8,2016,18,3,5,3,,1,0,,1,1,1,55,3,2,2,5,0,0,0,0,true,,false,false,false,false,false,,,,,,false,false,false,,,false,false,false,false,false,-83.21682,42.37743,"{
  ""coordinates"": [
    -8.321681814599999e+01,
    4.237743415200000e+01
  ],
  ""type"": ""Point""
}","{
  ""coordinates"": [
    -83.216818146,
    42.377434152
  ],
  ""type"": ""Point""
}",-83.216818146,42.377434152
9540,9761468,ROSEDALE,JOHN R,2016-08-01,1,8,2016,15,2,1,9,,,0,,1,1,1,25,2,2,1,4,0,0,0,1,false,,false,false,false,false,false,,,,,,true,false,false,,,false,false,false,false,false,-83.08463,42.39208,"{
  ""coordinates"": [
    -8.308462273700000e+01,
    4.239208361500000e+01
  ],
  ""type"": ""Point""
}","{
  ""coordinates"": [
    -83.084622737,
    42.392083615
  ],
  ""type"": ""Point""
}",-83.084622737,42.392083615
9541,9933145,DEXTER,BUENA,2016-08-01,1,8,2016,16,2,8,9,,4,0,,1,1,1,30,5,2,2,4,0,0,0,1,false,,false,false,false,false,false,,,,,,false,false,true,,,false,false,false,false,false,-83.12959,42.38786,"{
  ""coordinates"": [
    -8.312959268600000e+01,
    4.238785749400010e+01
  ],
  ""type"": ""Point""
}","{
  ""coordinates"": [
    -83.129592686,
    42.387857494
  ],
  ""type"": ""Point""
}",-83.129592686,42.3878574940001
9542,9761476,MOUNT ELLIOTT,MOUNT ELLIOTT,2016-08-01,1,8,2016,4,2,1,9,,4,0,,1,1,4,30,2,1,1,5,0,0,0,0,true,,false,false,false,false,false,,,,,,false,false,false,,,false,false,false,false,false,-83.03994,42.40612,"{
  ""coordinates"": [
    -8.303994173900000e+01,
    4.240612371400000e+01
  ],
  ""type"": ""Point""
}","{
  ""coordinates"": [
    -83.039941739,
    42.406123714
  ],
  ""type"": ""Point""
}",-83.039941739,42.406123714
9543,9771057,PITT,CARSON,2016-08-01,1,8,2016,3,2,5,9,,,0,,1,1,4,25,3,2,0,5,0,0,0,0,true,,false,false,true,false,false,,,,,,false,false,false,,,false,false,false,false,false,-83.12892,42.31318,"{
  ""coordinates"": [
    -8.312891965599989e+01,
    4.231317597700010e+01
  ],
  ""type"": ""Point""
}","{
  ""coordinates"": [
    -83.128919656,
    42.313175977
  ],
  ""type"": ""Point""
}",-83.1289196559999,42.3131759770001
9544,9765201,S M 39,RAMP 008K,2016-08-01,1,8,2016,17,2,5,3,,1,0,,1,1,1,55,3,3,3,5,0,0,0,0,true,,false,false,false,false,false,,,,,,false,false,true,,,false,false,false,false,false,-83.21689,42.37517,"{
  ""coordinates"": [
    -8.321688492399990e+01,
    4.237517266300010e+01
  ],
  ""type"": ""Point""
}","{
  ""coordinates"": [
    -83.216884924,
    42.375172663
  ],
  ""type"": ""Point""
}",-83.2168849239999,42.3751726630001
9545,9762258,LIVERNOIS,WHITEHEAD,2016-08-01,1,8,2016,18,2,8,9,,4,0,,1,2,1,35,4,2,1,5,0,0,0,0,true,,false,false,true,false,false,,,,,,false,false,true,,,false,false,false,false,false,-83.12424,42.33648,"{
  ""coordinates"": [
    -8.312423603199990e+01,
    4.233648118500000e+01
  ],
  ""type"": ""Point""
}","{
  ""coordinates"": [
    -83.124236032,
    42.336481185
  ],
  ""type"": ""Point""
}",-83.1242360319999,42.336481185
9546,9766223,GRAND RIVER,WINSTON,2016-08-01,1,8,2016,8,2,97,3,,1,0,,1,1,1,0,2,2,2,5,0,0,0,0,true,,false,false,false,false,false,,,,,,false,true,false,,,false,false,false,false,false,-83.28386,42.4272,"{
  ""coordinates"": [
    -8.328386234999989e+01,
    4.242720257400000e+01
  ],
  ""type"": ""Point""
}","{
  ""coordinates"": [
    -83.28386235,
    42.427202574
  ],
  ""type"": ""Point""
}",-83.2838623499999,42.427202574
9547,9763161,MEMORIAL,WARREN,2016-08-01,1,8,2016,1,2,97,9,,,0,,1,1,3,25,2,2,0,5,0,0,0,0,true,,false,false,true,false,false,,,,,,false,false,false,,,false,false,false,false,false,-83.21098,42.34277,"{
  ""coordinates"": [
    -8.321098241800000e+01,
    4.234277054500010e+01
  ],
  ""type"": ""Point""
}","{
  ""coordinates"": [
    -83.210982418,
    42.342770545
  ],
  ""type"": ""Point""
}",-83.210982418,42.3427705450001
9548,9762277,LAHSER,MCNICHOLS,2016-08-01,1,8,2016,10,2,1,9,,2,0,,1,1,1,35,4,1,1,5,0,0,0,0,true,,false,false,false,false,false,,,,,,false,false,false,,,false,false,false,false,false,-83.25746,42.41465,"{
  ""coordinates"": [
    -8.325746460399991e+01,
    4.241465090500000e+01
  ],
  ""type"": ""Point""
}","{
  ""coordinates"": [
    -83.257464604,
    42.414650905
  ],
  ""type"": ""Point""
}",-83.2574646039999,42.414650905
9549,9763136,N M 39,RAMP 008B,2016-08-01,1,8,2016,2,2,5,3,,1,0,,2,1,5,55,3,2,1,5,0,0,0,0,true,,false,false,true,false,false,,,,,,false,false,false,,,false,false,false,false,false,-83.21667,42.37444,"{
  ""coordinates"": [
    -8.321667172500000e+01,
    4.237444150800010e+01
  ],
  ""type"": ""Point""
}","{
  ""coordinates"": [
    -83.216671725,
    42.374441508
  ],
  ""type"": ""Point""
}",-83.216671725,42.3744415080001
9550,9762287,LIVERNOIS,FLORENCE,2016-08-01,1,8,2016,23,2,5,9,,4,0,,1,1,4,30,4,2,1,4,0,0,0,1,false,,false,false,false,false,false,,,,,,false,false,false,,,false,false,false,false,false,-83.1405,42.41228,"{
  ""coordinates"": [
    -8.314050387600000e+01,
    4.241227662100000e+01
  ],
  ""type"": ""Point""
}","{
  ""coordinates"": [
    -83.140503876,
    42.412276621
  ],
  ""type"": ""Point""
}",-83.140503876,42.412276621
9551,9764022,N M 39,I 96 SERVICE DRIVE,2016-08-01,1,8,2016,5,2,1,3,,1,1,,1,2,2,55,3,1,1,4,0,0,0,1,false,,false,false,false,false,false,,,,,,false,false,true,,,false,false,false,false,false,-83.21686,42.37811,"{
  ""coordinates"": [
    -8.321685978700000e+01,
    4.237811320700010e+01
  ],
  ""type"": ""Point""
}","{
  ""coordinates"": [
    -83.216859787,
    42.378113207
  ],
  ""type"": ""Point""
}",-83.216859787,42.3781132070001
9552,9761481,ROXBURY,CASINO,2016-08-01,1,8,2016,12,2,8,9,,,0,,1,1,1,25,2,2,7,4,0,0,0,1,false,,false,false,false,false,false,,,,,,false,false,false,,,false,false,false,false,false,-82.9445,42.42774,"{
  ""coordinates"": [
    -8.294449396300000e+01,
    4.242773934400000e+01
  ],
  ""type"": ""Point""
}","{
  ""coordinates"": [
    -82.944493963,
    42.427739344
  ],
  ""type"": ""Point""
}",-82.944493963,42.427739344
9553,9761497,VAN DYKE,LYNCH,2016-08-01,1,8,2016,17,2,97,3,,1,0,,1,1,1,35,5,2,1,5,0,0,0,0,true,,false,false,true,false,false,,,,,,false,false,false,,,false,false,false,false,false,-83.02314,42.40472,"{
  ""coordinates"": [
    -8.302313897900000e+01,
    4.240471879900010e+01
  ],
  ""type"": ""Point""
}","{
  ""coordinates"": [
    -83.023138979,
    42.404718799
  ],
  ""type"": ""Point""
}",-83.023138979,42.4047187990001
9554,9762276,GRAND RIVER,AVON,2016-08-01,1,8,2016,7,2,1,3,,1,0,,1,1,1,40,4,1,1,5,0,0,0,0,true,,false,false,false,false,false,,,,,,false,false,false,,,false,false,false,false,false,-83.22658,42.40404,"{
  ""coordinates"": [
    -8.322657583599990e+01,
    4.240403729300000e+01
  ],
  ""type"": ""Point""
}","{
  ""coordinates"": [
    -83.226575836,
    42.404037293
  ],
  ""type"": ""Point""
}",-83.2265758359999,42.404037293
9555,9764076,GRAND RIVER,EVERGREEN,2016-08-01,1,8,2016,16,2,97,3,,1,0,,1,1,1,35,4,2,1,5,0,0,0,0,true,,false,false,true,false,false,,,,,,false,false,false,,,false,false,false,false,false,-83.23746,42.40841,"{
  ""coordinates"": [
    -8.323745929499999e+01,
    4.240840868200010e+01
  ],
  ""type"": ""Point""
}","{
  ""coordinates"": [
    -83.237459295,
    42.408408682
  ],
  ""type"": ""Point""
}",-83.237459295,42.4084086820001
9556,9763162,SOUTHFIELD SERVICE DRIVE,8 MILE,2016-08-01,1,8,2016,15,2,5,3,,5,0,,1,1,1,55,1,2,2,5,0,0,0,0,true,,false,false,false,false,false,,,,,,false,false,false,,,false,false,false,false,false,-83.21927,42.44413,"{
  ""coordinates"": [
    -8.321926740899990e+01,
    4.244412528300010e+01
  ],
  ""type"": ""Point""
}","{
  ""coordinates"": [
    -83.219267409,
    42.444125283
  ],
  ""type"": ""Point""
}",-83.2192674089999,42.4441252830001
9557,9765194,M-39,SCHOOLCRAFT,2016-08-01,1,8,2016,9,2,1,3,,1,0,,1,2,1,55,3,1,1,5,0,0,0,0,true,,false,false,false,false,false,,,,,,false,false,false,,,false,false,false,false,false,-83.21767,42.38526,"{
  ""coordinates"": [
    -8.321766713900000e+01,
    4.238525588300010e+01
  ],
  ""type"": ""Point""
}","{
  ""coordinates"": [
    -83.217667139,
    42.385255883
  ],
  ""type"": ""Point""
}",-83.217667139,42.3852558830001
9558,9921036,VAN DYKE,E I 94,2016-08-01,1,8,2016,6,2,4,3,,1,0,,1,1,1,0,7,2,1,5,0,0,0,0,true,,false,false,true,false,false,,,,,,false,false,false,,,false,false,false,false,false,-83.02007,42.38615,"{
  ""coordinates"": [
    -8.302007503300000e+01,
    4.238615036500000e+01
  ],
  ""type"": ""Point""
}","{
  ""coordinates"": [
    -83.020075033,
    42.386150365
  ],
  ""type"": ""Point""
}",-83.020075033,42.386150365
9559,9762283,DUCHESS,BRITIAN,2016-08-01,1,8,2016,8,2,5,9,,,3,,1,1,1,25,2,2,1,5,0,0,0,0,true,,false,false,false,false,false,,,,,,false,false,false,,,false,false,false,false,false,-82.95586,42.42546,"{
  ""coordinates"": [
    -8.295585704299999e+01,
    4.242546075500010e+01
  ],
  ""type"": ""Point""
}","{
  ""coordinates"": [
    -82.955857043,
    42.425460755
  ],
  ""type"": ""Point""
}",-82.955857043,42.4254607550001
9560,9761474,GRATIOT,MCCLELLAN,2016-08-01,1,8,2016,19,2,5,3,,1,0,,1,1,1,35,3,2,2,5,0,0,0,0,true,,false,false,false,false,false,,,,,,false,false,true,,,false,false,false,false,false,-83.00707,42.39032,"{
  ""coordinates"": [
    -8.300707598799990e+01,
    4.239032484300000e+01
  ],
  ""type"": ""Point""
}","{
  ""coordinates"": [
    -83.007075988,
    42.390324843
  ],
  ""type"": ""Point""
}",-83.0070759879999,42.390324843
9561,9764021,M-10,GRAND,2016-08-01,1,8,2016,2,2,1,3,,1,1,,1,1,4,55,3,1,6,5,0,0,0,0,true,,false,false,false,true,false,,,,,,false,false,false,,,false,false,false,false,false,-83.08196,42.36744,"{
  ""coordinates"": [
    -8.308196102300001e+01,
    4.236743984600000e+01
  ],
  ""type"": ""Point""
}","{
  ""coordinates"": [
    -83.081961023,
    42.367439846
  ],
  ""type"": ""Point""
}",-83.081961023,42.367439846
9562,9762228,SCHAEFER,SCHOOLCRAFT,2016-08-01,1,8,2016,8,2,8,9,,4,0,,2,1,1,30,3,2,2,5,0,0,0,0,true,,false,false,false,false,false,,,,,,false,false,false,,,false,false,false,false,false,-83.17852,42.388,"{
  ""coordinates"": [
    -8.317852268900000e+01,
    4.238800113000010e+01
  ],
  ""type"": ""Point""
}","{
  ""coordinates"": [
    -83.178522689,
    42.38800113
  ],
  ""type"": ""Point""
}",-83.178522689,42.3880011300001
9563,9761498,VAN DYKE,8 MILE,2016-08-01,1,8,2016,18,2,5,3,,,0,,1,1,1,35,3,4,3,5,0,0,0,0,true,,false,false,true,false,false,,,,,,false,false,false,,,false,false,false,false,false,-83.02676,42.44811,"{
  ""coordinates"": [
    -8.302676603799991e+01,
    4.244811125100010e+01
  ],
  ""type"": ""Point""
}","{
  ""coordinates"": [
    -83.026766038,
    42.448111251
  ],
  ""type"": ""Point""
}",-83.0267660379999,42.4481112510001
9564,9850494,MEYERS,WADSWORTH,2016-08-01,1,8,2016,15,2,8,9,,4,0,,1,1,1,30,2,2,3,5,0,0,0,0,true,,false,false,false,false,false,,,,,,false,false,true,,,false,false,false,false,false,-83.16823,42.37556,"{
  ""coordinates"": [
    -8.316823055700000e+01,
    4.237555748100000e+01
  ],
  ""type"": ""Point""
}","{
  ""coordinates"": [
    -83.168230557,
    42.375557481
  ],
  ""type"": ""Point""
}",-83.168230557,42.375557481
9565,9763165,SOUTHFIELD SERVICE DRIVE,OUTER,2016-08-01,1,8,2016,23,2,97,9,,4,0,,1,1,3,35,4,2,1,4,0,0,0,1,false,,true,true,true,false,false,,,,,,false,false,false,,,false,false,false,false,false,-83.21864,42.41911,"{
  ""coordinates"": [
    -8.321864657499999e+01,
    4.241910477600000e+01
  ],
  ""type"": ""Point""
}","{
  ""coordinates"": [
    -83.218646575,
    42.419104776
  ],
  ""type"": ""Point""
}",-83.218646575,42.419104776
9566,9768890,GRAND RIVER,EVERGREEN,2016-08-01,1,8,2016,16,2,97,3,,1,0,,1,1,1,35,7,2,3,4,0,0,0,1,false,,false,false,false,false,false,,,,,,false,false,true,,,false,false,false,false,false,-83.23779,42.40854,"{
  ""coordinates"": [
    -8.323778319800000e+01,
    4.240853860200010e+01
  ],
  ""type"": ""Point""
}","{
  ""coordinates"": [
    -83.237783198,
    42.408538602
  ],
  ""type"": ""Point""
}",-83.237783198,42.4085386020001
9567,9789219,M-10,CALVERT,2016-08-01,1,8,2016,17,2,5,3,,1,0,,1,2,1,55,3,3,5,5,0,0,0,0,true,,false,false,false,false,false,,,,,,false,true,false,,,false,false,false,false,false,-83.10065,42.38567,"{
  ""coordinates"": [
    -8.310064804900000e+01,
    4.238567510700010e+01
  ],
  ""type"": ""Point""
}","{
  ""coordinates"": [
    -83.100648049,
    42.385675107
  ],
  ""type"": ""Point""
}",-83.100648049,42.3856751070001
9568,9997351,I-75,CARPENTER,2016-08-01,1,8,2016,19,2,8,1,,1,0,,1,1,1,70,4,2,5,5,0,0,0,0,true,,false,false,false,false,false,,,,,,false,true,false,,,false,false,false,false,false,-83.07276,42.40321,"{
  ""coordinates"": [
    -8.307276011800001e+01,
    4.240321466900010e+01
  ],
  ""type"": ""Point""
}","{
  ""coordinates"": [
    -83.072760118,
    42.403214669
  ],
  ""type"": ""Point""
}",-83.072760118,42.4032146690001
9569,9827164,GRAND,CHURCHILL,2016-08-01,1,8,2016,17,2,5,9,,4,0,,1,1,1,35,3,2,2,5,0,0,0,0,true,,false,false,false,false,false,,,,,,false,false,true,,,false,false,false,false,false,-83.09,42.36405,"{
  ""coordinates"": [
    -8.309000328300000e+01,
    4.236404633100010e+01
  ],
  ""type"": ""Point""
}","{
  ""coordinates"": [
    -83.090003283,
    42.364046331
  ],
  ""type"": ""Point""
}",-83.090003283,42.3640463310001
9570,9765195,W I 96,SOUTHFIELD SERVICE DRIVE,2016-08-01,1,8,2016,13,2,8,1,,1,0,,1,1,1,70,3,2,2,5,0,0,0,0,true,,false,false,false,false,false,,,,,,false,false,true,,,false,false,false,false,false,-83.21493,42.37882,"{
  ""coordinates"": [
    -8.321492828299991e+01,
    4.237881936300000e+01
  ],
  ""type"": ""Point""
}","{
  ""coordinates"": [
    -83.214928283,
    42.378819363
  ],
  ""type"": ""Point""
}",-83.2149282829999,42.378819363
9571,9765227,FORT,LAWNDALE,2016-08-01,1,8,2016,5,2,1,3,,1,0,,1,1,4,35,4,1,0,5,0,0,0,0,true,,false,false,true,false,false,,,,,,false,false,false,,,false,false,false,false,false,-83.12432,42.29821,"{
  ""coordinates"": [
    -8.312432127100000e+01,
    4.229820973400010e+01
  ],
  ""type"": ""Point""
}","{
  ""coordinates"": [
    -83.124321271,
    42.298209734
  ],
  ""type"": ""Point""
}",-83.124321271,42.2982097340001
9572,9765199,I 94,WOODWARD,2016-08-01,1,8,2016,14,2,5,1,,1,0,,1,1,1,70,3,2,2,5,0,0,0,0,true,,false,false,false,false,false,,,,,,false,false,false,,,false,false,false,false,false,-83.0719,42.36183,"{
  ""coordinates"": [
    -8.307190017499990e+01,
    4.236182603900010e+01
  ],
  ""type"": ""Point""
}","{
  ""coordinates"": [
    -83.071900175,
    42.361826039
  ],
  ""type"": ""Point""
}",-83.0719001749999,42.3618260390001
9573,9762269,19517 SEVEN MILE,ANNCHESTER,2016-08-01,1,8,2016,13,2,4,9,,2,0,,1,1,1,30,2,2,2,3,0,0,1,1,false,,false,false,false,false,false,,,,,,false,false,false,,,false,true,false,false,false,-83.23536,42.42967,"{
  ""coordinates"": [
    -8.323536164500000e+01,
    4.242966669300010e+01
  ],
  ""type"": ""Point""
}","{
  ""coordinates"": [
    -83.235361645,
    42.429666693
  ],
  ""type"": ""Point""
}",-83.235361645,42.4296666930001
9574,9761504,MCNICHOLS,LITTLEFIELD,2016-08-01,1,8,2016,16,2,8,9,,2,0,,1,1,1,30,2,2,2,5,0,0,0,0,true,,false,false,false,false,false,,,,,,false,true,false,,,false,false,false,false,false,-83.17648,42.4166,"{
  ""coordinates"": [
    -8.317647478299990e+01,
    4.241660236400000e+01
  ],
  ""type"": ""Point""
}","{
  ""coordinates"": [
    -83.176474783,
    42.416602364
  ],
  ""type"": ""Point""
}",-83.1764747829999,42.416602364
9575,9762254,SAINT LAWRENCE,EDSEL FORD SERVICE,2016-08-01,1,8,2016,17,2,5,9,,,3,,1,1,1,25,2,2,0,5,0,0,0,0,true,,false,false,true,false,false,,,,,,false,false,false,,,false,false,false,false,false,-83.14404,42.3321,"{
  ""coordinates"": [
    -8.314403330600000e+01,
    4.233210544500000e+01
  ],
  ""type"": ""Point""
}","{
  ""coordinates"": [
    -83.144033306,
    42.332105445
  ],
  ""type"": ""Point""
}",-83.144033306,42.332105445
9576,9761467,LARNED,RANDOLPH,2016-08-01,1,8,2016,14,2,8,3,,4,0,,1,1,1,30,4,2,2,5,0,0,0,0,true,,false,false,false,false,false,,,,,,false,true,false,,,false,false,false,false,false,-83.04267,42.33052,"{
  ""coordinates"": [
    -8.304267037300001e+01,
    4.233051813800010e+01
  ],
  ""type"": ""Point""
}","{
  ""coordinates"": [
    -83.042670373,
    42.330518138
  ],
  ""type"": ""Point""
}",-83.042670373,42.3305181380001
9577,9798137,I-75,TRUMBULL,2016-08-01,1,8,2016,15,2,5,9,,4,0,,1,2,1,55,3,3,4,4,0,0,0,2,false,,false,false,false,false,false,,,,,,false,true,false,,,false,false,false,false,false,-83.06599,42.33605,"{
  ""coordinates"": [
    -8.306599290100000e+01,
    4.233605039000000e+01
  ],
  ""type"": ""Point""
}","{
  ""coordinates"": [
    -83.065992901,
    42.33605039
  ],
  ""type"": ""Point""
}",-83.065992901,42.33605039