ObjectId,Crash ID,Primary Road,Intersecting Road,Crash Date,Day,Month,Year,Hour,Weekday,Crash Type Code,Highway Classification Code,Community Code,Jurisdiction Code,Lane Departure Type Code,Surface Type,Road Condition,Weather Condition,Lighting Condition,Speed Limit,Lanes,Units,Occupants,Most Severe Injury,Fatal Injuries,Suspected Serious Injuries,Suspected Minor Injuries,Possible Injuries,Property Damage Only,Secondary Crash,Traffic Control,Red Light Run,Hit and Run,Alcohol,Drugs,Unbelted Person,Work Zone,Speeding Driver,Distracted Driver,Driveway,Pedestrian,Elderly Driver,Young Driver,Commercial Vehicle,Emergency Vehicles,Train,School Bus,Motorcycle,Bicycle,Deer,Longitude,Latitude,geom,geog,x,y
9692,9812528,GRAND RIVER,HEYDEN,2016-07-30,30,7,2016,21,7,1,3,,1,0,,2,4,4,35,5,2,2,3,0,0,1,0,false,,false,false,false,false,false,,,,,,false,false,false,,,false,false,false,true,false,-83.23985,42.40937,"{
  ""coordinates"": [
    -8.323985046300000e+01,
    4.240937027500010e+01
  ],
  ""type"": ""Point""
}","{
  ""coordinates"": [
    -83.239850463,
    42.409370275
  ],
  ""type"": ""Point""
}",-83.239850463,42.4093702750001
9693,9760563,S I 75 SERVICE DRIVE,7 MILE,2016-07-30,30,7,2016,18,7,4,9,,4,0,,1,1,1,30,2,2,3,5,0,0,0,0,true,,true,true,false,false,false,,,,,,false,false,true,,,false,false,false,false,false,-83.09534,42.43248,"{
  ""coordinates"": [
    -8.309534631799990e+01,
    4.243248491800010e+01
  ],
  ""type"": ""Point""
}","{
  ""coordinates"": [
    -83.095346318,
    42.432484918
  ],
  ""type"": ""Point""
}",-83.0953463179999,42.4324849180001
9694,9764008,W I 94,RAMP 217H,2016-07-30,30,7,2016,3,7,5,1,,1,0,,2,4,5,55,3,2,2,5,0,0,0,0,true,,false,false,false,false,false,,,,,,false,false,false,,,false,false,false,false,false,-83.04308,42.37564,"{
  ""coordinates"": [
    -8.304308320599991e+01,
    4.237563741400000e+01
  ],
  ""type"": ""Point""
}","{
  ""coordinates"": [
    -83.043083206,
    42.375637414
  ],
  ""type"": ""Point""
}",-83.0430832059999,42.375637414
9695,9761493,LIVERNOIS,GARDEN,2016-07-30,30,7,2016,2,7,5,9,,4,0,,2,4,4,0,3,2,1,4,0,0,0,1,false,,false,false,true,false,false,,,,,,false,false,true,,,false,false,false,false,false,-83.13716,42.35412,"{
  ""coordinates"": [
    -8.313716077799999e+01,
    4.235411690200000e+01
  ],
  ""type"": ""Point""
}","{
  ""coordinates"": [
    -83.137160778,
    42.354116902
  ],
  ""type"": ""Point""
}",-83.137160778,42.354116902
9696,9759679,8 MILE,S M 39,2016-07-30,30,7,2016,12,7,4,3,,1,0,,2,4,4,45,3,2,2,5,0,0,0,0,true,,false,false,false,false,false,,,,,,false,false,true,,,false,false,false,false,false,-83.21977,42.44417,"{
  ""coordinates"": [
    -8.321977464799990e+01,
    4.244416992000000e+01
  ],
  ""type"": ""Point""
}","{
  ""coordinates"": [
    -83.219774648,
    42.44416992
  ],
  ""type"": ""Point""
}",-83.2197746479999,42.44416992
9697,9762203,S M 10,WYOMING,2016-07-30,30,7,2016,22,7,1,3,,1,1,,1,1,4,55,3,1,3,5,0,0,0,0,true,,false,false,false,false,false,,,,,,false,false,true,,,false,false,false,false,false,-83.15983,42.40517,"{
  ""coordinates"": [
    -8.315982527300000e+01,
    4.240516771100000e+01
  ],
  ""type"": ""Point""
}","{
  ""coordinates"": [
    -83.159825273,
    42.405167711
  ],
  ""type"": ""Point""
}",-83.159825273,42.405167711
9698,9759643,I-96,GRANDRIVER,2016-07-30,30,7,2016,22,7,8,3,,5,0,,1,1,4,55,3,2,2,5,0,0,0,0,true,,false,false,true,false,false,,,,,,false,false,true,,,false,false,false,false,false,-83.14594,42.37154,"{
  ""coordinates"": [
    -8.314593680000000e+01,
    4.237154520800000e+01
  ],
  ""type"": ""Point""
}","{
  ""coordinates"": [
    -83.1459368,
    42.371545208
  ],
  ""type"": ""Point""
}",-83.1459368,42.371545208
9699,9759658,GLASTONBURY,PLYMOUTH,2016-07-30,30,7,2016,18,7,98,9,,,0,,1,1,1,25,3,2,1,5,0,0,0,0,true,,false,false,true,false,false,,,,,,false,false,false,,,false,false,false,false,false,-83.22408,42.37212,"{
  ""coordinates"": [
    -8.322408309500000e+01,
    4.237212011500000e+01
  ],
  ""type"": ""Point""
}","{
  ""coordinates"": [
    -83.224083095,
    42.372120115
  ],
  ""type"": ""Point""
}",-83.224083095,42.372120115
9700,9759677,GRAND RIVER,VAUGHAN,2016-07-30,30,7,2016,18,7,4,3,,1,0,,1,1,1,45,5,2,3,5,0,0,0,0,true,,false,false,false,false,false,,,,,,false,false,false,,,false,false,false,false,false,-83.23885,42.40897,"{
  ""coordinates"": [
    -8.323885697500000e+01,
    4.240897097200010e+01
  ],
  ""type"": ""Point""
}","{
  ""coordinates"": [
    -83.238856975,
    42.408970972
  ],
  ""type"": ""Point""
}",-83.238856975,42.4089709720001
9701,9760507,I-94,MT ELLIOT,2016-07-30,30,7,2016,12,7,5,1,,1,0,,2,2,1,55,3,2,2,5,0,0,0,0,true,,false,false,false,false,false,,,,,,false,false,false,,,false,false,false,false,false,-83.03806,42.37747,"{
  ""coordinates"": [
    -8.303806411200000e+01,
    4.237747264500010e+01
  ],
  ""type"": ""Point""
}","{
  ""coordinates"": [
    -83.038064112,
    42.377472645
  ],
  ""type"": ""Point""
}",-83.038064112,42.3774726450001
9702,9760571,HUBBELL,THATCHER,2016-07-30,30,7,2016,9,7,98,9,,4,0,,2,4,1,30,4,2,0,5,0,0,0,0,true,,false,false,true,false,false,,,,,,false,false,false,,,false,false,false,false,false,-83.1897,42.42209,"{
  ""coordinates"": [
    -8.318969570599999e+01,
    4.242209183900010e+01
  ],
  ""type"": ""Point""
}","{
  ""coordinates"": [
    -83.189695706,
    42.422091839
  ],
  ""type"": ""Point""
}",-83.189695706,42.4220918390001
9703,9799001,SB SOUTHFIELD,SCHOOLCRAFT,2016-07-30,30,7,2016,11,7,4,3,,1,0,,1,2,1,25,2,2,2,5,0,0,0,0,true,,false,false,false,false,false,,,,,,false,false,false,,,false,false,false,false,false,-83.21773,42.38667,"{
  ""coordinates"": [
    -8.321772467800000e+01,
    4.238666465100000e+01
  ],
  ""type"": ""Point""
}","{
  ""coordinates"": [
    -83.217724678,
    42.386664651
  ],
  ""type"": ""Point""
}",-83.217724678,42.386664651
9704,9761502,GRIGGS,GROVE,2016-07-30,30,7,2016,16,7,4,9,,,0,,1,2,1,25,1,2,3,4,0,0,0,2,false,,false,false,false,false,false,,,,,,false,false,true,,,false,false,false,false,false,-83.16346,42.41462,"{
  ""coordinates"": [
    -8.316346207299991e+01,
    4.241462344700010e+01
  ],
  ""type"": ""Point""
}","{
  ""coordinates"": [
    -83.163462073,
    42.414623447
  ],
  ""type"": ""Point""
}",-83.1634620729999,42.4146234470001
9705,9762268,GRAND RIVER,BIRWOOD,2016-07-30,30,7,2016,1,7,10,3,,1,0,,1,1,1,30,3,2,3,5,0,0,0,0,true,,false,false,false,false,false,,,,,,false,false,false,,,false,false,false,false,false,-83.16351,42.37862,"{
  ""coordinates"": [
    -8.316351342500000e+01,
    4.237862235200000e+01
  ],
  ""type"": ""Point""
}","{
  ""coordinates"": [
    -83.163513425,
    42.378622352
  ],
  ""type"": ""Point""
}",-83.163513425,42.378622352
9706,9762202,W I 94,CONNER,2016-07-30,30,7,2016,22,7,5,1,,1,0,,1,1,5,55,3,2,3,5,0,0,0,0,true,,false,false,false,false,false,,,,,,false,false,false,,,false,false,false,false,false,-82.98909,42.39565,"{
  ""coordinates"": [
    -8.298909030000000e+01,
    4.239564702400000e+01
  ],
  ""type"": ""Point""
}","{
  ""coordinates"": [
    -82.9890903,
    42.395647024
  ],
  ""type"": ""Point""
}",-82.9890903,42.395647024
9707,9763146,W I 94,S HARPER/N I 94,2016-07-30,30,7,2016,15,7,8,1,,1,0,,1,1,1,35,3,2,2,3,0,0,1,0,false,,false,false,false,false,false,,,,,,false,false,false,,,false,false,false,false,false,-82.92853,42.42493,"{
  ""coordinates"": [
    -8.292852403900000e+01,
    4.242493334200000e+01
  ],
  ""type"": ""Point""
}","{
  ""coordinates"": [
    -82.928524039,
    42.424933342
  ],
  ""type"": ""Point""
}",-82.928524039,42.424933342
9708,9760535,OUTER,WAVENEY,2016-07-30,30,7,2016,9,7,8,9,,2,0,,1,2,1,30,2,2,1,5,0,0,0,0,true,,false,false,false,false,false,,,,,,false,false,false,,,false,false,false,false,false,-82.93357,42.39936,"{
  ""coordinates"": [
    -8.293356970900000e+01,
    4.239936377000000e+01
  ],
  ""type"": ""Point""
}","{
  ""coordinates"": [
    -82.933569709,
    42.39936377
  ],
  ""type"": ""Point""
}",-82.933569709,42.39936377
9709,9759692,GRAND RIVER,DAILEY,2016-07-30,30,7,2016,16,7,8,3,,1,0,,1,1,1,35,4,2,0,5,0,0,0,0,true,,false,false,true,false,false,,,,,,false,false,false,,,false,false,false,false,false,-83.12953,42.36493,"{
  ""coordinates"": [
    -8.312953248600000e+01,
    4.236492740100000e+01
  ],
  ""type"": ""Point""
}","{
  ""coordinates"": [
    -83.129532486,
    42.364927401
  ],
  ""type"": ""Point""
}",-83.129532486,42.364927401
9710,9765229,CECIL,WAGNER,2016-07-30,30,7,2016,3,7,5,9,,,0,,2,4,4,25,3,2,2,5,0,0,0,0,true,,false,false,false,false,false,,,,,,false,false,false,,,false,false,false,false,false,-83.13788,42.33903,"{
  ""coordinates"": [
    -8.313788155200000e+01,
    4.233902989900000e+01
  ],
  ""type"": ""Point""
}","{
  ""coordinates"": [
    -83.137881552,
    42.339029899
  ],
  ""type"": ""Point""
}",-83.137881552,42.339029899
9711,9762244,LAWRENCE,WOODROW WILSON,2016-07-30,30,7,2016,12,7,8,9,,,3,,2,1,1,25,2,2,0,5,0,0,0,0,true,,false,false,true,false,false,,,,,,false,false,false,,,false,false,false,false,false,-83.10239,42.38552,"{
  ""coordinates"": [
    -8.310239611899991e+01,
    4.238552391000010e+01
  ],
  ""type"": ""Point""
}","{
  ""coordinates"": [
    -83.102396119,
    42.38552391
  ],
  ""type"": ""Point""
}",-83.1023961189999,42.3855239100001
9712,9763129,I-94,CONNER,2016-07-30,30,7,2016,2,7,5,1,,1,0,,1,2,5,55,3,3,2,5,0,0,0,0,true,,false,false,true,false,false,,,,,,false,false,false,,,false,false,false,false,false,-82.98802,42.39644,"{
  ""coordinates"": [
    -8.298801838400000e+01,
    4.239644291000010e+01
  ],
  ""type"": ""Point""
}","{
  ""coordinates"": [
    -82.988018384,
    42.39644291
  ],
  ""type"": ""Point""
}",-82.988018384,42.3964429100001
9713,9764011,W I 96,E M 8,2016-07-30,30,7,2016,4,7,1,1,,1,1,,1,2,4,70,4,1,2,3,0,0,2,0,false,,false,false,false,false,false,,,,,,false,false,true,,,false,false,false,false,false,-83.15382,42.38515,"{
  ""coordinates"": [
    -8.315381336999999e+01,
    4.238514944600010e+01
  ],
  ""type"": ""Point""
}","{
  ""coordinates"": [
    -83.15381337,
    42.385149446
  ],
  ""type"": ""Point""
}",-83.15381337,42.3851494460001
9714,9759702,MOUND,OUTER,2016-07-30,30,7,2016,15,7,4,9,,2,0,,1,1,1,35,3,2,1,5,0,0,0,0,true,,false,false,true,false,false,,,,,,false,false,true,,,false,false,false,false,false,-83.0437,42.44096,"{
  ""coordinates"": [
    -8.304369810799990e+01,
    4.244096281400000e+01
  ],
  ""type"": ""Point""
}","{
  ""coordinates"": [
    -83.043698108,
    42.440962814
  ],
  ""type"": ""Point""
}",-83.0436981079999,42.440962814
9715,9768846,GRAND RIVER,BIRWOOD,2016-07-30,30,7,2016,17,7,5,3,,1,0,,1,1,1,30,7,4,6,5,0,0,0,0,true,,false,false,false,false,false,,,,,,false,false,false,,,false,false,false,false,false,-83.16351,42.37862,"{
  ""coordinates"": [
    -8.316351342500000e+01,
    4.237862235200000e+01
  ],
  ""type"": ""Point""
}","{
  ""coordinates"": [
    -83.163513425,
    42.378622352
  ],
  ""type"": ""Point""
}",-83.163513425,42.378622352
9716,9762256,SCOTTEN,VERNOR,2016-07-30,30,7,2016,20,7,5,9,,4,0,,1,2,3,30,2,2,4,5,0,0,0,0,true,,false,false,false,false,false,,,,,,false,false,true,,,false,false,false,false,false,-83.09433,42.32149,"{
  ""coordinates"": [
    -8.309432644200000e+01,
    4.232148858500010e+01
  ],
  ""type"": ""Point""
}","{
  ""coordinates"": [
    -83.094326442,
    42.321488585
  ],
  ""type"": ""Point""
}",-83.094326442,42.3214885850001
9717,9776572,MCNICHOLS,JOHN C LODGE SER,2016-07-30,30,7,2016,0,7,4,9,,2,0,,1,1,4,30,2,2,3,3,0,0,1,2,false,,true,true,true,false,false,,,,,,false,false,false,,,false,false,false,false,false,-83.17167,42.41664,"{
  ""coordinates"": [
    -8.317166941200000e+01,
    4.241664170300000e+01
  ],
  ""type"": ""Point""
}","{
  ""coordinates"": [
    -83.171669412,
    42.416641703
  ],
  ""type"": ""Point""
}",-83.171669412,42.416641703
9718,9764012,M10,DAVISON,2016-07-30,30,7,2016,5,7,5,3,,1,0,,1,2,4,55,3,2,2,5,0,0,0,0,true,,false,false,false,false,false,,,,,,false,false,true,,,false,false,false,false,false,-83.11012,42.39779,"{
  ""coordinates"": [
    -8.311011784000000e+01,
    4.239778858800000e+01
  ],
  ""type"": ""Point""
}","{
  ""coordinates"": [
    -83.11011784,
    42.397788588
  ],
  ""type"": ""Point""
}",-83.11011784,42.397788588
9719,9774600,GRAND,TOLEDO,2016-07-30,30,7,2016,8,7,1,9,,4,1,,1,98,1,30,4,1,2,5,0,0,0,0,true,,false,false,false,false,false,,,,,,false,false,false,,,false,false,false,false,false,-83.09233,42.32713,"{
  ""coordinates"": [
    -8.309233070900000e+01,
    4.232712849000010e+01
  ],
  ""type"": ""Point""
}","{
  ""coordinates"": [
    -83.092330709,
    42.32712849
  ],
  ""type"": ""Point""
}",-83.092330709,42.3271284900001
9720,9760514,I-94,24TH,2016-07-30,30,7,2016,10,7,8,1,,1,0,,1,2,1,55,3,2,3,5,0,0,0,0,true,,false,false,false,false,false,,,,,,false,false,true,,,false,false,false,false,false,-83.10384,42.3486,"{
  ""coordinates"": [
    -8.310383977500000e+01,
    4.234859954000010e+01
  ],
  ""type"": ""Point""
}","{
  ""coordinates"": [
    -83.103839775,
    42.34859954
  ],
  ""type"": ""Point""
}",-83.103839775,42.3485995400001
9721,9762301,THIRD,FOREST,2016-07-30,30,7,2016,15,7,8,9,,4,0,,2,2,1,30,2,2,2,5,0,0,0,0,true,,false,false,false,false,false,,,,,,false,false,false,,,false,false,false,false,false,-83.06992,42.3522,"{
  ""coordinates"": [
    -8.306991490000000e+01,
    4.235220525000010e+01
  ],
  ""type"": ""Point""
}","{
  ""coordinates"": [
    -83.0699149,
    42.35220525
  ],
  ""type"": ""Point""
}",-83.0699149,42.3522052500001
9722,9760537,SOUTHFIELD SERVICE DRIVE,SCHOOLCRAFT,2016-07-30,30,7,2016,0,7,4,9,,4,0,,1,1,4,0,2,2,3,4,0,0,0,3,false,,true,true,true,false,false,,,,,,false,false,false,,,false,false,false,false,false,-83.21805,42.38669,"{
  ""coordinates"": [
    -8.321804937000000e+01,
    4.238669193800010e+01
  ],
  ""type"": ""Point""
}","{
  ""coordinates"": [
    -83.21804937,
    42.386691938
  ],
  ""type"": ""Point""
}",-83.21804937,42.3866919380001
9723,9760517,I-75,LIVERNOIS,2016-07-30,30,7,2016,15,7,1,1,,1,1,,1,2,1,55,4,1,1,5,0,0,0,0,true,,false,false,false,false,false,,,,,,false,false,false,,,false,false,false,false,false,-83.10473,42.30723,"{
  ""coordinates"": [
    -8.310473219399999e+01,
    4.230722701700010e+01
  ],
  ""type"": ""Point""
}","{
  ""coordinates"": [
    -83.104732194,
    42.307227017
  ],
  ""type"": ""Point""
}",-83.104732194,42.3072270170001
9724,9982295,MACCRARY,SEYMOUR,2016-07-30,30,7,2016,21,7,4,9,,,0,,1,1,4,25,2,2,2,2,0,3,0,0,false,,true,false,true,false,false,,,,,,false,false,false,,,false,false,false,false,false,-82.97017,42.42733,"{
  ""coordinates"": [
    -8.297017072599991e+01,
    4.242732840700010e+01
  ],
  ""type"": ""Point""
}","{
  ""coordinates"": [
    -82.970170726,
    42.427328407
  ],
  ""type"": ""Point""
}",-82.9701707259999,42.4273284070001
9725,9765216,N I 75,RAMP 216D,2016-07-30,30,7,2016,14,7,8,1,,1,0,,2,4,1,65,4,2,1,5,0,0,0,0,true,,false,false,true,false,false,,,,,,false,false,true,,,false,false,false,false,false,-83.05785,42.36837,"{
  ""coordinates"": [
    -8.305785245100000e+01,
    4.236837363700000e+01
  ],
  ""type"": ""Point""
}","{
  ""coordinates"": [
    -83.057852451,
    42.368373637
  ],
  ""type"": ""Point""
}",-83.057852451,42.368373637
9726,9763173,JEFFERSON,FIELD,2016-07-30,30,7,2016,16,7,4,9,,4,0,,1,1,1,35,3,2,2,5,0,0,0,0,true,,false,false,true,false,false,,,,,,false,false,false,,,false,false,false,false,false,-83.00044,42.34785,"{
  ""coordinates"": [
    -8.300044476900000e+01,
    4.234785192800010e+01
  ],
  ""type"": ""Point""
}","{
  ""coordinates"": [
    -83.000444769,
    42.347851928
  ],
  ""type"": ""Point""
}",-83.000444769,42.3478519280001
9727,9759663,BURT,OUTER,2016-07-30,30,7,2016,20,7,4,9,,4,0,,1,2,1,35,2,2,2,4,0,0,0,2,false,,true,true,false,false,false,,,,,,false,false,true,,,false,false,false,false,false,-83.24701,42.39773,"{
  ""coordinates"": [
    -8.324700982099991e+01,
    4.239773199200000e+01
  ],
  ""type"": ""Point""
}","{
  ""coordinates"": [
    -83.247009821,
    42.397731992
  ],
  ""type"": ""Point""
}",-83.2470098209999,42.397731992
9728,9760556,GRATIOT,7MILE,2016-07-30,30,7,2016,15,7,8,3,,1,0,,1,1,1,35,7,2,1,5,0,0,0,0,true,,false,false,true,false,false,,,,,,false,false,false,,,false,false,false,false,false,-82.97768,42.43508,"{
  ""coordinates"": [
    -8.297768680300000e+01,
    4.243507606400000e+01
  ],
  ""type"": ""Point""
}","{
  ""coordinates"": [
    -82.977686803,
    42.435076064
  ],
  ""type"": ""Point""
}",-82.977686803,42.435076064
9729,9760528,GRAND RIVER,MENDOTA,2016-07-30,30,7,2016,21,7,3,3,,1,0,,2,4,4,35,4,2,3,5,0,0,0,0,true,,false,false,false,false,false,,,,,,false,false,false,,,false,false,false,false,false,-83.16419,42.37889,"{
  ""coordinates"": [
    -8.316419349400000e+01,
    4.237889380700010e+01
  ],
  ""type"": ""Point""
}","{
  ""coordinates"": [
    -83.164193494,
    42.378893807
  ],
  ""type"": ""Point""
}",-83.164193494,42.3788938070001
9730,9762271,8 MILE,SOUTHFIELD SERVICE DRIVE,2016-07-30,30,7,2016,4,7,98,3,,1,0,,1,1,4,0,2,2,2,4,0,0,0,1,false,,false,false,false,false,false,,,,,,false,false,true,,,false,false,false,false,false,-83.21889,42.44419,"{
  ""coordinates"": [
    -8.321889850900000e+01,
    4.244419103100010e+01
  ],
  ""type"": ""Point""
}","{
  ""coordinates"": [
    -83.218898509,
    42.444191031
  ],
  ""type"": ""Point""
}",-83.218898509,42.4441910310001
9731,9759625,I-75,MACK,2016-07-30,30,7,2016,6,7,1,1,,1,1,,1,2,2,55,4,1,4,5,0,0,0,0,true,,false,false,false,false,false,,,,,,false,false,false,,,false,false,false,false,false,-83.04697,42.34991,"{
  ""coordinates"": [
    -8.304696836200000e+01,
    4.234990941500010e+01
  ],
  ""type"": ""Point""
}","{
  ""coordinates"": [
    -83.046968362,
    42.349909415
  ],
  ""type"": ""Point""
}",-83.046968362,42.3499094150001
9732,9760560,WEXFORD,7 MILE,2016-07-30,30,7,2016,9,7,9,9,,,2,,1,1,4,25,1,3,0,5,0,0,0,0,true,,false,false,true,false,false,,,,,,false,false,false,,,false,false,false,false,false,-83.06513,42.43349,"{
  ""coordinates"": [
    -8.306512870700000e+01,
    4.243348872400000e+01
  ],
  ""type"": ""Point""
}","{
  ""coordinates"": [
    -83.065128707,
    42.433488724
  ],
  ""type"": ""Point""
}",-83.065128707,42.433488724
9733,9762263,FORT,GLEASON,2016-07-30,30,7,2016,19,7,1,3,,1,0,,1,1,1,35,3,2,1,4,0,0,0,1,false,,false,false,true,false,false,,,,,,true,false,false,,,false,false,false,false,false,-83.16464,42.26478,"{
  ""coordinates"": [
    -8.316464150400000e+01,
    4.226477747900000e+01
  ],
  ""type"": ""Point""
}","{
  ""coordinates"": [
    -83.164641504,
    42.264777479
  ],
  ""type"": ""Point""
}",-83.164641504,42.264777479
9734,9797454,HARPER,CHALMERS,2016-07-30,30,7,2016,14,7,3,9,,4,0,,2,4,1,30,4,3,5,4,0,0,0,3,false,,false,false,false,false,false,,,,,,false,false,true,,,false,false,false,false,false,-82.96484,42.40459,"{
  ""coordinates"": [
    -8.296483500200000e+01,
    4.240458693900010e+01
  ],
  ""type"": ""Point""
}","{
  ""coordinates"": [
    -82.964835002,
    42.404586939
  ],
  ""type"": ""Point""
}",-82.964835002,42.4045869390001
9735,9768763,I-96,GREENFIELD,2016-07-30,30,7,2016,11,7,5,1,,1,0,,1,2,1,55,3,2,3,5,0,0,0,0,true,,false,false,false,false,false,,,,,,false,true,true,,,false,false,false,false,false,-83.20007,42.37906,"{
  ""coordinates"": [
    -8.320006539199990e+01,
    4.237905743200000e+01
  ],
  ""type"": ""Point""
}","{
  ""coordinates"": [
    -83.200065392,
    42.379057432
  ],
  ""type"": ""Point""
}",-83.2000653919999,42.379057432
9736,9771064,GRAND,VERNOR,2016-07-30,30,7,2016,21,7,97,9,,4,0,,1,1,1,25,4,2,0,5,0,0,0,0,true,,false,false,true,false,false,,,,,,false,false,false,,,false,false,false,false,false,-83.08943,42.32309,"{
  ""coordinates"": [
    -8.308942988500000e+01,
    4.232308841400000e+01
  ],
  ""type"": ""Point""
}","{
  ""coordinates"": [
    -83.089429885,
    42.323088414
  ],
  ""type"": ""Point""
}",-83.089429885,42.323088414
9737,9760554,SCHOENHERR,SARATOGA,2016-07-30,30,7,2016,13,7,1,9,,4,1,,1,2,1,30,2,1,1,4,0,0,0,1,false,,false,false,false,false,false,,,,,,false,false,true,,,false,false,false,false,false,-82.98499,42.43165,"{
  ""coordinates"": [
    -8.298498504199991e+01,
    4.243164750700000e+01
  ],
  ""type"": ""Point""
}","{
  ""coordinates"": [
    -82.984985042,
    42.431647507
  ],
  ""type"": ""Point""
}",-82.9849850419999,42.431647507
9738,9768672,SB M-10,WYOMING,2016-07-30,30,7,2016,21,7,5,3,,1,0,,1,1,4,55,3,2,2,5,0,0,0,0,true,,false,false,true,false,false,,,,,,false,false,true,,,false,false,false,false,false,-83.16032,42.40536,"{
  ""coordinates"": [
    -8.316032779299999e+01,
    4.240535600600000e+01
  ],
  ""type"": ""Point""
}","{
  ""coordinates"": [
    -83.160327793,
    42.405356006
  ],
  ""type"": ""Point""
}",-83.160327793,42.405356006
9739,9759691,LINWOOD,GLYNN,2016-07-30,30,7,2016,13,7,4,9,,4,0,,1,1,1,30,2,2,2,5,0,0,0,0,true,,false,false,true,false,false,,,,,,false,false,false,,,false,false,false,false,false,-83.11231,42.37885,"{
  ""coordinates"": [
    -8.311231145900000e+01,
    4.237885050900010e+01
  ],
  ""type"": ""Point""
}","{
  ""coordinates"": [
    -83.112311459,
    42.378850509
  ],
  ""type"": ""Point""
}",-83.112311459,42.3788505090001
9740,9762299,SECOND,WILLIS,2016-07-30,30,7,2016,23,7,3,9,,4,0,,1,1,5,30,2,2,2,5,0,0,0,0,true,,true,false,false,false,false,,,,,,false,false,true,,,false,false,false,false,false,-83.06577,42.3498,"{
  ""coordinates"": [
    -8.306576948100000e+01,
    4.234979582400010e+01
  ],
  ""type"": ""Point""
}","{
  ""coordinates"": [
    -83.065769481,
    42.349795824
  ],
  ""type"": ""Point""
}",-83.065769481,42.3497958240001
9741,9759655,BERKSHIRE,FRANKFORT,2016-07-30,30,7,2016,13,7,1,9,,,0,,2,4,1,25,2,2,0,4,0,0,0,1,false,,false,false,true,false,false,,,,,,true,false,false,,,false,false,false,false,false,-82.94553,42.40178,"{
  ""coordinates"": [
    -8.294552992500000e+01,
    4.240178403900010e+01
  ],
  ""type"": ""Point""
}","{
  ""coordinates"": [
    -82.945529925,
    42.401784039
  ],
  ""type"": ""Point""
}",-82.945529925,42.4017840390001
9742,9764050,SCHAEFER,N SCHAEFER/S I 75,2016-07-30,30,7,2016,22,7,1,7,,1,1,,2,4,4,70,4,1,1,5,0,0,0,0,true,,false,false,false,false,false,,,,,,false,false,false,,,false,false,false,false,false,-83.15721,42.27795,"{
  ""coordinates"": [
    -8.315720802200001e+01,
    4.227794571900010e+01
  ],
  ""type"": ""Point""
}","{
  ""coordinates"": [
    -83.157208022,
    42.277945719
  ],
  ""type"": ""Point""
}",-83.157208022,42.2779457190001
9743,9763130,RAMP 217C,E I 94,2016-07-30,30,7,2016,3,7,1,1,,1,1,,2,4,5,55,3,1,4,5,0,0,0,0,true,,false,false,false,false,false,,,,,,false,false,true,,,false,false,false,false,false,-83.04333,42.3753,"{
  ""coordinates"": [
    -8.304333323000000e+01,
    4.237529637100000e+01
  ],
  ""type"": ""Point""
}","{
  ""coordinates"": [
    -83.04333323,
    42.375296371
  ],
  ""type"": ""Point""
}",-83.04333323,42.375296371
9744,9759640,GRANDRIVER,PINEHURST5,2016-07-30,30,7,2016,14,7,5,3,,1,0,,1,2,1,0,6,3,3,5,0,0,0,0,true,,false,false,false,false,false,,,,,,false,true,true,,,false,false,false,false,false,-83.16526,42.37933,"{
  ""coordinates"": [
    -8.316526168199989e+01,
    4.237932585700000e+01
  ],
  ""type"": ""Point""
}","{
  ""coordinates"": [
    -83.165261682,
    42.379325857
  ],
  ""type"": ""Point""
}",-83.1652616819999,42.379325857
9745,9768959,SCHAEFER,7 MILE,2016-07-30,30,7,2016,4,7,1,9,,4,1,,1,1,4,30,4,1,3,1,1,2,0,0,false,,false,false,false,false,false,,,,,,false,false,true,,,false,false,false,false,false,-83.18048,42.4308,"{
  ""coordinates"": [
    -8.318048393100000e+01,
    4.243079966800010e+01
  ],
  ""type"": ""Point""
}","{
  ""coordinates"": [
    -83.180483931,
    42.430799668
  ],
  ""type"": ""Point""
}",-83.180483931,42.4307996680001
9746,9759674,LAFAYETTE,VAN DYKE,2016-07-30,30,7,2016,11,7,5,9,,4,0,,2,4,1,30,2,2,3,5,0,0,0,0,true,,false,false,true,false,false,,,,,,false,false,false,,,false,false,false,false,false,-82.99635,42.3532,"{
  ""coordinates"": [
    -8.299635283600000e+01,
    4.235319846700000e+01
  ],
  ""type"": ""Point""
}","{
  ""coordinates"": [
    -82.996352836,
    42.353198467
  ],
  ""type"": ""Point""
}",-82.996352836,42.353198467
9747,9759666,TIREMAN,MEMORIAL,2016-07-30,30,7,2016,8,7,1,9,,4,0,,1,2,1,25,2,1,1,4,0,0,0,1,false,,false,false,false,false,false,,,,,,false,true,false,,,false,false,false,false,false,-83.21075,42.35069,"{
  ""coordinates"": [
    -8.321075560100000e+01,
    4.235069050700000e+01
  ],
  ""type"": ""Point""
}","{
  ""coordinates"": [
    -83.210755601,
    42.350690507
  ],
  ""type"": ""Point""
}",-83.210755601,42.350690507
9748,9760573,7 MILE,WYOMING,2016-07-30,30,7,2016,10,7,1,9,,2,0,,1,2,1,0,2,2,1,2,0,1,0,0,false,,false,false,false,false,false,,,,,,true,false,false,,,false,false,false,false,false,-83.16097,42.43135,"{
  ""coordinates"": [
    -8.316097590100000e+01,
    4.243134542100010e+01
  ],
  ""type"": ""Point""
}","{
  ""coordinates"": [
    -83.160975901,
    42.431345421
  ],
  ""type"": ""Point""
}",-83.160975901,42.4313454210001