ObjectId,Crash ID,Primary Road,Intersecting Road,Crash Date,Day,Month,Year,Hour,Weekday,Crash Type Code,Highway Classification Code,Community Code,Jurisdiction Code,Lane Departure Type Code,Surface Type,Road Condition,Weather Condition,Lighting Condition,Speed Limit,Lanes,Units,Occupants,Most Severe Injury,Fatal Injuries,Suspected Serious Injuries,Suspected Minor Injuries,Possible Injuries,Property Damage Only,Secondary Crash,Traffic Control,Red Light Run,Hit and Run,Alcohol,Drugs,Unbelted Person,Work Zone,Speeding Driver,Distracted Driver,Driveway,Pedestrian,Elderly Driver,Young Driver,Commercial Vehicle,Emergency Vehicles,Train,School Bus,Motorcycle,Bicycle,Deer,Longitude,Latitude,geom,geog,x,y
9749,9760547,TROESTER,BROCK,2016-07-30,30,7,2016,1,7,8,9,,,3,,1,1,4,25,2,2,2,5,0,0,0,0,true,,false,false,false,false,false,,,,,,false,false,true,,,false,false,false,false,false,-82.96246,42.42643,"{
  ""coordinates"": [
    -8.296245988200000e+01,
    4.242642866100000e+01
  ],
  ""type"": ""Point""
}","{
  ""coordinates"": [
    -82.962459882,
    42.426428661
  ],
  ""type"": ""Point""
}",-82.962459882,42.426428661
9750,9759673,SPINOZA,JOY,2016-07-30,30,7,2016,22,7,4,9,,4,0,,1,1,4,35,3,2,3,5,0,0,0,0,true,,false,false,true,false,false,,,,,,false,false,false,,,false,false,false,false,false,-83.25031,42.35731,"{
  ""coordinates"": [
    -8.325030468700000e+01,
    4.235730697700010e+01
  ],
  ""type"": ""Point""
}","{
  ""coordinates"": [
    -83.250304687,
    42.357306977
  ],
  ""type"": ""Point""
}",-83.250304687,42.3573069770001
9751,9759701,RIOPELLE,MADEIRA,2016-07-30,30,7,2016,2,7,5,9,,,0,,1,1,4,25,1,2,1,5,0,0,0,0,true,,false,false,true,false,false,,,,,,false,true,false,,,false,false,false,false,false,-83.08605,42.42177,"{
  ""coordinates"": [
    -8.308605130500000e+01,
    4.242176956100010e+01
  ],
  ""type"": ""Point""
}","{
  ""coordinates"": [
    -83.086051305,
    42.421769561
  ],
  ""type"": ""Point""
}",-83.086051305,42.4217695610001
9752,9760564,SORRENTO,CHIPPEWA,2016-07-30,30,7,2016,,7,1,9,,,1,,1,2,4,15,2,1,0,5,0,0,0,0,true,,false,false,true,false,false,,,,,,false,false,false,,,false,false,false,false,false,-83.17435,42.44085,"{
  ""coordinates"": [
    -8.317434437299990e+01,
    4.244084906900010e+01
  ],
  ""type"": ""Point""
}","{
  ""coordinates"": [
    -83.174344373,
    42.440849069
  ],
  ""type"": ""Point""
}",-83.1743443729999,42.4408490690001
9753,9763178,CHALMERS,OUTER,2016-07-30,30,7,2016,3,7,5,9,,4,0,,1,1,4,30,2,2,3,4,0,0,0,2,false,,false,false,false,false,false,,,,,,false,false,true,,,false,false,false,false,false,-82.97101,42.41486,"{
  ""coordinates"": [
    -8.297100591700000e+01,
    4.241486482500010e+01
  ],
  ""type"": ""Point""
}","{
  ""coordinates"": [
    -82.971005917,
    42.414864825
  ],
  ""type"": ""Point""
}",-82.971005917,42.4148648250001
9754,9760513,I 96,UNDERWOOD,2016-07-30,30,7,2016,11,7,5,1,,1,0,,1,2,1,70,4,2,6,5,0,0,0,0,true,,false,false,false,false,false,,,,,,false,false,true,,,false,false,false,false,false,-83.13193,42.36481,"{
  ""coordinates"": [
    -8.313193036300000e+01,
    4.236480992600010e+01
  ],
  ""type"": ""Point""
}","{
  ""coordinates"": [
    -83.131930363,
    42.364809926
  ],
  ""type"": ""Point""
}",-83.131930363,42.3648099260001
9755,9772068,JOHN R,MILWAUKEE,2016-07-30,30,7,2016,1,7,8,9,,4,0,,1,1,4,35,1,2,0,5,0,0,0,0,true,,false,false,true,false,false,,,,,,false,false,false,,,false,false,false,false,false,-83.0705,42.37019,"{
  ""coordinates"": [
    -8.307049914100000e+01,
    4.237018720000000e+01
  ],
  ""type"": ""Point""
}","{
  ""coordinates"": [
    -83.070499141,
    42.3701872
  ],
  ""type"": ""Point""
}",-83.070499141,42.3701872
9756,9760518,SCHOOLCRAFT,MEYERS,2016-07-30,30,7,2016,23,7,1,9,,4,0,,1,1,4,30,4,1,1,3,0,0,1,0,false,,false,false,false,false,false,,,,,,false,false,true,,,false,false,false,false,false,-83.16872,42.38825,"{
  ""coordinates"": [
    -8.316871263699990e+01,
    4.238824661100010e+01
  ],
  ""type"": ""Point""
}","{
  ""coordinates"": [
    -83.168712637,
    42.388246611
  ],
  ""type"": ""Point""
}",-83.1687126369999,42.3882466110001
9757,9759661,WAVERLY,DEXTER,2016-07-30,30,7,2016,4,7,5,9,,,0,,2,1,4,25,2,3,2,3,0,0,2,0,false,,false,false,false,false,false,,,,,,false,false,false,,,false,false,false,false,false,-83.1321,42.38849,"{
  ""coordinates"": [
    -8.313209155700000e+01,
    4.238848786900010e+01
  ],
  ""type"": ""Point""
}","{
  ""coordinates"": [
    -83.132091557,
    42.388487869
  ],
  ""type"": ""Point""
}",-83.132091557,42.3884878690001
9758,9759699,8 MILE,BUFFALO,2016-07-30,30,7,2016,1,7,8,3,,1,0,,1,1,4,35,4,2,3,5,0,0,0,0,true,,false,false,false,false,false,,,,,,false,false,false,,,false,false,false,false,false,-83.04884,42.44764,"{
  ""coordinates"": [
    -8.304883635800000e+01,
    4.244763471800010e+01
  ],
  ""type"": ""Point""
}","{
  ""coordinates"": [
    -83.048836358,
    42.447634718
  ],
  ""type"": ""Point""
}",-83.048836358,42.4476347180001
9759,9876406,8 MILE,SOUTHFIELD SERVICE DRIVE,2016-07-30,30,7,2016,12,7,4,3,,1,0,,2,4,4,45,3,2,2,5,0,0,0,0,true,,false,false,false,false,false,,,,,,false,false,true,,,false,false,false,false,false,-83.21925,42.44418,"{
  ""coordinates"": [
    -8.321924926299990e+01,
    4.244418386400010e+01
  ],
  ""type"": ""Point""
}","{
  ""coordinates"": [
    -83.219249263,
    42.444183864
  ],
  ""type"": ""Point""
}",-83.2192492629999,42.4441838640001
9760,9764083,7 MILE,ALCOY,2016-07-30,30,7,2016,14,7,5,9,,4,0,,1,2,1,30,2,2,3,5,0,0,0,0,true,,false,false,true,false,false,,,,,,false,false,false,,,false,false,false,false,false,-82.98882,42.43483,"{
  ""coordinates"": [
    -8.298881522700000e+01,
    4.243483141900000e+01
  ],
  ""type"": ""Point""
}","{
  ""coordinates"": [
    -82.988815227,
    42.434831419
  ],
  ""type"": ""Point""
}",-82.988815227,42.434831419
9761,9759676,GRAND RIVER,STANSBURY,2016-07-30,30,7,2016,17,7,5,3,,1,0,,1,1,1,35,5,2,2,5,0,0,0,0,true,,false,false,true,false,false,,,,,,false,false,true,,,false,false,false,false,false,-83.18136,42.38581,"{
  ""coordinates"": [
    -8.318135693200000e+01,
    4.238581072900010e+01
  ],
  ""type"": ""Point""
}","{
  ""coordinates"": [
    -83.181356932,
    42.385810729
  ],
  ""type"": ""Point""
}",-83.181356932,42.3858107290001
9762,9761490,JOY,LIVERNOIS,2016-07-29,29,7,2016,22,6,9,9,,4,0,,98,98,98,30,2,2,1,5,0,0,0,0,true,,false,false,true,false,false,,,,,,false,false,false,,,false,false,false,false,false,-83.13816,42.35975,"{
  ""coordinates"": [
    -8.313815880000000e+01,
    4.235974763000010e+01
  ],
  ""type"": ""Point""
}","{
  ""coordinates"": [
    -83.1381588,
    42.35974763
  ],
  ""type"": ""Point""
}",-83.1381588,42.3597476300001
9763,9760566,LIVERNOIS,PURITAN,2016-07-29,29,7,2016,13,6,4,9,,4,0,,1,2,1,30,4,2,3,5,0,0,0,0,true,,true,true,false,false,false,,,,,,false,false,true,,,false,false,false,false,false,-83.14043,42.4099,"{
  ""coordinates"": [
    -8.314042436100000e+01,
    4.240990442400000e+01
  ],
  ""type"": ""Point""
}","{
  ""coordinates"": [
    -83.140424361,
    42.409904424
  ],
  ""type"": ""Point""
}",-83.140424361,42.409904424
9764,9759631,N I 75,RAMP 041F,2016-07-29,29,7,2016,7,6,8,1,,1,0,,1,1,1,55,4,2,2,4,0,0,0,1,false,,false,false,false,false,false,,,,,,false,false,false,,,false,false,false,false,false,-83.04472,42.34647,"{
  ""coordinates"": [
    -8.304471330099990e+01,
    4.234646476500010e+01
  ],
  ""type"": ""Point""
}","{
  ""coordinates"": [
    -83.044713301,
    42.346464765
  ],
  ""type"": ""Point""
}",-83.0447133009999,42.3464647650001
9765,9760567,JAMES COUZENS,RAMP 102I,2016-07-29,29,7,2016,2,6,5,3,,1,0,,1,1,4,0,1,3,3,3,0,0,1,1,false,,false,false,false,false,false,,,,,,false,true,false,,,false,false,false,false,false,-83.19911,42.44184,"{
  ""coordinates"": [
    -8.319911432000001e+01,
    4.244184592700000e+01
  ],
  ""type"": ""Point""
}","{
  ""coordinates"": [
    -83.19911432,
    42.441845927
  ],
  ""type"": ""Point""
}",-83.19911432,42.441845927
9766,9763166,GLASTONBURY,SCHOOLCRAFT,2016-07-29,29,7,2016,16,6,97,9,,,0,,2,2,1,35,2,2,1,5,0,0,0,0,true,,false,false,false,false,false,,,,,,false,false,false,,,false,false,false,false,false,-83.22476,42.38648,"{
  ""coordinates"": [
    -8.322475842400000e+01,
    4.238648007700000e+01
  ],
  ""type"": ""Point""
}","{
  ""coordinates"": [
    -83.224758424,
    42.386480077
  ],
  ""type"": ""Point""
}",-83.224758424,42.386480077
9767,9763128,S I 75,RAMP 216J,2016-07-29,29,7,2016,23,6,8,1,,1,0,,1,2,4,55,3,2,1,5,0,0,0,0,true,,false,false,true,false,false,,,,,,false,false,false,,,false,false,false,false,false,-83.05871,42.36961,"{
  ""coordinates"": [
    -8.305871113400001e+01,
    4.236960954600000e+01
  ],
  ""type"": ""Point""
}","{
  ""coordinates"": [
    -83.058711134,
    42.369609546
  ],
  ""type"": ""Point""
}",-83.058711134,42.369609546
9768,9759647,FORT,VISGER,2016-07-29,29,7,2016,20,6,5,3,,1,0,,1,1,3,30,6,2,1,5,0,0,0,0,true,,false,false,true,false,false,,,,,,false,false,true,,,false,false,false,false,false,-83.1621,42.26838,"{
  ""coordinates"": [
    -8.316210472599990e+01,
    4.226838483500010e+01
  ],
  ""type"": ""Point""
}","{
  ""coordinates"": [
    -83.162104726,
    42.268384835
  ],
  ""type"": ""Point""
}",-83.1621047259999,42.2683848350001
9769,9764039,W I 96,GRAND RIVER,2016-07-29,29,7,2016,17,6,5,1,,1,0,,2,4,1,70,3,4,4,5,0,0,0,0,true,,false,false,false,false,false,,,,,,false,false,true,,,false,false,false,false,false,-83.17659,42.38371,"{
  ""coordinates"": [
    -8.317659099299991e+01,
    4.238370454600000e+01
  ],
  ""type"": ""Point""
}","{
  ""coordinates"": [
    -83.176590993,
    42.383704546
  ],
  ""type"": ""Point""
}",-83.1765909929999,42.383704546
9770,9762298,HANCOCK,COMMONWEALTH,2016-07-29,29,7,2016,14,6,97,9,,,3,,1,2,1,25,2,2,2,5,0,0,0,0,true,,false,false,false,false,false,,,,,,false,false,false,,,false,false,false,false,false,-83.07829,42.35094,"{
  ""coordinates"": [
    -8.307829185100000e+01,
    4.235094229300010e+01
  ],
  ""type"": ""Point""
}","{
  ""coordinates"": [
    -83.078291851,
    42.350942293
  ],
  ""type"": ""Point""
}",-83.078291851,42.3509422930001
9771,9762237,S M 10,CHICAGO,2016-07-29,29,7,2016,12,6,1,3,,1,0,,1,1,1,0,4,1,1,5,0,0,0,0,true,,false,false,false,false,false,,,,,,false,true,false,,,false,false,false,false,false,-83.09534,42.38244,"{
  ""coordinates"": [
    -8.309534019300000e+01,
    4.238243751300010e+01
  ],
  ""type"": ""Point""
}","{
  ""coordinates"": [
    -83.095340193,
    42.382437513
  ],
  ""type"": ""Point""
}",-83.095340193,42.3824375130001
9772,9759639,GREENFIELD,DAVISON,2016-07-29,29,7,2016,22,6,8,9,,2,0,,1,1,4,35,4,2,2,2,0,1,0,0,false,,false,false,false,false,false,,,,,,false,false,true,,,false,false,false,false,false,-83.19807,42.38538,"{
  ""coordinates"": [
    -8.319806589000000e+01,
    4.238538397200010e+01
  ],
  ""type"": ""Point""
}","{
  ""coordinates"": [
    -83.19806589,
    42.385383972
  ],
  ""type"": ""Point""
}",-83.19806589,42.3853839720001
9773,9763141,I 75,STATE FAIR,2016-07-29,29,7,2016,17,6,5,1,,1,0,,2,2,1,70,4,2,1,5,0,0,0,0,true,,false,false,true,false,false,,,,,,false,true,false,,,false,false,false,false,false,-83.09518,42.43919,"{
  ""coordinates"": [
    -8.309517559400000e+01,
    4.243918486300000e+01
  ],
  ""type"": ""Point""
}","{
  ""coordinates"": [
    -83.095175594,
    42.439184863
  ],
  ""type"": ""Point""
}",-83.095175594,42.439184863
9774,9759665,JOY,LAHSER,2016-07-29,29,7,2016,11,6,1,9,,2,1,,1,2,1,35,4,1,1,5,0,0,0,0,true,,false,false,false,false,false,,,,,,false,false,false,,,false,false,false,false,false,-83.25657,42.35732,"{
  ""coordinates"": [
    -8.325656752799991e+01,
    4.235731753500000e+01
  ],
  ""type"": ""Point""
}","{
  ""coordinates"": [
    -83.256567528,
    42.357317535
  ],
  ""type"": ""Point""
}",-83.2565675279999,42.357317535
9775,9759672,JEFFERSON,MOUNT ELLIOTT,2016-07-29,29,7,2016,20,6,6,9,,4,0,,1,2,4,0,7,3,3,4,0,0,0,1,false,,false,false,false,false,false,,,,,,false,false,false,,,false,false,false,false,false,-83.01164,42.34297,"{
  ""coordinates"": [
    -8.301164435500000e+01,
    4.234296974500010e+01
  ],
  ""type"": ""Point""
}","{
  ""coordinates"": [
    -83.011644355,
    42.342969745
  ],
  ""type"": ""Point""
}",-83.011644355,42.3429697450001
9776,9759650,OUTER,BASSETT,2016-07-29,29,7,2016,20,6,5,9,,2,0,,1,1,3,0,3,2,1,5,0,0,0,0,true,,false,false,false,false,false,,,,,,false,false,false,,,false,false,false,false,false,-83.16135,42.25566,"{
  ""coordinates"": [
    -8.316135612700000e+01,
    4.225565734500000e+01
  ],
  ""type"": ""Point""
}","{
  ""coordinates"": [
    -83.161356127,
    42.255657345
  ],
  ""type"": ""Point""
}",-83.161356127,42.255657345
9777,9768817,WB I-94,TRUMBULL,2016-07-29,29,7,2016,3,6,5,1,,1,0,,1,1,4,55,3,2,2,5,0,0,0,0,true,,false,false,true,false,false,,,,,,false,false,false,,,false,false,false,false,false,-83.0854,42.35455,"{
  ""coordinates"": [
    -8.308539588699990e+01,
    4.235455309700010e+01
  ],
  ""type"": ""Point""
}","{
  ""coordinates"": [
    -83.085395887,
    42.354553097
  ],
  ""type"": ""Point""
}",-83.0853958869999,42.3545530970001
9778,9810599,GRATIOT,GUNSTON,2016-07-29,29,7,2016,14,6,5,3,,1,0,,1,2,1,35,7,4,3,4,0,0,0,1,false,,false,false,true,false,false,,,,,,false,false,false,,,false,false,false,false,false,-82.99521,42.40839,"{
  ""coordinates"": [
    -8.299520976699991e+01,
    4.240838984400010e+01
  ],
  ""type"": ""Point""
}","{
  ""coordinates"": [
    -82.995209767,
    42.408389844
  ],
  ""type"": ""Point""
}",-82.9952097669999,42.4083898440001
9779,9783733,RAMP 219D,W I 94,2016-07-29,29,7,2016,17,6,97,1,,1,0,,2,4,1,55,4,3,3,4,0,0,0,1,false,,false,false,false,false,false,,,,,,false,false,true,,,false,false,false,false,false,-83.00813,42.39111,"{
  ""coordinates"": [
    -8.300812472900000e+01,
    4.239111006300000e+01
  ],
  ""type"": ""Point""
}","{
  ""coordinates"": [
    -83.008124729,
    42.391110063
  ],
  ""type"": ""Point""
}",-83.008124729,42.391110063
9780,9759678,US 24,DEHNER,2016-07-29,29,7,2016,16,6,5,2,,1,0,,2,2,1,45,4,2,3,5,0,0,0,0,true,,false,false,true,false,false,,,,,,false,false,false,,,false,false,false,false,false,-83.27686,42.41179,"{
  ""coordinates"": [
    -8.327686549200000e+01,
    4.241178725700010e+01
  ],
  ""type"": ""Point""
}","{
  ""coordinates"": [
    -83.276865492,
    42.411787257
  ],
  ""type"": ""Point""
}",-83.276865492,42.4117872570001
9781,9760552,PELKEY,PINWOOD,2016-07-29,29,7,2016,21,6,8,9,,,0,,1,1,4,25,1,2,3,5,0,0,0,0,true,,false,false,true,false,false,,,,,,false,false,false,,,false,false,false,false,false,-82.98646,42.4384,"{
  ""coordinates"": [
    -8.298645711400000e+01,
    4.243839895600010e+01
  ],
  ""type"": ""Point""
}","{
  ""coordinates"": [
    -82.986457114,
    42.438398956
  ],
  ""type"": ""Point""
}",-82.986457114,42.4383989560001
9782,9760568,MEYERS,7 MILE,2016-07-29,29,7,2016,16,6,1,9,,4,0,,1,2,1,30,2,2,2,5,0,0,0,0,true,,false,false,false,false,false,,,,,,false,false,false,,,false,false,false,true,false,-83.17068,42.43097,"{
  ""coordinates"": [
    -8.317067824599999e+01,
    4.243096908700010e+01
  ],
  ""type"": ""Point""
}","{
  ""coordinates"": [
    -83.170678246,
    42.430969087
  ],
  ""type"": ""Point""
}",-83.170678246,42.4309690870001
9783,9759628,M-39,FITZPATRICK,2016-07-29,29,7,2016,18,6,5,3,,1,0,,2,2,1,55,3,2,3,5,0,0,0,0,true,,false,false,false,false,false,,,,,,false,false,true,,,false,false,false,false,false,-83.21655,42.3639,"{
  ""coordinates"": [
    -8.321654210199991e+01,
    4.236390325200010e+01
  ],
  ""type"": ""Point""
}","{
  ""coordinates"": [
    -83.216542102,
    42.363903252
  ],
  ""type"": ""Point""
}",-83.2165421019999,42.3639032520001
9784,9765256,ANGLIN,OUTER,2016-07-29,29,7,2016,18,6,98,9,,,0,,1,98,1,25,2,2,0,5,0,0,0,0,true,,false,false,true,false,false,,,,,,false,false,false,,,false,false,false,false,false,-83.075,42.44089,"{
  ""coordinates"": [
    -8.307500381599991e+01,
    4.244088698800000e+01
  ],
  ""type"": ""Point""
}","{
  ""coordinates"": [
    -83.075003816,
    42.440886988
  ],
  ""type"": ""Point""
}",-83.0750038159999,42.440886988
9785,9759653,ALTER,FRANKFORT,2016-07-29,29,7,2016,17,6,5,9,,4,0,,2,2,1,30,4,2,1,5,0,0,0,0,true,,false,false,true,false,false,,,,,,false,false,false,,,false,false,false,false,false,-82.95482,42.39741,"{
  ""coordinates"": [
    -8.295482236600000e+01,
    4.239741212400000e+01
  ],
  ""type"": ""Point""
}","{
  ""coordinates"": [
    -82.954822366,
    42.397412124
  ],
  ""type"": ""Point""
}",-82.954822366,42.397412124
9786,9760557,GEITZEN,ANNOTT,2016-07-29,29,7,2016,9,6,3,9,,,0,,1,1,1,25,2,2,2,5,0,0,0,0,true,,false,false,false,false,false,,,,,,false,true,false,,,false,false,false,false,false,-83.00181,42.42546,"{
  ""coordinates"": [
    -8.300180976500000e+01,
    4.242546000600000e+01
  ],
  ""type"": ""Point""
}","{
  ""coordinates"": [
    -83.001809765,
    42.425460006
  ],
  ""type"": ""Point""
}",-83.001809765,42.425460006
9787,9759700,S I 75 SERVICE DRIVE,7 MILE,2016-07-29,29,7,2016,16,6,3,9,,4,0,,2,4,1,30,2,2,4,5,0,0,0,0,true,,false,false,false,false,false,,,,,,false,false,true,,,false,false,false,false,false,-83.09534,42.43248,"{
  ""coordinates"": [
    -8.309534631799990e+01,
    4.243248491800010e+01
  ],
  ""type"": ""Point""
}","{
  ""coordinates"": [
    -83.095346318,
    42.432484918
  ],
  ""type"": ""Point""
}",-83.0953463179999,42.4324849180001
9788,9759646,GREENFIELD,ELLIS,2016-07-29,29,7,2016,16,6,4,9,,2,0,,1,1,1,35,4,2,2,4,0,0,0,1,false,,false,false,false,false,false,,,,,,false,false,true,,,false,false,false,false,false,-83.19711,42.36075,"{
  ""coordinates"": [
    -8.319711330599991e+01,
    4.236075324400010e+01
  ],
  ""type"": ""Point""
}","{
  ""coordinates"": [
    -83.197113306,
    42.360753244
  ],
  ""type"": ""Point""
}",-83.1971133059999,42.3607532440001
9789,9760574,PURITAN,STANSBURY,2016-07-29,29,7,2016,23,6,4,9,,4,0,,2,4,4,35,3,2,2,4,0,0,0,2,false,,false,false,true,false,false,,,,,,false,false,false,,,false,false,false,false,false,-83.18317,42.40924,"{
  ""coordinates"": [
    -8.318316760000000e+01,
    4.240924584700010e+01
  ],
  ""type"": ""Point""
}","{
  ""coordinates"": [
    -83.1831676,
    42.409245847
  ],
  ""type"": ""Point""
}",-83.1831676,42.4092458470001
9790,9768816,WB I-94,TRUMBULL,2016-07-29,29,7,2016,3,6,1,1,,1,1,,1,1,4,55,3,1,1,5,0,0,0,0,true,,false,false,false,false,false,,,,,,false,false,false,,,false,false,false,false,false,-83.07752,42.3587,"{
  ""coordinates"": [
    -8.307752348900000e+01,
    4.235870060700010e+01
  ],
  ""type"": ""Point""
}","{
  ""coordinates"": [
    -83.077523489,
    42.358700607
  ],
  ""type"": ""Point""
}",-83.077523489,42.3587006070001
9791,9759634,M-39,PLYMOUTH,2016-07-29,29,7,2016,17,6,5,3,,1,0,,1,1,1,55,3,2,2,5,0,0,0,0,true,,false,false,false,false,false,,,,,,false,false,false,,,false,false,false,false,false,-83.21691,42.37587,"{
  ""coordinates"": [
    -8.321691313299991e+01,
    4.237586843500000e+01
  ],
  ""type"": ""Point""
}","{
  ""coordinates"": [
    -83.216913133,
    42.375868435
  ],
  ""type"": ""Point""
}",-83.2169131329999,42.375868435
9792,9827119,I-75,VERNOR,2016-07-29,29,7,2016,15,6,1,1,,1,1,,2,4,1,0,3,1,1,5,0,0,0,0,true,,false,false,false,false,false,,,,,,false,false,true,,,false,false,false,false,false,-83.08578,42.32838,"{
  ""coordinates"": [
    -8.308577507000000e+01,
    4.232838011200000e+01
  ],
  ""type"": ""Point""
}","{
  ""coordinates"": [
    -83.08577507,
    42.328380112
  ],
  ""type"": ""Point""
}",-83.08577507,42.328380112
9793,9772085,SANTA MARIA,OUTER,2016-07-29,29,7,2016,7,6,4,9,,,0,,1,1,1,35,4,2,2,5,0,0,0,0,true,,false,false,false,false,false,,,,,,false,false,true,,,false,false,false,false,false,-83.2318,42.41758,"{
  ""coordinates"": [
    -8.323180355900000e+01,
    4.241757408800000e+01
  ],
  ""type"": ""Point""
}","{
  ""coordinates"": [
    -83.231803559,
    42.417574088
  ],
  ""type"": ""Point""
}",-83.231803559,42.417574088
9794,9762220,I-94,24TH,2016-07-29,29,7,2016,14,6,5,1,,1,0,,1,1,1,55,3,3,9,5,0,0,0,0,true,,false,false,false,false,false,,,,,,false,true,false,,,false,false,false,false,false,-83.10366,42.34866,"{
  ""coordinates"": [
    -8.310366053599989e+01,
    4.234865409700010e+01
  ],
  ""type"": ""Point""
}","{
  ""coordinates"": [
    -83.103660536,
    42.348654097
  ],
  ""type"": ""Point""
}",-83.1036605359999,42.3486540970001
9795,9759636,CHRYSLER,FOREST,2016-07-29,29,7,2016,11,6,5,1,,1,0,,1,1,1,35,3,2,3,5,0,0,0,0,true,,false,false,false,false,false,,,,,,false,false,false,,,false,false,false,false,false,-83.05436,42.361,"{
  ""coordinates"": [
    -8.305435639200000e+01,
    4.236100216800000e+01
  ],
  ""type"": ""Point""
}","{
  ""coordinates"": [
    -83.054356392,
    42.361002168
  ],
  ""type"": ""Point""
}",-83.054356392,42.361002168
9796,9759624,M-8,M-10,2016-07-29,29,7,2016,15,6,8,3,,1,0,,1,2,1,55,3,2,2,5,0,0,0,0,true,,false,false,false,false,false,,,,,,false,false,true,,,false,false,false,false,false,-83.11034,42.39801,"{
  ""coordinates"": [
    -8.311033673900000e+01,
    4.239801066200000e+01
  ],
  ""type"": ""Point""
}","{
  ""coordinates"": [
    -83.110336739,
    42.398010662
  ],
  ""type"": ""Point""
}",-83.110336739,42.398010662
9797,9762251,WARREN,JOHN R,2016-07-29,29,7,2016,15,6,4,9,,4,0,,2,4,1,30,5,2,2,5,0,0,0,0,true,,true,true,false,false,false,,,,,,false,false,false,,,false,false,false,false,false,-83.06211,42.35757,"{
  ""coordinates"": [
    -8.306211315000000e+01,
    4.235757497000000e+01
  ],
  ""type"": ""Point""
}","{
  ""coordinates"": [
    -83.06211315,
    42.35757497
  ],
  ""type"": ""Point""
}",-83.06211315,42.35757497
9798,9783813,CHAPIN,ROHNS,2016-07-29,29,7,2016,18,6,4,9,,,0,,1,1,1,25,2,2,2,5,0,0,0,0,true,,false,false,false,false,false,,,,,,false,false,false,,,false,false,false,false,false,-83.00674,42.3845,"{
  ""coordinates"": [
    -8.300673987899999e+01,
    4.238449934800010e+01
  ],
  ""type"": ""Point""
}","{
  ""coordinates"": [
    -83.006739879,
    42.384499348
  ],
  ""type"": ""Point""
}",-83.006739879,42.3844993480001
9799,9759652,MACK,S I 75,2016-07-29,29,7,2016,0,6,4,9,,4,0,,1,1,4,35,3,2,1,5,0,0,0,0,true,,true,true,true,false,false,,,,,,false,false,false,,,false,false,false,false,false,-83.04813,42.35125,"{
  ""coordinates"": [
    -8.304813248200000e+01,
    4.235125266900010e+01
  ],
  ""type"": ""Point""
}","{
  ""coordinates"": [
    -83.048132482,
    42.351252669
  ],
  ""type"": ""Point""
}",-83.048132482,42.3512526690001
9800,9759648,WAGNER,GILBERT,2016-07-29,29,7,2016,11,6,4,9,,,0,,1,1,1,0,3,2,2,5,0,0,0,0,true,,false,false,true,false,false,,,,,,false,false,false,,,false,false,false,false,false,-83.12965,42.34195,"{
  ""coordinates"": [
    -8.312964271100000e+01,
    4.234194684200000e+01
  ],
  ""type"": ""Point""
}","{
  ""coordinates"": [
    -83.129642711,
    42.341946842
  ],
  ""type"": ""Point""
}",-83.129642711,42.341946842
9801,9758514,MOUND,MOUNT ELLIOTT,2016-07-29,29,7,2016,1,6,4,9,,2,0,,1,1,4,35,2,2,2,5,0,0,0,0,true,,true,true,false,false,false,,,,,,false,false,true,,,false,false,false,false,false,-83.04251,42.40797,"{
  ""coordinates"": [
    -8.304251293399990e+01,
    4.240796582100010e+01
  ],
  ""type"": ""Point""
}","{
  ""coordinates"": [
    -83.042512934,
    42.407965821
  ],
  ""type"": ""Point""
}",-83.0425129339999,42.4079658210001
9802,9762274,GRAND RIVER,KENTFIELD,2016-07-29,29,7,2016,14,6,4,3,,1,0,,1,1,1,40,3,2,1,4,0,0,0,1,false,,false,false,true,false,false,,,,,,false,true,false,,,false,false,false,false,false,-83.24091,42.4098,"{
  ""coordinates"": [
    -8.324091012000000e+01,
    4.240979605800000e+01
  ],
  ""type"": ""Point""
}","{
  ""coordinates"": [
    -83.24091012,
    42.409796058
  ],
  ""type"": ""Point""
}",-83.24091012,42.409796058
9803,9759627,M-39,PURITAN,2016-07-29,29,7,2016,16,6,5,3,,1,0,,2,4,1,55,3,3,3,5,0,0,0,0,true,,false,false,false,false,false,,,,,,false,false,true,,,false,false,false,false,false,-83.21886,42.41194,"{
  ""coordinates"": [
    -8.321885686099991e+01,
    4.241194223300000e+01
  ],
  ""type"": ""Point""
}","{
  ""coordinates"": [
    -83.218856861,
    42.411942233
  ],
  ""type"": ""Point""
}",-83.2188568609999,42.411942233
9804,9761484,SPOKANE,NORTHFIELD,2016-07-29,29,7,2016,23,6,8,9,,,0,,1,1,4,25,2,2,0,5,0,0,0,0,true,,false,false,true,false,false,,,,,,false,false,false,,,false,false,false,false,false,-83.12889,42.35763,"{
  ""coordinates"": [
    -8.312889062999990e+01,
    4.235763066700010e+01
  ],
  ""type"": ""Point""
}","{
  ""coordinates"": [
    -83.12889063,
    42.357630667
  ],
  ""type"": ""Point""
}",-83.1288906299999,42.3576306670001
9805,9759632,M-39,PURITAN,2016-07-29,29,7,2016,17,6,5,3,,1,0,,2,4,1,55,3,2,4,5,0,0,0,0,true,,false,false,false,false,false,,,,,,false,false,true,,,false,false,false,false,false,-83.21869,42.40805,"{
  ""coordinates"": [
    -8.321868565499990e+01,
    4.240805057000010e+01
  ],
  ""type"": ""Point""
}","{
  ""coordinates"": [
    -83.218685655,
    42.40805057
  ],
  ""type"": ""Point""
}",-83.2186856549999,42.4080505700001