ObjectId,Crash ID,Primary Road,Intersecting Road,Crash Date,Day,Month,Year,Hour,Weekday,Crash Type Code,Highway Classification Code,Community Code,Jurisdiction Code,Lane Departure Type Code,Surface Type,Road Condition,Weather Condition,Lighting Condition,Speed Limit,Lanes,Units,Occupants,Most Severe Injury,Fatal Injuries,Suspected Serious Injuries,Suspected Minor Injuries,Possible Injuries,Property Damage Only,Secondary Crash,Traffic Control,Red Light Run,Hit and Run,Alcohol,Drugs,Unbelted Person,Work Zone,Speeding Driver,Distracted Driver,Driveway,Pedestrian,Elderly Driver,Young Driver,Commercial Vehicle,Emergency Vehicles,Train,School Bus,Motorcycle,Bicycle,Deer,Longitude,Latitude,geom,geog,x,y
9806,9768709,I-75,MEADE,2016-07-29,29,7,2016,16,6,8,1,,1,0,,2,4,1,70,4,2,2,5,0,0,0,0,true,,false,false,false,false,false,,,,,,false,false,true,,,false,false,false,false,false,-83.07516,42.40585,"{
  ""coordinates"": [
    -8.307516724999989e+01,
    4.240584709500010e+01
  ],
  ""type"": ""Point""
}","{
  ""coordinates"": [
    -83.07516725,
    42.405847095
  ],
  ""type"": ""Point""
}",-83.0751672499999,42.4058470950001
9807,9759626,RAMP 008B,N M 39,2016-07-29,29,7,2016,13,6,5,1,,1,0,,1,1,1,55,1,2,2,4,0,0,0,1,false,,false,false,false,false,false,,,,,,false,false,false,,,false,false,false,false,false,-83.21658,42.37645,"{
  ""coordinates"": [
    -8.321657360700000e+01,
    4.237644974100000e+01
  ],
  ""type"": ""Point""
}","{
  ""coordinates"": [
    -83.216573607,
    42.376449741
  ],
  ""type"": ""Point""
}",-83.216573607,42.376449741
9808,9759528,N I 75,W I 96,2016-07-29,29,7,2016,15,6,97,1,,1,0,,1,1,1,70,3,2,1,5,0,0,0,0,true,,false,false,true,false,false,,,,,,false,false,false,,,false,false,false,false,false,-83.08264,42.31826,"{
  ""coordinates"": [
    -8.308263860999990e+01,
    4.231825496800010e+01
  ],
  ""type"": ""Point""
}","{
  ""coordinates"": [
    -83.08263861,
    42.318254968
  ],
  ""type"": ""Point""
}",-83.0826386099999,42.3182549680001
9809,9760542,EVERGREEN,BELTON,2016-07-29,29,7,2016,17,6,4,9,,4,0,,2,4,1,35,2,2,2,3,0,0,1,0,false,,false,false,false,false,false,,,,,,false,false,false,,,false,false,true,false,false,-83.23572,42.35214,"{
  ""coordinates"": [
    -8.323571840699999e+01,
    4.235214073000000e+01
  ],
  ""type"": ""Point""
}","{
  ""coordinates"": [
    -83.235718407,
    42.35214073
  ],
  ""type"": ""Point""
}",-83.235718407,42.35214073
9810,9760551,GROESBECK,8 MILE,2016-07-29,29,7,2016,19,6,1,3,,1,0,,1,1,1,45,3,1,2,5,0,0,0,0,true,,false,false,false,false,false,,,,,,false,false,true,,,false,false,false,false,false,-83.00278,42.44879,"{
  ""coordinates"": [
    -8.300277585000001e+01,
    4.244878628900010e+01
  ],
  ""type"": ""Point""
}","{
  ""coordinates"": [
    -83.00277585,
    42.448786289
  ],
  ""type"": ""Point""
}",-83.00277585,42.4487862890001
9811,9783188,WARREN,JOHN R,2016-07-29,29,7,2016,16,6,3,9,,4,0,,1,1,1,35,2,2,2,5,0,0,0,0,true,,false,false,false,false,false,,,,,,false,false,false,,,false,false,false,false,false,-83.06219,42.35775,"{
  ""coordinates"": [
    -8.306219575999999e+01,
    4.235774427200000e+01
  ],
  ""type"": ""Point""
}","{
  ""coordinates"": [
    -83.06219576,
    42.357744272
  ],
  ""type"": ""Point""
}",-83.06219576,42.357744272
9812,9759708,MERRILL PLAISANCE,SECOND,2016-07-29,29,7,2016,1,6,1,9,,4,0,,1,1,4,30,2,1,1,4,0,0,0,1,false,,false,false,false,false,false,,,,,,false,false,true,,,false,false,false,false,false,-83.11029,42.42051,"{
  ""coordinates"": [
    -8.311029279600000e+01,
    4.242051047100010e+01
  ],
  ""type"": ""Point""
}","{
  ""coordinates"": [
    -83.110292796,
    42.420510471
  ],
  ""type"": ""Point""
}",-83.110292796,42.4205104710001
9813,9765248,MCNICHOLS,GRATIOT,2016-07-29,29,7,2016,5,6,5,3,,4,0,,1,1,4,25,4,2,4,4,0,0,0,2,false,,false,false,true,false,false,,,,,,false,false,false,,,false,false,false,false,false,-82.98306,42.42693,"{
  ""coordinates"": [
    -8.298305968400000e+01,
    4.242692799200010e+01
  ],
  ""type"": ""Point""
}","{
  ""coordinates"": [
    -82.983059684,
    42.426927992
  ],
  ""type"": ""Point""
}",-82.983059684,42.4269279920001
9814,9763156,N M 39 SERVICE DRIVE,JOY,2016-07-29,29,7,2016,16,6,5,9,,4,0,,2,4,1,30,2,2,2,5,0,0,0,0,true,,false,false,false,false,false,,,,,,false,false,false,,,false,false,false,false,false,-83.21606,42.35783,"{
  ""coordinates"": [
    -8.321606364400000e+01,
    4.235782536700000e+01
  ],
  ""type"": ""Point""
}","{
  ""coordinates"": [
    -83.216063644,
    42.357825367
  ],
  ""type"": ""Point""
}",-83.216063644,42.357825367
9815,9760539,GREENFIELD,PLYMOUTH,2016-07-29,29,7,2016,18,6,97,9,,2,0,,2,2,1,35,4,2,1,5,0,0,0,0,true,,false,false,true,false,false,,,,,,false,false,false,,,false,false,false,false,false,-83.19749,42.37119,"{
  ""coordinates"": [
    -8.319748946599999e+01,
    4.237118645600000e+01
  ],
  ""type"": ""Point""
}","{
  ""coordinates"": [
    -83.197489466,
    42.371186456
  ],
  ""type"": ""Point""
}",-83.197489466,42.371186456
9816,9760555,GRATIOT,AUGUST,2016-07-29,29,7,2016,18,6,2,3,,1,0,,1,1,1,35,7,2,2,4,0,0,0,2,false,,false,false,false,false,false,,,,,,false,false,true,,,false,false,false,false,false,-82.98875,42.41826,"{
  ""coordinates"": [
    -8.298874932400000e+01,
    4.241826239500010e+01
  ],
  ""type"": ""Point""
}","{
  ""coordinates"": [
    -82.988749324,
    42.418262395
  ],
  ""type"": ""Point""
}",-82.988749324,42.4182623950001
9817,9760545,SOUTHFIELD SERVICE DRIVE,8 MILE,2016-07-29,29,7,2016,17,6,10,3,,5,0,,2,4,1,35,3,2,4,5,0,0,0,0,true,,false,false,false,false,false,,,,,,false,false,false,,,false,false,false,false,false,-83.21927,42.44415,"{
  ""coordinates"": [
    -8.321926807999991e+01,
    4.244415437500000e+01
  ],
  ""type"": ""Point""
}","{
  ""coordinates"": [
    -83.21926808,
    42.444154375
  ],
  ""type"": ""Point""
}",-83.2192680799999,42.444154375
9818,9763126,I-96,TELEGRAPH,2016-07-29,29,7,2016,19,6,5,1,,1,0,,2,4,1,70,4,3,3,5,0,0,0,0,true,,false,false,false,false,false,,,,,,false,false,false,,,false,false,false,false,false,-83.26628,42.38556,"{
  ""coordinates"": [
    -8.326627923900000e+01,
    4.238555840700010e+01
  ],
  ""type"": ""Point""
}","{
  ""coordinates"": [
    -83.266279239,
    42.385558407
  ],
  ""type"": ""Point""
}",-83.266279239,42.3855584070001
9819,9761489,DAVISON,LA SALLE,2016-07-29,29,7,2016,16,6,3,3,,1,0,,2,4,1,35,7,3,5,3,0,0,1,0,false,,false,false,false,false,false,,,,,,false,false,false,,,false,false,false,false,false,-83.11913,42.39409,"{
  ""coordinates"": [
    -8.311912483099999e+01,
    4.239409235500010e+01
  ],
  ""type"": ""Point""
}","{
  ""coordinates"": [
    -83.119124831,
    42.394092355
  ],
  ""type"": ""Point""
}",-83.119124831,42.3940923550001
9820,9760553,SHOEMAKER,LEMAY,2016-07-29,29,7,2016,11,6,8,9,,4,0,,1,1,1,30,2,2,1,5,0,0,0,0,true,,false,false,true,false,false,,,,,,false,false,true,,,false,false,false,false,false,-82.99129,42.38943,"{
  ""coordinates"": [
    -8.299129089400000e+01,
    4.238942593900000e+01
  ],
  ""type"": ""Point""
}","{
  ""coordinates"": [
    -82.991290894,
    42.389425939
  ],
  ""type"": ""Point""
}",-82.991290894,42.389425939
9821,9760538,PARKWAY,DOVER,2016-07-29,29,7,2016,17,6,4,9,,,0,,1,1,1,25,2,2,3,5,0,0,0,0,true,,false,false,false,false,false,,,,,,false,false,false,,,false,false,false,false,false,-83.26532,42.35937,"{
  ""coordinates"": [
    -8.326531621600000e+01,
    4.235936676000010e+01
  ],
  ""type"": ""Point""
}","{
  ""coordinates"": [
    -83.265316216,
    42.35936676
  ],
  ""type"": ""Point""
}",-83.265316216,42.3593667600001
9822,9762273,FENKELL,GLASTONBURY,2016-07-29,29,7,2016,13,6,8,9,,2,0,,1,1,1,35,2,2,2,5,0,0,0,0,true,,false,false,false,false,false,,,,,,false,false,false,,,false,false,false,false,false,-83.22514,42.40094,"{
  ""coordinates"": [
    -8.322513939600000e+01,
    4.240093696000010e+01
  ],
  ""type"": ""Point""
}","{
  ""coordinates"": [
    -83.225139396,
    42.40093696
  ],
  ""type"": ""Point""
}",-83.225139396,42.4009369600001
9823,9759633,M-39,PURITAN,2016-07-29,29,7,2016,17,6,5,3,,1,0,,1,4,1,55,3,2,3,5,0,0,0,0,true,,false,false,false,false,false,,,,,,false,false,true,,,false,false,false,false,false,-83.21869,42.40805,"{
  ""coordinates"": [
    -8.321868565499990e+01,
    4.240805057000010e+01
  ],
  ""type"": ""Point""
}","{
  ""coordinates"": [
    -83.218685655,
    42.40805057
  ],
  ""type"": ""Point""
}",-83.2186856549999,42.4080505700001
9824,9759662,PLYMOUTH,AUBURN,2016-07-29,29,7,2016,4,6,8,9,,4,0,,1,1,4,35,7,2,7,5,0,0,0,0,true,,false,false,false,false,false,,,,,,false,false,false,,,false,false,false,false,false,-83.23381,42.37192,"{
  ""coordinates"": [
    -8.323381244599990e+01,
    4.237192282600010e+01
  ],
  ""type"": ""Point""
}","{
  ""coordinates"": [
    -83.233812446,
    42.371922826
  ],
  ""type"": ""Point""
}",-83.2338124459999,42.3719228260001
9825,9763143,I 96,BURT,2016-07-29,29,7,2016,21,6,97,1,,1,0,,1,1,4,55,1,2,3,4,0,0,0,1,false,,false,false,false,true,false,,,,,,false,false,false,,,false,false,false,false,false,-83.24854,42.38541,"{
  ""coordinates"": [
    -8.324853171699991e+01,
    4.238540701900010e+01
  ],
  ""type"": ""Point""
}","{
  ""coordinates"": [
    -83.248531717,
    42.385407019
  ],
  ""type"": ""Point""
}",-83.2485317169999,42.3854070190001
9826,9761483,GRAND,VERNOR,2016-07-29,29,7,2016,23,6,1,9,,4,0,,1,1,1,0,2,1,1,5,0,0,0,0,true,,false,false,false,false,false,,,,,,false,false,false,,,false,false,false,false,false,-83.08884,42.32261,"{
  ""coordinates"": [
    -8.308883738999999e+01,
    4.232260977900010e+01
  ],
  ""type"": ""Point""
}","{
  ""coordinates"": [
    -83.08883739,
    42.322609779
  ],
  ""type"": ""Point""
}",-83.08883739,42.3226097790001
9827,9763127,W I 96,WYOMING,2016-07-29,29,7,2016,21,6,1,1,,1,1,,1,2,4,70,4,1,2,4,0,0,0,1,false,,false,false,false,false,false,,,,,,false,false,false,,,false,false,false,false,false,-83.15801,42.38541,"{
  ""coordinates"": [
    -8.315801229399990e+01,
    4.238541559500000e+01
  ],
  ""type"": ""Point""
}","{
  ""coordinates"": [
    -83.158012294,
    42.385415595
  ],
  ""type"": ""Point""
}",-83.1580122939999,42.385415595
9828,9763142,W I 96,DAVISON CROSSOVER,2016-07-29,29,7,2016,16,6,8,1,,1,0,,2,4,1,70,4,2,2,5,0,0,0,0,true,,false,false,true,false,false,,,,,,false,false,true,,,false,false,false,false,false,-83.15927,42.38542,"{
  ""coordinates"": [
    -8.315926966200000e+01,
    4.238542190300010e+01
  ],
  ""type"": ""Point""
}","{
  ""coordinates"": [
    -83.159269662,
    42.385421903
  ],
  ""type"": ""Point""
}",-83.159269662,42.3854219030001
9829,9760565,APPOLINE,CAPITOL,2016-07-29,29,7,2016,17,6,4,9,,,0,,2,1,1,25,2,2,3,4,0,0,0,1,false,,false,false,false,false,false,,,,,,false,false,false,,,false,false,false,false,false,-83.16953,42.37749,"{
  ""coordinates"": [
    -8.316952415500000e+01,
    4.237748618300000e+01
  ],
  ""type"": ""Point""
}","{
  ""coordinates"": [
    -83.169524155,
    42.377486183
  ],
  ""type"": ""Point""
}",-83.169524155,42.377486183
9830,9759649,FERDINAND,VERNOR,2016-07-29,29,7,2016,19,6,98,9,,,3,,1,1,1,0,3,2,0,5,0,0,0,0,true,,false,false,true,false,false,,,,,,false,false,false,,,false,false,false,false,false,-83.09937,42.3186,"{
  ""coordinates"": [
    -8.309936541899999e+01,
    4.231859735300000e+01
  ],
  ""type"": ""Point""
}","{
  ""coordinates"": [
    -83.099365419,
    42.318597353
  ],
  ""type"": ""Point""
}",-83.099365419,42.318597353
9831,9759681,GRATIOT,GITRE,2016-07-29,29,7,2016,22,6,9,3,,1,0,,1,2,4,35,7,2,2,5,0,0,0,0,true,,false,false,true,false,false,,,,,,false,true,false,,,false,false,false,false,false,-82.98617,42.4222,"{
  ""coordinates"": [
    -8.298617020599990e+01,
    4.242220418600000e+01
  ],
  ""type"": ""Point""
}","{
  ""coordinates"": [
    -82.986170206,
    42.422204186
  ],
  ""type"": ""Point""
}",-82.9861702059999,42.422204186
9832,9760546,GRAND RIVER,SOUTHFIELD SERVICE,2016-07-29,29,7,2016,17,6,5,3,,1,0,,1,1,1,45,5,2,2,5,0,0,0,0,true,,false,false,false,false,false,,,,,,false,false,false,,,false,false,false,false,false,-83.21733,42.40031,"{
  ""coordinates"": [
    -8.321733186099991e+01,
    4.240031420200010e+01
  ],
  ""type"": ""Point""
}","{
  ""coordinates"": [
    -83.217331861,
    42.400314202
  ],
  ""type"": ""Point""
}",-83.2173318609999,42.4003142020001
9833,9768711,N I 75,W I 94,2016-07-29,29,7,2016,18,6,5,1,,1,0,,2,2,1,55,4,2,2,4,0,0,0,1,false,,false,false,false,false,false,,,,,,false,false,false,,,false,false,false,false,false,-83.05803,42.36876,"{
  ""coordinates"": [
    -8.305802667899999e+01,
    4.236875490400010e+01
  ],
  ""type"": ""Point""
}","{
  ""coordinates"": [
    -83.058026679,
    42.368754904
  ],
  ""type"": ""Point""
}",-83.058026679,42.3687549040001
9834,9768710,S I 75,2ND,2016-07-29,29,7,2016,17,6,5,1,,1,0,,2,4,1,55,4,2,2,4,0,0,0,1,false,,false,false,false,false,false,,,,,,false,false,false,,,false,false,false,false,false,-83.05878,42.33688,"{
  ""coordinates"": [
    -8.305877722900000e+01,
    4.233687952500000e+01
  ],
  ""type"": ""Point""
}","{
  ""coordinates"": [
    -83.058777229,
    42.336879525
  ],
  ""type"": ""Point""
}",-83.058777229,42.336879525
9835,9759654,LODEWYCK,SOUTHAMPTON,2016-07-29,29,7,2016,17,6,8,9,,,0,,1,1,1,25,1,2,1,5,0,0,0,0,true,,false,false,true,false,false,,,,,,false,false,false,,,false,false,false,false,false,-82.92245,42.41265,"{
  ""coordinates"": [
    -8.292244662800000e+01,
    4.241265268700000e+01
  ],
  ""type"": ""Point""
}","{
  ""coordinates"": [
    -82.922446628,
    42.412652687
  ],
  ""type"": ""Point""
}",-82.922446628,42.412652687
9836,9759710,RUTHERFORD,CLARITA,2016-07-29,29,7,2016,0,6,97,9,,,0,,1,1,4,25,2,2,0,5,0,0,0,0,true,,false,false,true,false,false,,,,,,false,false,false,,,false,false,false,false,false,-83.20518,42.42837,"{
  ""coordinates"": [
    -8.320517473900000e+01,
    4.242837011600010e+01
  ],
  ""type"": ""Point""
}","{
  ""coordinates"": [
    -83.205174739,
    42.428370116
  ],
  ""type"": ""Point""
}",-83.205174739,42.4283701160001
9837,9820057,CHENE,LAFAYETTE,2016-07-29,29,7,2016,16,6,4,9,,4,0,,1,1,1,35,2,2,4,5,0,0,0,0,true,,false,false,false,false,false,,,,,,false,false,false,,,false,false,false,false,false,-83.02459,42.34121,"{
  ""coordinates"": [
    -8.302459283600000e+01,
    4.234121038600010e+01
  ],
  ""type"": ""Point""
}","{
  ""coordinates"": [
    -83.024592836,
    42.341210386
  ],
  ""type"": ""Point""
}",-83.024592836,42.3412103860001
9838,9822263,FENKELL,WYOMING,2016-07-29,29,7,2016,20,6,5,9,,2,0,,1,1,1,35,4,2,3,4,0,0,0,1,false,,false,false,true,false,false,,,,,,false,false,false,,,false,false,false,false,false,-83.15977,42.40251,"{
  ""coordinates"": [
    -8.315977737900000e+01,
    4.240251162800010e+01
  ],
  ""type"": ""Point""
}","{
  ""coordinates"": [
    -83.159777379,
    42.402511628
  ],
  ""type"": ""Point""
}",-83.159777379,42.4025116280001
9839,9764003,RAMP 044B,RAMP 216E,2016-07-28,28,7,2016,16,5,5,1,,1,0,,1,1,1,55,3,2,2,5,0,0,0,0,true,,false,false,false,false,false,,,,,,false,false,true,,,false,false,false,false,false,-83.05538,42.36345,"{
  ""coordinates"": [
    -8.305538323800000e+01,
    4.236345128600000e+01
  ],
  ""type"": ""Point""
}","{
  ""coordinates"": [
    -83.055383238,
    42.363451286
  ],
  ""type"": ""Point""
}",-83.055383238,42.363451286
9840,9759641,E I 96,GRAND RIVER,2016-07-28,28,7,2016,11,5,8,1,,1,0,,1,1,1,30,2,2,2,5,0,0,0,0,true,,false,false,false,false,false,,,,,,false,true,false,,,false,false,false,false,false,-83.17613,42.38363,"{
  ""coordinates"": [
    -8.317613509900001e+01,
    4.238362632600010e+01
  ],
  ""type"": ""Point""
}","{
  ""coordinates"": [
    -83.176135099,
    42.383626326
  ],
  ""type"": ""Point""
}",-83.176135099,42.3836263260001
9841,9758500,FENKELL,WARWICK,2016-07-28,28,7,2016,15,5,4,9,,2,0,,1,1,1,30,2,2,2,5,0,0,0,0,true,,true,false,false,false,false,,,,,,false,false,false,,,false,false,false,false,false,-83.22886,42.40085,"{
  ""coordinates"": [
    -8.322885623600000e+01,
    4.240085150300010e+01
  ],
  ""type"": ""Point""
}","{
  ""coordinates"": [
    -83.228856236,
    42.400851503
  ],
  ""type"": ""Point""
}",-83.228856236,42.4008515030001
9842,9758485,LIVERNOIS,CLAYTON,2016-07-28,28,7,2016,10,5,8,9,,4,0,,1,1,1,35,7,2,2,5,0,0,0,0,true,,false,false,false,false,false,,,,,,false,false,false,,,false,false,false,false,false,-83.11874,42.32892,"{
  ""coordinates"": [
    -8.311874209699990e+01,
    4.232892116600000e+01
  ],
  ""type"": ""Point""
}","{
  ""coordinates"": [
    -83.118742097,
    42.328921166
  ],
  ""type"": ""Point""
}",-83.1187420969999,42.328921166
9843,9759637,GREENFIELD,JAMES COUZENS,2016-07-28,28,7,2016,15,5,5,7,,1,0,,1,1,1,30,3,2,1,5,0,0,0,0,true,,false,false,false,false,false,,,,,,false,true,false,,,false,false,false,false,false,-83.20041,42.44269,"{
  ""coordinates"": [
    -8.320040539000000e+01,
    4.244268748600010e+01
  ],
  ""type"": ""Point""
}","{
  ""coordinates"": [
    -83.20040539,
    42.442687486
  ],
  ""type"": ""Point""
}",-83.20040539,42.4426874860001
9844,9759690,LIVERNOIS,EWALD,2016-07-28,28,7,2016,8,5,8,9,,4,0,,1,1,1,35,1,2,2,5,0,0,0,0,true,,false,false,false,false,false,,,,,,false,true,false,,,false,false,false,false,false,-83.13966,42.39177,"{
  ""coordinates"": [
    -8.313965593800000e+01,
    4.239176702800010e+01
  ],
  ""type"": ""Point""
}","{
  ""coordinates"": [
    -83.139655938,
    42.391767028
  ],
  ""type"": ""Point""
}",-83.139655938,42.3917670280001
9845,9760570,OUTER,PENNINGTON,2016-07-28,28,7,2016,20,5,4,9,,2,0,,1,1,1,35,3,2,3,5,0,0,0,0,true,,false,false,false,false,false,,,,,,false,false,true,,,false,false,false,false,false,-83.14827,42.43521,"{
  ""coordinates"": [
    -8.314827117000000e+01,
    4.243520575700010e+01
  ],
  ""type"": ""Point""
}","{
  ""coordinates"": [
    -83.14827117,
    42.435205757
  ],
  ""type"": ""Point""
}",-83.14827117,42.4352057570001
9846,9759707,SORRENTO,NORFOLK,2016-07-28,28,7,2016,0,5,9,9,,,2,,1,1,4,25,1,2,1,5,0,0,0,0,true,,false,false,false,false,false,,,,,,false,false,false,,,false,false,false,false,false,-83.17444,42.44327,"{
  ""coordinates"": [
    -8.317443853299990e+01,
    4.244326668500000e+01
  ],
  ""type"": ""Point""
}","{
  ""coordinates"": [
    -83.174438533,
    42.443266685
  ],
  ""type"": ""Point""
}",-83.1744385329999,42.443266685
9847,9768677,S/B I-75,CLAY,2016-07-28,28,7,2016,12,5,8,1,,1,0,,1,1,1,55,4,2,3,3,0,0,1,2,false,,false,false,false,false,false,,,,,,false,false,false,,,false,false,false,false,false,-83.06198,42.37699,"{
  ""coordinates"": [
    -8.306197959300000e+01,
    4.237699313200010e+01
  ],
  ""type"": ""Point""
}","{
  ""coordinates"": [
    -83.061979593,
    42.376993132
  ],
  ""type"": ""Point""
}",-83.061979593,42.3769931320001
9848,9759675,JEFFERSON,VAN DYKE,2016-07-28,28,7,2016,15,5,8,9,,4,0,,1,1,1,35,7,2,1,5,0,0,0,0,true,,false,false,true,false,false,,,,,,false,false,true,,,false,false,false,false,false,-82.9949,42.35138,"{
  ""coordinates"": [
    -8.299490169700000e+01,
    4.235137772700010e+01
  ],
  ""type"": ""Point""
}","{
  ""coordinates"": [
    -82.994901697,
    42.351377727
  ],
  ""type"": ""Point""
}",-82.994901697,42.3513777270001
9849,9763132,I-94,LIVERNOIS,2016-07-28,28,7,2016,10,5,8,1,,1,0,,1,2,1,55,3,2,2,5,0,0,0,0,true,,false,false,false,false,false,,,,,,false,false,true,,,false,false,false,false,false,-83.12664,42.33676,"{
  ""coordinates"": [
    -8.312663861199999e+01,
    4.233675955200000e+01
  ],
  ""type"": ""Point""
}","{
  ""coordinates"": [
    -83.126638612,
    42.336759552
  ],
  ""type"": ""Point""
}",-83.126638612,42.336759552
9850,9758523,WARREN,BENITEAU,2016-07-28,28,7,2016,0,5,5,9,,4,0,,1,1,4,35,2,2,2,5,0,0,0,0,true,,false,false,false,false,false,,,,,,false,false,false,,,false,false,false,false,false,-82.98516,42.38679,"{
  ""coordinates"": [
    -8.298516373599990e+01,
    4.238678833800000e+01
  ],
  ""type"": ""Point""
}","{
  ""coordinates"": [
    -82.985163736,
    42.386788338
  ],
  ""type"": ""Point""
}",-82.9851637359999,42.386788338
9851,9759698,7 MILE,CLIFF,2016-07-28,28,7,2016,16,5,5,9,,4,0,,1,1,1,35,4,2,4,3,0,0,3,0,false,,false,false,true,false,false,,,,,,false,false,true,,,false,false,false,false,false,-83.0285,42.43388,"{
  ""coordinates"": [
    -8.302850433700000e+01,
    4.243388019800010e+01
  ],
  ""type"": ""Point""
}","{
  ""coordinates"": [
    -83.028504337,
    42.433880198
  ],
  ""type"": ""Point""
}",-83.028504337,42.4338801980001
9852,9759638,GREENFIELD,FENKELL,2016-07-28,28,7,2016,18,5,4,9,,2,0,,1,1,1,30,7,2,3,4,0,0,0,1,false,,false,false,false,false,false,,,,,,false,false,false,,,false,false,false,false,false,-83.19868,42.40154,"{
  ""coordinates"": [
    -8.319868808800000e+01,
    4.240154069000000e+01
  ],
  ""type"": ""Point""
}","{
  ""coordinates"": [
    -83.198688088,
    42.40154069
  ],
  ""type"": ""Point""
}",-83.198688088,42.40154069
9853,9771449,FORD,AUTO CLUB,2016-07-28,28,7,2016,17,5,4,3,,1,0,,1,1,1,50,4,3,3,5,0,0,0,0,true,,true,true,false,false,false,,,,,,false,false,true,,,false,false,false,false,false,-83.22472,42.32894,"{
  ""coordinates"": [
    -8.322471794099989e+01,
    4.232894313300010e+01
  ],
  ""type"": ""Point""
}","{
  ""coordinates"": [
    -83.224717941,
    42.328943133
  ],
  ""type"": ""Point""
}",-83.2247179409999,42.3289431330001
9854,9763191,LENORE,FRISBEE,2016-07-28,28,7,2016,16,5,10,9,,,3,,1,1,1,25,2,2,0,5,0,0,0,0,true,,false,false,true,false,false,,,,,,false,false,false,,,false,false,false,false,false,-83.28143,42.43509,"{
  ""coordinates"": [
    -8.328143527899989e+01,
    4.243508608100010e+01
  ],
  ""type"": ""Point""
}","{
  ""coordinates"": [
    -83.281435279,
    42.435086081
  ],
  ""type"": ""Point""
}",-83.2814352789999,42.4350860810001
9855,9762243,I 94,CONNER,2016-07-28,28,7,2016,11,5,8,1,,1,0,,1,1,1,55,3,2,1,5,0,0,0,0,true,,false,false,true,false,false,,,,,,false,false,false,,,false,false,false,false,false,-82.98798,42.39628,"{
  ""coordinates"": [
    -8.298797383100001e+01,
    4.239627762400000e+01
  ],
  ""type"": ""Point""
}","{
  ""coordinates"": [
    -82.987973831,
    42.396277624
  ],
  ""type"": ""Point""
}",-82.987973831,42.396277624
9856,9768708,RAMP 008B,SOUTHFIELD SERVICE DRIVE,2016-07-28,28,7,2016,18,5,5,1,,1,0,,1,1,1,0,1,2,4,5,0,0,0,0,true,,false,false,false,false,false,,,,,,false,false,true,,,false,false,false,false,false,-83.21644,42.37749,"{
  ""coordinates"": [
    -8.321644188600000e+01,
    4.237749198400010e+01
  ],
  ""type"": ""Point""
}","{
  ""coordinates"": [
    -83.216441886,
    42.377491984
  ],
  ""type"": ""Point""
}",-83.216441886,42.3774919840001
9857,9758489,NEWPORT,KERCHEVAL,2016-07-28,28,7,2016,17,5,4,9,,,0,,1,1,1,25,2,2,1,4,0,0,0,1,false,,true,false,true,false,false,,,,,,false,false,false,,,false,false,false,false,false,-82.95018,42.37787,"{
  ""coordinates"": [
    -8.295018152900001e+01,
    4.237787104100000e+01
  ],
  ""type"": ""Point""
}","{
  ""coordinates"": [
    -82.950181529,
    42.377871041
  ],
  ""type"": ""Point""
}",-82.950181529,42.377871041
9858,9758512,BURNS,CHAPIN,2016-07-28,28,7,2016,12,5,4,9,,4,0,,1,1,1,25,2,2,2,5,0,0,0,0,true,,false,false,true,false,false,,,,,,false,true,false,,,false,false,false,false,false,-83.01022,42.38311,"{
  ""coordinates"": [
    -8.301022235499990e+01,
    4.238311429500000e+01
  ],
  ""type"": ""Point""
}","{
  ""coordinates"": [
    -83.010222355,
    42.383114295
  ],
  ""type"": ""Point""
}",-83.0102223549999,42.383114295
9859,9759687,LINWOOD,OAKMAN,2016-07-28,28,7,2016,15,5,4,9,,4,0,,1,1,1,30,4,2,2,5,0,0,0,0,true,,false,false,false,false,false,,,,,,false,false,false,,,false,false,false,false,false,-83.12427,42.39636,"{
  ""coordinates"": [
    -8.312426450100000e+01,
    4.239635866700010e+01
  ],
  ""type"": ""Point""
}","{
  ""coordinates"": [
    -83.124264501,
    42.396358667
  ],
  ""type"": ""Point""
}",-83.124264501,42.3963586670001
9860,9763134,I-75,MCNICHOLS,2016-07-28,28,7,2016,9,5,5,1,,1,0,,1,2,1,70,4,2,2,5,0,0,0,0,true,,false,false,false,false,false,,,,,,false,false,false,,,false,false,false,false,false,-83.08824,42.41846,"{
  ""coordinates"": [
    -8.308824267400000e+01,
    4.241845971000000e+01
  ],
  ""type"": ""Point""
}","{
  ""coordinates"": [
    -83.088242674,
    42.41845971
  ],
  ""type"": ""Point""
}",-83.088242674,42.41845971
9861,9759705,JOHNR,7 MILE125,2016-07-28,28,7,2016,23,5,5,9,,4,0,,1,1,4,30,4,2,1,5,0,0,0,0,true,,false,false,true,false,false,,,,,,false,false,false,,,false,false,false,false,false,-83.10236,42.43193,"{
  ""coordinates"": [
    -8.310235860599990e+01,
    4.243193035000010e+01
  ],
  ""type"": ""Point""
}","{
  ""coordinates"": [
    -83.102358606,
    42.43193035
  ],
  ""type"": ""Point""
}",-83.1023586059999,42.4319303500001
9862,9759659,WARREN,LONGACRE,2016-07-28,28,7,2016,7,5,8,9,,2,0,,1,1,1,35,3,2,1,5,0,0,0,0,true,,false,false,false,false,false,,,,,,false,false,true,,,false,false,false,false,false,-83.21343,42.34341,"{
  ""coordinates"": [
    -8.321342981200000e+01,
    4.234341088800010e+01
  ],
  ""type"": ""Point""
}","{
  ""coordinates"": [
    -83.213429812,
    42.343410888
  ],
  ""type"": ""Point""
}",-83.213429812,42.3434108880001