ObjectId,Crash ID,Primary Road,Intersecting Road,Crash Date,Day,Month,Year,Hour,Weekday,Crash Type Code,Highway Classification Code,Community Code,Jurisdiction Code,Lane Departure Type Code,Surface Type,Road Condition,Weather Condition,Lighting Condition,Speed Limit,Lanes,Units,Occupants,Most Severe Injury,Fatal Injuries,Suspected Serious Injuries,Suspected Minor Injuries,Possible Injuries,Property Damage Only,Secondary Crash,Traffic Control,Red Light Run,Hit and Run,Alcohol,Drugs,Unbelted Person,Work Zone,Speeding Driver,Distracted Driver,Driveway,Pedestrian,Elderly Driver,Young Driver,Commercial Vehicle,Emergency Vehicles,Train,School Bus,Motorcycle,Bicycle,Deer,Longitude,Latitude,geom,geog,x,y
9977,9757555,WOODWARD,GRAND RIVER,2016-07-26,26,7,2016,20,3,97,9,,4,0,,1,1,4,0,4,2,1,5,0,0,0,0,true,,false,false,true,false,false,,,,,,false,false,false,,,false,false,false,false,false,-83.04887,42.33426,"{
  ""coordinates"": [
    -8.304887676399990e+01,
    4.233426444200010e+01
  ],
  ""type"": ""Point""
}","{
  ""coordinates"": [
    -83.048876764,
    42.334264442
  ],
  ""type"": ""Point""
}",-83.0488767639999,42.3342644420001
9978,9768751,W/B I 94,FRONTENAC,2016-07-26,26,7,2016,0,3,5,1,,1,0,,1,1,4,55,3,2,2,4,0,0,0,1,false,,false,false,true,true,false,,,,,,false,false,false,,,false,false,false,false,false,-83.02599,42.38498,"{
  ""coordinates"": [
    -8.302599206300000e+01,
    4.238497747400000e+01
  ],
  ""type"": ""Point""
}","{
  ""coordinates"": [
    -83.025992063,
    42.384977474
  ],
  ""type"": ""Point""
}",-83.025992063,42.384977474
9979,9756621,HOOVER,STATE FAIR,2016-07-26,26,7,2016,15,3,5,3,,1,0,,1,1,1,30,2,3,3,5,0,0,0,0,true,,false,false,false,false,true,,,,,,false,false,false,,,false,false,false,false,false,-83.00496,42.44171,"{
  ""coordinates"": [
    -8.300495552300001e+01,
    4.244170902600010e+01
  ],
  ""type"": ""Point""
}","{
  ""coordinates"": [
    -83.004955523,
    42.441709026
  ],
  ""type"": ""Point""
}",-83.004955523,42.4417090260001
9980,9758453,M-10,WEBB,2016-07-26,26,7,2016,15,3,5,3,,1,0,,1,1,1,55,3,2,4,4,0,0,0,1,false,,false,false,false,false,false,,,,,,false,false,true,,,false,false,false,false,false,-83.10162,42.3871,"{
  ""coordinates"": [
    -8.310161313299990e+01,
    4.238709979100000e+01
  ],
  ""type"": ""Point""
}","{
  ""coordinates"": [
    -83.101613133,
    42.387099791
  ],
  ""type"": ""Point""
}",-83.1016131329999,42.387099791
9981,9758458,I-96,MENDOTA,2016-07-26,26,7,2016,16,3,5,9,,4,0,,1,1,1,55,4,2,2,4,0,0,0,1,false,,false,false,false,false,false,,,,,,false,false,false,,,false,false,false,false,false,-83.16618,42.38483,"{
  ""coordinates"": [
    -8.316617827700000e+01,
    4.238482751800010e+01
  ],
  ""type"": ""Point""
}","{
  ""coordinates"": [
    -83.166178277,
    42.384827518
  ],
  ""type"": ""Point""
}",-83.166178277,42.3848275180001
9982,9758454,I-96,WARREN,2016-07-26,26,7,2016,16,3,8,1,,1,0,,1,1,1,70,4,2,4,5,0,0,0,0,true,,false,false,true,false,false,,,,,,false,false,false,,,false,false,false,false,false,-83.09422,42.34244,"{
  ""coordinates"": [
    -8.309422434500000e+01,
    4.234244038400000e+01
  ],
  ""type"": ""Point""
}","{
  ""coordinates"": [
    -83.094224345,
    42.342440384
  ],
  ""type"": ""Point""
}",-83.094224345,42.342440384
9983,9756610,CONNER,WARREN,2016-07-26,26,7,2016,16,3,5,9,,4,0,,1,1,1,35,6,3,2,5,0,0,0,0,true,,false,false,false,false,false,,,,,,false,false,true,,,false,false,false,false,false,-82.97602,42.38929,"{
  ""coordinates"": [
    -8.297601999100000e+01,
    4.238928609500000e+01
  ],
  ""type"": ""Point""
}","{
  ""coordinates"": [
    -82.976019991,
    42.389286095
  ],
  ""type"": ""Point""
}",-82.976019991,42.389286095
9984,9758507,HEYDEN,PICKFORD,2016-07-26,26,7,2016,8,3,1,9,,,1,,1,1,1,25,2,1,1,4,0,0,0,1,false,,false,false,false,false,false,,,,,,false,false,true,,,false,false,false,false,false,-83.24051,42.42389,"{
  ""coordinates"": [
    -8.324050875899999e+01,
    4.242388970400000e+01
  ],
  ""type"": ""Point""
}","{
  ""coordinates"": [
    -83.240508759,
    42.423889704
  ],
  ""type"": ""Point""
}",-83.240508759,42.423889704
9985,9763115,N M 10,E I 94,2016-07-26,26,7,2016,18,3,5,3,,1,0,,1,1,1,55,3,2,2,5,0,0,0,0,true,,false,false,false,false,false,,,,,,false,false,true,,,false,false,false,false,false,-83.07614,42.35926,"{
  ""coordinates"": [
    -8.307614183500000e+01,
    4.235926110000000e+01
  ],
  ""type"": ""Point""
}","{
  ""coordinates"": [
    -83.076141835,
    42.3592611
  ],
  ""type"": ""Point""
}",-83.076141835,42.3592611
9986,9768857,GRAND,BEAUBIEN,2016-07-26,26,7,2016,14,3,5,9,,4,0,,1,1,1,0,4,2,3,5,0,0,0,0,true,,false,false,false,false,false,,,,,,false,false,true,,,false,false,false,false,false,-83.06786,42.37238,"{
  ""coordinates"": [
    -8.306786009599990e+01,
    4.237237749300000e+01
  ],
  ""type"": ""Point""
}","{
  ""coordinates"": [
    -83.067860096,
    42.372377493
  ],
  ""type"": ""Point""
}",-83.0678600959999,42.372377493
9987,9788377,GLOBE,MONICA,2016-07-26,26,7,2016,21,3,8,9,,,0,,1,1,4,25,2,2,1,3,0,0,1,0,false,,false,false,false,true,false,,,,,,false,false,false,,,false,false,false,false,false,-83.14371,42.40671,"{
  ""coordinates"": [
    -8.314371763000000e+01,
    4.240670624600010e+01
  ],
  ""type"": ""Point""
}","{
  ""coordinates"": [
    -83.14371763,
    42.406706246
  ],
  ""type"": ""Point""
}",-83.14371763,42.4067062460001
9988,9758440,I-94,CHALMERS,2016-07-26,26,7,2016,17,3,5,1,,1,0,,1,1,1,55,3,2,2,5,0,0,0,0,true,,false,false,false,false,false,,,,,,false,false,false,,,false,false,false,false,false,-82.96603,42.40319,"{
  ""coordinates"": [
    -8.296603683599990e+01,
    4.240318750100000e+01
  ],
  ""type"": ""Point""
}","{
  ""coordinates"": [
    -82.966036836,
    42.403187501
  ],
  ""type"": ""Point""
}",-82.9660368359999,42.403187501
9989,9768874,12020 LAKEPOINTE,MOROSS,2016-07-26,26,7,2016,13,3,8,9,,,3,,1,1,1,25,2,2,1,5,0,0,0,0,true,,false,false,true,false,false,,,,,,false,false,false,,,false,false,false,false,false,-82.9439,42.43035,"{
  ""coordinates"": [
    -8.294390479299990e+01,
    4.243034774300000e+01
  ],
  ""type"": ""Point""
}","{
  ""coordinates"": [
    -82.943904793,
    42.430347743
  ],
  ""type"": ""Point""
}",-82.9439047929999,42.430347743
9990,9758470,BRUSH,MADISON,2016-07-26,26,7,2016,14,3,1,9,,4,0,,1,1,1,25,3,1,1,5,0,0,0,0,true,,false,false,false,false,false,,,,,,false,false,false,,,false,false,false,false,false,-83.04568,42.33735,"{
  ""coordinates"": [
    -8.304568003500000e+01,
    4.233734850500010e+01
  ],
  ""type"": ""Point""
}","{
  ""coordinates"": [
    -83.045680035,
    42.337348505
  ],
  ""type"": ""Point""
}",-83.045680035,42.3373485050001
9991,9764009,M-10,CALVERT,2016-07-26,26,7,2016,18,3,5,3,,1,0,,1,1,1,55,3,2,2,5,0,0,0,0,true,,false,false,false,false,false,,,,,,false,false,true,,,false,false,false,false,false,-83.09937,42.38433,"{
  ""coordinates"": [
    -8.309936239400000e+01,
    4.238433038800010e+01
  ],
  ""type"": ""Point""
}","{
  ""coordinates"": [
    -83.099362394,
    42.384330388
  ],
  ""type"": ""Point""
}",-83.099362394,42.3843303880001
9992,9778020,W I 96,CONSOLIDATED RAIL CORPORATION,2016-07-26,26,7,2016,17,3,1,1,,1,1,,1,1,1,70,1,1,1,5,0,0,0,0,true,,false,false,false,false,false,,,,,,false,true,false,,,false,false,false,false,false,-83.18561,42.38155,"{
  ""coordinates"": [
    -8.318560458000000e+01,
    4.238154422400000e+01
  ],
  ""type"": ""Point""
}","{
  ""coordinates"": [
    -83.18560458,
    42.381544224
  ],
  ""type"": ""Point""
}",-83.18560458,42.381544224
9993,9758451,W I 94,RAMP 218C,2016-07-26,26,7,2016,8,3,5,1,,1,0,,1,1,2,55,3,2,3,5,0,0,0,0,true,,false,false,false,false,false,,,,,,false,false,true,,,false,false,false,false,false,-83.01644,42.38769,"{
  ""coordinates"": [
    -8.301644054600000e+01,
    4.238768866200010e+01
  ],
  ""type"": ""Point""
}","{
  ""coordinates"": [
    -83.016440546,
    42.387688662
  ],
  ""type"": ""Point""
}",-83.016440546,42.3876886620001
9994,9764102,WYOMING,FENKELL,2016-07-26,26,7,2016,8,3,9,9,,4,2,,1,1,1,35,5,2,1,5,0,0,0,0,true,,false,false,true,false,false,,,,,,false,false,false,,,false,false,false,false,false,-83.1597,42.40292,"{
  ""coordinates"": [
    -8.315970153599990e+01,
    4.240291890700010e+01
  ],
  ""type"": ""Point""
}","{
  ""coordinates"": [
    -83.159701536,
    42.402918907
  ],
  ""type"": ""Point""
}",-83.1597015359999,42.4029189070001
9995,9756601,JOY,LIVERNOIS,2016-07-26,26,7,2016,18,3,5,9,,4,0,,1,1,1,30,2,2,4,4,0,0,0,1,false,,false,false,false,false,false,,,,,,false,false,false,,,false,false,false,false,false,-83.13913,42.35935,"{
  ""coordinates"": [
    -8.313912607899989e+01,
    4.235935031000000e+01
  ],
  ""type"": ""Point""
}","{
  ""coordinates"": [
    -83.139126079,
    42.35935031
  ],
  ""type"": ""Point""
}",-83.1391260789999,42.35935031
9996,9757585,MOUND,HILDALE,2016-07-26,26,7,2016,21,3,8,9,,2,0,,1,1,4,35,4,2,1,5,0,0,0,0,true,,false,false,true,false,false,,,,,,false,false,false,,,false,false,false,false,false,-83.04323,42.43021,"{
  ""coordinates"": [
    -8.304322740399989e+01,
    4.243021371200010e+01
  ],
  ""type"": ""Point""
}","{
  ""coordinates"": [
    -83.043227404,
    42.430213712
  ],
  ""type"": ""Point""
}",-83.0432274039999,42.4302137120001
9997,9905960,LARKINS,HORATIO,2016-07-26,26,7,2016,3,3,8,9,,,0,,1,1,5,25,1,2,0,5,0,0,0,0,true,,false,false,true,false,false,,,,,,false,false,false,,,false,false,false,false,false,-83.13158,42.33273,"{
  ""coordinates"": [
    -8.313157894499990e+01,
    4.233272465600000e+01
  ],
  ""type"": ""Point""
}","{
  ""coordinates"": [
    -83.131578945,
    42.332724656
  ],
  ""type"": ""Point""
}",-83.1315789449999,42.332724656
9998,9758495,LAHSER,7 MILE,2016-07-26,26,7,2016,14,3,4,9,,2,0,,1,1,1,35,2,2,3,4,0,0,0,1,false,,true,true,false,false,false,,,,,,false,false,true,,,false,false,false,false,false,-83.25829,42.42912,"{
  ""coordinates"": [
    -8.325828370300000e+01,
    4.242911800900000e+01
  ],
  ""type"": ""Point""
}","{
  ""coordinates"": [
    -83.258283703,
    42.429118009
  ],
  ""type"": ""Point""
}",-83.258283703,42.429118009
9999,9757567,CLARK,MICHIGAN,2016-07-26,26,7,2016,21,3,1,2,,4,1,,1,1,4,30,2,1,1,2,0,1,0,0,false,,false,false,false,false,false,,,,,,false,false,false,,,false,false,true,false,false,-83.10261,42.33076,"{
  ""coordinates"": [
    -8.310260621700000e+01,
    4.233076395100010e+01
  ],
  ""type"": ""Point""
}","{
  ""coordinates"": [
    -83.102606217,
    42.330763951
  ],
  ""type"": ""Point""
}",-83.102606217,42.3307639510001
10000,9759709,WOODWARD,8 MILE SERVICE DRIVE,2016-07-26,26,7,2016,9,3,8,3,,1,0,,1,1,1,40,4,2,2,5,0,0,0,0,true,,false,false,false,false,false,,,,,,false,true,false,,,false,false,false,false,false,-83.12476,42.44613,"{
  ""coordinates"": [
    -8.312476619499991e+01,
    4.244612957300010e+01
  ],
  ""type"": ""Point""
}","{
  ""coordinates"": [
    -83.124766195,
    42.446129573
  ],
  ""type"": ""Point""
}",-83.1247661949999,42.4461295730001
10001,9758475,WASHINGTON,GRAND RIVER,2016-07-26,26,7,2016,20,3,4,9,,4,0,,1,1,1,35,2,2,4,5,0,0,0,0,true,,false,false,false,false,false,,,,,,false,false,false,,,false,false,false,false,false,-83.05119,42.33367,"{
  ""coordinates"": [
    -8.305118219900000e+01,
    4.233366780300000e+01
  ],
  ""type"": ""Point""
}","{
  ""coordinates"": [
    -83.051182199,
    42.333667803
  ],
  ""type"": ""Point""
}",-83.051182199,42.333667803
10002,9757570,CROSSLEY,MELVILLE,2016-07-26,26,7,2016,14,3,98,9,,,0,,1,1,1,25,2,2,0,5,0,0,0,0,true,,false,false,true,false,false,,,,,,false,false,false,,,false,false,false,false,false,-83.11315,42.2975,"{
  ""coordinates"": [
    -8.311315334900000e+01,
    4.229750057700010e+01
  ],
  ""type"": ""Point""
}","{
  ""coordinates"": [
    -83.113153349,
    42.297500577
  ],
  ""type"": ""Point""
}",-83.113153349,42.2975005770001
10003,9759684,DAVISON,EWALD,2016-07-26,26,7,2016,15,3,98,3,,1,0,,1,1,1,35,3,2,2,5,0,0,0,0,true,,false,false,false,false,false,,,,,,false,false,false,,,false,false,false,false,false,-83.1451,42.38641,"{
  ""coordinates"": [
    -8.314510605700001e+01,
    4.238640871900000e+01
  ],
  ""type"": ""Point""
}","{
  ""coordinates"": [
    -83.145106057,
    42.386408719
  ],
  ""type"": ""Point""
}",-83.145106057,42.386408719
10004,9757569,MORRELL,VERNOR,2016-07-26,26,7,2016,13,3,8,9,,,0,,1,1,1,0,3,2,1,5,0,0,0,0,true,,false,false,true,false,false,,,,,,false,false,false,,,false,false,false,false,false,-83.10053,42.31812,"{
  ""coordinates"": [
    -8.310052900800000e+01,
    4.231811616900010e+01
  ],
  ""type"": ""Point""
}","{
  ""coordinates"": [
    -83.100529008,
    42.318116169
  ],
  ""type"": ""Point""
}",-83.100529008,42.3181161690001
10005,9758452,M-39,GRAND RIVER,2016-07-26,26,7,2016,14,3,5,3,,1,0,,1,1,1,55,3,2,2,5,0,0,0,0,true,,false,false,false,false,false,,,,,,false,false,true,,,false,false,false,false,false,-83.21819,42.40012,"{
  ""coordinates"": [
    -8.321818930500000e+01,
    4.240011539200000e+01
  ],
  ""type"": ""Point""
}","{
  ""coordinates"": [
    -83.218189305,
    42.400115392
  ],
  ""type"": ""Point""
}",-83.218189305,42.400115392
10006,9764051,N M 39,RAMP 008M,2016-07-26,26,7,2016,5,3,4,3,,1,0,,1,1,2,55,4,2,2,5,0,0,0,0,true,,false,false,false,false,false,,,,,,false,false,false,,,false,false,false,false,false,-83.21694,42.37892,"{
  ""coordinates"": [
    -8.321693891000000e+01,
    4.237892256000000e+01
  ],
  ""type"": ""Point""
}","{
  ""coordinates"": [
    -83.21693891,
    42.37892256
  ],
  ""type"": ""Point""
}",-83.21693891,42.37892256
10007,9759711,WARREN,VAN DYKE,2016-07-26,26,7,2016,9,3,8,9,,4,0,,1,1,1,30,3,2,2,5,0,0,0,0,true,,false,false,false,false,false,,,,,,false,false,false,,,false,false,false,false,false,-83.0125,42.37601,"{
  ""coordinates"": [
    -8.301250163700000e+01,
    4.237600557300000e+01
  ],
  ""type"": ""Point""
}","{
  ""coordinates"": [
    -83.012501637,
    42.376005573
  ],
  ""type"": ""Point""
}",-83.012501637,42.376005573
10008,9783186,DALZELLE,VERMONT,2016-07-26,26,7,2016,23,3,4,9,,,0,,1,1,4,0,8,2,3,5,0,0,0,0,true,,false,false,false,false,false,,,,,,false,false,false,,,false,false,false,false,false,-83.07265,42.33043,"{
  ""coordinates"": [
    -8.307265554100000e+01,
    4.233042485400010e+01
  ],
  ""type"": ""Point""
}","{
  ""coordinates"": [
    -83.072655541,
    42.330424854
  ],
  ""type"": ""Point""
}",-83.072655541,42.3304248540001
10009,9756593,DICKERSON,JEFFERSON,2016-07-26,26,7,2016,13,3,5,9,,4,0,,1,1,1,25,5,3,4,5,0,0,0,0,true,,false,false,false,false,false,,,,,,false,true,false,,,false,false,false,false,false,-82.95277,42.37061,"{
  ""coordinates"": [
    -8.295276414900000e+01,
    4.237061397200010e+01
  ],
  ""type"": ""Point""
}","{
  ""coordinates"": [
    -82.952764149,
    42.370613972
  ],
  ""type"": ""Point""
}",-82.952764149,42.3706139720001
10010,9758499,VERNE,BEAVERLAND,2016-07-26,26,7,2016,16,3,1,9,,,0,,1,2,1,25,1,2,2,4,0,0,0,1,false,,false,false,true,false,false,,,,,,false,false,false,,,false,false,false,true,false,-83.26585,42.41114,"{
  ""coordinates"": [
    -8.326585489300000e+01,
    4.241114342100010e+01
  ],
  ""type"": ""Point""
}","{
  ""coordinates"": [
    -83.265854893,
    42.411143421
  ],
  ""type"": ""Point""
}",-83.265854893,42.4111434210001
10011,9757586,OUTER,MARK TWAIN,2016-07-26,26,7,2016,21,3,4,9,,2,0,,1,1,5,35,3,2,2,5,0,0,0,0,true,,false,false,false,false,false,,,,,,false,false,true,,,false,false,false,false,false,-83.18735,42.41998,"{
  ""coordinates"": [
    -8.318734571800000e+01,
    4.241997960400000e+01
  ],
  ""type"": ""Point""
}","{
  ""coordinates"": [
    -83.187345718,
    42.419979604
  ],
  ""type"": ""Point""
}",-83.187345718,42.419979604
10012,9757582,GUNSTON,CAMDEN,2016-07-26,26,7,2016,18,3,4,9,,,0,,1,1,1,30,2,2,2,5,0,0,0,0,true,,false,false,true,false,false,,,,,,false,false,false,,,false,false,false,false,false,-82.98846,42.39942,"{
  ""coordinates"": [
    -8.298845936500000e+01,
    4.239942245200010e+01
  ],
  ""type"": ""Point""
}","{
  ""coordinates"": [
    -82.988459365,
    42.399422452
  ],
  ""type"": ""Point""
}",-82.988459365,42.3994224520001
10013,9757571,HORATIO,LARKINS,2016-07-26,26,7,2016,2,3,98,9,,,0,,1,1,98,25,2,2,0,5,0,0,0,0,true,,false,false,true,false,false,,,,,,false,false,false,,,false,false,false,false,false,-83.13168,42.33275,"{
  ""coordinates"": [
    -8.313168589199999e+01,
    4.233274744900010e+01
  ],
  ""type"": ""Point""
}","{
  ""coordinates"": [
    -83.131685892,
    42.332747449
  ],
  ""type"": ""Point""
}",-83.131685892,42.3327474490001
10014,9759670,JEFFERSON,BEAUFAIT,2016-07-26,26,7,2016,13,3,5,9,,4,0,,1,1,1,30,8,2,5,4,0,0,0,2,false,,false,false,false,false,false,,,,,,false,false,false,,,false,false,false,false,false,-83.00745,42.34478,"{
  ""coordinates"": [
    -8.300744611099999e+01,
    4.234477567000000e+01
  ],
  ""type"": ""Point""
}","{
  ""coordinates"": [
    -83.007446111,
    42.34477567
  ],
  ""type"": ""Point""
}",-83.007446111,42.34477567
10015,9756624,NORTHLAWN,PICKFORD,2016-07-26,26,7,2016,21,3,4,9,,,0,,1,1,4,25,1,2,4,5,0,0,0,0,true,,false,false,true,false,false,,,,,,false,false,false,,,false,false,false,false,false,-83.15409,42.42604,"{
  ""coordinates"": [
    -8.315408925700000e+01,
    4.242603855600000e+01
  ],
  ""type"": ""Point""
}","{
  ""coordinates"": [
    -83.154089257,
    42.426038556
  ],
  ""type"": ""Point""
}",-83.154089257,42.426038556
10016,9756619,MAPLERIDGE,CELESTINE,2016-07-26,26,7,2016,18,3,4,9,,,0,,1,1,1,25,2,2,2,5,0,0,0,0,true,,false,false,true,false,false,,,,,,false,false,true,,,false,false,false,false,false,-82.97255,42.42907,"{
  ""coordinates"": [
    -8.297254897600000e+01,
    4.242906616600000e+01
  ],
  ""type"": ""Point""
}","{
  ""coordinates"": [
    -82.972548976,
    42.429066166
  ],
  ""type"": ""Point""
}",-82.972548976,42.429066166
10017,9758479,FORT,GRISWOLD,2016-07-26,26,7,2016,13,3,8,3,,1,0,,1,1,1,25,6,2,2,5,0,0,0,0,true,,false,false,false,false,false,,,,,,false,false,false,,,false,false,false,false,false,-83.04765,42.3306,"{
  ""coordinates"": [
    -8.304764255700000e+01,
    4.233060208100010e+01
  ],
  ""type"": ""Point""
}","{
  ""coordinates"": [
    -83.047642557,
    42.330602081
  ],
  ""type"": ""Point""
}",-83.047642557,42.3306020810001
10018,9759623,I-96,WARREN,2016-07-26,26,7,2016,16,3,8,1,,1,0,,1,1,1,55,4,2,3,5,0,0,0,0,true,,false,false,true,false,false,,,,,,false,false,false,,,false,false,false,false,false,-83.09599,42.34541,"{
  ""coordinates"": [
    -8.309598397799989e+01,
    4.234540978400000e+01
  ],
  ""type"": ""Point""
}","{
  ""coordinates"": [
    -83.095983978,
    42.345409784
  ],
  ""type"": ""Point""
}",-83.0959839779999,42.345409784
10019,9759671,GRAND,RUSSELL,2016-07-26,26,7,2016,16,3,8,9,,4,0,,1,1,1,35,3,2,2,5,0,0,0,0,true,,false,false,false,false,false,,,,,,false,false,false,,,false,false,false,false,false,-83.05931,42.37515,"{
  ""coordinates"": [
    -8.305931227100000e+01,
    4.237514706400000e+01
  ],
  ""type"": ""Point""
}","{
  ""coordinates"": [
    -83.059312271,
    42.375147064
  ],
  ""type"": ""Point""
}",-83.059312271,42.375147064
10020,9758457,I-94,30TH,2016-07-26,26,7,2016,7,3,5,1,,1,0,,1,1,1,55,3,2,2,4,0,0,0,1,false,,false,false,false,false,false,,,,,,false,false,true,,,false,false,false,false,false,-83.11835,42.34032,"{
  ""coordinates"": [
    -8.311835228299999e+01,
    4.234032164700010e+01
  ],
  ""type"": ""Point""
}","{
  ""coordinates"": [
    -83.118352283,
    42.340321647
  ],
  ""type"": ""Point""
}",-83.118352283,42.3403216470001
10021,9759642,WINDER,JOHN R,2016-07-26,26,7,2016,7,3,4,9,,,0,,1,1,1,25,2,2,2,4,0,0,0,2,false,,false,false,false,false,false,,,,,,false,false,false,,,false,false,false,false,false,-83.05097,42.34174,"{
  ""coordinates"": [
    -8.305097356499989e+01,
    4.234174058800010e+01
  ],
  ""type"": ""Point""
}","{
  ""coordinates"": [
    -83.050973565,
    42.341740588
  ],
  ""type"": ""Point""
}",-83.0509735649999,42.3417405880001
10022,9783814,HICKORY,PINEWOOD,2016-07-26,26,7,2016,2,3,4,9,,,0,,1,1,4,25,1,2,2,4,0,0,0,1,false,,false,false,false,false,false,,,,,,false,false,false,,,false,false,false,false,false,-82.98767,42.43852,"{
  ""coordinates"": [
    -8.298767018400000e+01,
    4.243851804900000e+01
  ],
  ""type"": ""Point""
}","{
  ""coordinates"": [
    -82.987670184,
    42.438518049
  ],
  ""type"": ""Point""
}",-82.987670184,42.438518049
10023,9758508,OUTER,WINTHROP,2016-07-26,26,7,2016,12,3,4,9,,2,0,,1,1,1,35,4,2,2,5,0,0,0,0,true,,false,false,false,false,false,,,,,,false,false,false,,,false,false,false,false,false,-83.20085,42.41943,"{
  ""coordinates"": [
    -8.320085434399989e+01,
    4.241942748000000e+01
  ],
  ""type"": ""Point""
}","{
  ""coordinates"": [
    -83.200854344,
    42.41942748
  ],
  ""type"": ""Point""
}",-83.2008543439999,42.41942748
10024,9756609,CONNER,EUGENE,2016-07-26,26,7,2016,19,3,8,9,,4,0,,1,1,1,30,5,2,6,5,0,0,0,0,true,,false,false,false,false,false,,,,,,false,false,false,,,false,false,false,false,false,-82.97355,42.3884,"{
  ""coordinates"": [
    -8.297355209300000e+01,
    4.238839765900010e+01
  ],
  ""type"": ""Point""
}","{
  ""coordinates"": [
    -82.973552093,
    42.388397659
  ],
  ""type"": ""Point""
}",-82.973552093,42.3883976590001
10025,9757574,CAMDEN,BARRETT,2016-07-26,26,7,2016,18,3,4,9,,,0,,1,1,1,25,3,2,3,5,0,0,0,0,true,,true,false,true,false,false,,,,,,false,true,false,,,false,false,false,false,false,-82.98546,42.40042,"{
  ""coordinates"": [
    -8.298546026199990e+01,
    4.240042560200000e+01
  ],
  ""type"": ""Point""
}","{
  ""coordinates"": [
    -82.985460262,
    42.400425602
  ],
  ""type"": ""Point""
}",-82.9854602619999,42.400425602
10026,9758459,I-75,WILKINS,2016-07-26,26,7,2016,17,3,5,1,,1,0,,1,1,1,55,4,2,2,5,0,0,0,0,true,,false,false,false,false,false,,,,,,false,false,false,,,false,false,false,false,false,-83.04504,42.34699,"{
  ""coordinates"": [
    -8.304503649999999e+01,
    4.234699045000010e+01
  ],
  ""type"": ""Point""
}","{
  ""coordinates"": [
    -83.0450365,
    42.34699045
  ],
  ""type"": ""Point""
}",-83.0450365,42.3469904500001
10027,9756606,WOODWARD,FOREST,2016-07-26,26,7,2016,19,3,8,3,,1,0,,1,1,1,30,4,2,2,5,0,0,0,0,true,,false,false,false,false,false,,,,,,false,false,false,,,false,false,false,false,false,-83.06286,42.35456,"{
  ""coordinates"": [
    -8.306286166800000e+01,
    4.235456168700010e+01
  ],
  ""type"": ""Point""
}","{
  ""coordinates"": [
    -83.062861668,
    42.354561687
  ],
  ""type"": ""Point""
}",-83.062861668,42.3545616870001
10028,9758502,SOUTHFIELD SERVICE DRIVE,7 MILE,2016-07-26,26,7,2016,9,3,5,9,,4,0,,1,1,1,55,3,2,1,5,0,0,0,0,true,,false,false,true,false,false,,,,,,false,false,false,,,false,false,false,false,false,-83.21889,42.43004,"{
  ""coordinates"": [
    -8.321888479700000e+01,
    4.243004025200000e+01
  ],
  ""type"": ""Point""
}","{
  ""coordinates"": [
    -83.218884797,
    42.430040252
  ],
  ""type"": ""Point""
}",-83.218884797,42.430040252
10029,9756603,MACK,JOHN R,2016-07-25,25,7,2016,22,2,1,9,,4,0,,1,1,4,35,5,2,2,4,0,0,0,1,false,,false,false,false,false,false,,,,,,false,false,false,,,false,false,false,true,false,-83.05596,42.3484,"{
  ""coordinates"": [
    -8.305596328500000e+01,
    4.234840127200000e+01
  ],
  ""type"": ""Point""
}","{
  ""coordinates"": [
    -83.055963285,
    42.348401272
  ],
  ""type"": ""Point""
}",-83.055963285,42.348401272
10030,9755906,PURITAN,SCHAEFER,2016-07-25,25,7,2016,6,2,4,9,,4,0,,2,2,1,30,4,2,2,5,0,0,0,0,true,,false,false,false,false,false,,,,,,false,false,false,,,false,false,false,false,false,-83.1796,42.40936,"{
  ""coordinates"": [
    -8.317959405900000e+01,
    4.240935540100000e+01
  ],
  ""type"": ""Point""
}","{
  ""coordinates"": [
    -83.179594059,
    42.409355401
  ],
  ""type"": ""Point""
}",-83.179594059,42.409355401
10031,9754968,E I 94,LUCKY,2016-07-25,25,7,2016,7,2,5,1,,1,0,,2,2,2,55,3,2,2,5,0,0,0,0,true,,false,false,false,false,false,,,,,,false,false,false,,,false,false,false,false,false,-83.03741,42.37757,"{
  ""coordinates"": [
    -8.303741390000000e+01,
    4.237756819100010e+01
  ],
  ""type"": ""Point""
}","{
  ""coordinates"": [
    -83.0374139,
    42.377568191
  ],
  ""type"": ""Point""
}",-83.0374139,42.3775681910001
10032,9754963,RAMP 137B,E I 96 SERVICE DRIVE,2016-07-25,25,7,2016,6,2,1,1,,1,1,,2,2,2,70,4,1,2,3,0,0,1,1,false,,false,false,false,false,false,,,,,,false,false,false,,,false,false,false,false,false,-83.17368,42.38363,"{
  ""coordinates"": [
    -8.317368163400000e+01,
    4.238363398300000e+01
  ],
  ""type"": ""Point""
}","{
  ""coordinates"": [
    -83.173681634,
    42.383633983
  ],
  ""type"": ""Point""
}",-83.173681634,42.383633983
10033,9758448,RAMP 122A,RAMP 122I,2016-07-25,25,7,2016,12,2,1,1,,1,1,,1,1,1,55,1,1,1,5,0,0,0,0,true,,false,false,false,false,false,,,,,,false,true,false,,,false,false,false,false,false,-83.06685,42.33524,"{
  ""coordinates"": [
    -8.306685202900000e+01,
    4.233523609900000e+01
  ],
  ""type"": ""Point""
}","{
  ""coordinates"": [
    -83.066852029,
    42.335236099
  ],
  ""type"": ""Point""
}",-83.066852029,42.335236099