ObjectId,Crash ID,Primary Road,Intersecting Road,Crash Date,Day,Month,Year,Hour,Weekday,Crash Type Code,Highway Classification Code,Community Code,Jurisdiction Code,Lane Departure Type Code,Surface Type,Road Condition,Weather Condition,Lighting Condition,Speed Limit,Lanes,Units,Occupants,Most Severe Injury,Fatal Injuries,Suspected Serious Injuries,Suspected Minor Injuries,Possible Injuries,Property Damage Only,Secondary Crash,Traffic Control,Red Light Run,Hit and Run,Alcohol,Drugs,Unbelted Person,Work Zone,Speeding Driver,Distracted Driver,Driveway,Pedestrian,Elderly Driver,Young Driver,Commercial Vehicle,Emergency Vehicles,Train,School Bus,Motorcycle,Bicycle,Deer,Longitude,Latitude,geom,geog,x,y
10091,9756618,GRATIOT,CORAM,2016-07-25,25,7,2016,15,2,8,3,,1,0,,1,1,1,35,4,2,3,4,0,0,0,1,false,,false,false,false,false,false,,,,,,false,false,true,,,false,false,false,false,false,-82.97563,42.43819,"{
  ""coordinates"": [
    -8.297563304800001e+01,
    4.243819262800000e+01
  ],
  ""type"": ""Point""
}","{
  ""coordinates"": [
    -82.975633048,
    42.438192628
  ],
  ""type"": ""Point""
}",-82.975633048,42.438192628
10092,9756598,CHEYENNE,EATON,2016-07-25,25,7,2016,19,2,4,9,,,0,,1,1,1,25,3,2,1,4,0,0,0,1,false,,false,false,true,false,false,,,,,,false,false,false,,,false,false,false,false,false,-83.17458,42.3973,"{
  ""coordinates"": [
    -8.317457416100000e+01,
    4.239730286900000e+01
  ],
  ""type"": ""Point""
}","{
  ""coordinates"": [
    -83.174574161,
    42.397302869
  ],
  ""type"": ""Point""
}",-83.174574161,42.397302869
10093,9758503,SCHOOLCRAFT,EVERGREEN,2016-07-25,25,7,2016,22,2,97,9,,2,0,,1,1,5,30,2,2,3,4,0,0,0,1,false,,false,false,false,false,false,,,,,,false,false,true,,,false,false,false,false,false,-83.23698,42.38625,"{
  ""coordinates"": [
    -8.323698119900000e+01,
    4.238624917100000e+01
  ],
  ""type"": ""Point""
}","{
  ""coordinates"": [
    -83.236981199,
    42.386249171
  ],
  ""type"": ""Point""
}",-83.236981199,42.386249171
10094,9754967,I-75,VERNOR,2016-07-25,25,7,2016,6,2,1,1,,1,1,,2,4,2,55,3,1,1,5,0,0,0,0,true,,false,false,false,false,false,,,,,,false,false,false,,,false,false,false,false,false,-83.12712,42.29452,"{
  ""coordinates"": [
    -8.312712103299999e+01,
    4.229451602300000e+01
  ],
  ""type"": ""Point""
}","{
  ""coordinates"": [
    -83.127121033,
    42.294516023
  ],
  ""type"": ""Point""
}",-83.127121033,42.294516023
10095,9757564,MCGRAW,CENTRAL,2016-07-25,25,7,2016,18,2,97,9,,4,0,,1,1,1,25,4,3,5,5,0,0,0,0,true,,false,false,true,false,false,,,,,,false,false,false,,,false,false,false,false,false,-83.14073,42.33551,"{
  ""coordinates"": [
    -8.314073507400001e+01,
    4.233550536900000e+01
  ],
  ""type"": ""Point""
}","{
  ""coordinates"": [
    -83.140735074,
    42.335505369
  ],
  ""type"": ""Point""
}",-83.140735074,42.335505369
10096,9755872,MACK,MCDOUGAL,2016-07-25,25,7,2016,15,2,5,9,,4,0,,1,1,1,30,2,3,4,4,0,0,0,2,false,,false,false,false,false,false,,,,,,false,false,false,,,false,false,false,false,false,-83.02967,42.35833,"{
  ""coordinates"": [
    -8.302967222900000e+01,
    4.235833379800000e+01
  ],
  ""type"": ""Point""
}","{
  ""coordinates"": [
    -83.029672229,
    42.358333798
  ],
  ""type"": ""Point""
}",-83.029672229,42.358333798
10097,9758449,I-94,ROSA PARKS,2016-07-25,25,7,2016,16,2,5,1,,1,0,,1,1,1,55,3,2,2,5,0,0,0,0,true,,false,false,false,false,false,,,,,,false,false,false,,,false,false,false,false,false,-83.08681,42.35397,"{
  ""coordinates"": [
    -8.308681211200000e+01,
    4.235397244300000e+01
  ],
  ""type"": ""Point""
}","{
  ""coordinates"": [
    -83.086812112,
    42.353972443
  ],
  ""type"": ""Point""
}",-83.086812112,42.353972443
10098,9755007,CHENE,E I 94,2016-07-25,25,7,2016,4,2,4,9,,4,0,,2,4,4,30,6,2,2,5,0,0,0,0,true,,true,true,false,false,false,,,,,,false,false,false,,,false,false,false,false,false,-83.04637,42.37434,"{
  ""coordinates"": [
    -8.304636959500000e+01,
    4.237434549700000e+01
  ],
  ""type"": ""Point""
}","{
  ""coordinates"": [
    -83.046369595,
    42.374345497
  ],
  ""type"": ""Point""
}",-83.046369595,42.374345497
10099,9766202,JEFFERSON,BEAUBIEN,2016-07-25,25,7,2016,16,2,5,4,,1,0,,1,1,1,35,3,2,3,5,0,0,0,0,true,,false,false,false,false,false,,,,,,false,false,false,,,false,false,false,false,false,-83.03983,42.33087,"{
  ""coordinates"": [
    -8.303982175999990e+01,
    4.233086761400010e+01
  ],
  ""type"": ""Point""
}","{
  ""coordinates"": [
    -83.03982176,
    42.330867614
  ],
  ""type"": ""Point""
}",-83.0398217599999,42.3308676140001
10100,9755849,M-39,TIREMAN,2016-07-25,25,7,2016,6,2,8,3,,1,0,,2,2,2,55,3,3,4,4,0,0,0,4,false,,false,false,false,false,false,,,,,,false,true,false,,,false,false,false,false,false,-83.2162,42.34772,"{
  ""coordinates"": [
    -8.321619955300000e+01,
    4.234771925000010e+01
  ],
  ""type"": ""Point""
}","{
  ""coordinates"": [
    -83.216199553,
    42.34771925
  ],
  ""type"": ""Point""
}",-83.216199553,42.3477192500001
10101,9762221,I 94,CHENE,2016-07-25,25,7,2016,23,2,5,1,,1,0,,1,1,4,55,4,2,2,2,0,1,0,0,false,,false,false,false,false,false,,,,,,false,false,true,,,false,false,true,false,false,-83.0499,42.37318,"{
  ""coordinates"": [
    -8.304990613800000e+01,
    4.237317620700000e+01
  ],
  ""type"": ""Point""
}","{
  ""coordinates"": [
    -83.049906138,
    42.373176207
  ],
  ""type"": ""Point""
}",-83.049906138,42.373176207
10102,9756596,S M 39 SERVICE DRIVE,WARREN,2016-07-25,25,7,2016,7,2,5,9,,4,0,,1,1,1,30,3,2,2,4,0,0,0,1,false,,false,false,false,false,false,,,,,,false,false,false,,,false,false,false,false,false,-83.21653,42.34339,"{
  ""coordinates"": [
    -8.321652744100000e+01,
    4.234338761200010e+01
  ],
  ""type"": ""Point""
}","{
  ""coordinates"": [
    -83.216527441,
    42.343387612
  ],
  ""type"": ""Point""
}",-83.216527441,42.3433876120001
10103,9877855,ST JEAN,CHARLEVOIX,2016-07-25,25,7,2016,3,2,1,9,,4,1,,1,1,4,35,2,1,1,5,0,0,0,0,true,,false,false,false,false,false,,,,,,false,false,false,,,false,false,false,false,false,-82.97534,42.37422,"{
  ""coordinates"": [
    -8.297534375700000e+01,
    4.237422283500010e+01
  ],
  ""type"": ""Point""
}","{
  ""coordinates"": [
    -82.975343757,
    42.374222835
  ],
  ""type"": ""Point""
}",-82.975343757,42.3742228350001
10104,9755891,MOUND,NEVADA,2016-07-25,25,7,2016,5,2,1,9,,2,0,,2,4,5,30,2,2,3,2,0,1,0,0,false,,false,false,false,false,false,,,,,,false,false,false,,,false,false,false,true,false,-83.04305,42.42633,"{
  ""coordinates"": [
    -8.304305142100000e+01,
    4.242632781600000e+01
  ],
  ""type"": ""Point""
}","{
  ""coordinates"": [
    -83.043051421,
    42.426327816
  ],
  ""type"": ""Point""
}",-83.043051421,42.426327816
10105,9762215,M-39,SCHOOLCRAFT,2016-07-24,24,7,2016,13,1,97,3,,1,0,,2,2,1,55,3,2,2,4,0,0,0,1,false,,false,false,false,false,false,,,,,,false,true,true,,,false,false,false,false,false,-83.21719,42.37946,"{
  ""coordinates"": [
    -8.321719128300001e+01,
    4.237946488300000e+01
  ],
  ""type"": ""Point""
}","{
  ""coordinates"": [
    -83.217191283,
    42.379464883
  ],
  ""type"": ""Point""
}",-83.217191283,42.379464883
10106,9754977,CENTRAL,VERNOR,2016-07-24,24,7,2016,14,1,4,9,,4,0,,1,2,1,25,4,2,4,5,0,0,0,0,true,,false,false,false,false,false,,,,,,false,false,true,,,false,false,false,false,false,-83.12431,42.31263,"{
  ""coordinates"": [
    -8.312430506299999e+01,
    4.231263447500000e+01
  ],
  ""type"": ""Point""
}","{
  ""coordinates"": [
    -83.124305063,
    42.312634475
  ],
  ""type"": ""Point""
}",-83.124305063,42.312634475
10107,9755712,N I 75,RAMP 030A,2016-07-24,24,7,2016,13,1,97,1,,1,0,,2,4,1,70,3,2,2,5,0,0,0,0,true,,false,false,true,false,false,,,,,,false,false,false,,,false,false,false,false,false,-83.13093,42.2903,"{
  ""coordinates"": [
    -8.313092818099990e+01,
    4.229030097600000e+01
  ],
  ""type"": ""Point""
}","{
  ""coordinates"": [
    -83.130928181,
    42.290300976
  ],
  ""type"": ""Point""
}",-83.1309281809999,42.290300976
10108,9755048,TULLER,DAVISON,2016-07-24,24,7,2016,19,1,97,9,,,0,,1,1,1,25,2,2,1,5,0,0,0,0,true,,false,false,false,false,false,,,,,,false,false,false,,,false,false,false,false,false,-83.14645,42.38704,"{
  ""coordinates"": [
    -8.314644300899990e+01,
    4.238703434400000e+01
  ],
  ""type"": ""Point""
}","{
  ""coordinates"": [
    -83.146443009,
    42.387034344
  ],
  ""type"": ""Point""
}",-83.1464430089999,42.387034344
10109,9762201,RIVERBANK,VISTA,2016-07-24,24,7,2016,18,1,97,3,,1,0,,1,2,1,25,2,2,6,5,0,0,0,0,true,,false,false,false,false,false,,,,,,false,false,false,,,false,false,false,false,false,-82.98393,42.34158,"{
  ""coordinates"": [
    -8.298393211900000e+01,
    4.234158384100000e+01
  ],
  ""type"": ""Point""
}","{
  ""coordinates"": [
    -82.983932119,
    42.341583841
  ],
  ""type"": ""Point""
}",-82.983932119,42.341583841
10110,9757552,GLADYS,DANIELS,2016-07-24,24,7,2016,20,1,2,9,,,2,,1,1,3,25,1,2,2,5,0,0,0,0,true,,false,false,false,false,false,,,,,,false,true,false,,,false,false,false,false,false,-83.13107,42.33839,"{
  ""coordinates"": [
    -8.313106176500000e+01,
    4.233838474900010e+01
  ],
  ""type"": ""Point""
}","{
  ""coordinates"": [
    -83.131061765,
    42.338384749
  ],
  ""type"": ""Point""
}",-83.131061765,42.3383847490001
10111,9908357,JEFFERSON,ST JEAN,2016-07-24,24,7,2016,15,1,8,9,,4,0,,1,1,1,45,3,2,4,5,0,0,0,0,true,,false,false,false,false,false,,,,,,false,false,false,,,false,false,false,false,false,-82.9706,42.36698,"{
  ""coordinates"": [
    -8.297060239900000e+01,
    4.236698061300010e+01
  ],
  ""type"": ""Point""
}","{
  ""coordinates"": [
    -82.970602399,
    42.366980613
  ],
  ""type"": ""Point""
}",-82.970602399,42.3669806130001
10112,9762219,I-75,DEARBORN,2016-07-24,24,7,2016,14,1,8,1,,1,0,,2,4,1,70,4,2,2,5,0,0,0,0,true,,false,false,false,false,false,,,,,,false,false,true,,,false,false,false,false,false,-83.13519,42.28854,"{
  ""coordinates"": [
    -8.313518831999990e+01,
    4.228853859200010e+01
  ],
  ""type"": ""Point""
}","{
  ""coordinates"": [
    -83.13518832,
    42.288538592
  ],
  ""type"": ""Point""
}",-83.1351883199999,42.2885385920001
10113,9755905,GRIGGS,PICKFORD,2016-07-24,24,7,2016,22,1,8,9,,,0,,1,1,4,25,1,2,1,5,0,0,0,0,true,,false,false,true,false,false,,,,,,false,false,false,,,false,false,false,false,false,-83.16402,42.42589,"{
  ""coordinates"": [
    -8.316402371100000e+01,
    4.242589216100000e+01
  ],
  ""type"": ""Point""
}","{
  ""coordinates"": [
    -83.164023711,
    42.425892161
  ],
  ""type"": ""Point""
}",-83.164023711,42.425892161
10114,9764079,BRADFORD,FINDLAY,2016-07-24,24,7,2016,23,1,4,9,,,0,,1,1,4,25,1,2,2,5,0,0,0,0,true,,true,false,false,false,false,,,,,,false,false,true,,,false,false,false,false,false,-82.99579,42.41498,"{
  ""coordinates"": [
    -8.299579146799989e+01,
    4.241497933800010e+01
  ],
  ""type"": ""Point""
}","{
  ""coordinates"": [
    -82.995791468,
    42.414979338
  ],
  ""type"": ""Point""
}",-82.9957914679999,42.4149793380001
10115,9768760,E I 96,E M 8,2016-07-24,24,7,2016,19,1,5,1,,1,0,,1,1,1,70,3,2,2,5,0,0,0,0,true,,false,false,false,false,false,,,,,,false,false,true,,,false,false,false,false,false,-83.1544,42.38507,"{
  ""coordinates"": [
    -8.315440037899999e+01,
    4.238506956900010e+01
  ],
  ""type"": ""Point""
}","{
  ""coordinates"": [
    -83.154400379,
    42.385069569
  ],
  ""type"": ""Point""
}",-83.154400379,42.3850695690001
10116,9768897,HARPER,NORCROSS,2016-07-24,24,7,2016,2,1,97,9,,4,0,,1,1,4,35,4,2,2,5,0,0,0,0,true,,false,false,true,false,false,,,,,,false,true,false,,,false,false,false,false,false,-82.98284,42.39928,"{
  ""coordinates"": [
    -8.298284216899999e+01,
    4.239927705700010e+01
  ],
  ""type"": ""Point""
}","{
  ""coordinates"": [
    -82.982842169,
    42.399277057
  ],
  ""type"": ""Point""
}",-82.982842169,42.3992770570001
10117,9754992,WARREN,WESTWOOD,2016-07-24,24,7,2016,20,1,8,9,,2,0,,1,1,4,35,5,2,2,4,0,0,0,1,false,,false,false,true,false,false,,,,,,false,false,false,,,false,false,false,false,false,-83.2305,42.3432,"{
  ""coordinates"": [
    -8.323049593300000e+01,
    4.234320064000010e+01
  ],
  ""type"": ""Point""
}","{
  ""coordinates"": [
    -83.230495933,
    42.34320064
  ],
  ""type"": ""Point""
}",-83.230495933,42.3432006400001
10118,9757579,MELDRUM,GRATIOT,2016-07-24,24,7,2016,15,1,9,3,,,2,,1,1,1,25,1,2,2,5,0,0,0,0,true,,false,false,false,false,false,,,,,,false,false,false,,,false,false,false,false,false,-83.02304,42.36585,"{
  ""coordinates"": [
    -8.302304303499990e+01,
    4.236584782100000e+01
  ],
  ""type"": ""Point""
}","{
  ""coordinates"": [
    -83.023043035,
    42.365847821
  ],
  ""type"": ""Point""
}",-83.0230430349999,42.365847821
10119,9763151,ST JEAN,CHARLEVIOX,2016-07-24,24,7,2016,4,1,5,9,,4,0,,1,1,4,35,5,2,3,5,0,0,0,0,true,,false,false,true,false,false,,,,,,false,false,false,,,false,false,false,false,false,-82.97518,42.37397,"{
  ""coordinates"": [
    -8.297518194500000e+01,
    4.237397555600010e+01
  ],
  ""type"": ""Point""
}","{
  ""coordinates"": [
    -82.975181945,
    42.373975556
  ],
  ""type"": ""Point""
}",-82.975181945,42.3739755560001
10120,9755855,MICHIGAN,TRUMBULL,2016-07-24,24,7,2016,4,1,4,2,,1,0,,1,1,3,0,9,2,1,5,0,0,0,0,true,,false,false,true,false,false,,,,,,false,false,false,,,false,false,false,false,false,-83.06693,42.33141,"{
  ""coordinates"": [
    -8.306692186299991e+01,
    4.233141483200010e+01
  ],
  ""type"": ""Point""
}","{
  ""coordinates"": [
    -83.066921863,
    42.331414832
  ],
  ""type"": ""Point""
}",-83.0669218629999,42.3314148320001
10121,9757566,VERNOR,LIVERNOIS,2016-07-24,24,7,2016,22,1,3,9,,4,0,,1,1,4,25,3,2,3,3,0,0,1,0,false,,true,true,false,false,false,,,,,,false,false,true,,,false,false,false,false,false,-83.10993,42.31561,"{
  ""coordinates"": [
    -8.310993086199990e+01,
    4.231561362500000e+01
  ],
  ""type"": ""Point""
}","{
  ""coordinates"": [
    -83.109930862,
    42.315613625
  ],
  ""type"": ""Point""
}",-83.1099308619999,42.315613625
10122,9756625,WYOMING,PILGRIM,2016-07-24,24,7,2016,17,1,5,9,,4,0,,1,1,1,30,2,2,0,5,0,0,0,0,true,,false,false,true,false,false,,,,,,false,false,false,,,false,false,false,false,false,-83.1599,42.40755,"{
  ""coordinates"": [
    -8.315989822200000e+01,
    4.240754549600010e+01
  ],
  ""type"": ""Point""
}","{
  ""coordinates"": [
    -83.159898222,
    42.407545496
  ],
  ""type"": ""Point""
}",-83.159898222,42.4075454960001
10123,9755895,PINEHURST,CURTIS,2016-07-24,24,7,2016,11,1,4,9,,,0,,2,4,1,25,2,2,3,2,0,1,0,1,false,,true,false,true,false,false,,,,,,false,false,true,,,false,false,false,false,false,-83.16723,42.42404,"{
  ""coordinates"": [
    -8.316722735699990e+01,
    4.242403820300010e+01
  ],
  ""type"": ""Point""
}","{
  ""coordinates"": [
    -83.167227357,
    42.424038203
  ],
  ""type"": ""Point""
}",-83.1672273569999,42.4240382030001
10124,9759706,TRACEY,7 MILE,2016-07-24,24,7,2016,2,1,1,9,,,0,,1,1,4,30,2,1,1,3,0,0,1,0,false,,false,false,false,false,false,,,,,,false,false,false,,,false,false,true,false,false,-83.18169,42.43124,"{
  ""coordinates"": [
    -8.318168295500000e+01,
    4.243123710700010e+01
  ],
  ""type"": ""Point""
}","{
  ""coordinates"": [
    -83.181682955,
    42.431237107
  ],
  ""type"": ""Point""
}",-83.181682955,42.4312371070001
10125,9755889,7 MILE,MOUNT ELLIOTT,2016-07-24,24,7,2016,21,1,3,9,,4,0,,1,1,4,35,2,2,3,5,0,0,0,0,true,,false,false,true,false,false,,,,,,false,false,false,,,false,false,false,false,false,-83.03892,42.43368,"{
  ""coordinates"": [
    -8.303891914799991e+01,
    4.243368080200000e+01
  ],
  ""type"": ""Point""
}","{
  ""coordinates"": [
    -83.038919148,
    42.433680802
  ],
  ""type"": ""Point""
}",-83.0389191479999,42.433680802
10126,9755857,FOREST,S M 10,2016-07-24,24,7,2016,1,1,8,9,,4,0,,1,1,1,35,4,2,1,5,0,0,0,0,true,,false,false,true,false,false,,,,,,false,false,false,,,false,false,false,false,false,-83.07227,42.35156,"{
  ""coordinates"": [
    -8.307226247200001e+01,
    4.235156426000000e+01
  ],
  ""type"": ""Point""
}","{
  ""coordinates"": [
    -83.072262472,
    42.35156426
  ],
  ""type"": ""Point""
}",-83.072262472,42.35156426
10127,9754986,YORKSHIRE,WAVENEY,2016-07-24,24,7,2016,4,1,5,9,,,0,,1,1,5,25,1,2,1,5,0,0,0,0,true,,false,false,true,false,false,,,,,,false,false,true,,,false,false,false,false,false,-82.93081,42.3995,"{
  ""coordinates"": [
    -8.293081196000000e+01,
    4.239949956600000e+01
  ],
  ""type"": ""Point""
}","{
  ""coordinates"": [
    -82.93081196,
    42.399499566
  ],
  ""type"": ""Point""
}",-82.93081196,42.399499566
10128,9768812,N I 75,RAMP 041F,2016-07-24,24,7,2016,21,1,5,1,,1,0,,1,1,4,55,4,2,3,5,0,0,0,0,true,,false,false,true,false,false,,,,,,false,false,true,,,false,false,false,false,false,-83.04475,42.34653,"{
  ""coordinates"": [
    -8.304475370100000e+01,
    4.234653047600010e+01
  ],
  ""type"": ""Point""
}","{
  ""coordinates"": [
    -83.044753701,
    42.346530476
  ],
  ""type"": ""Point""
}",-83.044753701,42.3465304760001
10129,9756578,S I 75,TRUMBULL,2016-07-24,24,7,2016,13,1,8,1,,1,0,,2,4,1,55,3,2,3,5,0,0,0,0,true,,false,false,false,false,false,,,,,,false,false,false,,,false,false,false,false,false,-83.07068,42.33406,"{
  ""coordinates"": [
    -8.307068119600000e+01,
    4.233406212900010e+01
  ],
  ""type"": ""Point""
}","{
  ""coordinates"": [
    -83.070681196,
    42.334062129
  ],
  ""type"": ""Point""
}",-83.070681196,42.3340621290001
10130,9757557,ANNABELLE,VISGER,2016-07-24,24,7,2016,10,1,4,9,,,0,,1,1,4,25,4,2,2,5,0,0,0,0,true,,false,false,true,false,false,,,,,,false,false,false,,,false,false,false,false,false,-83.15745,42.2665,"{
  ""coordinates"": [
    -8.315745031800000e+01,
    4.226650291500000e+01
  ],
  ""type"": ""Point""
}","{
  ""coordinates"": [
    -83.157450318,
    42.266502915
  ],
  ""type"": ""Point""
}",-83.157450318,42.266502915
10131,9759667,WARREN,N M 39,2016-07-24,24,7,2016,23,1,5,9,,2,0,,1,1,5,30,2,2,1,3,0,0,1,0,false,,false,false,false,false,false,,,,,,false,false,false,,,false,false,false,false,false,-83.216,42.34337,"{
  ""coordinates"": [
    -8.321599504300001e+01,
    4.234336923500010e+01
  ],
  ""type"": ""Point""
}","{
  ""coordinates"": [
    -83.215995043,
    42.343369235
  ],
  ""type"": ""Point""
}",-83.215995043,42.3433692350001
10132,9755049,JEFFRIES,DAVISON,2016-07-24,24,7,2016,13,1,1,1,,1,1,,2,4,1,35,3,1,2,5,0,0,0,0,true,,false,false,false,false,false,,,,,,false,false,true,,,false,false,false,false,false,-83.15023,42.3843,"{
  ""coordinates"": [
    -8.315023138100000e+01,
    4.238430075700010e+01
  ],
  ""type"": ""Point""
}","{
  ""coordinates"": [
    -83.150231381,
    42.384300757
  ],
  ""type"": ""Point""
}",-83.150231381,42.3843007570001
10133,9779169,EVERGREEN,PLYMOUTH,2016-07-24,24,7,2016,1,1,1,9,,4,0,,1,1,4,30,2,1,3,5,0,0,0,0,true,,false,false,false,false,false,,,,,,false,false,true,,,false,false,false,false,false,-83.23625,42.37188,"{
  ""coordinates"": [
    -8.323624853200000e+01,
    4.237187440400000e+01
  ],
  ""type"": ""Point""
}","{
  ""coordinates"": [
    -83.236248532,
    42.371874404
  ],
  ""type"": ""Point""
}",-83.236248532,42.371874404
10134,9756577,W I 96,KENTFIELD,2016-07-24,24,7,2016,11,1,1,1,,1,1,,2,4,1,55,3,1,3,5,0,0,0,0,true,,false,false,false,false,false,,,,,,false,false,false,,,false,false,false,false,false,-83.24036,42.38355,"{
  ""coordinates"": [
    -8.324035651600001e+01,
    4.238354881700010e+01
  ],
  ""type"": ""Point""
}","{
  ""coordinates"": [
    -83.240356516,
    42.383548817
  ],
  ""type"": ""Point""
}",-83.240356516,42.3835488170001
10135,9762209,RAMP 029A,N I 75,2016-07-24,24,7,2016,6,1,1,1,,1,1,,1,2,2,70,1,1,1,5,0,0,0,0,true,,false,false,false,true,false,,,,,,false,false,true,,,false,false,false,false,false,-83.15813,42.27632,"{
  ""coordinates"": [
    -8.315813791900000e+01,
    4.227631850300000e+01
  ],
  ""type"": ""Point""
}","{
  ""coordinates"": [
    -83.158137919,
    42.276318503
  ],
  ""type"": ""Point""
}",-83.158137919,42.276318503
10136,9756576,E I 96,E I 96 CD,2016-07-24,24,7,2016,10,1,1,1,,1,1,,2,4,1,70,3,1,1,4,0,0,0,1,false,,false,false,false,false,false,,,,,,false,false,false,,,false,false,false,false,false,-83.14967,42.38354,"{
  ""coordinates"": [
    -8.314967174299990e+01,
    4.238353578000000e+01
  ],
  ""type"": ""Point""
}","{
  ""coordinates"": [
    -83.149671743,
    42.38353578
  ],
  ""type"": ""Point""
}",-83.1496717429999,42.38353578
10137,9755888,CONANT,GAYLORD,2016-07-24,24,7,2016,15,1,6,9,,4,0,,2,1,1,30,4,2,2,5,0,0,0,0,true,,false,false,true,false,false,,,,,,false,false,false,,,false,false,false,false,false,-83.06457,42.42008,"{
  ""coordinates"": [
    -8.306457049200000e+01,
    4.242007967300000e+01
  ],
  ""type"": ""Point""
}","{
  ""coordinates"": [
    -83.064570492,
    42.420079673
  ],
  ""type"": ""Point""
}",-83.064570492,42.420079673
10138,9754972,GRAND RIVER,MCGRAW,2016-07-24,24,7,2016,2,1,5,3,,1,0,,1,1,4,35,7,2,2,5,0,0,0,0,true,,false,false,false,true,false,,,,,,false,false,false,,,false,false,false,false,false,-83.1009,42.35336,"{
  ""coordinates"": [
    -8.310089962500000e+01,
    4.235336150700000e+01
  ],
  ""type"": ""Point""
}","{
  ""coordinates"": [
    -83.100899625,
    42.353361507
  ],
  ""type"": ""Point""
}",-83.100899625,42.353361507
10139,9762210,I 75,DEARBORN,2016-07-24,24,7,2016,12,1,1,1,,1,1,,2,2,1,70,4,1,1,4,0,0,0,1,false,,false,false,false,false,false,,,,,,false,false,false,,,false,false,false,false,false,-83.12798,42.29275,"{
  ""coordinates"": [
    -8.312797293499990e+01,
    4.229275321900010e+01
  ],
  ""type"": ""Point""
}","{
  ""coordinates"": [
    -83.127972935,
    42.292753219
  ],
  ""type"": ""Point""
}",-83.1279729349999,42.2927532190001
10140,9760512,I-96,WYOMING,2016-07-24,24,7,2016,19,1,5,1,,1,0,,1,1,1,70,3,2,2,5,0,0,0,0,true,,false,false,false,false,false,,,,,,false,false,true,,,false,false,false,false,false,-83.16385,42.38527,"{
  ""coordinates"": [
    -8.316384835600000e+01,
    4.238527371400000e+01
  ],
  ""type"": ""Point""
}","{
  ""coordinates"": [
    -83.163848356,
    42.385273714
  ],
  ""type"": ""Point""
}",-83.163848356,42.385273714
10141,9756591,I-75,DEARBORN,2016-07-24,24,7,2016,13,1,5,1,,1,0,,2,4,1,70,4,2,2,5,0,0,0,0,true,,false,false,false,false,false,,,,,,false,false,false,,,false,false,false,false,false,-83.13519,42.28854,"{
  ""coordinates"": [
    -8.313518831999990e+01,
    4.228853859200010e+01
  ],
  ""type"": ""Point""
}","{
  ""coordinates"": [
    -83.13518832,
    42.288538592
  ],
  ""type"": ""Point""
}",-83.1351883199999,42.2885385920001
10142,9755059,MCNICHOLS,STANSBURY,2016-07-24,24,7,2016,16,1,5,9,,2,0,,1,1,1,35,4,2,2,5,0,0,0,0,true,,false,false,false,false,false,,,,,,false,false,true,,,false,false,false,false,false,-83.18306,42.41655,"{
  ""coordinates"": [
    -8.318305655499999e+01,
    4.241655058500000e+01
  ],
  ""type"": ""Point""
}","{
  ""coordinates"": [
    -83.183056555,
    42.416550585
  ],
  ""type"": ""Point""
}",-83.183056555,42.416550585
10143,9763167,ARCHDALE,PURITAN,2016-07-24,24,7,2016,16,1,97,9,,,0,,1,1,1,25,2,2,1,5,0,0,0,0,true,,false,false,false,false,false,,,,,,false,false,true,,,false,false,false,false,false,-83.21647,42.407,"{
  ""coordinates"": [
    -8.321647046699999e+01,
    4.240699865100000e+01
  ],
  ""type"": ""Point""
}","{
  ""coordinates"": [
    -83.216470467,
    42.406998651
  ],
  ""type"": ""Point""
}",-83.216470467,42.406998651
10144,9755005,MACK,CRANE,2016-07-24,24,7,2016,11,1,4,9,,4,0,,2,4,1,30,2,2,2,5,0,0,0,0,true,,false,false,false,false,false,,,,,,false,true,true,,,false,false,false,false,false,-82.99825,42.37013,"{
  ""coordinates"": [
    -8.299825026900000e+01,
    4.237013142400010e+01
  ],
  ""type"": ""Point""
}","{
  ""coordinates"": [
    -82.998250269,
    42.370131424
  ],
  ""type"": ""Point""
}",-82.998250269,42.3701314240001
10145,9768746,EB DAVISON,LODGE,2016-07-24,24,7,2016,1,1,1,9,,,1,,1,1,4,55,3,1,1,5,0,0,0,0,true,,false,false,false,false,false,,,,,,false,false,false,,,false,false,false,false,false,-83.08709,42.38304,"{
  ""coordinates"": [
    -8.308708936600000e+01,
    4.238303743300000e+01
  ],
  ""type"": ""Point""
}","{
  ""coordinates"": [
    -83.087089366,
    42.383037433
  ],
  ""type"": ""Point""
}",-83.087089366,42.383037433
10146,9773685,SOUTHFIELD SERVICE DRIVE,OUTER,2016-07-24,24,7,2016,20,1,5,9,,4,0,,1,1,1,55,3,2,1,4,0,0,0,1,false,,false,false,true,false,false,,,,,,false,false,false,,,false,false,false,false,false,-83.21865,42.41918,"{
  ""coordinates"": [
    -8.321864943299990e+01,
    4.241917797700010e+01
  ],
  ""type"": ""Point""
}","{
  ""coordinates"": [
    -83.218649433,
    42.419177977
  ],
  ""type"": ""Point""
}",-83.2186494329999,42.4191779770001
10147,9866382,VANDERBILT,DEARBORN,2016-07-24,24,7,2016,13,1,8,9,,,0,,2,4,1,0,2,2,2,5,0,0,0,0,true,,false,false,false,false,false,,,,,,false,false,false,,,false,false,false,false,false,-83.12151,42.29218,"{
  ""coordinates"": [
    -8.312150272199990e+01,
    4.229217568700010e+01
  ],
  ""type"": ""Point""
}","{
  ""coordinates"": [
    -83.121502722,
    42.292175687
  ],
  ""type"": ""Point""
}",-83.1215027219999,42.2921756870001