ObjectId,Crash ID,Primary Road,Intersecting Road,Crash Date,Day,Month,Year,Hour,Weekday,Crash Type Code,Highway Classification Code,Community Code,Jurisdiction Code,Lane Departure Type Code,Surface Type,Road Condition,Weather Condition,Lighting Condition,Speed Limit,Lanes,Units,Occupants,Most Severe Injury,Fatal Injuries,Suspected Serious Injuries,Suspected Minor Injuries,Possible Injuries,Property Damage Only,Secondary Crash,Traffic Control,Red Light Run,Hit and Run,Alcohol,Drugs,Unbelted Person,Work Zone,Speeding Driver,Distracted Driver,Driveway,Pedestrian,Elderly Driver,Young Driver,Commercial Vehicle,Emergency Vehicles,Train,School Bus,Motorcycle,Bicycle,Deer,Longitude,Latitude,geom,geog,x,y
10148,9755892,CARDONI,ROBINWOOD,2016-07-24,24,7,2016,19,1,4,9,,,0,,1,1,1,25,1,2,3,4,0,0,0,2,false,,false,false,false,false,false,,,,,,false,false,true,,,false,false,false,false,false,-83.09132,42.43018,"{
  ""coordinates"": [
    -8.309131288799991e+01,
    4.243017665300000e+01
  ],
  ""type"": ""Point""
}","{
  ""coordinates"": [
    -83.091312888,
    42.430176653
  ],
  ""type"": ""Point""
}",-83.0913128879999,42.430176653
10149,9762214,I-75,DAVISON,2016-07-24,24,7,2016,10,1,8,1,,1,0,,2,4,1,0,3,2,3,5,0,0,0,0,true,,false,false,true,false,false,,,,,,false,false,false,,,false,false,false,false,false,-83.08031,42.40996,"{
  ""coordinates"": [
    -8.308031504800000e+01,
    4.240995773900000e+01
  ],
  ""type"": ""Point""
}","{
  ""coordinates"": [
    -83.080315048,
    42.409957739
  ],
  ""type"": ""Point""
}",-83.080315048,42.409957739
10150,9755881,MOROSS,BEACONSFIELD,2016-07-24,24,7,2016,16,1,5,9,,2,0,,1,1,1,30,4,2,1,5,0,0,0,0,true,,false,false,true,false,false,,,,,,false,false,false,,,false,false,false,false,false,-82.94186,42.42977,"{
  ""coordinates"": [
    -8.294186512499989e+01,
    4.242976753900010e+01
  ],
  ""type"": ""Point""
}","{
  ""coordinates"": [
    -82.941865125,
    42.429767539
  ],
  ""type"": ""Point""
}",-82.9418651249999,42.4297675390001
10151,9756597,BOSTON,LINWOOD,2016-07-24,24,7,2016,11,1,98,9,,,0,,1,1,1,25,3,2,0,5,0,0,0,0,true,,false,false,true,false,false,,,,,,false,false,false,,,false,false,false,false,false,-83.11193,42.37819,"{
  ""coordinates"": [
    -8.311193077999999e+01,
    4.237818893900000e+01
  ],
  ""type"": ""Point""
}","{
  ""coordinates"": [
    -83.11193078,
    42.378188939
  ],
  ""type"": ""Point""
}",-83.11193078,42.378188939
10152,9755004,NAGLE,CARRIE,2016-07-24,24,7,2016,11,1,8,9,,,3,,98,98,98,25,2,2,0,5,0,0,0,0,true,,false,false,true,false,false,,,,,,false,false,false,,,false,false,false,false,false,-83.0288,42.38964,"{
  ""coordinates"": [
    -8.302879876100000e+01,
    4.238963741200010e+01
  ],
  ""type"": ""Point""
}","{
  ""coordinates"": [
    -83.028798761,
    42.389637412
  ],
  ""type"": ""Point""
}",-83.028798761,42.3896374120001
10153,9754969,EVERGREEN,FENKELL,2016-07-24,24,7,2016,8,1,5,9,,4,0,,1,2,1,35,3,2,2,4,0,0,0,1,false,,false,false,false,false,false,,,,,,false,false,true,,,false,false,false,false,false,-83.23742,42.40067,"{
  ""coordinates"": [
    -8.323741658900001e+01,
    4.240066786400010e+01
  ],
  ""type"": ""Point""
}","{
  ""coordinates"": [
    -83.237416589,
    42.400667864
  ],
  ""type"": ""Point""
}",-83.237416589,42.4006678640001
10154,9770333,EVANSTON,HAVERHILL,2016-07-24,24,7,2016,11,1,1,9,,,1,,2,4,1,55,3,1,3,5,0,0,0,0,true,,false,false,false,false,false,,,,,,false,false,false,,,false,false,false,false,false,-82.94921,42.40967,"{
  ""coordinates"": [
    -8.294920996000000e+01,
    4.240967085600000e+01
  ],
  ""type"": ""Point""
}","{
  ""coordinates"": [
    -82.94920996,
    42.409670856
  ],
  ""type"": ""Point""
}",-82.94920996,42.409670856
10155,9754996,SOUTHFIELD,WARREN,2016-07-24,24,7,2016,3,1,4,3,,1,0,,1,1,4,35,5,2,3,4,0,0,0,1,false,,false,false,true,false,false,,,,,,false,false,false,,,false,false,false,false,false,-83.21622,42.3434,"{
  ""coordinates"": [
    -8.321622370199999e+01,
    4.234339355800010e+01
  ],
  ""type"": ""Point""
}","{
  ""coordinates"": [
    -83.216223702,
    42.343393558
  ],
  ""type"": ""Point""
}",-83.216223702,42.3433935580001
10156,9755000,WARREN,MEMORIAL,2016-07-24,24,7,2016,20,1,5,9,,2,0,,1,1,4,35,4,2,5,4,0,0,0,1,false,,false,false,false,false,false,,,,,,false,false,true,,,false,false,false,false,false,-83.21111,42.34345,"{
  ""coordinates"": [
    -8.321110783599990e+01,
    4.234344975700000e+01
  ],
  ""type"": ""Point""
}","{
  ""coordinates"": [
    -83.211107836,
    42.343449757
  ],
  ""type"": ""Point""
}",-83.2111078359999,42.343449757
10157,9783782,WESTFIELD,LITTLEFIELD,2016-07-24,24,7,2016,13,1,9,9,,,2,,1,1,1,0,2,2,0,5,0,0,0,0,true,,false,false,true,false,false,,,,,,false,false,true,,,false,false,false,false,false,-83.1749,42.36367,"{
  ""coordinates"": [
    -8.317490411199999e+01,
    4.236366929700010e+01
  ],
  ""type"": ""Point""
}","{
  ""coordinates"": [
    -83.174904112,
    42.363669297
  ],
  ""type"": ""Point""
}",-83.174904112,42.3636692970001
10158,9764031,W I 96 CD,W I 96,2016-07-24,24,7,2016,15,1,1,1,,1,1,,1,1,1,55,2,1,1,2,0,1,0,0,false,,false,false,false,false,false,,,,,,false,false,false,,,false,false,false,false,false,-83.14984,42.38402,"{
  ""coordinates"": [
    -8.314984095499990e+01,
    4.238401607200010e+01
  ],
  ""type"": ""Point""
}","{
  ""coordinates"": [
    -83.149840955,
    42.384016072
  ],
  ""type"": ""Point""
}",-83.1498409549999,42.3840160720001
10159,9754085,TRUMBULL,N I 75,2016-07-24,24,7,2016,2,1,98,9,,4,0,,1,1,4,35,5,2,3,4,0,0,0,2,false,,true,true,true,false,false,,,,,,false,false,false,,,false,false,false,false,false,-83.06862,42.3344,"{
  ""coordinates"": [
    -8.306861579299991e+01,
    4.233440132700010e+01
  ],
  ""type"": ""Point""
}","{
  ""coordinates"": [
    -83.068615793,
    42.334401327
  ],
  ""type"": ""Point""
}",-83.0686157929999,42.3344013270001
10160,9762205,E I 94,CONCORD,2016-07-24,24,7,2016,13,1,8,1,,1,0,,1,1,1,55,3,2,2,5,0,0,0,0,true,,false,false,false,false,false,,,,,,false,false,false,,,false,false,false,false,false,-83.02843,42.38415,"{
  ""coordinates"": [
    -8.302843236500000e+01,
    4.238415269600010e+01
  ],
  ""type"": ""Point""
}","{
  ""coordinates"": [
    -83.028432365,
    42.384152696
  ],
  ""type"": ""Point""
}",-83.028432365,42.3841526960001
10161,9764060,MOROSS,MCKINNEY,2016-07-24,24,7,2016,0,1,8,9,,2,0,,1,1,4,35,3,2,1,2,0,1,0,0,false,,false,false,false,false,false,,,,,,false,false,false,,,false,false,false,false,false,-82.93735,42.42791,"{
  ""coordinates"": [
    -8.293734490199989e+01,
    4.242791476400000e+01
  ],
  ""type"": ""Point""
}","{
  ""coordinates"": [
    -82.937344902,
    42.427914764
  ],
  ""type"": ""Point""
}",-82.9373449019999,42.427914764
10162,9754990,PLYMOUTH,WOODMONT,2016-07-24,24,7,2016,0,1,3,9,,4,0,,1,1,4,35,4,2,1,5,0,0,0,0,true,,false,false,true,false,false,,,,,,false,false,false,,,false,false,false,false,false,-83.20838,42.37241,"{
  ""coordinates"": [
    -8.320838311999999e+01,
    4.237241410300000e+01
  ],
  ""type"": ""Point""
}","{
  ""coordinates"": [
    -83.20838312,
    42.372414103
  ],
  ""type"": ""Point""
}",-83.20838312,42.372414103
10163,9755046,GRAND RIVER,JOY,2016-07-24,24,7,2016,3,1,4,3,,1,0,,98,98,98,30,3,2,2,5,0,0,0,0,true,,false,false,false,false,false,,,,,,false,false,false,,,false,false,false,false,false,-83.13024,42.36521,"{
  ""coordinates"": [
    -8.313023900400000e+01,
    4.236520884500000e+01
  ],
  ""type"": ""Point""
}","{
  ""coordinates"": [
    -83.130239004,
    42.365208845
  ],
  ""type"": ""Point""
}",-83.130239004,42.365208845
10164,9757601,WARREN,CASS,2016-07-24,24,7,2016,13,1,8,9,,4,0,,2,2,1,25,4,2,1,5,0,0,0,0,true,,false,false,false,false,false,,,,,,false,false,false,,,false,false,false,false,false,-83.06679,42.35605,"{
  ""coordinates"": [
    -8.306679134200000e+01,
    4.235604694800000e+01
  ],
  ""type"": ""Point""
}","{
  ""coordinates"": [
    -83.066791342,
    42.356046948
  ],
  ""type"": ""Point""
}",-83.066791342,42.356046948
10165,9754991,N M 39,RAMP 005F,2016-07-24,24,7,2016,11,1,4,3,,1,0,,2,4,1,25,2,2,1,5,0,0,0,0,true,,false,false,true,false,false,,,,,,false,false,false,,,false,false,false,false,false,-83.21573,42.33533,"{
  ""coordinates"": [
    -8.321572643300000e+01,
    4.233532891900010e+01
  ],
  ""type"": ""Point""
}","{
  ""coordinates"": [
    -83.215726433,
    42.335328919
  ],
  ""type"": ""Point""
}",-83.215726433,42.3353289190001
10166,9756586,I-94,CONNER,2016-07-24,24,7,2016,11,1,1,1,,1,1,,2,4,1,55,3,1,6,4,0,0,0,3,false,,false,false,false,false,false,,,,,,false,false,false,,,false,false,false,false,false,-82.98626,42.39758,"{
  ""coordinates"": [
    -8.298625964300000e+01,
    4.239757702500000e+01
  ],
  ""type"": ""Point""
}","{
  ""coordinates"": [
    -82.986259643,
    42.397577025
  ],
  ""type"": ""Point""
}",-82.986259643,42.397577025
10167,9768750,I-94,LIVERNOIS,2016-07-24,24,7,2016,17,1,1,1,,1,1,,1,1,1,55,3,1,1,5,0,0,0,0,true,,false,false,false,false,false,,,,,,false,false,false,,,false,false,false,false,false,-83.12066,42.3392,"{
  ""coordinates"": [
    -8.312065507499990e+01,
    4.233919476800000e+01
  ],
  ""type"": ""Point""
}","{
  ""coordinates"": [
    -83.120655075,
    42.339194768
  ],
  ""type"": ""Point""
}",-83.1206550749999,42.339194768
10168,9761464,RAMP 125A,JEFFERSON,2016-07-23,23,7,2016,16,7,8,3,,1,0,,1,1,1,35,4,2,3,5,0,0,0,0,true,,false,false,false,false,false,,,,,,false,false,true,,,false,false,false,false,false,-83.05326,42.32532,"{
  ""coordinates"": [
    -8.305326168700000e+01,
    4.232532218900010e+01
  ],
  ""type"": ""Point""
}","{
  ""coordinates"": [
    -83.053261687,
    42.325322189
  ],
  ""type"": ""Point""
}",-83.053261687,42.3253221890001
10169,9755035,7 MILE,VAUGHAN,2016-07-23,23,7,2016,13,7,1,9,,2,0,,1,1,1,35,2,2,2,4,0,0,0,1,false,,false,false,false,false,false,,,,,,false,false,false,,,false,false,false,true,false,-83.23954,42.42955,"{
  ""coordinates"": [
    -8.323954204800000e+01,
    4.242955356500000e+01
  ],
  ""type"": ""Point""
}","{
  ""coordinates"": [
    -83.239542048,
    42.429553565
  ],
  ""type"": ""Point""
}",-83.239542048,42.429553565
10170,9755043,CONNER,PROMENADE,2016-07-23,23,7,2016,18,7,4,3,,4,0,,1,1,1,30,4,2,3,5,0,0,0,0,true,,false,false,false,false,false,,,,,,false,false,false,,,false,false,false,false,false,-82.99724,42.40471,"{
  ""coordinates"": [
    -8.299723643499991e+01,
    4.240470900800010e+01
  ],
  ""type"": ""Point""
}","{
  ""coordinates"": [
    -82.997236435,
    42.404709008
  ],
  ""type"": ""Point""
}",-82.9972364349999,42.4047090080001
10171,9768815,SB I-75,DAVISON,2016-07-23,23,7,2016,4,7,5,1,,1,0,,1,1,4,70,4,2,2,5,0,0,0,0,true,,false,false,false,false,false,,,,,,false,false,false,,,false,false,false,false,false,-83.07594,42.40625,"{
  ""coordinates"": [
    -8.307593846799990e+01,
    4.240624948400010e+01
  ],
  ""type"": ""Point""
}","{
  ""coordinates"": [
    -83.075938468,
    42.406249484
  ],
  ""type"": ""Point""
}",-83.0759384679999,42.4062494840001
10172,9755875,MADISON,BRUSH,2016-07-23,23,7,2016,22,7,8,9,,4,0,,1,1,4,30,2,3,5,5,0,0,0,0,true,,false,false,false,false,false,,,,,,false,false,false,,,false,false,false,false,false,-83.04578,42.33741,"{
  ""coordinates"": [
    -8.304578403900000e+01,
    4.233740599600000e+01
  ],
  ""type"": ""Point""
}","{
  ""coordinates"": [
    -83.045784039,
    42.337405996
  ],
  ""type"": ""Point""
}",-83.045784039,42.337405996
10173,9754106,DAVISON,LIVERNOIS,2016-07-23,23,7,2016,7,7,5,3,,1,0,,1,1,1,35,8,2,3,5,0,0,0,0,true,,false,false,true,false,false,,,,,,false,false,true,,,false,false,false,false,false,-83.13927,42.38652,"{
  ""coordinates"": [
    -8.313926793099991e+01,
    4.238651566100000e+01
  ],
  ""type"": ""Point""
}","{
  ""coordinates"": [
    -83.139267931,
    42.386515661
  ],
  ""type"": ""Point""
}",-83.1392679309999,42.386515661
10174,9870490,E I 94,GRATIOT,2016-07-23,23,7,2016,8,7,8,1,,1,0,,1,1,1,55,3,2,1,5,0,0,0,0,true,,false,false,true,false,false,,,,,,false,false,false,,,false,false,false,false,false,-83.00621,42.39143,"{
  ""coordinates"": [
    -8.300621067899991e+01,
    4.239142976400010e+01
  ],
  ""type"": ""Point""
}","{
  ""coordinates"": [
    -83.006210679,
    42.391429764
  ],
  ""type"": ""Point""
}",-83.0062106789999,42.3914297640001
10175,9755055,FAIRFIELD,JOHN C LODGE SD,2016-07-23,23,7,2016,23,7,5,9,,,0,,1,1,4,25,2,2,2,5,0,0,0,0,true,,false,false,false,false,false,,,,,,false,false,false,,,false,false,false,false,false,-83.13445,42.40588,"{
  ""coordinates"": [
    -8.313445119999990e+01,
    4.240588438400000e+01
  ],
  ""type"": ""Point""
}","{
  ""coordinates"": [
    -83.1344512,
    42.405884384
  ],
  ""type"": ""Point""
}",-83.1344511999999,42.405884384
10176,9759697,MOUNT ELLIOTT,MCNICHOLS,2016-07-23,23,7,2016,18,7,1,9,,4,0,,1,1,1,30,2,2,4,2,0,1,0,0,false,,false,false,false,false,false,,,,,,false,false,true,,,false,false,false,true,false,-83.03833,42.4192,"{
  ""coordinates"": [
    -8.303833133700000e+01,
    4.241919636800000e+01
  ],
  ""type"": ""Point""
}","{
  ""coordinates"": [
    -83.038331337,
    42.419196368
  ],
  ""type"": ""Point""
}",-83.038331337,42.419196368
10177,9761488,CHICAGO,I-96,2016-07-23,23,7,2016,13,7,4,9,,4,0,,98,98,98,30,2,2,2,5,0,0,0,0,true,,false,false,false,false,false,,,,,,false,false,true,,,false,false,false,false,false,-83.13999,42.36737,"{
  ""coordinates"": [
    -8.313999552600001e+01,
    4.236737088900000e+01
  ],
  ""type"": ""Point""
}","{
  ""coordinates"": [
    -83.139995526,
    42.367370889
  ],
  ""type"": ""Point""
}",-83.139995526,42.367370889
10178,9755009,JEFFERSON,PARKER,2016-07-23,23,7,2016,8,7,4,9,,4,0,,1,1,1,35,6,2,4,5,0,0,0,0,true,,false,false,false,false,false,,,,,,false,false,false,,,false,false,false,false,false,-82.99406,42.35192,"{
  ""coordinates"": [
    -8.299405975199990e+01,
    4.235192278100000e+01
  ],
  ""type"": ""Point""
}","{
  ""coordinates"": [
    -82.994059752,
    42.351922781
  ],
  ""type"": ""Point""
}",-82.9940597519999,42.351922781
10179,9754070,BEAUBIEN,MADISON,2016-07-23,23,7,2016,19,7,4,9,,,0,,1,1,1,25,4,2,2,5,0,0,0,0,true,,false,false,false,false,false,,,,,,false,false,false,,,false,false,false,false,false,-83.04464,42.33797,"{
  ""coordinates"": [
    -8.304463696800001e+01,
    4.233796916100000e+01
  ],
  ""type"": ""Point""
}","{
  ""coordinates"": [
    -83.044636968,
    42.337969161
  ],
  ""type"": ""Point""
}",-83.044636968,42.337969161
10180,9754981,CHRISTANCY,FERDINAND,2016-07-23,23,7,2016,7,7,1,9,,,1,,1,1,3,25,2,1,0,5,0,0,0,0,true,,false,false,true,false,false,,,,,,false,false,false,,,false,false,false,false,false,-83.09728,42.31656,"{
  ""coordinates"": [
    -8.309727864099990e+01,
    4.231655399100000e+01
  ],
  ""type"": ""Point""
}","{
  ""coordinates"": [
    -83.097278641,
    42.316553991
  ],
  ""type"": ""Point""
}",-83.0972786409999,42.316553991
10181,9754068,JEFFERSON,ROSA PARKS,2016-07-23,23,7,2016,13,7,4,9,,4,0,,1,1,1,30,4,2,6,5,0,0,0,0,true,,false,false,false,false,false,,,,,,false,false,true,,,false,false,false,false,false,-83.06515,42.32171,"{
  ""coordinates"": [
    -8.306514802600000e+01,
    4.232171086700000e+01
  ],
  ""type"": ""Point""
}","{
  ""coordinates"": [
    -83.065148026,
    42.321710867
  ],
  ""type"": ""Point""
}",-83.065148026,42.321710867
10182,9822266,GRAND,POE,2016-07-23,23,7,2016,14,7,4,9,,4,0,,1,1,1,35,4,2,3,5,0,0,0,0,true,,false,false,false,false,false,,,,,,false,false,false,,,false,false,false,false,false,-83.0865,42.36542,"{
  ""coordinates"": [
    -8.308650350800001e+01,
    4.236542231700000e+01
  ],
  ""type"": ""Point""
}","{
  ""coordinates"": [
    -83.086503508,
    42.365422317
  ],
  ""type"": ""Point""
}",-83.086503508,42.365422317
10183,9755039,MORANG,HARPER,2016-07-23,23,7,2016,5,7,3,9,,4,0,,1,1,1,35,2,2,2,4,0,0,0,2,false,,false,false,false,false,false,,,,,,false,true,false,,,false,false,false,false,false,-82.93269,42.41874,"{
  ""coordinates"": [
    -8.293268892899989e+01,
    4.241873918000000e+01
  ],
  ""type"": ""Point""
}","{
  ""coordinates"": [
    -82.932688929,
    42.41873918
  ],
  ""type"": ""Point""
}",-82.9326889289999,42.41873918
10184,9755914,TURNER,MIDLAND,2016-07-23,23,7,2016,18,7,97,9,,,0,,1,1,1,20,2,2,1,5,0,0,0,0,true,,false,false,true,false,false,,,,,,false,false,false,,,false,false,false,false,false,-83.14851,42.40627,"{
  ""coordinates"": [
    -8.314850907600000e+01,
    4.240626507900000e+01
  ],
  ""type"": ""Point""
}","{
  ""coordinates"": [
    -83.148509076,
    42.406265079
  ],
  ""type"": ""Point""
}",-83.148509076,42.406265079
10185,9754976,FORT,SPRINGWELLS,2016-07-23,23,7,2016,10,7,8,3,,1,0,,1,1,1,35,5,2,0,5,0,0,0,0,true,,false,false,true,false,false,,,,,,false,false,false,,,false,false,false,false,false,-83.11919,42.30019,"{
  ""coordinates"": [
    -8.311919338300000e+01,
    4.230019172400010e+01
  ],
  ""type"": ""Point""
}","{
  ""coordinates"": [
    -83.119193383,
    42.300191724
  ],
  ""type"": ""Point""
}",-83.119193383,42.3001917240001
10186,9822262,JOY,W I 96 SERVICE DRIVE,2016-07-23,23,7,2016,19,7,4,1,,4,0,,1,1,1,35,4,2,3,3,0,0,1,0,false,,true,true,false,false,false,,,,,,false,false,false,,,false,false,false,false,false,-83.13097,42.3648,"{
  ""coordinates"": [
    -8.313096504899990e+01,
    4.236479660700010e+01
  ],
  ""type"": ""Point""
}","{
  ""coordinates"": [
    -83.130965049,
    42.364796607
  ],
  ""type"": ""Point""
}",-83.1309650489999,42.3647966070001
10187,9755029,FENKELL,MINOCK,2016-07-23,23,7,2016,3,7,1,9,,2,0,,1,1,4,30,2,1,0,5,0,0,0,0,true,,false,false,true,false,false,,,,,,false,false,false,,,false,false,false,false,false,-83.23349,42.40075,"{
  ""coordinates"": [
    -8.323348754700000e+01,
    4.240075334400010e+01
  ],
  ""type"": ""Point""
}","{
  ""coordinates"": [
    -83.233487547,
    42.400753344
  ],
  ""type"": ""Point""
}",-83.233487547,42.4007533440001
10188,9754078,WOODWARD,S I 75 SERVICE DRIVE,2016-07-23,23,7,2016,15,7,5,3,,1,0,,1,1,1,25,2,2,2,5,0,0,0,0,true,,false,false,false,false,false,,,,,,false,false,false,,,false,false,false,false,false,-83.05299,42.3401,"{
  ""coordinates"": [
    -8.305298445299999e+01,
    4.234009859900000e+01
  ],
  ""type"": ""Point""
}","{
  ""coordinates"": [
    -83.052984453,
    42.340098599
  ],
  ""type"": ""Point""
}",-83.052984453,42.340098599
10189,9755903,PREST,PICKFORD,2016-07-23,23,7,2016,10,7,98,9,,,0,,1,1,1,25,2,2,0,5,0,0,0,0,true,,false,false,true,false,false,,,,,,false,false,false,,,false,false,false,false,false,-83.19849,42.42583,"{
  ""coordinates"": [
    -8.319848942300000e+01,
    4.242583031600000e+01
  ],
  ""type"": ""Point""
}","{
  ""coordinates"": [
    -83.198489423,
    42.425830316
  ],
  ""type"": ""Point""
}",-83.198489423,42.425830316
10190,9754973,BRAINARD,3RD,2016-07-23,23,7,2016,10,7,5,9,,,0,,1,1,1,25,4,3,1,5,0,0,0,0,true,,false,false,false,false,false,,,,,,false,true,false,,,false,false,false,false,false,-83.06581,42.34504,"{
  ""coordinates"": [
    -8.306581203199990e+01,
    4.234504224800000e+01
  ],
  ""type"": ""Point""
}","{
  ""coordinates"": [
    -83.065812032,
    42.345042248
  ],
  ""type"": ""Point""
}",-83.0658120319999,42.345042248
10191,9755052,7 MILE,PACKARD,2016-07-23,23,7,2016,18,7,8,9,,4,0,,1,1,1,35,4,2,1,5,0,0,0,0,true,,false,false,false,false,false,,,,,,false,false,false,,,false,false,false,false,false,-83.02702,42.43391,"{
  ""coordinates"": [
    -8.302702182300000e+01,
    4.243391153500000e+01
  ],
  ""type"": ""Point""
}","{
  ""coordinates"": [
    -83.027021823,
    42.433911535
  ],
  ""type"": ""Point""
}",-83.027021823,42.433911535
10192,9756587,I-94,CASS,2016-07-23,23,7,2016,15,7,5,1,,1,0,,1,1,1,55,3,3,7,2,0,2,0,0,false,,false,false,false,false,false,,,,,,false,true,true,,,false,false,false,false,false,-83.07129,42.36243,"{
  ""coordinates"": [
    -8.307128954500000e+01,
    4.236243317500000e+01
  ],
  ""type"": ""Point""
}","{
  ""coordinates"": [
    -83.071289545,
    42.362433175
  ],
  ""type"": ""Point""
}",-83.071289545,42.362433175
10193,9755010,GRATIOT,ELLERY,2016-07-23,23,7,2016,0,7,3,3,,1,0,,1,1,4,35,3,2,5,2,0,4,0,0,false,,false,false,false,false,false,,,,,,false,true,false,,,false,false,false,false,false,-83.02563,42.36226,"{
  ""coordinates"": [
    -8.302563763599990e+01,
    4.236226384400000e+01
  ],
  ""type"": ""Point""
}","{
  ""coordinates"": [
    -83.025637636,
    42.362263844
  ],
  ""type"": ""Point""
}",-83.0256376359999,42.362263844
10194,9755887,KLINGER,EMERY,2016-07-23,23,7,2016,10,7,4,9,,,0,,1,1,1,0,2,2,2,5,0,0,0,0,true,,false,false,false,false,false,,,,,,false,false,false,,,false,false,false,false,false,-83.06935,42.4356,"{
  ""coordinates"": [
    -8.306934953900000e+01,
    4.243559904000010e+01
  ],
  ""type"": ""Point""
}","{
  ""coordinates"": [
    -83.069349539,
    42.43559904
  ],
  ""type"": ""Point""
}",-83.069349539,42.4355990400001
10195,9789239,S I 75,PIQUETTE,2016-07-23,23,7,2016,16,7,8,1,,1,0,,1,1,1,55,3,3,2,5,0,0,0,0,true,,false,false,true,false,false,,,,,,false,false,false,,,false,false,false,false,false,-83.05956,42.37209,"{
  ""coordinates"": [
    -8.305956233200000e+01,
    4.237209143800000e+01
  ],
  ""type"": ""Point""
}","{
  ""coordinates"": [
    -83.059562332,
    42.372091438
  ],
  ""type"": ""Point""
}",-83.059562332,42.372091438
10196,9756595,PENROD,CHICAGO,2016-07-23,23,7,2016,14,7,8,9,,,0,,1,1,1,25,3,2,2,5,0,0,0,0,true,,false,false,true,false,false,,,,,,false,false,true,,,false,false,false,false,false,-83.22028,42.36501,"{
  ""coordinates"": [
    -8.322027957400000e+01,
    4.236500727200010e+01
  ],
  ""type"": ""Point""
}","{
  ""coordinates"": [
    -83.220279574,
    42.365007272
  ],
  ""type"": ""Point""
}",-83.220279574,42.3650072720001
10197,9755015,7 MILE,GRAND RIVER,2016-07-23,23,7,2016,0,7,5,3,,,0,,1,1,4,35,4,2,3,5,0,0,0,0,true,,false,false,false,false,false,,,,,,false,false,true,,,false,false,false,false,false,-83.2841,42.4273,"{
  ""coordinates"": [
    -8.328410265299991e+01,
    4.242729974000010e+01
  ],
  ""type"": ""Point""
}","{
  ""coordinates"": [
    -83.284102653,
    42.42729974
  ],
  ""type"": ""Point""
}",-83.2841026529999,42.4272997400001
10198,9754092,FORT,CLARK,2016-07-23,23,7,2016,21,7,8,3,,1,0,,1,1,3,35,5,2,3,5,0,0,0,0,true,,false,false,false,false,false,,,,,,false,false,false,,,false,false,false,false,false,-83.08988,42.31242,"{
  ""coordinates"": [
    -8.308987944899999e+01,
    4.231242487700010e+01
  ],
  ""type"": ""Point""
}","{
  ""coordinates"": [
    -83.089879449,
    42.312424877
  ],
  ""type"": ""Point""
}",-83.089879449,42.3124248770001
10199,9756602,PARKINSON,MICHIGAN,2016-07-23,23,7,2016,2,7,4,2,,,0,,1,1,1,25,2,2,3,5,0,0,0,0,true,,false,false,true,false,false,,,,,,false,false,false,,,false,false,false,false,false,-83.13184,42.33106,"{
  ""coordinates"": [
    -8.313184510699990e+01,
    4.233106090400000e+01
  ],
  ""type"": ""Point""
}","{
  ""coordinates"": [
    -83.131845107,
    42.331060904
  ],
  ""type"": ""Point""
}",-83.1318451069999,42.331060904
10200,9779120,I94,I96,2016-07-23,23,7,2016,1,7,8,1,,1,0,,1,1,4,55,3,2,2,5,0,0,0,0,true,,false,false,false,false,false,,,,,,false,false,false,,,false,false,false,false,false,-83.0972,42.3507,"{
  ""coordinates"": [
    -8.309719479800000e+01,
    4.235069779000000e+01
  ],
  ""type"": ""Point""
}","{
  ""coordinates"": [
    -83.097194798,
    42.35069779
  ],
  ""type"": ""Point""
}",-83.097194798,42.35069779
10201,9755047,MIDLAND,TURNER,2016-07-23,23,7,2016,20,7,4,9,,,0,,1,1,2,0,2,2,4,5,0,0,0,0,true,,false,false,true,false,false,,,,,,false,false,true,,,false,false,false,false,false,-83.14851,42.40621,"{
  ""coordinates"": [
    -8.314850700400000e+01,
    4.240620720700010e+01
  ],
  ""type"": ""Point""
}","{
  ""coordinates"": [
    -83.148507004,
    42.406207207
  ],
  ""type"": ""Point""
}",-83.148507004,42.4062072070001
10202,9755058,N M 10 SERVICE DRIVE,8 MILE,2016-07-23,23,7,2016,4,7,1,3,,1,1,,1,1,4,0,2,1,2,5,0,0,0,0,true,,false,false,false,false,false,,,,,,false,false,false,,,false,false,false,false,false,-83.20263,42.44476,"{
  ""coordinates"": [
    -8.320263258499990e+01,
    4.244475388400010e+01
  ],
  ""type"": ""Point""
}","{
  ""coordinates"": [
    -83.202632585,
    42.444753884
  ],
  ""type"": ""Point""
}",-83.2026325849999,42.4447538840001
10203,9755056,LIVERNOIS,ST.MARTINS,2016-07-23,23,7,2016,6,7,1,9,,4,0,,1,1,1,35,2,1,1,3,0,0,1,0,false,,false,false,false,false,false,,,,,,false,false,false,,,false,false,false,false,false,-83.14157,42.43702,"{
  ""coordinates"": [
    -8.314156724999999e+01,
    4.243702113800000e+01
  ],
  ""type"": ""Point""
}","{
  ""coordinates"": [
    -83.14156725,
    42.437021138
  ],
  ""type"": ""Point""
}",-83.14156725,42.437021138
10204,9756590,I-94,14TH,2016-07-23,23,7,2016,7,7,5,1,,1,0,,1,1,1,55,1,2,2,4,0,0,0,1,false,,false,false,false,false,false,,,,,,false,false,true,,,false,false,false,false,false,-83.08965,42.35308,"{
  ""coordinates"": [
    -8.308965449000000e+01,
    4.235307512600010e+01
  ],
  ""type"": ""Point""
}","{
  ""coordinates"": [
    -83.08965449,
    42.353075126
  ],
  ""type"": ""Point""
}",-83.08965449,42.3530751260001