ObjectId,Crash ID,Primary Road,Intersecting Road,Crash Date,Day,Month,Year,Hour,Weekday,Crash Type Code,Highway Classification Code,Community Code,Jurisdiction Code,Lane Departure Type Code,Surface Type,Road Condition,Weather Condition,Lighting Condition,Speed Limit,Lanes,Units,Occupants,Most Severe Injury,Fatal Injuries,Suspected Serious Injuries,Suspected Minor Injuries,Possible Injuries,Property Damage Only,Secondary Crash,Traffic Control,Red Light Run,Hit and Run,Alcohol,Drugs,Unbelted Person,Work Zone,Speeding Driver,Distracted Driver,Driveway,Pedestrian,Elderly Driver,Young Driver,Commercial Vehicle,Emergency Vehicles,Train,School Bus,Motorcycle,Bicycle,Deer,Longitude,Latitude,geom,geog,x,y
10205,9754111,7 MILE,MAINE,2016-07-23,23,7,2016,10,7,9,9,,4,0,,1,1,1,30,2,2,5,3,0,0,1,0,false,,false,false,false,false,false,,,,,,false,false,true,,,false,false,false,false,false,-83.07601,42.43291,"{
  ""coordinates"": [
    -8.307600955899990e+01,
    4.243291532200000e+01
  ],
  ""type"": ""Point""
}","{
  ""coordinates"": [
    -83.076009559,
    42.432915322
  ],
  ""type"": ""Point""
}",-83.0760095589999,42.432915322
10206,9754979,RAMP 031A,N I 75 SERVICE DRIVE,2016-07-23,23,7,2016,8,7,4,1,,1,0,,1,1,1,0,3,2,1,5,0,0,0,0,true,,true,true,true,false,false,,,,,,false,true,false,,,false,false,false,false,false,-83.11936,42.30081,"{
  ""coordinates"": [
    -8.311935995000000e+01,
    4.230081041800000e+01
  ],
  ""type"": ""Point""
}","{
  ""coordinates"": [
    -83.11935995,
    42.300810418
  ],
  ""type"": ""Point""
}",-83.11935995,42.300810418
10207,9754108,DAVISON,ROSA PARKS,2016-07-23,23,7,2016,15,7,8,3,,1,0,,1,1,1,35,6,3,5,5,0,0,0,0,true,,false,false,false,false,false,,,,,,false,true,false,,,false,false,false,false,false,-83.11319,42.3963,"{
  ""coordinates"": [
    -8.311318661199989e+01,
    4.239629777000000e+01
  ],
  ""type"": ""Point""
}","{
  ""coordinates"": [
    -83.113186612,
    42.39629777
  ],
  ""type"": ""Point""
}",-83.1131866119999,42.39629777
10208,9755034,TELEGRAPH,MCNICHOLS,2016-07-23,23,7,2016,22,7,97,2,,1,0,,1,1,4,45,3,3,4,5,0,0,0,0,true,,false,false,false,false,false,,,,,,false,false,false,,,false,false,false,false,false,-83.27696,42.41456,"{
  ""coordinates"": [
    -8.327696041099991e+01,
    4.241456227700010e+01
  ],
  ""type"": ""Point""
}","{
  ""coordinates"": [
    -83.276960411,
    42.414562277
  ],
  ""type"": ""Point""
}",-83.2769604109999,42.4145622770001
10209,9756575,I-75,BRUSH,2016-07-23,23,7,2016,15,7,5,7,,1,0,,1,1,1,55,4,2,3,5,0,0,0,0,true,,false,false,false,false,false,,,,,,false,false,false,,,false,false,false,false,false,-83.04902,42.34143,"{
  ""coordinates"": [
    -8.304901641700000e+01,
    4.234143612400000e+01
  ],
  ""type"": ""Point""
}","{
  ""coordinates"": [
    -83.049016417,
    42.341436124
  ],
  ""type"": ""Point""
}",-83.049016417,42.341436124
10210,9768745,EB I-94,LODGE,2016-07-23,23,7,2016,23,7,8,1,,1,0,,1,1,4,55,3,2,4,5,0,0,0,0,true,,false,false,false,false,false,,,,,,false,true,false,,,false,false,false,false,false,-83.08026,42.35645,"{
  ""coordinates"": [
    -8.308026256600000e+01,
    4.235644828600000e+01
  ],
  ""type"": ""Point""
}","{
  ""coordinates"": [
    -83.080262566,
    42.356448286
  ],
  ""type"": ""Point""
}",-83.080262566,42.356448286
10211,9756585,S I 75,RAMP 216J,2016-07-23,23,7,2016,17,7,5,1,,1,0,,1,1,1,0,4,2,5,4,0,0,0,1,false,,false,false,false,false,false,,,,,,false,false,true,,,false,false,false,false,false,-83.05878,42.36975,"{
  ""coordinates"": [
    -8.305877495999989e+01,
    4.236974676600000e+01
  ],
  ""type"": ""Point""
}","{
  ""coordinates"": [
    -83.05877496,
    42.369746766
  ],
  ""type"": ""Point""
}",-83.0587749599999,42.369746766
10212,9755003,WOODBRIDGE,ST AUBIN,2016-07-23,23,7,2016,1,7,4,9,,,0,,1,1,4,25,2,2,1,5,0,0,0,0,true,,false,false,true,false,false,,,,,,false,false,false,,,false,false,true,false,false,-83.02559,42.33606,"{
  ""coordinates"": [
    -8.302559160600001e+01,
    4.233606207300010e+01
  ],
  ""type"": ""Point""
}","{
  ""coordinates"": [
    -83.025591606,
    42.336062073
  ],
  ""type"": ""Point""
}",-83.025591606,42.3360620730001
10213,9754999,GREENFIELD,7 MILE,2016-07-23,23,7,2016,14,7,98,9,,2,0,,1,1,1,35,2,2,1,5,0,0,0,0,true,,false,false,false,false,false,,,,,,false,false,false,,,false,false,false,false,false,-83.19987,42.43064,"{
  ""coordinates"": [
    -8.319987419200000e+01,
    4.243063713000000e+01
  ],
  ""type"": ""Point""
}","{
  ""coordinates"": [
    -83.199874192,
    42.43063713
  ],
  ""type"": ""Point""
}",-83.199874192,42.43063713
10214,9997294,I-94,LINWOOD,2016-07-23,23,7,2016,14,7,8,1,,1,0,,1,1,1,55,3,2,2,5,0,0,0,0,true,,false,false,true,false,false,,,,,,false,true,false,,,false,false,false,false,false,-83.09345,42.35187,"{
  ""coordinates"": [
    -8.309345583299999e+01,
    4.235186835800000e+01
  ],
  ""type"": ""Point""
}","{
  ""coordinates"": [
    -83.093455833,
    42.351868358
  ],
  ""type"": ""Point""
}",-83.093455833,42.351868358
10215,9755016,TOURNIER,ARCHDALE,2016-07-23,23,7,2016,19,7,4,9,,,0,,1,1,1,25,3,2,3,5,0,0,0,0,true,,false,false,false,false,false,,,,,,false,false,false,,,false,false,false,false,false,-83.2166,42.39778,"{
  ""coordinates"": [
    -8.321659800200000e+01,
    4.239777847200000e+01
  ],
  ""type"": ""Point""
}","{
  ""coordinates"": [
    -83.216598002,
    42.397778472
  ],
  ""type"": ""Point""
}",-83.216598002,42.397778472
10216,9754075,LIVERNOIS,JOY,2016-07-23,23,7,2016,18,7,4,9,,4,0,,1,1,1,35,7,2,1,5,0,0,0,0,true,,false,false,true,false,false,,,,,,false,false,false,,,false,false,false,false,false,-83.13839,42.35951,"{
  ""coordinates"": [
    -8.313839066000000e+01,
    4.235951080400010e+01
  ],
  ""type"": ""Point""
}","{
  ""coordinates"": [
    -83.13839066,
    42.359510804
  ],
  ""type"": ""Point""
}",-83.13839066,42.3595108040001
10217,9755886,NORWOOD,OUTER,2016-07-23,23,7,2016,13,7,4,9,,,0,,1,1,1,30,4,2,3,5,0,0,0,0,true,,true,false,false,false,false,,,,,,false,false,true,,,false,false,false,false,false,-83.0676,42.44028,"{
  ""coordinates"": [
    -8.306759468000000e+01,
    4.244028172700010e+01
  ],
  ""type"": ""Point""
}","{
  ""coordinates"": [
    -83.06759468,
    42.440281727
  ],
  ""type"": ""Point""
}",-83.06759468,42.4402817270001
10218,9761487,LIVERNOIS,WARREN,2016-07-23,23,7,2016,5,7,1,9,,4,0,,98,98,98,35,4,2,0,5,0,0,0,0,true,,false,false,true,false,false,,,,,,true,false,false,,,false,false,false,false,false,-83.13052,42.34481,"{
  ""coordinates"": [
    -8.313051373699990e+01,
    4.234481103300000e+01
  ],
  ""type"": ""Point""
}","{
  ""coordinates"": [
    -83.130513737,
    42.344811033
  ],
  ""type"": ""Point""
}",-83.1305137369999,42.344811033
10219,9754975,OUTER,BASSETTE,2016-07-23,23,7,2016,6,7,4,9,,2,0,,1,1,2,35,3,2,2,5,0,0,0,0,true,,false,false,false,false,false,,,,,,false,false,false,,,false,false,false,false,false,-83.16113,42.25544,"{
  ""coordinates"": [
    -8.316112960800000e+01,
    4.225544002900010e+01
  ],
  ""type"": ""Point""
}","{
  ""coordinates"": [
    -83.161129608,
    42.255440029
  ],
  ""type"": ""Point""
}",-83.161129608,42.2554400290001
10220,9754073,LYNDON,ARDMORE,2016-07-23,23,7,2016,14,7,4,9,,4,0,,1,1,1,35,4,2,1,5,0,0,0,0,true,,false,false,true,false,false,,,,,,false,false,false,,,false,false,false,false,false,-83.1842,42.39466,"{
  ""coordinates"": [
    -8.318419594900000e+01,
    4.239466494100000e+01
  ],
  ""type"": ""Point""
}","{
  ""coordinates"": [
    -83.184195949,
    42.394664941
  ],
  ""type"": ""Point""
}",-83.184195949,42.394664941
10221,9754090,FORT,LIVERNOIS,2016-07-23,23,7,2016,18,7,1,3,,1,1,,1,1,1,35,2,1,1,5,0,0,0,0,true,,false,false,false,false,false,,,,,,false,false,false,,,false,false,false,false,false,-83.10372,42.30652,"{
  ""coordinates"": [
    -8.310372024199999e+01,
    4.230652223400010e+01
  ],
  ""type"": ""Point""
}","{
  ""coordinates"": [
    -83.103720242,
    42.306522234
  ],
  ""type"": ""Point""
}",-83.103720242,42.3065222340001
10222,9754096,MCGRAW,PROCTOR,2016-07-23,23,7,2016,20,7,4,9,,4,0,,1,1,1,0,4,2,2,4,0,0,0,1,false,,false,false,true,false,false,,,,,,false,false,false,,,false,false,false,false,false,-83.13943,42.33602,"{
  ""coordinates"": [
    -8.313943486700001e+01,
    4.233601830000000e+01
  ],
  ""type"": ""Point""
}","{
  ""coordinates"": [
    -83.139434867,
    42.3360183
  ],
  ""type"": ""Point""
}",-83.139434867,42.3360183
10223,9754089,14TH,DALZELLE,2016-07-23,23,7,2016,22,7,4,9,,4,3,,1,1,4,25,3,2,2,4,0,0,0,2,false,,false,false,false,false,false,,,,,,false,true,false,,,false,false,false,false,false,-83.07562,42.32983,"{
  ""coordinates"": [
    -8.307562580200000e+01,
    4.232982907000010e+01
  ],
  ""type"": ""Point""
}","{
  ""coordinates"": [
    -83.075625802,
    42.32982907
  ],
  ""type"": ""Point""
}",-83.075625802,42.3298290700001
10224,9759683,EUCLID,LINWOOD,2016-07-23,23,7,2016,15,7,4,9,,4,0,,1,1,1,0,1,2,2,4,0,0,0,1,false,,false,false,false,false,false,,,,,,false,false,false,,,false,false,false,false,false,-83.10487,42.36719,"{
  ""coordinates"": [
    -8.310486899700000e+01,
    4.236718891500000e+01
  ],
  ""type"": ""Point""
}","{
  ""coordinates"": [
    -83.104868997,
    42.367188915
  ],
  ""type"": ""Point""
}",-83.104868997,42.367188915
10225,9755030,EVERGREEN/,MIDLAND,2016-07-23,23,7,2016,21,7,4,9,,4,0,,1,1,4,35,4,2,5,5,0,0,0,0,true,,false,false,false,false,false,,,,,,false,false,true,,,false,false,false,false,false,-83.23758,42.40429,"{
  ""coordinates"": [
    -8.323757955699990e+01,
    4.240428882000000e+01
  ],
  ""type"": ""Point""
}","{
  ""coordinates"": [
    -83.237579557,
    42.40428882
  ],
  ""type"": ""Point""
}",-83.2375795569999,42.40428882
10226,9755040,MCNICHOLS,HICKORY,2016-07-23,23,7,2016,0,7,4,9,,4,0,,1,1,4,25,4,2,2,3,0,0,1,0,false,,false,false,true,false,false,,,,,,false,false,true,,,false,false,false,false,false,-82.9868,42.42611,"{
  ""coordinates"": [
    -8.298680442900000e+01,
    4.242610725300010e+01
  ],
  ""type"": ""Point""
}","{
  ""coordinates"": [
    -82.986804429,
    42.426107253
  ],
  ""type"": ""Point""
}",-82.986804429,42.4261072530001
10227,9779119,I94,CONCORD,2016-07-23,23,7,2016,0,7,8,1,,1,0,,1,1,4,55,3,2,2,5,0,0,0,0,true,,false,false,false,false,false,,,,,,false,false,true,,,false,false,false,false,false,-83.0284,42.38433,"{
  ""coordinates"": [
    -8.302840389200000e+01,
    4.238432693800010e+01
  ],
  ""type"": ""Point""
}","{
  ""coordinates"": [
    -83.028403892,
    42.384326938
  ],
  ""type"": ""Point""
}",-83.028403892,42.3843269380001
10228,9754071,PLYMOUTH,SCHAEFER,2016-07-23,23,7,2016,17,7,97,9,,4,0,,1,1,1,30,3,2,2,5,0,0,0,0,true,,false,false,false,false,false,,,,,,false,false,false,,,false,false,false,false,false,-83.178,42.37304,"{
  ""coordinates"": [
    -8.317800409700000e+01,
    4.237303594800010e+01
  ],
  ""type"": ""Point""
}","{
  ""coordinates"": [
    -83.178004097,
    42.373035948
  ],
  ""type"": ""Point""
}",-83.178004097,42.3730359480001
10229,9754997,N M 39 SERVICE DRIVE,WARREN,2016-07-23,23,7,2016,17,7,4,9,,4,0,,1,1,1,35,4,2,2,5,0,0,0,0,true,,false,false,true,false,false,,,,,,false,false,true,,,false,false,false,false,false,-83.21571,42.34338,"{
  ""coordinates"": [
    -8.321570692200000e+01,
    4.234337505800000e+01
  ],
  ""type"": ""Point""
}","{
  ""coordinates"": [
    -83.215706922,
    42.343375058
  ],
  ""type"": ""Point""
}",-83.215706922,42.343375058
10230,9755898,3RD,MERTON,2016-07-23,23,7,2016,19,7,1,9,,4,0,,1,1,3,30,2,2,0,4,0,0,0,1,false,,false,false,false,false,false,,,,,,true,false,false,,,false,false,false,false,false,-83.1132,42.41848,"{
  ""coordinates"": [
    -8.311320224600000e+01,
    4.241848124100010e+01
  ],
  ""type"": ""Point""
}","{
  ""coordinates"": [
    -83.113202246,
    42.418481241
  ],
  ""type"": ""Point""
}",-83.113202246,42.4184812410001
10231,9759680,CADIEUX,LINVILLE,2016-07-22,22,7,2016,14,6,8,9,,4,0,,1,1,1,30,1,2,5,3,0,0,2,1,false,,false,false,false,false,false,,,,,,false,true,true,,,false,false,false,false,false,-82.93411,42.41261,"{
  ""coordinates"": [
    -8.293411518900000e+01,
    4.241261365100010e+01
  ],
  ""type"": ""Point""
}","{
  ""coordinates"": [
    -82.934115189,
    42.412613651
  ],
  ""type"": ""Point""
}",-82.934115189,42.4126136510001
10232,9758447,I-75,GRAND RIVER,2016-07-22,22,7,2016,14,6,8,1,,1,0,,1,1,1,55,4,2,1,5,0,0,0,0,true,,false,false,true,false,false,,,,,,false,false,false,,,false,false,false,false,false,-83.0571,42.33793,"{
  ""coordinates"": [
    -8.305709976900000e+01,
    4.233792944600000e+01
  ],
  ""type"": ""Point""
}","{
  ""coordinates"": [
    -83.057099769,
    42.337929446
  ],
  ""type"": ""Point""
}",-83.057099769,42.337929446
10233,9766643,WARREN,BECK,2016-07-22,22,7,2016,14,6,5,9,,4,0,,1,1,1,45,3,4,7,4,0,0,0,2,false,,false,false,false,false,false,,,,,,false,true,true,,,false,false,true,false,false,-82.94431,42.40076,"{
  ""coordinates"": [
    -8.294430928000000e+01,
    4.240075738900000e+01
  ],
  ""type"": ""Point""
}","{
  ""coordinates"": [
    -82.94430928,
    42.400757389
  ],
  ""type"": ""Point""
}",-82.94430928,42.400757389
10234,9755041,EVERGREEN,ST MARTINS,2016-07-22,22,7,2016,18,6,4,9,,4,0,,1,1,1,35,2,2,4,3,0,0,1,1,false,,false,false,false,false,false,,,,,,false,true,true,,,false,false,false,false,false,-83.23907,42.43539,"{
  ""coordinates"": [
    -8.323907348800000e+01,
    4.243538758000010e+01
  ],
  ""type"": ""Point""
}","{
  ""coordinates"": [
    -83.239073488,
    42.43538758
  ],
  ""type"": ""Point""
}",-83.239073488,42.4353875800001
10235,9928330,VASSAR,BILTMORE,2016-07-22,22,7,2016,2,6,1,9,,,1,,1,1,4,25,1,1,1,4,0,0,0,1,false,,false,false,false,false,false,,,,,,false,false,true,,,false,false,true,false,false,-83.2122,42.43383,"{
  ""coordinates"": [
    -8.321219727499989e+01,
    4.243383265900010e+01
  ],
  ""type"": ""Point""
}","{
  ""coordinates"": [
    -83.212197275,
    42.433832659
  ],
  ""type"": ""Point""
}",-83.2121972749999,42.4338326590001
10236,9754100,HARPER,CADIEUX,2016-07-22,22,7,2016,14,6,8,9,,4,0,,1,1,1,30,4,2,1,5,0,0,0,0,true,,false,false,true,false,false,,,,,,false,false,false,,,false,false,false,false,false,-82.93671,42.4164,"{
  ""coordinates"": [
    -8.293671428700000e+01,
    4.241640019200000e+01
  ],
  ""type"": ""Point""
}","{
  ""coordinates"": [
    -82.936714287,
    42.416400192
  ],
  ""type"": ""Point""
}",-82.936714287,42.416400192
10237,9755890,OUTER,SHIELDS,2016-07-22,22,7,2016,2,6,1,9,,2,0,,1,1,4,35,3,1,1,2,0,1,0,0,false,,false,false,false,false,false,,,,,,false,false,false,,,false,false,false,false,false,-83.06013,42.4404,"{
  ""coordinates"": [
    -8.306012710399990e+01,
    4.244039555500010e+01
  ],
  ""type"": ""Point""
}","{
  ""coordinates"": [
    -83.060127104,
    42.440395555
  ],
  ""type"": ""Point""
}",-83.0601271039999,42.4403955550001
10238,9755848,I-96,M-39,2016-07-22,22,7,2016,8,6,5,1,,1,0,,1,1,1,70,3,2,1,5,0,0,0,0,true,,false,false,true,false,false,,,,,,false,false,true,,,false,false,false,false,false,-83.22679,42.37786,"{
  ""coordinates"": [
    -8.322679519000000e+01,
    4.237786565400010e+01
  ],
  ""type"": ""Point""
}","{
  ""coordinates"": [
    -83.22679519,
    42.377865654
  ],
  ""type"": ""Point""
}",-83.22679519,42.3778656540001
10239,9755028,TELEGRAPH,7 MILE,2016-07-22,22,7,2016,13,6,8,2,,1,0,,1,1,1,40,4,2,2,5,0,0,0,0,true,,false,false,false,false,false,,,,,,false,false,true,,,false,false,false,false,false,-83.27799,42.4292,"{
  ""coordinates"": [
    -8.327799544999991e+01,
    4.242920142100010e+01
  ],
  ""type"": ""Point""
}","{
  ""coordinates"": [
    -83.27799545,
    42.429201421
  ],
  ""type"": ""Point""
}",-83.2779954499999,42.4292014210001
10240,9754094,LIVERNOIS,PERKINS,2016-07-22,22,7,2016,16,6,8,9,,4,0,,1,1,1,0,3,2,2,5,0,0,0,0,true,,false,false,false,false,false,,,,,,false,false,false,,,false,false,false,false,false,-83.12285,42.33457,"{
  ""coordinates"": [
    -8.312284647699990e+01,
    4.233456629100000e+01
  ],
  ""type"": ""Point""
}","{
  ""coordinates"": [
    -83.122846477,
    42.334566291
  ],
  ""type"": ""Point""
}",-83.1228464769999,42.334566291
10241,9754113,SHERWOOD,7 MILE,2016-07-22,22,7,2016,19,6,4,9,,4,0,,1,1,1,35,2,2,3,5,0,0,0,0,true,,true,true,true,false,false,,,,,,false,false,false,,,false,false,false,false,false,-83.03403,42.43377,"{
  ""coordinates"": [
    -8.303403733200000e+01,
    4.243376701100000e+01
  ],
  ""type"": ""Point""
}","{
  ""coordinates"": [
    -83.034037332,
    42.433767011
  ],
  ""type"": ""Point""
}",-83.034037332,42.433767011
10242,9754088,GRANDRIVER,WARREN,2016-07-22,22,7,2016,20,6,4,3,,1,0,,1,1,1,30,9,2,8,4,0,0,0,2,false,,false,false,false,false,false,,,,,,false,false,false,,,false,false,false,false,false,-83.08932,42.34871,"{
  ""coordinates"": [
    -8.308932663600000e+01,
    4.234870483600000e+01
  ],
  ""type"": ""Point""
}","{
  ""coordinates"": [
    -83.089326636,
    42.348704836
  ],
  ""type"": ""Point""
}",-83.089326636,42.348704836
10243,9754052,I 75,DEARBORN,2016-07-22,22,7,2016,13,6,8,1,,1,0,,1,1,1,70,4,2,2,5,0,0,0,0,true,,false,false,false,false,false,,,,,,false,true,true,,,false,false,false,false,false,-83.12599,42.2963,"{
  ""coordinates"": [
    -8.312599462599999e+01,
    4.229630088600000e+01
  ],
  ""type"": ""Point""
}","{
  ""coordinates"": [
    -83.125994626,
    42.296300886
  ],
  ""type"": ""Point""
}",-83.125994626,42.296300886
10244,9754095,MARTIN,MCGRAW,2016-07-22,22,7,2016,18,6,4,9,,4,0,,1,1,1,25,2,2,4,4,0,0,0,1,false,,true,true,false,true,true,,,,,,false,false,false,,,false,false,false,false,false,-83.13296,42.33862,"{
  ""coordinates"": [
    -8.313295656500000e+01,
    4.233862060900000e+01
  ],
  ""type"": ""Point""
}","{
  ""coordinates"": [
    -83.132956565,
    42.338620609
  ],
  ""type"": ""Point""
}",-83.132956565,42.338620609
10245,9754980,FORT,LIVERNOIS,2016-07-22,22,7,2016,8,6,4,3,,1,0,,1,1,1,35,5,2,4,5,0,0,0,0,true,,true,true,false,false,false,,,,,,false,false,true,,,false,false,false,false,false,-83.10349,42.30662,"{
  ""coordinates"": [
    -8.310348180900000e+01,
    4.230662126200010e+01
  ],
  ""type"": ""Point""
}","{
  ""coordinates"": [
    -83.103481809,
    42.306621262
  ],
  ""type"": ""Point""
}",-83.103481809,42.3066212620001
10246,9754994,JOY,ARTESIAN,2016-07-22,22,7,2016,19,6,5,9,,2,0,,1,1,1,35,5,2,3,4,0,0,0,1,false,,false,false,true,false,false,,,,,,false,false,false,,,false,false,false,false,false,-83.22638,42.3577,"{
  ""coordinates"": [
    -8.322637855600000e+01,
    4.235770463100000e+01
  ],
  ""type"": ""Point""
}","{
  ""coordinates"": [
    -83.226378556,
    42.357704631
  ],
  ""type"": ""Point""
}",-83.226378556,42.357704631
10247,9754109,CHAREST,VICTORIA,2016-07-22,22,7,2016,6,6,2,9,,,0,,1,1,1,25,2,2,1,5,0,0,0,0,true,,false,false,true,false,false,,,,,,false,false,false,,,false,false,false,false,false,-83.06718,42.41629,"{
  ""coordinates"": [
    -8.306718563200000e+01,
    4.241628591100000e+01
  ],
  ""type"": ""Point""
}","{
  ""coordinates"": [
    -83.067185632,
    42.416285911
  ],
  ""type"": ""Point""
}",-83.067185632,42.416285911
10248,9754104,NORFOLK,STANSBURY,2016-07-22,22,7,2016,3,6,2,9,,,2,,1,1,4,25,2,2,1,4,0,0,0,1,false,,false,false,false,false,false,,,,,,false,false,false,,,false,false,false,false,false,-83.18382,42.4428,"{
  ""coordinates"": [
    -8.318381162199999e+01,
    4.244279683400000e+01
  ],
  ""type"": ""Point""
}","{
  ""coordinates"": [
    -83.183811622,
    42.442796834
  ],
  ""type"": ""Point""
}",-83.183811622,42.442796834
10249,9754079,WOODWARD,WITHERELL,2016-07-22,22,7,2016,1,6,5,9,,4,3,,1,1,4,30,2,2,0,5,0,0,0,0,true,,false,false,true,false,false,,,,,,false,false,false,,,false,false,false,false,false,-83.05004,42.33573,"{
  ""coordinates"": [
    -8.305004132900000e+01,
    4.233573083100000e+01
  ],
  ""type"": ""Point""
}","{
  ""coordinates"": [
    -83.050041329,
    42.335730831
  ],
  ""type"": ""Point""
}",-83.050041329,42.335730831
10250,9754107,WYOMING,DESOTO,2016-07-22,22,7,2016,16,6,5,9,,4,0,,1,1,1,30,2,3,6,5,0,0,0,0,true,,false,false,true,false,false,,,,,,false,false,false,,,false,false,false,false,false,-83.15959,42.40085,"{
  ""coordinates"": [
    -8.315959292600000e+01,
    4.240084772100000e+01
  ],
  ""type"": ""Point""
}","{
  ""coordinates"": [
    -83.159592926,
    42.400847721
  ],
  ""type"": ""Point""
}",-83.159592926,42.400847721
10251,9755062,WOODWARD,MCNICHOLS,2016-07-22,22,7,2016,23,6,8,3,,1,0,,1,1,4,0,8,2,2,5,0,0,0,0,true,,false,false,false,false,false,,,,,,false,false,false,,,false,false,false,false,false,-83.10539,42.41793,"{
  ""coordinates"": [
    -8.310539348600000e+01,
    4.241793337700010e+01
  ],
  ""type"": ""Point""
}","{
  ""coordinates"": [
    -83.105393486,
    42.417933377
  ],
  ""type"": ""Point""
}",-83.105393486,42.4179333770001
10252,9772417,JEFFERSON,SCOTTEN,2016-07-22,22,7,2016,12,6,5,9,,4,0,,1,1,1,25,2,2,33,5,0,0,0,0,true,,false,false,false,false,false,,,,,,false,false,false,,,false,true,false,false,false,-83.08453,42.30986,"{
  ""coordinates"": [
    -8.308452891300000e+01,
    4.230986394400000e+01
  ],
  ""type"": ""Point""
}","{
  ""coordinates"": [
    -83.084528913,
    42.309863944
  ],
  ""type"": ""Point""
}",-83.084528913,42.309863944
10253,9756589,I-75,DAVISON,2016-07-22,22,7,2016,14,6,5,1,,1,0,,1,1,1,70,5,3,3,5,0,0,0,0,true,,false,false,false,false,false,,,,,,false,false,true,,,false,false,false,false,false,-83.07265,42.40356,"{
  ""coordinates"": [
    -8.307265155000000e+01,
    4.240356595900000e+01
  ],
  ""type"": ""Point""
}","{
  ""coordinates"": [
    -83.07265155,
    42.403565959
  ],
  ""type"": ""Point""
}",-83.07265155,42.403565959
10254,9763169,7 MILE,ASHTON,2016-07-22,22,7,2016,15,6,97,9,,2,0,,1,1,1,35,4,2,3,5,0,0,0,0,true,,false,false,false,false,false,,,,,,false,false,false,,,false,false,false,false,false,-83.22063,42.42998,"{
  ""coordinates"": [
    -8.322062802499990e+01,
    4.242998071900010e+01
  ],
  ""type"": ""Point""
}","{
  ""coordinates"": [
    -83.220628025,
    42.429980719
  ],
  ""type"": ""Point""
}",-83.2206280249999,42.4299807190001
10255,9758492,OUTER,KEBDALL,2016-07-22,22,7,2016,23,6,9,9,,2,2,,1,1,4,0,2,2,1,5,0,0,0,0,true,,false,false,true,false,false,,,,,,false,false,false,,,false,false,false,false,false,-83.25625,42.38829,"{
  ""coordinates"": [
    -8.325624778000000e+01,
    4.238829312400000e+01
  ],
  ""type"": ""Point""
}","{
  ""coordinates"": [
    -83.25624778,
    42.388293124
  ],
  ""type"": ""Point""
}",-83.25624778,42.388293124
10256,9755844,I-75,WOODWARD,2016-07-22,22,7,2016,15,6,5,1,,1,0,,1,1,1,55,4,3,3,4,0,0,0,1,false,,false,false,false,false,false,,,,,,false,false,false,,,false,false,false,false,false,-83.05169,42.34031,"{
  ""coordinates"": [
    -8.305168569800000e+01,
    4.234031305200010e+01
  ],
  ""type"": ""Point""
}","{
  ""coordinates"": [
    -83.051685698,
    42.340313052
  ],
  ""type"": ""Point""
}",-83.051685698,42.3403130520001
10257,9754989,BURT,GRAND RIVER,2016-07-22,22,7,2016,18,6,5,3,,4,0,,1,1,1,25,2,2,2,4,0,0,0,1,false,,false,false,true,false,false,,,,,,false,false,false,,,false,false,false,false,false,-83.24762,42.41236,"{
  ""coordinates"": [
    -8.324762111000000e+01,
    4.241235833300000e+01
  ],
  ""type"": ""Point""
}","{
  ""coordinates"": [
    -83.24762111,
    42.412358333
  ],
  ""type"": ""Point""
}",-83.24762111,42.412358333
10258,9754115,GREENFIELD,MCNICHOLS,2016-07-22,22,7,2016,10,6,5,9,,2,0,,1,1,1,35,6,2,2,4,0,0,0,2,false,,false,false,false,false,false,,,,,,false,false,false,,,false,false,false,false,false,-83.1993,42.41592,"{
  ""coordinates"": [
    -8.319930554400000e+01,
    4.241592359600000e+01
  ],
  ""type"": ""Point""
}","{
  ""coordinates"": [
    -83.199305544,
    42.415923596
  ],
  ""type"": ""Point""
}",-83.199305544,42.415923596
10259,9754117,S M 10,MCNICHOLS,2016-07-22,22,7,2016,9,6,8,3,,1,0,,1,1,1,35,3,2,2,5,0,0,0,0,true,,false,false,false,false,false,,,,,,false,false,false,,,false,false,false,false,false,-83.17229,42.41669,"{
  ""coordinates"": [
    -8.317228861000000e+01,
    4.241668612100010e+01
  ],
  ""type"": ""Point""
}","{
  ""coordinates"": [
    -83.17228861,
    42.416686121
  ],
  ""type"": ""Point""
}",-83.17228861,42.4166861210001
10260,9759696,8 MILE,BRAMFORD,2016-07-22,22,7,2016,16,6,4,3,,1,0,,1,1,1,40,4,2,2,5,0,0,0,0,true,,false,false,false,false,false,,,,,,false,false,true,,,false,false,false,false,false,-83.02355,42.44819,"{
  ""coordinates"": [
    -8.302355051900000e+01,
    4.244818783400010e+01
  ],
  ""type"": ""Point""
}","{
  ""coordinates"": [
    -83.023550519,
    42.448187834
  ],
  ""type"": ""Point""
}",-83.023550519,42.4481878340001
10261,9997310,S I 75,PIQUETTE,2016-07-22,22,7,2016,15,6,97,1,,1,0,,1,1,1,55,4,2,0,5,0,0,0,0,true,,false,false,true,false,false,,,,,,true,false,false,,,false,false,false,false,false,-83.05952,42.37185,"{
  ""coordinates"": [
    -8.305951947999991e+01,
    4.237184793200000e+01
  ],
  ""type"": ""Point""
}","{
  ""coordinates"": [
    -83.05951948,
    42.371847932
  ],
  ""type"": ""Point""
}",-83.0595194799999,42.371847932