ObjectId,Crash ID,Primary Road,Intersecting Road,Crash Date,Day,Month,Year,Hour,Weekday,Crash Type Code,Highway Classification Code,Community Code,Jurisdiction Code,Lane Departure Type Code,Surface Type,Road Condition,Weather Condition,Lighting Condition,Speed Limit,Lanes,Units,Occupants,Most Severe Injury,Fatal Injuries,Suspected Serious Injuries,Suspected Minor Injuries,Possible Injuries,Property Damage Only,Secondary Crash,Traffic Control,Red Light Run,Hit and Run,Alcohol,Drugs,Unbelted Person,Work Zone,Speeding Driver,Distracted Driver,Driveway,Pedestrian,Elderly Driver,Young Driver,Commercial Vehicle,Emergency Vehicles,Train,School Bus,Motorcycle,Bicycle,Deer,Longitude,Latitude,geom,geog,x,y
10262,9768733,S M 10,LINWOOD,2016-07-22,22,7,2016,0,6,1,3,,1,1,,1,1,4,55,3,1,1,4,0,0,0,1,false,,false,false,false,false,false,,,,,,false,false,true,,,false,false,false,false,false,-83.12749,42.40508,"{
  ""coordinates"": [
    -8.312749012599990e+01,
    4.240507626500000e+01
  ],
  ""type"": ""Point""
}","{
  ""coordinates"": [
    -83.127490126,
    42.405076265
  ],
  ""type"": ""Point""
}",-83.1274901259999,42.405076265
10263,9755027,7 MILE,MURRAY,2016-07-22,22,7,2016,8,6,4,9,,2,0,,1,1,1,35,4,2,2,5,0,0,0,0,true,,true,true,false,false,false,,,,,,false,false,false,,,false,false,false,false,false,-83.20846,42.43029,"{
  ""coordinates"": [
    -8.320845510399990e+01,
    4.243029394900000e+01
  ],
  ""type"": ""Point""
}","{
  ""coordinates"": [
    -83.208455104,
    42.430293949
  ],
  ""type"": ""Point""
}",-83.2084551039999,42.430293949
10264,9768716,S I 75,RAMP 216J,2016-07-22,22,7,2016,15,6,5,1,,1,0,,1,1,1,55,4,2,4,5,0,0,0,0,true,,false,false,true,false,false,,,,,,false,false,false,,,false,false,false,false,false,-83.05878,42.36975,"{
  ""coordinates"": [
    -8.305877495999989e+01,
    4.236974676600000e+01
  ],
  ""type"": ""Point""
}","{
  ""coordinates"": [
    -83.05877496,
    42.369746766
  ],
  ""type"": ""Point""
}",-83.0587749599999,42.369746766
10265,9754982,LIVERNOIS,HANSON,2016-07-22,22,7,2016,12,6,5,1,,4,0,,1,1,1,35,7,2,3,5,0,0,0,0,true,,false,false,false,false,false,,,,,,false,false,false,,,false,false,false,false,false,-83.12575,42.33856,"{
  ""coordinates"": [
    -8.312574834700000e+01,
    4.233856369100000e+01
  ],
  ""type"": ""Point""
}","{
  ""coordinates"": [
    -83.125748347,
    42.338563691
  ],
  ""type"": ""Point""
}",-83.125748347,42.338563691
10266,9768744,I-375,LAFAYETTE,2016-07-22,22,7,2016,18,6,8,1,,1,0,,1,2,1,55,3,2,2,5,0,0,0,0,true,,false,false,false,false,false,,,,,,false,false,false,,,false,false,false,false,false,-83.04339,42.34152,"{
  ""coordinates"": [
    -8.304338760099991e+01,
    4.234152268400000e+01
  ],
  ""type"": ""Point""
}","{
  ""coordinates"": [
    -83.043387601,
    42.341522684
  ],
  ""type"": ""Point""
}",-83.0433876009999,42.341522684
10267,9756584,I-75,CLAY,2016-07-22,22,7,2016,15,6,8,1,,1,0,,1,1,1,0,4,2,2,5,0,0,0,0,true,,false,false,false,false,false,,,,,,false,false,false,,,false,false,false,false,false,-83.06374,42.37958,"{
  ""coordinates"": [
    -8.306373624199991e+01,
    4.237957727800010e+01
  ],
  ""type"": ""Point""
}","{
  ""coordinates"": [
    -83.063736242,
    42.379577278
  ],
  ""type"": ""Point""
}",-83.0637362419999,42.3795772780001
10268,9755051,7 MILE,MOUND,2016-07-22,22,7,2016,12,6,8,9,,4,0,,1,1,1,35,4,2,2,5,0,0,0,0,true,,false,false,false,false,false,,,,,,false,false,true,,,false,false,false,false,false,-83.04385,42.43356,"{
  ""coordinates"": [
    -8.304385406900001e+01,
    4.243356295500010e+01
  ],
  ""type"": ""Point""
}","{
  ""coordinates"": [
    -83.043854069,
    42.433562955
  ],
  ""type"": ""Point""
}",-83.043854069,42.4335629550001
10269,9754083,I 94,LIVERNOIS,2016-07-22,22,7,2016,1,6,5,1,,1,0,,1,1,4,55,3,2,4,4,0,0,0,2,false,,false,false,true,false,false,,,,,,false,false,false,,,false,false,false,false,false,-83.12437,42.3371,"{
  ""coordinates"": [
    -8.312437695300000e+01,
    4.233709997700000e+01
  ],
  ""type"": ""Point""
}","{
  ""coordinates"": [
    -83.124376953,
    42.337099977
  ],
  ""type"": ""Point""
}",-83.124376953,42.337099977
10270,9755042,MOUND,8 MILE,2016-07-22,22,7,2016,14,6,97,3,,2,0,,1,1,1,0,2,2,2,5,0,0,0,0,true,,false,false,true,false,false,,,,,,false,false,false,,,false,false,false,false,false,-83.04395,42.4478,"{
  ""coordinates"": [
    -8.304394860199990e+01,
    4.244779979900010e+01
  ],
  ""type"": ""Point""
}","{
  ""coordinates"": [
    -83.043948602,
    42.447799799
  ],
  ""type"": ""Point""
}",-83.0439486019999,42.4477997990001
10271,9754988,GRAND RIVER,W I 94 SERVICE DRIVE,2016-07-22,22,7,2016,16,6,5,3,,1,0,,1,1,1,0,2,2,2,5,0,0,0,0,true,,false,false,true,false,false,,,,,,false,false,true,,,false,false,false,false,false,-83.09641,42.35156,"{
  ""coordinates"": [
    -8.309640603799990e+01,
    4.235156092800000e+01
  ],
  ""type"": ""Point""
}","{
  ""coordinates"": [
    -83.096406038,
    42.351560928
  ],
  ""type"": ""Point""
}",-83.0964060379999,42.351560928
10272,9756628,SANTA ROSA,THATCHER,2016-07-22,22,7,2016,23,6,8,9,,,0,,1,1,4,25,2,2,1,4,0,0,0,1,false,,false,false,false,true,false,,,,,,false,false,false,,,false,false,false,false,false,-83.1432,42.42161,"{
  ""coordinates"": [
    -8.314320135100000e+01,
    4.242161139900000e+01
  ],
  ""type"": ""Point""
}","{
  ""coordinates"": [
    -83.143201351,
    42.421611399
  ],
  ""type"": ""Point""
}",-83.143201351,42.421611399
10273,9754983,SPRINGWELLS,NAVY,2016-07-22,22,7,2016,12,6,1,9,,4,0,,1,1,1,25,2,2,1,4,0,0,0,1,false,,false,false,true,false,false,,,,,,false,false,false,,,false,false,false,true,false,-83.12579,42.30946,"{
  ""coordinates"": [
    -8.312578795199990e+01,
    4.230945846000000e+01
  ],
  ""type"": ""Point""
}","{
  ""coordinates"": [
    -83.125787952,
    42.30945846
  ],
  ""type"": ""Point""
}",-83.1257879519999,42.30945846
10274,9757550,MONROE,BEAUBIEN,2016-07-22,22,7,2016,23,6,8,9,,4,0,,1,1,4,25,2,2,2,5,0,0,0,0,true,,false,false,true,false,false,,,,,,false,true,false,,,false,false,false,false,false,-83.04233,42.33501,"{
  ""coordinates"": [
    -8.304233027299991e+01,
    4.233500764400000e+01
  ],
  ""type"": ""Point""
}","{
  ""coordinates"": [
    -83.042330273,
    42.335007644
  ],
  ""type"": ""Point""
}",-83.0423302729999,42.335007644
10275,9754084,GRATIOT,BEAUBIEN,2016-07-22,22,7,2016,23,6,3,3,,1,0,,1,1,4,35,3,2,4,5,0,0,0,0,true,,false,false,false,false,false,,,,,,false,false,true,,,false,false,false,false,false,-83.04391,42.33679,"{
  ""coordinates"": [
    -8.304391818800001e+01,
    4.233678660700010e+01
  ],
  ""type"": ""Point""
}","{
  ""coordinates"": [
    -83.043918188,
    42.336786607
  ],
  ""type"": ""Point""
}",-83.043918188,42.3367866070001
10276,9754067,HAYES,BRINGARD,2016-07-22,22,7,2016,15,6,4,9,,4,0,,1,1,1,30,2,2,3,5,0,0,0,0,true,,true,false,false,false,false,,,,,,false,false,true,,,false,false,false,false,false,-82.96592,42.44629,"{
  ""coordinates"": [
    -8.296592299799990e+01,
    4.244629397400010e+01
  ],
  ""type"": ""Point""
}","{
  ""coordinates"": [
    -82.965922998,
    42.446293974
  ],
  ""type"": ""Point""
}",-82.9659229979999,42.4462939740001
10277,9755033,TELEGRAPH,SANTA MARIA,2016-07-22,22,7,2016,15,6,8,2,,1,0,,1,1,1,45,3,2,2,5,0,0,0,0,true,,false,false,false,false,false,,,,,,false,false,true,,,false,false,false,false,false,-83.27748,42.41684,"{
  ""coordinates"": [
    -8.327748227700000e+01,
    4.241684234200010e+01
  ],
  ""type"": ""Point""
}","{
  ""coordinates"": [
    -83.277482277,
    42.416842342
  ],
  ""type"": ""Point""
}",-83.277482277,42.4168423420001
10278,9755836,N/B I-75,WOODWARD,2016-07-22,22,7,2016,15,6,5,1,,1,0,,1,1,1,55,4,2,3,3,0,0,1,2,false,,false,false,false,false,false,,,,,,false,false,true,,,false,false,false,false,false,-83.05248,42.33998,"{
  ""coordinates"": [
    -8.305248355299990e+01,
    4.233997737900010e+01
  ],
  ""type"": ""Point""
}","{
  ""coordinates"": [
    -83.052483553,
    42.339977379
  ],
  ""type"": ""Point""
}",-83.0524835529999,42.3399773790001
10279,9768814,I-75,3RD,2016-07-22,22,7,2016,18,6,5,1,,1,0,,1,2,1,55,3,2,4,5,0,0,0,0,true,,false,false,false,false,false,,,,,,false,false,false,,,false,false,false,false,false,-83.0595,42.33656,"{
  ""coordinates"": [
    -8.305949919299999e+01,
    4.233656354200010e+01
  ],
  ""type"": ""Point""
}","{
  ""coordinates"": [
    -83.059499193,
    42.336563542
  ],
  ""type"": ""Point""
}",-83.059499193,42.3365635420001
10280,9755878,WHITEHILL,MORANG,2016-07-22,22,7,2016,16,6,4,9,,,0,,1,1,1,25,1,2,2,5,0,0,0,0,true,,false,false,true,false,false,,,,,,false,true,true,,,false,false,false,false,false,-82.95199,42.42717,"{
  ""coordinates"": [
    -8.295199130299990e+01,
    4.242717070800010e+01
  ],
  ""type"": ""Point""
}","{
  ""coordinates"": [
    -82.951991303,
    42.427170708
  ],
  ""type"": ""Point""
}",-82.9519913029999,42.4271707080001
10281,9754102,CADIEUX,FRANKFORT,2016-07-22,22,7,2016,16,6,97,9,,4,0,,1,1,1,30,3,2,3,4,0,0,0,1,false,,false,false,false,false,false,,,,,,false,false,true,,,false,false,false,false,false,-82.93092,42.40777,"{
  ""coordinates"": [
    -8.293092381199990e+01,
    4.240777362400010e+01
  ],
  ""type"": ""Point""
}","{
  ""coordinates"": [
    -82.930923812,
    42.407773624
  ],
  ""type"": ""Point""
}",-82.9309238119999,42.4077736240001
10282,9757561,MICHIGAN,31ST,2016-07-22,22,7,2016,12,6,97,2,,1,0,,1,1,1,35,7,2,5,4,0,0,0,1,false,,false,false,false,false,false,,,,,,false,true,false,,,false,false,false,false,false,-83.10815,42.33119,"{
  ""coordinates"": [
    -8.310815572900000e+01,
    4.233119199500000e+01
  ],
  ""type"": ""Point""
}","{
  ""coordinates"": [
    -83.108155729,
    42.331191995
  ],
  ""type"": ""Point""
}",-83.108155729,42.331191995
10283,9754080,LORAINE,GRAND RIVER,2016-07-22,22,7,2016,16,6,1,3,,,0,,1,1,1,25,2,2,1,2,0,1,0,0,false,,false,false,true,false,false,,,,,,true,false,false,,,false,false,false,false,false,-83.09462,42.35085,"{
  ""coordinates"": [
    -8.309461640799999e+01,
    4.235084447700010e+01
  ],
  ""type"": ""Point""
}","{
  ""coordinates"": [
    -83.094616408,
    42.350844477
  ],
  ""type"": ""Point""
}",-83.094616408,42.3508444770001
10284,9757562,CENTRAL,WALDO,2016-07-22,22,7,2016,15,6,97,9,,4,0,,1,1,1,30,2,2,1,4,0,0,0,1,false,,false,false,true,false,false,,,,,,false,false,false,,,false,false,false,false,false,-83.13372,42.32566,"{
  ""coordinates"": [
    -8.313372057299991e+01,
    4.232565714800010e+01
  ],
  ""type"": ""Point""
}","{
  ""coordinates"": [
    -83.133720573,
    42.325657148
  ],
  ""type"": ""Point""
}",-83.1337205729999,42.3256571480001
10285,9755006,WARREN,MT ELLIOTT,2016-07-22,22,7,2016,2,6,4,9,,4,0,,1,1,4,35,4,2,1,5,0,0,0,0,true,,false,false,true,false,false,,,,,,false,false,false,,,false,false,false,false,false,-83.0277,42.37045,"{
  ""coordinates"": [
    -8.302769913400000e+01,
    4.237045271600000e+01
  ],
  ""type"": ""Point""
}","{
  ""coordinates"": [
    -83.027699134,
    42.370452716
  ],
  ""type"": ""Point""
}",-83.027699134,42.370452716
10286,9755894,E I 94,CONNER,2016-07-22,22,7,2016,21,6,8,1,,1,0,,1,1,3,65,4,2,2,5,0,0,0,0,true,,false,false,true,false,false,,,,,,false,true,false,,,false,false,false,false,false,-82.98791,42.39633,"{
  ""coordinates"": [
    -8.298790457699990e+01,
    4.239632883000010e+01
  ],
  ""type"": ""Point""
}","{
  ""coordinates"": [
    -82.987904577,
    42.39632883
  ],
  ""type"": ""Point""
}",-82.9879045769999,42.3963288300001
10287,9788376,SCHAEFER,GROVE,2016-07-22,22,7,2016,18,6,97,9,,4,0,,1,1,1,30,2,2,0,5,0,0,0,0,true,,false,false,false,false,false,,,,,,true,false,false,,,false,false,false,false,false,-83.1797,42.41426,"{
  ""coordinates"": [
    -8.317969151800000e+01,
    4.241426131400000e+01
  ],
  ""type"": ""Point""
}","{
  ""coordinates"": [
    -83.179691518,
    42.414261314
  ],
  ""type"": ""Point""
}",-83.179691518,42.414261314
10288,9754978,MICHIGAN,WEIR,2016-07-22,22,7,2016,13,6,1,2,,1,0,,1,1,1,35,6,2,0,5,0,0,0,0,true,,true,true,true,false,false,,,,,,true,false,false,,,false,false,false,false,false,-83.15342,42.32867,"{
  ""coordinates"": [
    -8.315342075900000e+01,
    4.232866594900000e+01
  ],
  ""type"": ""Point""
}","{
  ""coordinates"": [
    -83.153420759,
    42.328665949
  ],
  ""type"": ""Point""
}",-83.153420759,42.328665949
10289,9755904,SHREWSBURY,CHESTERFIELD,2016-07-22,22,7,2016,18,6,4,9,,,0,,1,1,1,0,1,2,2,5,0,0,0,0,true,,false,false,false,false,false,,,,,,false,true,false,,,false,false,false,false,false,-83.13756,42.43625,"{
  ""coordinates"": [
    -8.313755750199989e+01,
    4.243624920100010e+01
  ],
  ""type"": ""Point""
}","{
  ""coordinates"": [
    -83.137557502,
    42.436249201
  ],
  ""type"": ""Point""
}",-83.1375575019999,42.4362492010001
10290,9754112,BEAUBIEN,MONROE,2016-07-22,22,7,2016,23,6,8,9,,4,0,,1,1,4,25,2,3,3,5,0,0,0,0,true,,false,false,true,false,false,,,,,,false,false,false,,,false,false,false,false,false,-83.04273,42.33515,"{
  ""coordinates"": [
    -8.304273273099990e+01,
    4.233514835800000e+01
  ],
  ""type"": ""Point""
}","{
  ""coordinates"": [
    -83.042732731,
    42.335148358
  ],
  ""type"": ""Point""
}",-83.0427327309999,42.335148358
10291,9754114,MACKAY,BURNSIDE,2016-07-22,22,7,2016,14,6,4,9,,,0,,1,1,1,25,4,2,2,5,0,0,0,0,true,,true,false,true,false,false,,,,,,false,false,true,,,false,false,false,false,false,-83.06773,42.40693,"{
  ""coordinates"": [
    -8.306773393899989e+01,
    4.240692650100000e+01
  ],
  ""type"": ""Point""
}","{
  ""coordinates"": [
    -83.067733939,
    42.406926501
  ],
  ""type"": ""Point""
}",-83.0677339389999,42.406926501
10292,9754087,LODGE S D,FRANK,2016-07-22,22,7,2016,15,6,1,9,,4,0,,1,1,1,30,3,1,1,5,0,0,0,0,true,,false,false,false,false,false,,,,,,false,false,false,,,false,false,false,false,false,-83.06934,42.34672,"{
  ""coordinates"": [
    -8.306934027299999e+01,
    4.234672023800000e+01
  ],
  ""type"": ""Point""
}","{
  ""coordinates"": [
    -83.069340273,
    42.346720238
  ],
  ""type"": ""Point""
}",-83.069340273,42.346720238
10293,9755044,OUTER,ROSEBERRY,2016-07-22,22,7,2016,11,6,4,9,,2,0,,1,1,1,35,3,2,2,4,0,0,0,1,false,,false,false,false,false,false,,,,,,false,false,false,,,false,false,false,false,false,-82.9874,42.40913,"{
  ""coordinates"": [
    -8.298740293400000e+01,
    4.240913280500010e+01
  ],
  ""type"": ""Point""
}","{
  ""coordinates"": [
    -82.987402934,
    42.409132805
  ],
  ""type"": ""Point""
}",-82.987402934,42.4091328050001
10294,9754099,HARPER,W I 94,2016-07-22,22,7,2016,18,6,8,9,,4,0,,1,1,1,35,3,2,2,4,0,0,0,1,false,,false,false,false,false,false,,,,,,false,false,false,,,false,false,false,false,false,-82.94884,42.40904,"{
  ""coordinates"": [
    -8.294884354300000e+01,
    4.240904196900000e+01
  ],
  ""type"": ""Point""
}","{
  ""coordinates"": [
    -82.948843543,
    42.409041969
  ],
  ""type"": ""Point""
}",-82.948843543,42.409041969
10295,9754069,WARREN,N M 39 SERVICE DRIVE,2016-07-22,22,7,2016,11,6,8,9,,2,0,,1,1,1,30,5,2,3,5,0,0,0,0,true,,false,false,false,false,false,,,,,,false,false,false,,,false,false,false,false,false,-83.21583,42.34337,"{
  ""coordinates"": [
    -8.321583040199990e+01,
    4.234337256300010e+01
  ],
  ""type"": ""Point""
}","{
  ""coordinates"": [
    -83.215830402,
    42.343372563
  ],
  ""type"": ""Point""
}",-83.2158304019999,42.3433725630001
10296,9755910,LAHSER,FENKELL,2016-07-21,21,7,2016,7,5,4,9,,2,0,,1,1,1,30,6,2,1,4,0,0,0,1,false,,false,false,true,false,false,,,,,,false,false,false,,,false,false,false,false,false,-83.25684,42.40049,"{
  ""coordinates"": [
    -8.325683282499990e+01,
    4.240049143300010e+01
  ],
  ""type"": ""Point""
}","{
  ""coordinates"": [
    -83.256832825,
    42.400491433
  ],
  ""type"": ""Point""
}",-83.2568328249999,42.4004914330001
10297,9754962,LUCKY,W I 94,2016-07-21,21,7,2016,16,5,5,1,,,0,,1,2,1,55,3,2,2,5,0,0,0,0,true,,false,false,false,false,false,,,,,,false,false,false,,,false,false,false,false,false,-83.03869,42.37739,"{
  ""coordinates"": [
    -8.303868874499990e+01,
    4.237738734100000e+01
  ],
  ""type"": ""Point""
}","{
  ""coordinates"": [
    -83.038688745,
    42.377387341
  ],
  ""type"": ""Point""
}",-83.0386887449999,42.377387341
10298,9753030,PLYMOUTH,WARWICK,2016-07-21,21,7,2016,8,5,5,9,,4,0,,1,1,1,35,2,2,1,5,0,0,0,0,true,,false,false,false,false,false,,,,,,false,true,false,,,false,false,false,false,false,-83.22768,42.37203,"{
  ""coordinates"": [
    -8.322768762800000e+01,
    4.237202757800000e+01
  ],
  ""type"": ""Point""
}","{
  ""coordinates"": [
    -83.227687628,
    42.372027578
  ],
  ""type"": ""Point""
}",-83.227687628,42.372027578
10299,9765210,SCHAEFER,LYNDON,2016-07-21,21,7,2016,13,5,4,9,,4,0,,1,1,1,35,3,2,4,5,0,0,0,0,true,,false,false,false,false,false,,,,,,false,false,false,,,false,false,false,false,false,-83.1788,42.39503,"{
  ""coordinates"": [
    -8.317880081200001e+01,
    4.239502597200000e+01
  ],
  ""type"": ""Point""
}","{
  ""coordinates"": [
    -83.178800812,
    42.395025972
  ],
  ""type"": ""Point""
}",-83.178800812,42.395025972
10300,9754965,I-75,WARREN,2016-07-21,21,7,2016,15,5,5,1,,1,0,,1,2,1,55,4,2,2,5,0,0,0,0,true,,false,false,false,false,false,,,,,,false,false,false,,,false,false,false,false,false,-83.05341,42.3596,"{
  ""coordinates"": [
    -8.305340215599990e+01,
    4.235959870000000e+01
  ],
  ""type"": ""Point""
}","{
  ""coordinates"": [
    -83.053402156,
    42.3595987
  ],
  ""type"": ""Point""
}",-83.0534021559999,42.3595987
10301,9755002,8 MILE,LIVERNOIS,2016-07-21,21,7,2016,1,5,5,3,,1,0,,1,1,4,40,3,2,2,5,0,0,0,0,true,,false,false,false,false,false,,,,,,false,true,false,,,false,false,false,false,false,-83.14198,42.44608,"{
  ""coordinates"": [
    -8.314197691000000e+01,
    4.244608267300000e+01
  ],
  ""type"": ""Point""
}","{
  ""coordinates"": [
    -83.14197691,
    42.446082673
  ],
  ""type"": ""Point""
}",-83.14197691,42.446082673
10302,9754964,M-39,GRAND RIVER,2016-07-21,21,7,2016,8,5,5,3,,1,0,,1,1,1,55,3,2,6,5,0,0,0,0,true,,false,false,false,false,false,,,,,,false,false,false,,,false,false,false,false,false,-83.21816,42.39929,"{
  ""coordinates"": [
    -8.321816259300000e+01,
    4.239929323000010e+01
  ],
  ""type"": ""Point""
}","{
  ""coordinates"": [
    -83.218162593,
    42.39929323
  ],
  ""type"": ""Point""
}",-83.218162593,42.3992932300001
10303,9768759,I 96,LIVERNOIS,2016-07-21,21,7,2016,21,5,1,1,,1,1,,1,1,4,70,4,1,1,5,0,0,0,0,true,,false,false,false,false,false,,,,,,false,false,false,,,false,false,false,false,false,-83.14297,42.36916,"{
  ""coordinates"": [
    -8.314297797499999e+01,
    4.236916020300000e+01
  ],
  ""type"": ""Point""
}","{
  ""coordinates"": [
    -83.142977975,
    42.369160203
  ],
  ""type"": ""Point""
}",-83.142977975,42.369160203
10304,9762242,CASS,N I 75 SERVICE DRIVE,2016-07-21,21,7,2016,11,5,4,9,,4,0,,1,1,1,25,2,2,2,4,0,0,0,1,false,,false,false,false,false,false,,,,,,false,false,false,,,false,false,false,false,false,-83.05637,42.33793,"{
  ""coordinates"": [
    -8.305636673500000e+01,
    4.233793178500010e+01
  ],
  ""type"": ""Point""
}","{
  ""coordinates"": [
    -83.056366735,
    42.337931785
  ],
  ""type"": ""Point""
}",-83.056366735,42.3379317850001
10305,9752996,LODGE,WYOMING,2016-07-21,21,7,2016,10,5,8,3,,1,0,,1,1,1,55,3,2,1,5,0,0,0,0,true,,false,false,true,false,false,,,,,,false,false,false,,,false,false,false,false,false,-83.16165,42.40625,"{
  ""coordinates"": [
    -8.316165306999990e+01,
    4.240625372600000e+01
  ],
  ""type"": ""Point""
}","{
  ""coordinates"": [
    -83.16165307,
    42.406253726
  ],
  ""type"": ""Point""
}",-83.1616530699999,42.406253726
10306,9917279,7 MILE,MAPLEVIEW,2016-07-21,21,7,2016,4,5,5,9,,4,0,,1,2,1,30,1,2,2,5,0,0,0,0,true,,false,false,false,false,false,,,,,,false,false,false,,,false,false,false,false,false,-82.98361,42.43494,"{
  ""coordinates"": [
    -8.298361168700001e+01,
    4.243494152300010e+01
  ],
  ""type"": ""Point""
}","{
  ""coordinates"": [
    -82.983611687,
    42.434941523
  ],
  ""type"": ""Point""
}",-82.983611687,42.4349415230001
10307,9764086,OAKMAN,DAVISON,2016-07-21,21,7,2016,17,5,5,3,,4,0,,98,98,98,30,2,2,1,5,0,0,0,0,true,,false,false,true,false,false,,,,,,false,false,false,,,false,false,false,false,false,-83.14419,42.38601,"{
  ""coordinates"": [
    -8.314418811699990e+01,
    4.238600455300010e+01
  ],
  ""type"": ""Point""
}","{
  ""coordinates"": [
    -83.144188117,
    42.386004553
  ],
  ""type"": ""Point""
}",-83.1441881169999,42.3860045530001
10308,9766232,GRAND RIVER,WINTHROP,2016-07-21,21,7,2016,12,5,4,3,,1,0,,1,1,1,35,6,2,4,2,0,1,0,1,false,,false,false,false,false,false,,,,,,false,false,false,,,false,false,false,false,false,-83.19997,42.39331,"{
  ""coordinates"": [
    -8.319996841499990e+01,
    4.239330485600000e+01
  ],
  ""type"": ""Point""
}","{
  ""coordinates"": [
    -83.199968415,
    42.393304856
  ],
  ""type"": ""Point""
}",-83.1999684149999,42.393304856
10309,9753035,CELESTINE,MAYFIELD,2016-07-21,21,7,2016,17,5,4,9,,,0,,2,4,1,25,2,2,4,5,0,0,0,0,true,,false,false,false,false,false,,,,,,false,false,false,,,false,false,false,false,false,-82.97245,42.4223,"{
  ""coordinates"": [
    -8.297244658400000e+01,
    4.242229961900010e+01
  ],
  ""type"": ""Point""
}","{
  ""coordinates"": [
    -82.972446584,
    42.422299619
  ],
  ""type"": ""Point""
}",-82.972446584,42.4222996190001
10310,9758445,I-96,FULLERTON,2016-07-21,21,7,2016,18,5,1,1,,1,1,,2,4,1,70,4,1,1,4,0,0,0,1,false,,false,false,false,false,false,,,,,,false,false,true,,,false,false,false,false,false,-83.18836,42.38057,"{
  ""coordinates"": [
    -8.318836298199990e+01,
    4.238057346100000e+01
  ],
  ""type"": ""Point""
}","{
  ""coordinates"": [
    -83.188362982,
    42.380573461
  ],
  ""type"": ""Point""
}",-83.1883629819999,42.380573461
10311,9768984,COMMONWEALTH,WARREN,2016-07-21,21,7,2016,8,5,9,9,,,2,,1,1,1,25,2,2,1,5,0,0,0,0,true,,false,false,true,false,false,,,,,,false,false,true,,,false,false,false,false,false,-83.07849,42.34918,"{
  ""coordinates"": [
    -8.307849331499990e+01,
    4.234917981400010e+01
  ],
  ""type"": ""Point""
}","{
  ""coordinates"": [
    -83.078493315,
    42.349179814
  ],
  ""type"": ""Point""
}",-83.0784933149999,42.3491798140001
10312,9752993,I 94,ROOSEVELT,2016-07-21,21,7,2016,9,5,5,9,,,0,,1,1,1,55,3,2,3,5,0,0,0,0,true,,false,false,false,false,false,,,,,,false,false,true,,,false,false,false,false,false,-83.10552,42.34772,"{
  ""coordinates"": [
    -8.310552240299999e+01,
    4.234772509300010e+01
  ],
  ""type"": ""Point""
}","{
  ""coordinates"": [
    -83.105522403,
    42.347725093
  ],
  ""type"": ""Point""
}",-83.105522403,42.3477250930001
10313,9753046,FAUST,MARGARETA,2016-07-21,21,7,2016,13,5,8,9,,,0,,1,1,1,25,1,2,2,5,0,0,0,0,true,,false,false,true,false,false,,,,,,false,false,false,,,false,false,false,false,false,-83.22408,42.42674,"{
  ""coordinates"": [
    -8.322408107099990e+01,
    4.242674046600010e+01
  ],
  ""type"": ""Point""
}","{
  ""coordinates"": [
    -83.224081071,
    42.426740466
  ],
  ""type"": ""Point""
}",-83.2240810709999,42.4267404660001
10314,9753039,DAVISON,LIVERNOIS,2016-07-21,21,7,2016,8,5,6,3,,1,0,,1,1,1,30,3,2,2,5,0,0,0,0,true,,false,false,false,false,false,,,,,,false,true,false,,,false,false,false,false,false,-83.13981,42.38648,"{
  ""coordinates"": [
    -8.313980762900000e+01,
    4.238648269300010e+01
  ],
  ""type"": ""Point""
}","{
  ""coordinates"": [
    -83.139807629,
    42.386482693
  ],
  ""type"": ""Point""
}",-83.139807629,42.3864826930001
10315,9756613,RUSSELL,PIQUETTE,2016-07-21,21,7,2016,16,5,5,9,,4,0,,1,2,1,30,4,2,6,4,0,0,0,3,false,,false,false,false,false,false,,,,,,false,false,true,,,false,false,false,false,false,-83.05725,42.37159,"{
  ""coordinates"": [
    -8.305724778900000e+01,
    4.237159040200000e+01
  ],
  ""type"": ""Point""
}","{
  ""coordinates"": [
    -83.057247789,
    42.371590402
  ],
  ""type"": ""Point""
}",-83.057247789,42.371590402
10316,9848492,MAPLERIDGE,HAYES,2016-07-21,21,7,2016,10,5,4,9,,,0,,1,1,1,25,2,2,1,5,0,0,0,0,true,,false,false,true,false,false,,,,,,false,true,false,,,false,false,false,false,false,-82.9653,42.42929,"{
  ""coordinates"": [
    -8.296530303000000e+01,
    4.242929468400010e+01
  ],
  ""type"": ""Point""
}","{
  ""coordinates"": [
    -82.96530303,
    42.429294684
  ],
  ""type"": ""Point""
}",-82.96530303,42.4292946840001
10317,9753019,EDSEL FORD FREWAY,MT ELLIOT,2016-07-21,21,7,2016,14,5,5,1,,1,0,,1,1,1,55,3,2,2,5,0,0,0,0,true,,false,false,true,false,false,,,,,,false,false,false,,,false,false,false,false,false,-83.03355,42.37933,"{
  ""coordinates"": [
    -8.303354410999999e+01,
    4.237932790800010e+01
  ],
  ""type"": ""Point""
}","{
  ""coordinates"": [
    -83.03354411,
    42.379327908
  ],
  ""type"": ""Point""
}",-83.03354411,42.3793279080001