ObjectId,Crash ID,Primary Road,Intersecting Road,Crash Date,Day,Month,Year,Hour,Weekday,Crash Type Code,Highway Classification Code,Community Code,Jurisdiction Code,Lane Departure Type Code,Surface Type,Road Condition,Weather Condition,Lighting Condition,Speed Limit,Lanes,Units,Occupants,Most Severe Injury,Fatal Injuries,Suspected Serious Injuries,Suspected Minor Injuries,Possible Injuries,Property Damage Only,Secondary Crash,Traffic Control,Red Light Run,Hit and Run,Alcohol,Drugs,Unbelted Person,Work Zone,Speeding Driver,Distracted Driver,Driveway,Pedestrian,Elderly Driver,Young Driver,Commercial Vehicle,Emergency Vehicles,Train,School Bus,Motorcycle,Bicycle,Deer,Longitude,Latitude,geom,geog,x,y
10318,9757600,KIRBY,ANTHONY WAYNE,2016-07-21,21,7,2016,18,5,1,9,,,0,,2,2,1,25,3,2,1,2,0,1,0,0,false,,false,false,false,false,false,,,,,,true,false,true,,,false,false,false,false,false,-83.07303,42.35794,"{
  ""coordinates"": [
    -8.307303059299990e+01,
    4.235794534600010e+01
  ],
  ""type"": ""Point""
}","{
  ""coordinates"": [
    -83.073030593,
    42.357945346
  ],
  ""type"": ""Point""
}",-83.0730305929999,42.3579453460001
10319,9764070,M 10 SERVICE,SCHAEFER,2016-07-21,21,7,2016,18,5,5,3,,4,0,,2,1,1,25,3,2,2,5,0,0,0,0,true,,false,false,false,false,false,,,,,,false,false,true,,,false,false,false,false,false,-83.18025,42.42527,"{
  ""coordinates"": [
    -8.318025328800000e+01,
    4.242527380200000e+01
  ],
  ""type"": ""Point""
}","{
  ""coordinates"": [
    -83.180253288,
    42.425273802
  ],
  ""type"": ""Point""
}",-83.180253288,42.425273802
10320,9755001,PLAINVIEW,DOVER,2016-07-21,21,7,2016,11,5,4,9,,,0,,1,1,1,25,3,2,4,5,0,0,0,0,true,,true,false,false,false,false,,,,,,false,false,true,,,false,false,false,false,false,-83.23475,42.35935,"{
  ""coordinates"": [
    -8.323474919900001e+01,
    4.235934912500010e+01
  ],
  ""type"": ""Point""
}","{
  ""coordinates"": [
    -83.234749199,
    42.359349125
  ],
  ""type"": ""Point""
}",-83.234749199,42.3593491250001
10321,9754116,WYOMING,SANTA MARIA,2016-07-21,21,7,2016,19,5,9,9,,4,2,,1,1,1,30,2,4,1,5,0,0,0,0,true,,false,false,true,false,false,,,,,,false,false,false,,,false,false,false,false,false,-83.1604,42.41854,"{
  ""coordinates"": [
    -8.316040313199990e+01,
    4.241853733400010e+01
  ],
  ""type"": ""Point""
}","{
  ""coordinates"": [
    -83.160403132,
    42.418537334
  ],
  ""type"": ""Point""
}",-83.1604031319999,42.4185373340001
10322,9753022,SOUTHFIELD,W.WARREN,2016-07-21,21,7,2016,6,5,5,3,,1,0,,1,1,1,30,3,3,2,5,0,0,0,0,true,,false,false,true,false,false,,,,,,false,false,false,,,false,false,false,false,false,-83.21623,42.34364,"{
  ""coordinates"": [
    -8.321623328000000e+01,
    4.234363952600010e+01
  ],
  ""type"": ""Point""
}","{
  ""coordinates"": [
    -83.21623328,
    42.343639526
  ],
  ""type"": ""Point""
}",-83.21623328,42.3436395260001
10323,9768724,SOUTHFIELD SERVICE DRIVE,RAMP 010B,2016-07-21,21,7,2016,8,5,5,9,,4,0,,1,1,1,55,3,3,2,5,0,0,0,0,true,,false,false,true,false,false,,,,,,false,false,false,,,false,false,false,false,false,-83.21847,42.41701,"{
  ""coordinates"": [
    -8.321846502699999e+01,
    4.241701000100010e+01
  ],
  ""type"": ""Point""
}","{
  ""coordinates"": [
    -83.218465027,
    42.417010001
  ],
  ""type"": ""Point""
}",-83.218465027,42.4170100010001
10324,9755026,FITZPATRICK,WARWICK,2016-07-21,21,7,2016,14,5,8,9,,,0,,1,1,1,25,2,2,1,5,0,0,0,0,true,,false,false,false,false,false,,,,,,false,false,false,,,false,false,false,false,false,-83.22763,42.37153,"{
  ""coordinates"": [
    -8.322763348099990e+01,
    4.237153282300010e+01
  ],
  ""type"": ""Point""
}","{
  ""coordinates"": [
    -83.227633481,
    42.371532823
  ],
  ""type"": ""Point""
}",-83.2276334809999,42.3715328230001
10325,9753024,SCHAEFER,PICKFORD,2016-07-21,21,7,2016,15,5,8,9,,4,0,,1,1,1,30,4,2,3,5,0,0,0,0,true,,false,false,false,false,false,,,,,,false,false,false,,,false,false,false,false,false,-83.18023,42.42574,"{
  ""coordinates"": [
    -8.318022856399990e+01,
    4.242573709500000e+01
  ],
  ""type"": ""Point""
}","{
  ""coordinates"": [
    -83.180228564,
    42.425737095
  ],
  ""type"": ""Point""
}",-83.1802285639999,42.425737095
10326,9754053,I-96,WYOMING,2016-07-21,21,7,2016,17,5,4,1,,1,0,,2,2,1,70,4,2,6,4,0,0,0,4,false,,false,false,false,false,false,,,,,,false,false,true,,,false,false,false,false,false,-83.15409,42.38502,"{
  ""coordinates"": [
    -8.315409349799999e+01,
    4.238502214400010e+01
  ],
  ""type"": ""Point""
}","{
  ""coordinates"": [
    -83.154093498,
    42.385022144
  ],
  ""type"": ""Point""
}",-83.154093498,42.3850221440001
10327,9758484,MICHIGAN,CABOT,2016-07-21,21,7,2016,12,5,98,2,,1,0,,1,1,1,35,7,2,2,5,0,0,0,0,true,,false,false,false,false,false,,,,,,false,false,true,,,false,false,false,false,false,-83.14954,42.32969,"{
  ""coordinates"": [
    -8.314954237200000e+01,
    4.232968890300000e+01
  ],
  ""type"": ""Point""
}","{
  ""coordinates"": [
    -83.149542372,
    42.329688903
  ],
  ""type"": ""Point""
}",-83.149542372,42.329688903
10328,9757599,WOODWARD,CADILLAC,2016-07-21,21,7,2016,11,5,5,9,,4,0,,1,1,1,25,3,2,2,5,0,0,0,0,true,,false,false,false,false,false,,,,,,false,false,true,,,false,false,false,false,false,-83.04619,42.33139,"{
  ""coordinates"": [
    -8.304618764799990e+01,
    4.233139498800010e+01
  ],
  ""type"": ""Point""
}","{
  ""coordinates"": [
    -83.046187648,
    42.331394988
  ],
  ""type"": ""Point""
}",-83.0461876479999,42.3313949880001
10329,9755021,ASHTON,7 MILE,2016-07-21,21,7,2016,14,5,10,9,,,0,,1,1,1,25,2,2,1,5,0,0,0,0,true,,false,false,true,false,false,,,,,,false,false,false,,,false,false,false,false,false,-83.2205,42.43019,"{
  ""coordinates"": [
    -8.322050007099990e+01,
    4.243018898100010e+01
  ],
  ""type"": ""Point""
}","{
  ""coordinates"": [
    -83.220500071,
    42.430188981
  ],
  ""type"": ""Point""
}",-83.2205000709999,42.4301889810001
10330,9753013,N I 75 SERVICE DRIVE,CLARK,2016-07-21,21,7,2016,17,5,1,7,,4,0,,2,4,1,25,6,1,1,5,0,0,0,0,true,,false,false,false,false,false,,,,,,false,false,false,,,false,false,false,false,false,-83.09077,42.3132,"{
  ""coordinates"": [
    -8.309077292400001e+01,
    4.231319951700000e+01
  ],
  ""type"": ""Point""
}","{
  ""coordinates"": [
    -83.090772924,
    42.313199517
  ],
  ""type"": ""Point""
}",-83.090772924,42.313199517
10331,9754118,SEVEN MILE,STANSBURY,2016-07-21,21,7,2016,12,5,3,9,,2,0,,1,1,1,40,4,2,2,2,0,2,0,0,false,,false,false,false,false,false,,,,,,false,true,false,,,false,false,false,false,false,-83.18293,42.43099,"{
  ""coordinates"": [
    -8.318292762800000e+01,
    4.243099010700010e+01
  ],
  ""type"": ""Point""
}","{
  ""coordinates"": [
    -83.182927628,
    42.430990107
  ],
  ""type"": ""Point""
}",-83.182927628,42.4309901070001
10332,9755847,I-75,SCHAEFER,2016-07-21,21,7,2016,10,5,8,1,,1,0,,1,1,1,70,3,3,2,5,0,0,0,0,true,,false,false,true,false,false,,,,,,false,false,false,,,false,false,false,false,false,-83.15282,42.27844,"{
  ""coordinates"": [
    -8.315281638800001e+01,
    4.227844049300010e+01
  ],
  ""type"": ""Point""
}","{
  ""coordinates"": [
    -83.152816388,
    42.278440493
  ],
  ""type"": ""Point""
}",-83.152816388,42.2784404930001
10333,9753031,WARREN,ST AUBIN,2016-07-21,21,7,2016,8,5,4,9,,4,0,,1,1,1,30,3,2,2,5,0,0,0,0,true,,false,false,false,false,false,,,,,,false,false,false,,,false,false,false,false,false,-83.04501,42.36416,"{
  ""coordinates"": [
    -8.304500708400001e+01,
    4.236416380000000e+01
  ],
  ""type"": ""Point""
}","{
  ""coordinates"": [
    -83.045007084,
    42.3641638
  ],
  ""type"": ""Point""
}",-83.045007084,42.3641638
10334,9755031,WOODBINE,SANTA MARIA,2016-07-21,21,7,2016,1,5,5,9,,,0,,1,1,1,25,2,2,2,5,0,0,0,0,true,,false,false,false,false,false,,,,,,false,false,false,,,false,false,false,false,false,-83.27873,42.41707,"{
  ""coordinates"": [
    -8.327873172400000e+01,
    4.241706751900010e+01
  ],
  ""type"": ""Point""
}","{
  ""coordinates"": [
    -83.278731724,
    42.417067519
  ],
  ""type"": ""Point""
}",-83.278731724,42.4170675190001
10335,9754101,DEXTER,CLEMENTS,2016-07-21,21,7,2016,17,5,2,9,,4,0,,1,1,1,35,4,3,3,3,0,0,1,2,false,,false,false,false,false,false,,,,,,false,true,true,,,false,false,false,false,false,-83.13141,42.39055,"{
  ""coordinates"": [
    -8.313140540099990e+01,
    4.239054813500010e+01
  ],
  ""type"": ""Point""
}","{
  ""coordinates"": [
    -83.131405401,
    42.390548135
  ],
  ""type"": ""Point""
}",-83.1314054009999,42.3905481350001
10336,9753007,JOHN R,GARFIELD,2016-07-21,21,7,2016,13,5,5,9,,4,0,,1,1,1,30,5,2,3,5,0,0,0,0,true,,false,false,false,false,false,,,,,,false,false,false,,,false,false,false,false,false,-83.06001,42.35456,"{
  ""coordinates"": [
    -8.306001090399999e+01,
    4.235456199000000e+01
  ],
  ""type"": ""Point""
}","{
  ""coordinates"": [
    -83.060010904,
    42.35456199
  ],
  ""type"": ""Point""
}",-83.060010904,42.35456199
10337,9753023,JOY,MEMORIAL,2016-07-21,21,7,2016,15,5,5,9,,4,0,,2,4,1,35,4,2,3,5,0,0,0,0,true,,false,false,false,false,false,,,,,,false,false,true,,,false,false,false,false,false,-83.21207,42.37233,"{
  ""coordinates"": [
    -8.321206428399999e+01,
    4.237233521500010e+01
  ],
  ""type"": ""Point""
}","{
  ""coordinates"": [
    -83.212064284,
    42.372335215
  ],
  ""type"": ""Point""
}",-83.212064284,42.3723352150001
10338,9753012,CADET,DRAGOON,2016-07-21,21,7,2016,17,5,10,9,,,0,,2,4,1,25,2,2,1,5,0,0,0,0,true,,false,false,true,false,false,,,,,,false,true,false,,,false,false,false,false,false,-83.10728,42.31423,"{
  ""coordinates"": [
    -8.310728522999990e+01,
    4.231423105000000e+01
  ],
  ""type"": ""Point""
}","{
  ""coordinates"": [
    -83.10728523,
    42.31423105
  ],
  ""type"": ""Point""
}",-83.1072852299999,42.31423105
10339,9753011,KENTUCKY,JOY,2016-07-21,21,7,2016,10,5,9,9,,,0,,1,1,1,30,2,2,1,5,0,0,0,0,true,,false,false,true,false,false,,,,,,false,false,false,,,false,false,false,false,false,-83.15676,42.35897,"{
  ""coordinates"": [
    -8.315676047100000e+01,
    4.235897631200000e+01
  ],
  ""type"": ""Point""
}","{
  ""coordinates"": [
    -83.156760471,
    42.358976312
  ],
  ""type"": ""Point""
}",-83.156760471,42.358976312
10340,9754077,SECOND,LONGFELLOW,2016-07-21,21,7,2016,9,5,98,9,,4,0,,98,98,98,0,8,2,0,5,0,0,0,0,true,,false,false,true,false,false,,,,,,false,false,false,,,false,false,false,false,false,-83.08642,42.38419,"{
  ""coordinates"": [
    -8.308641487100000e+01,
    4.238418592800010e+01
  ],
  ""type"": ""Point""
}","{
  ""coordinates"": [
    -83.086414871,
    42.384185928
  ],
  ""type"": ""Point""
}",-83.086414871,42.3841859280001
10341,9757560,HOMER,ELSMERE,2016-07-21,21,7,2016,7,5,4,9,,,0,,1,1,1,25,3,2,5,5,0,0,0,0,true,,false,false,false,false,false,,,,,,false,false,true,,,false,false,false,false,false,-83.13124,42.30182,"{
  ""coordinates"": [
    -8.313124126400000e+01,
    4.230182367500000e+01
  ],
  ""type"": ""Point""
}","{
  ""coordinates"": [
    -83.131241264,
    42.301823675
  ],
  ""type"": ""Point""
}",-83.131241264,42.301823675
10342,9753047,S M 10 SERVICE DRIVE,8 MILE,2016-07-21,21,7,2016,14,5,4,3,,1,0,,1,2,1,40,3,2,4,3,0,0,1,0,false,,true,true,false,false,false,,,,,,false,false,true,,,false,false,true,false,false,-83.20396,42.44469,"{
  ""coordinates"": [
    -8.320395383600000e+01,
    4.244469306800000e+01
  ],
  ""type"": ""Point""
}","{
  ""coordinates"": [
    -83.203953836,
    42.444693068
  ],
  ""type"": ""Point""
}",-83.203953836,42.444693068
10343,9764049,W/B I 96,LIVERNOIS,2016-07-21,21,7,2016,21,5,1,1,,1,1,,1,1,4,70,4,1,1,5,0,0,0,0,true,,false,false,false,false,false,,,,,,false,false,false,,,false,false,false,false,false,-83.14297,42.36916,"{
  ""coordinates"": [
    -8.314297797499999e+01,
    4.236916020300000e+01
  ],
  ""type"": ""Point""
}","{
  ""coordinates"": [
    -83.142977975,
    42.369160203
  ],
  ""type"": ""Point""
}",-83.142977975,42.369160203
10344,9753027,FORD,SOUTHFIELD,2016-07-21,21,7,2016,17,5,5,3,,1,0,,2,4,1,45,4,2,2,5,0,0,0,0,true,,false,false,false,false,false,,,,,,false,false,true,,,false,false,false,false,false,-83.21588,42.32909,"{
  ""coordinates"": [
    -8.321588092099999e+01,
    4.232909395200010e+01
  ],
  ""type"": ""Point""
}","{
  ""coordinates"": [
    -83.215880921,
    42.329093952
  ],
  ""type"": ""Point""
}",-83.215880921,42.3290939520001
10345,9755856,GRAND RIVER,KIRBY,2016-07-21,21,7,2016,17,5,4,3,,1,0,,2,4,1,35,6,2,2,4,0,0,0,2,false,,false,false,true,false,false,,,,,,false,true,true,,,false,false,false,false,false,-83.09505,42.35102,"{
  ""coordinates"": [
    -8.309505256100000e+01,
    4.235102296100010e+01
  ],
  ""type"": ""Point""
}","{
  ""coordinates"": [
    -83.095052561,
    42.351022961
  ],
  ""type"": ""Point""
}",-83.095052561,42.3510229610001
10346,9753040,FRANKLIN,RIVARD,2016-07-21,21,7,2016,7,5,4,9,,5,0,,1,1,1,25,4,2,1,5,0,0,0,0,true,,false,false,false,false,false,,,,,,false,false,false,,,false,false,false,false,false,-83.03355,42.33183,"{
  ""coordinates"": [
    -8.303354448100001e+01,
    4.233183387000000e+01
  ],
  ""type"": ""Point""
}","{
  ""coordinates"": [
    -83.033544481,
    42.33183387
  ],
  ""type"": ""Point""
}",-83.033544481,42.33183387
10347,9763168,JOY,MANSFIELD,2016-07-21,21,7,2016,15,5,5,9,,2,0,,1,2,1,35,6,2,2,4,0,0,0,1,false,,false,false,true,false,false,,,,,,false,false,false,,,false,false,false,false,false,-83.20329,42.35803,"{
  ""coordinates"": [
    -8.320329239300000e+01,
    4.235803371700010e+01
  ],
  ""type"": ""Point""
}","{
  ""coordinates"": [
    -83.203292393,
    42.358033717
  ],
  ""type"": ""Point""
}",-83.203292393,42.3580337170001
10348,9753846,RAMP 216E,WARREN,2016-07-21,21,7,2016,13,5,8,1,,1,0,,1,2,1,70,4,2,1,5,0,0,0,0,true,,false,false,true,false,false,,,,,,false,false,false,,,false,false,false,false,false,-83.05467,42.36237,"{
  ""coordinates"": [
    -8.305466910400000e+01,
    4.236236436900000e+01
  ],
  ""type"": ""Point""
}","{
  ""coordinates"": [
    -83.054669104,
    42.362364369
  ],
  ""type"": ""Point""
}",-83.054669104,42.362364369
10349,9754072,7 MILE,SOUTHFIELD SERVICE DRIVE,2016-07-21,21,7,2016,17,5,8,9,,2,0,,1,1,1,30,7,2,4,5,0,0,0,0,true,,false,false,true,false,false,,,,,,false,false,false,,,false,false,false,false,false,-83.21889,42.43003,"{
  ""coordinates"": [
    -8.321888468700000e+01,
    4.243002579100000e+01
  ],
  ""type"": ""Point""
}","{
  ""coordinates"": [
    -83.218884687,
    42.430025791
  ],
  ""type"": ""Point""
}",-83.218884687,42.430025791
10350,9755901,STOEPEL,7 MILE,2016-07-21,21,7,2016,15,5,1,9,,,1,,1,2,1,25,1,1,1,5,0,0,0,0,true,,false,false,false,false,false,,,,,,false,false,true,,,false,false,false,false,false,-83.14256,42.43125,"{
  ""coordinates"": [
    -8.314255879300001e+01,
    4.243124972700010e+01
  ],
  ""type"": ""Point""
}","{
  ""coordinates"": [
    -83.142558793,
    42.431249727
  ],
  ""type"": ""Point""
}",-83.142558793,42.4312497270001
10351,9753010,LIVERNOIS,VERNOR,2016-07-21,21,7,2016,16,5,5,9,,4,0,,2,4,1,0,4,2,1,5,0,0,0,0,true,,false,false,true,false,false,,,,,,false,false,false,,,false,false,false,false,false,-83.10999,42.31581,"{
  ""coordinates"": [
    -8.310998241599999e+01,
    4.231581245700000e+01
  ],
  ""type"": ""Point""
}","{
  ""coordinates"": [
    -83.109982416,
    42.315812457
  ],
  ""type"": ""Point""
}",-83.109982416,42.315812457
10352,9753043,N I 75,MCNICHOLS,2016-07-21,21,7,2016,19,5,97,1,,1,0,,2,1,1,30,3,2,4,4,0,0,0,1,false,,false,false,false,false,false,,,,,,false,false,false,,,false,false,false,false,false,-83.08788,42.41841,"{
  ""coordinates"": [
    -8.308788451700001e+01,
    4.241840818200010e+01
  ],
  ""type"": ""Point""
}","{
  ""coordinates"": [
    -83.087884517,
    42.418408182
  ],
  ""type"": ""Point""
}",-83.087884517,42.4184081820001
10353,9753042,NORWOOD,7MILE,2016-07-21,21,7,2016,3,5,1,9,,,1,,1,1,5,25,1,1,1,4,0,0,0,1,false,,false,false,false,false,false,,,,,,false,false,false,,,false,false,false,false,false,-83.06718,42.43359,"{
  ""coordinates"": [
    -8.306718402300000e+01,
    4.243358778500000e+01
  ],
  ""type"": ""Point""
}","{
  ""coordinates"": [
    -83.067184023,
    42.433587785
  ],
  ""type"": ""Point""
}",-83.067184023,42.433587785
10354,9753021,BISHOP,WAVENEY,2016-07-21,21,7,2016,20,5,5,9,,,0,,1,1,1,25,1,2,0,5,0,0,0,0,true,,false,false,true,false,false,,,,,,false,false,false,,,false,false,false,false,false,-82.92982,42.39988,"{
  ""coordinates"": [
    -8.292981615399999e+01,
    4.239987437400000e+01
  ],
  ""type"": ""Point""
}","{
  ""coordinates"": [
    -82.929816154,
    42.399874374
  ],
  ""type"": ""Point""
}",-82.929816154,42.399874374
10355,9763123,M-10,GRAND RIVER,2016-07-21,21,7,2016,18,5,5,3,,1,0,,2,4,1,55,3,2,2,5,0,0,0,0,true,,false,false,false,false,false,,,,,,false,false,true,,,false,false,false,false,false,-83.06658,42.33967,"{
  ""coordinates"": [
    -8.306658072999990e+01,
    4.233966645600000e+01
  ],
  ""type"": ""Point""
}","{
  ""coordinates"": [
    -83.06658073,
    42.339666456
  ],
  ""type"": ""Point""
}",-83.0665807299999,42.339666456
10356,9754998,SCHOOLCRAFT,MANSFIELD,2016-07-21,21,7,2016,19,5,97,9,,2,0,,2,1,1,30,1,2,3,5,0,0,0,0,true,,false,false,false,false,false,,,,,,false,false,true,,,false,false,false,false,false,-83.20467,42.38692,"{
  ""coordinates"": [
    -8.320467064199990e+01,
    4.238692072200010e+01
  ],
  ""type"": ""Point""
}","{
  ""coordinates"": [
    -83.204670642,
    42.386920722
  ],
  ""type"": ""Point""
}",-83.2046706419999,42.3869207220001
10357,9933105,S I 75,RAMP 050G,2016-07-21,21,7,2016,7,5,8,1,,1,0,,1,1,1,55,4,2,1,5,0,0,0,0,true,,false,false,false,false,false,,,,,,false,false,false,,,false,false,false,false,false,-83.09512,42.44348,"{
  ""coordinates"": [
    -8.309512243599990e+01,
    4.244348326600000e+01
  ],
  ""type"": ""Point""
}","{
  ""coordinates"": [
    -83.095122436,
    42.443483266
  ],
  ""type"": ""Point""
}",-83.0951224359999,42.443483266
10358,9753026,TELEGRAPH,PURTAIN,2016-07-21,21,7,2016,0,5,5,2,,1,0,,1,1,4,0,4,2,3,5,0,0,0,0,true,,false,false,false,true,false,,,,,,false,false,true,,,false,false,true,false,false,-83.27668,42.40747,"{
  ""coordinates"": [
    -8.327667904099999e+01,
    4.240747100000000e+01
  ],
  ""type"": ""Point""
}","{
  ""coordinates"": [
    -83.276679041,
    42.407471
  ],
  ""type"": ""Point""
}",-83.276679041,42.407471
10359,9752994,I 94,NOTTINGHAM,2016-07-21,21,7,2016,10,5,1,1,,1,1,,1,1,1,55,3,1,1,3,0,0,1,0,false,,false,false,false,false,false,,,,,,false,false,false,,,false,false,false,false,false,-82.95263,42.40724,"{
  ""coordinates"": [
    -8.295262953299989e+01,
    4.240724194100010e+01
  ],
  ""type"": ""Point""
}","{
  ""coordinates"": [
    -82.952629533,
    42.407241941
  ],
  ""type"": ""Point""
}",-82.9526295329999,42.4072419410001
10360,9753005,LAFAYETTE,ROSA PARKS,2016-07-21,21,7,2016,12,5,4,9,,4,0,,1,1,1,35,2,2,2,5,0,0,0,0,true,,false,false,false,false,false,,,,,,false,false,true,,,false,false,false,false,false,-83.0672,42.32336,"{
  ""coordinates"": [
    -8.306720234399999e+01,
    4.232336385300000e+01
  ],
  ""type"": ""Point""
}","{
  ""coordinates"": [
    -83.067202344,
    42.323363853
  ],
  ""type"": ""Point""
}",-83.067202344,42.323363853
10361,9753009,CASS,MICHIGAN,2016-07-21,21,7,2016,7,5,5,2,,4,0,,1,1,1,25,4,2,2,5,0,0,0,0,true,,false,false,false,false,false,,,,,,false,false,false,,,false,false,false,false,false,-83.05267,42.33168,"{
  ""coordinates"": [
    -8.305266592100000e+01,
    4.233168310600010e+01
  ],
  ""type"": ""Point""
}","{
  ""coordinates"": [
    -83.052665921,
    42.331683106
  ],
  ""type"": ""Point""
}",-83.052665921,42.3316831060001
10362,9758442,I 94,M-10,2016-07-21,21,7,2016,16,5,8,1,,1,0,,1,2,1,55,3,2,2,5,0,0,0,0,true,,false,false,true,false,false,,,,,,false,false,false,,,false,false,false,false,false,-83.07735,42.35822,"{
  ""coordinates"": [
    -8.307735562100000e+01,
    4.235822263700000e+01
  ],
  ""type"": ""Point""
}","{
  ""coordinates"": [
    -83.077355621,
    42.358222637
  ],
  ""type"": ""Point""
}",-83.077355621,42.358222637
10363,9760531,RAMP 213H,WARREN,2016-07-21,21,7,2016,14,5,8,1,,1,0,,1,1,1,55,3,2,2,5,0,0,0,0,true,,false,false,false,false,false,,,,,,false,false,true,,,false,false,false,false,false,-83.09669,42.34705,"{
  ""coordinates"": [
    -8.309668932300001e+01,
    4.234704532500010e+01
  ],
  ""type"": ""Point""
}","{
  ""coordinates"": [
    -83.096689323,
    42.347045325
  ],
  ""type"": ""Point""
}",-83.096689323,42.3470453250001
10364,9762234,CASS,MARTIN LUTHER KING JR,2016-07-21,21,7,2016,9,5,97,9,,4,0,,1,1,1,35,4,2,4,4,0,0,0,2,false,,false,false,false,false,false,,,,,,false,false,true,,,false,false,false,false,false,-83.06071,42.34557,"{
  ""coordinates"": [
    -8.306070871100000e+01,
    4.234557317400000e+01
  ],
  ""type"": ""Point""
}","{
  ""coordinates"": [
    -83.060708711,
    42.345573174
  ],
  ""type"": ""Point""
}",-83.060708711,42.345573174
10365,9755863,KINGSVILLE,RAYMOND,2016-07-21,21,7,2016,15,5,8,9,,,0,,1,1,1,25,3,2,1,5,0,0,0,0,true,,false,false,false,false,false,,,,,,false,false,false,,,false,false,false,false,false,-82.91545,42.42101,"{
  ""coordinates"": [
    -8.291545402500000e+01,
    4.242100750400000e+01
  ],
  ""type"": ""Point""
}","{
  ""coordinates"": [
    -82.915454025,
    42.421007504
  ],
  ""type"": ""Point""
}",-82.915454025,42.421007504
10366,9764037,W I 94,RAMP 217H,2016-07-21,21,7,2016,18,5,5,1,,1,0,,2,4,1,55,3,2,2,5,0,0,0,0,true,,false,false,false,false,false,,,,,,false,false,true,,,false,false,false,false,false,-83.04227,42.37595,"{
  ""coordinates"": [
    -8.304226507200001e+01,
    4.237594960300000e+01
  ],
  ""type"": ""Point""
}","{
  ""coordinates"": [
    -83.042265072,
    42.375949603
  ],
  ""type"": ""Point""
}",-83.042265072,42.375949603
10367,9754076,BRUSH,EUCLID,2016-07-21,21,7,2016,17,5,4,9,,4,0,,1,1,1,30,3,2,2,5,0,0,0,0,true,,false,false,false,false,false,,,,,,false,false,false,,,false,false,false,false,false,-83.07332,42.37889,"{
  ""coordinates"": [
    -8.307332159399991e+01,
    4.237889219800010e+01
  ],
  ""type"": ""Point""
}","{
  ""coordinates"": [
    -83.073321594,
    42.378892198
  ],
  ""type"": ""Point""
}",-83.0733215939999,42.3788921980001
10368,9759668,TELEGRAPH,7 MILE,2016-07-21,21,7,2016,6,5,97,2,,1,0,,1,1,1,30,3,2,2,5,0,0,0,0,true,,false,false,true,false,false,,,,,,false,true,false,,,false,false,false,false,false,-83.27798,42.42894,"{
  ""coordinates"": [
    -8.327798359199990e+01,
    4.242893968800010e+01
  ],
  ""type"": ""Point""
}","{
  ""coordinates"": [
    -83.277983592,
    42.428939688
  ],
  ""type"": ""Point""
}",-83.2779835919999,42.4289396880001
10369,9763140,I 75,HOLBROOK,2016-07-21,21,7,2016,18,5,5,1,,1,0,,2,2,1,70,4,3,3,4,0,0,0,1,false,,false,false,true,false,false,,,,,,false,false,true,,,false,false,false,false,false,-83.06724,42.38527,"{
  ""coordinates"": [
    -8.306723494700000e+01,
    4.238526708400010e+01
  ],
  ""type"": ""Point""
}","{
  ""coordinates"": [
    -83.067234947,
    42.385267084
  ],
  ""type"": ""Point""
}",-83.067234947,42.3852670840001
10370,9755916,GREENFIELD,OUTER,2016-07-21,21,7,2016,9,5,8,9,,2,0,,1,1,1,35,4,2,2,5,0,0,0,0,true,,true,true,false,false,false,,,,,,false,false,false,,,false,false,false,false,false,-83.19944,42.41949,"{
  ""coordinates"": [
    -8.319943964700001e+01,
    4.241949408500010e+01
  ],
  ""type"": ""Point""
}","{
  ""coordinates"": [
    -83.199439647,
    42.419494085
  ],
  ""type"": ""Point""
}",-83.199439647,42.4194940850001
10371,9753020,MONTCLAIR,JEFFERSON,2016-07-21,21,7,2016,11,5,97,9,,,0,,1,1,1,25,3,2,2,5,0,0,0,0,true,,false,false,false,false,false,,,,,,false,false,false,,,false,false,false,false,false,-82.97543,42.36461,"{
  ""coordinates"": [
    -8.297542349400000e+01,
    4.236460972500000e+01
  ],
  ""type"": ""Point""
}","{
  ""coordinates"": [
    -82.975423494,
    42.364609725
  ],
  ""type"": ""Point""
}",-82.975423494,42.364609725
10372,9754128,JEFFERSON,HELEN,2016-07-21,21,7,2016,13,5,1,9,,4,1,,1,1,1,35,4,1,1,4,0,0,0,1,false,,false,false,false,false,false,,,,,,false,false,false,,,false,false,false,false,false,-83.00286,42.34682,"{
  ""coordinates"": [
    -8.300285822700000e+01,
    4.234681713600000e+01
  ],
  ""type"": ""Point""
}","{
  ""coordinates"": [
    -83.002858227,
    42.346817136
  ],
  ""type"": ""Point""
}",-83.002858227,42.346817136
10373,9753004,SCHOOLCRAFT,MANSFIELD,2016-07-21,21,7,2016,17,5,4,9,,2,0,,1,1,1,35,4,2,3,5,0,0,0,0,true,,false,false,false,false,false,,,,,,false,false,true,,,false,false,false,false,false,-83.20436,42.38692,"{
  ""coordinates"": [
    -8.320436090600001e+01,
    4.238692650800000e+01
  ],
  ""type"": ""Point""
}","{
  ""coordinates"": [
    -83.204360906,
    42.386926508
  ],
  ""type"": ""Point""
}",-83.204360906,42.386926508
10374,9753018,CADIEUX,LINVILLE,2016-07-21,21,7,2016,17,5,2,9,,4,2,,2,4,1,35,4,2,2,4,0,0,0,1,false,,false,false,true,false,false,,,,,,false,false,true,,,false,false,false,false,false,-82.93425,42.41282,"{
  ""coordinates"": [
    -8.293425245400000e+01,
    4.241282198400010e+01
  ],
  ""type"": ""Point""
}","{
  ""coordinates"": [
    -82.934252454,
    42.412821984
  ],
  ""type"": ""Point""
}",-82.934252454,42.4128219840001