ObjectId,Crash ID,Primary Road,Intersecting Road,Crash Date,Day,Month,Year,Hour,Weekday,Crash Type Code,Highway Classification Code,Community Code,Jurisdiction Code,Lane Departure Type Code,Surface Type,Road Condition,Weather Condition,Lighting Condition,Speed Limit,Lanes,Units,Occupants,Most Severe Injury,Fatal Injuries,Suspected Serious Injuries,Suspected Minor Injuries,Possible Injuries,Property Damage Only,Secondary Crash,Traffic Control,Red Light Run,Hit and Run,Alcohol,Drugs,Unbelted Person,Work Zone,Speeding Driver,Distracted Driver,Driveway,Pedestrian,Elderly Driver,Young Driver,Commercial Vehicle,Emergency Vehicles,Train,School Bus,Motorcycle,Bicycle,Deer,Longitude,Latitude,geom,geog,x,y
10375,9755032,MCNICHOLS,ASBURY,2016-07-21,21,7,2016,17,5,4,9,,2,0,,2,4,1,35,4,2,2,5,0,0,0,0,true,,false,false,false,false,false,,,,,,false,false,true,,,false,false,false,false,false,-83.20902,42.41576,"{
  ""coordinates"": [
    -8.320902525799990e+01,
    4.241576134000010e+01
  ],
  ""type"": ""Point""
}","{
  ""coordinates"": [
    -83.209025258,
    42.41576134
  ],
  ""type"": ""Point""
}",-83.2090252579999,42.4157613400001
10376,9762290,MICHIGAN,ROSA PARKS,2016-07-21,21,7,2016,16,5,97,2,,1,0,,1,2,1,30,6,2,1,5,0,0,0,0,true,,false,false,true,false,false,,,,,,true,false,false,,,false,false,false,false,false,-83.07204,42.33139,"{
  ""coordinates"": [
    -8.307204770500000e+01,
    4.233138880800000e+01
  ],
  ""type"": ""Point""
}","{
  ""coordinates"": [
    -83.072047705,
    42.331388808
  ],
  ""type"": ""Point""
}",-83.072047705,42.331388808
10377,9755060,WOODWARD,STATE FAIR,2016-07-21,21,7,2016,23,5,8,3,,1,0,,1,1,4,0,4,2,2,5,0,0,0,0,true,,false,false,true,false,false,,,,,,false,false,false,,,false,false,false,false,false,-83.11971,42.43908,"{
  ""coordinates"": [
    -8.311971259700000e+01,
    4.243908302000010e+01
  ],
  ""type"": ""Point""
}","{
  ""coordinates"": [
    -83.119712597,
    42.43908302
  ],
  ""type"": ""Point""
}",-83.119712597,42.4390830200001
10378,9753002,I-96,GLENDALE,2016-07-20,20,7,2016,17,4,5,1,,1,0,,1,1,1,55,3,2,2,5,0,0,0,0,true,,false,false,false,false,false,,,,,,false,false,true,,,false,false,false,false,false,-83.24018,42.38316,"{
  ""coordinates"": [
    -8.324018073000001e+01,
    4.238315550200010e+01
  ],
  ""type"": ""Point""
}","{
  ""coordinates"": [
    -83.24018073,
    42.383155502
  ],
  ""type"": ""Point""
}",-83.24018073,42.3831555020001
10379,9755019,GRAND RIVER,SOUTHFIELD SERVICE DRIVE,2016-07-20,20,7,2016,11,4,6,3,,1,0,,1,1,1,30,3,2,1,5,0,0,0,0,true,,false,false,true,false,false,,,,,,false,false,false,,,false,false,false,false,false,-83.21857,42.40081,"{
  ""coordinates"": [
    -8.321857021900000e+01,
    4.240081421400000e+01
  ],
  ""type"": ""Point""
}","{
  ""coordinates"": [
    -83.218570219,
    42.400814214
  ],
  ""type"": ""Point""
}",-83.218570219,42.400814214
10380,9764048,N/B M-10,HAMILTON,2016-07-20,20,7,2016,22,4,8,3,,1,0,,1,1,4,55,3,2,2,4,0,0,0,1,false,,false,false,false,true,false,,,,,,false,false,false,,,false,false,false,false,false,-83.09213,42.38145,"{
  ""coordinates"": [
    -8.309213285500000e+01,
    4.238145151400000e+01
  ],
  ""type"": ""Point""
}","{
  ""coordinates"": [
    -83.092132855,
    42.381451514
  ],
  ""type"": ""Point""
}",-83.092132855,42.381451514
10381,9752294,RAMP 122F,S M 10,2016-07-20,20,7,2016,8,4,5,3,,1,0,,1,1,1,55,1,2,2,5,0,0,0,0,true,,false,false,false,false,false,,,,,,false,false,false,,,false,false,false,false,false,-83.06211,42.33177,"{
  ""coordinates"": [
    -8.306211109000000e+01,
    4.233176789300010e+01
  ],
  ""type"": ""Point""
}","{
  ""coordinates"": [
    -83.06211109,
    42.331767893
  ],
  ""type"": ""Point""
}",-83.06211109,42.3317678930001
10382,9752326,GREENFIELD,CHICAGO,2016-07-20,20,7,2016,11,4,1,9,,2,0,,1,1,1,35,4,1,1,4,0,0,0,1,false,,false,false,false,false,false,,,,,,false,false,false,,,false,false,false,false,false,-83.19728,42.36539,"{
  ""coordinates"": [
    -8.319727738400000e+01,
    4.236539245400010e+01
  ],
  ""type"": ""Point""
}","{
  ""coordinates"": [
    -83.197277384,
    42.365392454
  ],
  ""type"": ""Point""
}",-83.197277384,42.3653924540001
10383,9752301,WYOMING,SCHOOLCRAFT,2016-07-20,20,7,2016,18,4,4,9,,4,0,,1,1,1,35,5,2,3,5,0,0,0,0,true,,false,false,true,false,false,,,,,,false,false,true,,,false,false,false,false,false,-83.15907,42.38858,"{
  ""coordinates"": [
    -8.315906629499990e+01,
    4.238858581900010e+01
  ],
  ""type"": ""Point""
}","{
  ""coordinates"": [
    -83.159066295,
    42.388585819
  ],
  ""type"": ""Point""
}",-83.1590662949999,42.3885858190001
10384,9752335,8 MILE,CIRCLE,2016-07-20,20,7,2016,19,4,97,3,,1,0,,1,1,1,40,4,2,3,5,0,0,0,0,true,,false,false,false,false,false,,,,,,false,false,false,,,false,false,false,false,false,-83.21672,42.44424,"{
  ""coordinates"": [
    -8.321671789100000e+01,
    4.244424353200000e+01
  ],
  ""type"": ""Point""
}","{
  ""coordinates"": [
    -83.216717891,
    42.444243532
  ],
  ""type"": ""Point""
}",-83.216717891,42.444243532
10385,9765664,SAGINAW,E I 94,2016-07-20,20,7,2016,10,4,5,1,,,0,,1,1,1,50,2,2,2,3,0,0,2,0,false,,false,false,false,false,false,,,,,,false,false,true,,,false,false,false,false,false,-83.03493,42.37859,"{
  ""coordinates"": [
    -8.303493697700000e+01,
    4.237859006200010e+01
  ],
  ""type"": ""Point""
}","{
  ""coordinates"": [
    -83.034936977,
    42.378590062
  ],
  ""type"": ""Point""
}",-83.034936977,42.3785900620001
10386,9752992,I-96,EVERGREEN,2016-07-20,20,7,2016,16,4,1,1,,1,1,,1,1,1,70,3,1,2,3,0,0,1,0,false,,false,false,false,false,false,,,,,,false,true,false,,,false,false,false,false,false,-83.23717,42.38085,"{
  ""coordinates"": [
    -8.323717608600001e+01,
    4.238084802700010e+01
  ],
  ""type"": ""Point""
}","{
  ""coordinates"": [
    -83.237176086,
    42.380848027
  ],
  ""type"": ""Point""
}",-83.237176086,42.3808480270001
10387,9752318,CADIEUX,HARPER,2016-07-20,20,7,2016,12,4,4,9,,4,0,,1,1,1,25,2,2,1,5,0,0,0,0,true,,false,false,true,false,false,,,,,,false,false,false,,,false,false,false,false,false,-82.93659,42.41638,"{
  ""coordinates"": [
    -8.293659271199989e+01,
    4.241638276500000e+01
  ],
  ""type"": ""Point""
}","{
  ""coordinates"": [
    -82.936592712,
    42.416382765
  ],
  ""type"": ""Point""
}",-82.9365927119999,42.416382765
10388,9758456,M-10,MEYERS,2016-07-20,20,7,2016,8,4,5,3,,1,0,,1,1,1,55,3,2,2,5,0,0,0,0,true,,false,false,false,false,false,,,,,,false,false,false,,,false,false,false,false,false,-83.16885,42.41306,"{
  ""coordinates"": [
    -8.316885572500000e+01,
    4.241306000300010e+01
  ],
  ""type"": ""Point""
}","{
  ""coordinates"": [
    -83.168855725,
    42.413060003
  ],
  ""type"": ""Point""
}",-83.168855725,42.4130600030001
10389,9848491,DICKERSON,WILFRED,2016-07-20,20,7,2016,8,4,4,9,,4,0,,1,1,1,25,2,2,2,5,0,0,0,0,true,,false,false,false,false,false,,,,,,false,false,false,,,false,false,false,false,false,-82.9815,42.41553,"{
  ""coordinates"": [
    -8.298149699899990e+01,
    4.241552561600000e+01
  ],
  ""type"": ""Point""
}","{
  ""coordinates"": [
    -82.981496999,
    42.415525616
  ],
  ""type"": ""Point""
}",-82.9814969989999,42.415525616
10390,9768789,I-75,7 MILE,2016-07-20,20,7,2016,0,4,1,1,,1,1,,1,1,4,70,3,1,2,5,0,0,0,0,true,,false,false,false,false,false,,,,,,false,false,true,,,false,false,false,false,false,-83.09461,42.43221,"{
  ""coordinates"": [
    -8.309461425200000e+01,
    4.243220802900000e+01
  ],
  ""type"": ""Point""
}","{
  ""coordinates"": [
    -83.094614252,
    42.432208029
  ],
  ""type"": ""Point""
}",-83.094614252,42.432208029
10391,9752306,MICHIGAN,VERMONT,2016-07-20,20,7,2016,14,4,8,2,,1,0,,1,1,1,35,7,2,1,5,0,0,0,0,true,,false,false,false,false,false,,,,,,false,false,false,,,false,false,false,false,false,-83.07377,42.33138,"{
  ""coordinates"": [
    -8.307377202500000e+01,
    4.233137895200010e+01
  ],
  ""type"": ""Point""
}","{
  ""coordinates"": [
    -83.073772025,
    42.331378952
  ],
  ""type"": ""Point""
}",-83.073772025,42.3313789520001
10392,9752348,LIVERNOIS,PURITAN,2016-07-20,20,7,2016,13,4,5,9,,4,0,,1,1,1,30,2,2,3,5,0,0,0,0,true,,false,false,false,false,false,,,,,,false,true,true,,,false,false,false,false,false,-83.14066,42.4097,"{
  ""coordinates"": [
    -8.314065918100000e+01,
    4.240969800500010e+01
  ],
  ""type"": ""Point""
}","{
  ""coordinates"": [
    -83.140659181,
    42.409698005
  ],
  ""type"": ""Point""
}",-83.140659181,42.4096980050001
10393,9752317,FARMBROOK,LINVILLE,2016-07-20,20,7,2016,15,4,1,9,,,0,,1,1,1,25,2,2,2,3,0,0,1,0,false,,false,false,false,false,false,,,,,,true,false,true,,,false,false,false,false,false,-82.9236,42.41606,"{
  ""coordinates"": [
    -8.292359887600000e+01,
    4.241605841900010e+01
  ],
  ""type"": ""Point""
}","{
  ""coordinates"": [
    -82.923598876,
    42.416058419
  ],
  ""type"": ""Point""
}",-82.923598876,42.4160584190001
10394,9751394,WARREN,EPWORTH,2016-07-20,20,7,2016,6,4,1,9,,4,0,,1,1,1,30,4,1,1,5,0,0,0,0,true,,false,false,false,true,false,,,,,,false,false,true,,,false,false,false,false,false,-83.12446,42.34449,"{
  ""coordinates"": [
    -8.312445905999989e+01,
    4.234449121700000e+01
  ],
  ""type"": ""Point""
}","{
  ""coordinates"": [
    -83.12445906,
    42.344491217
  ],
  ""type"": ""Point""
}",-83.1244590599999,42.344491217
10395,9755897,MCNICHOLS,FAIRFIELD,2016-07-20,20,7,2016,12,4,4,9,,4,0,,1,1,1,30,2,2,2,4,0,0,0,1,false,,true,true,false,false,false,,,,,,false,false,true,,,false,false,false,false,false,-83.1353,42.41722,"{
  ""coordinates"": [
    -8.313529840699989e+01,
    4.241722388700000e+01
  ],
  ""type"": ""Point""
}","{
  ""coordinates"": [
    -83.135298407,
    42.417223887
  ],
  ""type"": ""Point""
}",-83.1352984069999,42.417223887
10396,9774596,GREENFIELD,ACACIA,2016-07-20,20,7,2016,18,4,5,9,,2,0,,1,1,1,35,7,3,3,5,0,0,0,0,true,,false,false,false,false,false,,,,,,false,false,false,,,false,false,false,false,false,-83.19834,42.39195,"{
  ""coordinates"": [
    -8.319833900099999e+01,
    4.239195013200000e+01
  ],
  ""type"": ""Point""
}","{
  ""coordinates"": [
    -83.198339001,
    42.391950132
  ],
  ""type"": ""Point""
}",-83.198339001,42.391950132
10397,9754105,7 MILE,CHALMERS,2016-07-20,20,7,2016,16,4,3,9,,2,0,,1,1,1,30,4,2,4,5,0,0,0,0,true,,true,true,false,false,false,,,,,,false,false,true,,,false,false,false,false,false,-82.97527,42.43513,"{
  ""coordinates"": [
    -8.297527125499990e+01,
    4.243513133600000e+01
  ],
  ""type"": ""Point""
}","{
  ""coordinates"": [
    -82.975271255,
    42.435131336
  ],
  ""type"": ""Point""
}",-82.9752712549999,42.435131336
10398,9755057,WARD,CAPITOL,2016-07-20,20,7,2016,2,4,5,9,,,0,,1,1,5,0,2,2,0,5,0,0,0,0,true,,false,false,false,false,false,,,,,,false,false,false,,,false,false,false,false,false,-83.17319,42.37674,"{
  ""coordinates"": [
    -8.317319065800000e+01,
    4.237674124800000e+01
  ],
  ""type"": ""Point""
}","{
  ""coordinates"": [
    -83.173190658,
    42.376741248
  ],
  ""type"": ""Point""
}",-83.173190658,42.376741248
10399,9752300,COMMONWEALTH,MERRICK,2016-07-20,20,7,2016,18,4,8,9,,,0,,1,1,1,25,1,2,1,5,0,0,0,0,true,,false,false,false,false,false,,,,,,false,true,false,,,false,false,false,false,false,-83.08118,42.35413,"{
  ""coordinates"": [
    -8.308118096899990e+01,
    4.235413493900010e+01
  ],
  ""type"": ""Point""
}","{
  ""coordinates"": [
    -83.081180969,
    42.354134939
  ],
  ""type"": ""Point""
}",-83.0811809689999,42.3541349390001
10400,9752316,HARPER,KENSINGTON,2016-07-20,20,7,2016,23,4,9,9,,4,0,,1,1,4,35,2,2,1,5,0,0,0,0,true,,false,false,true,false,false,,,,,,false,false,true,,,false,false,false,false,false,-82.94125,42.41329,"{
  ""coordinates"": [
    -8.294125189700000e+01,
    4.241328824900010e+01
  ],
  ""type"": ""Point""
}","{
  ""coordinates"": [
    -82.941251897,
    42.413288249
  ],
  ""type"": ""Point""
}",-82.941251897,42.4132882490001
10401,9764036,I-94,BURNS,2016-07-20,20,7,2016,18,4,5,1,,1,0,,1,1,1,55,3,2,2,5,0,0,0,0,true,,false,false,false,false,false,,,,,,false,false,false,,,false,false,false,false,false,-83.01477,42.38824,"{
  ""coordinates"": [
    -8.301477196099999e+01,
    4.238824054100010e+01
  ],
  ""type"": ""Point""
}","{
  ""coordinates"": [
    -83.014771961,
    42.388240541
  ],
  ""type"": ""Point""
}",-83.014771961,42.3882405410001
10402,9753000,I-94,M-10,2016-07-20,20,7,2016,15,4,5,1,,1,0,,1,1,1,55,3,2,2,5,0,0,0,0,true,,false,false,false,false,false,,,,,,false,false,true,,,false,false,false,false,false,-83.07874,42.35735,"{
  ""coordinates"": [
    -8.307874085899989e+01,
    4.235735162500000e+01
  ],
  ""type"": ""Point""
}","{
  ""coordinates"": [
    -83.078740859,
    42.357351625
  ],
  ""type"": ""Point""
}",-83.0787408589999,42.357351625
10403,9762241,BEAUBIEN,MACK,2016-07-20,20,7,2016,11,4,1,9,,4,1,,1,1,1,25,2,1,1,5,0,0,0,0,true,,false,false,false,false,false,,,,,,false,false,false,,,false,false,false,false,false,-83.05376,42.35154,"{
  ""coordinates"": [
    -8.305376221499991e+01,
    4.235154524000010e+01
  ],
  ""type"": ""Point""
}","{
  ""coordinates"": [
    -83.053762215,
    42.35154524
  ],
  ""type"": ""Point""
}",-83.0537622149999,42.3515452400001
10404,9753001,RAMP 040B,N I 75 SERVICE DRIVE,2016-07-20,20,7,2016,16,4,5,1,,1,0,,1,1,1,55,1,2,2,5,0,0,0,0,true,,false,false,false,false,false,,,,,,false,false,false,,,false,false,false,false,false,-83.05447,42.33892,"{
  ""coordinates"": [
    -8.305447424999990e+01,
    4.233892353100000e+01
  ],
  ""type"": ""Point""
}","{
  ""coordinates"": [
    -83.05447425,
    42.338923531
  ],
  ""type"": ""Point""
}",-83.0544742499999,42.338923531
10405,9752339,DEXTER,CORTLAND,2016-07-20,20,7,2016,18,4,97,9,,4,0,,1,1,1,35,4,2,2,5,0,0,0,0,true,,false,false,true,false,false,,,,,,false,false,false,,,false,false,false,false,false,-83.12673,42.3836,"{
  ""coordinates"": [
    -8.312673464100000e+01,
    4.238360210000010e+01
  ],
  ""type"": ""Point""
}","{
  ""coordinates"": [
    -83.126734641,
    42.3836021
  ],
  ""type"": ""Point""
}",-83.126734641,42.3836021000001
10406,9751368,WARREN,BRUSH,2016-07-20,20,7,2016,8,4,4,9,,4,0,,1,1,1,30,6,2,4,4,0,0,0,1,false,,false,false,false,false,false,,,,,,false,false,false,,,false,false,false,false,false,-83.05994,42.35883,"{
  ""coordinates"": [
    -8.305994270799989e+01,
    4.235882675500010e+01
  ],
  ""type"": ""Point""
}","{
  ""coordinates"": [
    -83.059942708,
    42.358826755
  ],
  ""type"": ""Point""
}",-83.0599427079999,42.3588267550001
10407,9760569,DAVISON,JOSEPH CAMPAU,2016-07-20,20,7,2016,7,4,97,9,,4,0,,1,1,1,30,3,2,1,5,0,0,0,0,true,,false,false,false,false,false,,,,,,false,false,false,,,false,false,false,false,false,-83.06897,42.41273,"{
  ""coordinates"": [
    -8.306896874499991e+01,
    4.241273648200010e+01
  ],
  ""type"": ""Point""
}","{
  ""coordinates"": [
    -83.068968745,
    42.412736482
  ],
  ""type"": ""Point""
}",-83.0689687449999,42.4127364820001
10408,9752344,DAVISON,MOUND,2016-07-20,20,7,2016,8,4,4,9,,2,0,,1,1,1,35,6,2,3,5,0,0,0,0,true,,true,true,false,false,false,,,,,,false,false,false,,,false,false,false,false,false,-83.04295,42.42256,"{
  ""coordinates"": [
    -8.304295540800000e+01,
    4.242256131000000e+01
  ],
  ""type"": ""Point""
}","{
  ""coordinates"": [
    -83.042955408,
    42.42256131
  ],
  ""type"": ""Point""
}",-83.042955408,42.42256131
10409,9754093,MARTIN LUTHER KING JR,LINCOLN,2016-07-20,20,7,2016,19,4,8,9,,4,0,,1,1,4,0,4,2,1,5,0,0,0,0,true,,false,false,true,false,false,,,,,,false,false,true,,,false,false,false,false,false,-83.07132,42.34218,"{
  ""coordinates"": [
    -8.307131768799999e+01,
    4.234217778200010e+01
  ],
  ""type"": ""Point""
}","{
  ""coordinates"": [
    -83.071317688,
    42.342177782
  ],
  ""type"": ""Point""
}",-83.071317688,42.3421777820001
10410,9757559,VERNOR,GRAND,2016-07-20,20,7,2016,12,4,97,9,,4,0,,1,1,1,25,4,2,3,5,0,0,0,0,true,,false,false,false,false,false,,,,,,false,true,false,,,false,false,false,false,false,-83.08928,42.32284,"{
  ""coordinates"": [
    -8.308927719300000e+01,
    4.232284027200010e+01
  ],
  ""type"": ""Point""
}","{
  ""coordinates"": [
    -83.089277193,
    42.322840272
  ],
  ""type"": ""Point""
}",-83.089277193,42.3228402720001
10411,9753041,FENELON,CHARLES,2016-07-20,20,7,2016,21,4,1,9,,,1,,1,1,4,25,2,1,2,5,0,0,0,0,true,,false,false,false,false,false,,,,,,false,false,false,,,false,false,false,false,false,-83.05265,42.41386,"{
  ""coordinates"": [
    -8.305264834600000e+01,
    4.241385474100010e+01
  ],
  ""type"": ""Point""
}","{
  ""coordinates"": [
    -83.052648346,
    42.413854741
  ],
  ""type"": ""Point""
}",-83.052648346,42.4138547410001
10412,9753044,GRATIOT,FRENCH,2016-07-20,20,7,2016,19,4,5,3,,1,0,,1,1,1,35,4,2,3,4,0,0,0,1,false,,false,false,true,false,false,,,,,,false,true,false,,,false,false,false,false,false,-83.00042,42.40043,"{
  ""coordinates"": [
    -8.300041745199999e+01,
    4.240043172400000e+01
  ],
  ""type"": ""Point""
}","{
  ""coordinates"": [
    -83.000417452,
    42.400431724
  ],
  ""type"": ""Point""
}",-83.000417452,42.400431724
10413,9755020,PATTON,GLENCO,2016-07-20,20,7,2016,11,4,5,9,,,0,,1,1,1,25,2,2,1,5,0,0,0,0,true,,false,false,true,false,false,,,,,,false,false,true,,,false,false,false,false,false,-83.24511,42.4217,"{
  ""coordinates"": [
    -8.324510829099999e+01,
    4.242169710600010e+01
  ],
  ""type"": ""Point""
}","{
  ""coordinates"": [
    -83.245108291,
    42.421697106
  ],
  ""type"": ""Point""
}",-83.245108291,42.4216971060001
10414,9753006,MICHIGAN,CASS,2016-07-20,20,7,2016,12,4,8,2,,4,0,,1,1,1,35,5,2,3,5,0,0,0,0,true,,false,false,false,false,false,,,,,,false,false,false,,,false,false,false,false,false,-83.05228,42.33167,"{
  ""coordinates"": [
    -8.305228762199989e+01,
    4.233167252800010e+01
  ],
  ""type"": ""Point""
}","{
  ""coordinates"": [
    -83.052287622,
    42.331672528
  ],
  ""type"": ""Point""
}",-83.0522876219999,42.3316725280001
10415,9754082,GRAND RIVER,4TH,2016-07-20,20,7,2016,17,4,8,3,,1,0,,1,1,1,35,3,2,3,5,0,0,0,0,true,,false,false,true,false,false,,,,,,false,false,false,,,false,false,false,false,false,-83.06283,42.33799,"{
  ""coordinates"": [
    -8.306282819499999e+01,
    4.233798836100000e+01
  ],
  ""type"": ""Point""
}","{
  ""coordinates"": [
    -83.062828195,
    42.337988361
  ],
  ""type"": ""Point""
}",-83.062828195,42.337988361
10416,9755054,HUBBELL,CAMBRIDGE,2016-07-20,20,7,2016,1,4,1,9,,4,0,,1,1,4,30,2,1,0,5,0,0,0,0,true,,false,false,true,false,false,,,,,,false,false,false,,,false,false,false,false,false,-83.19003,42.43271,"{
  ""coordinates"": [
    -8.319002791699999e+01,
    4.243270997100010e+01
  ],
  ""type"": ""Point""
}","{
  ""coordinates"": [
    -83.190027917,
    42.432709971
  ],
  ""type"": ""Point""
}",-83.190027917,42.4327099710001
10417,9752303,RAMP 136C,GREENFIELD,2016-07-20,20,7,2016,9,4,5,1,,1,0,,1,1,1,25,2,2,4,3,0,0,1,1,false,,false,false,false,false,false,,,,,,false,false,false,,,false,false,false,false,false,-83.19804,42.37959,"{
  ""coordinates"": [
    -8.319804155700000e+01,
    4.237959233600000e+01
  ],
  ""type"": ""Point""
}","{
  ""coordinates"": [
    -83.198041557,
    42.379592336
  ],
  ""type"": ""Point""
}",-83.198041557,42.379592336
10418,9752336,CONNER,MCNICHOLS,2016-07-20,20,7,2016,12,4,8,9,,4,0,,1,1,1,30,6,2,2,5,0,0,0,0,true,,false,false,false,false,false,,,,,,false,false,false,,,false,false,false,false,false,-83.01266,42.41855,"{
  ""coordinates"": [
    -8.301265689800000e+01,
    4.241855302000000e+01
  ],
  ""type"": ""Point""
}","{
  ""coordinates"": [
    -83.012656898,
    42.41855302
  ],
  ""type"": ""Point""
}",-83.012656898,42.41855302
10419,9752307,N M 10 SERVICE DRIVE,EUCLID,2016-07-20,20,7,2016,16,4,97,9,,4,0,,1,1,1,30,5,3,4,4,0,0,0,2,false,,true,true,false,false,false,,,,,,false,false,true,,,false,false,false,false,false,-83.08602,42.37416,"{
  ""coordinates"": [
    -8.308602318399990e+01,
    4.237416497200010e+01
  ],
  ""type"": ""Point""
}","{
  ""coordinates"": [
    -83.086023184,
    42.374164972
  ],
  ""type"": ""Point""
}",-83.0860231839999,42.3741649720001
10420,9753016,PLUMER,JUNCTION,2016-07-20,20,7,2016,19,4,8,9,,,0,,1,1,1,25,2,2,0,5,0,0,0,0,true,,false,false,true,false,false,,,,,,false,false,false,,,false,false,false,false,false,-83.10555,42.3224,"{
  ""coordinates"": [
    -8.310554798699999e+01,
    4.232239606100010e+01
  ],
  ""type"": ""Point""
}","{
  ""coordinates"": [
    -83.105547987,
    42.322396061
  ],
  ""type"": ""Point""
}",-83.105547987,42.3223960610001
10421,9759669,LONYO,MCGRAW,2016-07-20,20,7,2016,23,4,97,9,,4,0,,1,1,5,30,2,2,1,5,0,0,0,0,true,,false,false,false,false,false,,,,,,false,false,true,,,false,false,false,false,false,-83.14656,42.3334,"{
  ""coordinates"": [
    -8.314655839600000e+01,
    4.233340493800010e+01
  ],
  ""type"": ""Point""
}","{
  ""coordinates"": [
    -83.146558396,
    42.333404938
  ],
  ""type"": ""Point""
}",-83.146558396,42.3334049380001
10422,9763139,M-39,8 MILE,2016-07-20,20,7,2016,19,4,5,3,,1,0,,1,1,1,55,3,2,2,5,0,0,0,0,true,,false,false,false,false,false,,,,,,false,false,false,,,false,false,false,false,false,-83.21967,42.44272,"{
  ""coordinates"": [
    -8.321966930100000e+01,
    4.244272147700010e+01
  ],
  ""type"": ""Point""
}","{
  ""coordinates"": [
    -83.219669301,
    42.442721477
  ],
  ""type"": ""Point""
}",-83.219669301,42.4427214770001
10423,9753025,CHICAGO,BURT,2016-07-20,20,7,2016,21,4,97,9,,4,0,,1,1,4,25,2,2,1,5,0,0,0,0,true,,false,false,false,false,false,,,,,,true,false,false,,,false,false,false,false,false,-83.24612,42.36456,"{
  ""coordinates"": [
    -8.324611283800000e+01,
    4.236455444600010e+01
  ],
  ""type"": ""Point""
}","{
  ""coordinates"": [
    -83.246112838,
    42.364554446
  ],
  ""type"": ""Point""
}",-83.246112838,42.3645544460001
10424,9756615,GRATIOT,CHENE,2016-07-20,20,7,2016,7,4,5,3,,1,0,,1,1,1,35,7,2,2,5,0,0,0,0,true,,false,false,false,false,false,,,,,,false,true,false,,,false,false,false,false,false,-83.03202,42.35252,"{
  ""coordinates"": [
    -8.303202071000000e+01,
    4.235251850600010e+01
  ],
  ""type"": ""Point""
}","{
  ""coordinates"": [
    -83.03202071,
    42.352518506
  ],
  ""type"": ""Point""
}",-83.03202071,42.3525185060001
10425,9755885,DAVISON,STOEPEL,2016-07-20,20,7,2016,18,4,5,3,,1,0,,1,1,1,30,2,2,4,5,0,0,0,0,true,,false,false,false,false,false,,,,,,false,true,true,,,false,false,false,false,false,-83.14062,42.38646,"{
  ""coordinates"": [
    -8.314061458099999e+01,
    4.238645773300000e+01
  ],
  ""type"": ""Point""
}","{
  ""coordinates"": [
    -83.140614581,
    42.386457733
  ],
  ""type"": ""Point""
}",-83.140614581,42.386457733
10426,9755858,ROSA PARKS,CANFIELD,2016-07-20,20,7,2016,18,4,4,9,,4,0,,1,1,1,30,4,2,2,5,0,0,0,0,true,,true,false,true,false,false,,,,,,false,false,true,,,false,false,false,false,false,-83.08082,42.34692,"{
  ""coordinates"": [
    -8.308082050800000e+01,
    4.234691594600010e+01
  ],
  ""type"": ""Point""
}","{
  ""coordinates"": [
    -83.080820508,
    42.346915946
  ],
  ""type"": ""Point""
}",-83.080820508,42.3469159460001
10427,9757598,SECOND,HANCOCK,2016-07-20,20,7,2016,17,4,4,9,,5,0,,1,1,1,30,3,2,3,5,0,0,0,0,true,,false,false,false,false,false,,,,,,false,true,false,,,false,false,false,false,false,-83.06823,42.3541,"{
  ""coordinates"": [
    -8.306822670199990e+01,
    4.235410438900000e+01
  ],
  ""type"": ""Point""
}","{
  ""coordinates"": [
    -83.068226702,
    42.354104389
  ],
  ""type"": ""Point""
}",-83.0682267019999,42.354104389
10428,9757603,WOODWARD,MACK,2016-07-20,20,7,2016,21,4,3,3,,1,0,,1,1,4,25,6,2,2,5,0,0,0,0,true,,false,false,false,true,false,,,,,,false,false,false,,,false,false,false,false,false,-83.05791,42.34744,"{
  ""coordinates"": [
    -8.305791109099989e+01,
    4.234744388900000e+01
  ],
  ""type"": ""Point""
}","{
  ""coordinates"": [
    -83.057911091,
    42.347443889
  ],
  ""type"": ""Point""
}",-83.0579110909999,42.347443889
10429,9752340,8 MILE,IRVINGTON,2016-07-20,20,7,2016,13,4,5,3,,1,0,,1,1,1,40,6,2,5,5,0,0,0,0,true,,false,false,false,false,false,,,,,,false,false,true,,,false,false,false,false,false,-83.09823,42.44659,"{
  ""coordinates"": [
    -8.309822883800000e+01,
    4.244658749400000e+01
  ],
  ""type"": ""Point""
}","{
  ""coordinates"": [
    -83.098228838,
    42.446587494
  ],
  ""type"": ""Point""
}",-83.098228838,42.446587494
10430,9755036,SEVEN MILE,GILCHRIST,2016-07-20,20,7,2016,19,4,97,9,,2,0,,1,1,1,35,4,2,1,5,0,0,0,0,true,,false,false,false,false,false,,,,,,false,false,false,,,false,false,false,false,false,-83.21304,42.43019,"{
  ""coordinates"": [
    -8.321303881199999e+01,
    4.243018649500000e+01
  ],
  ""type"": ""Point""
}","{
  ""coordinates"": [
    -83.213038812,
    42.430186495
  ],
  ""type"": ""Point""
}",-83.213038812,42.430186495
10431,9762223,JEFFERSON,GRISWOLD,2016-07-20,20,7,2016,17,4,5,9,,5,0,,1,1,1,35,3,2,2,5,0,0,0,0,true,,false,false,false,false,false,,,,,,false,false,false,,,false,false,false,false,false,-83.04557,42.32843,"{
  ""coordinates"": [
    -8.304557189000001e+01,
    4.232843131000000e+01
  ],
  ""type"": ""Point""
}","{
  ""coordinates"": [
    -83.04557189,
    42.32843131
  ],
  ""type"": ""Point""
}",-83.04557189,42.32843131