ObjectId,Crash ID,Primary Road,Intersecting Road,Crash Date,Day,Month,Year,Hour,Weekday,Crash Type Code,Highway Classification Code,Community Code,Jurisdiction Code,Lane Departure Type Code,Surface Type,Road Condition,Weather Condition,Lighting Condition,Speed Limit,Lanes,Units,Occupants,Most Severe Injury,Fatal Injuries,Suspected Serious Injuries,Suspected Minor Injuries,Possible Injuries,Property Damage Only,Secondary Crash,Traffic Control,Red Light Run,Hit and Run,Alcohol,Drugs,Unbelted Person,Work Zone,Speeding Driver,Distracted Driver,Driveway,Pedestrian,Elderly Driver,Young Driver,Commercial Vehicle,Emergency Vehicles,Train,School Bus,Motorcycle,Bicycle,Deer,Longitude,Latitude,geom,geog,x,y
10432,9752304,MEYERS,CHALFONTE,2016-07-20,20,7,2016,20,4,4,9,,4,0,,1,1,3,30,6,2,3,5,0,0,0,0,true,,false,false,false,false,false,,,,,,false,false,true,,,false,false,false,false,false,-83.16929,42.40004,"{
  ""coordinates"": [
    -8.316928640499999e+01,
    4.240003439900000e+01
  ],
  ""type"": ""Point""
}","{
  ""coordinates"": [
    -83.169286405,
    42.400034399
  ],
  ""type"": ""Point""
}",-83.169286405,42.400034399
10433,9752342,OUTER,SIRRON,2016-07-20,20,7,2016,2,4,1,9,,2,0,,1,1,4,35,2,1,0,5,0,0,0,0,true,,false,false,true,false,false,,,,,,false,false,false,,,false,false,false,false,false,-83.01751,42.44048,"{
  ""coordinates"": [
    -8.301750803800000e+01,
    4.244048329200010e+01
  ],
  ""type"": ""Point""
}","{
  ""coordinates"": [
    -83.017508038,
    42.440483292
  ],
  ""type"": ""Point""
}",-83.017508038,42.4404832920001
10434,9755899,ST MARTINS,LIVERNOIS30,2016-07-20,20,7,2016,10,4,1,9,,,0,,1,1,1,25,2,2,2,5,0,0,0,0,true,,false,false,false,false,false,,,,,,false,false,false,,,false,false,false,true,false,-83.14185,42.43702,"{
  ""coordinates"": [
    -8.314184455100001e+01,
    4.243701511800000e+01
  ],
  ""type"": ""Point""
}","{
  ""coordinates"": [
    -83.141844551,
    42.437015118
  ],
  ""type"": ""Point""
}",-83.141844551,42.437015118
10435,9751389,DUCHESS,CRAFT,2016-07-19,19,7,2016,16,3,4,9,,,0,,1,1,1,25,2,2,3,4,0,0,0,1,false,,false,false,false,false,false,,,,,,false,false,false,,,false,false,false,false,false,-82.96165,42.41751,"{
  ""coordinates"": [
    -8.296165196999991e+01,
    4.241751292100000e+01
  ],
  ""type"": ""Point""
}","{
  ""coordinates"": [
    -82.96165197,
    42.417512921
  ],
  ""type"": ""Point""
}",-82.9616519699999,42.417512921
10436,9751345,E I 94,RAMP 217E,2016-07-19,19,7,2016,10,3,5,1,,1,0,,1,1,1,55,3,2,4,5,0,0,0,0,true,,false,false,false,false,false,,,,,,false,false,true,,,false,false,false,false,false,-83.03975,42.37672,"{
  ""coordinates"": [
    -8.303974658500000e+01,
    4.237672384300000e+01
  ],
  ""type"": ""Point""
}","{
  ""coordinates"": [
    -83.039746585,
    42.376723843
  ],
  ""type"": ""Point""
}",-83.039746585,42.376723843
10437,9751373,COURVILLE,FRANKFORT,2016-07-19,19,7,2016,17,3,4,9,,,0,,1,1,1,25,2,2,2,3,0,0,1,0,false,,false,false,false,false,false,,,,,,false,false,true,,,false,false,false,false,false,-82.94003,42.40437,"{
  ""coordinates"": [
    -8.294003592900000e+01,
    4.240436607700010e+01
  ],
  ""type"": ""Point""
}","{
  ""coordinates"": [
    -82.940035929,
    42.404366077
  ],
  ""type"": ""Point""
}",-82.940035929,42.4043660770001
10438,9753014,LONYO,JOHN KRONK,2016-07-19,19,7,2016,15,3,8,9,,4,0,,1,1,1,35,2,2,1,5,0,0,0,0,true,,false,false,true,false,false,,,,,,false,false,true,,,false,false,false,false,false,-83.13769,42.32113,"{
  ""coordinates"": [
    -8.313768942300000e+01,
    4.232113370000010e+01
  ],
  ""type"": ""Point""
}","{
  ""coordinates"": [
    -83.137689423,
    42.3211337
  ],
  ""type"": ""Point""
}",-83.137689423,42.3211337000001
10439,9750560,ST PAUL,VAN DYKE,2016-07-19,19,7,2016,7,3,4,9,,,0,,1,1,1,25,1,2,1,5,0,0,0,0,true,,false,false,true,false,false,,,,,,false,false,false,,,false,false,false,false,false,-82.99862,42.35662,"{
  ""coordinates"": [
    -8.299861603999990e+01,
    4.235662109800010e+01
  ],
  ""type"": ""Point""
}","{
  ""coordinates"": [
    -82.99861604,
    42.356621098
  ],
  ""type"": ""Point""
}",-82.9986160399999,42.3566210980001
10440,9752338,MADDELEIN,BROCK,2016-07-19,19,7,2016,14,3,4,9,,,0,,1,1,1,25,4,2,3,5,0,0,0,0,true,,true,false,true,false,false,,,,,,false,false,false,,,false,false,false,false,false,-82.9631,42.43637,"{
  ""coordinates"": [
    -8.296309359999999e+01,
    4.243637057900000e+01
  ],
  ""type"": ""Point""
}","{
  ""coordinates"": [
    -82.9630936,
    42.436370579
  ],
  ""type"": ""Point""
}",-82.9630936,42.436370579
10441,9752334,GRATIOT,MCCLELLAN,2016-07-19,19,7,2016,23,3,4,3,,1,0,,1,1,4,35,6,2,2,4,0,0,0,1,false,,true,true,false,false,false,,,,,,false,false,true,,,false,false,false,false,false,-83.00707,42.39032,"{
  ""coordinates"": [
    -8.300707598799990e+01,
    4.239032484300000e+01
  ],
  ""type"": ""Point""
}","{
  ""coordinates"": [
    -83.007075988,
    42.390324843
  ],
  ""type"": ""Point""
}",-83.0070759879999,42.390324843
10442,9754049,I 75,SPRINGWELLS,2016-07-19,19,7,2016,12,3,8,1,,1,0,,1,1,1,70,4,3,3,5,0,0,0,0,true,,false,false,false,false,false,,,,,,false,false,false,,,false,false,false,false,false,-83.123,42.29923,"{
  ""coordinates"": [
    -8.312300243399990e+01,
    4.229922780400010e+01
  ],
  ""type"": ""Point""
}","{
  ""coordinates"": [
    -83.123002434,
    42.299227804
  ],
  ""type"": ""Point""
}",-83.1230024339999,42.2992278040001
10443,9759695,RAMP 217F,E I 94,2016-07-19,19,7,2016,16,3,5,1,,1,0,,1,1,1,0,2,2,2,5,0,0,0,0,true,,false,false,false,false,false,,,,,,false,false,false,,,false,false,false,false,false,-83.03242,42.38011,"{
  ""coordinates"": [
    -8.303241865200000e+01,
    4.238010725700010e+01
  ],
  ""type"": ""Point""
}","{
  ""coordinates"": [
    -83.032418652,
    42.380107257
  ],
  ""type"": ""Point""
}",-83.032418652,42.3801072570001
10444,9751386,DAVISON,LIVERNOIS,2016-07-19,19,7,2016,8,3,3,3,,1,0,,1,1,1,35,2,4,4,3,0,0,1,1,false,,true,true,false,false,false,,,,,,false,false,true,,,false,false,false,false,false,-83.13981,42.38648,"{
  ""coordinates"": [
    -8.313980762900000e+01,
    4.238648269300010e+01
  ],
  ""type"": ""Point""
}","{
  ""coordinates"": [
    -83.139807629,
    42.386482693
  ],
  ""type"": ""Point""
}",-83.139807629,42.3864826930001
10445,9752341,8 MILE,RYAN,2016-07-19,19,7,2016,18,3,8,3,,1,0,,1,1,1,35,4,2,4,5,0,0,0,0,true,,false,false,true,false,false,,,,,,false,false,false,,,false,false,false,false,false,-83.0642,42.44725,"{
  ""coordinates"": [
    -8.306420171400001e+01,
    4.244725333300000e+01
  ],
  ""type"": ""Point""
}","{
  ""coordinates"": [
    -83.064201714,
    42.447253333
  ],
  ""type"": ""Point""
}",-83.064201714,42.447253333
10446,9751405,LIVERNOIS,SAINT MARTINS,2016-07-19,19,7,2016,17,3,1,9,,4,0,,1,1,1,30,3,2,2,4,0,0,0,1,false,,false,false,false,false,false,,,,,,false,false,false,,,false,false,false,true,false,-83.14156,42.43689,"{
  ""coordinates"": [
    -8.314156267399990e+01,
    4.243689085200000e+01
  ],
  ""type"": ""Point""
}","{
  ""coordinates"": [
    -83.141562674,
    42.436890852
  ],
  ""type"": ""Point""
}",-83.1415626739999,42.436890852
10447,9751400,8 MILE,HOOVER,2016-07-19,19,7,2016,1,3,1,3,,1,1,,1,1,4,40,4,1,0,5,0,0,0,0,true,,false,false,true,false,false,,,,,,false,false,false,,,false,false,false,false,false,-82.99985,42.44894,"{
  ""coordinates"": [
    -8.299985046499999e+01,
    4.244893851200000e+01
  ],
  ""type"": ""Point""
}","{
  ""coordinates"": [
    -82.999850465,
    42.448938512
  ],
  ""type"": ""Point""
}",-82.999850465,42.448938512
10448,9752308,JUNCTION,MCMILLAN,2016-07-19,19,7,2016,1,3,8,9,,4,0,,1,2,4,25,4,2,1,5,0,0,0,0,true,,false,false,false,false,false,,,,,,false,false,false,,,false,false,false,false,false,-83.10286,42.31925,"{
  ""coordinates"": [
    -8.310285840800000e+01,
    4.231925136600010e+01
  ],
  ""type"": ""Point""
}","{
  ""coordinates"": [
    -83.102858408,
    42.319251366
  ],
  ""type"": ""Point""
}",-83.102858408,42.3192513660001
10449,9754048,I 75,STATE FAIR,2016-07-19,19,7,2016,9,3,5,1,,1,0,,1,1,1,70,4,2,2,5,0,0,0,0,true,,false,false,false,false,false,,,,,,false,false,false,,,false,false,false,false,false,-83.09519,42.44003,"{
  ""coordinates"": [
    -8.309519370899990e+01,
    4.244002431700010e+01
  ],
  ""type"": ""Point""
}","{
  ""coordinates"": [
    -83.095193709,
    42.440024317
  ],
  ""type"": ""Point""
}",-83.0951937089999,42.4400243170001
10450,9755908,MONTEREY,12TH,2016-07-19,19,7,2016,13,3,9,9,,,2,,2,1,1,20,3,2,0,5,0,0,0,0,true,,false,false,true,false,false,,,,,,false,false,false,,,false,false,false,false,false,-83.10772,42.38898,"{
  ""coordinates"": [
    -8.310771616600000e+01,
    4.238898278200000e+01
  ],
  ""type"": ""Point""
}","{
  ""coordinates"": [
    -83.107716166,
    42.388982782
  ],
  ""type"": ""Point""
}",-83.107716166,42.388982782
10451,9973408,I 75,MICHIGAN,2016-07-19,19,7,2016,10,3,8,1,,1,0,,1,1,1,55,3,2,1,5,0,0,0,0,true,,false,false,true,false,false,,,,,,false,true,false,,,false,false,false,false,false,-83.08563,42.33028,"{
  ""coordinates"": [
    -8.308563536600001e+01,
    4.233028543400010e+01
  ],
  ""type"": ""Point""
}","{
  ""coordinates"": [
    -83.085635366,
    42.330285434
  ],
  ""type"": ""Point""
}",-83.085635366,42.3302854340001
10452,9752305,GRAND,N M 10 SERVICE DRIVE,2016-07-19,19,7,2016,18,3,4,9,,4,0,,1,1,1,35,4,2,2,2,0,1,1,1,false,,true,true,false,false,false,,,,,,false,false,true,,,false,false,false,false,false,-83.08138,42.36713,"{
  ""coordinates"": [
    -8.308138028400001e+01,
    4.236713271800010e+01
  ],
  ""type"": ""Point""
}","{
  ""coordinates"": [
    -83.081380284,
    42.367132718
  ],
  ""type"": ""Point""
}",-83.081380284,42.3671327180001
10453,9753978,RAMP 008F,SOUTHFIELD SERVICE DRIVE,2016-07-19,19,7,2016,8,3,8,1,,1,0,,1,1,1,70,1,2,1,5,0,0,0,0,true,,false,false,true,false,false,,,,,,false,true,false,,,false,false,false,false,false,-83.2173,42.37916,"{
  ""coordinates"": [
    -8.321730284300000e+01,
    4.237916117300010e+01
  ],
  ""type"": ""Point""
}","{
  ""coordinates"": [
    -83.217302843,
    42.379161173
  ],
  ""type"": ""Point""
}",-83.217302843,42.3791611730001
10454,9751383,TELEGRAPH,RAMP 051A,2016-07-19,19,7,2016,7,3,5,2,,1,0,,1,1,1,30,2,2,2,5,0,0,0,0,true,,false,false,false,false,false,,,,,,false,false,false,,,false,false,false,false,false,-83.27862,42.44151,"{
  ""coordinates"": [
    -8.327862047799989e+01,
    4.244150772800000e+01
  ],
  ""type"": ""Point""
}","{
  ""coordinates"": [
    -83.278620478,
    42.441507728
  ],
  ""type"": ""Point""
}",-83.2786204779999,42.441507728
10455,9754050,W I 96,CSX TRANSPORTATION,2016-07-19,19,7,2016,13,3,97,1,,1,0,,1,1,1,70,3,2,2,5,0,0,0,0,true,,false,false,false,false,false,,,,,,false,false,true,,,false,false,false,false,false,-83.23265,42.3784,"{
  ""coordinates"": [
    -8.323265309000000e+01,
    4.237840170500000e+01
  ],
  ""type"": ""Point""
}","{
  ""coordinates"": [
    -83.23265309,
    42.378401705
  ],
  ""type"": ""Point""
}",-83.23265309,42.378401705
10456,9754051,W I 96,CSX TRANSPORTATION,2016-07-19,19,7,2016,13,3,5,1,,1,0,,1,1,1,70,3,2,2,5,0,0,0,0,true,,false,false,false,false,false,,,,,,false,true,false,,,false,false,false,false,false,-83.23264,42.3784,"{
  ""coordinates"": [
    -8.323263457199990e+01,
    4.237839713000010e+01
  ],
  ""type"": ""Point""
}","{
  ""coordinates"": [
    -83.232634572,
    42.37839713
  ],
  ""type"": ""Point""
}",-83.2326345719999,42.3783971300001
10457,9755834,E I 94,HARPER,2016-07-19,19,7,2016,14,3,8,1,,1,0,,1,1,1,55,3,2,4,5,0,0,0,0,true,,false,false,false,false,false,,,,,,false,false,true,,,false,false,false,false,false,-82.93182,42.42059,"{
  ""coordinates"": [
    -8.293182134900000e+01,
    4.242059302300000e+01
  ],
  ""type"": ""Point""
}","{
  ""coordinates"": [
    -82.931821349,
    42.420593023
  ],
  ""type"": ""Point""
}",-82.931821349,42.420593023
10458,9755037,FLORENCE,GILCHRIST,2016-07-19,19,7,2016,17,3,97,9,,,0,,1,1,1,0,4,3,4,5,0,0,0,0,true,,false,false,false,false,false,,,,,,false,false,true,,,false,false,false,false,false,-83.21182,42.41027,"{
  ""coordinates"": [
    -8.321181906600000e+01,
    4.241027299900000e+01
  ],
  ""type"": ""Point""
}","{
  ""coordinates"": [
    -83.211819066,
    42.410272999
  ],
  ""type"": ""Point""
}",-83.211819066,42.410272999
10459,9752347,WYOMING,PICKFORD,2016-07-19,19,7,2016,20,3,4,9,,4,0,,1,1,1,30,4,2,3,4,0,0,0,1,false,,false,false,true,false,false,,,,,,false,false,false,,,false,false,false,false,false,-83.16077,42.42597,"{
  ""coordinates"": [
    -8.316077669200000e+01,
    4.242597097000000e+01
  ],
  ""type"": ""Point""
}","{
  ""coordinates"": [
    -83.160776692,
    42.42597097
  ],
  ""type"": ""Point""
}",-83.160776692,42.42597097
10460,9751366,JOHN C LODGE SERVICE,SEWARD,2016-07-19,19,7,2016,12,3,97,3,,1,0,,1,1,1,25,3,2,2,5,0,0,0,0,true,,false,false,true,false,false,,,,,,false,false,false,,,false,false,false,false,false,-83.08599,42.37368,"{
  ""coordinates"": [
    -8.308599168099990e+01,
    4.237367724700000e+01
  ],
  ""type"": ""Point""
}","{
  ""coordinates"": [
    -83.085991681,
    42.373677247
  ],
  ""type"": ""Point""
}",-83.0859916809999,42.373677247
10461,9752324,JOY,SPINOZA,2016-07-19,19,7,2016,11,3,1,9,,2,0,,1,2,1,35,4,2,2,4,0,0,0,1,false,,false,false,false,false,false,,,,,,false,false,false,,,false,false,false,true,false,-83.25027,42.35731,"{
  ""coordinates"": [
    -8.325026543800000e+01,
    4.235730751500010e+01
  ],
  ""type"": ""Point""
}","{
  ""coordinates"": [
    -83.250265438,
    42.357307515
  ],
  ""type"": ""Point""
}",-83.250265438,42.3573075150001
10462,9752343,8 MILE,MOUND,2016-07-19,19,7,2016,10,3,4,3,,1,0,,1,1,1,30,3,2,2,5,0,0,0,0,true,,true,true,true,false,false,,,,,,false,false,false,,,false,false,false,false,false,-83.04427,42.44777,"{
  ""coordinates"": [
    -8.304427346900000e+01,
    4.244776390500000e+01
  ],
  ""type"": ""Point""
}","{
  ""coordinates"": [
    -83.044273469,
    42.447763905
  ],
  ""type"": ""Point""
}",-83.044273469,42.447763905
10463,9751356,INTERVALE,MEYERS,2016-07-19,19,7,2016,17,3,8,9,,,0,,1,1,1,25,2,3,4,5,0,0,0,0,true,,false,false,true,false,false,,,,,,false,false,false,,,false,false,false,false,false,-83.16891,42.39141,"{
  ""coordinates"": [
    -8.316890645200000e+01,
    4.239141436900010e+01
  ],
  ""type"": ""Point""
}","{
  ""coordinates"": [
    -83.168906452,
    42.391414369
  ],
  ""type"": ""Point""
}",-83.168906452,42.3914143690001
10464,9762204,RAMP 102H,JAMES COUZENS,2016-07-19,19,7,2016,9,3,8,3,,1,0,,1,1,1,55,3,2,2,4,0,0,0,1,false,,false,false,false,false,false,,,,,,false,false,false,,,false,false,false,false,false,-83.19807,42.44056,"{
  ""coordinates"": [
    -8.319806308499990e+01,
    4.244056355200010e+01
  ],
  ""type"": ""Point""
}","{
  ""coordinates"": [
    -83.198063085,
    42.440563552
  ],
  ""type"": ""Point""
}",-83.1980630849999,42.4405635520001
10465,9752302,WYOMING,KENDALL,2016-07-19,19,7,2016,21,3,5,9,,4,0,,1,1,4,30,3,2,2,2,0,1,0,0,false,,false,false,true,false,false,,,,,,false,false,false,,,false,false,false,false,false,-83.15912,42.38974,"{
  ""coordinates"": [
    -8.315911925099989e+01,
    4.238974492100000e+01
  ],
  ""type"": ""Point""
}","{
  ""coordinates"": [
    -83.159119251,
    42.389744921
  ],
  ""type"": ""Point""
}",-83.1591192509999,42.389744921
10466,9754046,I 96,BUCHANAN,2016-07-19,19,7,2016,7,3,1,1,,1,1,,1,1,1,55,5,1,1,5,0,0,0,0,true,,false,false,false,false,false,,,,,,false,false,true,,,false,false,false,false,false,-83.09416,42.34176,"{
  ""coordinates"": [
    -8.309415993399990e+01,
    4.234176090900010e+01
  ],
  ""type"": ""Point""
}","{
  ""coordinates"": [
    -83.094159934,
    42.341760909
  ],
  ""type"": ""Point""
}",-83.0941599339999,42.3417609090001
10467,9755846,M-39,MCNICHOLS,2016-07-19,19,7,2016,16,3,5,3,,1,0,,1,1,1,55,3,6,6,5,0,0,0,0,true,,false,false,false,false,false,,,,,,false,true,true,,,false,false,false,false,false,-83.21882,42.41917,"{
  ""coordinates"": [
    -8.321881541099999e+01,
    4.241917580300000e+01
  ],
  ""type"": ""Point""
}","{
  ""coordinates"": [
    -83.218815411,
    42.419175803
  ],
  ""type"": ""Point""
}",-83.218815411,42.419175803
10468,9756623,7 MILE,CHARLESTON,2016-07-19,19,7,2016,14,3,5,9,,4,0,,1,1,1,30,4,2,3,5,0,0,0,0,true,,false,false,false,false,false,,,,,,false,true,false,,,false,false,false,false,false,-83.10725,42.43222,"{
  ""coordinates"": [
    -8.310725744099990e+01,
    4.243222063300000e+01
  ],
  ""type"": ""Point""
}","{
  ""coordinates"": [
    -83.107257441,
    42.432220633
  ],
  ""type"": ""Point""
}",-83.1072574409999,42.432220633
10469,9751376,MOUNT ELLIOTT,W I 94,2016-07-19,19,7,2016,7,3,98,9,,4,0,,1,1,1,30,4,1,1,4,0,0,0,1,false,,false,false,false,false,false,,,,,,false,false,false,,,false,false,false,false,false,-83.03395,42.37934,"{
  ""coordinates"": [
    -8.303395051299999e+01,
    4.237933831500000e+01
  ],
  ""type"": ""Point""
}","{
  ""coordinates"": [
    -83.033950513,
    42.379338315
  ],
  ""type"": ""Point""
}",-83.033950513,42.379338315
10470,9768801,RAMP 008C,M-39,2016-07-19,19,7,2016,8,3,8,1,,1,0,,1,1,1,35,2,2,2,5,0,0,0,0,true,,false,false,false,false,false,,,,,,false,true,false,,,false,false,false,false,false,-83.21669,42.37812,"{
  ""coordinates"": [
    -8.321669158500001e+01,
    4.237811530500010e+01
  ],
  ""type"": ""Point""
}","{
  ""coordinates"": [
    -83.216691585,
    42.378115305
  ],
  ""type"": ""Point""
}",-83.216691585,42.3781153050001
10471,9751372,FRANKFORT,MARYLAND,2016-07-19,19,7,2016,17,3,4,9,,,0,,1,1,1,20,2,2,3,4,0,0,0,1,false,,false,false,false,false,false,,,,,,false,false,true,,,false,false,false,false,false,-82.95363,42.39943,"{
  ""coordinates"": [
    -8.295363173800000e+01,
    4.239942590400010e+01
  ],
  ""type"": ""Point""
}","{
  ""coordinates"": [
    -82.953631738,
    42.399425904
  ],
  ""type"": ""Point""
}",-82.953631738,42.3994259040001
10472,9752333,STOUT,CAPITOL,2016-07-19,19,7,2016,7,3,1,9,,,0,,1,1,1,25,2,1,0,5,0,0,0,0,true,,false,false,false,false,false,,,,,,false,false,false,,,false,false,false,false,false,-83.24014,42.37634,"{
  ""coordinates"": [
    -8.324013742900000e+01,
    4.237634196100000e+01
  ],
  ""type"": ""Point""
}","{
  ""coordinates"": [
    -83.240137429,
    42.376341961
  ],
  ""type"": ""Point""
}",-83.240137429,42.376341961
10473,9760506,M 39,WARREN,2016-07-19,19,7,2016,16,3,5,3,,1,0,,1,1,1,55,3,2,3,5,0,0,0,0,true,,false,false,false,false,false,,,,,,false,false,true,,,false,false,false,false,false,-83.21605,42.34364,"{
  ""coordinates"": [
    -8.321604615900000e+01,
    4.234364408800010e+01
  ],
  ""type"": ""Point""
}","{
  ""coordinates"": [
    -83.216046159,
    42.343644088
  ],
  ""type"": ""Point""
}",-83.216046159,42.3436440880001
10474,9752330,BURT,CHICAGO,2016-07-19,19,7,2016,16,3,5,9,,,0,,1,1,1,25,2,2,1,5,0,0,0,0,true,,false,false,true,false,false,,,,,,false,false,false,,,false,false,false,false,false,-83.24585,42.36319,"{
  ""coordinates"": [
    -8.324585275399990e+01,
    4.236318523600000e+01
  ],
  ""type"": ""Point""
}","{
  ""coordinates"": [
    -83.245852754,
    42.363185236
  ],
  ""type"": ""Point""
}",-83.2458527539999,42.363185236
10475,9751360,N I 75,WARREN,2016-07-19,19,7,2016,15,3,4,1,,1,0,,1,1,1,25,4,2,6,4,0,0,0,1,false,,false,false,false,false,false,,,,,,false,false,true,,,false,false,false,false,false,-83.05421,42.36081,"{
  ""coordinates"": [
    -8.305421532000000e+01,
    4.236080697900010e+01
  ],
  ""type"": ""Point""
}","{
  ""coordinates"": [
    -83.05421532,
    42.360806979
  ],
  ""type"": ""Point""
}",-83.05421532,42.3608069790001
10476,9768777,E I 96,CONSOLIDATED RAIL CORPORATION,2016-07-19,19,7,2016,5,3,1,1,,1,1,,1,1,4,70,3,1,1,5,0,0,0,0,true,,false,false,true,false,false,,,,,,false,false,false,,,false,false,false,false,false,-83.18532,42.38145,"{
  ""coordinates"": [
    -8.318531932900000e+01,
    4.238145610700010e+01
  ],
  ""type"": ""Point""
}","{
  ""coordinates"": [
    -83.185319329,
    42.381456107
  ],
  ""type"": ""Point""
}",-83.185319329,42.3814561070001
10477,9768714,I96,TELEGRAPH,2016-07-19,19,7,2016,20,3,1,1,,1,1,,1,1,1,70,4,1,1,3,0,0,1,0,false,,false,false,false,false,false,,,,,,false,false,true,,,false,false,false,false,false,-83.27406,42.3853,"{
  ""coordinates"": [
    -8.327406442800000e+01,
    4.238529599400000e+01
  ],
  ""type"": ""Point""
}","{
  ""coordinates"": [
    -83.274064428,
    42.385295994
  ],
  ""type"": ""Point""
}",-83.274064428,42.385295994
10478,9752349,PURITAN,HARTWELL,2016-07-19,19,7,2016,16,3,4,9,,4,0,,1,1,1,30,1,2,1,5,0,0,0,0,true,,false,false,true,false,false,,,,,,false,false,true,,,false,false,false,false,false,-83.17838,42.40938,"{
  ""coordinates"": [
    -8.317837470700000e+01,
    4.240937949300010e+01
  ],
  ""type"": ""Point""
}","{
  ""coordinates"": [
    -83.178374707,
    42.409379493
  ],
  ""type"": ""Point""
}",-83.178374707,42.4093794930001
10479,9755900,PURITAN,BELDEN,2016-07-19,19,7,2016,15,3,4,9,,4,0,,1,1,1,30,2,2,1,3,0,0,1,0,false,,true,true,true,false,false,,,,,,false,false,false,,,false,false,false,false,false,-83.1356,42.40999,"{
  ""coordinates"": [
    -8.313559471300000e+01,
    4.240999263500000e+01
  ],
  ""type"": ""Point""
}","{
  ""coordinates"": [
    -83.135594713,
    42.409992635
  ],
  ""type"": ""Point""
}",-83.135594713,42.409992635
10480,9752313,LAWNDALE,DENNISON,2016-07-19,19,7,2016,14,3,8,9,,,0,,1,1,1,25,3,2,2,5,0,0,0,0,true,,false,false,false,false,false,,,,,,false,false,true,,,false,false,false,false,false,-83.15218,42.33467,"{
  ""coordinates"": [
    -8.315218586799990e+01,
    4.233467254900010e+01
  ],
  ""type"": ""Point""
}","{
  ""coordinates"": [
    -83.152185868,
    42.334672549
  ],
  ""type"": ""Point""
}",-83.1521858679999,42.3346725490001
10481,9751381,SOUTHFIELD SERVICE DRIVE,MCNICHOLS,2016-07-19,19,7,2016,8,3,8,3,,4,0,,1,1,1,30,2,2,1,5,0,0,0,0,true,,false,false,true,false,false,,,,,,false,false,false,,,false,false,false,false,false,-83.21839,42.41556,"{
  ""coordinates"": [
    -8.321838980200000e+01,
    4.241556116500000e+01
  ],
  ""type"": ""Point""
}","{
  ""coordinates"": [
    -83.218389802,
    42.415561165
  ],
  ""type"": ""Point""
}",-83.218389802,42.415561165
10482,9768811,E I 94,RAMP 217C,2016-07-19,19,7,2016,18,3,5,1,,1,0,,1,1,1,55,4,2,2,5,0,0,0,0,true,,false,false,false,false,false,,,,,,false,false,false,,,false,false,false,false,false,-83.04323,42.37545,"{
  ""coordinates"": [
    -8.304322796100000e+01,
    4.237544749300010e+01
  ],
  ""type"": ""Point""
}","{
  ""coordinates"": [
    -83.043227961,
    42.375447493
  ],
  ""type"": ""Point""
}",-83.043227961,42.3754474930001
10483,9752298,HARDING,CHARLEVOIX,2016-07-19,19,7,2016,19,3,4,9,,,0,,1,1,1,25,4,2,2,5,0,0,0,0,true,,false,false,false,false,false,,,,,,false,false,true,,,false,false,false,false,false,-82.98207,42.37145,"{
  ""coordinates"": [
    -8.298206930299990e+01,
    4.237144827500000e+01
  ],
  ""type"": ""Point""
}","{
  ""coordinates"": [
    -82.982069303,
    42.371448275
  ],
  ""type"": ""Point""
}",-82.9820693029999,42.371448275
10484,9755835,I-94,I-96,2016-07-19,19,7,2016,17,3,8,1,,1,0,,1,1,1,55,3,2,2,5,0,0,0,0,true,,false,false,false,false,false,,,,,,false,false,false,,,false,false,false,false,false,-83.09958,42.34995,"{
  ""coordinates"": [
    -8.309958164699999e+01,
    4.234995002700000e+01
  ],
  ""type"": ""Point""
}","{
  ""coordinates"": [
    -83.099581647,
    42.349950027
  ],
  ""type"": ""Point""
}",-83.099581647,42.349950027
10485,9768788,I-75,DAVISON,2016-07-19,19,7,2016,18,3,5,1,,1,0,,1,1,1,70,4,2,2,5,0,0,0,0,true,,false,false,false,false,false,,,,,,false,false,false,,,false,false,false,false,false,-83.07908,42.4085,"{
  ""coordinates"": [
    -8.307907911200000e+01,
    4.240849980100010e+01
  ],
  ""type"": ""Point""
}","{
  ""coordinates"": [
    -83.079079112,
    42.408499801
  ],
  ""type"": ""Point""
}",-83.079079112,42.4084998010001
10486,9753033,EVERGREEN,7 MILE,2016-07-19,19,7,2016,14,3,5,9,,4,0,,1,1,1,35,4,2,2,5,0,0,0,0,true,,false,false,false,false,false,,,,,,false,false,false,,,false,false,false,false,false,-83.23868,42.42595,"{
  ""coordinates"": [
    -8.323867606899999e+01,
    4.242595222300000e+01
  ],
  ""type"": ""Point""
}","{
  ""coordinates"": [
    -83.238676069,
    42.425952223
  ],
  ""type"": ""Point""
}",-83.238676069,42.425952223
10487,9753015,BUCHANAN,JUNCTION,2016-07-19,19,7,2016,21,3,98,9,,4,0,,1,1,3,25,2,2,1,5,0,0,0,0,true,,false,false,true,false,false,,,,,,false,false,false,,,false,false,false,false,false,-83.11466,42.33513,"{
  ""coordinates"": [
    -8.311465849099990e+01,
    4.233512843800000e+01
  ],
  ""type"": ""Point""
}","{
  ""coordinates"": [
    -83.114658491,
    42.335128438
  ],
  ""type"": ""Point""
}",-83.1146584909999,42.335128438
10488,9755053,MEYER,FLORENCE,2016-07-19,19,7,2016,22,3,4,9,,4,0,,1,1,4,30,2,2,2,5,0,0,0,0,true,,true,false,false,false,false,,,,,,false,false,true,,,false,false,false,false,false,-83.16988,42.412,"{
  ""coordinates"": [
    -8.316987534499999e+01,
    4.241199805800010e+01
  ],
  ""type"": ""Point""
}","{
  ""coordinates"": [
    -83.169875345,
    42.411998058
  ],
  ""type"": ""Point""
}",-83.169875345,42.4119980580001