ObjectId,Crash ID,Primary Road,Intersecting Road,Crash Date,Day,Month,Year,Hour,Weekday,Crash Type Code,Highway Classification Code,Community Code,Jurisdiction Code,Lane Departure Type Code,Surface Type,Road Condition,Weather Condition,Lighting Condition,Speed Limit,Lanes,Units,Occupants,Most Severe Injury,Fatal Injuries,Suspected Serious Injuries,Suspected Minor Injuries,Possible Injuries,Property Damage Only,Secondary Crash,Traffic Control,Red Light Run,Hit and Run,Alcohol,Drugs,Unbelted Person,Work Zone,Speeding Driver,Distracted Driver,Driveway,Pedestrian,Elderly Driver,Young Driver,Commercial Vehicle,Emergency Vehicles,Train,School Bus,Motorcycle,Bicycle,Deer,Longitude,Latitude,geom,geog,x,y
10489,9751375,EVERGREEN,PAUL,2016-07-19,19,7,2016,9,3,4,9,,4,0,,1,1,1,30,4,2,2,4,0,0,0,2,false,,false,false,false,false,false,,,,,,false,false,true,,,false,false,false,false,false,-83.2351,42.33583,"{
  ""coordinates"": [
    -8.323509689600000e+01,
    4.233583195500010e+01
  ],
  ""type"": ""Point""
}","{
  ""coordinates"": [
    -83.235096896,
    42.335831955
  ],
  ""type"": ""Point""
}",-83.235096896,42.3358319550001
10490,9751367,N M 10 SERVICE DRIVE,GRAND,2016-07-19,19,7,2016,19,3,9,9,,4,0,,1,1,1,30,4,2,6,3,0,0,1,0,false,,false,false,false,false,false,,,,,,false,false,true,,,false,false,true,false,false,-83.08138,42.36712,"{
  ""coordinates"": [
    -8.308137144499990e+01,
    4.236711983600000e+01
  ],
  ""type"": ""Point""
}","{
  ""coordinates"": [
    -83.081371445,
    42.367119836
  ],
  ""type"": ""Point""
}",-83.0813714449999,42.367119836
10491,9755012,MCNICHOLS,LAHSER,2016-07-19,19,7,2016,11,3,97,9,,2,0,,1,1,1,30,4,2,1,5,0,0,0,0,true,,false,false,false,false,false,,,,,,true,false,false,,,false,false,false,false,false,-83.25748,42.4146,"{
  ""coordinates"": [
    -8.325748079700000e+01,
    4.241459525600000e+01
  ],
  ""type"": ""Point""
}","{
  ""coordinates"": [
    -83.257480797,
    42.414595256
  ],
  ""type"": ""Point""
}",-83.257480797,42.414595256
10492,9755896,GREENFIELD,SANTA MARIA,2016-07-19,19,7,2016,12,3,5,9,,2,0,,1,1,1,35,4,3,5,4,0,0,0,3,false,,false,false,false,false,false,,,,,,false,false,true,,,false,false,false,false,false,-83.19939,42.41833,"{
  ""coordinates"": [
    -8.319939697599990e+01,
    4.241833308400000e+01
  ],
  ""type"": ""Point""
}","{
  ""coordinates"": [
    -83.199396976,
    42.418333084
  ],
  ""type"": ""Point""
}",-83.1993969759999,42.418333084
10493,9753038,DAVISON,LINWOOD,2016-07-19,19,7,2016,15,3,5,3,,1,0,,1,1,1,30,3,2,2,5,0,0,0,0,true,,false,false,false,false,false,,,,,,false,false,true,,,false,false,false,false,false,-83.12227,42.39293,"{
  ""coordinates"": [
    -8.312226694000000e+01,
    4.239292492100000e+01
  ],
  ""type"": ""Point""
}","{
  ""coordinates"": [
    -83.12226694,
    42.392924921
  ],
  ""type"": ""Point""
}",-83.12226694,42.392924921
10494,9754047,M 10,LINWOOD,2016-07-19,19,7,2016,8,3,5,3,,1,0,,1,1,1,55,3,2,2,5,0,0,0,0,true,,false,false,false,false,false,,,,,,false,false,false,,,false,false,false,false,false,-83.12184,42.40474,"{
  ""coordinates"": [
    -8.312184358699990e+01,
    4.240473658100010e+01
  ],
  ""type"": ""Point""
}","{
  ""coordinates"": [
    -83.121843587,
    42.404736581
  ],
  ""type"": ""Point""
}",-83.1218435869999,42.4047365810001
10495,9771051,DAVISON,JEFFRIES,2016-07-19,19,7,2016,13,3,8,3,,1,0,,1,1,1,45,3,2,2,5,0,0,0,0,true,,false,false,false,false,false,,,,,,false,false,true,,,false,false,false,false,false,-83.15657,42.38544,"{
  ""coordinates"": [
    -8.315656854500000e+01,
    4.238544107600010e+01
  ],
  ""type"": ""Point""
}","{
  ""coordinates"": [
    -83.156568545,
    42.385441076
  ],
  ""type"": ""Point""
}",-83.156568545,42.3854410760001
10496,9751359,BEAUBIEN,GRATIOT,2016-07-19,19,7,2016,21,3,3,3,,4,0,,1,1,1,30,4,2,7,5,0,0,0,0,true,,false,false,false,false,false,,,,,,false,false,true,,,false,false,false,false,false,-83.04388,42.33684,"{
  ""coordinates"": [
    -8.304387950499989e+01,
    4.233683697500000e+01
  ],
  ""type"": ""Point""
}","{
  ""coordinates"": [
    -83.043879505,
    42.336836975
  ],
  ""type"": ""Point""
}",-83.0438795049999,42.336836975
10497,9751370,CHRYSLER S D,CLAY,2016-07-19,19,7,2016,13,3,4,1,,1,0,,1,1,1,30,5,2,2,5,0,0,0,0,true,,false,false,false,false,false,,,,,,false,false,false,,,false,false,false,false,false,-83.06258,42.37835,"{
  ""coordinates"": [
    -8.306258469999990e+01,
    4.237834831900010e+01
  ],
  ""type"": ""Point""
}","{
  ""coordinates"": [
    -83.0625847,
    42.378348319
  ],
  ""type"": ""Point""
}",-83.0625846999999,42.3783483190001
10498,9752345,GREELEY,MADEIRA,2016-07-19,19,7,2016,21,3,8,9,,,0,,1,1,4,25,1,2,1,2,0,1,0,0,false,,false,false,false,false,false,,,,,,false,false,false,,,false,false,false,false,false,-83.08728,42.42187,"{
  ""coordinates"": [
    -8.308727921799991e+01,
    4.242186628500010e+01
  ],
  ""type"": ""Point""
}","{
  ""coordinates"": [
    -83.087279218,
    42.421866285
  ],
  ""type"": ""Point""
}",-83.0872792179999,42.4218662850001
10499,9768705,N I 75,FERRY,2016-07-19,19,7,2016,18,3,5,1,,1,0,,1,1,1,55,4,2,2,5,0,0,0,0,true,,false,false,false,false,false,,,,,,false,false,false,,,false,false,false,false,false,-83.0563,42.36509,"{
  ""coordinates"": [
    -8.305630611299991e+01,
    4.236508503100000e+01
  ],
  ""type"": ""Point""
}","{
  ""coordinates"": [
    -83.056306113,
    42.365085031
  ],
  ""type"": ""Point""
}",-83.0563061129999,42.365085031
10500,9784433,S I 75,RAMP 049C,2016-07-19,19,7,2016,6,3,5,1,,1,0,,1,1,4,35,2,2,1,5,0,0,0,0,true,,false,false,false,false,false,,,,,,false,false,false,,,false,false,false,false,false,-83.09509,42.43679,"{
  ""coordinates"": [
    -8.309509009800000e+01,
    4.243679563700000e+01
  ],
  ""type"": ""Point""
}","{
  ""coordinates"": [
    -83.095090098,
    42.436795637
  ],
  ""type"": ""Point""
}",-83.095090098,42.436795637
10501,9754097,JIB,HARBORTOWN,2016-07-19,19,7,2016,2,3,5,9,,,0,,1,1,5,25,2,2,0,5,0,0,0,0,true,,false,false,true,false,false,,,,,,false,false,false,,,false,false,false,false,false,-83.01226,42.34021,"{
  ""coordinates"": [
    -8.301226065799990e+01,
    4.234021158800000e+01
  ],
  ""type"": ""Point""
}","{
  ""coordinates"": [
    -83.012260658,
    42.340211588
  ],
  ""type"": ""Point""
}",-83.0122606579999,42.340211588
10502,9752320,BRACE,CONSTANCE,2016-07-19,19,7,2016,1,3,9,9,,,2,,1,1,4,25,2,3,0,5,0,0,0,0,true,,false,false,true,false,false,,,,,,false,false,false,,,false,false,false,false,false,-83.22355,42.35392,"{
  ""coordinates"": [
    -8.322355101200000e+01,
    4.235392116300010e+01
  ],
  ""type"": ""Point""
}","{
  ""coordinates"": [
    -83.223551012,
    42.353921163
  ],
  ""type"": ""Point""
}",-83.223551012,42.3539211630001
10503,9751391,WOODWARD,7 MILE,2016-07-19,19,7,2016,7,3,1,3,,1,0,,1,1,1,35,6,2,2,5,0,0,0,0,true,,false,false,false,false,false,,,,,,false,false,false,,,false,false,false,true,false,-83.11529,42.43193,"{
  ""coordinates"": [
    -8.311528722400000e+01,
    4.243193427200000e+01
  ],
  ""type"": ""Point""
}","{
  ""coordinates"": [
    -83.115287224,
    42.431934272
  ],
  ""type"": ""Point""
}",-83.115287224,42.431934272
10504,9752346,7 MILE,PARKSIDE,2016-07-19,19,7,2016,0,3,4,9,,2,0,,1,1,4,35,4,2,2,4,0,0,0,1,false,,false,false,false,false,false,,,,,,false,false,false,,,false,false,false,false,false,-83.13232,42.43174,"{
  ""coordinates"": [
    -8.313232634699990e+01,
    4.243173779600000e+01
  ],
  ""type"": ""Point""
}","{
  ""coordinates"": [
    -83.132326347,
    42.431737796
  ],
  ""type"": ""Point""
}",-83.1323263469999,42.431737796
10505,9751377,HOLCOMB,KERCHEVAL,2016-07-19,19,7,2016,23,3,8,9,,,0,,1,1,4,25,2,3,1,5,0,0,0,0,true,,false,false,true,false,false,,,,,,false,false,false,,,false,false,false,false,false,-82.98938,42.36194,"{
  ""coordinates"": [
    -8.298937920899991e+01,
    4.236193663500010e+01
  ],
  ""type"": ""Point""
}","{
  ""coordinates"": [
    -82.989379209,
    42.361936635
  ],
  ""type"": ""Point""
}",-82.9893792089999,42.3619366350001
10506,9768713,W I 96,KENTFIELD,2016-07-19,19,7,2016,18,3,5,1,,1,0,,1,1,1,70,3,2,4,3,0,0,1,0,false,,false,false,false,false,false,,,,,,false,false,false,,,false,false,false,false,false,-83.24064,42.38379,"{
  ""coordinates"": [
    -8.324063799699999e+01,
    4.238378957000000e+01
  ],
  ""type"": ""Point""
}","{
  ""coordinates"": [
    -83.240637997,
    42.38378957
  ],
  ""type"": ""Point""
}",-83.240637997,42.38378957
10507,9751415,JOHN R,KIRBY,2016-07-19,19,7,2016,20,3,8,9,,4,0,,1,1,3,25,2,2,1,5,0,0,0,0,true,,false,false,false,false,false,,,,,,false,false,false,,,false,false,false,false,false,-83.06445,42.36114,"{
  ""coordinates"": [
    -8.306444707500000e+01,
    4.236113755100010e+01
  ],
  ""type"": ""Point""
}","{
  ""coordinates"": [
    -83.064447075,
    42.361137551
  ],
  ""type"": ""Point""
}",-83.064447075,42.3611375510001
10508,9751414,N M 10 SERVICE DRIVE,FOREST,2016-07-19,19,7,2016,17,3,5,3,,4,0,,1,1,1,35,1,2,2,5,0,0,0,0,true,,false,false,true,false,false,,,,,,false,false,false,,,false,false,false,false,false,-83.07171,42.35172,"{
  ""coordinates"": [
    -8.307170904700000e+01,
    4.235171848700000e+01
  ],
  ""type"": ""Point""
}","{
  ""coordinates"": [
    -83.071709047,
    42.351718487
  ],
  ""type"": ""Point""
}",-83.071709047,42.351718487
10509,9751417,CANFIELD,ST ANTOINE,2016-07-18,18,7,2016,16,2,4,9,,4,0,,1,1,1,25,2,2,4,5,0,0,0,0,true,,false,false,false,false,false,,,,,,false,false,false,,,false,false,false,false,false,-83.05376,42.35579,"{
  ""coordinates"": [
    -8.305375798100000e+01,
    4.235578953200010e+01
  ],
  ""type"": ""Point""
}","{
  ""coordinates"": [
    -83.053757981,
    42.355789532
  ],
  ""type"": ""Point""
}",-83.053757981,42.3557895320001
10510,9751352,E I 94,WARREN,2016-07-18,18,7,2016,15,2,5,1,,1,0,,1,1,1,55,3,2,2,5,0,0,0,0,true,,false,false,true,false,false,,,,,,false,false,true,,,false,false,false,false,false,-83.11302,42.34464,"{
  ""coordinates"": [
    -8.311302508599989e+01,
    4.234463614400000e+01
  ],
  ""type"": ""Point""
}","{
  ""coordinates"": [
    -83.113025086,
    42.344636144
  ],
  ""type"": ""Point""
}",-83.1130250859999,42.344636144
10511,9752311,VERNOR,SCOTTEN,2016-07-18,18,7,2016,17,2,5,9,,4,0,,1,1,1,25,4,2,3,4,0,0,0,1,false,,false,false,true,false,false,,,,,,false,false,false,,,false,false,false,false,false,-83.09395,42.32102,"{
  ""coordinates"": [
    -8.309394484700000e+01,
    4.232101678000000e+01
  ],
  ""type"": ""Point""
}","{
  ""coordinates"": [
    -83.093944847,
    42.32101678
  ],
  ""type"": ""Point""
}",-83.093944847,42.32101678
10512,9750557,MOROSS,E I 94 SERVICE DRIVE,2016-07-18,18,7,2016,8,2,8,9,,2,0,,1,1,1,30,3,2,2,4,0,0,0,2,false,,false,false,false,false,false,,,,,,false,false,false,,,false,false,false,false,false,-82.92844,42.42423,"{
  ""coordinates"": [
    -8.292843747200000e+01,
    4.242423033700000e+01
  ],
  ""type"": ""Point""
}","{
  ""coordinates"": [
    -82.928437472,
    42.424230337
  ],
  ""type"": ""Point""
}",-82.928437472,42.424230337
10513,9752321,GRAND RIVER,BEAVERLAND,2016-07-18,18,7,2016,10,2,8,3,,1,0,,1,1,5,0,2,2,2,5,0,0,0,0,true,,false,false,true,false,false,,,,,,false,false,false,,,false,false,false,false,false,-83.26527,42.41956,"{
  ""coordinates"": [
    -8.326527470300000e+01,
    4.241955380400000e+01
  ],
  ""type"": ""Point""
}","{
  ""coordinates"": [
    -83.265274703,
    42.419553804
  ],
  ""type"": ""Point""
}",-83.265274703,42.419553804
10514,9758467,GRANDRIVER,MCGRAW,2016-07-18,18,7,2016,1,2,98,3,,1,0,,1,1,4,30,3,2,5,2,0,1,1,1,false,,false,false,false,false,false,,,,,,false,false,true,,,false,false,false,false,false,-83.10095,42.35338,"{
  ""coordinates"": [
    -8.310095084900000e+01,
    4.235338211700010e+01
  ],
  ""type"": ""Point""
}","{
  ""coordinates"": [
    -83.100950849,
    42.353382117
  ],
  ""type"": ""Point""
}",-83.100950849,42.3533821170001
10515,9759644,8 MILE,TELEGRAPH,2016-07-18,18,7,2016,12,2,5,3,,1,0,,1,1,1,45,1,2,2,5,0,0,0,0,true,,false,false,false,false,false,,,,,,false,true,false,,,false,false,false,false,false,-83.27827,42.44274,"{
  ""coordinates"": [
    -8.327827353299990e+01,
    4.244273824900010e+01
  ],
  ""type"": ""Point""
}","{
  ""coordinates"": [
    -83.278273533,
    42.442738249
  ],
  ""type"": ""Point""
}",-83.2782735329999,42.4427382490001
10516,9750552,LIVERNOIS,HANSON,2016-07-18,18,7,2016,8,2,98,1,,4,0,,1,1,1,0,1,2,1,5,0,0,0,0,true,,false,false,true,false,false,,,,,,false,false,false,,,false,false,false,false,false,-83.12575,42.33856,"{
  ""coordinates"": [
    -8.312574834700000e+01,
    4.233856369100000e+01
  ],
  ""type"": ""Point""
}","{
  ""coordinates"": [
    -83.125748347,
    42.338563691
  ],
  ""type"": ""Point""
}",-83.125748347,42.338563691
10517,9750547,GREENFIELD,MCNICHOLS,2016-07-18,18,7,2016,9,2,4,9,,2,0,,1,1,1,35,2,2,2,3,0,0,1,0,false,,true,true,false,false,false,,,,,,false,false,false,,,false,false,false,false,false,-83.19931,42.416,"{
  ""coordinates"": [
    -8.319930849900000e+01,
    4.241599625800010e+01
  ],
  ""type"": ""Point""
}","{
  ""coordinates"": [
    -83.199308499,
    42.415996258
  ],
  ""type"": ""Point""
}",-83.199308499,42.4159962580001
10518,9751358,WARREN,N M 10 SERVICE DRIVE,2016-07-18,18,7,2016,19,2,97,9,,4,0,,1,1,1,30,5,2,2,5,0,0,0,0,true,,false,false,false,false,false,,,,,,false,false,false,,,false,false,false,false,false,-83.07305,42.35406,"{
  ""coordinates"": [
    -8.307305114800000e+01,
    4.235406517000010e+01
  ],
  ""type"": ""Point""
}","{
  ""coordinates"": [
    -83.073051148,
    42.35406517
  ],
  ""type"": ""Point""
}",-83.073051148,42.3540651700001
10519,9755025,MCNICHOLS,WOODBINE,2016-07-18,18,7,2016,15,2,97,9,,2,0,,1,1,1,30,4,2,0,5,0,0,0,0,true,,false,false,false,false,false,,,,,,false,false,false,,,false,false,false,false,false,-83.27831,42.41451,"{
  ""coordinates"": [
    -8.327831095800001e+01,
    4.241450832500000e+01
  ],
  ""type"": ""Point""
}","{
  ""coordinates"": [
    -83.278310958,
    42.414508325
  ],
  ""type"": ""Point""
}",-83.278310958,42.414508325
10520,9750554,E I 94,HARPER,2016-07-18,18,7,2016,5,2,8,1,,1,0,,2,1,2,30,4,2,2,5,0,0,0,0,true,,false,false,false,false,false,,,,,,false,false,false,,,false,false,false,false,false,-82.9483,42.40902,"{
  ""coordinates"": [
    -8.294830130900000e+01,
    4.240901707700000e+01
  ],
  ""type"": ""Point""
}","{
  ""coordinates"": [
    -82.948301309,
    42.409017077
  ],
  ""type"": ""Point""
}",-82.948301309,42.409017077
10521,9752329,JEFFERSON,BRUSH,2016-07-18,18,7,2016,10,2,5,4,,1,0,,1,1,1,30,2,2,1,5,0,0,0,0,true,,false,false,true,false,false,,,,,,false,false,false,,,false,false,false,false,false,-83.04129,42.33025,"{
  ""coordinates"": [
    -8.304128841999990e+01,
    4.233024961700000e+01
  ],
  ""type"": ""Point""
}","{
  ""coordinates"": [
    -83.04128842,
    42.330249617
  ],
  ""type"": ""Point""
}",-83.0412884199999,42.330249617
10522,9754057,M-10,GRAND,2016-07-18,18,7,2016,17,2,8,3,,1,0,,1,1,1,55,3,2,2,5,0,0,0,0,true,,false,false,false,false,false,,,,,,false,false,false,,,false,false,false,false,false,-83.08071,42.36576,"{
  ""coordinates"": [
    -8.308071235700000e+01,
    4.236575590100010e+01
  ],
  ""type"": ""Point""
}","{
  ""coordinates"": [
    -83.080712357,
    42.365755901
  ],
  ""type"": ""Point""
}",-83.080712357,42.3657559010001
10523,9750574,8 MILE,FENELON,2016-07-18,18,7,2016,8,2,5,3,,1,0,,1,1,1,40,3,2,2,5,0,0,0,0,true,,false,false,false,false,false,,,,,,false,false,false,,,false,false,false,false,false,-83.05405,42.44751,"{
  ""coordinates"": [
    -8.305404849599999e+01,
    4.244750590600010e+01
  ],
  ""type"": ""Point""
}","{
  ""coordinates"": [
    -83.054048496,
    42.447505906
  ],
  ""type"": ""Point""
}",-83.054048496,42.4475059060001
10524,9754056,W I 96 CD,RAMP 135E,2016-07-18,18,7,2016,13,2,1,1,,1,0,,1,1,1,70,4,1,1,5,0,0,0,0,true,,false,false,false,false,false,,,,,,false,false,false,,,false,false,false,false,false,-83.24079,42.38414,"{
  ""coordinates"": [
    -8.324078804999991e+01,
    4.238414217300000e+01
  ],
  ""type"": ""Point""
}","{
  ""coordinates"": [
    -83.24078805,
    42.384142173
  ],
  ""type"": ""Point""
}",-83.2407880499999,42.384142173
10525,9754970,JAMES COUZENS,8 MILE,2016-07-18,18,7,2016,12,2,4,3,,1,0,,1,1,1,45,3,2,2,5,0,0,0,0,true,,true,true,false,false,false,,,,,,false,false,true,,,false,false,false,false,false,-83.20259,42.4447,"{
  ""coordinates"": [
    -8.320259083400001e+01,
    4.244470136600010e+01
  ],
  ""type"": ""Point""
}","{
  ""coordinates"": [
    -83.202590834,
    42.444701366
  ],
  ""type"": ""Point""
}",-83.202590834,42.4447013660001
10526,9771456,MACK,LAKEPOINTE,2016-07-18,18,7,2016,12,2,97,9,,2,0,,1,1,1,30,5,2,3,2,0,1,0,0,false,,false,false,false,false,false,,,,,,false,false,false,,,false,false,true,false,false,-82.94403,42.38792,"{
  ""coordinates"": [
    -8.294402991299999e+01,
    4.238792307100000e+01
  ],
  ""type"": ""Point""
}","{
  ""coordinates"": [
    -82.944029913,
    42.387923071
  ],
  ""type"": ""Point""
}",-82.944029913,42.387923071
10527,9750564,CHENE,FERRY,2016-07-18,18,7,2016,15,2,1,9,,4,0,,1,1,1,35,4,1,1,5,0,0,0,0,true,,false,false,false,false,false,,,,,,false,false,false,,,false,false,false,false,false,-83.04357,42.3699,"{
  ""coordinates"": [
    -8.304356946599999e+01,
    4.236989705200010e+01
  ],
  ""type"": ""Point""
}","{
  ""coordinates"": [
    -83.043569466,
    42.369897052
  ],
  ""type"": ""Point""
}",-83.043569466,42.3698970520001
10528,9750537,W I 94,CASS,2016-07-18,18,7,2016,18,2,5,1,,1,0,,1,1,1,55,3,2,3,5,0,0,0,0,true,,false,false,false,false,false,,,,,,false,true,true,,,false,false,false,false,false,-83.07082,42.36272,"{
  ""coordinates"": [
    -8.307082273000000e+01,
    4.236272116600000e+01
  ],
  ""type"": ""Point""
}","{
  ""coordinates"": [
    -83.07082273,
    42.362721166
  ],
  ""type"": ""Point""
}",-83.07082273,42.362721166
10529,9755061,MCNICHOLS,WYOMING,2016-07-18,18,7,2016,5,2,4,9,,2,0,,1,1,2,30,2,2,2,5,0,0,0,0,true,,true,true,false,false,false,,,,,,false,false,false,,,false,false,false,false,false,-83.16032,42.41693,"{
  ""coordinates"": [
    -8.316031545600001e+01,
    4.241693005900000e+01
  ],
  ""type"": ""Point""
}","{
  ""coordinates"": [
    -83.160315456,
    42.416930059
  ],
  ""type"": ""Point""
}",-83.160315456,42.416930059
10530,9750575,VAN DYKE,8 MILE,2016-07-18,18,7,2016,1,2,4,3,,,0,,1,1,4,35,4,2,4,4,0,0,0,3,false,,true,true,false,false,false,,,,,,false,false,true,,,false,false,false,false,false,-83.02676,42.44811,"{
  ""coordinates"": [
    -8.302676603799991e+01,
    4.244811125100010e+01
  ],
  ""type"": ""Point""
}","{
  ""coordinates"": [
    -83.026766038,
    42.448111251
  ],
  ""type"": ""Point""
}",-83.0267660379999,42.4481112510001
10531,9750538,S M 10,RAMP 111A,2016-07-18,18,7,2016,22,2,1,3,,1,1,,1,1,4,55,3,1,2,5,0,0,0,0,true,,false,false,false,false,false,,,,,,false,false,true,,,false,false,false,false,false,-83.10359,42.38969,"{
  ""coordinates"": [
    -8.310358921400000e+01,
    4.238968975900010e+01
  ],
  ""type"": ""Point""
}","{
  ""coordinates"": [
    -83.103589214,
    42.389689759
  ],
  ""type"": ""Point""
}",-83.103589214,42.3896897590001
10532,9751397,DEXTER,FULLERTON,2016-07-18,18,7,2016,12,2,97,9,,4,0,,1,1,1,30,4,2,0,4,0,0,0,1,false,,false,false,true,false,false,,,,,,true,false,false,,,false,false,false,false,false,-83.12784,42.38525,"{
  ""coordinates"": [
    -8.312784115999990e+01,
    4.238524932200000e+01
  ],
  ""type"": ""Point""
}","{
  ""coordinates"": [
    -83.12784116,
    42.385249322
  ],
  ""type"": ""Point""
}",-83.1278411599999,42.385249322
10533,9770312,GREENFIELD,DIVERSEY,2016-07-18,18,7,2016,13,2,5,9,,2,0,,1,1,1,45,4,2,1,5,0,0,0,0,true,,false,false,false,false,false,,,,,,false,false,false,,,false,false,false,false,false,-83.19648,42.34839,"{
  ""coordinates"": [
    -8.319647853899990e+01,
    4.234839029600000e+01
  ],
  ""type"": ""Point""
}","{
  ""coordinates"": [
    -83.196478539,
    42.348390296
  ],
  ""type"": ""Point""
}",-83.1964785389999,42.348390296
10534,9751365,WYOMING,INTERVALE,2016-07-18,18,7,2016,19,2,8,9,,4,0,,1,1,1,35,2,2,3,5,0,0,0,0,true,,false,false,false,false,false,,,,,,false,false,true,,,false,false,false,false,false,-83.1592,42.39165,"{
  ""coordinates"": [
    -8.315920119399991e+01,
    4.239164812000010e+01
  ],
  ""type"": ""Point""
}","{
  ""coordinates"": [
    -83.159201194,
    42.39164812
  ],
  ""type"": ""Point""
}",-83.1592011939999,42.3916481200001
10535,9750583,8 MILE SERVICE DRIVE,JAMES COUZENS,2016-07-18,18,7,2016,12,2,8,3,,1,0,,1,1,1,0,3,2,2,5,0,0,0,0,true,,false,false,false,false,false,,,,,,false,true,true,,,false,false,false,false,false,-83.20386,42.44455,"{
  ""coordinates"": [
    -8.320385466200000e+01,
    4.244455085300010e+01
  ],
  ""type"": ""Point""
}","{
  ""coordinates"": [
    -83.203854662,
    42.444550853
  ],
  ""type"": ""Point""
}",-83.203854662,42.4445508530001
10536,9750546,LITTLEFIELD,FULLERTON,2016-07-18,18,7,2016,8,2,2,9,,,0,,1,1,1,25,2,3,1,4,0,0,0,1,false,,false,false,false,false,false,,,,,,false,false,true,,,false,false,false,false,false,-83.17577,42.38032,"{
  ""coordinates"": [
    -8.317577676400001e+01,
    4.238032229700010e+01
  ],
  ""type"": ""Point""
}","{
  ""coordinates"": [
    -83.175776764,
    42.380322297
  ],
  ""type"": ""Point""
}",-83.175776764,42.3803222970001
10537,9750561,JEFFERSON,CHENE,2016-07-18,18,7,2016,0,2,8,9,,4,0,,1,1,4,35,3,2,2,5,0,0,0,0,true,,false,false,true,false,false,,,,,,false,false,false,,,false,false,false,false,false,-83.02271,42.33821,"{
  ""coordinates"": [
    -8.302270540300000e+01,
    4.233821445100010e+01
  ],
  ""type"": ""Point""
}","{
  ""coordinates"": [
    -83.022705403,
    42.338214451
  ],
  ""type"": ""Point""
}",-83.022705403,42.3382144510001
10538,9752323,BRACE,WARREN,2016-07-18,18,7,2016,16,2,9,9,,,0,,1,2,1,30,4,2,4,4,0,0,0,1,false,,false,false,false,false,false,,,,,,false,false,false,,,false,false,false,false,false,-83.22314,42.34327,"{
  ""coordinates"": [
    -8.322314608900000e+01,
    4.234327361600000e+01
  ],
  ""type"": ""Point""
}","{
  ""coordinates"": [
    -83.223146089,
    42.343273616
  ],
  ""type"": ""Point""
}",-83.223146089,42.343273616
10539,9750529,I-75,GRAND RIVER,2016-07-18,18,7,2016,18,2,5,1,,1,0,,1,2,1,55,3,2,5,4,0,0,0,1,false,,false,false,false,false,false,,,,,,false,true,true,,,false,false,false,false,false,-83.06087,42.336,"{
  ""coordinates"": [
    -8.306086844500000e+01,
    4.233600033100000e+01
  ],
  ""type"": ""Point""
}","{
  ""coordinates"": [
    -83.060868445,
    42.336000331
  ],
  ""type"": ""Point""
}",-83.060868445,42.336000331
10540,9750566,7 MILE,MOUND,2016-07-18,18,7,2016,17,2,8,9,,4,0,,1,1,1,30,2,2,2,5,0,0,0,0,true,,false,false,false,false,false,,,,,,false,false,true,,,false,false,false,false,false,-83.04391,42.43356,"{
  ""coordinates"": [
    -8.304391336200000e+01,
    4.243356148500000e+01
  ],
  ""type"": ""Point""
}","{
  ""coordinates"": [
    -83.043913362,
    42.433561485
  ],
  ""type"": ""Point""
}",-83.043913362,42.433561485
10541,9754045,I 75,7 MILE,2016-07-18,18,7,2016,10,2,5,1,,1,0,,1,1,1,70,3,3,2,5,0,0,0,0,true,,false,false,true,false,false,,,,,,false,false,false,,,false,false,false,false,false,-83.09494,42.43275,"{
  ""coordinates"": [
    -8.309494304799991e+01,
    4.243274768700010e+01
  ],
  ""type"": ""Point""
}","{
  ""coordinates"": [
    -83.094943048,
    42.432747687
  ],
  ""type"": ""Point""
}",-83.0949430479999,42.4327476870001
10542,9751392,GRAND,N M 10,2016-07-18,18,7,2016,6,2,4,9,,4,0,,1,1,1,0,3,2,3,5,0,0,0,0,true,,true,true,false,false,false,,,,,,false,false,false,,,false,false,false,false,false,-83.0817,42.36701,"{
  ""coordinates"": [
    -8.308170398199999e+01,
    4.236701110600010e+01
  ],
  ""type"": ""Point""
}","{
  ""coordinates"": [
    -83.081703982,
    42.367011106
  ],
  ""type"": ""Point""
}",-83.081703982,42.3670111060001
10543,9751393,OAKMAN,ROSA PARKS,2016-07-18,18,7,2016,19,2,4,9,,4,0,,1,1,1,30,3,2,4,3,0,0,1,0,false,,true,true,true,false,false,,,,,,false,false,true,,,false,false,false,false,false,-83.11658,42.40127,"{
  ""coordinates"": [
    -8.311658243300000e+01,
    4.240127292400010e+01
  ],
  ""type"": ""Point""
}","{
  ""coordinates"": [
    -83.116582433,
    42.401272924
  ],
  ""type"": ""Point""
}",-83.116582433,42.4012729240001
10544,9751398,W I 94,N M 10,2016-07-18,18,7,2016,10,2,1,1,,1,1,,1,1,1,65,3,1,1,5,0,0,0,0,true,,false,false,false,false,false,,,,,,false,false,false,,,false,false,false,false,false,-83.0765,42.35935,"{
  ""coordinates"": [
    -8.307650335800000e+01,
    4.235934929800000e+01
  ],
  ""type"": ""Point""
}","{
  ""coordinates"": [
    -83.076503358,
    42.359349298
  ],
  ""type"": ""Point""
}",-83.076503358,42.359349298
10545,9750558,WARREN,OUTER,2016-07-18,18,7,2016,9,2,97,9,,4,0,,1,1,1,25,5,3,6,3,0,0,1,0,false,,true,true,false,false,false,,,,,,false,false,true,,,false,false,false,false,false,-82.93614,42.40376,"{
  ""coordinates"": [
    -8.293614410100000e+01,
    4.240375544400010e+01
  ],
  ""type"": ""Point""
}","{
  ""coordinates"": [
    -82.936144101,
    42.403755444
  ],
  ""type"": ""Point""
}",-82.936144101,42.4037554440001