ObjectId,Crash ID,Primary Road,Intersecting Road,Crash Date,Day,Month,Year,Hour,Weekday,Crash Type Code,Highway Classification Code,Community Code,Jurisdiction Code,Lane Departure Type Code,Surface Type,Road Condition,Weather Condition,Lighting Condition,Speed Limit,Lanes,Units,Occupants,Most Severe Injury,Fatal Injuries,Suspected Serious Injuries,Suspected Minor Injuries,Possible Injuries,Property Damage Only,Secondary Crash,Traffic Control,Red Light Run,Hit and Run,Alcohol,Drugs,Unbelted Person,Work Zone,Speeding Driver,Distracted Driver,Driveway,Pedestrian,Elderly Driver,Young Driver,Commercial Vehicle,Emergency Vehicles,Train,School Bus,Motorcycle,Bicycle,Deer,Longitude,Latitude,geom,geog,x,y
10546,9750551,CLARK,LAFAYETTE,2016-07-18,18,7,2016,2,2,8,7,,4,0,,2,4,4,0,2,2,1,5,0,0,0,0,true,,false,false,true,false,false,,,,,,false,false,false,,,false,false,false,false,false,-83.09128,42.31395,"{
  ""coordinates"": [
    -8.309127979800000e+01,
    4.231394880900010e+01
  ],
  ""type"": ""Point""
}","{
  ""coordinates"": [
    -83.091279798,
    42.313948809
  ],
  ""type"": ""Point""
}",-83.091279798,42.3139488090001
10547,9752312,ARMY,LIVERNOIS,2016-07-18,18,7,2016,14,2,9,9,,,2,,1,1,1,25,3,2,1,5,0,0,0,0,true,,false,false,false,false,false,,,,,,false,false,false,,,false,false,false,false,false,-83.10639,42.31024,"{
  ""coordinates"": [
    -8.310639438299999e+01,
    4.231024313600010e+01
  ],
  ""type"": ""Point""
}","{
  ""coordinates"": [
    -83.106394383,
    42.310243136
  ],
  ""type"": ""Point""
}",-83.106394383,42.3102431360001
10548,9763604,STATE HWY 14,ROBINWOOD,2016-07-18,18,7,2016,7,2,5,3,,1,0,,1,2,1,70,3,2,5,3,0,0,1,0,false,,false,false,false,false,false,,,,,,false,false,false,,,false,false,false,false,false,-83.11298,42.42918,"{
  ""coordinates"": [
    -8.311297937700000e+01,
    4.242917574700000e+01
  ],
  ""type"": ""Point""
}","{
  ""coordinates"": [
    -83.112979377,
    42.429175747
  ],
  ""type"": ""Point""
}",-83.112979377,42.429175747
10549,9755024,MCNICHOLS,GLASTONBURY,2016-07-18,18,7,2016,12,2,3,9,,2,0,,1,1,1,30,4,2,2,4,0,0,0,1,false,,false,false,false,false,false,,,,,,false,false,true,,,false,false,false,false,false,-83.2228,42.41547,"{
  ""coordinates"": [
    -8.322279899700000e+01,
    4.241547182000010e+01
  ],
  ""type"": ""Point""
}","{
  ""coordinates"": [
    -83.222798997,
    42.41547182
  ],
  ""type"": ""Point""
}",-83.222798997,42.4154718200001
10550,9754064,RAMP 213I,W I 94,2016-07-18,18,7,2016,12,2,1,1,,1,1,,1,1,1,55,2,1,1,3,0,0,1,0,false,,false,false,false,false,false,,,,,,false,false,false,,,false,false,false,false,false,-83.09859,42.35033,"{
  ""coordinates"": [
    -8.309859627000000e+01,
    4.235033005800010e+01
  ],
  ""type"": ""Point""
}","{
  ""coordinates"": [
    -83.09859627,
    42.350330058
  ],
  ""type"": ""Point""
}",-83.09859627,42.3503300580001
10551,9752319,WARREN,FAUST,2016-07-18,18,7,2016,16,2,5,9,,2,0,,1,1,1,35,4,2,3,5,0,0,0,0,true,,false,false,false,false,false,,,,,,false,false,true,,,false,false,false,false,false,-83.22079,42.34333,"{
  ""coordinates"": [
    -8.322079059299990e+01,
    4.234332566000010e+01
  ],
  ""type"": ""Point""
}","{
  ""coordinates"": [
    -83.220790593,
    42.34332566
  ],
  ""type"": ""Point""
}",-83.2207905929999,42.3433256600001
10552,9756600,GRAND RIVER,SCHAEFER,2016-07-18,18,7,2016,17,2,97,3,,1,0,,1,1,1,35,7,3,5,5,0,0,0,0,true,,false,false,false,false,false,,,,,,false,false,false,,,false,false,false,false,false,-83.17817,42.38451,"{
  ""coordinates"": [
    -8.317816737000000e+01,
    4.238451216200010e+01
  ],
  ""type"": ""Point""
}","{
  ""coordinates"": [
    -83.17816737,
    42.384512162
  ],
  ""type"": ""Point""
}",-83.17816737,42.3845121620001
10553,9750576,WYOMING,7 MILE,2016-07-18,18,7,2016,9,2,1,9,,4,0,,1,10,1,30,2,2,2,4,0,0,0,1,false,,false,false,true,false,false,,,,,,false,false,false,,,false,false,false,true,false,-83.16097,42.43135,"{
  ""coordinates"": [
    -8.316097590100000e+01,
    4.243134542100010e+01
  ],
  ""type"": ""Point""
}","{
  ""coordinates"": [
    -83.160975901,
    42.431345421
  ],
  ""type"": ""Point""
}",-83.160975901,42.4313454210001
10554,9762235,GRATIOT,CHENE,2016-07-18,18,7,2016,23,2,5,3,,1,0,,1,1,4,35,3,2,1,5,0,0,0,0,true,,false,false,true,false,false,,,,,,false,false,false,,,false,false,false,false,false,-83.03217,42.35229,"{
  ""coordinates"": [
    -8.303216680500000e+01,
    4.235229680900010e+01
  ],
  ""type"": ""Point""
}","{
  ""coordinates"": [
    -83.032166805,
    42.352296809
  ],
  ""type"": ""Point""
}",-83.032166805,42.3522968090001
10555,9750577,GREENFIELD,FARGO,2016-07-18,18,7,2016,5,2,1,9,,2,1,,1,1,4,35,3,1,1,5,0,0,0,0,true,,false,false,false,false,false,,,,,,false,false,true,,,false,false,false,false,false,-83.20023,42.439,"{
  ""coordinates"": [
    -8.320023105000000e+01,
    4.243899515600000e+01
  ],
  ""type"": ""Point""
}","{
  ""coordinates"": [
    -83.20023105,
    42.438995156
  ],
  ""type"": ""Point""
}",-83.20023105,42.438995156
10556,9754961,RAMP 047E,N I 75,2016-07-18,18,7,2016,16,2,5,1,,1,0,,1,1,1,55,5,3,5,5,0,0,0,0,true,,false,false,false,false,false,,,,,,false,false,true,,,false,false,false,false,false,-83.07726,42.40803,"{
  ""coordinates"": [
    -8.307726151200001e+01,
    4.240803212900000e+01
  ],
  ""type"": ""Point""
}","{
  ""coordinates"": [
    -83.077261512,
    42.408032129
  ],
  ""type"": ""Point""
}",-83.077261512,42.408032129
10557,9757584,SOUTHFIELD SERVICE DRIVE,8 MILE,2016-07-18,18,7,2016,20,2,5,3,,5,0,,1,1,1,25,2,2,2,5,0,0,0,0,true,,false,false,true,false,false,,,,,,false,false,false,,,false,false,false,false,false,-83.22014,42.44408,"{
  ""coordinates"": [
    -8.322013781999991e+01,
    4.244407747000000e+01
  ],
  ""type"": ""Point""
}","{
  ""coordinates"": [
    -83.22013782,
    42.44407747
  ],
  ""type"": ""Point""
}",-83.2201378199999,42.44407747
10558,9751369,GRAND,WOODDWARD,2016-07-18,18,7,2016,11,2,8,3,,4,0,,1,1,1,30,3,2,2,5,0,0,0,0,true,,false,false,false,false,false,,,,,,false,true,false,,,false,false,false,false,false,-83.07343,42.37012,"{
  ""coordinates"": [
    -8.307342542100000e+01,
    4.237011845500010e+01
  ],
  ""type"": ""Point""
}","{
  ""coordinates"": [
    -83.073425421,
    42.370118455
  ],
  ""type"": ""Point""
}",-83.073425421,42.3701184550001
10559,9751364,PALMER,WOODWARD,2016-07-18,18,7,2016,18,2,8,9,,,0,,1,1,1,35,4,2,2,5,0,0,0,0,true,,false,false,true,false,false,,,,,,false,false,false,,,false,false,false,false,false,-83.0668,42.36249,"{
  ""coordinates"": [
    -8.306680226600000e+01,
    4.236248939800000e+01
  ],
  ""type"": ""Point""
}","{
  ""coordinates"": [
    -83.066802266,
    42.362489398
  ],
  ""type"": ""Point""
}",-83.066802266,42.362489398
10560,9754960,W/B I-94,I-75,2016-07-18,18,7,2016,10,2,1,1,,1,1,,1,1,1,55,3,1,3,5,0,0,0,0,true,,false,false,false,false,false,,,,,,false,false,false,,,false,false,false,false,false,-83.05652,42.36965,"{
  ""coordinates"": [
    -8.305652229400000e+01,
    4.236965124700000e+01
  ],
  ""type"": ""Point""
}","{
  ""coordinates"": [
    -83.056522294,
    42.369651247
  ],
  ""type"": ""Point""
}",-83.056522294,42.369651247
10561,9751363,PINGREE,3RD,2016-07-18,18,7,2016,2,2,8,9,,,0,,1,1,4,25,3,2,1,5,0,0,0,0,true,,false,false,false,false,false,,,,,,false,false,false,,,false,false,false,false,false,-83.08478,42.37668,"{
  ""coordinates"": [
    -8.308477740300000e+01,
    4.237668028200010e+01
  ],
  ""type"": ""Point""
}","{
  ""coordinates"": [
    -83.084777403,
    42.376680282
  ],
  ""type"": ""Point""
}",-83.084777403,42.3766802820001
10562,9768689,M 39,FORD,2016-07-18,18,7,2016,7,2,1,3,,1,1,,1,1,2,55,3,1,2,4,0,0,0,1,false,,false,false,false,false,false,,,,,,false,false,false,,,false,false,false,false,false,-83.21559,42.32937,"{
  ""coordinates"": [
    -8.321559383999990e+01,
    4.232937412000010e+01
  ],
  ""type"": ""Point""
}","{
  ""coordinates"": [
    -83.21559384,
    42.32937412
  ],
  ""type"": ""Point""
}",-83.2155938399999,42.3293741200001
10563,9752314,FERDINAND,HOWARD,2016-07-18,18,7,2016,8,2,8,9,,,3,,98,98,4,25,3,2,0,5,0,0,0,0,true,,false,false,true,false,false,,,,,,false,false,false,,,false,false,false,false,false,-83.09644,42.31453,"{
  ""coordinates"": [
    -8.309644528099990e+01,
    4.231452668900000e+01
  ],
  ""type"": ""Point""
}","{
  ""coordinates"": [
    -83.096445281,
    42.314526689
  ],
  ""type"": ""Point""
}",-83.0964452809999,42.314526689
10564,9755838,M 39,7 MILE,2016-07-18,18,7,2016,7,2,5,3,,1,0,,1,2,1,55,3,2,2,5,0,0,0,0,true,,false,false,false,false,false,,,,,,false,false,false,,,false,false,false,false,false,-83.21924,42.43029,"{
  ""coordinates"": [
    -8.321923494600000e+01,
    4.243029314000010e+01
  ],
  ""type"": ""Point""
}","{
  ""coordinates"": [
    -83.219234946,
    42.43029314
  ],
  ""type"": ""Point""
}",-83.219234946,42.4302931400001
10565,9752332,CHAPEL,PURITAN,2016-07-18,18,7,2016,16,2,4,9,,,0,,1,1,1,25,2,2,2,5,0,0,0,0,true,,false,false,true,false,false,,,,,,false,false,false,,,false,false,false,false,false,-83.25349,42.40756,"{
  ""coordinates"": [
    -8.325349383100000e+01,
    4.240756307900010e+01
  ],
  ""type"": ""Point""
}","{
  ""coordinates"": [
    -83.253493831,
    42.407563079
  ],
  ""type"": ""Point""
}",-83.253493831,42.4075630790001
10566,9754055,I-94,VAN DYKE,2016-07-18,18,7,2016,9,2,5,1,,1,0,,1,2,1,55,3,2,4,4,0,0,0,3,false,,false,false,false,false,false,,,,,,false,false,true,,,false,false,false,false,false,-83.01842,42.38693,"{
  ""coordinates"": [
    -8.301842062899991e+01,
    4.238693305900010e+01
  ],
  ""type"": ""Point""
}","{
  ""coordinates"": [
    -83.018420629,
    42.386933059
  ],
  ""type"": ""Point""
}",-83.0184206289999,42.3869330590001
10567,9750548,JOY,AMERICAN,2016-07-18,18,7,2016,22,2,5,9,,4,0,,1,1,4,30,2,2,7,4,0,0,0,2,false,,false,false,false,false,false,,,,,,false,false,false,,,false,false,false,false,false,-83.14421,42.35923,"{
  ""coordinates"": [
    -8.314421208000000e+01,
    4.235923555700000e+01
  ],
  ""type"": ""Point""
}","{
  ""coordinates"": [
    -83.14421208,
    42.359235557
  ],
  ""type"": ""Point""
}",-83.14421208,42.359235557
10568,9750569,NEVADA,RYAN,2016-07-18,18,7,2016,15,2,4,9,,4,0,,1,1,1,30,4,2,4,4,0,0,0,1,false,,false,false,false,false,false,,,,,,false,false,false,,,false,false,false,false,false,-83.06232,42.42591,"{
  ""coordinates"": [
    -8.306232673600000e+01,
    4.242590773100010e+01
  ],
  ""type"": ""Point""
}","{
  ""coordinates"": [
    -83.062326736,
    42.425907731
  ],
  ""type"": ""Point""
}",-83.062326736,42.4259077310001
10569,9755017,KENDALL,MONTROSE,2016-07-18,18,7,2016,15,2,4,9,,,0,,1,1,1,25,2,2,3,5,0,0,0,0,true,,true,false,false,false,false,,,,,,false,false,true,,,false,false,false,false,false,-83.2003,42.38931,"{
  ""coordinates"": [
    -8.320029888499990e+01,
    4.238930835300000e+01
  ],
  ""type"": ""Point""
}","{
  ""coordinates"": [
    -83.200298885,
    42.389308353
  ],
  ""type"": ""Point""
}",-83.2002988849999,42.389308353
10570,9754971,TELEGRAPH,GRAND RIVER,2016-07-18,18,7,2016,14,2,5,2,,1,0,,1,1,1,45,4,2,2,5,0,0,0,0,true,,false,false,false,false,false,,,,,,false,false,false,,,false,false,false,false,false,-83.27734,42.42401,"{
  ""coordinates"": [
    -8.327734560000000e+01,
    4.242401264000010e+01
  ],
  ""type"": ""Point""
}","{
  ""coordinates"": [
    -83.2773456,
    42.42401264
  ],
  ""type"": ""Point""
}",-83.2773456,42.4240126400001
10571,9755013,CHICAGO,SCHAEFFER,2016-07-18,18,7,2016,8,2,5,9,,4,0,,1,1,1,35,3,2,6,4,0,0,0,1,false,,false,false,false,false,false,,,,,,false,false,true,,,false,false,false,false,false,-83.17767,42.36579,"{
  ""coordinates"": [
    -8.317767669700000e+01,
    4.236579193400010e+01
  ],
  ""type"": ""Point""
}","{
  ""coordinates"": [
    -83.177676697,
    42.365791934
  ],
  ""type"": ""Point""
}",-83.177676697,42.3657919340001
10572,9750553,FORT,MILLER,2016-07-18,18,7,2016,12,2,1,3,,1,1,,1,1,1,30,5,1,1,4,0,0,0,1,false,,false,false,false,false,false,,,,,,false,false,false,,,false,false,false,false,false,-83.13882,42.29274,"{
  ""coordinates"": [
    -8.313882221900001e+01,
    4.229273876900000e+01
  ],
  ""type"": ""Point""
}","{
  ""coordinates"": [
    -83.138822219,
    42.292738769
  ],
  ""type"": ""Point""
}",-83.138822219,42.292738769
10573,9749785,ELMHURST,S M 10 SERVICE DRIVE,2016-07-17,17,7,2016,0,1,1,9,,4,1,,1,1,5,25,1,1,2,5,0,0,0,0,true,,false,false,false,false,false,,,,,,false,false,false,,,false,false,false,false,false,-83.10402,42.3895,"{
  ""coordinates"": [
    -8.310402174099990e+01,
    4.238949618000000e+01
  ],
  ""type"": ""Point""
}","{
  ""coordinates"": [
    -83.104021741,
    42.38949618
  ],
  ""type"": ""Point""
}",-83.1040217409999,42.38949618
10574,9761463,RANDOLPH,JEFFERSON,2016-07-17,17,7,2016,16,1,4,3,,1,0,,1,1,1,35,2,2,2,5,0,0,0,0,true,,true,true,false,false,false,,,,,,false,false,false,,,false,false,false,false,false,-83.04217,42.32988,"{
  ""coordinates"": [
    -8.304216855899990e+01,
    4.232987554600000e+01
  ],
  ""type"": ""Point""
}","{
  ""coordinates"": [
    -83.042168559,
    42.329875546
  ],
  ""type"": ""Point""
}",-83.0421685589999,42.329875546
10575,9766243,SHERWOOD,7 MILE,2016-07-17,17,7,2016,5,1,9,9,,4,2,,1,1,2,35,2,2,3,5,0,0,0,0,true,,false,false,true,false,false,,,,,,false,false,false,,,false,false,false,false,false,-83.0341,42.43542,"{
  ""coordinates"": [
    -8.303409642000000e+01,
    4.243542393900000e+01
  ],
  ""type"": ""Point""
}","{
  ""coordinates"": [
    -83.03409642,
    42.435423939
  ],
  ""type"": ""Point""
}",-83.03409642,42.435423939
10576,9751402,ROSELAWN,NORFOLK,2016-07-17,17,7,2016,6,1,8,9,,,0,,1,1,98,25,2,2,0,5,0,0,0,0,true,,false,false,true,false,false,,,,,,false,false,false,,,false,false,false,false,false,-83.15349,42.44332,"{
  ""coordinates"": [
    -8.315348873700000e+01,
    4.244332247900010e+01
  ],
  ""type"": ""Point""
}","{
  ""coordinates"": [
    -83.153488737,
    42.443322479
  ],
  ""type"": ""Point""
}",-83.153488737,42.4433224790001
10577,9751348,I-375,JEFFERSON,2016-07-17,17,7,2016,2,1,1,1,,1,1,,1,1,4,55,2,1,1,5,0,0,0,0,true,,false,false,true,true,false,,,,,,false,false,false,,,false,false,false,false,false,-83.03746,42.33163,"{
  ""coordinates"": [
    -8.303745799700000e+01,
    4.233162970700000e+01
  ],
  ""type"": ""Point""
}","{
  ""coordinates"": [
    -83.037457997,
    42.331629707
  ],
  ""type"": ""Point""
}",-83.037457997,42.331629707
10578,9749730,WYOMING,LYNDON,2016-07-17,17,7,2016,15,1,8,9,,4,0,,1,2,1,30,3,3,7,4,0,0,0,1,false,,false,false,false,false,false,,,,,,false,false,false,,,false,false,false,false,false,-83.15933,42.39503,"{
  ""coordinates"": [
    -8.315933556800000e+01,
    4.239503490900010e+01
  ],
  ""type"": ""Point""
}","{
  ""coordinates"": [
    -83.159335568,
    42.395034909
  ],
  ""type"": ""Point""
}",-83.159335568,42.3950349090001
10579,9749731,FENKELL,HUBBELL,2016-07-17,17,7,2016,2,1,5,9,,2,0,,1,1,4,30,2,2,3,4,0,0,0,2,false,,false,false,true,false,false,,,,,,false,false,false,,,false,false,false,false,false,-83.18896,42.40181,"{
  ""coordinates"": [
    -8.318896692000000e+01,
    4.240181444000010e+01
  ],
  ""type"": ""Point""
}","{
  ""coordinates"": [
    -83.18896692,
    42.40181444
  ],
  ""type"": ""Point""
}",-83.18896692,42.4018144400001
10580,9755880,SEVEN MILE,GRATIOT,2016-07-17,17,7,2016,4,1,5,3,,2,0,,1,1,4,30,2,2,1,5,0,0,0,0,true,,false,false,true,false,false,,,,,,false,false,false,,,false,false,false,false,false,-82.97732,42.43509,"{
  ""coordinates"": [
    -8.297731636799990e+01,
    4.243508371700010e+01
  ],
  ""type"": ""Point""
}","{
  ""coordinates"": [
    -82.977316368,
    42.435083717
  ],
  ""type"": ""Point""
}",-82.9773163679999,42.4350837170001
10581,9755014,PLYMOUTH,SOUTHFIELD SERVICE DRIVE,2016-07-17,17,7,2016,16,1,4,9,,4,0,,1,1,1,45,5,2,1,5,0,0,0,0,true,,false,false,true,false,false,,,,,,false,false,true,,,false,false,false,false,false,-83.21721,42.37225,"{
  ""coordinates"": [
    -8.321720518200000e+01,
    4.237224769900010e+01
  ],
  ""type"": ""Point""
}","{
  ""coordinates"": [
    -83.217205182,
    42.372247699
  ],
  ""type"": ""Point""
}",-83.217205182,42.3722476990001
10582,9751413,CANFIELD,SECOND,2016-07-17,17,7,2016,12,1,5,9,,4,0,,1,1,1,30,2,2,1,5,0,0,0,0,true,,false,false,true,false,false,,,,,,false,false,false,,,false,false,false,false,false,-83.06638,42.35109,"{
  ""coordinates"": [
    -8.306638158899990e+01,
    4.235109388100010e+01
  ],
  ""type"": ""Point""
}","{
  ""coordinates"": [
    -83.066381589,
    42.351093881
  ],
  ""type"": ""Point""
}",-83.0663815889999,42.3510938810001
10583,9750572,GRIXDALE,BINDER,2016-07-17,17,7,2016,17,1,8,9,,,0,,1,1,1,0,1,2,1,5,0,0,0,0,true,,false,false,false,false,false,,,,,,false,false,false,,,false,false,false,false,false,-83.06399,42.42858,"{
  ""coordinates"": [
    -8.306399055599999e+01,
    4.242857835300000e+01
  ],
  ""type"": ""Point""
}","{
  ""coordinates"": [
    -83.063990556,
    42.428578353
  ],
  ""type"": ""Point""
}",-83.063990556,42.428578353
10584,9755011,SOUTHFIELD,MCNICHOLS,2016-07-17,17,7,2016,21,1,1,3,,1,1,,1,1,4,35,2,1,1,5,0,0,0,0,true,,false,false,false,true,false,,,,,,false,false,false,,,false,false,false,false,false,-83.2187,42.41576,"{
  ""coordinates"": [
    -8.321870563600000e+01,
    4.241575597900000e+01
  ],
  ""type"": ""Point""
}","{
  ""coordinates"": [
    -83.218705636,
    42.415755979
  ],
  ""type"": ""Point""
}",-83.218705636,42.415755979
10585,9758455,I-75,CLARK,2016-07-17,17,7,2016,13,1,8,1,,1,0,,1,1,1,55,4,2,1,5,0,0,0,0,true,,false,false,true,false,false,,,,,,false,false,false,,,false,false,false,false,false,-83.0901,42.31405,"{
  ""coordinates"": [
    -8.309009734700000e+01,
    4.231405109800000e+01
  ],
  ""type"": ""Point""
}","{
  ""coordinates"": [
    -83.090097347,
    42.314051098
  ],
  ""type"": ""Point""
}",-83.090097347,42.314051098
10586,9756616,JEFFERSON,DUBOIS,2016-07-17,17,7,2016,22,1,8,9,,4,0,,1,1,4,35,7,2,2,5,0,0,0,0,true,,false,false,false,false,false,,,,,,false,false,false,,,false,false,false,false,false,-83.02522,42.33713,"{
  ""coordinates"": [
    -8.302521727700000e+01,
    4.233712980800000e+01
  ],
  ""type"": ""Point""
}","{
  ""coordinates"": [
    -83.025217277,
    42.337129808
  ],
  ""type"": ""Point""
}",-83.025217277,42.337129808
10587,9749795,MCNICHOLS,WINTHROP,2016-07-17,17,7,2016,0,1,5,9,,2,0,,1,1,4,35,5,3,3,5,0,0,0,0,true,,false,false,true,false,false,,,,,,false,false,true,,,false,false,false,false,false,-83.20067,42.41594,"{
  ""coordinates"": [
    -8.320066693000000e+01,
    4.241594465400000e+01
  ],
  ""type"": ""Point""
}","{
  ""coordinates"": [
    -83.20066693,
    42.415944654
  ],
  ""type"": ""Point""
}",-83.20066693,42.415944654
10588,9749789,JOSEPH CAMPAU,CONANT,2016-07-17,17,7,2016,14,1,5,9,,4,0,,1,1,1,30,4,2,2,5,0,0,0,0,true,,false,false,true,false,false,,,,,,false,false,false,,,false,false,false,false,false,-83.07285,42.43162,"{
  ""coordinates"": [
    -8.307284651600000e+01,
    4.243162149000010e+01
  ],
  ""type"": ""Point""
}","{
  ""coordinates"": [
    -83.072846516,
    42.43162149
  ],
  ""type"": ""Point""
}",-83.072846516,42.4316214900001
10589,9749741,PINGREE,2ND,2016-07-17,17,7,2016,3,1,8,9,,,3,,1,1,5,25,2,2,0,5,0,0,0,0,true,,false,false,true,false,false,,,,,,false,false,false,,,false,false,false,false,false,-83.08138,42.37793,"{
  ""coordinates"": [
    -8.308137286999990e+01,
    4.237792868800010e+01
  ],
  ""type"": ""Point""
}","{
  ""coordinates"": [
    -83.08137287,
    42.377928688
  ],
  ""type"": ""Point""
}",-83.0813728699999,42.3779286880001
10590,9751403,FISHER SERVICE,GRANDRIVER,2016-07-17,17,7,2016,5,1,4,1,,1,0,,1,1,1,30,2,2,1,5,0,0,0,0,true,,false,false,true,false,false,,,,,,false,true,false,,,false,false,false,false,false,-83.05906,42.33652,"{
  ""coordinates"": [
    -8.305905617600000e+01,
    4.233651858800000e+01
  ],
  ""type"": ""Point""
}","{
  ""coordinates"": [
    -83.059056176,
    42.336518588
  ],
  ""type"": ""Point""
}",-83.059056176,42.336518588
10591,9752327,PIERSON,PLYMOUTH,2016-07-17,17,7,2016,22,1,98,9,,,0,,1,1,5,25,2,2,1,5,0,0,0,0,true,,false,false,true,false,false,,,,,,false,false,false,,,false,false,false,false,false,-83.24497,42.37185,"{
  ""coordinates"": [
    -8.324497484599991e+01,
    4.237184367500000e+01
  ],
  ""type"": ""Point""
}","{
  ""coordinates"": [
    -83.244974846,
    42.371843675
  ],
  ""type"": ""Point""
}",-83.2449748459999,42.371843675
10592,9753037,HAYES,ROCHELLE,2016-07-17,17,7,2016,23,1,1,9,,4,0,,1,1,1,30,2,2,2,4,0,0,0,1,false,,true,false,false,false,false,,,,,,false,false,false,,,false,false,false,true,false,-82.96511,42.42319,"{
  ""coordinates"": [
    -8.296511426900000e+01,
    4.242318924800000e+01
  ],
  ""type"": ""Point""
}","{
  ""coordinates"": [
    -82.965114269,
    42.423189248
  ],
  ""type"": ""Point""
}",-82.965114269,42.423189248
10593,9751380,FENKELL,FORRER,2016-07-17,17,7,2016,5,1,8,9,,2,0,,1,1,1,35,2,2,2,5,0,0,0,0,true,,false,false,false,false,false,,,,,,false,false,false,,,false,false,false,false,false,-83.20191,42.40143,"{
  ""coordinates"": [
    -8.320191537900000e+01,
    4.240143237800000e+01
  ],
  ""type"": ""Point""
}","{
  ""coordinates"": [
    -83.201915379,
    42.401432378
  ],
  ""type"": ""Point""
}",-83.201915379,42.401432378
10594,9757549,NOTTINGHAM,WAVENEY,2016-07-17,17,7,2016,13,1,1,9,,,0,,1,1,1,25,2,2,3,5,0,0,0,0,true,,false,false,false,false,false,,,,,,false,false,false,,,false,false,false,true,false,-82.9453,42.39381,"{
  ""coordinates"": [
    -8.294530303700000e+01,
    4.239381054500010e+01
  ],
  ""type"": ""Point""
}","{
  ""coordinates"": [
    -82.945303037,
    42.393810545
  ],
  ""type"": ""Point""
}",-82.945303037,42.3938105450001
10595,9749784,LINWOOD,I 94,2016-07-17,17,7,2016,10,1,4,1,,4,0,,1,1,1,25,2,2,2,5,0,0,0,0,true,,true,true,false,false,false,,,,,,false,false,false,,,false,false,false,false,false,-83.09371,42.3518,"{
  ""coordinates"": [
    -8.309370911000001e+01,
    4.235179350000000e+01
  ],
  ""type"": ""Point""
}","{
  ""coordinates"": [
    -83.09370911,
    42.3517935
  ],
  ""type"": ""Point""
}",-83.09370911,42.3517935
10596,9752297,I-94,CONNER,2016-07-17,17,7,2016,14,1,8,1,,1,0,,1,1,1,55,3,2,2,5,0,0,0,0,true,,false,false,false,false,false,,,,,,false,false,false,,,false,false,false,false,false,-82.99277,42.39312,"{
  ""coordinates"": [
    -8.299277474500001e+01,
    4.239311898900010e+01
  ],
  ""type"": ""Point""
}","{
  ""coordinates"": [
    -82.992774745,
    42.393118989
  ],
  ""type"": ""Point""
}",-82.992774745,42.3931189890001
10597,9750568,OUTER,SHERWOOD,2016-07-17,17,7,2016,20,1,5,9,,2,0,,1,1,1,35,6,2,2,4,0,0,0,1,false,,false,false,false,false,false,,,,,,false,false,false,,,false,false,false,false,false,-83.03392,42.44113,"{
  ""coordinates"": [
    -8.303391941000000e+01,
    4.244113136400010e+01
  ],
  ""type"": ""Point""
}","{
  ""coordinates"": [
    -83.03391941,
    42.441131364
  ],
  ""type"": ""Point""
}",-83.03391941,42.4411313640001
10598,9749729,WHITCOMB,GROVE,2016-07-17,17,7,2016,14,1,4,9,,,0,,1,2,1,25,2,2,1,5,0,0,0,0,true,,true,false,true,false,false,,,,,,false,false,false,,,false,false,false,false,false,-83.19678,42.4142,"{
  ""coordinates"": [
    -8.319677850200000e+01,
    4.241419459600010e+01
  ],
  ""type"": ""Point""
}","{
  ""coordinates"": [
    -83.196778502,
    42.414194596
  ],
  ""type"": ""Point""
}",-83.196778502,42.4141945960001
10599,9754974,CLAY,CHRYSLER,2016-07-17,17,7,2016,15,1,5,9,,4,0,,1,1,1,25,4,2,2,5,0,0,0,0,true,,false,false,false,false,false,,,,,,false,false,false,,,false,false,false,false,false,-83.06224,42.37851,"{
  ""coordinates"": [
    -8.306223704600001e+01,
    4.237850893200000e+01
  ],
  ""type"": ""Point""
}","{
  ""coordinates"": [
    -83.062237046,
    42.378508932
  ],
  ""type"": ""Point""
}",-83.062237046,42.378508932
10600,9752286,E I 94,RAMP 215H,2016-07-17,17,7,2016,22,1,5,1,,1,0,,1,2,5,55,3,2,2,5,0,0,0,0,true,,false,false,false,false,false,,,,,,false,false,true,,,false,false,false,false,false,-83.07762,42.35806,"{
  ""coordinates"": [
    -8.307762430199990e+01,
    4.235805457800010e+01
  ],
  ""type"": ""Point""
}","{
  ""coordinates"": [
    -83.077624302,
    42.358054578
  ],
  ""type"": ""Point""
}",-83.0776243019999,42.3580545780001
10601,9752328,MONROE,FARMER,2016-07-17,17,7,2016,1,1,97,9,,4,0,,1,1,5,35,1,2,3,5,0,0,0,0,true,,false,false,true,false,false,,,,,,false,false,false,,,false,false,false,false,false,-83.04539,42.33312,"{
  ""coordinates"": [
    -8.304539545499991e+01,
    4.233312032100010e+01
  ],
  ""type"": ""Point""
}","{
  ""coordinates"": [
    -83.045395455,
    42.333120321
  ],
  ""type"": ""Point""
}",-83.0453954549999,42.3331203210001
10602,9751399,GEORGIA,ARMOUR,2016-07-17,17,7,2016,22,1,4,9,,,0,,1,1,4,25,2,2,1,5,0,0,0,0,true,,false,false,true,false,false,,,,,,false,false,false,,,false,false,true,false,false,-83.00539,42.39579,"{
  ""coordinates"": [
    -8.300539111700000e+01,
    4.239579415000000e+01
  ],
  ""type"": ""Point""
}","{
  ""coordinates"": [
    -83.005391117,
    42.39579415
  ],
  ""type"": ""Point""
}",-83.005391117,42.39579415