ObjectId,Crash ID,Primary Road,Intersecting Road,Crash Date,Day,Month,Year,Hour,Weekday,Crash Type Code,Highway Classification Code,Community Code,Jurisdiction Code,Lane Departure Type Code,Surface Type,Road Condition,Weather Condition,Lighting Condition,Speed Limit,Lanes,Units,Occupants,Most Severe Injury,Fatal Injuries,Suspected Serious Injuries,Suspected Minor Injuries,Possible Injuries,Property Damage Only,Secondary Crash,Traffic Control,Red Light Run,Hit and Run,Alcohol,Drugs,Unbelted Person,Work Zone,Speeding Driver,Distracted Driver,Driveway,Pedestrian,Elderly Driver,Young Driver,Commercial Vehicle,Emergency Vehicles,Train,School Bus,Motorcycle,Bicycle,Deer,Longitude,Latitude,geom,geog,x,y
10603,9751362,N M 10 SERVICE DRIVE,GRAND,2016-07-17,17,7,2016,18,1,8,9,,4,0,,1,1,1,25,3,2,2,5,0,0,0,0,true,,false,false,false,false,false,,,,,,false,false,true,,,false,false,false,false,false,-83.08136,42.36711,"{
  ""coordinates"": [
    -8.308136260700000e+01,
    4.236710695600000e+01
  ],
  ""type"": ""Point""
}","{
  ""coordinates"": [
    -83.081362607,
    42.367106956
  ],
  ""type"": ""Point""
}",-83.081362607,42.367106956
10604,9749742,WOODWARD,LOTHROP,2016-07-17,17,7,2016,8,1,9,3,,1,0,,1,1,1,25,2,2,2,5,0,0,0,0,true,,false,false,false,false,false,,,,,,false,false,false,,,false,false,false,false,false,-83.07415,42.37155,"{
  ""coordinates"": [
    -8.307414726099999e+01,
    4.237154746800010e+01
  ],
  ""type"": ""Point""
}","{
  ""coordinates"": [
    -83.074147261,
    42.371547468
  ],
  ""type"": ""Point""
}",-83.074147261,42.3715474680001
10605,9768793,M-39,OUTER,2016-07-17,17,7,2016,13,1,5,3,,1,0,,1,1,1,45,3,2,2,5,0,0,0,0,true,,false,false,false,false,false,,,,,,false,true,false,,,false,false,false,false,false,-83.21876,42.41782,"{
  ""coordinates"": [
    -8.321875848000001e+01,
    4.241781982600000e+01
  ],
  ""type"": ""Point""
}","{
  ""coordinates"": [
    -83.21875848,
    42.417819826
  ],
  ""type"": ""Point""
}",-83.21875848,42.417819826
10606,9752325,ST MARYS,MAJESTIC,2016-07-17,17,7,2016,22,1,6,9,,,0,,1,1,4,25,2,2,1,5,0,0,0,0,true,,false,false,true,false,false,,,,,,false,false,false,,,false,false,false,false,false,-83.20374,42.34595,"{
  ""coordinates"": [
    -8.320374266000000e+01,
    4.234594982000000e+01
  ],
  ""type"": ""Point""
}","{
  ""coordinates"": [
    -83.20374266,
    42.34594982
  ],
  ""type"": ""Point""
}",-83.20374266,42.34594982
10607,9930738,8 MILE,MARK TWAIN,2016-07-17,17,7,2016,11,1,8,3,,1,0,,1,1,1,40,4,2,2,5,0,0,0,0,true,,false,false,false,false,false,,,,,,false,false,true,,,false,false,false,false,false,-83.18798,42.44505,"{
  ""coordinates"": [
    -8.318798030200000e+01,
    4.244505237500000e+01
  ],
  ""type"": ""Point""
}","{
  ""coordinates"": [
    -83.187980302,
    42.445052375
  ],
  ""type"": ""Point""
}",-83.187980302,42.445052375
10608,9750563,8 MILE,ASBURY,2016-07-17,17,7,2016,19,1,5,3,,1,0,,1,1,1,35,2,2,2,5,0,0,0,0,true,,false,false,false,false,false,,,,,,false,false,false,,,false,false,false,false,false,-83.21056,42.4444,"{
  ""coordinates"": [
    -8.321056050999989e+01,
    4.244440296900010e+01
  ],
  ""type"": ""Point""
}","{
  ""coordinates"": [
    -83.21056051,
    42.444402969
  ],
  ""type"": ""Point""
}",-83.2105605099999,42.4444029690001
10609,9759621,RIVERBANK,DOUGLAS MACARTHUR,2016-07-17,17,7,2016,20,1,5,3,,1,0,,1,1,3,25,3,2,5,4,0,0,0,4,false,,false,false,true,false,false,,,,,,false,false,true,,,false,false,false,false,false,-82.99581,42.33932,"{
  ""coordinates"": [
    -8.299581104299990e+01,
    4.233932235600000e+01
  ],
  ""type"": ""Point""
}","{
  ""coordinates"": [
    -82.995811043,
    42.339322356
  ],
  ""type"": ""Point""
}",-82.9958110429999,42.339322356
10610,9759622,N M 39,RAMP 008R,2016-07-17,17,7,2016,13,1,5,3,,1,0,,1,2,1,55,1,2,4,5,0,0,0,0,true,,false,false,true,false,false,,,,,,false,false,true,,,false,false,false,false,false,-83.2174,42.38367,"{
  ""coordinates"": [
    -8.321740115400000e+01,
    4.238367465100000e+01
  ],
  ""type"": ""Point""
}","{
  ""coordinates"": [
    -83.217401154,
    42.383674651
  ],
  ""type"": ""Point""
}",-83.217401154,42.383674651
10611,9752285,I-75,ROSAPARKS,2016-07-17,17,7,2016,11,1,5,1,,4,0,,1,2,1,55,3,3,8,4,0,0,0,1,false,,false,false,false,false,false,,,,,,false,false,false,,,false,false,false,false,false,-83.07211,42.33301,"{
  ""coordinates"": [
    -8.307210179099999e+01,
    4.233301248100000e+01
  ],
  ""type"": ""Point""
}","{
  ""coordinates"": [
    -83.072101791,
    42.333012481
  ],
  ""type"": ""Point""
}",-83.072101791,42.333012481
10612,9754119,HAMILTON,BURLINGAME,2016-07-17,17,7,2016,2,1,4,9,,4,0,,1,1,4,35,7,2,1,5,0,0,0,0,true,,false,false,true,false,false,,,,,,false,false,false,,,false,false,false,false,false,-83.09711,42.38895,"{
  ""coordinates"": [
    -8.309711093399990e+01,
    4.238894577700010e+01
  ],
  ""type"": ""Point""
}","{
  ""coordinates"": [
    -83.097110934,
    42.388945777
  ],
  ""type"": ""Point""
}",-83.0971109339999,42.3889457770001
10613,9750567,PLYMOUTH,HARTWELL,2016-07-17,17,7,2016,3,1,8,9,,4,3,,1,1,4,30,4,2,0,5,0,0,0,0,true,,false,false,false,false,false,,,,,,false,false,false,,,false,false,true,false,false,-83.17639,42.37306,"{
  ""coordinates"": [
    -8.317638997200000e+01,
    4.237306351100010e+01
  ],
  ""type"": ""Point""
}","{
  ""coordinates"": [
    -83.176389972,
    42.373063511
  ],
  ""type"": ""Point""
}",-83.176389972,42.3730635110001
10614,9762542,STANSBURY,NORFOLK,2016-07-17,17,7,2016,1,1,1,9,,,0,,1,1,4,25,4,1,4,5,0,0,0,0,true,,false,false,false,false,false,,,,,,false,false,true,,,false,false,false,false,false,-83.18455,42.44278,"{
  ""coordinates"": [
    -8.318455102199989e+01,
    4.244278179000000e+01
  ],
  ""type"": ""Point""
}","{
  ""coordinates"": [
    -83.184551022,
    42.44278179
  ],
  ""type"": ""Point""
}",-83.1845510219999,42.44278179
10615,9752999,I-94,BEAUBIEN,2016-07-17,17,7,2016,14,1,5,1,,1,0,,1,1,1,55,3,2,4,4,0,0,0,2,false,,false,false,false,false,false,,,,,,false,false,false,,,false,false,false,false,false,-83.06374,42.36592,"{
  ""coordinates"": [
    -8.306373484900000e+01,
    4.236592274100010e+01
  ],
  ""type"": ""Point""
}","{
  ""coordinates"": [
    -83.063734849,
    42.365922741
  ],
  ""type"": ""Point""
}",-83.063734849,42.3659227410001
10616,9750521,RAMP 223C,W I 94,2016-07-17,17,7,2016,4,1,1,1,,1,1,,1,1,4,55,2,1,1,5,0,0,0,0,true,,false,false,false,false,false,,,,,,false,false,false,,,false,false,false,false,false,-82.93484,42.41866,"{
  ""coordinates"": [
    -8.293484225700000e+01,
    4.241866367300000e+01
  ],
  ""type"": ""Point""
}","{
  ""coordinates"": [
    -82.934842257,
    42.418663673
  ],
  ""type"": ""Point""
}",-82.934842257,42.418663673
10617,9754987,GRANDRIVER,7 MILE,2016-07-17,17,7,2016,7,1,9,3,,1,2,,1,1,1,0,2,2,2,5,0,0,0,0,true,,false,false,false,false,false,,,,,,false,false,true,,,false,false,false,false,false,-83.2872,42.42855,"{
  ""coordinates"": [
    -8.328719876799990e+01,
    4.242855279300010e+01
  ],
  ""type"": ""Point""
}","{
  ""coordinates"": [
    -83.287198768,
    42.428552793
  ],
  ""type"": ""Point""
}",-83.2871987679999,42.4285527930001
10618,9749728,WARD,FOLEY,2016-07-17,17,7,2016,19,1,5,9,,,0,,1,1,1,25,4,2,5,5,0,0,0,0,true,,false,false,false,false,false,,,,,,false,false,false,,,false,false,false,false,false,-83.17329,42.37923,"{
  ""coordinates"": [
    -8.317328437700000e+01,
    4.237923541800010e+01
  ],
  ""type"": ""Point""
}","{
  ""coordinates"": [
    -83.173284377,
    42.379235418
  ],
  ""type"": ""Point""
}",-83.173284377,42.3792354180001
10619,9768929,HOOVER,7 MILE,2016-07-17,17,7,2016,2,1,1,3,,1,0,,1,1,4,30,2,1,2,5,0,0,0,0,true,,false,false,true,false,false,,,,,,false,false,false,,,false,false,false,false,false,-83.0047,42.43497,"{
  ""coordinates"": [
    -8.300470221099989e+01,
    4.243497380100010e+01
  ],
  ""type"": ""Point""
}","{
  ""coordinates"": [
    -83.004702211,
    42.434973801
  ],
  ""type"": ""Point""
}",-83.0047022109999,42.4349738010001
10620,9750573,DAVISON,CONANT,2016-07-17,17,7,2016,19,1,3,3,,4,0,,1,1,3,35,5,2,2,4,0,0,0,1,false,,false,false,false,false,false,,,,,,false,false,true,,,false,false,false,false,false,-83.06145,42.41553,"{
  ""coordinates"": [
    -8.306144347199999e+01,
    4.241553265700000e+01
  ],
  ""type"": ""Point""
}","{
  ""coordinates"": [
    -83.061443472,
    42.415532657
  ],
  ""type"": ""Point""
}",-83.061443472,42.415532657
10621,9751387,GRATIOT,GITRE,2016-07-17,17,7,2016,15,1,1,3,,1,0,,1,1,1,35,7,1,0,5,0,0,0,0,true,,false,false,true,false,false,,,,,,false,false,false,,,false,false,false,false,false,-82.98615,42.42223,"{
  ""coordinates"": [
    -8.298615385600000e+01,
    4.242222913000010e+01
  ],
  ""type"": ""Point""
}","{
  ""coordinates"": [
    -82.986153856,
    42.42222913
  ],
  ""type"": ""Point""
}",-82.986153856,42.4222291300001
10622,9750522,E I 96,GREENFIELD,2016-07-17,17,7,2016,18,1,1,1,,1,1,,1,2,1,55,4,1,1,3,0,0,1,0,false,,false,false,false,false,false,,,,,,false,false,false,,,false,false,false,false,false,-83.20082,42.37906,"{
  ""coordinates"": [
    -8.320081982900000e+01,
    4.237905649500000e+01
  ],
  ""type"": ""Point""
}","{
  ""coordinates"": [
    -83.200819829,
    42.379056495
  ],
  ""type"": ""Point""
}",-83.200819829,42.379056495
10623,9749734,LIVERNOIS,NORTHFIELD,2016-07-17,17,7,2016,21,1,4,9,,4,0,,1,1,4,30,6,2,2,5,0,0,0,0,true,,false,false,false,false,false,,,,,,false,false,false,,,false,false,false,false,false,-83.1386,42.36425,"{
  ""coordinates"": [
    -8.313859680800000e+01,
    4.236425077000010e+01
  ],
  ""type"": ""Point""
}","{
  ""coordinates"": [
    -83.138596808,
    42.36425077
  ],
  ""type"": ""Point""
}",-83.138596808,42.3642507700001
10624,9775564,HAYES,ALMA,2016-07-17,17,7,2016,21,1,8,9,,4,0,,1,1,4,30,2,2,3,2,0,1,0,2,false,,false,false,false,false,false,,,,,,false,false,false,,,false,false,false,false,false,-82.96505,42.42132,"{
  ""coordinates"": [
    -8.296504690700000e+01,
    4.242131953700000e+01
  ],
  ""type"": ""Point""
}","{
  ""coordinates"": [
    -82.965046907,
    42.421319537
  ],
  ""type"": ""Point""
}",-82.965046907,42.421319537
10625,9942973,PLYMOUTH,HARTWELL,2016-07-17,17,7,2016,3,1,5,9,,4,0,,1,1,4,30,4,2,1,1,1,0,0,0,false,,false,false,true,false,false,,,,,,false,false,false,,,false,false,true,false,false,-83.17661,42.37306,"{
  ""coordinates"": [
    -8.317660522800000e+01,
    4.237305958600010e+01
  ],
  ""type"": ""Point""
}","{
  ""coordinates"": [
    -83.176605228,
    42.373059586
  ],
  ""type"": ""Point""
}",-83.176605228,42.3730595860001
10626,9760509,I 96,EVERGREEN,2016-07-17,17,7,2016,11,1,1,1,,1,1,,1,1,1,70,4,1,1,3,0,0,1,0,false,,false,false,false,false,false,,,,,,false,false,false,,,false,false,true,false,false,-83.23524,42.37957,"{
  ""coordinates"": [
    -8.323524514199990e+01,
    4.237956582700010e+01
  ],
  ""type"": ""Point""
}","{
  ""coordinates"": [
    -83.235245142,
    42.379565827
  ],
  ""type"": ""Point""
}",-83.2352451419999,42.3795658270001
10627,9749732,MEYERS,CHALFONTE,2016-07-16,16,7,2016,15,7,5,9,,4,0,,1,1,1,30,6,2,1,3,0,0,1,0,false,,false,false,false,false,false,,,,,,false,false,false,,,false,false,false,false,false,-83.16929,42.40004,"{
  ""coordinates"": [
    -8.316928640499999e+01,
    4.240003439900000e+01
  ],
  ""type"": ""Point""
}","{
  ""coordinates"": [
    -83.169286405,
    42.400034399
  ],
  ""type"": ""Point""
}",-83.169286405,42.400034399
10628,9749794,7 MILE,JAMES COUZENS,2016-07-16,16,7,2016,19,7,4,9,,2,0,,1,1,1,35,4,2,2,2,0,1,0,0,false,,false,false,false,false,false,,,,,,false,false,true,,,false,false,false,false,false,-83.18671,42.43084,"{
  ""coordinates"": [
    -8.318670494100000e+01,
    4.243084107900010e+01
  ],
  ""type"": ""Point""
}","{
  ""coordinates"": [
    -83.186704941,
    42.430841079
  ],
  ""type"": ""Point""
}",-83.186704941,42.4308410790001
10629,9751347,M-10,MICHIGAN,2016-07-16,16,7,2016,13,7,8,3,,1,0,,2,1,1,55,3,2,3,4,0,0,0,2,false,,false,false,true,false,false,,,,,,false,false,false,,,false,false,false,false,false,-83.06155,42.33122,"{
  ""coordinates"": [
    -8.306155331100000e+01,
    4.233122138500000e+01
  ],
  ""type"": ""Point""
}","{
  ""coordinates"": [
    -83.061553311,
    42.331221385
  ],
  ""type"": ""Point""
}",-83.061553311,42.331221385
10630,9750556,WHITTIER,LINVILLE,2016-07-16,16,7,2016,22,7,3,9,,4,0,,1,1,5,30,2,2,1,5,0,0,0,0,true,,false,false,false,false,false,,,,,,false,false,true,,,false,false,false,false,false,-82.94083,42.41019,"{
  ""coordinates"": [
    -8.294083004800000e+01,
    4.241018924500000e+01
  ],
  ""type"": ""Point""
}","{
  ""coordinates"": [
    -82.940830048,
    42.410189245
  ],
  ""type"": ""Point""
}",-82.940830048,42.410189245
10631,9749725,MACK,S I 75 SERVICE DRIVE,2016-07-16,16,7,2016,23,7,97,9,,4,0,,1,1,4,30,3,3,21,2,0,1,0,0,false,,true,true,false,false,false,,,,,,false,false,true,,,false,false,false,false,false,-83.04842,42.35099,"{
  ""coordinates"": [
    -8.304841348100000e+01,
    4.235098595700000e+01
  ],
  ""type"": ""Point""
}","{
  ""coordinates"": [
    -83.048413481,
    42.350985957
  ],
  ""type"": ""Point""
}",-83.048413481,42.350985957
10632,9751384,LENORE,FRISBEE,2016-07-16,16,7,2016,17,7,98,9,,,0,,1,2,1,25,2,2,0,5,0,0,0,0,true,,false,false,true,false,false,,,,,,false,false,false,,,false,false,false,false,false,-83.28143,42.43488,"{
  ""coordinates"": [
    -8.328142746499999e+01,
    4.243488313600010e+01
  ],
  ""type"": ""Point""
}","{
  ""coordinates"": [
    -83.281427465,
    42.434883136
  ],
  ""type"": ""Point""
}",-83.281427465,42.4348831360001
10633,9749711,DAVISON,KENTFIELD,2016-07-16,16,7,2016,10,7,1,9,,,1,,1,2,1,55,3,1,1,5,0,0,0,0,true,,false,false,false,false,false,,,,,,false,false,false,,,false,false,false,false,false,-83.23963,42.38389,"{
  ""coordinates"": [
    -8.323963497900000e+01,
    4.238389039700010e+01
  ],
  ""type"": ""Point""
}","{
  ""coordinates"": [
    -83.239634979,
    42.383890397
  ],
  ""type"": ""Point""
}",-83.239634979,42.3838903970001
10634,9749779,PASADENA,LAWTON,2016-07-16,16,7,2016,14,7,4,9,,,0,,1,2,1,25,2,2,2,2,0,1,0,0,false,,true,false,false,false,false,,,,,,false,false,true,,,false,false,false,false,false,-83.1263,42.39434,"{
  ""coordinates"": [
    -8.312630458000000e+01,
    4.239433972600010e+01
  ],
  ""type"": ""Point""
}","{
  ""coordinates"": [
    -83.12630458,
    42.394339726
  ],
  ""type"": ""Point""
}",-83.12630458,42.3943397260001
10635,9749759,CHICAGO,STAHELIN,2016-07-16,16,7,2016,0,7,5,9,,4,0,,1,1,4,35,4,2,2,3,0,0,1,0,false,,false,false,true,false,false,,,,,,false,false,false,,,false,false,false,false,false,-83.22505,42.36491,"{
  ""coordinates"": [
    -8.322505237400000e+01,
    4.236490913300000e+01
  ],
  ""type"": ""Point""
}","{
  ""coordinates"": [
    -83.225052374,
    42.364909133
  ],
  ""type"": ""Point""
}",-83.225052374,42.364909133
10636,9756620,OUTER,LAPPIN,2016-07-16,16,7,2016,13,7,8,9,,2,0,,1,1,1,35,4,2,1,5,0,0,0,0,true,,false,false,true,false,false,,,,,,false,false,false,,,false,false,false,false,false,-83.01447,42.4359,"{
  ""coordinates"": [
    -8.301447326100001e+01,
    4.243590197900010e+01
  ],
  ""type"": ""Point""
}","{
  ""coordinates"": [
    -83.014473261,
    42.435901979
  ],
  ""type"": ""Point""
}",-83.014473261,42.4359019790001
10637,9750565,GRATIOT,FLANDERS,2016-07-16,16,7,2016,18,7,8,3,,1,0,,1,1,1,35,7,2,5,5,0,0,0,0,true,,false,false,true,false,false,,,,,,false,false,true,,,false,false,false,false,false,-82.99247,42.41259,"{
  ""coordinates"": [
    -8.299246606100000e+01,
    4.241258887500000e+01
  ],
  ""type"": ""Point""
}","{
  ""coordinates"": [
    -82.992466061,
    42.412588875
  ],
  ""type"": ""Point""
}",-82.992466061,42.412588875
10638,9750528,N M 10,MARTIN LUTHER KING JR,2016-07-16,16,7,2016,19,7,1,3,,1,1,,1,2,1,55,3,1,3,3,0,0,3,0,false,,false,false,false,false,false,,,,,,false,false,false,,,false,false,false,false,false,-83.06783,42.34284,"{
  ""coordinates"": [
    -8.306783628499990e+01,
    4.234283732200000e+01
  ],
  ""type"": ""Point""
}","{
  ""coordinates"": [
    -83.067836285,
    42.342837322
  ],
  ""type"": ""Point""
}",-83.0678362849999,42.342837322
10639,9775566,E I 94 SERVICE DRIVE,28TH,2016-07-16,16,7,2016,3,7,4,9,,4,0,,1,1,4,30,2,2,2,4,0,0,0,1,false,,true,false,true,false,false,,,,,,false,false,true,,,false,false,false,false,false,-83.11384,42.34361,"{
  ""coordinates"": [
    -8.311384136399990e+01,
    4.234360654300010e+01
  ],
  ""type"": ""Point""
}","{
  ""coordinates"": [
    -83.113841364,
    42.343606543
  ],
  ""type"": ""Point""
}",-83.1138413639999,42.3436065430001
10640,9758468,WARREN,14TH,2016-07-16,16,7,2016,15,7,98,9,,4,0,,1,1,1,30,4,2,3,5,0,0,0,0,true,,false,false,false,false,false,,,,,,false,false,false,,,false,false,false,false,false,-83.08685,42.34953,"{
  ""coordinates"": [
    -8.308685209299991e+01,
    4.234952859400000e+01
  ],
  ""type"": ""Point""
}","{
  ""coordinates"": [
    -83.086852093,
    42.349528594
  ],
  ""type"": ""Point""
}",-83.0868520929999,42.349528594
10641,9749783,MENDOTA,6 MILE,2016-07-16,16,7,2016,12,7,98,9,,,0,,98,98,98,0,1,2,1,5,0,0,0,0,true,,false,false,true,false,false,,,,,,false,false,false,,,false,false,false,false,false,-83.1658,42.41698,"{
  ""coordinates"": [
    -8.316579972200000e+01,
    4.241697777400000e+01
  ],
  ""type"": ""Point""
}","{
  ""coordinates"": [
    -83.165799722,
    42.416977774
  ],
  ""type"": ""Point""
}",-83.165799722,42.416977774
10642,9749740,LINWOOD,HUDSON,2016-07-16,16,7,2016,10,7,4,9,,4,0,,1,2,1,30,2,2,2,5,0,0,0,0,true,,false,false,false,false,false,,,,,,false,false,false,,,false,false,false,false,false,-83.09426,42.35275,"{
  ""coordinates"": [
    -8.309426258000001e+01,
    4.235274510500010e+01
  ],
  ""type"": ""Point""
}","{
  ""coordinates"": [
    -83.09426258,
    42.352745105
  ],
  ""type"": ""Point""
}",-83.09426258,42.3527451050001
10643,9750584,WYOMING,CHIPPEWA,2016-07-16,16,7,2016,16,7,3,9,,4,0,,1,1,1,30,2,2,3,5,0,0,0,0,true,,false,false,false,false,false,,,,,,false,false,true,,,false,false,false,false,false,-83.16131,42.44094,"{
  ""coordinates"": [
    -8.316130679900000e+01,
    4.244094261100000e+01
  ],
  ""type"": ""Point""
}","{
  ""coordinates"": [
    -83.161306799,
    42.440942611
  ],
  ""type"": ""Point""
}",-83.161306799,42.440942611
10644,9751357,N I 75 SERVICE DRIVE,CASS,2016-07-16,16,7,2016,11,7,4,9,,4,0,,1,1,1,25,1,2,2,4,0,0,0,2,false,,true,true,false,false,false,,,,,,false,false,false,,,false,false,false,false,false,-83.05638,42.33792,"{
  ""coordinates"": [
    -8.305638158600000e+01,
    4.233792232700010e+01
  ],
  ""type"": ""Point""
}","{
  ""coordinates"": [
    -83.056381586,
    42.337922327
  ],
  ""type"": ""Point""
}",-83.056381586,42.3379223270001
10645,9768868,WHITTIER,LINVILLE,2016-07-16,16,7,2016,22,7,4,9,,4,0,,1,1,5,25,2,2,1,5,0,0,0,0,true,,false,false,false,false,false,,,,,,false,false,false,,,false,false,false,false,false,-82.94086,42.41023,"{
  ""coordinates"": [
    -8.294085566400000e+01,
    4.241022832600000e+01
  ],
  ""type"": ""Point""
}","{
  ""coordinates"": [
    -82.940855664,
    42.410228326
  ],
  ""type"": ""Point""
}",-82.940855664,42.410228326
10646,9749756,OUTER,SCHOOLCRAFT,2016-07-16,16,7,2016,0,7,4,9,,2,0,,1,1,5,0,3,2,2,5,0,0,0,0,true,,false,false,true,false,false,,,,,,false,false,false,,,false,false,false,false,false,-83.25642,42.38593,"{
  ""coordinates"": [
    -8.325642385899990e+01,
    4.238593363800000e+01
  ],
  ""type"": ""Point""
}","{
  ""coordinates"": [
    -83.256423859,
    42.385933638
  ],
  ""type"": ""Point""
}",-83.2564238589999,42.385933638
10647,9755884,FLANDERS,QUEEN,2016-07-16,16,7,2016,22,7,2,9,,,2,,1,1,4,25,2,2,5,5,0,0,0,0,true,,false,false,true,false,false,,,,,,false,false,true,,,false,false,false,false,false,-82.96777,42.41994,"{
  ""coordinates"": [
    -8.296776400200000e+01,
    4.241993892200000e+01
  ],
  ""type"": ""Point""
}","{
  ""coordinates"": [
    -82.967764002,
    42.419938922
  ],
  ""type"": ""Point""
}",-82.967764002,42.419938922
10648,9750535,RAMP 008R,W I 96 CD,2016-07-16,16,7,2016,0,7,1,1,,1,1,,1,1,5,55,2,1,1,4,0,0,0,1,false,,false,false,false,false,false,,,,,,false,false,false,,,false,false,false,false,false,-83.20873,42.37938,"{
  ""coordinates"": [
    -8.320873560699989e+01,
    4.237937613800010e+01
  ],
  ""type"": ""Point""
}","{
  ""coordinates"": [
    -83.208735607,
    42.379376138
  ],
  ""type"": ""Point""
}",-83.2087356069999,42.3793761380001
10649,9756592,I-94,LIVERNOIS,2016-07-16,16,7,2016,1,7,1,1,,1,1,,1,1,4,55,4,1,1,3,0,0,1,0,false,,false,false,false,false,false,,,,,,false,false,false,,,false,false,false,false,false,-83.12321,42.33813,"{
  ""coordinates"": [
    -8.312320703300000e+01,
    4.233812883900000e+01
  ],
  ""type"": ""Point""
}","{
  ""coordinates"": [
    -83.123207033,
    42.338128839
  ],
  ""type"": ""Point""
}",-83.123207033,42.338128839
10650,9749797,WHITCOMB,SAINT MARTINS,2016-07-16,16,7,2016,19,7,4,9,,,0,,1,1,1,25,2,2,2,4,0,0,0,1,false,,false,false,false,false,false,,,,,,false,true,false,,,false,false,false,false,false,-83.19763,42.43586,"{
  ""coordinates"": [
    -8.319762819399990e+01,
    4.243585760300000e+01
  ],
  ""type"": ""Point""
}","{
  ""coordinates"": [
    -83.197628194,
    42.435857603
  ],
  ""type"": ""Point""
}",-83.1976281939999,42.435857603
10651,9752299,CADIEUX,WARREN,2016-07-16,16,7,2016,18,7,4,9,,4,0,,1,1,1,35,4,2,2,5,0,0,0,0,true,,false,false,true,false,false,,,,,,false,false,true,,,false,false,false,false,false,-82.92982,42.40607,"{
  ""coordinates"": [
    -8.292982057099989e+01,
    4.240607307700000e+01
  ],
  ""type"": ""Point""
}","{
  ""coordinates"": [
    -82.929820571,
    42.406073077
  ],
  ""type"": ""Point""
}",-82.9298205709999,42.406073077
10652,9749709,M-10,7 MILE,2016-07-16,16,7,2016,12,7,1,3,,1,1,,1,2,1,55,3,1,3,5,0,0,0,0,true,,false,false,false,false,false,,,,,,false,false,true,,,false,false,false,false,false,-83.18377,42.42807,"{
  ""coordinates"": [
    -8.318377300400000e+01,
    4.242807468300000e+01
  ],
  ""type"": ""Point""
}","{
  ""coordinates"": [
    -83.183773004,
    42.428074683
  ],
  ""type"": ""Point""
}",-83.183773004,42.428074683
10653,9749778,S M 10 SERVICE DRIVE,CLEMENTS,2016-07-16,16,7,2016,2,7,5,9,,,0,,98,98,98,35,1,2,3,5,0,0,0,0,true,,false,false,true,false,false,,,,,,false,false,false,,,false,false,false,false,false,-83.11223,42.39819,"{
  ""coordinates"": [
    -8.311223037000001e+01,
    4.239818817000000e+01
  ],
  ""type"": ""Point""
}","{
  ""coordinates"": [
    -83.11223037,
    42.39818817
  ],
  ""type"": ""Point""
}",-83.11223037,42.39818817
10654,9761465,CONNER,RAMP 220D,2016-07-16,16,7,2016,12,7,5,9,,4,0,,1,1,1,35,2,3,6,4,0,0,0,2,false,,false,false,false,false,false,,,,,,false,false,true,,,false,false,false,false,false,-82.98912,42.39549,"{
  ""coordinates"": [
    -8.298912150699989e+01,
    4.239548738500010e+01
  ],
  ""type"": ""Point""
}","{
  ""coordinates"": [
    -82.989121507,
    42.395487385
  ],
  ""type"": ""Point""
}",-82.9891215069999,42.3954873850001
10655,9749749,MOROSS,W I 94,2016-07-16,16,7,2016,2,7,5,9,,2,0,,1,1,4,35,3,2,1,4,0,0,0,1,false,,false,false,false,false,false,,,,,,false,false,false,,,false,false,false,false,false,-82.92895,42.42448,"{
  ""coordinates"": [
    -8.292894622400000e+01,
    4.242447831400010e+01
  ],
  ""type"": ""Point""
}","{
  ""coordinates"": [
    -82.928946224,
    42.424478314
  ],
  ""type"": ""Point""
}",-82.928946224,42.4244783140001
10656,9751346,I-94,FRENCH,2016-07-16,16,7,2016,13,7,8,1,,1,0,,1,1,1,55,3,2,3,5,0,0,0,0,true,,false,false,true,false,false,,,,,,false,false,false,,,false,false,false,false,false,-82.99876,42.3921,"{
  ""coordinates"": [
    -8.299875697200000e+01,
    4.239209641800010e+01
  ],
  ""type"": ""Point""
}","{
  ""coordinates"": [
    -82.998756972,
    42.392096418
  ],
  ""type"": ""Point""
}",-82.998756972,42.3920964180001
10657,9749790,LAWLEY,MAINE,2016-07-16,16,7,2016,22,7,4,9,,,0,,1,1,4,25,1,2,2,5,0,0,0,0,true,,false,false,false,false,false,,,,,,false,false,false,,,false,false,false,false,false,-83.06873,42.41005,"{
  ""coordinates"": [
    -8.306872917600001e+01,
    4.241004621200010e+01
  ],
  ""type"": ""Point""
}","{
  ""coordinates"": [
    -83.068729176,
    42.410046212
  ],
  ""type"": ""Point""
}",-83.068729176,42.4100462120001
10658,9749761,PLAINVIEW,8 MILE,2016-07-16,16,7,2016,21,7,9,3,,,0,,1,1,5,25,2,2,1,5,0,0,0,0,true,,false,false,true,false,false,,,,,,false,false,false,,,false,false,false,false,false,-83.23817,42.44372,"{
  ""coordinates"": [
    -8.323817546799999e+01,
    4.244372021200010e+01
  ],
  ""type"": ""Point""
}","{
  ""coordinates"": [
    -83.238175468,
    42.443720212
  ],
  ""type"": ""Point""
}",-83.238175468,42.4437202120001