ObjectId,Crash ID,Primary Road,Intersecting Road,Crash Date,Day,Month,Year,Hour,Weekday,Crash Type Code,Highway Classification Code,Community Code,Jurisdiction Code,Lane Departure Type Code,Surface Type,Road Condition,Weather Condition,Lighting Condition,Speed Limit,Lanes,Units,Occupants,Most Severe Injury,Fatal Injuries,Suspected Serious Injuries,Suspected Minor Injuries,Possible Injuries,Property Damage Only,Secondary Crash,Traffic Control,Red Light Run,Hit and Run,Alcohol,Drugs,Unbelted Person,Work Zone,Speeding Driver,Distracted Driver,Driveway,Pedestrian,Elderly Driver,Young Driver,Commercial Vehicle,Emergency Vehicles,Train,School Bus,Motorcycle,Bicycle,Deer,Longitude,Latitude,geom,geog,x,y
10659,9749745,GRAND,N M 10 SERVICE DRIVE,2016-07-16,16,7,2016,15,7,4,9,,4,0,,1,1,1,35,3,2,3,4,0,0,0,1,false,,false,false,false,false,false,,,,,,false,false,false,,,false,false,false,false,false,-83.0815,42.3673,"{
  ""coordinates"": [
    -8.308150524500000e+01,
    4.236730277700010e+01
  ],
  ""type"": ""Point""
}","{
  ""coordinates"": [
    -83.081505245,
    42.367302777
  ],
  ""type"": ""Point""
}",-83.081505245,42.3673027770001
10660,9750581,APPOLINE,FLORENCE,2016-07-16,16,7,2016,11,7,1,9,,,1,,1,1,4,25,4,1,1,5,0,0,0,0,true,,false,false,false,false,false,,,,,,false,false,false,,,false,false,false,false,false,-83.17092,42.41168,"{
  ""coordinates"": [
    -8.317092313400001e+01,
    4.241168238300000e+01
  ],
  ""type"": ""Point""
}","{
  ""coordinates"": [
    -83.170923134,
    42.411682383
  ],
  ""type"": ""Point""
}",-83.170923134,42.411682383
10661,9755845,I-94,CHENE,2016-07-16,16,7,2016,23,7,1,1,,1,1,,1,2,4,55,3,1,3,3,0,0,3,0,false,,false,false,false,false,false,,,,,,false,false,true,,,false,false,false,false,false,-83.04719,42.374,"{
  ""coordinates"": [
    -8.304718880900000e+01,
    4.237399864000000e+01
  ],
  ""type"": ""Point""
}","{
  ""coordinates"": [
    -83.047188809,
    42.37399864
  ],
  ""type"": ""Point""
}",-83.047188809,42.37399864
10662,9751354,ALTER,CHARLEVOIX,2016-07-16,16,7,2016,15,7,4,9,,4,0,,1,1,1,35,4,2,4,5,0,0,0,0,true,,false,false,true,false,false,,,,,,false,false,false,,,false,false,false,false,false,-82.94593,42.38457,"{
  ""coordinates"": [
    -8.294593257100000e+01,
    4.238456772500010e+01
  ],
  ""type"": ""Point""
}","{
  ""coordinates"": [
    -82.945932571,
    42.384567725
  ],
  ""type"": ""Point""
}",-82.945932571,42.3845677250001
10663,9750562,RUSSELL,WINDER,2016-07-16,16,7,2016,23,7,4,9,,4,0,,1,1,97,25,2,2,2,5,0,0,0,0,true,,false,false,false,false,false,,,,,,false,false,true,,,false,false,false,false,false,-83.04002,42.34569,"{
  ""coordinates"": [
    -8.304001616200000e+01,
    4.234569327400000e+01
  ],
  ""type"": ""Point""
}","{
  ""coordinates"": [
    -83.040016162,
    42.345693274
  ],
  ""type"": ""Point""
}",-83.040016162,42.345693274
10664,9750520,RAMP 046A,N I 75,2016-07-16,16,7,2016,22,7,1,1,,1,1,,1,1,4,55,1,1,1,4,0,0,0,1,false,,false,false,false,false,false,,,,,,false,false,true,,,false,false,false,false,false,-83.06646,42.38425,"{
  ""coordinates"": [
    -8.306645763499991e+01,
    4.238424550200010e+01
  ],
  ""type"": ""Point""
}","{
  ""coordinates"": [
    -83.066457635,
    42.384245502
  ],
  ""type"": ""Point""
}",-83.0664576349999,42.3842455020001
10665,9749796,APPOLINE,FLORENCE,2016-07-16,16,7,2016,23,7,1,9,,,1,,1,1,4,0,4,1,1,5,0,0,0,0,true,,false,false,false,false,false,,,,,,false,false,false,,,false,false,false,false,false,-83.17092,42.41168,"{
  ""coordinates"": [
    -8.317092313400001e+01,
    4.241168238300000e+01
  ],
  ""type"": ""Point""
}","{
  ""coordinates"": [
    -83.170923134,
    42.411682383
  ],
  ""type"": ""Point""
}",-83.170923134,42.411682383
10666,9750519,I-96,GRAND,2016-07-16,16,7,2016,4,7,1,1,,1,1,,1,2,4,70,4,1,1,5,0,0,0,0,true,,false,false,false,false,false,,,,,,false,false,false,,,false,false,false,false,false,-83.10966,42.35554,"{
  ""coordinates"": [
    -8.310965764699991e+01,
    4.235553766200010e+01
  ],
  ""type"": ""Point""
}","{
  ""coordinates"": [
    -83.109657647,
    42.355537662
  ],
  ""type"": ""Point""
}",-83.1096576469999,42.3555376620001
10667,9749788,CONANT,OUTER,2016-07-16,16,7,2016,10,7,4,9,,4,0,,1,1,1,35,2,2,3,5,0,0,0,0,true,,false,false,false,false,false,,,,,,false,false,false,,,false,false,false,false,false,-83.07894,42.44025,"{
  ""coordinates"": [
    -8.307893885599999e+01,
    4.244025467500010e+01
  ],
  ""type"": ""Point""
}","{
  ""coordinates"": [
    -83.078938856,
    42.440254675
  ],
  ""type"": ""Point""
}",-83.078938856,42.4402546750001
10668,9754086,N I 75 SERVICE DRIVE,2ND,2016-07-16,16,7,2016,1,7,4,9,,4,0,,1,1,5,30,3,2,2,5,0,0,0,0,true,,false,false,false,false,false,,,,,,false,false,true,,,false,false,false,false,false,-83.0583,42.33669,"{
  ""coordinates"": [
    -8.305830265400000e+01,
    4.233668566300000e+01
  ],
  ""type"": ""Point""
}","{
  ""coordinates"": [
    -83.058302654,
    42.336685663
  ],
  ""type"": ""Point""
}",-83.058302654,42.336685663
10669,9750585,JAMES COUZENS,GREENFIELD,2016-07-16,16,7,2016,19,7,8,3,,1,0,,1,1,1,35,6,2,3,3,0,0,1,0,false,,false,false,false,false,false,,,,,,false,false,true,,,false,false,false,false,false,-83.20035,42.44268,"{
  ""coordinates"": [
    -8.320035170400000e+01,
    4.244267556500010e+01
  ],
  ""type"": ""Point""
}","{
  ""coordinates"": [
    -83.200351704,
    42.442675565
  ],
  ""type"": ""Point""
}",-83.200351704,42.4426755650001
10670,9748585,GRATIOT,BROADWAY,2016-07-16,16,7,2016,2,7,97,9,,4,0,,1,1,4,30,2,3,1,5,0,0,0,0,true,,false,false,false,true,false,,,,,,false,false,false,,,false,false,false,false,false,-83.04573,42.33455,"{
  ""coordinates"": [
    -8.304573134799990e+01,
    4.233454724900000e+01
  ],
  ""type"": ""Point""
}","{
  ""coordinates"": [
    -83.045731348,
    42.334547249
  ],
  ""type"": ""Point""
}",-83.0457313479999,42.334547249
10671,9749719,M-10,HOWARD,2016-07-16,16,7,2016,0,7,1,3,,1,1,,2,1,4,55,3,1,2,3,0,0,1,0,false,,false,false,false,false,false,,,,,,false,false,false,,,false,false,true,false,false,-83.05815,42.32867,"{
  ""coordinates"": [
    -8.305815155200000e+01,
    4.232866979800010e+01
  ],
  ""type"": ""Point""
}","{
  ""coordinates"": [
    -83.058151552,
    42.328669798
  ],
  ""type"": ""Point""
}",-83.058151552,42.3286697980001
10672,9749757,JOY,S M 39 SERVICE DRIVE,2016-07-16,16,7,2016,17,7,97,9,,2,0,,1,1,1,35,4,2,2,5,0,0,0,0,true,,false,false,false,false,false,,,,,,false,false,false,,,false,false,false,false,false,-83.2169,42.35783,"{
  ""coordinates"": [
    -8.321689945999999e+01,
    4.235783572700010e+01
  ],
  ""type"": ""Point""
}","{
  ""coordinates"": [
    -83.21689946,
    42.357835727
  ],
  ""type"": ""Point""
}",-83.21689946,42.3578357270001
10673,9749744,MARTIN LUTHER KING JR,LINCOLN,2016-07-16,16,7,2016,15,7,98,9,,4,0,,1,1,3,35,5,2,2,4,0,0,0,1,false,,false,false,false,false,false,,,,,,false,false,false,,,false,false,false,false,false,-83.07159,42.34209,"{
  ""coordinates"": [
    -8.307158592899999e+01,
    4.234209219600010e+01
  ],
  ""type"": ""Point""
}","{
  ""coordinates"": [
    -83.071585929,
    42.342092196
  ],
  ""type"": ""Point""
}",-83.071585929,42.3420921960001
10674,9758474,4120 WOODWARD,ALEXANDERINE,2016-07-16,16,7,2016,23,7,5,3,,1,0,,1,1,4,30,3,2,3,5,0,0,0,0,true,,false,false,false,false,false,,,,,,false,false,false,,,false,false,true,false,false,-83.05989,42.3504,"{
  ""coordinates"": [
    -8.305988866300000e+01,
    4.235039611300000e+01
  ],
  ""type"": ""Point""
}","{
  ""coordinates"": [
    -83.059888663,
    42.350396113
  ],
  ""type"": ""Point""
}",-83.059888663,42.350396113
10675,9772007,M-10,MICHIGAN,2016-07-16,16,7,2016,12,7,1,3,,1,1,,2,2,1,55,3,1,2,4,0,0,0,1,false,,false,false,false,false,false,,,,,,false,false,false,,,false,false,false,false,false,-83.0621,42.33176,"{
  ""coordinates"": [
    -8.306209948500000e+01,
    4.233175686700010e+01
  ],
  ""type"": ""Point""
}","{
  ""coordinates"": [
    -83.062099485,
    42.331756867
  ],
  ""type"": ""Point""
}",-83.062099485,42.3317568670001
10676,9749736,LARNED,WOODWARD,2016-07-15,15,7,2016,20,6,6,9,,4,0,,1,1,2,35,6,2,1,4,0,0,0,1,false,,false,false,true,false,false,,,,,,false,false,false,,,false,false,false,false,false,-83.04508,42.32948,"{
  ""coordinates"": [
    -8.304508345200000e+01,
    4.232948212700010e+01
  ],
  ""type"": ""Point""
}","{
  ""coordinates"": [
    -83.045083452,
    42.329482127
  ],
  ""type"": ""Point""
}",-83.045083452,42.3294821270001
10677,9764566,OAKMAN,FORD,2016-07-15,15,7,2016,10,6,4,9,,,0,,1,1,1,25,4,2,2,5,0,0,0,0,true,,false,false,false,false,false,,,,,,false,true,true,,,false,false,false,false,false,-83.12748,42.39484,"{
  ""coordinates"": [
    -8.312748278500000e+01,
    4.239483906200010e+01
  ],
  ""type"": ""Point""
}","{
  ""coordinates"": [
    -83.127482785,
    42.394839062
  ],
  ""type"": ""Point""
}",-83.127482785,42.3948390620001
10678,9748584,HOWARD,LODGE SERVICE,2016-07-15,15,7,2016,22,6,2,9,,4,2,,1,1,4,30,2,3,1,3,0,0,1,0,false,,false,false,false,false,false,,,,,,false,false,false,,,false,false,false,false,false,-83.05755,42.32861,"{
  ""coordinates"": [
    -8.305754626800000e+01,
    4.232861390300010e+01
  ],
  ""type"": ""Point""
}","{
  ""coordinates"": [
    -83.057546268,
    42.328613903
  ],
  ""type"": ""Point""
}",-83.057546268,42.3286139030001
10679,9747640,LAUDER,TYLER,2016-07-15,15,7,2016,1,6,1,9,,,1,,1,1,4,25,2,1,4,4,0,0,0,4,false,,false,false,false,false,false,,,,,,false,false,false,,,false,false,false,false,false,-83.19034,42.38375,"{
  ""coordinates"": [
    -8.319033887800001e+01,
    4.238375169200000e+01
  ],
  ""type"": ""Point""
}","{
  ""coordinates"": [
    -83.190338878,
    42.383751692
  ],
  ""type"": ""Point""
}",-83.190338878,42.383751692
10680,9877920,JOY,METTETAL,2016-07-15,15,7,2016,23,6,1,9,,2,1,,1,1,4,35,5,2,1,1,1,0,0,0,false,,false,false,true,false,true,,,,,,true,false,false,,,false,false,false,false,false,-83.20518,42.358,"{
  ""coordinates"": [
    -8.320518464400000e+01,
    4.235800179200000e+01
  ],
  ""type"": ""Point""
}","{
  ""coordinates"": [
    -83.205184644,
    42.358001792
  ],
  ""type"": ""Point""
}",-83.205184644,42.358001792
10681,9750579,N I 75,CLAY,2016-07-15,15,7,2016,6,6,8,1,,1,0,,1,1,1,55,4,2,1,5,0,0,0,0,true,,false,false,true,false,false,,,,,,false,false,false,,,false,false,false,false,false,-83.06277,42.37862,"{
  ""coordinates"": [
    -8.306276763300001e+01,
    4.237862159200010e+01
  ],
  ""type"": ""Point""
}","{
  ""coordinates"": [
    -83.062767633,
    42.378621592
  ],
  ""type"": ""Point""
}",-83.062767633,42.3786215920001
10682,9748603,GRATIOT,7 MILE,2016-07-15,15,7,2016,11,6,4,3,,1,0,,1,1,1,35,4,2,2,5,0,0,0,0,true,,false,false,false,false,false,,,,,,false,false,false,,,false,false,false,false,false,-82.97767,42.4351,"{
  ""coordinates"": [
    -8.297766969000000e+01,
    4.243510200900000e+01
  ],
  ""type"": ""Point""
}","{
  ""coordinates"": [
    -82.97766969,
    42.435102009
  ],
  ""type"": ""Point""
}",-82.97766969,42.435102009
10683,9749786,CARPENTER,JUSTINE,2016-07-15,15,7,2016,20,6,4,9,,,0,,1,1,1,0,2,2,3,2,0,1,0,2,false,,false,false,false,false,false,,,,,,false,false,false,,,false,false,false,false,false,-83.0553,42.40895,"{
  ""coordinates"": [
    -8.305529531400001e+01,
    4.240895121100000e+01
  ],
  ""type"": ""Point""
}","{
  ""coordinates"": [
    -83.055295314,
    42.408951211
  ],
  ""type"": ""Point""
}",-83.055295314,42.408951211
10684,9749718,I-96,VERNOR,2016-07-15,15,7,2016,13,6,1,1,,1,0,,1,1,1,70,3,1,3,5,0,0,0,0,true,,false,false,false,false,false,,,,,,false,true,false,,,false,false,false,false,false,-83.08739,42.33166,"{
  ""coordinates"": [
    -8.308739693200000e+01,
    4.233165553400000e+01
  ],
  ""type"": ""Point""
}","{
  ""coordinates"": [
    -83.087396932,
    42.331655534
  ],
  ""type"": ""Point""
}",-83.087396932,42.331655534
10685,9748612,OHIO,PILGRIM,2016-07-15,15,7,2016,19,6,4,9,,,0,,1,1,1,25,1,2,2,5,0,0,0,0,true,,false,false,true,false,false,,,,,,false,false,true,,,false,false,false,false,false,-83.15556,42.4079,"{
  ""coordinates"": [
    -8.315555619799990e+01,
    4.240789850700000e+01
  ],
  ""type"": ""Point""
}","{
  ""coordinates"": [
    -83.155556198,
    42.407898507
  ],
  ""type"": ""Point""
}",-83.1555561979999,42.407898507
10686,9751385,GRATIOT,8 MILE,2016-07-15,15,7,2016,16,6,5,3,,1,0,,1,1,1,35,3,2,4,5,0,0,0,0,true,,false,false,false,false,false,,,,,,false,false,true,,,false,false,false,false,false,-82.96794,42.44982,"{
  ""coordinates"": [
    -8.296793791300000e+01,
    4.244982133800000e+01
  ],
  ""type"": ""Point""
}","{
  ""coordinates"": [
    -82.967937913,
    42.449821338
  ],
  ""type"": ""Point""
}",-82.967937913,42.449821338
10687,9750527,S I 75,RAMP 216J,2016-07-15,15,7,2016,18,6,5,1,,1,0,,1,1,1,55,4,2,2,5,0,0,0,0,true,,false,false,false,false,false,,,,,,false,false,true,,,false,false,false,false,false,-83.05875,42.36969,"{
  ""coordinates"": [
    -8.305874943000001e+01,
    4.236969187800000e+01
  ],
  ""type"": ""Point""
}","{
  ""coordinates"": [
    -83.05874943,
    42.369691878
  ],
  ""type"": ""Point""
}",-83.05874943,42.369691878
10688,9749723,I-94,CHENE,2016-07-15,15,7,2016,14,6,5,1,,1,0,,1,1,1,55,3,2,3,4,0,0,0,2,false,,false,false,false,false,false,,,,,,false,false,false,,,false,false,false,false,false,-83.04803,42.3737,"{
  ""coordinates"": [
    -8.304803763400000e+01,
    4.237370237900010e+01
  ],
  ""type"": ""Point""
}","{
  ""coordinates"": [
    -83.048037634,
    42.373702379
  ],
  ""type"": ""Point""
}",-83.048037634,42.3737023790001
10689,9749705,I-75,ROSAPARKS,2016-07-15,15,7,2016,11,6,1,1,,4,0,,1,2,1,55,3,1,1,5,0,0,0,0,true,,false,false,false,false,false,,,,,,false,false,true,,,false,false,false,false,false,-83.07277,42.3341,"{
  ""coordinates"": [
    -8.307276597200000e+01,
    4.233410161700000e+01
  ],
  ""type"": ""Point""
}","{
  ""coordinates"": [
    -83.072765972,
    42.334101617
  ],
  ""type"": ""Point""
}",-83.072765972,42.334101617
10690,9749708,I-94,LIVERNOIS,2016-07-15,15,7,2016,16,6,5,1,,1,0,,1,1,1,55,3,2,2,5,0,0,0,0,true,,false,false,false,false,false,,,,,,false,true,false,,,false,false,false,false,false,-83.12055,42.33905,"{
  ""coordinates"": [
    -8.312054955300000e+01,
    4.233904869300010e+01
  ],
  ""type"": ""Point""
}","{
  ""coordinates"": [
    -83.120549553,
    42.339048693
  ],
  ""type"": ""Point""
}",-83.120549553,42.3390486930001
10691,9748604,CALDWELL,NEVADA,2016-07-15,15,7,2016,12,6,97,9,,,3,,1,1,1,0,1,2,0,5,0,0,0,0,true,,false,false,true,false,false,,,,,,false,false,false,,,false,false,false,false,false,-83.04678,42.42642,"{
  ""coordinates"": [
    -8.304678168299991e+01,
    4.242642195900000e+01
  ],
  ""type"": ""Point""
}","{
  ""coordinates"": [
    -83.046781683,
    42.426421959
  ],
  ""type"": ""Point""
}",-83.0467816829999,42.426421959
10692,9747637,CHICAGO,FREELAND,2016-07-15,15,7,2016,0,6,5,9,,4,0,,1,1,4,35,4,2,3,5,0,0,0,0,true,,false,false,false,false,false,,,,,,false,false,false,,,false,false,false,false,false,-83.18355,42.36566,"{
  ""coordinates"": [
    -8.318354998400000e+01,
    4.236566308000000e+01
  ],
  ""type"": ""Point""
}","{
  ""coordinates"": [
    -83.183549984,
    42.36566308
  ],
  ""type"": ""Point""
}",-83.183549984,42.36566308
10693,9773751,SEVEN MILE,ST MARYS,2016-07-15,15,7,2016,19,6,4,9,,2,0,,1,1,1,35,2,2,3,4,0,0,0,1,false,,true,false,false,false,false,,,,,,false,false,true,,,false,false,false,false,false,-83.20735,42.43031,"{
  ""coordinates"": [
    -8.320735538900000e+01,
    4.243031071100010e+01
  ],
  ""type"": ""Point""
}","{
  ""coordinates"": [
    -83.207355389,
    42.430310711
  ],
  ""type"": ""Point""
}",-83.207355389,42.4303107110001
10694,9748600,TELEGRAPH,GROVE,2016-07-15,15,7,2016,13,6,4,2,,1,0,,1,1,1,40,4,2,2,5,0,0,0,0,true,,false,false,false,false,false,,,,,,false,false,false,,,false,false,false,false,false,-83.27728,42.41184,"{
  ""coordinates"": [
    -8.327728438500000e+01,
    4.241183709900000e+01
  ],
  ""type"": ""Point""
}","{
  ""coordinates"": [
    -83.277284385,
    42.411837099
  ],
  ""type"": ""Point""
}",-83.277284385,42.411837099
10695,9750578,7 MILE,LIVERNOIS,2016-07-15,15,7,2016,13,6,4,9,,2,0,,1,1,1,30,3,2,2,5,0,0,0,0,true,,false,false,false,false,false,,,,,,false,false,false,,,false,false,false,false,false,-83.14157,42.4316,"{
  ""coordinates"": [
    -8.314156839200000e+01,
    4.243160312600000e+01
  ],
  ""type"": ""Point""
}","{
  ""coordinates"": [
    -83.141568392,
    42.431603126
  ],
  ""type"": ""Point""
}",-83.141568392,42.431603126
10696,9752284,I-94,MT ELLIOTT,2016-07-15,15,7,2016,14,6,8,1,,1,0,,1,2,1,55,3,2,2,4,0,0,0,1,false,,false,false,false,false,false,,,,,,false,true,false,,,false,false,false,false,false,-83.03321,42.37957,"{
  ""coordinates"": [
    -8.303321040299990e+01,
    4.237957327400010e+01
  ],
  ""type"": ""Point""
}","{
  ""coordinates"": [
    -83.033210403,
    42.379573274
  ],
  ""type"": ""Point""
}",-83.0332104029999,42.3795732740001
10697,9752288,FAIRPORT,LAPPIN,2016-07-15,15,7,2016,21,6,2,9,,,0,,1,1,1,25,2,2,0,5,0,0,0,0,true,,false,false,false,false,false,,,,,,false,false,false,,,false,false,false,false,false,-82.99128,42.43668,"{
  ""coordinates"": [
    -8.299127789300000e+01,
    4.243667572500000e+01
  ],
  ""type"": ""Point""
}","{
  ""coordinates"": [
    -82.991277893,
    42.436675725
  ],
  ""type"": ""Point""
}",-82.991277893,42.436675725
10698,9749766,JOY,PIERSON,2016-07-15,15,7,2016,18,6,97,9,,2,0,,1,1,1,35,4,2,5,5,0,0,0,0,true,,false,false,true,false,false,,,,,,false,false,false,,,false,false,false,false,false,-83.2445,42.3574,"{
  ""coordinates"": [
    -8.324449603600000e+01,
    4.235740033300000e+01
  ],
  ""type"": ""Point""
}","{
  ""coordinates"": [
    -83.244496036,
    42.357400333
  ],
  ""type"": ""Point""
}",-83.244496036,42.357400333
10699,9749787,IOWA,SHERWOOD,2016-07-15,15,7,2016,23,6,8,9,,,0,,1,1,4,25,2,2,0,5,0,0,0,0,true,,false,false,true,false,false,,,,,,false,false,false,,,false,false,false,false,false,-83.03339,42.42496,"{
  ""coordinates"": [
    -8.303338600399999e+01,
    4.242496216100010e+01
  ],
  ""type"": ""Point""
}","{
  ""coordinates"": [
    -83.033386004,
    42.424962161
  ],
  ""type"": ""Point""
}",-83.033386004,42.4249621610001
10700,9748602,8 MILE,HAYES,2016-07-15,15,7,2016,10,6,5,3,,1,0,,1,1,1,40,2,2,2,5,0,0,0,0,true,,false,false,false,false,false,,,,,,false,false,true,,,false,false,false,false,false,-82.96608,42.44989,"{
  ""coordinates"": [
    -8.296608331000000e+01,
    4.244988507700000e+01
  ],
  ""type"": ""Point""
}","{
  ""coordinates"": [
    -82.96608331,
    42.449885077
  ],
  ""type"": ""Point""
}",-82.96608331,42.449885077
10701,9748586,JOY,HUBBELL,2016-07-15,15,7,2016,15,6,97,9,,4,0,,1,2,1,35,4,3,4,5,0,0,0,0,true,,true,true,false,false,false,,,,,,false,false,false,,,false,false,false,false,false,-83.18727,42.35835,"{
  ""coordinates"": [
    -8.318727067200000e+01,
    4.235834504700010e+01
  ],
  ""type"": ""Point""
}","{
  ""coordinates"": [
    -83.187270672,
    42.358345047
  ],
  ""type"": ""Point""
}",-83.187270672,42.3583450470001
10702,9749735,GRAND,HAMILTON,2016-07-15,15,7,2016,20,6,4,9,,4,0,,1,1,1,30,6,2,2,4,0,0,0,1,false,,false,false,false,false,false,,,,,,false,false,true,,,false,false,false,false,false,-83.08215,42.36684,"{
  ""coordinates"": [
    -8.308215057400000e+01,
    4.236684340300010e+01
  ],
  ""type"": ""Point""
}","{
  ""coordinates"": [
    -83.082150574,
    42.366843403
  ],
  ""type"": ""Point""
}",-83.082150574,42.3668434030001
10703,9749768,GRAND RIVER,GLASTONBURY,2016-07-15,15,7,2016,18,6,4,3,,1,0,,1,1,1,35,8,2,3,4,0,0,0,1,false,,false,false,false,false,false,,,,,,false,false,true,,,false,false,false,false,false,-83.22529,42.40351,"{
  ""coordinates"": [
    -8.322528475199989e+01,
    4.240351580900010e+01
  ],
  ""type"": ""Point""
}","{
  ""coordinates"": [
    -83.225284752,
    42.403515809
  ],
  ""type"": ""Point""
}",-83.2252847519999,42.4035158090001
10704,9749717,I-94,LONYO,2016-07-15,15,7,2016,7,6,5,1,,1,0,,1,1,1,55,3,2,2,5,0,0,0,0,true,,false,false,false,false,false,,,,,,false,false,false,,,false,false,false,false,false,-83.14394,42.33142,"{
  ""coordinates"": [
    -8.314393908100000e+01,
    4.233142011300000e+01
  ],
  ""type"": ""Point""
}","{
  ""coordinates"": [
    -83.143939081,
    42.331420113
  ],
  ""type"": ""Point""
}",-83.143939081,42.331420113
10705,9749710,S I 75,PIQUETTE,2016-07-15,15,7,2016,13,6,5,1,,1,0,,1,1,1,70,2,2,1,5,0,0,0,0,true,,false,false,true,false,false,,,,,,false,false,true,,,false,false,false,false,false,-83.05924,42.37078,"{
  ""coordinates"": [
    -8.305923909800001e+01,
    4.237077942500010e+01
  ],
  ""type"": ""Point""
}","{
  ""coordinates"": [
    -83.059239098,
    42.370779425
  ],
  ""type"": ""Point""
}",-83.059239098,42.3707794250001
10706,9752310,GREEN,FORT,2016-07-15,15,7,2016,12,6,10,3,,,0,,1,1,1,25,4,2,2,5,0,0,0,0,true,,false,false,false,false,false,,,,,,false,false,false,,,false,false,false,false,false,-83.11311,42.3025,"{
  ""coordinates"": [
    -8.311310636199990e+01,
    4.230249772300000e+01
  ],
  ""type"": ""Point""
}","{
  ""coordinates"": [
    -83.113106362,
    42.302497723
  ],
  ""type"": ""Point""
}",-83.1131063619999,42.302497723
10707,9755882,7 MILE,OUTER,2016-07-15,15,7,2016,21,6,8,9,,4,0,,1,2,4,35,1,2,1,4,0,0,0,1,false,,false,false,true,false,false,,,,,,false,false,false,,,false,false,false,false,false,-83.01466,42.43415,"{
  ""coordinates"": [
    -8.301466514299990e+01,
    4.243415278500000e+01
  ],
  ""type"": ""Point""
}","{
  ""coordinates"": [
    -83.014665143,
    42.434152785
  ],
  ""type"": ""Point""
}",-83.0146651429999,42.434152785
10708,9748590,JUNCTION,KOPERNICK,2016-07-15,15,7,2016,18,6,97,9,,4,0,,1,1,1,35,2,2,4,4,0,0,0,1,false,,false,false,false,false,false,,,,,,false,false,true,,,false,false,false,false,false,-83.11044,42.32974,"{
  ""coordinates"": [
    -8.311044013000000e+01,
    4.232974355000000e+01
  ],
  ""type"": ""Point""
}","{
  ""coordinates"": [
    -83.11044013,
    42.32974355
  ],
  ""type"": ""Point""
}",-83.11044013,42.32974355
10709,9753029,PLAINVIEW,BELTON,2016-07-15,15,7,2016,12,6,4,9,,,0,,1,2,1,25,4,2,3,4,0,0,0,1,false,,true,false,true,false,false,,,,,,false,false,false,,,false,false,false,false,false,-83.2345,42.35216,"{
  ""coordinates"": [
    -8.323450069200000e+01,
    4.235215839200000e+01
  ],
  ""type"": ""Point""
}","{
  ""coordinates"": [
    -83.234500692,
    42.352158392
  ],
  ""type"": ""Point""
}",-83.234500692,42.352158392
10710,9749743,GRANDRIVER,FISHER S D,2016-07-15,15,7,2016,15,6,5,3,,1,0,,1,1,1,30,8,2,2,5,0,0,0,0,true,,false,false,false,false,false,,,,,,false,true,false,,,false,false,false,false,false,-83.05912,42.33649,"{
  ""coordinates"": [
    -8.305912128499990e+01,
    4.233648696200000e+01
  ],
  ""type"": ""Point""
}","{
  ""coordinates"": [
    -83.059121285,
    42.336486962
  ],
  ""type"": ""Point""
}",-83.0591212849999,42.336486962
10711,9748593,CANYON,CHESTER,2016-07-15,15,7,2016,0,6,4,9,,,0,,1,1,4,25,2,2,1,5,0,0,0,0,true,,false,false,true,false,false,,,,,,false,false,false,,,false,false,false,false,false,-82.92564,42.42147,"{
  ""coordinates"": [
    -8.292564064899990e+01,
    4.242147121800010e+01
  ],
  ""type"": ""Point""
}","{
  ""coordinates"": [
    -82.925640649,
    42.421471218
  ],
  ""type"": ""Point""
}",-82.9256406489999,42.4214712180001
10712,9764046,S M 10,HOWARD,2016-07-15,15,7,2016,20,6,5,3,,1,0,,2,1,1,55,3,2,1,5,0,0,0,0,true,,false,false,false,false,false,,,,,,false,false,true,,,false,false,false,false,false,-83.05815,42.32867,"{
  ""coordinates"": [
    -8.305815155200000e+01,
    4.232866979800010e+01
  ],
  ""type"": ""Point""
}","{
  ""coordinates"": [
    -83.058151552,
    42.328669798
  ],
  ""type"": ""Point""
}",-83.058151552,42.3286697980001
10713,9751344,ORLEANS,STATE FAIR,2016-07-15,15,7,2016,22,6,4,9,,,0,,1,1,4,30,2,2,4,4,0,0,0,1,false,,false,false,false,false,false,,,,,,false,false,true,,,false,false,true,false,false,-83.08554,42.44003,"{
  ""coordinates"": [
    -8.308554104900000e+01,
    4.244002385800010e+01
  ],
  ""type"": ""Point""
}","{
  ""coordinates"": [
    -83.085541049,
    42.440023858
  ],
  ""type"": ""Point""
}",-83.085541049,42.4400238580001
10714,9748614,CURTIS,MEYERS,2016-07-15,15,7,2016,16,6,3,9,,4,0,,1,2,1,30,2,2,2,5,0,0,0,0,true,,false,false,false,false,false,,,,,,false,false,true,,,false,false,false,false,false,-83.17043,42.42399,"{
  ""coordinates"": [
    -8.317042994199990e+01,
    4.242399175900000e+01
  ],
  ""type"": ""Point""
}","{
  ""coordinates"": [
    -83.170429942,
    42.423991759
  ],
  ""type"": ""Point""
}",-83.1704299419999,42.423991759
10715,9751374,SAINT MARYS,KENDALL,2016-07-15,15,7,2016,23,6,98,9,,,0,,1,1,4,30,2,2,0,5,0,0,0,0,true,,false,false,true,false,false,,,,,,false,false,false,,,false,false,false,false,false,-83.20576,42.38928,"{
  ""coordinates"": [
    -8.320575910399999e+01,
    4.238927734000000e+01
  ],
  ""type"": ""Point""
}","{
  ""coordinates"": [
    -83.205759104,
    42.38927734
  ],
  ""type"": ""Point""
}",-83.205759104,42.38927734