ObjectId,Crash ID,Primary Road,Intersecting Road,Crash Date,Day,Month,Year,Hour,Weekday,Crash Type Code,Highway Classification Code,Community Code,Jurisdiction Code,Lane Departure Type Code,Surface Type,Road Condition,Weather Condition,Lighting Condition,Speed Limit,Lanes,Units,Occupants,Most Severe Injury,Fatal Injuries,Suspected Serious Injuries,Suspected Minor Injuries,Possible Injuries,Property Damage Only,Secondary Crash,Traffic Control,Red Light Run,Hit and Run,Alcohol,Drugs,Unbelted Person,Work Zone,Speeding Driver,Distracted Driver,Driveway,Pedestrian,Elderly Driver,Young Driver,Commercial Vehicle,Emergency Vehicles,Train,School Bus,Motorcycle,Bicycle,Deer,Longitude,Latitude,geom,geog,x,y
10716,9748609,7 MILE,CARRIE,2016-07-15,15,7,2016,5,6,8,9,,4,0,,1,1,4,35,2,2,3,5,0,0,0,0,true,,false,false,true,false,false,,,,,,false,false,false,,,false,false,false,false,false,-83.03078,42.43384,"{
  ""coordinates"": [
    -8.303077388700000e+01,
    4.243383601100000e+01
  ],
  ""type"": ""Point""
}","{
  ""coordinates"": [
    -83.030773887,
    42.433836011
  ],
  ""type"": ""Point""
}",-83.030773887,42.433836011
10717,9749781,WYOMING,DESOTO,2016-07-15,15,7,2016,16,6,4,9,,4,0,,1,1,1,30,2,2,4,4,0,0,0,2,false,,false,false,false,false,false,,,,,,false,false,false,,,false,false,false,false,false,-83.1596,42.40105,"{
  ""coordinates"": [
    -8.315960224600001e+01,
    4.240105045200000e+01
  ],
  ""type"": ""Point""
}","{
  ""coordinates"": [
    -83.159602246,
    42.401050452
  ],
  ""type"": ""Point""
}",-83.159602246,42.401050452
10718,9753003,MONROE,SAINT ANTOINE,2016-07-15,15,7,2016,19,6,8,9,,4,0,,1,1,1,0,2,2,0,5,0,0,0,0,true,,false,false,true,false,false,,,,,,false,false,false,,,false,false,false,false,false,-83.04073,42.3357,"{
  ""coordinates"": [
    -8.304073246900001e+01,
    4.233569723100000e+01
  ],
  ""type"": ""Point""
}","{
  ""coordinates"": [
    -83.040732469,
    42.335697231
  ],
  ""type"": ""Point""
}",-83.040732469,42.335697231
10719,9756583,E I 94,MOROSS,2016-07-15,15,7,2016,21,6,1,1,,1,1,,1,1,3,55,3,1,1,5,0,0,0,0,true,,false,false,false,false,false,,,,,,false,false,true,,,false,false,false,false,false,-82.92861,42.42455,"{
  ""coordinates"": [
    -8.292860813100000e+01,
    4.242454685900000e+01
  ],
  ""type"": ""Point""
}","{
  ""coordinates"": [
    -82.928608131,
    42.424546859
  ],
  ""type"": ""Point""
}",-82.928608131,42.424546859
10720,9750530,M-10,HOWARD,2016-07-15,15,7,2016,20,6,5,3,,1,0,,2,1,1,55,3,2,4,5,0,0,0,0,true,,false,false,false,false,false,,,,,,false,false,false,,,false,false,false,false,false,-83.05815,42.32867,"{
  ""coordinates"": [
    -8.305815155200000e+01,
    4.232866979800010e+01
  ],
  ""type"": ""Point""
}","{
  ""coordinates"": [
    -83.058151552,
    42.328669798
  ],
  ""type"": ""Point""
}",-83.058151552,42.3286697980001
10721,9748610,EIGHT MILE,ILENE,2016-07-15,15,7,2016,10,6,5,3,,1,0,,1,1,1,40,6,2,2,5,0,0,0,0,true,,false,false,false,false,false,,,,,,false,false,true,,,false,false,false,false,false,-83.16358,42.44561,"{
  ""coordinates"": [
    -8.316358199699989e+01,
    4.244560698000000e+01
  ],
  ""type"": ""Point""
}","{
  ""coordinates"": [
    -83.163581997,
    42.44560698
  ],
  ""type"": ""Point""
}",-83.1635819969999,42.44560698
10722,9764035,E I 96,RAMP 213K,2016-07-15,15,7,2016,18,6,5,1,,1,0,,1,2,1,55,2,2,2,4,0,0,0,1,false,,false,false,true,false,false,,,,,,false,false,false,,,false,false,false,false,false,-83.09954,42.35038,"{
  ""coordinates"": [
    -8.309954161199990e+01,
    4.235037934900000e+01
  ],
  ""type"": ""Point""
}","{
  ""coordinates"": [
    -83.099541612,
    42.350379349
  ],
  ""type"": ""Point""
}",-83.0995416119999,42.350379349
10723,9748613,JAMES COUZENS,8 MILE SERVICE DRIVE,2016-07-15,15,7,2016,19,6,5,3,,1,0,,1,1,1,55,3,2,2,4,0,0,0,1,false,,false,false,true,false,false,,,,,,false,false,false,,,false,false,false,false,false,-83.20242,42.44445,"{
  ""coordinates"": [
    -8.320242154600000e+01,
    4.244444884100010e+01
  ],
  ""type"": ""Point""
}","{
  ""coordinates"": [
    -83.202421546,
    42.444448841
  ],
  ""type"": ""Point""
}",-83.202421546,42.4444488410001
10724,9749707,S I 75,TRUMBULL,2016-07-15,15,7,2016,8,6,5,1,,1,0,,1,1,1,55,3,2,2,5,0,0,0,0,true,,false,false,false,false,false,,,,,,false,true,true,,,false,false,false,false,false,-83.06863,42.33448,"{
  ""coordinates"": [
    -8.306863461099989e+01,
    4.233447921900010e+01
  ],
  ""type"": ""Point""
}","{
  ""coordinates"": [
    -83.068634611,
    42.334479219
  ],
  ""type"": ""Point""
}",-83.0686346109999,42.3344792190001
10725,9748597,JEFFERSON,RIVARD,2016-07-15,15,7,2016,17,6,8,9,,4,0,,1,1,1,35,7,2,2,5,0,0,0,0,true,,false,false,false,false,false,,,,,,false,false,false,,,false,false,false,false,false,-83.03411,42.33331,"{
  ""coordinates"": [
    -8.303411306299989e+01,
    4.233330701500010e+01
  ],
  ""type"": ""Point""
}","{
  ""coordinates"": [
    -83.034113063,
    42.333307015
  ],
  ""type"": ""Point""
}",-83.0341130629999,42.3333070150001
10726,9748596,FRANKLIN,JOS CAMPAU,2016-07-15,15,7,2016,8,6,4,9,,,0,,1,1,1,25,2,2,2,5,0,0,0,0,true,,true,false,false,false,false,,,,,,false,false,false,,,false,false,false,false,false,-83.01886,42.33817,"{
  ""coordinates"": [
    -8.301886110100000e+01,
    4.233816366400000e+01
  ],
  ""type"": ""Point""
}","{
  ""coordinates"": [
    -83.018861101,
    42.338163664
  ],
  ""type"": ""Point""
}",-83.018861101,42.338163664
10727,9749738,CONGRESS,SHEBLY,2016-07-15,15,7,2016,15,6,8,9,,4,0,,1,1,1,25,3,2,2,5,0,0,0,0,true,,false,false,false,false,false,,,,,,false,false,false,,,false,false,false,false,false,-83.04838,42.32909,"{
  ""coordinates"": [
    -8.304837609700000e+01,
    4.232909317700010e+01
  ],
  ""type"": ""Point""
}","{
  ""coordinates"": [
    -83.048376097,
    42.329093177
  ],
  ""type"": ""Point""
}",-83.048376097,42.3290931770001
10728,9747661,CALVERT,ROSA PARKS,2016-07-14,14,7,2016,10,5,4,9,,4,0,,1,1,1,25,2,2,2,4,0,0,0,1,false,,true,false,false,false,false,,,,,,false,false,false,,,false,false,false,false,false,-83.10383,42.38293,"{
  ""coordinates"": [
    -8.310382874299999e+01,
    4.238293046800000e+01
  ],
  ""type"": ""Point""
}","{
  ""coordinates"": [
    -83.103828743,
    42.382930468
  ],
  ""type"": ""Point""
}",-83.103828743,42.382930468
10729,9754091,EDSEL,VISGER,2016-07-14,14,7,2016,16,5,5,9,,,0,,1,1,1,25,2,2,22,5,0,0,0,0,true,,false,false,true,false,false,,,,,,false,false,false,,,false,false,false,false,false,-83.16084,42.26792,"{
  ""coordinates"": [
    -8.316084060599999e+01,
    4.226791580100010e+01
  ],
  ""type"": ""Point""
}","{
  ""coordinates"": [
    -83.160840606,
    42.267915801
  ],
  ""type"": ""Point""
}",-83.160840606,42.2679158010001
10730,9747643,WARREN,JOHN R,2016-07-14,14,7,2016,13,5,4,9,,4,0,,1,2,1,30,4,2,4,5,0,0,0,0,true,,false,false,false,false,false,,,,,,false,false,false,,,false,false,false,false,false,-83.06208,42.35759,"{
  ""coordinates"": [
    -8.306207905600000e+01,
    4.235758914100010e+01
  ],
  ""type"": ""Point""
}","{
  ""coordinates"": [
    -83.062079056,
    42.357589141
  ],
  ""type"": ""Point""
}",-83.062079056,42.3575891410001
10731,9747636,SCHAEFER,GRAND RIVER,2016-07-14,14,7,2016,15,5,8,3,,4,0,,1,1,1,30,6,2,1,5,0,0,0,0,true,,false,false,true,false,false,,,,,,false,true,false,,,false,false,false,false,false,-83.17841,42.38458,"{
  ""coordinates"": [
    -8.317840332199999e+01,
    4.238458335300000e+01
  ],
  ""type"": ""Point""
}","{
  ""coordinates"": [
    -83.178403322,
    42.384583353
  ],
  ""type"": ""Point""
}",-83.178403322,42.384583353
10732,9754059,I-75,NEVADA,2016-07-14,14,7,2016,10,5,5,1,,1,0,,1,1,1,70,4,2,2,5,0,0,0,0,true,,false,false,false,false,false,,,,,,false,false,true,,,false,false,false,false,false,-83.09367,42.42566,"{
  ""coordinates"": [
    -8.309366360500000e+01,
    4.242565853400000e+01
  ],
  ""type"": ""Point""
}","{
  ""coordinates"": [
    -83.093663605,
    42.425658534
  ],
  ""type"": ""Point""
}",-83.093663605,42.425658534
10733,9747655,PORTLANCE,CANONBURY,2016-07-14,14,7,2016,16,5,8,9,,,0,,1,1,1,25,2,2,5,4,0,0,0,2,false,,false,false,false,false,false,,,,,,false,false,true,,,false,false,false,false,false,-83.00979,42.41785,"{
  ""coordinates"": [
    -8.300979178700000e+01,
    4.241784756700010e+01
  ],
  ""type"": ""Point""
}","{
  ""coordinates"": [
    -83.009791787,
    42.417847567
  ],
  ""type"": ""Point""
}",-83.009791787,42.4178475670001
10734,9749763,WHITCOMB,WADSWORTH,2016-07-14,14,7,2016,12,5,97,9,,,0,,2,4,3,25,2,2,0,5,0,0,0,0,true,,false,false,true,false,false,,,,,,false,false,false,,,false,false,false,false,false,-83.1955,42.37617,"{
  ""coordinates"": [
    -8.319549353300000e+01,
    4.237617548200010e+01
  ],
  ""type"": ""Point""
}","{
  ""coordinates"": [
    -83.195493533,
    42.376175482
  ],
  ""type"": ""Point""
}",-83.195493533,42.3761754820001
10735,9751390,MCNICHOLS,HOOVER,2016-07-14,14,7,2016,18,5,97,9,,4,0,,1,1,4,25,2,2,1,5,0,0,0,0,true,,false,false,false,false,false,,,,,,false,true,false,,,false,false,false,false,false,-83.00397,42.41995,"{
  ""coordinates"": [
    -8.300397777700000e+01,
    4.241994729700010e+01
  ],
  ""type"": ""Point""
}","{
  ""coordinates"": [
    -83.003977777,
    42.419947297
  ],
  ""type"": ""Point""
}",-83.003977777,42.4199472970001
10736,9751404,JOY,GRANDMONT,2016-07-14,14,7,2016,16,5,5,9,,2,0,,1,1,1,30,2,2,5,4,0,0,0,3,false,,false,false,true,false,false,,,,,,false,true,false,,,false,false,false,false,false,-83.20853,42.35795,"{
  ""coordinates"": [
    -8.320853751999989e+01,
    4.235795355200000e+01
  ],
  ""type"": ""Point""
}","{
  ""coordinates"": [
    -83.20853752,
    42.357953552
  ],
  ""type"": ""Point""
}",-83.2085375199999,42.357953552
10737,9973407,E I 94,BRUSH,2016-07-14,14,7,2016,6,5,5,1,,1,0,,1,2,1,55,3,2,1,5,0,0,0,0,true,,false,false,true,false,false,,,,,,false,false,false,,,false,false,false,false,false,-83.06427,42.36571,"{
  ""coordinates"": [
    -8.306426681400001e+01,
    4.236571080900010e+01
  ],
  ""type"": ""Point""
}","{
  ""coordinates"": [
    -83.064266814,
    42.365710809
  ],
  ""type"": ""Point""
}",-83.064266814,42.3657108090001
10738,9749750,RAMP 220D,CONNER,2016-07-14,14,7,2016,17,5,5,1,,1,0,,1,1,1,35,2,2,2,5,0,0,0,0,true,,false,false,false,false,false,,,,,,false,false,true,,,false,false,false,false,false,-82.98602,42.39483,"{
  ""coordinates"": [
    -8.298601202700000e+01,
    4.239483182800010e+01
  ],
  ""type"": ""Point""
}","{
  ""coordinates"": [
    -82.986012027,
    42.394831828
  ],
  ""type"": ""Point""
}",-82.986012027,42.3948318280001
10739,9747650,HEREFORD,E I 94 SERVICE DRIVE,2016-07-14,14,7,2016,9,5,5,9,,7,0,,1,2,1,0,4,2,1,5,0,0,0,0,true,,false,false,true,false,false,,,,,,false,false,false,,,false,false,false,false,false,-82.9319,42.41982,"{
  ""coordinates"": [
    -8.293189796999999e+01,
    4.241981443900000e+01
  ],
  ""type"": ""Point""
}","{
  ""coordinates"": [
    -82.93189797,
    42.419814439
  ],
  ""type"": ""Point""
}",-82.93189797,42.419814439
10740,9749782,LINWOOD,STURDEVANT,2016-07-14,14,7,2016,9,5,8,9,,4,0,,1,1,1,30,6,2,1,5,0,0,0,0,true,,false,false,false,false,false,,,,,,false,false,false,,,false,false,false,false,false,-83.11835,42.38757,"{
  ""coordinates"": [
    -8.311835173799990e+01,
    4.238757266200000e+01
  ],
  ""type"": ""Point""
}","{
  ""coordinates"": [
    -83.118351738,
    42.387572662
  ],
  ""type"": ""Point""
}",-83.1183517379999,42.387572662
10741,9749777,DAVISON,14TH,2016-07-14,14,7,2016,19,5,5,3,,1,0,,98,98,98,30,3,2,1,5,0,0,0,0,true,,false,false,false,false,false,,,,,,false,false,false,,,false,false,false,false,false,-83.11578,42.39533,"{
  ""coordinates"": [
    -8.311578660500000e+01,
    4.239532832400000e+01
  ],
  ""type"": ""Point""
}","{
  ""coordinates"": [
    -83.115786605,
    42.395328324
  ],
  ""type"": ""Point""
}",-83.115786605,42.395328324
10742,9748606,OUTER,FENELON,2016-07-14,14,7,2016,16,5,5,9,,2,0,,1,1,1,25,2,2,2,5,0,0,0,0,true,,false,false,false,false,false,,,,,,false,true,true,,,false,false,false,false,false,-83.05392,42.44051,"{
  ""coordinates"": [
    -8.305392388999999e+01,
    4.244051107500010e+01
  ],
  ""type"": ""Point""
}","{
  ""coordinates"": [
    -83.05392389,
    42.440511075
  ],
  ""type"": ""Point""
}",-83.05392389,42.4405110750001
10743,9747634,PURITAN,WHITCOMB,2016-07-14,14,7,2016,18,5,5,9,,4,0,,1,2,1,30,4,2,3,5,0,0,0,0,true,,false,false,true,false,false,,,,,,false,false,false,,,false,false,false,false,false,-83.19665,42.40882,"{
  ""coordinates"": [
    -8.319665136400000e+01,
    4.240882147600010e+01
  ],
  ""type"": ""Point""
}","{
  ""coordinates"": [
    -83.196651364,
    42.408821476
  ],
  ""type"": ""Point""
}",-83.196651364,42.4088214760001
10744,9748605,RYAN,8 MILE,2016-07-14,14,7,2016,17,5,4,3,,4,0,,1,1,1,30,4,2,2,5,0,0,0,0,true,,false,false,false,false,false,,,,,,false,false,false,,,false,false,false,false,false,-83.06387,42.44723,"{
  ""coordinates"": [
    -8.306386729400000e+01,
    4.244722782000010e+01
  ],
  ""type"": ""Point""
}","{
  ""coordinates"": [
    -83.063867294,
    42.44722782
  ],
  ""type"": ""Point""
}",-83.063867294,42.4472278200001
10745,9754054,M-39,LYNDON,2016-07-14,14,7,2016,8,5,5,3,,1,0,,1,2,1,55,3,2,2,4,0,0,0,1,false,,false,false,true,false,false,,,,,,false,false,true,,,false,false,false,false,false,-83.21783,42.39244,"{
  ""coordinates"": [
    -8.321782589199999e+01,
    4.239244621900010e+01
  ],
  ""type"": ""Point""
}","{
  ""coordinates"": [
    -83.217825892,
    42.392446219
  ],
  ""type"": ""Point""
}",-83.217825892,42.3924462190001
10746,9747633,MENDOTA,ELLIS,2016-07-14,14,7,2016,15,5,9,9,,,0,,1,2,1,25,2,2,0,5,0,0,0,0,true,,false,false,false,false,false,,,,,,false,false,false,,,false,false,false,false,false,-83.16418,42.36115,"{
  ""coordinates"": [
    -8.316417803800000e+01,
    4.236114858800000e+01
  ],
  ""type"": ""Point""
}","{
  ""coordinates"": [
    -83.164178038,
    42.361148588
  ],
  ""type"": ""Point""
}",-83.164178038,42.361148588
10747,9747666,PURITAN,GREENLAWN,2016-07-14,14,7,2016,3,5,8,9,,4,0,,1,1,4,30,2,2,2,3,0,0,2,0,false,,false,false,false,false,false,,,,,,false,false,true,,,false,false,false,false,false,-83.15089,42.4098,"{
  ""coordinates"": [
    -8.315088761399990e+01,
    4.240979743000000e+01
  ],
  ""type"": ""Point""
}","{
  ""coordinates"": [
    -83.150887614,
    42.40979743
  ],
  ""type"": ""Point""
}",-83.1508876139999,42.40979743
10748,9746776,LARNED,SAINT AUBIN,2016-07-14,14,7,2016,0,5,1,9,,4,1,,1,1,4,30,6,1,2,2,0,1,0,1,false,,false,false,false,true,true,,,,,,false,false,false,,,false,false,false,false,false,-83.02728,42.33717,"{
  ""coordinates"": [
    -8.302727301199999e+01,
    4.233716955700000e+01
  ],
  ""type"": ""Point""
}","{
  ""coordinates"": [
    -83.027273012,
    42.337169557
  ],
  ""type"": ""Point""
}",-83.027273012,42.337169557
10749,9758513,GRATIOT,MOUNT ELLIOTT,2016-07-14,14,7,2016,19,5,4,3,,1,0,,1,1,1,35,3,2,4,4,0,0,0,1,false,,true,true,false,false,false,,,,,,false,false,false,,,false,false,false,false,false,-83.02399,42.36478,"{
  ""coordinates"": [
    -8.302398832900001e+01,
    4.236478132300000e+01
  ],
  ""type"": ""Point""
}","{
  ""coordinates"": [
    -83.023988329,
    42.364781323
  ],
  ""type"": ""Point""
}",-83.023988329,42.364781323
10750,9752995,I-75,SCOTTEN,2016-07-14,14,7,2016,7,5,97,1,,4,0,,1,1,1,55,4,2,2,5,0,0,0,0,true,,false,false,false,false,false,,,,,,false,false,true,,,false,false,false,false,false,-83.08861,42.31498,"{
  ""coordinates"": [
    -8.308861135799999e+01,
    4.231498309800000e+01
  ],
  ""type"": ""Point""
}","{
  ""coordinates"": [
    -83.088611358,
    42.314983098
  ],
  ""type"": ""Point""
}",-83.088611358,42.314983098
10751,9752315,PENNSYLVANIA,CANFIELD,2016-07-14,14,7,2016,14,5,97,9,,,0,,1,1,1,30,1,2,1,5,0,0,0,0,true,,true,false,false,false,false,,,,,,false,false,false,,,false,false,true,false,false,-82.99541,42.37809,"{
  ""coordinates"": [
    -8.299540666599999e+01,
    4.237808713600000e+01
  ],
  ""type"": ""Point""
}","{
  ""coordinates"": [
    -82.995406666,
    42.378087136
  ],
  ""type"": ""Point""
}",-82.995406666,42.378087136
10752,9749773,MORANG,FAIRCREST,2016-07-14,14,7,2016,14,5,97,9,,4,0,,1,1,1,30,2,3,2,4,0,0,0,1,false,,false,false,false,false,false,,,,,,false,false,true,,,false,false,false,false,false,-82.95967,42.43196,"{
  ""coordinates"": [
    -8.295967451500000e+01,
    4.243196675800000e+01
  ],
  ""type"": ""Point""
}","{
  ""coordinates"": [
    -82.959674515,
    42.431966758
  ],
  ""type"": ""Point""
}",-82.959674515,42.431966758
10753,9747641,DAVENPORT,CASS,2016-07-14,14,7,2016,10,5,98,9,,,0,,1,1,1,25,2,2,0,5,0,0,0,0,true,,false,false,true,false,false,,,,,,false,false,false,,,false,false,false,false,false,-83.0608,42.34628,"{
  ""coordinates"": [
    -8.306079486999990e+01,
    4.234628159100000e+01
  ],
  ""type"": ""Point""
}","{
  ""coordinates"": [
    -83.06079487,
    42.346281591
  ],
  ""type"": ""Point""
}",-83.0607948699999,42.346281591
10754,9750550,GOLDNER,MICHIGAN,2016-07-14,14,7,2016,17,5,4,2,,,0,,1,1,1,25,1,2,2,5,0,0,0,0,true,,false,false,false,false,false,,,,,,false,false,true,,,false,false,false,false,false,-83.10725,42.33102,"{
  ""coordinates"": [
    -8.310725160699999e+01,
    4.233101962300000e+01
  ],
  ""type"": ""Point""
}","{
  ""coordinates"": [
    -83.107251607,
    42.331019623
  ],
  ""type"": ""Point""
}",-83.107251607,42.331019623
10755,9747657,MOROSS,E I 94,2016-07-14,14,7,2016,13,5,9,9,,2,2,,1,1,1,30,2,2,2,5,0,0,0,0,true,,false,false,true,false,false,,,,,,false,false,false,,,false,false,false,false,false,-82.92842,42.42465,"{
  ""coordinates"": [
    -8.292841766200000e+01,
    4.242464870900010e+01
  ],
  ""type"": ""Point""
}","{
  ""coordinates"": [
    -82.928417662,
    42.424648709
  ],
  ""type"": ""Point""
}",-82.928417662,42.4246487090001
10756,9747642,THIRD,AMSTERDAM,2016-07-14,14,7,2016,12,5,4,9,,4,0,,1,1,1,25,4,2,2,5,0,0,0,0,true,,false,false,false,false,false,,,,,,false,false,false,,,false,false,false,false,false,-83.07693,42.36465,"{
  ""coordinates"": [
    -8.307692667899990e+01,
    4.236464536400010e+01
  ],
  ""type"": ""Point""
}","{
  ""coordinates"": [
    -83.076926679,
    42.364645364
  ],
  ""type"": ""Point""
}",-83.0769266789999,42.3646453640001
10757,9752998,I 75,MCNICHOLS,2016-07-14,14,7,2016,6,5,1,1,,1,1,,2,1,2,70,4,1,1,5,0,0,0,0,true,,false,false,false,false,false,,,,,,false,false,false,,,false,false,false,false,false,-83.09067,42.42128,"{
  ""coordinates"": [
    -8.309066417299989e+01,
    4.242128221000010e+01
  ],
  ""type"": ""Point""
}","{
  ""coordinates"": [
    -83.090664173,
    42.42128221
  ],
  ""type"": ""Point""
}",-83.0906641729999,42.4212822100001
10758,9768676,N/B I-75,CANFIELD,2016-07-14,14,7,2016,15,5,5,1,,1,0,,1,1,1,55,4,3,3,5,0,0,0,0,true,,false,false,false,false,false,,,,,,false,false,false,,,false,false,false,false,false,-83.05257,42.35836,"{
  ""coordinates"": [
    -8.305257495399999e+01,
    4.235836307300010e+01
  ],
  ""type"": ""Point""
}","{
  ""coordinates"": [
    -83.052574954,
    42.358363073
  ],
  ""type"": ""Point""
}",-83.052574954,42.3583630730001
10759,9748598,8 MILE,BILTMORE,2016-07-14,14,7,2016,11,5,4,3,,1,0,,1,1,1,45,4,2,2,5,0,0,0,0,true,,true,true,false,false,false,,,,,,false,true,true,,,false,false,false,false,false,-83.21274,42.44435,"{
  ""coordinates"": [
    -8.321274038699990e+01,
    4.244434701100000e+01
  ],
  ""type"": ""Point""
}","{
  ""coordinates"": [
    -83.212740387,
    42.444347011
  ],
  ""type"": ""Point""
}",-83.2127403869999,42.444347011
10760,9747638,CROCUSLAWN,MENDOTA,2016-07-14,14,7,2016,14,5,1,9,,,0,,1,1,1,25,4,1,1,2,0,1,0,0,false,,false,false,false,false,false,,,,,,false,false,true,,,false,false,false,false,false,-83.16438,42.36821,"{
  ""coordinates"": [
    -8.316438278699999e+01,
    4.236821414100010e+01
  ],
  ""type"": ""Point""
}","{
  ""coordinates"": [
    -83.164382787,
    42.368214141
  ],
  ""type"": ""Point""
}",-83.164382787,42.3682141410001
10761,9748607,8 MILE,HOOVER,2016-07-14,14,7,2016,17,5,4,3,,1,0,,1,1,1,35,3,2,2,5,0,0,0,0,true,,false,false,false,false,false,,,,,,false,false,false,,,false,false,false,false,false,-83.00764,42.4487,"{
  ""coordinates"": [
    -8.300763999100000e+01,
    4.244870200500000e+01
  ],
  ""type"": ""Point""
}","{
  ""coordinates"": [
    -83.007639991,
    42.448702005
  ],
  ""type"": ""Point""
}",-83.007639991,42.448702005
10762,9747669,MEYERS,FENKELL,2016-07-14,14,7,2016,13,5,8,9,,4,0,,1,1,1,30,6,2,3,5,0,0,0,0,true,,false,false,true,false,false,,,,,,false,true,false,,,false,false,false,false,false,-83.1694,42.40243,"{
  ""coordinates"": [
    -8.316940428399990e+01,
    4.240243066700000e+01
  ],
  ""type"": ""Point""
}","{
  ""coordinates"": [
    -83.169404284,
    42.402430667
  ],
  ""type"": ""Point""
}",-83.1694042839999,42.402430667
10763,9747632,GRAND RIVER,MARK TWAIN,2016-07-14,14,7,2016,7,5,5,3,,1,0,,1,1,1,35,7,2,2,5,0,0,0,0,true,,false,false,false,false,false,,,,,,false,false,false,,,false,false,false,false,false,-83.18615,42.38774,"{
  ""coordinates"": [
    -8.318614891100000e+01,
    4.238773866600010e+01
  ],
  ""type"": ""Point""
}","{
  ""coordinates"": [
    -83.186148911,
    42.387738666
  ],
  ""type"": ""Point""
}",-83.186148911,42.3877386660001
10764,9754058,I-75,CLARK,2016-07-14,14,7,2016,7,5,97,1,,1,0,,1,1,1,55,4,1,2,5,0,0,0,0,true,,false,false,false,false,false,,,,,,false,true,false,,,false,false,false,false,false,-83.08994,42.31411,"{
  ""coordinates"": [
    -8.308994160100001e+01,
    4.231411117100000e+01
  ],
  ""type"": ""Point""
}","{
  ""coordinates"": [
    -83.089941601,
    42.314111171
  ],
  ""type"": ""Point""
}",-83.089941601,42.314111171
10765,9748595,JOY,MANSFIELD,2016-07-14,14,7,2016,10,5,5,9,,2,0,,1,1,1,35,2,2,2,5,0,0,0,0,true,,false,false,false,false,false,,,,,,false,false,false,,,false,false,false,false,false,-83.20288,42.35805,"{
  ""coordinates"": [
    -8.320288189400000e+01,
    4.235805025000010e+01
  ],
  ""type"": ""Point""
}","{
  ""coordinates"": [
    -83.202881894,
    42.35805025
  ],
  ""type"": ""Point""
}",-83.202881894,42.3580502500001
10766,9748611,CHERRYLAWN,CHIPPEWA,2016-07-14,14,7,2016,19,5,4,9,,,0,,1,1,1,25,2,2,2,5,0,0,0,0,true,,false,false,true,false,false,,,,,,false,true,false,,,false,false,false,false,false,-83.15585,42.44103,"{
  ""coordinates"": [
    -8.315584548500000e+01,
    4.244102793400000e+01
  ],
  ""type"": ""Point""
}","{
  ""coordinates"": [
    -83.155845485,
    42.441027934
  ],
  ""type"": ""Point""
}",-83.155845485,42.441027934
10767,9749772,WINSLOW,GRANDRIVER,2016-07-14,14,7,2016,14,5,97,3,,,0,,1,1,1,35,2,2,1,5,0,0,0,0,true,,false,false,false,false,false,,,,,,false,false,false,,,false,false,false,false,false,-83.09917,42.35275,"{
  ""coordinates"": [
    -8.309916942200000e+01,
    4.235274871300000e+01
  ],
  ""type"": ""Point""
}","{
  ""coordinates"": [
    -83.099169422,
    42.352748713
  ],
  ""type"": ""Point""
}",-83.099169422,42.352748713
10768,9748592,HARPER,GRAYTON,2016-07-14,14,7,2016,8,5,8,9,,4,0,,1,1,1,30,2,2,1,5,0,0,0,0,true,,false,false,true,false,false,,,,,,false,false,false,,,false,false,false,false,false,-82.93861,42.41526,"{
  ""coordinates"": [
    -8.293860756799999e+01,
    4.241526281500010e+01
  ],
  ""type"": ""Point""
}","{
  ""coordinates"": [
    -82.938607568,
    42.415262815
  ],
  ""type"": ""Point""
}",-82.938607568,42.4152628150001
10769,9751412,HANCOCK,SECOND,2016-07-14,14,7,2016,23,5,9,9,,,0,,1,1,4,25,2,2,2,5,0,0,0,0,true,,false,false,false,false,false,,,,,,false,false,true,,,false,false,false,false,false,-83.06823,42.3541,"{
  ""coordinates"": [
    -8.306822670199990e+01,
    4.235410438900000e+01
  ],
  ""type"": ""Point""
}","{
  ""coordinates"": [
    -83.068226702,
    42.354104389
  ],
  ""type"": ""Point""
}",-83.0682267019999,42.354104389
10770,9749775,TIREMAN,IRONWOOD,2016-07-14,14,7,2016,20,5,1,9,,4,1,,1,1,1,25,4,1,1,4,0,0,0,1,false,,false,false,false,false,false,,,,,,false,false,false,,,false,false,false,false,false,-83.12167,42.3522,"{
  ""coordinates"": [
    -8.312166849300000e+01,
    4.235219946200000e+01
  ],
  ""type"": ""Point""
}","{
  ""coordinates"": [
    -83.121668493,
    42.352199462
  ],
  ""type"": ""Point""
}",-83.121668493,42.352199462
10771,9754062,I 75,GRAND,2016-07-14,14,7,2016,11,5,1,1,,1,0,,1,1,1,55,4,1,1,5,0,0,0,0,true,,false,false,false,false,false,,,,,,false,false,false,,,false,false,false,false,false,-83.05984,42.37413,"{
  ""coordinates"": [
    -8.305983391400000e+01,
    4.237412883500010e+01
  ],
  ""type"": ""Point""
}","{
  ""coordinates"": [
    -83.059833914,
    42.374128835
  ],
  ""type"": ""Point""
}",-83.059833914,42.3741288350001
10772,9755909,7 MILE,ROBSON,2016-07-14,14,7,2016,11,5,9,9,,2,0,,1,2,1,30,6,2,2,4,0,0,0,1,false,,false,false,true,false,false,,,,,,false,false,false,,,false,false,false,false,false,-83.19381,42.4306,"{
  ""coordinates"": [
    -8.319380634399990e+01,
    4.243059358300010e+01
  ],
  ""type"": ""Point""
}","{
  ""coordinates"": [
    -83.193806344,
    42.430593583
  ],
  ""type"": ""Point""
}",-83.1938063439999,42.4305935830001