ObjectId,Crash ID,Primary Road,Intersecting Road,Crash Date,Day,Month,Year,Hour,Weekday,Crash Type Code,Highway Classification Code,Community Code,Jurisdiction Code,Lane Departure Type Code,Surface Type,Road Condition,Weather Condition,Lighting Condition,Speed Limit,Lanes,Units,Occupants,Most Severe Injury,Fatal Injuries,Suspected Serious Injuries,Suspected Minor Injuries,Possible Injuries,Property Damage Only,Secondary Crash,Traffic Control,Red Light Run,Hit and Run,Alcohol,Drugs,Unbelted Person,Work Zone,Speeding Driver,Distracted Driver,Driveway,Pedestrian,Elderly Driver,Young Driver,Commercial Vehicle,Emergency Vehicles,Train,School Bus,Motorcycle,Bicycle,Deer,Longitude,Latitude,geom,geog,x,y
10887,9745793,HOYT,ROSSINI,2016-07-12,12,7,2016,14,3,4,9,,,0,,1,1,1,25,1,2,1,5,0,0,0,0,true,,false,false,true,false,false,,,,,,false,false,false,,,false,false,false,false,false,-82.98052,42.44317,"{
  ""coordinates"": [
    -8.298052215800000e+01,
    4.244317293600010e+01
  ],
  ""type"": ""Point""
}","{
  ""coordinates"": [
    -82.980522158,
    42.443172936
  ],
  ""type"": ""Point""
}",-82.980522158,42.4431729360001
10888,9755852,I-75,JUNCTION,2016-07-12,12,7,2016,18,3,5,1,,1,0,,1,1,1,70,5,3,4,4,0,0,0,1,false,,false,false,false,false,false,,,,,,false,false,true,,,false,false,false,false,false,-83.09747,42.31118,"{
  ""coordinates"": [
    -8.309747238599989e+01,
    4.231117963600010e+01
  ],
  ""type"": ""Point""
}","{
  ""coordinates"": [
    -83.097472386,
    42.311179636
  ],
  ""type"": ""Point""
}",-83.0974723859999,42.3111796360001
10889,9747671,JOHN R,HANCOCK,2016-07-12,12,7,2016,15,3,4,9,,4,0,,1,1,1,30,5,2,2,5,0,0,0,0,true,,false,false,false,false,false,,,,,,false,false,false,,,false,false,false,false,false,-83.06147,42.35673,"{
  ""coordinates"": [
    -8.306146959800000e+01,
    4.235673062300000e+01
  ],
  ""type"": ""Point""
}","{
  ""coordinates"": [
    -83.061469598,
    42.356730623
  ],
  ""type"": ""Point""
}",-83.061469598,42.356730623
10890,9746745,E I 96,ELMHURST,2016-07-12,12,7,2016,3,3,1,1,,1,1,,1,1,4,70,4,1,1,4,0,0,0,1,false,,false,false,false,false,false,,,,,,false,false,true,,,false,false,false,false,false,-83.14645,42.376,"{
  ""coordinates"": [
    -8.314645632900000e+01,
    4.237600483900010e+01
  ],
  ""type"": ""Point""
}","{
  ""coordinates"": [
    -83.146456329,
    42.376004839
  ],
  ""type"": ""Point""
}",-83.146456329,42.3760048390001
10891,9751418,WOODWARD,FERRY,2016-07-12,12,7,2016,13,3,5,3,,1,0,,1,1,1,25,3,3,5,4,0,0,0,1,false,,false,false,false,false,false,,,,,,false,false,false,,,false,false,false,false,false,-83.0671,42.36104,"{
  ""coordinates"": [
    -8.306709958300000e+01,
    4.236104235900010e+01
  ],
  ""type"": ""Point""
}","{
  ""coordinates"": [
    -83.067099583,
    42.361042359
  ],
  ""type"": ""Point""
}",-83.067099583,42.3610423590001
10892,9746780,BURT,PURITAN,2016-07-12,12,7,2016,19,3,4,9,,4,0,,1,1,1,25,4,2,3,4,0,0,0,3,false,,false,false,true,false,false,,,,,,false,false,false,,,false,false,false,false,false,-83.24743,42.40773,"{
  ""coordinates"": [
    -8.324742873000000e+01,
    4.240773548700000e+01
  ],
  ""type"": ""Point""
}","{
  ""coordinates"": [
    -83.24742873,
    42.407735487
  ],
  ""type"": ""Point""
}",-83.24742873,42.407735487
10893,9745764,WYOMING,DAVISON,2016-07-12,12,7,2016,9,3,1,9,,4,0,,1,1,1,35,4,1,1,5,0,0,0,0,true,,false,false,false,false,false,,,,,,false,true,false,,,false,false,false,false,false,-83.15899,42.38604,"{
  ""coordinates"": [
    -8.315898850300000e+01,
    4.238603704100010e+01
  ],
  ""type"": ""Point""
}","{
  ""coordinates"": [
    -83.158988503,
    42.386037041
  ],
  ""type"": ""Point""
}",-83.158988503,42.3860370410001
10894,9763116,I 94,VAN DYKE,2016-07-12,12,7,2016,3,3,1,1,,1,1,,1,1,5,55,3,1,1,5,0,0,0,0,true,,false,false,true,false,false,,,,,,false,false,false,,,false,false,false,false,false,-83.02378,42.38526,"{
  ""coordinates"": [
    -8.302378333199989e+01,
    4.238526012800000e+01
  ],
  ""type"": ""Point""
}","{
  ""coordinates"": [
    -83.023783332,
    42.385260128
  ],
  ""type"": ""Point""
}",-83.0237833319999,42.385260128
10895,9746788,7 MILE,VEECH,2016-07-12,12,7,2016,17,3,97,9,,4,0,,1,1,1,35,2,2,4,5,0,0,0,0,true,,false,false,false,false,false,,,,,,false,false,false,,,false,false,false,false,false,-83.02132,42.43402,"{
  ""coordinates"": [
    -8.302132451800000e+01,
    4.243402297400010e+01
  ],
  ""type"": ""Point""
}","{
  ""coordinates"": [
    -83.021324518,
    42.434022974
  ],
  ""type"": ""Point""
}",-83.021324518,42.4340229740001
10896,9747635,GRAND RIVER,BIRWOOD,2016-07-12,12,7,2016,22,3,5,3,,1,0,,1,1,4,30,7,2,1,5,0,0,0,0,true,,false,false,true,false,false,,,,,,false,false,false,,,false,false,false,false,false,-83.16351,42.37862,"{
  ""coordinates"": [
    -8.316351342500000e+01,
    4.237862235200000e+01
  ],
  ""type"": ""Point""
}","{
  ""coordinates"": [
    -83.163513425,
    42.378622352
  ],
  ""type"": ""Point""
}",-83.163513425,42.378622352
10897,9745802,NETT,VAN DYKE,2016-07-12,12,7,2016,12,3,5,3,,,0,,1,1,1,25,1,2,1,5,0,0,0,0,true,,false,false,false,false,false,,,,,,false,false,false,,,false,false,false,false,false,-83.02325,42.39807,"{
  ""coordinates"": [
    -8.302325234100000e+01,
    4.239807209800010e+01
  ],
  ""type"": ""Point""
}","{
  ""coordinates"": [
    -83.023252341,
    42.398072098
  ],
  ""type"": ""Point""
}",-83.023252341,42.3980720980001
10898,9749714,M-10,OAKMAN,2016-07-12,12,7,2016,10,3,1,3,,1,0,,1,1,1,55,4,1,1,3,0,0,1,0,false,,false,false,false,false,false,,,,,,false,true,false,,,false,false,false,false,false,-83.11513,42.4014,"{
  ""coordinates"": [
    -8.311512708399989e+01,
    4.240139975200000e+01
  ],
  ""type"": ""Point""
}","{
  ""coordinates"": [
    -83.115127084,
    42.401399752
  ],
  ""type"": ""Point""
}",-83.1151270839999,42.401399752
10899,9745809,LIVERNOIS,8 MILE,2016-07-12,12,7,2016,12,3,8,9,,4,0,,1,1,1,30,4,2,5,5,0,0,0,0,true,,false,false,false,false,false,,,,,,false,false,true,,,false,false,false,false,false,-83.14211,42.44555,"{
  ""coordinates"": [
    -8.314210518599999e+01,
    4.244554343400010e+01
  ],
  ""type"": ""Point""
}","{
  ""coordinates"": [
    -83.142105186,
    42.445543434
  ],
  ""type"": ""Point""
}",-83.142105186,42.4455434340001
10900,9750570,GRANDY,WARREN,2016-07-12,12,7,2016,18,3,4,9,,,0,,1,1,1,25,2,2,3,2,0,1,0,0,false,,false,false,true,false,false,,,,,,false,false,false,,,false,false,false,false,false,-83.03874,42.36644,"{
  ""coordinates"": [
    -8.303874255400000e+01,
    4.236643777100010e+01
  ],
  ""type"": ""Point""
}","{
  ""coordinates"": [
    -83.038742554,
    42.366437771
  ],
  ""type"": ""Point""
}",-83.038742554,42.3664377710001
10901,9745805,PREST,PEMBROKE,2016-07-12,12,7,2016,1,3,9,9,,,0,,1,1,4,25,2,2,1,5,0,0,0,0,true,,false,false,true,false,false,,,,,,false,false,false,,,false,false,false,false,false,-83.19897,42.4375,"{
  ""coordinates"": [
    -8.319896867900000e+01,
    4.243749638900000e+01
  ],
  ""type"": ""Point""
}","{
  ""coordinates"": [
    -83.198968679,
    42.437496389
  ],
  ""type"": ""Point""
}",-83.198968679,42.437496389
10902,9745780,EVERGREEN,MCNICHOLS,2016-07-12,12,7,2016,17,3,97,9,,4,0,,1,1,1,35,4,2,1,5,0,0,0,0,true,,false,false,true,false,false,,,,,,false,false,false,,,false,false,false,false,false,-83.23826,42.41656,"{
  ""coordinates"": [
    -8.323825972100001e+01,
    4.241655911700010e+01
  ],
  ""type"": ""Point""
}","{
  ""coordinates"": [
    -83.238259721,
    42.416559117
  ],
  ""type"": ""Point""
}",-83.238259721,42.4165591170001
10903,9745790,GRATIOT,VERNOR,2016-07-12,12,7,2016,6,3,8,3,,1,0,,1,1,1,35,8,2,1,5,0,0,0,0,true,,false,false,false,false,false,,,,,,false,false,false,,,false,false,false,false,false,-83.03471,42.34875,"{
  ""coordinates"": [
    -8.303471200000000e+01,
    4.234874582600000e+01
  ],
  ""type"": ""Point""
}","{
  ""coordinates"": [
    -83.034712,
    42.348745826
  ],
  ""type"": ""Point""
}",-83.034712,42.348745826
10904,9745806,OUTER,PRAIRIE,2016-07-12,12,7,2016,10,3,4,9,,2,0,,1,1,1,30,4,2,1,5,0,0,0,0,true,,false,false,true,false,false,,,,,,false,false,true,,,false,false,false,false,false,-83.14561,42.43505,"{
  ""coordinates"": [
    -8.314560594900000e+01,
    4.243505542800010e+01
  ],
  ""type"": ""Point""
}","{
  ""coordinates"": [
    -83.145605949,
    42.435055428
  ],
  ""type"": ""Point""
}",-83.145605949,42.4350554280001
10905,9745755,S M 10,LINWOOD,2016-07-12,12,7,2016,7,3,5,3,,1,0,,1,1,1,55,3,2,2,5,0,0,0,0,true,,false,false,false,false,false,,,,,,false,false,false,,,false,false,false,false,false,-83.12749,42.40508,"{
  ""coordinates"": [
    -8.312749012599990e+01,
    4.240507626500000e+01
  ],
  ""type"": ""Point""
}","{
  ""coordinates"": [
    -83.127490126,
    42.405076265
  ],
  ""type"": ""Point""
}",-83.1274901259999,42.405076265
10906,9748608,CANYON,WARREN,2016-07-12,12,7,2016,9,3,97,9,,,0,,1,1,1,25,2,2,2,5,0,0,0,0,true,,true,true,true,false,false,,,,,,false,false,false,,,false,false,false,false,false,-82.91525,42.41146,"{
  ""coordinates"": [
    -8.291524445899999e+01,
    4.241146363400000e+01
  ],
  ""type"": ""Point""
}","{
  ""coordinates"": [
    -82.915244459,
    42.411463634
  ],
  ""type"": ""Point""
}",-82.915244459,42.411463634
10907,9745813,WYOMING,7 MILE,2016-07-12,12,7,2016,18,3,3,9,,4,0,,1,1,1,30,4,2,3,4,0,0,0,2,false,,false,false,true,false,false,,,,,,false,false,false,,,false,false,false,false,false,-83.16098,42.43148,"{
  ""coordinates"": [
    -8.316098020100000e+01,
    4.243147528400000e+01
  ],
  ""type"": ""Point""
}","{
  ""coordinates"": [
    -83.160980201,
    42.431475284
  ],
  ""type"": ""Point""
}",-83.160980201,42.431475284
10908,9745810,7 MILE,COYLE,2016-07-12,12,7,2016,14,3,8,9,,2,0,,1,1,1,35,4,2,5,5,0,0,0,0,true,,false,false,false,false,false,,,,,,false,false,false,,,false,false,false,false,false,-83.19476,42.43056,"{
  ""coordinates"": [
    -8.319476134099990e+01,
    4.243056164300000e+01
  ],
  ""type"": ""Point""
}","{
  ""coordinates"": [
    -83.194761341,
    42.430561643
  ],
  ""type"": ""Point""
}",-83.1947613409999,42.430561643
10909,9758469,LAFAYETTE,GRISWOLD,2016-07-12,12,7,2016,15,3,97,9,,4,0,,1,1,1,25,2,3,1,5,0,0,0,0,true,,false,false,true,false,false,,,,,,false,false,true,,,false,false,false,false,false,-83.04845,42.33143,"{
  ""coordinates"": [
    -8.304844354700001e+01,
    4.233143228500010e+01
  ],
  ""type"": ""Point""
}","{
  ""coordinates"": [
    -83.048443547,
    42.331432285
  ],
  ""type"": ""Point""
}",-83.048443547,42.3314322850001
10910,9747647,CAVALRY,VERNOR,2016-07-12,12,7,2016,12,3,8,9,,,0,,1,1,1,25,2,2,2,5,0,0,0,0,true,,false,false,false,false,false,,,,,,false,false,false,,,false,false,false,false,false,-83.10583,42.31649,"{
  ""coordinates"": [
    -8.310582969099990e+01,
    4.231649153100010e+01
  ],
  ""type"": ""Point""
}","{
  ""coordinates"": [
    -83.105829691,
    42.316491531
  ],
  ""type"": ""Point""
}",-83.1058296909999,42.3164915310001
10911,9746763,S I 75,SPRINGWELLS,2016-07-12,12,7,2016,15,3,8,1,,1,0,,1,1,1,25,2,2,1,2,0,1,0,0,false,,false,false,true,false,false,,,,,,false,false,false,,,false,false,false,false,false,-83.11926,42.30159,"{
  ""coordinates"": [
    -8.311925632700000e+01,
    4.230159266600000e+01
  ],
  ""type"": ""Point""
}","{
  ""coordinates"": [
    -83.119256327,
    42.301592666
  ],
  ""type"": ""Point""
}",-83.119256327,42.301592666
10912,9746770,WHITTIER,GREENSBORO,2016-07-12,12,7,2016,13,3,3,9,,4,0,,1,1,1,25,2,2,3,4,0,0,0,2,false,,false,false,false,false,false,,,,,,false,true,false,,,false,false,false,false,false,-82.95225,42.4166,"{
  ""coordinates"": [
    -8.295224728499990e+01,
    4.241660110000000e+01
  ],
  ""type"": ""Point""
}","{
  ""coordinates"": [
    -82.952247285,
    42.4166011
  ],
  ""type"": ""Point""
}",-82.9522472849999,42.4166011
10913,9745769,RANDOLPH,CONGRESS,2016-07-12,12,7,2016,0,3,4,3,,1,0,,1,1,4,35,3,2,4,5,0,0,0,0,true,,true,true,false,false,false,,,,,,false,false,false,,,false,false,false,false,false,-83.04333,42.33126,"{
  ""coordinates"": [
    -8.304333054700000e+01,
    4.233126163100010e+01
  ],
  ""type"": ""Point""
}","{
  ""coordinates"": [
    -83.043330547,
    42.331261631
  ],
  ""type"": ""Point""
}",-83.043330547,42.3312616310001
10914,9749722,I-75,BRUSH,2016-07-12,12,7,2016,17,3,8,1,,1,0,,1,1,1,55,2,2,2,5,0,0,0,0,true,,false,false,false,false,false,,,,,,false,false,true,,,false,false,false,false,false,-83.04951,42.34122,"{
  ""coordinates"": [
    -8.304950791600000e+01,
    4.234122409000000e+01
  ],
  ""type"": ""Point""
}","{
  ""coordinates"": [
    -83.049507916,
    42.34122409
  ],
  ""type"": ""Point""
}",-83.049507916,42.34122409
10915,9745801,VAN DYKE,LYNCH,2016-07-12,12,7,2016,2,3,9,3,,1,2,,1,1,4,35,5,2,1,5,0,0,0,0,true,,false,false,true,false,false,,,,,,false,false,false,,,false,false,false,false,false,-83.02309,42.40361,"{
  ""coordinates"": [
    -8.302309590700000e+01,
    4.240360902500000e+01
  ],
  ""type"": ""Point""
}","{
  ""coordinates"": [
    -83.023095907,
    42.403609025
  ],
  ""type"": ""Point""
}",-83.023095907,42.403609025
10916,9749715,RAMP 135E,EVERGREEN,2016-07-12,12,7,2016,13,3,5,1,,1,0,,1,1,1,55,1,2,2,5,0,0,0,0,true,,false,false,false,false,false,,,,,,false,false,false,,,false,false,false,false,false,-83.23806,42.38268,"{
  ""coordinates"": [
    -8.323805828899999e+01,
    4.238267878300010e+01
  ],
  ""type"": ""Point""
}","{
  ""coordinates"": [
    -83.238058289,
    42.382678783
  ],
  ""type"": ""Point""
}",-83.238058289,42.3826787830001
10917,9747651,W I 94 SERVICE DRIVE,OUTER,2016-07-12,12,7,2016,23,3,1,9,,7,1,,2,4,4,0,2,1,1,1,1,0,0,0,false,,false,false,false,true,true,,,,,,false,false,false,,,false,false,false,false,false,-82.96073,42.40522,"{
  ""coordinates"": [
    -8.296073010100000e+01,
    4.240521730500010e+01
  ],
  ""type"": ""Point""
}","{
  ""coordinates"": [
    -82.960730101,
    42.405217305
  ],
  ""type"": ""Point""
}",-82.960730101,42.4052173050001
10918,9751361,GRAND,HAMILTON,2016-07-12,12,7,2016,15,3,5,9,,4,0,,1,1,1,25,3,2,3,5,0,0,0,0,true,,false,false,false,false,false,,,,,,false,true,false,,,false,false,false,false,false,-83.08231,42.367,"{
  ""coordinates"": [
    -8.308230361299999e+01,
    4.236700340300010e+01
  ],
  ""type"": ""Point""
}","{
  ""coordinates"": [
    -83.082303613,
    42.367003403
  ],
  ""type"": ""Point""
}",-83.082303613,42.3670034030001
10919,9746760,GRATIOT,BROADWAY,2016-07-12,12,7,2016,8,3,8,9,,4,0,,1,1,1,35,4,2,2,5,0,0,0,0,true,,false,false,false,false,false,,,,,,false,true,false,,,false,false,false,false,false,-83.04565,42.33466,"{
  ""coordinates"": [
    -8.304564573099999e+01,
    4.233466342700010e+01
  ],
  ""type"": ""Point""
}","{
  ""coordinates"": [
    -83.045645731,
    42.334663427
  ],
  ""type"": ""Point""
}",-83.045645731,42.3346634270001
10920,9745791,VERNOR,PARKER,2016-07-12,12,7,2016,11,3,4,9,,4,0,,1,1,1,30,3,2,3,4,0,0,0,1,false,,false,false,false,false,false,,,,,,false,false,false,,,false,false,false,false,false,-83.00042,42.36085,"{
  ""coordinates"": [
    -8.300041893100000e+01,
    4.236085083400010e+01
  ],
  ""type"": ""Point""
}","{
  ""coordinates"": [
    -83.000418931,
    42.360850834
  ],
  ""type"": ""Point""
}",-83.000418931,42.3608508340001
10921,9746741,I-75,CLARK,2016-07-12,12,7,2016,2,3,8,1,,1,0,,1,1,4,55,4,2,1,5,0,0,0,0,true,,false,false,true,false,false,,,,,,false,false,false,,,false,false,false,false,false,-83.09526,42.31179,"{
  ""coordinates"": [
    -8.309525872700000e+01,
    4.231178520100010e+01
  ],
  ""type"": ""Point""
}","{
  ""coordinates"": [
    -83.095258727,
    42.311785201
  ],
  ""type"": ""Point""
}",-83.095258727,42.3117852010001
10922,9745761,GREENFIELD,TIREMAN,2016-07-12,12,7,2016,17,3,3,9,,2,0,,1,1,1,35,4,3,3,4,0,0,0,2,false,,false,false,false,false,false,,,,,,false,false,true,,,false,false,false,false,false,-83.19661,42.35109,"{
  ""coordinates"": [
    -8.319661190999990e+01,
    4.235109036200000e+01
  ],
  ""type"": ""Point""
}","{
  ""coordinates"": [
    -83.19661191,
    42.351090362
  ],
  ""type"": ""Point""
}",-83.1966119099999,42.351090362
10923,9751416,CASS,CANFIELD,2016-07-11,11,7,2016,17,2,8,9,,4,0,,1,1,1,30,2,2,2,5,0,0,0,0,true,,false,false,true,false,false,,,,,,false,false,true,,,false,false,false,false,false,-83.06416,42.35163,"{
  ""coordinates"": [
    -8.306416336099990e+01,
    4.235163361500000e+01
  ],
  ""type"": ""Point""
}","{
  ""coordinates"": [
    -83.064163361,
    42.351633615
  ],
  ""type"": ""Point""
}",-83.0641633609999,42.351633615
10924,9745792,7 MILE,GREENVIEW,2016-07-11,11,7,2016,17,2,5,9,,2,0,,1,1,1,35,2,2,2,4,0,0,0,2,false,,false,false,false,false,false,,,,,,false,false,true,,,false,false,false,false,false,-83.22524,42.4299,"{
  ""coordinates"": [
    -8.322524598599990e+01,
    4.242990331600000e+01
  ],
  ""type"": ""Point""
}","{
  ""coordinates"": [
    -83.225245986,
    42.429903316
  ],
  ""type"": ""Point""
}",-83.2252459859999,42.429903316
10925,9744800,JOY,LIVERNOIS,2016-07-11,11,7,2016,11,2,8,9,,4,0,,1,1,1,30,2,2,2,5,0,0,0,0,true,,false,false,false,false,false,,,,,,false,false,false,,,false,false,false,false,false,-83.13847,42.35937,"{
  ""coordinates"": [
    -8.313846218399991e+01,
    4.235936651900000e+01
  ],
  ""type"": ""Point""
}","{
  ""coordinates"": [
    -83.138462184,
    42.359366519
  ],
  ""type"": ""Point""
}",-83.1384621839999,42.359366519
10926,9745757,I-94,I-96,2016-07-11,11,7,2016,11,2,97,1,,1,0,,1,2,1,55,3,2,2,5,0,0,0,0,true,,false,false,false,false,false,,,,,,false,false,false,,,false,false,false,false,false,-83.09,42.35297,"{
  ""coordinates"": [
    -8.308999554000000e+01,
    4.235296910700000e+01
  ],
  ""type"": ""Point""
}","{
  ""coordinates"": [
    -83.08999554,
    42.352969107
  ],
  ""type"": ""Point""
}",-83.08999554,42.352969107
10927,9744848,OUTER,MCNICHOLS,2016-07-11,11,7,2016,9,2,5,9,,2,0,,1,1,1,30,4,2,4,5,0,0,0,0,true,,false,false,false,false,false,,,,,,false,true,false,,,false,false,false,false,false,-83.01369,42.42004,"{
  ""coordinates"": [
    -8.301369390900000e+01,
    4.242003796400010e+01
  ],
  ""type"": ""Point""
}","{
  ""coordinates"": [
    -83.013693909,
    42.420037964
  ],
  ""type"": ""Point""
}",-83.013693909,42.4200379640001
10928,9757545,OUTER,N M 39,2016-07-11,11,7,2016,21,2,4,9,,2,0,,1,1,1,35,2,2,4,4,0,0,0,1,false,,false,false,false,false,false,,,,,,false,false,false,,,false,false,false,false,false,-83.21888,42.41927,"{
  ""coordinates"": [
    -8.321888004499991e+01,
    4.241926463300010e+01
  ],
  ""type"": ""Point""
}","{
  ""coordinates"": [
    -83.218880045,
    42.419264633
  ],
  ""type"": ""Point""
}",-83.2188800449999,42.4192646330001
10929,9764042,TERRY,ELMIRA,2016-07-11,11,7,2016,17,2,8,9,,,0,,1,1,1,25,2,2,1,5,0,0,0,0,true,,false,false,false,false,false,,,,,,false,false,false,,,false,false,false,false,false,-83.19093,42.37047,"{
  ""coordinates"": [
    -8.319092290600000e+01,
    4.237046804100000e+01
  ],
  ""type"": ""Point""
}","{
  ""coordinates"": [
    -83.190922906,
    42.370468041
  ],
  ""type"": ""Point""
}",-83.190922906,42.370468041
10930,9744850,7 MILE,ROGGE,2016-07-11,11,7,2016,13,2,5,9,,4,0,,1,1,1,25,4,2,2,5,0,0,0,0,true,,false,false,false,false,false,,,,,,false,false,false,,,false,false,false,false,false,-83.0293,42.43386,"{
  ""coordinates"": [
    -8.302929733199990e+01,
    4.243386492400000e+01
  ],
  ""type"": ""Point""
}","{
  ""coordinates"": [
    -83.029297332,
    42.433864924
  ],
  ""type"": ""Point""
}",-83.0292973319999,42.433864924
10931,9744781,M-10,ROSA PARKS,2016-07-11,11,7,2016,19,2,1,3,,1,0,,1,1,1,55,3,1,1,5,0,0,0,0,true,,false,false,false,false,false,,,,,,false,false,false,,,false,false,false,false,false,-83.13219,42.40497,"{
  ""coordinates"": [
    -8.313219341800000e+01,
    4.240496666500010e+01
  ],
  ""type"": ""Point""
}","{
  ""coordinates"": [
    -83.132193418,
    42.404966665
  ],
  ""type"": ""Point""
}",-83.132193418,42.4049666650001
10932,9757602,MACK,WOODWARD,2016-07-11,11,7,2016,9,2,4,3,,4,0,,1,1,1,30,3,2,2,5,0,0,0,0,true,,false,false,true,false,false,,,,,,false,false,false,,,false,false,false,false,false,-83.05766,42.34768,"{
  ""coordinates"": [
    -8.305765405499990e+01,
    4.234767530400010e+01
  ],
  ""type"": ""Point""
}","{
  ""coordinates"": [
    -83.057654055,
    42.347675304
  ],
  ""type"": ""Point""
}",-83.0576540549999,42.3476753040001
10933,9746750,GRANDVILLE,DOVER,2016-07-11,11,7,2016,3,2,97,9,,,1,,1,1,4,25,2,1,0,5,0,0,0,0,true,,false,false,true,false,false,,,,,,false,false,false,,,false,false,false,false,false,-83.22991,42.35983,"{
  ""coordinates"": [
    -8.322990825200000e+01,
    4.235982330600010e+01
  ],
  ""type"": ""Point""
}","{
  ""coordinates"": [
    -83.229908252,
    42.359823306
  ],
  ""type"": ""Point""
}",-83.229908252,42.3598233060001
10934,9744808,PURITAN,GREYDALE,2016-07-11,11,7,2016,12,2,5,9,,,0,,1,1,1,25,1,2,1,5,0,0,0,0,true,,false,false,true,false,false,,,,,,false,false,false,,,false,false,false,false,false,-83.25646,42.40748,"{
  ""coordinates"": [
    -8.325646275900000e+01,
    4.240747712700000e+01
  ],
  ""type"": ""Point""
}","{
  ""coordinates"": [
    -83.256462759,
    42.407477127
  ],
  ""type"": ""Point""
}",-83.256462759,42.407477127
10935,9746759,WARREN,N I 75,2016-07-11,11,7,2016,11,2,97,9,,4,0,,1,1,1,35,4,3,5,5,0,0,0,0,true,,false,false,false,false,false,,,,,,false,true,false,,,false,false,false,false,false,-83.05405,42.36089,"{
  ""coordinates"": [
    -8.305405740299990e+01,
    4.236089359600000e+01
  ],
  ""type"": ""Point""
}","{
  ""coordinates"": [
    -83.054057403,
    42.360893596
  ],
  ""type"": ""Point""
}",-83.0540574029999,42.360893596
10936,9744861,PURITAN,LIVERNOIS,2016-07-11,11,7,2016,18,2,8,9,,4,0,,1,1,1,30,4,2,3,5,0,0,0,0,true,,false,false,true,false,false,,,,,,false,true,false,,,false,false,false,false,false,-83.14043,42.4099,"{
  ""coordinates"": [
    -8.314042436100000e+01,
    4.240990442400000e+01
  ],
  ""type"": ""Point""
}","{
  ""coordinates"": [
    -83.140424361,
    42.409904424
  ],
  ""type"": ""Point""
}",-83.140424361,42.409904424
10937,9745795,CONNER,WARREN,2016-07-11,11,7,2016,23,2,5,9,,4,0,,1,1,4,30,5,2,4,5,0,0,0,0,true,,false,false,false,false,false,,,,,,false,false,false,,,false,false,false,false,false,-82.97627,42.38936,"{
  ""coordinates"": [
    -8.297627606099999e+01,
    4.238936041900010e+01
  ],
  ""type"": ""Point""
}","{
  ""coordinates"": [
    -82.976276061,
    42.389360419
  ],
  ""type"": ""Point""
}",-82.976276061,42.3893604190001
10938,9747652,MACK,MT ELLOIT,2016-07-11,11,7,2016,14,2,9,9,,4,0,,1,1,1,0,2,2,2,2,0,1,1,0,false,,false,false,false,false,false,,,,,,false,false,false,,,false,false,false,false,false,-83.02184,42.36121,"{
  ""coordinates"": [
    -8.302183226800000e+01,
    4.236120688800000e+01
  ],
  ""type"": ""Point""
}","{
  ""coordinates"": [
    -83.021832268,
    42.361206888
  ],
  ""type"": ""Point""
}",-83.021832268,42.361206888
10939,9744807,RUSSELL,DIVISION,2016-07-11,11,7,2016,18,2,98,9,,4,3,,1,1,1,25,2,2,0,5,0,0,0,0,true,,false,false,true,false,false,,,,,,false,false,false,,,false,false,false,false,false,-83.04104,42.34723,"{
  ""coordinates"": [
    -8.304103714599999e+01,
    4.234722470900000e+01
  ],
  ""type"": ""Point""
}","{
  ""coordinates"": [
    -83.041037146,
    42.347224709
  ],
  ""type"": ""Point""
}",-83.041037146,42.347224709
10940,9744847,7 MILE,RYAN,2016-07-11,11,7,2016,10,2,5,9,,4,0,,1,1,1,30,4,2,2,5,0,0,0,0,true,,false,false,false,false,false,,,,,,false,false,true,,,false,false,false,false,false,-83.06284,42.43314,"{
  ""coordinates"": [
    -8.306283577999990e+01,
    4.243313425200010e+01
  ],
  ""type"": ""Point""
}","{
  ""coordinates"": [
    -83.06283578,
    42.433134252
  ],
  ""type"": ""Point""
}",-83.0628357799999,42.4331342520001
10941,9744844,8 MILE,VEACH,2016-07-11,11,7,2016,14,2,1,3,,1,0,,1,1,1,40,6,2,2,5,0,0,0,0,true,,false,false,false,false,false,,,,,,false,false,false,,,false,false,false,true,false,-83.02149,42.44825,"{
  ""coordinates"": [
    -8.302149026300000e+01,
    4.244824419400000e+01
  ],
  ""type"": ""Point""
}","{
  ""coordinates"": [
    -83.021490263,
    42.448244194
  ],
  ""type"": ""Point""
}",-83.021490263,42.448244194
10942,9749713,I-75,GRAND,2016-07-11,11,7,2016,16,2,5,1,,1,0,,1,1,1,70,4,2,2,5,0,0,0,0,true,,false,false,false,false,false,,,,,,false,false,true,,,false,false,false,false,false,-83.06113,42.37572,"{
  ""coordinates"": [
    -8.306112309100000e+01,
    4.237572200100000e+01
  ],
  ""type"": ""Point""
}","{
  ""coordinates"": [
    -83.061123091,
    42.375722001
  ],
  ""type"": ""Point""
}",-83.061123091,42.375722001
10943,9745758,I-75,CLAY,2016-07-11,11,7,2016,17,2,5,1,,1,0,,1,2,1,55,4,2,2,5,0,0,0,0,true,,false,false,false,false,false,,,,,,false,false,false,,,false,false,false,false,false,-83.06374,42.37958,"{
  ""coordinates"": [
    -8.306373624199991e+01,
    4.237957727800010e+01
  ],
  ""type"": ""Point""
}","{
  ""coordinates"": [
    -83.063736242,
    42.379577278
  ],
  ""type"": ""Point""
}",-83.0637362419999,42.3795772780001