ObjectId,Crash ID,Primary Road,Intersecting Road,Crash Date,Day,Month,Year,Hour,Weekday,Crash Type Code,Highway Classification Code,Community Code,Jurisdiction Code,Lane Departure Type Code,Surface Type,Road Condition,Weather Condition,Lighting Condition,Speed Limit,Lanes,Units,Occupants,Most Severe Injury,Fatal Injuries,Suspected Serious Injuries,Suspected Minor Injuries,Possible Injuries,Property Damage Only,Secondary Crash,Traffic Control,Red Light Run,Hit and Run,Alcohol,Drugs,Unbelted Person,Work Zone,Speeding Driver,Distracted Driver,Driveway,Pedestrian,Elderly Driver,Young Driver,Commercial Vehicle,Emergency Vehicles,Train,School Bus,Motorcycle,Bicycle,Deer,Longitude,Latitude,geom,geog,x,y
11001,9863521,ROWAN,BEARD,2016-07-10,10,7,2016,20,1,5,9,,,0,,1,1,2,25,2,2,0,5,0,0,0,0,true,,false,false,true,false,false,,,,,,false,false,false,,,false,false,false,false,false,-83.11438,42.30856,"{
  ""coordinates"": [
    -8.311438289700000e+01,
    4.230855921000010e+01
  ],
  ""type"": ""Point""
}","{
  ""coordinates"": [
    -83.114382897,
    42.30855921
  ],
  ""type"": ""Point""
}",-83.114382897,42.3085592100001
11002,9744851,GRIGGS,CURTIS,2016-07-10,10,7,2016,20,1,97,9,,,0,,1,1,1,20,2,2,2,4,0,0,0,2,false,,false,false,true,false,false,,,,,,false,false,false,,,false,false,false,false,false,-83.16398,42.42453,"{
  ""coordinates"": [
    -8.316398045900000e+01,
    4.242453162400010e+01
  ],
  ""type"": ""Point""
}","{
  ""coordinates"": [
    -83.163980459,
    42.424531624
  ],
  ""type"": ""Point""
}",-83.163980459,42.4245316240001
11003,9743940,SCHOOLCRAFT,CLOVERLAWN,2016-07-10,10,7,2016,0,1,4,9,,4,0,,1,1,4,30,2,2,5,2,0,1,0,0,false,,false,false,true,false,false,,,,,,false,false,false,,,false,false,false,false,false,-83.15189,42.38865,"{
  ""coordinates"": [
    -8.315188581099990e+01,
    4.238864555500000e+01
  ],
  ""type"": ""Point""
}","{
  ""coordinates"": [
    -83.151885811,
    42.388645555
  ],
  ""type"": ""Point""
}",-83.1518858109999,42.388645555
11004,9743907,MEYERS,LYNDON,2016-07-10,10,7,2016,20,1,1,9,,4,0,,1,1,2,30,3,1,1,5,0,0,0,0,true,,false,false,false,false,false,,,,,,false,false,false,,,false,false,false,false,false,-83.16905,42.39523,"{
  ""coordinates"": [
    -8.316905465400001e+01,
    4.239523211700000e+01
  ],
  ""type"": ""Point""
}","{
  ""coordinates"": [
    -83.169054654,
    42.395232117
  ],
  ""type"": ""Point""
}",-83.169054654,42.395232117
11005,9744834,GRAND RIVER,MINOCK,2016-07-10,10,7,2016,20,1,3,3,,1,0,,1,1,1,35,4,2,2,3,0,0,2,0,false,,false,false,false,false,false,,,,,,false,false,false,,,false,false,false,false,false,-83.23401,42.40702,"{
  ""coordinates"": [
    -8.323400783900000e+01,
    4.240702291200010e+01
  ],
  ""type"": ""Point""
}","{
  ""coordinates"": [
    -83.234007839,
    42.407022912
  ],
  ""type"": ""Point""
}",-83.234007839,42.4070229120001
11006,9747624,I-94,MT ELLIOT,2016-07-10,10,7,2016,10,1,97,1,,1,0,,1,1,1,55,3,2,3,5,0,0,0,0,true,,false,false,false,false,false,,,,,,false,true,false,,,false,false,false,false,false,-83.03532,42.37834,"{
  ""coordinates"": [
    -8.303531611400000e+01,
    4.237834197300000e+01
  ],
  ""type"": ""Point""
}","{
  ""coordinates"": [
    -83.035316114,
    42.378341973
  ],
  ""type"": ""Point""
}",-83.035316114,42.378341973
11007,9757915,OUTER,SOUTHFIELD SERVICE DRIVE,2016-07-10,10,7,2016,21,1,4,9,,2,0,,1,1,3,35,2,2,4,5,0,0,0,0,true,,true,true,false,false,false,,,,,,false,false,false,,,false,false,false,false,false,-83.21924,42.41906,"{
  ""coordinates"": [
    -8.321923889300000e+01,
    4.241906426600010e+01
  ],
  ""type"": ""Point""
}","{
  ""coordinates"": [
    -83.219238893,
    42.419064266
  ],
  ""type"": ""Point""
}",-83.219238893,42.4190642660001
11008,9743069,GRAND RIVER,CHOPE,2016-07-10,10,7,2016,2,1,97,3,,1,0,,1,1,4,35,7,2,2,4,0,0,0,1,false,,false,false,false,false,false,,,,,,false,false,true,,,false,false,false,false,false,-83.10374,42.35451,"{
  ""coordinates"": [
    -8.310373834300000e+01,
    4.235450770600000e+01
  ],
  ""type"": ""Point""
}","{
  ""coordinates"": [
    -83.103738343,
    42.354507706
  ],
  ""type"": ""Point""
}",-83.103738343,42.354507706
11009,9744827,SOUTHFIELD FWY SERVICE,CATHEDRAL,2016-07-10,10,7,2016,0,1,8,9,,4,0,,1,1,4,25,2,2,2,3,0,0,1,0,false,,false,false,true,false,false,,,,,,false,false,true,,,false,false,false,false,false,-83.216,42.36151,"{
  ""coordinates"": [
    -8.321599851900000e+01,
    4.236150701400000e+01
  ],
  ""type"": ""Point""
}","{
  ""coordinates"": [
    -83.215998519,
    42.361507014
  ],
  ""type"": ""Point""
}",-83.215998519,42.361507014
11010,9779155,GREENFIELD,ELLIS,2016-07-10,10,7,2016,19,1,8,9,,2,0,,1,1,97,35,4,2,4,5,0,0,0,0,true,,false,false,false,false,false,,,,,,false,false,true,,,false,false,false,false,false,-83.19711,42.36066,"{
  ""coordinates"": [
    -8.319710985200000e+01,
    4.236066601100000e+01
  ],
  ""type"": ""Point""
}","{
  ""coordinates"": [
    -83.197109852,
    42.360666011
  ],
  ""type"": ""Point""
}",-83.197109852,42.360666011
11011,9743913,WOODWARD,CLAIRMOUNT,2016-07-10,10,7,2016,19,1,3,3,,1,0,,1,1,1,40,4,2,1,5,0,0,0,0,true,,true,true,true,false,false,,,,,,false,false,false,,,false,false,false,false,false,-83.08174,42.38283,"{
  ""coordinates"": [
    -8.308173777099999e+01,
    4.238282594800010e+01
  ],
  ""type"": ""Point""
}","{
  ""coordinates"": [
    -83.081737771,
    42.382825948
  ],
  ""type"": ""Point""
}",-83.081737771,42.3828259480001
11012,9743885,I-94,CONNER,2016-07-10,10,7,2016,2,1,5,1,,1,0,,1,2,4,55,3,2,1,4,0,0,0,1,false,,false,false,true,false,false,,,,,,false,false,false,,,false,false,false,false,false,-82.99039,42.39448,"{
  ""coordinates"": [
    -8.299038641999989e+01,
    4.239447628800010e+01
  ],
  ""type"": ""Point""
}","{
  ""coordinates"": [
    -82.99038642,
    42.394476288
  ],
  ""type"": ""Point""
}",-82.9903864199999,42.3944762880001
11013,9743919,MICHIGAN,MARTIN,2016-07-10,10,7,2016,20,1,4,2,,1,0,,1,1,1,35,5,2,3,3,0,0,1,0,false,,false,false,false,false,false,,,,,,false,false,true,,,false,false,false,false,false,-83.12699,42.33115,"{
  ""coordinates"": [
    -8.312699470599991e+01,
    4.233114720400000e+01
  ],
  ""type"": ""Point""
}","{
  ""coordinates"": [
    -83.126994706,
    42.331147204
  ],
  ""type"": ""Point""
}",-83.1269947059999,42.331147204
11014,9777305,CHRYSLER,CLAY,2016-07-10,10,7,2016,13,1,5,1,,4,0,,1,1,1,30,2,2,2,5,0,0,0,0,true,,false,false,false,false,false,,,,,,false,false,false,,,false,false,false,false,false,-83.06231,42.37868,"{
  ""coordinates"": [
    -8.306230864500000e+01,
    4.237868239100000e+01
  ],
  ""type"": ""Point""
}","{
  ""coordinates"": [
    -83.062308645,
    42.378682391
  ],
  ""type"": ""Point""
}",-83.062308645,42.378682391
11015,9744846,7 MILE,S I 75 SERVICE DRIVE,2016-07-10,10,7,2016,17,1,8,9,,4,0,,1,1,1,30,2,2,3,5,0,0,0,0,true,,false,false,false,false,false,,,,,,false,true,false,,,false,false,false,false,false,-83.09557,42.43245,"{
  ""coordinates"": [
    -8.309557420899991e+01,
    4.243244700400000e+01
  ],
  ""type"": ""Point""
}","{
  ""coordinates"": [
    -83.095574209,
    42.432447004
  ],
  ""type"": ""Point""
}",-83.0955742089999,42.432447004
11016,9754098,MCCLELLAN,AGNES,2016-07-10,10,7,2016,4,1,4,9,,4,0,,1,1,4,25,2,2,1,5,0,0,0,0,true,,false,false,true,false,false,,,,,,false,false,true,,,false,false,false,false,false,-82.98574,42.36043,"{
  ""coordinates"": [
    -8.298574220499999e+01,
    4.236043096900000e+01
  ],
  ""type"": ""Point""
}","{
  ""coordinates"": [
    -82.985742205,
    42.360430969
  ],
  ""type"": ""Point""
}",-82.985742205,42.360430969
11017,9743894,E I 96,KENTFIELD,2016-07-10,10,7,2016,0,1,1,1,,1,1,,1,1,4,70,3,1,1,3,0,0,1,0,false,,false,false,false,false,false,,,,,,false,false,false,,,false,false,true,false,false,-83.23994,42.38296,"{
  ""coordinates"": [
    -8.323994590099990e+01,
    4.238296063500010e+01
  ],
  ""type"": ""Point""
}","{
  ""coordinates"": [
    -83.239945901,
    42.382960635
  ],
  ""type"": ""Point""
}",-83.2399459009999,42.3829606350001
11018,9745785,7 MILE,ST MARYS,2016-07-10,10,7,2016,14,1,6,9,,2,0,,1,1,1,35,4,2,6,4,0,0,0,3,false,,false,false,false,false,false,,,,,,false,false,true,,,false,false,false,false,false,-83.20735,42.43031,"{
  ""coordinates"": [
    -8.320735538900000e+01,
    4.243031071100010e+01
  ],
  ""type"": ""Point""
}","{
  ""coordinates"": [
    -83.207355389,
    42.430310711
  ],
  ""type"": ""Point""
}",-83.207355389,42.4303107110001
11019,9744787,M-10,GLENDALE,2016-07-10,10,7,2016,3,1,5,3,,1,0,,1,2,5,70,3,2,3,5,0,0,0,0,true,,false,false,true,false,false,,,,,,false,false,false,,,false,false,false,false,false,-83.10677,42.39429,"{
  ""coordinates"": [
    -8.310676618699991e+01,
    4.239428598500010e+01
  ],
  ""type"": ""Point""
}","{
  ""coordinates"": [
    -83.106766187,
    42.394285985
  ],
  ""type"": ""Point""
}",-83.1067661869999,42.3942859850001
11020,9743924,FRENCH,SHOEMAKER,2016-07-10,10,7,2016,4,1,8,9,,4,0,,1,1,4,30,3,2,1,5,0,0,0,0,true,,false,false,true,false,false,,,,,,false,false,false,,,false,false,false,false,false,-82.99385,42.38946,"{
  ""coordinates"": [
    -8.299385323400000e+01,
    4.238945652200000e+01
  ],
  ""type"": ""Point""
}","{
  ""coordinates"": [
    -82.993853234,
    42.389456522
  ],
  ""type"": ""Point""
}",-82.993853234,42.389456522
11021,9751395,CHICAGO,2ND,2016-07-10,10,7,2016,10,1,5,9,,4,0,,1,1,1,25,1,2,3,5,0,0,0,0,true,,false,false,false,false,false,,,,,,false,true,true,,,false,false,false,false,false,-83.08746,42.38529,"{
  ""coordinates"": [
    -8.308746199200000e+01,
    4.238528936400010e+01
  ],
  ""type"": ""Point""
}","{
  ""coordinates"": [
    -83.087461992,
    42.385289364
  ],
  ""type"": ""Point""
}",-83.087461992,42.3852893640001
11022,9744830,JEFFERSON,BURNS,2016-07-10,10,7,2016,18,1,5,9,,4,0,,1,1,1,35,3,2,6,5,0,0,0,0,true,,false,false,false,false,false,,,,,,false,false,false,,,false,false,false,false,false,-82.99004,42.35456,"{
  ""coordinates"": [
    -8.299003318500000e+01,
    4.235455946700010e+01
  ],
  ""type"": ""Point""
}","{
  ""coordinates"": [
    -82.990033185,
    42.354559467
  ],
  ""type"": ""Point""
}",-82.990033185,42.3545594670001
11023,9749770,7MILE,BENTLER,2016-07-10,10,7,2016,19,1,3,9,,2,0,,1,1,1,35,4,2,3,5,0,0,0,0,true,,false,false,false,false,false,,,,,,false,false,false,,,false,false,false,false,false,-83.2534,42.42923,"{
  ""coordinates"": [
    -8.325340439199989e+01,
    4.242922622500000e+01
  ],
  ""type"": ""Point""
}","{
  ""coordinates"": [
    -83.253404392,
    42.429226225
  ],
  ""type"": ""Point""
}",-83.2534043919999,42.429226225
11024,9744841,WHITTIER,W I 94 SERVICE DRIVE,2016-07-10,10,7,2016,0,1,9,1,,4,0,,1,1,4,30,4,2,1,4,0,0,0,1,false,,false,false,false,false,false,,,,,,false,false,false,,,false,false,false,false,false,-82.94375,42.41308,"{
  ""coordinates"": [
    -8.294374797499999e+01,
    4.241308171100010e+01
  ],
  ""type"": ""Point""
}","{
  ""coordinates"": [
    -82.943747975,
    42.413081711
  ],
  ""type"": ""Point""
}",-82.943747975,42.4130817110001
11025,9743911,GRAND RIVER,4TH,2016-07-10,10,7,2016,10,1,97,3,,1,0,,1,1,4,35,7,3,2,3,0,0,1,0,false,,false,false,false,false,false,,,,,,false,false,true,,,false,false,false,false,false,-83.06286,42.338,"{
  ""coordinates"": [
    -8.306286228600000e+01,
    4.233800223400000e+01
  ],
  ""type"": ""Point""
}","{
  ""coordinates"": [
    -83.062862286,
    42.338002234
  ],
  ""type"": ""Point""
}",-83.062862286,42.338002234
11026,9743905,CHICAGO,FREELAND,2016-07-10,10,7,2016,8,1,5,9,,4,0,,1,1,1,30,4,2,2,4,0,0,0,1,false,,false,false,false,false,false,,,,,,false,false,false,,,false,false,false,false,false,-83.18382,42.36566,"{
  ""coordinates"": [
    -8.318382610200000e+01,
    4.236565708200000e+01
  ],
  ""type"": ""Point""
}","{
  ""coordinates"": [
    -83.183826102,
    42.365657082
  ],
  ""type"": ""Point""
}",-83.183826102,42.365657082
11027,9743941,LIVERNOIS,CLIFTON,2016-07-10,10,7,2016,4,1,97,9,,4,0,,1,1,4,35,7,2,1,5,0,0,0,0,true,,false,false,true,false,false,,,,,,false,false,false,,,false,false,false,false,false,-83.13367,42.34916,"{
  ""coordinates"": [
    -8.313367687499991e+01,
    4.234916303400010e+01
  ],
  ""type"": ""Point""
}","{
  ""coordinates"": [
    -83.133676875,
    42.349163034
  ],
  ""type"": ""Point""
}",-83.1336768749999,42.3491630340001
11028,9744825,OUTER,PLYMOUTH,2016-07-10,10,7,2016,12,1,5,9,,2,0,,1,1,1,0,3,2,3,4,0,0,0,1,false,,false,false,true,false,false,,,,,,false,false,false,,,false,false,false,false,false,-83.26096,42.3714,"{
  ""coordinates"": [
    -8.326096045299990e+01,
    4.237140077700010e+01
  ],
  ""type"": ""Point""
}","{
  ""coordinates"": [
    -83.260960453,
    42.371400777
  ],
  ""type"": ""Point""
}",-83.2609604529999,42.3714007770001
11029,9761510,JOHN R,FERRY,2016-07-10,10,7,2016,12,1,4,9,,4,0,,1,1,1,25,3,2,6,5,0,0,0,0,true,,true,false,false,false,false,,,,,,false,true,false,,,false,false,false,false,false,-83.06497,42.36193,"{
  ""coordinates"": [
    -8.306497429500000e+01,
    4.236193081300010e+01
  ],
  ""type"": ""Point""
}","{
  ""coordinates"": [
    -83.064974295,
    42.361930813
  ],
  ""type"": ""Point""
}",-83.064974295,42.3619308130001
11030,9743917,VISGER,EDSEL,2016-07-10,10,7,2016,17,1,5,9,,4,0,,1,1,1,35,4,2,1,5,0,0,0,0,true,,false,false,true,false,false,,,,,,false,false,false,,,false,false,false,false,false,-83.16064,42.26796,"{
  ""coordinates"": [
    -8.316064455700000e+01,
    4.226796071500010e+01
  ],
  ""type"": ""Point""
}","{
  ""coordinates"": [
    -83.160644557,
    42.267960715
  ],
  ""type"": ""Point""
}",-83.160644557,42.2679607150001
11031,9743946,INDIANA,FLORENCE,2016-07-10,10,7,2016,12,1,4,9,,,0,,1,1,1,25,2,2,2,5,0,0,0,0,true,,false,false,false,false,false,,,,,,false,true,false,,,false,false,false,false,false,-83.15794,42.41217,"{
  ""coordinates"": [
    -8.315793576100000e+01,
    4.241216737800000e+01
  ],
  ""type"": ""Point""
}","{
  ""coordinates"": [
    -83.157935761,
    42.412167378
  ],
  ""type"": ""Point""
}",-83.157935761,42.412167378
11032,9746613,RAMP 048D,MCNICHOLS,2016-07-10,10,7,2016,22,1,1,1,,1,1,,1,1,4,70,2,1,1,3,0,0,1,0,false,,false,false,false,true,false,,,,,,false,false,true,,,false,false,false,false,false,-83.08826,42.41782,"{
  ""coordinates"": [
    -8.308826345100000e+01,
    4.241781593400000e+01
  ],
  ""type"": ""Point""
}","{
  ""coordinates"": [
    -83.088263451,
    42.417815934
  ],
  ""type"": ""Point""
}",-83.088263451,42.417815934
11033,9745777,BEWICK,MACK,2016-07-10,10,7,2016,9,1,2,9,,,0,,1,1,1,25,3,2,4,5,0,0,0,0,true,,false,false,false,false,false,,,,,,false,true,false,,,false,false,false,false,false,-82.98879,42.37454,"{
  ""coordinates"": [
    -8.298879047299990e+01,
    4.237453685400000e+01
  ],
  ""type"": ""Point""
}","{
  ""coordinates"": [
    -82.988790473,
    42.374536854
  ],
  ""type"": ""Point""
}",-82.9887904729999,42.374536854
11034,9743918,LIVERNOIS,I 75 SERVICE,2016-07-10,10,7,2016,9,1,4,3,,4,0,,1,1,1,0,6,2,2,5,0,0,0,0,true,,true,true,true,false,false,,,,,,false,false,false,,,false,false,false,false,false,-83.1037,42.30696,"{
  ""coordinates"": [
    -8.310370077399990e+01,
    4.230695560700010e+01
  ],
  ""type"": ""Point""
}","{
  ""coordinates"": [
    -83.103700774,
    42.306955607
  ],
  ""type"": ""Point""
}",-83.1037007739999,42.3069556070001
11035,9743906,CHICAGO,SCHAEFER,2016-07-10,10,7,2016,11,1,4,9,,4,0,,1,1,1,30,6,2,2,5,0,0,0,0,true,,false,false,false,false,false,,,,,,false,false,false,,,false,false,false,false,false,-83.17772,42.36579,"{
  ""coordinates"": [
    -8.317771555699990e+01,
    4.236579115500010e+01
  ],
  ""type"": ""Point""
}","{
  ""coordinates"": [
    -83.177715557,
    42.365791155
  ],
  ""type"": ""Point""
}",-83.1777155569999,42.3657911550001
11036,9743895,SB I-75,CLARK,2016-07-10,10,7,2016,3,1,5,1,,1,3,,1,1,4,55,6,2,1,4,0,0,0,1,false,,false,false,false,false,false,,,,,,false,false,true,,,false,false,false,false,false,-83.08675,42.31535,"{
  ""coordinates"": [
    -8.308675216400000e+01,
    4.231534397700010e+01
  ],
  ""type"": ""Point""
}","{
  ""coordinates"": [
    -83.086752164,
    42.315343977
  ],
  ""type"": ""Point""
}",-83.086752164,42.3153439770001
11037,9746779,GRANDVILLE,FENKELL,2016-07-10,10,7,2016,23,1,4,9,,,0,,1,1,5,35,1,2,3,5,0,0,0,0,true,,false,false,false,false,false,,,,,,false,true,true,,,false,false,false,false,false,-83.23134,42.40079,"{
  ""coordinates"": [
    -8.323134056000001e+01,
    4.240079331900010e+01
  ],
  ""type"": ""Point""
}","{
  ""coordinates"": [
    -83.23134056,
    42.400793319
  ],
  ""type"": ""Point""
}",-83.23134056,42.4007933190001
11038,9744799,GRAND RIVER,SCHOOLCRAFT,2016-07-09,9,7,2016,5,7,4,3,,1,0,,1,1,4,35,6,2,2,2,0,1,0,0,false,,false,false,false,false,false,,,,,,false,false,false,,,false,false,false,false,false,-83.18538,42.38743,"{
  ""coordinates"": [
    -8.318537653999989e+01,
    4.238742782200010e+01
  ],
  ""type"": ""Point""
}","{
  ""coordinates"": [
    -83.18537654,
    42.387427822
  ],
  ""type"": ""Point""
}",-83.1853765399999,42.3874278220001
11039,9743925,EVANSTON,PHILIP,2016-07-09,9,7,2016,2,7,2,9,,,2,,1,1,4,25,2,3,0,5,0,0,0,0,true,,false,false,true,false,false,,,,,,false,false,false,,,false,false,false,false,false,-82.96342,42.40587,"{
  ""coordinates"": [
    -8.296341489500000e+01,
    4.240586850100000e+01
  ],
  ""type"": ""Point""
}","{
  ""coordinates"": [
    -82.963414895,
    42.405868501
  ],
  ""type"": ""Point""
}",-82.963414895,42.405868501
11040,9744859,N I 75 SERVICE DRIVE,8 MILE,2016-07-09,9,7,2016,15,7,4,1,,1,0,,1,1,1,30,6,2,5,5,0,0,0,0,true,,true,true,false,false,false,,,,,,false,false,false,,,false,false,false,false,false,-83.09435,42.44674,"{
  ""coordinates"": [
    -8.309434196500000e+01,
    4.244674381400010e+01
  ],
  ""type"": ""Point""
}","{
  ""coordinates"": [
    -83.094341965,
    42.446743814
  ],
  ""type"": ""Point""
}",-83.094341965,42.4467438140001
11041,9743901,I-94,I-75,2016-07-09,9,7,2016,21,7,1,1,,1,1,,1,1,4,55,3,1,1,5,0,0,0,0,true,,false,false,false,false,false,,,,,,false,false,true,,,false,false,false,false,false,-83.05775,42.36891,"{
  ""coordinates"": [
    -8.305774942600000e+01,
    4.236890846500010e+01
  ],
  ""type"": ""Point""
}","{
  ""coordinates"": [
    -83.057749426,
    42.368908465
  ],
  ""type"": ""Point""
}",-83.057749426,42.3689084650001
11042,9743900,S M 10,RAMP 105A,2016-07-09,9,7,2016,0,7,1,3,,1,1,,1,1,4,55,3,1,1,1,1,0,0,0,false,,false,false,false,false,false,,,,,,false,false,true,,,false,false,true,false,false,-83.16133,42.40585,"{
  ""coordinates"": [
    -8.316133050799991e+01,
    4.240585052000010e+01
  ],
  ""type"": ""Point""
}","{
  ""coordinates"": [
    -83.161330508,
    42.40585052
  ],
  ""type"": ""Point""
}",-83.1613305079999,42.4058505200001
11043,9743139,LIVERNOIS,TIREMAN,2016-07-09,9,7,2016,17,7,5,9,,4,0,,1,1,1,35,4,2,94,5,0,0,0,0,true,,false,false,false,false,false,,,,,,false,true,false,,,false,false,false,false,false,-83.13567,42.35202,"{
  ""coordinates"": [
    -8.313566752400000e+01,
    4.235201658300010e+01
  ],
  ""type"": ""Point""
}","{
  ""coordinates"": [
    -83.135667524,
    42.352016583
  ],
  ""type"": ""Point""
}",-83.135667524,42.3520165830001
11044,9743143,ROBINWOOD,MAINE,2016-07-09,9,7,2016,1,7,3,9,,,0,,1,1,4,25,1,2,1,5,0,0,0,0,true,,false,false,true,false,false,,,,,,false,false,true,,,false,false,false,false,false,-83.0759,42.43049,"{
  ""coordinates"": [
    -8.307589472200000e+01,
    4.243049020800000e+01
  ],
  ""type"": ""Point""
}","{
  ""coordinates"": [
    -83.075894722,
    42.430490208
  ],
  ""type"": ""Point""
}",-83.075894722,42.430490208
11045,9750580,OHIO,PURITAN,2016-07-09,9,7,2016,18,7,10,9,,,0,,1,1,1,45,2,2,5,5,0,0,0,0,true,,false,false,true,false,false,,,,,,false,false,false,,,false,false,false,false,false,-83.15564,42.40975,"{
  ""coordinates"": [
    -8.315564124600000e+01,
    4.240975124200000e+01
  ],
  ""type"": ""Point""
}","{
  ""coordinates"": [
    -83.155641246,
    42.409751242
  ],
  ""type"": ""Point""
}",-83.155641246,42.409751242
11046,9747639,DAVISON,ROSA PARKS,2016-07-09,9,7,2016,3,7,4,3,,1,0,,1,1,4,35,4,2,3,3,0,0,3,0,false,,true,true,false,false,false,,,,,,false,false,false,,,false,false,false,false,false,-83.11345,42.3962,"{
  ""coordinates"": [
    -8.311344802500000e+01,
    4.239620025400010e+01
  ],
  ""type"": ""Point""
}","{
  ""coordinates"": [
    -83.113448025,
    42.396200254
  ],
  ""type"": ""Point""
}",-83.113448025,42.3962002540001
11047,9743927,KERCHEVAL,MCCLELLAN,2016-07-09,9,7,2016,13,7,4,9,,4,0,,1,1,1,30,3,2,3,5,0,0,0,0,true,,false,false,true,false,false,,,,,,false,false,true,,,false,false,false,false,false,-82.98774,42.36321,"{
  ""coordinates"": [
    -8.298774329699999e+01,
    4.236320864600000e+01
  ],
  ""type"": ""Point""
}","{
  ""coordinates"": [
    -82.987743297,
    42.363208646
  ],
  ""type"": ""Point""
}",-82.987743297,42.363208646
11048,9743071,LEICESTER,OAKLAND,2016-07-09,9,7,2016,15,7,4,9,,,0,,1,1,1,30,1,2,2,5,0,0,0,0,true,,false,false,false,false,false,,,,,,false,false,false,,,false,false,false,false,false,-83.07326,42.38682,"{
  ""coordinates"": [
    -8.307325722900001e+01,
    4.238681806400010e+01
  ],
  ""type"": ""Point""
}","{
  ""coordinates"": [
    -83.073257229,
    42.386818064
  ],
  ""type"": ""Point""
}",-83.073257229,42.3868180640001
11049,9749774,SEVEN MILE,REDMOND,2016-07-09,9,7,2016,15,7,5,9,,2,3,,1,1,1,30,3,2,1,3,0,0,1,0,false,,false,false,false,false,false,,,,,,false,false,false,,,false,false,true,false,false,-82.95602,42.4356,"{
  ""coordinates"": [
    -8.295602296300000e+01,
    4.243559794600000e+01
  ],
  ""type"": ""Point""
}","{
  ""coordinates"": [
    -82.956022963,
    42.435597946
  ],
  ""type"": ""Point""
}",-82.956022963,42.435597946
11050,9743172,FOREST,WOODWARD,2016-07-09,9,7,2016,23,7,8,3,,4,0,,1,1,4,30,2,2,4,5,0,0,0,0,true,,false,false,true,false,false,,,,,,false,false,true,,,false,false,false,false,false,-83.06295,42.35476,"{
  ""coordinates"": [
    -8.306295177800000e+01,
    4.235475610500000e+01
  ],
  ""type"": ""Point""
}","{
  ""coordinates"": [
    -83.062951778,
    42.354756105
  ],
  ""type"": ""Point""
}",-83.062951778,42.354756105
11051,9743105,KENTFIELD,GLENCO,2016-07-09,9,7,2016,5,7,2,9,,,0,,1,2,5,25,2,2,1,5,0,0,0,0,true,,false,false,true,false,false,,,,,,false,false,false,,,false,false,false,false,false,-83.24149,42.4216,"{
  ""coordinates"": [
    -8.324149687200000e+01,
    4.242160085000010e+01
  ],
  ""type"": ""Point""
}","{
  ""coordinates"": [
    -83.241496872,
    42.42160085
  ],
  ""type"": ""Point""
}",-83.241496872,42.4216008500001
11052,9768808,EB I-96,JOY,2016-07-09,9,7,2016,21,7,8,1,,1,0,,1,1,4,70,4,2,2,5,0,0,0,0,true,,false,false,true,false,false,,,,,,false,false,false,,,false,false,false,false,false,-83.12691,42.36275,"{
  ""coordinates"": [
    -8.312690820599990e+01,
    4.236275069000000e+01
  ],
  ""type"": ""Point""
}","{
  ""coordinates"": [
    -83.126908206,
    42.36275069
  ],
  ""type"": ""Point""
}",-83.1269082059999,42.36275069
11053,9742957,8 MILE,MEYERS,2016-07-09,9,7,2016,14,7,5,3,,1,0,,1,2,1,40,4,2,2,5,0,0,0,0,true,,false,false,false,false,false,,,,,,false,false,false,,,false,false,false,false,false,-83.17133,42.4454,"{
  ""coordinates"": [
    -8.317132453200000e+01,
    4.244539575700000e+01
  ],
  ""type"": ""Point""
}","{
  ""coordinates"": [
    -83.171324532,
    42.445395757
  ],
  ""type"": ""Point""
}",-83.171324532,42.445395757
11054,9743932,VAN DYKE,HARPER,2016-07-09,9,7,2016,23,7,1,3,,1,0,,1,2,4,35,5,1,1,4,0,0,0,1,false,,false,false,false,false,false,,,,,,false,false,false,,,false,false,false,false,false,-83.02132,42.38788,"{
  ""coordinates"": [
    -8.302132021700000e+01,
    4.238787708800000e+01
  ],
  ""type"": ""Point""
}","{
  ""coordinates"": [
    -83.021320217,
    42.387877088
  ],
  ""type"": ""Point""
}",-83.021320217,42.387877088
11055,9859702,GREENFIELD,7 MILE,2016-07-09,9,7,2016,4,7,2,9,,2,0,,1,1,4,35,7,3,3,5,0,0,0,0,true,,false,false,false,true,false,,,,,,false,true,false,,,false,false,false,false,false,-83.19987,42.4304,"{
  ""coordinates"": [
    -8.319986477600000e+01,
    4.243040596500000e+01
  ],
  ""type"": ""Point""
}","{
  ""coordinates"": [
    -83.199864776,
    42.430405965
  ],
  ""type"": ""Point""
}",-83.199864776,42.430405965
11056,9746740,RAMP 008K,S M 39,2016-07-09,9,7,2016,14,7,5,1,,,0,,1,1,1,55,2,2,4,5,0,0,0,0,true,,false,false,false,false,false,,,,,,false,false,true,,,false,false,false,false,false,-83.21685,42.37395,"{
  ""coordinates"": [
    -8.321685232899991e+01,
    4.237395419800000e+01
  ],
  ""type"": ""Point""
}","{
  ""coordinates"": [
    -83.216852329,
    42.373954198
  ],
  ""type"": ""Point""
}",-83.2168523289999,42.373954198
11057,9743089,PLYMOUTH,FIELDING,2016-07-09,9,7,2016,10,7,5,9,,4,0,,1,1,1,30,2,2,1,5,0,0,0,0,true,,false,false,true,false,false,,,,,,false,true,false,,,false,false,false,false,false,-83.24122,42.37187,"{
  ""coordinates"": [
    -8.324121939000000e+01,
    4.237187073900000e+01
  ],
  ""type"": ""Point""
}","{
  ""coordinates"": [
    -83.24121939,
    42.371870739
  ],
  ""type"": ""Point""
}",-83.24121939,42.371870739