ObjectId,Crash ID,Primary Road,Intersecting Road,Crash Date,Day,Month,Year,Hour,Weekday,Crash Type Code,Highway Classification Code,Community Code,Jurisdiction Code,Lane Departure Type Code,Surface Type,Road Condition,Weather Condition,Lighting Condition,Speed Limit,Lanes,Units,Occupants,Most Severe Injury,Fatal Injuries,Suspected Serious Injuries,Suspected Minor Injuries,Possible Injuries,Property Damage Only,Secondary Crash,Traffic Control,Red Light Run,Hit and Run,Alcohol,Drugs,Unbelted Person,Work Zone,Speeding Driver,Distracted Driver,Driveway,Pedestrian,Elderly Driver,Young Driver,Commercial Vehicle,Emergency Vehicles,Train,School Bus,Motorcycle,Bicycle,Deer,Longitude,Latitude,geom,geog,x,y
11058,9743902,N I 75,RAMP 216D,2016-07-09,9,7,2016,23,7,5,1,,1,0,,1,1,4,55,3,2,3,5,0,0,0,0,true,,false,false,false,false,false,,,,,,false,false,true,,,false,false,false,false,false,-83.05785,42.36836,"{
  ""coordinates"": [
    -8.305784604999999e+01,
    4.236836020600000e+01
  ],
  ""type"": ""Point""
}","{
  ""coordinates"": [
    -83.05784605,
    42.368360206
  ],
  ""type"": ""Point""
}",-83.05784605,42.368360206
11059,9743091,CADIEUX,WARREN,2016-07-09,9,7,2016,6,7,98,9,,4,0,,98,1,1,30,2,2,1,5,0,0,0,0,true,,false,false,true,false,false,,,,,,false,false,false,,,false,false,false,false,false,-82.92995,42.40627,"{
  ""coordinates"": [
    -8.292994917899991e+01,
    4.240626897900010e+01
  ],
  ""type"": ""Point""
}","{
  ""coordinates"": [
    -82.929949179,
    42.406268979
  ],
  ""type"": ""Point""
}",-82.9299491789999,42.4062689790001
11060,9743067,14TH,GRAND,2016-07-09,9,7,2016,19,7,98,9,,4,0,,1,1,1,30,6,2,2,4,0,0,0,1,false,,false,false,false,false,false,,,,,,false,false,false,,,false,false,false,false,false,-83.09451,42.36231,"{
  ""coordinates"": [
    -8.309450380500000e+01,
    4.236231089000010e+01
  ],
  ""type"": ""Point""
}","{
  ""coordinates"": [
    -83.094503805,
    42.36231089
  ],
  ""type"": ""Point""
}",-83.094503805,42.3623108900001
11061,9743158,MARTIN LUTHER KING JR,14TH,2016-07-09,9,7,2016,8,7,5,9,,4,0,,1,1,1,30,6,2,1,5,0,0,0,0,true,,false,false,true,false,false,,,,,,false,true,false,,,false,false,false,false,false,-83.08094,42.33915,"{
  ""coordinates"": [
    -8.308094071100000e+01,
    4.233915371500010e+01
  ],
  ""type"": ""Point""
}","{
  ""coordinates"": [
    -83.080940711,
    42.339153715
  ],
  ""type"": ""Point""
}",-83.080940711,42.3391537150001
11062,9743155,WYOMING,7 MILE,2016-07-09,9,7,2016,17,7,5,9,,4,0,,1,1,1,30,1,3,3,4,0,0,0,1,false,,false,false,false,false,false,,,,,,false,false,false,,,false,false,false,false,false,-83.16097,42.43116,"{
  ""coordinates"": [
    -8.316096881399990e+01,
    4.243115793300010e+01
  ],
  ""type"": ""Point""
}","{
  ""coordinates"": [
    -83.160968814,
    42.431157933
  ],
  ""type"": ""Point""
}",-83.1609688139999,42.4311579330001
11063,9743151,WYOMING,8 MILE,2016-07-09,9,7,2016,2,7,5,3,,4,3,,1,1,4,30,2,2,1,5,0,0,0,0,true,,false,false,false,false,false,,,,,,false,false,true,,,false,false,false,false,false,-83.16148,42.44524,"{
  ""coordinates"": [
    -8.316148044700000e+01,
    4.244523834500010e+01
  ],
  ""type"": ""Point""
}","{
  ""coordinates"": [
    -83.161480447,
    42.445238345
  ],
  ""type"": ""Point""
}",-83.161480447,42.4452383450001
11064,9744815,ETHEL,DOWNING,2016-07-09,9,7,2016,13,7,1,9,,,1,,1,1,1,25,2,1,1,3,0,0,1,0,false,,false,false,false,false,false,,,,,,false,true,false,,,false,false,false,false,false,-83.15143,42.26886,"{
  ""coordinates"": [
    -8.315142673100000e+01,
    4.226885665300010e+01
  ],
  ""type"": ""Point""
}","{
  ""coordinates"": [
    -83.151426731,
    42.268856653
  ],
  ""type"": ""Point""
}",-83.151426731,42.2688566530001
11065,9744016,N M 39,OUTER,2016-07-09,9,7,2016,14,7,1,3,,1,1,,1,1,1,55,4,1,0,5,0,0,0,0,true,,false,false,true,false,false,,,,,,false,false,false,,,false,false,false,false,false,-83.21881,42.41915,"{
  ""coordinates"": [
    -8.321881425700001e+01,
    4.241914607900000e+01
  ],
  ""type"": ""Point""
}","{
  ""coordinates"": [
    -83.218814257,
    42.419146079
  ],
  ""type"": ""Point""
}",-83.218814257,42.419146079
11066,9743145,CHRYSLER,8 MILE,2016-07-09,9,7,2016,2,7,8,1,,1,0,,1,1,4,30,2,2,2,5,0,0,0,0,true,,false,false,true,false,false,,,,,,false,false,false,,,false,false,false,false,false,-83.09492,42.4468,"{
  ""coordinates"": [
    -8.309491930800000e+01,
    4.244679728800000e+01
  ],
  ""type"": ""Point""
}","{
  ""coordinates"": [
    -83.094919308,
    42.446797288
  ],
  ""type"": ""Point""
}",-83.094919308,42.446797288
11067,9743923,MOROSS,W I 94,2016-07-09,9,7,2016,22,7,4,9,,2,0,,1,1,4,35,2,2,2,4,0,0,0,1,false,,true,true,false,false,false,,,,,,false,false,true,,,false,false,false,false,false,-82.92859,42.42472,"{
  ""coordinates"": [
    -8.292859131499991e+01,
    4.242472251800010e+01
  ],
  ""type"": ""Point""
}","{
  ""coordinates"": [
    -82.928591315,
    42.424722518
  ],
  ""type"": ""Point""
}",-82.9285913149999,42.4247225180001
11068,9743173,WOODWARD,PARSONS,2016-07-09,9,7,2016,15,7,5,3,,1,0,,1,2,1,25,3,2,2,5,0,0,0,0,true,,false,false,false,false,false,,,,,,false,false,true,,,false,false,false,false,false,-83.05867,42.34857,"{
  ""coordinates"": [
    -8.305866648300000e+01,
    4.234857076800010e+01
  ],
  ""type"": ""Point""
}","{
  ""coordinates"": [
    -83.058666483,
    42.348570768
  ],
  ""type"": ""Point""
}",-83.058666483,42.3485707680001
11069,9744843,OAKFIELD,MARGARETA,2016-07-09,9,7,2016,16,7,97,9,,,0,,1,1,1,25,2,2,1,4,0,0,0,1,false,,false,false,false,false,false,,,,,,false,false,true,,,false,false,false,false,false,-83.21489,42.42677,"{
  ""coordinates"": [
    -8.321488956099989e+01,
    4.242677367100000e+01
  ],
  ""type"": ""Point""
}","{
  ""coordinates"": [
    -83.214889561,
    42.426773671
  ],
  ""type"": ""Point""
}",-83.2148895609999,42.426773671
11070,9744823,GRAND,VERNOR,2016-07-09,9,7,2016,14,7,8,9,,4,0,,1,1,1,0,2,2,1,5,0,0,0,0,true,,false,false,false,false,false,,,,,,false,false,true,,,false,false,false,false,false,-83.08953,42.3232,"{
  ""coordinates"": [
    -8.308952722899990e+01,
    4.232319695600010e+01
  ],
  ""type"": ""Point""
}","{
  ""coordinates"": [
    -83.089527229,
    42.323196956
  ],
  ""type"": ""Point""
}",-83.0895272289999,42.3231969560001
11071,9754081,BROADSTREET,TYLER,2016-07-09,9,7,2016,21,7,97,9,,4,0,,1,1,3,20,1,2,0,5,0,0,0,0,true,,false,false,true,false,false,,,,,,true,false,false,,,false,false,false,false,false,-83.13809,42.38519,"{
  ""coordinates"": [
    -8.313809381999990e+01,
    4.238519309100010e+01
  ],
  ""type"": ""Point""
}","{
  ""coordinates"": [
    -83.13809382,
    42.385193091
  ],
  ""type"": ""Point""
}",-83.1380938199999,42.3851930910001
11072,9743058,GRATIOT,BRUSH,2016-07-09,9,7,2016,1,7,4,3,,1,0,,1,1,4,35,3,2,2,5,0,0,0,0,true,,true,true,false,false,false,,,,,,false,false,false,,,false,false,false,false,false,-83.04465,42.33583,"{
  ""coordinates"": [
    -8.304464377799999e+01,
    4.233582509000010e+01
  ],
  ""type"": ""Point""
}","{
  ""coordinates"": [
    -83.044643778,
    42.33582509
  ],
  ""type"": ""Point""
}",-83.044643778,42.3358250900001
11073,9746744,I-96,OUTER,2016-07-09,9,7,2016,12,7,8,1,,1,0,,1,2,1,70,3,2,2,5,0,0,0,0,true,,false,false,false,false,false,,,,,,false,false,true,,,false,false,false,false,false,-83.25657,42.38544,"{
  ""coordinates"": [
    -8.325656759500001e+01,
    4.238544410300010e+01
  ],
  ""type"": ""Point""
}","{
  ""coordinates"": [
    -83.256567595,
    42.385444103
  ],
  ""type"": ""Point""
}",-83.256567595,42.3854441030001
11074,9743128,7 MILE,OUTER,2016-07-09,9,7,2016,12,7,4,9,,2,0,,1,2,1,30,2,2,2,5,0,0,0,0,true,,false,false,false,false,false,,,,,,false,false,false,,,false,false,false,false,false,-83.17543,42.43117,"{
  ""coordinates"": [
    -8.317543196000000e+01,
    4.243116953100010e+01
  ],
  ""type"": ""Point""
}","{
  ""coordinates"": [
    -83.17543196,
    42.431169531
  ],
  ""type"": ""Point""
}",-83.17543196,42.4311695310001
11075,9744804,14TH,GRAND,2016-07-09,9,7,2016,21,7,97,9,,4,0,,1,1,4,25,3,2,6,5,0,0,0,0,true,,false,false,false,false,false,,,,,,false,false,true,,,false,false,false,false,false,-83.11707,42.39677,"{
  ""coordinates"": [
    -8.311707352900000e+01,
    4.239677257200000e+01
  ],
  ""type"": ""Point""
}","{
  ""coordinates"": [
    -83.117073529,
    42.396772572
  ],
  ""type"": ""Point""
}",-83.117073529,42.396772572
11076,9743154,MCNICHOLS,FAIRFIELD,2016-07-09,9,7,2016,13,7,5,9,,4,0,,1,2,1,30,4,2,7,5,0,0,0,0,true,,false,false,false,false,false,,,,,,false,false,true,,,false,false,false,false,false,-83.13526,42.41722,"{
  ""coordinates"": [
    -8.313525967200000e+01,
    4.241722446500010e+01
  ],
  ""type"": ""Point""
}","{
  ""coordinates"": [
    -83.135259672,
    42.417224465
  ],
  ""type"": ""Point""
}",-83.135259672,42.4172244650001
11077,9743934,MORANG,WHITEHILL,2016-07-09,9,7,2016,20,7,9,9,,4,0,,1,2,2,30,2,2,2,5,0,0,0,0,true,,false,false,false,false,false,,,,,,false,false,false,,,false,false,false,false,false,-82.95198,42.42693,"{
  ""coordinates"": [
    -8.295197798700001e+01,
    4.242693501000010e+01
  ],
  ""type"": ""Point""
}","{
  ""coordinates"": [
    -82.951977987,
    42.42693501
  ],
  ""type"": ""Point""
}",-82.951977987,42.4269350100001
11078,9743106,BURT,PURITAN,2016-07-09,9,7,2016,11,7,4,9,,4,0,,1,1,1,30,4,2,4,4,0,0,0,3,false,,false,false,false,false,false,,,,,,false,true,true,,,false,false,false,false,false,-83.24743,42.40769,"{
  ""coordinates"": [
    -8.324742676499990e+01,
    4.240769217600010e+01
  ],
  ""type"": ""Point""
}","{
  ""coordinates"": [
    -83.247426765,
    42.407692176
  ],
  ""type"": ""Point""
}",-83.2474267649999,42.4076921760001
11079,9743920,JEFFERSON,LEMAY,2016-07-09,9,7,2016,4,7,1,9,,4,1,,1,1,4,30,5,1,1,5,0,0,0,0,true,,false,false,false,false,false,,,,,,false,false,false,,,false,false,false,false,false,-82.97486,42.36496,"{
  ""coordinates"": [
    -8.297486017599989e+01,
    4.236496376200010e+01
  ],
  ""type"": ""Point""
}","{
  ""coordinates"": [
    -82.974860176,
    42.364963762
  ],
  ""type"": ""Point""
}",-82.9748601759999,42.3649637620001
11080,9755871,FOREST,BALDWIN,2016-07-09,9,7,2016,18,7,4,9,,4,0,,1,1,1,30,4,2,8,4,0,0,0,8,false,,false,false,false,false,false,,,,,,false,false,false,,,false,false,false,false,false,-83.01337,42.37309,"{
  ""coordinates"": [
    -8.301337446100000e+01,
    4.237308649900010e+01
  ],
  ""type"": ""Point""
}","{
  ""coordinates"": [
    -83.013374461,
    42.373086499
  ],
  ""type"": ""Point""
}",-83.013374461,42.3730864990001
11081,9743146,DAVISON,CONANT,2016-07-08,8,7,2016,16,6,3,3,,4,0,,1,1,1,30,4,2,3,3,0,0,1,1,false,,false,false,false,false,false,,,,,,false,false,false,,,false,false,false,false,false,-83.06146,42.41553,"{
  ""coordinates"": [
    -8.306146074999999e+01,
    4.241552609000010e+01
  ],
  ""type"": ""Point""
}","{
  ""coordinates"": [
    -83.06146075,
    42.41552609
  ],
  ""type"": ""Point""
}",-83.06146075,42.4155260900001
11082,9744802,SCHOOLCRAFT,FREELAND,2016-07-08,8,7,2016,20,6,4,3,,4,0,,1,1,4,35,2,2,4,5,0,0,0,0,true,,true,true,false,false,false,,,,,,false,false,true,,,false,false,false,false,false,-83.18505,42.3875,"{
  ""coordinates"": [
    -8.318504886100000e+01,
    4.238749583400000e+01
  ],
  ""type"": ""Point""
}","{
  ""coordinates"": [
    -83.185048861,
    42.387495834
  ],
  ""type"": ""Point""
}",-83.185048861,42.387495834
11083,9743059,MADISON,BRUSH,2016-07-08,8,7,2016,11,6,8,9,,4,0,,1,1,1,25,4,2,3,4,0,0,0,2,false,,false,false,false,false,false,,,,,,false,false,true,,,false,false,false,false,false,-83.04539,42.33755,"{
  ""coordinates"": [
    -8.304539838700001e+01,
    4.233754578800010e+01
  ],
  ""type"": ""Point""
}","{
  ""coordinates"": [
    -83.045398387,
    42.337545788
  ],
  ""type"": ""Point""
}",-83.045398387,42.3375457880001
11084,9997270,I-96,MCGRAW,2016-07-08,8,7,2016,5,6,1,1,,1,1,,2,2,5,65,2,1,1,5,0,0,0,0,true,,false,false,false,false,false,,,,,,false,true,false,,,false,false,false,false,false,-83.10235,42.35225,"{
  ""coordinates"": [
    -8.310235042999990e+01,
    4.235224969100010e+01
  ],
  ""type"": ""Point""
}","{
  ""coordinates"": [
    -83.10235043,
    42.352249691
  ],
  ""type"": ""Point""
}",-83.1023504299999,42.3522496910001
11085,9745762,W I 96 SERVICE DRIVE,GRAND RIVER,2016-07-08,8,7,2016,19,6,4,1,,1,0,,1,2,1,35,5,2,2,5,0,0,0,0,true,,false,false,false,false,false,,,,,,false,false,true,,,false,false,false,false,false,-83.17708,42.38409,"{
  ""coordinates"": [
    -8.317707516199989e+01,
    4.238409248500010e+01
  ],
  ""type"": ""Point""
}","{
  ""coordinates"": [
    -83.177075162,
    42.384092485
  ],
  ""type"": ""Point""
}",-83.1770751619999,42.3840924850001
11086,9743137,DAVISON,DEXTER,2016-07-08,8,7,2016,15,6,8,3,,1,0,,1,1,1,35,6,2,1,5,0,0,0,0,true,,false,false,true,false,false,,,,,,false,false,false,,,false,false,false,false,false,-83.13037,42.38992,"{
  ""coordinates"": [
    -8.313037394500000e+01,
    4.238992283000000e+01
  ],
  ""type"": ""Point""
}","{
  ""coordinates"": [
    -83.130373945,
    42.38992283
  ],
  ""type"": ""Point""
}",-83.130373945,42.38992283
11087,9743138,PETOSKEY,CHALFONTE,2016-07-08,8,7,2016,16,6,8,9,,,0,,1,1,1,25,1,2,2,5,0,0,0,0,true,,false,false,false,false,false,,,,,,false,false,false,,,false,false,false,false,false,-83.13902,42.40016,"{
  ""coordinates"": [
    -8.313901976299999e+01,
    4.240016002800010e+01
  ],
  ""type"": ""Point""
}","{
  ""coordinates"": [
    -83.139019763,
    42.400160028
  ],
  ""type"": ""Point""
}",-83.139019763,42.4001600280001
11088,9742941,N M 39,RAMP 009A,2016-07-08,8,7,2016,0,6,5,3,,1,0,,8,4,5,70,3,2,1,5,0,0,0,0,true,,false,false,true,false,false,,,,,,false,false,false,,,false,false,false,false,false,-83.21805,42.39707,"{
  ""coordinates"": [
    -8.321804477900000e+01,
    4.239706862300010e+01
  ],
  ""type"": ""Point""
}","{
  ""coordinates"": [
    -83.218044779,
    42.397068623
  ],
  ""type"": ""Point""
}",-83.218044779,42.3970686230001
11089,9743889,I-75,DAVISON,2016-07-08,8,7,2016,0,6,1,1,,1,1,,2,4,4,70,4,1,2,5,0,0,0,0,true,,false,false,false,false,false,,,,,,false,false,false,,,false,false,false,false,false,-83.07914,42.40856,"{
  ""coordinates"": [
    -8.307913753900000e+01,
    4.240855780800010e+01
  ],
  ""type"": ""Point""
}","{
  ""coordinates"": [
    -83.079137539,
    42.408557808
  ],
  ""type"": ""Point""
}",-83.079137539,42.4085578080001
11090,9745745,I-96,ELMHURST,2016-07-08,8,7,2016,15,6,8,1,,1,0,,1,1,1,70,4,2,2,5,0,0,0,0,true,,false,false,false,false,false,,,,,,false,true,false,,,false,false,false,false,false,-83.14619,42.37561,"{
  ""coordinates"": [
    -8.314619156899990e+01,
    4.237560501600010e+01
  ],
  ""type"": ""Point""
}","{
  ""coordinates"": [
    -83.146191569,
    42.375605016
  ],
  ""type"": ""Point""
}",-83.1461915689999,42.3756050160001
11091,9744860,JUSTINE,OUTER,2016-07-08,8,7,2016,17,6,97,9,,,0,,1,1,1,20,3,2,2,5,0,0,0,0,true,,false,false,false,false,false,,,,,,false,true,false,,,false,false,false,false,false,-83.05918,42.44049,"{
  ""coordinates"": [
    -8.305918095399990e+01,
    4.244048800500010e+01
  ],
  ""type"": ""Point""
}","{
  ""coordinates"": [
    -83.059180954,
    42.440488005
  ],
  ""type"": ""Point""
}",-83.0591809539999,42.4404880050001
11092,9743062,GREENFIELD,JEFFRIES EXIT,2016-07-08,8,7,2016,7,6,4,1,,2,0,,1,2,1,0,7,2,3,4,0,0,0,3,false,,false,false,false,false,false,,,,,,false,true,false,,,false,false,false,false,false,-83.19804,42.37923,"{
  ""coordinates"": [
    -8.319803598100000e+01,
    4.237923042100000e+01
  ],
  ""type"": ""Point""
}","{
  ""coordinates"": [
    -83.198035981,
    42.379230421
  ],
  ""type"": ""Point""
}",-83.198035981,42.379230421
11093,9741888,EUCLID,14TH,2016-07-08,8,7,2016,0,6,1,9,,4,0,,2,4,5,25,3,1,1,4,0,0,0,1,false,,false,false,false,false,false,,,,,,false,true,false,,,false,false,false,false,false,-83.09907,42.3694,"{
  ""coordinates"": [
    -8.309906455899990e+01,
    4.236939661400000e+01
  ],
  ""type"": ""Point""
}","{
  ""coordinates"": [
    -83.099064559,
    42.369396614
  ],
  ""type"": ""Point""
}",-83.0990645589999,42.369396614
11094,9743150,7 MILE,WARRINGTON,2016-07-08,8,7,2016,16,6,5,9,,2,0,,1,1,1,30,5,2,2,5,0,0,0,0,true,,false,false,true,false,false,,,,,,false,true,false,,,false,false,false,false,false,-83.14024,42.43163,"{
  ""coordinates"": [
    -8.314024697699990e+01,
    4.243162869300010e+01
  ],
  ""type"": ""Point""
}","{
  ""coordinates"": [
    -83.140246977,
    42.431628693
  ],
  ""type"": ""Point""
}",-83.1402469769999,42.4316286930001
11095,9743140,MT ELLIOTT,HUBER,2016-07-08,8,7,2016,10,6,8,9,,4,0,,1,1,1,30,4,2,2,5,0,0,0,0,true,,false,false,false,false,false,,,,,,false,false,true,,,false,false,false,false,false,-83.03757,42.39748,"{
  ""coordinates"": [
    -8.303757512599999e+01,
    4.239747821400000e+01
  ],
  ""type"": ""Point""
}","{
  ""coordinates"": [
    -83.037575126,
    42.397478214
  ],
  ""type"": ""Point""
}",-83.037575126,42.397478214
11096,9743056,SORRENTO,PLYMOUTH,2016-07-08,8,7,2016,11,6,1,9,,,1,,1,2,1,25,1,1,1,5,0,0,0,0,true,,false,false,false,false,false,,,,,,false,false,false,,,false,false,false,false,false,-83.17187,42.3737,"{
  ""coordinates"": [
    -8.317186758400000e+01,
    4.237369803800000e+01
  ],
  ""type"": ""Point""
}","{
  ""coordinates"": [
    -83.171867584,
    42.373698038
  ],
  ""type"": ""Point""
}",-83.171867584,42.373698038
11097,9743100,GRAND RIVER,PIERSON,2016-07-08,8,7,2016,16,6,5,3,,1,0,,1,1,1,35,2,2,3,5,0,0,0,0,true,,false,false,false,false,false,,,,,,false,false,true,,,false,false,false,false,false,-83.24625,42.41195,"{
  ""coordinates"": [
    -8.324625295999989e+01,
    4.241195053200000e+01
  ],
  ""type"": ""Point""
}","{
  ""coordinates"": [
    -83.24625296,
    42.411950532
  ],
  ""type"": ""Point""
}",-83.2462529599999,42.411950532
11098,9743922,ROSEMARY,NEWPORT,2016-07-08,8,7,2016,22,6,98,9,,,3,,1,1,4,25,2,2,0,5,0,0,0,0,true,,false,false,true,false,false,,,,,,false,false,false,,,false,false,false,false,false,-82.97266,42.4155,"{
  ""coordinates"": [
    -8.297266748999991e+01,
    4.241550084800010e+01
  ],
  ""type"": ""Point""
}","{
  ""coordinates"": [
    -82.97266749,
    42.415500848
  ],
  ""type"": ""Point""
}",-82.9726674899999,42.4155008480001
11099,9746746,I 94,FRENCH,2016-07-08,8,7,2016,2,6,97,1,,1,0,,8,4,5,55,3,3,2,5,0,0,0,0,true,,false,false,true,false,true,,,,,,false,false,true,,,false,false,false,false,false,-82.99397,42.39269,"{
  ""coordinates"": [
    -8.299396934799999e+01,
    4.239269066600010e+01
  ],
  ""type"": ""Point""
}","{
  ""coordinates"": [
    -82.993969348,
    42.392690666
  ],
  ""type"": ""Point""
}",-82.993969348,42.3926906660001
11100,9743090,MICHIGAN,LONYO,2016-07-08,8,7,2016,14,6,98,2,,1,0,,1,1,1,30,2,2,2,5,0,0,0,0,true,,false,false,false,false,false,,,,,,false,true,false,,,false,false,false,false,false,-83.14444,42.33045,"{
  ""coordinates"": [
    -8.314443991400000e+01,
    4.233044804000010e+01
  ],
  ""type"": ""Point""
}","{
  ""coordinates"": [
    -83.144439914,
    42.33044804
  ],
  ""type"": ""Point""
}",-83.144439914,42.3304480400001
11101,9743116,BROCK,COLLINGHAM,2016-07-08,8,7,2016,12,6,4,9,,,0,,1,1,1,25,2,2,5,4,0,0,0,4,false,,false,false,true,false,false,,,,,,false,false,false,,,false,false,false,false,false,-82.96358,42.44813,"{
  ""coordinates"": [
    -8.296358444799991e+01,
    4.244812718900000e+01
  ],
  ""type"": ""Point""
}","{
  ""coordinates"": [
    -82.963584448,
    42.448127189
  ],
  ""type"": ""Point""
}",-82.9635844479999,42.448127189
11102,9743936,GRATIOT,MOHICAN,2016-07-08,8,7,2016,20,6,10,3,,1,0,,1,1,3,35,7,2,0,5,0,0,0,0,true,,false,false,true,false,false,,,,,,false,false,false,,,false,false,false,false,false,-82.97065,42.44574,"{
  ""coordinates"": [
    -8.297065251500000e+01,
    4.244574346800000e+01
  ],
  ""type"": ""Point""
}","{
  ""coordinates"": [
    -82.970652515,
    42.445743468
  ],
  ""type"": ""Point""
}",-82.970652515,42.445743468
11103,9743899,I 94,12TH,2016-07-08,8,7,2016,0,6,5,1,,1,0,,8,4,4,55,3,2,3,5,0,0,0,0,true,,false,false,false,false,false,,,,,,false,false,true,,,false,false,false,false,false,-83.08485,42.35458,"{
  ""coordinates"": [
    -8.308484782200000e+01,
    4.235457483000000e+01
  ],
  ""type"": ""Point""
}","{
  ""coordinates"": [
    -83.084847822,
    42.35457483
  ],
  ""type"": ""Point""
}",-83.084847822,42.35457483
11104,9760027,W I 94,MORANG,2016-07-08,8,7,2016,3,6,8,1,,1,0,,2,4,5,55,3,2,2,5,0,0,0,0,true,,false,false,false,false,false,,,,,,false,false,false,,,false,false,false,false,false,-82.9332,42.41963,"{
  ""coordinates"": [
    -8.293319334900001e+01,
    4.241962736200000e+01
  ],
  ""type"": ""Point""
}","{
  ""coordinates"": [
    -82.933193349,
    42.419627362
  ],
  ""type"": ""Point""
}",-82.933193349,42.419627362
11105,9743072,VERNOR,GREEN,2016-07-08,8,7,2016,13,6,1,9,,4,0,,1,2,1,30,2,1,1,5,0,0,0,0,true,,false,false,false,false,false,,,,,,false,false,false,,,false,false,false,false,false,-83.12123,42.3139,"{
  ""coordinates"": [
    -8.312122970599999e+01,
    4.231390215900010e+01
  ],
  ""type"": ""Point""
}","{
  ""coordinates"": [
    -83.121229706,
    42.313902159
  ],
  ""type"": ""Point""
}",-83.121229706,42.3139021590001
11106,9744840,GRATIOT,ROSEMARY,2016-07-08,8,7,2016,23,6,5,3,,1,0,,1,1,4,35,7,2,3,4,0,0,0,1,false,,false,false,false,false,false,,,,,,false,false,false,,,false,false,false,false,false,-82.99567,42.40768,"{
  ""coordinates"": [
    -8.299567284999991e+01,
    4.240767989600000e+01
  ],
  ""type"": ""Point""
}","{
  ""coordinates"": [
    -82.99567285,
    42.407679896
  ],
  ""type"": ""Point""
}",-82.9956728499999,42.407679896
11107,9743929,WILLIS,ST AUBIN,2016-07-08,8,7,2016,3,6,8,9,,,0,,2,4,4,25,2,2,0,5,0,0,0,0,true,,false,false,true,false,false,,,,,,false,false,false,,,false,false,false,false,false,-83.03926,42.35986,"{
  ""coordinates"": [
    -8.303926280099989e+01,
    4.235985589000010e+01
  ],
  ""type"": ""Point""
}","{
  ""coordinates"": [
    -83.039262801,
    42.35985589
  ],
  ""type"": ""Point""
}",-83.0392628009999,42.3598558900001
11108,9743136,DEXTER,JOY,2016-07-08,8,7,2016,12,6,4,9,,4,0,,1,1,1,30,2,2,1,5,0,0,0,0,true,,false,false,true,false,false,,,,,,false,true,false,,,false,false,false,false,false,-83.11755,42.37003,"{
  ""coordinates"": [
    -8.311754290899999e+01,
    4.237003024200000e+01
  ],
  ""type"": ""Point""
}","{
  ""coordinates"": [
    -83.117542909,
    42.370030242
  ],
  ""type"": ""Point""
}",-83.117542909,42.370030242
11109,9745800,JUSTINE,OUTER,2016-07-08,8,7,2016,16,6,8,9,,,0,,1,1,1,25,2,2,2,5,0,0,0,0,true,,false,false,false,false,false,,,,,,false,true,false,,,false,false,false,false,false,-83.05917,42.44021,"{
  ""coordinates"": [
    -8.305916411399990e+01,
    4.244021401400000e+01
  ],
  ""type"": ""Point""
}","{
  ""coordinates"": [
    -83.059164114,
    42.440214014
  ],
  ""type"": ""Point""
}",-83.0591641139999,42.440214014
11110,9743170,WARREN,TRUMBULL,2016-07-08,8,7,2016,2,6,97,9,,4,1,,2,4,5,30,3,1,1,5,0,0,0,0,true,,false,false,false,true,false,,,,,,false,false,false,,,false,false,false,false,false,-83.07815,42.35242,"{
  ""coordinates"": [
    -8.307814958800000e+01,
    4.235242308400010e+01
  ],
  ""type"": ""Point""
}","{
  ""coordinates"": [
    -83.078149588,
    42.352423084
  ],
  ""type"": ""Point""
}",-83.078149588,42.3524230840001
11111,9744837,GRAND RIVER,WARWICK,2016-07-08,8,7,2016,21,6,97,3,,1,0,,1,1,3,35,4,3,3,5,0,0,0,0,true,,false,false,true,false,false,,,,,,false,false,false,,,false,false,false,false,false,-83.22968,42.40528,"{
  ""coordinates"": [
    -8.322968492500000e+01,
    4.240528343000010e+01
  ],
  ""type"": ""Point""
}","{
  ""coordinates"": [
    -83.229684925,
    42.40528343
  ],
  ""type"": ""Point""
}",-83.229684925,42.4052834300001
11112,9824769,SPRING GARDEN,SALTER,2016-07-08,8,7,2016,21,6,5,9,,,0,,2,1,3,25,2,2,3,3,0,0,1,0,false,,false,false,false,false,false,,,,,,false,false,false,,,false,false,false,false,false,-82.96074,42.42819,"{
  ""coordinates"": [
    -8.296074138199999e+01,
    4.242819164500000e+01
  ],
  ""type"": ""Point""
}","{
  ""coordinates"": [
    -82.960741382,
    42.428191645
  ],
  ""type"": ""Point""
}",-82.960741382,42.428191645
11113,9743049,I 94,FRENCH,2016-07-08,8,7,2016,12,6,1,1,,1,0,,1,1,1,55,3,1,1,3,0,0,1,0,false,,false,false,false,false,false,,,,,,false,false,false,,,false,false,true,false,false,-82.99476,42.39248,"{
  ""coordinates"": [
    -8.299475796199989e+01,
    4.239247778900010e+01
  ],
  ""type"": ""Point""
}","{
  ""coordinates"": [
    -82.994757962,
    42.392477789
  ],
  ""type"": ""Point""
}",-82.9947579619999,42.3924777890001
11114,9743931,MACK,ROHNS,2016-07-08,8,7,2016,18,6,5,9,,4,0,,1,2,1,30,2,2,5,4,0,0,0,2,false,,false,false,true,false,false,,,,,,false,false,false,,,false,false,false,false,false,-82.99734,42.37054,"{
  ""coordinates"": [
    -8.299733413599991e+01,
    4.237054146700010e+01
  ],
  ""type"": ""Point""
}","{
  ""coordinates"": [
    -82.997334136,
    42.370541467
  ],
  ""type"": ""Point""
}",-82.9973341359999,42.3705414670001