ObjectId,Crash ID,Primary Road,Intersecting Road,Crash Date,Day,Month,Year,Hour,Weekday,Crash Type Code,Highway Classification Code,Community Code,Jurisdiction Code,Lane Departure Type Code,Surface Type,Road Condition,Weather Condition,Lighting Condition,Speed Limit,Lanes,Units,Occupants,Most Severe Injury,Fatal Injuries,Suspected Serious Injuries,Suspected Minor Injuries,Possible Injuries,Property Damage Only,Secondary Crash,Traffic Control,Red Light Run,Hit and Run,Alcohol,Drugs,Unbelted Person,Work Zone,Speeding Driver,Distracted Driver,Driveway,Pedestrian,Elderly Driver,Young Driver,Commercial Vehicle,Emergency Vehicles,Train,School Bus,Motorcycle,Bicycle,Deer,Longitude,Latitude,geom,geog,x,y
11229,9740969,MCLEAN,DEQUINDRE,2016-07-06,6,7,2016,11,4,8,9,,,0,,1,1,1,25,2,2,1,5,0,0,0,0,true,,false,false,false,false,false,,,,,,false,false,false,,,false,false,false,false,false,-83.0743,42.40593,"{
  ""coordinates"": [
    -8.307430472000000e+01,
    4.240592921400000e+01
  ],
  ""type"": ""Point""
}","{
  ""coordinates"": [
    -83.07430472,
    42.405929214
  ],
  ""type"": ""Point""
}",-83.07430472,42.405929214
11230,9741875,I-94,I-75,2016-07-06,6,7,2016,11,4,5,1,,1,0,,1,1,1,55,3,2,2,5,0,0,0,0,true,,false,false,false,false,false,,,,,,false,false,false,,,false,false,false,false,false,-83.0666,42.36487,"{
  ""coordinates"": [
    -8.306659419700000e+01,
    4.236486778600000e+01
  ],
  ""type"": ""Point""
}","{
  ""coordinates"": [
    -83.066594197,
    42.364867786
  ],
  ""type"": ""Point""
}",-83.066594197,42.364867786
11231,9740931,LOTHROP,3RD,2016-07-06,6,7,2016,13,4,8,9,,4,0,,1,2,1,25,2,2,2,5,0,0,0,0,true,,false,false,false,false,false,,,,,,false,false,false,,,false,false,false,false,false,-83.07979,42.36944,"{
  ""coordinates"": [
    -8.307978791399999e+01,
    4.236943840300010e+01
  ],
  ""type"": ""Point""
}","{
  ""coordinates"": [
    -83.079787914,
    42.369438403
  ],
  ""type"": ""Point""
}",-83.079787914,42.3694384030001
11232,9743118,EASTBURN,REDMOND,2016-07-06,6,7,2016,11,4,5,9,,,0,,1,2,1,25,1,2,2,5,0,0,0,0,true,,false,false,false,false,false,,,,,,false,false,false,,,false,false,false,false,false,-82.9555,42.44564,"{
  ""coordinates"": [
    -8.295549644099999e+01,
    4.244564371700010e+01
  ],
  ""type"": ""Point""
}","{
  ""coordinates"": [
    -82.955496441,
    42.445643717
  ],
  ""type"": ""Point""
}",-82.955496441,42.4456437170001
11233,9739852,FENELON,MCNICHOLS,2016-07-06,6,7,2016,1,4,5,9,,,0,,1,1,4,35,2,2,2,4,0,0,0,1,false,,false,false,true,false,false,,,,,,false,false,false,,,false,false,false,false,false,-83.05282,42.41886,"{
  ""coordinates"": [
    -8.305282092000000e+01,
    4.241886193000000e+01
  ],
  ""type"": ""Point""
}","{
  ""coordinates"": [
    -83.05282092,
    42.41886193
  ],
  ""type"": ""Point""
}",-83.05282092,42.41886193
11234,9740944,GRAYTON,HARPER,2016-07-06,6,7,2016,15,4,8,9,,,0,,2,4,1,25,1,2,3,5,0,0,0,0,true,,false,false,false,false,false,,,,,,false,false,false,,,false,false,false,false,false,-82.93857,42.41514,"{
  ""coordinates"": [
    -8.293856438700000e+01,
    4.241513920000010e+01
  ],
  ""type"": ""Point""
}","{
  ""coordinates"": [
    -82.938564387,
    42.4151392
  ],
  ""type"": ""Point""
}",-82.938564387,42.4151392000001
11235,9743910,GRAND,POE,2016-07-06,6,7,2016,17,4,4,9,,4,0,,1,1,1,30,2,2,1,5,0,0,0,0,true,,false,false,true,false,false,,,,,,false,false,false,,,false,false,false,false,false,-83.08662,42.36538,"{
  ""coordinates"": [
    -8.308662780600000e+01,
    4.236537562600010e+01
  ],
  ""type"": ""Point""
}","{
  ""coordinates"": [
    -83.086627806,
    42.365375626
  ],
  ""type"": ""Point""
}",-83.086627806,42.3653756260001
11236,9740740,I-94,CADIEUX,2016-07-06,6,7,2016,15,4,1,1,,1,1,,2,4,1,55,3,1,1,3,0,0,1,0,false,,false,false,false,false,false,,,,,,false,false,true,,,false,false,false,false,false,-82.93333,42.41952,"{
  ""coordinates"": [
    -8.293333042800000e+01,
    4.241952309000000e+01
  ],
  ""type"": ""Point""
}","{
  ""coordinates"": [
    -82.933330428,
    42.41952309
  ],
  ""type"": ""Point""
}",-82.933330428,42.41952309
11237,9740943,BEDFORD,CORNWALL,2016-07-06,6,7,2016,13,4,4,9,,,0,,1,1,1,25,2,2,1,5,0,0,0,0,true,,false,false,false,false,false,,,,,,false,false,false,,,false,false,false,false,false,-82.93977,42.40019,"{
  ""coordinates"": [
    -8.293976511300001e+01,
    4.240019024500000e+01
  ],
  ""type"": ""Point""
}","{
  ""coordinates"": [
    -82.939765113,
    42.400190245
  ],
  ""type"": ""Point""
}",-82.939765113,42.400190245
11238,9740925,COCHRANE,ASH,2016-07-06,6,7,2016,23,4,98,9,,,0,,1,1,4,25,4,2,3,4,0,0,0,3,false,,false,false,false,false,false,,,,,,false,false,true,,,false,false,false,false,false,-83.07401,42.33953,"{
  ""coordinates"": [
    -8.307400353600001e+01,
    4.233952528300010e+01
  ],
  ""type"": ""Point""
}","{
  ""coordinates"": [
    -83.074003536,
    42.339525283
  ],
  ""type"": ""Point""
}",-83.074003536,42.3395252830001
11239,9744819,LIVERNOIS,N I 75 SERVICE DRIVE,2016-07-06,6,7,2016,12,4,4,9,,4,0,,1,1,1,25,3,2,3,5,0,0,0,0,true,,false,false,false,false,false,,,,,,false,false,false,,,false,false,false,false,false,-83.10381,42.30711,"{
  ""coordinates"": [
    -8.310380969499990e+01,
    4.230710665500000e+01
  ],
  ""type"": ""Point""
}","{
  ""coordinates"": [
    -83.103809695,
    42.307106655
  ],
  ""type"": ""Point""
}",-83.1038096949999,42.307106655
11240,9755277,KELLY,EIGHT MILE,2016-07-06,6,7,2016,11,4,8,3,,2,0,,1,2,1,35,4,2,5,5,0,0,0,0,true,,false,false,false,false,false,,,,,,false,true,false,,,false,false,false,false,false,-82.94083,42.45012,"{
  ""coordinates"": [
    -8.294083469000000e+01,
    4.245011648500010e+01
  ],
  ""type"": ""Point""
}","{
  ""coordinates"": [
    -82.94083469,
    42.450116485
  ],
  ""type"": ""Point""
}",-82.94083469,42.4501164850001
11241,9743168,PUTNAM,CASS,2016-07-06,6,7,2016,12,4,97,9,,,0,,1,1,1,30,2,2,0,5,0,0,0,0,true,,false,false,true,false,false,,,,,,false,false,false,,,false,false,false,false,false,-83.06657,42.35724,"{
  ""coordinates"": [
    -8.306657222400000e+01,
    4.235724116800000e+01
  ],
  ""type"": ""Point""
}","{
  ""coordinates"": [
    -83.066572224,
    42.357241168
  ],
  ""type"": ""Point""
}",-83.066572224,42.357241168
11242,9743915,OGDEN,HENDERSON,2016-07-06,6,7,2016,19,4,8,9,,,3,,1,1,1,0,1,2,1,5,0,0,0,0,true,,false,false,false,false,false,,,,,,false,false,true,,,false,false,false,false,false,-83.14879,42.33333,"{
  ""coordinates"": [
    -8.314879077499999e+01,
    4.233332939600010e+01
  ],
  ""type"": ""Point""
}","{
  ""coordinates"": [
    -83.148790775,
    42.333329396
  ],
  ""type"": ""Point""
}",-83.148790775,42.3333293960001
11243,9743159,HOOVER,PINEWOOD,2016-07-06,6,7,2016,9,4,8,3,,1,0,,1,1,1,35,2,2,2,5,0,0,0,0,true,,false,false,false,false,false,,,,,,false,false,false,,,false,false,false,false,false,-83.00483,42.43834,"{
  ""coordinates"": [
    -8.300482692700000e+01,
    4.243834146900010e+01
  ],
  ""type"": ""Point""
}","{
  ""coordinates"": [
    -83.004826927,
    42.438341469
  ],
  ""type"": ""Point""
}",-83.004826927,42.4383414690001
11244,9743928,GRATIOT,MOUNT ELLIOTT,2016-07-06,6,7,2016,16,4,4,3,,1,0,,1,1,1,35,7,2,5,2,0,1,0,1,false,,true,true,false,false,false,,,,,,false,false,false,,,false,false,false,false,false,-83.02396,42.36483,"{
  ""coordinates"": [
    -8.302395352900000e+01,
    4.236483450400000e+01
  ],
  ""type"": ""Point""
}","{
  ""coordinates"": [
    -83.023953529,
    42.364834504
  ],
  ""type"": ""Point""
}",-83.023953529,42.364834504
11245,9743075,MACK,MARSEILLES,2016-07-06,6,7,2016,16,4,5,9,,2,0,,2,4,1,30,3,2,2,5,0,0,0,0,true,,false,false,false,false,false,,,,,,false,true,false,,,false,false,false,false,false,-82.91719,42.40295,"{
  ""coordinates"": [
    -8.291719056900000e+01,
    4.240294714800010e+01
  ],
  ""type"": ""Point""
}","{
  ""coordinates"": [
    -82.917190569,
    42.402947148
  ],
  ""type"": ""Point""
}",-82.917190569,42.4029471480001
11246,9740976,8 MILE,SCHAEFER,2016-07-06,6,7,2016,20,4,5,3,,1,0,,1,2,1,40,4,2,1,5,0,0,0,0,true,,false,false,true,false,false,,,,,,false,false,false,,,false,false,false,false,false,-83.18099,42.44519,"{
  ""coordinates"": [
    -8.318099082600000e+01,
    4.244518957000000e+01
  ],
  ""type"": ""Point""
}","{
  ""coordinates"": [
    -83.180990826,
    42.44518957
  ],
  ""type"": ""Point""
}",-83.180990826,42.44518957
11247,9741872,M-39,MCNICHOLS,2016-07-06,6,7,2016,9,4,5,3,,1,0,,1,1,1,55,3,2,2,5,0,0,0,0,true,,false,false,false,false,false,,,,,,false,false,true,,,false,false,false,false,false,-83.21882,42.41917,"{
  ""coordinates"": [
    -8.321881541099999e+01,
    4.241917580300000e+01
  ],
  ""type"": ""Point""
}","{
  ""coordinates"": [
    -83.218815411,
    42.419175803
  ],
  ""type"": ""Point""
}",-83.218815411,42.419175803
11248,9741882,GRAND RIVER,WASHBURN,2016-07-06,6,7,2016,22,4,4,3,,1,0,,1,1,4,35,5,2,3,3,0,0,2,1,false,,false,false,false,false,false,,,,,,false,true,false,,,false,false,false,false,false,-83.15975,42.37711,"{
  ""coordinates"": [
    -8.315975247700000e+01,
    4.237710809800010e+01
  ],
  ""type"": ""Point""
}","{
  ""coordinates"": [
    -83.159752477,
    42.377108098
  ],
  ""type"": ""Point""
}",-83.159752477,42.3771080980001
11249,9740936,31ST,MICHIGAN,2016-07-06,6,7,2016,13,4,9,2,,,2,,1,1,1,25,2,2,2,5,0,0,0,0,true,,false,false,false,false,false,,,,,,false,false,false,,,false,false,false,false,false,-83.10833,42.33143,"{
  ""coordinates"": [
    -8.310833030500000e+01,
    4.233143414100000e+01
  ],
  ""type"": ""Point""
}","{
  ""coordinates"": [
    -83.108330305,
    42.331434141
  ],
  ""type"": ""Point""
}",-83.108330305,42.331434141
11250,9740929,CONGRESS,SHELBY,2016-07-06,6,7,2016,10,4,10,9,,4,0,,1,1,1,20,2,2,1,5,0,0,0,0,true,,false,false,false,false,false,,,,,,false,false,false,,,false,false,false,false,false,-83.04814,42.32919,"{
  ""coordinates"": [
    -8.304814172600000e+01,
    4.232919398700010e+01
  ],
  ""type"": ""Point""
}","{
  ""coordinates"": [
    -83.048141726,
    42.329193987
  ],
  ""type"": ""Point""
}",-83.048141726,42.3291939870001
11251,9740867,DAVISON,M-10,2016-07-06,6,7,2016,22,4,1,3,,1,1,,1,1,1,55,5,1,1,4,0,0,0,1,false,,false,false,false,false,false,,,,,,false,false,false,,,false,false,false,false,false,-83.11181,42.39734,"{
  ""coordinates"": [
    -8.311181173700000e+01,
    4.239734388000010e+01
  ],
  ""type"": ""Point""
}","{
  ""coordinates"": [
    -83.111811737,
    42.39734388
  ],
  ""type"": ""Point""
}",-83.111811737,42.3973438800001
11252,9744780,N I 75,RAMP 216D,2016-07-06,6,7,2016,15,4,1,1,,1,1,,2,2,1,70,4,1,1,4,0,0,0,1,false,,false,false,false,false,false,,,,,,false,false,false,,,false,false,false,false,false,-83.0579,42.36847,"{
  ""coordinates"": [
    -8.305789739100000e+01,
    4.236846791800010e+01
  ],
  ""type"": ""Point""
}","{
  ""coordinates"": [
    -83.057897391,
    42.368467918
  ],
  ""type"": ""Point""
}",-83.057897391,42.3684679180001
11253,9741880,S I 75,SCHAEFER,2016-07-06,6,7,2016,16,4,8,1,,1,0,,1,1,1,70,4,2,1,5,0,0,0,0,true,,false,false,false,false,false,,,,,,false,false,true,,,false,false,false,false,false,-83.15623,42.27736,"{
  ""coordinates"": [
    -8.315622639999999e+01,
    4.227736219100010e+01
  ],
  ""type"": ""Point""
}","{
  ""coordinates"": [
    -83.1562264,
    42.277362191
  ],
  ""type"": ""Point""
}",-83.1562264,42.2773621910001
11254,9740946,ST MARYS,WARREN,2016-07-06,6,7,2016,15,4,97,9,,,0,,1,2,1,25,2,2,4,5,0,0,0,0,true,,false,false,false,false,false,,,,,,false,false,true,,,false,false,false,false,false,-83.20361,42.34289,"{
  ""coordinates"": [
    -8.320360357600001e+01,
    4.234288741300000e+01
  ],
  ""type"": ""Point""
}","{
  ""coordinates"": [
    -83.203603576,
    42.342887413
  ],
  ""type"": ""Point""
}",-83.203603576,42.342887413
11255,9744779,I-94,BRUSH,2016-07-06,6,7,2016,10,4,8,1,,1,0,,1,1,1,55,3,2,2,5,0,0,0,0,true,,false,false,false,false,false,,,,,,false,false,true,,,false,false,false,false,false,-83.06387,42.36602,"{
  ""coordinates"": [
    -8.306387547500000e+01,
    4.236602029700000e+01
  ],
  ""type"": ""Point""
}","{
  ""coordinates"": [
    -83.063875475,
    42.366020297
  ],
  ""type"": ""Point""
}",-83.063875475,42.366020297
11256,9740917,E I 96,FULLERTON,2016-07-06,6,7,2016,21,4,1,1,,1,1,,1,1,5,70,4,1,2,5,0,0,0,0,true,,false,false,false,false,false,,,,,,false,false,false,,,false,false,false,false,false,-83.18912,42.38013,"{
  ""coordinates"": [
    -8.318911479400001e+01,
    4.238012524800010e+01
  ],
  ""type"": ""Point""
}","{
  ""coordinates"": [
    -83.189114794,
    42.380125248
  ],
  ""type"": ""Point""
}",-83.189114794,42.3801252480001
11257,9741874,M-10,CHICAGO,2016-07-06,6,7,2016,9,4,5,3,,1,0,,1,1,1,55,3,2,2,4,0,0,0,1,false,,false,false,false,false,false,,,,,,false,false,false,,,false,false,false,false,false,-83.09351,42.38191,"{
  ""coordinates"": [
    -8.309351471399999e+01,
    4.238190690300010e+01
  ],
  ""type"": ""Point""
}","{
  ""coordinates"": [
    -83.093514714,
    42.381906903
  ],
  ""type"": ""Point""
}",-83.093514714,42.3819069030001
11258,9740942,MACK,CANYON,2016-07-06,6,7,2016,9,4,5,9,,2,0,,1,1,1,35,2,2,2,5,0,0,0,0,true,,false,false,false,false,false,,,,,,false,false,false,,,false,false,false,false,false,-82.91393,42.40955,"{
  ""coordinates"": [
    -8.291393482599990e+01,
    4.240955144300010e+01
  ],
  ""type"": ""Point""
}","{
  ""coordinates"": [
    -82.913934826,
    42.409551443
  ],
  ""type"": ""Point""
}",-82.9139348259999,42.4095514430001
11259,9740950,SOUTHFIELD SERVICE DRIVE,VERNE,2016-07-06,6,7,2016,4,4,5,9,,4,0,,1,1,4,30,2,2,0,5,0,0,0,0,true,,false,false,true,false,false,,,,,,false,false,false,,,false,false,false,false,false,-83.21839,42.41247,"{
  ""coordinates"": [
    -8.321839475900001e+01,
    4.241246916200000e+01
  ],
  ""type"": ""Point""
}","{
  ""coordinates"": [
    -83.218394759,
    42.412469162
  ],
  ""type"": ""Point""
}",-83.218394759,42.412469162
11260,9798176,M-39,GRAND,2016-07-06,6,7,2016,8,4,5,3,,1,0,,1,2,1,55,3,2,2,5,0,0,0,0,true,,false,false,false,false,false,,,,,,false,false,false,,,false,false,false,false,false,-83.21819,42.40033,"{
  ""coordinates"": [
    -8.321819282900000e+01,
    4.240033167500010e+01
  ],
  ""type"": ""Point""
}","{
  ""coordinates"": [
    -83.218192829,
    42.400331675
  ],
  ""type"": ""Point""
}",-83.218192829,42.4003316750001
11261,9743124,HOOVER,SEVEN MILE,2016-07-06,6,7,2016,15,4,2,3,,1,2,,2,4,1,30,2,2,6,4,0,0,0,4,false,,false,false,false,false,false,,,,,,false,true,true,,,false,false,false,false,false,-83.00474,42.43607,"{
  ""coordinates"": [
    -8.300473993000000e+01,
    4.243607153700000e+01
  ],
  ""type"": ""Point""
}","{
  ""coordinates"": [
    -83.00473993,
    42.436071537
  ],
  ""type"": ""Point""
}",-83.00473993,42.436071537
11262,9741873,I-75,HOLBROOK,2016-07-06,6,7,2016,8,4,8,1,,1,0,,1,1,1,70,4,2,2,5,0,0,0,0,true,,false,false,false,false,false,,,,,,false,false,false,,,false,false,false,false,false,-83.06915,42.38766,"{
  ""coordinates"": [
    -8.306914514899999e+01,
    4.238766292400000e+01
  ],
  ""type"": ""Point""
}","{
  ""coordinates"": [
    -83.069145149,
    42.387662924
  ],
  ""type"": ""Point""
}",-83.069145149,42.387662924
11263,9739820,E I 94 SERVICE DRIVE,MOROSS,2016-07-05,5,7,2016,17,3,5,1,,4,0,,1,2,1,30,3,3,2,5,0,0,0,0,true,,false,false,true,false,false,,,,,,false,false,false,,,false,false,false,false,false,-82.92841,42.42419,"{
  ""coordinates"": [
    -8.292840341300000e+01,
    4.242418993800000e+01
  ],
  ""type"": ""Point""
}","{
  ""coordinates"": [
    -82.928403413,
    42.424189938
  ],
  ""type"": ""Point""
}",-82.928403413,42.424189938
11264,9740982,ANTHONY WAYNE,WARREN,2016-07-05,5,7,2016,18,3,8,9,,4,0,,1,1,1,25,6,2,2,5,0,0,0,0,true,,false,false,false,false,false,,,,,,false,false,true,,,false,false,false,false,false,-83.07136,42.35452,"{
  ""coordinates"": [
    -8.307135856500000e+01,
    4.235451982200000e+01
  ],
  ""type"": ""Point""
}","{
  ""coordinates"": [
    -83.071358565,
    42.354519822
  ],
  ""type"": ""Point""
}",-83.071358565,42.354519822
11265,9740981,ANTOINETTE,CASS,2016-07-05,5,7,2016,7,3,8,9,,4,0,,1,1,1,25,2,2,2,5,0,0,0,0,true,,false,false,false,false,false,,,,,,false,false,true,,,false,false,false,false,false,-83.07113,42.36311,"{
  ""coordinates"": [
    -8.307112762199991e+01,
    4.236311495800000e+01
  ],
  ""type"": ""Point""
}","{
  ""coordinates"": [
    -83.071127622,
    42.363114958
  ],
  ""type"": ""Point""
}",-83.0711276219999,42.363114958
11266,9744816,TOLEDO,JUNCTION,2016-07-05,5,7,2016,8,3,4,9,,4,0,,1,1,1,25,4,2,2,5,0,0,0,0,true,,true,true,false,false,false,,,,,,false,false,false,,,false,false,false,false,false,-83.1041,42.32092,"{
  ""coordinates"": [
    -8.310410381000000e+01,
    4.232091592900010e+01
  ],
  ""type"": ""Point""
}","{
  ""coordinates"": [
    -83.10410381,
    42.320915929
  ],
  ""type"": ""Point""
}",-83.10410381,42.3209159290001
11267,9739808,PURITAN,PREST,2016-07-05,5,7,2016,21,3,4,9,,4,0,,1,1,4,25,2,2,3,3,0,0,1,0,false,,true,false,false,false,false,,,,,,false,false,false,,,false,false,false,false,false,-83.19781,42.40879,"{
  ""coordinates"": [
    -8.319781304100000e+01,
    4.240878539600000e+01
  ],
  ""type"": ""Point""
}","{
  ""coordinates"": [
    -83.197813041,
    42.408785396
  ],
  ""type"": ""Point""
}",-83.197813041,42.408785396
11268,9739868,7 MILE,LIVERNOIS,2016-07-05,5,7,2016,15,3,4,9,,2,0,,1,1,1,30,6,2,3,4,0,0,0,1,false,,false,false,false,false,false,,,,,,false,false,false,,,false,false,false,false,false,-83.14157,42.4316,"{
  ""coordinates"": [
    -8.314156839200000e+01,
    4.243160312600000e+01
  ],
  ""type"": ""Point""
}","{
  ""coordinates"": [
    -83.141568392,
    42.431603126
  ],
  ""type"": ""Point""
}",-83.141568392,42.431603126
11269,9739845,MCNICHOLS,RUTHERFORD,2016-07-05,5,7,2016,15,3,5,9,,2,0,,1,1,1,35,2,2,3,4,0,0,0,3,false,,false,false,false,false,false,,,,,,false,false,false,,,false,false,false,false,false,-83.20466,42.41585,"{
  ""coordinates"": [
    -8.320465991099999e+01,
    4.241585037100000e+01
  ],
  ""type"": ""Point""
}","{
  ""coordinates"": [
    -83.204659911,
    42.415850371
  ],
  ""type"": ""Point""
}",-83.204659911,42.415850371
11270,9740945,SOUTHFIELD SERVICE DRIVE,FULLERTON,2016-07-05,5,7,2016,22,3,97,9,,4,0,,1,1,3,55,6,2,2,5,0,0,0,0,true,,false,false,true,false,false,,,,,,false,false,false,,,false,false,false,false,false,-83.21693,42.38,"{
  ""coordinates"": [
    -8.321693294799999e+01,
    4.238000573600000e+01
  ],
  ""type"": ""Point""
}","{
  ""coordinates"": [
    -83.216932948,
    42.380005736
  ],
  ""type"": ""Point""
}",-83.216932948,42.380005736
11271,9740889,I-94,FRONTENAC,2016-07-05,5,7,2016,15,3,5,1,,1,0,,1,1,1,55,3,2,2,5,0,0,0,0,true,,false,false,false,false,false,,,,,,false,false,true,,,false,false,false,false,false,-83.02258,42.38565,"{
  ""coordinates"": [
    -8.302258154600000e+01,
    4.238565111100010e+01
  ],
  ""type"": ""Point""
}","{
  ""coordinates"": [
    -83.022581546,
    42.385651111
  ],
  ""type"": ""Point""
}",-83.022581546,42.3856511110001
11272,9739819,MACK,BEDFORD,2016-07-05,5,7,2016,23,3,8,9,,2,0,,1,1,4,25,4,2,0,5,0,0,0,0,true,,false,false,true,false,false,,,,,,false,false,false,,,false,false,false,false,false,-82.93409,42.39026,"{
  ""coordinates"": [
    -8.293409097599989e+01,
    4.239026305700000e+01
  ],
  ""type"": ""Point""
}","{
  ""coordinates"": [
    -82.934090976,
    42.390263057
  ],
  ""type"": ""Point""
}",-82.9340909759999,42.390263057
11273,9740857,I-94,FRONTENAC,2016-07-05,5,7,2016,15,3,8,1,,1,0,,1,1,1,55,3,2,2,5,0,0,0,0,true,,false,false,false,false,false,,,,,,false,false,false,,,false,false,false,false,false,-83.02953,42.38356,"{
  ""coordinates"": [
    -8.302952480899999e+01,
    4.238356404400000e+01
  ],
  ""type"": ""Point""
}","{
  ""coordinates"": [
    -83.029524809,
    42.383564044
  ],
  ""type"": ""Point""
}",-83.029524809,42.383564044
11274,9743032,E I 94,SCOTTEN,2016-07-05,5,7,2016,14,3,1,1,,1,1,,1,1,1,55,3,1,1,4,0,0,0,1,false,,false,false,false,false,false,,,,,,false,false,false,,,false,false,false,false,false,-83.11071,42.346,"{
  ""coordinates"": [
    -8.311071378600001e+01,
    4.234599952000010e+01
  ],
  ""type"": ""Point""
}","{
  ""coordinates"": [
    -83.110713786,
    42.34599952
  ],
  ""type"": ""Point""
}",-83.110713786,42.3459995200001
11275,9739818,CONNER,EUGENE,2016-07-05,5,7,2016,9,3,1,9,,4,0,,1,1,1,35,7,2,1,4,0,0,0,1,false,,false,false,true,false,false,,,,,,false,false,false,,,false,false,false,true,false,-82.97422,42.38864,"{
  ""coordinates"": [
    -8.297421719300000e+01,
    4.238863710100000e+01
  ],
  ""type"": ""Point""
}","{
  ""coordinates"": [
    -82.974217193,
    42.388637101
  ],
  ""type"": ""Point""
}",-82.974217193,42.388637101
11276,9743047,I-94,CONNER,2016-07-05,5,7,2016,18,3,5,1,,1,0,,1,2,1,55,3,2,2,3,0,0,1,0,false,,false,false,true,false,false,,,,,,false,false,false,,,false,false,false,false,false,-82.98096,42.39931,"{
  ""coordinates"": [
    -8.298095866700000e+01,
    4.239930929500010e+01
  ],
  ""type"": ""Point""
}","{
  ""coordinates"": [
    -82.980958667,
    42.399309295
  ],
  ""type"": ""Point""
}",-82.980958667,42.3993092950001
11277,9740941,DOWNING,FORT,2016-07-05,5,7,2016,18,3,6,3,,,0,,1,1,1,45,3,2,2,5,0,0,0,0,true,,false,false,false,false,false,,,,,,false,false,false,,,false,false,false,false,false,-83.15838,42.27231,"{
  ""coordinates"": [
    -8.315837601800000e+01,
    4.227231178400010e+01
  ],
  ""type"": ""Point""
}","{
  ""coordinates"": [
    -83.158376018,
    42.272311784
  ],
  ""type"": ""Point""
}",-83.158376018,42.2723117840001
11278,9739851,RYAN,EMERY,2016-07-05,5,7,2016,2,3,4,9,,4,0,,1,1,4,35,2,2,3,3,0,0,1,1,false,,true,false,true,false,false,,,,,,false,false,false,,,false,false,false,false,false,-83.06326,42.4357,"{
  ""coordinates"": [
    -8.306326223199990e+01,
    4.243569947600000e+01
  ],
  ""type"": ""Point""
}","{
  ""coordinates"": [
    -83.063262232,
    42.435699476
  ],
  ""type"": ""Point""
}",-83.0632622319999,42.435699476
11279,9739810,WOODWARD,KIRBY,2016-07-05,5,7,2016,15,3,5,3,,1,0,,1,1,1,30,2,2,2,5,0,0,0,0,true,,false,false,false,false,false,,,,,,false,false,false,,,false,false,false,false,false,-83.06631,42.35984,"{
  ""coordinates"": [
    -8.306630899899990e+01,
    4.235984180000000e+01
  ],
  ""type"": ""Point""
}","{
  ""coordinates"": [
    -83.066308999,
    42.3598418
  ],
  ""type"": ""Point""
}",-83.0663089989999,42.3598418
11280,9740975,KENTUCKY,MARYGROVE,2016-07-05,5,7,2016,14,3,4,9,,,0,,1,1,1,0,2,2,1,5,0,0,0,0,true,,false,false,true,false,false,,,,,,false,false,false,,,false,false,false,false,false,-83.1591,42.41383,"{
  ""coordinates"": [
    -8.315910214000000e+01,
    4.241382848100010e+01
  ],
  ""type"": ""Point""
}","{
  ""coordinates"": [
    -83.15910214,
    42.413828481
  ],
  ""type"": ""Point""
}",-83.15910214,42.4138284810001
11281,9740952,VAN DYKE,AGNES,2016-07-05,5,7,2016,12,3,98,9,,4,0,,1,1,1,25,1,2,0,5,0,0,0,0,true,,false,false,true,false,false,,,,,,false,false,false,,,false,false,false,false,false,-82.9973,42.35477,"{
  ""coordinates"": [
    -8.299730286700000e+01,
    4.235476504100010e+01
  ],
  ""type"": ""Point""
}","{
  ""coordinates"": [
    -82.997302867,
    42.354765041
  ],
  ""type"": ""Point""
}",-82.997302867,42.3547650410001
11282,9739862,JAMES COUZENS,OUTER,2016-07-05,5,7,2016,11,3,4,9,,4,0,,1,1,1,35,3,2,3,5,0,0,0,0,true,,false,false,false,false,false,,,,,,false,true,false,,,false,false,false,false,false,-83.17596,42.42099,"{
  ""coordinates"": [
    -8.317596373799999e+01,
    4.242098722900000e+01
  ],
  ""type"": ""Point""
}","{
  ""coordinates"": [
    -83.175963738,
    42.420987229
  ],
  ""type"": ""Point""
}",-83.175963738,42.420987229
11283,9743048,I-94,CONNER,2016-07-05,5,7,2016,18,3,1,1,,1,0,,1,2,1,55,3,1,1,5,0,0,0,0,true,,false,false,false,false,false,,,,,,false,false,false,,,false,false,false,false,false,-82.98096,42.39931,"{
  ""coordinates"": [
    -8.298095866700000e+01,
    4.239930929500010e+01
  ],
  ""type"": ""Point""
}","{
  ""coordinates"": [
    -82.980958667,
    42.399309295
  ],
  ""type"": ""Point""
}",-82.980958667,42.3993092950001
11284,9747668,GREYDALE,SAINT MARTINS,2016-07-05,5,7,2016,14,3,98,9,,,0,,1,1,1,25,1,2,1,5,0,0,0,0,true,,false,false,true,false,false,,,,,,false,false,false,,,false,false,false,false,false,-83.2573,42.43485,"{
  ""coordinates"": [
    -8.325729910500000e+01,
    4.243485358100000e+01
  ],
  ""type"": ""Point""
}","{
  ""coordinates"": [
    -83.257299105,
    42.434853581
  ],
  ""type"": ""Point""
}",-83.257299105,42.434853581
11285,9740935,CASPER,DIX,2016-07-05,5,7,2016,8,3,98,9,,,0,,1,1,4,25,1,2,0,5,0,0,0,0,true,,false,false,true,false,false,,,,,,false,false,false,,,false,false,false,false,false,-83.12922,42.31724,"{
  ""coordinates"": [
    -8.312922233099989e+01,
    4.231723951000000e+01
  ],
  ""type"": ""Point""
}","{
  ""coordinates"": [
    -83.129222331,
    42.31723951
  ],
  ""type"": ""Point""
}",-83.1292223309999,42.31723951