ObjectId,Crash ID,Primary Road,Intersecting Road,Crash Date,Day,Month,Year,Hour,Weekday,Crash Type Code,Highway Classification Code,Community Code,Jurisdiction Code,Lane Departure Type Code,Surface Type,Road Condition,Weather Condition,Lighting Condition,Speed Limit,Lanes,Units,Occupants,Most Severe Injury,Fatal Injuries,Suspected Serious Injuries,Suspected Minor Injuries,Possible Injuries,Property Damage Only,Secondary Crash,Traffic Control,Red Light Run,Hit and Run,Alcohol,Drugs,Unbelted Person,Work Zone,Speeding Driver,Distracted Driver,Driveway,Pedestrian,Elderly Driver,Young Driver,Commercial Vehicle,Emergency Vehicles,Train,School Bus,Motorcycle,Bicycle,Deer,Longitude,Latitude,geom,geog,x,y
11343,9943025,7 MILE,ROBSON,2016-07-04,4,7,2016,23,2,2,9,,2,0,,1,1,4,30,4,2,1,4,0,0,0,1,false,,false,false,true,false,false,,,,,,false,false,false,,,false,false,false,false,false,-83.19369,42.4306,"{
  ""coordinates"": [
    -8.319368588200000e+01,
    4.243059760700000e+01
  ],
  ""type"": ""Point""
}","{
  ""coordinates"": [
    -83.193685882,
    42.430597607
  ],
  ""type"": ""Point""
}",-83.193685882,42.430597607
11344,9739064,MUIRLAND,CURTIS,2016-07-04,4,7,2016,1,2,8,9,,,0,,1,1,5,0,2,2,1,5,0,0,0,0,true,,false,false,true,false,false,,,,,,false,false,false,,,false,false,false,false,false,-83.13442,42.42469,"{
  ""coordinates"": [
    -8.313442386700000e+01,
    4.242469537800010e+01
  ],
  ""type"": ""Point""
}","{
  ""coordinates"": [
    -83.134423867,
    42.424695378
  ],
  ""type"": ""Point""
}",-83.134423867,42.4246953780001
11345,9739847,CHALMERS,OUTER,2016-07-04,4,7,2016,23,2,8,9,,4,0,,1,1,5,35,2,2,4,5,0,0,0,0,true,,false,false,true,false,false,,,,,,false,false,false,,,false,false,false,false,false,-82.97102,42.41488,"{
  ""coordinates"": [
    -8.297101412900000e+01,
    4.241487762200010e+01
  ],
  ""type"": ""Point""
}","{
  ""coordinates"": [
    -82.971014129,
    42.414877622
  ],
  ""type"": ""Point""
}",-82.971014129,42.4148776220001
11346,9739828,FENKELL,FERGUSON,2016-07-04,4,7,2016,23,2,5,9,,2,0,,1,1,4,0,2,2,2,5,0,0,0,0,true,,false,false,true,false,false,,,,,,false,false,false,,,false,false,false,false,false,-83.20932,42.40127,"{
  ""coordinates"": [
    -8.320932352599991e+01,
    4.240127198000000e+01
  ],
  ""type"": ""Point""
}","{
  ""coordinates"": [
    -83.209323526,
    42.40127198
  ],
  ""type"": ""Point""
}",-83.2093235259999,42.40127198
11347,9743094,CHALMERS,LINVILLE,2016-07-04,4,7,2016,8,2,4,9,,4,0,,1,1,1,35,2,2,4,5,0,0,0,0,true,,false,false,false,false,false,,,,,,false,false,false,,,false,false,false,false,false,-82.9631,42.40202,"{
  ""coordinates"": [
    -8.296309524999999e+01,
    4.240201736800000e+01
  ],
  ""type"": ""Point""
}","{
  ""coordinates"": [
    -82.96309525,
    42.402017368
  ],
  ""type"": ""Point""
}",-82.96309525,42.402017368
11348,9739831,FORD,BRACE,2016-07-04,4,7,2016,0,2,97,3,,1,0,,1,1,4,50,4,3,1,4,0,0,0,1,false,,false,false,true,false,false,,,,,,false,true,false,,,false,false,false,false,false,-83.22266,42.32898,"{
  ""coordinates"": [
    -8.322266475700000e+01,
    4.232898270500000e+01
  ],
  ""type"": ""Point""
}","{
  ""coordinates"": [
    -83.222664757,
    42.328982705
  ],
  ""type"": ""Point""
}",-83.222664757,42.328982705
11349,9739026,HAVERHILL,WAVENY,2016-07-04,4,7,2016,19,2,4,9,,,0,,1,1,2,25,2,2,4,4,0,0,0,1,false,,true,false,false,false,false,,,,,,false,false,true,,,false,false,false,false,false,-82.93961,42.39632,"{
  ""coordinates"": [
    -8.293960765600001e+01,
    4.239631961700010e+01
  ],
  ""type"": ""Point""
}","{
  ""coordinates"": [
    -82.939607656,
    42.396319617
  ],
  ""type"": ""Point""
}",-82.939607656,42.3963196170001
11350,9739823,7 MILE,SOUTHFIELD SERVICE DRIVE,2016-07-04,4,7,2016,21,2,97,9,,2,0,,1,1,3,35,4,2,2,5,0,0,0,0,true,,false,false,false,false,false,,,,,,false,false,true,,,false,false,false,false,false,-83.2197,42.43001,"{
  ""coordinates"": [
    -8.321970484500000e+01,
    4.243000909100000e+01
  ],
  ""type"": ""Point""
}","{
  ""coordinates"": [
    -83.219704845,
    42.430009091
  ],
  ""type"": ""Point""
}",-83.219704845,42.430009091
11351,9740959,WAVERLY,HOLMUR,2016-07-04,4,7,2016,19,2,8,9,,,0,,1,1,1,25,3,2,4,4,0,0,0,4,false,,false,false,false,false,false,,,,,,false,false,true,,,false,false,false,false,false,-83.13303,42.38813,"{
  ""coordinates"": [
    -8.313303254600000e+01,
    4.238813418000010e+01
  ],
  ""type"": ""Point""
}","{
  ""coordinates"": [
    -83.133032546,
    42.38813418
  ],
  ""type"": ""Point""
}",-83.133032546,42.3881341800001
11352,9739870,WARD,NORFOLK,2016-07-04,4,7,2016,23,2,5,9,,,0,,1,1,1,25,2,2,1,5,0,0,0,0,true,,false,false,false,false,false,,,,,,false,false,false,,,false,false,false,false,false,-83.17551,42.44276,"{
  ""coordinates"": [
    -8.317550872100000e+01,
    4.244276325400010e+01
  ],
  ""type"": ""Point""
}","{
  ""coordinates"": [
    -83.175508721,
    42.442763254
  ],
  ""type"": ""Point""
}",-83.175508721,42.4427632540001
11353,9740953,7 MILE,ASHTON,2016-07-04,4,7,2016,1,2,4,9,,2,0,,1,1,4,35,4,2,1,5,0,0,0,0,true,,false,false,true,false,false,,,,,,false,false,false,,,false,false,false,false,false,-83.22055,42.42999,"{
  ""coordinates"": [
    -8.322054752900000e+01,
    4.242998405600010e+01
  ],
  ""type"": ""Point""
}","{
  ""coordinates"": [
    -83.220547529,
    42.429984056
  ],
  ""type"": ""Point""
}",-83.220547529,42.4299840560001
11354,9739829,OUTER,KENDALL,2016-07-04,4,7,2016,4,2,8,9,,2,0,,1,1,4,35,3,2,1,5,0,0,0,0,true,,false,false,false,false,false,,,,,,false,false,false,,,false,false,false,false,false,-83.25651,42.38787,"{
  ""coordinates"": [
    -8.325650641300000e+01,
    4.238786869500010e+01
  ],
  ""type"": ""Point""
}","{
  ""coordinates"": [
    -83.256506413,
    42.387868695
  ],
  ""type"": ""Point""
}",-83.256506413,42.3878686950001
11355,9738486,JOHN R,E I 94,2016-07-04,4,7,2016,1,2,4,1,,4,0,,1,1,4,25,3,2,2,5,0,0,0,0,true,,false,false,false,true,false,,,,,,false,false,false,,,false,false,false,false,false,-83.06673,42.36456,"{
  ""coordinates"": [
    -8.306673247200000e+01,
    4.236455658100000e+01
  ],
  ""type"": ""Point""
}","{
  ""coordinates"": [
    -83.066732472,
    42.364556581
  ],
  ""type"": ""Point""
}",-83.066732472,42.364556581
11356,9740895,I-96,OAKMAN,2016-07-04,4,7,2016,1,2,5,3,,1,0,,1,2,4,70,4,3,3,4,0,0,0,1,false,,false,false,false,false,false,,,,,,false,false,false,,,false,false,false,false,false,-83.14604,42.38618,"{
  ""coordinates"": [
    -8.314604487900000e+01,
    4.238618426500010e+01
  ],
  ""type"": ""Point""
}","{
  ""coordinates"": [
    -83.146044879,
    42.386184265
  ],
  ""type"": ""Point""
}",-83.146044879,42.3861842650001
11357,9740951,WARWICK,SAWYER,2016-07-04,4,7,2016,14,2,8,9,,,0,,1,2,1,25,2,2,3,4,0,0,0,2,false,,false,false,true,false,false,,,,,,false,false,false,,,false,false,false,false,false,-83.22701,42.34679,"{
  ""coordinates"": [
    -8.322700596599999e+01,
    4.234679116200000e+01
  ],
  ""type"": ""Point""
}","{
  ""coordinates"": [
    -83.227005966,
    42.346791162
  ],
  ""type"": ""Point""
}",-83.227005966,42.346791162
11358,9739071,ARDMORE,CURTIS,2016-07-04,4,7,2016,0,2,8,9,,,0,,1,1,4,25,1,2,0,5,0,0,0,0,true,,false,false,true,false,false,,,,,,false,false,false,,,false,false,false,false,false,-83.18497,42.42414,"{
  ""coordinates"": [
    -8.318496638600000e+01,
    4.242413620500000e+01
  ],
  ""type"": ""Point""
}","{
  ""coordinates"": [
    -83.184966386,
    42.424136205
  ],
  ""type"": ""Point""
}",-83.184966386,42.424136205
11359,9739036,VERNOR,SAINT AUBIN,2016-07-04,4,7,2016,1,2,8,9,,4,0,,1,1,4,25,5,2,1,5,0,0,0,0,true,,false,false,true,false,false,,,,,,false,false,false,,,false,false,false,false,false,-83.03393,42.34864,"{
  ""coordinates"": [
    -8.303393170000000e+01,
    4.234863597700010e+01
  ],
  ""type"": ""Point""
}","{
  ""coordinates"": [
    -83.0339317,
    42.348635977
  ],
  ""type"": ""Point""
}",-83.0339317,42.3486359770001
11360,9740956,OUTER,RUTHERFORD,2016-07-04,4,7,2016,13,2,4,9,,2,0,,1,1,1,35,2,2,3,4,0,0,0,1,false,,false,false,false,false,false,,,,,,false,false,true,,,false,false,false,false,false,-83.20477,42.41935,"{
  ""coordinates"": [
    -8.320476186000000e+01,
    4.241934809700010e+01
  ],
  ""type"": ""Point""
}","{
  ""coordinates"": [
    -83.20476186,
    42.419348097
  ],
  ""type"": ""Point""
}",-83.20476186,42.4193480970001
11361,9739821,GREENFIELD,CHICAGO,2016-07-04,4,7,2016,2,2,97,9,,2,0,,1,1,3,35,2,2,2,5,0,0,0,0,true,,false,false,true,false,false,,,,,,false,false,false,,,false,false,false,false,false,-83.19724,42.36399,"{
  ""coordinates"": [
    -8.319723807199991e+01,
    4.236399161800010e+01
  ],
  ""type"": ""Point""
}","{
  ""coordinates"": [
    -83.197238072,
    42.363991618
  ],
  ""type"": ""Point""
}",-83.1972380719999,42.3639916180001
11362,9740961,DAVISON,LINWOOD,2016-07-04,4,7,2016,20,2,5,3,,1,0,,1,98,98,35,4,2,3,5,0,0,0,0,true,,false,false,true,false,false,,,,,,false,false,false,,,false,false,false,false,false,-83.12227,42.39293,"{
  ""coordinates"": [
    -8.312226694000000e+01,
    4.239292492100000e+01
  ],
  ""type"": ""Point""
}","{
  ""coordinates"": [
    -83.12226694,
    42.392924921
  ],
  ""type"": ""Point""
}",-83.12226694,42.392924921
11363,9753602,CARPENTER,CONANT,2016-07-04,4,7,2016,12,2,8,9,,4,0,,1,1,1,35,2,2,3,5,0,0,0,0,true,,false,false,true,false,false,,,,,,false,false,false,,,false,false,false,false,false,-83.05717,42.40894,"{
  ""coordinates"": [
    -8.305716809300000e+01,
    4.240894075500010e+01
  ],
  ""type"": ""Point""
}","{
  ""coordinates"": [
    -83.057168093,
    42.408940755
  ],
  ""type"": ""Point""
}",-83.057168093,42.4089407550001
11364,9743114,7 MILE,SCHOENHERR,2016-07-04,4,7,2016,18,2,97,9,,4,0,,1,1,1,35,4,3,4,5,0,0,0,0,true,,false,false,true,false,false,,,,,,false,false,true,,,false,false,false,false,false,-82.98504,42.43492,"{
  ""coordinates"": [
    -8.298503846700000e+01,
    4.243491675300000e+01
  ],
  ""type"": ""Point""
}","{
  ""coordinates"": [
    -82.985038467,
    42.434916753
  ],
  ""type"": ""Point""
}",-82.985038467,42.434916753
11365,9743156,MONICA,PURITAN,2016-07-04,4,7,2016,23,2,9,9,,,2,,1,1,5,25,2,2,0,5,0,0,0,0,true,,false,false,true,false,false,,,,,,false,false,false,,,false,false,false,false,false,-83.14375,42.40932,"{
  ""coordinates"": [
    -8.314374988400000e+01,
    4.240931921700010e+01
  ],
  ""type"": ""Point""
}","{
  ""coordinates"": [
    -83.143749884,
    42.409319217
  ],
  ""type"": ""Point""
}",-83.143749884,42.4093192170001
11366,9740962,GRAND,FULLERTON,2016-07-04,4,7,2016,10,2,5,3,,1,0,,98,98,98,35,4,2,6,5,0,0,0,0,true,,false,false,false,false,false,,,,,,false,false,false,,,false,false,false,false,false,-83.16795,42.3804,"{
  ""coordinates"": [
    -8.316794748400000e+01,
    4.238039904600000e+01
  ],
  ""type"": ""Point""
}","{
  ""coordinates"": [
    -83.167947484,
    42.380399046
  ],
  ""type"": ""Point""
}",-83.167947484,42.380399046
11367,9743112,CHALMERS,GLENFIELD,2016-07-04,4,7,2016,20,2,4,9,,4,0,,1,1,1,30,3,2,3,5,0,0,0,0,true,,false,false,false,false,false,,,,,,false,false,false,,,false,false,false,false,false,-82.97283,42.41771,"{
  ""coordinates"": [
    -8.297283058799999e+01,
    4.241770553500000e+01
  ],
  ""type"": ""Point""
}","{
  ""coordinates"": [
    -82.972830588,
    42.417705535
  ],
  ""type"": ""Point""
}",-82.972830588,42.417705535
11368,9739014,GARVIN,FENELON,2016-07-04,4,7,2016,0,2,8,9,,,0,,1,1,4,25,2,2,0,5,0,0,0,0,true,,false,false,true,false,false,,,,,,false,false,false,,,false,false,false,false,false,-83.05246,42.4109,"{
  ""coordinates"": [
    -8.305246263100000e+01,
    4.241090033400010e+01
  ],
  ""type"": ""Point""
}","{
  ""coordinates"": [
    -83.052462631,
    42.410900334
  ],
  ""type"": ""Point""
}",-83.052462631,42.4109003340001
11369,9743061,CAMERON,WESTMINSTER,2016-07-04,4,7,2016,22,2,98,9,,,0,,1,1,5,25,2,2,0,5,0,0,0,0,true,,false,false,true,false,false,,,,,,false,false,false,,,false,false,false,false,false,-83.0723,42.38875,"{
  ""coordinates"": [
    -8.307230592199990e+01,
    4.238875163700000e+01
  ],
  ""type"": ""Point""
}","{
  ""coordinates"": [
    -83.072305922,
    42.388751637
  ],
  ""type"": ""Point""
}",-83.0723059219999,42.388751637
11370,9743102,SOUTHFIELD SERVICE DRIVE,GRAND RIVER,2016-07-04,4,7,2016,18,2,97,3,,4,0,,1,1,1,55,3,2,2,5,0,0,0,0,true,,false,false,false,false,false,,,,,,false,false,true,,,false,false,false,false,false,-83.21859,42.40082,"{
  ""coordinates"": [
    -8.321858780500000e+01,
    4.240082126400010e+01
  ],
  ""type"": ""Point""
}","{
  ""coordinates"": [
    -83.218587805,
    42.400821264
  ],
  ""type"": ""Point""
}",-83.218587805,42.4008212640001
11371,9739045,7 MILE,LIVERNOIS,2016-07-04,4,7,2016,5,2,5,9,,2,0,,1,1,4,35,2,2,2,4,0,0,0,1,false,,false,false,false,false,false,,,,,,false,false,false,,,false,false,false,false,false,-83.14148,42.43161,"{
  ""coordinates"": [
    -8.314147662200000e+01,
    4.243160505300010e+01
  ],
  ""type"": ""Point""
}","{
  ""coordinates"": [
    -83.141476622,
    42.431605053
  ],
  ""type"": ""Point""
}",-83.141476622,42.4316050530001
11372,9737778,SPRING GARDEN,CELESTINE,2016-07-03,3,7,2016,4,1,3,9,,,0,,1,1,4,25,2,2,5,5,0,0,0,0,true,,false,false,false,false,false,,,,,,false,false,false,,,false,false,false,false,false,-82.97296,42.42793,"{
  ""coordinates"": [
    -8.297295876600000e+01,
    4.242792833800010e+01
  ],
  ""type"": ""Point""
}","{
  ""coordinates"": [
    -82.972958766,
    42.427928338
  ],
  ""type"": ""Point""
}",-82.972958766,42.4279283380001
11373,9740949,GRAND RIVER,7 MILE,2016-07-03,3,7,2016,12,1,8,3,,1,0,,1,1,1,30,3,2,5,4,0,0,0,3,false,,false,false,false,false,false,,,,,,false,false,false,,,false,false,false,false,false,-83.28687,42.42842,"{
  ""coordinates"": [
    -8.328687038500000e+01,
    4.242841906400000e+01
  ],
  ""type"": ""Point""
}","{
  ""coordinates"": [
    -83.286870385,
    42.428419064
  ],
  ""type"": ""Point""
}",-83.286870385,42.428419064
11374,9738476,96 LOCAL,FULLERTON,2016-07-03,3,7,2016,3,1,8,1,,1,0,,1,2,4,55,1,2,3,3,0,0,1,0,false,,false,false,true,false,false,,,,,,false,false,true,,,false,false,true,false,false,-83.21661,42.3797,"{
  ""coordinates"": [
    -8.321660765000000e+01,
    4.237970300000010e+01
  ],
  ""type"": ""Point""
}","{
  ""coordinates"": [
    -83.21660765,
    42.379703
  ],
  ""type"": ""Point""
}",-83.21660765,42.3797030000001
11375,9738481,CENTRAL,GARDEN,2016-07-03,3,7,2016,11,1,1,9,,4,1,,1,2,1,25,1,1,0,5,0,0,0,0,true,,false,false,true,false,false,,,,,,false,false,false,,,false,false,false,false,false,-83.14613,42.3539,"{
  ""coordinates"": [
    -8.314613372399999e+01,
    4.235389801200010e+01
  ],
  ""type"": ""Point""
}","{
  ""coordinates"": [
    -83.146133724,
    42.353898012
  ],
  ""type"": ""Point""
}",-83.146133724,42.3538980120001
11376,9746794,HOLBROOK,WOODWARD,2016-07-03,3,7,2016,3,1,2,9,,4,2,,1,1,4,25,2,2,1,5,0,0,0,0,true,,false,false,true,false,false,,,,,,false,false,false,,,false,false,false,false,false,-83.07992,42.38136,"{
  ""coordinates"": [
    -8.307992036699990e+01,
    4.238135559600000e+01
  ],
  ""type"": ""Point""
}","{
  ""coordinates"": [
    -83.079920367,
    42.381355596
  ],
  ""type"": ""Point""
}",-83.0799203669999,42.381355596
11377,9738494,TURNER,LIVERNOIS,2016-07-03,3,7,2016,2,1,9,9,,4,0,,98,98,98,35,3,2,1,5,0,0,0,0,true,,false,false,true,false,false,,,,,,false,false,false,,,false,false,false,false,false,-83.13875,42.36681,"{
  ""coordinates"": [
    -8.313875061000000e+01,
    4.236680774900000e+01
  ],
  ""type"": ""Point""
}","{
  ""coordinates"": [
    -83.13875061,
    42.366807749
  ],
  ""type"": ""Point""
}",-83.13875061,42.366807749
11378,9739083,LESURE,JAMES COUZENS,2016-07-03,3,7,2016,10,1,5,9,,,3,,1,1,1,0,1,3,1,5,0,0,0,0,true,,false,false,false,false,false,,,,,,false,true,false,,,false,false,false,false,false,-83.18271,42.42776,"{
  ""coordinates"": [
    -8.318270703600000e+01,
    4.242776662500010e+01
  ],
  ""type"": ""Point""
}","{
  ""coordinates"": [
    -83.182707036,
    42.427766625
  ],
  ""type"": ""Point""
}",-83.182707036,42.4277666250001
11379,9740948,FENKELL,WYOMING,2016-07-03,3,7,2016,15,1,4,9,,4,0,,1,1,1,30,3,2,1,5,0,0,0,0,true,,false,false,true,false,false,,,,,,false,true,false,,,false,false,false,false,false,-83.15964,42.40252,"{
  ""coordinates"": [
    -8.315964059100000e+01,
    4.240251413900010e+01
  ],
  ""type"": ""Point""
}","{
  ""coordinates"": [
    -83.159640591,
    42.402514139
  ],
  ""type"": ""Point""
}",-83.159640591,42.4025141390001
11380,9738496,DEXTER,DAVISON,2016-07-03,3,7,2016,12,1,4,3,,4,0,,1,1,1,30,6,2,2,5,0,0,0,0,true,,true,true,true,false,false,,,,,,false,false,false,,,false,false,false,false,false,-83.13087,42.38974,"{
  ""coordinates"": [
    -8.313086397700000e+01,
    4.238974160200010e+01
  ],
  ""type"": ""Point""
}","{
  ""coordinates"": [
    -83.130863977,
    42.389741602
  ],
  ""type"": ""Point""
}",-83.130863977,42.3897416020001
11381,9738482,GREENFIELD,PURITAN,2016-07-03,3,7,2016,13,1,4,9,,2,0,,1,2,1,35,5,2,2,5,0,0,0,0,true,,false,false,false,false,false,,,,,,false,false,true,,,false,false,false,false,false,-83.19901,42.40888,"{
  ""coordinates"": [
    -8.319901409900000e+01,
    4.240888153500000e+01
  ],
  ""type"": ""Point""
}","{
  ""coordinates"": [
    -83.199014099,
    42.408881535
  ],
  ""type"": ""Point""
}",-83.199014099,42.408881535
11382,9739034,MOUND,7 MILE,2016-07-03,3,7,2016,15,1,1,9,,2,0,,1,1,1,35,6,1,1,2,0,1,0,0,false,,false,false,false,false,false,,,,,,false,false,false,,,false,false,true,false,false,-83.04338,42.43356,"{
  ""coordinates"": [
    -8.304338173199990e+01,
    4.243355927400010e+01
  ],
  ""type"": ""Point""
}","{
  ""coordinates"": [
    -83.043381732,
    42.433559274
  ],
  ""type"": ""Point""
}",-83.0433817319999,42.4335592740001
11383,9739836,VAUGHAN,GRAND RIVER,2016-07-03,3,7,2016,19,1,97,3,,,0,,1,1,1,25,1,2,1,5,0,0,0,0,true,,false,false,true,false,false,,,,,,false,false,false,,,false,false,false,false,false,-83.23898,42.40926,"{
  ""coordinates"": [
    -8.323897311499999e+01,
    4.240926389800010e+01
  ],
  ""type"": ""Point""
}","{
  ""coordinates"": [
    -83.238973115,
    42.409263898
  ],
  ""type"": ""Point""
}",-83.238973115,42.4092638980001
11384,9739057,MCNICHOLS,S I 75,2016-07-03,3,7,2016,15,1,1,1,,2,1,,1,1,1,35,4,1,2,5,0,0,0,0,true,,false,false,true,false,false,,,,,,false,false,false,,,false,false,false,false,false,-83.08801,42.41809,"{
  ""coordinates"": [
    -8.308801620400000e+01,
    4.241808593100010e+01
  ],
  ""type"": ""Point""
}","{
  ""coordinates"": [
    -83.088016204,
    42.418085931
  ],
  ""type"": ""Point""
}",-83.088016204,42.4180859310001
11385,9740926,GRAND,WABASH,2016-07-03,3,7,2016,3,1,1,9,,4,0,,1,1,4,35,2,1,2,5,0,0,0,0,true,,false,false,false,false,false,,,,,,false,false,true,,,false,false,false,false,false,-83.09319,42.3628,"{
  ""coordinates"": [
    -8.309319354199990e+01,
    4.236279826200010e+01
  ],
  ""type"": ""Point""
}","{
  ""coordinates"": [
    -83.093193542,
    42.362798262
  ],
  ""type"": ""Point""
}",-83.0931935419999,42.3627982620001
11386,9738483,SCHAEFER,MCNICHOLS,2016-07-03,3,7,2016,10,1,5,9,,4,0,,1,1,1,30,4,2,1,5,0,0,0,0,true,,false,false,true,false,false,,,,,,false,false,false,,,false,false,false,false,false,-83.17981,42.41686,"{
  ""coordinates"": [
    -8.317981089200001e+01,
    4.241686379200010e+01
  ],
  ""type"": ""Point""
}","{
  ""coordinates"": [
    -83.179810892,
    42.416863792
  ],
  ""type"": ""Point""
}",-83.179810892,42.4168637920001
11387,9739086,WOODSTOCK,LICHFIELD,2016-07-03,3,7,2016,13,1,5,9,,,0,,1,1,1,25,1,2,1,5,0,0,0,0,true,,false,false,false,false,false,,,,,,false,true,false,,,false,false,false,false,false,-83.13232,42.44531,"{
  ""coordinates"": [
    -8.313231356300000e+01,
    4.244531136900010e+01
  ],
  ""type"": ""Point""
}","{
  ""coordinates"": [
    -83.132313563,
    42.445311369
  ],
  ""type"": ""Point""
}",-83.132313563,42.4453113690001
11388,9738492,MURRAY,MARGARETA,2016-07-03,3,7,2016,5,1,97,9,,,0,,1,1,4,25,2,4,1,4,0,0,0,1,false,,false,false,false,true,false,,,,,,false,true,true,,,false,false,false,false,false,-83.20835,42.42692,"{
  ""coordinates"": [
    -8.320834925199991e+01,
    4.242691801800000e+01
  ],
  ""type"": ""Point""
}","{
  ""coordinates"": [
    -83.208349252,
    42.426918018
  ],
  ""type"": ""Point""
}",-83.2083492519999,42.426918018
11389,9743942,OUTER,FENELON,2016-07-03,3,7,2016,19,1,5,9,,2,0,,1,1,1,35,3,4,3,1,1,0,0,2,false,,false,false,true,false,false,,,,,,true,false,true,,,false,false,false,false,false,-83.05421,42.44072,"{
  ""coordinates"": [
    -8.305420980100000e+01,
    4.244071534400010e+01
  ],
  ""type"": ""Point""
}","{
  ""coordinates"": [
    -83.054209801,
    42.440715344
  ],
  ""type"": ""Point""
}",-83.054209801,42.4407153440001
11390,9739056,CONANT,REMINGTON,2016-07-03,3,7,2016,13,1,5,9,,4,0,,1,1,1,30,2,2,3,5,0,0,0,0,true,,false,false,false,false,false,,,,,,false,false,false,,,false,false,false,false,false,-83.08023,42.44205,"{
  ""coordinates"": [
    -8.308022886600000e+01,
    4.244204570200000e+01
  ],
  ""type"": ""Point""
}","{
  ""coordinates"": [
    -83.080228866,
    42.442045702
  ],
  ""type"": ""Point""
}",-83.080228866,42.442045702
11391,9739048,KLINGER,MCPHERSON,2016-07-03,3,7,2016,2,1,9,9,,,2,,1,1,4,25,2,2,0,5,0,0,0,0,true,,false,false,true,false,false,,,,,,false,false,false,,,false,false,false,false,false,-83.05952,42.40914,"{
  ""coordinates"": [
    -8.305951392000000e+01,
    4.240914333200000e+01
  ],
  ""type"": ""Point""
}","{
  ""coordinates"": [
    -83.05951392,
    42.409143332
  ],
  ""type"": ""Point""
}",-83.05951392,42.409143332
11392,9745778,SAINT CLAIR,JEFFERSON,2016-07-03,3,7,2016,20,1,8,9,,,0,,1,1,1,0,2,2,3,5,0,0,0,0,true,,false,false,true,false,false,,,,,,false,false,true,,,false,false,false,false,false,-82.97825,42.36382,"{
  ""coordinates"": [
    -8.297824940100000e+01,
    4.236381856600010e+01
  ],
  ""type"": ""Point""
}","{
  ""coordinates"": [
    -82.978249401,
    42.363818566
  ],
  ""type"": ""Point""
}",-82.978249401,42.3638185660001
11393,9740937,GARTNER,GREEN,2016-07-03,3,7,2016,15,1,5,9,,,0,,1,1,1,25,4,2,3,5,0,0,0,0,true,,false,false,false,false,false,,,,,,false,true,false,,,false,false,false,false,false,-83.11909,42.31139,"{
  ""coordinates"": [
    -8.311908527000000e+01,
    4.231139262400010e+01
  ],
  ""type"": ""Point""
}","{
  ""coordinates"": [
    -83.11908527,
    42.311392624
  ],
  ""type"": ""Point""
}",-83.11908527,42.3113926240001
11394,9737760,SCHOOLCRAFT,ROSEMONT,2016-07-03,3,7,2016,0,1,8,9,,2,0,,1,1,4,0,2,2,3,5,0,0,0,0,true,,false,false,false,false,false,,,,,,false,false,true,,,false,false,false,false,false,-83.21983,42.38663,"{
  ""coordinates"": [
    -8.321983174000000e+01,
    4.238663296300010e+01
  ],
  ""type"": ""Point""
}","{
  ""coordinates"": [
    -83.21983174,
    42.386632963
  ],
  ""type"": ""Point""
}",-83.21983174,42.3866329630001
11395,9739838,N M 39 SERVICE DRIVE,JOY,2016-07-03,3,7,2016,16,1,8,9,,4,0,,1,2,1,30,2,2,1,4,0,0,0,1,false,,false,false,true,false,false,,,,,,false,false,false,,,false,false,false,false,false,-83.21606,42.35781,"{
  ""coordinates"": [
    -8.321606358000000e+01,
    4.235781087000000e+01
  ],
  ""type"": ""Point""
}","{
  ""coordinates"": [
    -83.21606358,
    42.35781087
  ],
  ""type"": ""Point""
}",-83.21606358,42.35781087
11396,9739024,CAVALRY,CADET,2016-07-03,3,7,2016,20,1,8,9,,,0,,1,1,1,25,2,2,0,5,0,0,0,0,true,,false,false,true,false,false,,,,,,false,false,false,,,false,false,false,false,false,-83.10491,42.31523,"{
  ""coordinates"": [
    -8.310491243000000e+01,
    4.231522674300000e+01
  ],
  ""type"": ""Point""
}","{
  ""coordinates"": [
    -83.10491243,
    42.315226743
  ],
  ""type"": ""Point""
}",-83.10491243,42.315226743
11397,9738497,8 MILE,GREENFIELD,2016-07-03,3,7,2016,14,1,97,3,,1,0,,1,1,1,35,3,2,1,4,0,0,0,1,false,,false,false,false,false,false,,,,,,true,false,false,,,false,false,false,false,false,-83.20051,42.44479,"{
  ""coordinates"": [
    -8.320051184600000e+01,
    4.244478560700000e+01
  ],
  ""type"": ""Point""
}","{
  ""coordinates"": [
    -83.200511846,
    42.444785607
  ],
  ""type"": ""Point""
}",-83.200511846,42.444785607
11398,9743103,GRAND RIVER,7 MILE,2016-07-03,3,7,2016,11,1,2,3,,1,0,,98,98,1,45,3,2,1,5,0,0,0,0,true,,false,false,false,false,false,,,,,,false,false,true,,,false,false,false,false,false,-83.2872,42.42855,"{
  ""coordinates"": [
    -8.328719876799990e+01,
    4.242855279300010e+01
  ],
  ""type"": ""Point""
}","{
  ""coordinates"": [
    -83.287198768,
    42.428552793
  ],
  ""type"": ""Point""
}",-83.2871987679999,42.4285527930001
11399,9778000,PLYMOUTH,SAINT MARYS,2016-07-03,3,7,2016,2,1,2,9,,4,0,,1,2,4,30,2,2,3,2,0,2,0,1,false,,false,false,false,true,true,,,,,,false,false,false,,,false,false,false,false,false,-83.20482,42.37247,"{
  ""coordinates"": [
    -8.320481811199990e+01,
    4.237246884300000e+01
  ],
  ""type"": ""Point""
}","{
  ""coordinates"": [
    -83.204818112,
    42.372468843
  ],
  ""type"": ""Point""
}",-83.2048181119999,42.372468843