ObjectId,Crash ID,Primary Road,Intersecting Road,Crash Date,Day,Month,Year,Hour,Weekday,Crash Type Code,Highway Classification Code,Community Code,Jurisdiction Code,Lane Departure Type Code,Surface Type,Road Condition,Weather Condition,Lighting Condition,Speed Limit,Lanes,Units,Occupants,Most Severe Injury,Fatal Injuries,Suspected Serious Injuries,Suspected Minor Injuries,Possible Injuries,Property Damage Only,Secondary Crash,Traffic Control,Red Light Run,Hit and Run,Alcohol,Drugs,Unbelted Person,Work Zone,Speeding Driver,Distracted Driver,Driveway,Pedestrian,Elderly Driver,Young Driver,Commercial Vehicle,Emergency Vehicles,Train,School Bus,Motorcycle,Bicycle,Deer,Longitude,Latitude,geom,geog,x,y
11457,9737724,GRATIOT,MARCUS,2016-07-02,2,7,2016,13,7,3,3,,1,0,,1,1,1,35,7,2,3,4,0,0,0,1,false,,false,false,false,false,false,,,,,,false,false,true,,,false,false,false,false,false,-83.00248,42.39727,"{
  ""coordinates"": [
    -8.300248261699990e+01,
    4.239727492000000e+01
  ],
  ""type"": ""Point""
}","{
  ""coordinates"": [
    -83.002482617,
    42.39727492
  ],
  ""type"": ""Point""
}",-83.0024826169999,42.39727492
11458,9743131,TIREMAN,IRONWOOD,2016-07-02,2,7,2016,2,7,5,9,,4,0,,98,98,98,30,2,2,1,5,0,0,0,0,true,,false,false,true,false,false,,,,,,false,false,true,,,false,false,false,false,false,-83.12176,42.35217,"{
  ""coordinates"": [
    -8.312175567799990e+01,
    4.235216621100010e+01
  ],
  ""type"": ""Point""
}","{
  ""coordinates"": [
    -83.121755678,
    42.352166211
  ],
  ""type"": ""Point""
}",-83.1217556779999,42.3521662110001
11459,9753568,FORD,AUTO CLUB,2016-07-02,2,7,2016,14,7,8,3,,1,0,,1,1,1,45,2,2,4,5,0,0,0,0,true,,false,false,false,false,false,,,,,,false,false,false,,,false,false,false,false,false,-83.22474,42.32895,"{
  ""coordinates"": [
    -8.322473763499990e+01,
    4.232894327700010e+01
  ],
  ""type"": ""Point""
}","{
  ""coordinates"": [
    -83.224737635,
    42.328943277
  ],
  ""type"": ""Point""
}",-83.2247376349999,42.3289432770001
11460,9737692,WOODWARD,ELIZABETH,2016-07-02,2,7,2016,5,7,1,3,,1,0,,1,1,1,25,2,2,0,2,0,1,0,0,false,,false,false,true,false,false,,,,,,true,false,false,,,false,false,false,false,false,-83.05141,42.33778,"{
  ""coordinates"": [
    -8.305140959499990e+01,
    4.233778191000000e+01
  ],
  ""type"": ""Point""
}","{
  ""coordinates"": [
    -83.051409595,
    42.33778191
  ],
  ""type"": ""Point""
}",-83.0514095949999,42.33778191
11461,9747645,BAGLEY,GRAND RIVER,2016-07-02,2,7,2016,0,7,4,9,,4,0,,1,1,4,25,2,2,2,5,0,0,0,0,true,,false,false,false,false,false,,,,,,false,false,true,,,false,false,false,false,false,-83.05311,42.33432,"{
  ""coordinates"": [
    -8.305311106700000e+01,
    4.233432553200000e+01
  ],
  ""type"": ""Point""
}","{
  ""coordinates"": [
    -83.053111067,
    42.334325532
  ],
  ""type"": ""Point""
}",-83.053111067,42.334325532
11462,9739043,CONNER CREEK,COLLEGE,2016-07-02,2,7,2016,8,7,8,9,,4,0,,1,1,2,0,2,3,1,5,0,0,0,0,true,,false,false,true,false,false,,,,,,false,false,false,,,false,false,false,false,false,-83.00832,42.41382,"{
  ""coordinates"": [
    -8.300832078600000e+01,
    4.241381982400000e+01
  ],
  ""type"": ""Point""
}","{
  ""coordinates"": [
    -83.008320786,
    42.413819824
  ],
  ""type"": ""Point""
}",-83.008320786,42.413819824
11463,9737762,7MILE,OAKFIELD,2016-07-02,2,7,2016,18,7,6,9,,2,0,,1,1,1,35,5,2,3,5,0,0,0,0,true,,false,false,false,false,false,,,,,,false,false,false,,,false,false,false,false,false,-83.21511,42.43013,"{
  ""coordinates"": [
    -8.321511187800000e+01,
    4.243012972900000e+01
  ],
  ""type"": ""Point""
}","{
  ""coordinates"": [
    -83.215111878,
    42.430129729
  ],
  ""type"": ""Point""
}",-83.215111878,42.430129729
11464,9744828,FAUST,WARREN,2016-07-02,2,7,2016,16,7,97,9,,,0,,1,1,1,35,6,2,2,5,0,0,0,0,true,,false,false,false,false,false,,,,,,false,false,false,,,false,false,false,false,false,-83.22079,42.34333,"{
  ""coordinates"": [
    -8.322079059299990e+01,
    4.234332566000010e+01
  ],
  ""type"": ""Point""
}","{
  ""coordinates"": [
    -83.220790593,
    42.34332566
  ],
  ""type"": ""Point""
}",-83.2207905929999,42.3433256600001
11465,9741868,RAMP 030B,N I 75,2016-07-02,2,7,2016,2,7,4,1,,1,0,,1,1,4,55,2,2,2,5,0,0,0,0,true,,false,false,false,false,false,,,,,,false,false,true,,,false,false,false,false,false,-83.1281,42.29339,"{
  ""coordinates"": [
    -8.312809825499990e+01,
    4.229338787000010e+01
  ],
  ""type"": ""Point""
}","{
  ""coordinates"": [
    -83.128098255,
    42.29338787
  ],
  ""type"": ""Point""
}",-83.1280982549999,42.2933878700001
11466,9739025,JUNCTION,VERNOR,2016-07-02,2,7,2016,22,7,2,9,,4,2,,1,1,4,25,2,2,1,5,0,0,0,0,true,,false,false,true,false,false,,,,,,false,true,false,,,false,false,false,false,false,-83.102,42.31806,"{
  ""coordinates"": [
    -8.310199941699990e+01,
    4.231806141400010e+01
  ],
  ""type"": ""Point""
}","{
  ""coordinates"": [
    -83.101999417,
    42.318061414
  ],
  ""type"": ""Point""
}",-83.1019994169999,42.3180614140001
11467,9737743,GRAND RIVER,SOUTHFIELD SERVICE DRIVE,2016-07-02,2,7,2016,12,7,5,3,,1,0,,1,1,1,30,2,2,2,5,0,0,0,0,true,,false,false,false,false,false,,,,,,false,false,false,,,false,false,false,false,false,-83.21793,42.40056,"{
  ""coordinates"": [
    -8.321792996100000e+01,
    4.240055714800010e+01
  ],
  ""type"": ""Point""
}","{
  ""coordinates"": [
    -83.217929961,
    42.400557148
  ],
  ""type"": ""Point""
}",-83.217929961,42.4005571480001
11468,9740865,S M 10,RAMP 105C,2016-07-02,2,7,2016,2,7,1,3,,1,1,,1,1,4,55,4,1,1,5,0,0,0,0,true,,false,false,false,false,false,,,,,,false,false,false,,,false,false,false,false,false,-83.15367,42.4047,"{
  ""coordinates"": [
    -8.315367428600000e+01,
    4.240470227400000e+01
  ],
  ""type"": ""Point""
}","{
  ""coordinates"": [
    -83.153674286,
    42.404702274
  ],
  ""type"": ""Point""
}",-83.153674286,42.404702274
11469,9740893,M39,OUTER,2016-07-02,2,7,2016,0,7,8,3,,1,0,,1,2,4,55,3,2,1,3,0,0,1,0,false,,false,false,true,false,false,,,,,,false,false,false,,,false,false,false,false,false,-83.21883,42.41963,"{
  ""coordinates"": [
    -8.321883234200000e+01,
    4.241962692200010e+01
  ],
  ""type"": ""Point""
}","{
  ""coordinates"": [
    -83.218832342,
    42.419626922
  ],
  ""type"": ""Point""
}",-83.218832342,42.4196269220001
11470,9739059,7 MILE,HUBBELL,2016-07-02,2,7,2016,12,7,4,9,,2,0,,1,1,1,30,4,2,2,5,0,0,0,0,true,,false,false,false,false,false,,,,,,false,false,true,,,false,false,false,false,false,-83.19046,42.43071,"{
  ""coordinates"": [
    -8.319046009700000e+01,
    4.243070515100000e+01
  ],
  ""type"": ""Point""
}","{
  ""coordinates"": [
    -83.190460097,
    42.430705151
  ],
  ""type"": ""Point""
}",-83.190460097,42.430705151
11471,9739080,7 MILE,LIVERNOIS,2016-07-02,2,7,2016,11,7,8,9,,2,0,,1,1,1,30,6,2,1,4,0,0,0,1,false,,false,false,true,false,false,,,,,,false,false,false,,,false,false,false,false,false,-83.14109,42.43161,"{
  ""coordinates"": [
    -8.314109384900000e+01,
    4.243161261600010e+01
  ],
  ""type"": ""Point""
}","{
  ""coordinates"": [
    -83.141093849,
    42.431612616
  ],
  ""type"": ""Point""
}",-83.141093849,42.4316126160001
11472,9737800,COVINGTON,2ND,2016-07-02,2,7,2016,1,7,5,9,,,0,,1,1,4,25,2,2,1,5,0,0,0,0,true,,false,false,true,false,false,,,,,,false,false,false,,,false,false,false,false,false,-83.11189,42.42027,"{
  ""coordinates"": [
    -8.311189396100001e+01,
    4.242026388600000e+01
  ],
  ""type"": ""Point""
}","{
  ""coordinates"": [
    -83.111893961,
    42.420263886
  ],
  ""type"": ""Point""
}",-83.111893961,42.420263886
11473,9737798,CURTIS,STANSBURY,2016-07-02,2,7,2016,9,7,4,9,,,0,,1,1,1,25,1,2,1,5,0,0,0,0,true,,false,false,true,false,false,,,,,,false,false,false,,,false,false,false,false,false,-83.18406,42.42369,"{
  ""coordinates"": [
    -8.318405893600000e+01,
    4.242369559800010e+01
  ],
  ""type"": ""Point""
}","{
  ""coordinates"": [
    -83.184058936,
    42.423695598
  ],
  ""type"": ""Point""
}",-83.184058936,42.4236955980001
11474,9737748,LOITER,PICNIC,2016-07-02,2,7,2016,18,7,8,3,,1,3,,1,2,1,25,4,2,0,5,0,0,0,0,true,,false,false,true,false,false,,,,,,false,false,false,,,false,false,false,false,false,-82.98893,42.336,"{
  ""coordinates"": [
    -8.298892975299999e+01,
    4.233600383200010e+01
  ],
  ""type"": ""Point""
}","{
  ""coordinates"": [
    -82.988929753,
    42.336003832
  ],
  ""type"": ""Point""
}",-82.988929753,42.3360038320001
11475,9737759,MCNICHOLS,SAINT MARYS,2016-07-02,2,7,2016,4,7,1,9,,2,1,,2,1,4,20,1,1,1,5,0,0,0,0,true,,false,false,false,false,false,,,,,,false,false,false,,,false,false,false,false,false,-83.20699,42.4158,"{
  ""coordinates"": [
    -8.320698934900000e+01,
    4.241580336400010e+01
  ],
  ""type"": ""Point""
}","{
  ""coordinates"": [
    -83.206989349,
    42.415803364
  ],
  ""type"": ""Point""
}",-83.206989349,42.4158033640001
11476,9737667,W I 96,GRAND RIVER,2016-07-01,1,7,2016,7,6,1,1,,1,1,,2,4,1,70,4,1,4,3,0,0,1,1,false,,false,false,false,false,false,,,,,,false,false,false,,,false,false,false,false,false,-83.17648,42.38373,"{
  ""coordinates"": [
    -8.317647751700000e+01,
    4.238372924500000e+01
  ],
  ""type"": ""Point""
}","{
  ""coordinates"": [
    -83.176477517,
    42.383729245
  ],
  ""type"": ""Point""
}",-83.176477517,42.383729245
11477,9743887,I-75,CARPENTER,2016-07-01,1,7,2016,18,6,8,1,,1,0,,1,1,1,55,5,2,1,5,0,0,0,0,true,,false,false,true,false,false,,,,,,false,false,false,,,false,false,false,false,false,-83.07252,42.40337,"{
  ""coordinates"": [
    -8.307252029999999e+01,
    4.240337172000010e+01
  ],
  ""type"": ""Point""
}","{
  ""coordinates"": [
    -83.0725203,
    42.40337172
  ],
  ""type"": ""Point""
}",-83.0725203,42.4033717200001
11478,9737802,GROVE,FREELAND,2016-07-01,1,7,2016,2,6,1,9,,,0,,1,2,4,25,2,1,3,4,0,0,0,1,false,,false,false,false,false,false,,,,,,false,false,false,,,false,false,false,false,false,-83.18615,42.41434,"{
  ""coordinates"": [
    -8.318614619200000e+01,
    4.241434482900010e+01
  ],
  ""type"": ""Point""
}","{
  ""coordinates"": [
    -83.186146192,
    42.414344829
  ],
  ""type"": ""Point""
}",-83.186146192,42.4143448290001
11479,9739011,I-75,MICHIGAN,2016-07-01,1,7,2016,5,6,1,1,,1,1,,2,4,4,55,3,1,1,5,0,0,0,0,true,,false,false,false,false,false,,,,,,false,false,false,,,false,false,false,false,false,-83.0856,42.33035,"{
  ""coordinates"": [
    -8.308559977000000e+01,
    4.233035299500010e+01
  ],
  ""type"": ""Point""
}","{
  ""coordinates"": [
    -83.08559977,
    42.330352995
  ],
  ""type"": ""Point""
}",-83.08559977,42.3303529950001
11480,9737669,I-75,7 MILE,2016-07-01,1,7,2016,14,6,8,1,,1,0,,1,1,1,70,4,2,3,5,0,0,0,0,true,,false,false,false,false,false,,,,,,false,false,false,,,false,false,false,false,false,-83.09444,42.43084,"{
  ""coordinates"": [
    -8.309444113799999e+01,
    4.243083643800000e+01
  ],
  ""type"": ""Point""
}","{
  ""coordinates"": [
    -83.094441138,
    42.430836438
  ],
  ""type"": ""Point""
}",-83.094441138,42.430836438
11481,9737763,FIELDING,SANTA MARIA,2016-07-01,1,7,2016,21,6,3,9,,,0,,1,1,3,25,2,2,1,4,0,0,0,1,false,,false,false,false,false,false,,,,,,false,false,true,,,false,false,false,false,false,-83.24368,42.41709,"{
  ""coordinates"": [
    -8.324367189500001e+01,
    4.241709148100010e+01
  ],
  ""type"": ""Point""
}","{
  ""coordinates"": [
    -83.243671895,
    42.417091481
  ],
  ""type"": ""Point""
}",-83.243671895,42.4170914810001
11482,9737680,N M 39,I 96 SERVICE DRIVE,2016-07-01,1,7,2016,14,6,5,3,,1,0,,1,1,1,55,3,2,2,5,0,0,0,0,true,,false,false,false,false,false,,,,,,false,false,true,,,false,false,false,false,false,-83.21682,42.37743,"{
  ""coordinates"": [
    -8.321681814599999e+01,
    4.237743415200000e+01
  ],
  ""type"": ""Point""
}","{
  ""coordinates"": [
    -83.216818146,
    42.377434152
  ],
  ""type"": ""Point""
}",-83.216818146,42.377434152
11483,9738468,I-94,CONNER,2016-07-01,1,7,2016,7,6,1,1,,1,1,,2,4,1,55,3,1,1,5,0,0,0,0,true,,false,false,false,false,false,,,,,,false,false,false,,,false,false,false,false,false,-82.98354,42.39854,"{
  ""coordinates"": [
    -8.298354300100000e+01,
    4.239854558000010e+01
  ],
  ""type"": ""Point""
}","{
  ""coordinates"": [
    -82.983543001,
    42.39854558
  ],
  ""type"": ""Point""
}",-82.983543001,42.3985455800001
11484,9744778,I-75,MACK,2016-07-01,1,7,2016,10,6,2,1,,1,2,,2,2,1,70,4,2,1,5,0,0,0,0,true,,false,false,true,false,false,,,,,,false,false,false,,,false,false,false,false,false,-83.049,42.35247,"{
  ""coordinates"": [
    -8.304899229999999e+01,
    4.235247344200010e+01
  ],
  ""type"": ""Point""
}","{
  ""coordinates"": [
    -83.0489923,
    42.352473442
  ],
  ""type"": ""Point""
}",-83.0489923,42.3524734420001
11485,9740977,GREENFIELD,MAJESTIC,2016-07-01,1,7,2016,15,6,4,9,,2,0,,1,2,1,35,4,2,5,4,0,0,0,2,false,,false,false,false,false,false,,,,,,false,false,true,,,false,false,true,false,false,-83.19637,42.34606,"{
  ""coordinates"": [
    -8.319636537600000e+01,
    4.234606173400000e+01
  ],
  ""type"": ""Point""
}","{
  ""coordinates"": [
    -83.196365376,
    42.346061734
  ],
  ""type"": ""Point""
}",-83.196365376,42.346061734
11486,9737771,GRATIOT,JOANN,2016-07-01,1,7,2016,5,6,5,3,,1,0,,1,1,1,35,2,3,4,5,0,0,0,0,true,,false,false,false,false,false,,,,,,false,false,false,,,false,false,false,false,false,-82.98563,42.42302,"{
  ""coordinates"": [
    -8.298563204500000e+01,
    4.242302439400000e+01
  ],
  ""type"": ""Point""
}","{
  ""coordinates"": [
    -82.985632045,
    42.423024394
  ],
  ""type"": ""Point""
}",-82.985632045,42.423024394
11487,9737679,I-75,MACK,2016-07-01,1,7,2016,12,6,1,1,,1,1,,2,2,1,70,4,1,1,3,0,0,1,0,false,,false,false,false,false,false,,,,,,false,false,true,,,false,false,true,false,false,-83.049,42.35247,"{
  ""coordinates"": [
    -8.304899229999999e+01,
    4.235247344200010e+01
  ],
  ""type"": ""Point""
}","{
  ""coordinates"": [
    -83.0489923,
    42.352473442
  ],
  ""type"": ""Point""
}",-83.0489923,42.3524734420001
11488,9739021,LARNED,BRUSH,2016-07-01,1,7,2016,7,6,8,9,,4,0,,2,4,1,30,4,2,9,5,0,0,0,0,true,,false,false,false,false,false,,,,,,false,true,false,,,false,false,false,false,false,-83.04138,42.33108,"{
  ""coordinates"": [
    -8.304138245900000e+01,
    4.233108191900000e+01
  ],
  ""type"": ""Point""
}","{
  ""coordinates"": [
    -83.041382459,
    42.331081919
  ],
  ""type"": ""Point""
}",-83.041382459,42.331081919
11489,9866385,MCGRAW,JUNCTION,2016-07-01,1,7,2016,22,6,8,9,,4,0,,1,1,4,30,4,2,4,5,0,0,0,0,true,,false,false,true,false,false,,,,,,false,true,true,,,false,false,false,false,false,-83.12087,42.34341,"{
  ""coordinates"": [
    -8.312087424800001e+01,
    4.234341305000000e+01
  ],
  ""type"": ""Point""
}","{
  ""coordinates"": [
    -83.120874248,
    42.34341305
  ],
  ""type"": ""Point""
}",-83.120874248,42.34341305
11490,9738469,047A,I-75,2016-07-01,1,7,2016,15,6,5,1,,1,0,,1,1,1,55,2,2,1,5,0,0,0,0,true,,false,false,true,false,false,,,,,,false,false,false,,,false,false,false,false,false,-83.07548,42.4064,"{
  ""coordinates"": [
    -8.307547720199990e+01,
    4.240640363100000e+01
  ],
  ""type"": ""Point""
}","{
  ""coordinates"": [
    -83.075477202,
    42.406403631
  ],
  ""type"": ""Point""
}",-83.0754772019999,42.406403631
11491,9739078,CAMBRIDGE,WASHBURN,2016-07-01,1,7,2016,11,6,6,9,,,0,,1,1,1,20,3,2,2,5,0,0,0,0,true,,false,false,true,false,false,,,,,,false,false,false,,,false,false,false,false,false,-83.16238,42.43314,"{
  ""coordinates"": [
    -8.316237584200000e+01,
    4.243313415600010e+01
  ],
  ""type"": ""Point""
}","{
  ""coordinates"": [
    -83.162375842,
    42.433134156
  ],
  ""type"": ""Point""
}",-83.162375842,42.4331341560001
11492,9737676,RAMP 213L,RAMP 213M,2016-07-01,1,7,2016,17,6,5,1,,1,0,,1,1,1,55,3,3,5,5,0,0,0,0,true,,false,false,false,false,false,,,,,,false,false,false,,,false,false,false,false,false,-83.10023,42.35207,"{
  ""coordinates"": [
    -8.310023177100000e+01,
    4.235207469900010e+01
  ],
  ""type"": ""Point""
}","{
  ""coordinates"": [
    -83.100231771,
    42.352074699
  ],
  ""type"": ""Point""
}",-83.100231771,42.3520746990001
11493,9737781,DAVISON,EUREKA,2016-07-01,1,7,2016,22,6,8,9,,4,0,,1,1,4,35,5,2,1,5,0,0,0,0,true,,false,false,true,false,false,,,,,,false,false,true,,,false,false,false,false,false,-83.05588,42.41764,"{
  ""coordinates"": [
    -8.305587691300001e+01,
    4.241764141500000e+01
  ],
  ""type"": ""Point""
}","{
  ""coordinates"": [
    -83.055876913,
    42.417641415
  ],
  ""type"": ""Point""
}",-83.055876913,42.417641415
11494,9737775,7 MILE,RONDO,2016-07-01,1,7,2016,14,6,5,9,,4,0,,1,1,1,25,2,2,3,5,0,0,0,0,true,,false,false,false,false,false,,,,,,false,true,false,,,false,false,false,false,false,-82.9799,42.43502,"{
  ""coordinates"": [
    -8.297990003300001e+01,
    4.243502569200010e+01
  ],
  ""type"": ""Point""
}","{
  ""coordinates"": [
    -82.979900033,
    42.435025692
  ],
  ""type"": ""Point""
}",-82.979900033,42.4350256920001
11495,9737792,7 MILE,RIOPELLE,2016-07-01,1,7,2016,22,6,4,9,,4,0,,1,1,5,0,2,2,2,5,0,0,0,0,true,,false,false,false,false,false,,,,,,false,false,false,,,false,false,false,false,false,-83.08655,42.43278,"{
  ""coordinates"": [
    -8.308654478699999e+01,
    4.243277588600010e+01
  ],
  ""type"": ""Point""
}","{
  ""coordinates"": [
    -83.086544787,
    42.432775886
  ],
  ""type"": ""Point""
}",-83.086544787,42.4327758860001
11496,9739050,DAVISON,HASSE,2016-07-01,1,7,2016,23,6,8,9,,4,0,,1,1,4,40,6,2,3,5,0,0,0,0,true,,false,false,false,false,false,,,,,,false,false,false,,,false,false,false,false,false,-83.05518,42.41791,"{
  ""coordinates"": [
    -8.305517791699999e+01,
    4.241790609900000e+01
  ],
  ""type"": ""Point""
}","{
  ""coordinates"": [
    -83.055177917,
    42.417906099
  ],
  ""type"": ""Point""
}",-83.055177917,42.417906099
11497,9739803,JEFFERSON,MCDOUGALL,2016-07-01,1,7,2016,17,6,8,9,,4,0,,1,1,1,30,3,2,1,5,0,0,0,0,true,,false,false,false,false,false,,,,,,false,false,false,,,false,false,false,false,false,-83.01557,42.34128,"{
  ""coordinates"": [
    -8.301557120500000e+01,
    4.234128039200000e+01
  ],
  ""type"": ""Point""
}","{
  ""coordinates"": [
    -83.015571205,
    42.341280392
  ],
  ""type"": ""Point""
}",-83.015571205,42.341280392
11498,9737733,I 96,SCHOOLCRAFT,2016-07-01,1,7,2016,11,6,8,1,,1,0,,1,1,4,0,4,2,1,5,0,0,0,0,true,,false,false,true,false,false,,,,,,false,true,false,,,false,false,false,false,false,-83.25747,42.38597,"{
  ""coordinates"": [
    -8.325747234799999e+01,
    4.238596954700010e+01
  ],
  ""type"": ""Point""
}","{
  ""coordinates"": [
    -83.257472348,
    42.385969547
  ],
  ""type"": ""Point""
}",-83.257472348,42.3859695470001
11499,9739037,18634 GRANDVILLE,MARGARETA,2016-07-01,1,7,2016,17,6,4,9,,,0,,1,1,1,25,2,2,3,5,0,0,0,0,true,,false,false,false,false,false,,,,,,false,false,false,,,false,false,false,false,false,-83.23206,42.42743,"{
  ""coordinates"": [
    -8.323205232700001e+01,
    4.242743490400010e+01
  ],
  ""type"": ""Point""
}","{
  ""coordinates"": [
    -83.232052327,
    42.427434904
  ],
  ""type"": ""Point""
}",-83.232052327,42.4274349040001
11500,9737660,I 75,MEADE,2016-07-01,1,7,2016,6,6,1,1,,1,1,,2,4,1,70,4,1,1,5,0,0,0,0,true,,false,false,false,false,false,,,,,,false,false,false,,,false,false,false,false,false,-83.07516,42.40585,"{
  ""coordinates"": [
    -8.307516724999989e+01,
    4.240584709500010e+01
  ],
  ""type"": ""Point""
}","{
  ""coordinates"": [
    -83.07516725,
    42.405847095
  ],
  ""type"": ""Point""
}",-83.0751672499999,42.4058470950001
11501,9745736,I-96,TIREMAN,2016-07-01,1,7,2016,6,6,1,1,,1,1,,2,4,2,70,4,1,1,5,0,0,0,0,true,,false,false,false,false,false,,,,,,false,false,false,,,false,false,false,false,false,-83.10712,42.3544,"{
  ""coordinates"": [
    -8.310711899400000e+01,
    4.235440008100010e+01
  ],
  ""type"": ""Point""
}","{
  ""coordinates"": [
    -83.107118994,
    42.354400081
  ],
  ""type"": ""Point""
}",-83.107118994,42.3544000810001
11502,9737772,HOOVER,STATE FAIR,2016-07-01,1,7,2016,16,6,8,3,,1,0,,1,1,1,35,2,2,9,5,0,0,0,0,true,,false,false,false,false,false,,,,,,false,false,false,,,false,false,false,false,false,-83.00494,42.44147,"{
  ""coordinates"": [
    -8.300494675200000e+01,
    4.244147642300000e+01
  ],
  ""type"": ""Point""
}","{
  ""coordinates"": [
    -83.004946752,
    42.441476423
  ],
  ""type"": ""Point""
}",-83.004946752,42.441476423
11503,9737750,MT ELLIOTT,THEODORE,2016-07-01,1,7,2016,13,6,4,9,,4,0,,1,1,1,30,2,2,3,5,0,0,0,0,true,,false,false,false,false,false,,,,,,false,false,true,,,false,false,false,false,false,-83.02812,42.37119,"{
  ""coordinates"": [
    -8.302811891499989e+01,
    4.237119079500010e+01
  ],
  ""type"": ""Point""
}","{
  ""coordinates"": [
    -83.028118915,
    42.371190795
  ],
  ""type"": ""Point""
}",-83.0281189149999,42.3711907950001
11504,9737721,TOLEDO,JUNCTION,2016-07-01,1,7,2016,12,6,98,9,,4,0,,1,1,1,35,2,1,1,5,0,0,0,0,true,,false,false,false,false,false,,,,,,false,false,false,,,false,false,false,false,false,-83.1041,42.32092,"{
  ""coordinates"": [
    -8.310410381000000e+01,
    4.232091592900010e+01
  ],
  ""type"": ""Point""
}","{
  ""coordinates"": [
    -83.10410381,
    42.320915929
  ],
  ""type"": ""Point""
}",-83.10410381,42.3209159290001
11505,9737666,I-75,GREEN,2016-07-01,1,7,2016,6,6,1,1,,1,1,,2,4,2,55,4,1,1,5,0,0,0,0,true,,false,false,false,false,false,,,,,,false,false,false,,,false,false,false,false,false,-83.11447,42.30322,"{
  ""coordinates"": [
    -8.311446796300000e+01,
    4.230321658300010e+01
  ],
  ""type"": ""Point""
}","{
  ""coordinates"": [
    -83.114467963,
    42.303216583
  ],
  ""type"": ""Point""
}",-83.114467963,42.3032165830001
11506,9737677,N I 75,WILKINS,2016-07-01,1,7,2016,6,6,1,1,,1,1,,2,4,4,25,3,1,1,5,0,0,0,0,true,,false,false,false,false,false,,,,,,false,false,false,,,false,false,false,false,false,-83.04548,42.34771,"{
  ""coordinates"": [
    -8.304548090799990e+01,
    4.234771326600000e+01
  ],
  ""type"": ""Point""
}","{
  ""coordinates"": [
    -83.045480908,
    42.347713266
  ],
  ""type"": ""Point""
}",-83.0454809079999,42.347713266
11507,9743084,EVERGREEN,ELMIRA,2016-07-01,1,7,2016,14,6,5,9,,4,0,,1,1,1,30,4,4,4,5,0,0,0,0,true,,false,false,true,false,false,,,,,,false,true,false,,,false,false,false,false,false,-83.23618,42.36979,"{
  ""coordinates"": [
    -8.323618465600001e+01,
    4.236979025300010e+01
  ],
  ""type"": ""Point""
}","{
  ""coordinates"": [
    -83.236184656,
    42.369790253
  ],
  ""type"": ""Point""
}",-83.236184656,42.3697902530001
11508,9739067,7 MILE,ILENE,2016-07-01,1,7,2016,13,6,97,9,,2,0,,1,1,1,30,4,3,2,5,0,0,0,0,true,,false,false,false,false,false,,,,,,false,false,true,,,false,false,false,false,false,-83.16312,42.43133,"{
  ""coordinates"": [
    -8.316311842300000e+01,
    4.243132860500000e+01
  ],
  ""type"": ""Point""
}","{
  ""coordinates"": [
    -83.163118423,
    42.431328605
  ],
  ""type"": ""Point""
}",-83.163118423,42.431328605
11509,9758464,GRAND RIVER,WYOMING,2016-07-01,1,7,2016,20,6,97,3,,1,0,,1,1,3,35,5,2,5,5,0,0,0,0,true,,false,false,false,false,false,,,,,,false,false,false,,,false,false,false,false,false,-83.15836,42.37654,"{
  ""coordinates"": [
    -8.315835496699999e+01,
    4.237654592900000e+01
  ],
  ""type"": ""Point""
}","{
  ""coordinates"": [
    -83.158354967,
    42.376545929
  ],
  ""type"": ""Point""
}",-83.158354967,42.376545929
11510,9737758,GRAND RIVER,LENORE,2016-07-01,1,7,2016,3,6,1,3,,1,1,,1,1,4,40,4,1,1,5,0,0,0,0,true,,false,false,false,false,false,,,,,,false,false,false,,,false,false,false,false,false,-83.28102,42.42569,"{
  ""coordinates"": [
    -8.328101739700000e+01,
    4.242569522600010e+01
  ],
  ""type"": ""Point""
}","{
  ""coordinates"": [
    -83.281017397,
    42.425695226
  ],
  ""type"": ""Point""
}",-83.281017397,42.4256952260001
11511,9737697,S I 75,RAMP 216H,2016-07-01,1,7,2016,7,6,5,1,,1,0,,3,4,1,0,4,2,2,5,0,0,0,0,true,,false,false,false,false,false,,,,,,false,false,false,,,false,false,false,false,false,-83.05833,42.36879,"{
  ""coordinates"": [
    -8.305832969399999e+01,
    4.236879231800000e+01
  ],
  ""type"": ""Point""
}","{
  ""coordinates"": [
    -83.058329694,
    42.368792318
  ],
  ""type"": ""Point""
}",-83.058329694,42.368792318
11512,9743126,GRATIOT,CONNER,2016-07-01,1,7,2016,1,6,8,3,,1,0,,1,1,1,30,8,2,1,5,0,0,0,0,true,,false,false,true,false,false,,,,,,false,false,false,,,false,false,false,false,false,-82.99738,42.40509,"{
  ""coordinates"": [
    -8.299737451500000e+01,
    4.240509091100010e+01
  ],
  ""type"": ""Point""
}","{
  ""coordinates"": [
    -82.997374515,
    42.405090911
  ],
  ""type"": ""Point""
}",-82.997374515,42.4050909110001
11513,9899273,JOY,MEMORIAL,2016-07-01,1,7,2016,17,6,1,9,,2,0,,1,1,1,0,6,1,1,5,0,0,0,0,true,,false,false,false,false,false,,,,,,false,false,false,,,false,false,true,false,false,-83.21149,42.35794,"{
  ""coordinates"": [
    -8.321149160000000e+01,
    4.235793910200000e+01
  ],
  ""type"": ""Point""
}","{
  ""coordinates"": [
    -83.2114916,
    42.357939102
  ],
  ""type"": ""Point""
}",-83.2114916,42.357939102