ObjectId,Crash ID,Primary Road,Intersecting Road,Crash Date,Day,Month,Year,Hour,Weekday,Crash Type Code,Highway Classification Code,Community Code,Jurisdiction Code,Lane Departure Type Code,Surface Type,Road Condition,Weather Condition,Lighting Condition,Speed Limit,Lanes,Units,Occupants,Most Severe Injury,Fatal Injuries,Suspected Serious Injuries,Suspected Minor Injuries,Possible Injuries,Property Damage Only,Secondary Crash,Traffic Control,Red Light Run,Hit and Run,Alcohol,Drugs,Unbelted Person,Work Zone,Speeding Driver,Distracted Driver,Driveway,Pedestrian,Elderly Driver,Young Driver,Commercial Vehicle,Emergency Vehicles,Train,School Bus,Motorcycle,Bicycle,Deer,Longitude,Latitude,geom,geog,x,y
11628,9737747,GRATIOT,MOUNT ELLIOTT,2016-06-29,29,6,2016,18,4,5,3,,1,0,,1,1,1,35,7,2,3,5,0,0,0,0,true,,false,false,true,false,false,,,,,,false,false,false,,,false,false,false,false,false,-83.02392,42.36489,"{
  ""coordinates"": [
    -8.302391924900000e+01,
    4.236488646400010e+01
  ],
  ""type"": ""Point""
}","{
  ""coordinates"": [
    -83.023919249,
    42.364886464
  ],
  ""type"": ""Point""
}",-83.023919249,42.3648864640001
11629,9739863,WILDEMERE,KENDALL,2016-06-29,29,6,2016,17,4,2,9,,,2,,1,1,1,25,1,2,2,5,0,0,0,0,true,,false,false,false,false,false,,,,,,false,false,true,,,false,false,false,false,false,-83.13053,42.39561,"{
  ""coordinates"": [
    -8.313052775300000e+01,
    4.239560813900000e+01
  ],
  ""type"": ""Point""
}","{
  ""coordinates"": [
    -83.130527753,
    42.395608139
  ],
  ""type"": ""Point""
}",-83.130527753,42.395608139
11630,9736396,I-94,OUTERDRIVE,2016-06-29,29,6,2016,16,4,5,1,,1,0,,1,1,1,70,3,2,2,5,0,0,0,0,true,,false,false,false,false,false,,,,,,false,false,false,,,false,false,false,false,false,-82.96148,42.40469,"{
  ""coordinates"": [
    -8.296148023700000e+01,
    4.240468838300010e+01
  ],
  ""type"": ""Point""
}","{
  ""coordinates"": [
    -82.961480237,
    42.404688383
  ],
  ""type"": ""Point""
}",-82.961480237,42.4046883830001
11631,9743042,I-96,ROOSEVELT,2016-06-29,29,6,2016,7,4,5,9,,4,0,,1,1,1,55,4,2,5,4,0,0,0,3,false,,false,false,false,false,false,,,,,,false,false,true,,,false,false,false,false,false,-83.10736,42.35416,"{
  ""coordinates"": [
    -8.310735743600000e+01,
    4.235416140500010e+01
  ],
  ""type"": ""Point""
}","{
  ""coordinates"": [
    -83.107357436,
    42.354161405
  ],
  ""type"": ""Point""
}",-83.107357436,42.3541614050001
11632,9735540,MCNICHOLS,OUTER,2016-06-29,29,6,2016,10,4,4,9,,2,0,,1,1,1,35,4,2,2,5,0,0,0,0,true,,false,false,true,false,false,,,,,,false,false,false,,,false,false,false,false,false,-83.23187,42.41529,"{
  ""coordinates"": [
    -8.323187546199991e+01,
    4.241529002300010e+01
  ],
  ""type"": ""Point""
}","{
  ""coordinates"": [
    -83.231875462,
    42.415290023
  ],
  ""type"": ""Point""
}",-83.2318754619999,42.4152900230001
11633,9799781,JOSEPH CAMPAU,JEFFERSON,2016-06-29,29,6,2016,21,4,5,9,,,0,,1,1,4,25,2,2,3,4,0,0,0,1,false,,false,false,true,false,false,,,,,,false,false,false,,,false,false,false,false,false,-83.01974,42.33949,"{
  ""coordinates"": [
    -8.301973779500000e+01,
    4.233948831400010e+01
  ],
  ""type"": ""Point""
}","{
  ""coordinates"": [
    -83.019737795,
    42.339488314
  ],
  ""type"": ""Point""
}",-83.019737795,42.3394883140001
11634,9735566,JAMES COUZENS,MCNICHOLS,2016-06-29,29,6,2016,13,4,5,9,,4,0,,1,1,1,35,3,2,2,4,0,0,0,1,false,,false,false,false,false,false,,,,,,false,false,false,,,false,false,false,false,false,-83.17261,42.41681,"{
  ""coordinates"": [
    -8.317260574900000e+01,
    4.241680365500010e+01
  ],
  ""type"": ""Point""
}","{
  ""coordinates"": [
    -83.172605749,
    42.416803655
  ],
  ""type"": ""Point""
}",-83.172605749,42.4168036550001
11635,9738489,HAVERHILL,SOUTHAMPTOM,2016-06-29,29,6,2016,20,4,4,9,,,0,,1,1,1,25,2,2,1,5,0,0,0,0,true,,false,false,true,false,false,,,,,,false,false,false,,,false,false,false,false,false,-82.94501,42.40459,"{
  ""coordinates"": [
    -8.294501516400000e+01,
    4.240459526000010e+01
  ],
  ""type"": ""Point""
}","{
  ""coordinates"": [
    -82.945015164,
    42.40459526
  ],
  ""type"": ""Point""
}",-82.945015164,42.4045952600001
11636,9735558,DAVISON,LIVERNOIS,2016-06-29,29,6,2016,14,4,5,3,,1,0,,1,1,1,35,3,2,3,4,0,0,0,1,false,,false,false,true,false,false,,,,,,false,false,false,,,false,false,false,false,false,-83.13971,42.38649,"{
  ""coordinates"": [
    -8.313970918400000e+01,
    4.238648571100000e+01
  ],
  ""type"": ""Point""
}","{
  ""coordinates"": [
    -83.139709184,
    42.386485711
  ],
  ""type"": ""Point""
}",-83.139709184,42.386485711
11637,9739073,DAVISON,DEXTER,2016-06-29,29,6,2016,6,4,5,3,,1,0,,1,1,1,30,6,2,2,5,0,0,0,0,true,,false,false,false,false,false,,,,,,false,false,false,,,false,false,false,false,false,-83.13062,42.38983,"{
  ""coordinates"": [
    -8.313061896100000e+01,
    4.238983221600010e+01
  ],
  ""type"": ""Point""
}","{
  ""coordinates"": [
    -83.130618961,
    42.389832216
  ],
  ""type"": ""Point""
}",-83.130618961,42.3898322160001
11638,9739062,NORFOLK,MONTE,2016-06-29,29,6,2016,4,4,4,9,,,0,,1,1,4,25,2,2,1,5,0,0,0,0,true,,false,false,true,false,false,,,,,,false,false,false,,,false,false,false,false,false,-83.16898,42.4431,"{
  ""coordinates"": [
    -8.316898310200000e+01,
    4.244310106400010e+01
  ],
  ""type"": ""Point""
}","{
  ""coordinates"": [
    -83.168983102,
    42.443101064
  ],
  ""type"": ""Point""
}",-83.168983102,42.4431010640001
11639,9740918,8 MILE,8 MILE/GRATIOT,2016-06-29,29,6,2016,23,4,1,3,,1,1,,1,1,4,0,1,2,1,4,0,0,0,1,false,,false,false,false,false,false,,,,,,true,false,false,,,false,false,false,false,false,-82.96977,42.44974,"{
  ""coordinates"": [
    -8.296977189800000e+01,
    4.244974054100000e+01
  ],
  ""type"": ""Point""
}","{
  ""coordinates"": [
    -82.969771898,
    42.449740541
  ],
  ""type"": ""Point""
}",-82.969771898,42.449740541
11640,9740919,HARPER,FRENCH,2016-06-29,29,6,2016,8,4,4,9,,4,0,,1,1,3,30,5,2,2,4,0,0,0,1,false,,true,true,false,false,false,,,,,,false,false,false,,,false,false,false,false,false,-82.99743,42.3947,"{
  ""coordinates"": [
    -8.299743132400000e+01,
    4.239469824800010e+01
  ],
  ""type"": ""Point""
}","{
  ""coordinates"": [
    -82.997431324,
    42.394698248
  ],
  ""type"": ""Point""
}",-82.997431324,42.3946982480001
11641,9735555,KENILWORTH,WOODWARD,2016-06-29,29,6,2016,3,4,97,3,,,0,,1,1,4,35,7,2,0,3,0,0,1,0,false,,false,false,true,false,false,,,,,,true,false,false,,,false,false,false,false,false,-83.08273,42.38437,"{
  ""coordinates"": [
    -8.308273028399999e+01,
    4.238436670500000e+01
  ],
  ""type"": ""Point""
}","{
  ""coordinates"": [
    -83.082730284,
    42.384366705
  ],
  ""type"": ""Point""
}",-83.082730284,42.384366705
11642,9739865,JAMES COUZENS,MEYERS,2016-06-29,29,6,2016,8,4,8,9,,4,0,,1,1,1,0,4,2,2,5,0,0,0,0,true,,true,true,true,false,false,,,,,,false,false,false,,,false,false,false,false,false,-83.17001,42.41467,"{
  ""coordinates"": [
    -8.317000782299991e+01,
    4.241466382100000e+01
  ],
  ""type"": ""Point""
}","{
  ""coordinates"": [
    -83.170007823,
    42.414663821
  ],
  ""type"": ""Point""
}",-83.1700078229999,42.414663821
11643,9735559,BROADSTREET,GLENDALE,2016-06-29,29,6,2016,16,4,4,9,,4,0,,1,1,1,25,2,2,2,5,0,0,0,0,true,,false,false,false,false,false,,,,,,false,false,false,,,false,false,false,false,false,-83.13715,42.38378,"{
  ""coordinates"": [
    -8.313714682599991e+01,
    4.238378239400000e+01
  ],
  ""type"": ""Point""
}","{
  ""coordinates"": [
    -83.137146826,
    42.383782394
  ],
  ""type"": ""Point""
}",-83.1371468259999,42.383782394
11644,9743930,MCCLELLAN,WARREN,2016-06-29,29,6,2016,15,4,4,9,,4,0,,1,1,1,30,3,2,4,5,0,0,0,0,true,,true,true,false,false,false,,,,,,false,true,true,,,false,false,false,false,false,-83.00034,42.38087,"{
  ""coordinates"": [
    -8.300033986499990e+01,
    4.238086879800010e+01
  ],
  ""type"": ""Point""
}","{
  ""coordinates"": [
    -83.000339865,
    42.380868798
  ],
  ""type"": ""Point""
}",-83.0003398649999,42.3808687980001
11645,9739805,GRAND RIVER,SCHAEFER,2016-06-29,29,6,2016,17,4,5,3,,1,0,,1,1,1,0,4,2,1,5,0,0,0,0,true,,false,false,true,false,false,,,,,,false,false,false,,,false,false,false,false,false,-83.17817,42.38451,"{
  ""coordinates"": [
    -8.317816737000000e+01,
    4.238451216200010e+01
  ],
  ""type"": ""Point""
}","{
  ""coordinates"": [
    -83.17816737,
    42.384512162
  ],
  ""type"": ""Point""
}",-83.17816737,42.3845121620001
11646,9735541,MCNICHOLS,OUTER,2016-06-29,29,6,2016,13,4,4,9,,2,0,,1,1,1,35,4,2,2,4,0,0,0,2,false,,false,false,false,false,false,,,,,,false,false,true,,,false,false,false,false,false,-83.23193,42.41529,"{
  ""coordinates"": [
    -8.323193199199990e+01,
    4.241528943000000e+01
  ],
  ""type"": ""Point""
}","{
  ""coordinates"": [
    -83.231931992,
    42.41528943
  ],
  ""type"": ""Point""
}",-83.2319319919999,42.41528943
11647,9735528,SCHOOLCRAFT,PINEHURST,2016-06-29,29,6,2016,21,4,5,9,,4,0,,1,1,4,35,4,2,6,4,0,0,0,1,false,,false,false,true,false,false,,,,,,false,false,false,,,false,false,false,false,false,-83.1655,42.38833,"{
  ""coordinates"": [
    -8.316550610699990e+01,
    4.238833135600000e+01
  ],
  ""type"": ""Point""
}","{
  ""coordinates"": [
    -83.165506107,
    42.388331356
  ],
  ""type"": ""Point""
}",-83.1655061069999,42.388331356
11648,9735524,WYOMING,DAVISON,2016-06-29,29,6,2016,22,4,5,9,,4,0,,1,1,4,30,5,3,3,5,0,0,0,0,true,,false,false,false,false,false,,,,,,false,false,false,,,false,false,false,false,false,-83.15899,42.38611,"{
  ""coordinates"": [
    -8.315899052600000e+01,
    4.238610801200010e+01
  ],
  ""type"": ""Point""
}","{
  ""coordinates"": [
    -83.158990526,
    42.386108012
  ],
  ""type"": ""Point""
}",-83.158990526,42.3861080120001
11649,9737699,WOODWARD,GRATIOT,2016-06-29,29,6,2016,17,4,98,9,,4,0,,1,1,1,25,2,2,2,5,0,0,0,0,true,,false,false,false,false,false,,,,,,false,false,true,,,false,false,false,false,false,-83.04778,42.33286,"{
  ""coordinates"": [
    -8.304777655500000e+01,
    4.233285921100000e+01
  ],
  ""type"": ""Point""
}","{
  ""coordinates"": [
    -83.047776555,
    42.332859211
  ],
  ""type"": ""Point""
}",-83.047776555,42.332859211
11650,9737736,GREENFIELD,MACKENZIE,2016-06-29,29,6,2016,9,4,1,9,,2,1,,1,1,1,45,4,1,1,3,0,0,1,0,false,,false,false,false,false,false,,,,,,false,false,false,,,false,false,false,false,false,-83.19691,42.35644,"{
  ""coordinates"": [
    -8.319691366700000e+01,
    4.235643984100010e+01
  ],
  ""type"": ""Point""
}","{
  ""coordinates"": [
    -83.196913667,
    42.356439841
  ],
  ""type"": ""Point""
}",-83.196913667,42.3564398410001
11651,9735557,LINWOOD,STURTEVANT,2016-06-29,29,6,2016,2,4,4,9,,4,0,,1,1,4,30,4,2,2,5,0,0,0,0,true,,false,false,false,false,false,,,,,,false,false,false,,,false,false,false,false,false,-83.11853,42.38783,"{
  ""coordinates"": [
    -8.311852804900001e+01,
    4.238783442600000e+01
  ],
  ""type"": ""Point""
}","{
  ""coordinates"": [
    -83.118528049,
    42.387834426
  ],
  ""type"": ""Point""
}",-83.118528049,42.387834426
11652,9737687,EVERGREEN,EATON,2016-06-29,29,6,2016,20,4,9,9,,4,2,,1,1,1,25,2,3,5,4,0,0,0,1,false,,false,false,false,false,false,,,,,,false,false,false,,,false,false,false,false,false,-83.23721,42.3954,"{
  ""coordinates"": [
    -8.323720715899999e+01,
    4.239540264000000e+01
  ],
  ""type"": ""Point""
}","{
  ""coordinates"": [
    -83.237207159,
    42.39540264
  ],
  ""type"": ""Point""
}",-83.237207159,42.39540264
11653,9736397,I-94,OUTERDRIVE,2016-06-29,29,6,2016,16,4,5,1,,1,0,,1,1,1,70,3,2,6,5,0,0,0,0,true,,false,false,false,false,false,,,,,,false,false,false,,,false,false,false,false,false,-82.96148,42.40469,"{
  ""coordinates"": [
    -8.296148023700000e+01,
    4.240468838300010e+01
  ],
  ""type"": ""Point""
}","{
  ""coordinates"": [
    -82.961480237,
    42.404688383
  ],
  ""type"": ""Point""
}",-82.961480237,42.4046883830001
11654,9737746,FOREST,MOUNT ELLIOTT,2016-06-29,29,6,2016,14,4,4,9,,4,0,,1,1,1,35,3,2,4,4,0,0,0,3,false,,true,false,false,false,false,,,,,,false,false,true,,,false,false,false,false,false,-83.02624,42.36839,"{
  ""coordinates"": [
    -8.302623751300000e+01,
    4.236838803700000e+01
  ],
  ""type"": ""Point""
}","{
  ""coordinates"": [
    -83.026237513,
    42.368388037
  ],
  ""type"": ""Point""
}",-83.026237513,42.368388037
11655,9736455,MILWAUKEE,S M 10 SERVICE DRIVE,2016-06-29,29,6,2016,8,4,4,9,,4,0,,1,1,1,30,4,2,2,5,0,0,0,0,true,,true,true,false,false,false,,,,,,false,false,false,,,false,false,false,false,false,-83.08143,42.36578,"{
  ""coordinates"": [
    -8.308142953600000e+01,
    4.236577835200010e+01
  ],
  ""type"": ""Point""
}","{
  ""coordinates"": [
    -83.081429536,
    42.365778352
  ],
  ""type"": ""Point""
}",-83.081429536,42.3657783520001
11656,9735527,MCNICHOLS,PARKSIDE,2016-06-29,29,6,2016,11,4,1,9,,4,0,,1,1,1,0,4,3,3,2,0,2,0,0,false,,false,false,false,false,false,,,,,,false,false,false,,,false,false,false,true,false,-83.13164,42.41728,"{
  ""coordinates"": [
    -8.313163470900000e+01,
    4.241727839300010e+01
  ],
  ""type"": ""Point""
}","{
  ""coordinates"": [
    -83.131634709,
    42.417278393
  ],
  ""type"": ""Point""
}",-83.131634709,42.4172783930001
11657,9740888,I-75,DRAGOON,2016-06-29,29,6,2016,17,4,5,1,,1,0,,1,1,1,55,4,2,2,5,0,0,0,0,true,,false,false,false,false,false,,,,,,false,false,false,,,false,false,false,false,false,-83.10256,42.30843,"{
  ""coordinates"": [
    -8.310255978299990e+01,
    4.230842831800000e+01
  ],
  ""type"": ""Point""
}","{
  ""coordinates"": [
    -83.102559783,
    42.308428318
  ],
  ""type"": ""Point""
}",-83.1025597829999,42.308428318
11658,9735561,OUTER,BINDER,2016-06-29,29,6,2016,2,4,1,9,,2,0,,1,1,4,35,2,1,1,5,0,0,0,0,true,,false,false,false,false,false,,,,,,false,false,false,,,false,false,false,false,false,-83.06463,42.44052,"{
  ""coordinates"": [
    -8.306462496499999e+01,
    4.244051633100000e+01
  ],
  ""type"": ""Point""
}","{
  ""coordinates"": [
    -83.064624965,
    42.440516331
  ],
  ""type"": ""Point""
}",-83.064624965,42.440516331
11659,9734667,ROSA PARKS,DAVISON,2016-06-29,29,6,2016,7,4,5,3,,4,0,,1,1,1,35,3,2,2,5,0,0,0,0,true,,false,false,false,false,false,,,,,,false,false,false,,,false,false,false,false,false,-83.11306,42.39612,"{
  ""coordinates"": [
    -8.311306257299999e+01,
    4.239611855700010e+01
  ],
  ""type"": ""Point""
}","{
  ""coordinates"": [
    -83.113062573,
    42.396118557
  ],
  ""type"": ""Point""
}",-83.113062573,42.3961185570001
11660,9736434,CLIFFORD,MONTCALM,2016-06-29,29,6,2016,16,4,1,9,,4,0,,1,1,1,25,3,2,3,4,0,0,0,1,false,,false,false,false,false,false,,,,,,false,false,false,,,false,false,false,true,false,-83.05528,42.33761,"{
  ""coordinates"": [
    -8.305528186799999e+01,
    4.233760798300010e+01
  ],
  ""type"": ""Point""
}","{
  ""coordinates"": [
    -83.055281868,
    42.337607983
  ],
  ""type"": ""Point""
}",-83.055281868,42.3376079830001
11661,9736379,8 MILE,GRATIOT,2016-06-29,29,6,2016,23,4,4,3,,1,0,,1,1,4,40,3,2,6,4,0,0,0,3,false,,false,false,false,false,false,,,,,,false,false,true,,,false,false,false,false,false,-82.96991,42.44973,"{
  ""coordinates"": [
    -8.296990759200000e+01,
    4.244973192200010e+01
  ],
  ""type"": ""Point""
}","{
  ""coordinates"": [
    -82.969907592,
    42.449731922
  ],
  ""type"": ""Point""
}",-82.969907592,42.4497319220001
11662,9740902,M-10,MICHIGAN,2016-06-29,29,6,2016,9,4,5,3,,1,0,,1,1,1,55,3,2,2,4,0,0,0,1,false,,false,false,false,false,false,,,,,,false,false,false,,,false,false,false,false,false,-83.06232,42.33198,"{
  ""coordinates"": [
    -8.306232265800000e+01,
    4.233197726700010e+01
  ],
  ""type"": ""Point""
}","{
  ""coordinates"": [
    -83.062322658,
    42.331977267
  ],
  ""type"": ""Point""
}",-83.062322658,42.3319772670001
11663,9739844,BURT,7 MILE,2016-06-29,29,6,2016,18,4,4,9,,,0,,1,1,1,25,2,2,1,5,0,0,0,0,true,,false,false,false,false,false,,,,,,false,false,true,,,false,false,false,false,false,-83.24847,42.42893,"{
  ""coordinates"": [
    -8.324846953299991e+01,
    4.242893139500010e+01
  ],
  ""type"": ""Point""
}","{
  ""coordinates"": [
    -83.248469533,
    42.428931395
  ],
  ""type"": ""Point""
}",-83.2484695329999,42.4289313950001
11664,9739074,NORFOLK,SHEFFIELD,2016-06-29,29,6,2016,12,4,4,9,,,0,,1,1,1,20,3,2,2,5,0,0,0,0,true,,false,false,false,false,false,,,,,,false,true,false,,,false,false,false,false,false,-83.13972,42.44373,"{
  ""coordinates"": [
    -8.313971925500000e+01,
    4.244372403300010e+01
  ],
  ""type"": ""Point""
}","{
  ""coordinates"": [
    -83.139719255,
    42.443724033
  ],
  ""type"": ""Point""
}",-83.139719255,42.4437240330001
11665,9737801,MUIRLAND,MARGARETA,2016-06-29,29,6,2016,17,4,8,9,,,0,,1,1,1,0,1,2,1,5,0,0,0,0,true,,false,false,false,true,false,,,,,,false,false,false,,,false,false,false,false,false,-83.13458,42.42815,"{
  ""coordinates"": [
    -8.313458422300000e+01,
    4.242815018500000e+01
  ],
  ""type"": ""Point""
}","{
  ""coordinates"": [
    -83.134584223,
    42.428150185
  ],
  ""type"": ""Point""
}",-83.134584223,42.428150185
11666,9740891,I 94,GRATIOT,2016-06-29,29,6,2016,16,4,5,1,,1,0,,1,1,1,55,3,2,2,5,0,0,0,0,true,,false,false,false,false,false,,,,,,false,false,false,,,false,false,false,false,false,-83.00661,42.39144,"{
  ""coordinates"": [
    -8.300661121099991e+01,
    4.239143941000000e+01
  ],
  ""type"": ""Point""
}","{
  ""coordinates"": [
    -83.006611211,
    42.39143941
  ],
  ""type"": ""Point""
}",-83.0066112109999,42.39143941
11667,9739077,GREENVIEW,VASSAR,2016-06-29,29,6,2016,23,4,2,9,,,0,,1,1,4,15,3,2,0,5,0,0,0,0,true,,false,false,true,false,false,,,,,,false,false,false,,,false,false,false,false,false,-83.22547,42.43353,"{
  ""coordinates"": [
    -8.322546863900000e+01,
    4.243352370500000e+01
  ],
  ""type"": ""Point""
}","{
  ""coordinates"": [
    -83.225468639,
    42.433523705
  ],
  ""type"": ""Point""
}",-83.225468639,42.433523705
11668,9737735,GRANDMONT,SCHOOLCRAFT,2016-06-29,29,6,2016,16,4,97,9,,,0,,1,1,1,25,1,2,1,5,0,0,0,0,true,,false,false,true,false,false,,,,,,true,false,false,,,false,false,false,false,false,-83.21014,42.38627,"{
  ""coordinates"": [
    -8.321013769099990e+01,
    4.238626903000010e+01
  ],
  ""type"": ""Point""
}","{
  ""coordinates"": [
    -83.210137691,
    42.38626903
  ],
  ""type"": ""Point""
}",-83.2101376909999,42.3862690300001
11669,9743045,I 75,DEARBORN,2016-06-29,29,6,2016,6,4,5,1,,1,0,,1,1,1,70,4,3,3,3,0,0,1,0,false,,false,false,false,false,false,,,,,,false,true,true,,,false,false,false,false,false,-83.13093,42.2903,"{
  ""coordinates"": [
    -8.313092818099990e+01,
    4.229030097600000e+01
  ],
  ""type"": ""Point""
}","{
  ""coordinates"": [
    -83.130928181,
    42.290300976
  ],
  ""type"": ""Point""
}",-83.1309281809999,42.290300976
11670,9740886,I-94,CECIL,2016-06-29,29,6,2016,6,4,5,1,,1,0,,1,1,1,55,3,2,2,5,0,0,0,0,true,,false,false,false,false,false,,,,,,false,false,false,,,false,false,false,false,false,-83.13044,42.3351,"{
  ""coordinates"": [
    -8.313043902200000e+01,
    4.233509846200010e+01
  ],
  ""type"": ""Point""
}","{
  ""coordinates"": [
    -83.130439022,
    42.335098462
  ],
  ""type"": ""Point""
}",-83.130439022,42.3350984620001
11671,9748601,ELIZA HOWELL,SCHOOLCRAFT,2016-06-29,29,6,2016,21,4,4,9,,,0,,1,1,3,35,2,2,2,2,0,1,0,0,false,,true,true,false,false,false,,,,,,false,false,false,,,false,false,false,false,false,-83.27112,42.38598,"{
  ""coordinates"": [
    -8.327111833399989e+01,
    4.238598141800000e+01
  ],
  ""type"": ""Point""
}","{
  ""coordinates"": [
    -83.271118334,
    42.385981418
  ],
  ""type"": ""Point""
}",-83.2711183339999,42.385981418
11672,9740887,I-94,24TH,2016-06-29,29,6,2016,16,4,5,1,,1,0,,1,1,1,55,3,2,3,5,0,0,0,0,true,,false,false,false,false,false,,,,,,false,false,false,,,false,false,false,false,false,-83.10213,42.34914,"{
  ""coordinates"": [
    -8.310213671799990e+01,
    4.234913632300000e+01
  ],
  ""type"": ""Point""
}","{
  ""coordinates"": [
    -83.102136718,
    42.349136323
  ],
  ""type"": ""Point""
}",-83.1021367179999,42.349136323
11673,9762282,MOROSS,E I 94,2016-06-29,29,6,2016,19,4,4,9,,2,0,,1,1,1,35,3,2,3,5,0,0,0,0,true,,false,false,true,false,false,,,,,,false,false,false,,,false,false,false,false,false,-82.9285,42.42468,"{
  ""coordinates"": [
    -8.292850027500000e+01,
    4.242468390200000e+01
  ],
  ""type"": ""Point""
}","{
  ""coordinates"": [
    -82.928500275,
    42.424683902
  ],
  ""type"": ""Point""
}",-82.928500275,42.424683902
11674,9739084,DAVISON,LIVERNOIS,2016-06-29,29,6,2016,14,4,5,3,,1,0,,1,1,1,0,2,2,3,4,0,0,0,2,false,,false,false,true,false,false,,,,,,false,true,false,,,false,false,false,false,false,-83.13952,42.38669,"{
  ""coordinates"": [
    -8.313952021300000e+01,
    4.238669025300000e+01
  ],
  ""type"": ""Point""
}","{
  ""coordinates"": [
    -83.139520213,
    42.386690253
  ],
  ""type"": ""Point""
}",-83.139520213,42.386690253
11675,9735521,JAMES COUZENS,8 MILE,2016-06-29,29,6,2016,16,4,4,3,,1,0,,1,1,1,45,3,2,2,5,0,0,0,0,true,,true,true,false,false,false,,,,,,false,false,false,,,false,false,false,false,false,-83.20259,42.4447,"{
  ""coordinates"": [
    -8.320259083400001e+01,
    4.244470136600010e+01
  ],
  ""type"": ""Point""
}","{
  ""coordinates"": [
    -83.202590834,
    42.444701366
  ],
  ""type"": ""Point""
}",-83.202590834,42.4447013660001
11676,9768703,NB I-75,WARREN,2016-06-29,29,6,2016,19,4,5,1,,1,0,,1,1,1,70,4,2,5,5,0,0,0,0,true,,false,false,false,false,false,,,,,,false,false,true,,,false,false,false,false,false,-83.05597,42.36421,"{
  ""coordinates"": [
    -8.305597302800000e+01,
    4.236420649100010e+01
  ],
  ""type"": ""Point""
}","{
  ""coordinates"": [
    -83.055973028,
    42.364206491
  ],
  ""type"": ""Point""
}",-83.055973028,42.3642064910001
11677,9737769,7 MILE,CELESTINE,2016-06-29,29,6,2016,15,4,8,9,,2,0,,1,1,1,30,2,2,3,5,0,0,0,0,true,,false,false,false,false,false,,,,,,false,false,false,,,false,false,false,false,false,-82.97363,42.43518,"{
  ""coordinates"": [
    -8.297362323300000e+01,
    4.243517956500010e+01
  ],
  ""type"": ""Point""
}","{
  ""coordinates"": [
    -82.973623233,
    42.435179565
  ],
  ""type"": ""Point""
}",-82.973623233,42.4351795650001
11678,9740875,I-94,LONYO,2016-06-29,29,6,2016,8,4,5,1,,1,0,,1,1,1,55,3,2,2,5,0,0,0,0,true,,false,false,false,false,false,,,,,,false,false,true,,,false,false,false,false,false,-83.14693,42.33093,"{
  ""coordinates"": [
    -8.314692814100000e+01,
    4.233092884100010e+01
  ],
  ""type"": ""Point""
}","{
  ""coordinates"": [
    -83.146928141,
    42.330928841
  ],
  ""type"": ""Point""
}",-83.146928141,42.3309288410001
11679,9739856,NORTHRUP,7 MILE,2016-06-29,29,6,2016,13,4,98,9,,,0,,1,1,1,20,2,2,0,5,0,0,0,0,true,,false,false,true,false,false,,,,,,false,false,false,,,false,false,false,false,false,-83.26199,42.42968,"{
  ""coordinates"": [
    -8.326199131399990e+01,
    4.242968169000010e+01
  ],
  ""type"": ""Point""
}","{
  ""coordinates"": [
    -83.261991314,
    42.42968169
  ],
  ""type"": ""Point""
}",-83.2619913139999,42.4296816900001
11680,9735536,HERN,CONNER,2016-06-29,29,6,2016,10,4,5,9,,4,0,,1,1,1,35,3,2,1,5,0,0,0,0,true,,false,false,true,false,false,,,,,,false,false,false,,,false,false,false,false,false,-82.98837,42.39516,"{
  ""coordinates"": [
    -8.298836278900001e+01,
    4.239515928900000e+01
  ],
  ""type"": ""Point""
}","{
  ""coordinates"": [
    -82.988362789,
    42.395159289
  ],
  ""type"": ""Point""
}",-82.988362789,42.395159289
11681,9743043,I-94,24TH,2016-06-29,29,6,2016,15,4,5,1,,1,0,,1,1,1,55,3,2,2,5,0,0,0,0,true,,false,false,false,false,false,,,,,,false,false,true,,,false,false,false,false,false,-83.10213,42.34914,"{
  ""coordinates"": [
    -8.310213671799990e+01,
    4.234913632300000e+01
  ],
  ""type"": ""Point""
}","{
  ""coordinates"": [
    -83.102136718,
    42.349136323
  ],
  ""type"": ""Point""
}",-83.1021367179999,42.349136323
11682,9737777,GRATIOT,7 MILE,2016-06-29,29,6,2016,15,4,5,3,,1,0,,1,1,1,35,4,2,3,5,0,0,0,0,true,,false,false,false,false,false,,,,,,false,true,false,,,false,false,false,false,false,-82.97781,42.43489,"{
  ""coordinates"": [
    -8.297780763999999e+01,
    4.243489243100000e+01
  ],
  ""type"": ""Point""
}","{
  ""coordinates"": [
    -82.97780764,
    42.434892431
  ],
  ""type"": ""Point""
}",-82.97780764,42.434892431
11683,9740877,E I 96,RAMP 008J,2016-06-29,29,6,2016,16,4,8,1,,1,0,,1,1,1,55,3,2,1,5,0,0,0,0,true,,false,false,true,false,false,,,,,,false,false,false,,,false,false,false,false,false,-83.22195,42.37828,"{
  ""coordinates"": [
    -8.322194449599991e+01,
    4.237827606400000e+01
  ],
  ""type"": ""Point""
}","{
  ""coordinates"": [
    -83.221944496,
    42.378276064
  ],
  ""type"": ""Point""
}",-83.2219444959999,42.378276064
11684,9737714,7 MILE,DEQUINDRE,2016-06-29,29,6,2016,18,4,5,9,,4,0,,1,1,1,0,2,2,2,5,0,0,0,0,true,,false,false,true,false,false,,,,,,false,false,false,,,false,false,false,false,false,-83.08261,42.4329,"{
  ""coordinates"": [
    -8.308261331800000e+01,
    4.243290427300010e+01
  ],
  ""type"": ""Point""
}","{
  ""coordinates"": [
    -83.082613318,
    42.432904273
  ],
  ""type"": ""Point""
}",-83.082613318,42.4329042730001