ObjectId,Crash ID,Primary Road,Intersecting Road,Crash Date,Day,Month,Year,Hour,Weekday,Crash Type Code,Highway Classification Code,Community Code,Jurisdiction Code,Lane Departure Type Code,Surface Type,Road Condition,Weather Condition,Lighting Condition,Speed Limit,Lanes,Units,Occupants,Most Severe Injury,Fatal Injuries,Suspected Serious Injuries,Suspected Minor Injuries,Possible Injuries,Property Damage Only,Secondary Crash,Traffic Control,Red Light Run,Hit and Run,Alcohol,Drugs,Unbelted Person,Work Zone,Speeding Driver,Distracted Driver,Driveway,Pedestrian,Elderly Driver,Young Driver,Commercial Vehicle,Emergency Vehicles,Train,School Bus,Motorcycle,Bicycle,Deer,Longitude,Latitude,geom,geog,x,y
11685,9737719,MCGRAW,LUMLEY,2016-06-29,29,6,2016,15,4,5,9,,4,0,,1,1,1,0,2,3,3,3,0,0,1,0,false,,false,false,false,false,false,,,,,,false,false,false,,,false,false,false,false,false,-83.14351,42.33438,"{
  ""coordinates"": [
    -8.314350897199991e+01,
    4.233438298500000e+01
  ],
  ""type"": ""Point""
}","{
  ""coordinates"": [
    -83.143508972,
    42.334382985
  ],
  ""type"": ""Point""
}",-83.1435089719999,42.334382985
11686,9737749,WARREN,ST AUBIN,2016-06-29,29,6,2016,8,4,4,9,,4,0,,1,1,1,30,3,2,2,5,0,0,0,0,true,,true,false,false,false,false,,,,,,false,false,false,,,false,false,false,false,false,-83.04434,42.3644,"{
  ""coordinates"": [
    -8.304434116000000e+01,
    4.236440463200010e+01
  ],
  ""type"": ""Point""
}","{
  ""coordinates"": [
    -83.04434116,
    42.364404632
  ],
  ""type"": ""Point""
}",-83.04434116,42.3644046320001
11687,9739854,THATCHER,STEEL,2016-06-29,29,6,2016,20,4,2,9,,,2,,1,1,3,25,2,2,4,5,0,0,0,0,true,,false,false,false,false,false,,,,,,false,false,true,,,false,false,false,false,false,-83.1729,42.42213,"{
  ""coordinates"": [
    -8.317290011400000e+01,
    4.242212582900000e+01
  ],
  ""type"": ""Point""
}","{
  ""coordinates"": [
    -83.172900114,
    42.422125829
  ],
  ""type"": ""Point""
}",-83.172900114,42.422125829
11688,9739020,MARTIN LUTHER KING JR,GRAND,2016-06-29,29,6,2016,10,4,97,9,,4,0,,1,1,1,0,4,2,2,5,0,0,0,0,true,,true,false,false,false,false,,,,,,false,false,false,,,false,false,false,false,false,-83.09683,42.33394,"{
  ""coordinates"": [
    -8.309683054200001e+01,
    4.233393742300010e+01
  ],
  ""type"": ""Point""
}","{
  ""coordinates"": [
    -83.096830542,
    42.333937423
  ],
  ""type"": ""Point""
}",-83.096830542,42.3339374230001
11689,9739002,RAMP 122D,NB I-75,2016-06-29,29,6,2016,18,4,5,1,,1,0,,1,1,1,0,1,2,4,5,0,0,0,0,true,,false,false,false,false,false,,,,,,false,false,true,,,false,false,false,false,false,-83.06142,42.33558,"{
  ""coordinates"": [
    -8.306141837599991e+01,
    4.233558320800010e+01
  ],
  ""type"": ""Point""
}","{
  ""coordinates"": [
    -83.061418376,
    42.335583208
  ],
  ""type"": ""Point""
}",-83.0614183759999,42.3355832080001
11690,9737673,N I 75,RAMP 031B,2016-06-28,28,6,2016,15,3,5,1,,1,3,,1,1,1,0,4,2,4,1,2,0,1,1,false,,false,false,false,false,false,,,,,,false,true,false,,,false,false,false,false,false,-83.11502,42.303,"{
  ""coordinates"": [
    -8.311502028000000e+01,
    4.230300060700010e+01
  ],
  ""type"": ""Point""
}","{
  ""coordinates"": [
    -83.11502028,
    42.303000607
  ],
  ""type"": ""Point""
}",-83.11502028,42.3030006070001
11691,9735523,MARK TWAIN,LYNDON,2016-06-28,28,6,2016,23,3,4,9,,,0,,1,1,4,35,2,2,1,3,0,0,2,0,false,,true,false,false,false,false,,,,,,false,false,true,,,false,false,false,false,false,-83.18629,42.3946,"{
  ""coordinates"": [
    -8.318629409399990e+01,
    4.239460167000000e+01
  ],
  ""type"": ""Point""
}","{
  ""coordinates"": [
    -83.186294094,
    42.39460167
  ],
  ""type"": ""Point""
}",-83.1862940939999,42.39460167
11692,9739857,ST.MARTINS,ROBSON,2016-06-28,28,6,2016,18,3,9,9,,,0,,1,1,4,25,1,2,0,5,0,0,0,0,true,,false,false,true,false,false,,,,,,false,false,false,,,false,false,false,false,false,-83.1937,42.43597,"{
  ""coordinates"": [
    -8.319370446100000e+01,
    4.243596794000010e+01
  ],
  ""type"": ""Point""
}","{
  ""coordinates"": [
    -83.193704461,
    42.43596794
  ],
  ""type"": ""Point""
}",-83.193704461,42.4359679400001
11693,9759630,DAVISON,WOODWARD,2016-06-28,28,6,2016,9,3,8,9,,,0,,1,1,1,55,4,2,2,3,0,0,1,0,false,,false,false,false,false,false,,,,,,false,false,true,,,false,false,false,false,false,-83.2111,42.38456,"{
  ""coordinates"": [
    -8.321109585600000e+01,
    4.238455917300010e+01
  ],
  ""type"": ""Point""
}","{
  ""coordinates"": [
    -83.211095856,
    42.384559173
  ],
  ""type"": ""Point""
}",-83.211095856,42.3845591730001
11694,9734652,STOUT,HESSEL,2016-06-28,28,6,2016,15,3,9,9,,,0,,1,1,1,25,2,2,0,5,0,0,0,0,true,,false,false,true,false,false,,,,,,false,false,false,,,false,false,false,false,false,-83.24419,42.44177,"{
  ""coordinates"": [
    -8.324419398899990e+01,
    4.244176676400010e+01
  ],
  ""type"": ""Point""
}","{
  ""coordinates"": [
    -83.244193989,
    42.441766764
  ],
  ""type"": ""Point""
}",-83.2441939889999,42.4417667640001
11695,9740940,MICHIGAN,LONYO,2016-06-28,28,6,2016,17,3,5,2,,1,0,,1,2,1,30,1,2,2,5,0,0,0,0,true,,false,false,false,false,false,,,,,,false,true,true,,,false,false,false,false,false,-83.14444,42.33045,"{
  ""coordinates"": [
    -8.314443991400000e+01,
    4.233044804000010e+01
  ],
  ""type"": ""Point""
}","{
  ""coordinates"": [
    -83.144439914,
    42.33044804
  ],
  ""type"": ""Point""
}",-83.144439914,42.3304480400001
11696,9740916,M 39,FENKELL,2016-06-28,28,6,2016,6,3,8,3,,1,0,,1,2,1,55,3,2,2,5,0,0,0,0,true,,false,false,false,false,false,,,,,,false,false,false,,,false,false,false,false,false,-83.21828,42.39822,"{
  ""coordinates"": [
    -8.321828554099990e+01,
    4.239822288100000e+01
  ],
  ""type"": ""Point""
}","{
  ""coordinates"": [
    -83.218285541,
    42.398222881
  ],
  ""type"": ""Point""
}",-83.2182855409999,42.398222881
11697,9735576,WARREN,ROSA_PARKS,2016-06-28,28,6,2016,16,3,4,9,,4,0,,1,1,1,25,3,2,1,5,0,0,0,0,true,,false,false,true,false,false,,,,,,false,false,false,,,false,false,false,false,false,-83.08298,42.35074,"{
  ""coordinates"": [
    -8.308298392400000e+01,
    4.235074393900000e+01
  ],
  ""type"": ""Point""
}","{
  ""coordinates"": [
    -83.082983924,
    42.350743939
  ],
  ""type"": ""Point""
}",-83.082983924,42.350743939
11698,9735526,FENKELL,WHITCOMB,2016-06-28,28,6,2016,16,3,4,9,,2,0,,1,1,1,0,4,2,2,5,0,0,0,0,true,,false,false,false,false,false,,,,,,false,false,false,,,false,false,false,false,false,-83.19631,42.40158,"{
  ""coordinates"": [
    -8.319631212099991e+01,
    4.240158233000010e+01
  ],
  ""type"": ""Point""
}","{
  ""coordinates"": [
    -83.196312121,
    42.40158233
  ],
  ""type"": ""Point""
}",-83.1963121209999,42.4015823300001
11699,9735530,CENTRAL,MCGRAW,2016-06-28,28,6,2016,18,3,97,9,,4,0,,1,2,1,30,2,2,2,5,0,0,0,0,true,,true,true,false,false,false,,,,,,false,true,false,,,false,false,false,false,false,-83.1406,42.33533,"{
  ""coordinates"": [
    -8.314060522200000e+01,
    4.233532715000010e+01
  ],
  ""type"": ""Point""
}","{
  ""coordinates"": [
    -83.140605222,
    42.33532715
  ],
  ""type"": ""Point""
}",-83.140605222,42.3353271500001
11700,9735535,PENNSYLVANIA,JEFFERSON,2016-06-28,28,6,2016,3,3,98,9,,,0,,1,1,5,25,2,2,0,5,0,0,0,0,true,,false,false,true,false,false,,,,,,false,false,false,,,false,false,false,false,false,-82.98286,42.36054,"{
  ""coordinates"": [
    -8.298285395600000e+01,
    4.236054211700010e+01
  ],
  ""type"": ""Point""
}","{
  ""coordinates"": [
    -82.982853956,
    42.360542117
  ],
  ""type"": ""Point""
}",-82.982853956,42.3605421170001
11701,9758438,M-10,CHICAGO,2016-06-28,28,6,2016,15,3,1,3,,1,0,,1,2,1,55,3,1,1,5,0,0,0,0,true,,false,false,false,false,false,,,,,,false,false,true,,,false,false,false,false,false,-83.09294,42.38186,"{
  ""coordinates"": [
    -8.309293933600000e+01,
    4.238186137200010e+01
  ],
  ""type"": ""Point""
}","{
  ""coordinates"": [
    -83.092939336,
    42.381861372
  ],
  ""type"": ""Point""
}",-83.092939336,42.3818613720001
11702,9733804,KELLY,CORAM,2016-06-28,28,6,2016,1,3,1,9,,2,0,,1,1,5,30,2,2,2,5,0,0,0,0,true,,false,false,false,false,false,,,,,,false,false,false,,,false,false,false,true,false,-82.95056,42.438,"{
  ""coordinates"": [
    -8.295056421100000e+01,
    4.243799848600000e+01
  ],
  ""type"": ""Point""
}","{
  ""coordinates"": [
    -82.950564211,
    42.437998486
  ],
  ""type"": ""Point""
}",-82.950564211,42.437998486
11703,9734659,8 MILE,TELEGRAPH,2016-06-28,28,6,2016,15,3,8,3,,1,0,,1,1,1,45,4,2,4,5,0,0,0,0,true,,false,false,false,false,false,,,,,,false,true,true,,,false,false,false,false,false,-83.27718,42.44276,"{
  ""coordinates"": [
    -8.327717709000000e+01,
    4.244275981100000e+01
  ],
  ""type"": ""Point""
}","{
  ""coordinates"": [
    -83.27717709,
    42.442759811
  ],
  ""type"": ""Point""
}",-83.27717709,42.442759811
11704,9737663,M10,MEYERS,2016-06-28,28,6,2016,10,3,1,3,,1,1,,1,1,1,55,3,1,1,5,0,0,0,0,true,,false,false,false,false,false,,,,,,false,false,true,,,false,false,false,false,false,-83.17277,42.4174,"{
  ""coordinates"": [
    -8.317277062900000e+01,
    4.241740529800010e+01
  ],
  ""type"": ""Point""
}","{
  ""coordinates"": [
    -83.172770629,
    42.417405298
  ],
  ""type"": ""Point""
}",-83.172770629,42.4174052980001
11705,9735543,MCNICHOLS,S M 39,2016-06-28,28,6,2016,18,3,8,9,,2,0,,1,2,3,35,5,2,1,4,0,0,0,1,false,,false,false,true,false,false,,,,,,false,true,false,,,false,false,false,false,false,-83.21899,42.41554,"{
  ""coordinates"": [
    -8.321898428100000e+01,
    4.241554352300010e+01
  ],
  ""type"": ""Point""
}","{
  ""coordinates"": [
    -83.218984281,
    42.415543523
  ],
  ""type"": ""Point""
}",-83.218984281,42.4155435230001
11706,9737664,M-39,PLYMOUTH,2016-06-28,28,6,2016,14,3,5,3,,1,0,,1,1,1,55,3,2,4,5,0,0,0,0,true,,false,false,false,false,false,,,,,,false,false,false,,,false,false,false,false,false,-83.21691,42.37587,"{
  ""coordinates"": [
    -8.321691313299991e+01,
    4.237586843500000e+01
  ],
  ""type"": ""Point""
}","{
  ""coordinates"": [
    -83.216913133,
    42.375868435
  ],
  ""type"": ""Point""
}",-83.2169131329999,42.375868435
11707,9734665,GRATIOT,FILBERT,2016-06-28,28,6,2016,4,3,1,3,,1,0,,1,1,4,35,7,1,1,5,0,0,0,0,true,,false,false,false,false,false,,,,,,false,false,true,,,false,false,false,false,false,-82.98923,42.41752,"{
  ""coordinates"": [
    -8.298923342300000e+01,
    4.241751925300010e+01
  ],
  ""type"": ""Point""
}","{
  ""coordinates"": [
    -82.989233423,
    42.417519253
  ],
  ""type"": ""Point""
}",-82.989233423,42.4175192530001
11708,9739869,8 MILE,WOODWARD,2016-06-28,28,6,2016,14,3,5,3,,1,0,,1,1,1,45,4,2,2,4,0,0,0,1,false,,false,false,false,false,false,,,,,,false,false,true,,,false,false,false,false,false,-83.12484,42.44651,"{
  ""coordinates"": [
    -8.312484224699990e+01,
    4.244650485500010e+01
  ],
  ""type"": ""Point""
}","{
  ""coordinates"": [
    -83.124842247,
    42.446504855
  ],
  ""type"": ""Point""
}",-83.1248422469999,42.4465048550001
11709,9735575,WOODWARD,WILLIS,2016-06-28,28,6,2016,15,3,4,3,,1,0,,1,1,1,25,3,2,2,5,0,0,0,0,true,,false,false,false,false,false,,,,,,false,true,false,,,false,false,false,false,false,-83.06074,42.35167,"{
  ""coordinates"": [
    -8.306073953500000e+01,
    4.235166744500000e+01
  ],
  ""type"": ""Point""
}","{
  ""coordinates"": [
    -83.060739535,
    42.351667445
  ],
  ""type"": ""Point""
}",-83.060739535,42.351667445
11710,9742945,I-75,DEARBORN,2016-06-28,28,6,2016,15,3,5,1,,1,0,,98,98,1,0,3,2,2,5,0,0,0,0,true,,false,false,true,false,false,,,,,,false,false,false,,,false,false,false,false,false,-83.12875,42.29173,"{
  ""coordinates"": [
    -8.312875293099999e+01,
    4.229173466000000e+01
  ],
  ""type"": ""Point""
}","{
  ""coordinates"": [
    -83.128752931,
    42.29173466
  ],
  ""type"": ""Point""
}",-83.128752931,42.29173466
11711,9750517,S I 75,RAMP 037F,2016-06-28,28,6,2016,3,3,97,1,,1,0,,1,1,4,55,2,2,2,5,0,0,0,0,true,,false,false,false,false,false,,,,,,false,false,false,,,false,false,false,false,false,-83.08542,42.33185,"{
  ""coordinates"": [
    -8.308541971100000e+01,
    4.233184895700000e+01
  ],
  ""type"": ""Point""
}","{
  ""coordinates"": [
    -83.085419711,
    42.331848957
  ],
  ""type"": ""Point""
}",-83.085419711,42.331848957
11712,9740922,JEFFERSON,CONNER,2016-06-28,28,6,2016,5,3,1,9,,4,0,,1,1,2,35,6,2,1,3,0,0,1,0,false,,false,false,false,false,false,,,,,,true,false,false,,,false,false,false,false,false,-82.95889,42.37,"{
  ""coordinates"": [
    -8.295889613700000e+01,
    4.236999914200000e+01
  ],
  ""type"": ""Point""
}","{
  ""coordinates"": [
    -82.958896137,
    42.369999142
  ],
  ""type"": ""Point""
}",-82.958896137,42.369999142
11713,9735499,S/B M-39,FENKELL,2016-06-28,28,6,2016,12,3,1,3,,1,1,,1,1,1,55,3,1,1,5,0,0,0,0,true,,false,false,false,false,false,,,,,,false,false,false,,,false,false,false,false,false,-83.21836,42.39967,"{
  ""coordinates"": [
    -8.321836057199990e+01,
    4.239966767900010e+01
  ],
  ""type"": ""Point""
}","{
  ""coordinates"": [
    -83.218360572,
    42.399667679
  ],
  ""type"": ""Point""
}",-83.2183605719999,42.3996676790001
11714,9736431,MILWAUKEE,M 10 SERVICE,2016-06-28,28,6,2016,15,3,4,9,,4,0,,1,1,1,30,4,2,5,4,0,0,0,2,false,,false,false,false,false,false,,,,,,false,false,false,,,false,false,false,false,false,-83.08144,42.36577,"{
  ""coordinates"": [
    -8.308144692000000e+01,
    4.236577179400010e+01
  ],
  ""type"": ""Point""
}","{
  ""coordinates"": [
    -83.08144692,
    42.365771794
  ],
  ""type"": ""Point""
}",-83.08144692,42.3657717940001
11715,9740854,I-94,30TH,2016-06-28,28,6,2016,17,3,5,1,,1,0,,1,2,1,55,3,3,3,5,0,0,0,0,true,,false,false,false,false,false,,,,,,false,true,false,,,false,false,false,false,false,-83.11633,42.34199,"{
  ""coordinates"": [
    -8.311633155299999e+01,
    4.234199143800000e+01
  ],
  ""type"": ""Point""
}","{
  ""coordinates"": [
    -83.116331553,
    42.341991438
  ],
  ""type"": ""Point""
}",-83.116331553,42.341991438
11716,9736422,JOHN R,W I 94,2016-06-28,28,6,2016,11,3,5,1,,4,0,,1,1,1,25,4,2,2,5,0,0,0,0,true,,false,false,false,false,false,,,,,,false,false,true,,,false,false,false,false,false,-83.06689,42.36478,"{
  ""coordinates"": [
    -8.306688518700000e+01,
    4.236478308200000e+01
  ],
  ""type"": ""Point""
}","{
  ""coordinates"": [
    -83.066885187,
    42.364783082
  ],
  ""type"": ""Point""
}",-83.066885187,42.364783082
11717,9734660,GREENFIELD,MCNICHOLS,2016-06-28,28,6,2016,6,3,4,9,,2,0,,1,1,1,0,5,2,4,3,0,0,2,0,false,,false,false,true,false,false,,,,,,false,false,false,,,false,false,false,false,false,-83.19931,42.41598,"{
  ""coordinates"": [
    -8.319930792400000e+01,
    4.241598184900000e+01
  ],
  ""type"": ""Point""
}","{
  ""coordinates"": [
    -83.199307924,
    42.415981849
  ],
  ""type"": ""Point""
}",-83.199307924,42.415981849
11718,9737662,I-75,7 MILE,2016-06-28,28,6,2016,9,3,5,1,,1,0,,1,1,1,70,4,2,2,5,0,0,0,0,true,,false,false,false,false,false,,,,,,false,false,false,,,false,false,false,false,false,-83.09507,42.43609,"{
  ""coordinates"": [
    -8.309507085400000e+01,
    4.243608901500010e+01
  ],
  ""type"": ""Point""
}","{
  ""coordinates"": [
    -83.095070854,
    42.436089015
  ],
  ""type"": ""Point""
}",-83.095070854,42.4360890150001
11719,9745733,M-10,8 MILE,2016-06-28,28,6,2016,11,3,8,3,,1,0,,1,1,1,55,3,2,1,5,0,0,0,0,true,,false,false,true,false,false,,,,,,false,false,false,,,false,false,false,false,false,-83.20199,42.44372,"{
  ""coordinates"": [
    -8.320199120200000e+01,
    4.244371764100000e+01
  ],
  ""type"": ""Point""
}","{
  ""coordinates"": [
    -83.201991202,
    42.443717641
  ],
  ""type"": ""Point""
}",-83.201991202,42.443717641
11720,9737731,ST MARYS,CONSTANCE,2016-06-28,28,6,2016,23,3,97,9,,,0,,1,1,3,25,2,2,0,5,0,0,0,0,true,,false,false,true,false,false,,,,,,false,false,false,,,false,false,false,false,false,-83.20416,42.35507,"{
  ""coordinates"": [
    -8.320416483500000e+01,
    4.235506826200000e+01
  ],
  ""type"": ""Point""
}","{
  ""coordinates"": [
    -83.204164835,
    42.355068262
  ],
  ""type"": ""Point""
}",-83.204164835,42.355068262
11721,9734608,PARKDALE,WARREN,2016-06-28,28,6,2016,13,3,1,9,,,0,,1,2,1,25,1,2,2,2,0,1,0,0,false,,false,false,false,false,false,,,,,,true,false,true,,,false,false,false,false,false,-83.12227,42.34422,"{
  ""coordinates"": [
    -8.312227062800000e+01,
    4.234421959600010e+01
  ],
  ""type"": ""Point""
}","{
  ""coordinates"": [
    -83.122270628,
    42.344219596
  ],
  ""type"": ""Point""
}",-83.122270628,42.3442195960001
11722,9773730,CHRYSLER,CLAY,2016-06-28,28,6,2016,8,3,4,1,,4,0,,1,1,1,25,4,2,2,5,0,0,0,0,true,,true,true,true,false,false,,,,,,false,false,true,,,false,false,false,false,false,-83.0622,42.37852,"{
  ""coordinates"": [
    -8.306220053100000e+01,
    4.237852241100010e+01
  ],
  ""type"": ""Point""
}","{
  ""coordinates"": [
    -83.062200531,
    42.378522411
  ],
  ""type"": ""Point""
}",-83.062200531,42.3785224110001
11723,9735522,8 MILE,STRATHMOOR,2016-06-28,28,6,2016,17,3,8,3,,1,0,,1,1,1,40,4,2,2,5,0,0,0,0,true,,false,false,true,false,false,,,,,,false,false,false,,,false,false,false,false,false,-83.1896,42.44502,"{
  ""coordinates"": [
    -8.318959800000000e+01,
    4.244502040300010e+01
  ],
  ""type"": ""Point""
}","{
  ""coordinates"": [
    -83.189598,
    42.445020403
  ],
  ""type"": ""Point""
}",-83.189598,42.4450204030001
11724,9740915,M 39,PURITAN,2016-06-28,28,6,2016,21,3,97,3,,1,0,,1,2,4,55,3,2,1,5,0,0,0,0,true,,false,false,true,false,false,,,,,,false,false,true,,,false,false,false,false,false,-83.21843,42.40688,"{
  ""coordinates"": [
    -8.321843277900000e+01,
    4.240688275600010e+01
  ],
  ""type"": ""Point""
}","{
  ""coordinates"": [
    -83.218432779,
    42.406882756
  ],
  ""type"": ""Point""
}",-83.218432779,42.4068827560001
11725,9973406,W I 94,BRUSH,2016-06-28,28,6,2016,8,3,5,1,,1,0,,1,1,1,55,3,2,1,5,0,0,0,0,true,,false,false,true,false,false,,,,,,false,false,false,,,false,false,false,false,false,-83.06479,42.36568,"{
  ""coordinates"": [
    -8.306479041499991e+01,
    4.236567979100000e+01
  ],
  ""type"": ""Point""
}","{
  ""coordinates"": [
    -83.064790415,
    42.365679791
  ],
  ""type"": ""Point""
}",-83.0647904149999,42.365679791
11726,9739061,STANSBURY,7 MILE,2016-06-28,28,6,2016,2,3,8,9,,,0,,1,1,4,25,2,2,1,4,0,0,0,1,false,,false,false,true,false,false,,,,,,false,false,false,,,false,false,false,false,false,-83.18402,42.43082,"{
  ""coordinates"": [
    -8.318402122099999e+01,
    4.243081779300010e+01
  ],
  ""type"": ""Point""
}","{
  ""coordinates"": [
    -83.184021221,
    42.430817793
  ],
  ""type"": ""Point""
}",-83.184021221,42.4308177930001
11727,9737670,I-75,CLAY,2016-06-28,28,6,2016,12,3,1,1,,1,1,,1,1,1,70,4,1,2,4,0,0,0,1,false,,false,false,false,false,false,,,,,,false,false,false,,,false,false,false,false,false,-83.06359,42.37986,"{
  ""coordinates"": [
    -8.306359480200000e+01,
    4.237985886600010e+01
  ],
  ""type"": ""Point""
}","{
  ""coordinates"": [
    -83.063594802,
    42.379858866
  ],
  ""type"": ""Point""
}",-83.063594802,42.3798588660001
11728,9740912,I-75,ROSA PARKS,2016-06-28,28,6,2016,0,3,5,1,,4,0,,1,1,4,70,3,2,4,5,0,0,0,0,true,,false,false,false,false,false,,,,,,false,false,true,,,false,false,false,false,false,-83.07377,42.33375,"{
  ""coordinates"": [
    -8.307376781999990e+01,
    4.233375245400000e+01
  ],
  ""type"": ""Point""
}","{
  ""coordinates"": [
    -83.07376782,
    42.333752454
  ],
  ""type"": ""Point""
}",-83.0737678199999,42.333752454
11729,9737658,I-75,7 MILE,2016-06-28,28,6,2016,8,3,1,1,,1,0,,1,1,1,70,4,1,1,5,0,0,0,0,true,,false,false,false,false,false,,,,,,false,false,false,,,false,false,false,false,false,-83.09476,42.4311,"{
  ""coordinates"": [
    -8.309475514099999e+01,
    4.243110417200010e+01
  ],
  ""type"": ""Point""
}","{
  ""coordinates"": [
    -83.094755141,
    42.431104172
  ],
  ""type"": ""Point""
}",-83.094755141,42.4311041720001
11730,9763122,I 75,7 MILE,2016-06-28,28,6,2016,1,3,1,1,,1,1,,1,1,4,70,4,1,5,3,0,0,1,0,false,,false,false,false,false,false,,,,,,false,false,false,,,false,false,false,false,false,-83.09282,42.42404,"{
  ""coordinates"": [
    -8.309282068900001e+01,
    4.242403934200010e+01
  ],
  ""type"": ""Point""
}","{
  ""coordinates"": [
    -83.092820689,
    42.424039342
  ],
  ""type"": ""Point""
}",-83.092820689,42.4240393420001
11731,9745765,JOHN C LODGE SERVICE,MARTIN LUTHER KING JR,2016-06-28,28,6,2016,13,3,4,3,,1,0,,1,1,1,25,3,2,2,4,0,0,0,1,false,,false,false,false,false,false,,,,,,false,false,false,,,false,false,false,false,false,-83.06827,42.34338,"{
  ""coordinates"": [
    -8.306826498800000e+01,
    4.234337766800010e+01
  ],
  ""type"": ""Point""
}","{
  ""coordinates"": [
    -83.068264988,
    42.343377668
  ],
  ""type"": ""Point""
}",-83.068264988,42.3433776680001
11732,9734631,SOUTHFIELD SERVICE DRIVE,FENKELL,2016-06-28,28,6,2016,16,3,97,3,,4,0,,1,1,1,35,2,2,2,5,0,0,0,0,true,,false,false,false,false,false,,,,,,false,true,false,,,false,false,false,false,false,-83.21858,42.40115,"{
  ""coordinates"": [
    -8.321858503599999e+01,
    4.240115535300000e+01
  ],
  ""type"": ""Point""
}","{
  ""coordinates"": [
    -83.218585036,
    42.401155353
  ],
  ""type"": ""Point""
}",-83.218585036,42.401155353
11733,9734630,SOUTHFIELD SERVICE DRIVE,PLYMOUTH,2016-06-28,28,6,2016,15,3,97,9,,4,0,,1,1,1,35,2,2,2,5,0,0,0,0,true,,false,false,true,false,false,,,,,,false,false,true,,,false,false,false,false,false,-83.21709,42.37225,"{
  ""coordinates"": [
    -8.321708689499999e+01,
    4.237225000700000e+01
  ],
  ""type"": ""Point""
}","{
  ""coordinates"": [
    -83.217086895,
    42.372250007
  ],
  ""type"": ""Point""
}",-83.217086895,42.372250007
11734,9734645,OUTER,GLENDALE,2016-06-28,28,6,2016,12,3,1,9,,2,0,,1,1,1,30,4,1,1,3,0,0,1,0,false,,false,false,false,false,false,,,,,,false,false,false,,,false,false,false,false,false,-83.26112,42.37981,"{
  ""coordinates"": [
    -8.326111354400000e+01,
    4.237980972600010e+01
  ],
  ""type"": ""Point""
}","{
  ""coordinates"": [
    -83.261113544,
    42.379809726
  ],
  ""type"": ""Point""
}",-83.261113544,42.3798097260001
11735,9734602,NORTHLAWN,JOY,2016-06-28,28,6,2016,17,3,97,9,,,0,,1,2,1,25,1,2,3,5,0,0,0,0,true,,false,false,false,false,false,,,,,,false,false,true,,,false,false,false,false,false,-83.15205,42.35879,"{
  ""coordinates"": [
    -8.315204404199990e+01,
    4.235879278100000e+01
  ],
  ""type"": ""Point""
}","{
  ""coordinates"": [
    -83.152044042,
    42.358792781
  ],
  ""type"": ""Point""
}",-83.1520440419999,42.358792781
11736,9734592,I-75,NEVADA,2016-06-28,28,6,2016,14,3,5,1,,1,0,,1,2,1,70,4,3,3,5,0,0,0,0,true,,false,false,false,false,false,,,,,,false,false,true,,,false,false,false,false,false,-83.09222,42.42365,"{
  ""coordinates"": [
    -8.309222741699990e+01,
    4.242364766800010e+01
  ],
  ""type"": ""Point""
}","{
  ""coordinates"": [
    -83.092227417,
    42.423647668
  ],
  ""type"": ""Point""
}",-83.0922274169999,42.4236476680001
11737,9737737,WESTFIELD,SCHAEFER,2016-06-28,28,6,2016,15,3,98,9,,,0,,1,1,1,30,1,2,0,5,0,0,0,0,true,,false,false,true,false,false,,,,,,false,false,false,,,false,false,false,false,false,-83.17774,42.36358,"{
  ""coordinates"": [
    -8.317774097599990e+01,
    4.236358249400010e+01
  ],
  ""type"": ""Point""
}","{
  ""coordinates"": [
    -83.177740976,
    42.363582494
  ],
  ""type"": ""Point""
}",-83.1777409759999,42.3635824940001
11738,9737712,LEDYARD,2ND,2016-06-28,28,6,2016,9,3,4,9,,4,0,,1,1,1,30,8,2,2,5,0,0,0,0,true,,false,false,false,false,false,,,,,,false,false,false,,,false,false,false,false,false,-83.06006,42.33971,"{
  ""coordinates"": [
    -8.306005684500001e+01,
    4.233971155000010e+01
  ],
  ""type"": ""Point""
}","{
  ""coordinates"": [
    -83.060056845,
    42.33971155
  ],
  ""type"": ""Point""
}",-83.060056845,42.3397115500001
11739,9743068,MILWAUKEE,N M 10,2016-06-28,28,6,2016,17,3,4,3,,4,0,,1,1,1,0,1,2,2,5,0,0,0,0,true,,false,false,false,false,false,,,,,,false,false,false,,,false,false,false,false,false,-83.08092,42.36597,"{
  ""coordinates"": [
    -8.308092148999999e+01,
    4.236596776100000e+01
  ],
  ""type"": ""Point""
}","{
  ""coordinates"": [
    -83.08092149,
    42.365967761
  ],
  ""type"": ""Point""
}",-83.08092149,42.365967761
11740,9748232,CARPENTER,CONANT,2016-06-28,28,6,2016,13,3,8,9,,4,0,,1,1,1,35,2,2,3,5,0,0,0,0,true,,false,false,false,false,false,,,,,,false,false,false,,,false,false,false,false,false,-83.05722,42.40892,"{
  ""coordinates"": [
    -8.305722098900000e+01,
    4.240892129400000e+01
  ],
  ""type"": ""Point""
}","{
  ""coordinates"": [
    -83.057220989,
    42.408921294
  ],
  ""type"": ""Point""
}",-83.057220989,42.408921294
11741,9740928,LEDYARD,2ND,2016-06-28,28,6,2016,9,3,8,9,,4,0,,1,1,1,30,2,2,3,5,0,0,0,0,true,,false,false,false,false,false,,,,,,false,false,false,,,false,false,false,false,false,-83.05998,42.33973,"{
  ""coordinates"": [
    -8.305998517800001e+01,
    4.233973459200010e+01
  ],
  ""type"": ""Point""
}","{
  ""coordinates"": [
    -83.059985178,
    42.339734592
  ],
  ""type"": ""Point""
}",-83.059985178,42.3397345920001