ObjectId,Crash ID,Primary Road,Intersecting Road,Crash Date,Day,Month,Year,Hour,Weekday,Crash Type Code,Highway Classification Code,Community Code,Jurisdiction Code,Lane Departure Type Code,Surface Type,Road Condition,Weather Condition,Lighting Condition,Speed Limit,Lanes,Units,Occupants,Most Severe Injury,Fatal Injuries,Suspected Serious Injuries,Suspected Minor Injuries,Possible Injuries,Property Damage Only,Secondary Crash,Traffic Control,Red Light Run,Hit and Run,Alcohol,Drugs,Unbelted Person,Work Zone,Speeding Driver,Distracted Driver,Driveway,Pedestrian,Elderly Driver,Young Driver,Commercial Vehicle,Emergency Vehicles,Train,School Bus,Motorcycle,Bicycle,Deer,Longitude,Latitude,geom,geog,x,y
11799,9734651,BRACE,TIREMAN,2016-06-27,27,6,2016,16,2,8,9,,,0,,1,1,1,25,2,2,4,4,0,0,0,2,false,,false,false,false,false,false,,,,,,false,false,false,,,false,false,false,false,false,-83.22341,42.35031,"{
  ""coordinates"": [
    -8.322341109800000e+01,
    4.235030669700010e+01
  ],
  ""type"": ""Point""
}","{
  ""coordinates"": [
    -83.223411098,
    42.350306697
  ],
  ""type"": ""Point""
}",-83.223411098,42.3503066970001
11800,9734638,FORD,BRACE,2016-06-27,27,6,2016,17,2,5,3,,1,0,,1,1,1,45,4,2,2,5,0,0,0,0,true,,false,false,false,false,false,,,,,,false,false,true,,,false,false,false,false,false,-83.22322,42.32897,"{
  ""coordinates"": [
    -8.322321972000000e+01,
    4.232897263300000e+01
  ],
  ""type"": ""Point""
}","{
  ""coordinates"": [
    -83.22321972,
    42.328972633
  ],
  ""type"": ""Point""
}",-83.22321972,42.328972633
11801,9740884,RAMP 043A,N I 75,2016-06-27,27,6,2016,22,2,5,1,,1,0,,1,2,4,55,1,2,4,5,0,0,0,0,true,,false,false,false,false,false,,,,,,false,false,false,,,false,false,false,false,false,-83.04675,42.34979,"{
  ""coordinates"": [
    -8.304675302600000e+01,
    4.234979324800000e+01
  ],
  ""type"": ""Point""
}","{
  ""coordinates"": [
    -83.046753026,
    42.349793248
  ],
  ""type"": ""Point""
}",-83.046753026,42.349793248
11802,9732973,BALDWIN,VERNOR,2016-06-27,27,6,2016,1,2,9,9,,,2,,1,1,5,25,2,4,1,4,0,0,0,1,false,,false,false,false,false,false,,,,,,false,false,false,,,false,false,false,false,false,-83.00467,42.35995,"{
  ""coordinates"": [
    -8.300467245100000e+01,
    4.235995339200010e+01
  ],
  ""type"": ""Point""
}","{
  ""coordinates"": [
    -83.004672451,
    42.359953392
  ],
  ""type"": ""Point""
}",-83.004672451,42.3599533920001
11803,9735529,FORT,SCHAEFER,2016-06-27,27,6,2016,17,2,8,3,,1,0,,1,1,1,35,4,2,1,5,0,0,0,0,true,,false,false,true,false,false,,,,,,false,false,false,,,false,false,false,false,false,-83.15484,42.27652,"{
  ""coordinates"": [
    -8.315483959200000e+01,
    4.227651779500010e+01
  ],
  ""type"": ""Point""
}","{
  ""coordinates"": [
    -83.154839592,
    42.276517795
  ],
  ""type"": ""Point""
}",-83.154839592,42.2765177950001
11804,9734621,MACK,BEWICK,2016-06-27,27,6,2016,11,2,5,9,,4,0,,1,1,1,30,2,2,2,5,0,0,0,0,true,,false,false,false,false,false,,,,,,false,false,false,,,false,false,false,false,false,-82.98875,42.3745,"{
  ""coordinates"": [
    -8.298874728200001e+01,
    4.237450531400000e+01
  ],
  ""type"": ""Point""
}","{
  ""coordinates"": [
    -82.988747282,
    42.374505314
  ],
  ""type"": ""Point""
}",-82.988747282,42.374505314
11805,9762267,CHESTER,MOROSS,2016-06-27,27,6,2016,2,2,97,9,,4,0,,1,1,4,35,2,3,1,4,0,0,0,1,false,,false,false,false,true,false,,,,,,false,false,false,,,false,false,false,false,false,-82.92323,42.42211,"{
  ""coordinates"": [
    -8.292323613600000e+01,
    4.242211288500000e+01
  ],
  ""type"": ""Point""
}","{
  ""coordinates"": [
    -82.923236136,
    42.422112885
  ],
  ""type"": ""Point""
}",-82.923236136,42.422112885
11806,9739855,MCNICHOLS,MEYERS,2016-06-27,27,6,2016,17,2,4,9,,2,0,,1,1,1,0,4,2,2,4,0,0,0,1,false,,false,false,false,false,false,,,,,,false,false,false,,,false,false,false,false,false,-83.17012,42.41666,"{
  ""coordinates"": [
    -8.317012099599999e+01,
    4.241665486000010e+01
  ],
  ""type"": ""Point""
}","{
  ""coordinates"": [
    -83.170120996,
    42.41665486
  ],
  ""type"": ""Point""
}",-83.170120996,42.4166548600001
11807,9734595,I-96,FULLERTON,2016-06-27,27,6,2016,7,2,98,1,,1,0,,1,1,1,70,4,2,2,4,0,0,0,1,false,,false,false,false,false,false,,,,,,false,false,false,,,false,false,false,false,false,-83.18845,42.38035,"{
  ""coordinates"": [
    -8.318844578200000e+01,
    4.238035303300010e+01
  ],
  ""type"": ""Point""
}","{
  ""coordinates"": [
    -83.188445782,
    42.380353033
  ],
  ""type"": ""Point""
}",-83.188445782,42.3803530330001
11808,9736416,COMMENWEALTH,HANCOCK,2016-06-27,27,6,2016,5,2,98,9,,,0,,1,1,4,25,2,2,0,5,0,0,0,0,true,,false,false,true,false,false,,,,,,false,false,false,,,false,false,false,false,false,-83.07936,42.35069,"{
  ""coordinates"": [
    -8.307935894199990e+01,
    4.235068528300010e+01
  ],
  ""type"": ""Point""
}","{
  ""coordinates"": [
    -83.079358942,
    42.350685283
  ],
  ""type"": ""Point""
}",-83.0793589419999,42.3506852830001
11809,9744812,SHARON,WOODMERE,2016-06-27,27,6,2016,4,2,8,9,,,3,,1,1,4,25,2,2,1,5,0,0,0,0,true,,false,false,true,false,false,,,,,,false,false,false,,,false,false,false,false,false,-83.1368,42.3102,"{
  ""coordinates"": [
    -8.313679241100000e+01,
    4.231020137700010e+01
  ],
  ""type"": ""Point""
}","{
  ""coordinates"": [
    -83.136792411,
    42.310201377
  ],
  ""type"": ""Point""
}",-83.136792411,42.3102013770001
11810,9743066,MILWAUKEE,LODGE SERVICE,2016-06-27,27,6,2016,18,2,4,3,,1,0,,1,1,1,30,2,2,2,2,0,1,0,0,false,,false,false,false,false,false,,,,,,false,false,false,,,false,false,false,false,false,-83.08093,42.36646,"{
  ""coordinates"": [
    -8.308092984400000e+01,
    4.236645672900000e+01
  ],
  ""type"": ""Point""
}","{
  ""coordinates"": [
    -83.080929844,
    42.366456729
  ],
  ""type"": ""Point""
}",-83.080929844,42.366456729
11811,9733811,BETHUNE,CHURCHILL,2016-06-27,27,6,2016,2,2,9,9,,,0,,1,1,4,0,2,3,1,5,0,0,0,0,true,,false,false,false,false,false,,,,,,false,false,false,,,false,false,false,false,false,-83.09132,42.36662,"{
  ""coordinates"": [
    -8.309132369799990e+01,
    4.236661405500010e+01
  ],
  ""type"": ""Point""
}","{
  ""coordinates"": [
    -83.091323698,
    42.366614055
  ],
  ""type"": ""Point""
}",-83.0913236979999,42.3666140550001
11812,9739853,EIGHT MILE,SANTA BARBARA,2016-06-27,27,6,2016,16,2,8,3,,1,0,,1,1,1,45,2,2,2,4,0,0,0,2,false,,false,false,true,false,false,,,,,,false,false,true,,,false,false,false,false,false,-83.14957,42.44592,"{
  ""coordinates"": [
    -8.314957291699990e+01,
    4.244591596200010e+01
  ],
  ""type"": ""Point""
}","{
  ""coordinates"": [
    -83.149572917,
    42.445915962
  ],
  ""type"": ""Point""
}",-83.1495729169999,42.4459159620001
11813,9737661,216H,I-94,2016-06-27,27,6,2016,8,2,5,1,,1,0,,1,1,1,55,1,2,2,5,0,0,0,0,true,,false,false,false,false,false,,,,,,false,false,false,,,false,false,false,false,false,-83.05983,42.36779,"{
  ""coordinates"": [
    -8.305983308299990e+01,
    4.236779468500000e+01
  ],
  ""type"": ""Point""
}","{
  ""coordinates"": [
    -83.059833083,
    42.367794685
  ],
  ""type"": ""Point""
}",-83.0598330829999,42.367794685
11814,9733772,WYOMING,LYNDON,2016-06-26,26,6,2016,5,1,5,9,,4,0,,1,1,4,35,2,2,1,5,0,0,0,0,true,,true,false,true,false,false,,,,,,false,false,false,,,false,false,false,false,false,-83.15934,42.39524,"{
  ""coordinates"": [
    -8.315934199100001e+01,
    4.239523847400010e+01
  ],
  ""type"": ""Point""
}","{
  ""coordinates"": [
    -83.159341991,
    42.395238474
  ],
  ""type"": ""Point""
}",-83.159341991,42.3952384740001
11815,9737706,VERNOR,WATERMAN,2016-06-26,26,6,2016,4,1,1,9,,4,1,,1,1,4,35,2,1,0,5,0,0,0,0,true,,false,false,false,false,false,,,,,,false,false,false,,,false,false,false,false,false,-83.11551,42.31583,"{
  ""coordinates"": [
    -8.311550583000000e+01,
    4.231583200800000e+01
  ],
  ""type"": ""Point""
}","{
  ""coordinates"": [
    -83.11550583,
    42.315832008
  ],
  ""type"": ""Point""
}",-83.11550583,42.315832008
11816,9733817,VAN DYKE,MCNICHOLS,2016-06-26,26,6,2016,15,1,5,3,,1,0,,1,1,1,35,2,2,3,5,0,0,0,0,true,,false,false,false,false,false,,,,,,false,false,false,,,false,false,false,false,false,-83.0237,42.41953,"{
  ""coordinates"": [
    -8.302370538500000e+01,
    4.241953367500000e+01
  ],
  ""type"": ""Point""
}","{
  ""coordinates"": [
    -83.023705385,
    42.419533675
  ],
  ""type"": ""Point""
}",-83.023705385,42.419533675
11817,9778134,7 MILE,SOUTHFIELD SERVICE DRIVE,2016-06-26,26,6,2016,11,1,3,9,,2,0,,1,1,1,30,2,2,3,5,0,0,0,0,true,,false,false,false,false,false,,,,,,false,false,true,,,false,false,false,false,false,-83.2196,42.43001,"{
  ""coordinates"": [
    -8.321959379700000e+01,
    4.243001136100000e+01
  ],
  ""type"": ""Point""
}","{
  ""coordinates"": [
    -83.219593797,
    42.430011361
  ],
  ""type"": ""Point""
}",-83.219593797,42.430011361
11818,9733807,LINWOOD,STANLEY,2016-06-26,26,6,2016,4,1,8,9,,4,0,,1,1,4,35,2,2,2,4,0,0,0,1,false,,false,false,false,false,false,,,,,,false,false,false,,,false,false,true,false,false,-83.09489,42.35383,"{
  ""coordinates"": [
    -8.309489094700000e+01,
    4.235383028600010e+01
  ],
  ""type"": ""Point""
}","{
  ""coordinates"": [
    -83.094890947,
    42.353830286
  ],
  ""type"": ""Point""
}",-83.094890947,42.3538302860001
11819,9732972,VAN DYKE,HARPER,2016-06-26,26,6,2016,23,1,1,3,,1,0,,1,1,4,35,5,2,1,3,0,0,1,0,false,,false,false,false,false,false,,,,,,true,false,false,,,false,false,false,false,false,-83.02133,42.38789,"{
  ""coordinates"": [
    -8.302132947299999e+01,
    4.238789007300010e+01
  ],
  ""type"": ""Point""
}","{
  ""coordinates"": [
    -83.021329473,
    42.387890073
  ],
  ""type"": ""Point""
}",-83.021329473,42.3878900730001
11820,9733824,INDIANA,PEMBROKE,2016-06-26,26,6,2016,7,1,5,9,,,0,,1,1,1,25,2,2,1,5,0,0,0,0,true,,false,false,false,false,false,,,,,,false,false,false,,,false,false,false,false,false,-83.15907,42.43882,"{
  ""coordinates"": [
    -8.315907118699990e+01,
    4.243881732900010e+01
  ],
  ""type"": ""Point""
}","{
  ""coordinates"": [
    -83.159071187,
    42.438817329
  ],
  ""type"": ""Point""
}",-83.1590711869999,42.4388173290001
11821,9733820,20203 PINEHURST,NORFOLK,2016-06-26,26,6,2016,3,1,8,9,,,0,,1,1,4,0,1,2,1,5,0,0,0,0,true,,false,false,false,false,false,,,,,,false,false,false,,,false,false,false,false,false,-83.16795,42.4445,"{
  ""coordinates"": [
    -8.316794543899989e+01,
    4.244450008600010e+01
  ],
  ""type"": ""Point""
}","{
  ""coordinates"": [
    -83.167945439,
    42.444500086
  ],
  ""type"": ""Point""
}",-83.1679454389999,42.4445000860001
11822,9735531,PORTER,JUNCTION,2016-06-26,26,6,2016,21,1,8,9,,,0,,1,1,4,25,2,2,0,5,0,0,0,0,true,,false,false,true,false,false,,,,,,false,false,false,,,false,false,false,false,false,-83.09875,42.31412,"{
  ""coordinates"": [
    -8.309874468899990e+01,
    4.231412021500010e+01
  ],
  ""type"": ""Point""
}","{
  ""coordinates"": [
    -83.098744689,
    42.314120215
  ],
  ""type"": ""Point""
}",-83.0987446889999,42.3141202150001
11823,9734657,7 MILE,FERGUSON,2016-06-26,26,6,2016,11,1,5,9,,2,0,,1,1,1,35,5,2,2,5,0,0,0,0,true,,false,false,false,false,false,,,,,,false,false,false,,,false,false,false,false,false,-83.21062,42.43026,"{
  ""coordinates"": [
    -8.321062164999999e+01,
    4.243025491900000e+01
  ],
  ""type"": ""Point""
}","{
  ""coordinates"": [
    -83.21062165,
    42.430254919
  ],
  ""type"": ""Point""
}",-83.21062165,42.430254919
11824,9739008,I-75,WILKINS,2016-06-26,26,6,2016,1,1,5,1,,1,0,,1,1,4,70,5,2,2,5,0,0,0,0,true,,false,false,false,false,false,,,,,,false,false,false,,,false,false,false,false,false,-83.04549,42.34774,"{
  ""coordinates"": [
    -8.304549706800000e+01,
    4.234773955100010e+01
  ],
  ""type"": ""Point""
}","{
  ""coordinates"": [
    -83.045497068,
    42.347739551
  ],
  ""type"": ""Point""
}",-83.045497068,42.3477395510001
11825,9734614,ST JEAN,SHOEMAKER,2016-06-26,26,6,2016,23,1,3,9,,4,0,,1,1,4,25,2,2,3,4,0,0,0,2,false,,false,false,false,false,false,,,,,,false,false,true,,,false,false,false,false,false,-82.98579,42.39024,"{
  ""coordinates"": [
    -8.298578403300000e+01,
    4.239024202400000e+01
  ],
  ""type"": ""Point""
}","{
  ""coordinates"": [
    -82.985784033,
    42.390242024
  ],
  ""type"": ""Point""
}",-82.985784033,42.390242024
11826,9739069,7 MILE,GREENFIELD,2016-06-26,26,6,2016,0,1,5,9,,2,0,,1,1,4,0,5,2,5,5,0,0,0,0,true,,false,false,true,false,false,,,,,,false,false,false,,,false,false,false,false,false,-83.19988,42.43042,"{
  ""coordinates"": [
    -8.319988480799999e+01,
    4.243042013900000e+01
  ],
  ""type"": ""Point""
}","{
  ""coordinates"": [
    -83.199884808,
    42.430420139
  ],
  ""type"": ""Point""
}",-83.199884808,42.430420139
11827,9734649,CHICAGO,BRAILE,2016-06-26,26,6,2016,19,1,4,9,,4,0,,2,4,1,25,4,2,3,4,0,0,0,1,false,,true,false,false,false,false,,,,,,false,false,true,,,false,false,false,false,false,-83.24348,42.36459,"{
  ""coordinates"": [
    -8.324347859499990e+01,
    4.236459129900000e+01
  ],
  ""type"": ""Point""
}","{
  ""coordinates"": [
    -83.243478595,
    42.364591299
  ],
  ""type"": ""Point""
}",-83.2434785949999,42.364591299
11828,9737734,BRAMELL,ELMIRA,2016-06-26,26,6,2016,22,1,5,9,,,0,,1,1,4,25,2,3,0,5,0,0,0,0,true,,false,false,false,false,false,,,,,,false,false,false,,,false,false,false,false,false,-83.26319,42.36887,"{
  ""coordinates"": [
    -8.326319294099990e+01,
    4.236887440300010e+01
  ],
  ""type"": ""Point""
}","{
  ""coordinates"": [
    -83.263192941,
    42.368874403
  ],
  ""type"": ""Point""
}",-83.2631929409999,42.3688744030001
11829,9739009,I-75,WILKINS,2016-06-26,26,6,2016,1,1,8,1,,1,0,,1,1,4,70,5,2,3,2,0,2,0,0,false,,false,false,false,false,false,,,,,,false,false,false,,,false,false,false,false,false,-83.04549,42.34774,"{
  ""coordinates"": [
    -8.304549706800000e+01,
    4.234773955100010e+01
  ],
  ""type"": ""Point""
}","{
  ""coordinates"": [
    -83.045497068,
    42.347739551
  ],
  ""type"": ""Point""
}",-83.045497068,42.3477395510001
11830,9743031,W/B I-94,MT ELLIOTT,2016-06-26,26,6,2016,8,1,5,1,,1,0,,1,1,1,55,3,2,1,5,0,0,0,0,true,,false,false,false,false,false,,,,,,false,false,false,,,false,false,false,false,false,-83.03263,42.38031,"{
  ""coordinates"": [
    -8.303263220400000e+01,
    4.238031410000010e+01
  ],
  ""type"": ""Point""
}","{
  ""coordinates"": [
    -83.032632204,
    42.3803141
  ],
  ""type"": ""Point""
}",-83.032632204,42.3803141000001
11831,9740890,I-94,MT ELLIOT,2016-06-26,26,6,2016,8,1,8,1,,1,0,,1,1,1,55,3,2,2,5,0,0,0,0,true,,false,false,false,false,false,,,,,,false,false,true,,,false,false,false,false,false,-83.04246,42.37588,"{
  ""coordinates"": [
    -8.304245655100000e+01,
    4.237587653800010e+01
  ],
  ""type"": ""Point""
}","{
  ""coordinates"": [
    -83.042456551,
    42.375876538
  ],
  ""type"": ""Point""
}",-83.042456551,42.3758765380001
11832,9732976,HAVERHILL,NOTTINGHAM,2016-06-26,26,6,2016,11,1,4,9,,,0,,1,1,4,25,2,2,2,4,0,0,0,1,false,,true,false,true,false,false,,,,,,false,false,false,,,false,false,false,false,false,-82.95328,42.41206,"{
  ""coordinates"": [
    -8.295327775500000e+01,
    4.241205539600000e+01
  ],
  ""type"": ""Point""
}","{
  ""coordinates"": [
    -82.953277755,
    42.412055396
  ],
  ""type"": ""Point""
}",-82.953277755,42.412055396
11833,9733813,DAVISON,ROSA PARKS,2016-06-26,26,6,2016,15,1,5,3,,1,0,,1,1,1,35,3,2,2,5,0,0,0,0,true,,false,false,true,false,false,,,,,,false,false,false,,,false,false,false,false,false,-83.11312,42.39636,"{
  ""coordinates"": [
    -8.311311828500000e+01,
    4.239636050300000e+01
  ],
  ""type"": ""Point""
}","{
  ""coordinates"": [
    -83.113118285,
    42.396360503
  ],
  ""type"": ""Point""
}",-83.113118285,42.396360503
11834,9733777,N M 10,MILWAUKEE,2016-06-26,26,6,2016,15,1,1,3,,1,1,,1,1,1,55,3,1,1,5,0,0,0,0,true,,false,false,false,false,false,,,,,,false,false,false,,,false,false,false,false,false,-83.08127,42.36647,"{
  ""coordinates"": [
    -8.308126984499999e+01,
    4.236647320300010e+01
  ],
  ""type"": ""Point""
}","{
  ""coordinates"": [
    -83.081269845,
    42.366473203
  ],
  ""type"": ""Point""
}",-83.081269845,42.3664732030001
11835,9737693,JOY,S M 39 SERVICE DRIVE,2016-06-26,26,6,2016,12,1,4,9,,2,0,,1,1,1,35,6,2,3,5,0,0,0,0,true,,false,false,false,false,false,,,,,,false,false,false,,,false,false,false,false,false,-83.2169,42.35783,"{
  ""coordinates"": [
    -8.321689945999999e+01,
    4.235783572700010e+01
  ],
  ""type"": ""Point""
}","{
  ""coordinates"": [
    -83.21689946,
    42.357835727
  ],
  ""type"": ""Point""
}",-83.21689946,42.3578357270001
11836,9733816,VAN DYKE,ORION,2016-06-26,26,6,2016,13,1,97,3,,1,0,,1,1,1,35,6,2,3,5,0,0,0,0,true,,false,false,false,false,false,,,,,,false,false,false,,,false,false,false,false,false,-83.02399,42.42706,"{
  ""coordinates"": [
    -8.302398745100000e+01,
    4.242706450300010e+01
  ],
  ""type"": ""Point""
}","{
  ""coordinates"": [
    -83.023987451,
    42.427064503
  ],
  ""type"": ""Point""
}",-83.023987451,42.4270645030001
11837,9861708,N I 75,W I 94,2016-06-26,26,6,2016,2,1,1,1,,1,1,,1,1,4,55,2,1,3,5,0,0,0,0,true,,false,false,true,false,false,,,,,,false,false,false,,,false,false,false,false,false,-83.05803,42.36876,"{
  ""coordinates"": [
    -8.305802667899999e+01,
    4.236875490400010e+01
  ],
  ""type"": ""Point""
}","{
  ""coordinates"": [
    -83.058026679,
    42.368754904
  ],
  ""type"": ""Point""
}",-83.058026679,42.3687549040001
11838,9734600,ALTER,MACK,2016-06-26,26,6,2016,9,1,5,9,,4,0,,1,1,5,35,4,2,2,5,0,0,0,0,true,,false,false,false,false,false,,,,,,false,false,true,,,false,false,false,false,false,-82.94793,42.38766,"{
  ""coordinates"": [
    -8.294793244600000e+01,
    4.238766392100010e+01
  ],
  ""type"": ""Point""
}","{
  ""coordinates"": [
    -82.947932446,
    42.387663921
  ],
  ""type"": ""Point""
}",-82.947932446,42.3876639210001
11839,9736430,MT ELLIOTT,8 MILE,2016-06-26,26,6,2016,12,1,5,3,,4,0,,1,1,1,0,8,2,2,5,0,0,0,0,true,,false,false,false,false,false,,,,,,false,false,false,,,false,false,false,false,false,-83.03941,42.4476,"{
  ""coordinates"": [
    -8.303940249100000e+01,
    4.244759815000000e+01
  ],
  ""type"": ""Point""
}","{
  ""coordinates"": [
    -83.039402491,
    42.44759815
  ],
  ""type"": ""Point""
}",-83.039402491,42.44759815
11840,9733818,KENTUCKY,CURTIS,2016-06-26,26,6,2016,14,1,4,9,,,0,,1,1,1,25,1,2,2,5,0,0,0,0,true,,false,false,false,false,false,,,,,,false,true,true,,,false,false,false,false,false,-83.15965,42.42462,"{
  ""coordinates"": [
    -8.315965519000000e+01,
    4.242462221300010e+01
  ],
  ""type"": ""Point""
}","{
  ""coordinates"": [
    -83.15965519,
    42.424622213
  ],
  ""type"": ""Point""
}",-83.15965519,42.4246222130001
11841,9739704,I96 WB,GREENFIELD,2016-06-26,26,6,2016,4,1,1,1,,1,1,,1,1,4,0,3,1,1,3,0,0,1,0,false,,false,false,false,true,true,,,,,,false,false,false,,,false,false,false,false,false,-83.19412,42.37926,"{
  ""coordinates"": [
    -8.319412153699990e+01,
    4.237925669300010e+01
  ],
  ""type"": ""Point""
}","{
  ""coordinates"": [
    -83.194121537,
    42.379256693
  ],
  ""type"": ""Point""
}",-83.1941215369999,42.3792566930001
11842,9743897,I 96,SCHAEFER,2016-06-26,26,6,2016,2,1,8,1,,1,3,,1,1,4,70,3,2,4,3,0,0,1,0,false,,false,false,true,false,false,,,,,,false,false,false,,,false,false,false,false,false,-83.18304,42.38227,"{
  ""coordinates"": [
    -8.318304396600000e+01,
    4.238227260500000e+01
  ],
  ""type"": ""Point""
}","{
  ""coordinates"": [
    -83.183043966,
    42.382272605
  ],
  ""type"": ""Point""
}",-83.183043966,42.382272605
11843,9747629,HAYES,MANNING,2016-06-26,26,6,2016,10,1,2,9,,4,0,,1,1,4,30,2,2,3,4,0,0,0,3,false,,false,false,false,false,false,,,,,,false,false,false,,,false,false,false,false,false,-82.96567,42.44059,"{
  ""coordinates"": [
    -8.296566729900000e+01,
    4.244059341700010e+01
  ],
  ""type"": ""Point""
}","{
  ""coordinates"": [
    -82.965667299,
    42.440593417
  ],
  ""type"": ""Point""
}",-82.965667299,42.4405934170001
11844,9733794,SOUTHFIELD SERVICE DRIVE,LYNDON,2016-06-26,26,6,2016,13,1,5,9,,4,0,,1,1,1,55,4,2,3,4,0,0,0,2,false,,false,false,false,false,false,,,,,,false,false,false,,,false,false,false,false,false,-83.21773,42.39445,"{
  ""coordinates"": [
    -8.321772667899999e+01,
    4.239444862900010e+01
  ],
  ""type"": ""Point""
}","{
  ""coordinates"": [
    -83.217726679,
    42.394448629
  ],
  ""type"": ""Point""
}",-83.217726679,42.3944486290001
11845,9735507,S I 75,FORT,2016-06-26,26,6,2016,4,1,1,1,,1,0,,1,2,4,70,4,1,1,5,0,0,0,0,true,,false,false,false,false,false,,,,,,false,false,false,,,false,false,false,false,false,-83.15305,42.27854,"{
  ""coordinates"": [
    -8.315305652000001e+01,
    4.227853696000010e+01
  ],
  ""type"": ""Point""
}","{
  ""coordinates"": [
    -83.15305652,
    42.27853696
  ],
  ""type"": ""Point""
}",-83.15305652,42.2785369600001
11846,9733780,KIRBY,WOODWARD,2016-06-26,26,6,2016,19,1,5,3,,,3,,1,2,1,20,4,2,0,5,0,0,0,0,true,,false,false,false,false,false,,,,,,false,false,false,,,false,false,false,false,false,-83.06617,42.36009,"{
  ""coordinates"": [
    -8.306616894400000e+01,
    4.236009092700000e+01
  ],
  ""type"": ""Point""
}","{
  ""coordinates"": [
    -83.066168944,
    42.360090927
  ],
  ""type"": ""Point""
}",-83.066168944,42.360090927
11847,9743898,I-96,SCHAEFER,2016-06-26,26,6,2016,2,1,97,1,,1,0,,1,1,4,70,3,2,1,5,0,0,0,0,true,,false,false,false,false,false,,,,,,false,false,false,,,false,false,false,false,false,-83.18304,42.38227,"{
  ""coordinates"": [
    -8.318304396600000e+01,
    4.238227260500000e+01
  ],
  ""type"": ""Point""
}","{
  ""coordinates"": [
    -83.183043966,
    42.382272605
  ],
  ""type"": ""Point""
}",-83.183043966,42.382272605
11848,9733782,OUTER,CORNWALL,2016-06-26,26,6,2016,2,1,5,9,,2,0,,1,1,4,25,2,2,3,5,0,0,0,0,true,,false,false,false,false,false,,,,,,false,false,false,,,false,false,false,false,false,-82.93517,42.4018,"{
  ""coordinates"": [
    -8.293516423200001e+01,
    4.240179818800000e+01
  ],
  ""type"": ""Point""
}","{
  ""coordinates"": [
    -82.935164232,
    42.401798188
  ],
  ""type"": ""Point""
}",-82.935164232,42.401798188
11849,9739010,E I 96,E I 96 CD,2016-06-26,26,6,2016,22,1,97,1,,1,0,,1,2,4,70,3,2,4,4,0,0,0,1,false,,false,false,true,false,false,,,,,,false,false,false,,,false,false,false,false,false,-83.25456,42.3854,"{
  ""coordinates"": [
    -8.325456121400001e+01,
    4.238539724400000e+01
  ],
  ""type"": ""Point""
}","{
  ""coordinates"": [
    -83.254561214,
    42.385397244
  ],
  ""type"": ""Point""
}",-83.254561214,42.385397244
11850,9734628,WESTWOOD,ELMIRA,2016-06-26,26,6,2016,0,1,98,9,,,0,,1,1,4,25,1,2,1,5,0,0,0,0,true,,false,false,true,false,false,,,,,,false,false,false,,,false,false,false,false,false,-83.23133,42.36977,"{
  ""coordinates"": [
    -8.323133340500000e+01,
    4.236976586800010e+01
  ],
  ""type"": ""Point""
}","{
  ""coordinates"": [
    -83.231333405,
    42.369765868
  ],
  ""type"": ""Point""
}",-83.231333405,42.3697658680001
11851,9732073,7 MILE,VAN DYKE,2016-06-26,26,6,2016,1,1,5,3,,4,0,,1,1,4,35,2,2,2,4,0,0,0,1,false,,false,false,false,false,false,,,,,,false,false,false,,,false,false,false,false,false,-83.02428,42.43397,"{
  ""coordinates"": [
    -8.302428732200001e+01,
    4.243396759100010e+01
  ],
  ""type"": ""Point""
}","{
  ""coordinates"": [
    -83.024287322,
    42.433967591
  ],
  ""type"": ""Point""
}",-83.024287322,42.4339675910001
11852,9739842,7 MILE,PATTON,2016-06-26,26,6,2016,19,1,8,9,,2,0,,1,1,1,30,2,2,2,5,0,0,0,0,true,,false,false,false,false,false,,,,,,false,false,false,,,false,false,false,false,false,-83.24501,42.42942,"{
  ""coordinates"": [
    -8.324500974800000e+01,
    4.242942350400010e+01
  ],
  ""type"": ""Point""
}","{
  ""coordinates"": [
    -83.245009748,
    42.429423504
  ],
  ""type"": ""Point""
}",-83.245009748,42.4294235040001
11853,9740873,I-96,OUTER,2016-06-26,26,6,2016,9,1,1,1,,1,0,,1,2,1,70,5,1,1,5,0,0,0,0,true,,false,false,false,false,false,,,,,,false,true,false,,,false,false,false,false,true,-83.25813,42.38566,"{
  ""coordinates"": [
    -8.325812997600001e+01,
    4.238566215800010e+01
  ],
  ""type"": ""Point""
}","{
  ""coordinates"": [
    -83.258129976,
    42.385662158
  ],
  ""type"": ""Point""
}",-83.258129976,42.3856621580001
11854,9734634,GRATIOT,RANDOLPH,2016-06-26,26,6,2016,2,1,8,3,,1,0,,1,1,4,0,3,2,1,5,0,0,0,0,true,,false,false,true,false,false,,,,,,false,false,false,,,false,false,true,false,false,-83.04501,42.33535,"{
  ""coordinates"": [
    -8.304501016800000e+01,
    4.233535404000000e+01
  ],
  ""type"": ""Point""
}","{
  ""coordinates"": [
    -83.045010168,
    42.33535404
  ],
  ""type"": ""Point""
}",-83.045010168,42.33535404