ObjectId,Crash ID,Primary Road,Intersecting Road,Crash Date,Day,Month,Year,Hour,Weekday,Crash Type Code,Highway Classification Code,Community Code,Jurisdiction Code,Lane Departure Type Code,Surface Type,Road Condition,Weather Condition,Lighting Condition,Speed Limit,Lanes,Units,Occupants,Most Severe Injury,Fatal Injuries,Suspected Serious Injuries,Suspected Minor Injuries,Possible Injuries,Property Damage Only,Secondary Crash,Traffic Control,Red Light Run,Hit and Run,Alcohol,Drugs,Unbelted Person,Work Zone,Speeding Driver,Distracted Driver,Driveway,Pedestrian,Elderly Driver,Young Driver,Commercial Vehicle,Emergency Vehicles,Train,School Bus,Motorcycle,Bicycle,Deer,Longitude,Latitude,geom,geog,x,y
11855,9743046,N I 75,CONSOLIDATED RAIL CORPORATION,2016-06-26,26,6,2016,4,1,1,1,,1,1,,97,2,4,55,4,1,1,5,0,0,0,0,true,,false,false,false,false,false,,,,,,false,false,false,,,false,false,false,false,false,-83.06055,42.37531,"{
  ""coordinates"": [
    -8.306054840600000e+01,
    4.237530833500010e+01
  ],
  ""type"": ""Point""
}","{
  ""coordinates"": [
    -83.060548406,
    42.375308335
  ],
  ""type"": ""Point""
}",-83.060548406,42.3753083350001
11856,9740954,BRAMELL,ELMIRA,2016-06-26,26,6,2016,22,1,5,9,,,0,,1,1,4,25,2,3,0,5,0,0,0,0,true,,false,false,false,false,false,,,,,,false,false,false,,,false,false,false,false,false,-83.26319,42.36887,"{
  ""coordinates"": [
    -8.326319294099990e+01,
    4.236887440300010e+01
  ],
  ""type"": ""Point""
}","{
  ""coordinates"": [
    -83.263192941,
    42.368874403
  ],
  ""type"": ""Point""
}",-83.2631929409999,42.3688744030001
11857,9744857,MCNICHOLS,SCHAEFER,2016-06-26,26,6,2016,1,1,97,9,,2,0,,1,1,4,35,6,2,0,5,0,0,0,0,true,,false,false,true,false,false,,,,,,false,false,false,,,false,false,false,false,false,-83.17982,42.41659,"{
  ""coordinates"": [
    -8.317981398099990e+01,
    4.241658878500000e+01
  ],
  ""type"": ""Point""
}","{
  ""coordinates"": [
    -83.179813981,
    42.416588785
  ],
  ""type"": ""Point""
}",-83.1798139809999,42.416588785
11858,9737741,JEFFERSON,BEAUBIEN,2016-06-26,26,6,2016,10,1,8,4,,1,0,,1,1,1,35,3,2,2,5,0,0,0,0,true,,false,false,false,false,false,,,,,,false,true,false,,,false,false,false,false,false,-83.04006,42.33077,"{
  ""coordinates"": [
    -8.304006379200000e+01,
    4.233077161400010e+01
  ],
  ""type"": ""Point""
}","{
  ""coordinates"": [
    -83.040063792,
    42.330771614
  ],
  ""type"": ""Point""
}",-83.040063792,42.3307716140001
11859,9765197,S M 10,RAMP 122B,2016-06-26,26,6,2016,6,1,2,3,,1,2,,1,2,2,55,3,2,2,2,0,1,1,0,false,,false,false,false,false,true,,,,,,false,false,false,,,false,false,false,false,false,-83.06524,42.33673,"{
  ""coordinates"": [
    -8.306523760899999e+01,
    4.233672855800010e+01
  ],
  ""type"": ""Point""
}","{
  ""coordinates"": [
    -83.065237609,
    42.336728558
  ],
  ""type"": ""Point""
}",-83.065237609,42.3367285580001
11860,9735532,PORTER,JUNCTION,2016-06-26,26,6,2016,21,1,8,9,,,0,,1,1,4,25,2,2,0,5,0,0,0,0,true,,false,false,true,false,false,,,,,,false,false,false,,,false,false,false,false,false,-83.09875,42.31412,"{
  ""coordinates"": [
    -8.309874468899990e+01,
    4.231412021500010e+01
  ],
  ""type"": ""Point""
}","{
  ""coordinates"": [
    -83.098744689,
    42.314120215
  ],
  ""type"": ""Point""
}",-83.0987446889999,42.3141202150001
11861,9734648,CONSTANCE,TRINITY,2016-06-26,26,6,2016,17,1,10,9,,,0,,1,1,1,25,1,2,1,5,0,0,0,0,true,,false,false,false,false,false,,,,,,false,false,true,,,false,false,false,false,false,-83.24652,42.35374,"{
  ""coordinates"": [
    -8.324652168700000e+01,
    4.235374190800010e+01
  ],
  ""type"": ""Point""
}","{
  ""coordinates"": [
    -83.246521687,
    42.353741908
  ],
  ""type"": ""Point""
}",-83.246521687,42.3537419080001
11862,9732985,CARLISLE,REDMOND,2016-06-26,26,6,2016,20,1,10,9,,,0,,1,1,1,0,3,2,4,5,0,0,0,0,true,,false,false,true,false,false,,,,,,false,false,true,,,false,false,false,false,false,-82.95619,42.44917,"{
  ""coordinates"": [
    -8.295619182099990e+01,
    4.244916627600000e+01
  ],
  ""type"": ""Point""
}","{
  ""coordinates"": [
    -82.956191821,
    42.449166276
  ],
  ""type"": ""Point""
}",-82.9561918209999,42.449166276
11863,9744842,WHITEHILL,CASINO,2016-06-26,26,6,2016,0,1,8,9,,,3,,1,1,4,25,2,2,0,5,0,0,0,0,true,,false,false,true,false,false,,,,,,false,false,false,,,false,false,false,false,false,-82.95066,42.42891,"{
  ""coordinates"": [
    -8.295066133200000e+01,
    4.242891491100000e+01
  ],
  ""type"": ""Point""
}","{
  ""coordinates"": [
    -82.950661332,
    42.428914911
  ],
  ""type"": ""Point""
}",-82.950661332,42.428914911
11864,9733819,7 MILE,FERGUSON,2016-06-26,26,6,2016,10,1,5,9,,2,0,,1,1,1,30,2,3,2,5,0,0,0,0,true,,false,false,true,false,false,,,,,,false,true,false,,,false,false,false,false,false,-83.21062,42.43026,"{
  ""coordinates"": [
    -8.321062164999999e+01,
    4.243025491900000e+01
  ],
  ""type"": ""Point""
}","{
  ""coordinates"": [
    -83.21062165,
    42.430254919
  ],
  ""type"": ""Point""
}",-83.21062165,42.430254919
11865,9734655,GRANDRIVER,BRAIL,2016-06-26,26,6,2016,7,1,4,3,,1,0,,1,1,1,35,6,2,3,5,0,0,0,0,true,,false,false,false,false,false,,,,,,false,false,false,,,false,false,false,false,false,-83.24538,42.41159,"{
  ""coordinates"": [
    -8.324538311899990e+01,
    4.241159356600010e+01
  ],
  ""type"": ""Point""
}","{
  ""coordinates"": [
    -83.245383119,
    42.411593566
  ],
  ""type"": ""Point""
}",-83.2453831189999,42.4115935660001
11866,9733774,PINEHURST,ELMIRA,2016-06-26,26,6,2016,20,1,5,9,,,0,,1,2,3,25,2,2,1,5,0,0,0,0,true,,false,false,false,false,false,,,,,,false,true,false,,,false,false,false,false,false,-83.16565,42.37042,"{
  ""coordinates"": [
    -8.316565165599999e+01,
    4.237041977100010e+01
  ],
  ""type"": ""Point""
}","{
  ""coordinates"": [
    -83.165651656,
    42.370419771
  ],
  ""type"": ""Point""
}",-83.165651656,42.3704197710001
11867,9734670,KLINGER,LANTZ,2016-06-26,26,6,2016,19,1,10,9,,,3,,1,1,1,25,2,2,1,5,0,0,0,0,true,,false,false,true,false,false,,,,,,false,false,false,,,false,false,false,false,false,-83.06948,42.43768,"{
  ""coordinates"": [
    -8.306947802500000e+01,
    4.243768203000010e+01
  ],
  ""type"": ""Point""
}","{
  ""coordinates"": [
    -83.069478025,
    42.43768203
  ],
  ""type"": ""Point""
}",-83.069478025,42.4376820300001
11868,9733808,FULLERTON,14 TH,2016-06-26,26,6,2016,13,1,8,9,,,0,,98,98,98,30,1,2,0,5,0,0,0,0,true,,false,false,true,false,false,,,,,,false,false,false,,,false,false,false,false,false,-83.11276,42.391,"{
  ""coordinates"": [
    -8.311276092000000e+01,
    4.239099856700010e+01
  ],
  ""type"": ""Point""
}","{
  ""coordinates"": [
    -83.11276092,
    42.390998567
  ],
  ""type"": ""Point""
}",-83.11276092,42.3909985670001
11869,9732977,CONNER,EVANSTON,2016-06-26,26,6,2016,13,1,8,9,,4,0,,1,2,1,30,4,2,2,4,0,0,0,1,false,,false,false,false,false,false,,,,,,false,false,false,,,false,false,false,false,false,-82.9902,42.39797,"{
  ""coordinates"": [
    -8.299019860100000e+01,
    4.239796804300000e+01
  ],
  ""type"": ""Point""
}","{
  ""coordinates"": [
    -82.990198601,
    42.397968043
  ],
  ""type"": ""Point""
}",-82.990198601,42.397968043
11870,9734620,GRATIOT,I 94,2016-06-26,26,6,2016,23,1,4,3,,1,0,,1,1,4,30,7,2,4,5,0,0,0,0,true,,true,true,true,false,false,,,,,,false,false,false,,,false,false,false,false,false,-83.0064,42.39134,"{
  ""coordinates"": [
    -8.300639989200000e+01,
    4.239134342100000e+01
  ],
  ""type"": ""Point""
}","{
  ""coordinates"": [
    -83.006399892,
    42.391343421
  ],
  ""type"": ""Point""
}",-83.006399892,42.391343421
11871,9739060,WYOMING,S M 10,2016-06-26,26,6,2016,4,1,3,9,,4,0,,1,1,4,30,2,2,1,5,0,0,0,0,true,,true,true,true,false,false,,,,,,false,false,true,,,false,false,false,false,false,-83.15981,42.40519,"{
  ""coordinates"": [
    -8.315980916699991e+01,
    4.240519059500010e+01
  ],
  ""type"": ""Point""
}","{
  ""coordinates"": [
    -83.159809167,
    42.405190595
  ],
  ""type"": ""Point""
}",-83.1598091669999,42.4051905950001
11872,9734610,I-94,CONNER,2016-06-26,26,6,2016,17,1,8,1,,1,0,,1,1,1,55,4,2,4,5,0,0,0,0,true,,false,false,true,false,false,,,,,,false,false,false,,,false,false,false,false,false,-82.98762,42.39655,"{
  ""coordinates"": [
    -8.298761370999991e+01,
    4.239654389400000e+01
  ],
  ""type"": ""Point""
}","{
  ""coordinates"": [
    -82.98761371,
    42.396543894
  ],
  ""type"": ""Point""
}",-82.9876137099999,42.396543894
11873,9734629,I 96,SOUTHFIELD,2016-06-26,26,6,2016,7,1,97,1,,1,1,,1,1,1,70,6,1,1,5,0,0,0,0,true,,false,false,false,false,false,,,,,,false,false,false,,,false,false,false,false,false,-83.21484,42.37867,"{
  ""coordinates"": [
    -8.321483677700000e+01,
    4.237867425800000e+01
  ],
  ""type"": ""Point""
}","{
  ""coordinates"": [
    -83.214836777,
    42.378674258
  ],
  ""type"": ""Point""
}",-83.214836777,42.378674258
11874,9735508,NB I-75,SPRINGWELLS,2016-06-26,26,6,2016,20,1,1,1,,1,1,,2,2,1,55,4,1,2,5,0,0,0,0,true,,false,false,false,false,false,,,,,,false,false,false,,,false,false,false,false,false,-83.11769,42.30195,"{
  ""coordinates"": [
    -8.311769271700000e+01,
    4.230195178600010e+01
  ],
  ""type"": ""Point""
}","{
  ""coordinates"": [
    -83.117692717,
    42.301951786
  ],
  ""type"": ""Point""
}",-83.117692717,42.3019517860001
11875,9734618,ALTER,WAVENEY,2016-06-26,26,6,2016,14,1,8,9,,4,0,,1,1,1,35,2,2,3,5,0,0,0,0,true,,false,false,true,false,false,,,,,,false,false,true,,,false,false,false,false,false,-82.95101,42.39227,"{
  ""coordinates"": [
    -8.295101546900000e+01,
    4.239226413700000e+01
  ],
  ""type"": ""Point""
}","{
  ""coordinates"": [
    -82.951015469,
    42.392264137
  ],
  ""type"": ""Point""
}",-82.951015469,42.392264137
11876,9733797,GREENFIELD,VASSAR,2016-06-25,25,6,2016,9,7,8,9,,2,0,,1,1,1,35,4,2,2,5,0,0,0,0,true,,false,false,false,false,false,,,,,,false,false,true,,,false,false,false,false,false,-83.19998,42.43318,"{
  ""coordinates"": [
    -8.319998220300000e+01,
    4.243318185000000e+01
  ],
  ""type"": ""Point""
}","{
  ""coordinates"": [
    -83.199982203,
    42.43318185
  ],
  ""type"": ""Point""
}",-83.199982203,42.43318185
11877,9732061,CHALMERS,HARPER,2016-06-25,25,6,2016,15,7,5,1,,4,0,,1,1,1,30,4,2,4,4,0,0,0,3,false,,false,false,false,true,false,,,,,,false,false,true,,,false,false,false,false,false,-82.96458,42.40446,"{
  ""coordinates"": [
    -8.296458458500000e+01,
    4.240446283300000e+01
  ],
  ""type"": ""Point""
}","{
  ""coordinates"": [
    -82.964584585,
    42.404462833
  ],
  ""type"": ""Point""
}",-82.964584585,42.404462833
11878,9755023,LAHSER,GRAND RIVER,2016-06-25,25,6,2016,10,7,2,3,,2,0,,1,1,1,35,4,2,2,4,0,0,0,1,false,,false,false,false,false,false,,,,,,false,true,false,,,false,false,false,false,false,-83.25764,42.41649,"{
  ""coordinates"": [
    -8.325763493600000e+01,
    4.241648737300010e+01
  ],
  ""type"": ""Point""
}","{
  ""coordinates"": [
    -83.257634936,
    42.416487373
  ],
  ""type"": ""Point""
}",-83.257634936,42.4164873730001
11879,9739861,7 MILE,WOODWARD,2016-06-25,25,6,2016,17,7,8,3,,2,0,,1,1,1,30,2,2,5,4,0,0,0,1,false,,false,false,true,false,false,,,,,,false,false,false,,,false,false,false,false,false,-83.11539,42.43211,"{
  ""coordinates"": [
    -8.311539228200000e+01,
    4.243211526500000e+01
  ],
  ""type"": ""Point""
}","{
  ""coordinates"": [
    -83.115392282,
    42.432115265
  ],
  ""type"": ""Point""
}",-83.115392282,42.432115265
11880,9733779,JOHN R,MACK,2016-06-25,25,6,2016,12,7,5,9,,4,0,,1,1,1,0,2,2,4,5,0,0,0,0,true,,false,false,false,false,false,,,,,,false,false,true,,,false,false,false,false,false,-83.05592,42.34835,"{
  ""coordinates"": [
    -8.305592278300000e+01,
    4.234835193800010e+01
  ],
  ""type"": ""Point""
}","{
  ""coordinates"": [
    -83.055922783,
    42.348351938
  ],
  ""type"": ""Point""
}",-83.055922783,42.3483519380001
11881,9735574,SECOND,FOREST,2016-06-25,25,6,2016,23,7,8,9,,4,0,,1,1,5,30,2,2,0,5,0,0,0,0,true,,false,false,true,false,false,,,,,,false,false,false,,,false,false,false,false,false,-83.06747,42.35277,"{
  ""coordinates"": [
    -8.306746605399999e+01,
    4.235277157600010e+01
  ],
  ""type"": ""Point""
}","{
  ""coordinates"": [
    -83.067466054,
    42.352771576
  ],
  ""type"": ""Point""
}",-83.067466054,42.3527715760001
11882,9735506,WB I-94,CHALMERS,2016-06-25,25,6,2016,19,7,1,1,,1,1,,1,2,1,55,3,1,1,5,0,0,0,0,true,,false,false,false,false,false,,,,,,false,false,true,,,false,false,false,false,false,-82.96601,42.40331,"{
  ""coordinates"": [
    -8.296600780300000e+01,
    4.240330753800000e+01
  ],
  ""type"": ""Point""
}","{
  ""coordinates"": [
    -82.966007803,
    42.403307538
  ],
  ""type"": ""Point""
}",-82.966007803,42.403307538
11883,9743030,N M 39,LYNDON,2016-06-25,25,6,2016,16,7,9,3,,1,2,,1,1,1,55,3,2,4,4,0,0,0,1,false,,false,false,false,false,false,,,,,,false,false,true,,,false,false,false,false,false,-83.21793,42.39458,"{
  ""coordinates"": [
    -8.321793020900000e+01,
    4.239457539600010e+01
  ],
  ""type"": ""Point""
}","{
  ""coordinates"": [
    -83.217930209,
    42.394575396
  ],
  ""type"": ""Point""
}",-83.217930209,42.3945753960001
11884,9732974,7 MILE,KELLY,2016-06-25,25,6,2016,17,7,4,9,,4,0,,1,1,1,35,4,2,2,4,0,0,0,1,false,,true,true,false,false,true,,,,,,false,false,false,,,false,false,false,false,false,-82.95213,42.43561,"{
  ""coordinates"": [
    -8.295213677200000e+01,
    4.243560684700000e+01
  ],
  ""type"": ""Point""
}","{
  ""coordinates"": [
    -82.952136772,
    42.435606847
  ],
  ""type"": ""Point""
}",-82.952136772,42.435606847
11885,9736451,LIVERNOIS,CORTLAND,2016-06-25,25,6,2016,14,7,4,9,,4,0,,1,1,1,40,6,2,2,5,0,0,0,0,true,,false,false,true,false,false,,,,,,false,false,false,,,false,false,false,false,false,-83.13934,42.37902,"{
  ""coordinates"": [
    -8.313933332200000e+01,
    4.237901899600010e+01
  ],
  ""type"": ""Point""
}","{
  ""coordinates"": [
    -83.139333322,
    42.379018996
  ],
  ""type"": ""Point""
}",-83.139333322,42.3790189960001
11886,9733784,FAIRVIEW,WARREN,2016-06-25,25,6,2016,17,7,98,9,,,0,,1,1,1,25,1,2,0,5,0,0,0,0,true,,false,false,true,false,false,,,,,,false,false,false,,,false,false,false,false,false,-82.987,42.38566,"{
  ""coordinates"": [
    -8.298700032100000e+01,
    4.238566281300010e+01
  ],
  ""type"": ""Point""
}","{
  ""coordinates"": [
    -82.987000321,
    42.385662813
  ],
  ""type"": ""Point""
}",-82.987000321,42.3856628130001
11887,9736429,GRAND,MICHIGAN,2016-06-25,25,6,2016,1,7,4,3,,1,0,,1,1,5,0,4,2,1,5,0,0,0,0,true,,false,false,true,false,false,,,,,,false,false,false,,,false,false,false,false,false,-83.23746,42.40841,"{
  ""coordinates"": [
    -8.323745929499999e+01,
    4.240840868200010e+01
  ],
  ""type"": ""Point""
}","{
  ""coordinates"": [
    -83.237459295,
    42.408408682
  ],
  ""type"": ""Point""
}",-83.237459295,42.4084086820001
11888,9740853,N M 39,RAMP 010A,2016-06-25,25,6,2016,13,7,5,3,,1,0,,1,1,1,55,3,2,3,2,0,2,0,0,false,,false,false,false,false,false,,,,,,false,false,true,,,false,false,false,false,false,-83.2187,42.41198,"{
  ""coordinates"": [
    -8.321869858699991e+01,
    4.241197774300010e+01
  ],
  ""type"": ""Point""
}","{
  ""coordinates"": [
    -83.218698587,
    42.411977743
  ],
  ""type"": ""Point""
}",-83.2186985869999,42.4119777430001
11889,9732046,FLORIDA,PANAMA,2016-06-25,25,6,2016,19,7,97,9,,,0,,1,1,1,25,2,2,0,2,0,1,0,0,false,,false,false,true,false,false,,,,,,true,false,false,,,false,false,false,false,false,-83.13924,42.33477,"{
  ""coordinates"": [
    -8.313924218699999e+01,
    4.233476914900010e+01
  ],
  ""type"": ""Point""
}","{
  ""coordinates"": [
    -83.139242187,
    42.334769149
  ],
  ""type"": ""Point""
}",-83.139242187,42.3347691490001
11890,9737774,KELLY,STATE FAIR,2016-06-25,25,6,2016,13,7,8,9,,2,0,,1,1,1,30,2,2,3,5,0,0,0,0,true,,false,false,true,false,false,,,,,,false,false,true,,,false,false,false,false,false,-82.94662,42.4433,"{
  ""coordinates"": [
    -8.294662548299991e+01,
    4.244330120100010e+01
  ],
  ""type"": ""Point""
}","{
  ""coordinates"": [
    -82.946625483,
    42.443301201
  ],
  ""type"": ""Point""
}",-82.9466254829999,42.4433012010001
11891,9733786,BLISS,VAN DYKE,2016-06-25,25,6,2016,10,7,98,3,,,0,,1,1,4,25,1,2,0,5,0,0,0,0,true,,false,false,true,false,false,,,,,,false,false,false,,,false,false,false,false,false,-83.02435,42.43718,"{
  ""coordinates"": [
    -8.302435269100000e+01,
    4.243718200800000e+01
  ],
  ""type"": ""Point""
}","{
  ""coordinates"": [
    -83.024352691,
    42.437182008
  ],
  ""type"": ""Point""
}",-83.024352691,42.437182008
11892,9732052,ORLEANS,JAY,2016-06-25,25,6,2016,23,7,8,9,,,0,,1,1,4,25,3,2,2,5,0,0,0,0,true,,false,false,true,false,false,,,,,,false,false,false,,,false,false,false,false,false,-83.03616,42.34563,"{
  ""coordinates"": [
    -8.303615746799990e+01,
    4.234563471700010e+01
  ],
  ""type"": ""Point""
}","{
  ""coordinates"": [
    -83.036157468,
    42.345634717
  ],
  ""type"": ""Point""
}",-83.0361574679999,42.3456347170001
11893,9732968,EIGTH,ELIZABETH,2016-06-25,25,6,2016,14,7,4,9,,,0,,1,1,1,25,1,2,0,5,0,0,0,0,true,,false,false,true,false,false,,,,,,false,false,false,,,false,false,false,false,false,-83.06593,42.33225,"{
  ""coordinates"": [
    -8.306592647399999e+01,
    4.233225335100010e+01
  ],
  ""type"": ""Point""
}","{
  ""coordinates"": [
    -83.065926474,
    42.332253351
  ],
  ""type"": ""Point""
}",-83.065926474,42.3322533510001
11894,9743050,RAMP 215D,I-94,2016-06-25,25,6,2016,16,7,1,1,,1,1,,1,1,1,55,5,1,1,5,0,0,0,0,true,,false,false,false,false,false,,,,,,false,false,true,,,false,false,false,false,false,-83.07347,42.36115,"{
  ""coordinates"": [
    -8.307347041900000e+01,
    4.236115171400010e+01
  ],
  ""type"": ""Point""
}","{
  ""coordinates"": [
    -83.073470419,
    42.361151714
  ],
  ""type"": ""Point""
}",-83.073470419,42.3611517140001
11895,9732984,OUTER,WARREN,2016-06-25,25,6,2016,18,7,10,9,,2,0,,1,1,1,35,2,2,5,5,0,0,0,0,true,,false,false,false,false,false,,,,,,false,false,false,,,false,false,false,false,false,-82.93675,42.40376,"{
  ""coordinates"": [
    -8.293675381799990e+01,
    4.240375758400010e+01
  ],
  ""type"": ""Point""
}","{
  ""coordinates"": [
    -82.936753818,
    42.403757584
  ],
  ""type"": ""Point""
}",-82.9367538179999,42.4037575840001
11896,9732071,MITCHELL,EMERY,2016-06-25,25,6,2016,21,7,8,9,,,0,,1,1,4,25,2,2,0,5,0,0,0,0,true,,false,false,true,false,false,,,,,,false,false,false,,,false,false,false,false,false,-83.07233,42.43528,"{
  ""coordinates"": [
    -8.307233401000001e+01,
    4.243527413300010e+01
  ],
  ""type"": ""Point""
}","{
  ""coordinates"": [
    -83.07233401,
    42.435274133
  ],
  ""type"": ""Point""
}",-83.07233401,42.4352741330001
11897,9734607,OAKLAND,MILWAUKEE,2016-06-25,25,6,2016,1,7,9,9,,,2,,1,1,4,25,2,2,0,5,0,0,0,0,true,,false,false,true,false,false,,,,,,false,true,false,,,false,false,false,false,false,-83.06409,42.37241,"{
  ""coordinates"": [
    -8.306408841200000e+01,
    4.237240760900000e+01
  ],
  ""type"": ""Point""
}","{
  ""coordinates"": [
    -83.064088412,
    42.372407609
  ],
  ""type"": ""Point""
}",-83.064088412,42.372407609
11898,9732045,JUNCTION,OTIS,2016-06-25,25,6,2016,15,7,4,9,,4,0,,1,1,1,0,4,2,1,5,0,0,0,0,true,,false,false,true,false,false,,,,,,false,false,false,,,false,false,false,false,false,-83.10977,42.32882,"{
  ""coordinates"": [
    -8.310976981200000e+01,
    4.232881910300010e+01
  ],
  ""type"": ""Point""
}","{
  ""coordinates"": [
    -83.109769812,
    42.328819103
  ],
  ""type"": ""Point""
}",-83.109769812,42.3288191030001
11899,9733783,3 MILE,BRUNSWICK,2016-06-25,25,6,2016,9,7,98,9,,,0,,1,1,1,25,1,2,0,5,0,0,0,0,true,,false,false,true,false,false,,,,,,false,false,false,,,false,false,false,false,false,-82.9334,42.39235,"{
  ""coordinates"": [
    -8.293339785500000e+01,
    4.239234511200000e+01
  ],
  ""type"": ""Point""
}","{
  ""coordinates"": [
    -82.933397855,
    42.392345112
  ],
  ""type"": ""Point""
}",-82.933397855,42.392345112
11900,9732982,WILFRED,GRATIOT,2016-06-25,25,6,2016,1,7,97,9,,,0,,1,1,5,25,1,3,2,5,0,0,0,0,true,,false,false,false,false,false,,,,,,false,false,false,,,false,false,false,false,false,-82.99222,42.41179,"{
  ""coordinates"": [
    -8.299221737200000e+01,
    4.241179102100010e+01
  ],
  ""type"": ""Point""
}","{
  ""coordinates"": [
    -82.992217372,
    42.411791021
  ],
  ""type"": ""Point""
}",-82.992217372,42.4117910210001
11901,9732963,GRAND,CHURCHILL,2016-06-25,25,6,2016,21,7,5,9,,4,0,,1,1,4,25,3,2,2,5,0,0,0,0,true,,false,false,false,false,false,,,,,,false,false,false,,,false,false,false,false,false,-83.08952,42.36407,"{
  ""coordinates"": [
    -8.308951986600000e+01,
    4.236407323300010e+01
  ],
  ""type"": ""Point""
}","{
  ""coordinates"": [
    -83.089519866,
    42.364073233
  ],
  ""type"": ""Point""
}",-83.089519866,42.3640732330001
11902,9740870,I-96,TELEGRAPH,2016-06-25,25,6,2016,11,7,1,1,,1,0,,1,1,1,70,4,1,1,5,0,0,0,0,true,,false,false,false,false,false,,,,,,false,false,false,,,false,false,false,false,false,-83.27409,42.38549,"{
  ""coordinates"": [
    -8.327408244799990e+01,
    4.238549188000010e+01
  ],
  ""type"": ""Point""
}","{
  ""coordinates"": [
    -83.274082448,
    42.38549188
  ],
  ""type"": ""Point""
}",-83.2740824479999,42.3854918800001
11903,9735537,KENSINGTON,SOUTHAMPTON,2016-06-25,25,6,2016,14,7,10,9,,,0,,1,1,1,25,2,2,1,5,0,0,0,0,true,,false,false,false,false,false,,,,,,false,false,false,,,false,false,false,false,false,-82.93764,42.40777,"{
  ""coordinates"": [
    -8.293764567999990e+01,
    4.240776776000010e+01
  ],
  ""type"": ""Point""
}","{
  ""coordinates"": [
    -82.93764568,
    42.40776776
  ],
  ""type"": ""Point""
}",-82.9376456799999,42.4077677600001
11904,9737787,BROADWAY,GRATIOT,2016-06-25,25,6,2016,12,7,5,9,,4,0,,1,1,4,30,2,2,3,5,0,0,0,0,true,,false,false,false,false,false,,,,,,false,false,false,,,false,false,false,false,false,-83.04588,42.3348,"{
  ""coordinates"": [
    -8.304587712199999e+01,
    4.233480499500010e+01
  ],
  ""type"": ""Point""
}","{
  ""coordinates"": [
    -83.045877122,
    42.334804995
  ],
  ""type"": ""Point""
}",-83.045877122,42.3348049950001
11905,9732028,GRAND RIVER,WARD,2016-06-25,25,6,2016,9,7,97,3,,1,0,,1,1,1,35,4,2,4,4,0,0,0,2,false,,true,false,false,false,false,,,,,,false,false,false,,,false,false,false,false,false,-83.17329,42.38256,"{
  ""coordinates"": [
    -8.317328960200000e+01,
    4.238256117600010e+01
  ],
  ""type"": ""Point""
}","{
  ""coordinates"": [
    -83.173289602,
    42.382561176
  ],
  ""type"": ""Point""
}",-83.173289602,42.3825611760001
11906,9737708,ADDISON,SMART,2016-06-25,25,6,2016,1,7,2,9,,,0,,1,1,4,25,2,2,0,5,0,0,0,0,true,,false,false,true,false,false,,,,,,false,false,false,,,false,false,false,false,false,-83.15499,42.33567,"{
  ""coordinates"": [
    -8.315498827200000e+01,
    4.233567061000010e+01
  ],
  ""type"": ""Point""
}","{
  ""coordinates"": [
    -83.154988272,
    42.33567061
  ],
  ""type"": ""Point""
}",-83.154988272,42.3356706100001
11907,9732070,MCNICHOLS,BLOOM,2016-06-25,25,6,2016,17,7,1,9,,4,0,,1,1,1,30,4,2,1,4,0,0,0,1,false,,false,false,true,false,false,,,,,,true,false,false,,,false,false,false,false,false,-83.04903,42.41894,"{
  ""coordinates"": [
    -8.304902793399999e+01,
    4.241894046400010e+01
  ],
  ""type"": ""Point""
}","{
  ""coordinates"": [
    -83.049027934,
    42.418940464
  ],
  ""type"": ""Point""
}",-83.049027934,42.4189404640001
11908,9732050,DREXEL,AVERHILL,2016-06-25,25,6,2016,21,7,1,9,,,0,,1,1,3,25,2,2,1,5,0,0,0,0,true,,false,false,true,false,false,,,,,,true,false,false,,,false,false,false,false,false,-82.9455,42.36366,"{
  ""coordinates"": [
    -8.294550679299989e+01,
    4.236365998600010e+01
  ],
  ""type"": ""Point""
}","{
  ""coordinates"": [
    -82.945506793,
    42.363659986
  ],
  ""type"": ""Point""
}",-82.9455067929999,42.3636599860001
11909,9732018,CHARLES,CALDWELL,2016-06-25,25,6,2016,0,7,6,9,,4,0,,1,1,5,30,2,2,2,5,0,0,0,0,true,,false,false,false,false,false,,,,,,false,false,false,,,false,false,false,false,false,-83.04653,42.4118,"{
  ""coordinates"": [
    -8.304653273900000e+01,
    4.241179727100010e+01
  ],
  ""type"": ""Point""
}","{
  ""coordinates"": [
    -83.046532739,
    42.411797271
  ],
  ""type"": ""Point""
}",-83.046532739,42.4117972710001
11910,9734611,RIAD,MOROSS,2016-06-25,25,6,2016,20,7,5,9,,,0,,1,1,1,20,2,3,0,5,0,0,0,0,true,,false,false,true,false,false,,,,,,false,false,false,,,false,false,false,false,false,-82.95088,42.43388,"{
  ""coordinates"": [
    -8.295088412900000e+01,
    4.243387497100010e+01
  ],
  ""type"": ""Point""
}","{
  ""coordinates"": [
    -82.950884129,
    42.433874971
  ],
  ""type"": ""Point""
}",-82.950884129,42.4338749710001
11911,9736417,S I 375 SERVICE DRIVE,JEFFERSON,2016-06-25,25,6,2016,21,7,97,9,,4,0,,1,1,4,35,3,2,2,5,0,0,0,0,true,,false,false,true,false,false,,,,,,false,false,false,,,false,false,false,false,false,-83.03629,42.33242,"{
  ""coordinates"": [
    -8.303628373500000e+01,
    4.233241942500010e+01
  ],
  ""type"": ""Point""
}","{
  ""coordinates"": [
    -83.036283735,
    42.332419425
  ],
  ""type"": ""Point""
}",-83.036283735,42.3324194250001