ObjectId,Crash ID,Primary Road,Intersecting Road,Crash Date,Day,Month,Year,Hour,Weekday,Crash Type Code,Highway Classification Code,Community Code,Jurisdiction Code,Lane Departure Type Code,Surface Type,Road Condition,Weather Condition,Lighting Condition,Speed Limit,Lanes,Units,Occupants,Most Severe Injury,Fatal Injuries,Suspected Serious Injuries,Suspected Minor Injuries,Possible Injuries,Property Damage Only,Secondary Crash,Traffic Control,Red Light Run,Hit and Run,Alcohol,Drugs,Unbelted Person,Work Zone,Speeding Driver,Distracted Driver,Driveway,Pedestrian,Elderly Driver,Young Driver,Commercial Vehicle,Emergency Vehicles,Train,School Bus,Motorcycle,Bicycle,Deer,Longitude,Latitude,geom,geog,x,y
11912,9737703,JEFFERSON,WOODWARD,2016-06-25,25,6,2016,19,7,8,3,,1,0,,1,1,1,0,3,2,4,5,0,0,0,0,true,,false,false,true,false,false,,,,,,false,false,true,,,false,false,false,false,false,-83.04456,42.32884,"{
  ""coordinates"": [
    -8.304455815800000e+01,
    4.232884032100000e+01
  ],
  ""type"": ""Point""
}","{
  ""coordinates"": [
    -83.044558158,
    42.328840321
  ],
  ""type"": ""Point""
}",-83.044558158,42.328840321
11913,9732062,DICKERSON,GLENFIELD,2016-06-25,25,6,2016,13,7,4,9,,4,0,,1,1,1,25,2,2,2,4,0,0,0,1,false,,true,false,false,false,false,,,,,,false,false,false,,,false,false,false,false,false,-82.98103,42.41482,"{
  ""coordinates"": [
    -8.298103701399999e+01,
    4.241482175200010e+01
  ],
  ""type"": ""Point""
}","{
  ""coordinates"": [
    -82.981037014,
    42.414821752
  ],
  ""type"": ""Point""
}",-82.981037014,42.4148217520001
11914,9848490,HARPER,IROQUOIS,2016-06-25,25,6,2016,12,7,10,9,,4,3,,1,1,1,30,4,2,0,5,0,0,0,0,true,,false,false,true,false,false,,,,,,false,false,false,,,false,false,false,false,false,-83.01764,42.38945,"{
  ""coordinates"": [
    -8.301763578299990e+01,
    4.238944897400010e+01
  ],
  ""type"": ""Point""
}","{
  ""coordinates"": [
    -83.017635783,
    42.389448974
  ],
  ""type"": ""Point""
}",-83.0176357829999,42.3894489740001
11915,9732970,WHITEHILL,OUTER,2016-06-25,25,6,2016,16,7,8,9,,,0,,1,1,1,25,1,2,1,5,0,0,0,0,true,,false,false,true,false,false,,,,,,false,false,false,,,false,false,false,false,false,-82.9576,42.41859,"{
  ""coordinates"": [
    -8.295760395100000e+01,
    4.241858504400010e+01
  ],
  ""type"": ""Point""
}","{
  ""coordinates"": [
    -82.957603951,
    42.418585044
  ],
  ""type"": ""Point""
}",-82.957603951,42.4185850440001
11916,9732030,GRAND RIVER,OAKMAN,2016-06-25,25,6,2016,6,7,5,3,,1,0,,1,1,1,35,3,2,3,3,0,0,1,2,false,,false,false,false,false,false,,,,,,false,false,false,,,false,false,false,false,false,-83.15092,42.37355,"{
  ""coordinates"": [
    -8.315092357799990e+01,
    4.237355066400000e+01
  ],
  ""type"": ""Point""
}","{
  ""coordinates"": [
    -83.150923578,
    42.373550664
  ],
  ""type"": ""Point""
}",-83.1509235779999,42.373550664
11917,9734598,OUTER,OUTER,2016-06-25,25,6,2016,18,7,5,9,,2,0,,1,1,1,35,3,3,3,3,0,0,1,0,false,,false,false,false,false,false,,,,,,false,false,false,,,false,false,false,false,false,-83.2562,42.38364,"{
  ""coordinates"": [
    -8.325619622300000e+01,
    4.238364060800010e+01
  ],
  ""type"": ""Point""
}","{
  ""coordinates"": [
    -83.256196223,
    42.383640608
  ],
  ""type"": ""Point""
}",-83.256196223,42.3836406080001
11918,9732076,MACK,SAINT ANTOINE,2016-06-25,25,6,2016,19,7,5,9,,4,0,,1,1,1,30,3,2,2,4,0,0,0,1,false,,false,false,false,false,false,,,,,,false,false,true,,,false,false,false,false,false,-83.05206,42.34967,"{
  ""coordinates"": [
    -8.305205738200000e+01,
    4.234967494500010e+01
  ],
  ""type"": ""Point""
}","{
  ""coordinates"": [
    -83.052057382,
    42.349674945
  ],
  ""type"": ""Point""
}",-83.052057382,42.3496749450001
11919,9734596,W I 94,GRAND,2016-06-25,25,6,2016,2,7,1,1,,1,1,,1,1,1,55,3,1,1,5,0,0,0,0,true,,false,false,false,false,false,,,,,,false,false,false,,,false,false,false,false,false,-83.04044,42.37662,"{
  ""coordinates"": [
    -8.304044085500000e+01,
    4.237661951400000e+01
  ],
  ""type"": ""Point""
}","{
  ""coordinates"": [
    -83.040440855,
    42.376619514
  ],
  ""type"": ""Point""
}",-83.040440855,42.376619514
11920,9732067,CONANT,OUTER,2016-06-25,25,6,2016,18,7,97,9,,4,0,,1,1,1,35,4,3,3,5,0,0,0,0,true,,false,false,false,false,false,,,,,,false,false,false,,,false,false,false,false,false,-83.0789,42.44019,"{
  ""coordinates"": [
    -8.307889381200000e+01,
    4.244019164300000e+01
  ],
  ""type"": ""Point""
}","{
  ""coordinates"": [
    -83.078893812,
    42.440191643
  ],
  ""type"": ""Point""
}",-83.078893812,42.440191643
11921,9733798,PREVOST,MARGARETA,2016-06-25,25,6,2016,16,7,1,9,,,0,,1,1,1,0,2,2,0,4,0,0,0,1,false,,false,false,true,false,false,,,,,,true,false,false,,,false,false,false,false,false,-83.20393,42.42673,"{
  ""coordinates"": [
    -8.320392783800000e+01,
    4.242672999000010e+01
  ],
  ""type"": ""Point""
}","{
  ""coordinates"": [
    -83.203927838,
    42.42672999
  ],
  ""type"": ""Point""
}",-83.203927838,42.4267299900001
11922,9733791,VERNOR,MAXWELL,2016-06-25,25,6,2016,22,7,1,9,,4,1,,1,1,4,30,3,1,1,5,0,0,0,0,true,,false,false,false,false,false,,,,,,false,false,false,,,false,false,false,false,false,-82.99921,42.36133,"{
  ""coordinates"": [
    -8.299920363900000e+01,
    4.236132916300010e+01
  ],
  ""type"": ""Point""
}","{
  ""coordinates"": [
    -82.999203639,
    42.361329163
  ],
  ""type"": ""Point""
}",-82.999203639,42.3613291630001
11923,9732020,N I 75,GRAND,2016-06-25,25,6,2016,15,7,4,1,,1,0,,1,1,1,30,2,2,2,5,0,0,0,0,true,,false,false,false,false,false,,,,,,false,false,true,,,false,false,false,false,false,-83.08495,42.31588,"{
  ""coordinates"": [
    -8.308494848299991e+01,
    4.231587502300000e+01
  ],
  ""type"": ""Point""
}","{
  ""coordinates"": [
    -83.084948483,
    42.315875023
  ],
  ""type"": ""Point""
}",-83.0849484829999,42.315875023
11924,9732042,JEFFERSON,BEAUBIEN,2016-06-25,25,6,2016,19,7,97,4,,1,0,,1,1,1,30,8,2,2,5,0,0,0,0,true,,false,false,false,false,false,,,,,,false,false,true,,,false,false,false,false,false,-83.03934,42.33072,"{
  ""coordinates"": [
    -8.303933930700001e+01,
    4.233071447700010e+01
  ],
  ""type"": ""Point""
}","{
  ""coordinates"": [
    -83.039339307,
    42.330714477
  ],
  ""type"": ""Point""
}",-83.039339307,42.3307144770001
11925,9732975,GRATIOT,BELLEVUE,2016-06-25,25,6,2016,22,7,2,3,,1,0,,1,1,4,35,6,2,1,5,0,0,0,0,true,,false,false,false,false,false,,,,,,false,false,false,,,false,false,false,false,false,-83.02153,42.36849,"{
  ""coordinates"": [
    -8.302152943499991e+01,
    4.236848856700000e+01
  ],
  ""type"": ""Point""
}","{
  ""coordinates"": [
    -83.021529435,
    42.368488567
  ],
  ""type"": ""Point""
}",-83.0215294349999,42.368488567
11926,9734609,FREUD,MEADOWBROOK,2016-06-25,25,6,2016,1,7,10,9,,,0,,1,1,4,25,2,2,2,5,0,0,0,0,true,,false,false,false,false,false,,,,,,false,false,true,,,false,false,false,false,false,-82.97261,42.35895,"{
  ""coordinates"": [
    -8.297260806700000e+01,
    4.235894857600000e+01
  ],
  ""type"": ""Point""
}","{
  ""coordinates"": [
    -82.972608067,
    42.358948576
  ],
  ""type"": ""Point""
}",-82.972608067,42.358948576
11927,9734627,PREST,ELLIS,2016-06-25,25,6,2016,18,7,8,9,,,0,,1,1,1,25,3,2,1,5,0,0,0,0,true,,false,false,true,false,false,,,,,,false,false,false,,,false,false,false,false,false,-83.19601,42.36076,"{
  ""coordinates"": [
    -8.319601020600000e+01,
    4.236076264400000e+01
  ],
  ""type"": ""Point""
}","{
  ""coordinates"": [
    -83.196010206,
    42.360762644
  ],
  ""type"": ""Point""
}",-83.196010206,42.360762644
11928,9732029,STANSBURY,CHALFONTE,2016-06-25,25,6,2016,10,7,98,9,,,0,,1,1,4,30,2,2,0,5,0,0,0,0,true,,false,false,true,false,false,,,,,,false,false,false,,,false,false,false,false,false,-83.18218,42.39975,"{
  ""coordinates"": [
    -8.318218477700000e+01,
    4.239975120100010e+01
  ],
  ""type"": ""Point""
}","{
  ""coordinates"": [
    -83.182184777,
    42.399751201
  ],
  ""type"": ""Point""
}",-83.182184777,42.3997512010001
11929,9732041,LAWNDALE,FALCON,2016-06-25,25,6,2016,16,7,8,9,,4,0,,1,1,1,25,1,2,2,5,0,0,0,0,true,,false,false,false,false,false,,,,,,false,false,true,,,false,false,false,false,false,-83.12911,42.30425,"{
  ""coordinates"": [
    -8.312911149099990e+01,
    4.230425123900010e+01
  ],
  ""type"": ""Point""
}","{
  ""coordinates"": [
    -83.129111491,
    42.304251239
  ],
  ""type"": ""Point""
}",-83.1291114909999,42.3042512390001
11930,9733793,BENTLER,ORCHARD,2016-06-25,25,6,2016,9,7,9,9,,4,2,,1,1,1,25,4,2,1,5,0,0,0,0,true,,false,false,false,false,false,,,,,,false,false,false,,,false,false,false,false,false,-83.25288,42.4175,"{
  ""coordinates"": [
    -8.325287808099991e+01,
    4.241750409400000e+01
  ],
  ""type"": ""Point""
}","{
  ""coordinates"": [
    -83.252878081,
    42.417504094
  ],
  ""type"": ""Point""
}",-83.2528780809999,42.417504094
11931,9733792,SOUTHFIELD,8 MILE,2016-06-25,25,6,2016,13,7,1,3,,1,0,,1,1,1,30,2,2,2,4,0,0,0,1,false,,false,false,false,false,false,,,,,,false,false,false,,,false,false,false,true,false,-83.21963,42.44397,"{
  ""coordinates"": [
    -8.321962425800000e+01,
    4.244397095800010e+01
  ],
  ""type"": ""Point""
}","{
  ""coordinates"": [
    -83.219624258,
    42.443970958
  ],
  ""type"": ""Point""
}",-83.219624258,42.4439709580001
11932,9745804,7 MILE,YONKA,2016-06-25,25,6,2016,3,7,3,9,,4,0,,1,1,4,30,4,2,2,1,2,0,0,0,false,,false,false,true,true,true,,,,,,false,false,true,,,false,false,false,false,false,-83.06607,42.43306,"{
  ""coordinates"": [
    -8.306607332899991e+01,
    4.243306141600000e+01
  ],
  ""type"": ""Point""
}","{
  ""coordinates"": [
    -83.066073329,
    42.433061416
  ],
  ""type"": ""Point""
}",-83.0660733289999,42.433061416
11933,9734633,GREENFIELD,JAMES COUZENS,2016-06-25,25,6,2016,1,7,6,7,,1,0,,1,1,4,0,3,2,1,5,0,0,0,0,true,,false,false,true,false,false,,,,,,false,false,true,,,false,false,false,false,false,-83.2004,42.44263,"{
  ""coordinates"": [
    -8.320039853599999e+01,
    4.244263229400010e+01
  ],
  ""type"": ""Point""
}","{
  ""coordinates"": [
    -83.200398536,
    42.442632294
  ],
  ""type"": ""Point""
}",-83.200398536,42.4426322940001
11934,9741867,RAMP 008C,SOUTHFIELD SERVICE DRIVE,2016-06-25,25,6,2016,0,7,1,9,,,1,,1,1,4,0,1,1,1,4,0,0,0,1,false,,false,false,false,false,false,,,,,,false,false,false,,,false,false,true,false,false,-83.21898,42.37911,"{
  ""coordinates"": [
    -8.321898216100000e+01,
    4.237911035500010e+01
  ],
  ""type"": ""Point""
}","{
  ""coordinates"": [
    -83.218982161,
    42.379110355
  ],
  ""type"": ""Point""
}",-83.218982161,42.3791103550001
11935,9733806,FAUST,MARGARETA,2016-06-24,24,6,2016,20,6,98,9,,,1,,1,1,1,25,2,2,0,4,0,0,0,1,false,,false,false,true,false,false,,,,,,true,false,false,,,false,false,false,false,false,-83.22408,42.42655,"{
  ""coordinates"": [
    -8.322407434000000e+01,
    4.242655090200000e+01
  ],
  ""type"": ""Point""
}","{
  ""coordinates"": [
    -83.22407434,
    42.426550902
  ],
  ""type"": ""Point""
}",-83.22407434,42.426550902
11936,9748845,8 MILE,CANADIAN NATIONAL RAILWAY,2016-06-24,24,6,2016,18,6,5,3,,1,0,,1,1,1,40,4,2,3,3,0,0,1,0,false,,false,false,false,false,false,,,,,,false,false,false,,,false,false,true,false,false,-83.11378,42.44668,"{
  ""coordinates"": [
    -8.311378566799991e+01,
    4.244668159100010e+01
  ],
  ""type"": ""Point""
}","{
  ""coordinates"": [
    -83.113785668,
    42.446681591
  ],
  ""type"": ""Point""
}",-83.1137856679999,42.4466815910001
11937,9734635,WOODMONT,KENDALL,2016-06-24,24,6,2016,19,6,4,9,,,0,,1,1,1,25,2,2,2,5,0,0,0,0,true,,false,false,false,false,false,,,,,,false,false,true,,,false,false,false,false,false,-83.20939,42.38926,"{
  ""coordinates"": [
    -8.320939245900000e+01,
    4.238926090500010e+01
  ],
  ""type"": ""Point""
}","{
  ""coordinates"": [
    -83.209392459,
    42.389260905
  ],
  ""type"": ""Point""
}",-83.209392459,42.3892609050001
11938,9732053,TELEGRAPH,MCNICHOLS,2016-06-24,24,6,2016,8,6,8,2,,1,0,,1,1,1,45,4,2,1,5,0,0,0,0,true,,false,false,true,false,false,,,,,,false,false,false,,,false,false,false,false,false,-83.2774,42.41453,"{
  ""coordinates"": [
    -8.327739649700000e+01,
    4.241452873400000e+01
  ],
  ""type"": ""Point""
}","{
  ""coordinates"": [
    -83.277396497,
    42.414528734
  ],
  ""type"": ""Point""
}",-83.277396497,42.414528734
11939,9734613,GALLAGHER,OUTER,2016-06-24,24,6,2016,0,6,1,9,,,0,,1,1,4,25,2,2,0,3,0,0,1,0,false,,false,false,true,false,false,,,,,,true,false,false,,,false,false,false,false,false,-83.07061,42.43993,"{
  ""coordinates"": [
    -8.307061025800000e+01,
    4.243993173700010e+01
  ],
  ""type"": ""Point""
}","{
  ""coordinates"": [
    -83.070610258,
    42.439931737
  ],
  ""type"": ""Point""
}",-83.070610258,42.4399317370001
11940,9732049,GRATIOT,VANDYKE,2016-06-24,24,6,2016,10,6,8,3,,1,0,,1,1,1,0,8,2,2,5,0,0,0,0,true,,false,false,false,false,false,,,,,,false,false,false,,,false,false,false,false,false,-83.01456,42.37901,"{
  ""coordinates"": [
    -8.301455818900000e+01,
    4.237900438700010e+01
  ],
  ""type"": ""Point""
}","{
  ""coordinates"": [
    -83.014558189,
    42.379004387
  ],
  ""type"": ""Point""
}",-83.014558189,42.3790043870001
11941,9732035,JEFFERSON,RANDOLPH,2016-06-24,24,6,2016,12,6,8,3,,1,0,,1,1,1,25,5,2,1,5,0,0,0,0,true,,false,false,false,false,false,,,,,,false,false,false,,,false,false,false,false,false,-83.04296,42.32954,"{
  ""coordinates"": [
    -8.304296297300000e+01,
    4.232953749600010e+01
  ],
  ""type"": ""Point""
}","{
  ""coordinates"": [
    -83.042962973,
    42.329537496
  ],
  ""type"": ""Point""
}",-83.042962973,42.3295374960001
11942,9740910,I-375,MONROE,2016-06-24,24,6,2016,8,6,5,1,,1,0,,1,1,1,55,3,2,2,4,0,0,0,2,false,,false,false,false,false,false,,,,,,false,true,false,,,false,false,false,false,false,-83.03947,42.33791,"{
  ""coordinates"": [
    -8.303947555600000e+01,
    4.233790872500000e+01
  ],
  ""type"": ""Point""
}","{
  ""coordinates"": [
    -83.039475556,
    42.337908725
  ],
  ""type"": ""Point""
}",-83.039475556,42.337908725
11943,9732068,7 MILE,GIRARDIN,2016-06-24,24,6,2016,18,6,5,9,,4,0,,1,1,1,30,2,2,2,4,0,0,0,1,false,,false,false,false,false,false,,,,,,false,false,true,,,false,false,false,false,false,-83.03568,42.43373,"{
  ""coordinates"": [
    -8.303567743199990e+01,
    4.243373429600010e+01
  ],
  ""type"": ""Point""
}","{
  ""coordinates"": [
    -83.035677432,
    42.433734296
  ],
  ""type"": ""Point""
}",-83.0356774319999,42.4337342960001
11944,9732023,SCHAEFER,E I 96 SERVICE DRIVE,2016-06-24,24,6,2016,14,6,8,1,,4,0,,1,1,1,30,4,2,2,5,0,0,0,0,true,,false,false,false,false,false,,,,,,false,false,true,,,false,false,false,false,false,-83.17834,42.38271,"{
  ""coordinates"": [
    -8.317833740799990e+01,
    4.238270842800010e+01
  ],
  ""type"": ""Point""
}","{
  ""coordinates"": [
    -83.178337408,
    42.382708428
  ],
  ""type"": ""Point""
}",-83.1783374079999,42.3827084280001
11945,9735554,TIREMAN,LIVERNOIS,2016-06-24,24,6,2016,2,6,1,9,,4,1,,1,1,5,30,3,1,1,3,0,0,1,0,false,,false,false,false,false,false,,,,,,false,false,false,,,false,false,true,false,false,-83.1368,42.35209,"{
  ""coordinates"": [
    -8.313680383099999e+01,
    4.235208565300010e+01
  ],
  ""type"": ""Point""
}","{
  ""coordinates"": [
    -83.136803831,
    42.352085653
  ],
  ""type"": ""Point""
}",-83.136803831,42.3520856530001
11946,9732054,7 MILE,WESTBROOK,2016-06-24,24,6,2016,8,6,5,9,,2,0,,1,1,1,35,7,2,2,5,0,0,0,0,true,,false,false,false,false,false,,,,,,false,false,false,,,false,false,false,false,false,-83.25211,42.42926,"{
  ""coordinates"": [
    -8.325210448000000e+01,
    4.242925575500000e+01
  ],
  ""type"": ""Point""
}","{
  ""coordinates"": [
    -83.25210448,
    42.429255755
  ],
  ""type"": ""Point""
}",-83.25210448,42.429255755
11947,9732059,8 MILE,MOUND,2016-06-24,24,6,2016,11,6,4,3,,1,0,,1,1,1,40,5,2,3,5,0,0,0,0,true,,false,false,false,false,false,,,,,,false,false,true,,,false,false,false,false,false,-83.04401,42.44777,"{
  ""coordinates"": [
    -8.304400457199991e+01,
    4.244776911900000e+01
  ],
  ""type"": ""Point""
}","{
  ""coordinates"": [
    -83.044004572,
    42.447769119
  ],
  ""type"": ""Point""
}",-83.0440045719999,42.447769119
11948,9743055,E I 94 SERVICE DRIVE,CADILLAC,2016-06-24,24,6,2016,11,6,8,9,,,0,,1,1,1,0,2,2,1,4,0,0,0,1,false,,false,false,true,false,false,,,,,,false,false,false,,,false,false,false,false,false,-83.00307,42.39164,"{
  ""coordinates"": [
    -8.300307598400001e+01,
    4.239164345600010e+01
  ],
  ""type"": ""Point""
}","{
  ""coordinates"": [
    -83.003075984,
    42.391643456
  ],
  ""type"": ""Point""
}",-83.003075984,42.3916434560001
11949,9734622,VAUGHAN,WHITLOCK,2016-06-24,24,6,2016,20,6,4,9,,,0,,1,1,1,25,2,3,2,5,0,0,0,0,true,,true,false,false,false,false,,,,,,false,false,true,,,false,false,false,false,false,-83.23647,42.33947,"{
  ""coordinates"": [
    -8.323647097400000e+01,
    4.233946668100000e+01
  ],
  ""type"": ""Point""
}","{
  ""coordinates"": [
    -83.236470974,
    42.339466681
  ],
  ""type"": ""Point""
}",-83.236470974,42.339466681
11950,9732033,WARREN,TRUMBULL,2016-06-24,24,6,2016,20,6,1,9,,4,0,,1,1,1,30,4,2,3,3,0,0,1,0,false,,false,false,false,false,false,,,,,,false,false,true,,,false,false,false,true,false,-83.07872,42.35209,"{
  ""coordinates"": [
    -8.307871970500000e+01,
    4.235209245500000e+01
  ],
  ""type"": ""Point""
}","{
  ""coordinates"": [
    -83.078719705,
    42.352092455
  ],
  ""type"": ""Point""
}",-83.078719705,42.352092455
11951,9733803,GRATIOT,FINDLAY,2016-06-24,24,6,2016,15,6,5,3,,1,0,,1,1,1,35,7,2,2,5,0,0,0,0,true,,false,false,false,false,false,,,,,,false,false,true,,,false,false,false,false,false,-82.98964,42.4169,"{
  ""coordinates"": [
    -8.298963591300000e+01,
    4.241690551300010e+01
  ],
  ""type"": ""Point""
}","{
  ""coordinates"": [
    -82.989635913,
    42.416905513
  ],
  ""type"": ""Point""
}",-82.989635913,42.4169055130001
11952,9732027,LYNDON,MEYERS,2016-06-24,24,6,2016,6,6,1,9,,4,0,,1,1,1,30,2,2,2,4,0,0,0,1,false,,true,true,true,false,false,,,,,,false,false,false,,,false,false,false,true,false,-83.16904,42.39503,"{
  ""coordinates"": [
    -8.316904475800000e+01,
    4.239502894400000e+01
  ],
  ""type"": ""Point""
}","{
  ""coordinates"": [
    -83.169044758,
    42.395028944
  ],
  ""type"": ""Point""
}",-83.169044758,42.395028944
11953,9734585,W/B I-94,OUTER,2016-06-24,24,6,2016,12,6,1,1,,1,1,,1,1,1,55,3,1,1,3,0,0,1,0,false,,false,false,false,false,false,,,,,,false,false,true,,,false,false,false,false,false,-82.9597,42.40524,"{
  ""coordinates"": [
    -8.295970197299989e+01,
    4.240523824400000e+01
  ],
  ""type"": ""Point""
}","{
  ""coordinates"": [
    -82.959701973,
    42.405238244
  ],
  ""type"": ""Point""
}",-82.9597019729999,42.405238244
11954,9733795,PURITAN,GILCHRIST,2016-06-24,24,6,2016,16,6,4,9,,4,0,,1,1,1,30,4,2,3,4,0,0,0,2,false,,false,false,false,false,false,,,,,,false,false,true,,,false,false,false,false,false,-83.21178,42.40847,"{
  ""coordinates"": [
    -8.321178084699990e+01,
    4.240847031700010e+01
  ],
  ""type"": ""Point""
}","{
  ""coordinates"": [
    -83.211780847,
    42.408470317
  ],
  ""type"": ""Point""
}",-83.2117808469999,42.4084703170001
11955,9732980,7 MILE,OUTER,2016-06-24,24,6,2016,23,6,5,9,,2,0,,1,1,4,30,2,2,3,4,0,0,0,1,false,,false,false,true,false,false,,,,,,false,false,true,,,false,false,false,false,false,-83.17584,42.43116,"{
  ""coordinates"": [
    -8.317584340300000e+01,
    4.243116318600000e+01
  ],
  ""type"": ""Point""
}","{
  ""coordinates"": [
    -83.175843403,
    42.431163186
  ],
  ""type"": ""Point""
}",-83.175843403,42.431163186
11956,9735565,JAMES COUZENS,7 MILE,2016-06-24,24,6,2016,16,6,5,9,,4,0,,1,1,1,35,4,2,2,4,0,0,0,2,false,,false,false,false,false,false,,,,,,false,false,false,,,false,false,false,false,false,-83.18663,42.43084,"{
  ""coordinates"": [
    -8.318662750999989e+01,
    4.243084475500010e+01
  ],
  ""type"": ""Point""
}","{
  ""coordinates"": [
    -83.18662751,
    42.430844755
  ],
  ""type"": ""Point""
}",-83.1866275099999,42.4308447550001
11957,9735525,KEELER/JAMES COUZENS FWY,KEELER,2016-06-24,24,6,2016,23,6,5,9,,4,0,,1,1,4,35,2,2,2,5,0,0,0,0,true,,false,false,true,false,false,,,,,,false,false,false,,,false,false,false,false,false,-83.16015,42.40432,"{
  ""coordinates"": [
    -8.316015058499990e+01,
    4.240432208800010e+01
  ],
  ""type"": ""Point""
}","{
  ""coordinates"": [
    -83.160150585,
    42.404322088
  ],
  ""type"": ""Point""
}",-83.1601505849999,42.4043220880001
11958,9732022,WYOMING,PLYMOUTH,2016-06-24,24,6,2016,16,6,5,9,,4,0,,1,1,1,25,2,2,2,5,0,0,0,0,true,,false,false,false,false,false,,,,,,false,false,false,,,false,false,false,false,false,-83.15858,42.37406,"{
  ""coordinates"": [
    -8.315858102500000e+01,
    4.237406286000000e+01
  ],
  ""type"": ""Point""
}","{
  ""coordinates"": [
    -83.158581025,
    42.37406286
  ],
  ""type"": ""Point""
}",-83.158581025,42.37406286
11959,9922167,N I 75,W I 96,2016-06-24,24,6,2016,8,6,5,1,,1,0,,1,1,1,55,3,2,1,5,0,0,0,0,true,,false,false,true,false,false,,,,,,false,false,true,,,false,false,false,false,false,-83.08244,42.31869,"{
  ""coordinates"": [
    -8.308243524499990e+01,
    4.231869213200010e+01
  ],
  ""type"": ""Point""
}","{
  ""coordinates"": [
    -83.082435245,
    42.318692132
  ],
  ""type"": ""Point""
}",-83.0824352449999,42.3186921320001
11960,9736404,WASHINGTON,LARNED,2016-06-24,24,6,2016,3,6,4,9,,4,0,,1,1,1,25,4,2,1,5,0,0,0,0,true,,false,false,true,false,false,,,,,,false,false,false,,,false,false,false,false,false,-83.04862,42.32802,"{
  ""coordinates"": [
    -8.304862294000000e+01,
    4.232801949800010e+01
  ],
  ""type"": ""Point""
}","{
  ""coordinates"": [
    -83.04862294,
    42.328019498
  ],
  ""type"": ""Point""
}",-83.04862294,42.3280194980001
11961,9743037,M 39,WARREN,2016-06-24,24,6,2016,6,6,1,3,,1,1,,1,1,2,55,3,1,1,5,0,0,0,0,true,,false,false,false,false,false,,,,,,false,false,false,,,false,false,false,false,false,-83.216,42.33976,"{
  ""coordinates"": [
    -8.321600130800000e+01,
    4.233975566800010e+01
  ],
  ""type"": ""Point""
}","{
  ""coordinates"": [
    -83.216001308,
    42.339755668
  ],
  ""type"": ""Point""
}",-83.216001308,42.3397556680001
11962,9750525,E I 94,GRATIOT,2016-06-24,24,6,2016,15,6,5,1,,1,0,,1,1,1,55,4,2,2,4,0,0,0,1,false,,false,false,false,false,false,,,,,,false,false,false,,,false,false,false,false,false,-83.0066,42.39132,"{
  ""coordinates"": [
    -8.300659805700001e+01,
    4.239132203000000e+01
  ],
  ""type"": ""Point""
}","{
  ""coordinates"": [
    -83.006598057,
    42.39132203
  ],
  ""type"": ""Point""
}",-83.006598057,42.39132203
11963,9740852,N/B I-75,LIVERNOIS,2016-06-24,24,6,2016,17,6,5,1,,1,0,,1,1,1,55,4,2,4,5,0,0,0,0,true,,false,false,false,false,false,,,,,,false,false,false,,,false,false,false,false,false,-83.10535,42.30692,"{
  ""coordinates"": [
    -8.310534770399990e+01,
    4.230691403000000e+01
  ],
  ""type"": ""Point""
}","{
  ""coordinates"": [
    -83.105347704,
    42.30691403
  ],
  ""type"": ""Point""
}",-83.1053477039999,42.30691403
11964,9740898,M-10,GRANDRIVER,2016-06-24,24,6,2016,9,6,5,3,,1,0,,1,1,1,55,4,2,3,3,0,0,1,1,false,,false,false,false,false,false,,,,,,false,false,false,,,false,false,false,false,false,-83.06299,42.33273,"{
  ""coordinates"": [
    -8.306298456899999e+01,
    4.233273405000010e+01
  ],
  ""type"": ""Point""
}","{
  ""coordinates"": [
    -83.062984569,
    42.33273405
  ],
  ""type"": ""Point""
}",-83.062984569,42.3327340500001
11965,9734619,ST CLAIR,SHOEMAKER,2016-06-24,24,6,2016,17,6,9,9,,,2,,1,1,1,25,2,2,6,5,0,0,0,0,true,,false,false,false,false,false,,,,,,false,false,false,,,false,false,false,false,false,-82.99619,42.38921,"{
  ""coordinates"": [
    -8.299618664199990e+01,
    4.238921050900010e+01
  ],
  ""type"": ""Point""
}","{
  ""coordinates"": [
    -82.996186642,
    42.389210509
  ],
  ""type"": ""Point""
}",-82.9961866419999,42.3892105090001
11966,9740911,RAMP 035E,I-75,2016-06-24,24,6,2016,15,6,5,1,,1,0,,1,1,1,55,2,5,7,3,0,0,2,2,false,,false,false,false,false,false,,,,,,false,false,false,,,false,false,false,false,false,-83.08369,42.32162,"{
  ""coordinates"": [
    -8.308368588300000e+01,
    4.232162172600000e+01
  ],
  ""type"": ""Point""
}","{
  ""coordinates"": [
    -83.083685883,
    42.321621726
  ],
  ""type"": ""Point""
}",-83.083685883,42.321621726
11967,9743051,DAVISON,M-10,2016-06-24,24,6,2016,9,6,1,3,,1,1,,1,1,1,55,3,1,1,5,0,0,0,0,true,,false,false,false,false,false,,,,,,false,false,true,,,false,false,false,false,false,-83.1106,42.39809,"{
  ""coordinates"": [
    -8.311059892599999e+01,
    4.239809373600010e+01
  ],
  ""type"": ""Point""
}","{
  ""coordinates"": [
    -83.110598926,
    42.398093736
  ],
  ""type"": ""Point""
}",-83.110598926,42.3980937360001
11968,9732056,MARGARETA,MANSFIELD,2016-06-24,24,6,2016,17,6,4,9,,,0,,1,2,1,25,2,2,1,5,0,0,0,0,true,,false,false,true,false,false,,,,,,false,false,false,,,false,false,false,false,false,-83.20617,42.42668,"{
  ""coordinates"": [
    -8.320616976100000e+01,
    4.242667715900010e+01
  ],
  ""type"": ""Point""
}","{
  ""coordinates"": [
    -83.206169761,
    42.426677159
  ],
  ""type"": ""Point""
}",-83.206169761,42.4266771590001