ObjectId,Crash ID,Primary Road,Intersecting Road,Crash Date,Day,Month,Year,Hour,Weekday,Crash Type Code,Highway Classification Code,Community Code,Jurisdiction Code,Lane Departure Type Code,Surface Type,Road Condition,Weather Condition,Lighting Condition,Speed Limit,Lanes,Units,Occupants,Most Severe Injury,Fatal Injuries,Suspected Serious Injuries,Suspected Minor Injuries,Possible Injuries,Property Damage Only,Secondary Crash,Traffic Control,Red Light Run,Hit and Run,Alcohol,Drugs,Unbelted Person,Work Zone,Speeding Driver,Distracted Driver,Driveway,Pedestrian,Elderly Driver,Young Driver,Commercial Vehicle,Emergency Vehicles,Train,School Bus,Motorcycle,Bicycle,Deer,Longitude,Latitude,geom,geog,x,y
11969,9732043,LANSING,TOLEDO,2016-06-24,24,6,2016,16,6,97,9,,,0,,1,1,1,25,1,2,1,4,0,0,0,1,false,,false,false,false,false,false,,,,,,true,false,false,,,false,false,false,false,false,-83.10038,42.32211,"{
  ""coordinates"": [
    -8.310038328000000e+01,
    4.232211365500010e+01
  ],
  ""type"": ""Point""
}","{
  ""coordinates"": [
    -83.10038328,
    42.322113655
  ],
  ""type"": ""Point""
}",-83.10038328,42.3221136550001
11970,9732047,SHARON,MANDALE,2016-06-24,24,6,2016,20,6,8,9,,,3,,1,1,1,25,2,2,1,5,0,0,0,0,true,,false,false,true,false,false,,,,,,false,false,false,,,false,false,false,false,false,-83.13367,42.30611,"{
  ""coordinates"": [
    -8.313367130700000e+01,
    4.230611398100010e+01
  ],
  ""type"": ""Point""
}","{
  ""coordinates"": [
    -83.133671307,
    42.306113981
  ],
  ""type"": ""Point""
}",-83.133671307,42.3061139810001
11971,9736454,ALEXANDRINE,2ND,2016-06-24,24,6,2016,7,6,4,9,,,0,,1,1,1,25,4,2,2,4,0,0,0,1,false,,true,false,false,false,false,,,,,,false,false,true,,,false,false,false,false,false,-83.06513,42.34872,"{
  ""coordinates"": [
    -8.306513513800000e+01,
    4.234872194200010e+01
  ],
  ""type"": ""Point""
}","{
  ""coordinates"": [
    -83.065135138,
    42.348721942
  ],
  ""type"": ""Point""
}",-83.065135138,42.3487219420001
11972,9739053,CAMERON,ERMORY,2016-06-24,24,6,2016,12,6,8,9,,,0,,1,1,1,25,2,2,0,5,0,0,0,0,true,,false,false,true,false,false,,,,,,false,false,false,,,false,false,false,false,false,-83.09372,42.4351,"{
  ""coordinates"": [
    -8.309371829100000e+01,
    4.243509684200010e+01
  ],
  ""type"": ""Point""
}","{
  ""coordinates"": [
    -83.093718291,
    42.435096842
  ],
  ""type"": ""Point""
}",-83.093718291,42.4350968420001
11973,9732065,OUTER,SHERWOOD,2016-06-24,24,6,2016,16,6,4,9,,2,0,,1,1,1,30,2,2,3,5,0,0,0,0,true,,false,false,false,false,false,,,,,,false,true,false,,,false,false,false,false,false,-83.03428,42.44093,"{
  ""coordinates"": [
    -8.303428222500000e+01,
    4.244093445000000e+01
  ],
  ""type"": ""Point""
}","{
  ""coordinates"": [
    -83.034282225,
    42.44093445
  ],
  ""type"": ""Point""
}",-83.034282225,42.44093445
11974,9732069,VAN DYKE,NEVADA,2016-06-24,24,6,2016,15,6,4,3,,1,0,,1,1,1,35,3,2,2,5,0,0,0,0,true,,false,false,false,false,false,,,,,,false,false,true,,,false,false,true,false,false,-83.02398,42.42676,"{
  ""coordinates"": [
    -8.302397618000001e+01,
    4.242676222400010e+01
  ],
  ""type"": ""Point""
}","{
  ""coordinates"": [
    -83.02397618,
    42.426762224
  ],
  ""type"": ""Point""
}",-83.02397618,42.4267622240001
11975,9732021,SUSSEX,PURITAN,2016-06-24,24,6,2016,11,6,97,9,,,0,,1,1,1,30,3,3,2,4,0,0,0,1,false,,false,false,false,false,false,,,,,,false,true,false,,,false,false,false,false,false,-83.1953,42.40885,"{
  ""coordinates"": [
    -8.319529711199991e+01,
    4.240884748600010e+01
  ],
  ""type"": ""Point""
}","{
  ""coordinates"": [
    -83.195297112,
    42.408847486
  ],
  ""type"": ""Point""
}",-83.1952971119999,42.4088474860001
11976,9892971,W I 94 SERVICE DRIVE,CADILLAC,2016-06-24,24,6,2016,11,6,5,9,,4,0,,1,1,1,0,3,2,1,5,0,0,0,0,true,,false,false,true,false,false,,,,,,false,false,false,,,false,false,false,false,false,-83.00342,42.39234,"{
  ""coordinates"": [
    -8.300342083200000e+01,
    4.239234082000010e+01
  ],
  ""type"": ""Point""
}","{
  ""coordinates"": [
    -83.003420832,
    42.39234082
  ],
  ""type"": ""Point""
}",-83.003420832,42.3923408200001
11977,9736378,W I 94,RAMP 218C,2016-06-24,24,6,2016,8,6,5,1,,1,0,,1,1,1,55,3,3,3,5,0,0,0,0,true,,false,false,false,false,false,,,,,,false,false,true,,,false,false,false,false,false,-83.0164,42.3877,"{
  ""coordinates"": [
    -8.301640642599990e+01,
    4.238770295500010e+01
  ],
  ""type"": ""Point""
}","{
  ""coordinates"": [
    -83.016406426,
    42.387702955
  ],
  ""type"": ""Point""
}",-83.0164064259999,42.3877029550001
11978,9734644,GREENFIELD,E I 96 CD,2016-06-24,24,6,2016,3,6,1,1,,2,1,,1,1,4,30,5,1,1,5,0,0,0,0,true,,false,false,true,false,false,,,,,,false,false,false,,,false,false,false,false,false,-83.19802,42.37886,"{
  ""coordinates"": [
    -8.319802269199990e+01,
    4.237886342700010e+01
  ],
  ""type"": ""Point""
}","{
  ""coordinates"": [
    -83.198022692,
    42.378863427
  ],
  ""type"": ""Point""
}",-83.1980226919999,42.3788634270001
11979,9739072,MCNICHOLS,MANOR,2016-06-24,24,6,2016,14,6,5,9,,2,0,,1,1,1,30,4,2,2,4,0,0,0,2,false,,false,false,true,false,false,,,,,,false,true,false,,,false,false,false,false,false,-83.16938,42.41668,"{
  ""coordinates"": [
    -8.316937869100001e+01,
    4.241667381500010e+01
  ],
  ""type"": ""Point""
}","{
  ""coordinates"": [
    -83.169378691,
    42.416673815
  ],
  ""type"": ""Point""
}",-83.169378691,42.4166738150001
11980,9732025,GRAND RIVER,GREENFIELD,2016-06-24,24,6,2016,18,6,5,3,,1,0,,1,1,1,35,5,2,2,5,0,0,0,0,true,,false,false,false,false,false,,,,,,false,false,false,,,false,false,false,false,false,-83.19803,42.39252,"{
  ""coordinates"": [
    -8.319802691400000e+01,
    4.239252181400010e+01
  ],
  ""type"": ""Point""
}","{
  ""coordinates"": [
    -83.198026914,
    42.392521814
  ],
  ""type"": ""Point""
}",-83.198026914,42.3925218140001
11981,9732044,SCHAEFER,DEACON,2016-06-24,24,6,2016,23,6,5,9,,2,0,,1,1,5,0,4,2,1,5,0,0,0,0,true,,false,false,false,false,false,,,,,,false,false,true,,,false,false,false,false,false,-83.1467,42.27549,"{
  ""coordinates"": [
    -8.314670062099999e+01,
    4.227548475800010e+01
  ],
  ""type"": ""Point""
}","{
  ""coordinates"": [
    -83.146700621,
    42.275484758
  ],
  ""type"": ""Point""
}",-83.146700621,42.2754847580001
11982,9734599,WARREN,CADIEUX,2016-06-24,24,6,2016,3,6,97,9,,4,0,,1,1,1,35,4,2,2,5,0,0,0,0,true,,false,false,false,false,false,,,,,,false,true,false,,,false,false,false,false,false,-82.93031,42.40589,"{
  ""coordinates"": [
    -8.293031170599990e+01,
    4.240589314100000e+01
  ],
  ""type"": ""Point""
}","{
  ""coordinates"": [
    -82.930311706,
    42.405893141
  ],
  ""type"": ""Point""
}",-82.9303117059999,42.405893141
11983,9800624,GRAND RIVER,14TH,2016-06-24,24,6,2016,2,6,1,3,,1,0,,1,1,4,30,6,1,3,3,0,0,1,1,false,,false,false,false,true,false,,,,,,false,false,true,,,false,false,false,false,false,-83.08554,42.34718,"{
  ""coordinates"": [
    -8.308553995999991e+01,
    4.234717649900010e+01
  ],
  ""type"": ""Point""
}","{
  ""coordinates"": [
    -83.08553996,
    42.347176499
  ],
  ""type"": ""Point""
}",-83.0855399599999,42.3471764990001
11984,9736436,ST JEAN,SHOEMAKER,2016-06-24,24,6,2016,1,6,4,9,,4,0,,1,1,4,30,2,2,5,4,0,0,0,1,false,,true,true,false,false,false,,,,,,false,false,false,,,false,false,false,false,false,-82.98579,42.39024,"{
  ""coordinates"": [
    -8.298578403300000e+01,
    4.239024202400000e+01
  ],
  ""type"": ""Point""
}","{
  ""coordinates"": [
    -82.985784033,
    42.390242024
  ],
  ""type"": ""Point""
}",-82.985784033,42.390242024
11985,9733796,GREENFIELD,VERNE,2016-06-24,24,6,2016,21,6,10,9,,2,3,,1,1,3,35,4,2,2,3,0,0,1,0,false,,false,false,false,true,false,,,,,,false,false,false,,,false,false,false,false,false,-83.19915,42.41207,"{
  ""coordinates"": [
    -8.319915126099990e+01,
    4.241206735800010e+01
  ],
  ""type"": ""Point""
}","{
  ""coordinates"": [
    -83.199151261,
    42.412067358
  ],
  ""type"": ""Point""
}",-83.1991512609999,42.4120673580001
11986,9740851,S/B M-39,7 MILE,2016-06-24,24,6,2016,15,6,5,3,,1,0,,1,1,1,55,3,2,2,5,0,0,0,0,true,,false,false,false,false,false,,,,,,false,false,false,,,false,false,false,false,false,-83.21972,42.43723,"{
  ""coordinates"": [
    -8.321972058999999e+01,
    4.243723194100010e+01
  ],
  ""type"": ""Point""
}","{
  ""coordinates"": [
    -83.21972059,
    42.437231941
  ],
  ""type"": ""Point""
}",-83.21972059,42.4372319410001
11987,9740860,I 94,CONCORD,2016-06-24,24,6,2016,17,6,8,1,,1,0,,1,1,1,55,3,2,1,5,0,0,0,0,true,,false,false,true,false,false,,,,,,false,false,true,,,false,false,false,false,false,-83.0301,42.38314,"{
  ""coordinates"": [
    -8.303009717099999e+01,
    4.238314336500010e+01
  ],
  ""type"": ""Point""
}","{
  ""coordinates"": [
    -83.030097171,
    42.383143365
  ],
  ""type"": ""Point""
}",-83.030097171,42.3831433650001
11988,9734672,AVON,PEMBROKE,2016-06-24,24,6,2016,10,6,5,9,,,0,,1,1,5,0,1,2,1,5,0,0,0,0,true,,false,false,true,false,false,,,,,,false,false,false,,,false,false,false,false,false,-83.22681,42.43706,"{
  ""coordinates"": [
    -8.322680593500000e+01,
    4.243706137400010e+01
  ],
  ""type"": ""Point""
}","{
  ""coordinates"": [
    -83.226805935,
    42.437061374
  ],
  ""type"": ""Point""
}",-83.226805935,42.4370613740001
11989,9734671,WARRINGTON,CAMBRIDGE,2016-06-24,24,6,2016,17,6,4,9,,,0,,1,1,1,15,3,2,0,5,0,0,0,0,true,,false,false,true,false,false,,,,,,false,false,false,,,false,false,false,false,false,-83.14024,42.43424,"{
  ""coordinates"": [
    -8.314024047299991e+01,
    4.243424399400000e+01
  ],
  ""type"": ""Point""
}","{
  ""coordinates"": [
    -83.140240473,
    42.434243994
  ],
  ""type"": ""Point""
}",-83.1402404729999,42.434243994
11990,9734656,MANSFIELD,MCNICHOLS,2016-06-24,24,6,2016,6,6,8,9,,,0,,1,1,1,35,1,2,1,5,0,0,0,0,true,,false,false,false,true,false,,,,,,false,false,false,,,false,false,false,false,false,-83.20579,42.41561,"{
  ""coordinates"": [
    -8.320578651499990e+01,
    4.241560925300010e+01
  ],
  ""type"": ""Point""
}","{
  ""coordinates"": [
    -83.205786515,
    42.415609253
  ],
  ""type"": ""Point""
}",-83.2057865149999,42.4156092530001
11991,9732979,HOYT,CARLISLE,2016-06-24,24,6,2016,7,6,4,9,,,0,,1,1,1,15,2,2,3,5,0,0,0,0,true,,false,false,true,false,false,,,,,,false,false,false,,,false,false,false,false,false,-82.98074,42.44844,"{
  ""coordinates"": [
    -8.298074011400000e+01,
    4.244844502500010e+01
  ],
  ""type"": ""Point""
}","{
  ""coordinates"": [
    -82.980740114,
    42.448445025
  ],
  ""type"": ""Point""
}",-82.980740114,42.4484450250001
11992,9732978,HOOVER,7 MILE,2016-06-24,24,6,2016,17,6,4,3,,1,0,,1,1,1,35,2,2,2,5,0,0,0,0,true,,false,false,false,false,false,,,,,,false,false,true,,,false,false,false,false,false,-83.00468,42.43445,"{
  ""coordinates"": [
    -8.300468434500000e+01,
    4.243445382100000e+01
  ],
  ""type"": ""Point""
}","{
  ""coordinates"": [
    -83.004684345,
    42.434453821
  ],
  ""type"": ""Point""
}",-83.004684345,42.434453821
11993,9740899,I-75,OUTER,2016-06-24,24,6,2016,17,6,1,1,,1,1,,1,1,1,70,4,1,1,4,0,0,0,1,false,,false,false,false,false,false,,,,,,false,false,false,,,false,false,false,false,false,-83.16476,42.27046,"{
  ""coordinates"": [
    -8.316476565799999e+01,
    4.227045780500000e+01
  ],
  ""type"": ""Point""
}","{
  ""coordinates"": [
    -83.164765658,
    42.270457805
  ],
  ""type"": ""Point""
}",-83.164765658,42.270457805
11994,9732983,7 MILE,BARLOW,2016-06-24,24,6,2016,16,6,8,9,,4,0,,1,1,1,30,2,2,2,5,0,0,0,0,true,,false,false,true,false,false,,,,,,false,false,true,,,false,false,false,false,false,-82.99603,42.43467,"{
  ""coordinates"": [
    -8.299603373500000e+01,
    4.243467131500010e+01
  ],
  ""type"": ""Point""
}","{
  ""coordinates"": [
    -82.996033735,
    42.434671315
  ],
  ""type"": ""Point""
}",-82.996033735,42.4346713150001
11995,9827141,TELEGRAPH,MCNICHOLS,2016-06-24,24,6,2016,1,6,1,2,,1,0,,1,1,4,45,4,2,2,1,1,0,0,0,false,,false,false,true,false,false,,,,,,false,false,false,,,false,false,false,true,false,-83.27739,42.4144,"{
  ""coordinates"": [
    -8.327738628799990e+01,
    4.241439886800000e+01
  ],
  ""type"": ""Point""
}","{
  ""coordinates"": [
    -83.277386288,
    42.414398868
  ],
  ""type"": ""Point""
}",-83.2773862879999,42.414398868
11996,9732066,8 MILE,MOUND,2016-06-24,24,6,2016,11,6,5,3,,1,0,,1,1,1,40,4,2,2,5,0,0,0,0,true,,false,false,false,false,false,,,,,,false,true,false,,,false,false,false,false,false,-83.04435,42.44776,"{
  ""coordinates"": [
    -8.304435173000000e+01,
    4.244776118800010e+01
  ],
  ""type"": ""Point""
}","{
  ""coordinates"": [
    -83.04435173,
    42.447761188
  ],
  ""type"": ""Point""
}",-83.04435173,42.4477611880001
11997,9736427,CANFIELD,JOHN R,2016-06-24,24,6,2016,16,6,1,9,,4,0,,1,1,1,35,2,2,2,5,0,0,0,0,true,,false,false,false,false,false,,,,,,false,false,false,,,false,false,false,true,false,-83.05933,42.35363,"{
  ""coordinates"": [
    -8.305933132800000e+01,
    4.235362566900010e+01
  ],
  ""type"": ""Point""
}","{
  ""coordinates"": [
    -83.059331328,
    42.353625669
  ],
  ""type"": ""Point""
}",-83.059331328,42.3536256690001
11998,9740850,GREENDALE,S I 75 SERVICE DRIVE,2016-06-24,24,6,2016,6,6,98,9,,,0,,1,1,1,55,4,2,2,2,0,1,0,0,false,,false,false,false,false,false,,,,,,false,false,false,,,false,false,false,false,false,-83.09547,42.42709,"{
  ""coordinates"": [
    -8.309547592199991e+01,
    4.242709087500000e+01
  ],
  ""type"": ""Point""
}","{
  ""coordinates"": [
    -83.095475922,
    42.427090875
  ],
  ""type"": ""Point""
}",-83.0954759219999,42.427090875
11999,9732063,RAMP 112A,CHICAGO,2016-06-24,24,6,2016,13,6,5,3,,1,0,,1,1,1,25,2,2,2,5,0,0,0,0,true,,false,false,false,false,false,,,,,,false,false,true,,,false,false,false,false,false,-83.09566,42.38226,"{
  ""coordinates"": [
    -8.309565916400000e+01,
    4.238226053100000e+01
  ],
  ""type"": ""Point""
}","{
  ""coordinates"": [
    -83.095659164,
    42.382260531
  ],
  ""type"": ""Point""
}",-83.095659164,42.382260531
12000,9733775,GRAND,POE,2016-06-24,24,6,2016,13,6,5,9,,4,0,,1,1,1,35,2,2,2,5,0,0,0,0,true,,false,false,false,false,false,,,,,,false,false,false,,,false,false,false,false,false,-83.0861,42.36557,"{
  ""coordinates"": [
    -8.308610139000000e+01,
    4.236557316800000e+01
  ],
  ""type"": ""Point""
}","{
  ""coordinates"": [
    -83.08610139,
    42.365573168
  ],
  ""type"": ""Point""
}",-83.08610139,42.365573168
12001,9733823,SCHAEFER,EIGHT MILE,2016-06-24,24,6,2016,15,6,4,3,,4,0,,1,1,1,0,2,2,1,5,0,0,0,0,true,,true,true,true,false,false,,,,,,false,false,false,,,false,false,false,false,false,-83.181,42.44531,"{
  ""coordinates"": [
    -8.318099655200000e+01,
    4.244531354500000e+01
  ],
  ""type"": ""Point""
}","{
  ""coordinates"": [
    -83.180996552,
    42.445313545
  ],
  ""type"": ""Point""
}",-83.180996552,42.445313545
12002,9730862,GRATIOT,HARPER,2016-06-23,23,6,2016,19,5,4,3,,1,0,,1,1,1,25,7,2,2,5,0,0,0,0,true,,false,false,false,false,false,,,,,,false,false,true,,,false,false,false,false,false,-83.00522,42.39313,"{
  ""coordinates"": [
    -8.300522131000000e+01,
    4.239313118300000e+01
  ],
  ""type"": ""Point""
}","{
  ""coordinates"": [
    -83.00522131,
    42.393131183
  ],
  ""type"": ""Point""
}",-83.00522131,42.393131183
12003,9739715,I-75,GRATIOT,2016-06-23,23,6,2016,15,5,97,1,,1,0,,1,2,1,0,2,2,2,5,0,0,0,0,true,,false,false,false,false,false,,,,,,false,false,false,,,false,false,false,false,false,-83.04355,42.34213,"{
  ""coordinates"": [
    -8.304354612000000e+01,
    4.234212770700000e+01
  ],
  ""type"": ""Point""
}","{
  ""coordinates"": [
    -83.04354612,
    42.342127707
  ],
  ""type"": ""Point""
}",-83.04354612,42.342127707
12004,9732048,VANDYKE,MCNICHOLS,2016-06-23,23,6,2016,21,5,8,3,,1,0,,1,1,3,30,5,2,2,5,0,0,0,0,true,,false,false,true,false,false,,,,,,false,false,true,,,false,false,false,false,false,-83.0237,42.4193,"{
  ""coordinates"": [
    -8.302369612299999e+01,
    4.241930091200000e+01
  ],
  ""type"": ""Point""
}","{
  ""coordinates"": [
    -83.023696123,
    42.419300912
  ],
  ""type"": ""Point""
}",-83.023696123,42.419300912
12005,9730836,M39,FORD,2016-06-23,23,6,2016,18,5,5,3,,1,0,,1,1,1,55,3,2,4,5,0,0,0,0,true,,false,false,false,false,false,,,,,,false,false,false,,,false,false,false,false,false,-83.21564,42.33047,"{
  ""coordinates"": [
    -8.321563771800000e+01,
    4.233047465600000e+01
  ],
  ""type"": ""Point""
}","{
  ""coordinates"": [
    -83.215637718,
    42.330474656
  ],
  ""type"": ""Point""
}",-83.215637718,42.330474656
12006,9730848,GREENFIELD,MCNICHOLS,2016-06-23,23,6,2016,4,5,4,9,,2,0,,1,1,1,0,5,2,6,4,0,0,0,1,false,,false,false,false,false,false,,,,,,false,false,false,,,false,false,false,false,false,-83.19931,42.41611,"{
  ""coordinates"": [
    -8.319931309299990e+01,
    4.241611152700010e+01
  ],
  ""type"": ""Point""
}","{
  ""coordinates"": [
    -83.199313093,
    42.416111527
  ],
  ""type"": ""Point""
}",-83.1993130929999,42.4161115270001
12007,9732039,GRAND RIVER,3RD,2016-06-23,23,6,2016,12,5,5,3,,1,0,,1,2,1,30,7,2,2,4,0,0,0,1,false,,false,false,false,false,false,,,,,,false,false,false,,,false,false,false,false,false,-83.06106,42.33727,"{
  ""coordinates"": [
    -8.306105768499999e+01,
    4.233726843200000e+01
  ],
  ""type"": ""Point""
}","{
  ""coordinates"": [
    -83.061057685,
    42.337268432
  ],
  ""type"": ""Point""
}",-83.061057685,42.337268432
12008,9750524,I-96,I-75,2016-06-23,23,6,2016,15,5,8,1,,1,0,,1,1,1,55,4,2,2,5,0,0,0,0,true,,false,false,false,false,false,,,,,,false,false,false,,,false,false,false,false,false,-83.0863,42.32951,"{
  ""coordinates"": [
    -8.308629520600000e+01,
    4.232950579500000e+01
  ],
  ""type"": ""Point""
}","{
  ""coordinates"": [
    -83.086295206,
    42.329505795
  ],
  ""type"": ""Point""
}",-83.086295206,42.329505795
12009,9732057,GRATIOT,CONNERS,2016-06-23,23,6,2016,17,5,5,3,,1,0,,1,1,1,35,6,2,2,4,0,0,0,1,false,,false,false,false,false,false,,,,,,false,false,false,,,false,false,false,false,false,-82.99782,42.40442,"{
  ""coordinates"": [
    -8.299781895400000e+01,
    4.240441550300010e+01
  ],
  ""type"": ""Point""
}","{
  ""coordinates"": [
    -82.997818954,
    42.404415503
  ],
  ""type"": ""Point""
}",-82.997818954,42.4044155030001
12010,9772103,LARNED,CHENE,2016-06-23,23,6,2016,1,5,5,9,,4,0,,1,1,4,35,3,2,2,2,0,1,0,0,false,,false,false,false,false,false,,,,,,false,false,true,,,false,false,true,false,false,-83.02318,42.33893,"{
  ""coordinates"": [
    -8.302317464200000e+01,
    4.233893240400000e+01
  ],
  ""type"": ""Point""
}","{
  ""coordinates"": [
    -83.023174642,
    42.338932404
  ],
  ""type"": ""Point""
}",-83.023174642,42.338932404
12011,9733776,MICHIGAN,CLARK,2016-06-23,23,6,2016,11,5,4,2,,1,0,,1,1,4,35,4,2,1,5,0,0,0,0,true,,false,false,true,false,false,,,,,,false,false,false,,,false,false,false,false,false,-83.10242,42.33113,"{
  ""coordinates"": [
    -8.310242570799990e+01,
    4.233113653300010e+01
  ],
  ""type"": ""Point""
}","{
  ""coordinates"": [
    -83.102425708,
    42.331136533
  ],
  ""type"": ""Point""
}",-83.1024257079999,42.3311365330001
12012,9732032,BELMONT,OAKLAND,2016-06-23,23,6,2016,17,5,8,9,,,0,,1,1,1,25,2,2,2,5,0,0,0,0,true,,false,false,false,false,false,,,,,,false,false,false,,,false,false,false,false,false,-83.07668,42.39198,"{
  ""coordinates"": [
    -8.307667975200000e+01,
    4.239197730400010e+01
  ],
  ""type"": ""Point""
}","{
  ""coordinates"": [
    -83.076679752,
    42.391977304
  ],
  ""type"": ""Point""
}",-83.076679752,42.3919773040001
12013,9730852,S I 75 SERVICE DRIVE,DRAGOON,2016-06-23,23,6,2016,17,5,1,9,,4,0,,1,1,1,35,2,2,1,4,0,0,0,1,false,,false,false,true,false,false,,,,,,true,false,false,,,false,false,false,false,false,-83.10339,42.3088,"{
  ""coordinates"": [
    -8.310339459399999e+01,
    4.230879564800010e+01
  ],
  ""type"": ""Point""
}","{
  ""coordinates"": [
    -83.103394594,
    42.308795648
  ],
  ""type"": ""Point""
}",-83.103394594,42.3087956480001
12014,9735567,7 MILE,GLOUCESTER,2016-06-23,23,6,2016,17,5,5,9,,2,0,,1,1,1,25,2,4,4,4,0,0,0,2,false,,false,false,false,false,false,,,,,,true,false,false,,,false,false,false,false,false,-83.12416,42.43197,"{
  ""coordinates"": [
    -8.312416170599990e+01,
    4.243197024200000e+01
  ],
  ""type"": ""Point""
}","{
  ""coordinates"": [
    -83.124161706,
    42.431970242
  ],
  ""type"": ""Point""
}",-83.1241617059999,42.431970242
12015,9734597,FITZPATRICK,ASHTON,2016-06-23,23,6,2016,18,5,4,9,,4,0,,1,1,1,25,2,2,2,5,0,0,0,0,true,,true,false,false,false,false,,,,,,false,false,true,,,false,false,false,false,false,-83.21748,42.36413,"{
  ""coordinates"": [
    -8.321747227799990e+01,
    4.236413176200010e+01
  ],
  ""type"": ""Point""
}","{
  ""coordinates"": [
    -83.217472278,
    42.364131762
  ],
  ""type"": ""Point""
}",-83.2174722779999,42.3641317620001
12016,9733805,MCNICHOLS,HOOVER,2016-06-23,23,6,2016,14,5,4,3,,4,0,,1,2,1,30,4,2,2,5,0,0,0,0,true,,false,false,false,false,false,,,,,,false,true,false,,,false,false,false,false,false,-83.00326,42.4202,"{
  ""coordinates"": [
    -8.300325586199990e+01,
    4.242020579200000e+01
  ],
  ""type"": ""Point""
}","{
  ""coordinates"": [
    -83.003255862,
    42.420205792
  ],
  ""type"": ""Point""
}",-83.0032558619999,42.420205792
12017,9832090,GRATIOT,BEAUBIEN,2016-06-23,23,6,2016,23,5,3,3,,1,0,,1,1,4,35,6,2,2,4,0,0,0,1,false,,false,false,false,false,false,,,,,,false,false,true,,,false,false,false,false,false,-83.04393,42.33677,"{
  ""coordinates"": [
    -8.304392785899999e+01,
    4.233677401500010e+01
  ],
  ""type"": ""Point""
}","{
  ""coordinates"": [
    -83.043927859,
    42.336774015
  ],
  ""type"": ""Point""
}",-83.043927859,42.3367740150001
12018,9732024,MCNICHOLS,LITTLEFIELD,2016-06-23,23,6,2016,14,5,5,9,,2,0,,1,1,1,30,6,2,1,5,0,0,0,0,true,,false,false,true,false,false,,,,,,false,true,false,,,false,false,false,false,false,-83.17655,42.4166,"{
  ""coordinates"": [
    -8.317655368800000e+01,
    4.241660105600000e+01
  ],
  ""type"": ""Point""
}","{
  ""coordinates"": [
    -83.176553688,
    42.416601056
  ],
  ""type"": ""Point""
}",-83.176553688,42.416601056
12019,9732967,WOODWARD,FOREST,2016-06-23,23,6,2016,18,5,5,3,,1,0,,1,1,1,35,3,2,3,5,0,0,0,0,true,,false,false,false,false,false,,,,,,false,false,false,,,false,false,false,false,false,-83.06299,42.35474,"{
  ""coordinates"": [
    -8.306298565000000e+01,
    4.235474167500010e+01
  ],
  ""type"": ""Point""
}","{
  ""coordinates"": [
    -83.06298565,
    42.354741675
  ],
  ""type"": ""Point""
}",-83.06298565,42.3547416750001
12020,9733765,I 94,M-10,2016-06-23,23,6,2016,8,5,8,1,,1,0,,1,2,1,55,3,2,2,5,0,0,0,0,true,,false,false,false,false,false,,,,,,false,false,true,,,false,false,false,false,false,-83.07242,42.36149,"{
  ""coordinates"": [
    -8.307241761700000e+01,
    4.236149070900010e+01
  ],
  ""type"": ""Point""
}","{
  ""coordinates"": [
    -83.072417617,
    42.361490709
  ],
  ""type"": ""Point""
}",-83.072417617,42.3614907090001
12021,9733757,I-94,GRAND RIVER,2016-06-23,23,6,2016,8,5,5,1,,1,0,,1,2,1,55,3,2,2,5,0,0,0,0,true,,false,false,false,false,false,,,,,,false,false,true,,,false,false,false,false,false,-83.09727,42.35067,"{
  ""coordinates"": [
    -8.309726655900000e+01,
    4.235067516300010e+01
  ],
  ""type"": ""Point""
}","{
  ""coordinates"": [
    -83.097266559,
    42.350675163
  ],
  ""type"": ""Point""
}",-83.097266559,42.3506751630001
12022,9730822,DAVISON,LA SALLE,2016-06-23,23,6,2016,22,5,5,3,,1,0,,1,2,4,35,7,2,3,5,0,0,0,0,true,,false,false,false,false,false,,,,,,false,false,false,,,false,false,false,false,false,-83.11847,42.39434,"{
  ""coordinates"": [
    -8.311846805399991e+01,
    4.239433638400000e+01
  ],
  ""type"": ""Point""
}","{
  ""coordinates"": [
    -83.118468054,
    42.394336384
  ],
  ""type"": ""Point""
}",-83.1184680539999,42.394336384
12023,9734617,HARPER,BISHOP,2016-06-23,23,6,2016,20,5,4,9,,4,0,,2,1,1,35,2,2,2,5,0,0,0,0,true,,false,false,false,false,false,,,,,,false,true,false,,,false,false,false,false,false,-82.93941,42.41465,"{
  ""coordinates"": [
    -8.293940529400000e+01,
    4.241464559800000e+01
  ],
  ""type"": ""Point""
}","{
  ""coordinates"": [
    -82.939405294,
    42.414645598
  ],
  ""type"": ""Point""
}",-82.939405294,42.414645598
12024,9732034,BEAUBIEN,JEFFERSON,2016-06-23,23,6,2016,15,5,9,4,,4,0,,1,2,1,25,6,2,57,5,0,0,0,0,true,,false,false,false,false,false,,,,,,false,false,false,,,false,false,false,false,false,-83.03957,42.33059,"{
  ""coordinates"": [
    -8.303957444000000e+01,
    4.233058471500000e+01
  ],
  ""type"": ""Point""
}","{
  ""coordinates"": [
    -83.03957444,
    42.330584715
  ],
  ""type"": ""Point""
}",-83.03957444,42.330584715
12025,9734626,BRAILE,ORANGELAWN,2016-06-23,23,6,2016,18,5,97,9,,,0,,1,1,1,25,2,2,2,5,0,0,0,0,true,,false,false,true,false,false,,,,,,false,false,false,,,false,false,false,false,false,-83.24358,42.36769,"{
  ""coordinates"": [
    -8.324358170600000e+01,
    4.236768749200010e+01
  ],
  ""type"": ""Point""
}","{
  ""coordinates"": [
    -83.243581706,
    42.367687492
  ],
  ""type"": ""Point""
}",-83.243581706,42.3676874920001