ObjectId,Crash ID,Primary Road,Intersecting Road,Crash Date,Day,Month,Year,Hour,Weekday,Crash Type Code,Highway Classification Code,Community Code,Jurisdiction Code,Lane Departure Type Code,Surface Type,Road Condition,Weather Condition,Lighting Condition,Speed Limit,Lanes,Units,Occupants,Most Severe Injury,Fatal Injuries,Suspected Serious Injuries,Suspected Minor Injuries,Possible Injuries,Property Damage Only,Secondary Crash,Traffic Control,Red Light Run,Hit and Run,Alcohol,Drugs,Unbelted Person,Work Zone,Speeding Driver,Distracted Driver,Driveway,Pedestrian,Elderly Driver,Young Driver,Commercial Vehicle,Emergency Vehicles,Train,School Bus,Motorcycle,Bicycle,Deer,Longitude,Latitude,geom,geog,x,y
12197,9728129,SHERWOOD,OUTER,2016-06-20,20,6,2016,12,2,4,9,,4,0,,1,1,1,35,3,2,1,5,0,0,0,0,true,,true,true,true,false,false,,,,,,false,false,false,,,false,false,false,false,false,-83.03428,42.44093,"{
  ""coordinates"": [
    -8.303428222500000e+01,
    4.244093445000000e+01
  ],
  ""type"": ""Point""
}","{
  ""coordinates"": [
    -83.034282225,
    42.44093445
  ],
  ""type"": ""Point""
}",-83.034282225,42.44093445
12198,9728125,7 MILE,STRASBURG,2016-06-20,20,6,2016,18,2,5,9,,4,0,,1,1,1,30,2,2,3,4,0,0,0,1,false,,false,false,false,false,false,,,,,,false,false,false,,,false,false,false,false,false,-82.99867,42.4346,"{
  ""coordinates"": [
    -8.299866996700000e+01,
    4.243460373800010e+01
  ],
  ""type"": ""Point""
}","{
  ""coordinates"": [
    -82.998669967,
    42.434603738
  ],
  ""type"": ""Point""
}",-82.998669967,42.4346037380001
12199,9734642,OUTER,TIREMAN,2016-06-20,20,6,2016,14,2,4,9,,2,0,,1,2,1,35,6,2,2,4,0,0,0,2,false,,false,false,false,false,false,,,,,,false,false,true,,,false,false,false,false,false,-83.25463,42.35088,"{
  ""coordinates"": [
    -8.325463427800000e+01,
    4.235087650100010e+01
  ],
  ""type"": ""Point""
}","{
  ""coordinates"": [
    -83.254634278,
    42.350876501
  ],
  ""type"": ""Point""
}",-83.254634278,42.3508765010001
12200,9733789,CONNER,EVANSTON,2016-06-20,20,6,2016,0,2,1,9,,4,1,,1,1,4,30,4,1,1,5,0,0,0,0,true,,false,false,false,false,false,,,,,,false,false,false,,,false,false,false,false,false,-82.99035,42.39814,"{
  ""coordinates"": [
    -8.299035230699999e+01,
    4.239813542200010e+01
  ],
  ""type"": ""Point""
}","{
  ""coordinates"": [
    -82.990352307,
    42.398135422
  ],
  ""type"": ""Point""
}",-82.990352307,42.3981354220001
12201,9730004,1400 PORTER,8TH,2016-06-20,20,6,2016,17,2,98,9,,,0,,98,98,98,0,2,2,2,5,0,0,0,0,true,,false,false,false,false,false,,,,,,false,true,false,,,false,false,false,false,false,-83.06283,42.32851,"{
  ""coordinates"": [
    -8.306282451399990e+01,
    4.232850478900010e+01
  ],
  ""type"": ""Point""
}","{
  ""coordinates"": [
    -83.062824514,
    42.328504789
  ],
  ""type"": ""Point""
}",-83.0628245139999,42.3285047890001
12202,9729969,VERNOR,OAKDALE,2016-06-20,20,6,2016,14,2,4,9,,4,0,,1,1,1,25,2,2,2,5,0,0,0,0,true,,true,false,true,false,false,,,,,,false,false,false,,,false,false,false,false,false,-83.13432,42.30854,"{
  ""coordinates"": [
    -8.313431568599999e+01,
    4.230854554500010e+01
  ],
  ""type"": ""Point""
}","{
  ""coordinates"": [
    -83.134315686,
    42.308545545
  ],
  ""type"": ""Point""
}",-83.134315686,42.3085455450001
12203,9728109,ANDERDON,CANFIELD,2016-06-20,20,6,2016,8,2,98,9,,,0,,1,1,4,25,2,2,0,5,0,0,0,0,true,,false,false,true,false,false,,,,,,false,false,false,,,false,false,false,false,false,-82.96937,42.38801,"{
  ""coordinates"": [
    -8.296936675900000e+01,
    4.238801225400000e+01
  ],
  ""type"": ""Point""
}","{
  ""coordinates"": [
    -82.969366759,
    42.388012254
  ],
  ""type"": ""Point""
}",-82.969366759,42.388012254
12204,9728143,7 MILE,LITTLEFIELD,2016-06-20,20,6,2016,14,2,5,9,,2,0,,1,1,1,30,3,2,3,4,0,0,0,2,false,,false,false,false,false,false,,,,,,false,false,false,,,false,false,false,false,false,-83.1771,42.43114,"{
  ""coordinates"": [
    -8.317710032500000e+01,
    4.243114515400000e+01
  ],
  ""type"": ""Point""
}","{
  ""coordinates"": [
    -83.177100325,
    42.431145154
  ],
  ""type"": ""Point""
}",-83.177100325,42.431145154
12205,9728108,CONNER,CHANDLER PARK,2016-06-20,20,6,2016,19,2,5,9,,4,0,,1,1,1,35,3,2,2,5,0,0,0,0,true,,false,false,false,false,false,,,,,,false,false,false,,,false,false,false,false,false,-82.98259,42.39263,"{
  ""coordinates"": [
    -8.298258868700000e+01,
    4.239263066900000e+01
  ],
  ""type"": ""Point""
}","{
  ""coordinates"": [
    -82.982588687,
    42.392630669
  ],
  ""type"": ""Point""
}",-82.982588687,42.392630669
12206,9732031,WARREN,24TH,2016-06-20,20,6,2016,1,2,1,9,,4,1,,1,1,4,0,5,1,0,5,0,0,0,0,true,,false,false,true,false,false,,,,,,false,false,false,,,false,false,false,false,false,-83.10105,42.34504,"{
  ""coordinates"": [
    -8.310105117400001e+01,
    4.234503623400010e+01
  ],
  ""type"": ""Point""
}","{
  ""coordinates"": [
    -83.101051174,
    42.345036234
  ],
  ""type"": ""Point""
}",-83.101051174,42.3450362340001
12207,9728113,JEFFERSON,HELEN,2016-06-20,20,6,2016,12,2,1,9,,4,0,,1,1,1,35,4,1,1,4,0,0,0,1,false,,false,false,false,false,false,,,,,,false,false,false,,,false,false,false,false,false,-83.00298,42.34677,"{
  ""coordinates"": [
    -8.300297225299990e+01,
    4.234676828700000e+01
  ],
  ""type"": ""Point""
}","{
  ""coordinates"": [
    -83.002972253,
    42.346768287
  ],
  ""type"": ""Point""
}",-83.0029722529999,42.346768287
12208,9728104,LEVERETTE,BROOKLYN,2016-06-20,20,6,2016,12,2,8,9,,,0,,1,1,1,25,1,2,1,5,0,0,0,0,true,,false,false,false,false,false,,,,,,false,false,false,,,false,false,false,false,false,-83.06394,42.33118,"{
  ""coordinates"": [
    -8.306393948600000e+01,
    4.233118167700010e+01
  ],
  ""type"": ""Point""
}","{
  ""coordinates"": [
    -83.063939486,
    42.331181677
  ],
  ""type"": ""Point""
}",-83.063939486,42.3311816770001
12209,9728115,FENKELL,PENROD,2016-06-20,20,6,2016,11,2,4,9,,2,0,,1,1,1,35,4,2,2,5,0,0,0,0,true,,false,false,false,false,false,,,,,,false,true,false,,,false,false,false,false,false,-83.22154,42.40103,"{
  ""coordinates"": [
    -8.322154191700000e+01,
    4.240102865000010e+01
  ],
  ""type"": ""Point""
}","{
  ""coordinates"": [
    -83.221541917,
    42.40102865
  ],
  ""type"": ""Point""
}",-83.221541917,42.4010286500001
12210,9739791,I 75,8 MILE,2016-06-20,20,6,2016,12,2,5,1,,1,0,,1,1,1,70,3,2,2,3,0,0,1,0,false,,false,false,false,false,false,,,,,,false,false,false,,,false,false,false,false,false,-83.09491,42.44318,"{
  ""coordinates"": [
    -8.309491297300001e+01,
    4.244317832600010e+01
  ],
  ""type"": ""Point""
}","{
  ""coordinates"": [
    -83.094912973,
    42.443178326
  ],
  ""type"": ""Point""
}",-83.094912973,42.4431783260001
12211,9728118,7 MILE,OAKFIELD,2016-06-20,20,6,2016,23,2,5,9,,2,0,,1,2,4,0,2,2,1,5,0,0,0,0,true,,false,false,false,false,false,,,,,,false,false,false,,,false,false,false,false,false,-83.215,42.43013,"{
  ""coordinates"": [
    -8.321499467400000e+01,
    4.243013293200000e+01
  ],
  ""type"": ""Point""
}","{
  ""coordinates"": [
    -83.214994674,
    42.430132932
  ],
  ""type"": ""Point""
}",-83.214994674,42.430132932
12212,9730868,S I 75,MILWAUKEE,2016-06-20,20,6,2016,21,2,8,1,,1,0,,1,1,3,55,3,2,1,5,0,0,0,0,true,,false,false,true,false,false,,,,,,false,true,false,,,false,false,false,false,false,-83.05998,42.37386,"{
  ""coordinates"": [
    -8.305998379999990e+01,
    4.237386191000010e+01
  ],
  ""type"": ""Point""
}","{
  ""coordinates"": [
    -83.0599838,
    42.37386191
  ],
  ""type"": ""Point""
}",-83.0599837999999,42.3738619100001
12213,9730009,PASADENA,LAWTON,2016-06-20,20,6,2016,13,2,2,9,,,2,,1,1,1,25,2,2,0,5,0,0,0,0,true,,false,false,true,false,false,,,,,,false,false,false,,,false,false,false,false,false,-83.12679,42.39416,"{
  ""coordinates"": [
    -8.312679390200000e+01,
    4.239415925600010e+01
  ],
  ""type"": ""Point""
}","{
  ""coordinates"": [
    -83.126793902,
    42.394159256
  ],
  ""type"": ""Point""
}",-83.126793902,42.3941592560001
12214,9728112,MACK,S I 75,2016-06-20,20,6,2016,11,2,5,9,,4,0,,1,1,1,25,3,2,3,5,0,0,0,0,true,,false,false,false,false,false,,,,,,false,false,false,,,false,false,false,false,false,-83.04822,42.35122,"{
  ""coordinates"": [
    -8.304821848499989e+01,
    4.235122062200000e+01
  ],
  ""type"": ""Point""
}","{
  ""coordinates"": [
    -83.048218485,
    42.351220622
  ],
  ""type"": ""Point""
}",-83.0482184849999,42.351220622
12215,9739796,I-94,GRANDRIVER,2016-06-20,20,6,2016,17,2,5,1,,1,0,,1,1,1,55,3,2,2,5,0,0,0,0,true,,false,false,false,false,false,,,,,,false,false,false,,,false,false,false,false,false,-83.09607,42.35119,"{
  ""coordinates"": [
    -8.309606562000000e+01,
    4.235119165400000e+01
  ],
  ""type"": ""Point""
}","{
  ""coordinates"": [
    -83.09606562,
    42.351191654
  ],
  ""type"": ""Point""
}",-83.09606562,42.351191654
12216,9728900,W I 94,RAMP 211B,2016-06-20,20,6,2016,9,2,1,1,,1,1,,1,2,1,55,3,1,1,5,0,0,0,0,true,,false,false,false,false,false,,,,,,false,false,true,,,false,false,false,false,false,-83.14796,42.33088,"{
  ""coordinates"": [
    -8.314796725799989e+01,
    4.233087618900000e+01
  ],
  ""type"": ""Point""
}","{
  ""coordinates"": [
    -83.147967258,
    42.330876189
  ],
  ""type"": ""Point""
}",-83.1479672579999,42.330876189
12217,9728946,CONNER,KERCHEVAL,2016-06-20,20,6,2016,18,2,5,9,,4,0,,1,1,1,30,3,2,2,5,0,0,0,0,true,,false,false,true,false,false,,,,,,false,false,false,,,false,false,false,false,false,-82.96133,42.37373,"{
  ""coordinates"": [
    -8.296133482499989e+01,
    4.237373488900000e+01
  ],
  ""type"": ""Point""
}","{
  ""coordinates"": [
    -82.961334825,
    42.373734889
  ],
  ""type"": ""Point""
}",-82.9613348249999,42.373734889
12218,9729970,FOREST,FISHER SERV,2016-06-20,20,6,2016,9,2,8,9,,4,0,,1,1,1,25,2,2,0,5,0,0,0,0,true,,false,false,true,false,false,,,,,,false,false,false,,,false,false,false,false,false,-83.0045,42.37646,"{
  ""coordinates"": [
    -8.300450301200000e+01,
    4.237646396700010e+01
  ],
  ""type"": ""Point""
}","{
  ""coordinates"": [
    -83.004503012,
    42.376463967
  ],
  ""type"": ""Point""
}",-83.004503012,42.3764639670001
12219,9728116,SANTA MARIA,SAINT MARYS,2016-06-20,20,6,2016,14,2,4,9,,,0,,1,1,1,25,2,2,2,5,0,0,0,0,true,,false,false,false,false,false,,,,,,false,false,true,,,false,false,false,false,false,-83.20693,42.41763,"{
  ""coordinates"": [
    -8.320693498200001e+01,
    4.241762382800000e+01
  ],
  ""type"": ""Point""
}","{
  ""coordinates"": [
    -83.206934982,
    42.417623828
  ],
  ""type"": ""Point""
}",-83.206934982,42.417623828
12220,9730853,LIVERNOIS,EDSEL FORD,2016-06-20,20,6,2016,16,2,8,9,,4,0,,1,1,1,35,6,2,2,5,0,0,0,0,true,,false,false,false,false,false,,,,,,false,false,true,,,false,false,false,false,false,-83.12495,42.33747,"{
  ""coordinates"": [
    -8.312495221599990e+01,
    4.233746978200000e+01
  ],
  ""type"": ""Point""
}","{
  ""coordinates"": [
    -83.124952216,
    42.337469782
  ],
  ""type"": ""Point""
}",-83.1249522159999,42.337469782
12221,9784432,SANTA ROSA,CLARITA,2016-06-20,20,6,2016,2,2,4,9,,,0,,1,1,4,30,2,2,2,5,0,0,0,0,true,,false,false,true,false,false,,,,,,false,false,true,,,false,false,false,false,false,-83.14358,42.42978,"{
  ""coordinates"": [
    -8.314358089400000e+01,
    4.242978239400000e+01
  ],
  ""type"": ""Point""
}","{
  ""coordinates"": [
    -83.143580894,
    42.429782394
  ],
  ""type"": ""Point""
}",-83.143580894,42.429782394
12222,9768786,I-94,LINWOOD,2016-06-20,20,6,2016,20,2,1,1,,1,1,,1,1,1,55,3,1,4,3,0,0,1,1,false,,false,false,false,false,false,,,,,,false,false,false,,,false,false,false,false,false,-83.09406,42.35169,"{
  ""coordinates"": [
    -8.309406611299990e+01,
    4.235168758900010e+01
  ],
  ""type"": ""Point""
}","{
  ""coordinates"": [
    -83.094066113,
    42.351687589
  ],
  ""type"": ""Point""
}",-83.0940661129999,42.3516875890001
12223,9768787,RAMP 047D,S I 75,2016-06-20,20,6,2016,21,2,8,1,,1,0,,1,1,3,55,2,2,2,4,0,0,0,1,false,,false,false,true,false,false,,,,,,false,false,false,,,false,false,false,false,false,-83.08216,42.41137,"{
  ""coordinates"": [
    -8.308215985699999e+01,
    4.241137346100000e+01
  ],
  ""type"": ""Point""
}","{
  ""coordinates"": [
    -83.082159857,
    42.411373461
  ],
  ""type"": ""Point""
}",-83.082159857,42.411373461
12224,9737689,HOWARD,SIXTH,2016-06-20,20,6,2016,12,2,4,9,,4,0,,1,1,1,15,3,2,0,5,0,0,0,0,true,,false,false,true,false,false,,,,,,false,false,false,,,false,false,false,false,false,-83.0592,42.3279,"{
  ""coordinates"": [
    -8.305920127000000e+01,
    4.232790482500010e+01
  ],
  ""type"": ""Point""
}","{
  ""coordinates"": [
    -83.05920127,
    42.327904825
  ],
  ""type"": ""Point""
}",-83.05920127,42.3279048250001
12225,9750531,RAMP 108B,S M 10,2016-06-20,20,6,2016,8,2,5,3,,1,0,,1,1,1,55,3,2,1,5,0,0,0,0,true,,false,false,false,false,false,,,,,,false,false,false,,,false,false,false,false,false,-83.12302,42.40495,"{
  ""coordinates"": [
    -8.312301721900000e+01,
    4.240495307000000e+01
  ],
  ""type"": ""Point""
}","{
  ""coordinates"": [
    -83.123017219,
    42.40495307
  ],
  ""type"": ""Point""
}",-83.123017219,42.40495307
12226,9730854,MCGRAW,WYOMING,2016-06-20,20,6,2016,17,2,5,3,,4,0,,1,1,1,35,5,2,2,4,0,0,0,1,false,,false,false,false,false,false,,,,,,false,false,true,,,false,false,false,false,false,-83.15488,42.32997,"{
  ""coordinates"": [
    -8.315487821399999e+01,
    4.232997205400010e+01
  ],
  ""type"": ""Point""
}","{
  ""coordinates"": [
    -83.154878214,
    42.329972054
  ],
  ""type"": ""Point""
}",-83.154878214,42.3299720540001
12227,9863498,TOLEDO,CAMPBELL,2016-06-20,20,6,2016,8,2,8,9,,4,0,,1,1,1,35,4,2,3,5,0,0,0,0,true,,false,false,false,false,false,,,,,,false,false,false,,,false,false,false,false,false,-83.10604,42.32013,"{
  ""coordinates"": [
    -8.310604411199991e+01,
    4.232012762600000e+01
  ],
  ""type"": ""Point""
}","{
  ""coordinates"": [
    -83.106044112,
    42.320127626
  ],
  ""type"": ""Point""
}",-83.1060441119999,42.320127626
12228,9728123,GRAND RIVER,WORMER,2016-06-19,19,6,2016,15,1,7,3,,1,0,,1,1,1,35,4,3,4,5,0,0,0,0,true,,false,false,true,false,false,,,,,,false,false,false,,,false,false,false,false,false,-83.27985,42.42521,"{
  ""coordinates"": [
    -8.327985186699991e+01,
    4.242521046500010e+01
  ],
  ""type"": ""Point""
}","{
  ""coordinates"": [
    -83.279851867,
    42.425210465
  ],
  ""type"": ""Point""
}",-83.2798518669999,42.4252104650001
12229,9727320,GRATIOT,LAPPIN,2016-06-19,19,6,2016,19,1,5,3,,1,0,,1,1,1,35,6,2,2,5,0,0,0,0,true,,false,false,false,false,false,,,,,,false,false,true,,,false,false,false,false,false,-82.9764,42.43702,"{
  ""coordinates"": [
    -8.297640308099990e+01,
    4.243702332300010e+01
  ],
  ""type"": ""Point""
}","{
  ""coordinates"": [
    -82.976403081,
    42.437023323
  ],
  ""type"": ""Point""
}",-82.9764030809999,42.4370233230001
12230,9730823,S M 10,CLAIRMOUNT,2016-06-19,19,6,2016,3,1,1,3,,1,1,,1,1,4,55,3,1,1,2,0,1,0,0,false,,false,false,false,false,false,,,,,,false,false,true,,,false,false,true,false,false,-83.09048,42.37978,"{
  ""coordinates"": [
    -8.309047746700000e+01,
    4.237977733000000e+01
  ],
  ""type"": ""Point""
}","{
  ""coordinates"": [
    -83.090477467,
    42.37977733
  ],
  ""type"": ""Point""
}",-83.090477467,42.37977733
12231,9728958,FENELON,HILDALE,2016-06-19,19,6,2016,1,1,8,9,,,0,,1,1,4,25,2,2,2,5,0,0,0,0,true,,false,false,false,false,false,,,,,,false,false,false,,,false,false,false,false,false,-83.05317,42.43,"{
  ""coordinates"": [
    -8.305317243699990e+01,
    4.242999465000000e+01
  ],
  ""type"": ""Point""
}","{
  ""coordinates"": [
    -83.053172437,
    42.42999465
  ],
  ""type"": ""Point""
}",-83.0531724369999,42.42999465
12232,9727274,SCHAEFER,JOY,2016-06-19,19,6,2016,17,1,4,9,,4,0,,1,2,1,30,5,2,2,5,0,0,0,0,true,,true,true,true,false,false,,,,,,false,false,true,,,false,false,false,false,false,-83.17748,42.35852,"{
  ""coordinates"": [
    -8.317748599299991e+01,
    4.235851598100000e+01
  ],
  ""type"": ""Point""
}","{
  ""coordinates"": [
    -83.177485993,
    42.358515981
  ],
  ""type"": ""Point""
}",-83.1774859929999,42.358515981
12233,9728967,7 MILE,VEACH,2016-06-19,19,6,2016,12,1,1,9,,4,0,,1,1,1,30,2,1,1,5,0,0,0,0,true,,false,false,false,false,false,,,,,,false,false,false,,,false,false,false,false,false,-83.02105,42.43403,"{
  ""coordinates"": [
    -8.302104934800001e+01,
    4.243402825000000e+01
  ],
  ""type"": ""Point""
}","{
  ""coordinates"": [
    -83.021049348,
    42.43402825
  ],
  ""type"": ""Point""
}",-83.021049348,42.43402825
12234,9728141,MANSFIELD,GROVE,2016-06-19,19,6,2016,19,1,4,9,,,0,,1,1,1,25,4,2,2,5,0,0,0,0,true,,false,false,false,false,false,,,,,,false,false,false,,,false,false,false,false,false,-83.20572,42.41401,"{
  ""coordinates"": [
    -8.320571903000000e+01,
    4.241401033900010e+01
  ],
  ""type"": ""Point""
}","{
  ""coordinates"": [
    -83.20571903,
    42.414010339
  ],
  ""type"": ""Point""
}",-83.20571903,42.4140103390001
12235,9732016,S I 75,NORFOLK SOUTHERN RAILWAY,2016-06-19,19,6,2016,18,1,8,1,,1,0,,1,2,1,70,4,3,7,5,0,0,0,0,true,,false,false,false,false,false,,,,,,false,false,false,,,false,false,false,false,false,-83.12727,42.29427,"{
  ""coordinates"": [
    -8.312727251000000e+01,
    4.229426472300000e+01
  ],
  ""type"": ""Point""
}","{
  ""coordinates"": [
    -83.12727251,
    42.294264723
  ],
  ""type"": ""Point""
}",-83.12727251,42.294264723
12236,9728132,I94,VAN DYKE,2016-06-19,19,6,2016,19,1,5,1,,1,0,,1,1,1,65,3,2,4,5,0,0,0,0,true,,false,false,true,false,false,,,,,,false,false,false,,,false,false,false,false,false,-83.02085,42.38606,"{
  ""coordinates"": [
    -8.302085260299999e+01,
    4.238606212100010e+01
  ],
  ""type"": ""Point""
}","{
  ""coordinates"": [
    -83.020852603,
    42.386062121
  ],
  ""type"": ""Point""
}",-83.020852603,42.3860621210001
12237,9728961,DAVIDSON,CONANT,2016-06-19,19,6,2016,3,1,8,3,,4,0,,1,1,4,35,2,2,2,5,0,0,0,0,true,,false,false,true,false,false,,,,,,false,false,false,,,false,false,false,false,false,-83.06115,42.41565,"{
  ""coordinates"": [
    -8.306114974699990e+01,
    4.241564429000000e+01
  ],
  ""type"": ""Point""
}","{
  ""coordinates"": [
    -83.061149747,
    42.41564429
  ],
  ""type"": ""Point""
}",-83.0611497469999,42.41564429
12238,9729968,SCHAEFER,DEACON,2016-06-19,19,6,2016,12,1,6,9,,2,0,,1,1,1,30,2,2,1,5,0,0,0,0,true,,false,false,true,false,false,,,,,,false,true,false,,,false,false,false,false,false,-83.14668,42.27549,"{
  ""coordinates"": [
    -8.314668216099990e+01,
    4.227548924500010e+01
  ],
  ""type"": ""Point""
}","{
  ""coordinates"": [
    -83.146682161,
    42.275489245
  ],
  ""type"": ""Point""
}",-83.1466821609999,42.2754892450001
12239,9727323,CLOVERDALE,EATON,2016-06-19,19,6,2016,5,1,9,9,,,0,,1,1,1,25,1,3,0,5,0,0,0,0,true,,false,false,true,false,false,,,,,,false,false,false,,,false,false,false,false,false,-83.14908,42.39794,"{
  ""coordinates"": [
    -8.314907958799991e+01,
    4.239793628400000e+01
  ],
  ""type"": ""Point""
}","{
  ""coordinates"": [
    -83.149079588,
    42.397936284
  ],
  ""type"": ""Point""
}",-83.1490795879999,42.397936284
12240,9727270,GRATIOT,E I 94,2016-06-19,19,6,2016,19,1,5,3,,1,0,,1,1,1,35,3,2,3,5,0,0,0,0,true,,false,false,true,false,false,,,,,,false,false,true,,,false,false,false,false,false,-83.00636,42.3914,"{
  ""coordinates"": [
    -8.300636548300000e+01,
    4.239139491800010e+01
  ],
  ""type"": ""Point""
}","{
  ""coordinates"": [
    -83.006365483,
    42.391394918
  ],
  ""type"": ""Point""
}",-83.006365483,42.3913949180001
12241,9727318,STATE FAIR,GRATIOT,2016-06-19,19,6,2016,2,1,2,3,,4,2,,1,1,4,30,2,2,4,4,0,0,0,1,false,,false,false,false,true,false,,,,,,false,false,false,,,false,false,false,false,false,-82.97317,42.4425,"{
  ""coordinates"": [
    -8.297317010899999e+01,
    4.244250558400010e+01
  ],
  ""type"": ""Point""
}","{
  ""coordinates"": [
    -82.973170109,
    42.442505584
  ],
  ""type"": ""Point""
}",-82.973170109,42.4425055840001
12242,9744774,I-94,VAN DYKE,2016-06-19,19,6,2016,14,1,1,1,,1,0,,1,1,1,55,3,1,1,5,0,0,0,0,true,,false,false,false,false,false,,,,,,false,false,false,,,false,false,false,false,false,-83.02483,42.38521,"{
  ""coordinates"": [
    -8.302482469300000e+01,
    4.238521057500000e+01
  ],
  ""type"": ""Point""
}","{
  ""coordinates"": [
    -83.024824693,
    42.385210575
  ],
  ""type"": ""Point""
}",-83.024824693,42.385210575
12243,9733768,E I 94,RAMP 217C,2016-06-19,19,6,2016,6,1,8,1,,1,0,,1,1,2,55,3,2,1,5,0,0,0,0,true,,false,false,true,false,false,,,,,,false,false,false,,,false,false,false,false,false,-83.04249,42.37572,"{
  ""coordinates"": [
    -8.304249139200000e+01,
    4.237571925600000e+01
  ],
  ""type"": ""Point""
}","{
  ""coordinates"": [
    -83.042491392,
    42.375719256
  ],
  ""type"": ""Point""
}",-83.042491392,42.375719256
12244,9785235,BRAMELL,KANE,2016-06-19,19,6,2016,2,1,2,9,,,2,,1,1,4,25,1,2,0,5,0,0,0,0,true,,false,false,true,false,false,,,,,,false,false,false,,,false,false,false,false,false,-83.2655,42.38932,"{
  ""coordinates"": [
    -8.326549565900000e+01,
    4.238931471500010e+01
  ],
  ""type"": ""Point""
}","{
  ""coordinates"": [
    -83.265495659,
    42.389314715
  ],
  ""type"": ""Point""
}",-83.265495659,42.3893147150001
12245,9730018,SCHAEFER,N M 10,2016-06-19,19,6,2016,2,1,5,9,,4,0,,1,1,4,0,2,2,3,5,0,0,0,0,true,,false,false,false,false,false,,,,,,false,false,true,,,false,false,false,false,false,-83.18019,42.42495,"{
  ""coordinates"": [
    -8.318019168700000e+01,
    4.242495250500010e+01
  ],
  ""type"": ""Point""
}","{
  ""coordinates"": [
    -83.180191687,
    42.424952505
  ],
  ""type"": ""Point""
}",-83.180191687,42.4249525050001
12246,9727310,BENTLER,EATON,2016-06-19,19,6,2016,3,1,5,9,,,0,,1,1,4,0,1,2,1,4,0,0,0,1,false,,false,false,false,false,false,,,,,,false,false,false,,,false,false,false,false,false,-83.25179,42.39548,"{
  ""coordinates"": [
    -8.325178629100000e+01,
    4.239548132800010e+01
  ],
  ""type"": ""Point""
}","{
  ""coordinates"": [
    -83.251786291,
    42.395481328
  ],
  ""type"": ""Point""
}",-83.251786291,42.3954813280001
12247,9734643,PLYMOUTH,PIERSON,2016-06-19,19,6,2016,17,1,3,9,,4,0,,1,1,1,35,7,2,3,4,0,0,0,2,false,,false,false,false,false,false,,,,,,false,false,false,,,false,false,false,false,false,-83.24497,42.37185,"{
  ""coordinates"": [
    -8.324497484599991e+01,
    4.237184367500000e+01
  ],
  ""type"": ""Point""
}","{
  ""coordinates"": [
    -83.244974846,
    42.371843675
  ],
  ""type"": ""Point""
}",-83.2449748459999,42.371843675
12248,9727276,1609 CAVALRY,CADET,2016-06-19,19,6,2016,2,1,9,9,,,0,,1,1,4,25,1,2,0,5,0,0,0,0,true,,false,false,false,false,false,,,,,,false,true,false,,,false,false,false,false,false,-83.1049,42.31521,"{
  ""coordinates"": [
    -8.310490312199990e+01,
    4.231521395300010e+01
  ],
  ""type"": ""Point""
}","{
  ""coordinates"": [
    -83.104903122,
    42.315213953
  ],
  ""type"": ""Point""
}",-83.1049031219999,42.3152139530001
12249,9727293,VERNOR,LIVERNOIS,2016-06-19,19,6,2016,13,1,5,9,,4,0,,1,2,1,30,4,2,4,5,0,0,0,0,true,,false,false,false,false,false,,,,,,false,false,false,,,false,false,false,false,false,-83.10991,42.31561,"{
  ""coordinates"": [
    -8.310991146800001e+01,
    4.231561429900010e+01
  ],
  ""type"": ""Point""
}","{
  ""coordinates"": [
    -83.109911468,
    42.315614299
  ],
  ""type"": ""Point""
}",-83.109911468,42.3156142990001
12250,9735556,CLOVERDALE,CHALFONTE,2016-06-19,19,6,2016,5,1,98,9,,,0,,1,1,2,0,1,2,99,5,0,0,0,0,true,,false,false,true,false,false,,,,,,false,true,false,,,false,false,false,false,false,-83.14914,42.39931,"{
  ""coordinates"": [
    -8.314913720600001e+01,
    4.239931467400000e+01
  ],
  ""type"": ""Point""
}","{
  ""coordinates"": [
    -83.149137206,
    42.399314674
  ],
  ""type"": ""Point""
}",-83.149137206,42.399314674
12251,9729953,I-75,SPRINGWELLS,2016-06-19,19,6,2016,7,1,5,1,,1,0,,1,1,2,55,4,2,2,5,0,0,0,0,true,,false,false,false,false,false,,,,,,false,false,false,,,false,false,false,false,false,-83.11675,42.30259,"{
  ""coordinates"": [
    -8.311675154999990e+01,
    4.230258763100010e+01
  ],
  ""type"": ""Point""
}","{
  ""coordinates"": [
    -83.11675155,
    42.302587631
  ],
  ""type"": ""Point""
}",-83.1167515499999,42.3025876310001
12252,9730838,RAMP 008P,W I 96,2016-06-19,19,6,2016,18,1,1,1,,1,1,,1,1,1,70,1,1,1,4,0,0,0,1,false,,false,false,false,false,false,,,,,,false,false,false,,,false,false,false,false,false,-83.21687,42.3788,"{
  ""coordinates"": [
    -8.321686183799990e+01,
    4.237880017000000e+01
  ],
  ""type"": ""Point""
}","{
  ""coordinates"": [
    -83.216861838,
    42.37880017
  ],
  ""type"": ""Point""
}",-83.2168618379999,42.37880017
12253,9727321,7 MILE,GRATIOT,2016-06-19,19,6,2016,12,1,8,3,,2,0,,1,1,1,35,2,2,2,5,0,0,0,0,true,,false,false,false,false,false,,,,,,false,true,true,,,false,false,false,false,false,-82.97751,42.43508,"{
  ""coordinates"": [
    -8.297751133400000e+01,
    4.243507968900010e+01
  ],
  ""type"": ""Point""
}","{
  ""coordinates"": [
    -82.977511334,
    42.435079689
  ],
  ""type"": ""Point""
}",-82.977511334,42.4350796890001