ObjectId,Crash ID,Primary Road,Intersecting Road,Crash Date,Day,Month,Year,Hour,Weekday,Crash Type Code,Highway Classification Code,Community Code,Jurisdiction Code,Lane Departure Type Code,Surface Type,Road Condition,Weather Condition,Lighting Condition,Speed Limit,Lanes,Units,Occupants,Most Severe Injury,Fatal Injuries,Suspected Serious Injuries,Suspected Minor Injuries,Possible Injuries,Property Damage Only,Secondary Crash,Traffic Control,Red Light Run,Hit and Run,Alcohol,Drugs,Unbelted Person,Work Zone,Speeding Driver,Distracted Driver,Driveway,Pedestrian,Elderly Driver,Young Driver,Commercial Vehicle,Emergency Vehicles,Train,School Bus,Motorcycle,Bicycle,Deer,Longitude,Latitude,geom,geog,x,y
12367,9739038,ASHTON,PICKFORD,2016-06-17,17,6,2016,15,6,2,9,,,0,,1,1,1,0,2,2,1,5,0,0,0,0,true,,false,false,false,false,false,,,,,,false,false,false,,,false,false,false,false,false,-83.22028,42.42476,"{
  ""coordinates"": [
    -8.322027997600000e+01,
    4.242476134100010e+01
  ],
  ""type"": ""Point""
}","{
  ""coordinates"": [
    -83.220279976,
    42.424761341
  ],
  ""type"": ""Point""
}",-83.220279976,42.4247613410001
12368,9727307,HENDRIE,JOS CAMPAU,2016-06-17,17,6,2016,14,6,4,9,,,0,,1,1,1,25,1,2,3,3,0,0,1,0,false,,true,false,false,false,false,,,,,,false,false,false,,,false,false,false,false,false,-83.04192,42.37305,"{
  ""coordinates"": [
    -8.304192403300000e+01,
    4.237305007700010e+01
  ],
  ""type"": ""Point""
}","{
  ""coordinates"": [
    -83.041924033,
    42.373050077
  ],
  ""type"": ""Point""
}",-83.041924033,42.3730500770001
12369,9726315,STATE FAIR,HANNA,2016-06-17,17,6,2016,12,6,4,9,,4,0,,1,1,1,30,4,2,2,5,0,0,0,0,true,,false,false,false,false,false,,,,,,false,false,false,,,false,false,false,false,false,-83.08994,42.4399,"{
  ""coordinates"": [
    -8.308993531199999e+01,
    4.243989646500010e+01
  ],
  ""type"": ""Point""
}","{
  ""coordinates"": [
    -83.089935312,
    42.439896465
  ],
  ""type"": ""Point""
}",-83.089935312,42.4398964650001
12370,9728966,GRAND RIVER,GRAND,2016-06-17,17,6,2016,2,6,8,3,,1,0,,1,1,4,35,3,2,2,3,0,0,1,1,false,,false,false,true,false,false,,,,,,false,false,true,,,false,false,false,false,false,-83.10941,42.3568,"{
  ""coordinates"": [
    -8.310941537600000e+01,
    4.235680109700010e+01
  ],
  ""type"": ""Point""
}","{
  ""coordinates"": [
    -83.109415376,
    42.356801097
  ],
  ""type"": ""Point""
}",-83.109415376,42.3568010970001
12371,9727326,SAINT MARTINS,LESURE,2016-06-17,17,6,2016,9,6,4,9,,,0,,1,1,1,25,2,2,2,5,0,0,0,0,true,,false,false,true,false,false,,,,,,false,false,false,,,false,false,false,false,false,-83.18322,42.43635,"{
  ""coordinates"": [
    -8.318322035700000e+01,
    4.243634816600010e+01
  ],
  ""type"": ""Point""
}","{
  ""coordinates"": [
    -83.183220357,
    42.436348166
  ],
  ""type"": ""Point""
}",-83.183220357,42.4363481660001
12372,9727272,RANDOLPH,CONGRESS,2016-06-17,17,6,2016,19,6,3,3,,1,0,,1,1,1,25,4,2,2,5,0,0,0,0,true,,false,false,false,false,false,,,,,,false,false,true,,,false,false,false,false,false,-83.0433,42.33123,"{
  ""coordinates"": [
    -8.304329768900000e+01,
    4.233122606400010e+01
  ],
  ""type"": ""Point""
}","{
  ""coordinates"": [
    -83.043297689,
    42.331226064
  ],
  ""type"": ""Point""
}",-83.043297689,42.3312260640001
12373,9726293,STOUT,HESSEL,2016-06-17,17,6,2016,23,6,97,9,,,0,,1,1,4,25,4,3,2,4,0,0,0,1,false,,false,false,false,false,false,,,,,,false,false,true,,,false,false,false,false,false,-83.24419,42.44177,"{
  ""coordinates"": [
    -8.324419398899990e+01,
    4.244176676400010e+01
  ],
  ""type"": ""Point""
}","{
  ""coordinates"": [
    -83.244193989,
    42.441766764
  ],
  ""type"": ""Point""
}",-83.2441939889999,42.4417667640001
12374,9726265,S I 75 SERVICE DRIVE,CLIFFORD,2016-06-17,17,6,2016,15,6,4,9,,4,0,,1,1,1,25,2,2,2,5,0,0,0,0,true,,false,false,true,false,false,,,,,,false,false,false,,,false,false,false,false,false,-83.05619,42.33882,"{
  ""coordinates"": [
    -8.305619369199999e+01,
    4.233882198400000e+01
  ],
  ""type"": ""Point""
}","{
  ""coordinates"": [
    -83.056193692,
    42.338821984
  ],
  ""type"": ""Point""
}",-83.056193692,42.338821984
12375,9730825,N M 39,GRAND RIVER,2016-06-17,17,6,2016,23,6,1,3,,1,0,,1,1,4,55,3,1,1,5,0,0,0,0,true,,false,false,false,false,false,,,,,,false,false,false,,,false,false,false,false,false,-83.21819,42.40046,"{
  ""coordinates"": [
    -8.321819494399990e+01,
    4.240046144400000e+01
  ],
  ""type"": ""Point""
}","{
  ""coordinates"": [
    -83.218194944,
    42.400461444
  ],
  ""type"": ""Point""
}",-83.2181949439999,42.400461444
12376,9726309,PHILADELPHIA,QUINCY,2016-06-17,17,6,2016,16,6,4,9,,,0,,1,1,1,25,2,2,3,4,0,0,0,2,false,,false,false,false,false,false,,,,,,false,false,true,,,false,false,false,false,false,-83.12102,42.36199,"{
  ""coordinates"": [
    -8.312101815900000e+01,
    4.236198818300010e+01
  ],
  ""type"": ""Point""
}","{
  ""coordinates"": [
    -83.121018159,
    42.361988183
  ],
  ""type"": ""Point""
}",-83.121018159,42.3619881830001
12377,9726273,HANSON,LIVERNOIS,2016-06-17,17,6,2016,19,6,5,9,,,0,,1,1,1,0,2,2,4,5,0,0,0,0,true,,false,false,true,false,false,,,,,,false,false,true,,,false,false,false,false,false,-83.12597,42.33844,"{
  ""coordinates"": [
    -8.312596888900001e+01,
    4.233844147200010e+01
  ],
  ""type"": ""Point""
}","{
  ""coordinates"": [
    -83.125968889,
    42.338441472
  ],
  ""type"": ""Point""
}",-83.125968889,42.3384414720001
12378,9735542,GREYDALE,CLARITA,2016-06-17,17,6,2016,19,6,5,9,,,0,,1,1,1,25,2,2,2,4,0,0,0,1,false,,false,false,false,false,false,,,,,,false,false,false,,,false,false,false,false,false,-83.25696,42.42692,"{
  ""coordinates"": [
    -8.325695641700000e+01,
    4.242692345500010e+01
  ],
  ""type"": ""Point""
}","{
  ""coordinates"": [
    -83.256956417,
    42.426923455
  ],
  ""type"": ""Point""
}",-83.256956417,42.4269234550001
12379,9729948,I-75,OUTER,2016-06-17,17,6,2016,16,6,5,1,,1,0,,1,1,1,70,3,2,2,5,0,0,0,0,true,,false,false,false,false,false,,,,,,false,false,true,,,false,false,false,false,false,-83.09521,42.44112,"{
  ""coordinates"": [
    -8.309521719999999e+01,
    4.244112019700000e+01
  ],
  ""type"": ""Point""
}","{
  ""coordinates"": [
    -83.0952172,
    42.441120197
  ],
  ""type"": ""Point""
}",-83.0952172,42.441120197
12380,9729971,JEFFERSON,GRAND,2016-06-17,17,6,2016,15,6,5,3,,4,0,,1,1,1,35,2,2,2,5,0,0,0,0,true,,false,false,false,false,false,,,,,,false,false,false,,,false,false,false,false,false,-83.00168,42.347,"{
  ""coordinates"": [
    -8.300167968499990e+01,
    4.234699827100010e+01
  ],
  ""type"": ""Point""
}","{
  ""coordinates"": [
    -83.001679685,
    42.346998271
  ],
  ""type"": ""Point""
}",-83.0016796849999,42.3469982710001
12381,9726303,OAKMAN,DAVISON,2016-06-17,17,6,2016,17,6,5,3,,4,0,,1,1,1,30,6,2,2,5,0,0,0,0,true,,false,false,false,false,false,,,,,,false,false,false,,,false,false,false,false,false,-83.14391,42.38627,"{
  ""coordinates"": [
    -8.314390274199999e+01,
    4.238627179300000e+01
  ],
  ""type"": ""Point""
}","{
  ""coordinates"": [
    -83.143902742,
    42.386271793
  ],
  ""type"": ""Point""
}",-83.143902742,42.386271793
12382,9736450,WILDEMERE,WAVERLY,2016-06-17,17,6,2016,9,6,5,9,,,0,,1,1,1,25,2,2,3,5,0,0,0,0,true,,false,false,true,false,false,,,,,,false,false,false,,,false,false,false,false,false,-83.12688,42.3902,"{
  ""coordinates"": [
    -8.312687974399999e+01,
    4.239020135600000e+01
  ],
  ""type"": ""Point""
}","{
  ""coordinates"": [
    -83.126879744,
    42.390201356
  ],
  ""type"": ""Point""
}",-83.126879744,42.390201356
12383,9727334,MENDOTA,7 MILE,2016-06-17,17,6,2016,13,6,4,9,,,0,,1,1,1,30,4,2,2,3,0,0,1,0,false,,false,false,false,false,false,,,,,,false,false,true,,,false,false,true,false,false,-83.16644,42.43129,"{
  ""coordinates"": [
    -8.316643375900000e+01,
    4.243129028600000e+01
  ],
  ""type"": ""Point""
}","{
  ""coordinates"": [
    -83.166433759,
    42.431290286
  ],
  ""type"": ""Point""
}",-83.166433759,42.431290286
12384,9727305,VERNOR,JOS CAMPAU,2016-06-17,17,6,2016,11,6,5,9,,4,0,,1,1,1,30,4,3,3,5,0,0,0,0,true,,false,false,false,false,false,,,,,,false,false,true,,,false,false,false,false,false,-83.02742,42.35112,"{
  ""coordinates"": [
    -8.302742242600000e+01,
    4.235112468900010e+01
  ],
  ""type"": ""Point""
}","{
  ""coordinates"": [
    -83.027422426,
    42.351124689
  ],
  ""type"": ""Point""
}",-83.027422426,42.3511246890001
12385,9729975,PURITAN,LITTLEFIELD,2016-06-17,17,6,2016,8,6,4,9,,4,0,,1,1,1,0,2,2,4,5,0,0,0,0,true,,true,false,true,false,false,,,,,,false,false,false,,,false,false,false,false,false,-83.17625,42.40942,"{
  ""coordinates"": [
    -8.317625075099990e+01,
    4.240941533800000e+01
  ],
  ""type"": ""Point""
}","{
  ""coordinates"": [
    -83.176250751,
    42.409415338
  ],
  ""type"": ""Point""
}",-83.1762507509999,42.409415338
12386,9726323,MT ELLIOTT,HUBER,2016-06-17,17,6,2016,15,6,4,9,,4,0,,1,1,1,0,4,2,2,5,0,0,0,0,true,,false,false,false,false,false,,,,,,false,false,false,,,false,false,false,false,false,-83.03757,42.39735,"{
  ""coordinates"": [
    -8.303756932899999e+01,
    4.239734723500000e+01
  ],
  ""type"": ""Point""
}","{
  ""coordinates"": [
    -83.037569329,
    42.397347235
  ],
  ""type"": ""Point""
}",-83.037569329,42.397347235
12387,9730839,W I 96 CD,SCHAEFER,2016-06-17,17,6,2016,22,6,1,1,,1,1,,1,1,5,55,3,1,1,3,0,0,1,0,false,,false,false,false,false,false,,,,,,false,false,false,,,false,false,true,false,false,-83.17818,42.38353,"{
  ""coordinates"": [
    -8.317817518500000e+01,
    4.238353214700000e+01
  ],
  ""type"": ""Point""
}","{
  ""coordinates"": [
    -83.178175185,
    42.383532147
  ],
  ""type"": ""Point""
}",-83.178175185,42.383532147
12388,9726291,WOODBINE,MCNICHOLS,2016-06-17,17,6,2016,15,6,4,9,,,0,,1,1,1,35,4,2,2,4,0,0,0,1,false,,false,false,false,false,false,,,,,,false,false,true,,,false,false,false,false,false,-83.27831,42.41452,"{
  ""coordinates"": [
    -8.327831125099991e+01,
    4.241452276400000e+01
  ],
  ""type"": ""Point""
}","{
  ""coordinates"": [
    -83.278311251,
    42.414522764
  ],
  ""type"": ""Point""
}",-83.2783112509999,42.414522764
12389,9726263,W I 96 SERVICE DRIVE,GRAND RIVER,2016-06-17,17,6,2016,12,6,5,1,,1,0,,1,1,1,35,6,2,2,5,0,0,0,0,true,,false,false,false,false,false,,,,,,false,true,false,,,false,false,false,false,false,-83.17706,42.3841,"{
  ""coordinates"": [
    -8.317705640000000e+01,
    4.238409672300000e+01
  ],
  ""type"": ""Point""
}","{
  ""coordinates"": [
    -83.1770564,
    42.384096723
  ],
  ""type"": ""Point""
}",-83.1770564,42.384096723
12390,9726271,CENTRAL,DIX,2016-06-17,17,6,2016,15,6,5,9,,4,0,,1,1,1,25,2,2,1,5,0,0,0,0,true,,false,false,true,false,false,,,,,,false,false,true,,,false,false,false,false,false,-83.12743,42.31696,"{
  ""coordinates"": [
    -8.312743730400000e+01,
    4.231696075700010e+01
  ],
  ""type"": ""Point""
}","{
  ""coordinates"": [
    -83.127437304,
    42.316960757
  ],
  ""type"": ""Point""
}",-83.127437304,42.3169607570001
12391,9768675,I-96,SORRENTO,2016-06-17,17,6,2016,20,6,1,9,,4,0,,1,1,1,70,3,1,1,5,0,0,0,0,true,,false,false,false,false,false,,,,,,false,false,false,,,false,false,false,false,false,-83.17222,42.38392,"{
  ""coordinates"": [
    -8.317221626199991e+01,
    4.238392277400000e+01
  ],
  ""type"": ""Point""
}","{
  ""coordinates"": [
    -83.172216262,
    42.383922774
  ],
  ""type"": ""Point""
}",-83.1722162619999,42.383922774
12392,9726307,WOODROW WILSON,BOSTON,2016-06-17,17,6,2016,17,6,98,9,,4,0,,1,1,1,25,2,2,2,5,0,0,0,0,true,,false,false,false,false,false,,,,,,false,false,true,,,false,false,false,false,false,-83.09959,42.38188,"{
  ""coordinates"": [
    -8.309958805799990e+01,
    4.238188333700000e+01
  ],
  ""type"": ""Point""
}","{
  ""coordinates"": [
    -83.099588058,
    42.381883337
  ],
  ""type"": ""Point""
}",-83.0995880579999,42.381883337
12393,9726300,HAYES,CORBETT,2016-06-17,17,6,2016,18,6,4,9,,4,0,,1,1,1,30,2,2,2,5,0,0,0,0,true,,false,false,true,false,false,,,,,,false,false,false,,,false,false,false,false,false,-82.96452,42.40918,"{
  ""coordinates"": [
    -8.296451822099991e+01,
    4.240917872100000e+01
  ],
  ""type"": ""Point""
}","{
  ""coordinates"": [
    -82.964518221,
    42.409178721
  ],
  ""type"": ""Point""
}",-82.9645182209999,42.409178721
12394,9729972,BALFOUR,CASINO,2016-06-17,17,6,2016,5,6,8,9,,,0,,1,1,2,25,2,2,0,5,0,0,0,0,true,,false,false,true,false,false,,,,,,false,false,false,,,false,false,false,false,false,-82.94136,42.42488,"{
  ""coordinates"": [
    -8.294136012099990e+01,
    4.242488108900010e+01
  ],
  ""type"": ""Point""
}","{
  ""coordinates"": [
    -82.941360121,
    42.424881089
  ],
  ""type"": ""Point""
}",-82.9413601209999,42.4248810890001
12395,9726289,GRATIOT,MACK,2016-06-17,17,6,2016,12,6,5,3,,1,0,,1,1,1,40,3,2,2,5,0,0,0,0,true,,false,false,true,false,false,,,,,,false,false,false,,,false,false,false,false,false,-83.02768,42.35915,"{
  ""coordinates"": [
    -8.302767848500000e+01,
    4.235914859900000e+01
  ],
  ""type"": ""Point""
}","{
  ""coordinates"": [
    -83.027678485,
    42.359148599
  ],
  ""type"": ""Point""
}",-83.027678485,42.359148599
12396,9732962,CONNER,COLLEGE,2016-06-17,17,6,2016,1,6,4,9,,4,0,,1,1,4,25,5,2,4,5,0,0,0,0,true,,false,false,false,false,false,,,,,,false,false,false,,,false,false,false,false,false,-83.00806,42.41351,"{
  ""coordinates"": [
    -8.300805522300000e+01,
    4.241350998000010e+01
  ],
  ""type"": ""Point""
}","{
  ""coordinates"": [
    -83.008055223,
    42.41350998
  ],
  ""type"": ""Point""
}",-83.008055223,42.4135099800001
12397,9726277,SOUTHFIELD SERVICE DRIVE,PLYMOUTH,2016-06-17,17,6,2016,14,6,8,9,,4,0,,1,1,1,35,2,2,2,5,0,0,0,0,true,,false,false,false,false,false,,,,,,false,false,false,,,false,false,false,false,false,-83.21707,42.37197,"{
  ""coordinates"": [
    -8.321707135600001e+01,
    4.237197507800000e+01
  ],
  ""type"": ""Point""
}","{
  ""coordinates"": [
    -83.217071356,
    42.371975078
  ],
  ""type"": ""Point""
}",-83.217071356,42.371975078
12398,9727332,SEVEN MILE,LIVERNOIS,2016-06-17,17,6,2016,3,6,5,9,,2,0,,1,1,4,0,4,2,3,5,0,0,0,0,true,,false,false,false,false,false,,,,,,false,false,false,,,false,false,false,false,false,-83.1414,42.43161,"{
  ""coordinates"": [
    -8.314140320599989e+01,
    4.243160659400010e+01
  ],
  ""type"": ""Point""
}","{
  ""coordinates"": [
    -83.141403206,
    42.431606594
  ],
  ""type"": ""Point""
}",-83.1414032059999,42.4316065940001
12399,9729951,N M 39,SCHOOLCRAFT,2016-06-17,17,6,2016,16,6,5,3,,1,0,,1,1,1,55,3,2,2,5,0,0,0,0,true,,false,false,false,false,false,,,,,,false,false,true,,,false,false,false,false,false,-83.21756,42.38712,"{
  ""coordinates"": [
    -8.321755875600000e+01,
    4.238711621500000e+01
  ],
  ""type"": ""Point""
}","{
  ""coordinates"": [
    -83.217558756,
    42.387116215
  ],
  ""type"": ""Point""
}",-83.217558756,42.387116215
12400,9729967,EUCLID,S M 10,2016-06-17,17,6,2016,11,6,10,9,,4,0,,1,1,1,30,4,2,2,5,0,0,0,0,true,,false,false,false,false,false,,,,,,false,true,false,,,false,false,false,false,false,-83.0865,42.37398,"{
  ""coordinates"": [
    -8.308650500999990e+01,
    4.237398075600000e+01
  ],
  ""type"": ""Point""
}","{
  ""coordinates"": [
    -83.08650501,
    42.373980756
  ],
  ""type"": ""Point""
}",-83.0865050099999,42.373980756
12401,9726259,TURNER,CHICAGO,2016-06-17,17,6,2016,20,6,4,9,,4,0,,1,1,4,25,2,2,3,3,0,0,1,1,false,,true,true,false,false,false,,,,,,false,false,false,,,false,false,false,false,false,-83.14007,42.36732,"{
  ""coordinates"": [
    -8.314007143399991e+01,
    4.236731793100010e+01
  ],
  ""type"": ""Point""
}","{
  ""coordinates"": [
    -83.140071434,
    42.367317931
  ],
  ""type"": ""Point""
}",-83.1400714339999,42.3673179310001
12402,9729947,I-75,SCHAEFER,2016-06-17,17,6,2016,14,6,8,1,,1,0,,1,1,1,70,4,2,2,5,0,0,0,0,true,,false,false,false,false,false,,,,,,false,false,false,,,false,false,false,false,false,-83.15561,42.27736,"{
  ""coordinates"": [
    -8.315561120599990e+01,
    4.227735816400010e+01
  ],
  ""type"": ""Point""
}","{
  ""coordinates"": [
    -83.155611206,
    42.277358164
  ],
  ""type"": ""Point""
}",-83.1556112059999,42.2773581640001
12403,9726308,JOY,HOWELL,2016-06-17,17,6,2016,14,6,4,9,,4,0,,1,1,1,30,2,2,2,4,0,0,0,1,false,,false,false,false,false,false,,,,,,false,true,true,,,false,false,false,false,false,-83.13678,42.3603,"{
  ""coordinates"": [
    -8.313678170100000e+01,
    4.236030252000010e+01
  ],
  ""type"": ""Point""
}","{
  ""coordinates"": [
    -83.136781701,
    42.36030252
  ],
  ""type"": ""Point""
}",-83.136781701,42.3603025200001
12404,9726270,LIVERNOIS,I 94 SERVICE,2016-06-17,17,6,2016,19,6,5,1,,4,0,,1,1,1,0,7,3,1,5,0,0,0,0,true,,false,false,true,false,false,,,,,,false,false,false,,,false,false,false,false,false,-83.12528,42.33792,"{
  ""coordinates"": [
    -8.312528225900000e+01,
    4.233792276000000e+01
  ],
  ""type"": ""Point""
}","{
  ""coordinates"": [
    -83.125282259,
    42.33792276
  ],
  ""type"": ""Point""
}",-83.125282259,42.33792276
12405,9728941,MARTIN LUTHER KING JR,24TH,2016-06-17,17,6,2016,23,6,4,9,,4,0,,1,1,4,35,4,2,2,5,0,0,0,0,true,,false,false,false,false,false,,,,,,false,false,false,,,false,false,false,false,false,-83.0943,42.3349,"{
  ""coordinates"": [
    -8.309429623800000e+01,
    4.233489968100000e+01
  ],
  ""type"": ""Point""
}","{
  ""coordinates"": [
    -83.094296238,
    42.334899681
  ],
  ""type"": ""Point""
}",-83.094296238,42.334899681
12406,9768732,I-96,HUBBELL,2016-06-16,16,6,2016,19,5,5,1,,1,0,,2,2,1,70,3,2,1,5,0,0,0,0,true,,false,false,true,false,false,,,,,,false,true,false,,,false,false,false,false,false,-83.18778,42.38078,"{
  ""coordinates"": [
    -8.318778556800000e+01,
    4.238078203600000e+01
  ],
  ""type"": ""Point""
}","{
  ""coordinates"": [
    -83.187785568,
    42.380782036
  ],
  ""type"": ""Point""
}",-83.187785568,42.380782036
12407,9724925,GREENFIELD,BELTON,2016-06-16,16,6,2016,18,5,9,9,,2,2,,2,4,1,0,4,2,1,4,0,0,0,1,false,,false,false,true,false,false,,,,,,false,true,false,,,false,false,false,false,false,-83.19673,42.3532,"{
  ""coordinates"": [
    -8.319673106800001e+01,
    4.235319473400010e+01
  ],
  ""type"": ""Point""
}","{
  ""coordinates"": [
    -83.196731068,
    42.353194734
  ],
  ""type"": ""Point""
}",-83.196731068,42.3531947340001
12408,9727285,ROSA PARKS,WARREN,2016-06-16,16,6,2016,17,5,98,9,,4,0,,2,4,3,30,4,2,4,5,0,0,0,0,true,,false,false,false,false,false,,,,,,false,false,false,,,false,false,false,false,false,-83.08298,42.35074,"{
  ""coordinates"": [
    -8.308298392400000e+01,
    4.235074393900000e+01
  ],
  ""type"": ""Point""
}","{
  ""coordinates"": [
    -83.082983924,
    42.350743939
  ],
  ""type"": ""Point""
}",-83.082983924,42.350743939
12409,9724948,GRATIOT,MCCLELLAN,2016-06-16,16,6,2016,13,5,5,3,,1,0,,2,2,1,35,7,2,4,5,0,0,0,0,true,,false,false,false,false,false,,,,,,false,false,true,,,false,false,false,false,false,-83.00698,42.39047,"{
  ""coordinates"": [
    -8.300698072199999e+01,
    4.239046911600010e+01
  ],
  ""type"": ""Point""
}","{
  ""coordinates"": [
    -83.006980722,
    42.390469116
  ],
  ""type"": ""Point""
}",-83.006980722,42.3904691160001
12410,9724938,TELEGRAPH,MCNICHOLS,2016-06-16,16,6,2016,16,5,97,2,,1,0,,2,2,1,45,6,2,1,5,0,0,0,0,true,,false,false,true,false,false,,,,,,false,false,false,,,false,false,false,false,false,-83.2774,42.41459,"{
  ""coordinates"": [
    -8.327740102800000e+01,
    4.241458679900010e+01
  ],
  ""type"": ""Point""
}","{
  ""coordinates"": [
    -83.277401028,
    42.414586799
  ],
  ""type"": ""Point""
}",-83.277401028,42.4145867990001
12411,9726304,CLINTON,BEAUBIEN,2016-06-16,16,6,2016,15,5,5,9,,4,0,,98,98,98,30,1,2,2,5,0,0,0,0,true,,false,false,false,false,false,,,,,,false,false,false,,,false,false,false,false,false,-83.04333,42.33633,"{
  ""coordinates"": [
    -8.304333109500000e+01,
    4.233633170200010e+01
  ],
  ""type"": ""Point""
}","{
  ""coordinates"": [
    -83.043331095,
    42.336331702
  ],
  ""type"": ""Point""
}",-83.043331095,42.3363317020001
12412,9768701,W I 96,CSX TRANSPORTATION,2016-06-16,16,6,2016,18,5,5,1,,1,0,,2,4,1,55,3,2,2,5,0,0,0,0,true,,false,false,false,false,false,,,,,,false,false,false,,,false,false,false,false,false,-83.23265,42.3784,"{
  ""coordinates"": [
    -8.323265309000000e+01,
    4.237840170500000e+01
  ],
  ""type"": ""Point""
}","{
  ""coordinates"": [
    -83.23265309,
    42.378401705
  ],
  ""type"": ""Point""
}",-83.23265309,42.378401705
12413,9727297,MICHIGAN,BURTON,2016-06-16,16,6,2016,10,5,5,2,,1,0,,1,2,1,35,7,2,1,4,0,0,0,1,false,,false,false,true,false,false,,,,,,false,false,false,,,false,false,false,false,false,-83.12411,42.33113,"{
  ""coordinates"": [
    -8.312410856900000e+01,
    4.233112713000000e+01
  ],
  ""type"": ""Point""
}","{
  ""coordinates"": [
    -83.124108569,
    42.33112713
  ],
  ""type"": ""Point""
}",-83.124108569,42.33112713
12414,9724972,OUTER,RYAN,2016-06-16,16,6,2016,2,5,4,9,,2,0,,1,1,4,35,2,2,2,5,0,0,0,0,true,,false,false,false,false,false,,,,,,false,false,true,,,false,false,false,false,false,-83.0635,42.44053,"{
  ""coordinates"": [
    -8.306349877799990e+01,
    4.244053043100010e+01
  ],
  ""type"": ""Point""
}","{
  ""coordinates"": [
    -83.063498778,
    42.440530431
  ],
  ""type"": ""Point""
}",-83.0634987779999,42.4405304310001
12415,9727290,GRAND,CANADIAN NATIONAL RAILWAY,2016-06-16,16,6,2016,14,5,1,9,,4,0,,1,2,1,30,2,1,1,4,0,0,0,1,false,,false,false,false,false,false,,,,,,false,false,false,,,false,false,false,false,false,-83.10083,42.33494,"{
  ""coordinates"": [
    -8.310083302200000e+01,
    4.233493865300010e+01
  ],
  ""type"": ""Point""
}","{
  ""coordinates"": [
    -83.100833022,
    42.334938653
  ],
  ""type"": ""Point""
}",-83.100833022,42.3349386530001
12416,9743038,I-96,M-39,2016-06-16,16,6,2016,17,5,5,1,,1,0,,2,4,1,55,2,2,2,5,0,0,0,0,true,,false,false,false,false,false,,,,,,false,false,false,,,false,false,false,false,false,-83.21494,42.37867,"{
  ""coordinates"": [
    -8.321493451399991e+01,
    4.237867324600010e+01
  ],
  ""type"": ""Point""
}","{
  ""coordinates"": [
    -83.214934514,
    42.378673246
  ],
  ""type"": ""Point""
}",-83.2149345139999,42.3786732460001
12417,9724978,MEYERS,FLORENCE,2016-06-16,16,6,2016,15,5,4,9,,4,0,,1,1,1,30,2,2,2,4,0,0,0,2,false,,true,false,false,false,false,,,,,,false,false,true,,,false,false,false,false,false,-83.16987,42.4119,"{
  ""coordinates"": [
    -8.316987032400000e+01,
    4.241189663100000e+01
  ],
  ""type"": ""Point""
}","{
  ""coordinates"": [
    -83.169870324,
    42.411896631
  ],
  ""type"": ""Point""
}",-83.169870324,42.411896631
12418,9724968,RYAN,MCNICHOLS,2016-06-16,16,6,2016,11,5,5,9,,4,0,,1,1,4,25,2,2,2,5,0,0,0,0,true,,false,false,false,false,false,,,,,,false,false,true,,,false,false,false,false,false,-83.06252,42.41896,"{
  ""coordinates"": [
    -8.306252582799991e+01,
    4.241895740800000e+01
  ],
  ""type"": ""Point""
}","{
  ""coordinates"": [
    -83.062525828,
    42.418957408
  ],
  ""type"": ""Point""
}",-83.0625258279999,42.418957408
12419,9726301,7 MILE,STRASBURG,2016-06-16,16,6,2016,15,5,7,9,,4,0,,2,2,1,30,2,3,2,4,0,0,0,2,false,,false,false,true,false,false,,,,,,false,false,true,,,false,false,false,false,false,-82.99854,42.43461,"{
  ""coordinates"": [
    -8.299853410500000e+01,
    4.243460716700010e+01
  ],
  ""type"": ""Point""
}","{
  ""coordinates"": [
    -82.998534105,
    42.434607167
  ],
  ""type"": ""Point""
}",-82.998534105,42.4346071670001
12420,9724953,TELEGRAPH,RAMP 051B,2016-06-16,16,6,2016,13,5,1,2,,1,1,,2,4,1,15,1,1,2,5,0,0,0,0,true,,false,false,false,false,false,,,,,,false,false,true,,,false,false,false,false,false,-83.27837,42.44243,"{
  ""coordinates"": [
    -8.327836870100001e+01,
    4.244242970200000e+01
  ],
  ""type"": ""Point""
}","{
  ""coordinates"": [
    -83.278368701,
    42.442429702
  ],
  ""type"": ""Point""
}",-83.278368701,42.442429702
12421,9726306,PETOSKEY,COLLINGWOOD,2016-06-16,16,6,2016,19,5,4,9,,,0,,98,98,98,30,2,2,2,5,0,0,0,0,true,,false,false,false,false,false,,,,,,false,false,false,,,false,false,false,false,false,-83.12612,42.37447,"{
  ""coordinates"": [
    -8.312612478699999e+01,
    4.237446779900010e+01
  ],
  ""type"": ""Point""
}","{
  ""coordinates"": [
    -83.126124787,
    42.374467799
  ],
  ""type"": ""Point""
}",-83.126124787,42.3744677990001
12422,9736386,RAMP 037B,S I 75,2016-06-16,16,6,2016,15,5,1,1,,1,1,,2,2,1,55,1,1,3,5,0,0,0,0,true,,false,false,false,false,false,,,,,,false,false,true,,,false,false,false,false,false,-83.0845,42.33187,"{
  ""coordinates"": [
    -8.308449668799990e+01,
    4.233187567700000e+01
  ],
  ""type"": ""Point""
}","{
  ""coordinates"": [
    -83.084496688,
    42.331875677
  ],
  ""type"": ""Point""
}",-83.0844966879999,42.331875677
12423,9736385,E I 96 CD,KENTFIELD,2016-06-16,16,6,2016,13,5,5,1,,1,0,,2,4,1,55,2,3,2,4,0,0,0,1,false,,false,false,true,false,false,,,,,,false,false,false,,,false,false,false,false,false,-83.23804,42.38104,"{
  ""coordinates"": [
    -8.323804491700000e+01,
    4.238104191200010e+01
  ],
  ""type"": ""Point""
}","{
  ""coordinates"": [
    -83.238044917,
    42.381041912
  ],
  ""type"": ""Point""
}",-83.238044917,42.3810419120001