ObjectId,Crash ID,Primary Road,Intersecting Road,Crash Date,Day,Month,Year,Hour,Weekday,Crash Type Code,Highway Classification Code,Community Code,Jurisdiction Code,Lane Departure Type Code,Surface Type,Road Condition,Weather Condition,Lighting Condition,Speed Limit,Lanes,Units,Occupants,Most Severe Injury,Fatal Injuries,Suspected Serious Injuries,Suspected Minor Injuries,Possible Injuries,Property Damage Only,Secondary Crash,Traffic Control,Red Light Run,Hit and Run,Alcohol,Drugs,Unbelted Person,Work Zone,Speeding Driver,Distracted Driver,Driveway,Pedestrian,Elderly Driver,Young Driver,Commercial Vehicle,Emergency Vehicles,Train,School Bus,Motorcycle,Bicycle,Deer,Longitude,Latitude,geom,geog,x,y
12538,9724956,SCHOENHERR,CARLISLE,2016-06-14,14,6,2016,20,3,4,9,,4,0,,1,1,1,30,2,2,2,5,0,0,0,0,true,,false,false,true,false,false,,,,,,false,false,false,,,false,false,false,false,false,-82.98562,42.44859,"{
  ""coordinates"": [
    -8.298562186100000e+01,
    4.244859435600010e+01
  ],
  ""type"": ""Point""
}","{
  ""coordinates"": [
    -82.985621861,
    42.448594356
  ],
  ""type"": ""Point""
}",-82.985621861,42.4485943560001
12539,9724926,GRAND RIVER,W I 96 SERVICE DRIVE,2016-06-14,14,6,2016,12,3,8,3,,1,0,,1,1,1,30,4,2,3,5,0,0,0,0,true,,false,false,false,false,false,,,,,,false,false,false,,,false,false,false,false,false,-83.17706,42.38406,"{
  ""coordinates"": [
    -8.317706145299999e+01,
    4.238406513200000e+01
  ],
  ""type"": ""Point""
}","{
  ""coordinates"": [
    -83.177061453,
    42.384065132
  ],
  ""type"": ""Point""
}",-83.177061453,42.384065132
12540,9723812,LINCOLN,BALTIMORE,2016-06-14,14,6,2016,7,3,8,9,,4,0,,1,2,1,35,2,2,2,5,0,0,0,0,true,,false,false,false,false,false,,,,,,false,false,false,,,false,false,false,false,false,-83.0831,42.36428,"{
  ""coordinates"": [
    -8.308309954399989e+01,
    4.236427951500010e+01
  ],
  ""type"": ""Point""
}","{
  ""coordinates"": [
    -83.083099544,
    42.364279515
  ],
  ""type"": ""Point""
}",-83.0830995439999,42.3642795150001
12541,9764027,JAMES COUZENS,8 MILE SERVICE DRIVE,2016-06-14,14,6,2016,18,3,5,3,,1,0,,1,1,1,55,3,2,2,5,0,0,0,0,true,,false,false,false,false,false,,,,,,false,false,true,,,false,false,false,false,false,-83.20383,42.44458,"{
  ""coordinates"": [
    -8.320383337200001e+01,
    4.244458514600010e+01
  ],
  ""type"": ""Point""
}","{
  ""coordinates"": [
    -83.203833372,
    42.444585146
  ],
  ""type"": ""Point""
}",-83.203833372,42.4445851460001
12542,9728766,RAMP 216F,S I 75,2016-06-14,14,6,2016,3,3,1,1,,1,0,,1,1,4,30,2,1,2,5,0,0,0,0,true,,false,false,false,false,false,,,,,,false,false,false,,,false,false,false,false,false,-83.05814,42.36818,"{
  ""coordinates"": [
    -8.305813508499990e+01,
    4.236817937800000e+01
  ],
  ""type"": ""Point""
}","{
  ""coordinates"": [
    -83.058135085,
    42.368179378
  ],
  ""type"": ""Point""
}",-83.0581350849999,42.368179378
12543,9724931,JEFFERSON,BELVIDERE,2016-06-14,14,6,2016,8,3,4,9,,4,0,,1,1,1,35,6,2,2,5,0,0,0,0,true,,false,false,false,false,false,,,,,,false,true,false,,,false,false,false,false,false,-82.98539,42.35818,"{
  ""coordinates"": [
    -8.298539335100000e+01,
    4.235818050900010e+01
  ],
  ""type"": ""Point""
}","{
  ""coordinates"": [
    -82.985393351,
    42.358180509
  ],
  ""type"": ""Point""
}",-82.985393351,42.3581805090001
12544,9723060,I-94,LIVERNOIS,2016-06-14,14,6,2016,17,3,8,1,,1,0,,1,1,1,55,3,2,2,5,0,0,0,0,true,,false,false,false,false,false,,,,,,false,false,false,,,false,false,false,false,false,-83.1255,42.33706,"{
  ""coordinates"": [
    -8.312550115900000e+01,
    4.233706250000010e+01
  ],
  ""type"": ""Point""
}","{
  ""coordinates"": [
    -83.125501159,
    42.3370625
  ],
  ""type"": ""Point""
}",-83.125501159,42.3370625000001
12545,9763155,LINDSAY,7 MILE,2016-06-14,14,6,2016,20,3,10,9,,,0,,1,1,1,25,2,2,2,5,0,0,0,0,true,,false,false,false,false,false,,,,,,false,false,false,,,false,false,false,false,false,-83.21378,42.42879,"{
  ""coordinates"": [
    -8.321378026100000e+01,
    4.242878971600000e+01
  ],
  ""type"": ""Point""
}","{
  ""coordinates"": [
    -83.213780261,
    42.428789716
  ],
  ""type"": ""Point""
}",-83.213780261,42.428789716
12546,9723821,PECK,CONNER,2016-06-14,14,6,2016,8,3,1,9,,,0,,1,1,1,25,1,2,1,4,0,0,0,1,false,,false,false,false,false,false,,,,,,true,false,false,,,false,false,false,false,false,-82.96852,42.38467,"{
  ""coordinates"": [
    -8.296852120599991e+01,
    4.238467420900000e+01
  ],
  ""type"": ""Point""
}","{
  ""coordinates"": [
    -82.968521206,
    42.384674209
  ],
  ""type"": ""Point""
}",-82.9685212059999,42.384674209
12547,9722086,N I 75 SERVICE DRIVE,CLARK,2016-06-14,14,6,2016,8,3,5,7,,4,0,,1,2,1,35,1,2,2,5,0,0,0,0,true,,false,false,false,false,false,,,,,,false,false,false,,,false,false,false,false,false,-83.09079,42.31319,"{
  ""coordinates"": [
    -8.309079037700000e+01,
    4.231319291900010e+01
  ],
  ""type"": ""Point""
}","{
  ""coordinates"": [
    -83.090790377,
    42.313192919
  ],
  ""type"": ""Point""
}",-83.090790377,42.3131929190001
12548,9729982,GRATIOT,RANDOLPH,2016-06-14,14,6,2016,16,3,8,3,,1,0,,1,98,1,0,3,2,2,5,0,0,0,0,true,,false,false,false,false,false,,,,,,false,false,false,,,false,false,false,false,false,-83.0452,42.33512,"{
  ""coordinates"": [
    -8.304520361199999e+01,
    4.233512086500010e+01
  ],
  ""type"": ""Point""
}","{
  ""coordinates"": [
    -83.045203612,
    42.335120865
  ],
  ""type"": ""Point""
}",-83.045203612,42.3351208650001
12549,9723820,HARPER,HARVARD,2016-06-14,14,6,2016,8,3,97,9,,4,0,,1,1,1,30,6,3,3,5,0,0,0,0,true,,false,false,false,false,false,,,,,,false,false,true,,,false,false,false,false,false,-82.93756,42.41594,"{
  ""coordinates"": [
    -8.293755722799990e+01,
    4.241594331000000e+01
  ],
  ""type"": ""Point""
}","{
  ""coordinates"": [
    -82.937557228,
    42.41594331
  ],
  ""type"": ""Point""
}",-82.9375572279999,42.41594331
12550,9722101,7 MILE,SCHOENHERR,2016-06-14,14,6,2016,0,3,4,9,,4,0,,1,1,4,30,8,2,2,5,0,0,0,0,true,,false,false,false,false,false,,,,,,false,false,true,,,false,false,false,false,false,-82.98512,42.43492,"{
  ""coordinates"": [
    -8.298511611299990e+01,
    4.243491567400010e+01
  ],
  ""type"": ""Point""
}","{
  ""coordinates"": [
    -82.985116113,
    42.434915674
  ],
  ""type"": ""Point""
}",-82.9851161129999,42.4349156740001
12551,9723844,8 MILE,SHERWOOD,2016-06-14,14,6,2016,0,3,8,3,,1,0,,1,1,4,35,4,2,3,5,0,0,0,0,true,,false,false,false,false,false,,,,,,false,false,true,,,false,false,false,false,false,-83.03506,42.44793,"{
  ""coordinates"": [
    -8.303506016499990e+01,
    4.244793312000010e+01
  ],
  ""type"": ""Point""
}","{
  ""coordinates"": [
    -83.035060165,
    42.44793312
  ],
  ""type"": ""Point""
}",-83.0350601649999,42.4479331200001
12552,9737665,I-75 SERVICE,GRAND RIVER,2016-06-14,14,6,2016,12,3,8,3,,4,0,,1,1,1,30,3,2,3,5,0,0,0,0,true,,false,false,false,false,false,,,,,,false,false,true,,,false,false,false,false,false,-83.05882,42.33638,"{
  ""coordinates"": [
    -8.305881779299990e+01,
    4.233638554400010e+01
  ],
  ""type"": ""Point""
}","{
  ""coordinates"": [
    -83.058817793,
    42.336385544
  ],
  ""type"": ""Point""
}",-83.0588177929999,42.3363855440001
12553,9723801,I 75,SCOTTEN,2016-06-14,14,6,2016,5,3,8,9,,4,0,,1,2,2,70,5,2,3,5,0,0,0,0,true,,false,false,false,false,false,,,,,,false,true,false,,,false,false,false,false,false,-83.08789,42.31544,"{
  ""coordinates"": [
    -8.308789127400000e+01,
    4.231543854800000e+01
  ],
  ""type"": ""Point""
}","{
  ""coordinates"": [
    -83.087891274,
    42.315438548
  ],
  ""type"": ""Point""
}",-83.087891274,42.315438548
12554,9723829,N M 39 SERVICE DRIVE,WARREN,2016-06-14,14,6,2016,8,3,1,9,,4,0,,1,2,1,30,2,1,1,4,0,0,0,1,false,,false,false,false,false,false,,,,,,false,false,true,,,false,false,false,false,false,-83.21571,42.34336,"{
  ""coordinates"": [
    -8.321570655200000e+01,
    4.234336072100010e+01
  ],
  ""type"": ""Point""
}","{
  ""coordinates"": [
    -83.215706552,
    42.343360721
  ],
  ""type"": ""Point""
}",-83.215706552,42.3433607210001
12555,9723096,ANNABELLE,SCHAEFER,2016-06-14,14,6,2016,21,3,9,9,,,0,,1,1,4,15,1,2,0,5,0,0,0,0,true,,false,false,true,false,false,,,,,,false,false,false,,,false,false,false,false,false,-83.14992,42.27531,"{
  ""coordinates"": [
    -8.314992015699990e+01,
    4.227531608700010e+01
  ],
  ""type"": ""Point""
}","{
  ""coordinates"": [
    -83.149920157,
    42.275316087
  ],
  ""type"": ""Point""
}",-83.1499201569999,42.2753160870001
12556,9724920,GRAND RIVER,BRAILE,2016-06-14,14,6,2016,12,3,4,3,,1,0,,1,1,1,40,4,2,3,4,0,0,0,2,false,,false,false,false,false,false,,,,,,false,true,false,,,false,false,false,false,false,-83.24545,42.41162,"{
  ""coordinates"": [
    -8.324545134100001e+01,
    4.241162156400000e+01
  ],
  ""type"": ""Point""
}","{
  ""coordinates"": [
    -83.245451341,
    42.411621564
  ],
  ""type"": ""Point""
}",-83.245451341,42.411621564
12557,9724982,MOUND,7 MILE,2016-06-14,14,6,2016,15,3,4,9,,2,0,,1,1,2,35,3,2,2,5,0,0,0,0,true,,false,false,false,false,false,,,,,,false,false,false,,,false,false,false,false,false,-83.04382,42.43377,"{
  ""coordinates"": [
    -8.304382276500000e+01,
    4.243376632000010e+01
  ],
  ""type"": ""Point""
}","{
  ""coordinates"": [
    -83.043822765,
    42.43376632
  ],
  ""type"": ""Point""
}",-83.043822765,42.4337663200001
12558,9722100,MORANG,LANSDOWNE,2016-06-14,14,6,2016,0,3,5,9,,4,0,,1,1,1,30,2,2,0,5,0,0,0,0,true,,false,false,true,false,false,,,,,,false,false,false,,,false,false,false,false,false,-82.95099,42.42653,"{
  ""coordinates"": [
    -8.295098563800001e+01,
    4.242652853400010e+01
  ],
  ""type"": ""Point""
}","{
  ""coordinates"": [
    -82.950985638,
    42.426528534
  ],
  ""type"": ""Point""
}",-82.950985638,42.4265285340001
12559,9727279,MACOMB,BRUSH,2016-06-14,14,6,2016,15,3,8,9,,4,0,,1,1,1,25,2,2,0,5,0,0,0,0,true,,false,false,true,false,false,,,,,,false,false,false,,,false,false,false,false,false,-83.04442,42.33501,"{
  ""coordinates"": [
    -8.304441588600000e+01,
    4.233500612000010e+01
  ],
  ""type"": ""Point""
}","{
  ""coordinates"": [
    -83.044415886,
    42.33500612
  ],
  ""type"": ""Point""
}",-83.044415886,42.3350061200001
12560,9723062,N I 75,GRAND,2016-06-14,14,6,2016,18,3,5,1,,1,0,,1,1,1,55,4,4,5,5,0,0,0,0,true,,false,false,false,false,false,,,,,,false,false,false,,,false,false,false,false,false,-83.08458,42.3161,"{
  ""coordinates"": [
    -8.308457567400001e+01,
    4.231610438500010e+01
  ],
  ""type"": ""Point""
}","{
  ""coordinates"": [
    -83.084575674,
    42.316104385
  ],
  ""type"": ""Point""
}",-83.084575674,42.3161043850001
12561,9723084,S M 39,RAMP 008P,2016-06-14,14,6,2016,18,3,8,3,,1,0,,1,1,1,55,3,2,2,5,0,0,0,0,true,,false,false,false,false,false,,,,,,false,false,true,,,false,false,false,false,false,-83.21708,42.37853,"{
  ""coordinates"": [
    -8.321708205300000e+01,
    4.237852778000010e+01
  ],
  ""type"": ""Point""
}","{
  ""coordinates"": [
    -83.217082053,
    42.37852778
  ],
  ""type"": ""Point""
}",-83.217082053,42.3785277800001
12562,9723093,PEARL,PITT,2016-06-14,14,6,2016,22,3,4,9,,,0,,1,1,4,25,4,2,4,4,0,0,0,1,false,,true,false,false,false,false,,,,,,false,false,true,,,false,false,false,false,false,-83.13153,42.31213,"{
  ""coordinates"": [
    -8.313152699400000e+01,
    4.231213466300010e+01
  ],
  ""type"": ""Point""
}","{
  ""coordinates"": [
    -83.131526994,
    42.312134663
  ],
  ""type"": ""Point""
}",-83.131526994,42.3121346630001
12563,9723085,SCHAEFER,E I 96,2016-06-14,14,6,2016,16,3,9,9,,4,2,,1,2,1,35,4,3,4,5,0,0,0,0,true,,false,false,true,false,false,,,,,,false,false,false,,,false,false,false,false,false,-83.17835,42.38322,"{
  ""coordinates"": [
    -8.317835394300000e+01,
    4.238321589400000e+01
  ],
  ""type"": ""Point""
}","{
  ""coordinates"": [
    -83.178353943,
    42.383215894
  ],
  ""type"": ""Point""
}",-83.178353943,42.383215894
12564,9723818,TRUMBULL,WARREN,2016-06-14,14,6,2016,19,3,8,9,,4,0,,1,1,1,25,3,2,2,5,0,0,0,0,true,,false,false,true,false,false,,,,,,false,false,true,,,false,false,false,false,false,-83.07874,42.35213,"{
  ""coordinates"": [
    -8.307874230300000e+01,
    4.235213238000010e+01
  ],
  ""type"": ""Point""
}","{
  ""coordinates"": [
    -83.078742303,
    42.35213238
  ],
  ""type"": ""Point""
}",-83.078742303,42.3521323800001
12565,9723071,M-10,GRAND,2016-06-14,14,6,2016,6,3,1,3,,1,1,,1,2,1,55,3,1,1,5,0,0,0,0,true,,false,false,false,false,false,,,,,,false,false,false,,,false,false,false,false,false,-83.07928,42.36387,"{
  ""coordinates"": [
    -8.307928313600000e+01,
    4.236386816600000e+01
  ],
  ""type"": ""Point""
}","{
  ""coordinates"": [
    -83.079283136,
    42.363868166
  ],
  ""type"": ""Point""
}",-83.079283136,42.363868166
12566,9723847,VAN DYKE,7 MILE,2016-06-14,14,6,2016,12,3,97,3,,1,0,,1,1,1,0,3,2,2,5,0,0,0,0,true,,false,false,true,false,false,,,,,,false,false,false,,,false,false,false,false,false,-83.02425,42.43394,"{
  ""coordinates"": [
    -8.302424705999989e+01,
    4.243393922700010e+01
  ],
  ""type"": ""Point""
}","{
  ""coordinates"": [
    -83.02424706,
    42.433939227
  ],
  ""type"": ""Point""
}",-83.0242470599999,42.4339392270001
12567,9726063,I-94,I-75,2016-06-14,14,6,2016,16,3,5,1,,1,0,,1,1,1,55,3,2,2,4,0,0,0,1,false,,false,false,false,false,false,,,,,,false,false,false,,,false,false,false,false,false,-83.0597,42.36752,"{
  ""coordinates"": [
    -8.305969895500000e+01,
    4.236751727500010e+01
  ],
  ""type"": ""Point""
}","{
  ""coordinates"": [
    -83.059698955,
    42.367517275
  ],
  ""type"": ""Point""
}",-83.059698955,42.3675172750001
12568,9723819,GRAND RIVER,WOODWARD,2016-06-14,14,6,2016,8,3,8,9,,4,0,,1,2,1,0,3,2,2,5,0,0,0,0,true,,false,false,false,false,false,,,,,,false,false,false,,,false,false,false,false,false,-83.04842,42.33423,"{
  ""coordinates"": [
    -8.304841743700000e+01,
    4.233422666800000e+01
  ],
  ""type"": ""Point""
}","{
  ""coordinates"": [
    -83.048417437,
    42.334226668
  ],
  ""type"": ""Point""
}",-83.048417437,42.334226668
12569,9724932,CANFIELD,HURLBUT,2016-06-14,14,6,2016,18,3,8,9,,4,0,,1,1,1,25,2,2,2,5,0,0,0,0,true,,false,false,false,true,false,,,,,,false,false,false,,,false,false,false,false,false,-82.99265,42.37862,"{
  ""coordinates"": [
    -8.299265549300000e+01,
    4.237861594600000e+01
  ],
  ""type"": ""Point""
}","{
  ""coordinates"": [
    -82.992655493,
    42.378615946
  ],
  ""type"": ""Point""
}",-82.992655493,42.378615946
12570,9723848,HULL,8 MILE,2016-06-14,14,6,2016,17,3,5,3,,,3,,1,1,1,25,2,2,2,5,0,0,0,0,true,,false,false,false,false,false,,,,,,false,false,false,,,false,false,false,false,false,-83.08921,42.44656,"{
  ""coordinates"": [
    -8.308921281399989e+01,
    4.244656501700010e+01
  ],
  ""type"": ""Point""
}","{
  ""coordinates"": [
    -83.089212814,
    42.446565017
  ],
  ""type"": ""Point""
}",-83.0892128139999,42.4465650170001
12571,9723833,LESURE,MC NICHOLS,2016-06-14,14,6,2016,23,3,98,9,,,0,,1,1,5,25,1,2,0,5,0,0,0,0,true,,false,false,true,false,false,,,,,,false,false,false,,,false,false,false,false,false,-83.18218,42.41678,"{
  ""coordinates"": [
    -8.318217887899991e+01,
    4.241677916800010e+01
  ],
  ""type"": ""Point""
}","{
  ""coordinates"": [
    -83.182178879,
    42.416779168
  ],
  ""type"": ""Point""
}",-83.1821788789999,42.4167791680001
12572,9729987,MORANG,I 94,2016-06-14,14,6,2016,2,3,5,9,,4,0,,1,2,1,25,2,2,2,5,0,0,0,0,true,,false,false,false,false,false,,,,,,false,false,false,,,false,false,false,false,false,-82.93324,42.41911,"{
  ""coordinates"": [
    -8.293324520000000e+01,
    4.241910675200010e+01
  ],
  ""type"": ""Point""
}","{
  ""coordinates"": [
    -82.9332452,
    42.419106752
  ],
  ""type"": ""Point""
}",-82.9332452,42.4191067520001
12573,9723856,MERRILL PLAISANCE,2ND,2016-06-14,14,6,2016,23,3,9,9,,4,2,,1,1,4,30,2,2,1,4,0,0,0,1,false,,false,false,true,false,false,,,,,,false,false,false,,,false,false,false,false,false,-83.11066,42.42053,"{
  ""coordinates"": [
    -8.311066289000000e+01,
    4.242052771600000e+01
  ],
  ""type"": ""Point""
}","{
  ""coordinates"": [
    -83.11066289,
    42.420527716
  ],
  ""type"": ""Point""
}",-83.11066289,42.420527716
12574,9735578,FOREST,N M 10,2016-06-14,14,6,2016,9,3,5,9,,4,0,,1,2,1,5,1,2,2,5,0,0,0,0,true,,false,false,true,false,false,,,,,,false,false,false,,,false,false,false,false,false,-83.07211,42.35161,"{
  ""coordinates"": [
    -8.307211611799990e+01,
    4.235161013200010e+01
  ],
  ""type"": ""Point""
}","{
  ""coordinates"": [
    -83.072116118,
    42.351610132
  ],
  ""type"": ""Point""
}",-83.0721161179999,42.3516101320001
12575,9723089,CHRYSLER S D,CLAY,2016-06-14,14,6,2016,15,3,1,1,,1,0,,1,1,1,30,4,1,1,4,0,0,0,1,false,,false,false,false,false,false,,,,,,false,false,false,,,false,false,false,false,false,-83.06297,42.37847,"{
  ""coordinates"": [
    -8.306296936299999e+01,
    4.237846575400000e+01
  ],
  ""type"": ""Point""
}","{
  ""coordinates"": [
    -83.062969363,
    42.378465754
  ],
  ""type"": ""Point""
}",-83.062969363,42.378465754
12576,9723087,LODGE,CLAIRMOUNT,2016-06-14,14,6,2016,17,3,8,3,,1,0,,1,2,1,55,3,2,2,5,0,0,0,0,true,,false,false,false,false,false,,,,,,false,false,false,,,false,false,false,false,false,-83.0908,42.38041,"{
  ""coordinates"": [
    -8.309079700400000e+01,
    4.238041309600000e+01
  ],
  ""type"": ""Point""
}","{
  ""coordinates"": [
    -83.090797004,
    42.380413096
  ],
  ""type"": ""Point""
}",-83.090797004,42.380413096
12577,9726314,8 MILE,KEYSTONE,2016-06-14,14,6,2016,6,3,5,3,,1,0,,1,1,1,35,3,2,2,4,0,0,0,1,false,,false,false,false,false,false,,,,,,false,true,false,,,false,false,true,false,false,-83.05177,42.44756,"{
  ""coordinates"": [
    -8.305176613499999e+01,
    4.244756218100010e+01
  ],
  ""type"": ""Point""
}","{
  ""coordinates"": [
    -83.051766135,
    42.447562181
  ],
  ""type"": ""Point""
}",-83.051766135,42.4475621810001
12578,9723849,MT ELLIOTT,OUTER,2016-06-14,14,6,2016,20,3,1,9,,4,0,,1,1,1,35,2,2,5,4,0,0,0,1,false,,false,false,false,false,false,,,,,,true,false,false,,,false,false,false,false,false,-83.03919,42.44102,"{
  ""coordinates"": [
    -8.303919237400000e+01,
    4.244102611500010e+01
  ],
  ""type"": ""Point""
}","{
  ""coordinates"": [
    -83.039192374,
    42.441026115
  ],
  ""type"": ""Point""
}",-83.039192374,42.4410261150001
12579,9723092,GRAND,GRAND RIVER,2016-06-14,14,6,2016,11,3,4,3,,,0,,1,2,1,30,6,2,2,5,0,0,0,0,true,,false,false,true,false,false,,,,,,false,false,false,,,false,false,false,false,false,-83.2654,42.4196,"{
  ""coordinates"": [
    -8.326539705700000e+01,
    4.241960280000010e+01
  ],
  ""type"": ""Point""
}","{
  ""coordinates"": [
    -83.265397057,
    42.4196028
  ],
  ""type"": ""Point""
}",-83.265397057,42.4196028000001
12580,9723826,JOY,PENROD,2016-06-14,14,6,2016,16,3,5,9,,2,0,,1,1,1,35,4,2,2,5,0,0,0,0,true,,false,false,false,false,false,,,,,,false,false,false,,,false,false,false,false,false,-83.22037,42.35779,"{
  ""coordinates"": [
    -8.322036911500000e+01,
    4.235778749400000e+01
  ],
  ""type"": ""Point""
}","{
  ""coordinates"": [
    -83.220369115,
    42.357787494
  ],
  ""type"": ""Point""
}",-83.220369115,42.357787494
12581,9734663,HARPER,GUNSTON,2016-06-14,14,6,2016,7,3,5,9,,4,0,,1,1,1,30,1,2,4,4,0,0,0,1,false,,false,false,false,false,false,,,,,,false,false,false,,,false,false,false,false,false,-82.98753,42.39789,"{
  ""coordinates"": [
    -8.298753099500000e+01,
    4.239789147200000e+01
  ],
  ""type"": ""Point""
}","{
  ""coordinates"": [
    -82.987530995,
    42.397891472
  ],
  ""type"": ""Point""
}",-82.987530995,42.397891472
12582,9722104,CONNER,GLENFIELD,2016-06-13,13,6,2016,11,2,8,9,,4,0,,1,1,1,30,2,2,2,5,0,0,0,0,true,,false,false,false,false,false,,,,,,false,false,true,,,false,false,false,false,false,-83.00126,42.40782,"{
  ""coordinates"": [
    -8.300125505999991e+01,
    4.240781892000010e+01
  ],
  ""type"": ""Point""
}","{
  ""coordinates"": [
    -83.00125506,
    42.40781892
  ],
  ""type"": ""Point""
}",-83.0012550599999,42.4078189200001
12583,9780131,PHILADELPHIA,LINWOOD,2016-06-13,13,6,2016,2,2,98,9,,,0,,1,1,4,25,2,2,0,5,0,0,0,0,true,,false,false,true,false,false,,,,,,false,false,false,,,false,false,false,false,false,-83.10497,42.36821,"{
  ""coordinates"": [
    -8.310496953099990e+01,
    4.236821521500010e+01
  ],
  ""type"": ""Point""
}","{
  ""coordinates"": [
    -83.104969531,
    42.368215215
  ],
  ""type"": ""Point""
}",-83.1049695309999,42.3682152150001
12584,9722115,DAVISON,CONANT,2016-06-13,13,6,2016,16,2,5,3,,4,0,,1,2,1,35,3,3,3,4,0,0,0,1,false,,false,false,false,false,false,,,,,,false,false,false,,,false,false,false,false,false,-83.06134,42.41557,"{
  ""coordinates"": [
    -8.306133980500000e+01,
    4.241557205700010e+01
  ],
  ""type"": ""Point""
}","{
  ""coordinates"": [
    -83.061339805,
    42.415572057
  ],
  ""type"": ""Point""
}",-83.061339805,42.4155720570001
12585,9723862,N M 10,PURITAN,2016-06-13,13,6,2016,21,2,1,3,,1,0,,1,1,3,30,2,2,1,3,0,0,1,0,false,,false,false,true,false,false,,,,,,false,false,false,,,false,false,false,true,false,-83.16494,42.40958,"{
  ""coordinates"": [
    -8.316493989600001e+01,
    4.240958233700010e+01
  ],
  ""type"": ""Point""
}","{
  ""coordinates"": [
    -83.164939896,
    42.409582337
  ],
  ""type"": ""Point""
}",-83.164939896,42.4095823370001
12586,9724944,GLENDALE,OUTER,2016-06-13,13,6,2016,12,2,4,9,,,0,,1,1,1,0,2,2,2,5,0,0,0,0,true,,false,false,false,false,false,,,,,,false,false,false,,,false,false,false,false,false,-83.26112,42.37993,"{
  ""coordinates"": [
    -8.326111569499990e+01,
    4.237992680800010e+01
  ],
  ""type"": ""Point""
}","{
  ""coordinates"": [
    -83.261115695,
    42.379926808
  ],
  ""type"": ""Point""
}",-83.2611156949999,42.3799268080001
12587,9722102,PROMENADE,DICKERSON,2016-06-13,13,6,2016,1,2,4,9,,,0,,1,1,4,25,2,2,2,2,0,1,0,0,false,,false,false,true,false,false,,,,,,false,false,true,,,false,false,false,false,false,-82.97874,42.4112,"{
  ""coordinates"": [
    -8.297873964099990e+01,
    4.241120131500000e+01
  ],
  ""type"": ""Point""
}","{
  ""coordinates"": [
    -82.978739641,
    42.411201315
  ],
  ""type"": ""Point""
}",-82.9787396409999,42.411201315
12588,9722117,SAN JUAN,MCNICHOLS,2016-06-13,13,6,2016,15,2,1,9,,,1,,1,2,1,25,1,1,1,5,0,0,0,0,true,,false,false,false,false,false,,,,,,false,false,true,,,false,false,false,false,false,-83.14619,42.4169,"{
  ""coordinates"": [
    -8.314618433200000e+01,
    4.241689677600000e+01
  ],
  ""type"": ""Point""
}","{
  ""coordinates"": [
    -83.146184332,
    42.416896776
  ],
  ""type"": ""Point""
}",-83.146184332,42.416896776
12589,9738464,I-94,BRUSH,2016-06-13,13,6,2016,16,2,1,1,,1,0,,1,2,1,55,3,1,1,5,0,0,0,0,true,,false,false,false,false,false,,,,,,false,false,false,,,false,false,false,false,false,-83.06573,42.36507,"{
  ""coordinates"": [
    -8.306573409299990e+01,
    4.236507514900010e+01
  ],
  ""type"": ""Point""
}","{
  ""coordinates"": [
    -83.065734093,
    42.365075149
  ],
  ""type"": ""Point""
}",-83.0657340929999,42.3650751490001
12590,9727303,CONCORD,CANFIELD,2016-06-13,13,6,2016,13,2,4,9,,,0,,1,1,1,25,2,2,1,3,0,0,1,0,false,,true,false,true,false,false,,,,,,false,false,false,,,false,false,false,false,false,-83.01982,42.36834,"{
  ""coordinates"": [
    -8.301982449000000e+01,
    4.236833712700010e+01
  ],
  ""type"": ""Point""
}","{
  ""coordinates"": [
    -83.01982449,
    42.368337127
  ],
  ""type"": ""Point""
}",-83.01982449,42.3683371270001
12591,9722116,8 MILE,LIVERNOIS,2016-06-13,13,6,2016,7,2,8,3,,1,0,,1,1,1,40,4,2,2,5,0,0,0,0,true,,false,false,false,false,false,,,,,,false,false,true,,,false,false,false,false,false,-83.1418,42.44609,"{
  ""coordinates"": [
    -8.314179801099991e+01,
    4.244608715200010e+01
  ],
  ""type"": ""Point""
}","{
  ""coordinates"": [
    -83.141798011,
    42.446087152
  ],
  ""type"": ""Point""
}",-83.1417980109999,42.4460871520001
12592,9723063,S M 39,CHICAGO,2016-06-13,13,6,2016,16,2,5,3,,1,0,,1,1,1,55,3,2,2,5,0,0,0,0,true,,false,false,false,false,false,,,,,,false,false,true,,,false,false,false,false,false,-83.21657,42.36607,"{
  ""coordinates"": [
    -8.321657069199991e+01,
    4.236607192400000e+01
  ],
  ""type"": ""Point""
}","{
  ""coordinates"": [
    -83.216570692,
    42.366071924
  ],
  ""type"": ""Point""
}",-83.2165706919999,42.366071924
12593,9723073,M-10,LINWOOD,2016-06-13,13,6,2016,16,2,5,3,,1,0,,1,2,1,55,4,2,2,5,0,0,0,0,true,,false,false,false,false,false,,,,,,false,false,false,,,false,false,false,false,false,-83.12148,42.40478,"{
  ""coordinates"": [
    -8.312148574100000e+01,
    4.240477599000010e+01
  ],
  ""type"": ""Point""
}","{
  ""coordinates"": [
    -83.121485741,
    42.40477599
  ],
  ""type"": ""Point""
}",-83.121485741,42.4047759900001
12594,9722106,DAVISON,DEXTER,2016-06-13,13,6,2016,14,2,4,3,,1,0,,98,98,98,30,3,2,2,5,0,0,0,0,true,,false,false,false,false,false,,,,,,false,false,false,,,false,false,false,false,false,-83.1311,42.38965,"{
  ""coordinates"": [
    -8.313110696699989e+01,
    4.238964768700000e+01
  ],
  ""type"": ""Point""
}","{
  ""coordinates"": [
    -83.131106967,
    42.389647687
  ],
  ""type"": ""Point""
}",-83.1311069669999,42.389647687