ObjectId,Crash ID,Primary Road,Intersecting Road,Crash Date,Day,Month,Year,Hour,Weekday,Crash Type Code,Highway Classification Code,Community Code,Jurisdiction Code,Lane Departure Type Code,Surface Type,Road Condition,Weather Condition,Lighting Condition,Speed Limit,Lanes,Units,Occupants,Most Severe Injury,Fatal Injuries,Suspected Serious Injuries,Suspected Minor Injuries,Possible Injuries,Property Damage Only,Secondary Crash,Traffic Control,Red Light Run,Hit and Run,Alcohol,Drugs,Unbelted Person,Work Zone,Speeding Driver,Distracted Driver,Driveway,Pedestrian,Elderly Driver,Young Driver,Commercial Vehicle,Emergency Vehicles,Train,School Bus,Motorcycle,Bicycle,Deer,Longitude,Latitude,geom,geog,x,y
12595,9723078,I-94,I-96,2016-06-13,13,6,2016,7,2,5,1,,1,0,,1,1,2,55,3,2,4,5,0,0,0,0,true,,false,false,true,false,false,,,,,,false,false,false,,,false,false,false,false,false,-83.10104,42.34949,"{
  ""coordinates"": [
    -8.310104449600000e+01,
    4.234949230400010e+01
  ],
  ""type"": ""Point""
}","{
  ""coordinates"": [
    -83.101044496,
    42.349492304
  ],
  ""type"": ""Point""
}",-83.101044496,42.3494923040001
12596,9736425,GRAND,WOODWARD,2016-06-13,13,6,2016,10,2,7,3,,4,0,,1,1,1,35,6,2,3,5,0,0,0,0,true,,false,false,false,false,false,,,,,,false,false,false,,,false,false,false,false,false,-83.07329,42.37017,"{
  ""coordinates"": [
    -8.307328468700000e+01,
    4.237016964600010e+01
  ],
  ""type"": ""Point""
}","{
  ""coordinates"": [
    -83.073284687,
    42.370169646
  ],
  ""type"": ""Point""
}",-83.073284687,42.3701696460001
12597,9722089,CONNER,CANFIELD,2016-06-13,13,6,2016,6,2,5,9,,4,0,,1,1,1,35,7,2,3,5,0,0,0,0,true,,false,false,false,false,false,,,,,,false,false,false,,,false,false,false,false,false,-82.97076,42.38707,"{
  ""coordinates"": [
    -8.297075439400000e+01,
    4.238706841100000e+01
  ],
  ""type"": ""Point""
}","{
  ""coordinates"": [
    -82.970754394,
    42.387068411
  ],
  ""type"": ""Point""
}",-82.970754394,42.387068411
12598,9722097,JEFFERSON,ADAIR,2016-06-13,13,6,2016,13,2,4,9,,4,0,,1,2,1,35,7,2,3,5,0,0,0,0,true,,false,false,true,false,false,,,,,,false,false,true,,,false,false,false,false,false,-83.01374,42.34207,"{
  ""coordinates"": [
    -8.301374340699989e+01,
    4.234206650300010e+01
  ],
  ""type"": ""Point""
}","{
  ""coordinates"": [
    -83.013743407,
    42.342066503
  ],
  ""type"": ""Point""
}",-83.0137434069999,42.3420665030001
12599,9722096,JEFFERSON,MCDOUGALL,2016-06-13,13,6,2016,12,2,1,9,,4,0,,1,1,1,35,7,2,1,3,0,0,1,0,false,,false,false,false,false,false,,,,,,true,false,false,,,false,false,false,false,false,-83.0165,42.34088,"{
  ""coordinates"": [
    -8.301649919800001e+01,
    4.234088173600000e+01
  ],
  ""type"": ""Point""
}","{
  ""coordinates"": [
    -83.016499198,
    42.340881736
  ],
  ""type"": ""Point""
}",-83.016499198,42.340881736
12600,9722107,ROGGE,MILBANK,2016-06-13,13,6,2016,2,2,8,9,,,0,,1,1,4,25,1,2,0,5,0,0,0,0,true,,false,false,true,false,false,,,,,,false,false,false,,,false,false,false,false,false,-83.0295,42.44409,"{
  ""coordinates"": [
    -8.302949472200000e+01,
    4.244408775600000e+01
  ],
  ""type"": ""Point""
}","{
  ""coordinates"": [
    -83.029494722,
    42.444087756
  ],
  ""type"": ""Point""
}",-83.029494722,42.444087756
12601,9723797,I-94,WOODWARD,2016-06-13,13,6,2016,21,2,1,1,,1,1,,1,1,3,55,3,1,1,5,0,0,0,0,true,,false,false,false,false,false,,,,,,false,false,true,,,false,false,false,false,false,-83.06861,42.36391,"{
  ""coordinates"": [
    -8.306861063400000e+01,
    4.236390690000010e+01
  ],
  ""type"": ""Point""
}","{
  ""coordinates"": [
    -83.068610634,
    42.3639069
  ],
  ""type"": ""Point""
}",-83.068610634,42.3639069000001
12602,9722091,MUNICH,THREE MILE,2016-06-13,13,6,2016,10,2,1,9,,,0,,1,1,1,25,2,1,0,3,0,0,1,0,false,,false,false,true,false,false,,,,,,false,false,false,,,false,false,false,false,false,-82.93793,42.39899,"{
  ""coordinates"": [
    -8.293792422300000e+01,
    4.239899109100000e+01
  ],
  ""type"": ""Point""
}","{
  ""coordinates"": [
    -82.937924223,
    42.398991091
  ],
  ""type"": ""Point""
}",-82.937924223,42.398991091
12603,9728136,PICKFORD,ROBSON,2016-06-13,13,6,2016,3,2,8,9,,,0,,1,1,4,25,2,4,2,5,0,0,0,0,true,,false,false,true,false,false,,,,,,false,false,true,,,false,false,false,false,false,-83.19359,42.42517,"{
  ""coordinates"": [
    -8.319358993400000e+01,
    4.242517573200010e+01
  ],
  ""type"": ""Point""
}","{
  ""coordinates"": [
    -83.193589934,
    42.425175732
  ],
  ""type"": ""Point""
}",-83.193589934,42.4251757320001
12604,9723825,MORANG,SOMERSET,2016-06-13,13,6,2016,12,2,1,9,,4,0,,1,1,1,35,4,1,0,5,0,0,0,0,true,,false,false,true,false,false,,,,,,false,false,false,,,false,false,false,false,false,-82.94367,42.42354,"{
  ""coordinates"": [
    -8.294367231200000e+01,
    4.242353731000000e+01
  ],
  ""type"": ""Point""
}","{
  ""coordinates"": [
    -82.943672312,
    42.42353731
  ],
  ""type"": ""Point""
}",-82.943672312,42.42353731
12605,9722007,N I 75,FORT,2016-06-13,13,6,2016,7,2,5,1,,1,0,,1,1,1,70,4,2,2,5,0,0,0,0,true,,false,false,false,false,false,,,,,,false,false,false,,,false,false,false,false,false,-83.15451,42.27773,"{
  ""coordinates"": [
    -8.315450932000000e+01,
    4.227772398200010e+01
  ],
  ""type"": ""Point""
}","{
  ""coordinates"": [
    -83.15450932,
    42.277723982
  ],
  ""type"": ""Point""
}",-83.15450932,42.2777239820001
12606,9722112,VAN DYKE,GRATIOT,2016-06-13,13,6,2016,8,2,97,3,,1,0,,1,1,1,35,4,2,0,3,0,0,1,0,false,,false,false,true,false,false,,,,,,true,false,false,,,false,false,false,false,false,-83.01469,42.37885,"{
  ""coordinates"": [
    -8.301469801600000e+01,
    4.237884651300000e+01
  ],
  ""type"": ""Point""
}","{
  ""coordinates"": [
    -83.014698016,
    42.378846513
  ],
  ""type"": ""Point""
}",-83.014698016,42.378846513
12607,9722087,MOROSS,HARPER,2016-06-13,13,6,2016,1,2,5,9,,2,0,,1,1,1,25,2,2,5,5,0,0,0,0,true,,false,false,false,false,false,,,,,,false,false,true,,,false,false,false,false,false,-82.92914,42.42495,"{
  ""coordinates"": [
    -8.292913472399989e+01,
    4.242495317900010e+01
  ],
  ""type"": ""Point""
}","{
  ""coordinates"": [
    -82.929134724,
    42.424953179
  ],
  ""type"": ""Point""
}",-82.9291347239999,42.4249531790001
12608,9724971,8 MILE,VAN DYKE,2016-06-13,13,6,2016,16,2,4,3,,1,0,,1,2,1,40,5,2,4,4,0,0,0,1,false,,false,false,false,false,false,,,,,,false,false,false,,,false,false,false,false,false,-83.00726,42.44872,"{
  ""coordinates"": [
    -8.300726466499999e+01,
    4.244872402400010e+01
  ],
  ""type"": ""Point""
}","{
  ""coordinates"": [
    -83.007264665,
    42.448724024
  ],
  ""type"": ""Point""
}",-83.007264665,42.4487240240001
12609,9726280,PIEDMONT,TIREMAN,2016-06-13,13,6,2016,6,2,97,9,,,0,,1,1,1,25,1,2,1,5,0,0,0,0,true,,false,false,false,false,false,,,,,,false,false,false,,,false,false,false,false,false,-83.22836,42.35041,"{
  ""coordinates"": [
    -8.322835497499990e+01,
    4.235040765100010e+01
  ],
  ""type"": ""Point""
}","{
  ""coordinates"": [
    -83.228354975,
    42.350407651
  ],
  ""type"": ""Point""
}",-83.2283549749999,42.3504076510001
12610,9723107,GRATIOT,CHENE,2016-06-13,13,6,2016,15,2,8,3,,1,0,,1,2,1,35,7,2,29,5,0,0,0,0,true,,false,false,false,false,false,,,,,,false,false,false,,,false,true,false,false,false,-83.03188,42.35273,"{
  ""coordinates"": [
    -8.303187656999999e+01,
    4.235273130100010e+01
  ],
  ""type"": ""Point""
}","{
  ""coordinates"": [
    -83.03187657,
    42.352731301
  ],
  ""type"": ""Point""
}",-83.03187657,42.3527313010001
12611,9722110,DAVISON,I-75,2016-06-13,13,6,2016,2,2,8,9,,4,0,,1,1,98,0,1,2,4,5,0,0,0,0,true,,false,false,true,false,false,,,,,,false,false,false,,,false,false,false,false,false,-83.07982,42.40847,"{
  ""coordinates"": [
    -8.307981920000000e+01,
    4.240847481400000e+01
  ],
  ""type"": ""Point""
}","{
  ""coordinates"": [
    -83.0798192,
    42.408474814
  ],
  ""type"": ""Point""
}",-83.0798192,42.408474814
12612,9726062,I-94,CONNNERS,2016-06-13,13,6,2016,15,2,5,1,,1,0,,1,2,1,55,3,2,2,4,0,0,0,2,false,,false,false,false,false,false,,,,,,false,false,true,,,false,false,false,false,false,-82.98975,42.39499,"{
  ""coordinates"": [
    -8.298974303599989e+01,
    4.239498335000010e+01
  ],
  ""type"": ""Point""
}","{
  ""coordinates"": [
    -82.989743036,
    42.39498335
  ],
  ""type"": ""Point""
}",-82.9897430359999,42.3949833500001
12613,9723056,N I 75,FORT,2016-06-13,13,6,2016,7,2,5,1,,1,0,,1,1,1,70,4,2,2,5,0,0,0,0,true,,false,false,false,false,false,,,,,,false,false,true,,,false,false,false,false,false,-83.15451,42.27773,"{
  ""coordinates"": [
    -8.315450932000000e+01,
    4.227772398200010e+01
  ],
  ""type"": ""Point""
}","{
  ""coordinates"": [
    -83.15450932,
    42.277723982
  ],
  ""type"": ""Point""
}",-83.15450932,42.2777239820001
12614,9722093,CHANDLER PARK,CHANDLER,2016-06-13,13,6,2016,7,2,98,9,,4,0,,1,1,1,35,4,2,2,3,0,0,1,0,false,,false,false,false,false,false,,,,,,false,false,true,,,false,false,true,false,false,-82.97813,42.39415,"{
  ""coordinates"": [
    -8.297812922500000e+01,
    4.239414679700010e+01
  ],
  ""type"": ""Point""
}","{
  ""coordinates"": [
    -82.978129225,
    42.394146797
  ],
  ""type"": ""Point""
}",-82.978129225,42.3941467970001
12615,9723854,CHEYENNE,KEELER,2016-06-13,13,6,2016,15,2,4,9,,,0,,1,1,1,25,2,2,2,4,0,0,0,2,false,,false,false,false,false,false,,,,,,false,false,true,,,false,false,false,false,false,-83.17488,42.40397,"{
  ""coordinates"": [
    -8.317487837700000e+01,
    4.240396936900000e+01
  ],
  ""type"": ""Point""
}","{
  ""coordinates"": [
    -83.174878377,
    42.403969369
  ],
  ""type"": ""Point""
}",-83.174878377,42.403969369
12616,9722095,GRANDMONT,CONSTANCE,2016-06-13,13,6,2016,16,2,4,9,,,0,,1,1,1,25,2,2,9,5,0,0,0,0,true,,false,false,false,false,false,,,,,,false,false,false,,,false,false,false,false,false,-83.20866,42.3543,"{
  ""coordinates"": [
    -8.320866482299991e+01,
    4.235429810200000e+01
  ],
  ""type"": ""Point""
}","{
  ""coordinates"": [
    -83.208664823,
    42.354298102
  ],
  ""type"": ""Point""
}",-83.2086648229999,42.354298102
12617,9722114,SHERWOOD,DAVISON,2016-06-13,13,6,2016,7,2,8,9,,4,0,,1,1,1,30,4,2,3,5,0,0,0,0,true,,false,false,false,false,false,,,,,,false,false,false,,,false,false,false,false,false,-83.03361,42.42342,"{
  ""coordinates"": [
    -8.303360379999999e+01,
    4.242342049000010e+01
  ],
  ""type"": ""Point""
}","{
  ""coordinates"": [
    -83.0336038,
    42.42342049
  ],
  ""type"": ""Point""
}",-83.0336038,42.4234204900001
12618,9723059,M-10,LINWOOD,2016-06-13,13,6,2016,15,2,5,3,,1,0,,1,2,1,55,3,2,1,5,0,0,0,0,true,,false,false,true,false,false,,,,,,false,true,false,,,false,false,false,false,false,-83.1222,42.40482,"{
  ""coordinates"": [
    -8.312219850199990e+01,
    4.240481535800010e+01
  ],
  ""type"": ""Point""
}","{
  ""coordinates"": [
    -83.122198502,
    42.404815358
  ],
  ""type"": ""Point""
}",-83.1221985019999,42.4048153580001
12619,9936611,I-94,WOODWARD,2016-06-13,13,6,2016,9,2,8,1,,1,0,,1,1,1,55,3,2,1,5,0,0,0,0,true,,false,false,true,false,false,,,,,,false,false,false,,,false,false,false,false,false,-83.0683,42.36406,"{
  ""coordinates"": [
    -8.306830210399990e+01,
    4.236405878000010e+01
  ],
  ""type"": ""Point""
}","{
  ""coordinates"": [
    -83.068302104,
    42.36405878
  ],
  ""type"": ""Point""
}",-83.0683021039999,42.3640587800001
12620,9722105,MONICA,DAVISON,2016-06-13,13,6,2016,9,2,8,9,,,3,,1,1,1,25,2,2,1,5,0,0,0,0,true,,false,false,false,false,false,,,,,,false,false,true,,,false,false,false,false,false,-83.14275,42.38581,"{
  ""coordinates"": [
    -8.314274921799991e+01,
    4.238581117900000e+01
  ],
  ""type"": ""Point""
}","{
  ""coordinates"": [
    -83.142749218,
    42.385811179
  ],
  ""type"": ""Point""
}",-83.1427492179999,42.385811179
12621,9723061,I-75,SCHAEFER,2016-06-13,13,6,2016,18,2,8,1,,1,0,,1,2,1,70,4,2,4,4,0,0,0,1,false,,false,false,false,false,false,,,,,,false,false,true,,,false,false,false,false,false,-83.15224,42.27906,"{
  ""coordinates"": [
    -8.315224033600001e+01,
    4.227905569500010e+01
  ],
  ""type"": ""Point""
}","{
  ""coordinates"": [
    -83.152240336,
    42.279055695
  ],
  ""type"": ""Point""
}",-83.152240336,42.2790556950001
12622,9729973,GRATIOT,MCDOUGALL,2016-06-13,13,6,2016,2,2,5,3,,1,3,,1,1,1,35,4,2,1,5,0,0,0,0,true,,false,false,true,false,false,,,,,,false,false,false,,,false,false,false,false,false,-83.02876,42.35751,"{
  ""coordinates"": [
    -8.302875484799991e+01,
    4.235750618000000e+01
  ],
  ""type"": ""Point""
}","{
  ""coordinates"": [
    -83.028754848,
    42.35750618
  ],
  ""type"": ""Point""
}",-83.0287548479999,42.35750618
12623,9768738,I-75,MCNICHOLS,2016-06-12,12,6,2016,0,1,5,1,,1,0,,1,1,4,70,4,2,2,5,0,0,0,0,true,,false,false,true,false,false,,,,,,false,false,true,,,false,false,false,false,false,-83.08877,42.41948,"{
  ""coordinates"": [
    -8.308876563299999e+01,
    4.241947417200000e+01
  ],
  ""type"": ""Point""
}","{
  ""coordinates"": [
    -83.088765633,
    42.419474172
  ],
  ""type"": ""Point""
}",-83.088765633,42.419474172
12624,9721073,611 ASHLAND,ESSEX,2016-06-12,12,6,2016,23,1,9,9,,,2,,1,1,4,25,1,2,1,5,0,0,0,0,true,,false,false,false,false,false,,,,,,false,false,false,,,false,false,false,false,false,-82.93674,42.36934,"{
  ""coordinates"": [
    -8.293673537300000e+01,
    4.236933447200000e+01
  ],
  ""type"": ""Point""
}","{
  ""coordinates"": [
    -82.936735373,
    42.369334472
  ],
  ""type"": ""Point""
}",-82.936735373,42.369334472
12625,9721091,DEXTER,DORIS,2016-06-12,12,6,2016,17,1,97,9,,4,0,,1,1,1,30,2,3,6,5,0,0,0,0,true,,true,false,true,true,false,,,,,,false,false,true,,,false,false,false,false,false,-83.13439,42.39537,"{
  ""coordinates"": [
    -8.313439261799989e+01,
    4.239536858700010e+01
  ],
  ""type"": ""Point""
}","{
  ""coordinates"": [
    -83.134392618,
    42.395368587
  ],
  ""type"": ""Point""
}",-83.1343926179999,42.3953685870001
12626,9723100,LINDSAY,MCNICHOLS,2016-06-12,12,6,2016,22,1,1,9,,,1,,1,1,4,25,2,1,1,1,1,0,0,0,false,,false,false,false,true,false,,,,,,false,false,false,,,false,false,false,false,false,-83.21327,42.41481,"{
  ""coordinates"": [
    -8.321327204999990e+01,
    4.241480993600000e+01
  ],
  ""type"": ""Point""
}","{
  ""coordinates"": [
    -83.21327205,
    42.414809936
  ],
  ""type"": ""Point""
}",-83.2132720499999,42.414809936
12627,9727273,MCNICOLS,GREENFIELD,2016-06-12,12,6,2016,21,1,4,9,,2,0,,1,2,4,35,5,2,2,5,0,0,0,0,true,,false,false,true,false,false,,,,,,false,false,false,,,false,false,false,false,false,-83.19931,42.41598,"{
  ""coordinates"": [
    -8.319930792400000e+01,
    4.241598184900000e+01
  ],
  ""type"": ""Point""
}","{
  ""coordinates"": [
    -83.199307924,
    42.415981849
  ],
  ""type"": ""Point""
}",-83.199307924,42.415981849
12628,9723803,I-96,EVERGREEN,2016-06-12,12,6,2016,16,1,1,1,,1,1,,1,1,1,70,3,1,1,4,0,0,0,1,false,,false,false,false,false,false,,,,,,false,false,false,,,false,false,true,false,false,-83.24371,42.38515,"{
  ""coordinates"": [
    -8.324371397399990e+01,
    4.238514717900010e+01
  ],
  ""type"": ""Point""
}","{
  ""coordinates"": [
    -83.243713974,
    42.385147179
  ],
  ""type"": ""Point""
}",-83.2437139739999,42.3851471790001
12629,9720089,INDIANA,CURTIS,2016-06-12,12,6,2016,4,1,8,9,,,0,,1,1,4,25,2,2,1,5,0,0,0,0,true,,false,false,false,true,false,,,,,,false,false,true,,,false,false,false,false,false,-83.15853,42.424,"{
  ""coordinates"": [
    -8.315853320799989e+01,
    4.242399620100010e+01
  ],
  ""type"": ""Point""
}","{
  ""coordinates"": [
    -83.158533208,
    42.423996201
  ],
  ""type"": ""Point""
}",-83.1585332079999,42.4239962010001
12630,9724952,TROJAN,GREYDALE,2016-06-12,12,6,2016,14,1,4,9,,,0,,1,1,1,25,2,2,3,5,0,0,0,0,true,,false,false,false,false,false,,,,,,false,false,true,,,false,false,false,false,false,-83.25749,42.4398,"{
  ""coordinates"": [
    -8.325748862300000e+01,
    4.243980550500000e+01
  ],
  ""type"": ""Point""
}","{
  ""coordinates"": [
    -83.257488623,
    42.439805505
  ],
  ""type"": ""Point""
}",-83.257488623,42.439805505
12631,9722108,NEVADA,HELEN,2016-06-12,12,6,2016,19,1,5,9,,4,0,,1,1,1,30,2,2,0,5,0,0,0,0,true,,false,false,true,false,false,,,,,,false,false,false,,,false,false,false,false,false,-83.03175,42.42656,"{
  ""coordinates"": [
    -8.303175025800000e+01,
    4.242656426900000e+01
  ],
  ""type"": ""Point""
}","{
  ""coordinates"": [
    -83.031750258,
    42.426564269
  ],
  ""type"": ""Point""
}",-83.031750258,42.426564269
12632,9723850,RYAN,EMERY,2016-06-12,12,6,2016,0,1,98,9,,4,0,,1,1,4,30,1,2,2,4,0,0,0,1,false,,false,false,true,false,false,,,,,,false,false,true,,,false,false,false,false,false,-83.06326,42.4357,"{
  ""coordinates"": [
    -8.306326223199990e+01,
    4.243569947600000e+01
  ],
  ""type"": ""Point""
}","{
  ""coordinates"": [
    -83.063262232,
    42.435699476
  ],
  ""type"": ""Point""
}",-83.0632622319999,42.435699476
12633,9721035,I-96,BENTLER,2016-06-12,12,6,2016,2,1,1,1,,4,1,,1,1,4,70,3,1,2,3,0,0,1,0,false,,false,false,false,false,false,,,,,,false,false,false,,,false,false,false,false,false,-83.25326,42.38497,"{
  ""coordinates"": [
    -8.325326128800000e+01,
    4.238496988400000e+01
  ],
  ""type"": ""Point""
}","{
  ""coordinates"": [
    -83.253261288,
    42.384969884
  ],
  ""type"": ""Point""
}",-83.253261288,42.384969884
12634,9724950,FORREST,ELLERY,2016-06-12,12,6,2016,6,1,1,9,,4,1,,1,1,2,30,3,1,1,5,0,0,0,0,true,,false,false,false,false,false,,,,,,false,false,false,,,false,false,false,false,false,-83.02837,42.36761,"{
  ""coordinates"": [
    -8.302837174200000e+01,
    4.236761035800000e+01
  ],
  ""type"": ""Point""
}","{
  ""coordinates"": [
    -83.028371742,
    42.367610358
  ],
  ""type"": ""Point""
}",-83.028371742,42.367610358
12635,9722109,I 75 SERVICE,MCNICHOLS,2016-06-12,12,6,2016,11,1,5,1,,4,0,,1,1,4,0,3,2,2,5,0,0,0,0,true,,false,false,true,false,false,,,,,,false,false,false,,,false,false,false,false,false,-83.08857,42.41821,"{
  ""coordinates"": [
    -8.308856925500000e+01,
    4.241820519600000e+01
  ],
  ""type"": ""Point""
}","{
  ""coordinates"": [
    -83.088569255,
    42.418205196
  ],
  ""type"": ""Point""
}",-83.088569255,42.418205196
12636,9728943,HOLBROOK,JOHN R,2016-06-12,12,6,2016,6,1,1,9,,4,0,,1,1,1,25,4,1,2,5,0,0,0,0,true,,false,false,false,false,false,,,,,,false,false,true,,,false,false,false,false,false,-83.07814,42.38202,"{
  ""coordinates"": [
    -8.307813758000000e+01,
    4.238201489700000e+01
  ],
  ""type"": ""Point""
}","{
  ""coordinates"": [
    -83.07813758,
    42.382014897
  ],
  ""type"": ""Point""
}",-83.07813758,42.382014897
12637,9768741,WB I-94,CONCORD,2016-06-12,12,6,2016,18,1,97,1,,1,0,,1,2,1,55,3,2,2,3,0,0,2,0,false,,false,false,false,false,false,,,,,,false,true,false,,,false,false,false,false,false,-83.02849,42.38429,"{
  ""coordinates"": [
    -8.302848896400000e+01,
    4.238429125600000e+01
  ],
  ""type"": ""Point""
}","{
  ""coordinates"": [
    -83.028488964,
    42.384291256
  ],
  ""type"": ""Point""
}",-83.028488964,42.384291256
12638,9730870,LAFAYETTE,CHENE,2016-06-12,12,6,2016,14,1,8,9,,4,0,,1,1,1,35,4,2,3,5,0,0,0,0,true,,false,false,true,false,false,,,,,,false,true,false,,,false,false,false,false,false,-83.02466,42.34132,"{
  ""coordinates"": [
    -8.302466127000000e+01,
    4.234131442400010e+01
  ],
  ""type"": ""Point""
}","{
  ""coordinates"": [
    -83.02466127,
    42.341314424
  ],
  ""type"": ""Point""
}",-83.02466127,42.3413144240001
12639,9721081,GRINNELL,FRENCH,2016-06-12,12,6,2016,2,1,5,9,,4,0,,1,1,4,25,2,2,2,5,0,0,0,0,true,,false,false,false,false,false,,,,,,false,false,false,,,false,false,false,false,false,-83.00179,42.40142,"{
  ""coordinates"": [
    -8.300179085199990e+01,
    4.240142614000010e+01
  ],
  ""type"": ""Point""
}","{
  ""coordinates"": [
    -83.001790852,
    42.40142614
  ],
  ""type"": ""Point""
}",-83.0017908519999,42.4014261400001
12640,9721055,GREENFIELD,KENDALL,2016-06-12,12,6,2016,15,1,1,9,,2,0,,1,1,1,35,4,2,1,3,0,0,1,0,false,,false,false,true,false,false,,,,,,false,false,false,,,false,false,false,true,false,-83.19824,42.38942,"{
  ""coordinates"": [
    -8.319824557100000e+01,
    4.238942017400010e+01
  ],
  ""type"": ""Point""
}","{
  ""coordinates"": [
    -83.198245571,
    42.389420174
  ],
  ""type"": ""Point""
}",-83.198245571,42.3894201740001
12641,9721077,ALTER,SOUTHAMPTON,2016-06-12,12,6,2016,15,1,7,9,,4,0,,1,1,1,30,4,2,5,5,0,0,0,0,true,,false,false,false,false,false,,,,,,false,false,true,,,false,false,false,false,false,-82.95683,42.39997,"{
  ""coordinates"": [
    -8.295682233299991e+01,
    4.239996540800010e+01
  ],
  ""type"": ""Point""
}","{
  ""coordinates"": [
    -82.956822333,
    42.399965408
  ],
  ""type"": ""Point""
}",-82.9568223329999,42.3999654080001
12642,9768740,RAMP 109A,RAMP 109E,2016-06-12,12,6,2016,2,1,5,3,,1,0,,1,1,4,55,1,2,4,5,0,0,0,0,true,,false,false,false,false,false,,,,,,false,false,true,,,false,false,false,false,false,-83.11187,42.39909,"{
  ""coordinates"": [
    -8.311186902299990e+01,
    4.239909216900000e+01
  ],
  ""type"": ""Point""
}","{
  ""coordinates"": [
    -83.111869023,
    42.399092169
  ],
  ""type"": ""Point""
}",-83.1118690229999,42.399092169
12643,9743943,OUTER,VAN DYKE,2016-06-12,12,6,2016,0,1,1,3,,2,0,,1,1,4,35,3,1,0,5,0,0,0,0,true,,false,false,true,false,false,,,,,,false,false,false,,,false,false,false,false,false,-83.02448,42.44113,"{
  ""coordinates"": [
    -8.302448363300000e+01,
    4.244113173300010e+01
  ],
  ""type"": ""Point""
}","{
  ""coordinates"": [
    -83.024483633,
    42.441131733
  ],
  ""type"": ""Point""
}",-83.024483633,42.4411317330001
12644,9728121,7 MILE,TELEGRAPH,2016-06-12,12,6,2016,16,1,5,2,,2,0,,1,1,1,40,3,2,2,5,0,0,0,0,true,,false,false,true,false,false,,,,,,false,false,false,,,false,false,false,false,false,-83.27761,42.42894,"{
  ""coordinates"": [
    -8.327761149299990e+01,
    4.242893581900010e+01
  ],
  ""type"": ""Point""
}","{
  ""coordinates"": [
    -83.277611493,
    42.428935819
  ],
  ""type"": ""Point""
}",-83.2776114929999,42.4289358190001
12645,9726305,PURITAN,MEYERS,2016-06-12,12,6,2016,19,1,1,9,,4,0,,98,98,98,30,2,2,1,5,0,0,0,0,true,,false,false,true,false,false,,,,,,false,false,false,,,false,false,false,true,false,-83.16949,42.40954,"{
  ""coordinates"": [
    -8.316948484499990e+01,
    4.240953758400010e+01
  ],
  ""type"": ""Point""
}","{
  ""coordinates"": [
    -83.169484845,
    42.409537584
  ],
  ""type"": ""Point""
}",-83.1694848449999,42.4095375840001
12646,9728970,MENDOTA,FLORENCE,2016-06-12,12,6,2016,1,1,8,9,,,0,,1,1,5,25,2,2,0,5,0,0,0,0,true,,false,false,true,false,false,,,,,,false,false,false,,,false,false,false,false,false,-83.16561,42.41299,"{
  ""coordinates"": [
    -8.316561110700000e+01,
    4.241299176100010e+01
  ],
  ""type"": ""Point""
}","{
  ""coordinates"": [
    -83.165611107,
    42.412991761
  ],
  ""type"": ""Point""
}",-83.165611107,42.4129917610001
12647,9724946,WOODMONT,PAUL,2016-06-12,12,6,2016,22,1,5,9,,,3,,1,1,4,25,1,2,1,5,0,0,0,0,true,,false,false,true,false,false,,,,,,false,false,true,,,false,false,false,false,false,-83.20707,42.33651,"{
  ""coordinates"": [
    -8.320706647899991e+01,
    4.233650679400010e+01
  ],
  ""type"": ""Point""
}","{
  ""coordinates"": [
    -83.207066479,
    42.336506794
  ],
  ""type"": ""Point""
}",-83.2070664789999,42.3365067940001
12648,9723846,WB I 94,CHENE,2016-06-12,12,6,2016,19,1,97,1,,1,0,,1,1,1,55,3,2,2,5,0,0,0,0,true,,false,false,true,false,false,,,,,,false,false,false,,,false,false,false,false,false,-83.0499,42.37318,"{
  ""coordinates"": [
    -8.304990613800000e+01,
    4.237317620700000e+01
  ],
  ""type"": ""Point""
}","{
  ""coordinates"": [
    -83.049906138,
    42.373176207
  ],
  ""type"": ""Point""
}",-83.049906138,42.373176207
12649,9722120,FLORENCE,SORRENTO,2016-06-12,12,6,2016,15,1,4,9,,,0,,1,2,1,25,2,2,1,3,0,0,1,0,false,,false,false,true,false,false,,,,,,false,false,false,,,false,false,false,false,false,-83.17302,42.41191,"{
  ""coordinates"": [
    -8.317302310900000e+01,
    4.241191379900000e+01
  ],
  ""type"": ""Point""
}","{
  ""coordinates"": [
    -83.173023109,
    42.411913799
  ],
  ""type"": ""Point""
}",-83.173023109,42.411913799
12650,9723097,EDSEL,FLORIDA,2016-06-12,12,6,2016,21,1,1,9,,4,1,,1,1,1,30,2,1,0,5,0,0,0,0,true,,false,false,true,false,false,,,,,,false,false,false,,,false,false,false,false,false,-83.1376,42.33291,"{
  ""coordinates"": [
    -8.313760137799990e+01,
    4.233290958200010e+01
  ],
  ""type"": ""Point""
}","{
  ""coordinates"": [
    -83.137601378,
    42.332909582
  ],
  ""type"": ""Point""
}",-83.1376013779999,42.3329095820001
12651,9721093,JEFFERSON,RIVARD,2016-06-12,12,6,2016,15,1,8,9,,4,0,,1,1,1,35,6,2,4,5,0,0,0,0,true,,false,false,true,false,false,,,,,,false,false,false,,,false,false,true,false,false,-82.95245,42.37063,"{
  ""coordinates"": [
    -8.295244612300000e+01,
    4.237063103800010e+01
  ],
  ""type"": ""Point""
}","{
  ""coordinates"": [
    -82.952446123,
    42.370631038
  ],
  ""type"": ""Point""
}",-82.952446123,42.3706310380001