ObjectId,Crash ID,Primary Road,Intersecting Road,Crash Date,Day,Month,Year,Hour,Weekday,Crash Type Code,Highway Classification Code,Community Code,Jurisdiction Code,Lane Departure Type Code,Surface Type,Road Condition,Weather Condition,Lighting Condition,Speed Limit,Lanes,Units,Occupants,Most Severe Injury,Fatal Injuries,Suspected Serious Injuries,Suspected Minor Injuries,Possible Injuries,Property Damage Only,Secondary Crash,Traffic Control,Red Light Run,Hit and Run,Alcohol,Drugs,Unbelted Person,Work Zone,Speeding Driver,Distracted Driver,Driveway,Pedestrian,Elderly Driver,Young Driver,Commercial Vehicle,Emergency Vehicles,Train,School Bus,Motorcycle,Bicycle,Deer,Longitude,Latitude,geom,geog,x,y
12879,9806106,JEFFERSON,WOODWARD,2016-06-08,8,6,2016,16,4,8,3,,1,0,,1,1,1,35,6,2,2,5,0,0,0,0,true,,false,false,false,false,false,,,,,,false,false,false,,,false,false,false,false,false,-83.04464,42.3288,"{
  ""coordinates"": [
    -8.304464227800000e+01,
    4.232880172300000e+01
  ],
  ""type"": ""Point""
}","{
  ""coordinates"": [
    -83.044642278,
    42.328801723
  ],
  ""type"": ""Point""
}",-83.044642278,42.328801723
12880,9727154,I-94,LODGE,2016-06-08,8,6,2016,12,4,1,1,,1,0,,1,1,1,70,3,1,2,5,0,0,0,0,true,,false,false,false,false,false,,,,,,false,false,false,,,false,false,false,false,false,-83.08389,42.35503,"{
  ""coordinates"": [
    -8.308389183799990e+01,
    4.235502960100010e+01
  ],
  ""type"": ""Point""
}","{
  ""coordinates"": [
    -83.083891838,
    42.355029601
  ],
  ""type"": ""Point""
}",-83.0838918379999,42.3550296010001
12881,9726052,E I 94,S M 10,2016-06-08,8,6,2016,21,4,8,1,,1,0,,1,1,1,70,3,3,3,5,0,0,0,0,true,,false,false,true,false,false,,,,,,false,false,true,,,false,false,false,false,false,-83.07662,42.35868,"{
  ""coordinates"": [
    -8.307662480700000e+01,
    4.235868059300000e+01
  ],
  ""type"": ""Point""
}","{
  ""coordinates"": [
    -83.076624807,
    42.358680593
  ],
  ""type"": ""Point""
}",-83.076624807,42.358680593
12882,9718793,PRAIRIE,CURTIS,2016-06-08,8,6,2016,9,4,4,9,,,0,,1,1,1,25,2,2,3,5,0,0,0,0,true,,false,false,false,false,false,,,,,,false,false,true,,,false,false,false,false,false,-83.14547,42.42435,"{
  ""coordinates"": [
    -8.314547197500001e+01,
    4.242434943500010e+01
  ],
  ""type"": ""Point""
}","{
  ""coordinates"": [
    -83.145471975,
    42.424349435
  ],
  ""type"": ""Point""
}",-83.145471975,42.4243494350001
12883,9724958,SALEM,BENNETT,2016-06-08,8,6,2016,7,4,4,9,,,0,,1,1,1,25,1,2,6,3,0,0,1,0,false,,true,false,false,false,false,,,,,,false,false,true,,,false,false,false,false,false,-83.28536,42.41914,"{
  ""coordinates"": [
    -8.328536078799991e+01,
    4.241913844000000e+01
  ],
  ""type"": ""Point""
}","{
  ""coordinates"": [
    -83.285360788,
    42.41913844
  ],
  ""type"": ""Point""
}",-83.2853607879999,42.41913844
12884,9717887,CRANBROOK,OUTER,2016-06-08,8,6,2016,19,4,1,9,,,0,,1,1,1,35,4,2,2,3,0,0,1,0,false,,false,false,false,false,false,,,,,,false,true,false,,,false,false,false,true,false,-83.15746,42.43509,"{
  ""coordinates"": [
    -8.315746370300000e+01,
    4.243509234200010e+01
  ],
  ""type"": ""Point""
}","{
  ""coordinates"": [
    -83.157463703,
    42.435092342
  ],
  ""type"": ""Point""
}",-83.157463703,42.4350923420001
12885,9717868,MACK,MT ELLIOTT,2016-06-08,8,6,2016,14,4,3,9,,4,0,,1,1,1,30,2,2,2,4,0,0,0,1,false,,false,false,false,false,false,,,,,,false,false,false,,,false,false,false,false,false,-83.02161,42.36129,"{
  ""coordinates"": [
    -8.302160387100000e+01,
    4.236128986300000e+01
  ],
  ""type"": ""Point""
}","{
  ""coordinates"": [
    -83.021603871,
    42.361289863
  ],
  ""type"": ""Point""
}",-83.021603871,42.361289863
12886,9720046,GRAND RIVER,LAHSER,2016-06-08,8,6,2016,8,4,3,3,,1,0,,1,1,1,35,5,2,3,4,0,0,0,1,false,,false,false,false,false,false,,,,,,false,false,false,,,false,false,false,false,false,-83.25764,42.41649,"{
  ""coordinates"": [
    -8.325763493600000e+01,
    4.241648737300010e+01
  ],
  ""type"": ""Point""
}","{
  ""coordinates"": [
    -83.257634936,
    42.416487373
  ],
  ""type"": ""Point""
}",-83.257634936,42.4164873730001
12887,9717879,8 MILE,VAN DYKE,2016-06-08,8,6,2016,17,4,5,3,,1,0,,1,1,1,40,5,2,2,5,0,0,0,0,true,,false,false,false,false,false,,,,,,false,false,false,,,false,false,false,false,false,-83.02137,42.44825,"{
  ""coordinates"": [
    -8.302137314700001e+01,
    4.244824776400000e+01
  ],
  ""type"": ""Point""
}","{
  ""coordinates"": [
    -83.021373147,
    42.448247764
  ],
  ""type"": ""Point""
}",-83.021373147,42.448247764
12888,9720044,STMARYS,MCNICHOLS,2016-06-08,8,6,2016,4,4,10,9,,,0,,1,1,4,25,2,2,2,5,0,0,0,0,true,,false,false,false,false,false,,,,,,false,false,false,,,false,false,false,false,false,-83.20692,42.41718,"{
  ""coordinates"": [
    -8.320691934900000e+01,
    4.241717633600010e+01
  ],
  ""type"": ""Point""
}","{
  ""coordinates"": [
    -83.206919349,
    42.417176336
  ],
  ""type"": ""Point""
}",-83.206919349,42.4171763360001
12889,9717848,CADIEUX,FRANKFORT,2016-06-08,8,6,2016,15,4,8,9,,4,0,,1,1,1,30,5,2,2,5,0,0,0,0,true,,false,false,true,false,false,,,,,,false,false,true,,,false,false,false,false,false,-82.93088,42.40771,"{
  ""coordinates"": [
    -8.293088136800000e+01,
    4.240770827500010e+01
  ],
  ""type"": ""Point""
}","{
  ""coordinates"": [
    -82.930881368,
    42.407708275
  ],
  ""type"": ""Point""
}",-82.930881368,42.4077082750001
12890,9718788,8 MILE,RYAN,2016-06-08,8,6,2016,23,4,9,3,,1,0,,1,1,4,0,4,2,1,5,0,0,0,0,true,,false,false,true,false,false,,,,,,false,false,false,,,false,false,false,false,false,-83.06387,42.44726,"{
  ""coordinates"": [
    -8.306386833999990e+01,
    4.244725682800000e+01
  ],
  ""type"": ""Point""
}","{
  ""coordinates"": [
    -83.06386834,
    42.447256828
  ],
  ""type"": ""Point""
}",-83.0638683399999,42.447256828
12891,9717875,DAVISON,DEXTER,2016-06-08,8,6,2016,12,4,8,3,,1,0,,1,1,1,30,2,2,2,5,0,0,0,0,true,,false,false,false,false,false,,,,,,false,false,true,,,false,false,false,false,false,-83.13102,42.38968,"{
  ""coordinates"": [
    -8.313102018500000e+01,
    4.238968122800000e+01
  ],
  ""type"": ""Point""
}","{
  ""coordinates"": [
    -83.131020185,
    42.389681228
  ],
  ""type"": ""Point""
}",-83.131020185,42.389681228
12892,9717859,EVERGREEN,TIREMAN,2016-06-08,8,6,2016,14,4,97,9,,4,0,,1,1,1,30,8,4,1,3,0,0,1,2,false,,false,false,false,false,false,,,,,,true,false,false,,,false,false,false,false,false,-83.23564,42.35033,"{
  ""coordinates"": [
    -8.323564362199990e+01,
    4.235033175700000e+01
  ],
  ""type"": ""Point""
}","{
  ""coordinates"": [
    -83.235643622,
    42.350331757
  ],
  ""type"": ""Point""
}",-83.2356436219999,42.350331757
12893,9718778,BARLOW,7MILE,2016-06-08,8,6,2016,22,4,5,9,,,0,,1,1,4,25,1,2,1,5,0,0,0,0,true,,false,false,true,false,false,,,,,,false,false,false,,,false,false,false,false,false,-82.99603,42.43443,"{
  ""coordinates"": [
    -8.299602435400000e+01,
    4.243442469000010e+01
  ],
  ""type"": ""Point""
}","{
  ""coordinates"": [
    -82.996024354,
    42.43442469
  ],
  ""type"": ""Point""
}",-82.996024354,42.4344246900001
12894,9718800,RUSSELL,STATE FAIR,2016-06-08,8,6,2016,12,4,5,9,,,0,,1,1,1,15,3,2,1,5,0,0,0,0,true,,false,false,true,false,false,,,,,,false,false,false,,,false,false,false,false,false,-83.09083,42.43933,"{
  ""coordinates"": [
    -8.309082440600000e+01,
    4.243932547300010e+01
  ],
  ""type"": ""Point""
}","{
  ""coordinates"": [
    -83.090824406,
    42.439325473
  ],
  ""type"": ""Point""
}",-83.090824406,42.4393254730001
12895,9718783,LIVERNOIS,CLEMENTS,2016-06-08,8,6,2016,14,4,8,9,,4,0,,1,1,1,30,6,2,5,5,0,0,0,0,true,,false,false,false,false,false,,,,,,false,false,false,,,false,false,false,false,false,-83.13947,42.38754,"{
  ""coordinates"": [
    -8.313946454200000e+01,
    4.238753385000010e+01
  ],
  ""type"": ""Point""
}","{
  ""coordinates"": [
    -83.139464542,
    42.38753385
  ],
  ""type"": ""Point""
}",-83.139464542,42.3875338500001
12896,9716922,GRATIOT,ROHNS,2016-06-08,8,6,2016,7,4,5,3,,1,0,,1,1,1,35,3,2,3,5,0,0,0,0,true,,false,false,false,false,false,,,,,,false,false,false,,,false,false,false,false,false,-83.00915,42.38718,"{
  ""coordinates"": [
    -8.300915098000000e+01,
    4.238718245800000e+01
  ],
  ""type"": ""Point""
}","{
  ""coordinates"": [
    -83.00915098,
    42.387182458
  ],
  ""type"": ""Point""
}",-83.00915098,42.387182458
12897,9717866,GRATIOT,VERNOR,2016-06-08,8,6,2016,16,4,8,3,,1,0,,1,1,1,35,2,2,2,5,0,0,0,0,true,,false,false,false,false,false,,,,,,false,false,false,,,false,false,false,false,false,-83.0354,42.34785,"{
  ""coordinates"": [
    -8.303539781800001e+01,
    4.234785227600000e+01
  ],
  ""type"": ""Point""
}","{
  ""coordinates"": [
    -83.035397818,
    42.347852276
  ],
  ""type"": ""Point""
}",-83.035397818,42.347852276
12898,9717864,ORANGELAWN,BEAVERLAND,2016-06-08,8,6,2016,20,4,4,9,,,0,,1,1,1,25,2,2,4,4,0,0,0,2,false,,false,false,false,false,false,,,,,,false,false,true,,,false,false,false,false,false,-83.26434,42.36676,"{
  ""coordinates"": [
    -8.326434061099999e+01,
    4.236675554000000e+01
  ],
  ""type"": ""Point""
}","{
  ""coordinates"": [
    -83.264340611,
    42.36675554
  ],
  ""type"": ""Point""
}",-83.264340611,42.36675554
12899,9718775,BOSTON,OTSEGO,2016-06-08,8,6,2016,17,4,4,9,,4,0,,1,1,1,25,4,2,3,4,0,0,0,1,false,,false,false,false,false,false,,,,,,false,false,false,,,false,false,false,false,false,-83.12595,42.37294,"{
  ""coordinates"": [
    -8.312594468899989e+01,
    4.237293846600010e+01
  ],
  ""type"": ""Point""
}","{
  ""coordinates"": [
    -83.125944689,
    42.372938466
  ],
  ""type"": ""Point""
}",-83.1259446889999,42.3729384660001
12900,9722037,S M 10,WEBB,2016-06-08,8,6,2016,8,4,5,3,,1,0,,1,1,2,55,3,2,2,5,0,0,0,0,true,,false,false,false,false,false,,,,,,false,false,false,,,false,false,false,false,false,-83.10194,42.38729,"{
  ""coordinates"": [
    -8.310193361599990e+01,
    4.238728934300010e+01
  ],
  ""type"": ""Point""
}","{
  ""coordinates"": [
    -83.101933616,
    42.387289343
  ],
  ""type"": ""Point""
}",-83.1019336159999,42.3872893430001
12901,9723053,I-75,WARREN,2016-06-08,8,6,2016,15,4,8,1,,1,0,,1,1,1,55,4,2,2,5,0,0,0,0,true,,false,false,false,false,false,,,,,,false,false,false,,,false,false,false,false,false,-83.05518,42.3621,"{
  ""coordinates"": [
    -8.305517847100000e+01,
    4.236209813000000e+01
  ],
  ""type"": ""Point""
}","{
  ""coordinates"": [
    -83.055178471,
    42.36209813
  ],
  ""type"": ""Point""
}",-83.055178471,42.36209813
12902,9723106,MOUNT ELLIOTT,HARPER,2016-06-08,8,6,2016,15,4,97,9,,4,0,,1,1,1,30,4,2,2,5,0,0,0,0,true,,false,false,false,false,false,,,,,,false,false,false,,,false,false,false,false,false,-83.03345,42.37897,"{
  ""coordinates"": [
    -8.303344501200000e+01,
    4.237897124500010e+01
  ],
  ""type"": ""Point""
}","{
  ""coordinates"": [
    -83.033445012,
    42.378971245
  ],
  ""type"": ""Point""
}",-83.033445012,42.3789712450001
12903,9717883,WEXFORD,WINCHESTER,2016-06-08,8,6,2016,3,4,8,9,,,0,,1,2,4,25,2,2,1,5,0,0,0,0,true,,false,false,true,true,false,,,,,,false,false,false,,,false,false,false,false,false,-83.06584,42.44543,"{
  ""coordinates"": [
    -8.306584525600000e+01,
    4.244543410300000e+01
  ],
  ""type"": ""Point""
}","{
  ""coordinates"": [
    -83.065845256,
    42.445434103
  ],
  ""type"": ""Point""
}",-83.065845256,42.445434103
12904,9739019,CLAY,S I 75,2016-06-08,8,6,2016,7,4,97,9,,4,0,,1,1,1,0,3,2,2,4,0,0,0,1,false,,false,false,false,false,false,,,,,,false,false,true,,,false,false,true,false,false,-83.06276,42.37831,"{
  ""coordinates"": [
    -8.306275798099990e+01,
    4.237831671100000e+01
  ],
  ""type"": ""Point""
}","{
  ""coordinates"": [
    -83.062757981,
    42.378316711
  ],
  ""type"": ""Point""
}",-83.0627579809999,42.378316711
12905,9717846,MACK,BEAUBIEN,2016-06-08,8,6,2016,15,4,5,9,,4,0,,1,1,1,0,6,2,2,5,0,0,0,0,true,,false,false,true,false,false,,,,,,false,false,false,,,false,false,false,false,false,-83.05215,42.34978,"{
  ""coordinates"": [
    -8.305214583599999e+01,
    4.234978330600010e+01
  ],
  ""type"": ""Point""
}","{
  ""coordinates"": [
    -83.052145836,
    42.349783306
  ],
  ""type"": ""Point""
}",-83.052145836,42.3497833060001
12906,9717878,7 MILE,CLIFF,2016-06-08,8,6,2016,17,4,4,9,,4,0,,1,1,1,35,2,2,4,5,0,0,0,0,true,,false,false,false,false,false,,,,,,false,false,true,,,false,false,false,false,false,-83.02825,42.43388,"{
  ""coordinates"": [
    -8.302825282200000e+01,
    4.243388556800010e+01
  ],
  ""type"": ""Point""
}","{
  ""coordinates"": [
    -83.028252822,
    42.433885568
  ],
  ""type"": ""Point""
}",-83.028252822,42.4338855680001
12907,9722038,I-94,CHENE,2016-06-08,8,6,2016,15,4,97,1,,1,0,,1,1,1,55,3,2,2,5,0,0,0,0,true,,false,false,false,false,false,,,,,,false,false,false,,,false,false,false,false,false,-83.04688,42.37425,"{
  ""coordinates"": [
    -8.304687891099999e+01,
    4.237425380000010e+01
  ],
  ""type"": ""Point""
}","{
  ""coordinates"": [
    -83.046878911,
    42.3742538
  ],
  ""type"": ""Point""
}",-83.046878911,42.3742538000001
12908,9722011,S M 39,RAMP 012D,2016-06-08,8,6,2016,8,4,8,3,,1,0,,1,1,1,55,3,2,2,4,0,0,0,1,false,,false,false,false,false,false,,,,,,false,false,false,,,false,false,false,false,false,-83.21978,42.43943,"{
  ""coordinates"": [
    -8.321977913400001e+01,
    4.243943288200010e+01
  ],
  ""type"": ""Point""
}","{
  ""coordinates"": [
    -83.219779134,
    42.439432882
  ],
  ""type"": ""Point""
}",-83.219779134,42.4394328820001
12909,9719987,WARREN,BRUSH,2016-06-08,8,6,2016,17,4,6,9,,4,0,,1,1,1,25,4,2,2,5,0,0,0,0,true,,false,false,false,false,false,,,,,,false,false,false,,,false,false,false,false,false,-83.05983,42.35866,"{
  ""coordinates"": [
    -8.305983269500000e+01,
    4.235865954400000e+01
  ],
  ""type"": ""Point""
}","{
  ""coordinates"": [
    -83.059832695,
    42.358659544
  ],
  ""type"": ""Point""
}",-83.059832695,42.358659544
12910,9717873,GRATIOT,CONNER,2016-06-08,8,6,2016,13,4,8,3,,1,0,,1,1,1,35,7,2,2,5,0,0,0,0,true,,false,false,true,false,false,,,,,,false,false,false,,,false,false,false,false,false,-82.99745,42.40497,"{
  ""coordinates"": [
    -8.299745192499999e+01,
    4.240497321800010e+01
  ],
  ""type"": ""Point""
}","{
  ""coordinates"": [
    -82.997451925,
    42.404973218
  ],
  ""type"": ""Point""
}",-82.997451925,42.4049732180001
12911,9723860,MCNICHOLS,MEYERS,2016-06-08,8,6,2016,17,4,1,9,,2,0,,1,1,1,30,4,4,1,4,0,0,0,3,false,,false,false,false,false,false,,,,,,true,false,false,,,false,false,false,false,false,-83.17012,42.41666,"{
  ""coordinates"": [
    -8.317012099599999e+01,
    4.241665486000010e+01
  ],
  ""type"": ""Point""
}","{
  ""coordinates"": [
    -83.170120996,
    42.41665486
  ],
  ""type"": ""Point""
}",-83.170120996,42.4166548600001
12912,9723102,GRATIOT,ANTIETAM,2016-06-08,8,6,2016,11,4,4,3,,1,0,,1,1,1,0,6,2,3,3,0,0,1,1,false,,false,false,false,false,false,,,,,,false,false,false,,,false,false,false,false,false,-83.04128,42.34024,"{
  ""coordinates"": [
    -8.304127506400000e+01,
    4.234023526800010e+01
  ],
  ""type"": ""Point""
}","{
  ""coordinates"": [
    -83.041275064,
    42.340235268
  ],
  ""type"": ""Point""
}",-83.041275064,42.3402352680001
12913,9718771,E I 94 SERVICE DRIVE,MOROSS,2016-06-08,8,6,2016,14,4,5,9,,4,0,,1,1,1,30,3,2,2,4,0,0,0,1,false,,false,false,true,false,false,,,,,,false,false,false,,,false,false,false,false,false,-82.92824,42.4244,"{
  ""coordinates"": [
    -8.292823530899990e+01,
    4.242440368800000e+01
  ],
  ""type"": ""Point""
}","{
  ""coordinates"": [
    -82.928235309,
    42.424403688
  ],
  ""type"": ""Point""
}",-82.9282353089999,42.424403688
12914,9718796,7 MILE,HAVANA,2016-06-08,8,6,2016,23,4,1,9,,4,1,,1,1,4,30,2,1,1,3,0,0,1,0,false,,false,false,false,false,false,,,,,,false,false,false,,,false,false,false,false,false,-83.11054,42.43219,"{
  ""coordinates"": [
    -8.311054496100000e+01,
    4.243218986600000e+01
  ],
  ""type"": ""Point""
}","{
  ""coordinates"": [
    -83.110544961,
    42.432189866
  ],
  ""type"": ""Point""
}",-83.110544961,42.432189866
12915,9717858,GREENFIELD,LYNDON,2016-06-08,8,6,2016,20,4,5,9,,2,0,,1,1,1,35,4,2,1,5,0,0,0,0,true,,false,false,true,false,false,,,,,,false,false,false,,,false,false,false,false,false,-83.19843,42.39447,"{
  ""coordinates"": [
    -8.319842234600000e+01,
    4.239447469600000e+01
  ],
  ""type"": ""Point""
}","{
  ""coordinates"": [
    -83.198422346,
    42.394474696
  ],
  ""type"": ""Point""
}",-83.198422346,42.394474696
12916,9719985,WARREN,LODGE SERVICE,2016-06-08,8,6,2016,11,4,8,9,,4,0,,1,1,1,0,5,2,3,5,0,0,0,0,true,,false,false,false,false,false,,,,,,false,false,false,,,false,false,false,false,false,-83.09095,42.34819,"{
  ""coordinates"": [
    -8.309095017000000e+01,
    4.234818689700010e+01
  ],
  ""type"": ""Point""
}","{
  ""coordinates"": [
    -83.09095017,
    42.348186897
  ],
  ""type"": ""Point""
}",-83.09095017,42.3481868970001
12917,9718774,JEFFERSON,ALGONQUIN,2016-06-08,8,6,2016,21,4,4,9,,4,0,,1,1,4,35,5,2,2,4,0,0,0,1,false,,false,false,false,false,false,,,,,,false,false,true,,,false,false,false,false,false,-82.9565,42.37024,"{
  ""coordinates"": [
    -8.295649531500000e+01,
    4.237023848300000e+01
  ],
  ""type"": ""Point""
}","{
  ""coordinates"": [
    -82.956495315,
    42.370238483
  ],
  ""type"": ""Point""
}",-82.956495315,42.370238483
12918,9720884,N/B I 75,7 MILE,2016-06-08,8,6,2016,16,4,5,1,,1,0,,1,1,1,70,3,2,4,4,0,0,0,1,false,,false,false,false,false,false,,,,,,false,false,false,,,false,false,false,false,false,-83.0948,42.43611,"{
  ""coordinates"": [
    -8.309479264200000e+01,
    4.243610901400010e+01
  ],
  ""type"": ""Point""
}","{
  ""coordinates"": [
    -83.094792642,
    42.436109014
  ],
  ""type"": ""Point""
}",-83.094792642,42.4361090140001
12919,9722012,E I 96,GRAND RIVER/I 96 CROSSOVER,2016-06-08,8,6,2016,16,4,1,1,,1,1,,1,1,1,70,4,1,1,3,0,0,1,0,false,,false,false,false,false,false,,,,,,false,false,false,,,false,false,false,false,false,-83.177,42.38344,"{
  ""coordinates"": [
    -8.317700240300000e+01,
    4.238343710400010e+01
  ],
  ""type"": ""Point""
}","{
  ""coordinates"": [
    -83.177002403,
    42.383437104
  ],
  ""type"": ""Point""
}",-83.177002403,42.3834371040001
12920,9717849,MOROSS,CHESTER,2016-06-08,8,6,2016,19,4,5,9,,2,0,,1,1,1,35,3,2,3,5,0,0,0,0,true,,false,false,false,false,false,,,,,,false,false,true,,,false,false,false,false,false,-82.92295,42.42221,"{
  ""coordinates"": [
    -8.292294996399990e+01,
    4.242220563100010e+01
  ],
  ""type"": ""Point""
}","{
  ""coordinates"": [
    -82.922949964,
    42.422205631
  ],
  ""type"": ""Point""
}",-82.9229499639999,42.4222056310001
12921,9719971,RAMP 119A,S M 10 SERVICE DRIVE,2016-06-08,8,6,2016,15,4,8,3,,1,0,,1,1,1,0,2,2,2,5,0,0,0,0,true,,false,false,false,false,false,,,,,,false,false,false,,,false,false,false,false,false,-83.0729,42.35194,"{
  ""coordinates"": [
    -8.307290104299990e+01,
    4.235193887900000e+01
  ],
  ""type"": ""Point""
}","{
  ""coordinates"": [
    -83.072901043,
    42.351938879
  ],
  ""type"": ""Point""
}",-83.0729010429999,42.351938879
12922,9723837,TIREMAN,LIVERNOIS,2016-06-08,8,6,2016,17,4,1,9,,4,0,,1,1,1,25,1,2,0,3,0,0,1,0,false,,false,false,true,false,false,,,,,,true,false,false,,,false,false,false,false,false,-83.13542,42.35207,"{
  ""coordinates"": [
    -8.313541909700000e+01,
    4.235206565100000e+01
  ],
  ""type"": ""Point""
}","{
  ""coordinates"": [
    -83.135419097,
    42.352065651
  ],
  ""type"": ""Point""
}",-83.135419097,42.352065651
12923,9717861,GRANDVILLE,PLYMOUTH,2016-06-08,8,6,2016,8,4,97,9,,,0,,1,1,1,25,1,2,2,5,0,0,0,0,true,,false,false,true,false,false,,,,,,false,false,false,,,false,false,false,false,false,-83.23017,42.37198,"{
  ""coordinates"": [
    -8.323017174500001e+01,
    4.237198206100000e+01
  ],
  ""type"": ""Point""
}","{
  ""coordinates"": [
    -83.230171745,
    42.371982061
  ],
  ""type"": ""Point""
}",-83.230171745,42.371982061
12924,9718772,MOROSS,KINGSVILLE,2016-06-08,8,6,2016,20,4,5,9,,2,0,,1,1,1,35,3,3,4,4,0,0,0,1,false,,false,false,true,false,false,,,,,,false,false,true,,,false,false,false,false,false,-82.91665,42.41967,"{
  ""coordinates"": [
    -8.291664923300000e+01,
    4.241967346800000e+01
  ],
  ""type"": ""Point""
}","{
  ""coordinates"": [
    -82.916649233,
    42.419673468
  ],
  ""type"": ""Point""
}",-82.916649233,42.419673468
12925,9721827,W/B I-94,MOROSS,2016-06-08,8,6,2016,7,4,5,1,,1,0,,1,1,1,55,3,2,2,5,0,0,0,0,true,,false,false,false,false,false,,,,,,false,false,false,,,false,false,false,false,false,-82.92927,42.42398,"{
  ""coordinates"": [
    -8.292926751600000e+01,
    4.242398243300000e+01
  ],
  ""type"": ""Point""
}","{
  ""coordinates"": [
    -82.929267516,
    42.423982433
  ],
  ""type"": ""Point""
}",-82.929267516,42.423982433
12926,9719994,S M 10,MARTIN LUTHER KING JR,2016-06-08,8,6,2016,7,4,9,3,,1,0,,1,1,1,30,3,2,2,5,0,0,0,0,true,,false,false,false,false,false,,,,,,false,true,true,,,false,false,false,false,false,-83.06815,42.34312,"{
  ""coordinates"": [
    -8.306814603899990e+01,
    4.234311533200000e+01
  ],
  ""type"": ""Point""
}","{
  ""coordinates"": [
    -83.068146039,
    42.343115332
  ],
  ""type"": ""Point""
}",-83.0681460389999,42.343115332
12927,9720012,OUTER,LYNDON,2016-06-08,8,6,2016,10,4,5,9,,2,0,,1,1,1,35,3,3,3,5,0,0,0,0,true,,false,false,false,false,false,,,,,,false,false,false,,,false,false,false,false,false,-83.25641,42.39302,"{
  ""coordinates"": [
    -8.325640926299999e+01,
    4.239302361100000e+01
  ],
  ""type"": ""Point""
}","{
  ""coordinates"": [
    -83.256409263,
    42.393023611
  ],
  ""type"": ""Point""
}",-83.256409263,42.393023611
12928,9717886,8 MILE,GARDENDALE,2016-06-08,8,6,2016,18,4,4,3,,1,0,,1,1,1,40,8,2,4,4,0,0,0,1,false,,false,false,false,false,false,,,,,,false,false,false,,,false,false,false,false,false,-83.13885,42.44615,"{
  ""coordinates"": [
    -8.313885078500000e+01,
    4.244615249200010e+01
  ],
  ""type"": ""Point""
}","{
  ""coordinates"": [
    -83.138850785,
    42.446152492
  ],
  ""type"": ""Point""
}",-83.138850785,42.4461524920001
12929,9720005,N I 75,MICHIGAN,2016-06-08,8,6,2016,17,4,8,1,,1,0,,1,1,1,0,4,2,2,5,0,0,0,0,true,,false,false,false,false,false,,,,,,false,false,true,,,false,false,false,false,false,-83.08469,42.33139,"{
  ""coordinates"": [
    -8.308468393299999e+01,
    4.233138514800000e+01
  ],
  ""type"": ""Point""
}","{
  ""coordinates"": [
    -83.084683933,
    42.331385148
  ],
  ""type"": ""Point""
}",-83.084683933,42.331385148
12930,9718784,WEBB,N M 10,2016-06-08,8,6,2016,15,4,8,3,,4,0,,1,1,1,30,2,3,4,5,0,0,0,0,true,,false,false,true,false,false,,,,,,false,false,true,,,false,false,false,false,false,-83.102,42.38788,"{
  ""coordinates"": [
    -8.310199543000000e+01,
    4.238787711600000e+01
  ],
  ""type"": ""Point""
}","{
  ""coordinates"": [
    -83.10199543,
    42.387877116
  ],
  ""type"": ""Point""
}",-83.10199543,42.387877116
12931,9721054,WADSWORTH,BIRWOOD,2016-06-08,8,6,2016,15,4,97,9,,,0,,1,2,1,25,1,2,3,5,0,0,0,0,true,,false,false,false,false,false,,,,,,false,false,false,,,false,false,false,false,false,-83.16354,42.37571,"{
  ""coordinates"": [
    -8.316353656800000e+01,
    4.237570612100010e+01
  ],
  ""type"": ""Point""
}","{
  ""coordinates"": [
    -83.163536568,
    42.375706121
  ],
  ""type"": ""Point""
}",-83.163536568,42.3757061210001
12932,9717874,7 MILE,SCHOENHERR,2016-06-08,8,6,2016,17,4,4,9,,4,0,,1,1,1,35,2,2,4,4,0,0,0,1,false,,false,false,false,false,false,,,,,,false,false,true,,,false,false,false,false,false,-82.98512,42.43492,"{
  ""coordinates"": [
    -8.298511611299990e+01,
    4.243491567400010e+01
  ],
  ""type"": ""Point""
}","{
  ""coordinates"": [
    -82.985116113,
    42.434915674
  ],
  ""type"": ""Point""
}",-82.9851161129999,42.4349156740001
12933,9719982,WOODWARD,ALFRED,2016-06-08,8,6,2016,12,4,5,3,,1,0,,1,1,1,15,2,2,2,4,0,0,0,1,false,,false,false,false,false,false,,,,,,false,false,false,,,false,false,false,false,false,-83.0546,42.34249,"{
  ""coordinates"": [
    -8.305459578400000e+01,
    4.234249080800000e+01
  ],
  ""type"": ""Point""
}","{
  ""coordinates"": [
    -83.054595784,
    42.342490808
  ],
  ""type"": ""Point""
}",-83.054595784,42.342490808
12934,9721012,SB I-75,WARREN,2016-06-08,8,6,2016,0,4,1,1,,1,1,,1,1,4,70,3,1,2,5,0,0,0,0,true,,false,false,false,false,false,,,,,,false,false,false,,,false,false,false,false,false,-83.05234,42.35748,"{
  ""coordinates"": [
    -8.305233750300000e+01,
    4.235748214000010e+01
  ],
  ""type"": ""Point""
}","{
  ""coordinates"": [
    -83.052337503,
    42.35748214
  ],
  ""type"": ""Point""
}",-83.052337503,42.3574821400001
12935,9732011,MEYERS,JAMES COUZENS,2016-06-08,8,6,2016,11,4,5,9,,4,0,,1,1,1,45,4,2,4,5,0,0,0,0,true,,false,false,false,false,false,,,,,,false,false,true,,,false,false,false,false,false,-83.17001,42.41478,"{
  ""coordinates"": [
    -8.317001347500000e+01,
    4.241477931500000e+01
  ],
  ""type"": ""Point""
}","{
  ""coordinates"": [
    -83.170013475,
    42.414779315
  ],
  ""type"": ""Point""
}",-83.170013475,42.414779315