ObjectId,Crash ID,Primary Road,Intersecting Road,Crash Date,Day,Month,Year,Hour,Weekday,Crash Type Code,Highway Classification Code,Community Code,Jurisdiction Code,Lane Departure Type Code,Surface Type,Road Condition,Weather Condition,Lighting Condition,Speed Limit,Lanes,Units,Occupants,Most Severe Injury,Fatal Injuries,Suspected Serious Injuries,Suspected Minor Injuries,Possible Injuries,Property Damage Only,Secondary Crash,Traffic Control,Red Light Run,Hit and Run,Alcohol,Drugs,Unbelted Person,Work Zone,Speeding Driver,Distracted Driver,Driveway,Pedestrian,Elderly Driver,Young Driver,Commercial Vehicle,Emergency Vehicles,Train,School Bus,Motorcycle,Bicycle,Deer,Longitude,Latitude,geom,geog,x,y
12936,9718801,DAVISON,ROSA PARKS,2016-06-08,8,6,2016,12,4,8,3,,1,0,,1,1,1,30,3,2,2,5,0,0,0,0,true,,false,false,true,false,false,,,,,,false,false,false,,,false,false,false,false,false,-83.113,42.39645,"{
  ""coordinates"": [
    -8.311299748200000e+01,
    4.239644565000000e+01
  ],
  ""type"": ""Point""
}","{
  ""coordinates"": [
    -83.112997482,
    42.39644565
  ],
  ""type"": ""Point""
}",-83.112997482,42.39644565
12937,9720052,7 MILE,PLAINVIEW,2016-06-08,8,6,2016,16,4,4,9,,2,0,,1,1,1,35,2,2,2,3,0,0,1,0,false,,false,false,false,false,false,,,,,,false,false,true,,,false,false,false,false,false,-83.23749,42.42961,"{
  ""coordinates"": [
    -8.323748462499999e+01,
    4.242960750200010e+01
  ],
  ""type"": ""Point""
}","{
  ""coordinates"": [
    -83.237484625,
    42.429607502
  ],
  ""type"": ""Point""
}",-83.237484625,42.4296075020001
12938,9733847,WARREN,ANTHONY WAYNE,2016-06-08,8,6,2016,15,4,8,9,,4,0,,1,1,1,30,4,2,2,5,0,0,0,0,true,,false,false,false,false,false,,,,,,false,false,true,,,false,false,false,false,false,-83.07149,42.35456,"{
  ""coordinates"": [
    -8.307148712999999e+01,
    4.235456266200000e+01
  ],
  ""type"": ""Point""
}","{
  ""coordinates"": [
    -83.07148713,
    42.354562662
  ],
  ""type"": ""Point""
}",-83.07148713,42.354562662
12939,9717845,GRAND RIVER,CLOVERLAWN,2016-06-08,8,6,2016,8,4,8,3,,1,0,,1,1,1,0,6,2,2,5,0,0,0,0,true,,false,false,false,false,false,,,,,,false,false,true,,,false,false,false,false,false,-83.15147,42.37377,"{
  ""coordinates"": [
    -8.315146920599990e+01,
    4.237376892800010e+01
  ],
  ""type"": ""Point""
}","{
  ""coordinates"": [
    -83.151469206,
    42.373768928
  ],
  ""type"": ""Point""
}",-83.1514692059999,42.3737689280001
12940,9716926,GRIGGS,ELMIRA,2016-06-08,8,6,2016,0,4,9,9,,,2,,1,1,4,25,2,2,0,5,0,0,0,0,true,,false,false,true,false,false,,,,,,false,false,false,,,false,false,false,false,false,-83.16182,42.37083,"{
  ""coordinates"": [
    -8.316181669400000e+01,
    4.237083443800000e+01
  ],
  ""type"": ""Point""
}","{
  ""coordinates"": [
    -83.161816694,
    42.370834438
  ],
  ""type"": ""Point""
}",-83.161816694,42.370834438
12941,9722065,RAMP 008W,S M 39,2016-06-08,8,6,2016,19,4,5,3,,1,0,,1,1,1,55,4,2,2,5,0,0,0,0,true,,false,false,false,false,false,,,,,,false,false,false,,,false,false,false,false,false,-83.21787,42.38912,"{
  ""coordinates"": [
    -8.321787158700000e+01,
    4.238911710300000e+01
  ],
  ""type"": ""Point""
}","{
  ""coordinates"": [
    -83.217871587,
    42.389117103
  ],
  ""type"": ""Point""
}",-83.217871587,42.389117103
12942,9717885,7 MILE,FREELAND,2016-06-08,8,6,2016,14,4,5,9,,2,0,,1,1,1,30,2,2,1,4,0,0,0,1,false,,false,false,true,false,false,,,,,,false,false,false,,,false,false,false,false,false,-83.18654,42.43085,"{
  ""coordinates"": [
    -8.318653514099999e+01,
    4.243084916600000e+01
  ],
  ""type"": ""Point""
}","{
  ""coordinates"": [
    -83.186535141,
    42.430849166
  ],
  ""type"": ""Point""
}",-83.186535141,42.430849166
12943,9720007,JEFFERSON,PARKER,2016-06-08,8,6,2016,13,4,5,9,,4,0,,1,1,1,35,4,2,3,5,0,0,0,0,true,,false,false,false,false,false,,,,,,false,true,false,,,false,false,false,false,false,-82.99397,42.35198,"{
  ""coordinates"": [
    -8.299397168199989e+01,
    4.235197979100010e+01
  ],
  ""type"": ""Point""
}","{
  ""coordinates"": [
    -82.993971682,
    42.351979791
  ],
  ""type"": ""Point""
}",-82.9939716819999,42.3519797910001
12944,9720041,BURGESS,VASSAR,2016-06-08,8,6,2016,16,4,2,9,,,2,,1,1,1,25,2,2,1,5,0,0,0,0,true,,false,false,false,false,false,,,,,,false,false,false,,,false,false,false,false,false,-83.256,42.43283,"{
  ""coordinates"": [
    -8.325600193299989e+01,
    4.243282772400000e+01
  ],
  ""type"": ""Point""
}","{
  ""coordinates"": [
    -83.256001933,
    42.432827724
  ],
  ""type"": ""Point""
}",-83.2560019329999,42.432827724
12945,9717884,OUTER,VASSER,2016-06-08,8,6,2016,8,4,8,9,,2,0,,1,1,1,30,2,2,2,5,0,0,0,0,true,,false,false,false,false,false,,,,,,false,true,false,,,false,false,false,false,false,-83.25844,42.4327,"{
  ""coordinates"": [
    -8.325843701799990e+01,
    4.243270644000010e+01
  ],
  ""type"": ""Point""
}","{
  ""coordinates"": [
    -83.258437018,
    42.43270644
  ],
  ""type"": ""Point""
}",-83.2584370179999,42.4327064400001
12946,9717862,PATTON,SAWYER,2016-06-08,8,6,2016,0,4,9,9,,,2,,1,1,4,25,2,2,1,4,0,0,0,1,false,,false,false,false,false,false,,,,,,false,false,false,,,false,false,false,false,false,-83.24138,42.34398,"{
  ""coordinates"": [
    -8.324138017400000e+01,
    4.234397920700010e+01
  ],
  ""type"": ""Point""
}","{
  ""coordinates"": [
    -83.241380174,
    42.343979207
  ],
  ""type"": ""Point""
}",-83.241380174,42.3439792070001
12947,9717863,PATTON,TIREMAN,2016-06-08,8,6,2016,4,4,9,9,,,2,,1,1,4,25,2,3,1,5,0,0,0,0,true,,false,false,true,false,false,,,,,,false,false,false,,,false,false,false,false,false,-83.2415,42.3475,"{
  ""coordinates"": [
    -8.324150086400000e+01,
    4.234749567400010e+01
  ],
  ""type"": ""Point""
}","{
  ""coordinates"": [
    -83.241500864,
    42.347495674
  ],
  ""type"": ""Point""
}",-83.241500864,42.3474956740001
12948,9721048,I-94,CONNER,2016-06-08,8,6,2016,1,4,5,1,,1,3,,1,2,4,55,3,2,2,5,0,0,0,0,true,,false,false,false,false,false,,,,,,false,false,false,,,false,false,false,false,false,-82.99052,42.39458,"{
  ""coordinates"": [
    -8.299052506800000e+01,
    4.239457948900010e+01
  ],
  ""type"": ""Point""
}","{
  ""coordinates"": [
    -82.990525068,
    42.394579489
  ],
  ""type"": ""Point""
}",-82.990525068,42.3945794890001
12949,9716911,SOUTHFIELD SERVICE DRIVE,7 MILE,2016-06-07,7,6,2016,8,3,5,3,,4,0,,1,1,1,55,3,2,2,5,0,0,0,0,true,,false,false,false,false,false,,,,,,false,false,false,,,false,false,false,false,false,-83.21975,42.43029,"{
  ""coordinates"": [
    -8.321975306699990e+01,
    4.243028949300000e+01
  ],
  ""type"": ""Point""
}","{
  ""coordinates"": [
    -83.219753067,
    42.430289493
  ],
  ""type"": ""Point""
}",-83.2197530669999,42.430289493
12950,9744798,MONROE,BEAUBIEN,2016-06-07,7,6,2016,13,3,5,9,,4,0,,1,1,1,30,2,2,2,5,0,0,0,0,true,,false,false,false,false,false,,,,,,false,false,false,,,false,false,false,false,false,-83.0428,42.3348,"{
  ""coordinates"": [
    -8.304280161900000e+01,
    4.233480259100000e+01
  ],
  ""type"": ""Point""
}","{
  ""coordinates"": [
    -83.042801619,
    42.334802591
  ],
  ""type"": ""Point""
}",-83.042801619,42.334802591
12951,9741863,N/B I-75,CLAY,2016-06-07,7,6,2016,16,3,5,1,,1,0,,1,1,1,55,4,2,3,5,0,0,0,0,true,,false,false,false,false,false,,,,,,false,false,false,,,false,false,false,false,false,-83.06391,42.38033,"{
  ""coordinates"": [
    -8.306390826499999e+01,
    4.238032772600010e+01
  ],
  ""type"": ""Point""
}","{
  ""coordinates"": [
    -83.063908265,
    42.380327726
  ],
  ""type"": ""Point""
}",-83.063908265,42.3803277260001
12952,9717880,DAVISON,JUSTINE,2016-06-07,7,6,2016,16,3,5,9,,4,0,,1,1,1,40,6,2,2,5,0,0,0,0,true,,false,false,false,false,false,,,,,,false,false,true,,,false,false,false,false,false,-83.05684,42.41728,"{
  ""coordinates"": [
    -8.305683865500001e+01,
    4.241727694800010e+01
  ],
  ""type"": ""Point""
}","{
  ""coordinates"": [
    -83.056838655,
    42.417276948
  ],
  ""type"": ""Point""
}",-83.056838655,42.4172769480001
12953,9737691,JEFFERSON,RANDOLPH,2016-06-07,7,6,2016,6,3,8,3,,1,0,,1,1,1,35,4,2,2,5,0,0,0,0,true,,false,false,false,false,false,,,,,,false,false,false,,,false,false,false,false,false,-83.04187,42.32964,"{
  ""coordinates"": [
    -8.304187073400000e+01,
    4.232963912100010e+01
  ],
  ""type"": ""Point""
}","{
  ""coordinates"": [
    -83.041870734,
    42.329639121
  ],
  ""type"": ""Point""
}",-83.041870734,42.3296391210001
12954,9716950,PENNINGTON,PICKFORD,2016-06-07,7,6,2016,10,3,5,9,,,0,,1,1,1,25,2,2,1,5,0,0,0,0,true,,false,false,true,false,false,,,,,,false,false,false,,,false,false,false,false,false,-83.14794,42.42661,"{
  ""coordinates"": [
    -8.314794527899990e+01,
    4.242660417800000e+01
  ],
  ""type"": ""Point""
}","{
  ""coordinates"": [
    -83.147945279,
    42.426604178
  ],
  ""type"": ""Point""
}",-83.1479452789999,42.426604178
12955,9716882,S I 375,LARNED,2016-06-07,7,6,2016,19,3,5,1,,1,0,,1,1,3,25,3,2,2,5,0,0,0,0,true,,false,false,false,false,false,,,,,,false,false,false,,,false,false,false,false,false,-83.03649,42.33346,"{
  ""coordinates"": [
    -8.303649113499991e+01,
    4.233345765500010e+01
  ],
  ""type"": ""Point""
}","{
  ""coordinates"": [
    -83.036491135,
    42.333457655
  ],
  ""type"": ""Point""
}",-83.0364911349999,42.3334576550001
12956,9716895,WOODWARD,ENDICOTT,2016-06-07,7,6,2016,12,3,9,3,,1,0,,1,1,1,30,4,2,2,5,0,0,0,0,true,,false,false,false,false,false,,,,,,false,false,true,,,false,false,false,false,false,-83.07136,42.36729,"{
  ""coordinates"": [
    -8.307135995999990e+01,
    4.236728606900000e+01
  ],
  ""type"": ""Point""
}","{
  ""coordinates"": [
    -83.07135996,
    42.367286069
  ],
  ""type"": ""Point""
}",-83.0713599599999,42.367286069
12957,9758473,JEFFERSON,CONSOLIDATED RAIL CORPORATION,2016-06-07,7,6,2016,12,3,4,9,,4,0,,1,1,1,0,3,2,4,5,0,0,0,0,true,,false,false,false,false,false,,,,,,false,false,true,,,false,false,false,false,false,-83.12115,42.28777,"{
  ""coordinates"": [
    -8.312115844999990e+01,
    4.228776980600000e+01
  ],
  ""type"": ""Point""
}","{
  ""coordinates"": [
    -83.12115845,
    42.287769806
  ],
  ""type"": ""Point""
}",-83.1211584499999,42.287769806
12958,9741862,N/B I-75,CANIFF,2016-06-07,7,6,2016,15,3,8,1,,1,0,,1,1,1,55,4,2,2,5,0,0,0,0,true,,false,false,false,false,false,,,,,,false,false,true,,,false,false,false,false,false,-83.06969,42.38964,"{
  ""coordinates"": [
    -8.306969606900000e+01,
    4.238963962200010e+01
  ],
  ""type"": ""Point""
}","{
  ""coordinates"": [
    -83.069696069,
    42.389639622
  ],
  ""type"": ""Point""
}",-83.069696069,42.3896396220001
12959,9720075,GRAND,CHENE,2016-06-07,7,6,2016,15,3,8,9,,4,0,,1,1,1,30,4,2,2,5,0,0,0,0,true,,false,false,false,false,false,,,,,,false,false,false,,,false,false,false,false,false,-83.0458,42.37511,"{
  ""coordinates"": [
    -8.304580062500000e+01,
    4.237510581500000e+01
  ],
  ""type"": ""Point""
}","{
  ""coordinates"": [
    -83.045800625,
    42.375105815
  ],
  ""type"": ""Point""
}",-83.045800625,42.375105815
12960,9717833,RAMP 112B,S M 10,2016-06-07,7,6,2016,8,3,8,3,,1,0,,1,1,1,55,4,2,2,5,0,0,0,0,true,,false,false,false,false,false,,,,,,false,true,false,,,false,false,false,false,false,-83.09282,42.38155,"{
  ""coordinates"": [
    -8.309281695000000e+01,
    4.238154831700010e+01
  ],
  ""type"": ""Point""
}","{
  ""coordinates"": [
    -83.09281695,
    42.381548317
  ],
  ""type"": ""Point""
}",-83.09281695,42.3815483170001
12961,9716941,JAMES COUZENS,THATCHER,2016-06-07,7,6,2016,14,3,8,9,,4,0,,1,2,1,35,3,2,2,5,0,0,0,0,true,,false,false,true,false,false,,,,,,false,false,false,,,false,false,false,false,false,-83.17793,42.42246,"{
  ""coordinates"": [
    -8.317792233499991e+01,
    4.242245699000010e+01
  ],
  ""type"": ""Point""
}","{
  ""coordinates"": [
    -83.177922335,
    42.42245699
  ],
  ""type"": ""Point""
}",-83.1779223349999,42.4224569900001
12962,9716885,GRAND RIVER,WASHBURN,2016-06-07,7,6,2016,23,3,4,3,,1,0,,1,1,4,35,7,2,6,5,0,0,0,0,true,,false,false,false,false,false,,,,,,false,false,false,,,false,false,false,false,false,-83.15974,42.3771,"{
  ""coordinates"": [
    -8.315973516500000e+01,
    4.237710113400000e+01
  ],
  ""type"": ""Point""
}","{
  ""coordinates"": [
    -83.159735165,
    42.377101134
  ],
  ""type"": ""Point""
}",-83.159735165,42.377101134
12963,9715869,JAMES COUZENS,MCNICHOLS,2016-06-07,7,6,2016,1,3,5,3,,1,0,,1,1,4,30,2,2,2,4,0,0,0,2,false,,false,false,true,false,false,,,,,,false,false,true,,,false,false,false,false,false,-83.17229,42.41669,"{
  ""coordinates"": [
    -8.317228861000000e+01,
    4.241668612100010e+01
  ],
  ""type"": ""Point""
}","{
  ""coordinates"": [
    -83.17228861,
    42.416686121
  ],
  ""type"": ""Point""
}",-83.17228861,42.4166861210001
12964,9715505,SUSSEX,ELLIS,2016-06-07,7,6,2016,0,3,4,9,,,0,,1,1,4,25,2,2,4,4,0,0,0,4,false,,false,false,true,false,false,,,,,,false,false,true,,,false,false,false,false,false,-83.19389,42.36061,"{
  ""coordinates"": [
    -8.319388619400000e+01,
    4.236060847000000e+01
  ],
  ""type"": ""Point""
}","{
  ""coordinates"": [
    -83.193886194,
    42.36060847
  ],
  ""type"": ""Point""
}",-83.193886194,42.36060847
12965,9716925,MCNICHOLS,PREVOST,2016-06-07,7,6,2016,11,3,4,9,,2,0,,1,2,1,35,4,2,2,5,0,0,0,0,true,,false,false,false,false,false,,,,,,false,false,true,,,false,false,false,false,false,-83.20351,42.41587,"{
  ""coordinates"": [
    -8.320350914499990e+01,
    4.241587475400010e+01
  ],
  ""type"": ""Point""
}","{
  ""coordinates"": [
    -83.203509145,
    42.415874754
  ],
  ""type"": ""Point""
}",-83.2035091449999,42.4158747540001
12966,9717840,I-94,WYOMING,2016-06-07,7,6,2016,9,3,5,1,,1,0,,1,2,1,55,3,4,3,5,0,0,0,0,true,,false,false,true,false,false,,,,,,false,false,true,,,false,false,false,false,false,-83.15488,42.32914,"{
  ""coordinates"": [
    -8.315488325299999e+01,
    4.232914246700010e+01
  ],
  ""type"": ""Point""
}","{
  ""coordinates"": [
    -83.154883253,
    42.329142467
  ],
  ""type"": ""Point""
}",-83.154883253,42.3291424670001
12967,9716886,JOY,BIRWOOD,2016-06-07,7,6,2016,11,3,7,9,,4,0,,1,2,1,30,2,2,3,5,0,0,0,0,true,,false,false,false,false,false,,,,,,false,false,true,,,false,false,false,false,false,-83.16277,42.35887,"{
  ""coordinates"": [
    -8.316277084599990e+01,
    4.235886664600010e+01
  ],
  ""type"": ""Point""
}","{
  ""coordinates"": [
    -83.162770846,
    42.358866646
  ],
  ""type"": ""Point""
}",-83.1627708459999,42.3588666460001
12968,9716887,WYOMING,WESTFIELD,2016-06-07,7,6,2016,13,3,1,9,,4,0,,1,2,1,30,3,1,1,4,0,0,0,1,false,,false,false,false,false,false,,,,,,false,false,false,,,false,false,false,false,false,-83.15811,42.36387,"{
  ""coordinates"": [
    -8.315811490499991e+01,
    4.236386860200000e+01
  ],
  ""type"": ""Point""
}","{
  ""coordinates"": [
    -83.158114905,
    42.363868602
  ],
  ""type"": ""Point""
}",-83.1581149049999,42.363868602
12969,9722036,I-94,WHITTIER,2016-06-07,7,6,2016,7,3,5,1,,1,0,,1,1,1,55,3,2,1,5,0,0,0,0,true,,false,false,true,false,false,,,,,,false,false,false,,,false,false,false,false,false,-82.94286,42.41333,"{
  ""coordinates"": [
    -8.294286524099989e+01,
    4.241332596200000e+01
  ],
  ""type"": ""Point""
}","{
  ""coordinates"": [
    -82.942865241,
    42.413325962
  ],
  ""type"": ""Point""
}",-82.9428652409999,42.413325962
12970,9717841,I-94,MT ELLIOTT,2016-06-07,7,6,2016,16,3,5,1,,1,0,,1,1,1,55,3,4,4,4,0,0,0,1,false,,false,false,false,false,false,,,,,,false,false,false,,,false,false,false,false,false,-83.03161,42.38163,"{
  ""coordinates"": [
    -8.303161112299991e+01,
    4.238163420100010e+01
  ],
  ""type"": ""Point""
}","{
  ""coordinates"": [
    -83.031611123,
    42.381634201
  ],
  ""type"": ""Point""
}",-83.0316111229999,42.3816342010001
12971,9716928,SOUTHFIELD SERVICE DRIVE,8 MILE,2016-06-07,7,6,2016,18,3,8,3,,,0,,1,1,1,30,3,2,4,5,0,0,0,0,true,,false,false,false,false,false,,,,,,false,false,true,,,false,false,false,false,false,-83.21927,42.44418,"{
  ""coordinates"": [
    -8.321926874899999e+01,
    4.244418346500000e+01
  ],
  ""type"": ""Point""
}","{
  ""coordinates"": [
    -83.219268749,
    42.444183465
  ],
  ""type"": ""Point""
}",-83.219268749,42.444183465
12972,9716933,GRATIOT,BELVIDERE,2016-06-07,7,6,2016,16,3,5,3,,1,0,,1,1,1,35,7,2,3,5,0,0,0,0,true,,false,false,false,false,false,,,,,,false,false,false,,,false,false,false,false,false,-83.00744,42.38978,"{
  ""coordinates"": [
    -8.300743869400000e+01,
    4.238977941500010e+01
  ],
  ""type"": ""Point""
}","{
  ""coordinates"": [
    -83.007438694,
    42.389779415
  ],
  ""type"": ""Point""
}",-83.007438694,42.3897794150001
12973,9716915,FENKELL,GREENFIELD,2016-06-07,7,6,2016,13,3,97,9,,2,0,,1,1,1,35,2,2,1,5,0,0,0,0,true,,false,false,true,false,false,,,,,,false,false,false,,,false,false,false,false,false,-83.19843,42.40152,"{
  ""coordinates"": [
    -8.319843619100000e+01,
    4.240151865000010e+01
  ],
  ""type"": ""Point""
}","{
  ""coordinates"": [
    -83.198436191,
    42.40151865
  ],
  ""type"": ""Point""
}",-83.198436191,42.4015186500001
12974,9720018,STANSBURY,PURITAN,2016-06-07,7,6,2016,15,3,8,9,,,0,,1,1,1,25,2,2,0,5,0,0,0,0,true,,false,false,true,false,false,,,,,,false,false,false,,,false,false,false,false,false,-83.1826,42.40899,"{
  ""coordinates"": [
    -8.318260082300000e+01,
    4.240898802500000e+01
  ],
  ""type"": ""Point""
}","{
  ""coordinates"": [
    -83.182600823,
    42.408988025
  ],
  ""type"": ""Point""
}",-83.182600823,42.408988025
12975,9716892,GRAND,LINWOOD,2016-06-07,7,6,2016,16,3,5,9,,4,0,,1,1,1,30,8,2,3,4,0,0,0,3,false,,false,false,true,false,false,,,,,,false,true,false,,,false,false,false,false,false,-83.09994,42.3603,"{
  ""coordinates"": [
    -8.309993881299989e+01,
    4.236029985300010e+01
  ],
  ""type"": ""Point""
}","{
  ""coordinates"": [
    -83.099938813,
    42.360299853
  ],
  ""type"": ""Point""
}",-83.0999388129999,42.3602998530001
12976,9716894,EDSEL FORD,JEFFRIES,2016-06-07,7,6,2016,15,3,5,1,,1,0,,1,1,1,55,3,2,2,5,0,0,0,0,true,,false,false,false,false,false,,,,,,false,false,true,,,false,false,false,false,false,-83.09865,42.35024,"{
  ""coordinates"": [
    -8.309864732999991e+01,
    4.235024003400010e+01
  ],
  ""type"": ""Point""
}","{
  ""coordinates"": [
    -83.09864733,
    42.350240034
  ],
  ""type"": ""Point""
}",-83.0986473299999,42.3502400340001
12977,9717843,CADIEUX,WARREN,2016-06-07,7,6,2016,0,3,8,9,,4,0,,1,1,1,35,4,2,2,5,0,0,0,0,true,,false,false,false,false,false,,,,,,false,true,false,,,false,false,false,false,false,-82.92979,42.40603,"{
  ""coordinates"": [
    -8.292979457300000e+01,
    4.240603426100010e+01
  ],
  ""type"": ""Point""
}","{
  ""coordinates"": [
    -82.929794573,
    42.406034261
  ],
  ""type"": ""Point""
}",-82.929794573,42.4060342610001
12978,9720048,SOUTHFIELD SERVICE DRIVE,8 MILE,2016-06-07,7,6,2016,23,3,7,3,,5,0,,1,2,5,40,3,2,1,5,0,0,0,0,true,,false,false,false,false,false,,,,,,false,false,false,,,false,false,false,false,false,-83.22014,42.44414,"{
  ""coordinates"": [
    -8.322013926999990e+01,
    4.244413591200000e+01
  ],
  ""type"": ""Point""
}","{
  ""coordinates"": [
    -83.22013927,
    42.444135912
  ],
  ""type"": ""Point""
}",-83.2201392699999,42.444135912
12979,9717832,S I 75,RAMP 216J,2016-06-07,7,6,2016,15,3,5,1,,1,0,,1,1,1,55,4,2,3,5,0,0,0,0,true,,false,false,false,false,false,,,,,,false,false,true,,,false,false,false,false,false,-83.05878,42.36975,"{
  ""coordinates"": [
    -8.305877495999989e+01,
    4.236974676600000e+01
  ],
  ""type"": ""Point""
}","{
  ""coordinates"": [
    -83.05877496,
    42.369746766
  ],
  ""type"": ""Point""
}",-83.0587749599999,42.369746766
12980,9723788,I 94,14TH,2016-06-07,7,6,2016,17,3,5,1,,1,0,,1,1,1,55,3,2,2,5,0,0,0,0,true,,false,false,false,false,false,,,,,,false,false,false,,,false,false,false,false,false,-83.08931,42.35318,"{
  ""coordinates"": [
    -8.308931344099990e+01,
    4.235318114500010e+01
  ],
  ""type"": ""Point""
}","{
  ""coordinates"": [
    -83.089313441,
    42.353181145
  ],
  ""type"": ""Point""
}",-83.0893134409999,42.3531811450001
12981,9722063,N/B I-75,SPRINGWELLS,2016-06-07,7,6,2016,21,3,8,1,,1,0,,1,2,3,70,4,2,1,4,0,0,0,1,false,,false,false,true,false,false,,,,,,false,false,false,,,false,false,false,false,false,-83.11073,42.30472,"{
  ""coordinates"": [
    -8.311072370100000e+01,
    4.230472134100010e+01
  ],
  ""type"": ""Point""
}","{
  ""coordinates"": [
    -83.110723701,
    42.304721341
  ],
  ""type"": ""Point""
}",-83.110723701,42.3047213410001
12982,9716949,PURITAN,GREENLAWN,2016-06-07,7,6,2016,22,3,9,9,,4,0,,1,1,4,30,4,2,1,5,0,0,0,0,true,,false,false,true,false,false,,,,,,false,false,false,,,false,false,false,false,false,-83.15095,42.4098,"{
  ""coordinates"": [
    -8.315094603800000e+01,
    4.240979680500000e+01
  ],
  ""type"": ""Point""
}","{
  ""coordinates"": [
    -83.150946038,
    42.409796805
  ],
  ""type"": ""Point""
}",-83.150946038,42.409796805
12983,9716923,PURITAN,LESURE,2016-06-07,7,6,2016,15,3,8,9,,4,0,,1,2,1,35,1,2,1,5,0,0,0,0,true,,false,false,true,false,false,,,,,,false,false,false,,,false,false,false,false,false,-83.18129,42.4093,"{
  ""coordinates"": [
    -8.318128935800000e+01,
    4.240930309100000e+01
  ],
  ""type"": ""Point""
}","{
  ""coordinates"": [
    -83.181289358,
    42.409303091
  ],
  ""type"": ""Point""
}",-83.181289358,42.409303091
12984,9739088,JEFFERSON,RANDOLPH,2016-06-07,7,6,2016,7,3,5,4,,1,0,,1,1,1,35,4,2,2,5,0,0,0,0,true,,false,false,false,false,false,,,,,,false,false,false,,,false,false,false,false,false,-83.04184,42.33001,"{
  ""coordinates"": [
    -8.304184196200001e+01,
    4.233001433500000e+01
  ],
  ""type"": ""Point""
}","{
  ""coordinates"": [
    -83.041841962,
    42.330014335
  ],
  ""type"": ""Point""
}",-83.041841962,42.330014335
12985,9724940,SAWYER,PIEDMONT,2016-06-07,7,6,2016,23,3,4,9,,,0,,1,1,4,25,2,2,1,5,0,0,0,0,true,,false,false,true,false,false,,,,,,false,false,false,,,false,false,false,false,false,-83.22826,42.3469,"{
  ""coordinates"": [
    -8.322825581399999e+01,
    4.234689991300010e+01
  ],
  ""type"": ""Point""
}","{
  ""coordinates"": [
    -83.228255814,
    42.346899913
  ],
  ""type"": ""Point""
}",-83.228255814,42.3468999130001
12986,9716958,WARREN,JOHN R,2016-06-07,7,6,2016,9,3,3,9,,4,0,,1,1,1,35,4,2,2,5,0,0,0,0,true,,false,false,false,false,false,,,,,,false,false,false,,,false,false,false,false,false,-83.06208,42.35759,"{
  ""coordinates"": [
    -8.306207905600000e+01,
    4.235758914100010e+01
  ],
  ""type"": ""Point""
}","{
  ""coordinates"": [
    -83.062079056,
    42.357589141
  ],
  ""type"": ""Point""
}",-83.062079056,42.3575891410001
12987,9716877,N M 39,RAMP 008T,2016-06-07,7,6,2016,2,3,1,3,,1,1,,1,1,4,55,3,1,4,5,0,0,0,0,true,,false,false,false,false,false,,,,,,false,false,false,,,false,false,false,false,false,-83.21771,42.39033,"{
  ""coordinates"": [
    -8.321771087099999e+01,
    4.239033185900010e+01
  ],
  ""type"": ""Point""
}","{
  ""coordinates"": [
    -83.217710871,
    42.390331859
  ],
  ""type"": ""Point""
}",-83.217710871,42.3903318590001
12988,9717834,RAMP 216J,I-75,2016-06-07,7,6,2016,11,3,5,1,,1,0,,1,1,1,55,2,2,2,5,0,0,0,0,true,,false,false,false,false,false,,,,,,false,false,false,,,false,false,false,false,false,-83.05811,42.36891,"{
  ""coordinates"": [
    -8.305811095999999e+01,
    4.236890764500000e+01
  ],
  ""type"": ""Point""
}","{
  ""coordinates"": [
    -83.05811096,
    42.368907645
  ],
  ""type"": ""Point""
}",-83.05811096,42.368907645
12989,9722025,EB I-96,FULLERTON,2016-06-07,7,6,2016,18,3,1,1,,1,1,,1,1,1,70,5,1,1,5,0,0,0,0,true,,false,false,false,false,false,,,,,,false,false,true,,,false,false,false,false,false,-83.18434,42.38175,"{
  ""coordinates"": [
    -8.318434087000000e+01,
    4.238175092900010e+01
  ],
  ""type"": ""Point""
}","{
  ""coordinates"": [
    -83.18434087,
    42.381750929
  ],
  ""type"": ""Point""
}",-83.18434087,42.3817509290001
12990,9722003,M 39,7 MILE,2016-06-07,7,6,2016,8,3,5,3,,1,0,,1,1,1,55,3,2,2,5,0,0,0,0,true,,false,false,false,false,false,,,,,,false,false,true,,,false,false,false,false,false,-83.21941,42.43029,"{
  ""coordinates"": [
    -8.321941741900000e+01,
    4.243029014900000e+01
  ],
  ""type"": ""Point""
}","{
  ""coordinates"": [
    -83.219417419,
    42.430290149
  ],
  ""type"": ""Point""
}",-83.219417419,42.430290149
12991,9717825,I 94,24TH,2016-06-07,7,6,2016,16,3,5,1,,1,0,,1,1,1,55,3,2,3,5,0,0,0,0,true,,false,false,false,false,false,,,,,,false,false,false,,,false,false,false,false,false,-83.1035,42.3487,"{
  ""coordinates"": [
    -8.310349921999990e+01,
    4.234870319700010e+01
  ],
  ""type"": ""Point""
}","{
  ""coordinates"": [
    -83.10349922,
    42.348703197
  ],
  ""type"": ""Point""
}",-83.1034992199999,42.3487031970001
12992,9716865,W I 94,LUCKY,2016-06-07,7,6,2016,12,3,8,1,,1,0,,1,2,1,55,3,2,2,5,0,0,0,0,true,,false,false,false,false,false,,,,,,false,false,true,,,false,false,false,false,false,-83.04,42.37678,"{
  ""coordinates"": [
    -8.304000011300000e+01,
    4.237677669500000e+01
  ],
  ""type"": ""Point""
}","{
  ""coordinates"": [
    -83.040000113,
    42.376776695
  ],
  ""type"": ""Point""
}",-83.040000113,42.376776695