ObjectId,Crash ID,Primary Road,Intersecting Road,Crash Date,Day,Month,Year,Hour,Weekday,Crash Type Code,Highway Classification Code,Community Code,Jurisdiction Code,Lane Departure Type Code,Surface Type,Road Condition,Weather Condition,Lighting Condition,Speed Limit,Lanes,Units,Occupants,Most Severe Injury,Fatal Injuries,Suspected Serious Injuries,Suspected Minor Injuries,Possible Injuries,Property Damage Only,Secondary Crash,Traffic Control,Red Light Run,Hit and Run,Alcohol,Drugs,Unbelted Person,Work Zone,Speeding Driver,Distracted Driver,Driveway,Pedestrian,Elderly Driver,Young Driver,Commercial Vehicle,Emergency Vehicles,Train,School Bus,Motorcycle,Bicycle,Deer,Longitude,Latitude,geom,geog,x,y
12993,9720086,SOUTHFIELD SERVICE DRIVE,8 MILE,2016-06-07,7,6,2016,11,3,97,3,,4,0,,1,1,1,35,2,2,2,5,0,0,0,0,true,,false,false,false,false,false,,,,,,false,true,false,,,false,false,false,false,false,-83.22014,42.44419,"{
  ""coordinates"": [
    -8.322013980900000e+01,
    4.244419381800000e+01
  ],
  ""type"": ""Point""
}","{
  ""coordinates"": [
    -83.220139809,
    42.444193818
  ],
  ""type"": ""Point""
}",-83.220139809,42.444193818
12994,9717823,M 39,SCHOOLCRAFT,2016-06-07,7,6,2016,9,3,5,3,,1,0,,1,1,1,55,3,2,2,5,0,0,0,0,true,,false,false,false,false,false,,,,,,false,false,false,,,false,false,false,false,false,-83.21751,42.38588,"{
  ""coordinates"": [
    -8.321750658500000e+01,
    4.238588182600010e+01
  ],
  ""type"": ""Point""
}","{
  ""coordinates"": [
    -83.217506585,
    42.385881826
  ],
  ""type"": ""Point""
}",-83.217506585,42.3858818260001
12995,9717872,HAYES,EDMORE,2016-06-07,7,6,2016,14,3,4,9,,4,0,,1,2,1,30,3,2,3,3,0,0,1,1,false,,false,false,false,false,false,,,,,,false,false,true,,,false,false,false,false,false,-82.96597,42.44721,"{
  ""coordinates"": [
    -8.296596972099999e+01,
    4.244721409800010e+01
  ],
  ""type"": ""Point""
}","{
  ""coordinates"": [
    -82.965969721,
    42.447214098
  ],
  ""type"": ""Point""
}",-82.965969721,42.4472140980001
12996,9717831,S I 75,RAMP 216J,2016-06-07,7,6,2016,14,3,5,1,,1,0,,1,1,1,55,3,2,2,5,0,0,0,0,true,,false,false,false,false,false,,,,,,false,true,false,,,false,false,false,false,false,-83.05878,42.36975,"{
  ""coordinates"": [
    -8.305877495999989e+01,
    4.236974676600000e+01
  ],
  ""type"": ""Point""
}","{
  ""coordinates"": [
    -83.05877496,
    42.369746766
  ],
  ""type"": ""Point""
}",-83.0587749599999,42.369746766
12997,9717830,I-94,CHENE,2016-06-07,7,6,2016,11,3,8,1,,1,0,,1,1,1,55,3,2,2,5,0,0,0,0,true,,false,false,false,false,false,,,,,,false,false,true,,,false,false,false,false,false,-83.04463,42.37507,"{
  ""coordinates"": [
    -8.304462903000000e+01,
    4.237507139700010e+01
  ],
  ""type"": ""Point""
}","{
  ""coordinates"": [
    -83.04462903,
    42.375071397
  ],
  ""type"": ""Point""
}",-83.04462903,42.3750713970001
12998,9716917,S I 75 SERVICE DRIVE,MACK,2016-06-07,7,6,2016,11,3,6,1,,4,0,,1,1,1,0,3,2,2,4,0,0,0,1,false,,false,false,false,false,false,,,,,,false,true,false,,,false,false,false,false,false,-83.04858,42.3511,"{
  ""coordinates"": [
    -8.304858071500000e+01,
    4.235110621500010e+01
  ],
  ""type"": ""Point""
}","{
  ""coordinates"": [
    -83.048580715,
    42.351106215
  ],
  ""type"": ""Point""
}",-83.048580715,42.3511062150001
12999,9717850,MACK,GRAY,2016-06-07,7,6,2016,7,3,4,9,,2,0,,1,1,1,35,4,2,2,5,0,0,0,0,true,,false,false,false,false,false,,,,,,false,true,true,,,false,false,false,false,false,-82.92419,42.39415,"{
  ""coordinates"": [
    -8.292419275600000e+01,
    4.239414577300000e+01
  ],
  ""type"": ""Point""
}","{
  ""coordinates"": [
    -82.924192756,
    42.394145773
  ],
  ""type"": ""Point""
}",-82.924192756,42.394145773
13000,9716879,WB I-94,CONNER,2016-06-07,7,6,2016,18,3,6,1,,1,0,,1,2,1,55,3,2,2,5,0,0,0,0,true,,false,false,false,false,false,,,,,,false,false,false,,,false,false,false,false,false,-82.99052,42.39458,"{
  ""coordinates"": [
    -8.299052506800000e+01,
    4.239457948900010e+01
  ],
  ""type"": ""Point""
}","{
  ""coordinates"": [
    -82.990525068,
    42.394579489
  ],
  ""type"": ""Point""
}",-82.990525068,42.3945794890001
13001,9736390,S I 75,CONSOLIDATED RAIL CORPORATION,2016-06-07,7,6,2016,19,3,6,1,,1,0,,1,2,1,55,2,2,3,4,0,0,0,1,false,,false,false,false,false,false,,,,,,false,false,true,,,false,false,false,false,false,-83.06085,42.37532,"{
  ""coordinates"": [
    -8.306084897900000e+01,
    4.237531801900010e+01
  ],
  ""type"": ""Point""
}","{
  ""coordinates"": [
    -83.060848979,
    42.375318019
  ],
  ""type"": ""Point""
}",-83.060848979,42.3753180190001
13002,9717881,DAVISON,MORAN,2016-06-07,7,6,2016,17,3,8,3,,1,0,,1,1,1,40,7,2,2,5,0,0,0,0,true,,false,false,false,false,false,,,,,,false,false,false,,,false,false,false,false,false,-83.06216,42.41528,"{
  ""coordinates"": [
    -8.306216311400000e+01,
    4.241528147800010e+01
  ],
  ""type"": ""Point""
}","{
  ""coordinates"": [
    -83.062163114,
    42.415281478
  ],
  ""type"": ""Point""
}",-83.062163114,42.4152814780001
13003,9716945,8 MILE,E M 1 SERVICE DRIVE,2016-06-07,7,6,2016,18,3,8,3,,1,0,,1,1,1,40,2,2,2,5,0,0,0,0,true,,false,false,false,false,false,,,,,,false,true,true,,,false,false,false,false,false,-83.12524,42.4465,"{
  ""coordinates"": [
    -8.312523325399999e+01,
    4.244649613300000e+01
  ],
  ""type"": ""Point""
}","{
  ""coordinates"": [
    -83.125233254,
    42.446496133
  ],
  ""type"": ""Point""
}",-83.125233254,42.446496133
13004,9726278,OUTER,ASBURY,2016-06-07,7,6,2016,14,3,5,9,,2,0,,1,1,1,35,4,4,4,4,0,0,0,2,false,,false,false,false,false,false,,,,,,false,true,false,,,false,false,false,false,false,-83.20906,42.41947,"{
  ""coordinates"": [
    -8.320906175200000e+01,
    4.241947044700000e+01
  ],
  ""type"": ""Point""
}","{
  ""coordinates"": [
    -83.209061752,
    42.419470447
  ],
  ""type"": ""Point""
}",-83.209061752,42.419470447
13005,9716888,FENKELL,GREENFIELD,2016-06-07,7,6,2016,14,3,1,9,,2,0,,1,2,1,35,5,3,1,2,0,2,0,0,false,,false,false,false,false,false,,,,,,true,false,false,,,false,false,false,false,false,-83.19875,42.40151,"{
  ""coordinates"": [
    -8.319874563499999e+01,
    4.240151029000000e+01
  ],
  ""type"": ""Point""
}","{
  ""coordinates"": [
    -83.198745635,
    42.40151029
  ],
  ""type"": ""Point""
}",-83.198745635,42.40151029
13006,9717882,OUTER,RYAN,2016-06-07,7,6,2016,17,3,4,9,,2,0,,1,1,1,35,2,2,2,5,0,0,0,0,true,,true,true,false,false,false,,,,,,false,false,false,,,false,false,false,false,false,-83.06339,42.44053,"{
  ""coordinates"": [
    -8.306338265600000e+01,
    4.244053237400000e+01
  ],
  ""type"": ""Point""
}","{
  ""coordinates"": [
    -83.063382656,
    42.440532374
  ],
  ""type"": ""Point""
}",-83.063382656,42.440532374
13007,9723101,NORWOOD,ROBINWOOD,2016-06-07,7,6,2016,0,3,8,9,,,0,,1,1,4,25,2,2,0,5,0,0,0,0,true,,false,false,true,false,false,,,,,,false,false,false,,,false,false,false,false,false,-83.0666,42.43093,"{
  ""coordinates"": [
    -8.306659802999999e+01,
    4.243093584200010e+01
  ],
  ""type"": ""Point""
}","{
  ""coordinates"": [
    -83.06659803,
    42.430935842
  ],
  ""type"": ""Point""
}",-83.06659803,42.4309358420001
13008,9716898,WOODWARD,CONGRESS,2016-06-07,7,6,2016,20,3,8,9,,4,0,,1,2,3,25,3,2,2,4,0,0,0,1,false,,false,false,false,false,false,,,,,,false,false,false,,,false,false,true,false,false,-83.04572,42.33039,"{
  ""coordinates"": [
    -8.304571480200001e+01,
    4.233039073100010e+01
  ],
  ""type"": ""Point""
}","{
  ""coordinates"": [
    -83.045714802,
    42.330390731
  ],
  ""type"": ""Point""
}",-83.045714802,42.3303907310001
13009,9734639,FENKELL,LINDSAY,2016-06-07,7,6,2016,16,3,6,9,,2,0,,1,1,1,30,6,2,5,5,0,0,0,0,true,,false,false,false,false,false,,,,,,false,false,false,,,false,false,false,false,false,-83.21265,42.40121,"{
  ""coordinates"": [
    -8.321265759900000e+01,
    4.240120867400000e+01
  ],
  ""type"": ""Point""
}","{
  ""coordinates"": [
    -83.212657599,
    42.401208674
  ],
  ""type"": ""Point""
}",-83.212657599,42.401208674
13010,9741870,I-94,LIVERNOIS,2016-06-07,7,6,2016,7,3,5,1,,1,0,,1,1,1,55,3,6,6,3,0,0,1,1,false,,false,false,false,false,false,,,,,,false,true,true,,,false,false,false,false,false,-83.12404,42.33765,"{
  ""coordinates"": [
    -8.312403838400000e+01,
    4.233764580500010e+01
  ],
  ""type"": ""Point""
}","{
  ""coordinates"": [
    -83.124038384,
    42.337645805
  ],
  ""type"": ""Point""
}",-83.124038384,42.3376458050001
13011,9720003,WESSON,SAINT HEDWIG,2016-06-07,7,6,2016,13,3,5,9,,,0,,1,1,1,25,1,2,4,5,0,0,0,0,true,,false,false,true,false,false,,,,,,false,true,false,,,false,false,false,false,false,-83.11255,42.32693,"{
  ""coordinates"": [
    -8.311254825899989e+01,
    4.232693179900010e+01
  ],
  ""type"": ""Point""
}","{
  ""coordinates"": [
    -83.112548259,
    42.326931799
  ],
  ""type"": ""Point""
}",-83.1125482589999,42.3269317990001
13012,9737715,18TH,FORT,2016-06-07,7,6,2016,12,3,1,3,,,1,,1,1,1,0,3,1,1,5,0,0,0,0,true,,false,false,false,false,false,,,,,,false,false,false,,,false,false,false,false,false,-83.07375,42.31892,"{
  ""coordinates"": [
    -8.307374927799999e+01,
    4.231891651200000e+01
  ],
  ""type"": ""Point""
}","{
  ""coordinates"": [
    -83.073749278,
    42.318916512
  ],
  ""type"": ""Point""
}",-83.073749278,42.318916512
13013,9723786,N/B M-10,VASSAR,2016-06-07,7,6,2016,8,3,5,3,,1,0,,1,1,1,55,3,2,2,4,0,0,0,2,false,,false,false,false,false,false,,,,,,false,false,true,,,false,false,false,false,false,-83.19057,42.43442,"{
  ""coordinates"": [
    -8.319057248000000e+01,
    4.243442272200010e+01
  ],
  ""type"": ""Point""
}","{
  ""coordinates"": [
    -83.19057248,
    42.434422722
  ],
  ""type"": ""Point""
}",-83.19057248,42.4344227220001
13014,9716893,E I 94,MOUNT ELLIOTT,2016-06-07,7,6,2016,17,3,5,1,,1,0,,1,1,1,65,3,2,3,4,0,0,0,3,false,,false,false,false,false,false,,,,,,false,false,false,,,false,false,false,false,false,-83.03355,42.37933,"{
  ""coordinates"": [
    -8.303354410999999e+01,
    4.237932790800010e+01
  ],
  ""type"": ""Point""
}","{
  ""coordinates"": [
    -83.03354411,
    42.379327908
  ],
  ""type"": ""Point""
}",-83.03354411,42.3793279080001
13015,9744785,S I 75,RAMP 047D,2016-06-07,7,6,2016,16,3,5,1,,1,0,,1,1,1,55,3,2,2,5,0,0,0,0,true,,false,false,false,false,false,,,,,,false,false,false,,,false,false,false,false,false,-83.0822,42.41176,"{
  ""coordinates"": [
    -8.308220228800000e+01,
    4.241175960900010e+01
  ],
  ""type"": ""Point""
}","{
  ""coordinates"": [
    -83.082202288,
    42.411759609
  ],
  ""type"": ""Point""
}",-83.082202288,42.4117596090001
13016,9717824,W I 94,GRAND,2016-06-07,7,6,2016,12,3,5,1,,1,0,,1,1,1,55,3,3,2,5,0,0,0,0,true,,false,false,true,false,false,,,,,,false,false,false,,,false,false,false,false,false,-83.04127,42.37632,"{
  ""coordinates"": [
    -8.304126944200000e+01,
    4.237632400900000e+01
  ],
  ""type"": ""Point""
}","{
  ""coordinates"": [
    -83.041269442,
    42.376324009
  ],
  ""type"": ""Point""
}",-83.041269442,42.376324009
13017,9716920,TRINITY,FLORENCE,2016-06-07,7,6,2016,10,3,4,9,,,0,,1,1,1,25,2,2,1,5,0,0,0,0,true,,false,false,true,false,false,,,,,,false,false,false,,,false,false,false,false,false,-83.24862,42.40952,"{
  ""coordinates"": [
    -8.324862144500000e+01,
    4.240952179600000e+01
  ],
  ""type"": ""Point""
}","{
  ""coordinates"": [
    -83.248621445,
    42.409521796
  ],
  ""type"": ""Point""
}",-83.248621445,42.409521796
13018,9715792,7 MILE,ST LOUIS,2016-06-06,6,6,2016,18,2,4,9,,4,0,,1,1,1,35,2,2,3,5,0,0,0,0,true,,false,false,false,false,false,,,,,,false,false,true,,,false,false,false,false,false,-83.03991,42.43365,"{
  ""coordinates"": [
    -8.303990698900000e+01,
    4.243365611200010e+01
  ],
  ""type"": ""Point""
}","{
  ""coordinates"": [
    -83.039906989,
    42.433656112
  ],
  ""type"": ""Point""
}",-83.039906989,42.4336561120001
13019,9716934,CONNER,OLGA,2016-06-06,6,6,2016,13,2,5,9,,4,0,,2,4,1,30,4,2,2,5,0,0,0,0,true,,false,false,true,false,false,,,,,,false,false,true,,,false,false,false,false,false,-82.98517,42.39436,"{
  ""coordinates"": [
    -8.298516690199990e+01,
    4.239435422600010e+01
  ],
  ""type"": ""Point""
}","{
  ""coordinates"": [
    -82.985166902,
    42.394354226
  ],
  ""type"": ""Point""
}",-82.9851669019999,42.3943542260001
13020,9723798,RAMP 139G,DAVISON,2016-06-06,6,6,2016,8,2,4,1,,1,0,,1,1,1,30,3,2,1,5,0,0,0,0,true,,false,false,true,false,false,,,,,,false,false,false,,,false,false,false,false,false,-83.15316,42.38523,"{
  ""coordinates"": [
    -8.315316274100000e+01,
    4.238523584700000e+01
  ],
  ""type"": ""Point""
}","{
  ""coordinates"": [
    -83.153162741,
    42.385235847
  ],
  ""type"": ""Point""
}",-83.153162741,42.385235847
13021,9988569,TELEGRAPH,SANTA MARIA,2016-06-06,6,6,2016,4,2,97,2,,1,0,,1,1,1,35,4,5,5,5,0,0,0,0,true,,false,false,false,false,false,,,,,,false,true,true,,,false,false,false,false,false,-83.27747,42.41669,"{
  ""coordinates"": [
    -8.327747675200000e+01,
    4.241669621800000e+01
  ],
  ""type"": ""Point""
}","{
  ""coordinates"": [
    -83.277476752,
    42.416696218
  ],
  ""type"": ""Point""
}",-83.277476752,42.416696218
13022,9717838,I-75,HOLBROOK,2016-06-06,6,6,2016,9,2,5,1,,1,0,,1,1,1,70,5,4,4,3,0,0,1,0,false,,false,false,false,false,false,,,,,,false,true,false,,,false,false,false,false,false,-83.06399,42.37994,"{
  ""coordinates"": [
    -8.306398592900000e+01,
    4.237993916900010e+01
  ],
  ""type"": ""Point""
}","{
  ""coordinates"": [
    -83.063985929,
    42.379939169
  ],
  ""type"": ""Point""
}",-83.063985929,42.3799391690001
13023,9722034,I-94,VAN DYKE,2016-06-06,6,6,2016,9,2,97,1,,1,0,,1,1,1,55,3,3,3,3,0,0,1,0,false,,false,false,false,false,false,,,,,,false,false,true,,,false,false,false,false,false,-83.0195,42.38652,"{
  ""coordinates"": [
    -8.301949824699990e+01,
    4.238651834500010e+01
  ],
  ""type"": ""Point""
}","{
  ""coordinates"": [
    -83.019498247,
    42.386518345
  ],
  ""type"": ""Point""
}",-83.0194982469999,42.3865183450001
13024,9716935,MCNICHOLS,SORRENTO,2016-06-06,6,6,2016,16,2,5,9,,2,0,,1,1,1,0,4,2,1,5,0,0,0,0,true,,false,false,true,false,false,,,,,,false,false,false,,,false,false,false,false,false,-83.17345,42.41663,"{
  ""coordinates"": [
    -8.317345433900000e+01,
    4.241663128200000e+01
  ],
  ""type"": ""Point""
}","{
  ""coordinates"": [
    -83.173454339,
    42.416631282
  ],
  ""type"": ""Point""
}",-83.173454339,42.416631282
13025,9715510,N I 75,CANFIELD,2016-06-06,6,6,2016,14,2,97,1,,1,0,,1,2,1,25,3,2,4,5,0,0,0,0,true,,false,false,false,false,false,,,,,,false,true,false,,,false,false,false,false,false,-83.05155,42.35681,"{
  ""coordinates"": [
    -8.305155204899999e+01,
    4.235681186400010e+01
  ],
  ""type"": ""Point""
}","{
  ""coordinates"": [
    -83.051552049,
    42.356811864
  ],
  ""type"": ""Point""
}",-83.051552049,42.3568118640001
13026,9716947,WOODWARD,8 MILE,2016-06-06,6,6,2016,17,2,4,3,,1,0,,1,1,1,35,2,2,2,5,0,0,0,0,true,,true,true,false,false,false,,,,,,false,true,false,,,false,false,false,false,false,-83.12487,42.44654,"{
  ""coordinates"": [
    -8.312487043999990e+01,
    4.244654268700000e+01
  ],
  ""type"": ""Point""
}","{
  ""coordinates"": [
    -83.12487044,
    42.446542687
  ],
  ""type"": ""Point""
}",-83.1248704399999,42.446542687
13027,9717839,M-39,TIREMAN,2016-06-06,6,6,2016,17,2,5,3,,1,0,,1,1,1,55,3,2,2,5,0,0,0,0,true,,false,false,false,false,false,,,,,,false,false,false,,,false,false,false,false,false,-83.21626,42.35157,"{
  ""coordinates"": [
    -8.321625503599989e+01,
    4.235157051700000e+01
  ],
  ""type"": ""Point""
}","{
  ""coordinates"": [
    -83.216255036,
    42.351570517
  ],
  ""type"": ""Point""
}",-83.2162550359999,42.351570517
13028,9717854,CHALMERS,MACK,2016-06-06,6,6,2016,10,2,1,9,,4,1,,1,1,1,30,2,1,1,5,0,0,0,0,true,,false,false,false,false,false,,,,,,false,false,false,,,false,false,false,false,false,-82.95278,42.38623,"{
  ""coordinates"": [
    -8.295278411000000e+01,
    4.238622932200010e+01
  ],
  ""type"": ""Point""
}","{
  ""coordinates"": [
    -82.95278411,
    42.386229322
  ],
  ""type"": ""Point""
}",-82.95278411,42.3862293220001
13029,9720013,JOY,EVERGREEN,2016-06-06,6,6,2016,11,2,3,9,,2,0,,1,1,1,35,4,2,2,5,0,0,0,0,true,,false,false,false,false,false,,,,,,false,false,false,,,false,false,false,false,false,-83.23622,42.35756,"{
  ""coordinates"": [
    -8.323621851199989e+01,
    4.235756398400010e+01
  ],
  ""type"": ""Point""
}","{
  ""coordinates"": [
    -83.236218512,
    42.357563984
  ],
  ""type"": ""Point""
}",-83.2362185119999,42.3575639840001
13030,9716880,PURITAN,PREVOST,2016-06-06,6,6,2016,2,2,2,9,,4,2,,1,1,4,35,2,2,6,5,0,0,0,0,true,,false,false,false,false,false,,,,,,false,false,true,,,false,false,false,false,false,-83.20247,42.40868,"{
  ""coordinates"": [
    -8.320246959799989e+01,
    4.240867442400000e+01
  ],
  ""type"": ""Point""
}","{
  ""coordinates"": [
    -83.202469598,
    42.408674424
  ],
  ""type"": ""Point""
}",-83.2024695979999,42.408674424
13031,9715800,VAN DYKE,7 MILE,2016-06-06,6,6,2016,0,2,4,3,,1,0,,1,1,4,40,4,2,3,5,0,0,0,0,true,,true,true,false,false,false,,,,,,false,true,false,,,false,false,false,false,false,-83.02425,42.43393,"{
  ""coordinates"": [
    -8.302424650700000e+01,
    4.243392464700000e+01
  ],
  ""type"": ""Point""
}","{
  ""coordinates"": [
    -83.024246507,
    42.433924647
  ],
  ""type"": ""Point""
}",-83.024246507,42.433924647
13032,9719991,GRAND,SECOND,2016-06-06,6,6,2016,9,2,8,9,,4,0,,1,1,1,0,4,2,2,5,0,0,0,0,true,,false,false,false,false,false,,,,,,false,false,false,,,false,false,false,false,false,-83.0633,42.34478,"{
  ""coordinates"": [
    -8.306330412200001e+01,
    4.234477796600000e+01
  ],
  ""type"": ""Point""
}","{
  ""coordinates"": [
    -83.063304122,
    42.344777966
  ],
  ""type"": ""Point""
}",-83.063304122,42.344777966
13033,9715637,8 MILE,HAMBURG,2016-06-06,6,6,2016,11,2,4,3,,1,0,,1,1,1,40,4,2,2,4,0,0,0,1,false,,false,false,false,false,false,,,,,,false,true,true,,,false,false,false,false,false,-82.99786,42.44901,"{
  ""coordinates"": [
    -8.299785592500000e+01,
    4.244900435700000e+01
  ],
  ""type"": ""Point""
}","{
  ""coordinates"": [
    -82.997855925,
    42.449004357
  ],
  ""type"": ""Point""
}",-82.997855925,42.449004357
13034,9727306,CHARLIEVOIX,IROQOUIS,2016-06-06,6,6,2016,7,2,4,9,,4,0,,1,1,1,30,3,2,2,2,0,1,0,1,false,,false,false,false,false,false,,,,,,false,false,false,,,false,false,false,false,false,-82.99887,42.36449,"{
  ""coordinates"": [
    -8.299886902999999e+01,
    4.236448508500010e+01
  ],
  ""type"": ""Point""
}","{
  ""coordinates"": [
    -82.99886903,
    42.364485085
  ],
  ""type"": ""Point""
}",-82.99886903,42.3644850850001
13035,9716912,SOUTHFIELD SERVICE DRIVE,GRAND RIVER,2016-06-06,6,6,2016,23,2,4,3,,4,0,,1,1,4,30,3,2,2,5,0,0,0,0,true,,false,false,true,false,false,,,,,,false,false,false,,,false,false,false,false,false,-83.21798,42.40055,"{
  ""coordinates"": [
    -8.321798040899991e+01,
    4.240054909500000e+01
  ],
  ""type"": ""Point""
}","{
  ""coordinates"": [
    -83.217980409,
    42.400549095
  ],
  ""type"": ""Point""
}",-83.2179804089999,42.400549095
13036,9717853,PARKGROVE,CHALMERS,2016-06-06,6,6,2016,17,2,9,9,,,0,,1,1,1,25,2,2,1,5,0,0,0,0,true,,false,false,true,false,false,,,,,,false,false,true,,,false,false,false,false,false,-82.97508,42.42978,"{
  ""coordinates"": [
    -8.297508562599999e+01,
    4.242977607700000e+01
  ],
  ""type"": ""Point""
}","{
  ""coordinates"": [
    -82.975085626,
    42.429776077
  ],
  ""type"": ""Point""
}",-82.975085626,42.429776077
13037,9717851,CONNER,I 94,2016-06-06,6,6,2016,16,2,5,9,,4,0,,1,1,1,35,2,2,3,4,0,0,0,1,false,,false,false,false,false,false,,,,,,false,false,false,,,false,false,false,false,false,-82.98642,42.3955,"{
  ""coordinates"": [
    -8.298642108000000e+01,
    4.239550152900010e+01
  ],
  ""type"": ""Point""
}","{
  ""coordinates"": [
    -82.98642108,
    42.395501529
  ],
  ""type"": ""Point""
}",-82.98642108,42.3955015290001
13038,9716944,LIVERNOIS,S M 10,2016-06-06,6,6,2016,11,2,5,9,,4,0,,1,1,1,30,4,2,2,4,0,0,0,1,false,,false,false,true,false,false,,,,,,false,false,false,,,false,false,false,false,false,-83.14021,42.40468,"{
  ""coordinates"": [
    -8.314021432899990e+01,
    4.240467669700010e+01
  ],
  ""type"": ""Point""
}","{
  ""coordinates"": [
    -83.140214329,
    42.404676697
  ],
  ""type"": ""Point""
}",-83.1402143289999,42.4046766970001
13039,9716910,MCNICHOLS,MURRAY,2016-06-06,6,6,2016,9,2,5,9,,2,0,,1,1,1,35,5,2,1,5,0,0,0,0,true,,false,false,true,false,false,,,,,,false,false,false,,,false,false,false,false,false,-83.20792,42.41578,"{
  ""coordinates"": [
    -8.320791405400000e+01,
    4.241578470700010e+01
  ],
  ""type"": ""Point""
}","{
  ""coordinates"": [
    -83.207914054,
    42.415784707
  ],
  ""type"": ""Point""
}",-83.207914054,42.4157847070001
13040,9722129,FARNSWORTH,JOHN R,2016-06-06,6,6,2016,9,2,97,9,,,0,,1,1,1,25,2,2,2,4,0,0,0,1,false,,false,false,false,false,false,,,,,,false,false,false,,,false,false,false,true,false,-83.06299,42.35879,"{
  ""coordinates"": [
    -8.306299109400000e+01,
    4.235878688100010e+01
  ],
  ""type"": ""Point""
}","{
  ""coordinates"": [
    -83.062991094,
    42.358786881
  ],
  ""type"": ""Point""
}",-83.062991094,42.3587868810001
13041,9715514,WARREN,TILLMAN,2016-06-06,6,6,2016,14,2,97,9,,4,0,,1,1,1,30,4,2,2,5,0,0,0,0,true,,false,false,false,false,false,,,,,,false,false,false,,,false,false,false,false,false,-83.09811,42.34594,"{
  ""coordinates"": [
    -8.309810949599991e+01,
    4.234594431500010e+01
  ],
  ""type"": ""Point""
}","{
  ""coordinates"": [
    -83.098109496,
    42.345944315
  ],
  ""type"": ""Point""
}",-83.0981094959999,42.3459443150001
13042,9714603,DICKERSON,HAMPSHIRE,2016-06-06,6,6,2016,4,2,4,9,,4,0,,1,2,4,25,2,2,1,3,0,0,1,0,false,,false,false,true,false,false,,,,,,false,false,false,,,false,false,false,false,false,-82.97407,42.40351,"{
  ""coordinates"": [
    -8.297406554900000e+01,
    4.240351093400010e+01
  ],
  ""type"": ""Point""
}","{
  ""coordinates"": [
    -82.974065549,
    42.403510934
  ],
  ""type"": ""Point""
}",-82.974065549,42.4035109340001
13043,9726275,KELLY,ROSSINI,2016-06-06,6,6,2016,15,2,4,9,,2,0,,1,1,1,25,2,2,6,5,0,0,0,0,true,,false,false,false,false,false,,,,,,false,false,false,,,false,false,false,false,false,-82.9464,42.44366,"{
  ""coordinates"": [
    -8.294640294399990e+01,
    4.244365740900000e+01
  ],
  ""type"": ""Point""
}","{
  ""coordinates"": [
    -82.946402944,
    42.443657409
  ],
  ""type"": ""Point""
}",-82.9464029439999,42.443657409
13044,9715506,SCHAEFER,FULLERTON,2016-06-06,6,6,2016,16,2,5,9,,4,0,,1,1,1,35,4,2,3,5,0,0,0,0,true,,false,false,false,false,false,,,,,,false,false,false,,,false,false,false,false,false,-83.17826,42.38041,"{
  ""coordinates"": [
    -8.317825757799990e+01,
    4.238041318500010e+01
  ],
  ""type"": ""Point""
}","{
  ""coordinates"": [
    -83.178257578,
    42.380413185
  ],
  ""type"": ""Point""
}",-83.1782575779999,42.3804131850001
13045,9716924,E/B W EIGHT MILE,EVERGREEN,2016-06-06,6,6,2016,7,2,5,3,,1,0,,1,1,1,45,4,2,2,4,0,0,0,2,false,,false,false,false,false,false,,,,,,false,false,true,,,false,false,false,false,false,-83.23779,42.44379,"{
  ""coordinates"": [
    -8.323778626399999e+01,
    4.244378624300000e+01
  ],
  ""type"": ""Point""
}","{
  ""coordinates"": [
    -83.237786264,
    42.443786243
  ],
  ""type"": ""Point""
}",-83.237786264,42.443786243
13046,9716903,OAKDALE,VERNOR,2016-06-06,6,6,2016,16,2,97,9,,,0,,1,1,1,25,1,2,0,5,0,0,0,0,true,,false,false,true,false,false,,,,,,false,false,false,,,false,false,false,false,false,-83.1346,42.30875,"{
  ""coordinates"": [
    -8.313459487999999e+01,
    4.230874626200010e+01
  ],
  ""type"": ""Point""
}","{
  ""coordinates"": [
    -83.13459488,
    42.308746262
  ],
  ""type"": ""Point""
}",-83.13459488,42.3087462620001
13047,9715592,MORANG,LANSDOWNE,2016-06-06,6,6,2016,19,2,8,9,,4,0,,1,1,1,30,2,2,4,5,0,0,0,0,true,,false,false,true,false,false,,,,,,false,false,false,,,false,false,false,false,false,-82.95103,42.42655,"{
  ""coordinates"": [
    -8.295103696599990e+01,
    4.242654955900010e+01
  ],
  ""type"": ""Point""
}","{
  ""coordinates"": [
    -82.951036966,
    42.426549559
  ],
  ""type"": ""Point""
}",-82.9510369659999,42.4265495590001
13048,9716948,INDIANA,PURITAN,2016-06-06,6,6,2016,21,2,2,9,,,2,,1,1,4,25,2,2,0,5,0,0,0,0,true,,false,false,true,false,false,,,,,,false,false,false,,,false,false,false,false,false,-83.15784,42.41,"{
  ""coordinates"": [
    -8.315783886299990e+01,
    4.241000499800000e+01
  ],
  ""type"": ""Point""
}","{
  ""coordinates"": [
    -83.157838863,
    42.410004998
  ],
  ""type"": ""Point""
}",-83.1578388629999,42.410004998
13049,9716921,AGNES,VAN DYKE,2016-06-06,6,6,2016,22,2,8,9,,,0,,1,1,5,25,1,3,0,5,0,0,0,0,true,,false,false,true,false,false,,,,,,false,false,false,,,false,false,false,false,false,-82.99762,42.35487,"{
  ""coordinates"": [
    -8.299762009200001e+01,
    4.235486877600000e+01
  ],
  ""type"": ""Point""
}","{
  ""coordinates"": [
    -82.997620092,
    42.354868776
  ],
  ""type"": ""Point""
}",-82.997620092,42.354868776