ObjectId,Crash ID,Primary Road,Intersecting Road,Crash Date,Day,Month,Year,Hour,Weekday,Crash Type Code,Highway Classification Code,Community Code,Jurisdiction Code,Lane Departure Type Code,Surface Type,Road Condition,Weather Condition,Lighting Condition,Speed Limit,Lanes,Units,Occupants,Most Severe Injury,Fatal Injuries,Suspected Serious Injuries,Suspected Minor Injuries,Possible Injuries,Property Damage Only,Secondary Crash,Traffic Control,Red Light Run,Hit and Run,Alcohol,Drugs,Unbelted Person,Work Zone,Speeding Driver,Distracted Driver,Driveway,Pedestrian,Elderly Driver,Young Driver,Commercial Vehicle,Emergency Vehicles,Train,School Bus,Motorcycle,Bicycle,Deer,Longitude,Latitude,geom,geog,x,y
13050,9724960,LENORE,SANTA MARIA,2016-06-06,6,6,2016,17,2,4,9,,,0,,1,1,1,25,2,2,3,4,0,0,0,1,false,,false,false,false,false,false,,,,,,false,false,false,,,false,false,true,false,false,-83.28126,42.41676,"{
  ""coordinates"": [
    -8.328125829899990e+01,
    4.241675874200010e+01
  ],
  ""type"": ""Point""
}","{
  ""coordinates"": [
    -83.281258299,
    42.416758742
  ],
  ""type"": ""Point""
}",-83.2812582989999,42.4167587420001
13051,9716939,INDIANA,CLARITA,2016-06-06,6,6,2016,16,2,1,9,,,0,,1,2,1,25,2,1,1,5,0,0,0,0,true,,false,false,true,false,false,,,,,,false,false,false,,,false,false,false,false,false,-83.15873,42.42961,"{
  ""coordinates"": [
    -8.315872967999999e+01,
    4.242960828200010e+01
  ],
  ""type"": ""Point""
}","{
  ""coordinates"": [
    -83.15872968,
    42.429608282
  ],
  ""type"": ""Point""
}",-83.15872968,42.4296082820001
13052,9715920,SELDEN,WOODWARD,2016-06-06,6,6,2016,14,2,1,3,,,0,,1,1,1,25,2,2,2,4,0,0,0,1,false,,false,false,false,false,false,,,,,,false,false,false,,,false,false,false,true,false,-83.05935,42.34959,"{
  ""coordinates"": [
    -8.305935093399999e+01,
    4.234958674000010e+01
  ],
  ""type"": ""Point""
}","{
  ""coordinates"": [
    -83.059350934,
    42.34958674
  ],
  ""type"": ""Point""
}",-83.059350934,42.3495867400001
13053,9720070,HAZELWOOD,14TH,2016-06-06,6,6,2016,9,2,4,9,,,0,,1,1,1,30,4,2,4,3,0,0,4,0,false,,true,false,false,false,false,,,,,,false,false,true,,,false,false,false,false,false,-83.10183,42.37351,"{
  ""coordinates"": [
    -8.310182676900000e+01,
    4.237351342600000e+01
  ],
  ""type"": ""Point""
}","{
  ""coordinates"": [
    -83.101826769,
    42.373513426
  ],
  ""type"": ""Point""
}",-83.101826769,42.373513426
13054,9715507,SUSSEX,FENKELL,2016-06-06,6,6,2016,1,2,8,9,,,0,,1,1,4,25,3,3,1,3,0,0,1,0,false,,false,false,false,false,false,,,,,,false,false,false,,,false,false,false,false,false,-83.19501,42.40135,"{
  ""coordinates"": [
    -8.319500416400000e+01,
    4.240134952100000e+01
  ],
  ""type"": ""Point""
}","{
  ""coordinates"": [
    -83.195004164,
    42.401349521
  ],
  ""type"": ""Point""
}",-83.195004164,42.401349521
13055,9717856,SHOEMAKER,ST CLAIR,2016-06-06,6,6,2016,18,2,3,9,,4,0,,1,1,1,25,2,2,2,2,0,1,0,0,false,,false,false,true,false,false,,,,,,false,false,false,,,false,false,true,false,false,-82.99618,42.3894,"{
  ""coordinates"": [
    -8.299617440700000e+01,
    4.238939998700000e+01
  ],
  ""type"": ""Point""
}","{
  ""coordinates"": [
    -82.996174407,
    42.389399987
  ],
  ""type"": ""Point""
}",-82.996174407,42.389399987
13056,9716914,STMARYS,VERNE,2016-06-06,6,6,2016,15,2,97,9,,,0,,1,1,1,25,2,2,1,5,0,0,0,0,true,,false,false,true,false,false,,,,,,false,false,false,,,false,false,false,false,false,-83.20678,42.41354,"{
  ""coordinates"": [
    -8.320678009800000e+01,
    4.241354067000000e+01
  ],
  ""type"": ""Point""
}","{
  ""coordinates"": [
    -83.206780098,
    42.41354067
  ],
  ""type"": ""Point""
}",-83.206780098,42.41354067
13057,9722084,MCKINSTRY,PORTER,2016-06-06,6,6,2016,12,2,9,9,,,2,,1,1,1,25,2,2,3,5,0,0,0,0,true,,false,false,true,false,false,,,,,,false,false,false,,,false,false,false,false,false,-83.09402,42.31536,"{
  ""coordinates"": [
    -8.309402665999990e+01,
    4.231535632200010e+01
  ],
  ""type"": ""Point""
}","{
  ""coordinates"": [
    -83.09402666,
    42.315356322
  ],
  ""type"": ""Point""
}",-83.0940266599999,42.3153563220001
13058,9716929,WAYBURN,CHANDLER,2016-06-06,6,6,2016,5,2,4,9,,,0,,2,4,4,25,2,2,0,5,0,0,0,0,true,,false,false,true,false,false,,,,,,false,false,false,,,false,false,false,false,false,-82.95628,42.40145,"{
  ""coordinates"": [
    -8.295628382599990e+01,
    4.240145339700010e+01
  ],
  ""type"": ""Point""
}","{
  ""coordinates"": [
    -82.956283826,
    42.401453397
  ],
  ""type"": ""Point""
}",-82.9562838259999,42.4014533970001
13059,9716897,BRUSH,WINDER,2016-06-06,6,6,2016,17,2,4,9,,4,0,,1,2,1,30,2,2,5,4,0,0,0,2,false,,false,false,false,false,false,,,,,,false,false,true,,,false,false,false,false,false,-83.04923,42.34267,"{
  ""coordinates"": [
    -8.304922933200000e+01,
    4.234266627500010e+01
  ],
  ""type"": ""Point""
}","{
  ""coordinates"": [
    -83.049229332,
    42.342666275
  ],
  ""type"": ""Point""
}",-83.049229332,42.3426662750001
13060,9720092,SCHAEFER,PLYMOUTH,2016-06-06,6,6,2016,17,2,97,9,,4,0,,1,1,1,35,2,2,2,5,0,0,0,0,true,,false,false,false,false,false,,,,,,false,false,true,,,false,false,false,false,false,-83.17799,42.37302,"{
  ""coordinates"": [
    -8.317798406100000e+01,
    4.237302171600000e+01
  ],
  ""type"": ""Point""
}","{
  ""coordinates"": [
    -83.177984061,
    42.373021716
  ],
  ""type"": ""Point""
}",-83.177984061,42.373021716
13061,9739839,TELEGRAPH,7 MILE,2016-06-06,6,6,2016,20,2,1,2,,1,0,,1,1,4,35,6,2,3,5,0,0,0,0,true,,false,false,false,false,false,,,,,,true,false,false,,,false,false,false,false,false,-83.2775,42.42758,"{
  ""coordinates"": [
    -8.327749490699991e+01,
    4.242757739900000e+01
  ],
  ""type"": ""Point""
}","{
  ""coordinates"": [
    -83.277494907,
    42.427577399
  ],
  ""type"": ""Point""
}",-83.2774949069999,42.427577399
13062,9716940,APPOLINE,MCNICHOLS,2016-06-06,6,6,2016,11,2,9,9,,,2,,1,1,1,25,1,2,1,5,0,0,0,0,true,,false,false,true,false,false,,,,,,false,false,false,,,false,false,false,false,false,-83.17123,42.41712,"{
  ""coordinates"": [
    -8.317122348299991e+01,
    4.241712179700000e+01
  ],
  ""type"": ""Point""
}","{
  ""coordinates"": [
    -83.171223483,
    42.417121797
  ],
  ""type"": ""Point""
}",-83.1712234829999,42.417121797
13063,9722035,RAMP 216J,I-94,2016-06-06,6,6,2016,12,2,5,1,,1,0,,1,1,1,55,2,2,2,5,0,0,0,0,true,,false,false,true,false,false,,,,,,false,false,false,,,false,false,false,false,false,-83.05746,42.36887,"{
  ""coordinates"": [
    -8.305746196099990e+01,
    4.236886523700010e+01
  ],
  ""type"": ""Point""
}","{
  ""coordinates"": [
    -83.057461961,
    42.368865237
  ],
  ""type"": ""Point""
}",-83.0574619609999,42.3688652370001
13064,9768919,8 MILE,SCHOENHERR,2016-06-06,6,6,2016,8,2,5,3,,1,0,,1,1,1,40,4,2,1,5,0,0,0,0,true,,false,false,true,false,false,,,,,,false,false,false,,,false,false,false,false,false,-82.98567,42.44928,"{
  ""coordinates"": [
    -8.298566944600000e+01,
    4.244927811900000e+01
  ],
  ""type"": ""Point""
}","{
  ""coordinates"": [
    -82.985669446,
    42.449278119
  ],
  ""type"": ""Point""
}",-82.985669446,42.449278119
13065,9716889,FOLEY,HUBBELL,2016-06-06,6,6,2016,21,2,8,9,,,0,,1,1,4,25,3,2,1,5,0,0,0,0,true,,false,false,true,false,false,,,,,,false,true,false,,,false,false,false,false,false,-83.18802,42.37965,"{
  ""coordinates"": [
    -8.318801803900000e+01,
    4.237964763100010e+01
  ],
  ""type"": ""Point""
}","{
  ""coordinates"": [
    -83.188018039,
    42.379647631
  ],
  ""type"": ""Point""
}",-83.188018039,42.3796476310001
13066,9719984,VERNE,TELEGRAPH,2016-06-06,6,6,2016,21,2,98,2,,,0,,1,1,5,0,2,3,1,5,0,0,0,0,true,,false,false,true,false,false,,,,,,false,false,false,,,false,false,false,false,false,-83.27679,42.41049,"{
  ""coordinates"": [
    -8.327678362400000e+01,
    4.241049135300010e+01
  ],
  ""type"": ""Point""
}","{
  ""coordinates"": [
    -83.276783624,
    42.410491353
  ],
  ""type"": ""Point""
}",-83.276783624,42.4104913530001
13067,9716932,LARNARD,WASHINGHTON,2016-06-06,6,6,2016,20,2,4,9,,4,0,,1,2,1,25,4,2,3,4,0,0,0,1,false,,false,false,true,false,false,,,,,,false,false,false,,,false,false,false,false,false,-83.04859,42.32798,"{
  ""coordinates"": [
    -8.304859327900000e+01,
    4.232798221300000e+01
  ],
  ""type"": ""Point""
}","{
  ""coordinates"": [
    -83.048593279,
    42.327982213
  ],
  ""type"": ""Point""
}",-83.048593279,42.327982213
13068,9716909,JOY,LAWTON,2016-06-05,5,6,2016,2,1,4,9,,4,0,,1,1,1,0,1,2,2,5,0,0,0,0,true,,true,true,true,false,false,,,,,,false,false,false,,,false,false,false,false,false,-83.11048,42.37283,"{
  ""coordinates"": [
    -8.311047767199990e+01,
    4.237283444200010e+01
  ],
  ""type"": ""Point""
}","{
  ""coordinates"": [
    -83.110477672,
    42.372834442
  ],
  ""type"": ""Point""
}",-83.1104776719999,42.3728344420001
13069,9715513,WOODWARD,KING,2016-06-05,5,6,2016,2,1,1,3,,1,0,,1,1,4,35,5,1,2,5,0,0,0,0,true,,false,false,false,false,false,,,,,,false,false,false,,,false,false,false,false,false,-83.08009,42.38037,"{
  ""coordinates"": [
    -8.308008337500000e+01,
    4.238036661700000e+01
  ],
  ""type"": ""Point""
}","{
  ""coordinates"": [
    -83.080083375,
    42.380366617
  ],
  ""type"": ""Point""
}",-83.080083375,42.380366617
13070,9715793,DEAN,LANTZ,2016-06-05,5,6,2016,17,1,8,9,,,0,,2,1,1,25,2,2,0,5,0,0,0,0,true,,false,false,true,false,false,,,,,,false,false,false,,,false,false,false,false,false,-83.06238,42.43828,"{
  ""coordinates"": [
    -8.306238038100000e+01,
    4.243827991200000e+01
  ],
  ""type"": ""Point""
}","{
  ""coordinates"": [
    -83.062380381,
    42.438279912
  ],
  ""type"": ""Point""
}",-83.062380381,42.438279912
13071,9715919,CHRYLSER,WARREN,2016-06-05,5,6,2016,15,1,8,1,,4,0,,2,1,1,25,7,2,2,5,0,0,0,0,true,,false,false,false,false,false,,,,,,false,false,true,,,false,false,false,false,false,-83.05499,42.36076,"{
  ""coordinates"": [
    -8.305499197300000e+01,
    4.236075666900010e+01
  ],
  ""type"": ""Point""
}","{
  ""coordinates"": [
    -83.054991973,
    42.360756669
  ],
  ""type"": ""Point""
}",-83.054991973,42.3607566690001
13072,9716930,GRATIOT,LAPPIN,2016-06-05,5,6,2016,12,1,4,3,,1,0,,2,4,1,35,7,2,2,5,0,0,0,0,true,,false,false,false,false,false,,,,,,false,false,false,,,false,false,false,false,false,-82.97631,42.43716,"{
  ""coordinates"": [
    -8.297630822100000e+01,
    4.243716564300010e+01
  ],
  ""type"": ""Point""
}","{
  ""coordinates"": [
    -82.976308221,
    42.437165643
  ],
  ""type"": ""Point""
}",-82.976308221,42.4371656430001
13073,9721990,I-96,EVERGREEN,2016-06-05,5,6,2016,0,1,5,1,,1,0,,2,4,5,55,3,2,2,5,0,0,0,0,true,,false,false,false,false,false,,,,,,false,false,true,,,false,false,false,false,false,-83.23267,42.37841,"{
  ""coordinates"": [
    -8.323267160700000e+01,
    4.237840628000000e+01
  ],
  ""type"": ""Point""
}","{
  ""coordinates"": [
    -83.232671607,
    42.37840628
  ],
  ""type"": ""Point""
}",-83.232671607,42.37840628
13074,9715896,STEEL,8 MILE,2016-06-05,5,6,2016,21,1,4,3,,,3,,1,1,4,25,4,2,0,5,0,0,0,0,true,,false,false,true,false,false,,,,,,false,false,false,,,false,false,false,false,false,-83.17341,42.44514,"{
  ""coordinates"": [
    -8.317341196300001e+01,
    4.244514556900000e+01
  ],
  ""type"": ""Point""
}","{
  ""coordinates"": [
    -83.173411963,
    42.445145569
  ],
  ""type"": ""Point""
}",-83.173411963,42.445145569
13075,9719990,ALLENDALE,IRONWOOD,2016-06-05,5,6,2016,2,1,5,9,,,0,,2,2,5,25,2,2,1,3,0,0,1,0,false,,false,false,true,false,false,,,,,,false,false,false,,,false,false,false,false,false,-83.12312,42.35476,"{
  ""coordinates"": [
    -8.312312439199999e+01,
    4.235475645200010e+01
  ],
  ""type"": ""Point""
}","{
  ""coordinates"": [
    -83.123124392,
    42.354756452
  ],
  ""type"": ""Point""
}",-83.123124392,42.3547564520001
13076,9722002,W I 96 CD,WYOMING,2016-06-05,5,6,2016,14,1,8,1,,1,0,,2,4,1,55,3,2,2,5,0,0,0,0,true,,false,false,false,false,false,,,,,,false,true,true,,,false,false,false,false,false,-83.15892,42.38561,"{
  ""coordinates"": [
    -8.315891761499999e+01,
    4.238561291200010e+01
  ],
  ""type"": ""Point""
}","{
  ""coordinates"": [
    -83.158917615,
    42.385612912
  ],
  ""type"": ""Point""
}",-83.158917615,42.3856129120001
13077,9714577,JEFFERSON,WAYNE,2016-06-05,5,6,2016,12,1,5,9,,5,0,,2,2,1,30,2,2,10,2,0,3,2,0,false,,false,false,false,false,false,,,,,,false,false,true,,,false,false,false,false,false,-83.05263,42.32573,"{
  ""coordinates"": [
    -8.305262412799991e+01,
    4.232572786400000e+01
  ],
  ""type"": ""Point""
}","{
  ""coordinates"": [
    -83.052624128,
    42.325727864
  ],
  ""type"": ""Point""
}",-83.0526241279999,42.325727864
13078,9714607,LIVERNOIS,BURLINGAME,2016-06-05,5,6,2016,15,1,1,9,,4,0,,1,1,1,30,2,2,1,3,0,0,1,0,false,,false,false,true,false,false,,,,,,false,false,false,,,false,false,false,true,false,-83.13907,42.37345,"{
  ""coordinates"": [
    -8.313907213700000e+01,
    4.237345106100000e+01
  ],
  ""type"": ""Point""
}","{
  ""coordinates"": [
    -83.139072137,
    42.373451061
  ],
  ""type"": ""Point""
}",-83.139072137,42.373451061
13079,9737707,ROWAN,BEARD,2016-06-05,5,6,2016,0,1,9,9,,,2,,2,1,4,25,2,3,0,5,0,0,0,0,true,,false,false,true,false,false,,,,,,false,false,false,,,false,false,false,false,false,-83.11462,42.30846,"{
  ""coordinates"": [
    -8.311462117000001e+01,
    4.230845855700010e+01
  ],
  ""type"": ""Point""
}","{
  ""coordinates"": [
    -83.11462117,
    42.308458557
  ],
  ""type"": ""Point""
}",-83.11462117,42.3084585570001
13080,9722029,RAMP 215F,I-94,2016-06-05,5,6,2016,12,1,1,1,,1,1,,2,1,1,55,1,1,4,5,0,0,0,0,true,,false,false,false,false,false,,,,,,false,false,false,,,false,false,false,false,false,-83.07458,42.3602,"{
  ""coordinates"": [
    -8.307457362500000e+01,
    4.236019382500010e+01
  ],
  ""type"": ""Point""
}","{
  ""coordinates"": [
    -83.074573625,
    42.360193825
  ],
  ""type"": ""Point""
}",-83.074573625,42.3601938250001
13081,9779133,TIREMAN,ASHTON,2016-06-05,5,6,2016,16,1,4,9,,4,0,,1,1,1,25,2,2,3,4,0,0,0,1,false,,true,false,false,false,false,,,,,,false,false,false,,,false,false,false,false,false,-83.21744,42.3506,"{
  ""coordinates"": [
    -8.321743444899990e+01,
    4.235060100900010e+01
  ],
  ""type"": ""Point""
}","{
  ""coordinates"": [
    -83.217434449,
    42.350601009
  ],
  ""type"": ""Point""
}",-83.2174344489999,42.3506010090001
13082,9716937,MCNICHOLS,MEYERS,2016-06-05,5,6,2016,14,1,8,9,,2,0,,1,1,1,35,2,2,3,5,0,0,0,0,true,,false,false,false,false,false,,,,,,false,false,false,,,false,false,false,false,false,-83.17001,42.41666,"{
  ""coordinates"": [
    -8.317000379000000e+01,
    4.241665785300010e+01
  ],
  ""type"": ""Point""
}","{
  ""coordinates"": [
    -83.17000379,
    42.416657853
  ],
  ""type"": ""Point""
}",-83.17000379,42.4166578530001
13083,9714591,GRAND,BUCHANAN,2016-06-05,5,6,2016,19,1,97,9,,4,0,,1,2,1,25,3,3,0,5,0,0,0,0,true,,false,false,true,false,false,,,,,,false,false,false,,,false,false,false,false,false,-83.10392,42.33922,"{
  ""coordinates"": [
    -8.310392048400000e+01,
    4.233921679000010e+01
  ],
  ""type"": ""Point""
}","{
  ""coordinates"": [
    -83.103920484,
    42.33921679
  ],
  ""type"": ""Point""
}",-83.103920484,42.3392167900001
13084,9722030,S I 375,S I 375 SERVICE DRIVE,2016-06-05,5,6,2016,13,1,1,1,,1,1,,2,2,1,55,2,1,1,5,0,0,0,0,true,,false,false,false,false,false,,,,,,false,false,true,,,false,false,false,false,false,-83.03728,42.33168,"{
  ""coordinates"": [
    -8.303727415400000e+01,
    4.233168010700010e+01
  ],
  ""type"": ""Point""
}","{
  ""coordinates"": [
    -83.037274154,
    42.331680107
  ],
  ""type"": ""Point""
}",-83.037274154,42.3316801070001
13085,9779151,GREENFIELD,E I 96 CD,2016-06-05,5,6,2016,21,1,5,1,,2,0,,1,1,4,35,4,2,2,5,0,0,0,0,true,,false,false,false,false,false,,,,,,false,false,false,,,false,false,false,false,false,-83.19801,42.37876,"{
  ""coordinates"": [
    -8.319801423900000e+01,
    4.237876108800000e+01
  ],
  ""type"": ""Point""
}","{
  ""coordinates"": [
    -83.198014239,
    42.378761088
  ],
  ""type"": ""Point""
}",-83.198014239,42.378761088
13086,9791551,SNOWDEN,7MILE,2016-06-05,5,6,2016,21,1,8,9,,,0,,1,1,4,25,2,2,2,5,0,0,0,0,true,,false,false,false,false,false,,,,,,false,false,true,,,false,false,false,false,false,-83.17834,42.43167,"{
  ""coordinates"": [
    -8.317834201600000e+01,
    4.243167659900010e+01
  ],
  ""type"": ""Point""
}","{
  ""coordinates"": [
    -83.178342016,
    42.431676599
  ],
  ""type"": ""Point""
}",-83.178342016,42.4316765990001
13087,9714576,MCNICHOLS,MANSFIELD,2016-06-05,5,6,2016,23,1,1,9,,2,1,,1,1,4,35,5,1,4,4,0,0,0,3,false,,false,false,false,false,false,,,,,,false,false,false,,,false,false,false,false,false,-83.20525,42.41584,"{
  ""coordinates"": [
    -8.320524743100000e+01,
    4.241583849500010e+01
  ],
  ""type"": ""Point""
}","{
  ""coordinates"": [
    -83.205247431,
    42.415838495
  ],
  ""type"": ""Point""
}",-83.205247431,42.4158384950001
13088,9723072,I-75,DAVISON,2016-06-05,5,6,2016,11,1,8,1,,1,0,,2,2,1,70,4,2,2,5,0,0,0,0,true,,false,false,false,false,false,,,,,,false,true,false,,,false,false,false,false,false,-83.07908,42.4085,"{
  ""coordinates"": [
    -8.307907911200000e+01,
    4.240849980100010e+01
  ],
  ""type"": ""Point""
}","{
  ""coordinates"": [
    -83.079079112,
    42.408499801
  ],
  ""type"": ""Point""
}",-83.079079112,42.4084998010001
13089,9754103,ELSMERE,LANE,2016-06-05,5,6,2016,7,1,5,9,,,0,,1,1,1,25,1,2,0,5,0,0,0,0,true,,false,false,true,false,false,,,,,,false,false,false,,,false,false,false,false,false,-83.13367,42.304,"{
  ""coordinates"": [
    -8.313367378899990e+01,
    4.230400431600000e+01
  ],
  ""type"": ""Point""
}","{
  ""coordinates"": [
    -83.133673789,
    42.304004316
  ],
  ""type"": ""Point""
}",-83.1336737889999,42.304004316
13090,9714606,OAKMAN,14TH,2016-06-05,5,6,2016,2,1,5,9,,4,3,,2,1,4,30,2,2,1,5,0,0,0,0,true,,false,false,false,true,false,,,,,,false,false,false,,,false,false,false,false,false,-83.12008,42.39997,"{
  ""coordinates"": [
    -8.312007817200001e+01,
    4.239997118600010e+01
  ],
  ""type"": ""Point""
}","{
  ""coordinates"": [
    -83.120078172,
    42.399971186
  ],
  ""type"": ""Point""
}",-83.120078172,42.3999711860001
13091,9715871,SCHAEFER,OUTER,2016-06-05,5,6,2016,22,1,5,9,,4,0,,1,1,4,35,4,2,1,5,0,0,0,0,true,,false,false,false,false,false,,,,,,false,false,false,,,false,false,false,false,false,-83.17997,42.42031,"{
  ""coordinates"": [
    -8.317997319400000e+01,
    4.242030687900010e+01
  ],
  ""type"": ""Point""
}","{
  ""coordinates"": [
    -83.179973194,
    42.420306879
  ],
  ""type"": ""Point""
}",-83.179973194,42.4203068790001
13092,9716890,SORRENTO,KEELER,2016-06-05,5,6,2016,10,1,5,9,,,0,,1,1,1,25,3,2,0,5,0,0,0,0,true,,false,false,true,false,false,,,,,,false,false,false,,,false,false,false,false,false,-83.17262,42.40402,"{
  ""coordinates"": [
    -8.317261561700001e+01,
    4.240401720500010e+01
  ],
  ""type"": ""Point""
}","{
  ""coordinates"": [
    -83.172615617,
    42.404017205
  ],
  ""type"": ""Point""
}",-83.172615617,42.4040172050001
13093,9714595,GREENFIELD,MCNICHOLS,2016-06-05,5,6,2016,1,1,4,9,,2,0,,2,4,4,35,4,3,4,4,0,0,0,3,false,,true,true,false,true,false,,,,,,false,false,true,,,false,false,false,false,false,-83.1993,42.41571,"{
  ""coordinates"": [
    -8.319929661499999e+01,
    4.241570514800000e+01
  ],
  ""type"": ""Point""
}","{
  ""coordinates"": [
    -83.199296615,
    42.415705148
  ],
  ""type"": ""Point""
}",-83.199296615,42.415705148
13094,9715794,RYAN,7 MILE,2016-06-05,5,6,2016,8,1,9,9,,4,0,,1,1,1,0,4,2,2,5,0,0,0,0,true,,false,false,true,false,false,,,,,,false,false,true,,,false,false,false,false,false,-83.06311,42.43319,"{
  ""coordinates"": [
    -8.306311179900000e+01,
    4.243318602200000e+01
  ],
  ""type"": ""Point""
}","{
  ""coordinates"": [
    -83.063111799,
    42.433186022
  ],
  ""type"": ""Point""
}",-83.063111799,42.433186022
13095,9716957,SECOND,BRAINARD,2016-06-05,5,6,2016,20,1,4,9,,4,0,,1,1,1,25,4,2,5,3,0,0,1,1,false,,true,false,false,false,false,,,,,,false,false,true,,,false,false,false,false,false,-83.06368,42.34615,"{
  ""coordinates"": [
    -8.306368292199990e+01,
    4.234615046300010e+01
  ],
  ""type"": ""Point""
}","{
  ""coordinates"": [
    -83.063682922,
    42.346150463
  ],
  ""type"": ""Point""
}",-83.0636829219999,42.3461504630001
13096,9714590,SPRINGWELLS,LAFAYETTE,2016-06-05,5,6,2016,20,1,5,9,,4,0,,1,1,3,30,2,2,3,4,0,0,0,2,false,,false,false,true,false,false,,,,,,false,false,true,,,false,false,false,false,false,-83.12016,42.30294,"{
  ""coordinates"": [
    -8.312016175399999e+01,
    4.230294333800000e+01
  ],
  ""type"": ""Point""
}","{
  ""coordinates"": [
    -83.120161754,
    42.302943338
  ],
  ""type"": ""Point""
}",-83.120161754,42.302943338
13097,9722001,W I 96 CD,GREENFIELD,2016-06-05,5,6,2016,0,1,8,1,,1,0,,2,4,4,55,4,2,1,5,0,0,0,0,true,,false,false,true,false,false,,,,,,false,false,false,,,false,false,false,false,false,-83.19627,42.37941,"{
  ""coordinates"": [
    -8.319626661800000e+01,
    4.237941322600010e+01
  ],
  ""type"": ""Point""
}","{
  ""coordinates"": [
    -83.196266618,
    42.379413226
  ],
  ""type"": ""Point""
}",-83.196266618,42.3794132260001
13098,9714604,SEVEN MILE,WALTHAM,2016-06-05,5,6,2016,23,1,8,9,,4,0,,1,1,4,30,1,2,2,5,0,0,0,0,true,,false,false,true,false,false,,,,,,false,false,false,,,false,false,false,false,false,-82.99512,42.4347,"{
  ""coordinates"": [
    -8.299512609999989e+01,
    4.243469481300010e+01
  ],
  ""type"": ""Point""
}","{
  ""coordinates"": [
    -82.9951261,
    42.434694813
  ],
  ""type"": ""Point""
}",-82.9951260999999,42.4346948130001
13099,9714608,7 MILE,RYAN,2016-06-05,5,6,2016,14,1,4,9,,4,0,,2,4,1,30,2,2,1,5,0,0,0,0,true,,false,false,true,false,false,,,,,,false,false,false,,,false,false,false,false,false,-83.06299,42.43313,"{
  ""coordinates"": [
    -8.306299154700000e+01,
    4.243313065900000e+01
  ],
  ""type"": ""Point""
}","{
  ""coordinates"": [
    -83.062991547,
    42.433130659
  ],
  ""type"": ""Point""
}",-83.062991547,42.433130659
13100,9714602,HUBBELL,PILGRIM,2016-06-05,5,6,2016,0,1,4,9,,4,0,,2,4,4,30,4,2,1,5,0,0,0,0,true,,false,false,true,false,false,,,,,,false,false,false,,,false,false,false,false,false,-83.18913,42.40722,"{
  ""coordinates"": [
    -8.318913633299999e+01,
    4.240722270900010e+01
  ],
  ""type"": ""Point""
}","{
  ""coordinates"": [
    -83.189136333,
    42.407222709
  ],
  ""type"": ""Point""
}",-83.189136333,42.4072227090001
13101,9714618,MEYERS,PURITAN,2016-06-05,5,6,2016,10,1,5,9,,4,0,,1,1,1,30,4,2,1,4,0,0,0,1,false,,false,false,true,false,false,,,,,,false,true,false,,,false,false,false,false,false,-83.16976,42.40953,"{
  ""coordinates"": [
    -8.316975946900000e+01,
    4.240953332700010e+01
  ],
  ""type"": ""Point""
}","{
  ""coordinates"": [
    -83.169759469,
    42.409533327
  ],
  ""type"": ""Point""
}",-83.169759469,42.4095333270001
13102,9717877,VAN DYKE,7 MILE,2016-06-05,5,6,2016,13,1,5,3,,1,0,,2,4,97,35,7,2,2,5,0,0,0,0,true,,false,false,false,false,false,,,,,,false,false,false,,,false,false,false,false,false,-83.02424,42.43369,"{
  ""coordinates"": [
    -8.302423765200000e+01,
    4.243369137800000e+01
  ],
  ""type"": ""Point""
}","{
  ""coordinates"": [
    -83.024237652,
    42.433691378
  ],
  ""type"": ""Point""
}",-83.024237652,42.433691378
13103,9714581,8628 CLOVERLAWN,JOY,2016-06-05,5,6,2016,1,1,98,9,,,0,,98,98,4,25,2,2,1,5,0,0,0,0,true,,false,false,true,false,false,,,,,,false,false,false,,,false,false,false,false,false,-83.15102,42.35854,"{
  ""coordinates"": [
    -8.315102322000000e+01,
    4.235853959200010e+01
  ],
  ""type"": ""Point""
}","{
  ""coordinates"": [
    -83.15102322,
    42.358539592
  ],
  ""type"": ""Point""
}",-83.15102322,42.3585395920001
13104,9716946,PRAIRIE,PEMBROKE,2016-06-05,5,6,2016,16,1,1,9,,,1,,1,2,1,25,1,1,1,5,0,0,0,0,true,,false,false,false,false,false,,,,,,false,false,false,,,false,false,false,false,false,-83.14603,42.43848,"{
  ""coordinates"": [
    -8.314603116500000e+01,
    4.243848518500000e+01
  ],
  ""type"": ""Point""
}","{
  ""coordinates"": [
    -83.146031165,
    42.438485185
  ],
  ""type"": ""Point""
}",-83.146031165,42.438485185
13105,9722032,I-75,SCHAEFER,2016-06-05,5,6,2016,23,1,1,1,,1,0,,1,1,5,70,4,1,1,5,0,0,0,0,true,,false,false,false,false,false,,,,,,false,false,false,,,false,false,false,false,false,-83.15224,42.27906,"{
  ""coordinates"": [
    -8.315224033600001e+01,
    4.227905569500010e+01
  ],
  ""type"": ""Point""
}","{
  ""coordinates"": [
    -83.152240336,
    42.279055695
  ],
  ""type"": ""Point""
}",-83.152240336,42.2790556950001
13106,9719986,N M 10 SERVICE DRIVE,COLLINGWOOD,2016-06-05,5,6,2016,11,1,4,9,,,0,,1,2,1,30,7,2,2,4,0,0,0,1,false,,true,true,false,false,false,,,,,,false,false,true,,,false,false,false,false,false,-83.0999,42.38523,"{
  ""coordinates"": [
    -8.309990201700001e+01,
    4.238523668300010e+01
  ],
  ""type"": ""Point""
}","{
  ""coordinates"": [
    -83.099902017,
    42.385236683
  ],
  ""type"": ""Point""
}",-83.099902017,42.3852366830001