ObjectId,Crash ID,Primary Road,Intersecting Road,Crash Date,Day,Month,Year,Hour,Weekday,Crash Type Code,Highway Classification Code,Community Code,Jurisdiction Code,Lane Departure Type Code,Surface Type,Road Condition,Weather Condition,Lighting Condition,Speed Limit,Lanes,Units,Occupants,Most Severe Injury,Fatal Injuries,Suspected Serious Injuries,Suspected Minor Injuries,Possible Injuries,Property Damage Only,Secondary Crash,Traffic Control,Red Light Run,Hit and Run,Alcohol,Drugs,Unbelted Person,Work Zone,Speeding Driver,Distracted Driver,Driveway,Pedestrian,Elderly Driver,Young Driver,Commercial Vehicle,Emergency Vehicles,Train,School Bus,Motorcycle,Bicycle,Deer,Longitude,Latitude,geom,geog,x,y
13221,9714611,SHERWOOD,8 MILE,2016-06-03,3,6,2016,21,6,4,3,,4,0,,1,1,4,40,4,2,2,4,0,0,0,2,false,,true,true,false,false,false,,,,,,false,false,true,,,false,false,false,false,false,-83.03451,42.44795,"{
  ""coordinates"": [
    -8.303451034900000e+01,
    4.244794977600000e+01
  ],
  ""type"": ""Point""
}","{
  ""coordinates"": [
    -83.034510349,
    42.447949776
  ],
  ""type"": ""Point""
}",-83.034510349,42.447949776
13222,9721998,S I 375,RAMP 041E,2016-06-03,3,6,2016,8,6,5,1,,1,0,,1,1,1,55,2,2,2,5,0,0,0,0,true,,false,false,false,false,false,,,,,,false,false,false,,,false,false,false,false,false,-83.04419,42.34414,"{
  ""coordinates"": [
    -8.304418735000000e+01,
    4.234413833500000e+01
  ],
  ""type"": ""Point""
}","{
  ""coordinates"": [
    -83.04418735,
    42.344138335
  ],
  ""type"": ""Point""
}",-83.04418735,42.344138335
13223,9713555,MEYERS,CURTIS,2016-06-03,3,6,2016,18,6,5,9,,4,0,,1,1,1,25,2,2,5,4,0,0,0,1,false,,false,false,false,false,false,,,,,,false,false,false,,,false,false,false,false,false,-83.17043,42.42386,"{
  ""coordinates"": [
    -8.317042451200000e+01,
    4.242386167400010e+01
  ],
  ""type"": ""Point""
}","{
  ""coordinates"": [
    -83.170424512,
    42.423861674
  ],
  ""type"": ""Point""
}",-83.170424512,42.4238616740001
13224,9713545,DAVISON,PETOSKEY,2016-06-03,3,6,2016,16,6,5,3,,1,0,,1,1,1,35,6,2,2,5,0,0,0,0,true,,false,false,false,false,false,,,,,,false,false,false,,,false,false,false,false,false,-83.1347,42.38829,"{
  ""coordinates"": [
    -8.313470266400000e+01,
    4.238828518300010e+01
  ],
  ""type"": ""Point""
}","{
  ""coordinates"": [
    -83.134702664,
    42.388285183
  ],
  ""type"": ""Point""
}",-83.134702664,42.3882851830001
13225,9717871,CONNER,COLLEGE,2016-06-03,3,6,2016,10,6,4,9,,4,0,,1,1,1,35,5,2,4,4,0,0,0,4,false,,false,false,false,false,false,,,,,,false,false,true,,,false,false,false,false,false,-83.00806,42.41351,"{
  ""coordinates"": [
    -8.300805522300000e+01,
    4.241350998000010e+01
  ],
  ""type"": ""Point""
}","{
  ""coordinates"": [
    -83.008055223,
    42.41350998
  ],
  ""type"": ""Point""
}",-83.008055223,42.4135099800001
13226,9713508,RIVARD,LAFAYETTE,2016-06-03,3,6,2016,17,6,8,9,,4,0,,1,1,1,30,5,2,3,5,0,0,0,0,true,,false,false,false,false,false,,,,,,false,false,false,,,false,false,false,false,false,-83.03626,42.33642,"{
  ""coordinates"": [
    -8.303626617000000e+01,
    4.233641995600000e+01
  ],
  ""type"": ""Point""
}","{
  ""coordinates"": [
    -83.03626617,
    42.336419956
  ],
  ""type"": ""Point""
}",-83.03626617,42.336419956
13227,9715562,OAKFIELD,THATCHER,2016-06-03,3,6,2016,2,6,97,9,,,0,,1,1,4,25,2,1,1,4,0,0,0,1,false,,false,false,false,false,false,,,,,,false,false,false,,,false,false,false,false,false,-83.21468,42.42106,"{
  ""coordinates"": [
    -8.321468464000000e+01,
    4.242105774800010e+01
  ],
  ""type"": ""Point""
}","{
  ""coordinates"": [
    -83.21468464,
    42.421057748
  ],
  ""type"": ""Point""
}",-83.21468464,42.4210577480001
13228,9713560,7 MILE,PARKSIDE,2016-06-03,3,6,2016,19,6,4,9,,2,0,,1,1,1,30,4,2,3,3,0,0,1,0,false,,false,false,false,false,false,,,,,,false,false,true,,,false,false,false,false,false,-83.13232,42.43174,"{
  ""coordinates"": [
    -8.313232634699990e+01,
    4.243173779600000e+01
  ],
  ""type"": ""Point""
}","{
  ""coordinates"": [
    -83.132326347,
    42.431737796
  ],
  ""type"": ""Point""
}",-83.1323263469999,42.431737796
13229,9720998,RAMP 122A,RAMP 122I,2016-06-03,3,6,2016,22,6,1,1,,1,1,,1,1,5,55,1,1,1,5,0,0,0,0,true,,false,false,false,false,false,,,,,,false,false,false,,,false,false,false,false,false,-83.06666,42.3353,"{
  ""coordinates"": [
    -8.306665767500000e+01,
    4.233530363100000e+01
  ],
  ""type"": ""Point""
}","{
  ""coordinates"": [
    -83.066657675,
    42.335303631
  ],
  ""type"": ""Point""
}",-83.066657675,42.335303631
13230,9721005,I-75,TRUMBULL,2016-06-03,3,6,2016,17,6,5,9,,4,0,,1,1,1,55,3,2,2,5,0,0,0,0,true,,false,false,false,false,false,,,,,,false,false,true,,,false,false,false,false,false,-83.06599,42.33605,"{
  ""coordinates"": [
    -8.306599290100000e+01,
    4.233605039000000e+01
  ],
  ""type"": ""Point""
}","{
  ""coordinates"": [
    -83.065992901,
    42.33605039
  ],
  ""type"": ""Point""
}",-83.065992901,42.33605039
13231,9713523,WYOMING,SANTA CLARA,2016-06-03,3,6,2016,9,6,8,9,,4,0,,1,1,1,35,4,2,1,5,0,0,0,0,true,,false,false,true,false,false,,,,,,false,false,false,,,false,false,false,false,false,-83.16051,42.42059,"{
  ""coordinates"": [
    -8.316051766899990e+01,
    4.242058642400010e+01
  ],
  ""type"": ""Point""
}","{
  ""coordinates"": [
    -83.160517669,
    42.420586424
  ],
  ""type"": ""Point""
}",-83.1605176689999,42.4205864240001
13232,9713556,7 MILE,WHITCOMB,2016-06-03,3,6,2016,14,6,1,9,,2,1,,1,1,1,35,4,2,1,4,0,0,0,1,false,,false,false,true,false,false,,,,,,true,false,false,,,false,false,false,false,false,-83.19704,42.43049,"{
  ""coordinates"": [
    -8.319704613800000e+01,
    4.243049034900010e+01
  ],
  ""type"": ""Point""
}","{
  ""coordinates"": [
    -83.197046138,
    42.430490349
  ],
  ""type"": ""Point""
}",-83.197046138,42.4304903490001
13233,9720011,CONNER,WARREN,2016-06-03,3,6,2016,19,6,8,9,,4,0,,1,1,1,35,5,2,1,5,0,0,0,0,true,,false,false,true,false,false,,,,,,false,true,false,,,false,false,false,false,false,-82.97578,42.3892,"{
  ""coordinates"": [
    -8.297577494900000e+01,
    4.238919788400010e+01
  ],
  ""type"": ""Point""
}","{
  ""coordinates"": [
    -82.975774949,
    42.389197884
  ],
  ""type"": ""Point""
}",-82.975774949,42.3891978840001
13234,9713512,GRATIOT,HARPER,2016-06-03,3,6,2016,22,6,4,3,,1,0,,1,1,4,35,3,2,1,4,0,0,0,1,false,,false,false,true,false,false,,,,,,false,false,false,,,false,false,false,false,false,-83.00522,42.39313,"{
  ""coordinates"": [
    -8.300522131000000e+01,
    4.239313118300000e+01
  ],
  ""type"": ""Point""
}","{
  ""coordinates"": [
    -83.00522131,
    42.393131183
  ],
  ""type"": ""Point""
}",-83.00522131,42.393131183
13235,9722123,CHRYSLER SERVICE,CLAY,2016-06-03,3,6,2016,18,6,5,1,,1,0,,1,1,1,30,3,2,2,5,0,0,0,0,true,,false,false,false,false,false,,,,,,false,false,false,,,false,false,false,false,false,-83.06252,42.37826,"{
  ""coordinates"": [
    -8.306252343900000e+01,
    4.237825795900010e+01
  ],
  ""type"": ""Point""
}","{
  ""coordinates"": [
    -83.062523439,
    42.378257959
  ],
  ""type"": ""Point""
}",-83.062523439,42.3782579590001
13236,9719996,N I 75 SERVICE DRIVE,CLARK,2016-06-03,3,6,2016,6,6,5,7,,4,0,,1,1,1,55,4,2,2,5,0,0,0,0,true,,false,false,true,false,false,,,,,,false,false,false,,,false,false,false,false,false,-83.091,42.31311,"{
  ""coordinates"": [
    -8.309099981500000e+01,
    4.231311374400010e+01
  ],
  ""type"": ""Point""
}","{
  ""coordinates"": [
    -83.090999815,
    42.313113744
  ],
  ""type"": ""Point""
}",-83.090999815,42.3131137440001
13237,9716919,JEFFERSON,MT ELLIOT,2016-06-03,3,6,2016,22,6,4,9,,4,0,,1,1,4,35,8,2,3,4,0,0,0,3,false,,false,false,false,false,false,,,,,,false,false,true,,,false,false,false,false,false,-83.01004,42.34366,"{
  ""coordinates"": [
    -8.301004295400000e+01,
    4.234365814400010e+01
  ],
  ""type"": ""Point""
}","{
  ""coordinates"": [
    -83.010042954,
    42.343658144
  ],
  ""type"": ""Point""
}",-83.010042954,42.3436581440001
13238,9713551,7 MILE,LAUDER,2016-06-03,3,6,2016,18,6,5,9,,2,0,,1,1,1,35,4,2,4,5,0,0,0,0,true,,false,false,false,false,false,,,,,,false,false,false,,,false,false,false,false,false,-83.19255,42.43064,"{
  ""coordinates"": [
    -8.319255224800000e+01,
    4.243063584200010e+01
  ],
  ""type"": ""Point""
}","{
  ""coordinates"": [
    -83.192552248,
    42.430635842
  ],
  ""type"": ""Point""
}",-83.192552248,42.4306358420001
13239,9907450,LANTZ,SYRACUSE,2016-06-03,3,6,2016,19,6,5,9,,,0,,1,1,2,25,1,3,2,5,0,0,0,0,true,,false,false,false,true,false,,,,,,false,false,false,,,false,false,false,false,false,-83.0461,42.4384,"{
  ""coordinates"": [
    -8.304609696499990e+01,
    4.243840326000000e+01
  ],
  ""type"": ""Point""
}","{
  ""coordinates"": [
    -83.046096965,
    42.43840326
  ],
  ""type"": ""Point""
}",-83.0460969649999,42.43840326
13240,9714612,DAVISON,DAVISON,2016-06-03,3,6,2016,23,6,8,3,,0,0,,1,1,4,30,3,2,3,5,0,0,0,0,true,,false,false,false,false,false,,,,,,false,false,false,,,false,false,false,false,false,-83.06373,42.41465,"{
  ""coordinates"": [
    -8.306373123400000e+01,
    4.241464922100000e+01
  ],
  ""type"": ""Point""
}","{
  ""coordinates"": [
    -83.063731234,
    42.414649221
  ],
  ""type"": ""Point""
}",-83.063731234,42.414649221
13241,9713498,I 96,TELEGRAPH500,2016-06-03,3,6,2016,16,6,97,1,,1,0,,1,1,1,55,6,2,2,5,0,0,0,0,true,,false,false,false,false,false,,,,,,false,false,false,,,false,false,false,false,false,-83.27418,42.38549,"{
  ""coordinates"": [
    -8.327418047099999e+01,
    4.238548966900000e+01
  ],
  ""type"": ""Point""
}","{
  ""coordinates"": [
    -83.274180471,
    42.385489669
  ],
  ""type"": ""Point""
}",-83.274180471,42.385489669
13242,9713483,S I 75,CLARK,2016-06-03,3,6,2016,7,6,5,1,,1,0,,1,1,1,0,4,3,3,5,0,0,0,0,true,,false,false,false,false,false,,,,,,false,false,false,,,false,false,false,false,false,-83.09084,42.31376,"{
  ""coordinates"": [
    -8.309084145900000e+01,
    4.231376408100000e+01
  ],
  ""type"": ""Point""
}","{
  ""coordinates"": [
    -83.090841459,
    42.313764081
  ],
  ""type"": ""Point""
}",-83.090841459,42.313764081
13243,9713541,DESOTO,GREENLAWN,2016-06-03,3,6,2016,21,6,4,9,,,0,,1,1,4,25,1,2,3,3,0,0,1,0,false,,false,false,false,false,false,,,,,,false,false,true,,,false,false,false,false,false,-83.14981,42.40111,"{
  ""coordinates"": [
    -8.314981169799999e+01,
    4.240111337200010e+01
  ],
  ""type"": ""Point""
}","{
  ""coordinates"": [
    -83.149811698,
    42.401113372
  ],
  ""type"": ""Point""
}",-83.149811698,42.4011133720001
13244,9716881,MT ELLIOTT,VERNOR,2016-06-03,3,6,2016,15,6,97,9,,4,0,,1,1,1,35,2,2,2,5,0,0,0,0,true,,false,false,false,false,false,,,,,,false,true,false,,,false,false,false,false,false,-83.01746,42.35503,"{
  ""coordinates"": [
    -8.301746490700000e+01,
    4.235502466200010e+01
  ],
  ""type"": ""Point""
}","{
  ""coordinates"": [
    -83.017464907,
    42.355024662
  ],
  ""type"": ""Point""
}",-83.017464907,42.3550246620001
13245,9714614,7 MILE,VAN DYKE,2016-06-03,3,6,2016,23,6,4,3,,4,0,,1,1,4,30,4,2,2,5,0,0,0,0,true,,false,false,false,false,false,,,,,,false,false,false,,,false,false,false,false,false,-83.02387,42.43398,"{
  ""coordinates"": [
    -8.302387580200001e+01,
    4.243397531700000e+01
  ],
  ""type"": ""Point""
}","{
  ""coordinates"": [
    -83.023875802,
    42.433975317
  ],
  ""type"": ""Point""
}",-83.023875802,42.433975317
13246,9713475,CASS,LEDYARD,2016-06-03,3,6,2016,15,6,1,9,,4,0,,1,1,1,0,2,2,2,3,0,0,1,0,false,,false,false,false,false,false,,,,,,false,false,false,,,false,false,false,true,false,-83.05767,42.34016,"{
  ""coordinates"": [
    -8.305767167899999e+01,
    4.234015936400000e+01
  ],
  ""type"": ""Point""
}","{
  ""coordinates"": [
    -83.057671679,
    42.340159364
  ],
  ""type"": ""Point""
}",-83.057671679,42.340159364
13247,9713522,7516 DOLPHIN,WARREN,2016-06-03,3,6,2016,8,6,9,9,,,2,,1,1,1,25,1,2,1,5,0,0,0,0,true,,false,false,false,false,false,,,,,,false,true,false,,,false,false,false,false,false,-83.25616,42.34206,"{
  ""coordinates"": [
    -8.325616160700000e+01,
    4.234206110300000e+01
  ],
  ""type"": ""Point""
}","{
  ""coordinates"": [
    -83.256161607,
    42.342061103
  ],
  ""type"": ""Point""
}",-83.256161607,42.342061103
13248,9713503,JEFFERSON,RIVARD,2016-06-03,3,6,2016,21,6,8,9,,4,0,,1,2,4,30,7,2,1,4,0,0,0,1,false,,false,false,true,false,false,,,,,,false,false,false,,,false,false,false,false,false,-83.03439,42.33318,"{
  ""coordinates"": [
    -8.303439363900000e+01,
    4.233318166800010e+01
  ],
  ""type"": ""Point""
}","{
  ""coordinates"": [
    -83.034393639,
    42.333181668
  ],
  ""type"": ""Point""
}",-83.034393639,42.3331816680001
13249,9713543,GRAND RIVER,5TH,2016-06-03,3,6,2016,17,6,8,3,,1,0,,1,1,1,35,7,2,2,5,0,0,0,0,true,,false,false,false,false,false,,,,,,false,false,false,,,false,false,false,false,false,-83.06464,42.33873,"{
  ""coordinates"": [
    -8.306463832100000e+01,
    4.233872493600010e+01
  ],
  ""type"": ""Point""
}","{
  ""coordinates"": [
    -83.064638321,
    42.338724936
  ],
  ""type"": ""Point""
}",-83.064638321,42.3387249360001
13250,9716876,WB I-96,LIVERNOIS,2016-06-03,3,6,2016,2,6,1,1,,1,1,,1,2,4,70,3,1,1,4,0,0,0,1,false,,false,false,false,false,false,,,,,,false,false,false,,,false,false,false,false,false,-83.1404,42.36798,"{
  ""coordinates"": [
    -8.314040542200000e+01,
    4.236797953900000e+01
  ],
  ""type"": ""Point""
}","{
  ""coordinates"": [
    -83.140405422,
    42.367979539
  ],
  ""type"": ""Point""
}",-83.140405422,42.367979539
13251,9713509,GRATIOT,RUSSELL,2016-06-03,3,6,2016,16,6,97,3,,1,0,,1,1,1,35,4,2,1,5,0,0,0,0,true,,false,false,true,false,false,,,,,,false,false,false,,,false,false,false,false,false,-83.0387,42.34358,"{
  ""coordinates"": [
    -8.303869908300000e+01,
    4.234358265200010e+01
  ],
  ""type"": ""Point""
}","{
  ""coordinates"": [
    -83.038699083,
    42.343582652
  ],
  ""type"": ""Point""
}",-83.038699083,42.3435826520001
13252,9722085,VERNOR,GRATIOT,2016-06-03,3,6,2016,13,6,4,9,,4,0,,1,1,1,0,4,2,2,5,0,0,0,0,true,,true,true,false,false,false,,,,,,false,false,true,,,false,false,false,false,false,-83.08363,42.32512,"{
  ""coordinates"": [
    -8.308362393499991e+01,
    4.232512416200010e+01
  ],
  ""type"": ""Point""
}","{
  ""coordinates"": [
    -83.083623935,
    42.325124162
  ],
  ""type"": ""Point""
}",-83.0836239349999,42.3251241620001
13253,9743085,SOUTHFIELD SERVICE DRIVE,SCHOOLCRAFT,2016-06-03,3,6,2016,13,6,5,9,,4,0,,1,1,1,55,1,2,2,5,0,0,0,0,true,,false,false,false,false,false,,,,,,false,false,true,,,false,false,false,false,false,-83.21805,42.38669,"{
  ""coordinates"": [
    -8.321804937000000e+01,
    4.238669193800010e+01
  ],
  ""type"": ""Point""
}","{
  ""coordinates"": [
    -83.21804937,
    42.386691938
  ],
  ""type"": ""Point""
}",-83.21804937,42.3866919380001
13254,9727296,STAIR,PITT,2016-06-03,3,6,2016,10,6,97,9,,,0,,1,1,1,25,3,2,1,5,0,0,0,0,true,,true,false,true,false,false,,,,,,false,false,true,,,false,false,false,false,false,-83.12347,42.31543,"{
  ""coordinates"": [
    -8.312346729399999e+01,
    4.231542724900000e+01
  ],
  ""type"": ""Point""
}","{
  ""coordinates"": [
    -83.123467294,
    42.315427249
  ],
  ""type"": ""Point""
}",-83.123467294,42.315427249
13255,9735571,MARTIN LUTHER KING JR,CASS,2016-06-03,3,6,2016,17,6,3,9,,4,0,,1,1,1,30,4,2,3,4,0,0,0,2,false,,false,false,false,false,false,,,,,,false,false,false,,,false,false,false,false,false,-83.06075,42.34565,"{
  ""coordinates"": [
    -8.306074990799991e+01,
    4.234564556800010e+01
  ],
  ""type"": ""Point""
}","{
  ""coordinates"": [
    -83.060749908,
    42.345645568
  ],
  ""type"": ""Point""
}",-83.0607499079999,42.3456455680001
13256,9736458,FOREST,LODGE SERVICE,2016-06-03,3,6,2016,21,6,4,3,,1,0,,1,1,4,25,2,2,5,5,0,0,0,0,true,,false,false,false,false,false,,,,,,false,false,false,,,false,false,false,false,false,-83.07137,42.35111,"{
  ""coordinates"": [
    -8.307137393799999e+01,
    4.235111372600010e+01
  ],
  ""type"": ""Point""
}","{
  ""coordinates"": [
    -83.071373938,
    42.351113726
  ],
  ""type"": ""Point""
}",-83.071373938,42.3511137260001
13257,9720040,GRATIOT,FRENCH,2016-06-03,3,6,2016,16,6,5,3,,1,0,,98,98,1,35,7,2,4,4,0,0,0,3,false,,false,false,false,false,false,,,,,,false,false,false,,,false,false,false,false,false,-83.00034,42.40056,"{
  ""coordinates"": [
    -8.300033224500000e+01,
    4.240056227500000e+01
  ],
  ""type"": ""Point""
}","{
  ""coordinates"": [
    -83.000332245,
    42.400562275
  ],
  ""type"": ""Point""
}",-83.000332245,42.400562275
13258,9717852,HARDING,MACK,2016-06-03,3,6,2016,21,6,98,9,,,3,,1,1,3,25,1,2,0,5,0,0,0,0,true,,false,false,true,false,false,,,,,,false,true,false,,,false,false,false,false,false,-82.98512,42.37585,"{
  ""coordinates"": [
    -8.298511467700000e+01,
    4.237585406100000e+01
  ],
  ""type"": ""Point""
}","{
  ""coordinates"": [
    -82.985114677,
    42.375854061
  ],
  ""type"": ""Point""
}",-82.985114677,42.375854061
13259,9713525,MCNICHOLS,MURRAY HILL,2016-06-03,3,6,2016,23,6,4,9,,2,0,,1,1,4,30,4,2,1,4,0,0,0,1,false,,true,true,true,false,false,,,,,,false,false,true,,,false,false,false,false,false,-83.20802,42.41578,"{
  ""coordinates"": [
    -8.320801217600000e+01,
    4.241578267500010e+01
  ],
  ""type"": ""Point""
}","{
  ""coordinates"": [
    -83.208012176,
    42.415782675
  ],
  ""type"": ""Point""
}",-83.208012176,42.4157826750001
13260,9724939,SOUTHFIELD,FORD,2016-06-03,3,6,2016,9,6,8,3,,1,0,,1,1,1,50,3,2,2,5,0,0,0,0,true,,false,false,false,false,false,,,,,,false,true,false,,,false,false,false,false,false,-83.21622,42.33299,"{
  ""coordinates"": [
    -8.321622682000000e+01,
    4.233298699400010e+01
  ],
  ""type"": ""Point""
}","{
  ""coordinates"": [
    -83.21622682,
    42.332986994
  ],
  ""type"": ""Point""
}",-83.21622682,42.3329869940001
13261,9722009,I-96,GREENFIELD,2016-06-03,3,6,2016,17,6,1,1,,1,1,,1,1,1,70,3,1,1,3,0,0,1,0,false,,false,false,false,false,false,,,,,,false,false,false,,,false,false,false,false,false,-83.19971,42.37906,"{
  ""coordinates"": [
    -8.319970544599990e+01,
    4.237905772000000e+01
  ],
  ""type"": ""Point""
}","{
  ""coordinates"": [
    -83.199705446,
    42.37905772
  ],
  ""type"": ""Point""
}",-83.1997054459999,42.37905772
13262,9713473,HUBBELL,CHICAGO,2016-06-03,3,6,2016,18,6,3,9,,4,0,,1,2,1,30,5,2,1,5,0,0,0,0,true,,false,false,true,false,false,,,,,,false,false,false,,,false,false,false,false,false,-83.18749,42.36561,"{
  ""coordinates"": [
    -8.318749421699989e+01,
    4.236560931200010e+01
  ],
  ""type"": ""Point""
}","{
  ""coordinates"": [
    -83.187494217,
    42.365609312
  ],
  ""type"": ""Point""
}",-83.1874942169999,42.3656093120001
13263,9723108,JOSEPH CAMPAU,NEVADA,2016-06-03,3,6,2016,3,6,97,9,,4,3,,1,1,4,25,2,2,1,1,1,0,0,0,false,,false,false,false,false,false,,,,,,false,false,false,,,false,false,true,false,false,-83.0727,42.42656,"{
  ""coordinates"": [
    -8.307269728100000e+01,
    4.242656328600000e+01
  ],
  ""type"": ""Point""
}","{
  ""coordinates"": [
    -83.072697281,
    42.426563286
  ],
  ""type"": ""Point""
}",-83.072697281,42.426563286
13264,9713496,FULLERTON,MEMORIAL,2016-06-03,3,6,2016,16,6,3,9,,4,0,,1,2,1,30,4,2,2,5,0,0,0,0,true,,false,false,false,false,false,,,,,,false,false,true,,,false,false,false,false,false,-83.21286,42.37977,"{
  ""coordinates"": [
    -8.321286063799990e+01,
    4.237977067300010e+01
  ],
  ""type"": ""Point""
}","{
  ""coordinates"": [
    -83.212860638,
    42.379770673
  ],
  ""type"": ""Point""
}",-83.2128606379999,42.3797706730001
13265,9713538,CLAIRMOUNT,WOODROW WILSON,2016-06-03,3,6,2016,13,6,5,9,,4,0,,1,1,1,30,2,2,2,5,0,0,0,0,true,,false,false,true,false,false,,,,,,false,false,false,,,false,false,false,false,false,-83.0964,42.37749,"{
  ""coordinates"": [
    -8.309639926100000e+01,
    4.237749063900000e+01
  ],
  ""type"": ""Point""
}","{
  ""coordinates"": [
    -83.096399261,
    42.377490639
  ],
  ""type"": ""Point""
}",-83.096399261,42.377490639
13266,9759651,N I 75,SPRINGWELLS,2016-06-03,3,6,2016,7,6,5,1,,1,0,,1,2,3,0,4,3,1,5,0,0,0,0,true,,false,false,false,false,false,,,,,,false,false,true,,,false,false,false,false,false,-83.11909,42.3014,"{
  ""coordinates"": [
    -8.311908838100000e+01,
    4.230139431000000e+01
  ],
  ""type"": ""Point""
}","{
  ""coordinates"": [
    -83.119088381,
    42.30139431
  ],
  ""type"": ""Point""
}",-83.119088381,42.30139431
13267,9713558,8 MILE,LICHFIELD,2016-06-03,3,6,2016,7,6,4,3,,1,0,,1,1,1,45,4,2,2,5,0,0,0,0,true,,false,false,true,false,false,,,,,,false,false,false,,,false,false,false,false,false,-83.13431,42.44624,"{
  ""coordinates"": [
    -8.313430695800000e+01,
    4.244623881400000e+01
  ],
  ""type"": ""Point""
}","{
  ""coordinates"": [
    -83.134306958,
    42.446238814
  ],
  ""type"": ""Point""
}",-83.134306958,42.446238814
13268,9713559,PURITAN,BAYLIS,2016-06-03,3,6,2016,17,6,8,9,,4,0,,1,1,1,0,2,2,2,2,0,1,0,0,false,,false,false,false,false,false,,,,,,false,false,true,,,false,false,true,false,false,-83.12398,42.41024,"{
  ""coordinates"": [
    -8.312397879199990e+01,
    4.241023454900010e+01
  ],
  ""type"": ""Point""
}","{
  ""coordinates"": [
    -83.123978792,
    42.410234549
  ],
  ""type"": ""Point""
}",-83.1239787919999,42.4102345490001
13269,9721023,I-96,I-75,2016-06-03,3,6,2016,9,6,5,1,,1,0,,1,1,1,55,4,2,2,5,0,0,0,0,true,,false,false,false,false,false,,,,,,false,false,false,,,false,false,false,false,false,-83.08258,42.32027,"{
  ""coordinates"": [
    -8.308257925299991e+01,
    4.232026963100000e+01
  ],
  ""type"": ""Point""
}","{
  ""coordinates"": [
    -83.082579253,
    42.320269631
  ],
  ""type"": ""Point""
}",-83.0825792529999,42.320269631
13270,9714617,CONLEY,SEVEN MILE,2016-06-03,3,6,2016,22,6,5,9,,,0,,1,1,4,25,1,2,4,4,0,0,0,1,false,,false,false,false,false,false,,,,,,false,false,false,,,false,false,false,false,false,-83.05274,42.43473,"{
  ""coordinates"": [
    -8.305273864199999e+01,
    4.243473452800000e+01
  ],
  ""type"": ""Point""
}","{
  ""coordinates"": [
    -83.052738642,
    42.434734528
  ],
  ""type"": ""Point""
}",-83.052738642,42.434734528
13271,9717867,GRATIOT,SEYBURN,2016-06-03,3,6,2016,11,6,8,3,,1,0,,1,1,1,35,7,2,2,5,0,0,0,0,true,,false,false,true,false,false,,,,,,false,false,false,,,false,false,false,false,false,-83.01518,42.37807,"{
  ""coordinates"": [
    -8.301518222100000e+01,
    4.237806777300010e+01
  ],
  ""type"": ""Point""
}","{
  ""coordinates"": [
    -83.015182221,
    42.378067773
  ],
  ""type"": ""Point""
}",-83.015182221,42.3780677730001
13272,9713553,S M 39 SERVICE DRIVE,FORD,2016-06-03,3,6,2016,9,6,8,3,,1,0,,1,1,1,55,4,2,2,5,0,0,0,0,true,,false,false,false,false,false,,,,,,false,true,false,,,false,false,false,false,false,-83.216,42.32915,"{
  ""coordinates"": [
    -8.321599985800000e+01,
    4.232914983900010e+01
  ],
  ""type"": ""Point""
}","{
  ""coordinates"": [
    -83.215999858,
    42.329149839
  ],
  ""type"": ""Point""
}",-83.215999858,42.3291498390001
13273,9728905,SB I-75,SCHAEFER,2016-06-03,3,6,2016,0,6,5,1,,1,0,,1,1,4,70,4,2,4,5,0,0,0,0,true,,false,false,true,false,false,,,,,,false,false,false,,,false,false,false,false,false,-83.14948,42.28203,"{
  ""coordinates"": [
    -8.314948091299991e+01,
    4.228203245100010e+01
  ],
  ""type"": ""Point""
}","{
  ""coordinates"": [
    -83.149480913,
    42.282032451
  ],
  ""type"": ""Point""
}",-83.1494809129999,42.2820324510001
13274,9719970,7 MILE,GREENVIEW,2016-06-03,3,6,2016,12,6,4,9,,2,0,,1,1,1,35,4,2,5,4,0,0,0,1,false,,false,false,false,false,false,,,,,,false,false,true,,,false,false,false,false,false,-83.22524,42.4299,"{
  ""coordinates"": [
    -8.322524598599990e+01,
    4.242990331600000e+01
  ],
  ""type"": ""Point""
}","{
  ""coordinates"": [
    -83.225245986,
    42.429903316
  ],
  ""type"": ""Point""
}",-83.2252459859999,42.429903316
13275,9726329,CASS,ELIZABETH,2016-06-03,3,6,2016,16,6,8,9,,4,0,,1,1,1,30,2,2,2,5,0,0,0,0,true,,false,false,false,false,false,,,,,,false,false,false,,,false,false,false,false,false,-83.05525,42.33597,"{
  ""coordinates"": [
    -8.305525046100000e+01,
    4.233597095300010e+01
  ],
  ""type"": ""Point""
}","{
  ""coordinates"": [
    -83.055250461,
    42.335970953
  ],
  ""type"": ""Point""
}",-83.055250461,42.3359709530001
13276,9715484,I-94,CHENE,2016-06-03,3,6,2016,8,6,5,1,,1,0,,1,1,1,55,3,3,3,5,0,0,0,0,true,,false,false,false,false,false,,,,,,false,false,true,,,false,false,false,false,false,-83.04815,42.3738,"{
  ""coordinates"": [
    -8.304814566100001e+01,
    4.237380234300010e+01
  ],
  ""type"": ""Point""
}","{
  ""coordinates"": [
    -83.048145661,
    42.373802343
  ],
  ""type"": ""Point""
}",-83.048145661,42.3738023430001
13277,9713487,GRAND,BUCHANAN,2016-06-03,3,6,2016,10,6,4,9,,4,0,,1,1,1,25,4,2,3,4,0,0,0,3,false,,true,false,false,false,false,,,,,,false,true,false,,,false,false,false,false,false,-83.10374,42.33897,"{
  ""coordinates"": [
    -8.310374495100000e+01,
    4.233897518500000e+01
  ],
  ""type"": ""Point""
}","{
  ""coordinates"": [
    -83.103744951,
    42.338975185
  ],
  ""type"": ""Point""
}",-83.103744951,42.338975185