ObjectId,Crash ID,Primary Road,Intersecting Road,Crash Date,Day,Month,Year,Hour,Weekday,Crash Type Code,Highway Classification Code,Community Code,Jurisdiction Code,Lane Departure Type Code,Surface Type,Road Condition,Weather Condition,Lighting Condition,Speed Limit,Lanes,Units,Occupants,Most Severe Injury,Fatal Injuries,Suspected Serious Injuries,Suspected Minor Injuries,Possible Injuries,Property Damage Only,Secondary Crash,Traffic Control,Red Light Run,Hit and Run,Alcohol,Drugs,Unbelted Person,Work Zone,Speeding Driver,Distracted Driver,Driveway,Pedestrian,Elderly Driver,Young Driver,Commercial Vehicle,Emergency Vehicles,Train,School Bus,Motorcycle,Bicycle,Deer,Longitude,Latitude,geom,geog,x,y
13335,9713549,SAVAGE,VAN DYKE,2016-06-02,2,6,2016,16,5,4,3,,,0,,1,1,1,25,4,2,2,5,0,0,0,0,true,,false,false,false,false,false,,,,,,false,false,false,,,false,false,false,false,false,-83.02469,42.4461,"{
  ""coordinates"": [
    -8.302468916899990e+01,
    4.244609663000010e+01
  ],
  ""type"": ""Point""
}","{
  ""coordinates"": [
    -83.024689169,
    42.44609663
  ],
  ""type"": ""Point""
}",-83.0246891689999,42.4460966300001
13336,9715635,EDSEL FORD SERVICE,CADIEUX,2016-06-02,2,6,2016,15,5,5,1,,1,0,,1,1,1,25,3,3,4,5,0,0,0,0,true,,false,false,false,false,false,,,,,,false,false,false,,,false,false,false,false,false,-82.937,42.41745,"{
  ""coordinates"": [
    -8.293699925100000e+01,
    4.241745366000000e+01
  ],
  ""type"": ""Point""
}","{
  ""coordinates"": [
    -82.936999251,
    42.41745366
  ],
  ""type"": ""Point""
}",-82.936999251,42.41745366
13337,9713524,GRAND RIVER,TELEGRAPH,2016-06-02,2,6,2016,18,5,5,3,,1,0,,1,1,3,45,8,2,3,4,0,0,0,2,false,,false,false,false,false,false,,,,,,false,false,false,,,false,false,false,false,false,-83.27737,42.42456,"{
  ""coordinates"": [
    -8.327736960700000e+01,
    4.242455823900010e+01
  ],
  ""type"": ""Point""
}","{
  ""coordinates"": [
    -83.277369607,
    42.424558239
  ],
  ""type"": ""Point""
}",-83.277369607,42.4245582390001
13338,9721995,E/B I 94,TRUMBULL,2016-06-02,2,6,2016,10,5,5,1,,1,0,,1,1,1,55,3,2,2,5,0,0,0,0,true,,false,false,false,false,false,,,,,,false,false,false,,,false,false,false,false,false,-83.08267,42.3553,"{
  ""coordinates"": [
    -8.308267437300000e+01,
    4.235529807500010e+01
  ],
  ""type"": ""Point""
}","{
  ""coordinates"": [
    -83.082674373,
    42.355298075
  ],
  ""type"": ""Point""
}",-83.082674373,42.3552980750001
13339,9712214,DAVISON,E M 8,2016-06-02,2,6,2016,17,5,97,3,,1,0,,1,1,1,30,3,2,3,5,0,0,0,0,true,,false,false,false,false,false,,,,,,false,false,false,,,false,false,false,false,false,-83.14565,42.38625,"{
  ""coordinates"": [
    -8.314564682400000e+01,
    4.238624650500000e+01
  ],
  ""type"": ""Point""
}","{
  ""coordinates"": [
    -83.145646824,
    42.386246505
  ],
  ""type"": ""Point""
}",-83.145646824,42.386246505
13340,9719992,RAMP 213F,RAMP 213M,2016-06-02,2,6,2016,8,5,8,1,,1,0,,1,1,1,0,4,2,2,5,0,0,0,0,true,,false,false,false,false,false,,,,,,false,false,true,,,false,false,false,false,false,-83.0992,42.34993,"{
  ""coordinates"": [
    -8.309919624699999e+01,
    4.234992540600010e+01
  ],
  ""type"": ""Point""
}","{
  ""coordinates"": [
    -83.099196247,
    42.349925406
  ],
  ""type"": ""Point""
}",-83.099196247,42.3499254060001
13341,9712213,PATTON,WESTFIELD,2016-06-02,2,6,2016,16,5,10,9,,,0,,1,1,1,25,3,2,2,5,0,0,0,0,true,,false,false,false,false,false,,,,,,false,false,true,,,false,false,false,false,false,-83.24216,42.36285,"{
  ""coordinates"": [
    -8.324215654400000e+01,
    4.236285569100000e+01
  ],
  ""type"": ""Point""
}","{
  ""coordinates"": [
    -83.242156544,
    42.362855691
  ],
  ""type"": ""Point""
}",-83.242156544,42.362855691
13342,9713518,OUTER,BURGESS,2016-06-02,2,6,2016,20,5,4,9,,2,0,,1,1,3,30,4,2,2,3,0,0,1,0,false,,false,false,false,false,false,,,,,,false,false,true,,,false,false,false,false,false,-83.25424,42.39756,"{
  ""coordinates"": [
    -8.325424353699999e+01,
    4.239755759500010e+01
  ],
  ""type"": ""Point""
}","{
  ""coordinates"": [
    -83.254243537,
    42.397557595
  ],
  ""type"": ""Point""
}",-83.254243537,42.3975575950001
13343,9712230,GRATIOT,MARCUS,2016-06-02,2,6,2016,6,5,4,3,,1,0,,1,1,1,30,7,2,2,3,0,0,1,0,false,,false,false,false,false,false,,,,,,false,false,false,,,false,false,false,false,false,-83.0023,42.39756,"{
  ""coordinates"": [
    -8.300229513300000e+01,
    4.239756076900010e+01
  ],
  ""type"": ""Point""
}","{
  ""coordinates"": [
    -83.002295133,
    42.397560769
  ],
  ""type"": ""Point""
}",-83.002295133,42.3975607690001
13344,9718762,RAMP 047A,MEADE,2016-06-02,2,6,2016,13,5,1,1,,1,1,,1,1,1,55,1,1,1,4,0,0,0,1,false,,false,false,false,false,false,,,,,,false,true,false,,,false,false,false,false,false,-83.07599,42.40674,"{
  ""coordinates"": [
    -8.307598768100000e+01,
    4.240673849500010e+01
  ],
  ""type"": ""Point""
}","{
  ""coordinates"": [
    -83.075987681,
    42.406738495
  ],
  ""type"": ""Point""
}",-83.075987681,42.4067384950001
13345,9715664,HAYES,HAMPSHIRE,2016-06-02,2,6,2016,8,5,1,9,,4,0,,1,1,1,35,2,1,1,2,0,1,0,0,false,,false,false,false,false,false,,,,,,false,false,false,,,false,false,false,false,false,-82.9644,42.40656,"{
  ""coordinates"": [
    -8.296440309000000e+01,
    4.240656130900000e+01
  ],
  ""type"": ""Point""
}","{
  ""coordinates"": [
    -82.96440309,
    42.406561309
  ],
  ""type"": ""Point""
}",-82.96440309,42.406561309
13346,9713530,LANARK,CASINO,2016-06-02,2,6,2016,19,5,8,9,,,0,,1,1,1,25,2,2,1,5,0,0,0,0,true,,false,false,true,false,false,,,,,,false,false,false,,,false,false,false,false,false,-82.93444,42.42283,"{
  ""coordinates"": [
    -8.293443882600000e+01,
    4.242282719200010e+01
  ],
  ""type"": ""Point""
}","{
  ""coordinates"": [
    -82.934438826,
    42.422827192
  ],
  ""type"": ""Point""
}",-82.934438826,42.4228271920001
13347,9716859,S/B I-75,SPRINGWELLS,2016-06-02,2,6,2016,18,5,5,1,,1,0,,1,1,1,55,4,2,2,5,0,0,0,0,true,,false,false,false,false,false,,,,,,false,false,false,,,false,false,false,false,false,-83.1177,42.30221,"{
  ""coordinates"": [
    -8.311770183399990e+01,
    4.230221027100000e+01
  ],
  ""type"": ""Point""
}","{
  ""coordinates"": [
    -83.117701834,
    42.302210271
  ],
  ""type"": ""Point""
}",-83.1177018339999,42.302210271
13348,9716873,M-39,JOY,2016-06-02,2,6,2016,19,5,5,3,,1,0,,1,1,1,55,3,2,2,5,0,0,0,0,true,,false,false,false,false,false,,,,,,false,false,false,,,false,false,false,false,false,-83.21632,42.35647,"{
  ""coordinates"": [
    -8.321632561900000e+01,
    4.235647065100010e+01
  ],
  ""type"": ""Point""
}","{
  ""coordinates"": [
    -83.216325619,
    42.356470651
  ],
  ""type"": ""Point""
}",-83.216325619,42.3564706510001
13349,9712215,TELEGRAPH,7 MILE,2016-06-02,2,6,2016,16,5,5,2,,1,0,,1,1,1,45,4,2,2,5,0,0,0,0,true,,false,false,false,false,false,,,,,,false,false,false,,,false,false,false,false,false,-83.27755,42.42894,"{
  ""coordinates"": [
    -8.327755284400000e+01,
    4.242893750300000e+01
  ],
  ""type"": ""Point""
}","{
  ""coordinates"": [
    -83.277552844,
    42.428937503
  ],
  ""type"": ""Point""
}",-83.277552844,42.428937503
13350,9712247,SANTA MARIA,APPOLINE,2016-06-02,2,6,2016,17,5,4,9,,,0,,1,1,1,25,1,2,1,5,0,0,0,0,true,,false,false,true,false,false,,,,,,false,false,true,,,false,false,false,false,false,-83.17129,42.41848,"{
  ""coordinates"": [
    -8.317128526300000e+01,
    4.241848112700010e+01
  ],
  ""type"": ""Point""
}","{
  ""coordinates"": [
    -83.171285263,
    42.418481127
  ],
  ""type"": ""Point""
}",-83.171285263,42.4184811270001
13351,9711211,CHICAGO,W I 96,2016-06-02,2,6,2016,0,5,1,9,,4,0,,1,1,4,30,2,1,3,5,0,0,0,0,true,,false,false,false,false,false,,,,,,false,false,true,,,false,false,false,false,false,-83.13981,42.36766,"{
  ""coordinates"": [
    -8.313980982200000e+01,
    4.236765726600000e+01
  ],
  ""type"": ""Point""
}","{
  ""coordinates"": [
    -83.139809822,
    42.367657266
  ],
  ""type"": ""Point""
}",-83.139809822,42.367657266
13352,9717847,GRATIOT,STATE FAIR,2016-06-02,2,6,2016,20,5,8,3,,1,3,,1,1,1,35,6,2,2,5,0,0,0,0,true,,false,false,false,false,false,,,,,,false,false,true,,,false,false,false,false,false,-82.97313,42.442,"{
  ""coordinates"": [
    -8.297312551100001e+01,
    4.244200290300010e+01
  ],
  ""type"": ""Point""
}","{
  ""coordinates"": [
    -82.973125511,
    42.442002903
  ],
  ""type"": ""Point""
}",-82.973125511,42.4420029030001
13353,9721092,MCNICHOLS,MOUND,2016-06-02,2,6,2016,17,5,5,9,,4,0,,1,1,1,35,2,2,2,5,0,0,0,0,true,,false,false,false,false,false,,,,,,false,false,false,,,false,false,false,false,false,-83.04247,42.41908,"{
  ""coordinates"": [
    -8.304246265099989e+01,
    4.241907351500000e+01
  ],
  ""type"": ""Point""
}","{
  ""coordinates"": [
    -83.042462651,
    42.419073515
  ],
  ""type"": ""Point""
}",-83.0424626509999,42.419073515
13354,9713491,MACK,HILLCREST,2016-06-02,2,6,2016,16,5,8,9,,2,0,,1,1,1,35,2,2,3,5,0,0,0,0,true,,false,false,false,false,false,,,,,,false,false,false,,,false,false,false,false,false,-82.911,42.41625,"{
  ""coordinates"": [
    -8.291100409200000e+01,
    4.241624799600000e+01
  ],
  ""type"": ""Point""
}","{
  ""coordinates"": [
    -82.911004092,
    42.416247996
  ],
  ""type"": ""Point""
}",-82.911004092,42.416247996
13355,9716872,M-39,7 MILE,2016-06-02,2,6,2016,18,5,5,3,,1,0,,1,1,1,55,3,2,3,5,0,0,0,0,true,,false,false,false,false,false,,,,,,false,false,false,,,false,false,false,false,false,-83.21931,42.42864,"{
  ""coordinates"": [
    -8.321931429700000e+01,
    4.242864140600010e+01
  ],
  ""type"": ""Point""
}","{
  ""coordinates"": [
    -83.219314297,
    42.428641406
  ],
  ""type"": ""Point""
}",-83.219314297,42.4286414060001
13356,9712194,UNIVERSITY,BERDEN,2016-06-02,2,6,2016,13,5,8,9,,,0,,1,1,1,25,2,2,2,5,0,0,0,0,true,,false,false,false,false,false,,,,,,false,false,true,,,false,false,false,false,false,-82.92815,42.41747,"{
  ""coordinates"": [
    -8.292814258500000e+01,
    4.241746476200010e+01
  ],
  ""type"": ""Point""
}","{
  ""coordinates"": [
    -82.928142585,
    42.417464762
  ],
  ""type"": ""Point""
}",-82.928142585,42.4174647620001
13357,9713536,LINWOOD,GLADSTONE,2016-06-02,2,6,2016,15,5,1,9,,4,0,,1,1,1,30,2,1,1,5,0,0,0,0,true,,false,false,false,false,false,,,,,,false,false,false,,,false,false,false,false,false,-83.10712,42.37096,"{
  ""coordinates"": [
    -8.310711830600000e+01,
    4.237096454600000e+01
  ],
  ""type"": ""Point""
}","{
  ""coordinates"": [
    -83.107118306,
    42.370964546
  ],
  ""type"": ""Point""
}",-83.107118306,42.370964546
13358,9711220,OGDEN,HENDERSON,2016-06-01,1,6,2016,20,4,8,9,,,0,,2,2,1,25,1,2,2,5,0,0,0,0,true,,false,false,false,false,false,,,,,,false,false,true,,,false,false,false,false,false,-83.14898,42.33358,"{
  ""coordinates"": [
    -8.314897628300000e+01,
    4.233358400700010e+01
  ],
  ""type"": ""Point""
}","{
  ""coordinates"": [
    -83.148976283,
    42.333584007
  ],
  ""type"": ""Point""
}",-83.148976283,42.3335840070001
13359,9721028,M-39,8 MILE,2016-06-01,1,6,2016,7,4,8,3,,1,0,,1,1,1,55,3,2,2,5,0,0,0,0,true,,false,false,false,false,false,,,,,,false,false,false,,,false,false,false,false,false,-83.21967,42.44087,"{
  ""coordinates"": [
    -8.321967687900000e+01,
    4.244087064700010e+01
  ],
  ""type"": ""Point""
}","{
  ""coordinates"": [
    -83.219676879,
    42.440870647
  ],
  ""type"": ""Point""
}",-83.219676879,42.4408706470001
13360,9712245,SCHAEFER,VASSAR,2016-06-01,1,6,2016,15,4,5,9,,4,0,,1,1,1,30,2,3,5,5,0,0,0,0,true,,false,false,false,false,false,,,,,,false,false,true,,,false,false,false,false,false,-83.1806,42.43435,"{
  ""coordinates"": [
    -8.318060380700000e+01,
    4.243435443600000e+01
  ],
  ""type"": ""Point""
}","{
  ""coordinates"": [
    -83.180603807,
    42.434354436
  ],
  ""type"": ""Point""
}",-83.180603807,42.434354436
13361,9712216,TELEGRAPH,GRAND RIVER,2016-06-01,1,6,2016,9,4,5,2,,1,0,,1,1,1,45,4,2,2,5,0,0,0,0,true,,false,false,false,false,false,,,,,,false,false,false,,,false,false,false,false,false,-83.27782,42.42476,"{
  ""coordinates"": [
    -8.327781831300000e+01,
    4.242476185400010e+01
  ],
  ""type"": ""Point""
}","{
  ""coordinates"": [
    -83.277818313,
    42.424761854
  ],
  ""type"": ""Point""
}",-83.277818313,42.4247618540001
13362,9712170,LAFAYETTE,TRUMBULL,2016-06-01,1,6,2016,10,4,8,9,,4,0,,1,1,1,0,2,2,11,4,0,0,0,2,false,,true,true,false,false,false,,,,,,false,true,false,,,false,false,false,false,false,-83.06211,42.32556,"{
  ""coordinates"": [
    -8.306211082100000e+01,
    4.232555972800000e+01
  ],
  ""type"": ""Point""
}","{
  ""coordinates"": [
    -83.062110821,
    42.325559728
  ],
  ""type"": ""Point""
}",-83.062110821,42.325559728
13363,9722042,M-39,OUTER,2016-06-01,1,6,2016,13,4,8,3,,1,0,,1,1,1,55,3,2,3,5,0,0,0,0,true,,false,false,false,false,false,,,,,,false,false,true,,,false,false,false,false,false,-83.21885,42.42018,"{
  ""coordinates"": [
    -8.321885281399990e+01,
    4.242017707900000e+01
  ],
  ""type"": ""Point""
}","{
  ""coordinates"": [
    -83.218852814,
    42.420177079
  ],
  ""type"": ""Point""
}",-83.2188528139999,42.420177079
13364,9720017,7 MILE,STOUT,2016-06-01,1,6,2016,20,4,98,9,,2,0,,1,1,3,25,4,2,1,5,0,0,0,0,true,,false,false,false,false,false,,,,,,false,false,false,,,false,false,false,false,false,-83.24215,42.42949,"{
  ""coordinates"": [
    -8.324215090400000e+01,
    4.242949211600010e+01
  ],
  ""type"": ""Point""
}","{
  ""coordinates"": [
    -83.242150904,
    42.429492116
  ],
  ""type"": ""Point""
}",-83.242150904,42.4294921160001
13365,9712224,EVERGREEN,7MILE,2016-06-01,1,6,2016,15,4,5,9,,4,0,,1,2,1,35,4,2,2,5,0,0,0,0,true,,false,false,false,false,false,,,,,,false,false,false,,,false,false,false,false,false,-83.23888,42.42998,"{
  ""coordinates"": [
    -8.323887504299999e+01,
    4.242997733000000e+01
  ],
  ""type"": ""Point""
}","{
  ""coordinates"": [
    -83.238875043,
    42.42997733
  ],
  ""type"": ""Point""
}",-83.238875043,42.42997733
13366,9714476,N M 39,RAMP 008B,2016-06-01,1,6,2016,16,4,5,3,,1,0,,1,2,1,55,3,2,2,4,0,0,0,1,false,,false,false,false,false,false,,,,,,false,false,false,,,false,false,false,false,false,-83.2167,42.37522,"{
  ""coordinates"": [
    -8.321670129200000e+01,
    4.237522254500000e+01
  ],
  ""type"": ""Point""
}","{
  ""coordinates"": [
    -83.216701292,
    42.375222545
  ],
  ""type"": ""Point""
}",-83.216701292,42.375222545
13367,9712229,WHITHORN,DRIFTON,2016-06-01,1,6,2016,0,4,5,9,,,0,,1,1,4,20,1,2,0,5,0,0,0,0,true,,false,false,true,false,false,,,,,,false,false,false,,,false,false,false,false,false,-82.99171,42.41552,"{
  ""coordinates"": [
    -8.299171665599989e+01,
    4.241551657800010e+01
  ],
  ""type"": ""Point""
}","{
  ""coordinates"": [
    -82.991716656,
    42.415516578
  ],
  ""type"": ""Point""
}",-82.9917166559999,42.4155165780001
13368,9738470,I-75,CLAY,2016-06-01,1,6,2016,12,4,5,1,,1,0,,1,1,1,55,4,2,2,5,0,0,0,0,true,,false,false,true,false,false,,,,,,false,false,true,,,false,false,false,false,false,-83.06268,42.37804,"{
  ""coordinates"": [
    -8.306268018500000e+01,
    4.237803939000000e+01
  ],
  ""type"": ""Point""
}","{
  ""coordinates"": [
    -83.062680185,
    42.37803939
  ],
  ""type"": ""Point""
}",-83.062680185,42.37803939
13369,9711235,DAVISON,DEXTER,2016-06-01,1,6,2016,23,4,5,3,,1,0,,1,2,4,35,4,2,2,4,0,0,0,1,false,,false,false,false,false,false,,,,,,false,false,false,,,false,false,false,false,false,-83.13078,42.38977,"{
  ""coordinates"": [
    -8.313077647199999e+01,
    4.238977396400000e+01
  ],
  ""type"": ""Point""
}","{
  ""coordinates"": [
    -83.130776472,
    42.389773964
  ],
  ""type"": ""Point""
}",-83.130776472,42.389773964
13370,9715917,WOODWARD,FOREST,2016-06-01,1,6,2016,17,4,5,3,,1,0,,1,1,1,25,1,2,2,5,0,0,0,0,true,,false,false,false,false,false,,,,,,false,false,false,,,false,false,false,false,false,-83.06257,42.35414,"{
  ""coordinates"": [
    -8.306256581799990e+01,
    4.235413830900010e+01
  ],
  ""type"": ""Point""
}","{
  ""coordinates"": [
    -83.062565818,
    42.354138309
  ],
  ""type"": ""Point""
}",-83.0625658179999,42.3541383090001
13371,9711219,WASHINGTON,CONGRESS,2016-06-01,1,6,2016,16,4,5,9,,4,0,,1,2,1,25,4,2,2,5,0,0,0,0,true,,false,false,false,false,false,,,,,,false,false,false,,,false,false,false,false,false,-83.04932,42.32892,"{
  ""coordinates"": [
    -8.304932134400001e+01,
    4.232892274200000e+01
  ],
  ""type"": ""Point""
}","{
  ""coordinates"": [
    -83.049321344,
    42.328922742
  ],
  ""type"": ""Point""
}",-83.049321344,42.328922742
13372,9713484,LIVERNOIS,S I 75 SERVICE DRIVE,2016-06-01,1,6,2016,13,4,8,9,,4,0,,1,1,1,30,4,2,2,5,0,0,0,0,true,,false,false,false,false,false,,,,,,false,false,false,,,false,false,false,false,false,-83.10452,42.30808,"{
  ""coordinates"": [
    -8.310451607200000e+01,
    4.230808116600010e+01
  ],
  ""type"": ""Point""
}","{
  ""coordinates"": [
    -83.104516072,
    42.308081166
  ],
  ""type"": ""Point""
}",-83.104516072,42.3080811660001
13373,9716871,I-94,CADIEUX,2016-06-01,1,6,2016,8,4,5,1,,1,0,,1,1,1,55,3,2,2,3,0,0,1,1,false,,false,false,false,false,false,,,,,,false,false,false,,,false,false,false,false,false,-82.94423,42.41229,"{
  ""coordinates"": [
    -8.294423131000001e+01,
    4.241229249000000e+01
  ],
  ""type"": ""Point""
}","{
  ""coordinates"": [
    -82.94423131,
    42.41229249
  ],
  ""type"": ""Point""
}",-82.94423131,42.41229249
13374,9716868,WB I-94,GRATIOT,2016-06-01,1,6,2016,20,4,5,1,,1,0,,2,2,3,55,3,2,2,4,0,0,0,1,false,,false,false,false,false,false,,,,,,false,false,true,,,false,false,false,false,false,-83.008,42.39103,"{
  ""coordinates"": [
    -8.300799365200000e+01,
    4.239103328500000e+01
  ],
  ""type"": ""Point""
}","{
  ""coordinates"": [
    -83.007993652,
    42.391033285
  ],
  ""type"": ""Point""
}",-83.007993652,42.391033285
13375,9711208,FENKELL,ARDMORE,2016-06-01,1,6,2016,15,4,5,9,,2,0,,1,2,1,30,2,2,4,4,0,0,0,1,false,,false,false,true,false,false,,,,,,false,false,true,,,false,false,false,false,false,-83.18448,42.40194,"{
  ""coordinates"": [
    -8.318447817099999e+01,
    4.240193734500010e+01
  ],
  ""type"": ""Point""
}","{
  ""coordinates"": [
    -83.184478171,
    42.401937345
  ],
  ""type"": ""Point""
}",-83.184478171,42.4019373450001
13376,9721009,I-75,MCNICHOLS,2016-06-01,1,6,2016,4,4,1,1,,1,1,,1,1,5,70,4,1,1,5,0,0,0,0,true,,false,false,false,false,false,,,,,,false,false,true,,,false,false,false,false,false,-83.09067,42.42128,"{
  ""coordinates"": [
    -8.309066417299989e+01,
    4.242128221000010e+01
  ],
  ""type"": ""Point""
}","{
  ""coordinates"": [
    -83.090664173,
    42.42128221
  ],
  ""type"": ""Point""
}",-83.0906641729999,42.4212822100001
13377,9713485,TERNES,BAUBEE,2016-06-01,1,6,2016,15,4,1,9,,,0,,1,1,1,25,3,1,1,5,0,0,0,0,true,,false,false,true,false,false,,,,,,false,false,false,,,false,false,false,false,false,-83.13968,42.32743,"{
  ""coordinates"": [
    -8.313967524799990e+01,
    4.232743171300010e+01
  ],
  ""type"": ""Point""
}","{
  ""coordinates"": [
    -83.139675248,
    42.327431713
  ],
  ""type"": ""Point""
}",-83.1396752479999,42.3274317130001
13378,9712188,2ND,LEDYARD,2016-06-01,1,6,2016,8,4,8,9,,4,0,,1,1,1,25,1,2,2,5,0,0,0,0,true,,false,false,true,false,false,,,,,,false,false,true,,,false,false,false,false,false,-83.06001,42.33971,"{
  ""coordinates"": [
    -8.306001283200000e+01,
    4.233970958300010e+01
  ],
  ""type"": ""Point""
}","{
  ""coordinates"": [
    -83.060012832,
    42.339709583
  ],
  ""type"": ""Point""
}",-83.060012832,42.3397095830001
13379,9711218,CHRYSLER S D,MACK,2016-06-01,1,6,2016,16,4,5,1,,1,0,,1,1,1,30,3,2,3,5,0,0,0,0,true,,false,false,true,false,false,,,,,,false,false,false,,,false,false,false,false,false,-83.04779,42.35118,"{
  ""coordinates"": [
    -8.304778740099989e+01,
    4.235117738800010e+01
  ],
  ""type"": ""Point""
}","{
  ""coordinates"": [
    -83.047787401,
    42.351177388
  ],
  ""type"": ""Point""
}",-83.0477874009999,42.3511773880001
13380,9712232,DAVISON,STOPEL,2016-06-01,1,6,2016,14,4,8,3,,1,0,,1,1,1,35,4,2,2,4,0,0,0,1,false,,false,false,false,false,false,,,,,,false,false,false,,,false,false,false,false,false,-83.13987,42.38667,"{
  ""coordinates"": [
    -8.313987049399999e+01,
    4.238667395200010e+01
  ],
  ""type"": ""Point""
}","{
  ""coordinates"": [
    -83.139870494,
    42.386673952
  ],
  ""type"": ""Point""
}",-83.139870494,42.3866739520001
13381,9721030,I-75,CLARK,2016-06-01,1,6,2016,17,4,97,1,,1,0,,1,2,1,55,4,5,5,5,0,0,0,0,true,,false,false,false,false,false,,,,,,false,false,true,,,false,false,false,false,false,-83.09028,42.31372,"{
  ""coordinates"": [
    -8.309028052199990e+01,
    4.231372390100010e+01
  ],
  ""type"": ""Point""
}","{
  ""coordinates"": [
    -83.090280522,
    42.313723901
  ],
  ""type"": ""Point""
}",-83.0902805219999,42.3137239010001
13382,9715923,WOODWARD,BURROUGHS,2016-06-01,1,6,2016,18,4,9,3,,1,2,,1,2,1,25,3,3,4,3,0,0,3,0,false,,false,false,false,true,false,,,,,,false,false,false,,,false,false,false,false,false,-83.07026,42.3656,"{
  ""coordinates"": [
    -8.307025644399990e+01,
    4.236560310400010e+01
  ],
  ""type"": ""Point""
}","{
  ""coordinates"": [
    -83.070256444,
    42.365603104
  ],
  ""type"": ""Point""
}",-83.0702564439999,42.3656031040001
13383,9711243,7 MILE,SPENCER,2016-06-01,1,6,2016,15,4,9,9,,4,0,,1,1,1,0,2,2,4,4,0,0,0,2,false,,false,false,true,false,false,,,,,,false,false,false,,,false,false,false,false,false,-83.02626,42.43393,"{
  ""coordinates"": [
    -8.302625857500000e+01,
    4.243392539400000e+01
  ],
  ""type"": ""Point""
}","{
  ""coordinates"": [
    -83.026258575,
    42.433925394
  ],
  ""type"": ""Point""
}",-83.026258575,42.433925394
13384,9737793,I 75 SERVICE,SEVEN MILE,2016-06-01,1,6,2016,23,4,8,9,,4,0,,1,1,4,0,4,2,5,5,0,0,0,0,true,,false,false,true,false,false,,,,,,false,false,false,,,false,false,false,false,false,-83.09426,42.43277,"{
  ""coordinates"": [
    -8.309425847200001e+01,
    4.243277104800010e+01
  ],
  ""type"": ""Point""
}","{
  ""coordinates"": [
    -83.094258472,
    42.432771048
  ],
  ""type"": ""Point""
}",-83.094258472,42.4327710480001
13385,9712223,MCNICHOLS,GREENVIEW,2016-06-01,1,6,2016,12,4,4,9,,2,0,,1,2,1,35,4,2,3,4,0,0,0,3,false,,false,false,false,false,false,,,,,,false,false,true,,,false,false,false,false,false,-83.22433,42.41544,"{
  ""coordinates"": [
    -8.322433544599990e+01,
    4.241544264500000e+01
  ],
  ""type"": ""Point""
}","{
  ""coordinates"": [
    -83.224335446,
    42.415442645
  ],
  ""type"": ""Point""
}",-83.2243354459999,42.415442645
13386,9716867,W I 96,RAMP 139C,2016-06-01,1,6,2016,19,4,1,1,,1,1,,2,4,1,55,2,1,1,5,0,0,0,0,true,,false,false,false,false,false,,,,,,false,false,true,,,false,false,false,false,false,-83.14631,42.38035,"{
  ""coordinates"": [
    -8.314630553400001e+01,
    4.238034908800010e+01
  ],
  ""type"": ""Point""
}","{
  ""coordinates"": [
    -83.146305534,
    42.380349088
  ],
  ""type"": ""Point""
}",-83.146305534,42.3803490880001
13387,9711227,GRATIOT,FIELD,2016-06-01,1,6,2016,20,4,1,3,,1,0,,1,2,1,30,9,1,1,4,0,0,0,1,false,,false,false,false,false,false,,,,,,false,false,true,,,false,false,false,false,false,-83.01762,42.3744,"{
  ""coordinates"": [
    -8.301761794299991e+01,
    4.237440125200000e+01
  ],
  ""type"": ""Point""
}","{
  ""coordinates"": [
    -83.017617943,
    42.374401252
  ],
  ""type"": ""Point""
}",-83.0176179429999,42.374401252
13388,9711233,GRATIOT,MOHICAN,2016-06-01,1,6,2016,20,4,97,3,,1,0,,2,4,1,35,3,3,3,5,0,0,0,0,true,,false,false,false,false,false,,,,,,false,true,false,,,false,false,false,false,false,-82.97065,42.44574,"{
  ""coordinates"": [
    -8.297065251500000e+01,
    4.244574346800000e+01
  ],
  ""type"": ""Point""
}","{
  ""coordinates"": [
    -82.970652515,
    42.445743468
  ],
  ""type"": ""Point""
}",-82.970652515,42.445743468
13389,9711255,RAMP 103C,N M 10,2016-06-01,1,6,2016,6,4,4,3,,1,0,,1,1,1,35,2,2,11,5,0,0,0,0,true,,false,false,false,false,false,,,,,,false,false,false,,,false,false,false,false,false,-83.18391,42.4282,"{
  ""coordinates"": [
    -8.318391508699990e+01,
    4.242820201300000e+01
  ],
  ""type"": ""Point""
}","{
  ""coordinates"": [
    -83.183915087,
    42.428202013
  ],
  ""type"": ""Point""
}",-83.1839150869999,42.428202013
13390,9711262,W M 1 SERVICE DRIVE,8 MILE,2016-06-01,1,6,2016,9,4,8,3,,1,0,,1,1,1,30,3,2,2,5,0,0,0,0,true,,false,false,true,false,false,,,,,,false,false,false,,,false,false,false,false,false,-83.12463,42.44648,"{
  ""coordinates"": [
    -8.312463405900000e+01,
    4.244648447100010e+01
  ],
  ""type"": ""Point""
}","{
  ""coordinates"": [
    -83.124634059,
    42.446484471
  ],
  ""type"": ""Point""
}",-83.124634059,42.4464844710001
13391,9712248,MARTIN LUTHER KING JR,TRUMBULL,2016-06-01,1,6,2016,8,4,5,9,,4,0,,1,1,1,35,3,3,6,5,0,0,0,0,true,,false,false,false,false,false,,,,,,false,false,false,,,false,false,false,false,false,-83.0731,42.34178,"{
  ""coordinates"": [
    -8.307310142900000e+01,
    4.234178176100000e+01
  ],
  ""type"": ""Point""
}","{
  ""coordinates"": [
    -83.073101429,
    42.341781761
  ],
  ""type"": ""Point""
}",-83.073101429,42.341781761