ObjectId,Crash ID,Primary Road,Intersecting Road,Crash Date,Day,Month,Year,Hour,Weekday,Crash Type Code,Highway Classification Code,Community Code,Jurisdiction Code,Lane Departure Type Code,Surface Type,Road Condition,Weather Condition,Lighting Condition,Speed Limit,Lanes,Units,Occupants,Most Severe Injury,Fatal Injuries,Suspected Serious Injuries,Suspected Minor Injuries,Possible Injuries,Property Damage Only,Secondary Crash,Traffic Control,Red Light Run,Hit and Run,Alcohol,Drugs,Unbelted Person,Work Zone,Speeding Driver,Distracted Driver,Driveway,Pedestrian,Elderly Driver,Young Driver,Commercial Vehicle,Emergency Vehicles,Train,School Bus,Motorcycle,Bicycle,Deer,Longitude,Latitude,geom,geog,x,y
13392,9712236,VAN DYKE,SAVAGE,2016-06-01,1,6,2016,18,4,5,3,,1,0,,1,2,1,35,5,3,3,5,0,0,0,0,true,,false,false,false,false,false,,,,,,false,false,false,,,false,false,false,false,false,-83.02466,42.44569,"{
  ""coordinates"": [
    -8.302465546300000e+01,
    4.244569219100000e+01
  ],
  ""type"": ""Point""
}","{
  ""coordinates"": [
    -83.024655463,
    42.445692191
  ],
  ""type"": ""Point""
}",-83.024655463,42.445692191
13393,9717870,GOULBURN,MANNING,2016-06-01,1,6,2016,12,4,8,9,,,0,,1,1,1,25,2,2,0,5,0,0,0,0,true,,false,false,true,false,false,,,,,,false,true,false,,,false,false,false,false,false,-82.99386,42.44038,"{
  ""coordinates"": [
    -8.299385730700000e+01,
    4.244038149300010e+01
  ],
  ""type"": ""Point""
}","{
  ""coordinates"": [
    -82.993857307,
    42.440381493
  ],
  ""type"": ""Point""
}",-82.993857307,42.4403814930001
13394,9711205,TIREMAN,I-96 SERVICE,2016-06-01,1,6,2016,6,4,4,9,,4,0,,1,1,2,35,2,2,1,5,0,0,0,0,true,,false,false,true,false,false,,,,,,false,false,false,,,false,false,false,false,false,-83.11247,42.35568,"{
  ""coordinates"": [
    -8.311247336299991e+01,
    4.235568312100000e+01
  ],
  ""type"": ""Point""
}","{
  ""coordinates"": [
    -83.112473363,
    42.355683121
  ],
  ""type"": ""Point""
}",-83.1124733629999,42.355683121
13395,9775580,OUTER,INDIANA,2016-06-01,1,6,2016,22,4,5,9,,2,0,,1,1,4,35,3,2,3,4,0,0,0,2,false,,false,false,true,false,false,,,,,,false,false,false,,,false,false,false,false,false,-83.15884,42.43508,"{
  ""coordinates"": [
    -8.315884019399989e+01,
    4.243508159300010e+01
  ],
  ""type"": ""Point""
}","{
  ""coordinates"": [
    -83.158840194,
    42.435081593
  ],
  ""type"": ""Point""
}",-83.1588401939999,42.4350815930001
13396,9712090,I-75,DRAGOON,2016-06-01,1,6,2016,17,4,5,1,,1,0,,1,2,1,55,4,3,4,4,0,0,0,1,false,,false,false,false,false,false,,,,,,false,false,false,,,false,false,false,false,false,-83.10285,42.30856,"{
  ""coordinates"": [
    -8.310285431800000e+01,
    4.230855919300010e+01
  ],
  ""type"": ""Point""
}","{
  ""coordinates"": [
    -83.102854318,
    42.308559193
  ],
  ""type"": ""Point""
}",-83.102854318,42.3085591930001
13397,9711229,HARPER,ST CYRIL,2016-06-01,1,6,2016,20,4,8,9,,4,0,,2,4,1,30,2,2,2,5,0,0,0,0,true,,false,false,false,false,false,,,,,,false,true,false,,,false,false,false,false,false,-83.02537,42.38647,"{
  ""coordinates"": [
    -8.302536726400000e+01,
    4.238646843600000e+01
  ],
  ""type"": ""Point""
}","{
  ""coordinates"": [
    -83.025367264,
    42.386468436
  ],
  ""type"": ""Point""
}",-83.025367264,42.386468436
13398,9712212,DOVER,S M 39 SERVICE DRIVE,2016-06-01,1,6,2016,2,4,1,9,,,0,,1,1,4,25,2,1,3,4,0,0,0,1,false,,false,false,true,false,false,,,,,,false,false,false,,,false,false,false,false,false,-83.21687,42.35961,"{
  ""coordinates"": [
    -8.321687187600000e+01,
    4.235961054700000e+01
  ],
  ""type"": ""Point""
}","{
  ""coordinates"": [
    -83.216871876,
    42.359610547
  ],
  ""type"": ""Point""
}",-83.216871876,42.359610547
13399,9711224,DEVONSHIRE,WAVENEY,2016-06-01,1,6,2016,8,4,98,9,,,0,,1,1,1,25,1,2,0,5,0,0,0,0,true,,false,false,true,false,false,,,,,,false,false,false,,,false,false,false,false,false,-82.93855,42.39651,"{
  ""coordinates"": [
    -8.293854841500000e+01,
    4.239651552200010e+01
  ],
  ""type"": ""Point""
}","{
  ""coordinates"": [
    -82.938548415,
    42.396515522
  ],
  ""type"": ""Point""
}",-82.938548415,42.3965155220001
13400,9715916,JOHN C,FOREST,2016-06-01,1,6,2016,16,4,5,3,,1,0,,1,1,1,25,3,2,3,5,0,0,0,0,true,,false,false,true,false,false,,,,,,false,false,false,,,false,false,false,false,false,-83.07193,42.35136,"{
  ""coordinates"": [
    -8.307192904899991e+01,
    4.235136171200000e+01
  ],
  ""type"": ""Point""
}","{
  ""coordinates"": [
    -83.071929049,
    42.351361712
  ],
  ""type"": ""Point""
}",-83.0719290489999,42.351361712
13401,9710087,LIVERNOIS,LODGE,2016-06-01,1,6,2016,0,4,4,9,,4,0,,1,1,4,35,4,2,2,5,0,0,0,0,true,,false,false,false,false,false,,,,,,false,false,true,,,false,false,false,false,false,-83.14043,42.40508,"{
  ""coordinates"": [
    -8.314042950200000e+01,
    4.240508384500000e+01
  ],
  ""type"": ""Point""
}","{
  ""coordinates"": [
    -83.140429502,
    42.405083845
  ],
  ""type"": ""Point""
}",-83.140429502,42.405083845
13402,9711231,GRATIOT,LINNHURST,2016-06-01,1,6,2016,16,4,4,3,,1,0,,1,1,1,35,6,2,3,4,0,0,0,1,false,,true,true,false,false,false,,,,,,false,true,true,,,false,false,false,false,false,-82.98011,42.4314,"{
  ""coordinates"": [
    -8.298010810200000e+01,
    4.243140378100000e+01
  ],
  ""type"": ""Point""
}","{
  ""coordinates"": [
    -82.980108102,
    42.431403781
  ],
  ""type"": ""Point""
}",-82.980108102,42.431403781
13403,9712225,SOUTHFIELD SERVICE DRIVE,GRAND RIVER,2016-06-01,1,6,2016,13,4,8,3,,4,0,,1,1,1,55,3,2,4,5,0,0,0,0,true,,false,false,false,false,false,,,,,,false,false,false,,,false,false,false,false,false,-83.21858,42.40055,"{
  ""coordinates"": [
    -8.321858560999991e+01,
    4.240054619300000e+01
  ],
  ""type"": ""Point""
}","{
  ""coordinates"": [
    -83.21858561,
    42.400546193
  ],
  ""type"": ""Point""
}",-83.2185856099999,42.400546193
13404,9715644,7 MILE,HAYES,2016-06-01,1,6,2016,10,4,4,9,,2,0,,1,1,1,35,8,2,4,4,0,0,0,1,false,,false,false,false,false,false,,,,,,false,false,false,,,false,false,false,false,false,-82.96546,42.43542,"{
  ""coordinates"": [
    -8.296546255700000e+01,
    4.243542168600000e+01
  ],
  ""type"": ""Point""
}","{
  ""coordinates"": [
    -82.965462557,
    42.435421686
  ],
  ""type"": ""Point""
}",-82.965462557,42.435421686
13405,9712222,8 MILE,TELEGRAPH,2016-06-01,1,6,2016,7,4,5,9,,1,0,,1,1,1,45,4,2,2,5,0,0,0,0,true,,false,false,false,false,false,,,,,,false,false,true,,,false,false,false,false,false,-83.08338,42.44702,"{
  ""coordinates"": [
    -8.308337785799991e+01,
    4.244701836200010e+01
  ],
  ""type"": ""Point""
}","{
  ""coordinates"": [
    -83.083377858,
    42.447018362
  ],
  ""type"": ""Point""
}",-83.0833778579999,42.4470183620001
13406,9717835,W I 94,MOUNT ELLIOTT,2016-06-01,1,6,2016,16,4,8,1,,1,0,,1,1,1,0,3,2,4,5,0,0,0,0,true,,false,false,false,false,false,,,,,,false,false,false,,,false,false,false,false,false,-83.0333,42.3797,"{
  ""coordinates"": [
    -8.303330483199990e+01,
    4.237970490500000e+01
  ],
  ""type"": ""Point""
}","{
  ""coordinates"": [
    -83.033304832,
    42.379704905
  ],
  ""type"": ""Point""
}",-83.0333048319999,42.379704905
13407,9712208,MCNICHOLS,S M 39,2016-06-01,1,6,2016,14,4,8,9,,2,0,,1,1,1,35,4,2,2,5,0,0,0,0,true,,false,false,false,false,false,,,,,,false,false,false,,,false,false,false,false,false,-83.21881,42.41555,"{
  ""coordinates"": [
    -8.321881381599999e+01,
    4.241554855900010e+01
  ],
  ""type"": ""Point""
}","{
  ""coordinates"": [
    -83.218813816,
    42.415548559
  ],
  ""type"": ""Point""
}",-83.218813816,42.4155485590001
13408,9710037,FENTON,7 MILE,2016-06-01,1,6,2016,7,4,5,9,,,3,,1,1,1,25,1,2,0,5,0,0,0,0,true,,false,false,true,false,false,,,,,,false,false,false,,,false,false,false,false,false,-83.28298,42.42872,"{
  ""coordinates"": [
    -8.328298436599989e+01,
    4.242872336900010e+01
  ],
  ""type"": ""Point""
}","{
  ""coordinates"": [
    -83.282984366,
    42.428723369
  ],
  ""type"": ""Point""
}",-83.2829843659999,42.4287233690001
13409,9712237,ST.LOUIS,SEVEN MILE,2016-06-01,1,6,2016,19,4,4,9,,,0,,2,4,1,35,2,2,2,5,0,0,0,0,true,,true,false,false,false,false,,,,,,false,false,false,,,false,false,false,false,false,-83.04034,42.43363,"{
  ""coordinates"": [
    -8.304034600800000e+01,
    4.243362925800010e+01
  ],
  ""type"": ""Point""
}","{
  ""coordinates"": [
    -83.040346008,
    42.433629258
  ],
  ""type"": ""Point""
}",-83.040346008,42.4336292580001
13410,9711212,MAYBURY GRAND,MARTIN LUTHER KING JR,2016-06-01,1,6,2016,8,4,5,1,,4,0,,1,1,1,0,1,2,2,5,0,0,0,0,true,,false,false,true,false,false,,,,,,false,false,false,,,false,false,false,false,false,-83.09006,42.33628,"{
  ""coordinates"": [
    -8.309006106699999e+01,
    4.233628599700010e+01
  ],
  ""type"": ""Point""
}","{
  ""coordinates"": [
    -83.090061067,
    42.336285997
  ],
  ""type"": ""Point""
}",-83.090061067,42.3362859970001
13411,9711209,14077 CLOVERLAWN,INTERVALE,2016-06-01,1,6,2016,22,4,9,9,,,2,,1,1,5,25,1,2,0,5,0,0,0,0,true,,false,false,false,false,false,,,,,,false,false,false,,,false,false,false,false,false,-83.15199,42.39126,"{
  ""coordinates"": [
    -8.315198355400000e+01,
    4.239126366600000e+01
  ],
  ""type"": ""Point""
}","{
  ""coordinates"": [
    -83.151983554,
    42.391263666
  ],
  ""type"": ""Point""
}",-83.151983554,42.391263666
13412,9712242,MEYERS,OUTER,2016-06-01,1,6,2016,16,4,4,9,,4,0,,1,1,1,30,2,2,4,4,0,0,0,1,false,,false,false,true,false,false,,,,,,false,true,false,,,false,false,false,false,false,-83.17084,42.43471,"{
  ""coordinates"": [
    -8.317083723099999e+01,
    4.243470819900010e+01
  ],
  ""type"": ""Point""
}","{
  ""coordinates"": [
    -83.170837231,
    42.434708199
  ],
  ""type"": ""Point""
}",-83.170837231,42.4347081990001
13413,9711232,CRUSADE,MADDELEIN,2016-06-01,1,6,2016,16,4,4,9,,,0,,1,1,1,25,2,2,3,4,0,0,0,1,false,,false,false,false,false,false,,,,,,false,false,false,,,false,true,false,false,false,-82.96066,42.43642,"{
  ""coordinates"": [
    -8.296066028500000e+01,
    4.243642361100010e+01
  ],
  ""type"": ""Point""
}","{
  ""coordinates"": [
    -82.960660285,
    42.436423611
  ],
  ""type"": ""Point""
}",-82.960660285,42.4364236110001
13414,9712207,SCHOOLCRAFT,ARTESIAN,2016-06-01,1,6,2016,12,4,5,9,,2,0,,1,1,1,30,4,2,2,5,0,0,0,0,true,,false,false,false,false,false,,,,,,false,false,true,,,false,false,false,false,false,-83.22749,42.38646,"{
  ""coordinates"": [
    -8.322749265899991e+01,
    4.238645884600000e+01
  ],
  ""type"": ""Point""
}","{
  ""coordinates"": [
    -83.227492659,
    42.386458846
  ],
  ""type"": ""Point""
}",-83.2274926589999,42.386458846
13415,9721008,I-94,WARREN,2016-06-01,1,6,2016,1,4,1,1,,1,1,,1,1,4,55,3,1,1,5,0,0,0,0,true,,false,false,false,false,false,,,,,,false,true,false,,,false,false,false,false,false,-83.11426,42.34374,"{
  ""coordinates"": [
    -8.311425529600000e+01,
    4.234374341000010e+01
  ],
  ""type"": ""Point""
}","{
  ""coordinates"": [
    -83.114255296,
    42.34374341
  ],
  ""type"": ""Point""
}",-83.114255296,42.3437434100001
13416,9711221,SPRINGWELLS,NAVY,2016-06-01,1,6,2016,16,4,4,9,,4,0,,1,2,1,25,6,2,6,5,0,0,0,0,true,,true,false,true,false,false,,,,,,false,false,false,,,false,false,false,false,false,-83.12576,42.30941,"{
  ""coordinates"": [
    -8.312575288200000e+01,
    4.230941022100010e+01
  ],
  ""type"": ""Point""
}","{
  ""coordinates"": [
    -83.125752882,
    42.309410221
  ],
  ""type"": ""Point""
}",-83.125752882,42.3094102210001
13417,9711238,DAVISON,PETOSKEY,2016-06-01,1,6,2016,7,4,5,3,,1,0,,98,98,98,30,3,2,1,5,0,0,0,0,true,,false,false,true,false,false,,,,,,false,false,false,,,false,false,false,false,false,-83.1357,42.38791,"{
  ""coordinates"": [
    -8.313569370399991e+01,
    4.238791343500000e+01
  ],
  ""type"": ""Point""
}","{
  ""coordinates"": [
    -83.135693704,
    42.387913435
  ],
  ""type"": ""Point""
}",-83.1356937039999,42.387913435
13418,9712192,LEYARD,SECOND,2016-06-01,1,6,2016,7,4,97,9,,4,0,,1,1,1,0,4,2,2,5,0,0,0,0,true,,true,false,true,false,false,,,,,,false,false,false,,,false,false,false,false,false,-83.06002,42.33972,"{
  ""coordinates"": [
    -8.306002041399999e+01,
    4.233972295300000e+01
  ],
  ""type"": ""Point""
}","{
  ""coordinates"": [
    -83.060020414,
    42.339722953
  ],
  ""type"": ""Point""
}",-83.060020414,42.339722953
13419,9711253,8 MILE,GREENFIELD,2016-06-01,1,6,2016,9,4,5,3,,1,0,,1,1,1,40,3,2,3,5,0,0,0,0,true,,false,false,false,false,false,,,,,,false,true,true,,,false,false,false,false,false,-83.20067,42.44478,"{
  ""coordinates"": [
    -8.320066875000001e+01,
    4.244477925000010e+01
  ],
  ""type"": ""Point""
}","{
  ""coordinates"": [
    -83.20066875,
    42.44477925
  ],
  ""type"": ""Point""
}",-83.20066875,42.4447792500001
13420,9711249,NEVADA,VAN DYKE,2016-06-01,1,6,2016,17,4,1,3,,4,1,,1,1,1,35,2,1,1,5,0,0,0,0,true,,false,false,false,false,false,,,,,,false,false,true,,,false,false,false,false,false,-83.02425,42.42673,"{
  ""coordinates"": [
    -8.302424873299999e+01,
    4.242672756900000e+01
  ],
  ""type"": ""Point""
}","{
  ""coordinates"": [
    -83.024248733,
    42.426727569
  ],
  ""type"": ""Point""
}",-83.024248733,42.426727569
13421,9713492,HARPER,MOROSS,2016-06-01,1,6,2016,10,4,5,9,,4,0,,1,1,1,30,2,2,4,5,0,0,0,0,true,,false,false,false,false,false,,,,,,false,false,true,,,false,false,false,false,false,-82.92925,42.42463,"{
  ""coordinates"": [
    -8.292925352899989e+01,
    4.242463301300010e+01
  ],
  ""type"": ""Point""
}","{
  ""coordinates"": [
    -82.929253529,
    42.424633013
  ],
  ""type"": ""Point""
}",-82.9292535289999,42.4246330130001
13422,9712198,SOUTHFIELD SERVICE DRIVE,PLYMOUTH,2016-06-01,1,6,2016,10,4,5,9,,4,0,,1,1,1,55,6,2,1,5,0,0,0,0,true,,false,false,true,false,false,,,,,,false,false,false,,,false,false,false,false,false,-83.21627,42.37253,"{
  ""coordinates"": [
    -8.321627238000001e+01,
    4.237253308200010e+01
  ],
  ""type"": ""Point""
}","{
  ""coordinates"": [
    -83.21627238,
    42.372533082
  ],
  ""type"": ""Point""
}",-83.21627238,42.3725330820001
13423,9711217,GRATIOT,RANDOLPH,2016-06-01,1,6,2016,12,4,4,3,,1,0,,1,1,1,30,5,2,3,5,0,0,0,0,true,,false,false,false,false,false,,,,,,false,false,false,,,false,false,false,false,false,-83.04502,42.33534,"{
  ""coordinates"": [
    -8.304502034900000e+01,
    4.233534176700000e+01
  ],
  ""type"": ""Point""
}","{
  ""coordinates"": [
    -83.045020349,
    42.335341767
  ],
  ""type"": ""Point""
}",-83.045020349,42.335341767
13424,9713482,LONYO,MICHIGAN,2016-06-01,1,6,2016,19,4,8,2,,4,0,,1,1,4,0,4,2,1,5,0,0,0,0,true,,false,false,true,false,false,,,,,,false,false,false,,,false,false,false,false,false,-83.14431,42.33027,"{
  ""coordinates"": [
    -8.314431064800000e+01,
    4.233026977400000e+01
  ],
  ""type"": ""Point""
}","{
  ""coordinates"": [
    -83.144310648,
    42.330269774
  ],
  ""type"": ""Point""
}",-83.144310648,42.330269774
13425,9718767,N I 375,N I 75,2016-06-01,1,6,2016,16,4,5,1,,1,0,,1,2,1,55,4,2,2,5,0,0,0,0,true,,false,false,true,false,false,,,,,,false,false,false,,,false,false,false,false,false,-83.04388,42.34412,"{
  ""coordinates"": [
    -8.304388547100000e+01,
    4.234412189200000e+01
  ],
  ""type"": ""Point""
}","{
  ""coordinates"": [
    -83.043885471,
    42.344121892
  ],
  ""type"": ""Point""
}",-83.043885471,42.344121892
13426,9721021,I-75,WARREN,2016-06-01,1,6,2016,14,4,5,1,,1,0,,1,1,1,55,4,2,2,5,0,0,0,0,true,,false,false,false,false,false,,,,,,false,false,true,,,false,false,false,false,false,-83.05716,42.36461,"{
  ""coordinates"": [
    -8.305716221700000e+01,
    4.236460807400000e+01
  ],
  ""type"": ""Point""
}","{
  ""coordinates"": [
    -83.057162217,
    42.364608074
  ],
  ""type"": ""Point""
}",-83.057162217,42.364608074
13427,9716858,E/B I-94,CONCORD,2016-06-01,1,6,2016,19,4,4,1,,1,0,,2,4,1,55,3,2,2,5,0,0,0,0,true,,false,false,false,false,false,,,,,,false,false,false,,,false,false,false,false,false,-83.03098,42.38225,"{
  ""coordinates"": [
    -8.303097510899990e+01,
    4.238224813800010e+01
  ],
  ""type"": ""Point""
}","{
  ""coordinates"": [
    -83.030975109,
    42.382248138
  ],
  ""type"": ""Point""
}",-83.0309751089999,42.3822481380001
13428,9711230,CRAFT,DUCHESS,2016-06-01,1,6,2016,13,4,4,9,,,0,,1,1,1,25,2,2,2,5,0,0,0,0,true,,true,false,false,false,false,,,,,,false,false,true,,,false,false,false,false,false,-82.96163,42.41751,"{
  ""coordinates"": [
    -8.296163495600000e+01,
    4.241750575000000e+01
  ],
  ""type"": ""Point""
}","{
  ""coordinates"": [
    -82.961634956,
    42.41750575
  ],
  ""type"": ""Point""
}",-82.961634956,42.41750575
13429,9712174,W I 94 SERVICE DRIVE,WARREN,2016-06-01,1,6,2016,11,4,5,9,,4,0,,1,1,1,35,4,2,2,5,0,0,0,0,true,,false,false,true,false,false,,,,,,false,false,false,,,false,false,false,false,false,-83.11388,42.3447,"{
  ""coordinates"": [
    -8.311387686099989e+01,
    4.234470551000000e+01
  ],
  ""type"": ""Point""
}","{
  ""coordinates"": [
    -83.113876861,
    42.34470551
  ],
  ""type"": ""Point""
}",-83.1138768609999,42.34470551
13430,9712202,CLARITA,PLAINVIEW,2016-06-01,1,6,2016,15,4,4,9,,,0,,1,2,1,25,1,2,2,4,0,0,0,2,false,,false,false,false,false,false,,,,,,false,false,false,,,false,false,false,false,false,-83.23769,42.42718,"{
  ""coordinates"": [
    -8.323768531300000e+01,
    4.242717795100000e+01
  ],
  ""type"": ""Point""
}","{
  ""coordinates"": [
    -83.237685313,
    42.427177951
  ],
  ""type"": ""Point""
}",-83.237685313,42.427177951
13431,9718766,I-94,M-10,2016-06-01,1,6,2016,18,4,5,1,,1,0,,1,1,1,55,3,2,2,5,0,0,0,0,true,,false,false,false,false,false,,,,,,false,false,false,,,false,false,false,false,false,-83.07793,42.35787,"{
  ""coordinates"": [
    -8.307792283500000e+01,
    4.235786784400010e+01
  ],
  ""type"": ""Point""
}","{
  ""coordinates"": [
    -83.077922835,
    42.357867844
  ],
  ""type"": ""Point""
}",-83.077922835,42.3578678440001
13432,9806650,GLENDALE,STOUT,2016-06-01,1,6,2016,16,4,4,9,,,0,,1,1,1,25,2,2,1,5,0,0,0,0,true,,false,false,true,false,false,,,,,,false,true,false,,,false,false,false,false,false,-83.24085,42.38152,"{
  ""coordinates"": [
    -8.324085175800001e+01,
    4.238151518600010e+01
  ],
  ""type"": ""Point""
}","{
  ""coordinates"": [
    -83.240851758,
    42.381515186
  ],
  ""type"": ""Point""
}",-83.240851758,42.3815151860001
13433,9712238,15743 GRAYFIELD,MIDLAND,2016-06-01,1,6,2016,9,4,5,9,,,0,,1,1,1,25,2,2,1,5,0,0,0,0,true,,false,false,true,false,false,,,,,,false,false,false,,,false,false,false,false,false,-83.2692,42.4041,"{
  ""coordinates"": [
    -8.326919307400000e+01,
    4.240409810300010e+01
  ],
  ""type"": ""Point""
}","{
  ""coordinates"": [
    -83.269193074,
    42.404098103
  ],
  ""type"": ""Point""
}",-83.269193074,42.4040981030001
13434,9711257,7 MILE,JAMES COUZENS,2016-06-01,1,6,2016,12,4,97,9,,2,0,,1,1,1,35,4,4,2,2,0,1,1,1,false,,true,true,false,false,false,,,,,,true,false,true,,,false,false,false,false,false,-83.18663,42.43084,"{
  ""coordinates"": [
    -8.318662750999989e+01,
    4.243084475500010e+01
  ],
  ""type"": ""Point""
}","{
  ""coordinates"": [
    -83.18662751,
    42.430844755
  ],
  ""type"": ""Point""
}",-83.1866275099999,42.4308447550001
13435,9973400,M-39,OUTER,2016-06-01,1,6,2016,13,4,8,3,,1,0,,1,1,1,55,3,2,3,5,0,0,0,0,true,,false,false,false,false,false,,,,,,false,false,true,,,false,false,false,false,false,-83.21885,42.42018,"{
  ""coordinates"": [
    -8.321885281399990e+01,
    4.242017707900000e+01
  ],
  ""type"": ""Point""
}","{
  ""coordinates"": [
    -83.218852814,
    42.420177079
  ],
  ""type"": ""Point""
}",-83.2188528139999,42.420177079
13436,9711207,GREENFIELD,CASTLETON,2016-06-01,1,6,2016,11,4,3,9,,2,0,,1,2,1,35,4,2,2,3,0,0,1,1,false,,false,false,false,false,false,,,,,,false,false,false,,,false,false,false,false,false,-83.19769,42.37622,"{
  ""coordinates"": [
    -8.319768663300000e+01,
    4.237621649000000e+01
  ],
  ""type"": ""Point""
}","{
  ""coordinates"": [
    -83.197686633,
    42.37621649
  ],
  ""type"": ""Point""
}",-83.197686633,42.37621649
13437,9711222,MICHIGAN,PARKINSON,2016-06-01,1,6,2016,19,4,4,2,,1,0,,2,4,1,35,4,2,3,5,0,0,0,0,true,,false,false,false,false,false,,,,,,false,false,false,,,false,false,false,false,false,-83.13189,42.33111,"{
  ""coordinates"": [
    -8.313188743599990e+01,
    4.233110925000010e+01
  ],
  ""type"": ""Point""
}","{
  ""coordinates"": [
    -83.131887436,
    42.33110925
  ],
  ""type"": ""Point""
}",-83.1318874359999,42.3311092500001
13438,9712187,N I 75 SERVICE DRIVE,LIVERNOIS,2016-06-01,1,6,2016,7,4,8,9,,4,0,,1,1,1,0,4,2,1,5,0,0,0,0,true,,false,false,false,false,false,,,,,,false,false,false,,,false,false,false,false,false,-83.10387,42.30712,"{
  ""coordinates"": [
    -8.310386327899990e+01,
    4.230711870800010e+01
  ],
  ""type"": ""Point""
}","{
  ""coordinates"": [
    -83.103863279,
    42.307118708
  ],
  ""type"": ""Point""
}",-83.1038632789999,42.3071187080001
13439,9716883,EIGHT MILE,REDMOND,2016-06-01,1,6,2016,14,4,1,3,,1,0,,1,1,1,45,4,1,1,4,0,0,0,1,false,,false,false,false,false,false,,,,,,false,false,true,,,false,false,false,false,false,-82.9562,42.45005,"{
  ""coordinates"": [
    -8.295620108799990e+01,
    4.245004617600010e+01
  ],
  ""type"": ""Point""
}","{
  ""coordinates"": [
    -82.956201088,
    42.450046176
  ],
  ""type"": ""Point""
}",-82.9562010879999,42.4500461760001
13440,9713254,I-94,OUTER,2016-06-01,1,6,2016,8,4,5,1,,1,0,,1,1,1,70,3,2,1,5,0,0,0,0,true,,false,false,true,false,false,,,,,,false,false,false,,,false,false,false,false,false,-82.95833,42.40566,"{
  ""coordinates"": [
    -8.295832857300000e+01,
    4.240565903900010e+01
  ],
  ""type"": ""Point""
}","{
  ""coordinates"": [
    -82.958328573,
    42.405659039
  ],
  ""type"": ""Point""
}",-82.958328573,42.4056590390001
13441,9711261,EWALD,STOEPEL,2016-06-01,1,6,2016,17,4,6,9,,4,0,,2,4,1,30,1,2,2,5,0,0,0,0,true,,false,false,false,false,false,,,,,,false,false,true,,,false,false,false,false,false,-83.14048,42.39124,"{
  ""coordinates"": [
    -8.314047827699990e+01,
    4.239124378100010e+01
  ],
  ""type"": ""Point""
}","{
  ""coordinates"": [
    -83.140478277,
    42.391243781
  ],
  ""type"": ""Point""
}",-83.1404782769999,42.3912437810001
13442,9721029,I-75,NEVADA,2016-06-01,1,6,2016,16,4,97,1,,1,0,,1,1,1,70,4,3,3,5,0,0,0,0,true,,false,false,false,false,false,,,,,,false,false,false,,,false,false,false,false,false,-83.09282,42.42443,"{
  ""coordinates"": [
    -8.309281645199999e+01,
    4.242443180800010e+01
  ],
  ""type"": ""Point""
}","{
  ""coordinates"": [
    -83.092816452,
    42.424431808
  ],
  ""type"": ""Point""
}",-83.092816452,42.4244318080001
13443,9716857,N/B M-10,CLAIRMOUNT,2016-06-01,1,6,2016,18,4,5,3,,1,0,,1,2,1,55,3,3,3,5,0,0,0,0,true,,false,false,false,false,false,,,,,,false,false,false,,,false,false,false,false,false,-83.08936,42.37849,"{
  ""coordinates"": [
    -8.308935591999990e+01,
    4.237849397000010e+01
  ],
  ""type"": ""Point""
}","{
  ""coordinates"": [
    -83.08935592,
    42.37849397
  ],
  ""type"": ""Point""
}",-83.0893559199999,42.3784939700001
13444,9712169,MACK,SAINT ANTOINE,2016-06-01,1,6,2016,7,4,5,9,,4,0,,1,1,1,0,3,2,2,5,0,0,0,0,true,,false,false,false,false,false,,,,,,false,false,false,,,false,false,false,false,false,-83.05226,42.34962,"{
  ""coordinates"": [
    -8.305225957499989e+01,
    4.234962047200000e+01
  ],
  ""type"": ""Point""
}","{
  ""coordinates"": [
    -83.052259575,
    42.349620472
  ],
  ""type"": ""Point""
}",-83.0522595749999,42.349620472
13445,9773750,15743 GRAYFIELD,MIDLAND,2016-06-01,1,6,2016,9,4,5,9,,,0,,1,1,1,25,2,2,1,5,0,0,0,0,true,,false,false,true,false,false,,,,,,false,false,false,,,false,false,false,false,false,-83.26921,42.40451,"{
  ""coordinates"": [
    -8.326921087900000e+01,
    4.240450505800000e+01
  ],
  ""type"": ""Point""
}","{
  ""coordinates"": [
    -83.269210879,
    42.404505058
  ],
  ""type"": ""Point""
}",-83.269210879,42.404505058
13446,9712189,MARSTON,WOODWARD,2016-06-01,1,6,2016,11,4,5,3,,,0,,1,1,1,25,2,2,2,5,0,0,0,0,true,,false,false,false,false,false,,,,,,false,false,true,,,false,false,false,false,false,-83.07641,42.3749,"{
  ""coordinates"": [
    -8.307640471699990e+01,
    4.237490049800000e+01
  ],
  ""type"": ""Point""
}","{
  ""coordinates"": [
    -83.076404717,
    42.374900498
  ],
  ""type"": ""Point""
}",-83.0764047169999,42.374900498
13447,9855343,GRAND RIVER,WARWICK,2016-06-01,1,6,2016,19,4,6,3,,1,0,,2,4,1,35,4,2,5,5,0,0,0,0,true,,false,false,true,false,false,,,,,,false,false,false,,,false,false,false,false,false,-83.22842,42.40478,"{
  ""coordinates"": [
    -8.322841769999999e+01,
    4.240477631500000e+01
  ],
  ""type"": ""Point""
}","{
  ""coordinates"": [
    -83.2284177,
    42.404776315
  ],
  ""type"": ""Point""
}",-83.2284177,42.404776315
13448,9711259,7 MILE,WARRINGTON,2016-06-01,1,6,2016,18,4,5,9,,2,0,,1,1,1,30,2,2,2,5,0,0,0,0,true,,false,false,false,false,false,,,,,,false,false,true,,,false,false,false,false,false,-83.14013,42.43163,"{
  ""coordinates"": [
    -8.314012540100001e+01,
    4.243163091900000e+01
  ],
  ""type"": ""Point""
}","{
  ""coordinates"": [
    -83.140125401,
    42.431630919
  ],
  ""type"": ""Point""
}",-83.140125401,42.431630919