ObjectId,Crash ID,Primary Road,Intersecting Road,Crash Date,Day,Month,Year,Hour,Weekday,Crash Type Code,Highway Classification Code,Community Code,Jurisdiction Code,Lane Departure Type Code,Surface Type,Road Condition,Weather Condition,Lighting Condition,Speed Limit,Lanes,Units,Occupants,Most Severe Injury,Fatal Injuries,Suspected Serious Injuries,Suspected Minor Injuries,Possible Injuries,Property Damage Only,Secondary Crash,Traffic Control,Red Light Run,Hit and Run,Alcohol,Drugs,Unbelted Person,Work Zone,Speeding Driver,Distracted Driver,Driveway,Pedestrian,Elderly Driver,Young Driver,Commercial Vehicle,Emergency Vehicles,Train,School Bus,Motorcycle,Bicycle,Deer,Longitude,Latitude,geom,geog,x,y
13563,9726318,MACK,WOODWARD,2016-05-30,30,5,2016,20,2,8,3,,4,0,,1,1,4,30,2,2,3,5,0,0,0,0,true,,false,false,true,false,false,,,,,,false,false,false,,,false,false,false,false,false,-83.05796,42.34752,"{
  ""coordinates"": [
    -8.305796283699991e+01,
    4.234752115100010e+01
  ],
  ""type"": ""Point""
}","{
  ""coordinates"": [
    -83.057962837,
    42.347521151
  ],
  ""type"": ""Point""
}",-83.0579628369999,42.3475211510001
13564,9712210,VAUGHAN,OUTER,2016-05-30,30,5,2016,16,2,10,9,,,0,,1,1,1,25,3,2,2,5,0,0,0,0,true,,false,false,false,false,false,,,,,,false,false,false,,,false,false,false,false,false,-83.23839,42.39835,"{
  ""coordinates"": [
    -8.323838943399990e+01,
    4.239834780400000e+01
  ],
  ""type"": ""Point""
}","{
  ""coordinates"": [
    -83.238389434,
    42.398347804
  ],
  ""type"": ""Point""
}",-83.2383894339999,42.398347804
13565,9711256,MEYERS,MCNICHOLS,2016-05-30,30,5,2016,22,2,9,9,,4,0,,1,1,4,30,6,2,3,5,0,0,0,0,true,,false,false,false,false,false,,,,,,false,false,true,,,false,false,false,false,false,-83.17012,42.41666,"{
  ""coordinates"": [
    -8.317012099599999e+01,
    4.241665486000010e+01
  ],
  ""type"": ""Point""
}","{
  ""coordinates"": [
    -83.170120996,
    42.41665486
  ],
  ""type"": ""Point""
}",-83.170120996,42.4166548600001
13566,9709077,ELLIS,LITTLEFIELD,2016-05-30,30,5,2016,21,2,4,9,,,0,,1,1,4,25,4,2,4,5,0,0,0,0,true,,true,false,false,false,false,,,,,,false,false,true,,,false,false,false,false,false,-83.17511,42.36086,"{
  ""coordinates"": [
    -8.317511150999999e+01,
    4.236085755800010e+01
  ],
  ""type"": ""Point""
}","{
  ""coordinates"": [
    -83.17511151,
    42.360857558
  ],
  ""type"": ""Point""
}",-83.17511151,42.3608575580001
13567,9753034,LAPPIN,FAIRPORT,2016-05-30,30,5,2016,17,2,4,9,,,0,,1,1,1,25,2,2,3,4,0,0,0,3,false,,false,false,false,false,false,,,,,,false,false,false,,,false,false,false,false,false,-82.99127,42.43659,"{
  ""coordinates"": [
    -8.299127444600001e+01,
    4.243658887600000e+01
  ],
  ""type"": ""Point""
}","{
  ""coordinates"": [
    -82.991274446,
    42.436588876
  ],
  ""type"": ""Point""
}",-82.991274446,42.436588876
13568,9710090,WYOMING,LYNDON,2016-05-30,30,5,2016,20,2,4,9,,4,0,,1,1,1,25,5,2,2,5,0,0,0,0,true,,false,false,false,false,false,,,,,,false,false,true,,,false,false,false,false,false,-83.15934,42.39524,"{
  ""coordinates"": [
    -8.315934199100001e+01,
    4.239523847400010e+01
  ],
  ""type"": ""Point""
}","{
  ""coordinates"": [
    -83.159341991,
    42.395238474
  ],
  ""type"": ""Point""
}",-83.159341991,42.3952384740001
13569,9710018,BEECHDALE,WYOMING,2016-05-30,30,5,2016,3,2,98,9,,,0,,1,1,5,25,2,2,0,5,0,0,0,0,true,,false,false,true,false,false,,,,,,false,false,false,,,false,false,false,false,false,-83.15878,42.37054,"{
  ""coordinates"": [
    -8.315878605400000e+01,
    4.237054595700000e+01
  ],
  ""type"": ""Point""
}","{
  ""coordinates"": [
    -83.158786054,
    42.370545957
  ],
  ""type"": ""Point""
}",-83.158786054,42.370545957
13570,9709105,RAMP 136A,RAMP 136A,2016-05-30,30,5,2016,1,2,5,1,,1,0,,1,1,4,0,2,2,1,5,0,0,0,0,true,,false,false,true,false,false,,,,,,false,false,false,,,false,false,false,false,false,-83.19825,42.37856,"{
  ""coordinates"": [
    -8.319825309100000e+01,
    4.237856244800000e+01
  ],
  ""type"": ""Point""
}","{
  ""coordinates"": [
    -83.198253091,
    42.378562448
  ],
  ""type"": ""Point""
}",-83.198253091,42.378562448
13571,9713534,LASALLE,CLEMENTS,2016-05-30,30,5,2016,23,2,4,9,,,0,,98,98,98,30,2,2,2,5,0,0,0,0,true,,false,false,false,false,false,,,,,,false,false,true,,,false,false,false,false,false,-83.1198,42.3951,"{
  ""coordinates"": [
    -8.311980003699991e+01,
    4.239509447400010e+01
  ],
  ""type"": ""Point""
}","{
  ""coordinates"": [
    -83.119800037,
    42.395094474
  ],
  ""type"": ""Point""
}",-83.1198000369999,42.3950944740001
13572,9709110,HARPER,CHENE,2016-05-30,30,5,2016,5,2,1,9,,4,0,,1,1,1,35,3,1,0,5,0,0,0,0,true,,false,false,true,false,false,,,,,,false,false,false,,,false,false,false,false,false,-83.04629,42.37403,"{
  ""coordinates"": [
    -8.304628986300000e+01,
    4.237402700100010e+01
  ],
  ""type"": ""Point""
}","{
  ""coordinates"": [
    -83.046289863,
    42.374027001
  ],
  ""type"": ""Point""
}",-83.046289863,42.3740270010001
13573,9708343,GRATIOT,DUBOIS,2016-05-30,30,5,2016,0,2,5,3,,1,0,,1,1,4,30,6,2,3,3,0,0,1,0,false,,false,false,false,false,false,,,,,,false,false,true,,,false,false,true,false,false,-83.03332,42.35059,"{
  ""coordinates"": [
    -8.303331923099999e+01,
    4.235059121800000e+01
  ],
  ""type"": ""Point""
}","{
  ""coordinates"": [
    -83.033319231,
    42.350591218
  ],
  ""type"": ""Point""
}",-83.033319231,42.350591218
13574,9709135,VAN DYKE,7 MILE,2016-05-30,30,5,2016,3,2,2,3,,1,2,,1,1,4,35,5,2,2,5,0,0,0,0,true,,false,false,false,false,false,,,,,,false,false,false,,,false,false,false,false,false,-83.02427,42.43451,"{
  ""coordinates"": [
    -8.302426595999999e+01,
    4.243451092300010e+01
  ],
  ""type"": ""Point""
}","{
  ""coordinates"": [
    -83.02426596,
    42.434510923
  ],
  ""type"": ""Point""
}",-83.02426596,42.4345109230001
13575,9710021,APPOLINE,7 MILE,2016-05-30,30,5,2016,19,2,9,9,,,0,,1,1,1,25,3,2,0,5,0,0,0,0,true,,false,false,true,false,false,,,,,,false,false,false,,,false,false,false,false,false,-83.17185,42.43121,"{
  ""coordinates"": [
    -8.317184934600000e+01,
    4.243120678800010e+01
  ],
  ""type"": ""Point""
}","{
  ""coordinates"": [
    -83.171849346,
    42.431206788
  ],
  ""type"": ""Point""
}",-83.171849346,42.4312067880001
13576,9710085,MACKINAW,ARCADIA,2016-05-30,30,5,2016,22,2,8,9,,,0,,1,1,4,25,2,2,1,5,0,0,0,0,true,,false,false,true,false,false,,,,,,false,false,false,,,false,false,false,false,false,-83.1231,42.36457,"{
  ""coordinates"": [
    -8.312309653700000e+01,
    4.236456792500010e+01
  ],
  ""type"": ""Point""
}","{
  ""coordinates"": [
    -83.123096537,
    42.364567925
  ],
  ""type"": ""Point""
}",-83.123096537,42.3645679250001
13577,9709074,TIREMAN,PIEDMONT,2016-05-30,30,5,2016,22,2,5,9,,4,0,,1,1,3,40,2,2,1,4,0,0,0,1,false,,false,false,false,false,false,,,,,,false,false,false,,,false,false,false,false,false,-83.22798,42.35044,"{
  ""coordinates"": [
    -8.322798100800000e+01,
    4.235044176400000e+01
  ],
  ""type"": ""Point""
}","{
  ""coordinates"": [
    -83.227981008,
    42.350441764
  ],
  ""type"": ""Point""
}",-83.227981008,42.350441764
13578,9710069,GRAND,MORAN,2016-05-30,30,5,2016,22,2,1,9,,4,0,,1,1,4,35,2,1,0,5,0,0,0,0,true,,false,false,true,false,false,,,,,,false,false,false,,,false,false,false,false,false,-83.03593,42.37526,"{
  ""coordinates"": [
    -8.303593807899991e+01,
    4.237525486700010e+01
  ],
  ""type"": ""Point""
}","{
  ""coordinates"": [
    -83.035938079,
    42.375254867
  ],
  ""type"": ""Point""
}",-83.0359380789999,42.3752548670001
13579,9709086,GREENFIELD,PEMBROKE,2016-05-30,30,5,2016,2,2,4,9,,2,0,,1,1,3,30,3,2,2,5,0,0,0,0,true,,true,true,true,false,false,,,,,,false,false,false,,,false,false,false,false,false,-83.20017,42.43767,"{
  ""coordinates"": [
    -8.320017124000000e+01,
    4.243766596100010e+01
  ],
  ""type"": ""Point""
}","{
  ""coordinates"": [
    -83.20017124,
    42.437665961
  ],
  ""type"": ""Point""
}",-83.20017124,42.4376659610001
13580,9709096,MARTIN,MCGRAW,2016-05-30,30,5,2016,16,2,5,9,,4,0,,1,1,1,0,4,2,4,4,0,0,0,1,false,,false,false,true,false,false,,,,,,false,false,true,,,false,false,false,false,false,-83.13282,42.33844,"{
  ""coordinates"": [
    -8.313282174900000e+01,
    4.233844466700000e+01
  ],
  ""type"": ""Point""
}","{
  ""coordinates"": [
    -83.132821749,
    42.338444667
  ],
  ""type"": ""Point""
}",-83.132821749,42.338444667
13581,9709097,JUNCTION,ELDRED,2016-05-30,30,5,2016,16,2,4,9,,4,0,,1,1,1,0,4,2,1,5,0,0,0,0,true,,false,false,true,false,false,,,,,,false,false,false,,,false,false,false,false,false,-83.10054,42.31603,"{
  ""coordinates"": [
    -8.310054142900000e+01,
    4.231603130100010e+01
  ],
  ""type"": ""Point""
}","{
  ""coordinates"": [
    -83.100541429,
    42.316031301
  ],
  ""type"": ""Point""
}",-83.100541429,42.3160313010001
13582,9710050,ST JEAN,JEFFERSON,2016-05-30,30,5,2016,14,2,4,9,,4,0,,1,1,1,25,4,2,1,5,0,0,0,0,true,,false,false,true,false,false,,,,,,false,false,false,,,false,false,false,false,false,-82.9706,42.36698,"{
  ""coordinates"": [
    -8.297060239900000e+01,
    4.236698061300010e+01
  ],
  ""type"": ""Point""
}","{
  ""coordinates"": [
    -82.970602399,
    42.366980613
  ],
  ""type"": ""Point""
}",-82.970602399,42.3669806130001
13583,9721064,W I 96 SERVICE DRIVE,LIVERNOIS,2016-05-30,30,5,2016,23,2,8,9,,4,0,,1,1,4,0,3,2,2,5,0,0,0,0,true,,false,false,true,false,false,,,,,,false,false,false,,,false,false,false,false,false,-83.13876,42.36777,"{
  ""coordinates"": [
    -8.313875849399990e+01,
    4.236776845000000e+01
  ],
  ""type"": ""Point""
}","{
  ""coordinates"": [
    -83.138758494,
    42.36776845
  ],
  ""type"": ""Point""
}",-83.1387584939999,42.36776845
13584,9709131,SANTA ROSA,CORTLAND,2016-05-30,30,5,2016,17,2,8,9,,,0,,1,1,1,25,3,2,1,5,0,0,0,0,true,,false,false,false,false,false,,,,,,false,false,false,,,false,false,false,false,false,-83.14138,42.37905,"{
  ""coordinates"": [
    -8.314138237500001e+01,
    4.237904907900000e+01
  ],
  ""type"": ""Point""
}","{
  ""coordinates"": [
    -83.141382375,
    42.379049079
  ],
  ""type"": ""Point""
}",-83.141382375,42.379049079
13585,9717844,WARREN,ALTER,2016-05-30,30,5,2016,14,2,3,9,,4,0,,1,1,1,35,4,2,2,5,0,0,0,0,true,,false,false,false,false,false,,,,,,false,false,false,,,false,false,false,false,false,-82.95443,42.39704,"{
  ""coordinates"": [
    -8.295443012899990e+01,
    4.239703846900010e+01
  ],
  ""type"": ""Point""
}","{
  ""coordinates"": [
    -82.954430129,
    42.397038469
  ],
  ""type"": ""Point""
}",-82.9544301289999,42.3970384690001
13586,9710079,WAYBURN,HAVERHILL,2016-05-30,30,5,2016,2,2,8,9,,,0,,98,98,98,25,1,2,0,5,0,0,0,0,true,,false,false,true,false,false,,,,,,false,false,false,,,false,false,false,false,false,-82.95805,42.41449,"{
  ""coordinates"": [
    -8.295804475900000e+01,
    4.241449007800000e+01
  ],
  ""type"": ""Point""
}","{
  ""coordinates"": [
    -82.958044759,
    42.414490078
  ],
  ""type"": ""Point""
}",-82.958044759,42.414490078
13587,9733756,RAMP 221A,E I 94,2016-05-30,30,5,2016,14,2,8,1,,1,0,,1,1,1,55,3,2,5,5,0,0,0,0,true,,false,false,true,false,false,,,,,,false,false,false,,,false,false,false,false,false,-82.96967,42.40217,"{
  ""coordinates"": [
    -8.296966234199991e+01,
    4.240217118100000e+01
  ],
  ""type"": ""Point""
}","{
  ""coordinates"": [
    -82.969662342,
    42.402171181
  ],
  ""type"": ""Point""
}",-82.9696623419999,42.402171181
13588,9710009,M-10,FOREST,2016-05-30,30,5,2016,23,2,97,3,,1,0,,1,1,4,55,3,3,3,3,0,0,1,0,false,,false,false,false,false,false,,,,,,false,false,false,,,false,false,false,false,false,-83.0703,42.34824,"{
  ""coordinates"": [
    -8.307029745800000e+01,
    4.234824281700000e+01
  ],
  ""type"": ""Point""
}","{
  ""coordinates"": [
    -83.070297458,
    42.348242817
  ],
  ""type"": ""Point""
}",-83.070297458,42.348242817
13589,9709134,GRAND,POE,2016-05-30,30,5,2016,9,2,97,9,,4,0,,1,1,1,30,3,2,1,5,0,0,0,0,true,,false,false,false,false,false,,,,,,true,false,false,,,false,false,false,false,false,-83.0861,42.36557,"{
  ""coordinates"": [
    -8.308610139000000e+01,
    4.236557316800000e+01
  ],
  ""type"": ""Point""
}","{
  ""coordinates"": [
    -83.08610139,
    42.365573168
  ],
  ""type"": ""Point""
}",-83.08610139,42.365573168
13590,9711260,JAMES COUZENS,7 MILE,2016-05-30,30,5,2016,14,2,8,3,,4,0,,1,1,1,35,2,2,1,5,0,0,0,0,true,,false,false,true,false,false,,,,,,false,false,false,,,false,false,false,false,false,-83.18742,42.43084,"{
  ""coordinates"": [
    -8.318741281400000e+01,
    4.243084283100010e+01
  ],
  ""type"": ""Point""
}","{
  ""coordinates"": [
    -83.187412814,
    42.430842831
  ],
  ""type"": ""Point""
}",-83.187412814,42.4308428310001
13591,9710091,HEALY,ROBINWOOD,2016-05-30,30,5,2016,20,2,9,9,,,0,,1,1,1,25,2,2,4,5,0,0,0,0,true,,false,false,false,false,false,,,,,,false,false,true,,,false,false,false,false,false,-83.05531,42.43115,"{
  ""coordinates"": [
    -8.305531185900000e+01,
    4.243115304500000e+01
  ],
  ""type"": ""Point""
}","{
  ""coordinates"": [
    -83.055311859,
    42.431153045
  ],
  ""type"": ""Point""
}",-83.055311859,42.431153045
13592,9708363,PILGRIM,PINEHURST,2016-05-29,29,5,2016,15,1,4,9,,,0,,1,2,1,25,2,2,3,5,0,0,0,0,true,,false,false,false,false,false,,,,,,false,false,true,,,false,false,false,false,false,-83.16651,42.40772,"{
  ""coordinates"": [
    -8.316651037199991e+01,
    4.240771709400010e+01
  ],
  ""type"": ""Point""
}","{
  ""coordinates"": [
    -83.166510372,
    42.407717094
  ],
  ""type"": ""Point""
}",-83.1665103719999,42.4077170940001
13593,9709221,OUTER,SOUTHFIELD SERVICE DRIVE,2016-05-29,29,5,2016,12,1,5,9,,2,0,,1,1,1,40,4,3,3,5,0,0,0,0,true,,false,false,false,false,false,,,,,,false,false,true,,,false,false,false,false,false,-83.21864,42.41908,"{
  ""coordinates"": [
    -8.321864543100000e+01,
    4.241907549500010e+01
  ],
  ""type"": ""Point""
}","{
  ""coordinates"": [
    -83.218645431,
    42.419075495
  ],
  ""type"": ""Point""
}",-83.218645431,42.4190754950001
13594,9716896,ROSA PARKS,WILLIS,2016-05-29,29,5,2016,17,1,1,9,,4,0,,2,4,1,30,3,1,2,5,0,0,0,0,true,,false,false,false,false,false,,,,,,false,false,false,,,false,false,false,false,false,-83.07997,42.34541,"{
  ""coordinates"": [
    -8.307997094699989e+01,
    4.234541157900000e+01
  ],
  ""type"": ""Point""
}","{
  ""coordinates"": [
    -83.079970947,
    42.345411579
  ],
  ""type"": ""Point""
}",-83.0799709469999,42.345411579
13595,9708361,7MI,PINEHURST,2016-05-29,29,5,2016,16,1,5,9,,2,0,,1,2,1,35,4,2,2,4,0,0,0,1,false,,false,false,false,false,false,,,,,,false,false,true,,,false,false,false,false,false,-83.16748,42.43127,"{
  ""coordinates"": [
    -8.316747833399999e+01,
    4.243127441600010e+01
  ],
  ""type"": ""Point""
}","{
  ""coordinates"": [
    -83.167478334,
    42.431274416
  ],
  ""type"": ""Point""
}",-83.167478334,42.4312744160001
13596,9746736,14TH,RAMP 038A,2016-05-29,29,5,2016,8,1,1,9,,4,1,,1,1,1,55,1,1,1,2,0,1,0,0,false,,false,false,false,true,false,,,,,,false,false,false,,,false,false,false,false,false,-83.07493,42.32859,"{
  ""coordinates"": [
    -8.307493199600000e+01,
    4.232859284600000e+01
  ],
  ""type"": ""Point""
}","{
  ""coordinates"": [
    -83.074931996,
    42.328592846
  ],
  ""type"": ""Point""
}",-83.074931996,42.328592846
13597,9710058,METTELTAL,LYNDON,2016-05-29,29,5,2016,7,1,5,9,,,0,,1,1,1,0,1,2,3,5,0,0,0,0,true,,false,false,false,false,false,,,,,,false,false,false,,,false,false,false,false,false,-83.20712,42.3941,"{
  ""coordinates"": [
    -8.320711309500000e+01,
    4.239410500600010e+01
  ],
  ""type"": ""Point""
}","{
  ""coordinates"": [
    -83.207113095,
    42.394105006
  ],
  ""type"": ""Point""
}",-83.207113095,42.3941050060001
13598,9707691,KILBOURNE,COPLIN,2016-05-29,29,5,2016,4,1,5,9,,,0,,1,1,4,25,2,2,3,5,0,0,0,0,true,,false,false,true,false,false,,,,,,false,false,true,,,false,false,false,false,false,-82.97733,42.41497,"{
  ""coordinates"": [
    -8.297732200999999e+01,
    4.241497437100000e+01
  ],
  ""type"": ""Point""
}","{
  ""coordinates"": [
    -82.97732201,
    42.414974371
  ],
  ""type"": ""Point""
}",-82.97732201,42.414974371
13599,9710057,WYOMING,MCNICHOLS,2016-05-29,29,5,2016,2,1,3,9,,4,0,,1,1,1,0,1,2,2,5,0,0,0,0,true,,false,false,false,false,false,,,,,,false,true,false,,,false,false,false,false,false,-83.16032,42.41693,"{
  ""coordinates"": [
    -8.316031545600001e+01,
    4.241693005900000e+01
  ],
  ""type"": ""Point""
}","{
  ""coordinates"": [
    -83.160315456,
    42.416930059
  ],
  ""type"": ""Point""
}",-83.160315456,42.416930059
13600,9709133,WYOMING,FLORENCE,2016-05-29,29,5,2016,14,1,8,9,,4,0,,1,1,1,30,2,2,1,5,0,0,0,0,true,,false,false,false,false,false,,,,,,false,false,true,,,false,false,false,false,false,-83.1601,42.41187,"{
  ""coordinates"": [
    -8.316009230000000e+01,
    4.241186806900000e+01
  ],
  ""type"": ""Point""
}","{
  ""coordinates"": [
    -83.1600923,
    42.411868069
  ],
  ""type"": ""Point""
}",-83.1600923,42.411868069
13601,9716884,GREENFIELD,CHALFONTE,2016-05-29,29,5,2016,2,1,8,9,,2,0,,1,1,4,35,4,2,2,5,0,0,0,0,true,,false,false,false,false,false,,,,,,false,false,false,,,false,false,false,false,false,-83.19864,42.39971,"{
  ""coordinates"": [
    -8.319863784300000e+01,
    4.239970996800000e+01
  ],
  ""type"": ""Point""
}","{
  ""coordinates"": [
    -83.198637843,
    42.399709968
  ],
  ""type"": ""Point""
}",-83.198637843,42.399709968
13602,9709123,GREENFIELD,CHALFONTE,2016-05-29,29,5,2016,0,1,4,9,,2,0,,1,1,4,30,4,3,5,1,2,2,1,0,false,,false,false,false,true,true,,,,,,true,false,false,,,false,false,false,false,false,-83.19863,42.39925,"{
  ""coordinates"": [
    -8.319862880600000e+01,
    4.239924520900010e+01
  ],
  ""type"": ""Point""
}","{
  ""coordinates"": [
    -83.198628806,
    42.399245209
  ],
  ""type"": ""Point""
}",-83.198628806,42.3992452090001
13603,9708334,SCHOOLCRAFT,ROSEMONT,2016-05-29,29,5,2016,0,1,9,9,,2,0,,1,1,4,30,4,2,5,5,0,0,0,0,true,,false,false,true,false,false,,,,,,false,false,true,,,false,false,false,false,false,-83.21983,42.38663,"{
  ""coordinates"": [
    -8.321983174000000e+01,
    4.238663296300010e+01
  ],
  ""type"": ""Point""
}","{
  ""coordinates"": [
    -83.21983174,
    42.386632963
  ],
  ""type"": ""Point""
}",-83.21983174,42.3866329630001
13604,9709132,PAUL,ROSEMONT,2016-05-29,29,5,2016,22,1,5,9,,4,0,,98,98,98,30,2,2,1,5,0,0,0,0,true,,false,false,true,false,false,,,,,,false,false,false,,,false,false,false,false,false,-83.21783,42.3361,"{
  ""coordinates"": [
    -8.321782900499990e+01,
    4.233610303700000e+01
  ],
  ""type"": ""Point""
}","{
  ""coordinates"": [
    -83.217829005,
    42.336103037
  ],
  ""type"": ""Point""
}",-83.2178290049999,42.336103037
13605,9716906,7 MILE,SOUTHFIELD SERVICE DRIVE,2016-05-29,29,5,2016,1,1,5,9,,2,0,,1,1,4,0,2,3,3,5,0,0,0,0,true,,false,false,false,false,false,,,,,,false,false,true,,,false,false,false,false,false,-83.2197,42.43001,"{
  ""coordinates"": [
    -8.321970484500000e+01,
    4.243000909100000e+01
  ],
  ""type"": ""Point""
}","{
  ""coordinates"": [
    -83.219704845,
    42.430009091
  ],
  ""type"": ""Point""
}",-83.219704845,42.430009091
13606,9709094,WOODWARD,GRAND,2016-05-29,29,5,2016,16,1,3,3,,1,0,,1,2,1,30,3,2,7,5,0,0,0,0,true,,false,false,false,false,false,,,,,,false,false,true,,,false,false,false,false,false,-83.07336,42.37032,"{
  ""coordinates"": [
    -8.307336251500000e+01,
    4.237032499200010e+01
  ],
  ""type"": ""Point""
}","{
  ""coordinates"": [
    -83.073362515,
    42.370324992
  ],
  ""type"": ""Point""
}",-83.073362515,42.3703249920001
13607,9713521,FENKELL,OAKFIELD,2016-05-29,29,5,2016,16,1,4,9,,2,0,,1,1,1,30,3,2,2,5,0,0,0,0,true,,true,false,true,false,false,,,,,,false,false,false,,,false,false,false,false,false,-83.21426,42.40118,"{
  ""coordinates"": [
    -8.321426537600000e+01,
    4.240118553500000e+01
  ],
  ""type"": ""Point""
}","{
  ""coordinates"": [
    -83.214265376,
    42.401185535
  ],
  ""type"": ""Point""
}",-83.214265376,42.401185535
13608,9708352,7 MILE,ANGLIN,2016-05-29,29,5,2016,4,1,1,9,,4,0,,1,2,4,35,2,1,1,5,0,0,0,0,true,,false,false,false,false,false,,,,,,false,false,true,,,false,false,false,false,false,-83.07555,42.43291,"{
  ""coordinates"": [
    -8.307554390300000e+01,
    4.243291561500010e+01
  ],
  ""type"": ""Point""
}","{
  ""coordinates"": [
    -83.075543903,
    42.432915615
  ],
  ""type"": ""Point""
}",-83.075543903,42.4329156150001
13609,9709137,JAMES COUZENS,7 MILE,2016-05-29,29,5,2016,23,1,5,9,,4,0,,1,1,4,15,6,2,1,5,0,0,0,0,true,,false,false,true,false,false,,,,,,false,true,false,,,false,false,false,false,false,-83.18663,42.43084,"{
  ""coordinates"": [
    -8.318662750999989e+01,
    4.243084475500010e+01
  ],
  ""type"": ""Point""
}","{
  ""coordinates"": [
    -83.18662751,
    42.430844755
  ],
  ""type"": ""Point""
}",-83.1866275099999,42.4308447550001
13610,9708326,LINVILLE,WHITTIER,2016-05-29,29,5,2016,18,1,1,9,,,0,,1,1,1,25,2,1,1,5,0,0,0,0,true,,false,false,false,false,false,,,,,,false,false,true,,,false,false,false,false,false,-82.94083,42.41019,"{
  ""coordinates"": [
    -8.294083004800000e+01,
    4.241018924500000e+01
  ],
  ""type"": ""Point""
}","{
  ""coordinates"": [
    -82.940830048,
    42.410189245
  ],
  ""type"": ""Point""
}",-82.940830048,42.410189245
13611,9712217,BURT,PLYMOUTH,2016-05-29,29,5,2016,21,1,9,9,,4,0,,1,1,1,35,3,2,2,5,0,0,0,0,true,,false,false,false,false,false,,,,,,false,false,false,,,false,false,false,false,false,-83.24622,42.3718,"{
  ""coordinates"": [
    -8.324621881699990e+01,
    4.237179816400000e+01
  ],
  ""type"": ""Point""
}","{
  ""coordinates"": [
    -83.246218817,
    42.371798164
  ],
  ""type"": ""Point""
}",-83.2462188169999,42.371798164
13612,9708345,GRATIOT,MAPLERIDGE,2016-05-29,29,5,2016,17,1,9,3,,1,0,,2,2,1,35,3,3,2,5,0,0,0,0,true,,false,false,true,false,false,,,,,,false,false,false,,,false,false,false,false,false,-82.9817,42.42899,"{
  ""coordinates"": [
    -8.298169776700000e+01,
    4.242899385600000e+01
  ],
  ""type"": ""Point""
}","{
  ""coordinates"": [
    -82.981697767,
    42.428993856
  ],
  ""type"": ""Point""
}",-82.981697767,42.428993856
13613,9709136,RYAN,7 MILE,2016-05-29,29,5,2016,17,1,97,9,,4,0,,1,1,1,30,3,2,3,5,0,0,0,0,true,,false,false,false,false,false,,,,,,false,false,false,,,false,false,false,false,false,-83.0631,42.43293,"{
  ""coordinates"": [
    -8.306309635299991e+01,
    4.243292512700000e+01
  ],
  ""type"": ""Point""
}","{
  ""coordinates"": [
    -83.063096353,
    42.432925127
  ],
  ""type"": ""Point""
}",-83.0630963529999,42.432925127
13614,9709127,SOUTHFIELD,TROJAN,2016-05-29,29,5,2016,18,1,8,9,,5,0,,1,1,1,30,2,2,2,5,0,0,0,0,true,,false,false,false,false,false,,,,,,false,false,false,,,false,false,false,false,false,-83.22005,42.44064,"{
  ""coordinates"": [
    -8.322004817500000e+01,
    4.244064256600010e+01
  ],
  ""type"": ""Point""
}","{
  ""coordinates"": [
    -83.220048175,
    42.440642566
  ],
  ""type"": ""Point""
}",-83.220048175,42.4406425660001
13615,9710036,CLARK,CHRISTIANCY,2016-05-29,29,5,2016,13,1,8,9,,4,0,,1,1,1,25,2,2,1,5,0,0,0,0,true,,false,false,false,false,false,,,,,,false,false,false,,,false,false,false,false,false,-83.09406,42.31781,"{
  ""coordinates"": [
    -8.309406370999990e+01,
    4.231780477000010e+01
  ],
  ""type"": ""Point""
}","{
  ""coordinates"": [
    -83.09406371,
    42.31780477
  ],
  ""type"": ""Point""
}",-83.0940637099999,42.3178047700001
13616,9710082,FLANDERS,CHALMERS,2016-05-29,29,5,2016,10,1,5,9,,,3,,1,1,4,25,2,2,0,5,0,0,0,0,true,,false,false,true,false,false,,,,,,false,false,false,,,false,false,false,false,false,-82.97427,42.41898,"{
  ""coordinates"": [
    -8.297427584400000e+01,
    4.241897650000000e+01
  ],
  ""type"": ""Point""
}","{
  ""coordinates"": [
    -82.974275844,
    42.4189765
  ],
  ""type"": ""Point""
}",-82.974275844,42.4189765
13617,9715481,139B,I-96,2016-05-29,29,5,2016,16,1,1,1,,1,1,,2,2,1,55,3,1,1,5,0,0,0,0,true,,false,false,false,false,false,,,,,,false,false,false,,,false,false,false,false,false,-83.14886,42.38383,"{
  ""coordinates"": [
    -8.314885623799999e+01,
    4.238383427300000e+01
  ],
  ""type"": ""Point""
}","{
  ""coordinates"": [
    -83.148856238,
    42.383834273
  ],
  ""type"": ""Point""
}",-83.148856238,42.383834273
13618,9732026,SCHAEFER,FULLERTON,2016-05-29,29,5,2016,1,1,5,9,,4,0,,1,1,5,30,2,2,1,4,0,0,0,1,false,,false,false,true,false,false,,,,,,false,false,false,,,false,false,true,false,false,-83.17825,42.38028,"{
  ""coordinates"": [
    -8.317825305199990e+01,
    4.238028326600000e+01
  ],
  ""type"": ""Point""
}","{
  ""coordinates"": [
    -83.178253052,
    42.380283266
  ],
  ""type"": ""Point""
}",-83.1782530519999,42.380283266
13619,9723105,CHENE,LAFAYETTE,2016-05-29,29,5,2016,21,1,97,9,,4,0,,1,1,4,30,4,2,5,5,0,0,0,0,true,,false,false,false,false,false,,,,,,false,false,true,,,false,false,false,false,false,-83.02464,42.34127,"{
  ""coordinates"": [
    -8.302463560699989e+01,
    4.234127541000000e+01
  ],
  ""type"": ""Point""
}","{
  ""coordinates"": [
    -83.024635607,
    42.34127541
  ],
  ""type"": ""Point""
}",-83.0246356069999,42.34127541