ObjectId,Crash ID,Primary Road,Intersecting Road,Crash Date,Day,Month,Year,Hour,Weekday,Crash Type Code,Highway Classification Code,Community Code,Jurisdiction Code,Lane Departure Type Code,Surface Type,Road Condition,Weather Condition,Lighting Condition,Speed Limit,Lanes,Units,Occupants,Most Severe Injury,Fatal Injuries,Suspected Serious Injuries,Suspected Minor Injuries,Possible Injuries,Property Damage Only,Secondary Crash,Traffic Control,Red Light Run,Hit and Run,Alcohol,Drugs,Unbelted Person,Work Zone,Speeding Driver,Distracted Driver,Driveway,Pedestrian,Elderly Driver,Young Driver,Commercial Vehicle,Emergency Vehicles,Train,School Bus,Motorcycle,Bicycle,Deer,Longitude,Latitude,geom,geog,x,y
13620,9708332,JEFFERSON,ALGONQUIN,2016-05-29,29,5,2016,16,1,97,9,,4,0,,1,1,1,35,7,2,0,5,0,0,0,0,true,,false,false,false,false,false,,,,,,true,false,false,,,false,false,false,false,false,-82.95667,42.37022,"{
  ""coordinates"": [
    -8.295667425900000e+01,
    4.237022117900010e+01
  ],
  ""type"": ""Point""
}","{
  ""coordinates"": [
    -82.956674259,
    42.370221179
  ],
  ""type"": ""Point""
}",-82.956674259,42.3702211790001
13621,9718694,I 96,JOY,2016-05-29,29,5,2016,23,1,8,1,,1,0,,1,1,1,55,4,2,4,5,0,0,0,0,true,,false,false,true,false,false,,,,,,false,false,false,,,false,false,false,false,false,-83.12679,42.36292,"{
  ""coordinates"": [
    -8.312678760199999e+01,
    4.236292373900010e+01
  ],
  ""type"": ""Point""
}","{
  ""coordinates"": [
    -83.126787602,
    42.362923739
  ],
  ""type"": ""Point""
}",-83.126787602,42.3629237390001
13622,9709073,LINDSAY,7 MILE,2016-05-29,29,5,2016,1,1,97,9,,,0,,1,1,1,25,2,2,1,4,0,0,0,1,false,,true,false,true,false,false,,,,,,true,false,false,,,false,false,false,false,false,-83.21389,42.43016,"{
  ""coordinates"": [
    -8.321388630199991e+01,
    4.243016303900000e+01
  ],
  ""type"": ""Point""
}","{
  ""coordinates"": [
    -83.213886302,
    42.430163039
  ],
  ""type"": ""Point""
}",-83.2138863019999,42.430163039
13623,9711251,GREENFIELD,JAMES COUZENS,2016-05-29,29,5,2016,20,1,4,7,,2,0,,1,1,1,35,4,2,3,5,0,0,0,0,true,,false,false,false,false,false,,,,,,false,false,true,,,false,false,false,false,false,-83.20036,42.44209,"{
  ""coordinates"": [
    -8.320036637100000e+01,
    4.244208913300000e+01
  ],
  ""type"": ""Point""
}","{
  ""coordinates"": [
    -83.200366371,
    42.442089133
  ],
  ""type"": ""Point""
}",-83.200366371,42.442089133
13624,9708347,HARPER,MORANG,2016-05-29,29,5,2016,13,1,5,9,,4,0,,1,1,1,0,4,2,1,4,0,0,0,1,false,,false,false,false,false,false,,,,,,false,false,false,,,false,false,false,false,false,-82.93266,42.41898,"{
  ""coordinates"": [
    -8.293266414599999e+01,
    4.241897674400010e+01
  ],
  ""type"": ""Point""
}","{
  ""coordinates"": [
    -82.932664146,
    42.418976744
  ],
  ""type"": ""Point""
}",-82.932664146,42.4189767440001
13625,9722099,BARLOW,MINDEN,2016-05-29,29,5,2016,23,1,98,9,,,0,,9,1,1,25,2,2,0,5,0,0,0,0,true,,false,false,true,false,false,,,,,,false,true,false,,,false,false,false,false,false,-82.99078,42.41982,"{
  ""coordinates"": [
    -8.299078680400000e+01,
    4.241982193400000e+01
  ],
  ""type"": ""Point""
}","{
  ""coordinates"": [
    -82.990786804,
    42.419821934
  ],
  ""type"": ""Point""
}",-82.990786804,42.419821934
13626,9708303,M-39,FITZPATRICK,2016-05-29,29,5,2016,16,1,8,3,,1,0,,2,4,1,55,3,2,2,5,0,0,0,0,true,,false,false,false,false,false,,,,,,false,false,false,,,false,false,false,false,false,-83.21634,42.36273,"{
  ""coordinates"": [
    -8.321634254000000e+01,
    4.236272871400010e+01
  ],
  ""type"": ""Point""
}","{
  ""coordinates"": [
    -83.21634254,
    42.362728714
  ],
  ""type"": ""Point""
}",-83.21634254,42.3627287140001
13627,9722044,I-96,M-39,2016-05-29,29,5,2016,10,1,5,1,,1,0,,1,1,1,70,3,2,3,5,0,0,0,0,true,,false,false,true,false,false,,,,,,false,false,false,,,false,false,false,false,false,-83.21497,42.37882,"{
  ""coordinates"": [
    -8.321496733399989e+01,
    4.237881898100010e+01
  ],
  ""type"": ""Point""
}","{
  ""coordinates"": [
    -83.214967334,
    42.378818981
  ],
  ""type"": ""Point""
}",-83.2149673339999,42.3788189810001
13628,9709098,GUILFORD,BREMEN,2016-05-29,29,5,2016,18,1,8,9,,,3,,1,1,1,25,2,2,1,5,0,0,0,0,true,,false,false,true,false,false,,,,,,false,false,false,,,false,false,false,false,false,-82.92288,42.40078,"{
  ""coordinates"": [
    -8.292288429599991e+01,
    4.240077692800000e+01
  ],
  ""type"": ""Point""
}","{
  ""coordinates"": [
    -82.922884296,
    42.400776928
  ],
  ""type"": ""Point""
}",-82.9228842959999,42.400776928
13629,9708330,LONYO,MICHIGAN,2016-05-29,29,5,2016,14,1,5,2,,4,0,,1,2,1,30,4,2,3,5,0,0,0,0,true,,false,false,false,false,false,,,,,,false,false,false,,,false,false,false,false,false,-83.14444,42.33045,"{
  ""coordinates"": [
    -8.314443991400000e+01,
    4.233044804000010e+01
  ],
  ""type"": ""Point""
}","{
  ""coordinates"": [
    -83.144439914,
    42.33044804
  ],
  ""type"": ""Point""
}",-83.144439914,42.3304480400001
13630,9715482,I-96,DAVISON,2016-05-29,29,5,2016,16,1,5,3,,1,0,,2,2,1,55,3,2,2,5,0,0,0,0,true,,false,false,false,false,false,,,,,,false,true,true,,,false,false,false,false,false,-83.14643,42.38617,"{
  ""coordinates"": [
    -8.314642894799989e+01,
    4.238616497200010e+01
  ],
  ""type"": ""Point""
}","{
  ""coordinates"": [
    -83.146428948,
    42.386164972
  ],
  ""type"": ""Point""
}",-83.1464289479999,42.3861649720001
13631,9712185,MACOMB,RANDOLPH,2016-05-29,29,5,2016,2,1,8,3,,4,0,,1,1,5,25,2,2,3,5,0,0,0,0,true,,false,false,true,false,false,,,,,,false,false,false,,,false,false,false,false,false,-83.04478,42.33484,"{
  ""coordinates"": [
    -8.304478770799990e+01,
    4.233484409000000e+01
  ],
  ""type"": ""Point""
}","{
  ""coordinates"": [
    -83.044787708,
    42.33484409
  ],
  ""type"": ""Point""
}",-83.0447877079999,42.33484409
13632,9721993,S/B M-10,HAMILTON,2016-05-29,29,5,2016,12,1,1,3,,1,1,,1,1,1,55,3,1,1,2,0,1,0,0,false,,false,false,false,true,false,,,,,,false,false,false,,,false,false,false,false,false,-83.08954,42.3784,"{
  ""coordinates"": [
    -8.308953739099999e+01,
    4.237839572200010e+01
  ],
  ""type"": ""Point""
}","{
  ""coordinates"": [
    -83.089537391,
    42.378395722
  ],
  ""type"": ""Point""
}",-83.089537391,42.3783957220001
13633,9713477,LARNED,WOODWARD,2016-05-29,29,5,2016,1,1,4,9,,4,0,,1,1,4,30,3,2,3,5,0,0,0,0,true,,true,true,true,false,false,,,,,,false,false,false,,,false,false,false,false,false,-83.04527,42.32938,"{
  ""coordinates"": [
    -8.304527573099990e+01,
    4.232937732200000e+01
  ],
  ""type"": ""Point""
}","{
  ""coordinates"": [
    -83.045275731,
    42.329377322
  ],
  ""type"": ""Point""
}",-83.0452757309999,42.329377322
13634,9710022,WASHBURN,EATON,2016-05-29,29,5,2016,14,1,8,9,,,0,,1,1,1,25,2,2,2,5,0,0,0,0,true,,false,false,false,false,false,,,,,,false,true,false,,,false,false,false,false,false,-83.16053,42.39808,"{
  ""coordinates"": [
    -8.316052909000000e+01,
    4.239807667400000e+01
  ],
  ""type"": ""Point""
}","{
  ""coordinates"": [
    -83.16052909,
    42.398076674
  ],
  ""type"": ""Point""
}",-83.16052909,42.398076674
13635,9708350,MCNICHOLS,HAMBURG,2016-05-29,29,5,2016,13,1,3,9,,4,0,,1,1,1,35,4,3,4,4,0,0,0,1,false,,false,false,false,false,false,,,,,,false,true,true,,,false,false,false,false,false,-82.99702,42.42245,"{
  ""coordinates"": [
    -8.299702743300000e+01,
    4.242244802200000e+01
  ],
  ""type"": ""Point""
}","{
  ""coordinates"": [
    -82.997027433,
    42.422448022
  ],
  ""type"": ""Point""
}",-82.997027433,42.422448022
13636,9715509,RANDOLPH,LAFAYETTE,2016-05-29,29,5,2016,23,1,4,3,,1,0,,1,1,4,25,4,2,3,5,0,0,0,0,true,,false,false,false,false,false,,,,,,false,false,true,,,false,false,false,false,false,-83.04401,42.33293,"{
  ""coordinates"": [
    -8.304401460100000e+01,
    4.233293296700000e+01
  ],
  ""type"": ""Point""
}","{
  ""coordinates"": [
    -83.044014601,
    42.332932967
  ],
  ""type"": ""Point""
}",-83.044014601,42.332932967
13637,9708936,I-94,CONNER,2016-05-29,29,5,2016,17,1,5,1,,1,0,,2,4,1,70,3,2,1,5,0,0,0,0,true,,false,false,true,false,false,,,,,,false,false,false,,,false,false,false,false,false,-82.9889,42.39559,"{
  ""coordinates"": [
    -8.298890182100000e+01,
    4.239559146300010e+01
  ],
  ""type"": ""Point""
}","{
  ""coordinates"": [
    -82.988901821,
    42.395591463
  ],
  ""type"": ""Point""
}",-82.988901821,42.3955914630001
13638,9710025,HUBBELL,EATON,2016-05-29,29,5,2016,1,1,4,9,,4,0,,1,1,4,30,2,2,3,2,0,1,1,1,false,,false,false,false,false,false,,,,,,false,false,false,,,false,false,false,false,false,-83.18871,42.39698,"{
  ""coordinates"": [
    -8.318870604800000e+01,
    4.239697887200000e+01
  ],
  ""type"": ""Point""
}","{
  ""coordinates"": [
    -83.188706048,
    42.396978872
  ],
  ""type"": ""Point""
}",-83.188706048,42.396978872
13639,9707641,PURITAN,WHITCOMB,2016-05-28,28,5,2016,15,7,5,9,,4,0,,1,2,1,30,2,2,8,5,0,0,0,0,true,,false,false,false,false,false,,,,,,false,false,true,,,false,false,false,false,false,-83.19665,42.40882,"{
  ""coordinates"": [
    -8.319665136400000e+01,
    4.240882147600010e+01
  ],
  ""type"": ""Point""
}","{
  ""coordinates"": [
    -83.196651364,
    42.408821476
  ],
  ""type"": ""Point""
}",-83.196651364,42.4088214760001
13640,9716878,I-75,CARPENTER,2016-05-28,28,5,2016,2,7,97,1,,1,0,,1,1,4,70,4,2,1,4,0,0,0,1,false,,false,false,false,false,false,,,,,,false,false,false,,,false,false,false,false,false,-83.07308,42.40371,"{
  ""coordinates"": [
    -8.307308288999999e+01,
    4.240371045800000e+01
  ],
  ""type"": ""Point""
}","{
  ""coordinates"": [
    -83.07308289,
    42.403710458
  ],
  ""type"": ""Point""
}",-83.07308289,42.403710458
13641,9708356,MCNICHOLS,ROSEMONT,2016-05-28,28,5,2016,18,7,6,9,,2,0,,1,1,1,35,2,2,4,4,0,0,0,1,false,,false,false,true,false,false,,,,,,false,false,true,,,false,false,false,false,false,-83.22143,42.4155,"{
  ""coordinates"": [
    -8.322143006100001e+01,
    4.241549922800000e+01
  ],
  ""type"": ""Point""
}","{
  ""coordinates"": [
    -83.221430061,
    42.415499228
  ],
  ""type"": ""Point""
}",-83.221430061,42.415499228
13642,9713260,HARPER,MOUNT ELLIOTT,2016-05-28,28,5,2016,21,7,1,1,,4,1,,1,1,1,70,4,1,1,5,0,0,0,0,true,,false,false,false,false,false,,,,,,false,false,true,,,false,false,false,false,false,-83.0343,42.37959,"{
  ""coordinates"": [
    -8.303429898699990e+01,
    4.237959038000000e+01
  ],
  ""type"": ""Point""
}","{
  ""coordinates"": [
    -83.034298987,
    42.37959038
  ],
  ""type"": ""Point""
}",-83.0342989869999,42.37959038
13643,9709081,GRATIOT,MACK,2016-05-28,28,5,2016,16,7,97,3,,1,0,,1,2,1,35,3,1,1,5,0,0,0,0,true,,false,false,false,false,false,,,,,,false,false,false,,,false,false,false,false,false,-83.02792,42.35878,"{
  ""coordinates"": [
    -8.302791594000000e+01,
    4.235878523500000e+01
  ],
  ""type"": ""Point""
}","{
  ""coordinates"": [
    -83.02791594,
    42.358785235
  ],
  ""type"": ""Point""
}",-83.02791594,42.358785235
13644,9709079,MICHIGAN,CASS,2016-05-28,28,5,2016,20,7,1,2,,4,0,,1,2,4,40,6,2,5,4,0,0,0,1,false,,false,false,false,false,false,,,,,,false,false,false,,,false,false,false,true,false,-83.05257,42.33167,"{
  ""coordinates"": [
    -8.305257747199990e+01,
    4.233167166500000e+01
  ],
  ""type"": ""Point""
}","{
  ""coordinates"": [
    -83.052577472,
    42.331671665
  ],
  ""type"": ""Point""
}",-83.0525774719999,42.331671665
13645,9709104,8 MILE,OAKFIELD,2016-05-28,28,5,2016,9,7,97,3,,1,0,,1,1,4,0,4,2,2,5,0,0,0,0,true,,false,false,false,false,false,,,,,,false,false,false,,,false,false,false,false,false,-83.21611,42.44426,"{
  ""coordinates"": [
    -8.321611253000000e+01,
    4.244425880400010e+01
  ],
  ""type"": ""Point""
}","{
  ""coordinates"": [
    -83.21611253,
    42.444258804
  ],
  ""type"": ""Point""
}",-83.21611253,42.4442588040001
13646,9708285,RAMP 218B,E I 94,2016-05-28,28,5,2016,18,7,1,1,,1,1,,1,1,1,0,1,1,1,5,0,0,0,0,true,,false,false,false,false,false,,,,,,false,false,true,,,false,false,false,false,false,-83.01714,42.38717,"{
  ""coordinates"": [
    -8.301714262800000e+01,
    4.238716791100010e+01
  ],
  ""type"": ""Point""
}","{
  ""coordinates"": [
    -83.017142628,
    42.387167911
  ],
  ""type"": ""Point""
}",-83.017142628,42.3871679110001
13647,9715559,SCHOOLCRAFT,FORRER,2016-05-28,28,5,2016,23,7,4,9,,2,0,,1,1,3,30,2,2,6,4,0,0,0,2,false,,false,false,true,false,false,,,,,,false,false,false,,,false,false,false,false,false,-83.2017,42.38698,"{
  ""coordinates"": [
    -8.320170192300000e+01,
    4.238697718800010e+01
  ],
  ""type"": ""Point""
}","{
  ""coordinates"": [
    -83.201701923,
    42.386977188
  ],
  ""type"": ""Point""
}",-83.201701923,42.3869771880001
13648,9711234,JOY,QUINCY,2016-05-28,28,5,2016,2,7,5,9,,4,0,,1,1,4,30,4,2,2,4,0,0,0,1,false,,false,false,true,false,false,,,,,,false,false,false,,,false,false,false,false,false,-83.12151,42.36868,"{
  ""coordinates"": [
    -8.312151198100000e+01,
    4.236868294000000e+01
  ],
  ""type"": ""Point""
}","{
  ""coordinates"": [
    -83.121511981,
    42.36868294
  ],
  ""type"": ""Point""
}",-83.121511981,42.36868294
13649,9708256,I-94,M-10,2016-05-28,28,5,2016,16,7,5,1,,1,0,,1,1,1,55,3,2,1,5,0,0,0,0,true,,false,false,true,false,false,,,,,,false,false,true,,,false,false,false,false,false,-83.076,42.35967,"{
  ""coordinates"": [
    -8.307599573600000e+01,
    4.235966758600010e+01
  ],
  ""type"": ""Point""
}","{
  ""coordinates"": [
    -83.075995736,
    42.359667586
  ],
  ""type"": ""Point""
}",-83.075995736,42.3596675860001
13650,9717855,CONNER,RAMP 220H,2016-05-28,28,5,2016,22,7,4,1,,4,0,,1,1,4,35,2,2,3,5,0,0,0,0,true,,true,true,false,false,false,,,,,,false,false,false,,,false,false,false,false,false,-82.98949,42.39587,"{
  ""coordinates"": [
    -8.298948815800000e+01,
    4.239587179900010e+01
  ],
  ""type"": ""Point""
}","{
  ""coordinates"": [
    -82.989488158,
    42.395871799
  ],
  ""type"": ""Point""
}",-82.989488158,42.3958717990001
13651,9710081,ROSSITER,MORANG,2016-05-28,28,5,2016,14,7,98,9,,,0,,1,1,1,25,1,4,0,5,0,0,0,0,true,,false,false,true,false,false,,,,,,false,false,false,,,false,false,false,false,false,-82.94908,42.42543,"{
  ""coordinates"": [
    -8.294908435900000e+01,
    4.242543563600000e+01
  ],
  ""type"": ""Point""
}","{
  ""coordinates"": [
    -82.949084359,
    42.425435636
  ],
  ""type"": ""Point""
}",-82.949084359,42.425435636
13652,9722098,GRATIOT,ROSEMARY,2016-05-28,28,5,2016,23,7,98,3,,1,0,,1,1,4,35,4,2,0,5,0,0,0,0,true,,false,false,true,false,false,,,,,,false,false,false,,,false,false,false,false,false,-82.99555,42.40786,"{
  ""coordinates"": [
    -8.299555365299990e+01,
    4.240786127800000e+01
  ],
  ""type"": ""Point""
}","{
  ""coordinates"": [
    -82.995553653,
    42.407861278
  ],
  ""type"": ""Point""
}",-82.9955536529999,42.407861278
13653,9709084,WILLIS,CASS,2016-05-28,28,5,2016,17,7,8,9,,,0,,1,1,1,25,2,2,0,5,0,0,0,0,true,,false,false,true,false,false,,,,,,false,false,false,,,false,false,false,false,false,-83.06319,42.35063,"{
  ""coordinates"": [
    -8.306318816299989e+01,
    4.235062613100010e+01
  ],
  ""type"": ""Point""
}","{
  ""coordinates"": [
    -83.063188163,
    42.350626131
  ],
  ""type"": ""Point""
}",-83.0631881629999,42.3506261310001
13654,9708342,RIOPELLE,BREWSTER,2016-05-28,28,5,2016,0,7,98,9,,,0,,1,1,1,25,3,2,0,5,0,0,0,0,true,,false,false,true,false,false,,,,,,false,false,false,,,false,false,false,false,false,-83.04051,42.34935,"{
  ""coordinates"": [
    -8.304051147800000e+01,
    4.234934654800000e+01
  ],
  ""type"": ""Point""
}","{
  ""coordinates"": [
    -83.040511478,
    42.349346548
  ],
  ""type"": ""Point""
}",-83.040511478,42.349346548
13655,9708353,CONNER,TERRELL,2016-05-28,28,5,2016,18,7,4,9,,4,0,,1,1,1,25,1,2,2,5,0,0,0,0,true,,false,false,false,false,false,,,,,,false,false,false,,,false,false,false,false,false,-83.02234,42.44724,"{
  ""coordinates"": [
    -8.302234256500000e+01,
    4.244723604100010e+01
  ],
  ""type"": ""Point""
}","{
  ""coordinates"": [
    -83.022342565,
    42.447236041
  ],
  ""type"": ""Point""
}",-83.022342565,42.4472360410001
13656,9715591,HAYES,BRINGARD,2016-05-28,28,5,2016,0,7,10,9,,4,0,,1,1,4,30,2,2,2,4,0,0,0,2,false,,true,false,true,false,false,,,,,,false,false,true,,,false,false,false,false,false,-82.96592,42.44629,"{
  ""coordinates"": [
    -8.296592299799990e+01,
    4.244629397400010e+01
  ],
  ""type"": ""Point""
}","{
  ""coordinates"": [
    -82.965922998,
    42.446293974
  ],
  ""type"": ""Point""
}",-82.9659229979999,42.4462939740001
13657,9713494,WADSWORTH,MINOCK,2016-05-28,28,5,2016,0,7,5,9,,,0,,1,1,4,0,1,2,1,5,0,0,0,0,true,,false,false,true,false,false,,,,,,false,false,false,,,false,false,false,false,false,-83.23266,42.37412,"{
  ""coordinates"": [
    -8.323265606900000e+01,
    4.237412405000000e+01
  ],
  ""type"": ""Point""
}","{
  ""coordinates"": [
    -83.232656069,
    42.37412405
  ],
  ""type"": ""Point""
}",-83.232656069,42.37412405
13658,9707646,LAFAYETTE,2ND,2016-05-28,28,5,2016,1,7,8,9,,4,0,,1,1,4,30,2,2,2,5,0,0,0,0,true,,false,false,false,false,false,,,,,,false,false,false,,,false,false,false,false,false,-83.05389,42.32909,"{
  ""coordinates"": [
    -8.305389708199991e+01,
    4.232908515900000e+01
  ],
  ""type"": ""Point""
}","{
  ""coordinates"": [
    -83.053897082,
    42.329085159
  ],
  ""type"": ""Point""
}",-83.0538970819999,42.329085159
13659,9707642,DAVISON,LINWOOD,2016-05-28,28,5,2016,7,7,5,3,,1,0,,1,1,1,30,4,2,2,4,0,0,0,1,false,,false,false,true,false,false,,,,,,false,false,false,,,false,false,false,false,false,-83.12202,42.39302,"{
  ""coordinates"": [
    -8.312202187100000e+01,
    4.239301701600000e+01
  ],
  ""type"": ""Point""
}","{
  ""coordinates"": [
    -83.122021871,
    42.393017016
  ],
  ""type"": ""Point""
}",-83.122021871,42.393017016
13660,9708355,STANSBURY,NORFOLK,2016-05-28,28,5,2016,15,7,4,9,,,0,,1,2,1,25,2,2,3,4,0,0,0,3,false,,false,false,false,false,false,,,,,,false,true,true,,,false,false,false,false,false,-83.18456,42.44299,"{
  ""coordinates"": [
    -8.318455650399990e+01,
    4.244298389600000e+01
  ],
  ""type"": ""Point""
}","{
  ""coordinates"": [
    -83.184556504,
    42.442983896
  ],
  ""type"": ""Point""
}",-83.1845565039999,42.442983896
13661,9709120,VERN,MANSFIELD,2016-05-28,28,5,2016,14,7,4,9,,,0,,1,1,1,35,4,2,2,4,0,0,0,1,false,,true,false,true,false,false,,,,,,false,false,true,,,false,false,false,false,false,-83.20582,42.41219,"{
  ""coordinates"": [
    -8.320581915600000e+01,
    4.241218436000000e+01
  ],
  ""type"": ""Point""
}","{
  ""coordinates"": [
    -83.205819156,
    42.41218436
  ],
  ""type"": ""Point""
}",-83.205819156,42.41218436
13662,9709126,GRAND RIVER,WINSTON,2016-05-28,28,5,2016,20,7,5,3,,1,0,,1,1,4,40,4,2,2,4,0,0,0,1,false,,false,false,false,false,false,,,,,,false,true,false,,,false,false,false,false,false,-83.28352,42.42669,"{
  ""coordinates"": [
    -8.328352273199989e+01,
    4.242669022100010e+01
  ],
  ""type"": ""Point""
}","{
  ""coordinates"": [
    -83.283522732,
    42.426690221
  ],
  ""type"": ""Point""
}",-83.2835227319999,42.4266902210001
13663,9713493,ST JEAN,HERN,2016-05-28,28,5,2016,5,7,5,9,,4,0,,1,1,2,25,2,2,1,5,0,0,0,0,true,,false,false,true,false,false,,,,,,false,false,true,,,false,false,false,false,false,-82.98882,42.3949,"{
  ""coordinates"": [
    -8.298882590800000e+01,
    4.239489915800000e+01
  ],
  ""type"": ""Point""
}","{
  ""coordinates"": [
    -82.988825908,
    42.394899158
  ],
  ""type"": ""Point""
}",-82.988825908,42.394899158
13664,9708263,SOUTHFIELD SERVICE DRIVE,PLYMOUTH,2016-05-28,28,5,2016,15,7,5,9,,4,0,,2,4,1,55,3,2,2,5,0,0,0,0,true,,false,false,false,false,false,,,,,,false,false,true,,,false,false,false,false,false,-83.2171,42.37255,"{
  ""coordinates"": [
    -8.321710340899990e+01,
    4.237255336200010e+01
  ],
  ""type"": ""Point""
}","{
  ""coordinates"": [
    -83.217103409,
    42.372553362
  ],
  ""type"": ""Point""
}",-83.2171034089999,42.3725533620001
13665,9711241,LINWOOD,GRAND,2016-05-28,28,5,2016,12,7,4,9,,4,0,,1,1,1,30,2,2,3,4,0,0,0,1,false,,false,false,false,false,false,,,,,,false,false,false,,,false,false,false,false,false,-83.1231,42.39462,"{
  ""coordinates"": [
    -8.312309786500001e+01,
    4.239461916800010e+01
  ],
  ""type"": ""Point""
}","{
  ""coordinates"": [
    -83.123097865,
    42.394619168
  ],
  ""type"": ""Point""
}",-83.123097865,42.3946191680001
13666,9716936,JAMES COUZENS,7 MILE,2016-05-28,28,5,2016,12,7,8,3,,4,0,,1,1,1,0,2,2,1,5,0,0,0,0,true,,false,false,true,false,false,,,,,,false,false,false,,,false,false,false,false,false,-83.18748,42.43091,"{
  ""coordinates"": [
    -8.318748468200000e+01,
    4.243091040400000e+01
  ],
  ""type"": ""Point""
}","{
  ""coordinates"": [
    -83.187484682,
    42.430910404
  ],
  ""type"": ""Point""
}",-83.187484682,42.430910404
13667,9707704,CHARLES,BLOOM,2016-05-28,28,5,2016,3,7,1,9,,4,0,,1,1,4,35,2,1,3,5,0,0,0,0,true,,false,false,false,false,false,,,,,,false,false,true,,,false,false,false,false,false,-83.04848,42.41175,"{
  ""coordinates"": [
    -8.304848506000000e+01,
    4.241174979300010e+01
  ],
  ""type"": ""Point""
}","{
  ""coordinates"": [
    -83.04848506,
    42.411749793
  ],
  ""type"": ""Point""
}",-83.04848506,42.4117497930001
13668,9708344,KERCHEVAL,SHERIDAN,2016-05-28,28,5,2016,18,7,1,9,,4,0,,1,1,1,30,3,2,1,4,0,0,0,1,false,,false,false,false,false,false,,,,,,true,false,true,,,false,false,false,false,false,-83.00478,42.35657,"{
  ""coordinates"": [
    -8.300478549499999e+01,
    4.235657132700000e+01
  ],
  ""type"": ""Point""
}","{
  ""coordinates"": [
    -83.004785495,
    42.356571327
  ],
  ""type"": ""Point""
}",-83.004785495,42.356571327
13669,9708349,HARPER,DICKERSON,2016-05-28,28,5,2016,3,7,9,9,,4,0,,1,1,4,35,4,2,3,5,0,0,0,0,true,,false,false,false,false,false,,,,,,false,false,false,,,false,false,false,false,false,-82.97353,42.40203,"{
  ""coordinates"": [
    -8.297352490799990e+01,
    4.240203593700010e+01
  ],
  ""type"": ""Point""
}","{
  ""coordinates"": [
    -82.973524908,
    42.402035937
  ],
  ""type"": ""Point""
}",-82.9735249079999,42.4020359370001
13670,9708293,M-39,JOY,2016-05-28,28,5,2016,16,7,5,3,,1,0,,2,4,1,55,3,2,3,4,0,0,0,1,false,,false,false,false,false,false,,,,,,false,false,true,,,false,false,false,false,false,-83.21658,42.35929,"{
  ""coordinates"": [
    -8.321658370599989e+01,
    4.235929442200010e+01
  ],
  ""type"": ""Point""
}","{
  ""coordinates"": [
    -83.216583706,
    42.359294422
  ],
  ""type"": ""Point""
}",-83.2165837059999,42.3592944220001
13671,9707651,VERNOR,CENTRAL,2016-05-28,28,5,2016,19,7,9,9,,4,0,,1,1,1,35,1,2,1,5,0,0,0,0,true,,false,false,true,false,false,,,,,,false,false,false,,,false,false,false,false,false,-83.12422,42.31267,"{
  ""coordinates"": [
    -8.312421915000000e+01,
    4.231266925200000e+01
  ],
  ""type"": ""Point""
}","{
  ""coordinates"": [
    -83.12421915,
    42.312669252
  ],
  ""type"": ""Point""
}",-83.12421915,42.312669252
13672,9708351,RAMP 111A,S M 10 SERVICE DRIVE,2016-05-28,28,5,2016,5,7,1,3,,1,1,,1,1,4,30,1,1,1,5,0,0,0,0,true,,false,false,false,false,false,,,,,,false,false,false,,,false,false,false,false,false,-83.10393,42.38971,"{
  ""coordinates"": [
    -8.310392807200000e+01,
    4.238970767200000e+01
  ],
  ""type"": ""Point""
}","{
  ""coordinates"": [
    -83.103928072,
    42.389707672
  ],
  ""type"": ""Point""
}",-83.103928072,42.389707672
13673,9721061,GOLDNER,MICHIGAN,2016-05-28,28,5,2016,17,7,10,2,,,0,,1,1,1,25,2,2,1,5,0,0,0,0,true,,false,false,false,false,false,,,,,,false,false,true,,,false,false,false,false,false,-83.10725,42.33102,"{
  ""coordinates"": [
    -8.310725160699999e+01,
    4.233101962300000e+01
  ],
  ""type"": ""Point""
}","{
  ""coordinates"": [
    -83.107251607,
    42.331019623
  ],
  ""type"": ""Point""
}",-83.107251607,42.331019623
13674,9710013,8 MILE,GRATIOT,2016-05-28,28,5,2016,11,7,5,3,,1,0,,1,1,1,40,3,2,2,5,0,0,0,0,true,,false,false,true,false,false,,,,,,false,true,false,,,false,false,false,false,false,-82.96791,42.44983,"{
  ""coordinates"": [
    -8.296790954300000e+01,
    4.244983478700000e+01
  ],
  ""type"": ""Point""
}","{
  ""coordinates"": [
    -82.967909543,
    42.449834787
  ],
  ""type"": ""Point""
}",-82.967909543,42.449834787
13675,9715483,I-94,ADDISON,2016-05-28,28,5,2016,10,7,1,1,,1,1,,1,1,1,55,3,1,1,5,0,0,0,0,true,,false,false,false,false,false,,,,,,false,false,true,,,false,false,false,false,false,-83.15022,42.3302,"{
  ""coordinates"": [
    -8.315022656399999e+01,
    4.233020073500010e+01
  ],
  ""type"": ""Point""
}","{
  ""coordinates"": [
    -83.150226564,
    42.330200735
  ],
  ""type"": ""Point""
}",-83.150226564,42.3302007350001
13676,9710038,EDSEL FORD SD,TARNOW,2016-05-28,28,5,2016,6,7,1,9,,4,0,,1,1,1,35,2,1,1,3,0,0,1,0,false,,false,false,false,false,false,,,,,,false,false,false,,,false,false,false,false,false,-83.13567,42.33282,"{
  ""coordinates"": [
    -8.313566489100000e+01,
    4.233281794700010e+01
  ],
  ""type"": ""Point""
}","{
  ""coordinates"": [
    -83.135664891,
    42.332817947
  ],
  ""type"": ""Point""
}",-83.135664891,42.3328179470001