ObjectId,Crash ID,Primary Road,Intersecting Road,Crash Date,Day,Month,Year,Hour,Weekday,Crash Type Code,Highway Classification Code,Community Code,Jurisdiction Code,Lane Departure Type Code,Surface Type,Road Condition,Weather Condition,Lighting Condition,Speed Limit,Lanes,Units,Occupants,Most Severe Injury,Fatal Injuries,Suspected Serious Injuries,Suspected Minor Injuries,Possible Injuries,Property Damage Only,Secondary Crash,Traffic Control,Red Light Run,Hit and Run,Alcohol,Drugs,Unbelted Person,Work Zone,Speeding Driver,Distracted Driver,Driveway,Pedestrian,Elderly Driver,Young Driver,Commercial Vehicle,Emergency Vehicles,Train,School Bus,Motorcycle,Bicycle,Deer,Longitude,Latitude,geom,geog,x,y
13790,9749726,JOHN R,LANTZ,2016-05-26,26,5,2016,8,5,2,9,,4,2,,1,1,1,30,4,2,2,1,1,0,0,0,false,,false,false,false,false,false,,,,,,false,false,false,,,false,false,false,false,false,-83.10251,42.4369,"{
  ""coordinates"": [
    -8.310250679400001e+01,
    4.243690437100000e+01
  ],
  ""type"": ""Point""
}","{
  ""coordinates"": [
    -83.102506794,
    42.436904371
  ],
  ""type"": ""Point""
}",-83.102506794,42.436904371
13791,9707708,STRATHMOOR,PICKFORD,2016-05-26,26,5,2016,17,5,2,9,,,2,,1,2,1,25,3,2,1,5,0,0,0,0,true,,false,false,false,false,false,,,,,,false,false,false,,,false,false,false,false,false,-83.18865,42.42532,"{
  ""coordinates"": [
    -8.318865468599989e+01,
    4.242532056600000e+01
  ],
  ""type"": ""Point""
}","{
  ""coordinates"": [
    -83.188654686,
    42.425320566
  ],
  ""type"": ""Point""
}",-83.1886546859999,42.425320566
13792,9720061,WINTHROP,FENKELL,2016-05-26,26,5,2016,0,5,10,9,,,0,,1,1,4,25,2,2,1,5,0,0,0,0,true,,false,false,false,false,false,,,,,,false,false,false,,,false,false,false,false,false,-83.20016,42.40134,"{
  ""coordinates"": [
    -8.320015722100000e+01,
    4.240134281100010e+01
  ],
  ""type"": ""Point""
}","{
  ""coordinates"": [
    -83.200157221,
    42.401342811
  ],
  ""type"": ""Point""
}",-83.200157221,42.4013428110001
13793,9706504,7 MILE,ST MARYS,2016-05-26,26,5,2016,11,5,4,9,,2,0,,1,1,1,35,4,2,2,5,0,0,0,0,true,,true,false,false,false,false,,,,,,false,false,false,,,false,false,false,false,false,-83.20708,42.43031,"{
  ""coordinates"": [
    -8.320708283999990e+01,
    4.243031421600010e+01
  ],
  ""type"": ""Point""
}","{
  ""coordinates"": [
    -83.20708284,
    42.430314216
  ],
  ""type"": ""Point""
}",-83.2070828399999,42.4303142160001
13794,9706355,GRAND RIVER,OAKMAN,2016-05-26,26,5,2016,11,5,5,3,,1,0,,1,2,1,35,7,2,2,5,0,0,0,0,true,,false,false,false,false,false,,,,,,false,true,false,,,false,false,false,false,false,-83.15086,42.37352,"{
  ""coordinates"": [
    -8.315085301300000e+01,
    4.237352241600010e+01
  ],
  ""type"": ""Point""
}","{
  ""coordinates"": [
    -83.150853013,
    42.373522416
  ],
  ""type"": ""Point""
}",-83.150853013,42.3735224160001
13795,9715432,I-94,30TH,2016-05-26,26,5,2016,17,5,5,1,,1,0,,1,1,1,55,3,2,2,5,0,0,0,0,true,,false,false,false,false,false,,,,,,false,false,false,,,false,false,false,false,false,-83.11639,42.34194,"{
  ""coordinates"": [
    -8.311639578899999e+01,
    4.234193720700010e+01
  ],
  ""type"": ""Point""
}","{
  ""coordinates"": [
    -83.116395789,
    42.341937207
  ],
  ""type"": ""Point""
}",-83.116395789,42.3419372070001
13796,9712249,RANDOLPH,JEFFERSON,2016-05-26,26,5,2016,8,5,5,3,,1,0,,1,1,1,0,4,2,2,5,0,0,0,0,true,,false,false,false,false,false,,,,,,false,false,false,,,false,false,false,false,false,-83.04184,42.32965,"{
  ""coordinates"": [
    -8.304183715399989e+01,
    4.232965395700010e+01
  ],
  ""type"": ""Point""
}","{
  ""coordinates"": [
    -83.041837154,
    42.329653957
  ],
  ""type"": ""Point""
}",-83.0418371539999,42.3296539570001
13797,9715412,E I 94,SCOTTEN,2016-05-26,26,5,2016,16,5,5,1,,1,0,,1,1,1,55,3,2,3,4,0,0,0,1,false,,false,false,false,false,false,,,,,,false,false,true,,,false,false,false,false,false,-83.11227,42.34512,"{
  ""coordinates"": [
    -8.311227032200000e+01,
    4.234512033800010e+01
  ],
  ""type"": ""Point""
}","{
  ""coordinates"": [
    -83.112270322,
    42.345120338
  ],
  ""type"": ""Point""
}",-83.112270322,42.3451203380001
13798,9709092,GRAND RIVER,FISHER S/D,2016-05-26,26,5,2016,16,5,3,3,,1,0,,1,1,1,30,3,2,2,4,0,0,0,2,false,,false,false,false,false,false,,,,,,false,false,true,,,false,false,false,false,false,-83.05912,42.33649,"{
  ""coordinates"": [
    -8.305912128499990e+01,
    4.233648696200000e+01
  ],
  ""type"": ""Point""
}","{
  ""coordinates"": [
    -83.059121285,
    42.336486962
  ],
  ""type"": ""Point""
}",-83.0591212849999,42.336486962
13799,9706500,E I 94,MOROSS,2016-05-26,26,5,2016,8,5,5,1,,1,0,,1,1,1,25,3,2,2,5,0,0,0,0,true,,false,false,false,false,false,,,,,,false,false,false,,,false,false,false,false,false,-82.92852,42.42466,"{
  ""coordinates"": [
    -8.292851990600001e+01,
    4.242465895900010e+01
  ],
  ""type"": ""Point""
}","{
  ""coordinates"": [
    -82.928519906,
    42.424658959
  ],
  ""type"": ""Point""
}",-82.928519906,42.4246589590001
13800,9715517,EVERGREEN,CAPITOL,2016-05-26,26,5,2016,23,5,4,9,,4,0,,1,1,4,35,3,2,2,5,0,0,0,0,true,,false,false,false,false,false,,,,,,false,false,true,,,false,false,false,false,false,-83.2364,42.37632,"{
  ""coordinates"": [
    -8.323639400300000e+01,
    4.237632500300000e+01
  ],
  ""type"": ""Point""
}","{
  ""coordinates"": [
    -83.236394003,
    42.376325003
  ],
  ""type"": ""Point""
}",-83.236394003,42.376325003
13801,9708300,I-75,WARREN,2016-05-26,26,5,2016,16,5,5,1,,1,0,,1,1,1,70,4,3,3,4,0,0,0,1,false,,false,false,false,false,false,,,,,,false,false,false,,,false,false,false,false,false,-83.05341,42.3596,"{
  ""coordinates"": [
    -8.305340215599990e+01,
    4.235959870000000e+01
  ],
  ""type"": ""Point""
}","{
  ""coordinates"": [
    -83.053402156,
    42.3595987
  ],
  ""type"": ""Point""
}",-83.0534021559999,42.3595987
13802,9715477,I-94,LIVERNOIS,2016-05-26,26,5,2016,10,5,5,1,,1,0,,1,1,1,55,3,2,2,4,0,0,0,1,false,,false,false,false,false,false,,,,,,false,false,false,,,false,false,false,false,false,-83.12688,42.33667,"{
  ""coordinates"": [
    -8.312687829299990e+01,
    4.233666428600000e+01
  ],
  ""type"": ""Point""
}","{
  ""coordinates"": [
    -83.126878293,
    42.336664286
  ],
  ""type"": ""Point""
}",-83.1268782929999,42.336664286
13803,9715921,N M 10 SERVICE DRIVE,FOREST,2016-05-26,26,5,2016,13,5,97,3,,4,0,,1,1,1,30,3,2,4,5,0,0,0,0,true,,false,false,false,false,false,,,,,,false,false,false,,,false,false,false,false,false,-83.07172,42.35174,"{
  ""coordinates"": [
    -8.307172375800000e+01,
    4.235174350700000e+01
  ],
  ""type"": ""Point""
}","{
  ""coordinates"": [
    -83.071723758,
    42.351743507
  ],
  ""type"": ""Point""
}",-83.071723758,42.351743507
13804,9707719,MEYER,CURTIS,2016-05-26,26,5,2016,21,5,5,9,,4,0,,1,1,4,25,2,2,5,4,0,0,0,2,false,,false,false,false,false,false,,,,,,false,true,true,,,false,false,false,false,false,-83.17041,42.42344,"{
  ""coordinates"": [
    -8.317040701300000e+01,
    4.242344250900000e+01
  ],
  ""type"": ""Point""
}","{
  ""coordinates"": [
    -83.170407013,
    42.423442509
  ],
  ""type"": ""Point""
}",-83.170407013,42.423442509
13805,9708273,I-75,FERDINAN,2016-05-26,26,5,2016,15,5,1,9,,4,1,,1,1,1,55,4,1,1,5,0,0,0,0,true,,false,false,false,false,false,,,,,,false,false,true,,,false,false,false,false,false,-83.09326,42.31317,"{
  ""coordinates"": [
    -8.309325955600001e+01,
    4.231317097700000e+01
  ],
  ""type"": ""Point""
}","{
  ""coordinates"": [
    -83.093259556,
    42.313170977
  ],
  ""type"": ""Point""
}",-83.093259556,42.313170977
13806,9708338,N M 39 SERVICE DRIVE,JOY,2016-05-26,26,5,2016,11,5,97,9,,4,0,,1,1,1,55,3,2,1,5,0,0,0,0,true,,false,false,true,false,false,,,,,,false,true,false,,,false,false,false,false,false,-83.21606,42.35783,"{
  ""coordinates"": [
    -8.321606364400000e+01,
    4.235782536700000e+01
  ],
  ""type"": ""Point""
}","{
  ""coordinates"": [
    -83.216063644,
    42.357825367
  ],
  ""type"": ""Point""
}",-83.216063644,42.357825367
13807,9708318,I-94,I-75,2016-05-26,26,5,2016,13,5,1,1,,1,1,,1,2,1,55,3,1,1,3,0,0,1,0,false,,false,false,false,false,false,,,,,,false,false,false,,,false,false,true,false,false,-83.05735,42.36888,"{
  ""coordinates"": [
    -8.305735186600000e+01,
    4.236888089500010e+01
  ],
  ""type"": ""Point""
}","{
  ""coordinates"": [
    -83.057351866,
    42.368880895
  ],
  ""type"": ""Point""
}",-83.057351866,42.3688808950001
13808,9710041,LAFAYETTE,LEWERENZ,2016-05-26,26,5,2016,6,5,1,9,,4,0,,2,2,1,25,2,1,1,3,0,0,1,0,false,,false,false,false,false,false,,,,,,false,false,false,,,false,false,false,false,false,-83.11103,42.30619,"{
  ""coordinates"": [
    -8.311103409299990e+01,
    4.230618793400000e+01
  ],
  ""type"": ""Point""
}","{
  ""coordinates"": [
    -83.111034093,
    42.306187934
  ],
  ""type"": ""Point""
}",-83.1110340929999,42.306187934
13809,9715431,I-94,BURNS,2016-05-26,26,5,2016,16,5,5,1,,1,0,,1,1,1,55,3,2,2,5,0,0,0,0,true,,false,false,false,false,false,,,,,,false,false,false,,,false,false,false,false,false,-83.01248,42.38931,"{
  ""coordinates"": [
    -8.301248407999999e+01,
    4.238931191300000e+01
  ],
  ""type"": ""Point""
}","{
  ""coordinates"": [
    -83.01248408,
    42.389311913
  ],
  ""type"": ""Point""
}",-83.01248408,42.389311913
13810,9723861,7 MILE,OAKFIELD,2016-05-26,26,5,2016,20,5,5,9,,2,0,,1,1,1,30,6,2,2,5,0,0,0,0,true,,false,false,false,false,false,,,,,,false,false,true,,,false,false,false,false,false,-83.21474,42.43014,"{
  ""coordinates"": [
    -8.321474188699990e+01,
    4.243013979900010e+01
  ],
  ""type"": ""Point""
}","{
  ""coordinates"": [
    -83.214741887,
    42.430139799
  ],
  ""type"": ""Point""
}",-83.2147418869999,42.4301397990001
13811,9708299,N I 75,CANADIAN NATIONAL RAILWAY,2016-05-26,26,5,2016,12,5,97,1,,1,0,,1,1,1,70,4,2,2,4,0,0,0,1,false,,false,false,false,false,false,,,,,,false,true,false,,,false,false,false,false,false,-83.14029,42.28645,"{
  ""coordinates"": [
    -8.314028643499999e+01,
    4.228644601600010e+01
  ],
  ""type"": ""Point""
}","{
  ""coordinates"": [
    -83.140286435,
    42.286446016
  ],
  ""type"": ""Point""
}",-83.140286435,42.2864460160001
13812,9716862,LAING,BRITAIN,2016-05-26,26,5,2016,20,5,1,9,,,0,,1,1,1,25,2,1,1,5,0,0,0,0,true,,false,false,false,false,false,,,,,,false,false,false,,,false,false,false,false,false,-82.95464,42.42541,"{
  ""coordinates"": [
    -8.295463373299999e+01,
    4.242541296100010e+01
  ],
  ""type"": ""Point""
}","{
  ""coordinates"": [
    -82.954633733,
    42.425412961
  ],
  ""type"": ""Point""
}",-82.954633733,42.4254129610001
13813,9709088,LAFAYETTE,SHELBY,2016-05-26,26,5,2016,11,5,8,9,,4,0,,1,1,1,30,5,2,3,5,0,0,0,0,true,,false,false,true,false,false,,,,,,false,false,false,,,false,false,false,false,false,-83.04947,42.33098,"{
  ""coordinates"": [
    -8.304947009499990e+01,
    4.233098301100010e+01
  ],
  ""type"": ""Point""
}","{
  ""coordinates"": [
    -83.049470095,
    42.330983011
  ],
  ""type"": ""Point""
}",-83.0494700949999,42.3309830110001
13814,9707666,EVERGREEN,PLYMOUTH,2016-05-26,26,5,2016,17,5,5,9,,4,0,,1,2,1,30,2,3,6,5,0,0,0,0,true,,false,false,false,false,false,,,,,,false,false,true,,,false,false,false,false,false,-83.23624,42.37169,"{
  ""coordinates"": [
    -8.323624262000000e+01,
    4.237168652200010e+01
  ],
  ""type"": ""Point""
}","{
  ""coordinates"": [
    -83.23624262,
    42.371686522
  ],
  ""type"": ""Point""
}",-83.23624262,42.3716865220001
13815,9709108,MCNICHOLS,WINTHROP,2016-05-26,26,5,2016,12,5,1,9,,2,0,,1,1,1,35,4,1,1,5,0,0,0,0,true,,false,false,false,false,false,,,,,,false,false,false,,,false,false,false,false,false,-83.20038,42.41595,"{
  ""coordinates"": [
    -8.320037577700000e+01,
    4.241595243700000e+01
  ],
  ""type"": ""Point""
}","{
  ""coordinates"": [
    -83.200375777,
    42.415952437
  ],
  ""type"": ""Point""
}",-83.200375777,42.415952437
13816,9707681,HARPER,VAN DYKE,2016-05-26,26,5,2016,17,5,8,3,,4,0,,1,1,1,25,1,2,1,5,0,0,0,0,true,,false,false,false,false,false,,,,,,false,false,true,,,false,false,false,false,false,-83.02107,42.38811,"{
  ""coordinates"": [
    -8.302107126500000e+01,
    4.238811661600000e+01
  ],
  ""type"": ""Point""
}","{
  ""coordinates"": [
    -83.021071265,
    42.388116616
  ],
  ""type"": ""Point""
}",-83.021071265,42.388116616
13817,9708357,7 MILE,OAKFIELD,2016-05-26,26,5,2016,19,5,5,9,,2,0,,1,1,1,35,6,2,3,5,0,0,0,0,true,,false,false,false,false,false,,,,,,false,false,true,,,false,false,false,false,false,-83.21529,42.43013,"{
  ""coordinates"": [
    -8.321528784400000e+01,
    4.243012491300000e+01
  ],
  ""type"": ""Point""
}","{
  ""coordinates"": [
    -83.215287844,
    42.430124913
  ],
  ""type"": ""Point""
}",-83.215287844,42.430124913
13818,9707711,WOODINGHAM,MCNICHOLS,2016-05-26,26,5,2016,16,5,5,9,,,0,,1,1,1,25,1,2,1,5,0,0,0,0,true,,false,false,true,false,false,,,,,,false,false,false,,,false,false,false,false,false,-83.14998,42.41751,"{
  ""coordinates"": [
    -8.314997948300000e+01,
    4.241751412500000e+01
  ],
  ""type"": ""Point""
}","{
  ""coordinates"": [
    -83.149979483,
    42.417514125
  ],
  ""type"": ""Point""
}",-83.149979483,42.417514125
13819,9708282,I-75,MACK,2016-05-26,26,5,2016,18,5,8,1,,1,0,,1,1,1,55,5,2,2,5,0,0,0,0,true,,false,false,false,false,false,,,,,,false,false,false,,,false,false,false,false,false,-83.04722,42.34981,"{
  ""coordinates"": [
    -8.304721787200000e+01,
    4.234981229600000e+01
  ],
  ""type"": ""Point""
}","{
  ""coordinates"": [
    -83.047217872,
    42.349812296
  ],
  ""type"": ""Point""
}",-83.047217872,42.349812296
13820,9712172,CASS,GRAND,2016-05-26,26,5,2016,7,5,8,9,,4,0,,2,2,1,30,4,2,1,5,0,0,0,0,true,,false,false,false,false,false,,,,,,false,false,false,,,false,false,false,false,false,-83.07459,42.36938,"{
  ""coordinates"": [
    -8.307459374699989e+01,
    4.236937683700010e+01
  ],
  ""type"": ""Point""
}","{
  ""coordinates"": [
    -83.074593747,
    42.369376837
  ],
  ""type"": ""Point""
}",-83.0745937469999,42.3693768370001
13821,9707686,HOOVER,LAPPIN,2016-05-26,26,5,2016,7,5,1,3,,1,0,,1,1,1,25,2,1,1,4,0,0,0,1,false,,false,false,false,false,true,,,,,,false,false,false,,,false,false,false,false,false,-83.00475,42.43633,"{
  ""coordinates"": [
    -8.300474913700000e+01,
    4.243633391300010e+01
  ],
  ""type"": ""Point""
}","{
  ""coordinates"": [
    -83.004749137,
    42.436333913
  ],
  ""type"": ""Point""
}",-83.004749137,42.4363339130001
13822,9706357,SCHOOLCRAFT,GRANDRIVER,2016-05-26,26,5,2016,12,5,4,3,,4,0,,1,2,1,35,7,2,2,5,0,0,0,0,true,,true,true,false,false,false,,,,,,false,false,true,,,false,false,false,false,false,-83.18537,42.38745,"{
  ""coordinates"": [
    -8.318537468900000e+01,
    4.238744816700010e+01
  ],
  ""type"": ""Point""
}","{
  ""coordinates"": [
    -83.185374689,
    42.387448167
  ],
  ""type"": ""Point""
}",-83.185374689,42.3874481670001
13823,9709093,HENDRIED,BEAUBIEN,2016-05-26,26,5,2016,19,5,1,9,,,0,,1,2,1,25,2,1,1,3,0,0,1,0,false,,false,false,false,false,false,,,,,,false,false,false,,,false,false,false,false,false,-83.0608,42.36618,"{
  ""coordinates"": [
    -8.306080239700000e+01,
    4.236618007700010e+01
  ],
  ""type"": ""Point""
}","{
  ""coordinates"": [
    -83.060802397,
    42.366180077
  ],
  ""type"": ""Point""
}",-83.060802397,42.3661800770001
13824,9708336,PLYMOUTH,EVERGREEN,2016-05-26,26,5,2016,11,5,5,9,,4,0,,1,1,1,35,4,2,5,5,0,0,0,0,true,,false,false,true,false,false,,,,,,false,false,false,,,false,false,false,false,false,-83.23633,42.37189,"{
  ""coordinates"": [
    -8.323632725399990e+01,
    4.237188811900010e+01
  ],
  ""type"": ""Point""
}","{
  ""coordinates"": [
    -83.236327254,
    42.371888119
  ],
  ""type"": ""Point""
}",-83.2363272539999,42.3718881190001
13825,9709112,7 MILE,WARWICK,2016-05-26,26,5,2016,15,5,5,9,,2,0,,1,1,1,35,4,2,2,5,0,0,0,0,true,,false,false,false,false,false,,,,,,false,false,true,,,false,false,false,false,false,-83.2297,42.42982,"{
  ""coordinates"": [
    -8.322970018099990e+01,
    4.242982285200000e+01
  ],
  ""type"": ""Point""
}","{
  ""coordinates"": [
    -83.229700181,
    42.429822852
  ],
  ""type"": ""Point""
}",-83.2297001809999,42.429822852
13826,9706356,JOY,HUBBELL,2016-05-26,26,5,2016,12,5,5,9,,4,0,,1,2,1,35,5,2,3,5,0,0,0,0,true,,false,false,false,false,false,,,,,,false,false,false,,,false,false,false,false,false,-83.18713,42.35835,"{
  ""coordinates"": [
    -8.318713421200000e+01,
    4.235834789100010e+01
  ],
  ""type"": ""Point""
}","{
  ""coordinates"": [
    -83.187134212,
    42.358347891
  ],
  ""type"": ""Point""
}",-83.187134212,42.3583478910001
13827,9707715,E M 1 SERVICE DRIVE,8 MILE,2016-05-26,26,5,2016,17,5,8,3,,1,0,,1,1,1,40,3,2,4,5,0,0,0,0,true,,false,false,false,false,false,,,,,,false,false,false,,,false,false,false,false,false,-83.12529,42.44652,"{
  ""coordinates"": [
    -8.312529101900000e+01,
    4.244652150200010e+01
  ],
  ""type"": ""Point""
}","{
  ""coordinates"": [
    -83.125291019,
    42.446521502
  ],
  ""type"": ""Point""
}",-83.125291019,42.4465215020001
13828,9707699,MT ELLIOTT,HUBER,2016-05-26,26,5,2016,16,5,3,9,,4,0,,1,1,1,30,4,2,4,3,0,0,1,2,false,,false,false,false,false,false,,,,,,false,false,true,,,false,false,false,false,false,-83.03757,42.39749,"{
  ""coordinates"": [
    -8.303757564400000e+01,
    4.239749268600010e+01
  ],
  ""type"": ""Point""
}","{
  ""coordinates"": [
    -83.037575644,
    42.397492686
  ],
  ""type"": ""Point""
}",-83.037575644,42.3974926860001
13829,9706358,SCHAEFER,PLYMOUTH,2016-05-26,26,5,2016,16,5,3,9,,4,0,,1,2,1,35,5,2,4,4,0,0,0,2,false,,false,false,false,false,false,,,,,,false,false,true,,,false,false,false,false,false,-83.17799,42.37307,"{
  ""coordinates"": [
    -8.317798562300000e+01,
    4.237306521900010e+01
  ],
  ""type"": ""Point""
}","{
  ""coordinates"": [
    -83.177985623,
    42.373065219
  ],
  ""type"": ""Point""
}",-83.177985623,42.3730652190001
13830,9709125,HEYDEN,PICKFORD,2016-05-25,25,5,2016,18,4,2,9,,,2,,1,1,1,25,2,2,1,5,0,0,0,0,true,,false,false,true,false,false,,,,,,false,false,false,,,false,false,false,false,false,-83.24055,42.42472,"{
  ""coordinates"": [
    -8.324054538900000e+01,
    4.242471510500010e+01
  ],
  ""type"": ""Point""
}","{
  ""coordinates"": [
    -83.240545389,
    42.424715105
  ],
  ""type"": ""Point""
}",-83.240545389,42.4247151050001
13831,9710099,THIRD,PLUM,2016-05-25,25,5,2016,16,4,5,9,,4,0,,1,1,1,25,2,2,3,4,0,0,0,1,false,,false,false,true,false,false,,,,,,false,false,false,,,false,false,false,false,false,-83.05929,42.33512,"{
  ""coordinates"": [
    -8.305928979500000e+01,
    4.233511554200000e+01
  ],
  ""type"": ""Point""
}","{
  ""coordinates"": [
    -83.059289795,
    42.335115542
  ],
  ""type"": ""Point""
}",-83.059289795,42.335115542
13832,9944516,SOUTHFIELD,JOY,2016-05-25,25,5,2016,18,4,5,3,,1,0,,1,1,1,55,3,3,5,5,0,0,0,0,true,,false,false,false,false,false,,,,,,false,true,false,,,false,false,false,false,false,-83.21626,42.35423,"{
  ""coordinates"": [
    -8.321625576199990e+01,
    4.235422409400010e+01
  ],
  ""type"": ""Point""
}","{
  ""coordinates"": [
    -83.216255762,
    42.354224094
  ],
  ""type"": ""Point""
}",-83.2162557619999,42.3542240940001
13833,9706464,SOMERSET,WAVENEY,2016-05-25,25,5,2016,19,4,4,9,,,0,,1,1,1,25,4,2,2,4,0,0,0,2,false,,false,false,false,false,false,,,,,,false,false,false,,,false,false,false,false,false,-82.94456,42.39455,"{
  ""coordinates"": [
    -8.294455488700000e+01,
    4.239455327400000e+01
  ],
  ""type"": ""Point""
}","{
  ""coordinates"": [
    -82.944554887,
    42.394553274
  ],
  ""type"": ""Point""
}",-82.944554887,42.394553274
13834,9705764,S M 10,LIVERNOIS,2016-05-25,25,5,2016,8,4,5,3,,1,0,,1,1,1,55,3,2,2,5,0,0,0,0,true,,false,false,false,false,false,,,,,,false,false,false,,,false,false,false,false,false,-83.14018,42.40481,"{
  ""coordinates"": [
    -8.314018196300000e+01,
    4.240480772200000e+01
  ],
  ""type"": ""Point""
}","{
  ""coordinates"": [
    -83.140181963,
    42.404807722
  ],
  ""type"": ""Point""
}",-83.140181963,42.404807722
13835,9705727,MORANG,DUTCHESS,2016-05-25,25,5,2016,19,4,8,9,,4,0,,1,1,1,25,2,2,2,5,0,0,0,0,true,,false,false,false,false,false,,,,,,false,false,false,,,false,false,false,false,false,-82.95363,42.42761,"{
  ""coordinates"": [
    -8.295362663400000e+01,
    4.242760788900010e+01
  ],
  ""type"": ""Point""
}","{
  ""coordinates"": [
    -82.953626634,
    42.427607889
  ],
  ""type"": ""Point""
}",-82.953626634,42.4276078890001
13836,9705762,OUTER,VAN DYKE,2016-05-25,25,5,2016,10,4,97,3,,2,0,,1,1,1,35,4,2,2,4,0,0,0,1,false,,true,true,false,false,false,,,,,,false,false,false,,,false,false,false,false,false,-83.02451,42.44113,"{
  ""coordinates"": [
    -8.302450313000000e+01,
    4.244113070200010e+01
  ],
  ""type"": ""Point""
}","{
  ""coordinates"": [
    -83.02450313,
    42.441130702
  ],
  ""type"": ""Point""
}",-83.02450313,42.4411307020001
13837,9708341,N I 75,RAMP 043A,2016-05-25,25,5,2016,19,4,8,1,,1,0,,1,1,1,55,3,3,6,4,0,0,0,2,false,,false,false,false,false,false,,,,,,false,true,true,,,false,false,false,false,false,-83.04654,42.34926,"{
  ""coordinates"": [
    -8.304653743700000e+01,
    4.234925985700000e+01
  ],
  ""type"": ""Point""
}","{
  ""coordinates"": [
    -83.046537437,
    42.349259857
  ],
  ""type"": ""Point""
}",-83.046537437,42.349259857
13838,9705731,7 MILE,BURT,2016-05-25,25,5,2016,18,4,97,9,,2,0,,1,1,1,35,5,2,1,5,0,0,0,0,true,,false,false,false,false,false,,,,,,false,false,true,,,false,false,false,false,false,-83.24761,42.42936,"{
  ""coordinates"": [
    -8.324761390899990e+01,
    4.242935715600000e+01
  ],
  ""type"": ""Point""
}","{
  ""coordinates"": [
    -83.247613909,
    42.429357156
  ],
  ""type"": ""Point""
}",-83.2476139089999,42.429357156
13839,9705733,WARWICK,CONSTANCE,2016-05-25,25,5,2016,14,4,2,9,,,0,,1,1,1,25,1,2,1,5,0,0,0,0,true,,false,false,false,false,false,,,,,,false,false,true,,,false,false,false,false,false,-83.22729,42.35399,"{
  ""coordinates"": [
    -8.322728955699991e+01,
    4.235398829900000e+01
  ],
  ""type"": ""Point""
}","{
  ""coordinates"": [
    -83.227289557,
    42.353988299
  ],
  ""type"": ""Point""
}",-83.2272895569999,42.353988299
13840,9724957,SOUTHFIELD SERVICE DRIVE,PLYMOUTH,2016-05-25,25,5,2016,14,4,1,9,,4,0,,1,1,1,30,3,1,1,5,0,0,0,0,true,,false,false,false,false,false,,,,,,false,false,false,,,false,false,false,false,false,-83.21626,42.37223,"{
  ""coordinates"": [
    -8.321625734900000e+01,
    4.237222948800010e+01
  ],
  ""type"": ""Point""
}","{
  ""coordinates"": [
    -83.216257349,
    42.372229488
  ],
  ""type"": ""Point""
}",-83.216257349,42.3722294880001
13841,9710063,BUCHANAN,33RD,2016-05-25,25,5,2016,7,4,4,9,,4,0,,1,1,1,25,4,2,2,5,0,0,0,0,true,,true,false,false,false,false,,,,,,false,false,false,,,false,false,false,false,false,-83.11369,42.33551,"{
  ""coordinates"": [
    -8.311369357599990e+01,
    4.233551347500000e+01
  ],
  ""type"": ""Point""
}","{
  ""coordinates"": [
    -83.113693576,
    42.335513475
  ],
  ""type"": ""Point""
}",-83.1136935759999,42.335513475
13842,9708298,E I 94,RAMP 213P,2016-05-25,25,5,2016,15,4,5,1,,1,0,,1,1,1,55,3,2,3,5,0,0,0,0,true,,false,false,false,false,false,,,,,,false,false,false,,,false,false,false,false,false,-83.09383,42.35176,"{
  ""coordinates"": [
    -8.309382962699991e+01,
    4.235175827200000e+01
  ],
  ""type"": ""Point""
}","{
  ""coordinates"": [
    -83.093829627,
    42.351758272
  ],
  ""type"": ""Point""
}",-83.0938296269999,42.351758272
13843,9718765,I-94,LINWOOD,2016-05-25,25,5,2016,13,4,5,1,,1,0,,1,1,1,55,3,2,4,4,0,0,0,4,false,,false,false,false,false,false,,,,,,false,false,false,,,false,false,false,false,false,-83.09321,42.35195,"{
  ""coordinates"": [
    -8.309320460600000e+01,
    4.235194804500000e+01
  ],
  ""type"": ""Point""
}","{
  ""coordinates"": [
    -83.093204606,
    42.351948045
  ],
  ""type"": ""Point""
}",-83.093204606,42.351948045
13844,9708255,I-94,TRUMBULL,2016-05-25,25,5,2016,16,4,5,1,,1,0,,1,1,1,55,3,2,2,5,0,0,0,0,true,,false,false,true,false,false,,,,,,false,false,true,,,false,false,false,false,false,-83.08161,42.35574,"{
  ""coordinates"": [
    -8.308161271099991e+01,
    4.235573663400000e+01
  ],
  ""type"": ""Point""
}","{
  ""coordinates"": [
    -83.081612711,
    42.355736634
  ],
  ""type"": ""Point""
}",-83.0816127109999,42.355736634
13845,9705724,JEFFERSON,BENITEAU,2016-05-25,25,5,2016,14,4,5,9,,4,0,,1,1,1,30,3,2,2,5,0,0,0,0,true,,false,false,false,false,false,,,,,,false,false,false,,,false,false,false,false,false,-82.97192,42.36636,"{
  ""coordinates"": [
    -8.297192711400000e+01,
    4.236635819300010e+01
  ],
  ""type"": ""Point""
}","{
  ""coordinates"": [
    -82.971927114,
    42.366358193
  ],
  ""type"": ""Point""
}",-82.971927114,42.3663581930001
13846,9705726,JEFFERSON,LAKEVIEW,2016-05-25,25,5,2016,10,4,8,9,,4,0,,1,1,1,35,7,2,3,5,0,0,0,0,true,,false,false,false,false,false,,,,,,false,true,true,,,false,false,false,false,false,-82.94825,42.37127,"{
  ""coordinates"": [
    -8.294824619300000e+01,
    4.237127308100000e+01
  ],
  ""type"": ""Point""
}","{
  ""coordinates"": [
    -82.948246193,
    42.371273081
  ],
  ""type"": ""Point""
}",-82.948246193,42.371273081