ObjectId,Crash ID,Primary Road,Intersecting Road,Crash Date,Day,Month,Year,Hour,Weekday,Crash Type Code,Highway Classification Code,Community Code,Jurisdiction Code,Lane Departure Type Code,Surface Type,Road Condition,Weather Condition,Lighting Condition,Speed Limit,Lanes,Units,Occupants,Most Severe Injury,Fatal Injuries,Suspected Serious Injuries,Suspected Minor Injuries,Possible Injuries,Property Damage Only,Secondary Crash,Traffic Control,Red Light Run,Hit and Run,Alcohol,Drugs,Unbelted Person,Work Zone,Speeding Driver,Distracted Driver,Driveway,Pedestrian,Elderly Driver,Young Driver,Commercial Vehicle,Emergency Vehicles,Train,School Bus,Motorcycle,Bicycle,Deer,Longitude,Latitude,geom,geog,x,y
13847,9708253,S M 39,RAMP 007C,2016-05-25,25,5,2016,9,4,5,3,,1,0,,1,1,1,55,3,2,2,5,0,0,0,0,true,,false,false,false,false,false,,,,,,false,false,false,,,false,false,false,false,false,-83.21656,42.36,"{
  ""coordinates"": [
    -8.321656102999999e+01,
    4.236000541000000e+01
  ],
  ""type"": ""Point""
}","{
  ""coordinates"": [
    -83.21656103,
    42.36000541
  ],
  ""type"": ""Point""
}",-83.21656103,42.36000541
13848,9705758,DAVISON,WILDEMERE,2016-05-25,25,5,2016,15,4,5,3,,1,0,,1,1,1,35,3,2,3,5,0,0,0,0,true,,false,false,false,false,false,,,,,,false,true,false,,,false,false,false,false,false,-83.12719,42.3911,"{
  ""coordinates"": [
    -8.312718630200000e+01,
    4.239109777500000e+01
  ],
  ""type"": ""Point""
}","{
  ""coordinates"": [
    -83.127186302,
    42.391097775
  ],
  ""type"": ""Point""
}",-83.127186302,42.391097775
13849,9705768,MCNICHOLS,LAUDER,2016-05-25,25,5,2016,12,4,1,9,,2,1,,1,1,1,35,4,1,1,4,0,0,0,1,false,,false,false,false,false,false,,,,,,false,false,true,,,false,false,false,false,false,-83.19112,42.41639,"{
  ""coordinates"": [
    -8.319111276800000e+01,
    4.241638423100010e+01
  ],
  ""type"": ""Point""
}","{
  ""coordinates"": [
    -83.191112768,
    42.416384231
  ],
  ""type"": ""Point""
}",-83.191112768,42.4163842310001
13850,9705830,SOUTHFIELD SERVICE DRIVE,OUTER,2016-05-25,25,5,2016,16,4,5,9,,4,0,,1,1,1,55,4,2,2,4,0,0,0,2,false,,false,false,false,false,false,,,,,,false,false,true,,,false,false,false,false,false,-83.21864,42.41906,"{
  ""coordinates"": [
    -8.321864462799989e+01,
    4.241906099900010e+01
  ],
  ""type"": ""Point""
}","{
  ""coordinates"": [
    -83.218644628,
    42.419060999
  ],
  ""type"": ""Point""
}",-83.2186446279999,42.4190609990001
13851,9705725,CONNER,SHOEMAKER,2016-05-25,25,5,2016,7,4,8,9,,4,0,,1,1,1,30,5,2,2,5,0,0,0,0,true,,false,false,false,false,false,,,,,,false,false,false,,,false,false,false,false,false,-82.98321,42.39294,"{
  ""coordinates"": [
    -8.298320721399990e+01,
    4.239293623700010e+01
  ],
  ""type"": ""Point""
}","{
  ""coordinates"": [
    -82.983207214,
    42.392936237
  ],
  ""type"": ""Point""
}",-82.9832072139999,42.3929362370001
13852,9707688,GRATIOT,STATE FAIR,2016-05-25,25,5,2016,13,4,5,3,,1,0,,1,1,1,35,7,2,2,5,0,0,0,0,true,,false,false,false,false,false,,,,,,false,false,false,,,false,false,false,false,false,-82.97285,42.44242,"{
  ""coordinates"": [
    -8.297284981400000e+01,
    4.244242100700010e+01
  ],
  ""type"": ""Point""
}","{
  ""coordinates"": [
    -82.972849814,
    42.442421007
  ],
  ""type"": ""Point""
}",-82.972849814,42.4424210070001
13853,9705735,SCHOOLCRAFT,ARTESIAN,2016-05-25,25,5,2016,17,4,5,9,,2,0,,1,1,1,30,2,2,2,5,0,0,0,0,true,,false,false,true,false,false,,,,,,false,true,false,,,false,false,false,false,false,-83.22746,42.38646,"{
  ""coordinates"": [
    -8.322745331899991e+01,
    4.238645970300010e+01
  ],
  ""type"": ""Point""
}","{
  ""coordinates"": [
    -83.227453319,
    42.386459703
  ],
  ""type"": ""Point""
}",-83.2274533189999,42.3864597030001
13854,9705763,CANIFF,MOUND,2016-05-25,25,5,2016,11,4,5,9,,4,0,,5,1,1,25,3,2,2,2,0,1,0,1,false,,false,false,false,false,false,,,,,,false,false,false,,,false,false,true,false,false,-83.04291,42.40615,"{
  ""coordinates"": [
    -8.304291016300000e+01,
    4.240614881600000e+01
  ],
  ""type"": ""Point""
}","{
  ""coordinates"": [
    -83.042910163,
    42.406148816
  ],
  ""type"": ""Point""
}",-83.042910163,42.406148816
13855,9709076,OAKLAND,OWEN,2016-05-25,25,5,2016,17,4,4,9,,4,0,,1,1,1,0,2,2,1,5,0,0,0,0,true,,false,false,true,false,false,,,,,,false,false,false,,,false,false,false,false,false,-83.07277,42.38612,"{
  ""coordinates"": [
    -8.307276648000000e+01,
    4.238611639700010e+01
  ],
  ""type"": ""Point""
}","{
  ""coordinates"": [
    -83.07276648,
    42.386116397
  ],
  ""type"": ""Point""
}",-83.07276648,42.3861163970001
13856,9706243,N I 75,RAMP 216B,2016-05-25,25,5,2016,16,4,5,1,,1,0,,1,1,1,55,4,2,2,4,0,0,0,1,false,,false,false,false,false,false,,,,,,false,false,false,,,false,false,false,false,false,-83.05855,42.36987,"{
  ""coordinates"": [
    -8.305854788499990e+01,
    4.236987483200010e+01
  ],
  ""type"": ""Point""
}","{
  ""coordinates"": [
    -83.058547885,
    42.369874832
  ],
  ""type"": ""Point""
}",-83.0585478849999,42.3698748320001
13857,9705698,LIVERNOIS,7 MILE,2016-05-25,25,5,2016,18,4,4,9,,4,0,,1,1,1,30,6,2,2,5,0,0,0,0,true,,false,false,false,false,false,,,,,,false,true,false,,,false,false,false,false,false,-83.14137,42.43159,"{
  ""coordinates"": [
    -8.314136593300000e+01,
    4.243159288600000e+01
  ],
  ""type"": ""Point""
}","{
  ""coordinates"": [
    -83.141365933,
    42.431592886
  ],
  ""type"": ""Point""
}",-83.141365933,42.431592886
13858,9706241,I-94,VAN DYKE,2016-05-25,25,5,2016,6,4,8,1,,1,0,,1,1,1,55,3,2,1,5,0,0,0,0,true,,false,false,true,false,false,,,,,,false,false,false,,,false,false,false,false,false,-83.01992,42.38636,"{
  ""coordinates"": [
    -8.301991869999991e+01,
    4.238636203000000e+01
  ],
  ""type"": ""Point""
}","{
  ""coordinates"": [
    -83.0199187,
    42.38636203
  ],
  ""type"": ""Point""
}",-83.0199186999999,42.38636203
13859,9705723,CONNER,WARREN,2016-05-25,25,5,2016,12,4,5,9,,4,0,,1,1,1,30,5,2,2,5,0,0,0,0,true,,false,false,false,false,false,,,,,,false,false,false,,,false,false,false,false,false,-82.97593,42.38926,"{
  ""coordinates"": [
    -8.297593247600000e+01,
    4.238925459100010e+01
  ],
  ""type"": ""Point""
}","{
  ""coordinates"": [
    -82.975932476,
    42.389254591
  ],
  ""type"": ""Point""
}",-82.975932476,42.3892545910001
13860,9708280,I-94,WOODWARD,2016-05-25,25,5,2016,23,4,8,1,,1,0,,1,1,4,55,3,2,2,5,0,0,0,0,true,,false,false,false,false,false,,,,,,false,false,false,,,false,false,false,false,false,-83.06858,42.36371,"{
  ""coordinates"": [
    -8.306857946600000e+01,
    4.236371296600000e+01
  ],
  ""type"": ""Point""
}","{
  ""coordinates"": [
    -83.068579466,
    42.363712966
  ],
  ""type"": ""Point""
}",-83.068579466,42.363712966
13861,9705696,I-75,MCNICHOLS,2016-05-25,25,5,2016,14,4,5,1,,1,0,,1,1,1,70,4,2,2,5,0,0,0,0,true,,false,false,false,false,false,,,,,,false,false,true,,,false,false,false,false,false,-83.08822,42.41882,"{
  ""coordinates"": [
    -8.308822075400001e+01,
    4.241881803400000e+01
  ],
  ""type"": ""Point""
}","{
  ""coordinates"": [
    -83.088220754,
    42.418818034
  ],
  ""type"": ""Point""
}",-83.088220754,42.418818034
13862,9835777,EATON,CLOVERDALE,2016-05-25,25,5,2016,21,4,4,9,,,0,,1,1,4,25,2,2,2,4,0,0,0,1,false,,false,false,false,false,false,,,,,,false,false,false,,,false,false,false,false,false,-83.14909,42.39805,"{
  ""coordinates"": [
    -8.314908433799999e+01,
    4.239805208700010e+01
  ],
  ""type"": ""Point""
}","{
  ""coordinates"": [
    -83.149084338,
    42.398052087
  ],
  ""type"": ""Point""
}",-83.149084338,42.3980520870001
13863,9705700,GRAND RIVER,W I 96 CD,2016-05-25,25,5,2016,17,4,9,3,,1,0,,1,1,1,35,7,3,2,5,0,0,0,0,true,,false,false,false,false,false,,,,,,false,false,false,,,false,false,false,false,false,-83.17682,42.38398,"{
  ""coordinates"": [
    -8.317682236000000e+01,
    4.238397702700010e+01
  ],
  ""type"": ""Point""
}","{
  ""coordinates"": [
    -83.17682236,
    42.383977027
  ],
  ""type"": ""Point""
}",-83.17682236,42.3839770270001
13864,9709091,FOREST,JOHN C LODGE S/D,2016-05-25,25,5,2016,18,4,6,9,,4,0,,1,2,1,25,3,2,3,4,0,0,0,1,false,,false,false,false,false,false,,,,,,false,true,false,,,false,false,false,false,false,-83.07264,42.35144,"{
  ""coordinates"": [
    -8.307264120900000e+01,
    4.235144549300000e+01
  ],
  ""type"": ""Point""
}","{
  ""coordinates"": [
    -83.072641209,
    42.351445493
  ],
  ""type"": ""Point""
}",-83.072641209,42.351445493
13865,9705754,GRATIOT,FOREST,2016-05-25,25,5,2016,16,4,5,3,,1,0,,1,1,1,35,7,2,2,5,0,0,0,0,true,,false,false,false,false,false,,,,,,false,false,false,,,false,false,false,false,false,-83.02006,42.3707,"{
  ""coordinates"": [
    -8.302005600200000e+01,
    4.237070362000000e+01
  ],
  ""type"": ""Point""
}","{
  ""coordinates"": [
    -83.020056002,
    42.37070362
  ],
  ""type"": ""Point""
}",-83.020056002,42.37070362
13866,9738460,S M 10,ROSA PARKS,2016-05-25,25,5,2016,8,4,5,3,,1,0,,1,1,1,55,3,2,2,5,0,0,0,0,true,,false,false,false,false,false,,,,,,false,false,false,,,false,false,false,false,false,-83.1184,42.40332,"{
  ""coordinates"": [
    -8.311839764900000e+01,
    4.240331722200010e+01
  ],
  ""type"": ""Point""
}","{
  ""coordinates"": [
    -83.118397649,
    42.403317222
  ],
  ""type"": ""Point""
}",-83.118397649,42.4033172220001
13867,9708279,M-10,CLAIRMOUNT,2016-05-25,25,5,2016,18,4,5,3,,1,0,,1,1,1,55,5,2,2,5,0,0,0,0,true,,false,false,false,false,false,,,,,,false,false,true,,,false,false,false,false,false,-83.08936,42.37849,"{
  ""coordinates"": [
    -8.308935591999990e+01,
    4.237849397000010e+01
  ],
  ""type"": ""Point""
}","{
  ""coordinates"": [
    -83.08935592,
    42.37849397
  ],
  ""type"": ""Point""
}",-83.0893559199999,42.3784939700001
13868,9709090,ADELAIDE,JOHN R,2016-05-25,25,5,2016,16,4,4,9,,,0,,1,1,1,25,4,2,2,4,0,0,0,1,false,,false,false,false,false,false,,,,,,false,false,false,,,false,false,true,false,false,-83.05173,42.34272,"{
  ""coordinates"": [
    -8.305173443099990e+01,
    4.234272103500010e+01
  ],
  ""type"": ""Point""
}","{
  ""coordinates"": [
    -83.051734431,
    42.342721035
  ],
  ""type"": ""Point""
}",-83.0517344309999,42.3427210350001
13869,9719356,WARREN,OUTER,2016-05-25,25,5,2016,15,4,4,9,,2,0,,1,1,1,35,5,2,3,5,0,0,0,0,true,,false,false,false,false,false,,,,,,false,true,true,,,false,false,false,false,false,-83.25217,42.34203,"{
  ""coordinates"": [
    -8.325217805999991e+01,
    4.234202976800000e+01
  ],
  ""type"": ""Point""
}","{
  ""coordinates"": [
    -83.25217806,
    42.342029768
  ],
  ""type"": ""Point""
}",-83.2521780599999,42.342029768
13870,9705702,HUBBELL,MIDLAND,2016-05-25,25,5,2016,11,4,4,9,,4,0,,1,1,1,25,4,2,4,2,0,2,0,1,false,,true,true,false,false,false,,,,,,false,false,false,,,false,false,false,false,false,-83.18906,42.40547,"{
  ""coordinates"": [
    -8.318906661699999e+01,
    4.240546986400010e+01
  ],
  ""type"": ""Point""
}","{
  ""coordinates"": [
    -83.189066617,
    42.405469864
  ],
  ""type"": ""Point""
}",-83.189066617,42.4054698640001
13871,9730863,MCNICHOLS,TRINITY,2016-05-25,25,5,2016,15,4,5,9,,2,0,,1,1,1,35,4,2,2,5,0,0,0,0,true,,false,false,true,false,false,,,,,,false,false,false,,,false,false,false,false,false,-83.24898,42.41472,"{
  ""coordinates"": [
    -8.324897475400000e+01,
    4.241472331400010e+01
  ],
  ""type"": ""Point""
}","{
  ""coordinates"": [
    -83.248974754,
    42.414723314
  ],
  ""type"": ""Point""
}",-83.248974754,42.4147233140001
13872,9715511,MILWAUKEE,RUSSELL,2016-05-25,25,5,2016,17,4,8,9,,4,0,,1,1,1,35,2,2,2,5,0,0,0,0,true,,false,false,false,false,false,,,,,,false,false,false,,,false,false,false,false,false,-83.05893,42.37412,"{
  ""coordinates"": [
    -8.305892910599989e+01,
    4.237412340200010e+01
  ],
  ""type"": ""Point""
}","{
  ""coordinates"": [
    -83.058929106,
    42.374123402
  ],
  ""type"": ""Point""
}",-83.0589291059999,42.3741234020001
13873,9709087,MADISON,BEAUBIEN,2016-05-25,25,5,2016,12,4,3,9,,4,0,,1,1,1,25,4,2,4,4,0,0,0,1,false,,false,false,false,false,false,,,,,,false,true,false,,,false,false,false,false,false,-83.04423,42.33797,"{
  ""coordinates"": [
    -8.304422558499989e+01,
    4.233796865400010e+01
  ],
  ""type"": ""Point""
}","{
  ""coordinates"": [
    -83.044225585,
    42.337968654
  ],
  ""type"": ""Point""
}",-83.0442255849999,42.3379686540001
13874,9708254,N M 39,RAMP 009B,2016-05-25,25,5,2016,15,4,5,3,,1,0,,1,1,1,55,3,2,2,4,0,0,0,1,false,,false,false,false,false,false,,,,,,false,false,true,,,false,false,false,false,false,-83.21817,42.40285,"{
  ""coordinates"": [
    -8.321817057299999e+01,
    4.240284582100000e+01
  ],
  ""type"": ""Point""
}","{
  ""coordinates"": [
    -83.218170573,
    42.402845821
  ],
  ""type"": ""Point""
}",-83.218170573,42.402845821
13875,9799788,GRAND RIVER,MCNICHOLS,2016-05-25,25,5,2016,23,4,8,3,,1,0,,1,1,4,35,2,2,2,5,0,0,0,0,true,,false,false,true,false,false,,,,,,false,false,false,,,false,false,false,false,false,-83.254,42.41508,"{
  ""coordinates"": [
    -8.325399543400000e+01,
    4.241507877400010e+01
  ],
  ""type"": ""Point""
}","{
  ""coordinates"": [
    -83.253995434,
    42.415078774
  ],
  ""type"": ""Point""
}",-83.253995434,42.4150787740001
13876,9714625,BOSTON,BYRON,2016-05-25,25,5,2016,22,4,1,9,,,0,,1,1,4,25,4,1,1,4,0,0,0,1,false,,false,false,false,false,false,,,,,,false,false,true,,,false,false,false,false,false,-83.09688,42.38338,"{
  ""coordinates"": [
    -8.309687535700000e+01,
    4.238338467000010e+01
  ],
  ""type"": ""Point""
}","{
  ""coordinates"": [
    -83.096875357,
    42.38338467
  ],
  ""type"": ""Point""
}",-83.096875357,42.3833846700001
13877,9887499,N M 10,7 MILE,2016-05-25,25,5,2016,7,4,6,3,,1,0,,1,1,1,25,2,2,3,5,0,0,0,0,true,,false,false,false,false,false,,,,,,false,false,false,,,false,false,false,false,false,-83.18691,42.43081,"{
  ""coordinates"": [
    -8.318691324900000e+01,
    4.243080712300010e+01
  ],
  ""type"": ""Point""
}","{
  ""coordinates"": [
    -83.186913249,
    42.430807123
  ],
  ""type"": ""Point""
}",-83.186913249,42.4308071230001
13878,9707714,I75 SERVICE,I 94,2016-05-25,25,5,2016,16,4,8,1,,4,0,,1,1,1,30,3,2,3,5,0,0,0,0,true,,false,false,false,false,false,,,,,,false,false,false,,,false,false,false,false,false,-83.05468,42.36354,"{
  ""coordinates"": [
    -8.305467749500001e+01,
    4.236353717800010e+01
  ],
  ""type"": ""Point""
}","{
  ""coordinates"": [
    -83.054677495,
    42.363537178
  ],
  ""type"": ""Point""
}",-83.054677495,42.3635371780001
13879,9719013,8 MILE,MOUND,2016-05-25,25,5,2016,18,4,5,3,,1,0,,97,98,98,40,4,2,3,4,0,0,0,3,false,,false,false,true,false,false,,,,,,false,false,false,,,false,false,false,false,false,-83.04391,42.44777,"{
  ""coordinates"": [
    -8.304390766800000e+01,
    4.244777121900010e+01
  ],
  ""type"": ""Point""
}","{
  ""coordinates"": [
    -83.043907668,
    42.447771219
  ],
  ""type"": ""Point""
}",-83.043907668,42.4477712190001
13880,9710017,JAMES COUZENS,MCNICHOLS,2016-05-25,25,5,2016,18,4,8,9,,4,0,,1,1,4,40,3,2,2,5,0,0,0,0,true,,false,false,false,false,false,,,,,,false,true,true,,,false,false,false,false,false,-83.17184,42.41664,"{
  ""coordinates"": [
    -8.317184583999990e+01,
    4.241664051300010e+01
  ],
  ""type"": ""Point""
}","{
  ""coordinates"": [
    -83.17184584,
    42.416640513
  ],
  ""type"": ""Point""
}",-83.1718458399999,42.4166405130001
13881,9710015,BRUSH,MONROE,2016-05-25,25,5,2016,18,4,8,9,,4,0,,1,1,1,25,2,2,2,5,0,0,0,0,true,,false,false,false,false,false,,,,,,false,false,false,,,false,false,false,false,false,-83.0437,42.33442,"{
  ""coordinates"": [
    -8.304370066500000e+01,
    4.233441684500010e+01
  ],
  ""type"": ""Point""
}","{
  ""coordinates"": [
    -83.043700665,
    42.334416845
  ],
  ""type"": ""Point""
}",-83.043700665,42.3344168450001
13882,9714605,MURRAY HILL,7 MILE,2016-05-25,25,5,2016,19,4,97,9,,,0,,98,98,1,20,1,2,1,5,0,0,0,0,true,,false,false,true,false,false,,,,,,false,false,false,,,false,false,false,false,false,-83.20845,42.43032,"{
  ""coordinates"": [
    -8.320845012599990e+01,
    4.243032270200010e+01
  ],
  ""type"": ""Point""
}","{
  ""coordinates"": [
    -83.208450126,
    42.430322702
  ],
  ""type"": ""Point""
}",-83.2084501259999,42.4303227020001
13883,9708348,CORBETT,ROSEBERRY,2016-05-25,25,5,2016,21,4,5,9,,,3,,1,1,4,25,2,2,1,5,0,0,0,0,true,,false,false,true,false,false,,,,,,false,false,false,,,false,false,false,false,false,-82.98434,42.40358,"{
  ""coordinates"": [
    -8.298434482300000e+01,
    4.240357594500010e+01
  ],
  ""type"": ""Point""
}","{
  ""coordinates"": [
    -82.984344823,
    42.403575945
  ],
  ""type"": ""Point""
}",-82.984344823,42.4035759450001
13884,9704984,I-75,MCNICHOLS,2016-05-25,25,5,2016,8,4,1,1,,1,1,,1,1,2,70,4,1,1,4,0,0,0,1,false,,false,false,false,false,false,,,,,,false,false,false,,,false,false,false,false,false,-83.08503,42.41504,"{
  ""coordinates"": [
    -8.308502795600000e+01,
    4.241504344900010e+01
  ],
  ""type"": ""Point""
}","{
  ""coordinates"": [
    -83.085027956,
    42.415043449
  ],
  ""type"": ""Point""
}",-83.085027956,42.4150434490001
13885,9705699,WYOMING,JEFFERIES SERVICE,2016-05-25,25,5,2016,14,4,5,9,,4,0,,1,1,1,30,3,2,1,5,0,0,0,0,true,,false,false,true,false,false,,,,,,false,true,false,,,false,false,false,false,false,-83.15981,42.40531,"{
  ""coordinates"": [
    -8.315981441700001e+01,
    4.240530747300010e+01
  ],
  ""type"": ""Point""
}","{
  ""coordinates"": [
    -83.159814417,
    42.405307473
  ],
  ""type"": ""Point""
}",-83.159814417,42.4053074730001
13886,9711214,MILWAUKEE,RUSSELL,2016-05-25,25,5,2016,17,4,8,9,,4,0,,1,1,1,35,2,2,2,5,0,0,0,0,true,,false,false,false,false,false,,,,,,false,false,false,,,false,false,false,false,false,-83.05893,42.37412,"{
  ""coordinates"": [
    -8.305892910599989e+01,
    4.237412340200010e+01
  ],
  ""type"": ""Point""
}","{
  ""coordinates"": [
    -83.058929106,
    42.374123402
  ],
  ""type"": ""Point""
}",-83.0589291059999,42.3741234020001
13887,9715504,SOUTHFIELD,WARREN,2016-05-25,25,5,2016,16,4,5,3,,1,0,,1,1,1,55,3,3,3,2,0,1,1,1,false,,false,false,false,false,false,,,,,,false,false,false,,,false,false,false,false,false,-83.216,42.33976,"{
  ""coordinates"": [
    -8.321600130800000e+01,
    4.233975566800010e+01
  ],
  ""type"": ""Point""
}","{
  ""coordinates"": [
    -83.216001308,
    42.339755668
  ],
  ""type"": ""Point""
}",-83.216001308,42.3397556680001
13888,9708316,M-10,JEFFERSON,2016-05-25,25,5,2016,17,4,5,3,,1,0,,1,2,1,45,3,2,2,5,0,0,0,0,true,,false,false,false,false,false,,,,,,false,false,true,,,false,false,false,false,false,-83.04891,42.32682,"{
  ""coordinates"": [
    -8.304891250700000e+01,
    4.232681944400010e+01
  ],
  ""type"": ""Point""
}","{
  ""coordinates"": [
    -83.048912507,
    42.326819444
  ],
  ""type"": ""Point""
}",-83.048912507,42.3268194440001
13889,9708292,M 10,JEFFERSON,2016-05-25,25,5,2016,17,4,8,3,,1,0,,1,1,1,55,3,2,3,5,0,0,0,0,true,,false,false,false,false,false,,,,,,false,true,false,,,false,false,false,false,false,-83.04958,42.32659,"{
  ""coordinates"": [
    -8.304958113700000e+01,
    4.232659216200010e+01
  ],
  ""type"": ""Point""
}","{
  ""coordinates"": [
    -83.049581137,
    42.326592162
  ],
  ""type"": ""Point""
}",-83.049581137,42.3265921620001
13890,9715438,S M 39,LYNDON,2016-05-25,25,5,2016,7,4,5,3,,1,0,,1,1,1,55,3,2,2,5,0,0,0,0,true,,false,false,false,false,false,,,,,,false,false,true,,,false,false,false,false,false,-83.21806,42.39336,"{
  ""coordinates"": [
    -8.321805922000000e+01,
    4.239335442800010e+01
  ],
  ""type"": ""Point""
}","{
  ""coordinates"": [
    -83.21805922,
    42.393354428
  ],
  ""type"": ""Point""
}",-83.21805922,42.3933544280001
13891,9708272,I-94,GRANDRIVER,2016-05-25,25,5,2016,13,4,5,1,,1,0,,1,1,1,55,3,2,2,5,0,0,0,0,true,,false,false,false,false,false,,,,,,false,false,true,,,false,false,false,false,false,-83.09736,42.35065,"{
  ""coordinates"": [
    -8.309735625899999e+01,
    4.235064687900010e+01
  ],
  ""type"": ""Point""
}","{
  ""coordinates"": [
    -83.097356259,
    42.350646879
  ],
  ""type"": ""Point""
}",-83.097356259,42.3506468790001
13892,9784392,GREELEY,LANTZ,2016-05-25,25,5,2016,7,4,5,9,,,0,,1,1,4,25,1,2,1,5,0,0,0,0,true,,false,false,true,false,false,,,,,,false,false,false,,,false,false,false,false,false,-83.08788,42.4375,"{
  ""coordinates"": [
    -8.308787588800000e+01,
    4.243749773900000e+01
  ],
  ""type"": ""Point""
}","{
  ""coordinates"": [
    -83.087875888,
    42.437497739
  ],
  ""type"": ""Point""
}",-83.087875888,42.437497739
13893,9708291,I 75,MCNICHOLS,2016-05-25,25,5,2016,16,4,5,1,,1,0,,1,1,1,55,4,2,2,5,0,0,0,0,true,,false,false,false,false,false,,,,,,false,false,true,,,false,false,false,false,false,-83.08824,42.41846,"{
  ""coordinates"": [
    -8.308824267400000e+01,
    4.241845971000000e+01
  ],
  ""type"": ""Point""
}","{
  ""coordinates"": [
    -83.088242674,
    42.41845971
  ],
  ""type"": ""Point""
}",-83.088242674,42.41845971
13894,9708289,S M 39,RAMP 008H,2016-05-25,25,5,2016,6,4,8,3,,1,0,,1,1,1,55,3,3,6,5,0,0,0,0,true,,false,false,false,false,false,,,,,,false,false,false,,,false,false,false,false,false,-83.21748,42.38227,"{
  ""coordinates"": [
    -8.321748369100000e+01,
    4.238226579600010e+01
  ],
  ""type"": ""Point""
}","{
  ""coordinates"": [
    -83.217483691,
    42.382265796
  ],
  ""type"": ""Point""
}",-83.217483691,42.3822657960001
13895,9712191,MARTIN LUTHER KING JR,MACK,2016-05-24,24,5,2016,8,3,4,3,,,0,,1,1,1,30,6,2,2,5,0,0,0,0,true,,true,true,false,false,false,,,,,,false,false,true,,,false,false,false,false,false,-83.05787,42.34738,"{
  ""coordinates"": [
    -8.305786797099999e+01,
    4.234737950400010e+01
  ],
  ""type"": ""Point""
}","{
  ""coordinates"": [
    -83.057867971,
    42.347379504
  ],
  ""type"": ""Point""
}",-83.057867971,42.3473795040001
13896,9705716,WHEELER,MCDONALD,2016-05-24,24,5,2016,17,3,97,9,,,0,,1,1,1,25,3,2,1,5,0,0,0,0,true,,false,false,true,false,false,,,,,,false,false,false,,,false,false,false,false,false,-83.14767,42.34311,"{
  ""coordinates"": [
    -8.314766774500001e+01,
    4.234310449600010e+01
  ],
  ""type"": ""Point""
}","{
  ""coordinates"": [
    -83.147667745,
    42.343104496
  ],
  ""type"": ""Point""
}",-83.147667745,42.3431044960001
13897,9704995,GREENFIELD,WARREN,2016-05-24,24,5,2016,9,3,5,9,,2,0,,1,1,4,35,2,2,2,5,0,0,0,0,true,,false,false,false,false,false,,,,,,false,true,false,,,false,false,false,false,false,-83.19627,42.34339,"{
  ""coordinates"": [
    -8.319627409600000e+01,
    4.234339001900000e+01
  ],
  ""type"": ""Point""
}","{
  ""coordinates"": [
    -83.196274096,
    42.343390019
  ],
  ""type"": ""Point""
}",-83.196274096,42.343390019
13898,9708271,I 94,MCCLELLAN,2016-05-24,24,5,2016,17,3,5,1,,1,0,,1,1,1,55,3,2,2,5,0,0,0,0,true,,false,false,false,false,false,,,,,,false,false,false,,,false,false,false,false,false,-83.0078,42.39096,"{
  ""coordinates"": [
    -8.300779512299989e+01,
    4.239096141400010e+01
  ],
  ""type"": ""Point""
}","{
  ""coordinates"": [
    -83.007795123,
    42.390961414
  ],
  ""type"": ""Point""
}",-83.0077951229999,42.3909614140001
13899,9704988,CADIEUX,I 94,2016-05-24,24,5,2016,9,3,97,1,,4,0,,1,1,1,30,4,2,3,5,0,0,0,0,true,,false,false,false,false,false,,,,,,false,false,false,,,false,false,false,false,false,-82.93722,42.41733,"{
  ""coordinates"": [
    -8.293721826900000e+01,
    4.241733167600010e+01
  ],
  ""type"": ""Point""
}","{
  ""coordinates"": [
    -82.937218269,
    42.417331676
  ],
  ""type"": ""Point""
}",-82.937218269,42.4173316760001
13900,9720025,LAHSER,8 MILE,2016-05-24,24,5,2016,19,3,1,3,,2,0,,1,1,1,40,4,2,3,4,0,0,0,1,false,,false,false,false,false,false,,,,,,true,false,true,,,false,false,false,false,false,-83.25884,42.44323,"{
  ""coordinates"": [
    -8.325884309900000e+01,
    4.244323314300000e+01
  ],
  ""type"": ""Point""
}","{
  ""coordinates"": [
    -83.258843099,
    42.443233143
  ],
  ""type"": ""Point""
}",-83.258843099,42.443233143
13901,9706385,GREENFIELD,EATON,2016-05-24,24,5,2016,7,3,5,9,,2,0,,1,1,1,30,2,2,3,5,0,0,0,0,true,,false,false,false,false,false,,,,,,false,false,true,,,false,false,false,false,false,-83.19852,42.39674,"{
  ""coordinates"": [
    -8.319852368900000e+01,
    4.239674291800000e+01
  ],
  ""type"": ""Point""
}","{
  ""coordinates"": [
    -83.198523689,
    42.396742918
  ],
  ""type"": ""Point""
}",-83.198523689,42.396742918
13902,9705755,GRAND RIVER,GLASTONBURY,2016-05-24,24,5,2016,8,3,3,3,,1,0,,1,1,1,35,7,2,2,5,0,0,0,0,true,,false,false,false,false,false,,,,,,false,false,true,,,false,false,false,false,false,-83.22512,42.40345,"{
  ""coordinates"": [
    -8.322511930500001e+01,
    4.240344897600000e+01
  ],
  ""type"": ""Point""
}","{
  ""coordinates"": [
    -83.225119305,
    42.403448976
  ],
  ""type"": ""Point""
}",-83.225119305,42.403448976
13903,9710073,7 MILE,SCHOENHERR,2016-05-24,24,5,2016,16,3,3,9,,4,0,,1,1,1,30,2,2,1,4,0,0,0,1,false,,false,false,true,false,false,,,,,,false,false,false,,,false,false,false,false,false,-82.98515,42.43492,"{
  ""coordinates"": [
    -8.298515532000000e+01,
    4.243491639200000e+01
  ],
  ""type"": ""Point""
}","{
  ""coordinates"": [
    -82.98515532,
    42.434916392
  ],
  ""type"": ""Point""
}",-82.98515532,42.434916392