ObjectId,Crash ID,Primary Road,Intersecting Road,Crash Date,Day,Month,Year,Hour,Weekday,Crash Type Code,Highway Classification Code,Community Code,Jurisdiction Code,Lane Departure Type Code,Surface Type,Road Condition,Weather Condition,Lighting Condition,Speed Limit,Lanes,Units,Occupants,Most Severe Injury,Fatal Injuries,Suspected Serious Injuries,Suspected Minor Injuries,Possible Injuries,Property Damage Only,Secondary Crash,Traffic Control,Red Light Run,Hit and Run,Alcohol,Drugs,Unbelted Person,Work Zone,Speeding Driver,Distracted Driver,Driveway,Pedestrian,Elderly Driver,Young Driver,Commercial Vehicle,Emergency Vehicles,Train,School Bus,Motorcycle,Bicycle,Deer,Longitude,Latitude,geom,geog,x,y
13904,9713533,HANCOCK,ROOSEVELT,2016-05-24,24,5,2016,14,3,4,9,,,0,,98,98,98,30,2,2,1,4,0,0,0,1,false,,false,false,true,false,false,,,,,,false,true,false,,,false,false,false,false,false,-83.10159,42.34331,"{
  ""coordinates"": [
    -8.310158169300000e+01,
    4.234330641200010e+01
  ],
  ""type"": ""Point""
}","{
  ""coordinates"": [
    -83.101581693,
    42.343306412
  ],
  ""type"": ""Point""
}",-83.101581693,42.3433064120001
13905,9705759,ROGGE,SAVAGE,2016-05-24,24,5,2016,23,3,5,9,,,0,,1,1,4,25,2,2,0,5,0,0,0,0,true,,false,false,false,false,false,,,,,,false,false,false,,,false,false,false,false,false,-83.02956,42.44602,"{
  ""coordinates"": [
    -8.302956330099990e+01,
    4.244602394000000e+01
  ],
  ""type"": ""Point""
}","{
  ""coordinates"": [
    -83.029563301,
    42.44602394
  ],
  ""type"": ""Point""
}",-83.0295633009999,42.44602394
13906,9705711,LONYO,DIX,2016-05-24,24,5,2016,3,3,1,9,,4,1,,1,1,98,30,2,1,1,5,0,0,0,0,true,,false,false,false,false,false,,,,,,false,false,false,,,false,false,false,false,false,-83.13433,42.31649,"{
  ""coordinates"": [
    -8.313433088700000e+01,
    4.231649095800000e+01
  ],
  ""type"": ""Point""
}","{
  ""coordinates"": [
    -83.134330887,
    42.316490958
  ],
  ""type"": ""Point""
}",-83.134330887,42.316490958
13907,9710030,3RD,S I 75 SERVICE DRIVE,2016-05-24,24,5,2016,23,3,8,9,,4,0,,1,1,4,30,3,2,3,5,0,0,0,0,true,,false,false,false,false,false,,,,,,false,true,false,,,false,false,false,false,false,-83.06044,42.33659,"{
  ""coordinates"": [
    -8.306043822500000e+01,
    4.233658978700000e+01
  ],
  ""type"": ""Point""
}","{
  ""coordinates"": [
    -83.060438225,
    42.336589787
  ],
  ""type"": ""Point""
}",-83.060438225,42.336589787
13908,9705030,GRATIOT,7 MILE,2016-05-24,24,5,2016,11,3,4,3,,1,0,,1,1,1,35,9,2,3,4,0,0,0,3,false,,false,false,false,false,false,,,,,,false,true,true,,,false,false,false,false,false,-82.97771,42.43505,"{
  ""coordinates"": [
    -8.297770406599990e+01,
    4.243504983100010e+01
  ],
  ""type"": ""Point""
}","{
  ""coordinates"": [
    -82.977704066,
    42.435049831
  ],
  ""type"": ""Point""
}",-82.9777040659999,42.4350498310001
13909,9709122,RAMP 051B,TELEGRAPH,2016-05-24,24,5,2016,8,3,5,2,,1,0,,1,1,1,10,1,2,2,5,0,0,0,0,true,,false,false,false,false,false,,,,,,false,false,true,,,false,false,false,false,false,-83.27835,42.44238,"{
  ""coordinates"": [
    -8.327834832600000e+01,
    4.244237390300000e+01
  ],
  ""type"": ""Point""
}","{
  ""coordinates"": [
    -83.278348326,
    42.442373903
  ],
  ""type"": ""Point""
}",-83.278348326,42.442373903
13910,9705730,N M 39 SERVICE DRIVE,JOY,2016-05-24,24,5,2016,20,3,8,9,,4,0,,1,1,1,35,3,2,4,5,0,0,0,0,true,,false,false,true,false,false,,,,,,false,true,false,,,false,false,false,false,false,-83.21606,42.35784,"{
  ""coordinates"": [
    -8.321606370700000e+01,
    4.235783986400000e+01
  ],
  ""type"": ""Point""
}","{
  ""coordinates"": [
    -83.216063707,
    42.357839864
  ],
  ""type"": ""Point""
}",-83.216063707,42.357839864
13911,9997263,I 75,STATE FAIR,2016-05-24,24,5,2016,9,3,1,1,,1,1,,1,1,1,70,4,1,1,3,0,0,1,0,false,,false,false,false,false,false,,,,,,false,false,false,,,false,false,true,false,false,-83.0948,42.43614,"{
  ""coordinates"": [
    -8.309479362199990e+01,
    4.243613802000000e+01
  ],
  ""type"": ""Point""
}","{
  ""coordinates"": [
    -83.094793622,
    42.43613802
  ],
  ""type"": ""Point""
}",-83.0947936219999,42.43613802
13912,9705767,WOODWARD,8 MILE,2016-05-24,24,5,2016,15,3,4,3,,1,0,,1,1,1,40,2,2,3,4,0,0,0,1,false,,true,true,false,false,false,,,,,,false,true,false,,,false,false,false,false,false,-83.12482,42.44648,"{
  ""coordinates"": [
    -8.312482454400001e+01,
    4.244648009600010e+01
  ],
  ""type"": ""Point""
}","{
  ""coordinates"": [
    -83.124824544,
    42.446480096
  ],
  ""type"": ""Point""
}",-83.124824544,42.4464800960001
13913,9705746,SEYBURN,MACK,2016-05-24,24,5,2016,19,3,9,9,,,0,,1,1,1,25,1,2,1,5,0,0,0,0,true,,false,false,false,false,false,,,,,,false,true,false,,,false,false,false,false,false,-83.00766,42.36685,"{
  ""coordinates"": [
    -8.300765734899990e+01,
    4.236685168000000e+01
  ],
  ""type"": ""Point""
}","{
  ""coordinates"": [
    -83.007657349,
    42.36685168
  ],
  ""type"": ""Point""
}",-83.0076573489999,42.36685168
13914,9715614,HAYES,LIBERAL,2016-05-24,24,5,2016,13,3,8,9,,4,0,,1,1,1,30,1,2,2,5,0,0,0,0,true,,false,false,true,false,false,,,,,,false,false,false,,,false,false,false,false,false,-82.96565,42.44016,"{
  ""coordinates"": [
    -8.296565184600000e+01,
    4.244015957400010e+01
  ],
  ""type"": ""Point""
}","{
  ""coordinates"": [
    -82.965651846,
    42.440159574
  ],
  ""type"": ""Point""
}",-82.965651846,42.4401595740001
13915,9708270,M 39,JOY,2016-05-24,24,5,2016,14,3,5,3,,1,0,,1,1,1,55,3,3,3,5,0,0,0,0,true,,false,false,false,false,false,,,,,,false,true,false,,,false,false,false,false,false,-83.21632,42.36147,"{
  ""coordinates"": [
    -8.321632344100000e+01,
    4.236146700100010e+01
  ],
  ""type"": ""Point""
}","{
  ""coordinates"": [
    -83.216323441,
    42.361467001
  ],
  ""type"": ""Point""
}",-83.216323441,42.3614670010001
13916,9710010,JOHN R,WARREN,2016-05-24,24,5,2016,17,3,1,9,,4,0,,1,1,3,25,2,2,2,5,0,0,0,0,true,,false,false,false,false,false,,,,,,false,false,false,,,false,false,false,true,false,-83.0621,42.35761,"{
  ""coordinates"": [
    -8.306209700999990e+01,
    4.235761300800000e+01
  ],
  ""type"": ""Point""
}","{
  ""coordinates"": [
    -83.06209701,
    42.357613008
  ],
  ""type"": ""Point""
}",-83.0620970099999,42.357613008
13917,9708286,RAMP 044B,N I 75,2016-05-24,24,5,2016,15,3,5,1,,1,0,,1,1,1,30,2,3,4,5,0,0,0,0,true,,false,false,false,false,false,,,,,,false,false,true,,,false,false,false,false,false,-83.05611,42.36467,"{
  ""coordinates"": [
    -8.305610971100000e+01,
    4.236467537500000e+01
  ],
  ""type"": ""Point""
}","{
  ""coordinates"": [
    -83.056109711,
    42.364675375
  ],
  ""type"": ""Point""
}",-83.056109711,42.364675375
13918,9705039,MCNICHOLS,WYOMING,2016-05-24,24,5,2016,16,3,5,9,,4,0,,1,1,1,30,2,2,3,5,0,0,0,0,true,,false,false,true,false,false,,,,,,false,true,false,,,false,false,false,false,false,-83.15958,42.41695,"{
  ""coordinates"": [
    -8.315957266500000e+01,
    4.241694481400000e+01
  ],
  ""type"": ""Point""
}","{
  ""coordinates"": [
    -83.159572665,
    42.416944814
  ],
  ""type"": ""Point""
}",-83.159572665,42.416944814
13919,9707546,N I 75,RAMP 216B,2016-05-24,24,5,2016,17,3,5,1,,1,0,,1,1,1,0,3,2,2,5,0,0,0,0,true,,false,false,false,false,false,,,,,,false,false,false,,,false,false,false,false,false,-83.05727,42.36713,"{
  ""coordinates"": [
    -8.305726572000000e+01,
    4.236713411800010e+01
  ],
  ""type"": ""Point""
}","{
  ""coordinates"": [
    -83.05726572,
    42.367134118
  ],
  ""type"": ""Point""
}",-83.05726572,42.3671341180001
13920,9705701,SCHAEFER,SCHOOLCRAFT,2016-05-24,24,5,2016,14,3,4,9,,4,0,,1,1,1,30,4,2,2,5,0,0,0,0,true,,true,true,true,false,false,,,,,,false,false,true,,,false,false,false,false,false,-83.17852,42.38803,"{
  ""coordinates"": [
    -8.317852377299990e+01,
    4.238802985600010e+01
  ],
  ""type"": ""Point""
}","{
  ""coordinates"": [
    -83.178523773,
    42.388029856
  ],
  ""type"": ""Point""
}",-83.1785237729999,42.3880298560001
13921,9715861,7 MILE,LITTLEFIELD,2016-05-24,24,5,2016,13,3,4,9,,2,0,,1,1,1,25,2,2,3,5,0,0,0,0,true,,true,false,true,false,false,,,,,,false,false,true,,,false,false,false,false,false,-83.1771,42.43114,"{
  ""coordinates"": [
    -8.317710032500000e+01,
    4.243114515400000e+01
  ],
  ""type"": ""Point""
}","{
  ""coordinates"": [
    -83.177100325,
    42.431145154
  ],
  ""type"": ""Point""
}",-83.177100325,42.431145154
13922,9708259,W/B I-94,LONYO,2016-05-24,24,5,2016,14,3,5,1,,1,0,,1,1,1,55,3,2,2,5,0,0,0,0,true,,false,false,true,false,false,,,,,,false,false,false,,,false,false,false,false,false,-83.14035,42.33213,"{
  ""coordinates"": [
    -8.314035054300000e+01,
    4.233212622100010e+01
  ],
  ""type"": ""Point""
}","{
  ""coordinates"": [
    -83.140350543,
    42.332126221
  ],
  ""type"": ""Point""
}",-83.140350543,42.3321262210001
13923,9997264,I 94,CADIEUX,2016-05-24,24,5,2016,17,3,8,1,,1,0,,1,1,1,55,3,2,2,5,0,0,0,0,true,,false,false,false,false,false,,,,,,false,false,false,,,false,false,false,false,false,-82.93684,42.41737,"{
  ""coordinates"": [
    -8.293683704700000e+01,
    4.241737346700010e+01
  ],
  ""type"": ""Point""
}","{
  ""coordinates"": [
    -82.936837047,
    42.417373467
  ],
  ""type"": ""Point""
}",-82.936837047,42.4173734670001
13924,9704402,OUTER,SOUTHFIELD SERVICE DRIVE,2016-05-24,24,5,2016,17,3,8,9,,2,0,,1,1,1,35,4,2,2,5,0,0,0,0,true,,false,false,false,false,false,,,,,,false,false,false,,,false,false,false,false,false,-83.21926,42.41926,"{
  ""coordinates"": [
    -8.321926367600000e+01,
    4.241926183600000e+01
  ],
  ""type"": ""Point""
}","{
  ""coordinates"": [
    -83.219263676,
    42.419261836
  ],
  ""type"": ""Point""
}",-83.219263676,42.419261836
13925,9712165,I-94,CADIEUX,2016-05-24,24,5,2016,23,3,5,1,,1,0,,1,1,4,55,3,2,3,5,0,0,0,0,true,,false,false,false,false,false,,,,,,false,false,true,,,false,false,false,false,false,-82.93855,42.41632,"{
  ""coordinates"": [
    -8.293855081000000e+01,
    4.241632344400010e+01
  ],
  ""type"": ""Point""
}","{
  ""coordinates"": [
    -82.93855081,
    42.416323444
  ],
  ""type"": ""Point""
}",-82.93855081,42.4163234440001
13926,9705041,MCNICHOLS,HUBBELL,2016-05-24,24,5,2016,13,3,5,9,,2,0,,1,1,1,35,4,2,5,5,0,0,0,0,true,,false,false,false,false,false,,,,,,false,false,false,,,false,false,false,false,false,-83.18954,42.41646,"{
  ""coordinates"": [
    -8.318954659799989e+01,
    4.241645756200010e+01
  ],
  ""type"": ""Point""
}","{
  ""coordinates"": [
    -83.189546598,
    42.416457562
  ],
  ""type"": ""Point""
}",-83.1895465979999,42.4164575620001
13927,9705729,RAMP 051H,TELEGRAPH,2016-05-24,24,5,2016,8,3,5,2,,1,0,,1,1,1,30,1,2,2,5,0,0,0,0,true,,false,false,false,false,false,,,,,,false,false,false,,,false,false,false,false,false,-83.27885,42.44167,"{
  ""coordinates"": [
    -8.327885050299990e+01,
    4.244166517800010e+01
  ],
  ""type"": ""Point""
}","{
  ""coordinates"": [
    -83.278850503,
    42.441665178
  ],
  ""type"": ""Point""
}",-83.2788505029999,42.4416651780001
13928,9705033,LAPPIN,REDMOND,2016-05-24,24,5,2016,21,3,97,9,,,0,,1,1,4,25,1,3,3,3,0,0,2,0,false,,false,false,false,false,false,,,,,,false,false,true,,,false,false,false,false,false,-82.95583,42.4374,"{
  ""coordinates"": [
    -8.295582218899990e+01,
    4.243740075900010e+01
  ],
  ""type"": ""Point""
}","{
  ""coordinates"": [
    -82.955822189,
    42.437400759
  ],
  ""type"": ""Point""
}",-82.9558221889999,42.4374007590001
13929,9997307,M-10,CLAIRMOUNT,2016-05-24,24,5,2016,21,3,1,3,,1,1,,1,1,3,55,3,1,1,3,0,0,1,0,false,,false,false,false,false,false,,,,,,false,false,false,,,false,false,true,false,false,-83.08956,42.37843,"{
  ""coordinates"": [
    -8.308956383899989e+01,
    4.237843438200010e+01
  ],
  ""type"": ""Point""
}","{
  ""coordinates"": [
    -83.089563839,
    42.378434382
  ],
  ""type"": ""Point""
}",-83.0895638389999,42.3784343820001
13930,9707678,BURNS,JEFFERSON,2016-05-24,24,5,2016,17,3,8,9,,,0,,1,1,1,10,2,2,2,5,0,0,0,0,true,,false,false,false,false,false,,,,,,false,false,false,,,false,false,false,false,false,-82.98907,42.35417,"{
  ""coordinates"": [
    -8.298906982599991e+01,
    4.235416985100010e+01
  ],
  ""type"": ""Point""
}","{
  ""coordinates"": [
    -82.989069826,
    42.354169851
  ],
  ""type"": ""Point""
}",-82.9890698259999,42.3541698510001
13931,9705753,LAFAYETTE,CHENE,2016-05-24,24,5,2016,15,3,5,9,,4,0,,1,1,1,30,2,2,3,4,0,0,0,1,false,,false,false,false,false,false,,,,,,false,false,true,,,false,false,false,false,false,-83.02491,42.34121,"{
  ""coordinates"": [
    -8.302491184699990e+01,
    4.234120687400010e+01
  ],
  ""type"": ""Point""
}","{
  ""coordinates"": [
    -83.024911847,
    42.341206874
  ],
  ""type"": ""Point""
}",-83.0249118469999,42.3412068740001
13932,9728099,WARREN,WOODWARD,2016-05-24,24,5,2016,5,3,4,3,,4,0,,1,2,4,25,3,2,2,5,0,0,0,0,true,,true,true,false,false,false,,,,,,false,false,false,,,false,false,false,false,false,-83.06436,42.35696,"{
  ""coordinates"": [
    -8.306435789999991e+01,
    4.235696026000010e+01
  ],
  ""type"": ""Point""
}","{
  ""coordinates"": [
    -83.0643579,
    42.35696026
  ],
  ""type"": ""Point""
}",-83.0643578999999,42.3569602600001
13933,9705042,8 MILE,JOHN R,2016-05-24,24,5,2016,10,3,5,3,,1,0,,1,1,1,40,4,2,2,5,0,0,0,0,true,,false,false,false,false,false,,,,,,false,false,true,,,false,false,false,false,false,-83.10323,42.44699,"{
  ""coordinates"": [
    -8.310323493999989e+01,
    4.244698839500010e+01
  ],
  ""type"": ""Point""
}","{
  ""coordinates"": [
    -83.10323494,
    42.446988395
  ],
  ""type"": ""Point""
}",-83.1032349399999,42.4469883950001
13934,9705018,TELEGRAPH,7 MILE,2016-05-24,24,5,2016,22,3,4,2,,1,0,,1,1,4,45,7,2,3,5,0,0,0,0,true,,false,false,true,false,false,,,,,,false,false,true,,,false,false,false,false,false,-83.27798,42.42896,"{
  ""coordinates"": [
    -8.327798425100001e+01,
    4.242895422800010e+01
  ],
  ""type"": ""Point""
}","{
  ""coordinates"": [
    -83.277984251,
    42.428954228
  ],
  ""type"": ""Point""
}",-83.277984251,42.4289542280001
13935,9707716,GREENFIELD,TROJAN,2016-05-24,24,5,2016,12,3,5,9,,2,0,,1,1,1,35,6,2,3,5,0,0,0,0,true,,false,false,false,false,false,,,,,,false,false,false,,,false,false,false,false,false,-83.20031,42.44101,"{
  ""coordinates"": [
    -8.320030805899999e+01,
    4.244100965700010e+01
  ],
  ""type"": ""Point""
}","{
  ""coordinates"": [
    -83.200308059,
    42.441009657
  ],
  ""type"": ""Point""
}",-83.200308059,42.4410096570001
13936,9708269,RAMP 017,I 75,2016-05-24,24,5,2016,12,3,5,1,,1,0,,1,1,1,55,2,2,1,5,0,0,0,0,true,,false,false,true,false,false,,,,,,false,false,false,,,false,false,false,false,false,-83.03997,42.33823,"{
  ""coordinates"": [
    -8.303997076800000e+01,
    4.233823299400010e+01
  ],
  ""type"": ""Point""
}","{
  ""coordinates"": [
    -83.039970768,
    42.338232994
  ],
  ""type"": ""Point""
}",-83.039970768,42.3382329940001
13937,9705757,W I 96 CD,RAMP 135E,2016-05-24,24,5,2016,9,3,8,1,,1,0,,1,1,1,35,3,2,3,5,0,0,0,0,true,,false,false,false,false,false,,,,,,false,false,false,,,false,false,false,false,false,-83.24048,42.3839,"{
  ""coordinates"": [
    -8.324048215300000e+01,
    4.238389693400010e+01
  ],
  ""type"": ""Point""
}","{
  ""coordinates"": [
    -83.240482153,
    42.383896934
  ],
  ""type"": ""Point""
}",-83.240482153,42.3838969340001
13938,9973401,I 94 W/B,LINWOOD,2016-05-24,24,5,2016,12,3,5,1,,1,0,,1,1,1,55,3,2,2,5,0,0,0,0,true,,false,false,false,false,false,,,,,,false,false,false,,,false,false,false,false,false,-83.09193,42.35236,"{
  ""coordinates"": [
    -8.309193067400000e+01,
    4.235236213000010e+01
  ],
  ""type"": ""Point""
}","{
  ""coordinates"": [
    -83.091930674,
    42.35236213
  ],
  ""type"": ""Point""
}",-83.091930674,42.3523621300001
13939,9997306,I75,8 MILE,2016-05-24,24,5,2016,18,3,5,1,,1,0,,1,1,1,70,3,2,2,5,0,0,0,0,true,,false,false,true,false,false,,,,,,false,false,false,,,false,false,false,false,false,-83.09465,42.44542,"{
  ""coordinates"": [
    -8.309465393999990e+01,
    4.244541847300010e+01
  ],
  ""type"": ""Point""
}","{
  ""coordinates"": [
    -83.09465394,
    42.445418473
  ],
  ""type"": ""Point""
}",-83.0946539399999,42.4454184730001
13940,9715864,STANSBURY,CLARITA,2016-05-24,24,5,2016,18,3,9,9,,,0,,1,1,1,25,2,2,0,5,0,0,0,0,true,,false,false,true,false,false,,,,,,false,true,false,,,false,false,false,false,false,-83.18394,42.42915,"{
  ""coordinates"": [
    -8.318394419099999e+01,
    4.242914872000010e+01
  ],
  ""type"": ""Point""
}","{
  ""coordinates"": [
    -83.183944191,
    42.42914872
  ],
  ""type"": ""Point""
}",-83.183944191,42.4291487200001
13941,9712182,GRAND,GRAND RIVER,2016-05-24,24,5,2016,6,3,5,3,,4,0,,1,1,1,0,3,2,3,5,0,0,0,0,true,,false,false,false,false,false,,,,,,false,false,false,,,false,false,false,false,false,-83.10988,42.35672,"{
  ""coordinates"": [
    -8.310987758499989e+01,
    4.235672333200010e+01
  ],
  ""type"": ""Point""
}","{
  ""coordinates"": [
    -83.109877585,
    42.356723332
  ],
  ""type"": ""Point""
}",-83.1098775849999,42.3567233320001
13942,9793117,VAN DYKE,KNODELL,2016-05-24,24,5,2016,15,3,4,3,,1,0,,1,1,1,35,7,2,2,5,0,0,0,0,true,,false,false,false,false,false,,,,,,false,true,false,,,false,false,false,false,false,-83.02289,42.39824,"{
  ""coordinates"": [
    -8.302288675400000e+01,
    4.239824181200000e+01
  ],
  ""type"": ""Point""
}","{
  ""coordinates"": [
    -83.022886754,
    42.398241812
  ],
  ""type"": ""Point""
}",-83.022886754,42.398241812
13943,9706362,AVON,FLORENCE,2016-05-24,24,5,2016,14,3,10,9,,,0,,1,1,1,25,3,2,5,5,0,0,0,0,true,,false,false,false,false,false,,,,,,false,false,false,,,false,false,false,false,false,-83.22517,42.40998,"{
  ""coordinates"": [
    -8.322517473100000e+01,
    4.240998362700000e+01
  ],
  ""type"": ""Point""
}","{
  ""coordinates"": [
    -83.225174731,
    42.409983627
  ],
  ""type"": ""Point""
}",-83.225174731,42.409983627
13944,9705016,8 MILE,GREENFIELD,2016-05-24,24,5,2016,17,3,5,3,,1,0,,1,1,1,30,3,2,3,5,0,0,0,0,true,,false,false,false,false,false,,,,,,false,false,true,,,false,false,false,false,false,-83.20057,42.44478,"{
  ""coordinates"": [
    -8.320057068599991e+01,
    4.244478322300010e+01
  ],
  ""type"": ""Point""
}","{
  ""coordinates"": [
    -83.200570686,
    42.444783223
  ],
  ""type"": ""Point""
}",-83.2005706859999,42.4447832230001
13945,9707631,W/B I-94,I-75,2016-05-24,24,5,2016,17,3,5,1,,1,0,,1,1,1,70,3,2,1,4,0,0,0,1,false,,false,false,true,false,false,,,,,,false,false,true,,,false,false,false,false,false,-83.05434,42.37111,"{
  ""coordinates"": [
    -8.305434232399990e+01,
    4.237111251600000e+01
  ],
  ""type"": ""Point""
}","{
  ""coordinates"": [
    -83.054342324,
    42.371112516
  ],
  ""type"": ""Point""
}",-83.0543423239999,42.371112516
13946,9705732,SAWYER,PLAINVIEW,2016-05-24,24,5,2016,16,3,4,9,,,0,,1,1,1,25,1,2,4,4,0,0,0,3,false,,false,false,false,false,false,,,,,,false,false,false,,,false,false,false,false,false,-83.23431,42.34681,"{
  ""coordinates"": [
    -8.323430555300000e+01,
    4.234680586300000e+01
  ],
  ""type"": ""Point""
}","{
  ""coordinates"": [
    -83.234305553,
    42.346805863
  ],
  ""type"": ""Point""
}",-83.234305553,42.346805863
13947,9710070,EWALD,LIVERNOIS,2016-05-24,24,5,2016,19,3,4,9,,4,0,,1,1,1,25,6,2,2,5,0,0,0,0,true,,true,true,false,false,false,,,,,,false,false,false,,,false,false,false,false,false,-83.13984,42.39149,"{
  ""coordinates"": [
    -8.313984138300000e+01,
    4.239148860700000e+01
  ],
  ""type"": ""Point""
}","{
  ""coordinates"": [
    -83.139841383,
    42.391488607
  ],
  ""type"": ""Point""
}",-83.139841383,42.391488607
13948,9715745,RAMP 109E,DAVISON,2016-05-24,24,5,2016,16,3,98,3,,1,0,,1,1,1,35,1,2,4,5,0,0,0,0,true,,false,false,false,false,false,,,,,,false,true,true,,,false,false,false,false,false,-83.11185,42.39744,"{
  ""coordinates"": [
    -8.311184808800000e+01,
    4.239744214600010e+01
  ],
  ""type"": ""Point""
}","{
  ""coordinates"": [
    -83.111848088,
    42.397442146
  ],
  ""type"": ""Point""
}",-83.111848088,42.3974421460001
13949,9705040,8 MILE,WOODWARD,2016-05-24,24,5,2016,18,3,5,3,,1,0,,1,1,1,30,3,2,2,5,0,0,0,0,true,,false,false,false,false,false,,,,,,false,false,false,,,false,false,false,false,false,-83.12494,42.4465,"{
  ""coordinates"": [
    -8.312494106299989e+01,
    4.244650253300010e+01
  ],
  ""type"": ""Point""
}","{
  ""coordinates"": [
    -83.124941063,
    42.446502533
  ],
  ""type"": ""Point""
}",-83.1249410629999,42.4465025330001
13950,9705036,VAN DYKE,STOCKTON,2016-05-24,24,5,2016,11,3,8,3,,1,0,,1,1,1,35,2,2,1,5,0,0,0,0,true,,false,false,true,false,false,,,,,,false,false,false,,,false,false,false,false,false,-83.02405,42.42873,"{
  ""coordinates"": [
    -8.302405073599989e+01,
    4.242872503500010e+01
  ],
  ""type"": ""Point""
}","{
  ""coordinates"": [
    -83.024050736,
    42.428725035
  ],
  ""type"": ""Point""
}",-83.0240507359999,42.4287250350001
13951,9705029,8 MILE,REGENT,2016-05-24,24,5,2016,13,3,5,3,,1,0,,1,1,1,40,4,2,3,4,0,0,0,3,false,,false,false,false,false,false,,,,,,false,false,true,,,false,false,false,false,false,-82.97611,42.44952,"{
  ""coordinates"": [
    -8.297611284200001e+01,
    4.244952105200010e+01
  ],
  ""type"": ""Point""
}","{
  ""coordinates"": [
    -82.976112842,
    42.449521052
  ],
  ""type"": ""Point""
}",-82.976112842,42.4495210520001
13952,9704303,GRAND RIVER,PATTON,2016-05-24,24,5,2016,6,3,4,3,,1,0,,1,1,1,35,3,2,3,5,0,0,0,0,true,,false,false,false,false,false,,,,,,false,false,false,,,false,false,false,false,false,-83.24428,42.41115,"{
  ""coordinates"": [
    -8.324428168599999e+01,
    4.241114836500000e+01
  ],
  ""type"": ""Point""
}","{
  ""coordinates"": [
    -83.244281686,
    42.411148365
  ],
  ""type"": ""Point""
}",-83.244281686,42.411148365
13953,9715776,EIGHT MILE,SHEFFEILD,2016-05-24,24,5,2016,9,3,5,3,,1,0,,1,1,1,50,4,2,2,5,0,0,0,0,true,,false,false,false,false,false,,,,,,false,true,false,,,false,false,false,false,false,-83.13992,42.44613,"{
  ""coordinates"": [
    -8.313992257400000e+01,
    4.244612992600000e+01
  ],
  ""type"": ""Point""
}","{
  ""coordinates"": [
    -83.139922574,
    42.446129926
  ],
  ""type"": ""Point""
}",-83.139922574,42.446129926
13954,9719983,GRISWOLD,LARNED,2016-05-24,24,5,2016,17,3,8,9,,4,0,,1,1,1,30,3,2,3,5,0,0,0,0,true,,false,false,false,false,false,,,,,,false,false,false,,,false,false,false,false,false,-83.04606,42.32906,"{
  ""coordinates"": [
    -8.304605816799990e+01,
    4.232905474100000e+01
  ],
  ""type"": ""Point""
}","{
  ""coordinates"": [
    -83.046058168,
    42.329054741
  ],
  ""type"": ""Point""
}",-83.0460581679999,42.329054741
13955,9706234,SB I-75,7 MILE,2016-05-24,24,5,2016,9,3,5,1,,1,0,,1,2,1,70,4,2,2,5,0,0,0,0,true,,false,false,false,false,false,,,,,,false,false,false,,,false,false,false,false,false,-83.09457,42.42959,"{
  ""coordinates"": [
    -8.309456268700001e+01,
    4.242958975000000e+01
  ],
  ""type"": ""Point""
}","{
  ""coordinates"": [
    -83.094562687,
    42.42958975
  ],
  ""type"": ""Point""
}",-83.094562687,42.42958975
13956,9997273,I-94,WEIR,2016-05-24,24,5,2016,2,3,5,1,,1,3,,1,1,4,55,3,2,1,4,0,0,0,1,false,,false,false,false,false,false,,,,,,false,false,false,,,false,false,false,false,false,-83.15649,42.32877,"{
  ""coordinates"": [
    -8.315648571700000e+01,
    4.232877270700000e+01
  ],
  ""type"": ""Point""
}","{
  ""coordinates"": [
    -83.156485717,
    42.328772707
  ],
  ""type"": ""Point""
}",-83.156485717,42.328772707
13957,9715852,WOODWARD,7 MILE,2016-05-24,24,5,2016,9,3,8,3,,1,0,,1,1,1,40,3,2,3,5,0,0,0,0,true,,false,false,true,false,false,,,,,,false,false,false,,,false,false,false,false,false,-83.11558,42.43236,"{
  ""coordinates"": [
    -8.311557836299990e+01,
    4.243236160100000e+01
  ],
  ""type"": ""Point""
}","{
  ""coordinates"": [
    -83.115578363,
    42.432361601
  ],
  ""type"": ""Point""
}",-83.1155783629999,42.432361601
13958,9707698,MOUND,DAVISON,2016-05-24,24,5,2016,17,3,5,9,,2,0,,1,1,1,30,3,2,2,5,0,0,0,0,true,,false,false,true,false,false,,,,,,false,false,false,,,false,false,false,false,false,-83.04272,42.42262,"{
  ""coordinates"": [
    -8.304271401299999e+01,
    4.242261875800010e+01
  ],
  ""type"": ""Point""
}","{
  ""coordinates"": [
    -83.042714013,
    42.422618758
  ],
  ""type"": ""Point""
}",-83.042714013,42.4226187580001
13959,9997248,E/B I-96,WARREN,2016-05-24,24,5,2016,8,3,8,1,,1,0,,1,1,1,55,4,5,6,5,0,0,0,0,true,,false,false,false,false,false,,,,,,false,true,false,,,false,false,false,false,false,-83.09712,42.34685,"{
  ""coordinates"": [
    -8.309711996199999e+01,
    4.234684566900010e+01
  ],
  ""type"": ""Point""
}","{
  ""coordinates"": [
    -83.097119962,
    42.346845669
  ],
  ""type"": ""Point""
}",-83.097119962,42.3468456690001
13960,9710026,RANDOLPH,LAFAYETTE,2016-05-24,24,5,2016,17,3,4,3,,1,0,,1,1,1,30,4,2,2,5,0,0,0,0,true,,true,false,true,false,false,,,,,,false,false,true,,,false,false,false,false,false,-83.04419,42.33318,"{
  ""coordinates"": [
    -8.304418677800000e+01,
    4.233318007700010e+01
  ],
  ""type"": ""Point""
}","{
  ""coordinates"": [
    -83.044186778,
    42.333180077
  ],
  ""type"": ""Point""
}",-83.044186778,42.3331800770001