ObjectId,Crash ID,Primary Road,Intersecting Road,Crash Date,Day,Month,Year,Hour,Weekday,Crash Type Code,Highway Classification Code,Community Code,Jurisdiction Code,Lane Departure Type Code,Surface Type,Road Condition,Weather Condition,Lighting Condition,Speed Limit,Lanes,Units,Occupants,Most Severe Injury,Fatal Injuries,Suspected Serious Injuries,Suspected Minor Injuries,Possible Injuries,Property Damage Only,Secondary Crash,Traffic Control,Red Light Run,Hit and Run,Alcohol,Drugs,Unbelted Person,Work Zone,Speeding Driver,Distracted Driver,Driveway,Pedestrian,Elderly Driver,Young Driver,Commercial Vehicle,Emergency Vehicles,Train,School Bus,Motorcycle,Bicycle,Deer,Longitude,Latitude,geom,geog,x,y
13961,9997274,I-75,VERNOR,2016-05-24,24,5,2016,17,3,1,1,,1,0,,1,1,1,55,3,1,1,5,0,0,0,0,true,,false,false,false,false,false,,,,,,false,false,false,,,false,false,false,false,false,-83.08195,42.32175,"{
  ""coordinates"": [
    -8.308194937300000e+01,
    4.232174530200010e+01
  ],
  ""type"": ""Point""
}","{
  ""coordinates"": [
    -83.081949373,
    42.321745302
  ],
  ""type"": ""Point""
}",-83.081949373,42.3217453020001
13962,9712227,CHALMERS,MAYFIELD,2016-05-23,23,5,2016,2,2,3,9,,4,0,,1,1,4,30,2,2,3,1,1,0,1,0,false,,false,false,false,true,true,,,,,,false,false,false,,,false,false,false,false,false,-82.97488,42.42207,"{
  ""coordinates"": [
    -8.297488541300000e+01,
    4.242206474400010e+01
  ],
  ""type"": ""Point""
}","{
  ""coordinates"": [
    -82.974885413,
    42.422064744
  ],
  ""type"": ""Point""
}",-82.974885413,42.4220647440001
13963,9704284,LARCHMONT,BEECHWOOD,2016-05-23,23,5,2016,15,2,5,9,,,0,,1,1,1,20,1,2,2,5,0,0,0,0,true,,false,false,false,false,false,,,,,,false,false,true,,,false,false,false,false,false,-83.11999,42.3539,"{
  ""coordinates"": [
    -8.311998514600000e+01,
    4.235389623400000e+01
  ],
  ""type"": ""Point""
}","{
  ""coordinates"": [
    -83.119985146,
    42.353896234
  ],
  ""type"": ""Point""
}",-83.119985146,42.353896234
13964,9704219,I 94,RUSSELL,2016-05-23,23,5,2016,10,2,1,1,,1,0,,1,1,1,55,3,1,1,5,0,0,0,0,true,,false,false,false,false,false,,,,,,false,false,false,,,false,false,false,false,false,-83.05698,42.36938,"{
  ""coordinates"": [
    -8.305697778699989e+01,
    4.236937698100010e+01
  ],
  ""type"": ""Point""
}","{
  ""coordinates"": [
    -83.056977787,
    42.369376981
  ],
  ""type"": ""Point""
}",-83.0569777869999,42.3693769810001
13965,9705037,VAN DYKE,7 MILE,2016-05-23,23,5,2016,20,2,4,3,,1,0,,1,1,4,35,4,2,4,5,0,0,0,0,true,,true,true,true,false,false,,,,,,false,false,true,,,false,false,false,false,false,-83.02425,42.43397,"{
  ""coordinates"": [
    -8.302424816699990e+01,
    4.243396838500010e+01
  ],
  ""type"": ""Point""
}","{
  ""coordinates"": [
    -83.024248167,
    42.433968385
  ],
  ""type"": ""Point""
}",-83.0242481669999,42.4339683850001
13966,9704278,MILWAUKEE RAMP/BALTIMORE CUTOF,THIRD,2016-05-23,23,5,2016,16,2,5,9,,4,0,,1,1,1,25,2,3,3,5,0,0,0,0,true,,false,false,true,false,false,,,,,,false,true,false,,,false,false,false,false,false,-83.07795,42.36708,"{
  ""coordinates"": [
    -8.307795268800000e+01,
    4.236708446600010e+01
  ],
  ""type"": ""Point""
}","{
  ""coordinates"": [
    -83.077952688,
    42.367084466
  ],
  ""type"": ""Point""
}",-83.077952688,42.3670844660001
13967,9997259,E I 94,ADDISON,2016-05-23,23,5,2016,7,2,1,1,,1,1,,1,1,1,55,3,1,1,5,0,0,0,0,true,,false,false,false,false,false,,,,,,false,false,false,,,false,false,false,false,false,-83.14882,42.33052,"{
  ""coordinates"": [
    -8.314882275300000e+01,
    4.233051966800010e+01
  ],
  ""type"": ""Point""
}","{
  ""coordinates"": [
    -83.148822753,
    42.330519668
  ],
  ""type"": ""Point""
}",-83.148822753,42.3305196680001
13968,9704211,EB I-94,MOROSS,2016-05-23,23,5,2016,18,2,1,1,,1,1,,1,2,1,55,3,1,1,5,0,0,0,0,true,,false,false,false,false,false,,,,,,false,false,true,,,false,false,false,false,false,-82.92967,42.42319,"{
  ""coordinates"": [
    -8.292967041599999e+01,
    4.242319354000010e+01
  ],
  ""type"": ""Point""
}","{
  ""coordinates"": [
    -82.929670416,
    42.42319354
  ],
  ""type"": ""Point""
}",-82.929670416,42.4231935400001
13969,9997247,SOUTHFIELD SERVICE DRIVE,PEMBROKE,2016-05-23,23,5,2016,15,2,5,9,,4,0,,1,1,1,0,3,4,5,4,0,0,0,1,false,,false,false,false,false,false,,,,,,false,false,true,,,false,false,false,false,false,-83.21996,42.43696,"{
  ""coordinates"": [
    -8.321996116500000e+01,
    4.243695961900000e+01
  ],
  ""type"": ""Point""
}","{
  ""coordinates"": [
    -83.219961165,
    42.436959619
  ],
  ""type"": ""Point""
}",-83.219961165,42.436959619
13970,9704310,MOUND,LUCE,2016-05-23,23,5,2016,7,2,4,9,,2,0,,1,1,1,35,2,2,3,5,0,0,0,0,true,,false,false,true,false,false,,,,,,false,false,false,,,false,false,false,false,false,-83.04244,42.4157,"{
  ""coordinates"": [
    -8.304244384700000e+01,
    4.241569552300010e+01
  ],
  ""type"": ""Point""
}","{
  ""coordinates"": [
    -83.042443847,
    42.415695523
  ],
  ""type"": ""Point""
}",-83.042443847,42.4156955230001
13971,9716861,W I 96,RAMP 145B,2016-05-23,23,5,2016,13,2,4,1,,1,0,,1,1,1,55,4,2,3,5,0,0,0,0,true,,false,false,false,false,false,,,,,,false,true,false,,,false,false,false,false,false,-83.09224,42.33907,"{
  ""coordinates"": [
    -8.309224068400000e+01,
    4.233907238300000e+01
  ],
  ""type"": ""Point""
}","{
  ""coordinates"": [
    -83.092240684,
    42.339072383
  ],
  ""type"": ""Point""
}",-83.092240684,42.339072383
13972,9705756,OUTER,SAINT MARYS,2016-05-23,23,5,2016,7,2,4,9,,2,0,,1,1,1,35,2,2,1,5,0,0,0,0,true,,false,false,true,false,false,,,,,,false,true,false,,,false,false,false,false,false,-83.20695,42.41931,"{
  ""coordinates"": [
    -8.320695735500000e+01,
    4.241930780000010e+01
  ],
  ""type"": ""Point""
}","{
  ""coordinates"": [
    -83.206957355,
    42.4193078
  ],
  ""type"": ""Point""
}",-83.206957355,42.4193078000001
13973,9706517,S M 39 SERVICE DRIVE,JOY,2016-05-23,23,5,2016,14,2,5,9,,4,0,,1,1,1,55,3,2,2,5,0,0,0,0,true,,false,false,false,false,false,,,,,,false,false,false,,,false,false,false,false,false,-83.2169,42.35788,"{
  ""coordinates"": [
    -8.321690133300000e+01,
    4.235787892100010e+01
  ],
  ""type"": ""Point""
}","{
  ""coordinates"": [
    -83.216901333,
    42.357878921
  ],
  ""type"": ""Point""
}",-83.216901333,42.3578789210001
13974,9709893,E I 96,RAMP 008M,2016-05-23,23,5,2016,16,2,5,1,,1,0,,1,1,1,45,2,2,2,5,0,0,0,0,true,,false,false,false,false,false,,,,,,false,true,true,,,false,false,false,false,false,-83.21726,42.37864,"{
  ""coordinates"": [
    -8.321726316500001e+01,
    4.237863824300010e+01
  ],
  ""type"": ""Point""
}","{
  ""coordinates"": [
    -83.217263165,
    42.378638243
  ],
  ""type"": ""Point""
}",-83.217263165,42.3786382430001
13975,9712178,MARTIN LUTHER KING JR,TRUMBULL,2016-05-23,23,5,2016,15,2,10,3,,4,0,,1,1,1,35,3,2,2,5,0,0,0,0,true,,false,false,false,false,false,,,,,,false,false,true,,,false,false,false,false,false,-83.07285,42.34186,"{
  ""coordinates"": [
    -8.307284866700000e+01,
    4.234186037200000e+01
  ],
  ""type"": ""Point""
}","{
  ""coordinates"": [
    -83.072848667,
    42.341860372
  ],
  ""type"": ""Point""
}",-83.072848667,42.341860372
13976,9705752,VAN DYKE,DUNCAN,2016-05-23,23,5,2016,13,2,3,3,,1,0,,1,1,1,30,4,2,3,4,0,0,0,1,false,,false,false,false,false,false,,,,,,false,false,false,,,false,false,false,false,false,-83.02042,42.38661,"{
  ""coordinates"": [
    -8.302041249599991e+01,
    4.238660717800010e+01
  ],
  ""type"": ""Point""
}","{
  ""coordinates"": [
    -83.020412496,
    42.386607178
  ],
  ""type"": ""Point""
}",-83.0204124959999,42.3866071780001
13977,9715743,MONICA,DAVISON,2016-05-23,23,5,2016,1,2,98,3,,,3,,98,98,98,0,1,2,0,5,0,0,0,0,true,,false,false,true,false,false,,,,,,false,false,false,,,false,false,false,false,false,-83.14278,42.38671,"{
  ""coordinates"": [
    -8.314278629800000e+01,
    4.238671305400000e+01
  ],
  ""type"": ""Point""
}","{
  ""coordinates"": [
    -83.142786298,
    42.386713054
  ],
  ""type"": ""Point""
}",-83.142786298,42.386713054
13978,9706338,FENKELL,ROBSON,2016-05-23,23,5,2016,16,2,6,9,,2,0,,1,1,1,35,2,3,5,4,0,0,0,3,false,,false,false,true,false,false,,,,,,false,false,false,,,false,false,false,false,false,-83.1926,42.4017,"{
  ""coordinates"": [
    -8.319260672900000e+01,
    4.240170188100010e+01
  ],
  ""type"": ""Point""
}","{
  ""coordinates"": [
    -83.192606729,
    42.401701881
  ],
  ""type"": ""Point""
}",-83.192606729,42.4017018810001
13979,9706472,DREXEL,LOZIER,2016-05-23,23,5,2016,2,2,4,9,,,0,,1,1,4,25,1,2,8,5,0,0,0,0,true,,false,false,false,false,false,,,,,,false,false,false,,,false,false,false,false,false,-82.96051,42.38622,"{
  ""coordinates"": [
    -8.296051093299999e+01,
    4.238621354700010e+01
  ],
  ""type"": ""Point""
}","{
  ""coordinates"": [
    -82.960510933,
    42.386213547
  ],
  ""type"": ""Point""
}",-82.960510933,42.3862135470001
13980,9704275,JOY,MANOR,2016-05-23,23,5,2016,12,2,4,9,,4,0,,1,1,1,30,5,2,3,4,0,0,0,2,false,,false,false,false,false,false,,,,,,false,true,false,,,false,false,false,false,false,-83.16651,42.35875,"{
  ""coordinates"": [
    -8.316651166400000e+01,
    4.235875012000000e+01
  ],
  ""type"": ""Point""
}","{
  ""coordinates"": [
    -83.166511664,
    42.35875012
  ],
  ""type"": ""Point""
}",-83.166511664,42.35875012
13981,9709089,WARREN,SAINT ANTOINE,2016-05-23,23,5,2016,14,2,4,9,,4,0,,1,1,1,30,4,2,4,5,0,0,0,0,true,,false,false,false,false,false,,,,,,false,true,true,,,false,false,true,false,false,-83.05723,42.35994,"{
  ""coordinates"": [
    -8.305723147899990e+01,
    4.235993605400010e+01
  ],
  ""type"": ""Point""
}","{
  ""coordinates"": [
    -83.057231479,
    42.359936054
  ],
  ""type"": ""Point""
}",-83.0572314789999,42.3599360540001
13982,9704213,N M 39,PEMBROKE,2016-05-23,23,5,2016,15,2,8,3,,1,0,,1,1,1,55,3,2,2,5,0,0,0,0,true,,false,false,false,false,false,,,,,,false,false,true,,,false,false,false,false,false,-83.21949,42.43642,"{
  ""coordinates"": [
    -8.321949295000000e+01,
    4.243642291500000e+01
  ],
  ""type"": ""Point""
}","{
  ""coordinates"": [
    -83.21949295,
    42.436422915
  ],
  ""type"": ""Point""
}",-83.21949295,42.436422915
13983,9997255,N I 75,RAMP 044B,2016-05-23,23,5,2016,17,2,5,1,,1,0,,1,1,1,70,3,2,2,5,0,0,0,0,true,,false,false,false,false,false,,,,,,false,false,true,,,false,false,false,false,false,-83.0556,42.3634,"{
  ""coordinates"": [
    -8.305559519500000e+01,
    4.236339882600000e+01
  ],
  ""type"": ""Point""
}","{
  ""coordinates"": [
    -83.055595195,
    42.363398826
  ],
  ""type"": ""Point""
}",-83.055595195,42.363398826
13984,9706434,RAMP 211B,ADDISON,2016-05-23,23,5,2016,13,2,8,1,,1,0,,2,1,1,55,3,2,3,5,0,0,0,0,true,,false,false,false,false,false,,,,,,false,false,false,,,false,false,false,false,false,-83.15123,42.33047,"{
  ""coordinates"": [
    -8.315122907400000e+01,
    4.233047610700000e+01
  ],
  ""type"": ""Point""
}","{
  ""coordinates"": [
    -83.151229074,
    42.330476107
  ],
  ""type"": ""Point""
}",-83.151229074,42.330476107
13985,9706596,WARREN,ST MARYS,2016-05-23,23,5,2016,11,2,8,9,,2,0,,1,1,1,35,2,2,1,5,0,0,0,0,true,,false,false,false,false,false,,,,,,false,false,false,,,false,false,false,false,false,-83.20364,42.34357,"{
  ""coordinates"": [
    -8.320363322999999e+01,
    4.234356817800010e+01
  ],
  ""type"": ""Point""
}","{
  ""coordinates"": [
    -83.20363323,
    42.343568178
  ],
  ""type"": ""Point""
}",-83.20363323,42.3435681780001
13986,9705048,WOODWARD,JOSEPHINE,2016-05-23,23,5,2016,8,2,4,3,,1,0,,1,1,1,30,8,2,1,4,0,0,0,1,false,,false,false,true,false,false,,,,,,false,false,false,,,false,false,true,false,false,-83.08125,42.38209,"{
  ""coordinates"": [
    -8.308124171199999e+01,
    4.238208747400010e+01
  ],
  ""type"": ""Point""
}","{
  ""coordinates"": [
    -83.081241712,
    42.382087474
  ],
  ""type"": ""Point""
}",-83.081241712,42.3820874740001
13987,9706435,MORRELL,N I 75 SERVICE DRIVE,2016-05-23,23,5,2016,15,2,10,9,,,0,,1,1,1,25,3,2,1,5,0,0,0,0,true,,false,false,false,false,false,,,,,,false,false,false,,,false,false,false,false,false,-83.09564,42.31131,"{
  ""coordinates"": [
    -8.309564027099999e+01,
    4.231130655100000e+01
  ],
  ""type"": ""Point""
}","{
  ""coordinates"": [
    -83.095640271,
    42.311306551
  ],
  ""type"": ""Point""
}",-83.095640271,42.311306551
13988,9705766,WYOMING,MCNICHOLS,2016-05-23,23,5,2016,16,2,10,9,,4,3,,1,1,1,25,1,2,0,5,0,0,0,0,true,,false,false,true,false,false,,,,,,false,false,false,,,false,false,false,false,false,-83.16031,42.41673,"{
  ""coordinates"": [
    -8.316030582799991e+01,
    4.241672756700010e+01
  ],
  ""type"": ""Point""
}","{
  ""coordinates"": [
    -83.160305828,
    42.416727567
  ],
  ""type"": ""Point""
}",-83.1603058279999,42.4167275670001
13989,9704220,RAMP 122E,N M 10,2016-05-23,23,5,2016,15,2,1,3,,1,1,,1,1,1,55,1,1,1,5,0,0,0,0,true,,false,false,false,false,false,,,,,,false,false,true,,,false,false,false,false,false,-83.06453,42.33598,"{
  ""coordinates"": [
    -8.306452685900000e+01,
    4.233598047300010e+01
  ],
  ""type"": ""Point""
}","{
  ""coordinates"": [
    -83.064526859,
    42.335980473
  ],
  ""type"": ""Point""
}",-83.064526859,42.3359804730001
13990,9705031,8 MILE,GRATIOT,2016-05-23,23,5,2016,22,2,1,3,,1,0,,1,1,4,40,3,2,3,3,0,0,1,0,false,,false,false,false,false,false,,,,,,true,false,true,,,false,false,false,false,false,-82.96791,42.44983,"{
  ""coordinates"": [
    -8.296790954300000e+01,
    4.244983478700000e+01
  ],
  ""type"": ""Point""
}","{
  ""coordinates"": [
    -82.967909543,
    42.449834787
  ],
  ""type"": ""Point""
}",-82.967909543,42.449834787
13991,9704117,LODGE,LINWOOD,2016-05-23,23,5,2016,7,2,5,3,,1,0,,1,1,1,55,3,2,3,5,0,0,0,0,true,,false,false,true,false,false,,,,,,false,false,false,,,false,false,false,false,false,-83.11511,42.40139,"{
  ""coordinates"": [
    -8.311511246000001e+01,
    4.240139008300010e+01
  ],
  ""type"": ""Point""
}","{
  ""coordinates"": [
    -83.11511246,
    42.401390083
  ],
  ""type"": ""Point""
}",-83.11511246,42.4013900830001
13992,9997246,E/B I-94,ROSAPARKS,2016-05-23,23,5,2016,9,2,5,1,,1,0,,1,1,1,55,3,2,2,5,0,0,0,0,true,,false,false,false,false,false,,,,,,false,false,false,,,false,false,false,false,false,-83.08544,42.35439,"{
  ""coordinates"": [
    -8.308544216999999e+01,
    4.235439367500000e+01
  ],
  ""type"": ""Point""
}","{
  ""coordinates"": [
    -83.08544217,
    42.354393675
  ],
  ""type"": ""Point""
}",-83.08544217,42.354393675
13993,9705718,ELSMERE,LANE,2016-05-23,23,5,2016,17,2,97,9,,,0,,1,1,1,25,3,2,3,4,0,0,0,1,false,,false,false,false,false,false,,,,,,true,false,false,,,false,false,false,false,false,-83.13393,42.30437,"{
  ""coordinates"": [
    -8.313392302299999e+01,
    4.230436853100010e+01
  ],
  ""type"": ""Point""
}","{
  ""coordinates"": [
    -83.133923023,
    42.304368531
  ],
  ""type"": ""Point""
}",-83.133923023,42.3043685310001
13994,9704276,GRAND RIVER,SCHAEFER,2016-05-23,23,5,2016,23,2,4,3,,1,0,,1,1,4,30,5,2,2,5,0,0,0,0,true,,false,false,false,false,false,,,,,,false,false,false,,,false,false,false,false,false,-83.17841,42.38461,"{
  ""coordinates"": [
    -8.317840440700000e+01,
    4.238461282300010e+01
  ],
  ""type"": ""Point""
}","{
  ""coordinates"": [
    -83.178404407,
    42.384612823
  ],
  ""type"": ""Point""
}",-83.178404407,42.3846128230001
13995,9715566,S M 39,RAMP 011C,2016-05-23,23,5,2016,8,2,5,3,,1,0,,1,1,1,55,3,2,2,5,0,0,0,0,true,,false,false,false,false,false,,,,,,false,false,false,,,false,false,false,false,false,-83.21951,42.43303,"{
  ""coordinates"": [
    -8.321950266300000e+01,
    4.243302444500010e+01
  ],
  ""type"": ""Point""
}","{
  ""coordinates"": [
    -83.219502663,
    42.433024445
  ],
  ""type"": ""Point""
}",-83.219502663,42.4330244450001
13996,9704273,FENKELL,LINDSAY,2016-05-23,23,5,2016,6,2,4,9,,2,0,,1,1,1,30,2,2,5,3,0,0,1,1,false,,false,false,false,false,false,,,,,,false,false,false,,,false,false,false,false,false,-83.21268,42.40121,"{
  ""coordinates"": [
    -8.321267732400000e+01,
    4.240120832000010e+01
  ],
  ""type"": ""Point""
}","{
  ""coordinates"": [
    -83.212677324,
    42.40120832
  ],
  ""type"": ""Point""
}",-83.212677324,42.4012083200001
13997,9715829,7 MILE,GREENLAWN,2016-05-23,23,5,2016,18,2,5,9,,2,0,,1,1,1,30,4,2,2,5,0,0,0,0,true,,false,false,false,false,false,,,,,,false,false,false,,,false,false,false,false,false,-83.15147,42.43142,"{
  ""coordinates"": [
    -8.315147732299990e+01,
    4.243141459600000e+01
  ],
  ""type"": ""Point""
}","{
  ""coordinates"": [
    -83.151477323,
    42.431414596
  ],
  ""type"": ""Point""
}",-83.1514773229999,42.431414596
13998,9704312,GILCHRIST,SAINT MARTINS,2016-05-23,23,5,2016,13,2,4,9,,,0,,1,1,1,25,2,2,3,5,0,0,0,0,true,,false,false,true,false,false,,,,,,false,false,false,,,false,false,false,false,false,-83.2131,42.43552,"{
  ""coordinates"": [
    -8.321309718200000e+01,
    4.243551492600010e+01
  ],
  ""type"": ""Point""
}","{
  ""coordinates"": [
    -83.213097182,
    42.435514926
  ],
  ""type"": ""Point""
}",-83.213097182,42.4355149260001
13999,9708258,RAMP 213L,W I 94,2016-05-23,23,5,2016,14,2,8,1,,1,0,,1,1,1,55,3,2,2,5,0,0,0,0,true,,false,false,false,false,false,,,,,,false,true,false,,,false,false,false,false,false,-83.09626,42.35118,"{
  ""coordinates"": [
    -8.309626301100000e+01,
    4.235117740800010e+01
  ],
  ""type"": ""Point""
}","{
  ""coordinates"": [
    -83.096263011,
    42.351177408
  ],
  ""type"": ""Point""
}",-83.096263011,42.3511774080001
14000,9706422,LAFAYETTE,GREEN,2016-05-23,23,5,2016,16,2,8,9,,4,0,,2,1,1,25,4,2,1,5,0,0,0,0,true,,false,false,false,false,false,,,,,,false,false,false,,,false,false,false,false,false,-83.11447,42.30452,"{
  ""coordinates"": [
    -8.311447122899990e+01,
    4.230451934600010e+01
  ],
  ""type"": ""Point""
}","{
  ""coordinates"": [
    -83.114471229,
    42.304519346
  ],
  ""type"": ""Point""
}",-83.1144712289999,42.3045193460001
14001,9717897,111 FORD,SECOND,2016-05-23,23,5,2016,13,2,4,9,,,0,,1,1,1,25,4,2,1,5,0,0,0,0,true,,false,false,true,false,false,,,,,,false,false,false,,,false,false,false,false,false,-83.07438,42.36443,"{
  ""coordinates"": [
    -8.307438154000000e+01,
    4.236443191300000e+01
  ],
  ""type"": ""Point""
}","{
  ""coordinates"": [
    -83.07438154,
    42.364431913
  ],
  ""type"": ""Point""
}",-83.07438154,42.364431913
14002,9704266,N M 39,RAMP 008C,2016-05-23,23,5,2016,16,2,5,3,,1,0,,1,1,1,55,3,2,2,5,0,0,0,0,true,,false,false,false,false,false,,,,,,false,false,false,,,false,false,false,false,false,-83.21689,42.37852,"{
  ""coordinates"": [
    -8.321688936200000e+01,
    4.237852559900010e+01
  ],
  ""type"": ""Point""
}","{
  ""coordinates"": [
    -83.216889362,
    42.378525599
  ],
  ""type"": ""Point""
}",-83.216889362,42.3785255990001
14003,9715799,8 MILE,BUFFALO,2016-05-23,23,5,2016,16,2,5,3,,1,0,,1,1,1,35,4,6,7,4,0,0,0,1,false,,false,false,false,false,false,,,,,,false,false,false,,,false,false,false,false,false,-83.04839,42.44765,"{
  ""coordinates"": [
    -8.304838532199990e+01,
    4.244764564200010e+01
  ],
  ""type"": ""Point""
}","{
  ""coordinates"": [
    -83.048385322,
    42.447645642
  ],
  ""type"": ""Point""
}",-83.0483853219999,42.4476456420001
14004,9922164,SOUTHFIELD SERVICE DRIVE,PURITAN,2016-05-23,23,5,2016,17,2,5,9,,4,0,,1,1,1,0,3,2,2,5,0,0,0,0,true,,false,false,false,false,false,,,,,,false,false,true,,,false,false,false,false,false,-83.21822,42.40831,"{
  ""coordinates"": [
    -8.321821715700000e+01,
    4.240831161500010e+01
  ],
  ""type"": ""Point""
}","{
  ""coordinates"": [
    -83.218217157,
    42.408311615
  ],
  ""type"": ""Point""
}",-83.218217157,42.4083116150001
14005,9722020,W I 96 CD,RAMP 138D,2016-05-23,23,5,2016,3,2,8,1,,1,0,,1,2,4,70,3,2,2,5,0,0,0,0,true,,false,false,true,true,true,,,,,,false,true,false,,,false,false,false,false,false,-83.16406,42.38563,"{
  ""coordinates"": [
    -8.316405991600000e+01,
    4.238563089900000e+01
  ],
  ""type"": ""Point""
}","{
  ""coordinates"": [
    -83.164059916,
    42.385630899
  ],
  ""type"": ""Point""
}",-83.164059916,42.385630899
14006,9715898,SAN JUAN,CURTIS,2016-05-23,23,5,2016,16,2,8,9,,,0,,1,1,1,25,2,2,0,5,0,0,0,0,true,,false,false,false,false,false,,,,,,false,false,false,,,false,false,false,false,false,-83.14663,42.42454,"{
  ""coordinates"": [
    -8.314663077300000e+01,
    4.242453994900010e+01
  ],
  ""type"": ""Point""
}","{
  ""coordinates"": [
    -83.146630773,
    42.424539949
  ],
  ""type"": ""Point""
}",-83.146630773,42.4245399490001
14007,9706377,NORTHLAWN,TIREMAN,2016-05-23,23,5,2016,17,2,1,9,,,1,,1,1,1,25,2,1,0,5,0,0,0,0,true,,false,false,false,false,false,,,,,,false,false,false,,,false,false,false,false,false,-83.15164,42.35211,"{
  ""coordinates"": [
    -8.315164338800000e+01,
    4.235210910900000e+01
  ],
  ""type"": ""Point""
}","{
  ""coordinates"": [
    -83.151643388,
    42.352109109
  ],
  ""type"": ""Point""
}",-83.151643388,42.352109109
14008,9702599,FERRY PARK,ROSA PARKS,2016-05-23,23,5,2016,8,2,98,9,,,0,,1,1,1,25,6,2,3,5,0,0,0,0,true,,false,false,false,false,false,,,,,,false,false,false,,,false,false,false,false,false,-83.09019,42.36248,"{
  ""coordinates"": [
    -8.309018374999989e+01,
    4.236248045600010e+01
  ],
  ""type"": ""Point""
}","{
  ""coordinates"": [
    -83.09018375,
    42.362480456
  ],
  ""type"": ""Point""
}",-83.0901837499999,42.3624804560001
14009,9704300,LINDSAY,MCNICHOLS,2016-05-23,23,5,2016,0,2,4,9,,,0,,1,1,4,35,2,2,2,3,0,0,1,0,false,,true,true,false,false,false,,,,,,false,false,false,,,false,false,true,false,false,-83.21331,42.41566,"{
  ""coordinates"": [
    -8.321330724400001e+01,
    4.241566553900000e+01
  ],
  ""type"": ""Point""
}","{
  ""coordinates"": [
    -83.213307244,
    42.415665539
  ],
  ""type"": ""Point""
}",-83.213307244,42.415665539
14010,9705025,BURT,PLYMOUTH,2016-05-23,23,5,2016,7,2,5,9,,4,0,,1,1,1,30,2,2,2,4,0,0,0,1,false,,false,false,true,false,false,,,,,,false,false,false,,,false,false,false,false,false,-83.24622,42.37183,"{
  ""coordinates"": [
    -8.324621975799990e+01,
    4.237182697500000e+01
  ],
  ""type"": ""Point""
}","{
  ""coordinates"": [
    -83.246219758,
    42.371826975
  ],
  ""type"": ""Point""
}",-83.2462197579999,42.371826975
14011,9705777,ANTOINETTE,SECOND,2016-05-23,23,5,2016,16,2,8,9,,4,0,,1,1,1,25,2,2,1,5,0,0,0,0,true,,false,false,true,false,false,,,,,,false,false,false,,,false,false,false,false,false,-83.07298,42.36253,"{
  ""coordinates"": [
    -8.307297587799999e+01,
    4.236252928500010e+01
  ],
  ""type"": ""Point""
}","{
  ""coordinates"": [
    -83.072975878,
    42.362529285
  ],
  ""type"": ""Point""
}",-83.072975878,42.3625292850001
14012,9715575,GRATIOT,MANNING,2016-05-23,23,5,2016,20,2,4,3,,1,0,,1,1,1,35,6,2,2,1,1,0,0,0,false,,false,false,false,false,false,,,,,,false,false,true,,,false,false,true,false,false,-82.97392,42.44081,"{
  ""coordinates"": [
    -8.297391460199999e+01,
    4.244081510600010e+01
  ],
  ""type"": ""Point""
}","{
  ""coordinates"": [
    -82.973914602,
    42.440815106
  ],
  ""type"": ""Point""
}",-82.973914602,42.4408151060001
14013,9757546,I 94 W/B,MAC,2016-05-23,23,5,2016,8,2,5,1,,1,0,,1,1,1,70,3,2,2,4,0,0,0,1,false,,false,false,false,false,false,,,,,,false,false,false,,,false,false,false,false,false,-83.00363,42.39202,"{
  ""coordinates"": [
    -8.300362958700001e+01,
    4.239202547000010e+01
  ],
  ""type"": ""Point""
}","{
  ""coordinates"": [
    -83.003629587,
    42.39202547
  ],
  ""type"": ""Point""
}",-83.003629587,42.3920254700001
14014,9704210,EB I-94,MOROSS,2016-05-23,23,5,2016,18,2,5,1,,1,0,,1,2,1,55,3,3,3,5,0,0,0,0,true,,false,false,false,false,false,,,,,,false,false,true,,,false,false,false,false,false,-82.92967,42.42319,"{
  ""coordinates"": [
    -8.292967041599999e+01,
    4.242319354000010e+01
  ],
  ""type"": ""Point""
}","{
  ""coordinates"": [
    -82.929670416,
    42.42319354
  ],
  ""type"": ""Point""
}",-82.929670416,42.4231935400001
14015,9704308,DEXTER,WAVERLY,2016-05-23,23,5,2016,15,2,4,9,,4,0,,1,1,1,30,4,2,5,5,0,0,0,0,true,,false,false,false,false,false,,,,,,false,false,true,,,false,false,false,false,false,-83.13044,42.38911,"{
  ""coordinates"": [
    -8.313044045600000e+01,
    4.238911596000000e+01
  ],
  ""type"": ""Point""
}","{
  ""coordinates"": [
    -83.130440456,
    42.38911596
  ],
  ""type"": ""Point""
}",-83.130440456,42.38911596
14016,9704287,WARREN,15TH,2016-05-23,23,5,2016,16,2,8,9,,4,0,,1,1,1,25,2,2,1,5,0,0,0,0,true,,false,false,true,false,false,,,,,,false,false,false,,,false,false,false,false,false,-83.08807,42.34914,"{
  ""coordinates"": [
    -8.308806989800000e+01,
    4.234914552100000e+01
  ],
  ""type"": ""Point""
}","{
  ""coordinates"": [
    -83.088069898,
    42.349145521
  ],
  ""type"": ""Point""
}",-83.088069898,42.349145521