ObjectId,Crash ID,Primary Road,Intersecting Road,Crash Date,Day,Month,Year,Hour,Weekday,Crash Type Code,Highway Classification Code,Community Code,Jurisdiction Code,Lane Departure Type Code,Surface Type,Road Condition,Weather Condition,Lighting Condition,Speed Limit,Lanes,Units,Occupants,Most Severe Injury,Fatal Injuries,Suspected Serious Injuries,Suspected Minor Injuries,Possible Injuries,Property Damage Only,Secondary Crash,Traffic Control,Red Light Run,Hit and Run,Alcohol,Drugs,Unbelted Person,Work Zone,Speeding Driver,Distracted Driver,Driveway,Pedestrian,Elderly Driver,Young Driver,Commercial Vehicle,Emergency Vehicles,Train,School Bus,Motorcycle,Bicycle,Deer,Longitude,Latitude,geom,geog,x,y
14017,9715809,OUTER,HUBBELL,2016-05-23,23,5,2016,18,2,5,9,,2,0,,1,1,1,30,2,2,2,4,0,0,0,1,false,,false,false,false,false,false,,,,,,false,true,false,,,false,false,false,false,false,-83.18999,42.41992,"{
  ""coordinates"": [
    -8.318999653500001e+01,
    4.241991885800010e+01
  ],
  ""type"": ""Point""
}","{
  ""coordinates"": [
    -83.189996535,
    42.419918858
  ],
  ""type"": ""Point""
}",-83.189996535,42.4199188580001
14018,9997292,I-96,MARTIN LUTHER KING JR,2016-05-23,23,5,2016,8,2,5,1,,1,0,,1,1,1,55,4,2,2,5,0,0,0,0,true,,false,false,true,false,false,,,,,,false,false,false,,,false,false,false,false,false,-83.09097,42.33646,"{
  ""coordinates"": [
    -8.309097328800000e+01,
    4.233645548300010e+01
  ],
  ""type"": ""Point""
}","{
  ""coordinates"": [
    -83.090973288,
    42.336455483
  ],
  ""type"": ""Point""
}",-83.090973288,42.3364554830001
14019,9706473,NOTTINGHAM,YORKSHIRE,2016-05-23,23,5,2016,6,2,1,9,,,0,,1,1,1,25,1,1,0,5,0,0,0,0,true,,false,false,true,false,false,,,,,,false,false,false,,,false,false,false,false,false,-82.94936,42.41791,"{
  ""coordinates"": [
    -8.294936656800000e+01,
    4.241791229500010e+01
  ],
  ""type"": ""Point""
}","{
  ""coordinates"": [
    -82.949366568,
    42.417912295
  ],
  ""type"": ""Point""
}",-82.949366568,42.4179122950001
14020,9715814,8 MILE,WYOMING,2016-05-23,23,5,2016,14,2,8,3,,1,0,,1,1,1,35,4,2,2,5,0,0,0,0,true,,false,false,true,false,false,,,,,,false,false,false,,,false,false,false,false,false,-83.16187,42.44564,"{
  ""coordinates"": [
    -8.316186263799990e+01,
    4.244563723700000e+01
  ],
  ""type"": ""Point""
}","{
  ""coordinates"": [
    -83.161862638,
    42.445637237
  ],
  ""type"": ""Point""
}",-83.1618626379999,42.445637237
14021,9997262,RAMP 213D,E I 94,2016-05-23,23,5,2016,9,2,5,1,,1,0,,1,1,1,55,1,2,2,5,0,0,0,0,true,,false,false,false,false,false,,,,,,false,false,true,,,false,false,false,false,false,-83.10405,42.34849,"{
  ""coordinates"": [
    -8.310405197400000e+01,
    4.234848618400010e+01
  ],
  ""type"": ""Point""
}","{
  ""coordinates"": [
    -83.104051974,
    42.348486184
  ],
  ""type"": ""Point""
}",-83.104051974,42.3484861840001
14022,9723863,MEYERS,MCNICHOLS,2016-05-23,23,5,2016,15,2,5,9,,4,0,,1,1,1,30,6,2,1,4,0,0,0,1,false,,false,false,true,false,false,,,,,,false,false,false,,,false,false,false,false,false,-83.17013,42.41693,"{
  ""coordinates"": [
    -8.317012961599990e+01,
    4.241692994100000e+01
  ],
  ""type"": ""Point""
}","{
  ""coordinates"": [
    -83.170129616,
    42.416929941
  ],
  ""type"": ""Point""
}",-83.1701296159999,42.416929941
14023,9710072,OUTER,GREENFIELD,2016-05-23,23,5,2016,7,2,5,9,,2,0,,1,1,1,30,4,2,10,3,0,0,2,0,false,,false,false,false,false,false,,,,,,false,false,false,,,false,false,false,false,false,-83.19948,42.41946,"{
  ""coordinates"": [
    -8.319947712200000e+01,
    4.241946342700000e+01
  ],
  ""type"": ""Point""
}","{
  ""coordinates"": [
    -83.199477122,
    42.419463427
  ],
  ""type"": ""Point""
}",-83.199477122,42.419463427
14024,9997261,I 94,WOODWARD,2016-05-23,23,5,2016,9,2,1,1,,1,1,,1,1,1,55,3,1,1,5,0,0,0,0,true,,false,false,false,false,false,,,,,,false,false,false,,,false,false,false,false,false,-83.06788,42.36406,"{
  ""coordinates"": [
    -8.306788206300000e+01,
    4.236406294400010e+01
  ],
  ""type"": ""Point""
}","{
  ""coordinates"": [
    -83.067882063,
    42.364062944
  ],
  ""type"": ""Point""
}",-83.067882063,42.3640629440001
14025,9715578,N M 39,I 96 SERVICE DRIVE,2016-05-23,23,5,2016,15,2,8,3,,1,0,,1,1,1,35,2,2,1,5,0,0,0,0,true,,false,false,true,false,false,,,,,,false,false,true,,,false,false,false,false,false,-83.21687,42.37823,"{
  ""coordinates"": [
    -8.321686437999990e+01,
    4.237822843600000e+01
  ],
  ""type"": ""Point""
}","{
  ""coordinates"": [
    -83.21686438,
    42.378228436
  ],
  ""type"": ""Point""
}",-83.2168643799999,42.378228436
14026,9705738,SEYBURN,GOETHE,2016-05-23,23,5,2016,9,2,9,9,,,2,,1,1,1,25,2,2,2,5,0,0,0,0,true,,false,false,false,false,false,,,,,,false,false,false,,,false,false,false,false,false,-83.00626,42.36408,"{
  ""coordinates"": [
    -8.300625244900000e+01,
    4.236408198000000e+01
  ],
  ""type"": ""Point""
}","{
  ""coordinates"": [
    -83.006252449,
    42.36408198
  ],
  ""type"": ""Point""
}",-83.006252449,42.36408198
14027,9710039,N I 75 SERVICE DRIVE,DRAGOON,2016-05-23,23,5,2016,7,2,97,9,,4,0,,1,1,1,25,3,2,4,5,0,0,0,0,true,,false,false,true,false,false,,,,,,false,false,false,,,false,false,false,false,false,-83.1027,42.30779,"{
  ""coordinates"": [
    -8.310269756799990e+01,
    4.230778463300000e+01
  ],
  ""type"": ""Point""
}","{
  ""coordinates"": [
    -83.102697568,
    42.307784633
  ],
  ""type"": ""Point""
}",-83.1026975679999,42.307784633
14028,9704286,RAMP 122J,N I 75 SERVICE DRIVE,2016-05-23,23,5,2016,10,2,98,1,,1,0,,1,1,1,35,5,2,2,4,0,0,0,1,false,,true,true,false,false,false,,,,,,false,false,false,,,false,false,false,false,false,-83.06081,42.33571,"{
  ""coordinates"": [
    -8.306081395800000e+01,
    4.233571090600000e+01
  ],
  ""type"": ""Point""
}","{
  ""coordinates"": [
    -83.060813958,
    42.335710906
  ],
  ""type"": ""Point""
}",-83.060813958,42.335710906
14029,9705741,GRATIOT,CHENE,2016-05-23,23,5,2016,6,2,1,3,,1,0,,1,1,1,45,6,1,3,3,0,0,1,0,false,,false,false,false,false,false,,,,,,false,false,false,,,false,false,false,false,false,-83.03204,42.35249,"{
  ""coordinates"": [
    -8.303203766800000e+01,
    4.235249347200000e+01
  ],
  ""type"": ""Point""
}","{
  ""coordinates"": [
    -83.032037668,
    42.352493472
  ],
  ""type"": ""Point""
}",-83.032037668,42.352493472
14030,9704298,PLYMOUTH,BURT,2016-05-23,23,5,2016,6,2,3,9,,4,0,,1,1,2,35,4,2,2,4,0,0,0,1,false,,false,false,false,false,false,,,,,,false,true,false,,,false,false,false,false,false,-83.24628,42.37183,"{
  ""coordinates"": [
    -8.324627834899999e+01,
    4.237182611900000e+01
  ],
  ""type"": ""Point""
}","{
  ""coordinates"": [
    -83.246278349,
    42.371826119
  ],
  ""type"": ""Point""
}",-83.246278349,42.371826119
14031,9704288,BATES,CONRESS,2016-05-23,23,5,2016,11,2,5,9,,4,0,,1,1,1,30,2,2,2,5,0,0,0,0,true,,false,false,false,false,false,,,,,,false,true,false,,,false,false,false,false,false,-83.0446,42.33076,"{
  ""coordinates"": [
    -8.304460132600001e+01,
    4.233076056700000e+01
  ],
  ""type"": ""Point""
}","{
  ""coordinates"": [
    -83.044601326,
    42.330760567
  ],
  ""type"": ""Point""
}",-83.044601326,42.330760567
14032,9705737,CHAPIN,HOLCOMB,2016-05-23,23,5,2016,15,2,1,9,,,0,,1,1,1,25,2,1,5,5,0,0,0,0,true,,false,false,false,false,false,,,,,,false,false,false,,,false,false,false,false,false,-83.00589,42.38484,"{
  ""coordinates"": [
    -8.300589263200000e+01,
    4.238483921900010e+01
  ],
  ""type"": ""Point""
}","{
  ""coordinates"": [
    -83.005892632,
    42.384839219
  ],
  ""type"": ""Point""
}",-83.005892632,42.3848392190001
14033,9706315,1326 ST ANTOINE,LAFAYETTE,2016-05-22,22,5,2016,22,1,9,9,,4,0,,1,1,4,25,2,2,0,5,0,0,0,0,true,,false,false,true,false,false,,,,,,false,false,false,,,false,false,false,false,false,-83.04031,42.33461,"{
  ""coordinates"": [
    -8.304030997200000e+01,
    4.233461550400010e+01
  ],
  ""type"": ""Point""
}","{
  ""coordinates"": [
    -83.040309972,
    42.334615504
  ],
  ""type"": ""Point""
}",-83.040309972,42.3346155040001
14034,9711258,PURITAN,FAIRFIELD,2016-05-22,22,5,2016,12,1,8,9,,4,0,,1,1,1,35,2,2,2,5,0,0,0,0,true,,false,false,false,false,false,,,,,,false,false,false,,,false,false,false,false,false,-83.13495,42.41,"{
  ""coordinates"": [
    -8.313494991000000e+01,
    4.241000367300010e+01
  ],
  ""type"": ""Point""
}","{
  ""coordinates"": [
    -83.13494991,
    42.410003673
  ],
  ""type"": ""Point""
}",-83.13494991,42.4100036730001
14035,9708314,I-75,7 MILE,2016-05-22,22,5,2016,2,1,97,1,,1,0,,2,1,4,55,4,2,5,4,0,0,0,1,false,,false,false,true,false,false,,,,,,false,false,true,,,false,false,false,false,false,-83.0948,42.43611,"{
  ""coordinates"": [
    -8.309479264200000e+01,
    4.243610901400010e+01
  ],
  ""type"": ""Point""
}","{
  ""coordinates"": [
    -83.094792642,
    42.436109014
  ],
  ""type"": ""Point""
}",-83.094792642,42.4361090140001
14036,9702639,PICKFORD,SORRENTO,2016-05-22,22,5,2016,13,1,4,9,,,0,,1,1,1,25,2,2,3,4,0,0,0,1,false,,false,false,true,false,false,,,,,,false,false,false,,,false,false,false,false,false,-83.17397,42.42578,"{
  ""coordinates"": [
    -8.317396937200000e+01,
    4.242577589200000e+01
  ],
  ""type"": ""Point""
}","{
  ""coordinates"": [
    -83.173969372,
    42.425775892
  ],
  ""type"": ""Point""
}",-83.173969372,42.425775892
14037,9704316,PURITAN,GREENLAWN,2016-05-22,22,5,2016,21,1,4,9,,4,0,,1,1,3,30,2,2,3,4,0,0,0,1,false,,false,false,false,false,false,,,,,,false,false,true,,,false,false,false,false,false,-83.15091,42.4098,"{
  ""coordinates"": [
    -8.315090708900000e+01,
    4.240979722100010e+01
  ],
  ""type"": ""Point""
}","{
  ""coordinates"": [
    -83.150907089,
    42.409797221
  ],
  ""type"": ""Point""
}",-83.150907089,42.4097972210001
14038,9705749,CONANT,NEVADA,2016-05-22,22,5,2016,0,1,1,9,,4,0,,1,1,4,45,4,1,1,4,0,0,0,1,false,,false,false,false,false,false,,,,,,false,false,false,,,false,false,false,false,false,-83.0686,42.42583,"{
  ""coordinates"": [
    -8.306860507700000e+01,
    4.242583271000010e+01
  ],
  ""type"": ""Point""
}","{
  ""coordinates"": [
    -83.068605077,
    42.42583271
  ],
  ""type"": ""Point""
}",-83.068605077,42.4258327100001
14039,9704296,SORRENTO,PICKFORD,2016-05-22,22,5,2016,13,1,97,9,,,0,,1,1,1,25,1,2,1,5,0,0,0,0,true,,false,false,false,false,false,,,,,,false,false,false,,,false,false,false,false,false,-83.17398,42.42599,"{
  ""coordinates"": [
    -8.317397955800000e+01,
    4.242599435600000e+01
  ],
  ""type"": ""Point""
}","{
  ""coordinates"": [
    -83.173979558,
    42.425994356
  ],
  ""type"": ""Point""
}",-83.173979558,42.425994356
14040,9715613,RYAN,EMERY,2016-05-22,22,5,2016,22,1,8,9,,4,0,,1,1,4,30,2,2,2,5,0,0,0,0,true,,false,false,true,false,false,,,,,,false,false,false,,,false,false,false,false,false,-83.06329,42.4361,"{
  ""coordinates"": [
    -8.306328713499990e+01,
    4.243610442600000e+01
  ],
  ""type"": ""Point""
}","{
  ""coordinates"": [
    -83.063287135,
    42.436104426
  ],
  ""type"": ""Point""
}",-83.0632871349999,42.436104426
14041,9715590,HOYT,MADDELEIN,2016-05-22,22,5,2016,3,1,97,9,,,0,,1,1,4,25,2,3,0,5,0,0,0,0,true,,false,false,true,false,false,,,,,,false,false,false,,,false,false,false,false,false,-82.98061,42.43591,"{
  ""coordinates"": [
    -8.298061059600001e+01,
    4.243591095300010e+01
  ],
  ""type"": ""Point""
}","{
  ""coordinates"": [
    -82.980610596,
    42.435910953
  ],
  ""type"": ""Point""
}",-82.980610596,42.4359109530001
14042,9715742,5075 HILLSBORO,BEECHWOOD,2016-05-22,22,5,2016,17,1,98,9,,,0,,1,1,1,25,1,2,0,5,0,0,0,0,true,,false,false,true,false,false,,,,,,false,false,false,,,false,false,false,false,false,-83.12956,42.36319,"{
  ""coordinates"": [
    -8.312956109700001e+01,
    4.236319271700010e+01
  ],
  ""type"": ""Point""
}","{
  ""coordinates"": [
    -83.129561097,
    42.363192717
  ],
  ""type"": ""Point""
}",-83.129561097,42.3631927170001
14043,9705765,ROSELAWN,LYNDON,2016-05-22,22,5,2016,1,1,98,9,,,3,,98,98,98,0,1,2,0,5,0,0,0,0,true,,false,false,true,false,false,,,,,,false,false,false,,,false,false,false,false,false,-83.15112,42.39552,"{
  ""coordinates"": [
    -8.315111861900000e+01,
    4.239551624500010e+01
  ],
  ""type"": ""Point""
}","{
  ""coordinates"": [
    -83.151118619,
    42.395516245
  ],
  ""type"": ""Point""
}",-83.151118619,42.3955162450001
14044,9715626,DANBURY,PENROSE,2016-05-22,22,5,2016,21,1,4,9,,,0,,1,2,4,25,2,2,9,5,0,0,0,0,true,,false,false,false,false,false,,,,,,false,false,false,,,false,false,false,false,false,-83.10628,42.43423,"{
  ""coordinates"": [
    -8.310627783099990e+01,
    4.243422683800000e+01
  ],
  ""type"": ""Point""
}","{
  ""coordinates"": [
    -83.106277831,
    42.434226838
  ],
  ""type"": ""Point""
}",-83.1062778309999,42.434226838
14045,9702595,HUBBELL,FULLERTON,2016-05-22,22,5,2016,16,1,1,9,,4,0,,1,1,1,30,4,2,1,2,0,1,0,0,false,,false,false,true,false,false,,,,,,false,false,false,,,false,false,false,true,false,-83.18805,42.38009,"{
  ""coordinates"": [
    -8.318805062199991e+01,
    4.238009289900000e+01
  ],
  ""type"": ""Point""
}","{
  ""coordinates"": [
    -83.188050622,
    42.380092899
  ],
  ""type"": ""Point""
}",-83.1880506219999,42.380092899
14046,9715827,LESURE,CLARITA,2016-05-22,22,5,2016,11,1,8,9,,,0,,1,1,1,25,2,2,2,5,0,0,0,0,true,,false,false,false,false,false,,,,,,false,true,false,,,false,false,false,false,false,-83.18278,42.4294,"{
  ""coordinates"": [
    -8.318277815399991e+01,
    4.242939796600010e+01
  ],
  ""type"": ""Point""
}","{
  ""coordinates"": [
    -83.182778154,
    42.429397966
  ],
  ""type"": ""Point""
}",-83.1827781539999,42.4293979660001
14047,9715851,S I 75,MACK,2016-05-22,22,5,2016,9,1,8,1,,1,0,,1,1,1,65,2,2,3,5,0,0,0,0,true,,false,false,false,false,false,,,,,,false,false,true,,,false,false,false,false,false,-83.0482,42.35126,"{
  ""coordinates"": [
    -8.304820033399990e+01,
    4.235125942600010e+01
  ],
  ""type"": ""Point""
}","{
  ""coordinates"": [
    -83.048200334,
    42.351259426
  ],
  ""type"": ""Point""
}",-83.0482003339999,42.3512594260001
14048,9706361,FENKELL,STRATHMOOR,2016-05-22,22,5,2016,11,1,1,9,,2,0,,1,1,1,30,4,2,2,4,0,0,0,1,false,,false,false,false,false,false,,,,,,false,false,false,,,false,false,false,true,false,-83.18776,42.40185,"{
  ""coordinates"": [
    -8.318776266700000e+01,
    4.240184862400010e+01
  ],
  ""type"": ""Point""
}","{
  ""coordinates"": [
    -83.187762667,
    42.401848624
  ],
  ""type"": ""Point""
}",-83.187762667,42.4018486240001
14049,9704281,S I 75 SERVICE DRIVE,CLIFFORD,2016-05-22,22,5,2016,9,1,4,9,,4,0,,1,1,4,45,3,2,6,5,0,0,0,0,true,,true,true,false,false,false,,,,,,false,false,false,,,false,false,false,false,false,-83.05619,42.33882,"{
  ""coordinates"": [
    -8.305619369199999e+01,
    4.233882198400000e+01
  ],
  ""type"": ""Point""
}","{
  ""coordinates"": [
    -83.056193692,
    42.338821984
  ],
  ""type"": ""Point""
}",-83.056193692,42.338821984
14050,9704311,8 MILE,GODDARD,2016-05-22,22,5,2016,14,1,8,3,,1,0,,1,1,1,40,8,2,3,5,0,0,0,0,true,,false,false,false,false,false,,,,,,false,true,false,,,false,false,false,false,false,-83.07823,42.44709,"{
  ""coordinates"": [
    -8.307822849900001e+01,
    4.244708669900010e+01
  ],
  ""type"": ""Point""
}","{
  ""coordinates"": [
    -83.078228499,
    42.447086699
  ],
  ""type"": ""Point""
}",-83.078228499,42.4470866990001
14051,9704290,ORANGELAWN,BRAMELL,2016-05-22,22,5,2016,18,1,4,9,,,0,,1,1,1,25,2,2,2,4,0,0,0,1,false,,false,false,false,false,false,,,,,,false,false,true,,,false,false,false,false,false,-83.26312,42.36678,"{
  ""coordinates"": [
    -8.326311975999990e+01,
    4.236677726400010e+01
  ],
  ""type"": ""Point""
}","{
  ""coordinates"": [
    -83.26311976,
    42.366777264
  ],
  ""type"": ""Point""
}",-83.2631197599999,42.3667772640001
14052,9702596,CHICAGO,BURNETTE,2016-05-22,22,5,2016,9,1,4,9,,4,0,,1,1,1,30,4,2,3,4,0,0,0,2,false,,true,false,false,false,false,,,,,,false,false,false,,,false,false,false,false,false,-83.14214,42.36652,"{
  ""coordinates"": [
    -8.314213420300000e+01,
    4.236651985700010e+01
  ],
  ""type"": ""Point""
}","{
  ""coordinates"": [
    -83.142134203,
    42.366519857
  ],
  ""type"": ""Point""
}",-83.142134203,42.3665198570001
14053,9712246,8 MILE,STRATFORD,2016-05-22,22,5,2016,14,1,4,3,,1,0,,1,1,1,40,4,2,2,4,0,0,0,1,false,,false,false,false,false,false,,,,,,false,false,true,,,false,false,false,false,false,-83.13618,42.44621,"{
  ""coordinates"": [
    -8.313617699000000e+01,
    4.244620363400000e+01
  ],
  ""type"": ""Point""
}","{
  ""coordinates"": [
    -83.13617699,
    42.446203634
  ],
  ""type"": ""Point""
}",-83.13617699,42.446203634
14054,9705694,RIVERBANK,DETROIT YACHT,2016-05-22,22,5,2016,14,1,8,3,,1,0,,1,1,1,25,2,2,5,4,0,0,0,1,false,,false,false,true,false,false,,,,,,false,true,true,,,false,false,true,false,false,-82.97401,42.3478,"{
  ""coordinates"": [
    -8.297401531400000e+01,
    4.234779571500010e+01
  ],
  ""type"": ""Point""
}","{
  ""coordinates"": [
    -82.974015314,
    42.347795715
  ],
  ""type"": ""Point""
}",-82.974015314,42.3477957150001
14055,9706595,CAPITOL,BURT,2016-05-22,22,5,2016,3,1,2,9,,,0,,1,1,5,25,1,2,0,5,0,0,0,0,true,,false,false,true,false,false,,,,,,false,false,false,,,false,false,false,false,false,-83.24629,42.3763,"{
  ""coordinates"": [
    -8.324629365899990e+01,
    4.237630648000000e+01
  ],
  ""type"": ""Point""
}","{
  ""coordinates"": [
    -83.246293659,
    42.37630648
  ],
  ""type"": ""Point""
}",-83.2462936589999,42.37630648
14056,9713554,MEYERS,CAMBRIDGE,2016-05-22,22,5,2016,0,1,4,9,,4,0,,1,1,4,25,2,2,2,4,0,0,0,1,false,,false,false,true,false,false,,,,,,false,false,false,,,false,false,false,false,false,-83.17076,42.43301,"{
  ""coordinates"": [
    -8.317076448900001e+01,
    4.243300445000010e+01
  ],
  ""type"": ""Point""
}","{
  ""coordinates"": [
    -83.170764489,
    42.43300445
  ],
  ""type"": ""Point""
}",-83.170764489,42.4330044500001
14057,9706376,CLIFTON,RANGOON,2016-05-22,22,5,2016,19,1,4,9,,,0,,1,1,1,25,2,2,1,5,0,0,0,0,true,,false,false,false,false,false,,,,,,false,true,false,,,false,false,false,false,false,-83.13704,42.34783,"{
  ""coordinates"": [
    -8.313703566500000e+01,
    4.234782651600010e+01
  ],
  ""type"": ""Point""
}","{
  ""coordinates"": [
    -83.137035665,
    42.347826516
  ],
  ""type"": ""Point""
}",-83.137035665,42.3478265160001
14058,9715782,DODGE,MOUNT ELLIOTT,2016-05-22,22,5,2016,2,1,4,9,,,0,,1,1,5,25,1,2,0,5,0,0,0,0,true,,false,false,true,false,false,,,,,,false,false,false,,,false,false,false,false,false,-83.03742,42.39386,"{
  ""coordinates"": [
    -8.303742248799990e+01,
    4.239385568200000e+01
  ],
  ""type"": ""Point""
}","{
  ""coordinates"": [
    -83.037422488,
    42.393855682
  ],
  ""type"": ""Point""
}",-83.0374224879999,42.393855682
14059,9813176,TELEGRAPH,GRAND RIVER,2016-05-22,22,5,2016,12,1,5,2,,1,0,,1,1,1,45,4,4,3,4,0,0,0,1,false,,false,false,true,false,false,,,,,,false,true,false,,,false,false,false,false,false,-83.27782,42.42493,"{
  ""coordinates"": [
    -8.327782365099991e+01,
    4.242493461300010e+01
  ],
  ""type"": ""Point""
}","{
  ""coordinates"": [
    -83.277823651,
    42.424934613
  ],
  ""type"": ""Point""
}",-83.2778236509999,42.4249346130001
14060,9715571,COOLEY,VASSAR,2016-05-22,22,5,2016,18,1,1,9,,,1,,1,1,1,25,1,2,2,5,0,0,0,0,true,,false,false,false,false,false,,,,,,false,false,true,,,false,false,false,true,false,-83.25974,42.43272,"{
  ""coordinates"": [
    -8.325974412799999e+01,
    4.243272176900010e+01
  ],
  ""type"": ""Point""
}","{
  ""coordinates"": [
    -83.259744128,
    42.432721769
  ],
  ""type"": ""Point""
}",-83.259744128,42.4327217690001
14061,9706594,ABINGTON,PAUL,2016-05-22,22,5,2016,0,1,8,9,,,0,,1,1,4,25,1,2,0,5,0,0,0,0,true,,false,false,false,false,false,,,,,,false,false,false,,,false,false,false,false,false,-83.20958,42.33832,"{
  ""coordinates"": [
    -8.320958037000000e+01,
    4.233831999000010e+01
  ],
  ""type"": ""Point""
}","{
  ""coordinates"": [
    -83.20958037,
    42.33831999
  ],
  ""type"": ""Point""
}",-83.20958037,42.3383199900001
14062,9702617,JUNCTION,N I 75 SERVICE DRIVE,2016-05-22,22,5,2016,8,1,1,9,,4,0,,1,1,1,25,2,2,2,3,0,0,1,0,false,,false,false,true,false,false,,,,,,false,false,false,,,false,false,false,true,false,-83.09676,42.31077,"{
  ""coordinates"": [
    -8.309675775900000e+01,
    4.231077197900000e+01
  ],
  ""type"": ""Point""
}","{
  ""coordinates"": [
    -83.096757759,
    42.310771979
  ],
  ""type"": ""Point""
}",-83.096757759,42.310771979
14063,9712167,N I 75,RAMP 041F,2016-05-22,22,5,2016,16,1,8,1,,1,0,,1,1,1,55,4,3,4,5,0,0,0,0,true,,false,false,false,false,false,,,,,,false,false,false,,,false,false,false,false,false,-83.04476,42.34654,"{
  ""coordinates"": [
    -8.304476178100001e+01,
    4.234654361700010e+01
  ],
  ""type"": ""Point""
}","{
  ""coordinates"": [
    -83.044761781,
    42.346543617
  ],
  ""type"": ""Point""
}",-83.044761781,42.3465436170001
14064,9705011,JEFFERSON,BALDWIN,2016-05-22,22,5,2016,20,1,5,9,,4,0,,1,1,1,35,6,2,2,5,0,0,0,0,true,,false,false,false,false,false,,,,,,false,false,false,,,false,false,false,false,false,-82.99781,42.34949,"{
  ""coordinates"": [
    -8.299781032100000e+01,
    4.234949657200010e+01
  ],
  ""type"": ""Point""
}","{
  ""coordinates"": [
    -82.997810321,
    42.349496572
  ],
  ""type"": ""Point""
}",-82.997810321,42.3494965720001
14065,9707654,SMART,TRENTON,2016-05-22,22,5,2016,10,1,8,9,,,3,,1,1,1,15,1,2,1,5,0,0,0,0,true,,false,false,true,false,false,,,,,,false,false,false,,,false,false,false,false,false,-83.15207,42.33684,"{
  ""coordinates"": [
    -8.315206697799989e+01,
    4.233684031700010e+01
  ],
  ""type"": ""Point""
}","{
  ""coordinates"": [
    -83.152066978,
    42.336840317
  ],
  ""type"": ""Point""
}",-83.1520669779999,42.3368403170001
14066,9704292,8 MILE,SOUTHFIELD SERVICE DRIVE,2016-05-22,22,5,2016,2,1,5,3,,1,0,,1,1,4,0,4,2,2,5,0,0,0,0,true,,false,false,false,false,false,,,,,,false,false,false,,,false,false,false,false,false,-83.21931,42.44418,"{
  ""coordinates"": [
    -8.321930762600000e+01,
    4.244418256600010e+01
  ],
  ""type"": ""Point""
}","{
  ""coordinates"": [
    -83.219307626,
    42.444182566
  ],
  ""type"": ""Point""
}",-83.219307626,42.4441825660001
14067,9706453,CHANDLER PARK,WHITTIER,2016-05-22,22,5,2016,14,1,8,9,,2,0,,1,1,1,35,2,2,0,5,0,0,0,0,true,,false,false,true,false,false,,,,,,false,false,false,,,false,false,false,false,false,-82.93981,42.40865,"{
  ""coordinates"": [
    -8.293981499099991e+01,
    4.240865343200010e+01
  ],
  ""type"": ""Point""
}","{
  ""coordinates"": [
    -82.939814991,
    42.408653432
  ],
  ""type"": ""Point""
}",-82.9398149909999,42.4086534320001
14068,9702630,HAYES,EDMORE,2016-05-22,22,5,2016,15,1,8,9,,4,0,,1,1,1,25,1,2,3,5,0,0,0,0,true,,false,false,false,false,false,,,,,,false,true,false,,,false,false,false,false,false,-82.96598,42.4474,"{
  ""coordinates"": [
    -8.296597872099990e+01,
    4.244739968600000e+01
  ],
  ""type"": ""Point""
}","{
  ""coordinates"": [
    -82.965978721,
    42.447399686
  ],
  ""type"": ""Point""
}",-82.9659787209999,42.447399686
14069,9706545,ARTESIAN,DOVER,2016-05-22,22,5,2016,15,1,97,9,,,0,,1,1,1,25,3,2,1,5,0,0,0,0,true,,false,false,false,false,false,,,,,,false,false,false,,,false,false,false,false,false,-83.22623,42.35872,"{
  ""coordinates"": [
    -8.322622913500000e+01,
    4.235871815900000e+01
  ],
  ""type"": ""Point""
}","{
  ""coordinates"": [
    -83.226229135,
    42.358718159
  ],
  ""type"": ""Point""
}",-83.226229135,42.358718159
14070,9702632,FORDHAM,CHALMERS,2016-05-22,22,5,2016,23,1,9,9,,,0,,1,1,4,25,1,2,1,5,0,0,0,0,true,,false,false,true,false,false,,,,,,false,false,false,,,false,false,false,false,false,-82.97521,42.43431,"{
  ""coordinates"": [
    -8.297521358400000e+01,
    4.243430766200000e+01
  ],
  ""type"": ""Point""
}","{
  ""coordinates"": [
    -82.975213584,
    42.434307662
  ],
  ""type"": ""Point""
}",-82.975213584,42.434307662
14071,9704313,WYOMING,MARYGROVE,2016-05-22,22,5,2016,20,1,4,9,,4,0,,1,1,3,35,4,2,2,5,0,0,0,0,true,,false,false,true,false,false,,,,,,false,false,false,,,false,false,false,false,false,-83.16017,42.41375,"{
  ""coordinates"": [
    -8.316017441600000e+01,
    4.241375256900010e+01
  ],
  ""type"": ""Point""
}","{
  ""coordinates"": [
    -83.160174416,
    42.413752569
  ],
  ""type"": ""Point""
}",-83.160174416,42.4137525690001
14072,9730864,AVERHILLE,COPLIN,2016-05-22,22,5,2016,19,1,1,9,,,0,,1,1,1,25,2,2,2,4,0,0,0,1,false,,false,false,false,false,false,,,,,,true,false,true,,,false,false,false,false,false,-82.94514,42.36382,"{
  ""coordinates"": [
    -8.294514442099999e+01,
    4.236382211700000e+01
  ],
  ""type"": ""Point""
}","{
  ""coordinates"": [
    -82.945144421,
    42.363822117
  ],
  ""type"": ""Point""
}",-82.945144421,42.363822117
14073,9710066,WARREN,SAINT AUBIN,2016-05-22,22,5,2016,16,1,4,9,,4,0,,1,1,1,30,2,2,5,4,0,0,0,1,false,,false,false,false,true,false,,,,,,false,true,false,,,false,false,false,false,false,-83.04434,42.3644,"{
  ""coordinates"": [
    -8.304434116000000e+01,
    4.236440463200010e+01
  ],
  ""type"": ""Point""
}","{
  ""coordinates"": [
    -83.04434116,
    42.364404632
  ],
  ""type"": ""Point""
}",-83.04434116,42.3644046320001