ObjectId,Crash ID,Primary Road,Intersecting Road,Crash Date,Day,Month,Year,Hour,Weekday,Crash Type Code,Highway Classification Code,Community Code,Jurisdiction Code,Lane Departure Type Code,Surface Type,Road Condition,Weather Condition,Lighting Condition,Speed Limit,Lanes,Units,Occupants,Most Severe Injury,Fatal Injuries,Suspected Serious Injuries,Suspected Minor Injuries,Possible Injuries,Property Damage Only,Secondary Crash,Traffic Control,Red Light Run,Hit and Run,Alcohol,Drugs,Unbelted Person,Work Zone,Speeding Driver,Distracted Driver,Driveway,Pedestrian,Elderly Driver,Young Driver,Commercial Vehicle,Emergency Vehicles,Train,School Bus,Motorcycle,Bicycle,Deer,Longitude,Latitude,geom,geog,x,y
14074,9715553,EVERGREEN,MCNICHOLS,2016-05-22,22,5,2016,2,1,1,9,,4,0,,1,1,4,35,2,1,0,5,0,0,0,0,true,,false,false,true,false,false,,,,,,false,false,false,,,false,false,false,false,false,-83.23821,42.41546,"{
  ""coordinates"": [
    -8.323821129000000e+01,
    4.241545728100000e+01
  ],
  ""type"": ""Point""
}","{
  ""coordinates"": [
    -83.23821129,
    42.415457281
  ],
  ""type"": ""Point""
}",-83.23821129,42.415457281
14075,9704270,REDFORD,GRANDRIVER,2016-05-22,22,5,2016,15,1,8,3,,4,0,,1,1,1,45,6,3,2,4,0,0,0,1,false,,false,false,true,false,false,,,,,,false,false,true,,,false,false,false,false,false,-83.25849,42.41683,"{
  ""coordinates"": [
    -8.325849446099990e+01,
    4.241683231900000e+01
  ],
  ""type"": ""Point""
}","{
  ""coordinates"": [
    -83.258494461,
    42.416832319
  ],
  ""type"": ""Point""
}",-83.2584944609999,42.416832319
14076,9702636,JOY,WILDEMERE,2016-05-22,22,5,2016,15,1,4,9,,4,0,,1,1,1,30,2,2,2,5,0,0,0,0,true,,false,false,false,false,false,,,,,,false,true,false,,,false,false,false,false,false,-83.11459,42.37128,"{
  ""coordinates"": [
    -8.311459700899999e+01,
    4.237128526600000e+01
  ],
  ""type"": ""Point""
}","{
  ""coordinates"": [
    -83.114597009,
    42.371285266
  ],
  ""type"": ""Point""
}",-83.114597009,42.371285266
14077,9706436,5320 LUMLEY,MCGRAW,2016-05-22,22,5,2016,9,1,1,9,,,0,,1,1,1,25,1,2,1,4,0,0,0,1,false,,false,false,true,false,false,,,,,,true,false,false,,,false,false,false,false,false,-83.14328,42.33416,"{
  ""coordinates"": [
    -8.314328047299990e+01,
    4.233416108200000e+01
  ],
  ""type"": ""Point""
}","{
  ""coordinates"": [
    -83.143280473,
    42.334161082
  ],
  ""type"": ""Point""
}",-83.1432804729999,42.334161082
14078,9704279,N M 10,W I 94,2016-05-22,22,5,2016,2,1,1,3,,1,0,,1,1,5,55,3,1,1,5,0,0,0,0,true,,false,false,false,false,false,,,,,,false,false,false,,,false,false,false,false,false,-83.07645,42.35977,"{
  ""coordinates"": [
    -8.307644450899990e+01,
    4.235976963600010e+01
  ],
  ""type"": ""Point""
}","{
  ""coordinates"": [
    -83.076444509,
    42.359769636
  ],
  ""type"": ""Point""
}",-83.0764445089999,42.3597696360001
14079,9705734,AVON,OUTER,2016-05-22,22,5,2016,10,1,8,9,,,0,,1,1,1,25,1,2,0,5,0,0,0,0,true,,false,false,true,false,false,,,,,,false,false,false,,,false,false,false,false,false,-83.22598,42.41909,"{
  ""coordinates"": [
    -8.322597883100001e+01,
    4.241908977400000e+01
  ],
  ""type"": ""Point""
}","{
  ""coordinates"": [
    -83.225978831,
    42.419089774
  ],
  ""type"": ""Point""
}",-83.225978831,42.419089774
14080,9710040,LAFAYETTE,GREEN,2016-05-22,22,5,2016,16,1,8,9,,4,0,,1,1,1,25,4,2,1,5,0,0,0,0,true,,false,false,false,false,false,,,,,,false,false,false,,,false,false,false,false,false,-83.11447,42.30452,"{
  ""coordinates"": [
    -8.311447122899990e+01,
    4.230451934600010e+01
  ],
  ""type"": ""Point""
}","{
  ""coordinates"": [
    -83.114471229,
    42.304519346
  ],
  ""type"": ""Point""
}",-83.1144712289999,42.3045193460001
14081,9711206,JAMES COUZENS,MENDOTA,2016-05-22,22,5,2016,2,1,1,9,,4,0,,1,1,4,30,1,1,1,5,0,0,0,0,true,,false,false,false,false,false,,,,,,false,false,false,,,false,false,false,false,false,-83.16582,42.41069,"{
  ""coordinates"": [
    -8.316582746800000e+01,
    4.241069129300010e+01
  ],
  ""type"": ""Point""
}","{
  ""coordinates"": [
    -83.165827468,
    42.410691293
  ],
  ""type"": ""Point""
}",-83.165827468,42.4106912930001
14082,9705728,SPINZOA,JOY,2016-05-22,22,5,2016,20,1,97,9,,4,0,,1,1,3,25,1,2,0,5,0,0,0,0,true,,false,false,true,false,false,,,,,,false,false,false,,,false,false,false,false,false,-83.25032,42.35752,"{
  ""coordinates"": [
    -8.325031791600000e+01,
    4.235752422200010e+01
  ],
  ""type"": ""Point""
}","{
  ""coordinates"": [
    -83.250317916,
    42.357524222
  ],
  ""type"": ""Point""
}",-83.250317916,42.3575242220001
14083,9704283,JOHN R,MILWAUKEE,2016-05-22,22,5,2016,0,1,97,9,,4,0,,1,1,4,25,3,2,2,5,0,0,0,0,true,,false,false,true,false,false,,,,,,false,false,false,,,false,false,false,false,false,-83.07033,42.36993,"{
  ""coordinates"": [
    -8.307032538300000e+01,
    4.236992820300000e+01
  ],
  ""type"": ""Point""
}","{
  ""coordinates"": [
    -83.070325383,
    42.369928203
  ],
  ""type"": ""Point""
}",-83.070325383,42.369928203
14084,9706558,ARTESIAN,WESTFIELD,2016-05-22,22,5,2016,0,1,9,9,,,2,,1,1,4,25,2,2,4,4,0,0,0,1,false,,false,false,false,false,false,,,,,,false,false,false,,,false,false,false,false,false,-83.2263,42.36326,"{
  ""coordinates"": [
    -8.322630641700000e+01,
    4.236326263200000e+01
  ],
  ""type"": ""Point""
}","{
  ""coordinates"": [
    -83.226306417,
    42.363262632
  ],
  ""type"": ""Point""
}",-83.226306417,42.363262632
14085,9708252,I-94,BEAUBIEN,2016-05-22,22,5,2016,16,1,1,1,,1,1,,1,1,1,55,3,1,1,4,0,0,0,1,false,,false,false,false,false,false,,,,,,false,false,true,,,false,false,false,false,false,-83.06276,42.36629,"{
  ""coordinates"": [
    -8.306276197499990e+01,
    4.236629135100000e+01
  ],
  ""type"": ""Point""
}","{
  ""coordinates"": [
    -83.062761975,
    42.366291351
  ],
  ""type"": ""Point""
}",-83.0627619749999,42.366291351
14086,9702598,JEFFERSON,BRUSH,2016-05-22,22,5,2016,14,1,8,4,,1,0,,1,1,1,25,2,2,3,5,0,0,0,0,true,,false,false,false,false,false,,,,,,false,false,false,,,false,false,false,false,false,-83.04076,42.33011,"{
  ""coordinates"": [
    -8.304075839900000e+01,
    4.233011185600000e+01
  ],
  ""type"": ""Point""
}","{
  ""coordinates"": [
    -83.040758399,
    42.330111856
  ],
  ""type"": ""Point""
}",-83.040758399,42.330111856
14087,9715763,RYAN,OUTER,2016-05-22,22,5,2016,21,1,4,9,,4,0,,1,1,4,35,4,2,3,5,0,0,0,0,true,,false,false,true,false,false,,,,,,false,false,true,,,false,false,false,false,false,-83.06355,42.44043,"{
  ""coordinates"": [
    -8.306355129799989e+01,
    4.244042810100010e+01
  ],
  ""type"": ""Point""
}","{
  ""coordinates"": [
    -83.063551298,
    42.440428101
  ],
  ""type"": ""Point""
}",-83.0635512979999,42.4404281010001
14088,9704306,SCHOOLCRAFT,OUTER,2016-05-22,22,5,2016,15,1,4,9,,4,0,,1,1,1,35,3,2,2,3,0,0,1,0,false,,true,true,true,false,false,,,,,,false,false,false,,,false,false,false,false,false,-83.25653,42.38597,"{
  ""coordinates"": [
    -8.325652892499990e+01,
    4.238596822000010e+01
  ],
  ""type"": ""Point""
}","{
  ""coordinates"": [
    -83.256528925,
    42.38596822
  ],
  ""type"": ""Point""
}",-83.2565289249999,42.3859682200001
14089,9704998,GREYFRIARS,GLEASON,2016-05-22,22,5,2016,20,1,97,9,,,0,,1,1,1,25,2,2,1,5,0,0,0,0,true,,false,false,false,false,false,,,,,,true,false,false,,,false,false,false,false,false,-83.16646,42.26568,"{
  ""coordinates"": [
    -8.316645777600000e+01,
    4.226568345100000e+01
  ],
  ""type"": ""Point""
}","{
  ""coordinates"": [
    -83.166457776,
    42.265683451
  ],
  ""type"": ""Point""
}",-83.166457776,42.265683451
14090,9705761,NEWBERN,MCNICHOLS,2016-05-22,22,5,2016,19,1,4,9,,,3,,1,1,1,25,2,2,1,5,0,0,0,0,true,,false,false,false,false,false,,,,,,false,false,false,,,false,false,false,false,false,-83.06615,42.41815,"{
  ""coordinates"": [
    -8.306615583800000e+01,
    4.241815179400000e+01
  ],
  ""type"": ""Point""
}","{
  ""coordinates"": [
    -83.066155838,
    42.418151794
  ],
  ""type"": ""Point""
}",-83.066155838,42.418151794
14091,9715600,GRATIOT,94 SERVICE,2016-05-22,22,5,2016,14,1,8,3,,1,0,,1,1,1,35,8,2,2,5,0,0,0,0,true,,false,false,false,false,false,,,,,,false,false,false,,,false,false,false,false,false,-83.00539,42.39289,"{
  ""coordinates"": [
    -8.300538408599991e+01,
    4.239288547900000e+01
  ],
  ""type"": ""Point""
}","{
  ""coordinates"": [
    -83.005384086,
    42.392885479
  ],
  ""type"": ""Point""
}",-83.0053840859999,42.392885479
14092,9711225,VERNOR,MAXWELL,2016-05-22,22,5,2016,18,1,8,9,,4,0,,1,1,1,30,2,2,1,5,0,0,0,0,true,,false,false,true,false,false,,,,,,false,false,false,,,false,false,false,false,false,-82.99939,42.36126,"{
  ""coordinates"": [
    -8.299939201399999e+01,
    4.236125454200000e+01
  ],
  ""type"": ""Point""
}","{
  ""coordinates"": [
    -82.999392014,
    42.361254542
  ],
  ""type"": ""Point""
}",-82.999392014,42.361254542
14093,9704267,8 MILE,N I 75,2016-05-22,22,5,2016,20,1,4,3,,1,0,,1,1,1,40,3,3,4,4,0,0,0,2,false,,true,true,false,false,false,,,,,,false,false,true,,,false,false,false,false,false,-83.09467,42.4468,"{
  ""coordinates"": [
    -8.309466658799990e+01,
    4.244680084600000e+01
  ],
  ""type"": ""Point""
}","{
  ""coordinates"": [
    -83.094666588,
    42.446800846
  ],
  ""type"": ""Point""
}",-83.0946665879999,42.446800846
14094,9704315,JAMES COUZENS,GREENFIELD,2016-05-22,22,5,2016,15,1,4,3,,1,0,,1,1,1,30,3,2,2,5,0,0,0,0,true,,true,true,false,false,false,,,,,,false,true,false,,,false,false,false,false,false,-83.20043,42.44216,"{
  ""coordinates"": [
    -8.320043234699990e+01,
    4.244215659200010e+01
  ],
  ""type"": ""Point""
}","{
  ""coordinates"": [
    -83.200432347,
    42.442156592
  ],
  ""type"": ""Point""
}",-83.2004323469999,42.4421565920001
14095,9702638,WYOMING,PURITAN,2016-05-22,22,5,2016,1,1,4,9,,4,0,,1,1,4,30,3,2,2,4,0,0,0,1,false,,false,false,false,false,false,,,,,,false,false,true,,,false,false,false,false,false,-83.16,42.40968,"{
  ""coordinates"": [
    -8.315999377299990e+01,
    4.240967596600010e+01
  ],
  ""type"": ""Point""
}","{
  ""coordinates"": [
    -83.159993773,
    42.409675966
  ],
  ""type"": ""Point""
}",-83.1599937729999,42.4096759660001
14096,9704297,TIREMAN,S M 39 SERVICE DRIVE,2016-05-22,22,5,2016,6,1,5,9,,4,0,,1,1,1,35,2,2,2,5,0,0,0,0,true,,false,false,false,false,false,,,,,,false,false,true,,,false,false,false,false,false,-83.21677,42.35061,"{
  ""coordinates"": [
    -8.321677176700000e+01,
    4.235060987300010e+01
  ],
  ""type"": ""Point""
}","{
  ""coordinates"": [
    -83.216771767,
    42.350609873
  ],
  ""type"": ""Point""
}",-83.216771767,42.3506098730001
14097,9704301,PEMBROKE,S M 39,2016-05-22,22,5,2016,14,1,5,9,,4,0,,1,1,1,35,3,2,2,4,0,0,0,2,false,,false,false,true,false,false,,,,,,false,false,false,,,false,false,false,false,false,-83.21968,42.43723,"{
  ""coordinates"": [
    -8.321968277699990e+01,
    4.243723251400010e+01
  ],
  ""type"": ""Point""
}","{
  ""coordinates"": [
    -83.219682777,
    42.437232514
  ],
  ""type"": ""Point""
}",-83.2196827769999,42.4372325140001
14098,9706467,FAIRVIEW,CANFIELD,2016-05-21,21,5,2016,4,7,1,9,,,1,,1,1,4,25,2,1,0,5,0,0,0,0,true,,false,false,false,false,false,,,,,,false,false,false,,,false,false,false,false,false,-82.98431,42.38163,"{
  ""coordinates"": [
    -8.298431342500000e+01,
    4.238162567400010e+01
  ],
  ""type"": ""Point""
}","{
  ""coordinates"": [
    -82.984313425,
    42.381625674
  ],
  ""type"": ""Point""
}",-82.984313425,42.3816256740001
14099,9715625,WHITEHILL,MORANG,2016-05-21,21,5,2016,21,7,8,9,,,0,,1,1,4,25,2,2,2,5,0,0,0,0,true,,false,false,true,false,false,,,,,,false,false,true,,,false,false,false,false,false,-82.95229,42.42683,"{
  ""coordinates"": [
    -8.295228264500000e+01,
    4.242683035200000e+01
  ],
  ""type"": ""Point""
}","{
  ""coordinates"": [
    -82.952282645,
    42.426830352
  ],
  ""type"": ""Point""
}",-82.952282645,42.426830352
14100,9702603,7 MILE,BRAILE,2016-05-21,21,5,2016,11,7,5,9,,2,0,,1,1,4,0,2,2,0,5,0,0,0,0,true,,false,false,true,false,false,,,,,,false,false,false,,,false,false,false,false,false,-83.24617,42.42939,"{
  ""coordinates"": [
    -8.324617289799990e+01,
    4.242939386500010e+01
  ],
  ""type"": ""Point""
}","{
  ""coordinates"": [
    -83.246172898,
    42.429393865
  ],
  ""type"": ""Point""
}",-83.2461728979999,42.4293938650001
14101,9704274,WHITTIER,BEACONSFIELD,2016-05-21,21,5,2016,20,7,8,9,,4,0,,1,1,3,25,4,2,1,5,0,0,0,0,true,,false,false,true,false,false,,,,,,false,false,false,,,false,false,false,false,false,-82.95135,42.41623,"{
  ""coordinates"": [
    -8.295135697700000e+01,
    4.241623244200010e+01
  ],
  ""type"": ""Point""
}","{
  ""coordinates"": [
    -82.951356977,
    42.416232442
  ],
  ""type"": ""Point""
}",-82.951356977,42.4162324420001
14102,9704986,LAFAYETTE,MCDOUGALL,2016-05-21,21,5,2016,22,7,8,9,,4,0,,1,1,4,30,2,2,2,5,0,0,0,0,true,,false,false,false,false,false,,,,,,false,false,false,,,false,false,false,false,false,-83.01902,42.34374,"{
  ""coordinates"": [
    -8.301901926300000e+01,
    4.234374359500000e+01
  ],
  ""type"": ""Point""
}","{
  ""coordinates"": [
    -83.019019263,
    42.343743595
  ],
  ""type"": ""Point""
}",-83.019019263,42.343743595
14103,9706412,ATWATER,RIVARD,2016-05-21,21,5,2016,10,7,97,9,,4,3,,1,1,1,25,2,2,0,5,0,0,0,0,true,,false,false,false,false,false,,,,,,false,false,false,,,false,false,false,false,false,-83.03271,42.33102,"{
  ""coordinates"": [
    -8.303270414300000e+01,
    4.233101776400010e+01
  ],
  ""type"": ""Point""
}","{
  ""coordinates"": [
    -83.032704143,
    42.331017764
  ],
  ""type"": ""Point""
}",-83.032704143,42.3310177640001
14104,9704218,M-39,7 MILE,2016-05-21,21,5,2016,6,7,8,3,,1,0,,1,2,1,55,4,2,2,5,0,0,0,0,true,,false,false,true,false,false,,,,,,false,false,false,,,false,false,false,false,false,-83.21915,42.42857,"{
  ""coordinates"": [
    -8.321915781199991e+01,
    4.242857519200000e+01
  ],
  ""type"": ""Point""
}","{
  ""coordinates"": [
    -83.219157812,
    42.428575192
  ],
  ""type"": ""Point""
}",-83.2191578119999,42.428575192
14105,9706593,OUTER,OUTER,2016-05-21,21,5,2016,22,7,5,9,,2,0,,1,1,4,30,4,2,1,5,0,0,0,0,true,,false,false,true,false,false,,,,,,false,false,false,,,false,false,false,false,false,-83.22983,42.41891,"{
  ""coordinates"": [
    -8.322982902099990e+01,
    4.241891141000010e+01
  ],
  ""type"": ""Point""
}","{
  ""coordinates"": [
    -83.229829021,
    42.41891141
  ],
  ""type"": ""Point""
}",-83.2298290209999,42.4189114100001
14106,9705760,RAMP 048C,S I 75,2016-05-21,21,5,2016,21,7,5,1,,1,0,,1,98,4,40,3,2,2,5,0,0,0,0,true,,false,false,true,false,false,,,,,,false,false,false,,,false,false,false,false,false,-83.09003,42.42015,"{
  ""coordinates"": [
    -8.309003061800000e+01,
    4.242015307400000e+01
  ],
  ""type"": ""Point""
}","{
  ""coordinates"": [
    -83.090030618,
    42.420153074
  ],
  ""type"": ""Point""
}",-83.090030618,42.420153074
14107,9705026,W I 96,E M 8,2016-05-21,21,5,2016,3,7,1,1,,1,1,,1,1,5,30,3,1,1,5,0,0,0,0,true,,false,false,false,false,false,,,,,,false,false,false,,,false,false,false,false,false,-83.15081,42.38428,"{
  ""coordinates"": [
    -8.315080931800000e+01,
    4.238427739200010e+01
  ],
  ""type"": ""Point""
}","{
  ""coordinates"": [
    -83.150809318,
    42.384277392
  ],
  ""type"": ""Point""
}",-83.150809318,42.3842773920001
14108,9704261,I-75,HOLBROOK,2016-05-21,21,5,2016,23,7,1,1,,1,1,,1,2,4,70,4,1,1,4,0,0,0,1,false,,false,false,false,false,false,,,,,,false,false,false,,,false,false,false,false,false,-83.0693,42.38842,"{
  ""coordinates"": [
    -8.306929699900000e+01,
    4.238842020400010e+01
  ],
  ""type"": ""Point""
}","{
  ""coordinates"": [
    -83.069296999,
    42.388420204
  ],
  ""type"": ""Point""
}",-83.069296999,42.3884202040001
14109,9702610,S I 75 SERVICE DRIVE,BEAUBIEN,2016-05-21,21,5,2016,6,7,1,9,,,0,,5,1,1,35,2,1,2,2,0,1,1,0,false,,false,false,false,false,false,,,,,,false,true,false,,,false,false,true,false,false,-83.04862,42.34218,"{
  ""coordinates"": [
    -8.304862269400000e+01,
    4.234218181400010e+01
  ],
  ""type"": ""Point""
}","{
  ""coordinates"": [
    -83.048622694,
    42.342181814
  ],
  ""type"": ""Point""
}",-83.048622694,42.3421818140001
14110,9705744,JEFFERSON,BELVIDERE,2016-05-21,21,5,2016,11,7,5,9,,4,0,,1,1,1,0,4,2,2,5,0,0,0,0,true,,false,false,false,false,false,,,,,,false,false,false,,,false,false,false,false,false,-82.98539,42.35818,"{
  ""coordinates"": [
    -8.298539335100000e+01,
    4.235818050900010e+01
  ],
  ""type"": ""Point""
}","{
  ""coordinates"": [
    -82.985393351,
    42.358180509
  ],
  ""type"": ""Point""
}",-82.985393351,42.3581805090001
14111,9705748,JEFFERSON,MT ELLIOTT,2016-05-21,21,5,2016,4,7,4,9,,4,0,,1,1,4,35,8,2,2,5,0,0,0,0,true,,false,false,false,false,false,,,,,,false,false,false,,,false,false,false,false,false,-83.01001,42.34367,"{
  ""coordinates"": [
    -8.301000923100000e+01,
    4.234367272300010e+01
  ],
  ""type"": ""Point""
}","{
  ""coordinates"": [
    -83.010009231,
    42.343672723
  ],
  ""type"": ""Point""
}",-83.010009231,42.3436727230001
14112,9715581,15332 MANSFIELD,FENKELL,2016-05-21,21,5,2016,8,7,9,9,,,2,,1,1,1,0,2,2,0,5,0,0,0,0,true,,false,false,true,false,false,,,,,,false,false,false,,,false,false,false,false,false,-83.20529,42.40409,"{
  ""coordinates"": [
    -8.320529029200000e+01,
    4.240408896200010e+01
  ],
  ""type"": ""Point""
}","{
  ""coordinates"": [
    -83.205290292,
    42.404088962
  ],
  ""type"": ""Point""
}",-83.205290292,42.4040889620001
14113,9702616,MICHGAN,CABOT,2016-05-21,21,5,2016,14,7,9,2,,1,2,,1,2,1,30,1,2,2,5,0,0,0,0,true,,false,false,false,false,false,,,,,,false,false,true,,,false,false,false,false,false,-83.14809,42.32989,"{
  ""coordinates"": [
    -8.314808377500000e+01,
    4.232989310500010e+01
  ],
  ""type"": ""Point""
}","{
  ""coordinates"": [
    -83.148083775,
    42.329893105
  ],
  ""type"": ""Point""
}",-83.148083775,42.3298931050001
14114,9704293,S M 39 SERVICE DRIVE,RAMP 007C,2016-05-21,21,5,2016,12,7,97,3,,4,0,,1,1,1,35,2,2,1,5,0,0,0,0,true,,false,false,false,false,false,,,,,,false,false,false,,,false,false,false,false,false,-83.21691,42.35854,"{
  ""coordinates"": [
    -8.321690819900000e+01,
    4.235854144300000e+01
  ],
  ""type"": ""Point""
}","{
  ""coordinates"": [
    -83.216908199,
    42.358541443
  ],
  ""type"": ""Point""
}",-83.216908199,42.358541443
14115,9706384,SCHAEFER,MACKENZIE,2016-05-21,21,5,2016,7,7,9,9,,4,0,,1,1,1,35,2,2,0,5,0,0,0,0,true,,false,false,true,false,false,,,,,,false,false,false,,,false,false,false,false,false,-83.17738,42.35613,"{
  ""coordinates"": [
    -8.317738577999999e+01,
    4.235613240600000e+01
  ],
  ""type"": ""Point""
}","{
  ""coordinates"": [
    -83.17738578,
    42.356132406
  ],
  ""type"": ""Point""
}",-83.17738578,42.356132406
14116,9702591,LEANDER,GILBO,2016-05-21,21,5,2016,1,7,5,9,,,0,,1,1,5,25,2,2,3,4,0,0,0,2,false,,false,false,false,false,false,,,,,,false,false,false,,,false,false,false,false,false,-83.01552,42.41064,"{
  ""coordinates"": [
    -8.301552032900000e+01,
    4.241063640900010e+01
  ],
  ""type"": ""Point""
}","{
  ""coordinates"": [
    -83.015520329,
    42.410636409
  ],
  ""type"": ""Point""
}",-83.015520329,42.4106364090001
14117,9715907,OUTER,GRATIOT,2016-05-21,21,5,2016,11,7,10,3,,2,0,,1,1,1,35,2,2,3,5,0,0,0,0,true,,false,false,false,false,false,,,,,,false,false,true,,,false,false,false,false,false,-82.99638,42.40649,"{
  ""coordinates"": [
    -8.299638613099999e+01,
    4.240649460000000e+01
  ],
  ""type"": ""Point""
}","{
  ""coordinates"": [
    -82.996386131,
    42.4064946
  ],
  ""type"": ""Point""
}",-82.996386131,42.4064946
14118,9709113,TELEGRAPH,NORFOLK,2016-05-21,21,5,2016,4,7,9,2,,1,2,,1,1,1,35,4,2,2,5,0,0,0,0,true,,false,false,false,false,false,,,,,,false,true,false,,,false,false,false,false,false,-83.27925,42.43932,"{
  ""coordinates"": [
    -8.327925437300000e+01,
    4.243931560800010e+01
  ],
  ""type"": ""Point""
}","{
  ""coordinates"": [
    -83.279254373,
    42.439315608
  ],
  ""type"": ""Point""
}",-83.279254373,42.4393156080001
14119,9704309,7 MILE,BUFFALO,2016-05-21,21,5,2016,23,7,7,9,,4,0,,1,1,4,30,4,2,2,4,0,0,0,1,false,,false,false,false,false,false,,,,,,false,false,false,,,false,false,false,false,false,-83.04809,42.43346,"{
  ""coordinates"": [
    -8.304808538700000e+01,
    4.243346464100010e+01
  ],
  ""type"": ""Point""
}","{
  ""coordinates"": [
    -83.048085387,
    42.433464641
  ],
  ""type"": ""Point""
}",-83.048085387,42.4334646410001
14120,9706443,OLIVET,ELSMERE,2016-05-21,21,5,2016,23,7,8,9,,,0,,1,1,4,25,2,2,0,5,0,0,0,0,true,,false,false,true,false,false,,,,,,false,false,false,,,false,false,false,false,false,-83.12957,42.29873,"{
  ""coordinates"": [
    -8.312956675000000e+01,
    4.229872751100000e+01
  ],
  ""type"": ""Point""
}","{
  ""coordinates"": [
    -83.12956675,
    42.298727511
  ],
  ""type"": ""Point""
}",-83.12956675,42.298727511
14121,9715583,SEVEN MILE,EDINBOROUGH,2016-05-21,21,5,2016,16,7,8,9,,2,0,,1,1,1,35,2,4,5,5,0,0,0,0,true,,false,false,false,false,false,,,,,,false,false,true,,,false,false,false,false,false,-83.23463,42.42969,"{
  ""coordinates"": [
    -8.323462930600000e+01,
    4.242968655500000e+01
  ],
  ""type"": ""Point""
}","{
  ""coordinates"": [
    -83.234629306,
    42.429686555
  ],
  ""type"": ""Point""
}",-83.234629306,42.429686555
14122,9713470,THIRD,BAGLEY,2016-05-21,21,5,2016,0,7,1,9,,4,1,,1,1,4,30,3,1,2,4,0,0,0,1,false,,false,false,false,false,false,,,,,,false,false,false,,,false,false,false,false,false,-83.05808,42.33294,"{
  ""coordinates"": [
    -8.305808199200000e+01,
    4.233294455800010e+01
  ],
  ""type"": ""Point""
}","{
  ""coordinates"": [
    -83.058081992,
    42.332944558
  ],
  ""type"": ""Point""
}",-83.058081992,42.3329445580001
14123,9702620,LAKEVIEW,CANFIELD,2016-05-21,21,5,2016,18,7,4,9,,,0,,1,1,1,25,2,2,4,3,0,0,2,1,false,,false,false,false,false,false,,,,,,false,false,true,,,false,false,false,false,false,-82.96098,42.39057,"{
  ""coordinates"": [
    -8.296098019500000e+01,
    4.239057221900000e+01
  ],
  ""type"": ""Point""
}","{
  ""coordinates"": [
    -82.960980195,
    42.390572219
  ],
  ""type"": ""Point""
}",-82.960980195,42.390572219
14124,9704225,RAMP 048A,N I 75,2016-05-21,21,5,2016,19,7,1,1,,1,1,,1,1,1,70,5,1,1,5,0,0,0,0,true,,false,false,false,false,false,,,,,,false,false,true,,,false,false,false,false,false,-83.08557,42.41571,"{
  ""coordinates"": [
    -8.308557183300000e+01,
    4.241570483400010e+01
  ],
  ""type"": ""Point""
}","{
  ""coordinates"": [
    -83.085571833,
    42.415704834
  ],
  ""type"": ""Point""
}",-83.085571833,42.4157048340001
14125,9707693,GRATIOT,7 MILE,2016-05-21,21,5,2016,1,7,6,3,,1,0,,1,1,4,30,4,2,1,5,0,0,0,0,true,,false,false,true,false,false,,,,,,false,false,false,,,false,false,false,false,false,-82.97773,42.43501,"{
  ""coordinates"": [
    -8.297772996000000e+01,
    4.243501048100010e+01
  ],
  ""type"": ""Point""
}","{
  ""coordinates"": [
    -82.97772996,
    42.435010481
  ],
  ""type"": ""Point""
}",-82.97772996,42.4350104810001
14126,9704224,E I 94,GRAND,2016-05-21,21,5,2016,6,7,1,1,,1,1,,1,1,2,55,3,1,1,4,0,0,0,1,false,,false,false,false,false,false,,,,,,false,false,true,,,false,false,false,false,false,-83.04195,42.37591,"{
  ""coordinates"": [
    -8.304195737399991e+01,
    4.237591295900010e+01
  ],
  ""type"": ""Point""
}","{
  ""coordinates"": [
    -83.041957374,
    42.375912959
  ],
  ""type"": ""Point""
}",-83.0419573739999,42.3759129590001
14127,9706463,BUCKINGHAM,BREMEN,2016-05-21,21,5,2016,22,7,2,9,,,0,,1,1,4,25,2,2,2,5,0,0,0,0,true,,false,false,false,false,false,,,,,,false,false,false,,,false,false,false,false,false,-82.93954,42.39442,"{
  ""coordinates"": [
    -8.293954553200000e+01,
    4.239442226400010e+01
  ],
  ""type"": ""Point""
}","{
  ""coordinates"": [
    -82.939545532,
    42.394422264
  ],
  ""type"": ""Point""
}",-82.939545532,42.3944222640001
14128,9702637,BEAUFAIT,WARREN,2016-05-21,21,5,2016,5,7,1,9,,,0,,1,1,4,25,1,1,1,4,0,0,0,1,false,,false,false,false,false,false,,,,,,false,false,true,,,false,false,false,false,false,-83.02508,42.37137,"{
  ""coordinates"": [
    -8.302507453399990e+01,
    4.237137287100010e+01
  ],
  ""type"": ""Point""
}","{
  ""coordinates"": [
    -83.025074534,
    42.371372871
  ],
  ""type"": ""Point""
}",-83.0250745339999,42.3713728710001
14129,9705721,CABOT,DENNISON,2016-05-21,21,5,2016,19,7,8,9,,,3,,1,1,1,25,2,2,0,5,0,0,0,0,true,,false,false,true,false,false,,,,,,false,false,false,,,false,false,false,false,false,-83.15297,42.33437,"{
  ""coordinates"": [
    -8.315297044999990e+01,
    4.233436732700010e+01
  ],
  ""type"": ""Point""
}","{
  ""coordinates"": [
    -83.15297045,
    42.334367327
  ],
  ""type"": ""Point""
}",-83.1529704499999,42.3343673270001
14130,9705704,24TH,VERNOR,2016-05-21,21,5,2016,20,7,5,9,,,0,,1,1,1,0,3,2,3,5,0,0,0,0,true,,false,false,false,false,false,,,,,,false,false,false,,,false,false,false,false,false,-83.08649,42.32371,"{
  ""coordinates"": [
    -8.308648873700000e+01,
    4.232370709000000e+01
  ],
  ""type"": ""Point""
}","{
  ""coordinates"": [
    -83.086488737,
    42.32370709
  ],
  ""type"": ""Point""
}",-83.086488737,42.32370709