ObjectId,Crash ID,Primary Road,Intersecting Road,Crash Date,Day,Month,Year,Hour,Weekday,Crash Type Code,Highway Classification Code,Community Code,Jurisdiction Code,Lane Departure Type Code,Surface Type,Road Condition,Weather Condition,Lighting Condition,Speed Limit,Lanes,Units,Occupants,Most Severe Injury,Fatal Injuries,Suspected Serious Injuries,Suspected Minor Injuries,Possible Injuries,Property Damage Only,Secondary Crash,Traffic Control,Red Light Run,Hit and Run,Alcohol,Drugs,Unbelted Person,Work Zone,Speeding Driver,Distracted Driver,Driveway,Pedestrian,Elderly Driver,Young Driver,Commercial Vehicle,Emergency Vehicles,Train,School Bus,Motorcycle,Bicycle,Deer,Longitude,Latitude,geom,geog,x,y
14131,9704314,MARK TWAIN,CURTIS,2016-05-21,21,5,2016,15,7,4,9,,,0,,1,1,1,25,1,2,2,4,0,0,0,1,false,,false,false,false,false,false,,,,,,false,false,true,,,false,false,false,false,false,-83.18742,42.42378,"{
  ""coordinates"": [
    -8.318742285099999e+01,
    4.242377977300000e+01
  ],
  ""type"": ""Point""
}","{
  ""coordinates"": [
    -83.187422851,
    42.423779773
  ],
  ""type"": ""Point""
}",-83.187422851,42.423779773
14132,9702607,BEAUBIEN,GRATIOT,2016-05-21,21,5,2016,4,7,4,3,,4,0,,1,1,4,30,2,2,2,3,0,0,1,1,false,,true,true,false,false,false,,,,,,false,false,false,,,false,false,false,false,false,-83.04386,42.33681,"{
  ""coordinates"": [
    -8.304386192999991e+01,
    4.233681163000010e+01
  ],
  ""type"": ""Point""
}","{
  ""coordinates"": [
    -83.04386193,
    42.33681163
  ],
  ""type"": ""Point""
}",-83.0438619299999,42.3368116300001
14133,9704226,N M 10,RAMP 123B,2016-05-21,21,5,2016,22,7,8,3,,1,0,,1,1,4,55,3,2,1,4,0,0,0,1,false,,false,false,true,false,false,,,,,,false,false,false,,,false,false,false,false,false,-83.06097,42.33138,"{
  ""coordinates"": [
    -8.306097165200001e+01,
    4.233137722000000e+01
  ],
  ""type"": ""Point""
}","{
  ""coordinates"": [
    -83.060971652,
    42.33137722
  ],
  ""type"": ""Point""
}",-83.060971652,42.33137722
14134,9705743,LAFAYETTE,SAINT AUBIN,2016-05-21,21,5,2016,8,7,9,9,,4,0,,1,1,1,30,2,2,2,5,0,0,0,0,true,,false,false,false,false,false,,,,,,false,false,false,,,false,false,false,false,false,-83.02995,42.33904,"{
  ""coordinates"": [
    -8.302994808100000e+01,
    4.233903954000000e+01
  ],
  ""type"": ""Point""
}","{
  ""coordinates"": [
    -83.029948081,
    42.33903954
  ],
  ""type"": ""Point""
}",-83.029948081,42.33903954
14135,9706353,GREENFIELD,KENDALL,2016-05-21,21,5,2016,17,7,8,9,,2,0,,1,1,1,35,4,2,3,2,0,1,0,0,false,,false,false,false,false,false,,,,,,false,false,true,,,false,false,false,false,false,-83.19823,42.38913,"{
  ""coordinates"": [
    -8.319823557799999e+01,
    4.238913113400010e+01
  ],
  ""type"": ""Point""
}","{
  ""coordinates"": [
    -83.198235578,
    42.389131134
  ],
  ""type"": ""Point""
}",-83.198235578,42.3891311340001
14136,9702597,PLYMOUTH,STEEL,2016-05-21,21,5,2016,9,7,97,9,,4,0,,1,2,1,30,4,3,4,5,0,0,0,0,true,,false,false,false,false,false,,,,,,false,false,false,,,false,false,false,false,false,-83.17061,42.37317,"{
  ""coordinates"": [
    -8.317060681500000e+01,
    4.237317456600000e+01
  ],
  ""type"": ""Point""
}","{
  ""coordinates"": [
    -83.170606815,
    42.373174566
  ],
  ""type"": ""Point""
}",-83.170606815,42.373174566
14137,9702593,W I 94,CONNER,2016-05-21,21,5,2016,15,7,5,1,,1,0,,1,1,1,35,3,3,3,5,0,0,0,0,true,,false,false,true,false,false,,,,,,false,false,false,,,false,false,false,false,false,-82.98924,42.39553,"{
  ""coordinates"": [
    -8.298924136900000e+01,
    4.239553452500010e+01
  ],
  ""type"": ""Point""
}","{
  ""coordinates"": [
    -82.989241369,
    42.395534525
  ],
  ""type"": ""Point""
}",-82.989241369,42.3955345250001
14138,9706290,GRISWOLD,STATE,2016-05-21,21,5,2016,15,7,97,9,,4,0,,1,1,1,25,4,2,2,5,0,0,0,0,true,,false,false,false,false,false,,,,,,false,false,false,,,false,false,false,false,false,-83.04908,42.33279,"{
  ""coordinates"": [
    -8.304907672600000e+01,
    4.233278636500010e+01
  ],
  ""type"": ""Point""
}","{
  ""coordinates"": [
    -83.049076726,
    42.332786365
  ],
  ""type"": ""Point""
}",-83.049076726,42.3327863650001
14139,9716905,MCNICHOLS,GREENFIELD,2016-05-21,21,5,2016,10,7,6,9,,2,0,,1,1,4,0,2,2,1,5,0,0,0,0,true,,false,false,true,false,false,,,,,,false,false,false,,,false,false,false,false,false,-83.1994,42.41598,"{
  ""coordinates"": [
    -8.319940502000000e+01,
    4.241597912300010e+01
  ],
  ""type"": ""Point""
}","{
  ""coordinates"": [
    -83.19940502,
    42.415979123
  ],
  ""type"": ""Point""
}",-83.19940502,42.4159791230001
14140,9715455,I-96,MCGRAW,2016-05-21,21,5,2016,1,7,1,1,,1,1,,1,2,5,55,4,1,1,1,1,0,0,0,false,,false,false,false,false,false,,,,,,false,false,false,,,false,false,true,false,false,-83.09884,42.34998,"{
  ""coordinates"": [
    -8.309883659899999e+01,
    4.234997921300000e+01
  ],
  ""type"": ""Point""
}","{
  ""coordinates"": [
    -83.098836599,
    42.349979213
  ],
  ""type"": ""Point""
}",-83.098836599,42.349979213
14141,9706364,JOY,MEYERS,2016-05-21,21,5,2016,22,7,4,9,,4,0,,1,1,4,30,2,2,1,4,0,0,0,1,false,,false,false,false,false,false,,,,,,false,false,true,,,false,false,true,false,false,-83.16735,42.35874,"{
  ""coordinates"": [
    -8.316734876399990e+01,
    4.235873756100010e+01
  ],
  ""type"": ""Point""
}","{
  ""coordinates"": [
    -83.167348764,
    42.358737561
  ],
  ""type"": ""Point""
}",-83.1673487639999,42.3587375610001
14142,9715863,FLORENCE,16255 INVERNESS,2016-05-21,21,5,2016,7,7,1,9,,,0,,1,1,1,25,1,1,0,5,0,0,0,0,true,,false,false,true,false,false,,,,,,false,false,false,,,false,false,false,false,false,-83.12304,42.41265,"{
  ""coordinates"": [
    -8.312303749199999e+01,
    4.241264822200000e+01
  ],
  ""type"": ""Point""
}","{
  ""coordinates"": [
    -83.123037492,
    42.412648222
  ],
  ""type"": ""Point""
}",-83.123037492,42.412648222
14143,9713250,NB M-10,GREENLAWN,2016-05-21,21,5,2016,2,7,5,3,,1,0,,1,1,4,55,3,2,3,4,0,0,0,2,false,,false,false,false,true,false,,,,,,false,false,false,,,false,false,false,false,false,-83.2013,42.4432,"{
  ""coordinates"": [
    -8.320130223900000e+01,
    4.244320289200000e+01
  ],
  ""type"": ""Point""
}","{
  ""coordinates"": [
    -83.201302239,
    42.443202892
  ],
  ""type"": ""Point""
}",-83.201302239,42.443202892
14144,9835747,FORD,N M 39 SERVICE DRIVE,2016-05-21,21,5,2016,18,7,5,3,,1,0,,1,1,1,45,3,2,4,5,0,0,0,0,true,,false,false,false,false,false,,,,,,false,false,true,,,false,false,false,false,false,-83.21539,42.3291,"{
  ""coordinates"": [
    -8.321539238299989e+01,
    4.232910222300010e+01
  ],
  ""type"": ""Point""
}","{
  ""coordinates"": [
    -83.215392383,
    42.329102223
  ],
  ""type"": ""Point""
}",-83.2153923829999,42.3291022230001
14145,9708251,I-94,WHITTIER,2016-05-21,21,5,2016,15,7,5,1,,1,0,,1,2,1,55,3,2,1,5,0,0,0,0,true,,false,false,true,false,false,,,,,,false,true,false,,,false,false,false,false,false,-82.94543,42.41138,"{
  ""coordinates"": [
    -8.294543015799999e+01,
    4.241138295600010e+01
  ],
  ""type"": ""Point""
}","{
  ""coordinates"": [
    -82.945430158,
    42.411382956
  ],
  ""type"": ""Point""
}",-82.945430158,42.4113829560001
14146,9706309,4510 FAIRVIEW,WARREN,2016-05-21,21,5,2016,18,7,5,9,,,3,,1,1,1,25,2,2,0,5,0,0,0,0,true,,false,false,true,false,false,,,,,,false,false,false,,,false,false,false,false,false,-82.98748,42.38639,"{
  ""coordinates"": [
    -8.298748158799999e+01,
    4.238639074200010e+01
  ],
  ""type"": ""Point""
}","{
  ""coordinates"": [
    -82.987481588,
    42.386390742
  ],
  ""type"": ""Point""
}",-82.987481588,42.3863907420001
14147,9705740,CADILLAC,KERCHEVAL,2016-05-21,21,5,2016,6,7,98,9,,4,0,,1,1,1,25,2,3,4,3,0,0,2,2,false,,true,false,true,false,false,,,,,,false,false,true,,,false,false,false,false,false,-82.98434,42.36459,"{
  ""coordinates"": [
    -8.298433976200000e+01,
    4.236458949300000e+01
  ],
  ""type"": ""Point""
}","{
  ""coordinates"": [
    -82.984339762,
    42.364589493
  ],
  ""type"": ""Point""
}",-82.984339762,42.364589493
14148,9806108,RANDOLH,CONGRESS,2016-05-21,21,5,2016,22,7,5,3,,1,0,,1,1,4,25,3,2,3,4,0,0,0,1,false,,false,false,false,false,false,,,,,,false,false,true,,,false,false,true,false,false,-83.04301,42.33138,"{
  ""coordinates"": [
    -8.304301578899999e+01,
    4.233138081600000e+01
  ],
  ""type"": ""Point""
}","{
  ""coordinates"": [
    -83.043015789,
    42.331380816
  ],
  ""type"": ""Point""
}",-83.043015789,42.331380816
14149,9715643,MOROSS,ROSSITER,2016-05-21,21,5,2016,12,7,5,9,,2,0,,1,1,1,30,4,2,2,5,0,0,0,0,true,,false,false,false,false,false,,,,,,false,false,false,,,false,false,false,false,false,-82.94495,42.43103,"{
  ""coordinates"": [
    -8.294494607500000e+01,
    4.243102553700000e+01
  ],
  ""type"": ""Point""
}","{
  ""coordinates"": [
    -82.944946075,
    42.431025537
  ],
  ""type"": ""Point""
}",-82.944946075,42.431025537
14150,9715629,PAYTON,MORANG,2016-05-21,21,5,2016,14,7,5,9,,,0,,1,1,1,20,2,2,0,5,0,0,0,0,true,,false,false,true,false,false,,,,,,false,false,true,,,false,false,false,false,false,-82.9562,42.42865,"{
  ""coordinates"": [
    -8.295620343300000e+01,
    4.242865045400000e+01
  ],
  ""type"": ""Point""
}","{
  ""coordinates"": [
    -82.956203433,
    42.428650454
  ],
  ""type"": ""Point""
}",-82.956203433,42.428650454
14151,9737688,THIRD,BAGLEY,2016-05-21,21,5,2016,11,7,9,9,,4,0,,1,1,1,35,2,2,3,5,0,0,0,0,true,,false,false,false,false,false,,,,,,false,false,false,,,false,false,false,false,false,-83.05772,42.33231,"{
  ""coordinates"": [
    -8.305772283899999e+01,
    4.233230865900000e+01
  ],
  ""type"": ""Point""
}","{
  ""coordinates"": [
    -83.057722839,
    42.332308659
  ],
  ""type"": ""Point""
}",-83.057722839,42.332308659
14152,9704209,I-375,LAFAYETTE,2016-05-21,21,5,2016,7,7,5,1,,1,0,,1,1,2,55,3,2,4,3,0,0,1,0,false,,false,false,false,false,false,,,,,,false,false,false,,,false,false,false,false,false,-83.03825,42.3361,"{
  ""coordinates"": [
    -8.303824479600000e+01,
    4.233609802000010e+01
  ],
  ""type"": ""Point""
}","{
  ""coordinates"": [
    -83.038244796,
    42.33609802
  ],
  ""type"": ""Point""
}",-83.038244796,42.3360980200001
14153,9705021,FRISBEE,TELEGRAPH,2016-05-21,21,5,2016,12,7,8,2,,,0,,1,2,1,25,2,3,2,5,0,0,0,0,true,,false,false,false,false,false,,,,,,false,false,false,,,false,false,false,false,false,-83.27768,42.43517,"{
  ""coordinates"": [
    -8.327768077600000e+01,
    4.243516489700000e+01
  ],
  ""type"": ""Point""
}","{
  ""coordinates"": [
    -83.277680776,
    42.435164897
  ],
  ""type"": ""Point""
}",-83.277680776,42.435164897
14154,9706323,LYNDON,OUTER,2016-05-21,21,5,2016,18,7,97,9,,4,0,,1,1,1,25,2,2,2,4,0,0,0,2,false,,false,false,true,false,false,,,,,,false,false,false,,,false,false,false,false,false,-83.25612,42.39309,"{
  ""coordinates"": [
    -8.325611767700001e+01,
    4.239308541800010e+01
  ],
  ""type"": ""Point""
}","{
  ""coordinates"": [
    -83.256117677,
    42.393085418
  ],
  ""type"": ""Point""
}",-83.256117677,42.3930854180001
14155,9706408,BEATRICE,OUTER,2016-05-21,21,5,2016,12,7,10,9,,,0,,1,1,1,0,2,2,1,5,0,0,0,0,true,,false,false,false,false,false,,,,,,false,false,false,,,false,false,false,false,false,-83.16335,42.25817,"{
  ""coordinates"": [
    -8.316334940900001e+01,
    4.225817465000010e+01
  ],
  ""type"": ""Point""
}","{
  ""coordinates"": [
    -83.163349409,
    42.25817465
  ],
  ""type"": ""Point""
}",-83.163349409,42.2581746500001
14156,9715868,REMINGTON,CHARLESTON,2016-05-21,21,5,2016,,7,1,9,,,1,,1,1,5,25,2,1,1,5,0,0,0,0,true,,false,false,false,false,false,,,,,,false,false,false,,,false,false,false,false,false,-83.1071,42.44204,"{
  ""coordinates"": [
    -8.310709824600001e+01,
    4.244203452400010e+01
  ],
  ""type"": ""Point""
}","{
  ""coordinates"": [
    -83.107098246,
    42.442034524
  ],
  ""type"": ""Point""
}",-83.107098246,42.4420345240001
14157,9715443,N M 39,I 96 SERVICE DRIVE,2016-05-21,21,5,2016,19,7,97,3,,1,0,,1,1,1,55,3,2,2,5,0,0,0,0,true,,false,false,false,false,false,,,,,,false,false,true,,,false,false,false,false,false,-83.21684,42.37771,"{
  ""coordinates"": [
    -8.321683536899999e+01,
    4.237770871900010e+01
  ],
  ""type"": ""Point""
}","{
  ""coordinates"": [
    -83.216835369,
    42.377708719
  ],
  ""type"": ""Point""
}",-83.216835369,42.3777087190001
14158,9705776,FOREST,2ND,2016-05-21,21,5,2016,14,7,97,9,,4,0,,1,1,1,25,3,2,0,5,0,0,0,0,true,,false,false,false,false,false,,,,,,false,false,false,,,false,false,false,false,false,-83.06934,42.35251,"{
  ""coordinates"": [
    -8.306934104200000e+01,
    4.235250776800010e+01
  ],
  ""type"": ""Point""
}","{
  ""coordinates"": [
    -83.069341042,
    42.352507768
  ],
  ""type"": ""Point""
}",-83.069341042,42.3525077680001
14159,9706341,PLYMOUTH,COYLE,2016-05-21,21,5,2016,2,7,97,9,,4,0,,1,1,4,35,2,3,4,3,0,0,1,3,false,,false,false,false,false,false,,,,,,false,false,true,,,false,false,false,false,false,-83.19318,42.37268,"{
  ""coordinates"": [
    -8.319317757600000e+01,
    4.237268006100000e+01
  ],
  ""type"": ""Point""
}","{
  ""coordinates"": [
    -83.193177576,
    42.372680061
  ],
  ""type"": ""Point""
}",-83.193177576,42.372680061
14160,9708346,GRATIOT,MARCUS,2016-05-21,21,5,2016,6,7,5,3,,1,0,,1,1,1,35,3,2,1,5,0,0,0,0,true,,true,true,true,false,false,,,,,,false,false,false,,,false,false,false,false,false,-83.0023,42.39756,"{
  ""coordinates"": [
    -8.300229513300000e+01,
    4.239756076900010e+01
  ],
  ""type"": ""Point""
}","{
  ""coordinates"": [
    -83.002295133,
    42.397560769
  ],
  ""type"": ""Point""
}",-83.002295133,42.3975607690001
14161,9702641,JOHN R,ADELAIDE,2016-05-21,21,5,2016,20,7,4,9,,4,0,,1,1,1,25,1,2,2,5,0,0,0,0,true,,true,false,false,false,false,,,,,,false,false,false,,,false,false,false,false,false,-83.05171,42.3427,"{
  ""coordinates"": [
    -8.305171478699999e+01,
    4.234269591500000e+01
  ],
  ""type"": ""Point""
}","{
  ""coordinates"": [
    -83.051714787,
    42.342695915
  ],
  ""type"": ""Point""
}",-83.051714787,42.342695915
14162,9704240,M-10,PEMBROKE,2016-05-20,20,5,2016,20,6,1,3,,1,0,,1,1,1,55,3,1,1,5,0,0,0,0,true,,false,false,false,false,false,,,,,,false,false,false,,,false,false,false,false,false,-83.19439,42.43805,"{
  ""coordinates"": [
    -8.319439190600001e+01,
    4.243804368500000e+01
  ],
  ""type"": ""Point""
}","{
  ""coordinates"": [
    -83.194391906,
    42.438043685
  ],
  ""type"": ""Point""
}",-83.194391906,42.438043685
14163,9706499,CHANDLER PARK,UNIVERSITY,2016-05-20,20,5,2016,6,6,5,9,,2,0,,1,1,2,35,2,2,0,5,0,0,0,0,true,,false,false,true,false,false,,,,,,false,false,false,,,false,false,false,false,false,-82.92568,42.41388,"{
  ""coordinates"": [
    -8.292568400200000e+01,
    4.241387436500000e+01
  ],
  ""type"": ""Point""
}","{
  ""coordinates"": [
    -82.925684002,
    42.413874365
  ],
  ""type"": ""Point""
}",-82.925684002,42.413874365
14164,9702594,GRAND RIVER,MARTIN LUTHER KING JR,2016-05-20,20,5,2016,21,6,5,3,,1,0,,1,1,5,30,2,2,1,5,0,0,0,0,true,,false,false,false,false,false,,,,,,false,false,true,,,false,false,false,false,false,-83.0725,42.34192,"{
  ""coordinates"": [
    -8.307250191000000e+01,
    4.234191980600010e+01
  ],
  ""type"": ""Point""
}","{
  ""coordinates"": [
    -83.07250191,
    42.341919806
  ],
  ""type"": ""Point""
}",-83.07250191,42.3419198060001
14165,9704221,I-94,I-75,2016-05-20,20,5,2016,18,6,5,1,,1,0,,1,1,1,55,3,3,3,4,0,0,0,2,false,,false,false,false,false,false,,,,,,false,false,false,,,false,false,false,false,false,-83.05901,42.36787,"{
  ""coordinates"": [
    -8.305900549200000e+01,
    4.236787147500010e+01
  ],
  ""type"": ""Point""
}","{
  ""coordinates"": [
    -83.059005492,
    42.367871475
  ],
  ""type"": ""Point""
}",-83.059005492,42.3678714750001
14166,9701434,CHANDLER,JOHN R,2016-05-20,20,5,2016,8,6,98,9,,,0,,1,1,1,0,4,2,3,4,0,0,0,1,false,,true,false,false,false,false,,,,,,false,true,true,,,false,false,false,false,false,-83.07364,42.37487,"{
  ""coordinates"": [
    -8.307363533700000e+01,
    4.237487376500010e+01
  ],
  ""type"": ""Point""
}","{
  ""coordinates"": [
    -83.073635337,
    42.374873765
  ],
  ""type"": ""Point""
}",-83.073635337,42.3748737650001
14167,9705710,VINEWOOD,VERNOR,2016-05-20,20,5,2016,18,6,2,9,,,2,,1,1,1,0,4,2,2,5,0,0,0,0,true,,false,false,true,false,false,,,,,,false,false,false,,,false,false,false,false,false,-83.09053,42.32235,"{
  ""coordinates"": [
    -8.309053380200000e+01,
    4.232235492600010e+01
  ],
  ""type"": ""Point""
}","{
  ""coordinates"": [
    -83.090533802,
    42.322354926
  ],
  ""type"": ""Point""
}",-83.090533802,42.3223549260001
14168,9701452,NORFOLK,APPOLINE,2016-05-20,20,5,2016,18,6,4,9,,,0,,1,1,4,25,2,2,2,5,0,0,0,0,true,,false,false,true,false,false,,,,,,false,false,false,,,false,false,false,false,false,-83.17225,42.44304,"{
  ""coordinates"": [
    -8.317225108299991e+01,
    4.244303505800010e+01
  ],
  ""type"": ""Point""
}","{
  ""coordinates"": [
    -83.172251083,
    42.443035058
  ],
  ""type"": ""Point""
}",-83.1722510829999,42.4430350580001
14169,9701437,LODGE SERVICE,GRAND,2016-05-20,20,5,2016,8,6,5,9,,4,0,,1,1,1,35,2,2,2,5,0,0,0,0,true,,false,false,false,false,false,,,,,,false,false,false,,,false,false,false,false,false,-83.0677,42.34335,"{
  ""coordinates"": [
    -8.306770519000000e+01,
    4.234334942400010e+01
  ],
  ""type"": ""Point""
}","{
  ""coordinates"": [
    -83.06770519,
    42.343349424
  ],
  ""type"": ""Point""
}",-83.06770519,42.3433494240001
14170,9734658,ASBURY,SANTA MARIA,2016-05-20,20,5,2016,8,6,4,9,,4,0,,1,1,1,25,2,2,2,5,0,0,0,0,true,,false,false,false,false,false,,,,,,false,false,true,,,false,false,false,false,false,-83.20907,42.41755,"{
  ""coordinates"": [
    -8.320906920300000e+01,
    4.241755250200000e+01
  ],
  ""type"": ""Point""
}","{
  ""coordinates"": [
    -83.209069203,
    42.417552502
  ],
  ""type"": ""Point""
}",-83.209069203,42.417552502
14171,9702613,PHILDELPHIA,BEAUBIEN,2016-05-20,20,5,2016,15,6,10,9,,,0,,1,2,1,25,2,2,1,5,0,0,0,0,true,,false,false,false,false,false,,,,,,false,true,false,,,false,false,false,false,false,-83.07217,42.38033,"{
  ""coordinates"": [
    -8.307217493300000e+01,
    4.238033098100000e+01
  ],
  ""type"": ""Point""
}","{
  ""coordinates"": [
    -83.072174933,
    42.380330981
  ],
  ""type"": ""Point""
}",-83.072174933,42.380330981
14172,9704214,E/B I-94,CHALMERS,2016-05-20,20,5,2016,17,6,5,1,,1,0,,1,1,1,55,3,2,2,5,0,0,0,0,true,,false,false,false,false,false,,,,,,false,false,false,,,false,false,false,false,false,-82.96603,42.40319,"{
  ""coordinates"": [
    -8.296603683599990e+01,
    4.240318750100000e+01
  ],
  ""type"": ""Point""
}","{
  ""coordinates"": [
    -82.966036836,
    42.403187501
  ],
  ""type"": ""Point""
}",-82.9660368359999,42.403187501
14173,9709083,FORT,SPRINGWELL,2016-05-20,20,5,2016,17,6,4,3,,1,0,,1,1,1,30,2,2,2,5,0,0,0,0,true,,false,false,true,false,false,,,,,,false,false,false,,,false,false,false,false,false,-83.11919,42.30019,"{
  ""coordinates"": [
    -8.311919338300000e+01,
    4.230019172400010e+01
  ],
  ""type"": ""Point""
}","{
  ""coordinates"": [
    -83.119193383,
    42.300191724
  ],
  ""type"": ""Point""
}",-83.119193383,42.3001917240001
14174,9701447,DAVISON,PETOSKEY,2016-05-20,20,5,2016,13,6,5,3,,1,0,,1,1,1,35,7,3,3,4,0,0,0,1,false,,false,false,false,false,false,,,,,,false,false,true,,,false,false,false,false,false,-83.13533,42.38805,"{
  ""coordinates"": [
    -8.313532877900001e+01,
    4.238805514500010e+01
  ],
  ""type"": ""Point""
}","{
  ""coordinates"": [
    -83.135328779,
    42.388055145
  ],
  ""type"": ""Point""
}",-83.135328779,42.3880551450001
14175,9706490,WARREN,GRAYTON,2016-05-20,20,5,2016,20,6,4,9,,4,0,,1,1,1,30,4,2,4,5,0,0,0,0,true,,false,false,false,false,false,,,,,,false,false,false,,,false,false,false,false,false,-82.9318,42.40535,"{
  ""coordinates"": [
    -8.293179748700000e+01,
    4.240534909200010e+01
  ],
  ""type"": ""Point""
}","{
  ""coordinates"": [
    -82.931797487,
    42.405349092
  ],
  ""type"": ""Point""
}",-82.931797487,42.4053490920001
14176,9705751,TROMBLY,RIOPELLE,2016-05-20,20,5,2016,16,6,97,9,,,0,,1,1,1,25,2,2,3,5,0,0,0,0,true,,false,false,false,false,false,,,,,,false,false,false,,,false,false,false,false,false,-83.05606,42.37356,"{
  ""coordinates"": [
    -8.305606419299990e+01,
    4.237356220800010e+01
  ],
  ""type"": ""Point""
}","{
  ""coordinates"": [
    -83.056064193,
    42.373562208
  ],
  ""type"": ""Point""
}",-83.0560641929999,42.3735622080001
14177,9704260,S M 10,MARTIN LUTHER KING JR,2016-05-20,20,5,2016,19,6,5,3,,1,0,,1,2,1,55,3,2,2,3,0,0,1,0,false,,false,false,false,false,false,,,,,,false,false,true,,,false,false,false,false,false,-83.06876,42.34447,"{
  ""coordinates"": [
    -8.306876074800000e+01,
    4.234447351200000e+01
  ],
  ""type"": ""Point""
}","{
  ""coordinates"": [
    -83.068760748,
    42.344473512
  ],
  ""type"": ""Point""
}",-83.068760748,42.344473512
14178,9715454,I-94,WOODWARD,2016-05-20,20,5,2016,22,6,5,1,,1,0,,1,1,4,55,3,2,3,5,0,0,0,0,true,,false,false,false,false,false,,,,,,false,false,false,,,false,false,false,false,false,-83.06861,42.36391,"{
  ""coordinates"": [
    -8.306861063400000e+01,
    4.236390690000010e+01
  ],
  ""type"": ""Point""
}","{
  ""coordinates"": [
    -83.068610634,
    42.3639069
  ],
  ""type"": ""Point""
}",-83.068610634,42.3639069000001
14179,9704259,N M 10,CHICAGO,2016-05-20,20,5,2016,18,6,5,3,,1,0,,1,2,1,55,3,2,2,5,0,0,0,0,true,,false,false,false,false,false,,,,,,false,false,false,,,false,false,false,false,false,-83.09459,42.38239,"{
  ""coordinates"": [
    -8.309458996500000e+01,
    4.238239386100000e+01
  ],
  ""type"": ""Point""
}","{
  ""coordinates"": [
    -83.094589965,
    42.382393861
  ],
  ""type"": ""Point""
}",-83.094589965,42.382393861
14180,9753008,LIVERNOIS,PELOUZE,2016-05-20,20,5,2016,15,6,8,9,,4,0,,1,1,1,35,7,2,1,5,0,0,0,0,true,,false,false,false,false,false,,,,,,false,true,false,,,false,false,false,false,false,-83.12328,42.33516,"{
  ""coordinates"": [
    -8.312328022500000e+01,
    4.233516328300000e+01
  ],
  ""type"": ""Point""
}","{
  ""coordinates"": [
    -83.123280225,
    42.335163283
  ],
  ""type"": ""Point""
}",-83.123280225,42.335163283
14181,9704289,CADILLAC,CHARLEVOIX,2016-05-20,20,5,2016,13,6,5,9,,4,0,,1,1,1,25,2,2,5,5,0,0,0,0,true,,false,false,false,false,false,,,,,,false,false,true,,,false,false,false,false,false,-82.98743,42.36889,"{
  ""coordinates"": [
    -8.298743791699999e+01,
    4.236888858000000e+01
  ],
  ""type"": ""Point""
}","{
  ""coordinates"": [
    -82.987437917,
    42.36888858
  ],
  ""type"": ""Point""
}",-82.987437917,42.36888858
14182,9705750,E I 94,RAMP 219A,2016-05-20,20,5,2016,15,6,1,1,,1,0,,1,1,1,35,7,2,2,4,0,0,0,1,false,,false,false,false,false,false,,,,,,true,false,false,,,false,false,false,false,false,-83.00607,42.39146,"{
  ""coordinates"": [
    -8.300607522500000e+01,
    4.239146025600010e+01
  ],
  ""type"": ""Point""
}","{
  ""coordinates"": [
    -83.006075225,
    42.391460256
  ],
  ""type"": ""Point""
}",-83.006075225,42.3914602560001
14183,9717294,FORD,S M 39,2016-05-20,20,5,2016,22,6,1,3,,1,1,,1,1,4,50,4,1,1,5,0,0,0,0,true,,false,false,false,false,false,,,,,,false,false,false,,,false,false,false,false,false,-83.21572,42.3291,"{
  ""coordinates"": [
    -8.321572485900001e+01,
    4.232909657500010e+01
  ],
  ""type"": ""Point""
}","{
  ""coordinates"": [
    -83.215724859,
    42.329096575
  ],
  ""type"": ""Point""
}",-83.215724859,42.3290965750001
14184,9701433,LIVERNOIS,ARMY,2016-05-20,20,5,2016,20,6,4,9,,4,0,,1,1,3,30,2,2,3,4,0,0,0,1,false,,true,false,false,false,false,,,,,,false,true,false,,,false,false,false,false,false,-83.10617,42.31036,"{
  ""coordinates"": [
    -8.310617252799990e+01,
    4.231036467500010e+01
  ],
  ""type"": ""Point""
}","{
  ""coordinates"": [
    -83.106172528,
    42.310364675
  ],
  ""type"": ""Point""
}",-83.1061725279999,42.3103646750001
14185,9702590,OUTER,MOUND,2016-05-20,20,5,2016,23,6,5,9,,2,0,,1,1,4,35,3,2,1,5,0,0,0,0,true,,false,false,true,false,false,,,,,,false,false,false,,,false,false,false,false,false,-83.04405,42.44072,"{
  ""coordinates"": [
    -8.304404991599991e+01,
    4.244071448200000e+01
  ],
  ""type"": ""Point""
}","{
  ""coordinates"": [
    -83.044049916,
    42.440714482
  ],
  ""type"": ""Point""
}",-83.0440499159999,42.440714482
14186,9701456,SCHEAFER,PURITAN,2016-05-20,20,5,2016,18,6,5,9,,4,0,,1,1,1,35,1,2,4,3,0,0,1,0,false,,false,false,false,false,false,,,,,,false,false,true,,,false,false,false,false,false,-83.17946,42.40936,"{
  ""coordinates"": [
    -8.317945777900000e+01,
    4.240935921300010e+01
  ],
  ""type"": ""Point""
}","{
  ""coordinates"": [
    -83.179457779,
    42.409359213
  ],
  ""type"": ""Point""
}",-83.179457779,42.4093592130001
14187,9708275,DAVISON,RAMP 047H,2016-05-20,20,5,2016,22,6,1,9,,4,1,,1,1,4,55,3,1,3,4,0,0,0,3,false,,false,false,false,false,false,,,,,,false,false,false,,,false,false,false,false,false,-83.07985,42.4089,"{
  ""coordinates"": [
    -8.307984964000001e+01,
    4.240889647600010e+01
  ],
  ""type"": ""Point""
}","{
  ""coordinates"": [
    -83.07984964,
    42.408896476
  ],
  ""type"": ""Point""
}",-83.07984964,42.4088964760001