ObjectId,Crash ID,Primary Road,Intersecting Road,Crash Date,Day,Month,Year,Hour,Weekday,Crash Type Code,Highway Classification Code,Community Code,Jurisdiction Code,Lane Departure Type Code,Surface Type,Road Condition,Weather Condition,Lighting Condition,Speed Limit,Lanes,Units,Occupants,Most Severe Injury,Fatal Injuries,Suspected Serious Injuries,Suspected Minor Injuries,Possible Injuries,Property Damage Only,Secondary Crash,Traffic Control,Red Light Run,Hit and Run,Alcohol,Drugs,Unbelted Person,Work Zone,Speeding Driver,Distracted Driver,Driveway,Pedestrian,Elderly Driver,Young Driver,Commercial Vehicle,Emergency Vehicles,Train,School Bus,Motorcycle,Bicycle,Deer,Longitude,Latitude,geom,geog,x,y
14245,9702606,WOODWARD,GRAND,2016-05-19,19,5,2016,16,5,5,3,,1,0,,1,1,1,30,2,2,2,5,0,0,0,0,true,,false,false,false,false,false,,,,,,false,false,false,,,false,false,false,false,false,-83.07332,42.37025,"{
  ""coordinates"": [
    -8.307331480499990e+01,
    4.237025051800000e+01
  ],
  ""type"": ""Point""
}","{
  ""coordinates"": [
    -83.073314805,
    42.370250518
  ],
  ""type"": ""Point""
}",-83.0733148049999,42.370250518
14246,9700748,HAMILTON,GRAND,2016-05-19,19,5,2016,8,5,8,9,,4,0,,1,1,1,0,3,2,2,5,0,0,0,0,true,,false,false,false,false,false,,,,,,false,false,false,,,false,false,false,false,false,-83.08228,42.36704,"{
  ""coordinates"": [
    -8.308228494300000e+01,
    4.236704299000010e+01
  ],
  ""type"": ""Point""
}","{
  ""coordinates"": [
    -83.082284943,
    42.36704299
  ],
  ""type"": ""Point""
}",-83.082284943,42.3670429900001
14247,9997257,I 94,M 10,2016-05-19,19,5,2016,11,5,8,1,,1,0,,1,1,1,55,3,2,1,5,0,0,0,0,true,,false,false,true,false,false,,,,,,false,false,false,,,false,false,false,false,false,-83.08026,42.35645,"{
  ""coordinates"": [
    -8.308026256600000e+01,
    4.235644828600000e+01
  ],
  ""type"": ""Point""
}","{
  ""coordinates"": [
    -83.080262566,
    42.356448286
  ],
  ""type"": ""Point""
}",-83.080262566,42.356448286
14248,9806645,OUTER,EDWARD HINES,2016-05-19,19,5,2016,18,5,5,9,,2,0,,1,1,1,35,5,2,3,4,0,0,0,1,false,,false,false,false,false,false,,,,,,false,false,true,,,false,false,false,false,false,-83.25618,42.38543,"{
  ""coordinates"": [
    -8.325618271400000e+01,
    4.238543443400000e+01
  ],
  ""type"": ""Point""
}","{
  ""coordinates"": [
    -83.256182714,
    42.385434434
  ],
  ""type"": ""Point""
}",-83.256182714,42.385434434
14249,9704294,BURT,PLYMOUTH,2016-05-19,19,5,2016,11,5,97,9,,4,0,,1,1,1,30,8,2,5,5,0,0,0,0,true,,false,false,false,false,false,,,,,,false,false,true,,,false,false,false,false,false,-83.24622,42.37188,"{
  ""coordinates"": [
    -8.324622120100000e+01,
    4.237188496600000e+01
  ],
  ""type"": ""Point""
}","{
  ""coordinates"": [
    -83.246221201,
    42.371884966
  ],
  ""type"": ""Point""
}",-83.246221201,42.371884966
14250,9922163,I 94 W/B,MT ELLOIT,2016-05-19,19,5,2016,16,5,5,1,,1,0,,1,1,1,55,3,2,2,5,0,0,0,0,true,,false,false,false,false,false,,,,,,false,false,false,,,false,false,false,false,false,-83.03116,42.38228,"{
  ""coordinates"": [
    -8.303115652600000e+01,
    4.238227786900010e+01
  ],
  ""type"": ""Point""
}","{
  ""coordinates"": [
    -83.031156526,
    42.382277869
  ],
  ""type"": ""Point""
}",-83.031156526,42.3822778690001
14251,9706544,CHRYSLER,CLAY,2016-05-19,19,5,2016,15,5,97,9,,4,0,,1,1,1,35,2,2,2,5,0,0,0,0,true,,false,false,false,false,false,,,,,,false,false,false,,,false,false,false,false,false,-83.06211,42.3784,"{
  ""coordinates"": [
    -8.306211437800000e+01,
    4.237839538800010e+01
  ],
  ""type"": ""Point""
}","{
  ""coordinates"": [
    -83.062114378,
    42.378395388
  ],
  ""type"": ""Point""
}",-83.062114378,42.3783953880001
14252,9701443,MICHIGAN,ST LAWRENCE,2016-05-19,19,5,2016,17,5,8,2,,1,0,,1,1,1,35,5,2,3,5,0,0,0,0,true,,false,false,false,false,false,,,,,,false,false,true,,,false,false,false,false,false,-83.14278,42.33067,"{
  ""coordinates"": [
    -8.314277505599991e+01,
    4.233067224700010e+01
  ],
  ""type"": ""Point""
}","{
  ""coordinates"": [
    -83.142775056,
    42.330672247
  ],
  ""type"": ""Point""
}",-83.1427750559999,42.3306722470001
14253,9704108,M-10,8 MILE,2016-05-19,19,5,2016,19,5,8,3,,1,0,,1,1,1,55,3,2,2,4,0,0,0,1,false,,false,false,true,false,false,,,,,,false,false,false,,,false,false,false,false,false,-83.20078,42.44264,"{
  ""coordinates"": [
    -8.320078344500000e+01,
    4.244264112500010e+01
  ],
  ""type"": ""Point""
}","{
  ""coordinates"": [
    -83.200783445,
    42.442641125
  ],
  ""type"": ""Point""
}",-83.200783445,42.4426411250001
14254,9706383,FENKELL,APPOLINE,2016-05-19,19,5,2016,9,5,6,9,,2,0,,1,1,1,0,4,2,2,5,0,0,0,0,true,,false,false,false,false,false,,,,,,false,true,false,,,false,false,false,false,false,-83.17046,42.40221,"{
  ""coordinates"": [
    -8.317046306000000e+01,
    4.240220987500000e+01
  ],
  ""type"": ""Point""
}","{
  ""coordinates"": [
    -83.17046306,
    42.402209875
  ],
  ""type"": ""Point""
}",-83.17046306,42.402209875
14255,9706444,PLYMOUTH,ST MARYS,2016-05-19,19,5,2016,1,5,2,9,,4,2,,1,1,4,35,7,2,1,4,0,0,0,1,false,,false,false,false,false,false,,,,,,false,false,false,,,false,false,false,false,false,-83.20439,42.37247,"{
  ""coordinates"": [
    -8.320439011000001e+01,
    4.237247327900010e+01
  ],
  ""type"": ""Point""
}","{
  ""coordinates"": [
    -83.20439011,
    42.372473279
  ],
  ""type"": ""Point""
}",-83.20439011,42.3724732790001
14256,9705705,GILBERT,HANSON,2016-05-19,19,5,2016,23,5,8,9,,,0,,1,1,4,25,2,2,0,5,0,0,0,0,true,,false,false,true,false,false,,,,,,false,false,false,,,false,false,false,false,false,-83.12714,42.33807,"{
  ""coordinates"": [
    -8.312713446700000e+01,
    4.233807144300000e+01
  ],
  ""type"": ""Point""
}","{
  ""coordinates"": [
    -83.127134467,
    42.338071443
  ],
  ""type"": ""Point""
}",-83.127134467,42.338071443
14257,9704235,NB I-75,HOLBROOK,2016-05-19,19,5,2016,18,5,5,1,,1,0,,1,2,1,70,3,2,2,5,0,0,0,0,true,,false,false,false,false,false,,,,,,false,false,false,,,false,false,false,false,false,-83.06728,42.38533,"{
  ""coordinates"": [
    -8.306727769900000e+01,
    4.238533232100010e+01
  ],
  ""type"": ""Point""
}","{
  ""coordinates"": [
    -83.067277699,
    42.385332321
  ],
  ""type"": ""Point""
}",-83.067277699,42.3853323210001
14258,9700764,8 MILE,ILENE,2016-05-19,19,5,2016,16,5,5,3,,1,0,,1,1,1,40,4,2,2,4,0,0,0,1,false,,false,false,false,false,false,,,,,,false,false,false,,,false,false,true,false,false,-83.16372,42.4456,"{
  ""coordinates"": [
    -8.316371988100001e+01,
    4.244560425100010e+01
  ],
  ""type"": ""Point""
}","{
  ""coordinates"": [
    -83.163719881,
    42.445604251
  ],
  ""type"": ""Point""
}",-83.163719881,42.4456042510001
14259,9705019,GREENFIELD,7 MILE,2016-05-19,19,5,2016,7,5,5,9,,2,0,,1,1,1,35,4,3,3,5,0,0,0,0,true,,false,false,false,false,false,,,,,,false,false,false,,,false,false,false,false,false,-83.19986,42.43022,"{
  ""coordinates"": [
    -8.319985722199991e+01,
    4.243021696300010e+01
  ],
  ""type"": ""Point""
}","{
  ""coordinates"": [
    -83.199857222,
    42.430216963
  ],
  ""type"": ""Point""
}",-83.1998572219999,42.4302169630001
14260,9715445,I-94,MT ELLIOT,2016-05-19,19,5,2016,15,5,1,1,,1,0,,1,1,1,55,3,1,1,5,0,0,0,0,true,,false,false,false,false,false,,,,,,false,false,false,,,false,false,false,false,false,-83.03545,42.37845,"{
  ""coordinates"": [
    -8.303544920199990e+01,
    4.237845400700010e+01
  ],
  ""type"": ""Point""
}","{
  ""coordinates"": [
    -83.035449202,
    42.378454007
  ],
  ""type"": ""Point""
}",-83.0354492019999,42.3784540070001
14261,9700755,HAYES,KELLY,2016-05-19,19,5,2016,23,5,6,9,,4,0,,1,1,4,30,2,2,3,4,0,0,0,1,false,,false,false,false,false,false,,,,,,false,false,false,,,false,false,false,false,false,-82.96494,42.41883,"{
  ""coordinates"": [
    -8.296494398399990e+01,
    4.241882601900010e+01
  ],
  ""type"": ""Point""
}","{
  ""coordinates"": [
    -82.964943984,
    42.418826019
  ],
  ""type"": ""Point""
}",-82.9649439839999,42.4188260190001
14262,9700765,LIVERNOIS,MARGARETA,2016-05-19,19,5,2016,8,5,5,9,,4,0,,1,1,1,35,2,2,2,5,0,0,0,0,true,,false,false,false,false,false,,,,,,false,false,false,,,false,false,false,false,false,-83.14143,42.42809,"{
  ""coordinates"": [
    -8.314142908699991e+01,
    4.242808755600000e+01
  ],
  ""type"": ""Point""
}","{
  ""coordinates"": [
    -83.141429087,
    42.428087556
  ],
  ""type"": ""Point""
}",-83.1414290869999,42.428087556
14263,9706491,MACK,DEVONSHIRE,2016-05-19,19,5,2016,19,5,97,9,,2,0,,1,1,1,30,4,2,1,5,0,0,0,0,true,,false,false,true,false,false,,,,,,false,false,false,,,false,false,false,false,false,-82.93443,42.39014,"{
  ""coordinates"": [
    -8.293442635500000e+01,
    4.239014497500010e+01
  ],
  ""type"": ""Point""
}","{
  ""coordinates"": [
    -82.934426355,
    42.390144975
  ],
  ""type"": ""Point""
}",-82.934426355,42.3901449750001
14264,9779166,MCNICHOLS,ST MARYS,2016-05-19,19,5,2016,16,5,1,9,,2,0,,1,1,1,35,2,2,2,5,0,0,0,0,true,,false,false,false,false,false,,,,,,false,false,false,,,false,false,false,true,false,-83.20687,42.41581,"{
  ""coordinates"": [
    -8.320687376099990e+01,
    4.241580569600010e+01
  ],
  ""type"": ""Point""
}","{
  ""coordinates"": [
    -83.206873761,
    42.415805696
  ],
  ""type"": ""Point""
}",-83.2068737609999,42.4158056960001
14265,9702635,CHRYSLER,CLAY,2016-05-19,19,5,2016,18,5,4,9,,4,0,,1,1,1,0,2,2,2,5,0,0,0,0,true,,false,false,false,false,false,,,,,,false,false,false,,,false,false,false,false,false,-83.06326,42.37813,"{
  ""coordinates"": [
    -8.306326357099989e+01,
    4.237813015700000e+01
  ],
  ""type"": ""Point""
}","{
  ""coordinates"": [
    -83.063263571,
    42.378130157
  ],
  ""type"": ""Point""
}",-83.0632635709999,42.378130157
14266,9775560,HARPER,CANTON,2016-05-19,19,5,2016,20,5,1,9,,4,0,,1,2,3,30,2,1,1,5,0,0,0,0,true,,false,false,true,false,false,,,,,,false,false,false,,,false,false,false,false,false,-83.02938,42.38422,"{
  ""coordinates"": [
    -8.302937759400000e+01,
    4.238422489300010e+01
  ],
  ""type"": ""Point""
}","{
  ""coordinates"": [
    -83.029377594,
    42.384224893
  ],
  ""type"": ""Point""
}",-83.029377594,42.3842248930001
14267,9700754,GRATIOT,OUTER,2016-05-19,19,5,2016,14,5,4,3,,1,0,,1,1,1,35,3,2,4,5,0,0,0,0,true,,false,false,true,false,false,,,,,,false,true,false,,,false,false,false,false,false,-82.99649,42.40644,"{
  ""coordinates"": [
    -8.299648979800000e+01,
    4.240643645100000e+01
  ],
  ""type"": ""Point""
}","{
  ""coordinates"": [
    -82.996489798,
    42.406436451
  ],
  ""type"": ""Point""
}",-82.996489798,42.406436451
14268,9701448,VAN DYKE,SUZANNE,2016-05-19,19,5,2016,18,5,97,3,,1,0,,1,1,1,30,5,3,5,5,0,0,0,0,true,,false,false,true,false,false,,,,,,false,false,false,,,false,false,false,false,false,-83.0243,42.4356,"{
  ""coordinates"": [
    -8.302429953799999e+01,
    4.243560242300000e+01
  ],
  ""type"": ""Point""
}","{
  ""coordinates"": [
    -83.024299538,
    42.435602423
  ],
  ""type"": ""Point""
}",-83.024299538,42.435602423
14269,9715818,CHEYANNE,8 MILE,2016-05-19,19,5,2016,17,5,98,3,,,0,,1,1,1,25,2,2,0,5,0,0,0,0,true,,false,false,true,false,false,,,,,,false,false,false,,,false,false,false,false,false,-83.17671,42.44501,"{
  ""coordinates"": [
    -8.317671430400000e+01,
    4.244500645700000e+01
  ],
  ""type"": ""Point""
}","{
  ""coordinates"": [
    -83.176714304,
    42.445006457
  ],
  ""type"": ""Point""
}",-83.176714304,42.445006457
14270,9700753,GRATIOT,HARPER,2016-05-19,19,5,2016,18,5,5,3,,1,0,,1,1,1,35,3,2,2,4,0,0,0,1,false,,false,false,false,false,false,,,,,,false,false,false,,,false,false,false,false,false,-83.00534,42.39295,"{
  ""coordinates"": [
    -8.300534118099991e+01,
    4.239295025700010e+01
  ],
  ""type"": ""Point""
}","{
  ""coordinates"": [
    -83.005341181,
    42.392950257
  ],
  ""type"": ""Point""
}",-83.0053411809999,42.3929502570001
14271,9699984,S M 10,LINWOOD,2016-05-19,19,5,2016,0,5,5,3,,1,0,,1,1,4,55,4,2,2,4,0,0,0,1,false,,false,false,false,false,false,,,,,,false,false,false,,,false,false,true,false,false,-83.12746,42.40508,"{
  ""coordinates"": [
    -8.312745671399990e+01,
    4.240507697200010e+01
  ],
  ""type"": ""Point""
}","{
  ""coordinates"": [
    -83.127456714,
    42.405076972
  ],
  ""type"": ""Point""
}",-83.1274567139999,42.4050769720001
14272,9715741,GRAND,DEXTER,2016-05-19,19,5,2016,18,5,5,3,,4,0,,98,98,98,30,3,2,2,3,0,0,1,1,false,,false,false,false,false,false,,,,,,false,false,true,,,false,false,false,false,false,-83.10908,42.35704,"{
  ""coordinates"": [
    -8.310907370500000e+01,
    4.235704085500000e+01
  ],
  ""type"": ""Point""
}","{
  ""coordinates"": [
    -83.109073705,
    42.357040855
  ],
  ""type"": ""Point""
}",-83.109073705,42.357040855
14273,9715867,LIVERNOIS,FLORENCE,2016-05-19,19,5,2016,1,5,5,9,,4,0,,1,1,4,30,3,2,4,5,0,0,0,0,true,,false,false,false,false,false,,,,,,false,false,true,,,false,false,false,false,false,-83.1405,42.41215,"{
  ""coordinates"": [
    -8.314049947900000e+01,
    4.241214647100000e+01
  ],
  ""type"": ""Point""
}","{
  ""coordinates"": [
    -83.140499479,
    42.412146471
  ],
  ""type"": ""Point""
}",-83.140499479,42.412146471
14274,9704255,E I 96,RAMP 008J,2016-05-19,19,5,2016,17,5,8,1,,1,0,,1,1,1,55,2,2,2,5,0,0,0,0,true,,false,false,false,false,false,,,,,,false,false,false,,,false,false,false,false,false,-83.21926,42.37854,"{
  ""coordinates"": [
    -8.321925776900000e+01,
    4.237854570800000e+01
  ],
  ""type"": ""Point""
}","{
  ""coordinates"": [
    -83.219257769,
    42.378545708
  ],
  ""type"": ""Point""
}",-83.219257769,42.378545708
14275,9705747,GRAND,CHENE,2016-05-19,19,5,2016,16,5,8,1,,4,0,,1,1,1,30,3,2,2,5,0,0,0,0,true,,false,false,false,false,false,,,,,,false,false,true,,,false,false,false,false,false,-83.04639,42.37527,"{
  ""coordinates"": [
    -8.304638432099991e+01,
    4.237527386900010e+01
  ],
  ""type"": ""Point""
}","{
  ""coordinates"": [
    -83.046384321,
    42.375273869
  ],
  ""type"": ""Point""
}",-83.0463843209999,42.3752738690001
14276,9715537,JEFFERSON,SEMINOLE,2016-05-19,19,5,2016,14,5,98,9,,4,0,,1,1,1,35,8,2,2,2,0,1,0,0,false,,false,false,false,false,false,,,,,,true,false,false,,,false,false,false,false,false,-82.99289,42.35268,"{
  ""coordinates"": [
    -8.299288756599999e+01,
    4.235268142900000e+01
  ],
  ""type"": ""Point""
}","{
  ""coordinates"": [
    -82.992887566,
    42.352681429
  ],
  ""type"": ""Point""
}",-82.992887566,42.352681429
14277,9715808,8 MILE,SORRENTO,2016-05-19,19,5,2016,17,5,5,3,,1,0,,1,1,1,35,3,2,2,4,0,0,0,1,false,,false,false,false,false,false,,,,,,false,false,true,,,false,false,true,false,false,-83.17424,42.44533,"{
  ""coordinates"": [
    -8.317423819200000e+01,
    4.244533182600000e+01
  ],
  ""type"": ""Point""
}","{
  ""coordinates"": [
    -83.174238192,
    42.445331826
  ],
  ""type"": ""Point""
}",-83.174238192,42.445331826
14278,9712181,RAYNOR,CLINTON,2016-05-19,19,5,2016,9,5,98,9,,,0,,1,1,1,25,3,2,0,5,0,0,0,0,true,,false,false,true,false,false,,,,,,false,false,false,,,false,false,false,false,false,-83.04271,42.33675,"{
  ""coordinates"": [
    -8.304270913700000e+01,
    4.233674595700010e+01
  ],
  ""type"": ""Point""
}","{
  ""coordinates"": [
    -83.042709137,
    42.336745957
  ],
  ""type"": ""Point""
}",-83.042709137,42.3367459570001
14279,9715577,7 MILE,WHITCOMB,2016-05-19,19,5,2016,12,5,10,9,,2,0,,1,1,1,35,6,2,2,5,0,0,0,0,true,,false,false,false,false,false,,,,,,false,true,false,,,false,false,false,false,false,-83.19759,42.43047,"{
  ""coordinates"": [
    -8.319759171699999e+01,
    4.243047518500000e+01
  ],
  ""type"": ""Point""
}","{
  ""coordinates"": [
    -83.197591717,
    42.430475185
  ],
  ""type"": ""Point""
}",-83.197591717,42.430475185
14280,9715862,MCNICHOLS,ROSELAWN,2016-05-19,19,5,2016,17,5,5,9,,4,0,,1,1,1,25,2,2,2,3,0,0,1,0,false,,false,false,false,false,false,,,,,,false,true,true,,,false,false,false,false,false,-83.15238,42.41708,"{
  ""coordinates"": [
    -8.315237848899990e+01,
    4.241707572800000e+01
  ],
  ""type"": ""Point""
}","{
  ""coordinates"": [
    -83.152378489,
    42.417075728
  ],
  ""type"": ""Point""
}",-83.1523784889999,42.417075728
14281,9700749,E I 94,W I 96,2016-05-19,19,5,2016,8,5,97,1,,1,0,,1,1,1,0,3,2,1,5,0,0,0,0,true,,false,false,true,false,false,,,,,,false,false,false,,,false,false,false,false,false,-83.09908,42.35011,"{
  ""coordinates"": [
    -8.309907468800000e+01,
    4.235010637100000e+01
  ],
  ""type"": ""Point""
}","{
  ""coordinates"": [
    -83.099074688,
    42.350106371
  ],
  ""type"": ""Point""
}",-83.099074688,42.350106371
14282,9700758,WILSHIRE,DICKERSON,2016-05-19,19,5,2016,16,5,4,9,,,0,,1,1,1,25,3,2,4,5,0,0,0,0,true,,false,false,false,false,false,,,,,,false,false,false,,,false,false,false,false,false,-82.97814,42.41026,"{
  ""coordinates"": [
    -8.297813992899999e+01,
    4.241025458100010e+01
  ],
  ""type"": ""Point""
}","{
  ""coordinates"": [
    -82.978139929,
    42.410254581
  ],
  ""type"": ""Point""
}",-82.978139929,42.4102545810001
14283,9701450,SANTA BARBRA,CAMBRIDGE,2016-05-19,19,5,2016,17,5,4,9,,,0,,1,1,1,25,2,2,2,5,0,0,0,0,true,,false,false,false,false,false,,,,,,false,false,true,,,false,false,false,false,false,-83.1495,42.43324,"{
  ""coordinates"": [
    -8.314949543400000e+01,
    4.243323766000000e+01
  ],
  ""type"": ""Point""
}","{
  ""coordinates"": [
    -83.149495434,
    42.43323766
  ],
  ""type"": ""Point""
}",-83.149495434,42.43323766
14284,9702619,LIVERNOIS,BUCHANAN,2016-05-19,19,5,2016,13,5,8,9,,4,0,,1,1,1,30,7,2,2,5,0,0,0,0,true,,false,false,false,false,false,,,,,,false,false,false,,,false,false,false,false,false,-83.12133,42.33248,"{
  ""coordinates"": [
    -8.312132914800000e+01,
    4.233248283300000e+01
  ],
  ""type"": ""Point""
}","{
  ""coordinates"": [
    -83.121329148,
    42.332482833
  ],
  ""type"": ""Point""
}",-83.121329148,42.332482833
14285,9700760,VAN DYKE,MCNICHOLS,2016-05-19,19,5,2016,12,5,5,3,,1,0,,1,1,1,35,7,2,3,4,0,0,0,1,false,,false,false,false,false,false,,,,,,false,false,false,,,false,false,false,false,false,-83.02371,42.41962,"{
  ""coordinates"": [
    -8.302370868600001e+01,
    4.241962053500000e+01
  ],
  ""type"": ""Point""
}","{
  ""coordinates"": [
    -83.023708686,
    42.419620535
  ],
  ""type"": ""Point""
}",-83.023708686,42.419620535
14286,9706476,ALTER,WARREN,2016-05-19,19,5,2016,16,5,8,9,,4,0,,1,1,1,30,2,2,3,5,0,0,0,0,true,,false,false,false,false,false,,,,,,false,false,true,,,false,false,false,false,false,-82.95399,42.39645,"{
  ""coordinates"": [
    -8.295399185199990e+01,
    4.239644791600010e+01
  ],
  ""type"": ""Point""
}","{
  ""coordinates"": [
    -82.953991852,
    42.396447916
  ],
  ""type"": ""Point""
}",-82.9539918519999,42.3964479160001
14287,9701453,MT ELLIOTT,MCNICHOLS,2016-05-19,19,5,2016,17,5,1,9,,4,0,,1,1,1,30,2,1,1,5,0,0,0,0,true,,false,false,false,false,false,,,,,,false,false,false,,,false,false,false,false,false,-83.03833,42.41917,"{
  ""coordinates"": [
    -8.303833018300000e+01,
    4.241916738300010e+01
  ],
  ""type"": ""Point""
}","{
  ""coordinates"": [
    -83.038330183,
    42.419167383
  ],
  ""type"": ""Point""
}",-83.038330183,42.4191673830001
14288,9708304,M-39,MCNICHOLS,2016-05-19,19,5,2016,16,5,5,3,,1,0,,1,1,1,55,3,2,2,5,0,0,0,0,true,,false,false,false,false,false,,,,,,false,true,false,,,false,false,false,false,false,-83.21887,42.41417,"{
  ""coordinates"": [
    -8.321886979899990e+01,
    4.241416453000010e+01
  ],
  ""type"": ""Point""
}","{
  ""coordinates"": [
    -83.218869799,
    42.41416453
  ],
  ""type"": ""Point""
}",-83.2188697989999,42.4141645300001
14289,9704237,EB I-94,I-75,2016-05-19,19,5,2016,21,5,8,1,,1,0,,1,2,4,55,3,3,4,3,0,0,1,1,false,,false,false,true,false,false,,,,,,false,false,true,,,false,false,false,false,false,-83.05656,42.36944,"{
  ""coordinates"": [
    -8.305656372700000e+01,
    4.236943667000000e+01
  ],
  ""type"": ""Point""
}","{
  ""coordinates"": [
    -83.056563727,
    42.36943667
  ],
  ""type"": ""Point""
}",-83.056563727,42.36943667
14290,9702602,GRAND,N M 10,2016-05-19,19,5,2016,20,5,4,9,,4,0,,1,1,4,35,8,2,2,5,0,0,0,0,true,,true,true,false,false,false,,,,,,false,true,false,,,false,false,false,false,false,-83.08189,42.36716,"{
  ""coordinates"": [
    -8.308189374700000e+01,
    4.236715734800000e+01
  ],
  ""type"": ""Point""
}","{
  ""coordinates"": [
    -83.081893747,
    42.367157348
  ],
  ""type"": ""Point""
}",-83.081893747,42.367157348
14291,9704256,S I 75,RAMP 216H,2016-05-19,19,5,2016,22,5,8,1,,1,0,,1,1,4,55,4,2,4,5,0,0,0,0,true,,false,false,false,false,false,,,,,,false,false,true,,,false,false,false,false,false,-83.05836,42.36885,"{
  ""coordinates"": [
    -8.305835637000000e+01,
    4.236884900000010e+01
  ],
  ""type"": ""Point""
}","{
  ""coordinates"": [
    -83.05835637,
    42.368849
  ],
  ""type"": ""Point""
}",-83.05835637,42.3688490000001
14292,9705616,I75,GRAND,2016-05-19,19,5,2016,17,5,8,1,,1,0,,1,1,1,70,3,2,5,5,0,0,0,0,true,,false,false,true,false,false,,,,,,false,false,false,,,false,false,false,false,false,-83.06113,42.37572,"{
  ""coordinates"": [
    -8.306112309100000e+01,
    4.237572200100000e+01
  ],
  ""type"": ""Point""
}","{
  ""coordinates"": [
    -83.061123091,
    42.375722001
  ],
  ""type"": ""Point""
}",-83.061123091,42.375722001
14293,9700759,MOUOND,OUTER,2016-05-19,19,5,2016,16,5,4,9,,2,0,,1,1,1,35,2,2,2,5,0,0,0,0,true,,true,true,false,false,false,,,,,,false,false,false,,,false,false,false,false,false,-83.04369,42.44072,"{
  ""coordinates"": [
    -8.304369203200000e+01,
    4.244072196700010e+01
  ],
  ""type"": ""Point""
}","{
  ""coordinates"": [
    -83.043692032,
    42.440721967
  ],
  ""type"": ""Point""
}",-83.043692032,42.4407219670001
14294,9705775,HOLDEN,LINCOLN,2016-05-19,19,5,2016,21,5,1,9,,,1,,1,1,4,25,1,1,1,4,0,0,0,1,false,,false,false,false,true,false,,,,,,false,false,false,,,false,false,false,false,false,-83.08285,42.36293,"{
  ""coordinates"": [
    -8.308284968700001e+01,
    4.236293269800010e+01
  ],
  ""type"": ""Point""
}","{
  ""coordinates"": [
    -83.082849687,
    42.362932698
  ],
  ""type"": ""Point""
}",-83.082849687,42.3629326980001
14295,9705005,WARREN,LONGACRE,2016-05-19,19,5,2016,8,5,8,9,,2,0,,1,1,1,35,4,2,2,5,0,0,0,0,true,,false,false,false,false,false,,,,,,false,false,false,,,false,false,false,false,false,-83.2136,42.34341,"{
  ""coordinates"": [
    -8.321360250299990e+01,
    4.234340796600000e+01
  ],
  ""type"": ""Point""
}","{
  ""coordinates"": [
    -83.213602503,
    42.343407966
  ],
  ""type"": ""Point""
}",-83.2136025029999,42.343407966
14296,9708312,WB I-96,MEYER,2016-05-19,19,5,2016,1,5,5,1,,1,3,,1,2,4,55,3,2,1,5,0,0,0,0,true,,false,false,true,false,false,,,,,,false,false,false,,,false,false,false,false,false,-83.16674,42.38541,"{
  ""coordinates"": [
    -8.316674198999991e+01,
    4.238541066200000e+01
  ],
  ""type"": ""Point""
}","{
  ""coordinates"": [
    -83.16674199,
    42.385410662
  ],
  ""type"": ""Point""
}",-83.1667419899999,42.385410662
14297,9708268,W I 96 CD,EVERGREEN,2016-05-19,19,5,2016,16,5,5,1,,1,0,,1,1,1,55,2,3,3,5,0,0,0,0,true,,false,false,false,false,false,,,,,,false,false,true,,,false,false,false,false,false,-83.23581,42.38012,"{
  ""coordinates"": [
    -8.323581311600000e+01,
    4.238012342300000e+01
  ],
  ""type"": ""Point""
}","{
  ""coordinates"": [
    -83.235813116,
    42.380123423
  ],
  ""type"": ""Point""
}",-83.235813116,42.380123423
14298,9702609,CASS,ADAMS,2016-05-19,19,5,2016,16,5,4,9,,4,0,,1,1,1,0,4,2,2,5,0,0,0,0,true,,true,true,false,false,false,,,,,,false,false,true,,,false,false,false,false,false,-83.05487,42.33531,"{
  ""coordinates"": [
    -8.305487306700000e+01,
    4.233531018500000e+01
  ],
  ""type"": ""Point""
}","{
  ""coordinates"": [
    -83.054873067,
    42.335310185
  ],
  ""type"": ""Point""
}",-83.054873067,42.335310185
14299,9706542,GRAND RIVER,6 MILE,2016-05-19,19,5,2016,22,5,8,3,,1,0,,1,1,4,0,2,2,2,5,0,0,0,0,true,,false,false,false,false,false,,,,,,false,true,true,,,false,false,false,false,false,-83.25327,42.41478,"{
  ""coordinates"": [
    -8.325327119699990e+01,
    4.241477406900000e+01
  ],
  ""type"": ""Point""
}","{
  ""coordinates"": [
    -83.253271197,
    42.414774069
  ],
  ""type"": ""Point""
}",-83.2532711969999,42.414774069
14300,9701449,8 MILE,SHERWOOD,2016-05-19,19,5,2016,11,5,4,3,,1,0,,1,1,1,40,4,2,3,4,0,0,0,2,false,,true,true,false,false,false,,,,,,false,false,false,,,false,false,false,false,false,-83.03661,42.44793,"{
  ""coordinates"": [
    -8.303661236600000e+01,
    4.244792765100000e+01
  ],
  ""type"": ""Point""
}","{
  ""coordinates"": [
    -83.036612366,
    42.447927651
  ],
  ""type"": ""Point""
}",-83.036612366,42.447927651
14301,9741878,S I 75,S I 375,2016-05-19,19,5,2016,14,5,8,1,,1,0,,1,1,1,55,5,2,2,5,0,0,0,0,true,,false,false,true,false,false,,,,,,false,false,false,,,false,false,false,false,false,-83.0448,42.34597,"{
  ""coordinates"": [
    -8.304480321200001e+01,
    4.234597308200010e+01
  ],
  ""type"": ""Point""
}","{
  ""coordinates"": [
    -83.044803212,
    42.345973082
  ],
  ""type"": ""Point""
}",-83.044803212,42.3459730820001