ObjectId,Crash ID,Primary Road,Intersecting Road,Crash Date,Day,Month,Year,Hour,Weekday,Crash Type Code,Highway Classification Code,Community Code,Jurisdiction Code,Lane Departure Type Code,Surface Type,Road Condition,Weather Condition,Lighting Condition,Speed Limit,Lanes,Units,Occupants,Most Severe Injury,Fatal Injuries,Suspected Serious Injuries,Suspected Minor Injuries,Possible Injuries,Property Damage Only,Secondary Crash,Traffic Control,Red Light Run,Hit and Run,Alcohol,Drugs,Unbelted Person,Work Zone,Speeding Driver,Distracted Driver,Driveway,Pedestrian,Elderly Driver,Young Driver,Commercial Vehicle,Emergency Vehicles,Train,School Bus,Motorcycle,Bicycle,Deer,Longitude,Latitude,geom,geog,x,y
14358,9713542,BILTMORE,MCNICHOLS,2016-05-18,18,5,2016,17,4,5,9,,,3,,98,98,1,25,2,2,0,5,0,0,0,0,true,,false,false,true,false,false,,,,,,false,false,false,,,false,false,false,false,false,-83.211,42.41575,"{
  ""coordinates"": [
    -8.321099832600000e+01,
    4.241575048000000e+01
  ],
  ""type"": ""Point""
}","{
  ""coordinates"": [
    -83.210998326,
    42.41575048
  ],
  ""type"": ""Point""
}",-83.210998326,42.41575048
14359,9715690,DAVISON,OAKMAN,2016-05-18,18,5,2016,8,4,5,3,,1,0,,1,1,1,35,3,2,3,5,0,0,0,0,true,,false,false,true,false,false,,,,,,false,false,true,,,false,false,false,false,false,-83.14423,42.38643,"{
  ""coordinates"": [
    -8.314422637400000e+01,
    4.238642894400000e+01
  ],
  ""type"": ""Point""
}","{
  ""coordinates"": [
    -83.144226374,
    42.386428944
  ],
  ""type"": ""Point""
}",-83.144226374,42.386428944
14360,9715848,PARKSIDE,SANTA MARIA,2016-05-18,18,5,2016,3,4,98,9,,,0,,1,1,4,25,2,2,0,5,0,0,0,0,true,,false,false,true,false,false,,,,,,false,false,false,,,false,false,false,false,false,-83.13174,42.41966,"{
  ""coordinates"": [
    -8.313174674200000e+01,
    4.241965929700010e+01
  ],
  ""type"": ""Point""
}","{
  ""coordinates"": [
    -83.131746742,
    42.419659297
  ],
  ""type"": ""Point""
}",-83.131746742,42.4196592970001
14361,9728926,3RD,MICHIGAN,2016-05-18,18,5,2016,20,4,4,2,,4,0,,1,1,4,0,6,2,2,3,0,0,1,0,false,,true,true,false,false,false,,,,,,false,false,true,,,false,false,false,false,false,-83.05728,42.3315,"{
  ""coordinates"": [
    -8.305728396799999e+01,
    4.233149547500010e+01
  ],
  ""type"": ""Point""
}","{
  ""coordinates"": [
    -83.057283968,
    42.331495475
  ],
  ""type"": ""Point""
}",-83.057283968,42.3314954750001
14362,9706487,CHALMERS,FRANKFORT,2016-05-18,18,5,2016,12,4,4,9,,4,0,,1,1,1,30,2,2,3,5,0,0,0,0,true,,false,false,false,false,false,,,,,,false,false,true,,,false,false,false,false,false,-82.95988,42.39709,"{
  ""coordinates"": [
    -8.295987730800000e+01,
    4.239709198000000e+01
  ],
  ""type"": ""Point""
}","{
  ""coordinates"": [
    -82.959877308,
    42.39709198
  ],
  ""type"": ""Point""
}",-82.959877308,42.39709198
14363,9700031,HEALY,EMERY,2016-05-18,18,5,2016,15,4,4,9,,,0,,1,1,1,25,2,2,2,3,0,0,1,0,false,,false,false,false,false,false,,,,,,false,false,false,,,false,false,false,false,false,-83.05591,42.43586,"{
  ""coordinates"": [
    -8.305590960700000e+01,
    4.243586346400010e+01
  ],
  ""type"": ""Point""
}","{
  ""coordinates"": [
    -83.055909607,
    42.435863464
  ],
  ""type"": ""Point""
}",-83.055909607,42.4358634640001
14364,9699983,I-75,WARREN,2016-05-18,18,5,2016,18,4,5,1,,1,0,,1,1,1,70,3,2,2,5,0,0,0,0,true,,false,false,false,false,false,,,,,,false,false,false,,,false,false,false,false,false,-83.05494,42.36209,"{
  ""coordinates"": [
    -8.305493558700000e+01,
    4.236209507700000e+01
  ],
  ""type"": ""Point""
}","{
  ""coordinates"": [
    -83.054935587,
    42.362095077
  ],
  ""type"": ""Point""
}",-83.054935587,42.362095077
14365,9706585,LAHSER,8 MILE,2016-05-18,18,5,2016,9,4,97,3,,2,3,,1,1,1,30,1,2,0,5,0,0,0,0,true,,false,false,true,false,false,,,,,,false,false,false,,,false,false,false,false,false,-83.25883,42.44302,"{
  ""coordinates"": [
    -8.325883310800000e+01,
    4.244301611000000e+01
  ],
  ""type"": ""Point""
}","{
  ""coordinates"": [
    -83.258833108,
    42.44301611
  ],
  ""type"": ""Point""
}",-83.258833108,42.44301611
14366,9715879,LIVERNOIS,FLORENCE,2016-05-18,18,5,2016,15,4,4,9,,4,0,,1,1,1,30,4,2,2,5,0,0,0,0,true,,false,false,false,false,false,,,,,,false,false,false,,,false,false,false,false,false,-83.14076,42.41235,"{
  ""coordinates"": [
    -8.314076111100000e+01,
    4.241234526100000e+01
  ],
  ""type"": ""Point""
}","{
  ""coordinates"": [
    -83.140761111,
    42.412345261
  ],
  ""type"": ""Point""
}",-83.140761111,42.412345261
14367,9706382,PURITAN,MURRAY,2016-05-18,18,5,2016,11,4,8,9,,4,0,,1,1,1,30,2,2,1,5,0,0,0,0,true,,false,false,true,false,false,,,,,,false,false,false,,,false,false,false,false,false,-83.20768,42.40858,"{
  ""coordinates"": [
    -8.320767606500000e+01,
    4.240857774400010e+01
  ],
  ""type"": ""Point""
}","{
  ""coordinates"": [
    -83.207676065,
    42.408577744
  ],
  ""type"": ""Point""
}",-83.207676065,42.4085777440001
14368,9971633,LINCOLN,MARTIN LUTHER KING JR,2016-05-18,18,5,2016,17,4,4,9,,,0,,1,1,1,30,3,2,7,5,0,0,0,0,true,,false,false,false,false,false,,,,,,false,false,false,,,false,false,false,false,false,-83.07163,42.34214,"{
  ""coordinates"": [
    -8.307163522099999e+01,
    4.234214040400010e+01
  ],
  ""type"": ""Point""
}","{
  ""coordinates"": [
    -83.071635221,
    42.342140404
  ],
  ""type"": ""Point""
}",-83.071635221,42.3421404040001
14369,9715746,FENKELL,NORMANDY,2016-05-18,18,5,2016,16,4,5,9,,4,0,,1,1,1,30,5,2,2,5,0,0,0,0,true,,false,false,false,false,false,,,,,,false,false,true,,,false,false,false,false,false,-83.12579,42.40298,"{
  ""coordinates"": [
    -8.312579675500000e+01,
    4.240297771300000e+01
  ],
  ""type"": ""Point""
}","{
  ""coordinates"": [
    -83.125796755,
    42.402977713
  ],
  ""type"": ""Point""
}",-83.125796755,42.402977713
14370,9715691,VIRGINIA PARK,DEXTER,2016-05-18,18,5,2016,19,4,5,9,,,0,,1,1,1,0,2,2,1,4,0,0,0,1,false,,false,false,false,false,false,,,,,,false,true,false,,,false,false,false,false,false,-83.11269,42.36332,"{
  ""coordinates"": [
    -8.311268249999991e+01,
    4.236331884000000e+01
  ],
  ""type"": ""Point""
}","{
  ""coordinates"": [
    -83.1126825,
    42.36331884
  ],
  ""type"": ""Point""
}",-83.1126824999999,42.36331884
14371,9713899,8 MILE,S M 10,2016-05-18,18,5,2016,23,4,1,3,,1,0,,1,1,4,50,3,1,1,5,0,0,0,0,true,,false,false,false,false,false,,,,,,false,false,true,,,false,false,false,false,false,-83.20355,42.44468,"{
  ""coordinates"": [
    -8.320354900699991e+01,
    4.244468363700000e+01
  ],
  ""type"": ""Point""
}","{
  ""coordinates"": [
    -83.203549007,
    42.444683637
  ],
  ""type"": ""Point""
}",-83.2035490069999,42.444683637
14372,9700004,E I 94,RAMP 216A,2016-05-18,18,5,2016,20,4,97,1,,1,0,,1,1,1,55,3,2,2,5,0,0,0,0,true,,false,false,true,false,false,,,,,,false,false,false,,,false,false,false,false,false,-83.06268,42.36633,"{
  ""coordinates"": [
    -8.306267531400000e+01,
    4.236632422600010e+01
  ],
  ""type"": ""Point""
}","{
  ""coordinates"": [
    -83.062675314,
    42.366324226
  ],
  ""type"": ""Point""
}",-83.062675314,42.3663242260001
14373,9700027,EPWORTH,LINSDALE,2016-05-18,18,5,2016,19,4,97,9,,4,0,,1,1,1,25,2,2,1,5,0,0,0,0,true,,false,false,true,false,false,,,,,,false,false,true,,,false,false,false,false,false,-83.13374,42.35752,"{
  ""coordinates"": [
    -8.313374678900000e+01,
    4.235751600800010e+01
  ],
  ""type"": ""Point""
}","{
  ""coordinates"": [
    -83.133746789,
    42.357516008
  ],
  ""type"": ""Point""
}",-83.133746789,42.3575160080001
14374,9704291,MEMORIAL,TIREMAN,2016-05-18,18,5,2016,8,4,8,9,,,0,,1,1,1,25,2,2,1,5,0,0,0,0,true,,false,false,false,false,false,,,,,,false,false,false,,,false,false,false,false,false,-83.21066,42.34986,"{
  ""coordinates"": [
    -8.321066376800000e+01,
    4.234986626700000e+01
  ],
  ""type"": ""Point""
}","{
  ""coordinates"": [
    -83.210663768,
    42.349866267
  ],
  ""type"": ""Point""
}",-83.210663768,42.349866267
14375,9699966,NB I-75,DAVIDSON,2016-05-18,18,5,2016,17,4,5,1,,1,0,,1,2,1,70,3,2,6,5,0,0,0,0,true,,false,false,false,false,false,,,,,,false,false,true,,,false,false,false,false,false,-83.07809,42.40768,"{
  ""coordinates"": [
    -8.307808864799991e+01,
    4.240767596700000e+01
  ],
  ""type"": ""Point""
}","{
  ""coordinates"": [
    -83.078088648,
    42.407675967
  ],
  ""type"": ""Point""
}",-83.0780886479999,42.407675967
14376,9699946,N/B M-39,7 MILE,2016-05-18,18,5,2016,13,4,5,3,,1,0,,1,1,1,55,3,2,2,5,0,0,0,0,true,,false,false,false,false,false,,,,,,false,false,true,,,false,false,false,false,false,-83.21954,42.43726,"{
  ""coordinates"": [
    -8.321953303799999e+01,
    4.243726377600010e+01
  ],
  ""type"": ""Point""
}","{
  ""coordinates"": [
    -83.219533038,
    42.437263776
  ],
  ""type"": ""Point""
}",-83.219533038,42.4372637760001
14377,9706475,EASTLAWN,KERCHEVAL,2016-05-18,18,5,2016,11,4,10,9,,,0,,1,1,1,25,2,2,3,5,0,0,0,0,true,,false,false,false,false,false,,,,,,false,false,false,,,false,false,false,false,false,-82.9511,42.37739,"{
  ""coordinates"": [
    -8.295109439899990e+01,
    4.237738637000010e+01
  ],
  ""type"": ""Point""
}","{
  ""coordinates"": [
    -82.951094399,
    42.37738637
  ],
  ""type"": ""Point""
}",-82.9510943989999,42.3773863700001
14378,9699951,W I 94,N HARPER/S I 94,2016-05-18,18,5,2016,8,4,5,1,,1,0,,1,1,1,55,3,2,2,5,0,0,0,0,true,,false,false,false,false,false,,,,,,false,false,false,,,false,false,false,false,false,-82.92908,42.42422,"{
  ""coordinates"": [
    -8.292908147000000e+01,
    4.242421948600000e+01
  ],
  ""type"": ""Point""
}","{
  ""coordinates"": [
    -82.92908147,
    42.424219486
  ],
  ""type"": ""Point""
}",-82.92908147,42.424219486
14379,9708311,S I 75,RAMP 037C,2016-05-18,18,5,2016,21,4,8,1,,1,0,,1,1,4,55,3,2,3,5,0,0,0,0,true,,false,false,false,false,false,,,,,,false,false,true,,,false,false,false,false,false,-83.08342,42.33276,"{
  ""coordinates"": [
    -8.308341675799990e+01,
    4.233276525300000e+01
  ],
  ""type"": ""Point""
}","{
  ""coordinates"": [
    -83.083416758,
    42.332765253
  ],
  ""type"": ""Point""
}",-83.0834167579999,42.332765253
14380,9715903,14 TH,CLEMENTS,2016-05-18,18,5,2016,15,4,4,9,,4,0,,98,98,98,30,2,2,1,5,0,0,0,0,true,,false,false,true,false,false,,,,,,false,false,false,,,false,false,false,false,false,-83.11649,42.39592,"{
  ""coordinates"": [
    -8.311649610599990e+01,
    4.239591876400000e+01
  ],
  ""type"": ""Point""
}","{
  ""coordinates"": [
    -83.116496106,
    42.395918764
  ],
  ""type"": ""Point""
}",-83.1164961059999,42.395918764
14381,9706381,PRAIRIE,WARREN,2016-05-18,18,5,2016,9,4,9,9,,,2,,1,1,1,0,2,2,0,5,0,0,0,0,true,,false,false,true,false,false,,,,,,false,false,false,,,false,false,false,false,false,-83.1427,42.34505,"{
  ""coordinates"": [
    -8.314270096300000e+01,
    4.234504644400000e+01
  ],
  ""type"": ""Point""
}","{
  ""coordinates"": [
    -83.142700963,
    42.345046444
  ],
  ""type"": ""Point""
}",-83.142700963,42.345046444
14382,9704247,I-94,M-10,2016-05-18,18,5,2016,15,4,5,1,,1,0,,1,1,1,55,4,2,1,5,0,0,0,0,true,,false,false,true,false,false,,,,,,false,false,false,,,false,false,false,false,false,-83.08451,42.35468,"{
  ""coordinates"": [
    -8.308450787000000e+01,
    4.235467986000000e+01
  ],
  ""type"": ""Point""
}","{
  ""coordinates"": [
    -83.08450787,
    42.35467986
  ],
  ""type"": ""Point""
}",-83.08450787,42.35467986
14383,9715655,HARPER,KENSINGTON,2016-05-18,18,5,2016,19,4,9,9,,4,0,,1,1,1,25,2,2,3,5,0,0,0,0,true,,false,false,false,false,false,,,,,,false,false,true,,,false,false,false,false,false,-82.94127,42.41328,"{
  ""coordinates"": [
    -8.294126587900000e+01,
    4.241327783600010e+01
  ],
  ""type"": ""Point""
}","{
  ""coordinates"": [
    -82.941265879,
    42.413277836
  ],
  ""type"": ""Point""
}",-82.941265879,42.4132778360001
14384,9704212,S/B M-39,CHALFONTE,2016-05-18,18,5,2016,16,4,5,9,,4,0,,1,1,1,55,3,2,2,5,0,0,0,0,true,,false,false,false,false,false,,,,,,false,false,false,,,false,false,false,false,false,-83.21849,42.39843,"{
  ""coordinates"": [
    -8.321848773900000e+01,
    4.239843459300000e+01
  ],
  ""type"": ""Point""
}","{
  ""coordinates"": [
    -83.218487739,
    42.398434593
  ],
  ""type"": ""Point""
}",-83.218487739,42.398434593
14385,9705000,HARPER,CONNER,2016-05-17,17,5,2016,16,3,8,9,,4,0,,1,1,1,30,5,2,4,5,0,0,0,0,true,,false,false,true,false,false,,,,,,false,true,true,,,false,false,false,false,false,-82.9894,42.39734,"{
  ""coordinates"": [
    -8.298939889300000e+01,
    4.239734113000000e+01
  ],
  ""type"": ""Point""
}","{
  ""coordinates"": [
    -82.989398893,
    42.39734113
  ],
  ""type"": ""Point""
}",-82.989398893,42.39734113
14386,9715860,APPOLINE,MARGARETA,2016-05-17,17,5,2016,4,3,8,9,,,0,,1,2,4,25,2,2,1,5,0,0,0,0,true,,false,false,true,false,false,,,,,,false,false,false,,,false,false,false,false,false,-83.17169,42.42719,"{
  ""coordinates"": [
    -8.317169367400000e+01,
    4.242718447100000e+01
  ],
  ""type"": ""Point""
}","{
  ""coordinates"": [
    -83.171693674,
    42.427184471
  ],
  ""type"": ""Point""
}",-83.171693674,42.427184471
14387,9702611,14TH,N I 75 SERVICE DRIVE,2016-05-17,17,5,2016,18,3,4,9,,4,0,,1,2,1,30,3,2,3,5,0,0,0,0,true,,false,false,false,false,false,,,,,,false,false,true,,,false,false,false,false,false,-83.07684,42.33196,"{
  ""coordinates"": [
    -8.307683444900000e+01,
    4.233195732900000e+01
  ],
  ""type"": ""Point""
}","{
  ""coordinates"": [
    -83.076834449,
    42.331957329
  ],
  ""type"": ""Point""
}",-83.076834449,42.331957329
14388,9700010,ST ANTIONE,GRATIOT,2016-05-17,17,5,2016,16,3,98,3,,4,0,,1,1,1,30,5,2,2,5,0,0,0,0,true,,false,false,false,false,false,,,,,,false,false,false,,,false,false,false,false,false,-83.04276,42.33827,"{
  ""coordinates"": [
    -8.304275176999990e+01,
    4.233827130700010e+01
  ],
  ""type"": ""Point""
}","{
  ""coordinates"": [
    -83.04275177,
    42.338271307
  ],
  ""type"": ""Point""
}",-83.0427517699999,42.3382713070001
14389,9702605,S I 75 SERVICE DRIVE,3RD,2016-05-17,17,5,2016,16,3,5,9,,5,0,,1,1,1,25,1,2,2,5,0,0,0,0,true,,false,false,false,false,false,,,,,,false,false,false,,,false,false,false,false,false,-83.06047,42.33663,"{
  ""coordinates"": [
    -8.306047059900000e+01,
    4.233662813200000e+01
  ],
  ""type"": ""Point""
}","{
  ""coordinates"": [
    -83.060470599,
    42.336628132
  ],
  ""type"": ""Point""
}",-83.060470599,42.336628132
14390,9705713,MICHIGAN,CICOTTE,2016-05-17,17,5,2016,21,3,1,2,,1,0,,1,1,4,35,5,2,0,1,1,0,0,0,false,,false,false,true,true,false,,,,,,true,false,false,,,false,false,false,false,false,-83.12395,42.33113,"{
  ""coordinates"": [
    -8.312395050500000e+01,
    4.233112620600010e+01
  ],
  ""type"": ""Point""
}","{
  ""coordinates"": [
    -83.123950505,
    42.331126206
  ],
  ""type"": ""Point""
}",-83.123950505,42.3311262060001
14391,9699950,RAMP ID3 211A,WEIR,2016-05-17,17,5,2016,6,3,5,1,,1,0,,1,2,1,35,1,2,2,5,0,0,0,0,true,,false,false,false,false,false,,,,,,false,false,false,,,false,false,false,false,false,-83.15371,42.32915,"{
  ""coordinates"": [
    -8.315370913800000e+01,
    4.232915613600010e+01
  ],
  ""type"": ""Point""
}","{
  ""coordinates"": [
    -83.153709138,
    42.329156136
  ],
  ""type"": ""Point""
}",-83.153709138,42.3291561360001
14392,9704280,MACK,S I 75,2016-05-17,17,5,2016,23,3,1,9,,4,0,,1,1,4,0,3,1,1,5,0,0,0,0,true,,false,false,false,false,false,,,,,,false,false,false,,,false,false,false,false,false,-83.04815,42.35125,"{
  ""coordinates"": [
    -8.304814935600000e+01,
    4.235124622400010e+01
  ],
  ""type"": ""Point""
}","{
  ""coordinates"": [
    -83.048149356,
    42.351246224
  ],
  ""type"": ""Point""
}",-83.048149356,42.3512462240001
14393,9706407,E I 94,GRAND RIVER,2016-05-17,17,5,2016,17,3,5,1,,1,0,,1,1,1,55,3,2,3,5,0,0,0,0,true,,false,false,false,false,false,,,,,,false,false,true,,,false,false,false,false,false,-83.09531,42.35131,"{
  ""coordinates"": [
    -8.309530403299991e+01,
    4.235130553400010e+01
  ],
  ""type"": ""Point""
}","{
  ""coordinates"": [
    -83.095304033,
    42.351305534
  ],
  ""type"": ""Point""
}",-83.0953040329999,42.3513055340001
14394,9704244,RAMP 037B,RAMP 037C,2016-05-17,17,5,2016,3,3,8,1,,1,0,,2,4,4,55,3,2,2,5,0,0,0,0,true,,false,false,false,false,false,,,,,,false,false,false,,,false,false,false,false,false,-83.08622,42.33226,"{
  ""coordinates"": [
    -8.308622030700000e+01,
    4.233226106800000e+01
  ],
  ""type"": ""Point""
}","{
  ""coordinates"": [
    -83.086220307,
    42.332261068
  ],
  ""type"": ""Point""
}",-83.086220307,42.332261068
14395,9700009,LAFAYETTE,BROOKLYN,2016-05-17,17,5,2016,13,3,4,9,,4,0,,1,1,1,25,2,2,2,5,0,0,0,0,true,,false,false,false,false,false,,,,,,false,true,false,,,false,false,false,false,false,-83.05988,42.32653,"{
  ""coordinates"": [
    -8.305987270100000e+01,
    4.232652707900010e+01
  ],
  ""type"": ""Point""
}","{
  ""coordinates"": [
    -83.059872701,
    42.326527079
  ],
  ""type"": ""Point""
}",-83.059872701,42.3265270790001
14396,9715881,CURTIS,ARDMORE,2016-05-17,17,5,2016,21,3,9,9,,,0,,1,1,5,25,2,2,2,5,0,0,0,0,true,,false,false,false,false,false,,,,,,false,true,false,,,false,false,false,false,false,-83.18473,42.42367,"{
  ""coordinates"": [
    -8.318472709299991e+01,
    4.242367198200000e+01
  ],
  ""type"": ""Point""
}","{
  ""coordinates"": [
    -83.184727093,
    42.423671982
  ],
  ""type"": ""Point""
}",-83.1847270929999,42.423671982
14397,9700030,MOUND,8 MILE,2016-05-17,17,5,2016,16,3,4,3,,2,0,,1,1,1,40,4,2,3,5,0,0,0,0,true,,false,false,false,false,false,,,,,,false,false,false,,,false,false,false,false,false,-83.04427,42.44779,"{
  ""coordinates"": [
    -8.304427572400000e+01,
    4.244779334400000e+01
  ],
  ""type"": ""Point""
}","{
  ""coordinates"": [
    -83.044275724,
    42.447793344
  ],
  ""type"": ""Point""
}",-83.044275724,42.447793344
14398,9700015,PLYMOUTH,EVERGREEN,2016-05-17,17,5,2016,11,3,4,9,,4,0,,1,1,1,35,5,2,1,4,0,0,0,1,false,,false,false,true,false,false,,,,,,false,false,false,,,false,false,false,false,false,-83.23625,42.37189,"{
  ""coordinates"": [
    -8.323624898700000e+01,
    4.237188885700000e+01
  ],
  ""type"": ""Point""
}","{
  ""coordinates"": [
    -83.236248987,
    42.371888857
  ],
  ""type"": ""Point""
}",-83.236248987,42.371888857
14399,9700023,7 MILE,QUEEN,2016-05-17,17,5,2016,12,3,3,9,,2,0,,1,1,1,30,2,2,3,5,0,0,0,0,true,,false,false,false,false,false,,,,,,false,false,true,,,false,false,false,false,false,-82.96865,42.43533,"{
  ""coordinates"": [
    -8.296864957100000e+01,
    4.243532664600010e+01
  ],
  ""type"": ""Point""
}","{
  ""coordinates"": [
    -82.968649571,
    42.435326646
  ],
  ""type"": ""Point""
}",-82.968649571,42.4353266460001
14400,9715787,CONANT,MCNICHOLS,2016-05-17,17,5,2016,1,3,8,9,,4,0,,2,4,4,35,4,2,0,5,0,0,0,0,true,,false,false,true,false,false,,,,,,false,false,false,,,false,false,false,false,false,-83.06353,42.41854,"{
  ""coordinates"": [
    -8.306353047499989e+01,
    4.241854666300000e+01
  ],
  ""type"": ""Point""
}","{
  ""coordinates"": [
    -83.063530475,
    42.418546663
  ],
  ""type"": ""Point""
}",-83.0635304749999,42.418546663
14401,9710064,EVERGREEN,BELTON,2016-05-17,17,5,2016,7,3,97,9,,4,0,,1,2,1,30,6,3,4,5,0,0,0,0,true,,false,false,false,false,false,,,,,,false,false,true,,,false,false,false,false,false,-83.23572,42.35214,"{
  ""coordinates"": [
    -8.323571840699999e+01,
    4.235214073000000e+01
  ],
  ""type"": ""Point""
}","{
  ""coordinates"": [
    -83.235718407,
    42.35214073
  ],
  ""type"": ""Point""
}",-83.235718407,42.35214073
14402,9708295,I-96,MEYERS,2016-05-17,17,5,2016,14,3,8,1,,1,0,,1,1,1,70,3,2,3,4,0,0,0,1,false,,false,false,false,false,false,,,,,,false,false,true,,,false,false,false,false,false,-83.17041,42.38484,"{
  ""coordinates"": [
    -8.317040672000000e+01,
    4.238484319000000e+01
  ],
  ""type"": ""Point""
}","{
  ""coordinates"": [
    -83.17040672,
    42.38484319
  ],
  ""type"": ""Point""
}",-83.17040672,42.38484319
14403,9706557,GREENFIELD,BLESSER,2016-05-17,17,5,2016,21,3,9,9,,2,2,,1,1,4,35,7,2,3,4,0,0,0,1,false,,false,false,false,false,false,,,,,,false,false,false,,,false,false,false,false,false,-83.19622,42.34215,"{
  ""coordinates"": [
    -8.319622303499990e+01,
    4.234215088700010e+01
  ],
  ""type"": ""Point""
}","{
  ""coordinates"": [
    -83.196223035,
    42.342150887
  ],
  ""type"": ""Point""
}",-83.1962230349999,42.3421508870001
14404,9708296,I-96,LIVERNOIS,2016-05-17,17,5,2016,15,3,8,1,,1,0,,1,1,1,70,3,3,3,4,0,0,0,1,false,,false,false,false,false,false,,,,,,false,false,true,,,false,false,false,false,false,-83.14041,42.36776,"{
  ""coordinates"": [
    -8.314041471300000e+01,
    4.236775756300010e+01
  ],
  ""type"": ""Point""
}","{
  ""coordinates"": [
    -83.140414713,
    42.367757563
  ],
  ""type"": ""Point""
}",-83.140414713,42.3677575630001
14405,9700041,7 MILE,LIVERNOIS,2016-05-17,17,5,2016,16,3,4,9,,2,0,,1,1,1,30,2,3,4,4,0,0,0,1,false,,false,false,false,true,false,,,,,,false,true,true,,,false,false,false,false,false,-83.14127,42.43161,"{
  ""coordinates"": [
    -8.314126912400000e+01,
    4.243160924100000e+01
  ],
  ""type"": ""Point""
}","{
  ""coordinates"": [
    -83.141269124,
    42.431609241
  ],
  ""type"": ""Point""
}",-83.141269124,42.431609241
14406,9705709,W I 94,CENTRAL,2016-05-17,17,5,2016,2,3,1,1,,1,1,,2,4,4,0,3,1,1,5,0,0,0,0,true,,false,false,false,false,false,,,,,,false,false,false,,,false,false,false,false,false,-83.13832,42.3325,"{
  ""coordinates"": [
    -8.313832462399991e+01,
    4.233250401500000e+01
  ],
  ""type"": ""Point""
}","{
  ""coordinates"": [
    -83.138324624,
    42.332504015
  ],
  ""type"": ""Point""
}",-83.1383246239999,42.332504015
14407,9715624,FLANDERS,PARK,2016-05-17,17,5,2016,21,3,4,9,,,0,,1,1,5,0,1,2,1,5,0,0,0,0,true,,true,false,false,false,false,,,,,,false,false,true,,,false,false,false,false,false,-82.98494,42.41523,"{
  ""coordinates"": [
    -8.298494034500000e+01,
    4.241522883500010e+01
  ],
  ""type"": ""Point""
}","{
  ""coordinates"": [
    -82.984940345,
    42.415228835
  ],
  ""type"": ""Point""
}",-82.984940345,42.4152288350001
14408,9715825,WYOMING,7 MILE,2016-05-17,17,5,2016,20,3,7,9,,4,0,,1,1,1,30,2,2,1,5,0,0,0,0,true,,false,false,true,false,false,,,,,,false,false,false,,,false,false,false,false,false,-83.16096,42.43107,"{
  ""coordinates"": [
    -8.316096554300000e+01,
    4.243107139900010e+01
  ],
  ""type"": ""Point""
}","{
  ""coordinates"": [
    -83.160965543,
    42.431071399
  ],
  ""type"": ""Point""
}",-83.160965543,42.4310713990001
14409,9700021,8 MILE,GRATIOT,2016-05-17,17,5,2016,23,3,97,3,,1,0,,1,1,4,40,6,2,0,3,0,0,1,0,false,,false,false,true,false,false,,,,,,true,false,false,,,false,false,false,false,false,-82.96803,42.44983,"{
  ""coordinates"": [
    -8.296802632899990e+01,
    4.244983053300010e+01
  ],
  ""type"": ""Point""
}","{
  ""coordinates"": [
    -82.968026329,
    42.449830533
  ],
  ""type"": ""Point""
}",-82.9680263289999,42.4498305330001
14410,9715740,DAVISON,LIVERNOIS,2016-05-17,17,5,2016,17,3,8,3,,1,0,,1,1,1,35,4,2,2,5,0,0,0,0,true,,false,false,false,false,false,,,,,,false,false,false,,,false,false,false,false,false,-83.13958,42.38669,"{
  ""coordinates"": [
    -8.313957882100000e+01,
    4.238668752700000e+01
  ],
  ""type"": ""Point""
}","{
  ""coordinates"": [
    -83.139578821,
    42.386687527
  ],
  ""type"": ""Point""
}",-83.139578821,42.386687527
14411,9702615,ADDISON,W I 94,2016-05-17,17,5,2016,11,3,97,1,,4,0,,1,1,1,25,2,2,2,5,0,0,0,0,true,,false,false,false,false,false,,,,,,false,true,false,,,false,false,false,false,false,-83.15102,42.33015,"{
  ""coordinates"": [
    -8.315101708000000e+01,
    4.233014829600010e+01
  ],
  ""type"": ""Point""
}","{
  ""coordinates"": [
    -83.15101708,
    42.330148296
  ],
  ""type"": ""Point""
}",-83.15101708,42.3301482960001
14412,9702618,DRAGOON,CADET,2016-05-17,17,5,2016,14,3,4,9,,4,0,,1,1,1,25,3,2,5,3,0,0,1,1,false,,false,false,true,false,false,,,,,,false,false,true,,,false,false,false,false,false,-83.10735,42.31421,"{
  ""coordinates"": [
    -8.310735376799990e+01,
    4.231420376700000e+01
  ],
  ""type"": ""Point""
}","{
  ""coordinates"": [
    -83.107353768,
    42.314203767
  ],
  ""type"": ""Point""
}",-83.1073537679999,42.314203767
14413,9715791,OMIRA,WINCHESTER,2016-05-17,17,5,2016,3,3,1,9,,,1,,1,1,4,25,2,1,1,2,0,1,0,0,false,,false,false,false,false,false,,,,,,false,false,false,,,false,false,false,false,false,-83.09638,42.44525,"{
  ""coordinates"": [
    -8.309638551599990e+01,
    4.244525128000000e+01
  ],
  ""type"": ""Point""
}","{
  ""coordinates"": [
    -83.096385516,
    42.44525128
  ],
  ""type"": ""Point""
}",-83.0963855159999,42.44525128
14414,9715847,GRATIOT,RUSSELL,2016-05-17,17,5,2016,21,3,97,3,,1,0,,1,2,4,35,3,2,1,5,0,0,0,0,true,,false,false,false,false,false,,,,,,false,false,false,,,false,false,false,false,false,-83.03888,42.34334,"{
  ""coordinates"": [
    -8.303888277399990e+01,
    4.234334291600000e+01
  ],
  ""type"": ""Point""
}","{
  ""coordinates"": [
    -83.038882774,
    42.343342916
  ],
  ""type"": ""Point""
}",-83.0388827739999,42.343342916