ObjectId,Crash ID,Primary Road,Intersecting Road,Crash Date,Day,Month,Year,Hour,Weekday,Crash Type Code,Highway Classification Code,Community Code,Jurisdiction Code,Lane Departure Type Code,Surface Type,Road Condition,Weather Condition,Lighting Condition,Speed Limit,Lanes,Units,Occupants,Most Severe Injury,Fatal Injuries,Suspected Serious Injuries,Suspected Minor Injuries,Possible Injuries,Property Damage Only,Secondary Crash,Traffic Control,Red Light Run,Hit and Run,Alcohol,Drugs,Unbelted Person,Work Zone,Speeding Driver,Distracted Driver,Driveway,Pedestrian,Elderly Driver,Young Driver,Commercial Vehicle,Emergency Vehicles,Train,School Bus,Motorcycle,Bicycle,Deer,Longitude,Latitude,geom,geog,x,y
14415,9702420,N I 75,RAMP 048A,2016-05-17,17,5,2016,17,3,8,1,,1,0,,4,1,1,0,5,2,2,5,0,0,0,0,true,,false,false,true,false,false,,,,,,false,false,false,,,false,false,false,false,false,-83.08545,42.41548,"{
  ""coordinates"": [
    -8.308544630100000e+01,
    4.241547812000000e+01
  ],
  ""type"": ""Point""
}","{
  ""coordinates"": [
    -83.085446301,
    42.41547812
  ],
  ""type"": ""Point""
}",-83.085446301,42.41547812
14416,9702623,OUTER,GRANDVILLE,2016-05-17,17,5,2016,16,3,97,9,,,0,,1,1,1,35,4,2,2,5,0,0,0,0,true,,false,false,false,false,false,,,,,,false,false,false,,,false,false,false,false,false,-83.23098,42.3983,"{
  ""coordinates"": [
    -8.323097853000000e+01,
    4.239830398300010e+01
  ],
  ""type"": ""Point""
}","{
  ""coordinates"": [
    -83.23097853,
    42.398303983
  ],
  ""type"": ""Point""
}",-83.23097853,42.3983039830001
14417,9700028,DAVISON,LIVERNOIS,2016-05-17,17,5,2016,13,3,2,3,,1,2,,1,1,1,35,7,2,2,5,0,0,0,0,true,,false,false,false,false,false,,,,,,false,false,false,,,false,false,false,false,false,-83.13927,42.38652,"{
  ""coordinates"": [
    -8.313926793099991e+01,
    4.238651566100000e+01
  ],
  ""type"": ""Point""
}","{
  ""coordinates"": [
    -83.139267931,
    42.386515661
  ],
  ""type"": ""Point""
}",-83.1392679309999,42.386515661
14418,9791516,INGLIS,PITT,2016-05-17,17,5,2016,20,3,97,9,,,0,,1,1,5,35,2,2,2,5,0,0,0,0,true,,false,false,false,false,false,,,,,,false,false,false,,,false,false,false,false,false,-83.1297,42.31273,"{
  ""coordinates"": [
    -8.312970269999990e+01,
    4.231272429200000e+01
  ],
  ""type"": ""Point""
}","{
  ""coordinates"": [
    -83.1297027,
    42.312724292
  ],
  ""type"": ""Point""
}",-83.1297026999999,42.312724292
14419,9704252,I-75,OUTER,2016-05-17,17,5,2016,16,3,1,1,,1,1,,1,2,1,70,3,1,1,4,0,0,0,1,false,,false,false,false,false,false,,,,,,false,false,false,,,false,false,false,false,false,-83.09496,42.44085,"{
  ""coordinates"": [
    -8.309495578500000e+01,
    4.244084778500010e+01
  ],
  ""type"": ""Point""
}","{
  ""coordinates"": [
    -83.094955785,
    42.440847785
  ],
  ""type"": ""Point""
}",-83.094955785,42.4408477850001
14420,9706430,HOWARD,GRAND,2016-05-17,17,5,2016,9,3,2,9,,,2,,1,2,1,25,3,2,1,5,0,0,0,0,true,,false,false,false,false,false,,,,,,false,false,true,,,false,false,false,false,false,-83.08524,42.31812,"{
  ""coordinates"": [
    -8.308524088400000e+01,
    4.231812446100000e+01
  ],
  ""type"": ""Point""
}","{
  ""coordinates"": [
    -83.085240884,
    42.318124461
  ],
  ""type"": ""Point""
}",-83.085240884,42.318124461
14421,9715885,LIVERNOIS,FLORENCE,2016-05-17,17,5,2016,10,3,10,9,,4,0,,1,2,1,30,4,2,2,5,0,0,0,0,true,,false,false,true,false,false,,,,,,false,true,false,,,false,false,false,false,false,-83.14051,42.41241,"{
  ""coordinates"": [
    -8.314050915500000e+01,
    4.241240671400000e+01
  ],
  ""type"": ""Point""
}","{
  ""coordinates"": [
    -83.140509155,
    42.412406714
  ],
  ""type"": ""Point""
}",-83.140509155,42.412406714
14422,9715813,MEYERS,CHIPPEWA,2016-05-17,17,5,2016,6,3,2,9,,4,0,,2,4,1,0,2,2,1,5,0,0,0,0,true,,false,false,true,false,false,,,,,,false,false,false,,,false,false,false,false,false,-83.17107,42.4407,"{
  ""coordinates"": [
    -8.317107387399990e+01,
    4.244070028100000e+01
  ],
  ""type"": ""Point""
}","{
  ""coordinates"": [
    -83.171073874,
    42.440700281
  ],
  ""type"": ""Point""
}",-83.1710738739999,42.440700281
14423,9709075,E I 94,GRAND RIVER,2016-05-17,17,5,2016,17,3,5,1,,1,0,,1,1,1,45,3,2,2,4,0,0,0,1,false,,false,false,false,false,false,,,,,,false,false,true,,,false,false,false,false,false,-83.09472,42.35149,"{
  ""coordinates"": [
    -8.309471531199991e+01,
    4.235149315000010e+01
  ],
  ""type"": ""Point""
}","{
  ""coordinates"": [
    -83.094715312,
    42.35149315
  ],
  ""type"": ""Point""
}",-83.0947153119999,42.3514931500001
14424,9705720,CENTRAL,DIX,2016-05-17,17,5,2016,18,3,5,9,,4,0,,1,1,1,30,2,2,3,5,0,0,0,0,true,,false,false,false,false,false,,,,,,false,false,true,,,false,false,false,false,false,-83.12759,42.31718,"{
  ""coordinates"": [
    -8.312759437499990e+01,
    4.231717742300000e+01
  ],
  ""type"": ""Point""
}","{
  ""coordinates"": [
    -83.127594375,
    42.317177423
  ],
  ""type"": ""Point""
}",-83.1275943749999,42.317177423
14425,9705015,PLYMOUTH,EVERGREEN,2016-05-17,17,5,2016,18,3,5,9,,4,0,,1,1,1,35,5,2,5,5,0,0,0,0,true,,false,false,true,false,false,,,,,,false,false,false,,,false,false,false,false,false,-83.23608,42.37189,"{
  ""coordinates"": [
    -8.323607451100000e+01,
    4.237189101700010e+01
  ],
  ""type"": ""Point""
}","{
  ""coordinates"": [
    -83.236074511,
    42.371891017
  ],
  ""type"": ""Point""
}",-83.236074511,42.3718910170001
14426,9715886,LOUISE,ROSA PARKS,2016-05-17,17,5,2016,14,3,8,9,,,0,,1,1,1,25,1,2,1,5,0,0,0,0,true,,false,false,false,false,false,,,,,,false,false,false,,,false,false,false,false,false,-83.11938,42.41191,"{
  ""coordinates"": [
    -8.311937862600000e+01,
    4.241190559000010e+01
  ],
  ""type"": ""Point""
}","{
  ""coordinates"": [
    -83.119378626,
    42.41190559
  ],
  ""type"": ""Point""
}",-83.119378626,42.4119055900001
14427,9708320,I-75,CLARK,2016-05-17,17,5,2016,19,3,5,1,,1,0,,1,2,4,70,4,2,2,5,0,0,0,0,true,,false,false,true,false,false,,,,,,false,false,false,,,false,false,false,false,false,-83.09028,42.31372,"{
  ""coordinates"": [
    -8.309028052199990e+01,
    4.231372390100010e+01
  ],
  ""type"": ""Point""
}","{
  ""coordinates"": [
    -83.090280522,
    42.313723901
  ],
  ""type"": ""Point""
}",-83.0902805219999,42.3137239010001
14428,9700020,GRATIOT,CONCORD,2016-05-17,17,5,2016,19,3,97,3,,1,0,,1,1,1,45,6,2,2,4,0,0,0,2,false,,false,false,false,true,false,,,,,,false,true,false,,,false,false,false,false,false,-83.02061,42.36988,"{
  ""coordinates"": [
    -8.302060901999990e+01,
    4.236988094900000e+01
  ],
  ""type"": ""Point""
}","{
  ""coordinates"": [
    -83.02060902,
    42.369880949
  ],
  ""type"": ""Point""
}",-83.0206090199999,42.369880949
14429,9715542,CONANT,7 MILE,2016-05-17,17,5,2016,10,3,5,9,,4,0,,1,1,1,35,1,3,3,4,0,0,0,1,false,,false,false,false,false,false,,,,,,false,false,false,,,false,false,false,false,false,-83.07366,42.43293,"{
  ""coordinates"": [
    -8.307366383899991e+01,
    4.243292795300000e+01
  ],
  ""type"": ""Point""
}","{
  ""coordinates"": [
    -83.073663839,
    42.432927953
  ],
  ""type"": ""Point""
}",-83.0736638389999,42.432927953
14430,9702622,EVERGREEN,WADSWORTH,2016-05-17,17,5,2016,17,3,4,9,,4,0,,1,1,1,30,3,2,6,3,0,0,1,2,false,,false,false,false,false,false,,,,,,false,false,true,,,false,false,false,false,false,-83.23632,42.37402,"{
  ""coordinates"": [
    -8.323631899799990e+01,
    4.237402401900000e+01
  ],
  ""type"": ""Point""
}","{
  ""coordinates"": [
    -83.236318998,
    42.374024019
  ],
  ""type"": ""Point""
}",-83.2363189979999,42.374024019
14431,9701361,N I 75,WARREN,2016-05-17,17,5,2016,21,3,8,1,,1,0,,1,2,3,55,1,2,3,5,0,0,0,0,true,,false,false,true,false,false,,,,,,false,true,false,,,false,false,false,false,false,-83.055,42.36222,"{
  ""coordinates"": [
    -8.305499666100000e+01,
    4.236221749600000e+01
  ],
  ""type"": ""Point""
}","{
  ""coordinates"": [
    -83.054996661,
    42.362217496
  ],
  ""type"": ""Point""
}",-83.054996661,42.362217496
14432,9715826,BAUMAN,LARCHWOOD,2016-05-17,17,5,2016,17,3,5,9,,,0,,1,1,1,30,1,2,0,5,0,0,0,0,true,,false,false,true,false,false,,,,,,false,false,false,,,false,false,false,false,false,-83.11214,42.43233,"{
  ""coordinates"": [
    -8.311214091900000e+01,
    4.243233444400000e+01
  ],
  ""type"": ""Point""
}","{
  ""coordinates"": [
    -83.112140919,
    42.432334444
  ],
  ""type"": ""Point""
}",-83.112140919,42.432334444
14433,9700746,MORANG,7 MILE,2016-05-17,17,5,2016,0,3,5,9,,4,0,,1,1,4,25,4,2,2,4,0,0,0,1,false,,false,false,true,false,false,,,,,,false,false,false,,,false,false,false,false,false,-82.962,42.43548,"{
  ""coordinates"": [
    -8.296199614100000e+01,
    4.243548026000010e+01
  ],
  ""type"": ""Point""
}","{
  ""coordinates"": [
    -82.961996141,
    42.43548026
  ],
  ""type"": ""Point""
}",-82.961996141,42.4354802600001
14434,9708309,M-39,FORD,2016-05-17,17,5,2016,13,3,5,3,,1,0,,1,2,1,55,3,2,2,5,0,0,0,0,true,,false,false,false,false,false,,,,,,false,false,true,,,false,false,false,false,false,-83.21589,42.33353,"{
  ""coordinates"": [
    -8.321588665099991e+01,
    4.233353428800010e+01
  ],
  ""type"": ""Point""
}","{
  ""coordinates"": [
    -83.215886651,
    42.333534288
  ],
  ""type"": ""Point""
}",-83.2158866509999,42.3335342880001
14435,9706541,BERG,VASSAR,2016-05-17,17,5,2016,14,3,97,9,,4,0,,1,1,1,25,2,2,0,5,0,0,0,0,true,,false,false,true,false,false,,,,,,false,false,false,,,false,false,false,false,false,-83.26793,42.43098,"{
  ""coordinates"": [
    -8.326792964200000e+01,
    4.243098187600000e+01
  ],
  ""type"": ""Point""
}","{
  ""coordinates"": [
    -83.267929642,
    42.430981876
  ],
  ""type"": ""Point""
}",-83.267929642,42.430981876
14436,9700026,MAPLEWOOD,NORTHFIELD,2016-05-17,17,5,2016,7,3,97,9,,,0,,1,1,1,25,2,2,5,5,0,0,0,0,true,,false,false,false,false,false,,,,,,false,false,false,,,false,false,false,false,false,-83.12984,42.35825,"{
  ""coordinates"": [
    -8.312983530299989e+01,
    4.235824965900010e+01
  ],
  ""type"": ""Point""
}","{
  ""coordinates"": [
    -83.129835303,
    42.358249659
  ],
  ""type"": ""Point""
}",-83.1298353029999,42.3582496590001
14437,9762232,SECOND,LOTHROP,2016-05-17,17,5,2016,15,3,1,9,,4,0,,1,1,1,25,2,2,2,4,0,0,0,1,false,,false,false,false,false,false,,,,,,true,false,false,,,false,false,false,false,false,-83.07717,42.37043,"{
  ""coordinates"": [
    -8.307717056699990e+01,
    4.237042530500000e+01
  ],
  ""type"": ""Point""
}","{
  ""coordinates"": [
    -83.077170567,
    42.370425305
  ],
  ""type"": ""Point""
}",-83.0771705669999,42.370425305
14438,9700025,CONNER,MCNICHOLS,2016-05-17,17,5,2016,12,3,4,9,,4,0,,1,1,1,35,6,2,1,5,0,0,0,0,true,,false,false,true,false,false,,,,,,false,false,true,,,false,false,false,false,false,-83.01369,42.41965,"{
  ""coordinates"": [
    -8.301369773200000e+01,
    4.241965161000010e+01
  ],
  ""type"": ""Point""
}","{
  ""coordinates"": [
    -83.013697732,
    42.41965161
  ],
  ""type"": ""Point""
}",-83.013697732,42.4196516100001
14439,9700003,FENKELL,WHITCOMB,2016-05-17,17,5,2016,11,3,1,9,,2,0,,1,2,1,30,4,1,1,2,0,1,0,0,false,,false,false,false,false,false,,,,,,false,false,true,,,false,false,true,false,false,-83.19631,42.40158,"{
  ""coordinates"": [
    -8.319631212099991e+01,
    4.240158233000010e+01
  ],
  ""type"": ""Point""
}","{
  ""coordinates"": [
    -83.196312121,
    42.40158233
  ],
  ""type"": ""Point""
}",-83.1963121209999,42.4015823300001
14440,9704299,SCHOOLCRAFT,EVERGREEN,2016-05-17,17,5,2016,6,3,2,9,,2,0,,1,1,1,35,4,2,3,5,0,0,0,0,true,,false,false,true,false,false,,,,,,false,false,false,,,false,false,false,false,false,-83.23684,42.38625,"{
  ""coordinates"": [
    -8.323684289900000e+01,
    4.238625199700000e+01
  ],
  ""type"": ""Point""
}","{
  ""coordinates"": [
    -83.236842899,
    42.386251997
  ],
  ""type"": ""Point""
}",-83.236842899,42.386251997
14441,9700062,GRAND RIVER,ELIZABETH,2016-05-17,17,5,2016,17,3,1,3,,1,0,,1,1,1,0,7,2,2,3,0,0,1,0,false,,false,false,false,false,false,,,,,,false,false,false,,,false,false,false,true,false,-83.05654,42.33541,"{
  ""coordinates"": [
    -8.305653934900000e+01,
    4.233541327400010e+01
  ],
  ""type"": ""Point""
}","{
  ""coordinates"": [
    -83.056539349,
    42.335413274
  ],
  ""type"": ""Point""
}",-83.056539349,42.3354132740001
14442,9706322,EIGHT MILE,LIVERNOIS,2016-05-17,17,5,2016,16,3,5,3,,1,0,,1,1,1,35,1,2,2,5,0,0,0,0,true,,false,false,true,false,false,,,,,,false,false,false,,,false,false,false,false,false,-83.14239,42.44608,"{
  ""coordinates"": [
    -8.314238640500000e+01,
    4.244607411400010e+01
  ],
  ""type"": ""Point""
}","{
  ""coordinates"": [
    -83.142386405,
    42.446074114
  ],
  ""type"": ""Point""
}",-83.142386405,42.4460741140001
14443,9715663,CONNER,CHARLEMAGNE,2016-05-17,17,5,2016,0,3,1,9,,4,0,,1,2,4,35,2,1,1,4,0,0,0,1,false,,false,false,false,false,false,,,,,,false,false,false,,,false,false,false,false,false,-83.00043,42.40718,"{
  ""coordinates"": [
    -8.300043481499991e+01,
    4.240718220300000e+01
  ],
  ""type"": ""Point""
}","{
  ""coordinates"": [
    -83.000434815,
    42.407182203
  ],
  ""type"": ""Point""
}",-83.0004348149999,42.407182203
14444,9715801,CONANT,DAVISON,2016-05-17,17,5,2016,8,3,4,3,,4,0,,1,2,1,35,2,2,3,4,0,0,0,2,false,,false,false,false,false,false,,,,,,false,false,true,,,false,false,false,false,false,-83.0616,42.4157,"{
  ""coordinates"": [
    -8.306160071399999e+01,
    4.241570072200010e+01
  ],
  ""type"": ""Point""
}","{
  ""coordinates"": [
    -83.061600714,
    42.415700722
  ],
  ""type"": ""Point""
}",-83.061600714,42.4157007220001
14445,9708288,M-10,GRAND RIVER,2016-05-17,17,5,2016,12,3,8,3,,1,0,,1,1,1,55,3,2,3,5,0,0,0,0,true,,false,false,false,false,false,,,,,,false,false,true,,,false,false,false,false,false,-83.06557,42.33799,"{
  ""coordinates"": [
    -8.306556643700000e+01,
    4.233799474300010e+01
  ],
  ""type"": ""Point""
}","{
  ""coordinates"": [
    -83.065566437,
    42.337994743
  ],
  ""type"": ""Point""
}",-83.065566437,42.3379947430001
14446,9704241,N M 39,JOY,2016-05-17,17,5,2016,16,3,5,3,,1,0,,1,1,1,55,3,2,2,5,0,0,0,0,true,,false,false,false,false,false,,,,,,false,false,true,,,false,false,false,false,false,-83.21632,42.35648,"{
  ""coordinates"": [
    -8.321632627100000e+01,
    4.235648514200010e+01
  ],
  ""type"": ""Point""
}","{
  ""coordinates"": [
    -83.216326271,
    42.356485142
  ],
  ""type"": ""Point""
}",-83.216326271,42.3564851420001
14447,9699948,SOUTHFIELD,GRAND RIVER,2016-05-16,16,5,2016,18,2,5,3,,1,0,,1,1,1,55,3,3,3,5,0,0,0,0,true,,false,false,false,false,false,,,,,,false,true,true,,,false,false,false,false,false,-83.21835,42.40219,"{
  ""coordinates"": [
    -8.321835507599999e+01,
    4.240218585100010e+01
  ],
  ""type"": ""Point""
}","{
  ""coordinates"": [
    -83.218355076,
    42.402185851
  ],
  ""type"": ""Point""
}",-83.218355076,42.4021858510001
14448,9698257,RANDOLPH,JEFFERSON,2016-05-16,16,5,2016,18,2,5,3,,4,0,,2,4,3,35,4,2,2,5,0,0,0,0,true,,false,false,false,false,false,,,,,,false,false,true,,,false,false,false,false,false,-83.04184,42.32965,"{
  ""coordinates"": [
    -8.304183715399989e+01,
    4.232965395700010e+01
  ],
  ""type"": ""Point""
}","{
  ""coordinates"": [
    -83.041837154,
    42.329653957
  ],
  ""type"": ""Point""
}",-83.0418371539999,42.3296539570001
14449,9711240,DAVISON,LINWOOD,2016-05-16,16,5,2016,15,2,97,3,,1,0,,1,1,1,35,6,3,5,4,0,0,0,2,false,,false,false,false,false,false,,,,,,false,false,false,,,false,false,false,false,false,-83.12202,42.39302,"{
  ""coordinates"": [
    -8.312202187100000e+01,
    4.239301701600000e+01
  ],
  ""type"": ""Point""
}","{
  ""coordinates"": [
    -83.122021871,
    42.393017016
  ],
  ""type"": ""Point""
}",-83.122021871,42.393017016
14450,9705024,FENKELL,FORRER,2016-05-16,16,5,2016,11,2,5,9,,2,0,,1,1,1,35,4,2,2,4,0,0,0,2,false,,false,false,false,false,false,,,,,,false,true,false,,,false,false,false,false,false,-83.20166,42.40144,"{
  ""coordinates"": [
    -8.320166202099990e+01,
    4.240143850100000e+01
  ],
  ""type"": ""Point""
}","{
  ""coordinates"": [
    -83.201662021,
    42.401438501
  ],
  ""type"": ""Point""
}",-83.2016620209999,42.401438501
14451,9700757,CASINO,LAING,2016-05-16,16,5,2016,9,2,4,9,,,0,,1,1,1,25,2,2,2,5,0,0,0,0,true,,false,false,false,false,false,,,,,,false,false,false,,,false,false,false,false,false,-82.95181,42.42915,"{
  ""coordinates"": [
    -8.295180709499989e+01,
    4.242915128500000e+01
  ],
  ""type"": ""Point""
}","{
  ""coordinates"": [
    -82.951807095,
    42.429151285
  ],
  ""type"": ""Point""
}",-82.9518070949999,42.429151285
14452,9715878,FAIRFIELD,MCNICHOLS,2016-05-16,16,5,2016,15,2,4,9,,,0,,1,1,1,25,1,2,5,5,0,0,0,0,true,,false,false,false,false,false,,,,,,false,true,false,,,false,false,false,false,false,-83.1353,42.41722,"{
  ""coordinates"": [
    -8.313529840699989e+01,
    4.241722388700000e+01
  ],
  ""type"": ""Point""
}","{
  ""coordinates"": [
    -83.135298407,
    42.417223887
  ],
  ""type"": ""Point""
}",-83.1352984069999,42.417223887
14453,9699949,JEFFERSON,GRISWOLD,2016-05-16,16,5,2016,23,2,1,3,,1,1,,1,1,4,55,2,1,0,5,0,0,0,0,true,,false,false,true,false,false,,,,,,false,false,false,,,false,false,false,false,false,-83.04526,42.3282,"{
  ""coordinates"": [
    -8.304525421499990e+01,
    4.232820198900000e+01
  ],
  ""type"": ""Point""
}","{
  ""coordinates"": [
    -83.045254215,
    42.328201989
  ],
  ""type"": ""Point""
}",-83.0452542149999,42.328201989
14454,9704271,MCNICHOLS,TELEGRAPH,2016-05-16,16,5,2016,15,2,8,2,,,0,,1,1,1,35,5,2,2,5,0,0,0,0,true,,false,false,true,false,false,,,,,,false,true,false,,,false,false,false,false,false,-83.2774,42.41617,"{
  ""coordinates"": [
    -8.327739921200001e+01,
    4.241616858600000e+01
  ],
  ""type"": ""Point""
}","{
  ""coordinates"": [
    -83.277399212,
    42.416168586
  ],
  ""type"": ""Point""
}",-83.277399212,42.416168586
14455,9700008,LINWOOD,STANLEY,2016-05-16,16,5,2016,14,2,4,9,,4,0,,1,1,1,30,2,2,3,4,0,0,0,1,false,,false,false,true,false,false,,,,,,false,false,false,,,false,false,false,false,false,-83.095,42.35402,"{
  ""coordinates"": [
    -8.309499958299990e+01,
    4.235401790500000e+01
  ],
  ""type"": ""Point""
}","{
  ""coordinates"": [
    -83.094999583,
    42.354017905
  ],
  ""type"": ""Point""
}",-83.0949995829999,42.354017905
14456,9715612,GRATIOT,BRINGARD,2016-05-16,16,5,2016,12,2,5,3,,1,0,,1,1,4,35,3,2,4,5,0,0,0,0,true,,false,false,true,false,false,,,,,,false,false,true,,,false,false,false,false,false,-82.97036,42.44618,"{
  ""coordinates"": [
    -8.297036196999990e+01,
    4.244618138100000e+01
  ],
  ""type"": ""Point""
}","{
  ""coordinates"": [
    -82.97036197,
    42.446181381
  ],
  ""type"": ""Point""
}",-82.9703619699999,42.446181381
14457,9700002,TIREMAN,WYKES,2016-05-16,16,5,2016,16,2,6,9,,4,0,,1,2,1,30,2,2,2,5,0,0,0,0,true,,false,false,false,false,false,,,,,,false,false,true,,,false,false,false,false,false,-83.14181,42.35203,"{
  ""coordinates"": [
    -8.314180734400000e+01,
    4.235203214700000e+01
  ],
  ""type"": ""Point""
}","{
  ""coordinates"": [
    -83.141807344,
    42.352032147
  ],
  ""type"": ""Point""
}",-83.141807344,42.352032147
14458,9698259,BRAILE,SAINT MARTINS,2016-05-16,16,5,2016,15,2,97,9,,,1,,1,2,1,25,1,3,1,4,0,0,0,2,false,,false,false,false,true,false,,,,,,true,false,false,,,false,false,false,false,false,-83.24636,42.43491,"{
  ""coordinates"": [
    -8.324636098199990e+01,
    4.243491471000000e+01
  ],
  ""type"": ""Point""
}","{
  ""coordinates"": [
    -83.246360982,
    42.43491471
  ],
  ""type"": ""Point""
}",-83.2463609819999,42.43491471
14459,9705719,SCOTTEN,TOLEDO,2016-05-16,16,5,2016,22,2,8,9,,4,3,,1,1,4,25,2,2,1,5,0,0,0,0,true,,false,false,true,false,false,,,,,,false,false,false,,,false,false,false,false,false,-83.09586,42.32362,"{
  ""coordinates"": [
    -8.309585708500001e+01,
    4.232362551300000e+01
  ],
  ""type"": ""Point""
}","{
  ""coordinates"": [
    -83.095857085,
    42.323625513
  ],
  ""type"": ""Point""
}",-83.095857085,42.323625513
14460,9698265,CHALMERS,FRANKFORT,2016-05-16,16,5,2016,13,2,4,9,,4,0,,1,1,1,35,2,2,2,5,0,0,0,0,true,,false,false,true,true,false,,,,,,false,false,false,,,false,false,false,false,false,-82.95989,42.39713,"{
  ""coordinates"": [
    -8.295988951699999e+01,
    4.239713463400010e+01
  ],
  ""type"": ""Point""
}","{
  ""coordinates"": [
    -82.959889517,
    42.397134634
  ],
  ""type"": ""Point""
}",-82.959889517,42.3971346340001
14461,9704243,I-94,LIVERNOIS,2016-05-16,16,5,2016,7,2,5,1,,1,0,,1,1,1,55,3,2,2,5,0,0,0,0,true,,false,false,false,false,false,,,,,,false,false,true,,,false,false,false,false,false,-83.12916,42.33562,"{
  ""coordinates"": [
    -8.312915571100000e+01,
    4.233561803300010e+01
  ],
  ""type"": ""Point""
}","{
  ""coordinates"": [
    -83.129155711,
    42.335618033
  ],
  ""type"": ""Point""
}",-83.129155711,42.3356180330001
14462,9715623,FOREST,BELLEVUE,2016-05-16,16,5,2016,18,2,97,9,,4,0,,2,4,1,30,2,2,2,5,0,0,0,0,true,,false,false,true,false,false,,,,,,false,false,false,,,false,false,false,false,false,-83.02241,42.36978,"{
  ""coordinates"": [
    -8.302240724599990e+01,
    4.236978178900010e+01
  ],
  ""type"": ""Point""
}","{
  ""coordinates"": [
    -83.022407246,
    42.369781789
  ],
  ""type"": ""Point""
}",-83.0224072459999,42.3697817890001
14463,9699758,N/B M-39,8 MILE,2016-05-16,16,5,2016,9,2,5,3,,1,0,,1,1,1,55,3,4,4,5,0,0,0,0,true,,false,false,false,false,false,,,,,,false,true,false,,,false,false,false,false,false,-83.21963,42.4439,"{
  ""coordinates"": [
    -8.321962626600001e+01,
    4.244389795400010e+01
  ],
  ""type"": ""Point""
}","{
  ""coordinates"": [
    -83.219626266,
    42.443897954
  ],
  ""type"": ""Point""
}",-83.219626266,42.4438979540001
14464,9711638,8 MILE,LIVERNOIS,2016-05-16,16,5,2016,14,2,5,3,,1,0,,97,2,1,45,3,2,4,5,0,0,0,0,true,,false,false,false,false,false,,,,,,false,false,true,,,false,false,false,false,false,-83.1421,42.44608,"{
  ""coordinates"": [
    -8.314209450600001e+01,
    4.244608008500010e+01
  ],
  ""type"": ""Point""
}","{
  ""coordinates"": [
    -83.142094506,
    42.446080085
  ],
  ""type"": ""Point""
}",-83.142094506,42.4460800850001
14465,9705736,FOREST,TOWNSEND,2016-05-16,16,5,2016,15,2,4,9,,4,0,,1,1,1,0,3,2,4,4,0,0,0,1,false,,false,false,false,false,false,,,,,,false,false,true,,,false,false,false,false,false,-83.01443,42.3727,"{
  ""coordinates"": [
    -8.301443610900000e+01,
    4.237270152600010e+01
  ],
  ""type"": ""Point""
}","{
  ""coordinates"": [
    -83.014436109,
    42.372701526
  ],
  ""type"": ""Point""
}",-83.014436109,42.3727015260001
14466,9715576,WINSTON,GRAND RIVER,2016-05-16,16,5,2016,20,2,4,3,,,0,,1,1,1,25,2,2,2,5,0,0,0,0,true,,false,false,false,false,false,,,,,,false,false,false,,,false,false,false,false,false,-83.28416,42.42682,"{
  ""coordinates"": [
    -8.328416741200000e+01,
    4.242682456400010e+01
  ],
  ""type"": ""Point""
}","{
  ""coordinates"": [
    -83.284167412,
    42.426824564
  ],
  ""type"": ""Point""
}",-83.284167412,42.4268245640001
14467,9699963,I-75,WOODWARD,2016-05-16,16,5,2016,7,2,5,1,,1,0,,1,1,2,55,4,3,3,5,0,0,0,0,true,,false,false,false,false,false,,,,,,false,false,false,,,false,false,false,false,false,-83.05685,42.33781,"{
  ""coordinates"": [
    -8.305684333499990e+01,
    4.233781396600010e+01
  ],
  ""type"": ""Point""
}","{
  ""coordinates"": [
    -83.056843335,
    42.337813966
  ],
  ""type"": ""Point""
}",-83.0568433349999,42.3378139660001
14468,9699738,M-39,8 MILE,2016-05-16,16,5,2016,9,2,5,3,,1,0,,1,1,1,70,3,2,2,4,0,0,0,1,false,,false,false,false,false,false,,,,,,false,false,false,,,false,false,false,false,false,-83.21967,42.44272,"{
  ""coordinates"": [
    -8.321966930100000e+01,
    4.244272147700010e+01
  ],
  ""type"": ""Point""
}","{
  ""coordinates"": [
    -83.219669301,
    42.442721477
  ],
  ""type"": ""Point""
}",-83.219669301,42.4427214770001
14469,9704234,I-75,WARREN,2016-05-16,16,5,2016,17,2,5,1,,1,0,,1,1,1,55,4,2,2,4,0,0,0,1,false,,false,false,false,false,false,,,,,,false,true,false,,,false,false,false,false,false,-83.05366,42.3595,"{
  ""coordinates"": [
    -8.305365766800000e+01,
    4.235950240700000e+01
  ],
  ""type"": ""Point""
}","{
  ""coordinates"": [
    -83.053657668,
    42.359502407
  ],
  ""type"": ""Point""
}",-83.053657668,42.359502407
14470,9700007,GRAND RIVER,BROOKLYN,2016-05-16,16,5,2016,12,2,1,3,,1,0,,1,1,1,30,5,2,2,5,0,0,0,0,true,,false,false,false,false,false,,,,,,false,false,false,,,false,false,false,true,false,-83.069,42.3405,"{
  ""coordinates"": [
    -8.306900255499990e+01,
    4.234050239700010e+01
  ],
  ""type"": ""Point""
}","{
  ""coordinates"": [
    -83.069002555,
    42.340502397
  ],
  ""type"": ""Point""
}",-83.0690025549999,42.3405023970001
14471,9698262,LARNED,S I 375 SERVICE DRIVE,2016-05-16,16,5,2016,18,2,3,9,,4,0,,1,1,1,30,8,2,2,5,0,0,0,0,true,,false,false,false,false,false,,,,,,false,true,false,,,false,false,false,false,false,-83.03687,42.33304,"{
  ""coordinates"": [
    -8.303686993100000e+01,
    4.233303694800000e+01
  ],
  ""type"": ""Point""
}","{
  ""coordinates"": [
    -83.036869931,
    42.333036948
  ],
  ""type"": ""Point""
}",-83.036869931,42.333036948