ObjectId,Crash ID,Primary Road,Intersecting Road,Crash Date,Day,Month,Year,Hour,Weekday,Crash Type Code,Highway Classification Code,Community Code,Jurisdiction Code,Lane Departure Type Code,Surface Type,Road Condition,Weather Condition,Lighting Condition,Speed Limit,Lanes,Units,Occupants,Most Severe Injury,Fatal Injuries,Suspected Serious Injuries,Suspected Minor Injuries,Possible Injuries,Property Damage Only,Secondary Crash,Traffic Control,Red Light Run,Hit and Run,Alcohol,Drugs,Unbelted Person,Work Zone,Speeding Driver,Distracted Driver,Driveway,Pedestrian,Elderly Driver,Young Driver,Commercial Vehicle,Emergency Vehicles,Train,School Bus,Motorcycle,Bicycle,Deer,Longitude,Latitude,geom,geog,x,y
14700,9715489,RAMP 218A,E I 94,2016-05-13,13,5,2016,4,6,5,1,,1,0,,1,1,4,55,3,2,2,5,0,0,0,0,true,,false,false,false,false,false,,,,,,false,false,false,,,false,false,false,false,false,-83.02252,42.38545,"{
  ""coordinates"": [
    -8.302252280000000e+01,
    4.238544768000000e+01
  ],
  ""type"": ""Point""
}","{
  ""coordinates"": [
    -83.0225228,
    42.38544768
  ],
  ""type"": ""Point""
}",-83.0225228,42.38544768
14701,9715845,RALSTON,LANTZ,2016-05-13,13,5,2016,0,6,1,9,,,0,,2,4,5,25,2,1,3,4,0,0,0,1,false,,false,false,false,false,false,,,,,,false,false,false,,,false,false,false,false,false,-83.11703,42.43681,"{
  ""coordinates"": [
    -8.311703793800000e+01,
    4.243681505400010e+01
  ],
  ""type"": ""Point""
}","{
  ""coordinates"": [
    -83.117037938,
    42.436815054
  ],
  ""type"": ""Point""
}",-83.117037938,42.4368150540001
14702,9706288,8 MILE,BURT,2016-05-13,13,5,2016,23,6,6,3,,1,0,,2,4,5,45,3,2,2,4,0,0,0,1,false,,false,false,false,false,true,,,,,,false,false,true,,,false,false,false,false,false,-83.2493,42.44349,"{
  ""coordinates"": [
    -8.324930079200000e+01,
    4.244348364900000e+01
  ],
  ""type"": ""Point""
}","{
  ""coordinates"": [
    -83.249300792,
    42.443483649
  ],
  ""type"": ""Point""
}",-83.249300792,42.443483649
14703,9700071,CASS,PALMER,2016-05-13,13,5,2016,8,6,8,9,,4,0,,1,1,1,30,2,2,4,4,0,0,0,1,false,,false,false,false,false,false,,,,,,false,false,true,,,false,false,false,false,false,-83.06983,42.36157,"{
  ""coordinates"": [
    -8.306983524299990e+01,
    4.236156723100000e+01
  ],
  ""type"": ""Point""
}","{
  ""coordinates"": [
    -83.069835243,
    42.361567231
  ],
  ""type"": ""Point""
}",-83.0698352429999,42.361567231
14704,9696755,HICKORY,FAIRMOUNT,2016-05-13,13,5,2016,16,6,4,9,,,0,,1,1,1,25,2,2,3,4,0,0,0,2,false,,true,false,false,false,false,,,,,,false,false,false,,,false,false,false,false,false,-82.98792,42.44394,"{
  ""coordinates"": [
    -8.298791480900000e+01,
    4.244394138400000e+01
  ],
  ""type"": ""Point""
}","{
  ""coordinates"": [
    -82.987914809,
    42.443941384
  ],
  ""type"": ""Point""
}",-82.987914809,42.443941384
14705,9706462,CHALMERS,SOUTHAMPTON,2016-05-13,13,5,2016,21,6,5,9,,4,0,,1,1,1,25,2,2,3,4,0,0,0,1,false,,false,false,false,false,false,,,,,,false,false,false,,,false,false,false,false,false,-82.96095,42.39878,"{
  ""coordinates"": [
    -8.296095011599991e+01,
    4.239877747200010e+01
  ],
  ""type"": ""Point""
}","{
  ""coordinates"": [
    -82.960950116,
    42.398777472
  ],
  ""type"": ""Point""
}",-82.9609501159999,42.3987774720001
14706,9696770,OUTER,SHERWOOD,2016-05-13,13,5,2016,5,6,4,9,,2,0,,1,1,4,30,2,2,2,5,0,0,0,0,true,,false,false,true,false,false,,,,,,false,false,false,,,false,false,false,false,false,-83.03428,42.44093,"{
  ""coordinates"": [
    -8.303428222500000e+01,
    4.244093445000000e+01
  ],
  ""type"": ""Point""
}","{
  ""coordinates"": [
    -83.034282225,
    42.44093445
  ],
  ""type"": ""Point""
}",-83.034282225,42.44093445
14707,9706538,EVERGREEN,CAMBRIDGE,2016-05-13,13,5,2016,14,6,98,9,,4,0,,1,1,1,0,2,2,1,5,0,0,0,0,true,,false,false,false,false,false,,,,,,false,false,false,,,false,false,false,false,false,-83.23891,42.43093,"{
  ""coordinates"": [
    -8.323890530900000e+01,
    4.243093538000010e+01
  ],
  ""type"": ""Point""
}","{
  ""coordinates"": [
    -83.238905309,
    42.43093538
  ],
  ""type"": ""Point""
}",-83.238905309,42.4309353800001
14708,9721095,E I 94,RAMP 218A,2016-05-13,13,5,2016,10,6,8,1,,1,0,,1,1,1,55,3,2,2,5,0,0,0,0,true,,false,false,false,false,false,,,,,,false,false,true,,,false,false,false,false,false,-83.02244,42.38552,"{
  ""coordinates"": [
    -8.302244004999990e+01,
    4.238552126200010e+01
  ],
  ""type"": ""Point""
}","{
  ""coordinates"": [
    -83.02244005,
    42.385521262
  ],
  ""type"": ""Point""
}",-83.0224400499999,42.3855212620001
14709,9700014,S M 39 SERVICE DRIVE,TIREMAN,2016-05-13,13,5,2016,15,6,8,9,,4,0,,1,2,1,30,6,2,3,4,0,0,0,2,false,,false,false,false,false,false,,,,,,false,false,true,,,false,false,false,false,false,-83.21677,42.35061,"{
  ""coordinates"": [
    -8.321677176700000e+01,
    4.235060987300010e+01
  ],
  ""type"": ""Point""
}","{
  ""coordinates"": [
    -83.216771767,
    42.350609873
  ],
  ""type"": ""Point""
}",-83.216771767,42.3506098730001
14710,9704318,BEAUBIEN,MONROE,2016-05-13,13,5,2016,12,6,5,9,,4,0,,1,1,1,25,2,2,2,5,0,0,0,0,true,,false,false,false,false,false,,,,,,false,true,false,,,false,false,false,false,false,-83.04256,42.3349,"{
  ""coordinates"": [
    -8.304256413400000e+01,
    4.233490448500000e+01
  ],
  ""type"": ""Point""
}","{
  ""coordinates"": [
    -83.042564134,
    42.334904485
  ],
  ""type"": ""Point""
}",-83.042564134,42.334904485
14711,9696717,SOUTHFIELD,JOY,2016-05-12,12,5,2016,15,5,5,3,,1,0,,1,1,1,55,3,2,2,5,0,0,0,0,true,,false,false,false,false,false,,,,,,false,false,true,,,false,false,false,false,false,-83.21638,42.35757,"{
  ""coordinates"": [
    -8.321637516300000e+01,
    4.235757198400010e+01
  ],
  ""type"": ""Point""
}","{
  ""coordinates"": [
    -83.216375163,
    42.357571984
  ],
  ""type"": ""Point""
}",-83.216375163,42.3575719840001
14712,9705630,M-10,7 MILE,2016-05-12,12,5,2016,7,5,5,3,,1,0,,1,1,1,55,3,2,2,5,0,0,0,0,true,,false,false,false,false,false,,,,,,false,false,false,,,false,false,false,false,false,-83.18076,42.42533,"{
  ""coordinates"": [
    -8.318075791000000e+01,
    4.242533314500000e+01
  ],
  ""type"": ""Point""
}","{
  ""coordinates"": [
    -83.18075791,
    42.425333145
  ],
  ""type"": ""Point""
}",-83.18075791,42.425333145
14713,9699972,N I 375,RAMP 018A,2016-05-12,12,5,2016,18,5,5,1,,1,0,,1,2,1,55,1,2,3,4,0,0,0,2,false,,false,false,false,false,false,,,,,,false,false,false,,,false,false,false,false,false,-83.0435,42.34254,"{
  ""coordinates"": [
    -8.304349227300000e+01,
    4.234253555100000e+01
  ],
  ""type"": ""Point""
}","{
  ""coordinates"": [
    -83.043492273,
    42.342535551
  ],
  ""type"": ""Point""
}",-83.043492273,42.342535551
14714,9780102,WARREN,S I 75,2016-05-12,12,5,2016,21,5,1,9,,4,0,,2,4,4,30,4,2,5,1,1,0,0,0,false,,false,false,false,false,false,,,,,,false,false,false,,,false,false,false,true,false,-83.0546,42.3609,"{
  ""coordinates"": [
    -8.305460640000000e+01,
    4.236089731300010e+01
  ],
  ""type"": ""Point""
}","{
  ""coordinates"": [
    -83.0546064,
    42.360897313
  ],
  ""type"": ""Point""
}",-83.0546064,42.3608973130001
14715,9706584,RAMP 051G,TELEGRAPH,2016-05-12,12,5,2016,7,5,5,2,,1,0,,1,1,1,30,1,2,2,5,0,0,0,0,true,,false,false,false,false,false,,,,,,false,false,true,,,false,false,false,false,false,-83.27869,42.44231,"{
  ""coordinates"": [
    -8.327868476499999e+01,
    4.244230791400000e+01
  ],
  ""type"": ""Point""
}","{
  ""coordinates"": [
    -83.278684765,
    42.442307914
  ],
  ""type"": ""Point""
}",-83.278684765,42.442307914
14716,9695687,FERRY PARK,LAWTON,2016-05-12,12,5,2016,18,5,4,9,,,0,,1,2,1,25,3,2,2,5,0,0,0,0,true,,false,false,false,false,false,,,,,,false,false,false,,,false,false,false,false,false,-83.10192,42.35787,"{
  ""coordinates"": [
    -8.310192118200000e+01,
    4.235786867000010e+01
  ],
  ""type"": ""Point""
}","{
  ""coordinates"": [
    -83.101921182,
    42.35786867
  ],
  ""type"": ""Point""
}",-83.101921182,42.3578686700001
14717,9713479,FORT,REISENER,2016-05-12,12,5,2016,7,5,5,3,,1,0,,2,4,1,0,4,4,4,5,0,0,0,0,true,,false,false,false,false,false,,,,,,false,false,false,,,false,false,false,false,false,-83.14176,42.29154,"{
  ""coordinates"": [
    -8.314175806299990e+01,
    4.229154049300010e+01
  ],
  ""type"": ""Point""
}","{
  ""coordinates"": [
    -83.141758063,
    42.291540493
  ],
  ""type"": ""Point""
}",-83.1417580629999,42.2915404930001
14718,9706380,SCHAEFER,ALLONBY,2016-05-12,12,5,2016,1,5,1,9,,4,0,,1,1,4,30,2,1,1,5,0,0,0,0,true,,false,false,false,false,false,,,,,,false,false,false,,,false,false,false,false,false,-83.17816,42.37787,"{
  ""coordinates"": [
    -8.317816299200000e+01,
    4.237787306300000e+01
  ],
  ""type"": ""Point""
}","{
  ""coordinates"": [
    -83.178162992,
    42.377873063
  ],
  ""type"": ""Point""
}",-83.178162992,42.377873063
14719,9696718,MOROSS,HARPER,2016-05-12,12,5,2016,9,5,5,9,,2,0,,1,2,1,45,3,2,4,5,0,0,0,0,true,,false,false,false,false,false,,,,,,false,true,false,,,false,false,false,false,false,-82.92925,42.4246,"{
  ""coordinates"": [
    -8.292925604700000e+01,
    4.242460108600010e+01
  ],
  ""type"": ""Point""
}","{
  ""coordinates"": [
    -82.929256047,
    42.424601086
  ],
  ""type"": ""Point""
}",-82.929256047,42.4246010860001
14720,9715426,RAMP 216E,E I 94,2016-05-12,12,5,2016,15,5,8,1,,1,0,,1,1,1,55,2,2,2,5,0,0,0,0,true,,false,false,false,false,false,,,,,,false,false,false,,,false,false,false,false,false,-83.05517,42.37031,"{
  ""coordinates"": [
    -8.305516467200000e+01,
    4.237030997000010e+01
  ],
  ""type"": ""Point""
}","{
  ""coordinates"": [
    -83.055164672,
    42.37030997
  ],
  ""type"": ""Point""
}",-83.055164672,42.3703099700001
14721,9715479,I-75,7 MILE,2016-05-12,12,5,2016,21,5,4,1,,1,0,,2,4,5,70,4,2,1,5,0,0,0,0,true,,false,false,false,false,false,,,,,,false,false,true,,,false,false,false,false,false,-83.09347,42.42533,"{
  ""coordinates"": [
    -8.309346479100000e+01,
    4.242532602400010e+01
  ],
  ""type"": ""Point""
}","{
  ""coordinates"": [
    -83.093464791,
    42.425326024
  ],
  ""type"": ""Point""
}",-83.093464791,42.4253260240001
14722,9695707,TIREMAN,WARWICK,2016-05-12,12,5,2016,22,5,4,9,,4,0,,2,4,5,25,2,2,2,5,0,0,0,0,true,,false,false,true,false,false,,,,,,false,false,true,,,false,false,false,false,false,-83.22715,42.35045,"{
  ""coordinates"": [
    -8.322715181000000e+01,
    4.235045309300010e+01
  ],
  ""type"": ""Point""
}","{
  ""coordinates"": [
    -83.22715181,
    42.350453093
  ],
  ""type"": ""Point""
}",-83.22715181,42.3504530930001
14723,9715469,S I 75 SERVICE DRIVE,8 MILE,2016-05-12,12,5,2016,7,5,8,1,,1,0,,1,2,2,35,3,2,2,5,0,0,0,0,true,,false,false,false,false,false,,,,,,false,false,false,,,false,false,false,false,false,-83.09531,42.44685,"{
  ""coordinates"": [
    -8.309531053700000e+01,
    4.244684998000000e+01
  ],
  ""type"": ""Point""
}","{
  ""coordinates"": [
    -83.095310537,
    42.44684998
  ],
  ""type"": ""Point""
}",-83.095310537,42.44684998
14724,9695685,E M 8,RAMP 109B,2016-05-12,12,5,2016,10,5,5,3,,1,0,,1,1,1,0,1,2,1,5,0,0,0,0,true,,false,false,true,false,false,,,,,,false,false,false,,,false,false,false,false,false,-83.11095,42.39753,"{
  ""coordinates"": [
    -8.311095304900000e+01,
    4.239752408800010e+01
  ],
  ""type"": ""Point""
}","{
  ""coordinates"": [
    -83.110953049,
    42.397524088
  ],
  ""type"": ""Point""
}",-83.110953049,42.3975240880001
14725,9723809,MICHIGAN,VERNOR,2016-05-12,12,5,2016,3,5,1,2,,1,1,,98,98,98,35,5,1,1,1,1,0,0,0,false,,false,false,false,false,true,,,,,,false,false,false,,,false,false,false,false,false,-83.07672,42.33135,"{
  ""coordinates"": [
    -8.307671970299999e+01,
    4.233134661100010e+01
  ],
  ""type"": ""Point""
}","{
  ""coordinates"": [
    -83.076719703,
    42.331346611
  ],
  ""type"": ""Point""
}",-83.076719703,42.3313466110001
14726,9715497,N I 75,RAMP 216B,2016-05-12,12,5,2016,18,5,8,1,,1,0,,1,2,1,70,4,2,2,5,0,0,0,0,true,,false,false,true,false,false,,,,,,false,false,false,,,false,false,false,false,false,-83.05852,42.36981,"{
  ""coordinates"": [
    -8.305851584300000e+01,
    4.236980631700000e+01
  ],
  ""type"": ""Point""
}","{
  ""coordinates"": [
    -83.058515843,
    42.369806317
  ],
  ""type"": ""Point""
}",-83.058515843,42.369806317
14727,9715470,I-75,SCHAEFER,2016-05-12,12,5,2016,8,5,8,1,,1,0,,2,2,1,55,4,2,3,5,0,0,0,0,true,,false,false,false,false,false,,,,,,false,false,false,,,false,false,false,false,false,-83.14932,42.28189,"{
  ""coordinates"": [
    -8.314932007800000e+01,
    4.228189430300010e+01
  ],
  ""type"": ""Point""
}","{
  ""coordinates"": [
    -83.149320078,
    42.281894303
  ],
  ""type"": ""Point""
}",-83.149320078,42.2818943030001
14728,9715409,I-75,VERNOR,2016-05-12,12,5,2016,7,5,1,1,,1,1,,2,4,2,55,3,1,2,5,0,0,0,0,true,,false,false,false,false,false,,,,,,false,false,false,,,false,false,false,false,false,-83.08578,42.32838,"{
  ""coordinates"": [
    -8.308577507000000e+01,
    4.232838011200000e+01
  ],
  ""type"": ""Point""
}","{
  ""coordinates"": [
    -83.08577507,
    42.328380112
  ],
  ""type"": ""Point""
}",-83.08577507,42.328380112
14729,9707997,FORD,OUTER DRIVE,2016-05-12,12,5,2016,8,5,5,1,,1,0,,2,1,1,45,4,2,2,5,0,0,0,0,true,,false,false,false,false,false,,,,,,false,false,false,,,false,false,false,false,false,-82.95683,42.40609,"{
  ""coordinates"": [
    -8.295683475500000e+01,
    4.240608681100010e+01
  ],
  ""type"": ""Point""
}","{
  ""coordinates"": [
    -82.956834755,
    42.406086811
  ],
  ""type"": ""Point""
}",-82.956834755,42.4060868110001
14730,9695714,CHENE,FERRY,2016-05-12,12,5,2016,12,5,8,9,,4,0,,1,1,1,25,2,2,2,5,0,0,0,0,true,,false,false,false,false,false,,,,,,false,false,true,,,false,false,false,false,false,-83.04355,42.36987,"{
  ""coordinates"": [
    -8.304355218500000e+01,
    4.236987099500000e+01
  ],
  ""type"": ""Point""
}","{
  ""coordinates"": [
    -83.043552185,
    42.369870995
  ],
  ""type"": ""Point""
}",-83.043552185,42.369870995
14731,9714601,FERGUSON,PURTIAN,2016-05-12,12,5,2016,11,5,1,9,,,0,,1,2,1,25,1,1,1,5,0,0,0,0,true,,false,false,true,false,false,,,,,,false,true,false,,,false,false,false,false,false,-83.20971,42.40831,"{
  ""coordinates"": [
    -8.320970772299999e+01,
    4.240831081400010e+01
  ],
  ""type"": ""Point""
}","{
  ""coordinates"": [
    -83.209707723,
    42.408310814
  ],
  ""type"": ""Point""
}",-83.209707723,42.4083108140001
14732,9722054,I-96,SCHAEFER,2016-05-12,12,5,2016,17,5,5,1,,1,0,,1,2,1,70,3,3,3,5,0,0,0,0,true,,false,false,false,false,false,,,,,,false,false,true,,,false,false,false,false,false,-83.17693,42.38363,"{
  ""coordinates"": [
    -8.317693142400000e+01,
    4.238363044700000e+01
  ],
  ""type"": ""Point""
}","{
  ""coordinates"": [
    -83.176931424,
    42.383630447
  ],
  ""type"": ""Point""
}",-83.176931424,42.383630447
14733,9695679,GRAND,ELLERY,2016-05-12,12,5,2016,11,5,1,9,,4,1,,1,2,1,30,3,1,2,3,0,0,2,0,false,,false,false,false,false,false,,,,,,false,false,true,,,false,false,false,false,false,-83.03447,42.37579,"{
  ""coordinates"": [
    -8.303446979400000e+01,
    4.237579084800010e+01
  ],
  ""type"": ""Point""
}","{
  ""coordinates"": [
    -83.034469794,
    42.375790848
  ],
  ""type"": ""Point""
}",-83.034469794,42.3757908480001
14734,9715499,RAMP 047E,RAMP 047F,2016-05-12,12,5,2016,19,5,1,1,,1,1,,1,2,1,0,1,1,3,5,0,0,0,0,true,,false,false,false,false,false,,,,,,false,false,true,,,false,false,false,false,false,-83.07839,42.40753,"{
  ""coordinates"": [
    -8.307838989899990e+01,
    4.240752880700010e+01
  ],
  ""type"": ""Point""
}","{
  ""coordinates"": [
    -83.078389899,
    42.407528807
  ],
  ""type"": ""Point""
}",-83.0783898989999,42.4075288070001
14735,9695706,PLYMOUTH,PARKWAY,2016-05-12,12,5,2016,17,5,4,9,,4,0,,1,2,1,35,7,2,1,5,0,0,0,0,true,,true,false,true,false,false,,,,,,false,false,false,,,false,false,false,false,false,-83.26572,42.3715,"{
  ""coordinates"": [
    -8.326571612100000e+01,
    4.237150354800010e+01
  ],
  ""type"": ""Point""
}","{
  ""coordinates"": [
    -83.265716121,
    42.371503548
  ],
  ""type"": ""Point""
}",-83.265716121,42.3715035480001
14736,9722055,I 96,HUBBLE,2016-05-12,12,5,2016,22,5,5,1,,1,0,,2,4,4,55,3,2,3,4,0,0,0,1,false,,false,false,false,false,false,,,,,,false,false,true,,,false,false,false,false,false,-83.18877,42.38042,"{
  ""coordinates"": [
    -8.318877770499989e+01,
    4.238042184400010e+01
  ],
  ""type"": ""Point""
}","{
  ""coordinates"": [
    -83.188777705,
    42.380421844
  ],
  ""type"": ""Point""
}",-83.1887777049999,42.3804218440001
14737,9715587,GRATIOT,ROSEMARY,2016-05-12,12,5,2016,21,5,8,3,,1,3,,2,4,3,35,6,2,1,5,0,0,0,0,true,,false,false,false,false,false,,,,,,false,false,true,,,false,false,false,false,false,-82.99571,42.40762,"{
  ""coordinates"": [
    -8.299571541900001e+01,
    4.240761511700000e+01
  ],
  ""type"": ""Point""
}","{
  ""coordinates"": [
    -82.995715419,
    42.407615117
  ],
  ""type"": ""Point""
}",-82.995715419,42.407615117
14738,9696762,OUTER,MCNICHOLS,2016-05-12,12,5,2016,6,5,5,9,,2,0,,1,2,1,30,2,2,2,5,0,0,0,0,true,,false,false,false,false,false,,,,,,false,false,true,,,false,false,false,false,false,-83.01369,42.41973,"{
  ""coordinates"": [
    -8.301368834700000e+01,
    4.241973626900010e+01
  ],
  ""type"": ""Point""
}","{
  ""coordinates"": [
    -83.013688347,
    42.419736269
  ],
  ""type"": ""Point""
}",-83.013688347,42.4197362690001
14739,9695721,SOUTHFIELD,GRANDRIVER,2016-05-12,12,5,2016,16,5,5,3,,1,0,,1,1,1,35,4,2,2,5,0,0,0,0,true,,false,false,true,false,false,,,,,,false,false,false,,,false,false,false,false,false,-83.21819,42.4006,"{
  ""coordinates"": [
    -8.321819522500000e+01,
    4.240060595000010e+01
  ],
  ""type"": ""Point""
}","{
  ""coordinates"": [
    -83.218195225,
    42.40060595
  ],
  ""type"": ""Point""
}",-83.218195225,42.4006059500001
14740,9715803,7 MILE,BUFFALO,2016-05-12,12,5,2016,20,5,6,9,,4,0,,2,4,4,25,4,2,2,2,0,1,0,0,false,,false,false,false,false,false,,,,,,false,false,false,,,false,false,false,false,false,-83.04809,42.43346,"{
  ""coordinates"": [
    -8.304808538700000e+01,
    4.243346464100010e+01
  ],
  ""type"": ""Point""
}","{
  ""coordinates"": [
    -83.048085387,
    42.433464641
  ],
  ""type"": ""Point""
}",-83.048085387,42.4334646410001
14741,9715472,M-39,GRAND RIVER,2016-05-12,12,5,2016,17,5,5,3,,1,0,,1,1,1,55,3,3,2,5,0,0,0,0,true,,false,false,true,false,false,,,,,,false,false,false,,,false,false,false,false,false,-83.21819,42.39984,"{
  ""coordinates"": [
    -8.321818484100000e+01,
    4.239984143500000e+01
  ],
  ""type"": ""Point""
}","{
  ""coordinates"": [
    -83.218184841,
    42.399841435
  ],
  ""type"": ""Point""
}",-83.218184841,42.399841435
14742,9715751,EPWORTH,JOY,2016-05-12,12,5,2016,22,5,1,9,,4,1,,2,1,4,25,2,1,0,5,0,0,0,0,true,,false,false,true,false,false,,,,,,false,false,false,,,false,false,false,false,false,-83.13493,42.35918,"{
  ""coordinates"": [
    -8.313492284300000e+01,
    4.235918435400000e+01
  ],
  ""type"": ""Point""
}","{
  ""coordinates"": [
    -83.134922843,
    42.359184354
  ],
  ""type"": ""Point""
}",-83.134922843,42.359184354
14743,9715425,WI-94,GRATIOT,2016-05-12,12,5,2016,9,5,97,1,,1,0,,1,2,1,0,3,2,2,5,0,0,0,0,true,,false,false,false,false,false,,,,,,false,false,false,,,false,false,false,false,false,-83.006,42.39159,"{
  ""coordinates"": [
    -8.300600580699999e+01,
    4.239159507600000e+01
  ],
  ""type"": ""Point""
}","{
  ""coordinates"": [
    -83.006005807,
    42.391595076
  ],
  ""type"": ""Point""
}",-83.006005807,42.391595076
14744,9715689,NORTHLAWN,LYNDON,2016-05-12,12,5,2016,18,5,1,9,,,1,,1,1,1,25,3,1,1,5,0,0,0,0,true,,false,false,false,false,false,,,,,,false,false,true,,,false,false,false,false,false,-83.15318,42.3955,"{
  ""coordinates"": [
    -8.315317263799990e+01,
    4.239549763900000e+01
  ],
  ""type"": ""Point""
}","{
  ""coordinates"": [
    -83.153172638,
    42.395497639
  ],
  ""type"": ""Point""
}",-83.1531726379999,42.395497639
14745,9715487,SOUTHFIELD,FENKELL,2016-05-12,12,5,2016,21,5,1,3,,1,0,,2,4,4,55,3,1,1,5,0,0,0,0,true,,false,false,false,false,false,,,,,,false,false,false,,,false,false,false,false,false,-83.21838,42.40106,"{
  ""coordinates"": [
    -8.321837711900000e+01,
    4.240106008000000e+01
  ],
  ""type"": ""Point""
}","{
  ""coordinates"": [
    -83.218377119,
    42.40106008
  ],
  ""type"": ""Point""
}",-83.218377119,42.40106008
14746,9695713,JEFFERSON,RIVARD,2016-05-12,12,5,2016,16,5,5,9,,4,0,,1,1,1,35,3,2,6,5,0,0,0,0,true,,false,false,false,false,false,,,,,,false,false,true,,,false,false,false,false,false,-83.03393,42.33339,"{
  ""coordinates"": [
    -8.303392577600000e+01,
    4.233338645400000e+01
  ],
  ""type"": ""Point""
}","{
  ""coordinates"": [
    -83.033925776,
    42.333386454
  ],
  ""type"": ""Point""
}",-83.033925776,42.333386454
14747,9695686,S I 75,TRUMBULL,2016-05-12,12,5,2016,17,5,5,1,,1,0,,1,1,1,60,4,2,3,5,0,0,0,0,true,,false,false,false,false,false,,,,,,false,false,false,,,false,false,false,false,false,-83.06863,42.33448,"{
  ""coordinates"": [
    -8.306863461099989e+01,
    4.233447921900010e+01
  ],
  ""type"": ""Point""
}","{
  ""coordinates"": [
    -83.068634611,
    42.334479219
  ],
  ""type"": ""Point""
}",-83.0686346109999,42.3344792190001
14748,9715498,I-375,GRATIOT,2016-05-12,12,5,2016,19,5,1,1,,1,1,,1,2,1,55,3,1,1,4,0,0,0,1,false,,false,false,false,false,false,,,,,,false,false,false,,,false,false,false,false,false,-83.04159,42.34036,"{
  ""coordinates"": [
    -8.304158972800001e+01,
    4.234035916100000e+01
  ],
  ""type"": ""Point""
}","{
  ""coordinates"": [
    -83.041589728,
    42.340359161
  ],
  ""type"": ""Point""
}",-83.041589728,42.340359161
14749,9695719,MCNICHOLS,LINDSAY,2016-05-12,12,5,2016,11,5,5,9,,2,0,,1,1,1,35,4,2,2,3,0,0,1,0,false,,false,false,false,false,false,,,,,,false,false,false,,,false,false,false,false,false,-83.21331,42.41566,"{
  ""coordinates"": [
    -8.321330724400001e+01,
    4.241566553900000e+01
  ],
  ""type"": ""Point""
}","{
  ""coordinates"": [
    -83.213307244,
    42.415665539
  ],
  ""type"": ""Point""
}",-83.213307244,42.415665539
14750,9710027,JEFFERSON,BEAUBIEN,2016-05-12,12,5,2016,15,5,5,4,,1,0,,1,2,1,35,4,2,6,5,0,0,0,0,true,,false,false,false,false,false,,,,,,false,false,false,,,false,false,false,false,false,-83.03983,42.33087,"{
  ""coordinates"": [
    -8.303982175999990e+01,
    4.233086761400010e+01
  ],
  ""type"": ""Point""
}","{
  ""coordinates"": [
    -83.03982176,
    42.330867614
  ],
  ""type"": ""Point""
}",-83.0398217599999,42.3308676140001
14751,9696768,S I 75 SERVICE DRIVE,STATE FAIR,2016-05-12,12,5,2016,16,5,4,9,,5,0,,1,1,1,40,3,2,1,5,0,0,0,0,true,,false,false,false,false,false,,,,,,false,false,false,,,false,false,false,false,false,-83.09557,42.43976,"{
  ""coordinates"": [
    -8.309557168200000e+01,
    4.243976002700000e+01
  ],
  ""type"": ""Point""
}","{
  ""coordinates"": [
    -83.095571682,
    42.439760027
  ],
  ""type"": ""Point""
}",-83.095571682,42.439760027
14752,9715734,PETOSKEY,DAVISON,2016-05-12,12,5,2016,19,5,98,3,,,0,,2,1,1,35,2,2,1,5,0,0,0,0,true,,false,false,true,false,false,,,,,,false,true,false,,,false,false,false,false,false,-83.13535,42.38802,"{
  ""coordinates"": [
    -8.313534566700000e+01,
    4.238801625800010e+01
  ],
  ""type"": ""Point""
}","{
  ""coordinates"": [
    -83.135345667,
    42.388016258
  ],
  ""type"": ""Point""
}",-83.135345667,42.3880162580001
14753,9715823,LARNED,MCDOUGALL,2016-05-12,12,5,2016,10,5,97,9,,4,0,,1,1,1,0,2,2,2,5,0,0,0,0,true,,false,false,false,false,false,,,,,,false,false,false,,,false,false,false,false,false,-83.01704,42.34158,"{
  ""coordinates"": [
    -8.301703522299989e+01,
    4.234157414300010e+01
  ],
  ""type"": ""Point""
}","{
  ""coordinates"": [
    -83.017035223,
    42.341574143
  ],
  ""type"": ""Point""
}",-83.0170352229999,42.3415741430001
14754,9697563,LARNED,MCDOUGALL,2016-05-12,12,5,2016,9,5,4,9,,4,0,,1,1,1,0,2,2,1,4,0,0,0,1,false,,false,false,false,false,false,,,,,,false,false,false,,,false,false,false,false,false,-83.017,42.34159,"{
  ""coordinates"": [
    -8.301700153000000e+01,
    4.234158829600010e+01
  ],
  ""type"": ""Point""
}","{
  ""coordinates"": [
    -83.01700153,
    42.341588296
  ],
  ""type"": ""Point""
}",-83.01700153,42.3415882960001
14755,9696757,OUTER,WADE,2016-05-12,12,5,2016,15,5,4,9,,2,0,,1,1,1,35,3,2,2,4,0,0,0,1,false,,false,false,false,false,false,,,,,,false,true,true,,,false,false,false,false,false,-82.96119,42.4087,"{
  ""coordinates"": [
    -8.296119004900000e+01,
    4.240869557000010e+01
  ],
  ""type"": ""Point""
}","{
  ""coordinates"": [
    -82.961190049,
    42.40869557
  ],
  ""type"": ""Point""
}",-82.961190049,42.4086955700001
14756,9715500,I-96,LIVERNOIS,2016-05-12,12,5,2016,20,5,1,1,,1,1,,2,4,4,70,4,1,1,5,0,0,0,0,true,,false,false,false,false,false,,,,,,false,false,false,,,false,false,false,false,false,-83.14124,42.36807,"{
  ""coordinates"": [
    -8.314123429800000e+01,
    4.236806695000010e+01
  ],
  ""type"": ""Point""
}","{
  ""coordinates"": [
    -83.141234298,
    42.36806695
  ],
  ""type"": ""Point""
}",-83.141234298,42.3680669500001