ObjectId,Crash ID,Primary Road,Intersecting Road,Crash Date,Day,Month,Year,Hour,Weekday,Crash Type Code,Highway Classification Code,Community Code,Jurisdiction Code,Lane Departure Type Code,Surface Type,Road Condition,Weather Condition,Lighting Condition,Speed Limit,Lanes,Units,Occupants,Most Severe Injury,Fatal Injuries,Suspected Serious Injuries,Suspected Minor Injuries,Possible Injuries,Property Damage Only,Secondary Crash,Traffic Control,Red Light Run,Hit and Run,Alcohol,Drugs,Unbelted Person,Work Zone,Speeding Driver,Distracted Driver,Driveway,Pedestrian,Elderly Driver,Young Driver,Commercial Vehicle,Emergency Vehicles,Train,School Bus,Motorcycle,Bicycle,Deer,Longitude,Latitude,geom,geog,x,y
14814,9706405,LOVETT,TORREY,2016-05-11,11,5,2016,16,4,98,9,,,0,,1,2,1,25,2,2,0,5,0,0,0,0,true,,false,false,true,false,false,,,,,,false,false,false,,,false,false,false,false,false,-83.10352,42.33215,"{
  ""coordinates"": [
    -8.310352317900001e+01,
    4.233215224900000e+01
  ],
  ""type"": ""Point""
}","{
  ""coordinates"": [
    -83.103523179,
    42.332152249
  ],
  ""type"": ""Point""
}",-83.103523179,42.332152249
14815,9694954,MOENART,HILDALE,2016-05-11,11,5,2016,7,4,4,9,,,0,,1,2,1,25,1,2,3,4,0,0,0,2,false,,true,true,true,false,false,,,,,,false,false,false,,,false,false,false,false,false,-83.05009,42.42978,"{
  ""coordinates"": [
    -8.305009792899990e+01,
    4.242977421500010e+01
  ],
  ""type"": ""Point""
}","{
  ""coordinates"": [
    -83.050097929,
    42.429774215
  ],
  ""type"": ""Point""
}",-83.0500979289999,42.4297742150001
14816,9695727,OAKFIELD,CAMBRIDGE,2016-05-11,11,5,2016,22,4,4,9,,,0,,1,1,4,25,2,2,2,5,0,0,0,0,true,,false,false,false,false,false,,,,,,false,false,true,,,false,false,false,false,false,-83.21509,42.43193,"{
  ""coordinates"": [
    -8.321509110499990e+01,
    4.243193322100010e+01
  ],
  ""type"": ""Point""
}","{
  ""coordinates"": [
    -83.215091105,
    42.431933221
  ],
  ""type"": ""Point""
}",-83.2150911049999,42.4319332210001
14817,9706437,OUTER,FORT,2016-05-11,11,5,2016,20,4,4,3,,2,0,,1,1,4,35,3,2,2,5,0,0,0,0,true,,false,false,false,false,false,,,,,,false,false,false,,,false,false,false,false,false,-83.16708,42.2625,"{
  ""coordinates"": [
    -8.316708148200000e+01,
    4.226249745900000e+01
  ],
  ""type"": ""Point""
}","{
  ""coordinates"": [
    -83.167081482,
    42.262497459
  ],
  ""type"": ""Point""
}",-83.167081482,42.262497459
14818,9706514,JAMES COUZENS,GREENFIELD,2016-05-11,11,5,2016,15,4,97,3,,1,0,,1,2,1,35,4,2,3,5,0,0,0,0,true,,false,false,false,false,false,,,,,,false,false,false,,,false,false,false,false,false,-83.20038,42.44212,"{
  ""coordinates"": [
    -8.320038024599999e+01,
    4.244211413000000e+01
  ],
  ""type"": ""Point""
}","{
  ""coordinates"": [
    -83.200380246,
    42.44211413
  ],
  ""type"": ""Point""
}",-83.200380246,42.44211413
14819,9715478,I-75,DRAGOON,2016-05-11,11,5,2016,16,4,8,1,,1,0,,1,1,1,55,4,3,3,2,0,1,0,0,false,,false,false,false,false,false,,,,,,false,false,false,,,false,false,false,false,false,-83.1027,42.30835,"{
  ""coordinates"": [
    -8.310270120300000e+01,
    4.230835030700010e+01
  ],
  ""type"": ""Point""
}","{
  ""coordinates"": [
    -83.102701203,
    42.308350307
  ],
  ""type"": ""Point""
}",-83.102701203,42.3083503070001
14820,9707160,LARCHMONT,IRONWOOD,2016-05-11,11,5,2016,21,4,4,9,,,0,,1,1,4,25,2,2,1,5,0,0,0,0,true,,false,false,false,false,false,,,,,,false,false,false,,,false,false,false,false,false,-83.12315,42.35269,"{
  ""coordinates"": [
    -8.312314840800001e+01,
    4.235269151600000e+01
  ],
  ""type"": ""Point""
}","{
  ""coordinates"": [
    -83.123148408,
    42.352691516
  ],
  ""type"": ""Point""
}",-83.123148408,42.352691516
14821,9722047,S M 10,PALLISTER,2016-05-11,11,5,2016,2,4,5,3,,1,0,,0,2,4,55,3,2,2,4,0,0,0,1,false,,false,false,false,false,false,,,,,,false,false,false,,,false,false,false,false,false,-83.08407,42.3703,"{
  ""coordinates"": [
    -8.308407070200001e+01,
    4.237029681000010e+01
  ],
  ""type"": ""Point""
}","{
  ""coordinates"": [
    -83.084070702,
    42.37029681
  ],
  ""type"": ""Point""
}",-83.084070702,42.3702968100001
14822,9694842,M-39,PLYMOUTH,2016-05-11,11,5,2016,10,4,1,3,,1,0,,1,2,1,55,3,1,1,5,0,0,0,0,true,,false,false,false,false,false,,,,,,false,false,false,,,false,false,false,false,false,-83.21633,42.36189,"{
  ""coordinates"": [
    -8.321633122000000e+01,
    4.236188710500010e+01
  ],
  ""type"": ""Point""
}","{
  ""coordinates"": [
    -83.21633122,
    42.361887105
  ],
  ""type"": ""Point""
}",-83.21633122,42.3618871050001
14823,9715822,JAMES COUZENS,GREENFIELD,2016-05-11,11,5,2016,16,4,10,3,,1,0,,1,2,1,30,3,2,5,5,0,0,0,0,true,,false,false,false,false,false,,,,,,false,true,false,,,false,false,false,false,false,-83.20038,42.4427,"{
  ""coordinates"": [
    -8.320038026000000e+01,
    4.244269532400010e+01
  ],
  ""type"": ""Point""
}","{
  ""coordinates"": [
    -83.20038026,
    42.442695324
  ],
  ""type"": ""Point""
}",-83.20038026,42.4426953240001
14824,9715527,GRATIOT,HARPER,2016-05-11,11,5,2016,14,4,8,3,,1,0,,1,1,1,40,3,2,1,5,0,0,0,0,true,,false,false,true,false,false,,,,,,false,false,false,,,false,true,false,false,false,-83.00526,42.39307,"{
  ""coordinates"": [
    -8.300526412100000e+01,
    4.239306656700010e+01
  ],
  ""type"": ""Point""
}","{
  ""coordinates"": [
    -83.005264121,
    42.393066567
  ],
  ""type"": ""Point""
}",-83.005264121,42.3930665670001
14825,9715599,7 MILE,OUTER,2016-05-11,11,5,2016,15,4,8,9,,2,0,,98,1,1,35,4,2,2,5,0,0,0,0,true,,false,false,true,false,false,,,,,,false,false,false,,,false,false,false,false,false,-83.1751,42.43118,"{
  ""coordinates"": [
    -8.317509942500000e+01,
    4.243117472800000e+01
  ],
  ""type"": ""Point""
}","{
  ""coordinates"": [
    -83.175099425,
    42.431174728
  ],
  ""type"": ""Point""
}",-83.175099425,42.431174728
14826,9694936,MACK,CONNER,2016-05-11,11,5,2016,16,4,1,9,,4,0,,1,2,1,30,7,2,0,3,0,0,1,0,false,,false,false,true,false,false,,,,,,true,false,false,,,false,false,false,false,false,-82.96772,42.3837,"{
  ""coordinates"": [
    -8.296771755200000e+01,
    4.238370053700000e+01
  ],
  ""type"": ""Point""
}","{
  ""coordinates"": [
    -82.967717552,
    42.383700537
  ],
  ""type"": ""Point""
}",-82.967717552,42.383700537
14827,9700043,JAMES COUZENS,GREENFIELD,2016-05-11,11,5,2016,7,4,4,3,,1,0,,1,1,1,30,6,2,2,5,0,0,0,0,true,,true,true,false,false,false,,,,,,false,false,true,,,false,false,false,false,false,-83.20038,42.44212,"{
  ""coordinates"": [
    -8.320038024599999e+01,
    4.244211413000000e+01
  ],
  ""type"": ""Point""
}","{
  ""coordinates"": [
    -83.200380246,
    42.44211413
  ],
  ""type"": ""Point""
}",-83.200380246,42.44211413
14828,9706409,SENATOR,LAWNDALE,2016-05-11,11,5,2016,13,4,98,9,,,3,,1,1,1,25,1,2,0,5,0,0,0,0,true,,false,false,true,false,false,,,,,,false,false,false,,,false,false,false,false,false,-83.13141,42.30804,"{
  ""coordinates"": [
    -8.313140668299999e+01,
    4.230803730300000e+01
  ],
  ""type"": ""Point""
}","{
  ""coordinates"": [
    -83.131406683,
    42.308037303
  ],
  ""type"": ""Point""
}",-83.131406683,42.308037303
14829,9697452,M-39,FORD,2016-05-11,11,5,2016,18,4,1,3,,1,1,,1,1,1,55,3,1,2,5,0,0,0,0,true,,false,false,false,false,false,,,,,,false,false,false,,,false,false,false,false,false,-83.21571,42.33352,"{
  ""coordinates"": [
    -8.321570488200000e+01,
    4.233351659800010e+01
  ],
  ""type"": ""Point""
}","{
  ""coordinates"": [
    -83.215704882,
    42.333516598
  ],
  ""type"": ""Point""
}",-83.215704882,42.3335165980001
14830,9696744,DAVISON,LIVERNOIS,2016-05-11,11,5,2016,11,4,5,3,,1,0,,1,1,4,55,3,2,3,5,0,0,0,0,true,,false,false,false,false,false,,,,,,false,false,true,,,false,false,false,false,false,-83.1395,42.38669,"{
  ""coordinates"": [
    -8.313950049399990e+01,
    4.238669116800000e+01
  ],
  ""type"": ""Point""
}","{
  ""coordinates"": [
    -83.139500494,
    42.386691168
  ],
  ""type"": ""Point""
}",-83.1395004939999,42.386691168
14831,9694945,7 MILE,GOULBURN,2016-05-11,11,5,2016,15,4,5,9,,4,0,,1,2,1,30,2,2,3,5,0,0,0,0,true,,false,false,false,false,false,,,,,,false,false,true,,,false,false,false,false,false,-82.99448,42.43471,"{
  ""coordinates"": [
    -8.299448052699999e+01,
    4.243471015800000e+01
  ],
  ""type"": ""Point""
}","{
  ""coordinates"": [
    -82.994480527,
    42.434710158
  ],
  ""type"": ""Point""
}",-82.994480527,42.434710158
14832,9694951,TIREMAN,SCOTTEN,2016-05-11,11,5,2016,11,4,5,9,,4,0,,1,1,1,30,4,2,4,5,0,0,0,0,true,,false,false,false,false,false,,,,,,false,false,true,,,false,false,false,false,false,-83.11251,42.35567,"{
  ""coordinates"": [
    -8.311250778899991e+01,
    4.235566899600010e+01
  ],
  ""type"": ""Point""
}","{
  ""coordinates"": [
    -83.112507789,
    42.355668996
  ],
  ""type"": ""Point""
}",-83.1125077889999,42.3556689960001
14833,9715842,FENKELL,EVERGREEN,2016-05-11,11,5,2016,9,4,8,9,,2,0,,1,2,1,45,6,2,2,5,0,0,0,0,true,,false,false,false,false,false,,,,,,false,true,false,,,false,false,false,false,false,-83.23738,42.40067,"{
  ""coordinates"": [
    -8.323737728600000e+01,
    4.240066854200010e+01
  ],
  ""type"": ""Point""
}","{
  ""coordinates"": [
    -83.237377286,
    42.400668542
  ],
  ""type"": ""Point""
}",-83.237377286,42.4006685420001
14834,9695723,OUTER,LAMONT,2016-05-11,11,5,2016,16,4,4,9,,2,0,,1,1,1,30,2,2,4,5,0,0,0,0,true,,false,false,false,false,false,,,,,,false,false,false,,,false,false,false,false,false,-83.05515,42.44049,"{
  ""coordinates"": [
    -8.305514158299999e+01,
    4.244048721900000e+01
  ],
  ""type"": ""Point""
}","{
  ""coordinates"": [
    -83.055141583,
    42.440487219
  ],
  ""type"": ""Point""
}",-83.055141583,42.440487219
14835,9706582,GLASTONBURY,MCNICHOLS,2016-05-11,11,5,2016,10,4,97,9,,,0,,1,1,1,25,1,2,0,5,0,0,0,0,true,,false,false,true,false,false,,,,,,false,false,false,,,false,false,false,false,false,-83.22275,42.41568,"{
  ""coordinates"": [
    -8.322274710900000e+01,
    4.241568152200010e+01
  ],
  ""type"": ""Point""
}","{
  ""coordinates"": [
    -83.222747109,
    42.415681522
  ],
  ""type"": ""Point""
}",-83.222747109,42.4156815220001
14836,9694943,VAN DYKE,GEORGIA,2016-05-11,11,5,2016,9,4,5,3,,1,0,,1,1,1,0,3,2,3,4,0,0,0,1,false,,false,false,false,true,true,,,,,,false,false,false,,,false,false,false,false,false,-83.02267,42.39334,"{
  ""coordinates"": [
    -8.302267735399990e+01,
    4.239333936500000e+01
  ],
  ""type"": ""Point""
}","{
  ""coordinates"": [
    -83.022677354,
    42.393339365
  ],
  ""type"": ""Point""
}",-83.0226773539999,42.393339365
14837,9698248,I-96,M-39,2016-05-11,11,5,2016,17,4,5,1,,1,0,,1,2,1,55,3,2,1,5,0,0,0,0,true,,false,false,true,false,false,,,,,,false,false,false,,,false,false,false,false,false,-83.22679,42.37786,"{
  ""coordinates"": [
    -8.322679519000000e+01,
    4.237786565400010e+01
  ],
  ""type"": ""Point""
}","{
  ""coordinates"": [
    -83.22679519,
    42.377865654
  ],
  ""type"": ""Point""
}",-83.22679519,42.3778656540001
14838,9699986,I-75,OUTER,2016-05-11,11,5,2016,4,4,1,1,,1,1,,1,2,4,70,3,1,2,4,0,0,0,1,false,,false,false,false,false,false,,,,,,false,false,false,,,false,false,false,false,false,-83.09495,42.4403,"{
  ""coordinates"": [
    -8.309494833100000e+01,
    4.244029848900000e+01
  ],
  ""type"": ""Point""
}","{
  ""coordinates"": [
    -83.094948331,
    42.440298489
  ],
  ""type"": ""Point""
}",-83.094948331,42.440298489
14839,9696735,CHRYSLER,CLAY/S I 75 RAMP,2016-05-11,11,5,2016,4,4,4,1,,1,0,,1,1,4,35,3,2,2,5,0,0,0,0,true,,true,true,true,false,false,,,,,,false,false,false,,,false,false,false,false,false,-83.06153,42.37632,"{
  ""coordinates"": [
    -8.306152984300000e+01,
    4.237632145900010e+01
  ],
  ""type"": ""Point""
}","{
  ""coordinates"": [
    -83.061529843,
    42.376321459
  ],
  ""type"": ""Point""
}",-83.061529843,42.3763214590001
14840,9694928,S M 39 SERVICE DRIVE,JOY,2016-05-11,11,5,2016,1,4,1,9,,4,1,,1,1,4,35,2,1,1,5,0,0,0,0,true,,false,false,false,true,false,,,,,,false,false,false,,,false,false,false,false,false,-83.2169,42.35782,"{
  ""coordinates"": [
    -8.321689835699991e+01,
    4.235782123800000e+01
  ],
  ""type"": ""Point""
}","{
  ""coordinates"": [
    -83.216898357,
    42.357821238
  ],
  ""type"": ""Point""
}",-83.2168983569999,42.357821238
14841,9705023,BRETTON,OUTER,2016-05-11,11,5,2016,12,4,4,9,,,0,,1,1,1,35,4,2,2,5,0,0,0,0,true,,true,false,false,false,false,,,,,,false,false,true,,,false,false,false,false,false,-83.23159,42.40926,"{
  ""coordinates"": [
    -8.323159235900000e+01,
    4.240925622700010e+01
  ],
  ""type"": ""Point""
}","{
  ""coordinates"": [
    -83.231592359,
    42.409256227
  ],
  ""type"": ""Point""
}",-83.231592359,42.4092562270001
14842,9700070,WILLIS,CASS,2016-05-11,11,5,2016,15,4,9,9,,,0,,1,2,1,30,2,2,2,5,0,0,0,0,true,,false,false,false,false,false,,,,,,false,false,true,,,false,false,false,false,false,-83.0635,42.35051,"{
  ""coordinates"": [
    -8.306350208700000e+01,
    4.235050753300000e+01
  ],
  ""type"": ""Point""
}","{
  ""coordinates"": [
    -83.063502087,
    42.350507533
  ],
  ""type"": ""Point""
}",-83.063502087,42.350507533
14843,9706486,BERKSHIRE,CORNWALL,2016-05-11,11,5,2016,14,4,10,9,,,0,,1,2,1,25,2,2,1,5,0,0,0,0,true,,false,false,false,false,false,,,,,,false,false,true,,,false,false,false,false,false,-82.94389,42.39928,"{
  ""coordinates"": [
    -8.294389144900001e+01,
    4.239927726500010e+01
  ],
  ""type"": ""Point""
}","{
  ""coordinates"": [
    -82.943891449,
    42.399277265
  ],
  ""type"": ""Point""
}",-82.943891449,42.3992772650001
14844,9722046,S I 75,PIQUETTE,2016-05-11,11,5,2016,0,4,1,1,,1,1,,2,4,4,70,3,1,1,5,0,0,0,0,true,,false,false,false,false,false,,,,,,false,false,false,,,false,false,false,false,false,-83.05952,42.37185,"{
  ""coordinates"": [
    -8.305951947999991e+01,
    4.237184793200000e+01
  ],
  ""type"": ""Point""
}","{
  ""coordinates"": [
    -83.05951948,
    42.371847932
  ],
  ""type"": ""Point""
}",-83.0595194799999,42.371847932
14845,9695724,PACKARD,EMERY,2016-05-11,11,5,2016,18,4,4,9,,,0,,1,1,1,25,1,2,2,4,0,0,0,1,false,,false,false,false,false,false,,,,,,false,false,true,,,false,false,false,false,false,-83.02736,42.43596,"{
  ""coordinates"": [
    -8.302735950999990e+01,
    4.243595323900010e+01
  ],
  ""type"": ""Point""
}","{
  ""coordinates"": [
    -83.02735951,
    42.435953239
  ],
  ""type"": ""Point""
}",-83.0273595099999,42.4359532390001
14846,9715485,I-75,LIVERNOIS,2016-05-11,11,5,2016,17,4,5,1,,1,0,,1,2,1,55,4,2,1,5,0,0,0,0,true,,false,false,true,false,false,,,,,,false,false,false,,,false,false,false,false,false,-83.10473,42.30723,"{
  ""coordinates"": [
    -8.310473219399999e+01,
    4.230722701700010e+01
  ],
  ""type"": ""Point""
}","{
  ""coordinates"": [
    -83.104732194,
    42.307227017
  ],
  ""type"": ""Point""
}",-83.104732194,42.3072270170001
14847,9715589,GRAYTON,MCKINNEY,2016-05-11,11,5,2016,17,4,1,9,,,0,,1,1,1,25,2,1,1,5,0,0,0,0,true,,false,false,false,false,false,,,,,,false,false,true,,,false,false,false,false,false,-82.94497,42.41838,"{
  ""coordinates"": [
    -8.294496886000000e+01,
    4.241838569500000e+01
  ],
  ""type"": ""Point""
}","{
  ""coordinates"": [
    -82.94496886,
    42.418385695
  ],
  ""type"": ""Point""
}",-82.94496886,42.418385695
14848,9694955,GREENFIELD,8 MILE,2016-05-11,11,5,2016,6,4,4,7,,1,0,,1,1,1,30,6,2,2,5,0,0,0,0,true,,false,false,false,false,false,,,,,,false,false,true,,,false,false,false,false,false,-83.20051,42.44479,"{
  ""coordinates"": [
    -8.320051184600000e+01,
    4.244478560700000e+01
  ],
  ""type"": ""Point""
}","{
  ""coordinates"": [
    -83.200511846,
    42.444785607
  ],
  ""type"": ""Point""
}",-83.200511846,42.444785607
14849,9715441,I-75,SCHAEFER,2016-05-11,11,5,2016,21,4,8,1,,1,0,,1,2,1,70,4,2,2,5,0,0,0,0,true,,false,false,false,false,false,,,,,,false,false,true,,,false,false,false,false,false,-83.14948,42.28203,"{
  ""coordinates"": [
    -8.314948091299991e+01,
    4.228203245100010e+01
  ],
  ""type"": ""Point""
}","{
  ""coordinates"": [
    -83.149480913,
    42.282032451
  ],
  ""type"": ""Point""
}",-83.1494809129999,42.2820324510001
14850,9694938,LARNED,RANDOLPH,2016-05-11,11,5,2016,17,4,8,3,,4,0,,1,1,1,0,3,2,2,5,0,0,0,0,true,,false,false,false,false,false,,,,,,false,false,false,,,false,false,false,false,false,-83.04249,42.3306,"{
  ""coordinates"": [
    -8.304248987600000e+01,
    4.233060014500010e+01
  ],
  ""type"": ""Point""
}","{
  ""coordinates"": [
    -83.042489876,
    42.330600145
  ],
  ""type"": ""Point""
}",-83.042489876,42.3306001450001
14851,9695691,WARREN,WABASH,2016-05-11,11,5,2016,14,4,8,9,,4,0,,1,2,1,25,4,2,3,5,0,0,0,0,true,,false,false,false,false,false,,,,,,false,false,false,,,false,false,false,false,false,-83.08549,42.34996,"{
  ""coordinates"": [
    -8.308548726100000e+01,
    4.234995973200010e+01
  ],
  ""type"": ""Point""
}","{
  ""coordinates"": [
    -83.085487261,
    42.349959732
  ],
  ""type"": ""Point""
}",-83.085487261,42.3499597320001
14852,9715440,S M 39,GRAND RIVER,2016-05-11,11,5,2016,9,4,5,3,,1,0,,1,1,1,55,3,3,3,5,0,0,0,0,true,,false,false,false,false,false,,,,,,false,false,false,,,false,false,false,false,false,-83.21838,42.4009,"{
  ""coordinates"": [
    -8.321837694399990e+01,
    4.240089836800010e+01
  ],
  ""type"": ""Point""
}","{
  ""coordinates"": [
    -83.218376944,
    42.400898368
  ],
  ""type"": ""Point""
}",-83.2183769439999,42.4008983680001
14853,9706289,LARNED,RANDOLPH,2016-05-11,11,5,2016,17,4,8,3,,4,0,,1,2,1,25,2,2,3,5,0,0,0,0,true,,false,false,false,false,false,,,,,,false,false,false,,,false,false,false,false,false,-83.04272,42.3305,"{
  ""coordinates"": [
    -8.304272115600000e+01,
    4.233049664400000e+01
  ],
  ""type"": ""Point""
}","{
  ""coordinates"": [
    -83.042721156,
    42.330496644
  ],
  ""type"": ""Point""
}",-83.042721156,42.330496644
14854,9715732,DAVISON,STOEPEL,2016-05-11,11,5,2016,17,4,5,3,,1,0,,1,1,1,35,3,2,3,5,0,0,0,0,true,,false,false,false,false,false,,,,,,false,false,false,,,false,false,false,false,false,-83.14061,42.38663,"{
  ""coordinates"": [
    -8.314060610500000e+01,
    4.238662616400010e+01
  ],
  ""type"": ""Point""
}","{
  ""coordinates"": [
    -83.140606105,
    42.386626164
  ],
  ""type"": ""Point""
}",-83.140606105,42.3866261640001
14855,9695689,JOHN R,PALMER,2016-05-11,11,5,2016,12,4,4,9,,4,0,,1,2,1,25,3,2,1,5,0,0,0,0,true,,false,false,true,false,false,,,,,,false,false,true,,,false,false,false,false,false,-83.06566,42.36296,"{
  ""coordinates"": [
    -8.306566110499990e+01,
    4.236295651600010e+01
  ],
  ""type"": ""Point""
}","{
  ""coordinates"": [
    -83.065661105,
    42.362956516
  ],
  ""type"": ""Point""
}",-83.0656611049999,42.3629565160001
14856,9694952,RYAN,OUTER,2016-05-11,11,5,2016,12,4,9,9,,4,0,,1,1,1,25,4,2,2,4,0,0,0,1,false,,false,false,false,false,false,,,,,,false,false,true,,,false,false,false,false,false,-83.06355,42.44033,"{
  ""coordinates"": [
    -8.306354575800000e+01,
    4.244032674200000e+01
  ],
  ""type"": ""Point""
}","{
  ""coordinates"": [
    -83.063545758,
    42.440326742
  ],
  ""type"": ""Point""
}",-83.063545758,42.440326742
14857,9694947,GRATIOT,YOUNG,2016-05-11,11,5,2016,17,4,3,3,,1,0,,1,1,1,35,7,2,4,4,0,0,0,2,false,,false,false,false,false,false,,,,,,false,false,false,,,false,false,false,false,false,-82.98518,42.42371,"{
  ""coordinates"": [
    -8.298518010100000e+01,
    4.242371075400010e+01
  ],
  ""type"": ""Point""
}","{
  ""coordinates"": [
    -82.985180101,
    42.423710754
  ],
  ""type"": ""Point""
}",-82.985180101,42.4237107540001
14858,9706442,WOODMERE,MANDALE,2016-05-11,11,5,2016,23,4,97,9,,4,1,,1,1,5,25,2,1,0,5,0,0,0,0,true,,false,false,true,false,false,,,,,,false,false,false,,,false,false,false,false,false,-83.13676,42.30489,"{
  ""coordinates"": [
    -8.313675548799991e+01,
    4.230488764300000e+01
  ],
  ""type"": ""Point""
}","{
  ""coordinates"": [
    -83.136755488,
    42.304887643
  ],
  ""type"": ""Point""
}",-83.1367554879999,42.304887643
14859,9706404,MICHIGAN,MARTIN,2016-05-11,11,5,2016,10,4,5,2,,1,0,,1,2,1,30,8,2,2,5,0,0,0,0,true,,false,false,false,false,false,,,,,,false,false,true,,,false,false,false,false,false,-83.12755,42.33115,"{
  ""coordinates"": [
    -8.312754482799990e+01,
    4.233114464800010e+01
  ],
  ""type"": ""Point""
}","{
  ""coordinates"": [
    -83.127544828,
    42.331144648
  ],
  ""type"": ""Point""
}",-83.1275448279999,42.3311446480001
14860,9695694,SECOND,GRANDRIVER,2016-05-11,11,5,2016,15,4,4,1,,4,0,,1,2,1,25,7,2,2,5,0,0,0,0,true,,false,false,false,false,false,,,,,,false,true,false,,,false,false,false,false,false,-83.05865,42.3372,"{
  ""coordinates"": [
    -8.305865666100000e+01,
    4.233720101400010e+01
  ],
  ""type"": ""Point""
}","{
  ""coordinates"": [
    -83.058656661,
    42.337201014
  ],
  ""type"": ""Point""
}",-83.058656661,42.3372010140001
14861,9694949,LA SALLE,CLEMENTS,2016-05-11,11,5,2016,21,4,4,9,,,0,,1,1,3,25,4,2,2,4,0,0,0,1,false,,true,false,false,true,false,,,,,,false,false,false,,,false,false,false,false,false,-83.11969,42.39492,"{
  ""coordinates"": [
    -8.311968638699990e+01,
    4.239492605800010e+01
  ],
  ""type"": ""Point""
}","{
  ""coordinates"": [
    -83.119686387,
    42.394926058
  ],
  ""type"": ""Point""
}",-83.1196863869999,42.3949260580001
14862,9715733,LIVERNOIS,MCNICHOLS,2016-05-11,11,5,2016,18,4,98,9,,4,0,,1,1,1,35,2,2,2,5,0,0,0,0,true,,false,false,false,false,false,,,,,,false,true,false,,,false,false,false,false,false,-83.14071,42.4171,"{
  ""coordinates"": [
    -8.314071024099999e+01,
    4.241710381800000e+01
  ],
  ""type"": ""Point""
}","{
  ""coordinates"": [
    -83.140710241,
    42.417103818
  ],
  ""type"": ""Point""
}",-83.140710241,42.417103818
14863,9715843,LIVERNOIS,CURTIS,2016-05-11,11,5,2016,18,4,8,9,,4,0,,1,1,1,30,3,2,3,5,0,0,0,0,true,,false,false,false,false,false,,,,,,false,true,false,,,false,false,false,false,false,-83.14106,42.42467,"{
  ""coordinates"": [
    -8.314105735100000e+01,
    4.242467285600000e+01
  ],
  ""type"": ""Point""
}","{
  ""coordinates"": [
    -83.141057351,
    42.424672856
  ],
  ""type"": ""Point""
}",-83.141057351,42.424672856
14864,9715550,MCNICHOLS,SOUTHFIELD SERVICE DRIVE,2016-05-11,11,5,2016,7,4,98,9,,2,0,,1,1,1,35,6,2,6,4,0,0,0,1,false,,false,false,true,false,false,,,,,,false,false,false,,,false,false,false,false,false,-83.21922,42.41553,"{
  ""coordinates"": [
    -8.321921762200000e+01,
    4.241553666500000e+01
  ],
  ""type"": ""Point""
}","{
  ""coordinates"": [
    -83.219217622,
    42.415536665
  ],
  ""type"": ""Point""
}",-83.219217622,42.415536665
14865,9697570,GRATIOT,KNODELL,2016-05-11,11,5,2016,18,4,5,3,,1,0,,1,1,1,35,3,3,6,5,0,0,0,0,true,,false,false,false,false,false,,,,,,false,false,true,,,false,false,false,false,false,-83.00121,42.39922,"{
  ""coordinates"": [
    -8.300121045799990e+01,
    4.239921804000010e+01
  ],
  ""type"": ""Point""
}","{
  ""coordinates"": [
    -83.001210458,
    42.39921804
  ],
  ""type"": ""Point""
}",-83.0012104579999,42.3992180400001
14866,9696727,14TH,HUDSON,2016-05-11,11,5,2016,18,4,8,9,,4,0,,1,1,1,0,4,2,2,5,0,0,0,0,true,,false,false,false,false,false,,,,,,false,false,false,,,false,false,false,false,false,-83.08984,42.35483,"{
  ""coordinates"": [
    -8.308983550200000e+01,
    4.235483239300000e+01
  ],
  ""type"": ""Point""
}","{
  ""coordinates"": [
    -83.089835502,
    42.354832393
  ],
  ""type"": ""Point""
}",-83.089835502,42.354832393
14867,9715731,LASALLE,PASADENA,2016-05-11,11,5,2016,15,4,97,9,,,0,,1,1,1,25,2,2,1,5,0,0,0,0,true,,false,false,true,false,false,,,,,,false,false,false,,,false,false,false,false,false,-83.12066,42.39637,"{
  ""coordinates"": [
    -8.312065858499990e+01,
    4.239637088400010e+01
  ],
  ""type"": ""Point""
}","{
  ""coordinates"": [
    -83.120658585,
    42.396370884
  ],
  ""type"": ""Point""
}",-83.1206585849999,42.3963708840001
14868,9696719,GRIGGS,SANTA MARIA,2016-05-11,11,5,2016,6,4,4,9,,,0,,1,1,1,25,2,2,2,4,0,0,0,1,false,,false,false,true,false,false,,,,,,false,false,false,,,false,false,false,false,false,-83.16366,42.41866,"{
  ""coordinates"": [
    -8.316365855399989e+01,
    4.241866399500000e+01
  ],
  ""type"": ""Point""
}","{
  ""coordinates"": [
    -83.163658554,
    42.418663995
  ],
  ""type"": ""Point""
}",-83.1636585539999,42.418663995
14869,9694958,LIVERNOIS,MARGARETA,2016-05-11,11,5,2016,16,4,1,9,,4,0,,1,1,1,30,2,2,1,4,0,0,0,1,false,,true,true,true,false,false,,,,,,true,false,false,,,false,false,false,false,false,-83.14119,42.42799,"{
  ""coordinates"": [
    -8.314119241600000e+01,
    4.242799057000010e+01
  ],
  ""type"": ""Point""
}","{
  ""coordinates"": [
    -83.141192416,
    42.42799057
  ],
  ""type"": ""Point""
}",-83.141192416,42.4279905700001
14870,9715761,WEBB,JOHN C LODGE S/D,2016-05-11,11,5,2016,17,4,3,3,,1,0,,1,2,1,30,2,2,7,4,0,0,0,1,false,,false,false,false,false,false,,,,,,false,false,true,,,false,false,false,false,false,-83.10096,42.3858,"{
  ""coordinates"": [
    -8.310095670000000e+01,
    4.238580236700010e+01
  ],
  ""type"": ""Point""
}","{
  ""coordinates"": [
    -83.1009567,
    42.385802367
  ],
  ""type"": ""Point""
}",-83.1009567,42.3858023670001