ObjectId,Crash ID,Primary Road,Intersecting Road,Crash Date,Day,Month,Year,Hour,Weekday,Crash Type Code,Highway Classification Code,Community Code,Jurisdiction Code,Lane Departure Type Code,Surface Type,Road Condition,Weather Condition,Lighting Condition,Speed Limit,Lanes,Units,Occupants,Most Severe Injury,Fatal Injuries,Suspected Serious Injuries,Suspected Minor Injuries,Possible Injuries,Property Damage Only,Secondary Crash,Traffic Control,Red Light Run,Hit and Run,Alcohol,Drugs,Unbelted Person,Work Zone,Speeding Driver,Distracted Driver,Driveway,Pedestrian,Elderly Driver,Young Driver,Commercial Vehicle,Emergency Vehicles,Train,School Bus,Motorcycle,Bicycle,Deer,Longitude,Latitude,geom,geog,x,y
14871,9694933,MACK,BEAUBIEN,2016-05-11,11,5,2016,12,4,5,9,,4,0,,1,2,1,30,6,2,2,5,0,0,0,0,true,,false,false,false,false,false,,,,,,false,false,true,,,false,false,false,false,false,-83.05224,42.34976,"{
  ""coordinates"": [
    -8.305223617099990e+01,
    4.234975643300000e+01
  ],
  ""type"": ""Point""
}","{
  ""coordinates"": [
    -83.052236171,
    42.349756433
  ],
  ""type"": ""Point""
}",-83.0522361709999,42.349756433
14872,9715468,W I 94,RAMP 221B,2016-05-11,11,5,2016,12,4,5,1,,1,0,,1,2,1,55,3,2,1,5,0,0,0,0,true,,false,false,true,false,false,,,,,,false,false,false,,,false,false,false,false,false,-82.96601,42.40331,"{
  ""coordinates"": [
    -8.296600780300000e+01,
    4.240330753800000e+01
  ],
  ""type"": ""Point""
}","{
  ""coordinates"": [
    -82.966007803,
    42.403307538
  ],
  ""type"": ""Point""
}",-82.966007803,42.403307538
14873,9694934,BEAUBIEN,GRAND,2016-05-11,11,5,2016,18,4,98,9,,4,0,,1,2,1,30,5,2,3,4,0,0,0,1,false,,false,false,false,false,false,,,,,,false,false,false,,,false,false,false,false,false,-83.06744,42.37237,"{
  ""coordinates"": [
    -8.306743427600000e+01,
    4.237236786600000e+01
  ],
  ""type"": ""Point""
}","{
  ""coordinates"": [
    -83.067434276,
    42.372367866
  ],
  ""type"": ""Point""
}",-83.067434276,42.372367866
14874,9706573,CHAPEL,VERNE,2016-05-11,11,5,2016,16,4,1,9,,,0,,1,2,1,25,2,1,1,4,0,0,0,1,false,,false,false,false,false,false,,,,,,false,false,false,,,false,false,false,false,false,-83.25368,42.41125,"{
  ""coordinates"": [
    -8.325367569799990e+01,
    4.241125026100010e+01
  ],
  ""type"": ""Point""
}","{
  ""coordinates"": [
    -83.253675698,
    42.411250261
  ],
  ""type"": ""Point""
}",-83.2536756979999,42.4112502610001
14875,9715467,M-39,FENKELL,2016-05-11,11,5,2016,9,4,5,3,,1,0,,1,1,1,55,3,2,2,5,0,0,0,0,true,,false,false,false,false,false,,,,,,false,false,false,,,false,false,false,false,false,-83.21835,42.40249,"{
  ""coordinates"": [
    -8.321834809700000e+01,
    4.240248860000000e+01
  ],
  ""type"": ""Point""
}","{
  ""coordinates"": [
    -83.218348097,
    42.4024886
  ],
  ""type"": ""Point""
}",-83.218348097,42.4024886
14876,9715423,S M 39,FENKELL,2016-05-10,10,5,2016,4,3,8,3,,1,0,,2,4,4,55,3,2,3,4,0,0,0,1,false,,false,false,false,false,false,,,,,,false,false,false,,,false,false,false,false,false,-83.21838,42.40102,"{
  ""coordinates"": [
    -8.321837707200000e+01,
    4.240101597700000e+01
  ],
  ""type"": ""Point""
}","{
  ""coordinates"": [
    -83.218377072,
    42.401015977
  ],
  ""type"": ""Point""
}",-83.218377072,42.401015977
14877,9699763,M-39,JOY,2016-05-10,10,5,2016,15,3,97,3,,1,0,,2,4,1,55,3,3,3,4,0,0,0,1,false,,false,false,false,false,false,,,,,,false,false,false,,,false,false,false,false,false,-83.2164,42.35812,"{
  ""coordinates"": [
    -8.321640087700000e+01,
    4.235812259100000e+01
  ],
  ""type"": ""Point""
}","{
  ""coordinates"": [
    -83.216400877,
    42.358122591
  ],
  ""type"": ""Point""
}",-83.216400877,42.358122591
14878,9715774,8 MILE,SYRACUSE,2016-05-10,10,5,2016,16,3,5,3,,1,0,,2,4,1,40,3,3,2,4,0,0,0,1,false,,false,false,false,false,false,,,,,,false,false,false,,,false,false,false,false,false,-83.04619,42.4477,"{
  ""coordinates"": [
    -8.304619039999990e+01,
    4.244769885500010e+01
  ],
  ""type"": ""Point""
}","{
  ""coordinates"": [
    -83.0461904,
    42.447698855
  ],
  ""type"": ""Point""
}",-83.0461903999999,42.4476988550001
14879,9715449,E I 94,HARPER,2016-05-10,10,5,2016,11,3,8,1,,1,0,,1,2,1,55,3,2,1,5,0,0,0,0,true,,false,false,true,false,false,,,,,,false,false,false,,,false,false,false,false,false,-82.94825,42.40906,"{
  ""coordinates"": [
    -8.294824627900000e+01,
    4.240905820400010e+01
  ],
  ""type"": ""Point""
}","{
  ""coordinates"": [
    -82.948246279,
    42.409058204
  ],
  ""type"": ""Point""
}",-82.948246279,42.4090582040001
14880,9715759,DAVISON,LINWOOD,2016-05-10,10,5,2016,15,3,4,3,,1,0,,1,4,1,35,3,2,1,5,0,0,0,0,true,,false,false,true,false,false,,,,,,false,false,false,,,false,false,false,false,false,-83.12302,42.39264,"{
  ""coordinates"": [
    -8.312302142000000e+01,
    4.239264386500000e+01
  ],
  ""type"": ""Point""
}","{
  ""coordinates"": [
    -83.12302142,
    42.392643865
  ],
  ""type"": ""Point""
}",-83.12302142,42.392643865
14881,9695681,MELVILLE,END,2016-05-10,10,5,2016,21,3,97,9,,,0,,1,2,4,25,2,2,1,3,0,0,1,0,false,,false,false,false,false,false,,,,,,false,false,false,,,true,false,false,false,false,-83.11568,42.29653,"{
  ""coordinates"": [
    -8.311567620400000e+01,
    4.229652747100000e+01
  ],
  ""type"": ""Point""
}","{
  ""coordinates"": [
    -83.115676204,
    42.296527471
  ],
  ""type"": ""Point""
}",-83.115676204,42.296527471
14882,9694069,WOODWARD,WOODLAND,2016-05-10,10,5,2016,23,3,4,3,,1,0,,2,1,4,35,2,2,3,5,0,0,0,0,true,,false,false,false,false,false,,,,,,false,false,false,,,false,false,false,false,false,-83.08839,42.39271,"{
  ""coordinates"": [
    -8.308839260100000e+01,
    4.239271048500010e+01
  ],
  ""type"": ""Point""
}","{
  ""coordinates"": [
    -83.088392601,
    42.392710485
  ],
  ""type"": ""Point""
}",-83.088392601,42.3927104850001
14883,9700069,WARREN,15TH,2016-05-10,10,5,2016,17,3,5,9,,4,0,,2,2,1,30,3,2,3,5,0,0,0,0,true,,false,false,false,false,false,,,,,,false,false,false,,,false,false,false,false,false,-83.08785,42.34921,"{
  ""coordinates"": [
    -8.308785442600001e+01,
    4.234921316300010e+01
  ],
  ""type"": ""Point""
}","{
  ""coordinates"": [
    -83.087854426,
    42.349213163
  ],
  ""type"": ""Point""
}",-83.087854426,42.3492131630001
14884,9694956,LIVERNOIS,MCNICHOLS,2016-05-10,10,5,2016,15,3,5,9,,4,0,,2,4,1,30,2,2,2,4,0,0,0,1,false,,false,false,false,false,false,,,,,,false,false,false,,,false,false,false,false,false,-83.14095,42.41714,"{
  ""coordinates"": [
    -8.314094217099991e+01,
    4.241714547600000e+01
  ],
  ""type"": ""Point""
}","{
  ""coordinates"": [
    -83.140942171,
    42.417145476
  ],
  ""type"": ""Point""
}",-83.1409421709999,42.417145476
14885,9706419,LAWNDALE,CHAMBERLAIN,2016-05-10,10,5,2016,12,3,8,9,,4,0,,1,2,1,25,4,2,1,5,0,0,0,0,true,,false,false,true,false,false,,,,,,false,false,false,,,false,false,false,false,false,-83.1272,42.30148,"{
  ""coordinates"": [
    -8.312720543300000e+01,
    4.230147844900010e+01
  ],
  ""type"": ""Point""
}","{
  ""coordinates"": [
    -83.127205433,
    42.301478449
  ],
  ""type"": ""Point""
}",-83.127205433,42.3014784490001
14886,9694946,ROCHELLE,CHALMERS,2016-05-10,10,5,2016,11,3,4,9,,,0,,1,2,1,25,3,2,2,5,0,0,0,0,true,,false,false,true,false,false,,,,,,false,false,false,,,false,false,false,false,false,-82.97492,42.42305,"{
  ""coordinates"": [
    -8.297492200700000e+01,
    4.242304642900010e+01
  ],
  ""type"": ""Point""
}","{
  ""coordinates"": [
    -82.974922007,
    42.423046429
  ],
  ""type"": ""Point""
}",-82.974922007,42.4230464290001
14887,9715465,I 94,LONYO,2016-05-10,10,5,2016,15,3,5,1,,1,0,,2,4,1,55,3,3,3,5,0,0,0,0,true,,false,false,false,false,false,,,,,,false,true,true,,,false,false,false,false,false,-83.14467,42.33131,"{
  ""coordinates"": [
    -8.314466500600000e+01,
    4.233131153100000e+01
  ],
  ""type"": ""Point""
}","{
  ""coordinates"": [
    -83.144665006,
    42.331311531
  ],
  ""type"": ""Point""
}",-83.144665006,42.331311531
14888,9715730,DAVISON,PETOSKEY,2016-05-10,10,5,2016,17,3,6,3,,1,0,,2,4,1,35,4,2,2,5,0,0,0,0,true,,false,false,true,false,false,,,,,,false,false,false,,,false,false,false,false,false,-83.13536,42.38804,"{
  ""coordinates"": [
    -8.313536356299990e+01,
    4.238804236400010e+01
  ],
  ""type"": ""Point""
}","{
  ""coordinates"": [
    -83.135363563,
    42.388042364
  ],
  ""type"": ""Point""
}",-83.1353635629999,42.3880423640001
14889,9715448,W I 94,RAMP 216I,2016-05-10,10,5,2016,10,3,5,1,,1,0,,1,2,1,0,2,2,2,5,0,0,0,0,true,,false,false,false,false,false,,,,,,false,false,false,,,false,false,false,false,false,-83.06226,42.36665,"{
  ""coordinates"": [
    -8.306226347700000e+01,
    4.236664885000000e+01
  ],
  ""type"": ""Point""
}","{
  ""coordinates"": [
    -83.062263477,
    42.36664885
  ],
  ""type"": ""Point""
}",-83.062263477,42.36664885
14890,9715816,KENTUCKY,PICKFORD,2016-05-10,10,5,2016,10,3,8,9,,,0,,1,1,1,25,1,2,4,5,0,0,0,0,true,,false,false,false,false,false,,,,,,false,false,false,,,false,false,false,false,false,-83.1597,42.42594,"{
  ""coordinates"": [
    -8.315970166800000e+01,
    4.242593981600000e+01
  ],
  ""type"": ""Point""
}","{
  ""coordinates"": [
    -83.159701668,
    42.425939816
  ],
  ""type"": ""Point""
}",-83.159701668,42.425939816
14891,9694065,JEFFERSON,WOODWARD,2016-05-10,10,5,2016,13,3,98,3,,1,0,,2,1,1,0,3,2,2,5,0,0,0,0,true,,false,false,false,false,false,,,,,,false,false,false,,,false,false,false,false,false,-83.04453,42.32886,"{
  ""coordinates"": [
    -8.304452450900000e+01,
    4.232885576000010e+01
  ],
  ""type"": ""Point""
}","{
  ""coordinates"": [
    -83.044524509,
    42.32885576
  ],
  ""type"": ""Point""
}",-83.044524509,42.3288557600001
14892,9715762,8 MILE,VAN DYKE,2016-05-10,10,5,2016,16,3,5,3,,1,0,,2,1,1,35,4,2,2,5,0,0,0,0,true,,false,false,true,false,false,,,,,,false,false,false,,,false,false,false,false,false,-83.02473,42.44816,"{
  ""coordinates"": [
    -8.302473580600000e+01,
    4.244815751300010e+01
  ],
  ""type"": ""Point""
}","{
  ""coordinates"": [
    -83.024735806,
    42.448157513
  ],
  ""type"": ""Point""
}",-83.024735806,42.4481575130001
14893,9696722,MCNICHOLS,STANSBURY,2016-05-10,10,5,2016,16,3,5,9,,2,0,,2,4,1,35,4,2,1,5,0,0,0,0,true,,false,false,false,false,false,,,,,,false,true,false,,,false,false,false,false,false,-83.18325,42.41655,"{
  ""coordinates"": [
    -8.318325163500000e+01,
    4.241654793500000e+01
  ],
  ""type"": ""Point""
}","{
  ""coordinates"": [
    -83.183251635,
    42.416547935
  ],
  ""type"": ""Point""
}",-83.183251635,42.416547935
14894,9694939,MOROSS,E I 94,2016-05-10,10,5,2016,8,3,4,9,,2,0,,1,1,1,35,6,2,2,5,0,0,0,0,true,,false,false,false,false,false,,,,,,false,false,false,,,false,false,false,false,false,-82.92835,42.42462,"{
  ""coordinates"": [
    -8.292835157099999e+01,
    4.242462055500000e+01
  ],
  ""type"": ""Point""
}","{
  ""coordinates"": [
    -82.928351571,
    42.424620555
  ],
  ""type"": ""Point""
}",-82.928351571,42.424620555
14895,9699764,DAVISON LOCAL,I-75,2016-05-10,10,5,2016,16,3,5,3,,1,0,,2,4,1,55,2,2,3,5,0,0,0,0,true,,false,false,false,false,false,,,,,,false,false,false,,,false,false,false,false,false,-83.07826,42.40895,"{
  ""coordinates"": [
    -8.307826230500000e+01,
    4.240895036700000e+01
  ],
  ""type"": ""Point""
}","{
  ""coordinates"": [
    -83.078262305,
    42.408950367
  ],
  ""type"": ""Point""
}",-83.078262305,42.408950367
14896,9715707,DAVISON,PETOSKEY,2016-05-10,10,5,2016,17,3,9,3,,1,2,,1,2,1,35,7,3,3,2,0,1,0,0,false,,false,false,false,false,false,,,,,,false,false,true,,,false,false,false,false,false,-83.13437,42.3884,"{
  ""coordinates"": [
    -8.313437221200000e+01,
    4.238840659000000e+01
  ],
  ""type"": ""Point""
}","{
  ""coordinates"": [
    -83.134372212,
    42.38840659
  ],
  ""type"": ""Point""
}",-83.134372212,42.38840659
14897,9706485,HARPER,GRAYTON,2016-05-10,10,5,2016,16,3,9,9,,4,0,,2,4,1,30,2,3,2,5,0,0,0,0,true,,false,false,false,false,false,,,,,,false,false,false,,,false,false,false,false,false,-82.93859,42.41527,"{
  ""coordinates"": [
    -8.293859457500000e+01,
    4.241527253300010e+01
  ],
  ""type"": ""Point""
}","{
  ""coordinates"": [
    -82.938594575,
    42.415272533
  ],
  ""type"": ""Point""
}",-82.938594575,42.4152725330001
14898,9694077,OUTER,CONANT,2016-05-10,10,5,2016,14,3,5,9,,2,0,,2,4,1,0,2,2,2,5,0,0,0,0,true,,false,false,true,false,false,,,,,,false,false,false,,,false,false,false,false,false,-83.07895,42.44027,"{
  ""coordinates"": [
    -8.307894786400000e+01,
    4.244026728100000e+01
  ],
  ""type"": ""Point""
}","{
  ""coordinates"": [
    -83.078947864,
    42.440267281
  ],
  ""type"": ""Point""
}",-83.078947864,42.440267281
14899,9706388,FORT,12TH,2016-05-10,10,5,2016,16,3,98,3,,1,0,,2,4,1,35,4,2,2,5,0,0,0,0,true,,false,false,false,false,false,,,,,,false,false,false,,,false,false,false,false,false,-83.06707,42.32225,"{
  ""coordinates"": [
    -8.306707246900000e+01,
    4.232225119300010e+01
  ],
  ""type"": ""Point""
}","{
  ""coordinates"": [
    -83.067072469,
    42.322251193
  ],
  ""type"": ""Point""
}",-83.067072469,42.3222511930001
14900,9694066,WARREN,SAINT ANTOINE,2016-05-10,10,5,2016,11,3,5,9,,4,0,,1,2,1,30,4,2,1,5,0,0,0,0,true,,false,false,true,false,false,,,,,,false,false,true,,,false,false,false,false,false,-83.0569,42.35986,"{
  ""coordinates"": [
    -8.305690050299999e+01,
    4.235985780100000e+01
  ],
  ""type"": ""Point""
}","{
  ""coordinates"": [
    -83.056900503,
    42.359857801
  ],
  ""type"": ""Point""
}",-83.056900503,42.359857801
14901,9699999,LIVERNOIS,8 MILE,2016-05-10,10,5,2016,9,3,8,3,,4,0,,1,1,1,30,4,2,2,5,0,0,0,0,true,,false,false,false,false,false,,,,,,false,false,true,,,false,false,false,false,false,-83.14204,42.44603,"{
  ""coordinates"": [
    -8.314204323099990e+01,
    4.244602701300000e+01
  ],
  ""type"": ""Point""
}","{
  ""coordinates"": [
    -83.142043231,
    42.446027013
  ],
  ""type"": ""Point""
}",-83.1420432309999,42.446027013
14902,9715413,N/B I-75,LIVERNOIS,2016-05-10,10,5,2016,9,3,8,1,,1,0,,1,2,1,70,4,2,2,5,0,0,0,0,true,,false,false,false,false,false,,,,,,false,false,true,,,false,false,false,false,false,-83.10831,42.30568,"{
  ""coordinates"": [
    -8.310831269499990e+01,
    4.230567621600010e+01
  ],
  ""type"": ""Point""
}","{
  ""coordinates"": [
    -83.108312695,
    42.305676216
  ],
  ""type"": ""Point""
}",-83.1083126949999,42.3056762160001
14903,9700763,LAFAYETTE,MT ELLIOT,2016-05-10,10,5,2016,17,3,5,9,,4,0,,2,4,1,30,3,2,3,5,0,0,0,0,true,,false,false,false,false,false,,,,,,false,false,true,,,false,false,false,false,false,-83.01186,42.34702,"{
  ""coordinates"": [
    -8.301186215599991e+01,
    4.234702443900010e+01
  ],
  ""type"": ""Point""
}","{
  ""coordinates"": [
    -83.011862156,
    42.347024439
  ],
  ""type"": ""Point""
}",-83.0118621559999,42.3470244390001
14904,9715466,M 39,JOY,2016-05-10,10,5,2016,17,3,5,3,,1,0,,2,4,1,55,3,3,4,5,0,0,0,0,true,,false,false,true,false,false,,,,,,false,false,true,,,false,false,false,false,false,-83.21651,42.36147,"{
  ""coordinates"": [
    -8.321651552100001e+01,
    4.236146815200000e+01
  ],
  ""type"": ""Point""
}","{
  ""coordinates"": [
    -83.216515521,
    42.361468152
  ],
  ""type"": ""Point""
}",-83.216515521,42.361468152
14905,9695698,LIVERNOIS,FEDERAL,2016-05-10,10,5,2016,14,3,4,9,,4,0,,2,4,1,35,7,2,3,4,0,0,0,1,false,,true,true,false,false,false,,,,,,false,false,false,,,false,false,false,false,false,-83.11319,42.32129,"{
  ""coordinates"": [
    -8.311319102899991e+01,
    4.232129097300000e+01
  ],
  ""type"": ""Point""
}","{
  ""coordinates"": [
    -83.113191029,
    42.321290973
  ],
  ""type"": ""Point""
}",-83.1131910289999,42.321290973
14906,9694937,JEFFERSON,ST JEAN,2016-05-10,10,5,2016,17,3,8,9,,4,0,,1,1,1,30,7,2,2,5,0,0,0,0,true,,false,false,false,false,false,,,,,,false,false,false,,,false,false,false,false,false,-82.97055,42.367,"{
  ""coordinates"": [
    -8.297055304600001e+01,
    4.236700453400000e+01
  ],
  ""type"": ""Point""
}","{
  ""coordinates"": [
    -82.970553046,
    42.367004534
  ],
  ""type"": ""Point""
}",-82.970553046,42.367004534
14907,9715464,I 75,WARREN,2016-05-10,10,5,2016,14,3,5,1,,1,0,,2,4,1,55,4,3,3,5,0,0,0,0,true,,false,false,false,false,false,,,,,,false,false,false,,,false,false,false,false,false,-83.05373,42.36009,"{
  ""coordinates"": [
    -8.305373441300000e+01,
    4.236009240600000e+01
  ],
  ""type"": ""Point""
}","{
  ""coordinates"": [
    -83.053734413,
    42.360092406
  ],
  ""type"": ""Point""
}",-83.053734413,42.360092406
14908,9700035,WYOMING,LYNDON,2016-05-10,10,5,2016,7,3,5,9,,4,0,,2,1,1,30,5,2,4,5,0,0,0,0,true,,false,false,true,false,false,,,,,,false,false,false,,,false,false,false,false,false,-83.15934,42.39524,"{
  ""coordinates"": [
    -8.315934199100001e+01,
    4.239523847400010e+01
  ],
  ""type"": ""Point""
}","{
  ""coordinates"": [
    -83.159341991,
    42.395238474
  ],
  ""type"": ""Point""
}",-83.159341991,42.3952384740001
14909,9728925,JEFFERSON,WOODWARD,2016-05-10,10,5,2016,8,3,8,3,,1,0,,1,1,1,35,4,2,2,5,0,0,0,0,true,,false,false,false,false,false,,,,,,false,false,true,,,false,false,false,false,false,-83.04472,42.32876,"{
  ""coordinates"": [
    -8.304472639900000e+01,
    4.232876312400000e+01
  ],
  ""type"": ""Point""
}","{
  ""coordinates"": [
    -83.044726399,
    42.328763124
  ],
  ""type"": ""Point""
}",-83.044726399,42.328763124
14910,9700000,8 MILE,GREENFIELD,2016-05-10,10,5,2016,17,3,8,3,,1,0,,2,4,1,45,6,2,1,5,0,0,0,0,true,,false,false,true,false,false,,,,,,false,false,false,,,false,false,false,false,false,-83.20051,42.44479,"{
  ""coordinates"": [
    -8.320051184600000e+01,
    4.244478560700000e+01
  ],
  ""type"": ""Point""
}","{
  ""coordinates"": [
    -83.200511846,
    42.444785607
  ],
  ""type"": ""Point""
}",-83.200511846,42.444785607
14911,9694941,GRAND RIVER,SOUTHFIELD SERVICE DRIVE,2016-05-10,10,5,2016,17,3,8,3,,1,0,,2,4,1,35,4,2,4,5,0,0,0,0,true,,false,false,false,false,false,,,,,,false,false,true,,,false,false,false,false,false,-83.21798,42.40058,"{
  ""coordinates"": [
    -8.321798122699990e+01,
    4.240057797200010e+01
  ],
  ""type"": ""Point""
}","{
  ""coordinates"": [
    -83.217981227,
    42.400577972
  ],
  ""type"": ""Point""
}",-83.2179812269999,42.4005779720001
14912,9694926,OUTER,WESTWOOD,2016-05-10,10,5,2016,9,3,2,9,,2,2,,1,1,4,35,4,2,2,4,0,0,0,2,false,,false,false,false,false,false,,,,,,false,false,false,,,false,false,false,false,false,-83.23251,42.39886,"{
  ""coordinates"": [
    -8.323250353799990e+01,
    4.239886352800000e+01
  ],
  ""type"": ""Point""
}","{
  ""coordinates"": [
    -83.232503538,
    42.398863528
  ],
  ""type"": ""Point""
}",-83.2325035379999,42.398863528
14913,9728954,MOROSS,W I 94,2016-05-10,10,5,2016,18,3,97,9,,2,0,,1,1,1,35,6,2,2,5,0,0,0,0,true,,false,false,true,false,false,,,,,,false,false,false,,,false,false,false,false,false,-82.92898,42.42449,"{
  ""coordinates"": [
    -8.292898064900000e+01,
    4.242449195500010e+01
  ],
  ""type"": ""Point""
}","{
  ""coordinates"": [
    -82.928980649,
    42.424491955
  ],
  ""type"": ""Point""
}",-82.928980649,42.4244919550001
14914,9694076,WEBB,LODGE SR,2016-05-10,10,5,2016,10,3,4,9,,4,0,,1,1,1,25,2,2,2,5,0,0,0,0,true,,false,false,false,false,false,,,,,,false,false,true,,,false,false,false,false,false,-83.10257,42.38767,"{
  ""coordinates"": [
    -8.310256991700000e+01,
    4.238767235400010e+01
  ],
  ""type"": ""Point""
}","{
  ""coordinates"": [
    -83.102569917,
    42.387672354
  ],
  ""type"": ""Point""
}",-83.102569917,42.3876723540001
14915,9695704,WARWICK,MCNICHOLS,2016-05-10,10,5,2016,13,3,97,9,,,0,,2,4,1,25,1,2,1,5,0,0,0,0,true,,false,false,true,false,false,,,,,,false,true,false,,,false,false,false,false,false,-83.22921,42.41533,"{
  ""coordinates"": [
    -8.322921036400000e+01,
    4.241533100000000e+01
  ],
  ""type"": ""Point""
}","{
  ""coordinates"": [
    -83.229210364,
    42.415331
  ],
  ""type"": ""Point""
}",-83.229210364,42.415331
14916,9705013,BRAILE,KEELER,2016-05-10,10,5,2016,23,3,8,9,,,0,,6,1,5,25,2,2,2,5,0,0,0,0,true,,false,false,false,false,false,,,,,,false,false,false,,,false,false,false,false,false,-83.24494,42.40248,"{
  ""coordinates"": [
    -8.324493918300000e+01,
    4.240248297500010e+01
  ],
  ""type"": ""Point""
}","{
  ""coordinates"": [
    -83.244939183,
    42.402482975
  ],
  ""type"": ""Point""
}",-83.244939183,42.4024829750001
14917,9715447,M-10,JEFFERSON,2016-05-10,10,5,2016,1,3,5,3,,1,0,,2,4,1,55,3,2,2,4,0,0,0,1,false,,false,false,false,false,false,,,,,,false,false,true,,,false,false,false,false,false,-83.04873,42.32671,"{
  ""coordinates"": [
    -8.304872515499990e+01,
    4.232670929500010e+01
  ],
  ""type"": ""Point""
}","{
  ""coordinates"": [
    -83.048725155,
    42.326709295
  ],
  ""type"": ""Point""
}",-83.0487251549999,42.3267092950001
14918,9694075,GRATIOT,CONNER,2016-05-10,10,5,2016,16,3,5,3,,1,0,,2,4,1,30,5,2,5,4,0,0,0,2,false,,false,false,false,false,false,,,,,,false,false,true,,,false,false,false,false,false,-82.99743,42.40501,"{
  ""coordinates"": [
    -8.299742612199999e+01,
    4.240501244900000e+01
  ],
  ""type"": ""Point""
}","{
  ""coordinates"": [
    -82.997426122,
    42.405012449
  ],
  ""type"": ""Point""
}",-82.997426122,42.405012449
14919,9715877,OUTER,SUSSEX,2016-05-10,10,5,2016,15,3,4,9,,2,0,,2,4,1,35,4,2,3,5,0,0,0,0,true,,false,false,false,false,false,,,,,,false,false,true,,,false,false,false,false,false,-83.19547,42.41963,"{
  ""coordinates"": [
    -8.319546938900000e+01,
    4.241963096200000e+01
  ],
  ""type"": ""Point""
}","{
  ""coordinates"": [
    -83.195469389,
    42.419630962
  ],
  ""type"": ""Point""
}",-83.195469389,42.419630962
14920,9749776,DAVISON,LIVERNOIS,2016-05-10,10,5,2016,14,3,5,3,,1,0,,98,98,98,30,3,2,1,5,0,0,0,0,true,,false,false,true,false,false,,,,,,false,false,false,,,false,false,false,false,false,-83.13981,42.38648,"{
  ""coordinates"": [
    -8.313980762900000e+01,
    4.238648269300010e+01
  ],
  ""type"": ""Point""
}","{
  ""coordinates"": [
    -83.139807629,
    42.386482693
  ],
  ""type"": ""Point""
}",-83.139807629,42.3864826930001
14921,9700011,MACK,MORROSS,2016-05-10,10,5,2016,17,3,5,9,,2,0,,1,1,1,0,4,2,2,5,0,0,0,0,true,,false,false,false,false,false,,,,,,false,false,false,,,false,false,false,false,false,-82.91076,42.41716,"{
  ""coordinates"": [
    -8.291076225800001e+01,
    4.241715957000010e+01
  ],
  ""type"": ""Point""
}","{
  ""coordinates"": [
    -82.910762258,
    42.41715957
  ],
  ""type"": ""Point""
}",-82.910762258,42.4171595700001
14922,9696730,CLIFFORD,ADAMS,2016-05-10,10,5,2016,16,3,4,9,,4,0,,2,4,1,25,2,2,2,5,0,0,0,0,true,,true,false,false,false,false,,,,,,false,false,false,,,false,false,false,false,false,-83.05383,42.33577,"{
  ""coordinates"": [
    -8.305382981100000e+01,
    4.233576481800000e+01
  ],
  ""type"": ""Point""
}","{
  ""coordinates"": [
    -83.053829811,
    42.335764818
  ],
  ""type"": ""Point""
}",-83.053829811,42.335764818
14923,9715522,GRATIOT,VAN DYKE,2016-05-10,10,5,2016,15,3,4,3,,1,0,,2,4,1,35,4,2,3,4,0,0,0,2,false,,false,false,false,false,false,,,,,,false,false,false,,,false,false,false,false,false,-83.01435,42.37932,"{
  ""coordinates"": [
    -8.301435040099990e+01,
    4.237931828100010e+01
  ],
  ""type"": ""Point""
}","{
  ""coordinates"": [
    -83.014350401,
    42.379318281
  ],
  ""type"": ""Point""
}",-83.0143504009999,42.3793182810001
14924,9715554,PLYMOUTH,PLAINVIEW,2016-05-10,10,5,2016,7,3,1,9,,4,0,,97,1,1,35,6,1,2,5,0,0,0,0,true,,false,false,false,false,false,,,,,,false,false,false,,,false,false,false,false,false,-83.23497,42.37191,"{
  ""coordinates"": [
    -8.323496885500001e+01,
    4.237190488500000e+01
  ],
  ""type"": ""Point""
}","{
  ""coordinates"": [
    -83.234968855,
    42.371904885
  ],
  ""type"": ""Point""
}",-83.234968855,42.371904885
14925,9722019,N M 10,CHICAGO,2016-05-10,10,5,2016,18,3,5,3,,1,0,,0,2,1,55,3,2,2,5,0,0,0,0,true,,false,false,false,false,false,,,,,,false,false,false,,,false,false,false,false,false,-83.0945,42.38237,"{
  ""coordinates"": [
    -8.309449907299999e+01,
    4.238236662500000e+01
  ],
  ""type"": ""Point""
}","{
  ""coordinates"": [
    -83.094499073,
    42.382366625
  ],
  ""type"": ""Point""
}",-83.094499073,42.382366625
14926,9694940,PLYMOUTH,SOUTHFIELD SERVICE,2016-05-10,10,5,2016,19,3,97,9,,4,0,,2,1,1,0,7,2,1,5,0,0,0,0,true,,false,false,true,false,false,,,,,,false,false,false,,,false,false,false,false,false,-83.21626,42.37226,"{
  ""coordinates"": [
    -8.321625703099990e+01,
    4.237225834900000e+01
  ],
  ""type"": ""Point""
}","{
  ""coordinates"": [
    -83.216257031,
    42.372258349
  ],
  ""type"": ""Point""
}",-83.2162570309999,42.372258349