ObjectId,Crash ID,Primary Road,Intersecting Road,Crash Date,Day,Month,Year,Hour,Weekday,Crash Type Code,Highway Classification Code,Community Code,Jurisdiction Code,Lane Departure Type Code,Surface Type,Road Condition,Weather Condition,Lighting Condition,Speed Limit,Lanes,Units,Occupants,Most Severe Injury,Fatal Injuries,Suspected Serious Injuries,Suspected Minor Injuries,Possible Injuries,Property Damage Only,Secondary Crash,Traffic Control,Red Light Run,Hit and Run,Alcohol,Drugs,Unbelted Person,Work Zone,Speeding Driver,Distracted Driver,Driveway,Pedestrian,Elderly Driver,Young Driver,Commercial Vehicle,Emergency Vehicles,Train,School Bus,Motorcycle,Bicycle,Deer,Longitude,Latitude,geom,geog,x,y
14984,9693220,S M 39 SERVICE DRIVE,WARREN,2016-05-09,9,5,2016,,2,7,9,,4,0,,1,1,1,35,3,2,2,5,0,0,0,0,true,,false,false,false,false,false,,,,,,false,false,false,,,false,false,false,false,false,-83.21653,42.34337,"{
  ""coordinates"": [
    -8.321652714200000e+01,
    4.234337302100000e+01
  ],
  ""type"": ""Point""
}","{
  ""coordinates"": [
    -83.216527142,
    42.343373021
  ],
  ""type"": ""Point""
}",-83.216527142,42.343373021
14985,9715457,I 75,DAVISON,2016-05-09,9,5,2016,7,2,5,1,,1,0,,1,1,1,70,4,2,2,5,0,0,0,0,true,,false,false,false,false,false,,,,,,false,true,true,,,false,false,false,false,false,-83.08216,42.41171,"{
  ""coordinates"": [
    -8.308215884600000e+01,
    4.241171159200010e+01
  ],
  ""type"": ""Point""
}","{
  ""coordinates"": [
    -83.082158846,
    42.411711592
  ],
  ""type"": ""Point""
}",-83.082158846,42.4117115920001
14986,9693222,MCNICHOLS,OAKLAND,2016-05-09,9,5,2016,9,2,5,9,,2,0,,1,1,1,30,6,3,3,5,0,0,0,0,true,,false,false,true,false,false,,,,,,false,true,false,,,false,false,false,false,false,-83.08636,42.41814,"{
  ""coordinates"": [
    -8.308636037299991e+01,
    4.241814330900010e+01
  ],
  ""type"": ""Point""
}","{
  ""coordinates"": [
    -83.086360373,
    42.418143309
  ],
  ""type"": ""Point""
}",-83.0863603729999,42.4181433090001
14987,9694929,PLYMOUTH,GRIGGS,2016-05-09,9,5,2016,6,2,4,9,,4,0,,2,4,3,25,4,2,1,5,0,0,0,0,true,,false,false,false,false,false,,,,,,false,false,false,,,false,false,false,false,false,-83.16197,42.37342,"{
  ""coordinates"": [
    -8.316197241000000e+01,
    4.237341556700010e+01
  ],
  ""type"": ""Point""
}","{
  ""coordinates"": [
    -83.16197241,
    42.373415567
  ],
  ""type"": ""Point""
}",-83.16197241,42.3734155670001
14988,9715435,M-10,MILWAUKEE,2016-05-09,9,5,2016,17,2,5,3,,1,0,,1,1,1,55,3,4,4,5,0,0,0,0,true,,false,false,false,false,false,,,,,,false,false,false,,,false,false,false,false,false,-83.07992,42.36473,"{
  ""coordinates"": [
    -8.307991649000000e+01,
    4.236473152800000e+01
  ],
  ""type"": ""Point""
}","{
  ""coordinates"": [
    -83.07991649,
    42.364731528
  ],
  ""type"": ""Point""
}",-83.07991649,42.364731528
14989,9693201,JOHN R,WARREN,2016-05-09,9,5,2016,16,2,3,9,,4,0,,1,2,1,30,4,2,2,4,0,0,0,1,false,,false,false,false,false,false,,,,,,false,false,false,,,false,false,true,false,false,-83.06208,42.35759,"{
  ""coordinates"": [
    -8.306207905600000e+01,
    4.235758914100010e+01
  ],
  ""type"": ""Point""
}","{
  ""coordinates"": [
    -83.062079056,
    42.357589141
  ],
  ""type"": ""Point""
}",-83.062079056,42.3575891410001
14990,9693202,FORT,CASS,2016-05-09,9,5,2016,10,2,2,3,,1,0,,1,2,1,0,3,2,1,5,0,0,0,0,true,,false,false,true,false,false,,,,,,false,false,false,,,false,false,false,false,false,-83.05064,42.32931,"{
  ""coordinates"": [
    -8.305064538700000e+01,
    4.232931155500010e+01
  ],
  ""type"": ""Point""
}","{
  ""coordinates"": [
    -83.050645387,
    42.329311555
  ],
  ""type"": ""Point""
}",-83.050645387,42.3293115550001
14991,9706351,MCNICHOLS,FREELAND,2016-05-09,9,5,2016,19,2,1,9,,2,0,,1,1,3,35,4,2,1,2,0,1,0,0,false,,false,false,false,false,false,,,,,,true,false,false,,,false,false,false,false,false,-83.18665,42.4165,"{
  ""coordinates"": [
    -8.318665302399999e+01,
    4.241650349000000e+01
  ],
  ""type"": ""Point""
}","{
  ""coordinates"": [
    -83.186653024,
    42.41650349
  ],
  ""type"": ""Point""
}",-83.186653024,42.41650349
14992,9706579,SOUTHFIELD SERVICE DRIVE,SCHOOLCRAFT,2016-05-09,9,5,2016,15,2,5,9,,4,0,,1,1,1,55,6,2,3,5,0,0,0,0,true,,false,false,false,false,false,,,,,,false,false,true,,,false,false,false,false,false,-83.21724,42.38713,"{
  ""coordinates"": [
    -8.321724167300000e+01,
    4.238713156500010e+01
  ],
  ""type"": ""Point""
}","{
  ""coordinates"": [
    -83.217241673,
    42.387131565
  ],
  ""type"": ""Point""
}",-83.217241673,42.3871315650001
14993,9693206,CANYON,LANNOO,2016-05-09,9,5,2016,17,2,9,9,,,0,,1,1,1,25,2,2,3,5,0,0,0,0,true,,false,false,false,false,false,,,,,,false,false,true,,,false,false,false,false,false,-82.92023,42.41879,"{
  ""coordinates"": [
    -8.292023751600000e+01,
    4.241879084300010e+01
  ],
  ""type"": ""Point""
}","{
  ""coordinates"": [
    -82.920237516,
    42.418790843
  ],
  ""type"": ""Point""
}",-82.920237516,42.4187908430001
14994,9694063,MEYERS,CHALFONTE,2016-05-09,9,5,2016,17,2,4,9,,4,0,,1,1,1,30,2,2,2,5,0,0,0,0,true,,false,false,false,false,false,,,,,,false,false,true,,,false,false,false,false,false,-83.16929,42.40006,"{
  ""coordinates"": [
    -8.316928778499990e+01,
    4.240006325900000e+01
  ],
  ""type"": ""Point""
}","{
  ""coordinates"": [
    -83.169287785,
    42.400063259
  ],
  ""type"": ""Point""
}",-83.1692877849999,42.400063259
14995,9695693,LOTHROP,SECOND,2016-05-09,9,5,2016,9,2,8,9,,4,0,,1,1,1,0,2,2,2,5,0,0,0,0,true,,false,false,false,false,false,,,,,,false,false,false,,,false,false,false,false,false,-83.0775,42.3703,"{
  ""coordinates"": [
    -8.307749990699990e+01,
    4.237030112900000e+01
  ],
  ""type"": ""Point""
}","{
  ""coordinates"": [
    -83.077499907,
    42.370301129
  ],
  ""type"": ""Point""
}",-83.0774999069999,42.370301129
14996,9706537,ABINGTON,PAUL,2016-05-09,9,5,2016,17,2,97,9,,,0,,1,2,1,0,2,2,1,5,0,0,0,0,true,,false,false,true,false,false,,,,,,false,false,true,,,false,false,false,false,false,-83.2095,42.33628,"{
  ""coordinates"": [
    -8.320949940500000e+01,
    4.233628063400000e+01
  ],
  ""type"": ""Point""
}","{
  ""coordinates"": [
    -83.209499405,
    42.336280634
  ],
  ""type"": ""Point""
}",-83.209499405,42.336280634
14997,9751355,MENDOTA,ELLIS,2016-05-09,9,5,2016,10,2,5,9,,,0,,1,1,1,0,2,2,1,5,0,0,0,0,true,,false,false,true,true,false,,,,,,false,false,false,,,false,false,false,false,false,-83.16415,42.36039,"{
  ""coordinates"": [
    -8.316415162100000e+01,
    4.236039411800000e+01
  ],
  ""type"": ""Point""
}","{
  ""coordinates"": [
    -83.164151621,
    42.360394118
  ],
  ""type"": ""Point""
}",-83.164151621,42.360394118
14998,9693203,M 10 SERVICE,GRAND,2016-05-09,9,5,2016,18,2,5,9,,4,0,,1,2,1,25,3,2,3,5,0,0,0,0,true,,false,false,true,false,false,,,,,,false,false,false,,,false,false,false,false,false,-83.08215,42.36683,"{
  ""coordinates"": [
    -8.308214212800000e+01,
    4.236683050200000e+01
  ],
  ""type"": ""Point""
}","{
  ""coordinates"": [
    -83.082142128,
    42.366830502
  ],
  ""type"": ""Point""
}",-83.082142128,42.366830502
14999,9700032,WOOWWARD,MCNICHOLS,2016-05-09,9,5,2016,7,2,5,3,,1,0,,1,1,1,40,4,3,5,3,0,0,1,0,false,,false,false,false,false,false,,,,,,false,false,false,,,false,false,false,false,false,-83.10543,42.418,"{
  ""coordinates"": [
    -8.310543229900000e+01,
    4.241799969200010e+01
  ],
  ""type"": ""Point""
}","{
  ""coordinates"": [
    -83.105432299,
    42.417999692
  ],
  ""type"": ""Point""
}",-83.105432299,42.4179996920001
15000,9707677,NEVADA,MOUNT ELLIOTT,2016-05-09,9,5,2016,20,2,1,9,,4,0,,1,1,1,30,2,1,1,5,0,0,0,0,true,,false,false,false,false,false,,,,,,false,false,true,,,false,false,false,false,false,-83.03863,42.4264,"{
  ""coordinates"": [
    -8.303862979500001e+01,
    4.242640205100000e+01
  ],
  ""type"": ""Point""
}","{
  ""coordinates"": [
    -83.038629795,
    42.426402051
  ],
  ""type"": ""Point""
}",-83.038629795,42.426402051
15001,9714467,E/B I 94,CHENE,2016-05-09,9,5,2016,3,2,5,1,,1,0,,1,2,1,55,4,2,1,5,0,0,0,0,true,,false,false,true,false,false,,,,,,false,false,false,,,false,false,false,false,false,-83.05078,42.37275,"{
  ""coordinates"": [
    -8.305077879100000e+01,
    4.237274571800000e+01
  ],
  ""type"": ""Point""
}","{
  ""coordinates"": [
    -83.050778791,
    42.372745718
  ],
  ""type"": ""Point""
}",-83.050778791,42.372745718
15002,9706549,SOUTHFIELD SERVICE,BELTON,2016-05-08,8,5,2016,4,1,1,9,,4,1,,1,1,4,30,2,1,1,5,0,0,0,0,true,,false,false,false,false,false,,,,,,false,false,true,,,false,false,false,false,false,-83.21684,42.35221,"{
  ""coordinates"": [
    -8.321683157000000e+01,
    4.235221000400000e+01
  ],
  ""type"": ""Point""
}","{
  ""coordinates"": [
    -83.21683157,
    42.352210004
  ],
  ""type"": ""Point""
}",-83.21683157,42.352210004
15003,9706441,HORATIO,CICOTTE,2016-05-08,8,5,2016,2,1,97,9,,,0,,1,1,4,25,2,4,1,5,0,0,0,0,true,,false,false,true,false,false,,,,,,false,false,false,,,false,false,false,false,false,-83.12627,42.33489,"{
  ""coordinates"": [
    -8.312626512199989e+01,
    4.233489269700000e+01
  ],
  ""type"": ""Point""
}","{
  ""coordinates"": [
    -83.126265122,
    42.334892697
  ],
  ""type"": ""Point""
}",-83.1262651219999,42.334892697
15004,9699776,I-94,TRUMBULL,2016-05-08,8,5,2016,13,1,5,1,,1,0,,1,1,1,55,3,2,6,5,0,0,0,0,true,,false,false,false,false,false,,,,,,false,false,false,,,false,false,false,false,false,-83.08536,42.35442,"{
  ""coordinates"": [
    -8.308535398799999e+01,
    4.235442056600000e+01
  ],
  ""type"": ""Point""
}","{
  ""coordinates"": [
    -83.085353988,
    42.354420566
  ],
  ""type"": ""Point""
}",-83.085353988,42.354420566
15005,9695716,ECERGREEN,SCHOOLCRAFT,2016-05-08,8,5,2016,11,1,5,9,,4,0,,1,1,1,30,4,3,9,5,0,0,0,0,true,,false,false,false,false,false,,,,,,false,false,true,,,false,false,false,false,false,-83.23685,42.38646,"{
  ""coordinates"": [
    -8.323685192200000e+01,
    4.238645486400000e+01
  ],
  ""type"": ""Point""
}","{
  ""coordinates"": [
    -83.236851922,
    42.386454864
  ],
  ""type"": ""Point""
}",-83.236851922,42.386454864
15006,9693215,VAN DYKE,GRATIOT,2016-05-08,8,5,2016,20,1,97,3,,4,0,,1,1,1,35,4,2,1,3,0,0,1,0,false,,false,false,false,false,false,,,,,,true,false,true,,,false,false,false,false,false,-83.01466,42.3788,"{
  ""coordinates"": [
    -8.301466042800000e+01,
    4.237879592600010e+01
  ],
  ""type"": ""Point""
}","{
  ""coordinates"": [
    -83.014660428,
    42.378795926
  ],
  ""type"": ""Point""
}",-83.014660428,42.3787959260001
15007,9699735,M10,7 MILE,2016-05-08,8,5,2016,2,1,8,3,,1,0,,1,1,5,55,3,2,3,5,0,0,0,0,true,,false,false,true,false,false,,,,,,false,false,false,,,false,false,false,false,false,-83.1995,42.4419,"{
  ""coordinates"": [
    -8.319950234600000e+01,
    4.244189772600000e+01
  ],
  ""type"": ""Point""
}","{
  ""coordinates"": [
    -83.199502346,
    42.441897726
  ],
  ""type"": ""Point""
}",-83.199502346,42.441897726
15008,9698251,E I 96,DAVISON CROSSOVER,2016-05-08,8,5,2016,23,1,8,1,,1,0,,1,2,4,55,4,2,4,5,0,0,0,0,true,,false,false,true,false,false,,,,,,false,false,true,,,false,false,false,false,false,-83.16175,42.38526,"{
  ""coordinates"": [
    -8.316175256500000e+01,
    4.238525748200000e+01
  ],
  ""type"": ""Point""
}","{
  ""coordinates"": [
    -83.161752565,
    42.385257482
  ],
  ""type"": ""Point""
}",-83.161752565,42.385257482
15009,9692415,ST ANTOINE,GRATIOT,2016-05-08,8,5,2016,2,1,98,3,,4,0,,1,1,4,40,2,2,0,5,0,0,0,0,true,,false,false,true,false,false,,,,,,false,false,false,,,false,false,false,false,false,-83.04272,42.33822,"{
  ""coordinates"": [
    -8.304271917100000e+01,
    4.233821940300000e+01
  ],
  ""type"": ""Point""
}","{
  ""coordinates"": [
    -83.042719171,
    42.338219403
  ],
  ""type"": ""Point""
}",-83.042719171,42.338219403
15010,9695718,MURRAY HILL,FLORENCE,2016-05-08,8,5,2016,14,1,1,9,,,0,,1,1,1,25,2,2,1,4,0,0,0,1,false,,false,false,false,false,false,,,,,,true,false,true,,,false,false,false,false,false,-83.20773,42.41056,"{
  ""coordinates"": [
    -8.320773585099990e+01,
    4.241056500600010e+01
  ],
  ""type"": ""Point""
}","{
  ""coordinates"": [
    -83.207735851,
    42.410565006
  ],
  ""type"": ""Point""
}",-83.2077358509999,42.4105650060001
15011,9692416,GRATIOT,BROADWAY,2016-05-08,8,5,2016,9,1,4,9,,4,0,,1,1,1,30,8,2,3,5,0,0,0,0,true,,true,true,false,false,false,,,,,,false,true,false,,,false,false,false,false,false,-83.04562,42.33469,"{
  ""coordinates"": [
    -8.304562721799989e+01,
    4.233468904400010e+01
  ],
  ""type"": ""Point""
}","{
  ""coordinates"": [
    -83.045627218,
    42.334689044
  ],
  ""type"": ""Point""
}",-83.0456272179999,42.3346890440001
15012,9692428,WOODWARD,NEVADA,2016-05-08,8,5,2016,17,1,5,3,,1,0,,1,1,1,40,5,2,2,4,0,0,0,2,false,,false,false,false,false,false,,,,,,false,false,true,,,false,false,false,false,false,-83.10899,42.42325,"{
  ""coordinates"": [
    -8.310899232700000e+01,
    4.242325072800000e+01
  ],
  ""type"": ""Point""
}","{
  ""coordinates"": [
    -83.108992327,
    42.423250728
  ],
  ""type"": ""Point""
}",-83.108992327,42.423250728
15013,9693214,OUTER,BLOOM,2016-05-08,8,5,2016,12,1,4,9,,2,0,,1,1,1,35,4,2,2,3,0,0,2,0,false,,true,false,false,false,false,,,,,,false,false,false,,,false,false,false,false,false,-83.04932,42.44061,"{
  ""coordinates"": [
    -8.304931991099990e+01,
    4.244060475800010e+01
  ],
  ""type"": ""Point""
}","{
  ""coordinates"": [
    -83.049319911,
    42.440604758
  ],
  ""type"": ""Point""
}",-83.0493199109999,42.4406047580001
15014,9691761,MEYERS,JAMES COUZENS,2016-05-08,8,5,2016,0,1,5,9,,4,0,,1,1,4,0,2,3,2,2,0,1,0,1,false,,false,false,true,false,false,,,,,,false,false,false,,,false,false,false,false,false,-83.17001,42.41463,"{
  ""coordinates"": [
    -8.317000641899990e+01,
    4.241463471300010e+01
  ],
  ""type"": ""Point""
}","{
  ""coordinates"": [
    -83.170006419,
    42.414634713
  ],
  ""type"": ""Point""
}",-83.1700064189999,42.4146347130001
15015,9695720,KENTFIELD,FENKELL,2016-05-08,8,5,2016,19,1,9,9,,,2,,1,1,1,25,1,2,1,5,0,0,0,0,true,,false,false,true,false,false,,,,,,false,false,false,,,false,false,false,false,false,-83.24055,42.40034,"{
  ""coordinates"": [
    -8.324054429300000e+01,
    4.240034369000010e+01
  ],
  ""type"": ""Point""
}","{
  ""coordinates"": [
    -83.240544293,
    42.40034369
  ],
  ""type"": ""Point""
}",-83.240544293,42.4003436900001
15016,9693219,N I 75 SERVICE DRIVE,STATE FAIR,2016-05-08,8,5,2016,11,1,4,9,,4,0,,1,1,1,0,3,2,4,5,0,0,0,0,true,,false,false,false,false,false,,,,,,false,true,false,,,false,false,false,false,false,-83.09444,42.43975,"{
  ""coordinates"": [
    -8.309443904499990e+01,
    4.243974981500000e+01
  ],
  ""type"": ""Point""
}","{
  ""coordinates"": [
    -83.094439045,
    42.439749815
  ],
  ""type"": ""Point""
}",-83.0944390449999,42.439749815
15017,9691730,WAVENEY,COPLIN,2016-05-08,8,5,2016,0,1,4,9,,,0,,1,1,4,15,1,2,5,3,0,0,1,2,false,,false,false,true,false,false,,,,,,false,false,false,,,false,false,false,false,false,-82.96078,42.38842,"{
  ""coordinates"": [
    -8.296077436199990e+01,
    4.238841847500000e+01
  ],
  ""type"": ""Point""
}","{
  ""coordinates"": [
    -82.960774362,
    42.388418475
  ],
  ""type"": ""Point""
}",-82.9607743619999,42.388418475
15018,9695680,WOODMERE,WENDELL,2016-05-08,8,5,2016,19,1,1,9,,4,1,,1,1,1,25,2,1,1,5,0,0,0,0,true,,false,false,true,false,false,,,,,,false,false,false,,,false,false,false,false,false,-83.13396,42.31391,"{
  ""coordinates"": [
    -8.313395589399990e+01,
    4.231391086400000e+01
  ],
  ""type"": ""Point""
}","{
  ""coordinates"": [
    -83.133955894,
    42.313910864
  ],
  ""type"": ""Point""
}",-83.1339558939999,42.313910864
15019,9693190,LITTLEFIELD,JOY,2016-05-08,8,5,2016,17,1,5,9,,,0,,1,1,1,25,2,2,2,4,0,0,0,1,false,,false,false,true,false,false,,,,,,false,false,true,,,false,false,false,false,false,-83.175,42.35777,"{
  ""coordinates"": [
    -8.317500550400000e+01,
    4.235776942400000e+01
  ],
  ""type"": ""Point""
}","{
  ""coordinates"": [
    -83.175005504,
    42.357769424
  ],
  ""type"": ""Point""
}",-83.175005504,42.357769424
15020,9692429,GREENFIELD,S M 10,2016-05-08,8,5,2016,17,1,4,7,,1,0,,1,1,1,30,5,2,3,5,0,0,0,0,true,,false,false,false,false,false,,,,,,false,false,false,,,false,false,false,false,false,-83.20038,42.44233,"{
  ""coordinates"": [
    -8.320037651699990e+01,
    4.244232686400010e+01
  ],
  ""type"": ""Point""
}","{
  ""coordinates"": [
    -83.200376517,
    42.442326864
  ],
  ""type"": ""Point""
}",-83.2003765169999,42.4423268640001
15021,9692427,7 MILE,KENTUCKY,2016-05-08,8,5,2016,14,1,1,9,,2,0,,1,1,1,0,5,1,1,4,0,0,0,1,false,,false,false,false,false,false,,,,,,false,true,false,,,false,false,false,false,false,-83.15988,42.43137,"{
  ""coordinates"": [
    -8.315988441300000e+01,
    4.243136589000010e+01
  ],
  ""type"": ""Point""
}","{
  ""coordinates"": [
    -83.159884413,
    42.43136589
  ],
  ""type"": ""Point""
}",-83.159884413,42.4313658900001
15022,9699971,213M,I96,2016-05-08,8,5,2016,23,1,1,1,,1,1,,1,1,4,25,2,1,1,5,0,0,0,0,true,,false,false,true,false,false,,,,,,false,false,false,,,false,false,false,false,false,-83.10033,42.35085,"{
  ""coordinates"": [
    -8.310032712899989e+01,
    4.235084845300000e+01
  ],
  ""type"": ""Point""
}","{
  ""coordinates"": [
    -83.100327129,
    42.350848453
  ],
  ""type"": ""Point""
}",-83.1003271289999,42.350848453
15023,9706552,JOY,GREENVIEW,2016-05-08,8,5,2016,0,1,5,9,,2,0,,1,1,4,35,4,2,1,5,0,0,0,0,true,,false,false,false,false,false,,,,,,false,false,false,,,false,false,false,false,false,-83.22249,42.35776,"{
  ""coordinates"": [
    -8.322248689600001e+01,
    4.235775883900000e+01
  ],
  ""type"": ""Point""
}","{
  ""coordinates"": [
    -83.222486896,
    42.357758839
  ],
  ""type"": ""Point""
}",-83.222486896,42.357758839
15024,9706317,GRAND RIVER,W I 94 SERVICE DRIVE,2016-05-08,8,5,2016,22,1,3,3,,1,0,,1,1,4,35,3,2,2,5,0,0,0,0,true,,false,false,false,false,false,,,,,,false,false,false,,,false,false,false,false,false,-83.09634,42.35153,"{
  ""coordinates"": [
    -8.309633713900000e+01,
    4.235153373600010e+01
  ],
  ""type"": ""Point""
}","{
  ""coordinates"": [
    -83.096337139,
    42.351533736
  ],
  ""type"": ""Point""
}",-83.096337139,42.3515337360001
15025,9705003,ROSEMONT,BELTON,2016-05-08,8,5,2016,7,1,98,9,,,0,,1,1,1,25,1,2,0,5,0,0,0,0,true,,false,false,true,false,false,,,,,,false,false,false,,,false,false,false,false,false,-83.2187,42.35236,"{
  ""coordinates"": [
    -8.321869621899999e+01,
    4.235235867100000e+01
  ],
  ""type"": ""Point""
}","{
  ""coordinates"": [
    -83.218696219,
    42.352358671
  ],
  ""type"": ""Point""
}",-83.218696219,42.352358671
15026,9695717,PEMBROKE,TRINITY,2016-05-08,8,5,2016,12,1,4,9,,,0,,1,1,1,25,2,2,2,5,0,0,0,0,true,,true,false,false,false,false,,,,,,false,false,true,,,false,false,false,false,false,-83.25011,42.43654,"{
  ""coordinates"": [
    -8.325011065299999e+01,
    4.243654135300010e+01
  ],
  ""type"": ""Point""
}","{
  ""coordinates"": [
    -83.250110653,
    42.436541353
  ],
  ""type"": ""Point""
}",-83.250110653,42.4365413530001
15027,9694930,COOLEY,FARGO,2016-05-08,8,5,2016,19,1,4,9,,,0,,1,1,3,25,2,2,3,5,0,0,0,0,true,,false,false,true,false,false,,,,,,false,false,false,,,false,false,false,false,false,-83.25986,42.43797,"{
  ""coordinates"": [
    -8.325986090399989e+01,
    4.243796540100000e+01
  ],
  ""type"": ""Point""
}","{
  ""coordinates"": [
    -83.259860904,
    42.437965401
  ],
  ""type"": ""Point""
}",-83.2598609039999,42.437965401
15028,9698250,W I 94,RAMP 213C,2016-05-08,8,5,2016,22,1,8,1,,1,0,,1,2,4,55,3,2,3,5,0,0,0,0,true,,false,false,true,false,false,,,,,,false,false,false,,,false,false,false,false,false,-83.10709,42.34772,"{
  ""coordinates"": [
    -8.310709524399989e+01,
    4.234772124000010e+01
  ],
  ""type"": ""Point""
}","{
  ""coordinates"": [
    -83.107095244,
    42.34772124
  ],
  ""type"": ""Point""
}",-83.1070952439999,42.3477212400001
15029,9705004,ARTESIAN,FORD,2016-05-08,8,5,2016,12,1,5,3,,,0,,1,1,1,25,1,2,2,5,0,0,0,0,true,,false,false,true,false,false,,,,,,false,false,false,,,false,false,false,false,false,-83.22519,42.32897,"{
  ""coordinates"": [
    -8.322518560400000e+01,
    4.232896990200000e+01
  ],
  ""type"": ""Point""
}","{
  ""coordinates"": [
    -83.225185604,
    42.328969902
  ],
  ""type"": ""Point""
}",-83.225185604,42.328969902
15030,9696663,M-39,SCHOOLCRAFT,2016-05-08,8,5,2016,11,1,8,3,,1,0,,1,1,1,55,3,2,3,5,0,0,0,0,true,,false,false,false,false,false,,,,,,false,false,true,,,false,false,false,false,false,-83.21789,42.39033,"{
  ""coordinates"": [
    -8.321788692000000e+01,
    4.239032906700000e+01
  ],
  ""type"": ""Point""
}","{
  ""coordinates"": [
    -83.21788692,
    42.390329067
  ],
  ""type"": ""Point""
}",-83.21788692,42.390329067
15031,9695709,EVERGREEN,RAMP 135B,2016-05-08,8,5,2016,9,1,4,9,,4,0,,1,1,1,30,4,2,3,5,0,0,0,0,true,,false,false,false,false,false,,,,,,false,false,false,,,false,false,false,false,false,-83.23661,42.37968,"{
  ""coordinates"": [
    -8.323660711900000e+01,
    4.237967763700000e+01
  ],
  ""type"": ""Point""
}","{
  ""coordinates"": [
    -83.236607119,
    42.379677637
  ],
  ""type"": ""Point""
}",-83.236607119,42.379677637
15032,9706448,HARPER,NORCROSS,2016-05-08,8,5,2016,23,1,2,9,,4,2,,1,1,4,35,2,2,2,2,0,1,0,0,false,,false,false,false,true,false,,,,,,false,false,false,,,false,false,false,false,false,-82.98241,42.39941,"{
  ""coordinates"": [
    -8.298240512699989e+01,
    4.239940652400000e+01
  ],
  ""type"": ""Point""
}","{
  ""coordinates"": [
    -82.982405127,
    42.399406524
  ],
  ""type"": ""Point""
}",-82.9824051269999,42.399406524
15033,9706316,WOODWARD,ALEXANDRINE,2016-05-08,8,5,2016,0,1,10,3,,1,3,,1,1,4,30,2,2,1,5,0,0,0,0,true,,false,false,false,false,false,,,,,,false,false,false,,,false,false,false,false,false,-83.06008,42.35069,"{
  ""coordinates"": [
    -8.306008437600001e+01,
    4.235068896500010e+01
  ],
  ""type"": ""Point""
}","{
  ""coordinates"": [
    -83.060084376,
    42.350688965
  ],
  ""type"": ""Point""
}",-83.060084376,42.3506889650001
15034,9705010,MT ELLIOTT,WARREN,2016-05-08,8,5,2016,1,1,5,9,,4,0,,1,1,4,35,4,2,3,5,0,0,0,0,true,,false,false,true,false,false,,,,,,false,false,true,,,false,false,false,false,false,-83.02763,42.37045,"{
  ""coordinates"": [
    -8.302762946999999e+01,
    4.237044590900010e+01
  ],
  ""type"": ""Point""
}","{
  ""coordinates"": [
    -83.02762947,
    42.370445909
  ],
  ""type"": ""Point""
}",-83.02762947,42.3704459090001
15035,9693191,MCNICHOLS,ROBSON,2016-05-08,8,5,2016,0,1,4,9,,2,0,,1,1,4,30,4,2,8,3,0,0,1,6,false,,false,false,false,false,false,,,,,,false,false,false,,,false,false,false,false,false,-83.19327,42.41627,"{
  ""coordinates"": [
    -8.319326510799991e+01,
    4.241627264100000e+01
  ],
  ""type"": ""Point""
}","{
  ""coordinates"": [
    -83.193265108,
    42.416272641
  ],
  ""type"": ""Point""
}",-83.1932651079999,42.416272641
15036,9692417,PHILADELPHIA,2ND,2016-05-08,8,5,2016,16,1,8,9,,,0,,1,1,1,30,2,2,2,5,0,0,0,0,true,,false,false,false,false,false,,,,,,false,false,true,,,false,false,false,false,false,-83.08145,42.37688,"{
  ""coordinates"": [
    -8.308145508299999e+01,
    4.237688003900010e+01
  ],
  ""type"": ""Point""
}","{
  ""coordinates"": [
    -83.081455083,
    42.376880039
  ],
  ""type"": ""Point""
}",-83.081455083,42.3768800390001
15037,9715890,OUTER,COYLE,2016-05-08,8,5,2016,13,1,4,9,,2,0,,1,1,1,30,3,2,3,5,0,0,0,0,true,,false,false,false,false,false,,,,,,false,true,false,,,false,false,false,false,false,-83.19404,42.4197,"{
  ""coordinates"": [
    -8.319403908000000e+01,
    4.241970101900010e+01
  ],
  ""type"": ""Point""
}","{
  ""coordinates"": [
    -83.19403908,
    42.419701019
  ],
  ""type"": ""Point""
}",-83.19403908,42.4197010190001
15038,9706339,BARTON,LIVERNOIS,2016-05-08,8,5,2016,16,1,2,9,,,0,,1,1,1,25,2,2,1,5,0,0,0,0,true,,false,false,true,false,false,,,,,,false,false,false,,,false,false,false,false,false,-83.13538,42.35035,"{
  ""coordinates"": [
    -8.313538005399990e+01,
    4.235034846200010e+01
  ],
  ""type"": ""Point""
}","{
  ""coordinates"": [
    -83.135380054,
    42.350348462
  ],
  ""type"": ""Point""
}",-83.1353800539999,42.3503484620001
15039,9834511,MCNICHOLS,ROBSON,2016-05-08,8,5,2016,1,1,8,9,,2,0,,1,1,4,35,2,2,3,3,0,0,2,1,false,,false,false,false,true,false,,,,,,false,false,false,,,false,false,false,false,false,-83.19327,42.41627,"{
  ""coordinates"": [
    -8.319326510799991e+01,
    4.241627264100000e+01
  ],
  ""type"": ""Point""
}","{
  ""coordinates"": [
    -83.193265108,
    42.416272641
  ],
  ""type"": ""Point""
}",-83.1932651079999,42.416272641
15040,9698249,M-10,SELDON,2016-05-08,8,5,2016,22,1,5,9,,4,0,,1,1,5,55,3,2,2,4,0,0,0,1,false,,false,false,false,false,false,,,,,,false,false,false,,,false,false,true,false,false,-83.06911,42.34627,"{
  ""coordinates"": [
    -8.306911432500000e+01,
    4.234627142500010e+01
  ],
  ""type"": ""Point""
}","{
  ""coordinates"": [
    -83.069114325,
    42.346271425
  ],
  ""type"": ""Point""
}",-83.069114325,42.3462714250001