ObjectId,Crash ID,Primary Road,Intersecting Road,Crash Date,Day,Month,Year,Hour,Weekday,Crash Type Code,Highway Classification Code,Community Code,Jurisdiction Code,Lane Departure Type Code,Surface Type,Road Condition,Weather Condition,Lighting Condition,Speed Limit,Lanes,Units,Occupants,Most Severe Injury,Fatal Injuries,Suspected Serious Injuries,Suspected Minor Injuries,Possible Injuries,Property Damage Only,Secondary Crash,Traffic Control,Red Light Run,Hit and Run,Alcohol,Drugs,Unbelted Person,Work Zone,Speeding Driver,Distracted Driver,Driveway,Pedestrian,Elderly Driver,Young Driver,Commercial Vehicle,Emergency Vehicles,Train,School Bus,Motorcycle,Bicycle,Deer,Longitude,Latitude,geom,geog,x,y
15098,9692424,DAVISON,LIVERNOIS,2016-05-07,7,5,2016,20,7,8,3,,1,0,,1,1,4,25,4,2,3,5,0,0,0,0,true,,false,false,false,false,false,,,,,,false,false,false,,,false,false,false,false,false,-83.13942,42.3867,"{
  ""coordinates"": [
    -8.313942161999999e+01,
    4.238669483000010e+01
  ],
  ""type"": ""Point""
}","{
  ""coordinates"": [
    -83.13942162,
    42.38669483
  ],
  ""type"": ""Point""
}",-83.13942162,42.3866948300001
15099,9693067,S I 75,FORT,2016-05-07,7,5,2016,19,7,5,1,,1,0,,1,1,1,55,4,2,3,4,0,0,0,1,false,,false,false,false,false,false,,,,,,false,false,false,,,false,false,false,false,false,-83.15223,42.27906,"{
  ""coordinates"": [
    -8.315222652800000e+01,
    4.227906594200000e+01
  ],
  ""type"": ""Point""
}","{
  ""coordinates"": [
    -83.152226528,
    42.279065942
  ],
  ""type"": ""Point""
}",-83.152226528,42.279065942
15100,9706502,MCNICHOLS,HARLOW,2016-05-07,7,5,2016,17,7,97,9,,2,0,,1,1,1,35,4,2,1,5,0,0,0,0,true,,false,false,true,false,false,,,,,,false,false,false,,,false,false,false,false,false,-83.21554,42.41562,"{
  ""coordinates"": [
    -8.321553601100000e+01,
    4.241562139200000e+01
  ],
  ""type"": ""Point""
}","{
  ""coordinates"": [
    -83.215536011,
    42.415621392
  ],
  ""type"": ""Point""
}",-83.215536011,42.415621392
15101,9715725,FENKELL,WYOMING,2016-05-07,7,5,2016,1,7,9,9,,2,0,,98,98,98,30,2,2,2,5,0,0,0,0,true,,false,false,false,false,false,,,,,,false,false,false,,,false,false,false,false,false,-83.15986,42.40251,"{
  ""coordinates"": [
    -8.315985540699999e+01,
    4.240251003500000e+01
  ],
  ""type"": ""Point""
}","{
  ""coordinates"": [
    -83.159855407,
    42.402510035
  ],
  ""type"": ""Point""
}",-83.159855407,42.402510035
15102,9699768,I-75,WARREN,2016-05-07,7,5,2016,17,7,5,1,,1,0,,1,1,1,70,4,2,5,5,0,0,0,0,true,,false,false,false,false,false,,,,,,false,false,true,,,false,false,false,false,false,-83.05341,42.3596,"{
  ""coordinates"": [
    -8.305340215599990e+01,
    4.235959870000000e+01
  ],
  ""type"": ""Point""
}","{
  ""coordinates"": [
    -83.053402156,
    42.3595987
  ],
  ""type"": ""Point""
}",-83.0534021559999,42.3595987
15103,9706428,VERNOR,WENDELL,2016-05-07,7,5,2016,21,7,8,9,,4,0,,1,1,4,25,4,2,0,5,0,0,0,0,true,,false,false,true,false,false,,,,,,false,false,false,,,false,false,false,false,false,-83.13096,42.30991,"{
  ""coordinates"": [
    -8.313095877700000e+01,
    4.230991015500010e+01
  ],
  ""type"": ""Point""
}","{
  ""coordinates"": [
    -83.130958777,
    42.309910155
  ],
  ""type"": ""Point""
}",-83.130958777,42.3099101550001
15104,9706371,ESPER,OTTO,2016-05-07,7,5,2016,4,7,8,9,,,3,,1,1,5,25,2,2,0,5,0,0,0,0,true,,false,false,true,false,false,,,,,,false,false,false,,,false,false,false,false,false,-83.15652,42.36005,"{
  ""coordinates"": [
    -8.315652432000000e+01,
    4.236005408600000e+01
  ],
  ""type"": ""Point""
}","{
  ""coordinates"": [
    -83.15652432,
    42.360054086
  ],
  ""type"": ""Point""
}",-83.15652432,42.360054086
15105,9723808,MARLOWE,CLARITA,2016-05-07,7,5,2016,1,7,97,9,,,0,,1,1,4,25,1,3,1,4,0,0,0,1,false,,false,false,false,true,false,,,,,,false,false,false,,,false,false,false,false,false,-83.19118,42.42867,"{
  ""coordinates"": [
    -8.319117893700000e+01,
    4.242867109600010e+01
  ],
  ""type"": ""Point""
}","{
  ""coordinates"": [
    -83.191178937,
    42.428671096
  ],
  ""type"": ""Point""
}",-83.191178937,42.4286710960001
15106,9704997,LIVERNOIS,BUCHANAN,2016-05-07,7,5,2016,16,7,8,9,,4,0,,1,2,1,35,7,3,3,5,0,0,0,0,true,,false,false,true,false,false,,,,,,false,false,true,,,false,false,false,false,false,-83.12128,42.33242,"{
  ""coordinates"": [
    -8.312128266900000e+01,
    4.233241941600010e+01
  ],
  ""type"": ""Point""
}","{
  ""coordinates"": [
    -83.121282669,
    42.332419416
  ],
  ""type"": ""Point""
}",-83.121282669,42.3324194160001
15107,9715642,STATE FAIR,ANNOTT,2016-05-07,7,5,2016,12,7,5,9,,4,3,,1,2,1,30,2,2,1,5,0,0,0,0,true,,false,false,false,false,false,,,,,,false,false,true,,,false,false,false,false,false,-83.00175,42.44178,"{
  ""coordinates"": [
    -8.300175610100000e+01,
    4.244177782600010e+01
  ],
  ""type"": ""Point""
}","{
  ""coordinates"": [
    -83.001756101,
    42.441777826
  ],
  ""type"": ""Point""
}",-83.001756101,42.4417778260001
15108,9693057,M-39,JOY,2016-05-07,7,5,2016,4,7,5,3,,1,0,,1,1,4,55,3,2,2,2,0,2,0,0,false,,false,false,false,true,false,,,,,,false,false,false,,,false,false,false,false,false,-83.21658,42.35812,"{
  ""coordinates"": [
    -8.321658496200000e+01,
    4.235811892600000e+01
  ],
  ""type"": ""Point""
}","{
  ""coordinates"": [
    -83.216584962,
    42.358118926
  ],
  ""type"": ""Point""
}",-83.216584962,42.358118926
15109,9695700,MARTIN,PARKWOOD,2016-05-07,7,5,2016,6,7,8,9,,4,0,,1,1,2,25,2,3,0,5,0,0,0,0,true,,false,false,true,false,false,,,,,,false,false,false,,,false,false,false,false,false,-83.12643,42.32964,"{
  ""coordinates"": [
    -8.312643186299989e+01,
    4.232964353600000e+01
  ],
  ""type"": ""Point""
}","{
  ""coordinates"": [
    -83.126431863,
    42.329643536
  ],
  ""type"": ""Point""
}",-83.1264318629999,42.329643536
15110,9705034,DAVISON,LAWTON,2016-05-07,7,5,2016,16,7,5,3,,1,0,,1,1,1,35,5,2,3,4,0,0,0,1,false,,false,false,false,false,false,,,,,,false,true,false,,,false,false,false,false,false,-83.12487,42.39196,"{
  ""coordinates"": [
    -8.312487270400000e+01,
    4.239195672400010e+01
  ],
  ""type"": ""Point""
}","{
  ""coordinates"": [
    -83.124872704,
    42.391956724
  ],
  ""type"": ""Point""
}",-83.124872704,42.3919567240001
15111,9737709,MICHIGAN,CABOT,2016-05-07,7,5,2016,19,7,4,2,,1,0,,1,1,1,35,5,2,3,4,0,0,0,1,false,,false,false,false,false,false,,,,,,false,false,true,,,false,false,false,false,false,-83.14954,42.32969,"{
  ""coordinates"": [
    -8.314954237200000e+01,
    4.232968890300000e+01
  ],
  ""type"": ""Point""
}","{
  ""coordinates"": [
    -83.149542372,
    42.329688903
  ],
  ""type"": ""Point""
}",-83.149542372,42.329688903
15112,9737767,BROCK,TROESTER,2016-05-07,7,5,2016,20,7,97,9,,,0,,1,1,1,0,2,2,1,3,0,0,1,0,false,,false,false,true,false,false,,,,,,true,false,false,,,false,false,false,false,false,-82.96279,42.42643,"{
  ""coordinates"": [
    -8.296279249700000e+01,
    4.242642496800000e+01
  ],
  ""type"": ""Point""
}","{
  ""coordinates"": [
    -82.962792497,
    42.426424968
  ],
  ""type"": ""Point""
}",-82.962792497,42.426424968
15113,9692425,JOHN R,MARGARET,2016-05-07,7,5,2016,12,7,4,9,,4,0,,2,4,1,25,2,2,3,4,0,0,0,1,false,,false,false,false,false,false,,,,,,false,true,false,,,false,false,false,false,false,-83.10211,42.42616,"{
  ""coordinates"": [
    -8.310211536199991e+01,
    4.242615325400000e+01
  ],
  ""type"": ""Point""
}","{
  ""coordinates"": [
    -83.102115362,
    42.426153254
  ],
  ""type"": ""Point""
}",-83.1021153619999,42.426153254
15114,9706386,LONYO,MICHIGAN,2016-05-07,7,5,2016,8,7,9,2,,4,2,,1,1,1,30,2,2,1,5,0,0,0,0,true,,false,false,true,false,false,,,,,,false,false,false,,,false,false,false,false,false,-83.1443,42.33026,"{
  ""coordinates"": [
    -8.314430141400000e+01,
    4.233025704000000e+01
  ],
  ""type"": ""Point""
}","{
  ""coordinates"": [
    -83.144301414,
    42.33025704
  ],
  ""type"": ""Point""
}",-83.144301414,42.33025704
15115,9736435,FRANKFORT,LAKEWOOD,2016-05-07,7,5,2016,17,7,98,9,,,0,,1,1,98,25,2,2,0,5,0,0,0,0,true,,false,false,true,false,false,,,,,,false,false,false,,,false,false,false,false,false,-82.96075,42.39678,"{
  ""coordinates"": [
    -8.296074642600000e+01,
    4.239677783500010e+01
  ],
  ""type"": ""Point""
}","{
  ""coordinates"": [
    -82.960746426,
    42.396777835
  ],
  ""type"": ""Point""
}",-82.960746426,42.3967778350001
15116,9691747,WYOMING,SCHOOLCRAFT,2016-05-07,7,5,2016,20,7,4,9,,4,0,,1,2,1,35,3,2,1,5,0,0,0,0,true,,false,false,true,false,false,,,,,,false,false,false,,,false,false,false,false,false,-83.15907,42.3885,"{
  ""coordinates"": [
    -8.315906232400000e+01,
    4.238849888700000e+01
  ],
  ""type"": ""Point""
}","{
  ""coordinates"": [
    -83.159062324,
    42.388498887
  ],
  ""type"": ""Point""
}",-83.159062324,42.388498887
15117,9730849,PHILADELPHIA,BEAUBIEN,2016-05-07,7,5,2016,0,7,4,9,,,0,,1,1,4,25,3,2,2,2,0,2,0,2,false,,true,false,true,false,false,,,,,,false,false,true,,,false,false,false,false,false,-83.07267,42.38015,"{
  ""coordinates"": [
    -8.307266721799991e+01,
    4.238014782600000e+01
  ],
  ""type"": ""Point""
}","{
  ""coordinates"": [
    -83.072667218,
    42.380147826
  ],
  ""type"": ""Point""
}",-83.0726672179999,42.380147826
15118,9997617,MACOMB,BRUSH,2016-05-07,7,5,2016,1,7,5,9,,4,0,,1,1,4,25,1,2,3,5,0,0,0,0,true,,false,false,true,false,false,,,,,,false,false,false,,,false,false,false,false,false,-83.04403,42.33517,"{
  ""coordinates"": [
    -8.304402881000000e+01,
    4.233517394800000e+01
  ],
  ""type"": ""Point""
}","{
  ""coordinates"": [
    -83.04402881,
    42.335173948
  ],
  ""type"": ""Point""
}",-83.04402881,42.335173948
15119,9693957,W I 96,RAMP 213J,2016-05-06,6,5,2016,2,6,5,1,,1,0,,1,2,4,55,5,2,2,3,0,0,1,0,false,,false,false,false,true,false,,,,,,false,false,true,,,false,false,false,false,false,-83.09775,42.34846,"{
  ""coordinates"": [
    -8.309774813400000e+01,
    4.234846163100010e+01
  ],
  ""type"": ""Point""
}","{
  ""coordinates"": [
    -83.097748134,
    42.348461631
  ],
  ""type"": ""Point""
}",-83.097748134,42.3484616310001
15120,9691744,MOROSS,LAING,2016-05-06,6,5,2016,17,6,4,9,,2,0,,1,1,1,35,2,2,2,4,0,0,0,1,false,,false,false,false,false,false,,,,,,false,false,false,,,false,false,false,false,false,-82.94889,42.43304,"{
  ""coordinates"": [
    -8.294888729600000e+01,
    4.243304381800000e+01
  ],
  ""type"": ""Point""
}","{
  ""coordinates"": [
    -82.948887296,
    42.433043818
  ],
  ""type"": ""Point""
}",-82.948887296,42.433043818
15121,9693056,I-94,VAN DYKE,2016-05-06,6,5,2016,20,6,1,1,,1,1,,1,1,1,55,3,1,1,5,0,0,0,0,true,,false,false,false,false,false,,,,,,false,false,true,,,false,false,false,false,false,-83.02473,42.38508,"{
  ""coordinates"": [
    -8.302473095999990e+01,
    4.238507925600000e+01
  ],
  ""type"": ""Point""
}","{
  ""coordinates"": [
    -83.02473096,
    42.385079256
  ],
  ""type"": ""Point""
}",-83.0247309599999,42.385079256
15122,9792896,S I 75,I 75 SERVICE DRIVE,2016-05-06,6,5,2016,16,6,5,1,,1,0,,1,1,1,70,4,2,3,5,0,0,0,0,true,,false,false,false,false,false,,,,,,false,false,false,,,false,false,false,false,false,-83.09496,42.43311,"{
  ""coordinates"": [
    -8.309496257900000e+01,
    4.243311160800000e+01
  ],
  ""type"": ""Point""
}","{
  ""coordinates"": [
    -83.094962579,
    42.433111608
  ],
  ""type"": ""Point""
}",-83.094962579,42.433111608
15123,9691752,OUTER,VAN DYKE,2016-05-06,6,5,2016,0,6,4,3,,2,0,,1,1,4,35,4,2,2,5,0,0,0,0,true,,false,false,false,false,false,,,,,,false,false,false,,,false,false,false,false,false,-83.02449,42.44134,"{
  ""coordinates"": [
    -8.302449228099989e+01,
    4.244134015100010e+01
  ],
  ""type"": ""Point""
}","{
  ""coordinates"": [
    -83.024492281,
    42.441340151
  ],
  ""type"": ""Point""
}",-83.0244922809999,42.4413401510001
15124,9692418,SAINT ANTOINE,FREDERICK DOUGLASS,2016-05-06,6,5,2016,17,6,10,9,,4,3,,1,1,1,15,1,2,3,5,0,0,0,0,true,,false,false,false,false,false,,,,,,false,false,false,,,false,false,false,false,false,-83.05817,42.36151,"{
  ""coordinates"": [
    -8.305817447000000e+01,
    4.236150929500010e+01
  ],
  ""type"": ""Point""
}","{
  ""coordinates"": [
    -83.05817447,
    42.361509295
  ],
  ""type"": ""Point""
}",-83.05817447,42.3615092950001
15125,9715876,WYOMING,GROVE,2016-05-06,6,5,2016,16,6,8,9,,4,0,,1,1,1,30,3,2,5,5,0,0,0,0,true,,false,false,false,false,false,,,,,,false,false,false,,,false,false,false,false,false,-83.16019,42.41424,"{
  ""coordinates"": [
    -8.316019555000000e+01,
    4.241424194800000e+01
  ],
  ""type"": ""Point""
}","{
  ""coordinates"": [
    -83.16019555,
    42.414241948
  ],
  ""type"": ""Point""
}",-83.16019555,42.414241948
15126,9706534,GRAND RIVER,OUTER,2016-05-06,6,5,2016,13,6,8,3,,1,0,,1,1,1,35,3,2,2,5,0,0,0,0,true,,false,false,false,false,false,,,,,,false,true,false,,,false,false,false,false,false,-83.23251,42.40642,"{
  ""coordinates"": [
    -8.323251276000001e+01,
    4.240641973400010e+01
  ],
  ""type"": ""Point""
}","{
  ""coordinates"": [
    -83.23251276,
    42.406419734
  ],
  ""type"": ""Point""
}",-83.23251276,42.4064197340001
15127,9706474,MARYLAND,WARREN,2016-05-06,6,5,2016,15,6,1,9,,,1,,1,1,1,25,2,2,1,3,0,0,1,0,false,,false,false,true,false,false,,,,,,true,false,false,,,false,false,false,false,false,-82.95286,42.39824,"{
  ""coordinates"": [
    -8.295285703800000e+01,
    4.239823568200010e+01
  ],
  ""type"": ""Point""
}","{
  ""coordinates"": [
    -82.952857038,
    42.398235682
  ],
  ""type"": ""Point""
}",-82.952857038,42.3982356820001
15128,9706328,PURTIAN,SCHAEFER,2016-05-06,6,5,2016,16,6,5,9,,4,0,,1,1,1,30,3,2,4,5,0,0,0,0,true,,false,false,false,false,false,,,,,,false,false,false,,,false,false,false,false,false,-83.1795,42.40936,"{
  ""coordinates"": [
    -8.317949671600000e+01,
    4.240935812400010e+01
  ],
  ""type"": ""Point""
}","{
  ""coordinates"": [
    -83.179496716,
    42.409358124
  ],
  ""type"": ""Point""
}",-83.179496716,42.4093581240001
15129,9792840,S I 75,RAMP 216H,2016-05-06,6,5,2016,15,6,8,1,,1,0,,1,1,1,55,3,2,1,5,0,0,0,0,true,,false,false,true,false,false,,,,,,false,false,false,,,false,false,false,false,false,-83.05836,42.36885,"{
  ""coordinates"": [
    -8.305835637000000e+01,
    4.236884900000010e+01
  ],
  ""type"": ""Point""
}","{
  ""coordinates"": [
    -83.05835637,
    42.368849
  ],
  ""type"": ""Point""
}",-83.05835637,42.3688490000001
15130,9792847,I-75,SPRINGWELLS,2016-05-06,6,5,2016,13,6,5,1,,1,0,,1,1,1,55,4,2,2,5,0,0,0,0,true,,false,false,false,false,false,,,,,,false,true,false,,,false,false,false,false,false,-83.11761,42.30225,"{
  ""coordinates"": [
    -8.311761544599990e+01,
    4.230224457700010e+01
  ],
  ""type"": ""Point""
}","{
  ""coordinates"": [
    -83.117615446,
    42.302244577
  ],
  ""type"": ""Point""
}",-83.1176154459999,42.3022445770001
15131,9693192,CRAWFORD,ARMY,2016-05-06,6,5,2016,10,6,4,9,,,0,,1,1,1,25,4,2,2,5,0,0,0,0,true,,true,false,false,false,false,,,,,,false,false,true,,,false,false,false,false,false,-83.10786,42.30967,"{
  ""coordinates"": [
    -8.310786162200000e+01,
    4.230967385700010e+01
  ],
  ""type"": ""Point""
}","{
  ""coordinates"": [
    -83.107861622,
    42.309673857
  ],
  ""type"": ""Point""
}",-83.107861622,42.3096738570001
15132,9792832,I-96,BUCHANAN,2016-05-06,6,5,2016,7,6,1,1,,1,1,,1,1,1,55,4,1,1,5,0,0,0,0,true,,false,false,false,false,false,,,,,,false,false,false,,,false,false,false,false,false,-83.09446,42.34227,"{
  ""coordinates"": [
    -8.309445969300000e+01,
    4.234226481600010e+01
  ],
  ""type"": ""Point""
}","{
  ""coordinates"": [
    -83.094459693,
    42.342264816
  ],
  ""type"": ""Point""
}",-83.094459693,42.3422648160001
15133,9693954,E/B I 94,WOODWARD,2016-05-06,6,5,2016,4,6,5,1,,1,0,,1,1,4,55,3,2,2,5,0,0,0,0,true,,false,false,false,false,false,,,,,,false,false,true,,,false,false,false,false,false,-83.0704,42.36276,"{
  ""coordinates"": [
    -8.307039646100000e+01,
    4.236276309800010e+01
  ],
  ""type"": ""Point""
}","{
  ""coordinates"": [
    -83.070396461,
    42.362763098
  ],
  ""type"": ""Point""
}",-83.070396461,42.3627630980001
15134,9706551,S M 39 SERVICE DRIVE,FORD,2016-05-06,6,5,2016,6,6,5,3,,1,0,,1,1,2,30,2,2,2,5,0,0,0,0,true,,false,false,false,false,false,,,,,,false,true,false,,,false,false,false,false,false,-83.216,42.32914,"{
  ""coordinates"": [
    -8.321599899700000e+01,
    4.232913538400000e+01
  ],
  ""type"": ""Point""
}","{
  ""coordinates"": [
    -83.215998997,
    42.329135384
  ],
  ""type"": ""Point""
}",-83.215998997,42.329135384
15135,9700068,CASS,PUTNAM,2016-05-06,6,5,2016,15,6,5,9,,4,0,,1,1,1,25,1,2,2,5,0,0,0,0,true,,false,false,false,false,false,,,,,,false,false,false,,,false,false,false,false,false,-83.06721,42.35696,"{
  ""coordinates"": [
    -8.306720704799990e+01,
    4.235695969500010e+01
  ],
  ""type"": ""Point""
}","{
  ""coordinates"": [
    -83.067207048,
    42.356959695
  ],
  ""type"": ""Point""
}",-83.0672070479999,42.3569596950001
15136,9792838,I 75,CANIFF,2016-05-06,6,5,2016,7,6,5,9,,4,0,,1,1,1,55,4,2,2,5,0,0,0,0,true,,false,false,false,false,false,,,,,,false,false,false,,,false,false,false,false,false,-83.06943,42.39291,"{
  ""coordinates"": [
    -8.306942707800000e+01,
    4.239290881800010e+01
  ],
  ""type"": ""Point""
}","{
  ""coordinates"": [
    -83.069427078,
    42.392908818
  ],
  ""type"": ""Point""
}",-83.069427078,42.3929088180001
15137,9691755,MOUND,7 MILE,2016-05-06,6,5,2016,17,6,4,9,,2,0,,1,1,1,35,4,2,3,5,0,0,0,0,true,,false,false,true,false,false,,,,,,false,false,false,,,false,false,false,false,false,-83.04338,42.43354,"{
  ""coordinates"": [
    -8.304338051300000e+01,
    4.243354478000000e+01
  ],
  ""type"": ""Point""
}","{
  ""coordinates"": [
    -83.043380513,
    42.43354478
  ],
  ""type"": ""Point""
}",-83.043380513,42.43354478
15138,9699719,SOUTHFIELD,GRANDRIVER,2016-05-06,6,5,2016,15,6,5,3,,1,0,,1,1,1,55,3,2,3,5,0,0,0,0,true,,false,false,false,false,false,,,,,,false,false,false,,,false,false,false,false,false,-83.21838,42.40094,"{
  ""coordinates"": [
    -8.321837699100000e+01,
    4.240094247100010e+01
  ],
  ""type"": ""Point""
}","{
  ""coordinates"": [
    -83.218376991,
    42.400942471
  ],
  ""type"": ""Point""
}",-83.218376991,42.4009424710001
15139,9691716,WARREN,CENTRAL,2016-05-06,6,5,2016,15,6,5,9,,4,0,,1,1,1,30,5,2,4,4,0,0,0,1,false,,false,false,false,false,false,,,,,,false,false,true,,,false,false,false,false,false,-83.14581,42.34475,"{
  ""coordinates"": [
    -8.314581536000000e+01,
    4.234474597700010e+01
  ],
  ""type"": ""Point""
}","{
  ""coordinates"": [
    -83.14581536,
    42.344745977
  ],
  ""type"": ""Point""
}",-83.14581536,42.3447459770001
15140,9735545,7 MILE,STRASBURG,2016-05-06,6,5,2016,16,6,98,9,,4,0,,1,1,3,35,2,3,4,4,0,0,0,2,false,,true,true,false,false,false,,,,,,false,true,true,,,false,false,false,false,false,-82.99851,42.43461,"{
  ""coordinates"": [
    -8.299851469600000e+01,
    4.243460765700010e+01
  ],
  ""type"": ""Point""
}","{
  ""coordinates"": [
    -82.998514696,
    42.434607657
  ],
  ""type"": ""Point""
}",-82.998514696,42.4346076570001
15141,9706535,E I 94,S M 10,2016-05-06,6,5,2016,21,6,1,1,,1,0,,1,1,4,55,4,1,1,4,0,0,0,1,false,,false,false,false,false,false,,,,,,false,false,false,,,false,false,false,false,false,-83.07645,42.35879,"{
  ""coordinates"": [
    -8.307644510999999e+01,
    4.235879319800010e+01
  ],
  ""type"": ""Point""
}","{
  ""coordinates"": [
    -83.07644511,
    42.358793198
  ],
  ""type"": ""Point""
}",-83.07644511,42.3587931980001
15142,9691726,EDSEL FORD FWY SD,BRUSH,2016-05-06,6,5,2016,11,6,4,1,,1,0,,1,2,4,30,4,2,5,4,0,0,0,2,false,,false,false,false,false,false,,,,,,false,false,true,,,false,false,false,false,false,-83.06455,42.36578,"{
  ""coordinates"": [
    -8.306455155200000e+01,
    4.236577843200010e+01
  ],
  ""type"": ""Point""
}","{
  ""coordinates"": [
    -83.064551552,
    42.365778432
  ],
  ""type"": ""Point""
}",-83.064551552,42.3657784320001
15143,9693955,E/B I 94,CONNER,2016-05-06,6,5,2016,5,6,1,1,,1,1,,1,1,2,55,3,1,2,3,0,0,2,0,false,,false,false,false,false,false,,,,,,false,false,false,,,false,false,false,false,false,-82.98611,42.39752,"{
  ""coordinates"": [
    -8.298611540500001e+01,
    4.239752332000010e+01
  ],
  ""type"": ""Point""
}","{
  ""coordinates"": [
    -82.986115405,
    42.39752332
  ],
  ""type"": ""Point""
}",-82.986115405,42.3975233200001
15144,9691719,5TH,FORT,2016-05-06,6,5,2016,9,6,8,3,,4,0,,1,1,1,25,2,2,2,5,0,0,0,0,true,,false,false,false,false,false,,,,,,false,false,false,,,false,false,false,false,false,-83.0568,42.32698,"{
  ""coordinates"": [
    -8.305679882800000e+01,
    4.232697553600010e+01
  ],
  ""type"": ""Point""
}","{
  ""coordinates"": [
    -83.056798828,
    42.326975536
  ],
  ""type"": ""Point""
}",-83.056798828,42.3269755360001
15145,9699749,I-96,MLK,2016-05-06,6,5,2016,8,6,5,1,,1,0,,1,1,1,70,5,2,2,5,0,0,0,0,true,,false,false,false,false,false,,,,,,false,false,true,,,false,false,false,false,false,-83.09364,42.34088,"{
  ""coordinates"": [
    -8.309363358699990e+01,
    4.234087587000000e+01
  ],
  ""type"": ""Point""
}","{
  ""coordinates"": [
    -83.093633587,
    42.34087587
  ],
  ""type"": ""Point""
}",-83.0936335869999,42.34087587
15146,9792846,M-39,8 MILE,2016-05-06,6,5,2016,7,6,5,3,,1,0,,1,1,1,55,3,2,2,5,0,0,0,0,true,,false,false,false,false,false,,,,,,false,false,false,,,false,false,false,false,false,-83.21982,42.44055,"{
  ""coordinates"": [
    -8.321981737899991e+01,
    4.244054781300010e+01
  ],
  ""type"": ""Point""
}","{
  ""coordinates"": [
    -83.219817379,
    42.440547813
  ],
  ""type"": ""Point""
}",-83.2198173789999,42.4405478130001
15147,9691758,JAMES COUZENS,7 MILE,2016-05-06,6,5,2016,8,6,6,9,,4,0,,1,1,1,30,3,2,1,5,0,0,0,0,true,,false,false,true,false,false,,,,,,false,false,false,,,false,false,false,false,false,-83.18663,42.43084,"{
  ""coordinates"": [
    -8.318662750999989e+01,
    4.243084475500010e+01
  ],
  ""type"": ""Point""
}","{
  ""coordinates"": [
    -83.18662751,
    42.430844755
  ],
  ""type"": ""Point""
}",-83.1866275099999,42.4308447550001
15148,9737783,DAVISON,BROADSTREET,2016-05-06,6,5,2016,15,6,5,3,,1,0,,98,98,98,35,3,2,1,5,0,0,0,0,true,,false,false,true,false,false,,,,,,false,false,false,,,false,false,false,false,false,-83.13925,42.38652,"{
  ""coordinates"": [
    -8.313924943300000e+01,
    4.238651899900000e+01
  ],
  ""type"": ""Point""
}","{
  ""coordinates"": [
    -83.139249433,
    42.386518999
  ],
  ""type"": ""Point""
}",-83.139249433,42.386518999
15149,9715621,SEVEN MILE,FAIRPORT,2016-05-06,6,5,2016,9,6,9,9,,4,2,,1,1,1,35,1,2,3,4,0,0,0,2,false,,false,false,false,false,false,,,,,,false,true,true,,,false,false,false,false,false,-82.99092,42.43479,"{
  ""coordinates"": [
    -8.299092054999990e+01,
    4.243478713000010e+01
  ],
  ""type"": ""Point""
}","{
  ""coordinates"": [
    -82.99092055,
    42.43478713
  ],
  ""type"": ""Point""
}",-82.9909205499999,42.4347871300001
15150,9735546,CHALMERS,ELMDALE,2016-05-06,6,5,2016,17,6,8,9,,4,0,,1,1,1,25,2,2,3,5,0,0,0,0,true,,false,false,true,false,false,,,,,,false,false,false,,,false,false,false,false,false,-82.96803,42.41025,"{
  ""coordinates"": [
    -8.296802593599990e+01,
    4.241024639500010e+01
  ],
  ""type"": ""Point""
}","{
  ""coordinates"": [
    -82.968025936,
    42.410246395
  ],
  ""type"": ""Point""
}",-82.9680259359999,42.4102463950001
15151,9691741,MORANG,DUPREY,2016-05-06,6,5,2016,14,6,5,9,,4,3,,1,1,1,30,2,2,1,5,0,0,0,0,true,,false,false,true,false,false,,,,,,false,false,false,,,false,false,false,false,false,-82.93752,42.42102,"{
  ""coordinates"": [
    -8.293751755800000e+01,
    4.242102329400010e+01
  ],
  ""type"": ""Point""
}","{
  ""coordinates"": [
    -82.937517558,
    42.421023294
  ],
  ""type"": ""Point""
}",-82.937517558,42.4210232940001
15152,9715634,7 MILE,RENO,2016-05-06,6,5,2016,14,6,4,9,,4,0,,1,1,1,30,2,2,2,5,0,0,0,0,true,,false,false,false,false,false,,,,,,false,false,false,,,false,false,false,false,false,-82.98293,42.43496,"{
  ""coordinates"": [
    -8.298292532999990e+01,
    4.243496089300000e+01
  ],
  ""type"": ""Point""
}","{
  ""coordinates"": [
    -82.98292533,
    42.434960893
  ],
  ""type"": ""Point""
}",-82.9829253299999,42.434960893
15153,9691745,WARREN,MCGRAW,2016-05-06,6,5,2016,10,6,1,9,,4,0,,1,1,1,35,6,1,1,4,0,0,0,1,false,,false,false,false,false,false,,,,,,false,false,false,,,false,false,false,false,false,-83.11774,42.34461,"{
  ""coordinates"": [
    -8.311774765800000e+01,
    4.234461232800000e+01
  ],
  ""type"": ""Point""
}","{
  ""coordinates"": [
    -83.117747658,
    42.344612328
  ],
  ""type"": ""Point""
}",-83.117747658,42.344612328
15154,9750437,M-39,FENKELL,2016-05-06,6,5,2016,13,6,97,3,,1,0,,1,1,1,55,3,6,6,5,0,0,0,0,true,,false,false,false,false,false,,,,,,false,false,false,,,false,false,false,false,false,-83.21837,42.40167,"{
  ""coordinates"": [
    -8.321836703900000e+01,
    4.240166685200010e+01
  ],
  ""type"": ""Point""
}","{
  ""coordinates"": [
    -83.218367039,
    42.401666852
  ],
  ""type"": ""Point""
}",-83.218367039,42.4016668520001
15155,9792839,M 10,PALLISTER,2016-05-06,6,5,2016,8,6,5,3,,1,0,,1,1,1,55,4,2,2,5,0,0,0,0,true,,false,false,false,false,false,,,,,,false,false,false,,,false,false,false,false,false,-83.08419,42.37048,"{
  ""coordinates"": [
    -8.308419150299990e+01,
    4.237047915900010e+01
  ],
  ""type"": ""Point""
}","{
  ""coordinates"": [
    -83.084191503,
    42.370479159
  ],
  ""type"": ""Point""
}",-83.0841915029999,42.3704791590001