ObjectId,Crash ID,Primary Road,Intersecting Road,Crash Date,Day,Month,Year,Hour,Weekday,Crash Type Code,Highway Classification Code,Community Code,Jurisdiction Code,Lane Departure Type Code,Surface Type,Road Condition,Weather Condition,Lighting Condition,Speed Limit,Lanes,Units,Occupants,Most Severe Injury,Fatal Injuries,Suspected Serious Injuries,Suspected Minor Injuries,Possible Injuries,Property Damage Only,Secondary Crash,Traffic Control,Red Light Run,Hit and Run,Alcohol,Drugs,Unbelted Person,Work Zone,Speeding Driver,Distracted Driver,Driveway,Pedestrian,Elderly Driver,Young Driver,Commercial Vehicle,Emergency Vehicles,Train,School Bus,Motorcycle,Bicycle,Deer,Longitude,Latitude,geom,geog,x,y
15327,9715588,FAIRPORT,7 MILE,2016-05-04,4,5,2016,3,4,4,9,,,0,,1,1,4,25,2,2,4,3,0,0,1,0,false,,true,false,true,false,false,,,,,,false,false,true,,,false,false,false,false,false,-82.9912,42.43486,"{
  ""coordinates"": [
    -8.299120117400000e+01,
    4.243485456600010e+01
  ],
  ""type"": ""Point""
}","{
  ""coordinates"": [
    -82.991201174,
    42.434854566
  ],
  ""type"": ""Point""
}",-82.991201174,42.4348545660001
15328,9694849,I-75,MEADE,2016-05-04,4,5,2016,19,4,97,1,,1,0,,2,4,1,70,5,2,2,2,0,1,0,0,false,,false,false,false,false,false,,,,,,false,false,false,,,false,false,false,false,false,-83.07407,42.40501,"{
  ""coordinates"": [
    -8.307406834400000e+01,
    4.240500665800000e+01
  ],
  ""type"": ""Point""
}","{
  ""coordinates"": [
    -83.074068344,
    42.405006658
  ],
  ""type"": ""Point""
}",-83.074068344,42.405006658
15329,9706349,WYOMING,INTERVALE,2016-05-04,4,5,2016,17,4,5,9,,4,0,,2,2,1,30,3,2,3,5,0,0,0,0,true,,false,false,false,false,false,,,,,,false,false,true,,,false,false,false,false,false,-83.15921,42.39185,"{
  ""coordinates"": [
    -8.315921076399999e+01,
    4.239185069900000e+01
  ],
  ""type"": ""Point""
}","{
  ""coordinates"": [
    -83.159210764,
    42.391850699
  ],
  ""type"": ""Point""
}",-83.159210764,42.391850699
15330,9690550,DAVISON,WOODROW WILSON,2016-05-04,4,5,2016,16,4,8,3,,1,0,,2,4,1,55,3,2,3,5,0,0,0,0,true,,false,false,true,false,false,,,,,,false,false,false,,,false,false,false,false,false,-83.11106,42.39744,"{
  ""coordinates"": [
    -8.311106343700000e+01,
    4.239744126400010e+01
  ],
  ""type"": ""Point""
}","{
  ""coordinates"": [
    -83.111063437,
    42.397441264
  ],
  ""type"": ""Point""
}",-83.111063437,42.3974412640001
15331,9690678,DAVISON,WILDEMERE,2016-05-04,4,5,2016,16,4,4,3,,1,0,,2,4,1,35,6,2,3,5,0,0,0,0,true,,false,false,false,false,false,,,,,,false,false,false,,,false,false,false,false,false,-83.12743,42.39101,"{
  ""coordinates"": [
    -8.312743370000000e+01,
    4.239101015300000e+01
  ],
  ""type"": ""Point""
}","{
  ""coordinates"": [
    -83.1274337,
    42.391010153
  ],
  ""type"": ""Point""
}",-83.1274337,42.391010153
15332,9715772,8 MILE,DEQUINDRE,2016-05-04,4,5,2016,18,4,5,3,,1,0,,2,4,1,45,7,2,2,4,0,0,0,1,false,,false,false,false,false,false,,,,,,false,false,false,,,false,false,false,false,false,-83.08413,42.44701,"{
  ""coordinates"": [
    -8.308412616600000e+01,
    4.244700694500010e+01
  ],
  ""type"": ""Point""
}","{
  ""coordinates"": [
    -83.084126166,
    42.447006945
  ],
  ""type"": ""Point""
}",-83.084126166,42.4470069450001
15333,9690603,I-75,HOLBROOK,2016-05-04,4,5,2016,19,4,1,1,,1,1,,2,4,1,70,4,1,1,5,0,0,0,0,true,,false,false,false,false,false,,,,,,false,false,true,,,false,false,false,false,false,-83.06892,42.3878,"{
  ""coordinates"": [
    -8.306892700200000e+01,
    4.238780158500000e+01
  ],
  ""type"": ""Point""
}","{
  ""coordinates"": [
    -83.068927002,
    42.387801585
  ],
  ""type"": ""Point""
}",-83.068927002,42.387801585
15334,9689441,W I 96,GRAND RIVER,2016-05-04,4,5,2016,8,4,1,1,,1,1,,2,2,2,70,4,1,1,5,0,0,0,0,true,,false,false,false,false,false,,,,,,false,false,true,,,false,false,false,false,false,-83.17522,42.384,"{
  ""coordinates"": [
    -8.317522003700000e+01,
    4.238400069100000e+01
  ],
  ""type"": ""Point""
}","{
  ""coordinates"": [
    -83.175220037,
    42.384000691
  ],
  ""type"": ""Point""
}",-83.175220037,42.384000691
15335,9690673,GRAND RIVER,14TH,2016-05-04,4,5,2016,17,4,4,3,,1,0,,2,4,1,0,3,2,2,5,0,0,0,0,true,,false,false,false,false,false,,,,,,false,false,false,,,false,false,false,false,false,-83.0855,42.34716,"{
  ""coordinates"": [
    -8.308550591200000e+01,
    4.234716272900000e+01
  ],
  ""type"": ""Point""
}","{
  ""coordinates"": [
    -83.085505912,
    42.347162729
  ],
  ""type"": ""Point""
}",-83.085505912,42.347162729
15336,9690589,I-94,I-75,2016-05-04,4,5,2016,18,4,5,1,,1,0,,2,4,1,55,3,2,2,5,0,0,0,0,true,,false,false,false,false,false,,,,,,false,false,false,,,false,false,false,false,false,-83.05503,42.37046,"{
  ""coordinates"": [
    -8.305503253200000e+01,
    4.237045639100010e+01
  ],
  ""type"": ""Point""
}","{
  ""coordinates"": [
    -83.055032532,
    42.370456391
  ],
  ""type"": ""Point""
}",-83.055032532,42.3704563910001
15337,9706335,FENKELL,HUBBELL,2016-05-04,4,5,2016,17,4,8,9,,2,0,,2,4,1,30,4,2,3,5,0,0,0,0,true,,false,false,true,false,false,,,,,,false,false,false,,,false,false,false,false,false,-83.18836,42.40183,"{
  ""coordinates"": [
    -8.318836478900000e+01,
    4.240183154900010e+01
  ],
  ""type"": ""Point""
}","{
  ""coordinates"": [
    -83.188364789,
    42.401831549
  ],
  ""type"": ""Point""
}",-83.188364789,42.4018315490001
15338,9689503,GREINER,STRASBURG,2016-05-04,4,5,2016,16,4,97,9,,4,0,,1,2,1,25,3,3,7,5,0,0,0,0,true,,false,false,false,false,false,,,,,,false,false,true,,,false,false,false,false,false,-82.99823,42.42736,"{
  ""coordinates"": [
    -8.299823110100000e+01,
    4.242736275800010e+01
  ],
  ""type"": ""Point""
}","{
  ""coordinates"": [
    -82.998231101,
    42.427362758
  ],
  ""type"": ""Point""
}",-82.998231101,42.4273627580001
15339,9693108,RAMP 122E,N M 10,2016-05-04,4,5,2016,13,4,1,3,,1,1,,1,2,1,35,1,1,1,4,0,0,0,1,false,,false,false,false,false,false,,,,,,false,false,true,,,false,false,false,false,false,-83.06287,42.33397,"{
  ""coordinates"": [
    -8.306287013600000e+01,
    4.233396982600000e+01
  ],
  ""type"": ""Point""
}","{
  ""coordinates"": [
    -83.062870136,
    42.333969826
  ],
  ""type"": ""Point""
}",-83.062870136,42.333969826
15340,9690564,S/B M 10,FOREST,2016-05-04,4,5,2016,18,4,5,3,,1,0,,2,4,1,55,3,2,2,5,0,0,0,0,true,,false,false,false,false,false,,,,,,false,false,false,,,false,false,false,false,false,-83.07307,42.35288,"{
  ""coordinates"": [
    -8.307306557299999e+01,
    4.235288223300010e+01
  ],
  ""type"": ""Point""
}","{
  ""coordinates"": [
    -83.073065573,
    42.352882233
  ],
  ""type"": ""Point""
}",-83.073065573,42.3528822330001
15341,9690554,N I 75,W I 96,2016-05-04,4,5,2016,18,4,5,1,,1,0,,2,4,1,55,3,2,2,5,0,0,0,0,true,,false,false,false,false,false,,,,,,false,false,true,,,false,false,false,false,false,-83.08258,42.31836,"{
  ""coordinates"": [
    -8.308258234300000e+01,
    4.231836334100010e+01
  ],
  ""type"": ""Point""
}","{
  ""coordinates"": [
    -83.082582343,
    42.318363341
  ],
  ""type"": ""Point""
}",-83.082582343,42.3183633410001
15342,9689492,PINGREE,THIRD,2016-05-04,4,5,2016,9,4,9,9,,,0,,2,2,1,25,2,2,2,5,0,0,0,0,true,,false,false,true,false,false,,,,,,false,false,false,,,false,false,false,false,false,-83.08486,42.37665,"{
  ""coordinates"": [
    -8.308486515600001e+01,
    4.237664810900000e+01
  ],
  ""type"": ""Point""
}","{
  ""coordinates"": [
    -83.084865156,
    42.376648109
  ],
  ""type"": ""Point""
}",-83.084865156,42.376648109
15343,9715704,EUCLID,14TH,2016-05-04,4,5,2016,0,4,8,9,,4,0,,1,1,4,25,3,2,1,4,0,0,0,1,false,,false,false,false,true,false,,,,,,false,false,true,,,false,false,false,false,false,-83.10046,42.36887,"{
  ""coordinates"": [
    -8.310045719599999e+01,
    4.236886919700000e+01
  ],
  ""type"": ""Point""
}","{
  ""coordinates"": [
    -83.100457196,
    42.368869197
  ],
  ""type"": ""Point""
}",-83.100457196,42.368869197
15344,9739815,FORT,SCHAEFER,2016-05-04,4,5,2016,12,4,4,3,,1,0,,2,1,1,35,4,2,1,5,0,0,0,0,true,,false,false,false,false,false,,,,,,false,false,false,,,false,false,false,false,false,-83.15549,42.27638,"{
  ""coordinates"": [
    -8.315548589100000e+01,
    4.227638374100010e+01
  ],
  ""type"": ""Point""
}","{
  ""coordinates"": [
    -83.155485891,
    42.276383741
  ],
  ""type"": ""Point""
}",-83.155485891,42.2763837410001
15345,9715811,N I 75 SERVICE DRIVE,STATE FAIR,2016-05-04,4,5,2016,23,4,5,9,,4,0,,2,4,4,35,3,2,1,5,0,0,0,0,true,,false,false,true,false,false,,,,,,false,false,false,,,false,false,false,false,false,-83.09444,42.43977,"{
  ""coordinates"": [
    -8.309443954100000e+01,
    4.243976437100010e+01
  ],
  ""type"": ""Point""
}","{
  ""coordinates"": [
    -83.094439541,
    42.439764371
  ],
  ""type"": ""Point""
}",-83.094439541,42.4397643710001
15346,9693054,I-75,SCHAEFER,2016-05-04,4,5,2016,4,4,1,1,,1,1,,1,1,4,70,4,1,1,5,0,0,0,0,true,,false,false,false,false,false,,,,,,false,false,false,,,false,false,false,false,false,-83.14948,42.28203,"{
  ""coordinates"": [
    -8.314948091299991e+01,
    4.228203245100010e+01
  ],
  ""type"": ""Point""
}","{
  ""coordinates"": [
    -83.149480913,
    42.282032451
  ],
  ""type"": ""Point""
}",-83.1494809129999,42.2820324510001
15347,9690669,ELECTRIC,OUTER,2016-05-04,4,5,2016,14,4,4,9,,,0,,1,1,1,25,2,2,3,3,0,0,1,0,false,,false,false,true,false,false,,,,,,false,true,false,,,false,false,false,false,false,-83.16621,42.25977,"{
  ""coordinates"": [
    -8.316621152000000e+01,
    4.225976923100010e+01
  ],
  ""type"": ""Point""
}","{
  ""coordinates"": [
    -83.16621152,
    42.259769231
  ],
  ""type"": ""Point""
}",-83.16621152,42.2597692310001
15348,9690591,RAMP 216I,MILWAUKEE,2016-05-04,4,5,2016,12,4,8,1,,1,0,,1,2,1,55,2,2,3,5,0,0,0,0,true,,false,false,false,false,false,,,,,,false,false,false,,,false,false,false,false,false,-83.05992,42.37355,"{
  ""coordinates"": [
    -8.305992448200000e+01,
    4.237354872000000e+01
  ],
  ""type"": ""Point""
}","{
  ""coordinates"": [
    -83.059924482,
    42.37354872
  ],
  ""type"": ""Point""
}",-83.059924482,42.37354872
15349,9690522,S M 39,FULLERTON,2016-05-04,4,5,2016,18,4,5,3,,1,0,,2,2,1,55,3,3,3,5,0,0,0,0,true,,false,false,false,false,false,,,,,,false,false,false,,,false,false,false,false,false,-83.21728,42.38026,"{
  ""coordinates"": [
    -8.321727639700001e+01,
    4.238025979800010e+01
  ],
  ""type"": ""Point""
}","{
  ""coordinates"": [
    -83.217276397,
    42.380259798
  ],
  ""type"": ""Point""
}",-83.217276397,42.3802597980001
15350,9690663,GRAND,2ND,2016-05-04,4,5,2016,16,4,8,9,,4,0,,2,4,1,25,3,2,2,5,0,0,0,0,true,,false,false,true,false,false,,,,,,false,false,false,,,false,false,false,false,false,-83.0771,42.36869,"{
  ""coordinates"": [
    -8.307709349600000e+01,
    4.236868991100000e+01
  ],
  ""type"": ""Point""
}","{
  ""coordinates"": [
    -83.077093496,
    42.368689911
  ],
  ""type"": ""Point""
}",-83.077093496,42.368689911
15351,9696750,MCNICHOLS,FENTON,2016-05-04,4,5,2016,7,4,4,9,,2,0,,2,4,1,35,4,2,2,5,0,0,0,0,true,,false,false,false,false,false,,,,,,false,false,true,,,false,false,false,false,false,-83.2823,42.41438,"{
  ""coordinates"": [
    -8.328230132100001e+01,
    4.241438009200000e+01
  ],
  ""type"": ""Point""
}","{
  ""coordinates"": [
    -83.282301321,
    42.414380092
  ],
  ""type"": ""Point""
}",-83.282301321,42.414380092
15352,9690555,I 94,VAN DYKE,2016-05-04,4,5,2016,19,4,1,1,,1,1,,2,4,1,55,3,1,1,5,0,0,0,0,true,,false,false,false,false,false,,,,,,false,false,true,,,false,false,false,false,false,-83.0212,42.38597,"{
  ""coordinates"": [
    -8.302120028300000e+01,
    4.238596550100000e+01
  ],
  ""type"": ""Point""
}","{
  ""coordinates"": [
    -83.021200283,
    42.385965501
  ],
  ""type"": ""Point""
}",-83.021200283,42.385965501
15353,9689488,MILWAUKEE,JOHN R,2016-05-04,4,5,2016,11,4,9,9,,4,2,,1,1,1,0,3,2,5,5,0,0,0,0,true,,false,false,false,false,false,,,,,,false,false,false,,,false,false,false,false,false,-83.07,42.37006,"{
  ""coordinates"": [
    -8.307000227000000e+01,
    4.237006299900000e+01
  ],
  ""type"": ""Point""
}","{
  ""coordinates"": [
    -83.07000227,
    42.370062999
  ],
  ""type"": ""Point""
}",-83.07000227,42.370062999
15354,9689489,N M 10,RAMP 112C,2016-05-04,4,5,2016,16,4,5,3,,1,0,,2,4,1,60,3,2,1,5,0,0,0,0,true,,false,false,false,false,false,,,,,,false,false,false,,,false,false,false,false,false,-83.0903,42.37983,"{
  ""coordinates"": [
    -8.309029859499999e+01,
    4.237982850700010e+01
  ],
  ""type"": ""Point""
}","{
  ""coordinates"": [
    -83.090298595,
    42.379828507
  ],
  ""type"": ""Point""
}",-83.090298595,42.3798285070001
15355,9700696,RAMP 044B,RAMP 216E,2016-05-04,4,5,2016,18,4,5,1,,1,0,,2,4,3,0,1,2,2,5,0,0,0,0,true,,false,false,false,false,false,,,,,,false,false,false,,,false,false,false,false,false,-83.05519,42.36315,"{
  ""coordinates"": [
    -8.305518754900000e+01,
    4.236315000400000e+01
  ],
  ""type"": ""Point""
}","{
  ""coordinates"": [
    -83.055187549,
    42.363150004
  ],
  ""type"": ""Point""
}",-83.055187549,42.363150004
15356,9690680,MCNICHOLS,SCHAEFER,2016-05-04,4,5,2016,16,4,4,9,,2,0,,2,4,1,35,6,2,3,4,0,0,0,1,false,,false,false,false,false,false,,,,,,false,false,false,,,false,false,false,false,false,-83.17982,42.41659,"{
  ""coordinates"": [
    -8.317981398099990e+01,
    4.241658878500000e+01
  ],
  ""type"": ""Point""
}","{
  ""coordinates"": [
    -83.179813981,
    42.416588785
  ],
  ""type"": ""Point""
}",-83.1798139809999,42.416588785
15357,9690676,I 94 SERVICE,CADIEUX,2016-05-04,4,5,2016,9,4,5,1,,4,0,,2,4,1,30,3,3,2,5,0,0,0,0,true,,false,false,true,false,false,,,,,,false,false,false,,,false,false,false,false,false,-82.93739,42.41762,"{
  ""coordinates"": [
    -8.293739243200000e+01,
    4.241762313100000e+01
  ],
  ""type"": ""Point""
}","{
  ""coordinates"": [
    -82.937392432,
    42.417623131
  ],
  ""type"": ""Point""
}",-82.937392432,42.417623131
15358,9715722,WILDEMERE,MIDLAND,2016-05-04,4,5,2016,2,4,8,9,,,0,,2,4,4,30,2,2,1,5,0,0,0,0,true,,false,false,true,false,false,,,,,,false,false,false,,,false,false,false,false,false,-83.13251,42.40654,"{
  ""coordinates"": [
    -8.313251587199990e+01,
    4.240653718800010e+01
  ],
  ""type"": ""Point""
}","{
  ""coordinates"": [
    -83.132515872,
    42.406537188
  ],
  ""type"": ""Point""
}",-83.1325158719999,42.4065371880001
15359,9691749,OUTER,SHERWOOD,2016-05-04,4,5,2016,15,4,4,9,,2,0,,1,1,1,35,6,2,2,4,0,0,0,1,false,,false,false,true,false,false,,,,,,false,false,false,,,false,false,false,false,false,-83.03407,42.44113,"{
  ""coordinates"": [
    -8.303407495700000e+01,
    4.244112688000010e+01
  ],
  ""type"": ""Point""
}","{
  ""coordinates"": [
    -83.034074957,
    42.44112688
  ],
  ""type"": ""Point""
}",-83.034074957,42.4411268800001
15360,9706363,GREENFIELD,PILGRIM,2016-05-04,4,5,2016,8,4,5,9,,2,0,,2,4,1,35,5,2,2,5,0,0,0,0,true,,false,false,false,false,false,,,,,,false,true,false,,,false,false,false,false,false,-83.19894,42.4072,"{
  ""coordinates"": [
    -8.319894736700000e+01,
    4.240719924400000e+01
  ],
  ""type"": ""Point""
}","{
  ""coordinates"": [
    -83.198947367,
    42.407199244
  ],
  ""type"": ""Point""
}",-83.198947367,42.407199244
15361,9715783,EIGHT MILE,SPENCER,2016-05-04,4,5,2016,14,4,5,3,,1,0,,1,1,1,35,4,2,2,4,0,0,0,3,false,,false,false,false,false,false,,,,,,false,false,false,,,false,false,false,false,false,-83.02718,42.4481,"{
  ""coordinates"": [
    -8.302717521600000e+01,
    4.244810176700000e+01
  ],
  ""type"": ""Point""
}","{
  ""coordinates"": [
    -83.027175216,
    42.448101767
  ],
  ""type"": ""Point""
}",-83.027175216,42.448101767
15362,9689484,SAVAGE,VAN DYKE,2016-05-04,4,5,2016,9,4,97,3,,,0,,1,1,1,25,2,2,1,5,0,0,0,0,true,,false,false,false,false,false,,,,,,false,false,false,,,false,false,false,false,false,-83.02469,42.4461,"{
  ""coordinates"": [
    -8.302468916899990e+01,
    4.244609663000010e+01
  ],
  ""type"": ""Point""
}","{
  ""coordinates"": [
    -83.024689169,
    42.44609663
  ],
  ""type"": ""Point""
}",-83.0246891689999,42.4460966300001
15363,9706513,N M 39,JOY,2016-05-04,4,5,2016,18,4,5,3,,1,0,,1,1,1,55,3,2,2,5,0,0,0,0,true,,false,false,false,false,false,,,,,,false,false,false,,,false,false,false,false,false,-83.21638,42.35782,"{
  ""coordinates"": [
    -8.321638654500001e+01,
    4.235781816700010e+01
  ],
  ""type"": ""Point""
}","{
  ""coordinates"": [
    -83.216386545,
    42.357818167
  ],
  ""type"": ""Point""
}",-83.216386545,42.3578181670001
15364,9690525,E/B I-96,VIRGIL,2016-05-04,4,5,2016,22,4,1,1,,1,1,,2,4,4,70,3,1,1,5,0,0,0,0,true,,false,false,false,false,false,,,,,,false,false,false,,,false,false,false,false,false,-83.26917,42.38554,"{
  ""coordinates"": [
    -8.326916459900001e+01,
    4.238554560900010e+01
  ],
  ""type"": ""Point""
}","{
  ""coordinates"": [
    -83.269164599,
    42.385545609
  ],
  ""type"": ""Point""
}",-83.269164599,42.3855456090001
15365,9715838,SCHAEFER,VASSAR,2016-05-04,4,5,2016,14,4,5,9,,4,0,,2,4,1,30,4,2,1,4,0,0,0,1,false,,false,false,true,false,false,,,,,,false,false,false,,,false,false,false,false,false,-83.18061,42.4346,"{
  ""coordinates"": [
    -8.318061299899991e+01,
    4.243460153800000e+01
  ],
  ""type"": ""Point""
}","{
  ""coordinates"": [
    -83.180612999,
    42.434601538
  ],
  ""type"": ""Point""
}",-83.1806129989999,42.434601538
15366,9715557,EVERGREEN,GRANDRIVER,2016-05-04,4,5,2016,1,4,98,3,,4,1,,1,1,4,35,2,1,3,4,0,0,0,2,false,,false,false,false,false,false,,,,,,false,false,false,,,false,false,false,false,false,-83.23779,42.40874,"{
  ""coordinates"": [
    -8.323779243900000e+01,
    4.240874013700010e+01
  ],
  ""type"": ""Point""
}","{
  ""coordinates"": [
    -83.237792439,
    42.408740137
  ],
  ""type"": ""Point""
}",-83.237792439,42.4087401370001
15367,9690613,M-10,WARREN,2016-05-04,4,5,2016,20,4,1,3,,1,1,,2,4,3,55,3,1,1,5,0,0,0,0,true,,false,false,false,false,false,,,,,,false,false,false,,,false,false,false,false,false,-83.07327,42.35321,"{
  ""coordinates"": [
    -8.307327117599991e+01,
    4.235321252100000e+01
  ],
  ""type"": ""Point""
}","{
  ""coordinates"": [
    -83.073271176,
    42.353212521
  ],
  ""type"": ""Point""
}",-83.0732711759999,42.353212521
15368,9715758,DAVISON,PETOSKEY,2016-05-04,4,5,2016,14,4,5,3,,1,0,,1,1,1,35,3,2,2,5,0,0,0,0,true,,false,false,false,false,false,,,,,,false,false,true,,,false,false,false,false,false,-83.13635,42.38766,"{
  ""coordinates"": [
    -8.313635398000000e+01,
    4.238765557200000e+01
  ],
  ""type"": ""Point""
}","{
  ""coordinates"": [
    -83.13635398,
    42.387655572
  ],
  ""type"": ""Point""
}",-83.13635398,42.387655572
15369,9689497,EVERGREEN,SCHOOLCRAFT,2016-05-04,4,5,2016,20,4,3,9,,4,0,,2,4,3,35,4,2,2,5,0,0,0,0,true,,false,false,false,false,false,,,,,,false,false,false,,,false,false,false,false,false,-83.23684,42.38625,"{
  ""coordinates"": [
    -8.323684289900000e+01,
    4.238625199700000e+01
  ],
  ""type"": ""Point""
}","{
  ""coordinates"": [
    -83.236842899,
    42.386251997
  ],
  ""type"": ""Point""
}",-83.236842899,42.386251997
15370,9688887,OUTER,STRATHMOOR,2016-05-03,3,5,2016,8,3,4,9,,2,0,,1,1,1,35,2,2,2,5,0,0,0,0,true,,false,false,false,false,false,,,,,,false,true,false,,,false,false,false,false,false,-83.18851,42.41996,"{
  ""coordinates"": [
    -8.318851800999990e+01,
    4.241996280600010e+01
  ],
  ""type"": ""Point""
}","{
  ""coordinates"": [
    -83.18851801,
    42.419962806
  ],
  ""type"": ""Point""
}",-83.1885180099999,42.4199628060001
15371,9715695,LIVERNOIS,JULIAN,2016-05-03,3,5,2016,15,3,4,9,,4,0,,98,98,98,30,2,2,2,5,0,0,0,0,true,,false,false,true,false,false,,,,,,false,false,false,,,false,false,false,false,false,-83.13835,42.35868,"{
  ""coordinates"": [
    -8.313835365599989e+01,
    4.235867637200000e+01
  ],
  ""type"": ""Point""
}","{
  ""coordinates"": [
    -83.138353656,
    42.358676372
  ],
  ""type"": ""Point""
}",-83.1383536559999,42.358676372
15372,9690562,W I 94,FRENCH,2016-05-03,3,5,2016,8,3,5,1,,1,0,,1,1,1,55,3,2,2,5,0,0,0,0,true,,false,false,false,false,false,,,,,,false,false,false,,,false,false,false,false,false,-82.99659,42.3923,"{
  ""coordinates"": [
    -8.299658962300001e+01,
    4.239230129400000e+01
  ],
  ""type"": ""Point""
}","{
  ""coordinates"": [
    -82.996589623,
    42.392301294
  ],
  ""type"": ""Point""
}",-82.996589623,42.392301294
15373,9720026,BURT,CAPITOL,2016-05-03,3,5,2016,19,3,1,9,,4,1,,1,1,1,25,2,1,1,4,0,0,0,1,false,,false,false,false,false,false,,,,,,false,false,false,,,false,false,false,false,false,-83.24637,42.37769,"{
  ""coordinates"": [
    -8.324637081100001e+01,
    4.237768592600000e+01
  ],
  ""type"": ""Point""
}","{
  ""coordinates"": [
    -83.246370811,
    42.377685926
  ],
  ""type"": ""Point""
}",-83.246370811,42.377685926
15374,9715773,CHARLES,DWYER,2016-05-03,3,5,2016,5,3,8,9,,4,0,,1,1,1,25,2,2,0,5,0,0,0,0,true,,false,false,false,false,false,,,,,,false,false,false,,,false,false,false,false,false,-83.04018,42.41193,"{
  ""coordinates"": [
    -8.304018633399990e+01,
    4.241193460900010e+01
  ],
  ""type"": ""Point""
}","{
  ""coordinates"": [
    -83.040186334,
    42.411934609
  ],
  ""type"": ""Point""
}",-83.0401863339999,42.4119346090001
15375,9693107,M-39,JOY,2016-05-03,3,5,2016,23,3,8,3,,1,0,,1,1,5,55,3,3,8,4,0,0,0,2,false,,false,false,false,false,false,,,,,,false,false,true,,,false,false,false,false,false,-83.21632,42.3564,"{
  ""coordinates"": [
    -8.321632235899990e+01,
    4.235639819500010e+01
  ],
  ""type"": ""Point""
}","{
  ""coordinates"": [
    -83.216322359,
    42.356398195
  ],
  ""type"": ""Point""
}",-83.2163223589999,42.3563981950001
15376,9693106,N-M39,WARREN,2016-05-03,3,5,2016,19,3,1,3,,1,0,,1,1,1,55,3,1,2,5,0,0,0,0,true,,false,false,false,false,false,,,,,,false,false,false,,,false,false,false,false,false,-83.21603,42.34192,"{
  ""coordinates"": [
    -8.321602805500000e+01,
    4.234192187500000e+01
  ],
  ""type"": ""Point""
}","{
  ""coordinates"": [
    -83.216028055,
    42.341921875
  ],
  ""type"": ""Point""
}",-83.216028055,42.341921875
15377,9706378,STRATHMOOR,FENKELL,2016-05-03,3,5,2016,19,3,2,9,,,2,,1,1,1,25,2,2,1,5,0,0,0,0,true,,false,false,false,false,false,,,,,,false,false,false,,,false,false,false,false,false,-83.18782,42.40322,"{
  ""coordinates"": [
    -8.318782263299990e+01,
    4.240322493400000e+01
  ],
  ""type"": ""Point""
}","{
  ""coordinates"": [
    -83.187822633,
    42.403224934
  ],
  ""type"": ""Point""
}",-83.1878226329999,42.403224934
15378,9693114,E/B I 94,BURNS,2016-05-03,3,5,2016,19,3,8,1,,1,0,,1,1,4,55,3,2,2,5,0,0,0,0,true,,false,false,true,false,false,,,,,,false,false,false,,,false,false,false,false,false,-83.0151,42.38811,"{
  ""coordinates"": [
    -8.301509970599990e+01,
    4.238810993500000e+01
  ],
  ""type"": ""Point""
}","{
  ""coordinates"": [
    -83.015099706,
    42.388109935
  ],
  ""type"": ""Point""
}",-83.0150997059999,42.388109935
15379,9689508,CONANT,CHARLES,2016-05-03,3,5,2016,19,3,4,9,,4,0,,1,1,1,30,4,2,3,5,0,0,0,0,true,,false,false,true,false,false,,,,,,false,false,false,,,false,false,false,false,false,-83.05881,42.41156,"{
  ""coordinates"": [
    -8.305880536799999e+01,
    4.241155778900000e+01
  ],
  ""type"": ""Point""
}","{
  ""coordinates"": [
    -83.058805368,
    42.411557789
  ],
  ""type"": ""Point""
}",-83.058805368,42.411557789
15380,9690548,I 94,WOODWARD,2016-05-03,3,5,2016,9,3,5,1,,1,0,,1,1,1,55,3,3,4,5,0,0,0,0,true,,false,false,false,false,false,,,,,,false,false,true,,,false,false,false,false,false,-83.06869,42.36386,"{
  ""coordinates"": [
    -8.306869112399990e+01,
    4.236386620700010e+01
  ],
  ""type"": ""Point""
}","{
  ""coordinates"": [
    -83.068691124,
    42.363866207
  ],
  ""type"": ""Point""
}",-83.0686911239999,42.3638662070001
15381,9696600,I-96,I-75,2016-05-03,3,5,2016,8,3,5,1,,1,0,,1,1,1,70,4,2,2,5,0,0,0,0,true,,false,false,false,false,false,,,,,,false,true,false,,,false,false,false,false,false,-83.08612,42.32783,"{
  ""coordinates"": [
    -8.308612310699991e+01,
    4.232783088100010e+01
  ],
  ""type"": ""Point""
}","{
  ""coordinates"": [
    -83.086123107,
    42.327830881
  ],
  ""type"": ""Point""
}",-83.0861231069999,42.3278308810001
15382,9694062,ALFRED,JOHN R,2016-05-03,3,5,2016,8,3,4,9,,,0,,1,1,1,25,2,2,3,5,0,0,0,0,true,,false,false,false,false,false,,,,,,false,false,true,,,false,false,false,false,false,-83.05256,42.34368,"{
  ""coordinates"": [
    -8.305255742799990e+01,
    4.234368013600000e+01
  ],
  ""type"": ""Point""
}","{
  ""coordinates"": [
    -83.052557428,
    42.343680136
  ],
  ""type"": ""Point""
}",-83.0525574279999,42.343680136
15383,9697558,GRAND,MT ELLIOTT,2016-05-03,3,5,2016,15,3,97,9,,4,0,,1,1,1,30,3,2,2,4,0,0,0,1,false,,false,false,false,false,false,,,,,,false,false,false,,,false,false,false,false,false,-83.03162,42.37683,"{
  ""coordinates"": [
    -8.303161877199990e+01,
    4.237683122300010e+01
  ],
  ""type"": ""Point""
}","{
  ""coordinates"": [
    -83.031618772,
    42.376831223
  ],
  ""type"": ""Point""
}",-83.0316187719999,42.3768312230001