ObjectId,Crash ID,Primary Road,Intersecting Road,Crash Date,Day,Month,Year,Hour,Weekday,Crash Type Code,Highway Classification Code,Community Code,Jurisdiction Code,Lane Departure Type Code,Surface Type,Road Condition,Weather Condition,Lighting Condition,Speed Limit,Lanes,Units,Occupants,Most Severe Injury,Fatal Injuries,Suspected Serious Injuries,Suspected Minor Injuries,Possible Injuries,Property Damage Only,Secondary Crash,Traffic Control,Red Light Run,Hit and Run,Alcohol,Drugs,Unbelted Person,Work Zone,Speeding Driver,Distracted Driver,Driveway,Pedestrian,Elderly Driver,Young Driver,Commercial Vehicle,Emergency Vehicles,Train,School Bus,Motorcycle,Bicycle,Deer,Longitude,Latitude,geom,geog,x,y
15441,9687906,I-75,MICHIGAN,2016-05-02,2,5,2016,6,2,1,1,,1,1,,2,4,2,55,3,1,1,5,0,0,0,0,true,,false,false,false,false,false,,,,,,false,false,false,,,false,false,false,false,false,-83.0856,42.33035,"{
  ""coordinates"": [
    -8.308559977000000e+01,
    4.233035299500010e+01
  ],
  ""type"": ""Point""
}","{
  ""coordinates"": [
    -83.08559977,
    42.330352995
  ],
  ""type"": ""Point""
}",-83.08559977,42.3303529950001
15442,9688165,MT ELLIOTT,7 MILE,2016-05-02,2,5,2016,8,2,8,9,,4,0,,2,4,2,30,2,2,3,5,0,0,0,0,true,,false,false,false,false,false,,,,,,false,false,false,,,false,false,false,false,false,-83.03894,42.43374,"{
  ""coordinates"": [
    -8.303894093199990e+01,
    4.243373865000010e+01
  ],
  ""type"": ""Point""
}","{
  ""coordinates"": [
    -83.038940932,
    42.43373865
  ],
  ""type"": ""Point""
}",-83.0389409319999,42.4337386500001
15443,9690545,I-96,GRAND,2016-05-02,2,5,2016,3,2,5,1,,1,0,,2,4,5,55,4,2,2,5,0,0,0,0,true,,false,false,false,false,false,,,,,,false,false,true,,,false,false,false,false,false,-83.10884,42.3552,"{
  ""coordinates"": [
    -8.310884272200001e+01,
    4.235519618700000e+01
  ],
  ""type"": ""Point""
}","{
  ""coordinates"": [
    -83.108842722,
    42.355196187
  ],
  ""type"": ""Point""
}",-83.108842722,42.355196187
15444,9715653,7 MILE,BARLOW,2016-05-02,2,5,2016,18,2,1,9,,4,0,,1,2,1,30,2,1,2,5,0,0,0,0,true,,false,false,false,false,false,,,,,,false,false,true,,,false,false,false,false,false,-82.99607,42.43467,"{
  ""coordinates"": [
    -8.299607278000001e+01,
    4.243467029800010e+01
  ],
  ""type"": ""Point""
}","{
  ""coordinates"": [
    -82.99607278,
    42.434670298
  ],
  ""type"": ""Point""
}",-82.99607278,42.4346702980001
15445,9688111,I-94,WOODWARD,2016-05-02,2,5,2016,11,2,8,1,,1,0,,2,2,1,55,3,2,1,5,0,0,0,0,true,,false,false,true,false,false,,,,,,false,false,false,,,false,false,false,false,false,-83.06925,42.36337,"{
  ""coordinates"": [
    -8.306925481000000e+01,
    4.236336928400000e+01
  ],
  ""type"": ""Point""
}","{
  ""coordinates"": [
    -83.06925481,
    42.363369284
  ],
  ""type"": ""Point""
}",-83.06925481,42.363369284
15446,9688118,CLIFFORD,WASHINGTON,2016-05-02,2,5,2016,11,2,8,9,,4,0,,2,2,1,25,3,2,4,5,0,0,0,0,true,,false,false,false,false,false,,,,,,false,false,true,,,false,false,false,false,false,-83.05123,42.33466,"{
  ""coordinates"": [
    -8.305122794499989e+01,
    4.233466285000000e+01
  ],
  ""type"": ""Point""
}","{
  ""coordinates"": [
    -83.051227945,
    42.33466285
  ],
  ""type"": ""Point""
}",-83.0512279449999,42.33466285
15447,9688128,CONNER,MACK,2016-05-02,2,5,2016,10,2,5,9,,4,0,,2,4,1,30,4,2,3,5,0,0,0,0,true,,false,false,true,false,false,,,,,,false,false,false,,,false,false,false,false,false,-82.96653,42.3817,"{
  ""coordinates"": [
    -8.296653086399991e+01,
    4.238169888900010e+01
  ],
  ""type"": ""Point""
}","{
  ""coordinates"": [
    -82.966530864,
    42.381698889
  ],
  ""type"": ""Point""
}",-82.9665308639999,42.3816988890001
15448,9706303,I 94 SERVICE,FRENCH,2016-05-02,2,5,2016,18,2,8,1,,5,0,,1,1,1,35,3,2,1,5,0,0,0,0,true,,false,false,false,false,false,,,,,,false,false,false,,,false,false,false,false,false,-82.99558,42.392,"{
  ""coordinates"": [
    -8.299558144799990e+01,
    4.239199863200000e+01
  ],
  ""type"": ""Point""
}","{
  ""coordinates"": [
    -82.995581448,
    42.391998632
  ],
  ""type"": ""Point""
}",-82.9955814479999,42.391998632
15449,9693063,W I 96,GREENFIELD,2016-05-02,2,5,2016,21,2,1,1,,1,1,,1,1,4,70,3,1,1,4,0,0,0,1,false,,false,false,false,false,false,,,,,,false,false,true,,,false,false,false,false,false,-83.19756,42.37923,"{
  ""coordinates"": [
    -8.319756598200000e+01,
    4.237923463400010e+01
  ],
  ""type"": ""Point""
}","{
  ""coordinates"": [
    -83.197565982,
    42.379234634
  ],
  ""type"": ""Point""
}",-83.197565982,42.3792346340001
15450,9694067,CLAIRMOUNT,2ND,2016-05-02,2,5,2016,8,2,4,9,,4,0,,2,1,1,35,1,2,2,5,0,0,0,0,true,,false,false,false,false,false,,,,,,false,false,false,,,false,false,false,false,false,-83.08477,42.38173,"{
  ""coordinates"": [
    -8.308476749000000e+01,
    4.238173444900010e+01
  ],
  ""type"": ""Point""
}","{
  ""coordinates"": [
    -83.08476749,
    42.381734449
  ],
  ""type"": ""Point""
}",-83.08476749,42.3817344490001
15451,9687907,RAMP 047E,N I 75,2016-05-02,2,5,2016,9,2,8,1,,1,0,,2,4,1,35,2,2,3,5,0,0,0,0,true,,false,false,false,false,false,,,,,,false,true,false,,,false,false,false,false,false,-83.07716,42.40814,"{
  ""coordinates"": [
    -8.307716604599990e+01,
    4.240814173600010e+01
  ],
  ""type"": ""Point""
}","{
  ""coordinates"": [
    -83.077166046,
    42.408141736
  ],
  ""type"": ""Point""
}",-83.0771660459999,42.4081417360001
15452,9688877,JOHN KRONK,CLIPPERT,2016-05-02,2,5,2016,1,2,1,9,,4,1,,2,4,4,35,4,1,1,4,0,0,0,1,false,,false,false,false,false,false,,,,,,false,false,true,,,false,false,false,false,false,-83.12078,42.32353,"{
  ""coordinates"": [
    -8.312077945899991e+01,
    4.232352695100010e+01
  ],
  ""type"": ""Point""
}","{
  ""coordinates"": [
    -83.120779459,
    42.323526951
  ],
  ""type"": ""Point""
}",-83.1207794589999,42.3235269510001
15453,9687869,E/B I-96,I-94,2016-05-02,2,5,2016,9,2,8,1,,1,0,,2,4,1,55,4,3,3,5,0,0,0,0,true,,false,false,false,false,false,,,,,,false,false,false,,,false,false,false,false,false,-83.10705,42.35438,"{
  ""coordinates"": [
    -8.310704810599999e+01,
    4.235437733200010e+01
  ],
  ""type"": ""Point""
}","{
  ""coordinates"": [
    -83.107048106,
    42.354377332
  ],
  ""type"": ""Point""
}",-83.107048106,42.3543773320001
15454,9715536,GRATIOT,HOLCOMB,2016-05-02,2,5,2016,16,2,5,3,,1,0,,1,2,1,35,7,2,2,5,0,0,0,0,true,,false,false,false,false,false,,,,,,false,false,false,,,false,false,false,false,false,-83.00853,42.38812,"{
  ""coordinates"": [
    -8.300853322499999e+01,
    4.238811734600010e+01
  ],
  ""type"": ""Point""
}","{
  ""coordinates"": [
    -83.008533225,
    42.388117346
  ],
  ""type"": ""Point""
}",-83.008533225,42.3881173460001
15455,9690521,W/B I-94,CHENE,2016-05-02,2,5,2016,3,2,1,1,,1,1,,2,4,4,55,3,1,1,5,0,0,0,0,true,,false,false,false,false,false,,,,,,false,false,false,,,false,false,false,false,false,-83.04815,42.3738,"{
  ""coordinates"": [
    -8.304814566100001e+01,
    4.237380234300010e+01
  ],
  ""type"": ""Point""
}","{
  ""coordinates"": [
    -83.048145661,
    42.373802343
  ],
  ""type"": ""Point""
}",-83.048145661,42.3738023430001
15456,9688143,WARREN,FAUST,2016-05-02,2,5,2016,10,2,5,9,,2,0,,2,4,1,35,4,2,1,5,0,0,0,0,true,,false,false,true,false,false,,,,,,false,false,false,,,false,false,false,false,false,-83.22087,42.34333,"{
  ""coordinates"": [
    -8.322086848100000e+01,
    4.234332500600000e+01
  ],
  ""type"": ""Point""
}","{
  ""coordinates"": [
    -83.220868481,
    42.343325006
  ],
  ""type"": ""Point""
}",-83.220868481,42.343325006
15457,9688113,SCHAEFER,CHICAGO,2016-05-02,2,5,2016,11,2,5,9,,4,0,,2,2,1,35,5,3,5,4,0,0,0,1,false,,false,false,false,false,false,,,,,,false,true,true,,,false,false,false,false,false,-83.17772,42.36582,"{
  ""coordinates"": [
    -8.317771657999999e+01,
    4.236582016300010e+01
  ],
  ""type"": ""Point""
}","{
  ""coordinates"": [
    -83.17771658,
    42.365820163
  ],
  ""type"": ""Point""
}",-83.17771658,42.3658201630001
15458,9690665,CLAIRMONT,2ND,2016-05-02,2,5,2016,8,2,8,9,,4,0,,2,4,1,0,2,2,1,5,0,0,0,0,true,,false,false,false,false,false,,,,,,false,false,false,,,false,false,false,false,false,-83.08443,42.38186,"{
  ""coordinates"": [
    -8.308443185999990e+01,
    4.238185360200000e+01
  ],
  ""type"": ""Point""
}","{
  ""coordinates"": [
    -83.08443186,
    42.381853602
  ],
  ""type"": ""Point""
}",-83.0844318599999,42.381853602
15459,9688104,GUILFORD,MINERVA,2016-05-02,2,5,2016,18,2,1,9,,,1,,1,1,1,25,2,1,2,4,0,0,0,2,false,,false,false,false,false,false,,,,,,false,false,true,,,false,false,false,false,false,-82.93351,42.41693,"{
  ""coordinates"": [
    -8.293351223699990e+01,
    4.241693369400010e+01
  ],
  ""type"": ""Point""
}","{
  ""coordinates"": [
    -82.933512237,
    42.416933694
  ],
  ""type"": ""Point""
}",-82.9335122369999,42.4169336940001
15460,9689485,ROBINWOOD,FLEMING,2016-05-02,2,5,2016,18,2,4,9,,,0,,1,1,1,25,1,2,2,5,0,0,0,0,true,,false,false,true,false,false,,,,,,false,false,true,,,false,false,false,false,false,-83.07962,42.43049,"{
  ""coordinates"": [
    -8.307962276799999e+01,
    4.243048723700010e+01
  ],
  ""type"": ""Point""
}","{
  ""coordinates"": [
    -83.079622768,
    42.430487237
  ],
  ""type"": ""Point""
}",-83.079622768,42.4304872370001
15461,9691736,MANSFIELD,KENDALL,2016-05-02,2,5,2016,23,2,1,9,,,0,,1,1,4,15,1,2,1,2,0,1,0,0,false,,false,false,true,false,false,,,,,,false,false,false,,,false,false,false,true,false,-83.20466,42.38946,"{
  ""coordinates"": [
    -8.320465850300000e+01,
    4.238945720300010e+01
  ],
  ""type"": ""Point""
}","{
  ""coordinates"": [
    -83.204658503,
    42.389457203
  ],
  ""type"": ""Point""
}",-83.204658503,42.3894572030001
15462,9715556,GRAND RIVER,KENTFORD,2016-05-02,2,5,2016,19,2,4,3,,1,0,,1,2,1,45,6,2,2,5,0,0,0,0,true,,false,false,false,false,false,,,,,,false,false,false,,,false,false,false,false,false,-83.22214,42.40225,"{
  ""coordinates"": [
    -8.322213876599990e+01,
    4.240224894400010e+01
  ],
  ""type"": ""Point""
}","{
  ""coordinates"": [
    -83.222138766,
    42.402248944
  ],
  ""type"": ""Point""
}",-83.2221387659999,42.4022489440001
15463,9687852,RAMP 117A,M 10,2016-05-02,2,5,2016,7,2,1,3,,1,1,,2,4,1,55,1,1,1,5,0,0,0,0,true,,false,false,false,false,false,,,,,,false,false,true,,,false,false,false,false,false,-83.07967,42.36448,"{
  ""coordinates"": [
    -8.307967586599990e+01,
    4.236448289000000e+01
  ],
  ""type"": ""Point""
}","{
  ""coordinates"": [
    -83.079675866,
    42.36448289
  ],
  ""type"": ""Point""
}",-83.0796758659999,42.36448289
15464,9688105,GRATIOT,FRENCH,2016-05-02,2,5,2016,12,2,5,3,,1,0,,1,2,1,35,7,3,4,5,0,0,0,0,true,,false,false,false,false,false,,,,,,false,false,true,,,false,false,false,false,false,-83.00057,42.4002,"{
  ""coordinates"": [
    -8.300057099900000e+01,
    4.240019689600010e+01
  ],
  ""type"": ""Point""
}","{
  ""coordinates"": [
    -83.000570999,
    42.400196896
  ],
  ""type"": ""Point""
}",-83.000570999,42.4001968960001
15465,9688883,DAVISON,PETSOKEY,2016-05-02,2,5,2016,0,2,5,3,,1,0,,1,1,4,35,4,2,2,5,0,0,0,0,true,,false,false,false,false,false,,,,,,false,false,false,,,false,false,false,false,false,-83.1357,42.38791,"{
  ""coordinates"": [
    -8.313569370399991e+01,
    4.238791343500000e+01
  ],
  ""type"": ""Point""
}","{
  ""coordinates"": [
    -83.135693704,
    42.387913435
  ],
  ""type"": ""Point""
}",-83.1356937039999,42.387913435
15466,9690590,I-75,MCNICHOLS,2016-05-02,2,5,2016,15,2,5,1,,1,0,,1,2,1,70,4,2,3,5,0,0,0,0,true,,false,false,false,false,false,,,,,,false,false,false,,,false,false,false,false,false,-83.09282,42.42443,"{
  ""coordinates"": [
    -8.309281645199999e+01,
    4.242443180800010e+01
  ],
  ""type"": ""Point""
}","{
  ""coordinates"": [
    -83.092816452,
    42.424431808
  ],
  ""type"": ""Point""
}",-83.092816452,42.4244318080001
15467,9793093,WARREN,ARTESIAN,2016-05-02,2,5,2016,16,2,9,9,,2,2,,1,1,1,35,4,2,3,4,0,0,0,3,false,,false,false,true,false,false,,,,,,false,false,false,,,false,false,false,false,false,-83.22536,42.34328,"{
  ""coordinates"": [
    -8.322536600399999e+01,
    4.234327908300000e+01
  ],
  ""type"": ""Point""
}","{
  ""coordinates"": [
    -83.225366004,
    42.343279083
  ],
  ""type"": ""Point""
}",-83.225366004,42.343279083
15468,9700077,WARREN,COMMONWEALTH,2016-05-02,2,5,2016,15,2,8,9,,4,0,,1,2,1,30,4,2,1,5,0,0,0,0,true,,false,false,true,false,false,,,,,,false,false,true,,,false,false,false,false,false,-83.07986,42.35172,"{
  ""coordinates"": [
    -8.307986632500000e+01,
    4.235172123700000e+01
  ],
  ""type"": ""Point""
}","{
  ""coordinates"": [
    -83.079866325,
    42.351721237
  ],
  ""type"": ""Point""
}",-83.079866325,42.351721237
15469,9687870,S M 10,MARTIN LUTHER KING JR,2016-05-02,2,5,2016,10,2,5,3,,1,0,,2,2,1,55,3,2,2,5,0,0,0,0,true,,false,false,false,false,false,,,,,,false,false,false,,,false,false,false,false,false,-83.06805,42.34293,"{
  ""coordinates"": [
    -8.306805784800000e+01,
    4.234292438900010e+01
  ],
  ""type"": ""Point""
}","{
  ""coordinates"": [
    -83.068057848,
    42.342924389
  ],
  ""type"": ""Point""
}",-83.068057848,42.3429243890001
15470,9688174,8 MILE,MOUND,2016-05-02,2,5,2016,5,2,97,3,,1,0,,2,4,4,40,4,2,1,5,0,0,0,0,true,,false,false,true,false,false,,,,,,false,false,false,,,false,false,false,false,false,-83.04427,42.44777,"{
  ""coordinates"": [
    -8.304427346900000e+01,
    4.244776390500000e+01
  ],
  ""type"": ""Point""
}","{
  ""coordinates"": [
    -83.044273469,
    42.447763905
  ],
  ""type"": ""Point""
}",-83.044273469,42.447763905
15471,9806640,M-39,TIREMAN,2016-05-02,2,5,2016,8,2,5,3,,1,0,,2,4,1,55,3,2,2,5,0,0,0,0,true,,false,false,false,false,false,,,,,,false,false,false,,,false,false,false,false,false,-83.21624,42.34917,"{
  ""coordinates"": [
    -8.321624124999990e+01,
    4.234916777900000e+01
  ],
  ""type"": ""Point""
}","{
  ""coordinates"": [
    -83.21624125,
    42.349167779
  ],
  ""type"": ""Point""
}",-83.2162412499999,42.349167779
15472,9706496,DICKERSON,HERN,2016-05-02,2,5,2016,13,2,1,9,,4,0,,98,98,1,30,2,1,0,5,0,0,0,0,true,,false,false,true,false,false,,,,,,false,false,false,,,false,false,false,false,false,-82.97247,42.40055,"{
  ""coordinates"": [
    -8.297246893900000e+01,
    4.240055473800000e+01
  ],
  ""type"": ""Point""
}","{
  ""coordinates"": [
    -82.972468939,
    42.400554738
  ],
  ""type"": ""Point""
}",-82.972468939,42.400554738
15473,9688102,MOUNT ELLIOTT,7 MILE,2016-05-02,2,5,2016,12,2,4,9,,4,0,,1,1,1,35,2,2,1,5,0,0,0,0,true,,true,true,true,false,false,,,,,,false,false,false,,,false,false,false,false,false,-83.03894,42.43368,"{
  ""coordinates"": [
    -8.303893875599989e+01,
    4.243368040500010e+01
  ],
  ""type"": ""Point""
}","{
  ""coordinates"": [
    -83.038938756,
    42.433680405
  ],
  ""type"": ""Point""
}",-83.0389387559999,42.4336804050001
15474,9696598,N M 10,RAMP 122H,2016-05-02,2,5,2016,17,2,8,3,,1,0,,1,1,1,55,3,2,2,5,0,0,0,0,true,,false,false,false,false,false,,,,,,false,false,false,,,false,false,false,false,false,-83.06203,42.33244,"{
  ""coordinates"": [
    -8.306203413599999e+01,
    4.233244410600000e+01
  ],
  ""type"": ""Point""
}","{
  ""coordinates"": [
    -83.062034136,
    42.332444106
  ],
  ""type"": ""Point""
}",-83.062034136,42.332444106
15475,9696753,SCHOOLCRAFT,ARTESIAN,2016-05-02,2,5,2016,3,2,1,9,,2,0,,2,4,4,30,2,1,1,3,0,0,1,0,false,,false,false,false,false,false,,,,,,false,false,false,,,false,false,false,false,false,-83.22718,42.38647,"{
  ""coordinates"": [
    -8.322717793600000e+01,
    4.238646570500000e+01
  ],
  ""type"": ""Point""
}","{
  ""coordinates"": [
    -83.227177936,
    42.386465705
  ],
  ""type"": ""Point""
}",-83.227177936,42.386465705
15476,9706403,VERNOR,GREEN,2016-05-02,2,5,2016,15,2,2,9,,4,2,,1,2,1,35,2,2,0,5,0,0,0,0,true,,false,false,true,false,false,,,,,,false,false,false,,,false,false,false,false,false,-83.12086,42.31406,"{
  ""coordinates"": [
    -8.312086037499991e+01,
    4.231405465800000e+01
  ],
  ""type"": ""Point""
}","{
  ""coordinates"": [
    -83.120860375,
    42.314054658
  ],
  ""type"": ""Point""
}",-83.1208603749999,42.314054658
15477,9687846,I-94,TOWNSEND,2016-05-02,2,5,2016,16,2,5,9,,4,0,,1,1,1,55,3,2,2,5,0,0,0,0,true,,false,false,false,false,false,,,,,,false,false,true,,,false,false,false,false,false,-83.02309,42.38509,"{
  ""coordinates"": [
    -8.302308750799990e+01,
    4.238508448900010e+01
  ],
  ""type"": ""Point""
}","{
  ""coordinates"": [
    -83.023087508,
    42.385084489
  ],
  ""type"": ""Point""
}",-83.0230875079999,42.3850844890001
15478,9688159,LONGVIEW,DEICKERSON,2016-05-02,2,5,2016,10,2,4,9,,,0,,2,2,1,25,3,2,2,5,0,0,0,0,true,,true,false,false,false,false,,,,,,false,true,true,,,false,false,false,false,false,-82.97691,42.40833,"{
  ""coordinates"": [
    -8.297691713899999e+01,
    4.240832705200010e+01
  ],
  ""type"": ""Point""
}","{
  ""coordinates"": [
    -82.976917139,
    42.408327052
  ],
  ""type"": ""Point""
}",-82.976917139,42.4083270520001
15479,9688091,W I 94,RAMP 221D,2016-05-02,2,5,2016,8,2,5,1,,1,0,,2,4,1,55,3,3,3,5,0,0,0,0,true,,false,false,false,false,false,,,,,,false,false,false,,,false,false,false,false,false,-82.95669,42.40613,"{
  ""coordinates"": [
    -8.295669128700000e+01,
    4.240612945600000e+01
  ],
  ""type"": ""Point""
}","{
  ""coordinates"": [
    -82.956691287,
    42.406129456
  ],
  ""type"": ""Point""
}",-82.956691287,42.406129456
15480,9690609,I-96,GRAND,2016-05-02,2,5,2016,3,2,1,1,,1,1,,2,4,4,55,4,1,1,5,0,0,0,0,true,,false,false,false,false,false,,,,,,false,false,false,,,false,false,false,false,false,-83.10802,42.35489,"{
  ""coordinates"": [
    -8.310802310299989e+01,
    4.235489017000000e+01
  ],
  ""type"": ""Point""
}","{
  ""coordinates"": [
    -83.108023103,
    42.35489017
  ],
  ""type"": ""Point""
}",-83.1080231029999,42.35489017
15481,9688884,DAVISON,14TH,2016-05-02,2,5,2016,2,2,4,3,,1,0,,2,4,4,30,7,2,3,4,0,0,0,1,false,,false,false,false,false,false,,,,,,false,false,false,,,false,false,false,false,false,-83.11603,42.39524,"{
  ""coordinates"": [
    -8.311603096600000e+01,
    4.239523721600010e+01
  ],
  ""type"": ""Point""
}","{
  ""coordinates"": [
    -83.116030966,
    42.395237216
  ],
  ""type"": ""Point""
}",-83.116030966,42.3952372160001
15482,9687853,I 75,SCHAEFER,2016-05-02,2,5,2016,8,2,5,1,,1,0,,2,4,1,70,3,2,2,5,0,0,0,0,true,,false,false,false,false,false,,,,,,false,false,true,,,false,false,false,false,false,-83.16044,42.27528,"{
  ""coordinates"": [
    -8.316043992999990e+01,
    4.227527898400010e+01
  ],
  ""type"": ""Point""
}","{
  ""coordinates"": [
    -83.16043993,
    42.275278984
  ],
  ""type"": ""Point""
}",-83.1604399299999,42.2752789840001
15483,9690547,I 75,SPRINGWELLS,2016-05-02,2,5,2016,15,2,8,1,,1,0,,1,1,1,55,4,3,3,4,0,0,0,1,false,,false,false,false,false,false,,,,,,false,false,false,,,false,false,false,false,false,-83.11902,42.30169,"{
  ""coordinates"": [
    -8.311901493499990e+01,
    4.230168881400000e+01
  ],
  ""type"": ""Point""
}","{
  ""coordinates"": [
    -83.119014935,
    42.301688814
  ],
  ""type"": ""Point""
}",-83.1190149349999,42.301688814
15484,9688129,MACK,FAIRVIEW,2016-05-02,2,5,2016,13,2,4,9,,4,0,,1,1,1,30,3,2,2,4,0,0,0,2,false,,true,true,false,false,false,,,,,,false,true,false,,,false,false,false,false,false,-82.98169,42.37775,"{
  ""coordinates"": [
    -8.298168830799990e+01,
    4.237775078000000e+01
  ],
  ""type"": ""Point""
}","{
  ""coordinates"": [
    -82.981688308,
    42.37775078
  ],
  ""type"": ""Point""
}",-82.9816883079999,42.37775078
15485,9690754,JEFFERSON,ELM,2016-05-02,2,5,2016,11,2,8,9,,4,3,,1,1,1,35,5,2,1,4,0,0,0,1,false,,false,false,false,false,false,,,,,,false,true,false,,,false,false,false,false,false,-83.14577,42.37598,"{
  ""coordinates"": [
    -8.314577535099990e+01,
    4.237597543400010e+01
  ],
  ""type"": ""Point""
}","{
  ""coordinates"": [
    -83.145775351,
    42.375975434
  ],
  ""type"": ""Point""
}",-83.1457753509999,42.3759754340001
15486,9688167,RIOPELLE,STATE FAIR,2016-05-02,2,5,2016,5,2,4,9,,,0,,2,4,4,35,2,2,3,4,0,0,0,1,false,,false,false,false,false,false,,,,,,false,false,false,,,false,false,false,false,false,-83.08677,42.43999,"{
  ""coordinates"": [
    -8.308676553200000e+01,
    4.243998867100000e+01
  ],
  ""type"": ""Point""
}","{
  ""coordinates"": [
    -83.086765532,
    42.439988671
  ],
  ""type"": ""Point""
}",-83.086765532,42.439988671
15487,9689507,E I 94 SERVICE DRIVE,FRENCH,2016-05-02,2,5,2016,18,2,8,1,,4,0,,1,1,1,30,2,2,2,5,0,0,0,0,true,,false,false,false,false,false,,,,,,false,false,false,,,false,false,false,false,false,-82.99564,42.39199,"{
  ""coordinates"": [
    -8.299563835200000e+01,
    4.239198823500000e+01
  ],
  ""type"": ""Point""
}","{
  ""coordinates"": [
    -82.995638352,
    42.391988235
  ],
  ""type"": ""Point""
}",-82.995638352,42.391988235
15488,9693229,WOODWARD,HANCOCK,2016-05-02,2,5,2016,11,2,5,3,,1,0,,2,2,1,25,7,2,5,4,0,0,0,1,false,,false,false,false,false,false,,,,,,false,false,false,,,false,false,false,false,false,-83.06285,42.35455,"{
  ""coordinates"": [
    -8.306285281200000e+01,
    4.235454883000010e+01
  ],
  ""type"": ""Point""
}","{
  ""coordinates"": [
    -83.062852812,
    42.35454883
  ],
  ""type"": ""Point""
}",-83.062852812,42.3545488300001
15489,9700065,HANCOCK,JOHN R,2016-05-02,2,5,2016,17,2,4,9,,,0,,1,1,1,25,2,2,2,5,0,0,0,0,true,,false,false,false,false,false,,,,,,false,false,false,,,false,false,false,false,false,-83.06226,42.35639,"{
  ""coordinates"": [
    -8.306226564399999e+01,
    4.235639176400010e+01
  ],
  ""type"": ""Point""
}","{
  ""coordinates"": [
    -83.062265644,
    42.356391764
  ],
  ""type"": ""Point""
}",-83.062265644,42.3563917640001
15490,9706547,GREENFIELD,ELMIRA,2016-05-02,2,5,2016,14,2,1,9,,2,1,,1,2,1,35,4,1,4,4,0,0,0,1,false,,false,false,false,false,false,,,,,,false,false,false,,,false,false,false,false,false,-83.19743,42.3698,"{
  ""coordinates"": [
    -8.319742888199990e+01,
    4.236979982200010e+01
  ],
  ""type"": ""Point""
}","{
  ""coordinates"": [
    -83.197428882,
    42.369799822
  ],
  ""type"": ""Point""
}",-83.1974288819999,42.3697998220001
15491,9706348,HUBBELL,KEELER,2016-05-02,2,5,2016,13,2,1,9,,4,1,,1,2,1,30,2,1,1,4,0,0,0,1,false,,false,false,false,false,false,,,,,,false,false,false,,,false,false,false,false,false,-83.18897,42.40342,"{
  ""coordinates"": [
    -8.318897603600000e+01,
    4.240342261700000e+01
  ],
  ""type"": ""Point""
}","{
  ""coordinates"": [
    -83.188976036,
    42.403422617
  ],
  ""type"": ""Point""
}",-83.188976036,42.403422617
15492,9688126,ELECTRIC,GLEASON,2016-05-02,2,5,2016,2,2,5,9,,,0,,2,4,4,25,1,2,1,5,0,0,0,0,true,,false,false,false,true,false,,,,,,false,false,true,,,false,false,false,false,false,-83.1626,42.26401,"{
  ""coordinates"": [
    -8.316259778999989e+01,
    4.226401285600010e+01
  ],
  ""type"": ""Point""
}","{
  ""coordinates"": [
    -83.16259779,
    42.264012856
  ],
  ""type"": ""Point""
}",-83.1625977899999,42.2640128560001
15493,9694944,MCNICHOLS,LAWTON,2016-05-02,2,5,2016,20,2,8,9,,4,0,,1,1,1,30,4,2,0,5,0,0,0,0,true,,false,false,true,false,false,,,,,,false,false,false,,,false,false,false,false,false,-83.12998,42.41731,"{
  ""coordinates"": [
    -8.312998464099999e+01,
    4.241730997900000e+01
  ],
  ""type"": ""Point""
}","{
  ""coordinates"": [
    -83.129984641,
    42.417309979
  ],
  ""type"": ""Point""
}",-83.129984641,42.417309979
15494,9687871,N I 75,RAMP 033A,2016-05-02,2,5,2016,13,2,5,1,,1,0,,1,2,1,55,4,2,2,3,0,0,1,0,false,,false,false,false,false,false,,,,,,false,false,false,,,false,false,false,false,false,-83.09524,42.31179,"{
  ""coordinates"": [
    -8.309524144100000e+01,
    4.231179182700000e+01
  ],
  ""type"": ""Point""
}","{
  ""coordinates"": [
    -83.095241441,
    42.311791827
  ],
  ""type"": ""Point""
}",-83.095241441,42.311791827
15495,9691757,SEVEN MILE,MEYERS,2016-05-02,2,5,2016,9,2,5,9,,2,0,,2,4,1,0,3,2,2,5,0,0,0,0,true,,false,false,true,false,false,,,,,,false,false,false,,,false,false,false,false,false,-83.17069,42.43125,"{
  ""coordinates"": [
    -8.317068907100000e+01,
    4.243124718100010e+01
  ],
  ""type"": ""Point""
}","{
  ""coordinates"": [
    -83.170689071,
    42.431247181
  ],
  ""type"": ""Point""
}",-83.170689071,42.4312471810001
15496,9687912,M-39,7 MILE,2016-05-02,2,5,2016,12,2,8,3,,1,0,,1,2,1,55,3,2,1,5,0,0,0,0,true,,false,false,true,false,false,,,,,,false,false,false,,,false,false,false,false,false,-83.21972,42.43723,"{
  ""coordinates"": [
    -8.321972058999999e+01,
    4.243723194100010e+01
  ],
  ""type"": ""Point""
}","{
  ""coordinates"": [
    -83.21972059,
    42.437231941
  ],
  ""type"": ""Point""
}",-83.21972059,42.4372319410001
15497,9688142,JOY,EVERGREEN,2016-05-02,2,5,2016,18,2,4,9,,2,0,,1,2,1,35,5,2,2,4,0,0,0,1,false,,false,false,false,false,false,,,,,,false,false,true,,,false,false,false,false,false,-83.23577,42.35757,"{
  ""coordinates"": [
    -8.323576981100000e+01,
    4.235757350200000e+01
  ],
  ""type"": ""Point""
}","{
  ""coordinates"": [
    -83.235769811,
    42.357573502
  ],
  ""type"": ""Point""
}",-83.235769811,42.357573502