ObjectId,Crash ID,Primary Road,Intersecting Road,Crash Date,Day,Month,Year,Hour,Weekday,Crash Type Code,Highway Classification Code,Community Code,Jurisdiction Code,Lane Departure Type Code,Surface Type,Road Condition,Weather Condition,Lighting Condition,Speed Limit,Lanes,Units,Occupants,Most Severe Injury,Fatal Injuries,Suspected Serious Injuries,Suspected Minor Injuries,Possible Injuries,Property Damage Only,Secondary Crash,Traffic Control,Red Light Run,Hit and Run,Alcohol,Drugs,Unbelted Person,Work Zone,Speeding Driver,Distracted Driver,Driveway,Pedestrian,Elderly Driver,Young Driver,Commercial Vehicle,Emergency Vehicles,Train,School Bus,Motorcycle,Bicycle,Deer,Longitude,Latitude,geom,geog,x,y
15555,9688155,SOUTHFIELD SERVICE,GRAND RIVER,2016-05-01,1,5,2016,15,1,8,3,,1,0,,1,2,1,25,3,2,2,5,0,0,0,0,true,,false,false,false,false,false,,,,,,false,false,false,,,false,false,false,false,false,-83.21838,42.40033,"{
  ""coordinates"": [
    -8.321837310900000e+01,
    4.240033220800010e+01
  ],
  ""type"": ""Point""
}","{
  ""coordinates"": [
    -83.218373109,
    42.400332208
  ],
  ""type"": ""Point""
}",-83.218373109,42.4003322080001
15556,9693079,M-10,OUTER,2016-05-01,1,5,2016,14,1,5,3,,1,0,,1,2,1,55,3,2,5,5,0,0,0,0,true,,false,false,false,false,false,,,,,,false,false,true,,,false,false,false,false,false,-83.17638,42.42101,"{
  ""coordinates"": [
    -8.317637548099999e+01,
    4.242100504200000e+01
  ],
  ""type"": ""Point""
}","{
  ""coordinates"": [
    -83.176375481,
    42.421005042
  ],
  ""type"": ""Point""
}",-83.176375481,42.421005042
15557,9706546,W I 96 CD,RAMP 136C,2016-05-01,1,5,2016,1,1,5,1,,1,0,,2,4,4,55,3,2,3,4,0,0,0,1,false,,false,false,false,false,false,,,,,,false,true,true,,,false,false,false,false,false,-83.1937,42.37944,"{
  ""coordinates"": [
    -8.319370644700000e+01,
    4.237943860800000e+01
  ],
  ""type"": ""Point""
}","{
  ""coordinates"": [
    -83.193706447,
    42.379438608
  ],
  ""type"": ""Point""
}",-83.193706447,42.379438608
15558,9690600,I-96,TELEGRAPH,2016-05-01,1,5,2016,2,1,5,1,,1,0,,2,4,4,70,4,2,1,5,0,0,0,0,true,,false,false,true,false,false,,,,,,false,false,false,,,false,false,false,false,false,-83.2749,42.38527,"{
  ""coordinates"": [
    -8.327490020700000e+01,
    4.238526575700010e+01
  ],
  ""type"": ""Point""
}","{
  ""coordinates"": [
    -83.274900207,
    42.385265757
  ],
  ""type"": ""Point""
}",-83.274900207,42.3852657570001
15559,9696725,BAGLEY,PARK,2016-05-01,1,5,2016,13,1,5,9,,4,0,,1,1,1,20,4,2,2,5,0,0,0,0,true,,false,false,false,false,false,,,,,,false,false,false,,,false,false,false,false,false,-83.05185,42.33597,"{
  ""coordinates"": [
    -8.305184765500000e+01,
    4.233597068600010e+01
  ],
  ""type"": ""Point""
}","{
  ""coordinates"": [
    -83.051847655,
    42.335970686
  ],
  ""type"": ""Point""
}",-83.051847655,42.3359706860001
15560,9706577,FENKELL,14TH,2016-05-01,1,5,2016,11,1,5,9,,4,0,,1,1,5,25,2,2,2,5,0,0,0,0,true,,false,false,false,false,false,,,,,,false,true,false,,,false,false,false,false,false,-83.11945,42.40311,"{
  ""coordinates"": [
    -8.311944316800000e+01,
    4.240310665700010e+01
  ],
  ""type"": ""Point""
}","{
  ""coordinates"": [
    -83.119443168,
    42.403106657
  ],
  ""type"": ""Point""
}",-83.119443168,42.4031066570001
15561,9706440,MCGRAW,CENTRAL,2016-05-01,1,5,2016,0,1,1,9,,4,1,,2,4,4,35,4,1,2,3,0,0,1,0,false,,false,false,false,false,false,,,,,,false,false,true,,,false,false,false,false,false,-83.1405,42.3356,"{
  ""coordinates"": [
    -8.314049238900000e+01,
    4.233559968300010e+01
  ],
  ""type"": ""Point""
}","{
  ""coordinates"": [
    -83.140492389,
    42.335599683
  ],
  ""type"": ""Point""
}",-83.140492389,42.3355996830001
15562,9689495,PEMBROKE,SUSSEX,2016-05-01,1,5,2016,17,1,4,9,,4,0,,1,1,1,25,4,2,2,5,0,0,0,0,true,,false,false,true,false,false,,,,,,false,false,false,,,false,false,false,false,false,-83.19643,42.43774,"{
  ""coordinates"": [
    -8.319643772500000e+01,
    4.243774362500010e+01
  ],
  ""type"": ""Point""
}","{
  ""coordinates"": [
    -83.196437725,
    42.437743625
  ],
  ""type"": ""Point""
}",-83.196437725,42.4377436250001
15563,9715857,GRIGGS,PURITAN,2016-05-01,1,5,2016,2,1,8,9,,,3,,2,4,4,25,2,2,1,5,0,0,0,0,true,,false,false,false,false,false,,,,,,false,false,true,,,false,false,false,false,false,-83.16336,42.41238,"{
  ""coordinates"": [
    -8.316336429899999e+01,
    4.241238091300000e+01
  ],
  ""type"": ""Point""
}","{
  ""coordinates"": [
    -83.163364299,
    42.412380913
  ],
  ""type"": ""Point""
}",-83.163364299,42.412380913
15564,9688145,GRATIOT,I 75/I 375 SERVICE DRIVE,2016-05-01,1,5,2016,15,1,5,3,,1,0,,1,1,1,35,3,4,5,2,0,3,0,0,false,,false,false,false,true,false,,,,,,false,false,true,,,false,false,false,false,false,-83.03741,42.34525,"{
  ""coordinates"": [
    -8.303741516500000e+01,
    4.234524900600010e+01
  ],
  ""type"": ""Point""
}","{
  ""coordinates"": [
    -83.037415165,
    42.345249006
  ],
  ""type"": ""Point""
}",-83.037415165,42.3452490060001
15565,9715766,LANTZ,RYAN,2016-04-30,30,4,2016,19,7,4,9,,,0,,2,4,97,35,3,2,3,4,0,0,0,1,false,,false,false,false,false,false,,,,,,false,false,true,,,false,false,false,false,false,-83.06368,42.43805,"{
  ""coordinates"": [
    -8.306368550900000e+01,
    4.243805398600010e+01
  ],
  ""type"": ""Point""
}","{
  ""coordinates"": [
    -83.063685509,
    42.438053986
  ],
  ""type"": ""Point""
}",-83.063685509,42.4380539860001
15566,9715659,HOOVER,STURGIS,2016-04-30,30,4,2016,12,7,8,3,,1,0,,1,2,1,30,2,2,5,4,0,0,0,1,false,,false,false,true,false,false,,,,,,false,false,true,,,false,false,false,false,false,-83.00484,42.43867,"{
  ""coordinates"": [
    -8.300484035200000e+01,
    4.243867470800010e+01
  ],
  ""type"": ""Point""
}","{
  ""coordinates"": [
    -83.004840352,
    42.438674708
  ],
  ""type"": ""Point""
}",-83.004840352,42.4386747080001
15567,9705007,BRUSH,GRATIOT,2016-04-30,30,4,2016,15,7,4,3,,4,0,,1,1,1,0,4,2,2,5,0,0,0,0,true,,false,false,false,false,false,,,,,,false,false,false,,,false,false,false,false,false,-83.04465,42.33583,"{
  ""coordinates"": [
    -8.304464377799999e+01,
    4.233582509000010e+01
  ],
  ""type"": ""Point""
}","{
  ""coordinates"": [
    -83.044643778,
    42.33582509
  ],
  ""type"": ""Point""
}",-83.044643778,42.3358250900001
15568,9690581,W/B I 96,MARTIN LUTHER KING,2016-04-30,30,4,2016,18,7,1,1,,1,1,,2,4,1,55,2,1,1,4,0,0,0,1,false,,false,false,false,false,false,,,,,,false,false,true,,,false,false,false,false,false,-83.08922,42.33503,"{
  ""coordinates"": [
    -8.308921711999990e+01,
    4.233502508700010e+01
  ],
  ""type"": ""Point""
}","{
  ""coordinates"": [
    -83.08921712,
    42.335025087
  ],
  ""type"": ""Point""
}",-83.0892171199999,42.3350250870001
15569,9706334,CHICAGO,HUBBELL,2016-04-30,30,4,2016,11,7,5,9,,4,0,,1,1,1,35,4,2,3,4,0,0,0,1,false,,false,false,true,false,false,,,,,,false,false,false,,,false,false,false,false,false,-83.18749,42.36558,"{
  ""coordinates"": [
    -8.318749320599990e+01,
    4.236558043200010e+01
  ],
  ""type"": ""Point""
}","{
  ""coordinates"": [
    -83.187493206,
    42.365580432
  ],
  ""type"": ""Point""
}",-83.1874932059999,42.3655804320001
15570,9688148,VAN DYKE,GRATIOT,2016-04-30,30,4,2016,15,7,8,3,,1,0,,1,1,1,30,2,2,4,5,0,0,0,0,true,,false,false,false,false,false,,,,,,false,true,true,,,false,false,false,false,false,-83.01476,42.37892,"{
  ""coordinates"": [
    -8.301475387300000e+01,
    4.237892220400000e+01
  ],
  ""type"": ""Point""
}","{
  ""coordinates"": [
    -83.014753873,
    42.378922204
  ],
  ""type"": ""Point""
}",-83.014753873,42.378922204
15571,9690544,M 39,GLENDALE,2016-04-30,30,4,2016,21,7,4,9,,4,0,,2,4,4,55,3,2,2,5,0,0,0,0,true,,false,false,false,false,false,,,,,,false,false,true,,,false,false,false,false,false,-83.21708,42.38288,"{
  ""coordinates"": [
    -8.321708035899999e+01,
    4.238287917600010e+01
  ],
  ""type"": ""Point""
}","{
  ""coordinates"": [
    -83.217080359,
    42.382879176
  ],
  ""type"": ""Point""
}",-83.217080359,42.3828791760001
15572,9688151,EVERGREEN,7 MILE,2016-04-30,30,4,2016,11,7,8,9,,4,0,,1,1,3,35,3,2,3,5,0,0,0,0,true,,false,false,true,false,false,,,,,,false,false,false,,,false,false,false,false,false,-83.23886,42.4296,"{
  ""coordinates"": [
    -8.323885914200000e+01,
    4.242959944900010e+01
  ],
  ""type"": ""Point""
}","{
  ""coordinates"": [
    -83.238859142,
    42.429599449
  ],
  ""type"": ""Point""
}",-83.238859142,42.4295994490001
15573,9690530,NB M10,8 MILE,2016-04-30,30,4,2016,4,7,1,3,,1,1,,1,1,4,65,3,1,1,5,0,0,0,0,true,,false,false,false,false,false,,,,,,false,false,false,,,false,false,false,false,false,-83.20193,42.44367,"{
  ""coordinates"": [
    -8.320192598400000e+01,
    4.244366752100010e+01
  ],
  ""type"": ""Point""
}","{
  ""coordinates"": [
    -83.201925984,
    42.443667521
  ],
  ""type"": ""Point""
}",-83.201925984,42.4436675210001
15574,9688157,ROSSINI,REGENT,2016-04-30,30,4,2016,18,7,5,9,,,0,,2,4,1,25,1,2,0,5,0,0,0,0,true,,false,false,true,false,false,,,,,,false,false,false,,,false,false,false,false,false,-82.97562,42.44332,"{
  ""coordinates"": [
    -8.297561415000000e+01,
    4.244332203400010e+01
  ],
  ""type"": ""Point""
}","{
  ""coordinates"": [
    -82.97561415,
    42.443322034
  ],
  ""type"": ""Point""
}",-82.97561415,42.4433220340001
15575,9688172,8 MILE,DEQUINDRE,2016-04-30,30,4,2016,3,7,4,3,,1,0,,1,1,4,40,4,2,2,5,0,0,0,0,true,,false,false,false,false,false,,,,,,false,false,true,,,false,false,false,false,false,-83.08066,42.44706,"{
  ""coordinates"": [
    -8.308065848699989e+01,
    4.244705812900000e+01
  ],
  ""type"": ""Point""
}","{
  ""coordinates"": [
    -83.080658487,
    42.447058129
  ],
  ""type"": ""Point""
}",-83.0806584869999,42.447058129
15576,9694061,CASS,FISHER,2016-04-30,30,4,2016,21,7,4,9,,4,0,,2,4,4,25,4,2,2,5,0,0,0,0,true,,false,false,false,false,false,,,,,,false,false,true,,,false,false,false,false,false,-83.05647,42.3381,"{
  ""coordinates"": [
    -8.305646206400000e+01,
    4.233809863600000e+01
  ],
  ""type"": ""Point""
}","{
  ""coordinates"": [
    -83.056462064,
    42.338098636
  ],
  ""type"": ""Point""
}",-83.056462064,42.338098636
15577,9688176,FAIRFIELD,GROVE,2016-04-30,30,4,2016,21,7,2,9,,,0,,2,4,4,25,2,2,1,5,0,0,0,0,true,,false,false,false,false,false,,,,,,false,false,false,,,false,false,false,false,false,-83.13519,42.41482,"{
  ""coordinates"": [
    -8.313518438700000e+01,
    4.241481905700000e+01
  ],
  ""type"": ""Point""
}","{
  ""coordinates"": [
    -83.135184387,
    42.414819057
  ],
  ""type"": ""Point""
}",-83.135184387,42.414819057
15578,9688156,7 MILE,STRASBURG,2016-04-30,30,4,2016,16,7,5,9,,4,0,,2,4,1,30,4,2,3,5,0,0,0,0,true,,false,false,true,false,false,,,,,,false,false,false,,,false,false,false,false,false,-82.99851,42.43461,"{
  ""coordinates"": [
    -8.299851469600000e+01,
    4.243460765700010e+01
  ],
  ""type"": ""Point""
}","{
  ""coordinates"": [
    -82.998514696,
    42.434607657
  ],
  ""type"": ""Point""
}",-82.998514696,42.4346076570001
15579,9715618,VAN DYKE,MOLENA,2016-04-30,30,4,2016,23,7,2,3,,1,0,,2,4,4,0,4,2,3,4,0,0,0,1,false,,false,false,false,false,false,,,,,,false,false,false,,,false,false,false,false,false,-83.02317,42.40551,"{
  ""coordinates"": [
    -8.302317025900000e+01,
    4.240550940400000e+01
  ],
  ""type"": ""Point""
}","{
  ""coordinates"": [
    -83.023170259,
    42.405509404
  ],
  ""type"": ""Point""
}",-83.023170259,42.405509404
15580,9715619,RAMP 219C,W I 94,2016-04-30,30,4,2016,20,7,1,1,,1,1,,2,4,1,55,3,1,1,5,0,0,0,0,true,,false,false,false,false,false,,,,,,false,false,false,,,false,false,false,false,false,-83.00672,42.39146,"{
  ""coordinates"": [
    -8.300671835799990e+01,
    4.239146076100010e+01
  ],
  ""type"": ""Point""
}","{
  ""coordinates"": [
    -83.006718358,
    42.391460761
  ],
  ""type"": ""Point""
}",-83.0067183579999,42.3914607610001
15581,9688163,CARTER,WILDEMERE,2016-04-30,30,4,2016,8,7,4,9,,,0,,1,1,1,25,2,2,1,5,0,0,0,0,true,,false,false,true,false,false,,,,,,false,false,false,,,false,false,false,false,false,-83.11206,42.368,"{
  ""coordinates"": [
    -8.311205706600001e+01,
    4.236799495700010e+01
  ],
  ""type"": ""Point""
}","{
  ""coordinates"": [
    -83.112057066,
    42.367994957
  ],
  ""type"": ""Point""
}",-83.112057066,42.3679949570001
15582,9706495,HARPER,GRAYTON,2016-04-30,30,4,2016,11,7,8,9,,4,0,,1,1,1,30,2,3,2,5,0,0,0,0,true,,false,false,false,false,false,,,,,,false,false,true,,,false,false,false,false,false,-82.93851,42.41533,"{
  ""coordinates"": [
    -8.293851662500001e+01,
    4.241533083600010e+01
  ],
  ""type"": ""Point""
}","{
  ""coordinates"": [
    -82.938516625,
    42.415330836
  ],
  ""type"": ""Point""
}",-82.938516625,42.4153308360001
15583,9689502,MORANG,BALFOUR,2016-04-30,30,4,2016,14,7,5,9,,4,0,,1,1,1,35,2,2,2,5,0,0,0,0,true,,false,false,false,false,false,,,,,,false,false,false,,,false,false,false,false,false,-82.94263,42.42311,"{
  ""coordinates"": [
    -8.294262984700001e+01,
    4.242311260000000e+01
  ],
  ""type"": ""Point""
}","{
  ""coordinates"": [
    -82.942629847,
    42.4231126
  ],
  ""type"": ""Point""
}",-82.942629847,42.4231126
15584,9688114,CHICAGO,MEYERS,2016-04-30,30,4,2016,11,7,8,9,,4,0,,1,1,1,35,4,2,4,5,0,0,0,0,true,,false,false,false,false,false,,,,,,false,false,false,,,false,false,false,false,false,-83.16794,42.366,"{
  ""coordinates"": [
    -8.316793921399990e+01,
    4.236599603800000e+01
  ],
  ""type"": ""Point""
}","{
  ""coordinates"": [
    -83.167939214,
    42.365996038
  ],
  ""type"": ""Point""
}",-83.1679392139999,42.365996038
15585,9693076,M-39,SCHOOLCRAFT,2016-04-30,30,4,2016,16,7,5,3,,1,0,,2,4,1,55,3,2,1,5,0,0,0,0,true,,false,false,true,false,false,,,,,,false,false,false,,,false,false,false,false,false,-83.21774,42.38726,"{
  ""coordinates"": [
    -8.321774596499991e+01,
    4.238725908700010e+01
  ],
  ""type"": ""Point""
}","{
  ""coordinates"": [
    -83.217745965,
    42.387259087
  ],
  ""type"": ""Point""
}",-83.2177459649999,42.3872590870001
15586,9693075,I-75,CLARK,2016-04-30,30,4,2016,9,7,4,1,,1,0,,1,1,1,55,4,2,2,5,0,0,0,0,true,,false,false,false,false,false,,,,,,false,false,false,,,false,false,false,false,false,-83.0907,42.31356,"{
  ""coordinates"": [
    -8.309069725800001e+01,
    4.231356208400010e+01
  ],
  ""type"": ""Point""
}","{
  ""coordinates"": [
    -83.090697258,
    42.313562084
  ],
  ""type"": ""Point""
}",-83.090697258,42.3135620840001
15587,9688140,WARREN,ROSEMONT,2016-04-30,30,4,2016,16,7,5,9,,2,0,,2,4,1,35,5,2,1,4,0,0,0,1,false,,false,false,true,false,false,,,,,,false,true,false,,,false,false,false,false,false,-83.21836,42.34335,"{
  ""coordinates"": [
    -8.321836182300000e+01,
    4.234334666900000e+01
  ],
  ""type"": ""Point""
}","{
  ""coordinates"": [
    -83.218361823,
    42.343346669
  ],
  ""type"": ""Point""
}",-83.218361823,42.343346669
15588,9693077,S M 39,FENKELL,2016-04-30,30,4,2016,17,7,5,3,,1,0,,2,4,1,55,3,2,2,5,0,0,0,0,true,,false,false,false,false,false,,,,,,false,false,false,,,false,false,false,false,false,-83.21838,42.401,"{
  ""coordinates"": [
    -8.321837705599999e+01,
    4.240100127500010e+01
  ],
  ""type"": ""Point""
}","{
  ""coordinates"": [
    -83.218377056,
    42.401001275
  ],
  ""type"": ""Point""
}",-83.218377056,42.4010012750001
15589,9690574,RAMP 3 109A,M-10,2016-04-30,30,4,2016,18,7,1,3,,1,1,,2,4,1,30,1,1,1,5,0,0,0,0,true,,false,false,false,false,false,,,,,,false,false,false,,,false,false,false,false,false,-83.11121,42.3987,"{
  ""coordinates"": [
    -8.311121180399989e+01,
    4.239870447000000e+01
  ],
  ""type"": ""Point""
}","{
  ""coordinates"": [
    -83.111211804,
    42.39870447
  ],
  ""type"": ""Point""
}",-83.1112118039999,42.39870447
15590,9690670,GRAND,FORT,2016-04-30,30,4,2016,15,7,3,3,,4,0,,2,4,1,30,2,2,3,4,0,0,0,2,false,,false,false,false,false,false,,,,,,false,true,false,,,false,false,false,false,false,-83.08343,42.31516,"{
  ""coordinates"": [
    -8.308342401600000e+01,
    4.231516102700000e+01
  ],
  ""type"": ""Point""
}","{
  ""coordinates"": [
    -83.083424016,
    42.315161027
  ],
  ""type"": ""Point""
}",-83.083424016,42.315161027
15591,9688173,8 MILE,NORWOOD,2016-04-30,30,4,2016,6,7,1,3,,1,1,,1,1,2,40,4,1,0,5,0,0,0,0,true,,false,false,false,false,false,,,,,,false,false,false,,,false,false,false,false,false,-83.06808,42.44721,"{
  ""coordinates"": [
    -8.306808054699999e+01,
    4.244720852400010e+01
  ],
  ""type"": ""Point""
}","{
  ""coordinates"": [
    -83.068080547,
    42.447208524
  ],
  ""type"": ""Point""
}",-83.068080547,42.4472085240001
15592,9690607,I-96,GRAND,2016-04-30,30,4,2016,21,7,1,1,,1,1,,2,4,4,55,4,1,3,5,0,0,0,0,true,,false,false,false,false,false,,,,,,false,false,false,,,false,false,false,false,false,-83.10884,42.3552,"{
  ""coordinates"": [
    -8.310884272200001e+01,
    4.235519618700000e+01
  ],
  ""type"": ""Point""
}","{
  ""coordinates"": [
    -83.108842722,
    42.355196187
  ],
  ""type"": ""Point""
}",-83.108842722,42.355196187
15593,9688863,FORT,MIAMI,2016-04-30,30,4,2016,3,7,5,3,,1,0,,1,1,4,55,4,2,1,4,0,0,0,1,false,,false,false,true,false,false,,,,,,false,false,false,,,false,false,false,false,false,-83.15676,42.27424,"{
  ""coordinates"": [
    -8.315675908900000e+01,
    4.227424298000010e+01
  ],
  ""type"": ""Point""
}","{
  ""coordinates"": [
    -83.156759089,
    42.27424298
  ],
  ""type"": ""Point""
}",-83.156759089,42.2742429800001
15594,9688137,LAMPHERE,KENDALL,2016-04-30,30,4,2016,19,7,4,9,,,0,,2,4,1,0,2,2,2,5,0,0,0,0,true,,false,false,true,false,false,,,,,,false,false,false,,,false,false,false,false,false,-83.26136,42.3882,"{
  ""coordinates"": [
    -8.326136322699990e+01,
    4.238819725700010e+01
  ],
  ""type"": ""Point""
}","{
  ""coordinates"": [
    -83.261363227,
    42.388197257
  ],
  ""type"": ""Point""
}",-83.2613632269999,42.3881972570001
15595,9690606,N I 75,RAMP 037A,2016-04-30,30,4,2016,18,7,1,1,,1,1,,2,4,1,55,2,1,3,4,0,0,0,1,false,,false,false,false,false,false,,,,,,false,false,false,,,false,false,false,false,false,-83.08337,42.33202,"{
  ""coordinates"": [
    -8.308337425000001e+01,
    4.233201623200010e+01
  ],
  ""type"": ""Point""
}","{
  ""coordinates"": [
    -83.08337425,
    42.332016232
  ],
  ""type"": ""Point""
}",-83.08337425,42.3320162320001
15596,9715836,SEVEN MILE,GRATIOT,2016-04-30,30,4,2016,22,7,5,3,,2,0,,2,4,5,35,4,2,1,5,0,0,0,0,true,,false,false,true,false,false,,,,,,false,false,false,,,false,false,false,false,false,-82.97732,42.43509,"{
  ""coordinates"": [
    -8.297731636799990e+01,
    4.243508371700010e+01
  ],
  ""type"": ""Point""
}","{
  ""coordinates"": [
    -82.977316368,
    42.435083717
  ],
  ""type"": ""Point""
}",-82.9773163679999,42.4350837170001
15597,9688117,CASS,LEDYARD,2016-04-30,30,4,2016,20,7,1,9,,4,0,,2,4,5,25,4,1,1,5,0,0,0,0,true,,false,false,false,false,false,,,,,,false,false,false,,,false,false,false,false,false,-83.05785,42.34043,"{
  ""coordinates"": [
    -8.305784548699999e+01,
    4.234043188700010e+01
  ],
  ""type"": ""Point""
}","{
  ""coordinates"": [
    -83.057845487,
    42.340431887
  ],
  ""type"": ""Point""
}",-83.057845487,42.3404318870001
15598,9706494,BERKSHIRE,BRUNSWICK,2016-04-30,30,4,2016,10,7,1,9,,,0,,1,1,1,25,1,1,0,5,0,0,0,0,true,,false,false,true,false,false,,,,,,false,false,false,,,false,false,false,false,false,-82.93835,42.39082,"{
  ""coordinates"": [
    -8.293835655700001e+01,
    4.239081538400010e+01
  ],
  ""type"": ""Point""
}","{
  ""coordinates"": [
    -82.938356557,
    42.390815384
  ],
  ""type"": ""Point""
}",-82.938356557,42.3908153840001
15599,9688164,DAVISON,CONANT,2016-04-30,30,4,2016,18,7,4,3,,4,0,,2,4,1,30,2,2,3,5,0,0,0,0,true,,true,true,true,false,false,,,,,,false,false,true,,,false,false,false,false,false,-83.06145,42.41553,"{
  ""coordinates"": [
    -8.306144347199999e+01,
    4.241553265700000e+01
  ],
  ""type"": ""Point""
}","{
  ""coordinates"": [
    -83.061443472,
    42.415532657
  ],
  ""type"": ""Point""
}",-83.061443472,42.415532657
15600,9706313,JEFFERSON,JEFFERSON,2016-04-30,30,4,2016,17,7,8,9,,4,0,,2,4,4,35,4,2,2,5,0,0,0,0,true,,false,false,false,false,false,,,,,,false,true,true,,,false,false,false,false,false,-83.03458,42.3331,"{
  ""coordinates"": [
    -8.303457395700001e+01,
    4.233310020400010e+01
  ],
  ""type"": ""Point""
}","{
  ""coordinates"": [
    -83.034573957,
    42.333100204
  ],
  ""type"": ""Point""
}",-83.034573957,42.3331002040001
15601,9715767,OUTER,DEAN,2016-04-30,30,4,2016,21,7,5,9,,2,0,,2,4,4,30,2,2,0,5,0,0,0,0,true,,false,false,true,false,false,,,,,,false,false,false,,,false,false,false,false,false,-83.06277,42.44034,"{
  ""coordinates"": [
    -8.306277392899990e+01,
    4.244033774500010e+01
  ],
  ""type"": ""Point""
}","{
  ""coordinates"": [
    -83.062773929,
    42.440337745
  ],
  ""type"": ""Point""
}",-83.0627739289999,42.4403377450001
15602,9715547,BELLEVUE,MACK,2016-04-30,30,4,2016,5,7,1,9,,,0,,1,1,4,25,2,1,0,5,0,0,0,0,true,,false,false,true,false,false,,,,,,false,false,false,,,false,false,false,false,false,-83.01763,42.36259,"{
  ""coordinates"": [
    -8.301763461000000e+01,
    4.236258674600000e+01
  ],
  ""type"": ""Point""
}","{
  ""coordinates"": [
    -83.01763461,
    42.362586746
  ],
  ""type"": ""Point""
}",-83.01763461,42.362586746
15603,9688161,RAMP 212F,E I 94 SERVICE DRIVE,2016-04-30,30,4,2016,15,7,5,1,,1,0,,2,4,1,35,1,2,3,5,0,0,0,0,true,,false,false,false,false,false,,,,,,false,false,true,,,false,false,false,false,false,-83.11491,42.34272,"{
  ""coordinates"": [
    -8.311491649100000e+01,
    4.234271822400010e+01
  ],
  ""type"": ""Point""
}","{
  ""coordinates"": [
    -83.114916491,
    42.342718224
  ],
  ""type"": ""Point""
}",-83.114916491,42.3427182240001
15604,9799787,SANTA MARIA,SAINT MARYS,2016-04-30,30,4,2016,18,7,4,9,,,0,,2,4,1,25,2,2,2,5,0,0,0,0,true,,false,false,true,false,false,,,,,,false,false,false,,,false,false,false,false,false,-83.20693,42.41763,"{
  ""coordinates"": [
    -8.320693498200001e+01,
    4.241762382800000e+01
  ],
  ""type"": ""Point""
}","{
  ""coordinates"": [
    -83.206934982,
    42.417623828
  ],
  ""type"": ""Point""
}",-83.206934982,42.417623828
15605,9688121,GRAND,FORT,2016-04-30,30,4,2016,16,7,4,3,,4,0,,2,4,1,30,2,2,5,5,0,0,0,0,true,,false,false,false,false,false,,,,,,false,true,false,,,false,false,false,false,false,-83.08376,42.31507,"{
  ""coordinates"": [
    -8.308376142000000e+01,
    4.231507056400010e+01
  ],
  ""type"": ""Point""
}","{
  ""coordinates"": [
    -83.08376142,
    42.315070564
  ],
  ""type"": ""Point""
}",-83.08376142,42.3150705640001
15606,9706469,DICKERSON,ESSEX,2016-04-30,30,4,2016,2,7,1,9,,4,1,,1,1,4,25,2,1,1,5,0,0,0,0,true,,false,false,true,false,false,,,,,,false,false,false,,,false,false,false,false,false,-82.94756,42.36451,"{
  ""coordinates"": [
    -8.294756358099990e+01,
    4.236450863400010e+01
  ],
  ""type"": ""Point""
}","{
  ""coordinates"": [
    -82.947563581,
    42.364508634
  ],
  ""type"": ""Point""
}",-82.9475635809999,42.3645086340001
15607,9688131,WHITTIER,BALFOUR,2016-04-30,30,4,2016,16,7,97,9,,4,0,,2,4,1,25,2,3,3,5,0,0,0,0,true,,false,false,true,false,false,,,,,,false,false,false,,,false,false,false,false,false,-82.94843,42.41502,"{
  ""coordinates"": [
    -8.294843499699989e+01,
    4.241502264500010e+01
  ],
  ""type"": ""Point""
}","{
  ""coordinates"": [
    -82.948434997,
    42.415022645
  ],
  ""type"": ""Point""
}",-82.9484349969999,42.4150226450001
15608,9706375,SCHAEFER,MCNICHOLS,2016-04-30,30,4,2016,22,7,5,9,,4,0,,2,4,4,35,4,2,2,5,0,0,0,0,true,,false,false,true,false,false,,,,,,false,false,true,,,false,false,false,false,false,-83.17979,42.41631,"{
  ""coordinates"": [
    -8.317978471600000e+01,
    4.241631374400000e+01
  ],
  ""type"": ""Point""
}","{
  ""coordinates"": [
    -83.179784716,
    42.416313744
  ],
  ""type"": ""Point""
}",-83.179784716,42.416313744
15609,9688152,I-94,ADDISON,2016-04-30,30,4,2016,14,7,8,1,,1,0,,1,1,1,30,1,2,3,5,0,0,0,0,true,,false,false,false,false,false,,,,,,false,false,false,,,false,false,false,false,false,-83.15121,42.33048,"{
  ""coordinates"": [
    -8.315120982500000e+01,
    4.233047857600010e+01
  ],
  ""type"": ""Point""
}","{
  ""coordinates"": [
    -83.151209825,
    42.330478576
  ],
  ""type"": ""Point""
}",-83.151209825,42.3304785760001
15610,9715540,MACK,GRANDY,2016-04-30,30,4,2016,17,7,1,9,,4,0,,2,4,1,30,2,2,2,2,0,1,0,0,false,,false,false,false,false,false,,,,,,true,false,false,,,false,false,false,false,false,-83.03252,42.3573,"{
  ""coordinates"": [
    -8.303252656900000e+01,
    4.235729445200010e+01
  ],
  ""type"": ""Point""
}","{
  ""coordinates"": [
    -83.032526569,
    42.357294452
  ],
  ""type"": ""Point""
}",-83.032526569,42.3572944520001
15611,9704295,MONTROSE,GRAND RIVER,2016-04-30,30,4,2016,21,7,97,3,,,0,,2,4,4,15,2,2,2,5,0,0,0,0,true,,false,false,false,false,false,,,,,,false,false,true,,,false,false,false,false,false,-83.20049,42.39352,"{
  ""coordinates"": [
    -8.320048932100001e+01,
    4.239351514600000e+01
  ],
  ""type"": ""Point""
}","{
  ""coordinates"": [
    -83.200489321,
    42.393515146
  ],
  ""type"": ""Point""
}",-83.200489321,42.393515146