ObjectId,Crash ID,Primary Road,Intersecting Road,Crash Date,Day,Month,Year,Hour,Weekday,Crash Type Code,Highway Classification Code,Community Code,Jurisdiction Code,Lane Departure Type Code,Surface Type,Road Condition,Weather Condition,Lighting Condition,Speed Limit,Lanes,Units,Occupants,Most Severe Injury,Fatal Injuries,Suspected Serious Injuries,Suspected Minor Injuries,Possible Injuries,Property Damage Only,Secondary Crash,Traffic Control,Red Light Run,Hit and Run,Alcohol,Drugs,Unbelted Person,Work Zone,Speeding Driver,Distracted Driver,Driveway,Pedestrian,Elderly Driver,Young Driver,Commercial Vehicle,Emergency Vehicles,Train,School Bus,Motorcycle,Bicycle,Deer,Longitude,Latitude,geom,geog,x,y
15669,9686365,GRAND RIVER,LAHSER,2016-04-29,29,4,2016,16,6,97,3,,1,0,,1,2,1,50,3,2,2,5,0,0,0,0,true,,false,false,false,false,false,,,,,,false,false,true,,,false,false,false,false,false,-83.25745,42.41641,"{
  ""coordinates"": [
    -8.325744605999989e+01,
    4.241641233600010e+01
  ],
  ""type"": ""Point""
}","{
  ""coordinates"": [
    -83.25744606,
    42.416412336
  ],
  ""type"": ""Point""
}",-83.2574460599999,42.4164123360001
15670,9715749,DAVISON,LAWTON,2016-04-29,29,4,2016,20,6,8,3,,1,0,,1,1,1,35,4,2,1,5,0,0,0,0,true,,false,false,true,false,false,,,,,,false,false,false,,,false,false,false,false,false,-83.12473,42.39201,"{
  ""coordinates"": [
    -8.312472477800000e+01,
    4.239201158100010e+01
  ],
  ""type"": ""Point""
}","{
  ""coordinates"": [
    -83.124724778,
    42.392011581
  ],
  ""type"": ""Point""
}",-83.124724778,42.3920115810001
15671,9718782,JOHN C,GRAND,2016-04-29,29,4,2016,14,6,5,3,,1,0,,1,1,1,30,3,2,2,5,0,0,0,0,true,,false,false,false,false,false,,,,,,false,false,true,,,false,false,false,false,false,-83.08212,42.3673,"{
  ""coordinates"": [
    -8.308211928500000e+01,
    4.236730069600000e+01
  ],
  ""type"": ""Point""
}","{
  ""coordinates"": [
    -83.082119285,
    42.367300696
  ],
  ""type"": ""Point""
}",-83.082119285,42.367300696
15672,9715692,MEYERS,CURTIS,2016-04-29,29,4,2016,9,6,4,9,,4,0,,1,2,1,30,2,2,0,5,0,0,0,0,true,,false,false,true,false,false,,,,,,false,false,false,,,false,false,false,false,false,-83.17042,42.42372,"{
  ""coordinates"": [
    -8.317041847800000e+01,
    4.242371713300000e+01
  ],
  ""type"": ""Point""
}","{
  ""coordinates"": [
    -83.170418478,
    42.423717133
  ],
  ""type"": ""Point""
}",-83.170418478,42.423717133
15673,9688133,RIVERVIEW,DAVISON,2016-04-29,29,4,2016,20,6,4,9,,,0,,1,1,3,25,1,2,2,3,0,0,1,0,false,,false,false,true,false,false,,,,,,false,false,false,,,false,false,false,false,false,-83.27345,42.38338,"{
  ""coordinates"": [
    -8.327345123200000e+01,
    4.238338637400010e+01
  ],
  ""type"": ""Point""
}","{
  ""coordinates"": [
    -83.273451232,
    42.383386374
  ],
  ""type"": ""Point""
}",-83.273451232,42.3833863740001
15674,9706402,FERDINAND,VERNOR,2016-04-29,29,4,2016,12,6,98,9,,,0,,1,2,1,25,1,2,0,5,0,0,0,0,true,,false,false,true,false,false,,,,,,false,false,false,,,false,false,false,false,false,-83.09958,42.31889,"{
  ""coordinates"": [
    -8.309957703399991e+01,
    4.231889090400010e+01
  ],
  ""type"": ""Point""
}","{
  ""coordinates"": [
    -83.099577034,
    42.318890904
  ],
  ""type"": ""Point""
}",-83.0995770339999,42.3188909040001
15675,9706417,N I 75 SERVICE DRIVE,DRAGOON,2016-04-29,29,4,2016,12,6,97,9,,4,0,,1,1,1,25,3,2,2,5,0,0,0,0,true,,false,false,false,false,false,,,,,,false,false,false,,,false,false,false,false,false,-83.1027,42.30779,"{
  ""coordinates"": [
    -8.310269756799990e+01,
    4.230778463300000e+01
  ],
  ""type"": ""Point""
}","{
  ""coordinates"": [
    -83.102697568,
    42.307784633
  ],
  ""type"": ""Point""
}",-83.1026975679999,42.307784633
15676,9686370,JEFFERSON,ST CLAIR,2016-04-29,29,4,2016,16,6,4,9,,4,0,,1,1,1,35,7,2,1,5,0,0,0,0,true,,false,false,true,false,false,,,,,,false,false,false,,,false,false,false,false,false,-82.978,42.36347,"{
  ""coordinates"": [
    -8.297800438699990e+01,
    4.236347143400010e+01
  ],
  ""type"": ""Point""
}","{
  ""coordinates"": [
    -82.978004387,
    42.363471434
  ],
  ""type"": ""Point""
}",-82.9780043869999,42.3634714340001
15677,9686257,RAMP 041H,I-75,2016-04-29,29,4,2016,6,6,1,1,,1,1,,2,4,2,55,2,1,1,5,0,0,0,0,true,,false,false,false,false,false,,,,,,false,false,false,,,false,false,false,false,false,-83.05055,42.34108,"{
  ""coordinates"": [
    -8.305055547099990e+01,
    4.234107520300010e+01
  ],
  ""type"": ""Point""
}","{
  ""coordinates"": [
    -83.050555471,
    42.341075203
  ],
  ""type"": ""Point""
}",-83.0505554709999,42.3410752030001
15678,9686367,FORT,14TH,2016-04-29,29,4,2016,8,6,1,3,,1,0,,2,2,1,30,5,1,1,5,0,0,0,0,true,,false,false,false,false,false,,,,,,false,true,false,,,false,false,false,false,false,-83.07047,42.3208,"{
  ""coordinates"": [
    -8.307046568899990e+01,
    4.232079596400010e+01
  ],
  ""type"": ""Point""
}","{
  ""coordinates"": [
    -83.070465689,
    42.320795964
  ],
  ""type"": ""Point""
}",-83.0704656889999,42.3207959640001
15679,9686356,GRAND RIVER,EVERGREEN,2016-04-29,29,4,2016,18,6,5,3,,1,0,,1,2,2,45,6,2,3,5,0,0,0,0,true,,false,false,false,false,false,,,,,,false,false,true,,,false,false,false,false,false,-83.23779,42.40854,"{
  ""coordinates"": [
    -8.323778319800000e+01,
    4.240853860200010e+01
  ],
  ""type"": ""Point""
}","{
  ""coordinates"": [
    -83.237783198,
    42.408538602
  ],
  ""type"": ""Point""
}",-83.237783198,42.4085386020001
15680,9686373,GRATIOT,GLENWOOD,2016-04-29,29,4,2016,15,6,4,3,,1,0,,1,2,1,35,8,2,2,5,0,0,0,0,true,,false,false,true,false,false,,,,,,false,true,false,,,false,false,false,false,false,-82.98065,42.43058,"{
  ""coordinates"": [
    -8.298065051299990e+01,
    4.243058179400000e+01
  ],
  ""type"": ""Point""
}","{
  ""coordinates"": [
    -82.980650513,
    42.430581794
  ],
  ""type"": ""Point""
}",-82.9806505129999,42.430581794
15681,9688865,PLYMOUTH,ST MARYS,2016-04-29,29,4,2016,15,6,4,9,,4,0,,1,1,1,30,2,2,1,5,0,0,0,0,true,,false,false,false,false,false,,,,,,false,false,true,,,false,false,false,false,false,-83.20476,42.37247,"{
  ""coordinates"": [
    -8.320475954100000e+01,
    4.237246963800000e+01
  ],
  ""type"": ""Point""
}","{
  ""coordinates"": [
    -83.204759541,
    42.372469638
  ],
  ""type"": ""Point""
}",-83.204759541,42.372469638
15682,9686366,JOHN R,GARFIELD,2016-04-29,29,4,2016,8,6,4,9,,4,0,,2,2,1,25,5,2,2,5,0,0,0,0,true,,false,false,false,false,false,,,,,,false,false,false,,,false,false,false,false,false,-83.06004,42.35461,"{
  ""coordinates"": [
    -8.306004598200001e+01,
    4.235461409200010e+01
  ],
  ""type"": ""Point""
}","{
  ""coordinates"": [
    -83.060045982,
    42.354614092
  ],
  ""type"": ""Point""
}",-83.060045982,42.3546140920001
15683,9686377,VANDYKE,SAVAGE,2016-04-29,29,4,2016,12,6,4,3,,1,0,,2,4,1,40,6,2,2,5,0,0,0,0,true,,false,false,false,false,false,,,,,,false,false,false,,,false,false,false,false,false,-83.02467,42.4461,"{
  ""coordinates"": [
    -8.302466943000000e+01,
    4.244609709000010e+01
  ],
  ""type"": ""Point""
}","{
  ""coordinates"": [
    -83.02466943,
    42.44609709
  ],
  ""type"": ""Point""
}",-83.02466943,42.4460970900001
15684,9704268,PLAINVIEW,MIDLAND,2016-04-29,29,4,2016,19,6,8,9,,,0,,1,2,2,25,2,2,1,5,0,0,0,0,true,,false,false,true,false,false,,,,,,false,false,false,,,false,false,false,false,false,-83.23631,42.40433,"{
  ""coordinates"": [
    -8.323630858800000e+01,
    4.240432914900000e+01
  ],
  ""type"": ""Point""
}","{
  ""coordinates"": [
    -83.236308588,
    42.404329149
  ],
  ""type"": ""Point""
}",-83.236308588,42.404329149
15685,9690519,WYOMING,DAVISON,2016-04-29,29,4,2016,23,6,97,9,,4,0,,1,1,5,25,2,3,7,3,0,0,2,0,false,,true,true,false,false,false,,,,,,false,false,true,,,false,false,false,false,false,-83.15895,42.38462,"{
  ""coordinates"": [
    -8.315894767299990e+01,
    4.238462413000010e+01
  ],
  ""type"": ""Point""
}","{
  ""coordinates"": [
    -83.158947673,
    42.38462413
  ],
  ""type"": ""Point""
}",-83.1589476729999,42.3846241300001
15686,9779165,KENTFIELD,GLENCO,2016-04-29,29,4,2016,17,6,10,9,,,0,,1,1,1,25,2,2,2,5,0,0,0,0,true,,false,false,true,false,false,,,,,,false,false,false,,,false,false,false,false,false,-83.2415,42.42162,"{
  ""coordinates"": [
    -8.324149762600000e+01,
    4.242161534900000e+01
  ],
  ""type"": ""Point""
}","{
  ""coordinates"": [
    -83.241497626,
    42.421615349
  ],
  ""type"": ""Point""
}",-83.241497626,42.421615349
15687,9685484,DAVISON,JOS CAMPAU,2016-04-28,28,4,2016,9,5,1,3,,1,0,,2,4,1,55,3,1,1,5,0,0,0,0,true,,false,false,false,false,false,,,,,,false,false,false,,,false,false,false,false,false,-83.07034,42.41234,"{
  ""coordinates"": [
    -8.307034649400001e+01,
    4.241233918300000e+01
  ],
  ""type"": ""Point""
}","{
  ""coordinates"": [
    -83.070346494,
    42.412339183
  ],
  ""type"": ""Point""
}",-83.070346494,42.412339183
15688,9685562,MEYERS,SANTA MARIA,2016-04-28,28,4,2016,8,5,4,9,,4,0,,2,4,1,35,2,3,3,5,0,0,0,0,true,,true,false,false,false,false,,,,,,false,false,true,,,false,false,false,false,false,-83.1702,42.41849,"{
  ""coordinates"": [
    -8.317019589499991e+01,
    4.241849172100010e+01
  ],
  ""type"": ""Point""
}","{
  ""coordinates"": [
    -83.170195895,
    42.418491721
  ],
  ""type"": ""Point""
}",-83.1701958949999,42.4184917210001
15689,9686369,WOODWARD,EUCLID,2016-04-28,28,4,2016,8,5,5,3,,1,0,,2,4,1,30,6,2,3,5,0,0,0,0,true,,false,false,false,false,false,,,,,,false,false,false,,,false,false,false,false,false,-83.07801,42.37729,"{
  ""coordinates"": [
    -8.307801024299989e+01,
    4.237728514600010e+01
  ],
  ""type"": ""Point""
}","{
  ""coordinates"": [
    -83.078010243,
    42.377285146
  ],
  ""type"": ""Point""
}",-83.0780102429999,42.3772851460001
15690,9685586,CONNER,WARREN,2016-04-28,28,4,2016,11,5,5,9,,4,0,,2,4,1,30,5,2,3,5,0,0,0,0,true,,false,false,false,false,false,,,,,,false,false,false,,,false,false,false,false,false,-82.97602,42.38929,"{
  ""coordinates"": [
    -8.297601999100000e+01,
    4.238928609500000e+01
  ],
  ""type"": ""Point""
}","{
  ""coordinates"": [
    -82.976019991,
    42.389286095
  ],
  ""type"": ""Point""
}",-82.976019991,42.389286095
15691,9706423,MCGRAW,SHARON,2016-04-28,28,4,2016,16,5,4,9,,4,0,,2,4,1,35,5,2,4,5,0,0,0,0,true,,false,false,false,false,false,,,,,,false,false,true,,,false,false,false,false,false,-83.1532,42.33049,"{
  ""coordinates"": [
    -8.315319692999999e+01,
    4.233049238000010e+01
  ],
  ""type"": ""Point""
}","{
  ""coordinates"": [
    -83.15319693,
    42.33049238
  ],
  ""type"": ""Point""
}",-83.15319693,42.3304923800001
15692,9685591,RAID,MORANG,2016-04-28,28,4,2016,21,5,1,9,,,0,,1,1,4,25,2,2,1,5,0,0,0,0,true,,false,false,true,false,false,,,,,,true,false,false,,,false,false,false,false,false,-82.95516,42.42822,"{
  ""coordinates"": [
    -8.295516259199999e+01,
    4.242821949800000e+01
  ],
  ""type"": ""Point""
}","{
  ""coordinates"": [
    -82.955162592,
    42.428219498
  ],
  ""type"": ""Point""
}",-82.955162592,42.428219498
15693,9685578,POPLAR,15TH,2016-04-28,28,4,2016,16,5,4,9,,,0,,2,2,1,25,4,2,2,4,0,0,0,1,false,,true,false,false,false,false,,,,,,false,false,true,,,false,false,false,false,false,-83.08467,42.34329,"{
  ""coordinates"": [
    -8.308467122699990e+01,
    4.234329328600010e+01
  ],
  ""type"": ""Point""
}","{
  ""coordinates"": [
    -83.084671227,
    42.343293286
  ],
  ""type"": ""Point""
}",-83.0846712269999,42.3432932860001
15694,9706426,VERNOR,CASGRAIN,2016-04-28,28,4,2016,12,5,4,9,,4,0,,1,2,1,25,2,2,3,5,0,0,0,0,true,,false,false,false,false,false,,,,,,false,true,false,,,false,false,false,false,false,-83.11293,42.31557,"{
  ""coordinates"": [
    -8.311292963999990e+01,
    4.231556759700000e+01
  ],
  ""type"": ""Point""
}","{
  ""coordinates"": [
    -83.11292964,
    42.315567597
  ],
  ""type"": ""Point""
}",-83.1129296399999,42.315567597
15695,9687862,RAMP 122E,RAMP 122J,2016-04-28,28,4,2016,9,5,5,3,,1,0,,2,4,1,55,2,2,2,5,0,0,0,0,true,,false,false,false,false,false,,,,,,false,false,false,,,false,false,false,false,false,-83.0639,42.33521,"{
  ""coordinates"": [
    -8.306390737800000e+01,
    4.233521036400000e+01
  ],
  ""type"": ""Point""
}","{
  ""coordinates"": [
    -83.063907378,
    42.335210364
  ],
  ""type"": ""Point""
}",-83.063907378,42.335210364
15696,9706522,PLYMOUTH,CHATUM,2016-04-28,28,4,2016,2,5,6,9,,4,0,,1,1,1,0,3,2,2,5,0,0,0,0,true,,false,false,true,false,false,,,,,,false,false,false,,,false,false,false,false,false,-83.26218,42.37157,"{
  ""coordinates"": [
    -8.326218128900000e+01,
    4.237157054900010e+01
  ],
  ""type"": ""Point""
}","{
  ""coordinates"": [
    -83.262181289,
    42.371570549
  ],
  ""type"": ""Point""
}",-83.262181289,42.3715705490001
15697,9684641,GRAND RIVER,E I 96 SERVICE DRIVE,2016-04-28,28,4,2016,1,5,5,3,,1,0,,1,1,4,35,4,2,2,3,0,0,2,0,false,,false,false,false,false,false,,,,,,false,false,false,,,false,false,false,false,false,-83.17529,42.38337,"{
  ""coordinates"": [
    -8.317528913000000e+01,
    4.238336724300010e+01
  ],
  ""type"": ""Point""
}","{
  ""coordinates"": [
    -83.17528913,
    42.383367243
  ],
  ""type"": ""Point""
}",-83.17528913,42.3833672430001
15698,9687864,E/B I-94,VAN DYKE,2016-04-28,28,4,2016,12,5,1,1,,1,1,,1,2,1,55,3,1,1,5,0,0,0,0,true,,false,false,false,false,false,,,,,,false,false,false,,,false,false,false,false,false,-83.02545,42.38494,"{
  ""coordinates"": [
    -8.302544902299999e+01,
    4.238493621000000e+01
  ],
  ""type"": ""Point""
}","{
  ""coordinates"": [
    -83.025449023,
    42.38493621
  ],
  ""type"": ""Point""
}",-83.025449023,42.38493621
15699,9685570,S I 75 SERVICE DRIVE,MACK,2016-04-28,28,4,2016,10,5,8,1,,4,0,,2,4,1,25,4,2,3,5,0,0,0,0,true,,false,false,false,false,false,,,,,,false,false,false,,,false,false,false,false,false,-83.04857,42.35109,"{
  ""coordinates"": [
    -8.304857231599991e+01,
    4.235109351800000e+01
  ],
  ""type"": ""Point""
}","{
  ""coordinates"": [
    -83.048572316,
    42.351093518
  ],
  ""type"": ""Point""
}",-83.0485723159999,42.351093518
15700,9685486,E M 8,E I 96,2016-04-28,28,4,2016,9,5,8,3,,1,0,,2,4,1,55,3,2,5,5,0,0,0,0,true,,false,false,true,false,false,,,,,,false,false,true,,,false,false,false,false,false,-83.15678,42.38512,"{
  ""coordinates"": [
    -8.315678700200000e+01,
    4.238512347100000e+01
  ],
  ""type"": ""Point""
}","{
  ""coordinates"": [
    -83.156787002,
    42.385123471
  ],
  ""type"": ""Point""
}",-83.156787002,42.385123471
15701,9712171,GRISWOLD,GRAND,2016-04-28,28,4,2016,7,5,5,9,,4,0,,2,4,1,25,4,2,0,5,0,0,0,0,true,,false,false,true,false,false,,,,,,false,false,false,,,false,false,false,false,false,-83.04967,42.33361,"{
  ""coordinates"": [
    -8.304966533299999e+01,
    4.233360670500010e+01
  ],
  ""type"": ""Point""
}","{
  ""coordinates"": [
    -83.049665333,
    42.333606705
  ],
  ""type"": ""Point""
}",-83.049665333,42.3336067050001
15702,9685573,WABASH,MICHIGAN,2016-04-28,28,4,2016,15,5,8,2,,,0,,1,1,1,20,1,2,2,5,0,0,0,0,true,,false,false,false,false,false,,,,,,false,true,true,,,false,false,false,false,false,-83.0751,42.33157,"{
  ""coordinates"": [
    -8.307509880600000e+01,
    4.233157379400010e+01
  ],
  ""type"": ""Point""
}","{
  ""coordinates"": [
    -83.075098806,
    42.331573794
  ],
  ""type"": ""Point""
}",-83.075098806,42.3315737940001
15703,9693088,S/B I 75,DAVISON,2016-04-28,28,4,2016,22,5,5,1,,1,0,,1,1,1,70,4,2,3,5,0,0,0,0,true,,false,false,false,false,false,,,,,,false,false,false,,,false,false,false,false,false,-83.07594,42.40625,"{
  ""coordinates"": [
    -8.307593846799990e+01,
    4.240624948400010e+01
  ],
  ""type"": ""Point""
}","{
  ""coordinates"": [
    -83.075938468,
    42.406249484
  ],
  ""type"": ""Point""
}",-83.0759384679999,42.4062494840001
15704,9688116,S M 10 SERVICE DRIVE,GRAND,2016-04-28,28,4,2016,8,5,5,9,,4,0,,1,1,1,55,3,2,1,5,0,0,0,0,true,,false,false,false,false,false,,,,,,false,false,false,,,false,false,false,false,false,-83.08213,42.36682,"{
  ""coordinates"": [
    -8.308213368299990e+01,
    4.236681760100000e+01
  ],
  ""type"": ""Point""
}","{
  ""coordinates"": [
    -83.082133683,
    42.366817601
  ],
  ""type"": ""Point""
}",-83.0821336829999,42.366817601
15705,9687866,S/B M-39,FORD,2016-04-28,28,4,2016,17,5,5,3,,1,0,,1,2,1,55,3,4,5,5,0,0,0,0,true,,false,false,false,false,false,,,,,,false,false,false,,,false,false,false,false,false,-83.21593,42.33619,"{
  ""coordinates"": [
    -8.321593264200000e+01,
    4.233618418100010e+01
  ],
  ""type"": ""Point""
}","{
  ""coordinates"": [
    -83.215932642,
    42.336184181
  ],
  ""type"": ""Point""
}",-83.215932642,42.3361841810001
15706,9700074,ANTHONY WAYNE,KIRBY,2016-04-28,28,4,2016,20,5,8,9,,4,0,,1,2,1,0,3,2,2,5,0,0,0,0,true,,false,false,false,false,false,,,,,,false,false,true,,,false,false,false,false,false,-83.07239,42.35634,"{
  ""coordinates"": [
    -8.307238932699990e+01,
    4.235633848800010e+01
  ],
  ""type"": ""Point""
}","{
  ""coordinates"": [
    -83.072389327,
    42.356338488
  ],
  ""type"": ""Point""
}",-83.0723893269999,42.3563384880001
15707,9706300,VAN DYKE,MCNICHOLS,2016-04-28,28,4,2016,17,5,4,3,,1,0,,1,1,1,35,4,2,11,5,0,0,0,0,true,,false,false,true,false,false,,,,,,false,true,false,,,false,false,false,false,false,-83.0237,42.41959,"{
  ""coordinates"": [
    -8.302370758599990e+01,
    4.241959158200010e+01
  ],
  ""type"": ""Point""
}","{
  ""coordinates"": [
    -83.023707586,
    42.419591582
  ],
  ""type"": ""Point""
}",-83.0237075859999,42.4195915820001
15708,9693103,I-94,WARREN,2016-04-28,28,4,2016,5,5,8,1,,1,0,,1,1,5,55,4,2,1,5,0,0,0,0,true,,false,false,true,false,false,,,,,,false,false,true,,,false,false,false,false,false,-83.11432,42.34369,"{
  ""coordinates"": [
    -8.311432241200001e+01,
    4.234369043600000e+01
  ],
  ""type"": ""Point""
}","{
  ""coordinates"": [
    -83.114322412,
    42.343690436
  ],
  ""type"": ""Point""
}",-83.114322412,42.343690436
15709,9687849,DAVISON,W M 8,2016-04-28,28,4,2016,14,5,8,3,,1,0,,1,2,1,55,4,3,2,5,0,0,0,0,true,,false,false,true,false,false,,,,,,false,false,false,,,false,false,false,false,false,-83.1115,42.39756,"{
  ""coordinates"": [
    -8.311150328900000e+01,
    4.239756048000000e+01
  ],
  ""type"": ""Point""
}","{
  ""coordinates"": [
    -83.111503289,
    42.39756048
  ],
  ""type"": ""Point""
}",-83.111503289,42.39756048
15710,9685153,SCHAEFER,N I 75,2016-04-28,28,4,2016,13,5,8,7,,1,0,,1,1,1,35,6,2,2,5,0,0,0,0,true,,false,false,false,false,false,,,,,,false,false,false,,,false,false,false,false,false,-83.15633,42.27718,"{
  ""coordinates"": [
    -8.315633566100000e+01,
    4.227717738200000e+01
  ],
  ""type"": ""Point""
}","{
  ""coordinates"": [
    -83.156335661,
    42.277177382
  ],
  ""type"": ""Point""
}",-83.156335661,42.277177382
15711,9687865,S I 75,RAMP 216J,2016-04-28,28,4,2016,13,5,5,1,,1,0,,1,2,1,55,4,2,5,4,0,0,0,1,false,,false,false,false,false,false,,,,,,false,false,true,,,false,false,false,false,false,-83.05875,42.36968,"{
  ""coordinates"": [
    -8.305874304699999e+01,
    4.236967815600010e+01
  ],
  ""type"": ""Point""
}","{
  ""coordinates"": [
    -83.058743047,
    42.369678156
  ],
  ""type"": ""Point""
}",-83.058743047,42.3696781560001
15712,9706518,BEAVERLAND,SAWYER,2016-04-28,28,4,2016,23,5,8,9,,,0,,1,2,4,25,1,2,1,5,0,0,0,0,true,,false,false,true,false,false,,,,,,false,false,false,,,false,false,false,false,false,-83.2627,42.34665,"{
  ""coordinates"": [
    -8.326269529800000e+01,
    4.234665368900000e+01
  ],
  ""type"": ""Point""
}","{
  ""coordinates"": [
    -83.262695298,
    42.346653689
  ],
  ""type"": ""Point""
}",-83.262695298,42.346653689
15713,9696619,TRUMBULL,RAMP 938F,2016-04-28,28,4,2016,8,5,8,9,,4,0,,1,2,1,55,2,2,2,5,0,0,0,0,true,,false,false,true,false,false,,,,,,false,false,false,,,false,false,false,false,true,-83.06878,42.33467,"{
  ""coordinates"": [
    -8.306877749300000e+01,
    4.233467496000000e+01
  ],
  ""type"": ""Point""
}","{
  ""coordinates"": [
    -83.068777493,
    42.33467496
  ],
  ""type"": ""Point""
}",-83.068777493,42.33467496
15714,9706297,S I 75,S I 75,2016-04-28,28,4,2016,9,5,8,1,,1,0,,2,4,1,35,3,2,2,5,0,0,0,0,true,,false,false,false,false,false,,,,,,false,false,false,,,false,false,false,false,false,-83.04512,42.34661,"{
  ""coordinates"": [
    -8.304511799999990e+01,
    4.234661534900000e+01
  ],
  ""type"": ""Point""
}","{
  ""coordinates"": [
    -83.045118,
    42.346615349
  ],
  ""type"": ""Point""
}",-83.0451179999999,42.346615349
15715,9685487,E M 8,E I 96,2016-04-28,28,4,2016,10,5,5,3,,1,0,,2,4,1,0,3,2,2,5,0,0,0,0,true,,false,false,false,false,false,,,,,,false,false,false,,,false,false,false,false,false,-83.15727,42.38516,"{
  ""coordinates"": [
    -8.315727185100000e+01,
    4.238516073100000e+01
  ],
  ""type"": ""Point""
}","{
  ""coordinates"": [
    -83.157271851,
    42.385160731
  ],
  ""type"": ""Point""
}",-83.157271851,42.385160731
15716,9686376,7 MILE,RIOPELLE,2016-04-28,28,4,2016,15,5,4,9,,4,0,,1,2,1,30,2,2,2,3,0,0,1,1,false,,true,false,false,false,false,,,,,,false,false,false,,,false,false,false,false,false,-83.08655,42.43278,"{
  ""coordinates"": [
    -8.308654478699999e+01,
    4.243277588600010e+01
  ],
  ""type"": ""Point""
}","{
  ""coordinates"": [
    -83.086544787,
    42.432775886
  ],
  ""type"": ""Point""
}",-83.086544787,42.4327758860001
15717,9687908,RAMP 039A,S I 75 SERVICE DRIVE,2016-04-28,28,4,2016,10,5,5,1,,1,0,,2,4,1,55,2,2,2,5,0,0,0,0,true,,false,false,true,false,false,,,,,,false,false,true,,,false,false,false,false,false,-83.05762,42.33773,"{
  ""coordinates"": [
    -8.305762652800000e+01,
    4.233773539000000e+01
  ],
  ""type"": ""Point""
}","{
  ""coordinates"": [
    -83.057626528,
    42.33773539
  ],
  ""type"": ""Point""
}",-83.057626528,42.33773539
15718,9706416,CHRISTIANCY,MORRELL,2016-04-28,28,4,2016,11,5,3,9,,,0,,2,2,1,25,3,2,2,5,0,0,0,0,true,,false,false,false,false,false,,,,,,false,true,false,,,false,false,false,false,false,-83.09893,42.3159,"{
  ""coordinates"": [
    -8.309893368600000e+01,
    4.231589546400010e+01
  ],
  ""type"": ""Point""
}","{
  ""coordinates"": [
    -83.098933686,
    42.315895464
  ],
  ""type"": ""Point""
}",-83.098933686,42.3158954640001
15719,9706427,W I 94,N I 75,2016-04-28,28,4,2016,16,5,8,1,,1,0,,1,4,1,30,4,2,3,5,0,0,0,0,true,,false,false,false,false,false,,,,,,false,true,false,,,false,false,false,false,false,-83.05804,42.36871,"{
  ""coordinates"": [
    -8.305804380200000e+01,
    4.236870947000010e+01
  ],
  ""type"": ""Point""
}","{
  ""coordinates"": [
    -83.058043802,
    42.36870947
  ],
  ""type"": ""Point""
}",-83.058043802,42.3687094700001
15720,9687909,S M 10,RAMP 123A,2016-04-28,28,4,2016,8,5,8,3,,1,0,,1,4,1,55,3,2,2,5,0,0,0,0,true,,false,false,false,false,false,,,,,,false,false,true,,,false,false,false,false,false,-83.06009,42.33006,"{
  ""coordinates"": [
    -8.306008735599990e+01,
    4.233006236400010e+01
  ],
  ""type"": ""Point""
}","{
  ""coordinates"": [
    -83.060087356,
    42.330062364
  ],
  ""type"": ""Point""
}",-83.0600873559999,42.3300623640001
15721,9693102,I-75,CANFIELD,2016-04-28,28,4,2016,18,5,5,1,,1,0,,1,1,1,55,4,3,1,5,0,0,0,0,true,,false,false,true,false,false,,,,,,false,false,false,,,false,false,false,false,false,-83.05058,42.35533,"{
  ""coordinates"": [
    -8.305057825800000e+01,
    4.235533314000000e+01
  ],
  ""type"": ""Point""
}","{
  ""coordinates"": [
    -83.050578258,
    42.35533314
  ],
  ""type"": ""Point""
}",-83.050578258,42.35533314
15722,9685485,DAVISON,JOS CAMPAU,2016-04-28,28,4,2016,9,5,1,3,,1,0,,2,4,1,55,3,1,1,5,0,0,0,0,true,,false,false,false,false,false,,,,,,false,false,false,,,false,false,false,false,false,-83.07034,42.41234,"{
  ""coordinates"": [
    -8.307034649400001e+01,
    4.241233918300000e+01
  ],
  ""type"": ""Point""
}","{
  ""coordinates"": [
    -83.070346494,
    42.412339183
  ],
  ""type"": ""Point""
}",-83.070346494,42.412339183
15723,9715855,OUTER,COYLE,2016-04-28,28,4,2016,14,5,6,9,,2,0,,2,4,1,35,2,2,2,5,0,0,0,0,true,,false,false,false,false,false,,,,,,false,true,true,,,false,false,false,false,false,-83.19347,42.41994,"{
  ""coordinates"": [
    -8.319347733700000e+01,
    4.241993525700010e+01
  ],
  ""type"": ""Point""
}","{
  ""coordinates"": [
    -83.193477337,
    42.419935257
  ],
  ""type"": ""Point""
}",-83.193477337,42.4199352570001
15724,9685593,GRAND RIVER,I-75,2016-04-28,28,4,2016,10,5,5,1,,1,0,,1,1,1,25,2,2,2,5,0,0,0,0,true,,false,false,false,false,false,,,,,,false,true,false,,,false,false,false,false,false,-83.0644,42.33545,"{
  ""coordinates"": [
    -8.306439866800000e+01,
    4.233544673100000e+01
  ],
  ""type"": ""Point""
}","{
  ""coordinates"": [
    -83.064398668,
    42.335446731
  ],
  ""type"": ""Point""
}",-83.064398668,42.335446731
15725,9687850,I 75,CLARK,2016-04-28,28,4,2016,16,5,8,1,,1,0,,1,2,1,55,4,2,3,3,0,0,1,0,false,,false,false,false,false,false,,,,,,false,false,false,,,false,false,false,false,false,-83.09193,42.31308,"{
  ""coordinates"": [
    -8.309192434800001e+01,
    4.231308307400010e+01
  ],
  ""type"": ""Point""
}","{
  ""coordinates"": [
    -83.091924348,
    42.313083074
  ],
  ""type"": ""Point""
}",-83.091924348,42.3130830740001