ObjectId,Crash ID,Primary Road,Intersecting Road,Crash Date,Day,Month,Year,Hour,Weekday,Crash Type Code,Highway Classification Code,Community Code,Jurisdiction Code,Lane Departure Type Code,Surface Type,Road Condition,Weather Condition,Lighting Condition,Speed Limit,Lanes,Units,Occupants,Most Severe Injury,Fatal Injuries,Suspected Serious Injuries,Suspected Minor Injuries,Possible Injuries,Property Damage Only,Secondary Crash,Traffic Control,Red Light Run,Hit and Run,Alcohol,Drugs,Unbelted Person,Work Zone,Speeding Driver,Distracted Driver,Driveway,Pedestrian,Elderly Driver,Young Driver,Commercial Vehicle,Emergency Vehicles,Train,School Bus,Motorcycle,Bicycle,Deer,Longitude,Latitude,geom,geog,x,y
15726,9715702,BUENA VISTA,LAWTON,2016-04-28,28,4,2016,6,5,5,9,,,0,,1,1,1,25,2,3,2,5,0,0,0,0,true,,false,false,true,false,false,,,,,,false,false,true,,,false,false,false,false,false,-83.1232,42.38998,"{
  ""coordinates"": [
    -8.312319877899991e+01,
    4.238997991300000e+01
  ],
  ""type"": ""Point""
}","{
  ""coordinates"": [
    -83.123198779,
    42.389979913
  ],
  ""type"": ""Point""
}",-83.1231987789999,42.389979913
15727,9688127,DRAGOON,CADET,2016-04-28,28,4,2016,18,5,4,9,,4,0,,1,2,1,25,5,2,4,4,0,0,0,1,false,,true,false,false,false,false,,,,,,false,false,false,,,false,false,false,false,false,-83.10735,42.31421,"{
  ""coordinates"": [
    -8.310735376799990e+01,
    4.231420376700000e+01
  ],
  ""type"": ""Point""
}","{
  ""coordinates"": [
    -83.107353768,
    42.314203767
  ],
  ""type"": ""Point""
}",-83.1073537679999,42.314203767
15728,9693087,N/B I 75,7 MILE,2016-04-28,28,4,2016,21,5,8,1,,1,0,,1,1,4,70,4,2,2,4,0,0,0,1,false,,false,false,false,false,false,,,,,,false,false,true,,,false,false,false,false,false,-83.09422,42.42887,"{
  ""coordinates"": [
    -8.309421695600000e+01,
    4.242887058000010e+01
  ],
  ""type"": ""Point""
}","{
  ""coordinates"": [
    -83.094216956,
    42.42887058
  ],
  ""type"": ""Point""
}",-83.094216956,42.4288705800001
15729,9687851,I 94,VAN DYKE,2016-04-28,28,4,2016,17,5,5,1,,1,0,,1,2,1,55,3,2,1,5,0,0,0,0,true,,false,false,false,false,false,,,,,,false,false,false,,,false,false,false,false,false,-83.02473,42.38508,"{
  ""coordinates"": [
    -8.302473095999990e+01,
    4.238507925600000e+01
  ],
  ""type"": ""Point""
}","{
  ""coordinates"": [
    -83.02473096,
    42.385079256
  ],
  ""type"": ""Point""
}",-83.0247309599999,42.385079256
15730,9688124,SPRINGWELLS,S I 75 SERVICE DRIVE,2016-04-28,28,4,2016,14,5,5,9,,4,0,,2,4,1,30,4,2,3,5,0,0,0,0,true,,false,false,false,false,false,,,,,,false,false,false,,,false,false,false,false,false,-83.11938,42.30177,"{
  ""coordinates"": [
    -8.311938554900000e+01,
    4.230176961900000e+01
  ],
  ""type"": ""Point""
}","{
  ""coordinates"": [
    -83.119385549,
    42.301769619
  ],
  ""type"": ""Point""
}",-83.119385549,42.301769619
15731,9698267,GRAND RIVER,LIVERNOIS,2016-04-28,28,4,2016,12,5,8,3,,1,0,,1,1,1,0,2,2,2,4,0,0,0,2,false,,false,false,false,false,false,,,,,,false,false,true,,,false,false,false,false,false,-83.13879,42.36866,"{
  ""coordinates"": [
    -8.313879359399991e+01,
    4.236866309900010e+01
  ],
  ""type"": ""Point""
}","{
  ""coordinates"": [
    -83.138793594,
    42.368663099
  ],
  ""type"": ""Point""
}",-83.1387935939999,42.3686630990001
15732,9685580,N M 10 SERVICE DRIVE,EUCLID,2016-04-28,28,4,2016,16,5,5,9,,4,0,,1,4,1,35,3,2,3,5,0,0,0,0,true,,false,false,false,false,false,,,,,,false,false,false,,,false,false,false,false,false,-83.08602,42.37416,"{
  ""coordinates"": [
    -8.308602318399990e+01,
    4.237416497200010e+01
  ],
  ""type"": ""Point""
}","{
  ""coordinates"": [
    -83.086023184,
    42.374164972
  ],
  ""type"": ""Point""
}",-83.0860231839999,42.3741649720001
15733,9715558,FRISBEE,BEAVERLAND,2016-04-28,28,4,2016,13,5,5,9,,,0,,2,2,1,25,1,2,1,5,0,0,0,0,true,,false,false,true,false,false,,,,,,false,false,false,,,false,false,false,false,false,-83.26558,42.43529,"{
  ""coordinates"": [
    -8.326558030800000e+01,
    4.243528787400000e+01
  ],
  ""type"": ""Point""
}","{
  ""coordinates"": [
    -83.265580308,
    42.435287874
  ],
  ""type"": ""Point""
}",-83.265580308,42.435287874
15734,9880452,QUEEN,KILBOURNE,2016-04-28,28,4,2016,22,5,8,9,,,0,,2,5,4,25,2,2,3,5,0,0,0,0,true,,false,false,false,false,false,,,,,,false,false,false,,,false,false,false,false,false,-82.96722,42.41684,"{
  ""coordinates"": [
    -8.296721271000000e+01,
    4.241683976500010e+01
  ],
  ""type"": ""Point""
}","{
  ""coordinates"": [
    -82.96721271,
    42.416839765
  ],
  ""type"": ""Point""
}",-82.96721271,42.4168397650001
15735,9686364,CADILLAC,WOODWARD,2016-04-28,28,4,2016,17,5,5,9,,4,0,,1,2,1,0,3,2,5,4,0,0,0,4,false,,false,false,false,false,false,,,,,,false,false,false,,,false,false,false,false,false,-83.04613,42.33171,"{
  ""coordinates"": [
    -8.304613237599990e+01,
    4.233171018500010e+01
  ],
  ""type"": ""Point""
}","{
  ""coordinates"": [
    -83.046132376,
    42.331710185
  ],
  ""type"": ""Point""
}",-83.0461323759999,42.3317101850001
15736,9693104,M-39,MCNICHOLS,2016-04-28,28,4,2016,22,5,5,3,,1,0,,1,1,5,55,3,2,1,5,0,0,0,0,true,,false,false,true,false,false,,,,,,false,false,false,,,false,false,false,false,false,-83.21873,42.41701,"{
  ""coordinates"": [
    -8.321873197100000e+01,
    4.241700922500010e+01
  ],
  ""type"": ""Point""
}","{
  ""coordinates"": [
    -83.218731971,
    42.417009225
  ],
  ""type"": ""Point""
}",-83.218731971,42.4170092250001
15737,9687848,I 94,LUCKY,2016-04-28,28,4,2016,9,5,1,1,,1,1,,2,4,1,55,3,1,1,4,0,0,0,1,false,,false,false,false,false,true,,,,,,false,false,false,,,false,false,false,false,false,-83.03432,42.37901,"{
  ""coordinates"": [
    -8.303431493700000e+01,
    4.237900570000010e+01
  ],
  ""type"": ""Point""
}","{
  ""coordinates"": [
    -83.034314937,
    42.3790057
  ],
  ""type"": ""Point""
}",-83.034314937,42.3790057000001
15738,9696624,S I 75,SCHAEFER,2016-04-28,28,4,2016,8,5,1,1,,1,1,,2,4,1,60,4,1,1,5,0,0,0,0,true,,false,false,false,false,false,,,,,,false,false,false,,,false,false,false,false,false,-83.15532,42.27767,"{
  ""coordinates"": [
    -8.315532196299991e+01,
    4.227766743000010e+01
  ],
  ""type"": ""Point""
}","{
  ""coordinates"": [
    -83.155321963,
    42.27766743
  ],
  ""type"": ""Point""
}",-83.1553219629999,42.2776674300001
15739,9685474,S M 10,CLAIRMOUNT,2016-04-28,28,4,2016,8,5,5,3,,1,0,,1,2,1,55,4,2,2,4,0,0,0,1,false,,false,false,false,false,false,,,,,,false,false,false,,,false,false,false,false,false,-83.09099,42.38036,"{
  ""coordinates"": [
    -8.309098479399999e+01,
    4.238036123500010e+01
  ],
  ""type"": ""Point""
}","{
  ""coordinates"": [
    -83.090984794,
    42.380361235
  ],
  ""type"": ""Point""
}",-83.090984794,42.3803612350001
15740,9686380,MIDLAND,WILDEMERE,2016-04-28,28,4,2016,22,5,4,9,,,0,,1,1,5,25,1,2,1,5,0,0,0,0,true,,false,false,true,false,false,,,,,,false,false,false,,,false,false,false,false,false,-83.13251,42.40645,"{
  ""coordinates"": [
    -8.313251266100001e+01,
    4.240645027800010e+01
  ],
  ""type"": ""Point""
}","{
  ""coordinates"": [
    -83.132512661,
    42.406450278
  ],
  ""type"": ""Point""
}",-83.132512661,42.4064502780001
15741,9718781,ELMHURST,14TH,2016-04-28,28,4,2016,16,5,1,9,,4,0,,1,1,1,25,1,1,1,5,0,0,0,0,true,,false,false,false,false,false,,,,,,false,false,false,,,false,false,false,false,false,-83.10975,42.38689,"{
  ""coordinates"": [
    -8.310975249599990e+01,
    4.238688553700010e+01
  ],
  ""type"": ""Point""
}","{
  ""coordinates"": [
    -83.109752496,
    42.386885537
  ],
  ""type"": ""Point""
}",-83.1097524959999,42.3868855370001
15742,9715775,8MILE,SHERWOOD,2016-04-28,28,4,2016,18,5,5,3,,1,0,,1,1,1,45,4,2,2,5,0,0,0,0,true,,false,false,false,false,false,,,,,,false,false,true,,,false,false,false,false,false,-83.03822,42.4479,"{
  ""coordinates"": [
    -8.303821189800000e+01,
    4.244789945400000e+01
  ],
  ""type"": ""Point""
}","{
  ""coordinates"": [
    -83.038211898,
    42.447899454
  ],
  ""type"": ""Point""
}",-83.038211898,42.447899454
15743,9702592,TRUMBULL,PORTER,2016-04-28,28,4,2016,7,5,4,9,,4,0,,1,1,1,25,2,2,2,4,0,0,0,1,false,,false,false,false,false,false,,,,,,false,false,true,,,false,false,false,false,false,-83.06425,42.32789,"{
  ""coordinates"": [
    -8.306425583399989e+01,
    4.232788694000000e+01
  ],
  ""type"": ""Point""
}","{
  ""coordinates"": [
    -83.064255834,
    42.32788694
  ],
  ""type"": ""Point""
}",-83.0642558339999,42.32788694
15744,9715567,8 MILE,BILTMORE,2016-04-28,28,4,2016,7,5,4,3,,1,0,,1,1,1,0,4,2,7,5,0,0,0,0,true,,false,false,false,false,false,,,,,,false,false,false,,,false,true,false,false,false,-83.21229,42.44436,"{
  ""coordinates"": [
    -8.321229062200000e+01,
    4.244435871400000e+01
  ],
  ""type"": ""Point""
}","{
  ""coordinates"": [
    -83.212290622,
    42.444358714
  ],
  ""type"": ""Point""
}",-83.212290622,42.444358714
15745,9706561,FENKELL,BILTMORE,2016-04-28,28,4,2016,21,5,1,9,,2,0,,1,1,4,30,2,1,1,5,0,0,0,0,true,,false,false,false,false,false,,,,,,false,false,true,,,false,false,false,false,false,-83.21062,42.40125,"{
  ""coordinates"": [
    -8.321062682900001e+01,
    4.240124644500000e+01
  ],
  ""type"": ""Point""
}","{
  ""coordinates"": [
    -83.210626829,
    42.401246445
  ],
  ""type"": ""Point""
}",-83.210626829,42.401246445
15746,9705028,HAYES,EASTWOOD,2016-04-28,28,4,2016,15,5,97,9,,4,0,,1,2,1,30,3,3,2,5,0,0,0,0,true,,false,false,true,false,false,,,,,,false,false,false,,,false,false,false,false,false,-82.96545,42.43386,"{
  ""coordinates"": [
    -8.296544374900000e+01,
    4.243386117100000e+01
  ],
  ""type"": ""Point""
}","{
  ""coordinates"": [
    -82.965443749,
    42.433861171
  ],
  ""type"": ""Point""
}",-82.965443749,42.433861171
15747,9685589,7 MILE,GREENFIELD,2016-04-28,28,4,2016,12,5,3,9,,2,0,,1,1,1,35,6,2,2,5,0,0,0,0,true,,false,false,false,false,false,,,,,,false,false,false,,,false,false,false,false,false,-83.19987,42.43042,"{
  ""coordinates"": [
    -8.319986535699999e+01,
    4.243042050400000e+01
  ],
  ""type"": ""Point""
}","{
  ""coordinates"": [
    -83.199865357,
    42.430420504
  ],
  ""type"": ""Point""
}",-83.199865357,42.430420504
15748,9685583,MOROSS,MOROSS/E MOROSS TURNAROUND,2016-04-28,28,4,2016,16,5,4,9,,4,0,,1,1,1,30,3,2,5,5,0,0,0,0,true,,true,true,false,false,false,,,,,,false,false,true,,,false,false,false,false,false,-82.94152,42.42964,"{
  ""coordinates"": [
    -8.294152129100000e+01,
    4.242964015500010e+01
  ],
  ""type"": ""Point""
}","{
  ""coordinates"": [
    -82.941521291,
    42.429640155
  ],
  ""type"": ""Point""
}",-82.941521291,42.4296401550001
15749,9687863,S/B M-10,WEBB,2016-04-28,28,4,2016,10,5,5,3,,1,0,,2,4,1,55,3,2,2,5,0,0,0,0,true,,false,false,false,false,false,,,,,,false,false,true,,,false,false,false,false,false,-83.0932,42.38179,"{
  ""coordinates"": [
    -8.309320283700001e+01,
    4.238178761100000e+01
  ],
  ""type"": ""Point""
}","{
  ""coordinates"": [
    -83.093202837,
    42.381787611
  ],
  ""type"": ""Point""
}",-83.093202837,42.381787611
15750,9706482,JEFFERSON,CHALMERS,2016-04-28,28,4,2016,16,5,5,9,,4,0,,1,2,1,35,2,2,2,5,0,0,0,0,true,,false,false,false,false,false,,,,,,false,false,false,,,false,false,false,false,false,-82.94421,42.37293,"{
  ""coordinates"": [
    -8.294421709499990e+01,
    4.237293378600000e+01
  ],
  ""type"": ""Point""
}","{
  ""coordinates"": [
    -82.944217095,
    42.372933786
  ],
  ""type"": ""Point""
}",-82.9442170949999,42.372933786
15751,9684638,MORANG,BEACONSFIELD,2016-04-28,28,4,2016,0,5,4,9,,4,0,,1,1,4,30,3,2,2,4,0,0,0,2,false,,false,false,true,false,false,,,,,,false,false,true,,,false,false,false,false,false,-82.94574,42.42439,"{
  ""coordinates"": [
    -8.294574205200000e+01,
    4.242438330700000e+01
  ],
  ""type"": ""Point""
}","{
  ""coordinates"": [
    -82.945742052,
    42.424383307
  ],
  ""type"": ""Point""
}",-82.945742052,42.424383307
15752,9685590,8 MILE,ASHTON,2016-04-28,28,4,2016,16,5,5,3,,1,0,,1,1,1,40,4,2,2,4,0,0,0,2,false,,false,false,false,false,false,,,,,,false,false,false,,,false,false,false,false,false,-83.2213,42.44414,"{
  ""coordinates"": [
    -8.322129450300000e+01,
    4.244414128600000e+01
  ],
  ""type"": ""Point""
}","{
  ""coordinates"": [
    -83.221294503,
    42.444141286
  ],
  ""type"": ""Point""
}",-83.221294503,42.444141286
15753,9688178,18706 STRATHMOOR,CLARITA,2016-04-28,28,4,2016,23,5,8,9,,,0,,1,1,4,25,2,2,2,5,0,0,0,0,true,,false,false,false,false,false,,,,,,false,false,true,,,false,false,false,false,false,-83.18874,42.42895,"{
  ""coordinates"": [
    -8.318874629500000e+01,
    4.242894615400010e+01
  ],
  ""type"": ""Point""
}","{
  ""coordinates"": [
    -83.188746295,
    42.428946154
  ],
  ""type"": ""Point""
}",-83.188746295,42.4289461540001
15754,9715701,CLAIRMOUNT,DEXTER,2016-04-27,27,4,2016,10,4,2,9,,,0,,1,1,1,25,2,2,2,4,0,0,0,2,false,,false,false,false,false,false,,,,,,false,false,true,,,false,false,false,false,false,-83.11749,42.36934,"{
  ""coordinates"": [
    -8.311748242700000e+01,
    4.236933455800000e+01
  ],
  ""type"": ""Point""
}","{
  ""coordinates"": [
    -83.117482427,
    42.369334558
  ],
  ""type"": ""Point""
}",-83.117482427,42.369334558
15755,9685569,ROSA PARKS,S I 75,2016-04-27,27,4,2016,13,4,8,9,,4,0,,1,1,1,25,3,2,2,5,0,0,0,0,true,,false,false,true,false,false,,,,,,false,false,true,,,false,false,false,false,false,-83.07316,42.33339,"{
  ""coordinates"": [
    -8.307315959200000e+01,
    4.233339474400000e+01
  ],
  ""type"": ""Point""
}","{
  ""coordinates"": [
    -83.073159592,
    42.333394744
  ],
  ""type"": ""Point""
}",-83.073159592,42.333394744
15756,9685574,3RD,HOWARD,2016-04-27,27,4,2016,17,4,8,9,,4,0,,1,1,1,25,4,2,2,4,0,0,0,1,false,,true,false,false,false,false,,,,,,false,false,false,,,false,false,false,false,false,-83.05589,42.32932,"{
  ""coordinates"": [
    -8.305589668399990e+01,
    4.232931364800000e+01
  ],
  ""type"": ""Point""
}","{
  ""coordinates"": [
    -83.055896684,
    42.329313648
  ],
  ""type"": ""Point""
}",-83.0558966839999,42.329313648
15757,9715854,GREENFIELD,JAMES COUZENS,2016-04-27,27,4,2016,15,4,7,7,,1,0,,1,1,1,35,6,2,2,5,0,0,0,0,true,,false,false,false,false,false,,,,,,false,true,false,,,false,false,false,false,false,-83.20042,42.44292,"{
  ""coordinates"": [
    -8.320041872800000e+01,
    4.244291969100000e+01
  ],
  ""type"": ""Point""
}","{
  ""coordinates"": [
    -83.200418728,
    42.442919691
  ],
  ""type"": ""Point""
}",-83.200418728,42.442919691
15758,9684571,I-96,EVERGREEN,2016-04-27,27,4,2016,17,4,5,1,,1,0,,1,1,1,55,2,2,2,4,0,0,0,1,false,,false,false,false,false,false,,,,,,false,false,false,,,false,false,false,false,false,-83.24373,42.38533,"{
  ""coordinates"": [
    -8.324372895399991e+01,
    4.238533032400010e+01
  ],
  ""type"": ""Point""
}","{
  ""coordinates"": [
    -83.243728954,
    42.385330324
  ],
  ""type"": ""Point""
}",-83.2437289539999,42.3853303240001
15759,9715546,ILLINOIS,MORAN,2016-04-27,27,4,2016,23,4,5,9,,,0,,1,1,4,25,1,2,2,5,0,0,0,0,true,,false,false,false,false,false,,,,,,false,false,false,,,false,false,false,false,false,-83.02679,42.36141,"{
  ""coordinates"": [
    -8.302678396600000e+01,
    4.236140740100010e+01
  ],
  ""type"": ""Point""
}","{
  ""coordinates"": [
    -83.026783966,
    42.361407401
  ],
  ""type"": ""Point""
}",-83.026783966,42.3614074010001
15760,9687901,I-96,GRAND,2016-04-27,27,4,2016,10,4,5,1,,1,0,,1,1,1,70,4,3,3,5,0,0,0,0,true,,false,false,false,false,false,,,,,,false,true,false,,,false,false,false,false,false,-83.10879,42.35496,"{
  ""coordinates"": [
    -8.310878951399999e+01,
    4.235495867200010e+01
  ],
  ""type"": ""Point""
}","{
  ""coordinates"": [
    -83.108789514,
    42.354958672
  ],
  ""type"": ""Point""
}",-83.108789514,42.3549586720001
15761,9685476,DAVISON,I75,2016-04-27,27,4,2016,13,4,1,3,,1,0,,1,1,1,55,3,1,1,5,0,0,0,0,true,,false,false,false,false,false,,,,,,false,false,false,,,false,false,false,false,false,-83.07826,42.40895,"{
  ""coordinates"": [
    -8.307826230500000e+01,
    4.240895036700000e+01
  ],
  ""type"": ""Point""
}","{
  ""coordinates"": [
    -83.078262305,
    42.408950367
  ],
  ""type"": ""Point""
}",-83.078262305,42.408950367
15762,9688119,GRAND,JOHN C LODGE SERVICE,2016-04-27,27,4,2016,9,4,5,9,,,0,,1,1,1,30,3,2,2,5,0,0,0,0,true,,false,false,true,false,false,,,,,,false,false,true,,,false,false,false,false,false,-83.11018,42.39943,"{
  ""coordinates"": [
    -8.311018255600000e+01,
    4.239942818900000e+01
  ],
  ""type"": ""Point""
}","{
  ""coordinates"": [
    -83.110182556,
    42.399428189
  ],
  ""type"": ""Point""
}",-83.110182556,42.399428189
15763,9779152,WARREN,N M 39 SERVICE DRIVE,2016-04-27,27,4,2016,19,4,5,9,,2,0,,1,1,1,35,2,2,2,5,0,0,0,0,true,,false,false,true,false,false,,,,,,false,false,false,,,false,false,false,false,false,-83.21567,42.34338,"{
  ""coordinates"": [
    -8.321566792300000e+01,
    4.234337567100000e+01
  ],
  ""type"": ""Point""
}","{
  ""coordinates"": [
    -83.215667923,
    42.343375671
  ],
  ""type"": ""Point""
}",-83.215667923,42.343375671
15764,9705035,PACIFIC,BEECHWOOD,2016-04-27,27,4,2016,13,4,4,9,,,0,,1,1,1,25,2,2,3,5,0,0,0,0,true,,false,false,false,false,false,,,,,,false,false,false,,,false,false,false,false,false,-83.12162,42.35634,"{
  ""coordinates"": [
    -8.312162320700000e+01,
    4.235634147800000e+01
  ],
  ""type"": ""Point""
}","{
  ""coordinates"": [
    -83.121623207,
    42.356341478
  ],
  ""type"": ""Point""
}",-83.121623207,42.356341478
15765,9706521,WINTHROP,ELMIRA,2016-04-27,27,4,2016,1,4,8,9,,,0,,1,1,4,30,2,2,0,5,0,0,0,0,true,,false,false,true,false,false,,,,,,false,false,false,,,false,false,false,false,false,-83.19866,42.37046,"{
  ""coordinates"": [
    -8.319865869099991e+01,
    4.237045930500010e+01
  ],
  ""type"": ""Point""
}","{
  ""coordinates"": [
    -83.198658691,
    42.370459305
  ],
  ""type"": ""Point""
}",-83.1986586909999,42.3704593050001
15766,9683819,GRAND RIVER,SCHOOLCRAFT,2016-04-27,27,4,2016,1,4,1,3,,1,0,,1,1,4,35,2,1,1,5,0,0,0,0,true,,false,false,false,false,false,,,,,,false,false,false,,,false,false,false,false,false,-83.18541,42.38744,"{
  ""coordinates"": [
    -8.318541302100000e+01,
    4.238744256000010e+01
  ],
  ""type"": ""Point""
}","{
  ""coordinates"": [
    -83.185413021,
    42.38744256
  ],
  ""type"": ""Point""
}",-83.185413021,42.3874425600001
15767,9685584,SOUTHAMPTON,NEFF,2016-04-27,27,4,2016,12,4,1,9,,,0,,1,1,1,25,2,1,1,3,0,0,1,0,false,,false,false,false,true,false,,,,,,false,false,false,,,false,false,false,false,false,-82.927,42.41122,"{
  ""coordinates"": [
    -8.292699855900000e+01,
    4.241121937400000e+01
  ],
  ""type"": ""Point""
}","{
  ""coordinates"": [
    -82.926998559,
    42.411219374
  ],
  ""type"": ""Point""
}",-82.926998559,42.411219374
15768,9686357,WYOMING,BUENA,2016-04-27,27,4,2016,17,4,5,9,,4,0,,1,1,1,30,5,2,2,5,0,0,0,0,true,,false,false,true,false,false,,,,,,false,false,false,,,false,false,false,false,false,-83.15892,42.38367,"{
  ""coordinates"": [
    -8.315891832900000e+01,
    4.238367629900010e+01
  ],
  ""type"": ""Point""
}","{
  ""coordinates"": [
    -83.158918329,
    42.383676299
  ],
  ""type"": ""Point""
}",-83.158918329,42.3836762990001
15769,9715548,MOUNT ELLIOTT,LE GRAND,2016-04-27,27,4,2016,22,4,9,9,,4,2,,1,1,4,30,4,2,1,5,0,0,0,0,true,,false,false,true,false,false,,,,,,false,false,false,,,false,false,false,false,false,-83.03904,42.38644,"{
  ""coordinates"": [
    -8.303904166599990e+01,
    4.238643931000010e+01
  ],
  ""type"": ""Point""
}","{
  ""coordinates"": [
    -83.039041666,
    42.38643931
  ],
  ""type"": ""Point""
}",-83.0390416659999,42.3864393100001
15770,9684568,M 10,MILWAUKEE,2016-04-27,27,4,2016,8,4,8,3,,1,0,,1,1,1,55,3,2,2,3,0,0,1,0,false,,false,false,false,false,false,,,,,,false,false,false,,,false,false,false,false,false,-83.08033,42.36527,"{
  ""coordinates"": [
    -8.308033209900000e+01,
    4.236526970300010e+01
  ],
  ""type"": ""Point""
}","{
  ""coordinates"": [
    -83.080332099,
    42.365269703
  ],
  ""type"": ""Point""
}",-83.080332099,42.3652697030001
15771,9715673,HOOVER,FAIRMOUNT,2016-04-27,27,4,2016,20,4,4,3,,1,0,,1,1,4,30,2,2,3,4,0,0,0,3,false,,false,false,false,false,false,,,,,,false,false,false,,,false,false,false,false,false,-83.00503,42.4435,"{
  ""coordinates"": [
    -8.300502594400000e+01,
    4.244350268800010e+01
  ],
  ""type"": ""Point""
}","{
  ""coordinates"": [
    -83.005025944,
    42.443502688
  ],
  ""type"": ""Point""
}",-83.005025944,42.4435026880001
15772,9684639,BRADFORD,NASHVILLE,2016-04-27,27,4,2016,17,4,4,9,,,0,,1,1,1,25,2,2,5,4,0,0,0,1,false,,false,false,true,false,false,,,,,,false,false,false,,,false,false,false,false,false,-82.99782,42.41814,"{
  ""coordinates"": [
    -8.299781458800000e+01,
    4.241813705600000e+01
  ],
  ""type"": ""Point""
}","{
  ""coordinates"": [
    -82.997814588,
    42.418137056
  ],
  ""type"": ""Point""
}",-82.997814588,42.418137056
15773,9712201,FISHER,GRANDRIVER,2016-04-27,27,4,2016,11,4,4,1,,1,0,,1,1,1,35,4,2,3,5,0,0,0,0,true,,false,false,false,false,false,,,,,,false,true,false,,,false,false,false,false,false,-83.05941,42.3366,"{
  ""coordinates"": [
    -8.305941244699990e+01,
    4.233659812600010e+01
  ],
  ""type"": ""Point""
}","{
  ""coordinates"": [
    -83.059412447,
    42.336598126
  ],
  ""type"": ""Point""
}",-83.0594124469999,42.3365981260001
15774,9685596,N I 75 SERVICE DRIVE,NEVADA,2016-04-27,27,4,2016,15,4,4,9,,4,0,,1,1,1,0,2,2,1,5,0,0,0,0,true,,false,false,true,false,false,,,,,,false,false,false,,,false,false,false,false,false,-83.09274,42.42492,"{
  ""coordinates"": [
    -8.309273970200000e+01,
    4.242492118900000e+01
  ],
  ""type"": ""Point""
}","{
  ""coordinates"": [
    -83.092739702,
    42.424921189
  ],
  ""type"": ""Point""
}",-83.092739702,42.424921189
15775,9684589,I-94,WHITTIER,2016-04-27,27,4,2016,8,4,5,1,,1,0,,1,1,1,55,3,2,2,5,0,0,0,0,true,,false,false,false,false,false,,,,,,false,false,false,,,false,false,false,false,false,-82.9426,42.41352,"{
  ""coordinates"": [
    -8.294260453600000e+01,
    4.241352229700000e+01
  ],
  ""type"": ""Point""
}","{
  ""coordinates"": [
    -82.942604536,
    42.413522297
  ],
  ""type"": ""Point""
}",-82.942604536,42.413522297
15776,9685599,JAMES COUZENS,7 MILE,2016-04-27,27,4,2016,19,4,5,9,,4,0,,1,1,1,30,2,2,1,4,0,0,0,1,false,,false,false,true,false,false,,,,,,false,false,false,,,false,false,false,false,false,-83.1866,42.43082,"{
  ""coordinates"": [
    -8.318660328899990e+01,
    4.243082147000010e+01
  ],
  ""type"": ""Point""
}","{
  ""coordinates"": [
    -83.186603289,
    42.43082147
  ],
  ""type"": ""Point""
}",-83.1866032889999,42.4308214700001
15777,9715672,SCHOENHERR,CARLISLE,2016-04-27,27,4,2016,18,4,97,9,,4,0,,1,1,1,30,3,2,2,5,0,0,0,0,true,,false,false,false,false,false,,,,,,false,false,false,,,false,false,false,false,false,-82.98562,42.44852,"{
  ""coordinates"": [
    -8.298561887400000e+01,
    4.244852156500010e+01
  ],
  ""type"": ""Point""
}","{
  ""coordinates"": [
    -82.985618874,
    42.448521565
  ],
  ""type"": ""Point""
}",-82.985618874,42.4485215650001
15778,9688090,I 75,SPRINGWELLS,2016-04-27,27,4,2016,14,4,8,1,,1,0,,1,1,1,55,3,2,3,5,0,0,0,0,true,,false,false,false,false,false,,,,,,false,true,false,,,false,false,false,false,false,-83.11902,42.30169,"{
  ""coordinates"": [
    -8.311901493499990e+01,
    4.230168881400000e+01
  ],
  ""type"": ""Point""
}","{
  ""coordinates"": [
    -83.119014935,
    42.301688814
  ],
  ""type"": ""Point""
}",-83.1190149349999,42.301688814
15779,9684590,I-94,WHITTIER,2016-04-27,27,4,2016,8,4,5,1,,1,0,,1,1,1,55,3,2,3,5,0,0,0,0,true,,false,false,false,false,false,,,,,,false,false,true,,,false,false,false,false,false,-82.9439,42.41254,"{
  ""coordinates"": [
    -8.294390434500001e+01,
    4.241254054200000e+01
  ],
  ""type"": ""Point""
}","{
  ""coordinates"": [
    -82.943904345,
    42.412540542
  ],
  ""type"": ""Point""
}",-82.943904345,42.412540542
15780,9685618,GARFIELD,JOHN R,2016-04-27,27,4,2016,19,4,97,9,,,0,,1,1,1,25,1,2,0,5,0,0,0,0,true,,false,false,true,false,false,,,,,,false,false,false,,,false,false,false,false,false,-83.06053,42.35443,"{
  ""coordinates"": [
    -8.306053146399999e+01,
    4.235442705400000e+01
  ],
  ""type"": ""Point""
}","{
  ""coordinates"": [
    -83.060531464,
    42.354427054
  ],
  ""type"": ""Point""
}",-83.060531464,42.354427054
15781,9693101,I-75,TRUMBULL,2016-04-27,27,4,2016,18,4,5,9,,4,0,,1,1,1,55,3,2,3,5,0,0,0,0,true,,false,false,false,false,false,,,,,,false,false,false,,,false,false,false,false,false,-83.07013,42.33335,"{
  ""coordinates"": [
    -8.307012913999991e+01,
    4.233335022600010e+01
  ],
  ""type"": ""Point""
}","{
  ""coordinates"": [
    -83.07012914,
    42.333350226
  ],
  ""type"": ""Point""
}",-83.0701291399999,42.3333502260001
15782,9685559,THIRD,PETERBORO,2016-04-27,27,4,2016,19,4,8,9,,4,0,,1,1,1,25,2,2,1,5,0,0,0,0,true,,false,false,true,false,false,,,,,,false,false,false,,,false,false,false,false,false,-83.06441,42.3428,"{
  ""coordinates"": [
    -8.306440894699990e+01,
    4.234279598200000e+01
  ],
  ""type"": ""Point""
}","{
  ""coordinates"": [
    -83.064408947,
    42.342795982
  ],
  ""type"": ""Point""
}",-83.0644089469999,42.342795982