ObjectId,Crash ID,Primary Road,Intersecting Road,Crash Date,Day,Month,Year,Hour,Weekday,Crash Type Code,Highway Classification Code,Community Code,Jurisdiction Code,Lane Departure Type Code,Surface Type,Road Condition,Weather Condition,Lighting Condition,Speed Limit,Lanes,Units,Occupants,Most Severe Injury,Fatal Injuries,Suspected Serious Injuries,Suspected Minor Injuries,Possible Injuries,Property Damage Only,Secondary Crash,Traffic Control,Red Light Run,Hit and Run,Alcohol,Drugs,Unbelted Person,Work Zone,Speeding Driver,Distracted Driver,Driveway,Pedestrian,Elderly Driver,Young Driver,Commercial Vehicle,Emergency Vehicles,Train,School Bus,Motorcycle,Bicycle,Deer,Longitude,Latitude,geom,geog,x,y
15896,9683826,CHESTER,FARMBROOK,2016-04-25,25,4,2016,20,2,4,9,,4,0,,1,1,1,25,2,2,2,5,0,0,0,0,true,,false,false,true,false,false,,,,,,false,false,false,,,false,false,false,false,false,-82.92692,42.42101,"{
  ""coordinates"": [
    -8.292691921600000e+01,
    4.242100428700010e+01
  ],
  ""type"": ""Point""
}","{
  ""coordinates"": [
    -82.926919216,
    42.421004287
  ],
  ""type"": ""Point""
}",-82.926919216,42.4210042870001
15897,9683134,MILWAUKEE,2ND,2016-04-25,25,4,2016,16,2,5,9,,4,0,,1,1,1,25,1,2,2,5,0,0,0,0,true,,false,false,false,false,false,,,,,,false,false,true,,,false,false,false,false,false,-83.0761,42.36778,"{
  ""coordinates"": [
    -8.307609853699999e+01,
    4.236778276400000e+01
  ],
  ""type"": ""Point""
}","{
  ""coordinates"": [
    -83.076098537,
    42.367782764
  ],
  ""type"": ""Point""
}",-83.076098537,42.367782764
15898,9683823,FERRIS,VERNOR,2016-04-25,25,4,2016,8,2,97,9,,,0,,1,1,1,25,2,2,1,5,0,0,0,0,true,,false,false,true,false,false,,,,,,false,false,false,,,false,false,false,false,false,-83.13188,42.30955,"{
  ""coordinates"": [
    -8.313188201600001e+01,
    4.230955148600000e+01
  ],
  ""type"": ""Point""
}","{
  ""coordinates"": [
    -83.131882016,
    42.309551486
  ],
  ""type"": ""Point""
}",-83.131882016,42.309551486
15899,9684584,I-75,M-8,2016-04-25,25,4,2016,7,2,8,1,,1,0,,1,1,1,55,5,2,1,5,0,0,0,0,true,,false,false,false,false,false,,,,,,false,false,false,,,false,false,false,false,false,-83.07774,42.40719,"{
  ""coordinates"": [
    -8.307774266800000e+01,
    4.240719409900000e+01
  ],
  ""type"": ""Point""
}","{
  ""coordinates"": [
    -83.077742668,
    42.407194099
  ],
  ""type"": ""Point""
}",-83.077742668,42.407194099
15900,9683147,JEFFERSON,RIVARD,2016-04-25,25,4,2016,18,2,1,9,,4,0,,1,1,1,35,7,2,1,4,0,0,0,1,false,,false,false,false,false,false,,,,,,true,false,false,,,false,false,false,false,false,-83.03416,42.33329,"{
  ""coordinates"": [
    -8.303416414100001e+01,
    4.233328534900010e+01
  ],
  ""type"": ""Point""
}","{
  ""coordinates"": [
    -83.034164141,
    42.333285349
  ],
  ""type"": ""Point""
}",-83.034164141,42.3332853490001
15901,9683135,BEAUBIEN,PALMER,2016-04-25,25,4,2016,8,2,8,9,,,0,,1,1,1,0,8,2,1,5,0,0,0,0,true,,false,false,true,false,false,,,,,,false,false,false,,,false,false,false,false,false,-83.06213,42.3644,"{
  ""coordinates"": [
    -8.306213031700000e+01,
    4.236439777700010e+01
  ],
  ""type"": ""Point""
}","{
  ""coordinates"": [
    -83.062130317,
    42.364397777
  ],
  ""type"": ""Point""
}",-83.062130317,42.3643977770001
15902,9683037,W/B I-96,MICHIGAN,2016-04-25,25,4,2016,19,2,5,1,,1,0,,1,1,1,55,3,2,2,5,0,0,0,0,true,,false,false,false,false,false,,,,,,false,false,false,,,false,false,false,false,false,-83.23517,42.37952,"{
  ""coordinates"": [
    -8.323516843100001e+01,
    4.237952118800010e+01
  ],
  ""type"": ""Point""
}","{
  ""coordinates"": [
    -83.235168431,
    42.379521188
  ],
  ""type"": ""Point""
}",-83.235168431,42.3795211880001
15903,9683156,CLARITA,STRATHMOOR,2016-04-25,25,4,2016,18,2,4,9,,,0,,1,1,1,25,4,2,3,4,0,0,0,2,false,,false,false,false,false,false,,,,,,false,false,true,,,false,false,false,false,false,-83.18874,42.42896,"{
  ""coordinates"": [
    -8.318874668099990e+01,
    4.242896072000010e+01
  ],
  ""type"": ""Point""
}","{
  ""coordinates"": [
    -83.188746681,
    42.42896072
  ],
  ""type"": ""Point""
}",-83.1887466809999,42.4289607200001
15904,9683139,LODGE SERVICE,GRAND,2016-04-25,25,4,2016,11,2,8,9,,4,0,,1,1,1,0,3,2,2,5,0,0,0,0,true,,false,false,false,false,false,,,,,,false,false,false,,,false,false,false,false,false,-83.06778,42.34352,"{
  ""coordinates"": [
    -8.306777664000001e+01,
    4.234351613600010e+01
  ],
  ""type"": ""Point""
}","{
  ""coordinates"": [
    -83.06777664,
    42.343516136
  ],
  ""type"": ""Point""
}",-83.06777664,42.3435161360001
15905,9683814,GALLAGHER,HALLECK,2016-04-25,25,4,2016,7,2,8,9,,,0,,1,1,1,25,1,2,2,5,0,0,0,0,true,,false,false,false,false,false,,,,,,false,false,true,,,false,false,false,false,false,-83.06166,42.40975,"{
  ""coordinates"": [
    -8.306165969100000e+01,
    4.240975173700010e+01
  ],
  ""type"": ""Point""
}","{
  ""coordinates"": [
    -83.061659691,
    42.409751737
  ],
  ""type"": ""Point""
}",-83.061659691,42.4097517370001
15906,9683137,OAKLAND,ARDEN PARK,2016-04-25,25,4,2016,13,2,1,9,,4,0,,1,2,1,25,1,1,1,4,0,0,0,1,false,,false,false,false,false,false,,,,,,false,false,false,,,false,false,false,false,false,-83.07504,42.38952,"{
  ""coordinates"": [
    -8.307504004499999e+01,
    4.238951805400010e+01
  ],
  ""type"": ""Point""
}","{
  ""coordinates"": [
    -83.075040045,
    42.389518054
  ],
  ""type"": ""Point""
}",-83.075040045,42.3895180540001
15907,9683150,SHERWOOD,OUTER,2016-04-25,25,4,2016,8,2,4,9,,4,0,,1,1,1,35,5,2,3,4,0,0,0,1,false,,false,false,false,false,false,,,,,,false,true,false,,,false,false,false,false,false,-83.03427,42.44073,"{
  ""coordinates"": [
    -8.303427455699990e+01,
    4.244073096600000e+01
  ],
  ""type"": ""Point""
}","{
  ""coordinates"": [
    -83.034274557,
    42.440730966
  ],
  ""type"": ""Point""
}",-83.0342745569999,42.440730966
15908,9683035,I-75,DAVISON,2016-04-25,25,4,2016,18,2,5,1,,1,0,,1,1,1,70,4,2,2,5,0,0,0,0,true,,false,false,false,false,false,,,,,,false,false,false,,,false,false,false,false,false,-83.07948,42.40895,"{
  ""coordinates"": [
    -8.307948284699999e+01,
    4.240895231700010e+01
  ],
  ""type"": ""Point""
}","{
  ""coordinates"": [
    -83.079482847,
    42.408952317
  ],
  ""type"": ""Point""
}",-83.079482847,42.4089523170001
15909,9683151,SANTA CLARA,OUTER,2016-04-25,25,4,2016,16,2,8,9,,,0,,1,1,1,25,2,2,1,5,0,0,0,0,true,,false,false,true,false,false,,,,,,false,true,false,,,false,false,false,false,false,-83.17698,42.42023,"{
  ""coordinates"": [
    -8.317697938799991e+01,
    4.242023552500010e+01
  ],
  ""type"": ""Point""
}","{
  ""coordinates"": [
    -83.176979388,
    42.420235525
  ],
  ""type"": ""Point""
}",-83.1769793879999,42.4202355250001
15910,9685614,HANCOCK,ST ANTOINE,2016-04-25,25,4,2016,2,2,4,9,,,0,,1,1,4,30,6,2,3,5,0,0,0,0,true,,false,false,false,false,false,,,,,,false,false,true,,,false,false,false,false,false,-83.05637,42.35876,"{
  ""coordinates"": [
    -8.305636682700001e+01,
    4.235875784100010e+01
  ],
  ""type"": ""Point""
}","{
  ""coordinates"": [
    -83.056366827,
    42.358757841
  ],
  ""type"": ""Point""
}",-83.056366827,42.3587578410001
15911,9683152,SEVEN MILE,SUSSEX,2016-04-25,25,4,2016,22,2,9,9,,2,2,,1,1,4,30,4,2,2,4,0,0,0,1,false,,false,false,true,false,false,,,,,,false,false,false,,,false,false,false,false,false,-83.19621,42.43052,"{
  ""coordinates"": [
    -8.319621252500001e+01,
    4.243051449200000e+01
  ],
  ""type"": ""Point""
}","{
  ""coordinates"": [
    -83.196212525,
    42.430514492
  ],
  ""type"": ""Point""
}",-83.196212525,42.430514492
15912,9683839,GRATIOT,CONNER,2016-04-25,25,4,2016,11,2,4,3,,1,0,,1,1,1,35,7,2,2,5,0,0,0,0,true,,false,false,false,false,false,,,,,,false,false,false,,,false,false,false,false,false,-82.9975,42.40491,"{
  ""coordinates"": [
    -8.299749493099991e+01,
    4.240490783300000e+01
  ],
  ""type"": ""Point""
}","{
  ""coordinates"": [
    -82.997494931,
    42.404907833
  ],
  ""type"": ""Point""
}",-82.9974949309999,42.404907833
15913,9683061,E/B I 96,LIVERNOIS,2016-04-25,25,4,2016,21,2,8,1,,1,0,,1,1,4,0,3,2,1,5,0,0,0,0,true,,false,false,true,false,false,,,,,,false,false,true,,,false,false,false,false,false,-83.1405,42.36779,"{
  ""coordinates"": [
    -8.314050209899990e+01,
    4.236779013400010e+01
  ],
  ""type"": ""Point""
}","{
  ""coordinates"": [
    -83.140502099,
    42.367790134
  ],
  ""type"": ""Point""
}",-83.1405020989999,42.3677901340001
15914,9683827,MACK,NOTTINGHAM,2016-04-25,25,4,2016,17,2,4,9,,2,0,,1,1,1,30,3,2,2,5,0,0,0,0,true,,false,false,false,false,false,,,,,,false,false,false,,,false,false,false,false,false,-82.94161,42.38835,"{
  ""coordinates"": [
    -8.294161451699991e+01,
    4.238834863100000e+01
  ],
  ""type"": ""Point""
}","{
  ""coordinates"": [
    -82.941614517,
    42.388348631
  ],
  ""type"": ""Point""
}",-82.9416145169999,42.388348631
15915,9690592,E I 96,RAMP 008N,2016-04-25,25,4,2016,8,2,5,1,,1,0,,1,1,2,70,3,2,2,5,0,0,0,0,true,,false,false,false,false,false,,,,,,false,false,true,,,false,false,false,false,false,-83.20927,42.37877,"{
  ""coordinates"": [
    -8.320927056900000e+01,
    4.237877387800010e+01
  ],
  ""type"": ""Point""
}","{
  ""coordinates"": [
    -83.209270569,
    42.378773878
  ],
  ""type"": ""Point""
}",-83.209270569,42.3787738780001
15916,9706387,VERNOR,SPRINGWELLS,2016-04-25,25,4,2016,18,2,5,9,,4,0,,1,1,1,25,2,2,3,5,0,0,0,0,true,,false,false,true,false,false,,,,,,false,false,false,,,false,false,false,false,false,-83.12717,42.31145,"{
  ""coordinates"": [
    -8.312716723800000e+01,
    4.231145266500000e+01
  ],
  ""type"": ""Point""
}","{
  ""coordinates"": [
    -83.127167238,
    42.311452665
  ],
  ""type"": ""Point""
}",-83.127167238,42.311452665
15917,9736437,WARREN,ALTER,2016-04-25,25,4,2016,6,2,4,9,,4,0,,1,1,2,30,7,2,3,2,0,2,0,1,false,,true,true,false,false,false,,,,,,false,false,true,,,false,false,false,false,false,-82.95448,42.39702,"{
  ""coordinates"": [
    -8.295448260800001e+01,
    4.239701921800000e+01
  ],
  ""type"": ""Point""
}","{
  ""coordinates"": [
    -82.954482608,
    42.397019218
  ],
  ""type"": ""Point""
}",-82.954482608,42.397019218
15918,9688170,DAVISON,RYAN,2016-04-25,25,4,2016,15,2,5,9,,4,0,,1,1,1,30,3,2,3,5,0,0,0,0,true,,false,false,false,false,false,,,,,,false,false,true,,,false,true,false,false,false,-83.06067,42.41583,"{
  ""coordinates"": [
    -8.306066596200000e+01,
    4.241582815400010e+01
  ],
  ""type"": ""Point""
}","{
  ""coordinates"": [
    -83.060665962,
    42.415828154
  ],
  ""type"": ""Point""
}",-83.060665962,42.4158281540001
15919,9693093,I-94,ST AUBIN,2016-04-25,25,4,2016,15,2,5,1,,1,0,,1,1,1,55,4,2,2,5,0,0,0,0,true,,false,false,false,false,false,,,,,,false,false,true,,,false,false,false,false,false,-83.05417,42.37106,"{
  ""coordinates"": [
    -8.305417103300000e+01,
    4.237106127300010e+01
  ],
  ""type"": ""Point""
}","{
  ""coordinates"": [
    -83.054171033,
    42.371061273
  ],
  ""type"": ""Point""
}",-83.054171033,42.3710612730001
15920,9697861,KELLY,TACOMA,2016-04-25,25,4,2016,8,2,97,9,,2,0,,1,1,1,35,2,2,1,4,0,0,0,1,false,,false,false,true,false,false,,,,,,false,false,false,,,false,false,false,true,false,-82.94748,42.44174,"{
  ""coordinates"": [
    -8.294748007299999e+01,
    4.244174079200010e+01
  ],
  ""type"": ""Point""
}","{
  ""coordinates"": [
    -82.947480073,
    42.441740792
  ],
  ""type"": ""Point""
}",-82.947480073,42.4417407920001
15921,9706424,CAVALRY,ELDRED,2016-04-25,25,4,2016,,2,8,9,,,0,,1,2,1,25,3,2,0,5,0,0,0,0,true,,false,false,true,false,false,,,,,,false,false,false,,,false,false,false,false,false,-83.10465,42.31487,"{
  ""coordinates"": [
    -8.310464941500000e+01,
    4.231486484700010e+01
  ],
  ""type"": ""Point""
}","{
  ""coordinates"": [
    -83.104649415,
    42.314864847
  ],
  ""type"": ""Point""
}",-83.104649415,42.3148648470001
15922,9693048,W I 94,MOROSS,2016-04-25,25,4,2016,8,2,5,1,,1,0,,1,1,1,55,3,2,2,4,0,0,0,2,false,,false,false,false,false,false,,,,,,false,false,false,,,false,false,false,false,false,-82.9288,42.42457,"{
  ""coordinates"": [
    -8.292880416299990e+01,
    4.242457382900010e+01
  ],
  ""type"": ""Point""
}","{
  ""coordinates"": [
    -82.928804163,
    42.424573829
  ],
  ""type"": ""Point""
}",-82.9288041629999,42.4245738290001
15923,9685616,VICKSBURG,LAWTON,2016-04-25,25,4,2016,10,2,8,9,,,0,,1,1,1,25,2,2,2,5,0,0,0,0,true,,false,false,true,false,false,,,,,,false,false,true,,,false,false,false,false,false,-83.10679,42.36461,"{
  ""coordinates"": [
    -8.310678632299989e+01,
    4.236460737300010e+01
  ],
  ""type"": ""Point""
}","{
  ""coordinates"": [
    -83.106786323,
    42.364607373
  ],
  ""type"": ""Point""
}",-83.1067863229999,42.3646073730001
15924,9715853,WYOMING,CURTIS,2016-04-25,25,4,2016,11,2,5,9,,4,0,,1,1,1,30,2,2,2,5,0,0,0,0,true,,false,false,false,false,false,,,,,,false,false,false,,,false,false,false,false,false,-83.16068,42.4235,"{
  ""coordinates"": [
    -8.316067847900000e+01,
    4.242349438800010e+01
  ],
  ""type"": ""Point""
}","{
  ""coordinates"": [
    -83.160678479,
    42.423494388
  ],
  ""type"": ""Point""
}",-83.160678479,42.4234943880001
15925,9686249,W I 96 SERVICE DRIVE,JOY,2016-04-25,25,4,2016,16,2,1,1,,4,0,,1,1,1,70,3,1,1,5,0,0,0,0,true,,false,false,false,false,false,,,,,,false,false,false,,,false,false,false,false,false,-83.13129,42.36494,"{
  ""coordinates"": [
    -8.313128646300000e+01,
    4.236493629400010e+01
  ],
  ""type"": ""Point""
}","{
  ""coordinates"": [
    -83.131286463,
    42.364936294
  ],
  ""type"": ""Point""
}",-83.131286463,42.3649362940001
15926,9715873,7 MILE,ARDMORE,2016-04-25,25,4,2016,12,2,5,9,,2,0,,1,1,1,30,4,2,1,5,0,0,0,0,true,,false,false,false,false,false,,,,,,false,false,false,,,false,false,false,false,false,-83.18491,42.43092,"{
  ""coordinates"": [
    -8.318490678700000e+01,
    4.243091515700010e+01
  ],
  ""type"": ""Point""
}","{
  ""coordinates"": [
    -83.184906787,
    42.430915157
  ],
  ""type"": ""Point""
}",-83.184906787,42.4309151570001
15927,9688150,JEFFERSON,RIVARD,2016-04-25,25,4,2016,18,2,5,9,,4,0,,1,1,1,35,3,2,4,4,0,0,0,3,false,,false,false,false,false,false,,,,,,false,false,false,,,false,false,false,false,false,-83.03438,42.33319,"{
  ""coordinates"": [
    -8.303437724600001e+01,
    4.233318907400010e+01
  ],
  ""type"": ""Point""
}","{
  ""coordinates"": [
    -83.034377246,
    42.333189074
  ],
  ""type"": ""Point""
}",-83.034377246,42.3331890740001
15928,9706399,S I 75,SPRINGWELLS,2016-04-25,25,4,2016,16,2,5,1,,1,0,,1,2,1,25,2,2,2,5,0,0,0,0,true,,false,false,false,false,false,,,,,,false,true,false,,,false,false,false,false,false,-83.11938,42.30154,"{
  ""coordinates"": [
    -8.311937659300000e+01,
    4.230154450000000e+01
  ],
  ""type"": ""Point""
}","{
  ""coordinates"": [
    -83.119376593,
    42.3015445
  ],
  ""type"": ""Point""
}",-83.119376593,42.3015445
15929,9715526,GRATIOT,FRENCH,2016-04-25,25,4,2016,23,2,8,3,,1,0,,1,2,4,35,7,2,3,5,0,0,0,0,true,,false,false,false,false,false,,,,,,false,false,true,,,false,false,false,false,false,-83.00048,42.40034,"{
  ""coordinates"": [
    -8.300047713500000e+01,
    4.240034037300010e+01
  ],
  ""type"": ""Point""
}","{
  ""coordinates"": [
    -83.000477135,
    42.400340373
  ],
  ""type"": ""Point""
}",-83.000477135,42.4003403730001
15930,9715720,BUENA VISTA,DEXTER,2016-04-25,25,4,2016,20,2,1,9,,,0,,1,98,4,25,1,1,1,5,0,0,0,0,true,,false,false,false,false,false,,,,,,false,false,false,,,false,false,false,false,false,-83.12971,42.38758,"{
  ""coordinates"": [
    -8.312971326900001e+01,
    4.238758191000010e+01
  ],
  ""type"": ""Point""
}","{
  ""coordinates"": [
    -83.129713269,
    42.38758191
  ],
  ""type"": ""Point""
}",-83.129713269,42.3875819100001
15931,9715892,PRAIRIE,CURTIS,2016-04-25,25,4,2016,23,2,5,9,,,0,,1,1,5,25,2,2,1,5,0,0,0,0,true,,false,false,false,false,false,,,,,,false,false,false,,,false,false,false,false,false,-83.1455,42.4249,"{
  ""coordinates"": [
    -8.314549802499990e+01,
    4.242490021400000e+01
  ],
  ""type"": ""Point""
}","{
  ""coordinates"": [
    -83.145498025,
    42.424900214
  ],
  ""type"": ""Point""
}",-83.1454980249999,42.424900214
15932,9696748,TELEGRAPH,GRAND RIVER,2016-04-25,25,4,2016,17,2,5,2,,1,0,,1,1,1,45,4,2,3,5,0,0,0,0,true,,true,false,false,false,false,,,,,,false,false,false,,,false,false,false,false,false,-83.27737,42.42444,"{
  ""coordinates"": [
    -8.327736569299999e+01,
    4.242444370400010e+01
  ],
  ""type"": ""Point""
}","{
  ""coordinates"": [
    -83.277365693,
    42.424443704
  ],
  ""type"": ""Point""
}",-83.277365693,42.4244437040001
15933,9715647,ROSEMARY,COPLIN,2016-04-25,25,4,2016,7,2,8,9,,,0,,1,1,1,25,2,2,0,5,0,0,0,0,true,,false,false,true,false,false,,,,,,false,false,false,,,false,false,false,false,false,-82.97739,42.41385,"{
  ""coordinates"": [
    -8.297739202400000e+01,
    4.241385234400010e+01
  ],
  ""type"": ""Point""
}","{
  ""coordinates"": [
    -82.977392024,
    42.413852344
  ],
  ""type"": ""Point""
}",-82.977392024,42.4138523440001
15934,9689422,I 94,CECIL,2016-04-25,25,4,2016,12,2,1,1,,1,0,,1,2,1,55,3,1,1,5,0,0,0,0,true,,false,false,false,false,false,,,,,,false,false,false,,,false,false,false,false,false,-83.13235,42.33453,"{
  ""coordinates"": [
    -8.313234852700000e+01,
    4.233452516300010e+01
  ],
  ""type"": ""Point""
}","{
  ""coordinates"": [
    -83.132348527,
    42.334525163
  ],
  ""type"": ""Point""
}",-83.132348527,42.3345251630001
15935,9715870,JAMES COUZENS,GREENLODGE,2016-04-25,25,4,2016,23,2,8,3,,1,0,,2,4,4,30,4,2,2,5,0,0,0,0,true,,false,false,false,false,false,,,,,,false,false,true,,,false,false,false,false,false,-83.20092,42.44309,"{
  ""coordinates"": [
    -8.320092112000000e+01,
    4.244309364000000e+01
  ],
  ""type"": ""Point""
}","{
  ""coordinates"": [
    -83.20092112,
    42.44309364
  ],
  ""type"": ""Point""
}",-83.20092112,42.44309364
15936,9704992,MACOMB,BRUSH,2016-04-25,25,4,2016,16,2,4,9,,4,0,,1,1,1,25,2,2,4,4,0,0,0,4,false,,false,false,false,false,false,,,,,,false,false,false,,,false,false,false,false,false,-83.04416,42.33512,"{
  ""coordinates"": [
    -8.304416266600001e+01,
    4.233511635500000e+01
  ],
  ""type"": ""Point""
}","{
  ""coordinates"": [
    -83.044162666,
    42.335116355
  ],
  ""type"": ""Point""
}",-83.044162666,42.335116355
15937,9764066,WYOMING,CHICAGO,2016-04-25,25,4,2016,0,2,4,9,,4,0,,1,1,4,35,6,2,6,2,0,1,4,1,false,,false,false,false,false,false,,,,,,false,false,true,,,false,false,false,false,false,-83.1582,42.36619,"{
  ""coordinates"": [
    -8.315820071600000e+01,
    4.236619241000010e+01
  ],
  ""type"": ""Point""
}","{
  ""coordinates"": [
    -83.158200716,
    42.36619241
  ],
  ""type"": ""Point""
}",-83.158200716,42.3661924100001
15938,9687883,I-75,CLARK,2016-04-25,25,4,2016,16,2,1,1,,1,1,,1,1,1,55,5,1,1,3,0,0,1,0,false,,false,false,false,false,false,,,,,,false,false,false,,,false,false,false,false,false,-83.08253,42.32131,"{
  ""coordinates"": [
    -8.308253197800001e+01,
    4.232131297900000e+01
  ],
  ""type"": ""Point""
}","{
  ""coordinates"": [
    -83.082531978,
    42.321312979
  ],
  ""type"": ""Point""
}",-83.082531978,42.321312979
15939,9695265,KINGSVILLE,TYRONE,2016-04-25,25,4,2016,14,2,4,9,,,0,,1,1,1,25,2,2,6,3,0,0,1,0,false,,false,false,false,false,false,,,,,,false,false,false,,,false,false,false,false,false,-82.92381,42.4244,"{
  ""coordinates"": [
    -8.292380355599990e+01,
    4.242440401300010e+01
  ],
  ""type"": ""Point""
}","{
  ""coordinates"": [
    -82.923803556,
    42.424404013
  ],
  ""type"": ""Point""
}",-82.9238035559999,42.4244040130001
15940,9715671,GRATIOT,STATE FAIR,2016-04-25,25,4,2016,16,2,8,3,,1,0,,1,1,1,35,7,2,6,4,0,0,0,3,false,,false,false,false,false,false,,,,,,false,false,false,,,false,false,false,false,false,-82.9728,42.4425,"{
  ""coordinates"": [
    -8.297279812100000e+01,
    4.244249940100010e+01
  ],
  ""type"": ""Point""
}","{
  ""coordinates"": [
    -82.972798121,
    42.442499401
  ],
  ""type"": ""Point""
}",-82.972798121,42.4424994010001
15941,9687882,S M 10,PALLISTER,2016-04-25,25,4,2016,10,2,8,3,,1,0,,1,1,1,55,3,3,2,5,0,0,0,0,true,,false,false,true,false,false,,,,,,false,true,false,,,false,false,false,false,false,-83.08395,42.37012,"{
  ""coordinates"": [
    -8.308395546900000e+01,
    4.237012445500010e+01
  ],
  ""type"": ""Point""
}","{
  ""coordinates"": [
    -83.083955469,
    42.370124455
  ],
  ""type"": ""Point""
}",-83.083955469,42.3701244550001
15942,9706529,GRAND RIVER,SHORT,2016-04-25,25,4,2016,18,2,5,3,,1,0,,1,1,1,40,2,2,3,5,0,0,0,0,true,,false,false,true,false,false,,,,,,false,false,false,,,false,false,false,false,false,-83.27583,42.42364,"{
  ""coordinates"": [
    -8.327582670500000e+01,
    4.242364027600010e+01
  ],
  ""type"": ""Point""
}","{
  ""coordinates"": [
    -83.275826705,
    42.423640276
  ],
  ""type"": ""Point""
}",-83.275826705,42.4236402760001
15943,9706439,CLAYTON,LIVERNOIS,2016-04-25,25,4,2016,19,2,8,9,,,0,,1,1,1,25,2,2,4,5,0,0,0,0,true,,false,false,false,false,false,,,,,,false,false,true,,,false,false,false,false,false,-83.11876,42.32891,"{
  ""coordinates"": [
    -8.311875924799990e+01,
    4.232891435000000e+01
  ],
  ""type"": ""Point""
}","{
  ""coordinates"": [
    -83.118759248,
    42.32891435
  ],
  ""type"": ""Point""
}",-83.1187592479999,42.32891435
15944,9753045,PETOSKY,MIDLAND,2016-04-25,25,4,2016,22,2,97,9,,,1,,1,1,5,25,1,3,1,5,0,0,0,0,true,,false,false,true,false,false,,,,,,true,false,false,,,false,false,false,false,false,-83.13937,42.40611,"{
  ""coordinates"": [
    -8.313937028399990e+01,
    4.240610480700010e+01
  ],
  ""type"": ""Point""
}","{
  ""coordinates"": [
    -83.139370284,
    42.406104807
  ],
  ""type"": ""Point""
}",-83.1393702839999,42.4061048070001
15945,9715520,CHENE,GRAND,2016-04-25,25,4,2016,1,2,1,1,,4,0,,1,1,4,30,2,1,2,5,0,0,0,0,true,,false,false,false,false,false,,,,,,false,false,false,,,false,false,false,false,false,-83.04655,42.37523,"{
  ""coordinates"": [
    -8.304654397600000e+01,
    4.237522328000010e+01
  ],
  ""type"": ""Point""
}","{
  ""coordinates"": [
    -83.046543976,
    42.37522328
  ],
  ""type"": ""Point""
}",-83.046543976,42.3752232800001
15946,9683828,JEFFERSON,MT ELLIOTT,2016-04-24,24,4,2016,13,1,5,9,,4,0,,1,1,1,35,4,3,3,4,0,0,0,1,false,,false,false,false,false,false,,,,,,false,true,false,,,false,false,false,false,false,-83.01004,42.34366,"{
  ""coordinates"": [
    -8.301004295400000e+01,
    4.234365814400010e+01
  ],
  ""type"": ""Point""
}","{
  ""coordinates"": [
    -83.010042954,
    42.343658144
  ],
  ""type"": ""Point""
}",-83.010042954,42.3436581440001
15947,9683148,GRATIOT,VERNOR,2016-04-24,24,4,2016,23,1,97,3,,1,0,,1,1,4,30,2,2,2,5,0,0,0,0,true,,false,false,true,false,false,,,,,,false,false,false,,,false,false,false,false,false,-83.03485,42.34857,"{
  ""coordinates"": [
    -8.303484918500000e+01,
    4.234856774600010e+01
  ],
  ""type"": ""Point""
}","{
  ""coordinates"": [
    -83.034849185,
    42.348567746
  ],
  ""type"": ""Point""
}",-83.034849185,42.3485677460001
15948,9688120,PRENTIS,CASS,2016-04-24,24,4,2016,9,1,4,9,,,0,,1,1,1,25,2,2,2,5,0,0,0,0,true,,false,false,false,false,false,,,,,,false,false,true,,,false,false,false,false,false,-83.06493,42.35299,"{
  ""coordinates"": [
    -8.306493720600000e+01,
    4.235298928700010e+01
  ],
  ""type"": ""Point""
}","{
  ""coordinates"": [
    -83.064937206,
    42.352989287
  ],
  ""type"": ""Point""
}",-83.064937206,42.3529892870001
15949,9682461,WODDWARD,CHICAGO,2016-04-24,24,4,2016,15,1,8,3,,1,0,,1,1,1,25,3,2,2,5,0,0,0,0,true,,false,false,false,false,false,,,,,,false,false,true,,,false,false,false,false,false,-83.08409,42.38633,"{
  ""coordinates"": [
    -8.308409421999990e+01,
    4.238632513000000e+01
  ],
  ""type"": ""Point""
}","{
  ""coordinates"": [
    -83.08409422,
    42.38632513
  ],
  ""type"": ""Point""
}",-83.0840942199999,42.38632513
15950,9683136,ELMER,WAGNER,2016-04-24,24,4,2016,7,1,8,9,,,0,,1,1,1,25,1,2,0,5,0,0,0,0,true,,false,false,true,false,false,,,,,,false,false,true,,,false,false,false,false,false,-83.14545,42.3356,"{
  ""coordinates"": [
    -8.314544910700000e+01,
    4.233560248200010e+01
  ],
  ""type"": ""Point""
}","{
  ""coordinates"": [
    -83.145449107,
    42.335602482
  ],
  ""type"": ""Point""
}",-83.145449107,42.3356024820001
15951,9706548,EVERGREEN,CHICAGO,2016-04-24,24,4,2016,0,1,5,9,,4,0,,1,1,4,30,2,2,1,5,0,0,0,0,true,,false,false,true,false,false,,,,,,false,false,false,,,false,false,false,false,false,-83.23602,42.36443,"{
  ""coordinates"": [
    -8.323602672000000e+01,
    4.236442808500000e+01
  ],
  ""type"": ""Point""
}","{
  ""coordinates"": [
    -83.23602672,
    42.364428085
  ],
  ""type"": ""Point""
}",-83.23602672,42.364428085
15952,9682495,STATE FAIR,HOYT,2016-04-24,24,4,2016,3,1,5,9,,4,0,,1,1,4,30,2,2,0,5,0,0,0,0,true,,false,false,true,false,false,,,,,,false,false,false,,,false,false,false,false,false,-82.98011,42.44234,"{
  ""coordinates"": [
    -8.298011312599991e+01,
    4.244234147000000e+01
  ],
  ""type"": ""Point""
}","{
  ""coordinates"": [
    -82.980113126,
    42.44234147
  ],
  ""type"": ""Point""
}",-82.9801131259999,42.44234147