ObjectId,Crash ID,Primary Road,Intersecting Road,Crash Date,Day,Month,Year,Hour,Weekday,Crash Type Code,Highway Classification Code,Community Code,Jurisdiction Code,Lane Departure Type Code,Surface Type,Road Condition,Weather Condition,Lighting Condition,Speed Limit,Lanes,Units,Occupants,Most Severe Injury,Fatal Injuries,Suspected Serious Injuries,Suspected Minor Injuries,Possible Injuries,Property Damage Only,Secondary Crash,Traffic Control,Red Light Run,Hit and Run,Alcohol,Drugs,Unbelted Person,Work Zone,Speeding Driver,Distracted Driver,Driveway,Pedestrian,Elderly Driver,Young Driver,Commercial Vehicle,Emergency Vehicles,Train,School Bus,Motorcycle,Bicycle,Deer,Longitude,Latitude,geom,geog,x,y
15953,9706459,EIGHT MILE,MURRAY HILL,2016-04-24,24,4,2016,17,1,5,3,,1,0,,1,1,1,40,3,2,2,5,0,0,0,0,true,,false,false,false,false,false,,,,,,false,false,false,,,false,false,false,false,false,-83.20898,42.44447,"{
  ""coordinates"": [
    -8.320898808299999e+01,
    4.244447050400000e+01
  ],
  ""type"": ""Point""
}","{
  ""coordinates"": [
    -83.208988083,
    42.444470504
  ],
  ""type"": ""Point""
}",-83.208988083,42.444470504
15954,9682487,7 MILE,PATTON,2016-04-24,24,4,2016,0,1,4,9,,2,0,,1,1,4,35,4,2,5,5,0,0,0,0,true,,false,false,true,false,false,,,,,,false,false,false,,,false,false,false,false,false,-83.24524,42.42942,"{
  ""coordinates"": [
    -8.324524201600001e+01,
    4.242941778500010e+01
  ],
  ""type"": ""Point""
}","{
  ""coordinates"": [
    -83.245242016,
    42.429417785
  ],
  ""type"": ""Point""
}",-83.245242016,42.4294177850001
15955,9683146,GRATIOT,VAN DYKE,2016-04-24,24,4,2016,16,1,5,3,,1,0,,1,1,1,35,3,2,2,5,0,0,0,0,true,,false,false,false,false,false,,,,,,false,false,false,,,false,false,false,false,false,-83.01476,42.3787,"{
  ""coordinates"": [
    -8.301475742199990e+01,
    4.237870435900000e+01
  ],
  ""type"": ""Point""
}","{
  ""coordinates"": [
    -83.014757422,
    42.378704359
  ],
  ""type"": ""Point""
}",-83.0147574219999,42.378704359
15956,9683811,GLENFIELD,DICKERSON,2016-04-24,24,4,2016,20,1,4,9,,,0,,1,1,1,30,4,2,3,4,0,0,0,2,false,,true,false,false,true,false,,,,,,false,false,false,,,false,false,false,false,false,-82.98103,42.41482,"{
  ""coordinates"": [
    -8.298103701399999e+01,
    4.241482175200010e+01
  ],
  ""type"": ""Point""
}","{
  ""coordinates"": [
    -82.981037014,
    42.414821752
  ],
  ""type"": ""Point""
}",-82.981037014,42.4148217520001
15957,9695611,E I 96,RAMP 213N,2016-04-24,24,4,2016,19,1,5,1,,1,0,,1,1,1,70,4,3,1,5,0,0,0,0,true,,false,false,false,false,false,,,,,,false,false,false,,,false,false,false,false,false,-83.10375,42.35325,"{
  ""coordinates"": [
    -8.310375368500000e+01,
    4.235324971400010e+01
  ],
  ""type"": ""Point""
}","{
  ""coordinates"": [
    -83.103753685,
    42.353249714
  ],
  ""type"": ""Point""
}",-83.103753685,42.3532497140001
15958,9683845,LIVERNOIS,DAVISON,2016-04-24,24,4,2016,13,1,5,3,,4,0,,1,1,1,30,6,2,2,5,0,0,0,0,true,,false,false,false,false,false,,,,,,false,false,false,,,false,false,false,false,false,-83.13959,42.38637,"{
  ""coordinates"": [
    -8.313958501600000e+01,
    4.238636670500010e+01
  ],
  ""type"": ""Point""
}","{
  ""coordinates"": [
    -83.139585016,
    42.386366705
  ],
  ""type"": ""Point""
}",-83.139585016,42.3863667050001
15959,9683844,TIREMAN,LIVERNOIS,2016-04-24,24,4,2016,13,1,4,9,,4,0,,1,1,1,30,4,2,2,5,0,0,0,0,true,,true,true,false,false,false,,,,,,false,true,false,,,false,false,false,false,false,-83.1357,42.35207,"{
  ""coordinates"": [
    -8.313569424799989e+01,
    4.235207078100010e+01
  ],
  ""type"": ""Point""
}","{
  ""coordinates"": [
    -83.135694248,
    42.352070781
  ],
  ""type"": ""Point""
}",-83.1356942479999,42.3520707810001
15960,9698266,JOY,WISCONSIN,2016-04-24,24,4,2016,13,1,6,9,,4,0,,1,1,1,0,2,2,3,4,0,0,0,1,false,,false,false,true,false,false,,,,,,false,false,false,,,false,false,false,false,false,-83.1544,42.35895,"{
  ""coordinates"": [
    -8.315440360900000e+01,
    4.235895266800000e+01
  ],
  ""type"": ""Point""
}","{
  ""coordinates"": [
    -83.154403609,
    42.358952668
  ],
  ""type"": ""Point""
}",-83.154403609,42.358952668
15961,9682479,GRAND RIVER,MCNICHOLS,2016-04-24,24,4,2016,10,1,97,3,,1,0,,1,1,1,35,3,2,1,5,0,0,0,0,true,,false,false,false,false,false,,,,,,false,false,false,,,false,false,false,false,false,-83.25332,42.41479,"{
  ""coordinates"": [
    -8.325332260000000e+01,
    4.241479645400010e+01
  ],
  ""type"": ""Point""
}","{
  ""coordinates"": [
    -83.2533226,
    42.414796454
  ],
  ""type"": ""Point""
}",-83.2533226,42.4147964540001
15962,9706389,BULWER,MARTIN,2016-04-24,24,4,2016,20,1,8,9,,,0,,1,1,4,25,2,2,0,5,0,0,0,0,true,,false,false,true,false,false,,,,,,false,false,false,,,false,false,false,false,false,-83.12479,42.32738,"{
  ""coordinates"": [
    -8.312479033200000e+01,
    4.232738032700010e+01
  ],
  ""type"": ""Point""
}","{
  ""coordinates"": [
    -83.124790332,
    42.327380327
  ],
  ""type"": ""Point""
}",-83.124790332,42.3273803270001
15963,9737797,7 MILE,LIVERNOIS,2016-04-24,24,4,2016,19,1,5,9,,2,0,,1,1,1,0,5,2,3,5,0,0,0,0,true,,false,false,false,false,false,,,,,,false,false,false,,,false,false,false,false,false,-83.14161,42.4316,"{
  ""coordinates"": [
    -8.314160753999990e+01,
    4.243160230300000e+01
  ],
  ""type"": ""Point""
}","{
  ""coordinates"": [
    -83.14160754,
    42.431602303
  ],
  ""type"": ""Point""
}",-83.1416075399999,42.431602303
15964,9687900,S M 10,CHICAGO,2016-04-24,24,4,2016,15,1,1,3,,1,1,,1,1,1,55,4,1,3,3,0,0,1,0,false,,false,false,false,false,false,,,,,,false,false,true,,,false,false,false,false,false,-83.09527,42.38242,"{
  ""coordinates"": [
    -8.309526714499999e+01,
    4.238241709700000e+01
  ],
  ""type"": ""Point""
}","{
  ""coordinates"": [
    -83.095267145,
    42.382417097
  ],
  ""type"": ""Point""
}",-83.095267145,42.382417097
15965,9687859,RAMP 216A,S I 75,2016-04-24,24,4,2016,16,1,8,1,,1,0,,1,1,1,55,1,2,2,2,0,1,0,0,false,,false,false,false,false,false,,,,,,false,false,false,,,false,false,true,false,false,-83.05489,42.36141,"{
  ""coordinates"": [
    -8.305488464299999e+01,
    4.236140707000000e+01
  ],
  ""type"": ""Point""
}","{
  ""coordinates"": [
    -83.054884643,
    42.36140707
  ],
  ""type"": ""Point""
}",-83.054884643,42.36140707
15966,9682291,W I 96,GRAND RIVER,2016-04-24,24,4,2016,18,1,8,1,,1,0,,1,1,1,70,3,2,2,5,0,0,0,0,true,,false,false,true,false,false,,,,,,false,false,false,,,false,false,false,false,false,-83.17366,42.38433,"{
  ""coordinates"": [
    -8.317366392799990e+01,
    4.238433609300010e+01
  ],
  ""type"": ""Point""
}","{
  ""coordinates"": [
    -83.173663928,
    42.384336093
  ],
  ""type"": ""Point""
}",-83.1736639279999,42.3843360930001
15967,9687899,I-94,BRUSH,2016-04-24,24,4,2016,17,1,5,1,,1,0,,1,1,1,55,3,2,2,5,0,0,0,0,true,,false,false,true,false,false,,,,,,false,false,false,,,false,false,false,false,false,-83.06615,42.36508,"{
  ""coordinates"": [
    -8.306614732400000e+01,
    4.236507618400000e+01
  ],
  ""type"": ""Point""
}","{
  ""coordinates"": [
    -83.066147324,
    42.365076184
  ],
  ""type"": ""Point""
}",-83.066147324,42.365076184
15968,9682296,I-75,CLARK,2016-04-24,24,4,2016,2,1,5,1,,1,0,,1,1,4,70,3,3,5,5,0,0,0,0,true,,false,false,false,false,false,,,,,,false,false,true,,,false,false,false,false,false,-83.08675,42.31535,"{
  ""coordinates"": [
    -8.308675216400000e+01,
    4.231534397700010e+01
  ],
  ""type"": ""Point""
}","{
  ""coordinates"": [
    -83.086752164,
    42.315343977
  ],
  ""type"": ""Point""
}",-83.086752164,42.3153439770001
15969,9683846,DAVISON,WILDEMERE,2016-04-24,24,4,2016,16,1,5,3,,1,0,,1,1,1,35,6,2,3,5,0,0,0,0,true,,false,false,false,false,false,,,,,,false,false,false,,,false,false,false,false,false,-83.12727,42.39107,"{
  ""coordinates"": [
    -8.312727433899990e+01,
    4.239106574500000e+01
  ],
  ""type"": ""Point""
}","{
  ""coordinates"": [
    -83.127274339,
    42.391065745
  ],
  ""type"": ""Point""
}",-83.1272743389999,42.391065745
15970,9706528,MARGARETA,PREVOST,2016-04-24,24,4,2016,1,1,97,9,,,0,,1,1,5,25,1,3,0,5,0,0,0,0,true,,false,false,true,false,false,,,,,,false,false,false,,,false,false,false,false,false,-83.20369,42.42672,"{
  ""coordinates"": [
    -8.320369308999990e+01,
    4.242671907300010e+01
  ],
  ""type"": ""Point""
}","{
  ""coordinates"": [
    -83.20369309,
    42.426719073
  ],
  ""type"": ""Point""
}",-83.2036930899999,42.4267190730001
15971,9688182,N I 75 SERVICE DRIVE,MACK,2016-04-24,24,4,2016,9,1,5,1,,5,0,,1,1,1,30,2,2,2,5,0,0,0,0,true,,false,false,false,false,false,,,,,,false,false,true,,,false,false,false,false,false,-83.04739,42.35137,"{
  ""coordinates"": [
    -8.304739331099999e+01,
    4.235136695900010e+01
  ],
  ""type"": ""Point""
}","{
  ""coordinates"": [
    -83.047393311,
    42.351366959
  ],
  ""type"": ""Point""
}",-83.047393311,42.3513669590001
15972,9715765,CONANT,LAWLEY,2016-04-24,24,4,2016,13,1,4,9,,4,0,,1,1,1,30,2,2,3,4,0,0,0,1,false,,false,false,false,false,false,,,,,,false,false,false,,,false,false,false,false,false,-83.05985,42.41311,"{
  ""coordinates"": [
    -8.305985121299990e+01,
    4.241311436800000e+01
  ],
  ""type"": ""Point""
}","{
  ""coordinates"": [
    -83.059851213,
    42.413114368
  ],
  ""type"": ""Point""
}",-83.0598512129999,42.413114368
15973,9682478,WARREN,GREENFIELD,2016-04-24,24,4,2016,19,1,4,9,,,0,,1,1,1,35,7,2,6,5,0,0,0,0,true,,false,false,false,false,false,,,,,,false,false,false,,,false,false,false,false,false,-83.19628,42.34366,"{
  ""coordinates"": [
    -8.319627936599990e+01,
    4.234366346800000e+01
  ],
  ""type"": ""Point""
}","{
  ""coordinates"": [
    -83.196279366,
    42.343663468
  ],
  ""type"": ""Point""
}",-83.1962793659999,42.343663468
15974,9688135,16555 WESTMORELAND,GRAND,2016-04-24,24,4,2016,8,1,5,3,,,0,,1,1,1,25,4,2,1,5,0,0,0,0,true,,false,false,true,false,false,,,,,,false,false,false,,,false,false,false,false,false,-83.23637,42.40797,"{
  ""coordinates"": [
    -8.323636937399991e+01,
    4.240797029600000e+01
  ],
  ""type"": ""Point""
}","{
  ""coordinates"": [
    -83.236369374,
    42.407970296
  ],
  ""type"": ""Point""
}",-83.2363693739999,42.407970296
15975,9693052,W I 96,W M 8,2016-04-24,24,4,2016,4,1,1,1,,1,1,,1,1,4,70,4,1,1,2,0,1,0,0,false,,false,false,false,true,false,,,,,,false,false,false,,,false,false,false,false,false,-83.15719,42.38541,"{
  ""coordinates"": [
    -8.315719105900000e+01,
    4.238541096100000e+01
  ],
  ""type"": ""Point""
}","{
  ""coordinates"": [
    -83.157191059,
    42.385410961
  ],
  ""type"": ""Point""
}",-83.157191059,42.385410961
15976,9682496,MOROSS,DUPREY,2016-04-24,24,4,2016,17,1,4,9,,2,0,,1,1,1,35,3,2,2,4,0,0,0,1,false,,false,false,false,false,false,,,,,,false,false,false,,,false,false,false,false,false,-82.9332,42.42663,"{
  ""coordinates"": [
    -8.293320212499999e+01,
    4.242662802900000e+01
  ],
  ""type"": ""Point""
}","{
  ""coordinates"": [
    -82.933202125,
    42.426628029
  ],
  ""type"": ""Point""
}",-82.933202125,42.426628029
15977,9682292,RAMP 213I,W I 94,2016-04-24,24,4,2016,22,1,1,1,,1,1,,1,1,5,55,1,1,1,4,0,0,0,1,false,,false,false,false,false,false,,,,,,false,false,true,,,false,false,false,false,false,-83.09873,42.35038,"{
  ""coordinates"": [
    -8.309873030900000e+01,
    4.235038468100000e+01
  ],
  ""type"": ""Point""
}","{
  ""coordinates"": [
    -83.098730309,
    42.350384681
  ],
  ""type"": ""Point""
}",-83.098730309,42.350384681
15978,9711250,MEYERS,MCNICHOLS,2016-04-24,24,4,2016,23,1,4,9,,4,0,,1,1,4,35,4,2,2,4,0,0,0,2,false,,true,true,false,false,false,,,,,,false,true,false,,,false,false,false,false,false,-83.17012,42.41668,"{
  ""coordinates"": [
    -8.317012190400000e+01,
    4.241668381600000e+01
  ],
  ""type"": ""Point""
}","{
  ""coordinates"": [
    -83.170121904,
    42.416683816
  ],
  ""type"": ""Point""
}",-83.170121904,42.416683816
15979,9682494,WILFRED,ROSEBERRY,2016-04-24,24,4,2016,20,1,8,9,,,0,,1,1,5,25,2,2,2,5,0,0,0,0,true,,false,false,true,false,false,,,,,,false,false,false,,,false,false,false,false,false,-82.98946,42.41277,"{
  ""coordinates"": [
    -8.298945300699999e+01,
    4.241276556400000e+01
  ],
  ""type"": ""Point""
}","{
  ""coordinates"": [
    -82.989453007,
    42.412765564
  ],
  ""type"": ""Point""
}",-82.989453007,42.412765564
15980,9683051,I-96,SHAFFER,2016-04-24,24,4,2016,17,1,1,1,,1,1,,1,1,1,70,4,1,1,5,0,0,0,0,true,,false,false,false,false,false,,,,,,false,false,true,,,false,false,false,false,false,-83.18304,42.38227,"{
  ""coordinates"": [
    -8.318304396600000e+01,
    4.238227260500000e+01
  ],
  ""type"": ""Point""
}","{
  ""coordinates"": [
    -83.183043966,
    42.382272605
  ],
  ""type"": ""Point""
}",-83.183043966,42.382272605
15981,9682293,RAMP 213M,RAMP 213K,2016-04-24,24,4,2016,23,1,5,1,,1,0,,1,1,5,55,1,2,2,5,0,0,0,0,true,,false,false,false,false,false,,,,,,false,false,true,,,false,false,true,false,false,-83.10021,42.35018,"{
  ""coordinates"": [
    -8.310020838500000e+01,
    4.235017976100000e+01
  ],
  ""type"": ""Point""
}","{
  ""coordinates"": [
    -83.100208385,
    42.350179761
  ],
  ""type"": ""Point""
}",-83.100208385,42.350179761
15982,9715598,GUNSTON,NASHVILLE,2016-04-24,24,4,2016,23,1,97,3,,1,0,,1,1,5,30,2,3,3,5,0,0,0,0,true,,true,false,true,false,false,,,,,,false,false,true,,,false,false,false,false,false,-83.00106,42.41699,"{
  ""coordinates"": [
    -8.300105720600000e+01,
    4.241699014200000e+01
  ],
  ""type"": ""Point""
}","{
  ""coordinates"": [
    -83.001057206,
    42.416990142
  ],
  ""type"": ""Point""
}",-83.001057206,42.416990142
15983,9682450,CHARLES,CONANT,2016-04-24,24,4,2016,13,1,5,9,,4,0,,1,1,1,25,2,2,3,5,0,0,0,0,true,,false,false,true,false,false,,,,,,false,false,false,,,false,false,false,false,false,-83.05877,42.41151,"{
  ""coordinates"": [
    -8.305877050700001e+01,
    4.241150590200000e+01
  ],
  ""type"": ""Point""
}","{
  ""coordinates"": [
    -83.058770507,
    42.411505902
  ],
  ""type"": ""Point""
}",-83.058770507,42.411505902
15984,9688108,ST LAWERENCE,MCGRAW,2016-04-24,24,4,2016,19,1,5,9,,,0,,1,1,1,25,2,2,1,5,0,0,0,0,true,,false,false,false,false,false,,,,,,false,false,true,,,false,false,false,false,false,-83.14484,42.33322,"{
  ""coordinates"": [
    -8.314483533799999e+01,
    4.233322133500010e+01
  ],
  ""type"": ""Point""
}","{
  ""coordinates"": [
    -83.144835338,
    42.333221335
  ],
  ""type"": ""Point""
}",-83.144835338,42.3332213350001
15985,9682268,I-75,CLARK,2016-04-24,24,4,2016,2,1,1,1,,1,1,,1,1,4,70,3,1,5,2,0,2,0,1,false,,false,false,false,false,false,,,,,,false,false,true,,,false,false,false,false,false,-83.08675,42.31535,"{
  ""coordinates"": [
    -8.308675216400000e+01,
    4.231534397700010e+01
  ],
  ""type"": ""Point""
}","{
  ""coordinates"": [
    -83.086752164,
    42.315343977
  ],
  ""type"": ""Point""
}",-83.086752164,42.3153439770001
15986,9684637,ROWE,SAUER,2016-04-24,24,4,2016,17,1,1,9,,,0,,1,1,1,25,2,2,1,2,0,1,0,0,false,,false,false,false,false,false,,,,,,true,false,true,,,false,false,false,false,false,-83.00291,42.42266,"{
  ""coordinates"": [
    -8.300290486400000e+01,
    4.242265558200010e+01
  ],
  ""type"": ""Point""
}","{
  ""coordinates"": [
    -83.002904864,
    42.422655582
  ],
  ""type"": ""Point""
}",-83.002904864,42.4226555820001
15987,9684553,SOUTHFIELD SERVICE DRIVE,TROJAN,2016-04-24,24,4,2016,0,1,1,9,,5,1,,1,1,4,55,3,1,3,4,0,0,0,2,false,,false,false,false,false,false,,,,,,false,false,true,,,false,false,false,false,false,-83.22005,42.44088,"{
  ""coordinates"": [
    -8.322005608800001e+01,
    4.244087463800000e+01
  ],
  ""type"": ""Point""
}","{
  ""coordinates"": [
    -83.220056088,
    42.440874638
  ],
  ""type"": ""Point""
}",-83.220056088,42.440874638
15988,9715686,CALVERT,LINWOOD,2016-04-24,24,4,2016,8,1,2,9,,4,2,,1,1,1,25,2,3,1,5,0,0,0,0,true,,false,false,false,false,false,,,,,,false,false,true,,,false,false,false,false,false,-83.11255,42.3797,"{
  ""coordinates"": [
    -8.311254552900000e+01,
    4.237969896400010e+01
  ],
  ""type"": ""Point""
}","{
  ""coordinates"": [
    -83.112545529,
    42.379698964
  ],
  ""type"": ""Point""
}",-83.112545529,42.3796989640001
15989,9682449,CONANT,LAWLEY,2016-04-24,24,4,2016,13,1,4,9,,4,0,,1,1,1,30,2,2,3,4,0,0,0,1,false,,false,false,false,false,false,,,,,,false,false,false,,,false,false,false,false,false,-83.0599,42.41318,"{
  ""coordinates"": [
    -8.305989479100000e+01,
    4.241317922500010e+01
  ],
  ""type"": ""Point""
}","{
  ""coordinates"": [
    -83.059894791,
    42.413179225
  ],
  ""type"": ""Point""
}",-83.059894791,42.4131792250001
15990,9706457,OUTER,CORNWALL,2016-04-24,24,4,2016,18,1,8,9,,2,0,,1,1,1,30,4,2,2,5,0,0,0,0,true,,false,false,false,false,false,,,,,,false,false,true,,,false,false,false,false,false,-82.93517,42.4018,"{
  ""coordinates"": [
    -8.293516423200001e+01,
    4.240179818800000e+01
  ],
  ""type"": ""Point""
}","{
  ""coordinates"": [
    -82.935164232,
    42.401798188
  ],
  ""type"": ""Point""
}",-82.935164232,42.401798188
15991,9706567,STOUT,EATON,2016-04-24,24,4,2016,1,1,2,9,,,0,,1,1,4,25,2,2,0,5,0,0,0,0,true,,false,false,false,false,false,,,,,,false,false,false,,,false,false,false,false,false,-83.2414,42.39577,"{
  ""coordinates"": [
    -8.324139832400000e+01,
    4.239577136400000e+01
  ],
  ""type"": ""Point""
}","{
  ""coordinates"": [
    -83.241398324,
    42.395771364
  ],
  ""type"": ""Point""
}",-83.241398324,42.395771364
15992,9706398,FISHER,CLARK,2016-04-24,24,4,2016,2,1,8,1,,1,0,,1,1,2,55,3,2,3,5,0,0,0,0,true,,false,false,false,false,false,,,,,,false,false,true,,,false,false,false,false,false,-83.0907,42.31356,"{
  ""coordinates"": [
    -8.309069725800001e+01,
    4.231356208400010e+01
  ],
  ""type"": ""Point""
}","{
  ""coordinates"": [
    -83.090697258,
    42.313562084
  ],
  ""type"": ""Point""
}",-83.090697258,42.3135620840001
15993,9706320,GRAND RIVER,E I 96 SERVICE DRIVE,2016-04-24,24,4,2016,16,1,8,3,,1,0,,1,1,1,30,2,2,2,5,0,0,0,0,true,,false,false,false,false,false,,,,,,false,false,false,,,false,false,false,false,false,-83.17508,42.38329,"{
  ""coordinates"": [
    -8.317508165399990e+01,
    4.238328368100010e+01
  ],
  ""type"": ""Point""
}","{
  ""coordinates"": [
    -83.175081654,
    42.383283681
  ],
  ""type"": ""Point""
}",-83.1750816539999,42.3832836810001
15994,9682516,JOHN R,FARNSWORTH,2016-04-24,24,4,2016,13,1,8,9,,4,0,,1,1,1,30,2,2,3,5,0,0,0,0,true,,false,false,false,false,false,,,,,,false,true,true,,,false,false,false,false,false,-83.06314,42.3592,"{
  ""coordinates"": [
    -8.306313802299999e+01,
    4.235920087500010e+01
  ],
  ""type"": ""Point""
}","{
  ""coordinates"": [
    -83.063138023,
    42.359200875
  ],
  ""type"": ""Point""
}",-83.063138023,42.3592008750001
15995,9683126,VAN DYKE,OUTER,2016-04-24,24,4,2016,18,1,4,3,,1,0,,1,1,1,35,4,2,3,4,0,0,0,1,false,,true,true,false,false,false,,,,,,false,false,true,,,false,false,false,false,false,-83.02448,42.44113,"{
  ""coordinates"": [
    -8.302448363300000e+01,
    4.244113173300010e+01
  ],
  ""type"": ""Point""
}","{
  ""coordinates"": [
    -83.024483633,
    42.441131733
  ],
  ""type"": ""Point""
}",-83.024483633,42.4411317330001
15996,9715616,LYNNHURST,GRATIOT,2016-04-24,24,4,2016,18,1,8,3,,,0,,1,1,1,25,1,2,1,5,0,0,0,0,true,,false,false,false,false,false,,,,,,false,false,false,,,false,false,false,false,false,-82.97988,42.43132,"{
  ""coordinates"": [
    -8.297988367799999e+01,
    4.243132430100010e+01
  ],
  ""type"": ""Point""
}","{
  ""coordinates"": [
    -82.979883678,
    42.431324301
  ],
  ""type"": ""Point""
}",-82.979883678,42.4313243010001
15997,9715804,SCHAEFER,CURTIS,2016-04-24,24,4,2016,2,1,8,9,,4,0,,1,1,4,35,2,2,2,5,0,0,0,0,true,,false,false,true,false,false,,,,,,false,false,true,,,false,false,false,false,false,-83.18014,42.42383,"{
  ""coordinates"": [
    -8.318013842999990e+01,
    4.242382865600010e+01
  ],
  ""type"": ""Point""
}","{
  ""coordinates"": [
    -83.18013843,
    42.423828656
  ],
  ""type"": ""Point""
}",-83.1801384299999,42.4238286560001
15998,9683142,PROCTOR,MCGRAW,2016-04-24,24,4,2016,0,1,4,9,,,0,,1,1,3,25,2,2,2,5,0,0,0,0,true,,false,false,true,false,false,,,,,,false,false,false,,,false,false,false,false,false,-83.13921,42.33614,"{
  ""coordinates"": [
    -8.313920987200000e+01,
    4.233614118400000e+01
  ],
  ""type"": ""Point""
}","{
  ""coordinates"": [
    -83.139209872,
    42.336141184
  ],
  ""type"": ""Point""
}",-83.139209872,42.336141184
15999,9687847,M 10,FOREST,2016-04-24,24,4,2016,17,1,1,3,,1,1,,1,1,1,55,3,1,1,4,0,0,0,1,false,,false,false,false,true,false,,,,,,false,false,false,,,false,false,false,false,false,-83.07164,42.35085,"{
  ""coordinates"": [
    -8.307164105299999e+01,
    4.235085346100000e+01
  ],
  ""type"": ""Point""
}","{
  ""coordinates"": [
    -83.071641053,
    42.350853461
  ],
  ""type"": ""Point""
}",-83.071641053,42.350853461
16000,9690667,WOODWARD,CHICAGO,2016-04-24,24,4,2016,15,1,8,3,,1,0,,1,1,1,30,3,2,2,5,0,0,0,0,true,,false,false,false,false,false,,,,,,false,false,true,,,false,false,false,false,false,-83.08408,42.38631,"{
  ""coordinates"": [
    -8.308408545100001e+01,
    4.238631211700000e+01
  ],
  ""type"": ""Point""
}","{
  ""coordinates"": [
    -83.084085451,
    42.386312117
  ],
  ""type"": ""Point""
}",-83.084085451,42.386312117
16001,9715833,8 MILE,MURRAY,2016-04-24,24,4,2016,16,1,5,3,,1,0,,1,1,1,45,8,2,3,5,0,0,0,0,true,,false,false,false,false,false,,,,,,false,false,false,,,false,false,false,false,false,-83.20881,42.44443,"{
  ""coordinates"": [
    -8.320881201600000e+01,
    4.244442876700000e+01
  ],
  ""type"": ""Point""
}","{
  ""coordinates"": [
    -83.208812016,
    42.444428767
  ],
  ""type"": ""Point""
}",-83.208812016,42.444428767
16002,9682451,CHARLES,SPARLING,2016-04-24,24,4,2016,2,1,97,9,,4,0,,1,1,4,25,2,2,1,4,0,0,0,1,false,,false,false,true,false,false,,,,,,false,false,false,,,false,false,false,true,false,-83.04558,42.41182,"{
  ""coordinates"": [
    -8.304557997700000e+01,
    4.241182054000010e+01
  ],
  ""type"": ""Point""
}","{
  ""coordinates"": [
    -83.045579977,
    42.41182054
  ],
  ""type"": ""Point""
}",-83.045579977,42.4118205400001
16003,9683130,DIVISION,RIOPELLE,2016-04-23,23,4,2016,14,7,8,9,,,0,,1,1,1,0,2,2,0,5,0,0,0,0,true,,false,false,true,false,false,,,,,,false,false,false,,,false,false,false,false,false,-83.03957,42.34782,"{
  ""coordinates"": [
    -8.303956259800000e+01,
    4.234781530300010e+01
  ],
  ""type"": ""Point""
}","{
  ""coordinates"": [
    -83.039562598,
    42.347815303
  ],
  ""type"": ""Point""
}",-83.039562598,42.3478153030001
16004,9682447,ROUGE PARK,PLYMOUTH,2016-04-23,23,4,2016,20,7,5,9,,2,0,,1,1,1,25,4,2,7,5,0,0,0,0,true,,false,false,false,false,false,,,,,,false,false,true,,,false,false,false,false,false,-83.25917,42.37163,"{
  ""coordinates"": [
    -8.325917365799999e+01,
    4.237163082800000e+01
  ],
  ""type"": ""Point""
}","{
  ""coordinates"": [
    -83.259173658,
    42.371630828
  ],
  ""type"": ""Point""
}",-83.259173658,42.371630828
16005,9682272,I-94,CADIEUX,2016-04-23,23,4,2016,19,7,1,1,,1,1,,1,1,1,55,3,1,3,4,0,0,0,1,false,,false,false,false,false,false,,,,,,false,false,true,,,false,false,false,false,false,-82.93716,42.41772,"{
  ""coordinates"": [
    -8.293715496300000e+01,
    4.241772398400010e+01
  ],
  ""type"": ""Point""
}","{
  ""coordinates"": [
    -82.937154963,
    42.417723984
  ],
  ""type"": ""Point""
}",-82.937154963,42.4177239840001
16006,9683843,WAVERLY,PETOSKEY,2016-04-23,23,4,2016,14,7,4,9,,,0,,1,1,1,25,2,2,5,5,0,0,0,0,true,,false,false,false,false,false,,,,,,false,false,true,,,false,false,false,false,false,-83.13493,42.38741,"{
  ""coordinates"": [
    -8.313493579999989e+01,
    4.238741384400000e+01
  ],
  ""type"": ""Point""
}","{
  ""coordinates"": [
    -83.1349358,
    42.387413844
  ],
  ""type"": ""Point""
}",-83.1349357999999,42.387413844
16007,9682474,LIVERNOIS,JOHN KRONK,2016-04-23,23,4,2016,14,7,5,9,,4,0,,1,1,1,30,7,2,6,5,0,0,0,0,true,,false,false,true,false,false,,,,,,false,false,false,,,false,false,false,false,false,-83.11539,42.32431,"{
  ""coordinates"": [
    -8.311538924000000e+01,
    4.232431211800010e+01
  ],
  ""type"": ""Point""
}","{
  ""coordinates"": [
    -83.11538924,
    42.324312118
  ],
  ""type"": ""Point""
}",-83.11538924,42.3243121180001
16008,9715891,OUTER,N M 10,2016-04-23,23,4,2016,14,7,4,9,,2,0,,1,1,1,35,2,2,2,5,0,0,0,0,true,,true,true,false,false,false,,,,,,false,false,false,,,false,false,false,false,false,-83.17629,42.42105,"{
  ""coordinates"": [
    -8.317629164800000e+01,
    4.242104794500010e+01
  ],
  ""type"": ""Point""
}","{
  ""coordinates"": [
    -83.176291648,
    42.421047945
  ],
  ""type"": ""Point""
}",-83.176291648,42.4210479450001
16009,9681359,24TH,WARRAN,2016-04-23,23,4,2016,1,7,1,9,,4,1,,1,2,5,25,2,1,1,5,0,0,0,0,true,,false,false,false,false,false,,,,,,false,false,false,,,false,false,false,false,false,-83.10048,42.3446,"{
  ""coordinates"": [
    -8.310048086800001e+01,
    4.234460611100010e+01
  ],
  ""type"": ""Point""
}","{
  ""coordinates"": [
    -83.100480868,
    42.344606111
  ],
  ""type"": ""Point""
}",-83.100480868,42.3446061110001