ObjectId,Crash ID,Primary Road,Intersecting Road,Crash Date,Day,Month,Year,Hour,Weekday,Crash Type Code,Highway Classification Code,Community Code,Jurisdiction Code,Lane Departure Type Code,Surface Type,Road Condition,Weather Condition,Lighting Condition,Speed Limit,Lanes,Units,Occupants,Most Severe Injury,Fatal Injuries,Suspected Serious Injuries,Suspected Minor Injuries,Possible Injuries,Property Damage Only,Secondary Crash,Traffic Control,Red Light Run,Hit and Run,Alcohol,Drugs,Unbelted Person,Work Zone,Speeding Driver,Distracted Driver,Driveway,Pedestrian,Elderly Driver,Young Driver,Commercial Vehicle,Emergency Vehicles,Train,School Bus,Motorcycle,Bicycle,Deer,Longitude,Latitude,geom,geog,x,y
16010,9683832,OUTER,SOUTHFIELD SERVICE DRIVE,2016-04-23,23,4,2016,22,7,4,9,,2,0,,1,1,4,35,4,2,4,5,0,0,0,0,true,,false,false,false,false,false,,,,,,false,false,true,,,false,false,false,false,false,-83.21873,42.41908,"{
  ""coordinates"": [
    -8.321872840100001e+01,
    4.241907363200000e+01
  ],
  ""type"": ""Point""
}","{
  ""coordinates"": [
    -83.218728401,
    42.419073632
  ],
  ""type"": ""Point""
}",-83.218728401,42.419073632
16011,9682455,BRYDEN,JOY,2016-04-23,23,4,2016,0,7,1,9,,,0,,1,1,4,25,2,1,1,4,0,0,0,1,false,,false,false,false,true,false,,,,,,false,false,false,,,false,false,false,false,false,-83.14541,42.3592,"{
  ""coordinates"": [
    -8.314540726800000e+01,
    4.235919403100010e+01
  ],
  ""type"": ""Point""
}","{
  ""coordinates"": [
    -83.145407268,
    42.359194031
  ],
  ""type"": ""Point""
}",-83.145407268,42.3591940310001
16012,9682498,MOUND,8 MILE,2016-04-23,23,4,2016,2,7,5,3,,2,0,,1,1,4,35,3,2,1,5,0,0,0,0,true,,false,false,true,false,false,,,,,,false,false,false,,,false,false,false,false,false,-83.04395,42.44777,"{
  ""coordinates"": [
    -8.304394695100000e+01,
    4.244777023600010e+01
  ],
  ""type"": ""Point""
}","{
  ""coordinates"": [
    -83.043946951,
    42.447770236
  ],
  ""type"": ""Point""
}",-83.043946951,42.4477702360001
16013,9706400,WESSON,MICHIGAN,2016-04-23,23,4,2016,5,7,5,9,,,0,,1,1,4,25,1,2,0,5,0,0,0,0,true,,false,false,true,false,false,,,,,,false,false,false,,,false,false,false,false,false,-83.11472,42.32992,"{
  ""coordinates"": [
    -8.311472021700000e+01,
    4.232991851700010e+01
  ],
  ""type"": ""Point""
}","{
  ""coordinates"": [
    -83.114720217,
    42.329918517
  ],
  ""type"": ""Point""
}",-83.114720217,42.3299185170001
16014,9682475,FRANKFORT,DICKERSON,2016-04-23,23,4,2016,19,7,8,9,,,0,,1,1,1,25,2,2,1,5,0,0,0,0,true,,false,false,true,false,false,,,,,,false,false,false,,,false,false,false,false,false,-82.96843,42.39392,"{
  ""coordinates"": [
    -8.296842906300000e+01,
    4.239392568900010e+01
  ],
  ""type"": ""Point""
}","{
  ""coordinates"": [
    -82.968429063,
    42.393925689
  ],
  ""type"": ""Point""
}",-82.968429063,42.3939256890001
16015,9706344,SCHAEFER,FENKELL,2016-04-23,23,4,2016,10,7,7,9,,4,0,,1,1,1,30,2,2,2,5,0,0,0,0,true,,false,false,false,false,false,,,,,,false,false,false,,,false,false,false,false,false,-83.17911,42.4018,"{
  ""coordinates"": [
    -8.317910889699991e+01,
    4.240180296000010e+01
  ],
  ""type"": ""Point""
}","{
  ""coordinates"": [
    -83.179108897,
    42.40180296
  ],
  ""type"": ""Point""
}",-83.1791088969999,42.4018029600001
16016,9715543,JEFFERSON,FIELD,2016-04-23,23,4,2016,12,7,8,9,,4,0,,1,1,1,0,3,2,2,5,0,0,0,0,true,,false,false,false,false,false,,,,,,false,false,false,,,false,false,false,false,false,-83.00038,42.34789,"{
  ""coordinates"": [
    -8.300037989099999e+01,
    4.234788407800000e+01
  ],
  ""type"": ""Point""
}","{
  ""coordinates"": [
    -83.000379891,
    42.347884078
  ],
  ""type"": ""Point""
}",-83.000379891,42.347884078
16017,9684630,CAPITOL,MARK TWAIN,2016-04-23,23,4,2016,22,7,4,9,,,0,,1,1,4,15,2,2,2,5,0,0,0,0,true,,false,false,true,false,false,,,,,,false,true,false,,,false,false,false,false,false,-83.18574,42.37723,"{
  ""coordinates"": [
    -8.318573821599990e+01,
    4.237722743800000e+01
  ],
  ""type"": ""Point""
}","{
  ""coordinates"": [
    -83.185738216,
    42.377227438
  ],
  ""type"": ""Point""
}",-83.1857382159999,42.377227438
16018,9684574,S/B I-75,I-94,2016-04-23,23,4,2016,16,7,5,1,,1,0,,1,1,1,55,4,2,2,5,0,0,0,0,true,,false,false,true,false,false,,,,,,false,false,false,,,false,false,false,false,false,-83.05952,42.37185,"{
  ""coordinates"": [
    -8.305951947999991e+01,
    4.237184793200000e+01
  ],
  ""type"": ""Point""
}","{
  ""coordinates"": [
    -83.05951948,
    42.371847932
  ],
  ""type"": ""Point""
}",-83.0595194799999,42.371847932
16019,9691713,GRATIOT,FRENCH,2016-04-23,23,4,2016,21,7,4,3,,1,0,,1,1,3,35,3,3,9,5,0,0,0,0,true,,false,false,true,false,false,,,,,,false,false,false,,,false,false,false,false,false,-83.00042,42.40043,"{
  ""coordinates"": [
    -8.300041745199999e+01,
    4.240043172400000e+01
  ],
  ""type"": ""Point""
}","{
  ""coordinates"": [
    -83.000417452,
    42.400431724
  ],
  ""type"": ""Point""
}",-83.000417452,42.400431724
16020,9682295,W/B I 94,M-10,2016-04-23,23,4,2016,18,7,5,1,,1,0,,1,1,1,55,3,3,1,5,0,0,0,0,true,,false,false,true,false,false,,,,,,false,false,false,,,false,false,false,false,false,-83.07571,42.35984,"{
  ""coordinates"": [
    -8.307571424199990e+01,
    4.235984388500000e+01
  ],
  ""type"": ""Point""
}","{
  ""coordinates"": [
    -83.075714242,
    42.359843885
  ],
  ""type"": ""Point""
}",-83.0757142419999,42.359843885
16021,9681353,E I 94 SERVICE DRIVE,BEAUBIEN,2016-04-23,23,4,2016,0,7,4,9,,4,0,,1,1,4,25,6,2,2,4,0,0,0,2,false,,true,true,false,false,false,,,,,,false,true,false,,,false,false,false,false,false,-83.0631,42.36589,"{
  ""coordinates"": [
    -8.306310203899990e+01,
    4.236589037400010e+01
  ],
  ""type"": ""Point""
}","{
  ""coordinates"": [
    -83.063102039,
    42.365890374
  ],
  ""type"": ""Point""
}",-83.0631020389999,42.3658903740001
16022,9712176,SEWARD,N M 10 SERVICE DRIVE,2016-04-23,23,4,2016,14,7,1,9,,,0,,1,1,1,0,3,2,2,5,0,0,0,0,true,,false,false,true,false,false,,,,,,false,false,false,,,false,false,false,true,false,-83.0847,42.37212,"{
  ""coordinates"": [
    -8.308470524800001e+01,
    4.237212001100000e+01
  ],
  ""type"": ""Point""
}","{
  ""coordinates"": [
    -83.084705248,
    42.372120011
  ],
  ""type"": ""Point""
}",-83.084705248,42.372120011
16023,9706564,7529 WOODMONT,DIVERSEY,2016-04-23,23,4,2016,19,7,1,9,,,0,,1,1,1,0,1,2,1,5,0,0,0,0,true,,false,false,false,false,false,,,,,,true,false,false,,,false,false,false,false,false,-83.20708,42.34794,"{
  ""coordinates"": [
    -8.320707560900000e+01,
    4.234794161400000e+01
  ],
  ""type"": ""Point""
}","{
  ""coordinates"": [
    -83.207075609,
    42.347941614
  ],
  ""type"": ""Point""
}",-83.207075609,42.347941614
16024,9706530,MCNICHOLS,ARDMORE,2016-04-23,23,4,2016,1,7,10,9,,2,0,,1,1,5,30,7,2,4,5,0,0,0,0,true,,false,false,true,false,false,,,,,,false,false,false,,,false,false,false,false,false,-83.18493,42.41653,"{
  ""coordinates"": [
    -8.318493144199989e+01,
    4.241652650500000e+01
  ],
  ""type"": ""Point""
}","{
  ""coordinates"": [
    -83.184931442,
    42.416526505
  ],
  ""type"": ""Point""
}",-83.1849314419999,42.416526505
16025,9682497,7 MILE,FAIRPORT,2016-04-23,23,4,2016,19,7,4,9,,4,0,,1,1,1,30,2,2,4,4,0,0,0,4,false,,false,false,false,false,false,,,,,,false,false,true,,,false,false,false,false,false,-82.99123,42.43478,"{
  ""coordinates"": [
    -8.299123294400000e+01,
    4.243478062400000e+01
  ],
  ""type"": ""Point""
}","{
  ""coordinates"": [
    -82.991232944,
    42.434780624
  ],
  ""type"": ""Point""
}",-82.991232944,42.434780624
16026,9704991,BEAUBIEN,I 94 SERVICE,2016-04-23,23,4,2016,13,7,8,9,,4,0,,1,1,1,35,2,2,2,5,0,0,0,0,true,,false,false,true,false,false,,,,,,false,false,false,,,false,false,false,false,false,-83.06322,42.36607,"{
  ""coordinates"": [
    -8.306322278300000e+01,
    4.236606972300010e+01
  ],
  ""type"": ""Point""
}","{
  ""coordinates"": [
    -83.063222783,
    42.366069723
  ],
  ""type"": ""Point""
}",-83.063222783,42.3660697230001
16027,9682453,GRAND RIVER,14TH,2016-04-23,23,4,2016,16,7,5,3,,1,0,,1,1,1,30,3,2,3,5,0,0,0,0,true,,false,false,false,false,false,,,,,,false,false,false,,,false,false,false,false,false,-83.08546,42.34714,"{
  ""coordinates"": [
    -8.308545435600000e+01,
    4.234714199800000e+01
  ],
  ""type"": ""Point""
}","{
  ""coordinates"": [
    -83.085454356,
    42.347141998
  ],
  ""type"": ""Point""
}",-83.085454356,42.347141998
16028,9715658,GRATIOT,GUNSTON,2016-04-23,23,4,2016,16,7,1,3,,1,0,,1,1,1,0,4,2,1,4,0,0,0,1,false,,false,false,true,false,false,,,,,,false,false,false,,,false,false,false,true,false,-82.99509,42.40857,"{
  ""coordinates"": [
    -8.299508938600000e+01,
    4.240857474500010e+01
  ],
  ""type"": ""Point""
}","{
  ""coordinates"": [
    -82.995089386,
    42.408574745
  ],
  ""type"": ""Point""
}",-82.995089386,42.4085747450001
16029,9687881,W I 96,HUBBELL,2016-04-23,23,4,2016,11,7,5,1,,1,3,,1,1,1,55,3,2,1,2,0,1,0,1,false,,false,false,false,false,false,,,,,,false,false,false,,,false,false,false,false,false,-83.18787,42.38075,"{
  ""coordinates"": [
    -8.318787385500001e+01,
    4.238075042200010e+01
  ],
  ""type"": ""Point""
}","{
  ""coordinates"": [
    -83.187873855,
    42.380750422
  ],
  ""type"": ""Point""
}",-83.187873855,42.3807504220001
16030,9682263,I-94,BRUSH,2016-04-23,23,4,2016,21,7,5,1,,1,0,,1,1,5,55,3,2,4,4,0,0,0,1,false,,false,false,false,false,false,,,,,,false,false,true,,,false,false,false,false,false,-83.06279,42.36643,"{
  ""coordinates"": [
    -8.306279370700000e+01,
    4.236643322800010e+01
  ],
  ""type"": ""Point""
}","{
  ""coordinates"": [
    -83.062793707,
    42.366433228
  ],
  ""type"": ""Point""
}",-83.062793707,42.3664332280001
16031,9682460,NORTHFIELD,SPOKANE,2016-04-23,23,4,2016,7,7,8,9,,,0,,1,1,1,0,1,2,1,5,0,0,0,0,true,,false,false,true,false,false,,,,,,false,true,false,,,false,false,false,false,false,-83.12938,42.35714,"{
  ""coordinates"": [
    -8.312937776900000e+01,
    4.235714015000010e+01
  ],
  ""type"": ""Point""
}","{
  ""coordinates"": [
    -83.129377769,
    42.35714015
  ],
  ""type"": ""Point""
}",-83.129377769,42.3571401500001
16032,9689500,7 MILE,PLAINEVIEW,2016-04-23,23,4,2016,21,7,5,9,,2,0,,2,4,4,35,5,2,2,5,0,0,0,0,true,,false,false,true,false,false,,,,,,false,false,false,,,false,false,false,false,false,-83.23758,42.4296,"{
  ""coordinates"": [
    -8.323758176500000e+01,
    4.242960474500010e+01
  ],
  ""type"": ""Point""
}","{
  ""coordinates"": [
    -83.237581765,
    42.429604745
  ],
  ""type"": ""Point""
}",-83.237581765,42.4296047450001
16033,9706456,MACK,UNIVERSITY,2016-04-23,23,4,2016,14,7,5,9,,2,0,,1,1,1,35,3,2,3,5,0,0,0,0,true,,false,false,false,false,false,,,,,,false,false,true,,,false,false,false,false,false,-82.91776,42.40174,"{
  ""coordinates"": [
    -8.291776618900001e+01,
    4.240173746000000e+01
  ],
  ""type"": ""Point""
}","{
  ""coordinates"": [
    -82.917766189,
    42.40173746
  ],
  ""type"": ""Point""
}",-82.917766189,42.40173746
16034,9694057,JEFFERSON,MT ELLIOTT,2016-04-23,23,4,2016,19,7,4,9,,4,0,,1,1,1,35,7,2,3,5,0,0,0,0,true,,false,false,false,false,false,,,,,,false,false,false,,,false,false,false,false,false,-83.01004,42.34366,"{
  ""coordinates"": [
    -8.301004295400000e+01,
    4.234365814400010e+01
  ],
  ""type"": ""Point""
}","{
  ""coordinates"": [
    -83.010042954,
    42.343658144
  ],
  ""type"": ""Point""
}",-83.010042954,42.3436581440001
16035,9682488,OUTER,SOUTHFIELD SERVICE,2016-04-23,23,4,2016,12,7,4,9,,2,0,,1,1,1,35,3,2,3,5,0,0,0,0,true,,false,false,false,false,false,,,,,,false,false,false,,,false,false,false,false,false,-83.2179,42.41909,"{
  ""coordinates"": [
    -8.321790332200000e+01,
    4.241909043200010e+01
  ],
  ""type"": ""Point""
}","{
  ""coordinates"": [
    -83.217903322,
    42.419090432
  ],
  ""type"": ""Point""
}",-83.217903322,42.4190904320001
16036,9693113,N M 10 SERVICE DRIVE,GRAND,2016-04-23,23,4,2016,18,7,97,9,,4,0,,1,1,4,30,3,1,1,5,0,0,0,0,true,,false,false,false,false,false,,,,,,false,false,false,,,false,false,false,false,false,-83.08135,42.3671,"{
  ""coordinates"": [
    -8.308135376800000e+01,
    4.236709407500010e+01
  ],
  ""type"": ""Point""
}","{
  ""coordinates"": [
    -83.081353768,
    42.367094075
  ],
  ""type"": ""Point""
}",-83.081353768,42.3670940750001
16037,9682271,I-94,WAYNE,2016-04-23,23,4,2016,17,7,5,1,,1,0,,1,1,1,70,3,2,2,3,0,0,1,1,false,,false,false,false,false,false,,,,,,false,false,false,,,false,false,false,false,false,-83.07402,42.36036,"{
  ""coordinates"": [
    -8.307402171400000e+01,
    4.236035399000010e+01
  ],
  ""type"": ""Point""
}","{
  ""coordinates"": [
    -83.074021714,
    42.36035399
  ],
  ""type"": ""Point""
}",-83.074021714,42.3603539900001
16038,9682310,I-96,SOUTHFIELD,2016-04-23,23,4,2016,15,7,8,1,,1,0,,1,1,1,55,3,2,4,5,0,0,0,0,true,,false,false,false,false,false,,,,,,false,false,false,,,false,false,false,false,false,-83.21918,42.37855,"{
  ""coordinates"": [
    -8.321918039799991e+01,
    4.237855256500010e+01
  ],
  ""type"": ""Point""
}","{
  ""coordinates"": [
    -83.219180398,
    42.378552565
  ],
  ""type"": ""Point""
}",-83.2191803979999,42.3785525650001
16039,9715539,WARREN,BELVIDERE,2016-04-23,23,4,2016,20,7,98,9,,4,0,,1,1,1,30,3,1,3,5,0,0,0,0,true,,false,false,true,false,false,,,,,,false,false,false,,,false,false,false,false,false,-83.0013,42.38043,"{
  ""coordinates"": [
    -8.300130627599999e+01,
    4.238043135300010e+01
  ],
  ""type"": ""Point""
}","{
  ""coordinates"": [
    -83.001306276,
    42.380431353
  ],
  ""type"": ""Point""
}",-83.001306276,42.3804313530001
16040,9688149,PARKER,HENDRIE,2016-04-23,23,4,2016,23,7,8,9,,,0,,1,1,4,25,2,2,1,5,0,0,0,0,true,,false,false,true,false,false,,,,,,false,false,true,,,false,false,false,false,false,-83.0162,42.38268,"{
  ""coordinates"": [
    -8.301620669499989e+01,
    4.238267645900000e+01
  ],
  ""type"": ""Point""
}","{
  ""coordinates"": [
    -83.016206695,
    42.382676459
  ],
  ""type"": ""Point""
}",-83.0162066949999,42.382676459
16041,9685581,LIVERNOIS,ARMY,2016-04-23,23,4,2016,23,7,4,9,,4,0,,1,1,4,25,4,3,5,2,0,3,0,0,false,,true,false,true,false,false,,,,,,false,false,true,,,false,false,false,false,false,-83.10616,42.31034,"{
  ""coordinates"": [
    -8.310615414599989e+01,
    4.231033935200000e+01
  ],
  ""type"": ""Point""
}","{
  ""coordinates"": [
    -83.106154146,
    42.310339352
  ],
  ""type"": ""Point""
}",-83.1061541459999,42.310339352
16042,9682486,SOUTHFIELD SERVICE DRIVE,GRAND RIVER,2016-04-23,23,4,2016,18,7,8,3,,4,0,,1,1,1,35,3,2,3,5,0,0,0,0,true,,false,false,false,false,false,,,,,,false,false,true,,,false,false,false,false,false,-83.21859,42.40095,"{
  ""coordinates"": [
    -8.321858638000000e+01,
    4.240095220800000e+01
  ],
  ""type"": ""Point""
}","{
  ""coordinates"": [
    -83.21858638,
    42.400952208
  ],
  ""type"": ""Point""
}",-83.21858638,42.400952208
16043,9682441,WARREN,CHALMERS,2016-04-23,23,4,2016,17,7,5,9,,4,0,,1,1,1,30,5,2,7,4,0,0,0,1,false,,false,false,false,false,false,,,,,,false,false,true,,,false,false,false,false,false,-82.95885,42.39544,"{
  ""coordinates"": [
    -8.295885646200000e+01,
    4.239544012400010e+01
  ],
  ""type"": ""Point""
}","{
  ""coordinates"": [
    -82.958856462,
    42.395440124
  ],
  ""type"": ""Point""
}",-82.958856462,42.3954401240001
16044,9706563,7250 MONTROSE,WARREN,2016-04-23,23,4,2016,18,7,9,9,,,2,,1,1,1,25,1,2,2,5,0,0,0,0,true,,false,false,false,false,false,,,,,,false,true,false,,,false,false,false,false,false,-83.1987,42.34404,"{
  ""coordinates"": [
    -8.319870330000001e+01,
    4.234403944500010e+01
  ],
  ""type"": ""Point""
}","{
  ""coordinates"": [
    -83.1987033,
    42.344039445
  ],
  ""type"": ""Point""
}",-83.1987033,42.3440394450001
16045,9683776,N M 39,I 96 SERVICE DRIVE,2016-04-23,23,4,2016,16,7,8,3,,1,0,,1,1,1,70,3,2,2,5,0,0,0,0,true,,false,false,true,false,false,,,,,,false,false,false,,,false,false,false,false,false,-83.21682,42.37743,"{
  ""coordinates"": [
    -8.321681814599999e+01,
    4.237743415200000e+01
  ],
  ""type"": ""Point""
}","{
  ""coordinates"": [
    -83.216818146,
    42.377434152
  ],
  ""type"": ""Point""
}",-83.216818146,42.377434152
16046,9682469,SPRINGWELLS,LONGOWRTH,2016-04-23,23,4,2016,18,7,5,9,,4,0,,1,1,1,25,2,2,1,5,0,0,0,0,true,,false,false,true,false,false,,,,,,false,false,false,,,false,false,false,false,false,-83.12322,42.30591,"{
  ""coordinates"": [
    -8.312322367400000e+01,
    4.230591207700010e+01
  ],
  ""type"": ""Point""
}","{
  ""coordinates"": [
    -83.123223674,
    42.305912077
  ],
  ""type"": ""Point""
}",-83.123223674,42.3059120770001
16047,9684575,W I 94,WOODWARD,2016-04-23,23,4,2016,17,7,5,1,,1,0,,1,1,1,45,3,3,1,5,0,0,0,0,true,,false,false,true,false,false,,,,,,false,false,false,,,false,false,false,false,false,-83.06861,42.36391,"{
  ""coordinates"": [
    -8.306861063400000e+01,
    4.236390690000010e+01
  ],
  ""type"": ""Point""
}","{
  ""coordinates"": [
    -83.068610634,
    42.3639069
  ],
  ""type"": ""Point""
}",-83.068610634,42.3639069000001
16048,9685597,8 MILE,MT ELLIOT,2016-04-23,23,4,2016,0,7,5,3,,1,0,,1,1,4,35,4,2,3,3,0,0,1,0,false,,false,false,true,false,false,,,,,,false,false,false,,,false,false,false,false,false,-83.03829,42.4479,"{
  ""coordinates"": [
    -8.303829036899999e+01,
    4.244789767300010e+01
  ],
  ""type"": ""Point""
}","{
  ""coordinates"": [
    -83.038290369,
    42.447897673
  ],
  ""type"": ""Point""
}",-83.038290369,42.4478976730001
16049,9700063,WARREN,AVERY,2016-04-23,23,4,2016,2,7,5,9,,4,0,,1,1,4,30,3,3,1,5,0,0,0,0,true,,false,false,false,false,false,,,,,,false,false,false,,,false,false,false,false,false,-83.08122,42.3513,"{
  ""coordinates"": [
    -8.308122336600000e+01,
    4.235129671700000e+01
  ],
  ""type"": ""Point""
}","{
  ""coordinates"": [
    -83.081223366,
    42.351296717
  ],
  ""type"": ""Point""
}",-83.081223366,42.351296717
16050,9681363,SOUTHFIELD,PLYMOUTH,2016-04-23,23,4,2016,3,7,1,3,,1,1,,1,1,4,30,2,1,0,5,0,0,0,0,true,,false,false,true,false,false,,,,,,false,false,false,,,false,false,false,false,false,-83.21645,42.36941,"{
  ""coordinates"": [
    -8.321644738600000e+01,
    4.236940812200000e+01
  ],
  ""type"": ""Point""
}","{
  ""coordinates"": [
    -83.216447386,
    42.369408122
  ],
  ""type"": ""Point""
}",-83.216447386,42.369408122
16051,9715755,LASALLE,CLAIRMOUNT,2016-04-23,23,4,2016,10,7,5,9,,,0,,1,1,1,25,2,2,1,5,0,0,0,0,true,,false,false,false,false,false,,,,,,false,true,false,,,false,false,false,false,false,-83.1057,42.3743,"{
  ""coordinates"": [
    -8.310569812499990e+01,
    4.237430159400000e+01
  ],
  ""type"": ""Point""
}","{
  ""coordinates"": [
    -83.105698125,
    42.374301594
  ],
  ""type"": ""Point""
}",-83.1056981249999,42.374301594
16052,9682503,LANTZ,BAUMAN,2016-04-23,23,4,2016,17,7,5,9,,,0,,1,1,1,25,2,2,6,4,0,0,0,2,false,,false,false,false,false,false,,,,,,false,false,true,,,false,false,false,false,false,-83.11228,42.43696,"{
  ""coordinates"": [
    -8.311227854099999e+01,
    4.243696235700000e+01
  ],
  ""type"": ""Point""
}","{
  ""coordinates"": [
    -83.112278541,
    42.436962357
  ],
  ""type"": ""Point""
}",-83.112278541,42.436962357
16053,9768895,MACK,LAKEPOINTE,2016-04-23,23,4,2016,20,7,8,9,,2,3,,1,1,4,30,2,2,0,5,0,0,0,0,true,,false,false,true,false,false,,,,,,false,false,false,,,false,false,false,false,false,-82.94368,42.38799,"{
  ""coordinates"": [
    -8.294367744800000e+01,
    4.238798579300000e+01
  ],
  ""type"": ""Point""
}","{
  ""coordinates"": [
    -82.943677448,
    42.387985793
  ],
  ""type"": ""Point""
}",-82.943677448,42.387985793
16054,9685571,ROSA PARKS,HIGHLAND,2016-04-23,23,4,2016,16,7,98,9,,4,3,,1,1,1,0,2,2,0,5,0,0,0,0,true,,false,false,true,false,false,,,,,,false,true,false,,,false,false,false,false,false,-83.10942,42.39084,"{
  ""coordinates"": [
    -8.310941709100000e+01,
    4.239083841200010e+01
  ],
  ""type"": ""Point""
}","{
  ""coordinates"": [
    -83.109417091,
    42.390838412
  ],
  ""type"": ""Point""
}",-83.109417091,42.3908384120001
16055,9682262,RAMP 008P,M-39,2016-04-23,23,4,2016,5,7,5,1,,1,0,,1,1,5,55,2,2,2,4,0,0,0,1,false,,false,false,true,false,false,,,,,,false,false,false,,,false,false,false,false,false,-83.21714,42.37709,"{
  ""coordinates"": [
    -8.321714101600000e+01,
    4.237709135400010e+01
  ],
  ""type"": ""Point""
}","{
  ""coordinates"": [
    -83.217141016,
    42.377091354
  ],
  ""type"": ""Point""
}",-83.217141016,42.3770913540001
16056,9706492,DICKERSON,FOREST,2016-04-23,23,4,2016,8,7,1,9,,4,1,,1,1,1,30,2,1,2,4,0,0,0,1,false,,false,false,false,false,false,,,,,,false,false,false,,,false,false,false,false,false,-82.96564,42.39043,"{
  ""coordinates"": [
    -8.296564630099989e+01,
    4.239042637400010e+01
  ],
  ""type"": ""Point""
}","{
  ""coordinates"": [
    -82.965646301,
    42.390426374
  ],
  ""type"": ""Point""
}",-82.9656463009999,42.3904263740001
16057,9683140,N I 75,RAMP 029A,2016-04-23,23,4,2016,12,7,8,1,,1,0,,1,1,1,0,3,2,2,5,0,0,0,0,true,,false,false,false,false,false,,,,,,false,false,false,,,false,false,false,false,false,-83.1583,42.27646,"{
  ""coordinates"": [
    -8.315830463099999e+01,
    4.227646337500000e+01
  ],
  ""type"": ""Point""
}","{
  ""coordinates"": [
    -83.158304631,
    42.276463375
  ],
  ""type"": ""Point""
}",-83.158304631,42.276463375
16058,9682311,I-75,WARREEN,2016-04-23,23,4,2016,16,7,5,1,,1,0,,1,1,1,55,4,3,8,5,0,0,0,0,true,,false,false,false,false,false,,,,,,false,true,false,,,false,false,false,false,false,-83.05341,42.3596,"{
  ""coordinates"": [
    -8.305340215599990e+01,
    4.235959870000000e+01
  ],
  ""type"": ""Point""
}","{
  ""coordinates"": [
    -83.053402156,
    42.3595987
  ],
  ""type"": ""Point""
}",-83.0534021559999,42.3595987
16059,9682456,CHICAGO,MANOR,2016-04-23,23,4,2016,2,7,4,9,,4,0,,1,1,4,30,3,2,2,5,0,0,0,0,true,,false,false,false,false,false,,,,,,false,false,false,,,false,false,false,false,false,-83.16644,42.36603,"{
  ""coordinates"": [
    -8.316643405199990e+01,
    4.236602691800000e+01
  ],
  ""type"": ""Point""
}","{
  ""coordinates"": [
    -83.166434052,
    42.366026918
  ],
  ""type"": ""Point""
}",-83.1664340519999,42.366026918
16060,9706414,JOHN KRONK,CENTRAL,2016-04-22,22,4,2016,15,6,5,9,,4,0,,1,1,1,25,4,2,1,5,0,0,0,0,true,,false,false,true,false,false,,,,,,false,false,false,,,false,false,false,false,false,-83.13165,42.32279,"{
  ""coordinates"": [
    -8.313165252200000e+01,
    4.232279119600000e+01
  ],
  ""type"": ""Point""
}","{
  ""coordinates"": [
    -83.131652522,
    42.322791196
  ],
  ""type"": ""Point""
}",-83.131652522,42.322791196
16061,9715597,PARK GROVE,GRATIOT,2016-04-22,22,4,2016,23,6,5,3,,,3,,1,1,5,25,2,2,1,5,0,0,0,0,true,,false,false,true,false,false,,,,,,false,false,false,,,false,false,false,false,false,-82.98145,42.42978,"{
  ""coordinates"": [
    -8.298144424199999e+01,
    4.242977519600000e+01
  ],
  ""type"": ""Point""
}","{
  ""coordinates"": [
    -82.981444242,
    42.429775196
  ],
  ""type"": ""Point""
}",-82.981444242,42.429775196
16062,9683834,OAKFIELD,PICKFORD,2016-04-22,22,4,2016,19,6,5,9,,,0,,1,1,4,25,2,2,1,5,0,0,0,0,true,,false,false,true,false,false,,,,,,false,false,false,,,false,false,false,false,false,-83.21481,42.4246,"{
  ""coordinates"": [
    -8.321481018899991e+01,
    4.242460071900010e+01
  ],
  ""type"": ""Point""
}","{
  ""coordinates"": [
    -83.214810189,
    42.424600719
  ],
  ""type"": ""Point""
}",-83.2148101889999,42.4246007190001
16063,9706560,7 MILE,WESTMORELAND,2016-04-22,22,4,2016,17,6,5,9,,2,0,,1,2,1,0,4,3,2,4,0,0,0,2,false,,false,false,false,false,false,,,,,,false,true,false,,,false,false,false,false,false,-83.23601,42.42965,"{
  ""coordinates"": [
    -8.323600730100000e+01,
    4.242964895200000e+01
  ],
  ""type"": ""Point""
}","{
  ""coordinates"": [
    -83.236007301,
    42.429648952
  ],
  ""type"": ""Point""
}",-83.236007301,42.429648952
16064,9683056,E I 96,KENTFIELD,2016-04-22,22,4,2016,4,6,1,1,,1,1,,2,2,4,55,3,1,1,5,0,0,0,0,true,,false,false,false,false,false,,,,,,false,false,false,,,false,false,false,false,false,-83.24025,42.38321,"{
  ""coordinates"": [
    -8.324024596200000e+01,
    4.238320963300000e+01
  ],
  ""type"": ""Point""
}","{
  ""coordinates"": [
    -83.240245962,
    42.383209633
  ],
  ""type"": ""Point""
}",-83.240245962,42.383209633
16065,9682454,SCHAEFER,FULLERTON,2016-04-22,22,4,2016,21,6,5,9,,4,0,,1,1,4,35,5,2,3,4,0,0,0,2,false,,false,false,false,false,false,,,,,,false,false,false,,,false,false,false,false,false,-83.17823,42.37973,"{
  ""coordinates"": [
    -8.317823328500000e+01,
    4.237973073800000e+01
  ],
  ""type"": ""Point""
}","{
  ""coordinates"": [
    -83.178233285,
    42.379730738
  ],
  ""type"": ""Point""
}",-83.178233285,42.379730738
16066,9715677,MOROSS,WORDEN,2016-04-22,22,4,2016,3,6,5,9,,2,0,,2,3,4,35,3,2,1,5,0,0,0,0,true,,false,false,true,false,false,,,,,,false,false,false,,,false,false,false,false,false,-82.93649,42.42756,"{
  ""coordinates"": [
    -8.293648685999990e+01,
    4.242756243000010e+01
  ],
  ""type"": ""Point""
}","{
  ""coordinates"": [
    -82.93648686,
    42.42756243
  ],
  ""type"": ""Point""
}",-82.9364868599999,42.4275624300001