ObjectId,Crash ID,Primary Road,Intersecting Road,Crash Date,Day,Month,Year,Hour,Weekday,Crash Type Code,Highway Classification Code,Community Code,Jurisdiction Code,Lane Departure Type Code,Surface Type,Road Condition,Weather Condition,Lighting Condition,Speed Limit,Lanes,Units,Occupants,Most Severe Injury,Fatal Injuries,Suspected Serious Injuries,Suspected Minor Injuries,Possible Injuries,Property Damage Only,Secondary Crash,Traffic Control,Red Light Run,Hit and Run,Alcohol,Drugs,Unbelted Person,Work Zone,Speeding Driver,Distracted Driver,Driveway,Pedestrian,Elderly Driver,Young Driver,Commercial Vehicle,Emergency Vehicles,Train,School Bus,Motorcycle,Bicycle,Deer,Longitude,Latitude,geom,geog,x,y
16067,9715831,NORWOOD,OUTER,2016-04-22,22,4,2016,2,6,5,9,,,0,,1,1,5,20,3,2,0,5,0,0,0,0,true,,false,false,true,false,false,,,,,,false,false,false,,,false,false,false,false,false,-83.0676,42.44038,"{
  ""coordinates"": [
    -8.306759986799990e+01,
    4.244038281100010e+01
  ],
  ""type"": ""Point""
}","{
  ""coordinates"": [
    -83.067599868,
    42.440382811
  ],
  ""type"": ""Point""
}",-83.0675998679999,42.4403828110001
16068,9715654,BEACONSFIELD,MORANG,2016-04-22,22,4,2016,18,6,5,9,,,0,,1,1,1,25,1,2,1,4,0,0,0,1,false,,false,false,false,true,true,,,,,,false,false,true,,,false,false,false,false,false,-82.94621,42.42365,"{
  ""coordinates"": [
    -8.294620880300000e+01,
    4.242364499500010e+01
  ],
  ""type"": ""Point""
}","{
  ""coordinates"": [
    -82.946208803,
    42.423644995
  ],
  ""type"": ""Point""
}",-82.946208803,42.4236449950001
16069,9709896,N I 75,MILWAUKEE,2016-04-22,22,4,2016,8,6,5,1,,1,0,,1,1,1,70,4,2,2,5,0,0,0,0,true,,false,false,false,false,false,,,,,,false,false,false,,,false,false,false,false,false,-83.05978,42.374,"{
  ""coordinates"": [
    -8.305977757900000e+01,
    4.237400355500010e+01
  ],
  ""type"": ""Point""
}","{
  ""coordinates"": [
    -83.059777579,
    42.374003555
  ],
  ""type"": ""Point""
}",-83.059777579,42.3740035550001
16070,9681368,GREENFIELD,JOY,2016-04-22,22,4,2016,7,6,5,9,,2,0,,2,2,1,35,2,2,5,5,0,0,0,0,true,,false,false,false,false,false,,,,,,false,false,false,,,false,false,false,false,false,-83.19698,42.358,"{
  ""coordinates"": [
    -8.319698195900000e+01,
    4.235799655700000e+01
  ],
  ""type"": ""Point""
}","{
  ""coordinates"": [
    -83.196981959,
    42.357996557
  ],
  ""type"": ""Point""
}",-83.196981959,42.357996557
16071,9682308,I-75,M-10,2016-04-22,22,4,2016,9,6,5,1,,1,0,,1,1,1,70,4,2,2,4,0,0,0,1,false,,false,false,false,false,false,,,,,,false,false,true,,,false,false,false,false,false,-83.09489,42.44329,"{
  ""coordinates"": [
    -8.309489813899999e+01,
    4.244329363300010e+01
  ],
  ""type"": ""Point""
}","{
  ""coordinates"": [
    -83.094898139,
    42.443293633
  ],
  ""type"": ""Point""
}",-83.094898139,42.4432936330001
16072,9681358,SCHOOLCRAFT,WYOMING,2016-04-22,22,4,2016,15,6,8,9,,4,0,,1,1,1,35,6,2,3,5,0,0,0,0,true,,false,false,false,false,false,,,,,,false,false,false,,,false,false,false,false,false,-83.1591,42.3885,"{
  ""coordinates"": [
    -8.315910149000000e+01,
    4.238849803600000e+01
  ],
  ""type"": ""Point""
}","{
  ""coordinates"": [
    -83.15910149,
    42.388498036
  ],
  ""type"": ""Point""
}",-83.15910149,42.388498036
16073,9706295,6 TH,LAFAYETTE,2016-04-22,22,4,2016,11,6,5,9,,4,0,,1,1,1,25,2,2,1,5,0,0,0,0,true,,false,false,true,false,false,,,,,,false,false,false,,,false,false,false,false,false,-83.0584,42.32683,"{
  ""coordinates"": [
    -8.305839798999990e+01,
    4.232682786000000e+01
  ],
  ""type"": ""Point""
}","{
  ""coordinates"": [
    -83.05839799,
    42.32682786
  ],
  ""type"": ""Point""
}",-83.0583979899999,42.32682786
16074,9706438,OLIVET,ELSMERE,2016-04-22,22,4,2016,4,6,9,9,,,2,,2,1,5,25,3,5,0,5,0,0,0,0,true,,false,false,true,false,false,,,,,,false,false,false,,,false,false,false,false,false,-83.12785,42.29938,"{
  ""coordinates"": [
    -8.312784333600000e+01,
    4.229938084600010e+01
  ],
  ""type"": ""Point""
}","{
  ""coordinates"": [
    -83.127843336,
    42.299380846
  ],
  ""type"": ""Point""
}",-83.127843336,42.2993808460001
16075,9681356,SUSSEX,PLYMOUTH,2016-04-22,22,4,2016,14,6,97,9,,,0,,1,2,1,30,4,3,2,4,0,0,0,2,false,,false,false,true,false,false,,,,,,false,false,true,,,false,false,false,false,false,-83.19426,42.37262,"{
  ""coordinates"": [
    -8.319426328100000e+01,
    4.237262277900000e+01
  ],
  ""type"": ""Point""
}","{
  ""coordinates"": [
    -83.194263281,
    42.372622779
  ],
  ""type"": ""Point""
}",-83.194263281,42.372622779
16076,9682491,W I 94,RAMP 220F,2016-04-22,22,4,2016,16,6,5,1,,1,0,,1,2,1,30,2,2,2,5,0,0,0,0,true,,false,false,false,false,false,,,,,,false,true,false,,,false,false,false,false,false,-82.98617,42.39763,"{
  ""coordinates"": [
    -8.298616548000000e+01,
    4.239762966700000e+01
  ],
  ""type"": ""Point""
}","{
  ""coordinates"": [
    -82.98616548,
    42.397629667
  ],
  ""type"": ""Point""
}",-82.98616548,42.397629667
16077,9681383,PICKFORD,WYOMING,2016-04-22,22,4,2016,13,6,4,9,,,0,,1,1,1,25,2,2,2,4,0,0,0,1,false,,false,false,false,false,false,,,,,,false,false,true,,,false,false,false,false,false,-83.16077,42.42597,"{
  ""coordinates"": [
    -8.316077669200000e+01,
    4.242597097000000e+01
  ],
  ""type"": ""Point""
}","{
  ""coordinates"": [
    -83.160776692,
    42.42597097
  ],
  ""type"": ""Point""
}",-83.160776692,42.42597097
16078,9682452,CANFIELD,BRUSH,2016-04-22,22,4,2016,17,6,5,9,,4,0,,1,1,1,30,2,2,3,5,0,0,0,0,true,,false,false,false,false,false,,,,,,false,false,false,,,false,false,false,false,false,-83.05727,42.35451,"{
  ""coordinates"": [
    -8.305726453599991e+01,
    4.235450798300010e+01
  ],
  ""type"": ""Point""
}","{
  ""coordinates"": [
    -83.057264536,
    42.354507983
  ],
  ""type"": ""Point""
}",-83.0572645359999,42.3545079830001
16079,9705001,JOY,N M 39 SERVICE DRIVE,2016-04-22,22,4,2016,14,6,6,9,,2,0,,1,2,1,35,4,2,1,4,0,0,0,1,false,,false,false,true,false,false,,,,,,false,false,false,,,false,false,false,false,false,-83.21603,42.35786,"{
  ""coordinates"": [
    -8.321602461099999e+01,
    4.235785514200010e+01
  ],
  ""type"": ""Point""
}","{
  ""coordinates"": [
    -83.216024611,
    42.357855142
  ],
  ""type"": ""Point""
}",-83.216024611,42.3578551420001
16080,9683138,BEAUBIEN,ATWATER,2016-04-22,22,4,2016,17,6,8,9,,4,0,,1,1,1,30,2,2,3,5,0,0,0,0,true,,false,false,false,false,false,,,,,,false,false,false,,,false,false,false,false,false,-83.03811,42.32879,"{
  ""coordinates"": [
    -8.303810596600000e+01,
    4.232878914100010e+01
  ],
  ""type"": ""Point""
}","{
  ""coordinates"": [
    -83.038105966,
    42.328789141
  ],
  ""type"": ""Point""
}",-83.038105966,42.3287891410001
16081,9706291,MICHIGAN,11TH,2016-04-22,22,4,2016,17,6,5,2,,1,0,,1,1,1,35,3,2,1,5,0,0,0,0,true,,false,false,false,false,false,,,,,,false,false,false,,,false,false,false,false,false,-83.07047,42.3314,"{
  ""coordinates"": [
    -8.307046367100000e+01,
    4.233139620900000e+01
  ],
  ""type"": ""Point""
}","{
  ""coordinates"": [
    -83.070463671,
    42.331396209
  ],
  ""type"": ""Point""
}",-83.070463671,42.331396209
16082,9715747,SCOTTEN,MCGRAW,2016-04-22,22,4,2016,21,6,8,9,,4,0,,1,1,5,35,2,2,3,4,0,0,0,1,false,,false,false,false,false,false,,,,,,false,false,false,,,false,false,false,false,false,-83.11243,42.34665,"{
  ""coordinates"": [
    -8.311243391900000e+01,
    4.234664446900010e+01
  ],
  ""type"": ""Point""
}","{
  ""coordinates"": [
    -83.112433919,
    42.346644469
  ],
  ""type"": ""Point""
}",-83.112433919,42.3466444690001
16083,9682260,M-39,FORD,2016-04-22,22,4,2016,18,6,8,3,,1,0,,1,1,1,55,3,3,3,5,0,0,0,0,true,,false,false,true,false,false,,,,,,false,false,false,,,false,false,false,false,false,-83.21582,42.33054,"{
  ""coordinates"": [
    -8.321582213600000e+01,
    4.233054162000010e+01
  ],
  ""type"": ""Point""
}","{
  ""coordinates"": [
    -83.215822136,
    42.33054162
  ],
  ""type"": ""Point""
}",-83.215822136,42.3305416200001
16084,9715595,TACOMA,QUEEN,2016-04-22,22,4,2016,5,6,8,9,,,0,,1,2,4,25,1,2,0,5,0,0,0,0,true,,false,false,false,false,false,,,,,,false,false,false,,,false,false,false,false,false,-82.96845,42.44175,"{
  ""coordinates"": [
    -8.296845319900000e+01,
    4.244175301300000e+01
  ],
  ""type"": ""Point""
}","{
  ""coordinates"": [
    -82.968453199,
    42.441753013
  ],
  ""type"": ""Point""
}",-82.968453199,42.441753013
16085,9687872,MCKINNEY,BOYLEN,2016-04-22,22,4,2016,17,6,1,9,,,1,,1,2,1,25,1,1,1,3,0,0,1,0,false,,false,false,true,false,false,,,,,,false,false,false,,,false,false,false,false,false,-82.94455,42.41853,"{
  ""coordinates"": [
    -8.294455007999990e+01,
    4.241852664200010e+01
  ],
  ""type"": ""Point""
}","{
  ""coordinates"": [
    -82.94455008,
    42.418526642
  ],
  ""type"": ""Point""
}",-82.9445500799999,42.4185266420001
16086,9682483,GRATIOT,MOUNT ELLIOTT,2016-04-22,22,4,2016,14,6,4,3,,1,0,,1,1,1,35,7,2,4,4,0,0,0,1,false,,false,false,false,false,false,,,,,,false,false,false,,,false,false,false,false,false,-83.02396,42.36483,"{
  ""coordinates"": [
    -8.302395352900000e+01,
    4.236483450400000e+01
  ],
  ""type"": ""Point""
}","{
  ""coordinates"": [
    -83.023953529,
    42.364834504
  ],
  ""type"": ""Point""
}",-83.023953529,42.364834504
16087,9682459,MICHIGAN,HARRISON,2016-04-22,22,4,2016,17,6,8,2,,1,0,,1,1,4,0,8,2,2,5,0,0,0,0,true,,false,false,false,false,false,,,,,,false,false,false,,,false,false,false,false,false,-83.07017,42.3314,"{
  ""coordinates"": [
    -8.307016554099989e+01,
    4.233139746900010e+01
  ],
  ""type"": ""Point""
}","{
  ""coordinates"": [
    -83.070165541,
    42.331397469
  ],
  ""type"": ""Point""
}",-83.0701655409999,42.3313974690001
16088,9715718,7 MILE,SOUTHFIELD,2016-04-22,22,4,2016,17,6,5,9,,2,0,,98,98,98,30,3,2,2,5,0,0,0,0,true,,false,false,true,false,false,,,,,,false,false,false,,,false,false,false,false,false,-83.21992,42.43,"{
  ""coordinates"": [
    -8.321991872800000e+01,
    4.243000316300000e+01
  ],
  ""type"": ""Point""
}","{
  ""coordinates"": [
    -83.219918728,
    42.430003163
  ],
  ""type"": ""Point""
}",-83.219918728,42.430003163
16089,9715596,GRATIOT,BRINGARD,2016-04-22,22,4,2016,21,6,5,3,,1,0,,1,2,4,35,7,2,2,5,0,0,0,0,true,,false,false,false,false,false,,,,,,false,false,false,,,false,false,false,false,false,-82.9704,42.44613,"{
  ""coordinates"": [
    -8.297039615200001e+01,
    4.244612986200010e+01
  ],
  ""type"": ""Point""
}","{
  ""coordinates"": [
    -82.970396152,
    42.446129862
  ],
  ""type"": ""Point""
}",-82.970396152,42.4461298620001
16090,9682485,LAHSER,WILLMARTH,2016-04-22,22,4,2016,17,6,4,9,,2,0,,1,1,1,35,3,2,2,5,0,0,0,0,true,,true,true,true,false,false,,,,,,false,false,false,,,false,false,false,false,false,-83.25785,42.41874,"{
  ""coordinates"": [
    -8.325785136600000e+01,
    4.241874239900010e+01
  ],
  ""type"": ""Point""
}","{
  ""coordinates"": [
    -83.257851366,
    42.418742399
  ],
  ""type"": ""Point""
}",-83.257851366,42.4187423990001
16091,9681360,CONNER,WARREN,2016-04-22,22,4,2016,14,6,8,9,,4,0,,1,1,1,30,2,2,2,5,0,0,0,0,true,,false,false,false,false,false,,,,,,false,false,false,,,false,false,false,false,false,-82.97598,42.38927,"{
  ""coordinates"": [
    -8.297598498500000e+01,
    4.238927349400010e+01
  ],
  ""type"": ""Point""
}","{
  ""coordinates"": [
    -82.975984985,
    42.389273494
  ],
  ""type"": ""Point""
}",-82.975984985,42.3892734940001
16092,9682261,N M 10,RAMP 109D,2016-04-22,22,4,2016,20,6,5,3,,1,0,,1,1,3,55,3,2,1,5,0,0,0,0,true,,false,false,true,false,false,,,,,,false,true,false,,,false,false,false,false,false,-83.10782,42.39577,"{
  ""coordinates"": [
    -8.310781994900000e+01,
    4.239576570500000e+01
  ],
  ""type"": ""Point""
}","{
  ""coordinates"": [
    -83.107819949,
    42.395765705
  ],
  ""type"": ""Point""
}",-83.107819949,42.395765705
16093,9715638,GLENWOOD,MCCRAY,2016-04-22,22,4,2016,11,6,1,9,,,1,,1,2,1,25,1,1,3,4,0,0,0,1,false,,false,false,false,false,false,,,,,,false,false,true,,,false,false,false,false,false,-82.971,42.43066,"{
  ""coordinates"": [
    -8.297100352000000e+01,
    4.243066019400000e+01
  ],
  ""type"": ""Point""
}","{
  ""coordinates"": [
    -82.97100352,
    42.430660194
  ],
  ""type"": ""Point""
}",-82.97100352,42.430660194
16094,9683154,WYOMING,PEMBROKE,2016-04-22,22,4,2016,18,6,4,9,,4,0,,1,1,1,25,4,2,2,5,0,0,0,0,true,,false,false,false,false,false,,,,,,false,true,false,,,false,false,false,false,false,-83.16122,42.43884,"{
  ""coordinates"": [
    -8.316121812199999e+01,
    4.243883730800010e+01
  ],
  ""type"": ""Point""
}","{
  ""coordinates"": [
    -83.161218122,
    42.438837308
  ],
  ""type"": ""Point""
}",-83.161218122,42.4388373080001
16095,9682501,8TH,MICHIGAN,2016-04-22,22,4,2016,16,6,1,2,,,0,,1,1,1,30,4,2,2,5,0,0,0,0,true,,false,false,false,false,false,,,,,,false,false,false,,,false,false,false,true,false,-83.06547,42.33142,"{
  ""coordinates"": [
    -8.306546842700000e+01,
    4.233142287300010e+01
  ],
  ""type"": ""Point""
}","{
  ""coordinates"": [
    -83.065468427,
    42.331422873
  ],
  ""type"": ""Point""
}",-83.065468427,42.3314228730001
16096,9682484,ORLEANS,DIVISION,2016-04-22,22,4,2016,11,6,8,9,,7,0,,1,1,1,25,2,2,1,5,0,0,0,0,true,,false,false,false,false,false,,,,,,false,false,false,,,false,false,false,false,false,-83.03795,42.34838,"{
  ""coordinates"": [
    -8.303795123799991e+01,
    4.234838022700010e+01
  ],
  ""type"": ""Point""
}","{
  ""coordinates"": [
    -83.037951238,
    42.348380227
  ],
  ""type"": ""Point""
}",-83.0379512379999,42.3483802270001
16097,9706479,OUTER,DEVONSHIRE,2016-04-22,22,4,2016,11,6,4,9,,2,0,,1,2,1,35,2,2,1,5,0,0,0,0,true,,false,false,true,false,false,,,,,,false,false,false,,,false,false,false,false,false,-82.94519,42.40668,"{
  ""coordinates"": [
    -8.294519288500000e+01,
    4.240667977300010e+01
  ],
  ""type"": ""Point""
}","{
  ""coordinates"": [
    -82.945192885,
    42.406679773
  ],
  ""type"": ""Point""
}",-82.945192885,42.4066797730001
16098,9715754,DAVISON,HOLMUR,2016-04-22,22,4,2016,13,6,5,3,,1,0,,1,1,1,35,6,2,2,5,0,0,0,0,true,,false,false,false,false,false,,,,,,false,false,true,,,false,false,true,false,false,-83.13328,42.38881,"{
  ""coordinates"": [
    -8.313327649599999e+01,
    4.238880914500000e+01
  ],
  ""type"": ""Point""
}","{
  ""coordinates"": [
    -83.133276496,
    42.388809145
  ],
  ""type"": ""Point""
}",-83.133276496,42.388809145
16099,9681357,GRAND RIVER,OAKMAN,2016-04-22,22,4,2016,15,6,5,3,,1,0,,1,2,1,0,7,3,6,4,0,0,0,1,false,,false,false,false,false,false,,,,,,false,true,true,,,false,false,false,false,false,-83.15091,42.37354,"{
  ""coordinates"": [
    -8.315090593699991e+01,
    4.237354360200000e+01
  ],
  ""type"": ""Point""
}","{
  ""coordinates"": [
    -83.150905937,
    42.373543602
  ],
  ""type"": ""Point""
}",-83.1509059369999,42.373543602
16100,9715617,CULVER,MARCUS,2016-04-22,22,4,2016,1,6,9,9,,,0,,1,1,1,25,2,2,0,5,0,0,0,0,true,,false,false,false,false,false,,,,,,false,false,false,,,false,false,false,false,false,-83.00767,42.3972,"{
  ""coordinates"": [
    -8.300766487200001e+01,
    4.239720159100010e+01
  ],
  ""type"": ""Point""
}","{
  ""coordinates"": [
    -83.007664872,
    42.397201591
  ],
  ""type"": ""Point""
}",-83.007664872,42.3972015910001
16101,9681355,STEEL,WESTFIELD,2016-04-22,22,4,2016,11,6,97,9,,,0,,1,2,1,25,1,3,2,4,0,0,0,1,false,,false,false,true,false,false,,,,,,false,false,false,,,false,false,false,false,false,-83.17032,42.36376,"{
  ""coordinates"": [
    -8.317031972699991e+01,
    4.236376069800010e+01
  ],
  ""type"": ""Point""
}","{
  ""coordinates"": [
    -83.170319727,
    42.363760698
  ],
  ""type"": ""Point""
}",-83.1703197269999,42.3637606980001
16102,9684552,I-75,MACK,2016-04-22,22,4,2016,22,6,8,1,,1,0,,1,1,5,0,4,2,2,5,0,0,0,0,true,,false,false,false,false,false,,,,,,false,false,false,,,false,false,false,false,false,-83.04697,42.34991,"{
  ""coordinates"": [
    -8.304696836200000e+01,
    4.234990941500010e+01
  ],
  ""type"": ""Point""
}","{
  ""coordinates"": [
    -83.046968362,
    42.349909415
  ],
  ""type"": ""Point""
}",-83.046968362,42.3499094150001
16103,9688180,8 MILE,MEYERS,2016-04-22,22,4,2016,9,6,5,3,,1,0,,2,1,1,35,4,2,2,5,0,0,0,0,true,,false,false,false,false,false,,,,,,false,false,false,,,false,false,false,false,false,-83.1691,42.44544,"{
  ""coordinates"": [
    -8.316909903299999e+01,
    4.244544379100010e+01
  ],
  ""type"": ""Point""
}","{
  ""coordinates"": [
    -83.169099033,
    42.445443791
  ],
  ""type"": ""Point""
}",-83.169099033,42.4454437910001
16104,9688136,OAKLAND,ARDEN PARK,2016-04-22,22,4,2016,15,6,5,9,,4,0,,1,1,1,25,1,2,2,5,0,0,0,0,true,,false,false,false,false,false,,,,,,false,true,false,,,false,false,false,false,false,-83.07483,42.38921,"{
  ""coordinates"": [
    -8.307482952100000e+01,
    4.238920425000000e+01
  ],
  ""type"": ""Point""
}","{
  ""coordinates"": [
    -83.074829521,
    42.38920425
  ],
  ""type"": ""Point""
}",-83.074829521,42.38920425
16105,9706480,HARPER,BISHOP,2016-04-22,22,4,2016,15,6,8,9,,4,0,,1,2,1,30,2,2,2,5,0,0,0,0,true,,false,false,false,false,false,,,,,,false,false,false,,,false,false,false,false,false,-82.93938,42.41467,"{
  ""coordinates"": [
    -8.293937786799999e+01,
    4.241466684200000e+01
  ],
  ""type"": ""Point""
}","{
  ""coordinates"": [
    -82.939377868,
    42.414666842
  ],
  ""type"": ""Point""
}",-82.939377868,42.414666842
16106,9682500,ERWIN,TRAVERSE,2016-04-22,22,4,2016,15,6,4,9,,,0,,1,1,1,30,2,2,6,2,0,1,0,0,false,,false,false,false,false,false,,,,,,false,true,false,,,false,true,false,false,false,-83.01759,42.40018,"{
  ""coordinates"": [
    -8.301758971399990e+01,
    4.240017780100000e+01
  ],
  ""type"": ""Point""
}","{
  ""coordinates"": [
    -83.017589714,
    42.400177801
  ],
  ""type"": ""Point""
}",-83.0175897139999,42.400177801
16107,9715678,BALFOUR,BRITAIN,2016-04-22,22,4,2016,16,6,2,9,,,2,,1,1,1,25,2,2,2,4,0,0,0,1,false,,false,false,false,false,false,,,,,,false,false,false,,,false,false,false,false,false,-82.94438,42.42065,"{
  ""coordinates"": [
    -8.294437953100000e+01,
    4.242065033300000e+01
  ],
  ""type"": ""Point""
}","{
  ""coordinates"": [
    -82.944379531,
    42.420650333
  ],
  ""type"": ""Point""
}",-82.944379531,42.420650333
16108,9706451,COLLINGHAM,SHAKESPEARE,2016-04-22,22,4,2016,2,6,2,9,,,2,,1,1,5,25,1,2,0,5,0,0,0,0,true,,false,false,true,false,false,,,,,,false,false,false,,,false,false,false,false,false,-82.94905,42.4484,"{
  ""coordinates"": [
    -8.294905107699999e+01,
    4.244840015100000e+01
  ],
  ""type"": ""Point""
}","{
  ""coordinates"": [
    -82.949051077,
    42.448400151
  ],
  ""type"": ""Point""
}",-82.949051077,42.448400151
16109,9727330,WYOMING,PEMBROKE,2016-04-22,22,4,2016,18,6,8,9,,4,0,,1,1,1,25,4,2,2,5,0,0,0,0,true,,false,false,false,false,false,,,,,,false,true,false,,,false,false,false,false,false,-83.16121,42.4385,"{
  ""coordinates"": [
    -8.316120610999999e+01,
    4.243849572600000e+01
  ],
  ""type"": ""Point""
}","{
  ""coordinates"": [
    -83.16120611,
    42.438495726
  ],
  ""type"": ""Point""
}",-83.16120611,42.438495726
16110,9684581,I 75,ROSA PARKS,2016-04-22,22,4,2016,8,6,5,9,,4,0,,1,2,1,55,2,4,4,5,0,0,0,0,true,,false,false,false,false,false,,,,,,false,false,false,,,false,false,false,false,false,-83.07313,42.33269,"{
  ""coordinates"": [
    -8.307312781000000e+01,
    4.233269145600010e+01
  ],
  ""type"": ""Point""
}","{
  ""coordinates"": [
    -83.07312781,
    42.332691456
  ],
  ""type"": ""Point""
}",-83.07312781,42.3326914560001
16111,9682499,CHARLES,SPARLING,2016-04-22,22,4,2016,21,6,4,9,,4,0,,1,1,5,25,2,2,5,5,0,0,0,0,true,,false,false,true,false,false,,,,,,false,false,false,,,false,false,false,false,false,-83.04554,42.41182,"{
  ""coordinates"": [
    -8.304554108900000e+01,
    4.241182148900000e+01
  ],
  ""type"": ""Point""
}","{
  ""coordinates"": [
    -83.045541089,
    42.411821489
  ],
  ""type"": ""Point""
}",-83.045541089,42.411821489
16112,9704990,CONGRESS,RANDOLPH,2016-04-22,22,4,2016,22,6,9,3,,4,0,,1,1,4,25,6,2,2,5,0,0,0,0,true,,false,false,false,false,false,,,,,,false,false,true,,,false,false,false,false,false,-83.04309,42.33137,"{
  ""coordinates"": [
    -8.304308897300000e+01,
    4.233136599600000e+01
  ],
  ""type"": ""Point""
}","{
  ""coordinates"": [
    -83.043088973,
    42.331365996
  ],
  ""type"": ""Point""
}",-83.043088973,42.331365996
16113,9682457,JOHN C LODGE SERVICE,GRAND,2016-04-21,21,4,2016,16,5,8,9,,4,0,,2,4,1,0,8,2,2,5,0,0,0,0,true,,false,false,true,false,false,,,,,,false,false,false,,,false,false,false,false,false,-83.06758,42.34306,"{
  ""coordinates"": [
    -8.306758033499990e+01,
    4.234306242400000e+01
  ],
  ""type"": ""Point""
}","{
  ""coordinates"": [
    -83.067580335,
    42.343062424
  ],
  ""type"": ""Point""
}",-83.0675803349999,42.343062424
16114,9715884,STRATHMOOR,OUTER,2016-04-21,21,4,2016,8,5,4,9,,,0,,2,4,1,35,2,2,2,5,0,0,0,0,true,,false,false,true,false,false,,,,,,false,false,false,,,false,false,false,false,false,-83.18852,42.42008,"{
  ""coordinates"": [
    -8.318852107600000e+01,
    4.242007988700000e+01
  ],
  ""type"": ""Point""
}","{
  ""coordinates"": [
    -83.188521076,
    42.420079887
  ],
  ""type"": ""Point""
}",-83.188521076,42.420079887
16115,9680526,INDIANA,8 MILE,2016-04-21,21,4,2016,12,5,8,3,,,0,,2,4,1,15,3,2,2,5,0,0,0,0,true,,false,false,false,false,false,,,,,,false,true,false,,,false,false,false,false,false,-83.15932,42.44542,"{
  ""coordinates"": [
    -8.315932171500000e+01,
    4.244542277600000e+01
  ],
  ""type"": ""Point""
}","{
  ""coordinates"": [
    -83.159321715,
    42.445422776
  ],
  ""type"": ""Point""
}",-83.159321715,42.445422776
16116,9682492,KELLY,ROSSINI,2016-04-21,21,4,2016,16,5,4,9,,2,0,,2,4,1,30,2,2,2,5,0,0,0,0,true,,false,false,true,false,false,,,,,,false,false,true,,,false,false,false,false,false,-82.9465,42.4435,"{
  ""coordinates"": [
    -8.294650184999990e+01,
    4.244349909500000e+01
  ],
  ""type"": ""Point""
}","{
  ""coordinates"": [
    -82.94650185,
    42.443499095
  ],
  ""type"": ""Point""
}",-82.9465018499999,42.443499095
16117,9683772,I-94,CHALMERS,2016-04-21,21,4,2016,2,5,8,1,,1,0,,1,1,4,55,3,2,1,5,0,0,0,0,true,,false,false,false,false,false,,,,,,false,false,false,,,false,false,false,false,false,-82.96594,42.40321,"{
  ""coordinates"": [
    -8.296594449299990e+01,
    4.240321175300010e+01
  ],
  ""type"": ""Point""
}","{
  ""coordinates"": [
    -82.965944493,
    42.403211753
  ],
  ""type"": ""Point""
}",-82.9659444929999,42.4032117530001
16118,9682438,VERNOR,CLARK,2016-04-21,21,4,2016,14,5,4,9,,4,0,,2,4,1,35,2,2,5,5,0,0,0,0,true,,false,false,false,false,false,,,,,,false,false,true,,,false,false,false,false,false,-83.09583,42.32027,"{
  ""coordinates"": [
    -8.309582913600001e+01,
    4.232027232000010e+01
  ],
  ""type"": ""Point""
}","{
  ""coordinates"": [
    -83.095829136,
    42.32027232
  ],
  ""type"": ""Point""
}",-83.095829136,42.3202723200001
16119,9682439,LAWNDALE,VERNOR,2016-04-21,21,4,2016,16,5,5,9,,,0,,2,4,1,0,4,2,6,5,0,0,0,0,true,,false,false,false,false,false,,,,,,false,false,false,,,false,false,false,false,false,-83.13275,42.30923,"{
  ""coordinates"": [
    -8.313275265000000e+01,
    4.230922877900010e+01
  ],
  ""type"": ""Point""
}","{
  ""coordinates"": [
    -83.13275265,
    42.309228779
  ],
  ""type"": ""Point""
}",-83.13275265,42.3092287790001
16120,9680441,I96,M39,2016-04-21,21,4,2016,18,5,97,1,,1,0,,2,4,1,70,4,2,2,5,0,0,0,0,true,,false,false,false,false,false,,,,,,false,false,true,,,false,false,false,false,false,-83.221,42.37839,"{
  ""coordinates"": [
    -8.322099863499990e+01,
    4.237839141700000e+01
  ],
  ""type"": ""Point""
}","{
  ""coordinates"": [
    -83.220998635,
    42.378391417
  ],
  ""type"": ""Point""
}",-83.2209986349999,42.378391417
16121,9685507,W M 8,DAVISON,2016-04-21,21,4,2016,16,5,5,3,,1,0,,2,4,1,55,3,2,3,5,0,0,0,0,true,,false,false,false,false,false,,,,,,false,false,true,,,false,false,false,false,false,-83.14626,42.38634,"{
  ""coordinates"": [
    -8.314625996400000e+01,
    4.238634011700000e+01
  ],
  ""type"": ""Point""
}","{
  ""coordinates"": [
    -83.146259964,
    42.386340117
  ],
  ""type"": ""Point""
}",-83.146259964,42.386340117
16122,9682448,CENTRAL,MICHIGAN,2016-04-21,21,4,2016,18,5,5,2,,4,0,,2,1,1,25,2,2,1,5,0,0,0,0,true,,false,false,true,false,false,,,,,,false,false,false,,,false,false,false,false,false,-83.13756,42.33097,"{
  ""coordinates"": [
    -8.313756044199990e+01,
    4.233097318900010e+01
  ],
  ""type"": ""Point""
}","{
  ""coordinates"": [
    -83.137560442,
    42.330973189
  ],
  ""type"": ""Point""
}",-83.1375604419999,42.3309731890001
16123,9715521,JEFFERSON,FIELD,2016-04-21,21,4,2016,17,5,5,9,,4,0,,2,4,1,30,8,2,2,5,0,0,0,0,true,,false,false,true,false,false,,,,,,false,false,false,,,false,false,false,false,false,-83.00051,42.34782,"{
  ""coordinates"": [
    -8.300051262100000e+01,
    4.234782289300010e+01
  ],
  ""type"": ""Point""
}","{
  ""coordinates"": [
    -83.000512621,
    42.347822893
  ],
  ""type"": ""Point""
}",-83.000512621,42.3478228930001