ObjectId,Crash ID,Primary Road,Intersecting Road,Crash Date,Day,Month,Year,Hour,Weekday,Crash Type Code,Highway Classification Code,Community Code,Jurisdiction Code,Lane Departure Type Code,Surface Type,Road Condition,Weather Condition,Lighting Condition,Speed Limit,Lanes,Units,Occupants,Most Severe Injury,Fatal Injuries,Suspected Serious Injuries,Suspected Minor Injuries,Possible Injuries,Property Damage Only,Secondary Crash,Traffic Control,Red Light Run,Hit and Run,Alcohol,Drugs,Unbelted Person,Work Zone,Speeding Driver,Distracted Driver,Driveway,Pedestrian,Elderly Driver,Young Driver,Commercial Vehicle,Emergency Vehicles,Train,School Bus,Motorcycle,Bicycle,Deer,Longitude,Latitude,geom,geog,x,y
16124,9680515,VERNOR,MCDOUGALL,2016-04-21,21,4,2016,12,5,3,9,,4,0,,2,4,1,30,2,2,2,5,0,0,0,0,true,,false,false,false,false,false,,,,,,false,false,false,,,false,false,false,false,false,-83.02557,42.35192,"{
  ""coordinates"": [
    -8.302556304300001e+01,
    4.235192417700010e+01
  ],
  ""type"": ""Point""
}","{
  ""coordinates"": [
    -83.025563043,
    42.351924177
  ],
  ""type"": ""Point""
}",-83.025563043,42.3519241770001
16125,9684593,W M 8,DAVISON,2016-04-21,21,4,2016,16,5,1,3,,1,1,,2,4,1,55,3,1,1,5,0,0,0,0,true,,false,false,false,false,false,,,,,,false,false,false,,,false,false,false,false,false,-83.14627,42.38633,"{
  ""coordinates"": [
    -8.314627066799990e+01,
    4.238632859500010e+01
  ],
  ""type"": ""Point""
}","{
  ""coordinates"": [
    -83.146270668,
    42.386328595
  ],
  ""type"": ""Point""
}",-83.1462706679999,42.3863285950001
16126,9683042,I94 WB,MOROSS,2016-04-21,21,4,2016,5,5,1,1,,1,1,,1,1,4,0,3,1,1,5,0,0,0,0,true,,false,false,false,false,false,,,,,,false,false,false,,,false,false,false,false,false,-82.93083,42.42196,"{
  ""coordinates"": [
    -8.293083422399999e+01,
    4.242195353100000e+01
  ],
  ""type"": ""Point""
}","{
  ""coordinates"": [
    -82.930834224,
    42.421953531
  ],
  ""type"": ""Point""
}",-82.930834224,42.421953531
16127,9682482,MCCLELLAN,WARREN,2016-04-21,21,4,2016,16,5,4,9,,4,0,,2,4,1,30,6,2,3,3,0,0,1,1,false,,true,true,false,false,false,,,,,,false,false,false,,,false,false,false,false,false,-83.00034,42.38087,"{
  ""coordinates"": [
    -8.300033986499990e+01,
    4.238086879800010e+01
  ],
  ""type"": ""Point""
}","{
  ""coordinates"": [
    -83.000339865,
    42.380868798
  ],
  ""type"": ""Point""
}",-83.0003398649999,42.3808687980001
16128,9681378,MOROSS,W I 94,2016-04-21,21,4,2016,11,5,8,9,,2,0,,2,2,1,35,3,2,2,5,0,0,0,0,true,,false,false,false,false,false,,,,,,false,false,false,,,false,false,false,false,false,-82.92883,42.42443,"{
  ""coordinates"": [
    -8.292883092200000e+01,
    4.242442875900010e+01
  ],
  ""type"": ""Point""
}","{
  ""coordinates"": [
    -82.928830922,
    42.424428759
  ],
  ""type"": ""Point""
}",-82.928830922,42.4244287590001
16129,9683133,ACACIA,GRANDMONT,2016-04-21,21,4,2016,23,5,98,9,,,0,,1,1,5,0,2,2,1,5,0,0,0,0,true,,false,false,true,false,false,,,,,,false,false,false,,,false,false,false,false,false,-83.2108,42.39162,"{
  ""coordinates"": [
    -8.321079788100000e+01,
    4.239161924900000e+01
  ],
  ""type"": ""Point""
}","{
  ""coordinates"": [
    -83.210797881,
    42.391619249
  ],
  ""type"": ""Point""
}",-83.210797881,42.391619249
16130,9680438,W I 96,GREENFIELD,2016-04-21,21,4,2016,7,5,1,1,,1,1,,2,4,1,55,3,1,2,3,0,0,1,1,false,,false,false,false,false,false,,,,,,false,false,true,,,false,false,false,false,false,-83.19988,42.37923,"{
  ""coordinates"": [
    -8.319988557700000e+01,
    4.237922628800000e+01
  ],
  ""type"": ""Point""
}","{
  ""coordinates"": [
    -83.199885577,
    42.379226288
  ],
  ""type"": ""Point""
}",-83.199885577,42.379226288
16131,9683810,WYOMING,JOY,2016-04-21,21,4,2016,15,5,5,9,,4,0,,1,1,1,25,2,2,2,5,0,0,0,0,true,,false,false,false,false,false,,,,,,false,false,false,,,false,false,false,false,false,-83.15796,42.35892,"{
  ""coordinates"": [
    -8.315795608000001e+01,
    4.235891733000010e+01
  ],
  ""type"": ""Point""
}","{
  ""coordinates"": [
    -83.15795608,
    42.35891733
  ],
  ""type"": ""Point""
}",-83.15795608,42.3589173300001
16132,9680525,S I 75 SERVICE DRIVE,MCNICHOLS,2016-04-21,21,4,2016,9,5,7,1,,4,0,,2,4,1,35,3,2,1,4,0,0,0,1,false,,false,false,true,false,false,,,,,,false,false,false,,,false,false,false,false,false,-83.08851,42.41813,"{
  ""coordinates"": [
    -8.308850950199999e+01,
    4.241812878300000e+01
  ],
  ""type"": ""Point""
}","{
  ""coordinates"": [
    -83.088509502,
    42.418128783
  ],
  ""type"": ""Point""
}",-83.088509502,42.418128783
16133,9706325,CARLIN,VAN BUREN,2016-04-21,21,4,2016,13,5,5,9,,,0,,2,1,1,25,3,2,1,5,0,0,0,0,true,,false,false,false,false,false,,,,,,false,false,true,,,false,false,false,false,false,-83.17861,42.35673,"{
  ""coordinates"": [
    -8.317860859900000e+01,
    4.235672912800000e+01
  ],
  ""type"": ""Point""
}","{
  ""coordinates"": [
    -83.178608599,
    42.356729128
  ],
  ""type"": ""Point""
}",-83.178608599,42.356729128
16134,9680407,RAMP 047E,DAVISON,2016-04-21,21,4,2016,9,5,8,1,,1,0,,2,4,1,45,2,2,6,5,0,0,0,0,true,,false,false,false,false,false,,,,,,false,false,false,,,false,false,false,false,false,-83.07656,42.40881,"{
  ""coordinates"": [
    -8.307655888100000e+01,
    4.240880770100010e+01
  ],
  ""type"": ""Point""
}","{
  ""coordinates"": [
    -83.076558881,
    42.408807701
  ],
  ""type"": ""Point""
}",-83.076558881,42.4088077010001
16135,9682458,N M 10 SERVICE DRIVE,GRAND,2016-04-21,21,4,2016,21,5,5,9,,4,0,,1,1,4,30,8,2,1,3,0,0,1,0,false,,false,false,true,false,false,,,,,,false,false,false,,,false,false,false,false,false,-83.08138,42.36712,"{
  ""coordinates"": [
    -8.308137144499990e+01,
    4.236711983600000e+01
  ],
  ""type"": ""Point""
}","{
  ""coordinates"": [
    -83.081371445,
    42.367119836
  ],
  ""type"": ""Point""
}",-83.0813714449999,42.367119836
16136,9681351,ST MARYS,OUTER,2016-04-21,21,4,2016,21,5,4,9,,,0,,2,4,4,35,3,2,2,4,0,0,0,1,false,,false,false,false,false,false,,,,,,false,false,true,,,false,false,false,false,false,-83.20699,42.41918,"{
  ""coordinates"": [
    -8.320699192399999e+01,
    4.241917668800010e+01
  ],
  ""type"": ""Point""
}","{
  ""coordinates"": [
    -83.206991924,
    42.419176688
  ],
  ""type"": ""Point""
}",-83.206991924,42.4191766880001
16137,9681384,SORRENTO,CHIPPEWA,2016-04-21,21,4,2016,20,5,4,9,,,0,,1,1,4,25,2,2,1,5,0,0,0,0,true,,false,false,true,false,false,,,,,,false,false,false,,,false,false,false,false,false,-83.17434,42.44065,"{
  ""coordinates"": [
    -8.317433638700000e+01,
    4.244064644300000e+01
  ],
  ""type"": ""Point""
}","{
  ""coordinates"": [
    -83.174336387,
    42.440646443
  ],
  ""type"": ""Point""
}",-83.174336387,42.440646443
16138,9680510,WOODWARD,CLAIRMOUNT,2016-04-21,21,4,2016,1,5,5,3,,1,0,,2,4,1,30,5,2,2,5,0,0,0,0,true,,false,false,false,false,false,,,,,,false,false,false,,,false,false,false,false,false,-83.08174,42.38283,"{
  ""coordinates"": [
    -8.308173777099999e+01,
    4.238282594800010e+01
  ],
  ""type"": ""Point""
}","{
  ""coordinates"": [
    -83.081737771,
    42.382825948
  ],
  ""type"": ""Point""
}",-83.081737771,42.3828259480001
16139,9681380,SCHAEFER,PICKFORD,2016-04-21,21,4,2016,17,5,4,9,,4,0,,2,4,1,35,2,2,5,3,0,0,1,4,false,,false,false,false,false,false,,,,,,false,false,false,,,false,false,false,false,false,-83.18023,42.42571,"{
  ""coordinates"": [
    -8.318022720700000e+01,
    4.242570820600000e+01
  ],
  ""type"": ""Point""
}","{
  ""coordinates"": [
    -83.180227207,
    42.425708206
  ],
  ""type"": ""Point""
}",-83.180227207,42.425708206
16140,9680499,8 MILE,WOODWARD,2016-04-21,21,4,2016,16,5,5,3,,1,0,,2,4,1,45,4,2,2,5,0,0,0,0,true,,false,false,false,false,false,,,,,,false,false,false,,,false,false,false,false,false,-83.12297,42.44656,"{
  ""coordinates"": [
    -8.312296758199990e+01,
    4.244655987400010e+01
  ],
  ""type"": ""Point""
}","{
  ""coordinates"": [
    -83.122967582,
    42.446559874
  ],
  ""type"": ""Point""
}",-83.1229675819999,42.4465598740001
16141,9681377,GRATIOT,ANTIETAM,2016-04-21,21,4,2016,4,5,4,3,,1,0,,1,1,4,35,8,2,1,5,0,0,0,0,true,,false,false,true,false,false,,,,,,false,false,false,,,false,false,false,false,false,-83.04089,42.34073,"{
  ""coordinates"": [
    -8.304089063000001e+01,
    4.234073362700010e+01
  ],
  ""type"": ""Point""
}","{
  ""coordinates"": [
    -83.04089063,
    42.340733627
  ],
  ""type"": ""Point""
}",-83.04089063,42.3407336270001
16142,9680436,I-75,SCHAEFER,2016-04-21,21,4,2016,8,5,1,1,,1,1,,2,4,1,70,4,1,1,5,0,0,0,0,true,,false,false,false,false,false,,,,,,false,false,false,,,false,false,false,false,false,-83.15545,42.27763,"{
  ""coordinates"": [
    -8.315544597600000e+01,
    4.227762540100010e+01
  ],
  ""type"": ""Point""
}","{
  ""coordinates"": [
    -83.155445976,
    42.277625401
  ],
  ""type"": ""Point""
}",-83.155445976,42.2776254010001
16143,9680503,CHRYSLER SERVICE DR,MACK,2016-04-21,21,4,2016,17,5,5,1,,1,0,,2,2,1,25,3,2,5,4,0,0,0,2,false,,false,false,false,false,false,,,,,,false,false,false,,,false,false,false,false,false,-83.0481,42.35111,"{
  ""coordinates"": [
    -8.304809946899999e+01,
    4.235110666400000e+01
  ],
  ""type"": ""Point""
}","{
  ""coordinates"": [
    -83.048099469,
    42.351106664
  ],
  ""type"": ""Point""
}",-83.048099469,42.351106664
16144,9682279,M-39,FENKELL,2016-04-21,21,4,2016,17,5,5,3,,1,0,,2,2,1,55,3,3,3,5,0,0,0,0,true,,false,false,false,false,false,,,,,,false,true,false,,,false,false,false,false,false,-83.21838,42.40091,"{
  ""coordinates"": [
    -8.321837695999990e+01,
    4.240091307000010e+01
  ],
  ""type"": ""Point""
}","{
  ""coordinates"": [
    -83.21837696,
    42.40091307
  ],
  ""type"": ""Point""
}",-83.2183769599999,42.4009130700001
16145,9680502,GREENFIELD,PLYMOUTH,2016-04-21,21,4,2016,14,5,8,9,,2,0,,2,4,1,35,4,3,5,5,0,0,0,0,true,,false,false,false,false,false,,,,,,false,false,true,,,false,true,false,false,false,-83.19755,42.37249,"{
  ""coordinates"": [
    -8.319754881100000e+01,
    4.237248607600000e+01
  ],
  ""type"": ""Point""
}","{
  ""coordinates"": [
    -83.197548811,
    42.372486076
  ],
  ""type"": ""Point""
}",-83.197548811,42.372486076
16146,9687888,M-10,I-94,2016-04-21,21,4,2016,16,5,5,3,,1,0,,2,4,1,55,3,3,3,5,0,0,0,0,true,,false,false,false,false,false,,,,,,false,false,false,,,false,false,false,false,false,-83.07684,42.36039,"{
  ""coordinates"": [
    -8.307683234000000e+01,
    4.236038629200000e+01
  ],
  ""type"": ""Point""
}","{
  ""coordinates"": [
    -83.07683234,
    42.360386292
  ],
  ""type"": ""Point""
}",-83.07683234,42.360386292
16147,9715676,7 MILE,GRUEBNER,2016-04-21,21,4,2016,16,5,97,9,,4,0,,2,2,1,30,2,3,1,5,0,0,0,0,true,,false,false,true,false,false,,,,,,false,false,false,,,false,false,false,false,false,-83.01217,42.43422,"{
  ""coordinates"": [
    -8.301217232200000e+01,
    4.243422075300000e+01
  ],
  ""type"": ""Point""
}","{
  ""coordinates"": [
    -83.012172322,
    42.434220753
  ],
  ""type"": ""Point""
}",-83.012172322,42.434220753
16148,9683063,W I 96,RAMP 145B,2016-04-21,21,4,2016,23,5,8,1,,1,0,,2,4,4,55,2,2,1,5,0,0,0,0,true,,false,false,true,false,false,,,,,,false,false,true,,,false,false,false,false,false,-83.09196,42.33859,"{
  ""coordinates"": [
    -8.309195781299999e+01,
    4.233858991100000e+01
  ],
  ""type"": ""Point""
}","{
  ""coordinates"": [
    -83.091957813,
    42.338589911
  ],
  ""type"": ""Point""
}",-83.091957813,42.338589911
16149,9715685,CLEMENTS,DEXTER,2016-04-21,21,4,2016,20,5,5,9,,,0,,2,4,4,25,2,2,2,5,0,0,0,0,true,,false,false,false,false,false,,,,,,false,false,true,,,false,false,false,false,false,-83.13109,42.3907,"{
  ""coordinates"": [
    -8.313109057000000e+01,
    4.239069692300010e+01
  ],
  ""type"": ""Point""
}","{
  ""coordinates"": [
    -83.13109057,
    42.390696923
  ],
  ""type"": ""Point""
}",-83.13109057,42.3906969230001
16150,9683055,W/B I-94,CONCORD,2016-04-21,21,4,2016,23,5,1,1,,1,1,,2,4,4,55,3,1,1,5,0,0,0,0,true,,false,false,false,false,false,,,,,,false,false,true,,,false,false,false,false,false,-83.0284,42.38433,"{
  ""coordinates"": [
    -8.302840389200000e+01,
    4.238432693800010e+01
  ],
  ""type"": ""Point""
}","{
  ""coordinates"": [
    -83.028403892,
    42.384326938
  ],
  ""type"": ""Point""
}",-83.028403892,42.3843269380001
16151,9682259,I 94,BURNS,2016-04-21,21,4,2016,16,5,5,1,,1,0,,2,4,1,0,3,2,3,5,0,0,0,0,true,,false,false,false,false,false,,,,,,false,false,true,,,false,false,false,false,false,-83.01257,42.38928,"{
  ""coordinates"": [
    -8.301257016499990e+01,
    4.238927756300010e+01
  ],
  ""type"": ""Point""
}","{
  ""coordinates"": [
    -83.012570165,
    42.389277563
  ],
  ""type"": ""Point""
}",-83.0125701649999,42.3892775630001
16152,9680513,GRATIOT,ST.AUBIN,2016-04-21,21,4,2016,10,5,9,3,,1,0,,1,1,1,35,3,2,2,5,0,0,0,0,true,,false,false,false,false,false,,,,,,false,false,false,,,false,false,false,false,false,-83.0343,42.34928,"{
  ""coordinates"": [
    -8.303430044299991e+01,
    4.234928006200000e+01
  ],
  ""type"": ""Point""
}","{
  ""coordinates"": [
    -83.034300443,
    42.349280062
  ],
  ""type"": ""Point""
}",-83.0343004429999,42.349280062
16153,9680423,SOUTHFIELD,SCHOOLCRAFT,2016-04-21,21,4,2016,12,5,5,3,,1,0,,2,4,1,55,3,2,2,5,0,0,0,0,true,,false,false,false,false,false,,,,,,false,false,true,,,false,false,false,false,false,-83.21774,42.38691,"{
  ""coordinates"": [
    -8.321773466499999e+01,
    4.238691153900000e+01
  ],
  ""type"": ""Point""
}","{
  ""coordinates"": [
    -83.217734665,
    42.386911539
  ],
  ""type"": ""Point""
}",-83.217734665,42.386911539
16154,9681347,CONANT,7 MILE,2016-04-21,21,4,2016,22,5,4,9,,4,0,,2,4,3,30,4,2,5,4,0,0,0,4,false,,false,false,true,false,false,,,,,,false,false,false,,,false,false,false,false,false,-83.07369,42.43297,"{
  ""coordinates"": [
    -8.307369163200001e+01,
    4.243296638800010e+01
  ],
  ""type"": ""Point""
}","{
  ""coordinates"": [
    -83.073691632,
    42.432966388
  ],
  ""type"": ""Point""
}",-83.073691632,42.4329663880001
16155,9681361,CHARLEVOIX,BENITEAU,2016-04-21,21,4,2016,7,5,4,9,,4,0,,2,4,2,30,4,2,1,5,0,0,0,0,true,,false,false,true,false,false,,,,,,false,true,false,,,false,false,false,false,false,-82.97641,42.37354,"{
  ""coordinates"": [
    -8.297640647599999e+01,
    4.237353361600000e+01
  ],
  ""type"": ""Point""
}","{
  ""coordinates"": [
    -82.976406476,
    42.373533616
  ],
  ""type"": ""Point""
}",-82.976406476,42.373533616
16156,9682462,FERRY PARK,ROSA PARKS,2016-04-21,21,4,2016,16,5,4,9,,,0,,2,4,2,25,3,2,3,4,0,0,0,2,false,,false,false,false,false,false,,,,,,false,false,false,,,false,false,false,false,false,-83.09019,42.36248,"{
  ""coordinates"": [
    -8.309018374999989e+01,
    4.236248045600010e+01
  ],
  ""type"": ""Point""
}","{
  ""coordinates"": [
    -83.09018375,
    42.362480456
  ],
  ""type"": ""Point""
}",-83.0901837499999,42.3624804560001
16157,9680422,I-94,VAN DYKE,2016-04-21,21,4,2016,9,5,5,1,,1,0,,2,4,1,55,3,2,2,5,0,0,0,0,true,,false,false,false,false,false,,,,,,false,false,false,,,false,false,false,false,false,-83.02016,42.38628,"{
  ""coordinates"": [
    -8.302016755400000e+01,
    4.238627562900010e+01
  ],
  ""type"": ""Point""
}","{
  ""coordinates"": [
    -83.020167554,
    42.386275629
  ],
  ""type"": ""Point""
}",-83.020167554,42.3862756290001
16158,9681349,GRANDRIVER,KENTFORD,2016-04-21,21,4,2016,18,5,4,3,,1,0,,2,2,1,35,5,2,4,5,0,0,0,0,true,,false,false,false,false,false,,,,,,false,false,false,,,false,false,false,false,false,-83.22147,42.40198,"{
  ""coordinates"": [
    -8.322146694199991e+01,
    4.240197944900010e+01
  ],
  ""type"": ""Point""
}","{
  ""coordinates"": [
    -83.221466942,
    42.401979449
  ],
  ""type"": ""Point""
}",-83.2214669419999,42.4019794490001
16159,9680520,STATE FAIR,RALSTON,2016-04-21,21,4,2016,15,5,5,9,,4,0,,2,2,1,25,3,2,1,5,0,0,0,0,true,,false,false,true,false,false,,,,,,false,false,false,,,false,false,false,false,false,-83.1172,42.43933,"{
  ""coordinates"": [
    -8.311719495200001e+01,
    4.243932984300010e+01
  ],
  ""type"": ""Point""
}","{
  ""coordinates"": [
    -83.117194952,
    42.439329843
  ],
  ""type"": ""Point""
}",-83.117194952,42.4393298430001
16160,9685587,GREENFIELD,PLYMOUTH,2016-04-21,21,4,2016,8,5,97,9,,2,0,,1,1,1,25,2,2,1,5,0,0,0,0,true,,false,false,true,false,false,,,,,,false,false,false,,,false,false,false,false,false,-83.19756,42.37256,"{
  ""coordinates"": [
    -8.319755199799989e+01,
    4.237255834800000e+01
  ],
  ""type"": ""Point""
}","{
  ""coordinates"": [
    -83.197551998,
    42.372558348
  ],
  ""type"": ""Point""
}",-83.1975519979999,42.372558348
16161,9682471,N I 75 SERVICE DRIVE,CLARK,2016-04-21,21,4,2016,8,5,8,7,,4,0,,2,4,1,25,2,2,2,5,0,0,0,0,true,,false,false,false,false,false,,,,,,false,false,false,,,false,false,false,false,false,-83.09077,42.3132,"{
  ""coordinates"": [
    -8.309077292400001e+01,
    4.231319951700000e+01
  ],
  ""type"": ""Point""
}","{
  ""coordinates"": [
    -83.090772924,
    42.313199517
  ],
  ""type"": ""Point""
}",-83.090772924,42.313199517
16162,9680527,WYOMING,8 MILE,2016-04-21,21,4,2016,15,5,4,3,,2,0,,2,4,1,30,4,2,3,5,0,0,0,0,true,,true,true,false,false,false,,,,,,false,false,false,,,false,false,false,false,false,-83.1615,42.44564,"{
  ""coordinates"": [
    -8.316149608800001e+01,
    4.244564398400010e+01
  ],
  ""type"": ""Point""
}","{
  ""coordinates"": [
    -83.161496088,
    42.445643984
  ],
  ""type"": ""Point""
}",-83.161496088,42.4456439840001
16163,9706488,INDIANA,8 MILE,2016-04-21,21,4,2016,12,5,8,3,,,0,,2,4,1,25,2,2,2,5,0,0,0,0,true,,false,false,false,false,false,,,,,,false,true,false,,,false,false,false,false,false,-83.15933,42.44566,"{
  ""coordinates"": [
    -8.315933014900000e+01,
    4.244565508000010e+01
  ],
  ""type"": ""Point""
}","{
  ""coordinates"": [
    -83.159330149,
    42.44565508
  ],
  ""type"": ""Point""
}",-83.159330149,42.4456550800001
16164,9715753,DEXTER,HAZELWOOD,2016-04-21,21,4,2016,16,5,5,9,,4,3,,2,4,1,30,2,2,1,5,0,0,0,0,true,,false,false,false,false,false,,,,,,false,false,false,,,false,false,false,false,false,-83.11615,42.36798,"{
  ""coordinates"": [
    -8.311615227100000e+01,
    4.236798021800010e+01
  ],
  ""type"": ""Point""
}","{
  ""coordinates"": [
    -83.116152271,
    42.367980218
  ],
  ""type"": ""Point""
}",-83.116152271,42.3679802180001
16165,9693074,I-75,NEVADA,2016-04-21,21,4,2016,16,5,5,1,,1,0,,2,4,1,70,4,2,2,5,0,0,0,0,true,,false,false,true,false,false,,,,,,false,false,true,,,false,false,false,false,false,-83.09362,42.42509,"{
  ""coordinates"": [
    -8.309361989500000e+01,
    4.242508529000000e+01
  ],
  ""type"": ""Point""
}","{
  ""coordinates"": [
    -83.093619895,
    42.42508529
  ],
  ""type"": ""Point""
}",-83.093619895,42.42508529
16166,9706294,S M 10,RAMP 119B,2016-04-21,21,4,2016,8,5,8,3,,1,0,,2,4,1,55,3,2,2,5,0,0,0,0,true,,false,false,false,false,false,,,,,,false,false,false,,,false,false,false,false,false,-83.07,42.34722,"{
  ""coordinates"": [
    -8.306999826700000e+01,
    4.234721899500000e+01
  ],
  ""type"": ""Point""
}","{
  ""coordinates"": [
    -83.069998267,
    42.347218995
  ],
  ""type"": ""Point""
}",-83.069998267,42.347218995
16167,9688107,LAFAYETTE,SAINTE ANNE,2016-04-21,21,4,2016,2,5,1,9,,,0,,1,2,4,25,4,1,2,3,0,0,1,1,false,,false,false,false,false,false,,,,,,false,false,false,,,false,false,false,false,false,-83.07668,42.31994,"{
  ""coordinates"": [
    -8.307667386500000e+01,
    4.231994394900000e+01
  ],
  ""type"": ""Point""
}","{
  ""coordinates"": [
    -83.076673865,
    42.319943949
  ],
  ""type"": ""Point""
}",-83.076673865,42.319943949
16168,9681352,PAUL,FAUST,2016-04-21,21,4,2016,17,5,97,9,,4,0,,2,4,1,25,2,2,2,5,0,0,0,0,true,,false,false,false,false,false,,,,,,false,false,false,,,false,false,false,false,false,-83.22071,42.33606,"{
  ""coordinates"": [
    -8.322070940000000e+01,
    4.233606518000000e+01
  ],
  ""type"": ""Point""
}","{
  ""coordinates"": [
    -83.2207094,
    42.33606518
  ],
  ""type"": ""Point""
}",-83.2207094,42.33606518
16169,9706326,ARCHDALE,ORANGELAWN,2016-04-21,21,4,2016,20,5,98,9,,,0,,1,1,4,25,3,2,0,5,0,0,0,0,true,,false,false,true,false,false,,,,,,false,false,false,,,false,false,false,false,false,-83.21552,42.36756,"{
  ""coordinates"": [
    -8.321551167699990e+01,
    4.236756048100010e+01
  ],
  ""type"": ""Point""
}","{
  ""coordinates"": [
    -83.215511677,
    42.367560481
  ],
  ""type"": ""Point""
}",-83.2155116769999,42.3675604810001
16170,9690516,I 94,WOODWARD,2016-04-21,21,4,2016,15,5,5,1,,1,0,,2,4,1,55,3,3,4,5,0,0,0,0,true,,false,false,true,false,false,,,,,,false,false,true,,,false,false,false,false,false,-83.06911,42.36344,"{
  ""coordinates"": [
    -8.306911071899999e+01,
    4.236344312700000e+01
  ],
  ""type"": ""Point""
}","{
  ""coordinates"": [
    -83.069110719,
    42.363443127
  ],
  ""type"": ""Point""
}",-83.069110719,42.363443127
16171,9680514,SAINT AUBIN,MACK,2016-04-21,21,4,2016,14,5,4,9,,4,0,,2,1,1,25,4,2,2,5,0,0,0,0,true,,false,false,false,false,false,,,,,,false,false,false,,,false,false,false,false,false,-83.03825,42.35521,"{
  ""coordinates"": [
    -8.303824882600000e+01,
    4.235520975700010e+01
  ],
  ""type"": ""Point""
}","{
  ""coordinates"": [
    -83.038248826,
    42.355209757
  ],
  ""type"": ""Point""
}",-83.038248826,42.3552097570001
16172,9680507,S I 75 SERVICE DRIVE,CLIFFORD,2016-04-21,21,4,2016,11,5,8,9,,4,0,,2,4,1,25,3,2,2,5,0,0,0,0,true,,false,false,false,false,false,,,,,,false,false,false,,,false,false,false,false,false,-83.05601,42.33893,"{
  ""coordinates"": [
    -8.305601095999999e+01,
    4.233892674900010e+01
  ],
  ""type"": ""Point""
}","{
  ""coordinates"": [
    -83.05601096,
    42.338926749
  ],
  ""type"": ""Point""
}",-83.05601096,42.3389267490001
16173,9685508,W M 8,DAVISON,2016-04-21,21,4,2016,17,5,97,3,,1,0,,2,4,1,55,3,2,5,5,0,0,0,0,true,,false,false,false,false,false,,,,,,false,false,true,,,false,false,false,false,false,-83.14627,42.38633,"{
  ""coordinates"": [
    -8.314627066799990e+01,
    4.238632859500010e+01
  ],
  ""type"": ""Point""
}","{
  ""coordinates"": [
    -83.146270668,
    42.386328595
  ],
  ""type"": ""Point""
}",-83.1462706679999,42.3863285950001
16174,9715717,FAIRFIELD,PURITAN,2016-04-21,21,4,2016,23,5,97,9,,,0,,98,98,98,30,3,3,2,5,0,0,0,0,true,,false,false,true,false,false,,,,,,false,false,false,,,false,false,false,false,false,-83.13461,42.4098,"{
  ""coordinates"": [
    -8.313460323100000e+01,
    4.240979884400010e+01
  ],
  ""type"": ""Point""
}","{
  ""coordinates"": [
    -83.134603231,
    42.409798844
  ],
  ""type"": ""Point""
}",-83.134603231,42.4097988440001
16175,9683160,GRAND RIVER,14TH,2016-04-21,21,4,2016,16,5,5,3,,1,0,,7,4,1,30,7,2,1,4,0,0,0,1,false,,false,false,true,false,false,,,,,,false,false,false,,,false,false,false,false,false,-83.0855,42.34716,"{
  ""coordinates"": [
    -8.308550591200000e+01,
    4.234716272900000e+01
  ],
  ""type"": ""Point""
}","{
  ""coordinates"": [
    -83.085505912,
    42.347162729
  ],
  ""type"": ""Point""
}",-83.085505912,42.347162729
16176,9684573,I-94,MT ELLIOTT,2016-04-21,21,4,2016,15,5,5,1,,1,0,,2,4,1,55,3,2,2,5,0,0,0,0,true,,false,false,false,false,false,,,,,,false,false,true,,,false,false,false,false,false,-83.03367,42.37942,"{
  ""coordinates"": [
    -8.303366724599989e+01,
    4.237941881500010e+01
  ],
  ""type"": ""Point""
}","{
  ""coordinates"": [
    -83.033667246,
    42.379418815
  ],
  ""type"": ""Point""
}",-83.0336672459999,42.3794188150001
16177,9715764,VAN DYKE,GRIXDALE,2016-04-21,21,4,2016,15,5,8,3,,1,0,,2,4,1,35,5,2,3,3,0,0,1,0,false,,false,false,false,false,true,,,,,,false,false,false,,,false,false,false,false,false,-83.02408,42.42952,"{
  ""coordinates"": [
    -8.302408126099991e+01,
    4.242951399500000e+01
  ],
  ""type"": ""Point""
}","{
  ""coordinates"": [
    -83.024081261,
    42.429513995
  ],
  ""type"": ""Point""
}",-83.0240812609999,42.429513995
16178,9679671,7 MILE,BIRWOOD,2016-04-20,20,4,2016,16,4,5,9,,2,0,,1,1,1,35,3,2,1,5,0,0,0,0,true,,false,false,true,false,false,,,,,,false,false,false,,,false,false,false,false,false,-83.16491,42.43131,"{
  ""coordinates"": [
    -8.316491276600000e+01,
    4.243131085400010e+01
  ],
  ""type"": ""Point""
}","{
  ""coordinates"": [
    -83.164912766,
    42.431310854
  ],
  ""type"": ""Point""
}",-83.164912766,42.4313108540001
16179,9681379,HAYES,CORBETT,2016-04-20,20,4,2016,13,4,4,9,,4,0,,1,2,1,35,2,2,3,5,0,0,0,0,true,,false,false,true,false,false,,,,,,false,false,true,,,false,false,false,false,false,-82.96452,42.40909,"{
  ""coordinates"": [
    -8.296451444400000e+01,
    4.240909201400010e+01
  ],
  ""type"": ""Point""
}","{
  ""coordinates"": [
    -82.964514444,
    42.409092014
  ],
  ""type"": ""Point""
}",-82.964514444,42.4090920140001
16180,9679659,SUSSEX,7 MILE,2016-04-20,20,4,2016,17,4,97,9,,,0,,1,1,1,25,1,2,2,5,0,0,0,0,true,,false,false,false,false,false,,,,,,false,true,false,,,false,false,false,false,false,-83.19614,42.43073,"{
  ""coordinates"": [
    -8.319613846100000e+01,
    4.243073050500000e+01
  ],
  ""type"": ""Point""
}","{
  ""coordinates"": [
    -83.196138461,
    42.430730505
  ],
  ""type"": ""Point""
}",-83.196138461,42.430730505