ObjectId,Crash ID,Primary Road,Intersecting Road,Crash Date,Day,Month,Year,Hour,Weekday,Crash Type Code,Highway Classification Code,Community Code,Jurisdiction Code,Lane Departure Type Code,Surface Type,Road Condition,Weather Condition,Lighting Condition,Speed Limit,Lanes,Units,Occupants,Most Severe Injury,Fatal Injuries,Suspected Serious Injuries,Suspected Minor Injuries,Possible Injuries,Property Damage Only,Secondary Crash,Traffic Control,Red Light Run,Hit and Run,Alcohol,Drugs,Unbelted Person,Work Zone,Speeding Driver,Distracted Driver,Driveway,Pedestrian,Elderly Driver,Young Driver,Commercial Vehicle,Emergency Vehicles,Train,School Bus,Motorcycle,Bicycle,Deer,Longitude,Latitude,geom,geog,x,y
16238,9682277,N M 10,CLAIRMOUNT,2016-04-19,19,4,2016,11,3,1,3,,1,0,,1,1,1,55,3,1,1,5,0,0,0,0,true,,false,false,false,false,false,,,,,,false,false,true,,,false,false,false,false,false,-83.08948,42.37868,"{
  ""coordinates"": [
    -8.308947562299990e+01,
    4.237867637600000e+01
  ],
  ""type"": ""Point""
}","{
  ""coordinates"": [
    -83.089475623,
    42.378676376
  ],
  ""type"": ""Point""
}",-83.0894756229999,42.378676376
16239,9682446,CENTRAL,WHITTAKER,2016-04-19,19,4,2016,13,3,4,9,,4,0,,1,2,1,25,4,2,4,5,0,0,0,0,true,,false,false,false,false,false,,,,,,false,false,true,,,false,false,false,false,false,-83.12383,42.31196,"{
  ""coordinates"": [
    -8.312382417899990e+01,
    4.231196354500000e+01
  ],
  ""type"": ""Point""
}","{
  ""coordinates"": [
    -83.123824179,
    42.311963545
  ],
  ""type"": ""Point""
}",-83.1238241789999,42.311963545
16240,9706559,FITZPATRICK,CHICAGO,2016-04-19,19,4,2016,16,3,4,9,,4,0,,1,2,1,25,2,2,2,5,0,0,0,0,true,,true,false,false,false,false,,,,,,false,false,true,,,false,false,false,false,false,-83.2186,42.36497,"{
  ""coordinates"": [
    -8.321859703299999e+01,
    4.236497295300010e+01
  ],
  ""type"": ""Point""
}","{
  ""coordinates"": [
    -83.218597033,
    42.364972953
  ],
  ""type"": ""Point""
}",-83.218597033,42.3649729530001
16241,9682504,FOREST,LODGE SERVICE,2016-04-19,19,4,2016,18,3,4,9,,4,0,,1,1,1,25,4,2,2,5,0,0,0,0,true,,false,false,true,false,false,,,,,,false,false,false,,,false,false,false,false,false,-83.07174,42.35174,"{
  ""coordinates"": [
    -8.307174154599990e+01,
    4.235173741200000e+01
  ],
  ""type"": ""Point""
}","{
  ""coordinates"": [
    -83.071741546,
    42.351737412
  ],
  ""type"": ""Point""
}",-83.0717415459999,42.351737412
16242,9682489,KNODELL,ERWIN,2016-04-19,19,4,2016,17,3,4,9,,,0,,1,1,1,0,1,2,3,4,0,0,0,1,false,,false,false,true,false,false,,,,,,false,false,false,,,false,false,false,false,false,-83.01725,42.39838,"{
  ""coordinates"": [
    -8.301724668400000e+01,
    4.239837943700010e+01
  ],
  ""type"": ""Point""
}","{
  ""coordinates"": [
    -83.017246684,
    42.398379437
  ],
  ""type"": ""Point""
}",-83.017246684,42.3983794370001
16243,9706366,MEYERS,CAPITOL,2016-04-19,19,4,2016,15,3,8,9,,4,0,,1,1,1,35,2,4,2,5,0,0,0,0,true,,false,false,false,true,false,,,,,,false,false,false,,,false,false,false,false,false,-83.16829,42.37722,"{
  ""coordinates"": [
    -8.316829102299990e+01,
    4.237721897800000e+01
  ],
  ""type"": ""Point""
}","{
  ""coordinates"": [
    -83.168291023,
    42.377218978
  ],
  ""type"": ""Point""
}",-83.1682910229999,42.377218978
16244,9679654,VAN DYKE,SAVAGE,2016-04-19,19,4,2016,3,3,4,3,,1,0,,1,1,1,35,6,2,2,5,0,0,0,0,true,,false,false,false,false,false,,,,,,false,false,false,,,false,false,false,false,false,-83.02467,42.44623,"{
  ""coordinates"": [
    -8.302467421900000e+01,
    4.244622725100000e+01
  ],
  ""type"": ""Point""
}","{
  ""coordinates"": [
    -83.024674219,
    42.446227251
  ],
  ""type"": ""Point""
}",-83.024674219,42.446227251
16245,9690571,I 75,DAVISON,2016-04-19,19,4,2016,17,3,8,1,,1,0,,98,98,1,55,4,2,2,5,0,0,0,0,true,,false,false,false,false,false,,,,,,false,false,false,,,false,false,false,false,false,-83.07802,42.40763,"{
  ""coordinates"": [
    -8.307801458599990e+01,
    4.240762770700010e+01
  ],
  ""type"": ""Point""
}","{
  ""coordinates"": [
    -83.078014586,
    42.407627707
  ],
  ""type"": ""Point""
}",-83.0780145859999,42.4076277070001
16246,9715684,HARTFORD,MOORE,2016-04-19,19,4,2016,15,3,8,9,,,3,,1,1,1,0,2,2,0,5,0,0,0,0,true,,false,false,true,false,false,,,,,,false,false,false,,,false,false,false,false,false,-83.11344,42.35189,"{
  ""coordinates"": [
    -8.311343973300001e+01,
    4.235188621300010e+01
  ],
  ""type"": ""Point""
}","{
  ""coordinates"": [
    -83.113439733,
    42.351886213
  ],
  ""type"": ""Point""
}",-83.113439733,42.3518862130001
16247,9715865,LIVERNOIS,CAMBRIDGE,2016-04-19,19,4,2016,12,3,5,9,,4,0,,1,1,1,30,6,2,3,5,0,0,0,0,true,,false,false,false,false,false,,,,,,false,false,true,,,false,false,false,false,false,-83.14143,42.43352,"{
  ""coordinates"": [
    -8.314143238500000e+01,
    4.243351983000010e+01
  ],
  ""type"": ""Point""
}","{
  ""coordinates"": [
    -83.141432385,
    42.43351983
  ],
  ""type"": ""Point""
}",-83.141432385,42.4335198300001
16248,9682257,W I 94,JOHN R,2016-04-19,19,4,2016,17,3,5,1,,1,0,,1,1,1,55,3,4,3,4,0,0,0,1,false,,false,false,true,false,false,,,,,,false,false,true,,,false,false,false,false,false,-83.06732,42.36453,"{
  ""coordinates"": [
    -8.306731887900000e+01,
    4.236452710600000e+01
  ],
  ""type"": ""Point""
}","{
  ""coordinates"": [
    -83.067318879,
    42.364527106
  ],
  ""type"": ""Point""
}",-83.067318879,42.364527106
16249,9680500,PEMBROKE,COYLE,2016-04-19,19,4,2016,8,3,4,9,,4,0,,1,2,1,30,1,2,3,4,0,0,0,1,false,,false,false,true,false,false,,,,,,false,false,true,,,false,false,false,false,false,-83.19542,42.43778,"{
  ""coordinates"": [
    -8.319542125800000e+01,
    4.243777951500000e+01
  ],
  ""type"": ""Point""
}","{
  ""coordinates"": [
    -83.195421258,
    42.437779515
  ],
  ""type"": ""Point""
}",-83.195421258,42.437779515
16250,9792894,I 75,SPRINGWELLS,2016-04-19,19,4,2016,8,3,1,1,,1,0,,1,1,1,55,4,1,1,5,0,0,0,0,true,,false,false,false,false,false,,,,,,false,false,false,,,false,false,false,false,false,-83.12298,42.29895,"{
  ""coordinates"": [
    -8.312297818000000e+01,
    4.229894536600010e+01
  ],
  ""type"": ""Point""
}","{
  ""coordinates"": [
    -83.12297818,
    42.298945366
  ],
  ""type"": ""Point""
}",-83.12297818,42.2989453660001
16251,9715715,LIVERNOIS,PURITAN,2016-04-19,19,4,2016,5,3,1,9,,4,0,,1,1,1,35,3,1,2,5,0,0,0,0,true,,false,false,false,false,false,,,,,,false,false,false,,,false,false,false,false,false,-83.14043,42.40993,"{
  ""coordinates"": [
    -8.314042529300001e+01,
    4.240993338900010e+01
  ],
  ""type"": ""Point""
}","{
  ""coordinates"": [
    -83.140425293,
    42.409933389
  ],
  ""type"": ""Point""
}",-83.140425293,42.4099333890001
16252,9680517,FENMORE,PEMBROOKE,2016-04-19,19,4,2016,22,3,9,9,,,2,,1,1,4,25,4,2,2,5,0,0,0,0,true,,false,false,true,false,false,,,,,,false,false,false,,,false,false,false,false,false,-83.21825,42.43746,"{
  ""coordinates"": [
    -8.321825059699999e+01,
    4.243745919100010e+01
  ],
  ""type"": ""Point""
}","{
  ""coordinates"": [
    -83.218250597,
    42.437459191
  ],
  ""type"": ""Point""
}",-83.218250597,42.4374591910001
16253,9681354,GRAND RIVER,S M 39,2016-04-19,19,4,2016,0,3,9,3,,1,0,,1,1,4,30,4,2,2,5,0,0,0,0,true,,true,true,false,false,false,,,,,,false,false,true,,,false,false,false,false,false,-83.21836,42.40073,"{
  ""coordinates"": [
    -8.321836025700000e+01,
    4.240073003100010e+01
  ],
  ""type"": ""Point""
}","{
  ""coordinates"": [
    -83.218360257,
    42.400730031
  ],
  ""type"": ""Point""
}",-83.218360257,42.4007300310001
16254,9997437,SOBIESKI,FENELON,2016-04-19,19,4,2016,11,3,4,9,,,0,,1,1,1,25,2,2,2,5,0,0,0,0,true,,false,false,false,false,false,,,,,,false,false,false,,,false,false,false,false,false,-83.05231,42.41017,"{
  ""coordinates"": [
    -8.305231231700000e+01,
    4.241016845100010e+01
  ],
  ""type"": ""Point""
}","{
  ""coordinates"": [
    -83.052312317,
    42.410168451
  ],
  ""type"": ""Point""
}",-83.052312317,42.4101684510001
16255,9680504,MICHIGAN,FLORIDA,2016-04-19,19,4,2016,21,3,8,2,,1,0,,1,1,5,0,4,2,3,5,0,0,0,0,true,,false,false,true,false,false,,,,,,false,false,false,,,false,false,false,false,false,-83.13627,42.33109,"{
  ""coordinates"": [
    -8.313627151400000e+01,
    4.233108862200000e+01
  ],
  ""type"": ""Point""
}","{
  ""coordinates"": [
    -83.136271514,
    42.331088622
  ],
  ""type"": ""Point""
}",-83.136271514,42.331088622
16256,9679666,SAWYER,MINOCK,2016-04-19,19,4,2016,9,3,8,9,,,0,,1,1,1,25,1,2,0,5,0,0,0,0,true,,false,false,true,false,false,,,,,,false,false,false,,,false,false,false,false,false,-83.23182,42.34684,"{
  ""coordinates"": [
    -8.323182003200000e+01,
    4.234684460400010e+01
  ],
  ""type"": ""Point""
}","{
  ""coordinates"": [
    -83.231820032,
    42.346844604
  ],
  ""type"": ""Point""
}",-83.231820032,42.3468446040001
16257,9707682,VERNOR,MELDRUM,2016-04-19,19,4,2016,4,3,97,9,,4,0,,1,1,1,30,2,2,2,5,0,0,0,0,true,,false,false,false,false,false,,,,,,false,false,false,,,false,false,false,false,false,-83.01623,42.35546,"{
  ""coordinates"": [
    -8.301622670499999e+01,
    4.235545733400010e+01
  ],
  ""type"": ""Point""
}","{
  ""coordinates"": [
    -83.016226705,
    42.355457334
  ],
  ""type"": ""Point""
}",-83.016226705,42.3554573340001
16258,9683155,OUTER,S M 10,2016-04-19,19,4,2016,19,3,5,9,,2,0,,1,1,1,30,3,2,3,5,0,0,0,0,true,,false,false,true,false,false,,,,,,false,true,false,,,false,false,false,false,false,-83.17622,42.42084,"{
  ""coordinates"": [
    -8.317621910500000e+01,
    4.242083827300010e+01
  ],
  ""type"": ""Point""
}","{
  ""coordinates"": [
    -83.176219105,
    42.420838273
  ],
  ""type"": ""Point""
}",-83.176219105,42.4208382730001
16259,9682463,THIRD,HAZELWOOD,2016-04-19,19,4,2016,18,3,1,9,,4,0,,1,1,1,0,1,2,2,5,0,0,0,0,true,,false,false,true,false,false,,,,,,false,false,false,,,false,false,false,true,false,-83.08665,42.379,"{
  ""coordinates"": [
    -8.308664437800000e+01,
    4.237899954900010e+01
  ],
  ""type"": ""Point""
}","{
  ""coordinates"": [
    -83.086644378,
    42.378999549
  ],
  ""type"": ""Point""
}",-83.086644378,42.3789995490001
16260,9736313,E I 94,SAGINAW,2016-04-19,19,4,2016,18,3,5,1,,1,0,,1,1,1,55,3,2,2,5,0,0,0,0,true,,false,false,false,false,false,,,,,,false,false,false,,,false,false,false,false,false,-83.03432,42.37884,"{
  ""coordinates"": [
    -8.303431608699999e+01,
    4.237883921800010e+01
  ],
  ""type"": ""Point""
}","{
  ""coordinates"": [
    -83.034316087,
    42.378839218
  ],
  ""type"": ""Point""
}",-83.034316087,42.3788392180001
16261,9682294,N/B M-10,WYOMING,2016-04-19,19,4,2016,22,3,5,3,,1,0,,1,1,4,55,3,3,8,4,0,0,0,3,false,,false,false,false,true,false,,,,,,false,false,false,,,false,false,false,false,false,-83.16168,42.40627,"{
  ""coordinates"": [
    -8.316168168099991e+01,
    4.240627359800000e+01
  ],
  ""type"": ""Point""
}","{
  ""coordinates"": [
    -83.161681681,
    42.406273598
  ],
  ""type"": ""Point""
}",-83.1616816809999,42.406273598
16262,9682437,OLIVET,LAWNDALE,2016-04-19,19,4,2016,19,3,5,9,,,0,,1,1,1,25,1,2,1,5,0,0,0,0,true,,false,false,true,false,false,,,,,,false,false,false,,,false,false,false,false,false,-83.12643,42.29992,"{
  ""coordinates"": [
    -8.312643239200000e+01,
    4.229991436400010e+01
  ],
  ""type"": ""Point""
}","{
  ""coordinates"": [
    -83.126432392,
    42.299914364
  ],
  ""type"": ""Point""
}",-83.126432392,42.2999143640001
16263,9715594,GRATIOT,YOUNG,2016-04-19,19,4,2016,14,3,8,3,,1,0,,1,1,1,35,7,2,2,5,0,0,0,0,true,,false,false,true,false,false,,,,,,false,false,false,,,false,false,false,false,false,-82.98528,42.42356,"{
  ""coordinates"": [
    -8.298527570600000e+01,
    4.242356556200010e+01
  ],
  ""type"": ""Point""
}","{
  ""coordinates"": [
    -82.985275706,
    42.423565562
  ],
  ""type"": ""Point""
}",-82.985275706,42.4235655620001
16264,9715714,MACK,WOODWARD,2016-04-19,19,4,2016,12,3,5,3,,4,0,,1,1,1,35,3,2,4,5,0,0,0,0,true,,false,false,false,false,false,,,,,,false,true,false,,,false,false,false,false,false,-83.05799,42.3475,"{
  ""coordinates"": [
    -8.305799432399991e+01,
    4.234750415200010e+01
  ],
  ""type"": ""Point""
}","{
  ""coordinates"": [
    -83.057994324,
    42.347504152
  ],
  ""type"": ""Point""
}",-83.0579943239999,42.3475041520001
16265,9682467,SCHAEFER,N SCHAEFER/S I 75,2016-04-19,19,4,2016,14,3,8,7,,1,0,,1,1,1,35,3,2,3,5,0,0,0,0,true,,false,false,false,false,false,,,,,,false,false,false,,,false,false,false,false,false,-83.15736,42.27808,"{
  ""coordinates"": [
    -8.315735825900001e+01,
    4.227807774300000e+01
  ],
  ""type"": ""Point""
}","{
  ""coordinates"": [
    -83.157358259,
    42.278077743
  ],
  ""type"": ""Point""
}",-83.157358259,42.278077743
16266,9683141,WASHINGTON,CLIFFORD,2016-04-19,19,4,2016,23,3,5,9,,4,3,,1,1,4,30,2,2,1,5,0,0,0,0,true,,false,false,false,false,false,,,,,,false,false,false,,,false,false,false,false,false,-83.05119,42.33456,"{
  ""coordinates"": [
    -8.305118833700000e+01,
    4.233456204800010e+01
  ],
  ""type"": ""Point""
}","{
  ""coordinates"": [
    -83.051188337,
    42.334562048
  ],
  ""type"": ""Point""
}",-83.051188337,42.3345620480001
16267,9792741,N/B I-75,WARREN,2016-04-19,19,4,2016,16,3,5,1,,1,0,,1,1,1,55,5,2,2,4,0,0,0,1,false,,false,false,false,false,false,,,,,,false,false,false,,,false,false,false,false,false,-83.05407,42.36058,"{
  ""coordinates"": [
    -8.305406667499990e+01,
    4.236058611100000e+01
  ],
  ""type"": ""Point""
}","{
  ""coordinates"": [
    -83.054066675,
    42.360586111
  ],
  ""type"": ""Point""
}",-83.0540666749999,42.360586111
16268,9705006,PAUL,ASHTON,2016-04-19,19,4,2016,0,3,3,9,,4,0,,1,1,4,25,2,2,5,3,0,0,1,0,false,,false,false,true,false,false,,,,,,false,false,false,,,false,false,false,false,false,-83.21693,42.33612,"{
  ""coordinates"": [
    -8.321692488900000e+01,
    4.233611519900010e+01
  ],
  ""type"": ""Point""
}","{
  ""coordinates"": [
    -83.216924889,
    42.336115199
  ],
  ""type"": ""Point""
}",-83.216924889,42.3361151990001
16269,9679657,LEEWIN,BERG,2016-04-19,19,4,2016,15,3,5,9,,,0,,1,1,1,25,2,2,3,5,0,0,0,0,true,,false,false,false,false,false,,,,,,false,true,false,,,false,false,false,false,false,-83.26819,42.43705,"{
  ""coordinates"": [
    -8.326818577900001e+01,
    4.243705404600010e+01
  ],
  ""type"": ""Point""
}","{
  ""coordinates"": [
    -83.268185779,
    42.437054046
  ],
  ""type"": ""Point""
}",-83.268185779,42.4370540460001
16270,9705038,MEYERS,SANTA MARIA,2016-04-19,19,4,2016,8,3,4,9,,4,0,,1,1,1,35,2,2,2,5,0,0,0,0,true,,true,false,false,false,false,,,,,,false,false,false,,,false,false,false,false,false,-83.1702,42.41848,"{
  ""coordinates"": [
    -8.317019523800001e+01,
    4.241847726700010e+01
  ],
  ""type"": ""Point""
}","{
  ""coordinates"": [
    -83.170195238,
    42.418477267
  ],
  ""type"": ""Point""
}",-83.170195238,42.4184772670001
16271,9682278,E/B I-96,M-39,2016-04-19,19,4,2016,13,3,8,1,,1,0,,1,1,1,50,3,2,2,4,0,0,0,1,false,,false,false,true,false,false,,,,,,false,false,false,,,false,false,false,false,false,-83.22195,42.37828,"{
  ""coordinates"": [
    -8.322194449599991e+01,
    4.237827606400000e+01
  ],
  ""type"": ""Point""
}","{
  ""coordinates"": [
    -83.221944496,
    42.378276064
  ],
  ""type"": ""Point""
}",-83.2219444959999,42.378276064
16272,9682306,M-10,WYOMING,2016-04-19,19,4,2016,9,3,5,3,,1,0,,1,1,1,55,3,2,3,5,0,0,0,0,true,,false,false,false,false,false,,,,,,false,false,false,,,false,false,false,false,false,-83.16042,42.4054,"{
  ""coordinates"": [
    -8.316042512500000e+01,
    4.240539555100000e+01
  ],
  ""type"": ""Point""
}","{
  ""coordinates"": [
    -83.160425125,
    42.405395551
  ],
  ""type"": ""Point""
}",-83.160425125,42.405395551
16273,9688876,VERNOR,MELDRUM,2016-04-19,19,4,2016,4,3,97,9,,4,0,,1,1,1,30,2,2,2,5,0,0,0,0,true,,false,false,false,false,false,,,,,,false,false,false,,,false,false,false,false,false,-83.01623,42.35546,"{
  ""coordinates"": [
    -8.301622670499999e+01,
    4.235545733400010e+01
  ],
  ""type"": ""Point""
}","{
  ""coordinates"": [
    -83.016226705,
    42.355457334
  ],
  ""type"": ""Point""
}",-83.016226705,42.3554573340001
16274,9699721,N M 10,RAMP 103C,2016-04-19,19,4,2016,20,3,5,3,,1,3,,1,1,3,55,3,3,3,1,1,0,0,1,false,,false,false,true,true,true,,,,,,true,false,false,,,false,false,false,false,false,-83.18377,42.42807,"{
  ""coordinates"": [
    -8.318377300400000e+01,
    4.242807468300000e+01
  ],
  ""type"": ""Point""
}","{
  ""coordinates"": [
    -83.183773004,
    42.428074683
  ],
  ""type"": ""Point""
}",-83.183773004,42.428074683
16275,9678532,JEFFERSON,BEAUBIEN,2016-04-18,18,4,2016,8,2,4,4,,1,0,,1,1,1,30,5,2,2,5,0,0,0,0,true,,false,false,false,false,false,,,,,,false,false,true,,,false,false,false,false,false,-83.03958,42.33062,"{
  ""coordinates"": [
    -8.303957944099990e+01,
    4.233061634300000e+01
  ],
  ""type"": ""Point""
}","{
  ""coordinates"": [
    -83.039579441,
    42.330616343
  ],
  ""type"": ""Point""
}",-83.0395794409999,42.330616343
16276,9679598,W I 96,SCHAEFER,2016-04-18,18,4,2016,2,2,5,1,,1,0,,1,2,5,55,3,2,2,5,0,0,0,0,true,,false,false,false,false,false,,,,,,false,false,false,,,false,false,false,false,false,-83.17899,42.38318,"{
  ""coordinates"": [
    -8.317899223800001e+01,
    4.238317704200010e+01
  ],
  ""type"": ""Point""
}","{
  ""coordinates"": [
    -83.178992238,
    42.383177042
  ],
  ""type"": ""Point""
}",-83.178992238,42.3831770420001
16277,9792897,I 94,BARRETT,2016-04-18,18,4,2016,9,2,5,1,,1,0,,1,1,1,55,3,4,4,5,0,0,0,0,true,,false,false,false,false,false,,,,,,false,false,true,,,false,false,false,false,false,-82.98308,42.39883,"{
  ""coordinates"": [
    -8.298308151299990e+01,
    4.239883498000010e+01
  ],
  ""type"": ""Point""
}","{
  ""coordinates"": [
    -82.983081513,
    42.39883498
  ],
  ""type"": ""Point""
}",-82.9830815129999,42.3988349800001
16278,9681370,EVERGREEN,MCNICHOLS,2016-04-18,18,4,2016,9,2,5,9,,4,0,,1,1,1,30,4,2,1,5,0,0,0,0,true,,false,false,true,false,false,,,,,,false,false,false,,,false,false,false,false,false,-83.23819,42.41502,"{
  ""coordinates"": [
    -8.323818754099990e+01,
    4.241501717400010e+01
  ],
  ""type"": ""Point""
}","{
  ""coordinates"": [
    -83.238187541,
    42.415017174
  ],
  ""type"": ""Point""
}",-83.2381875409999,42.4150171740001
16279,9681253,I-96,M-39,2016-04-18,18,4,2016,6,2,8,1,,1,0,,1,1,5,55,3,2,1,5,0,0,0,0,true,,false,false,true,false,false,,,,,,false,false,false,,,false,false,false,false,false,-83.22195,42.37828,"{
  ""coordinates"": [
    -8.322194449599991e+01,
    4.237827606400000e+01
  ],
  ""type"": ""Point""
}","{
  ""coordinates"": [
    -83.221944496,
    42.378276064
  ],
  ""type"": ""Point""
}",-83.2219444959999,42.378276064
16280,9678568,8 MILE,WOODWARD,2016-04-18,18,4,2016,14,2,97,3,,1,0,,1,1,1,40,4,2,1,3,0,0,1,0,false,,false,false,true,false,false,,,,,,false,false,false,,,false,false,false,true,false,-83.12492,42.4465,"{
  ""coordinates"": [
    -8.312492130000000e+01,
    4.244650299600000e+01
  ],
  ""type"": ""Point""
}","{
  ""coordinates"": [
    -83.1249213,
    42.446502996
  ],
  ""type"": ""Point""
}",-83.1249213,42.446502996
16281,9680509,I-75,WARREN,2016-04-18,18,4,2016,11,2,8,1,,1,0,,1,1,1,55,4,2,3,5,0,0,0,0,true,,false,false,true,false,false,,,,,,false,true,false,,,false,false,false,false,false,-83.0544,42.3612,"{
  ""coordinates"": [
    -8.305439612700000e+01,
    4.236120389500010e+01
  ],
  ""type"": ""Point""
}","{
  ""coordinates"": [
    -83.054396127,
    42.361203895
  ],
  ""type"": ""Point""
}",-83.054396127,42.3612038950001
16282,9681375,RAMP 136C,GREENFIELD,2016-04-18,18,4,2016,22,2,3,1,,1,0,,1,1,4,35,4,2,3,5,0,0,0,0,true,,false,false,false,false,false,,,,,,false,false,false,,,false,false,false,false,false,-83.19804,42.37959,"{
  ""coordinates"": [
    -8.319804155700000e+01,
    4.237959233600000e+01
  ],
  ""type"": ""Point""
}","{
  ""coordinates"": [
    -83.198041557,
    42.379592336
  ],
  ""type"": ""Point""
}",-83.198041557,42.379592336
16283,9678555,GRATIOT,JOSEPH CAMPAU,2016-04-18,18,4,2016,8,2,5,3,,1,0,,1,1,1,35,3,2,2,4,0,0,0,1,false,,false,false,false,false,false,,,,,,false,false,true,,,false,false,false,false,false,-83.03022,42.35527,"{
  ""coordinates"": [
    -8.303022359200000e+01,
    4.235526692100010e+01
  ],
  ""type"": ""Point""
}","{
  ""coordinates"": [
    -83.030223592,
    42.355266921
  ],
  ""type"": ""Point""
}",-83.030223592,42.3552669210001
16284,9682443,LONYO,JOHN KRONK,2016-04-18,18,4,2016,19,2,97,9,,4,1,,1,1,1,30,1,1,1,4,0,0,0,1,false,,false,false,false,false,false,,,,,,false,false,false,,,false,false,false,false,false,-83.13731,42.32063,"{
  ""coordinates"": [
    -8.313730470699990e+01,
    4.232062607200000e+01
  ],
  ""type"": ""Point""
}","{
  ""coordinates"": [
    -83.137304707,
    42.320626072
  ],
  ""type"": ""Point""
}",-83.1373047069999,42.320626072
16285,9678513,EXETER,STATE FAIR,2016-04-18,18,4,2016,8,2,1,9,,,1,,1,1,1,25,2,1,1,5,0,0,0,0,true,,false,false,false,false,false,,,,,,false,false,false,,,false,false,false,false,false,-83.10503,42.43957,"{
  ""coordinates"": [
    -8.310503165499991e+01,
    4.243956998700000e+01
  ],
  ""type"": ""Point""
}","{
  ""coordinates"": [
    -83.105031655,
    42.439569987
  ],
  ""type"": ""Point""
}",-83.1050316549999,42.439569987
16286,9679662,WYOMING,SCHOOLCRAFT,2016-04-18,18,4,2016,18,2,5,9,,4,0,,1,2,1,30,3,2,2,5,0,0,0,0,true,,false,false,false,false,false,,,,,,false,false,true,,,false,false,false,false,false,-83.15905,42.38822,"{
  ""coordinates"": [
    -8.315904982700000e+01,
    4.238822362300000e+01
  ],
  ""type"": ""Point""
}","{
  ""coordinates"": [
    -83.159049827,
    42.388223623
  ],
  ""type"": ""Point""
}",-83.159049827,42.388223623
16287,9680531,HUGHES,14TH,2016-04-18,18,4,2016,23,2,4,9,,,0,,1,1,4,25,4,2,2,4,0,0,0,1,false,,false,false,true,false,false,,,,,,false,false,false,,,false,false,false,false,false,-83.12007,42.4055,"{
  ""coordinates"": [
    -8.312006896400000e+01,
    4.240550288000000e+01
  ],
  ""type"": ""Point""
}","{
  ""coordinates"": [
    -83.120068964,
    42.40550288
  ],
  ""type"": ""Point""
}",-83.120068964,42.40550288
16288,9678534,PLYMOUTH,SCHAEFER,2016-04-18,18,4,2016,12,2,5,9,,4,0,,1,1,4,35,4,2,3,5,0,0,0,0,true,,false,false,false,false,false,,,,,,false,false,true,,,false,false,false,false,false,-83.17795,42.37304,"{
  ""coordinates"": [
    -8.317794515199989e+01,
    4.237303679900000e+01
  ],
  ""type"": ""Point""
}","{
  ""coordinates"": [
    -83.177945152,
    42.373036799
  ],
  ""type"": ""Point""
}",-83.1779451519999,42.373036799
16289,9678518,CHANDLER,RADNOR,2016-04-18,18,4,2016,16,2,4,9,,2,0,,1,1,1,30,2,2,2,5,0,0,0,0,true,,false,false,true,false,false,,,,,,false,false,false,,,false,false,false,false,false,-82.92173,42.41503,"{
  ""coordinates"": [
    -8.292173286900000e+01,
    4.241503275200010e+01
  ],
  ""type"": ""Point""
}","{
  ""coordinates"": [
    -82.921732869,
    42.415032752
  ],
  ""type"": ""Point""
}",-82.921732869,42.4150327520001
16290,9678594,JOHN R,BRADY,2016-04-18,18,4,2016,15,2,9,9,,4,2,,1,1,1,25,4,2,2,5,0,0,0,0,true,,false,false,true,false,false,,,,,,false,false,true,,,false,false,false,false,false,-83.05638,42.34903,"{
  ""coordinates"": [
    -8.305638501800000e+01,
    4.234903394100010e+01
  ],
  ""type"": ""Point""
}","{
  ""coordinates"": [
    -83.056385018,
    42.349033941
  ],
  ""type"": ""Point""
}",-83.056385018,42.3490339410001
16291,9679548,M39,7 MILE,2016-04-18,18,4,2016,0,2,8,3,,1,0,,1,2,4,55,3,2,3,3,0,0,1,0,false,,false,false,false,false,false,,,,,,false,false,false,,,false,false,true,false,false,-83.21916,42.42865,"{
  ""coordinates"": [
    -8.321916114100000e+01,
    4.242864737600010e+01
  ],
  ""type"": ""Point""
}","{
  ""coordinates"": [
    -83.219161141,
    42.428647376
  ],
  ""type"": ""Point""
}",-83.219161141,42.4286473760001
16292,9678519,N M 39 SERVICE DRIVE,WARREN,2016-04-18,18,4,2016,18,2,5,9,,4,0,,1,1,1,55,3,2,2,5,0,0,0,0,true,,false,false,false,false,false,,,,,,false,false,false,,,false,false,false,false,false,-83.21571,42.34336,"{
  ""coordinates"": [
    -8.321570655200000e+01,
    4.234336072100010e+01
  ],
  ""type"": ""Point""
}","{
  ""coordinates"": [
    -83.215706552,
    42.343360721
  ],
  ""type"": ""Point""
}",-83.215706552,42.3433607210001
16293,9677771,N M 10 SERVICE DRIVE,GRAND,2016-04-18,18,4,2016,8,2,4,9,,4,0,,1,1,1,25,3,2,3,3,0,0,1,1,false,,true,true,false,false,false,,,,,,false,true,false,,,false,false,false,false,false,-83.08138,42.36713,"{
  ""coordinates"": [
    -8.308138028400001e+01,
    4.236713271800010e+01
  ],
  ""type"": ""Point""
}","{
  ""coordinates"": [
    -83.081380284,
    42.367132718
  ],
  ""type"": ""Point""
}",-83.081380284,42.3671327180001
16294,9682436,BARLUM,GILBERT,2016-04-18,18,4,2016,18,2,8,9,,,0,,1,1,1,25,1,2,3,5,0,0,0,0,true,,false,false,false,false,false,,,,,,false,false,true,,,false,false,false,false,false,-83.13261,42.3427,"{
  ""coordinates"": [
    -8.313260339500000e+01,
    4.234269903900010e+01
  ],
  ""type"": ""Point""
}","{
  ""coordinates"": [
    -83.132603395,
    42.342699039
  ],
  ""type"": ""Point""
}",-83.132603395,42.3426990390001