ObjectId,Crash ID,Primary Road,Intersecting Road,Crash Date,Day,Month,Year,Hour,Weekday,Crash Type Code,Highway Classification Code,Community Code,Jurisdiction Code,Lane Departure Type Code,Surface Type,Road Condition,Weather Condition,Lighting Condition,Speed Limit,Lanes,Units,Occupants,Most Severe Injury,Fatal Injuries,Suspected Serious Injuries,Suspected Minor Injuries,Possible Injuries,Property Damage Only,Secondary Crash,Traffic Control,Red Light Run,Hit and Run,Alcohol,Drugs,Unbelted Person,Work Zone,Speeding Driver,Distracted Driver,Driveway,Pedestrian,Elderly Driver,Young Driver,Commercial Vehicle,Emergency Vehicles,Train,School Bus,Motorcycle,Bicycle,Deer,Longitude,Latitude,geom,geog,x,y
16465,9677779,GRATIOT,MCDOUGALL,2016-04-15,15,4,2016,11,6,8,3,,1,0,,1,1,1,35,2,2,2,5,0,0,0,0,true,,false,false,false,false,false,,,,,,false,false,false,,,false,false,false,false,false,-83.02899,42.35714,"{
  ""coordinates"": [
    -8.302899472099990e+01,
    4.235714023000000e+01
  ],
  ""type"": ""Point""
}","{
  ""coordinates"": [
    -83.028994721,
    42.35714023
  ],
  ""type"": ""Point""
}",-83.0289947209999,42.35714023
16466,9685565,RAMP 016B,S I 375 SERVICE DRIVE,2016-04-15,15,4,2016,19,6,4,1,,1,0,,1,1,1,30,6,2,3,5,0,0,0,0,true,,false,false,false,false,false,,,,,,false,false,true,,,false,false,false,false,false,-83.03712,42.33376,"{
  ""coordinates"": [
    -8.303712834000000e+01,
    4.233375895200000e+01
  ],
  ""type"": ""Point""
}","{
  ""coordinates"": [
    -83.03712834,
    42.333758952
  ],
  ""type"": ""Point""
}",-83.03712834,42.333758952
16467,9676906,WYOMING,PICKFORD,2016-04-15,15,4,2016,17,6,4,9,,4,0,,1,1,1,30,2,2,4,5,0,0,0,0,true,,false,false,false,false,false,,,,,,false,true,true,,,false,false,false,false,false,-83.16077,42.42597,"{
  ""coordinates"": [
    -8.316077669200000e+01,
    4.242597097000000e+01
  ],
  ""type"": ""Point""
}","{
  ""coordinates"": [
    -83.160776692,
    42.42597097
  ],
  ""type"": ""Point""
}",-83.160776692,42.42597097
16468,9676982,MEYERS,MCNICHOLS,2016-04-15,15,4,2016,13,6,8,9,,4,0,,1,1,1,30,4,2,2,5,0,0,0,0,true,,false,false,false,false,false,,,,,,false,true,false,,,false,false,false,false,false,-83.17013,42.41677,"{
  ""coordinates"": [
    -8.317012462500000e+01,
    4.241677068300000e+01
  ],
  ""type"": ""Point""
}","{
  ""coordinates"": [
    -83.170124625,
    42.416770683
  ],
  ""type"": ""Point""
}",-83.170124625,42.416770683
16469,9677885,I-96,JOY,2016-04-15,15,4,2016,11,6,8,1,,1,0,,1,1,1,70,4,2,1,5,0,0,0,0,true,,false,false,false,false,false,,,,,,false,false,false,,,false,false,false,false,false,-83.12246,42.36124,"{
  ""coordinates"": [
    -8.312245904600000e+01,
    4.236124096300010e+01
  ],
  ""type"": ""Point""
}","{
  ""coordinates"": [
    -83.122459046,
    42.361240963
  ],
  ""type"": ""Point""
}",-83.122459046,42.3612409630001
16470,9678530,W I 96 SERVICE DRIVE,WOODSIDE,2016-04-15,15,4,2016,19,6,4,9,,4,0,,1,1,1,30,4,2,2,4,0,0,0,2,false,,true,true,false,false,false,,,,,,false,false,true,,,false,false,false,false,false,-83.13781,42.3674,"{
  ""coordinates"": [
    -8.313780917100000e+01,
    4.236739821000000e+01
  ],
  ""type"": ""Point""
}","{
  ""coordinates"": [
    -83.137809171,
    42.36739821
  ],
  ""type"": ""Point""
}",-83.137809171,42.36739821
16471,9678593,KIRBY,LODGE SERVICE,2016-04-15,15,4,2016,15,6,8,9,,4,0,,1,1,1,15,2,2,2,5,0,0,0,0,true,,false,false,false,false,false,,,,,,false,false,true,,,false,false,false,false,false,-83.07455,42.35746,"{
  ""coordinates"": [
    -8.307454528700001e+01,
    4.235745450200010e+01
  ],
  ""type"": ""Point""
}","{
  ""coordinates"": [
    -83.074545287,
    42.357454502
  ],
  ""type"": ""Point""
}",-83.074545287,42.3574545020001
16472,9715698,GRAND RIVER,MONTGOMERY,2016-04-15,15,4,2016,23,6,98,3,,1,0,,1,1,4,35,2,2,2,5,0,0,0,0,true,,false,false,true,false,false,,,,,,false,false,false,,,false,false,false,false,false,-83.11708,42.3599,"{
  ""coordinates"": [
    -8.311707991100000e+01,
    4.235989937400010e+01
  ],
  ""type"": ""Point""
}","{
  ""coordinates"": [
    -83.117079911,
    42.359899374
  ],
  ""type"": ""Point""
}",-83.117079911,42.3598993740001
16473,9677756,WARREN,N M 39,2016-04-15,15,4,2016,15,6,4,9,,2,0,,1,1,1,35,4,2,2,4,0,0,0,1,false,,false,false,false,false,false,,,,,,false,false,false,,,false,false,false,false,false,-83.216,42.34337,"{
  ""coordinates"": [
    -8.321599504300001e+01,
    4.234336923500010e+01
  ],
  ""type"": ""Point""
}","{
  ""coordinates"": [
    -83.215995043,
    42.343369235
  ],
  ""type"": ""Point""
}",-83.215995043,42.3433692350001
16474,9677760,GREENFIELD,GRANDRIVER,2016-04-15,15,4,2016,14,6,4,3,,2,0,,1,1,1,35,5,2,2,5,0,0,0,0,true,,false,false,true,false,false,,,,,,false,true,false,,,false,false,false,false,false,-83.19836,42.39268,"{
  ""coordinates"": [
    -8.319835780499990e+01,
    4.239268372600000e+01
  ],
  ""type"": ""Point""
}","{
  ""coordinates"": [
    -83.198357805,
    42.392683726
  ],
  ""type"": ""Point""
}",-83.1983578049999,42.392683726
16475,9678400,I-94,CONNER,2016-04-15,15,4,2016,22,6,8,1,,1,0,,1,1,1,55,3,2,1,5,0,0,0,0,true,,false,false,true,false,false,,,,,,false,false,false,,,false,false,false,false,false,-82.98824,42.39608,"{
  ""coordinates"": [
    -8.298823699400000e+01,
    4.239608304200000e+01
  ],
  ""type"": ""Point""
}","{
  ""coordinates"": [
    -82.988236994,
    42.396083042
  ],
  ""type"": ""Point""
}",-82.988236994,42.396083042
16476,9676979,WYOMING,CURTIS,2016-04-15,15,4,2016,17,6,5,9,,4,0,,1,1,1,30,1,2,2,5,0,0,0,0,true,,false,false,false,false,false,,,,,,false,false,false,,,false,false,false,false,false,-83.16072,42.42445,"{
  ""coordinates"": [
    -8.316072099400000e+01,
    4.242444995200000e+01
  ],
  ""type"": ""Point""
}","{
  ""coordinates"": [
    -83.160720994,
    42.424449952
  ],
  ""type"": ""Point""
}",-83.160720994,42.424449952
16477,9676918,PREVOST,SANTA MARIA,2016-04-15,15,4,2016,20,6,4,9,,,0,,1,1,4,25,2,2,2,4,0,0,0,1,false,,false,false,false,false,false,,,,,,false,false,true,,,false,false,false,false,false,-83.20358,42.41772,"{
  ""coordinates"": [
    -8.320358185100000e+01,
    4.241772120700010e+01
  ],
  ""type"": ""Point""
}","{
  ""coordinates"": [
    -83.203581851,
    42.417721207
  ],
  ""type"": ""Point""
}",-83.203581851,42.4177212070001
16478,9676962,LAHSER,PEMBROKE,2016-04-15,15,4,2016,14,6,97,9,,2,0,,1,1,1,35,4,2,1,4,0,0,0,1,false,,false,false,false,false,false,,,,,,true,false,true,,,false,false,false,false,false,-83.25856,42.43635,"{
  ""coordinates"": [
    -8.325856377900000e+01,
    4.243635341900010e+01
  ],
  ""type"": ""Point""
}","{
  ""coordinates"": [
    -83.258563779,
    42.436353419
  ],
  ""type"": ""Point""
}",-83.258563779,42.4363534190001
16479,9678566,WYOMING,OUTER,2016-04-15,15,4,2016,16,6,8,9,,4,0,,1,1,1,30,2,2,1,5,0,0,0,0,true,,false,false,true,false,false,,,,,,false,true,false,,,false,false,false,false,false,-83.1611,42.43489,"{
  ""coordinates"": [
    -8.316109896400000e+01,
    4.243489511800000e+01
  ],
  ""type"": ""Point""
}","{
  ""coordinates"": [
    -83.161098964,
    42.434895118
  ],
  ""type"": ""Point""
}",-83.161098964,42.434895118
16480,9676956,WARREN,S I 75,2016-04-15,15,4,2016,10,6,5,9,,4,0,,1,1,1,30,3,2,4,5,0,0,0,0,true,,false,false,false,false,false,,,,,,false,false,false,,,false,false,false,false,false,-83.05439,42.36077,"{
  ""coordinates"": [
    -8.305439203799990e+01,
    4.236077048700000e+01
  ],
  ""type"": ""Point""
}","{
  ""coordinates"": [
    -83.054392038,
    42.360770487
  ],
  ""type"": ""Point""
}",-83.0543920379999,42.360770487
16481,9735563,7 MILE,SUSSEX,2016-04-15,15,4,2016,23,6,1,9,,2,0,,1,1,4,35,4,3,1,1,2,0,0,1,false,,false,false,true,false,false,,,,,,true,false,false,,,false,false,false,false,false,-83.19675,42.4305,"{
  ""coordinates"": [
    -8.319675534299989e+01,
    4.243049877200010e+01
  ],
  ""type"": ""Point""
}","{
  ""coordinates"": [
    -83.196755343,
    42.430498772
  ],
  ""type"": ""Point""
}",-83.1967553429999,42.4304987720001
16482,9706413,CENTRAL,JOHN KRONK,2016-04-15,15,4,2016,11,6,5,9,,4,0,,1,1,1,25,2,2,1,5,0,0,0,0,true,,false,false,true,false,false,,,,,,false,true,false,,,false,false,false,false,false,-83.13161,42.32274,"{
  ""coordinates"": [
    -8.313161569899999e+01,
    4.232273978900000e+01
  ],
  ""type"": ""Point""
}","{
  ""coordinates"": [
    -83.131615699,
    42.322739789
  ],
  ""type"": ""Point""
}",-83.131615699,42.322739789
16483,9677886,M-10,CHICAGO,2016-04-15,15,4,2016,15,6,5,3,,1,0,,1,1,1,55,3,2,3,4,0,0,0,1,false,,false,false,false,false,false,,,,,,false,false,true,,,false,false,false,false,false,-83.08847,42.37716,"{
  ""coordinates"": [
    -8.308846942699989e+01,
    4.237715712900010e+01
  ],
  ""type"": ""Point""
}","{
  ""coordinates"": [
    -83.088469427,
    42.377157129
  ],
  ""type"": ""Point""
}",-83.0884694269999,42.3771571290001
16484,9678564,7 MILE,WOODWARD,2016-04-15,15,4,2016,18,6,8,3,,2,0,,1,1,1,30,2,2,1,5,0,0,0,0,true,,false,false,true,false,false,,,,,,false,false,false,,,false,false,false,false,false,-83.11593,42.43203,"{
  ""coordinates"": [
    -8.311593039099991e+01,
    4.243203216100010e+01
  ],
  ""type"": ""Point""
}","{
  ""coordinates"": [
    -83.115930391,
    42.432032161
  ],
  ""type"": ""Point""
}",-83.1159303909999,42.4320321610001
16485,9678538,GRAND,LINWOOD,2016-04-15,15,4,2016,16,6,8,9,,4,0,,1,1,1,30,2,2,4,5,0,0,0,0,true,,false,false,false,false,false,,,,,,false,false,false,,,false,false,false,false,false,-83.1003,42.36023,"{
  ""coordinates"": [
    -8.310029957099989e+01,
    4.236023369200010e+01
  ],
  ""type"": ""Point""
}","{
  ""coordinates"": [
    -83.100299571,
    42.360233692
  ],
  ""type"": ""Point""
}",-83.1002995709999,42.3602336920001
16486,9682514,ANTHONY WAYNE,KIRBY,2016-04-15,15,4,2016,8,6,8,9,,4,0,,1,1,1,25,4,2,2,5,0,0,0,0,true,,false,false,false,false,false,,,,,,false,false,true,,,false,false,false,false,false,-83.07274,42.35695,"{
  ""coordinates"": [
    -8.307273805999991e+01,
    4.235695191100010e+01
  ],
  ""type"": ""Point""
}","{
  ""coordinates"": [
    -83.07273806,
    42.356951911
  ],
  ""type"": ""Point""
}",-83.0727380599999,42.3569519110001
16487,9677910,I-75 SERVICE,8 MILE,2016-04-15,15,4,2016,10,6,8,1,,1,0,,1,1,1,35,3,2,2,5,0,0,0,0,true,,true,true,false,false,false,,,,,,false,false,false,,,false,false,false,false,false,-83.09531,42.44679,"{
  ""coordinates"": [
    -8.309530923999991e+01,
    4.244678755700010e+01
  ],
  ""type"": ""Point""
}","{
  ""coordinates"": [
    -83.09530924,
    42.446787557
  ],
  ""type"": ""Point""
}",-83.0953092399999,42.4467875570001
16488,9676971,LIVERNOIS,DAVISON,2016-04-15,15,4,2016,22,6,4,3,,,0,,1,1,4,30,7,2,2,5,0,0,0,0,true,,false,false,true,false,false,,,,,,false,false,false,,,false,false,false,false,false,-83.13953,42.38649,"{
  ""coordinates"": [
    -8.313953198300000e+01,
    4.238649114300010e+01
  ],
  ""type"": ""Point""
}","{
  ""coordinates"": [
    -83.139531983,
    42.386491143
  ],
  ""type"": ""Point""
}",-83.139531983,42.3864911430001
16489,9997481,DAVISION,LIVERNOIS,2016-04-15,15,4,2016,8,6,6,3,,1,0,,1,1,1,45,2,2,2,5,0,0,0,0,true,,false,false,false,false,false,,,,,,false,false,false,,,false,false,false,false,false,-83.13953,42.38649,"{
  ""coordinates"": [
    -8.313953198300000e+01,
    4.238649114300010e+01
  ],
  ""type"": ""Point""
}","{
  ""coordinates"": [
    -83.139531983,
    42.386491143
  ],
  ""type"": ""Point""
}",-83.139531983,42.3864911430001
16490,9681269,E/B I-94,WYOMING,2016-04-15,15,4,2016,13,6,5,1,,1,0,,1,1,1,70,3,2,2,5,0,0,0,0,true,,false,false,false,false,false,,,,,,false,false,false,,,false,false,false,false,false,-83.15314,42.32954,"{
  ""coordinates"": [
    -8.315313642200000e+01,
    4.232954013300010e+01
  ],
  ""type"": ""Point""
}","{
  ""coordinates"": [
    -83.153136422,
    42.329540133
  ],
  ""type"": ""Point""
}",-83.153136422,42.3295401330001
16491,9678526,8 MILE,GRATIOT,2016-04-15,15,4,2016,13,6,5,3,,1,0,,1,1,1,40,8,3,3,5,0,0,0,0,true,,false,false,false,false,false,,,,,,false,true,false,,,false,false,false,false,false,-82.96801,42.44983,"{
  ""coordinates"": [
    -8.296800689900000e+01,
    4.244983127600010e+01
  ],
  ""type"": ""Point""
}","{
  ""coordinates"": [
    -82.968006899,
    42.449831276
  ],
  ""type"": ""Point""
}",-82.968006899,42.4498312760001
16492,9705009,VERNOR,MCCLELLAN,2016-04-15,15,4,2016,7,6,4,9,,4,0,,1,1,1,25,3,2,4,5,0,0,0,0,true,,false,false,true,false,false,,,,,,false,false,false,,,false,false,false,false,false,-82.98949,42.36563,"{
  ""coordinates"": [
    -8.298948998600000e+01,
    4.236563495200010e+01
  ],
  ""type"": ""Point""
}","{
  ""coordinates"": [
    -82.989489986,
    42.365634952
  ],
  ""type"": ""Point""
}",-82.989489986,42.3656349520001
16493,9676909,NORTHFIELD,OREGON,2016-04-15,15,4,2016,20,6,8,9,,,0,,1,1,4,25,3,2,0,5,0,0,0,0,true,,false,false,true,false,false,,,,,,false,false,false,,,false,false,true,false,false,-83.12785,42.35498,"{
  ""coordinates"": [
    -8.312784614899989e+01,
    4.235498487300000e+01
  ],
  ""type"": ""Point""
}","{
  ""coordinates"": [
    -83.127846149,
    42.354984873
  ],
  ""type"": ""Point""
}",-83.1278461489999,42.354984873
16494,9679664,PREST,ORANGELAWN,2016-04-15,15,4,2016,19,6,97,9,,,0,,1,1,3,25,1,2,0,5,0,0,0,0,true,,false,false,true,false,false,,,,,,false,false,false,,,false,false,false,false,false,-83.19626,42.36784,"{
  ""coordinates"": [
    -8.319626166599990e+01,
    4.236784097900010e+01
  ],
  ""type"": ""Point""
}","{
  ""coordinates"": [
    -83.196261666,
    42.367840979
  ],
  ""type"": ""Point""
}",-83.1962616659999,42.3678409790001
16495,9735562,ROBSON,PICKFORD,2016-04-15,15,4,2016,23,6,8,9,,,0,,1,2,4,25,2,2,1,4,0,0,0,1,false,,false,false,true,false,false,,,,,,false,false,false,,,false,false,false,false,false,-83.1936,42.4253,"{
  ""coordinates"": [
    -8.319359494699999e+01,
    4.242530557500000e+01
  ],
  ""type"": ""Point""
}","{
  ""coordinates"": [
    -83.193594947,
    42.425305575
  ],
  ""type"": ""Point""
}",-83.193594947,42.425305575
16496,9680405,RIVERBANK,VISTA,2016-04-15,15,4,2016,22,6,8,3,,1,0,,1,1,4,25,3,2,6,5,0,0,0,0,true,,false,false,true,true,false,,,,,,false,false,false,,,false,false,false,false,false,-82.97911,42.34291,"{
  ""coordinates"": [
    -8.297910947799990e+01,
    4.234290916500000e+01
  ],
  ""type"": ""Point""
}","{
  ""coordinates"": [
    -82.979109478,
    42.342909165
  ],
  ""type"": ""Point""
}",-82.9791094779999,42.342909165
16497,9677782,JOY,ASHTON,2016-04-15,15,4,2016,14,6,4,9,,2,0,,1,1,1,35,4,2,3,5,0,0,0,0,true,,false,false,false,false,false,,,,,,false,false,true,,,false,false,false,false,false,-83.21768,42.35783,"{
  ""coordinates"": [
    -8.321768018499991e+01,
    4.235782518500010e+01
  ],
  ""type"": ""Point""
}","{
  ""coordinates"": [
    -83.217680185,
    42.357825185
  ],
  ""type"": ""Point""
}",-83.2176801849999,42.3578251850001
16498,9678556,8 MILE,ROSEMONT,2016-04-15,15,4,2016,19,6,5,3,,1,0,,1,1,1,40,4,2,1,5,0,0,0,0,true,,false,false,true,false,false,,,,,,false,false,false,,,false,false,false,false,false,-83.22251,42.44411,"{
  ""coordinates"": [
    -8.322251440399999e+01,
    4.244411571000010e+01
  ],
  ""type"": ""Point""
}","{
  ""coordinates"": [
    -83.222514404,
    42.44411571
  ],
  ""type"": ""Point""
}",-83.222514404,42.4441157100001
16499,9678533,PARK,WITHERELL,2016-04-15,15,4,2016,20,6,97,9,,4,0,,1,1,1,25,2,2,2,5,0,0,0,0,true,,false,false,false,false,false,,,,,,false,false,true,,,false,false,false,false,false,-83.05019,42.33598,"{
  ""coordinates"": [
    -8.305019169500000e+01,
    4.233598251500010e+01
  ],
  ""type"": ""Point""
}","{
  ""coordinates"": [
    -83.050191695,
    42.335982515
  ],
  ""type"": ""Point""
}",-83.050191695,42.3359825150001
16500,9676895,VAN DYKE,LYNCH,2016-04-15,15,4,2016,11,6,5,3,,1,0,,1,1,1,35,6,2,2,4,0,0,0,2,false,,false,false,false,false,false,,,,,,false,false,true,,,false,false,false,false,false,-83.02325,42.40772,"{
  ""coordinates"": [
    -8.302325260000001e+01,
    4.240772348800000e+01
  ],
  ""type"": ""Point""
}","{
  ""coordinates"": [
    -83.0232526,
    42.407723488
  ],
  ""type"": ""Point""
}",-83.0232526,42.407723488
16501,9676837,LODGE,WEBB,2016-04-15,15,4,2016,16,6,5,3,,1,0,,1,1,1,55,3,3,2,5,0,0,0,0,true,,false,false,false,false,false,,,,,,false,true,false,,,false,false,false,false,false,-83.10124,42.38654,"{
  ""coordinates"": [
    -8.310124357099990e+01,
    4.238654050100010e+01
  ],
  ""type"": ""Point""
}","{
  ""coordinates"": [
    -83.101243571,
    42.386540501
  ],
  ""type"": ""Point""
}",-83.1012435709999,42.3865405010001
16502,9677750,LAFAYETTE,GRAND,2016-04-15,15,4,2016,9,6,5,9,,4,0,,1,1,1,35,4,2,2,4,0,0,0,1,false,,true,true,false,false,false,,,,,,false,true,false,,,false,false,false,false,false,-83.00396,42.35041,"{
  ""coordinates"": [
    -8.300396344200000e+01,
    4.235041071400010e+01
  ],
  ""type"": ""Point""
}","{
  ""coordinates"": [
    -83.003963442,
    42.350410714
  ],
  ""type"": ""Point""
}",-83.003963442,42.3504107140001
16503,9683837,CADIEUX,I 94,2016-04-15,15,4,2016,22,6,4,1,,4,0,,1,1,4,30,4,2,2,5,0,0,0,0,true,,false,false,false,false,false,,,,,,false,false,true,,,false,false,false,false,false,-82.93716,42.41724,"{
  ""coordinates"": [
    -8.293716029099990e+01,
    4.241724472100000e+01
  ],
  ""type"": ""Point""
}","{
  ""coordinates"": [
    -82.937160291,
    42.417244721
  ],
  ""type"": ""Point""
}",-82.9371602909999,42.417244721
16504,9681369,7 MILE,ROSEMONT,2016-04-15,15,4,2016,13,6,4,9,,2,0,,1,1,1,35,6,2,3,4,0,0,0,2,false,,false,false,false,false,false,,,,,,false,false,true,,,false,false,false,false,false,-83.2221,42.42996,"{
  ""coordinates"": [
    -8.322210293300000e+01,
    4.242995834100000e+01
  ],
  ""type"": ""Point""
}","{
  ""coordinates"": [
    -83.222102933,
    42.429958341
  ],
  ""type"": ""Point""
}",-83.222102933,42.429958341
16505,9676931,FENKELL,GREENFIELD,2016-04-15,15,4,2016,19,6,1,9,,2,0,,1,1,1,35,4,1,2,4,0,0,0,2,false,,false,false,false,false,false,,,,,,false,false,false,,,false,false,false,false,false,-83.19863,42.40151,"{
  ""coordinates"": [
    -8.319862880100000e+01,
    4.240151339800010e+01
  ],
  ""type"": ""Point""
}","{
  ""coordinates"": [
    -83.198628801,
    42.401513398
  ],
  ""type"": ""Point""
}",-83.198628801,42.4015133980001
16506,9679669,W I 96,LIVERNOIS,2016-04-15,15,4,2016,23,6,5,1,,1,0,,97,98,98,60,3,2,2,5,0,0,0,0,true,,false,false,false,false,false,,,,,,false,false,false,,,false,false,false,false,false,-83.1389,42.36745,"{
  ""coordinates"": [
    -8.313890274700000e+01,
    4.236745002300010e+01
  ],
  ""type"": ""Point""
}","{
  ""coordinates"": [
    -83.138902747,
    42.367450023
  ],
  ""type"": ""Point""
}",-83.138902747,42.3674500230001
16507,9680516,ROCHESTER,LINWOOD,2016-04-15,15,4,2016,18,6,97,9,,,0,,1,1,1,30,1,2,4,5,0,0,0,0,true,,false,false,false,false,false,,,,,,false,true,false,,,false,false,false,false,false,-83.11142,42.37747,"{
  ""coordinates"": [
    -8.311141662900000e+01,
    4.237746688600000e+01
  ],
  ""type"": ""Point""
}","{
  ""coordinates"": [
    -83.111416629,
    42.377466886
  ],
  ""type"": ""Point""
}",-83.111416629,42.377466886
16508,9677924,WB I94,CHENE,2016-04-15,15,4,2016,17,6,5,1,,1,0,,1,1,1,55,3,2,2,5,0,0,0,0,true,,false,false,false,false,false,,,,,,false,false,true,,,false,false,false,false,false,-83.04663,42.37434,"{
  ""coordinates"": [
    -8.304663320600000e+01,
    4.237434223000000e+01
  ],
  ""type"": ""Point""
}","{
  ""coordinates"": [
    -83.046633206,
    42.37434223
  ],
  ""type"": ""Point""
}",-83.046633206,42.37434223
16509,9677901,M-39,GRAND RIVER,2016-04-15,15,4,2016,17,6,5,3,,1,0,,1,1,1,55,3,2,3,5,0,0,0,0,true,,false,false,false,false,false,,,,,,false,false,false,,,false,false,false,false,false,-83.21816,42.39929,"{
  ""coordinates"": [
    -8.321816259300000e+01,
    4.239929323000010e+01
  ],
  ""type"": ""Point""
}","{
  ""coordinates"": [
    -83.218162593,
    42.39929323
  ],
  ""type"": ""Point""
}",-83.218162593,42.3992932300001
16510,9677887,I-94,M-10,2016-04-15,15,4,2016,16,6,8,1,,1,0,,1,1,1,55,3,2,2,5,0,0,0,0,true,,false,false,false,false,false,,,,,,false,false,false,,,false,false,false,false,false,-83.07454,42.36,"{
  ""coordinates"": [
    -8.307453753500000e+01,
    4.235999818700000e+01
  ],
  ""type"": ""Point""
}","{
  ""coordinates"": [
    -83.074537535,
    42.359998187
  ],
  ""type"": ""Point""
}",-83.074537535,42.359998187
16511,9677768,CLAIRMONT,2 ND,2016-04-15,15,4,2016,12,6,97,9,,4,0,,1,1,3,30,2,3,6,4,0,0,0,1,false,,false,false,true,false,false,,,,,,false,true,true,,,false,false,false,false,false,-83.08443,42.38186,"{
  ""coordinates"": [
    -8.308443185999990e+01,
    4.238185360200000e+01
  ],
  ""type"": ""Point""
}","{
  ""coordinates"": [
    -83.08443186,
    42.381853602
  ],
  ""type"": ""Point""
}",-83.0844318599999,42.381853602
16512,9676944,NOTTINGHAM,OUTER,2016-04-15,15,4,2016,0,6,5,9,,,0,,1,1,4,15,1,2,1,5,0,0,0,0,true,,false,false,true,false,false,,,,,,false,false,false,,,false,false,false,false,false,-82.95209,42.40397,"{
  ""coordinates"": [
    -8.295208732600000e+01,
    4.240397315100010e+01
  ],
  ""type"": ""Point""
}","{
  ""coordinates"": [
    -82.952087326,
    42.403973151
  ],
  ""type"": ""Point""
}",-82.952087326,42.4039731510001
16513,9676902,OUTER,MOUNT ELLIOTT,2016-04-15,15,4,2016,0,6,1,9,,2,1,,1,1,4,35,2,1,0,5,0,0,0,0,true,,false,false,false,false,false,,,,,,false,false,false,,,false,false,false,false,false,-83.03955,42.44101,"{
  ""coordinates"": [
    -8.303955407699991e+01,
    4.244101037900000e+01
  ],
  ""type"": ""Point""
}","{
  ""coordinates"": [
    -83.039554077,
    42.441010379
  ],
  ""type"": ""Point""
}",-83.0395540769999,42.441010379
16514,9677747,GRAND,SECOND,2016-04-15,15,4,2016,13,6,8,9,,4,0,,1,1,1,25,3,2,2,5,0,0,0,0,true,,false,false,false,false,false,,,,,,false,false,false,,,false,false,false,false,false,-83.06303,42.34486,"{
  ""coordinates"": [
    -8.306303577400000e+01,
    4.234486159300010e+01
  ],
  ""type"": ""Point""
}","{
  ""coordinates"": [
    -83.063035774,
    42.344861593
  ],
  ""type"": ""Point""
}",-83.063035774,42.3448615930001
16515,9677913,RAMP 047H,DAVISON,2016-04-15,15,4,2016,17,6,5,1,,1,0,,1,1,1,40,2,3,2,5,0,0,0,0,true,,false,false,true,false,false,,,,,,false,false,false,,,false,false,false,false,false,-83.07976,42.40911,"{
  ""coordinates"": [
    -8.307975815600000e+01,
    4.240911020200010e+01
  ],
  ""type"": ""Point""
}","{
  ""coordinates"": [
    -83.079758156,
    42.409110202
  ],
  ""type"": ""Point""
}",-83.079758156,42.4091102020001
16516,9676973,CORDOVA,FENELON,2016-04-15,15,4,2016,15,6,8,9,,,3,,1,1,1,25,2,2,1,5,0,0,0,0,true,,false,false,false,false,false,,,,,,false,false,false,,,false,false,false,false,false,-83.0536,42.44243,"{
  ""coordinates"": [
    -8.305359796700000e+01,
    4.244243143900010e+01
  ],
  ""type"": ""Point""
}","{
  ""coordinates"": [
    -83.053597967,
    42.442431439
  ],
  ""type"": ""Point""
}",-83.053597967,42.4424314390001
16517,9677770,I 75,MCNICHOLS,2016-04-15,15,4,2016,10,6,8,1,,1,0,,1,1,1,55,6,2,4,5,0,0,0,0,true,,false,false,true,false,false,,,,,,false,false,false,,,false,false,false,false,false,-83.08503,42.41504,"{
  ""coordinates"": [
    -8.308502795600000e+01,
    4.241504344900010e+01
  ],
  ""type"": ""Point""
}","{
  ""coordinates"": [
    -83.085027956,
    42.415043449
  ],
  ""type"": ""Point""
}",-83.085027956,42.4150434490001
16518,9679549,RAMP 018B,RAMP 018A,2016-04-15,15,4,2016,7,6,1,1,,1,1,,1,1,1,45,1,1,1,5,0,0,0,0,true,,false,false,false,false,false,,,,,,false,false,false,,,false,false,false,false,false,-83.04298,42.33869,"{
  ""coordinates"": [
    -8.304298384799991e+01,
    4.233869142300010e+01
  ],
  ""type"": ""Point""
}","{
  ""coordinates"": [
    -83.042983848,
    42.338691423
  ],
  ""type"": ""Point""
}",-83.0429838479999,42.3386914230001
16519,9676963,SHORT,TELEGRAPH,2016-04-15,15,4,2016,17,6,5,2,,1,0,,1,1,1,35,4,2,3,4,0,0,0,1,false,,false,false,false,false,false,,,,,,false,false,true,,,false,false,false,false,false,-83.27714,42.42184,"{
  ""coordinates"": [
    -8.327714083300000e+01,
    4.242183769800000e+01
  ],
  ""type"": ""Point""
}","{
  ""coordinates"": [
    -83.277140833,
    42.421837698
  ],
  ""type"": ""Point""
}",-83.277140833,42.421837698
16520,9676974,RYAN,OUTER,2016-04-15,15,4,2016,18,6,4,9,,4,0,,1,1,1,30,2,2,2,4,0,0,0,1,false,,true,true,true,false,false,,,,,,false,false,false,,,false,false,false,false,false,-83.06356,42.44056,"{
  ""coordinates"": [
    -8.306355828300001e+01,
    4.244055851600010e+01
  ],
  ""type"": ""Point""
}","{
  ""coordinates"": [
    -83.063558283,
    42.440558516
  ],
  ""type"": ""Point""
}",-83.063558283,42.4405585160001
16521,9899272,BURT,SCHOOLCRAFT,2016-04-15,15,4,2016,18,6,8,9,,4,0,,1,1,1,0,4,2,2,5,0,0,0,0,true,,false,false,false,false,false,,,,,,false,false,false,,,false,false,false,false,false,-83.24659,42.38602,"{
  ""coordinates"": [
    -8.324659162599990e+01,
    4.238601686000000e+01
  ],
  ""type"": ""Point""
}","{
  ""coordinates"": [
    -83.246591626,
    42.38601686
  ],
  ""type"": ""Point""
}",-83.2465916259999,42.38601686