ObjectId,Crash ID,Primary Road,Intersecting Road,Crash Date,Day,Month,Year,Hour,Weekday,Crash Type Code,Highway Classification Code,Community Code,Jurisdiction Code,Lane Departure Type Code,Surface Type,Road Condition,Weather Condition,Lighting Condition,Speed Limit,Lanes,Units,Occupants,Most Severe Injury,Fatal Injuries,Suspected Serious Injuries,Suspected Minor Injuries,Possible Injuries,Property Damage Only,Secondary Crash,Traffic Control,Red Light Run,Hit and Run,Alcohol,Drugs,Unbelted Person,Work Zone,Speeding Driver,Distracted Driver,Driveway,Pedestrian,Elderly Driver,Young Driver,Commercial Vehicle,Emergency Vehicles,Train,School Bus,Motorcycle,Bicycle,Deer,Longitude,Latitude,geom,geog,x,y
16750,9674245,N I 75 SERVICE DRIVE,DRAGOON,2016-04-11,11,4,2016,11,2,8,9,,4,0,,1,2,1,30,3,2,1,5,0,0,0,0,true,,false,false,true,false,false,,,,,,false,false,false,,,false,false,false,false,false,-83.1027,42.30779,"{
  ""coordinates"": [
    -8.310269756799990e+01,
    4.230778463300000e+01
  ],
  ""type"": ""Point""
}","{
  ""coordinates"": [
    -83.102697568,
    42.307784633
  ],
  ""type"": ""Point""
}",-83.1026975679999,42.307784633
16751,9675705,I-75,CLAY,2016-04-11,11,4,2016,11,2,8,1,,1,0,,2,2,1,70,4,2,3,5,0,0,0,0,true,,false,false,false,false,false,,,,,,false,false,false,,,false,false,false,false,false,-83.06227,42.37788,"{
  ""coordinates"": [
    -8.306226964500000e+01,
    4.237788361100010e+01
  ],
  ""type"": ""Point""
}","{
  ""coordinates"": [
    -83.062269645,
    42.377883611
  ],
  ""type"": ""Point""
}",-83.062269645,42.3778836110001
16752,9676818,I 94,LIVERNOIS,2016-04-11,11,4,2016,7,2,8,1,,1,0,,2,2,1,55,3,2,1,5,0,0,0,0,true,,false,false,true,false,false,,,,,,false,false,false,,,false,false,false,false,false,-83.12656,42.33679,"{
  ""coordinates"": [
    -8.312655328200000e+01,
    4.233679370700000e+01
  ],
  ""type"": ""Point""
}","{
  ""coordinates"": [
    -83.126553282,
    42.336793707
  ],
  ""type"": ""Point""
}",-83.126553282,42.336793707
16753,9673455,515 GREENDALE,WOODWARD,2016-04-11,11,4,2016,2,2,8,9,,,0,,2,4,4,25,2,2,0,5,0,0,0,0,true,,false,false,true,false,false,,,,,,false,false,false,,,false,false,false,false,false,-83.11057,42.42673,"{
  ""coordinates"": [
    -8.311056670399999e+01,
    4.242673183800010e+01
  ],
  ""type"": ""Point""
}","{
  ""coordinates"": [
    -83.110566704,
    42.426731838
  ],
  ""type"": ""Point""
}",-83.110566704,42.4267318380001
16754,9675846,8 MILE,HOOVER,2016-04-11,11,4,2016,21,2,5,3,,1,0,,1,1,4,40,2,2,2,5,0,0,0,0,true,,false,false,false,false,false,,,,,,false,false,true,,,false,false,false,false,false,-83.00715,42.44873,"{
  ""coordinates"": [
    -8.300714704599990e+01,
    4.244873091500010e+01
  ],
  ""type"": ""Point""
}","{
  ""coordinates"": [
    -83.007147046,
    42.448730915
  ],
  ""type"": ""Point""
}",-83.0071470459999,42.4487309150001
16755,9674143,I-75,HOLBROOK,2016-04-11,11,4,2016,10,2,1,1,,1,1,,2,4,1,70,4,1,1,5,0,0,0,0,true,,false,false,false,false,false,,,,,,false,false,true,,,false,false,false,false,false,-83.06853,42.38717,"{
  ""coordinates"": [
    -8.306852459000000e+01,
    4.238717081100000e+01
  ],
  ""type"": ""Point""
}","{
  ""coordinates"": [
    -83.06852459,
    42.387170811
  ],
  ""type"": ""Point""
}",-83.06852459,42.387170811
16756,9674247,MICHIGAN,GILBERT,2016-04-11,11,4,2016,8,2,5,2,,1,0,,2,1,1,35,6,2,2,5,0,0,0,0,true,,false,false,false,false,false,,,,,,false,false,false,,,false,false,false,false,false,-83.12197,42.33112,"{
  ""coordinates"": [
    -8.312197302999989e+01,
    4.233111813900010e+01
  ],
  ""type"": ""Point""
}","{
  ""coordinates"": [
    -83.12197303,
    42.331118139
  ],
  ""type"": ""Point""
}",-83.1219730299999,42.3311181390001
16757,9674097,M-10,DAVISON,2016-04-11,11,4,2016,9,2,5,3,,1,0,,2,2,1,55,3,3,3,5,0,0,0,0,true,,false,false,false,false,false,,,,,,false,true,true,,,false,false,false,false,false,-83.1106,42.39811,"{
  ""coordinates"": [
    -8.311059747600000e+01,
    4.239811249400000e+01
  ],
  ""type"": ""Point""
}","{
  ""coordinates"": [
    -83.110597476,
    42.398112494
  ],
  ""type"": ""Point""
}",-83.110597476,42.398112494
16758,9673428,CHRYSLER,CLAY,2016-04-11,11,4,2016,6,2,9,9,,4,2,,2,4,4,25,1,2,1,5,0,0,0,0,true,,false,false,true,false,false,,,,,,false,false,false,,,false,false,false,false,false,-83.06218,42.3785,"{
  ""coordinates"": [
    -8.306218330000000e+01,
    4.237849700600000e+01
  ],
  ""type"": ""Point""
}","{
  ""coordinates"": [
    -83.0621833,
    42.378497006
  ],
  ""type"": ""Point""
}",-83.0621833,42.378497006
16759,9673444,MOROSS,ROLANDALE,2016-04-11,11,4,2016,9,2,4,9,,2,0,,2,4,1,30,2,2,2,5,0,0,0,0,true,,false,false,false,false,false,,,,,,false,true,false,,,false,false,false,false,false,-82.91985,42.42056,"{
  ""coordinates"": [
    -8.291985416900000e+01,
    4.242056312400010e+01
  ],
  ""type"": ""Point""
}","{
  ""coordinates"": [
    -82.919854169,
    42.420563124
  ],
  ""type"": ""Point""
}",-82.919854169,42.4205631240001
16760,9674275,CHERRYLAWN,NORFOLK,2016-04-11,11,4,2016,23,2,2,9,,,2,,1,1,4,25,2,2,1,4,0,0,0,1,false,,false,false,false,false,false,,,,,,false,false,false,,,false,false,false,false,false,-83.15594,42.44357,"{
  ""coordinates"": [
    -8.315593827799999e+01,
    4.244357483200000e+01
  ],
  ""type"": ""Point""
}","{
  ""coordinates"": [
    -83.155938278,
    42.443574832
  ],
  ""type"": ""Point""
}",-83.155938278,42.443574832
16761,9673458,MCNICHOLS,GRIGGS,2016-04-11,11,4,2016,7,2,3,9,,2,0,,2,4,1,35,4,3,4,3,0,0,1,0,false,,false,false,false,false,false,,,,,,false,true,false,,,false,false,false,false,false,-83.16356,42.41684,"{
  ""coordinates"": [
    -8.316356057099991e+01,
    4.241683886400010e+01
  ],
  ""type"": ""Point""
}","{
  ""coordinates"": [
    -83.163560571,
    42.416838864
  ],
  ""type"": ""Point""
}",-83.1635605709999,42.4168388640001
16762,9673440,MACOMB,BRUSH,2016-04-11,11,4,2016,13,2,9,9,,4,0,,1,2,1,30,3,2,2,5,0,0,0,0,true,,false,false,true,false,false,,,,,,false,false,true,,,false,false,false,false,false,-83.04418,42.33511,"{
  ""coordinates"": [
    -8.304417954699990e+01,
    4.233510900700000e+01
  ],
  ""type"": ""Point""
}","{
  ""coordinates"": [
    -83.044179547,
    42.335109007
  ],
  ""type"": ""Point""
}",-83.0441795469999,42.335109007
16763,9676923,TELEGRAPH,FLORENCE,2016-04-11,11,4,2016,19,2,8,2,,1,0,,1,1,1,45,4,2,2,5,0,0,0,0,true,,false,false,false,false,false,,,,,,false,false,false,,,false,false,false,false,false,-83.27678,42.40965,"{
  ""coordinates"": [
    -8.327677695100000e+01,
    4.240964773900000e+01
  ],
  ""type"": ""Point""
}","{
  ""coordinates"": [
    -83.276776951,
    42.409647739
  ],
  ""type"": ""Point""
}",-83.276776951,42.409647739
16764,9715802,MONROE,BEAUBIEN,2016-04-11,11,4,2016,12,2,8,9,,4,0,,1,1,1,30,2,2,2,5,0,0,0,0,true,,false,false,false,false,false,,,,,,false,true,false,,,false,false,false,false,false,-83.04288,42.33477,"{
  ""coordinates"": [
    -8.304288643599990e+01,
    4.233476620000000e+01
  ],
  ""type"": ""Point""
}","{
  ""coordinates"": [
    -83.042886436,
    42.3347662
  ],
  ""type"": ""Point""
}",-83.0428864359999,42.3347662
16765,9674263,NEVADA,MOUND,2016-04-11,11,4,2016,19,2,5,9,,4,0,,1,1,3,30,4,2,7,4,0,0,0,2,false,,false,false,false,false,false,,,,,,false,false,true,,,false,false,false,false,false,-83.0433,42.42629,"{
  ""coordinates"": [
    -8.304330009800000e+01,
    4.242629252000010e+01
  ],
  ""type"": ""Point""
}","{
  ""coordinates"": [
    -83.043300098,
    42.42629252
  ],
  ""type"": ""Point""
}",-83.043300098,42.4262925200001
16766,9674214,ROGERS,JUNCTION,2016-04-11,11,4,2016,13,2,9,9,,,2,,1,1,1,25,3,2,1,5,0,0,0,0,true,,false,false,true,false,false,,,,,,false,false,false,,,false,false,false,false,false,-83.10004,42.31447,"{
  ""coordinates"": [
    -8.310003782099990e+01,
    4.231447045900010e+01
  ],
  ""type"": ""Point""
}","{
  ""coordinates"": [
    -83.100037821,
    42.314470459
  ],
  ""type"": ""Point""
}",-83.1000378209999,42.3144704590001
16767,9674150,E/B I 94,WOODWARD,2016-04-11,11,4,2016,19,2,1,1,,1,0,,1,1,1,55,3,1,1,5,0,0,0,0,true,,false,false,false,false,false,,,,,,false,false,false,,,false,false,false,false,false,-83.06717,42.3644,"{
  ""coordinates"": [
    -8.306717268300000e+01,
    4.236440084200010e+01
  ],
  ""type"": ""Point""
}","{
  ""coordinates"": [
    -83.067172683,
    42.364400842
  ],
  ""type"": ""Point""
}",-83.067172683,42.3644008420001
16768,9677906,I-94,FRENCH,2016-04-11,11,4,2016,11,2,1,1,,1,1,,1,2,1,55,3,1,2,4,0,0,0,2,false,,false,false,false,false,true,,,,,,false,false,true,,,false,false,false,false,false,-82.99145,42.39377,"{
  ""coordinates"": [
    -8.299144986200000e+01,
    4.239376896800010e+01
  ],
  ""type"": ""Point""
}","{
  ""coordinates"": [
    -82.991449862,
    42.393768968
  ],
  ""type"": ""Point""
}",-82.991449862,42.3937689680001
16769,9672338,W/B I 94,WARREN,2016-04-11,11,4,2016,2,2,1,1,,1,1,,2,4,4,55,3,1,1,5,0,0,0,0,true,,false,false,false,false,false,,,,,,false,false,true,,,false,false,false,false,false,-83.1132,42.3449,"{
  ""coordinates"": [
    -8.311319814099990e+01,
    4.234489662800010e+01
  ],
  ""type"": ""Point""
}","{
  ""coordinates"": [
    -83.113198141,
    42.344896628
  ],
  ""type"": ""Point""
}",-83.1131981409999,42.3448966280001
16770,9674783,WOODWARD,EUCLID,2016-04-11,11,4,2016,21,2,4,3,,1,0,,1,1,4,35,6,2,2,5,0,0,0,0,true,,false,false,true,false,false,,,,,,false,false,true,,,false,false,false,false,false,-83.07777,42.37692,"{
  ""coordinates"": [
    -8.307776466300000e+01,
    4.237692105800010e+01
  ],
  ""type"": ""Point""
}","{
  ""coordinates"": [
    -83.077764663,
    42.376921058
  ],
  ""type"": ""Point""
}",-83.077764663,42.3769210580001
16771,9674269,8 MILE,I75 SERVICE,2016-04-11,11,4,2016,12,2,4,3,,1,0,,1,1,1,35,3,2,1,5,0,0,0,0,true,,true,true,true,false,false,,,,,,false,false,false,,,false,false,false,false,false,-83.09451,42.44681,"{
  ""coordinates"": [
    -8.309451489500000e+01,
    4.244680607500000e+01
  ],
  ""type"": ""Point""
}","{
  ""coordinates"": [
    -83.094514895,
    42.446806075
  ],
  ""type"": ""Point""
}",-83.094514895,42.446806075
16772,9674273,CHERRYLAWN,CHIPPEWA,2016-04-11,11,4,2016,22,2,5,9,,,0,,1,1,4,25,2,3,2,4,0,0,0,2,false,,false,false,true,false,false,,,,,,false,false,true,,,false,false,false,false,false,-83.15586,42.44143,"{
  ""coordinates"": [
    -8.315586170700000e+01,
    4.244143285500010e+01
  ],
  ""type"": ""Point""
}","{
  ""coordinates"": [
    -83.155861707,
    42.441432855
  ],
  ""type"": ""Point""
}",-83.155861707,42.4414328550001
16773,9674248,HEYDEN,EATON,2016-04-11,11,4,2016,16,2,97,9,,,0,,1,1,3,25,1,2,2,5,0,0,0,0,true,,false,false,false,false,false,,,,,,false,false,false,,,false,false,false,false,false,-83.23933,42.39579,"{
  ""coordinates"": [
    -8.323932413100000e+01,
    4.239578929800010e+01
  ],
  ""type"": ""Point""
}","{
  ""coordinates"": [
    -83.239324131,
    42.395789298
  ],
  ""type"": ""Point""
}",-83.239324131,42.3957892980001
16774,9674796,WHITTIER,WHITEHILL,2016-04-11,11,4,2016,13,2,4,9,,4,0,,1,2,1,30,3,2,3,5,0,0,0,0,true,,false,false,true,false,false,,,,,,false,true,false,,,false,false,false,false,false,-82.9575,42.41878,"{
  ""coordinates"": [
    -8.295750455800000e+01,
    4.241877719700010e+01
  ],
  ""type"": ""Point""
}","{
  ""coordinates"": [
    -82.957504558,
    42.418777197
  ],
  ""type"": ""Point""
}",-82.957504558,42.4187771970001
16775,9672481,EVERGREEN,E I 96,2016-04-10,10,4,2016,12,1,5,9,,4,0,,3,5,1,35,6,3,3,5,0,0,0,0,true,,false,false,false,false,false,,,,,,false,false,false,,,false,false,false,false,false,-83.23663,42.38016,"{
  ""coordinates"": [
    -8.323663222899999e+01,
    4.238015585500010e+01
  ],
  ""type"": ""Point""
}","{
  ""coordinates"": [
    -83.236632229,
    42.380155855
  ],
  ""type"": ""Point""
}",-83.236632229,42.3801558550001
16776,9672497,7 MILE,GLASTONBURY,2016-04-10,10,4,2016,20,1,3,9,,2,0,,2,4,4,35,3,2,3,5,0,0,0,0,true,,false,false,false,false,false,,,,,,false,false,true,,,false,false,false,false,false,-83.223,42.42994,"{
  ""coordinates"": [
    -8.322299808500000e+01,
    4.242994487700000e+01
  ],
  ""type"": ""Point""
}","{
  ""coordinates"": [
    -83.222998085,
    42.429944877
  ],
  ""type"": ""Point""
}",-83.222998085,42.429944877
16777,9677737,N M 39,FENKELL,2016-04-10,10,4,2016,2,1,8,3,,1,0,,1,1,4,35,3,2,2,5,0,0,0,0,true,,false,false,false,false,false,,,,,,false,false,true,,,false,false,false,false,false,-83.21819,42.40113,"{
  ""coordinates"": [
    -8.321819464299990e+01,
    4.240112513900000e+01
  ],
  ""type"": ""Point""
}","{
  ""coordinates"": [
    -83.218194643,
    42.401125139
  ],
  ""type"": ""Point""
}",-83.2181946429999,42.401125139
16778,9671357,GRAND,LINWOOD,2016-04-10,10,4,2016,2,1,1,9,,,1,,1,1,4,25,1,1,1,5,0,0,0,0,true,,false,false,false,true,false,,,,,,false,false,true,,,false,false,false,false,false,-83.12313,42.39461,"{
  ""coordinates"": [
    -8.312313298299991e+01,
    4.239460616400000e+01
  ],
  ""type"": ""Point""
}","{
  ""coordinates"": [
    -83.123132983,
    42.394606164
  ],
  ""type"": ""Point""
}",-83.1231329829999,42.394606164
16779,9675728,I-94,JUNCTION,2016-04-10,10,4,2016,19,1,1,1,,1,1,,2,4,1,55,3,1,1,5,0,0,0,0,true,,false,false,false,false,false,,,,,,false,false,true,,,false,false,false,false,false,-83.11984,42.33939,"{
  ""coordinates"": [
    -8.311984343300000e+01,
    4.233938699300010e+01
  ],
  ""type"": ""Point""
}","{
  ""coordinates"": [
    -83.119843433,
    42.339386993
  ],
  ""type"": ""Point""
}",-83.119843433,42.3393869930001
16780,9672336,NB I-75,NEVADA,2016-04-10,10,4,2016,16,1,8,1,,1,0,,2,4,1,70,4,2,6,4,0,0,0,3,false,,false,false,false,false,false,,,,,,false,false,false,,,false,false,false,false,false,-83.09393,42.42625,"{
  ""coordinates"": [
    -8.309392549499999e+01,
    4.242624925900000e+01
  ],
  ""type"": ""Point""
}","{
  ""coordinates"": [
    -83.093925495,
    42.426249259
  ],
  ""type"": ""Point""
}",-83.093925495,42.426249259
16781,9674235,DRAGOON,REGULAR,2016-04-10,10,4,2016,21,1,4,9,,4,0,,2,4,4,30,3,2,2,5,0,0,0,0,true,,false,false,false,false,false,,,,,,false,false,true,,,false,false,false,false,false,-83.1062,42.31262,"{
  ""coordinates"": [
    -8.310620201599990e+01,
    4.231261904100010e+01
  ],
  ""type"": ""Point""
}","{
  ""coordinates"": [
    -83.106202016,
    42.312619041
  ],
  ""type"": ""Point""
}",-83.1062020159999,42.3126190410001
16782,9706401,FRANCIS,ANNABELLE,2016-04-10,10,4,2016,6,1,98,9,,,0,,98,98,1,25,4,2,0,5,0,0,0,0,true,,false,false,true,false,false,,,,,,false,false,false,,,false,false,false,false,false,-83.15912,42.26463,"{
  ""coordinates"": [
    -8.315911797900000e+01,
    4.226462853000000e+01
  ],
  ""type"": ""Point""
}","{
  ""coordinates"": [
    -83.159117979,
    42.26462853
  ],
  ""type"": ""Point""
}",-83.159117979,42.26462853
16783,9674260,DAVISON,LA SALLE,2016-04-10,10,4,2016,16,1,5,3,,1,0,,2,4,1,35,5,2,2,4,0,0,0,1,false,,false,false,false,false,false,,,,,,false,false,true,,,false,false,false,false,false,-83.1188,42.39421,"{
  ""coordinates"": [
    -8.311879737299989e+01,
    4.239421347400000e+01
  ],
  ""type"": ""Point""
}","{
  ""coordinates"": [
    -83.118797373,
    42.394213474
  ],
  ""type"": ""Point""
}",-83.1187973729999,42.394213474
16784,9672461,FENELON,FREDRO,2016-04-10,10,4,2016,16,1,4,9,,,0,,2,4,1,25,1,2,3,5,0,0,0,0,true,,false,false,false,false,false,,,,,,false,false,true,,,false,false,false,false,false,-83.05236,42.40943,"{
  ""coordinates"": [
    -8.305236328200000e+01,
    4.240943216000010e+01
  ],
  ""type"": ""Point""
}","{
  ""coordinates"": [
    -83.052363282,
    42.40943216
  ],
  ""type"": ""Point""
}",-83.052363282,42.4094321600001
16785,9674254,WADE,GUNSTON,2016-04-10,10,4,2016,3,1,4,9,,,3,,1,1,5,25,1,2,0,5,0,0,0,0,true,,false,false,true,false,false,,,,,,false,false,false,,,false,false,false,false,false,-82.98826,42.40041,"{
  ""coordinates"": [
    -8.298826214499999e+01,
    4.240040825900010e+01
  ],
  ""type"": ""Point""
}","{
  ""coordinates"": [
    -82.988262145,
    42.400408259
  ],
  ""type"": ""Point""
}",-82.988262145,42.4004082590001
16786,9676899,KORTE,EASTLAWN,2016-04-10,10,4,2016,16,1,4,9,,,0,,1,1,1,25,1,2,3,5,0,0,0,0,true,,false,false,false,false,false,,,,,,false,false,true,,,false,false,false,false,false,-82.94141,42.36186,"{
  ""coordinates"": [
    -8.294140519400000e+01,
    4.236186319900000e+01
  ],
  ""type"": ""Point""
}","{
  ""coordinates"": [
    -82.941405194,
    42.361863199
  ],
  ""type"": ""Point""
}",-82.941405194,42.361863199
16787,9671354,LODEWYCK,CHESTER,2016-04-10,10,4,2016,0,1,2,9,,,2,,1,1,4,25,2,3,0,5,0,0,0,0,true,,true,false,true,false,false,,,,,,false,false,false,,,false,false,false,false,false,-82.92777,42.42071,"{
  ""coordinates"": [
    -8.292777574500001e+01,
    4.242070766700000e+01
  ],
  ""type"": ""Point""
}","{
  ""coordinates"": [
    -82.927775745,
    42.420707667
  ],
  ""type"": ""Point""
}",-82.927775745,42.420707667
16788,9672490,HAYES,ELMDALE,2016-04-10,10,4,2016,17,1,1,9,,4,1,,2,4,1,30,1,1,0,5,0,0,0,0,true,,false,false,true,false,false,,,,,,false,false,false,,,false,false,false,false,false,-82.96457,42.41039,"{
  ""coordinates"": [
    -8.296457033199989e+01,
    4.241038495700010e+01
  ],
  ""type"": ""Point""
}","{
  ""coordinates"": [
    -82.964570332,
    42.410384957
  ],
  ""type"": ""Point""
}",-82.9645703319999,42.4103849570001
16789,9674238,BRITIAN,ROSSITER,2016-04-10,10,4,2016,3,1,5,9,,,0,,1,1,4,25,2,2,1,4,0,0,0,1,false,,false,false,true,false,false,,,,,,false,false,true,,,false,false,false,false,false,-82.95064,42.42353,"{
  ""coordinates"": [
    -8.295063811499990e+01,
    4.242353060700000e+01
  ],
  ""type"": ""Point""
}","{
  ""coordinates"": [
    -82.950638115,
    42.423530607
  ],
  ""type"": ""Point""
}",-82.9506381149999,42.423530607
16790,9672375,M-39,PLYMOUTH,2016-04-10,10,4,2016,18,1,1,3,,1,1,,2,4,1,55,3,1,2,4,0,0,0,1,false,,false,false,false,false,false,,,,,,false,false,false,,,false,false,false,false,false,-83.21651,42.3708,"{
  ""coordinates"": [
    -8.321651689899990e+01,
    4.237080260900010e+01
  ],
  ""type"": ""Point""
}","{
  ""coordinates"": [
    -83.216516899,
    42.370802609
  ],
  ""type"": ""Point""
}",-83.2165168989999,42.3708026090001
16791,9674222,N I 75,7 MILE,2016-04-10,10,4,2016,7,1,5,1,,1,0,,1,1,1,55,3,2,1,5,0,0,0,0,true,,false,false,true,false,false,,,,,,false,false,true,,,false,false,false,false,false,-83.09467,42.43277,"{
  ""coordinates"": [
    -8.309467251900000e+01,
    4.243276495200010e+01
  ],
  ""type"": ""Point""
}","{
  ""coordinates"": [
    -83.094672519,
    42.432764952
  ],
  ""type"": ""Point""
}",-83.094672519,42.4327649520001
16792,9672459,TIREMAN,ROSEMONT,2016-04-10,10,4,2016,3,1,4,9,,4,0,,1,1,4,25,2,2,2,4,0,0,0,1,false,,true,false,false,false,false,,,,,,false,false,false,,,false,false,false,false,false,-83.21861,42.35058,"{
  ""coordinates"": [
    -8.321861243599990e+01,
    4.235058369700000e+01
  ],
  ""type"": ""Point""
}","{
  ""coordinates"": [
    -83.218612436,
    42.350583697
  ],
  ""type"": ""Point""
}",-83.2186124359999,42.350583697
16793,9674231,DAVISON,DEXTER,2016-04-10,10,4,2016,15,1,4,3,,1,0,,2,4,1,35,6,2,4,4,0,0,0,1,false,,false,false,false,false,false,,,,,,false,false,true,,,false,false,false,false,false,-83.13087,42.38974,"{
  ""coordinates"": [
    -8.313086397700000e+01,
    4.238974160200010e+01
  ],
  ""type"": ""Point""
}","{
  ""coordinates"": [
    -83.130863977,
    42.389741602
  ],
  ""type"": ""Point""
}",-83.130863977,42.3897416020001
16794,9674234,HORATIO,CICOTTE,2016-04-10,10,4,2016,19,1,4,9,,,0,,2,2,1,25,2,2,3,5,0,0,0,0,true,,false,false,true,false,false,,,,,,false,false,true,,,false,false,false,false,false,-83.12628,42.33488,"{
  ""coordinates"": [
    -8.312628245000001e+01,
    4.233488576800000e+01
  ],
  ""type"": ""Point""
}","{
  ""coordinates"": [
    -83.12628245,
    42.334885768
  ],
  ""type"": ""Point""
}",-83.12628245,42.334885768
16795,9675726,E I 94,JUNCTION,2016-04-10,10,4,2016,19,1,8,1,,1,0,,2,4,1,55,3,2,2,4,0,0,0,1,false,,false,false,false,false,false,,,,,,false,false,true,,,false,false,false,false,false,-83.11842,42.34027,"{
  ""coordinates"": [
    -8.311842157699991e+01,
    4.234027032900010e+01
  ],
  ""type"": ""Point""
}","{
  ""coordinates"": [
    -83.118421577,
    42.340270329
  ],
  ""type"": ""Point""
}",-83.1184215769999,42.3402703290001
16796,9674228,DEXTER,PINGREE,2016-04-10,10,4,2016,21,1,5,9,,4,0,,2,4,5,25,2,2,2,5,0,0,0,0,true,,false,false,true,false,false,,,,,,false,false,false,,,false,false,false,false,false,-83.11441,42.36541,"{
  ""coordinates"": [
    -8.311440686500001e+01,
    4.236540955300010e+01
  ],
  ""type"": ""Point""
}","{
  ""coordinates"": [
    -83.114406865,
    42.365409553
  ],
  ""type"": ""Point""
}",-83.114406865,42.3654095530001
16797,9672479,MCNICHOLS,BRAMELL,2016-04-10,10,4,2016,7,1,1,9,,2,0,,1,2,1,35,4,1,2,5,0,0,0,0,true,,false,false,false,false,false,,,,,,false,false,true,,,false,false,false,false,false,-83.26429,42.4148,"{
  ""coordinates"": [
    -8.326428617399991e+01,
    4.241480113300000e+01
  ],
  ""type"": ""Point""
}","{
  ""coordinates"": [
    -83.264286174,
    42.414801133
  ],
  ""type"": ""Point""
}",-83.2642861739999,42.414801133
16798,9679656,DIVERSEY,CLAYBURN,2016-04-10,10,4,2016,0,1,8,9,,,3,,1,1,4,25,2,2,0,5,0,0,0,0,true,,false,false,true,false,false,,,,,,false,false,false,,,false,false,false,false,false,-83.21179,42.34819,"{
  ""coordinates"": [
    -8.321179419299990e+01,
    4.234819465800010e+01
  ],
  ""type"": ""Point""
}","{
  ""coordinates"": [
    -83.211794193,
    42.348194658
  ],
  ""type"": ""Point""
}",-83.2117941929999,42.3481946580001
16799,9793092,AUBURN,DOVER,2016-04-10,10,4,2016,16,1,4,9,,,0,,2,2,1,25,2,2,1,5,0,0,0,0,true,,false,false,false,false,false,,,,,,false,false,false,,,false,false,false,false,false,-83.23354,42.35937,"{
  ""coordinates"": [
    -8.323354264800000e+01,
    4.235936598900000e+01
  ],
  ""type"": ""Point""
}","{
  ""coordinates"": [
    -83.233542648,
    42.359365989
  ],
  ""type"": ""Point""
}",-83.233542648,42.359365989
16800,9792845,W I 96,MEYERS,2016-04-10,10,4,2016,18,1,8,1,,1,0,,2,4,1,70,3,2,1,5,0,0,0,0,true,,false,false,true,false,false,,,,,,false,false,false,,,false,false,false,false,false,-83.16386,42.38545,"{
  ""coordinates"": [
    -8.316386530400000e+01,
    4.238544899600000e+01
  ],
  ""type"": ""Point""
}","{
  ""coordinates"": [
    -83.163865304,
    42.385448996
  ],
  ""type"": ""Point""
}",-83.163865304,42.385448996
16801,9674149,E I 94,MOUNT ELLIOTT,2016-04-10,10,4,2016,14,1,8,1,,1,0,,6,5,1,55,3,2,1,5,0,0,0,0,true,,false,false,true,false,false,,,,,,false,false,false,,,false,false,false,false,false,-83.03387,42.37912,"{
  ""coordinates"": [
    -8.303386422800000e+01,
    4.237911432600000e+01
  ],
  ""type"": ""Point""
}","{
  ""coordinates"": [
    -83.033864228,
    42.379114326
  ],
  ""type"": ""Point""
}",-83.033864228,42.379114326
16802,9672493,HASSE,OUTER,2016-04-10,10,4,2016,1,1,4,9,,,0,,1,1,4,35,4,2,2,4,0,0,0,1,false,,false,false,true,false,false,,,,,,false,false,false,,,false,false,false,false,false,-83.05717,42.44045,"{
  ""coordinates"": [
    -8.305717149299990e+01,
    4.244045423700000e+01
  ],
  ""type"": ""Point""
}","{
  ""coordinates"": [
    -83.057171493,
    42.440454237
  ],
  ""type"": ""Point""
}",-83.0571714929999,42.440454237
16803,9672470,FENKELL,MONTE VISTA,2016-04-10,10,4,2016,2,1,4,9,,2,0,,1,1,4,35,2,2,1,4,0,0,0,1,false,,false,false,true,false,false,,,,,,false,false,false,,,false,false,false,false,false,-83.16727,42.40229,"{
  ""coordinates"": [
    -8.316727020600000e+01,
    4.240228695100010e+01
  ],
  ""type"": ""Point""
}","{
  ""coordinates"": [
    -83.167270206,
    42.402286951
  ],
  ""type"": ""Point""
}",-83.167270206,42.4022869510001
16804,9672465,8 MILE,N I 75 SERVICE DRIVE,2016-04-10,10,4,2016,0,1,4,3,,1,0,,1,1,4,45,4,2,2,5,0,0,0,0,true,,false,false,false,false,false,,,,,,false,false,false,,,false,false,false,false,false,-83.0933,42.44683,"{
  ""coordinates"": [
    -8.309330110699990e+01,
    4.244682731700000e+01
  ],
  ""type"": ""Point""
}","{
  ""coordinates"": [
    -83.093301107,
    42.446827317
  ],
  ""type"": ""Point""
}",-83.0933011069999,42.446827317
16805,9674223,CAHALAN,MULLANE,2016-04-10,10,4,2016,9,1,5,9,,,0,,1,1,1,25,1,2,0,5,0,0,0,0,true,,false,false,true,false,false,,,,,,false,false,false,,,false,false,false,false,false,-83.12804,42.30686,"{
  ""coordinates"": [
    -8.312803950300000e+01,
    4.230686317200010e+01
  ],
  ""type"": ""Point""
}","{
  ""coordinates"": [
    -83.128039503,
    42.306863172
  ],
  ""type"": ""Point""
}",-83.128039503,42.3068631720001
16806,9672328,W I 94,2ND,2016-04-10,10,4,2016,18,1,4,1,,1,0,,2,4,1,55,3,2,2,5,0,0,0,0,true,,false,false,false,false,false,,,,,,false,false,true,,,false,false,false,false,false,-83.0727,42.3616,"{
  ""coordinates"": [
    -8.307269911000000e+01,
    4.236160188700010e+01
  ],
  ""type"": ""Point""
}","{
  ""coordinates"": [
    -83.07269911,
    42.361601887
  ],
  ""type"": ""Point""
}",-83.07269911,42.3616018870001