ObjectId,Crash ID,Primary Road,Intersecting Road,Crash Date,Day,Month,Year,Hour,Weekday,Crash Type Code,Highway Classification Code,Community Code,Jurisdiction Code,Lane Departure Type Code,Surface Type,Road Condition,Weather Condition,Lighting Condition,Speed Limit,Lanes,Units,Occupants,Most Severe Injury,Fatal Injuries,Suspected Serious Injuries,Suspected Minor Injuries,Possible Injuries,Property Damage Only,Secondary Crash,Traffic Control,Red Light Run,Hit and Run,Alcohol,Drugs,Unbelted Person,Work Zone,Speeding Driver,Distracted Driver,Driveway,Pedestrian,Elderly Driver,Young Driver,Commercial Vehicle,Emergency Vehicles,Train,School Bus,Motorcycle,Bicycle,Deer,Longitude,Latitude,geom,geog,x,y
16921,9672463,HARPER,GRATIOT,2016-04-08,8,4,2016,14,6,4,3,,4,0,,1,1,1,30,2,2,3,5,0,0,0,0,true,,false,false,true,false,false,,,,,,false,false,false,,,false,false,false,false,false,-83.00505,42.39315,"{
  ""coordinates"": [
    -8.300505037600000e+01,
    4.239315026300010e+01
  ],
  ""type"": ""Point""
}","{
  ""coordinates"": [
    -83.005050376,
    42.393150263
  ],
  ""type"": ""Point""
}",-83.005050376,42.3931502630001
16922,9676836,I 75,GRAND RIVER,2016-04-08,8,4,2016,17,6,8,1,,1,0,,1,1,1,55,3,2,2,5,0,0,0,0,true,,false,false,false,false,false,,,,,,false,false,false,,,false,false,false,false,false,-83.06094,42.33598,"{
  ""coordinates"": [
    -8.306094613600000e+01,
    4.233598162300010e+01
  ],
  ""type"": ""Point""
}","{
  ""coordinates"": [
    -83.060946136,
    42.335981623
  ],
  ""type"": ""Point""
}",-83.060946136,42.3359816230001
16923,9671170,M-10,WYOMING,2016-04-08,8,4,2016,16,6,5,3,,1,0,,1,1,1,55,3,2,1,4,0,0,0,1,false,,false,false,true,false,false,,,,,,false,false,false,,,false,false,false,false,false,-83.16042,42.40557,"{
  ""coordinates"": [
    -8.316042486500000e+01,
    4.240556608100010e+01
  ],
  ""type"": ""Point""
}","{
  ""coordinates"": [
    -83.160424865,
    42.405566081
  ],
  ""type"": ""Point""
}",-83.160424865,42.4055660810001
16924,9671344,JEFFERSON,CHENE,2016-04-08,8,4,2016,20,6,1,9,,4,1,,3,5,5,30,6,1,1,5,0,0,0,0,true,,false,false,false,false,false,,,,,,false,false,false,,,false,false,false,false,false,-83.02267,42.33823,"{
  ""coordinates"": [
    -8.302267166199989e+01,
    4.233822905000010e+01
  ],
  ""type"": ""Point""
}","{
  ""coordinates"": [
    -83.022671662,
    42.33822905
  ],
  ""type"": ""Point""
}",-83.0226716619999,42.3382290500001
16925,9671327,RIOPELLE,MINNESOTA,2016-04-08,8,4,2016,16,6,2,9,,,2,,1,1,1,25,1,2,2,5,0,0,0,0,true,,false,false,false,false,false,,,,,,false,false,false,,,false,false,false,false,false,-83.08614,42.42377,"{
  ""coordinates"": [
    -8.308613632600000e+01,
    4.242377129800010e+01
  ],
  ""type"": ""Point""
}","{
  ""coordinates"": [
    -83.086136326,
    42.423771298
  ],
  ""type"": ""Point""
}",-83.086136326,42.4237712980001
16926,9671375,GRAND RIVER,S I 75,2016-04-08,8,4,2016,8,6,4,3,,1,0,,1,1,1,30,7,2,2,5,0,0,0,0,true,,false,false,false,false,false,,,,,,false,false,true,,,false,false,false,false,false,-83.05938,42.33659,"{
  ""coordinates"": [
    -8.305937819300000e+01,
    4.233658504800010e+01
  ],
  ""type"": ""Point""
}","{
  ""coordinates"": [
    -83.059378193,
    42.336585048
  ],
  ""type"": ""Point""
}",-83.059378193,42.3365850480001
16927,9671334,WARREN,JOHN R,2016-04-08,8,4,2016,7,6,8,9,,4,0,,1,1,2,30,4,2,2,5,0,0,0,0,true,,false,false,false,false,false,,,,,,false,false,false,,,false,false,false,false,false,-83.06206,42.3578,"{
  ""coordinates"": [
    -8.306205823800001e+01,
    4.235779935200000e+01
  ],
  ""type"": ""Point""
}","{
  ""coordinates"": [
    -83.062058238,
    42.357799352
  ],
  ""type"": ""Point""
}",-83.062058238,42.357799352
16928,9675823,ST ANTOINE,MACOMB,2016-04-08,8,4,2016,23,6,97,9,,4,0,,1,1,4,25,3,2,1,5,0,0,0,0,true,,false,false,false,false,false,,,,,,false,false,false,,,false,false,false,false,false,-83.04144,42.33629,"{
  ""coordinates"": [
    -8.304143462800000e+01,
    4.233628999200000e+01
  ],
  ""type"": ""Point""
}","{
  ""coordinates"": [
    -83.041434628,
    42.336289992
  ],
  ""type"": ""Point""
}",-83.041434628,42.336289992
16929,9671409,ASHLAND,JEFFERSON,2016-04-08,8,4,2016,15,6,8,9,,,0,,1,1,1,15,2,2,1,5,0,0,0,0,true,,false,false,false,false,false,,,,,,false,false,true,,,false,false,false,false,false,-82.94044,42.37453,"{
  ""coordinates"": [
    -8.294043480900000e+01,
    4.237452527000000e+01
  ],
  ""type"": ""Point""
}","{
  ""coordinates"": [
    -82.940434809,
    42.37452527
  ],
  ""type"": ""Point""
}",-82.940434809,42.37452527
16930,9671415,VAUGHAN,PLYMOUTH,2016-04-08,8,4,2016,8,6,8,9,,,0,,1,1,1,25,2,2,4,4,0,0,0,1,false,,false,false,false,false,false,,,,,,false,false,true,,,false,false,false,false,false,-83.23757,42.37243,"{
  ""coordinates"": [
    -8.323757104700000e+01,
    4.237242615500000e+01
  ],
  ""type"": ""Point""
}","{
  ""coordinates"": [
    -83.237571047,
    42.372426155
  ],
  ""type"": ""Point""
}",-83.237571047,42.372426155
16931,9671361,7 MILE,STOTTER,2016-04-08,8,4,2016,23,6,1,9,,4,0,,1,1,4,30,2,1,0,4,0,0,0,1,false,,false,false,false,false,false,,,,,,false,false,false,,,false,false,false,false,false,-83.02542,42.43394,"{
  ""coordinates"": [
    -8.302542067400000e+01,
    4.243394397800010e+01
  ],
  ""type"": ""Point""
}","{
  ""coordinates"": [
    -83.025420674,
    42.433943978
  ],
  ""type"": ""Point""
}",-83.025420674,42.4339439780001
16932,9675746,I-94,GRATIOT,2016-04-08,8,4,2016,13,6,97,1,,1,0,,1,1,1,55,3,4,8,2,0,1,2,4,false,,false,false,false,false,true,,,,,,false,true,true,,,false,false,false,false,false,-83.00447,42.39189,"{
  ""coordinates"": [
    -8.300447115400000e+01,
    4.239188976600010e+01
  ],
  ""type"": ""Point""
}","{
  ""coordinates"": [
    -83.004471154,
    42.391889766
  ],
  ""type"": ""Point""
}",-83.004471154,42.3918897660001
16933,9671408,CONNER,SHOEMAKER,2016-04-08,8,4,2016,13,6,5,9,,4,0,,1,1,1,25,5,2,2,5,0,0,0,0,true,,false,false,false,false,false,,,,,,false,false,false,,,false,false,false,false,false,-82.98321,42.39294,"{
  ""coordinates"": [
    -8.298320721399990e+01,
    4.239293623700010e+01
  ],
  ""type"": ""Point""
}","{
  ""coordinates"": [
    -82.983207214,
    42.392936237
  ],
  ""type"": ""Point""
}",-82.9832072139999,42.3929362370001
16934,9671403,DIX,WOODMERE,2016-04-08,8,4,2016,18,6,4,9,,,0,,2,4,1,35,2,2,4,4,0,0,0,1,false,,false,false,false,false,false,,,,,,false,false,true,,,false,false,false,false,false,-83.13246,42.31691,"{
  ""coordinates"": [
    -8.313245954900000e+01,
    4.231690519300000e+01
  ],
  ""type"": ""Point""
}","{
  ""coordinates"": [
    -83.132459549,
    42.316905193
  ],
  ""type"": ""Point""
}",-83.132459549,42.316905193
16935,9671326,LODGE SERVICE,WINTHROP,2016-04-08,8,4,2016,16,6,8,3,,1,0,,1,1,1,40,3,2,2,5,0,0,0,0,true,,false,false,false,false,false,,,,,,false,false,false,,,false,false,false,false,false,-83.20171,42.44313,"{
  ""coordinates"": [
    -8.320170835200000e+01,
    4.244313280400010e+01
  ],
  ""type"": ""Point""
}","{
  ""coordinates"": [
    -83.201708352,
    42.443132804
  ],
  ""type"": ""Point""
}",-83.201708352,42.4431328040001
16936,9671395,RAMP 031A,N I 75 SERVICE DRIVE,2016-04-08,8,4,2016,10,6,8,1,,1,0,,1,1,1,25,3,2,1,5,0,0,0,0,true,,false,false,true,false,false,,,,,,false,false,false,,,false,false,false,false,false,-83.11934,42.30082,"{
  ""coordinates"": [
    -8.311934126300000e+01,
    4.230081465400010e+01
  ],
  ""type"": ""Point""
}","{
  ""coordinates"": [
    -83.119341263,
    42.300814654
  ],
  ""type"": ""Point""
}",-83.119341263,42.3008146540001
16937,9689486,7 MILE,MOUND,2016-04-08,8,4,2016,5,6,5,9,,4,3,,1,1,1,0,6,2,1,5,0,0,0,0,true,,false,false,true,false,false,,,,,,false,false,false,,,false,false,false,false,false,-83.0435,42.43357,"{
  ""coordinates"": [
    -8.304350065800000e+01,
    4.243357108700010e+01
  ],
  ""type"": ""Point""
}","{
  ""coordinates"": [
    -83.043500658,
    42.433571087
  ],
  ""type"": ""Point""
}",-83.043500658,42.4335710870001
16938,9672466,WARREN,FAUST,2016-04-08,8,4,2016,20,6,3,9,,2,0,,2,4,4,35,5,2,6,4,0,0,0,1,false,,false,false,false,true,false,,,,,,false,false,false,,,false,false,false,false,false,-83.22079,42.34333,"{
  ""coordinates"": [
    -8.322079059299990e+01,
    4.234332566000010e+01
  ],
  ""type"": ""Point""
}","{
  ""coordinates"": [
    -83.220790593,
    42.34332566
  ],
  ""type"": ""Point""
}",-83.2207905929999,42.3433256600001
16939,9671360,TRUMBULL,CANFIELD,2016-04-08,8,4,2016,1,6,4,9,,4,0,,2,1,4,30,2,2,3,3,0,0,1,0,false,,true,true,false,false,false,,,,,,false,false,true,,,false,false,false,false,false,-83.07645,42.34815,"{
  ""coordinates"": [
    -8.307645455900000e+01,
    4.234814732700000e+01
  ],
  ""type"": ""Point""
}","{
  ""coordinates"": [
    -83.076454559,
    42.348147327
  ],
  ""type"": ""Point""
}",-83.076454559,42.348147327
16940,9671328,WOODWARD,WARREN,2016-04-08,8,4,2016,19,6,5,3,,1,0,,2,4,2,35,5,2,2,5,0,0,0,0,true,,false,false,true,false,false,,,,,,false,false,false,,,false,false,false,false,false,-83.06429,42.3568,"{
  ""coordinates"": [
    -8.306428551399991e+01,
    4.235679659400010e+01
  ],
  ""type"": ""Point""
}","{
  ""coordinates"": [
    -83.064285514,
    42.356796594
  ],
  ""type"": ""Point""
}",-83.0642855139999,42.3567965940001
16941,9672474,RAMP 136C,GREENFIELD,2016-04-08,8,4,2016,2,6,4,1,,1,0,,2,1,4,35,5,2,3,4,0,0,0,3,false,,true,true,true,false,false,,,,,,false,false,false,,,false,false,false,false,false,-83.19804,42.37959,"{
  ""coordinates"": [
    -8.319804155700000e+01,
    4.237959233600000e+01
  ],
  ""type"": ""Point""
}","{
  ""coordinates"": [
    -83.198041557,
    42.379592336
  ],
  ""type"": ""Point""
}",-83.198041557,42.379592336
16942,9672314,SOUTHFILED 9M-390,WARREN,2016-04-08,8,4,2016,18,6,8,3,,1,0,,1,2,1,55,3,2,2,5,0,0,0,0,true,,false,false,false,false,false,,,,,,false,false,false,,,false,false,false,false,false,-83.216,42.33976,"{
  ""coordinates"": [
    -8.321600130800000e+01,
    4.233975566800010e+01
  ],
  ""type"": ""Point""
}","{
  ""coordinates"": [
    -83.216001308,
    42.339755668
  ],
  ""type"": ""Point""
}",-83.216001308,42.3397556680001
16943,9672346,E I 94,GRAND,2016-04-08,8,4,2016,14,6,8,1,,1,0,,1,1,1,55,3,2,2,5,0,0,0,0,true,,false,false,false,false,false,,,,,,false,false,true,,,false,false,false,false,false,-83.04185,42.37595,"{
  ""coordinates"": [
    -8.304185057099990e+01,
    4.237595170000000e+01
  ],
  ""type"": ""Point""
}","{
  ""coordinates"": [
    -83.041850571,
    42.3759517
  ],
  ""type"": ""Point""
}",-83.0418505709999,42.3759517
16944,9674787,CASS,COLUMBIA,2016-04-08,8,4,2016,8,6,4,9,,4,0,,1,1,1,25,2,2,2,5,0,0,0,0,true,,false,false,false,false,false,,,,,,false,false,false,,,false,false,false,false,false,-83.05569,42.33675,"{
  ""coordinates"": [
    -8.305569676800000e+01,
    4.233675330100000e+01
  ],
  ""type"": ""Point""
}","{
  ""coordinates"": [
    -83.055696768,
    42.336753301
  ],
  ""type"": ""Point""
}",-83.055696768,42.336753301
16945,9671447,MEYERS,CURTIS,2016-04-08,8,4,2016,14,6,4,9,,4,0,,1,1,1,30,2,2,1,4,0,0,0,1,false,,true,true,true,false,false,,,,,,false,false,false,,,false,false,false,false,false,-83.17043,42.42399,"{
  ""coordinates"": [
    -8.317042994199990e+01,
    4.242399175900000e+01
  ],
  ""type"": ""Point""
}","{
  ""coordinates"": [
    -83.170429942,
    42.423991759
  ],
  ""type"": ""Point""
}",-83.1704299419999,42.423991759
16946,9671169,N I 75,RAMP 041G,2016-04-08,8,4,2016,16,6,8,1,,1,0,,1,2,1,55,4,2,2,5,0,0,0,0,true,,false,false,true,false,false,,,,,,false,false,false,,,false,false,false,false,false,-83.044,42.34481,"{
  ""coordinates"": [
    -8.304400135000000e+01,
    4.234481177300010e+01
  ],
  ""type"": ""Point""
}","{
  ""coordinates"": [
    -83.04400135,
    42.344811773
  ],
  ""type"": ""Point""
}",-83.04400135,42.3448117730001
16947,9671441,CHAREST,CARPENTER,2016-04-08,8,4,2016,16,6,2,9,,,2,,1,1,2,10,2,2,2,5,0,0,0,0,true,,false,false,true,false,false,,,,,,false,false,false,,,false,false,false,false,false,-83.06155,42.40795,"{
  ""coordinates"": [
    -8.306154347099989e+01,
    4.240795241900000e+01
  ],
  ""type"": ""Point""
}","{
  ""coordinates"": [
    -83.061543471,
    42.407952419
  ],
  ""type"": ""Point""
}",-83.0615434709999,42.407952419
16948,9671406,DEVONSHIRE,WINDSOR,2016-04-08,8,4,2016,13,6,4,9,,,0,,1,1,1,25,2,2,2,3,0,0,1,0,false,,false,false,false,false,false,,,,,,false,false,true,,,false,false,false,false,false,-82.93655,42.39345,"{
  ""coordinates"": [
    -8.293654538500000e+01,
    4.239345262700000e+01
  ],
  ""type"": ""Point""
}","{
  ""coordinates"": [
    -82.936545385,
    42.393452627
  ],
  ""type"": ""Point""
}",-82.936545385,42.393452627
16949,9671341,MACK,N I 75 SERVICE DRIVE,2016-04-08,8,4,2016,11,6,4,9,,4,0,,1,1,1,30,3,2,3,4,0,0,0,3,false,,false,false,false,false,false,,,,,,false,true,false,,,false,false,false,false,false,-83.04745,42.35135,"{
  ""coordinates"": [
    -8.304744573900000e+01,
    4.235134816500000e+01
  ],
  ""type"": ""Point""
}","{
  ""coordinates"": [
    -83.047445739,
    42.351348165
  ],
  ""type"": ""Point""
}",-83.047445739,42.351348165
16950,9671419,STATE FAIR,KEATING,2016-04-08,8,4,2016,22,6,4,9,,4,0,,1,1,4,30,4,2,2,5,0,0,0,0,true,,false,false,false,false,false,,,,,,false,false,true,,,false,false,false,false,false,-83.10043,42.43959,"{
  ""coordinates"": [
    -8.310042795899990e+01,
    4.243958651700010e+01
  ],
  ""type"": ""Point""
}","{
  ""coordinates"": [
    -83.100427959,
    42.439586517
  ],
  ""type"": ""Point""
}",-83.1004279589999,42.4395865170001
16951,9672334,I96,GREENFIELD RD RAMP 136A,2016-04-08,8,4,2016,23,6,8,1,,1,0,,2,2,4,55,3,2,2,5,0,0,0,0,true,,false,false,true,false,false,,,,,,false,false,false,,,false,false,false,false,false,-83.19763,42.37862,"{
  ""coordinates"": [
    -8.319763082299990e+01,
    4.237861615100010e+01
  ],
  ""type"": ""Point""
}","{
  ""coordinates"": [
    -83.197630823,
    42.378616151
  ],
  ""type"": ""Point""
}",-83.1976308229999,42.3786161510001
16952,9672385,I-94,I-96,2016-04-08,8,4,2016,9,6,5,1,,1,0,,1,1,1,55,3,2,2,5,0,0,0,0,true,,false,false,false,false,false,,,,,,false,false,true,,,false,false,false,false,false,-83.10095,42.34952,"{
  ""coordinates"": [
    -8.310095496799990e+01,
    4.234952148200010e+01
  ],
  ""type"": ""Point""
}","{
  ""coordinates"": [
    -83.100954968,
    42.349521482
  ],
  ""type"": ""Point""
}",-83.1009549679999,42.3495214820001
16953,9672347,M-39,PAUL,2016-04-08,8,4,2016,16,6,5,3,,1,0,,1,1,1,55,3,2,2,5,0,0,0,0,true,,false,false,false,false,false,,,,,,false,false,true,,,false,false,false,false,false,-83.21572,42.33475,"{
  ""coordinates"": [
    -8.321572063900000e+01,
    4.233475625000010e+01
  ],
  ""type"": ""Point""
}","{
  ""coordinates"": [
    -83.215720639,
    42.33475625
  ],
  ""type"": ""Point""
}",-83.215720639,42.3347562500001
16954,9671134,M-39,SCHOOLCRAFT,2016-04-08,8,4,2016,16,6,5,3,,1,0,,1,1,1,55,3,3,3,5,0,0,0,0,true,,false,false,false,false,false,,,,,,false,true,true,,,false,false,false,false,false,-83.2182,42.39656,"{
  ""coordinates"": [
    -8.321819725300000e+01,
    4.239655665600000e+01
  ],
  ""type"": ""Point""
}","{
  ""coordinates"": [
    -83.218197253,
    42.396556656
  ],
  ""type"": ""Point""
}",-83.218197253,42.396556656
16955,9671402,MCGRAW,CHOPIN,2016-04-08,8,4,2016,17,6,8,9,,4,0,,1,1,1,30,2,2,2,5,0,0,0,0,true,,false,false,false,false,false,,,,,,false,false,true,,,false,false,false,false,false,-83.13722,42.33691,"{
  ""coordinates"": [
    -8.313722528200000e+01,
    4.233690476700010e+01
  ],
  ""type"": ""Point""
}","{
  ""coordinates"": [
    -83.137225282,
    42.336904767
  ],
  ""type"": ""Point""
}",-83.137225282,42.3369047670001
16956,9671352,PORTER,SAINTE ANNE,2016-04-08,8,4,2016,7,6,5,9,,,0,,1,1,1,15,3,2,2,5,0,0,0,0,true,,false,false,true,false,false,,,,,,false,false,false,,,false,false,false,false,false,-83.07866,42.3227,"{
  ""coordinates"": [
    -8.307866135499999e+01,
    4.232270445900010e+01
  ],
  ""type"": ""Point""
}","{
  ""coordinates"": [
    -83.078661355,
    42.322704459
  ],
  ""type"": ""Point""
}",-83.078661355,42.3227044590001
16957,9671387,GRAND RIVER,3RD,2016-04-08,8,4,2016,17,6,97,3,,1,0,,1,1,1,25,6,3,4,5,0,0,0,0,true,,false,false,false,false,false,,,,,,false,false,false,,,false,false,false,false,false,-83.06075,42.33714,"{
  ""coordinates"": [
    -8.306074848000000e+01,
    4.233714279900000e+01
  ],
  ""type"": ""Point""
}","{
  ""coordinates"": [
    -83.06074848,
    42.337142799
  ],
  ""type"": ""Point""
}",-83.06074848,42.337142799
16958,9671162,I-75,MACK,2016-04-08,8,4,2016,15,6,5,1,,1,0,,1,1,1,55,4,2,2,5,0,0,0,0,true,,false,false,false,false,false,,,,,,false,true,true,,,false,false,false,false,false,-83.04851,42.35173,"{
  ""coordinates"": [
    -8.304850724900000e+01,
    4.235172934200010e+01
  ],
  ""type"": ""Point""
}","{
  ""coordinates"": [
    -83.048507249,
    42.351729342
  ],
  ""type"": ""Point""
}",-83.048507249,42.3517293420001
16959,9671372,MADISON,RANDOLPH,2016-04-08,8,4,2016,14,6,8,9,,4,0,,1,1,1,30,2,2,7,5,0,0,0,0,true,,false,false,false,false,false,,,,,,false,false,false,,,false,false,false,false,false,-83.04651,42.33692,"{
  ""coordinates"": [
    -8.304650578199990e+01,
    4.233691650600010e+01
  ],
  ""type"": ""Point""
}","{
  ""coordinates"": [
    -83.046505782,
    42.336916506
  ],
  ""type"": ""Point""
}",-83.0465057819999,42.3369165060001
16960,9671174,I 96,WARREN,2016-04-08,8,4,2016,8,6,8,1,,1,0,,1,1,1,55,4,2,2,5,0,0,0,0,true,,false,false,false,false,false,,,,,,false,false,false,,,false,false,false,false,false,-83.09491,42.34301,"{
  ""coordinates"": [
    -8.309490609300001e+01,
    4.234301211300000e+01
  ],
  ""type"": ""Point""
}","{
  ""coordinates"": [
    -83.094906093,
    42.343012113
  ],
  ""type"": ""Point""
}",-83.094906093,42.343012113
16961,9672469,MACKENZIE,FREDA,2016-04-08,8,4,2016,23,6,4,9,,,0,,1,1,4,25,1,2,1,5,0,0,0,0,true,,true,false,true,false,false,,,,,,false,false,false,,,false,false,false,false,false,-83.16005,42.35651,"{
  ""coordinates"": [
    -8.316005061500000e+01,
    4.235650535800000e+01
  ],
  ""type"": ""Point""
}","{
  ""coordinates"": [
    -83.160050615,
    42.356505358
  ],
  ""type"": ""Point""
}",-83.160050615,42.356505358
16962,9672486,MCNICHOLS,BELAND,2016-04-08,8,4,2016,11,6,8,9,,4,0,,1,1,1,30,4,2,3,5,0,0,0,0,true,,false,false,true,false,false,,,,,,false,true,false,,,false,false,false,false,false,-83.00883,42.41983,"{
  ""coordinates"": [
    -8.300883337300000e+01,
    4.241982801400010e+01
  ],
  ""type"": ""Point""
}","{
  ""coordinates"": [
    -83.008833373,
    42.419828014
  ],
  ""type"": ""Point""
}",-83.008833373,42.4198280140001
16963,9671427,7 MILE,HEYDEN,2016-04-08,8,4,2016,8,6,5,9,,2,0,,1,1,1,35,4,2,2,5,0,0,0,0,true,,false,false,false,false,false,,,,,,false,false,false,,,false,false,false,false,false,-83.24076,42.42952,"{
  ""coordinates"": [
    -8.324076410100000e+01,
    4.242952436500010e+01
  ],
  ""type"": ""Point""
}","{
  ""coordinates"": [
    -83.240764101,
    42.429524365
  ],
  ""type"": ""Point""
}",-83.240764101,42.4295243650001
16964,9779154,WARREN,N M 39 SERVICE DRIVE,2016-04-08,8,4,2016,20,6,4,9,,2,0,,2,4,4,35,5,2,4,4,0,0,0,1,false,,true,true,false,false,false,,,,,,false,false,false,,,false,false,false,false,false,-83.21571,42.34338,"{
  ""coordinates"": [
    -8.321570692200000e+01,
    4.234337505800000e+01
  ],
  ""type"": ""Point""
}","{
  ""coordinates"": [
    -83.215706922,
    42.343375058
  ],
  ""type"": ""Point""
}",-83.215706922,42.343375058
16965,9704282,MICHIGAN,GRISWOLD,2016-04-08,8,4,2016,21,6,97,9,,4,0,,1,1,4,35,2,2,2,5,0,0,0,0,true,,false,false,true,false,false,,,,,,false,false,false,,,false,false,false,false,false,-83.04824,42.33165,"{
  ""coordinates"": [
    -8.304824047400000e+01,
    4.233165111400010e+01
  ],
  ""type"": ""Point""
}","{
  ""coordinates"": [
    -83.048240474,
    42.331651114
  ],
  ""type"": ""Point""
}",-83.048240474,42.3316511140001
16966,9671325,GRANDRIVER,JOY,2016-04-08,8,4,2016,9,6,5,3,,1,0,,1,1,1,35,3,2,2,5,0,0,0,0,true,,false,false,false,false,false,,,,,,false,false,false,,,false,false,false,false,false,-83.13045,42.36529,"{
  ""coordinates"": [
    -8.313044579000000e+01,
    4.236529121800000e+01
  ],
  ""type"": ""Point""
}","{
  ""coordinates"": [
    -83.13044579,
    42.365291218
  ],
  ""type"": ""Point""
}",-83.13044579,42.365291218
16967,9671161,I-94,CASS,2016-04-08,8,4,2016,10,6,8,1,,1,0,,1,1,1,55,3,2,2,5,0,0,0,0,true,,false,false,false,false,false,,,,,,false,false,true,,,false,false,false,false,false,-83.0703,42.36303,"{
  ""coordinates"": [
    -8.307029564600001e+01,
    4.236303480800010e+01
  ],
  ""type"": ""Point""
}","{
  ""coordinates"": [
    -83.070295646,
    42.363034808
  ],
  ""type"": ""Point""
}",-83.070295646,42.3630348080001
16968,9671428,MCNICHOLS,WOODBINE,2016-04-08,8,4,2016,11,6,5,9,,2,0,,1,1,1,35,4,2,2,5,0,0,0,0,true,,false,false,false,false,false,,,,,,false,true,false,,,false,false,false,false,false,-83.27831,42.41451,"{
  ""coordinates"": [
    -8.327831095800001e+01,
    4.241450832500000e+01
  ],
  ""type"": ""Point""
}","{
  ""coordinates"": [
    -83.278310958,
    42.414508325
  ],
  ""type"": ""Point""
}",-83.278310958,42.414508325
16969,9671450,GREENFIELD,OUTER,2016-04-08,8,4,2016,22,6,4,9,,2,0,,1,1,4,35,2,4,4,5,0,0,0,0,true,,true,true,false,false,false,,,,,,false,false,true,,,false,false,false,false,false,-83.19944,42.41958,"{
  ""coordinates"": [
    -8.319944342299991e+01,
    4.241958171800010e+01
  ],
  ""type"": ""Point""
}","{
  ""coordinates"": [
    -83.199443423,
    42.419581718
  ],
  ""type"": ""Point""
}",-83.1994434229999,42.4195817180001
16970,9671420,FREDERICK,VAN DYKE,2016-04-08,8,4,2016,17,6,8,9,,,0,,1,1,1,25,1,2,2,5,0,0,0,0,true,,false,false,false,false,false,,,,,,false,false,false,,,false,false,false,false,false,-83.01411,42.37803,"{
  ""coordinates"": [
    -8.301410433800000e+01,
    4.237803206500010e+01
  ],
  ""type"": ""Point""
}","{
  ""coordinates"": [
    -83.014104338,
    42.378032065
  ],
  ""type"": ""Point""
}",-83.014104338,42.3780320650001
16971,9672333,I94,JUNCTION,2016-04-08,8,4,2016,18,6,1,1,,1,0,,2,4,1,55,3,1,2,5,0,0,0,0,true,,false,false,false,false,false,,,,,,false,false,false,,,false,false,false,false,false,-83.11984,42.33939,"{
  ""coordinates"": [
    -8.311984343300000e+01,
    4.233938699300010e+01
  ],
  ""type"": ""Point""
}","{
  ""coordinates"": [
    -83.119843433,
    42.339386993
  ],
  ""type"": ""Point""
}",-83.119843433,42.3393869930001
16972,9671349,VERNOR,MICHIGAN,2016-04-08,8,4,2016,16,6,97,2,,4,3,,1,1,1,0,3,2,0,5,0,0,0,0,true,,false,false,true,false,false,,,,,,false,false,false,,,false,false,false,false,false,-83.07671,42.33124,"{
  ""coordinates"": [
    -8.307670275399990e+01,
    4.233124230800010e+01
  ],
  ""type"": ""Point""
}","{
  ""coordinates"": [
    -83.076702754,
    42.331242308
  ],
  ""type"": ""Point""
}",-83.0767027539999,42.3312423080001
16973,9671168,I-94,LINWOOD,2016-04-08,8,4,2016,8,6,1,1,,1,0,,1,1,1,55,3,1,1,5,0,0,0,0,true,,false,false,false,false,false,,,,,,false,true,false,,,false,false,false,false,false,-83.08923,42.35321,"{
  ""coordinates"": [
    -8.308922369000000e+01,
    4.235320904400000e+01
  ],
  ""type"": ""Point""
}","{
  ""coordinates"": [
    -83.08922369,
    42.353209044
  ],
  ""type"": ""Point""
}",-83.08922369,42.353209044
16974,9671165,I 94,CADILLAC,2016-04-08,8,4,2016,17,6,5,1,,1,0,,1,1,1,55,3,2,2,5,0,0,0,0,true,,false,false,false,false,false,,,,,,false,false,false,,,false,false,false,false,false,-83.00288,42.39197,"{
  ""coordinates"": [
    -8.300287800500000e+01,
    4.239197239400000e+01
  ],
  ""type"": ""Point""
}","{
  ""coordinates"": [
    -83.002878005,
    42.391972394
  ],
  ""type"": ""Point""
}",-83.002878005,42.391972394
16975,9715538,LARNED,ORLEANS,2016-04-08,8,4,2016,18,6,8,9,,4,0,,1,1,1,30,3,2,0,5,0,0,0,0,true,,false,false,true,false,false,,,,,,false,false,false,,,false,false,false,false,false,-83.03106,42.33572,"{
  ""coordinates"": [
    -8.303105917200000e+01,
    4.233572021600000e+01
  ],
  ""type"": ""Point""
}","{
  ""coordinates"": [
    -83.031059172,
    42.335720216
  ],
  ""type"": ""Point""
}",-83.031059172,42.335720216
16976,9671332,SHIAWASSEE,CLARITA,2016-04-08,8,4,2016,17,6,97,9,,,0,,1,2,1,25,2,2,1,5,0,0,0,0,true,,false,false,true,false,false,,,,,,false,false,false,,,false,false,false,false,false,-83.27261,42.42672,"{
  ""coordinates"": [
    -8.327260784500000e+01,
    4.242671900100000e+01
  ],
  ""type"": ""Point""
}","{
  ""coordinates"": [
    -83.272607845,
    42.426719001
  ],
  ""type"": ""Point""
}",-83.272607845,42.426719001
16977,9672315,N M 10,WARREN,2016-04-08,8,4,2016,22,6,5,3,,1,0,,2,2,1,55,3,2,3,5,0,0,0,0,true,,false,false,false,false,false,,,,,,false,false,false,,,false,false,false,false,false,-83.07336,42.35371,"{
  ""coordinates"": [
    -8.307335515499990e+01,
    4.235371580300010e+01
  ],
  ""type"": ""Point""
}","{
  ""coordinates"": [
    -83.073355155,
    42.353715803
  ],
  ""type"": ""Point""
}",-83.0733551549999,42.3537158030001