ObjectId,Crash ID,Primary Road,Intersecting Road,Crash Date,Day,Month,Year,Hour,Weekday,Crash Type Code,Highway Classification Code,Community Code,Jurisdiction Code,Lane Departure Type Code,Surface Type,Road Condition,Weather Condition,Lighting Condition,Speed Limit,Lanes,Units,Occupants,Most Severe Injury,Fatal Injuries,Suspected Serious Injuries,Suspected Minor Injuries,Possible Injuries,Property Damage Only,Secondary Crash,Traffic Control,Red Light Run,Hit and Run,Alcohol,Drugs,Unbelted Person,Work Zone,Speeding Driver,Distracted Driver,Driveway,Pedestrian,Elderly Driver,Young Driver,Commercial Vehicle,Emergency Vehicles,Train,School Bus,Motorcycle,Bicycle,Deer,Longitude,Latitude,geom,geog,x,y
17035,9670146,MCNICHOLS,SOUTHFIELD SERVICE DRIVE,2016-04-07,7,4,2016,0,5,9,9,,2,0,,2,4,4,35,4,2,1,5,0,0,0,0,true,,false,false,true,false,false,,,,,,false,false,false,,,false,false,false,false,false,-83.21916,42.41554,"{
  ""coordinates"": [
    -8.321915928700000e+01,
    4.241553838000000e+01
  ],
  ""type"": ""Point""
}","{
  ""coordinates"": [
    -83.219159287,
    42.41553838
  ],
  ""type"": ""Point""
}",-83.219159287,42.41553838
17036,9685010,GREENFIELD,WARREN,2016-04-07,7,4,2016,16,5,3,9,,2,0,,2,2,1,35,6,2,4,5,0,0,0,0,true,,false,false,false,false,false,,,,,,false,false,true,,,false,false,false,false,false,-83.19627,42.34312,"{
  ""coordinates"": [
    -8.319626262799990e+01,
    4.234311657500010e+01
  ],
  ""type"": ""Point""
}","{
  ""coordinates"": [
    -83.196262628,
    42.343116575
  ],
  ""type"": ""Point""
}",-83.1962626279999,42.3431165750001
17037,9673361,RAMP 122L,S I 75,2016-04-07,7,4,2016,5,5,1,1,,1,1,,2,2,4,55,1,1,1,5,0,0,0,0,true,,false,false,false,false,false,,,,,,false,false,false,,,false,false,false,false,false,-83.06093,42.33626,"{
  ""coordinates"": [
    -8.306093051800001e+01,
    4.233626015000000e+01
  ],
  ""type"": ""Point""
}","{
  ""coordinates"": [
    -83.060930518,
    42.33626015
  ],
  ""type"": ""Point""
}",-83.060930518,42.33626015
17038,9673356,RAMP 220D,CONNER,2016-04-07,7,4,2016,4,5,1,1,,1,1,,2,1,4,55,1,1,1,4,0,0,0,1,false,,false,false,false,false,false,,,,,,false,true,false,,,false,false,false,false,false,-82.98587,42.39473,"{
  ""coordinates"": [
    -8.298587097399999e+01,
    4.239472979800010e+01
  ],
  ""type"": ""Point""
}","{
  ""coordinates"": [
    -82.985870974,
    42.394729798
  ],
  ""type"": ""Point""
}",-82.985870974,42.3947297980001
17039,9671339,7 MILE,DEQUINDRE,2016-04-07,7,4,2016,21,5,1,9,,4,1,,2,4,4,35,4,1,1,5,0,0,0,0,true,,false,false,false,false,false,,,,,,false,false,false,,,false,false,false,false,false,-83.08326,42.4329,"{
  ""coordinates"": [
    -8.308326263500000e+01,
    4.243289418700000e+01
  ],
  ""type"": ""Point""
}","{
  ""coordinates"": [
    -83.083262635,
    42.432894187
  ],
  ""type"": ""Point""
}",-83.083262635,42.432894187
17040,9671154,M-10,MCNICHOLS,2016-04-07,7,4,2016,7,5,5,3,,1,0,,1,2,2,55,3,2,2,5,0,0,0,0,true,,false,false,false,false,false,,,,,,false,false,false,,,false,false,false,false,false,-83.17113,42.41545,"{
  ""coordinates"": [
    -8.317113628999989e+01,
    4.241544962900010e+01
  ],
  ""type"": ""Point""
}","{
  ""coordinates"": [
    -83.17113629,
    42.415449629
  ],
  ""type"": ""Point""
}",-83.1711362899999,42.4154496290001
17041,9670015,CARLISLE,BROCK,2016-04-07,7,4,2016,17,5,8,9,,,0,,1,2,1,25,2,2,5,5,0,0,0,0,true,,false,false,false,false,false,,,,,,false,false,false,,,false,false,false,false,false,-82.96166,42.44907,"{
  ""coordinates"": [
    -8.296166409400000e+01,
    4.244907324900000e+01
  ],
  ""type"": ""Point""
}","{
  ""coordinates"": [
    -82.961664094,
    42.449073249
  ],
  ""type"": ""Point""
}",-82.961664094,42.449073249
17042,9670098,KERCHEVAL,ST JEAN,2016-04-07,7,4,2016,8,5,3,9,,,0,,2,4,1,35,6,2,5,4,0,0,0,4,false,,false,false,false,false,false,,,,,,false,false,false,,,false,false,false,false,false,-82.97218,42.36939,"{
  ""coordinates"": [
    -8.297217987900000e+01,
    4.236939025500000e+01
  ],
  ""type"": ""Point""
}","{
  ""coordinates"": [
    -82.972179879,
    42.369390255
  ],
  ""type"": ""Point""
}",-82.972179879,42.369390255
17043,9670149,CONNER,WILSHIRE,2016-04-07,7,4,2016,11,5,1,9,,4,0,,2,4,1,35,5,2,2,5,0,0,0,0,true,,false,false,false,false,false,,,,,,false,false,true,,,false,false,false,true,false,-82.99638,42.40405,"{
  ""coordinates"": [
    -8.299638544500000e+01,
    4.240404369700010e+01
  ],
  ""type"": ""Point""
}","{
  ""coordinates"": [
    -82.996385445,
    42.404043697
  ],
  ""type"": ""Point""
}",-82.996385445,42.4040436970001
17044,9683817,JEFFERSON,WOODWARD,2016-04-07,7,4,2016,18,5,5,3,,1,0,,1,1,1,30,4,2,3,5,0,0,0,0,true,,false,false,false,false,false,,,,,,false,false,false,,,false,false,false,false,false,-83.04443,42.32851,"{
  ""coordinates"": [
    -8.304443180800000e+01,
    4.232851378800010e+01
  ],
  ""type"": ""Point""
}","{
  ""coordinates"": [
    -83.044431808,
    42.328513788
  ],
  ""type"": ""Point""
}",-83.044431808,42.3285137880001
17045,9673365,E I 96,SCHOOLCRAFT,2016-04-07,7,4,2016,19,5,1,1,,1,1,,2,4,3,55,4,1,2,2,0,2,0,0,false,,false,false,false,true,false,,,,,,false,false,false,,,false,false,false,false,false,-83.24268,42.3848,"{
  ""coordinates"": [
    -8.324268207900001e+01,
    4.238480103300000e+01
  ],
  ""type"": ""Point""
}","{
  ""coordinates"": [
    -83.242682079,
    42.384801033
  ],
  ""type"": ""Point""
}",-83.242682079,42.384801033
17046,9671373,N M 10,GRAND,2016-04-07,7,4,2016,10,5,4,3,,1,0,,2,4,1,30,2,2,4,4,0,0,0,2,false,,true,true,false,false,false,,,,,,false,false,false,,,false,false,false,false,false,-83.08177,42.36717,"{
  ""coordinates"": [
    -8.308177395900000e+01,
    4.236716877800010e+01
  ],
  ""type"": ""Point""
}","{
  ""coordinates"": [
    -83.081773959,
    42.367168778
  ],
  ""type"": ""Point""
}",-83.081773959,42.3671687780001
17047,9671366,GREENFIELD,DAVISON,2016-04-07,7,4,2016,12,5,5,9,,2,0,,2,4,1,35,4,3,7,4,0,0,0,2,false,,false,false,true,false,false,,,,,,false,false,true,,,false,false,false,false,false,-83.19804,42.38477,"{
  ""coordinates"": [
    -8.319804137900000e+01,
    4.238477503200010e+01
  ],
  ""type"": ""Point""
}","{
  ""coordinates"": [
    -83.198041379,
    42.384775032
  ],
  ""type"": ""Point""
}",-83.198041379,42.3847750320001
17048,9671131,I-94,CADIUEX,2016-04-07,7,4,2016,13,5,8,1,,1,0,,2,4,1,55,3,2,5,5,0,0,0,0,true,,false,false,false,false,false,,,,,,false,false,false,,,false,false,false,false,false,-82.94423,42.41229,"{
  ""coordinates"": [
    -8.294423131000001e+01,
    4.241229249000000e+01
  ],
  ""type"": ""Point""
}","{
  ""coordinates"": [
    -82.94423131,
    42.41229249
  ],
  ""type"": ""Point""
}",-82.94423131,42.41229249
17049,9670132,HAVERHILL,OUTER,2016-04-07,7,4,2016,12,5,4,9,,,0,,2,1,1,25,5,2,2,4,0,0,0,1,false,,false,false,false,false,false,,,,,,false,true,false,,,false,false,false,false,false,-82.94613,42.4063,"{
  ""coordinates"": [
    -8.294613018200000e+01,
    4.240630345400010e+01
  ],
  ""type"": ""Point""
}","{
  ""coordinates"": [
    -82.946130182,
    42.406303454
  ],
  ""type"": ""Point""
}",-82.946130182,42.4063034540001
17050,9674090,N/B I-75,CLAY,2016-04-07,7,4,2016,18,5,5,1,,1,0,,2,2,1,55,4,3,2,5,0,0,0,0,true,,false,false,true,false,false,,,,,,false,false,false,,,false,false,false,false,false,-83.06173,42.37708,"{
  ""coordinates"": [
    -8.306172706000000e+01,
    4.237708327800000e+01
  ],
  ""type"": ""Point""
}","{
  ""coordinates"": [
    -83.06172706,
    42.377083278
  ],
  ""type"": ""Point""
}",-83.06172706,42.377083278
17051,9674133,I-94,VAN DYKE,2016-04-07,7,4,2016,15,5,8,1,,1,0,,2,4,1,55,3,2,1,5,0,0,0,0,true,,false,false,true,false,false,,,,,,false,false,false,,,false,false,false,false,false,-83.02473,42.38508,"{
  ""coordinates"": [
    -8.302473095999990e+01,
    4.238507925600000e+01
  ],
  ""type"": ""Point""
}","{
  ""coordinates"": [
    -83.02473096,
    42.385079256
  ],
  ""type"": ""Point""
}",-83.0247309599999,42.385079256
17052,9671439,CAELY,CARPENTER,2016-04-07,7,4,2016,12,5,1,9,,,0,,2,4,2,10,2,1,1,5,0,0,0,0,true,,false,false,false,false,false,,,,,,false,true,false,,,false,false,false,false,false,-83.05327,42.40846,"{
  ""coordinates"": [
    -8.305326683899990e+01,
    4.240845891100000e+01
  ],
  ""type"": ""Point""
}","{
  ""coordinates"": [
    -83.053266839,
    42.408458911
  ],
  ""type"": ""Point""
}",-83.0532668389999,42.408458911
17053,9670131,HOUSTON-WHITTIER,CHALMERS,2016-04-07,7,4,2016,17,5,8,9,,4,0,,1,1,1,30,2,2,2,5,0,0,0,0,true,,false,false,true,false,false,,,,,,false,false,false,,,false,false,false,false,false,-82.97485,42.42065,"{
  ""coordinates"": [
    -8.297485081100000e+01,
    4.242065600700000e+01
  ],
  ""type"": ""Point""
}","{
  ""coordinates"": [
    -82.974850811,
    42.420656007
  ],
  ""type"": ""Point""
}",-82.974850811,42.420656007
17054,9670163,VASSAR,SCHAEFER,2016-04-07,7,4,2016,7,5,8,9,,4,0,,1,1,1,25,4,2,2,5,0,0,0,0,true,,false,false,false,true,false,,,,,,false,true,false,,,false,false,false,false,false,-83.18053,42.43456,"{
  ""coordinates"": [
    -8.318053276500000e+01,
    4.243456073100000e+01
  ],
  ""type"": ""Point""
}","{
  ""coordinates"": [
    -83.180532765,
    42.434560731
  ],
  ""type"": ""Point""
}",-83.180532765,42.434560731
17055,9671147,RAMP 008P,W I 96,2016-04-07,7,4,2016,6,5,5,1,,1,0,,2,2,1,55,2,2,1,4,0,0,0,1,false,,false,false,true,false,false,,,,,,false,false,false,,,false,false,false,false,false,-83.2168,42.37885,"{
  ""coordinates"": [
    -8.321679567099990e+01,
    4.237885213800010e+01
  ],
  ""type"": ""Point""
}","{
  ""coordinates"": [
    -83.216795671,
    42.378852138
  ],
  ""type"": ""Point""
}",-83.2167956709999,42.3788521380001
17056,9670125,MADISON,BRUSH,2016-04-07,7,4,2016,10,5,1,9,,4,0,,2,4,1,25,4,2,1,4,0,0,0,1,false,,false,false,false,false,false,,,,,,true,false,false,,,false,false,false,false,false,-83.04575,42.33742,"{
  ""coordinates"": [
    -8.304574871900000e+01,
    4.233741883900010e+01
  ],
  ""type"": ""Point""
}","{
  ""coordinates"": [
    -83.045748719,
    42.337418839
  ],
  ""type"": ""Point""
}",-83.045748719,42.3374188390001
17057,9670020,E I 96,E M 8,2016-04-07,7,4,2016,21,5,5,1,,1,0,,2,4,4,70,4,2,2,4,0,0,0,1,false,,false,false,false,false,false,,,,,,false,true,true,,,false,false,false,false,false,-83.15453,42.38509,"{
  ""coordinates"": [
    -8.315453477999991e+01,
    4.238508945700000e+01
  ],
  ""type"": ""Point""
}","{
  ""coordinates"": [
    -83.15453478,
    42.385089457
  ],
  ""type"": ""Point""
}",-83.1545347799999,42.385089457
17058,9670230,SOUTHFIELD SERVICE,SOUTHFIELD SERVICE DRIVE,2016-04-07,7,4,2016,15,5,4,9,,4,0,,2,4,1,35,3,2,2,4,0,0,0,1,false,,true,true,false,false,false,,,,,,false,true,false,,,false,false,false,false,false,-83.21633,42.37742,"{
  ""coordinates"": [
    -8.321633131700000e+01,
    4.237742047400010e+01
  ],
  ""type"": ""Point""
}","{
  ""coordinates"": [
    -83.216331317,
    42.377420474
  ],
  ""type"": ""Point""
}",-83.216331317,42.3774204740001
17059,9672498,NORMANDY,JOHN C,2016-04-07,7,4,2016,11,5,8,9,,,0,,2,1,1,25,2,2,1,5,0,0,0,0,true,,false,false,false,false,false,,,,,,false,false,false,,,false,false,false,false,false,-83.12621,42.40585,"{
  ""coordinates"": [
    -8.312620623200000e+01,
    4.240585343900010e+01
  ],
  ""type"": ""Point""
}","{
  ""coordinates"": [
    -83.126206232,
    42.405853439
  ],
  ""type"": ""Point""
}",-83.126206232,42.4058534390001
17060,9673358,I-75,WARREN,2016-04-07,7,4,2016,18,5,5,1,,1,0,,1,2,1,55,4,2,2,5,0,0,0,0,true,,false,false,false,false,false,,,,,,false,false,false,,,false,false,false,false,false,-83.0544,42.36107,"{
  ""coordinates"": [
    -8.305439417699991e+01,
    4.236106902200000e+01
  ],
  ""type"": ""Point""
}","{
  ""coordinates"": [
    -83.054394177,
    42.361069022
  ],
  ""type"": ""Point""
}",-83.0543941769999,42.361069022
17061,9673441,WOODWARD,CONGRESS,2016-04-07,7,4,2016,12,5,1,9,,4,0,,2,4,1,25,2,2,1,4,0,0,0,1,false,,false,false,false,false,false,,,,,,true,false,false,,,false,false,false,false,false,-83.04583,42.33005,"{
  ""coordinates"": [
    -8.304582600200000e+01,
    4.233005277400010e+01
  ],
  ""type"": ""Point""
}","{
  ""coordinates"": [
    -83.045826002,
    42.330052774
  ],
  ""type"": ""Point""
}",-83.045826002,42.3300527740001
17062,9681668,MACK,MARYLAND,2016-04-07,7,4,2016,21,5,4,9,,2,0,,2,4,4,30,5,2,1,5,0,0,0,0,true,,true,false,true,false,false,,,,,,false,false,true,,,false,false,false,false,false,-82.94559,42.38765,"{
  ""coordinates"": [
    -8.294559289499990e+01,
    4.238764613100010e+01
  ],
  ""type"": ""Point""
}","{
  ""coordinates"": [
    -82.945592895,
    42.387646131
  ],
  ""type"": ""Point""
}",-82.9455928949999,42.3876461310001
17063,9670100,WOODWARD,CLAIRMOUNT,2016-04-07,7,4,2016,8,5,1,3,,1,0,,2,4,1,30,7,1,1,5,0,0,0,0,true,,false,false,true,false,false,,,,,,false,false,false,,,false,false,false,false,false,-83.08175,42.38284,"{
  ""coordinates"": [
    -8.308174643000000e+01,
    4.238283883500000e+01
  ],
  ""type"": ""Point""
}","{
  ""coordinates"": [
    -83.08174643,
    42.382838835
  ],
  ""type"": ""Point""
}",-83.08174643,42.382838835
17064,9671365,HUBBELL,JOY,2016-04-07,7,4,2016,10,5,8,9,,4,0,,2,2,1,30,2,2,3,5,0,0,0,0,true,,false,false,false,false,false,,,,,,false,false,false,,,false,false,false,false,false,-83.18724,42.35862,"{
  ""coordinates"": [
    -8.318724292300000e+01,
    4.235862087100000e+01
  ],
  ""type"": ""Point""
}","{
  ""coordinates"": [
    -83.187242923,
    42.358620871
  ],
  ""type"": ""Point""
}",-83.187242923,42.358620871
17065,9670112,EVERGREEN,ELMIRA,2016-04-07,7,4,2016,16,5,4,9,,4,0,,2,4,1,30,2,2,2,5,0,0,0,0,true,,false,false,false,false,false,,,,,,false,false,true,,,false,false,false,false,false,-83.23618,42.3694,"{
  ""coordinates"": [
    -8.323617278599990e+01,
    4.236939923700000e+01
  ],
  ""type"": ""Point""
}","{
  ""coordinates"": [
    -83.236172786,
    42.369399237
  ],
  ""type"": ""Point""
}",-83.2361727859999,42.369399237
17066,9683125,WOODWARD,CONGRESS,2016-04-07,7,4,2016,11,5,5,9,,4,0,,2,4,1,25,3,2,2,5,0,0,0,0,true,,false,false,false,false,false,,,,,,false,false,false,,,false,false,false,false,false,-83.04572,42.33039,"{
  ""coordinates"": [
    -8.304571480200001e+01,
    4.233039073100010e+01
  ],
  ""type"": ""Point""
}","{
  ""coordinates"": [
    -83.045714802,
    42.330390731
  ],
  ""type"": ""Point""
}",-83.045714802,42.3303907310001
17067,9684572,RAMP 037F,RAMP 037C,2016-04-07,7,4,2016,17,5,5,1,,1,0,,2,2,1,55,2,2,2,5,0,0,0,0,true,,false,false,true,false,false,,,,,,false,false,true,,,false,false,false,false,false,-83.08467,42.33257,"{
  ""coordinates"": [
    -8.308466898899999e+01,
    4.233256839600010e+01
  ],
  ""type"": ""Point""
}","{
  ""coordinates"": [
    -83.084668989,
    42.332568396
  ],
  ""type"": ""Point""
}",-83.084668989,42.3325683960001
17068,9670111,GRANDRIVER,REDFORD,2016-04-07,7,4,2016,8,5,4,3,,1,0,,2,4,1,45,3,2,5,5,0,0,0,0,true,,false,false,false,false,false,,,,,,false,false,false,,,false,false,false,false,false,-83.25882,42.41697,"{
  ""coordinates"": [
    -8.325882162300000e+01,
    4.241696503500000e+01
  ],
  ""type"": ""Point""
}","{
  ""coordinates"": [
    -83.258821623,
    42.416965035
  ],
  ""type"": ""Point""
}",-83.258821623,42.416965035
17069,9674134,RAMP 220E,CONNER,2016-04-07,7,4,2016,15,5,5,1,,1,0,,2,4,1,35,1,3,2,4,0,0,0,1,false,,false,false,true,false,false,,,,,,false,false,true,,,false,false,false,false,false,-82.98703,42.39632,"{
  ""coordinates"": [
    -8.298702945399999e+01,
    4.239631610500000e+01
  ],
  ""type"": ""Point""
}","{
  ""coordinates"": [
    -82.987029454,
    42.396316105
  ],
  ""type"": ""Point""
}",-82.987029454,42.396316105
17070,9671374,SAINT ANTOINE,CANFIELD,2016-04-07,7,4,2016,10,5,8,9,,4,0,,2,4,1,25,3,2,2,5,0,0,0,0,true,,false,false,false,false,false,,,,,,false,false,false,,,false,false,false,false,false,-83.05393,42.35511,"{
  ""coordinates"": [
    -8.305393528199990e+01,
    4.235511465000010e+01
  ],
  ""type"": ""Point""
}","{
  ""coordinates"": [
    -83.053935282,
    42.35511465
  ],
  ""type"": ""Point""
}",-83.0539352819999,42.3551146500001
17071,9670120,OUTER,GODDARD,2016-04-07,7,4,2016,1,5,5,9,,2,0,,2,4,4,35,3,4,1,5,0,0,0,0,true,,false,false,true,false,false,,,,,,false,false,false,,,false,false,false,false,false,-83.07778,42.44008,"{
  ""coordinates"": [
    -8.307778306599990e+01,
    4.244008390200000e+01
  ],
  ""type"": ""Point""
}","{
  ""coordinates"": [
    -83.077783066,
    42.440083902
  ],
  ""type"": ""Point""
}",-83.0777830659999,42.440083902
17072,9670159,8 MILE,LIVERNOIS,2016-04-07,7,4,2016,13,5,5,3,,1,0,,2,4,1,40,6,2,2,4,0,0,0,1,false,,false,false,true,false,false,,,,,,false,false,false,,,false,false,false,false,false,-83.14215,42.44608,"{
  ""coordinates"": [
    -8.314215288500000e+01,
    4.244607889100010e+01
  ],
  ""type"": ""Point""
}","{
  ""coordinates"": [
    -83.142152885,
    42.446078891
  ],
  ""type"": ""Point""
}",-83.142152885,42.4460788910001
17073,9671426,PREVOST,SANTA MARIA,2016-04-07,7,4,2016,13,5,4,9,,,0,,2,4,1,25,4,2,2,5,0,0,0,0,true,,false,false,false,false,false,,,,,,false,false,false,,,false,false,false,false,false,-83.20358,42.41768,"{
  ""coordinates"": [
    -8.320358016199999e+01,
    4.241767784300000e+01
  ],
  ""type"": ""Point""
}","{
  ""coordinates"": [
    -83.203580162,
    42.417677843
  ],
  ""type"": ""Point""
}",-83.203580162,42.417677843
17074,9670165,ST ANTOINE,WARREN,2016-04-07,7,4,2016,16,5,3,9,,4,0,,2,4,1,40,8,2,2,5,0,0,0,0,true,,false,false,false,false,false,,,,,,false,false,true,,,false,false,false,false,false,-83.05717,42.35996,"{
  ""coordinates"": [
    -8.305716344299999e+01,
    4.235995940000000e+01
  ],
  ""type"": ""Point""
}","{
  ""coordinates"": [
    -83.057163443,
    42.3599594
  ],
  ""type"": ""Point""
}",-83.057163443,42.3599594
17075,9670136,EVERGREEN,WARREN,2016-04-07,7,4,2016,12,5,3,9,,4,0,,2,2,1,30,1,2,2,5,0,0,0,0,true,,false,false,false,false,false,,,,,,false,false,true,,,false,false,false,false,false,-83.23537,42.34309,"{
  ""coordinates"": [
    -8.323537767300000e+01,
    4.234309526400010e+01
  ],
  ""type"": ""Point""
}","{
  ""coordinates"": [
    -83.235377673,
    42.343095264
  ],
  ""type"": ""Point""
}",-83.235377673,42.3430952640001
17076,9671148,I-75,DEARBORN,2016-04-07,7,4,2016,7,5,1,1,,1,1,,2,2,1,55,4,1,1,5,0,0,0,0,true,,false,false,false,false,false,,,,,,false,false,false,,,false,false,false,false,false,-83.12892,42.2918,"{
  ""coordinates"": [
    -8.312891864200000e+01,
    4.229180012700000e+01
  ],
  ""type"": ""Point""
}","{
  ""coordinates"": [
    -83.128918642,
    42.291800127
  ],
  ""type"": ""Point""
}",-83.128918642,42.291800127
17077,9673359,I-75,7 MILE,2016-04-07,7,4,2016,19,5,5,1,,1,0,,2,5,1,70,4,2,2,5,0,0,0,0,true,,false,false,false,false,false,,,,,,false,false,true,,,false,false,false,false,false,-83.09472,42.43386,"{
  ""coordinates"": [
    -8.309471660600001e+01,
    4.243385933300000e+01
  ],
  ""type"": ""Point""
}","{
  ""coordinates"": [
    -83.094716606,
    42.433859333
  ],
  ""type"": ""Point""
}",-83.094716606,42.433859333
17078,9671362,DIX,CARSON,2016-04-07,7,4,2016,9,5,2,9,,4,2,,2,4,1,30,4,3,2,5,0,0,0,0,true,,false,false,false,false,false,,,,,,false,false,true,,,false,false,false,false,false,-83.13165,42.31701,"{
  ""coordinates"": [
    -8.313165051300000e+01,
    4.231700975600010e+01
  ],
  ""type"": ""Point""
}","{
  ""coordinates"": [
    -83.131650513,
    42.317009756
  ],
  ""type"": ""Point""
}",-83.131650513,42.3170097560001
17079,9671153,I-75,DAVISON,2016-04-07,7,4,2016,6,5,1,1,,1,1,,1,1,4,70,4,1,1,5,0,0,0,0,true,,false,false,false,false,false,,,,,,false,false,false,,,false,false,false,false,false,-83.07802,42.40763,"{
  ""coordinates"": [
    -8.307801458599990e+01,
    4.240762770700010e+01
  ],
  ""type"": ""Point""
}","{
  ""coordinates"": [
    -83.078014586,
    42.407627707
  ],
  ""type"": ""Point""
}",-83.0780145859999,42.4076277070001
17080,9674163,I-75,MCNICHOLS,2016-04-07,7,4,2016,16,5,5,1,,1,0,,2,2,1,70,4,2,1,5,0,0,0,0,true,,false,false,true,false,false,,,,,,false,false,false,,,false,false,false,false,false,-83.08641,42.41623,"{
  ""coordinates"": [
    -8.308641181500001e+01,
    4.241623280100000e+01
  ],
  ""type"": ""Point""
}","{
  ""coordinates"": [
    -83.086411815,
    42.416232801
  ],
  ""type"": ""Point""
}",-83.086411815,42.416232801
17081,9672491,HOOVER,CLOUGH,2016-04-07,7,4,2016,18,5,8,3,,1,0,,2,4,1,25,2,3,3,5,0,0,0,0,true,,false,false,false,false,false,,,,,,false,false,false,,,false,false,false,false,false,-83.00417,42.42383,"{
  ""coordinates"": [
    -8.300416950399990e+01,
    4.242382931500000e+01
  ],
  ""type"": ""Point""
}","{
  ""coordinates"": [
    -83.004169504,
    42.423829315
  ],
  ""type"": ""Point""
}",-83.0041695039999,42.423829315
17082,9670154,QUINCY,MIDLAND,2016-04-07,7,4,2016,16,5,97,9,,,0,,2,4,1,20,2,2,2,5,0,0,0,0,true,,false,false,true,false,false,,,,,,false,false,false,,,false,false,false,false,false,-83.1384,42.4066,"{
  ""coordinates"": [
    -8.313840753200000e+01,
    4.240660479200010e+01
  ],
  ""type"": ""Point""
}","{
  ""coordinates"": [
    -83.138407532,
    42.406604792
  ],
  ""type"": ""Point""
}",-83.138407532,42.4066047920001
17083,9670115,BURT,ORANGELAWN,2016-04-07,7,4,2016,16,5,4,9,,4,0,,2,2,1,25,2,2,7,4,0,0,0,1,false,,false,false,false,false,false,,,,,,false,false,false,,,false,false,false,false,false,-83.24609,42.36819,"{
  ""coordinates"": [
    -8.324608855799990e+01,
    4.236818698500010e+01
  ],
  ""type"": ""Point""
}","{
  ""coordinates"": [
    -83.246088558,
    42.368186985
  ],
  ""type"": ""Point""
}",-83.2460885579999,42.3681869850001
17084,9670157,MANDERSON,WHITMORE,2016-04-07,7,4,2016,22,5,4,9,,,0,,2,4,5,25,1,6,5,1,1,2,3,0,false,,true,false,false,false,false,,,,,,false,false,true,,,false,false,false,false,false,-83.11694,42.42062,"{
  ""coordinates"": [
    -8.311694277799999e+01,
    4.242061559500010e+01
  ],
  ""type"": ""Point""
}","{
  ""coordinates"": [
    -83.116942778,
    42.420615595
  ],
  ""type"": ""Point""
}",-83.116942778,42.4206155950001
17085,9675858,WYOMING,FENKELL,2016-04-07,7,4,2016,13,5,8,9,,4,0,,1,2,1,30,4,2,2,5,0,0,0,0,true,,false,false,true,false,false,,,,,,false,false,false,,,false,false,false,false,false,-83.15966,42.40231,"{
  ""coordinates"": [
    -8.315965945900000e+01,
    4.240231123700000e+01
  ],
  ""type"": ""Point""
}","{
  ""coordinates"": [
    -83.159659459,
    42.402311237
  ],
  ""type"": ""Point""
}",-83.159659459,42.402311237
17086,9673362,NB M10,MILWAUKEE,2016-04-07,7,4,2016,17,5,8,3,,1,0,,2,4,1,55,4,2,2,5,0,0,0,0,true,,false,false,false,false,false,,,,,,false,false,false,,,false,false,false,false,false,-83.07996,42.3648,"{
  ""coordinates"": [
    -8.307996453999991e+01,
    4.236479426700000e+01
  ],
  ""type"": ""Point""
}","{
  ""coordinates"": [
    -83.07996454,
    42.364794267
  ],
  ""type"": ""Point""
}",-83.0799645399999,42.364794267
17087,9671129,I-96,M39,2016-04-07,7,4,2016,10,5,8,1,,1,0,,2,4,1,70,3,2,2,5,0,0,0,0,true,,false,false,false,false,false,,,,,,false,false,false,,,false,false,false,false,false,-83.23167,42.37803,"{
  ""coordinates"": [
    -8.323167056800000e+01,
    4.237803316400000e+01
  ],
  ""type"": ""Point""
}","{
  ""coordinates"": [
    -83.231670568,
    42.378033164
  ],
  ""type"": ""Point""
}",-83.231670568,42.378033164
17088,9671407,FOREST,DICKERSON,2016-04-07,7,4,2016,22,5,4,9,,,0,,1,1,4,25,2,2,3,4,0,0,0,1,false,,false,false,true,false,false,,,,,,false,false,true,,,false,false,false,false,false,-82.96595,42.39093,"{
  ""coordinates"": [
    -8.296595146899990e+01,
    4.239093067200000e+01
  ],
  ""type"": ""Point""
}","{
  ""coordinates"": [
    -82.965951469,
    42.390930672
  ],
  ""type"": ""Point""
}",-82.9659514689999,42.390930672
17089,9671425,MCNICHOLS,WOODBINE,2016-04-07,7,4,2016,11,5,4,9,,2,0,,2,4,1,35,2,2,4,5,0,0,0,0,true,,false,false,false,false,false,,,,,,false,false,false,,,false,false,false,false,false,-83.27831,42.41451,"{
  ""coordinates"": [
    -8.327831095800001e+01,
    4.241450832500000e+01
  ],
  ""type"": ""Point""
}","{
  ""coordinates"": [
    -83.278310958,
    42.414508325
  ],
  ""type"": ""Point""
}",-83.278310958,42.414508325
17090,9670124,BEAVERLAND,KEELER,2016-04-07,7,4,2016,14,5,4,9,,,0,,2,2,1,25,1,2,3,5,0,0,0,0,true,,false,false,false,false,false,,,,,,false,false,false,,,false,false,false,false,false,-83.26559,42.40204,"{
  ""coordinates"": [
    -8.326559641800000e+01,
    4.240204387700000e+01
  ],
  ""type"": ""Point""
}","{
  ""coordinates"": [
    -83.265596418,
    42.402043877
  ],
  ""type"": ""Point""
}",-83.265596418,42.402043877
17091,9673357,I-75,DEARBORN,2016-04-07,7,4,2016,5,5,1,1,,1,0,,1,1,4,70,4,1,1,3,0,0,1,0,false,,false,false,false,false,false,,,,,,false,false,false,,,false,false,false,false,false,-83.12892,42.29158,"{
  ""coordinates"": [
    -8.312892406299990e+01,
    4.229157564300000e+01
  ],
  ""type"": ""Point""
}","{
  ""coordinates"": [
    -83.128924063,
    42.291575643
  ],
  ""type"": ""Point""
}",-83.1289240629999,42.291575643