ObjectId,Crash ID,Primary Road,Intersecting Road,Crash Date,Day,Month,Year,Hour,Weekday,Crash Type Code,Highway Classification Code,Community Code,Jurisdiction Code,Lane Departure Type Code,Surface Type,Road Condition,Weather Condition,Lighting Condition,Speed Limit,Lanes,Units,Occupants,Most Severe Injury,Fatal Injuries,Suspected Serious Injuries,Suspected Minor Injuries,Possible Injuries,Property Damage Only,Secondary Crash,Traffic Control,Red Light Run,Hit and Run,Alcohol,Drugs,Unbelted Person,Work Zone,Speeding Driver,Distracted Driver,Driveway,Pedestrian,Elderly Driver,Young Driver,Commercial Vehicle,Emergency Vehicles,Train,School Bus,Motorcycle,Bicycle,Deer,Longitude,Latitude,geom,geog,x,y
17092,9674265,MOUND,DAVISON,2016-04-07,7,4,2016,7,5,5,9,,2,0,,1,1,1,30,2,2,2,5,0,0,0,0,true,,false,false,true,false,false,,,,,,false,false,false,,,false,false,false,false,false,-83.0432,42.42247,"{
  ""coordinates"": [
    -8.304320084200000e+01,
    4.242246989600010e+01
  ],
  ""type"": ""Point""
}","{
  ""coordinates"": [
    -83.043200842,
    42.422469896
  ],
  ""type"": ""Point""
}",-83.043200842,42.4224698960001
17093,9702621,OUTER,EDSEL,2016-04-06,6,4,2016,0,4,4,9,,2,0,,1,1,4,35,2,2,2,5,0,0,0,0,true,,true,true,false,false,false,,,,,,false,false,false,,,false,false,false,false,false,-83.16653,42.26132,"{
  ""coordinates"": [
    -8.316653791300000e+01,
    4.226132340300010e+01
  ],
  ""type"": ""Point""
}","{
  ""coordinates"": [
    -83.166537913,
    42.261323403
  ],
  ""type"": ""Point""
}",-83.166537913,42.2613234030001
17094,9676928,FENKELL,MARK TWAIN,2016-04-06,6,4,2016,0,4,1,9,,2,1,,1,1,4,30,2,1,0,5,0,0,0,0,true,,false,false,false,false,false,,,,,,false,false,false,,,false,false,false,false,false,-83.18606,42.40189,"{
  ""coordinates"": [
    -8.318605601599999e+01,
    4.240189505100010e+01
  ],
  ""type"": ""Point""
}","{
  ""coordinates"": [
    -83.186056016,
    42.401895051
  ],
  ""type"": ""Point""
}",-83.186056016,42.4018950510001
17095,9671370,MICHIGAN,WASHINGTON,2016-04-06,6,4,2016,13,4,8,9,,4,0,,1,2,1,25,6,2,2,5,0,0,0,0,true,,false,false,false,false,false,,,,,,false,false,true,,,false,false,false,false,false,-83.05106,42.33168,"{
  ""coordinates"": [
    -8.305105227199989e+01,
    4.233167545500000e+01
  ],
  ""type"": ""Point""
}","{
  ""coordinates"": [
    -83.051052272,
    42.331675455
  ],
  ""type"": ""Point""
}",-83.0510522719999,42.331675455
17096,9715683,EWALD,STOEPEL,2016-04-06,6,4,2016,20,4,8,9,,4,0,,2,4,4,25,2,2,1,5,0,0,0,0,true,,false,false,true,false,false,,,,,,false,false,false,,,false,false,false,false,false,-83.14058,42.3912,"{
  ""coordinates"": [
    -8.314058205100000e+01,
    4.239120458300000e+01
  ],
  ""type"": ""Point""
}","{
  ""coordinates"": [
    -83.140582051,
    42.391204583
  ],
  ""type"": ""Point""
}",-83.140582051,42.391204583
17097,9674141,M-39,TIREMAN,2016-04-06,6,4,2016,16,4,8,3,,1,0,,2,2,1,55,3,2,1,5,0,0,0,0,true,,false,false,true,false,false,,,,,,false,false,false,,,false,false,false,false,false,-83.21645,42.35199,"{
  ""coordinates"": [
    -8.321644686400001e+01,
    4.235198776300010e+01
  ],
  ""type"": ""Point""
}","{
  ""coordinates"": [
    -83.216446864,
    42.351987763
  ],
  ""type"": ""Point""
}",-83.216446864,42.3519877630001
17098,9670130,CASS,GRAND RIVER,2016-04-06,6,4,2016,12,4,4,3,,4,0,,1,1,1,35,4,2,3,5,0,0,0,0,true,,false,false,false,false,false,,,,,,false,false,true,,,false,false,false,false,false,-83.05447,42.33459,"{
  ""coordinates"": [
    -8.305446601800000e+01,
    4.233459370000000e+01
  ],
  ""type"": ""Point""
}","{
  ""coordinates"": [
    -83.054466018,
    42.3345937
  ],
  ""type"": ""Point""
}",-83.054466018,42.3345937
17099,9669309,W I 94 SERVICE DRIVE,CHALMERS,2016-04-06,6,4,2016,19,4,8,1,,7,0,,1,1,1,25,3,2,2,5,0,0,0,0,true,,false,false,false,false,false,,,,,,false,false,true,,,false,false,false,false,false,-82.96441,42.40408,"{
  ""coordinates"": [
    -8.296441066300000e+01,
    4.240408426000000e+01
  ],
  ""type"": ""Point""
}","{
  ""coordinates"": [
    -82.964410663,
    42.40408426
  ],
  ""type"": ""Point""
}",-82.964410663,42.40408426
17100,9670099,GRISWOLD,CONGRESS,2016-04-06,6,4,2016,8,4,8,9,,4,0,,1,2,1,30,8,2,2,4,0,0,0,1,false,,false,false,false,false,false,,,,,,false,false,false,,,false,false,false,false,false,-83.04671,42.32988,"{
  ""coordinates"": [
    -8.304670423700000e+01,
    4.232987937500010e+01
  ],
  ""type"": ""Point""
}","{
  ""coordinates"": [
    -83.046704237,
    42.329879375
  ],
  ""type"": ""Point""
}",-83.046704237,42.3298793750001
17101,9669279,7 MILE,RYAN,2016-04-06,6,4,2016,14,4,5,9,,4,0,,1,2,1,35,2,2,2,5,0,0,0,0,true,,false,false,true,false,false,,,,,,false,false,false,,,false,false,false,false,false,-83.06309,42.43313,"{
  ""coordinates"": [
    -8.306308890199990e+01,
    4.243312841300010e+01
  ],
  ""type"": ""Point""
}","{
  ""coordinates"": [
    -83.063088902,
    42.433128413
  ],
  ""type"": ""Point""
}",-83.0630889019999,42.4331284130001
17102,9671145,I-75,WARREN,2016-04-06,6,4,2016,16,4,5,1,,1,0,,2,4,1,55,4,3,3,5,0,0,0,0,true,,false,false,false,false,false,,,,,,false,false,false,,,false,false,false,false,false,-83.05292,42.35888,"{
  ""coordinates"": [
    -8.305292126800001e+01,
    4.235888412200010e+01
  ],
  ""type"": ""Point""
}","{
  ""coordinates"": [
    -83.052921268,
    42.358884122
  ],
  ""type"": ""Point""
}",-83.052921268,42.3588841220001
17103,9670129,M 10,WEBB,2016-04-06,6,4,2016,8,4,5,3,,1,0,,1,1,1,55,6,2,2,5,0,0,0,0,true,,false,false,false,false,false,,,,,,false,false,false,,,false,false,false,false,false,-83.10458,42.39098,"{
  ""coordinates"": [
    -8.310458319100000e+01,
    4.239097742000010e+01
  ],
  ""type"": ""Point""
}","{
  ""coordinates"": [
    -83.104583191,
    42.39097742
  ],
  ""type"": ""Point""
}",-83.104583191,42.3909774200001
17104,9671351,VINEWOOD,FORT,2016-04-06,6,4,2016,9,4,97,3,,,0,,1,2,1,25,2,2,1,5,0,0,0,0,true,,false,false,true,false,false,,,,,,false,false,false,,,false,false,false,false,false,-83.08427,42.3148,"{
  ""coordinates"": [
    -8.308426646100000e+01,
    4.231479705300010e+01
  ],
  ""type"": ""Point""
}","{
  ""coordinates"": [
    -83.084266461,
    42.314797053
  ],
  ""type"": ""Point""
}",-83.084266461,42.3147970530001
17105,9670142,EATON,ARTESIAN,2016-04-06,6,4,2016,5,4,4,9,,,0,,1,1,4,25,2,2,2,3,0,0,1,0,false,,false,false,false,false,false,,,,,,false,false,true,,,false,false,false,false,false,-83.22746,42.39595,"{
  ""coordinates"": [
    -8.322745419899999e+01,
    4.239595468000000e+01
  ],
  ""type"": ""Point""
}","{
  ""coordinates"": [
    -83.227454199,
    42.39595468
  ],
  ""type"": ""Point""
}",-83.227454199,42.39595468
17106,9670103,PLYMOUTH,GRAND RIVER,2016-04-06,6,4,2016,8,4,4,3,,4,0,,1,1,1,35,2,2,2,5,0,0,0,0,true,,true,false,true,false,false,,,,,,false,false,false,,,false,false,false,false,false,-83.15117,42.37363,"{
  ""coordinates"": [
    -8.315117232300000e+01,
    4.237363347200010e+01
  ],
  ""type"": ""Point""
}","{
  ""coordinates"": [
    -83.151172323,
    42.373633472
  ],
  ""type"": ""Point""
}",-83.151172323,42.3736334720001
17107,9670134,MCGRAW,WEIR,2016-04-06,6,4,2016,6,4,97,3,,1,0,,1,2,1,35,4,2,1,5,0,0,0,0,true,,false,false,true,false,false,,,,,,false,false,true,,,false,false,false,false,false,-83.15535,42.32996,"{
  ""coordinates"": [
    -8.315535230099989e+01,
    4.232995813000010e+01
  ],
  ""type"": ""Point""
}","{
  ""coordinates"": [
    -83.155352301,
    42.32995813
  ],
  ""type"": ""Point""
}",-83.1553523009999,42.3299581300001
17108,9669300,WARREN,MEMORIAL,2016-04-06,6,4,2016,9,4,5,9,,2,0,,2,2,1,35,4,2,2,5,0,0,0,0,true,,false,false,false,false,false,,,,,,false,false,true,,,false,false,false,false,false,-83.21054,42.34346,"{
  ""coordinates"": [
    -8.321054374399991e+01,
    4.234345896600010e+01
  ],
  ""type"": ""Point""
}","{
  ""coordinates"": [
    -83.210543744,
    42.343458966
  ],
  ""type"": ""Point""
}",-83.2105437439999,42.3434589660001
17109,9673438,JOY,MEADOWDALE,2016-04-06,6,4,2016,14,4,4,9,,4,0,,1,1,1,35,2,2,3,5,0,0,0,0,true,,false,false,false,false,false,,,,,,false,false,true,,,false,false,false,false,false,-83.18032,42.3585,"{
  ""coordinates"": [
    -8.318031875100000e+01,
    4.235849834400010e+01
  ],
  ""type"": ""Point""
}","{
  ""coordinates"": [
    -83.180318751,
    42.358498344
  ],
  ""type"": ""Point""
}",-83.180318751,42.3584983440001
17110,9671442,DAVISON,RYAN,2016-04-06,6,4,2016,17,4,5,9,,4,0,,2,4,1,30,3,2,2,4,0,0,0,1,false,,false,false,false,false,false,,,,,,false,false,false,,,false,false,false,false,false,-83.06074,42.4158,"{
  ""coordinates"": [
    -8.306073507399999e+01,
    4.241580188700000e+01
  ],
  ""type"": ""Point""
}","{
  ""coordinates"": [
    -83.060735074,
    42.415801887
  ],
  ""type"": ""Point""
}",-83.060735074,42.415801887
17111,9669295,MACK,MITCHELL,2016-04-06,6,4,2016,17,4,5,9,,4,0,,1,1,1,35,2,3,5,2,0,1,0,0,false,,false,false,false,false,false,,,,,,false,false,false,,,false,false,false,false,false,-83.03071,42.35796,"{
  ""coordinates"": [
    -8.303071178999990e+01,
    4.235795517500000e+01
  ],
  ""type"": ""Point""
}","{
  ""coordinates"": [
    -83.03071179,
    42.357955175
  ],
  ""type"": ""Point""
}",-83.0307117899999,42.357955175
17112,9669314,MACK,MELDREM,2016-04-06,6,4,2016,15,4,4,9,,4,0,,1,2,1,30,2,2,2,5,0,0,0,0,true,,false,false,false,false,false,,,,,,false,true,false,,,false,false,false,false,false,-83.02032,42.36176,"{
  ""coordinates"": [
    -8.302031402900001e+01,
    4.236175785300000e+01
  ],
  ""type"": ""Point""
}","{
  ""coordinates"": [
    -83.020314029,
    42.361757853
  ],
  ""type"": ""Point""
}",-83.020314029,42.361757853
17113,9715820,WOODWARD,SELDEN,2016-04-06,6,4,2016,9,4,97,3,,1,0,,1,1,2,25,2,2,2,5,0,0,0,0,true,,false,false,false,false,false,,,,,,false,false,false,,,false,false,false,false,false,-83.05933,42.34956,"{
  ""coordinates"": [
    -8.305933338400000e+01,
    4.234956069000000e+01
  ],
  ""type"": ""Point""
}","{
  ""coordinates"": [
    -83.059333384,
    42.34956069
  ],
  ""type"": ""Point""
}",-83.059333384,42.34956069
17114,9671128,M10,7 MILE,2016-04-06,6,4,2016,17,4,8,3,,1,0,,1,2,1,55,3,2,2,4,0,0,0,1,false,,false,false,false,false,false,,,,,,false,true,true,,,false,false,false,false,false,-83.18738,42.43104,"{
  ""coordinates"": [
    -8.318737977399999e+01,
    4.243103628800000e+01
  ],
  ""type"": ""Point""
}","{
  ""coordinates"": [
    -83.187379774,
    42.431036288
  ],
  ""type"": ""Point""
}",-83.187379774,42.431036288
17115,9669144,I-96,M-39,2016-04-06,6,4,2016,6,4,8,1,,1,0,,1,1,2,70,2,2,1,5,0,0,0,0,true,,false,false,true,false,false,,,,,,false,false,false,,,false,false,false,false,false,-83.21764,42.37862,"{
  ""coordinates"": [
    -8.321764480199990e+01,
    4.237861644700010e+01
  ],
  ""type"": ""Point""
}","{
  ""coordinates"": [
    -83.217644802,
    42.378616447
  ],
  ""type"": ""Point""
}",-83.2176448019999,42.3786164470001
17116,9668335,MCDOUGALL,GARFIELD,2016-04-06,6,4,2016,1,4,8,9,,4,0,,1,1,4,25,3,3,2,5,0,0,0,0,true,,false,false,false,false,false,,,,,,false,false,true,,,false,false,false,false,false,-83.03377,42.36435,"{
  ""coordinates"": [
    -8.303376495399991e+01,
    4.236435108600010e+01
  ],
  ""type"": ""Point""
}","{
  ""coordinates"": [
    -83.033764954,
    42.364351086
  ],
  ""type"": ""Point""
}",-83.0337649539999,42.3643510860001
17117,9669319,I-94,WYOMING,2016-04-06,6,4,2016,18,4,9,1,,1,2,,97,98,98,70,3,2,2,5,0,0,0,0,true,,false,false,true,false,false,,,,,,false,false,false,,,false,false,false,false,false,-83.1544,42.32925,"{
  ""coordinates"": [
    -8.315439711900000e+01,
    4.232924907400010e+01
  ],
  ""type"": ""Point""
}","{
  ""coordinates"": [
    -83.154397119,
    42.329249074
  ],
  ""type"": ""Point""
}",-83.154397119,42.3292490740001
17118,9670110,EIGHT MILE,BILTMORE,2016-04-06,6,4,2016,5,4,4,3,,1,0,,1,2,4,45,4,2,2,4,0,0,0,1,false,,true,true,false,false,false,,,,,,false,false,false,,,false,false,false,false,false,-83.21241,42.44436,"{
  ""coordinates"": [
    -8.321240840500001e+01,
    4.244435567500010e+01
  ],
  ""type"": ""Point""
}","{
  ""coordinates"": [
    -83.212408405,
    42.444355675
  ],
  ""type"": ""Point""
}",-83.212408405,42.4443556750001
17119,9670145,7 MILE,ANNCHESTER,2016-04-06,6,4,2016,15,4,5,9,,2,0,,1,2,1,35,3,2,4,5,0,0,0,0,true,,false,false,false,false,false,,,,,,false,false,true,,,false,false,false,false,false,-83.23548,42.42966,"{
  ""coordinates"": [
    -8.323548040299990e+01,
    4.242966347100000e+01
  ],
  ""type"": ""Point""
}","{
  ""coordinates"": [
    -83.235480403,
    42.429663471
  ],
  ""type"": ""Point""
}",-83.2354804029999,42.429663471
17120,9670018,I 75,DEARBORN,2016-04-06,6,4,2016,23,4,1,1,,1,1,,2,4,4,70,4,1,1,5,0,0,0,0,true,,false,false,false,false,false,,,,,,false,false,false,,,false,false,false,false,false,-83.12571,42.29628,"{
  ""coordinates"": [
    -8.312570950999999e+01,
    4.229627657200010e+01
  ],
  ""type"": ""Point""
}","{
  ""coordinates"": [
    -83.12570951,
    42.296276572
  ],
  ""type"": ""Point""
}",-83.12570951,42.2962765720001
17121,9671127,I-75,HOLBROOK,2016-04-06,6,4,2016,15,4,5,1,,1,0,,2,2,1,55,4,2,3,4,0,0,0,1,false,,false,false,false,false,false,,,,,,false,false,false,,,false,false,false,false,false,-83.06971,42.39068,"{
  ""coordinates"": [
    -8.306971040000001e+01,
    4.239068078400000e+01
  ],
  ""type"": ""Point""
}","{
  ""coordinates"": [
    -83.0697104,
    42.390680784
  ],
  ""type"": ""Point""
}",-83.0697104,42.390680784
17122,9671136,N M 10,E I 94,2016-04-06,6,4,2016,14,4,1,3,,1,0,,1,2,1,55,3,1,1,5,0,0,0,0,true,,false,false,false,false,false,,,,,,false,false,false,,,false,false,false,false,false,-83.07598,42.35899,"{
  ""coordinates"": [
    -8.307598330400000e+01,
    4.235899168700010e+01
  ],
  ""type"": ""Point""
}","{
  ""coordinates"": [
    -83.075983304,
    42.358991687
  ],
  ""type"": ""Point""
}",-83.075983304,42.3589916870001
17123,9669310,WARREN,MARSEILLES,2016-04-06,6,4,2016,11,4,5,9,,4,3,,2,2,1,35,2,4,1,5,0,0,0,0,true,,false,false,false,false,false,,,,,,false,false,true,,,false,false,false,false,false,-82.92155,42.40908,"{
  ""coordinates"": [
    -8.292154981899991e+01,
    4.240908380400000e+01
  ],
  ""type"": ""Point""
}","{
  ""coordinates"": [
    -82.921549819,
    42.409083804
  ],
  ""type"": ""Point""
}",-82.9215498189999,42.409083804
17124,9671417,SAINT ANTOINE,CANFIELD,2016-04-06,6,4,2016,16,4,6,9,,4,0,,2,4,1,25,3,2,3,5,0,0,0,0,true,,false,false,false,false,false,,,,,,false,false,true,,,false,false,false,false,false,-83.05444,42.35554,"{
  ""coordinates"": [
    -8.305444161100000e+01,
    4.235554137200010e+01
  ],
  ""type"": ""Point""
}","{
  ""coordinates"": [
    -83.054441611,
    42.355541372
  ],
  ""type"": ""Point""
}",-83.054441611,42.3555413720001
17125,9715602,BARRETT,OUTER,2016-04-06,6,4,2016,17,4,4,9,,,0,,2,98,1,25,2,2,3,4,0,0,0,2,false,,false,false,false,false,false,,,,,,false,true,true,,,false,false,false,false,false,-82.99049,42.40851,"{
  ""coordinates"": [
    -8.299048609899999e+01,
    4.240850778200010e+01
  ],
  ""type"": ""Point""
}","{
  ""coordinates"": [
    -82.990486099,
    42.408507782
  ],
  ""type"": ""Point""
}",-82.990486099,42.4085077820001
17126,9670148,HARPER,CONNER,2016-04-06,6,4,2016,23,4,4,9,,4,0,,2,4,4,35,7,2,4,4,0,0,0,3,false,,false,false,true,false,false,,,,,,false,false,false,,,false,false,false,false,false,-82.99016,42.39711,"{
  ""coordinates"": [
    -8.299015595600000e+01,
    4.239711503300000e+01
  ],
  ""type"": ""Point""
}","{
  ""coordinates"": [
    -82.990155956,
    42.397115033
  ],
  ""type"": ""Point""
}",-82.990155956,42.397115033
17127,9669323,BEECHWOOD,JOY,2016-04-06,6,4,2016,17,4,4,9,,,0,,2,2,1,25,3,2,2,4,0,0,0,1,false,,true,false,false,false,false,,,,,,false,false,true,,,false,false,false,false,false,-83.1317,42.36383,"{
  ""coordinates"": [
    -8.313170184499999e+01,
    4.236382487600010e+01
  ],
  ""type"": ""Point""
}","{
  ""coordinates"": [
    -83.131701845,
    42.363824876
  ],
  ""type"": ""Point""
}",-83.131701845,42.3638248760001
17128,9669289,WARREN,N M 39,2016-04-06,6,4,2016,11,4,9,9,,2,0,,2,2,1,30,3,2,2,5,0,0,0,0,true,,false,false,false,false,false,,,,,,false,false,false,,,false,false,false,false,false,-83.21611,42.34337,"{
  ""coordinates"": [
    -8.321611075200001e+01,
    4.234336689000000e+01
  ],
  ""type"": ""Point""
}","{
  ""coordinates"": [
    -83.216110752,
    42.34336689
  ],
  ""type"": ""Point""
}",-83.216110752,42.34336689
17129,9673360,WB I94,BEAUBIEN,2016-04-06,6,4,2016,18,4,5,1,,1,0,,2,2,1,55,3,3,3,5,0,0,0,0,true,,false,false,false,false,false,,,,,,false,false,true,,,false,false,false,false,false,-83.063,42.36635,"{
  ""coordinates"": [
    -8.306299895799999e+01,
    4.236634976100000e+01
  ],
  ""type"": ""Point""
}","{
  ""coordinates"": [
    -83.062998958,
    42.366349761
  ],
  ""type"": ""Point""
}",-83.062998958,42.366349761
17130,9671466,WOODWARD,PARSONS,2016-04-06,6,4,2016,8,4,8,3,,1,0,,1,1,1,25,7,2,2,5,0,0,0,0,true,,false,false,false,false,false,,,,,,false,false,false,,,false,false,false,false,false,-83.05849,42.3483,"{
  ""coordinates"": [
    -8.305848392199989e+01,
    4.234829854300010e+01
  ],
  ""type"": ""Point""
}","{
  ""coordinates"": [
    -83.058483922,
    42.348298543
  ],
  ""type"": ""Point""
}",-83.0584839219999,42.3482985430001
17131,9670119,VAN DYKE,HARPER,2016-04-06,6,4,2016,2,4,1,3,,1,1,,1,2,4,35,6,1,1,3,0,0,1,0,false,,false,false,false,false,false,,,,,,false,false,false,,,false,false,false,false,false,-83.02166,42.38836,"{
  ""coordinates"": [
    -8.302165880000000e+01,
    4.238835680700000e+01
  ],
  ""type"": ""Point""
}","{
  ""coordinates"": [
    -83.0216588,
    42.388356807
  ],
  ""type"": ""Point""
}",-83.0216588,42.388356807
17132,9672324,I 96 W/B,M-39,2016-04-06,6,4,2016,5,4,1,1,,1,1,,3,1,4,55,3,1,1,5,0,0,0,0,true,,false,false,false,false,false,,,,,,false,false,false,,,false,false,false,false,false,-83.21204,42.37885,"{
  ""coordinates"": [
    -8.321203857499999e+01,
    4.237884763400010e+01
  ],
  ""type"": ""Point""
}","{
  ""coordinates"": [
    -83.212038575,
    42.378847634
  ],
  ""type"": ""Point""
}",-83.212038575,42.3788476340001
17133,9669301,FOREST,3RD,2016-04-06,6,4,2016,17,4,4,9,,4,0,,2,4,1,25,4,2,2,5,0,0,0,0,true,,false,false,false,false,false,,,,,,false,false,true,,,false,false,false,false,false,-83.07001,42.3523,"{
  ""coordinates"": [
    -8.307001702299991e+01,
    4.235229959300010e+01
  ],
  ""type"": ""Point""
}","{
  ""coordinates"": [
    -83.070017023,
    42.352299593
  ],
  ""type"": ""Point""
}",-83.0700170229999,42.3522995930001
17134,9669293,ATKINSON,3RD,2016-04-06,6,4,2016,16,4,8,9,,,0,,2,1,1,25,2,2,2,5,0,0,0,0,true,,false,false,false,false,false,,,,,,false,false,false,,,false,false,false,false,false,-83.08801,42.38164,"{
  ""coordinates"": [
    -8.308800896400000e+01,
    4.238163774600010e+01
  ],
  ""type"": ""Point""
}","{
  ""coordinates"": [
    -83.088008964,
    42.381637746
  ],
  ""type"": ""Point""
}",-83.088008964,42.3816377460001
17135,9677761,GREENFIELD,JOY,2016-04-06,6,4,2016,8,4,2,9,,2,0,,2,4,1,35,4,2,2,5,0,0,0,0,true,,false,false,false,false,false,,,,,,false,false,false,,,false,false,false,false,false,-83.19699,42.35813,"{
  ""coordinates"": [
    -8.319698842799990e+01,
    4.235812750900000e+01
  ],
  ""type"": ""Point""
}","{
  ""coordinates"": [
    -83.196988428,
    42.358127509
  ],
  ""type"": ""Point""
}",-83.1969884279999,42.358127509
17136,9670104,FENKELL,LAHSER,2016-04-06,6,4,2016,17,4,5,9,,2,0,,1,1,1,35,5,2,3,5,0,0,0,0,true,,false,false,false,false,false,,,,,,false,false,false,,,false,false,false,false,false,-83.25683,42.40029,"{
  ""coordinates"": [
    -8.325682455399991e+01,
    4.240028786700000e+01
  ],
  ""type"": ""Point""
}","{
  ""coordinates"": [
    -83.256824554,
    42.400287867
  ],
  ""type"": ""Point""
}",-83.2568245539999,42.400287867
17137,9669302,I 75,I 94,2016-04-06,6,4,2016,16,4,5,1,,1,0,,2,4,1,55,3,2,2,5,0,0,0,0,true,,false,false,false,false,false,,,,,,false,false,false,,,false,false,false,false,false,-83.0581,42.36892,"{
  ""coordinates"": [
    -8.305809930200000e+01,
    4.236891561700000e+01
  ],
  ""type"": ""Point""
}","{
  ""coordinates"": [
    -83.058099302,
    42.368915617
  ],
  ""type"": ""Point""
}",-83.058099302,42.368915617
17138,9670025,I-75,CLAY,2016-04-06,6,4,2016,11,4,8,1,,1,0,,2,2,1,70,4,2,5,4,0,0,0,1,false,,false,false,false,false,false,,,,,,false,false,true,,,false,false,false,false,false,-83.05921,42.37165,"{
  ""coordinates"": [
    -8.305921409000000e+01,
    4.237164793900010e+01
  ],
  ""type"": ""Point""
}","{
  ""coordinates"": [
    -83.05921409,
    42.371647939
  ],
  ""type"": ""Point""
}",-83.05921409,42.3716479390001
17139,9670105,N M 39 SERVICE DRIVE,CATHEDRAL,2016-04-06,6,4,2016,16,4,97,9,,4,0,,1,1,1,30,2,2,9,5,0,0,0,0,true,,false,false,false,false,false,,,,,,false,false,false,,,false,false,false,false,false,-83.216,42.36146,"{
  ""coordinates"": [
    -8.321599738099999e+01,
    4.236146349200000e+01
  ],
  ""type"": ""Point""
}","{
  ""coordinates"": [
    -83.215997381,
    42.361463492
  ],
  ""type"": ""Point""
}",-83.215997381,42.361463492
17140,9669306,MACK,SAINT ANTOINE,2016-04-06,6,4,2016,14,4,4,9,,4,0,,1,2,1,25,5,2,3,4,0,0,0,2,false,,false,false,false,false,false,,,,,,false,false,true,,,false,false,false,false,false,-83.05237,42.34959,"{
  ""coordinates"": [
    -8.305236988300000e+01,
    4.234959165600000e+01
  ],
  ""type"": ""Point""
}","{
  ""coordinates"": [
    -83.052369883,
    42.349591656
  ],
  ""type"": ""Point""
}",-83.052369883,42.349591656
17141,9671356,CHANDLER PARK,HEREFORD,2016-04-06,6,4,2016,21,4,5,9,,2,0,,2,4,4,35,3,2,2,5,0,0,0,0,true,,false,false,true,false,false,,,,,,false,false,false,,,false,false,false,false,false,-82.92682,42.4132,"{
  ""coordinates"": [
    -8.292681954299999e+01,
    4.241320303700010e+01
  ],
  ""type"": ""Point""
}","{
  ""coordinates"": [
    -82.926819543,
    42.413203037
  ],
  ""type"": ""Point""
}",-82.926819543,42.4132030370001
17142,9676922,HUBBELL,MIDLAND,2016-04-06,6,4,2016,17,4,4,9,,4,0,,1,1,1,25,2,2,2,5,0,0,0,0,true,,false,false,false,false,false,,,,,,false,true,false,,,false,false,false,false,false,-83.18908,42.40572,"{
  ""coordinates"": [
    -8.318907641100000e+01,
    4.240571613100010e+01
  ],
  ""type"": ""Point""
}","{
  ""coordinates"": [
    -83.189076411,
    42.405716131
  ],
  ""type"": ""Point""
}",-83.189076411,42.4057161310001
17143,9669325,VAN DYKE,IOWA,2016-04-06,6,4,2016,17,4,4,3,,1,0,,2,2,1,35,5,2,2,5,0,0,0,0,true,,false,false,false,false,false,,,,,,false,false,true,,,false,false,false,false,false,-83.02392,42.42514,"{
  ""coordinates"": [
    -8.302391698400000e+01,
    4.242513712300010e+01
  ],
  ""type"": ""Point""
}","{
  ""coordinates"": [
    -83.023916984,
    42.425137123
  ],
  ""type"": ""Point""
}",-83.023916984,42.4251371230001
17144,9671432,JOY,GREENFIELD,2016-04-06,6,4,2016,17,4,3,9,,2,0,,1,1,1,35,5,2,3,4,0,0,0,3,false,,true,true,false,false,false,,,,,,false,false,true,,,false,false,false,false,false,-83.19699,42.35813,"{
  ""coordinates"": [
    -8.319698842799990e+01,
    4.235812750900000e+01
  ],
  ""type"": ""Point""
}","{
  ""coordinates"": [
    -83.196988428,
    42.358127509
  ],
  ""type"": ""Point""
}",-83.1969884279999,42.358127509
17145,9669278,FENKELL,BENTLER,2016-04-06,6,4,2016,0,4,4,9,,2,0,,1,1,4,35,3,2,2,5,0,0,0,0,true,,true,true,true,false,false,,,,,,false,true,false,,,false,false,false,false,false,-83.25197,42.4004,"{
  ""coordinates"": [
    -8.325196610700000e+01,
    4.240040047000010e+01
  ],
  ""type"": ""Point""
}","{
  ""coordinates"": [
    -83.251966107,
    42.40040047
  ],
  ""type"": ""Point""
}",-83.251966107,42.4004004700001
17146,9670117,GREENFIELD,EIGHT MILE,2016-04-06,6,4,2016,10,4,5,7,,1,0,,2,4,1,30,4,2,3,5,0,0,0,0,true,,false,false,false,false,false,,,,,,false,false,false,,,false,false,false,false,false,-83.20051,42.44473,"{
  ""coordinates"": [
    -8.320050788400000e+01,
    4.244473048400000e+01
  ],
  ""type"": ""Point""
}","{
  ""coordinates"": [
    -83.200507884,
    42.444730484
  ],
  ""type"": ""Point""
}",-83.200507884,42.444730484
17147,9669297,JEFFERSON,BEAUBIEN,2016-04-06,6,4,2016,1,4,4,4,,1,0,,1,1,4,30,4,2,2,4,0,0,0,2,false,,true,true,false,false,false,,,,,,false,false,true,,,false,false,false,false,false,-83.0396,42.33061,"{
  ""coordinates"": [
    -8.303959659299990e+01,
    4.233060933300000e+01
  ],
  ""type"": ""Point""
}","{
  ""coordinates"": [
    -83.039596593,
    42.330609333
  ],
  ""type"": ""Point""
}",-83.0395965929999,42.330609333
17148,9671467,TEMPLE,PARK,2016-04-06,6,4,2016,21,4,5,9,,4,0,,97,98,98,25,4,2,1,5,0,0,0,0,true,,false,false,true,false,false,,,,,,false,false,true,,,false,false,false,false,false,-83.05724,42.3424,"{
  ""coordinates"": [
    -8.305724392300000e+01,
    4.234240215900010e+01
  ],
  ""type"": ""Point""
}","{
  ""coordinates"": [
    -83.057243923,
    42.342402159
  ],
  ""type"": ""Point""
}",-83.057243923,42.3424021590001