ObjectId,Crash ID,Primary Road,Intersecting Road,Crash Date,Day,Month,Year,Hour,Weekday,Crash Type Code,Highway Classification Code,Community Code,Jurisdiction Code,Lane Departure Type Code,Surface Type,Road Condition,Weather Condition,Lighting Condition,Speed Limit,Lanes,Units,Occupants,Most Severe Injury,Fatal Injuries,Suspected Serious Injuries,Suspected Minor Injuries,Possible Injuries,Property Damage Only,Secondary Crash,Traffic Control,Red Light Run,Hit and Run,Alcohol,Drugs,Unbelted Person,Work Zone,Speeding Driver,Distracted Driver,Driveway,Pedestrian,Elderly Driver,Young Driver,Commercial Vehicle,Emergency Vehicles,Train,School Bus,Motorcycle,Bicycle,Deer,Longitude,Latitude,geom,geog,x,y
17321,9668352,VERNOR,INFANTRY,2016-04-03,3,4,2016,6,1,1,9,,4,1,,1,1,2,35,2,1,1,5,0,0,0,0,true,,false,false,false,false,false,,,,,,false,false,true,,,false,false,false,false,false,-83.11149,42.31557,"{
  ""coordinates"": [
    -8.311149070099999e+01,
    4.231556808600000e+01
  ],
  ""type"": ""Point""
}","{
  ""coordinates"": [
    -83.111490701,
    42.315568086
  ],
  ""type"": ""Point""
}",-83.111490701,42.315568086
17322,9674725,RAMP 041E,N I 75,2016-04-03,3,4,2016,1,1,5,1,,1,0,,3,2,4,45,1,2,2,5,0,0,0,0,true,,false,false,false,false,false,,,,,,false,false,true,,,false,false,false,false,false,-83.04412,42.34459,"{
  ""coordinates"": [
    -8.304411990400000e+01,
    4.234458688200000e+01
  ],
  ""type"": ""Point""
}","{
  ""coordinates"": [
    -83.044119904,
    42.344586882
  ],
  ""type"": ""Point""
}",-83.044119904,42.344586882
17323,9666877,MADISON,I 75,2016-04-03,3,4,2016,0,1,97,1,,1,0,,4,1,4,55,3,2,2,5,0,0,0,0,true,,false,false,false,false,false,,,,,,false,false,false,,,false,false,false,false,false,-83.04343,42.34222,"{
  ""coordinates"": [
    -8.304342590100001e+01,
    4.234222053300000e+01
  ],
  ""type"": ""Point""
}","{
  ""coordinates"": [
    -83.043425901,
    42.342220533
  ],
  ""type"": ""Point""
}",-83.043425901,42.342220533
17324,9665923,WARREN,BUCKINGHAM,2016-04-03,3,4,2016,1,1,1,9,,4,1,,3,1,4,35,5,1,2,2,0,1,0,1,false,,false,false,false,false,false,,,,,,false,false,false,,,false,false,false,false,false,-82.94369,42.40099,"{
  ""coordinates"": [
    -8.294369075799990e+01,
    4.240098494700000e+01
  ],
  ""type"": ""Point""
}","{
  ""coordinates"": [
    -82.943690758,
    42.400984947
  ],
  ""type"": ""Point""
}",-82.9436907579999,42.400984947
17325,9666914,CENTRAL,PANAMA,2016-04-03,3,4,2016,13,1,1,9,,4,1,,1,1,1,25,2,1,0,5,0,0,0,0,true,,false,false,false,false,false,,,,,,false,false,false,,,false,false,false,false,false,-83.13927,42.3335,"{
  ""coordinates"": [
    -8.313927667400000e+01,
    4.233350557200000e+01
  ],
  ""type"": ""Point""
}","{
  ""coordinates"": [
    -83.139276674,
    42.333505572
  ],
  ""type"": ""Point""
}",-83.139276674,42.333505572
17326,9712231,CONNER,NASHVILLE,2016-04-03,3,4,2016,9,1,1,9,,4,0,,3,1,1,35,4,1,1,5,0,0,0,0,true,,false,false,false,false,false,,,,,,false,false,false,,,false,false,false,false,false,-83.00867,42.41423,"{
  ""coordinates"": [
    -8.300867133299990e+01,
    4.241422881500010e+01
  ],
  ""type"": ""Point""
}","{
  ""coordinates"": [
    -83.008671333,
    42.414228815
  ],
  ""type"": ""Point""
}",-83.0086713329999,42.4142288150001
17327,9666927,TIREMAN,BEECHWOOD,2016-04-03,3,4,2016,18,1,8,9,,4,0,,1,1,1,30,3,2,4,4,0,0,0,2,false,,false,false,false,false,false,,,,,,false,false,false,,,false,false,false,false,false,-83.11929,42.35309,"{
  ""coordinates"": [
    -8.311929004400000e+01,
    4.235309192600000e+01
  ],
  ""type"": ""Point""
}","{
  ""coordinates"": [
    -83.119290044,
    42.353091926
  ],
  ""type"": ""Point""
}",-83.119290044,42.353091926
17328,9666934,JAMES COUZENS,WYOMING,2016-04-03,3,4,2016,6,1,5,9,,4,0,,1,1,4,30,3,2,2,4,0,0,0,2,false,,false,false,true,false,false,,,,,,false,false,false,,,false,false,false,false,false,-83.15981,42.40564,"{
  ""coordinates"": [
    -8.315981003099991e+01,
    4.240563772800000e+01
  ],
  ""type"": ""Point""
}","{
  ""coordinates"": [
    -83.159810031,
    42.405637728
  ],
  ""type"": ""Point""
}",-83.1598100309999,42.405637728
17329,9666915,FITZPATRICK,MINOCK,2016-04-03,3,4,2016,1,1,5,9,,,0,,1,1,5,25,1,2,3,4,0,0,0,3,false,,false,false,true,false,false,,,,,,false,false,false,,,false,false,false,false,false,-83.2322,42.3757,"{
  ""coordinates"": [
    -8.323220078600001e+01,
    4.237570350200010e+01
  ],
  ""type"": ""Point""
}","{
  ""coordinates"": [
    -83.232200786,
    42.375703502
  ],
  ""type"": ""Point""
}",-83.232200786,42.3757035020001
17330,9666912,N M 10,W I 94,2016-04-03,3,4,2016,0,1,5,3,,1,0,,3,5,4,55,3,2,1,5,0,0,0,0,true,,false,false,true,false,false,,,,,,false,false,false,,,false,false,false,false,false,-83.07615,42.35928,"{
  ""coordinates"": [
    -8.307614979999990e+01,
    4.235927464000010e+01
  ],
  ""type"": ""Point""
}","{
  ""coordinates"": [
    -83.0761498,
    42.35927464
  ],
  ""type"": ""Point""
}",-83.0761497999999,42.3592746400001
17331,9666918,JOY,GREENFIELD,2016-04-03,3,4,2016,10,1,4,9,,2,0,,1,1,1,35,4,2,2,5,0,0,0,0,true,,false,false,false,false,false,,,,,,false,false,false,,,false,false,false,false,false,-83.19773,42.35813,"{
  ""coordinates"": [
    -8.319773279700000e+01,
    4.235812754300010e+01
  ],
  ""type"": ""Point""
}","{
  ""coordinates"": [
    -83.197732797,
    42.358127543
  ],
  ""type"": ""Point""
}",-83.197732797,42.3581275430001
17332,9670001,RAMP 122D,N I 75,2016-04-03,3,4,2016,6,1,1,1,,1,1,,3,1,5,45,1,1,1,5,0,0,0,0,true,,false,false,false,false,false,,,,,,false,false,false,,,false,false,false,false,false,-83.0645,42.3345,"{
  ""coordinates"": [
    -8.306449690300001e+01,
    4.233450439800000e+01
  ],
  ""type"": ""Point""
}","{
  ""coordinates"": [
    -83.064496903,
    42.334504398
  ],
  ""type"": ""Point""
}",-83.064496903,42.334504398
17333,9666919,SOUTHFIELD,WARREN,2016-04-03,3,4,2016,16,1,4,3,,1,0,,1,1,1,35,4,2,2,4,0,0,0,1,false,,true,true,false,false,false,,,,,,false,false,true,,,false,false,false,false,false,-83.21622,42.34342,"{
  ""coordinates"": [
    -8.321622483000000e+01,
    4.234342249500000e+01
  ],
  ""type"": ""Point""
}","{
  ""coordinates"": [
    -83.21622483,
    42.343422495
  ],
  ""type"": ""Point""
}",-83.21622483,42.343422495
17334,9666814,S M 10,W I 94,2016-04-03,3,4,2016,2,1,5,3,,1,0,,3,2,4,55,3,2,1,5,0,0,0,0,true,,false,false,false,false,false,,,,,,false,false,false,,,false,false,false,false,false,-83.07669,42.35907,"{
  ""coordinates"": [
    -8.307669032699989e+01,
    4.235907028600010e+01
  ],
  ""type"": ""Point""
}","{
  ""coordinates"": [
    -83.076690327,
    42.359070286
  ],
  ""type"": ""Point""
}",-83.0766903269999,42.3590702860001
17335,9666806,I 75,MACK,2016-04-03,3,4,2016,1,1,5,1,,1,0,,3,1,4,55,1,3,3,5,0,0,0,0,true,,false,false,false,false,false,,,,,,false,false,true,,,false,false,false,false,false,-83.05033,42.35449,"{
  ""coordinates"": [
    -8.305033473799990e+01,
    4.235448811400000e+01
  ],
  ""type"": ""Point""
}","{
  ""coordinates"": [
    -83.050334738,
    42.354488114
  ],
  ""type"": ""Point""
}",-83.0503347379999,42.354488114
17336,9665893,MICHIGAN,CASPER,2016-04-03,3,4,2016,1,1,8,2,,1,3,,1,1,4,35,5,4,1,5,0,0,0,0,true,,false,false,false,false,false,,,,,,false,false,false,,,false,false,false,false,false,-83.13838,42.33113,"{
  ""coordinates"": [
    -8.313837851200000e+01,
    4.233112596500010e+01
  ],
  ""type"": ""Point""
}","{
  ""coordinates"": [
    -83.138378512,
    42.331125965
  ],
  ""type"": ""Point""
}",-83.138378512,42.3311259650001
17337,9670002,RAMP 122L,N M 10,2016-04-03,3,4,2016,9,1,5,1,,1,0,,3,1,1,35,1,2,1,5,0,0,0,0,true,,false,false,false,false,false,,,,,,false,false,false,,,false,false,false,false,false,-83.06495,42.33703,"{
  ""coordinates"": [
    -8.306494588399990e+01,
    4.233703300800000e+01
  ],
  ""type"": ""Point""
}","{
  ""coordinates"": [
    -83.064945884,
    42.337033008
  ],
  ""type"": ""Point""
}",-83.0649458839999,42.337033008
17338,9666742,M-39,JOY,2016-04-03,3,4,2016,2,1,5,3,,1,0,,1,1,4,55,3,2,3,5,0,0,0,0,true,,false,false,false,false,false,,,,,,false,false,false,,,false,false,false,false,false,-83.21658,42.3595,"{
  ""coordinates"": [
    -8.321657722799991e+01,
    4.235949756200010e+01
  ],
  ""type"": ""Point""
}","{
  ""coordinates"": [
    -83.216577228,
    42.359497562
  ],
  ""type"": ""Point""
}",-83.2165772279999,42.3594975620001
17339,9666761,S I 75/GRATIOT,RAMP 041E,2016-04-03,3,4,2016,1,1,97,7,,1,0,,3,2,4,55,3,3,1,4,0,0,0,3,false,,false,false,false,false,false,,,,,,false,false,true,,,false,false,false,false,false,-83.04179,42.34428,"{
  ""coordinates"": [
    -8.304179371399989e+01,
    4.234428389300010e+01
  ],
  ""type"": ""Point""
}","{
  ""coordinates"": [
    -83.041793714,
    42.344283893
  ],
  ""type"": ""Point""
}",-83.0417937139999,42.3442838930001
17340,9666889,RAMP 220D,E I 94,2016-04-03,3,4,2016,9,1,5,1,,1,0,,3,1,1,35,1,2,2,4,0,0,0,1,false,,false,false,false,false,false,,,,,,false,false,true,,,false,false,false,false,false,-82.98904,42.39547,"{
  ""coordinates"": [
    -8.298904631700000e+01,
    4.239547037000010e+01
  ],
  ""type"": ""Point""
}","{
  ""coordinates"": [
    -82.989046317,
    42.39547037
  ],
  ""type"": ""Point""
}",-82.989046317,42.3954703700001
17341,9666762,DAVISION,M10,2016-04-03,3,4,2016,0,1,5,3,,1,0,,3,2,4,55,4,2,1,5,0,0,0,0,true,,false,false,true,false,false,,,,,,false,false,false,,,false,false,false,false,false,-83.11068,42.39805,"{
  ""coordinates"": [
    -8.311067754999991e+01,
    4.239805020000010e+01
  ],
  ""type"": ""Point""
}","{
  ""coordinates"": [
    -83.11067755,
    42.3980502
  ],
  ""type"": ""Point""
}",-83.1106775499999,42.3980502000001
17342,9670039,S M 10,W I 94,2016-04-03,3,4,2016,0,1,97,3,,1,0,,3,2,4,55,3,2,2,5,0,0,0,0,true,,false,false,true,false,false,,,,,,false,false,false,,,false,false,false,false,false,-83.07669,42.35907,"{
  ""coordinates"": [
    -8.307669032699989e+01,
    4.235907028600010e+01
  ],
  ""type"": ""Point""
}","{
  ""coordinates"": [
    -83.076690327,
    42.359070286
  ],
  ""type"": ""Point""
}",-83.0766903269999,42.3590702860001
17343,9668344,WARD,CHICAGO,2016-04-03,3,4,2016,23,1,8,9,,,0,,2,4,4,25,2,2,0,5,0,0,0,0,true,,false,false,true,false,false,,,,,,false,false,false,,,false,false,false,false,false,-83.17281,42.36562,"{
  ""coordinates"": [
    -8.317280937100000e+01,
    4.236562024700000e+01
  ],
  ""type"": ""Point""
}","{
  ""coordinates"": [
    -83.172809371,
    42.365620247
  ],
  ""type"": ""Point""
}",-83.172809371,42.365620247
17344,9666913,GRAND RIVER,JOHN C LODGE SERVICE,2016-04-03,3,4,2016,0,1,5,3,,1,0,,3,5,4,30,2,2,1,5,0,0,0,0,true,,false,false,true,false,false,,,,,,false,true,false,,,false,false,false,false,false,-83.06552,42.33908,"{
  ""coordinates"": [
    -8.306551819200000e+01,
    4.233908318000000e+01
  ],
  ""type"": ""Point""
}","{
  ""coordinates"": [
    -83.065518192,
    42.33908318
  ],
  ""type"": ""Point""
}",-83.065518192,42.33908318
17345,9666931,OUTER,HARNED,2016-04-03,3,4,2016,1,1,8,9,,2,0,,1,1,4,35,2,2,2,5,0,0,0,0,true,,false,false,false,false,false,,,,,,false,false,false,,,false,false,false,false,false,-83.07368,42.44036,"{
  ""coordinates"": [
    -8.307368396500000e+01,
    4.244035855700000e+01
  ],
  ""type"": ""Point""
}","{
  ""coordinates"": [
    -83.073683965,
    42.440358557
  ],
  ""type"": ""Point""
}",-83.073683965,42.440358557
17346,9674252,SEYMOUR,HAYES,2016-04-03,3,4,2016,4,1,1,9,,4,0,,3,2,5,35,2,1,1,5,0,0,0,0,true,,false,false,false,false,false,,,,,,false,false,false,,,false,false,false,false,false,-82.96555,42.42718,"{
  ""coordinates"": [
    -8.296555112399990e+01,
    4.242717672500000e+01
  ],
  ""type"": ""Point""
}","{
  ""coordinates"": [
    -82.965551124,
    42.427176725
  ],
  ""type"": ""Point""
}",-82.9655511239999,42.427176725
17347,9688101,OUTER,FORT,2016-04-03,3,4,2016,4,1,1,3,,2,1,,2,5,4,35,3,1,1,4,0,0,0,1,false,,false,false,false,false,false,,,,,,false,false,false,,,false,false,false,false,false,-83.16693,42.26225,"{
  ""coordinates"": [
    -8.316693423299991e+01,
    4.226225027100000e+01
  ],
  ""type"": ""Point""
}","{
  ""coordinates"": [
    -83.166934233,
    42.262250271
  ],
  ""type"": ""Point""
}",-83.1669342329999,42.262250271
17348,9668373,PALMER,ELMWOOD,2016-04-03,3,4,2016,22,1,97,9,,,0,,2,4,5,25,2,2,0,5,0,0,0,0,true,,false,false,true,false,false,,,,,,false,false,false,,,false,false,false,false,false,-83.03766,42.37331,"{
  ""coordinates"": [
    -8.303766128400000e+01,
    4.237330639700010e+01
  ],
  ""type"": ""Point""
}","{
  ""coordinates"": [
    -83.037661284,
    42.373306397
  ],
  ""type"": ""Point""
}",-83.037661284,42.3733063970001
17349,9666870,RAMP 037F,RAMP 037C,2016-04-03,3,4,2016,0,1,97,1,,1,3,,3,2,4,55,1,2,3,4,0,0,0,1,false,,false,false,false,false,false,,,,,,false,false,false,,,false,false,false,false,false,-83.08424,42.33282,"{
  ""coordinates"": [
    -8.308424185500000e+01,
    4.233282220000010e+01
  ],
  ""type"": ""Point""
}","{
  ""coordinates"": [
    -83.084241855,
    42.3328222
  ],
  ""type"": ""Point""
}",-83.084241855,42.3328222000001
17350,9666929,S I 75 SERVICE DRIVE,7 MILE,2016-04-03,3,4,2016,0,1,4,9,,4,0,,3,1,4,35,4,2,1,5,0,0,0,0,true,,false,false,true,false,false,,,,,,false,false,false,,,false,false,false,false,false,-83.09534,42.43246,"{
  ""coordinates"": [
    -8.309534490199999e+01,
    4.243245571600000e+01
  ],
  ""type"": ""Point""
}","{
  ""coordinates"": [
    -83.095344902,
    42.432455716
  ],
  ""type"": ""Point""
}",-83.095344902,42.432455716
17351,9670102,CLAY,S I 75,2016-04-03,3,4,2016,4,1,1,9,,4,1,,3,5,5,25,2,1,1,5,0,0,0,0,true,,false,false,false,false,false,,,,,,false,false,false,,,false,false,false,false,false,-83.06281,42.3783,"{
  ""coordinates"": [
    -8.306280990600000e+01,
    4.237829756900000e+01
  ],
  ""type"": ""Point""
}","{
  ""coordinates"": [
    -83.062809906,
    42.378297569
  ],
  ""type"": ""Point""
}",-83.062809906,42.378297569
17352,9668334,JEFFERSON,IROQUOIS,2016-04-03,3,4,2016,20,1,1,9,,4,1,,1,1,2,35,2,1,3,5,0,0,0,0,true,,false,false,false,false,false,,,,,,false,false,false,,,false,false,false,false,false,-82.99129,42.35372,"{
  ""coordinates"": [
    -8.299128709999999e+01,
    4.235371726000010e+01
  ],
  ""type"": ""Point""
}","{
  ""coordinates"": [
    -82.9912871,
    42.35371726
  ],
  ""type"": ""Point""
}",-82.9912871,42.3537172600001
17353,9668351,CENTRAL,PITT,2016-04-03,3,4,2016,20,1,8,9,,4,0,,1,2,4,25,2,2,1,4,0,0,0,1,false,,false,false,false,false,false,,,,,,false,false,false,,,false,false,false,false,false,-83.12576,42.31464,"{
  ""coordinates"": [
    -8.312575717800000e+01,
    4.231464271200010e+01
  ],
  ""type"": ""Point""
}","{
  ""coordinates"": [
    -83.125757178,
    42.314642712
  ],
  ""type"": ""Point""
}",-83.125757178,42.3146427120001
17354,9776575,CHEYENNE,MIDLAND,2016-04-03,3,4,2016,19,1,5,9,,,0,,1,1,3,25,1,2,0,5,0,0,0,0,true,,false,false,true,false,false,,,,,,false,false,false,,,false,false,false,false,false,-83.17497,42.40596,"{
  ""coordinates"": [
    -8.317496892699999e+01,
    4.240596268900000e+01
  ],
  ""type"": ""Point""
}","{
  ""coordinates"": [
    -83.174968927,
    42.405962689
  ],
  ""type"": ""Point""
}",-83.174968927,42.405962689
17355,9666898,LAWTON,MARTIN LUTHER KING JR,2016-04-03,3,4,2016,1,1,9,9,,4,2,,1,1,4,25,2,2,0,5,0,0,0,0,true,,false,false,true,false,false,,,,,,false,false,false,,,false,false,false,false,false,-83.08801,42.33604,"{
  ""coordinates"": [
    -8.308800850999999e+01,
    4.233604455100000e+01
  ],
  ""type"": ""Point""
}","{
  ""coordinates"": [
    -83.08800851,
    42.336044551
  ],
  ""type"": ""Point""
}",-83.08800851,42.336044551
17356,9674276,GRAND RIVER,S I 75,2016-04-03,3,4,2016,0,1,1,3,,1,0,,3,7,4,35,6,1,1,3,0,0,1,0,false,,false,false,false,false,false,,,,,,false,true,false,,,false,false,false,false,false,-83.05927,42.33654,"{
  ""coordinates"": [
    -8.305927543000000e+01,
    4.233654581400000e+01
  ],
  ""type"": ""Point""
}","{
  ""coordinates"": [
    -83.05927543,
    42.336545814
  ],
  ""type"": ""Point""
}",-83.05927543,42.336545814
17357,9670137,FRISBEE,TELEGRAPH,2016-04-03,3,4,2016,0,1,9,2,,,2,,1,1,4,25,2,2,1,5,0,0,0,0,true,,false,false,true,false,false,,,,,,false,false,false,,,false,false,false,false,false,-83.27855,42.43515,"{
  ""coordinates"": [
    -8.327854776500000e+01,
    4.243515422200010e+01
  ],
  ""type"": ""Point""
}","{
  ""coordinates"": [
    -83.278547765,
    42.435154222
  ],
  ""type"": ""Point""
}",-83.278547765,42.4351542220001
17358,9666893,CONNER,HERN,2016-04-03,3,4,2016,5,1,5,9,,2,0,,3,7,4,30,4,2,3,5,0,0,0,0,true,,false,false,false,false,false,,,,,,false,false,true,,,false,false,false,false,false,-83.01463,42.43659,"{
  ""coordinates"": [
    -8.301463252199990e+01,
    4.243658879900000e+01
  ],
  ""type"": ""Point""
}","{
  ""coordinates"": [
    -83.014632522,
    42.436588799
  ],
  ""type"": ""Point""
}",-83.0146325219999,42.436588799
17359,9672313,I 75,GRAND RIVER,2016-04-03,3,4,2016,0,1,1,7,,1,1,,3,5,4,55,3,1,2,2,0,1,1,0,false,,false,false,false,false,false,,,,,,false,false,false,,,false,false,false,false,false,-83.05135,42.34064,"{
  ""coordinates"": [
    -8.305135410000000e+01,
    4.234064193800000e+01
  ],
  ""type"": ""Point""
}","{
  ""coordinates"": [
    -83.0513541,
    42.340641938
  ],
  ""type"": ""Point""
}",-83.0513541,42.340641938
17360,9666926,DAVISON,LIVERNOIS,2016-04-03,3,4,2016,14,1,8,3,,1,0,,1,1,1,35,7,2,2,5,0,0,0,0,true,,false,false,false,false,false,,,,,,false,false,false,,,false,false,false,false,false,-83.13953,42.38649,"{
  ""coordinates"": [
    -8.313953198300000e+01,
    4.238649114300010e+01
  ],
  ""type"": ""Point""
}","{
  ""coordinates"": [
    -83.139531983,
    42.386491143
  ],
  ""type"": ""Point""
}",-83.139531983,42.3864911430001
17361,9670054,I-94,GRATIOT,2016-04-03,3,4,2016,8,1,8,1,,1,0,,1,1,1,55,3,2,2,5,0,0,0,0,true,,false,false,false,false,false,,,,,,false,false,false,,,false,false,false,false,false,-83.00809,42.39101,"{
  ""coordinates"": [
    -8.300808408400000e+01,
    4.239100576900010e+01
  ],
  ""type"": ""Point""
}","{
  ""coordinates"": [
    -83.008084084,
    42.391005769
  ],
  ""type"": ""Point""
}",-83.008084084,42.3910057690001
17362,9670036,M39,7 MILE,2016-04-02,2,4,2016,9,7,1,3,,1,1,,2,5,1,55,3,1,1,4,0,0,0,1,false,,false,false,false,false,false,,,,,,false,true,false,,,false,false,false,false,false,-83.21895,42.42277,"{
  ""coordinates"": [
    -8.321894924899991e+01,
    4.242276860800010e+01
  ],
  ""type"": ""Point""
}","{
  ""coordinates"": [
    -83.218949249,
    42.422768608
  ],
  ""type"": ""Point""
}",-83.2189492489999,42.4227686080001
17363,9666872,RAMP 122N,N M 10,2016-04-02,2,4,2016,22,7,1,3,,1,1,,1,2,5,55,1,1,3,5,0,0,0,0,true,,false,false,false,false,false,,,,,,false,true,false,,,false,false,false,false,false,-83.06247,42.33268,"{
  ""coordinates"": [
    -8.306246881600001e+01,
    4.233268500000000e+01
  ],
  ""type"": ""Point""
}","{
  ""coordinates"": [
    -83.062468816,
    42.332685
  ],
  ""type"": ""Point""
}",-83.062468816,42.332685
17364,9665964,MCNICHOLS,HUBBELL,2016-04-02,2,4,2016,9,7,4,9,,2,0,,1,5,1,35,4,2,2,5,0,0,0,0,true,,false,false,false,false,false,,,,,,false,false,false,,,false,false,false,false,false,-83.18954,42.41646,"{
  ""coordinates"": [
    -8.318954659799989e+01,
    4.241645756200010e+01
  ],
  ""type"": ""Point""
}","{
  ""coordinates"": [
    -83.189546598,
    42.416457562
  ],
  ""type"": ""Point""
}",-83.1895465979999,42.4164575620001
17365,9674799,WARREN,N I 75,2016-04-02,2,4,2016,23,7,97,9,,4,0,,97,98,98,30,2,3,2,5,0,0,0,0,true,,false,false,true,false,false,,,,,,false,false,false,,,false,false,false,false,false,-83.0542,42.36084,"{
  ""coordinates"": [
    -8.305419772700000e+01,
    4.236084509000010e+01
  ],
  ""type"": ""Point""
}","{
  ""coordinates"": [
    -83.054197727,
    42.36084509
  ],
  ""type"": ""Point""
}",-83.054197727,42.3608450900001
17366,9665904,GRAND RIVER,OAKMAN,2016-04-02,2,4,2016,22,7,97,3,,1,0,,3,1,4,35,4,2,2,5,0,0,0,0,true,,false,false,true,false,false,,,,,,false,false,false,,,false,false,false,false,false,-83.15056,42.37341,"{
  ""coordinates"": [
    -8.315055594200000e+01,
    4.237340372100000e+01
  ],
  ""type"": ""Point""
}","{
  ""coordinates"": [
    -83.150555942,
    42.373403721
  ],
  ""type"": ""Point""
}",-83.150555942,42.373403721
17367,9666875,LIVERNOIS,FENKELL,2016-04-02,2,4,2016,17,7,5,9,,4,0,,2,2,1,35,6,2,1,5,0,0,0,0,true,,false,false,true,false,false,,,,,,false,false,false,,,false,false,false,false,false,-83.14011,42.40266,"{
  ""coordinates"": [
    -8.314011303599990e+01,
    4.240266391900010e+01
  ],
  ""type"": ""Point""
}","{
  ""coordinates"": [
    -83.140113036,
    42.402663919
  ],
  ""type"": ""Point""
}",-83.1401130359999,42.4026639190001
17368,9666920,RAMP 216I,RAMP 216K,2016-04-02,2,4,2016,21,7,4,1,,1,0,,3,2,4,25,2,2,3,4,0,0,0,2,false,,false,false,true,false,false,,,,,,false,false,false,,,false,false,false,false,false,-83.0593,42.36857,"{
  ""coordinates"": [
    -8.305929371100000e+01,
    4.236856994800010e+01
  ],
  ""type"": ""Point""
}","{
  ""coordinates"": [
    -83.059293711,
    42.368569948
  ],
  ""type"": ""Point""
}",-83.059293711,42.3685699480001
17369,9665933,WARREN,GRAND,2016-04-02,2,4,2016,3,7,5,9,,4,0,,2,4,4,30,4,2,2,5,0,0,0,0,true,,false,false,true,false,false,,,,,,false,false,true,,,false,false,false,false,false,-83.10759,42.3448,"{
  ""coordinates"": [
    -8.310759172600000e+01,
    4.234479668000010e+01
  ],
  ""type"": ""Point""
}","{
  ""coordinates"": [
    -83.107591726,
    42.34479668
  ],
  ""type"": ""Point""
}",-83.107591726,42.3447966800001
17370,9666812,M10,DAVISON,2016-04-02,2,4,2016,22,7,1,3,,1,1,,3,1,4,55,3,1,1,5,0,0,0,0,true,,false,false,false,false,false,,,,,,false,false,false,,,false,false,false,false,false,-83.10955,42.39811,"{
  ""coordinates"": [
    -8.310955183199999e+01,
    4.239811293200010e+01
  ],
  ""type"": ""Point""
}","{
  ""coordinates"": [
    -83.109551832,
    42.398112932
  ],
  ""type"": ""Point""
}",-83.109551832,42.3981129320001
17371,9665943,ASHTON,7 MILE,2016-04-02,2,4,2016,10,7,5,9,,,0,,1,1,4,35,2,2,1,5,0,0,0,0,true,,false,false,true,false,false,,,,,,false,false,false,,,false,false,false,false,false,-83.22049,42.42993,"{
  ""coordinates"": [
    -8.322048599500000e+01,
    4.242992839500000e+01
  ],
  ""type"": ""Point""
}","{
  ""coordinates"": [
    -83.220485995,
    42.429928395
  ],
  ""type"": ""Point""
}",-83.220485995,42.429928395
17372,9669287,8 MILE,CHRYSLER,2016-04-02,2,4,2016,22,7,5,3,,1,0,,3,5,4,35,2,5,7,5,0,0,0,0,true,,false,false,false,false,false,,,,,,false,true,false,,,false,false,false,false,false,-83.09427,42.44681,"{
  ""coordinates"": [
    -8.309426545100000e+01,
    4.244681312100000e+01
  ],
  ""type"": ""Point""
}","{
  ""coordinates"": [
    -83.094265451,
    42.446813121
  ],
  ""type"": ""Point""
}",-83.094265451,42.446813121
17373,9666886,CONGRESS,WOODWARD,2016-04-02,2,4,2016,8,7,5,9,,4,0,,1,1,1,25,1,2,2,5,0,0,0,0,true,,false,false,false,false,false,,,,,,false,false,false,,,false,false,false,false,false,-83.04581,42.33021,"{
  ""coordinates"": [
    -8.304580830099999e+01,
    4.233020622300010e+01
  ],
  ""type"": ""Point""
}","{
  ""coordinates"": [
    -83.045808301,
    42.330206223
  ],
  ""type"": ""Point""
}",-83.045808301,42.3302062230001
17374,9668324,DIX,MELLON,2016-04-02,2,4,2016,17,7,9,9,,2,2,,2,5,1,35,5,2,2,5,0,0,0,0,true,,false,false,false,false,false,,,,,,false,false,false,,,false,false,false,false,false,-83.15645,42.29052,"{
  ""coordinates"": [
    -8.315645213700000e+01,
    4.229052054500000e+01
  ],
  ""type"": ""Point""
}","{
  ""coordinates"": [
    -83.156452137,
    42.290520545
  ],
  ""type"": ""Point""
}",-83.156452137,42.290520545
17375,9681259,RAMP 109C,RAMP 109A,2016-04-02,2,4,2016,22,7,5,3,,1,0,,3,5,4,35,1,2,3,5,0,0,0,0,true,,false,false,false,false,false,,,,,,false,false,true,,,false,false,false,false,false,-83.10915,42.39759,"{
  ""coordinates"": [
    -8.310914389899990e+01,
    4.239759348900000e+01
  ],
  ""type"": ""Point""
}","{
  ""coordinates"": [
    -83.109143899,
    42.397593489
  ],
  ""type"": ""Point""
}",-83.1091438989999,42.397593489
17376,9674782,I75,DEARBORN,2016-04-02,2,4,2016,21,7,5,1,,1,0,,3,2,4,70,4,2,4,4,0,0,0,1,false,,false,false,false,false,false,,,,,,false,true,false,,,false,false,false,false,false,-83.12853,42.29227,"{
  ""coordinates"": [
    -8.312853239899989e+01,
    4.229227106300000e+01
  ],
  ""type"": ""Point""
}","{
  ""coordinates"": [
    -83.128532399,
    42.292271063
  ],
  ""type"": ""Point""
}",-83.1285323989999,42.292271063
17377,9997238,I 75,DEARBORN,2016-04-02,2,4,2016,2,7,8,1,,1,0,,2,4,5,70,4,2,1,5,0,0,0,0,true,,false,false,true,false,false,,,,,,false,false,true,,,false,false,false,false,false,-83.13013,42.29071,"{
  ""coordinates"": [
    -8.313012438800000e+01,
    4.229071004900000e+01
  ],
  ""type"": ""Point""
}","{
  ""coordinates"": [
    -83.130124388,
    42.290710049
  ],
  ""type"": ""Point""
}",-83.130124388,42.290710049