ObjectId,Crash ID,Primary Road,Intersecting Road,Crash Date,Day,Month,Year,Hour,Weekday,Crash Type Code,Highway Classification Code,Community Code,Jurisdiction Code,Lane Departure Type Code,Surface Type,Road Condition,Weather Condition,Lighting Condition,Speed Limit,Lanes,Units,Occupants,Most Severe Injury,Fatal Injuries,Suspected Serious Injuries,Suspected Minor Injuries,Possible Injuries,Property Damage Only,Secondary Crash,Traffic Control,Red Light Run,Hit and Run,Alcohol,Drugs,Unbelted Person,Work Zone,Speeding Driver,Distracted Driver,Driveway,Pedestrian,Elderly Driver,Young Driver,Commercial Vehicle,Emergency Vehicles,Train,School Bus,Motorcycle,Bicycle,Deer,Longitude,Latitude,geom,geog,x,y
17378,9666807,I-75,DEARBORN,2016-04-02,2,4,2016,19,7,1,1,,1,1,,3,2,3,70,4,1,1,5,0,0,0,0,true,,false,false,false,false,false,,,,,,false,false,true,,,false,false,false,false,false,-83.12702,42.29426,"{
  ""coordinates"": [
    -8.312701978099990e+01,
    4.229425705100000e+01
  ],
  ""type"": ""Point""
}","{
  ""coordinates"": [
    -83.127019781,
    42.294257051
  ],
  ""type"": ""Point""
}",-83.1270197809999,42.294257051
17379,9669286,VERNOR,FISHER SERVICE,2016-04-02,2,4,2016,23,7,5,9,,4,0,,3,5,4,35,4,2,3,5,0,0,0,0,true,,false,false,false,false,false,,,,,,false,false,false,,,false,false,false,false,false,-82.99452,42.36319,"{
  ""coordinates"": [
    -8.299452127300000e+01,
    4.236318535900010e+01
  ],
  ""type"": ""Point""
}","{
  ""coordinates"": [
    -82.994521273,
    42.363185359
  ],
  ""type"": ""Point""
}",-82.994521273,42.3631853590001
17380,9666897,BELLETERRE,COLLINGWOOD,2016-04-02,2,4,2016,16,7,5,9,,,0,,2,5,1,25,2,2,1,5,0,0,0,0,true,,false,false,true,false,false,,,,,,false,false,false,,,false,false,false,false,false,-83.13667,42.37109,"{
  ""coordinates"": [
    -8.313666725699990e+01,
    4.237108516900000e+01
  ],
  ""type"": ""Point""
}","{
  ""coordinates"": [
    -83.136667257,
    42.371085169
  ],
  ""type"": ""Point""
}",-83.1366672569999,42.371085169
17381,9665938,FENKELL,RIVERVIEW,2016-04-02,2,4,2016,16,7,5,9,,2,0,,2,1,1,30,4,2,3,4,0,0,0,1,false,,false,false,false,false,false,,,,,,false,false,false,,,false,false,false,false,false,-83.27394,42.4001,"{
  ""coordinates"": [
    -8.327394287200001e+01,
    4.240010373600010e+01
  ],
  ""type"": ""Point""
}","{
  ""coordinates"": [
    -83.273942872,
    42.400103736
  ],
  ""type"": ""Point""
}",-83.273942872,42.4001037360001
17382,9665903,LIVERNOIS,JOHN KRONK,2016-04-02,2,4,2016,4,7,4,9,,4,0,,2,1,4,30,2,2,1,4,0,0,0,1,false,,true,false,true,false,false,,,,,,false,false,false,,,false,false,false,false,false,-83.11545,42.3244,"{
  ""coordinates"": [
    -8.311545068299991e+01,
    4.232439662300000e+01
  ],
  ""type"": ""Point""
}","{
  ""coordinates"": [
    -83.115450683,
    42.324396623
  ],
  ""type"": ""Point""
}",-83.1154506829999,42.324396623
17383,9666778,E I 96,MEYERS,2016-04-02,2,4,2016,22,7,1,1,,1,1,,3,7,5,55,2,1,1,4,0,0,0,1,false,,false,false,false,false,false,,,,,,false,false,false,,,false,false,false,false,false,-83.16769,42.3852,"{
  ""coordinates"": [
    -8.316769617700000e+01,
    4.238519589500000e+01
  ],
  ""type"": ""Point""
}","{
  ""coordinates"": [
    -83.167696177,
    42.385195895
  ],
  ""type"": ""Point""
}",-83.167696177,42.385195895
17384,9668378,CONNER,KENMOOR,2016-04-02,2,4,2016,17,7,5,9,,4,0,,2,5,1,30,4,2,2,5,0,0,0,0,true,,false,false,true,false,false,,,,,,false,false,true,,,false,false,false,false,false,-83.01003,42.41581,"{
  ""coordinates"": [
    -8.301002704000000e+01,
    4.241581388400000e+01
  ],
  ""type"": ""Point""
}","{
  ""coordinates"": [
    -83.01002704,
    42.415813884
  ],
  ""type"": ""Point""
}",-83.01002704,42.415813884
17385,9666876,DAVISON,SANTA ROSA,2016-04-02,2,4,2016,22,7,97,3,,1,0,,3,1,4,55,3,3,3,5,0,0,0,0,true,,false,false,false,false,false,,,,,,false,false,false,,,false,false,false,false,false,-83.14215,42.38655,"{
  ""coordinates"": [
    -8.314215358699990e+01,
    4.238654706500010e+01
  ],
  ""type"": ""Point""
}","{
  ""coordinates"": [
    -83.142153587,
    42.386547065
  ],
  ""type"": ""Point""
}",-83.1421535869999,42.3865470650001
17386,9666759,I75 NB,2ND,2016-04-02,2,4,2016,23,7,1,1,,1,1,,3,2,4,55,3,1,2,5,0,0,0,0,true,,false,false,false,false,false,,,,,,false,false,false,,,false,false,false,false,false,-83.062,42.33575,"{
  ""coordinates"": [
    -8.306200472599990e+01,
    4.233574786300010e+01
  ],
  ""type"": ""Point""
}","{
  ""coordinates"": [
    -83.062004726,
    42.335747863
  ],
  ""type"": ""Point""
}",-83.0620047259999,42.3357478630001
17387,9670055,S M 10,W I 94,2016-04-02,2,4,2016,10,7,5,3,,1,0,,3,1,4,55,3,3,1,5,0,0,0,0,true,,false,false,false,false,false,,,,,,false,false,false,,,false,false,false,false,false,-83.07669,42.35907,"{
  ""coordinates"": [
    -8.307669032699989e+01,
    4.235907028600010e+01
  ],
  ""type"": ""Point""
}","{
  ""coordinates"": [
    -83.076690327,
    42.359070286
  ],
  ""type"": ""Point""
}",-83.0766903269999,42.3590702860001
17388,9702629,WYOMING,SCHOOLCRAFT,2016-04-02,2,4,2016,2,7,4,9,,4,0,,1,1,4,30,4,2,2,2,0,1,0,0,false,,true,true,true,false,false,,,,,,false,false,false,,,false,false,false,false,false,-83.15907,42.3885,"{
  ""coordinates"": [
    -8.315906232400000e+01,
    4.238849888700000e+01
  ],
  ""type"": ""Point""
}","{
  ""coordinates"": [
    -83.159062324,
    42.388498887
  ],
  ""type"": ""Point""
}",-83.159062324,42.388498887
17389,9706519,CHICAGO,SOUTHFIELD SERVICE DRIVE,2016-04-02,2,4,2016,1,7,4,9,,4,0,,1,1,4,0,2,2,2,5,0,0,0,0,true,,false,false,true,false,false,,,,,,false,false,false,,,false,false,false,false,false,-83.21613,42.36525,"{
  ""coordinates"": [
    -8.321613370599989e+01,
    4.236524593000010e+01
  ],
  ""type"": ""Point""
}","{
  ""coordinates"": [
    -83.216133706,
    42.36524593
  ],
  ""type"": ""Point""
}",-83.2161337059999,42.3652459300001
17390,9726281,JAMES COUZENS,MEYERS,2016-04-02,2,4,2016,14,7,5,9,,4,0,,1,1,1,25,2,2,2,5,0,0,0,0,true,,false,false,true,false,false,,,,,,false,true,false,,,false,false,false,false,false,-83.1699,42.41456,"{
  ""coordinates"": [
    -8.316990130999990e+01,
    4.241455779400010e+01
  ],
  ""type"": ""Point""
}","{
  ""coordinates"": [
    -83.16990131,
    42.414557794
  ],
  ""type"": ""Point""
}",-83.1699013099999,42.4145577940001
17391,9665774,E I 94,GRAND,2016-04-02,2,4,2016,2,7,5,1,,1,0,,2,4,4,55,3,2,2,5,0,0,0,0,true,,false,false,false,false,false,,,,,,false,false,false,,,false,false,false,false,false,-83.04185,42.37595,"{
  ""coordinates"": [
    -8.304185057099990e+01,
    4.237595170000000e+01
  ],
  ""type"": ""Point""
}","{
  ""coordinates"": [
    -83.041850571,
    42.3759517
  ],
  ""type"": ""Point""
}",-83.0418505709999,42.3759517
17392,9686372,8 MILE,ASHTON,2016-04-02,2,4,2016,21,7,97,3,,1,0,,3,5,4,35,3,2,2,5,0,0,0,0,true,,false,false,false,false,false,,,,,,false,false,false,,,false,false,false,false,false,-83.2213,42.44414,"{
  ""coordinates"": [
    -8.322129450300000e+01,
    4.244414128600000e+01
  ],
  ""type"": ""Point""
}","{
  ""coordinates"": [
    -83.221294503,
    42.444141286
  ],
  ""type"": ""Point""
}",-83.221294503,42.444141286
17393,9665883,MCNICHOLS,N M 39,2016-04-02,2,4,2016,23,7,5,9,,2,0,,3,1,4,35,4,2,2,5,0,0,0,0,true,,false,false,true,false,false,,,,,,false,false,false,,,false,false,false,false,false,-83.21876,42.41555,"{
  ""coordinates"": [
    -8.321875888800000e+01,
    4.241555019200010e+01
  ],
  ""type"": ""Point""
}","{
  ""coordinates"": [
    -83.218758888,
    42.415550192
  ],
  ""type"": ""Point""
}",-83.218758888,42.4155501920001
17394,9665885,WYOMING,PURITAN,2016-04-02,2,4,2016,9,7,8,9,,4,0,,1,1,1,35,1,2,3,3,0,0,1,0,false,,false,false,false,false,false,,,,,,false,false,true,,,false,false,false,false,false,-83.15998,42.4093,"{
  ""coordinates"": [
    -8.315997725299999e+01,
    4.240929955000010e+01
  ],
  ""type"": ""Point""
}","{
  ""coordinates"": [
    -83.159977253,
    42.40929955
  ],
  ""type"": ""Point""
}",-83.159977253,42.4092995500001
17395,9665886,HOLMUR,PHILADELPHIA,2016-04-02,2,4,2016,6,7,4,9,,,0,,1,1,4,25,2,2,3,4,0,0,0,1,false,,false,false,true,false,false,,,,,,false,false,false,,,false,false,false,false,false,-83.1162,42.36379,"{
  ""coordinates"": [
    -8.311619800499990e+01,
    4.236379383900000e+01
  ],
  ""type"": ""Point""
}","{
  ""coordinates"": [
    -83.116198005,
    42.363793839
  ],
  ""type"": ""Point""
}",-83.1161980049999,42.363793839
17396,9666754,I 75,MICHIGAN,2016-04-02,2,4,2016,23,7,8,1,,1,0,,3,1,4,55,3,2,3,5,0,0,0,0,true,,false,false,false,false,false,,,,,,false,true,false,,,false,false,false,false,false,-83.0864,42.33045,"{
  ""coordinates"": [
    -8.308639156200000e+01,
    4.233045013000000e+01
  ],
  ""type"": ""Point""
}","{
  ""coordinates"": [
    -83.086391562,
    42.33045013
  ],
  ""type"": ""Point""
}",-83.086391562,42.33045013
17397,9668348,S M 10,GRAND,2016-04-02,2,4,2016,21,7,8,3,,1,0,,3,5,4,0,4,2,1,5,0,0,0,0,true,,false,false,true,false,false,,,,,,false,false,false,,,false,false,false,false,false,-83.08202,42.36715,"{
  ""coordinates"": [
    -8.308201242599991e+01,
    4.236714554500000e+01
  ],
  ""type"": ""Point""
}","{
  ""coordinates"": [
    -83.082012426,
    42.367145545
  ],
  ""type"": ""Point""
}",-83.0820124259999,42.367145545
17398,9666869,I75,MICHIGAN,2016-04-02,2,4,2016,21,7,97,1,,1,0,,3,2,4,55,3,3,3,5,0,0,0,0,true,,false,false,false,false,false,,,,,,false,false,false,,,false,false,false,false,false,-83.0862,42.33086,"{
  ""coordinates"": [
    -8.308620418899990e+01,
    4.233086075600000e+01
  ],
  ""type"": ""Point""
}","{
  ""coordinates"": [
    -83.086204189,
    42.330860756
  ],
  ""type"": ""Point""
}",-83.0862041889999,42.330860756
17399,9669313,I 75,MADISON,2016-04-02,2,4,2016,11,7,5,1,,1,0,,3,5,5,65,4,3,5,5,0,0,0,0,true,,false,false,true,false,false,,,,,,false,false,false,,,false,false,false,false,false,-83.04376,42.34197,"{
  ""coordinates"": [
    -8.304375876400000e+01,
    4.234197335500010e+01
  ],
  ""type"": ""Point""
}","{
  ""coordinates"": [
    -83.043758764,
    42.341973355
  ],
  ""type"": ""Point""
}",-83.043758764,42.3419733550001
17400,9681260,RAMP 109C,RAMP 109A,2016-04-02,2,4,2016,22,7,1,3,,1,1,,3,5,4,35,1,1,2,5,0,0,0,0,true,,false,false,false,false,false,,,,,,false,false,false,,,false,false,false,false,false,-83.10905,42.39813,"{
  ""coordinates"": [
    -8.310905033400000e+01,
    4.239812854100010e+01
  ],
  ""type"": ""Point""
}","{
  ""coordinates"": [
    -83.109050334,
    42.398128541
  ],
  ""type"": ""Point""
}",-83.109050334,42.3981285410001
17401,9671448,S M 10,WARREN,2016-04-02,2,4,2016,21,7,5,3,,1,0,,3,5,4,55,4,4,2,4,0,0,0,2,false,,false,false,true,false,false,,,,,,false,false,false,,,false,false,false,false,false,-83.07381,42.35411,"{
  ""coordinates"": [
    -8.307381339499990e+01,
    4.235411259300000e+01
  ],
  ""type"": ""Point""
}","{
  ""coordinates"": [
    -83.073813395,
    42.354112593
  ],
  ""type"": ""Point""
}",-83.0738133949999,42.354112593
17402,9669299,MICHIGAN,TRUMBULL,2016-04-02,2,4,2016,1,7,3,2,,1,0,,2,4,4,35,6,3,3,1,1,0,0,2,false,,false,false,false,true,true,,,,,,true,false,false,,,false,false,false,false,false,-83.06702,42.33141,"{
  ""coordinates"": [
    -8.306701932700000e+01,
    4.233141426200010e+01
  ],
  ""type"": ""Point""
}","{
  ""coordinates"": [
    -83.067019327,
    42.331414262
  ],
  ""type"": ""Point""
}",-83.067019327,42.3314142620001
17403,9665947,GRATIOT,JOSEPH CAMPAU,2016-04-02,2,4,2016,7,7,8,3,,1,0,,1,2,1,35,7,2,3,5,0,0,0,0,true,,false,false,false,false,false,,,,,,false,false,true,,,false,false,false,false,false,-83.03019,42.35532,"{
  ""coordinates"": [
    -8.303018931699999e+01,
    4.235531935800000e+01
  ],
  ""type"": ""Point""
}","{
  ""coordinates"": [
    -83.030189317,
    42.355319358
  ],
  ""type"": ""Point""
}",-83.030189317,42.355319358
17404,9665932,LAFAYETTE,RANDOLPH,2016-04-02,2,4,2016,13,7,6,3,,4,0,,2,1,1,25,2,2,3,5,0,0,0,0,true,,false,false,false,false,false,,,,,,false,true,false,,,false,false,false,false,false,-83.04411,42.33315,"{
  ""coordinates"": [
    -8.304411306599999e+01,
    4.233314478200000e+01
  ],
  ""type"": ""Point""
}","{
  ""coordinates"": [
    -83.044113066,
    42.333144782
  ],
  ""type"": ""Point""
}",-83.044113066,42.333144782
17405,9680415,I 94,CONCORD,2016-04-02,2,4,2016,1,7,1,1,,1,1,,2,4,4,55,3,1,5,1,3,0,2,0,false,,false,false,false,false,false,,,,,,false,false,true,,,false,false,false,false,false,-83.02899,42.38388,"{
  ""coordinates"": [
    -8.302899006199991e+01,
    4.238388203900010e+01
  ],
  ""type"": ""Point""
}","{
  ""coordinates"": [
    -83.028990062,
    42.383882039
  ],
  ""type"": ""Point""
}",-83.0289900619999,42.3838820390001
17406,9666905,GRAND RIVER,TEMPLE,2016-04-02,2,4,2016,22,7,5,3,,1,0,,3,5,5,35,3,2,2,5,0,0,0,0,true,,false,false,true,false,false,,,,,,false,true,false,,,false,false,false,false,false,-83.06602,42.33929,"{
  ""coordinates"": [
    -8.306602133900000e+01,
    4.233928657600010e+01
  ],
  ""type"": ""Point""
}","{
  ""coordinates"": [
    -83.066021339,
    42.339286576
  ],
  ""type"": ""Point""
}",-83.066021339,42.3392865760001
17407,9670038,RAMP 139G,W M 8,2016-04-02,2,4,2016,16,7,1,1,,1,1,,3,5,1,35,3,1,1,5,0,0,0,0,true,,false,false,false,false,false,,,,,,false,false,true,,,false,false,false,false,false,-83.15344,42.3853,"{
  ""coordinates"": [
    -8.315344413400000e+01,
    4.238529530000010e+01
  ],
  ""type"": ""Point""
}","{
  ""coordinates"": [
    -83.153444134,
    42.3852953
  ],
  ""type"": ""Point""
}",-83.153444134,42.3852953000001
17408,9666777,I-75,DEARBORN,2016-04-02,2,4,2016,21,7,8,1,,1,0,,2,4,4,70,4,2,2,5,0,0,0,0,true,,false,false,false,false,false,,,,,,false,false,false,,,false,false,false,false,false,-83.13121,42.29038,"{
  ""coordinates"": [
    -8.313121198000000e+01,
    4.229038041000010e+01
  ],
  ""type"": ""Point""
}","{
  ""coordinates"": [
    -83.13121198,
    42.29038041
  ],
  ""type"": ""Point""
}",-83.13121198,42.2903804100001
17409,9669298,MCNICHOLS,DAVISON,2016-04-02,2,4,2016,3,7,5,9,,4,0,,1,1,4,30,2,2,1,5,0,0,0,0,true,,false,false,true,false,false,,,,,,false,false,false,,,false,false,false,false,false,-83.05286,42.41886,"{
  ""coordinates"": [
    -8.305285972400000e+01,
    4.241886128400010e+01
  ],
  ""type"": ""Point""
}","{
  ""coordinates"": [
    -83.052859724,
    42.418861284
  ],
  ""type"": ""Point""
}",-83.052859724,42.4188612840001
17410,9666908,GRAND RIVER,W I 94,2016-04-02,2,4,2016,22,7,5,3,,1,0,,3,5,4,30,7,2,3,4,0,0,0,3,false,,false,false,true,false,false,,,,,,false,false,true,,,false,false,false,false,false,-83.09579,42.35132,"{
  ""coordinates"": [
    -8.309579340499990e+01,
    4.235132119000010e+01
  ],
  ""type"": ""Point""
}","{
  ""coordinates"": [
    -83.095793405,
    42.35132119
  ],
  ""type"": ""Point""
}",-83.0957934049999,42.3513211900001
17411,9665948,CONNER,HARPER,2016-04-02,2,4,2016,7,7,1,9,,4,1,,1,1,1,35,2,1,0,5,0,0,0,0,true,,false,false,true,false,false,,,,,,false,false,false,,,false,false,false,false,false,-82.98923,42.39713,"{
  ""coordinates"": [
    -8.298922869899999e+01,
    4.239712692900010e+01
  ],
  ""type"": ""Point""
}","{
  ""coordinates"": [
    -82.989228699,
    42.397126929
  ],
  ""type"": ""Point""
}",-82.989228699,42.3971269290001
17412,9670155,LIVERNOIS,N M 10,2016-04-02,2,4,2016,2,7,8,9,,4,0,,3,4,4,30,2,2,1,5,0,0,0,0,true,,false,false,true,false,false,,,,,,false,true,false,,,false,false,false,false,false,-83.14024,42.40509,"{
  ""coordinates"": [
    -8.314023326599990e+01,
    4.240508778100010e+01
  ],
  ""type"": ""Point""
}","{
  ""coordinates"": [
    -83.140233266,
    42.405087781
  ],
  ""type"": ""Point""
}",-83.1402332659999,42.4050877810001
17413,9665898,VERNOR,DRAGOON,2016-04-02,2,4,2016,9,7,5,9,,4,0,,1,5,1,30,2,2,1,5,0,0,0,0,true,,false,false,true,false,false,,,,,,false,false,true,,,false,false,false,false,false,-83.10862,42.31566,"{
  ""coordinates"": [
    -8.310862078500000e+01,
    4.231566264100010e+01
  ],
  ""type"": ""Point""
}","{
  ""coordinates"": [
    -83.108620785,
    42.315662641
  ],
  ""type"": ""Point""
}",-83.108620785,42.3156626410001
17414,9668319,LIVERNOIS,VERNOR,2016-04-02,2,4,2016,23,7,1,9,,4,1,,3,1,4,35,7,1,1,5,0,0,0,0,true,,false,false,false,false,false,,,,,,false,false,true,,,false,false,false,false,false,-83.10999,42.31574,"{
  ""coordinates"": [
    -8.310998577500000e+01,
    4.231574104700010e+01
  ],
  ""type"": ""Point""
}","{
  ""coordinates"": [
    -83.109985775,
    42.315741047
  ],
  ""type"": ""Point""
}",-83.109985775,42.3157410470001
17415,9668312,WARREN,S I 75,2016-04-02,2,4,2016,22,7,5,9,,4,0,,3,5,4,30,7,2,2,5,0,0,0,0,true,,false,false,true,false,false,,,,,,false,false,false,,,false,false,false,false,false,-83.0545,42.36094,"{
  ""coordinates"": [
    -8.305449969599989e+01,
    4.236094078800010e+01
  ],
  ""type"": ""Point""
}","{
  ""coordinates"": [
    -83.054499696,
    42.360940788
  ],
  ""type"": ""Point""
}",-83.0544996959999,42.3609407880001
17416,9670000,M-39,7 MILE,2016-04-02,2,4,2016,14,7,8,3,,1,0,,1,2,1,55,3,2,2,5,0,0,0,0,true,,false,false,false,false,false,,,,,,false,false,true,,,false,false,false,false,false,-83.21945,42.43139,"{
  ""coordinates"": [
    -8.321945221999989e+01,
    4.243139016000000e+01
  ],
  ""type"": ""Point""
}","{
  ""coordinates"": [
    -83.21945222,
    42.43139016
  ],
  ""type"": ""Point""
}",-83.2194522199999,42.43139016
17417,9665892,GREENFIELD,CLARITA,2016-04-02,2,4,2016,0,7,5,9,,2,0,,2,4,4,40,4,2,2,5,0,0,0,0,true,,false,false,true,false,false,,,,,,false,false,false,,,false,false,false,false,false,-83.19978,42.42836,"{
  ""coordinates"": [
    -8.319978411100000e+01,
    4.242835997100010e+01
  ],
  ""type"": ""Point""
}","{
  ""coordinates"": [
    -83.199784111,
    42.428359971
  ],
  ""type"": ""Point""
}",-83.199784111,42.4283599710001
17418,9666902,CRUSE,FENKELL,2016-04-02,2,4,2016,16,7,5,9,,,3,,2,1,4,25,1,2,0,5,0,0,0,0,true,,false,false,false,false,false,,,,,,false,false,false,,,false,false,false,false,false,-83.1834,42.40197,"{
  ""coordinates"": [
    -8.318340383600000e+01,
    4.240197442900010e+01
  ],
  ""type"": ""Point""
}","{
  ""coordinates"": [
    -83.183403836,
    42.401974429
  ],
  ""type"": ""Point""
}",-83.183403836,42.4019744290001
17419,9714466,S I 75,SYNCPR CHANGE,2016-04-02,2,4,2016,22,7,8,1,,1,0,,3,5,4,0,1,2,2,5,0,0,0,0,true,,false,false,true,false,false,,,,,,false,false,false,,,false,false,false,false,false,-83.04675,42.34299,"{
  ""coordinates"": [
    -8.304674477499999e+01,
    4.234298837400010e+01
  ],
  ""type"": ""Point""
}","{
  ""coordinates"": [
    -83.046744775,
    42.342988374
  ],
  ""type"": ""Point""
}",-83.046744775,42.3429883740001
17420,9671386,CONGRESS,BATES,2016-04-02,2,4,2016,8,7,5,9,,4,0,,1,1,1,35,2,2,2,5,0,0,0,0,true,,false,false,false,false,false,,,,,,false,false,false,,,false,false,false,false,false,-83.0446,42.33072,"{
  ""coordinates"": [
    -8.304460128300001e+01,
    4.233071739400000e+01
  ],
  ""type"": ""Point""
}","{
  ""coordinates"": [
    -83.044601283,
    42.330717394
  ],
  ""type"": ""Point""
}",-83.044601283,42.330717394
17421,9666894,DAVISON,LINWOOD,2016-04-02,2,4,2016,20,7,5,3,,1,0,,2,7,4,35,2,2,4,5,0,0,0,0,true,,false,false,false,false,false,,,,,,false,true,true,,,false,false,false,false,false,-83.12206,42.39301,"{
  ""coordinates"": [
    -8.312205688099991e+01,
    4.239300386000010e+01
  ],
  ""type"": ""Point""
}","{
  ""coordinates"": [
    -83.122056881,
    42.39300386
  ],
  ""type"": ""Point""
}",-83.1220568809999,42.3930038600001
17422,9666899,MEMORIAL,WARREN,2016-04-02,2,4,2016,18,7,5,9,,,0,,2,5,1,30,5,2,2,4,0,0,0,1,false,,true,true,false,false,false,,,,,,false,false,false,,,false,false,false,false,false,-83.21101,42.34332,"{
  ""coordinates"": [
    -8.321100584899990e+01,
    4.234332094300000e+01
  ],
  ""type"": ""Point""
}","{
  ""coordinates"": [
    -83.211005849,
    42.343320943
  ],
  ""type"": ""Point""
}",-83.2110058489999,42.343320943
17423,9665957,RYAN,MCNICHOLS,2016-04-02,2,4,2016,2,7,1,9,,4,1,,2,4,4,25,2,1,1,4,0,0,0,1,false,,false,false,false,false,false,,,,,,false,false,false,,,false,false,false,false,false,-83.06248,42.41869,"{
  ""coordinates"": [
    -8.306248614899989e+01,
    4.241868539100010e+01
  ],
  ""type"": ""Point""
}","{
  ""coordinates"": [
    -83.062486149,
    42.418685391
  ],
  ""type"": ""Point""
}",-83.0624861489999,42.4186853910001
17424,9666878,E I 94,N M 10,2016-04-02,2,4,2016,23,7,97,1,,1,0,,3,5,4,55,3,3,1,5,0,0,0,0,true,,false,false,true,false,false,,,,,,false,false,false,,,false,false,false,false,false,-83.07625,42.35892,"{
  ""coordinates"": [
    -8.307624883900000e+01,
    4.235891614000010e+01
  ],
  ""type"": ""Point""
}","{
  ""coordinates"": [
    -83.076248839,
    42.35891614
  ],
  ""type"": ""Point""
}",-83.076248839,42.3589161400001
17425,9666760,N I 75,3RD,2016-04-02,2,4,2016,23,7,97,1,,1,0,,3,2,4,70,3,2,2,5,0,0,0,0,true,,false,false,true,false,false,,,,,,false,false,false,,,false,false,false,false,false,-83.06018,42.33617,"{
  ""coordinates"": [
    -8.306018287500000e+01,
    4.233616641100010e+01
  ],
  ""type"": ""Point""
}","{
  ""coordinates"": [
    -83.060182875,
    42.336166411
  ],
  ""type"": ""Point""
}",-83.060182875,42.3361664110001
17426,9671385,N I 75,N I 375,2016-04-02,2,4,2016,21,7,5,9,,,0,,3,5,4,55,2,2,2,5,0,0,0,0,true,,false,false,false,false,false,,,,,,false,false,false,,,false,false,false,false,false,-83.04395,42.34452,"{
  ""coordinates"": [
    -8.304395303900000e+01,
    4.234452417600000e+01
  ],
  ""type"": ""Point""
}","{
  ""coordinates"": [
    -83.043953039,
    42.344524176
  ],
  ""type"": ""Point""
}",-83.043953039,42.344524176
17427,9666752,N I 75,RAMP 047A,2016-04-02,2,4,2016,23,7,5,1,,1,0,,3,5,4,40,3,2,1,5,0,0,0,0,true,,false,false,true,false,false,,,,,,false,false,true,,,false,false,false,false,false,-83.075,42.40598,"{
  ""coordinates"": [
    -8.307499932100001e+01,
    4.240598123900000e+01
  ],
  ""type"": ""Point""
}","{
  ""coordinates"": [
    -83.074999321,
    42.405981239
  ],
  ""type"": ""Point""
}",-83.074999321,42.405981239
17428,9666779,E I 96,MEYERS,2016-04-02,2,4,2016,22,7,1,1,,1,1,,3,2,4,55,2,1,1,5,0,0,0,0,true,,false,false,false,false,false,,,,,,false,false,false,,,false,false,false,false,false,-83.16836,42.38513,"{
  ""coordinates"": [
    -8.316835492300000e+01,
    4.238512970900010e+01
  ],
  ""type"": ""Point""
}","{
  ""coordinates"": [
    -83.168354923,
    42.385129709
  ],
  ""type"": ""Point""
}",-83.168354923,42.3851297090001
17429,9666933,WOODWARD SERVICE,8 MILE,2016-04-02,2,4,2016,22,7,8,3,,1,0,,3,2,4,40,3,2,2,5,0,0,0,0,true,,false,false,false,false,false,,,,,,false,false,false,,,false,false,false,false,false,-83.12482,42.44648,"{
  ""coordinates"": [
    -8.312482454400001e+01,
    4.244648009600010e+01
  ],
  ""type"": ""Point""
}","{
  ""coordinates"": [
    -83.124824544,
    42.446480096
  ],
  ""type"": ""Point""
}",-83.124824544,42.4464800960001
17430,9665965,8MILE,EVERGREEN,2016-04-02,2,4,2016,16,7,4,3,,1,0,,2,5,1,45,4,2,2,5,0,0,0,0,true,,true,true,false,false,false,,,,,,false,false,false,,,false,false,false,false,false,-83.23751,42.44379,"{
  ""coordinates"": [
    -8.323751243200000e+01,
    4.244379186600000e+01
  ],
  ""type"": ""Point""
}","{
  ""coordinates"": [
    -83.237512432,
    42.443791866
  ],
  ""type"": ""Point""
}",-83.237512432,42.443791866
17431,9668368,EVERGREEN,W I 96,2016-04-02,2,4,2016,21,7,97,9,,4,0,,3,5,3,35,4,2,3,5,0,0,0,0,true,,false,false,true,false,false,,,,,,false,true,false,,,false,false,false,false,false,-83.23664,42.38039,"{
  ""coordinates"": [
    -8.323664224500000e+01,
    4.238038675500010e+01
  ],
  ""type"": ""Point""
}","{
  ""coordinates"": [
    -83.236642245,
    42.380386755
  ],
  ""type"": ""Point""
}",-83.236642245,42.3803867550001
17432,9671348,S I 375,RAMP 041G,2016-04-02,2,4,2016,22,7,5,1,,1,0,,3,5,4,0,2,3,2,5,0,0,0,0,true,,false,false,true,false,false,,,,,,false,false,false,,,false,false,false,false,false,-83.0444,42.34513,"{
  ""coordinates"": [
    -8.304440676900001e+01,
    4.234513182200000e+01
  ],
  ""type"": ""Point""
}","{
  ""coordinates"": [
    -83.044406769,
    42.345131822
  ],
  ""type"": ""Point""
}",-83.044406769,42.345131822
17433,9668346,RAMP 216B,RAMP 216D,2016-04-02,2,4,2016,22,7,4,1,,1,0,,3,7,5,35,1,2,2,5,0,0,0,0,true,,false,false,false,false,false,,,,,,false,false,false,,,false,false,false,false,false,-83.05771,42.36856,"{
  ""coordinates"": [
    -8.305770694200000e+01,
    4.236855677200000e+01
  ],
  ""type"": ""Point""
}","{
  ""coordinates"": [
    -83.057706942,
    42.368556772
  ],
  ""type"": ""Point""
}",-83.057706942,42.368556772
17434,9668150,I96,WYOMING,2016-04-02,2,4,2016,21,7,1,1,,1,1,,3,1,4,70,3,1,1,5,0,0,0,0,true,,false,false,false,false,false,,,,,,false,false,false,,,false,false,false,false,false,-83.1587,42.38542,"{
  ""coordinates"": [
    -8.315869680199999e+01,
    4.238541966800010e+01
  ],
  ""type"": ""Point""
}","{
  ""coordinates"": [
    -83.158696802,
    42.385419668
  ],
  ""type"": ""Point""
}",-83.158696802,42.3854196680001