ObjectId,Crash ID,Primary Road,Intersecting Road,Crash Date,Day,Month,Year,Hour,Weekday,Crash Type Code,Highway Classification Code,Community Code,Jurisdiction Code,Lane Departure Type Code,Surface Type,Road Condition,Weather Condition,Lighting Condition,Speed Limit,Lanes,Units,Occupants,Most Severe Injury,Fatal Injuries,Suspected Serious Injuries,Suspected Minor Injuries,Possible Injuries,Property Damage Only,Secondary Crash,Traffic Control,Red Light Run,Hit and Run,Alcohol,Drugs,Unbelted Person,Work Zone,Speeding Driver,Distracted Driver,Driveway,Pedestrian,Elderly Driver,Young Driver,Commercial Vehicle,Emergency Vehicles,Train,School Bus,Motorcycle,Bicycle,Deer,Longitude,Latitude,geom,geog,x,y
17435,9665894,MCNICHOLS,HUBBELL,2016-04-02,2,4,2016,13,7,4,9,,2,0,,1,2,1,35,8,2,7,4,0,0,0,4,false,,false,false,false,false,false,,,,,,false,false,false,,,false,false,false,false,false,-83.18951,42.41646,"{
  ""coordinates"": [
    -8.318950773800000e+01,
    4.241645830200010e+01
  ],
  ""type"": ""Point""
}","{
  ""coordinates"": [
    -83.189507738,
    42.416458302
  ],
  ""type"": ""Point""
}",-83.189507738,42.4164583020001
17436,9666810,M10,DAVISON,2016-04-02,2,4,2016,22,7,1,3,,1,1,,3,2,4,55,3,1,2,2,0,1,0,0,false,,false,false,false,false,false,,,,,,false,false,true,,,false,false,false,false,false,-83.11,42.39856,"{
  ""coordinates"": [
    -8.311000027900000e+01,
    4.239855494900010e+01
  ],
  ""type"": ""Point""
}","{
  ""coordinates"": [
    -83.110000279,
    42.398554949
  ],
  ""type"": ""Point""
}",-83.110000279,42.3985549490001
17437,9666882,N I 375,RAMP 041D,2016-04-02,2,4,2016,21,7,97,1,,1,0,,3,7,2,30,1,2,1,5,0,0,0,0,true,,false,false,false,false,false,,,,,,false,false,false,,,false,false,false,false,false,-83.04262,42.34127,"{
  ""coordinates"": [
    -8.304261642499991e+01,
    4.234126472500000e+01
  ],
  ""type"": ""Point""
}","{
  ""coordinates"": [
    -83.042616425,
    42.341264725
  ],
  ""type"": ""Point""
}",-83.0426164249999,42.341264725
17438,9715815,DEXTER,DAVISON,2016-04-02,2,4,2016,10,7,3,3,,4,0,,2,5,4,35,4,2,2,5,0,0,0,0,true,,false,false,false,false,false,,,,,,false,false,false,,,false,false,false,false,false,-83.13085,42.38973,"{
  ""coordinates"": [
    -8.313085487500000e+01,
    4.238972862600010e+01
  ],
  ""type"": ""Point""
}","{
  ""coordinates"": [
    -83.130854875,
    42.389728626
  ],
  ""type"": ""Point""
}",-83.130854875,42.3897286260001
17439,9676967,LAING,WHITTIER,2016-04-02,2,4,2016,13,7,1,9,,,0,,97,98,98,25,1,2,0,4,0,0,0,1,false,,false,false,true,false,false,,,,,,true,false,false,,,false,false,false,false,false,-82.95902,42.41944,"{
  ""coordinates"": [
    -8.295902555299990e+01,
    4.241944049300000e+01
  ],
  ""type"": ""Point""
}","{
  ""coordinates"": [
    -82.959025553,
    42.419440493
  ],
  ""type"": ""Point""
}",-82.9590255529999,42.419440493
17440,9666809,I-75,DEARBORN,2016-04-02,2,4,2016,21,7,1,1,,1,1,,3,2,4,70,4,1,3,5,0,0,0,0,true,,false,false,false,false,false,,,,,,false,false,true,,,false,false,false,false,false,-83.12702,42.29426,"{
  ""coordinates"": [
    -8.312701978099990e+01,
    4.229425705100000e+01
  ],
  ""type"": ""Point""
}","{
  ""coordinates"": [
    -83.127019781,
    42.294257051
  ],
  ""type"": ""Point""
}",-83.1270197809999,42.294257051
17441,9668353,S I 75,RAMP 216A,2016-04-02,2,4,2016,22,7,97,1,,1,0,,1,5,4,55,3,2,2,5,0,0,0,0,true,,false,false,true,false,false,,,,,,false,false,false,,,false,false,false,false,false,-83.05469,42.36109,"{
  ""coordinates"": [
    -8.305468692499990e+01,
    4.236108828300010e+01
  ],
  ""type"": ""Point""
}","{
  ""coordinates"": [
    -83.054686925,
    42.361088283
  ],
  ""type"": ""Point""
}",-83.0546869249999,42.3610882830001
17442,9666887,I-94,CONNER,2016-04-02,2,4,2016,21,7,1,1,,1,0,,4,5,4,55,3,1,1,5,0,0,0,0,true,,false,false,true,false,false,,,,,,false,false,false,,,false,false,false,false,false,-82.98919,42.39558,"{
  ""coordinates"": [
    -8.298918649599990e+01,
    4.239557559900000e+01
  ],
  ""type"": ""Point""
}","{
  ""coordinates"": [
    -82.989186496,
    42.395575599
  ],
  ""type"": ""Point""
}",-82.9891864959999,42.395575599
17443,9666895,WARREN,METTETAL,2016-04-02,2,4,2016,16,7,4,9,,2,0,,2,4,1,35,4,3,2,5,0,0,0,0,true,,false,false,false,false,false,,,,,,false,false,true,,,false,false,false,false,false,-83.20482,42.34355,"{
  ""coordinates"": [
    -8.320481993100000e+01,
    4.234355230000010e+01
  ],
  ""type"": ""Point""
}","{
  ""coordinates"": [
    -83.204819931,
    42.3435523
  ],
  ""type"": ""Point""
}",-83.204819931,42.3435523000001
17444,9668369,WARREN,RAMP 216E,2016-04-02,2,4,2016,22,7,97,9,,4,0,,3,5,3,35,4,2,2,5,0,0,0,0,true,,false,false,false,false,false,,,,,,false,false,false,,,false,false,false,false,false,-83.05427,42.36103,"{
  ""coordinates"": [
    -8.305426911700000e+01,
    4.236103150400000e+01
  ],
  ""type"": ""Point""
}","{
  ""coordinates"": [
    -83.054269117,
    42.361031504
  ],
  ""type"": ""Point""
}",-83.054269117,42.361031504
17445,9666871,N I 75 SERVICE DRIVE,WARREN,2016-04-02,2,4,2016,22,7,1,9,,4,1,,3,2,4,55,1,1,1,5,0,0,0,0,true,,false,false,false,false,false,,,,,,false,false,false,,,false,false,false,false,false,-83.05378,42.36091,"{
  ""coordinates"": [
    -8.305377769200000e+01,
    4.236091042000000e+01
  ],
  ""type"": ""Point""
}","{
  ""coordinates"": [
    -83.053777692,
    42.36091042
  ],
  ""type"": ""Point""
}",-83.053777692,42.36091042
17446,9666739,I-94,CONCORD,2016-04-02,2,4,2016,1,7,5,1,,1,0,,2,4,4,55,3,2,4,4,0,0,0,1,false,,false,false,false,false,false,,,,,,false,false,true,,,false,false,false,false,false,-83.0301,42.38314,"{
  ""coordinates"": [
    -8.303009717099999e+01,
    4.238314336500010e+01
  ],
  ""type"": ""Point""
}","{
  ""coordinates"": [
    -83.030097171,
    42.383143365
  ],
  ""type"": ""Point""
}",-83.030097171,42.3831433650001
17447,9666753,I 75,MICHIGAN,2016-04-02,2,4,2016,22,7,1,1,,1,1,,3,5,4,55,2,1,4,4,0,0,0,1,false,,false,false,false,false,false,,,,,,false,false,true,,,false,false,false,false,false,-83.08548,42.33179,"{
  ""coordinates"": [
    -8.308547610300000e+01,
    4.233178969900010e+01
  ],
  ""type"": ""Point""
}","{
  ""coordinates"": [
    -83.085476103,
    42.331789699
  ],
  ""type"": ""Point""
}",-83.085476103,42.3317896990001
17448,9665931,WARREN,MEMORIAL,2016-04-02,2,4,2016,0,7,2,9,,2,0,,1,1,4,35,2,2,4,5,0,0,0,0,true,,false,false,false,false,false,,,,,,false,false,true,,,false,false,false,false,false,-83.21113,42.34345,"{
  ""coordinates"": [
    -8.321112705600000e+01,
    4.234344944400000e+01
  ],
  ""type"": ""Point""
}","{
  ""coordinates"": [
    -83.211127056,
    42.343449444
  ],
  ""type"": ""Point""
}",-83.211127056,42.343449444
17449,9666910,ALEXANDRINE,2ND,2016-04-02,2,4,2016,16,7,5,9,,,0,,2,4,1,20,2,2,1,5,0,0,0,0,true,,false,false,true,false,false,,,,,,false,false,false,,,false,false,false,false,false,-83.06513,42.34872,"{
  ""coordinates"": [
    -8.306513513800000e+01,
    4.234872194200010e+01
  ],
  ""type"": ""Point""
}","{
  ""coordinates"": [
    -83.065135138,
    42.348721942
  ],
  ""type"": ""Point""
}",-83.065135138,42.3487219420001
17450,9666901,E I 96 CD,RAMP 139F,2016-04-02,2,4,2016,22,7,1,1,,1,1,,3,2,4,55,2,1,1,5,0,0,0,0,true,,false,false,false,false,false,,,,,,false,false,false,,,false,false,false,false,false,-83.15862,42.38505,"{
  ""coordinates"": [
    -8.315861279500000e+01,
    4.238504829500000e+01
  ],
  ""type"": ""Point""
}","{
  ""coordinates"": [
    -83.158612795,
    42.385048295
  ],
  ""type"": ""Point""
}",-83.158612795,42.385048295
17451,9666907,S M 10,RAMP 120A,2016-04-02,2,4,2016,22,7,1,3,,1,1,,3,5,4,35,1,1,1,4,0,0,0,1,false,,false,false,false,false,false,,,,,,false,false,false,,,false,false,false,false,false,-83.0675,42.34172,"{
  ""coordinates"": [
    -8.306750351900000e+01,
    4.234172417500000e+01
  ],
  ""type"": ""Point""
}","{
  ""coordinates"": [
    -83.067503519,
    42.341724175
  ],
  ""type"": ""Point""
}",-83.067503519,42.341724175
17452,9666896,PIEDMONT,CHICAGO,2016-04-02,2,4,2016,18,7,8,9,,,3,,2,2,1,25,1,2,1,5,0,0,0,0,true,,false,false,false,false,false,,,,,,false,false,true,,,false,false,false,false,false,-83.22877,42.36443,"{
  ""coordinates"": [
    -8.322876780000000e+01,
    4.236443387000000e+01
  ],
  ""type"": ""Point""
}","{
  ""coordinates"": [
    -83.2287678,
    42.36443387
  ],
  ""type"": ""Point""
}",-83.2287678,42.36443387
17453,9668357,JEFFERSON,CONNER,2016-04-02,2,4,2016,22,7,1,9,,4,1,,3,1,4,30,5,1,1,5,0,0,0,0,true,,false,false,true,false,false,,,,,,false,false,false,,,false,false,false,false,false,-82.95876,42.37001,"{
  ""coordinates"": [
    -8.295876168699991e+01,
    4.237001283900000e+01
  ],
  ""type"": ""Point""
}","{
  ""coordinates"": [
    -82.958761687,
    42.370012839
  ],
  ""type"": ""Point""
}",-82.9587616869999,42.370012839
17454,9666801,E I 96,MEYERS,2016-04-02,2,4,2016,11,7,5,1,,1,0,,4,5,4,35,1,2,2,5,0,0,0,0,true,,false,false,false,false,false,,,,,,false,false,true,,,false,false,false,false,false,-83.16833,42.38513,"{
  ""coordinates"": [
    -8.316833555499990e+01,
    4.238513175300010e+01
  ],
  ""type"": ""Point""
}","{
  ""coordinates"": [
    -83.168335555,
    42.385131753
  ],
  ""type"": ""Point""
}",-83.1683355549999,42.3851317530001
17455,9665891,CONANT,MCNICHOLS,2016-04-02,2,4,2016,0,7,6,9,,4,0,,1,1,4,35,2,2,1,5,0,0,0,0,true,,false,false,true,false,false,,,,,,false,false,false,,,false,false,false,false,false,-83.0636,42.41865,"{
  ""coordinates"": [
    -8.306360202099999e+01,
    4.241865162900010e+01
  ],
  ""type"": ""Point""
}","{
  ""coordinates"": [
    -83.063602021,
    42.418651629
  ],
  ""type"": ""Point""
}",-83.063602021,42.4186516290001
17456,9665884,GRAND RIVER,WARWICK,2016-04-02,2,4,2016,11,7,5,3,,1,0,,1,1,1,40,6,2,3,4,0,0,0,1,false,,false,false,false,false,false,,,,,,false,false,false,,,false,false,false,false,false,-83.22888,42.40496,"{
  ""coordinates"": [
    -8.322888166000000e+01,
    4.240496104200000e+01
  ],
  ""type"": ""Point""
}","{
  ""coordinates"": [
    -83.22888166,
    42.404961042
  ],
  ""type"": ""Point""
}",-83.22888166,42.404961042
17457,9665922,FOREST,DICKERSON,2016-04-02,2,4,2016,16,7,4,9,,,0,,2,5,1,25,2,2,5,4,0,0,0,3,false,,true,false,false,true,false,,,,,,false,false,false,,,false,false,false,false,false,-82.96595,42.39093,"{
  ""coordinates"": [
    -8.296595146899990e+01,
    4.239093067200000e+01
  ],
  ""type"": ""Point""
}","{
  ""coordinates"": [
    -82.965951469,
    42.390930672
  ],
  ""type"": ""Point""
}",-82.9659514689999,42.390930672
17458,9668318,I 96,MCGRAW,2016-04-02,2,4,2016,22,7,1,1,,1,1,,3,1,4,55,3,1,2,4,0,0,0,2,false,,false,false,false,false,false,,,,,,false,false,false,,,false,false,false,false,false,-83.10223,42.35273,"{
  ""coordinates"": [
    -8.310222421400000e+01,
    4.235273445800000e+01
  ],
  ""type"": ""Point""
}","{
  ""coordinates"": [
    -83.102224214,
    42.352734458
  ],
  ""type"": ""Point""
}",-83.102224214,42.352734458
17459,9665941,ST MARTIN,ASBURY,2016-04-02,2,4,2016,14,7,4,9,,,0,,1,2,1,25,2,2,2,5,0,0,0,0,true,,true,false,false,false,false,,,,,,false,false,true,,,false,false,false,false,false,-83.20983,42.43563,"{
  ""coordinates"": [
    -8.320982912100000e+01,
    4.243563026100000e+01
  ],
  ""type"": ""Point""
}","{
  ""coordinates"": [
    -83.209829121,
    42.435630261
  ],
  ""type"": ""Point""
}",-83.209829121,42.435630261
17460,9668350,S I 75,GRAND RIVER,2016-04-02,2,4,2016,22,7,1,1,,1,1,,3,5,4,55,4,1,1,5,0,0,0,0,true,,false,false,false,false,false,,,,,,false,false,false,,,false,false,false,false,false,-83.05945,42.33659,"{
  ""coordinates"": [
    -8.305944714499999e+01,
    4.233658429200010e+01
  ],
  ""type"": ""Point""
}","{
  ""coordinates"": [
    -83.059447145,
    42.336584292
  ],
  ""type"": ""Point""
}",-83.059447145,42.3365842920001
17461,9666867,I75,MICHIGAN,2016-04-02,2,4,2016,22,7,8,1,,1,0,,3,2,4,55,3,4,5,5,0,0,0,0,true,,false,false,false,false,false,,,,,,false,false,false,,,false,false,false,false,false,-83.0862,42.33086,"{
  ""coordinates"": [
    -8.308620418899990e+01,
    4.233086075600000e+01
  ],
  ""type"": ""Point""
}","{
  ""coordinates"": [
    -83.086204189,
    42.330860756
  ],
  ""type"": ""Point""
}",-83.0862041889999,42.330860756
17462,9779163,TELEGRAPH,TELEGRAPH/7 MILE,2016-04-02,2,4,2016,23,7,5,2,,1,0,,3,1,4,45,4,2,2,5,0,0,0,0,true,,false,false,false,false,false,,,,,,false,false,true,,,false,false,false,false,false,-83.27802,42.42974,"{
  ""coordinates"": [
    -8.327801982699999e+01,
    4.242973942900010e+01
  ],
  ""type"": ""Point""
}","{
  ""coordinates"": [
    -83.278019827,
    42.429739429
  ],
  ""type"": ""Point""
}",-83.278019827,42.4297394290001
17463,9666868,I75,MICHIGAN,2016-04-02,2,4,2016,21,7,97,1,,1,0,,3,2,4,55,3,2,2,5,0,0,0,0,true,,false,false,false,false,false,,,,,,false,false,false,,,false,false,false,false,false,-83.0862,42.33086,"{
  ""coordinates"": [
    -8.308620418899990e+01,
    4.233086075600000e+01
  ],
  ""type"": ""Point""
}","{
  ""coordinates"": [
    -83.086204189,
    42.330860756
  ],
  ""type"": ""Point""
}",-83.0862041889999,42.330860756
17464,9668320,WARREN,CONNER,2016-04-02,2,4,2016,19,7,5,9,,4,0,,2,1,3,30,2,2,2,5,0,0,0,0,true,,false,false,true,false,false,,,,,,false,true,false,,,false,false,false,false,false,-82.97602,42.38929,"{
  ""coordinates"": [
    -8.297601999100000e+01,
    4.238928609500000e+01
  ],
  ""type"": ""Point""
}","{
  ""coordinates"": [
    -82.976019991,
    42.389286095
  ],
  ""type"": ""Point""
}",-82.976019991,42.389286095
17465,9665906,DAVISON,WYOMING,2016-04-02,2,4,2016,3,7,4,9,,4,0,,2,4,4,0,4,2,2,5,0,0,0,0,true,,true,true,false,false,false,,,,,,false,false,false,,,false,false,false,false,false,-83.15911,42.38606,"{
  ""coordinates"": [
    -8.315910973200000e+01,
    4.238606091700010e+01
  ],
  ""type"": ""Point""
}","{
  ""coordinates"": [
    -83.159109732,
    42.386060917
  ],
  ""type"": ""Point""
}",-83.159109732,42.3860609170001
17466,9675716,I-94,I-75,2016-04-02,2,4,2016,21,7,8,1,,1,0,,2,2,4,70,4,2,2,5,0,0,0,0,true,,false,false,false,false,false,,,,,,false,false,true,,,false,false,false,false,false,-83.05746,42.36908,"{
  ""coordinates"": [
    -8.305746243599999e+01,
    4.236908277500000e+01
  ],
  ""type"": ""Point""
}","{
  ""coordinates"": [
    -83.057462436,
    42.369082775
  ],
  ""type"": ""Point""
}",-83.057462436,42.369082775
17467,9665908,GRAND,LAFAYETTE,2016-04-02,2,4,2016,1,7,5,9,,4,0,,2,4,4,35,5,2,3,4,0,0,0,1,false,,false,false,false,false,false,,,,,,false,false,true,,,false,false,false,false,false,-83.08487,42.31663,"{
  ""coordinates"": [
    -8.308486824999990e+01,
    4.231662769300000e+01
  ],
  ""type"": ""Point""
}","{
  ""coordinates"": [
    -83.08486825,
    42.316627693
  ],
  ""type"": ""Point""
}",-83.0848682499999,42.316627693
17468,9666906,S M 10,GRAND RIVER,2016-04-02,2,4,2016,22,7,1,3,,1,1,,3,5,4,35,1,1,1,5,0,0,0,0,true,,false,false,false,false,false,,,,,,false,false,false,,,false,false,false,false,false,-83.06654,42.33958,"{
  ""coordinates"": [
    -8.306654282200000e+01,
    4.233958376300010e+01
  ],
  ""type"": ""Point""
}","{
  ""coordinates"": [
    -83.066542822,
    42.339583763
  ],
  ""type"": ""Point""
}",-83.066542822,42.3395837630001
17469,9665905,MCNICHOLS,SCHAEFER,2016-04-02,2,4,2016,16,7,4,9,,2,0,,2,5,1,35,5,2,5,5,0,0,0,0,true,,false,false,false,false,false,,,,,,false,false,false,,,false,false,false,false,false,-83.18008,42.41658,"{
  ""coordinates"": [
    -8.318007371800000e+01,
    4.241658388300000e+01
  ],
  ""type"": ""Point""
}","{
  ""coordinates"": [
    -83.180073718,
    42.416583883
  ],
  ""type"": ""Point""
}",-83.180073718,42.416583883
17470,9668149,W I 96,FULLERTON,2016-04-02,2,4,2016,21,7,1,1,,1,1,,3,5,5,70,3,1,1,5,0,0,0,0,true,,false,false,false,false,false,,,,,,false,false,true,,,false,false,false,false,false,-83.18918,42.38028,"{
  ""coordinates"": [
    -8.318917996000000e+01,
    4.238027941200000e+01
  ],
  ""type"": ""Point""
}","{
  ""coordinates"": [
    -83.18917996,
    42.380279412
  ],
  ""type"": ""Point""
}",-83.18917996,42.380279412
17471,9665916,HUBBARD,TOLEDO,2016-04-02,2,4,2016,12,7,97,9,,,0,,1,2,1,25,2,2,2,5,0,0,0,0,true,,false,false,false,false,false,,,,,,false,false,true,,,false,false,false,false,false,-83.09408,42.32485,"{
  ""coordinates"": [
    -8.309407732800000e+01,
    4.232484964300010e+01
  ],
  ""type"": ""Point""
}","{
  ""coordinates"": [
    -83.094077328,
    42.324849643
  ],
  ""type"": ""Point""
}",-83.094077328,42.3248496430001
17472,9666808,I-75,SCHAEFER,2016-04-02,2,4,2016,20,7,97,1,,1,0,,3,2,4,70,4,2,2,3,0,0,1,0,false,,false,false,false,false,false,,,,,,false,false,false,,,false,false,false,false,false,-83.14948,42.28203,"{
  ""coordinates"": [
    -8.314948091299991e+01,
    4.228203245100010e+01
  ],
  ""type"": ""Point""
}","{
  ""coordinates"": [
    -83.149480913,
    42.282032451
  ],
  ""type"": ""Point""
}",-83.1494809129999,42.2820324510001
17473,9668337,GRAND RIVER,W I 94 SERVICE DRIVE,2016-04-02,2,4,2016,22,7,97,3,,1,0,,3,4,4,35,6,3,2,5,0,0,0,0,true,,false,false,true,false,false,,,,,,false,false,false,,,false,false,false,false,false,-83.09635,42.35154,"{
  ""coordinates"": [
    -8.309635436500000e+01,
    4.235154053400000e+01
  ],
  ""type"": ""Point""
}","{
  ""coordinates"": [
    -83.096354365,
    42.351540534
  ],
  ""type"": ""Point""
}",-83.096354365,42.351540534
17474,9666932,7 MILE,MOENART,2016-04-02,2,4,2016,20,7,4,9,,4,0,,2,5,4,30,2,2,2,5,0,0,0,0,true,,true,false,true,false,false,,,,,,false,false,false,,,false,false,false,false,false,-83.05022,42.43341,"{
  ""coordinates"": [
    -8.305022036500000e+01,
    4.243340927300010e+01
  ],
  ""type"": ""Point""
}","{
  ""coordinates"": [
    -83.050220365,
    42.433409273
  ],
  ""type"": ""Point""
}",-83.050220365,42.4334092730001
17475,9670037,RAMP 139F,E M 8,2016-04-02,2,4,2016,14,7,1,1,,1,1,,3,5,1,35,3,1,1,5,0,0,0,0,true,,false,false,false,false,false,,,,,,false,false,true,,,false,false,false,false,false,-83.15348,42.38461,"{
  ""coordinates"": [
    -8.315347886200000e+01,
    4.238461319000000e+01
  ],
  ""type"": ""Point""
}","{
  ""coordinates"": [
    -83.153478862,
    42.38461319
  ],
  ""type"": ""Point""
}",-83.153478862,42.38461319
17476,9670053,S M 39,7 MILE,2016-04-02,2,4,2016,10,7,5,3,,1,0,,2,1,1,55,3,2,2,5,0,0,0,0,true,,false,false,false,false,false,,,,,,false,true,false,,,false,false,false,false,false,-83.21941,42.42997,"{
  ""coordinates"": [
    -8.321940514800001e+01,
    4.242997178900000e+01
  ],
  ""type"": ""Point""
}","{
  ""coordinates"": [
    -83.219405148,
    42.429971789
  ],
  ""type"": ""Point""
}",-83.219405148,42.429971789
17477,9669154,S M 10,RAMP 215F,2016-04-02,2,4,2016,21,7,5,3,,1,0,,2,5,1,70,4,2,1,5,0,0,0,0,true,,false,false,true,false,false,,,,,,false,false,false,,,false,false,false,false,false,-83.07755,42.36052,"{
  ""coordinates"": [
    -8.307755221699990e+01,
    4.236051912200000e+01
  ],
  ""type"": ""Point""
}","{
  ""coordinates"": [
    -83.077552217,
    42.360519122
  ],
  ""type"": ""Point""
}",-83.0775522169999,42.360519122
17478,9665897,7 MILE,BUFFALO,2016-04-02,2,4,2016,7,7,97,9,,4,1,,1,1,1,35,2,1,1,5,0,0,0,0,true,,false,false,false,false,false,,,,,,false,false,false,,,false,false,false,false,false,-83.04857,42.43345,"{
  ""coordinates"": [
    -8.304856893100001e+01,
    4.243345319200010e+01
  ],
  ""type"": ""Point""
}","{
  ""coordinates"": [
    -83.048568931,
    42.433453192
  ],
  ""type"": ""Point""
}",-83.048568931,42.4334531920001
17479,9669280,ALEXANDRINE,SECOND,2016-04-02,2,4,2016,4,7,5,9,,,0,,1,4,4,25,2,2,1,5,0,0,0,0,true,,false,false,true,false,false,,,,,,false,false,false,,,false,false,false,false,false,-83.06516,42.34872,"{
  ""coordinates"": [
    -8.306515312399991e+01,
    4.234871628600010e+01
  ],
  ""type"": ""Point""
}","{
  ""coordinates"": [
    -83.065153124,
    42.348716286
  ],
  ""type"": ""Point""
}",-83.0651531239999,42.3487162860001
17480,9665949,WILSHIRE,NEWPORT,2016-04-02,2,4,2016,4,7,5,9,,,0,,1,1,4,25,2,2,0,5,0,0,0,0,true,,false,false,true,false,false,,,,,,false,false,false,,,false,false,false,false,false,-82.9728,42.41211,"{
  ""coordinates"": [
    -8.297280491600000e+01,
    4.241210972500010e+01
  ],
  ""type"": ""Point""
}","{
  ""coordinates"": [
    -82.972804916,
    42.412109725
  ],
  ""type"": ""Point""
}",-82.972804916,42.4121097250001
17481,9668388,RAMP 018B,RAMP 018A,2016-04-02,2,4,2016,22,7,5,1,,1,0,,3,4,4,35,1,2,3,5,0,0,0,0,true,,false,false,false,false,false,,,,,,false,false,false,,,false,false,false,false,false,-83.04212,42.33995,"{
  ""coordinates"": [
    -8.304212508200000e+01,
    4.233994502900000e+01
  ],
  ""type"": ""Point""
}","{
  ""coordinates"": [
    -83.042125082,
    42.339945029
  ],
  ""type"": ""Point""
}",-83.042125082,42.339945029
17482,9668356,AUDUBON,OUTER,2016-04-02,2,4,2016,22,7,5,9,,,0,,3,1,2,25,2,2,0,5,0,0,0,0,true,,false,false,false,false,false,,,,,,false,false,false,,,false,false,false,false,false,-82.94099,42.40796,"{
  ""coordinates"": [
    -8.294098392599990e+01,
    4.240796161400000e+01
  ],
  ""type"": ""Point""
}","{
  ""coordinates"": [
    -82.940983926,
    42.407961614
  ],
  ""type"": ""Point""
}",-82.9409839259999,42.407961614
17483,9665890,WARREN,NEFF,2016-04-02,2,4,2016,18,7,8,9,,4,0,,2,4,4,30,3,2,2,5,0,0,0,0,true,,false,false,false,false,false,,,,,,false,false,false,,,false,false,false,false,false,-82.92326,42.40845,"{
  ""coordinates"": [
    -8.292326152299999e+01,
    4.240844820300000e+01
  ],
  ""type"": ""Point""
}","{
  ""coordinates"": [
    -82.923261523,
    42.408448203
  ],
  ""type"": ""Point""
}",-82.923261523,42.408448203
17484,9666811,M10,DAVISON,2016-04-02,2,4,2016,22,7,1,3,,1,1,,3,2,4,55,3,1,2,5,0,0,0,0,true,,false,false,false,false,false,,,,,,false,false,true,,,false,false,false,false,false,-83.10955,42.39811,"{
  ""coordinates"": [
    -8.310955183199999e+01,
    4.239811293200010e+01
  ],
  ""type"": ""Point""
}","{
  ""coordinates"": [
    -83.109551832,
    42.398112932
  ],
  ""type"": ""Point""
}",-83.109551832,42.3981129320001
17485,9670047,I 94,I 75,2016-04-02,2,4,2016,22,7,1,1,,1,1,,3,1,4,70,3,1,1,5,0,0,0,0,true,,false,false,false,false,false,,,,,,false,false,false,,,false,false,false,false,false,-83.05385,42.37143,"{
  ""coordinates"": [
    -8.305384737700000e+01,
    4.237143275400010e+01
  ],
  ""type"": ""Point""
}","{
  ""coordinates"": [
    -83.053847377,
    42.371432754
  ],
  ""type"": ""Point""
}",-83.053847377,42.3714327540001
17486,9668323,8 MILE,JOHN LODGE,2016-04-02,2,4,2016,21,7,1,3,,1,1,,3,5,4,35,8,1,1,5,0,0,0,0,true,,false,false,false,false,false,,,,,,false,false,false,,,false,false,false,false,false,-83.19656,42.43971,"{
  ""coordinates"": [
    -8.319656109499989e+01,
    4.243970691600000e+01
  ],
  ""type"": ""Point""
}","{
  ""coordinates"": [
    -83.196561095,
    42.439706916
  ],
  ""type"": ""Point""
}",-83.1965610949999,42.439706916
17487,9666911,JOHN C LODGE,EDSEL FORD,2016-04-02,2,4,2016,22,7,5,3,,1,0,,3,5,4,55,3,6,8,5,0,0,0,0,true,,false,false,false,false,false,,,,,,false,true,true,,,false,false,false,false,false,-83.07602,42.35906,"{
  ""coordinates"": [
    -8.307602237200000e+01,
    4.235905799500010e+01
  ],
  ""type"": ""Point""
}","{
  ""coordinates"": [
    -83.076022372,
    42.359057995
  ],
  ""type"": ""Point""
}",-83.076022372,42.3590579950001
17488,9668343,S I 75,GRAND RIVER,2016-04-02,2,4,2016,22,7,1,1,,1,1,,3,5,4,0,4,1,2,5,0,0,0,0,true,,false,false,false,false,false,,,,,,false,false,false,,,false,false,false,false,false,-83.05956,42.33654,"{
  ""coordinates"": [
    -8.305955124099999e+01,
    4.233654279200000e+01
  ],
  ""type"": ""Point""
}","{
  ""coordinates"": [
    -83.059551241,
    42.336542792
  ],
  ""type"": ""Point""
}",-83.059551241,42.336542792
17489,9672310,N I 75,RAMP 047A,2016-04-02,2,4,2016,23,7,1,1,,1,1,,3,5,4,40,3,1,1,2,0,2,0,0,false,,false,false,false,false,false,,,,,,false,false,true,,,false,false,false,false,false,-83.075,42.40598,"{
  ""coordinates"": [
    -8.307499932100001e+01,
    4.240598123900000e+01
  ],
  ""type"": ""Point""
}","{
  ""coordinates"": [
    -83.074999321,
    42.405981239
  ],
  ""type"": ""Point""
}",-83.074999321,42.405981239
17490,9668339,JEFFERSON,BRUSH,2016-04-01,1,4,2016,23,6,5,4,,1,0,,1,1,4,30,6,2,4,5,0,0,0,0,true,,false,false,false,false,false,,,,,,false,false,false,,,false,false,false,false,false,-83.04095,42.33039,"{
  ""coordinates"": [
    -8.304094719600000e+01,
    4.233039505200000e+01
  ],
  ""type"": ""Point""
}","{
  ""coordinates"": [
    -83.040947196,
    42.330395052
  ],
  ""type"": ""Point""
}",-83.040947196,42.330395052
17491,9665881,8 MILE,S M 39,2016-04-01,1,4,2016,9,6,4,3,,1,0,,1,1,1,40,4,2,2,4,0,0,0,1,false,,false,false,false,false,false,,,,,,false,false,true,,,false,false,false,false,false,-83.21976,42.44417,"{
  ""coordinates"": [
    -8.321975514699990e+01,
    4.244417060100010e+01
  ],
  ""type"": ""Point""
}","{
  ""coordinates"": [
    -83.219755147,
    42.444170601
  ],
  ""type"": ""Point""
}",-83.2197551469999,42.4441706010001