ObjectId,Crash ID,Primary Road,Intersecting Road,Crash Date,Day,Month,Year,Hour,Weekday,Crash Type Code,Highway Classification Code,Community Code,Jurisdiction Code,Lane Departure Type Code,Surface Type,Road Condition,Weather Condition,Lighting Condition,Speed Limit,Lanes,Units,Occupants,Most Severe Injury,Fatal Injuries,Suspected Serious Injuries,Suspected Minor Injuries,Possible Injuries,Property Damage Only,Secondary Crash,Traffic Control,Red Light Run,Hit and Run,Alcohol,Drugs,Unbelted Person,Work Zone,Speeding Driver,Distracted Driver,Driveway,Pedestrian,Elderly Driver,Young Driver,Commercial Vehicle,Emergency Vehicles,Train,School Bus,Motorcycle,Bicycle,Deer,Longitude,Latitude,geom,geog,x,y
17492,9694064,PERRY,BROOKLYN,2016-04-01,1,4,2016,10,6,97,9,,,0,,1,1,1,0,2,2,2,5,0,0,0,0,true,,false,false,false,false,false,,,,,,false,false,false,,,false,false,false,false,false,-83.06781,42.33791,"{
  ""coordinates"": [
    -8.306781269699999e+01,
    4.233790928600010e+01
  ],
  ""type"": ""Point""
}","{
  ""coordinates"": [
    -83.067812697,
    42.337909286
  ],
  ""type"": ""Point""
}",-83.067812697,42.3379092860001
17493,9665929,JOY,N M 39 SERVICE DRIVE,2016-04-01,1,4,2016,12,6,5,9,,2,0,,1,1,1,35,4,2,1,5,0,0,0,0,true,,false,false,false,false,false,,,,,,false,false,false,,,false,false,false,false,false,-83.21616,42.35785,"{
  ""coordinates"": [
    -8.321615910799990e+01,
    4.235785222900010e+01
  ],
  ""type"": ""Point""
}","{
  ""coordinates"": [
    -83.216159108,
    42.357852229
  ],
  ""type"": ""Point""
}",-83.2161591079999,42.3578522290001
17494,9665755,W I 96,RAMP 141D,2016-04-01,1,4,2016,12,6,1,1,,1,1,,1,2,1,55,4,1,1,4,0,0,0,1,false,,false,false,false,false,false,,,,,,false,false,false,,,false,false,false,false,false,-83.14342,42.36949,"{
  ""coordinates"": [
    -8.314341549300001e+01,
    4.236948662500000e+01
  ],
  ""type"": ""Point""
}","{
  ""coordinates"": [
    -83.143415493,
    42.369486625
  ],
  ""type"": ""Point""
}",-83.143415493,42.369486625
17495,9665900,SCHAEFER,KEAL,2016-04-01,1,4,2016,7,6,4,9,,4,0,,1,1,1,30,4,2,1,5,0,0,0,0,true,,false,false,true,false,false,,,,,,false,false,false,,,false,false,false,false,false,-83.17787,42.37002,"{
  ""coordinates"": [
    -8.317787192199999e+01,
    4.237001680600010e+01
  ],
  ""type"": ""Point""
}","{
  ""coordinates"": [
    -83.177871922,
    42.370016806
  ],
  ""type"": ""Point""
}",-83.177871922,42.3700168060001
17496,9674113,M 39,PURITAN,2016-04-01,1,4,2016,23,6,5,3,,1,0,,1,1,4,55,3,2,2,5,0,0,0,0,true,,false,false,false,false,false,,,,,,false,false,true,,,false,false,false,false,false,-83.21869,42.40805,"{
  ""coordinates"": [
    -8.321868565499990e+01,
    4.240805057000010e+01
  ],
  ""type"": ""Point""
}","{
  ""coordinates"": [
    -83.218685655,
    42.40805057
  ],
  ""type"": ""Point""
}",-83.2186856549999,42.4080505700001
17497,9665759,E I 96,DAVISON CROSSOVER,2016-04-01,1,4,2016,23,6,8,1,,1,0,,1,2,4,55,4,3,3,5,0,0,0,0,true,,false,false,true,false,false,,,,,,false,true,false,,,false,false,false,false,false,-83.16084,42.38525,"{
  ""coordinates"": [
    -8.316083265700000e+01,
    4.238525443700010e+01
  ],
  ""type"": ""Point""
}","{
  ""coordinates"": [
    -83.160832657,
    42.385254437
  ],
  ""type"": ""Point""
}",-83.160832657,42.3852544370001
17498,9665956,N I 75 SERVICE DRIVE,STATE FAIR,2016-04-01,1,4,2016,17,6,5,9,,4,0,,1,1,1,25,2,2,4,4,0,0,0,2,false,,false,false,false,false,false,,,,,,false,false,true,,,false,false,false,false,false,-83.09444,42.43975,"{
  ""coordinates"": [
    -8.309443904499990e+01,
    4.243974981500000e+01
  ],
  ""type"": ""Point""
}","{
  ""coordinates"": [
    -83.094439045,
    42.439749815
  ],
  ""type"": ""Point""
}",-83.0944390449999,42.439749815
17499,9666936,PINEHURST,NORFOLK,2016-04-01,1,4,2016,21,6,4,9,,,0,,1,1,4,25,3,2,2,5,0,0,0,0,true,,true,false,false,false,false,,,,,,false,false,true,,,false,false,false,false,false,-83.1679,42.44312,"{
  ""coordinates"": [
    -8.316790369499989e+01,
    4.244312128900000e+01
  ],
  ""type"": ""Point""
}","{
  ""coordinates"": [
    -83.167903695,
    42.443121289
  ],
  ""type"": ""Point""
}",-83.1679036949999,42.443121289
17500,9665951,DAVISON,S I 75,2016-04-01,1,4,2016,17,6,8,9,,4,0,,1,1,1,55,3,2,1,5,0,0,0,0,true,,false,false,true,false,false,,,,,,false,false,false,,,false,false,false,false,false,-83.07941,42.40857,"{
  ""coordinates"": [
    -8.307940553400000e+01,
    4.240856838500010e+01
  ],
  ""type"": ""Point""
}","{
  ""coordinates"": [
    -83.079405534,
    42.408568385
  ],
  ""type"": ""Point""
}",-83.079405534,42.4085683850001
17501,9666883,BEARD,REGULAR,2016-04-01,1,4,2016,11,6,4,9,,,0,,1,2,5,0,2,2,0,5,0,0,0,0,true,,false,false,true,false,false,,,,,,false,false,false,,,false,false,false,false,false,-83.11475,42.30907,"{
  ""coordinates"": [
    -8.311475562100000e+01,
    4.230906526500010e+01
  ],
  ""type"": ""Point""
}","{
  ""coordinates"": [
    -83.114755621,
    42.309065265
  ],
  ""type"": ""Point""
}",-83.114755621,42.3090652650001
17502,9665874,MARTIN LUTHER KING JR,W I 96,2016-04-01,1,4,2016,7,6,4,9,,4,0,,1,2,1,30,5,2,1,5,0,0,0,0,true,,false,false,true,false,false,,,,,,false,false,false,,,false,false,false,false,false,-83.09058,42.33629,"{
  ""coordinates"": [
    -8.309057392800000e+01,
    4.233629019300000e+01
  ],
  ""type"": ""Point""
}","{
  ""coordinates"": [
    -83.090573928,
    42.336290193
  ],
  ""type"": ""Point""
}",-83.090573928,42.336290193
17503,9668391,INDIANA,CURTIS,2016-04-01,1,4,2016,19,6,4,9,,,0,,1,1,1,25,2,2,3,1,1,0,1,0,false,,false,false,true,false,false,,,,,,false,false,false,,,false,false,false,false,false,-83.15854,42.4242,"{
  ""coordinates"": [
    -8.315854185900000e+01,
    4.242420003000010e+01
  ],
  ""type"": ""Point""
}","{
  ""coordinates"": [
    -83.158541859,
    42.42420003
  ],
  ""type"": ""Point""
}",-83.158541859,42.4242000300001
17504,9665962,LIVERNOIS,CLARITA,2016-04-01,1,4,2016,14,6,8,9,,4,0,,1,1,1,30,4,2,2,5,0,0,0,0,true,,false,false,true,false,false,,,,,,false,false,false,,,false,false,false,false,false,-83.14148,42.42927,"{
  ""coordinates"": [
    -8.314147580600000e+01,
    4.242926663000000e+01
  ],
  ""type"": ""Point""
}","{
  ""coordinates"": [
    -83.141475806,
    42.42926663
  ],
  ""type"": ""Point""
}",-83.141475806,42.42926663
17505,9665963,WYOMING,CLARITA,2016-04-01,1,4,2016,16,6,4,9,,4,0,,1,1,1,25,1,2,2,5,0,0,0,0,true,,false,false,false,false,false,,,,,,false,true,false,,,false,false,false,false,false,-83.1609,42.42957,"{
  ""coordinates"": [
    -8.316090216899990e+01,
    4.242957033700000e+01
  ],
  ""type"": ""Point""
}","{
  ""coordinates"": [
    -83.160902169,
    42.429570337
  ],
  ""type"": ""Point""
}",-83.1609021689999,42.429570337
17506,9665756,I-94,M-10,2016-04-01,1,4,2016,14,6,8,1,,1,0,,1,1,1,55,4,2,2,5,0,0,0,0,true,,false,false,false,false,false,,,,,,false,false,false,,,false,false,false,false,false,-83.07571,42.35984,"{
  ""coordinates"": [
    -8.307571424199990e+01,
    4.235984388500000e+01
  ],
  ""type"": ""Point""
}","{
  ""coordinates"": [
    -83.075714242,
    42.359843885
  ],
  ""type"": ""Point""
}",-83.0757142419999,42.359843885
17507,9665954,CANTON,VERNOR,2016-04-01,1,4,2016,10,6,8,9,,,0,,1,1,1,25,1,2,2,5,0,0,0,0,true,,false,false,false,false,false,,,,,,false,false,false,,,false,false,false,false,false,-83.01105,42.35691,"{
  ""coordinates"": [
    -8.301105492400001e+01,
    4.235691181600000e+01
  ],
  ""type"": ""Point""
}","{
  ""coordinates"": [
    -83.011054924,
    42.356911816
  ],
  ""type"": ""Point""
}",-83.011054924,42.356911816
17508,9665946,7 MILE,HAYES,2016-04-01,1,4,2016,17,6,5,9,,2,0,,1,1,1,30,2,2,2,5,0,0,0,0,true,,false,false,true,false,false,,,,,,false,false,false,,,false,false,false,false,false,-82.96546,42.43542,"{
  ""coordinates"": [
    -8.296546255700000e+01,
    4.243542168600000e+01
  ],
  ""type"": ""Point""
}","{
  ""coordinates"": [
    -82.965462557,
    42.435421686
  ],
  ""type"": ""Point""
}",-82.965462557,42.435421686
17509,9665909,DIX,CASPER,2016-04-01,1,4,2016,3,6,1,9,,4,1,,2,1,5,25,2,1,1,5,0,0,0,0,true,,false,false,false,false,false,,,,,,false,false,false,,,false,false,false,false,false,-83.1292,42.31733,"{
  ""coordinates"": [
    -8.312920074399990e+01,
    4.231732638700000e+01
  ],
  ""type"": ""Point""
}","{
  ""coordinates"": [
    -83.129200744,
    42.317326387
  ],
  ""type"": ""Point""
}",-83.1292007439999,42.317326387
17510,9665959,OUTER,PINEHURST,2016-04-01,1,4,2016,9,6,5,9,,2,0,,1,2,1,35,4,2,2,4,0,0,0,1,false,,false,false,true,false,false,,,,,,false,false,false,,,false,false,false,false,false,-83.16733,42.43486,"{
  ""coordinates"": [
    -8.316733094200001e+01,
    4.243486258200010e+01
  ],
  ""type"": ""Point""
}","{
  ""coordinates"": [
    -83.167330942,
    42.434862582
  ],
  ""type"": ""Point""
}",-83.167330942,42.4348625820001
17511,9670123,MCNICHOLS,VAUGHAN,2016-04-01,1,4,2016,22,6,97,9,,2,0,,1,1,4,25,2,2,1,5,0,0,0,0,true,,false,false,true,false,false,,,,,,false,false,false,,,false,false,false,false,false,-83.23917,42.41499,"{
  ""coordinates"": [
    -8.323917247100000e+01,
    4.241499277000000e+01
  ],
  ""type"": ""Point""
}","{
  ""coordinates"": [
    -83.239172471,
    42.41499277
  ],
  ""type"": ""Point""
}",-83.239172471,42.41499277
17512,9666938,DAVISON,LINWOOD,2016-04-01,1,4,2016,14,6,5,3,,1,0,,1,1,1,35,3,2,3,5,0,0,0,0,true,,false,false,true,false,false,,,,,,false,false,true,,,false,false,false,false,false,-83.12199,42.39303,"{
  ""coordinates"": [
    -8.312198699299999e+01,
    4.239303000100010e+01
  ],
  ""type"": ""Point""
}","{
  ""coordinates"": [
    -83.121986993,
    42.393030001
  ],
  ""type"": ""Point""
}",-83.121986993,42.3930300010001
17513,9666903,MILWAUKEE,2ND,2016-04-01,1,4,2016,10,6,8,9,,4,3,,1,1,1,35,5,2,0,5,0,0,0,0,true,,false,false,true,false,false,,,,,,false,false,false,,,false,false,false,false,false,-83.07605,42.3678,"{
  ""coordinates"": [
    -8.307604655100000e+01,
    4.236780234200010e+01
  ],
  ""type"": ""Point""
}","{
  ""coordinates"": [
    -83.076046551,
    42.367802342
  ],
  ""type"": ""Point""
}",-83.076046551,42.3678023420001
17514,9665907,JOHN C LODGE SERVICE,FOREST,2016-04-01,1,4,2016,12,6,5,3,,4,0,,1,2,1,35,3,2,2,5,0,0,0,0,true,,false,false,false,false,false,,,,,,false,false,false,,,false,false,false,false,false,-83.07143,42.35124,"{
  ""coordinates"": [
    -8.307143322699990e+01,
    4.235123841900000e+01
  ],
  ""type"": ""Point""
}","{
  ""coordinates"": [
    -83.071433227,
    42.351238419
  ],
  ""type"": ""Point""
}",-83.0714332269999,42.351238419
17515,9665889,FENKELL,FAIRFIELD,2016-04-01,1,4,2016,19,6,5,9,,4,0,,1,2,3,30,2,2,2,5,0,0,0,0,true,,false,false,false,false,false,,,,,,false,false,false,,,false,false,false,false,false,-83.13435,42.4028,"{
  ""coordinates"": [
    -8.313434885600000e+01,
    4.240279808500000e+01
  ],
  ""type"": ""Point""
}","{
  ""coordinates"": [
    -83.134348856,
    42.402798085
  ],
  ""type"": ""Point""
}",-83.134348856,42.402798085
17516,9691715,RAMP 137A,E I 96 SERVICE DRIVE,2016-04-01,1,4,2016,16,6,8,1,,1,0,,1,1,1,30,2,2,1,5,0,0,0,0,true,,false,false,true,false,false,,,,,,false,true,false,,,false,false,false,false,false,-83.17835,42.38268,"{
  ""coordinates"": [
    -8.317835528499999e+01,
    4.238267530900000e+01
  ],
  ""type"": ""Point""
}","{
  ""coordinates"": [
    -83.178355285,
    42.382675309
  ],
  ""type"": ""Point""
}",-83.178355285,42.382675309
17517,9665864,FENELON,HAROLD,2016-04-01,1,4,2016,14,6,4,9,,,0,,1,1,1,25,2,2,2,4,0,0,0,1,false,,true,false,false,false,false,,,,,,false,false,false,,,false,false,false,false,false,-83.05045,42.40521,"{
  ""coordinates"": [
    -8.305044352100001e+01,
    4.240520802200010e+01
  ],
  ""type"": ""Point""
}","{
  ""coordinates"": [
    -83.050443521,
    42.405208022
  ],
  ""type"": ""Point""
}",-83.050443521,42.4052080220001
17518,9665773,N I 75,RAMP 038C,2016-04-01,1,4,2016,18,6,5,1,,1,0,,1,1,1,55,3,2,2,5,0,0,0,0,true,,false,false,false,false,false,,,,,,false,false,false,,,false,false,false,false,false,-83.0717,42.33365,"{
  ""coordinates"": [
    -8.307170036600000e+01,
    4.233365290000010e+01
  ],
  ""type"": ""Point""
}","{
  ""coordinates"": [
    -83.071700366,
    42.3336529
  ],
  ""type"": ""Point""
}",-83.071700366,42.3336529000001
17519,9664775,PROCTOR,EDSEL FORD SERVICE,2016-04-01,1,4,2016,2,6,1,9,,,0,,1,1,4,25,2,1,1,5,0,0,0,0,true,,false,false,false,false,false,,,,,,false,false,false,,,false,false,false,false,false,-83.13707,42.33321,"{
  ""coordinates"": [
    -8.313706592800000e+01,
    4.233320540100000e+01
  ],
  ""type"": ""Point""
}","{
  ""coordinates"": [
    -83.137065928,
    42.333205401
  ],
  ""type"": ""Point""
}",-83.137065928,42.333205401
17520,9665914,VERNOR,CAMPBELL,2016-04-01,1,4,2016,10,6,4,9,,4,0,,1,2,1,25,2,2,3,5,0,0,0,0,true,,false,false,false,false,false,,,,,,false,true,false,,,false,false,false,false,false,-83.10384,42.31699,"{
  ""coordinates"": [
    -8.310384565000000e+01,
    4.231698659700000e+01
  ],
  ""type"": ""Point""
}","{
  ""coordinates"": [
    -83.10384565,
    42.316986597
  ],
  ""type"": ""Point""
}",-83.10384565,42.316986597
17521,9665955,VAN DYKE,ROLYAT1,2016-04-01,1,4,2016,10,6,5,3,,1,0,,1,2,1,35,3,2,1,4,0,0,0,1,false,,false,false,false,false,false,,,,,,false,false,false,,,false,false,false,false,false,-83.02443,42.4395,"{
  ""coordinates"": [
    -8.302442834100000e+01,
    4.243949608900000e+01
  ],
  ""type"": ""Point""
}","{
  ""coordinates"": [
    -83.024428341,
    42.439496089
  ],
  ""type"": ""Point""
}",-83.024428341,42.439496089
17522,9665944,PROMENADE,CONNER,2016-04-01,1,4,2016,13,6,1,9,,,1,,1,1,1,25,1,1,1,5,0,0,0,0,true,,false,false,false,false,false,,,,,,false,false,true,,,false,false,false,false,false,-82.9966,42.40499,"{
  ""coordinates"": [
    -8.299660873399991e+01,
    4.240498793800000e+01
  ],
  ""type"": ""Point""
}","{
  ""coordinates"": [
    -82.996608734,
    42.404987938
  ],
  ""type"": ""Point""
}",-82.9966087339999,42.404987938
17523,9665793,RAMP 216A,RAMP 216C,2016-04-01,1,4,2016,2,6,1,1,,1,1,,1,1,4,55,1,1,0,5,0,0,0,0,true,,false,false,true,false,false,,,,,,false,false,false,,,false,false,false,false,false,-83.05877,42.36586,"{
  ""coordinates"": [
    -8.305876953300000e+01,
    4.236585713700000e+01
  ],
  ""type"": ""Point""
}","{
  ""coordinates"": [
    -83.058769533,
    42.365857137
  ],
  ""type"": ""Point""
}",-83.058769533,42.365857137
17524,9665868,JEFFERSON,RANDOLPH,2016-04-01,1,4,2016,8,6,6,4,,1,0,,1,1,1,35,4,2,2,5,0,0,0,0,true,,false,false,false,false,false,,,,,,false,true,false,,,false,false,false,false,false,-83.04184,42.32965,"{
  ""coordinates"": [
    -8.304183715399989e+01,
    4.232965395700010e+01
  ],
  ""type"": ""Point""
}","{
  ""coordinates"": [
    -83.041837154,
    42.329653957
  ],
  ""type"": ""Point""
}",-83.0418371539999,42.3296539570001
17525,9665919,BUCKINGHAM,WARREN,2016-04-01,1,4,2016,13,6,4,9,,,0,,1,2,1,30,7,3,6,3,0,0,1,1,false,,false,false,true,false,false,,,,,,false,false,true,,,false,false,false,false,false,-82.94381,42.40094,"{
  ""coordinates"": [
    -8.294381244600000e+01,
    4.240094020800010e+01
  ],
  ""type"": ""Point""
}","{
  ""coordinates"": [
    -82.943812446,
    42.400940208
  ],
  ""type"": ""Point""
}",-82.943812446,42.4009402080001
17526,9665936,GRAND RIVER,SOUTHFIELD SERVICE,2016-04-01,1,4,2016,19,6,8,3,,1,0,,1,1,1,35,4,2,2,5,0,0,0,0,true,,false,false,false,false,false,,,,,,false,false,false,,,false,false,false,false,false,-83.21857,42.40081,"{
  ""coordinates"": [
    -8.321857021900000e+01,
    4.240081421400000e+01
  ],
  ""type"": ""Point""
}","{
  ""coordinates"": [
    -83.218570219,
    42.400814214
  ],
  ""type"": ""Point""
}",-83.218570219,42.400814214
17527,9665953,BUFFALO,RUPERT,2016-04-01,1,4,2016,3,6,8,9,,4,0,,1,1,4,25,2,2,1,4,0,0,0,1,false,,false,false,true,false,false,,,,,,false,false,false,,,false,false,false,false,false,-83.04757,42.41335,"{
  ""coordinates"": [
    -8.304756587299990e+01,
    4.241335317500010e+01
  ],
  ""type"": ""Point""
}","{
  ""coordinates"": [
    -83.047565873,
    42.413353175
  ],
  ""type"": ""Point""
}",-83.0475658729999,42.4133531750001
17528,9665926,GRAND RIVER,WARWICK,2016-04-01,1,4,2016,9,6,5,3,,1,0,,1,1,1,35,2,2,3,5,0,0,0,0,true,,false,false,false,false,false,,,,,,false,false,true,,,false,false,false,false,false,-83.22878,42.40492,"{
  ""coordinates"": [
    -8.322877928600001e+01,
    4.240491991300010e+01
  ],
  ""type"": ""Point""
}","{
  ""coordinates"": [
    -83.228779286,
    42.404919913
  ],
  ""type"": ""Point""
}",-83.228779286,42.4049199130001
17529,9665875,GREENFIELD,TIREMAN,2016-04-01,1,4,2016,17,6,4,9,,2,0,,1,1,1,35,4,2,4,5,0,0,0,0,true,,false,false,false,false,false,,,,,,false,false,false,,,false,false,false,false,false,-83.1966,42.35089,"{
  ""coordinates"": [
    -8.319660048299990e+01,
    4.235088857300010e+01
  ],
  ""type"": ""Point""
}","{
  ""coordinates"": [
    -83.196600483,
    42.350888573
  ],
  ""type"": ""Point""
}",-83.1966004829999,42.3508885730001
17530,9824782,CLEMENTS,LA SALLE,2016-04-01,1,4,2016,15,6,4,9,,,0,,1,1,1,25,2,2,2,5,0,0,0,0,true,,false,false,true,false,false,,,,,,false,false,true,,,false,false,false,false,false,-83.11964,42.39492,"{
  ""coordinates"": [
    -8.311964269800001e+01,
    4.239492602000010e+01
  ],
  ""type"": ""Point""
}","{
  ""coordinates"": [
    -83.119642698,
    42.39492602
  ],
  ""type"": ""Point""
}",-83.119642698,42.3949260200001
17531,9665924,EVERGREEN,WHITLOCK,2016-04-01,1,4,2016,16,6,4,9,,4,0,,1,1,1,35,2,2,2,5,0,0,0,0,true,,false,false,false,false,false,,,,,,false,false,true,,,false,false,false,false,false,-83.23524,42.33949,"{
  ""coordinates"": [
    -8.323524057200000e+01,
    4.233948818400010e+01
  ],
  ""type"": ""Point""
}","{
  ""coordinates"": [
    -83.235240572,
    42.339488184
  ],
  ""type"": ""Point""
}",-83.235240572,42.3394881840001
17532,9665899,MCNICHOLS,PINEHURST,2016-04-01,1,4,2016,23,6,1,9,,2,1,,1,1,4,30,4,1,0,5,0,0,0,0,true,,false,false,false,false,false,,,,,,false,false,false,,,false,false,false,false,false,-83.16676,42.41675,"{
  ""coordinates"": [
    -8.316675777599990e+01,
    4.241674774300000e+01
  ],
  ""type"": ""Point""
}","{
  ""coordinates"": [
    -83.166757776,
    42.416747743
  ],
  ""type"": ""Point""
}",-83.1667577759999,42.416747743
17533,9665882,PARK GROVE,BELAND,2016-04-01,1,4,2016,14,6,4,9,,,0,,1,1,1,25,2,2,2,4,0,0,0,2,false,,true,false,false,false,false,,,,,,false,false,true,,,false,false,false,false,false,-83.00932,42.4289,"{
  ""coordinates"": [
    -8.300932359799999e+01,
    4.242889782800010e+01
  ],
  ""type"": ""Point""
}","{
  ""coordinates"": [
    -83.009323598,
    42.428897828
  ],
  ""type"": ""Point""
}",-83.009323598,42.4288978280001
17534,9666909,CLIFFORD,BAGLEY,2016-04-01,1,4,2016,12,6,4,9,,4,0,,1,1,1,35,3,2,2,5,0,0,0,0,true,,false,false,false,false,false,,,,,,false,false,false,,,false,false,false,false,false,-83.05264,42.33495,"{
  ""coordinates"": [
    -8.305263517600000e+01,
    4.233494898900010e+01
  ],
  ""type"": ""Point""
}","{
  ""coordinates"": [
    -83.052635176,
    42.334948989
  ],
  ""type"": ""Point""
}",-83.052635176,42.3349489890001
17535,9668381,CHALFONTE,TURNER,2016-04-01,1,4,2016,0,6,8,9,,,0,,97,98,98,0,1,2,1,5,0,0,0,0,true,,false,false,true,false,false,,,,,,false,true,false,,,false,false,false,false,false,-83.14765,42.40033,"{
  ""coordinates"": [
    -8.314764956900000e+01,
    4.240032845500010e+01
  ],
  ""type"": ""Point""
}","{
  ""coordinates"": [
    -83.147649569,
    42.400328455
  ],
  ""type"": ""Point""
}",-83.147649569,42.4003284550001
17536,9665870,GRAND RIVER,TIMES,2016-04-01,1,4,2016,7,6,5,9,,4,0,,1,1,1,35,4,2,3,5,0,0,0,0,true,,true,false,true,false,false,,,,,,false,false,true,,,false,false,false,false,false,-83.05225,42.33366,"{
  ""coordinates"": [
    -8.305225097399990e+01,
    4.233365508000000e+01
  ],
  ""type"": ""Point""
}","{
  ""coordinates"": [
    -83.052250974,
    42.33365508
  ],
  ""type"": ""Point""
}",-83.0522509739999,42.33365508
17537,9670140,7 MILE,ST MARY'S,2016-04-01,1,4,2016,18,6,4,9,,2,0,,1,1,1,45,5,2,2,5,0,0,0,0,true,,false,false,false,false,false,,,,,,false,false,false,,,false,false,false,false,false,-83.20735,42.43031,"{
  ""coordinates"": [
    -8.320735538900000e+01,
    4.243031071100010e+01
  ],
  ""type"": ""Point""
}","{
  ""coordinates"": [
    -83.207355389,
    42.430310711
  ],
  ""type"": ""Point""
}",-83.207355389,42.4303107110001
17538,9700751,CHALMERS,CHALMERS/HAYES,2016-04-01,1,4,2016,9,6,8,1,,4,0,,1,1,1,30,4,2,1,5,0,0,0,0,true,,false,false,true,false,false,,,,,,false,false,false,,,false,false,false,false,false,-82.96445,42.40408,"{
  ""coordinates"": [
    -8.296444774299989e+01,
    4.240407541600010e+01
  ],
  ""type"": ""Point""
}","{
  ""coordinates"": [
    -82.964447743,
    42.404075416
  ],
  ""type"": ""Point""
}",-82.9644477429999,42.4040754160001
17539,9666884,PEARL,PITT,2016-04-01,1,4,2016,19,6,8,9,,,0,,97,98,98,0,2,2,0,5,0,0,0,0,true,,false,false,true,false,false,,,,,,false,false,false,,,false,false,false,false,false,-83.13151,42.31211,"{
  ""coordinates"": [
    -8.313150856599999e+01,
    4.231210918200000e+01
  ],
  ""type"": ""Point""
}","{
  ""coordinates"": [
    -83.131508566,
    42.312109182
  ],
  ""type"": ""Point""
}",-83.131508566,42.312109182
17540,9665757,I-75,JOHN R,2016-04-01,1,4,2016,18,6,5,1,,1,0,,1,1,1,55,4,2,2,5,0,0,0,0,true,,false,false,false,false,false,,,,,,false,true,false,,,false,false,false,false,false,-83.05096,42.34062,"{
  ""coordinates"": [
    -8.305095520400000e+01,
    4.234061925800010e+01
  ],
  ""type"": ""Point""
}","{
  ""coordinates"": [
    -83.050955204,
    42.340619258
  ],
  ""type"": ""Point""
}",-83.050955204,42.3406192580001
17541,9665958,7 MILE,MEYERS,2016-04-01,1,4,2016,17,6,5,9,,2,0,,1,1,1,35,2,2,1,5,0,0,0,0,true,,false,false,true,false,false,,,,,,false,false,false,,,false,false,false,false,false,-83.17069,42.43125,"{
  ""coordinates"": [
    -8.317068907100000e+01,
    4.243124718100010e+01
  ],
  ""type"": ""Point""
}","{
  ""coordinates"": [
    -83.170689071,
    42.431247181
  ],
  ""type"": ""Point""
}",-83.170689071,42.4312471810001
17542,9665758,I-94,BEAUBIEN,2016-04-01,1,4,2016,20,6,5,1,,1,0,,1,1,4,55,3,2,2,5,0,0,0,0,true,,false,false,false,false,false,,,,,,false,false,false,,,false,false,false,false,false,-83.064,42.36597,"{
  ""coordinates"": [
    -8.306400001700000e+01,
    4.236597574200000e+01
  ],
  ""type"": ""Point""
}","{
  ""coordinates"": [
    -83.064000017,
    42.365975742
  ],
  ""type"": ""Point""
}",-83.064000017,42.365975742
17543,9665887,DAVISON,DEXTER,2016-04-01,1,4,2016,14,6,97,3,,1,0,,1,1,1,25,4,3,2,5,0,0,0,0,true,,false,false,true,false,false,,,,,,false,false,true,,,false,false,false,false,false,-83.13083,42.38976,"{
  ""coordinates"": [
    -8.313082897500000e+01,
    4.238975454700010e+01
  ],
  ""type"": ""Point""
}","{
  ""coordinates"": [
    -83.130828975,
    42.389754547
  ],
  ""type"": ""Point""
}",-83.130828975,42.3897545470001
17544,9665795,M-39,PEMBROKE,2016-04-01,1,4,2016,14,6,5,3,,1,0,,1,1,1,55,3,2,3,5,0,0,0,0,true,,false,false,false,false,false,,,,,,false,false,false,,,false,false,false,false,false,-83.2196,42.43868,"{
  ""coordinates"": [
    -8.321959882199999e+01,
    4.243868429400000e+01
  ],
  ""type"": ""Point""
}","{
  ""coordinates"": [
    -83.219598822,
    42.438684294
  ],
  ""type"": ""Point""
}",-83.219598822,42.438684294
17545,9665794,N M 39,PEMBROKE,2016-04-01,1,4,2016,16,6,5,3,,1,0,,1,1,1,55,3,2,2,5,0,0,0,0,true,,false,false,false,false,false,,,,,,false,false,true,,,false,false,false,false,false,-83.21953,42.43721,"{
  ""coordinates"": [
    -8.321953014499999e+01,
    4.243720580800000e+01
  ],
  ""type"": ""Point""
}","{
  ""coordinates"": [
    -83.219530145,
    42.437205808
  ],
  ""type"": ""Point""
}",-83.219530145,42.437205808
17546,9665863,FORT,SCOTTEN,2016-04-01,1,4,2016,9,6,7,3,,1,0,,1,2,1,35,4,2,2,5,0,0,0,0,true,,false,false,false,false,false,,,,,,false,false,false,,,false,false,false,false,false,-83.08801,42.31323,"{
  ""coordinates"": [
    -8.308801515399990e+01,
    4.231323166700000e+01
  ],
  ""type"": ""Point""
}","{
  ""coordinates"": [
    -83.088015154,
    42.313231667
  ],
  ""type"": ""Point""
}",-83.0880151539999,42.313231667
17547,9664753,N/B M-39,WARREN,2016-04-01,1,4,2016,0,6,8,3,,1,0,,1,1,4,55,3,2,3,4,0,0,0,2,false,,false,false,false,false,false,,,,,,false,false,true,,,false,false,false,false,false,-83.216,42.33976,"{
  ""coordinates"": [
    -8.321600130800000e+01,
    4.233975566800010e+01
  ],
  ""type"": ""Point""
}","{
  ""coordinates"": [
    -83.216001308,
    42.339755668
  ],
  ""type"": ""Point""
}",-83.216001308,42.3397556680001
17548,9666879,CLAIRMOUNT,M 10 SERVICE,2016-04-01,1,4,2016,14,6,4,9,,4,0,,1,1,1,35,4,2,3,5,0,0,0,0,true,,false,false,false,false,false,,,,,,false,false,false,,,false,false,false,false,false,-83.08973,42.37991,"{
  ""coordinates"": [
    -8.308972712000001e+01,
    4.237990752300000e+01
  ],
  ""type"": ""Point""
}","{
  ""coordinates"": [
    -83.08972712,
    42.379907523
  ],
  ""type"": ""Point""
}",-83.08972712,42.379907523