ObjectId,Crash ID,Primary Road,Intersecting Road,Crash Date,Day,Month,Year,Hour,Weekday,Crash Type Code,Highway Classification Code,Community Code,Jurisdiction Code,Lane Departure Type Code,Surface Type,Road Condition,Weather Condition,Lighting Condition,Speed Limit,Lanes,Units,Occupants,Most Severe Injury,Fatal Injuries,Suspected Serious Injuries,Suspected Minor Injuries,Possible Injuries,Property Damage Only,Secondary Crash,Traffic Control,Red Light Run,Hit and Run,Alcohol,Drugs,Unbelted Person,Work Zone,Speeding Driver,Distracted Driver,Driveway,Pedestrian,Elderly Driver,Young Driver,Commercial Vehicle,Emergency Vehicles,Train,School Bus,Motorcycle,Bicycle,Deer,Longitude,Latitude,geom,geog,x,y
17890,9661498,LENOX,WARREN,2016-03-26,26,3,2016,8,7,4,9,,,0,,1,1,1,25,5,2,2,5,0,0,0,0,true,,true,false,false,false,false,,,,,,false,false,false,,,false,false,false,false,false,-82.966,42.39287,"{
  ""coordinates"": [
    -8.296599964099990e+01,
    4.239287142000010e+01
  ],
  ""type"": ""Point""
}","{
  ""coordinates"": [
    -82.965999641,
    42.39287142
  ],
  ""type"": ""Point""
}",-82.9659996409999,42.3928714200001
17891,9661246,W I 94,MOROSS,2016-03-26,26,3,2016,19,7,4,1,,1,0,,1,1,1,35,3,2,4,5,0,0,0,0,true,,false,false,false,false,false,,,,,,false,false,false,,,false,false,false,false,false,-82.92889,42.42446,"{
  ""coordinates"": [
    -8.292889458699990e+01,
    4.242445785200000e+01
  ],
  ""type"": ""Point""
}","{
  ""coordinates"": [
    -82.928894587,
    42.424457852
  ],
  ""type"": ""Point""
}",-82.9288945869999,42.424457852
17892,9661433,DAVISON,I-75,2016-03-26,26,3,2016,14,7,8,3,,1,0,,1,1,1,55,4,2,2,5,0,0,0,0,true,,false,false,true,false,false,,,,,,false,false,false,,,false,false,true,false,false,-83.07372,42.41032,"{
  ""coordinates"": [
    -8.307372502000000e+01,
    4.241031500100010e+01
  ],
  ""type"": ""Point""
}","{
  ""coordinates"": [
    -83.07372502,
    42.410315001
  ],
  ""type"": ""Point""
}",-83.07372502,42.4103150010001
17893,9661471,MACK,ROHNS,2016-03-26,26,3,2016,22,7,8,9,,4,0,,1,1,4,30,2,2,3,4,0,0,0,3,false,,false,false,false,false,false,,,,,,false,false,false,,,false,false,false,false,false,-82.99737,42.37053,"{
  ""coordinates"": [
    -8.299736621999990e+01,
    4.237052649700010e+01
  ],
  ""type"": ""Point""
}","{
  ""coordinates"": [
    -82.99736622,
    42.370526497
  ],
  ""type"": ""Point""
}",-82.9973662199999,42.3705264970001
17894,9661469,CONSTANCE,HEYDEN,2016-03-26,26,3,2016,18,7,9,9,,,2,,1,1,3,25,2,2,1,5,0,0,0,0,true,,false,false,true,false,false,,,,,,false,false,false,,,false,false,false,false,false,-83.23808,42.35391,"{
  ""coordinates"": [
    -8.323808480900000e+01,
    4.235390751900010e+01
  ],
  ""type"": ""Point""
}","{
  ""coordinates"": [
    -83.238084809,
    42.353907519
  ],
  ""type"": ""Point""
}",-83.238084809,42.3539075190001
17895,9661449,SCHOOLCRAFT,GRANDVILLE,2016-03-26,26,3,2016,3,7,9,9,,2,0,,1,1,4,0,1,2,2,5,0,0,0,0,true,,false,false,true,false,false,,,,,,false,false,false,,,false,false,false,false,false,-83.23085,42.38638,"{
  ""coordinates"": [
    -8.323085076599990e+01,
    4.238638355400010e+01
  ],
  ""type"": ""Point""
}","{
  ""coordinates"": [
    -83.230850766,
    42.386383554
  ],
  ""type"": ""Point""
}",-83.2308507659999,42.3863835540001
17896,9660363,7 MILE,CLIFF,2016-03-25,25,3,2016,14,6,4,9,,4,0,,1,1,1,35,2,2,2,5,0,0,0,0,true,,false,false,false,false,false,,,,,,false,false,true,,,false,false,false,false,false,-83.02849,42.43388,"{
  ""coordinates"": [
    -8.302848498899991e+01,
    4.243388061100010e+01
  ],
  ""type"": ""Point""
}","{
  ""coordinates"": [
    -83.028484989,
    42.433880611
  ],
  ""type"": ""Point""
}",-83.0284849889999,42.4338806110001
17897,9661204,W/B I-94,M-10,2016-03-25,25,3,2016,14,6,5,1,,1,0,,1,1,1,55,3,3,2,5,0,0,0,0,true,,false,false,true,false,false,,,,,,false,false,false,,,false,false,false,false,false,-83.07295,42.36146,"{
  ""coordinates"": [
    -8.307294905700000e+01,
    4.236146283100000e+01
  ],
  ""type"": ""Point""
}","{
  ""coordinates"": [
    -83.072949057,
    42.361462831
  ],
  ""type"": ""Point""
}",-83.072949057,42.361462831
17898,9660360,NOTTINGHAM,COURVILLE,2016-03-25,25,3,2016,17,6,4,9,,,0,,1,1,1,25,2,2,1,5,0,0,0,0,true,,true,false,true,false,false,,,,,,false,false,true,,,false,false,false,false,false,-82.95155,42.41429,"{
  ""coordinates"": [
    -8.295154708900000e+01,
    4.241429123000010e+01
  ],
  ""type"": ""Point""
}","{
  ""coordinates"": [
    -82.951547089,
    42.41429123
  ],
  ""type"": ""Point""
}",-82.951547089,42.4142912300001
17899,9660337,MILWAUKEE,JOHN R,2016-03-25,25,3,2016,18,6,97,9,,4,0,,1,1,1,15,1,2,2,4,0,0,0,1,false,,false,false,false,false,false,,,,,,false,false,true,,,false,false,false,false,false,-83.072,42.36933,"{
  ""coordinates"": [
    -8.307200226499999e+01,
    4.236932590600000e+01
  ],
  ""type"": ""Point""
}","{
  ""coordinates"": [
    -83.072002265,
    42.369325906
  ],
  ""type"": ""Point""
}",-83.072002265,42.369325906
17900,9663968,N M 39,I 96 SERVICE DRIVE,2016-03-25,25,3,2016,12,6,5,3,,1,0,,1,1,1,55,3,3,3,4,0,0,0,1,false,,false,false,false,false,false,,,,,,false,false,false,,,false,false,false,false,false,-83.21684,42.37767,"{
  ""coordinates"": [
    -8.321683265000000e+01,
    4.237766536600000e+01
  ],
  ""type"": ""Point""
}","{
  ""coordinates"": [
    -83.21683265,
    42.377665366
  ],
  ""type"": ""Point""
}",-83.21683265,42.377665366
17901,9661244,M-39,FITZPATRICK,2016-03-25,25,3,2016,12,6,5,3,,1,0,,1,1,1,55,3,2,2,5,0,0,0,0,true,,false,false,false,false,false,,,,,,false,true,true,,,false,false,false,false,false,-83.21636,42.3639,"{
  ""coordinates"": [
    -8.321635834999999e+01,
    4.236390406400010e+01
  ],
  ""type"": ""Point""
}","{
  ""coordinates"": [
    -83.21635835,
    42.363904064
  ],
  ""type"": ""Point""
}",-83.21635835,42.3639040640001
17902,9661447,GRATIOT,HOUSTON WHITTIER,2016-03-25,25,3,2016,18,6,3,3,,1,0,,1,1,1,35,7,2,1,5,0,0,0,0,true,,false,false,true,false,false,,,,,,false,false,false,,,false,false,false,false,false,-82.98737,42.42037,"{
  ""coordinates"": [
    -8.298737177800000e+01,
    4.242036904100010e+01
  ],
  ""type"": ""Point""
}","{
  ""coordinates"": [
    -82.987371778,
    42.420369041
  ],
  ""type"": ""Point""
}",-82.987371778,42.4203690410001
17903,9661499,OUTER,MCNICHOLS,2016-03-25,25,3,2016,18,6,4,9,,2,0,,1,1,1,35,2,2,3,5,0,0,0,0,true,,true,false,false,false,false,,,,,,false,false,false,,,false,false,false,false,false,-83.0137,42.41969,"{
  ""coordinates"": [
    -8.301370327099990e+01,
    4.241969395200000e+01
  ],
  ""type"": ""Point""
}","{
  ""coordinates"": [
    -83.013703271,
    42.419693952
  ],
  ""type"": ""Point""
}",-83.0137032709999,42.419693952
17904,9663086,LODGE,DAVISON,2016-03-25,25,3,2016,21,6,1,3,,1,0,,1,1,5,70,3,1,1,5,0,0,0,0,true,,false,false,false,false,false,,,,,,false,true,false,,,false,false,false,false,false,-83.10509,42.39198,"{
  ""coordinates"": [
    -8.310508542199990e+01,
    4.239197500300000e+01
  ],
  ""type"": ""Point""
}","{
  ""coordinates"": [
    -83.105085422,
    42.391975003
  ],
  ""type"": ""Point""
}",-83.1050854219999,42.391975003
17905,9660339,SB SOUTHFIELD,GRANDRIVERRD,2016-03-25,25,3,2016,15,6,5,3,,1,0,,1,1,1,25,3,2,2,5,0,0,0,0,true,,false,false,false,false,false,,,,,,false,true,false,,,false,false,false,false,false,-83.21817,42.39609,"{
  ""coordinates"": [
    -8.321817281400000e+01,
    4.239609264000010e+01
  ],
  ""type"": ""Point""
}","{
  ""coordinates"": [
    -83.218172814,
    42.39609264
  ],
  ""type"": ""Point""
}",-83.218172814,42.3960926400001
17906,9662505,7 MILE,STOEPEL,2016-03-25,25,3,2016,12,6,8,9,,2,0,,1,2,1,30,4,2,2,5,0,0,0,0,true,,false,false,true,false,false,,,,,,false,false,false,,,false,false,false,false,false,-83.14272,42.43158,"{
  ""coordinates"": [
    -8.314272456600000e+01,
    4.243157915000010e+01
  ],
  ""type"": ""Point""
}","{
  ""coordinates"": [
    -83.142724566,
    42.43157915
  ],
  ""type"": ""Point""
}",-83.142724566,42.4315791500001
17907,9663200,GRANDRIVER,BAGLEY,2016-03-25,25,3,2016,7,6,4,9,,4,0,,1,1,1,35,4,2,1,5,0,0,0,0,true,,true,false,true,false,false,,,,,,false,false,false,,,false,false,false,false,false,-83.0533,42.33408,"{
  ""coordinates"": [
    -8.305329559400001e+01,
    4.233408378200010e+01
  ],
  ""type"": ""Point""
}","{
  ""coordinates"": [
    -83.053295594,
    42.334083782
  ],
  ""type"": ""Point""
}",-83.053295594,42.3340837820001
17908,9660349,WARREN,MARSEILLES,2016-03-25,25,3,2016,12,6,5,9,,4,0,,1,2,1,30,2,2,3,4,0,0,0,1,false,,false,false,false,false,false,,,,,,false,false,false,,,false,false,false,false,false,-82.92062,42.40943,"{
  ""coordinates"": [
    -8.292062305499999e+01,
    4.240942904000010e+01
  ],
  ""type"": ""Point""
}","{
  ""coordinates"": [
    -82.920623055,
    42.40942904
  ],
  ""type"": ""Point""
}",-82.920623055,42.4094290400001
17909,9669142,I-94,M-10,2016-03-25,25,3,2016,10,6,8,1,,1,0,,2,5,1,70,3,2,2,5,0,0,0,0,true,,false,false,true,false,false,,,,,,false,false,false,,,false,false,false,false,false,-83.08447,42.35485,"{
  ""coordinates"": [
    -8.308446376400001e+01,
    4.235485499200010e+01
  ],
  ""type"": ""Point""
}","{
  ""coordinates"": [
    -83.084463764,
    42.354854992
  ],
  ""type"": ""Point""
}",-83.084463764,42.3548549920001
17910,9662507,MCNICHOLS,MONTE,2016-03-25,25,3,2016,14,6,4,9,,2,0,,1,1,1,35,4,2,2,5,0,0,0,0,true,,false,false,false,false,false,,,,,,false,false,true,,,false,false,false,false,false,-83.16801,42.41671,"{
  ""coordinates"": [
    -8.316801612700000e+01,
    4.241671161300010e+01
  ],
  ""type"": ""Point""
}","{
  ""coordinates"": [
    -83.168016127,
    42.416711613
  ],
  ""type"": ""Point""
}",-83.168016127,42.4167116130001
17911,9660335,CADIEUX,I 94 SERVICE,2016-03-25,25,3,2016,19,6,5,1,,4,0,,1,1,4,35,4,2,2,5,0,0,0,0,true,,false,false,false,false,false,,,,,,false,false,true,,,false,false,false,false,false,-82.9374,42.41764,"{
  ""coordinates"": [
    -8.293740114699990e+01,
    4.241763605100000e+01
  ],
  ""type"": ""Point""
}","{
  ""coordinates"": [
    -82.937401147,
    42.417636051
  ],
  ""type"": ""Point""
}",-82.9374011469999,42.417636051
17912,9660334,WARREN,OUTER,2016-03-25,25,3,2016,17,6,5,9,,4,0,,1,1,1,35,4,2,3,5,0,0,0,0,true,,false,false,false,false,false,,,,,,false,false,false,,,false,false,false,false,false,-82.93632,42.40369,"{
  ""coordinates"": [
    -8.293632031200001e+01,
    4.240369088200000e+01
  ],
  ""type"": ""Point""
}","{
  ""coordinates"": [
    -82.936320312,
    42.403690882
  ],
  ""type"": ""Point""
}",-82.936320312,42.403690882
17913,9670168,JOHN R,MACK,2016-03-25,25,3,2016,17,6,97,9,,4,1,,1,1,1,10,2,2,1,4,0,0,0,1,false,,false,false,true,false,false,,,,,,false,false,false,,,false,false,false,true,false,-83.05587,42.34829,"{
  ""coordinates"": [
    -8.305587215400000e+01,
    4.234829027100010e+01
  ],
  ""type"": ""Point""
}","{
  ""coordinates"": [
    -83.055872154,
    42.348290271
  ],
  ""type"": ""Point""
}",-83.055872154,42.3482902710001
17914,9659413,BAGLEY,GRAND RIVER,2016-03-25,25,3,2016,6,6,4,9,,4,0,,1,1,4,30,3,2,1,4,0,0,0,1,false,,false,false,true,false,false,,,,,,false,false,false,,,false,false,false,false,false,-83.0533,42.33408,"{
  ""coordinates"": [
    -8.305329559400001e+01,
    4.233408378200010e+01
  ],
  ""type"": ""Point""
}","{
  ""coordinates"": [
    -83.053295594,
    42.334083782
  ],
  ""type"": ""Point""
}",-83.053295594,42.3340837820001
17915,9661217,CADIEUX,E I 94,2016-03-25,25,3,2016,20,6,5,1,,4,0,,1,1,3,35,2,2,2,5,0,0,0,0,true,,false,false,false,true,false,,,,,,false,false,true,,,false,false,false,false,false,-82.93717,42.41726,"{
  ""coordinates"": [
    -8.293716857299999e+01,
    4.241725714300000e+01
  ],
  ""type"": ""Point""
}","{
  ""coordinates"": [
    -82.937168573,
    42.417257143
  ],
  ""type"": ""Point""
}",-82.937168573,42.417257143
17916,9660331,CONANT,MCNICHOLS,2016-03-25,25,3,2016,9,6,8,9,,4,0,,1,1,1,0,4,2,2,5,0,0,0,0,true,,false,false,false,false,false,,,,,,false,false,false,,,false,false,false,false,false,-83.06372,42.41883,"{
  ""coordinates"": [
    -8.306372262900000e+01,
    4.241883044100010e+01
  ],
  ""type"": ""Point""
}","{
  ""coordinates"": [
    -83.063722629,
    42.418830441
  ],
  ""type"": ""Point""
}",-83.063722629,42.4188304410001
17917,9674250,LAHSER,MCNICHOLS,2016-03-25,25,3,2016,22,6,5,9,,2,0,,1,1,4,0,4,2,1,5,0,0,0,0,true,,false,false,false,false,false,,,,,,false,false,false,,,false,false,false,false,false,-83.25747,42.41476,"{
  ""coordinates"": [
    -8.325747234200000e+01,
    4.241476311500000e+01
  ],
  ""type"": ""Point""
}","{
  ""coordinates"": [
    -83.257472342,
    42.414763115
  ],
  ""type"": ""Point""
}",-83.257472342,42.414763115
17918,9660348,W I 94,CADIEUX,2016-03-25,25,3,2016,15,6,5,1,,1,0,,1,1,1,25,3,3,4,5,0,0,0,0,true,,false,false,true,false,false,,,,,,false,false,false,,,false,false,false,false,false,-82.93726,42.4173,"{
  ""coordinates"": [
    -8.293726393700000e+01,
    4.241730449700000e+01
  ],
  ""type"": ""Point""
}","{
  ""coordinates"": [
    -82.937263937,
    42.417304497
  ],
  ""type"": ""Point""
}",-82.937263937,42.417304497
17919,9661212,S M 10,RAMP 109A,2016-03-25,25,3,2016,23,6,1,3,,1,1,,1,1,4,25,1,1,1,5,0,0,0,0,true,,false,false,false,false,false,,,,,,false,false,false,,,false,false,false,false,false,-83.11266,42.39953,"{
  ""coordinates"": [
    -8.311265232300001e+01,
    4.239952753300000e+01
  ],
  ""type"": ""Point""
}","{
  ""coordinates"": [
    -83.112652323,
    42.399527533
  ],
  ""type"": ""Point""
}",-83.112652323,42.399527533
17920,9659400,HILLCREST,LINVILLE,2016-03-25,25,3,2016,5,6,9,9,,,2,,1,1,2,25,3,2,1,5,0,0,0,0,true,,false,false,true,false,false,,,,,,false,false,false,,,false,false,false,false,false,-82.91844,42.41903,"{
  ""coordinates"": [
    -8.291844264100000e+01,
    4.241902819400010e+01
  ],
  ""type"": ""Point""
}","{
  ""coordinates"": [
    -82.918442641,
    42.419028194
  ],
  ""type"": ""Point""
}",-82.918442641,42.4190281940001
17921,9681645,GREENFIELD,WARREN,2016-03-25,25,3,2016,14,6,97,9,,2,0,,1,1,1,35,3,2,3,4,0,0,0,1,false,,false,false,false,false,false,,,,,,false,true,false,,,false,false,false,false,false,-83.19628,42.34369,"{
  ""coordinates"": [
    -8.319627956100000e+01,
    4.234369256300000e+01
  ],
  ""type"": ""Point""
}","{
  ""coordinates"": [
    -83.196279561,
    42.343692563
  ],
  ""type"": ""Point""
}",-83.196279561,42.343692563
17922,9663261,WOODWARD,KIRBY,2016-03-25,25,3,2016,18,6,8,3,,1,0,,1,1,1,25,5,2,2,5,0,0,0,0,true,,false,false,false,false,false,,,,,,false,false,true,,,false,false,false,false,false,-83.06635,42.35991,"{
  ""coordinates"": [
    -8.306635019399990e+01,
    4.235990409000000e+01
  ],
  ""type"": ""Point""
}","{
  ""coordinates"": [
    -83.066350194,
    42.35990409
  ],
  ""type"": ""Point""
}",-83.0663501939999,42.35990409
17923,9660355,7 MILE,GREENFIELD,2016-03-25,25,3,2016,15,6,5,9,,2,0,,1,1,1,30,4,2,3,4,0,0,0,1,false,,false,false,false,false,false,,,,,,false,false,false,,,false,false,false,false,false,-83.19992,42.43042,"{
  ""coordinates"": [
    -8.319992371099990e+01,
    4.243041941000010e+01
  ],
  ""type"": ""Point""
}","{
  ""coordinates"": [
    -83.199923711,
    42.43041941
  ],
  ""type"": ""Point""
}",-83.1999237109999,42.4304194100001
17924,9662506,WYOMING,PICKFORD1,2016-03-25,25,3,2016,13,6,8,9,,4,0,,1,1,1,30,3,2,2,5,0,0,0,0,true,,false,false,false,false,false,,,,,,false,false,false,,,false,false,false,false,false,-83.16077,42.4257,"{
  ""coordinates"": [
    -8.316076661300001e+01,
    4.242569573800010e+01
  ],
  ""type"": ""Point""
}","{
  ""coordinates"": [
    -83.160766613,
    42.425695738
  ],
  ""type"": ""Point""
}",-83.160766613,42.4256957380001
17925,9661444,WARREN,BRACE,2016-03-25,25,3,2016,16,6,4,9,,2,0,,1,1,1,30,4,2,3,4,0,0,0,1,false,,false,false,false,false,false,,,,,,false,false,true,,,false,false,false,false,false,-83.22314,42.3433,"{
  ""coordinates"": [
    -8.322314718099990e+01,
    4.234330270100000e+01
  ],
  ""type"": ""Point""
}","{
  ""coordinates"": [
    -83.223147181,
    42.343302701
  ],
  ""type"": ""Point""
}",-83.2231471809999,42.343302701
17926,9663222,7 MILE,SOUTHFIELD,2016-03-25,25,3,2016,21,6,8,9,,2,0,,1,1,4,30,7,2,2,5,0,0,0,0,true,,false,false,true,false,false,,,,,,false,false,false,,,false,false,false,false,false,-83.21941,42.43002,"{
  ""coordinates"": [
    -8.321940871800000e+01,
    4.243001514600010e+01
  ],
  ""type"": ""Point""
}","{
  ""coordinates"": [
    -83.219408718,
    42.430015146
  ],
  ""type"": ""Point""
}",-83.219408718,42.4300151460001
17927,9660341,WASHINGTON,GRAND RIVER,2016-03-25,25,3,2016,22,6,8,9,,4,0,,1,1,4,30,3,2,2,5,0,0,0,0,true,,false,false,false,false,false,,,,,,false,false,true,,,false,false,false,false,false,-83.05119,42.33363,"{
  ""coordinates"": [
    -8.305118250600000e+01,
    4.233362425300000e+01
  ],
  ""type"": ""Point""
}","{
  ""coordinates"": [
    -83.051182506,
    42.333624253
  ],
  ""type"": ""Point""
}",-83.051182506,42.333624253
17928,9792780,I 94,LONYO,2016-03-25,25,3,2016,12,6,1,1,,1,0,,1,1,1,55,3,1,2,5,0,0,0,0,true,,false,false,false,false,false,,,,,,false,true,false,,,false,false,false,false,false,-83.14405,42.33156,"{
  ""coordinates"": [
    -8.314404684199999e+01,
    4.233156369800000e+01
  ],
  ""type"": ""Point""
}","{
  ""coordinates"": [
    -83.144046842,
    42.331563698
  ],
  ""type"": ""Point""
}",-83.144046842,42.331563698
17929,9661504,MCNICHOLS,OUTER,2016-03-25,25,3,2016,18,6,4,9,,2,0,,1,1,1,35,5,2,5,5,0,0,0,0,true,,false,false,false,false,false,,,,,,false,false,false,,,false,false,false,false,false,-83.23168,42.41529,"{
  ""coordinates"": [
    -8.323168551899990e+01,
    4.241529256800000e+01
  ],
  ""type"": ""Point""
}","{
  ""coordinates"": [
    -83.231685519,
    42.415292568
  ],
  ""type"": ""Point""
}",-83.2316855189999,42.415292568
17930,9661453,PURITAN,MANSFIELD,2016-03-25,25,3,2016,17,6,8,9,,4,0,,1,1,1,35,4,2,2,5,0,0,0,0,true,,false,false,false,false,false,,,,,,false,true,false,,,false,false,false,false,false,-83.2055,42.40863,"{
  ""coordinates"": [
    -8.320549537700001e+01,
    4.240862868100000e+01
  ],
  ""type"": ""Point""
}","{
  ""coordinates"": [
    -83.205495377,
    42.408628681
  ],
  ""type"": ""Point""
}",-83.205495377,42.408628681
17931,9661480,ROBSON,PURITAN,2016-03-25,25,3,2016,7,6,8,9,,,0,,97,98,98,25,1,2,0,5,0,0,0,0,true,,false,false,true,false,false,,,,,,false,false,false,,,false,false,false,false,false,-83.19291,42.40821,"{
  ""coordinates"": [
    -8.319290874799999e+01,
    4.240820722400010e+01
  ],
  ""type"": ""Point""
}","{
  ""coordinates"": [
    -83.192908748,
    42.408207224
  ],
  ""type"": ""Point""
}",-83.192908748,42.4082072240001
17932,9663988,I 94,GRAND RIVER,2016-03-25,25,3,2016,14,6,8,1,,1,0,,1,1,1,55,3,2,3,5,0,0,0,0,true,,false,false,true,false,false,,,,,,false,false,false,,,false,false,false,false,false,-83.09123,42.35272,"{
  ""coordinates"": [
    -8.309123516299999e+01,
    4.235271912700010e+01
  ],
  ""type"": ""Point""
}","{
  ""coordinates"": [
    -83.091235163,
    42.352719127
  ],
  ""type"": ""Point""
}",-83.091235163,42.3527191270001
17933,9661454,WADSWORTH,ROSEMONT,2016-03-25,25,3,2016,17,6,4,9,,,0,,1,1,1,25,2,2,2,5,0,0,0,0,true,,false,false,true,false,false,,,,,,false,false,false,,,false,false,false,false,false,-83.21932,42.37439,"{
  ""coordinates"": [
    -8.321932211700000e+01,
    4.237438418700000e+01
  ],
  ""type"": ""Point""
}","{
  ""coordinates"": [
    -83.219322117,
    42.374384187
  ],
  ""type"": ""Point""
}",-83.219322117,42.374384187
17934,9662465,GRANDRIVER,OUTER,2016-03-25,25,3,2016,11,6,4,3,,1,0,,1,1,4,35,4,2,4,5,0,0,0,0,true,,true,true,false,false,false,,,,,,false,false,false,,,false,false,false,false,false,-83.23229,42.40633,"{
  ""coordinates"": [
    -8.323228942799990e+01,
    4.240632994200010e+01
  ],
  ""type"": ""Point""
}","{
  ""coordinates"": [
    -83.232289428,
    42.406329942
  ],
  ""type"": ""Point""
}",-83.2322894279999,42.4063299420001
17935,9662492,W I 96 CD,RAMP 138D,2016-03-25,25,3,2016,1,6,8,1,,1,0,,97,98,98,30,3,2,3,5,0,0,0,0,true,,false,false,false,false,false,,,,,,false,false,true,,,false,false,false,false,false,-83.16402,42.38563,"{
  ""coordinates"": [
    -8.316402121999990e+01,
    4.238563087400010e+01
  ],
  ""type"": ""Point""
}","{
  ""coordinates"": [
    -83.16402122,
    42.385630874
  ],
  ""type"": ""Point""
}",-83.1640212199999,42.3856308740001
17936,9661458,YELLOWSTONE,BOSTON,2016-03-25,25,3,2016,19,6,1,9,,,1,,1,1,1,25,2,1,1,5,0,0,0,0,true,,false,false,false,false,false,,,,,,false,false,true,,,false,false,false,false,false,-83.13097,42.37097,"{
  ""coordinates"": [
    -8.313096504100000e+01,
    4.237097097000000e+01
  ],
  ""type"": ""Point""
}","{
  ""coordinates"": [
    -83.130965041,
    42.37097097
  ],
  ""type"": ""Point""
}",-83.130965041,42.37097097
17937,9660361,8 MILE,REGENT,2016-03-25,25,3,2016,16,6,5,3,,1,0,,1,1,1,40,4,2,1,5,0,0,0,0,true,,false,false,true,false,false,,,,,,false,false,false,,,false,false,false,false,false,-82.97569,42.44953,"{
  ""coordinates"": [
    -8.297568150300000e+01,
    4.244953220900000e+01
  ],
  ""type"": ""Point""
}","{
  ""coordinates"": [
    -82.975681503,
    42.449532209
  ],
  ""type"": ""Point""
}",-82.975681503,42.449532209
17938,9663250,FOREST,ANTHONY WAYNE,2016-03-25,25,3,2016,14,6,4,9,,4,0,,1,1,1,25,6,2,2,5,0,0,0,0,true,,true,true,false,false,false,,,,,,false,false,false,,,false,false,false,false,false,-83.07001,42.3523,"{
  ""coordinates"": [
    -8.307001702299991e+01,
    4.235229959300010e+01
  ],
  ""type"": ""Point""
}","{
  ""coordinates"": [
    -83.070017023,
    42.352299593
  ],
  ""type"": ""Point""
}",-83.0700170229999,42.3522995930001
17939,9660362,JOHN R,WORESTER,2016-03-25,25,3,2016,11,6,97,9,,4,0,,1,1,1,25,2,2,1,5,0,0,0,0,true,,false,false,true,false,false,,,,,,false,false,false,,,false,false,false,false,false,-83.10198,42.42276,"{
  ""coordinates"": [
    -8.310198511499991e+01,
    4.242275870200010e+01
  ],
  ""type"": ""Point""
}","{
  ""coordinates"": [
    -83.101985115,
    42.422758702
  ],
  ""type"": ""Point""
}",-83.1019851149999,42.4227587020001
17940,9664089,HANNA,WINCHESTER,2016-03-25,25,3,2016,12,6,97,9,,,0,,97,98,98,20,2,2,0,5,0,0,0,0,true,,false,false,false,false,false,,,,,,false,false,false,,,false,false,false,false,false,-83.09011,42.44421,"{
  ""coordinates"": [
    -8.309011051700000e+01,
    4.244420695700010e+01
  ],
  ""type"": ""Point""
}","{
  ""coordinates"": [
    -83.090110517,
    42.444206957
  ],
  ""type"": ""Point""
}",-83.090110517,42.4442069570001
17941,9661494,CENTRAL,JOHN KRONK,2016-03-25,25,3,2016,0,6,8,9,,4,0,,2,4,4,30,2,2,2,5,0,0,0,0,true,,false,false,false,false,false,,,,,,false,false,true,,,false,false,false,false,false,-83.132,42.32328,"{
  ""coordinates"": [
    -8.313200221300001e+01,
    4.232327544800010e+01
  ],
  ""type"": ""Point""
}","{
  ""coordinates"": [
    -83.132002213,
    42.323275448
  ],
  ""type"": ""Point""
}",-83.132002213,42.3232754480001
17942,9660336,GARFIELD,JOHN R,2016-03-25,25,3,2016,16,6,8,9,,,0,,1,1,1,15,1,2,3,5,0,0,0,0,true,,false,false,false,false,false,,,,,,false,false,false,,,false,false,false,false,false,-83.06135,42.35408,"{
  ""coordinates"": [
    -8.306134848900000e+01,
    4.235408415900010e+01
  ],
  ""type"": ""Point""
}","{
  ""coordinates"": [
    -83.061348489,
    42.354084159
  ],
  ""type"": ""Point""
}",-83.061348489,42.3540841590001
17943,9661462,WOODROW WILSON,LEE,2016-03-25,25,3,2016,15,6,4,9,,4,0,,1,1,1,25,2,2,3,4,0,0,0,1,false,,false,false,false,false,false,,,,,,false,false,true,,,false,false,false,false,false,-83.09402,42.37365,"{
  ""coordinates"": [
    -8.309402431800000e+01,
    4.237364890600000e+01
  ],
  ""type"": ""Point""
}","{
  ""coordinates"": [
    -83.094024318,
    42.373648906
  ],
  ""type"": ""Point""
}",-83.094024318,42.373648906
17944,9662470,WESTERN,FENWICK,2016-03-25,25,3,2016,8,6,97,9,,,3,,1,1,4,25,1,2,0,5,0,0,0,0,true,,false,false,true,false,false,,,,,,false,false,false,,,false,false,false,false,false,-83.14221,42.31376,"{
  ""coordinates"": [
    -8.314220851399990e+01,
    4.231375605000010e+01
  ],
  ""type"": ""Point""
}","{
  ""coordinates"": [
    -83.142208514,
    42.31375605
  ],
  ""type"": ""Point""
}",-83.1422085139999,42.3137560500001
17945,9664888,N M 39,WARREN,2016-03-25,25,3,2016,13,6,5,3,,1,0,,1,1,1,35,3,2,2,5,0,0,0,0,true,,false,false,true,false,false,,,,,,false,false,false,,,false,false,false,false,false,-83.21603,42.34334,"{
  ""coordinates"": [
    -8.321603527100000e+01,
    4.234333933800010e+01
  ],
  ""type"": ""Point""
}","{
  ""coordinates"": [
    -83.216035271,
    42.343339338
  ],
  ""type"": ""Point""
}",-83.216035271,42.3433393380001
17946,9661220,I-75,MACK,2016-03-25,25,3,2016,19,6,8,1,,1,0,,1,1,3,55,5,2,2,5,0,0,0,0,true,,false,false,false,false,false,,,,,,false,true,false,,,false,false,false,false,false,-83.04397,42.3446,"{
  ""coordinates"": [
    -8.304396507699990e+01,
    4.234459585000010e+01
  ],
  ""type"": ""Point""
}","{
  ""coordinates"": [
    -83.043965077,
    42.34459585
  ],
  ""type"": ""Point""
}",-83.0439650769999,42.3445958500001