ObjectId,Crash ID,Primary Road,Intersecting Road,Crash Date,Day,Month,Year,Hour,Weekday,Crash Type Code,Highway Classification Code,Community Code,Jurisdiction Code,Lane Departure Type Code,Surface Type,Road Condition,Weather Condition,Lighting Condition,Speed Limit,Lanes,Units,Occupants,Most Severe Injury,Fatal Injuries,Suspected Serious Injuries,Suspected Minor Injuries,Possible Injuries,Property Damage Only,Secondary Crash,Traffic Control,Red Light Run,Hit and Run,Alcohol,Drugs,Unbelted Person,Work Zone,Speeding Driver,Distracted Driver,Driveway,Pedestrian,Elderly Driver,Young Driver,Commercial Vehicle,Emergency Vehicles,Train,School Bus,Motorcycle,Bicycle,Deer,Longitude,Latitude,geom,geog,x,y
17947,9671434,OUTER,7 MILE,2016-03-25,25,3,2016,14,6,5,9,,2,0,,1,1,1,35,2,2,8,5,0,0,0,0,true,,false,false,false,false,false,,,,,,false,true,false,,,false,false,false,false,false,-83.01433,42.4341,"{
  ""coordinates"": [
    -8.301432987500000e+01,
    4.243409652200010e+01
  ],
  ""type"": ""Point""
}","{
  ""coordinates"": [
    -83.014329875,
    42.434096522
  ],
  ""type"": ""Point""
}",-83.014329875,42.4340965220001
17948,9661465,WYOMING,LYNDON,2016-03-25,25,3,2016,7,6,5,9,,4,0,,1,1,1,35,5,2,2,5,0,0,0,0,true,,false,false,false,false,false,,,,,,false,false,false,,,false,false,false,false,false,-83.15934,42.39524,"{
  ""coordinates"": [
    -8.315934199100001e+01,
    4.239523847400010e+01
  ],
  ""type"": ""Point""
}","{
  ""coordinates"": [
    -83.159341991,
    42.395238474
  ],
  ""type"": ""Point""
}",-83.159341991,42.3952384740001
17949,9660332,7 MILE,EUREKA,2016-03-25,25,3,2016,14,6,5,9,,4,0,,1,1,1,30,2,2,1,5,0,0,0,0,true,,false,false,false,false,false,,,,,,false,false,false,,,false,false,false,false,false,-83.05769,42.43325,"{
  ""coordinates"": [
    -8.305769301100000e+01,
    4.243324721700000e+01
  ],
  ""type"": ""Point""
}","{
  ""coordinates"": [
    -83.057693011,
    42.433247217
  ],
  ""type"": ""Point""
}",-83.057693011,42.433247217
17950,9661484,GREENFIELD,BIRCH,2016-03-25,25,3,2016,15,6,5,9,,2,0,,1,2,1,35,5,2,3,5,0,0,0,0,true,,false,false,false,false,false,,,,,,false,false,true,,,false,false,false,false,false,-83.19822,42.38866,"{
  ""coordinates"": [
    -8.319821913500000e+01,
    4.238865535800010e+01
  ],
  ""type"": ""Point""
}","{
  ""coordinates"": [
    -83.198219135,
    42.388655358
  ],
  ""type"": ""Point""
}",-83.198219135,42.3886553580001
17951,9665871,TOLEDO,CAMPBELL,2016-03-25,25,3,2016,20,6,97,9,,4,0,,1,1,4,0,4,2,1,5,0,0,0,0,true,,false,false,true,false,false,,,,,,false,false,false,,,false,false,false,false,false,-83.10597,42.32016,"{
  ""coordinates"": [
    -8.310597567900000e+01,
    4.232015551900000e+01
  ],
  ""type"": ""Point""
}","{
  ""coordinates"": [
    -83.105975679,
    42.320155519
  ],
  ""type"": ""Point""
}",-83.105975679,42.320155519
17952,9661262,I 94,LONYO,2016-03-25,25,3,2016,13,6,1,1,,1,0,,1,1,1,55,3,1,2,5,0,0,0,0,true,,false,false,false,false,false,,,,,,false,false,false,,,false,false,false,false,false,-83.14622,42.33123,"{
  ""coordinates"": [
    -8.314622477499999e+01,
    4.233123534900010e+01
  ],
  ""type"": ""Point""
}","{
  ""coordinates"": [
    -83.146224775,
    42.331235349
  ],
  ""type"": ""Point""
}",-83.146224775,42.3312353490001
17953,9660342,TRUMBULL,SPRUCE,2016-03-25,25,3,2016,10,6,4,9,,4,0,,1,1,1,25,4,2,3,4,0,0,0,1,false,,false,false,false,false,false,,,,,,false,true,false,,,false,false,false,false,false,-83.06976,42.33641,"{
  ""coordinates"": [
    -8.306975872800000e+01,
    4.233641097600000e+01
  ],
  ""type"": ""Point""
}","{
  ""coordinates"": [
    -83.069758728,
    42.336410976
  ],
  ""type"": ""Point""
}",-83.069758728,42.336410976
17954,9663201,DEQUINDRE,REMINGTON,2016-03-25,25,3,2016,16,6,4,9,,4,0,,1,1,2,30,2,2,2,4,0,0,0,1,false,,false,false,false,false,false,,,,,,false,false,false,,,false,false,false,false,false,-83.08321,42.44255,"{
  ""coordinates"": [
    -8.308321209899999e+01,
    4.244255230900010e+01
  ],
  ""type"": ""Point""
}","{
  ""coordinates"": [
    -83.083212099,
    42.442552309
  ],
  ""type"": ""Point""
}",-83.083212099,42.4425523090001
17955,9660358,8 MILE,LAHSER,2016-03-25,25,3,2016,9,6,4,3,,1,0,,1,1,1,45,4,2,2,4,0,0,0,1,false,,true,true,false,false,false,,,,,,false,true,false,,,false,false,false,false,false,-83.25884,42.44323,"{
  ""coordinates"": [
    -8.325884309900000e+01,
    4.244323314300000e+01
  ],
  ""type"": ""Point""
}","{
  ""coordinates"": [
    -83.258843099,
    42.443233143
  ],
  ""type"": ""Point""
}",-83.258843099,42.443233143
17956,9661497,ANNABELLE,GLEASON,2016-03-25,25,3,2016,13,6,4,9,,,0,,1,2,1,25,3,2,1,5,0,0,0,0,true,,false,false,false,false,false,,,,,,false,false,false,,,false,false,false,false,false,-83.16187,42.26124,"{
  ""coordinates"": [
    -8.316187069700000e+01,
    4.226123639000010e+01
  ],
  ""type"": ""Point""
}","{
  ""coordinates"": [
    -83.161870697,
    42.26123639
  ],
  ""type"": ""Point""
}",-83.161870697,42.2612363900001
17957,9661443,CHALMERS,CEDARGROVE,2016-03-25,25,3,2016,23,6,4,9,,4,0,,1,1,4,25,2,2,3,5,0,0,0,0,true,,false,false,true,false,false,,,,,,false,false,false,,,false,false,false,false,false,-82.97501,42.42545,"{
  ""coordinates"": [
    -8.297501118700001e+01,
    4.242544956500010e+01
  ],
  ""type"": ""Point""
}","{
  ""coordinates"": [
    -82.975011187,
    42.425449565
  ],
  ""type"": ""Point""
}",-82.975011187,42.4254495650001
17958,9733800,W I 94,ROSA PARKS,2016-03-24,24,3,2016,18,5,5,1,,1,0,,2,4,2,55,3,2,2,5,0,0,0,0,true,,false,false,false,false,false,,,,,,false,false,false,,,false,false,false,false,false,-83.08576,42.35444,"{
  ""coordinates"": [
    -8.308576005899990e+01,
    4.235443991300010e+01
  ],
  ""type"": ""Point""
}","{
  ""coordinates"": [
    -83.085760059,
    42.354439913
  ],
  ""type"": ""Point""
}",-83.0857600589999,42.3544399130001
17959,9706571,PLYMOUTH,ARCHDALE,2016-03-24,24,3,2016,11,5,4,9,,4,0,,2,4,1,30,8,2,2,5,0,0,0,0,true,,false,false,false,false,false,,,,,,false,false,false,,,false,false,false,false,false,-83.21571,42.37226,"{
  ""coordinates"": [
    -8.321570855800000e+01,
    4.237226508000000e+01
  ],
  ""type"": ""Point""
}","{
  ""coordinates"": [
    -83.215708558,
    42.37226508
  ],
  ""type"": ""Point""
}",-83.215708558,42.37226508
17960,9659395,VAN DYKE,7 MILE,2016-03-24,24,3,2016,8,5,5,3,,1,0,,2,4,1,35,5,2,2,5,0,0,0,0,true,,false,false,false,false,false,,,,,,false,false,true,,,false,false,false,false,false,-83.02424,42.43369,"{
  ""coordinates"": [
    -8.302423765200000e+01,
    4.243369137800000e+01
  ],
  ""type"": ""Point""
}","{
  ""coordinates"": [
    -83.024237652,
    42.433691378
  ],
  ""type"": ""Point""
}",-83.024237652,42.433691378
17961,9662459,CENTRAL,TIREMAN,2016-03-24,24,3,2016,12,5,9,9,,4,2,,2,4,1,25,1,2,1,5,0,0,0,0,true,,false,false,true,false,false,,,,,,false,false,false,,,false,false,false,false,false,-83.14601,42.35198,"{
  ""coordinates"": [
    -8.314601392100001e+01,
    4.235197756200010e+01
  ],
  ""type"": ""Point""
}","{
  ""coordinates"": [
    -83.146013921,
    42.351977562
  ],
  ""type"": ""Point""
}",-83.146013921,42.3519775620001
17962,9662390,I-96,VIRGIL,2016-03-24,24,3,2016,18,5,8,1,,1,0,,2,4,1,70,4,2,3,5,0,0,0,0,true,,false,false,false,false,false,,,,,,false,false,true,,,false,false,false,false,false,-83.27037,42.38549,"{
  ""coordinates"": [
    -8.327037102000000e+01,
    4.238548831400000e+01
  ],
  ""type"": ""Point""
}","{
  ""coordinates"": [
    -83.27037102,
    42.385488314
  ],
  ""type"": ""Point""
}",-83.27037102,42.385488314
17963,9659424,MCGRAW,RENVILLE,2016-03-24,24,3,2016,9,5,8,9,,4,0,,2,2,1,35,2,2,2,5,0,0,0,0,true,,false,false,false,false,false,,,,,,false,true,false,,,false,false,false,false,false,-83.14771,42.33269,"{
  ""coordinates"": [
    -8.314771257300001e+01,
    4.233269226500000e+01
  ],
  ""type"": ""Point""
}","{
  ""coordinates"": [
    -83.147712573,
    42.332692265
  ],
  ""type"": ""Point""
}",-83.147712573,42.332692265
17964,9661514,CORBETT,ROSEBERRY,2016-03-24,24,3,2016,0,5,2,9,,,2,,1,1,4,20,2,2,0,5,0,0,0,0,true,,false,false,true,false,false,,,,,,false,true,false,,,false,false,false,false,false,-82.98396,42.40371,"{
  ""coordinates"": [
    -8.298395455199990e+01,
    4.240371017600010e+01
  ],
  ""type"": ""Point""
}","{
  ""coordinates"": [
    -82.983954552,
    42.403710176
  ],
  ""type"": ""Point""
}",-82.9839545519999,42.4037101760001
17965,9662501,3RD,MCNICHOLS,2016-03-24,24,3,2016,20,5,8,9,,4,0,,2,1,3,30,3,2,2,5,0,0,0,0,true,,false,false,true,false,false,,,,,,false,false,false,,,false,false,false,false,false,-83.11276,42.41782,"{
  ""coordinates"": [
    -8.311276495600001e+01,
    4.241782364400010e+01
  ],
  ""type"": ""Point""
}","{
  ""coordinates"": [
    -83.112764956,
    42.417823644
  ],
  ""type"": ""Point""
}",-83.112764956,42.4178236440001
17966,9661260,N I 75,RAMP 216B,2016-03-24,24,3,2016,16,5,5,1,,1,0,,2,4,1,70,4,2,2,5,0,0,0,0,true,,false,false,false,false,false,,,,,,false,false,false,,,false,false,false,false,false,-83.05741,42.36744,"{
  ""coordinates"": [
    -8.305740747599999e+01,
    4.236743606300010e+01
  ],
  ""type"": ""Point""
}","{
  ""coordinates"": [
    -83.057407476,
    42.367436063
  ],
  ""type"": ""Point""
}",-83.057407476,42.3674360630001
17967,9662452,GRATIOT,GUNSTON,2016-03-24,24,3,2016,8,5,4,3,,1,0,,2,4,1,45,6,2,3,3,0,0,1,2,false,,true,true,false,false,false,,,,,,false,false,false,,,false,false,false,false,false,-82.99509,42.40857,"{
  ""coordinates"": [
    -8.299508938600000e+01,
    4.240857474500010e+01
  ],
  ""type"": ""Point""
}","{
  ""coordinates"": [
    -82.995089386,
    42.408574745
  ],
  ""type"": ""Point""
}",-82.995089386,42.4085747450001
17968,9663981,I-94,SAGINAW,2016-03-24,24,3,2016,14,5,8,1,,1,0,,2,4,1,55,3,2,1,5,0,0,0,0,true,,false,false,true,false,false,,,,,,false,false,false,,,false,false,false,false,false,-83.03349,42.37955,"{
  ""coordinates"": [
    -8.303348916499991e+01,
    4.237955395600010e+01
  ],
  ""type"": ""Point""
}","{
  ""coordinates"": [
    -83.033489165,
    42.379553956
  ],
  ""type"": ""Point""
}",-83.0334891649999,42.3795539560001
17969,9661254,I-94,WOODWARD,2016-03-24,24,3,2016,12,5,1,1,,1,0,,2,4,1,55,3,1,1,5,0,0,0,0,true,,false,false,false,false,false,,,,,,false,false,false,,,false,false,false,false,false,-83.07126,42.36245,"{
  ""coordinates"": [
    -8.307125942800000e+01,
    4.236245175500010e+01
  ],
  ""type"": ""Point""
}","{
  ""coordinates"": [
    -83.071259428,
    42.362451755
  ],
  ""type"": ""Point""
}",-83.071259428,42.3624517550001
17970,9664805,I-75,CONANT,2016-03-24,24,3,2016,15,5,8,9,,4,0,,2,4,1,70,5,2,1,5,0,0,0,0,true,,false,false,true,false,false,,,,,,false,false,false,,,false,false,false,false,false,-83.08308,42.43941,"{
  ""coordinates"": [
    -8.308308473999990e+01,
    4.243941258100010e+01
  ],
  ""type"": ""Point""
}","{
  ""coordinates"": [
    -83.08308474,
    42.439412581
  ],
  ""type"": ""Point""
}",-83.0830847399999,42.4394125810001
17971,9659289,W I 94,RAMP 216F,2016-03-24,24,3,2016,21,5,5,1,,1,0,,2,2,4,55,3,2,2,4,0,0,0,1,false,,false,false,false,false,false,,,,,,false,false,true,,,false,false,false,false,false,-83.05891,42.3681,"{
  ""coordinates"": [
    -8.305891429600000e+01,
    4.236810323200010e+01
  ],
  ""type"": ""Point""
}","{
  ""coordinates"": [
    -83.058914296,
    42.368103232
  ],
  ""type"": ""Point""
}",-83.058914296,42.3681032320001
17972,9669143,I 94,MORANG,2016-03-24,24,3,2016,5,5,8,1,,1,0,,2,4,4,55,3,2,2,5,0,0,0,0,true,,false,false,false,false,false,,,,,,false,false,false,,,false,false,false,false,false,-82.9335,42.4194,"{
  ""coordinates"": [
    -8.293349898600000e+01,
    4.241940196800000e+01
  ],
  ""type"": ""Point""
}","{
  ""coordinates"": [
    -82.933498986,
    42.419401968
  ],
  ""type"": ""Point""
}",-82.933498986,42.419401968
17973,9693060,I-94,I-75,2016-03-24,24,3,2016,17,5,8,1,,1,0,,2,4,1,55,3,2,1,5,0,0,0,0,true,,false,false,true,false,false,,,,,,false,false,false,,,false,false,false,false,false,-83.05962,42.36756,"{
  ""coordinates"": [
    -8.305961671700000e+01,
    4.236755650600000e+01
  ],
  ""type"": ""Point""
}","{
  ""coordinates"": [
    -83.059616717,
    42.367556506
  ],
  ""type"": ""Point""
}",-83.059616717,42.367556506
17974,9661437,GRAND RIVER,14TH,2016-03-24,24,3,2016,16,5,5,3,,1,0,,2,1,1,35,8,2,2,5,0,0,0,0,true,,false,false,true,false,false,,,,,,false,false,false,,,false,false,false,false,false,-83.08549,42.34716,"{
  ""coordinates"": [
    -8.308548872700000e+01,
    4.234715581900010e+01
  ],
  ""type"": ""Point""
}","{
  ""coordinates"": [
    -83.085488727,
    42.347155819
  ],
  ""type"": ""Point""
}",-83.085488727,42.3471558190001
17975,9659428,N M 39,PLYMOUTH,2016-03-24,24,3,2016,20,5,5,3,,1,0,,2,4,4,25,1,2,4,4,0,0,0,2,false,,false,false,false,false,false,,,,,,false,false,true,,,false,false,false,false,false,-83.21658,42.37225,"{
  ""coordinates"": [
    -8.321657668700000e+01,
    4.237225510400000e+01
  ],
  ""type"": ""Point""
}","{
  ""coordinates"": [
    -83.216576687,
    42.372255104
  ],
  ""type"": ""Point""
}",-83.216576687,42.372255104
17976,9678384,I-75,SPRINGWELLS,2016-03-24,24,3,2016,7,5,5,1,,1,0,,2,4,1,70,4,2,2,5,0,0,0,0,true,,false,false,true,false,false,,,,,,false,false,false,,,false,false,false,false,false,-83.11965,42.30117,"{
  ""coordinates"": [
    -8.311965449500001e+01,
    4.230116572400000e+01
  ],
  ""type"": ""Point""
}","{
  ""coordinates"": [
    -83.119654495,
    42.301165724
  ],
  ""type"": ""Point""
}",-83.119654495,42.301165724
17977,9659402,FORT,CASS,2016-03-24,24,3,2016,15,5,4,3,,1,0,,2,4,1,30,7,2,2,5,0,0,0,0,true,,false,false,false,false,false,,,,,,false,false,false,,,false,false,false,false,false,-83.05074,42.32927,"{
  ""coordinates"": [
    -8.305074682999999e+01,
    4.232926754800010e+01
  ],
  ""type"": ""Point""
}","{
  ""coordinates"": [
    -83.05074683,
    42.329267548
  ],
  ""type"": ""Point""
}",-83.05074683,42.3292675480001
17978,9660346,BUCHANAN,LIVERNOIS,2016-03-24,24,3,2016,9,5,8,9,,4,0,,2,4,1,25,4,2,3,5,0,0,0,0,true,,false,false,true,false,false,,,,,,false,true,false,,,false,false,false,false,false,-83.12128,42.3325,"{
  ""coordinates"": [
    -8.312127760800000e+01,
    4.233250344800010e+01
  ],
  ""type"": ""Point""
}","{
  ""coordinates"": [
    -83.121277608,
    42.332503448
  ],
  ""type"": ""Point""
}",-83.121277608,42.3325034480001
17979,9662493,UNDERWOOD,W I 96 SERVICE DRIVE,2016-03-24,24,3,2016,9,5,4,9,,,0,,97,98,98,30,2,2,2,5,0,0,0,0,true,,false,false,true,false,false,,,,,,false,false,false,,,false,false,false,false,false,-83.13305,42.36561,"{
  ""coordinates"": [
    -8.313304629299989e+01,
    4.236561185000010e+01
  ],
  ""type"": ""Point""
}","{
  ""coordinates"": [
    -83.133046293,
    42.36561185
  ],
  ""type"": ""Point""
}",-83.1330462929999,42.3656118500001
17980,9659419,WYOMING,FULLERTON,2016-03-24,24,3,2016,12,5,5,9,,4,0,,2,4,1,30,2,2,2,5,0,0,0,0,true,,false,false,true,false,false,,,,,,false,false,false,,,false,false,false,false,false,-83.15882,42.38065,"{
  ""coordinates"": [
    -8.315882257299999e+01,
    4.238065037800000e+01
  ],
  ""type"": ""Point""
}","{
  ""coordinates"": [
    -83.158822573,
    42.380650378
  ],
  ""type"": ""Point""
}",-83.158822573,42.380650378
17981,9660357,8 MILE,BILTMORE,2016-03-24,24,3,2016,12,5,8,3,,1,0,,2,4,1,45,4,2,3,5,0,0,0,0,true,,false,false,false,false,false,,,,,,false,false,true,,,false,false,false,false,false,-83.21274,42.44435,"{
  ""coordinates"": [
    -8.321274038699990e+01,
    4.244434701100000e+01
  ],
  ""type"": ""Point""
}","{
  ""coordinates"": [
    -83.212740387,
    42.444347011
  ],
  ""type"": ""Point""
}",-83.2127403869999,42.444347011
17982,9662494,I-96,GREENFIELD EXIT,2016-03-24,24,3,2016,14,5,5,1,,1,0,,97,98,98,60,3,2,2,3,0,0,1,0,false,,false,false,false,false,false,,,,,,false,false,false,,,false,false,false,false,false,-83.19813,42.37923,"{
  ""coordinates"": [
    -8.319812975000001e+01,
    4.237923156200000e+01
  ],
  ""type"": ""Point""
}","{
  ""coordinates"": [
    -83.19812975,
    42.379231562
  ],
  ""type"": ""Point""
}",-83.19812975,42.379231562
17983,9663212,GRATOIT,DUBOIS,2016-03-24,24,3,2016,20,5,97,3,,1,0,,2,4,4,35,6,2,4,2,0,1,0,0,false,,false,false,false,false,false,,,,,,false,false,true,,,false,false,false,false,false,-83.0333,42.35062,"{
  ""coordinates"": [
    -8.303330061100000e+01,
    4.235061653400000e+01
  ],
  ""type"": ""Point""
}","{
  ""coordinates"": [
    -83.033300611,
    42.350616534
  ],
  ""type"": ""Point""
}",-83.033300611,42.350616534
17984,9676834,I-75,SCHAEFER,2016-03-24,24,3,2016,3,5,1,1,,1,1,,2,4,4,70,4,1,1,5,0,0,0,0,true,,false,false,false,false,false,,,,,,false,false,false,,,false,false,false,false,false,-83.15224,42.27906,"{
  ""coordinates"": [
    -8.315224033600001e+01,
    4.227905569500010e+01
  ],
  ""type"": ""Point""
}","{
  ""coordinates"": [
    -83.152240336,
    42.279055695
  ],
  ""type"": ""Point""
}",-83.152240336,42.2790556950001
17985,9662387,I-75,DAVISON,2016-03-24,24,3,2016,4,5,8,1,,1,0,,2,4,4,70,4,2,2,4,0,0,0,1,false,,false,false,false,false,false,,,,,,false,false,false,,,false,false,false,false,false,-83.07565,42.40635,"{
  ""coordinates"": [
    -8.307564702600000e+01,
    4.240635418200000e+01
  ],
  ""type"": ""Point""
}","{
  ""coordinates"": [
    -83.075647026,
    42.406354182
  ],
  ""type"": ""Point""
}",-83.075647026,42.406354182
17986,9660343,N M 10,CHICAGO,2016-03-24,24,3,2016,15,5,5,3,,1,0,,2,4,1,60,3,2,2,5,0,0,0,0,true,,false,false,true,false,false,,,,,,false,false,false,,,false,false,false,false,false,-83.0946,42.3824,"{
  ""coordinates"": [
    -8.309460814300000e+01,
    4.238239930900000e+01
  ],
  ""type"": ""Point""
}","{
  ""coordinates"": [
    -83.094608143,
    42.382399309
  ],
  ""type"": ""Point""
}",-83.094608143,42.382399309
17987,9660333,OUTER,SHIELDS,2016-03-24,24,3,2016,11,5,97,9,,2,0,,2,4,1,30,4,2,0,5,0,0,0,0,true,,false,false,true,false,false,,,,,,true,false,false,,,false,false,false,false,false,-83.0603,42.44059,"{
  ""coordinates"": [
    -8.306029495900000e+01,
    4.244059397700000e+01
  ],
  ""type"": ""Point""
}","{
  ""coordinates"": [
    -83.060294959,
    42.440593977
  ],
  ""type"": ""Point""
}",-83.060294959,42.440593977
17988,9659406,FISHER FWY SERVICE,GRAND RIVER,2016-03-24,24,3,2016,11,5,4,1,,1,0,,2,4,1,25,3,2,2,5,0,0,0,0,true,,false,false,false,false,false,,,,,,false,false,true,,,false,false,false,false,false,-83.05909,42.3365,"{
  ""coordinates"": [
    -8.305908873000000e+01,
    4.233650277400010e+01
  ],
  ""type"": ""Point""
}","{
  ""coordinates"": [
    -83.05908873,
    42.336502774
  ],
  ""type"": ""Point""
}",-83.05908873,42.3365027740001
17989,9659431,JEFFERSON,MCDOUGALL,2016-03-24,24,3,2016,10,5,5,9,,4,0,,2,1,1,35,3,2,2,5,0,0,0,0,true,,false,false,false,true,true,,,,,,false,false,true,,,false,false,false,false,false,-83.01785,42.34031,"{
  ""coordinates"": [
    -8.301784135400000e+01,
    4.234030459000010e+01
  ],
  ""type"": ""Point""
}","{
  ""coordinates"": [
    -83.017841354,
    42.34030459
  ],
  ""type"": ""Point""
}",-83.017841354,42.3403045900001
17990,9665942,SOUTHFIELD SERVICE DRIVE,FENKELL,2016-03-24,24,3,2016,20,5,5,3,,4,0,,2,4,3,25,2,2,1,4,0,0,0,1,false,,false,false,true,false,false,,,,,,false,false,false,,,false,false,false,false,false,-83.21858,42.40115,"{
  ""coordinates"": [
    -8.321858503599999e+01,
    4.240115535300000e+01
  ],
  ""type"": ""Point""
}","{
  ""coordinates"": [
    -83.218585036,
    42.401155353
  ],
  ""type"": ""Point""
}",-83.218585036,42.401155353
17991,9675652,M 39,7 MILE,2016-03-24,24,3,2016,15,5,5,3,,1,0,,2,4,1,55,3,2,2,4,0,0,0,1,false,,false,false,true,false,false,,,,,,false,true,true,,,false,false,false,false,false,-83.21914,42.42278,"{
  ""coordinates"": [
    -8.321913530900000e+01,
    4.242277910700010e+01
  ],
  ""type"": ""Point""
}","{
  ""coordinates"": [
    -83.219135309,
    42.422779107
  ],
  ""type"": ""Point""
}",-83.219135309,42.4227791070001
17992,9670108,EVERGREEN,E I 96 SERVICE DRIVE,2016-03-24,24,3,2016,12,5,5,9,,4,0,,2,4,1,30,3,2,3,5,0,0,0,0,true,,false,false,true,false,false,,,,,,false,false,false,,,false,false,false,false,false,-83.23659,42.37926,"{
  ""coordinates"": [
    -8.323658428399990e+01,
    4.237926244900010e+01
  ],
  ""type"": ""Point""
}","{
  ""coordinates"": [
    -83.236584284,
    42.379262449
  ],
  ""type"": ""Point""
}",-83.2365842839999,42.3792624490001
17993,9659412,MCNICHOLS,HOOVER,2016-03-24,24,3,2016,16,5,97,3,,4,0,,2,4,1,30,2,2,1,5,0,0,0,0,true,,false,false,true,false,false,,,,,,true,false,false,,,false,false,false,false,false,-83.00315,42.42024,"{
  ""coordinates"": [
    -8.300315021499991e+01,
    4.242024362000010e+01
  ],
  ""type"": ""Point""
}","{
  ""coordinates"": [
    -83.003150215,
    42.42024362
  ],
  ""type"": ""Point""
}",-83.0031502149999,42.4202436200001
17994,9659404,MINOCK,SCHOOLCRAFT,2016-03-24,24,3,2016,17,5,4,9,,,0,,2,4,1,25,1,2,3,5,0,0,0,0,true,,false,false,true,false,false,,,,,,false,false,false,,,false,false,false,false,false,-83.23324,42.38639,"{
  ""coordinates"": [
    -8.323323507700000e+01,
    4.238638884100000e+01
  ],
  ""type"": ""Point""
}","{
  ""coordinates"": [
    -83.233235077,
    42.386388841
  ],
  ""type"": ""Point""
}",-83.233235077,42.386388841
17995,9659409,HOLBROOK,OAKLAND,2016-03-24,24,3,2016,16,5,5,9,,4,0,,2,4,1,30,2,3,4,5,0,0,0,0,true,,false,false,false,false,false,,,,,,false,true,false,,,false,false,false,false,false,-83.0716,42.38444,"{
  ""coordinates"": [
    -8.307160384399999e+01,
    4.238444018200000e+01
  ],
  ""type"": ""Point""
}","{
  ""coordinates"": [
    -83.071603844,
    42.384440182
  ],
  ""type"": ""Point""
}",-83.071603844,42.384440182
17996,9660345,MCKINSTRY,PORTER,2016-03-24,24,3,2016,7,5,97,9,,,0,,2,2,1,25,4,2,4,5,0,0,0,0,true,,false,false,false,false,false,,,,,,false,false,false,,,false,false,false,false,false,-83.09448,42.316,"{
  ""coordinates"": [
    -8.309447937899991e+01,
    4.231599657700010e+01
  ],
  ""type"": ""Point""
}","{
  ""coordinates"": [
    -83.094479379,
    42.315996577
  ],
  ""type"": ""Point""
}",-83.0944793789999,42.3159965770001
17997,9660340,BATES,FARMER,2016-03-24,24,3,2016,12,5,8,9,,4,0,,2,4,1,15,2,2,2,5,0,0,0,0,true,,false,false,false,false,false,,,,,,false,false,true,,,false,false,false,false,false,-83.04462,42.33251,"{
  ""coordinates"": [
    -8.304461767899990e+01,
    4.233250785400000e+01
  ],
  ""type"": ""Point""
}","{
  ""coordinates"": [
    -83.044617679,
    42.332507854
  ],
  ""type"": ""Point""
}",-83.0446176789999,42.332507854
17998,9661496,SCHAEFER,LIDDESDALE,2016-03-24,24,3,2016,19,5,4,9,,2,0,,2,4,3,30,4,2,3,5,0,0,0,0,true,,false,false,false,false,false,,,,,,false,false,false,,,false,false,false,false,false,-83.15176,42.27515,"{
  ""coordinates"": [
    -8.315175884099990e+01,
    4.227515572100000e+01
  ],
  ""type"": ""Point""
}","{
  ""coordinates"": [
    -83.151758841,
    42.275155721
  ],
  ""type"": ""Point""
}",-83.1517588409999,42.275155721
17999,9663254,ANTHONY WAYNE,WARREN,2016-03-24,24,3,2016,13,5,8,9,,4,0,,2,4,1,25,3,2,2,5,0,0,0,0,true,,false,false,false,false,false,,,,,,false,false,true,,,false,false,false,false,false,-83.07113,42.3546,"{
  ""coordinates"": [
    -8.307112721100000e+01,
    4.235459916300000e+01
  ],
  ""type"": ""Point""
}","{
  ""coordinates"": [
    -83.071127211,
    42.354599163
  ],
  ""type"": ""Point""
}",-83.071127211,42.354599163
18000,9662391,W I 96,KENTFIELD,2016-03-24,24,3,2016,19,5,5,1,,1,0,,2,4,3,70,4,2,1,5,0,0,0,0,true,,false,false,true,false,false,,,,,,false,false,false,,,false,false,false,false,false,-83.24074,42.38388,"{
  ""coordinates"": [
    -8.324074035400000e+01,
    4.238387711700010e+01
  ],
  ""type"": ""Point""
}","{
  ""coordinates"": [
    -83.240740354,
    42.383877117
  ],
  ""type"": ""Point""
}",-83.240740354,42.3838771170001
18001,9659423,GRAND,BEAUBIEN,2016-03-24,24,3,2016,16,5,97,9,,4,0,,2,4,3,35,5,3,3,5,0,0,0,0,true,,false,false,false,false,false,,,,,,false,false,true,,,false,false,false,false,false,-83.06745,42.37233,"{
  ""coordinates"": [
    -8.306745302199990e+01,
    4.237233002400010e+01
  ],
  ""type"": ""Point""
}","{
  ""coordinates"": [
    -83.067453022,
    42.372330024
  ],
  ""type"": ""Point""
}",-83.0674530219999,42.3723300240001
18002,9664107,LARNED,WASHINGTON,2016-03-24,24,3,2016,11,5,97,9,,4,0,,2,1,1,25,2,2,2,5,0,0,0,0,true,,false,false,false,false,false,,,,,,false,false,false,,,false,false,false,false,false,-83.04892,42.32785,"{
  ""coordinates"": [
    -8.304891772600000e+01,
    4.232784638800010e+01
  ],
  ""type"": ""Point""
}","{
  ""coordinates"": [
    -83.048917726,
    42.327846388
  ],
  ""type"": ""Point""
}",-83.048917726,42.3278463880001
18003,9661483,MIDLAND,FREELAND,2016-03-24,24,3,2016,16,5,4,9,,,0,,2,4,1,25,1,2,2,5,0,0,0,0,true,,true,false,false,false,false,,,,,,false,false,true,,,false,false,false,false,false,-83.1857,42.40553,"{
  ""coordinates"": [
    -8.318570009200000e+01,
    4.240553283900000e+01
  ],
  ""type"": ""Point""
}","{
  ""coordinates"": [
    -83.185700092,
    42.405532839
  ],
  ""type"": ""Point""
}",-83.185700092,42.405532839