ObjectId,Crash ID,Primary Road,Intersecting Road,Crash Date,Day,Month,Year,Hour,Weekday,Crash Type Code,Highway Classification Code,Community Code,Jurisdiction Code,Lane Departure Type Code,Surface Type,Road Condition,Weather Condition,Lighting Condition,Speed Limit,Lanes,Units,Occupants,Most Severe Injury,Fatal Injuries,Suspected Serious Injuries,Suspected Minor Injuries,Possible Injuries,Property Damage Only,Secondary Crash,Traffic Control,Red Light Run,Hit and Run,Alcohol,Drugs,Unbelted Person,Work Zone,Speeding Driver,Distracted Driver,Driveway,Pedestrian,Elderly Driver,Young Driver,Commercial Vehicle,Emergency Vehicles,Train,School Bus,Motorcycle,Bicycle,Deer,Longitude,Latitude,geom,geog,x,y
18061,9658516,GRATIOT,CONNER,2016-03-23,23,3,2016,8,4,5,3,,1,0,,1,2,1,35,7,2,3,4,0,0,0,1,false,,false,false,false,false,false,,,,,,false,false,false,,,false,false,false,false,false,-82.9975,42.40491,"{
  ""coordinates"": [
    -8.299749493099991e+01,
    4.240490783300000e+01
  ],
  ""type"": ""Point""
}","{
  ""coordinates"": [
    -82.997494931,
    42.404907833
  ],
  ""type"": ""Point""
}",-82.9974949309999,42.404907833
18062,9661225,M-10,JEFFERSON,2016-03-23,23,3,2016,10,4,5,3,,1,0,,1,2,1,55,3,2,2,5,0,0,0,0,true,,false,false,false,false,false,,,,,,false,false,false,,,false,false,false,false,false,-83.04634,42.32797,"{
  ""coordinates"": [
    -8.304634218900000e+01,
    4.232797100900010e+01
  ],
  ""type"": ""Point""
}","{
  ""coordinates"": [
    -83.046342189,
    42.327971009
  ],
  ""type"": ""Point""
}",-83.046342189,42.3279710090001
18063,9658548,7 MILE,MARLOWE,2016-03-23,23,3,2016,13,4,4,9,,2,0,,1,2,1,35,4,2,3,5,0,0,0,0,true,,false,false,false,false,false,,,,,,false,false,false,,,false,false,false,false,false,-83.19172,42.43066,"{
  ""coordinates"": [
    -8.319171587300001e+01,
    4.243066404000010e+01
  ],
  ""type"": ""Point""
}","{
  ""coordinates"": [
    -83.191715873,
    42.43066404
  ],
  ""type"": ""Point""
}",-83.191715873,42.4306640400001
18064,9659403,DEHNER,RIVERVIEW,2016-03-23,23,3,2016,14,4,3,9,,,0,,1,1,1,25,1,2,2,4,0,0,0,2,false,,false,false,false,false,false,,,,,,false,false,false,,,false,false,false,false,false,-83.27461,42.41182,"{
  ""coordinates"": [
    -8.327460941299999e+01,
    4.241182472600010e+01
  ],
  ""type"": ""Point""
}","{
  ""coordinates"": [
    -83.274609413,
    42.411824726
  ],
  ""type"": ""Point""
}",-83.274609413,42.4118247260001
18065,9658533,FAUST,KIRKWOOD,2016-03-23,23,3,2016,6,4,4,9,,,0,,1,1,4,25,2,2,3,5,0,0,0,0,true,,false,false,false,false,false,,,,,,false,false,true,,,false,false,false,false,false,-83.22041,42.33245,"{
  ""coordinates"": [
    -8.322040317599991e+01,
    4.233244759000010e+01
  ],
  ""type"": ""Point""
}","{
  ""coordinates"": [
    -83.220403176,
    42.33244759
  ],
  ""type"": ""Point""
}",-83.2204031759999,42.3324475900001
18066,9659418,GRAND,M 10,2016-03-23,23,3,2016,10,4,4,9,,4,0,,1,1,1,35,3,2,5,5,0,0,0,0,true,,false,false,true,false,false,,,,,,false,false,false,,,false,false,false,false,false,-83.08167,42.36702,"{
  ""coordinates"": [
    -8.308166967999991e+01,
    4.236702398400010e+01
  ],
  ""type"": ""Point""
}","{
  ""coordinates"": [
    -83.08166968,
    42.367023984
  ],
  ""type"": ""Point""
}",-83.0816696799999,42.3670239840001
18067,9661461,INTERVALE,CLOVERDALE,2016-03-23,23,3,2016,16,4,4,9,,,0,,1,1,1,25,2,2,3,5,0,0,0,0,true,,false,false,true,false,false,,,,,,false,false,false,,,false,false,false,false,false,-83.14851,42.3916,"{
  ""coordinates"": [
    -8.314851509800000e+01,
    4.239159715400010e+01
  ],
  ""type"": ""Point""
}","{
  ""coordinates"": [
    -83.148515098,
    42.391597154
  ],
  ""type"": ""Point""
}",-83.148515098,42.3915971540001
18068,9664857,MCNICHOLS,GODDARD,2016-03-23,23,3,2016,16,4,5,9,,4,0,,1,2,1,30,2,2,2,5,0,0,0,0,true,,false,false,false,false,false,,,,,,false,false,false,,,false,false,false,false,false,-83.07847,42.41853,"{
  ""coordinates"": [
    -8.307846923400000e+01,
    4.241852840600010e+01
  ],
  ""type"": ""Point""
}","{
  ""coordinates"": [
    -83.078469234,
    42.418528406
  ],
  ""type"": ""Point""
}",-83.078469234,42.4185284060001
18069,9660297,RAMP 216A,I-75,2016-03-23,23,3,2016,9,4,8,1,,1,0,,1,1,1,55,3,2,2,5,0,0,0,0,true,,false,false,false,false,false,,,,,,false,false,false,,,false,false,false,false,false,-83.05936,42.3661,"{
  ""coordinates"": [
    -8.305936627800000e+01,
    4.236610126600000e+01
  ],
  ""type"": ""Point""
}","{
  ""coordinates"": [
    -83.059366278,
    42.366101266
  ],
  ""type"": ""Point""
}",-83.059366278,42.366101266
18070,9658519,MACK,GRAND,2016-03-23,23,3,2016,16,4,5,3,,4,0,,1,1,1,25,3,2,1,5,0,0,0,0,true,,false,false,true,false,false,,,,,,false,false,false,,,false,false,false,false,false,-83.05782,42.3474,"{
  ""coordinates"": [
    -8.305781937899999e+01,
    4.234740387000010e+01
  ],
  ""type"": ""Point""
}","{
  ""coordinates"": [
    -83.057819379,
    42.34740387
  ],
  ""type"": ""Point""
}",-83.057819379,42.3474038700001
18071,9659430,JOY,METTETAL,2016-03-23,23,3,2016,15,4,5,9,,2,0,,1,2,1,35,6,3,4,3,0,0,1,4,false,,false,false,true,false,false,,,,,,false,false,false,,,false,false,false,false,false,-83.20552,42.358,"{
  ""coordinates"": [
    -8.320551876300000e+01,
    4.235799667400000e+01
  ],
  ""type"": ""Point""
}","{
  ""coordinates"": [
    -83.205518763,
    42.357996674
  ],
  ""type"": ""Point""
}",-83.205518763,42.357996674
18072,9659434,GRATIOT,FAIRMOUNT,2016-03-23,23,3,2016,19,4,9,3,,1,0,,1,1,1,35,3,3,9,4,0,0,0,3,false,,false,false,true,false,false,,,,,,false,false,false,,,false,false,false,false,false,-82.97169,42.44418,"{
  ""coordinates"": [
    -8.297168632400000e+01,
    4.244417759300010e+01
  ],
  ""type"": ""Point""
}","{
  ""coordinates"": [
    -82.971686324,
    42.444177593
  ],
  ""type"": ""Point""
}",-82.971686324,42.4441775930001
18073,9658541,JOS CAMPAU,MINNESOTA,2016-03-23,23,3,2016,16,4,4,9,,4,0,,2,4,1,30,2,2,4,5,0,0,0,0,true,,false,false,false,false,false,,,,,,false,false,false,,,false,false,false,false,false,-83.0731,42.42339,"{
  ""coordinates"": [
    -8.307310040100000e+01,
    4.242339436400000e+01
  ],
  ""type"": ""Point""
}","{
  ""coordinates"": [
    -83.073100401,
    42.423394364
  ],
  ""type"": ""Point""
}",-83.073100401,42.423394364
18074,9663973,W I 96,ELMHURST,2016-03-23,23,3,2016,20,4,5,1,,1,0,,1,2,4,70,4,2,3,4,0,0,0,3,false,,false,false,true,false,false,,,,,,false,false,false,,,false,false,false,false,false,-83.14617,42.37604,"{
  ""coordinates"": [
    -8.314616812600001e+01,
    4.237603977800010e+01
  ],
  ""type"": ""Point""
}","{
  ""coordinates"": [
    -83.146168126,
    42.376039778
  ],
  ""type"": ""Point""
}",-83.146168126,42.3760397780001
18075,9659426,DEVONSHIRE,SOUTHAMPTON,2016-03-23,23,3,2016,20,4,97,9,,,0,,1,1,5,25,2,2,2,5,0,0,0,0,true,,false,false,false,false,false,,,,,,false,false,true,,,false,false,false,false,false,-82.94409,42.405,"{
  ""coordinates"": [
    -8.294409371200000e+01,
    4.240499928200010e+01
  ],
  ""type"": ""Point""
}","{
  ""coordinates"": [
    -82.944093712,
    42.404999282
  ],
  ""type"": ""Point""
}",-82.944093712,42.4049992820001
18076,9661434,GUNSTON,FLANDERS,2016-03-23,23,3,2016,6,4,2,3,,1,2,,1,1,2,35,2,2,6,4,0,0,0,4,false,,false,false,false,false,false,,,,,,false,false,false,,,false,false,false,false,false,-82.99722,42.41099,"{
  ""coordinates"": [
    -8.299721315700000e+01,
    4.241098700900010e+01
  ],
  ""type"": ""Point""
}","{
  ""coordinates"": [
    -82.997213157,
    42.410987009
  ],
  ""type"": ""Point""
}",-82.997213157,42.4109870090001
18077,9659415,HARVARD,CORNWALL,2016-03-23,23,3,2016,12,4,4,9,,,0,,1,2,1,25,1,2,0,5,0,0,0,0,true,,false,false,false,false,false,,,,,,false,true,false,,,false,false,false,false,false,-82.92984,42.40412,"{
  ""coordinates"": [
    -8.292983965499999e+01,
    4.240412186300010e+01
  ],
  ""type"": ""Point""
}","{
  ""coordinates"": [
    -82.929839655,
    42.404121863
  ],
  ""type"": ""Point""
}",-82.929839655,42.4041218630001
18078,9658525,8 MILE,WOODWARD,2016-03-23,23,3,2016,9,4,4,3,,1,0,,1,1,1,25,4,2,2,5,0,0,0,0,true,,true,true,false,false,false,,,,,,false,true,false,,,false,false,false,false,false,-83.12506,42.4465,"{
  ""coordinates"": [
    -8.312505886799990e+01,
    4.244649984900010e+01
  ],
  ""type"": ""Point""
}","{
  ""coordinates"": [
    -83.125058868,
    42.446499849
  ],
  ""type"": ""Point""
}",-83.1250588679999,42.4464998490001
18079,9661489,JOHN KRONK,CENTRAL,2016-03-23,23,3,2016,0,4,1,9,,4,1,,1,1,4,35,2,1,1,4,0,0,0,1,false,,false,false,false,false,false,,,,,,false,false,true,,,false,false,false,false,false,-83.13199,42.32267,"{
  ""coordinates"": [
    -8.313198587499990e+01,
    4.232267142200000e+01
  ],
  ""type"": ""Point""
}","{
  ""coordinates"": [
    -83.131985875,
    42.322671422
  ],
  ""type"": ""Point""
}",-83.1319858749999,42.322671422
18080,9660338,REGULAR,LIVERNOIS,2016-03-23,23,3,2016,11,4,97,9,,,0,,1,1,1,25,3,2,2,4,0,0,0,1,false,,false,false,false,false,false,,,,,,false,false,false,,,false,false,false,true,false,-83.10741,42.31212,"{
  ""coordinates"": [
    -8.310740371100000e+01,
    4.231212345600010e+01
  ],
  ""type"": ""Point""
}","{
  ""coordinates"": [
    -83.107403711,
    42.312123456
  ],
  ""type"": ""Point""
}",-83.107403711,42.3121234560001
18081,9657526,PURITAN,SCHAEFER,2016-03-23,23,3,2016,5,4,4,9,,4,0,,1,1,4,30,3,3,3,3,0,0,2,0,false,,true,true,false,false,false,,,,,,false,false,true,,,false,false,false,false,false,-83.17947,42.40936,"{
  ""coordinates"": [
    -8.317947724800000e+01,
    4.240935866900000e+01
  ],
  ""type"": ""Point""
}","{
  ""coordinates"": [
    -83.179477248,
    42.409358669
  ],
  ""type"": ""Point""
}",-83.179477248,42.409358669
18082,9661435,CAMPBELL,TOLEDO,2016-03-23,23,3,2016,18,4,4,9,,,0,,1,1,1,25,2,2,3,4,0,0,0,1,false,,false,false,false,false,false,,,,,,false,false,false,,,false,false,false,false,false,-83.106,42.32011,"{
  ""coordinates"": [
    -8.310599251399999e+01,
    4.232011576200010e+01
  ],
  ""type"": ""Point""
}","{
  ""coordinates"": [
    -83.105992514,
    42.320115762
  ],
  ""type"": ""Point""
}",-83.105992514,42.3201157620001
18083,9658531,MONROE,ST ANTOINE,2016-03-23,23,3,2016,13,4,8,9,,4,0,,1,2,1,30,2,2,1,5,0,0,0,0,true,,false,false,false,false,false,,,,,,false,false,false,,,false,false,false,false,false,-83.04112,42.33553,"{
  ""coordinates"": [
    -8.304112004099990e+01,
    4.233553062300010e+01
  ],
  ""type"": ""Point""
}","{
  ""coordinates"": [
    -83.041120041,
    42.335530623
  ],
  ""type"": ""Point""
}",-83.0411200409999,42.3355306230001
18084,9658526,N M 10,VASSAR,2016-03-23,23,3,2016,23,4,1,3,,1,1,,2,4,4,25,3,1,1,5,0,0,0,0,true,,false,false,false,false,false,,,,,,false,false,false,,,false,false,false,false,false,-83.19041,42.43426,"{
  ""coordinates"": [
    -8.319040465700000e+01,
    4.243426219300010e+01
  ],
  ""type"": ""Point""
}","{
  ""coordinates"": [
    -83.190404657,
    42.434262193
  ],
  ""type"": ""Point""
}",-83.190404657,42.4342621930001
18085,9661521,WYOMING,FENKELL,2016-03-23,23,3,2016,16,4,5,9,,4,0,,1,1,1,30,4,2,1,4,0,0,0,1,false,,false,false,true,false,false,,,,,,false,false,false,,,false,false,false,false,false,-83.15968,42.40252,"{
  ""coordinates"": [
    -8.315967984500000e+01,
    4.240251362100000e+01
  ],
  ""type"": ""Point""
}","{
  ""coordinates"": [
    -83.159679845,
    42.402513621
  ],
  ""type"": ""Point""
}",-83.159679845,42.402513621
18086,9658523,RYAN,DAVISON,2016-03-23,23,3,2016,6,4,5,9,,4,0,,1,1,1,35,2,2,1,5,0,0,0,0,true,,false,false,true,false,false,,,,,,false,false,true,,,false,false,false,false,false,-83.06057,42.41585,"{
  ""coordinates"": [
    -8.306057083199990e+01,
    4.241584795700000e+01
  ],
  ""type"": ""Point""
}","{
  ""coordinates"": [
    -83.060570832,
    42.415847957
  ],
  ""type"": ""Point""
}",-83.0605708319999,42.415847957
18087,9660351,7 MILE,HOUGHTON,2016-03-23,23,3,2016,20,4,1,9,,2,1,,2,1,4,30,4,1,0,5,0,0,0,0,true,,false,false,true,false,false,,,,,,false,false,false,,,false,false,false,false,false,-83.2606,42.42912,"{
  ""coordinates"": [
    -8.326060590700000e+01,
    4.242912322400010e+01
  ],
  ""type"": ""Point""
}","{
  ""coordinates"": [
    -83.260605907,
    42.429123224
  ],
  ""type"": ""Point""
}",-83.260605907,42.4291232240001
18088,9661464,GREENFIELD,GROVE,2016-03-23,23,3,2016,16,4,4,9,,2,0,,2,1,1,35,6,2,2,5,0,0,0,0,true,,false,false,false,false,false,,,,,,false,true,false,,,false,false,false,false,false,-83.19923,42.41416,"{
  ""coordinates"": [
    -8.319923137599990e+01,
    4.241416355300000e+01
  ],
  ""type"": ""Point""
}","{
  ""coordinates"": [
    -83.199231376,
    42.414163553
  ],
  ""type"": ""Point""
}",-83.1992313759999,42.414163553
18089,9659420,BETHUNE,3RD,2016-03-23,23,3,2016,8,4,8,9,,,0,,1,1,1,0,2,2,6,5,0,0,0,0,true,,false,false,false,false,false,,,,,,false,false,true,,,false,false,false,false,false,-83.08138,42.36993,"{
  ""coordinates"": [
    -8.308137899799991e+01,
    4.236992517600000e+01
  ],
  ""type"": ""Point""
}","{
  ""coordinates"": [
    -83.081378998,
    42.369925176
  ],
  ""type"": ""Point""
}",-83.0813789979999,42.369925176
18090,9661257,I 94,VAN DYKE,2016-03-23,23,3,2016,9,4,97,1,,1,0,,1,2,1,55,3,3,3,4,0,0,0,1,false,,false,false,true,false,false,,,,,,false,false,false,,,false,false,false,false,false,-83.02932,42.38388,"{
  ""coordinates"": [
    -8.302932066900000e+01,
    4.238387759600000e+01
  ],
  ""type"": ""Point""
}","{
  ""coordinates"": [
    -83.029320669,
    42.383877596
  ],
  ""type"": ""Point""
}",-83.029320669,42.383877596
18091,9658669,N M 39,OUTER,2016-03-23,23,3,2016,13,4,8,3,,1,0,,1,2,1,35,3,2,4,5,0,0,0,0,true,,false,false,false,false,false,,,,,,false,false,true,,,false,false,false,false,false,-83.21881,42.41913,"{
  ""coordinates"": [
    -8.321881368000000e+01,
    4.241913121700000e+01
  ],
  ""type"": ""Point""
}","{
  ""coordinates"": [
    -83.21881368,
    42.419131217
  ],
  ""type"": ""Point""
}",-83.21881368,42.419131217
18092,9658540,VAN DYKE,WILLARD,2016-03-23,23,3,2016,15,4,8,9,,4,0,,1,1,1,25,2,2,2,5,0,0,0,0,true,,false,false,false,false,false,,,,,,false,false,false,,,false,false,false,false,false,-83.01154,42.37449,"{
  ""coordinates"": [
    -8.301153800799990e+01,
    4.237449209800010e+01
  ],
  ""type"": ""Point""
}","{
  ""coordinates"": [
    -83.011538008,
    42.374492098
  ],
  ""type"": ""Point""
}",-83.0115380079999,42.3744920980001
18093,9658543,N M 39,7 MILE,2016-03-23,23,3,2016,16,4,5,3,,1,0,,2,2,1,30,3,2,2,5,0,0,0,0,true,,false,false,true,false,false,,,,,,false,false,false,,,false,false,false,false,false,-83.21922,42.42999,"{
  ""coordinates"": [
    -8.321922306399991e+01,
    4.242998999400000e+01
  ],
  ""type"": ""Point""
}","{
  ""coordinates"": [
    -83.219223064,
    42.429989994
  ],
  ""type"": ""Point""
}",-83.2192230639999,42.429989994
18094,9661475,BRUSH,MECHANIC,2016-03-23,23,3,2016,13,4,97,9,,4,0,,1,2,1,30,2,2,0,5,0,0,0,0,true,,false,false,true,false,false,,,,,,false,false,false,,,false,false,false,false,false,-83.04527,42.33673,"{
  ""coordinates"": [
    -8.304526943199990e+01,
    4.233673079000000e+01
  ],
  ""type"": ""Point""
}","{
  ""coordinates"": [
    -83.045269432,
    42.33673079
  ],
  ""type"": ""Point""
}",-83.0452694319999,42.33673079
18095,9659436,7 MILE,RYAN,2016-03-23,23,3,2016,19,4,4,9,,4,0,,1,1,3,30,5,2,1,5,0,0,0,0,true,,false,false,true,false,false,,,,,,false,false,false,,,false,false,false,false,false,-83.06284,42.43314,"{
  ""coordinates"": [
    -8.306283577999990e+01,
    4.243313425200010e+01
  ],
  ""type"": ""Point""
}","{
  ""coordinates"": [
    -83.06283578,
    42.433134252
  ],
  ""type"": ""Point""
}",-83.0628357799999,42.4331342520001
18096,9660281,M-10,DAVISON,2016-03-23,23,3,2016,7,4,8,3,,1,0,,1,2,5,55,4,2,3,5,0,0,0,0,true,,false,false,false,false,false,,,,,,false,true,false,,,false,false,false,false,false,-83.11176,42.39892,"{
  ""coordinates"": [
    -8.311175603899990e+01,
    4.239892276800000e+01
  ],
  ""type"": ""Point""
}","{
  ""coordinates"": [
    -83.111756039,
    42.398922768
  ],
  ""type"": ""Point""
}",-83.1117560389999,42.398922768
18097,9664867,GRAND,N M 10,2016-03-23,23,3,2016,15,4,8,9,,4,0,,1,1,1,25,2,3,3,5,0,0,0,0,true,,false,false,false,false,false,,,,,,false,false,false,,,false,false,false,false,false,-83.08183,42.36718,"{
  ""coordinates"": [
    -8.308182652900000e+01,
    4.236718251900000e+01
  ],
  ""type"": ""Point""
}","{
  ""coordinates"": [
    -83.081826529,
    42.367182519
  ],
  ""type"": ""Point""
}",-83.081826529,42.367182519
18098,9658513,LIVERNOIS,DAVISON,2016-03-23,23,3,2016,7,4,4,3,,4,0,,1,1,1,30,7,3,6,5,0,0,0,0,true,,true,true,false,false,false,,,,,,false,false,true,,,false,false,false,false,false,-83.13953,42.38655,"{
  ""coordinates"": [
    -8.313953442899999e+01,
    4.238655212500000e+01
  ],
  ""type"": ""Point""
}","{
  ""coordinates"": [
    -83.139534429,
    42.386552125
  ],
  ""type"": ""Point""
}",-83.139534429,42.386552125
18099,9658547,PREST,CLARITA,2016-03-23,23,3,2016,11,4,4,9,,,0,,1,2,1,25,1,2,3,5,0,0,0,0,true,,false,false,false,false,false,,,,,,false,false,true,,,false,false,false,false,false,-83.1986,42.42863,"{
  ""coordinates"": [
    -8.319860213500000e+01,
    4.242862567300010e+01
  ],
  ""type"": ""Point""
}","{
  ""coordinates"": [
    -83.198602135,
    42.428625673
  ],
  ""type"": ""Point""
}",-83.198602135,42.4286256730001
18100,9661432,LEVERETTE,BROOKLYN,2016-03-23,23,3,2016,17,4,2,9,,,2,,1,1,1,0,4,2,1,5,0,0,0,0,true,,false,false,false,false,false,,,,,,false,false,true,,,false,false,false,false,false,-83.06368,42.33125,"{
  ""coordinates"": [
    -8.306368323800000e+01,
    4.233125283600000e+01
  ],
  ""type"": ""Point""
}","{
  ""coordinates"": [
    -83.063683238,
    42.331252836
  ],
  ""type"": ""Point""
}",-83.063683238,42.331252836
18101,9688106,28TH,JACKSON,2016-03-23,23,3,2016,7,4,8,9,,,0,,1,1,1,25,2,2,0,5,0,0,0,0,true,,false,false,true,false,false,,,,,,false,false,false,,,false,false,false,false,false,-83.10689,42.33447,"{
  ""coordinates"": [
    -8.310688485400000e+01,
    4.233446882400010e+01
  ],
  ""type"": ""Point""
}","{
  ""coordinates"": [
    -83.106884854,
    42.334468824
  ],
  ""type"": ""Point""
}",-83.106884854,42.3344688240001
18102,9658396,N I 75,ROSA PARKS,2016-03-22,22,3,2016,17,3,8,1,,1,0,,1,1,1,55,4,2,4,4,0,0,0,3,false,,false,false,false,false,false,,,,,,false,false,true,,,false,false,false,false,false,-83.0737,42.33308,"{
  ""coordinates"": [
    -8.307369908399990e+01,
    4.233307470400010e+01
  ],
  ""type"": ""Point""
}","{
  ""coordinates"": [
    -83.073699084,
    42.333074704
  ],
  ""type"": ""Point""
}",-83.0736990839999,42.3330747040001
18103,9657581,GRAND,LODGE SR,2016-03-22,22,3,2016,9,3,4,9,,,0,,1,1,1,25,3,2,2,5,0,0,0,0,true,,false,false,false,false,false,,,,,,false,false,false,,,false,false,false,false,false,-83.1125,42.39857,"{
  ""coordinates"": [
    -8.311249641700000e+01,
    4.239857481400000e+01
  ],
  ""type"": ""Point""
}","{
  ""coordinates"": [
    -83.112496417,
    42.398574814
  ],
  ""type"": ""Point""
}",-83.112496417,42.398574814
18104,9657536,RUTLAND,PLYMOUTH,2016-03-22,22,3,2016,4,3,97,9,,,0,,1,1,4,25,2,2,0,5,0,0,0,0,true,,false,false,true,false,false,,,,,,false,false,false,,,false,false,false,false,false,-83.21321,42.37203,"{
  ""coordinates"": [
    -8.321321291299989e+01,
    4.237203045300000e+01
  ],
  ""type"": ""Point""
}","{
  ""coordinates"": [
    -83.213212913,
    42.372030453
  ],
  ""type"": ""Point""
}",-83.2132129129999,42.372030453
18105,9657522,MAJESTIC,GRANDMONT,2016-03-22,22,3,2016,13,3,97,9,,,0,,1,1,1,25,1,2,0,5,0,0,0,0,true,,false,false,true,false,false,,,,,,false,false,false,,,false,false,false,false,false,-83.20815,42.34588,"{
  ""coordinates"": [
    -8.320815218300000e+01,
    4.234588147100000e+01
  ],
  ""type"": ""Point""
}","{
  ""coordinates"": [
    -83.208152183,
    42.345881471
  ],
  ""type"": ""Point""
}",-83.208152183,42.345881471
18106,9660354,DAVISON,LAWTON,2016-03-22,22,3,2016,21,3,5,3,,1,0,,1,1,4,30,3,2,3,5,0,0,0,0,true,,false,false,false,false,false,,,,,,false,false,false,,,false,false,false,false,false,-83.12476,42.392,"{
  ""coordinates"": [
    -8.312475765100000e+01,
    4.239199939100010e+01
  ],
  ""type"": ""Point""
}","{
  ""coordinates"": [
    -83.124757651,
    42.391999391
  ],
  ""type"": ""Point""
}",-83.124757651,42.3919993910001
18107,9658532,JEFFERSON,PHILLIP,2016-03-22,22,3,2016,13,3,8,9,,4,0,,1,1,1,35,4,2,1,5,0,0,0,0,true,,false,false,false,false,false,,,,,,false,false,false,,,false,false,false,false,false,-82.94203,42.37383,"{
  ""coordinates"": [
    -8.294202948600000e+01,
    4.237383413100010e+01
  ],
  ""type"": ""Point""
}","{
  ""coordinates"": [
    -82.942029486,
    42.373834131
  ],
  ""type"": ""Point""
}",-82.942029486,42.3738341310001
18108,9660296,RAMP 010B,M 39,2016-03-22,22,3,2016,10,3,5,3,,1,0,,1,1,1,55,1,2,2,5,0,0,0,0,true,,false,false,false,false,false,,,,,,false,false,true,,,false,false,false,false,false,-83.21843,42.41607,"{
  ""coordinates"": [
    -8.321843210500001e+01,
    4.241606888200000e+01
  ],
  ""type"": ""Point""
}","{
  ""coordinates"": [
    -83.218432105,
    42.416068882
  ],
  ""type"": ""Point""
}",-83.218432105,42.416068882
18109,9663960,I-94,CADIEUX,2016-03-22,22,3,2016,22,3,1,1,,1,1,,1,1,4,55,3,1,1,4,0,0,0,1,false,,false,false,false,true,false,,,,,,false,false,false,,,false,false,false,false,false,-82.9407,42.41475,"{
  ""coordinates"": [
    -8.294070432599990e+01,
    4.241475132700000e+01
  ],
  ""type"": ""Point""
}","{
  ""coordinates"": [
    -82.940704326,
    42.414751327
  ],
  ""type"": ""Point""
}",-82.9407043259999,42.414751327
18110,9661463,GREENFIELD,TYLER,2016-03-22,22,3,2016,14,3,5,9,,2,0,,1,1,1,35,4,2,1,5,0,0,0,0,true,,false,false,false,false,false,,,,,,false,false,false,,,false,false,false,false,false,-83.19801,42.38379,"{
  ""coordinates"": [
    -8.319800328600000e+01,
    4.238379396300010e+01
  ],
  ""type"": ""Point""
}","{
  ""coordinates"": [
    -83.198003286,
    42.383793963
  ],
  ""type"": ""Point""
}",-83.198003286,42.3837939630001
18111,9657471,I-96,M-39,2016-03-22,22,3,2016,8,3,5,1,,1,0,,1,1,1,70,3,2,2,5,0,0,0,0,true,,false,false,false,false,false,,,,,,false,false,false,,,false,false,false,false,false,-83.21857,42.37859,"{
  ""coordinates"": [
    -8.321857792400000e+01,
    4.237858490200010e+01
  ],
  ""type"": ""Point""
}","{
  ""coordinates"": [
    -83.218577924,
    42.378584902
  ],
  ""type"": ""Point""
}",-83.218577924,42.3785849020001
18112,9661517,GRANDRIVER,LIVERNOIS,2016-03-22,22,3,2016,16,3,4,3,,1,0,,1,2,1,30,7,2,7,4,0,0,0,6,false,,false,false,false,false,false,,,,,,false,false,false,,,false,false,false,false,false,-83.13867,42.36861,"{
  ""coordinates"": [
    -8.313867387399991e+01,
    4.236861485300010e+01
  ],
  ""type"": ""Point""
}","{
  ""coordinates"": [
    -83.138673874,
    42.368614853
  ],
  ""type"": ""Point""
}",-83.1386738739999,42.3686148530001
18113,9657442,I-75,VERNOR,2016-03-22,22,3,2016,11,3,1,1,,1,1,,1,1,1,55,3,1,1,5,0,0,0,0,true,,false,false,false,false,false,,,,,,false,false,true,,,false,false,false,false,false,-83.12571,42.29628,"{
  ""coordinates"": [
    -8.312570950999999e+01,
    4.229627657200010e+01
  ],
  ""type"": ""Point""
}","{
  ""coordinates"": [
    -83.12570951,
    42.296276572
  ],
  ""type"": ""Point""
}",-83.12570951,42.2962765720001
18114,9657567,DEQUINDRE,8 MILE,2016-03-22,22,3,2016,9,3,1,3,,4,0,,1,1,1,30,4,2,2,4,0,0,0,1,false,,false,false,false,false,false,,,,,,false,false,false,,,false,false,false,true,false,-83.08338,42.44702,"{
  ""coordinates"": [
    -8.308337785799991e+01,
    4.244701836200010e+01
  ],
  ""type"": ""Point""
}","{
  ""coordinates"": [
    -83.083377858,
    42.447018362
  ],
  ""type"": ""Point""
}",-83.0833778579999,42.4470183620001
18115,9663207,WARREN,SCOTTEN,2016-03-22,22,3,2016,10,3,4,9,,4,0,,1,1,1,35,4,2,1,5,0,0,0,0,true,,false,false,true,false,false,,,,,,false,false,true,,,false,false,false,false,false,-83.11103,42.34473,"{
  ""coordinates"": [
    -8.311103160200000e+01,
    4.234473569500010e+01
  ],
  ""type"": ""Point""
}","{
  ""coordinates"": [
    -83.111031602,
    42.344735695
  ],
  ""type"": ""Point""
}",-83.111031602,42.3447356950001
18116,9658530,ALEXANDRINE,WOODWARD,2016-03-22,22,3,2016,14,3,8,3,,4,0,,1,1,1,20,2,2,2,5,0,0,0,0,true,,false,false,false,false,false,,,,,,false,false,false,,,false,false,false,false,false,-83.05991,42.35062,"{
  ""coordinates"": [
    -8.305990653600000e+01,
    4.235061922700000e+01
  ],
  ""type"": ""Point""
}","{
  ""coordinates"": [
    -83.059906536,
    42.350619227
  ],
  ""type"": ""Point""
}",-83.059906536,42.350619227
18117,9658527,JOY,MEYER,2016-03-22,22,3,2016,16,3,8,9,,4,0,,1,2,1,30,5,2,4,4,0,0,0,2,false,,false,false,false,false,false,,,,,,false,false,false,,,false,false,false,false,false,-83.16789,42.35873,"{
  ""coordinates"": [
    -8.316789535600000e+01,
    4.235872994600000e+01
  ],
  ""type"": ""Point""
}","{
  ""coordinates"": [
    -83.167895356,
    42.358729946
  ],
  ""type"": ""Point""
}",-83.167895356,42.358729946