ObjectId,Crash ID,Primary Road,Intersecting Road,Crash Date,Day,Month,Year,Hour,Weekday,Crash Type Code,Highway Classification Code,Community Code,Jurisdiction Code,Lane Departure Type Code,Surface Type,Road Condition,Weather Condition,Lighting Condition,Speed Limit,Lanes,Units,Occupants,Most Severe Injury,Fatal Injuries,Suspected Serious Injuries,Suspected Minor Injuries,Possible Injuries,Property Damage Only,Secondary Crash,Traffic Control,Red Light Run,Hit and Run,Alcohol,Drugs,Unbelted Person,Work Zone,Speeding Driver,Distracted Driver,Driveway,Pedestrian,Elderly Driver,Young Driver,Commercial Vehicle,Emergency Vehicles,Train,School Bus,Motorcycle,Bicycle,Deer,Longitude,Latitude,geom,geog,x,y
18118,9662500,WYOMING,LYNDON,2016-03-22,22,3,2016,16,3,8,9,,4,0,,1,1,1,30,5,2,1,5,0,0,0,0,true,,false,false,true,false,false,,,,,,false,true,false,,,false,false,false,false,false,-83.15929,42.39386,"{
  ""coordinates"": [
    -8.315929129499990e+01,
    4.239386354800010e+01
  ],
  ""type"": ""Point""
}","{
  ""coordinates"": [
    -83.159291295,
    42.393863548
  ],
  ""type"": ""Point""
}",-83.1592912949999,42.3938635480001
18119,9669336,ANTHONY WAYNE,WARREN,2016-03-22,22,3,2016,15,3,4,9,,4,0,,1,1,1,25,3,2,1,5,0,0,0,0,true,,false,false,true,false,false,,,,,,false,false,true,,,false,false,false,false,false,-83.07117,42.35466,"{
  ""coordinates"": [
    -8.307116400699989e+01,
    4.235466423900000e+01
  ],
  ""type"": ""Point""
}","{
  ""coordinates"": [
    -83.071164007,
    42.354664239
  ],
  ""type"": ""Point""
}",-83.0711640069999,42.354664239
18120,9661520,LIVERNOIS,DAVISON,2016-03-22,22,3,2016,18,3,8,3,,4,0,,1,1,1,35,3,2,2,5,0,0,0,0,true,,false,false,false,false,false,,,,,,false,false,false,,,false,false,false,false,false,-83.13954,42.38669,"{
  ""coordinates"": [
    -8.313953993199991e+01,
    4.238668933700010e+01
  ],
  ""type"": ""Point""
}","{
  ""coordinates"": [
    -83.139539932,
    42.386689337
  ],
  ""type"": ""Point""
}",-83.1395399319999,42.3866893370001
18121,9658524,GRAND RIVER,MARK TWAIN,2016-03-22,22,3,2016,22,3,4,3,,1,0,,1,1,4,35,7,2,5,4,0,0,0,3,false,,true,true,false,false,false,,,,,,false,false,true,,,false,false,false,false,false,-83.18601,42.38768,"{
  ""coordinates"": [
    -8.318601282700000e+01,
    4.238768388700000e+01
  ],
  ""type"": ""Point""
}","{
  ""coordinates"": [
    -83.186012827,
    42.387683887
  ],
  ""type"": ""Point""
}",-83.186012827,42.387683887
18122,9671179,I-94,I-75,2016-03-22,22,3,2016,17,3,5,1,,1,0,,1,1,1,55,3,2,2,5,0,0,0,0,true,,false,false,false,false,false,,,,,,false,false,true,,,false,false,false,false,false,-83.07419,42.36023,"{
  ""coordinates"": [
    -8.307418865100000e+01,
    4.236023241200010e+01
  ],
  ""type"": ""Point""
}","{
  ""coordinates"": [
    -83.074188651,
    42.360232412
  ],
  ""type"": ""Point""
}",-83.074188651,42.3602324120001
18123,9657397,N/B M-39,FORD,2016-03-22,22,3,2016,15,3,5,3,,1,0,,1,1,1,55,3,2,2,5,0,0,0,0,true,,false,false,true,false,false,,,,,,false,false,false,,,false,false,false,false,false,-83.21558,42.32922,"{
  ""coordinates"": [
    -8.321558748800000e+01,
    4.232921483200000e+01
  ],
  ""type"": ""Point""
}","{
  ""coordinates"": [
    -83.215587488,
    42.329214832
  ],
  ""type"": ""Point""
}",-83.215587488,42.329214832
18124,9657521,GRAND,THIRD,2016-03-22,22,3,2016,17,3,8,9,,4,0,,1,1,1,0,3,2,2,5,0,0,0,0,true,,false,false,false,false,false,,,,,,false,false,true,,,false,false,false,false,false,-83.0652,42.34419,"{
  ""coordinates"": [
    -8.306520041999990e+01,
    4.234418697900000e+01
  ],
  ""type"": ""Point""
}","{
  ""coordinates"": [
    -83.06520042,
    42.344186979
  ],
  ""type"": ""Point""
}",-83.0652004199999,42.344186979
18125,9661266,I-96,M-39,2016-03-22,22,3,2016,9,3,5,1,,1,0,,1,1,1,70,3,2,2,5,0,0,0,0,true,,false,false,false,false,false,,,,,,false,true,false,,,false,false,false,false,false,-83.21968,42.37851,"{
  ""coordinates"": [
    -8.321968331499990e+01,
    4.237850799500010e+01
  ],
  ""type"": ""Point""
}","{
  ""coordinates"": [
    -83.219683315,
    42.378507995
  ],
  ""type"": ""Point""
}",-83.2196833149999,42.3785079950001
18126,9657410,NB I-75,GRAND RIVER,2016-03-22,22,3,2016,23,3,8,1,,1,0,,1,1,4,55,3,2,5,4,0,0,0,1,false,,false,false,false,false,false,,,,,,false,false,true,,,false,false,false,false,false,-83.06377,42.33536,"{
  ""coordinates"": [
    -8.306377060200001e+01,
    4.233535934000000e+01
  ],
  ""type"": ""Point""
}","{
  ""coordinates"": [
    -83.063770602,
    42.33535934
  ],
  ""type"": ""Point""
}",-83.063770602,42.33535934
18127,9843301,SECOND,FORT,2016-03-22,22,3,2016,8,3,4,3,,4,0,,1,2,1,35,5,2,3,3,0,0,2,1,false,,false,false,false,false,false,,,,,,false,false,false,,,false,false,false,false,false,-83.05315,42.32819,"{
  ""coordinates"": [
    -8.305315285300000e+01,
    4.232819375100010e+01
  ],
  ""type"": ""Point""
}","{
  ""coordinates"": [
    -83.053152853,
    42.328193751
  ],
  ""type"": ""Point""
}",-83.053152853,42.3281937510001
18128,9657525,FOREST,DREXEL,2016-03-22,22,3,2016,13,3,9,9,,,2,,1,1,1,25,2,2,4,5,0,0,0,0,true,,false,false,true,false,false,,,,,,false,true,false,,,false,false,false,false,false,-82.96404,42.39162,"{
  ""coordinates"": [
    -8.296403617999989e+01,
    4.239161667300000e+01
  ],
  ""type"": ""Point""
}","{
  ""coordinates"": [
    -82.96403618,
    42.391616673
  ],
  ""type"": ""Point""
}",-82.9640361799999,42.391616673
18129,9657576,JEFFERSON,DUBOIS,2016-03-22,22,3,2016,17,3,8,9,,4,0,,1,1,1,35,4,2,2,5,0,0,0,0,true,,false,false,false,false,false,,,,,,false,false,true,,,false,false,false,false,false,-83.02481,42.3373,"{
  ""coordinates"": [
    -8.302481355299990e+01,
    4.233730311900010e+01
  ],
  ""type"": ""Point""
}","{
  ""coordinates"": [
    -83.024813553,
    42.337303119
  ],
  ""type"": ""Point""
}",-83.0248135529999,42.3373031190001
18130,9657404,W I 96 CD,RAMP 137E,2016-03-22,22,3,2016,0,3,5,1,,1,0,,1,1,4,55,3,3,7,3,0,0,1,3,false,,false,false,false,false,false,,,,,,false,false,true,,,false,false,false,false,false,-83.18126,42.38285,"{
  ""coordinates"": [
    -8.318125979099990e+01,
    4.238284707300010e+01
  ],
  ""type"": ""Point""
}","{
  ""coordinates"": [
    -83.181259791,
    42.382847073
  ],
  ""type"": ""Point""
}",-83.1812597909999,42.3828470730001
18131,9670128,WOODWARD,MICHIGAN,2016-03-22,22,3,2016,8,3,97,9,,4,0,,1,1,1,0,1,2,1,5,0,0,0,0,true,,false,false,true,false,false,,,,,,true,false,false,,,false,false,false,false,false,-83.047,42.33164,"{
  ""coordinates"": [
    -8.304700758000000e+01,
    4.233164056900010e+01
  ],
  ""type"": ""Point""
}","{
  ""coordinates"": [
    -83.04700758,
    42.331640569
  ],
  ""type"": ""Point""
}",-83.04700758,42.3316405690001
18132,9663959,I-94,VAN DYKE,2016-03-22,22,3,2016,22,3,5,1,,1,0,,1,1,4,55,3,2,4,3,0,0,1,0,false,,false,false,true,true,false,,,,,,false,false,false,,,false,false,false,false,false,-83.01575,42.38785,"{
  ""coordinates"": [
    -8.301575519300000e+01,
    4.238784872100010e+01
  ],
  ""type"": ""Point""
}","{
  ""coordinates"": [
    -83.015755193,
    42.387848721
  ],
  ""type"": ""Point""
}",-83.015755193,42.3878487210001
18133,9657532,FRANKLIN,RIOPELLE,2016-03-22,22,3,2016,10,3,4,9,,5,0,,1,1,1,25,2,2,2,5,0,0,0,0,true,,false,false,false,false,false,,,,,,false,false,false,,,false,false,false,false,false,-83.02989,42.33342,"{
  ""coordinates"": [
    -8.302989309199999e+01,
    4.233341484200000e+01
  ],
  ""type"": ""Point""
}","{
  ""coordinates"": [
    -83.029893092,
    42.333414842
  ],
  ""type"": ""Point""
}",-83.029893092,42.333414842
18134,9660295,E I 96,MCGRAW,2016-03-22,22,3,2016,7,3,5,1,,1,0,,1,1,2,55,5,2,1,5,0,0,0,0,true,,false,false,true,false,false,,,,,,false,false,false,,,false,false,false,false,false,-83.10258,42.35268,"{
  ""coordinates"": [
    -8.310257426200000e+01,
    4.235268575200010e+01
  ],
  ""type"": ""Point""
}","{
  ""coordinates"": [
    -83.102574262,
    42.352685752
  ],
  ""type"": ""Point""
}",-83.102574262,42.3526857520001
18135,9663195,PACIFIC,IRONWOOD,2016-03-22,22,3,2016,9,3,4,9,,,0,,1,1,1,25,2,2,5,4,0,0,0,2,false,,true,false,false,false,false,,,,,,false,false,true,,,false,false,false,false,false,-83.12362,42.35558,"{
  ""coordinates"": [
    -8.312362004100000e+01,
    4.235557719900000e+01
  ],
  ""type"": ""Point""
}","{
  ""coordinates"": [
    -83.123620041,
    42.355577199
  ],
  ""type"": ""Point""
}",-83.123620041,42.355577199
18136,9658408,JOHN R,GREENDALE,2016-03-22,22,3,2016,16,3,4,9,,4,0,,1,1,1,30,2,2,3,4,0,0,0,1,false,,false,false,false,false,false,,,,,,false,false,true,,,false,false,false,false,false,-83.10215,42.4269,"{
  ""coordinates"": [
    -8.310214814600000e+01,
    4.242689820600000e+01
  ],
  ""type"": ""Point""
}","{
  ""coordinates"": [
    -83.102148146,
    42.426898206
  ],
  ""type"": ""Point""
}",-83.102148146,42.426898206
18137,9658529,HUBBELL,ELMIRA,2016-03-22,22,3,2016,22,3,5,9,,4,0,,1,1,4,30,2,2,1,5,0,0,0,0,true,,false,false,false,false,false,,,,,,false,true,false,,,false,false,false,false,false,-83.18767,42.37064,"{
  ""coordinates"": [
    -8.318766949600000e+01,
    4.237064219500010e+01
  ],
  ""type"": ""Point""
}","{
  ""coordinates"": [
    -83.187669496,
    42.370642195
  ],
  ""type"": ""Point""
}",-83.187669496,42.3706421950001
18138,9659297,I-75,PIQUETTE,2016-03-22,22,3,2016,16,3,5,1,,1,0,,1,2,1,70,4,3,6,4,0,0,0,2,false,,false,false,false,false,false,,,,,,false,false,false,,,false,false,false,false,false,-83.05882,42.37046,"{
  ""coordinates"": [
    -8.305882497100001e+01,
    4.237046417900010e+01
  ],
  ""type"": ""Point""
}","{
  ""coordinates"": [
    -83.058824971,
    42.370464179
  ],
  ""type"": ""Point""
}",-83.058824971,42.3704641790001
18139,9657571,WOODWARD,7 MILE,2016-03-22,22,3,2016,20,3,5,3,,1,0,,1,1,4,45,3,2,3,4,0,0,0,2,false,,false,false,false,false,false,,,,,,false,false,false,,,false,false,false,false,false,-83.11544,42.43215,"{
  ""coordinates"": [
    -8.311543848500000e+01,
    4.243215352900010e+01
  ],
  ""type"": ""Point""
}","{
  ""coordinates"": [
    -83.115438485,
    42.432153529
  ],
  ""type"": ""Point""
}",-83.115438485,42.4321535290001
18140,9658528,SCHAEFER,E I 96 SERVICE DRIVE,2016-03-22,22,3,2016,18,3,5,1,,4,0,,1,2,1,35,3,3,5,2,0,1,0,0,false,,false,false,false,false,false,,,,,,false,false,true,,,false,false,false,false,false,-83.17834,42.38259,"{
  ""coordinates"": [
    -8.317833350799999e+01,
    4.238259291400000e+01
  ],
  ""type"": ""Point""
}","{
  ""coordinates"": [
    -83.178333508,
    42.382592914
  ],
  ""type"": ""Point""
}",-83.178333508,42.382592914
18141,9661468,WYOMING,INTERVALE,2016-03-22,22,3,2016,15,3,5,9,,4,0,,1,1,1,35,3,2,2,5,0,0,0,0,true,,false,false,false,true,false,,,,,,false,true,false,,,false,false,false,false,false,-83.1592,42.39165,"{
  ""coordinates"": [
    -8.315920119399991e+01,
    4.239164812000010e+01
  ],
  ""type"": ""Point""
}","{
  ""coordinates"": [
    -83.159201194,
    42.39164812
  ],
  ""type"": ""Point""
}",-83.1592011939999,42.3916481200001
18142,9657575,ILENE,GROVE,2016-03-22,22,3,2016,16,3,1,9,,,1,,1,1,1,25,1,1,1,5,0,0,0,0,true,,false,false,true,false,false,,,,,,false,false,false,,,false,false,false,false,false,-83.16234,42.41391,"{
  ""coordinates"": [
    -8.316234138100000e+01,
    4.241390546500000e+01
  ],
  ""type"": ""Point""
}","{
  ""coordinates"": [
    -83.162341381,
    42.413905465
  ],
  ""type"": ""Point""
}",-83.162341381,42.413905465
18143,9681350,GREENFIELD,CLARITA,2016-03-22,22,3,2016,6,3,5,9,,2,0,,1,2,4,35,6,2,0,5,0,0,0,0,true,,false,false,true,false,false,,,,,,false,false,false,,,false,false,false,false,false,-83.19978,42.42825,"{
  ""coordinates"": [
    -8.319977956900000e+01,
    4.242824450400010e+01
  ],
  ""type"": ""Point""
}","{
  ""coordinates"": [
    -83.199779569,
    42.428244504
  ],
  ""type"": ""Point""
}",-83.199779569,42.4282445040001
18144,9657422,I-75,DAVISON,2016-03-22,22,3,2016,23,3,1,1,,1,1,,1,1,4,70,4,1,1,5,0,0,0,0,true,,false,false,false,false,false,,,,,,false,false,false,,,false,false,false,false,false,-83.07265,42.40356,"{
  ""coordinates"": [
    -8.307265155000000e+01,
    4.240356595900000e+01
  ],
  ""type"": ""Point""
}","{
  ""coordinates"": [
    -83.07265155,
    42.403565959
  ],
  ""type"": ""Point""
}",-83.07265155,42.403565959
18145,9657539,W I 96,W I 96 CD,2016-03-22,22,3,2016,14,3,8,1,,1,0,,1,2,1,30,3,2,6,5,0,0,0,0,true,,false,false,false,false,false,,,,,,false,false,false,,,false,false,false,false,false,-83.25471,42.38557,"{
  ""coordinates"": [
    -8.325470838099990e+01,
    4.238556983600010e+01
  ],
  ""type"": ""Point""
}","{
  ""coordinates"": [
    -83.254708381,
    42.385569836
  ],
  ""type"": ""Point""
}",-83.2547083809999,42.3855698360001
18146,9657405,WB I-94,LIVERNOIS,2016-03-22,22,3,2016,3,3,1,1,,1,1,,1,1,4,70,3,1,2,5,0,0,0,0,true,,false,false,false,false,false,,,,,,false,false,false,,,false,false,false,false,false,-83.11017,42.34669,"{
  ""coordinates"": [
    -8.311016693700000e+01,
    4.234669449600010e+01
  ],
  ""type"": ""Point""
}","{
  ""coordinates"": [
    -83.110166937,
    42.346694496
  ],
  ""type"": ""Point""
}",-83.110166937,42.3466944960001
18147,9657572,GREENFIELD,VASSAR,2016-03-22,22,3,2016,15,3,4,9,,2,0,,1,1,1,35,4,2,5,5,0,0,0,0,true,,true,true,false,false,false,,,,,,false,false,true,,,false,false,false,false,false,-83.20002,42.43401,"{
  ""coordinates"": [
    -8.320001828100000e+01,
    4.243400567900010e+01
  ],
  ""type"": ""Point""
}","{
  ""coordinates"": [
    -83.200018281,
    42.434005679
  ],
  ""type"": ""Point""
}",-83.200018281,42.4340056790001
18148,9658539,DAVISON,LINWOOD,2016-03-22,22,3,2016,20,3,3,3,,1,0,,1,1,4,35,7,2,2,4,0,0,0,2,false,,false,false,false,false,false,,,,,,false,true,false,,,false,false,false,false,false,-83.12202,42.39302,"{
  ""coordinates"": [
    -8.312202187100000e+01,
    4.239301701600000e+01
  ],
  ""type"": ""Point""
}","{
  ""coordinates"": [
    -83.122021871,
    42.393017016
  ],
  ""type"": ""Point""
}",-83.122021871,42.393017016
18149,9656746,VAN DYKE,JORDAN,2016-03-21,21,3,2016,7,2,6,3,,1,0,,1,1,1,35,2,2,2,5,0,0,0,0,true,,false,false,false,false,false,,,,,,false,false,false,,,false,false,false,false,false,-83.02319,42.40616,"{
  ""coordinates"": [
    -8.302319522999990e+01,
    4.240616159600010e+01
  ],
  ""type"": ""Point""
}","{
  ""coordinates"": [
    -83.02319523,
    42.406161596
  ],
  ""type"": ""Point""
}",-83.0231952299999,42.4061615960001
18150,9657535,W I 94,LIVERNOIS,2016-03-21,21,3,2016,17,2,5,1,,1,0,,1,1,1,70,5,2,2,5,0,0,0,0,true,,false,false,false,false,false,,,,,,false,false,false,,,false,false,false,false,false,-83.1246,42.33757,"{
  ""coordinates"": [
    -8.312460395100000e+01,
    4.233757188800010e+01
  ],
  ""type"": ""Point""
}","{
  ""coordinates"": [
    -83.124603951,
    42.337571888
  ],
  ""type"": ""Point""
}",-83.124603951,42.3375718880001
18151,9671433,SCHOENHERR,7 MILE,2016-03-21,21,3,2016,13,2,97,9,,4,0,,1,1,1,30,4,2,2,5,0,0,0,0,true,,false,false,false,false,false,,,,,,false,false,true,,,false,false,false,false,false,-82.98511,42.43479,"{
  ""coordinates"": [
    -8.298511073700000e+01,
    4.243478593200010e+01
  ],
  ""type"": ""Point""
}","{
  ""coordinates"": [
    -82.985110737,
    42.434785932
  ],
  ""type"": ""Point""
}",-82.985110737,42.4347859320001
18152,9656756,PINEHURST,BELTON,2016-03-21,21,3,2016,20,2,4,9,,,0,,1,1,4,25,2,2,3,4,0,0,0,2,false,,true,false,false,false,false,,,,,,false,false,false,,,false,false,false,false,false,-83.16512,42.35397,"{
  ""coordinates"": [
    -8.316512615200000e+01,
    4.235397275800010e+01
  ],
  ""type"": ""Point""
}","{
  ""coordinates"": [
    -83.165126152,
    42.353972758
  ],
  ""type"": ""Point""
}",-83.165126152,42.3539727580001
18153,9657559,BRAILE,HESSEL,2016-03-21,21,3,2016,6,2,6,9,,,0,,1,2,4,25,2,2,3,4,0,0,0,1,false,,false,false,false,false,false,,,,,,false,false,true,,,false,false,false,false,false,-83.24661,42.44211,"{
  ""coordinates"": [
    -8.324661435599999e+01,
    4.244211111200010e+01
  ],
  ""type"": ""Point""
}","{
  ""coordinates"": [
    -83.246614356,
    42.442111112
  ],
  ""type"": ""Point""
}",-83.246614356,42.4421111120001
18154,9663236,8 MILE,MOUND,2016-03-21,21,3,2016,15,2,97,3,,1,0,,1,1,1,45,4,2,3,5,0,0,0,0,true,,false,false,false,false,false,,,,,,false,false,false,,,false,false,false,false,false,-83.04357,42.44778,"{
  ""coordinates"": [
    -8.304357375700000e+01,
    4.244777956800000e+01
  ],
  ""type"": ""Point""
}","{
  ""coordinates"": [
    -83.043573757,
    42.447779568
  ],
  ""type"": ""Point""
}",-83.043573757,42.447779568
18155,9670599,GREENFIELD,BLESSER,2016-03-21,21,3,2016,14,2,5,9,,2,0,,1,1,1,40,3,2,2,5,0,0,0,0,true,,false,false,false,false,false,,,,,,false,true,false,,,false,false,false,false,false,-83.19621,42.34188,"{
  ""coordinates"": [
    -8.319621165599990e+01,
    4.234187658500010e+01
  ],
  ""type"": ""Point""
}","{
  ""coordinates"": [
    -83.196211656,
    42.341876585
  ],
  ""type"": ""Point""
}",-83.1962116559999,42.3418765850001
18156,9656751,MORANG,CADIEUX,2016-03-21,21,3,2016,20,2,4,9,,4,0,,1,1,5,25,2,2,2,5,0,0,0,0,true,,false,false,false,false,false,,,,,,false,false,false,,,false,false,false,false,false,-82.94029,42.42216,"{
  ""coordinates"": [
    -8.294029405399991e+01,
    4.242215793900000e+01
  ],
  ""type"": ""Point""
}","{
  ""coordinates"": [
    -82.940294054,
    42.422157939
  ],
  ""type"": ""Point""
}",-82.9402940539999,42.422157939
18157,9659397,JEFFERSON,GRISWOLD,2016-03-21,21,3,2016,16,2,5,9,,5,0,,1,1,1,0,8,2,3,5,0,0,0,0,true,,false,false,false,false,false,,,,,,false,false,false,,,false,false,false,false,false,-83.04542,42.32849,"{
  ""coordinates"": [
    -8.304541625099991e+01,
    4.232849149800010e+01
  ],
  ""type"": ""Point""
}","{
  ""coordinates"": [
    -83.045416251,
    42.328491498
  ],
  ""type"": ""Point""
}",-83.0454162509999,42.3284914980001
18158,9657396,S/B M-10,MEYERS,2016-03-21,21,3,2016,16,2,8,3,,1,0,,1,1,1,55,3,2,1,4,0,0,0,1,false,,false,false,true,false,false,,,,,,false,false,false,,,false,false,false,false,false,-83.1646,42.409,"{
  ""coordinates"": [
    -8.316460701699999e+01,
    4.240899947200010e+01
  ],
  ""type"": ""Point""
}","{
  ""coordinates"": [
    -83.164607017,
    42.408999472
  ],
  ""type"": ""Point""
}",-83.164607017,42.4089994720001
18159,9656755,GREENFIELD,PURITAN,2016-03-21,21,3,2016,7,2,5,9,,2,0,,1,1,1,35,4,4,2,5,0,0,0,0,true,,false,false,false,false,false,,,,,,false,true,false,,,false,false,false,false,false,-83.19904,42.40958,"{
  ""coordinates"": [
    -8.319904396000000e+01,
    4.240957793600010e+01
  ],
  ""type"": ""Point""
}","{
  ""coordinates"": [
    -83.19904396,
    42.409577936
  ],
  ""type"": ""Point""
}",-83.19904396,42.4095779360001
18160,9657455,S M 39,RAMP 008K,2016-03-21,21,3,2016,6,2,5,3,,1,0,,1,1,4,55,4,2,2,5,0,0,0,0,true,,false,false,false,false,false,,,,,,false,false,false,,,false,false,false,false,false,-83.21685,42.37395,"{
  ""coordinates"": [
    -8.321685232899991e+01,
    4.237395419800000e+01
  ],
  ""type"": ""Point""
}","{
  ""coordinates"": [
    -83.216852329,
    42.373954198
  ],
  ""type"": ""Point""
}",-83.2168523289999,42.373954198
18161,9657580,ROSA PARKS,E I 94,2016-03-21,21,3,2016,15,2,4,9,,4,0,,1,1,1,30,2,2,2,5,0,0,0,0,true,,true,false,true,false,false,,,,,,false,false,true,,,false,false,false,false,false,-83.08512,42.35452,"{
  ""coordinates"": [
    -8.308512270200001e+01,
    4.235452367100000e+01
  ],
  ""type"": ""Point""
}","{
  ""coordinates"": [
    -83.085122702,
    42.354523671
  ],
  ""type"": ""Point""
}",-83.085122702,42.354523671
18162,9656776,ALCOY,PINEWOOD,2016-03-21,21,3,2016,2,2,5,9,,,0,,1,1,4,25,1,2,0,5,0,0,0,0,true,,false,false,true,false,false,,,,,,false,false,false,,,false,false,false,false,false,-82.98888,42.43806,"{
  ""coordinates"": [
    -8.298888064399991e+01,
    4.243806190000000e+01
  ],
  ""type"": ""Point""
}","{
  ""coordinates"": [
    -82.988880644,
    42.4380619
  ],
  ""type"": ""Point""
}",-82.9888806439999,42.4380619
18163,9656759,PLYMOUTH,EVERGREEN,2016-03-21,21,3,2016,3,2,8,9,,4,0,,1,1,1,35,4,2,2,5,0,0,0,0,true,,false,false,false,false,false,,,,,,false,true,false,,,false,false,false,false,false,-83.23637,42.37189,"{
  ""coordinates"": [
    -8.323636638900000e+01,
    4.237188775000000e+01
  ],
  ""type"": ""Point""
}","{
  ""coordinates"": [
    -83.236366389,
    42.37188775
  ],
  ""type"": ""Point""
}",-83.236366389,42.37188775
18164,9656661,I-94,JUNCTION,2016-03-21,21,3,2016,16,2,5,1,,1,0,,1,1,1,55,3,2,2,5,0,0,0,0,true,,false,false,false,false,false,,,,,,false,false,false,,,false,false,false,false,false,-83.11716,42.34156,"{
  ""coordinates"": [
    -8.311716727300001e+01,
    4.234155518300000e+01
  ],
  ""type"": ""Point""
}","{
  ""coordinates"": [
    -83.117167273,
    42.341555183
  ],
  ""type"": ""Point""
}",-83.117167273,42.341555183
18165,9656750,SENATOR,GREEN,2016-03-21,21,3,2016,10,2,8,9,,,3,,1,1,1,0,2,2,0,5,0,0,0,0,true,,false,false,true,false,false,,,,,,false,false,false,,,false,false,false,false,false,-83.12038,42.31254,"{
  ""coordinates"": [
    -8.312038681400000e+01,
    4.231254167200010e+01
  ],
  ""type"": ""Point""
}","{
  ""coordinates"": [
    -83.120386814,
    42.312541672
  ],
  ""type"": ""Point""
}",-83.120386814,42.3125416720001
18166,9656778,DEQUINDRE,CONANT,2016-03-21,21,3,2016,15,2,4,9,,4,0,,1,1,1,35,4,2,3,5,0,0,0,0,true,,false,false,false,false,false,,,,,,false,true,false,,,false,false,false,false,false,-83.08334,42.44645,"{
  ""coordinates"": [
    -8.308333648000000e+01,
    4.244645268600000e+01
  ],
  ""type"": ""Point""
}","{
  ""coordinates"": [
    -83.08333648,
    42.446452686
  ],
  ""type"": ""Point""
}",-83.08333648,42.446452686
18167,9657534,WARREN,CASS,2016-03-21,21,3,2016,14,2,4,9,,4,0,,1,1,1,25,3,2,2,5,0,0,0,0,true,,false,false,true,false,false,,,,,,false,false,true,,,false,false,false,false,false,-83.06622,42.35627,"{
  ""coordinates"": [
    -8.306622070000000e+01,
    4.235626812700010e+01
  ],
  ""type"": ""Point""
}","{
  ""coordinates"": [
    -83.0662207,
    42.356268127
  ],
  ""type"": ""Point""
}",-83.0662207,42.3562681270001
18168,9656760,MOROSS,HARPER,2016-03-21,21,3,2016,4,2,5,9,,2,0,,1,1,1,35,4,2,2,5,0,0,0,0,true,,false,false,false,false,false,,,,,,false,false,false,,,false,false,false,false,false,-82.92931,42.42463,"{
  ""coordinates"": [
    -8.292930380000000e+01,
    4.242462615400010e+01
  ],
  ""type"": ""Point""
}","{
  ""coordinates"": [
    -82.9293038,
    42.424626154
  ],
  ""type"": ""Point""
}",-82.9293038,42.4246261540001
18169,9657441,I-94,JUNCTION,2016-03-21,21,3,2016,16,2,5,1,,1,0,,1,1,1,55,3,2,1,5,0,0,0,0,true,,false,false,true,false,false,,,,,,false,false,false,,,false,false,false,false,false,-83.11716,42.34156,"{
  ""coordinates"": [
    -8.311716727300001e+01,
    4.234155518300000e+01
  ],
  ""type"": ""Point""
}","{
  ""coordinates"": [
    -83.117167273,
    42.341555183
  ],
  ""type"": ""Point""
}",-83.117167273,42.341555183
18170,9663231,DAVISON,LIVERNOIS,2016-03-21,21,3,2016,8,2,97,3,,1,0,,1,1,1,35,3,2,2,5,0,0,0,0,true,,false,false,false,false,false,,,,,,false,false,false,,,false,false,false,false,false,-83.13952,42.38669,"{
  ""coordinates"": [
    -8.313952021300000e+01,
    4.238669025300000e+01
  ],
  ""type"": ""Point""
}","{
  ""coordinates"": [
    -83.139520213,
    42.386690253
  ],
  ""type"": ""Point""
}",-83.139520213,42.386690253
18171,9656660,I-94,I-75,2016-03-21,21,3,2016,15,2,5,1,,1,0,,1,1,1,55,3,3,3,5,0,0,0,0,true,,false,false,false,false,false,,,,,,false,false,true,,,false,false,false,false,false,-83.05433,42.37095,"{
  ""coordinates"": [
    -8.305432783099999e+01,
    4.237095338600010e+01
  ],
  ""type"": ""Point""
}","{
  ""coordinates"": [
    -83.054327831,
    42.370953386
  ],
  ""type"": ""Point""
}",-83.054327831,42.3709533860001
18172,9656747,JEFFERSON,8TH,2016-03-21,21,3,2016,16,2,4,9,,4,0,,1,1,1,35,8,2,2,5,0,0,0,0,true,,false,false,false,false,false,,,,,,false,false,false,,,false,false,false,false,false,-83.06023,42.32353,"{
  ""coordinates"": [
    -8.306022788699990e+01,
    4.232353072100010e+01
  ],
  ""type"": ""Point""
}","{
  ""coordinates"": [
    -83.060227887,
    42.323530721
  ],
  ""type"": ""Point""
}",-83.0602278869999,42.3235307210001
18173,9657546,HEYDEN,SANTA CLARA,2016-03-21,21,3,2016,20,2,8,9,,,0,,1,1,5,25,1,2,0,5,0,0,0,0,true,,false,false,false,false,false,,,,,,false,false,false,,,false,false,false,false,false,-83.24043,42.42194,"{
  ""coordinates"": [
    -8.324042228699990e+01,
    4.242193438700010e+01
  ],
  ""type"": ""Point""
}","{
  ""coordinates"": [
    -83.240422287,
    42.421934387
  ],
  ""type"": ""Point""
}",-83.2404222869999,42.4219343870001
18174,9656748,8 MILE,DWYER,2016-03-21,21,3,2016,2,2,8,3,,1,0,,1,1,4,40,3,3,4,4,0,0,0,1,false,,false,false,true,false,false,,,,,,false,false,false,,,false,false,false,false,false,-83.04193,42.44782,"{
  ""coordinates"": [
    -8.304193152600000e+01,
    4.244782061900000e+01
  ],
  ""type"": ""Point""
}","{
  ""coordinates"": [
    -83.041931526,
    42.447820619
  ],
  ""type"": ""Point""
}",-83.041931526,42.447820619