ObjectId,Crash ID,Primary Road,Intersecting Road,Crash Date,Day,Month,Year,Hour,Weekday,Crash Type Code,Highway Classification Code,Community Code,Jurisdiction Code,Lane Departure Type Code,Surface Type,Road Condition,Weather Condition,Lighting Condition,Speed Limit,Lanes,Units,Occupants,Most Severe Injury,Fatal Injuries,Suspected Serious Injuries,Suspected Minor Injuries,Possible Injuries,Property Damage Only,Secondary Crash,Traffic Control,Red Light Run,Hit and Run,Alcohol,Drugs,Unbelted Person,Work Zone,Speeding Driver,Distracted Driver,Driveway,Pedestrian,Elderly Driver,Young Driver,Commercial Vehicle,Emergency Vehicles,Train,School Bus,Motorcycle,Bicycle,Deer,Longitude,Latitude,geom,geog,x,y
18516,9651543,N M 10,W I 94,2016-03-15,15,3,2016,17,3,5,3,,1,0,,1,1,1,55,3,2,2,4,0,0,0,1,false,,false,false,true,false,false,,,,,,false,false,false,,,false,false,false,false,false,-83.07635,42.35961,"{
  ""coordinates"": [
    -8.307634775199990e+01,
    4.235961117400010e+01
  ],
  ""type"": ""Point""
}","{
  ""coordinates"": [
    -83.076347752,
    42.359611174
  ],
  ""type"": ""Point""
}",-83.0763477519999,42.3596111740001
18517,9654748,GILBERT,PELOUZE,2016-03-15,15,3,2016,17,3,4,9,,,0,,1,1,1,25,2,2,5,5,0,0,0,0,true,,true,false,false,false,false,,,,,,false,false,true,,,false,false,false,false,false,-83.12463,42.33461,"{
  ""coordinates"": [
    -8.312462791000000e+01,
    4.233460882700010e+01
  ],
  ""type"": ""Point""
}","{
  ""coordinates"": [
    -83.12462791,
    42.334608827
  ],
  ""type"": ""Point""
}",-83.12462791,42.3346088270001
18518,9652625,CONANT,DEQUINDRE,2016-03-15,15,3,2016,16,3,5,9,,4,0,,1,1,1,35,2,2,3,5,0,0,0,0,true,,false,false,true,false,false,,,,,,false,false,false,,,false,false,false,false,false,-83.08327,42.44638,"{
  ""coordinates"": [
    -8.308326865600000e+01,
    4.244638229000000e+01
  ],
  ""type"": ""Point""
}","{
  ""coordinates"": [
    -83.083268656,
    42.44638229
  ],
  ""type"": ""Point""
}",-83.083268656,42.44638229
18519,9651500,MCNICHOLS,SHERWOOD,2016-03-15,15,3,2016,22,3,8,9,,4,0,,1,2,2,25,2,2,3,4,0,0,0,1,false,,false,false,false,false,false,,,,,,false,false,false,,,false,false,false,false,false,-83.0332,42.41928,"{
  ""coordinates"": [
    -8.303320059500000e+01,
    4.241928503100010e+01
  ],
  ""type"": ""Point""
}","{
  ""coordinates"": [
    -83.033200595,
    42.419285031
  ],
  ""type"": ""Point""
}",-83.033200595,42.4192850310001
18520,9653381,OUTER,HUBBELL,2016-03-15,15,3,2016,15,3,5,9,,2,0,,1,1,1,30,3,2,3,4,0,0,0,3,false,,false,false,false,false,false,,,,,,false,false,false,,,false,false,false,false,false,-83.18972,42.41994,"{
  ""coordinates"": [
    -8.318971846499990e+01,
    4.241993527400010e+01
  ],
  ""type"": ""Point""
}","{
  ""coordinates"": [
    -83.189718465,
    42.419935274
  ],
  ""type"": ""Point""
}",-83.1897184649999,42.4199352740001
18521,9655756,RAMP 123B,N M 10,2016-03-15,15,3,2016,17,3,8,3,,1,0,,1,2,1,35,1,2,2,5,0,0,0,0,true,,false,false,false,false,false,,,,,,false,false,false,,,false,false,false,false,false,-83.06009,42.33065,"{
  ""coordinates"": [
    -8.306009072599990e+01,
    4.233065241400000e+01
  ],
  ""type"": ""Point""
}","{
  ""coordinates"": [
    -83.060090726,
    42.330652414
  ],
  ""type"": ""Point""
}",-83.0600907259999,42.330652414
18522,9655798,I-75,DEARBORN,2016-03-15,15,3,2016,10,3,8,1,,1,0,,1,2,1,70,4,2,1,5,0,0,0,0,true,,false,false,true,false,false,,,,,,false,false,false,,,false,false,false,false,false,-83.12869,42.29179,"{
  ""coordinates"": [
    -8.312869433299990e+01,
    4.229179273300010e+01
  ],
  ""type"": ""Point""
}","{
  ""coordinates"": [
    -83.128694333,
    42.291792733
  ],
  ""type"": ""Point""
}",-83.1286943329999,42.2917927330001
18523,9651570,MOUNT ELLIOTT,JEFFERSON,2016-03-15,15,3,2016,15,3,5,9,,4,0,,1,1,1,35,3,2,1,5,0,0,0,0,true,,false,false,true,false,false,,,,,,false,false,false,,,false,false,false,false,false,-83.01003,42.34363,"{
  ""coordinates"": [
    -8.301002531200000e+01,
    4.234363231600000e+01
  ],
  ""type"": ""Point""
}","{
  ""coordinates"": [
    -83.010025312,
    42.343632316
  ],
  ""type"": ""Point""
}",-83.010025312,42.343632316
18524,9657519,FENKELL,PREST,2016-03-15,15,3,2016,22,3,1,9,,2,0,,1,1,4,30,2,2,1,3,0,0,1,0,false,,false,false,true,false,false,,,,,,true,false,false,,,false,false,false,false,false,-83.19753,42.40154,"{
  ""coordinates"": [
    -8.319753092199990e+01,
    4.240154333200010e+01
  ],
  ""type"": ""Point""
}","{
  ""coordinates"": [
    -83.197530922,
    42.401543332
  ],
  ""type"": ""Point""
}",-83.1975309219999,42.4015433320001
18525,9651586,N I 75,MCNICHOLS,2016-03-15,15,3,2016,18,3,97,1,,1,0,,1,1,1,35,2,2,2,5,0,0,0,0,true,,false,false,false,false,false,,,,,,false,false,true,,,false,false,false,false,false,-83.08772,42.41821,"{
  ""coordinates"": [
    -8.308772113899990e+01,
    4.241820898700010e+01
  ],
  ""type"": ""Point""
}","{
  ""coordinates"": [
    -83.087721139,
    42.418208987
  ],
  ""type"": ""Point""
}",-83.0877211389999,42.4182089870001
18526,9664111,GRATIOT,FRENCH,2016-03-15,15,3,2016,14,3,8,3,,1,0,,1,1,1,35,6,2,2,5,0,0,0,0,true,,false,false,true,false,false,,,,,,false,false,false,,,false,false,false,false,false,-83.00046,42.40037,"{
  ""coordinates"": [
    -8.300046006900000e+01,
    4.240036646000000e+01
  ],
  ""type"": ""Point""
}","{
  ""coordinates"": [
    -83.000460069,
    42.40036646
  ],
  ""type"": ""Point""
}",-83.000460069,42.40036646
18527,9653327,CAMBRIDGE,OUTER,2016-03-15,15,3,2016,11,3,4,9,,,0,,1,2,1,35,4,2,3,5,0,0,0,0,true,,false,false,false,false,false,,,,,,false,false,true,,,false,false,false,false,false,-83.17574,42.43295,"{
  ""coordinates"": [
    -8.317573615500000e+01,
    4.243294341100010e+01
  ],
  ""type"": ""Point""
}","{
  ""coordinates"": [
    -83.175736155,
    42.432943411
  ],
  ""type"": ""Point""
}",-83.175736155,42.4329434110001
18528,9655774,E/B I 96,TIREMAN,2016-03-15,15,3,2016,19,3,5,1,,1,0,,1,1,3,0,3,2,2,5,0,0,0,0,true,,false,false,false,false,false,,,,,,false,false,true,,,false,false,false,false,false,-83.11221,42.35654,"{
  ""coordinates"": [
    -8.311220343900000e+01,
    4.235653986700000e+01
  ],
  ""type"": ""Point""
}","{
  ""coordinates"": [
    -83.112203439,
    42.356539867
  ],
  ""type"": ""Point""
}",-83.112203439,42.356539867
18529,9655755,I-94,CHALMERS,2016-03-15,15,3,2016,16,3,8,1,,1,0,,1,2,1,55,3,2,2,5,0,0,0,0,true,,false,false,false,false,false,,,,,,false,false,false,,,false,false,false,false,false,-82.96881,42.40248,"{
  ""coordinates"": [
    -8.296880922299989e+01,
    4.240248561400010e+01
  ],
  ""type"": ""Point""
}","{
  ""coordinates"": [
    -82.968809223,
    42.402485614
  ],
  ""type"": ""Point""
}",-82.9688092229999,42.4024856140001
18530,9651597,7 MILE,APPOLINE,2016-03-15,15,3,2016,18,3,4,9,,2,0,,1,1,1,30,4,2,5,4,0,0,0,1,false,,false,false,false,false,false,,,,,,false,false,true,,,false,false,false,false,false,-83.17184,42.43124,"{
  ""coordinates"": [
    -8.317184227699990e+01,
    4.243123528400000e+01
  ],
  ""type"": ""Point""
}","{
  ""coordinates"": [
    -83.171842277,
    42.431235284
  ],
  ""type"": ""Point""
}",-83.1718422769999,42.431235284
18531,9655797,RAMP 215J,W I 94,2016-03-15,15,3,2016,9,3,5,1,,1,0,,1,2,1,55,3,2,3,5,0,0,0,0,true,,false,false,false,false,false,,,,,,false,false,false,,,false,false,false,false,false,-83.0703,42.36306,"{
  ""coordinates"": [
    -8.307029364100001e+01,
    4.236305528500000e+01
  ],
  ""type"": ""Point""
}","{
  ""coordinates"": [
    -83.070293641,
    42.363055285
  ],
  ""type"": ""Point""
}",-83.070293641,42.363055285
18532,9651585,DAVISON,EWALD,2016-03-15,15,3,2016,16,3,97,3,,1,0,,1,1,1,35,3,2,2,5,0,0,0,0,true,,false,false,true,false,false,,,,,,false,false,false,,,false,false,false,false,false,-83.14532,42.38641,"{
  ""coordinates"": [
    -8.314531971299991e+01,
    4.238640425000010e+01
  ],
  ""type"": ""Point""
}","{
  ""coordinates"": [
    -83.145319713,
    42.38640425
  ],
  ""type"": ""Point""
}",-83.1453197129999,42.3864042500001
18533,9655785,S/B M-39,JOY,2016-03-15,15,3,2016,20,3,8,3,,1,0,,1,1,1,55,3,2,1,5,0,0,0,0,true,,false,false,true,false,false,,,,,,false,false,false,,,false,false,false,false,false,-83.21658,42.35929,"{
  ""coordinates"": [
    -8.321658370599989e+01,
    4.235929442200010e+01
  ],
  ""type"": ""Point""
}","{
  ""coordinates"": [
    -83.216583706,
    42.359294422
  ],
  ""type"": ""Point""
}",-83.2165837059999,42.3592944220001
18534,9655828,M-39,FORD,2016-03-15,15,3,2016,13,3,8,3,,1,0,,1,2,1,55,3,2,2,5,0,0,0,0,true,,false,false,false,false,false,,,,,,false,false,true,,,false,false,false,false,false,-83.2157,42.33272,"{
  ""coordinates"": [
    -8.321569647900000e+01,
    4.233271948800010e+01
  ],
  ""type"": ""Point""
}","{
  ""coordinates"": [
    -83.215696479,
    42.332719488
  ],
  ""type"": ""Point""
}",-83.215696479,42.3327194880001
18535,9652615,VERNOR,JUNCTION,2016-03-15,15,3,2016,14,3,5,9,,4,0,,1,2,1,25,2,3,7,4,0,0,0,1,false,,false,false,true,false,false,,,,,,false,true,false,,,false,false,false,false,false,-83.1028,42.31742,"{
  ""coordinates"": [
    -8.310280051200000e+01,
    4.231741563900000e+01
  ],
  ""type"": ""Point""
}","{
  ""coordinates"": [
    -83.102800512,
    42.317415639
  ],
  ""type"": ""Point""
}",-83.102800512,42.317415639
18536,9652603,MORANG,LANSDOWNE,2016-03-15,15,3,2016,20,3,1,9,,4,0,,1,1,1,35,4,1,0,4,0,0,0,1,false,,false,false,false,false,false,,,,,,false,false,false,,,false,false,false,false,false,-82.95106,42.42656,"{
  ""coordinates"": [
    -8.295105407499990e+01,
    4.242655656600000e+01
  ],
  ""type"": ""Point""
}","{
  ""coordinates"": [
    -82.951054075,
    42.426556566
  ],
  ""type"": ""Point""
}",-82.9510540749999,42.426556566
18537,9653363,W I 96,W SCHOOLCRAFT/E I 96 CROSSOVER,2016-03-15,15,3,2016,8,3,97,1,,1,0,,1,1,1,30,3,2,1,5,0,0,0,0,true,,false,false,true,false,false,,,,,,false,false,false,,,false,false,false,false,false,-83.27369,42.3855,"{
  ""coordinates"": [
    -8.327369035600000e+01,
    4.238550072000000e+01
  ],
  ""type"": ""Point""
}","{
  ""coordinates"": [
    -83.273690356,
    42.38550072
  ],
  ""type"": ""Point""
}",-83.273690356,42.38550072
18538,9657565,LAHSER,PEMBROKE,2016-03-15,15,3,2016,20,3,5,9,,2,0,,1,1,4,35,4,2,2,3,0,0,1,0,false,,false,false,false,false,false,,,,,,false,false,false,,,false,false,false,false,false,-83.25857,42.4364,"{
  ""coordinates"": [
    -8.325856548800000e+01,
    4.243639676800010e+01
  ],
  ""type"": ""Point""
}","{
  ""coordinates"": [
    -83.258565488,
    42.436396768
  ],
  ""type"": ""Point""
}",-83.258565488,42.4363967680001
18539,9655927,GREENFIELD,CHICAGO,2016-03-15,15,3,2016,20,3,8,9,,2,0,,1,1,4,35,5,2,2,5,0,0,0,0,true,,false,false,false,false,false,,,,,,false,false,false,,,false,false,false,false,false,-83.19728,42.36549,"{
  ""coordinates"": [
    -8.319727716999989e+01,
    4.236549399000010e+01
  ],
  ""type"": ""Point""
}","{
  ""coordinates"": [
    -83.19727717,
    42.36549399
  ],
  ""type"": ""Point""
}",-83.1972771699999,42.3654939900001
18540,9651596,CURTIS,MENDOTA,2016-03-15,15,3,2016,16,3,4,9,,4,0,,1,1,1,35,2,3,3,3,0,0,2,1,false,,false,false,false,false,false,,,,,,false,true,false,,,false,false,false,false,false,-83.16611,42.42408,"{
  ""coordinates"": [
    -8.316611025600000e+01,
    4.242407506000010e+01
  ],
  ""type"": ""Point""
}","{
  ""coordinates"": [
    -83.166110256,
    42.42407506
  ],
  ""type"": ""Point""
}",-83.166110256,42.4240750600001
18541,9654733,TRUMBULL,SELDEN,2016-03-15,15,3,2016,13,3,4,9,,4,0,,1,2,1,25,2,2,2,5,0,0,0,0,true,,false,false,false,false,false,,,,,,false,false,false,,,false,false,false,false,false,-83.07426,42.34433,"{
  ""coordinates"": [
    -8.307426338200000e+01,
    4.234432882800010e+01
  ],
  ""type"": ""Point""
}","{
  ""coordinates"": [
    -83.074263382,
    42.344328828
  ],
  ""type"": ""Point""
}",-83.074263382,42.3443288280001
18542,9651557,WAVENEY,HAVERHILL,2016-03-15,15,3,2016,12,3,4,9,,,0,,1,2,1,25,2,2,2,5,0,0,0,0,true,,true,false,true,false,false,,,,,,false,false,false,,,false,false,false,false,false,-82.93966,42.39633,"{
  ""coordinates"": [
    -8.293965941999990e+01,
    4.239633295000000e+01
  ],
  ""type"": ""Point""
}","{
  ""coordinates"": [
    -82.93965942,
    42.39633295
  ],
  ""type"": ""Point""
}",-82.9396594199999,42.39633295
18543,9655757,RAMP 037C,N I 75,2016-03-15,15,3,2016,22,3,1,1,,1,1,,1,1,4,55,2,1,1,4,0,0,0,1,false,,false,false,false,false,false,,,,,,false,true,false,,,false,false,false,false,false,-83.07948,42.33236,"{
  ""coordinates"": [
    -8.307947692899999e+01,
    4.233235794000010e+01
  ],
  ""type"": ""Point""
}","{
  ""coordinates"": [
    -83.079476929,
    42.33235794
  ],
  ""type"": ""Point""
}",-83.079476929,42.3323579400001
18544,9655829,RAMP 213D,I-94,2016-03-15,15,3,2016,14,3,4,1,,1,0,,1,1,1,55,2,2,2,3,0,0,2,0,false,,false,false,false,false,false,,,,,,false,false,true,,,false,false,false,false,false,-83.10307,42.34866,"{
  ""coordinates"": [
    -8.310306358100000e+01,
    4.234865876000000e+01
  ],
  ""type"": ""Point""
}","{
  ""coordinates"": [
    -83.103063581,
    42.34865876
  ],
  ""type"": ""Point""
}",-83.103063581,42.34865876
18545,9653356,MCNICHOLS,SUSSEX,2016-03-15,15,3,2016,16,3,5,9,,2,0,,1,2,1,35,4,3,4,4,0,0,0,1,false,,false,false,false,false,false,,,,,,false,false,true,,,false,false,false,false,false,-83.19566,42.41615,"{
  ""coordinates"": [
    -8.319566084500001e+01,
    4.241614924400010e+01
  ],
  ""type"": ""Point""
}","{
  ""coordinates"": [
    -83.195660845,
    42.416149244
  ],
  ""type"": ""Point""
}",-83.195660845,42.4161492440001
18546,9653329,GRATIOT,HARPER,2016-03-15,15,3,2016,2,3,8,3,,1,0,,1,1,4,35,7,2,1,3,0,0,1,0,false,,false,false,true,false,false,,,,,,false,false,true,,,false,false,false,false,false,-83.00517,42.39321,"{
  ""coordinates"": [
    -8.300517034900000e+01,
    4.239320849800000e+01
  ],
  ""type"": ""Point""
}","{
  ""coordinates"": [
    -83.005170349,
    42.393208498
  ],
  ""type"": ""Point""
}",-83.005170349,42.393208498
18547,9655813,M-39,PLYMOUTH,2016-03-15,15,3,2016,9,3,5,3,,1,0,,1,2,1,55,3,2,2,4,0,0,0,1,false,,false,false,false,false,false,,,,,,false,false,false,,,false,false,false,false,false,-83.21677,42.37253,"{
  ""coordinates"": [
    -8.321677415100000e+01,
    4.237252715500010e+01
  ],
  ""type"": ""Point""
}","{
  ""coordinates"": [
    -83.216774151,
    42.372527155
  ],
  ""type"": ""Point""
}",-83.216774151,42.3725271550001
18548,9653355,JOY,MEADOWDALE,2016-03-15,15,3,2016,14,3,5,9,,4,0,,1,2,1,30,2,2,2,5,0,0,0,0,true,,false,false,false,false,false,,,,,,false,false,false,,,false,false,false,false,false,-83.18032,42.3585,"{
  ""coordinates"": [
    -8.318031875100000e+01,
    4.235849834400010e+01
  ],
  ""type"": ""Point""
}","{
  ""coordinates"": [
    -83.180318751,
    42.358498344
  ],
  ""type"": ""Point""
}",-83.180318751,42.3584983440001
18549,9653337,EVERGREEN,DOVER,2016-03-15,15,3,2016,19,3,4,9,,4,0,,1,1,4,0,2,2,1,5,0,0,0,0,true,,true,false,true,false,false,,,,,,false,false,false,,,false,false,false,false,false,-83.23597,42.3593,"{
  ""coordinates"": [
    -8.323596601000000e+01,
    4.235930225200010e+01
  ],
  ""type"": ""Point""
}","{
  ""coordinates"": [
    -83.23596601,
    42.359302252
  ],
  ""type"": ""Point""
}",-83.23596601,42.3593022520001
18550,9679678,MCNICHOLS,SHERWOOD,2016-03-15,15,3,2016,22,3,8,9,,4,0,,1,2,4,25,2,2,4,4,0,0,0,1,false,,false,false,true,false,false,,,,,,false,false,false,,,false,false,false,false,false,-83.03333,42.41928,"{
  ""coordinates"": [
    -8.303333637599999e+01,
    4.241928184800000e+01
  ],
  ""type"": ""Point""
}","{
  ""coordinates"": [
    -83.033336376,
    42.419281848
  ],
  ""type"": ""Point""
}",-83.033336376,42.419281848
18551,9662499,CHARLES,FENELON,2016-03-15,15,3,2016,1,3,4,9,,4,0,,1,1,4,30,2,2,2,5,0,0,0,0,true,,true,true,false,false,false,,,,,,false,false,true,,,false,false,false,false,false,-83.05247,42.41166,"{
  ""coordinates"": [
    -8.305247395899990e+01,
    4.241165730500010e+01
  ],
  ""type"": ""Point""
}","{
  ""coordinates"": [
    -83.052473959,
    42.411657305
  ],
  ""type"": ""Point""
}",-83.0524739589999,42.4116573050001
18552,9651544,MACK,WOODWARD,2016-03-15,15,3,2016,14,3,8,3,,4,0,,1,2,1,25,3,2,2,5,0,0,0,0,true,,false,false,false,false,false,,,,,,false,false,false,,,false,false,false,false,false,-83.05788,42.34756,"{
  ""coordinates"": [
    -8.305788157800001e+01,
    4.234756171800010e+01
  ],
  ""type"": ""Point""
}","{
  ""coordinates"": [
    -83.057881578,
    42.347561718
  ],
  ""type"": ""Point""
}",-83.057881578,42.3475617180001
18553,9651548,MICHIGAN,LOCKWOOD,2016-03-14,14,3,2016,18,2,4,2,,1,0,,1,1,1,35,7,2,3,4,0,0,0,1,false,,false,false,false,false,false,,,,,,false,false,false,,,false,false,false,false,false,-83.10894,42.33118,"{
  ""coordinates"": [
    -8.310894219300000e+01,
    4.233118603900000e+01
  ],
  ""type"": ""Point""
}","{
  ""coordinates"": [
    -83.108942193,
    42.331186039
  ],
  ""type"": ""Point""
}",-83.108942193,42.331186039
18554,9653342,7 MILE,QUEEN,2016-03-14,14,3,2016,8,2,7,9,,2,0,,2,4,2,35,2,2,2,5,0,0,0,0,true,,false,false,false,false,false,,,,,,false,false,false,,,false,false,false,false,false,-82.96865,42.43533,"{
  ""coordinates"": [
    -8.296864957100000e+01,
    4.243532664600010e+01
  ],
  ""type"": ""Point""
}","{
  ""coordinates"": [
    -82.968649571,
    42.435326646
  ],
  ""type"": ""Point""
}",-82.968649571,42.4353266460001
18555,9651550,CADIEUX,HARPER,2016-03-14,14,3,2016,21,2,3,9,,4,0,,1,1,4,30,5,2,3,5,0,0,0,0,true,,false,false,false,false,false,,,,,,false,false,true,,,false,false,false,false,false,-82.93663,42.41644,"{
  ""coordinates"": [
    -8.293662770400000e+01,
    4.241643471400000e+01
  ],
  ""type"": ""Point""
}","{
  ""coordinates"": [
    -82.936627704,
    42.416434714
  ],
  ""type"": ""Point""
}",-82.936627704,42.416434714
18556,9651538,MACK,WOODWARD,2016-03-14,14,3,2016,16,2,5,3,,4,0,,1,2,1,25,3,2,2,5,0,0,0,0,true,,false,false,true,false,false,,,,,,false,false,false,,,false,false,false,false,false,-83.05782,42.3476,"{
  ""coordinates"": [
    -8.305781657100000e+01,
    4.234759417100000e+01
  ],
  ""type"": ""Point""
}","{
  ""coordinates"": [
    -83.057816571,
    42.347594171
  ],
  ""type"": ""Point""
}",-83.057816571,42.347594171
18557,9650125,ROSA PARKS,EUCLID,2016-03-14,14,3,2016,1,2,4,9,,4,0,,2,4,4,30,2,2,3,5,0,0,0,0,true,,true,true,false,false,false,,,,,,false,false,true,,,false,false,false,false,false,-83.09534,42.37077,"{
  ""coordinates"": [
    -8.309533322399990e+01,
    4.237076389600000e+01
  ],
  ""type"": ""Point""
}","{
  ""coordinates"": [
    -83.095333224,
    42.370763896
  ],
  ""type"": ""Point""
}",-83.0953332239999,42.370763896
18558,9651370,I-96,GRAND,2016-03-14,14,3,2016,8,2,8,1,,1,0,,2,3,2,55,4,2,4,5,0,0,0,0,true,,false,false,false,false,false,,,,,,false,false,true,,,false,false,false,false,false,-83.10976,42.35536,"{
  ""coordinates"": [
    -8.310976443600001e+01,
    4.235535882300010e+01
  ],
  ""type"": ""Point""
}","{
  ""coordinates"": [
    -83.109764436,
    42.355358823
  ],
  ""type"": ""Point""
}",-83.109764436,42.3553588230001
18559,9655796,I-75,DEARBORN,2016-03-14,14,3,2016,12,2,5,1,,1,0,,2,2,1,70,4,2,2,5,0,0,0,0,true,,false,false,false,false,false,,,,,,false,false,true,,,false,false,false,false,false,-83.12869,42.29179,"{
  ""coordinates"": [
    -8.312869433299990e+01,
    4.229179273300010e+01
  ],
  ""type"": ""Point""
}","{
  ""coordinates"": [
    -83.128694333,
    42.291792733
  ],
  ""type"": ""Point""
}",-83.1286943329999,42.2917927330001
18560,9654642,LAUDER,7 MILE,2016-03-14,14,3,2016,14,2,97,9,,,0,,1,1,1,35,8,2,2,5,0,0,0,0,true,,false,false,false,false,false,,,,,,false,false,false,,,false,false,false,false,false,-83.19257,42.43061,"{
  ""coordinates"": [
    -8.319256964800000e+01,
    4.243060631500000e+01
  ],
  ""type"": ""Point""
}","{
  ""coordinates"": [
    -83.192569648,
    42.430606315
  ],
  ""type"": ""Point""
}",-83.192569648,42.430606315
18561,9651582,EIGHT MILE RED,REX,2016-03-14,14,3,2016,14,2,5,3,,1,0,,1,2,1,40,5,2,2,3,0,0,1,0,false,,false,false,false,false,false,,,,,,false,true,true,,,false,false,false,false,false,-82.95918,42.45,"{
  ""coordinates"": [
    -8.295918485200001e+01,
    4.245000229700000e+01
  ],
  ""type"": ""Point""
}","{
  ""coordinates"": [
    -82.959184852,
    42.450002297
  ],
  ""type"": ""Point""
}",-82.959184852,42.450002297
18562,9652606,RATHBONE,SPRINGWELLS,2016-03-14,14,3,2016,1,2,9,9,,,2,,2,4,4,25,3,2,0,5,0,0,0,0,true,,false,false,true,false,false,,,,,,false,false,false,,,false,false,false,false,false,-83.12247,42.30431,"{
  ""coordinates"": [
    -8.312246863599999e+01,
    4.230430813800010e+01
  ],
  ""type"": ""Point""
}","{
  ""coordinates"": [
    -83.122468636,
    42.304308138
  ],
  ""type"": ""Point""
}",-83.122468636,42.3043081380001
18563,9651521,THIRD,MICHIGAN,2016-03-14,14,3,2016,14,2,5,2,,4,0,,1,2,1,30,3,2,3,5,0,0,0,0,true,,false,false,false,false,false,,,,,,false,false,false,,,false,false,false,false,false,-83.05744,42.33173,"{
  ""coordinates"": [
    -8.305744020400000e+01,
    4.233172824500010e+01
  ],
  ""type"": ""Point""
}","{
  ""coordinates"": [
    -83.057440204,
    42.331728245
  ],
  ""type"": ""Point""
}",-83.057440204,42.3317282450001
18564,9657523,MCNICHOLS,N M 39,2016-03-14,14,3,2016,13,2,4,9,,2,0,,1,1,1,35,4,2,2,5,0,0,0,0,true,,false,false,false,false,false,,,,,,false,false,false,,,false,false,false,false,false,-83.21857,42.41555,"{
  ""coordinates"": [
    -8.321856651500001e+01,
    4.241555591100010e+01
  ],
  ""type"": ""Point""
}","{
  ""coordinates"": [
    -83.218566515,
    42.415555911
  ],
  ""type"": ""Point""
}",-83.218566515,42.4155559110001
18565,9651512,ALMA,HAYES,2016-03-14,14,3,2016,18,2,97,9,,,0,,1,1,1,25,2,2,0,5,0,0,0,0,true,,false,false,true,false,false,,,,,,false,false,false,,,false,false,false,false,false,-82.965,42.42159,"{
  ""coordinates"": [
    -8.296499842199999e+01,
    4.242159311500010e+01
  ],
  ""type"": ""Point""
}","{
  ""coordinates"": [
    -82.964998422,
    42.421593115
  ],
  ""type"": ""Point""
}",-82.964998422,42.4215931150001
18566,9654744,E I 94,BRUSH,2016-03-14,14,3,2016,19,2,1,1,,1,0,,1,1,3,35,2,1,1,4,0,0,0,1,false,,false,false,false,false,false,,,,,,false,true,false,,,false,false,false,false,false,-83.06442,42.36565,"{
  ""coordinates"": [
    -8.306442125599990e+01,
    4.236564928100010e+01
  ],
  ""type"": ""Point""
}","{
  ""coordinates"": [
    -83.064421256,
    42.365649281
  ],
  ""type"": ""Point""
}",-83.0644212559999,42.3656492810001
18567,9655754,M-10,OUTER,2016-03-14,14,3,2016,22,2,1,3,,1,0,,1,1,4,55,3,1,2,5,0,0,0,0,true,,false,false,false,false,false,,,,,,false,false,false,,,false,false,false,false,false,-83.17524,42.42,"{
  ""coordinates"": [
    -8.317524009600000e+01,
    4.241999938100000e+01
  ],
  ""type"": ""Point""
}","{
  ""coordinates"": [
    -83.175240096,
    42.419999381
  ],
  ""type"": ""Point""
}",-83.175240096,42.419999381
18568,9655958,BUFFALO,HAROLD,2016-03-14,14,3,2016,16,2,6,9,,4,0,,1,1,1,25,1,2,4,4,0,0,0,2,false,,false,false,false,false,false,,,,,,false,false,true,,,false,false,false,false,false,-83.04732,42.40639,"{
  ""coordinates"": [
    -8.304731441199991e+01,
    4.240639123200000e+01
  ],
  ""type"": ""Point""
}","{
  ""coordinates"": [
    -83.047314412,
    42.406391232
  ],
  ""type"": ""Point""
}",-83.0473144119999,42.406391232
18569,9657524,8 MILE,ROSEMONT,2016-03-14,14,3,2016,13,2,8,3,,1,0,,1,1,1,45,4,2,2,5,0,0,0,0,true,,false,false,false,false,false,,,,,,false,false,false,,,false,false,false,false,false,-83.22267,42.44411,"{
  ""coordinates"": [
    -8.322267238700000e+01,
    4.244411215900000e+01
  ],
  ""type"": ""Point""
}","{
  ""coordinates"": [
    -83.222672387,
    42.444112159
  ],
  ""type"": ""Point""
}",-83.222672387,42.444112159
18570,9651372,I-375,MONROE,2016-03-14,14,3,2016,9,2,5,1,,1,0,,2,3,2,55,3,3,3,5,0,0,0,0,true,,false,false,false,false,false,,,,,,false,false,false,,,false,false,false,false,false,-83.04132,42.33957,"{
  ""coordinates"": [
    -8.304132100100000e+01,
    4.233957445300010e+01
  ],
  ""type"": ""Point""
}","{
  ""coordinates"": [
    -83.041321001,
    42.339574453
  ],
  ""type"": ""Point""
}",-83.041321001,42.3395744530001
18571,9663253,ANTHONY WAYNE,FOREST,2016-03-14,14,3,2016,20,2,5,9,,4,3,,1,2,4,25,2,2,4,5,0,0,0,0,true,,false,false,true,false,false,,,,,,false,false,false,,,false,false,false,false,false,-83.06992,42.35241,"{
  ""coordinates"": [
    -8.306992286600000e+01,
    4.235241179200010e+01
  ],
  ""type"": ""Point""
}","{
  ""coordinates"": [
    -83.069922866,
    42.352411792
  ],
  ""type"": ""Point""
}",-83.069922866,42.3524117920001
18572,9655826,I-75,SCHAEFER,2016-03-14,14,3,2016,15,2,5,1,,1,0,,1,2,1,70,4,2,2,5,0,0,0,0,true,,false,false,false,false,false,,,,,,false,false,false,,,false,false,false,false,false,-83.15893,42.2762,"{
  ""coordinates"": [
    -8.315893042200000e+01,
    4.227619541900000e+01
  ],
  ""type"": ""Point""
}","{
  ""coordinates"": [
    -83.158930422,
    42.276195419
  ],
  ""type"": ""Point""
}",-83.158930422,42.276195419