ObjectId,Crash ID,Primary Road,Intersecting Road,Crash Date,Day,Month,Year,Hour,Weekday,Crash Type Code,Highway Classification Code,Community Code,Jurisdiction Code,Lane Departure Type Code,Surface Type,Road Condition,Weather Condition,Lighting Condition,Speed Limit,Lanes,Units,Occupants,Most Severe Injury,Fatal Injuries,Suspected Serious Injuries,Suspected Minor Injuries,Possible Injuries,Property Damage Only,Secondary Crash,Traffic Control,Red Light Run,Hit and Run,Alcohol,Drugs,Unbelted Person,Work Zone,Speeding Driver,Distracted Driver,Driveway,Pedestrian,Elderly Driver,Young Driver,Commercial Vehicle,Emergency Vehicles,Train,School Bus,Motorcycle,Bicycle,Deer,Longitude,Latitude,geom,geog,x,y
18573,9651539,GRATIOT,RANDOLPH,2016-03-14,14,3,2016,9,2,5,3,,1,0,,2,4,1,35,4,2,3,4,0,0,0,1,false,,false,false,false,false,false,,,,,,false,false,false,,,false,false,false,false,false,-83.04515,42.33518,"{
  ""coordinates"": [
    -8.304515270600000e+01,
    4.233518222600000e+01
  ],
  ""type"": ""Point""
}","{
  ""coordinates"": [
    -83.045152706,
    42.335182226
  ],
  ""type"": ""Point""
}",-83.045152706,42.335182226
18574,9653344,PORTLANCE,ELMO,2016-03-14,14,3,2016,2,2,97,9,,,0,,2,4,4,25,2,2,2,4,0,0,0,2,false,,false,false,false,true,false,,,,,,false,false,false,,,false,false,false,false,false,-83.00615,42.41916,"{
  ""coordinates"": [
    -8.300614805399989e+01,
    4.241916184900000e+01
  ],
  ""type"": ""Point""
}","{
  ""coordinates"": [
    -83.006148054,
    42.419161849
  ],
  ""type"": ""Point""
}",-83.0061480539999,42.419161849
18575,9655827,M-10,WYOMING,2016-03-14,14,3,2016,17,2,8,3,,1,0,,1,1,1,55,3,2,2,5,0,0,0,0,true,,false,false,false,false,false,,,,,,false,false,true,,,false,false,false,false,false,-83.16033,42.40553,"{
  ""coordinates"": [
    -8.316033397099990e+01,
    4.240552806200000e+01
  ],
  ""type"": ""Point""
}","{
  ""coordinates"": [
    -83.160333971,
    42.405528062
  ],
  ""type"": ""Point""
}",-83.1603339709999,42.405528062
18576,9653370,HEYDEN,PICKFORD,2016-03-14,14,3,2016,22,2,9,9,,,2,,1,2,4,25,3,2,2,5,0,0,0,0,true,,false,false,true,false,false,,,,,,false,false,false,,,false,false,false,false,false,-83.24051,42.42389,"{
  ""coordinates"": [
    -8.324050875899999e+01,
    4.242388970400000e+01
  ],
  ""type"": ""Point""
}","{
  ""coordinates"": [
    -83.240508759,
    42.423889704
  ],
  ""type"": ""Point""
}",-83.240508759,42.423889704
18577,9652607,MORANG,HARPER,2016-03-14,14,3,2016,9,2,3,9,,4,0,,2,3,1,30,2,2,2,5,0,0,0,0,true,,false,false,false,false,false,,,,,,false,false,false,,,false,false,false,false,false,-82.93276,42.41877,"{
  ""coordinates"": [
    -8.293275881999990e+01,
    4.241877221400010e+01
  ],
  ""type"": ""Point""
}","{
  ""coordinates"": [
    -82.93275882,
    42.418772214
  ],
  ""type"": ""Point""
}",-82.9327588199999,42.4187722140001
18578,9657545,GRAND RIVER,LONGACRE,2016-03-14,14,3,2016,17,2,5,3,,1,0,,1,2,1,35,3,2,2,5,0,0,0,0,true,,false,false,false,false,false,,,,,,false,false,false,,,false,false,false,false,false,-83.21468,42.39925,"{
  ""coordinates"": [
    -8.321468698400000e+01,
    4.239924804100010e+01
  ],
  ""type"": ""Point""
}","{
  ""coordinates"": [
    -83.214686984,
    42.399248041
  ],
  ""type"": ""Point""
}",-83.214686984,42.3992480410001
18579,9651581,EIGHT MILE,HOYT,2016-03-14,14,3,2016,10,2,4,3,,1,0,,2,2,1,40,5,2,3,5,0,0,0,0,true,,false,false,false,false,false,,,,,,false,false,false,,,false,false,false,false,false,-82.98076,42.4494,"{
  ""coordinates"": [
    -8.298075895800000e+01,
    4.244939932900010e+01
  ],
  ""type"": ""Point""
}","{
  ""coordinates"": [
    -82.980758958,
    42.449399329
  ],
  ""type"": ""Point""
}",-82.980758958,42.4493993290001
18580,9651555,LINVILLE,OUTER,2016-03-14,14,3,2016,12,2,4,9,,,0,,2,2,1,35,2,3,1,5,0,0,0,0,true,,false,false,true,false,false,,,,,,false,false,false,,,false,false,false,false,false,-82.9591,42.40348,"{
  ""coordinates"": [
    -8.295910049600000e+01,
    4.240347723000010e+01
  ],
  ""type"": ""Point""
}","{
  ""coordinates"": [
    -82.959100496,
    42.40347723
  ],
  ""type"": ""Point""
}",-82.959100496,42.4034772300001
18581,9657555,CONSTANCE,VAUGHAN,2016-03-14,14,3,2016,8,2,4,9,,,0,,2,3,1,25,2,2,3,5,0,0,0,0,true,,false,false,false,false,false,,,,,,false,false,true,,,false,false,false,false,false,-83.23703,42.35393,"{
  ""coordinates"": [
    -8.323702718399990e+01,
    4.235392687600010e+01
  ],
  ""type"": ""Point""
}","{
  ""coordinates"": [
    -83.237027184,
    42.353926876
  ],
  ""type"": ""Point""
}",-83.2370271839999,42.3539268760001
18582,9652619,MACK,RIVARD,2016-03-14,14,3,2016,18,2,5,9,,4,0,,1,1,1,35,2,2,2,5,0,0,0,0,true,,false,false,false,false,false,,,,,,false,false,false,,,false,false,false,false,false,-83.04601,42.35204,"{
  ""coordinates"": [
    -8.304600308999990e+01,
    4.235204149300010e+01
  ],
  ""type"": ""Point""
}","{
  ""coordinates"": [
    -83.04600309,
    42.352041493
  ],
  ""type"": ""Point""
}",-83.0460030899999,42.3520414930001
18583,9651499,MICHIGAN,32ND,2016-03-14,14,3,2016,19,2,4,2,,1,0,,1,1,3,0,4,2,2,5,0,0,0,0,true,,false,false,false,false,false,,,,,,false,false,false,,,false,false,false,false,false,-83.1095,42.33118,"{
  ""coordinates"": [
    -8.310950643000000e+01,
    4.233118184800000e+01
  ],
  ""type"": ""Point""
}","{
  ""coordinates"": [
    -83.10950643,
    42.331181848
  ],
  ""type"": ""Point""
}",-83.10950643,42.331181848
18584,9656767,MORANG,KELLY,2016-03-14,14,3,2016,6,2,5,9,,4,0,,1,1,1,35,2,2,2,5,0,0,0,0,true,,false,false,false,false,false,,,,,,false,false,false,,,false,false,false,false,false,-82.95722,42.42909,"{
  ""coordinates"": [
    -8.295722564300000e+01,
    4.242909227100010e+01
  ],
  ""type"": ""Point""
}","{
  ""coordinates"": [
    -82.957225643,
    42.429092271
  ],
  ""type"": ""Point""
}",-82.957225643,42.4290922710001
18585,9651558,FRANKFORT,LAKEPOINTE,2016-03-14,14,3,2016,18,2,4,9,,,0,,1,1,3,25,4,2,2,5,0,0,0,0,true,,false,false,false,false,false,,,,,,false,false,false,,,false,false,false,false,false,-82.95248,42.39985,"{
  ""coordinates"": [
    -8.295247788099989e+01,
    4.239985149500010e+01
  ],
  ""type"": ""Point""
}","{
  ""coordinates"": [
    -82.952477881,
    42.399851495
  ],
  ""type"": ""Point""
}",-82.9524778809999,42.3998514950001
18586,9656754,GRANDRIVER,SCHAEFER,2016-03-14,14,3,2016,9,2,4,3,,1,0,,2,2,1,30,7,2,3,5,0,0,0,0,true,,true,true,false,false,false,,,,,,false,false,false,,,false,false,false,false,false,-83.17852,42.38466,"{
  ""coordinates"": [
    -8.317852212900000e+01,
    4.238466429800010e+01
  ],
  ""type"": ""Point""
}","{
  ""coordinates"": [
    -83.178522129,
    42.384664298
  ],
  ""type"": ""Point""
}",-83.178522129,42.3846642980001
18587,9670127,N I 75 SERVICE DRIVE,3RD,2016-03-14,14,3,2016,8,2,97,1,,5,0,,1,1,1,0,3,2,2,5,0,0,0,0,true,,false,false,false,false,false,,,,,,false,false,false,,,false,false,false,false,false,-83.05986,42.33597,"{
  ""coordinates"": [
    -8.305986269999990e+01,
    4.233596698900000e+01
  ],
  ""type"": ""Point""
}","{
  ""coordinates"": [
    -83.0598627,
    42.335966989
  ],
  ""type"": ""Point""
}",-83.0598626999999,42.335966989
18588,9653361,SOUTHFIELD SERVICE DRIVE,GRAND RIVER,2016-03-14,14,3,2016,10,2,5,3,,4,0,,2,4,1,35,2,2,2,5,0,0,0,0,true,,false,false,false,false,false,,,,,,false,false,true,,,false,false,false,false,false,-83.21798,42.40058,"{
  ""coordinates"": [
    -8.321798122699990e+01,
    4.240057797200010e+01
  ],
  ""type"": ""Point""
}","{
  ""coordinates"": [
    -83.217981227,
    42.400577972
  ],
  ""type"": ""Point""
}",-83.2179812269999,42.4005779720001
18589,9651315,WB I-94,VAN DYKE,2016-03-14,14,3,2016,5,2,8,1,,1,0,,2,1,4,55,3,2,2,4,0,0,0,2,false,,false,false,false,false,false,,,,,,false,false,true,,,false,false,false,false,false,-83.02483,42.38521,"{
  ""coordinates"": [
    -8.302482469300000e+01,
    4.238521057500000e+01
  ],
  ""type"": ""Point""
}","{
  ""coordinates"": [
    -83.024824693,
    42.385210575
  ],
  ""type"": ""Point""
}",-83.024824693,42.385210575
18590,9652602,HICKORY,PINEWOOD,2016-03-14,14,3,2016,17,2,5,9,,,0,,1,2,1,25,2,2,0,5,0,0,0,0,true,,false,false,true,false,false,,,,,,false,false,false,,,false,false,false,false,false,-82.98767,42.43852,"{
  ""coordinates"": [
    -8.298767018400000e+01,
    4.243851804900000e+01
  ],
  ""type"": ""Point""
}","{
  ""coordinates"": [
    -82.987670184,
    42.438518049
  ],
  ""type"": ""Point""
}",-82.987670184,42.438518049
18591,9651516,FORT,HARBAUGH,2016-03-14,14,3,2016,12,2,8,3,,1,0,,2,2,1,35,2,2,3,5,0,0,0,0,true,,false,false,false,false,false,,,,,,false,false,false,,,false,false,false,false,false,-83.12288,42.29877,"{
  ""coordinates"": [
    -8.312288243099989e+01,
    4.229876778800010e+01
  ],
  ""type"": ""Point""
}","{
  ""coordinates"": [
    -83.122882431,
    42.298767788
  ],
  ""type"": ""Point""
}",-83.1228824309999,42.2987677880001
18592,9651545,FLORIDA,PANAMA,2016-03-14,14,3,2016,16,2,4,9,,,0,,2,1,1,25,2,2,3,4,0,0,0,1,false,,true,true,false,false,false,,,,,,false,false,true,,,false,false,false,false,false,-83.13887,42.33426,"{
  ""coordinates"": [
    -8.313887196199990e+01,
    4.233426200800010e+01
  ],
  ""type"": ""Point""
}","{
  ""coordinates"": [
    -83.138871962,
    42.334262008
  ],
  ""type"": ""Point""
}",-83.1388719619999,42.3342620080001
18593,9654780,OUTER,E I 96,2016-03-14,14,3,2016,7,2,8,9,,2,0,,1,3,1,30,4,2,5,5,0,0,0,0,true,,false,false,false,false,false,,,,,,false,false,false,,,false,false,false,false,false,-83.25618,42.38552,"{
  ""coordinates"": [
    -8.325618308400000e+01,
    4.238552456400000e+01
  ],
  ""type"": ""Point""
}","{
  ""coordinates"": [
    -83.256183084,
    42.385524564
  ],
  ""type"": ""Point""
}",-83.256183084,42.385524564
18594,9651565,PLYMOUTH,WOODMONT,2016-03-14,14,3,2016,20,2,1,9,,4,1,,1,1,4,30,5,1,0,5,0,0,0,0,true,,false,false,false,false,false,,,,,,false,false,false,,,false,false,false,false,false,-83.20832,42.37241,"{
  ""coordinates"": [
    -8.320832379399999e+01,
    4.237241517200000e+01
  ],
  ""type"": ""Point""
}","{
  ""coordinates"": [
    -83.208323794,
    42.372415172
  ],
  ""type"": ""Point""
}",-83.208323794,42.372415172
18595,9651509,GREENFIELD,EATON,2016-03-14,14,3,2016,10,2,5,9,,2,0,,2,2,1,35,4,2,4,4,0,0,0,3,false,,false,false,true,false,false,,,,,,false,false,false,,,false,false,false,false,false,-83.19863,42.39942,"{
  ""coordinates"": [
    -8.319863311899999e+01,
    4.239941932400010e+01
  ],
  ""type"": ""Point""
}","{
  ""coordinates"": [
    -83.198633119,
    42.399419324
  ],
  ""type"": ""Point""
}",-83.198633119,42.3994193240001
18596,9655807,I-94,GRATIOT,2016-03-14,14,3,2016,16,2,5,1,,1,0,,1,2,1,55,3,2,3,5,0,0,0,0,true,,false,false,false,true,true,,,,,,false,true,false,,,false,false,false,false,false,-83.01076,42.38984,"{
  ""coordinates"": [
    -8.301075805799999e+01,
    4.238983749800010e+01
  ],
  ""type"": ""Point""
}","{
  ""coordinates"": [
    -83.010758058,
    42.389837498
  ],
  ""type"": ""Point""
}",-83.010758058,42.3898374980001
18597,9651336,N I 75,14TH,2016-03-14,14,3,2016,8,2,5,1,,1,0,,2,3,1,55,3,3,3,5,0,0,0,0,true,,false,false,false,false,false,,,,,,false,false,true,,,false,false,false,false,false,-83.07713,42.33236,"{
  ""coordinates"": [
    -8.307712664000000e+01,
    4.233236440700010e+01
  ],
  ""type"": ""Point""
}","{
  ""coordinates"": [
    -83.07712664,
    42.332364407
  ],
  ""type"": ""Point""
}",-83.07712664,42.3323644070001
18598,9657560,7 MILE,RIVERVIEW,2016-03-14,14,3,2016,14,2,8,9,,2,0,,1,1,1,35,4,2,3,5,0,0,0,0,true,,false,false,false,false,false,,,,,,false,true,true,,,false,false,false,false,false,-83.27563,42.42898,"{
  ""coordinates"": [
    -8.327563324499990e+01,
    4.242898290400010e+01
  ],
  ""type"": ""Point""
}","{
  ""coordinates"": [
    -83.275633245,
    42.428982904
  ],
  ""type"": ""Point""
}",-83.2756332449999,42.4289829040001
18599,9651569,JEFFERSON,MCDOUGALL,2016-03-14,14,3,2016,12,2,8,9,,4,0,,2,1,1,35,9,2,2,5,0,0,0,0,true,,false,false,true,false,false,,,,,,false,false,false,,,false,false,false,false,false,-83.01713,42.34061,"{
  ""coordinates"": [
    -8.301712780600000e+01,
    4.234061142900000e+01
  ],
  ""type"": ""Point""
}","{
  ""coordinates"": [
    -83.017127806,
    42.340611429
  ],
  ""type"": ""Point""
}",-83.017127806,42.340611429
18600,9651364,M-39,PURITAN,2016-03-14,14,3,2016,9,2,5,3,,1,0,,2,2,1,55,3,2,1,5,0,0,0,0,true,,false,false,true,false,false,,,,,,false,false,true,,,false,false,false,false,false,-83.21852,42.40825,"{
  ""coordinates"": [
    -8.321851782200000e+01,
    4.240824345900010e+01
  ],
  ""type"": ""Point""
}","{
  ""coordinates"": [
    -83.218517822,
    42.408243459
  ],
  ""type"": ""Point""
}",-83.218517822,42.4082434590001
18601,9674151,I-94,I-96,2016-03-14,14,3,2016,7,2,5,1,,1,0,,2,2,1,55,3,2,1,5,0,0,0,0,true,,false,false,true,false,false,,,,,,false,false,false,,,false,false,false,false,false,-83.10095,42.34952,"{
  ""coordinates"": [
    -8.310095496799990e+01,
    4.234952148200010e+01
  ],
  ""type"": ""Point""
}","{
  ""coordinates"": [
    -83.100954968,
    42.349521482
  ],
  ""type"": ""Point""
}",-83.1009549679999,42.3495214820001
18602,9651369,E I 96,CSX TRANSPORTATION,2016-03-14,14,3,2016,7,2,1,1,,1,1,,2,3,2,55,3,1,1,5,0,0,0,0,true,,false,false,false,false,false,,,,,,false,false,false,,,false,false,false,false,false,-83.19336,42.37909,"{
  ""coordinates"": [
    -8.319335652099990e+01,
    4.237909063300000e+01
  ],
  ""type"": ""Point""
}","{
  ""coordinates"": [
    -83.193356521,
    42.379090633
  ],
  ""type"": ""Point""
}",-83.1933565209999,42.379090633
18603,9651595,7 MILE,HUBBULL,2016-03-14,14,3,2016,14,2,8,9,,2,0,,1,1,1,30,4,2,2,5,0,0,0,0,true,,false,false,false,false,false,,,,,,false,true,false,,,false,false,false,false,false,-83.19009,42.43072,"{
  ""coordinates"": [
    -8.319008845000000e+01,
    4.243071711400010e+01
  ],
  ""type"": ""Point""
}","{
  ""coordinates"": [
    -83.19008845,
    42.430717114
  ],
  ""type"": ""Point""
}",-83.19008845,42.4307171140001
18604,9654524,I 94,WOODWARD,2016-03-14,14,3,2016,7,2,5,1,,1,0,,2,4,1,55,3,2,2,5,0,0,0,0,true,,false,false,true,false,false,,,,,,false,false,false,,,false,false,false,false,false,-83.07263,42.36134,"{
  ""coordinates"": [
    -8.307263332900000e+01,
    4.236134460900010e+01
  ],
  ""type"": ""Point""
}","{
  ""coordinates"": [
    -83.072633329,
    42.361344609
  ],
  ""type"": ""Point""
}",-83.072633329,42.3613446090001
18605,9651371,I-96,GRAND,2016-03-14,14,3,2016,8,2,5,1,,1,0,,2,3,2,55,4,2,2,5,0,0,0,0,true,,false,false,false,false,false,,,,,,false,false,false,,,false,false,false,false,false,-83.1087,42.35493,"{
  ""coordinates"": [
    -8.310870222400000e+01,
    4.235492603500010e+01
  ],
  ""type"": ""Point""
}","{
  ""coordinates"": [
    -83.108702224,
    42.354926035
  ],
  ""type"": ""Point""
}",-83.108702224,42.3549260350001
18606,9654761,FENKELL,FERGUSON,2016-03-14,14,3,2016,16,2,3,9,,2,0,,1,1,1,30,4,2,2,4,0,0,0,1,false,,false,false,false,false,false,,,,,,false,true,false,,,false,false,false,false,false,-83.20921,42.40128,"{
  ""coordinates"": [
    -8.320920847900000e+01,
    4.240127422900010e+01
  ],
  ""type"": ""Point""
}","{
  ""coordinates"": [
    -83.209208479,
    42.401274229
  ],
  ""type"": ""Point""
}",-83.209208479,42.4012742290001
18607,9654657,MICHIGAN,THIRD,2016-03-14,14,3,2016,11,2,1,2,,1,1,,2,2,1,25,7,1,1,5,0,0,0,0,true,,false,false,false,false,false,,,,,,false,false,false,,,false,false,false,false,false,-83.06018,42.33162,"{
  ""coordinates"": [
    -8.306018124199990e+01,
    4.233162434200010e+01
  ],
  ""type"": ""Point""
}","{
  ""coordinates"": [
    -83.060181242,
    42.331624342
  ],
  ""type"": ""Point""
}",-83.0601812419999,42.3316243420001
18608,9651366,I-75,GRANDRIVER,2016-03-14,14,3,2016,9,2,8,1,,1,0,,2,2,1,55,3,2,2,5,0,0,0,0,true,,false,false,false,false,false,,,,,,false,false,true,,,false,false,false,false,false,-83.05531,42.33873,"{
  ""coordinates"": [
    -8.305531529000000e+01,
    4.233873288600010e+01
  ],
  ""type"": ""Point""
}","{
  ""coordinates"": [
    -83.05531529,
    42.338732886
  ],
  ""type"": ""Point""
}",-83.05531529,42.3387328860001
18609,9651517,CONNER,HARPER,2016-03-14,14,3,2016,7,2,8,9,,4,0,,2,3,1,35,3,2,2,5,0,0,0,0,true,,false,false,true,false,false,,,,,,false,false,false,,,false,false,false,false,false,-82.99018,42.39706,"{
  ""coordinates"": [
    -8.299018066100000e+01,
    4.239706194800000e+01
  ],
  ""type"": ""Point""
}","{
  ""coordinates"": [
    -82.990180661,
    42.397061948
  ],
  ""type"": ""Point""
}",-82.990180661,42.397061948
18610,9655944,ST JEAN,KERCHEVAL,2016-03-14,14,3,2016,20,2,3,9,,4,0,,1,1,4,35,5,2,2,5,0,0,0,0,true,,false,false,false,false,false,,,,,,false,true,true,,,false,false,false,false,false,-82.97218,42.36939,"{
  ""coordinates"": [
    -8.297217987900000e+01,
    4.236939025500000e+01
  ],
  ""type"": ""Point""
}","{
  ""coordinates"": [
    -82.972179879,
    42.369390255
  ],
  ""type"": ""Point""
}",-82.972179879,42.369390255
18611,9663091,I-75,MCNICHOLS,2016-03-14,14,3,2016,21,2,1,1,,1,1,,2,1,4,70,3,1,1,5,0,0,0,0,true,,false,false,true,false,false,,,,,,false,false,true,,,false,false,false,false,false,-83.08503,42.41504,"{
  ""coordinates"": [
    -8.308502795600000e+01,
    4.241504344900010e+01
  ],
  ""type"": ""Point""
}","{
  ""coordinates"": [
    -83.085027956,
    42.415043449
  ],
  ""type"": ""Point""
}",-83.085027956,42.4150434490001
18612,9651530,VERNOR,GRAND,2016-03-14,14,3,2016,14,2,9,9,,4,0,,1,1,1,30,3,2,3,5,0,0,0,0,true,,false,false,false,false,false,,,,,,false,false,false,,,false,false,false,false,false,-83.00892,42.35769,"{
  ""coordinates"": [
    -8.300891821300000e+01,
    4.235769059900010e+01
  ],
  ""type"": ""Point""
}","{
  ""coordinates"": [
    -83.008918213,
    42.357690599
  ],
  ""type"": ""Point""
}",-83.008918213,42.3576905990001
18613,9651573,GRAND RIVER,BRETTON,2016-03-14,14,3,2016,15,2,8,3,,1,0,,1,1,1,35,4,2,1,5,0,0,0,0,true,,false,false,true,false,false,,,,,,false,false,false,,,false,false,false,false,false,-83.21923,42.40107,"{
  ""coordinates"": [
    -8.321922928100000e+01,
    4.240107086900010e+01
  ],
  ""type"": ""Point""
}","{
  ""coordinates"": [
    -83.219229281,
    42.401070869
  ],
  ""type"": ""Point""
}",-83.219229281,42.4010708690001
18614,9659398,PIEDMONT,KENDALL,2016-03-14,14,3,2016,15,2,4,9,,,0,,1,1,1,25,2,2,2,5,0,0,0,0,true,,false,false,false,false,false,,,,,,false,false,true,,,false,false,false,false,false,-83.22977,42.38895,"{
  ""coordinates"": [
    -8.322976311699991e+01,
    4.238895291700000e+01
  ],
  ""type"": ""Point""
}","{
  ""coordinates"": [
    -83.229763117,
    42.388952917
  ],
  ""type"": ""Point""
}",-83.2297631169999,42.388952917
18615,9651590,VAN DYKE,WALDEN,2016-03-14,14,3,2016,14,2,5,3,,1,0,,2,2,1,35,4,2,2,5,0,0,0,0,true,,false,false,false,false,false,,,,,,false,false,false,,,false,false,false,false,false,-83.02264,42.39246,"{
  ""coordinates"": [
    -8.302263935500000e+01,
    4.239245611400000e+01
  ],
  ""type"": ""Point""
}","{
  ""coordinates"": [
    -83.022639355,
    42.392456114
  ],
  ""type"": ""Point""
}",-83.022639355,42.392456114
18616,9651510,DRAGOON,VERNOR,2016-03-14,14,3,2016,15,2,8,9,,4,0,,2,2,1,25,3,2,2,5,0,0,0,0,true,,false,false,true,false,false,,,,,,false,false,false,,,false,false,false,false,false,-83.10854,42.31567,"{
  ""coordinates"": [
    -8.310854173800000e+01,
    4.231566586800010e+01
  ],
  ""type"": ""Point""
}","{
  ""coordinates"": [
    -83.108541738,
    42.315665868
  ],
  ""type"": ""Point""
}",-83.108541738,42.3156658680001
18617,9651579,HAYES,CHELSEA,2016-03-13,13,3,2016,17,1,4,9,,4,0,,2,4,1,25,4,2,2,5,0,0,0,0,true,,false,false,true,false,false,,,,,,false,false,false,,,false,false,false,false,false,-82.96465,42.41202,"{
  ""coordinates"": [
    -8.296464399500000e+01,
    4.241201762600010e+01
  ],
  ""type"": ""Point""
}","{
  ""coordinates"": [
    -82.964643995,
    42.412017626
  ],
  ""type"": ""Point""
}",-82.964643995,42.4120176260001
18618,9650126,LIEBOLD,TORONTO,2016-03-13,13,3,2016,0,1,8,9,,,0,,1,1,2,25,1,2,1,5,0,0,0,0,true,,false,false,true,false,false,,,,,,false,false,false,,,false,false,false,false,false,-83.15109,42.27711,"{
  ""coordinates"": [
    -8.315109357300000e+01,
    4.227710670300010e+01
  ],
  ""type"": ""Point""
}","{
  ""coordinates"": [
    -83.151093573,
    42.277106703
  ],
  ""type"": ""Point""
}",-83.151093573,42.2771067030001
18619,9650120,7 MILE,WALTHAM,2016-03-13,13,3,2016,13,1,6,9,,4,0,,2,4,1,30,2,2,4,4,0,0,0,3,false,,false,false,false,false,false,,,,,,false,true,true,,,false,false,false,false,false,-82.99522,42.43469,"{
  ""coordinates"": [
    -8.299522475500000e+01,
    4.243469225800000e+01
  ],
  ""type"": ""Point""
}","{
  ""coordinates"": [
    -82.995224755,
    42.434692258
  ],
  ""type"": ""Point""
}",-82.995224755,42.434692258
18620,9663196,7 MILE,SHIAWASSEE,2016-03-13,13,3,2016,6,1,4,9,,2,0,,2,4,2,35,3,2,1,5,0,0,0,0,true,,false,false,true,false,false,,,,,,false,false,false,,,false,false,false,false,false,-83.2727,42.42906,"{
  ""coordinates"": [
    -8.327269446900000e+01,
    4.242906037700000e+01
  ],
  ""type"": ""Point""
}","{
  ""coordinates"": [
    -83.272694469,
    42.429060377
  ],
  ""type"": ""Point""
}",-83.272694469,42.429060377
18621,9650136,BEECHWOOD,MOORE,2016-03-13,13,3,2016,16,1,9,9,,4,2,,1,4,1,25,2,2,3,5,0,0,0,0,true,,false,false,false,false,false,,,,,,false,false,false,,,false,false,false,false,false,-83.11914,42.35179,"{
  ""coordinates"": [
    -8.311914039999991e+01,
    4.235178928200000e+01
  ],
  ""type"": ""Point""
}","{
  ""coordinates"": [
    -83.1191404,
    42.351789282
  ],
  ""type"": ""Point""
}",-83.1191403999999,42.351789282
18622,9651560,BEAUBIEN,HOLBROOK,2016-03-13,13,3,2016,12,1,97,9,,4,0,,2,4,1,25,1,2,1,5,0,0,0,0,true,,false,false,true,false,false,,,,,,false,false,false,,,false,false,false,false,false,-83.07477,42.38329,"{
  ""coordinates"": [
    -8.307476956200000e+01,
    4.238328665900010e+01
  ],
  ""type"": ""Point""
}","{
  ""coordinates"": [
    -83.074769562,
    42.383286659
  ],
  ""type"": ""Point""
}",-83.074769562,42.3832866590001
18623,9651325,M-10,GRAND RIVER,2016-03-13,13,3,2016,22,1,8,3,,1,0,,2,4,4,55,3,2,1,2,0,1,0,0,false,,false,false,false,false,false,,,,,,false,false,false,,,false,false,false,false,false,-83.06458,42.33595,"{
  ""coordinates"": [
    -8.306457868699989e+01,
    4.233595222500000e+01
  ],
  ""type"": ""Point""
}","{
  ""coordinates"": [
    -83.064578687,
    42.335952225
  ],
  ""type"": ""Point""
}",-83.0645786869999,42.335952225
18624,9651522,TIREMAN,MANSFIELD,2016-03-13,13,3,2016,1,1,5,9,,4,3,,1,2,4,30,2,3,1,3,0,0,1,0,false,,false,false,false,true,false,,,,,,false,false,false,,,false,false,false,false,false,-83.20286,42.3508,"{
  ""coordinates"": [
    -8.320285790600001e+01,
    4.235079612400010e+01
  ],
  ""type"": ""Point""
}","{
  ""coordinates"": [
    -83.202857906,
    42.350796124
  ],
  ""type"": ""Point""
}",-83.202857906,42.3507961240001
18625,9657579,THIRD,SELDEN,2016-03-13,13,3,2016,14,1,4,9,,4,0,,2,4,1,30,3,2,4,5,0,0,0,0,true,,false,false,false,false,false,,,,,,false,false,false,,,false,false,false,false,false,-83.06667,42.34676,"{
  ""coordinates"": [
    -8.306666262200000e+01,
    4.234675673900010e+01
  ],
  ""type"": ""Point""
}","{
  ""coordinates"": [
    -83.066662622,
    42.346756739
  ],
  ""type"": ""Point""
}",-83.066662622,42.3467567390001
18626,9650131,LIVERNOIS,GRAND RIVER,2016-03-13,13,3,2016,13,1,4,3,,4,0,,2,4,1,35,5,2,1,5,0,0,0,0,true,,false,false,true,false,false,,,,,,false,false,true,,,false,false,false,false,false,-83.13879,42.36858,"{
  ""coordinates"": [
    -8.313879019699991e+01,
    4.236857652000000e+01
  ],
  ""type"": ""Point""
}","{
  ""coordinates"": [
    -83.138790197,
    42.36857652
  ],
  ""type"": ""Point""
}",-83.1387901969999,42.36857652
18627,9650009,RAMP 141D,W I 96,2016-03-13,13,3,2016,0,1,5,1,,1,0,,1,1,4,0,1,2,2,5,0,0,0,0,true,,false,false,false,false,false,,,,,,false,false,false,,,false,false,false,false,false,-83.14243,42.36898,"{
  ""coordinates"": [
    -8.314242400099990e+01,
    4.236897585700010e+01
  ],
  ""type"": ""Point""
}","{
  ""coordinates"": [
    -83.142424001,
    42.368975857
  ],
  ""type"": ""Point""
}",-83.1424240009999,42.3689758570001
18628,9651526,GRAND RIVER,S I 75,2016-03-13,13,3,2016,13,1,4,3,,1,0,,2,4,1,30,7,2,3,4,0,0,0,1,false,,false,false,false,false,false,,,,,,false,true,false,,,false,false,false,false,false,-83.05941,42.3366,"{
  ""coordinates"": [
    -8.305941244699990e+01,
    4.233659812600010e+01
  ],
  ""type"": ""Point""
}","{
  ""coordinates"": [
    -83.059412447,
    42.336598126
  ],
  ""type"": ""Point""
}",-83.0594124469999,42.3365981260001
18629,9650050,W/B I 94,SCOTTEN,2016-03-13,13,3,2016,20,1,1,1,,1,1,,2,4,4,55,3,1,1,5,0,0,0,0,true,,false,false,false,false,false,,,,,,false,false,false,,,false,false,false,false,false,-83.11157,42.34604,"{
  ""coordinates"": [
    -8.311157474399990e+01,
    4.234603782100000e+01
  ],
  ""type"": ""Point""
}","{
  ""coordinates"": [
    -83.111574744,
    42.346037821
  ],
  ""type"": ""Point""
}",-83.1115747439999,42.346037821