ObjectId,Crash ID,Primary Road,Intersecting Road,Crash Date,Day,Month,Year,Hour,Weekday,Crash Type Code,Highway Classification Code,Community Code,Jurisdiction Code,Lane Departure Type Code,Surface Type,Road Condition,Weather Condition,Lighting Condition,Speed Limit,Lanes,Units,Occupants,Most Severe Injury,Fatal Injuries,Suspected Serious Injuries,Suspected Minor Injuries,Possible Injuries,Property Damage Only,Secondary Crash,Traffic Control,Red Light Run,Hit and Run,Alcohol,Drugs,Unbelted Person,Work Zone,Speeding Driver,Distracted Driver,Driveway,Pedestrian,Elderly Driver,Young Driver,Commercial Vehicle,Emergency Vehicles,Train,School Bus,Motorcycle,Bicycle,Deer,Longitude,Latitude,geom,geog,x,y
18630,9654545,N/B I-75,VERNIOR,2016-03-13,13,3,2016,10,1,5,1,,1,0,,2,4,1,55,4,2,1,5,0,0,0,0,true,,false,false,false,false,false,,,,,,false,false,false,,,false,false,false,false,false,-83.09467,42.44652,"{
  ""coordinates"": [
    -8.309466940700000e+01,
    4.244652037500000e+01
  ],
  ""type"": ""Point""
}","{
  ""coordinates"": [
    -83.094669407,
    42.446520375
  ],
  ""type"": ""Point""
}",-83.094669407,42.446520375
18631,9651312,I-94,SCOTTEN,2016-03-13,13,3,2016,11,1,1,1,,1,1,,2,4,1,55,3,1,1,5,0,0,0,0,true,,false,false,false,false,false,,,,,,false,false,true,,,false,false,false,false,false,-83.10999,42.34677,"{
  ""coordinates"": [
    -8.310999657000001e+01,
    4.234676603100010e+01
  ],
  ""type"": ""Point""
}","{
  ""coordinates"": [
    -83.10999657,
    42.346766031
  ],
  ""type"": ""Point""
}",-83.10999657,42.3467660310001
18632,9792739,I-75,JOHN R,2016-03-13,13,3,2016,14,1,6,1,,1,0,,2,4,1,70,4,2,4,5,0,0,0,0,true,,false,false,true,false,false,,,,,,false,false,false,,,false,false,false,false,false,-83.05128,42.34048,"{
  ""coordinates"": [
    -8.305127798099990e+01,
    4.234048395800000e+01
  ],
  ""type"": ""Point""
}","{
  ""coordinates"": [
    -83.051277981,
    42.340483958
  ],
  ""type"": ""Point""
}",-83.0512779809999,42.340483958
18633,9650124,E I 96,GRAND,2016-03-13,13,3,2016,23,1,4,1,,1,0,,2,4,4,30,1,2,3,5,0,0,0,0,true,,true,true,true,false,false,,,,,,false,false,false,,,false,false,false,false,false,-83.11085,42.35588,"{
  ""coordinates"": [
    -8.311084502800000e+01,
    4.235587545900010e+01
  ],
  ""type"": ""Point""
}","{
  ""coordinates"": [
    -83.110845028,
    42.355875459
  ],
  ""type"": ""Point""
}",-83.110845028,42.3558754590001
18634,9650114,KLINGER,MCPHERSON,2016-03-13,13,3,2016,17,1,8,9,,,0,,2,4,1,25,2,2,1,5,0,0,0,0,true,,false,false,false,false,false,,,,,,false,true,false,,,false,false,false,false,false,-83.05943,42.40903,"{
  ""coordinates"": [
    -8.305943498999990e+01,
    4.240902642900010e+01
  ],
  ""type"": ""Point""
}","{
  ""coordinates"": [
    -83.05943499,
    42.409026429
  ],
  ""type"": ""Point""
}",-83.0594349899999,42.4090264290001
18635,9654546,I-96,SCHOOLCRAFT,2016-03-13,13,3,2016,10,1,6,9,,4,0,,2,4,1,55,2,2,2,5,0,0,0,0,true,,false,false,false,false,false,,,,,,false,false,false,,,false,false,false,false,false,-83.24817,42.38604,"{
  ""coordinates"": [
    -8.324816647800000e+01,
    4.238604368500010e+01
  ],
  ""type"": ""Point""
}","{
  ""coordinates"": [
    -83.248166478,
    42.386043685
  ],
  ""type"": ""Point""
}",-83.248166478,42.3860436850001
18636,9653339,NASHVILLE,ELMO,2016-03-13,13,3,2016,9,1,97,9,,,3,,1,1,4,25,2,2,0,5,0,0,0,0,true,,false,false,true,false,false,,,,,,false,false,false,,,false,false,false,false,false,-83.00391,42.41598,"{
  ""coordinates"": [
    -8.300391208600000e+01,
    4.241597893800010e+01
  ],
  ""type"": ""Point""
}","{
  ""coordinates"": [
    -83.003912086,
    42.415978938
  ],
  ""type"": ""Point""
}",-83.003912086,42.4159789380001
18637,9655811,I-94,OUTER,2016-03-13,13,3,2016,12,1,8,1,,1,0,,2,4,1,55,3,2,2,5,0,0,0,0,true,,false,false,false,false,false,,,,,,false,false,false,,,false,false,false,false,false,-82.95461,42.40675,"{
  ""coordinates"": [
    -8.295461224000000e+01,
    4.240674948200010e+01
  ],
  ""type"": ""Point""
}","{
  ""coordinates"": [
    -82.95461224,
    42.406749482
  ],
  ""type"": ""Point""
}",-82.95461224,42.4067494820001
18638,9651497,GRATIOT,CONNER,2016-03-13,13,3,2016,1,1,4,3,,1,0,,1,1,4,30,4,2,3,5,0,0,0,0,true,,true,true,false,false,false,,,,,,false,false,true,,,false,false,false,false,false,-82.9975,42.40491,"{
  ""coordinates"": [
    -8.299749493099991e+01,
    4.240490783300000e+01
  ],
  ""type"": ""Point""
}","{
  ""coordinates"": [
    -82.997494931,
    42.404907833
  ],
  ""type"": ""Point""
}",-82.9974949309999,42.404907833
18639,9653340,HOUSTON-WHITTIER,AUGUST,2016-03-13,13,3,2016,13,1,1,9,,4,1,,2,4,1,30,2,1,0,5,0,0,0,0,true,,false,false,false,false,false,,,,,,false,false,false,,,false,false,false,false,false,-82.98235,42.42048,"{
  ""coordinates"": [
    -8.298235348500000e+01,
    4.242048170100000e+01
  ],
  ""type"": ""Point""
}","{
  ""coordinates"": [
    -82.982353485,
    42.420481701
  ],
  ""type"": ""Point""
}",-82.982353485,42.420481701
18640,9651353,I-94,CADIEUX,2016-03-13,13,3,2016,16,1,8,1,,1,0,,2,4,1,55,3,2,2,5,0,0,0,0,true,,false,false,false,false,false,,,,,,false,false,false,,,false,false,false,false,false,-82.93864,42.41645,"{
  ""coordinates"": [
    -8.293863420600000e+01,
    4.241644760700010e+01
  ],
  ""type"": ""Point""
}","{
  ""coordinates"": [
    -82.938634206,
    42.416447607
  ],
  ""type"": ""Point""
}",-82.938634206,42.4164476070001
18641,9662474,LAHSER,OUTER,2016-03-13,13,3,2016,9,1,97,9,,2,0,,2,4,1,25,2,2,3,5,0,0,0,0,true,,false,false,true,false,false,,,,,,false,false,false,,,false,false,false,false,false,-83.25675,42.39845,"{
  ""coordinates"": [
    -8.325675336700000e+01,
    4.239844631600000e+01
  ],
  ""type"": ""Point""
}","{
  ""coordinates"": [
    -83.256753367,
    42.398446316
  ],
  ""type"": ""Point""
}",-83.256753367,42.398446316
18642,9655793,N I 75,GRAND,2016-03-13,13,3,2016,15,1,8,1,,1,0,,2,4,1,55,4,2,4,5,0,0,0,0,true,,false,false,false,false,false,,,,,,false,false,true,,,false,false,false,false,false,-83.06001,42.37448,"{
  ""coordinates"": [
    -8.306000296000001e+01,
    4.237448188900000e+01
  ],
  ""type"": ""Point""
}","{
  ""coordinates"": [
    -83.06000296,
    42.374481889
  ],
  ""type"": ""Point""
}",-83.06000296,42.374481889
18643,9650025,SB M-39,7 MILE,2016-03-13,13,3,2016,12,1,8,3,,1,0,,1,4,1,55,3,3,2,5,0,0,0,0,true,,false,false,true,false,false,,,,,,false,false,false,,,false,false,false,false,false,-83.21931,42.42857,"{
  ""coordinates"": [
    -8.321931038000000e+01,
    4.242856906000000e+01
  ],
  ""type"": ""Point""
}","{
  ""coordinates"": [
    -83.21931038,
    42.42856906
  ],
  ""type"": ""Point""
}",-83.21931038,42.42856906
18644,9649383,SEVEN MILE,LIVERNOIS,2016-03-13,13,3,2016,3,1,4,9,,2,0,,1,1,4,35,4,2,1,5,0,0,0,0,true,,false,false,true,false,false,,,,,,false,false,true,,,false,false,false,false,false,-83.1414,42.43161,"{
  ""coordinates"": [
    -8.314140320599989e+01,
    4.243160659400010e+01
  ],
  ""type"": ""Point""
}","{
  ""coordinates"": [
    -83.141403206,
    42.431606594
  ],
  ""type"": ""Point""
}",-83.1414032059999,42.4316065940001
18645,9650137,GRAND,14 TH,2016-03-13,13,3,2016,17,1,4,9,,4,0,,2,4,1,30,4,2,1,5,0,0,0,0,true,,false,false,true,false,false,,,,,,false,false,false,,,false,false,false,false,false,-83.09451,42.36231,"{
  ""coordinates"": [
    -8.309450380500000e+01,
    4.236231089000010e+01
  ],
  ""type"": ""Point""
}","{
  ""coordinates"": [
    -83.094503805,
    42.36231089
  ],
  ""type"": ""Point""
}",-83.094503805,42.3623108900001
18646,9658542,STOEPEL,PEMBROKE,2016-03-13,13,3,2016,9,1,97,9,,,0,,1,1,1,30,3,2,1,5,0,0,0,0,true,,false,false,false,false,false,,,,,,false,false,false,,,false,false,false,false,false,-83.1428,42.43854,"{
  ""coordinates"": [
    -8.314279655400000e+01,
    4.243853758400010e+01
  ],
  ""type"": ""Point""
}","{
  ""coordinates"": [
    -83.142796554,
    42.438537584
  ],
  ""type"": ""Point""
}",-83.142796554,42.4385375840001
18647,9668355,BARHAM,VOIGHT,2016-03-13,13,3,2016,1,1,97,9,,,0,,1,1,4,15,1,2,2,4,0,0,0,2,false,,false,false,false,false,false,,,,,,false,false,true,,,false,false,false,false,false,-82.94872,42.39609,"{
  ""coordinates"": [
    -8.294872132700000e+01,
    4.239608785700010e+01
  ],
  ""type"": ""Point""
}","{
  ""coordinates"": [
    -82.948721327,
    42.396087857
  ],
  ""type"": ""Point""
}",-82.948721327,42.3960878570001
18648,9657537,EVERGREEN,WADSWORTH,2016-03-13,13,3,2016,13,1,2,9,,4,2,,2,4,1,30,4,2,4,3,0,0,1,1,false,,false,false,false,false,false,,,,,,false,false,true,,,false,false,false,false,false,-83.23631,42.37395,"{
  ""coordinates"": [
    -8.323631665700000e+01,
    4.237395186700010e+01
  ],
  ""type"": ""Point""
}","{
  ""coordinates"": [
    -83.236316657,
    42.373951867
  ],
  ""type"": ""Point""
}",-83.236316657,42.3739518670001
18649,9654724,LYNDON,WYOMING,2016-03-13,13,3,2016,20,1,2,9,,4,0,,2,4,4,35,4,2,2,5,0,0,0,0,true,,false,false,false,false,false,,,,,,false,false,false,,,false,false,false,false,false,-83.15934,42.39524,"{
  ""coordinates"": [
    -8.315934199100001e+01,
    4.239523847400010e+01
  ],
  ""type"": ""Point""
}","{
  ""coordinates"": [
    -83.159341991,
    42.395238474
  ],
  ""type"": ""Point""
}",-83.159341991,42.3952384740001
18650,9651527,CHENE,ROBERT BRADBY,2016-03-13,13,3,2016,15,1,1,9,,4,0,,2,4,1,30,2,1,1,5,0,0,0,0,true,,false,false,false,false,false,,,,,,false,false,false,,,false,false,false,false,false,-83.02592,42.34504,"{
  ""coordinates"": [
    -8.302592591199991e+01,
    4.234503776500000e+01
  ],
  ""type"": ""Point""
}","{
  ""coordinates"": [
    -83.025925912,
    42.345037765
  ],
  ""type"": ""Point""
}",-83.0259259119999,42.345037765
18651,9651525,HARPER,NORCROSS,2016-03-13,13,3,2016,16,1,3,9,,4,0,,2,1,1,35,2,2,1,5,0,0,0,0,true,,false,false,false,false,false,,,,,,false,true,false,,,false,false,false,false,false,-82.98215,42.39948,"{
  ""coordinates"": [
    -8.298215018600000e+01,
    4.239948204600010e+01
  ],
  ""type"": ""Point""
}","{
  ""coordinates"": [
    -82.982150186,
    42.399482046
  ],
  ""type"": ""Point""
}",-82.982150186,42.3994820460001
18652,9655810,E I 94,CONSOLIDATED RAIL CORPORATION,2016-03-13,13,3,2016,11,1,4,1,,1,0,,2,4,1,55,3,2,2,5,0,0,0,0,true,,false,false,false,false,false,,,,,,false,true,false,,,false,false,false,false,false,-82.99206,42.39344,"{
  ""coordinates"": [
    -8.299206064600000e+01,
    4.239343645900000e+01
  ],
  ""type"": ""Point""
}","{
  ""coordinates"": [
    -82.992060646,
    42.393436459
  ],
  ""type"": ""Point""
}",-82.992060646,42.393436459
18653,9650023,I-94,GRATIOT,2016-03-13,13,3,2016,18,1,1,1,,1,1,,2,4,1,55,3,1,3,3,0,0,1,0,false,,false,false,false,false,false,,,,,,false,false,false,,,false,false,false,false,false,-83.01069,42.39001,"{
  ""coordinates"": [
    -8.301068720400001e+01,
    4.239001427400010e+01
  ],
  ""type"": ""Point""
}","{
  ""coordinates"": [
    -83.010687204,
    42.390014274
  ],
  ""type"": ""Point""
}",-83.010687204,42.3900142740001
18654,9655931,BRUSH,GRATIOT,2016-03-13,13,3,2016,13,1,4,9,,4,0,,2,4,1,30,3,2,1,4,0,0,0,1,false,,true,true,true,false,false,,,,,,false,false,false,,,false,false,false,false,false,-83.04868,42.34183,"{
  ""coordinates"": [
    -8.304867317400000e+01,
    4.234182896500000e+01
  ],
  ""type"": ""Point""
}","{
  ""coordinates"": [
    -83.048673174,
    42.341828965
  ],
  ""type"": ""Point""
}",-83.048673174,42.341828965
18655,9650051,W/B I 94,LIVERNOIS,2016-03-13,13,3,2016,23,1,8,1,,1,0,,2,4,4,55,3,2,1,5,0,0,0,0,true,,false,false,true,false,false,,,,,,false,false,false,,,false,false,false,false,false,-83.12066,42.3392,"{
  ""coordinates"": [
    -8.312065507499990e+01,
    4.233919476800000e+01
  ],
  ""type"": ""Point""
}","{
  ""coordinates"": [
    -83.120655075,
    42.339194768
  ],
  ""type"": ""Point""
}",-83.1206550749999,42.339194768
18656,9651313,M-39,GRAND RIVER,2016-03-13,13,3,2016,17,1,8,3,,1,0,,2,4,1,55,3,2,3,5,0,0,0,0,true,,false,false,false,false,false,,,,,,false,true,false,,,false,false,false,false,false,-83.21813,42.39875,"{
  ""coordinates"": [
    -8.321813076399999e+01,
    4.239874481700010e+01
  ],
  ""type"": ""Point""
}","{
  ""coordinates"": [
    -83.218130764,
    42.398744817
  ],
  ""type"": ""Point""
}",-83.218130764,42.3987448170001
18657,9655764,E I 96,RAMP 143A,2016-03-13,13,3,2016,13,1,1,1,,1,1,,2,4,1,55,3,1,1,5,0,0,0,0,true,,false,false,false,false,false,,,,,,false,false,false,,,false,false,false,false,false,-83.11448,42.35765,"{
  ""coordinates"": [
    -8.311447549000000e+01,
    4.235764849700010e+01
  ],
  ""type"": ""Point""
}","{
  ""coordinates"": [
    -83.11447549,
    42.357648497
  ],
  ""type"": ""Point""
}",-83.11447549,42.3576484970001
18658,9651506,MONTCALM,CLIFFORD,2016-03-13,13,3,2016,15,1,4,9,,4,0,,2,4,1,25,4,2,7,5,0,0,0,0,true,,false,false,false,false,false,,,,,,false,false,false,,,false,false,false,false,false,-83.05528,42.33761,"{
  ""coordinates"": [
    -8.305528186799999e+01,
    4.233760798300010e+01
  ],
  ""type"": ""Point""
}","{
  ""coordinates"": [
    -83.055281868,
    42.337607983
  ],
  ""type"": ""Point""
}",-83.055281868,42.3376079830001
18659,9655805,I-94,VAN DYKE,2016-03-13,13,3,2016,12,1,5,1,,1,0,,2,4,1,55,3,2,3,5,0,0,0,0,true,,false,false,true,false,false,,,,,,false,false,false,,,false,false,false,false,false,-83.0218,42.38566,"{
  ""coordinates"": [
    -8.302180634699990e+01,
    4.238566386900000e+01
  ],
  ""type"": ""Point""
}","{
  ""coordinates"": [
    -83.021806347,
    42.385663869
  ],
  ""type"": ""Point""
}",-83.0218063469999,42.385663869
18660,9652623,CONNER,W I 94,2016-03-13,13,3,2016,13,1,3,1,,4,0,,2,4,1,35,3,2,2,5,0,0,0,0,true,,false,false,false,false,false,,,,,,false,false,false,,,false,false,false,false,false,-82.98771,42.39661,"{
  ""coordinates"": [
    -8.298770589299990e+01,
    4.239661505700010e+01
  ],
  ""type"": ""Point""
}","{
  ""coordinates"": [
    -82.987705893,
    42.396615057
  ],
  ""type"": ""Point""
}",-82.9877058929999,42.3966150570001
18661,9651568,FORREST,MORAN,2016-03-13,13,3,2016,12,1,4,9,,4,0,,2,4,1,35,3,2,2,4,0,0,0,2,false,,true,false,false,false,false,,,,,,false,true,false,,,false,false,false,false,false,-83.03037,42.36689,"{
  ""coordinates"": [
    -8.303037080699990e+01,
    4.236688454900010e+01
  ],
  ""type"": ""Point""
}","{
  ""coordinates"": [
    -83.030370807,
    42.366884549
  ],
  ""type"": ""Point""
}",-83.0303708069999,42.3668845490001
18662,9651346,W I 96,CONSOLIDATED RAIL CORPORATION,2016-03-13,13,3,2016,11,1,8,1,,1,0,,2,4,1,55,3,2,4,5,0,0,0,0,true,,false,false,false,false,false,,,,,,false,false,true,,,false,false,false,false,false,-83.18088,42.38276,"{
  ""coordinates"": [
    -8.318087774799990e+01,
    4.238275553400010e+01
  ],
  ""type"": ""Point""
}","{
  ""coordinates"": [
    -83.180877748,
    42.382755534
  ],
  ""type"": ""Point""
}",-83.1808777479999,42.3827555340001
18663,9654787,STATE,SHELBY,2016-03-13,13,3,2016,8,1,5,3,,1,0,,2,4,1,30,4,2,2,5,0,0,0,0,true,,false,false,false,false,false,,,,,,false,false,true,,,false,false,false,false,false,-83.0489,42.33006,"{
  ""coordinates"": [
    -8.304890714600000e+01,
    4.233005987700010e+01
  ],
  ""type"": ""Point""
}","{
  ""coordinates"": [
    -83.048907146,
    42.330059877
  ],
  ""type"": ""Point""
}",-83.048907146,42.3300598770001
18664,9661505,7 MILE,TELEGRAPH,2016-03-13,13,3,2016,21,1,1,2,,2,0,,2,4,4,35,4,2,1,5,0,0,0,0,true,,false,false,false,false,false,,,,,,true,false,false,,,false,false,false,false,false,-83.27757,42.42894,"{
  ""coordinates"": [
    -8.327757239300000e+01,
    4.242893694100010e+01
  ],
  ""type"": ""Point""
}","{
  ""coordinates"": [
    -83.277572393,
    42.428936941
  ],
  ""type"": ""Point""
}",-83.277572393,42.4289369410001
18665,9651578,DICKERSON,WILSHIRE,2016-03-13,13,3,2016,16,1,4,9,,4,0,,2,4,1,25,3,2,1,5,0,0,0,0,true,,false,false,true,false,false,,,,,,false,false,false,,,false,false,false,false,false,-82.97813,42.41024,"{
  ""coordinates"": [
    -8.297813165799990e+01,
    4.241024152400010e+01
  ],
  ""type"": ""Point""
}","{
  ""coordinates"": [
    -82.978131658,
    42.410241524
  ],
  ""type"": ""Point""
}",-82.9781316579999,42.4102415240001
18666,9650028,SB I-75,NEVADA,2016-03-13,13,3,2016,14,1,1,1,,1,1,,2,4,1,70,4,1,1,4,0,0,0,1,false,,false,false,false,false,false,,,,,,false,false,false,,,false,false,false,false,false,-83.09421,42.42626,"{
  ""coordinates"": [
    -8.309420629899989e+01,
    4.242625638800010e+01
  ],
  ""type"": ""Point""
}","{
  ""coordinates"": [
    -83.094206299,
    42.426256388
  ],
  ""type"": ""Point""
}",-83.0942062989999,42.4262563880001
18667,9651519,LINWOOD,GROVE,2016-03-13,13,3,2016,21,1,8,9,,4,0,,2,4,4,25,2,2,1,5,0,0,0,0,true,,false,false,true,false,false,,,,,,false,false,false,,,false,false,false,false,false,-83.12801,42.41478,"{
  ""coordinates"": [
    -8.312801672200000e+01,
    4.241478156700000e+01
  ],
  ""type"": ""Point""
}","{
  ""coordinates"": [
    -83.128016722,
    42.414781567
  ],
  ""type"": ""Point""
}",-83.128016722,42.414781567
18668,9768852,LIVERNOIS,NORTHFIELD,2016-03-13,13,3,2016,14,1,5,9,,4,0,,2,4,1,35,5,2,2,5,0,0,0,0,true,,false,false,false,false,false,,,,,,false,true,true,,,false,false,false,false,false,-83.1386,42.36418,"{
  ""coordinates"": [
    -8.313859334599989e+01,
    4.236417817000010e+01
  ],
  ""type"": ""Point""
}","{
  ""coordinates"": [
    -83.138593346,
    42.36417817
  ],
  ""type"": ""Point""
}",-83.1385933459999,42.3641781700001
18669,9659282,E I 96,SCHAEFER,2016-03-13,13,3,2016,22,1,4,1,,1,0,,2,4,5,55,4,2,1,5,0,0,0,0,true,,false,false,false,false,false,,,,,,false,false,true,,,false,false,false,false,false,-83.18069,42.38262,"{
  ""coordinates"": [
    -8.318069122100000e+01,
    4.238261820300000e+01
  ],
  ""type"": ""Point""
}","{
  ""coordinates"": [
    -83.180691221,
    42.382618203
  ],
  ""type"": ""Point""
}",-83.180691221,42.382618203
18670,9651531,WOODWARD,MILWAUKEE,2016-03-13,13,3,2016,3,1,4,3,,1,0,,2,4,4,35,4,2,3,5,0,0,0,0,true,,false,false,false,false,false,,,,,,false,false,false,,,false,false,false,false,false,-83.07256,42.36912,"{
  ""coordinates"": [
    -8.307256232200000e+01,
    4.236911661400010e+01
  ],
  ""type"": ""Point""
}","{
  ""coordinates"": [
    -83.072562322,
    42.369116614
  ],
  ""type"": ""Point""
}",-83.072562322,42.3691166140001
18671,9651528,LAFAYETTE,FIELD,2016-03-13,13,3,2016,15,1,4,9,,4,0,,2,4,1,30,2,2,3,5,0,0,0,0,true,,false,false,false,false,false,,,,,,false,false,true,,,false,false,false,false,false,-83.00247,42.35097,"{
  ""coordinates"": [
    -8.300246828300000e+01,
    4.235097308500010e+01
  ],
  ""type"": ""Point""
}","{
  ""coordinates"": [
    -83.002468283,
    42.350973085
  ],
  ""type"": ""Point""
}",-83.002468283,42.3509730850001
18672,9752227,N I 75,DEARBORN,2016-03-13,13,3,2016,10,1,1,1,,1,1,,2,4,4,60,4,1,2,4,0,0,0,2,false,,false,false,false,false,false,,,,,,false,false,false,,,false,false,false,false,false,-83.12798,42.29275,"{
  ""coordinates"": [
    -8.312797293499990e+01,
    4.229275321900010e+01
  ],
  ""type"": ""Point""
}","{
  ""coordinates"": [
    -83.127972935,
    42.292753219
  ],
  ""type"": ""Point""
}",-83.1279729349999,42.2927532190001
18673,9651523,E I 94,WOODWARD,2016-03-13,13,3,2016,16,1,5,1,,1,0,,2,4,1,55,3,2,3,5,0,0,0,0,true,,false,false,true,false,false,,,,,,false,false,false,,,false,false,false,false,false,-83.06881,42.3636,"{
  ""coordinates"": [
    -8.306880652500000e+01,
    4.236359901900000e+01
  ],
  ""type"": ""Point""
}","{
  ""coordinates"": [
    -83.068806525,
    42.363599019
  ],
  ""type"": ""Point""
}",-83.068806525,42.363599019
18674,9651350,I-94,CONCORD,2016-03-13,13,3,2016,11,1,5,1,,1,0,,2,4,1,55,3,2,2,5,0,0,0,0,true,,false,false,false,false,false,,,,,,false,false,true,,,false,false,false,false,false,-83.02989,42.3833,"{
  ""coordinates"": [
    -8.302989120599990e+01,
    4.238330037600010e+01
  ],
  ""type"": ""Point""
}","{
  ""coordinates"": [
    -83.029891206,
    42.383300376
  ],
  ""type"": ""Point""
}",-83.0298912059999,42.3833003760001
18675,9749746,8 TH,LABROSSE,2016-03-13,13,3,2016,12,1,8,9,,,0,,2,4,1,25,2,2,1,5,0,0,0,0,true,,false,false,false,false,false,,,,,,false,false,false,,,false,true,false,false,false,-83.06367,42.32918,"{
  ""coordinates"": [
    -8.306367264999990e+01,
    4.232918275400000e+01
  ],
  ""type"": ""Point""
}","{
  ""coordinates"": [
    -83.06367265,
    42.329182754
  ],
  ""type"": ""Point""
}",-83.0636726499999,42.329182754
18676,9651554,7 MILE,HAYES,2016-03-13,13,3,2016,21,1,1,9,,2,0,,2,4,5,35,3,2,2,5,0,0,0,0,true,,false,false,false,false,false,,,,,,true,false,true,,,false,false,false,false,false,-82.96539,42.43542,"{
  ""coordinates"": [
    -8.296538442799989e+01,
    4.243542404900010e+01
  ],
  ""type"": ""Point""
}","{
  ""coordinates"": [
    -82.965384428,
    42.435424049
  ],
  ""type"": ""Point""
}",-82.9653844279999,42.4354240490001
18677,9651493,I-94,THIRD,2016-03-13,13,3,2016,15,1,5,1,,1,0,,2,4,1,55,3,2,9,5,0,0,0,0,true,,false,false,false,false,false,,,,,,false,false,false,,,false,false,false,false,false,-83.07485,42.35979,"{
  ""coordinates"": [
    -8.307484821500000e+01,
    4.235979645900010e+01
  ],
  ""type"": ""Point""
}","{
  ""coordinates"": [
    -83.074848215,
    42.359796459
  ],
  ""type"": ""Point""
}",-83.074848215,42.3597964590001
18678,9655763,N M 39,RAMP 007B,2016-03-13,13,3,2016,12,1,1,3,,1,1,,2,4,1,55,3,1,1,5,0,0,0,0,true,,false,false,false,false,false,,,,,,false,false,true,,,false,false,false,false,false,-83.21632,42.36147,"{
  ""coordinates"": [
    -8.321632344100000e+01,
    4.236146700100010e+01
  ],
  ""type"": ""Point""
}","{
  ""coordinates"": [
    -83.216323441,
    42.361467001
  ],
  ""type"": ""Point""
}",-83.216323441,42.3614670010001
18679,9650029,WB I-94,FRENCH,2016-03-13,13,3,2016,16,1,1,1,,1,1,,2,4,1,55,3,1,1,5,0,0,0,0,true,,false,false,false,false,false,,,,,,false,false,true,,,false,false,false,false,false,-82.99786,42.39222,"{
  ""coordinates"": [
    -8.299785409600000e+01,
    4.239222060000000e+01
  ],
  ""type"": ""Point""
}","{
  ""coordinates"": [
    -82.997854096,
    42.3922206
  ],
  ""type"": ""Point""
}",-82.997854096,42.3922206
18680,9660364,8 MILE,WOODWARD,2016-03-13,13,3,2016,16,1,5,3,,1,0,,2,2,1,40,3,2,2,5,0,0,0,0,true,,false,false,false,false,false,,,,,,false,true,false,,,false,false,false,false,false,-83.1248,42.44651,"{
  ""coordinates"": [
    -8.312480035800000e+01,
    4.244650635800010e+01
  ],
  ""type"": ""Point""
}","{
  ""coordinates"": [
    -83.124800358,
    42.446506358
  ],
  ""type"": ""Point""
}",-83.124800358,42.4465063580001
18681,9650123,SCHAEFER,MIDLAND,2016-03-13,13,3,2016,14,1,4,9,,4,0,,2,4,1,30,2,2,3,5,0,0,0,0,true,,false,false,false,false,false,,,,,,false,true,false,,,false,false,false,false,false,-83.17929,42.40579,"{
  ""coordinates"": [
    -8.317929057200000e+01,
    4.240579235000010e+01
  ],
  ""type"": ""Point""
}","{
  ""coordinates"": [
    -83.179290572,
    42.40579235
  ],
  ""type"": ""Point""
}",-83.179290572,42.4057923500001
18682,9697556,WATERMAN,ARMY,2016-03-13,13,3,2016,13,1,8,9,,4,0,,2,4,1,25,2,2,4,4,0,0,0,4,false,,false,false,false,false,false,,,,,,false,false,true,,,false,false,false,false,false,-83.11114,42.30835,"{
  ""coordinates"": [
    -8.311113532400000e+01,
    4.230834727900000e+01
  ],
  ""type"": ""Point""
}","{
  ""coordinates"": [
    -83.111135324,
    42.308347279
  ],
  ""type"": ""Point""
}",-83.111135324,42.308347279
18683,9650118,KELLY,YORKSHIRE,2016-03-13,13,3,2016,4,1,8,9,,4,0,,1,1,5,30,2,2,2,5,0,0,0,0,true,,false,false,false,false,false,,,,,,false,false,false,,,false,false,false,false,false,-82.96166,42.42319,"{
  ""coordinates"": [
    -8.296166284500001e+01,
    4.242318854800000e+01
  ],
  ""type"": ""Point""
}","{
  ""coordinates"": [
    -82.961662845,
    42.423188548
  ],
  ""type"": ""Point""
}",-82.961662845,42.423188548
18684,9650134,BARHAM,VOIGHT,2016-03-13,13,3,2016,1,1,1,9,,,1,,1,1,4,15,1,1,2,4,0,0,0,2,false,,false,false,false,false,false,,,,,,false,false,true,,,false,false,false,false,false,-82.94872,42.39609,"{
  ""coordinates"": [
    -8.294872132700000e+01,
    4.239608785700010e+01
  ],
  ""type"": ""Point""
}","{
  ""coordinates"": [
    -82.948721327,
    42.396087857
  ],
  ""type"": ""Point""
}",-82.948721327,42.3960878570001
18685,9651348,N I 75,RAMP 045A,2016-03-13,13,3,2016,15,1,1,1,,1,1,,2,4,1,55,5,1,1,5,0,0,0,0,true,,false,false,false,false,false,,,,,,false,false,false,,,false,false,false,false,false,-83.06107,42.37608,"{
  ""coordinates"": [
    -8.306106837700000e+01,
    4.237608330400010e+01
  ],
  ""type"": ""Point""
}","{
  ""coordinates"": [
    -83.061068377,
    42.376083304
  ],
  ""type"": ""Point""
}",-83.061068377,42.3760833040001
18686,9650027,W I 96,GRAND,2016-03-13,13,3,2016,14,1,1,1,,1,1,,2,4,1,70,4,1,1,5,0,0,0,0,true,,false,false,false,false,false,,,,,,false,false,false,,,false,false,false,false,false,-83.11048,42.35597,"{
  ""coordinates"": [
    -8.311048251499990e+01,
    4.235597404000000e+01
  ],
  ""type"": ""Point""
}","{
  ""coordinates"": [
    -83.110482515,
    42.35597404
  ],
  ""type"": ""Point""
}",-83.1104825149999,42.35597404