ObjectId,Crash ID,Primary Road,Intersecting Road,Crash Date,Day,Month,Year,Hour,Weekday,Crash Type Code,Highway Classification Code,Community Code,Jurisdiction Code,Lane Departure Type Code,Surface Type,Road Condition,Weather Condition,Lighting Condition,Speed Limit,Lanes,Units,Occupants,Most Severe Injury,Fatal Injuries,Suspected Serious Injuries,Suspected Minor Injuries,Possible Injuries,Property Damage Only,Secondary Crash,Traffic Control,Red Light Run,Hit and Run,Alcohol,Drugs,Unbelted Person,Work Zone,Speeding Driver,Distracted Driver,Driveway,Pedestrian,Elderly Driver,Young Driver,Commercial Vehicle,Emergency Vehicles,Train,School Bus,Motorcycle,Bicycle,Deer,Longitude,Latitude,geom,geog,x,y
18687,9707635,MEYERS,FENKELL,2016-03-13,13,3,2016,18,1,6,9,,4,0,,2,4,1,30,4,2,2,4,0,0,0,1,false,,false,false,true,false,false,,,,,,false,false,false,,,false,false,false,false,false,-83.1694,42.40223,"{
  ""coordinates"": [
    -8.316939325500000e+01,
    4.240222778600000e+01
  ],
  ""type"": ""Point""
}","{
  ""coordinates"": [
    -83.169393255,
    42.402227786
  ],
  ""type"": ""Point""
}",-83.169393255,42.402227786
18688,9651351,I-94,M-10,2016-03-13,13,3,2016,11,1,1,1,,1,1,,2,4,1,55,3,1,2,5,0,0,0,0,true,,false,false,false,false,false,,,,,,false,false,false,,,false,false,false,false,false,-83.07486,42.36038,"{
  ""coordinates"": [
    -8.307485904500000e+01,
    4.236037796700000e+01
  ],
  ""type"": ""Point""
}","{
  ""coordinates"": [
    -83.074859045,
    42.360377967
  ],
  ""type"": ""Point""
}",-83.074859045,42.360377967
18689,9650026,EB I-94,SECOND,2016-03-13,13,3,2016,13,1,5,1,,1,0,,2,4,1,55,3,2,2,4,0,0,0,1,false,,false,false,false,false,false,,,,,,false,false,true,,,false,false,false,false,false,-83.07298,42.36111,"{
  ""coordinates"": [
    -8.307297825300000e+01,
    4.236111098900010e+01
  ],
  ""type"": ""Point""
}","{
  ""coordinates"": [
    -83.072978253,
    42.361110989
  ],
  ""type"": ""Point""
}",-83.072978253,42.3611109890001
18690,9650193,S M 39,OUTER,2016-03-13,13,3,2016,13,1,8,3,,1,0,,2,4,1,55,3,2,2,5,0,0,0,0,true,,false,false,false,false,false,,,,,,false,true,true,,,false,false,false,false,false,-83.219,42.41931,"{
  ""coordinates"": [
    -8.321900402599989e+01,
    4.241930734500000e+01
  ],
  ""type"": ""Point""
}","{
  ""coordinates"": [
    -83.219004026,
    42.419307345
  ],
  ""type"": ""Point""
}",-83.2190040259999,42.419307345
18691,9650127,HOWARD,CAMPBELL,2016-03-13,13,3,2016,3,1,9,9,,,2,,1,1,4,25,1,2,1,5,0,0,0,0,true,,false,false,false,false,false,,,,,,false,false,false,,,false,false,false,false,false,-83.10033,42.31236,"{
  ""coordinates"": [
    -8.310033481999990e+01,
    4.231236013900010e+01
  ],
  ""type"": ""Point""
}","{
  ""coordinates"": [
    -83.10033482,
    42.312360139
  ],
  ""type"": ""Point""
}",-83.1003348199999,42.3123601390001
18692,9650116,N M 10,MEYERS,2016-03-13,13,3,2016,6,1,1,3,,1,1,,1,1,4,0,2,1,1,5,0,0,0,0,true,,false,false,false,false,false,,,,,,false,false,false,,,false,false,false,false,false,-83.17003,42.41445,"{
  ""coordinates"": [
    -8.317003058300000e+01,
    4.241445283000010e+01
  ],
  ""type"": ""Point""
}","{
  ""coordinates"": [
    -83.170030583,
    42.41445283
  ],
  ""type"": ""Point""
}",-83.170030583,42.4144528300001
18693,9650010,S M 39,RAMP 008H,2016-03-13,13,3,2016,18,1,5,3,,1,0,,2,4,1,55,3,2,3,5,0,0,0,0,true,,false,false,false,false,false,,,,,,false,false,true,,,false,false,false,false,false,-83.21747,42.38205,"{
  ""coordinates"": [
    -8.321746913200001e+01,
    4.238204915100000e+01
  ],
  ""type"": ""Point""
}","{
  ""coordinates"": [
    -83.217469132,
    42.382049151
  ],
  ""type"": ""Point""
}",-83.217469132,42.382049151
18694,9651572,7 MILE,BRAILE,2016-03-13,13,3,2016,18,1,4,9,,2,0,,2,4,1,35,2,2,2,5,0,0,0,0,true,,false,false,false,false,false,,,,,,false,false,true,,,false,false,false,false,false,-83.24617,42.42939,"{
  ""coordinates"": [
    -8.324617289799990e+01,
    4.242939386500010e+01
  ],
  ""type"": ""Point""
}","{
  ""coordinates"": [
    -83.246172898,
    42.429393865
  ],
  ""type"": ""Point""
}",-83.2461728979999,42.4293938650001
18695,9655812,M-39,SCHOOLCRAFT,2016-03-13,13,3,2016,14,1,4,3,,1,0,,2,4,1,55,3,2,2,5,0,0,0,0,true,,false,false,false,false,false,,,,,,false,false,false,,,false,false,false,false,false,-83.21769,42.38588,"{
  ""coordinates"": [
    -8.321769259699990e+01,
    4.238588024200000e+01
  ],
  ""type"": ""Point""
}","{
  ""coordinates"": [
    -83.217692597,
    42.385880242
  ],
  ""type"": ""Point""
}",-83.2176925969999,42.385880242
18696,9651492,I-94,WOODWARD,2016-03-13,13,3,2016,14,1,5,1,,1,0,,2,4,1,55,3,2,5,5,0,0,0,0,true,,false,false,false,false,false,,,,,,false,false,true,,,false,false,false,false,false,-83.0689,42.36376,"{
  ""coordinates"": [
    -8.306890039900000e+01,
    4.236376040300010e+01
  ],
  ""type"": ""Point""
}","{
  ""coordinates"": [
    -83.068900399,
    42.363760403
  ],
  ""type"": ""Point""
}",-83.068900399,42.3637604030001
18697,9651567,VAN DYKE,GRINNELL,2016-03-13,13,3,2016,8,1,5,3,,1,0,,2,4,1,35,2,2,2,5,0,0,0,0,true,,false,false,true,false,false,,,,,,false,false,false,,,false,false,false,false,false,-83.02299,42.40092,"{
  ""coordinates"": [
    -8.302299037900001e+01,
    4.240092226700010e+01
  ],
  ""type"": ""Point""
}","{
  ""coordinates"": [
    -83.022990379,
    42.400922267
  ],
  ""type"": ""Point""
}",-83.022990379,42.4009222670001
18698,9650122,M 10 SERVICE,PILGRIM,2016-03-13,13,3,2016,4,1,8,9,,4,0,,1,1,4,35,2,2,1,5,0,0,0,0,true,,false,false,true,false,false,,,,,,false,false,false,,,false,false,false,false,false,-83.16344,42.40816,"{
  ""coordinates"": [
    -8.316343334500000e+01,
    4.240815556200000e+01
  ],
  ""type"": ""Point""
}","{
  ""coordinates"": [
    -83.163433345,
    42.408155562
  ],
  ""type"": ""Point""
}",-83.163433345,42.408155562
18699,9651529,WHITTIER,KELLY,2016-03-13,13,3,2016,23,1,1,9,,4,0,,2,4,4,30,2,1,1,5,0,0,0,0,true,,false,false,false,false,false,,,,,,false,false,false,,,false,false,false,false,false,-82.96345,42.42081,"{
  ""coordinates"": [
    -8.296344913800000e+01,
    4.242081370400010e+01
  ],
  ""type"": ""Point""
}","{
  ""coordinates"": [
    -82.963449138,
    42.420813704
  ],
  ""type"": ""Point""
}",-82.963449138,42.4208137040001
18700,9650004,I 94 E/B,M-10,2016-03-13,13,3,2016,0,1,1,1,,1,1,,1,1,4,55,3,1,2,5,0,0,0,0,true,,false,false,false,true,false,,,,,,false,false,false,,,false,false,false,false,false,-83.08451,42.35468,"{
  ""coordinates"": [
    -8.308450787000000e+01,
    4.235467986000000e+01
  ],
  ""type"": ""Point""
}","{
  ""coordinates"": [
    -83.08450787,
    42.35467986
  ],
  ""type"": ""Point""
}",-83.08450787,42.35467986
18701,9650121,VERNOR,GREEN,2016-03-13,13,3,2016,17,1,5,9,,4,0,,2,4,1,30,2,2,3,5,0,0,0,0,true,,false,false,false,false,false,,,,,,false,false,false,,,false,false,false,false,false,-83.1212,42.31392,"{
  ""coordinates"": [
    -8.312119778999990e+01,
    4.231391534300010e+01
  ],
  ""type"": ""Point""
}","{
  ""coordinates"": [
    -83.12119779,
    42.313915343
  ],
  ""type"": ""Point""
}",-83.1211977899999,42.3139153430001
18702,9657552,PURITAN,PREVOST,2016-03-13,13,3,2016,13,1,4,9,,4,0,,2,4,1,30,2,2,3,3,0,0,1,1,false,,false,false,false,false,false,,,,,,false,false,true,,,false,false,false,false,false,-83.20321,42.40866,"{
  ""coordinates"": [
    -8.320320941700000e+01,
    4.240866017400000e+01
  ],
  ""type"": ""Point""
}","{
  ""coordinates"": [
    -83.203209417,
    42.408660174
  ],
  ""type"": ""Point""
}",-83.203209417,42.408660174
18703,9651540,SHELBY,STATE,2016-03-13,13,3,2016,9,1,97,9,,4,0,,2,4,1,25,2,2,2,5,0,0,0,0,true,,false,false,false,false,false,,,,,,false,false,true,,,false,false,false,false,false,-83.0497,42.3325,"{
  ""coordinates"": [
    -8.304969959399990e+01,
    4.233249588800000e+01
  ],
  ""type"": ""Point""
}","{
  ""coordinates"": [
    -83.049699594,
    42.332495888
  ],
  ""type"": ""Point""
}",-83.0496995939999,42.332495888
18704,9654785,LINWOOD,GROVE,2016-03-13,13,3,2016,20,1,5,9,,4,0,,2,4,2,25,2,2,1,5,0,0,0,0,true,,false,false,true,false,false,,,,,,false,false,false,,,false,false,false,false,false,-83.12803,42.41498,"{
  ""coordinates"": [
    -8.312802628400000e+01,
    4.241498335900010e+01
  ],
  ""type"": ""Point""
}","{
  ""coordinates"": [
    -83.128026284,
    42.414983359
  ],
  ""type"": ""Point""
}",-83.128026284,42.4149833590001
18705,9654722,CHICAGO,LIVERNOIS,2016-03-13,13,3,2016,14,1,4,9,,4,0,,2,4,1,30,2,2,2,5,0,0,0,0,true,,false,false,false,false,false,,,,,,false,false,false,,,false,false,true,false,false,-83.13908,42.36658,"{
  ""coordinates"": [
    -8.313907697300000e+01,
    4.236657930900000e+01
  ],
  ""type"": ""Point""
}","{
  ""coordinates"": [
    -83.139076973,
    42.366579309
  ],
  ""type"": ""Point""
}",-83.139076973,42.366579309
18706,9651563,E I 96,BURT,2016-03-12,12,3,2016,8,7,5,1,,1,0,,1,1,1,70,4,2,1,5,0,0,0,0,true,,false,false,true,false,false,,,,,,false,false,false,,,false,false,false,false,false,-83.2476,42.38542,"{
  ""coordinates"": [
    -8.324759481400000e+01,
    4.238542292700000e+01
  ],
  ""type"": ""Point""
}","{
  ""coordinates"": [
    -83.247594814,
    42.385422927
  ],
  ""type"": ""Point""
}",-83.247594814,42.385422927
18707,9654718,MANSFIELD,ACACIA,2016-03-12,12,3,2016,21,7,2,9,,,2,,1,1,4,25,2,2,3,5,0,0,0,0,true,,false,false,true,true,false,,,,,,false,false,true,,,false,false,false,false,false,-83.20479,42.3922,"{
  ""coordinates"": [
    -8.320478841399991e+01,
    4.239220583400000e+01
  ],
  ""type"": ""Point""
}","{
  ""coordinates"": [
    -83.204788414,
    42.392205834
  ],
  ""type"": ""Point""
}",-83.2047884139999,42.392205834
18708,9649336,HOLLYWOOD,CHARLESTON,2016-03-12,12,3,2016,23,7,1,9,,,0,,1,1,4,25,2,1,1,2,0,1,0,0,false,,false,false,false,false,false,,,,,,false,false,true,,,false,false,false,false,false,-83.10773,42.43054,"{
  ""coordinates"": [
    -8.310773761699990e+01,
    4.243054119800010e+01
  ],
  ""type"": ""Point""
}","{
  ""coordinates"": [
    -83.107737617,
    42.430541198
  ],
  ""type"": ""Point""
}",-83.1077376169999,42.4305411980001
18709,9649375,N I 75,8 MILE,2016-03-12,12,3,2016,16,7,97,1,,1,0,,1,1,1,40,3,2,1,5,0,0,0,0,true,,false,false,true,false,false,,,,,,false,false,false,,,false,false,false,false,false,-83.09469,42.44685,"{
  ""coordinates"": [
    -8.309468720500000e+01,
    4.244684754800010e+01
  ],
  ""type"": ""Point""
}","{
  ""coordinates"": [
    -83.094687205,
    42.446847548
  ],
  ""type"": ""Point""
}",-83.094687205,42.4468475480001
18710,9649330,MCNICHOLS,GREENVIEW,2016-03-12,12,3,2016,8,7,3,9,,2,0,,1,1,1,35,4,2,3,4,0,0,0,3,false,,false,false,false,false,false,,,,,,false,true,false,,,false,false,false,false,false,-83.22433,42.41544,"{
  ""coordinates"": [
    -8.322433544599990e+01,
    4.241544264500000e+01
  ],
  ""type"": ""Point""
}","{
  ""coordinates"": [
    -83.224335446,
    42.415442645
  ],
  ""type"": ""Point""
}",-83.2243354459999,42.415442645
18711,9650128,VERNOR,WATERMAN,2016-03-12,12,3,2016,2,7,2,9,,4,0,,1,1,4,35,5,2,3,5,0,0,0,0,true,,false,false,false,true,false,,,,,,false,false,true,,,false,false,false,false,false,-83.11649,42.31583,"{
  ""coordinates"": [
    -8.311648690399990e+01,
    4.231583304900000e+01
  ],
  ""type"": ""Point""
}","{
  ""coordinates"": [
    -83.116486904,
    42.315833049
  ],
  ""type"": ""Point""
}",-83.1164869039999,42.315833049
18712,9654720,SCHAEFER,GRAND RIVER,2016-03-12,12,3,2016,22,7,8,3,,4,0,,1,1,4,30,5,2,3,5,0,0,0,0,true,,false,false,false,false,false,,,,,,false,false,true,,,false,false,false,false,false,-83.1784,42.38453,"{
  ""coordinates"": [
    -8.317840115400000e+01,
    4.238452441100000e+01
  ],
  ""type"": ""Point""
}","{
  ""coordinates"": [
    -83.178401154,
    42.384524411
  ],
  ""type"": ""Point""
}",-83.178401154,42.384524411
18713,9649377,8 MILE,DEQUINDRE,2016-03-12,12,3,2016,9,7,5,3,,1,0,,1,1,1,45,4,2,2,5,0,0,0,0,true,,false,false,false,false,false,,,,,,false,false,true,,,false,false,false,false,false,-83.08346,42.44702,"{
  ""coordinates"": [
    -8.308345662999990e+01,
    4.244701765400000e+01
  ],
  ""type"": ""Point""
}","{
  ""coordinates"": [
    -83.08345663,
    42.447017654
  ],
  ""type"": ""Point""
}",-83.0834566299999,42.447017654
18714,9649316,SAVAGE,CARRIE,2016-03-12,12,3,2016,7,7,8,9,,,0,,1,1,1,25,2,4,1,5,0,0,0,0,true,,false,false,true,false,false,,,,,,false,false,false,,,false,false,false,false,false,-83.03063,42.44596,"{
  ""coordinates"": [
    -8.303063166200000e+01,
    4.244595712600010e+01
  ],
  ""type"": ""Point""
}","{
  ""coordinates"": [
    -83.030631662,
    42.445957126
  ],
  ""type"": ""Point""
}",-83.030631662,42.4459571260001
18715,9654784,WOODWRAD,7 MILE,2016-03-12,12,3,2016,17,7,5,3,,1,0,,1,1,1,35,4,2,3,5,0,0,0,0,true,,false,false,false,false,false,,,,,,false,false,true,,,false,false,false,false,false,-83.11492,42.43205,"{
  ""coordinates"": [
    -8.311491937300001e+01,
    4.243205436600000e+01
  ],
  ""type"": ""Point""
}","{
  ""coordinates"": [
    -83.114919373,
    42.432054366
  ],
  ""type"": ""Point""
}",-83.114919373,42.432054366
18716,9650129,GRATIOT,PETER HUNT,2016-03-12,12,3,2016,21,7,4,3,,1,0,,1,1,4,35,3,2,2,5,0,0,0,0,true,,false,false,false,false,false,,,,,,false,false,false,,,false,false,false,false,false,-83.00453,42.39417,"{
  ""coordinates"": [
    -8.300453530800000e+01,
    4.239417088600000e+01
  ],
  ""type"": ""Point""
}","{
  ""coordinates"": [
    -83.004535308,
    42.394170886
  ],
  ""type"": ""Point""
}",-83.004535308,42.394170886
18717,9649328,FENELON,7 MILE,2016-03-12,12,3,2016,2,7,5,9,,,0,,1,1,4,25,1,2,1,5,0,0,0,0,true,,false,false,false,false,false,,,,,,false,false,false,,,false,false,false,false,false,-83.0533,42.43307,"{
  ""coordinates"": [
    -8.305329857800000e+01,
    4.243306723800000e+01
  ],
  ""type"": ""Point""
}","{
  ""coordinates"": [
    -83.053298578,
    42.433067238
  ],
  ""type"": ""Point""
}",-83.053298578,42.433067238
18718,9663635,GREENFIELD,WARREN,2016-03-12,12,3,2016,9,7,8,9,,2,0,,1,1,1,40,5,2,2,5,0,0,0,0,true,,false,false,false,false,false,,,,,,false,false,true,,,false,false,false,false,false,-83.19627,42.34312,"{
  ""coordinates"": [
    -8.319626262799990e+01,
    4.234311657500010e+01
  ],
  ""type"": ""Point""
}","{
  ""coordinates"": [
    -83.196262628,
    42.343116575
  ],
  ""type"": ""Point""
}",-83.1962626279999,42.3431165750001
18719,9649373,LIVERNOIS,TIREMAN,2016-03-12,12,3,2016,16,7,3,9,,4,0,,1,1,1,35,9,2,2,3,0,0,1,1,false,,true,true,false,false,false,,,,,,false,false,false,,,false,false,false,false,false,-83.13568,42.35204,"{
  ""coordinates"": [
    -8.313568088499990e+01,
    4.235204368200000e+01
  ],
  ""type"": ""Point""
}","{
  ""coordinates"": [
    -83.135680885,
    42.352043682
  ],
  ""type"": ""Point""
}",-83.1356808849999,42.352043682
18720,9651345,W I 94,CHENE,2016-03-12,12,3,2016,15,7,8,1,,1,0,,1,1,1,55,3,2,5,4,0,0,0,1,false,,false,false,false,false,false,,,,,,false,false,true,,,false,false,false,false,false,-83.04597,42.37458,"{
  ""coordinates"": [
    -8.304596546900000e+01,
    4.237458443800010e+01
  ],
  ""type"": ""Point""
}","{
  ""coordinates"": [
    -83.045965469,
    42.374584438
  ],
  ""type"": ""Point""
}",-83.045965469,42.3745844380001
18721,9649381,MCNICHOLS,LESURE,2016-03-12,12,3,2016,23,7,5,9,,2,0,,1,1,4,30,2,2,2,4,0,0,0,1,false,,false,false,false,false,false,,,,,,false,false,true,,,false,false,false,false,false,-83.18191,42.41656,"{
  ""coordinates"": [
    -8.318190874500000e+01,
    4.241656608400010e+01
  ],
  ""type"": ""Point""
}","{
  ""coordinates"": [
    -83.181908745,
    42.416566084
  ],
  ""type"": ""Point""
}",-83.181908745,42.4165660840001
18722,9650048,N/B M-10,HAMILTON,2016-03-12,12,3,2016,2,7,8,3,,1,0,,1,1,4,55,3,3,3,5,0,0,0,0,true,,false,false,false,false,false,,,,,,false,false,true,,,false,false,false,false,false,-83.09206,42.3814,"{
  ""coordinates"": [
    -8.309206114200001e+01,
    4.238140263000000e+01
  ],
  ""type"": ""Point""
}","{
  ""coordinates"": [
    -83.092061142,
    42.38140263
  ],
  ""type"": ""Point""
}",-83.092061142,42.38140263
18723,9655955,MOROSS,BEACONSFIELD,2016-03-12,12,3,2016,14,7,1,9,,2,1,,1,1,1,35,3,1,3,4,0,0,0,2,false,,false,false,false,false,false,,,,,,false,false,true,,,false,false,false,false,false,-82.94294,42.43021,"{
  ""coordinates"": [
    -8.294294080600000e+01,
    4.243020524200010e+01
  ],
  ""type"": ""Point""
}","{
  ""coordinates"": [
    -82.942940806,
    42.430205242
  ],
  ""type"": ""Point""
}",-82.942940806,42.4302052420001
18724,9650133,JAMES COUZENS,SEVEN MILE,2016-03-12,12,3,2016,21,7,2,3,,1,0,,1,1,4,30,2,3,3,3,0,0,1,0,false,,false,false,false,false,false,,,,,,false,false,false,,,false,false,false,false,false,-83.18713,42.4308,"{
  ""coordinates"": [
    -8.318712519000000e+01,
    4.243079734500000e+01
  ],
  ""type"": ""Point""
}","{
  ""coordinates"": [
    -83.18712519,
    42.430797345
  ],
  ""type"": ""Point""
}",-83.18712519,42.430797345
18725,9650020,S I 75,MILWAUKEE,2016-03-12,12,3,2016,0,7,1,1,,1,1,,1,1,4,70,3,1,1,5,0,0,0,0,true,,false,false,false,false,false,,,,,,false,false,true,,,false,false,false,false,false,-83.05987,42.37357,"{
  ""coordinates"": [
    -8.305987078100000e+01,
    4.237357028900000e+01
  ],
  ""type"": ""Point""
}","{
  ""coordinates"": [
    -83.059870781,
    42.373570289
  ],
  ""type"": ""Point""
}",-83.059870781,42.373570289
18726,9658515,ROSEMARY,ANNSBURY,2016-03-12,12,3,2016,17,7,5,9,,,0,,1,1,1,25,2,2,2,5,0,0,0,0,true,,false,false,true,false,false,,,,,,false,false,true,,,false,false,false,false,false,-82.98526,42.41107,"{
  ""coordinates"": [
    -8.298525991799990e+01,
    4.241106719800010e+01
  ],
  ""type"": ""Point""
}","{
  ""coordinates"": [
    -82.985259918,
    42.411067198
  ],
  ""type"": ""Point""
}",-82.9852599179999,42.4110671980001
18727,9654684,CRUSE,CHALFONTE,2016-03-12,12,3,2016,5,7,9,9,,,2,,1,1,1,25,2,2,1,5,0,0,0,0,true,,false,false,true,false,false,,,,,,false,false,false,,,false,false,false,false,false,-83.18327,42.39922,"{
  ""coordinates"": [
    -8.318326866099990e+01,
    4.239921547500010e+01
  ],
  ""type"": ""Point""
}","{
  ""coordinates"": [
    -83.183268661,
    42.399215475
  ],
  ""type"": ""Point""
}",-83.1832686609999,42.3992154750001
18728,9650140,WOODWARD,STATE FAIR,2016-03-12,12,3,2016,0,7,8,3,,1,0,,1,1,4,30,4,2,2,4,0,0,0,1,false,,false,false,false,false,false,,,,,,false,true,false,,,false,false,false,false,false,-83.11987,42.43933,"{
  ""coordinates"": [
    -8.311987491900000e+01,
    4.243933114800010e+01
  ],
  ""type"": ""Point""
}","{
  ""coordinates"": [
    -83.119874919,
    42.439331148
  ],
  ""type"": ""Point""
}",-83.119874919,42.4393311480001
18729,9651535,PLYMOUTH,CHEYENNE,2016-03-12,12,3,2016,5,7,97,9,,4,0,,1,1,4,35,5,2,1,5,0,0,0,0,true,,false,false,true,false,false,,,,,,false,false,false,,,false,false,false,false,false,-83.17442,42.3731,"{
  ""coordinates"": [
    -8.317441342599990e+01,
    4.237309928400000e+01
  ],
  ""type"": ""Point""
}","{
  ""coordinates"": [
    -83.174413426,
    42.373099284
  ],
  ""type"": ""Point""
}",-83.1744134259999,42.373099284
18730,9650008,EB I-94,FRENCH,2016-03-12,12,3,2016,21,7,1,1,,1,1,,1,1,4,55,3,1,3,3,0,0,2,1,false,,false,false,false,false,false,,,,,,false,false,true,,,false,false,false,false,false,-82.99145,42.39377,"{
  ""coordinates"": [
    -8.299144986200000e+01,
    4.239376896800010e+01
  ],
  ""type"": ""Point""
}","{
  ""coordinates"": [
    -82.991449862,
    42.393768968
  ],
  ""type"": ""Point""
}",-82.991449862,42.3937689680001
18731,9650132,LAWTON,COLLINGWOOD,2016-03-12,12,3,2016,15,7,8,9,,,0,,1,1,1,25,3,2,1,5,0,0,0,0,true,,false,false,true,false,false,,,,,,false,false,false,,,false,false,false,false,false,-83.11622,42.37938,"{
  ""coordinates"": [
    -8.311621475600001e+01,
    4.237937923400010e+01
  ],
  ""type"": ""Point""
}","{
  ""coordinates"": [
    -83.116214756,
    42.379379234
  ],
  ""type"": ""Point""
}",-83.116214756,42.3793792340001
18732,9651508,CHICAGO,N M 10,2016-03-12,12,3,2016,18,7,1,3,,4,0,,1,1,1,30,4,1,1,5,0,0,0,0,true,,false,false,false,false,false,,,,,,false,false,false,,,false,false,true,false,false,-83.09505,42.38248,"{
  ""coordinates"": [
    -8.309505236900000e+01,
    4.238248453800000e+01
  ],
  ""type"": ""Point""
}","{
  ""coordinates"": [
    -83.095052369,
    42.382484538
  ],
  ""type"": ""Point""
}",-83.095052369,42.382484538
18733,9651504,7MILE,GLASTONBURY,2016-03-12,12,3,2016,17,7,4,9,,2,0,,1,1,1,35,4,2,2,5,0,0,0,0,true,,false,false,false,false,false,,,,,,false,true,true,,,false,false,false,false,false,-83.22298,42.42995,"{
  ""coordinates"": [
    -8.322297850099990e+01,
    4.242994526900000e+01
  ],
  ""type"": ""Point""
}","{
  ""coordinates"": [
    -83.222978501,
    42.429945269
  ],
  ""type"": ""Point""
}",-83.2229785009999,42.429945269
18734,9651556,HEREFORD,WARREN,2016-03-12,12,3,2016,13,7,4,9,,,0,,1,1,1,25,1,2,1,5,0,0,0,0,true,,false,false,true,false,false,,,,,,false,false,false,,,false,false,false,false,false,-82.92349,42.40814,"{
  ""coordinates"": [
    -8.292348881899990e+01,
    4.240813699300000e+01
  ],
  ""type"": ""Point""
}","{
  ""coordinates"": [
    -82.923488819,
    42.408136993
  ],
  ""type"": ""Point""
}",-82.9234888189999,42.408136993
18735,9651344,I-94,MT ELLIOT,2016-03-12,12,3,2016,8,7,8,1,,1,0,,1,1,1,55,3,3,3,5,0,0,0,0,true,,false,false,false,false,false,,,,,,false,false,true,,,false,false,false,false,false,-83.03347,42.37938,"{
  ""coordinates"": [
    -8.303347129199990e+01,
    4.237937649200010e+01
  ],
  ""type"": ""Point""
}","{
  ""coordinates"": [
    -83.033471292,
    42.379376492
  ],
  ""type"": ""Point""
}",-83.0334712919999,42.3793764920001
18736,9649366,TELEGRAPH,GRAND RIVER,2016-03-12,12,3,2016,10,7,8,2,,1,0,,1,1,1,45,8,2,2,5,0,0,0,0,true,,false,false,false,false,false,,,,,,false,false,true,,,false,false,false,false,false,-83.27737,42.42453,"{
  ""coordinates"": [
    -8.327736862800000e+01,
    4.242452960500000e+01
  ],
  ""type"": ""Point""
}","{
  ""coordinates"": [
    -83.277368628,
    42.424529605
  ],
  ""type"": ""Point""
}",-83.277368628,42.424529605
18737,9654548,I 94,M 10,2016-03-12,12,3,2016,9,7,8,1,,1,0,,1,1,1,55,3,2,3,4,0,0,0,1,false,,false,false,false,false,false,,,,,,false,false,false,,,false,false,false,false,false,-83.07543,42.36002,"{
  ""coordinates"": [
    -8.307543172600001e+01,
    4.236002067800010e+01
  ],
  ""type"": ""Point""
}","{
  ""coordinates"": [
    -83.075431726,
    42.360020678
  ],
  ""type"": ""Point""
}",-83.075431726,42.3600206780001
18738,9649322,WOODWARD,ARDEN PARK,2016-03-12,12,3,2016,3,7,1,3,,1,0,,1,1,4,30,7,1,1,2,0,1,0,0,false,,false,false,false,false,false,,,,,,false,false,false,,,false,false,false,false,false,-83.08412,42.38636,"{
  ""coordinates"": [
    -8.308412052499990e+01,
    4.238636417000000e+01
  ],
  ""type"": ""Point""
}","{
  ""coordinates"": [
    -83.084120525,
    42.38636417
  ],
  ""type"": ""Point""
}",-83.0841205249999,42.38636417
18739,9654673,HUBBELL,OUTER,2016-03-12,12,3,2016,20,7,8,9,,4,0,,1,1,4,25,3,2,2,5,0,0,0,0,true,,false,false,true,false,false,,,,,,false,false,false,,,false,false,false,false,false,-83.18964,42.42013,"{
  ""coordinates"": [
    -8.318964492299990e+01,
    4.242012777500000e+01
  ],
  ""type"": ""Point""
}","{
  ""coordinates"": [
    -83.189644923,
    42.420127775
  ],
  ""type"": ""Point""
}",-83.1896449229999,42.420127775
18740,9659417,FORT,TRUMBULL,2016-03-12,12,3,2016,23,7,97,3,,1,0,,1,1,4,35,2,2,1,4,0,0,0,1,false,,false,false,false,false,false,,,,,,true,false,false,,,false,false,false,false,false,-83.06165,42.32457,"{
  ""coordinates"": [
    -8.306165047600000e+01,
    4.232457131000010e+01
  ],
  ""type"": ""Point""
}","{
  ""coordinates"": [
    -83.061650476,
    42.32457131
  ],
  ""type"": ""Point""
}",-83.061650476,42.3245713100001
18741,9649382,MCNICHOLS,BIRWOOD,2016-03-12,12,3,2016,13,7,4,9,,2,0,,1,1,1,30,4,2,3,5,0,0,0,0,true,,false,false,true,false,false,,,,,,false,false,true,,,false,false,false,false,false,-83.16464,42.41681,"{
  ""coordinates"": [
    -8.316464386099990e+01,
    4.241680810200010e+01
  ],
  ""type"": ""Point""
}","{
  ""coordinates"": [
    -83.164643861,
    42.416808102
  ],
  ""type"": ""Point""
}",-83.1646438609999,42.4168081020001
18742,9649367,SEVEN MILE,HEYDEN,2016-03-12,12,3,2016,19,7,4,9,,2,0,,1,1,4,25,4,2,4,2,0,3,0,1,false,,false,false,false,false,false,,,,,,false,false,true,,,false,false,false,false,false,-83.24094,42.42952,"{
  ""coordinates"": [
    -8.324093977699989e+01,
    4.242952021600010e+01
  ],
  ""type"": ""Point""
}","{
  ""coordinates"": [
    -83.240939777,
    42.429520216
  ],
  ""type"": ""Point""
}",-83.2409397769999,42.4295202160001
18743,9649320,MCNICHOLS,SOUTHFIELD,2016-03-12,12,3,2016,0,7,8,9,,2,0,,1,1,4,35,2,2,2,4,0,0,0,1,false,,false,false,true,false,false,,,,,,false,false,false,,,false,false,false,false,false,-83.21924,42.41553,"{
  ""coordinates"": [
    -8.321923750000001e+01,
    4.241553607000000e+01
  ],
  ""type"": ""Point""
}","{
  ""coordinates"": [
    -83.2192375,
    42.41553607
  ],
  ""type"": ""Point""
}",-83.2192375,42.41553607