ObjectId,Crash ID,Primary Road,Intersecting Road,Crash Date,Day,Month,Year,Hour,Weekday,Crash Type Code,Highway Classification Code,Community Code,Jurisdiction Code,Lane Departure Type Code,Surface Type,Road Condition,Weather Condition,Lighting Condition,Speed Limit,Lanes,Units,Occupants,Most Severe Injury,Fatal Injuries,Suspected Serious Injuries,Suspected Minor Injuries,Possible Injuries,Property Damage Only,Secondary Crash,Traffic Control,Red Light Run,Hit and Run,Alcohol,Drugs,Unbelted Person,Work Zone,Speeding Driver,Distracted Driver,Driveway,Pedestrian,Elderly Driver,Young Driver,Commercial Vehicle,Emergency Vehicles,Train,School Bus,Motorcycle,Bicycle,Deer,Longitude,Latitude,geom,geog,x,y
18801,9651368,S I 75,CLAY,2016-03-11,11,3,2016,15,6,5,1,,1,0,,1,1,1,55,3,3,3,3,0,0,1,0,false,,false,false,false,false,false,,,,,,false,false,false,,,false,false,false,false,false,-83.0631,42.37866,"{
  ""coordinates"": [
    -8.306310311800000e+01,
    4.237865962500010e+01
  ],
  ""type"": ""Point""
}","{
  ""coordinates"": [
    -83.063103118,
    42.378659625
  ],
  ""type"": ""Point""
}",-83.063103118,42.3786596250001
18802,9649310,N M 39,OUTER,2016-03-11,11,3,2016,7,6,4,3,,1,0,,1,1,1,35,3,2,2,5,0,0,0,0,true,,true,true,false,false,false,,,,,,false,false,false,,,false,false,false,false,false,-83.21881,42.41901,"{
  ""coordinates"": [
    -8.321880893900000e+01,
    4.241901420800010e+01
  ],
  ""type"": ""Point""
}","{
  ""coordinates"": [
    -83.218808939,
    42.419014208
  ],
  ""type"": ""Point""
}",-83.218808939,42.4190142080001
18803,9649317,WARREN,CONNER,2016-03-11,11,3,2016,20,6,9,9,,4,0,,1,1,5,0,4,2,4,5,0,0,0,0,true,,false,false,true,false,false,,,,,,false,false,false,,,false,false,false,false,false,-82.9762,42.38927,"{
  ""coordinates"": [
    -8.297619374899990e+01,
    4.238926532000000e+01
  ],
  ""type"": ""Point""
}","{
  ""coordinates"": [
    -82.976193749,
    42.38926532
  ],
  ""type"": ""Point""
}",-82.9761937489999,42.38926532
18804,9650046,WB I-94,BEAUBIEN,2016-03-11,11,3,2016,7,6,5,1,,1,0,,1,1,1,55,3,6,7,5,0,0,0,0,true,,false,false,false,false,false,,,,,,false,false,true,,,false,false,false,false,false,-83.064,42.36597,"{
  ""coordinates"": [
    -8.306400001700000e+01,
    4.236597574200000e+01
  ],
  ""type"": ""Point""
}","{
  ""coordinates"": [
    -83.064000017,
    42.365975742
  ],
  ""type"": ""Point""
}",-83.064000017,42.365975742
18805,9654666,JEFFERSON,RANDOPLH,2016-03-11,11,3,2016,14,6,5,3,,1,0,,1,1,1,35,6,2,3,5,0,0,0,0,true,,false,false,false,false,false,,,,,,false,false,false,,,false,false,false,false,false,-83.04201,42.32994,"{
  ""coordinates"": [
    -8.304201019999989e+01,
    4.232994282800010e+01
  ],
  ""type"": ""Point""
}","{
  ""coordinates"": [
    -83.0420102,
    42.329942828
  ],
  ""type"": ""Point""
}",-83.0420101999999,42.3299428280001
18806,9649378,8 MILE,WASHBURN,2016-03-11,11,3,2016,8,6,5,3,,1,0,,1,1,1,40,4,2,2,5,0,0,0,0,true,,false,false,true,false,false,,,,,,false,false,false,,,false,false,false,false,false,-83.16273,42.44562,"{
  ""coordinates"": [
    -8.316273453100000e+01,
    4.244562142700000e+01
  ],
  ""type"": ""Point""
}","{
  ""coordinates"": [
    -83.162734531,
    42.445621427
  ],
  ""type"": ""Point""
}",-83.162734531,42.445621427
18807,9654690,MORANG,MCKINNEY,2016-03-11,11,3,2016,2,6,1,9,,4,1,,1,1,4,35,2,1,0,5,0,0,0,0,true,,false,false,true,false,false,,,,,,false,false,false,,,false,false,false,false,false,-82.94151,42.42266,"{
  ""coordinates"": [
    -8.294151615999991e+01,
    4.242265736800000e+01
  ],
  ""type"": ""Point""
}","{
  ""coordinates"": [
    -82.94151616,
    42.422657368
  ],
  ""type"": ""Point""
}",-82.9415161599999,42.422657368
18808,9651311,I-94,GRATOIT,2016-03-11,11,3,2016,16,6,5,1,,1,0,,1,1,1,55,3,2,2,5,0,0,0,0,true,,false,false,false,false,false,,,,,,false,false,false,,,false,false,false,false,false,-83.00807,42.39087,"{
  ""coordinates"": [
    -8.300806875300000e+01,
    4.239087284700000e+01
  ],
  ""type"": ""Point""
}","{
  ""coordinates"": [
    -83.008068753,
    42.390872847
  ],
  ""type"": ""Point""
}",-83.008068753,42.390872847
18809,9649352,SCHAEFER,FORT,2016-03-11,11,3,2016,8,6,97,7,,1,0,,1,1,1,30,4,2,2,5,0,0,0,0,true,,true,false,false,false,false,,,,,,false,false,false,,,false,false,false,false,false,-83.15544,42.27639,"{
  ""coordinates"": [
    -8.315544164300000e+01,
    4.227638700500010e+01
  ],
  ""type"": ""Point""
}","{
  ""coordinates"": [
    -83.155441643,
    42.276387005
  ],
  ""type"": ""Point""
}",-83.155441643,42.2763870050001
18810,9658399,I-75,8 MILE,2016-03-11,11,3,2016,16,6,5,1,,1,0,,1,1,1,70,4,4,4,5,0,0,0,0,true,,false,false,true,false,false,,,,,,false,false,false,,,false,false,false,false,false,-83.09492,42.43956,"{
  ""coordinates"": [
    -8.309492860099991e+01,
    4.243956051400000e+01
  ],
  ""type"": ""Point""
}","{
  ""coordinates"": [
    -83.094928601,
    42.439560514
  ],
  ""type"": ""Point""
}",-83.0949286009999,42.439560514
18811,9649370,DESOTO,GREENLAWN,2016-03-11,11,3,2016,21,6,8,9,,,0,,1,2,4,25,2,2,1,5,0,0,0,0,true,,false,false,true,false,false,,,,,,false,false,false,,,false,false,false,false,false,-83.1497,42.40112,"{
  ""coordinates"": [
    -8.314969410799991e+01,
    4.240111425600000e+01
  ],
  ""type"": ""Point""
}","{
  ""coordinates"": [
    -83.149694108,
    42.401114256
  ],
  ""type"": ""Point""
}",-83.1496941079999,42.401114256
18812,9658557,WARREN,COMMONWEALTH,2016-03-11,11,3,2016,21,6,4,9,,4,0,,1,1,98,25,4,3,3,5,0,0,0,0,true,,false,false,false,true,false,,,,,,false,true,true,,,false,false,false,false,false,-83.07994,42.3517,"{
  ""coordinates"": [
    -8.307993817399991e+01,
    4.235169854000000e+01
  ],
  ""type"": ""Point""
}","{
  ""coordinates"": [
    -83.079938174,
    42.35169854
  ],
  ""type"": ""Point""
}",-83.0799381739999,42.35169854
18813,9661446,FAUST,TIREMAN,2016-03-11,11,3,2016,20,6,4,9,,,0,,1,1,4,25,2,2,1,5,0,0,0,0,true,,false,false,true,false,false,,,,,,false,false,false,,,false,false,false,false,false,-83.22106,42.35052,"{
  ""coordinates"": [
    -8.322105830800000e+01,
    4.235051705800000e+01
  ],
  ""type"": ""Point""
}","{
  ""coordinates"": [
    -83.221058308,
    42.350517058
  ],
  ""type"": ""Point""
}",-83.221058308,42.350517058
18814,9651342,I-94,CASS,2016-03-11,11,3,2016,16,6,5,1,,1,0,,1,1,1,55,3,2,2,5,0,0,0,0,true,,false,false,false,false,false,,,,,,false,false,false,,,false,false,false,false,false,-83.07072,42.36279,"{
  ""coordinates"": [
    -8.307071731900000e+01,
    4.236278619700000e+01
  ],
  ""type"": ""Point""
}","{
  ""coordinates"": [
    -83.070717319,
    42.362786197
  ],
  ""type"": ""Point""
}",-83.070717319,42.362786197
18815,9663220,MCNICHOLS,M 10,2016-03-11,11,3,2016,10,6,4,9,,2,0,,1,1,1,30,7,2,2,5,0,0,0,0,true,,false,false,true,false,false,,,,,,false,false,false,,,false,false,false,false,false,-83.17205,42.41664,"{
  ""coordinates"": [
    -8.317205291900000e+01,
    4.241663953900010e+01
  ],
  ""type"": ""Point""
}","{
  ""coordinates"": [
    -83.172052919,
    42.416639539
  ],
  ""type"": ""Point""
}",-83.172052919,42.4166395390001
18816,9651511,GRATIOT,LIBERAL,2016-03-11,11,3,2016,19,6,5,3,,1,0,,1,1,4,35,2,2,2,5,0,0,0,0,true,,false,false,false,false,false,,,,,,false,false,false,,,false,false,false,false,false,-82.97452,42.43989,"{
  ""coordinates"": [
    -8.297451547900000e+01,
    4.243989099400010e+01
  ],
  ""type"": ""Point""
}","{
  ""coordinates"": [
    -82.974515479,
    42.439890994
  ],
  ""type"": ""Point""
}",-82.974515479,42.4398909940001
18817,9649360,CONNER,FRANKFORT,2016-03-11,11,3,2016,12,6,8,9,,4,0,,1,1,1,35,8,2,3,4,0,0,0,1,false,,false,false,false,false,false,,,,,,false,false,false,,,false,false,false,false,false,-82.97962,42.39073,"{
  ""coordinates"": [
    -8.297962340899990e+01,
    4.239072647700000e+01
  ],
  ""type"": ""Point""
}","{
  ""coordinates"": [
    -82.979623409,
    42.390726477
  ],
  ""type"": ""Point""
}",-82.9796234089999,42.390726477
18818,9649380,SAINT MARTINS,STEEL,2016-03-11,11,3,2016,18,6,4,9,,,0,,1,1,4,25,2,2,4,4,0,0,0,2,false,,false,false,true,false,false,,,,,,false,false,true,,,false,false,false,false,false,-83.17309,42.43656,"{
  ""coordinates"": [
    -8.317309064900000e+01,
    4.243656191900000e+01
  ],
  ""type"": ""Point""
}","{
  ""coordinates"": [
    -83.173090649,
    42.436561919
  ],
  ""type"": ""Point""
}",-83.173090649,42.436561919
18819,9651577,MOROSS,MCKINNEY,2016-03-11,11,3,2016,16,6,97,9,,2,0,,1,1,1,0,1,2,2,5,0,0,0,0,true,,false,false,true,false,false,,,,,,false,true,false,,,false,false,false,false,false,-82.9376,42.42802,"{
  ""coordinates"": [
    -8.293760238000000e+01,
    4.242802058300000e+01
  ],
  ""type"": ""Point""
}","{
  ""coordinates"": [
    -82.93760238,
    42.428020583
  ],
  ""type"": ""Point""
}",-82.93760238,42.428020583
18820,9650047,EB I-96,WARREN,2016-03-11,11,3,2016,8,6,5,1,,1,0,,1,1,1,55,4,3,2,4,0,0,0,1,false,,false,false,true,false,false,,,,,,false,false,false,,,false,false,false,false,false,-83.09607,42.34501,"{
  ""coordinates"": [
    -8.309607060300000e+01,
    4.234501105100000e+01
  ],
  ""type"": ""Point""
}","{
  ""coordinates"": [
    -83.096070603,
    42.345011051
  ],
  ""type"": ""Point""
}",-83.096070603,42.345011051
18821,9649379,OUTER,N M 10,2016-03-11,11,3,2016,17,6,4,9,,2,0,,1,1,1,35,3,2,1,4,0,0,0,1,false,,false,false,true,false,false,,,,,,false,false,false,,,false,false,false,false,false,-83.1761,42.4209,"{
  ""coordinates"": [
    -8.317610117600000e+01,
    4.242089898400010e+01
  ],
  ""type"": ""Point""
}","{
  ""coordinates"": [
    -83.176101176,
    42.420898984
  ],
  ""type"": ""Point""
}",-83.176101176,42.4208989840001
18822,9649358,JEFFERSON,MARLBOROUGH,2016-03-11,11,3,2016,16,6,4,9,,4,0,,1,1,1,35,5,2,2,3,0,0,1,0,false,,false,false,false,false,false,,,,,,false,false,true,,,false,false,false,false,false,-82.94328,42.37332,"{
  ""coordinates"": [
    -8.294327450299990e+01,
    4.237332147400010e+01
  ],
  ""type"": ""Point""
}","{
  ""coordinates"": [
    -82.943274503,
    42.373321474
  ],
  ""type"": ""Point""
}",-82.9432745029999,42.3733214740001
18823,9651343,W I 94,S I 75,2016-03-11,11,3,2016,17,6,5,1,,1,0,,1,1,1,55,3,2,3,5,0,0,0,0,true,,false,false,true,false,false,,,,,,false,false,false,,,false,false,false,false,false,-83.05816,42.36863,"{
  ""coordinates"": [
    -8.305816044800000e+01,
    4.236863465300010e+01
  ],
  ""type"": ""Point""
}","{
  ""coordinates"": [
    -83.058160448,
    42.368634653
  ],
  ""type"": ""Point""
}",-83.058160448,42.3686346530001
18824,9859697,GRATIOT,CONNER,2016-03-11,11,3,2016,17,6,2,3,,1,0,,1,1,1,35,5,2,3,5,0,0,0,0,true,,false,false,false,false,false,,,,,,false,false,true,,,false,false,false,false,false,-82.99751,42.40488,"{
  ""coordinates"": [
    -8.299751198500000e+01,
    4.240488192100000e+01
  ],
  ""type"": ""Point""
}","{
  ""coordinates"": [
    -82.997511985,
    42.404881921
  ],
  ""type"": ""Point""
}",-82.997511985,42.404881921
18825,9649357,LODEWYCK,CHESTER,2016-03-11,11,3,2016,16,6,8,9,,,0,,1,1,1,25,2,2,0,5,0,0,0,0,true,,false,false,true,false,false,,,,,,false,false,false,,,false,false,false,false,false,-82.92768,42.42056,"{
  ""coordinates"": [
    -8.292768074199989e+01,
    4.242056390300010e+01
  ],
  ""type"": ""Point""
}","{
  ""coordinates"": [
    -82.927680742,
    42.420563903
  ],
  ""type"": ""Point""
}",-82.9276807419999,42.4205639030001
18826,9649318,RAMP 051H,TELEGRAPH,2016-03-11,11,3,2016,16,6,5,2,,1,0,,1,1,1,45,1,2,3,5,0,0,0,0,true,,false,false,false,false,false,,,,,,false,false,true,,,false,false,false,false,false,-83.27888,42.4417,"{
  ""coordinates"": [
    -8.327887428299989e+01,
    4.244170476400010e+01
  ],
  ""type"": ""Point""
}","{
  ""coordinates"": [
    -83.278874283,
    42.441704764
  ],
  ""type"": ""Point""
}",-83.2788742829999,42.4417047640001
18827,9651310,I-94,TRUMBULL,2016-03-11,11,3,2016,14,6,5,1,,1,0,,1,1,1,55,3,3,3,5,0,0,0,0,true,,false,false,false,false,false,,,,,,false,false,true,,,false,false,false,false,false,-83.08002,42.35699,"{
  ""coordinates"": [
    -8.308001592700001e+01,
    4.235698730100010e+01
  ],
  ""type"": ""Point""
}","{
  ""coordinates"": [
    -83.080015927,
    42.356987301
  ],
  ""type"": ""Point""
}",-83.080015927,42.3569873010001
18828,9649306,KIRBY,MT ELLOITT,2016-03-11,11,3,2016,20,6,8,9,,,0,,1,1,4,30,2,2,1,5,0,0,0,0,true,,false,false,true,false,false,,,,,,false,false,false,,,false,false,false,false,false,-83.0297,42.37361,"{
  ""coordinates"": [
    -8.302970408999990e+01,
    4.237360978500000e+01
  ],
  ""type"": ""Point""
}","{
  ""coordinates"": [
    -83.02970409,
    42.373609785
  ],
  ""type"": ""Point""
}",-83.0297040899999,42.373609785
18829,9654636,EPWORTH,JOY,2016-03-11,11,3,2016,21,6,1,9,,4,0,,1,1,4,25,2,1,1,5,0,0,0,0,true,,false,false,false,false,false,,,,,,false,true,false,,,false,false,false,false,false,-83.13582,42.36062,"{
  ""coordinates"": [
    -8.313581974999990e+01,
    4.236062135200010e+01
  ],
  ""type"": ""Point""
}","{
  ""coordinates"": [
    -83.13581975,
    42.360621352
  ],
  ""type"": ""Point""
}",-83.1358197499999,42.3606213520001
18830,9669317,CHICAGO,LAWTON,2016-03-11,11,3,2016,19,6,97,9,,4,0,,97,1,98,25,1,2,1,5,0,0,0,0,true,,false,false,false,false,false,,,,,,false,false,false,,,false,false,false,false,false,-83.11359,42.37544,"{
  ""coordinates"": [
    -8.311359311400000e+01,
    4.237544212500010e+01
  ],
  ""type"": ""Point""
}","{
  ""coordinates"": [
    -83.113593114,
    42.375442125
  ],
  ""type"": ""Point""
}",-83.113593114,42.3754421250001
18831,9651341,I-75,WEST,2016-03-11,11,3,2016,14,6,97,1,,1,0,,1,1,1,70,3,2,2,5,0,0,0,0,true,,false,false,false,false,false,,,,,,false,false,false,,,false,false,false,false,false,-83.11868,42.30182,"{
  ""coordinates"": [
    -8.311868666200000e+01,
    4.230181917900010e+01
  ],
  ""type"": ""Point""
}","{
  ""coordinates"": [
    -83.118686662,
    42.301819179
  ],
  ""type"": ""Point""
}",-83.118686662,42.3018191790001
18832,9652614,SCHAEFER,FORT,2016-03-11,11,3,2016,8,6,97,7,,1,0,,1,1,1,35,5,2,2,5,0,0,0,0,true,,false,false,false,false,false,,,,,,false,false,false,,,false,false,false,false,false,-83.15605,42.27694,"{
  ""coordinates"": [
    -8.315605487900000e+01,
    4.227693462000010e+01
  ],
  ""type"": ""Point""
}","{
  ""coordinates"": [
    -83.156054879,
    42.27693462
  ],
  ""type"": ""Point""
}",-83.156054879,42.2769346200001
18833,9650139,GREENFIELD,7 MILE,2016-03-11,11,3,2016,9,6,4,9,,2,0,,1,1,1,35,4,2,2,5,0,0,0,0,true,,true,true,false,false,false,,,,,,false,true,true,,,false,false,false,false,false,-83.19987,42.43038,"{
  ""coordinates"": [
    -8.319986361399999e+01,
    4.243037688800010e+01
  ],
  ""type"": ""Point""
}","{
  ""coordinates"": [
    -83.199863614,
    42.430376888
  ],
  ""type"": ""Point""
}",-83.199863614,42.4303768880001
18834,9654646,E I 94,VAN DYKE,2016-03-11,11,3,2016,9,6,5,1,,1,0,,1,1,1,55,3,2,2,5,0,0,0,0,true,,false,false,false,false,false,,,,,,false,false,true,,,false,false,false,false,false,-83.02016,42.38612,"{
  ""coordinates"": [
    -8.302016456599991e+01,
    4.238612138900000e+01
  ],
  ""type"": ""Point""
}","{
  ""coordinates"": [
    -83.020164566,
    42.386121389
  ],
  ""type"": ""Point""
}",-83.0201645659999,42.386121389
18835,9658551,WOODWARD,MACK,2016-03-11,11,3,2016,12,6,1,3,,1,1,,1,1,1,30,7,1,1,2,0,1,0,0,false,,false,false,false,true,true,,,,,,false,false,false,,,false,false,false,false,false,-83.05802,42.34761,"{
  ""coordinates"": [
    -8.305802362900000e+01,
    4.234761184600010e+01
  ],
  ""type"": ""Point""
}","{
  ""coordinates"": [
    -83.058023629,
    42.347611846
  ],
  ""type"": ""Point""
}",-83.058023629,42.3476118460001
18836,9654692,N I 75 SERVICE DRIVE,WOODWARD,2016-03-11,11,3,2016,21,6,97,3,,4,0,,1,1,4,25,2,2,3,5,0,0,0,0,true,,false,false,false,false,false,,,,,,false,false,false,,,false,false,false,false,false,-83.05267,42.33963,"{
  ""coordinates"": [
    -8.305267002499990e+01,
    4.233963231400000e+01
  ],
  ""type"": ""Point""
}","{
  ""coordinates"": [
    -83.052670025,
    42.339632314
  ],
  ""type"": ""Point""
}",-83.0526700249999,42.339632314
18837,9655753,W I 96 CD,RAMP 139G,2016-03-11,11,3,2016,0,6,1,1,,1,1,,1,1,4,70,2,1,1,3,0,0,1,0,false,,false,false,false,true,false,,,,,,false,false,false,,,false,false,false,false,false,-83.15712,42.3856,"{
  ""coordinates"": [
    -8.315712030500001e+01,
    4.238559807300000e+01
  ],
  ""type"": ""Point""
}","{
  ""coordinates"": [
    -83.157120305,
    42.385598073
  ],
  ""type"": ""Point""
}",-83.157120305,42.385598073
18838,9660615,M39,FORD,2016-03-11,11,3,2016,9,6,8,3,,1,0,,1,1,1,55,3,2,2,5,0,0,0,0,true,,false,false,false,false,false,,,,,,false,false,false,,,false,false,false,false,false,-83.21536,42.32938,"{
  ""coordinates"": [
    -8.321536179000000e+01,
    4.232938328700000e+01
  ],
  ""type"": ""Point""
}","{
  ""coordinates"": [
    -83.21536179,
    42.329383287
  ],
  ""type"": ""Point""
}",-83.21536179,42.329383287
18839,9657556,GRAND RIVER,AUBURN,2016-03-11,11,3,2016,14,6,8,3,,1,0,,1,1,1,35,6,3,3,5,0,0,0,0,true,,false,false,false,false,false,,,,,,false,true,true,,,false,false,false,false,false,-83.23508,42.40746,"{
  ""coordinates"": [
    -8.323508063100000e+01,
    4.240745422500000e+01
  ],
  ""type"": ""Point""
}","{
  ""coordinates"": [
    -83.235080631,
    42.407454225
  ],
  ""type"": ""Point""
}",-83.235080631,42.407454225
18840,9654768,LARNED,WOODWARD,2016-03-11,11,3,2016,15,6,8,9,,4,0,,1,1,1,35,6,2,1,5,0,0,0,0,true,,false,false,true,false,false,,,,,,false,false,false,,,false,false,false,false,false,-83.04529,42.32937,"{
  ""coordinates"": [
    -8.304529175399990e+01,
    4.232936858800010e+01
  ],
  ""type"": ""Point""
}","{
  ""coordinates"": [
    -83.045291754,
    42.329368588
  ],
  ""type"": ""Point""
}",-83.0452917539999,42.3293685880001
18841,9649305,VAN DYKE,8 MILE,2016-03-11,11,3,2016,9,6,5,3,,,0,,1,1,1,35,2,2,1,4,0,0,0,1,false,,false,false,true,false,false,,,,,,false,false,false,,,false,false,false,false,false,-83.02192,42.44826,"{
  ""coordinates"": [
    -8.302191593799991e+01,
    4.244825784700000e+01
  ],
  ""type"": ""Point""
}","{
  ""coordinates"": [
    -83.021915938,
    42.448257847
  ],
  ""type"": ""Point""
}",-83.0219159379999,42.448257847
18842,9651514,GREENFIELD,TIREMAN,2016-03-11,11,3,2016,14,6,5,9,,2,0,,1,1,1,35,3,2,6,5,0,0,0,0,true,,false,false,true,false,false,,,,,,false,false,false,,,false,false,false,false,false,-83.1966,42.35089,"{
  ""coordinates"": [
    -8.319660048299990e+01,
    4.235088857300010e+01
  ],
  ""type"": ""Point""
}","{
  ""coordinates"": [
    -83.196600483,
    42.350888573
  ],
  ""type"": ""Point""
}",-83.1966004829999,42.3508885730001
18843,9654696,BROADWAY,GRATIOT,2016-03-10,10,3,2016,8,5,4,3,,4,0,,1,1,1,30,4,2,2,4,0,0,0,1,false,,false,false,true,false,false,,,,,,false,false,false,,,false,false,false,false,false,-83.04562,42.33469,"{
  ""coordinates"": [
    -8.304562721799989e+01,
    4.233468904400010e+01
  ],
  ""type"": ""Point""
}","{
  ""coordinates"": [
    -83.045627218,
    42.334689044
  ],
  ""type"": ""Point""
}",-83.0456272179999,42.3346890440001
18844,9651333,I 94,CONNER,2016-03-10,10,3,2016,17,5,5,1,,1,0,,1,2,1,55,3,2,2,5,0,0,0,0,true,,false,false,false,false,false,,,,,,false,false,false,,,false,false,false,false,false,-82.99039,42.39448,"{
  ""coordinates"": [
    -8.299038641999989e+01,
    4.239447628800010e+01
  ],
  ""type"": ""Point""
}","{
  ""coordinates"": [
    -82.99038642,
    42.394476288
  ],
  ""type"": ""Point""
}",-82.9903864199999,42.3944762880001
18845,9649331,LEXINGTON,GREEN,2016-03-10,10,3,2016,14,5,8,9,,4,0,,2,4,1,0,2,2,2,5,0,0,0,0,true,,false,false,false,false,false,,,,,,false,false,true,,,false,false,false,false,false,-83.11507,42.30523,"{
  ""coordinates"": [
    -8.311507236200001e+01,
    4.230523224800000e+01
  ],
  ""type"": ""Point""
}","{
  ""coordinates"": [
    -83.115072362,
    42.305232248
  ],
  ""type"": ""Point""
}",-83.115072362,42.305232248
18846,9646607,E I 94,HARPER,2016-03-10,10,3,2016,7,5,5,1,,1,0,,2,4,1,55,3,2,2,5,0,0,0,0,true,,false,false,false,false,false,,,,,,false,false,false,,,false,false,false,false,false,-82.94796,42.40928,"{
  ""coordinates"": [
    -8.294795861599989e+01,
    4.240927407100000e+01
  ],
  ""type"": ""Point""
}","{
  ""coordinates"": [
    -82.947958616,
    42.409274071
  ],
  ""type"": ""Point""
}",-82.9479586159999,42.409274071
18847,9647769,LIVERNOIS,THATCHER,2016-03-10,10,3,2016,17,5,8,9,,4,0,,1,1,1,30,3,2,3,5,0,0,0,0,true,,false,false,true,false,false,,,,,,false,false,false,,,false,false,false,false,false,-83.14118,42.42246,"{
  ""coordinates"": [
    -8.314118398900000e+01,
    4.242245975000000e+01
  ],
  ""type"": ""Point""
}","{
  ""coordinates"": [
    -83.141183989,
    42.42245975
  ],
  ""type"": ""Point""
}",-83.141183989,42.42245975
18848,9647746,VAN DYKE,GRINNELL,2016-03-10,10,3,2016,23,5,5,3,,1,0,,1,1,5,35,4,2,2,4,0,0,0,1,false,,false,false,false,false,false,,,,,,false,false,false,,,false,false,false,false,false,-83.02299,42.40097,"{
  ""coordinates"": [
    -8.302299211000000e+01,
    4.240096606300010e+01
  ],
  ""type"": ""Point""
}","{
  ""coordinates"": [
    -83.02299211,
    42.400966063
  ],
  ""type"": ""Point""
}",-83.02299211,42.4009660630001
18849,9655766,RAMP 139F,E I 96 CD,2016-03-10,10,3,2016,14,5,1,1,,1,1,,2,2,1,35,3,1,1,5,0,0,0,0,true,,false,false,false,false,false,,,,,,false,false,false,,,false,false,false,false,false,-83.15646,42.38487,"{
  ""coordinates"": [
    -8.315646286399991e+01,
    4.238486751800010e+01
  ],
  ""type"": ""Point""
}","{
  ""coordinates"": [
    -83.156462864,
    42.384867518
  ],
  ""type"": ""Point""
}",-83.1564628639999,42.3848675180001
18850,9647767,MT ELLIOT,HUBER,2016-03-10,10,3,2016,23,5,4,9,,4,0,,1,1,4,25,4,2,3,5,0,0,0,0,true,,true,true,false,false,false,,,,,,false,false,true,,,false,false,false,false,false,-83.03757,42.39748,"{
  ""coordinates"": [
    -8.303757512599999e+01,
    4.239747821400000e+01
  ],
  ""type"": ""Point""
}","{
  ""coordinates"": [
    -83.037575126,
    42.397478214
  ],
  ""type"": ""Point""
}",-83.037575126,42.397478214
18851,9647764,PHILADELPHIA,WOODWARD,2016-03-10,10,3,2016,6,5,8,3,,,0,,97,98,98,25,2,2,1,5,0,0,0,0,true,,false,false,false,false,false,,,,,,false,true,false,,,false,false,false,false,false,-83.07851,42.37796,"{
  ""coordinates"": [
    -8.307851203400000e+01,
    4.237796576600000e+01
  ],
  ""type"": ""Point""
}","{
  ""coordinates"": [
    -83.078512034,
    42.377965766
  ],
  ""type"": ""Point""
}",-83.078512034,42.377965766
18852,9655767,E I 94,RAMP 213D,2016-03-10,10,3,2016,17,5,5,1,,1,0,,1,2,1,35,1,2,2,5,0,0,0,0,true,,false,false,false,false,false,,,,,,false,false,false,,,false,false,false,false,false,-83.10442,42.34843,"{
  ""coordinates"": [
    -8.310441334099990e+01,
    4.234842495700010e+01
  ],
  ""type"": ""Point""
}","{
  ""coordinates"": [
    -83.104413341,
    42.348424957
  ],
  ""type"": ""Point""
}",-83.1044133409999,42.3484249570001
18853,9647731,CADIEUX,MACK,2016-03-10,10,3,2016,12,5,8,9,,4,0,,2,1,1,30,3,2,2,5,0,0,0,0,true,,false,false,false,false,false,,,,,,false,true,false,,,false,false,false,false,false,-82.92239,42.39483,"{
  ""coordinates"": [
    -8.292238976399990e+01,
    4.239482767600000e+01
  ],
  ""type"": ""Point""
}","{
  ""coordinates"": [
    -82.922389764,
    42.394827676
  ],
  ""type"": ""Point""
}",-82.9223897639999,42.394827676
18854,9646712,WOODWARD,WILLIS,2016-03-10,10,3,2016,1,5,4,3,,1,0,,2,4,4,30,2,2,3,5,0,0,0,0,true,,false,false,false,false,false,,,,,,false,false,true,,,false,false,false,false,false,-83.06074,42.35167,"{
  ""coordinates"": [
    -8.306073953500000e+01,
    4.235166744500000e+01
  ],
  ""type"": ""Point""
}","{
  ""coordinates"": [
    -83.060739535,
    42.351667445
  ],
  ""type"": ""Point""
}",-83.060739535,42.351667445
18855,9647733,GRATIOT,VAN DYKE,2016-03-10,10,3,2016,10,5,4,3,,1,0,,2,4,1,35,7,2,3,5,0,0,0,0,true,,true,true,false,false,false,,,,,,false,false,true,,,false,false,false,false,false,-83.01468,42.37882,"{
  ""coordinates"": [
    -8.301467939699999e+01,
    4.237882128200000e+01
  ],
  ""type"": ""Point""
}","{
  ""coordinates"": [
    -83.014679397,
    42.378821282
  ],
  ""type"": ""Point""
}",-83.014679397,42.378821282
18856,9647759,BURT,VASSAR,2016-03-10,10,3,2016,11,5,8,9,,4,0,,2,4,1,25,2,2,2,5,0,0,0,0,true,,false,false,false,false,false,,,,,,false,false,false,,,false,false,false,false,false,-83.24874,42.43314,"{
  ""coordinates"": [
    -8.324874248799991e+01,
    4.243314033800000e+01
  ],
  ""type"": ""Point""
}","{
  ""coordinates"": [
    -83.248742488,
    42.433140338
  ],
  ""type"": ""Point""
}",-83.2487424879999,42.433140338
18857,9651594,PHILIDALPHIA,WOODWARD,2016-03-10,10,3,2016,7,5,8,3,,,0,,1,1,1,25,3,3,2,4,0,0,0,1,false,,false,false,false,false,false,,,,,,false,true,false,,,false,false,false,false,false,-83.07864,42.37792,"{
  ""coordinates"": [
    -8.307863466299990e+01,
    4.237792052900010e+01
  ],
  ""type"": ""Point""
}","{
  ""coordinates"": [
    -83.078634663,
    42.377920529
  ],
  ""type"": ""Point""
}",-83.0786346629999,42.3779205290001