ObjectId,Crash ID,Primary Road,Intersecting Road,Crash Date,Day,Month,Year,Hour,Weekday,Crash Type Code,Highway Classification Code,Community Code,Jurisdiction Code,Lane Departure Type Code,Surface Type,Road Condition,Weather Condition,Lighting Condition,Speed Limit,Lanes,Units,Occupants,Most Severe Injury,Fatal Injuries,Suspected Serious Injuries,Suspected Minor Injuries,Possible Injuries,Property Damage Only,Secondary Crash,Traffic Control,Red Light Run,Hit and Run,Alcohol,Drugs,Unbelted Person,Work Zone,Speeding Driver,Distracted Driver,Driveway,Pedestrian,Elderly Driver,Young Driver,Commercial Vehicle,Emergency Vehicles,Train,School Bus,Motorcycle,Bicycle,Deer,Longitude,Latitude,geom,geog,x,y
18858,9647751,CANFIELD,PHILIP,2016-03-10,10,3,2016,15,5,5,9,,,0,,2,2,1,25,2,2,2,5,0,0,0,0,true,,false,false,false,false,false,,,,,,false,false,true,,,false,false,false,false,false,-82.95478,42.3928,"{
  ""coordinates"": [
    -8.295477807899989e+01,
    4.239280190200000e+01
  ],
  ""type"": ""Point""
}","{
  ""coordinates"": [
    -82.954778079,
    42.392801902
  ],
  ""type"": ""Point""
}",-82.9547780789999,42.392801902
18859,9647726,OUTER,SCHOOLCRAFT,2016-03-10,10,3,2016,18,5,4,9,,2,0,,1,1,1,35,4,2,4,5,0,0,0,0,true,,true,true,true,false,false,,,,,,false,false,false,,,false,false,false,false,false,-83.25617,42.38512,"{
  ""coordinates"": [
    -8.325616863700000e+01,
    4.238512144000000e+01
  ],
  ""type"": ""Point""
}","{
  ""coordinates"": [
    -83.256168637,
    42.38512144
  ],
  ""type"": ""Point""
}",-83.256168637,42.38512144
18860,9652612,STANSBURY,FLORENCE,2016-03-10,10,3,2016,14,5,2,9,,,2,,2,1,1,25,2,2,3,5,0,0,0,0,true,,false,false,true,false,false,,,,,,false,false,false,,,false,false,false,false,false,-83.18273,42.41157,"{
  ""coordinates"": [
    -8.318272864100000e+01,
    4.241156798500000e+01
  ],
  ""type"": ""Point""
}","{
  ""coordinates"": [
    -83.182728641,
    42.411567985
  ],
  ""type"": ""Point""
}",-83.182728641,42.411567985
18861,9655791,M 10,DAVISON,2016-03-10,10,3,2016,13,5,1,3,,1,1,,2,4,1,55,4,1,1,4,0,0,0,1,false,,false,false,false,false,false,,,,,,false,false,false,,,false,false,false,false,false,-83.11032,42.39823,"{
  ""coordinates"": [
    -8.311031821300000e+01,
    4.239822656400000e+01
  ],
  ""type"": ""Point""
}","{
  ""coordinates"": [
    -83.110318213,
    42.398226564
  ],
  ""type"": ""Point""
}",-83.110318213,42.398226564
18862,9646595,M-10,OUTER,2016-03-10,10,3,2016,6,5,5,3,,1,0,,2,2,1,55,3,2,2,5,0,0,0,0,true,,false,false,false,false,false,,,,,,false,false,false,,,false,false,false,false,false,-83.17651,42.42136,"{
  ""coordinates"": [
    -8.317650605400000e+01,
    4.242136084400000e+01
  ],
  ""type"": ""Point""
}","{
  ""coordinates"": [
    -83.176506054,
    42.421360844
  ],
  ""type"": ""Point""
}",-83.176506054,42.421360844
18863,9647768,MT ELLIOTT,HEDGE,2016-03-10,10,3,2016,9,5,8,9,,4,0,,2,2,1,30,2,2,2,5,0,0,0,0,true,,false,false,false,false,false,,,,,,false,false,true,,,false,false,false,false,false,-83.03754,42.39678,"{
  ""coordinates"": [
    -8.303754420600001e+01,
    4.239677965800010e+01
  ],
  ""type"": ""Point""
}","{
  ""coordinates"": [
    -83.037544206,
    42.396779658
  ],
  ""type"": ""Point""
}",-83.037544206,42.3967796580001
18864,9654767,8 MILE,DRESDEN,2016-03-10,10,3,2016,14,5,8,3,,1,0,,1,2,1,45,4,2,2,5,0,0,0,0,true,,false,false,false,false,false,,,,,,false,false,true,,,false,false,false,false,false,-83.00046,42.44892,"{
  ""coordinates"": [
    -8.300045534700000e+01,
    4.244891760700010e+01
  ],
  ""type"": ""Point""
}","{
  ""coordinates"": [
    -83.000455347,
    42.448917607
  ],
  ""type"": ""Point""
}",-83.000455347,42.4489176070001
18865,9651503,GRAND,LODGE SERVICE,2016-03-10,10,3,2016,11,5,3,9,,,0,,1,1,1,30,6,2,2,5,0,0,0,0,true,,true,true,false,false,false,,,,,,false,false,false,,,false,false,false,false,false,-83.11253,42.39856,"{
  ""coordinates"": [
    -8.311253137200001e+01,
    4.239856188700000e+01
  ],
  ""type"": ""Point""
}","{
  ""coordinates"": [
    -83.112531372,
    42.398561887
  ],
  ""type"": ""Point""
}",-83.112531372,42.398561887
18866,9649342,N M 10,N JOHN C LODGE/S JOHN C LODGE,2016-03-10,10,3,2016,17,5,8,3,,1,0,,97,1,1,30,3,2,4,5,0,0,0,0,true,,false,false,true,false,false,,,,,,false,false,false,,,false,false,false,false,false,-83.07204,42.35155,"{
  ""coordinates"": [
    -8.307203580200000e+01,
    4.235154876400000e+01
  ],
  ""type"": ""Point""
}","{
  ""coordinates"": [
    -83.072035802,
    42.351548764
  ],
  ""type"": ""Point""
}",-83.072035802,42.351548764
18867,9647739,WOODROW WILSON,GLENDALE,2016-03-10,10,3,2016,11,5,4,9,,4,0,,2,4,1,30,2,2,2,5,0,0,0,0,true,,true,false,false,false,false,,,,,,false,true,false,,,false,false,false,false,false,-83.1089,42.39425,"{
  ""coordinates"": [
    -8.310890316599991e+01,
    4.239424346700010e+01
  ],
  ""type"": ""Point""
}","{
  ""coordinates"": [
    -83.108903166,
    42.394243467
  ],
  ""type"": ""Point""
}",-83.1089031659999,42.3942434670001
18868,9665869,WASHINGTON,LARNED,2016-03-10,10,3,2016,11,5,4,9,,4,0,,1,2,1,35,2,2,2,5,0,0,0,0,true,,false,false,false,false,false,,,,,,false,false,false,,,false,false,false,false,false,-83.04859,42.32798,"{
  ""coordinates"": [
    -8.304859327900000e+01,
    4.232798221300000e+01
  ],
  ""type"": ""Point""
}","{
  ""coordinates"": [
    -83.048593279,
    42.327982213
  ],
  ""type"": ""Point""
}",-83.048593279,42.327982213
18869,9647743,HARPER,FRONTENAC,2016-03-10,10,3,2016,8,5,5,9,,4,0,,2,4,1,30,4,2,2,5,0,0,0,0,true,,false,false,false,false,false,,,,,,false,false,false,,,false,false,true,false,false,-83.02691,42.38553,"{
  ""coordinates"": [
    -8.302690934700000e+01,
    4.238553074300010e+01
  ],
  ""type"": ""Point""
}","{
  ""coordinates"": [
    -83.026909347,
    42.385530743
  ],
  ""type"": ""Point""
}",-83.026909347,42.3855307430001
18870,9649207,E I 94,RAMP 223A,2016-03-10,10,3,2016,8,5,5,1,,1,0,,1,4,1,55,3,2,2,4,0,0,0,1,false,,true,false,false,false,false,,,,,,false,false,false,,,false,false,false,false,false,-82.93953,42.41562,"{
  ""coordinates"": [
    -8.293952982099999e+01,
    4.241561942300010e+01
  ],
  ""type"": ""Point""
}","{
  ""coordinates"": [
    -82.939529821,
    42.415619423
  ],
  ""type"": ""Point""
}",-82.939529821,42.4156194230001
18871,9647747,SIXTH,FORT,2016-03-10,10,3,2016,22,5,4,3,,4,0,,1,1,4,30,3,3,3,5,0,0,0,0,true,,false,false,false,false,false,,,,,,false,false,true,,,false,false,false,false,false,-83.05789,42.32619,"{
  ""coordinates"": [
    -8.305788824599991e+01,
    4.232618717200010e+01
  ],
  ""type"": ""Point""
}","{
  ""coordinates"": [
    -83.057888246,
    42.326187172
  ],
  ""type"": ""Point""
}",-83.0578882459999,42.3261871720001
18872,9646626,I-94,GRAND RIVER,2016-03-10,10,3,2016,7,5,5,1,,1,0,,2,4,1,55,3,2,2,5,0,0,0,0,true,,false,false,false,false,false,,,,,,false,false,true,,,false,false,false,false,false,-83.09825,42.35036,"{
  ""coordinates"": [
    -8.309825428600000e+01,
    4.235036372500010e+01
  ],
  ""type"": ""Point""
}","{
  ""coordinates"": [
    -83.098254286,
    42.350363725
  ],
  ""type"": ""Point""
}",-83.098254286,42.3503637250001
18873,9647724,KENTFIELD,SANTA CLARA,2016-03-10,10,3,2016,17,5,4,9,,,0,,1,1,1,25,2,3,4,5,0,0,0,0,true,,false,false,true,false,false,,,,,,false,false,false,,,false,false,false,false,false,-83.24137,42.41916,"{
  ""coordinates"": [
    -8.324137023899991e+01,
    4.241916273000000e+01
  ],
  ""type"": ""Point""
}","{
  ""coordinates"": [
    -83.241370239,
    42.41916273
  ],
  ""type"": ""Point""
}",-83.2413702389999,42.41916273
18874,9647756,JEFFERSON,HOLCOMB,2016-03-10,10,3,2016,9,5,4,9,,4,0,,2,4,1,35,3,2,3,4,0,0,0,1,false,,false,false,true,false,false,,,,,,false,false,false,,,false,false,false,false,false,-82.98624,42.35751,"{
  ""coordinates"": [
    -8.298624541100000e+01,
    4.235751397000010e+01
  ],
  ""type"": ""Point""
}","{
  ""coordinates"": [
    -82.986245411,
    42.35751397
  ],
  ""type"": ""Point""
}",-82.986245411,42.3575139700001
18875,9647730,8 MILE,GILCHRIST,2016-03-10,10,3,2016,10,5,8,3,,1,0,,2,4,1,45,4,2,3,4,0,0,0,3,false,,false,false,false,false,false,,,,,,false,false,false,,,false,false,false,false,false,-83.21391,42.44432,"{
  ""coordinates"": [
    -8.321390867500000e+01,
    4.244431616700010e+01
  ],
  ""type"": ""Point""
}","{
  ""coordinates"": [
    -83.213908675,
    42.444316167
  ],
  ""type"": ""Point""
}",-83.213908675,42.4443161670001
18876,9651536,SCHAEFER,CHALFONTE,2016-03-10,10,3,2016,17,5,5,9,,4,0,,1,2,1,30,3,3,5,4,0,0,0,1,false,,false,false,false,false,false,,,,,,false,true,false,,,false,false,false,false,false,-83.17903,42.40001,"{
  ""coordinates"": [
    -8.317902842800000e+01,
    4.240001112000000e+01
  ],
  ""type"": ""Point""
}","{
  ""coordinates"": [
    -83.179028428,
    42.40001112
  ],
  ""type"": ""Point""
}",-83.179028428,42.40001112
18877,9647684,I 75,WARREN,2016-03-10,10,3,2016,1,5,1,1,,1,1,,2,1,4,55,2,1,1,4,0,0,0,1,false,,false,false,false,false,false,,,,,,false,false,false,,,false,false,false,false,false,-83.05481,42.36184,"{
  ""coordinates"": [
    -8.305480665200000e+01,
    4.236183663500000e+01
  ],
  ""type"": ""Point""
}","{
  ""coordinates"": [
    -83.054806652,
    42.361836635
  ],
  ""type"": ""Point""
}",-83.054806652,42.361836635
18878,9651498,MICHIGAN,CABOT,2016-03-10,10,3,2016,14,5,4,2,,1,0,,2,2,1,25,1,2,2,5,0,0,0,0,true,,false,false,true,false,false,,,,,,false,false,false,,,false,false,false,false,false,-83.14954,42.32969,"{
  ""coordinates"": [
    -8.314954237200000e+01,
    4.232968890300000e+01
  ],
  ""type"": ""Point""
}","{
  ""coordinates"": [
    -83.149542372,
    42.329688903
  ],
  ""type"": ""Point""
}",-83.149542372,42.329688903
18879,9651334,I 94,CONNER,2016-03-10,10,3,2016,17,5,5,1,,1,0,,1,2,1,55,3,2,2,5,0,0,0,0,true,,false,false,false,false,false,,,,,,false,true,false,,,false,false,false,false,false,-82.98811,42.39618,"{
  ""coordinates"": [
    -8.298811233799999e+01,
    4.239617521300000e+01
  ],
  ""type"": ""Point""
}","{
  ""coordinates"": [
    -82.988112338,
    42.396175213
  ],
  ""type"": ""Point""
}",-82.988112338,42.396175213
18880,9649304,N I 75,RAMP 047B,2016-03-10,10,3,2016,23,5,8,1,,1,0,,1,1,4,65,4,2,1,5,0,0,0,0,true,,false,false,true,false,false,,,,,,false,false,false,,,false,false,false,false,false,-83.07862,42.40808,"{
  ""coordinates"": [
    -8.307862453800000e+01,
    4.240808185000000e+01
  ],
  ""type"": ""Point""
}","{
  ""coordinates"": [
    -83.078624538,
    42.40808185
  ],
  ""type"": ""Point""
}",-83.078624538,42.40808185
18881,9649364,CURTIS,WARWICK,2016-03-10,10,3,2016,20,5,9,9,,,2,,1,1,4,25,2,2,0,5,0,0,0,0,true,,false,false,false,false,false,,,,,,false,false,false,,,false,false,false,false,false,-83.22958,42.42257,"{
  ""coordinates"": [
    -8.322957753199999e+01,
    4.242256517300010e+01
  ],
  ""type"": ""Point""
}","{
  ""coordinates"": [
    -83.229577532,
    42.422565173
  ],
  ""type"": ""Point""
}",-83.229577532,42.4225651730001
18882,9647740,8 MILE,STEEL,2016-03-10,10,3,2016,16,5,8,3,,1,0,,1,1,1,40,2,2,2,5,0,0,0,0,true,,false,false,false,false,false,,,,,,false,false,false,,,false,false,false,false,false,-83.17342,42.44535,"{
  ""coordinates"": [
    -8.317341892099989e+01,
    4.244534863700010e+01
  ],
  ""type"": ""Point""
}","{
  ""coordinates"": [
    -83.173418921,
    42.445348637
  ],
  ""type"": ""Point""
}",-83.1734189209999,42.4453486370001
18883,9650054,I-94,I-75,2016-03-10,10,3,2016,16,5,5,1,,1,0,,2,2,1,55,3,2,3,5,0,0,0,0,true,,false,false,false,false,false,,,,,,false,false,false,,,false,false,false,false,false,-83.06145,42.36697,"{
  ""coordinates"": [
    -8.306145219699989e+01,
    4.236696570700010e+01
  ],
  ""type"": ""Point""
}","{
  ""coordinates"": [
    -83.061452197,
    42.366965707
  ],
  ""type"": ""Point""
}",-83.0614521969999,42.3669657070001
18884,9662483,KING RICHARD,YORKSHIRE,2016-03-10,10,3,2016,4,5,4,9,,,0,,2,4,4,25,2,2,5,4,0,0,0,5,false,,false,false,true,false,false,,,,,,false,false,false,,,false,false,false,false,false,-82.94353,42.4157,"{
  ""coordinates"": [
    -8.294353850300000e+01,
    4.241569382000010e+01
  ],
  ""type"": ""Point""
}","{
  ""coordinates"": [
    -82.943538503,
    42.41569382
  ],
  ""type"": ""Point""
}",-82.943538503,42.4156938200001
18885,9651513,WARREN,ARTESIAN,2016-03-10,10,3,2016,20,5,5,9,,2,0,,1,1,4,35,4,2,4,5,0,0,0,0,true,,false,false,false,false,false,,,,,,false,false,true,,,false,false,false,false,false,-83.22565,42.34328,"{
  ""coordinates"": [
    -8.322565717499999e+01,
    4.234327579900000e+01
  ],
  ""type"": ""Point""
}","{
  ""coordinates"": [
    -83.225657175,
    42.343275799
  ],
  ""type"": ""Point""
}",-83.225657175,42.343275799
18886,9647753,8 MILE,TELEGRAPH,2016-03-10,10,3,2016,8,5,5,3,,1,0,,1,1,1,35,2,2,2,5,0,0,0,0,true,,false,false,true,false,false,,,,,,false,false,false,,,false,false,false,false,false,-83.27837,42.44274,"{
  ""coordinates"": [
    -8.327836911199999e+01,
    4.244273678500010e+01
  ],
  ""type"": ""Point""
}","{
  ""coordinates"": [
    -83.278369112,
    42.442736785
  ],
  ""type"": ""Point""
}",-83.278369112,42.4427367850001
18887,9647685,I 94,MT ELLIOTT,2016-03-10,10,3,2016,3,5,1,1,,1,1,,3,1,4,55,3,1,1,5,0,0,0,0,true,,false,false,false,false,false,,,,,,false,false,false,,,false,false,false,false,false,-83.03397,42.37905,"{
  ""coordinates"": [
    -8.303396592800000e+01,
    4.237904647100000e+01
  ],
  ""type"": ""Point""
}","{
  ""coordinates"": [
    -83.033965928,
    42.379046471
  ],
  ""type"": ""Point""
}",-83.033965928,42.379046471
18888,9650052,RAMP 122A,RAMP 122I,2016-03-10,10,3,2016,13,5,8,1,,1,0,,2,2,1,55,2,2,2,5,0,0,0,0,true,,false,false,false,false,false,,,,,,false,false,true,,,false,false,false,false,false,-83.0674,42.33504,"{
  ""coordinates"": [
    -8.306739975100000e+01,
    4.233504578300010e+01
  ],
  ""type"": ""Point""
}","{
  ""coordinates"": [
    -83.067399751,
    42.335045783
  ],
  ""type"": ""Point""
}",-83.067399751,42.3350457830001
18889,9650135,WILDEMERE,LESLIE,2016-03-10,10,3,2016,0,5,4,9,,,0,,2,1,4,25,2,2,4,5,0,0,0,0,true,,true,false,true,false,false,,,,,,false,false,false,,,false,false,false,false,false,-83.12497,42.38734,"{
  ""coordinates"": [
    -8.312496812200000e+01,
    4.238733897000000e+01
  ],
  ""type"": ""Point""
}","{
  ""coordinates"": [
    -83.124968122,
    42.38733897
  ],
  ""type"": ""Point""
}",-83.124968122,42.38733897
18890,9651518,LAHSER,FENKELL,2016-03-10,10,3,2016,12,5,5,9,,2,0,,1,1,1,35,2,3,2,5,0,0,0,0,true,,false,false,false,false,false,,,,,,false,false,false,,,false,false,false,false,false,-83.25683,42.40029,"{
  ""coordinates"": [
    -8.325682455399991e+01,
    4.240028786700000e+01
  ],
  ""type"": ""Point""
}","{
  ""coordinates"": [
    -83.256824554,
    42.400287867
  ],
  ""type"": ""Point""
}",-83.2568245539999,42.400287867
18891,9653341,ARTESIAN,DAYTON,2016-03-10,10,3,2016,13,5,4,9,,,0,,2,2,1,25,1,2,3,4,0,0,0,3,false,,false,false,false,false,false,,,,,,false,false,false,,,false,false,false,false,false,-83.22536,42.33441,"{
  ""coordinates"": [
    -8.322536748399990e+01,
    4.233441219900000e+01
  ],
  ""type"": ""Point""
}","{
  ""coordinates"": [
    -83.225367484,
    42.334412199
  ],
  ""type"": ""Point""
}",-83.2253674839999,42.334412199
18892,9649351,LONYO,JOHN KRONK,2016-03-10,10,3,2016,13,5,97,9,,4,0,,2,2,1,25,4,2,2,5,0,0,0,0,true,,true,true,false,false,false,,,,,,false,true,false,,,false,false,false,false,false,-83.13769,42.32113,"{
  ""coordinates"": [
    -8.313768942300000e+01,
    4.232113370000010e+01
  ],
  ""type"": ""Point""
}","{
  ""coordinates"": [
    -83.137689423,
    42.3211337
  ],
  ""type"": ""Point""
}",-83.137689423,42.3211337000001
18893,9646596,M-10,WYOMING,2016-03-10,10,3,2016,8,5,1,3,,1,1,,2,2,1,55,3,1,1,5,0,0,0,0,true,,false,false,false,false,false,,,,,,false,false,true,,,false,false,false,false,false,-83.15988,42.40535,"{
  ""coordinates"": [
    -8.315988473499991e+01,
    4.240534855300010e+01
  ],
  ""type"": ""Point""
}","{
  ""coordinates"": [
    -83.159884735,
    42.405348553
  ],
  ""type"": ""Point""
}",-83.1598847349999,42.4053485530001
18894,9654738,LODGE SERVICE,GRAND,2016-03-10,10,3,2016,15,5,5,9,,4,0,,1,1,1,0,2,3,7,5,0,0,0,0,true,,false,false,true,false,false,,,,,,false,false,false,,,false,false,false,false,false,-83.06777,42.3435,"{
  ""coordinates"": [
    -8.306777069899989e+01,
    4.234350234500000e+01
  ],
  ""type"": ""Point""
}","{
  ""coordinates"": [
    -83.067770699,
    42.343502345
  ],
  ""type"": ""Point""
}",-83.0677706989999,42.343502345
18895,9651559,PLYMOUTH,HUBBELL,2016-03-10,10,3,2016,15,5,5,9,,4,0,,1,1,1,30,2,2,5,4,0,0,0,2,false,,false,false,false,false,false,,,,,,false,false,false,,,false,false,false,false,false,-83.18774,42.37283,"{
  ""coordinates"": [
    -8.318774250400000e+01,
    4.237283129400000e+01
  ],
  ""type"": ""Point""
}","{
  ""coordinates"": [
    -83.187742504,
    42.372831294
  ],
  ""type"": ""Point""
}",-83.187742504,42.372831294
18896,9674215,SECOND,MILWAUKEE,2016-03-10,10,3,2016,12,5,8,9,,4,0,,1,1,1,25,3,2,0,5,0,0,0,0,true,,false,false,true,false,false,,,,,,false,false,false,,,false,false,false,false,false,-83.07639,42.36829,"{
  ""coordinates"": [
    -8.307638552799990e+01,
    4.236829206000000e+01
  ],
  ""type"": ""Point""
}","{
  ""coordinates"": [
    -83.076385528,
    42.36829206
  ],
  ""type"": ""Point""
}",-83.0763855279999,42.36829206
18897,9652613,MARLOWE,PLYMOUTH,2016-03-10,10,3,2016,13,5,4,9,,,0,,2,2,1,30,2,2,2,4,0,0,0,1,false,,false,false,false,false,false,,,,,,false,false,false,,,false,false,false,false,false,-83.18884,42.37282,"{
  ""coordinates"": [
    -8.318883691600000e+01,
    4.237281884900010e+01
  ],
  ""type"": ""Point""
}","{
  ""coordinates"": [
    -83.188836916,
    42.372818849
  ],
  ""type"": ""Point""
}",-83.188836916,42.3728188490001
18898,9649327,MCGRAW,WEIR,2016-03-10,10,3,2016,8,5,8,3,,1,0,,2,4,1,30,2,2,2,5,0,0,0,0,true,,false,false,false,false,false,,,,,,false,false,false,,,false,false,false,false,false,-83.1553,42.32996,"{
  ""coordinates"": [
    -8.315529397700000e+01,
    4.232995911900010e+01
  ],
  ""type"": ""Point""
}","{
  ""coordinates"": [
    -83.155293977,
    42.329959119
  ],
  ""type"": ""Point""
}",-83.155293977,42.3299591190001
18899,9647755,GRAND,THEODORE,2016-03-09,9,3,2016,8,4,8,9,,4,0,,1,1,1,35,2,3,3,5,0,0,0,0,true,,false,false,true,false,false,,,,,,false,false,false,,,false,false,false,false,false,-83.01941,42.37443,"{
  ""coordinates"": [
    -8.301941143700000e+01,
    4.237442920300000e+01
  ],
  ""type"": ""Point""
}","{
  ""coordinates"": [
    -83.019411437,
    42.374429203
  ],
  ""type"": ""Point""
}",-83.019411437,42.374429203
18900,9646693,7 MILE,COYLE,2016-03-09,9,3,2016,19,4,5,9,,2,0,,1,2,4,30,4,2,2,5,0,0,0,0,true,,false,false,true,false,false,,,,,,false,false,false,,,false,false,false,false,false,-83.19519,42.43055,"{
  ""coordinates"": [
    -8.319518694899990e+01,
    4.243054763200010e+01
  ],
  ""type"": ""Point""
}","{
  ""coordinates"": [
    -83.195186949,
    42.430547632
  ],
  ""type"": ""Point""
}",-83.1951869489999,42.4305476320001
18901,9646714,MONTEREY,LAWTON,2016-03-09,9,3,2016,20,4,2,9,,,0,,1,1,4,25,3,2,0,5,0,0,0,0,true,,false,false,true,false,false,,,,,,false,false,false,,,false,false,false,false,false,-83.11987,42.38417,"{
  ""coordinates"": [
    -8.311986997000000e+01,
    4.238416771300010e+01
  ],
  ""type"": ""Point""
}","{
  ""coordinates"": [
    -83.11986997,
    42.384167713
  ],
  ""type"": ""Point""
}",-83.11986997,42.3841677130001
18902,9646721,WARREN,BEDFORD,2016-03-09,9,3,2016,17,4,4,9,,4,0,,1,1,1,30,7,2,2,5,0,0,0,0,true,,false,false,false,false,false,,,,,,false,true,false,,,false,false,false,false,false,-82.94095,42.40199,"{
  ""coordinates"": [
    -8.294094778999990e+01,
    4.240199073900000e+01
  ],
  ""type"": ""Point""
}","{
  ""coordinates"": [
    -82.94094779,
    42.401990739
  ],
  ""type"": ""Point""
}",-82.9409477899999,42.401990739
18903,9660356,WOODWARD,JEFFERSON,2016-03-09,9,3,2016,10,4,4,3,,4,0,,1,1,1,35,4,2,4,5,0,0,0,0,true,,false,false,true,false,false,,,,,,false,false,false,,,false,false,false,false,false,-83.04443,42.32851,"{
  ""coordinates"": [
    -8.304443180800000e+01,
    4.232851378800010e+01
  ],
  ""type"": ""Point""
}","{
  ""coordinates"": [
    -83.044431808,
    42.328513788
  ],
  ""type"": ""Point""
}",-83.044431808,42.3285137880001
18904,9646700,N I 75 SERVICE DRIVE,NEVADA,2016-03-09,9,3,2016,5,4,4,9,,4,0,,1,1,1,35,2,2,2,5,0,0,0,0,true,,true,true,false,false,false,,,,,,false,false,false,,,false,false,false,false,false,-83.09274,42.42492,"{
  ""coordinates"": [
    -8.309273970200000e+01,
    4.242492118900000e+01
  ],
  ""type"": ""Point""
}","{
  ""coordinates"": [
    -83.092739702,
    42.424921189
  ],
  ""type"": ""Point""
}",-83.092739702,42.424921189
18905,9647736,GEORGIA,ROHNS,2016-03-09,9,3,2016,15,4,4,9,,,0,,1,1,1,25,1,2,2,4,0,0,0,1,false,,false,false,true,false,false,,,,,,false,false,false,,,false,false,false,false,false,-83.01389,42.39429,"{
  ""coordinates"": [
    -8.301388599800001e+01,
    4.239428694100010e+01
  ],
  ""type"": ""Point""
}","{
  ""coordinates"": [
    -83.013885998,
    42.394286941
  ],
  ""type"": ""Point""
}",-83.013885998,42.3942869410001
18906,9646696,GRATIOT,GLENFIELD,2016-03-09,9,3,2016,7,4,4,3,,1,0,,1,1,1,25,7,2,3,5,0,0,0,0,true,,true,false,false,false,false,,,,,,false,false,false,,,false,false,false,false,false,-82.99396,42.41031,"{
  ""coordinates"": [
    -8.299395879699991e+01,
    4.241030969100010e+01
  ],
  ""type"": ""Point""
}","{
  ""coordinates"": [
    -82.993958797,
    42.410309691
  ],
  ""type"": ""Point""
}",-82.9939587969999,42.4103096910001
18907,9646743,EASTBURN,BOULDER,2016-03-09,9,3,2016,7,4,1,9,,,1,,1,1,1,25,1,1,1,5,0,0,0,0,true,,false,false,false,false,false,,,,,,false,false,false,,,false,false,false,false,false,-82.95288,42.44567,"{
  ""coordinates"": [
    -8.295287730099990e+01,
    4.244566708500000e+01
  ],
  ""type"": ""Point""
}","{
  ""coordinates"": [
    -82.952877301,
    42.445667085
  ],
  ""type"": ""Point""
}",-82.9528773009999,42.445667085
18908,9646576,I-75,GREEN,2016-03-09,9,3,2016,11,4,1,1,,1,1,,2,2,1,70,4,1,1,5,0,0,0,0,true,,false,false,false,false,false,,,,,,false,false,false,,,false,false,false,false,false,-83.11316,42.30374,"{
  ""coordinates"": [
    -8.311316098299990e+01,
    4.230373744200010e+01
  ],
  ""type"": ""Point""
}","{
  ""coordinates"": [
    -83.113160983,
    42.303737442
  ],
  ""type"": ""Point""
}",-83.1131609829999,42.3037374420001
18909,9666892,GRANDMONT,WARREN,2016-03-09,9,3,2016,13,4,9,9,,,2,,1,1,1,25,1,2,1,5,0,0,0,0,true,,false,false,false,false,false,,,,,,false,false,false,,,false,false,false,false,false,-83.20808,42.34418,"{
  ""coordinates"": [
    -8.320808337600000e+01,
    4.234418261800000e+01
  ],
  ""type"": ""Point""
}","{
  ""coordinates"": [
    -83.208083376,
    42.344182618
  ],
  ""type"": ""Point""
}",-83.208083376,42.344182618
18910,9646581,M-39,SCHOOLCRAFT,2016-03-09,9,3,2016,15,4,5,3,,1,0,,1,2,1,55,3,3,5,4,0,0,0,1,false,,false,false,false,false,false,,,,,,false,true,false,,,false,false,false,false,false,-83.21774,42.38699,"{
  ""coordinates"": [
    -8.321773701900000e+01,
    4.238698394500010e+01
  ],
  ""type"": ""Point""
}","{
  ""coordinates"": [
    -83.217737019,
    42.386983945
  ],
  ""type"": ""Point""
}",-83.217737019,42.3869839450001
18911,9647734,CHARLEVOIX,MCCLELLEN,2016-03-09,9,3,2016,8,4,1,9,,4,1,,1,1,1,30,3,1,2,4,0,0,0,1,false,,false,false,false,false,false,,,,,,false,false,true,,,false,false,false,false,false,-82.98918,42.36813,"{
  ""coordinates"": [
    -8.298918490599991e+01,
    4.236813426500000e+01
  ],
  ""type"": ""Point""
}","{
  ""coordinates"": [
    -82.989184906,
    42.368134265
  ],
  ""type"": ""Point""
}",-82.9891849059999,42.368134265
18912,9647679,I-75,TRUMBULL,2016-03-09,9,3,2016,9,4,5,9,,4,0,,1,1,1,55,3,2,2,5,0,0,0,0,true,,false,false,false,false,false,,,,,,false,false,true,,,false,false,false,false,false,-83.07013,42.33335,"{
  ""coordinates"": [
    -8.307012913999991e+01,
    4.233335022600010e+01
  ],
  ""type"": ""Point""
}","{
  ""coordinates"": [
    -83.07012914,
    42.333350226
  ],
  ""type"": ""Point""
}",-83.0701291399999,42.3333502260001
18913,9647766,7 MILE,STOTTER,2016-03-09,9,3,2016,15,4,4,9,,4,0,,1,1,1,30,2,2,2,4,0,0,0,1,false,,false,false,true,false,false,,,,,,false,false,false,,,false,false,false,false,false,-83.02527,42.43395,"{
  ""coordinates"": [
    -8.302526478500000e+01,
    4.243394743400010e+01
  ],
  ""type"": ""Point""
}","{
  ""coordinates"": [
    -83.025264785,
    42.433947434
  ],
  ""type"": ""Point""
}",-83.025264785,42.4339474340001
18914,9646745,DEXTER,BURLINGAME,2016-03-09,9,3,2016,11,4,4,9,,4,0,,2,1,1,35,4,2,4,5,0,0,0,0,true,,false,false,false,false,false,,,,,,false,true,true,,,false,false,false,false,false,-83.12354,42.37886,"{
  ""coordinates"": [
    -8.312353304500000e+01,
    4.237886207600010e+01
  ],
  ""type"": ""Point""
}","{
  ""coordinates"": [
    -83.123533045,
    42.378862076
  ],
  ""type"": ""Point""
}",-83.123533045,42.3788620760001