ObjectId,Crash ID,Primary Road,Intersecting Road,Crash Date,Day,Month,Year,Hour,Weekday,Crash Type Code,Highway Classification Code,Community Code,Jurisdiction Code,Lane Departure Type Code,Surface Type,Road Condition,Weather Condition,Lighting Condition,Speed Limit,Lanes,Units,Occupants,Most Severe Injury,Fatal Injuries,Suspected Serious Injuries,Suspected Minor Injuries,Possible Injuries,Property Damage Only,Secondary Crash,Traffic Control,Red Light Run,Hit and Run,Alcohol,Drugs,Unbelted Person,Work Zone,Speeding Driver,Distracted Driver,Driveway,Pedestrian,Elderly Driver,Young Driver,Commercial Vehicle,Emergency Vehicles,Train,School Bus,Motorcycle,Bicycle,Deer,Longitude,Latitude,geom,geog,x,y
18915,9645776,ST JEAN,WARREN,2016-03-09,9,3,2016,1,4,5,9,,4,0,,1,1,4,30,2,2,2,5,0,0,0,0,true,,false,false,true,false,false,,,,,,false,false,false,,,false,false,false,false,false,-82.98432,42.38801,"{
  ""coordinates"": [
    -8.298432089300000e+01,
    4.238801054200010e+01
  ],
  ""type"": ""Point""
}","{
  ""coordinates"": [
    -82.984320893,
    42.388010542
  ],
  ""type"": ""Point""
}",-82.984320893,42.3880105420001
18916,9646715,GROESBECK,8 MILE,2016-03-09,9,3,2016,8,4,4,3,,1,0,,1,1,1,30,7,2,2,5,0,0,0,0,true,,true,true,false,false,false,,,,,,false,false,true,,,false,false,false,false,false,-83.00269,42.4489,"{
  ""coordinates"": [
    -8.300268926299999e+01,
    4.244889995600000e+01
  ],
  ""type"": ""Point""
}","{
  ""coordinates"": [
    -83.002689263,
    42.448899956
  ],
  ""type"": ""Point""
}",-83.002689263,42.448899956
18917,9646579,I-94,CASS,2016-03-09,9,3,2016,12,4,97,1,,1,0,,1,2,1,55,3,2,4,5,0,0,0,0,true,,false,false,false,false,false,,,,,,false,false,false,,,false,false,false,false,false,-83.0703,42.36303,"{
  ""coordinates"": [
    -8.307029564600001e+01,
    4.236303480800010e+01
  ],
  ""type"": ""Point""
}","{
  ""coordinates"": [
    -83.070295646,
    42.363034808
  ],
  ""type"": ""Point""
}",-83.070295646,42.3630348080001
18918,9654540,S M 10,CHICAGO,2016-03-09,9,3,2016,8,4,97,3,,1,0,,97,98,98,55,3,2,1,5,0,0,0,0,true,,false,false,false,false,false,,,,,,false,false,false,,,false,false,false,false,false,-83.09528,42.38242,"{
  ""coordinates"": [
    -8.309528540699991e+01,
    4.238242220100010e+01
  ],
  ""type"": ""Point""
}","{
  ""coordinates"": [
    -83.095285407,
    42.382422201
  ],
  ""type"": ""Point""
}",-83.0952854069999,42.3824222010001
18919,9822344,VISGER,HIGH,2016-03-09,9,3,2016,4,4,97,3,,,0,,1,1,4,25,4,2,1,5,0,0,0,0,true,,false,false,true,false,false,,,,,,false,false,false,,,false,false,false,false,false,-83.16195,42.26857,"{
  ""coordinates"": [
    -8.316195054799989e+01,
    4.226857080900000e+01
  ],
  ""type"": ""Point""
}","{
  ""coordinates"": [
    -83.161950548,
    42.268570809
  ],
  ""type"": ""Point""
}",-83.1619505479999,42.268570809
18920,9646580,M-39,7 MILE,2016-03-09,9,3,2016,13,4,8,3,,1,0,,1,2,1,55,3,2,2,5,0,0,0,0,true,,false,false,false,false,false,,,,,,false,false,false,,,false,false,false,false,false,-83.21906,42.42639,"{
  ""coordinates"": [
    -8.321906318899990e+01,
    4.242639349000010e+01
  ],
  ""type"": ""Point""
}","{
  ""coordinates"": [
    -83.219063189,
    42.42639349
  ],
  ""type"": ""Point""
}",-83.2190631889999,42.4263934900001
18921,9653371,N M 39,8 MILE,2016-03-09,9,3,2016,17,4,8,3,,1,0,,1,1,1,55,4,2,1,5,0,0,0,0,true,,false,false,true,false,false,,,,,,false,false,true,,,false,false,false,false,false,-83.21962,42.44415,"{
  ""coordinates"": [
    -8.321961943900000e+01,
    4.244414616600010e+01
  ],
  ""type"": ""Point""
}","{
  ""coordinates"": [
    -83.219619439,
    42.444146166
  ],
  ""type"": ""Point""
}",-83.219619439,42.4441461660001
18922,9646594,M10,7 MILE,2016-03-09,9,3,2016,18,4,5,3,,1,0,,1,2,1,55,3,2,2,5,0,0,0,0,true,,false,false,false,false,false,,,,,,false,false,true,,,false,false,false,false,false,-83.18668,42.43039,"{
  ""coordinates"": [
    -8.318668076199999e+01,
    4.243039252300010e+01
  ],
  ""type"": ""Point""
}","{
  ""coordinates"": [
    -83.186680762,
    42.430392523
  ],
  ""type"": ""Point""
}",-83.186680762,42.4303925230001
18923,9646577,I-94,OUTER,2016-03-09,9,3,2016,12,4,1,1,,1,0,,1,1,1,55,3,1,1,5,0,0,0,0,true,,true,false,false,false,false,,,,,,false,true,false,,,false,false,false,false,false,-82.95551,42.40649,"{
  ""coordinates"": [
    -8.295551486200000e+01,
    4.240649134600010e+01
  ],
  ""type"": ""Point""
}","{
  ""coordinates"": [
    -82.955514862,
    42.406491346
  ],
  ""type"": ""Point""
}",-82.955514862,42.4064913460001
18924,9654765,MORANG,RIAD,2016-03-09,9,3,2016,9,4,5,9,,4,0,,2,2,1,30,2,2,4,5,0,0,0,0,true,,false,false,false,false,false,,,,,,false,false,true,,,false,false,false,false,false,-82.95491,42.42813,"{
  ""coordinates"": [
    -8.295491342000000e+01,
    4.242813413300010e+01
  ],
  ""type"": ""Point""
}","{
  ""coordinates"": [
    -82.95491342,
    42.428134133
  ],
  ""type"": ""Point""
}",-82.95491342,42.4281341330001
18925,9649349,CASGRAIN,VERNOR,2016-03-09,9,3,2016,12,4,97,9,,,0,,1,1,1,25,3,2,1,5,0,0,0,0,true,,false,false,false,false,false,,,,,,false,false,false,,,false,false,false,false,false,-83.11292,42.31536,"{
  ""coordinates"": [
    -8.311292104700000e+01,
    4.231536515400010e+01
  ],
  ""type"": ""Point""
}","{
  ""coordinates"": [
    -83.112921047,
    42.315365154
  ],
  ""type"": ""Point""
}",-83.112921047,42.3153651540001
18926,9646744,KINGSVILLE,DUPREY,2016-03-09,9,3,2016,3,4,97,9,,,0,,1,1,4,25,1,2,0,5,0,0,0,0,true,,false,false,true,false,false,,,,,,false,false,false,,,false,false,false,false,false,-82.93251,42.4281,"{
  ""coordinates"": [
    -8.293251175800000e+01,
    4.242809963300000e+01
  ],
  ""type"": ""Point""
}","{
  ""coordinates"": [
    -82.932511758,
    42.428099633
  ],
  ""type"": ""Point""
}",-82.932511758,42.428099633
18927,9646711,SOUTHFIELD SERVICE DRIVE,MCNICHOLS,2016-03-09,9,3,2016,14,4,5,9,,4,0,,1,1,1,30,2,2,2,4,0,0,0,2,false,,true,false,false,false,false,,,,,,false,false,true,,,false,false,false,false,false,-83.21922,42.41553,"{
  ""coordinates"": [
    -8.321921762200000e+01,
    4.241553666500000e+01
  ],
  ""type"": ""Point""
}","{
  ""coordinates"": [
    -83.219217622,
    42.415536665
  ],
  ""type"": ""Point""
}",-83.219217622,42.415536665
18928,9646583,M-10,GLENDALE,2016-03-09,9,3,2016,19,4,1,3,,1,1,,1,1,4,55,3,1,2,4,0,0,0,1,false,,false,false,false,false,false,,,,,,false,false,false,,,false,false,false,false,false,-83.1065,42.39392,"{
  ""coordinates"": [
    -8.310649522999999e+01,
    4.239391584100010e+01
  ],
  ""type"": ""Point""
}","{
  ""coordinates"": [
    -83.10649523,
    42.393915841
  ],
  ""type"": ""Point""
}",-83.10649523,42.3939158410001
18929,9671383,JOHN C LODGE SERVICE,PALLISTER,2016-03-09,9,3,2016,22,4,8,3,,1,0,,2,4,4,25,3,2,3,5,0,0,0,0,true,,false,false,false,false,false,,,,,,false,true,true,,,false,false,false,false,false,-83.08376,42.37018,"{
  ""coordinates"": [
    -8.308376003500000e+01,
    4.237018345500010e+01
  ],
  ""type"": ""Point""
}","{
  ""coordinates"": [
    -83.083760035,
    42.370183455
  ],
  ""type"": ""Point""
}",-83.083760035,42.3701834550001
18930,9676914,DAVISON CROSSOVER,DEXTER,2016-03-09,9,3,2016,20,4,3,3,,1,0,,1,1,4,35,4,2,2,4,0,0,0,1,false,,false,false,false,false,false,,,,,,false,false,true,,,false,false,false,false,false,-83.13087,42.38974,"{
  ""coordinates"": [
    -8.313086397700000e+01,
    4.238974160200010e+01
  ],
  ""type"": ""Point""
}","{
  ""coordinates"": [
    -83.130863977,
    42.389741602
  ],
  ""type"": ""Point""
}",-83.130863977,42.3897416020001
18931,9654742,JEFFERSON,RANDOLPH,2016-03-09,9,3,2016,18,4,3,3,,1,0,,1,2,1,35,5,2,3,5,0,0,0,0,true,,false,false,false,false,false,,,,,,false,false,false,,,false,false,false,false,false,-83.04214,42.32989,"{
  ""coordinates"": [
    -8.304213336700001e+01,
    4.232989049800010e+01
  ],
  ""type"": ""Point""
}","{
  ""coordinates"": [
    -83.042133367,
    42.329890498
  ],
  ""type"": ""Point""
}",-83.042133367,42.3298904980001
18932,9668330,S M 10,MICHIGAN,2016-03-09,9,3,2016,9,4,5,3,,1,0,,2,4,1,45,3,2,2,5,0,0,0,0,true,,false,false,false,false,false,,,,,,false,false,false,,,false,false,false,false,false,-83.06168,42.33134,"{
  ""coordinates"": [
    -8.306167307299999e+01,
    4.233134092600010e+01
  ],
  ""type"": ""Point""
}","{
  ""coordinates"": [
    -83.061673073,
    42.331340926
  ],
  ""type"": ""Point""
}",-83.061673073,42.3313409260001
18933,9647754,GRINELL,FRENCH,2016-03-09,9,3,2016,13,4,9,9,,,0,,1,1,1,35,1,2,2,4,0,0,0,1,false,,false,false,false,false,false,,,,,,false,false,false,,,false,false,false,false,false,-83.00152,42.40144,"{
  ""coordinates"": [
    -8.300151768500000e+01,
    4.240143518100010e+01
  ],
  ""type"": ""Point""
}","{
  ""coordinates"": [
    -83.001517685,
    42.401435181
  ],
  ""type"": ""Point""
}",-83.001517685,42.4014351810001
18934,9647770,GREENFIELD,8 MILE,2016-03-09,9,3,2016,13,4,7,7,,1,0,,1,1,1,45,3,2,2,5,0,0,0,0,true,,false,false,false,false,false,,,,,,false,false,true,,,false,false,false,false,false,-83.20051,42.44476,"{
  ""coordinates"": [
    -8.320050986500000e+01,
    4.244475804500010e+01
  ],
  ""type"": ""Point""
}","{
  ""coordinates"": [
    -83.200509865,
    42.444758045
  ],
  ""type"": ""Point""
}",-83.200509865,42.4447580450001
18935,9647723,I-75,COOLIDGE,2016-03-09,9,3,2016,19,4,6,1,,1,0,,1,1,4,70,3,2,2,5,0,0,0,0,true,,false,false,false,false,false,,,,,,false,true,false,,,false,false,false,false,false,-83.15611,42.2774,"{
  ""coordinates"": [
    -8.315610323999989e+01,
    4.227740264700000e+01
  ],
  ""type"": ""Point""
}","{
  ""coordinates"": [
    -83.15610324,
    42.277402647
  ],
  ""type"": ""Point""
}",-83.1561032399999,42.277402647
18936,9647765,NEVADA,DEQUINDRE,2016-03-09,9,3,2016,14,4,5,9,,4,0,,1,1,1,30,2,2,2,5,0,0,0,0,true,,false,false,false,false,false,,,,,,false,false,false,,,false,false,false,false,false,-83.08253,42.42534,"{
  ""coordinates"": [
    -8.308253480699990e+01,
    4.242533845900000e+01
  ],
  ""type"": ""Point""
}","{
  ""coordinates"": [
    -83.082534807,
    42.425338459
  ],
  ""type"": ""Point""
}",-83.0825348069999,42.425338459
18937,9646582,I-75,HOLBROOK,2016-03-09,9,3,2016,18,4,5,1,,1,0,,1,2,1,70,4,2,2,5,0,0,0,0,true,,false,false,false,false,false,,,,,,false,false,true,,,false,false,false,false,false,-83.06861,42.3873,"{
  ""coordinates"": [
    -8.306861032499999e+01,
    4.238730255500010e+01
  ],
  ""type"": ""Point""
}","{
  ""coordinates"": [
    -83.068610325,
    42.387302555
  ],
  ""type"": ""Point""
}",-83.068610325,42.3873025550001
18938,9646739,ARTESIAN,DAVISON,2016-03-09,9,3,2016,11,4,4,9,,,0,,1,2,1,25,2,2,2,5,0,0,0,0,true,,false,false,false,false,false,,,,,,false,false,false,,,false,false,false,false,false,-83.22704,42.38381,"{
  ""coordinates"": [
    -8.322704489900001e+01,
    4.238380690700010e+01
  ],
  ""type"": ""Point""
}","{
  ""coordinates"": [
    -83.227044899,
    42.383806907
  ],
  ""type"": ""Point""
}",-83.227044899,42.3838069070001
18939,9656744,DAVISON,LINWOOD,2016-03-09,9,3,2016,14,4,5,3,,1,0,,1,1,1,25,3,2,3,5,0,0,0,0,true,,true,true,true,false,false,,,,,,false,false,true,,,false,false,false,false,false,-83.12199,42.39303,"{
  ""coordinates"": [
    -8.312198699299999e+01,
    4.239303000100010e+01
  ],
  ""type"": ""Point""
}","{
  ""coordinates"": [
    -83.121986993,
    42.393030001
  ],
  ""type"": ""Point""
}",-83.121986993,42.3930300010001
18940,9647752,HARPER,KENSINGTON,2016-03-09,9,3,2016,13,4,4,9,,4,0,,1,1,1,30,3,2,3,5,0,0,0,0,true,,false,false,true,false,false,,,,,,false,false,true,,,false,false,false,false,false,-82.94124,42.4133,"{
  ""coordinates"": [
    -8.294123791500000e+01,
    4.241329866000010e+01
  ],
  ""type"": ""Point""
}","{
  ""coordinates"": [
    -82.941237915,
    42.41329866
  ],
  ""type"": ""Point""
}",-82.941237915,42.4132986600001
18941,9647738,7 MILE,JAMES COUZENS,2016-03-09,9,3,2016,23,4,4,9,,2,0,,1,1,4,35,3,2,1,5,0,0,0,0,true,,true,true,true,false,false,,,,,,false,true,false,,,false,false,false,false,false,-83.18661,42.43085,"{
  ""coordinates"": [
    -8.318660903599989e+01,
    4.243084563700010e+01
  ],
  ""type"": ""Point""
}","{
  ""coordinates"": [
    -83.186609036,
    42.430845637
  ],
  ""type"": ""Point""
}",-83.1866090359999,42.4308456370001
18942,9646749,LINWOOD,PURITAN,2016-03-09,9,3,2016,16,4,97,9,,4,0,,1,1,1,30,4,2,2,5,0,0,0,0,true,,false,false,true,false,false,,,,,,false,false,false,,,false,false,false,false,false,-83.1278,42.41018,"{
  ""coordinates"": [
    -8.312779932300000e+01,
    4.241018148000010e+01
  ],
  ""type"": ""Point""
}","{
  ""coordinates"": [
    -83.127799323,
    42.41018148
  ],
  ""type"": ""Point""
}",-83.127799323,42.4101814800001
18943,9646691,MICHIGAN,TRUMBULL,2016-03-09,9,3,2016,10,4,4,2,,1,0,,1,2,1,30,2,2,2,5,0,0,0,0,true,,false,false,false,false,false,,,,,,false,false,true,,,false,false,false,false,false,-83.06694,42.33141,"{
  ""coordinates"": [
    -8.306694130800000e+01,
    4.233141472400010e+01
  ],
  ""type"": ""Point""
}","{
  ""coordinates"": [
    -83.066941308,
    42.331414724
  ],
  ""type"": ""Point""
}",-83.066941308,42.3314147240001
18944,9647780,ANTOINETTE,CASS,2016-03-09,9,3,2016,15,4,5,9,,4,0,,1,1,1,25,2,2,0,5,0,0,0,0,true,,false,false,false,false,false,,,,,,false,false,false,,,false,false,false,false,false,-83.07085,42.3632,"{
  ""coordinates"": [
    -8.307085779600000e+01,
    4.236320006000010e+01
  ],
  ""type"": ""Point""
}","{
  ""coordinates"": [
    -83.070857796,
    42.36320006
  ],
  ""type"": ""Point""
}",-83.070857796,42.3632000600001
18945,9647728,HOLCOMB,KERCHEVAL,2016-03-09,9,3,2016,0,4,5,9,,,0,,1,2,4,25,1,3,1,5,0,0,0,0,true,,false,false,true,false,false,,,,,,false,false,false,,,false,false,false,false,false,-82.98943,42.362,"{
  ""coordinates"": [
    -8.298942526899999e+01,
    4.236200040600000e+01
  ],
  ""type"": ""Point""
}","{
  ""coordinates"": [
    -82.989425269,
    42.362000406
  ],
  ""type"": ""Point""
}",-82.989425269,42.362000406
18946,9649350,WESSON,BUCHANAN,2016-03-09,9,3,2016,15,4,97,9,,,0,,1,1,1,25,3,2,2,5,0,0,0,0,true,,false,false,true,false,false,,,,,,false,false,true,,,false,false,false,false,false,-83.1175,42.33397,"{
  ""coordinates"": [
    -8.311750313800000e+01,
    4.233397449400010e+01
  ],
  ""type"": ""Point""
}","{
  ""coordinates"": [
    -83.117503138,
    42.333974494
  ],
  ""type"": ""Point""
}",-83.117503138,42.3339744940001
18947,9647729,PURITAN,ASBURYPARK,2016-03-09,9,3,2016,19,4,1,9,,4,0,,1,1,4,35,2,1,2,4,0,0,0,1,false,,false,false,false,false,false,,,,,,false,false,true,,,false,false,false,false,false,-83.20878,42.40854,"{
  ""coordinates"": [
    -8.320878063600000e+01,
    4.240853939100000e+01
  ],
  ""type"": ""Point""
}","{
  ""coordinates"": [
    -83.208780636,
    42.408539391
  ],
  ""type"": ""Point""
}",-83.208780636,42.408539391
18948,9649323,PORTER,CLARK,2016-03-09,9,3,2016,15,4,97,9,,,0,,1,1,1,25,3,2,6,5,0,0,0,0,true,,false,false,false,false,false,,,,,,false,false,true,,,false,false,false,false,false,-83.09321,42.31646,"{
  ""coordinates"": [
    -8.309320851699989e+01,
    4.231645835800000e+01
  ],
  ""type"": ""Point""
}","{
  ""coordinates"": [
    -83.093208517,
    42.316458358
  ],
  ""type"": ""Point""
}",-83.0932085169999,42.316458358
18949,9650145,PEMBROKE,COYLE,2016-03-09,9,3,2016,10,4,97,9,,4,0,,1,2,1,25,2,2,2,5,0,0,0,0,true,,false,false,false,false,false,,,,,,false,false,false,,,false,false,false,false,false,-83.19528,42.43779,"{
  ""coordinates"": [
    -8.319528442700000e+01,
    4.243778434500010e+01
  ],
  ""type"": ""Point""
}","{
  ""coordinates"": [
    -83.195284427,
    42.437784345
  ],
  ""type"": ""Point""
}",-83.195284427,42.4377843450001
18950,9646751,S M 10,WYOMING,2016-03-09,9,3,2016,15,4,4,3,,1,0,,1,2,1,35,3,3,5,4,0,0,0,1,false,,false,false,false,false,false,,,,,,false,true,false,,,false,false,false,false,false,-83.15983,42.40517,"{
  ""coordinates"": [
    -8.315982527300000e+01,
    4.240516771100000e+01
  ],
  ""type"": ""Point""
}","{
  ""coordinates"": [
    -83.159825273,
    42.405167711
  ],
  ""type"": ""Point""
}",-83.159825273,42.405167711
18951,9647678,I-94,14TH,2016-03-09,9,3,2016,7,4,5,1,,1,0,,1,1,2,55,3,2,2,5,0,0,0,0,true,,true,false,false,false,false,,,,,,false,false,false,,,false,false,false,false,false,-83.08733,42.35395,"{
  ""coordinates"": [
    -8.308732534500000e+01,
    4.235395026300010e+01
  ],
  ""type"": ""Point""
}","{
  ""coordinates"": [
    -83.087325345,
    42.353950263
  ],
  ""type"": ""Point""
}",-83.087325345,42.3539502630001
18952,9645775,OAKLAND,PHILADELPHIA,2016-03-08,8,3,2016,17,3,1,9,,4,0,,1,1,1,35,2,1,1,5,0,0,0,0,true,,false,false,false,false,false,,,,,,false,false,false,,,false,false,false,false,false,-83.06953,42.38131,"{
  ""coordinates"": [
    -8.306953609399990e+01,
    4.238131170700010e+01
  ],
  ""type"": ""Point""
}","{
  ""coordinates"": [
    -83.069536094,
    42.381311707
  ],
  ""type"": ""Point""
}",-83.0695360939999,42.3813117070001
18953,9645773,MILWAUKEE,WOODWARD,2016-03-08,8,3,2016,15,3,4,3,,4,0,,1,1,1,25,3,2,2,5,0,0,0,0,true,,false,false,false,false,false,,,,,,false,true,false,,,false,false,false,false,false,-83.07259,42.3691,"{
  ""coordinates"": [
    -8.307259719099990e+01,
    4.236910333200010e+01
  ],
  ""type"": ""Point""
}","{
  ""coordinates"": [
    -83.072597191,
    42.369103332
  ],
  ""type"": ""Point""
}",-83.0725971909999,42.3691033320001
18954,9646752,GRAND,LINWOOD,2016-03-08,8,3,2016,21,3,8,9,,4,0,,1,1,4,25,2,3,1,2,0,1,0,1,false,,false,false,true,false,false,,,,,,false,false,false,,,false,false,false,false,false,-83.09991,42.36031,"{
  ""coordinates"": [
    -8.309990388400000e+01,
    4.236031229100010e+01
  ],
  ""type"": ""Point""
}","{
  ""coordinates"": [
    -83.099903884,
    42.360312291
  ],
  ""type"": ""Point""
}",-83.099903884,42.3603122910001
18955,9654779,MCNICHOLS,OUTER,2016-03-08,8,3,2016,10,3,8,9,,2,0,,1,1,1,35,5,2,3,5,0,0,0,0,true,,false,false,false,false,false,,,,,,false,true,false,,,false,false,false,false,false,-83.23177,42.41529,"{
  ""coordinates"": [
    -8.323176239999999e+01,
    4.241529120900000e+01
  ],
  ""type"": ""Point""
}","{
  ""coordinates"": [
    -83.2317624,
    42.415291209
  ],
  ""type"": ""Point""
}",-83.2317624,42.415291209
18956,9647758,SUNDERLAND,MARGARETA,2016-03-08,8,3,2016,19,3,4,9,,,0,,1,1,3,25,2,2,1,5,0,0,0,0,true,,false,false,true,false,false,,,,,,false,true,false,,,false,false,false,false,false,-83.22853,42.42668,"{
  ""coordinates"": [
    -8.322852847699990e+01,
    4.242668172300010e+01
  ],
  ""type"": ""Point""
}","{
  ""coordinates"": [
    -83.228528477,
    42.426681723
  ],
  ""type"": ""Point""
}",-83.2285284769999,42.4266817230001
18957,9651542,I-75,CLAY,2016-03-08,8,3,2016,23,3,8,1,,1,0,,1,1,4,65,4,2,2,5,0,0,0,0,true,,false,false,true,false,false,,,,,,false,false,false,,,false,false,false,false,false,-83.06264,42.37843,"{
  ""coordinates"": [
    -8.306263703000000e+01,
    4.237842623200000e+01
  ],
  ""type"": ""Point""
}","{
  ""coordinates"": [
    -83.06263703,
    42.378426232
  ],
  ""type"": ""Point""
}",-83.06263703,42.378426232
18958,9646747,7 MILE,SYRACUSE,2016-03-08,8,3,2016,10,3,8,9,,4,0,,1,1,4,30,4,2,5,5,0,0,0,0,true,,false,false,true,false,false,,,,,,false,false,false,,,false,false,false,false,false,-83.04583,42.43352,"{
  ""coordinates"": [
    -8.304583264900000e+01,
    4.243351652900000e+01
  ],
  ""type"": ""Point""
}","{
  ""coordinates"": [
    -83.045832649,
    42.433516529
  ],
  ""type"": ""Point""
}",-83.045832649,42.433516529
18959,9649347,VISGER,FORT,2016-03-08,8,3,2016,22,3,8,3,,,0,,1,1,4,35,2,2,1,5,0,0,0,0,true,,false,false,true,false,false,,,,,,false,false,false,,,false,false,false,false,false,-83.16195,42.26857,"{
  ""coordinates"": [
    -8.316195054799989e+01,
    4.226857080900000e+01
  ],
  ""type"": ""Point""
}","{
  ""coordinates"": [
    -83.161950548,
    42.268570809
  ],
  ""type"": ""Point""
}",-83.1619505479999,42.268570809
18960,9645770,DICKERSON,SOUTHAMPTON,2016-03-08,8,3,2016,17,3,1,9,,4,0,,1,1,1,35,2,1,1,4,0,0,0,1,false,,false,false,false,false,false,,,,,,false,false,false,,,false,false,false,false,false,-82.96915,42.39553,"{
  ""coordinates"": [
    -8.296914409100000e+01,
    4.239553105400010e+01
  ],
  ""type"": ""Point""
}","{
  ""coordinates"": [
    -82.969144091,
    42.395531054
  ],
  ""type"": ""Point""
}",-82.969144091,42.3955310540001
18961,9650036,I 94,LIVERNOIS,2016-03-08,8,3,2016,16,3,5,1,,1,0,,1,1,1,55,3,2,4,4,0,0,0,1,false,,false,false,false,false,false,,,,,,false,false,true,,,false,false,false,false,false,-83.12916,42.33562,"{
  ""coordinates"": [
    -8.312915571100000e+01,
    4.233561803300010e+01
  ],
  ""type"": ""Point""
}","{
  ""coordinates"": [
    -83.129155711,
    42.335618033
  ],
  ""type"": ""Point""
}",-83.129155711,42.3356180330001
18962,9645652,S I 75,FERRY,2016-03-08,8,3,2016,23,3,5,1,,1,0,,1,1,4,70,3,2,2,5,0,0,0,0,true,,false,false,false,false,false,,,,,,false,true,false,,,false,false,false,false,false,-83.05664,42.36518,"{
  ""coordinates"": [
    -8.305664441099999e+01,
    4.236518443500010e+01
  ],
  ""type"": ""Point""
}","{
  ""coordinates"": [
    -83.056644411,
    42.365184435
  ],
  ""type"": ""Point""
}",-83.056644411,42.3651844350001
18963,9645791,NEVADA,ALBANY,2016-03-08,8,3,2016,11,3,1,9,,4,1,,1,1,1,30,2,1,1,4,0,0,0,1,false,,false,false,false,false,false,,,,,,false,false,true,,,false,false,false,false,false,-83.04443,42.42627,"{
  ""coordinates"": [
    -8.304443104900000e+01,
    4.242626624900000e+01
  ],
  ""type"": ""Point""
}","{
  ""coordinates"": [
    -83.044431049,
    42.426266249
  ],
  ""type"": ""Point""
}",-83.044431049,42.426266249
18964,9645772,14TH,GRAND,2016-03-08,8,3,2016,14,3,4,9,,4,0,,1,1,1,30,4,2,6,5,0,0,0,0,true,,false,false,false,false,false,,,,,,false,true,true,,,false,false,false,false,false,-83.09455,42.36238,"{
  ""coordinates"": [
    -8.309455227399999e+01,
    4.236238379400000e+01
  ],
  ""type"": ""Point""
}","{
  ""coordinates"": [
    -83.094552274,
    42.362383794
  ],
  ""type"": ""Point""
}",-83.094552274,42.362383794
18965,9645788,LIVERNOIS,CORTLAND,2016-03-08,8,3,2016,13,3,5,9,,4,0,,1,1,1,35,2,2,2,3,0,0,2,0,false,,false,false,true,false,false,,,,,,false,false,true,,,false,false,false,false,false,-83.13934,42.37926,"{
  ""coordinates"": [
    -8.313934401400000e+01,
    4.237926495600000e+01
  ],
  ""type"": ""Point""
}","{
  ""coordinates"": [
    -83.139344014,
    42.379264956
  ],
  ""type"": ""Point""
}",-83.139344014,42.379264956
18966,9645802,WARREN,WOODWARD,2016-03-08,8,3,2016,8,3,5,3,,4,0,,1,1,1,30,4,2,3,5,0,0,0,0,true,,false,false,false,false,false,,,,,,false,true,false,,,false,false,false,false,false,-83.06434,42.35696,"{
  ""coordinates"": [
    -8.306433936500000e+01,
    4.235696463300010e+01
  ],
  ""type"": ""Point""
}","{
  ""coordinates"": [
    -83.064339365,
    42.356964633
  ],
  ""type"": ""Point""
}",-83.064339365,42.3569646330001
18967,9650001,S M 39,RAMP 009D,2016-03-08,8,3,2016,16,3,5,3,,1,0,,1,1,1,55,3,2,2,5,0,0,0,0,true,,false,false,false,false,false,,,,,,false,false,false,,,false,false,false,false,false,-83.21825,42.39751,"{
  ""coordinates"": [
    -8.321824796399990e+01,
    4.239751371200000e+01
  ],
  ""type"": ""Point""
}","{
  ""coordinates"": [
    -83.218247964,
    42.397513712
  ],
  ""type"": ""Point""
}",-83.2182479639999,42.397513712
18968,9645689,M-10,DAVISON,2016-03-08,8,3,2016,11,3,8,3,,1,0,,1,2,1,55,3,2,1,5,0,0,0,0,true,,false,false,true,false,false,,,,,,false,true,false,,,false,false,false,false,false,-83.11401,42.40042,"{
  ""coordinates"": [
    -8.311401731799999e+01,
    4.240041692500010e+01
  ],
  ""type"": ""Point""
}","{
  ""coordinates"": [
    -83.114017318,
    42.400416925
  ],
  ""type"": ""Point""
}",-83.114017318,42.4004169250001
18969,9650002,N I 75,RAMP 046A,2016-03-08,8,3,2016,23,3,1,1,,1,1,,1,1,4,70,3,1,2,1,2,0,0,0,false,,false,false,false,false,false,,,,,,false,false,false,,,false,false,false,false,false,-83.06593,42.38332,"{
  ""coordinates"": [
    -8.306592736999990e+01,
    4.238331956500010e+01
  ],
  ""type"": ""Point""
}","{
  ""coordinates"": [
    -83.06592737,
    42.383319565
  ],
  ""type"": ""Point""
}",-83.0659273699999,42.3833195650001
18970,9664905,TRUMBULL,TEMPLE,2016-03-08,8,3,2016,20,3,3,9,,4,0,,1,1,4,30,3,2,2,5,0,0,0,0,true,,false,false,false,true,false,,,,,,false,false,false,,,false,false,false,false,false,-83.07061,42.33792,"{
  ""coordinates"": [
    -8.307061379100000e+01,
    4.233792198800010e+01
  ],
  ""type"": ""Point""
}","{
  ""coordinates"": [
    -83.070613791,
    42.337921988
  ],
  ""type"": ""Point""
}",-83.070613791,42.3379219880001
18971,9649172,M-39,JOY,2016-03-08,8,3,2016,14,3,8,3,,1,0,,1,1,1,70,3,2,1,5,0,0,0,0,true,,false,false,true,false,false,,,,,,false,false,false,,,false,false,false,false,false,-83.21642,42.35853,"{
  ""coordinates"": [
    -8.321641536600001e+01,
    4.235852730600000e+01
  ],
  ""type"": ""Point""
}","{
  ""coordinates"": [
    -83.216415366,
    42.358527306
  ],
  ""type"": ""Point""
}",-83.216415366,42.358527306