ObjectId,Crash ID,Primary Road,Intersecting Road,Crash Date,Day,Month,Year,Hour,Weekday,Crash Type Code,Highway Classification Code,Community Code,Jurisdiction Code,Lane Departure Type Code,Surface Type,Road Condition,Weather Condition,Lighting Condition,Speed Limit,Lanes,Units,Occupants,Most Severe Injury,Fatal Injuries,Suspected Serious Injuries,Suspected Minor Injuries,Possible Injuries,Property Damage Only,Secondary Crash,Traffic Control,Red Light Run,Hit and Run,Alcohol,Drugs,Unbelted Person,Work Zone,Speeding Driver,Distracted Driver,Driveway,Pedestrian,Elderly Driver,Young Driver,Commercial Vehicle,Emergency Vehicles,Train,School Bus,Motorcycle,Bicycle,Deer,Longitude,Latitude,geom,geog,x,y
18972,9649348,JUNCTION,VERNOR,2016-03-08,8,3,2016,10,3,5,9,,4,0,,1,1,1,25,4,2,4,5,0,0,0,0,true,,false,false,false,false,false,,,,,,false,true,false,,,false,false,false,false,false,-83.10191,42.31793,"{
  ""coordinates"": [
    -8.310190693200001e+01,
    4.231793264900010e+01
  ],
  ""type"": ""Point""
}","{
  ""coordinates"": [
    -83.101906932,
    42.317932649
  ],
  ""type"": ""Point""
}",-83.101906932,42.3179326490001
18973,9646694,GRAND RIVER,KENTUCKY,2016-03-08,8,3,2016,20,3,8,3,,1,3,,1,1,1,35,7,2,0,5,0,0,0,0,true,,false,false,true,false,false,,,,,,false,false,false,,,false,false,false,false,false,-83.15746,42.37619,"{
  ""coordinates"": [
    -8.315746588600000e+01,
    4.237618828700000e+01
  ],
  ""type"": ""Point""
}","{
  ""coordinates"": [
    -83.157465886,
    42.376188287
  ],
  ""type"": ""Point""
}",-83.157465886,42.376188287
18974,9646708,JEFFERSON,ST JEAN,2016-03-08,8,3,2016,19,3,6,9,,4,0,,1,1,4,35,7,2,2,5,0,0,0,0,true,,false,false,true,false,false,,,,,,false,false,false,,,false,false,false,false,false,-82.97065,42.36696,"{
  ""coordinates"": [
    -8.297065124400000e+01,
    4.236695684600010e+01
  ],
  ""type"": ""Point""
}","{
  ""coordinates"": [
    -82.970651244,
    42.366956846
  ],
  ""type"": ""Point""
}",-82.970651244,42.3669568460001
18975,9715631,OUTER,HARPER,2016-03-08,8,3,2016,0,3,8,9,,2,0,,1,1,4,30,2,2,1,4,0,0,0,1,false,,false,false,false,true,false,,,,,,false,false,false,,,false,false,false,false,false,-82.96091,42.40596,"{
  ""coordinates"": [
    -8.296091480199991e+01,
    4.240596214900010e+01
  ],
  ""type"": ""Point""
}","{
  ""coordinates"": [
    -82.960914802,
    42.405962149
  ],
  ""type"": ""Point""
}",-82.9609148019999,42.4059621490001
18976,9654661,GRATIOT,SEYMOUR,2016-03-08,8,3,2016,15,3,1,3,,1,0,,1,1,1,35,6,2,1,5,0,0,0,0,true,,false,false,false,false,false,,,,,,true,false,false,,,false,false,false,false,false,-82.98305,42.42694,"{
  ""coordinates"": [
    -8.298305115399999e+01,
    4.242694089200010e+01
  ],
  ""type"": ""Point""
}","{
  ""coordinates"": [
    -82.983051154,
    42.426940892
  ],
  ""type"": ""Point""
}",-82.983051154,42.4269408920001
18977,9646709,EVERGREEN,CAMBRIDGE,2016-03-08,8,3,2016,18,3,4,9,,4,0,,1,1,1,35,2,2,6,5,0,0,0,0,true,,false,false,false,false,false,,,,,,false,false,false,,,false,false,false,false,false,-83.23891,42.43127,"{
  ""coordinates"": [
    -8.323891220400000e+01,
    4.243126969200010e+01
  ],
  ""type"": ""Point""
}","{
  ""coordinates"": [
    -83.238912204,
    42.431269692
  ],
  ""type"": ""Point""
}",-83.238912204,42.4312696920001
18978,9650143,OUTER,SCHAEFER,2016-03-08,8,3,2016,15,3,4,9,,2,0,,1,1,1,35,2,2,2,5,0,0,0,0,true,,true,true,false,false,false,,,,,,false,false,true,,,false,false,false,false,false,-83.17997,42.42031,"{
  ""coordinates"": [
    -8.317997319400000e+01,
    4.242030687900010e+01
  ],
  ""type"": ""Point""
}","{
  ""coordinates"": [
    -83.179973194,
    42.420306879
  ],
  ""type"": ""Point""
}",-83.179973194,42.4203068790001
18979,9645771,KELLY,YOUNG,2016-03-08,8,3,2016,10,3,8,9,,4,0,,1,2,1,30,2,2,4,5,0,0,0,0,true,,false,false,false,false,false,,,,,,false,false,true,,,false,false,false,false,false,-82.96108,42.42396,"{
  ""coordinates"": [
    -8.296108468100000e+01,
    4.242396188400010e+01
  ],
  ""type"": ""Point""
}","{
  ""coordinates"": [
    -82.961084681,
    42.423961884
  ],
  ""type"": ""Point""
}",-82.961084681,42.4239618840001
18980,9646698,RUTLAND,ORANGELAWN,2016-03-08,8,3,2016,8,3,4,9,,,0,,1,1,1,25,2,2,2,5,0,0,0,0,true,,false,false,true,false,false,,,,,,false,false,false,,,false,false,false,false,false,-83.2131,42.36757,"{
  ""coordinates"": [
    -8.321309899999990e+01,
    4.236757097900000e+01
  ],
  ""type"": ""Point""
}","{
  ""coordinates"": [
    -83.213099,
    42.367570979
  ],
  ""type"": ""Point""
}",-83.2130989999999,42.367570979
18981,9645651,M-39,WARREN,2016-03-08,8,3,2016,18,3,5,3,,1,0,,1,1,3,55,3,2,2,5,0,0,0,0,true,,false,false,false,false,false,,,,,,false,false,false,,,false,false,false,false,false,-83.21603,42.34192,"{
  ""coordinates"": [
    -8.321602805500000e+01,
    4.234192187500000e+01
  ],
  ""type"": ""Point""
}","{
  ""coordinates"": [
    -83.216028055,
    42.341921875
  ],
  ""type"": ""Point""
}",-83.216028055,42.341921875
18982,9645790,7 MILE,KEYSTONE,2016-03-08,8,3,2016,12,3,1,9,,4,0,,1,1,1,30,2,1,1,4,0,0,0,1,false,,false,false,true,false,false,,,,,,false,false,false,,,false,false,false,false,false,-83.05148,42.43339,"{
  ""coordinates"": [
    -8.305148082400000e+01,
    4.243338727700010e+01
  ],
  ""type"": ""Point""
}","{
  ""coordinates"": [
    -83.051480824,
    42.433387277
  ],
  ""type"": ""Point""
}",-83.051480824,42.4333872770001
18983,9646741,GRATIOT,ARNDT,2016-03-08,8,3,2016,14,3,8,3,,1,0,,1,1,1,40,4,2,2,5,0,0,0,0,true,,false,false,true,false,false,,,,,,false,false,false,,,false,false,false,false,false,-83.03187,42.35275,"{
  ""coordinates"": [
    -8.303186809200000e+01,
    4.235274381900010e+01
  ],
  ""type"": ""Point""
}","{
  ""coordinates"": [
    -83.031868092,
    42.352743819
  ],
  ""type"": ""Point""
}",-83.031868092,42.3527438190001
18984,9645782,MACK,SAINT AUBIN,2016-03-08,8,3,2016,14,3,5,9,,4,0,,1,1,1,30,2,2,4,5,0,0,0,0,true,,false,false,false,false,false,,,,,,false,false,false,,,false,false,false,false,false,-83.03825,42.35521,"{
  ""coordinates"": [
    -8.303824882600000e+01,
    4.235520975700010e+01
  ],
  ""type"": ""Point""
}","{
  ""coordinates"": [
    -83.038248826,
    42.355209757
  ],
  ""type"": ""Point""
}",-83.038248826,42.3552097570001
18985,9649203,I 94,M 10,2016-03-08,8,3,2016,13,3,1,1,,1,1,,1,1,1,55,4,1,1,5,0,0,0,0,true,,false,false,false,false,false,,,,,,false,false,false,,,false,false,false,false,false,-83.08035,42.35675,"{
  ""coordinates"": [
    -8.308035578200000e+01,
    4.235674934400000e+01
  ],
  ""type"": ""Point""
}","{
  ""coordinates"": [
    -83.080355782,
    42.356749344
  ],
  ""type"": ""Point""
}",-83.080355782,42.356749344
18986,9654719,SCHAEFER,FENKELL,2016-03-08,8,3,2016,13,3,5,9,,4,0,,1,1,1,35,5,2,2,5,0,0,0,0,true,,false,false,false,false,false,,,,,,false,false,false,,,false,false,false,false,false,-83.17912,42.40208,"{
  ""coordinates"": [
    -8.317912070300000e+01,
    4.240207806100010e+01
  ],
  ""type"": ""Point""
}","{
  ""coordinates"": [
    -83.179120703,
    42.402078061
  ],
  ""type"": ""Point""
}",-83.179120703,42.4020780610001
18987,9645690,N/B M-39,WARREN,2016-03-08,8,3,2016,18,3,5,3,,1,0,,1,1,3,55,3,2,2,5,0,0,0,0,true,,false,false,false,false,false,,,,,,false,false,false,,,false,false,false,false,false,-83.216,42.33976,"{
  ""coordinates"": [
    -8.321600130800000e+01,
    4.233975566800010e+01
  ],
  ""type"": ""Point""
}","{
  ""coordinates"": [
    -83.216001308,
    42.339755668
  ],
  ""type"": ""Point""
}",-83.216001308,42.3397556680001
18988,9646726,PLYMOUTH,EVERGREEN,2016-03-08,8,3,2016,12,3,5,9,,4,0,,1,1,1,30,2,2,1,5,0,0,0,0,true,,false,false,true,false,false,,,,,,false,false,true,,,false,false,false,false,false,-83.2364,42.37189,"{
  ""coordinates"": [
    -8.323640552300000e+01,
    4.237188738200010e+01
  ],
  ""type"": ""Point""
}","{
  ""coordinates"": [
    -83.236405523,
    42.371887382
  ],
  ""type"": ""Point""
}",-83.236405523,42.3718873820001
18989,9650035,S M 10,LINWOOD,2016-03-08,8,3,2016,8,3,5,3,,1,0,,1,2,1,55,3,2,2,5,0,0,0,0,true,,false,false,false,false,false,,,,,,false,false,false,,,false,false,false,false,false,-83.12732,42.40508,"{
  ""coordinates"": [
    -8.312731963899989e+01,
    4.240507989400000e+01
  ],
  ""type"": ""Point""
}","{
  ""coordinates"": [
    -83.127319639,
    42.405079894
  ],
  ""type"": ""Point""
}",-83.1273196389999,42.405079894
18990,9649355,PATRICIA,LEONARD,2016-03-08,8,3,2016,4,3,9,9,,,0,,1,1,98,25,3,2,1,5,0,0,0,0,true,,false,false,true,false,false,,,,,,false,false,false,,,false,false,false,false,false,-83.14912,42.28095,"{
  ""coordinates"": [
    -8.314912521500000e+01,
    4.228094811100000e+01
  ],
  ""type"": ""Point""
}","{
  ""coordinates"": [
    -83.149125215,
    42.280948111
  ],
  ""type"": ""Point""
}",-83.149125215,42.280948111
18991,9650034,RAMP 216F,E I 94,2016-03-08,8,3,2016,14,3,5,1,,1,0,,1,1,1,55,1,2,2,5,0,0,0,0,true,,false,false,false,false,false,,,,,,false,false,false,,,false,false,false,false,false,-83.05847,42.36825,"{
  ""coordinates"": [
    -8.305847463500000e+01,
    4.236824856600000e+01
  ],
  ""type"": ""Point""
}","{
  ""coordinates"": [
    -83.058474635,
    42.368248566
  ],
  ""type"": ""Point""
}",-83.058474635,42.368248566
18992,9646722,SPRINGFIELD,OLGA,2016-03-08,8,3,2016,8,3,8,9,,,0,,5,1,1,25,4,3,1,5,0,0,0,0,true,,false,false,true,false,false,,,,,,false,false,false,,,false,false,false,false,false,-82.99035,42.38978,"{
  ""coordinates"": [
    -8.299035080600000e+01,
    4.238977801200010e+01
  ],
  ""type"": ""Point""
}","{
  ""coordinates"": [
    -82.990350806,
    42.389778012
  ],
  ""type"": ""Point""
}",-82.990350806,42.3897780120001
18993,9646619,SB I-75,MCNICHOLS,2016-03-08,8,3,2016,9,3,1,1,,1,1,,1,2,1,70,4,1,1,3,0,0,1,0,false,,false,false,false,false,false,,,,,,false,false,false,,,false,false,false,false,false,-83.08907,42.41946,"{
  ""coordinates"": [
    -8.308907149100000e+01,
    4.241945933500010e+01
  ],
  ""type"": ""Point""
}","{
  ""coordinates"": [
    -83.089071491,
    42.419459335
  ],
  ""type"": ""Point""
}",-83.089071491,42.4194593350001
18994,9653362,LOTHROP,LINWOOD,2016-03-08,8,3,2016,16,3,97,9,,,0,,1,1,1,30,1,2,2,5,0,0,0,0,true,,false,false,true,false,false,,,,,,false,false,false,,,false,false,false,false,false,-83.10078,42.3616,"{
  ""coordinates"": [
    -8.310078356100000e+01,
    4.236159602100000e+01
  ],
  ""type"": ""Point""
}","{
  ""coordinates"": [
    -83.100783561,
    42.361596021
  ],
  ""type"": ""Point""
}",-83.100783561,42.361596021
18995,9645786,OUTER,HAYES,2016-03-08,8,3,2016,12,3,4,9,,2,0,,1,1,1,35,4,2,1,5,0,0,0,0,true,,false,false,true,false,false,,,,,,false,true,false,,,false,false,false,false,false,-82.96472,42.41458,"{
  ""coordinates"": [
    -8.296471873400000e+01,
    4.241457720100000e+01
  ],
  ""type"": ""Point""
}","{
  ""coordinates"": [
    -82.964718734,
    42.414577201
  ],
  ""type"": ""Point""
}",-82.964718734,42.414577201
18996,9651515,HAYES,SEYMOUR,2016-03-08,8,3,2016,21,3,1,9,,4,0,,1,1,4,25,2,2,1,4,0,0,0,1,false,,false,false,true,false,false,,,,,,true,false,false,,,false,false,false,false,false,-82.96526,42.42719,"{
  ""coordinates"": [
    -8.296525947799999e+01,
    4.242719432100010e+01
  ],
  ""type"": ""Point""
}","{
  ""coordinates"": [
    -82.965259478,
    42.427194321
  ],
  ""type"": ""Point""
}",-82.965259478,42.4271943210001
18997,9646725,N M 39,WARREN,2016-03-08,8,3,2016,6,3,8,3,,1,0,,1,1,5,55,3,2,2,5,0,0,0,0,true,,false,false,false,true,true,,,,,,false,false,false,,,false,false,false,false,false,-83.21603,42.34334,"{
  ""coordinates"": [
    -8.321603527100000e+01,
    4.234333933800010e+01
  ],
  ""type"": ""Point""
}","{
  ""coordinates"": [
    -83.216035271,
    42.343339338
  ],
  ""type"": ""Point""
}",-83.216035271,42.3433393380001
18998,9646695,GRAND,LODGE SERVICE,2016-03-08,8,3,2016,8,3,8,9,,4,0,,1,1,1,25,3,2,2,5,0,0,0,0,true,,false,false,false,false,false,,,,,,false,false,false,,,false,false,false,false,false,-83.08215,42.36684,"{
  ""coordinates"": [
    -8.308215057400000e+01,
    4.236684340300010e+01
  ],
  ""type"": ""Point""
}","{
  ""coordinates"": [
    -83.082150574,
    42.366843403
  ],
  ""type"": ""Point""
}",-83.082150574,42.3668434030001
18999,9645783,MCCLELLAN,AGNES,2016-03-08,8,3,2016,15,3,97,9,,4,0,,1,1,1,25,4,2,2,3,0,0,1,0,false,,false,false,false,false,false,,,,,,false,false,false,,,false,false,false,false,false,-82.98576,42.36046,"{
  ""coordinates"": [
    -8.298576064799990e+01,
    4.236045661000000e+01
  ],
  ""type"": ""Point""
}","{
  ""coordinates"": [
    -82.985760648,
    42.36045661
  ],
  ""type"": ""Point""
}",-82.9857606479999,42.36045661
19000,9650144,MEYERS,MCNICHOLS,2016-03-08,8,3,2016,11,3,4,9,,4,0,,1,1,1,30,2,2,3,5,0,0,0,0,true,,false,false,false,false,false,,,,,,false,false,false,,,false,false,false,false,false,-83.17011,42.41663,"{
  ""coordinates"": [
    -8.317011476200000e+01,
    4.241662621900010e+01
  ],
  ""type"": ""Point""
}","{
  ""coordinates"": [
    -83.170114762,
    42.416626219
  ],
  ""type"": ""Point""
}",-83.170114762,42.4166262190001
19001,9646728,WHITLOCK,WINTHROP,2016-03-08,8,3,2016,6,3,4,9,,,0,,1,1,4,25,2,2,1,5,0,0,0,0,true,,false,false,true,false,false,,,,,,false,false,true,,,false,false,false,false,false,-83.19731,42.34003,"{
  ""coordinates"": [
    -8.319731248700000e+01,
    4.234003314800000e+01
  ],
  ""type"": ""Point""
}","{
  ""coordinates"": [
    -83.197312487,
    42.340033148
  ],
  ""type"": ""Point""
}",-83.197312487,42.340033148
19002,9645650,M-39,FITZPATRICK,2016-03-08,8,3,2016,18,3,5,3,,1,0,,1,1,3,55,3,2,2,4,0,0,0,1,false,,false,false,false,false,false,,,,,,false,false,true,,,false,false,false,false,false,-83.21634,42.36273,"{
  ""coordinates"": [
    -8.321634254000000e+01,
    4.236272871400010e+01
  ],
  ""type"": ""Point""
}","{
  ""coordinates"": [
    -83.21634254,
    42.362728714
  ],
  ""type"": ""Point""
}",-83.21634254,42.3627287140001
19003,9647735,OAKLAND,HORTON,2016-03-08,8,3,2016,16,3,5,9,,4,0,,1,1,1,30,4,2,1,5,0,0,0,0,true,,false,false,false,false,false,,,,,,false,false,false,,,false,false,false,false,false,-83.06498,42.37457,"{
  ""coordinates"": [
    -8.306497795600001e+01,
    4.237456404500010e+01
  ],
  ""type"": ""Point""
}","{
  ""coordinates"": [
    -83.064977956,
    42.374564045
  ],
  ""type"": ""Point""
}",-83.064977956,42.3745640450001
19004,9649325,25TH,VERNOR,2016-03-08,8,3,2016,11,3,97,9,,,0,,97,98,98,0,2,2,0,5,0,0,0,0,true,,false,false,false,false,false,,,,,,false,false,false,,,false,false,false,false,false,-83.08802,42.32331,"{
  ""coordinates"": [
    -8.308801812699990e+01,
    4.232331462100010e+01
  ],
  ""type"": ""Point""
}","{
  ""coordinates"": [
    -83.088018127,
    42.323314621
  ],
  ""type"": ""Point""
}",-83.0880181269999,42.3233146210001
19005,9646746,RAMP 142A,W I 96,2016-03-08,8,3,2016,16,3,1,1,,1,0,,97,98,98,60,3,1,1,5,0,0,0,0,true,,false,false,false,false,false,,,,,,false,false,true,,,false,false,false,false,false,-83.12735,42.3632,"{
  ""coordinates"": [
    -8.312734836899990e+01,
    4.236320366100010e+01
  ],
  ""type"": ""Point""
}","{
  ""coordinates"": [
    -83.127348369,
    42.363203661
  ],
  ""type"": ""Point""
}",-83.1273483689999,42.3632036610001
19006,9649334,VAN DYKE,NEVADA,2016-03-08,8,3,2016,11,3,8,3,,1,0,,1,1,4,35,4,2,2,5,0,0,0,0,true,,false,false,false,false,false,,,,,,false,false,true,,,false,false,false,false,false,-83.02396,42.42646,"{
  ""coordinates"": [
    -8.302396525300000e+01,
    4.242645788400010e+01
  ],
  ""type"": ""Point""
}","{
  ""coordinates"": [
    -83.023965253,
    42.426457884
  ],
  ""type"": ""Point""
}",-83.023965253,42.4264578840001
19007,9645779,WARREN,CHALMERS,2016-03-08,8,3,2016,11,3,5,9,,4,0,,1,1,1,30,5,2,1,4,0,0,0,1,false,,false,false,true,false,false,,,,,,false,false,false,,,false,false,false,false,false,-82.95873,42.39548,"{
  ""coordinates"": [
    -8.295873363699999e+01,
    4.239548432700010e+01
  ],
  ""type"": ""Point""
}","{
  ""coordinates"": [
    -82.958733637,
    42.395484327
  ],
  ""type"": ""Point""
}",-82.958733637,42.3954843270001
19008,9646592,W I 96,E I 94,2016-03-07,7,3,2016,5,2,1,1,,1,1,,2,2,4,55,4,1,1,3,0,0,1,0,false,,false,false,false,false,false,,,,,,false,false,false,,,false,false,false,false,false,-83.09897,42.35012,"{
  ""coordinates"": [
    -8.309897090299999e+01,
    4.235012302700010e+01
  ],
  ""type"": ""Point""
}","{
  ""coordinates"": [
    -83.098970903,
    42.350123027
  ],
  ""type"": ""Point""
}",-83.098970903,42.3501230270001
19009,9646738,VASSAR,TRINITY,2016-03-07,7,3,2016,13,2,4,9,,,0,,1,1,1,25,2,2,2,5,0,0,0,0,true,,true,false,false,false,false,,,,,,false,false,false,,,false,false,false,false,false,-83.24993,42.43291,"{
  ""coordinates"": [
    -8.324993513500000e+01,
    4.243291259000010e+01
  ],
  ""type"": ""Point""
}","{
  ""coordinates"": [
    -83.249935135,
    42.43291259
  ],
  ""type"": ""Point""
}",-83.249935135,42.4329125900001
19010,9649159,RAMP 213L,RAMP 213M,2016-03-07,7,3,2016,18,2,1,1,,1,1,,1,1,3,55,3,1,1,5,0,0,0,0,true,,false,false,false,false,false,,,,,,false,false,false,,,false,false,false,false,false,-83.10023,42.35207,"{
  ""coordinates"": [
    -8.310023177100000e+01,
    4.235207469900010e+01
  ],
  ""type"": ""Point""
}","{
  ""coordinates"": [
    -83.100231771,
    42.352074699
  ],
  ""type"": ""Point""
}",-83.100231771,42.3520746990001
19011,9645057,2ND,AMSTERDAM,2016-03-07,7,3,2016,16,2,5,9,,4,0,,1,2,1,30,2,2,2,5,0,0,0,0,true,,false,false,false,false,false,,,,,,false,false,true,,,false,false,false,false,false,-83.0744,42.36536,"{
  ""coordinates"": [
    -8.307440227099990e+01,
    4.236535474500000e+01
  ],
  ""type"": ""Point""
}","{
  ""coordinates"": [
    -83.074402271,
    42.365354745
  ],
  ""type"": ""Point""
}",-83.0744022709999,42.365354745
19012,9647681,S/B M 39,WARREN,2016-03-07,7,3,2016,2,2,5,3,,1,0,,1,1,4,55,3,2,1,5,0,0,0,0,true,,false,false,true,false,false,,,,,,false,false,false,,,false,false,false,false,false,-83.21628,42.34481,"{
  ""coordinates"": [
    -8.321627891299990e+01,
    4.234481149400010e+01
  ],
  ""type"": ""Point""
}","{
  ""coordinates"": [
    -83.216278913,
    42.344811494
  ],
  ""type"": ""Point""
}",-83.2162789129999,42.3448114940001
19013,9645058,CONGRESS,SHELBY,2016-03-07,7,3,2016,17,2,7,9,,4,0,,1,2,1,25,2,2,3,5,0,0,0,0,true,,false,false,false,false,false,,,,,,false,false,true,,,false,false,false,false,false,-83.04809,42.32922,"{
  ""coordinates"": [
    -8.304809150299999e+01,
    4.232921558900010e+01
  ],
  ""type"": ""Point""
}","{
  ""coordinates"": [
    -83.048091503,
    42.329215589
  ],
  ""type"": ""Point""
}",-83.048091503,42.3292155890001
19014,9645649,RAMP 135A,E I 96 CD,2016-03-07,7,3,2016,19,2,1,1,,1,1,,2,4,5,55,1,1,2,5,0,0,0,0,true,,false,false,false,false,false,,,,,,false,true,false,,,false,false,false,false,false,-83.24177,42.38406,"{
  ""coordinates"": [
    -8.324176651300000e+01,
    4.238405435400010e+01
  ],
  ""type"": ""Point""
}","{
  ""coordinates"": [
    -83.241766513,
    42.384054354
  ],
  ""type"": ""Point""
}",-83.241766513,42.3840543540001
19015,9645069,PURITAN,LIVERNOIS,2016-03-07,7,3,2016,8,2,8,9,,4,0,,4,5,1,35,4,2,2,5,0,0,0,0,true,,false,false,false,false,false,,,,,,false,false,false,,,false,false,false,false,false,-83.14085,42.4099,"{
  ""coordinates"": [
    -8.314084363099990e+01,
    4.240989835900010e+01
  ],
  ""type"": ""Point""
}","{
  ""coordinates"": [
    -83.140843631,
    42.409898359
  ],
  ""type"": ""Point""
}",-83.1408436309999,42.4098983590001
19016,9645065,PELKEY,LAPPIN,2016-03-07,7,3,2016,10,2,5,9,,,0,,1,1,1,25,1,2,1,5,0,0,0,0,true,,false,false,false,false,false,,,,,,false,false,false,,,false,false,false,false,false,-82.9864,42.43667,"{
  ""coordinates"": [
    -8.298640665999990e+01,
    4.243666782800010e+01
  ],
  ""type"": ""Point""
}","{
  ""coordinates"": [
    -82.98640666,
    42.436667828
  ],
  ""type"": ""Point""
}",-82.9864066599999,42.4366678280001
19017,9649361,GRATIOT,GRANDY,2016-03-07,7,3,2016,15,2,4,3,,1,0,,1,1,1,35,6,2,2,5,0,0,0,0,true,,false,false,false,false,false,,,,,,false,false,false,,,false,false,false,false,false,-83.03086,42.3543,"{
  ""coordinates"": [
    -8.303085763099990e+01,
    4.235429673400010e+01
  ],
  ""type"": ""Point""
}","{
  ""coordinates"": [
    -83.030857631,
    42.354296734
  ],
  ""type"": ""Point""
}",-83.0308576309999,42.3542967340001
19018,9646750,SCHEAFER,OUTER,2016-03-07,7,3,2016,15,2,8,9,,4,0,,1,2,1,30,2,2,2,5,0,0,0,0,true,,false,false,false,false,false,,,,,,false,true,false,,,false,false,false,false,false,-83.17999,42.42051,"{
  ""coordinates"": [
    -8.317998256100000e+01,
    4.242050874900010e+01
  ],
  ""type"": ""Point""
}","{
  ""coordinates"": [
    -83.179982561,
    42.420508749
  ],
  ""type"": ""Point""
}",-83.179982561,42.4205087490001
19019,9645768,ROBINWOOD,CALDWELL,2016-03-07,7,3,2016,16,2,8,9,,,0,,1,1,1,30,2,2,3,5,0,0,0,0,true,,false,false,false,false,false,,,,,,false,true,false,,,false,false,false,false,false,-83.04703,42.43162,"{
  ""coordinates"": [
    -8.304702530000000e+01,
    4.243161587100010e+01
  ],
  ""type"": ""Point""
}","{
  ""coordinates"": [
    -83.0470253,
    42.431615871
  ],
  ""type"": ""Point""
}",-83.0470253,42.4316158710001
19020,9646729,MCNICHOLS,FENMORE,2016-03-07,7,3,2016,15,2,1,9,,2,1,,1,2,1,35,4,1,1,4,0,0,0,1,false,,false,false,false,false,false,,,,,,false,false,false,,,false,false,false,false,false,-83.21758,42.41558,"{
  ""coordinates"": [
    -8.321757661200000e+01,
    4.241557844400010e+01
  ],
  ""type"": ""Point""
}","{
  ""coordinates"": [
    -83.217576612,
    42.415578444
  ],
  ""type"": ""Point""
}",-83.217576612,42.4155784440001
19021,9646706,KENTFIELD,SANTA CLARA,2016-03-07,7,3,2016,8,2,4,9,,,0,,1,1,1,25,2,3,2,5,0,0,0,0,true,,false,false,false,false,false,,,,,,false,false,true,,,false,false,false,false,false,-83.24137,42.41913,"{
  ""coordinates"": [
    -8.324136875400001e+01,
    4.241913373300010e+01
  ],
  ""type"": ""Point""
}","{
  ""coordinates"": [
    -83.241368754,
    42.419133733
  ],
  ""type"": ""Point""
}",-83.241368754,42.4191337330001
19022,9646710,EVERGREEN,DOVER,2016-03-07,7,3,2016,14,2,97,9,,4,0,,1,1,1,30,2,2,2,5,0,0,0,0,true,,false,false,false,false,false,,,,,,false,false,false,,,false,false,false,false,false,-83.23597,42.35936,"{
  ""coordinates"": [
    -8.323596668099999e+01,
    4.235936012100010e+01
  ],
  ""type"": ""Point""
}","{
  ""coordinates"": [
    -83.235966681,
    42.359360121
  ],
  ""type"": ""Point""
}",-83.235966681,42.3593601210001
19023,9649202,S I 75,E I 94,2016-03-07,7,3,2016,15,2,8,1,,1,0,,1,1,1,55,4,2,3,5,0,0,0,0,true,,false,false,true,false,false,,,,,,false,false,false,,,false,false,false,false,false,-83.05811,42.36831,"{
  ""coordinates"": [
    -8.305810937400000e+01,
    4.236830840300010e+01
  ],
  ""type"": ""Point""
}","{
  ""coordinates"": [
    -83.058109374,
    42.368308403
  ],
  ""type"": ""Point""
}",-83.058109374,42.3683084030001
19024,9647744,GARFIELD,JOHN R,2016-03-07,7,3,2016,20,2,5,9,,,0,,1,1,4,25,1,2,0,5,0,0,0,0,true,,false,false,true,false,false,,,,,,false,false,true,,,false,false,false,false,false,-83.06005,42.35463,"{
  ""coordinates"": [
    -8.306005475200000e+01,
    4.235462711700010e+01
  ],
  ""type"": ""Point""
}","{
  ""coordinates"": [
    -83.060054752,
    42.354627117
  ],
  ""type"": ""Point""
}",-83.060054752,42.3546271170001
19025,9645055,GRISWOLD,FORT,2016-03-07,7,3,2016,14,2,8,3,,4,0,,1,1,1,0,4,2,3,5,0,0,0,0,true,,false,false,false,false,false,,,,,,false,false,false,,,false,false,false,false,false,-83.04738,42.33067,"{
  ""coordinates"": [
    -8.304737481300000e+01,
    4.233066676600000e+01
  ],
  ""type"": ""Point""
}","{
  ""coordinates"": [
    -83.047374813,
    42.330666766
  ],
  ""type"": ""Point""
}",-83.047374813,42.330666766
19026,9662447,N M 39 SERVICE DRIVE,DIVERSEY,2016-03-07,7,3,2016,10,2,4,9,,4,0,,1,1,1,35,2,2,3,5,0,0,0,0,true,,true,true,false,false,false,,,,,,false,true,false,,,false,false,false,false,false,-83.21597,42.3479,"{
  ""coordinates"": [
    -8.321596400999989e+01,
    4.234790023800010e+01
  ],
  ""type"": ""Point""
}","{
  ""coordinates"": [
    -83.21596401,
    42.347900238
  ],
  ""type"": ""Point""
}",-83.2159640099999,42.3479002380001
19027,9645066,GRAND,DEXTER,2016-03-07,7,3,2016,17,2,5,9,,,0,,1,1,1,35,3,2,1,5,0,0,0,0,true,,false,false,true,false,false,,,,,,false,false,false,,,false,false,false,false,false,-83.13198,42.39134,"{
  ""coordinates"": [
    -8.313197975400000e+01,
    4.239133940200000e+01
  ],
  ""type"": ""Point""
}","{
  ""coordinates"": [
    -83.131979754,
    42.391339402
  ],
  ""type"": ""Point""
}",-83.131979754,42.391339402
19028,9647775,FOREST,JOHN C LODGE SERVICE,2016-03-07,7,3,2016,11,2,6,9,,4,0,,1,98,1,25,1,2,1,5,0,0,0,0,true,,false,false,false,false,false,,,,,,false,false,true,,,false,false,false,false,false,-83.07179,42.35172,"{
  ""coordinates"": [
    -8.307179491200000e+01,
    4.235171912600000e+01
  ],
  ""type"": ""Point""
}","{
  ""coordinates"": [
    -83.071794912,
    42.351719126
  ],
  ""type"": ""Point""
}",-83.071794912,42.351719126