ObjectId,Crash ID,Primary Road,Intersecting Road,Crash Date,Day,Month,Year,Hour,Weekday,Crash Type Code,Highway Classification Code,Community Code,Jurisdiction Code,Lane Departure Type Code,Surface Type,Road Condition,Weather Condition,Lighting Condition,Speed Limit,Lanes,Units,Occupants,Most Severe Injury,Fatal Injuries,Suspected Serious Injuries,Suspected Minor Injuries,Possible Injuries,Property Damage Only,Secondary Crash,Traffic Control,Red Light Run,Hit and Run,Alcohol,Drugs,Unbelted Person,Work Zone,Speeding Driver,Distracted Driver,Driveway,Pedestrian,Elderly Driver,Young Driver,Commercial Vehicle,Emergency Vehicles,Train,School Bus,Motorcycle,Bicycle,Deer,Longitude,Latitude,geom,geog,x,y
19029,9645068,CONANT,DAVISON,2016-03-07,7,3,2016,9,2,4,3,,4,0,,1,1,1,30,2,2,2,5,0,0,0,0,true,,false,false,false,false,false,,,,,,false,false,false,,,false,false,false,false,false,-83.06149,42.41555,"{
  ""coordinates"": [
    -8.306149555499999e+01,
    4.241554540900010e+01
  ],
  ""type"": ""Point""
}","{
  ""coordinates"": [
    -83.061495555,
    42.415545409
  ],
  ""type"": ""Point""
}",-83.061495555,42.4155454090001
19030,9654730,GREENFIELD,SCHOOLCRAFT,2016-03-07,7,3,2016,21,2,8,9,,2,0,,1,1,5,35,7,2,1,5,0,0,0,0,true,,false,false,true,false,false,,,,,,false,false,false,,,false,false,false,false,false,-83.19816,42.38702,"{
  ""coordinates"": [
    -8.319816013600000e+01,
    4.238702171200000e+01
  ],
  ""type"": ""Point""
}","{
  ""coordinates"": [
    -83.198160136,
    42.387021712
  ],
  ""type"": ""Point""
}",-83.198160136,42.387021712
19031,9645045,HOLCOMB,VERNOR,2016-03-07,7,3,2016,18,2,5,9,,,0,,1,1,1,35,2,2,1,5,0,0,0,0,true,,false,false,true,false,false,,,,,,false,false,false,,,false,false,false,false,false,-82.99149,42.36486,"{
  ""coordinates"": [
    -8.299148613900000e+01,
    4.236486210200010e+01
  ],
  ""type"": ""Point""
}","{
  ""coordinates"": [
    -82.991486139,
    42.364862102
  ],
  ""type"": ""Point""
}",-82.991486139,42.3648621020001
19032,9646618,SB M-39,GRAND RIVER,2016-03-07,7,3,2016,11,2,5,3,,1,0,,1,1,1,55,3,2,3,5,0,0,0,0,true,,false,false,false,false,false,,,,,,false,true,true,,,false,false,false,false,false,-83.21835,42.39929,"{
  ""coordinates"": [
    -8.321834219399990e+01,
    4.239929203500000e+01
  ],
  ""type"": ""Point""
}","{
  ""coordinates"": [
    -83.218342194,
    42.399292035
  ],
  ""type"": ""Point""
}",-83.2183421939999,42.399292035
19033,9653365,MEYERS,LYNDON,2016-03-07,7,3,2016,2,2,4,9,,4,0,,2,1,4,0,2,2,1,5,0,0,0,0,true,,true,true,true,false,false,,,,,,false,false,true,,,false,false,false,false,false,-83.16904,42.39503,"{
  ""coordinates"": [
    -8.316904475800000e+01,
    4.239502894400000e+01
  ],
  ""type"": ""Point""
}","{
  ""coordinates"": [
    -83.169044758,
    42.395028944
  ],
  ""type"": ""Point""
}",-83.169044758,42.395028944
19034,9646717,CHICAGO,W I 96,2016-03-07,7,3,2016,10,2,4,9,,4,0,,1,1,1,35,4,2,1,5,0,0,0,0,true,,false,false,true,false,false,,,,,,false,false,true,,,false,false,false,false,false,-83.13979,42.36769,"{
  ""coordinates"": [
    -8.313978428199989e+01,
    4.236769564100010e+01
  ],
  ""type"": ""Point""
}","{
  ""coordinates"": [
    -83.139784282,
    42.367695641
  ],
  ""type"": ""Point""
}",-83.1397842819999,42.3676956410001
19035,9649368,HUNTINGTON,PEMBROKE,2016-03-07,7,3,2016,19,2,5,9,,,0,,1,1,4,25,2,2,2,5,0,0,0,0,true,,false,false,true,false,false,,,,,,false,false,false,,,false,false,false,false,false,-83.2338,42.43663,"{
  ""coordinates"": [
    -8.323379381500000e+01,
    4.243663015900010e+01
  ],
  ""type"": ""Point""
}","{
  ""coordinates"": [
    -83.233793815,
    42.436630159
  ],
  ""type"": ""Point""
}",-83.233793815,42.4366301590001
19036,9646720,SCHAEFER,LYNDON,2016-03-07,7,3,2016,17,2,5,9,,4,0,,1,98,98,30,2,2,2,5,0,0,0,0,true,,false,false,false,false,false,,,,,,false,true,false,,,false,false,false,false,false,-83.17879,42.39469,"{
  ""coordinates"": [
    -8.317878641100000e+01,
    4.239469255400010e+01
  ],
  ""type"": ""Point""
}","{
  ""coordinates"": [
    -83.178786411,
    42.394692554
  ],
  ""type"": ""Point""
}",-83.178786411,42.3946925540001
19037,9646593,W I 96,E I 94,2016-03-07,7,3,2016,5,2,97,1,,1,0,,2,2,4,55,4,2,2,2,0,1,0,1,false,,false,false,false,false,false,,,,,,false,false,true,,,false,false,false,false,false,-83.09897,42.35012,"{
  ""coordinates"": [
    -8.309897090299999e+01,
    4.235012302700010e+01
  ],
  ""type"": ""Point""
}","{
  ""coordinates"": [
    -83.098970903,
    42.350123027
  ],
  ""type"": ""Point""
}",-83.098970903,42.3501230270001
19038,9645785,GRATIOT,VAN DYKE,2016-03-07,7,3,2016,16,2,5,3,,1,0,,1,1,1,35,2,2,2,5,0,0,0,0,true,,false,false,false,false,false,,,,,,false,false,false,,,false,false,false,false,false,-83.01466,42.37885,"{
  ""coordinates"": [
    -8.301466208200000e+01,
    4.237884744000010e+01
  ],
  ""type"": ""Point""
}","{
  ""coordinates"": [
    -83.014662082,
    42.37884744
  ],
  ""type"": ""Point""
}",-83.014662082,42.3788474400001
19039,9650033,M 39,SCHOOLCRAFT,2016-03-07,7,3,2016,10,2,8,3,,1,0,,1,1,1,55,3,2,2,5,0,0,0,0,true,,false,false,false,false,false,,,,,,false,false,false,,,false,false,false,false,false,-83.21771,42.38643,"{
  ""coordinates"": [
    -8.321771509599991e+01,
    4.238643200100010e+01
  ],
  ""type"": ""Point""
}","{
  ""coordinates"": [
    -83.217715096,
    42.386432001
  ],
  ""type"": ""Point""
}",-83.2177150959999,42.3864320010001
19040,9645769,WEXFORD,REMINGTON,2016-03-07,7,3,2016,18,2,1,9,,,0,,1,1,1,25,2,2,1,4,0,0,0,1,false,,false,false,false,false,false,,,,,,true,true,false,,,false,false,false,false,false,-83.0657,42.44269,"{
  ""coordinates"": [
    -8.306569315800000e+01,
    4.244268671300010e+01
  ],
  ""type"": ""Point""
}","{
  ""coordinates"": [
    -83.065693158,
    42.442686713
  ],
  ""type"": ""Point""
}",-83.065693158,42.4426867130001
19041,9646718,MEYER,SCHOOLCRAFT,2016-03-07,7,3,2016,12,2,3,9,,4,0,,1,2,1,30,2,3,4,4,0,0,0,2,false,,true,true,false,false,false,,,,,,false,false,true,,,false,false,false,false,false,-83.16871,42.38822,"{
  ""coordinates"": [
    -8.316871146100000e+01,
    4.238821764600000e+01
  ],
  ""type"": ""Point""
}","{
  ""coordinates"": [
    -83.168711461,
    42.388217646
  ],
  ""type"": ""Point""
}",-83.168711461,42.388217646
19042,9646719,OHIO,BELTON,2016-03-07,7,3,2016,15,2,4,9,,,0,,1,2,1,25,1,2,3,4,0,0,0,2,false,,true,false,false,false,false,,,,,,false,false,true,,,false,false,false,false,false,-83.15277,42.35422,"{
  ""coordinates"": [
    -8.315277107299990e+01,
    4.235421674400000e+01
  ],
  ""type"": ""Point""
}","{
  ""coordinates"": [
    -83.152771073,
    42.354216744
  ],
  ""type"": ""Point""
}",-83.1527710729999,42.354216744
19043,9673430,PALLISTER,RAMP 115A,2016-03-07,7,3,2016,15,2,4,3,,4,0,,1,1,1,0,2,2,4,5,0,0,0,0,true,,true,false,false,false,false,,,,,,false,false,false,,,false,false,false,false,false,-83.08427,42.37019,"{
  ""coordinates"": [
    -8.308427162800000e+01,
    4.237018638700000e+01
  ],
  ""type"": ""Point""
}","{
  ""coordinates"": [
    -83.084271628,
    42.370186387
  ],
  ""type"": ""Point""
}",-83.084271628,42.370186387
19044,9645061,RIVARD,MACK,2016-03-07,7,3,2016,17,2,1,9,,,0,,1,1,1,35,2,2,1,4,0,0,0,1,false,,false,false,false,false,false,,,,,,true,true,false,,,false,false,false,false,false,-83.04592,42.35193,"{
  ""coordinates"": [
    -8.304591856300000e+01,
    4.235192904700010e+01
  ],
  ""type"": ""Point""
}","{
  ""coordinates"": [
    -83.045918563,
    42.351929047
  ],
  ""type"": ""Point""
}",-83.045918563,42.3519290470001
19045,9677746,DICKERSON,JEFFERSON,2016-03-07,7,3,2016,10,2,8,9,,4,0,,1,1,1,25,4,2,1,5,0,0,0,0,true,,true,true,true,false,false,,,,,,false,true,false,,,false,false,false,false,false,-82.9528,42.37068,"{
  ""coordinates"": [
    -8.295280627699999e+01,
    4.237067956600000e+01
  ],
  ""type"": ""Point""
}","{
  ""coordinates"": [
    -82.952806277,
    42.370679566
  ],
  ""type"": ""Point""
}",-82.952806277,42.370679566
19046,9646735,REDFORD,GRAND RIVER,2016-03-07,7,3,2016,15,2,8,3,,4,0,,1,1,1,25,2,2,2,5,0,0,0,0,true,,false,false,false,false,false,,,,,,false,false,false,,,false,false,false,false,false,-83.25842,42.41695,"{
  ""coordinates"": [
    -8.325841769899991e+01,
    4.241694966700000e+01
  ],
  ""type"": ""Point""
}","{
  ""coordinates"": [
    -83.258417699,
    42.416949667
  ],
  ""type"": ""Point""
}",-83.2584176989999,42.416949667
19047,9649201,M 39,SCHOOLCRAFT,2016-03-07,7,3,2016,10,2,5,3,,1,0,,1,1,1,55,3,2,2,5,0,0,0,0,true,,false,false,false,false,false,,,,,,false,false,true,,,false,false,false,false,false,-83.21776,42.38754,"{
  ""coordinates"": [
    -8.321775491299999e+01,
    4.238753422900000e+01
  ],
  ""type"": ""Point""
}","{
  ""coordinates"": [
    -83.217754913,
    42.387534229
  ],
  ""type"": ""Point""
}",-83.217754913,42.387534229
19048,9647761,ROCHELLE,HAYES,2016-03-07,7,3,2016,3,2,8,9,,,0,,1,2,4,25,3,2,1,5,0,0,0,0,true,,false,false,true,false,false,,,,,,false,false,false,,,false,false,false,false,false,-82.96882,42.42315,"{
  ""coordinates"": [
    -8.296881930799999e+01,
    4.242314377500000e+01
  ],
  ""type"": ""Point""
}","{
  ""coordinates"": [
    -82.968819308,
    42.423143775
  ],
  ""type"": ""Point""
}",-82.968819308,42.423143775
19049,9649200,M 10,WYOMING,2016-03-07,7,3,2016,9,2,5,3,,1,0,,1,1,1,55,3,2,2,5,0,0,0,0,true,,false,false,false,false,false,,,,,,false,true,false,,,false,false,false,false,false,-83.16103,42.40569,"{
  ""coordinates"": [
    -8.316103541299999e+01,
    4.240568567500000e+01
  ],
  ""type"": ""Point""
}","{
  ""coordinates"": [
    -83.161035413,
    42.405685675
  ],
  ""type"": ""Point""
}",-83.161035413,42.405685675
19050,9645766,ALTER,VERNOR,2016-03-07,7,3,2016,11,2,5,9,,4,0,,1,1,1,35,2,2,3,4,0,0,0,1,false,,false,false,false,false,false,,,,,,false,true,false,,,false,false,false,false,false,-82.9444,42.38224,"{
  ""coordinates"": [
    -8.294439676499999e+01,
    4.238224022800010e+01
  ],
  ""type"": ""Point""
}","{
  ""coordinates"": [
    -82.944396765,
    42.382240228
  ],
  ""type"": ""Point""
}",-82.944396765,42.3822402280001
19051,9645634,W I 96,DAVISON CROSSOVER,2016-03-07,7,3,2016,22,2,1,1,,1,1,,2,1,5,55,3,1,1,5,0,0,0,0,true,,false,false,false,false,false,,,,,,false,false,true,,,false,false,false,false,false,-83.16017,42.38543,"{
  ""coordinates"": [
    -8.316016943400000e+01,
    4.238542792900010e+01
  ],
  ""type"": ""Point""
}","{
  ""coordinates"": [
    -83.160169434,
    42.385427929
  ],
  ""type"": ""Point""
}",-83.160169434,42.3854279290001
19052,9649206,I-375,LAFAYETTE,2016-03-07,7,3,2016,8,2,5,1,,1,0,,2,1,1,55,4,2,2,5,0,0,0,0,true,,false,false,false,false,false,,,,,,false,false,true,,,false,false,false,false,false,-83.03825,42.3361,"{
  ""coordinates"": [
    -8.303824479600000e+01,
    4.233609802000010e+01
  ],
  ""type"": ""Point""
}","{
  ""coordinates"": [
    -83.038244796,
    42.33609802
  ],
  ""type"": ""Point""
}",-83.038244796,42.3360980200001
19053,9646737,OUTER,SOUTHFIELD SERVICE DRIVE,2016-03-07,7,3,2016,7,2,4,9,,2,0,,2,1,1,35,3,2,2,5,0,0,0,0,true,,true,true,false,false,false,,,,,,false,false,false,,,false,false,false,false,false,-83.21859,42.41908,"{
  ""coordinates"": [
    -8.321858684400000e+01,
    4.241907667400010e+01
  ],
  ""type"": ""Point""
}","{
  ""coordinates"": [
    -83.218586844,
    42.419076674
  ],
  ""type"": ""Point""
}",-83.218586844,42.4190766740001
19054,9644935,I-75,DEARBORN,2016-03-07,7,3,2016,0,2,1,1,,1,1,,2,2,4,70,4,1,2,3,0,0,2,0,false,,false,false,false,false,false,,,,,,false,false,false,,,false,false,false,false,false,-83.12749,42.2935,"{
  ""coordinates"": [
    -8.312749358100000e+01,
    4.229350282200010e+01
  ],
  ""type"": ""Point""
}","{
  ""coordinates"": [
    -83.127493581,
    42.293502822
  ],
  ""type"": ""Point""
}",-83.127493581,42.2935028220001
19055,9656636,WARREN,S M 10 SERVICE DRIVE,2016-03-07,7,3,2016,12,2,3,9,,4,0,,1,1,1,30,7,2,2,5,0,0,0,0,true,,false,false,false,false,false,,,,,,false,true,false,,,false,false,false,false,false,-83.07375,42.35365,"{
  ""coordinates"": [
    -8.307374251800000e+01,
    4.235365268500000e+01
  ],
  ""type"": ""Point""
}","{
  ""coordinates"": [
    -83.073742518,
    42.353652685
  ],
  ""type"": ""Point""
}",-83.073742518,42.353652685
19056,9646630,I-75,SEVEN MILE,2016-03-07,7,3,2016,21,2,8,1,,1,0,,2,2,4,70,3,2,1,5,0,0,0,0,true,,false,false,true,false,false,,,,,,false,false,false,,,false,false,false,false,false,-83.09484,42.4318,"{
  ""coordinates"": [
    -8.309484400400000e+01,
    4.243179592900000e+01
  ],
  ""type"": ""Point""
}","{
  ""coordinates"": [
    -83.094844004,
    42.431795929
  ],
  ""type"": ""Point""
}",-83.094844004,42.431795929
19057,9645801,BRUSH,FREDERICK,2016-03-07,7,3,2016,12,2,97,9,,4,1,,1,1,1,25,4,2,2,5,0,0,0,0,true,,false,false,false,false,true,,,,,,false,false,false,,,false,false,false,true,false,-83.06054,42.35973,"{
  ""coordinates"": [
    -8.306053808999999e+01,
    4.235972618600000e+01
  ],
  ""type"": ""Point""
}","{
  ""coordinates"": [
    -83.06053809,
    42.359726186
  ],
  ""type"": ""Point""
}",-83.06053809,42.359726186
19058,9654669,GRATIOT,CHENE,2016-03-07,7,3,2016,14,2,7,3,,1,0,,1,1,1,35,6,2,2,5,0,0,0,0,true,,false,false,false,false,false,,,,,,false,false,false,,,false,false,false,false,false,-83.03228,42.35213,"{
  ""coordinates"": [
    -8.303227872399999e+01,
    4.235212636800000e+01
  ],
  ""type"": ""Point""
}","{
  ""coordinates"": [
    -83.032278724,
    42.352126368
  ],
  ""type"": ""Point""
}",-83.032278724,42.352126368
19059,9647741,LARNED,GRISWOLD,2016-03-07,7,3,2016,8,2,8,9,,4,0,,1,2,4,30,3,2,2,5,0,0,0,0,true,,true,true,false,false,false,,,,,,false,false,false,,,false,false,false,false,false,-83.04609,42.32904,"{
  ""coordinates"": [
    -8.304609212500000e+01,
    4.232904046500000e+01
  ],
  ""type"": ""Point""
}","{
  ""coordinates"": [
    -83.046092125,
    42.329040465
  ],
  ""type"": ""Point""
}",-83.046092125,42.329040465
19060,9646723,MCNICHOLS,LINDSAY,2016-03-07,7,3,2016,16,2,5,9,,2,0,,1,1,1,35,2,2,2,5,0,0,0,0,true,,false,false,false,false,false,,,,,,false,false,false,,,false,false,false,false,false,-83.21341,42.41566,"{
  ""coordinates"": [
    -8.321341304799989e+01,
    4.241566076100000e+01
  ],
  ""type"": ""Point""
}","{
  ""coordinates"": [
    -83.213413048,
    42.415660761
  ],
  ""type"": ""Point""
}",-83.2134130479999,42.415660761
19061,9676939,GRAND,VERNOR,2016-03-07,7,3,2016,17,2,97,9,,4,0,,1,1,1,25,2,2,1,5,0,0,0,0,true,,false,false,true,false,false,,,,,,false,false,false,,,false,false,false,true,false,-83.08963,42.32332,"{
  ""coordinates"": [
    -8.308963141700001e+01,
    4.232332084600010e+01
  ],
  ""type"": ""Point""
}","{
  ""coordinates"": [
    -83.089631417,
    42.323320846
  ],
  ""type"": ""Point""
}",-83.089631417,42.3233208460001
19062,9650030,I-94,M-10,2016-03-07,7,3,2016,18,2,8,1,,1,0,,1,1,1,70,3,2,2,5,0,0,0,0,true,,false,false,false,false,false,,,,,,false,false,false,,,false,false,false,false,false,-83.078,42.35782,"{
  ""coordinates"": [
    -8.307799746700000e+01,
    4.235782116000010e+01
  ],
  ""type"": ""Point""
}","{
  ""coordinates"": [
    -83.077997467,
    42.35782116
  ],
  ""type"": ""Point""
}",-83.077997467,42.3578211600001
19063,9645046,BUCHANAN,JUNCTION,2016-03-07,7,3,2016,8,2,8,9,,4,0,,1,1,1,25,2,2,2,5,0,0,0,0,true,,false,false,false,false,false,,,,,,false,false,false,,,false,false,false,false,false,-83.11459,42.33516,"{
  ""coordinates"": [
    -8.311458954499990e+01,
    4.233515605000010e+01
  ],
  ""type"": ""Point""
}","{
  ""coordinates"": [
    -83.114589545,
    42.33515605
  ],
  ""type"": ""Point""
}",-83.1145895449999,42.3351560500001
19064,9646734,GRAND RIVER,FERGUSON,2016-03-07,7,3,2016,13,2,4,3,,1,0,,1,1,1,40,4,2,2,5,0,0,0,0,true,,false,false,false,false,false,,,,,,false,false,false,,,false,false,false,false,false,-83.21134,42.3979,"{
  ""coordinates"": [
    -8.321134218899989e+01,
    4.239789803500000e+01
  ],
  ""type"": ""Point""
}","{
  ""coordinates"": [
    -83.211342189,
    42.397898035
  ],
  ""type"": ""Point""
}",-83.2113421889999,42.397898035
19065,9645792,8 MILE,MEYERS,2016-03-07,7,3,2016,13,2,5,3,,1,0,,1,1,1,40,4,2,2,5,0,0,0,0,true,,false,false,false,false,false,,,,,,false,false,false,,,false,false,false,false,false,-83.17107,42.4454,"{
  ""coordinates"": [
    -8.317107087999990e+01,
    4.244540104300010e+01
  ],
  ""type"": ""Point""
}","{
  ""coordinates"": [
    -83.17107088,
    42.445401043
  ],
  ""type"": ""Point""
}",-83.1710708799999,42.4454010430001
19066,9649205,I-75,SPRINGWELLS,2016-03-07,7,3,2016,8,2,97,1,,1,1,,2,1,1,70,4,1,1,5,0,0,0,0,true,,false,false,false,false,false,,,,,,false,false,false,,,false,false,false,false,false,-83.12029,42.30089,"{
  ""coordinates"": [
    -8.312029605899990e+01,
    4.230088824100010e+01
  ],
  ""type"": ""Point""
}","{
  ""coordinates"": [
    -83.120296059,
    42.300888241
  ],
  ""type"": ""Point""
}",-83.1202960589999,42.3008882410001
19067,9654650,GREENFIELD,HEMLOCK,2016-03-06,6,3,2016,16,1,3,9,,2,0,,1,1,1,35,7,2,5,5,0,0,0,0,true,,false,false,false,false,false,,,,,,false,true,false,,,false,false,false,false,false,-83.19904,42.40965,"{
  ""coordinates"": [
    -8.319904706999991e+01,
    4.240965047700010e+01
  ],
  ""type"": ""Point""
}","{
  ""coordinates"": [
    -83.19904707,
    42.409650477
  ],
  ""type"": ""Point""
}",-83.1990470699999,42.4096504770001
19068,9651496,JOY,ARTESIAN,2016-03-06,6,3,2016,5,1,4,9,,2,0,,1,1,4,35,5,2,2,5,0,0,0,0,true,,false,false,true,false,false,,,,,,false,false,false,,,false,false,false,false,false,-83.22618,42.35771,"{
  ""coordinates"": [
    -8.322618372999990e+01,
    4.235770728200000e+01
  ],
  ""type"": ""Point""
}","{
  ""coordinates"": [
    -83.22618373,
    42.357707282
  ],
  ""type"": ""Point""
}",-83.2261837299999,42.357707282
19069,9645051,LAHSER,PICKFORD,2016-03-06,6,3,2016,20,1,1,9,,2,1,,3,1,4,25,2,1,1,5,0,0,0,0,true,,false,false,false,false,false,,,,,,false,false,false,,,false,false,false,false,false,-83.25819,42.42375,"{
  ""coordinates"": [
    -8.325819100900000e+01,
    4.242374913800010e+01
  ],
  ""type"": ""Point""
}","{
  ""coordinates"": [
    -83.258191009,
    42.423749138
  ],
  ""type"": ""Point""
}",-83.258191009,42.4237491380001
19070,9645060,PLYMOUTH,GRANDMONT,2016-03-06,6,3,2016,8,1,97,9,,4,0,,4,1,1,35,4,1,0,5,0,0,0,0,true,,false,false,true,false,false,,,,,,false,false,false,,,false,false,false,false,false,-83.20959,42.37239,"{
  ""coordinates"": [
    -8.320959257700000e+01,
    4.237239231100010e+01
  ],
  ""type"": ""Point""
}","{
  ""coordinates"": [
    -83.209592577,
    42.372392311
  ],
  ""type"": ""Point""
}",-83.209592577,42.3723923110001
19071,9644176,SEVEN MILE,BLACKSTONE,2016-03-06,6,3,2016,2,1,5,9,,2,0,,1,1,4,35,4,2,1,5,0,0,0,0,true,,false,false,false,false,false,,,,,,false,false,true,,,false,false,false,false,false,-83.25064,42.42929,"{
  ""coordinates"": [
    -8.325064446800000e+01,
    4.242928891100010e+01
  ],
  ""type"": ""Point""
}","{
  ""coordinates"": [
    -83.250644468,
    42.429288911
  ],
  ""type"": ""Point""
}",-83.250644468,42.4292889110001
19072,9644164,APPOLINE,CURTIS,2016-03-06,6,3,2016,14,1,8,9,,,0,,1,1,1,25,1,2,3,5,0,0,0,0,true,,false,false,false,false,false,,,,,,false,false,true,,,false,false,false,false,false,-83.17154,42.42398,"{
  ""coordinates"": [
    -8.317154282900000e+01,
    4.242397645800000e+01
  ],
  ""type"": ""Point""
}","{
  ""coordinates"": [
    -83.171542829,
    42.423976458
  ],
  ""type"": ""Point""
}",-83.171542829,42.423976458
19073,9645062,BEACONSFIELD,KINGSVILLE,2016-03-06,6,3,2016,23,1,4,9,,4,0,,2,1,4,25,2,2,4,4,0,0,0,1,false,,true,false,false,false,false,,,,,,false,false,true,,,false,false,false,false,false,-82.94041,42.43133,"{
  ""coordinates"": [
    -8.294040644700000e+01,
    4.243132723100010e+01
  ],
  ""type"": ""Point""
}","{
  ""coordinates"": [
    -82.940406447,
    42.431327231
  ],
  ""type"": ""Point""
}",-82.940406447,42.4313272310001
19074,9644168,VINEWOOD,LAFAYETTE,2016-03-06,6,3,2016,7,1,97,9,,,3,,97,98,98,0,4,2,0,5,0,0,0,0,true,,false,false,true,false,false,,,,,,false,false,false,,,false,false,false,false,false,-83.08627,42.31638,"{
  ""coordinates"": [
    -8.308627364099991e+01,
    4.231637840400000e+01
  ],
  ""type"": ""Point""
}","{
  ""coordinates"": [
    -83.086273641,
    42.316378404
  ],
  ""type"": ""Point""
}",-83.0862736409999,42.316378404
19075,9646612,W I 94,CONNER,2016-03-06,6,3,2016,16,1,1,1,,1,1,,1,2,1,55,3,1,1,5,0,0,0,0,true,,false,false,false,false,false,,,,,,false,false,false,,,false,false,false,false,false,-82.98801,42.39645,"{
  ""coordinates"": [
    -8.298800464200001e+01,
    4.239645311400010e+01
  ],
  ""type"": ""Point""
}","{
  ""coordinates"": [
    -82.988004642,
    42.396453114
  ],
  ""type"": ""Point""
}",-82.988004642,42.3964531140001
19076,9642826,I 94,CADIEUX,2016-03-06,6,3,2016,1,1,1,1,,1,1,,1,1,4,55,3,1,1,5,0,0,0,0,true,,false,false,false,false,false,,,,,,false,false,false,,,false,false,false,false,false,-82.93716,42.41737,"{
  ""coordinates"": [
    -8.293715569200000e+01,
    4.241736652800010e+01
  ],
  ""type"": ""Point""
}","{
  ""coordinates"": [
    -82.937155692,
    42.417366528
  ],
  ""type"": ""Point""
}",-82.937155692,42.4173665280001
19077,9649326,CLARK,CHRISTIANCY,2016-03-06,6,3,2016,1,1,97,9,,4,3,,1,1,4,0,3,2,0,5,0,0,0,0,true,,false,false,true,false,false,,,,,,false,false,false,,,false,false,false,false,false,-83.09425,42.31807,"{
  ""coordinates"": [
    -8.309425568499999e+01,
    4.231807345000000e+01
  ],
  ""type"": ""Point""
}","{
  ""coordinates"": [
    -83.094255685,
    42.31807345
  ],
  ""type"": ""Point""
}",-83.094255685,42.31807345
19078,9654672,HUBBELL,ELMIRA,2016-03-06,6,3,2016,3,1,5,9,,4,0,,1,1,1,25,3,2,0,5,0,0,0,0,true,,false,false,true,false,false,,,,,,false,false,false,,,false,false,false,false,false,-83.18766,42.37045,"{
  ""coordinates"": [
    -8.318766324099990e+01,
    4.237045372100000e+01
  ],
  ""type"": ""Point""
}","{
  ""coordinates"": [
    -83.187663241,
    42.370453721
  ],
  ""type"": ""Point""
}",-83.1876632409999,42.370453721
19079,9646697,BETHUNE,SECOND,2016-03-06,6,3,2016,12,1,1,9,,,1,,1,1,1,25,2,1,1,5,0,0,0,0,true,,false,false,false,false,false,,,,,,false,false,false,,,false,false,false,false,false,-83.07841,42.37104,"{
  ""coordinates"": [
    -8.307840385100000e+01,
    4.237104065300010e+01
  ],
  ""type"": ""Point""
}","{
  ""coordinates"": [
    -83.078403851,
    42.371040653
  ],
  ""type"": ""Point""
}",-83.078403851,42.3710406530001
19080,9649315,VERNOR,LAWNDALE,2016-03-06,6,3,2016,3,1,97,9,,4,1,,1,1,4,25,2,1,1,5,0,0,0,0,true,,false,false,true,false,false,,,,,,false,false,false,,,false,false,false,false,false,-83.13268,42.30921,"{
  ""coordinates"": [
    -8.313267393699989e+01,
    4.230921134300010e+01
  ],
  ""type"": ""Point""
}","{
  ""coordinates"": [
    -83.132673937,
    42.309211343
  ],
  ""type"": ""Point""
}",-83.1326739369999,42.3092113430001
19081,9644159,ROBINWOOD,ROGGE,2016-03-06,6,3,2016,2,1,1,9,,,1,,1,1,4,25,2,1,0,5,0,0,0,0,true,,false,false,false,false,false,,,,,,false,false,false,,,false,false,false,false,false,-83.02807,42.43208,"{
  ""coordinates"": [
    -8.302807234900000e+01,
    4.243208315300010e+01
  ],
  ""type"": ""Point""
}","{
  ""coordinates"": [
    -83.028072349,
    42.432083153
  ],
  ""type"": ""Point""
}",-83.028072349,42.4320831530001
19082,9646625,MEYERS,N M 10,2016-03-06,6,3,2016,9,1,4,9,,4,0,,1,2,1,35,3,2,2,5,0,0,0,0,true,,false,false,true,false,false,,,,,,false,true,false,,,false,false,false,false,false,-83.16999,42.41436,"{
  ""coordinates"": [
    -8.316999152800000e+01,
    4.241435705900010e+01
  ],
  ""type"": ""Point""
}","{
  ""coordinates"": [
    -83.169991528,
    42.414357059
  ],
  ""type"": ""Point""
}",-83.169991528,42.4143570590001
19083,9644155,CHANDLER PARK,MARSEILLES,2016-03-06,6,3,2016,10,1,4,9,,2,0,,6,1,1,25,4,2,4,4,0,0,0,2,false,,false,false,false,false,false,,,,,,false,true,false,,,false,false,false,false,false,-82.92447,42.41406,"{
  ""coordinates"": [
    -8.292446798299990e+01,
    4.241405803000000e+01
  ],
  ""type"": ""Point""
}","{
  ""coordinates"": [
    -82.924467983,
    42.41405803
  ],
  ""type"": ""Point""
}",-82.9244679829999,42.41405803
19084,9644934,I-94,RUSSELL,2016-03-06,6,3,2016,20,1,8,1,,1,0,,1,2,4,55,3,2,2,5,0,0,0,0,true,,false,false,false,false,false,,,,,,false,false,false,,,false,false,false,false,false,-83.0574,42.36885,"{
  ""coordinates"": [
    -8.305739459700000e+01,
    4.236885112500000e+01
  ],
  ""type"": ""Point""
}","{
  ""coordinates"": [
    -83.057394597,
    42.368851125
  ],
  ""type"": ""Point""
}",-83.057394597,42.368851125
19085,9644177,7 MILE,OUTER,2016-03-06,6,3,2016,16,1,4,9,,4,0,,2,1,1,35,2,2,1,5,0,0,0,0,true,,false,false,true,false,false,,,,,,false,false,false,,,false,false,false,false,false,-83.01431,42.43417,"{
  ""coordinates"": [
    -8.301431334599989e+01,
    4.243416971700000e+01
  ],
  ""type"": ""Point""
}","{
  ""coordinates"": [
    -83.014313346,
    42.434169717
  ],
  ""type"": ""Point""
}",-83.0143133459999,42.434169717