ObjectId,Crash ID,Primary Road,Intersecting Road,Crash Date,Day,Month,Year,Hour,Weekday,Crash Type Code,Highway Classification Code,Community Code,Jurisdiction Code,Lane Departure Type Code,Surface Type,Road Condition,Weather Condition,Lighting Condition,Speed Limit,Lanes,Units,Occupants,Most Severe Injury,Fatal Injuries,Suspected Serious Injuries,Suspected Minor Injuries,Possible Injuries,Property Damage Only,Secondary Crash,Traffic Control,Red Light Run,Hit and Run,Alcohol,Drugs,Unbelted Person,Work Zone,Speeding Driver,Distracted Driver,Driveway,Pedestrian,Elderly Driver,Young Driver,Commercial Vehicle,Emergency Vehicles,Train,School Bus,Motorcycle,Bicycle,Deer,Longitude,Latitude,geom,geog,x,y
19086,9647677,M-39,FENKELL,2016-03-06,6,3,2016,10,1,1,3,,1,1,,1,1,1,55,3,1,1,2,0,1,0,0,false,,false,false,false,false,false,,,,,,false,false,false,,,false,false,false,false,false,-83.21835,42.40328,"{
  ""coordinates"": [
    -8.321835149000000e+01,
    4.240328191400000e+01
  ],
  ""type"": ""Point""
}","{
  ""coordinates"": [
    -83.21835149,
    42.403281914
  ],
  ""type"": ""Point""
}",-83.21835149,42.403281914
19087,9649335,TORONTO,LIDDESDALE,2016-03-06,6,3,2016,2,1,5,9,,,0,,3,1,2,25,2,2,2,5,0,0,0,0,true,,false,false,true,false,false,,,,,,false,false,false,,,false,false,false,false,false,-83.15011,42.27681,"{
  ""coordinates"": [
    -8.315011089700000e+01,
    4.227681345300000e+01
  ],
  ""type"": ""Point""
}","{
  ""coordinates"": [
    -83.150110897,
    42.276813453
  ],
  ""type"": ""Point""
}",-83.150110897,42.276813453
19088,9644183,7 MILE,IRVINGTON,2016-03-06,6,3,2016,3,1,1,9,,4,1,,2,5,4,35,1,1,1,5,0,0,0,0,true,,false,false,false,false,false,,,,,,false,false,false,,,false,false,false,false,false,-83.09824,42.43236,"{
  ""coordinates"": [
    -8.309823308599989e+01,
    4.243236052900010e+01
  ],
  ""type"": ""Point""
}","{
  ""coordinates"": [
    -83.098233086,
    42.432360529
  ],
  ""type"": ""Point""
}",-83.0982330859999,42.4323605290001
19089,9644147,6 MILE,PREVOST,2016-03-06,6,3,2016,3,1,4,9,,2,0,,1,1,4,35,4,2,2,4,0,0,0,1,false,,false,false,true,false,false,,,,,,false,false,true,,,false,false,false,false,false,-83.20351,42.41587,"{
  ""coordinates"": [
    -8.320350914499990e+01,
    4.241587475400010e+01
  ],
  ""type"": ""Point""
}","{
  ""coordinates"": [
    -83.203509145,
    42.415874754
  ],
  ""type"": ""Point""
}",-83.2035091449999,42.4158747540001
19090,9685561,HARPER,GRAYTON,2016-03-06,6,3,2016,0,1,5,9,,4,0,,2,1,4,30,2,3,2,5,0,0,0,0,true,,false,false,true,false,false,,,,,,false,false,true,,,false,false,false,false,false,-82.93858,42.41528,"{
  ""coordinates"": [
    -8.293858158400000e+01,
    4.241528225000010e+01
  ],
  ""type"": ""Point""
}","{
  ""coordinates"": [
    -82.938581584,
    42.41528225
  ],
  ""type"": ""Point""
}",-82.938581584,42.4152822500001
19091,9646740,MCNICHOLS,PREVOST,2016-03-06,6,3,2016,4,1,97,9,,2,0,,97,98,98,35,4,2,1,5,0,0,0,0,true,,false,false,true,false,false,,,,,,false,false,false,,,false,false,false,false,false,-83.20354,42.41587,"{
  ""coordinates"": [
    -8.320354815300000e+01,
    4.241587392700010e+01
  ],
  ""type"": ""Point""
}","{
  ""coordinates"": [
    -83.203548153,
    42.415873927
  ],
  ""type"": ""Point""
}",-83.203548153,42.4158739270001
19092,9644153,BEATRICE,VISGER,2016-03-06,6,3,2016,6,1,5,9,,,0,,1,1,4,25,2,2,1,5,0,0,0,0,true,,false,false,true,false,false,,,,,,false,false,false,,,false,false,false,false,false,-83.15658,42.26603,"{
  ""coordinates"": [
    -8.315657479799999e+01,
    4.226602522000010e+01
  ],
  ""type"": ""Point""
}","{
  ""coordinates"": [
    -83.156574798,
    42.26602522
  ],
  ""type"": ""Point""
}",-83.156574798,42.2660252200001
19093,9644181,GODDARD,EMERY,2016-03-06,6,3,2016,3,1,2,9,,,2,,1,1,5,25,2,2,0,5,0,0,0,0,true,,false,false,false,false,false,,,,,,false,false,false,,,false,false,false,false,false,-83.07807,42.43517,"{
  ""coordinates"": [
    -8.307806909800000e+01,
    4.243517401000000e+01
  ],
  ""type"": ""Point""
}","{
  ""coordinates"": [
    -83.078069098,
    42.43517401
  ],
  ""type"": ""Point""
}",-83.078069098,42.43517401
19094,9644166,CHARLOTTE,SECOND,2016-03-06,6,3,2016,19,1,97,9,,,0,,6,1,4,25,2,2,1,5,0,0,0,0,true,,false,false,false,false,false,,,,,,false,false,false,,,false,false,false,false,false,-83.06152,42.34235,"{
  ""coordinates"": [
    -8.306151932499991e+01,
    4.234235254600000e+01
  ],
  ""type"": ""Point""
}","{
  ""coordinates"": [
    -83.061519325,
    42.342352546
  ],
  ""type"": ""Point""
}",-83.0615193249999,42.342352546
19095,9661511,GRATIOT,PARK GROVE,2016-03-06,6,3,2016,6,1,1,3,,1,0,,1,1,4,25,2,1,1,5,0,0,0,0,true,,false,false,false,false,false,,,,,,false,false,false,,,false,false,false,false,false,-82.98119,42.42977,"{
  ""coordinates"": [
    -8.298118733500000e+01,
    4.242976718400010e+01
  ],
  ""type"": ""Point""
}","{
  ""coordinates"": [
    -82.981187335,
    42.429767184
  ],
  ""type"": ""Point""
}",-82.981187335,42.4297671840001
19096,9642824,E/B DAVISON,M 10,2016-03-06,6,3,2016,2,1,5,9,,,0,,1,1,4,55,3,2,2,5,0,0,0,0,true,,false,false,false,false,false,,,,,,false,false,true,,,false,false,false,false,false,-83.08972,42.38207,"{
  ""coordinates"": [
    -8.308972076700000e+01,
    4.238207229200000e+01
  ],
  ""type"": ""Point""
}","{
  ""coordinates"": [
    -83.089720767,
    42.382072292
  ],
  ""type"": ""Point""
}",-83.089720767,42.382072292
19097,9645072,LIVERNOIS,FLORENCE,2016-03-06,6,3,2016,2,1,4,9,,4,0,,1,1,4,30,2,2,1,4,0,0,0,1,false,,false,false,true,false,false,,,,,,false,false,false,,,false,false,false,false,false,-83.1405,42.41233,"{
  ""coordinates"": [
    -8.314050582999990e+01,
    4.241233446600010e+01
  ],
  ""type"": ""Point""
}","{
  ""coordinates"": [
    -83.14050583,
    42.412334466
  ],
  ""type"": ""Point""
}",-83.1405058299999,42.4123344660001
19098,9645800,WARREN,TRUMBULL,2016-03-06,6,3,2016,10,1,5,9,,4,0,,2,2,1,30,3,3,1,5,0,0,0,0,true,,false,false,false,false,false,,,,,,false,false,true,,,false,false,false,false,false,-83.07868,42.3521,"{
  ""coordinates"": [
    -8.307868354899990e+01,
    4.235210328900010e+01
  ],
  ""type"": ""Point""
}","{
  ""coordinates"": [
    -83.078683549,
    42.352103289
  ],
  ""type"": ""Point""
}",-83.0786835489999,42.3521032890001
19099,9644167,GRAND RIVER,TAFT,2016-03-06,6,3,2016,16,1,5,3,,1,0,,1,1,1,35,6,2,2,4,0,0,0,1,false,,false,false,false,false,false,,,,,,false,true,false,,,false,false,false,false,false,-83.10782,42.35616,"{
  ""coordinates"": [
    -8.310782092800000e+01,
    4.235615808100000e+01
  ],
  ""type"": ""Point""
}","{
  ""coordinates"": [
    -83.107820928,
    42.356158081
  ],
  ""type"": ""Point""
}",-83.107820928,42.356158081
19100,9665913,LIVERNOIS,JOHN KRONK,2016-03-06,6,3,2016,12,1,5,9,,4,0,,1,2,1,0,6,2,3,5,0,0,0,0,true,,false,false,false,false,false,,,,,,false,false,false,,,false,false,false,false,false,-83.11549,42.32446,"{
  ""coordinates"": [
    -8.311549457000000e+01,
    4.232445698300010e+01
  ],
  ""type"": ""Point""
}","{
  ""coordinates"": [
    -83.11549457,
    42.324456983
  ],
  ""type"": ""Point""
}",-83.11549457,42.3244569830001
19101,9645050,SEVEN MILE,GRATIOT,2016-03-06,6,3,2016,3,1,5,3,,2,0,,1,1,4,35,2,2,7,3,0,0,1,6,false,,false,false,true,false,false,,,,,,false,false,true,,,false,false,false,false,false,-82.97768,42.43508,"{
  ""coordinates"": [
    -8.297768680300000e+01,
    4.243507606400000e+01
  ],
  ""type"": ""Point""
}","{
  ""coordinates"": [
    -82.977686803,
    42.435076064
  ],
  ""type"": ""Point""
}",-82.977686803,42.435076064
19102,9642825,N M 10,RAMP 119D,2016-03-05,5,3,2016,22,7,8,3,,1,0,,1,1,4,55,3,2,2,5,0,0,0,0,true,,false,false,false,false,false,,,,,,false,false,false,,,false,false,false,false,false,-83.0729,42.35297,"{
  ""coordinates"": [
    -8.307289713700000e+01,
    4.235296441000000e+01
  ],
  ""type"": ""Point""
}","{
  ""coordinates"": [
    -83.072897137,
    42.35296441
  ],
  ""type"": ""Point""
}",-83.072897137,42.35296441
19103,9644171,JOY,METTETAL,2016-03-05,5,3,2016,18,7,97,9,,2,0,,2,5,4,35,4,2,1,4,0,0,0,1,false,,false,false,true,false,false,,,,,,false,false,false,,,false,false,false,false,false,-83.20511,42.358,"{
  ""coordinates"": [
    -8.320510592200000e+01,
    4.235800300400010e+01
  ],
  ""type"": ""Point""
}","{
  ""coordinates"": [
    -83.205105922,
    42.358003004
  ],
  ""type"": ""Point""
}",-83.205105922,42.3580030040001
19104,9642830,RAMP 122E,RAMP 122I,2016-03-05,5,3,2016,8,7,1,3,,1,1,,3,5,1,35,1,1,1,4,0,0,0,1,false,,false,false,false,false,false,,,,,,false,false,false,,,false,false,false,false,false,-83.0645,42.33596,"{
  ""coordinates"": [
    -8.306449772699990e+01,
    4.233596133600000e+01
  ],
  ""type"": ""Point""
}","{
  ""coordinates"": [
    -83.064497727,
    42.335961336
  ],
  ""type"": ""Point""
}",-83.0644977269999,42.335961336
19105,9643128,FORD,N M 39 SERVICE DRIVE,2016-03-05,5,3,2016,0,7,5,3,,1,0,,1,1,4,50,4,2,2,4,0,0,0,1,false,,false,false,false,false,false,,,,,,false,true,true,,,false,false,false,false,false,-83.21535,42.3291,"{
  ""coordinates"": [
    -8.321535394499990e+01,
    4.232910287700000e+01
  ],
  ""type"": ""Point""
}","{
  ""coordinates"": [
    -83.215353945,
    42.329102877
  ],
  ""type"": ""Point""
}",-83.2153539449999,42.329102877
19106,9645044,M 10,GRAND RIVER,2016-03-05,5,3,2016,7,7,5,3,,1,0,,3,5,2,55,3,2,2,4,0,0,0,1,false,,false,false,true,false,false,,,,,,false,false,false,,,false,false,false,false,false,-83.06649,42.33947,"{
  ""coordinates"": [
    -8.306649227799990e+01,
    4.233947350500010e+01
  ],
  ""type"": ""Point""
}","{
  ""coordinates"": [
    -83.066492278,
    42.339473505
  ],
  ""type"": ""Point""
}",-83.0664922779999,42.3394735050001
19107,9643051,OUTER,MINOCK,2016-03-05,5,3,2016,18,7,4,9,,2,0,,2,2,3,35,2,2,3,4,0,0,0,2,false,,false,false,false,false,false,,,,,,false,false,true,,,false,false,false,false,false,-83.2338,42.39809,"{
  ""coordinates"": [
    -8.323379400499989e+01,
    4.239808940600010e+01
  ],
  ""type"": ""Point""
}","{
  ""coordinates"": [
    -83.233794005,
    42.398089406
  ],
  ""type"": ""Point""
}",-83.2337940049999,42.3980894060001
19108,9643133,ST MARYS,TIREMAN,2016-03-05,5,3,2016,6,7,5,9,,,0,,3,5,4,25,2,2,0,5,0,0,0,0,true,,false,false,true,false,false,,,,,,false,false,false,,,false,false,false,false,false,-83.20394,42.35058,"{
  ""coordinates"": [
    -8.320394220900000e+01,
    4.235057930500010e+01
  ],
  ""type"": ""Point""
}","{
  ""coordinates"": [
    -83.203942209,
    42.350579305
  ],
  ""type"": ""Point""
}",-83.203942209,42.3505793050001
19109,9643077,JEFFERSON,BRUSH,2016-03-05,5,3,2016,15,7,4,4,,1,0,,2,5,1,30,4,2,6,5,0,0,0,0,true,,false,false,false,false,false,,,,,,false,false,true,,,false,false,false,false,false,-83.04053,42.3302,"{
  ""coordinates"": [
    -8.304053410200000e+01,
    4.233020378800010e+01
  ],
  ""type"": ""Point""
}","{
  ""coordinates"": [
    -83.040534102,
    42.330203788
  ],
  ""type"": ""Point""
}",-83.040534102,42.3302037880001
19110,9642808,I-96,TELEGRAPH,2016-03-05,5,3,2016,6,7,1,1,,1,1,,6,5,2,70,5,1,1,5,0,0,0,0,true,,false,false,false,false,false,,,,,,false,false,false,,,false,false,false,false,false,-83.27416,42.38529,"{
  ""coordinates"": [
    -8.327416183799990e+01,
    4.238529247100010e+01
  ],
  ""type"": ""Point""
}","{
  ""coordinates"": [
    -83.274161838,
    42.385292471
  ],
  ""type"": ""Point""
}",-83.2741618379999,42.3852924710001
19111,9643153,8 MILE,RAMP 050C,2016-03-05,5,3,2016,2,7,1,3,,1,1,,4,5,4,45,3,1,2,5,0,0,0,0,true,,false,false,false,false,false,,,,,,false,false,true,,,false,false,false,false,false,-83.09579,42.44678,"{
  ""coordinates"": [
    -8.309579631400000e+01,
    4.244677799300010e+01
  ],
  ""type"": ""Point""
}","{
  ""coordinates"": [
    -83.095796314,
    42.446777993
  ],
  ""type"": ""Point""
}",-83.095796314,42.4467779930001
19112,9643048,CONANT,OUTER,2016-03-05,5,3,2016,16,7,5,9,,4,0,,2,5,1,35,4,3,3,5,0,0,0,0,true,,false,false,false,false,false,,,,,,false,true,false,,,false,false,false,false,false,-83.07883,42.4401,"{
  ""coordinates"": [
    -8.307883075099990e+01,
    4.244010339900010e+01
  ],
  ""type"": ""Point""
}","{
  ""coordinates"": [
    -83.078830751,
    42.440103399
  ],
  ""type"": ""Point""
}",-83.0788307509999,42.4401033990001
19113,9643175,EUCLID,LASALLE,2016-03-05,5,3,2016,8,7,4,9,,4,0,,4,5,1,25,1,2,3,5,0,0,0,0,true,,false,false,false,false,false,,,,,,false,false,false,,,false,false,false,false,false,-83.10114,42.36861,"{
  ""coordinates"": [
    -8.310113568799990e+01,
    4.236861185600000e+01
  ],
  ""type"": ""Point""
}","{
  ""coordinates"": [
    -83.101135688,
    42.368611856
  ],
  ""type"": ""Point""
}",-83.1011356879999,42.368611856
19114,9642718,I-94,I-75,2016-03-05,5,3,2016,3,7,5,1,,1,0,,4,5,4,55,4,2,2,3,0,0,1,0,false,,false,false,false,false,false,,,,,,false,false,false,,,false,false,false,false,false,-83.05688,42.36943,"{
  ""coordinates"": [
    -8.305688545200000e+01,
    4.236943096600000e+01
  ],
  ""type"": ""Point""
}","{
  ""coordinates"": [
    -83.056885452,
    42.369430966
  ],
  ""type"": ""Point""
}",-83.056885452,42.369430966
19115,9643020,SANTA CLARA,KENTFIELD,2016-03-05,5,3,2016,0,7,4,9,,,0,,1,1,4,25,1,2,5,3,0,0,1,1,false,,false,false,true,false,false,,,,,,false,false,true,,,false,false,false,false,false,-83.24135,42.41916,"{
  ""coordinates"": [
    -8.324135078599990e+01,
    4.241916331200010e+01
  ],
  ""type"": ""Point""
}","{
  ""coordinates"": [
    -83.241350786,
    42.419163312
  ],
  ""type"": ""Point""
}",-83.2413507859999,42.4191633120001
19116,9644154,SAWYER,FAUST,2016-03-05,5,3,2016,2,7,4,9,,,0,,4,5,5,25,1,2,1,5,0,0,0,0,true,,false,false,true,false,false,,,,,,false,false,false,,,false,false,false,false,false,-83.2211,42.34699,"{
  ""coordinates"": [
    -8.322110149299991e+01,
    4.234698813300000e+01
  ],
  ""type"": ""Point""
}","{
  ""coordinates"": [
    -83.221101493,
    42.346988133
  ],
  ""type"": ""Point""
}",-83.2211014929999,42.346988133
19117,9643052,8 MILE,ORLEANS,2016-03-05,5,3,2016,13,7,4,3,,1,0,,2,2,1,40,3,2,2,5,0,0,0,0,true,,false,false,false,false,false,,,,,,false,true,false,,,false,false,false,false,false,-83.08591,42.44696,"{
  ""coordinates"": [
    -8.308591302300000e+01,
    4.244696126000010e+01
  ],
  ""type"": ""Point""
}","{
  ""coordinates"": [
    -83.085913023,
    42.44696126
  ],
  ""type"": ""Point""
}",-83.085913023,42.4469612600001
19118,9644163,ROSA PARKS,CANFIELD,2016-03-05,5,3,2016,7,7,8,9,,4,0,,4,5,1,30,3,2,1,5,0,0,0,0,true,,false,false,false,false,false,,,,,,false,false,false,,,false,false,false,false,false,-83.08076,42.34681,"{
  ""coordinates"": [
    -8.308076065200000e+01,
    4.234681037400000e+01
  ],
  ""type"": ""Point""
}","{
  ""coordinates"": [
    -83.080760652,
    42.346810374
  ],
  ""type"": ""Point""
}",-83.080760652,42.346810374
19119,9643009,CHAMBERLAIN,WOODMERE,2016-03-05,5,3,2016,0,7,97,9,,4,0,,1,1,4,25,2,2,4,5,0,0,0,0,true,,false,false,false,false,false,,,,,,false,false,true,,,false,false,false,false,false,-83.13279,42.29933,"{
  ""coordinates"": [
    -8.313278715300000e+01,
    4.229933062000000e+01
  ],
  ""type"": ""Point""
}","{
  ""coordinates"": [
    -83.132787153,
    42.29933062
  ],
  ""type"": ""Point""
}",-83.132787153,42.29933062
19120,9651326,SCHAEFER,LIEBOLD,2016-03-05,5,3,2016,18,7,97,9,,2,3,,2,1,4,30,4,3,1,5,0,0,0,0,true,,false,false,true,false,false,,,,,,false,false,false,,,false,false,false,false,false,-83.15257,42.27533,"{
  ""coordinates"": [
    -8.315257450099990e+01,
    4.227533264000000e+01
  ],
  ""type"": ""Point""
}","{
  ""coordinates"": [
    -83.152574501,
    42.27533264
  ],
  ""type"": ""Point""
}",-83.1525745009999,42.27533264
19121,9642827,M-39,SCHOOLCRAFT,2016-03-05,5,3,2016,7,7,97,3,,1,0,,3,5,2,55,3,3,3,4,0,0,0,2,false,,false,false,false,false,false,,,,,,false,false,false,,,false,false,false,false,false,-83.21777,42.38816,"{
  ""coordinates"": [
    -8.321777516000000e+01,
    4.238815691900000e+01
  ],
  ""type"": ""Point""
}","{
  ""coordinates"": [
    -83.21777516,
    42.388156919
  ],
  ""type"": ""Point""
}",-83.21777516,42.388156919
19122,9642791,I-75,HOLBROOK,2016-03-05,5,3,2016,20,7,1,1,,1,1,,1,2,4,70,4,1,1,5,0,0,0,0,true,,false,false,false,false,false,,,,,,false,false,false,,,false,false,false,false,false,-83.06951,42.38829,"{
  ""coordinates"": [
    -8.306951322499999e+01,
    4.238828678400010e+01
  ],
  ""type"": ""Point""
}","{
  ""coordinates"": [
    -83.069513225,
    42.388286784
  ],
  ""type"": ""Point""
}",-83.069513225,42.3882867840001
19123,9669315,TRINITY,KARL,2016-03-05,5,3,2016,15,7,4,9,,,0,,6,1,1,25,2,2,3,4,0,0,0,1,false,,false,false,false,false,false,,,,,,false,false,true,,,false,false,false,false,false,-83.24944,42.42301,"{
  ""coordinates"": [
    -8.324943164900000e+01,
    4.242300692600000e+01
  ],
  ""type"": ""Point""
}","{
  ""coordinates"": [
    -83.249431649,
    42.423006926
  ],
  ""type"": ""Point""
}",-83.249431649,42.423006926
19124,9642759,PLYMOUTH,WOODMONT,2016-03-05,5,3,2016,2,7,4,9,,4,0,,4,5,4,30,2,2,2,4,0,0,0,2,false,,true,true,false,false,false,,,,,,false,false,false,,,false,false,false,false,false,-83.20838,42.37241,"{
  ""coordinates"": [
    -8.320838311999999e+01,
    4.237241410300000e+01
  ],
  ""type"": ""Point""
}","{
  ""coordinates"": [
    -83.20838312,
    42.372414103
  ],
  ""type"": ""Point""
}",-83.20838312,42.372414103
19125,9643065,LAFAYETTE,GRAND,2016-03-05,5,3,2016,5,7,4,9,,4,0,,4,5,4,25,4,2,3,4,0,0,0,2,false,,false,false,false,false,false,,,,,,false,false,false,,,false,false,false,false,false,-83.08462,42.31707,"{
  ""coordinates"": [
    -8.308461724700000e+01,
    4.231706970000000e+01
  ],
  ""type"": ""Point""
}","{
  ""coordinates"": [
    -83.084617247,
    42.3170697
  ],
  ""type"": ""Point""
}",-83.084617247,42.3170697
19126,9643067,RYAN,EMERY,2016-03-05,5,3,2016,3,7,2,9,,4,2,,4,5,4,30,2,2,1,5,0,0,0,0,true,,false,false,false,false,false,,,,,,false,false,true,,,false,false,false,false,false,-83.06328,42.43597,"{
  ""coordinates"": [
    -8.306327913099990e+01,
    4.243597426300000e+01
  ],
  ""type"": ""Point""
}","{
  ""coordinates"": [
    -83.063279131,
    42.435974263
  ],
  ""type"": ""Point""
}",-83.0632791309999,42.435974263
19127,9642719,I-96,M-39,2016-03-05,5,3,2016,4,7,1,1,,1,1,,4,5,4,70,3,1,2,5,0,0,0,0,true,,false,false,false,false,false,,,,,,false,false,false,,,false,false,false,false,false,-83.2154,42.37867,"{
  ""coordinates"": [
    -8.321540365399990e+01,
    4.237866839100010e+01
  ],
  ""type"": ""Point""
}","{
  ""coordinates"": [
    -83.215403654,
    42.378668391
  ],
  ""type"": ""Point""
}",-83.2154036539999,42.3786683910001
19128,9642831,M-10,ROSA PARKS,2016-03-05,5,3,2016,10,7,1,3,,1,1,,4,5,1,55,3,1,1,5,0,0,0,0,true,,false,false,false,false,false,,,,,,false,true,false,,,false,false,false,false,false,-83.11874,42.40353,"{
  ""coordinates"": [
    -8.311874327300001e+01,
    4.240352990000010e+01
  ],
  ""type"": ""Point""
}","{
  ""coordinates"": [
    -83.118743273,
    42.4035299
  ],
  ""type"": ""Point""
}",-83.118743273,42.4035299000001
19129,9683048,I-96,M-39,2016-03-05,5,3,2016,8,7,5,1,,1,0,,2,2,1,70,3,2,2,4,0,0,0,1,false,,false,false,false,false,false,,,,,,false,false,false,,,false,false,false,false,false,-83.21503,42.37867,"{
  ""coordinates"": [
    -8.321503225200000e+01,
    4.237867223500010e+01
  ],
  ""type"": ""Point""
}","{
  ""coordinates"": [
    -83.215032252,
    42.378672235
  ],
  ""type"": ""Point""
}",-83.215032252,42.3786722350001
19130,9642746,I-94,ROSA PARKS,2016-03-05,5,3,2016,6,7,2,1,,1,2,,4,5,1,55,3,2,3,5,0,0,0,0,true,,false,false,false,false,false,,,,,,false,false,false,,,false,false,false,false,false,-83.0845,42.35484,"{
  ""coordinates"": [
    -8.308449950999990e+01,
    4.235484407900000e+01
  ],
  ""type"": ""Point""
}","{
  ""coordinates"": [
    -83.08449951,
    42.354844079
  ],
  ""type"": ""Point""
}",-83.0844995099999,42.354844079
19131,9644156,ST MARY'S,TIREMAN,2016-03-05,5,3,2016,21,7,1,9,,,1,,4,2,4,25,2,1,0,5,0,0,0,0,true,,false,false,false,false,false,,,,,,false,false,false,,,false,false,false,false,false,-83.20396,42.35106,"{
  ""coordinates"": [
    -8.320396466499990e+01,
    4.235105766500000e+01
  ],
  ""type"": ""Point""
}","{
  ""coordinates"": [
    -83.203964665,
    42.351057665
  ],
  ""type"": ""Point""
}",-83.2039646649999,42.351057665
19132,9644152,SIX MILE STATION,DEQUINDRE,2016-03-05,5,3,2016,19,7,5,9,,4,0,,2,5,4,30,3,2,2,5,0,0,0,0,true,,false,false,false,false,false,,,,,,false,false,false,,,false,false,false,false,false,-83.08216,42.41843,"{
  ""coordinates"": [
    -8.308216275800000e+01,
    4.241843257500010e+01
  ],
  ""type"": ""Point""
}","{
  ""coordinates"": [
    -83.082162758,
    42.418432575
  ],
  ""type"": ""Point""
}",-83.082162758,42.4184325750001
19133,9644179,7 MILE,HAYES,2016-03-05,5,3,2016,9,7,4,9,,2,0,,1,1,4,35,2,2,4,4,0,0,0,2,false,,true,true,false,false,false,,,,,,false,false,true,,,false,false,false,false,false,-82.96546,42.43542,"{
  ""coordinates"": [
    -8.296546255700000e+01,
    4.243542168600000e+01
  ],
  ""type"": ""Point""
}","{
  ""coordinates"": [
    -82.965462557,
    42.435421686
  ],
  ""type"": ""Point""
}",-82.965462557,42.435421686
19134,9643058,CADIEUX,WAVENEY,2016-03-05,5,3,2016,8,7,4,9,,4,0,,4,5,1,35,4,2,3,5,0,0,0,0,true,,false,false,false,false,false,,,,,,false,false,true,,,false,false,false,false,false,-82.92666,42.40131,"{
  ""coordinates"": [
    -8.292666081899991e+01,
    4.240130504500010e+01
  ],
  ""type"": ""Point""
}","{
  ""coordinates"": [
    -82.926660819,
    42.401305045
  ],
  ""type"": ""Point""
}",-82.9266608189999,42.4013050450001
19135,9643102,FORT,VISGER,2016-03-05,5,3,2016,7,7,4,3,,1,0,,4,5,2,45,4,2,2,4,0,0,0,1,false,,false,false,false,false,false,,,,,,false,false,false,,,false,false,false,false,false,-83.16217,42.2677,"{
  ""coordinates"": [
    -8.316217253100000e+01,
    4.226770045500010e+01
  ],
  ""type"": ""Point""
}","{
  ""coordinates"": [
    -83.162172531,
    42.267700455
  ],
  ""type"": ""Point""
}",-83.162172531,42.2677004550001
19136,9643167,W I 94,S HARPER/N I 94,2016-03-05,5,3,2016,11,7,1,1,,1,0,,2,5,1,25,3,1,1,3,0,0,1,0,false,,false,false,false,true,false,,,,,,false,false,false,,,false,false,false,false,false,-82.92862,42.42481,"{
  ""coordinates"": [
    -8.292861980700000e+01,
    4.242481034000010e+01
  ],
  ""type"": ""Point""
}","{
  ""coordinates"": [
    -82.928619807,
    42.42481034
  ],
  ""type"": ""Point""
}",-82.928619807,42.4248103400001
19137,9644172,WARREN,MEMORIAL,2016-03-05,5,3,2016,18,7,4,9,,2,0,,2,1,4,35,4,3,6,5,0,0,0,0,true,,false,false,true,false,false,,,,,,false,false,false,,,false,false,false,false,false,-83.21068,42.34346,"{
  ""coordinates"": [
    -8.321068024200000e+01,
    4.234345673700010e+01
  ],
  ""type"": ""Point""
}","{
  ""coordinates"": [
    -83.210680242,
    42.343456737
  ],
  ""type"": ""Point""
}",-83.210680242,42.3434567370001
19138,9642800,I 75,HOLBROOK,2016-03-05,5,3,2016,9,7,1,1,,1,1,,4,5,1,70,4,1,1,5,0,0,0,0,true,,false,false,false,false,false,,,,,,false,false,true,,,false,false,false,false,false,-83.06971,42.39068,"{
  ""coordinates"": [
    -8.306971040000001e+01,
    4.239068078400000e+01
  ],
  ""type"": ""Point""
}","{
  ""coordinates"": [
    -83.0697104,
    42.390680784
  ],
  ""type"": ""Point""
}",-83.0697104,42.390680784
19139,9677744,CONANT,DAVISON,2016-03-05,5,3,2016,15,7,4,3,,4,0,,2,1,1,35,1,2,2,5,0,0,0,0,true,,false,false,false,false,false,,,,,,false,false,false,,,false,false,false,false,false,-83.06126,42.41521,"{
  ""coordinates"": [
    -8.306126763499999e+01,
    4.241520933400010e+01
  ],
  ""type"": ""Point""
}","{
  ""coordinates"": [
    -83.061267635,
    42.415209334
  ],
  ""type"": ""Point""
}",-83.061267635,42.4152093340001
19140,9642828,M-10,7 MILE,2016-03-05,5,3,2016,8,7,8,3,,1,0,,2,4,1,55,3,2,2,4,0,0,0,1,false,,false,false,false,false,false,,,,,,false,false,true,,,false,false,false,false,false,-83.18397,42.42807,"{
  ""coordinates"": [
    -8.318396401599990e+01,
    4.242807102100010e+01
  ],
  ""type"": ""Point""
}","{
  ""coordinates"": [
    -83.183964016,
    42.428071021
  ],
  ""type"": ""Point""
}",-83.1839640159999,42.4280710210001
19141,9643053,MORANG,BALFOUR,2016-03-05,5,3,2016,12,7,5,9,,4,0,,2,2,1,30,4,2,2,5,0,0,0,0,true,,false,false,false,false,false,,,,,,false,true,true,,,false,false,false,false,false,-82.94271,42.42315,"{
  ""coordinates"": [
    -8.294271138200000e+01,
    4.242314590900000e+01
  ],
  ""type"": ""Point""
}","{
  ""coordinates"": [
    -82.942711382,
    42.423145909
  ],
  ""type"": ""Point""
}",-82.942711382,42.423145909
19142,9643161,LIBERAL,REDMOND,2016-03-05,5,3,2016,0,7,4,9,,,0,,3,1,4,25,2,2,3,4,0,0,0,2,false,,true,false,false,false,false,,,,,,false,false,false,,,false,false,false,false,false,-82.9559,42.4401,"{
  ""coordinates"": [
    -8.295590540300000e+01,
    4.244010044200010e+01
  ],
  ""type"": ""Point""
}","{
  ""coordinates"": [
    -82.955905403,
    42.440100442
  ],
  ""type"": ""Point""
}",-82.955905403,42.4401004420001