ObjectId,Crash ID,Primary Road,Intersecting Road,Crash Date,Day,Month,Year,Hour,Weekday,Crash Type Code,Highway Classification Code,Community Code,Jurisdiction Code,Lane Departure Type Code,Surface Type,Road Condition,Weather Condition,Lighting Condition,Speed Limit,Lanes,Units,Occupants,Most Severe Injury,Fatal Injuries,Suspected Serious Injuries,Suspected Minor Injuries,Possible Injuries,Property Damage Only,Secondary Crash,Traffic Control,Red Light Run,Hit and Run,Alcohol,Drugs,Unbelted Person,Work Zone,Speeding Driver,Distracted Driver,Driveway,Pedestrian,Elderly Driver,Young Driver,Commercial Vehicle,Emergency Vehicles,Train,School Bus,Motorcycle,Bicycle,Deer,Longitude,Latitude,geom,geog,x,y
19257,9646624,N/B I 75,HOLBROOK,2016-03-04,4,3,2016,5,6,8,1,,1,0,,4,5,4,70,4,2,2,3,0,0,1,1,false,,false,false,false,false,false,,,,,,false,false,false,,,false,false,false,false,false,-83.06973,42.38994,"{
  ""coordinates"": [
    -8.306972212200000e+01,
    4.238994308000010e+01
  ],
  ""type"": ""Point""
}","{
  ""coordinates"": [
    -83.069722122,
    42.38994308
  ],
  ""type"": ""Point""
}",-83.069722122,42.3899430800001
19258,9642726,I 94,CONCORD,2016-03-04,4,3,2016,7,6,8,1,,1,0,,6,1,1,55,3,2,2,5,0,0,0,0,true,,false,false,false,false,false,,,,,,false,false,false,,,false,false,false,false,false,-83.0301,42.38314,"{
  ""coordinates"": [
    -8.303009717099999e+01,
    4.238314336500010e+01
  ],
  ""type"": ""Point""
}","{
  ""coordinates"": [
    -83.030097171,
    42.383143365
  ],
  ""type"": ""Point""
}",-83.030097171,42.3831433650001
19259,9655521,WARREN,2ND,2016-03-04,4,3,2016,2,6,1,9,,4,1,,3,5,5,45,2,1,1,5,0,0,0,0,true,,false,false,true,false,false,,,,,,false,false,true,,,false,false,false,false,false,-83.0682,42.35559,"{
  ""coordinates"": [
    -8.306819752099990e+01,
    4.235559557300010e+01
  ],
  ""type"": ""Point""
}","{
  ""coordinates"": [
    -83.068197521,
    42.355595573
  ],
  ""type"": ""Point""
}",-83.0681975209999,42.3555955730001
19260,9643026,GRAND RIVER,DALE,2016-03-04,4,3,2016,8,6,8,3,,1,0,,3,5,1,30,3,2,2,5,0,0,0,0,true,,false,false,false,false,false,,,,,,false,true,false,,,false,false,false,false,false,-83.2765,42.42422,"{
  ""coordinates"": [
    -8.327649713999990e+01,
    4.242422166300000e+01
  ],
  ""type"": ""Point""
}","{
  ""coordinates"": [
    -83.27649714,
    42.424221663
  ],
  ""type"": ""Point""
}",-83.2764971399999,42.424221663
19261,9647763,DAVISON,DEXTER,2016-03-04,4,3,2016,23,6,97,3,,1,0,,2,1,4,35,7,2,1,2,0,1,0,0,false,,false,false,false,false,false,,,,,,true,false,false,,,false,false,false,false,false,-83.13058,42.38985,"{
  ""coordinates"": [
    -8.313058395900001e+01,
    4.238984516100000e+01
  ],
  ""type"": ""Point""
}","{
  ""coordinates"": [
    -83.130583959,
    42.389845161
  ],
  ""type"": ""Point""
}",-83.130583959,42.389845161
19262,9644184,LIVERNOIS,EIGHT MILE,2016-03-04,4,3,2016,16,6,5,3,,4,0,,1,1,1,30,3,2,4,5,0,0,0,0,true,,false,false,false,false,false,,,,,,false,true,false,,,false,false,false,false,false,-83.1419,42.44582,"{
  ""coordinates"": [
    -8.314189563399999e+01,
    4.244582177700000e+01
  ],
  ""type"": ""Point""
}","{
  ""coordinates"": [
    -83.141895634,
    42.445821777
  ],
  ""type"": ""Point""
}",-83.141895634,42.445821777
19263,9643188,WINDER,WOODWARD,2016-03-04,4,3,2016,17,6,4,3,,,0,,2,1,3,0,1,2,2,5,0,0,0,0,true,,false,false,false,false,false,,,,,,false,false,true,,,false,false,false,false,false,-83.05355,42.34064,"{
  ""coordinates"": [
    -8.305355077599999e+01,
    4.234064120800010e+01
  ],
  ""type"": ""Point""
}","{
  ""coordinates"": [
    -83.053550776,
    42.340641208
  ],
  ""type"": ""Point""
}",-83.053550776,42.3406412080001
19264,9642806,S I 75,S I 75,2016-03-04,4,3,2016,14,6,5,1,,1,0,,2,2,1,55,2,2,3,5,0,0,0,0,true,,false,false,false,true,true,,,,,,false,false,true,,,false,false,false,false,false,-83.04506,42.34652,"{
  ""coordinates"": [
    -8.304505569600001e+01,
    4.234652489700010e+01
  ],
  ""type"": ""Point""
}","{
  ""coordinates"": [
    -83.045055696,
    42.346524897
  ],
  ""type"": ""Point""
}",-83.045055696,42.3465248970001
19265,9645048,GRATIOT,GRAND,2016-03-04,4,3,2016,12,6,5,3,,1,0,,1,1,1,35,7,2,3,4,0,0,0,3,false,,false,false,false,false,false,,,,,,false,false,false,,,false,false,false,false,false,-83.01858,42.37295,"{
  ""coordinates"": [
    -8.301858114899990e+01,
    4.237295069300010e+01
  ],
  ""type"": ""Point""
}","{
  ""coordinates"": [
    -83.018581149,
    42.372950693
  ],
  ""type"": ""Point""
}",-83.0185811489999,42.3729506930001
19266,9644170,LAHSER,8 MILE,2016-03-04,4,3,2016,13,6,4,3,,2,0,,1,1,1,45,2,2,2,5,0,0,0,0,true,,false,false,false,false,false,,,,,,false,true,true,,,false,false,false,false,false,-83.25884,42.44323,"{
  ""coordinates"": [
    -8.325884309900000e+01,
    4.244323314300000e+01
  ],
  ""type"": ""Point""
}","{
  ""coordinates"": [
    -83.258843099,
    42.443233143
  ],
  ""type"": ""Point""
}",-83.258843099,42.443233143
19267,9645056,HELEN,FOREST,2016-03-04,4,3,2016,12,6,97,9,,,0,,2,2,1,25,2,2,2,5,0,0,0,0,true,,false,false,true,false,false,,,,,,false,false,false,,,false,false,false,false,false,-83.01913,42.37093,"{
  ""coordinates"": [
    -8.301913182600001e+01,
    4.237093439900010e+01
  ],
  ""type"": ""Point""
}","{
  ""coordinates"": [
    -83.019131826,
    42.370934399
  ],
  ""type"": ""Point""
}",-83.019131826,42.3709343990001
19268,9651505,E I 96 SERVICE DRIVE,EVERGREEN,2016-03-04,4,3,2016,13,6,5,9,,4,0,,1,1,1,25,2,2,2,5,0,0,0,0,true,,false,false,false,false,false,,,,,,false,false,true,,,false,false,false,false,false,-83.23664,42.37924,"{
  ""coordinates"": [
    -8.323664118600000e+01,
    4.237924036900010e+01
  ],
  ""type"": ""Point""
}","{
  ""coordinates"": [
    -83.236641186,
    42.379240369
  ],
  ""type"": ""Point""
}",-83.236641186,42.3792403690001
19269,9645691,I-75,DAVISON,2016-03-04,4,3,2016,19,6,8,1,,1,0,,1,1,4,70,4,2,2,5,0,0,0,0,true,,false,false,false,false,false,,,,,,false,false,false,,,false,false,false,false,false,-83.08123,42.41106,"{
  ""coordinates"": [
    -8.308122805100000e+01,
    4.241105771800010e+01
  ],
  ""type"": ""Point""
}","{
  ""coordinates"": [
    -83.081228051,
    42.411057718
  ],
  ""type"": ""Point""
}",-83.081228051,42.4110577180001
19270,9642769,I-96,EVERGREEN,2016-03-04,4,3,2016,7,6,8,1,,1,0,,2,1,1,55,3,2,6,4,0,0,0,2,false,,false,false,false,false,false,,,,,,false,false,false,,,false,false,false,false,false,-83.23267,42.37841,"{
  ""coordinates"": [
    -8.323267160700000e+01,
    4.237840628000000e+01
  ],
  ""type"": ""Point""
}","{
  ""coordinates"": [
    -83.232671607,
    42.37840628
  ],
  ""type"": ""Point""
}",-83.232671607,42.37840628
19271,9643154,EVERGREEN,SCHOOLCRAFT,2016-03-04,4,3,2016,19,6,97,9,,4,0,,1,1,1,35,4,2,1,5,0,0,0,0,true,,false,false,true,false,false,,,,,,false,false,false,,,false,false,false,false,false,-83.23684,42.38625,"{
  ""coordinates"": [
    -8.323684289900000e+01,
    4.238625199700000e+01
  ],
  ""type"": ""Point""
}","{
  ""coordinates"": [
    -83.236842899,
    42.386251997
  ],
  ""type"": ""Point""
}",-83.236842899,42.386251997
19272,9662463,PORTLANCE,ELMO,2016-03-04,4,3,2016,5,6,4,9,,,0,,4,5,4,25,2,2,2,5,0,0,0,0,true,,false,false,false,false,false,,,,,,false,false,false,,,false,false,false,false,false,-83.00748,42.41868,"{
  ""coordinates"": [
    -8.300748367100000e+01,
    4.241868007000010e+01
  ],
  ""type"": ""Point""
}","{
  ""coordinates"": [
    -83.007483671,
    42.41868007
  ],
  ""type"": ""Point""
}",-83.007483671,42.4186800700001
19273,9643107,OUTER,HAYES,2016-03-04,4,3,2016,14,6,4,9,,2,0,,1,1,1,30,2,2,3,5,0,0,0,0,true,,true,true,false,false,false,,,,,,false,true,false,,,false,false,false,false,false,-82.96476,42.41459,"{
  ""coordinates"": [
    -8.296475736900000e+01,
    4.241458493800010e+01
  ],
  ""type"": ""Point""
}","{
  ""coordinates"": [
    -82.964757369,
    42.414584938
  ],
  ""type"": ""Point""
}",-82.964757369,42.4145849380001
19274,9643024,BURT,PLYMOUTH,2016-03-04,4,3,2016,0,6,2,9,,4,2,,4,5,4,0,2,2,2,5,0,0,0,0,true,,false,false,false,false,false,,,,,,false,false,false,,,false,false,false,false,false,-83.24622,42.37183,"{
  ""coordinates"": [
    -8.324621975799990e+01,
    4.237182697500000e+01
  ],
  ""type"": ""Point""
}","{
  ""coordinates"": [
    -83.246219758,
    42.371826975
  ],
  ""type"": ""Point""
}",-83.2462197579999,42.371826975
19275,9645774,N M 10,EUCLID,2016-03-04,4,3,2016,17,6,5,3,,1,0,,2,5,1,55,3,2,2,5,0,0,0,0,true,,false,false,false,false,false,,,,,,false,false,false,,,false,false,false,false,false,-83.08633,42.37403,"{
  ""coordinates"": [
    -8.308633098199989e+01,
    4.237402686000010e+01
  ],
  ""type"": ""Point""
}","{
  ""coordinates"": [
    -83.086330982,
    42.37402686
  ],
  ""type"": ""Point""
}",-83.0863309819999,42.3740268600001
19276,9642717,W I 94,GRAND,2016-03-04,4,3,2016,20,6,1,1,,1,0,,1,2,4,55,3,1,1,5,0,0,0,0,true,,false,false,false,false,false,,,,,,false,false,false,,,false,false,false,false,false,-83.04152,42.37624,"{
  ""coordinates"": [
    -8.304151625400000e+01,
    4.237623598400010e+01
  ],
  ""type"": ""Point""
}","{
  ""coordinates"": [
    -83.041516254,
    42.376235984
  ],
  ""type"": ""Point""
}",-83.041516254,42.3762359840001
19277,9643015,RAMP 016B,S I 375 SERVICE DRIVE,2016-03-04,4,3,2016,16,6,4,1,,1,0,,1,1,1,25,3,2,2,2,0,1,0,0,false,,false,false,true,false,false,,,,,,false,false,false,,,false,false,false,false,false,-83.03722,42.33395,"{
  ""coordinates"": [
    -8.303721543400000e+01,
    4.233395132300010e+01
  ],
  ""type"": ""Point""
}","{
  ""coordinates"": [
    -83.037215434,
    42.333951323
  ],
  ""type"": ""Point""
}",-83.037215434,42.3339513230001
19278,9643111,JEFFERSON,CONNER,2016-03-04,4,3,2016,11,6,8,9,,4,0,,2,1,1,35,7,2,2,5,0,0,0,0,true,,false,false,false,false,false,,,,,,false,false,false,,,false,false,false,false,false,-82.95905,42.36998,"{
  ""coordinates"": [
    -8.295905236000000e+01,
    4.236998320300010e+01
  ],
  ""type"": ""Point""
}","{
  ""coordinates"": [
    -82.95905236,
    42.369983203
  ],
  ""type"": ""Point""
}",-82.95905236,42.3699832030001
19279,9643030,FORT,GRISWOLD,2016-03-04,4,3,2016,10,6,8,3,,1,0,,2,2,1,30,6,2,1,5,0,0,0,0,true,,false,false,false,false,false,,,,,,false,true,false,,,false,false,false,false,false,-83.04773,42.33057,"{
  ""coordinates"": [
    -8.304772687900000e+01,
    4.233056582900010e+01
  ],
  ""type"": ""Point""
}","{
  ""coordinates"": [
    -83.047726879,
    42.330565829
  ],
  ""type"": ""Point""
}",-83.047726879,42.3305658290001
19280,9651324,I-75,HOLBROOK,2016-03-04,4,3,2016,6,6,8,1,,1,0,,3,5,4,70,4,3,3,5,0,0,0,0,true,,false,false,false,false,false,,,,,,false,false,false,,,false,false,false,false,false,-83.06593,42.38332,"{
  ""coordinates"": [
    -8.306592736999990e+01,
    4.238331956500010e+01
  ],
  ""type"": ""Point""
}","{
  ""coordinates"": [
    -83.06592737,
    42.383319565
  ],
  ""type"": ""Point""
}",-83.0659273699999,42.3833195650001
19281,9643148,ARCHDALE,TROJAN,2016-03-04,4,3,2016,7,6,97,9,,,0,,3,1,1,25,2,2,0,5,0,0,0,0,true,,false,false,true,false,false,,,,,,false,false,false,,,false,false,false,false,false,-83.2172,42.44106,"{
  ""coordinates"": [
    -8.321720047100000e+01,
    4.244105385400010e+01
  ],
  ""type"": ""Point""
}","{
  ""coordinates"": [
    -83.217200471,
    42.441053854
  ],
  ""type"": ""Point""
}",-83.217200471,42.4410538540001
19282,9643086,LARNED,RANDOLPH,2016-03-04,4,3,2016,18,6,4,3,,4,0,,1,1,1,25,4,2,2,5,0,0,0,0,true,,true,true,true,false,false,,,,,,false,false,false,,,false,false,false,false,false,-83.04258,42.33056,"{
  ""coordinates"": [
    -8.304258012400000e+01,
    4.233055914200000e+01
  ],
  ""type"": ""Point""
}","{
  ""coordinates"": [
    -83.042580124,
    42.330559142
  ],
  ""type"": ""Point""
}",-83.042580124,42.330559142
19283,9645784,N I 75,FISHER CROSSOVER,2016-03-04,4,3,2016,23,6,4,1,,1,0,,1,1,4,25,3,2,3,5,0,0,0,0,true,,false,false,false,false,false,,,,,,false,false,false,,,false,false,false,false,false,-83.05825,42.33692,"{
  ""coordinates"": [
    -8.305825143999991e+01,
    4.233691939700000e+01
  ],
  ""type"": ""Point""
}","{
  ""coordinates"": [
    -83.05825144,
    42.336919397
  ],
  ""type"": ""Point""
}",-83.0582514399999,42.336919397
19284,9643121,JOY,S M 39,2016-03-04,4,3,2016,22,6,5,9,,2,0,,1,1,4,35,2,2,1,5,0,0,0,0,true,,false,false,true,false,false,,,,,,false,false,false,,,false,false,false,false,false,-83.21659,42.35784,"{
  ""coordinates"": [
    -8.321659186499990e+01,
    4.235784261100010e+01
  ],
  ""type"": ""Point""
}","{
  ""coordinates"": [
    -83.216591865,
    42.357842611
  ],
  ""type"": ""Point""
}",-83.2165918649999,42.3578426110001
19285,9970045,JEFFERSON,RANDOLPH,2016-03-04,4,3,2016,15,6,97,3,,1,0,,1,1,1,35,3,2,2,5,0,0,0,0,true,,false,false,false,false,false,,,,,,false,true,false,,,false,false,false,false,false,-83.04201,42.32994,"{
  ""coordinates"": [
    -8.304201019999989e+01,
    4.232994282800010e+01
  ],
  ""type"": ""Point""
}","{
  ""coordinates"": [
    -83.0420102,
    42.329942828
  ],
  ""type"": ""Point""
}",-83.0420101999999,42.3299428280001
19286,9643114,8 MILE,GRATIOT,2016-03-04,4,3,2016,20,6,5,3,,1,0,,1,1,3,40,4,3,3,5,0,0,0,0,true,,false,false,false,true,false,,,,,,false,false,true,,,false,false,false,false,false,-82.96867,42.44981,"{
  ""coordinates"": [
    -8.296866751300000e+01,
    4.244980602500000e+01
  ],
  ""type"": ""Point""
}","{
  ""coordinates"": [
    -82.968667513,
    42.449806025
  ],
  ""type"": ""Point""
}",-82.968667513,42.449806025
19287,9643057,BEAUBIEN,JEFFERSON,2016-03-04,4,3,2016,15,6,97,4,,4,0,,1,1,1,0,3,2,2,5,0,0,0,0,true,,false,false,false,false,false,,,,,,false,false,false,,,false,false,false,false,false,-83.03963,42.33065,"{
  ""coordinates"": [
    -8.303962876000000e+01,
    4.233064623100010e+01
  ],
  ""type"": ""Point""
}","{
  ""coordinates"": [
    -83.03962876,
    42.330646231
  ],
  ""type"": ""Point""
}",-83.03962876,42.3306462310001
19288,9642697,I-94,BEAUBIEN,2016-03-04,4,3,2016,13,6,5,1,,1,0,,2,1,1,55,3,3,7,4,0,0,0,1,false,,false,false,false,false,false,,,,,,false,false,true,,,false,false,false,false,false,-83.06374,42.36592,"{
  ""coordinates"": [
    -8.306373484900000e+01,
    4.236592274100010e+01
  ],
  ""type"": ""Point""
}","{
  ""coordinates"": [
    -83.063734849,
    42.365922741
  ],
  ""type"": ""Point""
}",-83.063734849,42.3659227410001
19289,9641224,RAMP 216F,I-75,2016-03-03,3,3,2016,19,5,5,1,,1,0,,4,5,4,55,2,2,2,5,0,0,0,0,true,,false,false,false,false,false,,,,,,false,false,false,,,false,false,false,false,false,-83.05685,42.36715,"{
  ""coordinates"": [
    -8.305685806100000e+01,
    4.236715087400010e+01
  ],
  ""type"": ""Point""
}","{
  ""coordinates"": [
    -83.056858061,
    42.367150874
  ],
  ""type"": ""Point""
}",-83.056858061,42.3671508740001
19290,9641349,CHATHAM,WADSWORTH,2016-03-03,3,3,2016,7,5,97,9,,,0,,1,1,1,25,2,2,0,4,0,0,0,1,false,,false,false,true,false,false,,,,,,true,false,false,,,false,false,false,false,false,-83.26228,42.37399,"{
  ""coordinates"": [
    -8.326227347299989e+01,
    4.237398525700010e+01
  ],
  ""type"": ""Point""
}","{
  ""coordinates"": [
    -83.262273473,
    42.373985257
  ],
  ""type"": ""Point""
}",-83.2622734729999,42.3739852570001
19291,9641387,EATON,MARKTWAIN,2016-03-03,3,3,2016,0,5,2,9,,,2,,4,5,3,25,2,2,2,5,0,0,0,0,true,,false,false,true,false,false,,,,,,false,false,true,,,false,false,false,false,false,-83.18824,42.397,"{
  ""coordinates"": [
    -8.318824031500000e+01,
    4.239699711000000e+01
  ],
  ""type"": ""Point""
}","{
  ""coordinates"": [
    -83.188240315,
    42.39699711
  ],
  ""type"": ""Point""
}",-83.188240315,42.39699711
19292,9642742,RAMP 008K,I 96 SERVICE DRIVE,2016-03-03,3,3,2016,15,5,5,1,,1,0,,2,5,1,35,1,2,2,5,0,0,0,0,true,,false,false,false,false,false,,,,,,false,false,true,,,false,false,false,false,false,-83.21766,42.37785,"{
  ""coordinates"": [
    -8.321765810700001e+01,
    4.237784933200000e+01
  ],
  ""type"": ""Point""
}","{
  ""coordinates"": [
    -83.217658107,
    42.377849332
  ],
  ""type"": ""Point""
}",-83.217658107,42.377849332
19293,9643014,GRATIOT,FAIRMOUNT,2016-03-03,3,3,2016,21,5,5,3,,1,0,,3,5,4,35,2,2,1,5,0,0,0,0,true,,false,false,false,false,false,,,,,,false,false,false,,,false,false,false,false,false,-82.9716,42.44432,"{
  ""coordinates"": [
    -8.297159222200000e+01,
    4.244431950000010e+01
  ],
  ""type"": ""Point""
}","{
  ""coordinates"": [
    -82.971592222,
    42.4443195
  ],
  ""type"": ""Point""
}",-82.971592222,42.4443195000001
19294,9641403,7 MILE,APPOLINE,2016-03-03,3,3,2016,14,5,4,9,,2,0,,1,1,1,30,4,2,1,5,0,0,0,0,true,,false,false,true,false,false,,,,,,false,false,false,,,false,false,false,false,false,-83.17184,42.43124,"{
  ""coordinates"": [
    -8.317184227699990e+01,
    4.243123528400000e+01
  ],
  ""type"": ""Point""
}","{
  ""coordinates"": [
    -83.171842277,
    42.431235284
  ],
  ""type"": ""Point""
}",-83.1718422769999,42.431235284
19295,9654544,I-96,OUTER,2016-03-03,3,3,2016,12,5,1,1,,1,1,,1,1,1,70,3,1,1,5,0,0,0,0,true,,false,false,true,false,false,,,,,,false,false,false,,,false,false,false,false,false,-83.25396,42.38538,"{
  ""coordinates"": [
    -8.325395639000000e+01,
    4.238538437600000e+01
  ],
  ""type"": ""Point""
}","{
  ""coordinates"": [
    -83.25395639,
    42.385384376
  ],
  ""type"": ""Point""
}",-83.25395639,42.385384376
19296,9641347,CARPENTER,FENELON,2016-03-03,3,3,2016,8,5,5,9,,,0,,3,1,1,25,2,2,4,5,0,0,0,0,true,,false,false,false,false,false,,,,,,false,false,true,,,false,false,false,false,false,-83.05249,42.4087,"{
  ""coordinates"": [
    -8.305248717800001e+01,
    4.240869481100000e+01
  ],
  ""type"": ""Point""
}","{
  ""coordinates"": [
    -83.052487178,
    42.408694811
  ],
  ""type"": ""Point""
}",-83.052487178,42.408694811
19297,9643130,BURT,PIERSON,2016-03-03,3,3,2016,21,5,97,9,,4,0,,4,5,2,25,1,2,1,5,0,0,0,0,true,,false,false,true,false,false,,,,,,false,false,false,,,false,false,false,false,false,-83.2463,42.37494,"{
  ""coordinates"": [
    -8.324629731900001e+01,
    4.237494401500000e+01
  ],
  ""type"": ""Point""
}","{
  ""coordinates"": [
    -83.246297319,
    42.374944015
  ],
  ""type"": ""Point""
}",-83.246297319,42.374944015
19298,9644049,N M 10,RAMP 103D,2016-03-03,3,3,2016,11,5,1,3,,1,1,,1,2,1,55,3,1,1,5,0,0,0,0,true,,false,false,false,false,false,,,,,,false,false,false,,,false,false,false,false,false,-83.1899,42.43373,"{
  ""coordinates"": [
    -8.318989345499990e+01,
    4.243372783400010e+01
  ],
  ""type"": ""Point""
}","{
  ""coordinates"": [
    -83.189893455,
    42.433727834
  ],
  ""type"": ""Point""
}",-83.1898934549999,42.4337278340001
19299,9643136,RIVARD,ELIOT,2016-03-03,3,3,2016,9,5,8,9,,,0,,2,2,1,25,4,2,2,5,0,0,0,0,true,,false,false,false,false,false,,,,,,false,false,false,,,false,false,false,false,false,-83.04547,42.35128,"{
  ""coordinates"": [
    -8.304547087600000e+01,
    4.235127513100010e+01
  ],
  ""type"": ""Point""
}","{
  ""coordinates"": [
    -83.045470876,
    42.351275131
  ],
  ""type"": ""Point""
}",-83.045470876,42.3512751310001
19300,9641427,TRUMBULL,WARREN,2016-03-03,3,3,2016,11,5,5,9,,4,0,,6,2,1,30,5,2,3,5,0,0,0,0,true,,false,false,false,false,false,,,,,,false,false,true,,,false,false,false,false,false,-83.07879,42.35221,"{
  ""coordinates"": [
    -8.307878749799990e+01,
    4.235221223000010e+01
  ],
  ""type"": ""Point""
}","{
  ""coordinates"": [
    -83.078787498,
    42.35221223
  ],
  ""type"": ""Point""
}",-83.0787874979999,42.3522122300001
19301,9645054,S I 75,BRUSH,2016-03-03,3,3,2016,11,5,4,1,,1,0,,1,1,1,35,3,2,2,5,0,0,0,0,true,,false,false,false,false,false,,,,,,false,false,false,,,false,false,false,false,false,-83.04855,42.34206,"{
  ""coordinates"": [
    -8.304854753599990e+01,
    4.234206417800000e+01
  ],
  ""type"": ""Point""
}","{
  ""coordinates"": [
    -83.048547536,
    42.342064178
  ],
  ""type"": ""Point""
}",-83.0485475359999,42.342064178
19302,9645049,BEAUBIEN,JEFFERSON,2016-03-03,3,3,2016,17,5,7,4,,4,0,,2,5,2,35,2,2,2,5,0,0,0,0,true,,false,false,false,false,false,,,,,,false,false,false,,,false,false,false,false,false,-83.0398,42.33084,"{
  ""coordinates"": [
    -8.303980031600000e+01,
    4.233084301600010e+01
  ],
  ""type"": ""Point""
}","{
  ""coordinates"": [
    -83.039800316,
    42.330843016
  ],
  ""type"": ""Point""
}",-83.039800316,42.3308430160001
19303,9641395,MCNICHOLS,KLINGER,2016-03-03,3,3,2016,8,5,97,9,,4,0,,1,1,1,35,3,2,2,4,0,0,0,1,false,,false,false,false,false,false,,,,,,false,false,false,,,false,false,false,false,false,-83.0658,42.41864,"{
  ""coordinates"": [
    -8.306580550400000e+01,
    4.241863670400010e+01
  ],
  ""type"": ""Point""
}","{
  ""coordinates"": [
    -83.065805504,
    42.418636704
  ],
  ""type"": ""Point""
}",-83.065805504,42.4186367040001
19304,9643035,SCHOOLCRAFT,RUTLAND,2016-03-03,3,3,2016,9,5,5,9,,2,0,,1,2,1,30,2,2,2,4,0,0,0,1,false,,false,false,false,false,false,,,,,,false,true,false,,,false,false,false,false,false,-83.21304,42.38677,"{
  ""coordinates"": [
    -8.321304453000000e+01,
    4.238676722900000e+01
  ],
  ""type"": ""Point""
}","{
  ""coordinates"": [
    -83.21304453,
    42.386767229
  ],
  ""type"": ""Point""
}",-83.21304453,42.386767229
19305,9643115,OUTER,GLENDALE,2016-03-03,3,3,2016,8,5,97,9,,2,0,,4,1,1,30,2,2,1,5,0,0,0,0,true,,false,false,true,false,false,,,,,,false,false,false,,,false,false,false,false,false,-83.26112,42.37996,"{
  ""coordinates"": [
    -8.326111644400000e+01,
    4.237995572900010e+01
  ],
  ""type"": ""Point""
}","{
  ""coordinates"": [
    -83.261116444,
    42.379955729
  ],
  ""type"": ""Point""
}",-83.261116444,42.3799557290001
19306,9642758,NB I-375,GRATIOT,2016-03-03,3,3,2016,17,5,5,1,,1,0,,1,5,1,55,4,3,3,5,0,0,0,0,true,,false,false,false,false,false,,,,,,false,false,true,,,false,false,false,false,false,-83.04082,42.33976,"{
  ""coordinates"": [
    -8.304082493700000e+01,
    4.233975871200000e+01
  ],
  ""type"": ""Point""
}","{
  ""coordinates"": [
    -83.040824937,
    42.339758712
  ],
  ""type"": ""Point""
}",-83.040824937,42.339758712
19307,9643025,SOUTHFIELD,I 96,2016-03-03,3,3,2016,22,5,1,3,,1,1,,3,5,4,55,3,1,1,4,0,0,0,1,false,,false,false,false,false,false,,,,,,false,false,false,,,false,false,false,false,false,-83.21672,42.3714,"{
  ""coordinates"": [
    -8.321672264599989e+01,
    4.237139807700000e+01
  ],
  ""type"": ""Point""
}","{
  ""coordinates"": [
    -83.216722646,
    42.371398077
  ],
  ""type"": ""Point""
}",-83.2167226459999,42.371398077
19308,9641377,CANYON,ALSTEAD,2016-03-03,3,3,2016,15,5,4,9,,,0,,6,5,1,25,2,3,4,5,0,0,0,0,true,,true,false,false,false,false,,,,,,false,false,false,,,false,false,false,false,false,-82.92883,42.42279,"{
  ""coordinates"": [
    -8.292883157700000e+01,
    4.242278480900010e+01
  ],
  ""type"": ""Point""
}","{
  ""coordinates"": [
    -82.928831577,
    42.422784809
  ],
  ""type"": ""Point""
}",-82.928831577,42.4227848090001
19309,9643046,MARTIN,EDWARD,2016-03-03,3,3,2016,15,5,8,9,,4,3,,2,1,1,0,4,2,3,5,0,0,0,0,true,,false,false,true,false,false,,,,,,false,false,false,,,false,false,false,false,false,-83.12614,42.32924,"{
  ""coordinates"": [
    -8.312613587899990e+01,
    4.232923561000010e+01
  ],
  ""type"": ""Point""
}","{
  ""coordinates"": [
    -83.126135879,
    42.32923561
  ],
  ""type"": ""Point""
}",-83.1261358789999,42.3292356100001
19310,9643012,DAVISON,DEXTER,2016-03-03,3,3,2016,4,5,1,3,,1,0,,2,1,4,35,7,1,2,4,0,0,0,2,false,,false,false,false,false,false,,,,,,false,false,true,,,false,false,false,false,false,-83.13087,42.38974,"{
  ""coordinates"": [
    -8.313086397700000e+01,
    4.238974160200010e+01
  ],
  ""type"": ""Point""
}","{
  ""coordinates"": [
    -83.130863977,
    42.389741602
  ],
  ""type"": ""Point""
}",-83.130863977,42.3897416020001
19311,9643174,LIVERNOIS,ELMHURST,2016-03-03,3,3,2016,19,5,8,9,,4,0,,4,5,3,35,2,2,2,5,0,0,0,0,true,,false,false,false,false,false,,,,,,false,false,false,,,false,false,false,false,false,-83.13898,42.37611,"{
  ""coordinates"": [
    -8.313897761399990e+01,
    4.237610943900010e+01
  ],
  ""type"": ""Point""
}","{
  ""coordinates"": [
    -83.138977614,
    42.376109439
  ],
  ""type"": ""Point""
}",-83.1389776139999,42.3761094390001
19312,9644050,M-39,I-96,2016-03-03,3,3,2016,13,5,8,3,,1,0,,1,2,1,55,3,2,1,5,0,0,0,0,true,,false,false,true,false,false,,,,,,false,false,true,,,false,false,false,false,false,-83.21748,42.38224,"{
  ""coordinates"": [
    -8.321748175000000e+01,
    4.238223691000010e+01
  ],
  ""type"": ""Point""
}","{
  ""coordinates"": [
    -83.21748175,
    42.38223691
  ],
  ""type"": ""Point""
}",-83.21748175,42.3822369100001
19313,9643002,OUTER,OUTER,2016-03-03,3,3,2016,0,5,8,9,,2,0,,1,1,4,10,4,2,2,5,0,0,0,0,true,,false,false,true,false,false,,,,,,false,false,false,,,false,false,false,false,false,-83.25704,42.38356,"{
  ""coordinates"": [
    -8.325704414599990e+01,
    4.238356072100000e+01
  ],
  ""type"": ""Point""
}","{
  ""coordinates"": [
    -83.257044146,
    42.383560721
  ],
  ""type"": ""Point""
}",-83.2570441459999,42.383560721