ObjectId,Crash ID,Primary Road,Intersecting Road,Crash Date,Day,Month,Year,Hour,Weekday,Crash Type Code,Highway Classification Code,Community Code,Jurisdiction Code,Lane Departure Type Code,Surface Type,Road Condition,Weather Condition,Lighting Condition,Speed Limit,Lanes,Units,Occupants,Most Severe Injury,Fatal Injuries,Suspected Serious Injuries,Suspected Minor Injuries,Possible Injuries,Property Damage Only,Secondary Crash,Traffic Control,Red Light Run,Hit and Run,Alcohol,Drugs,Unbelted Person,Work Zone,Speeding Driver,Distracted Driver,Driveway,Pedestrian,Elderly Driver,Young Driver,Commercial Vehicle,Emergency Vehicles,Train,School Bus,Motorcycle,Bicycle,Deer,Longitude,Latitude,geom,geog,x,y
19428,9643022,7 MILE,GILCHRIST,2016-03-02,2,3,2016,9,4,5,9,,2,0,,3,1,1,35,3,2,2,4,0,0,0,1,false,,false,false,true,false,false,,,,,,false,false,false,,,false,false,false,false,false,-83.21276,42.43019,"{
  ""coordinates"": [
    -8.321276288500000e+01,
    4.243019413100010e+01
  ],
  ""type"": ""Point""
}","{
  ""coordinates"": [
    -83.212762885,
    42.430194131
  ],
  ""type"": ""Point""
}",-83.212762885,42.4301941310001
19429,9640426,CHENE,ANTIETAM,2016-03-02,2,3,2016,1,4,1,9,,4,1,,3,5,5,25,4,1,3,5,0,0,0,0,true,,false,false,false,false,false,,,,,,false,false,false,,,false,false,false,false,false,-83.02259,42.33818,"{
  ""coordinates"": [
    -8.302259426700000e+01,
    4.233817830200010e+01
  ],
  ""type"": ""Point""
}","{
  ""coordinates"": [
    -83.022594267,
    42.338178302
  ],
  ""type"": ""Point""
}",-83.022594267,42.3381783020001
19430,9642775,I-94,SAGINAW,2016-03-02,2,3,2016,11,4,1,1,,1,1,,6,2,1,55,3,1,1,4,0,0,0,1,false,,false,false,false,false,false,,,,,,false,false,true,,,false,false,false,false,false,-83.03652,42.37789,"{
  ""coordinates"": [
    -8.303651958300000e+01,
    4.237789142700010e+01
  ],
  ""type"": ""Point""
}","{
  ""coordinates"": [
    -83.036519583,
    42.377891427
  ],
  ""type"": ""Point""
}",-83.036519583,42.3778914270001
19431,9641213,SB I-75,M-10,2016-03-02,2,3,2016,10,4,1,4,,1,1,,4,1,1,55,3,1,2,5,0,0,0,0,true,,false,false,false,false,false,,,,,,false,false,false,,,false,false,false,false,false,-83.04192,42.32998,"{
  ""coordinates"": [
    -8.304192565200000e+01,
    4.232997876200010e+01
  ],
  ""type"": ""Point""
}","{
  ""coordinates"": [
    -83.041925652,
    42.329978762
  ],
  ""type"": ""Point""
}",-83.041925652,42.3299787620001
19432,9640383,N M 10,RAMP 107D,2016-03-02,2,3,2016,12,4,1,3,,1,1,,2,1,1,55,3,1,1,4,0,0,0,1,false,,false,false,false,false,false,,,,,,false,false,true,,,false,false,false,false,false,-83.14693,42.40486,"{
  ""coordinates"": [
    -8.314692917900000e+01,
    4.240486275100010e+01
  ],
  ""type"": ""Point""
}","{
  ""coordinates"": [
    -83.146929179,
    42.404862751
  ],
  ""type"": ""Point""
}",-83.146929179,42.4048627510001
19433,9640415,TEMPLE,S M 10 SERVICE DRIVE,2016-03-02,2,3,2016,15,4,4,3,,4,0,,2,2,1,30,2,2,3,5,0,0,0,0,true,,false,false,false,false,false,,,,,,false,false,false,,,false,false,false,false,false,-83.06647,42.33913,"{
  ""coordinates"": [
    -8.306647526099989e+01,
    4.233912575200000e+01
  ],
  ""type"": ""Point""
}","{
  ""coordinates"": [
    -83.066475261,
    42.339125752
  ],
  ""type"": ""Point""
}",-83.0664752609999,42.339125752
19434,9643119,GREYDALE,ORCHARD,2016-03-02,2,3,2016,4,4,97,9,,,0,,6,5,5,25,1,2,2,5,0,0,0,0,true,,false,false,false,false,false,,,,,,false,false,false,,,false,false,false,false,false,-83.25659,42.41795,"{
  ""coordinates"": [
    -8.325658873200000e+01,
    4.241795457900000e+01
  ],
  ""type"": ""Point""
}","{
  ""coordinates"": [
    -83.256588732,
    42.417954579
  ],
  ""type"": ""Point""
}",-83.256588732,42.417954579
19435,9640247,I-94,I-75,2016-03-02,2,3,2016,9,4,5,1,,1,0,,3,5,1,55,3,2,3,5,0,0,0,0,true,,false,false,false,false,false,,,,,,false,false,false,,,false,false,false,false,false,-83.05656,42.36944,"{
  ""coordinates"": [
    -8.305656372700000e+01,
    4.236943667000000e+01
  ],
  ""type"": ""Point""
}","{
  ""coordinates"": [
    -83.056563727,
    42.36943667
  ],
  ""type"": ""Point""
}",-83.056563727,42.36943667
19436,9642752,SB I-75,MILWAUKEE,2016-03-02,2,3,2016,15,4,8,1,,1,0,,1,1,1,55,4,3,2,5,0,0,0,0,true,,false,false,true,false,false,,,,,,false,false,false,,,false,false,false,false,false,-83.06069,42.37508,"{
  ""coordinates"": [
    -8.306068981899990e+01,
    4.237508344800010e+01
  ],
  ""type"": ""Point""
}","{
  ""coordinates"": [
    -83.060689819,
    42.375083448
  ],
  ""type"": ""Point""
}",-83.0606898189999,42.3750834480001
19437,9640250,S I 75,RAMP 216J,2016-03-02,2,3,2016,13,4,1,1,,1,1,,3,1,1,55,3,1,1,5,0,0,0,0,true,,false,false,false,false,false,,,,,,false,true,false,,,false,false,false,false,false,-83.05847,42.36909,"{
  ""coordinates"": [
    -8.305846859600000e+01,
    4.236908810600000e+01
  ],
  ""type"": ""Point""
}","{
  ""coordinates"": [
    -83.058468596,
    42.369088106
  ],
  ""type"": ""Point""
}",-83.058468596,42.369088106
19438,9642706,M-10,HAMILTON,2016-03-02,2,3,2016,5,4,1,3,,1,1,,4,5,4,55,3,1,1,5,0,0,0,0,true,,false,false,false,false,false,,,,,,false,false,false,,,false,false,false,false,false,-83.09178,42.38123,"{
  ""coordinates"": [
    -8.309177963499999e+01,
    4.238122533800000e+01
  ],
  ""type"": ""Point""
}","{
  ""coordinates"": [
    -83.091779635,
    42.381225338
  ],
  ""type"": ""Point""
}",-83.091779635,42.381225338
19439,9641200,RAMP 215C,N M 10,2016-03-02,2,3,2016,19,4,1,1,,1,1,,3,1,4,35,1,1,1,5,0,0,0,0,true,,false,false,false,false,false,,,,,,false,false,false,,,false,false,false,false,false,-83.07493,42.35854,"{
  ""coordinates"": [
    -8.307492598499989e+01,
    4.235853443200010e+01
  ],
  ""type"": ""Point""
}","{
  ""coordinates"": [
    -83.074925985,
    42.358534432
  ],
  ""type"": ""Point""
}",-83.0749259849999,42.3585344320001
19440,9640434,DEQUINDRE,LANTZ,2016-03-02,2,3,2016,2,4,4,9,,4,0,,4,1,4,30,2,2,2,5,0,0,0,0,true,,false,false,false,false,false,,,,,,false,false,false,,,false,false,false,false,false,-83.08303,42.43772,"{
  ""coordinates"": [
    -8.308303397299990e+01,
    4.243772026300010e+01
  ],
  ""type"": ""Point""
}","{
  ""coordinates"": [
    -83.083033973,
    42.437720263
  ],
  ""type"": ""Point""
}",-83.0830339729999,42.4377202630001
19441,9641192,N/B I-75,JUNCTION,2016-03-02,2,3,2016,7,4,8,1,,1,0,,2,2,1,55,4,3,3,5,0,0,0,0,true,,false,false,false,false,false,,,,,,false,false,false,,,false,false,false,false,false,-83.09734,42.31099,"{
  ""coordinates"": [
    -8.309733245099990e+01,
    4.231098644400000e+01
  ],
  ""type"": ""Point""
}","{
  ""coordinates"": [
    -83.097332451,
    42.310986444
  ],
  ""type"": ""Point""
}",-83.0973324509999,42.310986444
19442,9643160,MORANG,KELLY,2016-03-02,2,3,2016,13,4,4,9,,4,0,,2,1,1,30,6,2,3,5,0,0,0,0,true,,false,false,true,false,false,,,,,,false,false,false,,,false,false,false,false,false,-82.95722,42.42909,"{
  ""coordinates"": [
    -8.295722564300000e+01,
    4.242909227100010e+01
  ],
  ""type"": ""Point""
}","{
  ""coordinates"": [
    -82.957225643,
    42.429092271
  ],
  ""type"": ""Point""
}",-82.957225643,42.4290922710001
19443,9641348,JEFFERSON,HARDING,2016-03-02,2,3,2016,20,4,2,9,,4,2,,4,5,5,25,2,2,2,5,0,0,0,0,true,,false,false,false,false,false,,,,,,false,false,true,,,false,false,false,false,false,-82.97713,42.36388,"{
  ""coordinates"": [
    -8.297713217099989e+01,
    4.236388467800000e+01
  ],
  ""type"": ""Point""
}","{
  ""coordinates"": [
    -82.977132171,
    42.363884678
  ],
  ""type"": ""Point""
}",-82.9771321709999,42.363884678
19444,9643063,VERNOR,LANSING,2016-03-02,2,3,2016,17,4,5,9,,4,0,,1,1,1,35,2,2,0,5,0,0,0,0,true,,false,false,true,false,false,,,,,,false,false,false,,,false,false,false,false,false,-83.0984,42.31923,"{
  ""coordinates"": [
    -8.309839679299991e+01,
    4.231922640400010e+01
  ],
  ""type"": ""Point""
}","{
  ""coordinates"": [
    -83.098396793,
    42.319226404
  ],
  ""type"": ""Point""
}",-83.0983967929999,42.3192264040001
19445,9641358,GRATIOT,HOUSTON WHITTIER,2016-03-02,2,3,2016,17,4,5,3,,1,0,,4,5,3,35,6,2,2,5,0,0,0,0,true,,false,false,false,false,false,,,,,,false,false,false,,,false,false,false,false,false,-82.9874,42.42032,"{
  ""coordinates"": [
    -8.298740616100000e+01,
    4.242031675700010e+01
  ],
  ""type"": ""Point""
}","{
  ""coordinates"": [
    -82.987406161,
    42.420316757
  ],
  ""type"": ""Point""
}",-82.987406161,42.4203167570001
19446,9640404,MCNICHOLS,MOUND,2016-03-02,2,3,2016,4,4,1,9,,4,1,,4,2,4,35,4,1,1,5,0,0,0,0,true,,false,false,false,false,false,,,,,,false,false,false,,,false,false,false,false,false,-83.04288,42.41906,"{
  ""coordinates"": [
    -8.304288339100000e+01,
    4.241906475000010e+01
  ],
  ""type"": ""Point""
}","{
  ""coordinates"": [
    -83.042883391,
    42.41906475
  ],
  ""type"": ""Point""
}",-83.042883391,42.4190647500001
19447,9641431,WARREN,CASS,2016-03-02,2,3,2016,15,4,8,9,,4,0,,2,1,1,30,2,2,4,5,0,0,0,0,true,,false,false,false,false,false,,,,,,false,false,true,,,false,false,false,false,false,-83.06622,42.35627,"{
  ""coordinates"": [
    -8.306622070000000e+01,
    4.235626812700010e+01
  ],
  ""type"": ""Point""
}","{
  ""coordinates"": [
    -83.0662207,
    42.356268127
  ],
  ""type"": ""Point""
}",-83.0662207,42.3562681270001
19448,9641257,SOUTHFIELD SERVICE DRIVE,TROJAN,2016-03-02,2,3,2016,18,4,5,9,,5,0,,1,1,4,55,3,3,5,4,0,0,0,1,false,,false,false,false,false,false,,,,,,false,false,false,,,false,false,false,false,false,-83.21947,42.44091,"{
  ""coordinates"": [
    -8.321946368000000e+01,
    4.244090759200000e+01
  ],
  ""type"": ""Point""
}","{
  ""coordinates"": [
    -83.21946368,
    42.440907592
  ],
  ""type"": ""Point""
}",-83.21946368,42.440907592
19449,9658558,WOODWARD,GRAND,2016-03-02,2,3,2016,20,4,5,3,,1,0,,2,1,4,25,3,2,3,4,0,0,0,1,false,,false,false,false,false,false,,,,,,false,false,false,,,false,false,false,false,false,-83.07314,42.36999,"{
  ""coordinates"": [
    -8.307314528099990e+01,
    4.236999293300000e+01
  ],
  ""type"": ""Point""
}","{
  ""coordinates"": [
    -83.073145281,
    42.369992933
  ],
  ""type"": ""Point""
}",-83.0731452809999,42.369992933
19450,9776420,N M 39,RAMP 012A,2016-03-02,2,3,2016,17,4,5,3,,1,0,,1,1,1,55,3,5,5,4,0,0,0,2,false,,false,false,false,false,false,,,,,,false,false,true,,,false,false,false,false,false,-83.21967,42.44091,"{
  ""coordinates"": [
    -8.321967604799990e+01,
    4.244091397000010e+01
  ],
  ""type"": ""Point""
}","{
  ""coordinates"": [
    -83.219676048,
    42.44091397
  ],
  ""type"": ""Point""
}",-83.2196760479999,42.4409139700001
19451,9654640,FENKELL,GILCHRIST,2016-03-02,2,3,2016,18,4,3,9,,2,0,,1,1,5,35,3,2,3,5,0,0,0,0,true,,true,true,false,false,false,,,,,,false,true,true,,,false,false,false,false,false,-83.21146,42.40123,"{
  ""coordinates"": [
    -8.321145442999990e+01,
    4.240123028400010e+01
  ],
  ""type"": ""Point""
}","{
  ""coordinates"": [
    -83.21145443,
    42.401230284
  ],
  ""type"": ""Point""
}",-83.2114544299999,42.4012302840001
19452,9639191,CHENE,ANTIETAM,2016-03-02,2,3,2016,1,4,1,9,,,1,,4,5,5,25,4,1,2,5,0,0,0,0,true,,false,false,false,false,false,,,,,,false,false,false,,,false,false,false,false,false,-83.02634,42.34665,"{
  ""coordinates"": [
    -8.302634132999999e+01,
    4.234665392000010e+01
  ],
  ""type"": ""Point""
}","{
  ""coordinates"": [
    -83.02634133,
    42.34665392
  ],
  ""type"": ""Point""
}",-83.02634133,42.3466539200001
19453,9643157,CHICAGO,THIRD,2016-03-02,2,3,2016,23,4,5,9,,4,0,,4,5,4,30,6,2,2,5,0,0,0,0,true,,true,true,false,false,false,,,,,,false,false,true,,,false,false,false,false,false,-83.09009,42.38411,"{
  ""coordinates"": [
    -8.309008432900001e+01,
    4.238410540100010e+01
  ],
  ""type"": ""Point""
}","{
  ""coordinates"": [
    -83.090084329,
    42.384105401
  ],
  ""type"": ""Point""
}",-83.090084329,42.3841054010001
19454,9643090,MCGRAW,CHOPIN,2016-03-02,2,3,2016,20,4,97,9,,4,0,,2,1,4,25,2,2,4,5,0,0,0,0,true,,false,false,false,false,false,,,,,,false,false,true,,,false,false,false,false,false,-83.13754,42.33678,"{
  ""coordinates"": [
    -8.313753472600000e+01,
    4.233678005300000e+01
  ],
  ""type"": ""Point""
}","{
  ""coordinates"": [
    -83.137534726,
    42.336780053
  ],
  ""type"": ""Point""
}",-83.137534726,42.336780053
19455,9644047,I-94,BRUSH,2016-03-02,2,3,2016,17,4,5,1,,1,0,,1,2,1,55,3,2,2,5,0,0,0,0,true,,false,false,false,false,false,,,,,,false,false,false,,,false,false,false,false,false,-83.0686,42.3637,"{
  ""coordinates"": [
    -8.306859568399990e+01,
    4.236370482700000e+01
  ],
  ""type"": ""Point""
}","{
  ""coordinates"": [
    -83.068595684,
    42.363704827
  ],
  ""type"": ""Point""
}",-83.0685956839999,42.363704827
19456,9641223,M-39,FENKELL,2016-03-02,2,3,2016,18,4,5,3,,1,0,,1,1,3,55,3,2,2,5,0,0,0,0,true,,false,false,false,false,false,,,,,,false,false,true,,,false,false,false,false,false,-83.21844,42.40473,"{
  ""coordinates"": [
    -8.321844719700000e+01,
    4.240473278200010e+01
  ],
  ""type"": ""Point""
}","{
  ""coordinates"": [
    -83.218447197,
    42.404732782
  ],
  ""type"": ""Point""
}",-83.218447197,42.4047327820001
19457,9641245,WB I-94,CHENE,2016-03-02,2,3,2016,7,4,5,1,,1,0,,3,2,1,55,3,2,2,5,0,0,0,0,true,,false,false,false,false,false,,,,,,false,false,false,,,false,false,false,false,false,-83.04463,42.37507,"{
  ""coordinates"": [
    -8.304462903000000e+01,
    4.237507139700010e+01
  ],
  ""type"": ""Point""
}","{
  ""coordinates"": [
    -83.04462903,
    42.375071397
  ],
  ""type"": ""Point""
}",-83.04462903,42.3750713970001
19458,9641390,MCNICHOLS,RUTHERFORD,2016-03-02,2,3,2016,19,4,4,9,,2,0,,3,1,4,35,4,4,5,5,0,0,0,0,true,,false,false,false,false,false,,,,,,false,false,true,,,false,false,false,false,false,-83.20472,42.41585,"{
  ""coordinates"": [
    -8.320471842400001e+01,
    4.241584913100010e+01
  ],
  ""type"": ""Point""
}","{
  ""coordinates"": [
    -83.204718424,
    42.415849131
  ],
  ""type"": ""Point""
}",-83.204718424,42.4158491310001
19459,9640399,ALTER,OUTER,2016-03-02,2,3,2016,5,4,2,9,,4,2,,3,1,2,30,4,2,2,5,0,0,0,0,true,,false,false,false,false,false,,,,,,false,false,false,,,false,false,false,false,false,-82.95777,42.4017,"{
  ""coordinates"": [
    -8.295776893999989e+01,
    4.240169371600010e+01
  ],
  ""type"": ""Point""
}","{
  ""coordinates"": [
    -82.95776894,
    42.401693716
  ],
  ""type"": ""Point""
}",-82.9577689399999,42.4016937160001
19460,9643096,MCGRAW,CABOT,2016-03-02,2,3,2016,17,4,4,9,,4,0,,6,1,1,25,2,2,2,5,0,0,0,0,true,,false,false,false,true,true,,,,,,false,true,true,,,false,false,false,false,false,-83.1509,42.33141,"{
  ""coordinates"": [
    -8.315090317700000e+01,
    4.233141129100010e+01
  ],
  ""type"": ""Point""
}","{
  ""coordinates"": [
    -83.150903177,
    42.331411291
  ],
  ""type"": ""Point""
}",-83.150903177,42.3314112910001
19461,9657470,I-94,VAN DYKE,2016-03-02,2,3,2016,7,4,8,1,,1,0,,3,5,1,70,3,2,1,5,0,0,0,0,true,,false,false,true,false,false,,,,,,false,false,false,,,false,false,false,false,false,-83.01941,42.38639,"{
  ""coordinates"": [
    -8.301940785799999e+01,
    4.238639484900010e+01
  ],
  ""type"": ""Point""
}","{
  ""coordinates"": [
    -83.019407858,
    42.386394849
  ],
  ""type"": ""Point""
}",-83.019407858,42.3863948490001
19462,9643173,JOY,GRAND RIVER,2016-03-02,2,3,2016,20,4,5,3,,4,0,,97,98,98,35,2,2,2,5,0,0,0,0,true,,false,false,true,false,false,,,,,,false,false,false,,,false,false,false,false,false,-83.13045,42.36532,"{
  ""coordinates"": [
    -8.313044528200000e+01,
    4.236531792400010e+01
  ],
  ""type"": ""Point""
}","{
  ""coordinates"": [
    -83.130445282,
    42.365317924
  ],
  ""type"": ""Point""
}",-83.130445282,42.3653179240001
19463,9641236,I-75,DAVISON,2016-03-02,2,3,2016,6,4,1,1,,1,1,,3,7,4,70,4,1,1,5,0,0,0,0,true,,false,false,false,false,false,,,,,,false,false,false,,,false,false,false,false,false,-83.07988,42.40943,"{
  ""coordinates"": [
    -8.307987886900000e+01,
    4.240942812300010e+01
  ],
  ""type"": ""Point""
}","{
  ""coordinates"": [
    -83.079878869,
    42.409428123
  ],
  ""type"": ""Point""
}",-83.079878869,42.4094281230001
19464,9700745,I-75,TRUMBULL,2016-03-02,2,3,2016,9,4,1,1,,4,1,,3,2,1,55,3,1,2,4,0,0,0,1,false,,false,false,false,false,false,,,,,,false,false,false,,,false,false,false,false,false,-83.06721,42.33538,"{
  ""coordinates"": [
    -8.306720470399991e+01,
    4.233538106000000e+01
  ],
  ""type"": ""Point""
}","{
  ""coordinates"": [
    -83.067204704,
    42.33538106
  ],
  ""type"": ""Point""
}",-83.0672047039999,42.33538106
19465,9642704,I-94,VAN DYKE,2016-03-02,2,3,2016,2,4,1,1,,1,1,,4,5,4,55,3,1,2,5,0,0,0,0,true,,false,false,false,false,false,,,,,,false,false,false,,,false,false,false,false,false,-83.01842,42.38678,"{
  ""coordinates"": [
    -8.301842348700001e+01,
    4.238678290000010e+01
  ],
  ""type"": ""Point""
}","{
  ""coordinates"": [
    -83.018423487,
    42.3867829
  ],
  ""type"": ""Point""
}",-83.018423487,42.3867829000001
19466,9640411,SIXTH,LABROSSE,2016-03-02,2,3,2016,7,4,5,9,,4,0,,3,1,1,0,3,2,3,5,0,0,0,0,true,,false,false,false,false,false,,,,,,false,false,false,,,false,false,false,false,false,-83.06104,42.3302,"{
  ""coordinates"": [
    -8.306104498000001e+01,
    4.233020159300000e+01
  ],
  ""type"": ""Point""
}","{
  ""coordinates"": [
    -83.06104498,
    42.330201593
  ],
  ""type"": ""Point""
}",-83.06104498,42.330201593
19467,9641369,RAMP 217E,E I 94,2016-03-02,2,3,2016,8,4,5,1,,1,0,,3,1,1,0,4,2,3,5,0,0,0,0,true,,false,false,false,false,false,,,,,,false,false,false,,,false,false,false,false,false,-83.03883,42.37704,"{
  ""coordinates"": [
    -8.303882581200000e+01,
    4.237704151400000e+01
  ],
  ""type"": ""Point""
}","{
  ""coordinates"": [
    -83.038825812,
    42.377041514
  ],
  ""type"": ""Point""
}",-83.038825812,42.377041514
19468,9640422,CHALMERS,CHARLEVOIX,2016-03-02,2,3,2016,12,4,5,9,,4,0,,2,2,1,30,2,2,3,4,0,0,0,1,false,,false,false,false,false,false,,,,,,false,false,false,,,false,false,false,false,false,-82.95065,42.38295,"{
  ""coordinates"": [
    -8.295064177700000e+01,
    4.238295414600000e+01
  ],
  ""type"": ""Point""
}","{
  ""coordinates"": [
    -82.950641777,
    42.382954146
  ],
  ""type"": ""Point""
}",-82.950641777,42.382954146
19469,9641396,8 MILE,MOUND,2016-03-02,2,3,2016,16,4,5,3,,1,0,,1,5,1,40,2,2,1,5,0,0,0,0,true,,false,false,false,false,false,,,,,,false,false,false,,,false,false,false,false,false,-83.04397,42.44777,"{
  ""coordinates"": [
    -8.304396615800000e+01,
    4.244776986300010e+01
  ],
  ""type"": ""Point""
}","{
  ""coordinates"": [
    -83.043966158,
    42.447769863
  ],
  ""type"": ""Point""
}",-83.043966158,42.4477698630001
19470,9641353,HURLBUT,CANFIELD,2016-03-02,2,3,2016,23,4,4,9,,,0,,1,1,4,25,2,2,1,5,0,0,0,0,true,,false,false,true,true,false,,,,,,false,false,false,,,false,false,false,false,false,-82.99269,42.37838,"{
  ""coordinates"": [
    -8.299268972100000e+01,
    4.237837538700010e+01
  ],
  ""type"": ""Point""
}","{
  ""coordinates"": [
    -82.992689721,
    42.378375387
  ],
  ""type"": ""Point""
}",-82.992689721,42.3783753870001
19471,9640403,MOUND,DAVISON,2016-03-02,2,3,2016,11,4,97,9,,2,0,,3,2,1,30,6,2,2,5,0,0,0,0,true,,false,false,false,false,false,,,,,,false,false,true,,,false,false,false,false,false,-83.04285,42.42319,"{
  ""coordinates"": [
    -8.304285255300000e+01,
    4.242318917800000e+01
  ],
  ""type"": ""Point""
}","{
  ""coordinates"": [
    -83.042852553,
    42.423189178
  ],
  ""type"": ""Point""
}",-83.042852553,42.423189178
19472,9643159,DUCHESS,GRAYTON,2016-03-02,2,3,2016,16,4,4,9,,,0,,4,2,1,25,2,2,2,5,0,0,0,0,true,,true,false,true,false,false,,,,,,false,false,false,,,false,false,false,false,false,-82.95734,42.42347,"{
  ""coordinates"": [
    -8.295734743700000e+01,
    4.242346829600010e+01
  ],
  ""type"": ""Point""
}","{
  ""coordinates"": [
    -82.957347437,
    42.423468296
  ],
  ""type"": ""Point""
}",-82.957347437,42.4234682960001
19473,9643093,SCOTTEN,MAGNOLIA,2016-03-02,2,3,2016,18,4,8,9,,4,0,,3,5,3,0,2,2,1,5,0,0,0,0,true,,false,false,false,false,false,,,,,,false,false,false,,,false,false,false,false,false,-83.10308,42.33374,"{
  ""coordinates"": [
    -8.310307796500000e+01,
    4.233373535900010e+01
  ],
  ""type"": ""Point""
}","{
  ""coordinates"": [
    -83.103077965,
    42.333735359
  ],
  ""type"": ""Point""
}",-83.103077965,42.3337353590001
19474,9642750,S M 10,RAMP 215H,2016-03-02,2,3,2016,12,4,5,3,,1,0,,2,2,1,55,3,2,2,4,0,0,0,1,false,,false,false,false,false,false,,,,,,false,false,true,,,false,false,false,false,false,-83.07598,42.35786,"{
  ""coordinates"": [
    -8.307597845200000e+01,
    4.235786011700000e+01
  ],
  ""type"": ""Point""
}","{
  ""coordinates"": [
    -83.075978452,
    42.357860117
  ],
  ""type"": ""Point""
}",-83.075978452,42.357860117
19475,9642739,I-75,ROSA PARK,2016-03-02,2,3,2016,11,4,8,1,,1,0,,2,1,1,55,3,2,2,4,0,0,0,1,false,,false,false,false,false,false,,,,,,false,false,false,,,false,false,false,false,false,-83.07259,42.3338,"{
  ""coordinates"": [
    -8.307259216900000e+01,
    4.233380075500000e+01
  ],
  ""type"": ""Point""
}","{
  ""coordinates"": [
    -83.072592169,
    42.333800755
  ],
  ""type"": ""Point""
}",-83.072592169,42.333800755
19476,9647749,BEDFORD,OUTER,2016-03-02,2,3,2016,11,4,4,9,,,0,,4,2,1,25,2,2,2,5,0,0,0,0,true,,false,false,true,false,false,,,,,,false,false,true,,,false,false,false,false,false,-82.9441,42.40682,"{
  ""coordinates"": [
    -8.294410049399990e+01,
    4.240682247500010e+01
  ],
  ""type"": ""Point""
}","{
  ""coordinates"": [
    -82.944100494,
    42.406822475
  ],
  ""type"": ""Point""
}",-82.9441004939999,42.4068224750001
19477,9644192,GREENFIELD,MCNICHOLS,2016-03-02,2,3,2016,9,4,5,9,,2,0,,3,1,1,35,8,2,1,5,0,0,0,0,true,,false,false,true,false,false,,,,,,false,false,false,,,false,false,false,false,false,-83.1993,42.41578,"{
  ""coordinates"": [
    -8.319929959099990e+01,
    4.241577796300000e+01
  ],
  ""type"": ""Point""
}","{
  ""coordinates"": [
    -83.199299591,
    42.415777963
  ],
  ""type"": ""Point""
}",-83.1992995909999,42.415777963
19478,9642707,M10,CHICAGO,2016-03-02,2,3,2016,5,4,5,3,,1,0,,4,2,4,55,3,2,2,5,0,0,0,0,true,,false,false,false,false,false,,,,,,false,false,false,,,false,false,false,false,false,-83.09396,42.3822,"{
  ""coordinates"": [
    -8.309395505399991e+01,
    4.238220219100000e+01
  ],
  ""type"": ""Point""
}","{
  ""coordinates"": [
    -83.093955054,
    42.382202191
  ],
  ""type"": ""Point""
}",-83.0939550539999,42.382202191
19479,9644060,I-96,MARTIN LUTHER KING,2016-03-02,2,3,2016,17,4,8,1,,1,0,,1,1,1,55,4,2,2,5,0,0,0,0,true,,false,false,false,false,false,,,,,,false,true,false,,,false,false,false,false,false,-83.08974,42.3349,"{
  ""coordinates"": [
    -8.308974764500000e+01,
    4.233489558400000e+01
  ],
  ""type"": ""Point""
}","{
  ""coordinates"": [
    -83.089747645,
    42.334895584
  ],
  ""type"": ""Point""
}",-83.089747645,42.334895584
19480,9642748,W I 96,GRAND RIVER,2016-03-02,2,3,2016,10,4,8,1,,1,0,,2,2,1,70,4,2,2,4,0,0,0,1,false,,false,false,false,false,false,,,,,,false,false,false,,,false,false,false,false,false,-83.17443,42.38417,"{
  ""coordinates"": [
    -8.317443282600000e+01,
    4.238417036500000e+01
  ],
  ""type"": ""Point""
}","{
  ""coordinates"": [
    -83.174432826,
    42.384170365
  ],
  ""type"": ""Point""
}",-83.174432826,42.384170365
19481,9640249,W I 94,GRAND,2016-03-02,2,3,2016,12,4,1,1,,1,1,,3,5,1,55,3,1,1,5,0,0,0,0,true,,false,false,false,false,false,,,,,,false,false,false,,,false,false,false,false,false,-83.10926,42.34705,"{
  ""coordinates"": [
    -8.310926235399999e+01,
    4.234705133300000e+01
  ],
  ""type"": ""Point""
}","{
  ""coordinates"": [
    -83.109262354,
    42.347051333
  ],
  ""type"": ""Point""
}",-83.109262354,42.347051333
19482,9644044,E/B I-94,I-75,2016-03-02,2,3,2016,10,4,5,1,,1,0,,3,2,1,55,3,2,2,5,0,0,0,0,true,,true,false,false,false,false,,,,,,false,false,false,,,false,false,false,false,false,-83.06204,42.36658,"{
  ""coordinates"": [
    -8.306204191700000e+01,
    4.236657896500000e+01
  ],
  ""type"": ""Point""
}","{
  ""coordinates"": [
    -83.062041917,
    42.366578965
  ],
  ""type"": ""Point""
}",-83.062041917,42.366578965
19483,9641191,S I 75,FORT,2016-03-02,2,3,2016,6,4,1,1,,1,1,,2,1,4,55,3,1,1,5,0,0,0,0,true,,false,false,false,false,false,,,,,,false,false,true,,,false,false,false,false,false,-83.12302,42.29922,"{
  ""coordinates"": [
    -8.312301469900000e+01,
    4.229921655300010e+01
  ],
  ""type"": ""Point""
}","{
  ""coordinates"": [
    -83.123014699,
    42.299216553
  ],
  ""type"": ""Point""
}",-83.123014699,42.2992165530001
19484,9641343,LODGE,OUTER,2016-03-02,2,3,2016,15,4,4,3,,1,0,,1,1,1,25,3,2,2,5,0,0,0,0,true,,false,false,false,false,false,,,,,,false,false,false,,,false,false,false,false,false,-83.17626,42.4211,"{
  ""coordinates"": [
    -8.317626340600000e+01,
    4.242109761700000e+01
  ],
  ""type"": ""Point""
}","{
  ""coordinates"": [
    -83.176263406,
    42.421097617
  ],
  ""type"": ""Point""
}",-83.176263406,42.421097617