ObjectId,Crash ID,Primary Road,Intersecting Road,Crash Date,Day,Month,Year,Hour,Weekday,Crash Type Code,Highway Classification Code,Community Code,Jurisdiction Code,Lane Departure Type Code,Surface Type,Road Condition,Weather Condition,Lighting Condition,Speed Limit,Lanes,Units,Occupants,Most Severe Injury,Fatal Injuries,Suspected Serious Injuries,Suspected Minor Injuries,Possible Injuries,Property Damage Only,Secondary Crash,Traffic Control,Red Light Run,Hit and Run,Alcohol,Drugs,Unbelted Person,Work Zone,Speeding Driver,Distracted Driver,Driveway,Pedestrian,Elderly Driver,Young Driver,Commercial Vehicle,Emergency Vehicles,Train,School Bus,Motorcycle,Bicycle,Deer,Longitude,Latitude,geom,geog,x,y
19485,9657570,WARREN,I 75 SERVICE,2016-03-02,2,3,2016,22,4,5,9,,4,0,,1,2,4,30,4,2,2,5,0,0,0,0,true,,false,false,true,false,false,,,,,,false,true,false,,,false,false,false,false,false,-83.05357,42.36107,"{
  ""coordinates"": [
    -8.305356564899991e+01,
    4.236106765600000e+01
  ],
  ""type"": ""Point""
}","{
  ""coordinates"": [
    -83.053565649,
    42.361067656
  ],
  ""type"": ""Point""
}",-83.0535656489999,42.361067656
19486,9641385,CURTIS,EVERGREEN,2016-03-02,2,3,2016,13,4,97,9,,,0,,3,1,1,25,2,2,2,5,0,0,0,0,true,,false,false,false,false,false,,,,,,false,true,false,,,false,false,false,false,false,-83.23759,42.42239,"{
  ""coordinates"": [
    -8.323759405999991e+01,
    4.242238551000000e+01
  ],
  ""type"": ""Point""
}","{
  ""coordinates"": [
    -83.23759406,
    42.42238551
  ],
  ""type"": ""Point""
}",-83.2375940599999,42.42238551
19487,9645677,S M 10,CHICAGO,2016-03-02,2,3,2016,10,4,5,3,,1,0,,2,1,1,55,3,2,2,5,0,0,0,0,true,,false,false,false,false,false,,,,,,false,false,true,,,false,false,false,false,false,-83.09612,42.38266,"{
  ""coordinates"": [
    -8.309612545399990e+01,
    4.238265699200010e+01
  ],
  ""type"": ""Point""
}","{
  ""coordinates"": [
    -83.096125454,
    42.382656992
  ],
  ""type"": ""Point""
}",-83.0961254539999,42.3826569920001
19488,9643150,TELEGRAPH,SEVEN MILE,2016-03-02,2,3,2016,9,4,2,2,,1,2,,6,1,1,45,4,2,2,5,0,0,0,0,true,,false,false,false,false,false,,,,,,false,false,false,,,false,false,false,false,false,-83.27753,42.42839,"{
  ""coordinates"": [
    -8.327752942200000e+01,
    4.242838767400010e+01
  ],
  ""type"": ""Point""
}","{
  ""coordinates"": [
    -83.277529422,
    42.428387674
  ],
  ""type"": ""Point""
}",-83.277529422,42.4283876740001
19489,9640423,THREE MILE,OUTER,2016-03-02,2,3,2016,17,4,4,9,,,0,,6,5,1,25,2,2,2,5,0,0,0,0,true,,false,false,true,false,false,,,,,,false,false,false,,,false,false,false,false,false,-82.94315,42.40723,"{
  ""coordinates"": [
    -8.294315030099990e+01,
    4.240723213000010e+01
  ],
  ""type"": ""Point""
}","{
  ""coordinates"": [
    -82.943150301,
    42.40723213
  ],
  ""type"": ""Point""
}",-82.9431503009999,42.4072321300001
19490,9640254,RAMP 216H,RAMP 216G,2016-03-02,2,3,2016,13,4,1,1,,1,1,,3,5,4,35,1,1,1,5,0,0,0,0,true,,false,false,false,false,false,,,,,,false,false,false,,,false,false,false,false,false,-83.05648,42.36988,"{
  ""coordinates"": [
    -8.305648077799999e+01,
    4.236987789900010e+01
  ],
  ""type"": ""Point""
}","{
  ""coordinates"": [
    -83.056480778,
    42.369877899
  ],
  ""type"": ""Point""
}",-83.056480778,42.3698778990001
19491,9654641,SOUTHFIELD SERVICE DRIVE,CURTIS,2016-03-02,2,3,2016,18,4,5,9,,4,0,,1,2,3,65,3,2,2,5,0,0,0,0,true,,false,false,false,false,false,,,,,,false,false,false,,,false,false,false,false,false,-83.21939,42.42305,"{
  ""coordinates"": [
    -8.321938943600000e+01,
    4.242304821800010e+01
  ],
  ""type"": ""Point""
}","{
  ""coordinates"": [
    -83.219389436,
    42.423048218
  ],
  ""type"": ""Point""
}",-83.219389436,42.4230482180001
19492,9641386,I 96 SERVICE,TELEGRAPH,2016-03-02,2,3,2016,17,4,97,1,,1,0,,3,1,1,35,2,2,2,5,0,0,0,0,true,,false,false,false,false,false,,,,,,false,false,false,,,false,false,false,false,false,-83.27421,42.38589,"{
  ""coordinates"": [
    -8.327420758499990e+01,
    4.238588592400000e+01
  ],
  ""type"": ""Point""
}","{
  ""coordinates"": [
    -83.274207585,
    42.385885924
  ],
  ""type"": ""Point""
}",-83.2742075849999,42.385885924
19493,9640246,I-75,DAVISON,2016-03-02,2,3,2016,8,4,8,1,,1,0,,3,5,1,55,4,2,1,5,0,0,0,0,true,,false,false,true,false,false,,,,,,false,false,true,,,false,false,false,false,false,-83.08026,42.4099,"{
  ""coordinates"": [
    -8.308026432900000e+01,
    4.240989615600010e+01
  ],
  ""type"": ""Point""
}","{
  ""coordinates"": [
    -83.080264329,
    42.409896156
  ],
  ""type"": ""Point""
}",-83.080264329,42.4098961560001
19494,9640389,CENTRAL,JOHN KRONK,2016-03-02,2,3,2016,10,4,5,9,,4,0,,4,5,1,25,2,2,2,5,0,0,0,0,true,,false,false,false,false,false,,,,,,false,false,false,,,false,false,false,false,false,-83.13167,42.32281,"{
  ""coordinates"": [
    -8.313167092700000e+01,
    4.232281668300000e+01
  ],
  ""type"": ""Point""
}","{
  ""coordinates"": [
    -83.131670927,
    42.322816683
  ],
  ""type"": ""Point""
}",-83.131670927,42.322816683
19495,9644158,WOOWARD,BRYSON,2016-03-02,2,3,2016,20,4,1,3,,1,0,,3,5,5,40,4,1,4,4,0,0,0,3,false,,false,false,false,false,false,,,,,,false,false,true,,,false,false,false,false,false,-83.11605,42.43369,"{
  ""coordinates"": [
    -8.311605340400000e+01,
    4.243369373100010e+01
  ],
  ""type"": ""Point""
}","{
  ""coordinates"": [
    -83.116053404,
    42.433693731
  ],
  ""type"": ""Point""
}",-83.116053404,42.4336937310001
19496,9640414,SHELBY,MICHIGAN,2016-03-02,2,3,2016,9,4,4,9,,4,0,,4,5,1,25,9,2,2,5,0,0,0,0,true,,false,false,false,false,false,,,,,,false,false,false,,,false,false,false,false,false,-83.04995,42.33165,"{
  ""coordinates"": [
    -8.304994610400000e+01,
    4.233165203500000e+01
  ],
  ""type"": ""Point""
}","{
  ""coordinates"": [
    -83.049946104,
    42.331652035
  ],
  ""type"": ""Point""
}",-83.049946104,42.331652035
19497,9657439,I-94,VAN DYKE,2016-03-02,2,3,2016,7,4,97,1,,1,1,,3,5,1,55,3,1,1,2,0,1,0,0,false,,false,false,true,false,false,,,,,,false,false,false,,,false,false,false,false,false,-83.01842,42.38678,"{
  ""coordinates"": [
    -8.301842348700001e+01,
    4.238678290000010e+01
  ],
  ""type"": ""Point""
}","{
  ""coordinates"": [
    -83.018423487,
    42.3867829
  ],
  ""type"": ""Point""
}",-83.018423487,42.3867829000001
19498,9640380,I-75,DAVISON,2016-03-02,2,3,2016,8,4,5,1,,1,0,,3,1,1,70,4,2,2,5,0,0,0,0,true,,false,false,false,false,false,,,,,,false,false,false,,,false,false,false,false,false,-83.08058,42.40988,"{
  ""coordinates"": [
    -8.308058225300000e+01,
    4.240988069200010e+01
  ],
  ""type"": ""Point""
}","{
  ""coordinates"": [
    -83.080582253,
    42.409880692
  ],
  ""type"": ""Point""
}",-83.080582253,42.4098806920001
19499,9640396,KEATING,WINCHESTER,2016-03-02,2,3,2016,7,4,2,9,,,2,,4,1,4,25,1,2,0,5,0,0,0,0,true,,false,false,true,false,false,,,,,,false,false,false,,,false,false,false,false,false,-83.10062,42.44458,"{
  ""coordinates"": [
    -8.310062064700000e+01,
    4.244458421200010e+01
  ],
  ""type"": ""Point""
}","{
  ""coordinates"": [
    -83.100620647,
    42.444584212
  ],
  ""type"": ""Point""
}",-83.100620647,42.4445842120001
19500,9643082,HARTWELL,JOY,2016-03-02,2,3,2016,13,4,1,9,,,1,,3,1,1,25,2,2,1,4,0,0,0,1,false,,false,false,false,false,false,,,,,,true,false,false,,,false,false,false,false,false,-83.17635,42.36131,"{
  ""coordinates"": [
    -8.317635012999990e+01,
    4.236131301500010e+01
  ],
  ""type"": ""Point""
}","{
  ""coordinates"": [
    -83.17635013,
    42.361313015
  ],
  ""type"": ""Point""
}",-83.1763501299999,42.3613130150001
19501,9645765,TRUMBULL,SELDEN,2016-03-01,1,3,2016,23,3,1,9,,4,1,,4,5,4,0,4,1,3,4,0,0,0,3,false,,false,false,false,false,false,,,,,,false,false,false,,,false,false,false,false,false,-83.07426,42.34433,"{
  ""coordinates"": [
    -8.307426338200000e+01,
    4.234432882800010e+01
  ],
  ""type"": ""Point""
}","{
  ""coordinates"": [
    -83.074263382,
    42.344328828
  ],
  ""type"": ""Point""
}",-83.074263382,42.3443288280001
19502,9644160,WYOMING,MARGARETA,2016-03-01,1,3,2016,8,3,2,9,,4,2,,3,2,1,30,1,2,2,5,0,0,0,0,true,,false,false,true,false,false,,,,,,false,true,false,,,false,false,false,false,false,-83.16084,42.42799,"{
  ""coordinates"": [
    -8.316084669200001e+01,
    4.242798586100000e+01
  ],
  ""type"": ""Point""
}","{
  ""coordinates"": [
    -83.160846692,
    42.427985861
  ],
  ""type"": ""Point""
}",-83.160846692,42.427985861
19503,9643078,GRAND RIVER,OAKMAN,2016-03-01,1,3,2016,19,3,9,3,,1,0,,4,5,5,25,3,2,2,5,0,0,0,0,true,,false,false,false,false,false,,,,,,false,false,true,,,false,false,false,false,false,-83.15071,42.37347,"{
  ""coordinates"": [
    -8.315071188500001e+01,
    4.237346591900010e+01
  ],
  ""type"": ""Point""
}","{
  ""coordinates"": [
    -83.150711885,
    42.373465919
  ],
  ""type"": ""Point""
}",-83.150711885,42.3734659190001
19504,9643056,WARREN,RUSSELL,2016-03-01,1,3,2016,17,3,5,9,,4,0,,4,5,1,0,3,2,2,5,0,0,0,0,true,,false,false,false,false,false,,,,,,false,false,false,,,false,false,false,false,false,-83.05078,42.36207,"{
  ""coordinates"": [
    -8.305078312099990e+01,
    4.236207353100010e+01
  ],
  ""type"": ""Point""
}","{
  ""coordinates"": [
    -83.050783121,
    42.362073531
  ],
  ""type"": ""Point""
}",-83.0507831209999,42.3620735310001
19505,9639247,DAVISON,LIVERNOIS,2016-03-01,1,3,2016,8,3,4,3,,1,0,,3,5,1,30,3,2,3,5,0,0,0,0,true,,false,false,false,false,false,,,,,,false,false,false,,,false,false,false,false,false,-83.13948,42.38669,"{
  ""coordinates"": [
    -8.313948077600000e+01,
    4.238669208400010e+01
  ],
  ""type"": ""Point""
}","{
  ""coordinates"": [
    -83.139480776,
    42.386692084
  ],
  ""type"": ""Point""
}",-83.139480776,42.3866920840001
19506,9646589,WB I94,LONYO,2016-03-01,1,3,2016,21,3,1,1,,1,1,,6,5,4,55,3,1,1,5,0,0,0,0,true,,false,false,false,false,false,,,,,,false,false,false,,,false,false,false,false,false,-83.14131,42.33198,"{
  ""coordinates"": [
    -8.314130789500000e+01,
    4.233198219900000e+01
  ],
  ""type"": ""Point""
}","{
  ""coordinates"": [
    -83.141307895,
    42.331982199
  ],
  ""type"": ""Point""
}",-83.141307895,42.331982199
19507,9642778,E I 96,E I 96 CD,2016-03-01,1,3,2016,17,3,1,1,,1,1,,4,5,3,70,3,1,1,5,0,0,0,0,true,,false,false,false,false,false,,,,,,false,false,true,,,false,false,false,false,false,-83.25153,42.38538,"{
  ""coordinates"": [
    -8.325153731200000e+01,
    4.238537565300000e+01
  ],
  ""type"": ""Point""
}","{
  ""coordinates"": [
    -83.251537312,
    42.385375653
  ],
  ""type"": ""Point""
}",-83.251537312,42.385375653
19508,9642766,S M 39,RAMP 008H,2016-03-01,1,3,2016,7,3,5,3,,1,0,,3,5,1,55,3,5,4,4,0,0,0,1,false,,false,false,true,false,false,,,,,,false,false,false,,,false,false,false,false,false,-83.21763,42.38456,"{
  ""coordinates"": [
    -8.321762970899989e+01,
    4.238455913600010e+01
  ],
  ""type"": ""Point""
}","{
  ""coordinates"": [
    -83.217629709,
    42.384559136
  ],
  ""type"": ""Point""
}",-83.2176297089999,42.3845591360001
19509,9642701,RAMP 109D,N M 10,2016-03-01,1,3,2016,7,3,97,3,,1,0,,3,5,5,45,1,2,2,5,0,0,0,0,true,,false,false,false,false,false,,,,,,false,false,false,,,false,false,false,false,false,-83.1081,42.39635,"{
  ""coordinates"": [
    -8.310810306199990e+01,
    4.239635374900010e+01
  ],
  ""type"": ""Point""
}","{
  ""coordinates"": [
    -83.108103062,
    42.396353749
  ],
  ""type"": ""Point""
}",-83.1081030619999,42.3963537490001
19510,9639058,I-75,DAVISON,2016-03-01,1,3,2016,10,3,5,1,,1,0,,2,2,1,55,4,2,1,4,0,0,0,1,false,,false,false,true,false,false,,,,,,false,false,false,,,false,false,false,false,false,-83.07933,42.40877,"{
  ""coordinates"": [
    -8.307933019599990e+01,
    4.240876989800010e+01
  ],
  ""type"": ""Point""
}","{
  ""coordinates"": [
    -83.079330196,
    42.408769898
  ],
  ""type"": ""Point""
}",-83.0793301959999,42.4087698980001
19511,9640430,STATE FAIR,GRATIOT,2016-03-01,1,3,2016,17,3,5,3,,4,0,,3,5,4,25,2,2,1,5,0,0,0,0,true,,false,false,true,false,false,,,,,,false,false,false,,,false,false,false,false,false,-82.9728,42.4425,"{
  ""coordinates"": [
    -8.297279812100000e+01,
    4.244249940100010e+01
  ],
  ""type"": ""Point""
}","{
  ""coordinates"": [
    -82.972798121,
    42.442499401
  ],
  ""type"": ""Point""
}",-82.972798121,42.4424994010001
19512,9665939,MCNICHOLS,RUTHERFORD,2016-03-01,1,3,2016,13,3,5,9,,2,0,,1,1,1,35,4,2,2,5,0,0,0,0,true,,false,false,false,false,false,,,,,,false,false,false,,,false,false,false,false,false,-83.20472,42.41585,"{
  ""coordinates"": [
    -8.320471842400001e+01,
    4.241584913100010e+01
  ],
  ""type"": ""Point""
}","{
  ""coordinates"": [
    -83.204718424,
    42.415849131
  ],
  ""type"": ""Point""
}",-83.204718424,42.4158491310001
19513,9639208,RAMP 217A,E I 94,2016-03-01,1,3,2016,16,3,8,1,,1,0,,2,4,1,30,1,2,4,5,0,0,0,0,true,,false,false,false,false,false,,,,,,false,true,false,,,false,false,false,false,false,-83.04897,42.37315,"{
  ""coordinates"": [
    -8.304896295099999e+01,
    4.237315323200000e+01
  ],
  ""type"": ""Point""
}","{
  ""coordinates"": [
    -83.048962951,
    42.373153232
  ],
  ""type"": ""Point""
}",-83.048962951,42.373153232
19514,9639238,EIGHT MILE,LINDSAY,2016-03-01,1,3,2016,19,3,5,3,,1,0,,3,5,4,35,4,2,2,5,0,0,0,0,true,,false,false,false,false,false,,,,,,false,false,false,,,false,false,false,false,false,-83.21531,42.44428,"{
  ""coordinates"": [
    -8.321530631400000e+01,
    4.244427943000010e+01
  ],
  ""type"": ""Point""
}","{
  ""coordinates"": [
    -83.215306314,
    42.44427943
  ],
  ""type"": ""Point""
}",-83.215306314,42.4442794300001
19515,9644942,M 10,WYOMING,2016-03-01,1,3,2016,10,3,1,3,,1,1,,4,5,4,55,3,1,1,5,0,0,0,0,true,,false,false,false,false,false,,,,,,false,false,false,,,false,false,false,false,false,-83.16145,42.40593,"{
  ""coordinates"": [
    -8.316145008399999e+01,
    4.240592424700000e+01
  ],
  ""type"": ""Point""
}","{
  ""coordinates"": [
    -83.161450084,
    42.405924247
  ],
  ""type"": ""Point""
}",-83.161450084,42.405924247
19516,9641381,CHICAGO,ASBURY,2016-03-01,1,3,2016,19,3,97,9,,4,0,,1,5,1,35,2,2,1,5,0,0,0,0,true,,false,false,true,false,false,,,,,,false,false,false,,,false,false,false,false,false,-83.20686,42.36522,"{
  ""coordinates"": [
    -8.320685653699999e+01,
    4.236521729300010e+01
  ],
  ""type"": ""Point""
}","{
  ""coordinates"": [
    -83.206856537,
    42.365217293
  ],
  ""type"": ""Point""
}",-83.206856537,42.3652172930001
19517,9637855,S M 39,SCHOOLCRAFT,2016-03-01,1,3,2016,7,3,5,3,,1,0,,3,2,2,55,3,2,2,5,0,0,0,0,true,,false,false,false,false,false,,,,,,false,false,false,,,false,false,false,false,false,-83.21768,42.38569,"{
  ""coordinates"": [
    -8.321768489999990e+01,
    4.238569148300010e+01
  ],
  ""type"": ""Point""
}","{
  ""coordinates"": [
    -83.2176849,
    42.385691483
  ],
  ""type"": ""Point""
}",-83.2176848999999,42.3856914830001
19518,9642733,I-75,7 MILE,2016-03-01,1,3,2016,5,3,5,1,,1,0,,3,5,4,70,4,2,2,5,0,0,0,0,true,,false,false,true,false,false,,,,,,false,false,true,,,false,false,false,false,false,-83.09458,42.43193,"{
  ""coordinates"": [
    -8.309458327899991e+01,
    4.243193386700010e+01
  ],
  ""type"": ""Point""
}","{
  ""coordinates"": [
    -83.094583279,
    42.431933867
  ],
  ""type"": ""Point""
}",-83.0945832789999,42.4319338670001
19519,9643145,MCNICHOLS,WINSTON,2016-03-01,1,3,2016,17,3,8,9,,2,0,,4,7,1,35,4,3,3,5,0,0,0,0,true,,false,false,false,false,false,,,,,,false,false,true,,,false,false,false,false,false,-83.28308,42.41436,"{
  ""coordinates"": [
    -8.328308205699990e+01,
    4.241435459800000e+01
  ],
  ""type"": ""Point""
}","{
  ""coordinates"": [
    -83.283082057,
    42.414354598
  ],
  ""type"": ""Point""
}",-83.2830820569999,42.414354598
19520,9639248,CLAIRMONT,LINWOOD,2016-03-01,1,3,2016,17,3,4,9,,4,0,,4,5,1,30,2,2,3,5,0,0,0,0,true,,false,false,true,false,false,,,,,,false,true,false,,,false,false,false,false,false,-83.10847,42.37304,"{
  ""coordinates"": [
    -8.310846371000000e+01,
    4.237304287800000e+01
  ],
  ""type"": ""Point""
}","{
  ""coordinates"": [
    -83.10846371,
    42.373042878
  ],
  ""type"": ""Point""
}",-83.10846371,42.373042878
19521,9639231,DEXTER,DUANE,2016-03-01,1,3,2016,14,3,1,9,,4,0,,2,4,1,35,7,2,0,3,0,0,1,0,false,,false,false,true,false,false,,,,,,true,false,false,,,false,false,false,false,false,-83.12534,42.38153,"{
  ""coordinates"": [
    -8.312533725899991e+01,
    4.238153195600010e+01
  ],
  ""type"": ""Point""
}","{
  ""coordinates"": [
    -83.125337259,
    42.381531956
  ],
  ""type"": ""Point""
}",-83.1253372589999,42.3815319560001
19522,9639256,WOODWARD,ROBINWOOD,2016-03-01,1,3,2016,19,3,5,3,,1,0,,4,5,4,35,4,2,2,5,0,0,0,0,true,,false,false,false,false,false,,,,,,false,false,false,,,false,false,false,false,false,-83.1133,42.42966,"{
  ""coordinates"": [
    -8.311330024999999e+01,
    4.242965693100010e+01
  ],
  ""type"": ""Point""
}","{
  ""coordinates"": [
    -83.11330025,
    42.429656931
  ],
  ""type"": ""Point""
}",-83.11330025,42.4296569310001
19523,9639218,ST JEAN,SHOEMAKER,2016-03-01,1,3,2016,5,3,1,9,,4,1,,3,1,4,30,4,1,1,5,0,0,0,0,true,,false,false,false,false,false,,,,,,false,false,false,,,false,false,false,false,false,-82.98579,42.39024,"{
  ""coordinates"": [
    -8.298578403300000e+01,
    4.239024202400000e+01
  ],
  ""type"": ""Point""
}","{
  ""coordinates"": [
    -82.985784033,
    42.390242024
  ],
  ""type"": ""Point""
}",-82.985784033,42.390242024
19524,9643105,CARBON,FORMAN,2016-03-01,1,3,2016,18,3,1,9,,,1,,4,5,5,25,2,1,1,5,0,0,0,0,true,,false,false,false,false,false,,,,,,false,false,true,,,false,false,false,false,false,-83.1353,42.28842,"{
  ""coordinates"": [
    -8.313530251000000e+01,
    4.228841925300000e+01
  ],
  ""type"": ""Point""
}","{
  ""coordinates"": [
    -83.13530251,
    42.288419253
  ],
  ""type"": ""Point""
}",-83.13530251,42.288419253
19525,9639210,NEVADA,CARRIE,2016-03-01,1,3,2016,15,3,4,9,,4,0,,2,7,1,35,2,2,2,5,0,0,0,0,true,,false,false,false,false,false,,,,,,false,false,false,,,false,false,false,false,false,-83.03014,42.42661,"{
  ""coordinates"": [
    -8.303014255600000e+01,
    4.242660355700010e+01
  ],
  ""type"": ""Point""
}","{
  ""coordinates"": [
    -83.030142556,
    42.426603557
  ],
  ""type"": ""Point""
}",-83.030142556,42.4266035570001
19526,9653383,8 MILE,WOODWARD,2016-03-01,1,3,2016,6,3,97,3,,1,0,,3,2,2,40,4,2,2,5,0,0,0,0,true,,false,false,false,false,false,,,,,,false,false,false,,,false,false,false,false,false,-83.12474,42.44651,"{
  ""coordinates"": [
    -8.312473752400000e+01,
    4.244650861400000e+01
  ],
  ""type"": ""Point""
}","{
  ""coordinates"": [
    -83.124737524,
    42.446508614
  ],
  ""type"": ""Point""
}",-83.124737524,42.446508614
19527,9640435,SAINT LOUIS,OAKLEY,2016-03-01,1,3,2016,16,3,5,9,,,0,,3,5,3,20,2,2,2,5,0,0,0,0,true,,false,false,true,false,false,,,,,,false,false,false,,,false,false,false,false,false,-83.04041,42.43907,"{
  ""coordinates"": [
    -8.304040707699990e+01,
    4.243906669500010e+01
  ],
  ""type"": ""Point""
}","{
  ""coordinates"": [
    -83.040407077,
    42.439066695
  ],
  ""type"": ""Point""
}",-83.0404070769999,42.4390666950001
19528,9639252,W I 94,GRAND,2016-03-01,1,3,2016,9,3,4,1,,1,0,,3,2,1,30,2,2,4,5,0,0,0,0,true,,false,false,false,false,false,,,,,,false,false,false,,,false,false,false,false,false,-83.04144,42.37626,"{
  ""coordinates"": [
    -8.304144573600000e+01,
    4.237626113400010e+01
  ],
  ""type"": ""Point""
}","{
  ""coordinates"": [
    -83.041445736,
    42.376261134
  ],
  ""type"": ""Point""
}",-83.041445736,42.3762611340001
19529,9643055,CADIEUX,MORANG,2016-03-01,1,3,2016,8,3,97,9,,4,0,,3,5,1,30,4,2,2,5,0,0,0,0,true,,false,false,false,false,false,,,,,,false,true,false,,,false,false,false,false,false,-82.94037,42.4221,"{
  ""coordinates"": [
    -8.294037150000000e+01,
    4.242210500200010e+01
  ],
  ""type"": ""Point""
}","{
  ""coordinates"": [
    -82.9403715,
    42.422105002
  ],
  ""type"": ""Point""
}",-82.9403715,42.4221050020001
19530,9643032,GRAND RIVER,MCNICHOLS,2016-03-01,1,3,2016,13,3,4,3,,1,0,,1,2,1,35,6,2,3,4,0,0,0,1,false,,true,true,false,false,false,,,,,,false,true,false,,,false,false,false,false,false,-83.25317,42.41473,"{
  ""coordinates"": [
    -8.325316839200001e+01,
    4.241472930100010e+01
  ],
  ""type"": ""Point""
}","{
  ""coordinates"": [
    -83.253168392,
    42.414729301
  ],
  ""type"": ""Point""
}",-83.253168392,42.4147293010001
19531,9639216,KERCHEVAL,DICKERSON,2016-03-01,1,3,2016,7,3,4,9,,4,0,,3,5,1,30,4,2,2,5,0,0,0,0,true,,false,false,false,false,false,,,,,,false,false,false,,,false,false,false,false,false,-82.95606,42.37567,"{
  ""coordinates"": [
    -8.295606479000000e+01,
    4.237566862400010e+01
  ],
  ""type"": ""Point""
}","{
  ""coordinates"": [
    -82.95606479,
    42.375668624
  ],
  ""type"": ""Point""
}",-82.95606479,42.3756686240001
19532,9642736,M10,CALVERT,2016-03-01,1,3,2016,18,3,5,3,,1,0,,4,5,4,55,3,2,2,5,0,0,0,0,true,,false,false,false,false,false,,,,,,false,false,false,,,false,false,false,false,false,-83.0993,42.38428,"{
  ""coordinates"": [
    -8.309929428600000e+01,
    4.238427817600010e+01
  ],
  ""type"": ""Point""
}","{
  ""coordinates"": [
    -83.099294286,
    42.384278176
  ],
  ""type"": ""Point""
}",-83.099294286,42.3842781760001
19533,9639209,CONANT,NEVADA,2016-03-01,1,3,2016,8,3,5,9,,4,0,,3,1,1,35,2,2,2,5,0,0,0,0,true,,false,false,false,false,false,,,,,,false,false,false,,,false,false,false,false,false,-83.06863,42.42586,"{
  ""coordinates"": [
    -8.306862339000000e+01,
    4.242585840200010e+01
  ],
  ""type"": ""Point""
}","{
  ""coordinates"": [
    -83.06862339,
    42.425858402
  ],
  ""type"": ""Point""
}",-83.06862339,42.4258584020001
19534,9776537,WARREN,AUDUBON,2016-03-01,1,3,2016,17,3,4,9,,4,0,,3,5,3,35,7,2,4,5,0,0,0,0,true,,false,false,false,false,false,,,,,,false,true,true,,,false,false,false,false,false,-82.93781,42.40314,"{
  ""coordinates"": [
    -8.293781590400000e+01,
    4.240314066600010e+01
  ],
  ""type"": ""Point""
}","{
  ""coordinates"": [
    -82.937815904,
    42.403140666
  ],
  ""type"": ""Point""
}",-82.937815904,42.4031406660001
19535,9639196,JEFFERSON,SAINT AUBIN,2016-03-01,1,3,2016,11,3,5,9,,4,0,,1,1,1,30,8,2,4,4,0,0,0,3,false,,false,false,false,false,false,,,,,,false,false,false,,,false,false,false,false,false,-83.02706,42.33634,"{
  ""coordinates"": [
    -8.302705845199991e+01,
    4.233633631200010e+01
  ],
  ""type"": ""Point""
}","{
  ""coordinates"": [
    -83.027058452,
    42.336336312
  ],
  ""type"": ""Point""
}",-83.0270584519999,42.3363363120001
19536,9657538,MCNICHOLS,ROSEMONT,2016-03-01,1,3,2016,16,3,5,9,,2,0,,4,7,1,35,6,2,2,5,0,0,0,0,true,,false,false,false,false,false,,,,,,false,false,true,,,false,false,false,false,false,-83.22143,42.4155,"{
  ""coordinates"": [
    -8.322143006100001e+01,
    4.241549922800000e+01
  ],
  ""type"": ""Point""
}","{
  ""coordinates"": [
    -83.221430061,
    42.415499228
  ],
  ""type"": ""Point""
}",-83.221430061,42.415499228
19537,9639258,PONTCHARTRAIN,MERRILL PLAISANCE,2016-03-01,1,3,2016,17,3,8,9,,4,0,,4,5,1,30,4,2,2,4,0,0,0,1,false,,false,false,false,false,false,,,,,,false,false,true,,,false,false,false,false,false,-83.12105,42.42476,"{
  ""coordinates"": [
    -8.312104945800000e+01,
    4.242476229600000e+01
  ],
  ""type"": ""Point""
}","{
  ""coordinates"": [
    -83.121049458,
    42.424762296
  ],
  ""type"": ""Point""
}",-83.121049458,42.424762296
19538,9637882,M-39,PURITAN,2016-03-01,1,3,2016,6,3,1,3,,1,1,,2,4,2,55,3,1,1,5,0,0,0,0,true,,false,false,false,false,false,,,,,,false,false,true,,,false,false,false,false,false,-83.21874,42.40887,"{
  ""coordinates"": [
    -8.321874009100000e+01,
    4.240887433000010e+01
  ],
  ""type"": ""Point""
}","{
  ""coordinates"": [
    -83.218740091,
    42.40887433
  ],
  ""type"": ""Point""
}",-83.218740091,42.4088743300001
19539,9642728,I-75,SPRINGWELLS,2016-03-01,1,3,2016,4,3,1,1,,1,1,,4,5,4,70,4,1,1,5,0,0,0,0,true,,false,false,false,false,false,,,,,,false,false,true,,,false,false,false,false,false,-83.12,42.3013,"{
  ""coordinates"": [
    -8.311999366299990e+01,
    4.230129476200010e+01
  ],
  ""type"": ""Point""
}","{
  ""coordinates"": [
    -83.119993663,
    42.301294762
  ],
  ""type"": ""Point""
}",-83.1199936629999,42.3012947620001
19540,9644189,MEYERS,7 MILE,2016-03-01,1,3,2016,8,3,6,9,,4,0,,3,2,1,30,4,2,2,5,0,0,0,0,true,,false,false,false,false,false,,,,,,false,false,false,,,false,false,false,false,false,-83.17068,42.43104,"{
  ""coordinates"": [
    -8.317068109500001e+01,
    4.243104227000000e+01
  ],
  ""type"": ""Point""
}","{
  ""coordinates"": [
    -83.170681095,
    42.43104227
  ],
  ""type"": ""Point""
}",-83.170681095,42.43104227
19541,9642729,I-75,SPRINGWELLS,2016-03-01,1,3,2016,4,3,97,1,,1,0,,4,5,4,70,4,2,2,5,0,0,0,0,true,,false,false,true,false,false,,,,,,false,false,true,,,false,false,false,false,false,-83.11967,42.30143,"{
  ""coordinates"": [
    -8.311966875800000e+01,
    4.230142745300000e+01
  ],
  ""type"": ""Point""
}","{
  ""coordinates"": [
    -83.119668758,
    42.301427453
  ],
  ""type"": ""Point""
}",-83.119668758,42.301427453