ObjectId,Crash ID,Primary Road,Intersecting Road,Crash Date,Day,Month,Year,Hour,Weekday,Crash Type Code,Highway Classification Code,Community Code,Jurisdiction Code,Lane Departure Type Code,Surface Type,Road Condition,Weather Condition,Lighting Condition,Speed Limit,Lanes,Units,Occupants,Most Severe Injury,Fatal Injuries,Suspected Serious Injuries,Suspected Minor Injuries,Possible Injuries,Property Damage Only,Secondary Crash,Traffic Control,Red Light Run,Hit and Run,Alcohol,Drugs,Unbelted Person,Work Zone,Speeding Driver,Distracted Driver,Driveway,Pedestrian,Elderly Driver,Young Driver,Commercial Vehicle,Emergency Vehicles,Train,School Bus,Motorcycle,Bicycle,Deer,Longitude,Latitude,geom,geog,x,y
19542,9642763,N M 10,HOWARD,2016-03-01,1,3,2016,19,3,1,3,,1,1,,4,5,5,55,3,1,1,5,0,0,0,0,true,,false,false,false,false,false,,,,,,false,false,false,,,false,false,false,false,false,-83.05817,42.32896,"{
  ""coordinates"": [
    -8.305817171500000e+01,
    4.232896291100010e+01
  ],
  ""type"": ""Point""
}","{
  ""coordinates"": [
    -83.058171715,
    42.328962911
  ],
  ""type"": ""Point""
}",-83.058171715,42.3289629110001
19543,9641391,WADE,PHILLIP,2016-03-01,1,3,2016,0,3,5,9,,,0,,1,1,4,25,1,2,2,4,0,0,0,1,false,,false,false,true,false,false,,,,,,false,false,false,,,false,false,false,false,false,-82.96342,42.40861,"{
  ""coordinates"": [
    -8.296342475599990e+01,
    4.240861221600010e+01
  ],
  ""type"": ""Point""
}","{
  ""coordinates"": [
    -82.963424756,
    42.408612216
  ],
  ""type"": ""Point""
}",-82.9634247559999,42.4086122160001
19544,9639242,GRATIOT,8 MILE,2016-03-01,1,3,2016,18,3,5,3,,1,0,,3,5,3,35,6,2,1,5,0,0,0,0,true,,false,false,true,false,false,,,,,,false,false,false,,,false,false,false,false,false,-82.96796,42.44978,"{
  ""coordinates"": [
    -8.296796411600000e+01,
    4.244978261500010e+01
  ],
  ""type"": ""Point""
}","{
  ""coordinates"": [
    -82.967964116,
    42.449782615
  ],
  ""type"": ""Point""
}",-82.967964116,42.4497826150001
19545,9642767,I-75,SPRINGWELLS,2016-03-01,1,3,2016,16,3,8,1,,1,0,,3,7,1,55,4,4,4,4,0,0,0,2,false,,false,false,true,false,false,,,,,,false,false,true,,,false,false,false,false,false,-83.1217,42.30004,"{
  ""coordinates"": [
    -8.312170698800000e+01,
    4.230004163700000e+01
  ],
  ""type"": ""Point""
}","{
  ""coordinates"": [
    -83.121706988,
    42.300041637
  ],
  ""type"": ""Point""
}",-83.121706988,42.300041637
19546,9640393,GRAND RIVER,WHITCOMB,2016-03-01,1,3,2016,18,3,8,3,,1,0,,3,5,4,35,5,2,0,5,0,0,0,0,true,,false,false,true,false,false,,,,,,false,false,false,,,false,false,false,false,false,-83.19631,42.39183,"{
  ""coordinates"": [
    -8.319630954000000e+01,
    4.239182922400000e+01
  ],
  ""type"": ""Point""
}","{
  ""coordinates"": [
    -83.19630954,
    42.391829224
  ],
  ""type"": ""Point""
}",-83.19630954,42.391829224
19547,9639255,OAK,THATCHER,2016-03-01,1,3,2016,18,3,4,9,,,0,,6,5,3,25,2,2,1,5,0,0,0,0,true,,false,false,true,false,false,,,,,,false,true,false,,,false,false,false,false,false,-83.13826,42.42263,"{
  ""coordinates"": [
    -8.313826032500000e+01,
    4.242263128100010e+01
  ],
  ""type"": ""Point""
}","{
  ""coordinates"": [
    -83.138260325,
    42.422631281
  ],
  ""type"": ""Point""
}",-83.138260325,42.4226312810001
19548,9640402,JOSEPH CAMPAU,DAVISON SERVICE,2016-03-01,1,3,2016,11,3,1,9,,4,0,,3,2,1,30,2,1,5,4,0,0,0,3,false,,false,false,false,false,false,,,,,,false,false,false,,,false,false,false,false,false,-83.06918,42.41357,"{
  ""coordinates"": [
    -8.306917324800000e+01,
    4.241357599800010e+01
  ],
  ""type"": ""Point""
}","{
  ""coordinates"": [
    -83.069173248,
    42.413575998
  ],
  ""type"": ""Point""
}",-83.069173248,42.4135759980001
19549,9641234,I-94,WARREN,2016-03-01,1,3,2016,7,3,97,1,,1,0,,2,2,1,55,3,1,1,5,0,0,0,0,true,,false,false,false,false,false,,,,,,false,false,false,,,false,false,false,false,false,-83.11279,42.34479,"{
  ""coordinates"": [
    -8.311279194199990e+01,
    4.234478993800010e+01
  ],
  ""type"": ""Point""
}","{
  ""coordinates"": [
    -83.112791942,
    42.344789938
  ],
  ""type"": ""Point""
}",-83.1127919419999,42.3447899380001
19550,9643132,OUTER,TIREMAN,2016-03-01,1,3,2016,20,3,5,9,,2,0,,6,7,5,25,1,2,1,5,0,0,0,0,true,,false,false,true,false,false,,,,,,false,false,false,,,false,false,false,false,false,-83.25434,42.35018,"{
  ""coordinates"": [
    -8.325433953399990e+01,
    4.235018077600010e+01
  ],
  ""type"": ""Point""
}","{
  ""coordinates"": [
    -83.254339534,
    42.350180776
  ],
  ""type"": ""Point""
}",-83.2543395339999,42.3501807760001
19551,9658907,MACK,NOTTINGHAM,2016-03-01,1,3,2016,18,3,4,9,,2,0,,4,5,4,30,5,3,2,5,0,0,0,0,true,,false,false,true,false,false,,,,,,false,false,false,,,false,false,false,false,false,-82.94154,42.38836,"{
  ""coordinates"": [
    -8.294153920500000e+01,
    4.238836182800000e+01
  ],
  ""type"": ""Point""
}","{
  ""coordinates"": [
    -82.941539205,
    42.388361828
  ],
  ""type"": ""Point""
}",-82.941539205,42.388361828
19552,9642804,I-94,CHALMERS,2016-03-01,1,3,2016,6,3,2,1,,1,2,,2,2,4,55,3,2,2,4,0,0,0,2,false,,false,false,false,false,false,,,,,,false,false,false,,,false,false,false,false,false,-82.96601,42.40331,"{
  ""coordinates"": [
    -8.296600780300000e+01,
    4.240330753800000e+01
  ],
  ""type"": ""Point""
}","{
  ""coordinates"": [
    -82.966007803,
    42.403307538
  ],
  ""type"": ""Point""
}",-82.966007803,42.403307538
19553,9639235,COYLE,JOY,2016-03-01,1,3,2016,11,3,97,9,,,0,,4,1,1,25,2,2,0,5,0,0,0,0,true,,false,false,true,false,false,,,,,,false,false,false,,,false,false,false,false,false,-83.19273,42.35825,"{
  ""coordinates"": [
    -8.319272641500000e+01,
    4.235824978300010e+01
  ],
  ""type"": ""Point""
}","{
  ""coordinates"": [
    -83.192726415,
    42.358249783
  ],
  ""type"": ""Point""
}",-83.192726415,42.3582497830001
19554,9643028,8 MILE,MURRAYHILL,2016-03-01,1,3,2016,9,3,8,3,,1,0,,2,2,1,35,4,2,2,5,0,0,0,0,true,,false,false,false,false,false,,,,,,false,false,true,,,false,false,false,false,false,-83.20903,42.44447,"{
  ""coordinates"": [
    -8.320902656999991e+01,
    4.244446525400010e+01
  ],
  ""type"": ""Point""
}","{
  ""coordinates"": [
    -83.20902657,
    42.444465254
  ],
  ""type"": ""Point""
}",-83.2090265699999,42.4444652540001
19555,9642735,I-96,BUCHANAN,2016-03-01,1,3,2016,17,3,1,1,,1,1,,3,5,1,55,4,1,1,5,0,0,0,0,true,,false,false,false,false,false,,,,,,false,false,true,,,false,false,false,false,false,-83.09438,42.34213,"{
  ""coordinates"": [
    -8.309438018700000e+01,
    4.234213188800000e+01
  ],
  ""type"": ""Point""
}","{
  ""coordinates"": [
    -83.094380187,
    42.342131888
  ],
  ""type"": ""Point""
}",-83.094380187,42.342131888
19556,9639195,LAFAYETTE,MT ELLIOTT,2016-03-01,1,3,2016,8,3,5,9,,4,0,,3,2,1,30,2,2,2,5,0,0,0,0,true,,false,false,false,false,false,,,,,,false,false,true,,,false,false,false,false,false,-83.0121,42.34692,"{
  ""coordinates"": [
    -8.301209785499999e+01,
    4.234692428300010e+01
  ],
  ""type"": ""Point""
}","{
  ""coordinates"": [
    -83.012097855,
    42.346924283
  ],
  ""type"": ""Point""
}",-83.012097855,42.3469242830001
19557,9639241,WESTPHALIA,GREINER,2016-03-01,1,3,2016,11,3,4,9,,,0,,1,1,1,25,3,2,2,5,0,0,0,0,true,,false,false,true,false,false,,,,,,false,false,false,,,false,false,false,false,false,-82.9923,42.4275,"{
  ""coordinates"": [
    -8.299230181500000e+01,
    4.242749623500000e+01
  ],
  ""type"": ""Point""
}","{
  ""coordinates"": [
    -82.992301815,
    42.427496235
  ],
  ""type"": ""Point""
}",-82.992301815,42.427496235
19558,9640387,DIX,STAIR,2016-03-01,1,3,2016,8,3,97,9,,4,0,,3,5,1,35,2,1,2,5,0,0,0,0,true,,false,false,false,false,false,,,,,,false,false,true,,,false,false,false,false,false,-83.1246,42.31693,"{
  ""coordinates"": [
    -8.312459446299989e+01,
    4.231693318100000e+01
  ],
  ""type"": ""Point""
}","{
  ""coordinates"": [
    -83.124594463,
    42.316933181
  ],
  ""type"": ""Point""
}",-83.1245944629999,42.316933181
19559,9646588,S I 75,ROSA PARKS,2016-03-01,1,3,2016,5,3,97,1,,1,0,,2,2,4,70,4,3,4,5,0,0,0,0,true,,false,false,false,false,false,,,,,,false,false,false,,,false,false,false,false,false,-83.07136,42.33391,"{
  ""coordinates"": [
    -8.307135445499991e+01,
    4.233391188100010e+01
  ],
  ""type"": ""Point""
}","{
  ""coordinates"": [
    -83.071354455,
    42.333911881
  ],
  ""type"": ""Point""
}",-83.0713544549999,42.3339118810001
19560,9654671,WHITCOMB,CHALFONTE,2016-03-01,1,3,2016,19,3,4,9,,,0,,4,5,4,25,3,2,3,5,0,0,0,0,true,,false,false,false,false,false,,,,,,false,false,false,,,false,false,false,false,false,-83.19618,42.39935,"{
  ""coordinates"": [
    -8.319617923200001e+01,
    4.239935390200000e+01
  ],
  ""type"": ""Point""
}","{
  ""coordinates"": [
    -83.196179232,
    42.399353902
  ],
  ""type"": ""Point""
}",-83.196179232,42.399353902
19561,9640398,MCKINSTRY,VERNOR,2016-03-01,1,3,2016,8,3,5,9,,,0,,4,5,5,15,1,2,0,5,0,0,0,0,true,,false,false,true,false,false,,,,,,false,false,false,,,false,false,false,false,false,-83.09718,42.31976,"{
  ""coordinates"": [
    -8.309717377800000e+01,
    4.231976119200000e+01
  ],
  ""type"": ""Point""
}","{
  ""coordinates"": [
    -83.097173778,
    42.319761192
  ],
  ""type"": ""Point""
}",-83.097173778,42.319761192
19562,9637881,M-39,WARREN,2016-03-01,1,3,2016,6,3,8,3,,1,0,,2,4,4,55,3,2,2,5,0,0,0,0,true,,false,false,false,false,false,,,,,,false,false,false,,,false,false,false,false,false,-83.21605,42.34364,"{
  ""coordinates"": [
    -8.321604615900000e+01,
    4.234364408800010e+01
  ],
  ""type"": ""Point""
}","{
  ""coordinates"": [
    -83.216046159,
    42.343644088
  ],
  ""type"": ""Point""
}",-83.216046159,42.3436440880001
19563,9641232,N M 39 SERVICE DRIVE,DIVERSEY,2016-03-01,1,3,2016,19,3,5,9,,4,0,,4,5,5,70,3,2,1,5,0,0,0,0,true,,false,false,true,false,false,,,,,,false,false,false,,,false,false,false,false,false,-83.216,42.347,"{
  ""coordinates"": [
    -8.321599260900000e+01,
    4.234700566000000e+01
  ],
  ""type"": ""Point""
}","{
  ""coordinates"": [
    -83.215992609,
    42.34700566
  ],
  ""type"": ""Point""
}",-83.215992609,42.34700566
19564,9637868,I-94,MORANG,2016-03-01,1,3,2016,7,3,8,1,,1,0,,2,2,1,55,6,2,1,5,0,0,0,0,true,,false,false,true,false,false,,,,,,false,false,false,,,false,false,false,false,false,-82.93306,42.41973,"{
  ""coordinates"": [
    -8.293305626900001e+01,
    4.241973163400010e+01
  ],
  ""type"": ""Point""
}","{
  ""coordinates"": [
    -82.933056269,
    42.419731634
  ],
  ""type"": ""Point""
}",-82.933056269,42.4197316340001
19565,9643168,GRATIOT,GLENFIELD,2016-03-01,1,3,2016,16,3,8,3,,1,0,,2,4,1,35,8,2,4,5,0,0,0,0,true,,false,false,false,false,false,,,,,,false,false,false,,,false,false,false,false,false,-82.99409,42.4101,"{
  ""coordinates"": [
    -8.299409466600000e+01,
    4.241010117900000e+01
  ],
  ""type"": ""Point""
}","{
  ""coordinates"": [
    -82.994094666,
    42.410101179
  ],
  ""type"": ""Point""
}",-82.994094666,42.410101179
19566,9642815,RAMP 109D,M 10,2016-03-01,1,3,2016,6,3,5,3,,1,0,,3,5,4,45,1,3,3,5,0,0,0,0,true,,false,false,true,false,false,,,,,,false,false,true,,,false,false,false,false,false,-83.10798,42.39608,"{
  ""coordinates"": [
    -8.310797594699990e+01,
    4.239607891100010e+01
  ],
  ""type"": ""Point""
}","{
  ""coordinates"": [
    -83.107975947,
    42.396078911
  ],
  ""type"": ""Point""
}",-83.1079759469999,42.3960789110001
19567,9643147,CIRCLE,SOUTHFIELD SERVICE DRIVE,2016-03-01,1,3,2016,11,3,4,3,,1,0,,1,2,1,30,2,2,2,5,0,0,0,0,true,,true,true,false,false,false,,,,,,false,false,false,,,false,false,false,false,false,-83.21933,42.44354,"{
  ""coordinates"": [
    -8.321932643900000e+01,
    4.244354103000010e+01
  ],
  ""type"": ""Point""
}","{
  ""coordinates"": [
    -83.219326439,
    42.44354103
  ],
  ""type"": ""Point""
}",-83.219326439,42.4435410300001
19568,9643007,SCOTTEN,I 94 SERVICE,2016-03-01,1,3,2016,13,3,4,9,,4,0,,1,2,1,35,4,2,4,4,0,0,0,1,false,,true,true,false,false,false,,,,,,false,true,false,,,false,false,false,false,false,-83.11206,42.34613,"{
  ""coordinates"": [
    -8.311205963299990e+01,
    4.234612868600000e+01
  ],
  ""type"": ""Point""
}","{
  ""coordinates"": [
    -83.112059633,
    42.346128686
  ],
  ""type"": ""Point""
}",-83.1120596329999,42.346128686
19569,9642727,W I 94,S I 75,2016-03-01,1,3,2016,3,3,1,1,,1,1,,4,5,4,0,1,1,2,5,0,0,0,0,true,,false,false,false,false,false,,,,,,false,false,false,,,false,false,false,false,false,-83.05816,42.36863,"{
  ""coordinates"": [
    -8.305816044800000e+01,
    4.236863465300010e+01
  ],
  ""type"": ""Point""
}","{
  ""coordinates"": [
    -83.058160448,
    42.368634653
  ],
  ""type"": ""Point""
}",-83.058160448,42.3686346530001
19570,9639220,SCHOOLCRAFT,SORRENTO,2016-03-01,1,3,2016,17,3,1,9,,4,1,,4,5,1,25,2,1,1,5,0,0,0,0,true,,false,false,false,false,false,,,,,,false,false,true,,,false,false,false,false,false,-83.17219,42.38816,"{
  ""coordinates"": [
    -8.317218883200000e+01,
    4.238816182300010e+01
  ],
  ""type"": ""Point""
}","{
  ""coordinates"": [
    -83.172188832,
    42.388161823
  ],
  ""type"": ""Point""
}",-83.172188832,42.3881618230001
19571,9640445,CANFIELD,WOODWARD,2016-03-01,1,3,2016,18,3,3,9,,4,0,,4,5,4,25,2,3,4,5,0,0,0,0,true,,false,false,false,false,false,,,,,,false,false,false,,,false,false,false,false,false,-83.0608,42.35299,"{
  ""coordinates"": [
    -8.306079797500000e+01,
    4.235299162500010e+01
  ],
  ""type"": ""Point""
}","{
  ""coordinates"": [
    -83.060797975,
    42.352991625
  ],
  ""type"": ""Point""
}",-83.060797975,42.3529916250001
19572,9639214,N M 39,LYNDON,2016-03-01,1,3,2016,16,3,4,3,,1,0,,3,7,1,30,2,2,2,4,0,0,0,3,false,,false,false,false,false,false,,,,,,false,false,false,,,false,false,false,false,false,-83.21788,42.39356,"{
  ""coordinates"": [
    -8.321788123200000e+01,
    4.239356105900000e+01
  ],
  ""type"": ""Point""
}","{
  ""coordinates"": [
    -83.217881232,
    42.393561059
  ],
  ""type"": ""Point""
}",-83.217881232,42.393561059
19573,9639194,7 MILE,CONANT,2016-03-01,1,3,2016,8,3,5,9,,4,0,,3,1,1,25,2,2,1,5,0,0,0,0,true,,false,false,true,false,false,,,,,,false,true,false,,,false,false,false,false,false,-83.0737,42.43293,"{
  ""coordinates"": [
    -8.307370285099999e+01,
    4.243292657400010e+01
  ],
  ""type"": ""Point""
}","{
  ""coordinates"": [
    -83.073702851,
    42.432926574
  ],
  ""type"": ""Point""
}",-83.073702851,42.4329265740001
19574,9645767,SCHOOLCRAFT,WOODMONT,2016-03-01,1,3,2016,17,3,5,9,,2,0,,3,5,1,35,2,2,2,5,0,0,0,0,true,,false,false,false,false,false,,,,,,false,false,false,,,false,false,false,false,false,-83.20908,42.38684,"{
  ""coordinates"": [
    -8.320907402099991e+01,
    4.238684080600010e+01
  ],
  ""type"": ""Point""
}","{
  ""coordinates"": [
    -83.209074021,
    42.386840806
  ],
  ""type"": ""Point""
}",-83.2090740209999,42.3868408060001
19575,9642738,M39,MCNICHOLS,2016-03-01,1,3,2016,21,3,1,3,,1,1,,4,5,4,55,3,1,1,5,0,0,0,0,true,,false,false,false,false,false,,,,,,false,false,false,,,false,false,false,false,false,-83.21889,42.41692,"{
  ""coordinates"": [
    -8.321889010300001e+01,
    4.241691523300010e+01
  ],
  ""type"": ""Point""
}","{
  ""coordinates"": [
    -83.218890103,
    42.416915233
  ],
  ""type"": ""Point""
}",-83.218890103,42.4169152330001
19576,9640432,7 MILE,MT ELLIOT,2016-03-01,1,3,2016,18,3,5,9,,4,0,,4,5,3,30,4,3,3,5,0,0,0,0,true,,false,false,false,false,false,,,,,,false,false,false,,,false,false,false,false,false,-83.03912,42.43368,"{
  ""coordinates"": [
    -8.303911303800000e+01,
    4.243367603300000e+01
  ],
  ""type"": ""Point""
}","{
  ""coordinates"": [
    -83.039113038,
    42.433676033
  ],
  ""type"": ""Point""
}",-83.039113038,42.433676033
19577,9639052,I-75,CARPENTER,2016-03-01,1,3,2016,5,3,1,9,,,1,,3,2,5,70,4,1,1,4,0,0,0,1,false,,false,false,false,false,false,,,,,,false,false,true,,,false,false,false,false,false,-83.07312,42.40305,"{
  ""coordinates"": [
    -8.307312003300000e+01,
    4.240305313800010e+01
  ],
  ""type"": ""Point""
}","{
  ""coordinates"": [
    -83.073120033,
    42.403053138
  ],
  ""type"": ""Point""
}",-83.073120033,42.4030531380001
19578,9639219,MORANG,CADIEUX,2016-03-01,1,3,2016,8,3,9,9,,4,2,,3,5,1,25,4,2,2,5,0,0,0,0,true,,false,false,false,false,false,,,,,,false,false,true,,,false,false,false,false,false,-82.94077,42.42235,"{
  ""coordinates"": [
    -8.294077319699990e+01,
    4.242235361500010e+01
  ],
  ""type"": ""Point""
}","{
  ""coordinates"": [
    -82.940773197,
    42.422353615
  ],
  ""type"": ""Point""
}",-82.9407731969999,42.4223536150001
19579,9644188,WYOMING,CAMBRIDGE,2016-03-01,1,3,2016,10,3,4,9,,4,0,,1,2,1,30,1,2,2,5,0,0,0,0,true,,false,false,false,false,false,,,,,,false,false,true,,,false,false,false,false,false,-83.16103,42.43308,"{
  ""coordinates"": [
    -8.316102671599999e+01,
    4.243307916600000e+01
  ],
  ""type"": ""Point""
}","{
  ""coordinates"": [
    -83.161026716,
    42.433079166
  ],
  ""type"": ""Point""
}",-83.161026716,42.433079166
19580,9641351,OUTER,GRAND RIVER,2016-03-01,1,3,2016,19,3,3,3,,2,0,,4,5,4,35,4,2,2,4,0,0,0,1,false,,true,true,false,false,false,,,,,,false,false,false,,,false,false,false,false,false,-83.23246,42.40637,"{
  ""coordinates"": [
    -8.323246367699990e+01,
    4.240636708600000e+01
  ],
  ""type"": ""Point""
}","{
  ""coordinates"": [
    -83.232463677,
    42.406367086
  ],
  ""type"": ""Point""
}",-83.2324636769999,42.406367086
19581,9641382,PLYMOUTH,HEYDEN,2016-03-01,1,3,2016,18,3,7,9,,4,0,,4,5,1,35,6,2,5,4,0,0,0,4,false,,false,false,false,false,false,,,,,,false,false,true,,,false,false,false,false,false,-83.23891,42.37187,"{
  ""coordinates"": [
    -8.323891058500000e+01,
    4.237187050000010e+01
  ],
  ""type"": ""Point""
}","{
  ""coordinates"": [
    -83.238910585,
    42.3718705
  ],
  ""type"": ""Point""
}",-83.238910585,42.3718705000001
19582,9642731,I-75,7 MILE,2016-03-01,1,3,2016,5,3,1,1,,1,1,,4,5,4,70,4,1,1,3,0,0,1,0,false,,false,false,false,false,false,,,,,,false,false,true,,,false,false,false,false,false,-83.09457,42.4318,"{
  ""coordinates"": [
    -8.309456860700000e+01,
    4.243180400100000e+01
  ],
  ""type"": ""Point""
}","{
  ""coordinates"": [
    -83.094568607,
    42.431804001
  ],
  ""type"": ""Point""
}",-83.094568607,42.431804001
19583,9654016,MACK,WHITTIER,2016-03-01,1,3,2016,18,3,1,9,,2,0,,4,5,4,30,4,1,1,5,0,0,0,0,true,,false,false,false,false,false,,,,,,false,false,false,,,false,false,false,false,false,-82.92905,42.39221,"{
  ""coordinates"": [
    -8.292904523500000e+01,
    4.239221317600000e+01
  ],
  ""type"": ""Point""
}","{
  ""coordinates"": [
    -82.929045235,
    42.392213176
  ],
  ""type"": ""Point""
}",-82.929045235,42.392213176
19584,9656244,W I 94,RAMP 218D,2016-03-01,1,3,2016,17,3,5,1,,1,0,,3,5,1,45,2,2,2,4,0,0,0,1,false,,false,false,false,false,false,,,,,,false,false,false,,,false,false,false,false,false,-83.02311,42.38556,"{
  ""coordinates"": [
    -8.302311314699990e+01,
    4.238555814600010e+01
  ],
  ""type"": ""Point""
}","{
  ""coordinates"": [
    -83.023113147,
    42.385558146
  ],
  ""type"": ""Point""
}",-83.0231131469999,42.3855581460001
19585,9642699,RAMP 109D,N M 10,2016-03-01,1,3,2016,6,3,5,3,,1,0,,3,7,4,45,1,2,1,5,0,0,0,0,true,,false,false,true,false,false,,,,,,false,false,false,,,false,false,false,false,false,-83.1084,42.39695,"{
  ""coordinates"": [
    -8.310840216100000e+01,
    4.239695351300000e+01
  ],
  ""type"": ""Point""
}","{
  ""coordinates"": [
    -83.108402161,
    42.396953513
  ],
  ""type"": ""Point""
}",-83.108402161,42.396953513
19586,9643064,W I 96,RAMP 008P,2016-03-01,1,3,2016,7,3,8,1,,1,0,,3,1,1,70,4,2,2,5,0,0,0,0,true,,false,false,false,false,false,,,,,,false,false,true,,,false,false,false,false,false,-83.21688,42.3788,"{
  ""coordinates"": [
    -8.321688208300000e+01,
    4.237880036400000e+01
  ],
  ""type"": ""Point""
}","{
  ""coordinates"": [
    -83.216882083,
    42.378800364
  ],
  ""type"": ""Point""
}",-83.216882083,42.378800364
19587,9639217,RAMP 105B,WYOMING,2016-03-01,1,3,2016,0,3,1,3,,1,1,,1,1,4,30,1,1,1,5,0,0,0,0,true,,false,false,false,false,false,,,,,,false,false,true,,,false,false,false,false,false,-83.15981,42.40467,"{
  ""coordinates"": [
    -8.315980828399999e+01,
    4.240466780100010e+01
  ],
  ""type"": ""Point""
}","{
  ""coordinates"": [
    -83.159808284,
    42.404667801
  ],
  ""type"": ""Point""
}",-83.159808284,42.4046678010001
19588,9643144,SCHOOLCRAFT,DALE,2016-03-01,1,3,2016,7,3,1,9,,4,1,,3,2,1,35,2,1,1,5,0,0,0,0,true,,false,false,false,false,false,,,,,,false,false,false,,,false,false,false,false,false,-83.27455,42.38486,"{
  ""coordinates"": [
    -8.327455299800000e+01,
    4.238486078800000e+01
  ],
  ""type"": ""Point""
}","{
  ""coordinates"": [
    -83.274552998,
    42.384860788
  ],
  ""type"": ""Point""
}",-83.274552998,42.384860788
19589,9643134,CLARK,MICHIGAN,2016-03-01,1,3,2016,8,3,2,2,,7,2,,3,1,1,25,4,2,8,5,0,0,0,0,true,,false,false,false,false,false,,,,,,false,false,false,,,false,false,false,false,false,-83.10228,42.33133,"{
  ""coordinates"": [
    -8.310227653100000e+01,
    4.233132958700000e+01
  ],
  ""type"": ""Point""
}","{
  ""coordinates"": [
    -83.102276531,
    42.331329587
  ],
  ""type"": ""Point""
}",-83.102276531,42.331329587
19590,9639064,W I 96,DAVISON CROSSOVER,2016-03-01,1,3,2016,5,3,8,1,,1,0,,3,2,4,70,2,2,2,5,0,0,0,0,true,,false,false,false,false,false,,,,,,false,false,false,,,false,false,false,false,false,-83.15968,42.38543,"{
  ""coordinates"": [
    -8.315968042700000e+01,
    4.238542465500010e+01
  ],
  ""type"": ""Point""
}","{
  ""coordinates"": [
    -83.159680427,
    42.385424655
  ],
  ""type"": ""Point""
}",-83.159680427,42.3854246550001
19591,9639253,JAMES COUZENS,MCNICHOLS,2016-03-01,1,3,2016,13,3,8,9,,4,0,,1,1,1,30,3,2,4,4,0,0,0,1,false,,false,false,false,false,false,,,,,,false,true,false,,,false,false,false,false,false,-83.17184,42.41664,"{
  ""coordinates"": [
    -8.317184583999990e+01,
    4.241664051300010e+01
  ],
  ""type"": ""Point""
}","{
  ""coordinates"": [
    -83.17184584,
    42.416640513
  ],
  ""type"": ""Point""
}",-83.1718458399999,42.4166405130001
19592,9643142,EVERGREEN,LYNDON,2016-03-01,1,3,2016,12,3,5,9,,4,0,,3,1,1,35,3,2,3,4,0,0,0,1,false,,false,false,false,false,false,,,,,,false,true,false,,,false,false,false,false,false,-83.23713,42.39351,"{
  ""coordinates"": [
    -8.323713051800000e+01,
    4.239350510500000e+01
  ],
  ""type"": ""Point""
}","{
  ""coordinates"": [
    -83.237130518,
    42.393505105
  ],
  ""type"": ""Point""
}",-83.237130518,42.393505105
19593,9640420,LINVILLE,CHALMERS,2016-03-01,1,3,2016,5,3,4,9,,,0,,2,2,4,25,1,2,2,4,0,0,0,1,false,,false,false,true,false,false,,,,,,false,false,false,,,false,false,false,false,false,-82.96312,42.40202,"{
  ""coordinates"": [
    -8.296312143499991e+01,
    4.240202412100010e+01
  ],
  ""type"": ""Point""
}","{
  ""coordinates"": [
    -82.963121435,
    42.402024121
  ],
  ""type"": ""Point""
}",-82.9631214349999,42.4020241210001
19594,9655939,OUTER,WYOMING,2016-03-01,1,3,2016,19,3,4,9,,2,0,,4,5,4,35,4,2,2,5,0,0,0,0,true,,true,true,false,false,false,,,,,,false,false,false,,,false,false,false,false,false,-83.16108,42.43485,"{
  ""coordinates"": [
    -8.316107828900000e+01,
    4.243485100800010e+01
  ],
  ""type"": ""Point""
}","{
  ""coordinates"": [
    -83.161078289,
    42.434851008
  ],
  ""type"": ""Point""
}",-83.161078289,42.4348510080001
19595,9643117,GRAND RIVER,SOUTHFIELD SERVICE DRIVE,2016-03-01,1,3,2016,18,3,4,3,,1,0,,6,5,4,30,2,2,2,5,0,0,0,0,true,,false,false,false,false,false,,,,,,false,false,false,,,false,false,false,false,false,-83.21802,42.40059,"{
  ""coordinates"": [
    -8.321801688200000e+01,
    4.240059227300000e+01
  ],
  ""type"": ""Point""
}","{
  ""coordinates"": [
    -83.218016882,
    42.400592273
  ],
  ""type"": ""Point""
}",-83.218016882,42.400592273
19596,9639246,DAVISON,LIVERNOIS,2016-03-01,1,3,2016,15,3,5,3,,1,0,,2,1,1,30,4,2,2,5,0,0,0,0,true,,false,false,false,false,false,,,,,,false,false,false,,,false,false,false,false,false,-83.1395,42.38669,"{
  ""coordinates"": [
    -8.313950049399990e+01,
    4.238669116800000e+01
  ],
  ""type"": ""Point""
}","{
  ""coordinates"": [
    -83.139500494,
    42.386691168
  ],
  ""type"": ""Point""
}",-83.1395004939999,42.386691168
19597,9642693,RAMP 213M,W I 96,2016-03-01,1,3,2016,15,3,5,1,,1,0,,1,2,1,55,1,2,2,5,0,0,0,0,true,,false,false,false,false,false,,,,,,false,false,false,,,false,false,false,false,false,-83.10002,42.35123,"{
  ""coordinates"": [
    -8.310002450000000e+01,
    4.235122958700000e+01
  ],
  ""type"": ""Point""
}","{
  ""coordinates"": [
    -83.1000245,
    42.351229587
  ],
  ""type"": ""Point""
}",-83.1000245,42.351229587
19598,9644193,IRVINGTON,REMINGTON,2016-03-01,1,3,2016,19,3,4,9,,,0,,4,2,4,20,3,2,2,5,0,0,0,0,true,,false,false,true,false,false,,,,,,false,false,false,,,false,false,false,false,false,-83.09835,42.44202,"{
  ""coordinates"": [
    -8.309834763299990e+01,
    4.244201604200000e+01
  ],
  ""type"": ""Point""
}","{
  ""coordinates"": [
    -83.098347633,
    42.442016042
  ],
  ""type"": ""Point""
}",-83.0983476329999,42.442016042