ObjectId,Crash ID,Primary Road,Intersecting Road,Crash Date,Day,Month,Year,Hour,Weekday,Crash Type Code,Highway Classification Code,Community Code,Jurisdiction Code,Lane Departure Type Code,Surface Type,Road Condition,Weather Condition,Lighting Condition,Speed Limit,Lanes,Units,Occupants,Most Severe Injury,Fatal Injuries,Suspected Serious Injuries,Suspected Minor Injuries,Possible Injuries,Property Damage Only,Secondary Crash,Traffic Control,Red Light Run,Hit and Run,Alcohol,Drugs,Unbelted Person,Work Zone,Speeding Driver,Distracted Driver,Driveway,Pedestrian,Elderly Driver,Young Driver,Commercial Vehicle,Emergency Vehicles,Train,School Bus,Motorcycle,Bicycle,Deer,Longitude,Latitude,geom,geog,x,y
19599,9645071,PURITAN,PRINCETON,2016-03-01,1,3,2016,19,3,97,9,,4,1,,4,5,5,30,4,1,2,5,0,0,0,0,true,,false,false,true,false,false,,,,,,false,true,false,,,false,false,false,false,false,-83.1287,42.41013,"{
  ""coordinates"": [
    -8.312870060099991e+01,
    4.241012645600010e+01
  ],
  ""type"": ""Point""
}","{
  ""coordinates"": [
    -83.128700601,
    42.410126456
  ],
  ""type"": ""Point""
}",-83.1287006009999,42.4101264560001
19600,9651562,TELEGRAPH,7 MILE,2016-03-01,1,3,2016,15,3,8,2,,1,0,,1,1,1,45,4,2,3,5,0,0,0,0,true,,false,false,false,false,false,,,,,,false,false,true,,,false,false,false,false,false,-83.27798,42.42901,"{
  ""coordinates"": [
    -8.327798688599999e+01,
    4.242901239100010e+01
  ],
  ""type"": ""Point""
}","{
  ""coordinates"": [
    -83.277986886,
    42.429012391
  ],
  ""type"": ""Point""
}",-83.277986886,42.4290123910001
19601,9639233,CHANDLER PARK,CONNER,2016-03-01,1,3,2016,9,3,1,9,,4,1,,3,5,1,25,2,1,1,5,0,0,0,0,true,,false,false,false,false,false,,,,,,false,false,false,,,false,false,false,false,false,-82.98318,42.39297,"{
  ""coordinates"": [
    -8.298317760799991e+01,
    4.239297360100010e+01
  ],
  ""type"": ""Point""
}","{
  ""coordinates"": [
    -82.983177608,
    42.392973601
  ],
  ""type"": ""Point""
}",-82.9831776079999,42.3929736010001
19602,9644931,S I 75 CD,RAMP 038D,2016-03-01,1,3,2016,5,3,97,1,,1,0,,2,5,4,55,4,2,2,5,0,0,0,0,true,,false,false,false,false,false,,,,,,false,false,true,,,false,false,false,false,false,-83.07088,42.33441,"{
  ""coordinates"": [
    -8.307087926700000e+01,
    4.233441330200000e+01
  ],
  ""type"": ""Point""
}","{
  ""coordinates"": [
    -83.070879267,
    42.334413302
  ],
  ""type"": ""Point""
}",-83.070879267,42.334413302
19603,9641367,GRAND RIVER,MANOR,2016-03-01,1,3,2016,18,3,97,3,,1,0,,4,5,4,35,4,2,2,5,0,0,0,0,true,,false,false,true,false,false,,,,,,false,false,false,,,false,false,false,false,false,-83.16625,42.37972,"{
  ""coordinates"": [
    -8.316624962000000e+01,
    4.237972405100000e+01
  ],
  ""type"": ""Point""
}","{
  ""coordinates"": [
    -83.16624962,
    42.379724051
  ],
  ""type"": ""Point""
}",-83.16624962,42.379724051
19604,9643183,MEYERS,FLORENCE,2016-03-01,1,3,2016,14,3,4,9,,4,0,,4,1,1,30,5,2,5,5,0,0,0,0,true,,false,false,true,false,false,,,,,,false,false,false,,,false,false,false,false,false,-83.16988,42.412,"{
  ""coordinates"": [
    -8.316987534499999e+01,
    4.241199805800010e+01
  ],
  ""type"": ""Point""
}","{
  ""coordinates"": [
    -83.169875345,
    42.411998058
  ],
  ""type"": ""Point""
}",-83.169875345,42.4119980580001
19605,9639251,N M 10,7 MILE,2016-03-01,1,3,2016,5,3,1,3,,1,1,,3,5,4,55,3,1,1,5,0,0,0,0,true,,false,false,false,false,false,,,,,,false,false,false,,,false,false,false,false,false,-83.18696,42.43085,"{
  ""coordinates"": [
    -8.318696161799990e+01,
    4.243085265100010e+01
  ],
  ""type"": ""Point""
}","{
  ""coordinates"": [
    -83.186961618,
    42.430852651
  ],
  ""type"": ""Point""
}",-83.1869616179999,42.4308526510001
19606,9643045,DIX,CENTRAL,2016-03-01,1,3,2016,16,3,5,9,,4,0,,2,4,1,0,4,2,2,5,0,0,0,0,true,,false,false,false,false,false,,,,,,false,true,false,,,false,false,false,false,false,-83.12758,42.31715,"{
  ""coordinates"": [
    -8.312757584900000e+01,
    4.231715187300010e+01
  ],
  ""type"": ""Point""
}","{
  ""coordinates"": [
    -83.127575849,
    42.317151873
  ],
  ""type"": ""Point""
}",-83.127575849,42.3171518730001
19607,9637879,S M 39,RAMP 009D,2016-03-01,1,3,2016,5,3,1,3,,1,1,,3,2,4,55,3,1,1,5,0,0,0,0,true,,false,false,false,false,false,,,,,,false,false,false,,,false,false,false,false,false,-83.21822,42.39712,"{
  ""coordinates"": [
    -8.321822721800000e+01,
    4.239712219000010e+01
  ],
  ""type"": ""Point""
}","{
  ""coordinates"": [
    -83.218227218,
    42.39712219
  ],
  ""type"": ""Point""
}",-83.218227218,42.3971221900001
19608,9663258,CASS,CANFIELD,2016-03-01,1,3,2016,7,3,5,9,,4,0,,3,2,1,25,2,2,2,5,0,0,0,0,true,,false,false,false,false,false,,,,,,false,true,false,,,false,false,false,false,false,-83.06421,42.35171,"{
  ""coordinates"": [
    -8.306420779800000e+01,
    4.235171238800010e+01
  ],
  ""type"": ""Point""
}","{
  ""coordinates"": [
    -83.064207798,
    42.351712388
  ],
  ""type"": ""Point""
}",-83.064207798,42.3517123880001
19609,9641250,M-39,TIREMAN,2016-03-01,1,3,2016,5,3,5,3,,1,0,,3,2,4,55,3,2,1,5,0,0,0,0,true,,false,false,false,false,false,,,,,,false,false,false,,,false,false,false,false,false,-83.21626,42.35424,"{
  ""coordinates"": [
    -8.321625600999990e+01,
    4.235423859200010e+01
  ],
  ""type"": ""Point""
}","{
  ""coordinates"": [
    -83.21625601,
    42.354238592
  ],
  ""type"": ""Point""
}",-83.2162560099999,42.3542385920001
19610,9640431,7 MILE,MOUND,2016-03-01,1,3,2016,17,3,5,9,,4,0,,4,5,1,30,4,2,2,5,0,0,0,0,true,,false,false,true,false,false,,,,,,false,false,false,,,false,false,false,false,false,-83.04317,42.43358,"{
  ""coordinates"": [
    -8.304317104899999e+01,
    4.243357804400010e+01
  ],
  ""type"": ""Point""
}","{
  ""coordinates"": [
    -83.043171049,
    42.433578044
  ],
  ""type"": ""Point""
}",-83.043171049,42.4335780440001
19611,9646727,I 96 SERVICE,WYOMING,2016-03-01,1,3,2016,22,3,97,9,,4,0,,3,5,3,35,2,2,1,5,0,0,0,0,true,,false,false,true,false,false,,,,,,false,false,false,,,false,false,false,false,false,-83.1608,42.38476,"{
  ""coordinates"": [
    -8.316080104600000e+01,
    4.238475916200010e+01
  ],
  ""type"": ""Point""
}","{
  ""coordinates"": [
    -83.160801046,
    42.384759162
  ],
  ""type"": ""Point""
}",-83.160801046,42.3847591620001
19612,9639234,FRENCH,I 94 SERVICE,2016-03-01,1,3,2016,13,3,5,9,,4,0,,1,2,1,30,2,2,2,5,0,0,0,0,true,,false,false,false,false,false,,,,,,false,true,false,,,false,false,false,false,false,-82.99558,42.39191,"{
  ""coordinates"": [
    -8.299558397999991e+01,
    4.239191112700010e+01
  ],
  ""type"": ""Point""
}","{
  ""coordinates"": [
    -82.99558398,
    42.391911127
  ],
  ""type"": ""Point""
}",-82.9955839799999,42.3919111270001
19613,9643170,GRAND RIVER,OAKMAN,2016-03-01,1,3,2016,19,3,9,3,,1,0,,4,5,2,40,3,2,1,5,0,0,0,0,true,,false,false,false,false,false,,,,,,false,false,true,,,false,false,false,false,false,-83.15097,42.37357,"{
  ""coordinates"": [
    -8.315097327099990e+01,
    4.237357038800010e+01
  ],
  ""type"": ""Point""
}","{
  ""coordinates"": [
    -83.150973271,
    42.373570388
  ],
  ""type"": ""Point""
}",-83.1509732709999,42.3735703880001
19614,9646587,S I 75,ROSA PARKS,2016-03-01,1,3,2016,5,3,1,1,,1,1,,2,2,4,70,4,1,1,5,0,0,0,0,true,,false,false,false,false,false,,,,,,false,false,false,,,false,false,false,false,false,-83.07136,42.33391,"{
  ""coordinates"": [
    -8.307135445499991e+01,
    4.233391188100010e+01
  ],
  ""type"": ""Point""
}","{
  ""coordinates"": [
    -83.071354455,
    42.333911881
  ],
  ""type"": ""Point""
}",-83.0713544549999,42.3339118810001
19615,9639215,ASHLAND,AVONDALE,2016-03-01,1,3,2016,16,3,9,9,,,2,,3,4,1,25,2,2,1,5,0,0,0,0,true,,false,false,true,false,false,,,,,,false,false,false,,,false,false,false,false,false,-82.93475,42.36633,"{
  ""coordinates"": [
    -8.293475154799999e+01,
    4.236633488000010e+01
  ],
  ""type"": ""Point""
}","{
  ""coordinates"": [
    -82.934751548,
    42.36633488
  ],
  ""type"": ""Point""
}",-82.934751548,42.3663348800001
19616,9673459,JOHN R,MACK,2016-03-01,1,3,2016,6,3,1,9,,4,0,,4,5,1,30,2,2,1,3,0,0,1,0,false,,false,false,false,false,false,,,,,,true,false,false,,,false,false,false,false,false,-83.05592,42.34834,"{
  ""coordinates"": [
    -8.305591265800000e+01,
    4.234833960500000e+01
  ],
  ""type"": ""Point""
}","{
  ""coordinates"": [
    -83.055912658,
    42.348339605
  ],
  ""type"": ""Point""
}",-83.055912658,42.348339605
19617,9643006,OUTER,BENTLER,2016-03-01,1,3,2016,7,3,4,9,,2,0,,3,2,1,25,2,2,3,5,0,0,0,0,true,,false,false,true,false,false,,,,,,false,false,false,,,false,false,false,false,false,-83.25179,42.39782,"{
  ""coordinates"": [
    -8.325179431600000e+01,
    4.239782219900010e+01
  ],
  ""type"": ""Point""
}","{
  ""coordinates"": [
    -83.251794316,
    42.397822199
  ],
  ""type"": ""Point""
}",-83.251794316,42.3978221990001
19618,9639254,SAN JUAN,PICKFORD,2016-03-01,1,3,2016,17,3,4,9,,,0,,6,5,1,25,2,2,2,5,0,0,0,0,true,,false,false,false,false,false,,,,,,false,true,false,,,false,false,false,false,false,-83.1467,42.42613,"{
  ""coordinates"": [
    -8.314669803600000e+01,
    4.242612916800000e+01
  ],
  ""type"": ""Point""
}","{
  ""coordinates"": [
    -83.146698036,
    42.426129168
  ],
  ""type"": ""Point""
}",-83.146698036,42.426129168
19619,9650141,JOHN R,8 MILE,2016-03-01,1,3,2016,19,3,7,3,,4,0,,4,2,4,30,4,2,2,5,0,0,0,0,true,,false,false,false,false,false,,,,,,false,false,true,,,false,false,false,false,false,-83.10285,42.44678,"{
  ""coordinates"": [
    -8.310285474599991e+01,
    4.244678348000010e+01
  ],
  ""type"": ""Point""
}","{
  ""coordinates"": [
    -83.102854746,
    42.44678348
  ],
  ""type"": ""Point""
}",-83.1028547459999,42.4467834800001
19620,9640433,MT ELLIOT,7 MILE,2016-03-01,1,3,2016,19,3,8,9,,4,0,,4,5,4,30,4,2,5,5,0,0,0,0,true,,false,false,false,false,false,,,,,,false,false,false,,,false,false,false,false,false,-83.03895,42.43396,"{
  ""coordinates"": [
    -8.303894909099991e+01,
    4.243395707000010e+01
  ],
  ""type"": ""Point""
}","{
  ""coordinates"": [
    -83.038949091,
    42.43395707
  ],
  ""type"": ""Point""
}",-83.0389490909999,42.4339570700001
19621,9642703,I-75,TRUMBULL,2016-03-01,1,3,2016,23,3,1,9,,4,1,,4,5,4,55,4,1,1,4,0,0,0,1,false,,false,false,false,false,false,,,,,,false,false,false,,,false,false,false,false,false,-83.06969,42.33348,"{
  ""coordinates"": [
    -8.306969269500000e+01,
    4.233347568300010e+01
  ],
  ""type"": ""Point""
}","{
  ""coordinates"": [
    -83.069692695,
    42.333475683
  ],
  ""type"": ""Point""
}",-83.069692695,42.3334756830001
19622,9891819,DOVER,STOEPEL,2016-03-01,1,3,2016,15,3,5,9,,,0,,1,1,1,25,4,2,1,5,0,0,0,0,true,,false,false,false,true,false,,,,,,false,false,false,,,false,false,false,false,false,-83.13949,42.36085,"{
  ""coordinates"": [
    -8.313948510900001e+01,
    4.236084747100010e+01
  ],
  ""type"": ""Point""
}","{
  ""coordinates"": [
    -83.139485109,
    42.360847471
  ],
  ""type"": ""Point""
}",-83.139485109,42.3608474710001
19623,9644941,N M 39,RAMP 006B,2016-03-01,1,3,2016,5,3,4,3,,1,0,,4,5,4,55,3,4,4,5,0,0,0,0,true,,false,false,false,false,false,,,,,,false,false,true,,,false,false,false,false,false,-83.21617,42.347,"{
  ""coordinates"": [
    -8.321616840000000e+01,
    4.234699549700010e+01
  ],
  ""type"": ""Point""
}","{
  ""coordinates"": [
    -83.2161684,
    42.346995497
  ],
  ""type"": ""Point""
}",-83.2161684,42.3469954970001
19624,9639212,7 MILE,ANTWERP,2016-03-01,1,3,2016,6,3,5,9,,4,0,,3,2,2,35,2,2,1,5,0,0,0,0,true,,false,false,true,false,false,,,,,,false,false,false,,,false,false,false,false,false,-83.01801,42.43409,"{
  ""coordinates"": [
    -8.301800666299989e+01,
    4.243408536800010e+01
  ],
  ""type"": ""Point""
}","{
  ""coordinates"": [
    -83.018006663,
    42.434085368
  ],
  ""type"": ""Point""
}",-83.0180066629999,42.4340853680001
19625,9643118,EVERGREEN,SAWYER,2016-03-01,1,3,2016,19,3,5,9,,4,0,,6,7,5,30,2,2,1,5,0,0,0,0,true,,false,false,true,false,false,,,,,,false,false,false,,,false,false,false,false,false,-83.23551,42.34677,"{
  ""coordinates"": [
    -8.323551242100000e+01,
    4.234677299500000e+01
  ],
  ""type"": ""Point""
}","{
  ""coordinates"": [
    -83.235512421,
    42.346772995
  ],
  ""type"": ""Point""
}",-83.235512421,42.346772995
19626,9642694,RAMP 008B,RAMP 008V,2016-03-01,1,3,2016,16,3,1,1,,1,1,,4,5,1,55,2,1,1,3,0,0,1,0,false,,false,false,false,false,false,,,,,,false,false,true,,,false,false,false,false,false,-83.21052,42.37815,"{
  ""coordinates"": [
    -8.321051894700000e+01,
    4.237815525200010e+01
  ],
  ""type"": ""Point""
}","{
  ""coordinates"": [
    -83.210518947,
    42.378155252
  ],
  ""type"": ""Point""
}",-83.210518947,42.3781552520001
19627,9637848,N M 10,RAMP 215F,2016-03-01,1,3,2016,6,3,1,3,,1,1,,3,5,4,55,3,1,1,5,0,0,0,0,true,,false,false,false,false,false,,,,,,false,false,false,,,false,false,false,false,false,-83.07684,42.36039,"{
  ""coordinates"": [
    -8.307683234000000e+01,
    4.236038629200000e+01
  ],
  ""type"": ""Point""
}","{
  ""coordinates"": [
    -83.07683234,
    42.360386292
  ],
  ""type"": ""Point""
}",-83.07683234,42.360386292
19628,9642702,I-94,JUNCTION,2016-03-01,1,3,2016,21,3,1,1,,1,1,,4,5,4,55,3,1,1,5,0,0,0,0,true,,false,false,false,false,false,,,,,,false,false,false,,,false,false,false,false,false,-83.11977,42.33943,"{
  ""coordinates"": [
    -8.311976344899990e+01,
    4.233942922900010e+01
  ],
  ""type"": ""Point""
}","{
  ""coordinates"": [
    -83.119763449,
    42.339429229
  ],
  ""type"": ""Point""
}",-83.1197634489999,42.3394292290001
19629,9644940,M-10,7 MILE,2016-03-01,1,3,2016,11,3,8,3,,1,0,,2,1,1,70,3,2,2,5,0,0,0,0,true,,false,false,true,false,false,,,,,,false,false,false,,,false,false,false,false,false,-83.18988,42.43372,"{
  ""coordinates"": [
    -8.318988217299990e+01,
    4.243371590900010e+01
  ],
  ""type"": ""Point""
}","{
  ""coordinates"": [
    -83.189882173,
    42.433715909
  ],
  ""type"": ""Point""
}",-83.1898821729999,42.4337159090001
19630,9642732,I-75,7 MILE,2016-03-01,1,3,2016,5,3,5,1,,1,0,,3,5,4,70,4,2,2,5,0,0,0,0,true,,false,false,true,false,false,,,,,,false,false,false,,,false,false,false,false,false,-83.0946,42.43208,"{
  ""coordinates"": [
    -8.309459958100000e+01,
    4.243207816300000e+01
  ],
  ""type"": ""Point""
}","{
  ""coordinates"": [
    -83.094599581,
    42.432078163
  ],
  ""type"": ""Point""
}",-83.094599581,42.432078163
19631,9637867,I-94,MT ELLIOTT,2016-03-01,1,3,2016,8,3,5,1,,1,0,,2,2,1,55,3,2,2,5,0,0,0,0,true,,false,false,false,false,false,,,,,,false,false,false,,,false,false,false,false,false,-83.03263,42.38031,"{
  ""coordinates"": [
    -8.303263220400000e+01,
    4.238031410000010e+01
  ],
  ""type"": ""Point""
}","{
  ""coordinates"": [
    -83.032632204,
    42.3803141
  ],
  ""type"": ""Point""
}",-83.032632204,42.3803141000001
19632,9639197,CONANT,7 MILE,2016-03-01,1,3,2016,8,3,5,9,,4,0,,3,5,1,35,4,2,3,5,0,0,0,0,true,,false,false,false,false,false,,,,,,false,false,true,,,false,false,false,false,false,-83.07349,42.43269,"{
  ""coordinates"": [
    -8.307348540100000e+01,
    4.243268684100010e+01
  ],
  ""type"": ""Point""
}","{
  ""coordinates"": [
    -83.073485401,
    42.432686841
  ],
  ""type"": ""Point""
}",-83.073485401,42.4326868410001
19633,9644190,GREENFIELD,PEMBROKE,2016-03-01,1,3,2016,8,3,5,9,,2,0,,3,2,1,30,3,2,2,5,0,0,0,0,true,,false,false,false,false,false,,,,,,false,false,false,,,false,false,false,false,false,-83.20017,42.43762,"{
  ""coordinates"": [
    -8.320016929000001e+01,
    4.243762261800000e+01
  ],
  ""type"": ""Point""
}","{
  ""coordinates"": [
    -83.20016929,
    42.437622618
  ],
  ""type"": ""Point""
}",-83.20016929,42.437622618
19634,9642734,M-39,TIREMAN,2016-03-01,1,3,2016,16,3,5,3,,1,0,,3,5,1,55,3,2,2,5,0,0,0,0,true,,false,false,false,false,false,,,,,,false,false,true,,,false,false,false,false,false,-83.21624,42.34924,"{
  ""coordinates"": [
    -8.321624204200000e+01,
    4.234924023100010e+01
  ],
  ""type"": ""Point""
}","{
  ""coordinates"": [
    -83.216242042,
    42.349240231
  ],
  ""type"": ""Point""
}",-83.216242042,42.3492402310001
19635,9639239,GRANDRIVER,REDFORD,2016-03-01,1,3,2016,16,3,4,3,,1,0,,6,5,1,30,4,2,1,4,0,0,0,1,false,,false,false,true,false,false,,,,,,false,false,false,,,false,false,false,false,false,-83.25849,42.41683,"{
  ""coordinates"": [
    -8.325849446099990e+01,
    4.241683231900000e+01
  ],
  ""type"": ""Point""
}","{
  ""coordinates"": [
    -83.258494461,
    42.416832319
  ],
  ""type"": ""Point""
}",-83.2584944609999,42.416832319
19636,9646702,SPINOZA,ORANGELAWN,2016-03-01,1,3,2016,5,3,1,9,,4,0,,3,5,4,30,2,1,0,5,0,0,0,0,true,,false,false,true,false,false,,,,,,false,false,false,,,false,false,false,false,false,-83.24903,42.36595,"{
  ""coordinates"": [
    -8.324902840700000e+01,
    4.236594927600000e+01
  ],
  ""type"": ""Point""
}","{
  ""coordinates"": [
    -83.249028407,
    42.365949276
  ],
  ""type"": ""Point""
}",-83.249028407,42.365949276
19637,9642700,RAMP 109D,N M 10,2016-03-01,1,3,2016,7,3,97,3,,1,0,,3,5,4,45,1,2,2,5,0,0,0,0,true,,false,false,false,false,false,,,,,,false,false,false,,,false,false,false,false,false,-83.10823,42.39663,"{
  ""coordinates"": [
    -8.310823305900000e+01,
    4.239662752600000e+01
  ],
  ""type"": ""Point""
}","{
  ""coordinates"": [
    -83.108233059,
    42.396627526
  ],
  ""type"": ""Point""
}",-83.108233059,42.396627526
19638,9639237,GRATIOT,BURNS,2016-03-01,1,3,2016,18,3,5,3,,1,0,,4,5,3,35,3,2,3,4,0,0,0,2,false,,false,false,false,false,false,,,,,,false,false,false,,,false,false,false,false,false,-83.01099,42.3844,"{
  ""coordinates"": [
    -8.301098925500000e+01,
    4.238440413700000e+01
  ],
  ""type"": ""Point""
}","{
  ""coordinates"": [
    -83.010989255,
    42.384404137
  ],
  ""type"": ""Point""
}",-83.010989255,42.384404137
19639,9639229,FOREST,N M 10,2016-03-01,1,3,2016,16,3,5,9,,4,0,,2,7,1,20,2,2,2,5,0,0,0,0,true,,false,false,false,false,false,,,,,,false,false,false,,,false,false,false,false,false,-83.07217,42.35159,"{
  ""coordinates"": [
    -8.307217100199991e+01,
    4.235159293000000e+01
  ],
  ""type"": ""Point""
}","{
  ""coordinates"": [
    -83.072171002,
    42.35159293
  ],
  ""type"": ""Point""
}",-83.0721710019999,42.35159293
19640,9643092,BRADEN,MICHIGAN,2016-03-01,1,3,2016,7,3,97,9,,,0,,3,2,1,25,3,2,1,5,0,0,0,0,true,,false,false,false,false,false,,,,,,false,false,false,,,false,false,false,false,false,-83.12931,42.33172,"{
  ""coordinates"": [
    -8.312931083699991e+01,
    4.233171945100000e+01
  ],
  ""type"": ""Point""
}","{
  ""coordinates"": [
    -83.129310837,
    42.331719451
  ],
  ""type"": ""Point""
}",-83.1293108369999,42.331719451
19641,9642730,I-75,7 MILE,2016-03-01,1,3,2016,4,3,5,1,,1,0,,4,5,4,70,4,2,2,3,0,0,2,0,false,,false,false,false,false,false,,,,,,false,false,true,,,false,false,false,false,false,-83.09457,42.4318,"{
  ""coordinates"": [
    -8.309456860700000e+01,
    4.243180400100000e+01
  ],
  ""type"": ""Point""
}","{
  ""coordinates"": [
    -83.094568607,
    42.431804001
  ],
  ""type"": ""Point""
}",-83.094568607,42.431804001
19642,9643062,LAFAYETTE,CASGRAIN,2016-03-01,1,3,2016,7,3,97,9,,4,3,,97,98,98,0,3,2,0,5,0,0,0,0,true,,false,false,true,false,false,,,,,,false,false,false,,,false,false,false,false,false,-83.10767,42.30749,"{
  ""coordinates"": [
    -8.310766928699999e+01,
    4.230748966800010e+01
  ],
  ""type"": ""Point""
}","{
  ""coordinates"": [
    -83.107669287,
    42.307489668
  ],
  ""type"": ""Point""
}",-83.107669287,42.3074896680001
19643,9643164,FAIRCREST,CHALMERS,2016-03-01,1,3,2016,10,3,2,9,,,2,,1,1,1,25,3,2,2,5,0,0,0,0,true,,false,false,false,false,false,,,,,,false,false,true,,,false,false,false,false,false,-82.97537,42.43204,"{
  ""coordinates"": [
    -8.297537359200000e+01,
    4.243204536600010e+01
  ],
  ""type"": ""Point""
}","{
  ""coordinates"": [
    -82.975373592,
    42.432045366
  ],
  ""type"": ""Point""
}",-82.975373592,42.4320453660001
19644,9639211,JOY,OUTER,2016-03-01,1,3,2016,17,3,9,9,,2,2,,3,5,1,35,4,2,4,5,0,0,0,0,true,,false,false,false,false,false,,,,,,false,false,false,,,false,false,false,false,false,-83.25697,42.3574,"{
  ""coordinates"": [
    -8.325696414600000e+01,
    4.235739546200010e+01
  ],
  ""type"": ""Point""
}","{
  ""coordinates"": [
    -83.256964146,
    42.357395462
  ],
  ""type"": ""Point""
}",-83.256964146,42.3573954620001
19645,9644932,SB 10,GRAND,2016-03-01,1,3,2016,5,3,1,3,,1,1,,2,2,4,55,3,1,1,5,0,0,0,0,true,,false,false,false,false,false,,,,,,false,false,false,,,false,false,false,false,false,-83.08285,42.36842,"{
  ""coordinates"": [
    -8.308284849700000e+01,
    4.236842302200010e+01
  ],
  ""type"": ""Point""
}","{
  ""coordinates"": [
    -83.082848497,
    42.368423022
  ],
  ""type"": ""Point""
}",-83.082848497,42.3684230220001
19646,9649343,E I 94,14TH,2016-03-01,1,3,2016,15,3,5,1,,1,0,,1,1,1,55,3,2,2,5,0,0,0,0,true,,false,false,true,false,false,,,,,,false,false,false,,,false,false,false,false,false,-83.08833,42.35349,"{
  ""coordinates"": [
    -8.308832409300000e+01,
    4.235349332600000e+01
  ],
  ""type"": ""Point""
}","{
  ""coordinates"": [
    -83.088324093,
    42.353493326
  ],
  ""type"": ""Point""
}",-83.088324093,42.353493326
19647,9639190,SHERWOOD,NEVADA,2016-03-01,1,3,2016,8,3,97,9,,4,1,,3,1,1,0,1,1,1,5,0,0,0,0,true,,false,false,false,false,false,,,,,,false,false,false,,,false,false,false,false,false,-83.03335,42.42677,"{
  ""coordinates"": [
    -8.303334579499990e+01,
    4.242676872900010e+01
  ],
  ""type"": ""Point""
}","{
  ""coordinates"": [
    -83.033345795,
    42.426768729
  ],
  ""type"": ""Point""
}",-83.0333457949999,42.4267687290001
19648,9644930,I94 WB,LINWOOD,2016-03-01,1,3,2016,4,3,1,1,,1,1,,4,2,4,55,3,1,1,4,0,0,0,1,false,,false,false,false,false,false,,,,,,false,false,false,,,false,false,false,false,false,-83.09199,42.35248,"{
  ""coordinates"": [
    -8.309198762999991e+01,
    4.235248159000000e+01
  ],
  ""type"": ""Point""
}","{
  ""coordinates"": [
    -83.09198763,
    42.35248159
  ],
  ""type"": ""Point""
}",-83.0919876299999,42.35248159
19649,9640397,MCNICHOLS,WYOMING,2016-03-01,1,3,2016,8,3,8,9,,4,0,,1,1,1,25,3,2,6,5,0,0,0,0,true,,false,false,false,false,false,,,,,,false,false,false,,,false,false,false,false,false,-83.16028,42.41693,"{
  ""coordinates"": [
    -8.316027636099990e+01,
    4.241693083600010e+01
  ],
  ""type"": ""Point""
}","{
  ""coordinates"": [
    -83.160276361,
    42.416930836
  ],
  ""type"": ""Point""
}",-83.1602763609999,42.4169308360001
19650,9642777,E I 96 CD,DAVISON CROSSOVER,2016-03-01,1,3,2016,7,3,1,1,,1,1,,2,2,2,55,4,1,1,4,0,0,0,1,false,,false,false,false,false,false,,,,,,false,false,false,,,false,false,false,false,false,-83.16092,42.38507,"{
  ""coordinates"": [
    -8.316091765800000e+01,
    4.238506959900010e+01
  ],
  ""type"": ""Point""
}","{
  ""coordinates"": [
    -83.160917658,
    42.385069599
  ],
  ""type"": ""Point""
}",-83.160917658,42.3850695990001
19651,9641366,HUBBELL,GROVE,2016-03-01,1,3,2016,18,3,4,9,,4,0,,2,5,2,30,4,2,1,5,0,0,0,0,true,,false,false,true,false,false,,,,,,false,false,false,,,false,false,false,false,false,-83.18945,42.41426,"{
  ""coordinates"": [
    -8.318945659699990e+01,
    4.241426617800000e+01
  ],
  ""type"": ""Point""
}","{
  ""coordinates"": [
    -83.189456597,
    42.414266178
  ],
  ""type"": ""Point""
}",-83.1894565969999,42.414266178
19652,9654721,GRAND RIVER,GREENFIELD,2016-03-01,1,3,2016,19,3,5,3,,1,0,,2,98,4,35,6,2,3,4,0,0,0,3,false,,false,false,false,false,false,,,,,,false,false,true,,,false,false,false,false,false,-83.19836,42.39265,"{
  ""coordinates"": [
    -8.319835688900000e+01,
    4.239265488500010e+01
  ],
  ""type"": ""Point""
}","{
  ""coordinates"": [
    -83.198356889,
    42.392654885
  ],
  ""type"": ""Point""
}",-83.198356889,42.3926548850001
19653,9657574,MENDOTA,CLARITA,2016-03-01,1,3,2016,11,3,4,9,,,0,,4,2,1,25,2,2,2,2,0,1,0,0,false,,false,false,true,false,false,,,,,,false,true,true,,,false,false,false,false,false,-83.16637,42.42949,"{
  ""coordinates"": [
    -8.316637270699989e+01,
    4.242949238100000e+01
  ],
  ""type"": ""Point""
}","{
  ""coordinates"": [
    -83.166372707,
    42.429492381
  ],
  ""type"": ""Point""
}",-83.1663727069999,42.429492381
19654,9637946,SHERWOOD,EMERY,2016-02-29,29,2,2016,6,2,97,9,,4,0,,1,1,5,25,1,2,3,5,0,0,0,0,true,,false,false,false,false,false,,,,,,false,false,true,,,false,false,false,false,false,-83.03411,42.43582,"{
  ""coordinates"": [
    -8.303410992700000e+01,
    4.243581635900010e+01
  ],
  ""type"": ""Point""
}","{
  ""coordinates"": [
    -83.034109927,
    42.435816359
  ],
  ""type"": ""Point""
}",-83.034109927,42.4358163590001
19655,9637860,I-75,DAVISON,2016-02-29,29,2,2016,17,2,5,1,,1,0,,1,2,3,70,3,2,1,5,0,0,0,0,true,,false,false,true,false,false,,,,,,false,false,false,,,false,false,false,false,false,-83.07565,42.40635,"{
  ""coordinates"": [
    -8.307564702600000e+01,
    4.240635418200000e+01
  ],
  ""type"": ""Point""
}","{
  ""coordinates"": [
    -83.075647026,
    42.406354182
  ],
  ""type"": ""Point""
}",-83.075647026,42.406354182