ObjectId,Crash ID,Primary Road,Intersecting Road,Crash Date,Day,Month,Year,Hour,Weekday,Crash Type Code,Highway Classification Code,Community Code,Jurisdiction Code,Lane Departure Type Code,Surface Type,Road Condition,Weather Condition,Lighting Condition,Speed Limit,Lanes,Units,Occupants,Most Severe Injury,Fatal Injuries,Suspected Serious Injuries,Suspected Minor Injuries,Possible Injuries,Property Damage Only,Secondary Crash,Traffic Control,Red Light Run,Hit and Run,Alcohol,Drugs,Unbelted Person,Work Zone,Speeding Driver,Distracted Driver,Driveway,Pedestrian,Elderly Driver,Young Driver,Commercial Vehicle,Emergency Vehicles,Train,School Bus,Motorcycle,Bicycle,Deer,Longitude,Latitude,geom,geog,x,y
19713,9643095,LONYO,KIRKWOOD,2016-02-28,28,2,2016,4,1,97,9,,4,0,,1,1,4,25,2,2,2,5,0,0,0,0,true,,false,false,false,false,false,,,,,,false,false,true,,,false,false,false,false,false,-83.14935,42.33714,"{
  ""coordinates"": [
    -8.314934530900000e+01,
    4.233713520300010e+01
  ],
  ""type"": ""Point""
}","{
  ""coordinates"": [
    -83.149345309,
    42.337135203
  ],
  ""type"": ""Point""
}",-83.149345309,42.3371352030001
19714,9637041,BURT,SCHOOLCRAFT,2016-02-28,28,2,2016,16,1,5,9,,4,0,,1,1,1,35,3,2,4,5,0,0,0,0,true,,false,false,true,false,false,,,,,,false,false,false,,,false,false,false,false,false,-83.24658,42.38567,"{
  ""coordinates"": [
    -8.324658468500000e+01,
    4.238567016500010e+01
  ],
  ""type"": ""Point""
}","{
  ""coordinates"": [
    -83.246584685,
    42.385670165
  ],
  ""type"": ""Point""
}",-83.246584685,42.3856701650001
19715,9639193,SCHAEFER,BELTON,2016-02-28,28,2,2016,23,1,5,9,,4,0,,2,2,4,30,4,3,1,5,0,0,0,0,true,,false,false,false,false,false,,,,,,false,false,false,,,false,false,false,false,false,-83.17727,42.35346,"{
  ""coordinates"": [
    -8.317726876099989e+01,
    4.235346293600000e+01
  ],
  ""type"": ""Point""
}","{
  ""coordinates"": [
    -83.177268761,
    42.353462936
  ],
  ""type"": ""Point""
}",-83.1772687609999,42.353462936
19716,9822221,FORT,MIAMI,2016-02-28,28,2,2016,7,1,1,3,,1,1,,1,1,1,35,3,1,0,5,0,0,0,0,true,,false,false,false,false,false,,,,,,false,false,false,,,false,false,false,false,false,-83.15715,42.27378,"{
  ""coordinates"": [
    -8.315715105000000e+01,
    4.227377607600000e+01
  ],
  ""type"": ""Point""
}","{
  ""coordinates"": [
    -83.15715105,
    42.273776076
  ],
  ""type"": ""Point""
}",-83.15715105,42.273776076
19717,9641261,I-94,GRAND RIVER,2016-02-28,28,2,2016,5,1,5,1,,1,0,,1,1,4,55,3,3,3,5,0,0,0,0,true,,false,false,true,false,false,,,,,,false,false,true,,,false,false,false,false,false,-83.10022,42.34988,"{
  ""coordinates"": [
    -8.310021859900000e+01,
    4.234988233200000e+01
  ],
  ""type"": ""Point""
}","{
  ""coordinates"": [
    -83.100218599,
    42.349882332
  ],
  ""type"": ""Point""
}",-83.100218599,42.349882332
19718,9639198,LYNDON,HARTWELL,2016-02-28,28,2,2016,16,1,4,9,,4,0,,1,1,1,30,2,2,7,4,0,0,0,3,false,,true,false,false,false,false,,,,,,false,false,true,,,false,false,false,false,false,-83.17771,42.39485,"{
  ""coordinates"": [
    -8.317771198299990e+01,
    4.239484682800000e+01
  ],
  ""type"": ""Point""
}","{
  ""coordinates"": [
    -83.177711983,
    42.394846828
  ],
  ""type"": ""Point""
}",-83.1777119829999,42.394846828
19719,9643094,GREEN,WHITTAKER,2016-02-28,28,2,2016,18,1,1,9,,,0,,1,1,3,25,2,2,1,5,0,0,0,0,true,,false,false,true,false,false,,,,,,true,false,false,,,false,false,false,false,false,-83.12087,42.31327,"{
  ""coordinates"": [
    -8.312087006599999e+01,
    4.231326706700000e+01
  ],
  ""type"": ""Point""
}","{
  ""coordinates"": [
    -83.120870066,
    42.313267067
  ],
  ""type"": ""Point""
}",-83.120870066,42.313267067
19720,9637051,PIERSON,VASSAR,2016-02-28,28,2,2016,20,1,2,9,,,2,,2,4,4,25,2,2,1,5,0,0,0,0,true,,false,false,false,false,false,,,,,,false,false,false,,,false,false,false,false,false,-83.2475,42.43309,"{
  ""coordinates"": [
    -8.324749894800000e+01,
    4.243309474000010e+01
  ],
  ""type"": ""Point""
}","{
  ""coordinates"": [
    -83.247498948,
    42.43309474
  ],
  ""type"": ""Point""
}",-83.247498948,42.4330947400001
19721,9653953,GREENFIELD RD,ARTHUR AVE,2016-02-28,28,2,2016,16,1,1,9,,2,1,,1,1,1,35,7,1,1,3,0,0,1,0,false,,false,false,false,false,false,,,,,,false,false,false,,,false,false,true,false,false,-83.19614,42.34003,"{
  ""coordinates"": [
    -8.319613266000000e+01,
    4.234003442400010e+01
  ],
  ""type"": ""Point""
}","{
  ""coordinates"": [
    -83.19613266,
    42.340034424
  ],
  ""type"": ""Point""
}",-83.19613266,42.3400344240001
19722,9637959,GRAND RIVER,I 94,2016-02-28,28,2,2016,2,1,97,3,,1,0,,1,1,4,35,4,2,0,4,0,0,0,1,false,,false,false,true,false,false,,,,,,true,false,false,,,false,false,false,false,false,-83.09545,42.35118,"{
  ""coordinates"": [
    -8.309544800499999e+01,
    4.235118289000010e+01
  ],
  ""type"": ""Point""
}","{
  ""coordinates"": [
    -83.095448005,
    42.35118289
  ],
  ""type"": ""Point""
}",-83.095448005,42.3511828900001
19723,9639243,LAING,MORANG,2016-02-28,28,2,2016,4,1,97,9,,,0,,1,1,4,20,2,2,0,5,0,0,0,0,true,,false,false,true,false,false,,,,,,false,false,false,,,false,false,false,false,false,-82.95316,42.42737,"{
  ""coordinates"": [
    -8.295316574299990e+01,
    4.242737064600000e+01
  ],
  ""type"": ""Point""
}","{
  ""coordinates"": [
    -82.953165743,
    42.427370646
  ],
  ""type"": ""Point""
}",-82.9531657429999,42.427370646
19724,9643162,CADIEUX,BRITAIN,2016-02-28,28,2,2016,4,1,5,9,,4,3,,1,1,4,35,2,4,1,4,0,0,0,1,false,,false,false,false,false,false,,,,,,false,false,false,,,false,false,false,false,false,-82.93813,42.41871,"{
  ""coordinates"": [
    -8.293812447900000e+01,
    4.241870842700010e+01
  ],
  ""type"": ""Point""
}","{
  ""coordinates"": [
    -82.938124479,
    42.418708427
  ],
  ""type"": ""Point""
}",-82.938124479,42.4187084270001
19725,9675731,S M 39,RAMP 008H,2016-02-28,28,2,2016,5,1,5,3,,1,0,,1,1,4,55,3,2,2,5,0,0,0,0,true,,false,false,true,false,false,,,,,,false,false,false,,,false,false,false,false,false,-83.21754,42.38309,"{
  ""coordinates"": [
    -8.321753925199990e+01,
    4.238309260500010e+01
  ],
  ""type"": ""Point""
}","{
  ""coordinates"": [
    -83.217539252,
    42.383092605
  ],
  ""type"": ""Point""
}",-83.2175392519999,42.3830926050001
19726,9637983,MT ELLIOT,FOREST,2016-02-28,28,2,2016,18,1,97,9,,4,0,,1,1,1,30,4,2,3,5,0,0,0,0,true,,false,false,false,false,false,,,,,,false,false,false,,,false,false,false,false,false,-83.02627,42.36836,"{
  ""coordinates"": [
    -8.302626420099990e+01,
    4.236836234100010e+01
  ],
  ""type"": ""Point""
}","{
  ""coordinates"": [
    -83.026264201,
    42.368362341
  ],
  ""type"": ""Point""
}",-83.0262642009999,42.3683623410001
19727,9643071,VERNOR,CAMPBELL,2016-02-28,28,2,2016,22,1,5,9,,4,0,,2,1,4,35,2,2,1,5,0,0,0,0,true,,false,false,false,false,false,,,,,,false,false,true,,,false,false,false,false,false,-83.10412,42.31688,"{
  ""coordinates"": [
    -8.310411869900000e+01,
    4.231687527200010e+01
  ],
  ""type"": ""Point""
}","{
  ""coordinates"": [
    -83.104118699,
    42.316875272
  ],
  ""type"": ""Point""
}",-83.104118699,42.3168752720001
19728,9641265,I-75,SPRINGWELLS,2016-02-28,28,2,2016,21,1,1,1,,1,0,,2,4,4,70,4,1,3,5,0,0,0,0,true,,false,false,false,false,false,,,,,,false,false,false,,,false,false,false,false,false,-83.11902,42.30169,"{
  ""coordinates"": [
    -8.311901493499990e+01,
    4.230168881400000e+01
  ],
  ""type"": ""Point""
}","{
  ""coordinates"": [
    -83.119014935,
    42.301688814
  ],
  ""type"": ""Point""
}",-83.1190149349999,42.301688814
19729,9654658,GRAND RIVER,PLYMOUTH,2016-02-28,28,2,2016,5,1,1,3,,1,0,,1,1,4,35,3,1,0,5,0,0,0,0,true,,false,false,true,false,false,,,,,,false,false,false,,,false,false,false,false,false,-83.15115,42.37364,"{
  ""coordinates"": [
    -8.315115119900000e+01,
    4.237364081000000e+01
  ],
  ""type"": ""Point""
}","{
  ""coordinates"": [
    -83.151151199,
    42.37364081
  ],
  ""type"": ""Point""
}",-83.151151199,42.37364081
19730,9639249,VAN DYKE,BRENTWOOD,2016-02-28,28,2,2016,20,1,8,3,,1,3,,1,1,4,0,2,2,0,5,0,0,0,0,true,,false,false,true,false,false,,,,,,false,false,false,,,false,false,false,false,false,-83.02421,42.43299,"{
  ""coordinates"": [
    -8.302421102100000e+01,
    4.243298984600010e+01
  ],
  ""type"": ""Point""
}","{
  ""coordinates"": [
    -83.024211021,
    42.432989846
  ],
  ""type"": ""Point""
}",-83.024211021,42.4329898460001
19731,9637971,GREENFIELD,PLYMOUTH,2016-02-28,28,2,2016,21,1,5,9,,2,0,,2,4,4,35,5,3,3,4,0,0,0,2,false,,false,false,true,false,false,,,,,,false,false,false,,,false,false,false,false,false,-83.19755,42.37247,"{
  ""coordinates"": [
    -8.319754817300000e+01,
    4.237247162200000e+01
  ],
  ""type"": ""Point""
}","{
  ""coordinates"": [
    -83.197548173,
    42.372471622
  ],
  ""type"": ""Point""
}",-83.197548173,42.372471622
19732,9637052,EVERGREEN,MCNICHOLS,2016-02-28,28,2,2016,11,1,4,9,,4,0,,1,1,1,35,2,2,3,5,0,0,0,0,true,,false,false,false,false,false,,,,,,false,false,false,,,false,false,false,false,false,-83.23819,42.41505,"{
  ""coordinates"": [
    -8.323818938800000e+01,
    4.241504706700000e+01
  ],
  ""type"": ""Point""
}","{
  ""coordinates"": [
    -83.238189388,
    42.415047067
  ],
  ""type"": ""Point""
}",-83.238189388,42.415047067
19733,9637032,NOTTINGHAM,WINDSOR,2016-02-28,28,2,2016,10,1,4,9,,,0,,1,1,1,25,2,2,2,5,0,0,0,0,true,,true,false,false,false,false,,,,,,false,false,false,,,false,false,false,false,false,-82.94338,42.39093,"{
  ""coordinates"": [
    -8.294338010699990e+01,
    4.239092585800010e+01
  ],
  ""type"": ""Point""
}","{
  ""coordinates"": [
    -82.943380107,
    42.390925858
  ],
  ""type"": ""Point""
}",-82.9433801069999,42.3909258580001
19734,9637055,S I 75 SERVICE DRIVE,7 MILE,2016-02-28,28,2,2016,5,1,4,9,,4,0,,2,1,4,30,2,3,1,4,0,0,0,1,false,,false,false,true,false,false,,,,,,false,false,false,,,false,false,false,false,false,-83.09534,42.43246,"{
  ""coordinates"": [
    -8.309534490199999e+01,
    4.243245571600000e+01
  ],
  ""type"": ""Point""
}","{
  ""coordinates"": [
    -83.095344902,
    42.432455716
  ],
  ""type"": ""Point""
}",-83.095344902,42.432455716
19735,9636836,S M 39,RAMP 008W,2016-02-28,28,2,2016,21,1,1,3,,1,1,,2,4,4,55,3,1,1,4,0,0,0,1,false,,false,false,false,true,false,,,,,,false,false,true,,,false,false,false,false,false,-83.21789,42.39033,"{
  ""coordinates"": [
    -8.321788692000000e+01,
    4.239032906700000e+01
  ],
  ""type"": ""Point""
}","{
  ""coordinates"": [
    -83.21788692,
    42.390329067
  ],
  ""type"": ""Point""
}",-83.21788692,42.390329067
19736,9637006,WESTWOOD,DOVER,2016-02-28,28,2,2016,2,1,1,9,,,1,,1,1,4,35,1,1,3,3,0,0,1,1,false,,false,false,false,false,false,,,,,,false,false,false,,,false,false,false,false,false,-83.23112,42.36023,"{
  ""coordinates"": [
    -8.323112178299991e+01,
    4.236022591900010e+01
  ],
  ""type"": ""Point""
}","{
  ""coordinates"": [
    -83.231121783,
    42.360225919
  ],
  ""type"": ""Point""
}",-83.2311217829999,42.3602259190001
19737,9640416,HUBBELL,JOY,2016-02-28,28,2,2016,21,1,4,9,,4,0,,1,1,4,35,5,2,3,4,0,0,0,3,false,,true,true,true,false,false,,,,,,false,true,false,,,false,false,false,false,false,-83.18723,42.35835,"{
  ""coordinates"": [
    -8.318723127399990e+01,
    4.235834591300010e+01
  ],
  ""type"": ""Point""
}","{
  ""coordinates"": [
    -83.187231274,
    42.358345913
  ],
  ""type"": ""Point""
}",-83.1872312739999,42.3583459130001
19738,9641244,THE STRAND,VISTA,2016-02-28,28,2,2016,17,1,8,3,,1,0,,1,1,1,25,2,2,3,5,0,0,0,0,true,,false,false,false,false,false,,,,,,false,true,false,,,false,false,false,false,false,-82.9752,42.3381,"{
  ""coordinates"": [
    -8.297520294299990e+01,
    4.233809780200000e+01
  ],
  ""type"": ""Point""
}","{
  ""coordinates"": [
    -82.975202943,
    42.338097802
  ],
  ""type"": ""Point""
}",-82.9752029429999,42.338097802
19739,9639213,GREENFIELD,EATON,2016-02-28,28,2,2016,2,1,5,9,,2,0,,1,1,4,30,4,2,1,4,0,0,0,1,false,,false,false,true,false,false,,,,,,false,false,false,,,false,false,false,false,false,-83.19852,42.39673,"{
  ""coordinates"": [
    -8.319852307300000e+01,
    4.239672845400000e+01
  ],
  ""type"": ""Point""
}","{
  ""coordinates"": [
    -83.198523073,
    42.396728454
  ],
  ""type"": ""Point""
}",-83.198523073,42.396728454
19740,9643072,SOMERSET,WHITTIER,2016-02-28,28,2,2016,3,1,9,9,,,2,,1,1,4,25,1,2,0,5,0,0,0,0,true,,false,false,true,false,false,,,,,,false,false,false,,,false,false,false,false,false,-82.94945,42.41607,"{
  ""coordinates"": [
    -8.294944719400000e+01,
    4.241607040700010e+01
  ],
  ""type"": ""Point""
}","{
  ""coordinates"": [
    -82.949447194,
    42.416070407
  ],
  ""type"": ""Point""
}",-82.949447194,42.4160704070001
19741,9640408,APPOLINE,WESTFIELD,2016-02-28,28,2,2016,13,1,8,9,,,0,,1,1,1,25,1,2,1,4,0,0,0,1,false,,false,false,true,false,false,,,,,,false,false,false,,,false,false,false,false,false,-83.16906,42.36296,"{
  ""coordinates"": [
    -8.316905749199999e+01,
    4.236296149100010e+01
  ],
  ""type"": ""Point""
}","{
  ""coordinates"": [
    -83.169057492,
    42.362961491
  ],
  ""type"": ""Point""
}",-83.169057492,42.3629614910001
19742,9637033,CONNER,VERNOR,2016-02-28,28,2,2016,13,1,5,9,,4,0,,1,1,1,30,7,2,1,4,0,0,0,1,false,,false,false,true,false,false,,,,,,false,true,false,,,false,false,false,false,false,-82.96249,42.37551,"{
  ""coordinates"": [
    -8.296249238500000e+01,
    4.237551512300010e+01
  ],
  ""type"": ""Point""
}","{
  ""coordinates"": [
    -82.962492385,
    42.375515123
  ],
  ""type"": ""Point""
}",-82.962492385,42.3755151230001
19743,9637020,KERCHEVAL,HARDING,2016-02-28,28,2,2016,0,1,4,9,,4,0,,1,1,4,30,4,2,1,5,0,0,0,0,true,,false,false,true,false,false,,,,,,false,false,true,,,false,false,false,false,false,-82.97879,42.36676,"{
  ""coordinates"": [
    -8.297878723699991e+01,
    4.236676134900010e+01
  ],
  ""type"": ""Point""
}","{
  ""coordinates"": [
    -82.978787237,
    42.366761349
  ],
  ""type"": ""Point""
}",-82.9787872369999,42.3667613490001
19744,9637018,ARCHDALE,ACACIA,2016-02-28,28,2,2016,11,1,97,9,,,0,,2,4,4,15,1,2,0,5,0,0,0,0,true,,false,false,true,false,false,,,,,,false,false,false,,,false,false,false,false,false,-83.21626,42.39064,"{
  ""coordinates"": [
    -8.321625664999991e+01,
    4.239064329700010e+01
  ],
  ""type"": ""Point""
}","{
  ""coordinates"": [
    -83.21625665,
    42.390643297
  ],
  ""type"": ""Point""
}",-83.2162566499999,42.3906432970001
19745,9637954,COLLINGHAM,SCHOENHERR,2016-02-28,28,2,2016,11,1,5,9,,,0,,1,1,1,25,2,2,0,5,0,0,0,0,true,,false,false,true,false,false,,,,,,false,false,false,,,false,false,false,false,false,-82.98538,42.44763,"{
  ""coordinates"": [
    -8.298537860200000e+01,
    4.244762770300010e+01
  ],
  ""type"": ""Point""
}","{
  ""coordinates"": [
    -82.985378602,
    42.447627703
  ],
  ""type"": ""Point""
}",-82.985378602,42.4476277030001
19746,9637009,7 MILE,ANDOVER,2016-02-28,28,2,2016,13,1,5,9,,4,0,,1,1,1,35,2,2,3,5,0,0,0,0,true,,false,false,false,false,false,,,,,,false,false,false,,,false,false,false,false,false,-83.09941,42.43233,"{
  ""coordinates"": [
    -8.309941014799990e+01,
    4.243233614500010e+01
  ],
  ""type"": ""Point""
}","{
  ""coordinates"": [
    -83.099410148,
    42.432336145
  ],
  ""type"": ""Point""
}",-83.0994101479999,42.4323361450001
19747,9643042,CENTRAL,JOHN KRONK,2016-02-28,28,2,2016,17,1,4,9,,4,0,,1,1,1,30,2,2,2,5,0,0,0,0,true,,true,true,true,false,false,,,,,,false,false,false,,,false,false,false,false,false,-83.13165,42.32278,"{
  ""coordinates"": [
    -8.313164331599999e+01,
    4.232277834400000e+01
  ],
  ""type"": ""Point""
}","{
  ""coordinates"": [
    -83.131643316,
    42.322778344
  ],
  ""type"": ""Point""
}",-83.131643316,42.322778344
19748,9640407,LESURE,EATON,2016-02-28,28,2,2016,4,1,4,9,,,3,,3,2,4,25,2,2,0,5,0,0,0,0,true,,false,false,true,false,false,,,,,,false,false,false,,,false,false,false,false,false,-83.18109,42.39884,"{
  ""coordinates"": [
    -8.318109189200000e+01,
    4.239884043300000e+01
  ],
  ""type"": ""Point""
}","{
  ""coordinates"": [
    -83.181091892,
    42.398840433
  ],
  ""type"": ""Point""
}",-83.181091892,42.398840433
19749,9647760,STARSBURG,SEVEN MILE,2016-02-28,28,2,2016,14,1,1,9,,,0,,1,2,1,35,2,1,1,4,0,0,0,1,false,,false,false,false,false,false,,,,,,false,false,true,,,false,false,false,false,false,-82.99851,42.43461,"{
  ""coordinates"": [
    -8.299851469600000e+01,
    4.243460765700010e+01
  ],
  ""type"": ""Point""
}","{
  ""coordinates"": [
    -82.998514696,
    42.434607657
  ],
  ""type"": ""Point""
}",-82.998514696,42.4346076570001
19750,9637955,N M 39,FORD,2016-02-28,28,2,2016,17,1,8,3,,1,0,,1,1,1,25,2,2,3,5,0,0,0,0,true,,false,false,false,false,false,,,,,,false,false,true,,,false,false,false,false,false,-83.21558,42.32914,"{
  ""coordinates"": [
    -8.321558460200001e+01,
    4.232914242900010e+01
  ],
  ""type"": ""Point""
}","{
  ""coordinates"": [
    -83.215584602,
    42.329142429
  ],
  ""type"": ""Point""
}",-83.215584602,42.3291424290001
19751,9657544,7 MILE,FAUST,2016-02-28,28,2,2016,2,1,4,9,,2,0,,2,1,4,35,4,2,3,4,0,0,0,1,false,,false,false,true,false,false,,,,,,false,false,true,,,false,false,false,false,false,-83.22353,42.42994,"{
  ""coordinates"": [
    -8.322352682699990e+01,
    4.242993426500000e+01
  ],
  ""type"": ""Point""
}","{
  ""coordinates"": [
    -83.223526827,
    42.429934265
  ],
  ""type"": ""Point""
}",-83.2235268269999,42.429934265
19752,9637963,GREEN,GARTNER,2016-02-28,28,2,2016,8,1,97,9,,,0,,1,1,1,25,1,2,2,5,0,0,0,0,true,,false,false,false,false,false,,,,,,false,false,false,,,false,false,false,false,false,-83.11939,42.31123,"{
  ""coordinates"": [
    -8.311938918399990e+01,
    4.231123309600010e+01
  ],
  ""type"": ""Point""
}","{
  ""coordinates"": [
    -83.119389184,
    42.311233096
  ],
  ""type"": ""Point""
}",-83.1193891839999,42.3112330960001
19753,9636861,RAMP 216D,E I 94,2016-02-28,28,2,2016,1,1,1,1,,1,1,,1,1,4,55,3,1,1,3,0,0,1,0,false,,false,false,false,false,false,,,,,,false,false,true,,,false,false,false,false,false,-83.0578,42.36854,"{
  ""coordinates"": [
    -8.305780278700000e+01,
    4.236853627900010e+01
  ],
  ""type"": ""Point""
}","{
  ""coordinates"": [
    -83.057802787,
    42.368536279
  ],
  ""type"": ""Point""
}",-83.057802787,42.3685362790001
19754,9637028,MCNICHOLS,FREELAND,2016-02-28,28,2,2016,18,1,1,9,,2,0,,1,1,4,35,4,2,1,4,0,0,0,1,false,,false,false,false,true,false,,,,,,true,true,false,,,false,false,false,false,false,-83.1861,42.41651,"{
  ""coordinates"": [
    -8.318610284399990e+01,
    4.241651102800010e+01
  ],
  ""type"": ""Point""
}","{
  ""coordinates"": [
    -83.186102844,
    42.416511028
  ],
  ""type"": ""Point""
}",-83.1861028439999,42.4165110280001
19755,9636899,EB I-94,14TH,2016-02-28,28,2,2016,16,1,5,1,,1,0,,1,1,1,55,3,3,4,5,0,0,0,0,true,,false,false,false,false,false,,,,,,false,false,false,,,false,false,false,false,false,-83.08863,42.3534,"{
  ""coordinates"": [
    -8.308863023299990e+01,
    4.235339597100010e+01
  ],
  ""type"": ""Point""
}","{
  ""coordinates"": [
    -83.088630233,
    42.353395971
  ],
  ""type"": ""Point""
}",-83.0886302329999,42.3533959710001
19756,9639192,SCHAEFER,LYNDON,2016-02-28,28,2,2016,22,1,9,9,,4,2,,2,4,4,30,5,2,2,5,0,0,0,0,true,,false,false,false,false,false,,,,,,false,false,true,,,false,false,false,false,false,-83.17879,42.39475,"{
  ""coordinates"": [
    -8.317878871600000e+01,
    4.239475037400010e+01
  ],
  ""type"": ""Point""
}","{
  ""coordinates"": [
    -83.178788716,
    42.394750374
  ],
  ""type"": ""Point""
}",-83.178788716,42.3947503740001
19757,9636907,N M 39,RAMP 008B,2016-02-28,28,2,2016,20,1,8,3,,1,0,,1,2,4,55,3,3,2,5,0,0,0,0,true,,false,false,true,false,false,,,,,,false,false,false,,,false,false,false,false,false,-83.21671,42.37542,"{
  ""coordinates"": [
    -8.321671032200000e+01,
    4.237542496000000e+01
  ],
  ""type"": ""Point""
}","{
  ""coordinates"": [
    -83.216710322,
    42.37542496
  ],
  ""type"": ""Point""
}",-83.216710322,42.37542496
19758,9649189,I-75,DRAGOON,2016-02-28,28,2,2016,1,1,1,1,,1,0,,1,2,4,55,4,2,2,2,0,1,0,0,false,,false,false,false,true,false,,,,,,true,false,false,,,false,false,false,false,false,-83.09901,42.31028,"{
  ""coordinates"": [
    -8.309901312499990e+01,
    4.231028347000010e+01
  ],
  ""type"": ""Point""
}","{
  ""coordinates"": [
    -83.099013125,
    42.31028347
  ],
  ""type"": ""Point""
}",-83.0990131249999,42.3102834700001
19759,9637982,DAVISON,PETOSKEY,2016-02-28,28,2,2016,19,1,5,3,,1,0,,1,1,4,35,7,2,2,5,0,0,0,0,true,,false,false,true,false,false,,,,,,false,false,false,,,false,false,false,false,false,-83.13552,42.38798,"{
  ""coordinates"": [
    -8.313551994600000e+01,
    4.238798129300010e+01
  ],
  ""type"": ""Point""
}","{
  ""coordinates"": [
    -83.135519946,
    42.387981293
  ],
  ""type"": ""Point""
}",-83.135519946,42.3879812930001
19760,9646704,EVERGREEN,WESTFIELD,2016-02-28,28,2,2016,9,1,4,9,,4,0,,1,1,1,35,4,2,3,5,0,0,0,0,true,,true,false,false,false,false,,,,,,false,false,true,,,false,false,false,false,false,-83.23601,42.36291,"{
  ""coordinates"": [
    -8.323600918800000e+01,
    4.236290862000000e+01
  ],
  ""type"": ""Point""
}","{
  ""coordinates"": [
    -83.236009188,
    42.36290862
  ],
  ""type"": ""Point""
}",-83.236009188,42.36290862
19761,9637960,REDMOND,LAPPIN,2016-02-27,27,2,2016,12,7,4,9,,,0,,1,2,1,25,2,2,5,4,0,0,0,2,false,,true,false,false,false,false,,,,,,false,false,true,,,false,false,false,false,false,-82.95583,42.4374,"{
  ""coordinates"": [
    -8.295582218899990e+01,
    4.243740075900010e+01
  ],
  ""type"": ""Point""
}","{
  ""coordinates"": [
    -82.955822189,
    42.437400759
  ],
  ""type"": ""Point""
}",-82.9558221889999,42.4374007590001
19762,9641240,I-75,OUTER,2016-02-27,27,2,2016,17,7,5,1,,1,0,,1,1,1,70,3,3,4,4,0,0,0,2,false,,false,false,false,false,false,,,,,,false,false,true,,,false,false,false,false,false,-83.09507,42.43612,"{
  ""coordinates"": [
    -8.309507183300001e+01,
    4.243611777700000e+01
  ],
  ""type"": ""Point""
}","{
  ""coordinates"": [
    -83.095071833,
    42.436117777
  ],
  ""type"": ""Point""
}",-83.095071833,42.436117777
19763,9637027,CHANDLER PARK,COPLIN,2016-02-27,27,2,2016,3,7,9,9,,2,2,,4,1,4,35,3,2,0,5,0,0,0,0,true,,false,false,true,false,false,,,,,,false,false,false,,,false,false,false,false,false,-82.96735,42.39838,"{
  ""coordinates"": [
    -8.296734664900001e+01,
    4.239838154200000e+01
  ],
  ""type"": ""Point""
}","{
  ""coordinates"": [
    -82.967346649,
    42.398381542
  ],
  ""type"": ""Point""
}",-82.967346649,42.398381542
19764,9637962,BROADWAY,JOHN R,2016-02-27,27,2,2016,19,7,8,9,,4,0,,1,1,4,25,3,2,3,5,0,0,0,0,true,,false,false,true,false,false,,,,,,false,false,false,,,false,false,false,false,false,-83.04828,42.33587,"{
  ""coordinates"": [
    -8.304828188600000e+01,
    4.233587374900000e+01
  ],
  ""type"": ""Point""
}","{
  ""coordinates"": [
    -83.048281886,
    42.335873749
  ],
  ""type"": ""Point""
}",-83.048281886,42.335873749
19765,9636865,I-94,JUNCTION,2016-02-27,27,2,2016,2,7,8,1,,1,0,,1,2,4,55,3,3,3,4,0,0,0,1,false,,false,false,false,false,false,,,,,,false,false,false,,,false,false,false,false,false,-83.11601,42.34252,"{
  ""coordinates"": [
    -8.311601234499990e+01,
    4.234251733200010e+01
  ],
  ""type"": ""Point""
}","{
  ""coordinates"": [
    -83.116012345,
    42.342517332
  ],
  ""type"": ""Point""
}",-83.1160123449999,42.3425173320001
19766,9636104,JAMES COUZENS,ARDMORE,2016-02-27,27,2,2016,14,7,8,9,,4,0,,1,1,1,35,2,2,2,5,0,0,0,0,true,,false,false,false,false,false,,,,,,false,true,false,,,false,false,false,false,false,-83.18545,42.42982,"{
  ""coordinates"": [
    -8.318544735499999e+01,
    4.242982118700010e+01
  ],
  ""type"": ""Point""
}","{
  ""coordinates"": [
    -83.185447355,
    42.429821187
  ],
  ""type"": ""Point""
}",-83.185447355,42.4298211870001
19767,9636042,CURTIS,MONICA,2016-02-27,27,2,2016,18,7,4,9,,4,0,,1,1,4,30,2,2,2,5,0,0,0,0,true,,false,false,false,false,false,,,,,,false,false,false,,,false,false,false,false,false,-83.14439,42.42436,"{
  ""coordinates"": [
    -8.314439351399990e+01,
    4.242436215000000e+01
  ],
  ""type"": ""Point""
}","{
  ""coordinates"": [
    -83.144393514,
    42.42436215
  ],
  ""type"": ""Point""
}",-83.1443935139999,42.42436215
19768,9637044,RIVARD,LAFAYETTE,2016-02-27,27,2,2016,19,7,3,9,,4,0,,1,1,4,35,2,2,2,4,0,0,0,1,false,,false,false,false,false,false,,,,,,false,true,false,,,false,false,false,false,false,-83.03625,42.33641,"{
  ""coordinates"": [
    -8.303625775899999e+01,
    4.233640723500010e+01
  ],
  ""type"": ""Point""
}","{
  ""coordinates"": [
    -83.036257759,
    42.336407235
  ],
  ""type"": ""Point""
}",-83.036257759,42.3364072350001
19769,9637014,GRATIOT,JAY,2016-02-27,27,2,2016,20,7,5,3,,1,0,,1,1,4,35,3,2,3,5,0,0,0,0,true,,false,false,false,false,false,,,,,,false,false,false,,,false,false,false,false,false,-83.03751,42.34512,"{
  ""coordinates"": [
    -8.303750935100000e+01,
    4.234512246900000e+01
  ],
  ""type"": ""Point""
}","{
  ""coordinates"": [
    -83.037509351,
    42.345122469
  ],
  ""type"": ""Point""
}",-83.037509351,42.345122469