ObjectId,Crash ID,Primary Road,Intersecting Road,Crash Date,Day,Month,Year,Hour,Weekday,Crash Type Code,Highway Classification Code,Community Code,Jurisdiction Code,Lane Departure Type Code,Surface Type,Road Condition,Weather Condition,Lighting Condition,Speed Limit,Lanes,Units,Occupants,Most Severe Injury,Fatal Injuries,Suspected Serious Injuries,Suspected Minor Injuries,Possible Injuries,Property Damage Only,Secondary Crash,Traffic Control,Red Light Run,Hit and Run,Alcohol,Drugs,Unbelted Person,Work Zone,Speeding Driver,Distracted Driver,Driveway,Pedestrian,Elderly Driver,Young Driver,Commercial Vehicle,Emergency Vehicles,Train,School Bus,Motorcycle,Bicycle,Deer,Longitude,Latitude,geom,geog,x,y
20168,9631311,MEMORIAL,WHITLOCK,2016-02-22,22,2,2016,8,2,97,9,,,0,,1,1,1,25,1,2,2,5,0,0,0,0,true,,false,false,false,false,false,,,,,,false,false,false,,,false,false,false,false,false,-83.21081,42.33846,"{
  ""coordinates"": [
    -8.321081091500000e+01,
    4.233845624500000e+01
  ],
  ""type"": ""Point""
}","{
  ""coordinates"": [
    -83.210810915,
    42.338456245
  ],
  ""type"": ""Point""
}",-83.210810915,42.338456245
20169,9649332,GRAND,MEDBURY,2016-02-21,21,2,2016,3,1,1,9,,4,1,,1,1,4,30,2,1,0,5,0,0,0,0,true,,false,false,true,false,false,,,,,,false,false,false,,,false,false,false,false,false,-83.04086,42.37481,"{
  ""coordinates"": [
    -8.304086328100000e+01,
    4.237480927400000e+01
  ],
  ""type"": ""Point""
}","{
  ""coordinates"": [
    -83.040863281,
    42.374809274
  ],
  ""type"": ""Point""
}",-83.040863281,42.374809274
20170,9997475,RALSTON,STATE FAIR,2016-02-21,21,2,2016,14,1,4,9,,,0,,1,1,1,25,1,2,2,5,0,0,0,0,true,,false,false,false,false,false,,,,,,false,false,true,,,false,false,false,false,false,-83.11713,42.43933,"{
  ""coordinates"": [
    -8.311713631500000e+01,
    4.243933077900000e+01
  ],
  ""type"": ""Point""
}","{
  ""coordinates"": [
    -83.117136315,
    42.439330779
  ],
  ""type"": ""Point""
}",-83.117136315,42.439330779
20171,9896389,CHANDLER PARK,CONNER,2016-02-21,21,2,2016,13,1,9,9,,4,2,,1,1,1,25,2,2,2,2,0,1,0,0,false,,false,false,true,false,false,,,,,,false,false,false,,,false,false,false,false,false,-82.983,42.39317,"{
  ""coordinates"": [
    -8.298300494599989e+01,
    4.239316676300010e+01
  ],
  ""type"": ""Point""
}","{
  ""coordinates"": [
    -82.983004946,
    42.393166763
  ],
  ""type"": ""Point""
}",-82.9830049459999,42.3931667630001
20172,9630388,LIVERNOIS,DENNIS,2016-02-21,21,2,2016,0,1,97,9,,4,0,,1,1,4,35,5,2,4,5,0,0,0,0,true,,false,false,true,false,false,,,,,,false,false,true,,,false,false,false,false,false,-83.11784,42.32768,"{
  ""coordinates"": [
    -8.311784063899999e+01,
    4.232768223800010e+01
  ],
  ""type"": ""Point""
}","{
  ""coordinates"": [
    -83.117840639,
    42.327682238
  ],
  ""type"": ""Point""
}",-83.117840639,42.3276822380001
20173,9630403,SUSSEX,MARGARETA,2016-02-21,21,2,2016,22,1,8,9,,,0,,1,1,4,25,2,2,1,5,0,0,0,0,true,,false,false,true,false,false,,,,,,false,false,false,,,false,false,false,false,false,-83.19604,42.42703,"{
  ""coordinates"": [
    -8.319604266100001e+01,
    4.242702759900000e+01
  ],
  ""type"": ""Point""
}","{
  ""coordinates"": [
    -83.196042661,
    42.427027599
  ],
  ""type"": ""Point""
}",-83.196042661,42.427027599
20174,9768853,HUBBELL,FENKELL,2016-02-21,21,2,2016,16,1,1,9,,4,1,,1,1,1,30,4,1,1,3,0,0,1,0,false,,false,false,false,false,false,,,,,,false,true,false,,,false,false,false,false,false,-83.18892,42.40202,"{
  ""coordinates"": [
    -8.318891705999989e+01,
    4.240201901800000e+01
  ],
  ""type"": ""Point""
}","{
  ""coordinates"": [
    -83.18891706,
    42.402019018
  ],
  ""type"": ""Point""
}",-83.1889170599999,42.402019018
20175,9745798,DAVISON,ROSA,2016-02-21,21,2,2016,2,1,4,3,,1,0,,1,1,4,35,3,2,4,4,0,0,0,4,false,,true,true,false,false,false,,,,,,false,false,true,,,false,false,false,false,false,-83.14174,42.38641,"{
  ""coordinates"": [
    -8.314173952499991e+01,
    4.238641063300000e+01
  ],
  ""type"": ""Point""
}","{
  ""coordinates"": [
    -83.141739525,
    42.386410633
  ],
  ""type"": ""Point""
}",-83.1417395249999,42.386410633
20176,9630400,OUTER,FENELON,2016-02-21,21,2,2016,9,1,4,9,,2,0,,1,1,4,35,2,2,2,5,0,0,0,0,true,,true,true,false,false,false,,,,,,false,true,true,,,false,false,false,false,false,-83.05423,42.44072,"{
  ""coordinates"": [
    -8.305422946200000e+01,
    4.244071497400010e+01
  ],
  ""type"": ""Point""
}","{
  ""coordinates"": [
    -83.054229462,
    42.440714974
  ],
  ""type"": ""Point""
}",-83.054229462,42.4407149740001
20177,9654670,HUBBELL,MACKENZIE,2016-02-21,21,2,2016,3,1,97,9,,4,0,,1,1,5,25,3,2,0,5,0,0,0,0,true,,false,false,true,false,false,,,,,,false,false,false,,,false,false,false,false,false,-83.18713,42.35601,"{
  ""coordinates"": [
    -8.318712808799999e+01,
    4.235600802900010e+01
  ],
  ""type"": ""Point""
}","{
  ""coordinates"": [
    -83.187128088,
    42.356008029
  ],
  ""type"": ""Point""
}",-83.187128088,42.3560080290001
20178,9630396,LESLIE,DEXTER,2016-02-21,21,2,2016,18,1,97,9,,,0,,1,1,1,25,1,2,0,5,0,0,0,0,true,,false,false,true,false,false,,,,,,false,false,false,,,false,false,false,false,false,-83.12836,42.38608,"{
  ""coordinates"": [
    -8.312835469299991e+01,
    4.238607641900010e+01
  ],
  ""type"": ""Point""
}","{
  ""coordinates"": [
    -83.128354693,
    42.386076419
  ],
  ""type"": ""Point""
}",-83.1283546929999,42.3860764190001
20179,9630391,VANDYKE,WARREN,2016-02-21,21,2,2016,4,1,5,9,,4,0,,1,1,4,35,4,2,2,5,0,0,0,0,true,,false,false,false,false,false,,,,,,false,false,false,,,false,false,false,false,false,-83.0125,42.37581,"{
  ""coordinates"": [
    -8.301249458400000e+01,
    4.237581297700010e+01
  ],
  ""type"": ""Point""
}","{
  ""coordinates"": [
    -83.012494584,
    42.375812977
  ],
  ""type"": ""Point""
}",-83.012494584,42.3758129770001
20180,9629607,E I 94 SERVICE DRIVE,KINGSVILLE,2016-02-21,21,2,2016,3,1,1,9,,4,1,,1,1,4,55,1,1,2,5,0,0,0,0,true,,false,false,true,false,false,,,,,,false,false,false,,,false,false,false,false,false,-82.92746,42.42539,"{
  ""coordinates"": [
    -8.292745702300000e+01,
    4.242538670100000e+01
  ],
  ""type"": ""Point""
}","{
  ""coordinates"": [
    -82.927457023,
    42.425386701
  ],
  ""type"": ""Point""
}",-82.927457023,42.425386701
20181,9633018,RAMP 136C,GREENFIELD,2016-02-21,21,2,2016,0,1,4,1,,1,0,,1,1,4,35,4,2,2,4,0,0,0,2,false,,true,true,true,false,false,,,,,,false,false,false,,,false,false,false,false,false,-83.19801,42.37959,"{
  ""coordinates"": [
    -8.319800248400000e+01,
    4.237959184300010e+01
  ],
  ""type"": ""Point""
}","{
  ""coordinates"": [
    -83.198002484,
    42.379591843
  ],
  ""type"": ""Point""
}",-83.198002484,42.3795918430001
20182,9631904,ORANGELAWN,COYLE,2016-02-21,21,2,2016,17,1,4,9,,,0,,1,1,1,25,2,2,2,5,0,0,0,0,true,,false,false,true,false,false,,,,,,false,false,false,,,false,false,false,false,false,-83.193,42.36794,"{
  ""coordinates"": [
    -8.319299951499990e+01,
    4.236794202400010e+01
  ],
  ""type"": ""Point""
}","{
  ""coordinates"": [
    -83.192999515,
    42.367942024
  ],
  ""type"": ""Point""
}",-83.1929995149999,42.3679420240001
20183,9631309,CHALMERS,CANFIELD,2016-02-21,21,2,2016,18,1,4,9,,4,0,,1,1,4,20,2,2,0,5,0,0,0,0,true,,false,false,true,false,false,,,,,,false,false,false,,,false,false,false,false,false,-82.95663,42.39208,"{
  ""coordinates"": [
    -8.295663387899999e+01,
    4.239208279800000e+01
  ],
  ""type"": ""Point""
}","{
  ""coordinates"": [
    -82.956633879,
    42.392082798
  ],
  ""type"": ""Point""
}",-82.956633879,42.392082798
20184,9631896,BEARD,GARTNER,2016-02-21,21,2,2016,18,1,8,9,,,0,,1,1,5,25,2,2,0,5,0,0,0,0,true,,false,false,true,false,false,,,,,,false,false,false,,,false,false,false,false,false,-83.11699,42.31219,"{
  ""coordinates"": [
    -8.311699123400000e+01,
    4.231219143800010e+01
  ],
  ""type"": ""Point""
}","{
  ""coordinates"": [
    -83.116991234,
    42.312191438
  ],
  ""type"": ""Point""
}",-83.116991234,42.3121914380001
20185,9630382,VERNOR,S I 75,2016-02-21,21,2,2016,19,1,4,9,,4,0,,1,1,5,30,3,2,2,5,0,0,0,0,true,,true,false,true,false,false,,,,,,false,false,false,,,false,false,false,false,false,-83.08412,42.3249,"{
  ""coordinates"": [
    -8.308412430800000e+01,
    4.232489953900010e+01
  ],
  ""type"": ""Point""
}","{
  ""coordinates"": [
    -83.084124308,
    42.324899539
  ],
  ""type"": ""Point""
}",-83.084124308,42.3248995390001
20186,9631830,RAMP 109A,LODGE,2016-02-21,21,2,2016,16,1,1,3,,1,1,,1,2,1,55,1,1,1,5,0,0,0,0,true,,false,false,false,false,false,,,,,,false,false,false,,,false,false,false,false,false,-83.11121,42.3987,"{
  ""coordinates"": [
    -8.311121180399989e+01,
    4.239870447000000e+01
  ],
  ""type"": ""Point""
}","{
  ""coordinates"": [
    -83.111211804,
    42.39870447
  ],
  ""type"": ""Point""
}",-83.1112118039999,42.39870447
20187,9631768,M-39,GRAND RIVER,2016-02-21,21,2,2016,12,1,5,3,,1,0,,1,1,1,55,3,2,2,4,0,0,0,1,false,,false,false,false,false,false,,,,,,false,true,false,,,false,false,false,false,false,-83.21831,42.39857,"{
  ""coordinates"": [
    -8.321830391400000e+01,
    4.239856963400010e+01
  ],
  ""type"": ""Point""
}","{
  ""coordinates"": [
    -83.218303914,
    42.398569634
  ],
  ""type"": ""Point""
}",-83.218303914,42.3985696340001
20188,9641340,GRANDVILLE,SANTA CLARA,2016-02-21,21,2,2016,19,1,8,9,,,0,,1,1,5,25,2,2,1,5,0,0,0,0,true,,false,false,true,false,false,,,,,,false,false,false,,,false,false,false,false,false,-83.23177,42.4189,"{
  ""coordinates"": [
    -8.323177609200000e+01,
    4.241889464300000e+01
  ],
  ""type"": ""Point""
}","{
  ""coordinates"": [
    -83.231776092,
    42.418894643
  ],
  ""type"": ""Point""
}",-83.231776092,42.418894643
20189,9636039,VERNOR,SPRINGWELLS,2016-02-21,21,2,2016,20,1,8,9,,4,0,,2,1,4,30,2,2,2,5,0,0,0,0,true,,false,false,true,false,false,,,,,,false,false,true,,,false,false,false,false,false,-83.12659,42.31169,"{
  ""coordinates"": [
    -8.312658728600000e+01,
    4.231169086000010e+01
  ],
  ""type"": ""Point""
}","{
  ""coordinates"": [
    -83.126587286,
    42.31169086
  ],
  ""type"": ""Point""
}",-83.126587286,42.3116908600001
20190,9639057,S I 75,FORT,2016-02-21,21,2,2016,6,1,1,1,,1,1,,1,2,4,55,4,1,1,3,0,0,1,0,false,,false,false,false,true,false,,,,,,false,false,true,,,false,false,false,false,false,-83.15295,42.27859,"{
  ""coordinates"": [
    -8.315294737200000e+01,
    4.227859595500010e+01
  ],
  ""type"": ""Point""
}","{
  ""coordinates"": [
    -83.152947372,
    42.278595955
  ],
  ""type"": ""Point""
}",-83.152947372,42.2785959550001
20191,9629498,RAMP 139B,E I 96,2016-02-21,21,2,2016,1,1,1,1,,1,1,,1,1,4,30,1,1,3,5,0,0,0,0,true,,false,false,false,true,false,,,,,,false,false,true,,,false,false,false,false,false,-83.14883,42.38293,"{
  ""coordinates"": [
    -8.314882311100000e+01,
    4.238293357900010e+01
  ],
  ""type"": ""Point""
}","{
  ""coordinates"": [
    -83.148823111,
    42.382933579
  ],
  ""type"": ""Point""
}",-83.148823111,42.3829335790001
20192,9629480,W/B I 96,PACIFIC,2016-02-21,21,2,2016,0,1,1,1,,1,1,,1,1,4,70,4,1,2,3,0,0,1,0,false,,false,false,false,false,false,,,,,,false,false,false,,,false,false,false,false,false,-83.11423,42.35779,"{
  ""coordinates"": [
    -8.311422778399999e+01,
    4.235778636600000e+01
  ],
  ""type"": ""Point""
}","{
  ""coordinates"": [
    -83.114227784,
    42.357786366
  ],
  ""type"": ""Point""
}",-83.114227784,42.357786366
20193,9631314,HAYES,SEVEN MILE,2016-02-21,21,2,2016,11,1,4,9,,4,0,,1,2,1,30,6,2,12,3,0,0,3,2,false,,true,true,false,false,false,,,,,,false,false,true,,,false,false,false,false,false,-82.96546,42.43541,"{
  ""coordinates"": [
    -8.296546227399990e+01,
    4.243540724600010e+01
  ],
  ""type"": ""Point""
}","{
  ""coordinates"": [
    -82.965462274,
    42.435407246
  ],
  ""type"": ""Point""
}",-82.9654622739999,42.4354072460001
20194,9632801,I-75,7 MILE,2016-02-21,21,2,2016,0,1,8,1,,1,0,,1,2,4,70,4,2,6,2,0,4,0,0,false,,false,false,false,true,false,,,,,,false,false,true,,,false,false,false,false,false,-83.09447,42.43111,"{
  ""coordinates"": [
    -8.309447687300000e+01,
    4.243111090400000e+01
  ],
  ""type"": ""Point""
}","{
  ""coordinates"": [
    -83.094476873,
    42.431110904
  ],
  ""type"": ""Point""
}",-83.094476873,42.431110904
20195,9629481,W I 94,CONNER,2016-02-21,21,2,2016,2,1,1,1,,1,1,,1,1,4,55,3,1,1,5,0,0,0,0,true,,false,false,false,false,false,,,,,,false,false,false,,,false,false,false,false,false,-82.98782,42.39659,"{
  ""coordinates"": [
    -8.298782598600000e+01,
    4.239658576000010e+01
  ],
  ""type"": ""Point""
}","{
  ""coordinates"": [
    -82.987825986,
    42.39658576
  ],
  ""type"": ""Point""
}",-82.987825986,42.3965857600001
20196,9631897,LIVERNOIS,7 MILE,2016-02-21,21,2,2016,10,1,5,9,,4,0,,1,1,1,30,3,2,2,5,0,0,0,0,true,,false,false,false,false,false,,,,,,false,false,false,,,false,false,false,false,false,-83.14137,42.43181,"{
  ""coordinates"": [
    -8.314137352099991e+01,
    4.243181022400010e+01
  ],
  ""type"": ""Point""
}","{
  ""coordinates"": [
    -83.141373521,
    42.431810224
  ],
  ""type"": ""Point""
}",-83.1413735209999,42.4318102240001
20197,9631330,ST JEAN,VERNOR,2016-02-21,21,2,2016,21,1,1,9,,4,1,,1,1,4,35,5,1,1,5,0,0,0,0,true,,false,false,false,false,false,,,,,,false,true,false,,,false,false,false,false,false,-82.97394,42.37208,"{
  ""coordinates"": [
    -8.297394088599999e+01,
    4.237207734200010e+01
  ],
  ""type"": ""Point""
}","{
  ""coordinates"": [
    -82.973940886,
    42.372077342
  ],
  ""type"": ""Point""
}",-82.973940886,42.3720773420001
20198,9639271,MACK,WOODWARD,2016-02-21,21,2,2016,11,1,3,3,,4,0,,1,1,1,25,3,2,6,5,0,0,0,0,true,,false,false,false,false,false,,,,,,false,false,true,,,false,false,false,false,false,-83.05796,42.34752,"{
  ""coordinates"": [
    -8.305796283699991e+01,
    4.234752115100010e+01
  ],
  ""type"": ""Point""
}","{
  ""coordinates"": [
    -83.057962837,
    42.347521151
  ],
  ""type"": ""Point""
}",-83.0579628369999,42.3475211510001
20199,9630393,DEXTER,CHALFONTE,2016-02-21,21,2,2016,5,1,97,9,,4,3,,1,1,4,30,4,2,1,5,0,0,0,0,true,,false,false,false,false,false,,,,,,false,false,true,,,false,false,false,false,false,-83.13549,42.40058,"{
  ""coordinates"": [
    -8.313548820599991e+01,
    4.240057712200010e+01
  ],
  ""type"": ""Point""
}","{
  ""coordinates"": [
    -83.135488206,
    42.400577122
  ],
  ""type"": ""Point""
}",-83.1354882059999,42.4005771220001
20200,9641430,MARTIN LUTHER KING JR,N M 10,2016-02-21,21,2,2016,3,1,4,9,,4,0,,1,1,4,25,3,2,3,4,0,0,0,1,false,,false,false,false,true,false,,,,,,false,false,true,,,false,false,false,false,false,-83.06808,42.3432,"{
  ""coordinates"": [
    -8.306807964300000e+01,
    4.234319924600000e+01
  ],
  ""type"": ""Point""
}","{
  ""coordinates"": [
    -83.068079643,
    42.343199246
  ],
  ""type"": ""Point""
}",-83.068079643,42.343199246
20201,9629623,E I 94,ROSA PARKS,2016-02-21,21,2,2016,2,1,8,1,,1,0,,1,1,4,55,3,2,4,5,0,0,0,0,true,,false,false,true,false,false,,,,,,false,false,true,,,false,false,false,false,false,-83.08516,42.35448,"{
  ""coordinates"": [
    -8.308515998800000e+01,
    4.235447972600010e+01
  ],
  ""type"": ""Point""
}","{
  ""coordinates"": [
    -83.085159988,
    42.354479726
  ],
  ""type"": ""Point""
}",-83.085159988,42.3544797260001
20202,9629614,MICHIGAN,CLIPPERT,2016-02-21,21,2,2016,0,1,97,2,,1,0,,1,1,4,35,2,2,2,3,0,0,2,0,false,,false,false,true,false,false,,,,,,false,false,false,,,false,false,false,false,false,-83.12542,42.33113,"{
  ""coordinates"": [
    -8.312541787500000e+01,
    4.233112880500000e+01
  ],
  ""type"": ""Point""
}","{
  ""coordinates"": [
    -83.125417875,
    42.331128805
  ],
  ""type"": ""Point""
}",-83.125417875,42.331128805
20203,9637945,7 MILE,N I 75,2016-02-21,21,2,2016,1,1,7,9,,4,0,,1,1,5,35,2,2,3,4,0,0,0,1,false,,false,false,false,false,false,,,,,,false,false,true,,,false,false,false,false,false,-83.09474,42.43248,"{
  ""coordinates"": [
    -8.309474171200000e+01,
    4.243247854500000e+01
  ],
  ""type"": ""Point""
}","{
  ""coordinates"": [
    -83.094741712,
    42.432478545
  ],
  ""type"": ""Point""
}",-83.094741712,42.432478545
20204,9663219,PIERSON,PEMBROKE,2016-02-21,21,2,2016,23,1,97,9,,,0,,1,1,5,25,1,2,0,5,0,0,0,0,true,,false,false,true,false,false,,,,,,false,false,false,,,false,false,false,false,false,-83.24761,42.43658,"{
  ""coordinates"": [
    -8.324760931500001e+01,
    4.243658491100010e+01
  ],
  ""type"": ""Point""
}","{
  ""coordinates"": [
    -83.247609315,
    42.436584911
  ],
  ""type"": ""Point""
}",-83.247609315,42.4365849110001
20205,9792757,W I 94,NOTTINGHAM,2016-02-21,21,2,2016,12,1,1,1,,1,0,,1,2,5,70,3,1,1,5,0,0,0,0,true,,false,false,false,false,false,,,,,,false,false,false,,,false,false,false,false,false,-82.95261,42.40725,"{
  ""coordinates"": [
    -8.295261095200000e+01,
    4.240724672600000e+01
  ],
  ""type"": ""Point""
}","{
  ""coordinates"": [
    -82.952610952,
    42.407246726
  ],
  ""type"": ""Point""
}",-82.952610952,42.407246726
20206,9651604,ANTHONY WAYNE,FOREST,2016-02-21,21,2,2016,20,1,4,9,,4,0,,1,2,5,25,5,2,2,5,0,0,0,0,true,,false,false,true,false,false,,,,,,false,false,true,,,false,false,false,false,false,-83.0699,42.35237,"{
  ""coordinates"": [
    -8.306990156099990e+01,
    4.235237126600000e+01
  ],
  ""type"": ""Point""
}","{
  ""coordinates"": [
    -83.069901561,
    42.352371266
  ],
  ""type"": ""Point""
}",-83.0699015609999,42.352371266
20207,9629658,CONANT,MOUNT ELLIOTT,2016-02-21,21,2,2016,2,1,5,9,,4,0,,1,1,4,35,4,2,2,5,0,0,0,0,true,,false,false,true,false,false,,,,,,false,false,false,,,false,false,false,false,false,-83.03916,42.38598,"{
  ""coordinates"": [
    -8.303915812400000e+01,
    4.238598221100010e+01
  ],
  ""type"": ""Point""
}","{
  ""coordinates"": [
    -83.039158124,
    42.385982211
  ],
  ""type"": ""Point""
}",-83.039158124,42.3859822110001
20208,9630395,TRUMBULL,LAFAYETTE,2016-02-21,21,2,2016,4,1,4,9,,4,0,,1,1,4,35,4,2,2,4,0,0,0,1,false,,true,true,false,false,false,,,,,,false,false,false,,,false,false,false,false,false,-83.06235,42.32546,"{
  ""coordinates"": [
    -8.306234694299999e+01,
    4.232545912900010e+01
  ],
  ""type"": ""Point""
}","{
  ""coordinates"": [
    -83.062346943,
    42.325459129
  ],
  ""type"": ""Point""
}",-83.062346943,42.3254591290001
20209,9630401,NEVADA,OAKLAND,2016-02-21,21,2,2016,0,1,4,9,,4,0,,1,1,4,30,2,2,3,5,0,0,0,0,true,,true,true,false,false,false,,,,,,false,false,true,,,false,false,false,false,false,-83.09454,42.42488,"{
  ""coordinates"": [
    -8.309454507299991e+01,
    4.242488478000010e+01
  ],
  ""type"": ""Point""
}","{
  ""coordinates"": [
    -83.094545073,
    42.42488478
  ],
  ""type"": ""Point""
}",-83.0945450729999,42.4248847800001
20210,9646707,WARREN,MANSFIELD,2016-02-21,21,2,2016,15,1,9,9,,2,0,,6,7,1,35,4,2,2,5,0,0,0,0,true,,false,false,true,false,false,,,,,,false,false,false,,,false,false,false,false,false,-83.20242,42.34359,"{
  ""coordinates"": [
    -8.320241328000000e+01,
    4.234358420100010e+01
  ],
  ""type"": ""Point""
}","{
  ""coordinates"": [
    -83.20241328,
    42.343584201
  ],
  ""type"": ""Point""
}",-83.20241328,42.3435842010001
20211,9630386,HARPER,HARVARD,2016-02-21,21,2,2016,20,1,4,9,,4,0,,1,1,4,35,2,2,5,5,0,0,0,0,true,,false,false,false,false,false,,,,,,false,false,false,,,false,false,false,false,false,-82.93761,42.41591,"{
  ""coordinates"": [
    -8.293761409900000e+01,
    4.241591155200010e+01
  ],
  ""type"": ""Point""
}","{
  ""coordinates"": [
    -82.937614099,
    42.415911552
  ],
  ""type"": ""Point""
}",-82.937614099,42.4159115520001
20212,9630390,WARREN,LAKEPOINTE,2016-02-21,21,2,2016,13,1,4,9,,4,0,,1,1,1,30,9,2,2,4,0,0,0,1,false,,false,false,false,false,false,,,,,,false,false,true,,,false,false,false,false,false,-82.95132,42.39819,"{
  ""coordinates"": [
    -8.295131317900000e+01,
    4.239818899300010e+01
  ],
  ""type"": ""Point""
}","{
  ""coordinates"": [
    -82.951313179,
    42.398188993
  ],
  ""type"": ""Point""
}",-82.951313179,42.3981889930001
20213,9637050,SOUTHFIELD SERVICE DRIVE,GRAND RIVER,2016-02-21,21,2,2016,14,1,8,3,,4,0,,1,1,1,30,3,2,3,5,0,0,0,0,true,,false,false,false,false,false,,,,,,false,true,false,,,false,false,false,false,false,-83.21798,42.40058,"{
  ""coordinates"": [
    -8.321798122699990e+01,
    4.240057797200010e+01
  ],
  ""type"": ""Point""
}","{
  ""coordinates"": [
    -83.217981227,
    42.400577972
  ],
  ""type"": ""Point""
}",-83.2179812269999,42.4005779720001
20214,9639207,N I 75,CLAY,2016-02-20,20,2,2016,11,7,97,1,,1,0,,1,1,1,60,8,2,3,5,0,0,0,0,true,,false,false,false,false,false,,,,,,false,false,false,,,false,false,false,false,false,-83.06263,42.37841,"{
  ""coordinates"": [
    -8.306262832399990e+01,
    4.237841320900000e+01
  ],
  ""type"": ""Point""
}","{
  ""coordinates"": [
    -83.062628324,
    42.378413209
  ],
  ""type"": ""Point""
}",-83.0626283239999,42.378413209
20215,9645059,PHILIP,WAVENEY,2016-02-20,20,2,2016,22,7,4,9,,,0,,1,1,4,25,2,2,5,1,1,0,2,0,false,,true,false,false,false,false,,,,,,false,false,true,,,false,false,false,false,false,-82.95355,42.39103,"{
  ""coordinates"": [
    -8.295355144500000e+01,
    4.239102512600000e+01
  ],
  ""type"": ""Point""
}","{
  ""coordinates"": [
    -82.953551445,
    42.391025126
  ],
  ""type"": ""Point""
}",-82.953551445,42.391025126
20216,9629650,CHALFONTE,WINTHROP,2016-02-20,20,2,2016,3,7,1,9,,,1,,1,1,4,25,2,1,1,4,0,0,0,1,false,,false,false,false,true,false,,,,,,false,false,false,,,false,false,false,false,false,-83.19989,42.39927,"{
  ""coordinates"": [
    -8.319989070000000e+01,
    4.239927070100000e+01
  ],
  ""type"": ""Point""
}","{
  ""coordinates"": [
    -83.1998907,
    42.399270701
  ],
  ""type"": ""Point""
}",-83.1998907,42.399270701
20217,9629497,I 96,PACIFIC,2016-02-20,20,2,2016,23,7,1,1,,1,1,,1,1,4,70,4,1,1,3,0,0,1,0,false,,false,false,false,false,false,,,,,,false,false,false,,,false,false,false,false,false,-83.11604,42.35861,"{
  ""coordinates"": [
    -8.311603662900001e+01,
    4.235860859600010e+01
  ],
  ""type"": ""Point""
}","{
  ""coordinates"": [
    -83.116036629,
    42.358608596
  ],
  ""type"": ""Point""
}",-83.116036629,42.3586085960001
20218,9629651,MORANG,BALFOUR,2016-02-20,20,2,2016,14,7,2,9,,4,0,,1,1,1,30,2,2,4,4,0,0,0,3,false,,false,false,false,false,false,,,,,,false,false,true,,,false,false,false,false,false,-82.94268,42.42313,"{
  ""coordinates"": [
    -8.294267876799999e+01,
    4.242313258500010e+01
  ],
  ""type"": ""Point""
}","{
  ""coordinates"": [
    -82.942678768,
    42.423132585
  ],
  ""type"": ""Point""
}",-82.942678768,42.4231325850001
20219,9691710,GRATIOT,TOWNSEND,2016-02-20,20,2,2016,0,7,4,3,,1,0,,1,6,4,35,7,2,6,3,0,0,1,0,false,,false,false,false,false,false,,,,,,false,false,true,,,false,false,false,false,false,-83.01657,42.37598,"{
  ""coordinates"": [
    -8.301657337300000e+01,
    4.237597996100000e+01
  ],
  ""type"": ""Point""
}","{
  ""coordinates"": [
    -83.016573373,
    42.375979961
  ],
  ""type"": ""Point""
}",-83.016573373,42.375979961
20220,9629478,S/B M-39,WARREN,2016-02-20,20,2,2016,19,7,5,3,,1,0,,1,1,4,55,3,2,2,5,0,0,0,0,true,,false,false,false,false,false,,,,,,false,false,true,,,false,false,false,false,false,-83.21628,42.34481,"{
  ""coordinates"": [
    -8.321627891299990e+01,
    4.234481149400010e+01
  ],
  ""type"": ""Point""
}","{
  ""coordinates"": [
    -83.216278913,
    42.344811494
  ],
  ""type"": ""Point""
}",-83.2162789129999,42.3448114940001
20221,9629594,7 MILE,SOUTHFIELD SERVICE DRIVE,2016-02-20,20,2,2016,0,7,9,9,,2,0,,1,6,5,35,4,2,1,4,0,0,0,1,false,,false,false,true,false,false,,,,,,false,false,true,,,false,false,false,false,false,-83.21889,42.43003,"{
  ""coordinates"": [
    -8.321888468700000e+01,
    4.243002579100000e+01
  ],
  ""type"": ""Point""
}","{
  ""coordinates"": [
    -83.218884687,
    42.430025791
  ],
  ""type"": ""Point""
}",-83.218884687,42.430025791
20222,9630387,3RD,I 75 SERVICE,2016-02-20,20,2,2016,13,7,4,9,,4,0,,1,1,1,25,2,2,2,5,0,0,0,0,true,,true,true,false,false,false,,,,,,false,false,false,,,false,false,false,false,false,-83.05965,42.33544,"{
  ""coordinates"": [
    -8.305965755499990e+01,
    4.233544237400010e+01
  ],
  ""type"": ""Point""
}","{
  ""coordinates"": [
    -83.059657555,
    42.335442374
  ],
  ""type"": ""Point""
}",-83.0596575549999,42.3354423740001
20223,9629472,EVANSTON,HAVERHILL,2016-02-20,20,2,2016,12,7,5,9,,,0,,1,1,1,55,3,2,3,5,0,0,0,0,true,,true,false,false,false,false,,,,,,false,false,false,,,false,false,false,false,false,-82.94905,42.40973,"{
  ""coordinates"": [
    -8.294905197299990e+01,
    4.240972677400000e+01
  ],
  ""type"": ""Point""
}","{
  ""coordinates"": [
    -82.949051973,
    42.409726774
  ],
  ""type"": ""Point""
}",-82.9490519729999,42.409726774
20224,9629595,JOY,ASHTON,2016-02-20,20,2,2016,17,7,4,9,,2,0,,1,1,1,30,4,2,2,4,0,0,0,1,false,,false,false,false,false,false,,,,,,false,false,false,,,false,false,false,false,false,-83.2177,42.35783,"{
  ""coordinates"": [
    -8.321769967700000e+01,
    4.235782492200010e+01
  ],
  ""type"": ""Point""
}","{
  ""coordinates"": [
    -83.217699677,
    42.357824922
  ],
  ""type"": ""Point""
}",-83.217699677,42.3578249220001