ObjectId,Crash ID,Primary Road,Intersecting Road,Crash Date,Day,Month,Year,Hour,Weekday,Crash Type Code,Highway Classification Code,Community Code,Jurisdiction Code,Lane Departure Type Code,Surface Type,Road Condition,Weather Condition,Lighting Condition,Speed Limit,Lanes,Units,Occupants,Most Severe Injury,Fatal Injuries,Suspected Serious Injuries,Suspected Minor Injuries,Possible Injuries,Property Damage Only,Secondary Crash,Traffic Control,Red Light Run,Hit and Run,Alcohol,Drugs,Unbelted Person,Work Zone,Speeding Driver,Distracted Driver,Driveway,Pedestrian,Elderly Driver,Young Driver,Commercial Vehicle,Emergency Vehicles,Train,School Bus,Motorcycle,Bicycle,Deer,Longitude,Latitude,geom,geog,x,y
20282,9629442,I-75,BRUSH,2016-02-19,19,2,2016,14,6,5,7,,1,0,,1,1,1,55,2,3,3,5,0,0,0,0,true,,false,false,false,false,false,,,,,,false,false,false,,,false,false,false,false,false,-83.0468,42.34228,"{
  ""coordinates"": [
    -8.304680031299991e+01,
    4.234227621800010e+01
  ],
  ""type"": ""Point""
}","{
  ""coordinates"": [
    -83.046800313,
    42.342276218
  ],
  ""type"": ""Point""
}",-83.0468003129999,42.3422762180001
20283,9629599,SCHOOLCRAFT,OUTER,2016-02-19,19,2,2016,0,6,4,9,,4,0,,2,1,4,30,3,2,3,3,0,0,1,2,false,,true,true,false,false,false,,,,,,false,false,false,,,false,false,false,false,false,-83.25639,42.38596,"{
  ""coordinates"": [
    -8.325638911000000e+01,
    4.238596069100000e+01
  ],
  ""type"": ""Point""
}","{
  ""coordinates"": [
    -83.25638911,
    42.385960691
  ],
  ""type"": ""Point""
}",-83.25638911,42.385960691
20284,9647777,FERRY,JOHN R,2016-02-19,19,2,2016,15,6,97,9,,4,3,,1,1,1,25,2,2,1,5,0,0,0,0,true,,false,false,true,false,false,,,,,,false,false,false,,,false,false,false,false,false,-83.0653,42.36179,"{
  ""coordinates"": [
    -8.306529664800000e+01,
    4.236179433300000e+01
  ],
  ""type"": ""Point""
}","{
  ""coordinates"": [
    -83.065296648,
    42.361794333
  ],
  ""type"": ""Point""
}",-83.065296648,42.361794333
20285,9631329,GUNSTON,FINDLAY,2016-02-19,19,2,2016,20,6,1,3,,1,0,,1,1,4,30,4,2,1,5,0,0,0,0,true,,false,false,false,false,false,,,,,,true,false,false,,,false,false,false,false,false,-82.99906,42.41388,"{
  ""coordinates"": [
    -8.299906108499989e+01,
    4.241387594500000e+01
  ],
  ""type"": ""Point""
}","{
  ""coordinates"": [
    -82.999061085,
    42.413875945
  ],
  ""type"": ""Point""
}",-82.9990610849999,42.413875945
20286,9629470,I-75,7 MILE,2016-02-19,19,2,2016,6,6,8,1,,1,0,,1,1,4,70,4,2,2,5,0,0,0,0,true,,true,false,false,false,false,,,,,,false,false,true,,,false,false,false,false,false,-83.09474,42.43103,"{
  ""coordinates"": [
    -8.309474555100000e+01,
    4.243103208600010e+01
  ],
  ""type"": ""Point""
}","{
  ""coordinates"": [
    -83.094745551,
    42.431032086
  ],
  ""type"": ""Point""
}",-83.094745551,42.4310320860001
20287,9629609,CONANT,OUTER,2016-02-19,19,2,2016,20,6,97,9,,4,0,,1,1,1,35,4,1,3,4,0,0,0,1,false,,false,false,true,false,false,,,,,,false,false,false,,,false,false,false,false,false,-83.07894,42.44025,"{
  ""coordinates"": [
    -8.307893885599999e+01,
    4.244025467500010e+01
  ],
  ""type"": ""Point""
}","{
  ""coordinates"": [
    -83.078938856,
    42.440254675
  ],
  ""type"": ""Point""
}",-83.078938856,42.4402546750001
20288,9636028,FENKELL,SOUTHFIELD SERVICE,2016-02-19,19,2,2016,14,6,4,9,,2,0,,1,1,1,30,4,2,3,5,0,0,0,0,true,,false,false,false,false,false,,,,,,false,false,false,,,false,false,false,false,false,-83.21715,42.40114,"{
  ""coordinates"": [
    -8.321715138099999e+01,
    4.240113835100000e+01
  ],
  ""type"": ""Point""
}","{
  ""coordinates"": [
    -83.217151381,
    42.401138351
  ],
  ""type"": ""Point""
}",-83.217151381,42.401138351
20289,9629467,E/B I-94,WOODWARD,2016-02-19,19,2,2016,11,6,1,1,,1,0,,1,2,1,55,3,1,1,5,0,0,0,0,true,,false,false,false,false,false,,,,,,false,false,false,,,false,false,false,false,false,-83.06911,42.36344,"{
  ""coordinates"": [
    -8.306911071899999e+01,
    4.236344312700000e+01
  ],
  ""type"": ""Point""
}","{
  ""coordinates"": [
    -83.069110719,
    42.363443127
  ],
  ""type"": ""Point""
}",-83.069110719,42.363443127
20290,9629636,EVERGREEN,PAUL,2016-02-19,19,2,2016,5,6,4,9,,4,0,,1,1,1,35,2,2,3,5,0,0,0,0,true,,false,false,true,false,false,,,,,,false,false,false,,,false,false,false,false,false,-83.23521,42.33857,"{
  ""coordinates"": [
    -8.323520465099990e+01,
    4.233857412700010e+01
  ],
  ""type"": ""Point""
}","{
  ""coordinates"": [
    -83.235204651,
    42.338574127
  ],
  ""type"": ""Point""
}",-83.2352046509999,42.3385741270001
20291,9631767,M-10,LINWOOD,2016-02-19,19,2,2016,8,6,1,3,,1,1,,1,1,1,55,3,1,0,5,0,0,0,0,true,,false,false,true,false,false,,,,,,false,false,false,,,false,false,false,false,false,-83.1274,42.40508,"{
  ""coordinates"": [
    -8.312739774900000e+01,
    4.240507821900010e+01
  ],
  ""type"": ""Point""
}","{
  ""coordinates"": [
    -83.127397749,
    42.405078219
  ],
  ""type"": ""Point""
}",-83.127397749,42.4050782190001
20292,9633015,MILWAUKEE,3RD,2016-02-19,19,2,2016,8,6,8,9,,4,0,,1,1,1,25,4,5,1,5,0,0,0,0,true,,false,false,false,false,false,,,,,,false,false,true,,,false,false,false,false,false,-83.07795,42.36708,"{
  ""coordinates"": [
    -8.307795268800000e+01,
    4.236708446600010e+01
  ],
  ""type"": ""Point""
}","{
  ""coordinates"": [
    -83.077952688,
    42.367084466
  ],
  ""type"": ""Point""
}",-83.077952688,42.3670844660001
20293,9629664,7 MILE,HERSHEY,2016-02-19,19,2,2016,15,6,97,9,,4,0,,1,2,1,30,2,2,2,5,0,0,0,0,true,,false,false,false,false,false,,,,,,false,false,true,,,false,false,false,false,false,-83.11111,42.43219,"{
  ""coordinates"": [
    -8.311111375099991e+01,
    4.243218518500000e+01
  ],
  ""type"": ""Point""
}","{
  ""coordinates"": [
    -83.111113751,
    42.432185185
  ],
  ""type"": ""Point""
}",-83.1111137509999,42.432185185
20294,9637037,LAHSER,FENKELL,2016-02-19,19,2,2016,11,6,8,9,,2,0,,1,2,1,35,6,2,2,5,0,0,0,0,true,,false,false,true,false,false,,,,,,false,false,false,,,false,false,false,false,false,-83.25683,42.40029,"{
  ""coordinates"": [
    -8.325682455399991e+01,
    4.240028786700000e+01
  ],
  ""type"": ""Point""
}","{
  ""coordinates"": [
    -83.256824554,
    42.400287867
  ],
  ""type"": ""Point""
}",-83.2568245539999,42.400287867
20295,9643098,WAGNER,CHOPIN,2016-02-19,19,2,2016,15,6,97,9,,,0,,1,1,1,25,3,2,1,5,0,0,0,0,true,,false,false,false,false,false,,,,,,false,false,false,,,false,false,false,false,false,-83.13863,42.33835,"{
  ""coordinates"": [
    -8.313863265299990e+01,
    4.233834761000000e+01
  ],
  ""type"": ""Point""
}","{
  ""coordinates"": [
    -83.138632653,
    42.33834761
  ],
  ""type"": ""Point""
}",-83.1386326529999,42.33834761
20296,9628380,MCNICHOLS,FREELAND,2016-02-19,19,2,2016,1,6,5,9,,2,0,,1,1,4,35,2,2,2,4,0,0,0,1,false,,false,false,false,true,false,,,,,,false,false,false,,,false,false,false,false,false,-83.18614,42.41651,"{
  ""coordinates"": [
    -8.318614210000000e+01,
    4.241651046600000e+01
  ],
  ""type"": ""Point""
}","{
  ""coordinates"": [
    -83.1861421,
    42.416510466
  ],
  ""type"": ""Point""
}",-83.1861421,42.416510466
20297,9629649,PURITAN,PEIRSON,2016-02-19,19,2,2016,23,6,4,9,,,0,,1,6,4,25,1,2,2,3,0,0,1,2,false,,false,false,true,false,false,,,,,,false,false,false,,,false,false,false,false,false,-83.24638,42.40771,"{
  ""coordinates"": [
    -8.324637912799990e+01,
    4.240771250400010e+01
  ],
  ""type"": ""Point""
}","{
  ""coordinates"": [
    -83.246379128,
    42.407712504
  ],
  ""type"": ""Point""
}",-83.2463791279999,42.4077125040001
20298,9631334,CONANT,DAVISON,2016-02-19,19,2,2016,16,6,97,3,,4,1,,1,1,1,25,2,1,1,5,0,0,0,0,true,,false,false,false,false,false,,,,,,false,false,false,,,false,false,false,false,false,-83.06141,42.41542,"{
  ""coordinates"": [
    -8.306140789700000e+01,
    4.241541612700010e+01
  ],
  ""type"": ""Point""
}","{
  ""coordinates"": [
    -83.061407897,
    42.415416127
  ],
  ""type"": ""Point""
}",-83.061407897,42.4154161270001
20299,9629576,LILAC,PURITAN,2016-02-19,19,2,2016,3,6,9,9,,,2,,1,1,4,25,2,3,0,5,0,0,0,0,true,,false,false,false,false,false,,,,,,false,false,false,,,false,false,false,false,false,-83.14687,42.40989,"{
  ""coordinates"": [
    -8.314687367300000e+01,
    4.240988385400000e+01
  ],
  ""type"": ""Point""
}","{
  ""coordinates"": [
    -83.146873673,
    42.409883854
  ],
  ""type"": ""Point""
}",-83.146873673,42.409883854
20300,9628330,LIVERNOIS,GRAND RIVER,2016-02-19,19,2,2016,2,6,4,3,,4,0,,1,1,4,35,7,2,3,5,0,0,0,0,true,,false,false,true,false,false,,,,,,false,false,true,,,false,false,false,false,false,-83.13879,42.36866,"{
  ""coordinates"": [
    -8.313879359399991e+01,
    4.236866309900010e+01
  ],
  ""type"": ""Point""
}","{
  ""coordinates"": [
    -83.138793594,
    42.368663099
  ],
  ""type"": ""Point""
}",-83.1387935939999,42.3686630990001
20301,9629612,SEVEN MILE,TRINITY,2016-02-19,19,2,2016,15,6,3,9,,2,0,,1,1,1,35,4,2,7,4,0,0,0,3,false,,false,false,false,false,false,,,,,,false,false,true,,,false,false,false,false,false,-83.24978,42.42931,"{
  ""coordinates"": [
    -8.324977709400000e+01,
    4.242930856800010e+01
  ],
  ""type"": ""Point""
}","{
  ""coordinates"": [
    -83.249777094,
    42.429308568
  ],
  ""type"": ""Point""
}",-83.249777094,42.4293085680001
20302,9628154,S M 10,EUCLID,2016-02-19,19,2,2016,1,6,5,3,,1,0,,1,1,5,55,4,2,2,3,0,0,1,0,false,,false,false,false,false,false,,,,,,false,false,false,,,false,false,false,false,false,-83.08624,42.37347,"{
  ""coordinates"": [
    -8.308624259999991e+01,
    4.237347410900000e+01
  ],
  ""type"": ""Point""
}","{
  ""coordinates"": [
    -83.0862426,
    42.373474109
  ],
  ""type"": ""Point""
}",-83.0862425999999,42.373474109
20303,9629592,FIELDING,JOY,2016-02-19,19,2,2016,15,6,4,9,,,0,,1,1,4,45,4,2,1,5,0,0,0,0,true,,true,true,true,false,false,,,,,,false,false,true,,,false,false,false,false,false,-83.2408,42.35749,"{
  ""coordinates"": [
    -8.324080222200000e+01,
    4.235749021500000e+01
  ],
  ""type"": ""Point""
}","{
  ""coordinates"": [
    -83.240802222,
    42.357490215
  ],
  ""type"": ""Point""
}",-83.240802222,42.357490215
20304,9629662,MEYERS,PICKFORD,2016-02-19,19,2,2016,13,6,5,9,,4,0,,1,1,1,30,2,2,3,5,0,0,0,0,true,,false,false,false,false,false,,,,,,false,false,true,,,false,false,false,false,false,-83.17049,42.42574,"{
  ""coordinates"": [
    -8.317049018199999e+01,
    4.242573657900000e+01
  ],
  ""type"": ""Point""
}","{
  ""coordinates"": [
    -83.170490182,
    42.425736579
  ],
  ""type"": ""Point""
}",-83.170490182,42.425736579
20305,9629637,RAMP 135C,EVERGREEN,2016-02-19,19,2,2016,0,6,4,1,,1,0,,1,1,4,35,4,2,3,4,0,0,0,2,false,,false,false,false,false,false,,,,,,false,false,false,,,false,false,false,false,false,-83.23668,42.3812,"{
  ""coordinates"": [
    -8.323668172500000e+01,
    4.238119432800000e+01
  ],
  ""type"": ""Point""
}","{
  ""coordinates"": [
    -83.236681725,
    42.381194328
  ],
  ""type"": ""Point""
}",-83.236681725,42.381194328
20306,9658552,WOODWARD,DELAWARE,2016-02-19,19,2,2016,23,6,5,3,,1,0,,1,6,4,30,2,2,2,5,0,0,0,0,true,,false,false,false,false,false,,,,,,false,false,true,,,false,false,false,false,false,-83.07569,42.37385,"{
  ""coordinates"": [
    -8.307569434800000e+01,
    4.237384647400010e+01
  ],
  ""type"": ""Point""
}","{
  ""coordinates"": [
    -83.075694348,
    42.373846474
  ],
  ""type"": ""Point""
}",-83.075694348,42.3738464740001
20307,9629585,JEFFERSON,RANDOLPH,2016-02-19,19,2,2016,17,6,5,4,,1,0,,1,1,1,40,5,2,2,5,0,0,0,0,true,,false,false,false,false,false,,,,,,false,false,true,,,false,false,false,false,false,-83.04176,42.32969,"{
  ""coordinates"": [
    -8.304175276699991e+01,
    4.232969019100010e+01
  ],
  ""type"": ""Point""
}","{
  ""coordinates"": [
    -83.041752767,
    42.329690191
  ],
  ""type"": ""Point""
}",-83.0417527669999,42.3296901910001
20308,9629659,MCNICHOLS,S I 75 SERVICE DRIVE,2016-02-19,19,2,2016,23,6,8,1,,2,0,,1,1,4,35,2,2,2,4,0,0,0,1,false,,false,false,true,false,false,,,,,,false,false,false,,,false,false,false,false,false,-83.08843,42.41808,"{
  ""coordinates"": [
    -8.308843023500000e+01,
    4.241807854400000e+01
  ],
  ""type"": ""Point""
}","{
  ""coordinates"": [
    -83.088430235,
    42.418078544
  ],
  ""type"": ""Point""
}",-83.088430235,42.418078544
20309,9629593,7 MILE,BERG,2016-02-19,19,2,2016,9,6,5,9,,2,0,,1,1,1,35,4,2,6,4,0,0,0,1,false,,false,false,false,false,false,,,,,,false,false,false,,,false,false,false,false,false,-83.26781,42.42917,"{
  ""coordinates"": [
    -8.326781016800000e+01,
    4.242916828900010e+01
  ],
  ""type"": ""Point""
}","{
  ""coordinates"": [
    -83.267810168,
    42.429168289
  ],
  ""type"": ""Point""
}",-83.267810168,42.4291682890001
20310,9629647,8 MILE,TELEGRAPH,2016-02-19,19,2,2016,15,6,1,3,,1,1,,1,1,1,45,4,1,1,4,0,0,0,1,false,,false,false,false,false,false,,,,,,false,false,false,,,false,false,false,false,false,-83.27792,42.44275,"{
  ""coordinates"": [
    -8.327791999000000e+01,
    4.244274467000000e+01
  ],
  ""type"": ""Point""
}","{
  ""coordinates"": [
    -83.27791999,
    42.44274467
  ],
  ""type"": ""Point""
}",-83.27791999,42.44274467
20311,9692421,7 MILE,HAYES,2016-02-19,19,2,2016,16,6,4,9,,2,0,,1,1,2,30,6,2,2,5,0,0,0,0,true,,false,false,false,false,false,,,,,,false,false,true,,,false,false,false,false,false,-82.96546,42.43542,"{
  ""coordinates"": [
    -8.296546255700000e+01,
    4.243542168600000e+01
  ],
  ""type"": ""Point""
}","{
  ""coordinates"": [
    -82.965462557,
    42.435421686
  ],
  ""type"": ""Point""
}",-82.965462557,42.435421686
20312,9629633,WARREN,KENSINGTON,2016-02-19,19,2,2016,14,6,4,9,,4,0,,1,1,1,30,5,2,3,5,0,0,0,0,true,,false,false,false,false,false,,,,,,false,false,true,,,false,false,false,false,false,-82.93523,42.40409,"{
  ""coordinates"": [
    -8.293522779599989e+01,
    4.240409116500010e+01
  ],
  ""type"": ""Point""
}","{
  ""coordinates"": [
    -82.935227796,
    42.404091165
  ],
  ""type"": ""Point""
}",-82.9352277959999,42.4040911650001
20313,9629613,7 MILE,ASHTON,2016-02-19,19,2,2016,19,6,1,9,,2,0,,1,1,4,35,4,1,3,5,0,0,0,0,true,,true,false,false,false,false,,,,,,false,false,true,,,false,false,false,false,false,-83.22055,42.42999,"{
  ""coordinates"": [
    -8.322054752900000e+01,
    4.242998405600010e+01
  ],
  ""type"": ""Point""
}","{
  ""coordinates"": [
    -83.220547529,
    42.429984056
  ],
  ""type"": ""Point""
}",-83.220547529,42.4299840560001
20314,9631915,MCNICHOLS,MEYERS,2016-02-19,19,2,2016,22,6,4,9,,2,0,,1,1,1,35,2,2,1,5,0,0,0,0,true,,false,false,false,false,false,,,,,,false,true,false,,,false,false,false,false,false,-83.17004,42.41666,"{
  ""coordinates"": [
    -8.317004285900001e+01,
    4.241665685500000e+01
  ],
  ""type"": ""Point""
}","{
  ""coordinates"": [
    -83.170042859,
    42.416656855
  ],
  ""type"": ""Point""
}",-83.170042859,42.416656855
20315,9629456,N M 10,LIVERNOIS,2016-02-19,19,2,2016,11,6,8,3,,1,0,,1,2,1,55,3,2,4,5,0,0,0,0,true,,false,false,false,false,false,,,,,,false,true,false,,,false,false,false,false,false,-83.14046,42.40495,"{
  ""coordinates"": [
    -8.314046400900000e+01,
    4.240495314500000e+01
  ],
  ""type"": ""Point""
}","{
  ""coordinates"": [
    -83.140464009,
    42.404953145
  ],
  ""type"": ""Point""
}",-83.140464009,42.404953145
20316,9629440,M-10,WYOMING,2016-02-19,19,2,2016,11,6,8,3,,1,0,,1,1,1,55,3,2,3,4,0,0,0,2,false,,false,false,false,false,false,,,,,,false,false,true,,,false,false,false,false,false,-83.16042,42.4054,"{
  ""coordinates"": [
    -8.316042512500000e+01,
    4.240539555100000e+01
  ],
  ""type"": ""Point""
}","{
  ""coordinates"": [
    -83.160425125,
    42.405395551
  ],
  ""type"": ""Point""
}",-83.160425125,42.405395551
20317,9631333,WOODROW,WOODROW,2016-02-19,19,2,2016,23,6,97,9,,,0,,97,98,98,25,1,2,0,5,0,0,0,0,true,,false,false,true,false,false,,,,,,false,false,true,,,false,false,false,false,false,-83.11768,42.34611,"{
  ""coordinates"": [
    -8.311767677700000e+01,
    4.234610897500000e+01
  ],
  ""type"": ""Point""
}","{
  ""coordinates"": [
    -83.117676777,
    42.346108975
  ],
  ""type"": ""Point""
}",-83.117676777,42.346108975
20318,9997480,MENDOTA,SANTA MARIA,2016-02-19,19,2,2016,16,6,8,9,,,0,,1,1,1,25,2,2,2,5,0,0,0,0,true,,false,false,false,false,false,,,,,,false,false,false,,,false,false,false,false,false,-83.16586,42.41806,"{
  ""coordinates"": [
    -8.316585216100000e+01,
    4.241806069700000e+01
  ],
  ""type"": ""Point""
}","{
  ""coordinates"": [
    -83.165852161,
    42.418060697
  ],
  ""type"": ""Point""
}",-83.165852161,42.418060697
20319,9629581,LINDSAY,MCNICHOLS,2016-02-19,19,2,2016,14,6,4,9,,,0,,1,1,1,25,2,2,2,5,0,0,0,0,true,,false,false,true,false,false,,,,,,false,false,false,,,false,false,false,false,false,-83.21329,42.41539,"{
  ""coordinates"": [
    -8.321329606200000e+01,
    4.241539002600010e+01
  ],
  ""type"": ""Point""
}","{
  ""coordinates"": [
    -83.213296062,
    42.415390026
  ],
  ""type"": ""Point""
}",-83.213296062,42.4153900260001
20320,9630397,7 MILE,MANSFIELD,2016-02-19,19,2,2016,20,6,8,9,,2,0,,97,98,98,30,2,2,1,5,0,0,0,0,true,,false,false,true,false,false,,,,,,false,false,true,,,false,false,false,false,false,-83.20617,42.43032,"{
  ""coordinates"": [
    -8.320616683000000e+01,
    4.243032584100010e+01
  ],
  ""type"": ""Point""
}","{
  ""coordinates"": [
    -83.20616683,
    42.430325841
  ],
  ""type"": ""Point""
}",-83.20616683,42.4303258410001
20321,9629632,WARREN,MONTCLAIR,2016-02-19,19,2,2016,1,6,2,9,,4,2,,1,1,4,35,4,2,2,2,0,1,0,2,false,,false,false,true,false,false,,,,,,false,false,false,,,false,false,false,false,false,-82.98975,42.38509,"{
  ""coordinates"": [
    -8.298975374299989e+01,
    4.238509375700000e+01
  ],
  ""type"": ""Point""
}","{
  ""coordinates"": [
    -82.989753743,
    42.385093757
  ],
  ""type"": ""Point""
}",-82.9897537429999,42.385093757
20322,9629443,I-75,DAVISON,2016-02-19,19,2,2016,18,6,5,1,,1,0,,1,2,4,70,4,3,5,3,0,0,1,1,false,,false,false,false,false,false,,,,,,false,true,false,,,false,false,false,false,false,-83.07908,42.4085,"{
  ""coordinates"": [
    -8.307907911200000e+01,
    4.240849980100010e+01
  ],
  ""type"": ""Point""
}","{
  ""coordinates"": [
    -83.079079112,
    42.408499801
  ],
  ""type"": ""Point""
}",-83.079079112,42.4084998010001
20323,9670126,W I 94,GRAND,2016-02-19,19,2,2016,10,6,4,1,,1,0,,1,1,1,0,3,2,1,5,0,0,0,0,true,,false,false,true,false,false,,,,,,false,false,false,,,false,false,false,false,false,-83.04157,42.37622,"{
  ""coordinates"": [
    -8.304156914200000e+01,
    4.237621712200010e+01
  ],
  ""type"": ""Point""
}","{
  ""coordinates"": [
    -83.041569142,
    42.376217122
  ],
  ""type"": ""Point""
}",-83.041569142,42.3762171220001
20324,9653385,MCNICHOLS,GREENFIELD,2016-02-19,19,2,2016,17,6,7,9,,2,0,,1,1,1,35,6,3,2,3,0,0,1,0,false,,false,false,true,false,false,,,,,,false,false,false,,,false,false,false,false,false,-83.19933,42.41598,"{
  ""coordinates"": [
    -8.319932734299989e+01,
    4.241598130400010e+01
  ],
  ""type"": ""Point""
}","{
  ""coordinates"": [
    -83.199327343,
    42.415981304
  ],
  ""type"": ""Point""
}",-83.1993273429999,42.4159813040001
20325,9706332,GREENFIELD,TYLER,2016-02-19,19,2,2016,16,6,1,9,,4,0,,1,1,1,40,4,1,1,3,0,0,1,0,false,,false,false,false,false,false,,,,,,false,false,true,,,false,false,false,false,false,-83.19805,42.38363,"{
  ""coordinates"": [
    -8.319804834000000e+01,
    4.238362612100010e+01
  ],
  ""type"": ""Point""
}","{
  ""coordinates"": [
    -83.19804834,
    42.383626121
  ],
  ""type"": ""Point""
}",-83.19804834,42.3836261210001
20326,9654653,PLYMOUTH,ROBSON,2016-02-19,19,2,2016,18,6,4,9,,4,0,,1,1,4,30,4,2,3,5,0,0,0,0,true,,false,false,false,false,false,,,,,,false,false,true,,,false,false,false,false,false,-83.19209,42.37271,"{
  ""coordinates"": [
    -8.319208781099999e+01,
    4.237270949000000e+01
  ],
  ""type"": ""Point""
}","{
  ""coordinates"": [
    -83.192087811,
    42.37270949
  ],
  ""type"": ""Point""
}",-83.192087811,42.37270949
20327,9881842,HOWARD,TRUMBULL,2016-02-19,19,2,2016,9,6,8,9,,,0,,1,1,1,35,2,2,2,5,0,0,0,0,true,,false,false,false,false,false,,,,,,false,false,false,,,false,false,false,false,false,-83.06297,42.32628,"{
  ""coordinates"": [
    -8.306297025500000e+01,
    4.232628025000000e+01
  ],
  ""type"": ""Point""
}","{
  ""coordinates"": [
    -83.062970255,
    42.32628025
  ],
  ""type"": ""Point""
}",-83.062970255,42.32628025
20328,9701439,VERNOR,N I 75,2016-02-19,19,2,2016,20,6,97,9,,4,0,,1,6,4,35,4,2,5,4,0,0,0,2,false,,false,false,false,false,false,,,,,,false,true,false,,,false,false,false,false,false,-83.08359,42.32514,"{
  ""coordinates"": [
    -8.308358920700000e+01,
    4.232513875500010e+01
  ],
  ""type"": ""Point""
}","{
  ""coordinates"": [
    -83.083589207,
    42.325138755
  ],
  ""type"": ""Point""
}",-83.083589207,42.3251387550001
20329,9629653,W I 96,DAVISON CROSSOVER,2016-02-19,19,2,2016,20,6,8,1,,1,0,,97,98,98,60,3,2,2,5,0,0,0,0,true,,false,false,true,false,false,,,,,,false,false,false,,,false,false,false,false,false,-83.15972,42.38543,"{
  ""coordinates"": [
    -8.315971954699999e+01,
    4.238542491700010e+01
  ],
  ""type"": ""Point""
}","{
  ""coordinates"": [
    -83.159719547,
    42.385424917
  ],
  ""type"": ""Point""
}",-83.159719547,42.3854249170001
20330,9631303,I-75,GRATIOT,2016-02-19,19,2,2016,14,6,5,1,,1,0,,1,1,1,55,3,2,2,5,0,0,0,0,true,,false,false,false,false,false,,,,,,false,false,false,,,false,false,false,false,false,-83.04365,42.34378,"{
  ""coordinates"": [
    -8.304365137199990e+01,
    4.234378369000010e+01
  ],
  ""type"": ""Point""
}","{
  ""coordinates"": [
    -83.043651372,
    42.34378369
  ],
  ""type"": ""Point""
}",-83.0436513719999,42.3437836900001
20331,9629572,I-75,OUTER,2016-02-19,19,2,2016,10,6,8,1,,1,0,,1,1,1,70,3,2,4,5,0,0,0,0,true,,false,false,false,false,false,,,,,,false,false,false,,,false,false,false,false,false,-83.09492,42.44677,"{
  ""coordinates"": [
    -8.309491791400001e+01,
    4.244676960800010e+01
  ],
  ""type"": ""Point""
}","{
  ""coordinates"": [
    -83.094917914,
    42.446769608
  ],
  ""type"": ""Point""
}",-83.094917914,42.4467696080001
20332,9629577,DAVISON,LIVERNOIS,2016-02-19,19,2,2016,14,6,4,3,,1,0,,1,1,1,35,6,2,2,5,0,0,0,0,true,,false,false,false,false,false,,,,,,false,false,false,,,false,false,false,false,false,-83.13954,42.38669,"{
  ""coordinates"": [
    -8.313953993199991e+01,
    4.238668933700010e+01
  ],
  ""type"": ""Point""
}","{
  ""coordinates"": [
    -83.139539932,
    42.386689337
  ],
  ""type"": ""Point""
}",-83.1395399319999,42.3866893370001
20333,9629457,M-39,CHICAGO,2016-02-19,19,2,2016,13,6,5,3,,1,0,,1,1,1,55,3,3,3,4,0,0,0,1,false,,false,false,false,false,false,,,,,,false,false,true,,,false,false,false,false,false,-83.21656,42.36531,"{
  ""coordinates"": [
    -8.321656009700000e+01,
    4.236531614300000e+01
  ],
  ""type"": ""Point""
}","{
  ""coordinates"": [
    -83.216560097,
    42.365316143
  ],
  ""type"": ""Point""
}",-83.216560097,42.365316143
20334,9651549,VERNOR,N I 75 SERVICE DRIVE,2016-02-19,19,2,2016,20,6,97,9,,4,0,,1,6,4,35,4,2,5,4,0,0,0,2,false,,false,false,false,false,false,,,,,,false,true,false,,,false,false,false,false,false,-83.08336,42.32523,"{
  ""coordinates"": [
    -8.308335780999990e+01,
    4.232523522700010e+01
  ],
  ""type"": ""Point""
}","{
  ""coordinates"": [
    -83.08335781,
    42.325235227
  ],
  ""type"": ""Point""
}",-83.0833578099999,42.3252352270001
20335,9629643,NB M 39,7 MILE,2016-02-19,19,2,2016,9,6,97,3,,1,0,,1,2,1,55,3,2,2,5,0,0,0,0,true,,false,false,false,false,false,,,,,,false,false,true,,,false,false,false,false,false,-83.21924,42.43042,"{
  ""coordinates"": [
    -8.321923994399999e+01,
    4.243042305800000e+01
  ],
  ""type"": ""Point""
}","{
  ""coordinates"": [
    -83.219239944,
    42.430423058
  ],
  ""type"": ""Point""
}",-83.219239944,42.430423058
20336,9629670,7 MILE,N I 75 SERVICE DRIVE,2016-02-19,19,2,2016,18,6,4,9,,4,0,,1,1,1,30,5,2,2,4,0,0,0,2,false,,false,false,true,false,false,,,,,,false,false,false,,,false,false,false,false,false,-83.09422,42.4325,"{
  ""coordinates"": [
    -8.309422223300000e+01,
    4.243249819500010e+01
  ],
  ""type"": ""Point""
}","{
  ""coordinates"": [
    -83.094222233,
    42.432498195
  ],
  ""type"": ""Point""
}",-83.094222233,42.4324981950001
20337,9633037,ARLINGTON,MINNESOTA,2016-02-19,19,2,2016,15,6,97,9,,,0,,1,1,1,15,1,2,1,5,0,0,0,0,true,,false,false,true,false,false,,,,,,false,false,false,,,false,false,false,false,false,-83.07736,42.42364,"{
  ""coordinates"": [
    -8.307735825499999e+01,
    4.242364086700010e+01
  ],
  ""type"": ""Point""
}","{
  ""coordinates"": [
    -83.077358255,
    42.423640867
  ],
  ""type"": ""Point""
}",-83.077358255,42.4236408670001
20338,9629586,WAVERLY,PETOSKEY,2016-02-19,19,2,2016,23,6,4,9,,,0,,97,6,4,25,1,2,2,5,0,0,0,0,true,,false,false,true,false,false,,,,,,false,false,false,,,false,false,false,false,false,-83.135,42.38739,"{
  ""coordinates"": [
    -8.313500522399990e+01,
    4.238738755200010e+01
  ],
  ""type"": ""Point""
}","{
  ""coordinates"": [
    -83.135005224,
    42.387387552
  ],
  ""type"": ""Point""
}",-83.1350052239999,42.3873875520001