ObjectId,Crash ID,Primary Road,Intersecting Road,Crash Date,Day,Month,Year,Hour,Weekday,Crash Type Code,Highway Classification Code,Community Code,Jurisdiction Code,Lane Departure Type Code,Surface Type,Road Condition,Weather Condition,Lighting Condition,Speed Limit,Lanes,Units,Occupants,Most Severe Injury,Fatal Injuries,Suspected Serious Injuries,Suspected Minor Injuries,Possible Injuries,Property Damage Only,Secondary Crash,Traffic Control,Red Light Run,Hit and Run,Alcohol,Drugs,Unbelted Person,Work Zone,Speeding Driver,Distracted Driver,Driveway,Pedestrian,Elderly Driver,Young Driver,Commercial Vehicle,Emergency Vehicles,Train,School Bus,Motorcycle,Bicycle,Deer,Longitude,Latitude,geom,geog,x,y
20339,9637957,HARDING,E I 94 SERVICE DRIVE,2016-02-19,19,2,2016,17,6,2,1,,,2,,1,1,1,25,1,2,1,5,0,0,0,0,true,,false,false,false,false,false,,,,,,false,false,false,,,false,false,false,false,false,-82.99648,42.39154,"{
  ""coordinates"": [
    -8.299648462399990e+01,
    4.239154206200000e+01
  ],
  ""type"": ""Point""
}","{
  ""coordinates"": [
    -82.996484624,
    42.391542062
  ],
  ""type"": ""Point""
}",-82.9964846239999,42.391542062
20340,9629619,GRAND RIVER,14TH,2016-02-19,19,2,2016,15,6,4,3,,1,0,,1,2,1,30,8,2,1,5,0,0,0,0,true,,false,false,true,false,false,,,,,,false,false,false,,,false,false,false,false,false,-83.08485,42.3469,"{
  ""coordinates"": [
    -8.308485241499990e+01,
    4.234689993300000e+01
  ],
  ""type"": ""Point""
}","{
  ""coordinates"": [
    -83.084852415,
    42.346899933
  ],
  ""type"": ""Point""
}",-83.0848524149999,42.346899933
20341,9628366,CHANDLER,MARSEILLES,2016-02-18,18,2,2016,12,5,4,9,,2,0,,1,1,1,35,2,2,2,5,0,0,0,0,true,,false,false,false,false,false,,,,,,false,false,true,,,false,false,false,false,false,-82.92442,42.41408,"{
  ""coordinates"": [
    -8.292441498300001e+01,
    4.241407682900010e+01
  ],
  ""type"": ""Point""
}","{
  ""coordinates"": [
    -82.924414983,
    42.414076829
  ],
  ""type"": ""Point""
}",-82.924414983,42.4140768290001
20342,9629644,FENTON,PICKFORD,2016-02-18,18,2,2016,15,5,4,9,,,0,,1,2,1,25,1,2,3,5,0,0,0,0,true,,false,false,true,false,false,,,,,,false,false,false,,,false,false,false,false,false,-83.28268,42.42338,"{
  ""coordinates"": [
    -8.328268097199999e+01,
    4.242338326700010e+01
  ],
  ""type"": ""Point""
}","{
  ""coordinates"": [
    -83.282680972,
    42.423383267
  ],
  ""type"": ""Point""
}",-83.282680972,42.4233832670001
20343,9628343,GREENFIELD,ELMIRA,2016-02-18,18,2,2016,10,5,5,9,,2,0,,1,1,1,35,4,2,3,4,0,0,0,1,false,,false,false,false,false,false,,,,,,false,true,true,,,false,false,false,false,false,-83.19745,42.37033,"{
  ""coordinates"": [
    -8.319745006200000e+01,
    4.237033480900000e+01
  ],
  ""type"": ""Point""
}","{
  ""coordinates"": [
    -83.197450062,
    42.370334809
  ],
  ""type"": ""Point""
}",-83.197450062,42.370334809
20344,9628373,BALFOUR,GRAYTON,2016-02-18,18,2,2016,13,5,8,9,,,0,,1,1,1,25,2,2,2,5,0,0,0,0,true,,false,false,false,false,false,,,,,,false,false,true,,,false,false,false,false,false,-82.94531,42.41947,"{
  ""coordinates"": [
    -8.294531007300000e+01,
    4.241947190600010e+01
  ],
  ""type"": ""Point""
}","{
  ""coordinates"": [
    -82.945310073,
    42.419471906
  ],
  ""type"": ""Point""
}",-82.945310073,42.4194719060001
20345,9631323,FRENCH,LEANDER,2016-02-18,18,2,2016,16,5,1,9,,4,1,,1,1,1,25,2,1,2,4,0,0,0,1,false,,false,false,false,false,true,,,,,,false,false,false,,,false,false,false,false,false,-83.01101,42.4108,"{
  ""coordinates"": [
    -8.301100546500000e+01,
    4.241080548600010e+01
  ],
  ""type"": ""Point""
}","{
  ""coordinates"": [
    -83.011005465,
    42.410805486
  ],
  ""type"": ""Point""
}",-83.011005465,42.4108054860001
20346,9629638,FENTON,PICKFORD,2016-02-18,18,2,2016,7,5,8,9,,,0,,1,1,1,0,6,3,1,4,0,0,0,1,false,,false,false,false,false,false,,,,,,false,false,true,,,false,false,false,false,false,-83.2827,42.42377,"{
  ""coordinates"": [
    -8.328269891300000e+01,
    4.242377372000000e+01
  ],
  ""type"": ""Point""
}","{
  ""coordinates"": [
    -83.282698913,
    42.42377372
  ],
  ""type"": ""Point""
}",-83.282698913,42.42377372
20347,9629663,CHERRYLAWN,8 MILE,2016-02-18,18,2,2016,11,5,8,3,,,0,,1,1,1,40,2,2,2,5,0,0,0,0,true,,false,false,true,false,false,,,,,,false,false,false,,,false,false,false,false,false,-83.15601,42.44577,"{
  ""coordinates"": [
    -8.315600992899989e+01,
    4.244576912100010e+01
  ],
  ""type"": ""Point""
}","{
  ""coordinates"": [
    -83.156009929,
    42.445769121
  ],
  ""type"": ""Point""
}",-83.1560099289999,42.4457691210001
20348,9628360,PLYMOUTH,EVERGREEN,2016-02-18,18,2,2016,13,5,5,9,,4,0,,1,2,1,35,8,2,2,5,0,0,0,0,true,,false,false,false,false,false,,,,,,false,false,false,,,false,false,false,false,false,-83.23625,42.37189,"{
  ""coordinates"": [
    -8.323624898700000e+01,
    4.237188885700000e+01
  ],
  ""type"": ""Point""
}","{
  ""coordinates"": [
    -83.236248987,
    42.371888857
  ],
  ""type"": ""Point""
}",-83.236248987,42.371888857
20349,9631821,S M 39,7 MILE,2016-02-18,18,2,2016,17,5,8,3,,1,0,,1,1,1,55,3,2,1,5,0,0,0,0,true,,false,false,false,false,false,,,,,,false,false,false,,,false,false,false,false,false,-83.2194,42.42989,"{
  ""coordinates"": [
    -8.321939801000001e+01,
    4.242988507500010e+01
  ],
  ""type"": ""Point""
}","{
  ""coordinates"": [
    -83.21939801,
    42.429885075
  ],
  ""type"": ""Point""
}",-83.21939801,42.4298850750001
20350,9628520,OUTER,S M 39,2016-02-18,18,2,2016,20,5,5,9,,2,0,,1,1,4,35,4,2,2,5,0,0,0,0,true,,false,false,false,false,false,,,,,,false,false,false,,,false,false,false,false,false,-83.21894,42.41907,"{
  ""coordinates"": [
    -8.321893995399989e+01,
    4.241906890800000e+01
  ],
  ""type"": ""Point""
}","{
  ""coordinates"": [
    -83.218939954,
    42.419068908
  ],
  ""type"": ""Point""
}",-83.2189399539999,42.419068908
20351,9629580,OUTER,CURTIS,2016-02-18,18,2,2016,13,5,5,9,,2,0,,1,1,1,30,6,2,2,5,0,0,0,0,true,,false,false,false,false,false,,,,,,false,false,false,,,false,false,false,false,false,-83.17542,42.42411,"{
  ""coordinates"": [
    -8.317541294100000e+01,
    4.242411237800010e+01
  ],
  ""type"": ""Point""
}","{
  ""coordinates"": [
    -83.175412941,
    42.424112378
  ],
  ""type"": ""Point""
}",-83.175412941,42.4241123780001
20352,9631905,ANTHONY WAYNE,KIRBY,2016-02-18,18,2,2016,22,5,5,9,,4,0,,1,1,4,30,4,2,2,5,0,0,0,0,true,,false,false,false,false,false,,,,,,false,false,true,,,false,false,false,false,false,-83.07328,42.35791,"{
  ""coordinates"": [
    -8.307328331699991e+01,
    4.235791179300000e+01
  ],
  ""type"": ""Point""
}","{
  ""coordinates"": [
    -83.073283317,
    42.357911793
  ],
  ""type"": ""Point""
}",-83.0732833169999,42.357911793
20353,9629620,LOTHROP,SECOND,2016-02-18,18,2,2016,9,5,97,9,,4,0,,97,98,98,30,4,2,0,5,0,0,0,0,true,,false,false,true,false,false,,,,,,false,false,false,,,false,false,false,false,false,-83.07722,42.37041,"{
  ""coordinates"": [
    -8.307722256900000e+01,
    4.237040569900010e+01
  ],
  ""type"": ""Point""
}","{
  ""coordinates"": [
    -83.077222569,
    42.370405699
  ],
  ""type"": ""Point""
}",-83.077222569,42.3704056990001
20354,9629656,DAVISON,SHERWOOD,2016-02-18,18,2,2016,14,5,97,9,,4,0,,1,1,1,30,2,2,2,5,0,0,0,0,true,,false,false,false,false,false,,,,,,false,false,false,,,false,false,false,false,false,-83.03361,42.42339,"{
  ""coordinates"": [
    -8.303360371100000e+01,
    4.242339193500000e+01
  ],
  ""type"": ""Point""
}","{
  ""coordinates"": [
    -83.033603711,
    42.423391935
  ],
  ""type"": ""Point""
}",-83.033603711,42.423391935
20355,9629602,MCGRAW,ELMER,2016-02-18,18,2,2016,18,5,5,9,,4,0,,1,1,3,30,3,2,2,5,0,0,0,0,true,,false,false,false,false,false,,,,,,false,false,true,,,false,false,false,false,false,-83.14429,42.33407,"{
  ""coordinates"": [
    -8.314428846500000e+01,
    4.233407000000010e+01
  ],
  ""type"": ""Point""
}","{
  ""coordinates"": [
    -83.144288465,
    42.33407
  ],
  ""type"": ""Point""
}",-83.144288465,42.3340700000001
20356,9628344,ANTOINETTE,CASS,2016-02-18,18,2,2016,16,5,3,9,,4,0,,1,2,3,25,2,2,5,5,0,0,0,0,true,,false,false,false,false,false,,,,,,false,false,true,,,false,false,false,false,false,-83.07113,42.36311,"{
  ""coordinates"": [
    -8.307112762199991e+01,
    4.236311495800000e+01
  ],
  ""type"": ""Point""
}","{
  ""coordinates"": [
    -83.071127622,
    42.363114958
  ],
  ""type"": ""Point""
}",-83.0711276219999,42.363114958
20357,9637967,LAUDER,PURITAN,2016-02-18,18,2,2016,13,5,4,9,,,0,,1,1,1,35,3,2,2,5,0,0,0,0,true,,false,false,true,false,false,,,,,,false,false,false,,,false,false,false,false,false,-83.1917,42.40897,"{
  ""coordinates"": [
    -8.319170468000000e+01,
    4.240897386000010e+01
  ],
  ""type"": ""Point""
}","{
  ""coordinates"": [
    -83.19170468,
    42.40897386
  ],
  ""type"": ""Point""
}",-83.19170468,42.4089738600001
20358,9628356,DIX,CENTRAL,2016-02-18,18,2,2016,7,5,5,9,,4,0,,1,1,1,25,2,2,4,5,0,0,0,0,true,,false,false,true,false,false,,,,,,false,false,true,,,false,false,false,false,false,-83.12759,42.31715,"{
  ""coordinates"": [
    -8.312759485500000e+01,
    4.231715541600000e+01
  ],
  ""type"": ""Point""
}","{
  ""coordinates"": [
    -83.127594855,
    42.317155416
  ],
  ""type"": ""Point""
}",-83.127594855,42.317155416
20359,9646703,METTETAL,JOY,2016-02-18,18,2,2016,10,5,5,9,,,0,,2,1,1,30,2,2,2,5,0,0,0,0,true,,false,false,false,false,false,,,,,,false,false,false,,,false,false,false,false,false,-83.20547,42.35797,"{
  ""coordinates"": [
    -8.320547851000001e+01,
    4.235796868300010e+01
  ],
  ""type"": ""Point""
}","{
  ""coordinates"": [
    -83.20547851,
    42.357968683
  ],
  ""type"": ""Point""
}",-83.20547851,42.3579686830001
20360,9629582,7 MILE,BENTLER,2016-02-18,18,2,2016,9,5,3,9,,2,0,,1,1,1,35,4,2,4,5,0,0,0,0,true,,false,false,false,false,false,,,,,,false,false,false,,,false,false,false,false,false,-83.2534,42.42923,"{
  ""coordinates"": [
    -8.325340439199989e+01,
    4.242922622500000e+01
  ],
  ""type"": ""Point""
}","{
  ""coordinates"": [
    -83.253404392,
    42.429226225
  ],
  ""type"": ""Point""
}",-83.2534043919999,42.429226225
20361,9628342,7 MILE,HOOVER,2016-02-18,18,2,2016,1,5,5,3,,4,0,,1,1,4,35,5,2,2,5,0,0,0,0,true,,false,false,false,true,false,,,,,,false,false,false,,,false,false,false,false,false,-83.00468,42.43443,"{
  ""coordinates"": [
    -8.300468335200000e+01,
    4.243442493300010e+01
  ],
  ""type"": ""Point""
}","{
  ""coordinates"": [
    -83.004683352,
    42.434424933
  ],
  ""type"": ""Point""
}",-83.004683352,42.4344249330001
20362,9628377,QUEEN,KILBOURNE,2016-02-18,18,2,2016,14,5,4,9,,,0,,1,1,1,25,2,2,1,5,0,0,0,0,true,,false,false,true,false,false,,,,,,false,false,false,,,false,false,false,false,false,-82.96719,42.41664,"{
  ""coordinates"": [
    -8.296719433399990e+01,
    4.241663840500010e+01
  ],
  ""type"": ""Point""
}","{
  ""coordinates"": [
    -82.967194334,
    42.416638405
  ],
  ""type"": ""Point""
}",-82.9671943339999,42.4166384050001
20363,9631839,I-94,CHENE,2016-02-18,18,2,2016,15,5,1,1,,1,0,,1,1,1,55,3,1,1,5,0,0,0,0,true,,false,false,false,false,false,,,,,,false,false,false,,,false,false,false,false,false,-83.05079,42.37288,"{
  ""coordinates"": [
    -8.305079125000000e+01,
    4.237287372400000e+01
  ],
  ""type"": ""Point""
}","{
  ""coordinates"": [
    -83.05079125,
    42.372873724
  ],
  ""type"": ""Point""
}",-83.05079125,42.372873724
20364,9628145,I-94,CONNER,2016-02-18,18,2,2016,6,5,5,1,,1,0,,1,1,4,55,3,2,2,5,0,0,0,0,true,,false,false,false,false,false,,,,,,false,false,false,,,false,false,false,false,false,-82.96996,42.40234,"{
  ""coordinates"": [
    -8.296995401800000e+01,
    4.240233981000010e+01
  ],
  ""type"": ""Point""
}","{
  ""coordinates"": [
    -82.969954018,
    42.40233981
  ],
  ""type"": ""Point""
}",-82.969954018,42.4023398100001
20365,9631835,8 MILE,MANOR,2016-02-18,18,2,2016,16,5,5,3,,1,0,,1,1,1,40,4,4,4,5,0,0,0,0,true,,false,false,false,false,false,,,,,,false,true,false,,,false,false,false,false,false,-83.1702,42.44542,"{
  ""coordinates"": [
    -8.317019426099991e+01,
    4.244541828000010e+01
  ],
  ""type"": ""Point""
}","{
  ""coordinates"": [
    -83.170194261,
    42.44541828
  ],
  ""type"": ""Point""
}",-83.1701942609999,42.4454182800001
20366,9628365,GRAYTON,DUCHESS,2016-02-18,18,2,2016,10,5,4,9,,,0,,1,1,1,25,2,2,1,5,0,0,0,0,true,,false,false,true,false,false,,,,,,false,false,true,,,false,false,false,false,false,-82.95737,42.42348,"{
  ""coordinates"": [
    -8.295736450399990e+01,
    4.242347535100000e+01
  ],
  ""type"": ""Point""
}","{
  ""coordinates"": [
    -82.957364504,
    42.423475351
  ],
  ""type"": ""Point""
}",-82.9573645039999,42.423475351
20367,9629575,WOODWARD,8 MILE,2016-02-18,18,2,2016,8,5,4,3,,1,0,,1,1,1,35,3,3,3,5,0,0,0,0,true,,true,true,false,false,false,,,,,,false,false,true,,,false,false,false,false,false,-83.12483,42.44649,"{
  ""coordinates"": [
    -8.312483339600000e+01,
    4.244649247600010e+01
  ],
  ""type"": ""Point""
}","{
  ""coordinates"": [
    -83.124833396,
    42.446492476
  ],
  ""type"": ""Point""
}",-83.124833396,42.4464924760001
20368,9628370,RAMP 219C,W I 94,2016-02-18,18,2,2016,16,5,7,1,,1,0,,1,1,1,30,2,2,2,5,0,0,0,0,true,,false,false,false,false,false,,,,,,false,false,false,,,false,false,false,false,false,-83.00676,42.39146,"{
  ""coordinates"": [
    -8.300675733999999e+01,
    4.239145763800010e+01
  ],
  ""type"": ""Point""
}","{
  ""coordinates"": [
    -83.00675734,
    42.391457638
  ],
  ""type"": ""Point""
}",-83.00675734,42.3914576380001
20369,9629668,MANOR,OUTER,2016-02-18,18,2,2016,13,5,8,9,,,0,,1,1,1,15,3,2,2,5,0,0,0,0,true,,false,false,false,false,false,,,,,,false,false,false,,,false,false,false,false,false,-83.16976,42.4351,"{
  ""coordinates"": [
    -8.316975938099991e+01,
    4.243510033800000e+01
  ],
  ""type"": ""Point""
}","{
  ""coordinates"": [
    -83.169759381,
    42.435100338
  ],
  ""type"": ""Point""
}",-83.1697593809999,42.435100338
20370,9631317,MONROE,BEAUBIEN,2016-02-18,18,2,2016,10,5,97,9,,4,1,,1,1,1,25,2,1,1,5,0,0,0,0,true,,false,false,false,false,false,,,,,,false,true,false,,,false,true,false,false,false,-83.04272,42.33484,"{
  ""coordinates"": [
    -8.304271680399999e+01,
    4.233483898200010e+01
  ],
  ""type"": ""Point""
}","{
  ""coordinates"": [
    -83.042716804,
    42.334838982
  ],
  ""type"": ""Point""
}",-83.042716804,42.3348389820001
20371,9631820,E I 94,GRAND,2016-02-18,18,2,2016,12,5,97,1,,1,0,,1,1,1,55,3,2,2,5,0,0,0,0,true,,false,false,false,false,false,,,,,,false,false,false,,,false,false,false,false,false,-83.04134,42.37614,"{
  ""coordinates"": [
    -8.304134214800000e+01,
    4.237614181500000e+01
  ],
  ""type"": ""Point""
}","{
  ""coordinates"": [
    -83.041342148,
    42.376141815
  ],
  ""type"": ""Point""
}",-83.041342148,42.376141815
20372,9639200,LIVERNOIS,JOY,2016-02-18,18,2,2016,14,5,5,9,,4,0,,1,1,1,35,6,2,2,5,0,0,0,0,true,,false,false,false,false,false,,,,,,false,false,false,,,false,false,false,false,false,-83.1384,42.35958,"{
  ""coordinates"": [
    -8.313839396400000e+01,
    4.235958199300010e+01
  ],
  ""type"": ""Point""
}","{
  ""coordinates"": [
    -83.138393964,
    42.359581993
  ],
  ""type"": ""Point""
}",-83.138393964,42.3595819930001
20373,9628212,I-94,I-96,2016-02-18,18,2,2016,11,5,8,1,,1,0,,1,1,1,55,3,2,1,5,0,0,0,0,true,,false,false,true,false,false,,,,,,false,true,false,,,false,false,false,false,false,-83.11566,42.34256,"{
  ""coordinates"": [
    -8.311566348799990e+01,
    4.234255543400010e+01
  ],
  ""type"": ""Point""
}","{
  ""coordinates"": [
    -83.115663488,
    42.342555434
  ],
  ""type"": ""Point""
}",-83.1156634879999,42.3425554340001
20374,9628336,JEFFERSON,ST CLAIR,2016-02-18,18,2,2016,2,5,8,9,,4,0,,1,1,1,35,8,2,2,5,0,0,0,0,true,,false,false,false,false,false,,,,,,false,false,false,,,false,false,false,false,false,-82.9781,42.36343,"{
  ""coordinates"": [
    -8.297810295300000e+01,
    4.236342450600010e+01
  ],
  ""type"": ""Point""
}","{
  ""coordinates"": [
    -82.978102953,
    42.363424506
  ],
  ""type"": ""Point""
}",-82.978102953,42.3634245060001
20375,9631765,W/B I-94,CONNER,2016-02-18,18,2,2016,6,5,5,1,,1,0,,1,1,4,55,3,2,2,5,0,0,0,0,true,,false,false,false,false,false,,,,,,false,true,false,,,false,false,false,false,false,-83.00523,42.39175,"{
  ""coordinates"": [
    -8.300523263400000e+01,
    4.239175563100010e+01
  ],
  ""type"": ""Point""
}","{
  ""coordinates"": [
    -83.005232634,
    42.391755631
  ],
  ""type"": ""Point""
}",-83.005232634,42.3917556310001
20376,9643033,MCNICHOLS,HUBBELL,2016-02-18,18,2,2016,8,5,5,9,,2,0,,1,1,1,35,4,2,2,5,0,0,0,0,true,,false,false,false,false,false,,,,,,false,false,true,,,false,false,false,false,false,-83.18954,42.41646,"{
  ""coordinates"": [
    -8.318954659799989e+01,
    4.241645756200010e+01
  ],
  ""type"": ""Point""
}","{
  ""coordinates"": [
    -83.189546598,
    42.416457562
  ],
  ""type"": ""Point""
}",-83.1895465979999,42.4164575620001
20377,9629584,MONICA,OUTER,2016-02-18,18,2,2016,11,5,4,9,,,0,,1,1,1,25,2,2,2,4,0,0,0,1,false,,false,false,true,false,false,,,,,,false,true,false,,,false,false,false,false,false,-83.14483,42.4351,"{
  ""coordinates"": [
    -8.314482832999990e+01,
    4.243510010800000e+01
  ],
  ""type"": ""Point""
}","{
  ""coordinates"": [
    -83.14482833,
    42.435100108
  ],
  ""type"": ""Point""
}",-83.1448283299999,42.435100108
20378,9631838,I-75,SCHAEFER,2016-02-18,18,2,2016,8,5,97,1,,1,0,,1,1,1,55,4,2,2,5,0,0,0,0,true,,false,false,false,false,false,,,,,,false,false,false,,,false,false,false,false,false,-83.14932,42.28189,"{
  ""coordinates"": [
    -8.314932007800000e+01,
    4.228189430300010e+01
  ],
  ""type"": ""Point""
}","{
  ""coordinates"": [
    -83.149320078,
    42.281894303
  ],
  ""type"": ""Point""
}",-83.149320078,42.2818943030001
20379,9629666,FREELAND,VASSAR,2016-02-18,18,2,2016,8,5,9,9,,,2,,1,1,5,25,2,2,1,5,0,0,0,0,true,,false,false,false,false,false,,,,,,false,false,true,,,false,false,false,false,false,-83.18657,42.43494,"{
  ""coordinates"": [
    -8.318656826499991e+01,
    4.243494385200010e+01
  ],
  ""type"": ""Point""
}","{
  ""coordinates"": [
    -83.186568265,
    42.434943852
  ],
  ""type"": ""Point""
}",-83.1865682649999,42.4349438520001
20380,9629618,JOHN R,WARREN,2016-02-18,18,2,2016,13,5,5,9,,4,0,,1,1,1,0,9,2,2,5,0,0,0,0,true,,false,false,false,false,false,,,,,,false,false,false,,,false,false,false,false,false,-83.06213,42.35765,"{
  ""coordinates"": [
    -8.306212394200000e+01,
    4.235764880700000e+01
  ],
  ""type"": ""Point""
}","{
  ""coordinates"": [
    -83.062123942,
    42.357648807
  ],
  ""type"": ""Point""
}",-83.062123942,42.357648807
20381,9636074,3RD,MICHIGAN,2016-02-18,18,2,2016,17,5,97,2,,4,0,,1,1,3,25,1,2,2,5,0,0,0,0,true,,false,false,false,false,false,,,,,,false,false,false,,,false,false,false,false,false,-83.05775,42.33172,"{
  ""coordinates"": [
    -8.305774414699989e+01,
    4.233171829500000e+01
  ],
  ""type"": ""Point""
}","{
  ""coordinates"": [
    -83.057744147,
    42.331718295
  ],
  ""type"": ""Point""
}",-83.0577441469999,42.331718295
20382,9629645,GILCHRIST,MARGARETA,2016-02-18,18,2,2016,14,5,4,9,,,0,,1,1,1,25,2,2,2,5,0,0,0,0,true,,false,false,false,false,false,,,,,,false,false,false,,,false,false,false,false,false,-83.21245,42.42653,"{
  ""coordinates"": [
    -8.321245016700000e+01,
    4.242652498500010e+01
  ],
  ""type"": ""Point""
}","{
  ""coordinates"": [
    -83.212450167,
    42.426524985
  ],
  ""type"": ""Point""
}",-83.212450167,42.4265249850001
20383,9629669,SANTA BARBARA,CHIPPEWA,2016-02-18,18,2,2016,21,5,4,9,,,0,,1,1,4,15,3,2,0,5,0,0,0,0,true,,false,false,true,false,false,,,,,,false,false,false,,,false,false,false,false,false,-83.1492,42.44257,"{
  ""coordinates"": [
    -8.314919727700000e+01,
    4.244257000900010e+01
  ],
  ""type"": ""Point""
}","{
  ""coordinates"": [
    -83.149197277,
    42.442570009
  ],
  ""type"": ""Point""
}",-83.149197277,42.4425700090001
20384,9628358,MCNICHOLS,HARLOW,2016-02-18,18,2,2016,17,5,8,9,,2,0,,1,1,3,35,3,2,4,5,0,0,0,0,true,,false,false,false,false,false,,,,,,false,true,true,,,false,false,false,false,false,-83.21559,42.41562,"{
  ""coordinates"": [
    -8.321559468700001e+01,
    4.241562003800000e+01
  ],
  ""type"": ""Point""
}","{
  ""coordinates"": [
    -83.215594687,
    42.415620038
  ],
  ""type"": ""Point""
}",-83.215594687,42.415620038
20385,9628146,W/B I-94,CONNER,2016-02-18,18,2,2016,6,5,5,1,,1,0,,1,1,4,55,3,2,2,5,0,0,0,0,true,,false,false,false,false,false,,,,,,false,false,false,,,false,false,false,false,false,-82.96996,42.40234,"{
  ""coordinates"": [
    -8.296995401800000e+01,
    4.240233981000010e+01
  ],
  ""type"": ""Point""
}","{
  ""coordinates"": [
    -82.969954018,
    42.40233981
  ],
  ""type"": ""Point""
}",-82.969954018,42.4023398100001
20386,9733821,WOODWARD,STATE FAIR,2016-02-18,18,2,2016,9,5,8,3,,1,0,,1,1,1,35,4,2,2,4,0,0,0,1,false,,false,false,false,false,false,,,,,,false,true,false,,,false,false,false,false,false,-83.12017,42.43976,"{
  ""coordinates"": [
    -8.312016705699990e+01,
    4.243975987200000e+01
  ],
  ""type"": ""Point""
}","{
  ""coordinates"": [
    -83.120167057,
    42.439759872
  ],
  ""type"": ""Point""
}",-83.1201670569999,42.439759872
20387,9629655,IRVINGTON,EMERY,2016-02-18,18,2,2016,22,5,5,9,,,0,,1,1,5,25,2,2,0,5,0,0,0,0,true,,false,false,true,false,false,,,,,,false,false,false,,,false,false,false,false,false,-83.09814,42.43533,"{
  ""coordinates"": [
    -8.309813647399990e+01,
    4.243532605000010e+01
  ],
  ""type"": ""Point""
}","{
  ""coordinates"": [
    -83.098136474,
    42.43532605
  ],
  ""type"": ""Point""
}",-83.0981364739999,42.4353260500001
20388,9630329,I-94,MT ELLIOT,2016-02-18,18,2,2016,10,5,5,1,,1,0,,1,1,1,55,3,2,2,5,0,0,0,0,true,,false,false,false,false,false,,,,,,false,false,true,,,false,false,false,false,false,-83.03806,42.37747,"{
  ""coordinates"": [
    -8.303806411200000e+01,
    4.237747264500010e+01
  ],
  ""type"": ""Point""
}","{
  ""coordinates"": [
    -83.038064112,
    42.377472645
  ],
  ""type"": ""Point""
}",-83.038064112,42.3774726450001
20389,9629589,SCHAEFER,OUTER,2016-02-18,18,2,2016,8,5,4,9,,4,0,,1,1,1,0,2,2,2,5,0,0,0,0,true,,false,false,false,false,false,,,,,,false,false,false,,,false,false,false,false,false,-83.17994,42.41956,"{
  ""coordinates"": [
    -8.317993624099999e+01,
    4.241955666900000e+01
  ],
  ""type"": ""Point""
}","{
  ""coordinates"": [
    -83.179936241,
    42.419556669
  ],
  ""type"": ""Point""
}",-83.179936241,42.419556669
20390,9639223,SCHAEFER,CAPITOL,2016-02-18,18,2,2016,16,5,97,9,,4,0,,1,1,1,35,2,2,0,5,0,0,0,0,true,,false,false,true,false,false,,,,,,false,false,false,,,false,false,false,false,false,-83.17825,42.38006,"{
  ""coordinates"": [
    -8.317824599900000e+01,
    4.238006160100010e+01
  ],
  ""type"": ""Point""
}","{
  ""coordinates"": [
    -83.178245999,
    42.380061601
  ],
  ""type"": ""Point""
}",-83.178245999,42.3800616010001
20391,9628367,GRATIOT,FILBERT,2016-02-18,18,2,2016,13,5,4,3,,1,0,,1,1,1,0,3,2,2,5,0,0,0,0,true,,false,false,false,false,false,,,,,,false,false,true,,,false,false,false,false,false,-82.98955,42.41703,"{
  ""coordinates"": [
    -8.298955029599990e+01,
    4.241703564700000e+01
  ],
  ""type"": ""Point""
}","{
  ""coordinates"": [
    -82.989550296,
    42.417035647
  ],
  ""type"": ""Point""
}",-82.9895502959999,42.417035647
20392,9631840,N M 39,SCHOOLCRAFT,2016-02-18,18,2,2016,17,5,5,3,,1,0,,1,1,1,55,3,2,3,4,0,0,0,1,false,,false,false,false,false,false,,,,,,false,false,false,,,false,false,false,false,false,-83.2175,42.38571,"{
  ""coordinates"": [
    -8.321749968099989e+01,
    4.238570755300000e+01
  ],
  ""type"": ""Point""
}","{
  ""coordinates"": [
    -83.217499681,
    42.385707553
  ],
  ""type"": ""Point""
}",-83.2174996809999,42.385707553
20393,9629601,6 MILE,HARLOW,2016-02-18,18,2,2016,16,5,8,9,,2,0,,1,1,1,25,2,2,2,5,0,0,0,0,true,,false,false,false,false,false,,,,,,false,true,false,,,false,false,false,false,false,-83.21571,42.41562,"{
  ""coordinates"": [
    -8.321571186400000e+01,
    4.241561758900010e+01
  ],
  ""type"": ""Point""
}","{
  ""coordinates"": [
    -83.215711864,
    42.415617589
  ],
  ""type"": ""Point""
}",-83.215711864,42.4156175890001
20394,9628213,W I 94,CONCORD,2016-02-18,18,2,2016,18,5,5,1,,1,0,,1,1,3,55,3,2,2,5,0,0,0,0,true,,false,false,true,false,false,,,,,,false,false,false,,,false,false,false,false,false,-83.0284,42.38433,"{
  ""coordinates"": [
    -8.302840389200000e+01,
    4.238432693800010e+01
  ],
  ""type"": ""Point""
}","{
  ""coordinates"": [
    -83.028403892,
    42.384326938
  ],
  ""type"": ""Point""
}",-83.028403892,42.3843269380001
20395,9629642,8 MILE,MOTOR,2016-02-18,18,2,2016,12,5,1,3,,1,1,,1,1,1,40,4,1,1,4,0,0,0,1,false,,false,false,false,false,false,,,,,,false,true,false,,,false,false,false,false,false,-83.20461,42.44465,"{
  ""coordinates"": [
    -8.320461085100000e+01,
    4.244465311900010e+01
  ],
  ""type"": ""Point""
}","{
  ""coordinates"": [
    -83.204610851,
    42.444653119
  ],
  ""type"": ""Point""
}",-83.204610851,42.4446531190001