ObjectId,Crash ID,Primary Road,Intersecting Road,Crash Date,Day,Month,Year,Hour,Weekday,Crash Type Code,Highway Classification Code,Community Code,Jurisdiction Code,Lane Departure Type Code,Surface Type,Road Condition,Weather Condition,Lighting Condition,Speed Limit,Lanes,Units,Occupants,Most Severe Injury,Fatal Injuries,Suspected Serious Injuries,Suspected Minor Injuries,Possible Injuries,Property Damage Only,Secondary Crash,Traffic Control,Red Light Run,Hit and Run,Alcohol,Drugs,Unbelted Person,Work Zone,Speeding Driver,Distracted Driver,Driveway,Pedestrian,Elderly Driver,Young Driver,Commercial Vehicle,Emergency Vehicles,Train,School Bus,Motorcycle,Bicycle,Deer,Longitude,Latitude,geom,geog,x,y
20453,9628153,NB M-10,FORT,2016-02-17,17,2,2016,6,4,1,3,,1,1,,2,2,4,55,3,1,1,5,0,0,0,0,true,,false,false,false,false,false,,,,,,false,false,false,,,false,false,false,false,false,-83.05524,42.32706,"{
  ""coordinates"": [
    -8.305523620199990e+01,
    4.232705567400010e+01
  ],
  ""type"": ""Point""
}","{
  ""coordinates"": [
    -83.055236202,
    42.327055674
  ],
  ""type"": ""Point""
}",-83.0552362019999,42.3270556740001
20454,9628363,GRATIOT,VAN DYKE,2016-02-17,17,2,2016,16,4,97,3,,1,0,,1,1,1,35,8,2,4,4,0,0,0,3,false,,true,true,false,false,false,,,,,,false,false,true,,,false,false,false,false,false,-83.01469,42.37881,"{
  ""coordinates"": [
    -8.301468806699999e+01,
    4.237880829000010e+01
  ],
  ""type"": ""Point""
}","{
  ""coordinates"": [
    -83.014688067,
    42.37880829
  ],
  ""type"": ""Point""
}",-83.014688067,42.3788082900001
20455,9628178,W I 94,LUCKY,2016-02-17,17,2,2016,8,4,5,1,,1,0,,1,1,1,55,3,2,2,5,0,0,0,0,true,,false,false,true,false,false,,,,,,false,false,false,,,false,false,false,false,false,-83.03738,42.37772,"{
  ""coordinates"": [
    -8.303738080999990e+01,
    4.237772351700000e+01
  ],
  ""type"": ""Point""
}","{
  ""coordinates"": [
    -83.03738081,
    42.377723517
  ],
  ""type"": ""Point""
}",-83.0373808099999,42.377723517
20456,9628179,I-75,MEADE,2016-02-17,17,2,2016,17,4,5,1,,1,0,,1,1,1,70,4,2,2,4,0,0,0,2,false,,false,false,false,false,false,,,,,,false,false,false,,,false,false,false,false,false,-83.07858,42.40774,"{
  ""coordinates"": [
    -8.307858157200000e+01,
    4.240773997000010e+01
  ],
  ""type"": ""Point""
}","{
  ""coordinates"": [
    -83.078581572,
    42.40773997
  ],
  ""type"": ""Point""
}",-83.078581572,42.4077399700001
20457,9627358,LIVERNOIS,MCNICHOLS,2016-02-17,17,2,2016,8,4,5,9,,4,0,,3,2,1,30,2,3,2,5,0,0,0,0,true,,false,false,true,false,false,,,,,,false,false,true,,,false,false,false,false,false,-83.14095,42.4173,"{
  ""coordinates"": [
    -8.314094945600000e+01,
    4.241730555900010e+01
  ],
  ""type"": ""Point""
}","{
  ""coordinates"": [
    -83.140949456,
    42.417305559
  ],
  ""type"": ""Point""
}",-83.140949456,42.4173055590001
20458,9627356,SANTA ROSA,OAKMAN,2016-02-17,17,2,2016,6,4,9,9,,,2,,3,1,4,25,2,2,2,5,0,0,0,0,true,,false,false,true,false,false,,,,,,false,false,false,,,false,false,false,false,false,-83.14184,42.38948,"{
  ""coordinates"": [
    -8.314183767799990e+01,
    4.238947952700000e+01
  ],
  ""type"": ""Point""
}","{
  ""coordinates"": [
    -83.141837678,
    42.389479527
  ],
  ""type"": ""Point""
}",-83.1418376779999,42.389479527
20459,9641365,GRANDRIVER,GREENFIELD,2016-02-17,17,2,2016,12,4,97,3,,1,0,,2,1,1,35,5,2,1,3,0,0,1,0,false,,false,false,false,false,false,,,,,,true,false,true,,,false,false,false,false,false,-83.1983,42.39264,"{
  ""coordinates"": [
    -8.319830478800000e+01,
    4.239263387400010e+01
  ],
  ""type"": ""Point""
}","{
  ""coordinates"": [
    -83.198304788,
    42.392633874
  ],
  ""type"": ""Point""
}",-83.198304788,42.3926338740001
20460,9629583,LARNED,WASHINGTON,2016-02-17,17,2,2016,9,4,5,9,,4,0,,3,98,1,0,2,2,2,5,0,0,0,0,true,,false,false,false,false,false,,,,,,false,false,false,,,false,false,false,false,false,-83.04863,42.32797,"{
  ""coordinates"": [
    -8.304862743099990e+01,
    4.232796791600000e+01
  ],
  ""type"": ""Point""
}","{
  ""coordinates"": [
    -83.048627431,
    42.327967916
  ],
  ""type"": ""Point""
}",-83.0486274309999,42.327967916
20461,9628361,N M 39 SERVICE DRIVE,JOY,2016-02-17,17,2,2016,7,4,97,9,,4,1,,3,1,1,35,2,1,1,5,0,0,0,0,true,,false,false,false,false,false,,,,,,false,false,false,,,false,false,false,false,false,-83.21606,42.35793,"{
  ""coordinates"": [
    -8.321606668999991e+01,
    4.235792721100010e+01
  ],
  ""type"": ""Point""
}","{
  ""coordinates"": [
    -83.21606669,
    42.357927211
  ],
  ""type"": ""Point""
}",-83.2160666899999,42.3579272110001
20462,9640425,CHRYSLER,RAMP 045B,2016-02-17,17,2,2016,17,4,5,1,,4,0,,1,1,3,0,5,2,2,5,0,0,0,0,true,,false,false,false,false,false,,,,,,false,false,false,,,false,false,false,false,false,-83.06242,42.37886,"{
  ""coordinates"": [
    -8.306241808399990e+01,
    4.237885835800010e+01
  ],
  ""type"": ""Point""
}","{
  ""coordinates"": [
    -83.062418084,
    42.378858358
  ],
  ""type"": ""Point""
}",-83.0624180839999,42.3788583580001
20463,9699700,N I 75,ROSA PARKS,2016-02-17,17,2,2016,9,4,8,1,,1,0,,2,2,1,55,2,2,2,5,0,0,0,0,true,,false,false,false,false,false,,,,,,false,false,false,,,false,false,false,false,false,-83.07319,42.33323,"{
  ""coordinates"": [
    -8.307319141200000e+01,
    4.233323008100010e+01
  ],
  ""type"": ""Point""
}","{
  ""coordinates"": [
    -83.073191412,
    42.333230081
  ],
  ""type"": ""Point""
}",-83.073191412,42.3332300810001
20464,9627365,JOHN R,WARREN,2016-02-17,17,2,2016,12,4,5,9,,4,0,,2,2,1,25,2,2,2,5,0,0,0,0,true,,false,false,false,false,false,,,,,,false,false,false,,,false,false,false,false,false,-83.06209,42.3576,"{
  ""coordinates"": [
    -8.306208803299999e+01,
    4.235760107400010e+01
  ],
  ""type"": ""Point""
}","{
  ""coordinates"": [
    -83.062088033,
    42.357601074
  ],
  ""type"": ""Point""
}",-83.062088033,42.3576010740001
20465,9628333,EVERGREEN,PLYMOUTH,2016-02-17,17,2,2016,21,4,5,9,,4,0,,1,1,4,30,2,2,2,4,0,0,0,1,false,,false,false,false,false,false,,,,,,false,false,false,,,false,false,false,false,false,-83.23624,42.37185,"{
  ""coordinates"": [
    -8.323624762299990e+01,
    4.237184549900010e+01
  ],
  ""type"": ""Point""
}","{
  ""coordinates"": [
    -83.236247623,
    42.371845499
  ],
  ""type"": ""Point""
}",-83.2362476229999,42.3718454990001
20466,9629588,SEVEN MILE,GREENVIEW,2016-02-17,17,2,2016,3,4,1,9,,2,0,,4,5,4,35,4,1,1,5,0,0,0,0,true,,false,false,false,false,false,,,,,,false,false,true,,,false,false,false,false,false,-83.22544,42.4299,"{
  ""coordinates"": [
    -8.322544095700000e+01,
    4.242990006300000e+01
  ],
  ""type"": ""Point""
}","{
  ""coordinates"": [
    -83.225440957,
    42.429900063
  ],
  ""type"": ""Point""
}",-83.225440957,42.429900063
20467,9627340,WARREN,S M 39 SERVICE DRIVE,2016-02-17,17,2,2016,12,4,9,9,,2,2,,2,1,1,35,4,2,1,5,0,0,0,0,true,,false,false,true,false,false,,,,,,false,false,false,,,false,false,false,false,false,-83.21653,42.34336,"{
  ""coordinates"": [
    -8.321652684599999e+01,
    4.234335843000010e+01
  ],
  ""type"": ""Point""
}","{
  ""coordinates"": [
    -83.216526846,
    42.34335843
  ],
  ""type"": ""Point""
}",-83.216526846,42.3433584300001
20468,9628368,PELKEY,PARK GROVE,2016-02-17,17,2,2016,15,4,4,9,,,0,,1,1,1,25,2,2,4,5,0,0,0,0,true,,false,false,false,false,false,,,,,,false,false,true,,,false,false,false,false,false,-82.98612,42.42947,"{
  ""coordinates"": [
    -8.298611850100001e+01,
    4.242946938800000e+01
  ],
  ""type"": ""Point""
}","{
  ""coordinates"": [
    -82.986118501,
    42.429469388
  ],
  ""type"": ""Point""
}",-82.986118501,42.429469388
20469,9628215,E I 94,WARREN,2016-02-17,17,2,2016,22,4,8,1,,1,0,,1,1,4,55,3,2,1,5,0,0,0,0,true,,false,false,true,false,false,,,,,,false,false,false,,,false,false,false,false,false,-83.11301,42.34465,"{
  ""coordinates"": [
    -8.311301019299999e+01,
    4.234464534300000e+01
  ],
  ""type"": ""Point""
}","{
  ""coordinates"": [
    -83.113010193,
    42.344645343
  ],
  ""type"": ""Point""
}",-83.113010193,42.344645343
20470,9627239,I94,M10,2016-02-17,17,2,2016,23,4,8,1,,1,0,,1,1,4,55,3,2,1,5,0,0,0,0,true,,false,false,true,false,false,,,,,,false,false,false,,,false,false,false,false,false,-83.07478,42.36042,"{
  ""coordinates"": [
    -8.307478369099989e+01,
    4.236042497900010e+01
  ],
  ""type"": ""Point""
}","{
  ""coordinates"": [
    -83.074783691,
    42.360424979
  ],
  ""type"": ""Point""
}",-83.0747836909999,42.3604249790001
20471,9629626,LIVERNOIS,ARMY,2016-02-17,17,2,2016,8,4,97,9,,4,1,,4,5,4,0,7,1,0,5,0,0,0,0,true,,false,false,true,false,false,,,,,,false,false,false,,,false,false,false,false,false,-83.10616,42.31034,"{
  ""coordinates"": [
    -8.310615414599989e+01,
    4.231033935200000e+01
  ],
  ""type"": ""Point""
}","{
  ""coordinates"": [
    -83.106154146,
    42.310339352
  ],
  ""type"": ""Point""
}",-83.1061541459999,42.310339352
20472,9634325,MARTIN LUTHER KING JR,18TH,2016-02-17,17,2,2016,8,4,5,9,,4,0,,1,1,1,25,2,2,1,5,0,0,0,0,true,,false,false,false,false,false,,,,,,false,true,false,,,false,false,false,false,false,-83.0855,42.33769,"{
  ""coordinates"": [
    -8.308550298300000e+01,
    4.233768813400010e+01
  ],
  ""type"": ""Point""
}","{
  ""coordinates"": [
    -83.085502983,
    42.337688134
  ],
  ""type"": ""Point""
}",-83.085502983,42.3376881340001
20473,9628206,I-75,SCHAEFER,2016-02-17,17,2,2016,1,4,5,1,,1,0,,4,5,4,70,4,4,5,5,0,0,0,0,true,,false,false,false,false,false,,,,,,false,false,true,,,false,false,false,false,false,-83.15713,42.27704,"{
  ""coordinates"": [
    -8.315712736700000e+01,
    4.227704150800000e+01
  ],
  ""type"": ""Point""
}","{
  ""coordinates"": [
    -83.157127367,
    42.277041508
  ],
  ""type"": ""Point""
}",-83.157127367,42.277041508
20474,9628352,WOODWARD,CANFIELD,2016-02-17,17,2,2016,8,4,8,3,,1,0,,2,2,1,25,3,2,3,4,0,0,0,1,false,,false,false,true,false,false,,,,,,false,true,false,,,false,false,false,false,false,-83.06152,42.35278,"{
  ""coordinates"": [
    -8.306151378100000e+01,
    4.235278014000000e+01
  ],
  ""type"": ""Point""
}","{
  ""coordinates"": [
    -83.061513781,
    42.35278014
  ],
  ""type"": ""Point""
}",-83.061513781,42.35278014
20475,9628207,I-94,ROSA PARKS,2016-02-17,17,2,2016,2,4,1,1,,1,1,,4,5,4,55,3,1,1,3,0,0,1,0,false,,false,false,false,false,false,,,,,,false,false,true,,,false,false,false,false,false,-83.0845,42.35484,"{
  ""coordinates"": [
    -8.308449950999990e+01,
    4.235484407900000e+01
  ],
  ""type"": ""Point""
}","{
  ""coordinates"": [
    -83.08449951,
    42.354844079
  ],
  ""type"": ""Point""
}",-83.0844995099999,42.354844079
20476,9628382,HUBBELL,PEMBROKE,2016-02-17,17,2,2016,7,4,4,9,,4,0,,3,1,1,30,2,2,3,3,0,0,1,0,false,,false,false,true,false,false,,,,,,false,false,false,,,false,false,false,false,false,-83.19034,42.43768,"{
  ""coordinates"": [
    -8.319033717000001e+01,
    4.243768021300010e+01
  ],
  ""type"": ""Point""
}","{
  ""coordinates"": [
    -83.19033717,
    42.437680213
  ],
  ""type"": ""Point""
}",-83.19033717,42.4376802130001
20477,9628141,M-10,DAVISON,2016-02-17,17,2,2016,7,4,5,3,,1,0,,2,1,1,55,3,2,3,5,0,0,0,0,true,,false,false,false,false,false,,,,,,false,false,true,,,false,false,false,false,false,-83.11401,42.40042,"{
  ""coordinates"": [
    -8.311401731799999e+01,
    4.240041692500010e+01
  ],
  ""type"": ""Point""
}","{
  ""coordinates"": [
    -83.114017318,
    42.400416925
  ],
  ""type"": ""Point""
}",-83.114017318,42.4004169250001
20478,9628152,W I 96,CANADIAN PACIFIC RAILWAY,2016-02-17,17,2,2016,4,4,1,1,,1,1,,4,5,4,55,1,1,1,5,0,0,0,0,true,,false,false,false,false,false,,,,,,false,false,true,,,false,false,false,false,false,-83.0852,42.32713,"{
  ""coordinates"": [
    -8.308519844800000e+01,
    4.232713233000000e+01
  ],
  ""type"": ""Point""
}","{
  ""coordinates"": [
    -83.085198448,
    42.32713233
  ],
  ""type"": ""Point""
}",-83.085198448,42.32713233
20479,9629628,JUNCTION,WARREN,2016-02-17,17,2,2016,16,4,97,9,,4,0,,1,1,1,25,2,3,3,4,0,0,0,1,false,,false,false,false,false,false,,,,,,false,false,false,,,false,false,false,false,false,-83.1213,42.34443,"{
  ""coordinates"": [
    -8.312129969599989e+01,
    4.234443239600010e+01
  ],
  ""type"": ""Point""
}","{
  ""coordinates"": [
    -83.121299696,
    42.344432396
  ],
  ""type"": ""Point""
}",-83.1212996959999,42.3444323960001
20480,9646716,W I 96,WYOMING,2016-02-16,16,2,2016,11,3,8,1,,1,0,,1,1,1,65,5,2,2,5,0,0,0,0,true,,false,false,true,false,false,,,,,,false,false,false,,,false,false,false,false,false,-83.15825,42.38542,"{
  ""coordinates"": [
    -8.315824689100000e+01,
    4.238541701000000e+01
  ],
  ""type"": ""Point""
}","{
  ""coordinates"": [
    -83.158246891,
    42.38541701
  ],
  ""type"": ""Point""
}",-83.158246891,42.38541701
20481,9628177,I 75,8 MILE,2016-02-16,16,2,2016,2,3,5,1,,1,0,,3,1,4,70,3,2,1,4,0,0,0,1,false,,false,false,true,false,false,,,,,,false,false,false,,,false,false,false,false,false,-83.09491,42.44318,"{
  ""coordinates"": [
    -8.309491297300001e+01,
    4.244317832600010e+01
  ],
  ""type"": ""Point""
}","{
  ""coordinates"": [
    -83.094912973,
    42.443178326
  ],
  ""type"": ""Point""
}",-83.094912973,42.4431783260001
20482,9630330,MCNICHOLS,GREENFIELD,2016-02-16,16,2,2016,1,3,1,9,,2,0,,2,1,4,35,4,1,1,4,0,0,0,1,false,,false,false,false,false,false,,,,,,false,false,true,,,false,false,false,false,false,-83.19949,42.41598,"{
  ""coordinates"": [
    -8.319948269600000e+01,
    4.241597694100010e+01
  ],
  ""type"": ""Point""
}","{
  ""coordinates"": [
    -83.199482696,
    42.415976941
  ],
  ""type"": ""Point""
}",-83.199482696,42.4159769410001
20483,9626095,JOY,GRANDMONT,2016-02-16,16,2,2016,12,3,8,9,,2,0,,1,1,1,35,4,2,3,5,0,0,0,0,true,,false,false,true,false,false,,,,,,false,false,false,,,false,false,false,false,false,-83.21051,42.35795,"{
  ""coordinates"": [
    -8.321050657500000e+01,
    4.235795228100010e+01
  ],
  ""type"": ""Point""
}","{
  ""coordinates"": [
    -83.210506575,
    42.357952281
  ],
  ""type"": ""Point""
}",-83.210506575,42.3579522810001
20484,9626100,CRANE,WARREN,2016-02-16,16,2,2016,12,3,9,9,,,2,,3,1,1,25,2,2,2,5,0,0,0,0,true,,false,false,false,false,false,,,,,,false,false,false,,,false,false,false,false,false,-83.00525,42.37967,"{
  ""coordinates"": [
    -8.300524859799999e+01,
    4.237966534900000e+01
  ],
  ""type"": ""Point""
}","{
  ""coordinates"": [
    -83.005248598,
    42.379665349
  ],
  ""type"": ""Point""
}",-83.005248598,42.379665349
20485,9627351,SCHAEFER,FORT,2016-02-16,16,2,2016,19,3,5,7,,1,0,,1,1,4,35,3,2,2,5,0,0,0,0,true,,false,false,false,false,false,,,,,,false,false,false,,,false,false,false,false,false,-83.1554,42.27636,"{
  ""coordinates"": [
    -8.315540553400000e+01,
    4.227635440000010e+01
  ],
  ""type"": ""Point""
}","{
  ""coordinates"": [
    -83.155405534,
    42.2763544
  ],
  ""type"": ""Point""
}",-83.155405534,42.2763544000001
20486,9626121,LIVERNOIS,GLOBE,2016-02-16,16,2,2016,17,3,5,9,,4,0,,1,1,3,30,4,3,3,5,0,0,0,0,true,,false,false,false,false,false,,,,,,false,false,true,,,false,false,false,false,false,-83.14053,42.40687,"{
  ""coordinates"": [
    -8.314052359599999e+01,
    4.240687286900000e+01
  ],
  ""type"": ""Point""
}","{
  ""coordinates"": [
    -83.140523596,
    42.406872869
  ],
  ""type"": ""Point""
}",-83.140523596,42.406872869
20487,9628375,8 MILE,GRATIOT,2016-02-16,16,2,2016,11,3,4,3,,1,0,,2,1,1,40,6,2,6,5,0,0,0,0,true,,true,true,false,false,false,,,,,,false,false,true,,,false,false,false,false,false,-82.96783,42.44984,"{
  ""coordinates"": [
    -8.296783099500000e+01,
    4.244983695000010e+01
  ],
  ""type"": ""Point""
}","{
  ""coordinates"": [
    -82.967830995,
    42.44983695
  ],
  ""type"": ""Point""
}",-82.967830995,42.4498369500001
20488,9626099,GRATIOT,MCCLELLAN,2016-02-16,16,2,2016,8,3,8,3,,1,0,,1,1,1,35,8,2,2,5,0,0,0,0,true,,false,false,false,false,false,,,,,,false,false,false,,,false,false,false,false,false,-83.00705,42.39037,"{
  ""coordinates"": [
    -8.300705000700000e+01,
    4.239036419100010e+01
  ],
  ""type"": ""Point""
}","{
  ""coordinates"": [
    -83.007050007,
    42.390364191
  ],
  ""type"": ""Point""
}",-83.007050007,42.3903641910001
20489,9678388,I-94,CHENE,2016-02-16,16,2,2016,17,3,5,1,,1,0,,1,1,3,55,3,2,2,5,0,0,0,0,true,,false,false,false,false,false,,,,,,false,false,false,,,false,false,false,false,false,-83.04461,42.37494,"{
  ""coordinates"": [
    -8.304460923999990e+01,
    4.237493609100010e+01
  ],
  ""type"": ""Point""
}","{
  ""coordinates"": [
    -83.04460924,
    42.374936091
  ],
  ""type"": ""Point""
}",-83.0446092399999,42.3749360910001
20490,9631310,CHICAGO,FAUST,2016-02-16,16,2,2016,12,3,4,9,,4,0,,2,2,1,30,2,2,2,5,0,0,0,0,true,,false,false,false,false,false,,,,,,false,true,true,,,false,false,false,false,false,-83.22149,42.36497,"{
  ""coordinates"": [
    -8.322148880200000e+01,
    4.236497404400010e+01
  ],
  ""type"": ""Point""
}","{
  ""coordinates"": [
    -83.221488802,
    42.364974044
  ],
  ""type"": ""Point""
}",-83.221488802,42.3649740440001
20491,9628210,W I 94,RAMP 217H,2016-02-16,16,2,2016,7,3,1,1,,1,1,,2,2,2,55,3,1,1,5,0,0,0,0,true,,false,false,false,false,false,,,,,,false,false,false,,,false,false,false,false,false,-83.04193,42.37608,"{
  ""coordinates"": [
    -8.304193433499999e+01,
    4.237607580500000e+01
  ],
  ""type"": ""Point""
}","{
  ""coordinates"": [
    -83.041934335,
    42.376075805
  ],
  ""type"": ""Point""
}",-83.041934335,42.376075805
20492,9626117,8 MILE SERVICE DRIVE,S I 75 SERVICE DRIVE,2016-02-16,16,2,2016,9,3,4,3,,1,0,,1,1,1,40,3,2,2,5,0,0,0,0,true,,true,true,false,false,false,,,,,,false,false,true,,,false,false,false,false,false,-83.09532,42.44662,"{
  ""coordinates"": [
    -8.309532516099991e+01,
    4.244662032400000e+01
  ],
  ""type"": ""Point""
}","{
  ""coordinates"": [
    -83.095325161,
    42.446620324
  ],
  ""type"": ""Point""
}",-83.0953251609999,42.446620324
20493,9636902,I-75,SCHAEFER,2016-02-16,16,2,2016,13,3,8,1,,1,0,,1,2,1,70,3,2,2,4,0,0,0,1,false,,false,false,false,false,false,,,,,,false,false,false,,,false,false,false,false,false,-83.15459,42.27769,"{
  ""coordinates"": [
    -8.315459818300000e+01,
    4.227769448100000e+01
  ],
  ""type"": ""Point""
}","{
  ""coordinates"": [
    -83.154598183,
    42.277694481
  ],
  ""type"": ""Point""
}",-83.154598183,42.277694481
20494,9637873,I-75,WARREN,2016-02-16,16,2,2016,17,3,5,1,,1,0,,1,2,1,70,3,4,4,5,0,0,0,0,true,,false,false,false,false,false,,,,,,false,false,true,,,false,false,false,false,false,-83.05494,42.36209,"{
  ""coordinates"": [
    -8.305493558700000e+01,
    4.236209507700000e+01
  ],
  ""type"": ""Point""
}","{
  ""coordinates"": [
    -83.054935587,
    42.362095077
  ],
  ""type"": ""Point""
}",-83.054935587,42.362095077
20495,9626119,NEVADA,CONANT,2016-02-16,16,2,2016,2,3,1,9,,4,1,,2,2,4,30,2,1,3,4,0,0,0,2,false,,false,false,false,false,false,,,,,,false,false,false,,,false,false,false,false,false,-83.0686,42.42583,"{
  ""coordinates"": [
    -8.306860507700000e+01,
    4.242583271000010e+01
  ],
  ""type"": ""Point""
}","{
  ""coordinates"": [
    -83.068605077,
    42.42583271
  ],
  ""type"": ""Point""
}",-83.068605077,42.4258327100001
20496,9639267,CASS,PALMER,2016-02-16,16,2,2016,18,3,97,9,,4,3,,1,1,5,0,2,2,0,5,0,0,0,0,true,,false,false,false,false,false,,,,,,false,false,false,,,false,false,false,false,false,-83.06974,42.36141,"{
  ""coordinates"": [
    -8.306974383700000e+01,
    4.236140857600000e+01
  ],
  ""type"": ""Point""
}","{
  ""coordinates"": [
    -83.069743837,
    42.361408576
  ],
  ""type"": ""Point""
}",-83.069743837,42.361408576
20497,9641370,GRATIOT,CHENE,2016-02-16,16,2,2016,13,3,1,3,,1,1,,1,1,1,35,6,1,1,5,0,0,0,0,true,,false,false,false,false,false,,,,,,false,false,false,,,false,false,false,false,false,-83.03209,42.35241,"{
  ""coordinates"": [
    -8.303208932200000e+01,
    4.235241480700010e+01
  ],
  ""type"": ""Point""
}","{
  ""coordinates"": [
    -83.032089322,
    42.352414807
  ],
  ""type"": ""Point""
}",-83.032089322,42.3524148070001
20498,9628139,E I 96,S I 75,2016-02-16,16,2,2016,6,3,1,1,,1,1,,2,1,4,70,2,1,1,5,0,0,0,0,true,,false,false,false,false,false,,,,,,false,false,false,,,false,false,false,false,false,-83.0825,42.32008,"{
  ""coordinates"": [
    -8.308250619700000e+01,
    4.232007874700000e+01
  ],
  ""type"": ""Point""
}","{
  ""coordinates"": [
    -83.082506197,
    42.320078747
  ],
  ""type"": ""Point""
}",-83.082506197,42.320078747
20499,9626096,CONNER,FOREST,2016-02-16,16,2,2016,15,3,4,9,,4,0,,1,2,1,35,7,2,2,5,0,0,0,0,true,,false,false,false,false,false,,,,,,false,false,false,,,false,false,false,false,false,-82.97328,42.3883,"{
  ""coordinates"": [
    -8.297328133900000e+01,
    4.238830024300010e+01
  ],
  ""type"": ""Point""
}","{
  ""coordinates"": [
    -82.973281339,
    42.388300243
  ],
  ""type"": ""Point""
}",-82.973281339,42.3883002430001
20500,9626088,CHICAGO,N M 10 SERVICE DRIVE,2016-02-16,16,2,2016,15,3,8,3,,4,0,,1,1,1,30,3,2,2,5,0,0,0,0,true,,false,false,false,false,false,,,,,,false,true,false,,,false,false,false,false,false,-83.09444,42.38271,"{
  ""coordinates"": [
    -8.309444411800000e+01,
    4.238271046200000e+01
  ],
  ""type"": ""Point""
}","{
  ""coordinates"": [
    -83.094444118,
    42.382710462
  ],
  ""type"": ""Point""
}",-83.094444118,42.382710462
20501,9626084,RAMP 008C,E I 96 CD,2016-02-16,16,2,2016,12,3,5,1,,1,0,,2,1,1,35,1,2,3,5,0,0,0,0,true,,false,false,false,false,false,,,,,,false,false,true,,,false,false,false,false,false,-83.21679,42.37834,"{
  ""coordinates"": [
    -8.321678708199990e+01,
    4.237834339600000e+01
  ],
  ""type"": ""Point""
}","{
  ""coordinates"": [
    -83.216787082,
    42.378343396
  ],
  ""type"": ""Point""
}",-83.2167870819999,42.378343396
20502,9627338,GRAND RIVER,E GRAND RIVER/W I 94,2016-02-16,16,2,2016,16,3,97,3,,1,0,,1,1,1,30,7,2,2,5,0,0,0,0,true,,false,false,false,false,false,,,,,,false,false,false,,,false,false,false,false,false,-83.09682,42.35172,"{
  ""coordinates"": [
    -8.309681943200000e+01,
    4.235172407500000e+01
  ],
  ""type"": ""Point""
}","{
  ""coordinates"": [
    -83.096819432,
    42.351724075
  ],
  ""type"": ""Point""
}",-83.096819432,42.351724075
20503,9626122,PEMBROKE,STANSBURY,2016-02-16,16,2,2016,19,3,4,9,,5,0,,1,1,4,25,2,2,2,5,0,0,0,0,true,,true,false,true,false,false,,,,,,false,false,false,,,false,false,false,false,false,-83.18436,42.43819,"{
  ""coordinates"": [
    -8.318436246000000e+01,
    4.243818487500000e+01
  ],
  ""type"": ""Point""
}","{
  ""coordinates"": [
    -83.18436246,
    42.438184875
  ],
  ""type"": ""Point""
}",-83.18436246,42.438184875
20504,9628184,M-10,DEXTER,2016-02-16,16,2,2016,14,3,1,3,,1,1,,1,2,1,55,3,1,1,5,0,0,0,0,true,,false,false,false,false,false,,,,,,false,false,false,,,false,false,false,false,false,-83.13555,42.4049,"{
  ""coordinates"": [
    -8.313554925699999e+01,
    4.240489529700010e+01
  ],
  ""type"": ""Point""
}","{
  ""coordinates"": [
    -83.135549257,
    42.404895297
  ],
  ""type"": ""Point""
}",-83.135549257,42.4048952970001
20505,9626105,EVERGREEN,7 MILE,2016-02-16,16,2,2016,12,3,97,9,,4,0,,2,2,1,35,4,2,2,5,0,0,0,0,true,,false,false,false,false,false,,,,,,false,false,false,,,false,false,false,false,false,-83.23885,42.42954,"{
  ""coordinates"": [
    -8.323885633799991e+01,
    4.242954140500010e+01
  ],
  ""type"": ""Point""
}","{
  ""coordinates"": [
    -83.238856338,
    42.429541405
  ],
  ""type"": ""Point""
}",-83.2388563379999,42.4295414050001
20506,9631138,W/B I-94,CHENE,2016-02-16,16,2,2016,14,3,8,1,,1,0,,1,2,1,55,3,2,1,5,0,0,0,0,true,,false,false,true,false,false,,,,,,false,false,false,,,false,false,false,false,false,-83.04815,42.3738,"{
  ""coordinates"": [
    -8.304814566100001e+01,
    4.237380234300010e+01
  ],
  ""type"": ""Point""
}","{
  ""coordinates"": [
    -83.048145661,
    42.373802343
  ],
  ""type"": ""Point""
}",-83.048145661,42.3738023430001
20507,9626098,DAVIDSON,OAKMAN,2016-02-16,16,2,2016,6,3,97,3,,1,0,,2,2,1,35,5,2,2,5,0,0,0,0,true,,false,false,false,false,false,,,,,,false,false,false,,,false,false,false,false,false,-83.14299,42.38635,"{
  ""coordinates"": [
    -8.314298676200001e+01,
    4.238635088100010e+01
  ],
  ""type"": ""Point""
}","{
  ""coordinates"": [
    -83.142986762,
    42.386350881
  ],
  ""type"": ""Point""
}",-83.142986762,42.3863508810001
20508,9628337,KLINGER,OUTER,2016-02-16,16,2,2016,8,3,8,9,,,0,,2,1,1,25,1,2,1,5,0,0,0,0,true,,false,false,false,false,false,,,,,,false,false,false,,,false,false,false,false,false,-83.06969,42.44098,"{
  ""coordinates"": [
    -8.306969208899990e+01,
    4.244097825900010e+01
  ],
  ""type"": ""Point""
}","{
  ""coordinates"": [
    -83.069692089,
    42.440978259
  ],
  ""type"": ""Point""
}",-83.0696920889999,42.4409782590001