ObjectId,Crash ID,Primary Road,Intersecting Road,Crash Date,Day,Month,Year,Hour,Weekday,Crash Type Code,Highway Classification Code,Community Code,Jurisdiction Code,Lane Departure Type Code,Surface Type,Road Condition,Weather Condition,Lighting Condition,Speed Limit,Lanes,Units,Occupants,Most Severe Injury,Fatal Injuries,Suspected Serious Injuries,Suspected Minor Injuries,Possible Injuries,Property Damage Only,Secondary Crash,Traffic Control,Red Light Run,Hit and Run,Alcohol,Drugs,Unbelted Person,Work Zone,Speeding Driver,Distracted Driver,Driveway,Pedestrian,Elderly Driver,Young Driver,Commercial Vehicle,Emergency Vehicles,Train,School Bus,Motorcycle,Bicycle,Deer,Longitude,Latitude,geom,geog,x,y
20566,9625229,GRAND,BEAUBIEN,2016-02-15,15,2,2016,13,2,4,9,,4,0,,2,2,1,30,4,2,2,5,0,0,0,0,true,,false,false,false,false,false,,,,,,false,false,false,,,false,false,false,false,false,-83.06738,42.37235,"{
  ""coordinates"": [
    -8.306738194600000e+01,
    4.237235431600000e+01
  ],
  ""type"": ""Point""
}","{
  ""coordinates"": [
    -83.067381946,
    42.372354316
  ],
  ""type"": ""Point""
}",-83.067381946,42.372354316
20567,9639221,FREELAND,PLYMOUTH,2016-02-15,15,2,2016,12,2,5,9,,,0,,2,2,1,25,2,2,1,4,0,0,0,1,false,,false,false,true,false,false,,,,,,false,false,false,,,false,false,false,false,false,-83.18411,42.37288,"{
  ""coordinates"": [
    -8.318411139100000e+01,
    4.237287793800000e+01
  ],
  ""type"": ""Point""
}","{
  ""coordinates"": [
    -83.184111391,
    42.372877938
  ],
  ""type"": ""Point""
}",-83.184111391,42.372877938
20568,9631320,I-96,SCHAEFER,2016-02-15,15,2,2016,17,2,8,1,,1,0,,1,1,1,0,8,2,2,5,0,0,0,0,true,,false,false,false,false,false,,,,,,false,true,false,,,false,false,false,false,false,-83.17982,42.38337,"{
  ""coordinates"": [
    -8.317981394799990e+01,
    4.238337015600010e+01
  ],
  ""type"": ""Point""
}","{
  ""coordinates"": [
    -83.179813948,
    42.383370156
  ],
  ""type"": ""Point""
}",-83.1798139479999,42.3833701560001
20569,9625253,CADIEUX,MORANG,2016-02-15,15,2,2016,16,2,1,9,,4,1,,2,2,1,30,2,2,0,4,0,0,0,1,false,,false,false,true,false,false,,,,,,true,false,false,,,false,false,false,false,false,-82.94037,42.4221,"{
  ""coordinates"": [
    -8.294037150000000e+01,
    4.242210500200010e+01
  ],
  ""type"": ""Point""
}","{
  ""coordinates"": [
    -82.9403715,
    42.422105002
  ],
  ""type"": ""Point""
}",-82.9403715,42.4221050020001
20570,9627348,SPRINGWELLS,OLIVET,2016-02-15,15,2,2016,15,2,5,9,,4,0,,2,1,1,15,1,2,1,5,0,0,0,0,true,,false,false,false,false,false,,,,,,false,false,true,,,false,false,false,false,false,-83.11987,42.30255,"{
  ""coordinates"": [
    -8.311987380600000e+01,
    4.230254713300010e+01
  ],
  ""type"": ""Point""
}","{
  ""coordinates"": [
    -83.119873806,
    42.302547133
  ],
  ""type"": ""Point""
}",-83.119873806,42.3025471330001
20571,9625257,BRENTWOOD,VEACH,2016-02-15,15,2,2016,12,2,4,9,,,0,,4,1,1,25,1,2,3,5,0,0,0,0,true,,false,false,false,false,false,,,,,,false,false,true,,,false,false,false,false,false,-83.02102,42.43328,"{
  ""coordinates"": [
    -8.302101987899989e+01,
    4.243327587900010e+01
  ],
  ""type"": ""Point""
}","{
  ""coordinates"": [
    -83.021019879,
    42.433275879
  ],
  ""type"": ""Point""
}",-83.0210198789999,42.4332758790001
20572,9625247,FENKELL,FIELDING,2016-02-15,15,2,2016,11,2,4,9,,2,0,,2,2,1,35,2,2,3,4,0,0,0,3,false,,false,false,false,false,false,,,,,,false,true,true,,,false,false,false,false,false,-83.24255,42.40059,"{
  ""coordinates"": [
    -8.324255464100000e+01,
    4.240058604100010e+01
  ],
  ""type"": ""Point""
}","{
  ""coordinates"": [
    -83.242554641,
    42.400586041
  ],
  ""type"": ""Point""
}",-83.242554641,42.4005860410001
20573,9625208,8 MILE,WOODWARD,2016-02-15,15,2,2016,7,2,1,3,,1,0,,4,2,1,40,3,1,1,5,0,0,0,0,true,,false,false,false,false,false,,,,,,false,false,false,,,false,false,false,false,false,-83.12489,42.4465,"{
  ""coordinates"": [
    -8.312488177300000e+01,
    4.244650392600000e+01
  ],
  ""type"": ""Point""
}","{
  ""coordinates"": [
    -83.124881773,
    42.446503926
  ],
  ""type"": ""Point""
}",-83.124881773,42.446503926
20574,9628175,I 94,LINWOOD,2016-02-15,15,2,2016,17,2,8,1,,1,0,,1,1,1,55,3,2,2,5,0,0,0,0,true,,false,false,true,false,false,,,,,,false,false,false,,,false,false,false,false,false,-83.092,42.35234,"{
  ""coordinates"": [
    -8.309200582200000e+01,
    4.235233770500000e+01
  ],
  ""type"": ""Point""
}","{
  ""coordinates"": [
    -83.092005822,
    42.352337705
  ],
  ""type"": ""Point""
}",-83.092005822,42.352337705
20575,9628149,N/B M-10,JEFFERSON,2016-02-15,15,2,2016,23,2,1,3,,1,1,,2,2,4,55,2,1,1,4,0,0,0,1,false,,false,false,false,false,false,,,,,,false,false,true,,,false,false,false,false,false,-83.05769,42.32858,"{
  ""coordinates"": [
    -8.305768497199990e+01,
    4.232858390500010e+01
  ],
  ""type"": ""Point""
}","{
  ""coordinates"": [
    -83.057684972,
    42.328583905
  ],
  ""type"": ""Point""
}",-83.0576849719999,42.3285839050001
20576,9625241,BEDFORD,SOUTHAMPTON,2016-02-15,15,2,2016,16,2,5,9,,,0,,3,2,1,25,2,2,0,5,0,0,0,0,true,,false,false,true,false,false,,,,,,false,false,false,,,false,false,false,false,false,-82.94307,42.40524,"{
  ""coordinates"": [
    -8.294306926500001e+01,
    4.240524361700010e+01
  ],
  ""type"": ""Point""
}","{
  ""coordinates"": [
    -82.943069265,
    42.405243617
  ],
  ""type"": ""Point""
}",-82.943069265,42.4052436170001
20577,9626109,7 MILE,EVERGREEN,2016-02-15,15,2,2016,22,2,8,9,,2,0,,1,1,4,30,4,2,1,5,0,0,0,0,true,,false,false,true,false,false,,,,,,false,false,false,,,false,false,false,false,false,-83.23923,42.42956,"{
  ""coordinates"": [
    -8.323922930299990e+01,
    4.242956125200000e+01
  ],
  ""type"": ""Point""
}","{
  ""coordinates"": [
    -83.239229303,
    42.429561252
  ],
  ""type"": ""Point""
}",-83.2392293029999,42.429561252
20578,9625006,I-94,JOHN R,2016-02-15,15,2,2016,12,2,5,1,,1,0,,2,2,1,55,3,2,2,5,0,0,0,0,true,,false,false,false,false,false,,,,,,false,false,false,,,false,false,false,false,false,-83.06671,42.36481,"{
  ""coordinates"": [
    -8.306671005299999e+01,
    4.236481375700000e+01
  ],
  ""type"": ""Point""
}","{
  ""coordinates"": [
    -83.066710053,
    42.364813757
  ],
  ""type"": ""Point""
}",-83.066710053,42.364813757
20579,9626108,MCNICHOLS,BILTMORE,2016-02-14,14,2,2016,16,1,4,9,,2,0,,1,1,1,35,4,2,2,4,0,0,0,1,false,,false,false,true,false,false,,,,,,false,false,false,,,false,false,false,false,false,-83.211,42.41572,"{
  ""coordinates"": [
    -8.321099724800000e+01,
    4.241572139000000e+01
  ],
  ""type"": ""Point""
}","{
  ""coordinates"": [
    -83.210997248,
    42.41572139
  ],
  ""type"": ""Point""
}",-83.210997248,42.41572139
20580,9624198,GRATIOT,MT ELLIOT,2016-02-14,14,2,2016,16,1,3,3,,1,0,,1,1,1,35,8,2,1,4,0,0,0,1,false,,false,false,false,false,false,,,,,,false,false,false,,,false,false,false,false,false,-83.02393,42.36486,"{
  ""coordinates"": [
    -8.302393638800000e+01,
    4.236486048300000e+01
  ],
  ""type"": ""Point""
}","{
  ""coordinates"": [
    -83.023936388,
    42.364860483
  ],
  ""type"": ""Point""
}",-83.023936388,42.364860483
20581,9628183,I-75,FERRY,2016-02-14,14,2,2016,11,1,8,1,,1,0,,1,2,1,55,3,2,1,4,0,0,0,1,false,,false,false,false,false,false,,,,,,false,false,false,,,false,false,false,false,false,-83.05512,42.36246,"{
  ""coordinates"": [
    -8.305511881200000e+01,
    4.236246233500000e+01
  ],
  ""type"": ""Point""
}","{
  ""coordinates"": [
    -83.055118812,
    42.362462335
  ],
  ""type"": ""Point""
}",-83.055118812,42.362462335
20582,9628340,CLIFFORD,MONTCALM,2016-02-14,14,2,2016,20,1,97,9,,4,0,,1,1,4,25,5,2,3,4,0,0,0,3,false,,false,false,false,false,false,,,,,,false,false,false,,,false,false,false,false,false,-83.05528,42.33761,"{
  ""coordinates"": [
    -8.305528186799999e+01,
    4.233760798300010e+01
  ],
  ""type"": ""Point""
}","{
  ""coordinates"": [
    -83.055281868,
    42.337607983
  ],
  ""type"": ""Point""
}",-83.055281868,42.3376079830001
20583,9636091,OUTER,MCNICHOLS,2016-02-14,14,2,2016,5,1,1,9,,2,1,,3,1,4,30,2,1,1,1,1,0,0,0,false,,false,false,false,true,true,,,,,,false,false,false,,,false,false,false,false,false,-83.0137,42.42015,"{
  ""coordinates"": [
    -8.301370342400000e+01,
    4.242015374800010e+01
  ],
  ""type"": ""Point""
}","{
  ""coordinates"": [
    -83.013703424,
    42.420153748
  ],
  ""type"": ""Point""
}",-83.013703424,42.4201537480001
20584,9625254,SAINT LOUIS,LANTZ,2016-02-14,14,2,2016,22,1,97,9,,,0,,2,1,4,25,1,2,0,5,0,0,0,0,true,,false,false,true,false,false,,,,,,false,false,false,,,false,false,false,false,false,-83.04038,42.43839,"{
  ""coordinates"": [
    -8.304038314000000e+01,
    4.243838635100010e+01
  ],
  ""type"": ""Point""
}","{
  ""coordinates"": [
    -83.04038314,
    42.438386351
  ],
  ""type"": ""Point""
}",-83.04038314,42.4383863510001
20585,9628335,GRAND,SECOND,2016-02-14,14,2,2016,19,1,1,9,,4,0,,1,1,4,35,3,1,1,5,0,0,0,0,true,,false,false,false,false,false,,,,,,false,false,false,,,false,false,false,false,false,-83.07707,42.36869,"{
  ""coordinates"": [
    -8.307707574599991e+01,
    4.236869581400000e+01
  ],
  ""type"": ""Point""
}","{
  ""coordinates"": [
    -83.077075746,
    42.368695814
  ],
  ""type"": ""Point""
}",-83.0770757459999,42.368695814
20586,9628138,W I 96,CSX TRANSPORTATION,2016-02-14,14,2,2016,15,1,1,1,,1,1,,1,1,1,55,2,1,1,3,0,0,1,0,false,,false,false,false,false,false,,,,,,false,false,false,,,false,false,false,false,false,-83.23269,42.37841,"{
  ""coordinates"": [
    -8.323269012400000e+01,
    4.237841085500000e+01
  ],
  ""type"": ""Point""
}","{
  ""coordinates"": [
    -83.232690124,
    42.378410855
  ],
  ""type"": ""Point""
}",-83.232690124,42.378410855
20587,9634330,TEMPEL,SECOND,2016-02-14,14,2,2016,0,1,8,9,,4,0,,1,2,4,25,4,2,1,5,0,0,0,0,true,,false,false,false,false,false,,,,,,false,false,false,,,false,false,false,false,false,-83.06055,42.34117,"{
  ""coordinates"": [
    -8.306054807700001e+01,
    4.234116653200000e+01
  ],
  ""type"": ""Point""
}","{
  ""coordinates"": [
    -83.060548077,
    42.341166532
  ],
  ""type"": ""Point""
}",-83.060548077,42.341166532
20588,9624210,MOROSS,LINVILLE,2016-02-14,14,2,2016,4,1,1,9,,2,1,,3,1,4,35,2,1,2,5,0,0,0,0,true,,false,false,false,false,false,,,,,,false,false,false,,,false,false,false,false,false,-82.91708,42.41946,"{
  ""coordinates"": [
    -8.291707406599990e+01,
    4.241945811600000e+01
  ],
  ""type"": ""Point""
}","{
  ""coordinates"": [
    -82.917074066,
    42.419458116
  ],
  ""type"": ""Point""
}",-82.9170740659999,42.419458116
20589,9625250,BEDFORD,LINVILLE,2016-02-14,14,2,2016,21,1,4,9,,,0,,1,1,4,25,2,2,3,5,0,0,0,0,true,,false,false,true,false,false,,,,,,false,false,false,,,false,false,false,false,false,-82.94525,42.40858,"{
  ""coordinates"": [
    -8.294525079499989e+01,
    4.240858276100000e+01
  ],
  ""type"": ""Point""
}","{
  ""coordinates"": [
    -82.945250795,
    42.408582761
  ],
  ""type"": ""Point""
}",-82.9452507949999,42.408582761
20590,9624217,SCHOOLCRAFT,OUTER,2016-02-14,14,2,2016,15,1,5,9,,4,0,,1,1,1,35,3,2,2,4,0,0,0,1,false,,false,false,false,false,false,,,,,,false,false,false,,,false,false,false,false,false,-83.25645,42.38504,"{
  ""coordinates"": [
    -8.325645471900000e+01,
    4.238504313000000e+01
  ],
  ""type"": ""Point""
}","{
  ""coordinates"": [
    -83.256454719,
    42.38504313
  ],
  ""type"": ""Point""
}",-83.256454719,42.38504313
20591,9624231,N I 75 SERVICE DRIVE,8 MILE,2016-02-14,14,2,2016,19,1,1,1,,1,1,,1,1,4,35,3,1,1,5,0,0,0,0,true,,false,false,false,false,false,,,,,,false,false,false,,,false,false,false,false,false,-83.09435,42.44684,"{
  ""coordinates"": [
    -8.309434533300001e+01,
    4.244684170600000e+01
  ],
  ""type"": ""Point""
}","{
  ""coordinates"": [
    -83.094345333,
    42.446841706
  ],
  ""type"": ""Point""
}",-83.094345333,42.446841706
20592,9627214,W I 96,RAMP 213F,2016-02-14,14,2,2016,3,1,5,1,,1,0,,1,1,4,35,2,2,1,5,0,0,0,0,true,,false,false,true,false,false,,,,,,false,false,false,,,false,false,false,false,false,-83.09884,42.34998,"{
  ""coordinates"": [
    -8.309883659899999e+01,
    4.234997921300000e+01
  ],
  ""type"": ""Point""
}","{
  ""coordinates"": [
    -83.098836599,
    42.349979213
  ],
  ""type"": ""Point""
}",-83.098836599,42.349979213
20593,9624105,E I 96,RAMP 213M,2016-02-14,14,2,2016,3,1,8,1,,1,0,,3,1,4,35,2,2,2,5,0,0,0,0,true,,false,false,false,false,false,,,,,,false,false,true,,,false,false,false,false,false,-83.10025,42.35106,"{
  ""coordinates"": [
    -8.310025283300000e+01,
    4.235105577300000e+01
  ],
  ""type"": ""Point""
}","{
  ""coordinates"": [
    -83.100252833,
    42.351055773
  ],
  ""type"": ""Point""
}",-83.100252833,42.351055773
20594,9628347,ORLEANS,LAFAYETTE,2016-02-14,14,2,2016,20,1,97,9,,,3,,1,1,4,25,2,2,1,5,0,0,0,0,true,,false,false,true,false,false,,,,,,false,false,false,,,false,false,false,false,false,-83.03143,42.33986,"{
  ""coordinates"": [
    -8.303142216200000e+01,
    4.233985824200000e+01
  ],
  ""type"": ""Point""
}","{
  ""coordinates"": [
    -83.031422162,
    42.339858242
  ],
  ""type"": ""Point""
}",-83.031422162,42.339858242
20595,9624232,YONKA,LANTZ,2016-02-14,14,2,2016,17,1,4,9,,,0,,1,2,1,25,2,2,2,4,0,0,0,1,false,,false,false,false,false,false,,,,,,false,false,true,,,false,false,false,false,false,-83.06641,42.43799,"{
  ""coordinates"": [
    -8.306641645000001e+01,
    4.243799117700010e+01
  ],
  ""type"": ""Point""
}","{
  ""coordinates"": [
    -83.06641645,
    42.437991177
  ],
  ""type"": ""Point""
}",-83.06641645,42.4379911770001
20596,9624969,E/B I-94,MT ELLIOTT,2016-02-14,14,2,2016,12,1,1,1,,1,1,,1,1,1,55,3,1,1,5,0,0,0,0,true,,false,false,false,false,false,,,,,,false,false,false,,,false,false,false,false,false,-83.03584,42.37814,"{
  ""coordinates"": [
    -8.303583690700000e+01,
    4.237813911300000e+01
  ],
  ""type"": ""Point""
}","{
  ""coordinates"": [
    -83.035836907,
    42.378139113
  ],
  ""type"": ""Point""
}",-83.035836907,42.378139113
20597,9625248,GRAND RIVER,SOUTHFIELD SERVICE,2016-02-14,14,2,2016,19,1,4,3,,1,0,,1,1,4,35,5,2,2,5,0,0,0,0,true,,false,false,false,false,false,,,,,,false,false,false,,,false,false,false,false,false,-83.21668,42.40005,"{
  ""coordinates"": [
    -8.321668226600001e+01,
    4.240005042300000e+01
  ],
  ""type"": ""Point""
}","{
  ""coordinates"": [
    -83.216682266,
    42.400050423
  ],
  ""type"": ""Point""
}",-83.216682266,42.400050423
20598,9636100,HAMLET,MOUND,2016-02-14,14,2,2016,1,1,4,9,,,0,,1,1,4,35,2,2,2,4,0,0,0,2,false,,false,false,false,false,false,,,,,,false,false,false,,,false,false,false,false,false,-83.04386,42.44625,"{
  ""coordinates"": [
    -8.304386305400000e+01,
    4.244625413800000e+01
  ],
  ""type"": ""Point""
}","{
  ""coordinates"": [
    -83.043863054,
    42.446254138
  ],
  ""type"": ""Point""
}",-83.043863054,42.446254138
20599,9627339,OUTER,PLYMOUTH,2016-02-14,14,2,2016,14,1,4,9,,2,0,,4,5,1,35,2,2,2,5,0,0,0,0,true,,false,false,false,false,false,,,,,,false,true,false,,,false,false,false,false,false,-83.26089,42.37154,"{
  ""coordinates"": [
    -8.326089002099999e+01,
    4.237154066400010e+01
  ],
  ""type"": ""Point""
}","{
  ""coordinates"": [
    -83.260890021,
    42.371540664
  ],
  ""type"": ""Point""
}",-83.260890021,42.3715406640001
20600,9624212,HARPER,GRAYTON,2016-02-14,14,2,2016,17,1,5,9,,4,0,,1,2,1,30,2,2,2,5,0,0,0,0,true,,false,false,false,false,false,,,,,,false,false,true,,,false,false,false,false,false,-82.93858,42.41528,"{
  ""coordinates"": [
    -8.293858158400000e+01,
    4.241528225000010e+01
  ],
  ""type"": ""Point""
}","{
  ""coordinates"": [
    -82.938581584,
    42.41528225
  ],
  ""type"": ""Point""
}",-82.938581584,42.4152822500001
20601,9624224,EVERGREEN,RAMP 135C,2016-02-14,14,2,2016,1,1,5,9,,4,0,,1,1,4,35,4,2,1,5,0,0,0,0,true,,false,false,true,false,false,,,,,,false,false,false,,,false,false,false,false,false,-83.23669,42.38176,"{
  ""coordinates"": [
    -8.323668695100000e+01,
    4.238175977500000e+01
  ],
  ""type"": ""Point""
}","{
  ""coordinates"": [
    -83.236686951,
    42.381759775
  ],
  ""type"": ""Point""
}",-83.236686951,42.381759775
20602,9624968,RAMP 216E,E/B I-94,2016-02-14,14,2,2016,6,1,1,1,,1,1,,1,1,5,55,1,1,1,5,0,0,0,0,true,,false,false,false,false,false,,,,,,false,false,false,,,false,false,false,false,false,-83.05523,42.37025,"{
  ""coordinates"": [
    -8.305522925500000e+01,
    4.237025518500010e+01
  ],
  ""type"": ""Point""
}","{
  ""coordinates"": [
    -83.055229255,
    42.370255185
  ],
  ""type"": ""Point""
}",-83.055229255,42.3702551850001
20603,9625262,WOODINGHAM,SANTA CLARA,2016-02-14,14,2,2016,20,1,5,9,,,0,,1,1,4,25,2,2,0,5,0,0,0,0,true,,false,false,false,false,false,,,,,,false,true,false,,,false,false,false,false,false,-83.15018,42.42086,"{
  ""coordinates"": [
    -8.315018049199990e+01,
    4.242086388400000e+01
  ],
  ""type"": ""Point""
}","{
  ""coordinates"": [
    -83.150180492,
    42.420863884
  ],
  ""type"": ""Point""
}",-83.1501804919999,42.420863884
20604,9623364,I-94,LIVERNOIS,2016-02-14,14,2,2016,3,1,8,1,,1,0,,1,1,4,55,3,2,2,4,0,0,0,1,false,,false,false,true,false,false,,,,,,false,false,false,,,false,false,false,false,false,-83.12916,42.33562,"{
  ""coordinates"": [
    -8.312915571100000e+01,
    4.233561803300010e+01
  ],
  ""type"": ""Point""
}","{
  ""coordinates"": [
    -83.129155711,
    42.335618033
  ],
  ""type"": ""Point""
}",-83.129155711,42.3356180330001
20605,9626091,DAVISON,WILDEMERE,2016-02-14,14,2,2016,17,1,8,3,,1,0,,1,1,1,35,3,2,3,5,0,0,0,0,true,,false,false,true,false,false,,,,,,false,false,true,,,false,false,false,false,false,-83.12738,42.39103,"{
  ""coordinates"": [
    -8.312738057999999e+01,
    4.239102868300010e+01
  ],
  ""type"": ""Point""
}","{
  ""coordinates"": [
    -83.12738058,
    42.391028683
  ],
  ""type"": ""Point""
}",-83.12738058,42.3910286830001
20606,9624980,NB I-75,CLARK,2016-02-14,14,2,2016,15,1,1,1,,1,1,,1,2,1,55,4,1,3,5,0,0,0,0,true,,false,false,false,false,false,,,,,,false,false,false,,,false,false,false,false,false,-83.09267,42.31279,"{
  ""coordinates"": [
    -8.309266665299999e+01,
    4.231279292000000e+01
  ],
  ""type"": ""Point""
}","{
  ""coordinates"": [
    -83.092666653,
    42.31279292
  ],
  ""type"": ""Point""
}",-83.092666653,42.31279292
20607,9626086,MONICA,CHALFONTE,2016-02-14,14,2,2016,10,1,2,9,,,2,,3,1,1,25,2,2,92,5,0,0,0,0,true,,false,false,false,false,false,,,,,,false,false,false,,,false,false,false,false,false,-83.14346,42.39996,"{
  ""coordinates"": [
    -8.314345345800000e+01,
    4.239995864500000e+01
  ],
  ""type"": ""Point""
}","{
  ""coordinates"": [
    -83.143453458,
    42.399958645
  ],
  ""type"": ""Point""
}",-83.143453458,42.399958645
20608,9624197,KEYSTONE,HILDALE,2016-02-14,14,2,2016,7,1,97,9,,,0,,1,1,1,25,1,2,0,5,0,0,0,0,true,,false,false,true,false,false,,,,,,false,false,false,,,false,false,false,false,false,-83.05112,42.42982,"{
  ""coordinates"": [
    -8.305112443300000e+01,
    4.242982342900010e+01
  ],
  ""type"": ""Point""
}","{
  ""coordinates"": [
    -83.051124433,
    42.429823429
  ],
  ""type"": ""Point""
}",-83.051124433,42.4298234290001
20609,9624977,S M 10,CHICAGO,2016-02-14,14,2,2016,7,1,8,3,,1,0,,1,1,4,55,4,2,1,5,0,0,0,0,true,,false,false,true,false,false,,,,,,false,false,false,,,false,false,false,false,false,-83.0954,42.38245,"{
  ""coordinates"": [
    -8.309539497899991e+01,
    4.238245282600010e+01
  ],
  ""type"": ""Point""
}","{
  ""coordinates"": [
    -83.095394979,
    42.382452826
  ],
  ""type"": ""Point""
}",-83.0953949789999,42.3824528260001
20610,9625227,VINEWOOD,MCGRAW,2016-02-14,14,2,2016,7,1,97,9,,,0,,3,5,4,25,2,2,0,5,0,0,0,0,true,,false,false,true,false,false,,,,,,false,false,false,,,false,false,false,false,false,-83.10876,42.34931,"{
  ""coordinates"": [
    -8.310875341500000e+01,
    4.234930776600000e+01
  ],
  ""type"": ""Point""
}","{
  ""coordinates"": [
    -83.108753415,
    42.349307766
  ],
  ""type"": ""Point""
}",-83.108753415,42.349307766
20611,9626090,GRAND RIVER,TELEGRAPH,2016-02-14,14,2,2016,15,1,4,3,,1,0,,1,1,1,35,4,2,2,5,0,0,0,0,true,,false,false,true,false,false,,,,,,false,false,false,,,false,false,false,false,false,-83.2774,42.42457,"{
  ""coordinates"": [
    -8.327740464199999e+01,
    4.242457095700010e+01
  ],
  ""type"": ""Point""
}","{
  ""coordinates"": [
    -83.277404642,
    42.424570957
  ],
  ""type"": ""Point""
}",-83.277404642,42.4245709570001
20612,9792729,W/B I-94,CONNER,2016-02-14,14,2,2016,11,1,1,1,,1,1,,1,1,1,55,3,1,1,5,0,0,0,0,true,,false,false,false,false,false,,,,,,false,true,false,,,false,false,false,false,false,-82.97192,42.40187,"{
  ""coordinates"": [
    -8.297192559400000e+01,
    4.240187198700000e+01
  ],
  ""type"": ""Point""
}","{
  ""coordinates"": [
    -82.971925594,
    42.401871987
  ],
  ""type"": ""Point""
}",-82.971925594,42.401871987
20613,9624206,2ND,6MILE,2016-02-14,14,2,2016,12,1,1,9,,4,1,,1,1,1,25,4,1,0,5,0,0,0,0,true,,false,false,true,false,false,,,,,,false,false,false,,,false,false,false,false,false,-83.10976,42.41794,"{
  ""coordinates"": [
    -8.310975910300000e+01,
    4.241794249600010e+01
  ],
  ""type"": ""Point""
}","{
  ""coordinates"": [
    -83.109759103,
    42.417942496
  ],
  ""type"": ""Point""
}",-83.109759103,42.4179424960001
20614,9625249,JEFFERSON,GRAND,2016-02-14,14,2,2016,0,1,97,3,,4,0,,4,5,4,25,4,2,1,5,0,0,0,0,true,,false,false,true,false,false,,,,,,false,false,false,,,false,false,false,false,false,-83.00224,42.34677,"{
  ""coordinates"": [
    -8.300223884600000e+01,
    4.234676595400000e+01
  ],
  ""type"": ""Point""
}","{
  ""coordinates"": [
    -83.002238846,
    42.346765954
  ],
  ""type"": ""Point""
}",-83.002238846,42.346765954
20615,9625244,CANFIELD,PHILIP,2016-02-14,14,2,2016,17,1,5,9,,,0,,4,1,3,30,1,2,3,5,0,0,0,0,true,,false,false,false,false,false,,,,,,false,true,false,,,false,false,false,false,false,-82.9547,42.39283,"{
  ""coordinates"": [
    -8.295470750500000e+01,
    4.239282759300000e+01
  ],
  ""type"": ""Point""
}","{
  ""coordinates"": [
    -82.954707505,
    42.392827593
  ],
  ""type"": ""Point""
}",-82.954707505,42.392827593
20616,9624195,FIELDING,SANTA CLARA,2016-02-14,14,2,2016,1,1,97,9,,,0,,3,1,4,25,2,2,1,5,0,0,0,0,true,,false,false,true,false,false,,,,,,false,false,false,,,false,false,false,false,false,-83.24378,42.41916,"{
  ""coordinates"": [
    -8.324377995400000e+01,
    4.241916238700000e+01
  ],
  ""type"": ""Point""
}","{
  ""coordinates"": [
    -83.243779954,
    42.419162387
  ],
  ""type"": ""Point""
}",-83.243779954,42.419162387
20617,9625238,CECIL,E I 94,2016-02-14,14,2,2016,3,1,2,1,,4,2,,1,1,4,25,2,2,1,5,0,0,0,0,true,,false,false,true,false,false,,,,,,false,false,false,,,false,false,false,false,false,-83.1339,42.33375,"{
  ""coordinates"": [
    -8.313389352099991e+01,
    4.233374909900000e+01
  ],
  ""type"": ""Point""
}","{
  ""coordinates"": [
    -83.133893521,
    42.333749099
  ],
  ""type"": ""Point""
}",-83.1338935209999,42.333749099
20618,9625259,LAFAYETTE,I 375,2016-02-14,14,2,2016,2,1,5,9,,4,3,,1,1,4,25,2,2,7,5,0,0,0,0,true,,false,false,false,false,false,,,,,,false,false,false,,,false,false,false,false,false,-83.03815,42.33548,"{
  ""coordinates"": [
    -8.303814707600000e+01,
    4.233548062400010e+01
  ],
  ""type"": ""Point""
}","{
  ""coordinates"": [
    -83.038147076,
    42.335480624
  ],
  ""type"": ""Point""
}",-83.038147076,42.3354806240001
20619,9625220,CENTRAL,JOHN KRONK,2016-02-14,14,2,2016,13,1,4,9,,4,0,,1,1,1,25,2,2,2,5,0,0,0,0,true,,false,false,true,false,false,,,,,,false,false,false,,,false,false,false,false,false,-83.13167,42.32281,"{
  ""coordinates"": [
    -8.313167092700000e+01,
    4.232281668300000e+01
  ],
  ""type"": ""Point""
}","{
  ""coordinates"": [
    -83.131670927,
    42.322816683
  ],
  ""type"": ""Point""
}",-83.131670927,42.322816683
20620,9624211,WARREN,YORKSHIRE,2016-02-14,14,2,2016,12,1,4,9,,4,0,,1,1,1,30,5,2,4,5,0,0,0,0,true,,false,false,false,false,false,,,,,,false,false,false,,,false,false,false,false,false,-82.9341,42.4045,"{
  ""coordinates"": [
    -8.293410302900000e+01,
    4.240450234700010e+01
  ],
  ""type"": ""Point""
}","{
  ""coordinates"": [
    -82.934103029,
    42.404502347
  ],
  ""type"": ""Point""
}",-82.934103029,42.4045023470001
20621,9626087,RAMP 111A,S M 10 SERVICE DRIVE,2016-02-14,14,2,2016,14,1,1,3,,1,1,,3,1,1,25,1,1,2,5,0,0,0,0,true,,false,false,false,false,false,,,,,,false,false,false,,,false,false,false,false,false,-83.10394,42.38972,"{
  ""coordinates"": [
    -8.310393383099991e+01,
    4.238972133600000e+01
  ],
  ""type"": ""Point""
}","{
  ""coordinates"": [
    -83.103933831,
    42.389721336
  ],
  ""type"": ""Point""
}",-83.1039338309999,42.389721336
20622,9624199,STENDER,ARLINGTON,2016-02-14,14,2,2016,15,1,5,9,,,0,,1,2,1,25,2,2,3,4,0,0,0,2,false,,false,false,true,false,false,,,,,,false,false,false,,,false,false,false,false,false,-83.07715,42.421,"{
  ""coordinates"": [
    -8.307715212799999e+01,
    4.242100162500000e+01
  ],
  ""type"": ""Point""
}","{
  ""coordinates"": [
    -83.077152128,
    42.421001625
  ],
  ""type"": ""Point""
}",-83.077152128,42.421001625