ObjectId,Crash ID,Primary Road,Intersecting Road,Crash Date,Day,Month,Year,Hour,Weekday,Crash Type Code,Highway Classification Code,Community Code,Jurisdiction Code,Lane Departure Type Code,Surface Type,Road Condition,Weather Condition,Lighting Condition,Speed Limit,Lanes,Units,Occupants,Most Severe Injury,Fatal Injuries,Suspected Serious Injuries,Suspected Minor Injuries,Possible Injuries,Property Damage Only,Secondary Crash,Traffic Control,Red Light Run,Hit and Run,Alcohol,Drugs,Unbelted Person,Work Zone,Speeding Driver,Distracted Driver,Driveway,Pedestrian,Elderly Driver,Young Driver,Commercial Vehicle,Emergency Vehicles,Train,School Bus,Motorcycle,Bicycle,Deer,Longitude,Latitude,geom,geog,x,y
20851,9621045,DICKERSON,LONGVIEW,2016-02-10,10,2,2016,10,4,4,9,,4,0,,4,5,1,25,2,2,3,5,0,0,0,0,true,,false,false,true,false,false,,,,,,false,false,false,,,false,false,false,false,false,-82.97691,42.40833,"{
  ""coordinates"": [
    -8.297691713899999e+01,
    4.240832705200010e+01
  ],
  ""type"": ""Point""
}","{
  ""coordinates"": [
    -82.976917139,
    42.408327052
  ],
  ""type"": ""Point""
}",-82.976917139,42.4083270520001
20852,9621042,HARPER,MANISTIQUE,2016-02-10,10,2,2016,5,4,5,9,,4,0,,4,5,4,30,3,2,0,5,0,0,0,0,true,,false,false,true,false,false,,,,,,false,false,false,,,false,false,false,false,false,-82.9614,42.4056,"{
  ""coordinates"": [
    -8.296139285200000e+01,
    4.240559993000010e+01
  ],
  ""type"": ""Point""
}","{
  ""coordinates"": [
    -82.961392852,
    42.40559993
  ],
  ""type"": ""Point""
}",-82.961392852,42.4055999300001
20853,9621090,FRENCH,WARREN,2016-02-10,10,2,2016,8,4,5,9,,4,0,,3,1,1,25,2,2,2,5,0,0,0,0,true,,false,false,false,false,false,,,,,,false,false,false,,,false,false,false,false,false,-82.99059,42.3848,"{
  ""coordinates"": [
    -8.299058182999990e+01,
    4.238479926400000e+01
  ],
  ""type"": ""Point""
}","{
  ""coordinates"": [
    -82.99058183,
    42.384799264
  ],
  ""type"": ""Point""
}",-82.9905818299999,42.384799264
20854,9621053,TIREMAN,EVERGREEN,2016-02-10,10,2,2016,10,4,5,9,,4,0,,2,1,1,30,2,2,3,4,0,0,0,1,false,,false,false,true,false,false,,,,,,false,false,false,,,false,false,false,false,false,-83.23559,42.35033,"{
  ""coordinates"": [
    -8.323558432000000e+01,
    4.235033261600010e+01
  ],
  ""type"": ""Point""
}","{
  ""coordinates"": [
    -83.23558432,
    42.350332616
  ],
  ""type"": ""Point""
}",-83.23558432,42.3503326160001
20855,9621095,HAYES,SPRING GARDEN,2016-02-10,10,2,2016,15,4,4,9,,4,0,,4,5,1,35,4,2,6,5,0,0,0,0,true,,false,false,false,false,false,,,,,,false,false,true,,,false,false,false,false,false,-82.96529,42.42813,"{
  ""coordinates"": [
    -8.296528791000000e+01,
    4.242813240600000e+01
  ],
  ""type"": ""Point""
}","{
  ""coordinates"": [
    -82.96528791,
    42.428132406
  ],
  ""type"": ""Point""
}",-82.96528791,42.428132406
20856,9621058,GRAND RIVER,WISCONSIN,2016-02-10,10,2,2016,9,4,1,3,,1,1,,3,1,1,35,5,1,2,5,0,0,0,0,true,,false,false,false,false,false,,,,,,false,false,false,,,false,false,false,false,false,-83.15543,42.37537,"{
  ""coordinates"": [
    -8.315542787800000e+01,
    4.237536661200010e+01
  ],
  ""type"": ""Point""
}","{
  ""coordinates"": [
    -83.155427878,
    42.375366612
  ],
  ""type"": ""Point""
}",-83.155427878,42.3753666120001
20857,9621032,LONYO,JOHN KRONX,2016-02-10,10,2,2016,9,4,5,9,,4,0,,3,1,1,25,4,2,3,5,0,0,0,0,true,,false,false,false,false,false,,,,,,false,false,false,,,false,false,false,false,false,-83.13767,42.32111,"{
  ""coordinates"": [
    -8.313767083999990e+01,
    4.232110817200000e+01
  ],
  ""type"": ""Point""
}","{
  ""coordinates"": [
    -83.13767084,
    42.321108172
  ],
  ""type"": ""Point""
}",-83.1376708399999,42.321108172
20858,9621043,ANNOTT,LAPPIN,2016-02-10,10,2,2016,13,4,8,9,,,0,,4,2,1,25,1,2,2,5,0,0,0,0,true,,false,false,true,false,false,,,,,,false,false,false,,,false,false,false,false,false,-83.00227,42.43577,"{
  ""coordinates"": [
    -8.300227518199991e+01,
    4.243577186300010e+01
  ],
  ""type"": ""Point""
}","{
  ""coordinates"": [
    -83.002275182,
    42.435771863
  ],
  ""type"": ""Point""
}",-83.0022751819999,42.4357718630001
20859,9619499,JOY,BIRWOOD,2016-02-10,10,2,2016,8,4,1,9,,4,1,,3,1,2,30,2,1,1,5,0,0,0,0,true,,false,false,false,false,false,,,,,,false,false,false,,,false,false,false,false,false,-83.16298,42.35874,"{
  ""coordinates"": [
    -8.316297572000001e+01,
    4.235873758900000e+01
  ],
  ""type"": ""Point""
}","{
  ""coordinates"": [
    -83.16297572,
    42.358737589
  ],
  ""type"": ""Point""
}",-83.16297572,42.358737589
20860,9619315,RAMP 216I,I-75,2016-02-10,10,2,2016,3,4,1,1,,1,1,,3,5,4,55,1,1,1,5,0,0,0,0,true,,false,false,false,false,false,,,,,,false,false,true,,,false,false,false,false,false,-83.05991,42.37312,"{
  ""coordinates"": [
    -8.305990252899990e+01,
    4.237311554900000e+01
  ],
  ""type"": ""Point""
}","{
  ""coordinates"": [
    -83.059902529,
    42.373115549
  ],
  ""type"": ""Point""
}",-83.0599025289999,42.373115549
20861,9621034,CARRIE,EMERY,2016-02-10,10,2,2016,8,4,4,9,,,0,,4,1,1,25,2,2,2,5,0,0,0,0,true,,false,false,true,false,false,,,,,,false,false,false,,,false,false,false,false,false,-83.03081,42.43587,"{
  ""coordinates"": [
    -8.303080471700000e+01,
    4.243587112900010e+01
  ],
  ""type"": ""Point""
}","{
  ""coordinates"": [
    -83.030804717,
    42.435871129
  ],
  ""type"": ""Point""
}",-83.030804717,42.4358711290001
20862,9621096,GREELEY,LANTZ,2016-02-10,10,2,2016,12,4,4,9,,,0,,4,5,1,25,1,2,4,4,0,0,0,1,false,,false,false,false,false,false,,,,,,false,false,false,,,false,false,false,false,false,-83.08788,42.43758,"{
  ""coordinates"": [
    -8.308787837499990e+01,
    4.243758461900010e+01
  ],
  ""type"": ""Point""
}","{
  ""coordinates"": [
    -83.087878375,
    42.437584619
  ],
  ""type"": ""Point""
}",-83.0878783749999,42.4375846190001
20863,9621080,MACK,OUTER,2016-02-10,10,2,2016,14,4,5,9,,2,0,,2,2,1,30,4,2,2,5,0,0,0,0,true,,false,false,false,false,false,,,,,,false,true,false,,,false,false,false,false,false,-82.92908,42.3922,"{
  ""coordinates"": [
    -8.292907947799991e+01,
    4.239219899300010e+01
  ],
  ""type"": ""Point""
}","{
  ""coordinates"": [
    -82.929079478,
    42.392198993
  ],
  ""type"": ""Point""
}",-82.9290794779999,42.3921989930001
20864,9622113,MOUNT ELLIOTT,LAFAYETTE,2016-02-10,10,2,2016,8,4,5,9,,4,0,,4,7,1,35,1,2,2,5,0,0,0,0,true,,false,false,false,false,false,,,,,,false,false,false,,,false,false,false,false,false,-83.0123,42.34686,"{
  ""coordinates"": [
    -8.301229902599989e+01,
    4.234685809000010e+01
  ],
  ""type"": ""Point""
}","{
  ""coordinates"": [
    -83.012299026,
    42.34685809
  ],
  ""type"": ""Point""
}",-83.0122990259999,42.3468580900001
20865,9620889,M10,MCNICHOLS,2016-02-10,10,2,2016,18,4,8,3,,1,0,,1,2,4,55,3,2,1,5,0,0,0,0,true,,false,false,true,false,false,,,,,,false,false,false,,,false,false,false,false,false,-83.17048,42.41494,"{
  ""coordinates"": [
    -8.317048143900000e+01,
    4.241494256100000e+01
  ],
  ""type"": ""Point""
}","{
  ""coordinates"": [
    -83.170481439,
    42.414942561
  ],
  ""type"": ""Point""
}",-83.170481439,42.414942561
20866,9622102,FORT,CABACIER,2016-02-10,10,2,2016,5,4,97,3,,1,0,,3,5,4,25,2,2,2,5,0,0,0,0,true,,false,false,false,false,false,,,,,,false,false,false,,,false,false,false,false,false,-83.06013,42.32521,"{
  ""coordinates"": [
    -8.306013743100000e+01,
    4.232521425800010e+01
  ],
  ""type"": ""Point""
}","{
  ""coordinates"": [
    -83.060137431,
    42.325214258
  ],
  ""type"": ""Point""
}",-83.060137431,42.3252142580001
20867,9622081,EDISON,14TH,2016-02-10,10,2,2016,22,4,1,9,,,1,,3,1,5,25,1,1,2,5,0,0,0,0,true,,false,false,false,false,false,,,,,,false,false,false,,,false,false,false,false,false,-83.10398,42.37689,"{
  ""coordinates"": [
    -8.310397862900000e+01,
    4.237688976900010e+01
  ],
  ""type"": ""Point""
}","{
  ""coordinates"": [
    -83.103978629,
    42.376889769
  ],
  ""type"": ""Point""
}",-83.103978629,42.3768897690001
20868,9622132,MOROSS,W I 94,2016-02-10,10,2,2016,21,4,5,9,,2,0,,3,2,4,30,3,2,2,5,0,0,0,0,true,,false,false,false,false,false,,,,,,false,false,true,,,false,false,false,false,false,-82.92895,42.42448,"{
  ""coordinates"": [
    -8.292894622400000e+01,
    4.242447831400010e+01
  ],
  ""type"": ""Point""
}","{
  ""coordinates"": [
    -82.928946224,
    42.424478314
  ],
  ""type"": ""Point""
}",-82.928946224,42.4244783140001
20869,9622104,JEFFERSON,WOODWARD,2016-02-10,10,2,2016,8,4,8,3,,1,0,,4,1,1,0,8,2,2,5,0,0,0,0,true,,false,false,false,false,false,,,,,,false,false,false,,,false,false,false,false,false,-83.04461,42.32882,"{
  ""coordinates"": [
    -8.304460862900000e+01,
    4.232881716200010e+01
  ],
  ""type"": ""Point""
}","{
  ""coordinates"": [
    -83.044608629,
    42.328817162
  ],
  ""type"": ""Point""
}",-83.044608629,42.3288171620001
20870,9620922,EB I-94,LODGE,2016-02-10,10,2,2016,3,4,1,1,,1,1,,3,2,4,55,3,1,1,5,0,0,0,0,true,,false,false,false,false,false,,,,,,false,false,false,,,false,false,false,false,false,-83.07242,42.36149,"{
  ""coordinates"": [
    -8.307241761700000e+01,
    4.236149070900010e+01
  ],
  ""type"": ""Point""
}","{
  ""coordinates"": [
    -83.072417617,
    42.361490709
  ],
  ""type"": ""Point""
}",-83.072417617,42.3614907090001
20871,9622077,W I 96,WYOMING,2016-02-10,10,2,2016,22,4,1,1,,1,1,,3,5,4,35,4,1,3,5,0,0,0,0,true,,false,false,false,false,false,,,,,,false,false,true,,,false,false,false,false,false,-83.1585,42.38542,"{
  ""coordinates"": [
    -8.315850118799990e+01,
    4.238541851300000e+01
  ],
  ""type"": ""Point""
}","{
  ""coordinates"": [
    -83.158501188,
    42.385418513
  ],
  ""type"": ""Point""
}",-83.1585011879999,42.385418513
20872,9620892,RAMP 216I,PIQUETTE,2016-02-10,10,2,2016,21,4,8,1,,1,0,,1,1,4,55,2,2,4,5,0,0,0,0,true,,false,false,false,false,false,,,,,,false,false,false,,,false,false,false,false,false,-83.0594,42.36849,"{
  ""coordinates"": [
    -8.305940572599999e+01,
    4.236848897600000e+01
  ],
  ""type"": ""Point""
}","{
  ""coordinates"": [
    -83.059405726,
    42.368488976
  ],
  ""type"": ""Point""
}",-83.059405726,42.368488976
20873,9621033,SPRINGWELLS,CHAMBERLAIN,2016-02-10,10,2,2016,18,4,4,9,,4,0,,3,1,1,25,2,2,1,5,0,0,0,0,true,,false,false,true,false,false,,,,,,false,false,true,,,false,false,false,false,false,-83.12182,42.30412,"{
  ""coordinates"": [
    -8.312181716500000e+01,
    4.230411755800000e+01
  ],
  ""type"": ""Point""
}","{
  ""coordinates"": [
    -83.121817165,
    42.304117558
  ],
  ""type"": ""Point""
}",-83.121817165,42.304117558
20874,9621054,ROSEMARY,GUNSTON,2016-02-10,10,2,2016,19,4,5,9,,,0,,3,5,4,25,2,2,1,5,0,0,0,0,true,,false,false,false,false,false,,,,,,false,false,true,,,false,false,false,false,false,-82.99387,42.40805,"{
  ""coordinates"": [
    -8.299387635300000e+01,
    4.240804802600010e+01
  ],
  ""type"": ""Point""
}","{
  ""coordinates"": [
    -82.993876353,
    42.408048026
  ],
  ""type"": ""Point""
}",-82.993876353,42.4080480260001
20875,9621048,RUSSELL,CANIFF,2016-02-10,10,2,2016,11,4,4,9,,,0,,3,2,1,30,3,2,2,5,0,0,0,0,true,,false,false,false,false,false,,,,,,false,false,false,,,false,false,false,false,false,-83.07346,42.39548,"{
  ""coordinates"": [
    -8.307345546200000e+01,
    4.239548634600000e+01
  ],
  ""type"": ""Point""
}","{
  ""coordinates"": [
    -83.073455462,
    42.395486346
  ],
  ""type"": ""Point""
}",-83.073455462,42.395486346
20876,9621059,JEFFRIES FREEWAY I 96,WYOMING,2016-02-10,10,2,2016,10,4,8,1,,1,0,,2,2,1,55,4,2,3,5,0,0,0,0,true,,false,false,false,false,false,,,,,,false,true,false,,,false,false,false,false,false,-83.1595,42.38525,"{
  ""coordinates"": [
    -8.315950172700001e+01,
    4.238525001800010e+01
  ],
  ""type"": ""Point""
}","{
  ""coordinates"": [
    -83.159501727,
    42.385250018
  ],
  ""type"": ""Point""
}",-83.159501727,42.3852500180001
20877,9622119,TIREMAN,N M 39,2016-02-10,10,2,2016,10,4,5,9,,4,0,,4,5,1,35,2,2,3,5,0,0,0,0,true,,false,false,false,false,false,,,,,,false,false,true,,,false,false,false,false,false,-83.2163,42.35062,"{
  ""coordinates"": [
    -8.321629720899990e+01,
    4.235061627900010e+01
  ],
  ""type"": ""Point""
}","{
  ""coordinates"": [
    -83.216297209,
    42.350616279
  ],
  ""type"": ""Point""
}",-83.2162972089999,42.3506162790001
20878,9621098,NORTHLAWN,SANTA MARIA,2016-02-10,10,2,2016,21,4,8,9,,,0,,4,5,4,25,1,2,1,5,0,0,0,0,true,,false,false,true,false,false,,,,,,false,false,false,,,false,false,false,false,false,-83.15367,42.41872,"{
  ""coordinates"": [
    -8.315367440700000e+01,
    4.241872097300010e+01
  ],
  ""type"": ""Point""
}","{
  ""coordinates"": [
    -83.153674407,
    42.418720973
  ],
  ""type"": ""Point""
}",-83.153674407,42.4187209730001
20879,9622133,GRAND RIVER,LOTHROP,2016-02-10,10,2,2016,18,4,8,3,,1,0,,2,2,2,25,5,2,1,5,0,0,0,0,true,,false,false,true,false,false,,,,,,false,false,false,,,false,false,false,false,false,-83.111,42.35744,"{
  ""coordinates"": [
    -8.311100348100000e+01,
    4.235744292200010e+01
  ],
  ""type"": ""Point""
}","{
  ""coordinates"": [
    -83.111003481,
    42.357442922
  ],
  ""type"": ""Point""
}",-83.111003481,42.3574429220001
20880,9622080,N I 75,RAMP 029A,2016-02-10,10,2,2016,8,4,8,1,,1,0,,4,5,1,30,2,2,1,5,0,0,0,0,true,,false,false,true,false,false,,,,,,false,false,false,,,false,false,false,false,false,-83.16124,42.27461,"{
  ""coordinates"": [
    -8.316124097399999e+01,
    4.227460894500010e+01
  ],
  ""type"": ""Point""
}","{
  ""coordinates"": [
    -83.161240974,
    42.274608945
  ],
  ""type"": ""Point""
}",-83.161240974,42.2746089450001
20881,9619266,M-10,OAKMAN,2016-02-10,10,2,2016,7,4,5,3,,1,0,,3,2,2,55,3,2,2,5,0,0,0,0,true,,false,false,false,false,false,,,,,,false,false,true,,,false,false,false,false,false,-83.11738,42.40266,"{
  ""coordinates"": [
    -8.311738021300000e+01,
    4.240266158700010e+01
  ],
  ""type"": ""Point""
}","{
  ""coordinates"": [
    -83.117380213,
    42.402661587
  ],
  ""type"": ""Point""
}",-83.117380213,42.4026615870001
20882,9622114,PETER HUNT,FISCHER,2016-02-10,10,2,2016,16,4,4,9,,,0,,4,1,1,25,1,2,2,5,0,0,0,0,true,,true,false,false,false,false,,,,,,false,false,false,,,false,false,false,false,false,-83.01566,42.39248,"{
  ""coordinates"": [
    -8.301565628899991e+01,
    4.239247801700000e+01
  ],
  ""type"": ""Point""
}","{
  ""coordinates"": [
    -83.015656289,
    42.392478017
  ],
  ""type"": ""Point""
}",-83.0156562889999,42.392478017
20883,9622146,JEFFERSON,3RD,2016-02-10,10,2,2016,21,4,6,9,,4,0,,2,1,4,30,2,2,2,5,0,0,0,0,true,,false,false,true,false,false,,,,,,false,false,false,,,false,false,false,false,false,-83.05275,42.32568,"{
  ""coordinates"": [
    -8.305274588400000e+01,
    4.232568285400000e+01
  ],
  ""type"": ""Point""
}","{
  ""coordinates"": [
    -83.052745884,
    42.325682854
  ],
  ""type"": ""Point""
}",-83.052745884,42.325682854
20884,9621092,BRADFORD,ST PATRICK,2016-02-10,10,2,2016,7,4,4,9,,,0,,3,5,1,25,2,2,1,4,0,0,0,1,false,,false,false,false,false,false,,,,,,false,false,false,,,false,false,false,false,false,-82.99437,42.41277,"{
  ""coordinates"": [
    -8.299436592200000e+01,
    4.241277114500010e+01
  ],
  ""type"": ""Point""
}","{
  ""coordinates"": [
    -82.994365922,
    42.412771145
  ],
  ""type"": ""Point""
}",-82.994365922,42.4127711450001
20885,9621066,OAKLAND,CLAY,2016-02-10,10,2,2016,17,4,8,9,,4,0,,1,1,1,25,2,2,2,5,0,0,0,0,true,,false,false,false,false,false,,,,,,false,false,false,,,false,false,false,false,false,-83.06654,42.37688,"{
  ""coordinates"": [
    -8.306654677300000e+01,
    4.237688505600000e+01
  ],
  ""type"": ""Point""
}","{
  ""coordinates"": [
    -83.066546773,
    42.376885056
  ],
  ""type"": ""Point""
}",-83.066546773,42.376885056
20886,9621065,JOHN R,ALEXANDRINE,2016-02-10,10,2,2016,9,4,4,9,,4,0,,4,5,1,25,4,2,1,4,0,0,0,1,false,,false,false,false,false,false,,,,,,false,false,false,,,false,false,false,false,false,-83.05799,42.35144,"{
  ""coordinates"": [
    -8.305799058400000e+01,
    4.235144274500000e+01
  ],
  ""type"": ""Point""
}","{
  ""coordinates"": [
    -83.057990584,
    42.351442745
  ],
  ""type"": ""Point""
}",-83.057990584,42.351442745
20887,9623517,VAN DYKE,LYFORD,2016-02-10,10,2,2016,13,4,5,3,,1,0,,1,1,1,35,3,2,2,5,0,0,0,0,true,,false,false,false,false,false,,,,,,false,false,false,,,false,false,false,false,false,-83.02322,42.4069,"{
  ""coordinates"": [
    -8.302322260100000e+01,
    4.240690382800010e+01
  ],
  ""type"": ""Point""
}","{
  ""coordinates"": [
    -83.023222601,
    42.406903828
  ],
  ""type"": ""Point""
}",-83.023222601,42.4069038280001
20888,9622112,S M 39 SERVICE DRIVE,WARREN,2016-02-10,10,2,2016,11,4,8,9,,4,0,,2,1,1,30,3,2,2,5,0,0,0,0,true,,false,false,false,false,false,,,,,,false,false,false,,,false,false,false,false,false,-83.21653,42.34343,"{
  ""coordinates"": [
    -8.321652833099991e+01,
    4.234343138600010e+01
  ],
  ""type"": ""Point""
}","{
  ""coordinates"": [
    -83.216528331,
    42.343431386
  ],
  ""type"": ""Point""
}",-83.2165283309999,42.3434313860001
20889,9622089,IROQUOIS,ST PAUL,2016-02-10,10,2,2016,16,4,4,9,,,0,,3,5,1,25,2,2,2,5,0,0,0,0,true,,false,false,false,false,false,,,,,,false,false,true,,,false,false,false,false,false,-82.99445,42.35829,"{
  ""coordinates"": [
    -8.299445116899990e+01,
    4.235828744900000e+01
  ],
  ""type"": ""Point""
}","{
  ""coordinates"": [
    -82.994451169,
    42.358287449
  ],
  ""type"": ""Point""
}",-82.9944511689999,42.358287449
20890,9621061,CHALFONTE,STEEL,2016-02-10,10,2,2016,17,4,4,9,,,0,,3,2,1,25,2,2,1,5,0,0,0,0,true,,false,false,false,false,false,,,,,,false,false,false,,,false,false,false,false,false,-83.17138,42.40001,"{
  ""coordinates"": [
    -8.317138218500000e+01,
    4.240000407000010e+01
  ],
  ""type"": ""Point""
}","{
  ""coordinates"": [
    -83.171382185,
    42.40000407
  ],
  ""type"": ""Point""
}",-83.171382185,42.4000040700001
20891,9621039,E I 94,MORANG,2016-02-10,10,2,2016,16,4,5,1,,1,0,,3,5,1,55,6,2,2,5,0,0,0,0,true,,false,false,false,false,false,,,,,,false,false,false,,,false,false,false,false,false,-82.93411,42.41882,"{
  ""coordinates"": [
    -8.293411621400000e+01,
    4.241881707600000e+01
  ],
  ""type"": ""Point""
}","{
  ""coordinates"": [
    -82.934116214,
    42.418817076
  ],
  ""type"": ""Point""
}",-82.934116214,42.418817076
20892,9621088,DAVISON,LAWTON,2016-02-10,10,2,2016,10,4,4,3,,1,0,,4,5,1,35,7,2,2,5,0,0,0,0,true,,false,false,false,false,false,,,,,,false,false,false,,,false,false,false,false,false,-83.12476,42.392,"{
  ""coordinates"": [
    -8.312475765100000e+01,
    4.239199939100010e+01
  ],
  ""type"": ""Point""
}","{
  ""coordinates"": [
    -83.124757651,
    42.391999391
  ],
  ""type"": ""Point""
}",-83.124757651,42.3919993910001
20893,9622138,MOUND,7 MILE,2016-02-10,10,2,2016,21,4,4,9,,2,0,,97,1,4,35,2,2,2,5,0,0,0,0,true,,false,false,false,false,false,,,,,,false,true,false,,,false,false,false,false,false,-83.04382,42.43359,"{
  ""coordinates"": [
    -8.304381571600000e+01,
    4.243359284800000e+01
  ],
  ""type"": ""Point""
}","{
  ""coordinates"": [
    -83.043815716,
    42.433592848
  ],
  ""type"": ""Point""
}",-83.043815716,42.433592848
20894,9625015,M-39,FORD,2016-02-10,10,2,2016,18,4,5,3,,1,0,,1,1,3,55,3,2,2,5,0,0,0,0,true,,false,false,false,false,false,,,,,,false,false,false,,,false,false,false,false,false,-83.21561,42.32993,"{
  ""coordinates"": [
    -8.321561577900000e+01,
    4.232992438800010e+01
  ],
  ""type"": ""Point""
}","{
  ""coordinates"": [
    -83.215615779,
    42.329924388
  ],
  ""type"": ""Point""
}",-83.215615779,42.3299243880001
20895,9629598,CONNER,SHOEMAKER,2016-02-10,10,2,2016,8,4,4,9,,4,0,,6,5,1,35,5,2,2,5,0,0,0,0,true,,false,false,false,false,false,,,,,,false,false,false,,,false,false,false,false,false,-82.98335,42.39301,"{
  ""coordinates"": [
    -8.298335239100000e+01,
    4.239300882800010e+01
  ],
  ""type"": ""Point""
}","{
  ""coordinates"": [
    -82.983352391,
    42.393008828
  ],
  ""type"": ""Point""
}",-82.983352391,42.3930088280001
20896,9621040,BEACONSFIELD,BERKSHIRE,2016-02-10,10,2,2016,7,4,4,9,,,0,,4,5,2,25,1,2,9,5,0,0,0,0,true,,false,false,false,false,false,,,,,,false,false,false,,,false,false,false,false,false,-82.95502,42.41127,"{
  ""coordinates"": [
    -8.295501384300000e+01,
    4.241127394200000e+01
  ],
  ""type"": ""Point""
}","{
  ""coordinates"": [
    -82.955013843,
    42.411273942
  ],
  ""type"": ""Point""
}",-82.955013843,42.411273942
20897,9622099,MCNICHOLS,MEYERS,2016-02-10,10,2,2016,9,4,5,9,,2,0,,2,5,1,35,4,2,2,5,0,0,0,0,true,,false,false,false,false,false,,,,,,false,true,true,,,false,false,false,false,false,-83.1702,42.41665,"{
  ""coordinates"": [
    -8.317019939100000e+01,
    4.241665413400010e+01
  ],
  ""type"": ""Point""
}","{
  ""coordinates"": [
    -83.170199391,
    42.416654134
  ],
  ""type"": ""Point""
}",-83.170199391,42.4166541340001
20898,9622097,TRUMBULL,MICHIGAN,2016-02-10,10,2,2016,9,4,3,2,,4,0,,2,5,1,30,3,2,2,5,0,0,0,0,true,,false,false,false,false,false,,,,,,false,false,true,,,false,false,false,false,false,-83.06691,42.33134,"{
  ""coordinates"": [
    -8.306690783099999e+01,
    4.233134641600000e+01
  ],
  ""type"": ""Point""
}","{
  ""coordinates"": [
    -83.066907831,
    42.331346416
  ],
  ""type"": ""Point""
}",-83.066907831,42.331346416
20899,9622136,VIRGINIA PARK,WILDEMERE,2016-02-10,10,2,2016,5,4,5,9,,,0,,4,5,4,25,2,2,0,5,0,0,0,0,true,,false,false,true,false,false,,,,,,false,false,false,,,false,false,false,false,false,-83.10941,42.3645,"{
  ""coordinates"": [
    -8.310940928100000e+01,
    4.236450243100010e+01
  ],
  ""type"": ""Point""
}","{
  ""coordinates"": [
    -83.109409281,
    42.364502431
  ],
  ""type"": ""Point""
}",-83.109409281,42.3645024310001
20900,9620887,M-39,GRANDRIVER,2016-02-10,10,2,2016,8,4,5,3,,1,0,,3,1,1,55,3,2,2,5,0,0,0,0,true,,false,false,false,false,false,,,,,,false,false,false,,,false,false,false,false,false,-83.21812,42.3985,"{
  ""coordinates"": [
    -8.321811652500000e+01,
    4.239849947400010e+01
  ],
  ""type"": ""Point""
}","{
  ""coordinates"": [
    -83.218116525,
    42.398499474
  ],
  ""type"": ""Point""
}",-83.218116525,42.3984994740001
20901,9630381,CARRIE,EMERY,2016-02-10,10,2,2016,8,4,2,9,,,0,,4,5,1,0,2,2,2,5,0,0,0,0,true,,false,false,true,false,false,,,,,,false,false,false,,,false,false,false,false,false,-83.0308,42.43581,"{
  ""coordinates"": [
    -8.303080272499990e+01,
    4.243581300300010e+01
  ],
  ""type"": ""Point""
}","{
  ""coordinates"": [
    -83.030802725,
    42.435813003
  ],
  ""type"": ""Point""
}",-83.0308027249999,42.4358130030001
20902,9624986,M10,CLAIRMOUNT,2016-02-10,10,2,2016,9,4,1,3,,1,1,,4,5,1,55,3,1,1,5,0,0,0,0,true,,false,false,false,false,false,,,,,,false,false,true,,,false,false,false,false,false,-83.08936,42.37849,"{
  ""coordinates"": [
    -8.308935591999990e+01,
    4.237849397000010e+01
  ],
  ""type"": ""Point""
}","{
  ""coordinates"": [
    -83.08935592,
    42.37849397
  ],
  ""type"": ""Point""
}",-83.0893559199999,42.3784939700001
20903,9620904,W/B I 96,GREENFIELD,2016-02-10,10,2,2016,18,4,5,1,,1,0,,1,1,4,55,3,2,1,5,0,0,0,0,true,,false,false,true,false,false,,,,,,false,false,false,,,false,false,false,false,false,-83.19608,42.37924,"{
  ""coordinates"": [
    -8.319607834899990e+01,
    4.237924277500010e+01
  ],
  ""type"": ""Point""
}","{
  ""coordinates"": [
    -83.196078349,
    42.379242775
  ],
  ""type"": ""Point""
}",-83.1960783489999,42.3792427750001
20904,9620888,I-94,I-96,2016-02-10,10,2,2016,15,4,5,1,,1,0,,2,2,1,55,3,2,2,5,0,0,0,0,true,,false,false,false,false,false,,,,,,false,true,true,,,false,false,false,false,false,-83.08126,42.35616,"{
  ""coordinates"": [
    -8.308125918499999e+01,
    4.235615575400000e+01
  ],
  ""type"": ""Point""
}","{
  ""coordinates"": [
    -83.081259185,
    42.356155754
  ],
  ""type"": ""Point""
}",-83.081259185,42.356155754
20905,9624964,LAKESIDE,OAKWAY,2016-02-10,10,2,2016,16,4,1,3,,1,1,,4,2,1,25,3,1,1,5,0,0,0,0,true,,false,false,false,false,false,,,,,,false,false,false,,,false,false,false,false,false,-82.96288,42.34685,"{
  ""coordinates"": [
    -8.296287421100000e+01,
    4.234684732700000e+01
  ],
  ""type"": ""Point""
}","{
  ""coordinates"": [
    -82.962874211,
    42.346847327
  ],
  ""type"": ""Point""
}",-82.962874211,42.346847327
20906,9625215,CENTRAL,MICHIGAN,2016-02-10,10,2,2016,8,4,97,2,,4,0,,1,1,1,35,4,2,3,5,0,0,0,0,true,,true,true,false,false,false,,,,,,false,false,false,,,false,false,false,false,false,-83.1376,42.33114,"{
  ""coordinates"": [
    -8.313759671900000e+01,
    4.233114341000000e+01
  ],
  ""type"": ""Point""
}","{
  ""coordinates"": [
    -83.137596719,
    42.33114341
  ],
  ""type"": ""Point""
}",-83.137596719,42.33114341