ObjectId,Crash ID,Primary Road,Intersecting Road,Crash Date,Day,Month,Year,Hour,Weekday,Crash Type Code,Highway Classification Code,Community Code,Jurisdiction Code,Lane Departure Type Code,Surface Type,Road Condition,Weather Condition,Lighting Condition,Speed Limit,Lanes,Units,Occupants,Most Severe Injury,Fatal Injuries,Suspected Serious Injuries,Suspected Minor Injuries,Possible Injuries,Property Damage Only,Secondary Crash,Traffic Control,Red Light Run,Hit and Run,Alcohol,Drugs,Unbelted Person,Work Zone,Speeding Driver,Distracted Driver,Driveway,Pedestrian,Elderly Driver,Young Driver,Commercial Vehicle,Emergency Vehicles,Train,School Bus,Motorcycle,Bicycle,Deer,Longitude,Latitude,geom,geog,x,y
20964,9623524,GRAND,S I 75,2016-02-09,9,2,2016,19,3,5,9,,4,0,,3,5,4,35,3,3,4,4,0,0,0,1,false,,false,false,true,false,false,,,,,,false,false,false,,,false,false,false,false,false,-83.06027,42.37429,"{
  ""coordinates"": [
    -8.306026846899989e+01,
    4.237429609300010e+01
  ],
  ""type"": ""Point""
}","{
  ""coordinates"": [
    -83.060268469,
    42.374296093
  ],
  ""type"": ""Point""
}",-83.0602684689999,42.3742960930001
20965,9621029,CHICAGO,GREENFIELD,2016-02-09,9,2,2016,23,3,6,9,,4,0,,3,5,4,30,5,2,2,5,0,0,0,0,true,,false,false,false,false,false,,,,,,false,false,true,,,false,false,false,false,false,-83.19716,42.36537,"{
  ""coordinates"": [
    -8.319715981800000e+01,
    4.236536609200000e+01
  ],
  ""type"": ""Point""
}","{
  ""coordinates"": [
    -83.197159818,
    42.365366092
  ],
  ""type"": ""Point""
}",-83.197159818,42.365366092
20966,9619300,N M 10,RAMP 103D,2016-02-09,9,2,2016,18,3,5,3,,1,0,,3,5,4,55,3,2,2,5,0,0,0,0,true,,false,false,false,false,false,,,,,,false,false,false,,,false,false,false,false,false,-83.18932,42.43312,"{
  ""coordinates"": [
    -8.318931540700000e+01,
    4.243312369900010e+01
  ],
  ""type"": ""Point""
}","{
  ""coordinates"": [
    -83.189315407,
    42.433123699
  ],
  ""type"": ""Point""
}",-83.189315407,42.4331236990001
20967,9619488,WARREN,AMERICAN,2016-02-09,9,2,2016,7,3,8,9,,4,0,,6,5,3,30,5,2,2,5,0,0,0,0,true,,false,false,false,false,false,,,,,,false,false,false,,,false,false,false,false,false,-83.14358,42.3448,"{
  ""coordinates"": [
    -8.314357475299990e+01,
    4.234479433200000e+01
  ],
  ""type"": ""Point""
}","{
  ""coordinates"": [
    -83.143574753,
    42.344794332
  ],
  ""type"": ""Point""
}",-83.1435747529999,42.344794332
20968,9619293,SB M-10,MILWAUKEE,2016-02-09,9,2,2016,16,3,5,3,,1,0,,2,2,1,55,4,2,2,5,0,0,0,0,true,,false,false,false,false,false,,,,,,false,false,true,,,false,false,false,false,false,-83.08011,42.36466,"{
  ""coordinates"": [
    -8.308010974299999e+01,
    4.236465811600000e+01
  ],
  ""type"": ""Point""
}","{
  ""coordinates"": [
    -83.080109743,
    42.364658116
  ],
  ""type"": ""Point""
}",-83.080109743,42.364658116
20969,9621044,CENTRAL,MCGRAW,2016-02-09,9,2,2016,15,3,5,9,,4,0,,2,4,1,25,2,3,3,5,0,0,0,0,true,,false,false,false,false,false,,,,,,false,true,true,,,false,false,false,false,false,-83.14065,42.33539,"{
  ""coordinates"": [
    -8.314065159700000e+01,
    4.233539079900000e+01
  ],
  ""type"": ""Point""
}","{
  ""coordinates"": [
    -83.140651597,
    42.335390799
  ],
  ""type"": ""Point""
}",-83.140651597,42.335390799
20970,9619535,ARDMORE,CHALFONTE,2016-02-09,9,2,2016,7,3,9,9,,,2,,4,5,1,15,3,2,4,5,0,0,0,0,true,,false,false,true,false,false,,,,,,false,false,true,,,false,false,false,false,false,-83.18445,42.40028,"{
  ""coordinates"": [
    -8.318444577900000e+01,
    4.240028435600000e+01
  ],
  ""type"": ""Point""
}","{
  ""coordinates"": [
    -83.184445779,
    42.400284356
  ],
  ""type"": ""Point""
}",-83.184445779,42.400284356
20971,9619537,LIVERNOIS,MCNICHOLS,2016-02-09,9,2,2016,20,3,5,9,,4,0,,6,5,5,30,2,2,2,5,0,0,0,0,true,,false,false,true,false,false,,,,,,false,false,true,,,false,false,false,false,false,-83.14095,42.41742,"{
  ""coordinates"": [
    -8.314095475300000e+01,
    4.241742198300010e+01
  ],
  ""type"": ""Point""
}","{
  ""coordinates"": [
    -83.140954753,
    42.417421983
  ],
  ""type"": ""Point""
}",-83.140954753,42.4174219830001
20972,9619229,W/B I-94,M-10,2016-02-09,9,2,2016,7,3,8,1,,1,0,,4,5,4,55,3,2,2,5,0,0,0,0,true,,false,false,false,false,false,,,,,,false,false,false,,,false,false,false,false,false,-83.07295,42.36146,"{
  ""coordinates"": [
    -8.307294905700000e+01,
    4.236146283100000e+01
  ],
  ""type"": ""Point""
}","{
  ""coordinates"": [
    -83.072949057,
    42.361462831
  ],
  ""type"": ""Point""
}",-83.072949057,42.361462831
20973,9619249,RAMP 216I,W I 94,2016-02-09,9,2,2016,19,3,5,1,,1,0,,3,5,4,35,1,2,4,5,0,0,0,0,true,,false,false,false,false,false,,,,,,false,false,false,,,false,false,false,false,false,-83.06195,42.36684,"{
  ""coordinates"": [
    -8.306194927199989e+01,
    4.236684333500010e+01
  ],
  ""type"": ""Point""
}","{
  ""coordinates"": [
    -83.061949272,
    42.366843335
  ],
  ""type"": ""Point""
}",-83.0619492719999,42.3668433350001
20974,9619251,RAMP 018B,RAMP 018A,2016-02-09,9,2,2016,22,3,1,1,,1,1,,4,5,4,25,1,1,1,5,0,0,0,0,true,,false,false,false,false,false,,,,,,false,false,true,,,false,false,false,false,false,-83.04279,42.33899,"{
  ""coordinates"": [
    -8.304278681499990e+01,
    4.233899002600000e+01
  ],
  ""type"": ""Point""
}","{
  ""coordinates"": [
    -83.042786815,
    42.338990026
  ],
  ""type"": ""Point""
}",-83.0427868149999,42.338990026
20975,9621047,E I 96,WARREN,2016-02-09,9,2,2016,19,3,5,1,,1,0,,4,5,4,70,3,2,2,5,0,0,0,0,true,,false,false,true,false,false,,,,,,false,false,false,,,false,false,false,false,false,-83.09689,42.34646,"{
  ""coordinates"": [
    -8.309689406299999e+01,
    4.234645974600010e+01
  ],
  ""type"": ""Point""
}","{
  ""coordinates"": [
    -83.096894063,
    42.346459746
  ],
  ""type"": ""Point""
}",-83.096894063,42.3464597460001
20976,9619491,RYAN,REMINGTON,2016-02-09,9,2,2016,9,3,8,9,,4,0,,4,5,1,35,2,2,3,5,0,0,0,0,true,,false,false,true,false,false,,,,,,false,false,true,,,false,false,false,false,false,-83.06366,42.44265,"{
  ""coordinates"": [
    -8.306366132100000e+01,
    4.244264579400000e+01
  ],
  ""type"": ""Point""
}","{
  ""coordinates"": [
    -83.063661321,
    42.442645794
  ],
  ""type"": ""Point""
}",-83.063661321,42.442645794
20977,9619230,E I 96,CONSOLIDATED RAIL CORPORATION,2016-02-09,9,2,2016,17,3,1,1,,1,1,,2,5,3,55,3,1,1,5,0,0,0,0,true,,false,false,false,false,false,,,,,,false,false,true,,,false,false,false,false,false,-83.1853,42.38146,"{
  ""coordinates"": [
    -8.318530140099990e+01,
    4.238146198500000e+01
  ],
  ""type"": ""Point""
}","{
  ""coordinates"": [
    -83.185301401,
    42.381461985
  ],
  ""type"": ""Point""
}",-83.1853014009999,42.381461985
20978,9619506,CHALMERS,I 94,2016-02-09,9,2,2016,13,3,4,1,,4,0,,2,5,1,30,6,2,2,4,0,0,0,1,false,,false,false,false,false,false,,,,,,false,false,true,,,false,false,false,false,false,-82.96422,42.40372,"{
  ""coordinates"": [
    -8.296421875399990e+01,
    4.240371586500000e+01
  ],
  ""type"": ""Point""
}","{
  ""coordinates"": [
    -82.964218754,
    42.403715865
  ],
  ""type"": ""Point""
}",-82.9642187539999,42.403715865
20979,9619531,MT ELLIOTT,MOUND,2016-02-09,9,2,2016,19,3,5,9,,4,0,,3,5,4,30,2,2,2,5,0,0,0,0,true,,false,false,false,false,false,,,,,,false,true,false,,,false,false,false,false,false,-83.0377,42.40066,"{
  ""coordinates"": [
    -8.303770015000001e+01,
    4.240065780200010e+01
  ],
  ""type"": ""Point""
}","{
  ""coordinates"": [
    -83.03770015,
    42.400657802
  ],
  ""type"": ""Point""
}",-83.03770015,42.4006578020001
20980,9619541,MEYERS,LODGE SERVICE,2016-02-09,9,2,2016,18,3,8,9,,4,0,,4,5,4,30,3,2,5,5,0,0,0,0,true,,false,false,true,false,false,,,,,,false,false,false,,,false,false,false,false,false,-83.16998,42.41395,"{
  ""coordinates"": [
    -8.316997359600001e+01,
    4.241395233500000e+01
  ],
  ""type"": ""Point""
}","{
  ""coordinates"": [
    -83.169973596,
    42.413952335
  ],
  ""type"": ""Point""
}",-83.169973596,42.413952335
20981,9621087,WINTHROP,FENKELL,2016-02-09,9,2,2016,17,3,4,9,,,0,,2,5,1,25,2,2,3,4,0,0,0,1,false,,true,false,false,false,false,,,,,,false,false,true,,,false,false,false,false,false,-83.20016,42.40147,"{
  ""coordinates"": [
    -8.320016284799991e+01,
    4.240147350900000e+01
  ],
  ""type"": ""Point""
}","{
  ""coordinates"": [
    -83.200162848,
    42.401473509
  ],
  ""type"": ""Point""
}",-83.2001628479999,42.401473509
20982,9619311,I-96,GRAND,2016-02-09,9,2,2016,18,3,1,1,,1,1,,3,5,4,55,4,1,1,3,0,0,1,0,false,,false,false,false,false,false,,,,,,false,false,false,,,false,false,false,false,false,-83.10602,42.35405,"{
  ""coordinates"": [
    -8.310602151599990e+01,
    4.235404732100010e+01
  ],
  ""type"": ""Point""
}","{
  ""coordinates"": [
    -83.106021516,
    42.354047321
  ],
  ""type"": ""Point""
}",-83.1060215159999,42.3540473210001
20983,9619483,MADDELEIN,BROCK,2016-02-09,9,2,2016,14,3,8,9,,,0,,2,2,1,25,2,2,1,5,0,0,0,0,true,,false,false,true,false,false,,,,,,false,false,false,,,false,false,false,false,false,-82.96327,42.43637,"{
  ""coordinates"": [
    -8.296327002699999e+01,
    4.243636669500010e+01
  ],
  ""type"": ""Point""
}","{
  ""coordinates"": [
    -82.963270027,
    42.436366695
  ],
  ""type"": ""Point""
}",-82.963270027,42.4363666950001
20984,9622137,VAN DYKE,LYNCH,2016-02-09,9,2,2016,19,3,5,3,,1,0,,3,5,4,35,7,2,2,4,0,0,0,1,false,,false,false,false,false,false,,,,,,false,true,false,,,false,false,false,false,false,-83.02316,42.40527,"{
  ""coordinates"": [
    -8.302316073899991e+01,
    4.240526666200000e+01
  ],
  ""type"": ""Point""
}","{
  ""coordinates"": [
    -83.023160739,
    42.405266662
  ],
  ""type"": ""Point""
}",-83.0231607389999,42.405266662
20985,9619518,TIREMAN,SOUTHFIELD,2016-02-09,9,2,2016,21,3,5,9,,4,0,,3,5,4,25,4,2,3,5,0,0,0,0,true,,false,false,false,false,false,,,,,,false,false,true,,,false,false,false,false,false,-83.21593,42.35062,"{
  ""coordinates"": [
    -8.321593181899991e+01,
    4.235062116900010e+01
  ],
  ""type"": ""Point""
}","{
  ""coordinates"": [
    -83.215931819,
    42.350621169
  ],
  ""type"": ""Point""
}",-83.2159318189999,42.3506211690001
20986,9619515,CHICAGO,FAUST,2016-02-09,9,2,2016,23,3,5,9,,4,0,,3,2,3,35,2,2,2,5,0,0,0,0,true,,false,false,true,false,false,,,,,,false,false,true,,,false,false,false,false,false,-83.22075,42.36499,"{
  ""coordinates"": [
    -8.322075029500000e+01,
    4.236498578200010e+01
  ],
  ""type"": ""Point""
}","{
  ""coordinates"": [
    -83.220750295,
    42.364985782
  ],
  ""type"": ""Point""
}",-83.220750295,42.3649857820001
20987,9623352,S I 75,FERRY,2016-02-09,9,2,2016,19,3,5,1,,1,0,,4,5,4,70,4,3,2,5,0,0,0,0,true,,false,false,false,false,false,,,,,,false,false,false,,,false,false,false,false,false,-83.05664,42.36517,"{
  ""coordinates"": [
    -8.305663839100001e+01,
    4.236517069100010e+01
  ],
  ""type"": ""Point""
}","{
  ""coordinates"": [
    -83.056638391,
    42.365170691
  ],
  ""type"": ""Point""
}",-83.056638391,42.3651706910001
20988,9623354,JAMES COUZENS,RAMP 103A,2016-02-09,9,2,2016,22,3,1,3,,4,1,,4,5,4,55,3,1,4,3,0,0,1,1,false,,false,false,false,false,false,,,,,,false,false,true,,,false,false,false,false,false,-83.18761,42.43102,"{
  ""coordinates"": [
    -8.318760493000001e+01,
    4.243102345000010e+01
  ],
  ""type"": ""Point""
}","{
  ""coordinates"": [
    -83.18760493,
    42.43102345
  ],
  ""type"": ""Point""
}",-83.18760493,42.4310234500001
20989,9619478,2ND,LOTHROP,2016-02-09,9,2,2016,12,3,8,9,,4,0,,2,1,1,0,2,2,1,5,0,0,0,0,true,,false,false,true,false,false,,,,,,false,false,false,,,false,false,false,false,false,-83.07718,42.37045,"{
  ""coordinates"": [
    -8.307718089900000e+01,
    4.237045306700000e+01
  ],
  ""type"": ""Point""
}","{
  ""coordinates"": [
    -83.077180899,
    42.370453067
  ],
  ""type"": ""Point""
}",-83.077180899,42.370453067
20990,9619520,LIVERNOIS,KENDALL,2016-02-09,9,2,2016,23,3,4,9,,4,0,,3,5,4,35,6,2,2,5,0,0,0,0,true,,false,false,false,false,false,,,,,,false,true,false,,,false,false,false,false,false,-83.13968,42.39249,"{
  ""coordinates"": [
    -8.313967982199991e+01,
    4.239249554300010e+01
  ],
  ""type"": ""Point""
}","{
  ""coordinates"": [
    -83.139679822,
    42.392495543
  ],
  ""type"": ""Point""
}",-83.1396798219999,42.3924955430001
20991,9619247,RAMP 215F,W I 94,2016-02-09,9,2,2016,18,3,5,1,,1,0,,3,5,4,55,1,2,4,5,0,0,0,0,true,,false,false,false,false,false,,,,,,false,false,true,,,false,false,false,false,false,-83.07516,42.36002,"{
  ""coordinates"": [
    -8.307515695200000e+01,
    4.236001881500000e+01
  ],
  ""type"": ""Point""
}","{
  ""coordinates"": [
    -83.075156952,
    42.360018815
  ],
  ""type"": ""Point""
}",-83.075156952,42.360018815
20992,9622117,LAMPHERE,PILGRIM,2016-02-09,9,2,2016,10,3,5,9,,,0,,4,1,1,25,2,2,2,5,0,0,0,0,true,,false,false,false,false,false,,,,,,false,false,false,,,false,false,false,false,false,-83.26196,42.40572,"{
  ""coordinates"": [
    -8.326196263000000e+01,
    4.240571775200000e+01
  ],
  ""type"": ""Point""
}","{
  ""coordinates"": [
    -83.26196263,
    42.405717752
  ],
  ""type"": ""Point""
}",-83.26196263,42.405717752
20993,9622144,TURNER,PURITAN,2016-02-09,9,2,2016,16,3,97,9,,,0,,4,2,1,15,3,2,0,5,0,0,0,0,true,,false,false,false,false,false,,,,,,false,false,false,,,false,false,false,false,false,-83.14861,42.40927,"{
  ""coordinates"": [
    -8.314861426700000e+01,
    4.240926877400010e+01
  ],
  ""type"": ""Point""
}","{
  ""coordinates"": [
    -83.148614267,
    42.409268774
  ],
  ""type"": ""Point""
}",-83.148614267,42.4092687740001
20994,9619484,8 MILE,GRATIOT,2016-02-09,9,2,2016,15,3,5,3,,1,0,,2,2,1,40,8,2,1,5,0,0,0,0,true,,false,false,true,false,false,,,,,,false,false,false,,,false,false,false,false,false,-82.96462,42.44991,"{
  ""coordinates"": [
    -8.296462086400000e+01,
    4.244991180400010e+01
  ],
  ""type"": ""Point""
}","{
  ""coordinates"": [
    -82.964620864,
    42.449911804
  ],
  ""type"": ""Point""
}",-82.964620864,42.4499118040001
20995,9622085,BEAUBIEN,LAFAYETTE,2016-02-09,9,2,2016,8,3,5,9,,4,0,,4,5,1,25,2,2,2,4,0,0,0,1,false,,true,true,false,false,false,,,,,,false,false,false,,,false,false,false,false,false,-83.04197,42.33397,"{
  ""coordinates"": [
    -8.304196861400000e+01,
    4.233397053000000e+01
  ],
  ""type"": ""Point""
}","{
  ""coordinates"": [
    -83.041968614,
    42.33397053
  ],
  ""type"": ""Point""
}",-83.041968614,42.33397053
20996,9621022,I-696,I-75,2016-02-09,9,2,2016,17,3,8,1,,1,0,,2,5,1,70,5,2,2,5,0,0,0,0,true,,false,false,false,false,false,,,,,,false,false,false,,,false,false,false,false,false,-83.05649,42.36948,"{
  ""coordinates"": [
    -8.305649126000000e+01,
    4.236948472500010e+01
  ],
  ""type"": ""Point""
}","{
  ""coordinates"": [
    -83.05649126,
    42.369484725
  ],
  ""type"": ""Point""
}",-83.05649126,42.3694847250001
20997,9623521,MCCLELLAN,CANFIELD,2016-02-09,9,2,2016,12,3,4,9,,4,0,,4,5,1,25,4,2,2,5,0,0,0,0,true,,false,false,false,false,false,,,,,,false,false,false,,,false,false,false,false,false,-82.99776,42.3772,"{
  ""coordinates"": [
    -8.299776025999989e+01,
    4.237720491600000e+01
  ],
  ""type"": ""Point""
}","{
  ""coordinates"": [
    -82.99776026,
    42.377204916
  ],
  ""type"": ""Point""
}",-82.9977602599999,42.377204916
20998,9619533,8 MILE,MOUND,2016-02-09,9,2,2016,13,3,5,3,,1,0,,2,5,1,40,4,2,2,5,0,0,0,0,true,,false,false,false,false,false,,,,,,false,true,false,,,false,false,false,false,false,-83.04401,42.44777,"{
  ""coordinates"": [
    -8.304400457199991e+01,
    4.244776911900000e+01
  ],
  ""type"": ""Point""
}","{
  ""coordinates"": [
    -83.044004572,
    42.447769119
  ],
  ""type"": ""Point""
}",-83.0440045719999,42.447769119
20999,9619310,E I 94,CONSOLIDATED RAIL CORPORATION,2016-02-09,9,2,2016,18,3,5,1,,1,0,,3,5,3,55,3,2,2,4,0,0,0,1,false,,false,false,false,false,false,,,,,,false,false,true,,,false,false,false,false,false,-83.03158,42.3814,"{
  ""coordinates"": [
    -8.303157612200000e+01,
    4.238140107200010e+01
  ],
  ""type"": ""Point""
}","{
  ""coordinates"": [
    -83.031576122,
    42.381401072
  ],
  ""type"": ""Point""
}",-83.031576122,42.3814010720001
21000,9623334,I 94,CADIEUX,2016-02-09,9,2,2016,18,3,8,1,,1,0,,4,5,4,55,3,2,2,5,0,0,0,0,true,,false,false,false,false,false,,,,,,false,false,false,,,false,false,false,false,false,-82.93333,42.41952,"{
  ""coordinates"": [
    -8.293333042800000e+01,
    4.241952309000000e+01
  ],
  ""type"": ""Point""
}","{
  ""coordinates"": [
    -82.933330428,
    42.41952309
  ],
  ""type"": ""Point""
}",-82.933330428,42.41952309
21001,9619514,N I 75,RAMP 043B,2016-02-09,9,2,2016,18,3,97,1,,1,0,,4,5,2,55,6,2,3,4,0,0,0,1,false,,false,false,true,false,false,,,,,,false,false,false,,,false,false,false,false,false,-83.04866,42.35245,"{
  ""coordinates"": [
    -8.304866164000001e+01,
    4.235245090500010e+01
  ],
  ""type"": ""Point""
}","{
  ""coordinates"": [
    -83.04866164,
    42.352450905
  ],
  ""type"": ""Point""
}",-83.04866164,42.3524509050001
21002,9619277,I-94,CHALMERS,2016-02-09,9,2,2016,19,3,5,1,,1,0,,3,5,4,55,3,2,2,5,0,0,0,0,true,,false,false,false,false,false,,,,,,false,false,false,,,false,false,false,false,false,-82.96889,42.40259,"{
  ""coordinates"": [
    -8.296889153399999e+01,
    4.240259160700000e+01
  ],
  ""type"": ""Point""
}","{
  ""coordinates"": [
    -82.968891534,
    42.402591607
  ],
  ""type"": ""Point""
}",-82.968891534,42.402591607
21003,9619313,DAVISON,I-96,2016-02-09,9,2,2016,20,3,1,3,,1,1,,2,5,4,55,3,1,1,5,0,0,0,0,true,,false,false,false,false,false,,,,,,false,false,false,,,false,false,false,false,false,-83.14332,42.38647,"{
  ""coordinates"": [
    -8.314331888299991e+01,
    4.238647014000000e+01
  ],
  ""type"": ""Point""
}","{
  ""coordinates"": [
    -83.143318883,
    42.38647014
  ],
  ""type"": ""Point""
}",-83.1433188829999,42.38647014
21004,9619485,GRAND,3RD,2016-02-09,9,2,2016,14,3,4,9,,4,0,,2,5,1,30,3,2,3,4,0,0,0,1,false,,false,false,false,false,false,,,,,,false,true,false,,,false,false,false,false,false,-83.07906,42.36802,"{
  ""coordinates"": [
    -8.307905465600000e+01,
    4.236801937100010e+01
  ],
  ""type"": ""Point""
}","{
  ""coordinates"": [
    -83.079054656,
    42.368019371
  ],
  ""type"": ""Point""
}",-83.079054656,42.3680193710001
21005,9621069,MICHIGAN,JUNCTION,2016-02-09,9,2,2016,20,3,8,2,,1,0,,3,5,4,30,5,2,2,5,0,0,0,0,true,,false,false,false,false,false,,,,,,false,false,false,,,false,false,false,false,false,-83.11166,42.33117,"{
  ""coordinates"": [
    -8.311166208600000e+01,
    4.233116538000010e+01
  ],
  ""type"": ""Point""
}","{
  ""coordinates"": [
    -83.111662086,
    42.33116538
  ],
  ""type"": ""Point""
}",-83.111662086,42.3311653800001
21006,9620921,TRUMBULL,CONSOLIDATED RAIL CORPORATION,2016-02-09,9,2,2016,20,3,5,9,,4,0,,3,5,4,35,5,2,2,5,0,0,0,0,true,,false,false,false,false,false,,,,,,false,false,true,,,false,false,false,false,false,-83.0829,42.35938,"{
  ""coordinates"": [
    -8.308290463000000e+01,
    4.235937831900000e+01
  ],
  ""type"": ""Point""
}","{
  ""coordinates"": [
    -83.08290463,
    42.359378319
  ],
  ""type"": ""Point""
}",-83.08290463,42.359378319
21007,9619490,ARTESIAN,JOY,2016-02-09,9,2,2016,22,3,5,9,,,0,,3,5,4,25,2,2,4,5,0,0,0,0,true,,false,false,false,false,false,,,,,,false,false,false,,,false,false,false,false,false,-83.2261,42.35496,"{
  ""coordinates"": [
    -8.322609750500000e+01,
    4.235495841000010e+01
  ],
  ""type"": ""Point""
}","{
  ""coordinates"": [
    -83.226097505,
    42.35495841
  ],
  ""type"": ""Point""
}",-83.226097505,42.3549584100001
21008,9624963,W I 94,BRUSH,2016-02-09,9,2,2016,16,3,5,1,,1,0,,2,2,1,55,3,2,2,5,0,0,0,0,true,,false,false,true,false,false,,,,,,false,false,false,,,false,false,false,false,false,-83.06477,42.36569,"{
  ""coordinates"": [
    -8.306477335300001e+01,
    4.236568683700010e+01
  ],
  ""type"": ""Point""
}","{
  ""coordinates"": [
    -83.064773353,
    42.365686837
  ],
  ""type"": ""Point""
}",-83.064773353,42.3656868370001
21009,9619306,M 39,JOY,2016-02-09,9,2,2016,15,3,5,3,,1,0,,2,5,1,55,3,2,4,5,0,0,0,0,true,,false,false,false,false,false,,,,,,false,false,false,,,false,false,false,false,false,-83.21638,42.35757,"{
  ""coordinates"": [
    -8.321637516300000e+01,
    4.235757198400010e+01
  ],
  ""type"": ""Point""
}","{
  ""coordinates"": [
    -83.216375163,
    42.357571984
  ],
  ""type"": ""Point""
}",-83.216375163,42.3575719840001
21010,9624220,RAMP 051G,8 MILE,2016-02-09,9,2,2016,17,3,5,2,,1,0,,4,5,3,30,1,2,3,5,0,0,0,0,true,,false,false,false,false,false,,,,,,false,true,false,,,false,false,false,false,false,-83.27972,42.44258,"{
  ""coordinates"": [
    -8.327971842499990e+01,
    4.244258173500000e+01
  ],
  ""type"": ""Point""
}","{
  ""coordinates"": [
    -83.279718425,
    42.442581735
  ],
  ""type"": ""Point""
}",-83.2797184249999,42.442581735
21011,9624219,FORRER,WARREN,2016-02-09,9,2,2016,16,3,97,9,,,0,,1,1,3,25,1,2,2,5,0,0,0,0,true,,false,false,true,false,false,,,,,,false,false,false,,,false,false,false,false,false,-83.19992,42.34362,"{
  ""coordinates"": [
    -8.319991908799990e+01,
    4.234361658000010e+01
  ],
  ""type"": ""Point""
}","{
  ""coordinates"": [
    -83.199919088,
    42.34361658
  ],
  ""type"": ""Point""
}",-83.1999190879999,42.3436165800001
21012,9619305,N I 75,ROSA PARKS,2016-02-09,9,2,2016,9,3,5,1,,1,0,,2,5,1,55,3,2,2,5,0,0,0,0,true,,false,false,false,false,false,,,,,,false,false,false,,,false,false,false,false,false,-83.07327,42.33321,"{
  ""coordinates"": [
    -8.307326414100000e+01,
    4.233320788200010e+01
  ],
  ""type"": ""Point""
}","{
  ""coordinates"": [
    -83.073264141,
    42.333207882
  ],
  ""type"": ""Point""
}",-83.073264141,42.3332078820001
21013,9624995,RAMP 008P,M-39,2016-02-09,9,2,2016,7,3,1,1,,1,1,,4,2,1,55,1,1,1,5,0,0,0,0,true,,false,false,false,false,false,,,,,,false,false,true,,,false,false,false,false,false,-83.2169,42.37876,"{
  ""coordinates"": [
    -8.321690288600000e+01,
    4.237876132000010e+01
  ],
  ""type"": ""Point""
}","{
  ""coordinates"": [
    -83.216902886,
    42.37876132
  ],
  ""type"": ""Point""
}",-83.216902886,42.3787613200001
21014,9619260,E I 96,RAMP 213D,2016-02-09,9,2,2016,19,3,1,1,,1,1,,4,5,4,55,1,1,1,5,0,0,0,0,true,,false,false,false,false,false,,,,,,false,false,false,,,false,false,false,false,false,-83.09642,42.34564,"{
  ""coordinates"": [
    -8.309642189899991e+01,
    4.234564286000010e+01
  ],
  ""type"": ""Point""
}","{
  ""coordinates"": [
    -83.096421899,
    42.34564286
  ],
  ""type"": ""Point""
}",-83.0964218989999,42.3456428600001
21015,9625266,CANFIELD,CASS,2016-02-09,9,2,2016,19,3,5,9,,4,0,,3,5,4,30,2,2,2,5,0,0,0,0,true,,false,false,false,false,false,,,,,,false,false,true,,,false,false,false,false,false,-83.06404,42.3516,"{
  ""coordinates"": [
    -8.306404183200000e+01,
    4.235160392400010e+01
  ],
  ""type"": ""Point""
}","{
  ""coordinates"": [
    -83.064041832,
    42.351603924
  ],
  ""type"": ""Point""
}",-83.064041832,42.3516039240001
21016,9635011,FORD,RAMP 005K,2016-02-09,9,2,2016,18,3,4,3,,1,0,,3,5,4,50,4,2,2,5,0,0,0,0,true,,false,false,false,false,false,,,,,,false,false,false,,,false,false,false,false,false,-83.21684,42.32908,"{
  ""coordinates"": [
    -8.321683413100000e+01,
    4.232907911800000e+01
  ],
  ""type"": ""Point""
}","{
  ""coordinates"": [
    -83.216834131,
    42.329079118
  ],
  ""type"": ""Point""
}",-83.216834131,42.329079118
21017,9630325,E I 96,HUBBELL,2016-02-09,9,2,2016,10,3,8,1,,1,0,,2,5,1,55,3,2,3,5,0,0,0,0,true,,false,false,false,false,false,,,,,,false,false,false,,,false,false,false,false,false,-83.18826,42.38042,"{
  ""coordinates"": [
    -8.318825384099991e+01,
    4.238042303700010e+01
  ],
  ""type"": ""Point""
}","{
  ""coordinates"": [
    -83.188253841,
    42.380423037
  ],
  ""type"": ""Point""
}",-83.1882538409999,42.3804230370001
21018,9628202,I-85,WOODWARD,2016-02-09,9,2,2016,12,3,8,1,,1,0,,2,5,1,55,4,2,3,5,0,0,0,0,true,,false,false,false,false,false,,,,,,false,false,false,,,false,false,false,false,false,-83.05685,42.33781,"{
  ""coordinates"": [
    -8.305684333499990e+01,
    4.233781396600010e+01
  ],
  ""type"": ""Point""
}","{
  ""coordinates"": [
    -83.056843335,
    42.337813966
  ],
  ""type"": ""Point""
}",-83.0568433349999,42.3378139660001
21019,9628354,3RD,FORT,2016-02-09,9,2,2016,21,3,4,3,,4,0,,4,5,4,30,4,3,3,5,0,0,0,0,true,,true,true,false,false,false,,,,,,false,false,false,,,false,false,false,false,false,-83.05435,42.32774,"{
  ""coordinates"": [
    -8.305435190199999e+01,
    4.232774384700010e+01
  ],
  ""type"": ""Point""
}","{
  ""coordinates"": [
    -83.054351902,
    42.327743847
  ],
  ""type"": ""Point""
}",-83.054351902,42.3277438470001
21020,9678558,VAN DYKE,GEORGIA,2016-02-09,9,2,2016,20,3,4,3,,1,0,,4,5,4,35,3,2,3,5,0,0,0,0,true,,false,false,false,false,false,,,,,,false,false,false,,,false,false,false,false,false,-83.02267,42.3932,"{
  ""coordinates"": [
    -8.302267107400000e+01,
    4.239319452000010e+01
  ],
  ""type"": ""Point""
}","{
  ""coordinates"": [
    -83.022671074,
    42.39319452
  ],
  ""type"": ""Point""
}",-83.022671074,42.3931945200001