ObjectId,Crash ID,Primary Road,Intersecting Road,Crash Date,Day,Month,Year,Hour,Weekday,Crash Type Code,Highway Classification Code,Community Code,Jurisdiction Code,Lane Departure Type Code,Surface Type,Road Condition,Weather Condition,Lighting Condition,Speed Limit,Lanes,Units,Occupants,Most Severe Injury,Fatal Injuries,Suspected Serious Injuries,Suspected Minor Injuries,Possible Injuries,Property Damage Only,Secondary Crash,Traffic Control,Red Light Run,Hit and Run,Alcohol,Drugs,Unbelted Person,Work Zone,Speeding Driver,Distracted Driver,Driveway,Pedestrian,Elderly Driver,Young Driver,Commercial Vehicle,Emergency Vehicles,Train,School Bus,Motorcycle,Bicycle,Deer,Longitude,Latitude,geom,geog,x,y
21078,9619246,W I 96,GREENFIELD,2016-02-08,8,2,2016,3,2,1,1,,1,1,,1,2,5,55,3,1,1,4,0,0,0,1,false,,false,false,false,false,false,,,,,,false,false,false,,,false,false,false,false,false,-83.19637,42.37924,"{
  ""coordinates"": [
    -8.319637196199990e+01,
    4.237924117000010e+01
  ],
  ""type"": ""Point""
}","{
  ""coordinates"": [
    -83.196371962,
    42.37924117
  ],
  ""type"": ""Point""
}",-83.1963719619999,42.3792411700001
21079,9621073,FORT,DENMARK,2016-02-08,8,2,2016,14,2,97,3,,4,0,,1,1,1,30,4,2,1,5,0,0,0,0,true,,false,false,true,false,false,,,,,,false,false,false,,,false,false,false,false,false,-83.14371,42.29081,"{
  ""coordinates"": [
    -8.314370362499990e+01,
    4.229081044100010e+01
  ],
  ""type"": ""Point""
}","{
  ""coordinates"": [
    -83.143703625,
    42.290810441
  ],
  ""type"": ""Point""
}",-83.1437036249999,42.2908104410001
21080,9619288,W I 96,RAMP 213F,2016-02-08,8,2,2016,8,2,97,1,,1,0,,2,4,1,70,4,2,1,5,0,0,0,0,true,,false,false,true,false,false,,,,,,false,false,false,,,false,false,false,false,false,-83.09866,42.34975,"{
  ""coordinates"": [
    -8.309866322399991e+01,
    4.234975588500000e+01
  ],
  ""type"": ""Point""
}","{
  ""coordinates"": [
    -83.098663224,
    42.349755885
  ],
  ""type"": ""Point""
}",-83.0986632239999,42.349755885
21081,9618536,SEWARD,WOODWARD,2016-02-08,8,2,2016,13,2,97,9,,,0,,1,2,1,25,2,2,0,5,0,0,0,0,true,,false,false,true,false,false,,,,,,false,false,false,,,false,false,false,false,false,-83.07736,42.37479,"{
  ""coordinates"": [
    -8.307735952699990e+01,
    4.237479404900010e+01
  ],
  ""type"": ""Point""
}","{
  ""coordinates"": [
    -83.077359527,
    42.374794049
  ],
  ""type"": ""Point""
}",-83.0773595269999,42.3747940490001
21082,9618441,M 10,LINWOOD,2016-02-08,8,2,2016,8,2,5,3,,1,0,,1,2,1,55,3,2,3,5,0,0,0,0,true,,false,false,false,false,false,,,,,,false,false,true,,,false,false,false,false,false,-83.12238,42.40486,"{
  ""coordinates"": [
    -8.312238530000000e+01,
    4.240485681900000e+01
  ],
  ""type"": ""Point""
}","{
  ""coordinates"": [
    -83.1223853,
    42.404856819
  ],
  ""type"": ""Point""
}",-83.1223853,42.404856819
21083,9619538,SORRENTO,CHIPPEWA,2016-02-08,8,2,2016,10,2,4,9,,,0,,1,2,1,25,2,2,2,4,0,0,0,2,false,,false,false,false,false,false,,,,,,false,false,false,,,false,false,false,false,false,-83.17434,42.44065,"{
  ""coordinates"": [
    -8.317433638700000e+01,
    4.244064644300000e+01
  ],
  ""type"": ""Point""
}","{
  ""coordinates"": [
    -83.174336387,
    42.440646443
  ],
  ""type"": ""Point""
}",-83.174336387,42.440646443
21084,9618436,RAMP 122J,N I 75,2016-02-08,8,2,2016,7,2,5,1,,1,0,,1,2,1,55,1,3,3,5,0,0,0,0,true,,false,false,false,false,false,,,,,,false,false,false,,,false,false,false,false,false,-83.06284,42.33546,"{
  ""coordinates"": [
    -8.306283606600000e+01,
    4.233545733800000e+01
  ],
  ""type"": ""Point""
}","{
  ""coordinates"": [
    -83.062836066,
    42.335457338
  ],
  ""type"": ""Point""
}",-83.062836066,42.335457338
21085,9618442,N M 39,RAMP 009A,2016-02-08,8,2,2016,14,2,5,3,,1,0,,1,2,1,55,3,4,4,5,0,0,0,0,true,,false,false,false,false,false,,,,,,false,false,true,,,false,false,false,false,false,-83.21803,42.39663,"{
  ""coordinates"": [
    -8.321802824199990e+01,
    4.239663389100010e+01
  ],
  ""type"": ""Point""
}","{
  ""coordinates"": [
    -83.218028242,
    42.396633891
  ],
  ""type"": ""Point""
}",-83.2180282419999,42.3966338910001
21086,9621036,ORNAGELAWN,LAUDER,2016-02-08,8,2,2016,20,2,8,9,,,0,,1,2,5,25,2,2,1,5,0,0,0,0,true,,false,false,true,false,false,,,,,,false,false,false,,,false,false,false,false,false,-83.18958,42.36802,"{
  ""coordinates"": [
    -8.318957404500000e+01,
    4.236801980800000e+01
  ],
  ""type"": ""Point""
}","{
  ""coordinates"": [
    -83.189574045,
    42.368019808
  ],
  ""type"": ""Point""
}",-83.189574045,42.368019808
21087,9619294,I-94,BEDFORD,2016-02-08,8,2,2016,16,2,5,9,,,0,,1,2,1,55,3,2,2,5,0,0,0,0,true,,true,false,false,false,false,,,,,,false,false,true,,,false,false,false,false,false,-82.94646,42.41105,"{
  ""coordinates"": [
    -8.294646645200000e+01,
    4.241104806400010e+01
  ],
  ""type"": ""Point""
}","{
  ""coordinates"": [
    -82.946466452,
    42.411048064
  ],
  ""type"": ""Point""
}",-82.946466452,42.4110480640001
21088,9619487,SCHAEFER,BELTON,2016-02-08,8,2,2016,15,2,4,9,,4,0,,1,2,1,35,2,2,3,4,0,0,0,1,false,,false,false,false,false,false,,,,,,false,false,true,,,false,false,false,false,false,-83.17728,42.35368,"{
  ""coordinates"": [
    -8.317727802899999e+01,
    4.235367953200010e+01
  ],
  ""type"": ""Point""
}","{
  ""coordinates"": [
    -83.177278029,
    42.353679532
  ],
  ""type"": ""Point""
}",-83.177278029,42.3536795320001
21089,9619245,I-94,MT ELLIOTT,2016-02-08,8,2,2016,3,2,1,1,,1,1,,1,2,4,55,3,1,1,5,0,0,0,0,true,,false,false,false,false,false,,,,,,false,false,true,,,false,false,false,false,false,-83.03104,42.38217,"{
  ""coordinates"": [
    -8.303103650299990e+01,
    4.238217307800010e+01
  ],
  ""type"": ""Point""
}","{
  ""coordinates"": [
    -83.031036503,
    42.382173078
  ],
  ""type"": ""Point""
}",-83.0310365029999,42.3821730780001
21090,9618534,CONGRESS,BRUSH,2016-02-08,8,2,2016,18,2,8,9,,4,0,,1,1,4,25,4,2,3,5,0,0,0,0,true,,false,false,false,false,false,,,,,,false,false,false,,,false,false,false,false,false,-83.04204,42.33182,"{
  ""coordinates"": [
    -8.304203655200000e+01,
    4.233182283000010e+01
  ],
  ""type"": ""Point""
}","{
  ""coordinates"": [
    -83.042036552,
    42.33182283
  ],
  ""type"": ""Point""
}",-83.042036552,42.3318228300001
21091,9618437,WB I-96,HUBBELL,2016-02-08,8,2,2016,14,2,1,1,,1,1,,1,2,1,55,3,1,1,3,0,0,1,0,false,,false,false,false,false,false,,,,,,false,false,false,,,false,false,false,false,false,-83.18711,42.38102,"{
  ""coordinates"": [
    -8.318711458300000e+01,
    4.238102230000000e+01
  ],
  ""type"": ""Point""
}","{
  ""coordinates"": [
    -83.187114583,
    42.3810223
  ],
  ""type"": ""Point""
}",-83.187114583,42.3810223
21092,9618550,MCNICHOLS,LENORE,2016-02-08,8,2,2016,15,2,3,9,,2,0,,1,1,1,30,4,2,2,5,0,0,0,0,true,,false,false,false,false,false,,,,,,false,false,true,,,false,false,false,false,false,-83.28097,42.41442,"{
  ""coordinates"": [
    -8.328097002500000e+01,
    4.241442527200010e+01
  ],
  ""type"": ""Point""
}","{
  ""coordinates"": [
    -83.280970025,
    42.414425272
  ],
  ""type"": ""Point""
}",-83.280970025,42.4144252720001
21093,9618548,OUTER,N M 39,2016-02-08,8,2,2016,15,2,4,9,,2,0,,1,1,1,35,3,2,2,4,0,0,0,2,false,,false,false,true,false,false,,,,,,false,false,true,,,false,false,false,false,false,-83.2189,42.41907,"{
  ""coordinates"": [
    -8.321890321599990e+01,
    4.241906972500000e+01
  ],
  ""type"": ""Point""
}","{
  ""coordinates"": [
    -83.218903216,
    42.419069725
  ],
  ""type"": ""Point""
}",-83.2189032159999,42.419069725
21094,9621037,LYNDON,ROSELAWN,2016-02-08,8,2,2016,20,2,5,9,,4,0,,1,1,5,25,2,2,2,5,0,0,0,0,true,,false,false,true,false,false,,,,,,false,false,false,,,false,false,false,false,false,-83.15115,42.39531,"{
  ""coordinates"": [
    -8.315114826099990e+01,
    4.239531292900010e+01
  ],
  ""type"": ""Point""
}","{
  ""coordinates"": [
    -83.151148261,
    42.395312929
  ],
  ""type"": ""Point""
}",-83.1511482609999,42.3953129290001
21095,9619492,DAVISON,LIVERNOIS,2016-02-08,8,2,2016,17,2,5,3,,1,0,,1,1,1,35,3,2,3,5,0,0,0,0,true,,false,false,false,false,false,,,,,,false,false,false,,,false,false,false,false,false,-83.13954,42.38669,"{
  ""coordinates"": [
    -8.313953993199991e+01,
    4.238668933700010e+01
  ],
  ""type"": ""Point""
}","{
  ""coordinates"": [
    -83.139539932,
    42.386689337
  ],
  ""type"": ""Point""
}",-83.1395399319999,42.3866893370001
21096,9619287,W I 96,RAMP 213J,2016-02-08,8,2,2016,8,2,97,1,,1,0,,2,4,1,70,4,2,1,5,0,0,0,0,true,,false,false,true,false,false,,,,,,false,false,false,,,false,false,false,false,false,-83.09863,42.34972,"{
  ""coordinates"": [
    -8.309863432799990e+01,
    4.234971866200000e+01
  ],
  ""type"": ""Point""
}","{
  ""coordinates"": [
    -83.098634328,
    42.349718662
  ],
  ""type"": ""Point""
}",-83.0986343279999,42.349718662
21097,9616822,EASTLAWN,LINVILLE,2016-02-07,7,2,2016,5,1,5,9,,,3,,1,1,4,25,2,2,1,5,0,0,0,0,true,,false,false,false,true,false,,,,,,false,false,false,,,false,false,false,false,false,-82.96613,42.40033,"{
  ""coordinates"": [
    -8.296613390000000e+01,
    4.240033062700010e+01
  ],
  ""type"": ""Point""
}","{
  ""coordinates"": [
    -82.9661339,
    42.400330627
  ],
  ""type"": ""Point""
}",-82.9661339,42.4003306270001
21098,9616689,RAMP 125F,N M 10,2016-02-07,7,2,2016,2,1,1,3,,1,1,,1,1,4,35,1,1,1,5,0,0,0,0,true,,false,false,false,false,false,,,,,,false,false,true,,,false,false,false,false,false,-83.05392,42.32665,"{
  ""coordinates"": [
    -8.305391711100000e+01,
    4.232665122000000e+01
  ],
  ""type"": ""Point""
}","{
  ""coordinates"": [
    -83.053917111,
    42.32665122
  ],
  ""type"": ""Point""
}",-83.053917111,42.32665122
21099,9618551,MORANG,MCKINNEY,2016-02-07,7,2,2016,14,1,6,9,,4,0,,1,1,1,30,2,2,2,5,0,0,0,0,true,,false,false,true,false,false,,,,,,false,false,false,,,false,false,false,false,false,-82.94154,42.42266,"{
  ""coordinates"": [
    -8.294153373300000e+01,
    4.242266454900000e+01
  ],
  ""type"": ""Point""
}","{
  ""coordinates"": [
    -82.941533733,
    42.422664549
  ],
  ""type"": ""Point""
}",-82.941533733,42.422664549
21100,9622142,SANTA BARBARA,CHIPPEWA,2016-02-07,7,2,2016,21,1,97,9,,,0,,1,1,4,15,3,2,0,5,0,0,0,0,true,,false,false,true,false,false,,,,,,false,false,false,,,false,false,false,false,false,-83.14915,42.4414,"{
  ""coordinates"": [
    -8.314915299599990e+01,
    4.244139860000010e+01
  ],
  ""type"": ""Point""
}","{
  ""coordinates"": [
    -83.149152996,
    42.4413986
  ],
  ""type"": ""Point""
}",-83.1491529959999,42.4413986000001
21101,9616839,MICHIGAN,THIRD,2016-02-07,7,2,2016,0,1,4,2,,1,0,,1,1,4,25,3,2,3,4,0,0,0,1,false,,true,true,false,false,false,,,,,,false,false,false,,,false,false,false,false,false,-83.05741,42.33166,"{
  ""coordinates"": [
    -8.305741244300000e+01,
    4.233165965700000e+01
  ],
  ""type"": ""Point""
}","{
  ""coordinates"": [
    -83.057412443,
    42.331659657
  ],
  ""type"": ""Point""
}",-83.057412443,42.331659657
21102,9618544,15898 EVERGREEN,GRAND,2016-02-07,7,2,2016,3,1,1,9,,4,0,,1,1,4,35,2,1,1,5,0,0,0,0,true,,false,false,false,false,false,,,,,,false,false,false,,,false,false,false,false,false,-83.23772,42.40771,"{
  ""coordinates"": [
    -8.323772699100000e+01,
    4.240770660600000e+01
  ],
  ""type"": ""Point""
}","{
  ""coordinates"": [
    -83.237726991,
    42.407706606
  ],
  ""type"": ""Point""
}",-83.237726991,42.407706606
21103,9657513,GRAND RIVER,AVON,2016-02-07,7,2,2016,10,1,1,3,,1,0,,1,1,4,35,3,1,0,5,0,0,0,0,true,,false,false,true,false,false,,,,,,false,false,false,,,false,false,false,false,false,-83.22626,42.40391,"{
  ""coordinates"": [
    -8.322626589100000e+01,
    4.240391209500010e+01
  ],
  ""type"": ""Point""
}","{
  ""coordinates"": [
    -83.226265891,
    42.403912095
  ],
  ""type"": ""Point""
}",-83.226265891,42.4039120950001
21104,9618431,I-94,MT ELLIOT,2016-02-07,7,2,2016,17,1,8,1,,1,0,,1,2,3,70,3,2,1,5,0,0,0,0,true,,false,false,true,false,false,,,,,,false,false,false,,,false,false,false,false,false,-83.03374,42.37937,"{
  ""coordinates"": [
    -8.303373854400000e+01,
    4.237936845900000e+01
  ],
  ""type"": ""Point""
}","{
  ""coordinates"": [
    -83.033738544,
    42.379368459
  ],
  ""type"": ""Point""
}",-83.033738544,42.379368459
21105,9617687,GREENFIELD,TROJAN,2016-02-07,7,2,2016,19,1,8,9,,2,0,,1,1,3,35,4,2,1,5,0,0,0,0,true,,false,false,false,false,false,,,,,,false,false,false,,,false,false,false,false,false,-83.20032,42.44121,"{
  ""coordinates"": [
    -8.320031448400000e+01,
    4.244121183000000e+01
  ],
  ""type"": ""Point""
}","{
  ""coordinates"": [
    -83.200314484,
    42.44121183
  ],
  ""type"": ""Point""
}",-83.200314484,42.44121183
21106,9616837,BRUSH,ALFRED,2016-02-07,7,2,2016,7,1,8,9,,4,0,,1,1,4,25,2,2,2,5,0,0,0,0,true,,false,false,false,false,false,,,,,,false,false,false,,,false,false,false,false,false,-83.05053,42.34463,"{
  ""coordinates"": [
    -8.305052939399999e+01,
    4.234462825000000e+01
  ],
  ""type"": ""Point""
}","{
  ""coordinates"": [
    -83.050529394,
    42.34462825
  ],
  ""type"": ""Point""
}",-83.050529394,42.34462825
21107,9621075,LONYO,JOHN KRONK,2016-02-07,7,2,2016,20,1,5,9,,4,0,,1,1,4,25,2,2,2,5,0,0,0,0,true,,false,false,false,false,false,,,,,,false,false,true,,,false,false,false,false,false,-83.13759,42.32099,"{
  ""coordinates"": [
    -8.313758566099990e+01,
    4.232098756200000e+01
  ],
  ""type"": ""Point""
}","{
  ""coordinates"": [
    -83.137585661,
    42.320987562
  ],
  ""type"": ""Point""
}",-83.1375856609999,42.320987562
21108,9617698,VAN DYKE,MACK,2016-02-07,7,2,2016,2,1,9,9,,4,0,,1,1,4,35,2,2,2,5,0,0,0,0,true,,false,false,false,false,false,,,,,,false,false,false,,,false,false,false,false,false,-83.0061,42.36698,"{
  ""coordinates"": [
    -8.300609730199990e+01,
    4.236697674900010e+01
  ],
  ""type"": ""Point""
}","{
  ""coordinates"": [
    -83.006097302,
    42.366976749
  ],
  ""type"": ""Point""
}",-83.0060973019999,42.3669767490001
21109,9629675,WARREN,WOODWARD,2016-02-07,7,2,2016,20,1,8,3,,4,0,,2,2,4,30,4,2,2,5,0,0,0,0,true,,false,false,true,false,false,,,,,,false,false,true,,,false,false,false,false,false,-83.06438,42.35696,"{
  ""coordinates"": [
    -8.306437643600000e+01,
    4.235695588700000e+01
  ],
  ""type"": ""Point""
}","{
  ""coordinates"": [
    -83.064376436,
    42.356955887
  ],
  ""type"": ""Point""
}",-83.064376436,42.356955887
21110,9617699,WARREN,PLAINVIEW,2016-02-07,7,2,2016,17,1,9,9,,2,0,,1,1,1,35,4,2,3,4,0,0,0,1,false,,false,false,false,false,false,,,,,,false,true,false,,,false,false,false,false,false,-83.23416,42.34314,"{
  ""coordinates"": [
    -8.323415980599999e+01,
    4.234314226600000e+01
  ],
  ""type"": ""Point""
}","{
  ""coordinates"": [
    -83.234159806,
    42.343142266
  ],
  ""type"": ""Point""
}",-83.234159806,42.343142266
21111,9619301,DAVISON,RAMP 047F,2016-02-07,7,2,2016,1,1,1,9,,4,1,,1,2,4,0,1,1,1,5,0,0,0,0,true,,false,false,false,false,false,,,,,,false,false,false,,,false,false,false,false,false,-83.07915,42.40906,"{
  ""coordinates"": [
    -8.307915459799990e+01,
    4.240906059800010e+01
  ],
  ""type"": ""Point""
}","{
  ""coordinates"": [
    -83.079154598,
    42.409060598
  ],
  ""type"": ""Point""
}",-83.0791545979999,42.4090605980001
21112,9617716,MONICA,CHIPPEWA,2016-02-07,7,2,2016,20,1,5,9,,,0,,1,1,3,25,2,2,0,5,0,0,0,0,true,,false,false,true,false,false,,,,,,false,false,false,,,false,false,false,false,false,-83.145,42.44128,"{
  ""coordinates"": [
    -8.314499949400000e+01,
    4.244128076500000e+01
  ],
  ""type"": ""Point""
}","{
  ""coordinates"": [
    -83.144999494,
    42.441280765
  ],
  ""type"": ""Point""
}",-83.144999494,42.441280765
21113,9618541,8 MILE,SOUTHFIELD SERVICE,2016-02-07,7,2,2016,3,1,97,3,,1,0,,1,1,3,35,2,2,2,5,0,0,0,0,true,,false,false,false,false,false,,,,,,false,false,true,,,false,false,false,false,false,-83.21742,42.44423,"{
  ""coordinates"": [
    -8.321741876700000e+01,
    4.244422915800000e+01
  ],
  ""type"": ""Point""
}","{
  ""coordinates"": [
    -83.217418767,
    42.444229158
  ],
  ""type"": ""Point""
}",-83.217418767,42.444229158
21114,9617681,DEQUINDRE,MCNICHOLS,2016-02-07,7,2,2016,13,1,4,9,,4,0,,1,1,1,25,2,2,2,5,0,0,0,0,true,,false,false,false,false,false,,,,,,false,true,false,,,false,false,false,false,false,-83.08226,42.41884,"{
  ""coordinates"": [
    -8.308225864500000e+01,
    4.241884229900010e+01
  ],
  ""type"": ""Point""
}","{
  ""coordinates"": [
    -83.082258645,
    42.418842299
  ],
  ""type"": ""Point""
}",-83.082258645,42.4188422990001
21115,9618549,FENKELL,FERGUSON,2016-02-07,7,2,2016,9,1,3,9,,2,0,,1,1,1,30,4,2,4,4,0,0,0,1,false,,false,false,false,false,false,,,,,,false,false,true,,,false,false,false,false,false,-83.20934,42.40127,"{
  ""coordinates"": [
    -8.320934269900000e+01,
    4.240127160500000e+01
  ],
  ""type"": ""Point""
}","{
  ""coordinates"": [
    -83.209342699,
    42.401271605
  ],
  ""type"": ""Point""
}",-83.209342699,42.401271605
21116,9617686,PROMENADE,HAYES,2016-02-07,7,2,2016,23,1,4,9,,,0,,1,1,4,35,2,2,3,5,0,0,0,0,true,,false,false,true,false,false,,,,,,false,false,false,,,false,false,false,false,false,-82.96468,42.41359,"{
  ""coordinates"": [
    -8.296467805700000e+01,
    4.241358946200010e+01
  ],
  ""type"": ""Point""
}","{
  ""coordinates"": [
    -82.964678057,
    42.413589462
  ],
  ""type"": ""Point""
}",-82.964678057,42.4135894620001
21117,9619302,W I 96,KENTFIELD,2016-02-07,7,2,2016,3,1,8,1,,1,0,,1,2,4,70,4,2,2,4,0,0,0,1,false,,false,false,false,false,false,,,,,,false,false,false,,,false,false,false,false,false,-83.24078,42.38391,"{
  ""coordinates"": [
    -8.324078385599999e+01,
    4.238391432400000e+01
  ],
  ""type"": ""Point""
}","{
  ""coordinates"": [
    -83.240783856,
    42.383914324
  ],
  ""type"": ""Point""
}",-83.240783856,42.383914324
21118,9618516,CHICAGO,STEEL,2016-02-07,7,2,2016,12,1,8,9,,4,3,,1,1,1,35,4,2,1,5,0,0,0,0,true,,false,false,false,false,false,,,,,,false,false,false,,,false,false,false,false,false,-83.17038,42.36594,"{
  ""coordinates"": [
    -8.317037803600000e+01,
    4.236594511100000e+01
  ],
  ""type"": ""Point""
}","{
  ""coordinates"": [
    -83.170378036,
    42.365945111
  ],
  ""type"": ""Point""
}",-83.170378036,42.365945111
21119,9620915,DAVISON,RAMP 047F,2016-02-07,7,2,2016,1,1,97,9,,4,0,,1,2,4,55,1,3,3,3,0,0,1,0,false,,false,false,false,false,false,,,,,,false,false,false,,,false,false,false,false,false,-83.07915,42.40906,"{
  ""coordinates"": [
    -8.307915459799990e+01,
    4.240906059800010e+01
  ],
  ""type"": ""Point""
}","{
  ""coordinates"": [
    -83.079154598,
    42.409060598
  ],
  ""type"": ""Point""
}",-83.0791545979999,42.4090605980001
21120,9618540,WILDEMERE,CORTLAND,2016-02-07,7,2,2016,20,1,97,9,,,0,,1,1,3,25,2,2,1,5,0,0,0,0,true,,false,false,true,false,false,,,,,,false,false,false,,,false,false,false,false,false,-83.12339,42.38499,"{
  ""coordinates"": [
    -8.312338830600000e+01,
    4.238499272900000e+01
  ],
  ""type"": ""Point""
}","{
  ""coordinates"": [
    -83.123388306,
    42.384992729
  ],
  ""type"": ""Point""
}",-83.123388306,42.384992729
21121,9618554,DEXTER,BOURKE,2016-02-07,7,2,2016,14,1,4,9,,4,0,,1,1,1,30,4,2,3,4,0,0,0,2,false,,false,false,true,false,false,,,,,,false,false,false,,,false,false,false,false,false,-83.13541,42.39887,"{
  ""coordinates"": [
    -8.313541624899990e+01,
    4.239886681500010e+01
  ],
  ""type"": ""Point""
}","{
  ""coordinates"": [
    -83.135416249,
    42.398866815
  ],
  ""type"": ""Point""
}",-83.1354162489999,42.3988668150001
21122,9616702,I-94,CENTRAL,2016-02-07,7,2,2016,5,1,1,1,,1,1,,1,1,4,55,3,1,1,4,0,0,0,1,false,,false,false,false,false,false,,,,,,false,false,true,,,false,false,false,false,false,-83.13668,42.33292,"{
  ""coordinates"": [
    -8.313667679799990e+01,
    4.233292180300000e+01
  ],
  ""type"": ""Point""
}","{
  ""coordinates"": [
    -83.136676798,
    42.332921803
  ],
  ""type"": ""Point""
}",-83.1366767979999,42.332921803
21123,9624100,I-94,FRONTENAC,2016-02-07,7,2,2016,15,1,1,1,,1,1,,1,1,1,55,3,1,1,2,0,1,0,0,false,,false,false,false,false,false,,,,,,false,false,false,,,false,false,false,false,false,-83.02809,42.38429,"{
  ""coordinates"": [
    -8.302808791599990e+01,
    4.238428931800010e+01
  ],
  ""type"": ""Point""
}","{
  ""coordinates"": [
    -83.028087916,
    42.384289318
  ],
  ""type"": ""Point""
}",-83.0280879159999,42.3842893180001
21124,9619303,S M 10,LIVERNOIS,2016-02-07,7,2,2016,23,1,8,3,,1,0,,1,2,4,55,3,2,1,4,0,0,0,1,false,,false,false,true,false,false,,,,,,false,false,false,,,false,false,false,false,false,-83.14005,42.40481,"{
  ""coordinates"": [
    -8.314004525900000e+01,
    4.240480994100010e+01
  ],
  ""type"": ""Point""
}","{
  ""coordinates"": [
    -83.140045259,
    42.404809941
  ],
  ""type"": ""Point""
}",-83.140045259,42.4048099410001
21125,9618521,TIREMAN,EVERGREEN,2016-02-07,7,2,2016,23,1,5,9,,4,0,,1,1,4,35,3,2,1,5,0,0,0,0,true,,false,false,true,false,false,,,,,,false,false,false,,,false,false,false,false,false,-83.23568,42.35033,"{
  ""coordinates"": [
    -8.323568270000000e+01,
    4.235033111700010e+01
  ],
  ""type"": ""Point""
}","{
  ""coordinates"": [
    -83.2356827,
    42.350331117
  ],
  ""type"": ""Point""
}",-83.2356827,42.3503311170001
21126,9620878,WBI94,ADDISON,2016-02-07,7,2,2016,0,1,97,1,,1,0,,1,1,4,55,3,2,1,3,0,0,1,1,false,,false,false,false,false,false,,,,,,false,true,false,,,false,false,false,false,false,-83.14925,42.33058,"{
  ""coordinates"": [
    -8.314925408200000e+01,
    4.233057904000000e+01
  ],
  ""type"": ""Point""
}","{
  ""coordinates"": [
    -83.149254082,
    42.33057904
  ],
  ""type"": ""Point""
}",-83.149254082,42.33057904
21127,9618553,LIVERNOIS,LINSDALE,2016-02-07,7,2,2016,9,1,1,9,,4,0,,1,1,1,35,4,2,3,4,0,0,0,3,false,,false,false,false,false,false,,,,,,false,false,false,,,true,false,false,false,false,-83.13825,42.35637,"{
  ""coordinates"": [
    -8.313825131599999e+01,
    4.235636992400000e+01
  ],
  ""type"": ""Point""
}","{
  ""coordinates"": [
    -83.138251316,
    42.356369924
  ],
  ""type"": ""Point""
}",-83.138251316,42.356369924
21128,9619486,GRAND,BENSON,2016-02-07,7,2,2016,20,1,8,9,,4,0,,1,1,5,30,3,2,0,5,0,0,0,0,true,,false,false,true,false,false,,,,,,false,false,false,,,false,false,false,false,false,-83.01132,42.36147,"{
  ""coordinates"": [
    -8.301132445600000e+01,
    4.236147057900010e+01
  ],
  ""type"": ""Point""
}","{
  ""coordinates"": [
    -83.011324456,
    42.361470579
  ],
  ""type"": ""Point""
}",-83.011324456,42.3614705790001
21129,9625013,I 94,TARNOW,2016-02-07,7,2,2016,6,1,5,9,,4,0,,1,1,4,55,3,2,2,5,0,0,0,0,true,,false,false,false,false,false,,,,,,false,true,false,,,false,false,false,false,false,-83.13549,42.33367,"{
  ""coordinates"": [
    -8.313549015599990e+01,
    4.233367132500010e+01
  ],
  ""type"": ""Point""
}","{
  ""coordinates"": [
    -83.135490156,
    42.333671325
  ],
  ""type"": ""Point""
}",-83.1354901559999,42.3336713250001
21130,9617700,RAMP 216D,RUSSELL,2016-02-07,7,2,2016,3,1,1,1,,1,1,,3,4,5,30,2,1,1,4,0,0,0,1,false,,false,false,false,false,false,,,,,,false,false,true,,,false,false,false,false,false,-83.05576,42.36931,"{
  ""coordinates"": [
    -8.305576379000000e+01,
    4.236931145300010e+01
  ],
  ""type"": ""Point""
}","{
  ""coordinates"": [
    -83.05576379,
    42.369311453
  ],
  ""type"": ""Point""
}",-83.05576379,42.3693114530001
21131,9618556,BUFFALO,CASMERE,2016-02-07,7,2,2016,19,1,7,9,,4,0,,1,1,4,25,2,2,2,5,0,0,0,0,true,,false,false,true,false,false,,,,,,false,true,false,,,false,false,false,false,false,-83.04736,42.40755,"{
  ""coordinates"": [
    -8.304735517300000e+01,
    4.240755580700010e+01
  ],
  ""type"": ""Point""
}","{
  ""coordinates"": [
    -83.047355173,
    42.407555807
  ],
  ""type"": ""Point""
}",-83.047355173,42.4075558070001
21132,9617715,7 MILE,S I 75,2016-02-07,7,2,2016,2,1,5,9,,4,0,,1,1,4,35,2,2,6,4,0,0,0,4,false,,true,true,false,false,false,,,,,,false,false,true,,,false,false,false,false,false,-83.09489,42.43247,"{
  ""coordinates"": [
    -8.309489609199990e+01,
    4.243247270900010e+01
  ],
  ""type"": ""Point""
}","{
  ""coordinates"": [
    -83.094896092,
    42.432472709
  ],
  ""type"": ""Point""
}",-83.0948960919999,42.4324727090001
21133,9618546,8 MILE,JOHN R,2016-02-07,7,2,2016,2,1,8,3,,1,0,,1,1,5,40,6,2,1,5,0,0,0,0,true,,false,false,true,false,false,,,,,,false,false,false,,,false,false,false,false,false,-83.10323,42.44699,"{
  ""coordinates"": [
    -8.310323493999989e+01,
    4.244698839500010e+01
  ],
  ""type"": ""Point""
}","{
  ""coordinates"": [
    -83.10323494,
    42.446988395
  ],
  ""type"": ""Point""
}",-83.1032349399999,42.4469883950001
21134,9618561,PIERSON,HESSEL,2016-02-07,7,2,2016,14,1,4,9,,,0,,1,1,1,20,3,2,2,5,0,0,0,0,true,,false,false,false,false,false,,,,,,false,true,false,,,false,false,false,false,false,-83.24783,42.44215,"{
  ""coordinates"": [
    -8.324782465899990e+01,
    4.244215044700010e+01
  ],
  ""type"": ""Point""
}","{
  ""coordinates"": [
    -83.247824659,
    42.442150447
  ],
  ""type"": ""Point""
}",-83.2478246589999,42.4421504470001