ObjectId,Crash ID,Primary Road,Intersecting Road,Crash Date,Day,Month,Year,Hour,Weekday,Crash Type Code,Highway Classification Code,Community Code,Jurisdiction Code,Lane Departure Type Code,Surface Type,Road Condition,Weather Condition,Lighting Condition,Speed Limit,Lanes,Units,Occupants,Most Severe Injury,Fatal Injuries,Suspected Serious Injuries,Suspected Minor Injuries,Possible Injuries,Property Damage Only,Secondary Crash,Traffic Control,Red Light Run,Hit and Run,Alcohol,Drugs,Unbelted Person,Work Zone,Speeding Driver,Distracted Driver,Driveway,Pedestrian,Elderly Driver,Young Driver,Commercial Vehicle,Emergency Vehicles,Train,School Bus,Motorcycle,Bicycle,Deer,Longitude,Latitude,geom,geog,x,y
21135,9616844,N I 75 SERVICE DRIVE,GRAND,2016-02-07,7,2,2016,0,1,8,9,,4,0,,1,1,4,30,3,2,2,5,0,0,0,0,true,,false,false,false,false,false,,,,,,false,false,true,,,false,false,false,false,false,-83.08434,42.31588,"{
  ""coordinates"": [
    -8.308433835800000e+01,
    4.231587644300000e+01
  ],
  ""type"": ""Point""
}","{
  ""coordinates"": [
    -83.084338358,
    42.315876443
  ],
  ""type"": ""Point""
}",-83.084338358,42.315876443
21136,9617697,WARREN,HAVERHILL,2016-02-07,7,2,2016,12,1,4,9,,4,0,,1,1,1,35,2,4,6,3,0,0,1,2,false,,true,false,false,false,false,,,,,,false,false,true,,,false,false,false,false,false,-82.94286,42.40129,"{
  ""coordinates"": [
    -8.294285632600000e+01,
    4.240129172800000e+01
  ],
  ""type"": ""Point""
}","{
  ""coordinates"": [
    -82.942856326,
    42.401291728
  ],
  ""type"": ""Point""
}",-82.942856326,42.401291728
21137,9616694,W I 94,RAMP 211B,2016-02-07,7,2,2016,0,1,1,1,,1,1,,1,1,4,55,3,1,1,4,0,0,0,1,false,,false,false,false,true,false,,,,,,false,false,false,,,false,false,false,false,false,-83.14809,42.33084,"{
  ""coordinates"": [
    -8.314809749200001e+01,
    4.233084659600010e+01
  ],
  ""type"": ""Point""
}","{
  ""coordinates"": [
    -83.148097492,
    42.330846596
  ],
  ""type"": ""Point""
}",-83.148097492,42.3308465960001
21138,9621071,JUNCTION,BRANDON,2016-02-07,7,2,2016,2,1,8,9,,4,0,,1,1,4,25,2,2,1,5,0,0,0,0,true,,false,false,false,true,false,,,,,,false,false,false,,,false,false,false,false,false,-83.10461,42.32169,"{
  ""coordinates"": [
    -8.310461735299999e+01,
    4.232168856400010e+01
  ],
  ""type"": ""Point""
}","{
  ""coordinates"": [
    -83.104617353,
    42.321688564
  ],
  ""type"": ""Point""
}",-83.104617353,42.3216885640001
21139,9622105,JOHN R,MACK,2016-02-07,7,2,2016,10,1,4,9,,4,0,,1,1,4,0,8,2,2,5,0,0,0,0,true,,false,false,false,false,false,,,,,,false,false,false,,,false,false,false,false,false,-83.05592,42.34834,"{
  ""coordinates"": [
    -8.305591265800000e+01,
    4.234833960500000e+01
  ],
  ""type"": ""Point""
}","{
  ""coordinates"": [
    -83.055912658,
    42.348339605
  ],
  ""type"": ""Point""
}",-83.055912658,42.348339605
21140,9625014,RAMP 109A,DAVISON,2016-02-07,7,2,2016,9,1,1,3,,1,1,,1,1,1,45,1,1,1,5,0,0,0,0,true,,false,false,false,false,false,,,,,,false,false,false,,,false,false,false,false,false,-83.11044,42.39827,"{
  ""coordinates"": [
    -8.311043949899990e+01,
    4.239827194400000e+01
  ],
  ""type"": ""Point""
}","{
  ""coordinates"": [
    -83.110439499,
    42.398271944
  ],
  ""type"": ""Point""
}",-83.1104394989999,42.398271944
21141,9619289,I-94,MT ELLIOT,2016-02-06,6,2,2016,21,7,1,1,,1,0,,1,2,3,70,3,1,4,5,0,0,0,0,true,,false,false,false,false,false,,,,,,false,false,false,,,false,false,false,false,false,-83.02957,42.38353,"{
  ""coordinates"": [
    -8.302956835600000e+01,
    4.238353447400000e+01
  ],
  ""type"": ""Point""
}","{
  ""coordinates"": [
    -83.029568356,
    42.383534474
  ],
  ""type"": ""Point""
}",-83.029568356,42.383534474
21142,9616833,CASS,ALEXANDRINE,2016-02-06,6,2,2016,10,7,6,9,,4,0,,1,1,1,25,2,2,3,4,0,0,0,1,false,,false,false,false,false,false,,,,,,false,false,false,,,false,false,false,false,false,-83.0629,42.34943,"{
  ""coordinates"": [
    -8.306290522400000e+01,
    4.234942476500000e+01
  ],
  ""type"": ""Point""
}","{
  ""coordinates"": [
    -83.062905224,
    42.349424765
  ],
  ""type"": ""Point""
}",-83.062905224,42.349424765
21143,9617712,MCNICHOLS,WOODBINE,2016-02-06,6,2,2016,16,7,3,9,,2,0,,1,1,3,35,4,2,2,4,0,0,0,1,false,,false,false,false,false,false,,,,,,false,false,false,,,false,false,false,false,false,-83.27831,42.41451,"{
  ""coordinates"": [
    -8.327831095800001e+01,
    4.241450832500000e+01
  ],
  ""type"": ""Point""
}","{
  ""coordinates"": [
    -83.278310958,
    42.414508325
  ],
  ""type"": ""Point""
}",-83.278310958,42.414508325
21144,9616695,I-94,GRATIOT,2016-02-06,6,2,2016,12,7,1,1,,1,1,,1,1,1,55,3,1,1,5,0,0,0,0,true,,false,false,false,false,false,,,,,,false,false,false,,,false,false,false,false,false,-83.00591,42.39162,"{
  ""coordinates"": [
    -8.300591225399999e+01,
    4.239161631600010e+01
  ],
  ""type"": ""Point""
}","{
  ""coordinates"": [
    -83.005912254,
    42.391616316
  ],
  ""type"": ""Point""
}",-83.005912254,42.3916163160001
21145,9966933,I-375,MONROE,2016-02-06,6,2,2016,5,7,1,1,,1,0,,1,1,4,55,3,2,1,1,1,0,0,0,false,,false,false,false,false,false,,,,,,true,false,false,,,false,false,false,false,false,-83.03872,42.3368,"{
  ""coordinates"": [
    -8.303871996500000e+01,
    4.233679662000000e+01
  ],
  ""type"": ""Point""
}","{
  ""coordinates"": [
    -83.038719965,
    42.33679662
  ],
  ""type"": ""Point""
}",-83.038719965,42.33679662
21146,9631298,STATE FAIR,N I 75,2016-02-06,6,2,2016,17,7,8,9,,4,0,,1,1,1,25,2,2,2,5,0,0,0,0,true,,false,false,true,false,false,,,,,,false,true,false,,,false,false,false,false,false,-83.09496,42.43975,"{
  ""coordinates"": [
    -8.309495582200000e+01,
    4.243974900900000e+01
  ],
  ""type"": ""Point""
}","{
  ""coordinates"": [
    -83.094955822,
    42.439749009
  ],
  ""type"": ""Point""
}",-83.094955822,42.439749009
21147,9618525,MORANG,SARATOGA,2016-02-06,6,2,2016,23,7,5,9,,4,0,,1,1,4,30,2,2,1,5,0,0,0,0,true,,false,false,true,false,false,,,,,,false,false,false,,,false,false,false,false,false,-82.96025,42.43284,"{
  ""coordinates"": [
    -8.296024914700000e+01,
    4.243283837500010e+01
  ],
  ""type"": ""Point""
}","{
  ""coordinates"": [
    -82.960249147,
    42.432838375
  ],
  ""type"": ""Point""
}",-82.960249147,42.4328383750001
21148,9616868,GRATIOT,6 MILE,2016-02-06,6,2,2016,13,7,8,3,,1,0,,1,1,1,35,7,2,1,5,0,0,0,0,true,,false,false,true,false,false,,,,,,false,false,false,,,false,false,false,false,false,-82.98302,42.42698,"{
  ""coordinates"": [
    -8.298302556300000e+01,
    4.242697959700010e+01
  ],
  ""type"": ""Point""
}","{
  ""coordinates"": [
    -82.983025563,
    42.426979597
  ],
  ""type"": ""Point""
}",-82.983025563,42.4269795970001
21149,9617695,WYOMING,E I 96 SERVICE DRIVE,2016-02-06,6,2,2016,15,7,5,9,,4,0,,1,1,1,30,4,2,2,5,0,0,0,0,true,,false,false,true,false,false,,,,,,false,true,false,,,false,false,false,false,false,-83.15895,42.38481,"{
  ""coordinates"": [
    -8.315895335300000e+01,
    4.238481278100010e+01
  ],
  ""type"": ""Point""
}","{
  ""coordinates"": [
    -83.158953353,
    42.384812781
  ],
  ""type"": ""Point""
}",-83.158953353,42.3848127810001
21150,9616855,SAINT MARYS,TIREMAN,2016-02-06,6,2,2016,0,7,1,9,,,1,,1,1,4,25,2,1,2,5,0,0,0,0,true,,false,false,false,false,false,,,,,,false,false,true,,,false,false,false,false,false,-83.20394,42.35051,"{
  ""coordinates"": [
    -8.320393905400000e+01,
    4.235050702300000e+01
  ],
  ""type"": ""Point""
}","{
  ""coordinates"": [
    -83.203939054,
    42.350507023
  ],
  ""type"": ""Point""
}",-83.203939054,42.350507023
21151,9616835,VERNOR,N I 75 SERVICE DRIVE,2016-02-06,6,2,2016,11,7,4,9,,4,0,,1,1,1,25,3,2,2,4,0,0,0,1,false,,true,true,false,false,false,,,,,,false,false,true,,,false,false,false,false,false,-83.08337,42.32523,"{
  ""coordinates"": [
    -8.308337510500000e+01,
    4.232522871700010e+01
  ],
  ""type"": ""Point""
}","{
  ""coordinates"": [
    -83.083375105,
    42.325228717
  ],
  ""type"": ""Point""
}",-83.083375105,42.3252287170001
21152,9617684,JOY,TERRY,2016-02-06,6,2,2016,17,7,5,9,,4,0,,1,2,1,35,3,2,3,5,0,0,0,0,true,,false,false,false,false,false,,,,,,false,false,true,,,false,false,false,false,false,-83.19081,42.35826,"{
  ""coordinates"": [
    -8.319081281599991e+01,
    4.235826396300010e+01
  ],
  ""type"": ""Point""
}","{
  ""coordinates"": [
    -83.190812816,
    42.358263963
  ],
  ""type"": ""Point""
}",-83.1908128159999,42.3582639630001
21153,9616843,2ND,FOREST,2016-02-06,6,2,2016,12,7,8,9,,4,0,,1,1,4,25,2,2,4,5,0,0,0,0,true,,false,false,false,false,false,,,,,,false,false,true,,,false,false,false,false,false,-83.06747,42.35277,"{
  ""coordinates"": [
    -8.306746605399999e+01,
    4.235277157600010e+01
  ],
  ""type"": ""Point""
}","{
  ""coordinates"": [
    -83.067466054,
    42.352771576
  ],
  ""type"": ""Point""
}",-83.067466054,42.3527715760001
21154,9616834,7700 JEFFERSON,BALDWIN,2016-02-06,6,2,2016,6,7,1,9,,4,1,,1,1,4,40,8,1,2,3,0,0,2,0,false,,false,false,false,false,false,,,,,,false,false,true,,,false,false,false,false,false,-82.99759,42.34964,"{
  ""coordinates"": [
    -8.299759162500000e+01,
    4.234964069800000e+01
  ],
  ""type"": ""Point""
}","{
  ""coordinates"": [
    -82.997591625,
    42.349640698
  ],
  ""type"": ""Point""
}",-82.997591625,42.349640698
21155,9616827,LIVERNOIS,ALASKA,2016-02-06,6,2,2016,12,7,1,9,,4,0,,1,1,1,35,3,1,1,3,0,0,1,0,false,,false,false,false,false,false,,,,,,false,false,false,,,false,false,false,false,false,-83.13822,42.35577,"{
  ""coordinates"": [
    -8.313822498699990e+01,
    4.235576700900000e+01
  ],
  ""type"": ""Point""
}","{
  ""coordinates"": [
    -83.138224987,
    42.355767009
  ],
  ""type"": ""Point""
}",-83.1382249869999,42.355767009
21156,9616824,KEELER,CHEYENNE,2016-02-06,6,2,2016,17,7,4,9,,,0,,1,2,3,25,1,2,2,3,0,0,1,0,false,,false,false,false,false,false,,,,,,false,false,false,,,false,false,true,false,false,-83.17484,42.40397,"{
  ""coordinates"": [
    -8.317483928999999e+01,
    4.240396948000010e+01
  ],
  ""type"": ""Point""
}","{
  ""coordinates"": [
    -83.17483929,
    42.40396948
  ],
  ""type"": ""Point""
}",-83.17483929,42.4039694800001
21157,9617704,SEVEN MILE,FERGUSON,2016-02-06,6,2,2016,0,7,97,9,,2,0,,1,1,4,35,4,1,1,5,0,0,0,0,true,,false,false,false,false,false,,,,,,false,false,true,,,false,false,false,false,false,-83.21053,42.43026,"{
  ""coordinates"": [
    -8.321052394500001e+01,
    4.243025664300010e+01
  ],
  ""type"": ""Point""
}","{
  ""coordinates"": [
    -83.210523945,
    42.430256643
  ],
  ""type"": ""Point""
}",-83.210523945,42.4302566430001
21158,9620893,DAVISON,CANADIAN NATIONAL RAILWAY,2016-02-06,6,2,2016,22,7,8,9,,4,0,,1,2,4,55,2,2,6,5,0,0,0,0,true,,false,false,true,false,false,,,,,,false,false,true,,,false,false,false,false,false,-83.08098,42.40821,"{
  ""coordinates"": [
    -8.308097867299990e+01,
    4.240820788300000e+01
  ],
  ""type"": ""Point""
}","{
  ""coordinates"": [
    -83.080978673,
    42.408207883
  ],
  ""type"": ""Point""
}",-83.0809786729999,42.408207883
21159,9629652,MONTGOMERY,LINWOOD,2016-02-06,6,2,2016,18,7,8,9,,,0,,97,98,98,25,2,2,1,5,0,0,0,0,true,,false,false,false,false,false,,,,,,false,false,false,,,false,false,false,false,false,-83.10316,42.36509,"{
  ""coordinates"": [
    -8.310315371400000e+01,
    4.236509345900000e+01
  ],
  ""type"": ""Point""
}","{
  ""coordinates"": [
    -83.103153714,
    42.365093459
  ],
  ""type"": ""Point""
}",-83.103153714,42.365093459
21160,9619227,M-10,PEMBROKE,2016-02-06,6,2,2016,11,7,5,3,,1,0,,1,1,1,55,3,4,5,4,0,0,0,2,false,,false,false,false,false,false,,,,,,false,true,false,,,false,false,false,false,false,-83.19641,42.43938,"{
  ""coordinates"": [
    -8.319641241300000e+01,
    4.243938502100010e+01
  ],
  ""type"": ""Point""
}","{
  ""coordinates"": [
    -83.196412413,
    42.439385021
  ],
  ""type"": ""Point""
}",-83.196412413,42.4393850210001
21161,9616663,E/B I 96,WYOMING,2016-02-06,6,2,2016,3,7,5,1,,1,0,,1,1,4,55,3,2,2,3,0,0,1,0,false,,false,false,false,false,false,,,,,,false,false,false,,,false,false,false,false,false,-83.15701,42.38524,"{
  ""coordinates"": [
    -8.315700752700000e+01,
    4.238524380900000e+01
  ],
  ""type"": ""Point""
}","{
  ""coordinates"": [
    -83.157007527,
    42.385243809
  ],
  ""type"": ""Point""
}",-83.157007527,42.385243809
21162,9627217,CONNER RAMP 220E,I94,2016-02-06,6,2,2016,2,7,1,1,,1,1,,1,2,4,55,1,1,2,5,0,0,0,0,true,,false,false,false,true,false,,,,,,false,false,false,,,false,false,false,false,false,-82.98624,42.39724,"{
  ""coordinates"": [
    -8.298624085800000e+01,
    4.239723934800000e+01
  ],
  ""type"": ""Point""
}","{
  ""coordinates"": [
    -82.986240858,
    42.397239348
  ],
  ""type"": ""Point""
}",-82.986240858,42.397239348
21163,9616662,W/B I 96,WYOMING,2016-02-06,6,2,2016,3,7,1,1,,1,1,,1,1,4,55,3,1,1,5,0,0,0,0,true,,false,false,false,false,false,,,,,,false,false,false,,,false,false,false,false,false,-83.16093,42.38543,"{
  ""coordinates"": [
    -8.316093228299999e+01,
    4.238543303200000e+01
  ],
  ""type"": ""Point""
}","{
  ""coordinates"": [
    -83.160932283,
    42.385433032
  ],
  ""type"": ""Point""
}",-83.160932283,42.385433032
21164,9616841,S I 75 SERVICE DRIVE,3RD,2016-02-06,6,2,2016,0,7,8,3,,5,0,,4,5,4,25,2,2,2,5,0,0,0,0,true,,false,false,true,false,false,,,,,,false,false,false,,,false,false,false,false,false,-83.06042,42.33664,"{
  ""coordinates"": [
    -8.306041525400001e+01,
    4.233664427000010e+01
  ],
  ""type"": ""Point""
}","{
  ""coordinates"": [
    -83.060415254,
    42.33664427
  ],
  ""type"": ""Point""
}",-83.060415254,42.3366442700001
21165,9631910,CENTRAL,MCGRAW,2016-02-06,6,2,2016,5,7,5,9,,4,0,,1,1,4,25,2,4,0,5,0,0,0,0,true,,false,false,true,false,false,,,,,,false,false,false,,,false,false,false,false,false,-83.14091,42.33575,"{
  ""coordinates"": [
    -8.314091109200000e+01,
    4.233574632200000e+01
  ],
  ""type"": ""Point""
}","{
  ""coordinates"": [
    -83.140911092,
    42.335746322
  ],
  ""type"": ""Point""
}",-83.140911092,42.335746322
21166,9616890,SCHAEFER,FLORENCE,2016-02-06,6,2,2016,21,7,4,9,,4,0,,1,1,4,30,4,2,4,4,0,0,0,4,false,,false,false,false,false,false,,,,,,false,false,true,,,false,false,false,false,false,-83.17957,42.41183,"{
  ""coordinates"": [
    -8.317957290899990e+01,
    4.241182725000000e+01
  ],
  ""type"": ""Point""
}","{
  ""coordinates"": [
    -83.179572909,
    42.41182725
  ],
  ""type"": ""Point""
}",-83.1795729089999,42.41182725
21167,9616877,CODY,MITHCHELL,2016-02-06,6,2,2016,11,7,8,9,,,0,,1,1,1,25,1,2,0,5,0,0,0,0,true,,false,false,true,false,false,,,,,,false,false,false,,,false,false,false,false,false,-83.06569,42.41073,"{
  ""coordinates"": [
    -8.306568665700000e+01,
    4.241072971200000e+01
  ],
  ""type"": ""Point""
}","{
  ""coordinates"": [
    -83.065686657,
    42.410729712
  ],
  ""type"": ""Point""
}",-83.065686657,42.410729712
21168,9616883,MCNICHOLS,RUTHERFORD,2016-02-06,6,2,2016,4,7,1,9,,2,1,,1,1,4,35,2,1,1,5,0,0,0,0,true,,false,false,false,false,false,,,,,,false,false,true,,,false,false,false,false,false,-83.20476,42.41585,"{
  ""coordinates"": [
    -8.320475760900000e+01,
    4.241584834300010e+01
  ],
  ""type"": ""Point""
}","{
  ""coordinates"": [
    -83.204757609,
    42.415848343
  ],
  ""type"": ""Point""
}",-83.204757609,42.4158483430001
21169,9616661,N M 10,BELDEN,2016-02-06,6,2,2016,2,7,5,3,,1,0,,1,1,4,55,3,2,2,5,0,0,0,0,true,,false,false,false,false,false,,,,,,false,false,false,,,false,false,false,false,false,-83.1356,42.40501,"{
  ""coordinates"": [
    -8.313559768000000e+01,
    4.240501379700000e+01
  ],
  ""type"": ""Point""
}","{
  ""coordinates"": [
    -83.13559768,
    42.405013797
  ],
  ""type"": ""Point""
}",-83.13559768,42.405013797
21170,9621905,I-75,7 MILE,2016-02-06,6,2,2016,2,7,5,1,,1,0,,1,1,4,70,4,2,4,5,0,0,0,0,true,,false,false,true,true,false,,,,,,false,false,true,,,false,false,false,false,false,-83.09467,42.43277,"{
  ""coordinates"": [
    -8.309467251900000e+01,
    4.243276495200010e+01
  ],
  ""type"": ""Point""
}","{
  ""coordinates"": [
    -83.094672519,
    42.432764952
  ],
  ""type"": ""Point""
}",-83.094672519,42.4327649520001
21171,9619502,LAFAYETTE,SHELBY,2016-02-06,6,2,2016,3,7,97,9,,4,0,,1,1,4,30,2,2,2,5,0,0,0,0,true,,false,false,false,false,false,,,,,,false,false,false,,,false,false,false,false,false,-83.04919,42.33111,"{
  ""coordinates"": [
    -8.304918405900000e+01,
    4.233110802000000e+01
  ],
  ""type"": ""Point""
}","{
  ""coordinates"": [
    -83.049184059,
    42.33110802
  ],
  ""type"": ""Point""
}",-83.049184059,42.33110802
21172,9619501,GRAND,WOODWARD,2016-02-06,6,2,2016,9,7,8,3,,1,0,,1,1,1,0,6,2,4,5,0,0,0,0,true,,false,false,false,false,false,,,,,,false,true,false,,,false,false,false,false,false,-83.20865,42.39681,"{
  ""coordinates"": [
    -8.320864705799990e+01,
    4.239680903100000e+01
  ],
  ""type"": ""Point""
}","{
  ""coordinates"": [
    -83.208647058,
    42.396809031
  ],
  ""type"": ""Point""
}",-83.2086470579999,42.396809031
21173,9619530,CANIFF,MOUNT ELLIOTT,2016-02-06,6,2,2016,16,7,4,9,,4,0,,1,1,1,25,1,2,3,5,0,0,0,0,true,,true,true,false,false,false,,,,,,false,true,false,,,false,false,false,false,false,-83.04027,42.40629,"{
  ""coordinates"": [
    -8.304026473499989e+01,
    4.240628985700000e+01
  ],
  ""type"": ""Point""
}","{
  ""coordinates"": [
    -83.040264735,
    42.406289857
  ],
  ""type"": ""Point""
}",-83.0402647349999,42.406289857
21174,9616688,S M 39,RAMP 008H,2016-02-06,6,2,2016,0,7,5,3,,1,0,,1,1,4,55,3,2,2,5,0,0,0,0,true,,false,false,false,false,false,,,,,,false,false,true,,,false,false,false,false,false,-83.21748,42.38211,"{
  ""coordinates"": [
    -8.321747301499990e+01,
    4.238210692400000e+01
  ],
  ""type"": ""Point""
}","{
  ""coordinates"": [
    -83.217473015,
    42.382106924
  ],
  ""type"": ""Point""
}",-83.2174730149999,42.382106924
21175,9616820,FORT,GREEN,2016-02-06,6,2,2016,19,7,4,3,,1,0,,1,1,4,30,4,2,2,5,0,0,0,0,true,,false,false,true,false,false,,,,,,false,false,false,,,false,false,false,false,false,-83.1133,42.30249,"{
  ""coordinates"": [
    -8.311329573200000e+01,
    4.230248940900000e+01
  ],
  ""type"": ""Point""
}","{
  ""coordinates"": [
    -83.113295732,
    42.302489409
  ],
  ""type"": ""Point""
}",-83.113295732,42.302489409
21176,9616697,S M 39,PLYMOUTH,2016-02-06,6,2,2016,2,7,1,3,,1,1,,1,1,4,55,3,1,1,4,0,0,0,1,false,,false,false,false,false,false,,,,,,false,false,false,,,false,false,false,false,false,-83.2168,42.37307,"{
  ""coordinates"": [
    -8.321680108800000e+01,
    4.237307491000010e+01
  ],
  ""type"": ""Point""
}","{
  ""coordinates"": [
    -83.216801088,
    42.37307491
  ],
  ""type"": ""Point""
}",-83.216801088,42.3730749100001
21177,9621074,FORT,SOLVAY,2016-02-06,6,2,2016,22,7,5,3,,1,0,,1,1,4,30,5,2,1,5,0,0,0,0,true,,false,false,false,false,false,,,,,,false,false,false,,,false,false,false,false,false,-83.11557,42.30161,"{
  ""coordinates"": [
    -8.311556690200000e+01,
    4.230160680900010e+01
  ],
  ""type"": ""Point""
}","{
  ""coordinates"": [
    -83.115566902,
    42.301606809
  ],
  ""type"": ""Point""
}",-83.115566902,42.3016068090001
21178,9616889,MEYERS,FLORENCE,2016-02-06,6,2,2016,13,7,4,9,,4,0,,1,1,1,30,2,2,2,5,0,0,0,0,true,,false,false,true,false,false,,,,,,false,false,false,,,false,false,false,false,false,-83.16988,42.41197,"{
  ""coordinates"": [
    -8.316987389000001e+01,
    4.241196910600010e+01
  ],
  ""type"": ""Point""
}","{
  ""coordinates"": [
    -83.16987389,
    42.411969106
  ],
  ""type"": ""Point""
}",-83.16987389,42.4119691060001
21179,9619228,I-94,LIVERNOIS,2016-02-06,6,2,2016,14,7,8,1,,1,0,,1,1,1,55,3,2,2,5,0,0,0,0,true,,false,false,false,false,false,,,,,,false,false,false,,,false,false,false,false,false,-83.12664,42.33676,"{
  ""coordinates"": [
    -8.312663861199999e+01,
    4.233675955200000e+01
  ],
  ""type"": ""Point""
}","{
  ""coordinates"": [
    -83.126638612,
    42.336759552
  ],
  ""type"": ""Point""
}",-83.126638612,42.336759552
21180,9616864,MCNICHOLS,WARWICK,2016-02-06,6,2,2016,13,7,5,9,,2,0,,1,1,1,35,4,2,3,5,0,0,0,0,true,,false,false,true,false,false,,,,,,false,false,false,,,false,false,false,false,false,-83.2292,42.41534,"{
  ""coordinates"": [
    -8.322920598600000e+01,
    4.241534519800010e+01
  ],
  ""type"": ""Point""
}","{
  ""coordinates"": [
    -83.229205986,
    42.415345198
  ],
  ""type"": ""Point""
}",-83.229205986,42.4153451980001
21181,9620918,N M 10,CHICAGO,2016-02-06,6,2,2016,14,7,1,3,,1,1,,1,1,1,55,3,1,1,5,0,0,0,0,true,,false,false,false,false,false,,,,,,false,false,false,,,false,false,false,false,false,-83.0946,42.3824,"{
  ""coordinates"": [
    -8.309460814300000e+01,
    4.238239930900000e+01
  ],
  ""type"": ""Point""
}","{
  ""coordinates"": [
    -83.094608143,
    42.382399309
  ],
  ""type"": ""Point""
}",-83.094608143,42.382399309
21182,9616829,8 MILE,BROCK,2016-02-06,6,2,2016,11,7,8,3,,1,0,,1,1,1,35,3,2,3,5,0,0,0,0,true,,false,false,false,false,false,,,,,,false,false,false,,,false,false,false,false,false,-82.96329,42.44994,"{
  ""coordinates"": [
    -8.296329184200000e+01,
    4.244993503400010e+01
  ],
  ""type"": ""Point""
}","{
  ""coordinates"": [
    -82.963291842,
    42.449935034
  ],
  ""type"": ""Point""
}",-82.963291842,42.4499350340001
21183,9617604,I-94,M10,2016-02-06,6,2,2016,18,7,1,1,,1,1,,1,2,4,55,3,1,1,5,0,0,0,0,true,,false,false,false,false,true,,,,,,false,false,false,,,false,false,false,false,false,-83.07793,42.35787,"{
  ""coordinates"": [
    -8.307792283500000e+01,
    4.235786784400010e+01
  ],
  ""type"": ""Point""
}","{
  ""coordinates"": [
    -83.077922835,
    42.357867844
  ],
  ""type"": ""Point""
}",-83.077922835,42.3578678440001
21184,9658544,SCHAEFER,SEVEN MILE,2016-02-06,6,2,2016,16,7,9,9,,4,2,,1,2,1,30,2,2,3,4,0,0,0,1,false,,false,false,false,false,false,,,,,,false,false,true,,,false,false,false,false,false,-83.18048,42.4308,"{
  ""coordinates"": [
    -8.318048393100000e+01,
    4.243079966800010e+01
  ],
  ""type"": ""Point""
}","{
  ""coordinates"": [
    -83.180483931,
    42.430799668
  ],
  ""type"": ""Point""
}",-83.180483931,42.4307996680001
21185,9618552,LIVERNOIS,ALASKA,2016-02-06,6,2,2016,12,7,1,9,,4,1,,1,1,1,35,3,1,1,1,1,0,0,0,false,,false,false,false,false,false,,,,,,false,false,true,,,false,false,false,false,false,-83.13822,42.35577,"{
  ""coordinates"": [
    -8.313822498699990e+01,
    4.235576700900000e+01
  ],
  ""type"": ""Point""
}","{
  ""coordinates"": [
    -83.138224987,
    42.355767009
  ],
  ""type"": ""Point""
}",-83.1382249869999,42.355767009
21186,9616821,MADISOM,BRUSH,2016-02-06,6,2,2016,10,7,4,9,,4,0,,1,1,1,0,4,2,3,5,0,0,0,0,true,,true,true,false,false,false,,,,,,false,false,false,,,false,false,false,false,false,-83.04589,42.33737,"{
  ""coordinates"": [
    -8.304588999899990e+01,
    4.233736746700000e+01
  ],
  ""type"": ""Point""
}","{
  ""coordinates"": [
    -83.045889999,
    42.337367467
  ],
  ""type"": ""Point""
}",-83.0458899989999,42.337367467
21187,9617694,SCHAEFER,LYNDON,2016-02-06,6,2,2016,13,7,1,9,,4,1,,1,2,1,30,4,1,2,2,0,1,0,0,false,,false,false,false,false,false,,,,,,false,false,false,,,false,false,false,false,false,-83.1788,42.3951,"{
  ""coordinates"": [
    -8.317880410399989e+01,
    4.239509858700010e+01
  ],
  ""type"": ""Point""
}","{
  ""coordinates"": [
    -83.178804104,
    42.395098587
  ],
  ""type"": ""Point""
}",-83.1788041039999,42.3950985870001
21188,9616869,HAYES,SEYMOUR,2016-02-06,6,2,2016,13,7,4,9,,4,0,,1,1,1,35,3,4,3,4,0,0,0,1,false,,true,true,false,false,false,,,,,,false,false,true,,,false,false,false,false,false,-82.96526,42.42718,"{
  ""coordinates"": [
    -8.296525904000001e+01,
    4.242717989200000e+01
  ],
  ""type"": ""Point""
}","{
  ""coordinates"": [
    -82.96525904,
    42.427179892
  ],
  ""type"": ""Point""
}",-82.96525904,42.427179892
21189,9616701,I-94,CHENE,2016-02-06,6,2,2016,16,7,5,1,,1,0,,1,1,1,55,3,3,3,5,0,0,0,0,true,,false,false,false,false,false,,,,,,false,true,false,,,false,false,false,false,false,-83.04286,42.37558,"{
  ""coordinates"": [
    -8.304286078199991e+01,
    4.237558343200000e+01
  ],
  ""type"": ""Point""
}","{
  ""coordinates"": [
    -83.042860782,
    42.375583432
  ],
  ""type"": ""Point""
}",-83.0428607819999,42.375583432
21190,9617682,WOODWARD,ALGER,2016-02-06,6,2,2016,21,7,4,3,,1,0,,1,1,4,35,7,2,3,4,0,0,0,1,false,,false,false,true,false,false,,,,,,false,false,true,,,false,false,false,false,false,-83.07957,42.37961,"{
  ""coordinates"": [
    -8.307957197600000e+01,
    4.237960646600000e+01
  ],
  ""type"": ""Point""
}","{
  ""coordinates"": [
    -83.079571976,
    42.379606466
  ],
  ""type"": ""Point""
}",-83.079571976,42.379606466
21191,9616693,N M 10,RAMP 122B,2016-02-06,6,2,2016,21,7,1,3,,1,1,,1,1,4,55,1,1,1,5,0,0,0,0,true,,false,false,false,false,false,,,,,,false,false,true,,,false,false,false,false,false,-83.06497,42.33661,"{
  ""coordinates"": [
    -8.306497503299990e+01,
    4.233661053800010e+01
  ],
  ""type"": ""Point""
}","{
  ""coordinates"": [
    -83.064975033,
    42.336610538
  ],
  ""type"": ""Point""
}",-83.0649750329999,42.3366105380001
21192,9619536,PURITAN,SORRENTO,2016-02-06,6,2,2016,14,7,5,9,,4,0,,1,1,1,30,2,3,1,5,0,0,0,0,true,,false,false,false,false,false,,,,,,false,true,false,,,false,false,false,false,false,-83.17272,42.40948,"{
  ""coordinates"": [
    -8.317272094600000e+01,
    4.240947634100010e+01
  ],
  ""type"": ""Point""
}","{
  ""coordinates"": [
    -83.172720946,
    42.409476341
  ],
  ""type"": ""Point""
}",-83.172720946,42.4094763410001