ObjectId,Crash ID,Primary Road,Intersecting Road,Crash Date,Day,Month,Year,Hour,Weekday,Crash Type Code,Highway Classification Code,Community Code,Jurisdiction Code,Lane Departure Type Code,Surface Type,Road Condition,Weather Condition,Lighting Condition,Speed Limit,Lanes,Units,Occupants,Most Severe Injury,Fatal Injuries,Suspected Serious Injuries,Suspected Minor Injuries,Possible Injuries,Property Damage Only,Secondary Crash,Traffic Control,Red Light Run,Hit and Run,Alcohol,Drugs,Unbelted Person,Work Zone,Speeding Driver,Distracted Driver,Driveway,Pedestrian,Elderly Driver,Young Driver,Commercial Vehicle,Emergency Vehicles,Train,School Bus,Motorcycle,Bicycle,Deer,Longitude,Latitude,geom,geog,x,y
21193,9616884,LIVERNOIS,7 MILE,2016-02-06,6,2,2016,17,7,5,9,,4,0,,1,1,1,30,2,2,2,5,0,0,0,0,true,,false,false,false,false,false,,,,,,false,false,false,,,false,false,false,false,false,-83.14157,42.43163,"{
  ""coordinates"": [
    -8.314156955700000e+01,
    4.243163213900000e+01
  ],
  ""type"": ""Point""
}","{
  ""coordinates"": [
    -83.141569557,
    42.431632139
  ],
  ""type"": ""Point""
}",-83.141569557,42.431632139
21194,9617693,OAKMAN,GRANDRIVER,2016-02-06,6,2,2016,11,7,8,3,,4,0,,1,2,1,30,2,2,3,5,0,0,0,0,true,,false,false,true,false,false,,,,,,false,false,false,,,false,false,false,false,false,-83.15094,42.37354,"{
  ""coordinates"": [
    -8.315094223700000e+01,
    4.237354319100010e+01
  ],
  ""type"": ""Point""
}","{
  ""coordinates"": [
    -83.150942237,
    42.373543191
  ],
  ""type"": ""Point""
}",-83.150942237,42.3735431910001
21195,9619527,EPWORTH,LINSDALE,2016-02-06,6,2,2016,2,7,9,9,,4,2,,97,98,98,0,2,2,0,5,0,0,0,0,true,,false,false,true,false,false,,,,,,false,true,false,,,false,false,false,false,false,-83.13387,42.35768,"{
  ""coordinates"": [
    -8.313386604100000e+01,
    4.235768262400010e+01
  ],
  ""type"": ""Point""
}","{
  ""coordinates"": [
    -83.133866041,
    42.357682624
  ],
  ""type"": ""Point""
}",-83.133866041,42.3576826240001
21196,9617717,HUBBELL,PICKFORD,2016-02-06,6,2,2016,15,7,4,9,,4,0,,1,1,1,30,2,2,2,5,0,0,0,0,true,,false,false,false,false,false,,,,,,false,true,false,,,false,false,false,false,false,-83.18977,42.42531,"{
  ""coordinates"": [
    -8.318977574600000e+01,
    4.242530862600010e+01
  ],
  ""type"": ""Point""
}","{
  ""coordinates"": [
    -83.189775746,
    42.425308626
  ],
  ""type"": ""Point""
}",-83.189775746,42.4253086260001
21197,9621070,LIDDESDALE,OUTER,2016-02-06,6,2,2016,16,7,97,9,,,0,,1,1,1,25,2,2,0,5,0,0,0,0,true,,false,false,true,false,false,,,,,,false,false,false,,,false,false,false,false,false,-83.16536,42.2589,"{
  ""coordinates"": [
    -8.316536082499989e+01,
    4.225889966200000e+01
  ],
  ""type"": ""Point""
}","{
  ""coordinates"": [
    -83.165360825,
    42.258899662
  ],
  ""type"": ""Point""
}",-83.1653608249999,42.258899662
21198,9618515,QUINCY,RADFORD,2016-02-06,6,2,2016,14,7,4,9,,,0,,1,1,1,25,2,2,4,4,0,0,0,2,false,,false,false,false,false,false,,,,,,false,false,false,,,false,false,false,false,false,-83.11952,42.36473,"{
  ""coordinates"": [
    -8.311952077200000e+01,
    4.236473240700010e+01
  ],
  ""type"": ""Point""
}","{
  ""coordinates"": [
    -83.119520772,
    42.364732407
  ],
  ""type"": ""Point""
}",-83.119520772,42.3647324070001
21199,9617690,HUBBELL,BELTON,2016-02-06,6,2,2016,19,7,8,9,,4,0,,1,1,5,30,2,2,2,5,0,0,0,0,true,,false,false,true,false,false,,,,,,false,false,false,,,false,false,false,false,false,-83.18702,42.35368,"{
  ""coordinates"": [
    -8.318702281500001e+01,
    4.235368410100010e+01
  ],
  ""type"": ""Point""
}","{
  ""coordinates"": [
    -83.187022815,
    42.353684101
  ],
  ""type"": ""Point""
}",-83.187022815,42.3536841010001
21200,9616885,LIVERNOIS,7 MILE,2016-02-06,6,2,2016,12,7,5,9,,4,0,,1,1,1,30,6,3,4,5,0,0,0,0,true,,false,false,true,false,false,,,,,,false,false,false,,,false,false,false,false,false,-83.14139,42.43215,"{
  ""coordinates"": [
    -8.314138520800000e+01,
    4.243214783800000e+01
  ],
  ""type"": ""Point""
}","{
  ""coordinates"": [
    -83.141385208,
    42.432147838
  ],
  ""type"": ""Point""
}",-83.141385208,42.432147838
21201,9616838,LAFAYETTE,SHELBY,2016-02-06,6,2,2016,3,7,97,9,,4,0,,1,1,4,30,2,2,2,5,0,0,0,0,true,,false,false,false,false,false,,,,,,false,false,false,,,false,false,false,false,false,-83.04919,42.33111,"{
  ""coordinates"": [
    -8.304918405900000e+01,
    4.233110802000000e+01
  ],
  ""type"": ""Point""
}","{
  ""coordinates"": [
    -83.049184059,
    42.33110802
  ],
  ""type"": ""Point""
}",-83.049184059,42.33110802
21202,9625219,DIX,PITT,2016-02-06,6,2,2016,14,7,5,9,,4,0,,1,1,1,30,2,2,1,5,0,0,0,0,true,,false,false,true,false,false,,,,,,false,false,true,,,false,false,false,false,false,-83.12106,42.31635,"{
  ""coordinates"": [
    -8.312106057800000e+01,
    4.231635272500010e+01
  ],
  ""type"": ""Point""
}","{
  ""coordinates"": [
    -83.121060578,
    42.316352725
  ],
  ""type"": ""Point""
}",-83.121060578,42.3163527250001
21203,9619226,S M 10,RAMP 215B,2016-02-06,6,2,2016,7,7,8,3,,1,0,,1,1,2,55,3,2,2,5,0,0,0,0,true,,false,false,false,false,false,,,,,,false,false,true,,,false,false,false,false,false,-83.07736,42.3602,"{
  ""coordinates"": [
    -8.307736379100000e+01,
    4.236020260100000e+01
  ],
  ""type"": ""Point""
}","{
  ""coordinates"": [
    -83.077363791,
    42.360202601
  ],
  ""type"": ""Point""
}",-83.077363791,42.360202601
21204,9616826,VERNOR,CHENE,2016-02-06,6,2,2016,19,7,4,9,,4,0,,1,1,4,30,2,2,2,5,0,0,0,0,true,,true,true,false,false,false,,,,,,false,false,false,,,false,false,false,false,false,-83.0303,42.34986,"{
  ""coordinates"": [
    -8.303030237900001e+01,
    4.234986478900000e+01
  ],
  ""type"": ""Point""
}","{
  ""coordinates"": [
    -83.030302379,
    42.349864789
  ],
  ""type"": ""Point""
}",-83.030302379,42.349864789
21205,9616836,ETHEL,MELVIN,2016-02-06,6,2,2016,5,7,3,9,,,0,,1,1,1,25,2,2,1,5,0,0,0,0,true,,true,false,true,false,false,,,,,,false,false,false,,,false,false,false,false,false,-83.14783,42.27312,"{
  ""coordinates"": [
    -8.314783462500000e+01,
    4.227312462100010e+01
  ],
  ""type"": ""Point""
}","{
  ""coordinates"": [
    -83.147834625,
    42.273124621
  ],
  ""type"": ""Point""
}",-83.147834625,42.2731246210001
21206,9617705,MCNICHOLS,RUTHERFORD,2016-02-06,6,2,2016,5,7,1,9,,2,1,,1,1,4,35,4,1,1,4,0,0,0,1,false,,false,false,false,false,false,,,,,,false,false,true,,,false,false,false,false,false,-83.20451,42.41586,"{
  ""coordinates"": [
    -8.320450387400000e+01,
    4.241585367800010e+01
  ],
  ""type"": ""Point""
}","{
  ""coordinates"": [
    -83.204503874,
    42.415853678
  ],
  ""type"": ""Point""
}",-83.204503874,42.4158536780001
21207,9616842,WOODWARD,CANFIELD,2016-02-06,6,2,2016,10,7,5,3,,1,0,,1,1,1,30,2,2,3,4,0,0,0,2,false,,false,false,false,false,false,,,,,,false,false,true,,,false,false,false,false,false,-83.06143,42.35268,"{
  ""coordinates"": [
    -8.306143469400000e+01,
    4.235267972000000e+01
  ],
  ""type"": ""Point""
}","{
  ""coordinates"": [
    -83.061434694,
    42.35267972
  ],
  ""type"": ""Point""
}",-83.061434694,42.35267972
21208,9616878,7 MILE,RIOPELLE,2016-02-06,6,2,2016,1,7,5,9,,4,0,,1,1,4,30,2,2,0,5,0,0,0,0,true,,false,false,true,false,false,,,,,,false,false,false,,,false,false,false,false,false,-83.08651,42.43278,"{
  ""coordinates"": [
    -8.308650589800000e+01,
    4.243277729700000e+01
  ],
  ""type"": ""Point""
}","{
  ""coordinates"": [
    -83.086505898,
    42.432777297
  ],
  ""type"": ""Point""
}",-83.086505898,42.432777297
21209,9966934,I-375,MONROE,2016-02-06,6,2,2016,5,7,1,1,,1,0,,1,1,4,55,3,1,1,5,0,0,0,0,true,,false,false,false,false,false,,,,,,false,false,false,,,false,false,false,false,false,-83.03872,42.3368,"{
  ""coordinates"": [
    -8.303871996500000e+01,
    4.233679662000000e+01
  ],
  ""type"": ""Point""
}","{
  ""coordinates"": [
    -83.038719965,
    42.33679662
  ],
  ""type"": ""Point""
}",-83.038719965,42.33679662
21210,9616677,DAVISON,LA SALLE,2016-02-05,5,2,2016,16,6,5,3,,1,0,,1,1,2,35,3,2,3,5,0,0,0,0,true,,false,false,false,false,false,,,,,,false,false,true,,,false,false,false,false,false,-83.12028,42.39367,"{
  ""coordinates"": [
    -8.312027653699990e+01,
    4.239366447300010e+01
  ],
  ""type"": ""Point""
}","{
  ""coordinates"": [
    -83.120276537,
    42.393664473
  ],
  ""type"": ""Point""
}",-83.1202765369999,42.3936644730001
21211,9618545,8 MILE,PLAINVIEW,2016-02-05,5,2,2016,21,6,8,3,,1,0,,1,1,4,40,3,2,2,5,0,0,0,0,true,,false,false,true,false,false,,,,,,false,false,false,,,false,false,false,false,false,-83.23821,42.44378,"{
  ""coordinates"": [
    -8.323821620400000e+01,
    4.244377743500010e+01
  ],
  ""type"": ""Point""
}","{
  ""coordinates"": [
    -83.238216204,
    42.443777435
  ],
  ""type"": ""Point""
}",-83.238216204,42.4437774350001
21212,9616676,S/B M-39,SCHOOLCRAFT,2016-02-05,5,2,2016,8,6,5,3,,1,0,,1,1,1,55,3,2,2,4,0,0,0,1,false,,false,false,false,false,false,,,,,,false,false,false,,,false,false,false,false,false,-83.21767,42.38526,"{
  ""coordinates"": [
    -8.321766713900000e+01,
    4.238525588300010e+01
  ],
  ""type"": ""Point""
}","{
  ""coordinates"": [
    -83.217667139,
    42.385255883
  ],
  ""type"": ""Point""
}",-83.217667139,42.3852558830001
21213,9615309,M-10,6 MILE,2016-02-05,5,2,2016,1,6,1,3,,1,1,,1,1,4,55,3,1,1,2,0,1,0,0,false,,false,false,false,false,false,,,,,,false,false,true,,,false,false,false,false,false,-83.16947,42.41366,"{
  ""coordinates"": [
    -8.316947065300000e+01,
    4.241365686500010e+01
  ],
  ""type"": ""Point""
}","{
  ""coordinates"": [
    -83.169470653,
    42.413656865
  ],
  ""type"": ""Point""
}",-83.169470653,42.4136568650001
21214,9636020,ROSA PARKS,FORT,2016-02-05,5,2,2016,19,6,97,3,,4,0,,1,1,3,35,2,2,1,5,0,0,0,0,true,,false,false,false,false,false,,,,,,false,false,false,,,false,false,false,false,false,-83.06685,42.32238,"{
  ""coordinates"": [
    -8.306685181099991e+01,
    4.232237926600000e+01
  ],
  ""type"": ""Point""
}","{
  ""coordinates"": [
    -83.066851811,
    42.322379266
  ],
  ""type"": ""Point""
}",-83.0668518109999,42.322379266
21215,9628331,N M 39,LYNDON,2016-02-05,5,2,2016,19,6,8,3,,1,0,,1,1,1,25,2,2,2,5,0,0,0,0,true,,false,false,true,false,false,,,,,,false,true,false,,,false,false,false,false,false,-83.21786,42.39308,"{
  ""coordinates"": [
    -8.321785751499991e+01,
    4.239308327000000e+01
  ],
  ""type"": ""Point""
}","{
  ""coordinates"": [
    -83.217857515,
    42.39308327
  ],
  ""type"": ""Point""
}",-83.2178575149999,42.39308327
21216,9616849,MOROSS,CHANDLER PARK,2016-02-05,5,2,2016,7,6,97,9,,2,0,,1,1,4,30,2,2,1,4,0,0,0,1,false,,false,false,false,false,false,,,,,,true,false,false,,,false,false,false,false,false,-82.91479,42.4189,"{
  ""coordinates"": [
    -8.291479573200000e+01,
    4.241890426400000e+01
  ],
  ""type"": ""Point""
}","{
  ""coordinates"": [
    -82.914795732,
    42.418904264
  ],
  ""type"": ""Point""
}",-82.914795732,42.418904264
21217,9616870,HARPER,LAKEPOINTE,2016-02-05,5,2,2016,16,6,97,9,,4,0,,1,1,1,30,2,2,1,4,0,0,0,1,false,,false,false,false,false,false,,,,,,true,false,true,,,false,false,false,false,false,-82.95776,42.40666,"{
  ""coordinates"": [
    -8.295776715800000e+01,
    4.240666045800000e+01
  ],
  ""type"": ""Point""
}","{
  ""coordinates"": [
    -82.957767158,
    42.406660458
  ],
  ""type"": ""Point""
}",-82.957767158,42.406660458
21218,9622128,KIRKWOOD,BRACE,2016-02-05,5,2,2016,7,6,4,9,,,0,,1,1,2,25,2,2,2,5,0,0,0,0,true,,false,false,false,false,false,,,,,,false,false,false,,,false,false,false,false,false,-83.22279,42.33241,"{
  ""coordinates"": [
    -8.322278987399990e+01,
    4.233240802000010e+01
  ],
  ""type"": ""Point""
}","{
  ""coordinates"": [
    -83.222789874,
    42.33240802
  ],
  ""type"": ""Point""
}",-83.2227898739999,42.3324080200001
21219,9620917,I-94,CHENE,2016-02-05,5,2,2016,17,6,5,1,,1,0,,1,1,1,55,3,2,2,4,0,0,0,1,false,,false,false,false,false,true,,,,,,false,false,false,,,false,false,false,false,false,-83.04669,42.37417,"{
  ""coordinates"": [
    -8.304669365699991e+01,
    4.237417145600010e+01
  ],
  ""type"": ""Point""
}","{
  ""coordinates"": [
    -83.046693657,
    42.374171456
  ],
  ""type"": ""Point""
}",-83.0466936569999,42.3741714560001
21220,9617689,JEFFERSON,WOODWARD,2016-02-05,5,2,2016,9,6,8,3,,1,0,,1,1,1,35,7,2,2,5,0,0,0,0,true,,false,false,false,false,false,,,,,,false,true,false,,,false,false,false,false,false,-83.04459,42.32845,"{
  ""coordinates"": [
    -8.304458518699990e+01,
    4.232844847800000e+01
  ],
  ""type"": ""Point""
}","{
  ""coordinates"": [
    -83.044585187,
    42.328448478
  ],
  ""type"": ""Point""
}",-83.0445851869999,42.328448478
21221,9616848,MACK,OUTER,2016-02-05,5,2,2016,15,6,5,9,,2,0,,1,1,1,30,4,2,3,5,0,0,0,0,true,,false,false,false,false,false,,,,,,false,true,false,,,false,false,false,false,false,-82.92905,42.39221,"{
  ""coordinates"": [
    -8.292904523500000e+01,
    4.239221317600000e+01
  ],
  ""type"": ""Point""
}","{
  ""coordinates"": [
    -82.929045235,
    42.392213176
  ],
  ""type"": ""Point""
}",-82.929045235,42.392213176
21222,9619528,GRAND RIVER,WOODSIDE,2016-02-05,5,2,2016,17,6,9,3,,1,0,,1,2,1,35,4,2,2,5,0,0,0,0,true,,false,false,false,false,false,,,,,,false,false,false,,,false,false,false,false,false,-83.13753,42.36815,"{
  ""coordinates"": [
    -8.313752541299991e+01,
    4.236815198100000e+01
  ],
  ""type"": ""Point""
}","{
  ""coordinates"": [
    -83.137525413,
    42.368151981
  ],
  ""type"": ""Point""
}",-83.1375254129999,42.368151981
21223,9618547,7 MILE,EDINBOROUGH,2016-02-05,5,2,2016,3,6,8,9,,2,0,,1,1,4,35,4,2,2,5,0,0,0,0,true,,false,false,false,false,false,,,,,,false,false,true,,,false,false,false,false,false,-83.23441,42.42969,"{
  ""coordinates"": [
    -8.323441254900000e+01,
    4.242969235900010e+01
  ],
  ""type"": ""Point""
}","{
  ""coordinates"": [
    -83.234412549,
    42.429692359
  ],
  ""type"": ""Point""
}",-83.234412549,42.4296923590001
21224,9616682,I 96,JOY,2016-02-05,5,2,2016,8,6,1,1,,1,1,,3,1,1,70,4,1,1,5,0,0,0,0,true,,false,false,false,false,false,,,,,,false,false,false,,,false,false,false,false,false,-83.13195,42.3646,"{
  ""coordinates"": [
    -8.313194803700000e+01,
    4.236459786400010e+01
  ],
  ""type"": ""Point""
}","{
  ""coordinates"": [
    -83.131948037,
    42.364597864
  ],
  ""type"": ""Point""
}",-83.131948037,42.3645978640001
21225,9616800,LUMPKIN,LANTZ,2016-02-05,5,2,2016,10,6,4,9,,,0,,1,1,1,25,1,2,4,4,0,0,0,2,false,,false,false,true,false,false,,,,,,false,false,false,,,false,false,false,false,false,-83.0806,42.43771,"{
  ""coordinates"": [
    -8.308059766400000e+01,
    4.243770786700000e+01
  ],
  ""type"": ""Point""
}","{
  ""coordinates"": [
    -83.080597664,
    42.437707867
  ],
  ""type"": ""Point""
}",-83.080597664,42.437707867
21226,9616815,EVERGREEN,MCNICHOLS,2016-02-05,5,2,2016,19,6,8,9,,4,0,,1,1,4,35,4,2,4,4,0,0,0,1,false,,false,false,false,false,false,,,,,,false,false,true,,,false,false,false,false,false,-83.23824,42.41599,"{
  ""coordinates"": [
    -8.323823546800000e+01,
    4.241599379800000e+01
  ],
  ""type"": ""Point""
}","{
  ""coordinates"": [
    -83.238235468,
    42.415993798
  ],
  ""type"": ""Point""
}",-83.238235468,42.415993798
21227,9616669,RAMP 008F,E I 96,2016-02-05,5,2,2016,15,6,5,1,,1,0,,1,2,1,35,2,2,3,5,0,0,0,0,true,,false,false,false,true,true,,,,,,false,false,false,,,false,false,false,false,false,-83.21676,42.37865,"{
  ""coordinates"": [
    -8.321676203700000e+01,
    4.237864686500010e+01
  ],
  ""type"": ""Point""
}","{
  ""coordinates"": [
    -83.216762037,
    42.378646865
  ],
  ""type"": ""Point""
}",-83.216762037,42.3786468650001
21228,9618537,GRAYTON,FRANKFORT,2016-02-05,5,2,2016,18,6,97,9,,,0,,1,1,1,25,2,2,0,5,0,0,0,0,true,,false,false,true,false,false,,,,,,false,false,false,,,false,false,false,false,false,-82.93397,42.40818,"{
  ""coordinates"": [
    -8.293396606600000e+01,
    4.240817604100000e+01
  ],
  ""type"": ""Point""
}","{
  ""coordinates"": [
    -82.933966066,
    42.408176041
  ],
  ""type"": ""Point""
}",-82.933966066,42.408176041
21229,9616886,JAMES COUZENS,GREENFIELD,2016-02-05,5,2,2016,10,6,5,3,,1,0,,1,1,1,30,3,2,4,5,0,0,0,0,true,,false,false,true,false,false,,,,,,false,true,false,,,false,false,false,false,false,-83.20013,42.44253,"{
  ""coordinates"": [
    -8.320013753599990e+01,
    4.244252737200000e+01
  ],
  ""type"": ""Point""
}","{
  ""coordinates"": [
    -83.200137536,
    42.442527372
  ],
  ""type"": ""Point""
}",-83.2001375359999,42.442527372
21230,9622130,7 MILE,FIELDING,2016-02-05,5,2,2016,14,6,4,9,,2,0,,1,1,1,35,6,2,2,5,0,0,0,0,true,,false,false,false,false,false,,,,,,false,true,false,,,false,false,false,false,false,-83.24426,42.42944,"{
  ""coordinates"": [
    -8.324425216500001e+01,
    4.242944058300000e+01
  ],
  ""type"": ""Point""
}","{
  ""coordinates"": [
    -83.244252165,
    42.429440583
  ],
  ""type"": ""Point""
}",-83.244252165,42.429440583
21231,9616853,LAHSER,CURTIS,2016-02-05,5,2,2016,14,6,4,9,,2,0,,1,1,1,35,2,2,2,5,0,0,0,0,true,,true,false,false,false,false,,,,,,false,false,true,,,false,false,false,false,false,-83.25814,42.42193,"{
  ""coordinates"": [
    -8.325814214199990e+01,
    4.242192717000010e+01
  ],
  ""type"": ""Point""
}","{
  ""coordinates"": [
    -83.258142142,
    42.42192717
  ],
  ""type"": ""Point""
}",-83.2581421419999,42.4219271700001
21232,9616876,LANTZ,ALBANY,2016-02-05,5,2,2016,21,6,1,9,,,0,,1,1,4,25,2,2,0,4,0,0,0,1,false,,false,false,true,false,false,,,,,,true,false,false,,,false,false,false,false,false,-83.04491,42.43843,"{
  ""coordinates"": [
    -8.304491127999999e+01,
    4.243842507100000e+01
  ],
  ""type"": ""Point""
}","{
  ""coordinates"": [
    -83.04491128,
    42.438425071
  ],
  ""type"": ""Point""
}",-83.04491128,42.438425071
21233,9616828,VANDYKE,GRATIOT,2016-02-05,5,2,2016,19,6,5,3,,1,0,,1,1,1,30,8,2,3,4,0,0,0,1,false,,false,false,false,false,false,,,,,,false,false,false,,,false,false,false,false,false,-83.01471,42.37886,"{
  ""coordinates"": [
    -8.301470732600001e+01,
    4.237885912800000e+01
  ],
  ""type"": ""Point""
}","{
  ""coordinates"": [
    -83.014707326,
    42.378859128
  ],
  ""type"": ""Point""
}",-83.014707326,42.378859128
21234,9616819,STATEFAIR,EXETER,2016-02-05,5,2,2016,9,6,8,9,,4,0,,2,1,1,30,2,2,2,4,0,0,0,1,false,,false,false,false,false,false,,,,,,false,false,false,,,false,false,false,false,false,-83.10506,42.4395,"{
  ""coordinates"": [
    -8.310506741599990e+01,
    4.243949716000000e+01
  ],
  ""type"": ""Point""
}","{
  ""coordinates"": [
    -83.105067416,
    42.43949716
  ],
  ""type"": ""Point""
}",-83.1050674159999,42.43949716
21235,9622129,SALEM,GROVE,2016-02-05,5,2,2016,10,6,8,9,,,0,,1,1,1,25,2,2,1,5,0,0,0,0,true,,false,false,false,false,false,,,,,,false,false,false,,,false,false,false,false,false,-83.28505,42.41152,"{
  ""coordinates"": [
    -8.328505087600000e+01,
    4.241152099400010e+01
  ],
  ""type"": ""Point""
}","{
  ""coordinates"": [
    -83.285050876,
    42.411520994
  ],
  ""type"": ""Point""
}",-83.285050876,42.4115209940001
21236,9664125,GRIGGS,GROVE,2016-02-05,5,2,2016,16,6,2,9,,,2,,1,1,1,35,1,2,1,5,0,0,0,0,true,,false,false,false,false,false,,,,,,false,false,false,,,false,false,false,false,false,-83.16345,42.41442,"{
  ""coordinates"": [
    -8.316345313200000e+01,
    4.241442072800000e+01
  ],
  ""type"": ""Point""
}","{
  ""coordinates"": [
    -83.163453132,
    42.414420728
  ],
  ""type"": ""Point""
}",-83.163453132,42.414420728
21237,9616681,RAMP 215H,I 94,2016-02-05,5,2,2016,7,6,1,1,,1,1,,3,2,4,45,1,1,3,4,0,0,0,2,false,,false,false,false,false,false,,,,,,false,false,false,,,false,false,false,false,false,-83.0797,42.3572,"{
  ""coordinates"": [
    -8.307970186999999e+01,
    4.235720372400000e+01
  ],
  ""type"": ""Point""
}","{
  ""coordinates"": [
    -83.07970187,
    42.357203724
  ],
  ""type"": ""Point""
}",-83.07970187,42.357203724
21238,9616671,I 94,SCOTTEN,2016-02-05,5,2,2016,18,6,5,1,,1,0,,1,1,1,55,3,3,3,5,0,0,0,0,true,,false,false,false,false,false,,,,,,false,false,false,,,false,false,false,false,false,-83.11219,42.34517,"{
  ""coordinates"": [
    -8.311219386499990e+01,
    4.234516586000010e+01
  ],
  ""type"": ""Point""
}","{
  ""coordinates"": [
    -83.112193865,
    42.34516586
  ],
  ""type"": ""Point""
}",-83.1121938649999,42.3451658600001
21239,9616852,N M 10,RAMP 109D,2016-02-05,5,2,2016,13,6,97,3,,1,0,,1,1,1,55,6,2,2,5,0,0,0,0,true,,false,false,true,false,false,,,,,,false,false,false,,,false,false,false,false,false,-83.10806,42.39611,"{
  ""coordinates"": [
    -8.310805802599999e+01,
    4.239611467000000e+01
  ],
  ""type"": ""Point""
}","{
  ""coordinates"": [
    -83.108058026,
    42.39611467
  ],
  ""type"": ""Point""
}",-83.108058026,42.39611467
21240,9616687,W/B I 94,VAN DYKE,2016-02-05,5,2,2016,23,6,5,1,,1,3,,1,1,4,55,3,2,1,5,0,0,0,0,true,,false,false,true,false,false,,,,,,false,false,false,,,false,false,false,false,false,-83.01842,42.38693,"{
  ""coordinates"": [
    -8.301842062899991e+01,
    4.238693305900010e+01
  ],
  ""type"": ""Point""
}","{
  ""coordinates"": [
    -83.018420629,
    42.386933059
  ],
  ""type"": ""Point""
}",-83.0184206289999,42.3869330590001
21241,9616804,GREENFIELD,WADSWORTH,2016-02-05,5,2,2016,9,6,5,9,,2,0,,2,1,1,0,3,2,2,5,0,0,0,0,true,,false,false,false,false,false,,,,,,false,false,false,,,false,false,false,false,false,-83.19759,42.37387,"{
  ""coordinates"": [
    -8.319759476400000e+01,
    4.237386941200000e+01
  ],
  ""type"": ""Point""
}","{
  ""coordinates"": [
    -83.197594764,
    42.373869412
  ],
  ""type"": ""Point""
}",-83.197594764,42.373869412
21242,9616875,7 MILE,VAN DYKE,2016-02-05,5,2,2016,18,6,3,3,,4,0,,1,1,4,35,3,2,4,5,0,0,0,0,true,,false,false,false,false,false,,,,,,false,false,true,,,false,false,false,false,false,-83.02425,42.43397,"{
  ""coordinates"": [
    -8.302424816699990e+01,
    4.243396838500010e+01
  ],
  ""type"": ""Point""
}","{
  ""coordinates"": [
    -83.024248167,
    42.433968385
  ],
  ""type"": ""Point""
}",-83.0242481669999,42.4339683850001
21243,9617680,SOUTHFIELD SERVICE,ACACIA,2016-02-05,5,2,2016,22,6,5,9,,4,0,,1,1,4,35,2,3,1,3,0,0,1,0,false,,false,false,false,true,false,,,,,,false,true,false,,,false,false,false,false,false,-83.2176,42.39149,"{
  ""coordinates"": [
    -8.321760168700000e+01,
    4.239148930700000e+01
  ],
  ""type"": ""Point""
}","{
  ""coordinates"": [
    -83.217601687,
    42.391489307
  ],
  ""type"": ""Point""
}",-83.217601687,42.391489307
21244,9616684,I 94,M10,2016-02-05,5,2,2016,14,6,5,1,,1,0,,1,1,1,55,3,2,2,5,0,0,0,0,true,,false,false,false,false,false,,,,,,false,false,true,,,false,false,false,false,false,-83.07704,42.35901,"{
  ""coordinates"": [
    -8.307703985500000e+01,
    4.235901210000000e+01
  ],
  ""type"": ""Point""
}","{
  ""coordinates"": [
    -83.077039855,
    42.3590121
  ],
  ""type"": ""Point""
}",-83.077039855,42.3590121
21245,9616847,CONNER,HARPER,2016-02-05,5,2,2016,11,6,5,9,,4,0,,1,1,1,25,1,2,2,5,0,0,0,0,true,,false,false,false,false,false,,,,,,false,false,false,,,false,false,false,false,false,-82.98931,42.39718,"{
  ""coordinates"": [
    -8.298931276400000e+01,
    4.239717843300010e+01
  ],
  ""type"": ""Point""
}","{
  ""coordinates"": [
    -82.989312764,
    42.397178433
  ],
  ""type"": ""Point""
}",-82.989312764,42.3971784330001
21246,9619225,I-75,OUTER,2016-02-05,5,2,2016,16,6,5,1,,1,0,,1,1,3,70,3,2,2,5,0,0,0,0,true,,false,false,false,false,false,,,,,,false,false,false,,,false,false,false,false,false,-83.09511,42.43756,"{
  ""coordinates"": [
    -8.309510794499990e+01,
    4.243756306800000e+01
  ],
  ""type"": ""Point""
}","{
  ""coordinates"": [
    -83.095107945,
    42.437563068
  ],
  ""type"": ""Point""
}",-83.0951079449999,42.437563068
21247,9616811,JOY,VAUGHAN,2016-02-05,5,2,2016,12,6,4,9,,2,0,,1,1,1,35,5,2,2,5,0,0,0,0,true,,true,false,true,false,false,,,,,,false,false,false,,,false,false,false,false,false,-83.23719,42.35754,"{
  ""coordinates"": [
    -8.323718830599999e+01,
    4.235754185500010e+01
  ],
  ""type"": ""Point""
}","{
  ""coordinates"": [
    -83.237188306,
    42.357541855
  ],
  ""type"": ""Point""
}",-83.237188306,42.3575418550001
21248,9616872,LIVERNOIS,LYNDON,2016-02-05,5,2,2016,13,6,5,9,,4,0,,1,1,1,30,2,2,2,5,0,0,0,0,true,,false,false,true,false,false,,,,,,false,false,false,,,false,false,false,false,false,-83.13979,42.39502,"{
  ""coordinates"": [
    -8.313979558400000e+01,
    4.239502399000000e+01
  ],
  ""type"": ""Point""
}","{
  ""coordinates"": [
    -83.139795584,
    42.39502399
  ],
  ""type"": ""Point""
}",-83.139795584,42.39502399
21249,9616831,MARTIN,EDWARD,2016-02-05,5,2,2016,18,6,1,9,,4,1,,1,1,4,25,2,1,0,5,0,0,0,0,true,,false,false,false,false,false,,,,,,false,false,false,,,false,false,false,false,false,-83.12537,42.32818,"{
  ""coordinates"": [
    -8.312536959499990e+01,
    4.232818005400000e+01
  ],
  ""type"": ""Point""
}","{
  ""coordinates"": [
    -83.125369595,
    42.328180054
  ],
  ""type"": ""Point""
}",-83.1253695949999,42.328180054