ObjectId,Crash ID,Primary Road,Intersecting Road,Crash Date,Day,Month,Year,Hour,Weekday,Crash Type Code,Highway Classification Code,Community Code,Jurisdiction Code,Lane Departure Type Code,Surface Type,Road Condition,Weather Condition,Lighting Condition,Speed Limit,Lanes,Units,Occupants,Most Severe Injury,Fatal Injuries,Suspected Serious Injuries,Suspected Minor Injuries,Possible Injuries,Property Damage Only,Secondary Crash,Traffic Control,Red Light Run,Hit and Run,Alcohol,Drugs,Unbelted Person,Work Zone,Speeding Driver,Distracted Driver,Driveway,Pedestrian,Elderly Driver,Young Driver,Commercial Vehicle,Emergency Vehicles,Train,School Bus,Motorcycle,Bicycle,Deer,Longitude,Latitude,geom,geog,x,y
21250,9616850,RAMP 136C,W I 96 CD,2016-02-05,5,2,2016,4,6,5,1,,1,0,,2,1,5,0,4,2,3,5,0,0,0,0,true,,false,false,true,false,false,,,,,,false,false,false,,,false,false,false,false,false,-83.19384,42.37944,"{
  ""coordinates"": [
    -8.319384249500000e+01,
    4.237943873000010e+01
  ],
  ""type"": ""Point""
}","{
  ""coordinates"": [
    -83.193842495,
    42.37943873
  ],
  ""type"": ""Point""
}",-83.193842495,42.3794387300001
21251,9616823,7 MILE,N M 10,2016-02-05,5,2,2016,19,6,4,9,,2,0,,1,1,4,30,4,3,4,4,0,0,0,1,false,,true,true,true,false,false,,,,,,false,false,true,,,false,false,false,false,false,-83.187,42.43083,"{
  ""coordinates"": [
    -8.318700102699999e+01,
    4.243082698700000e+01
  ],
  ""type"": ""Point""
}","{
  ""coordinates"": [
    -83.187001027,
    42.430826987
  ],
  ""type"": ""Point""
}",-83.187001027,42.430826987
21252,9616874,CLAYBURN,WARREN,2016-02-05,5,2,2016,9,6,97,9,,,0,,1,1,1,25,1,2,2,5,0,0,0,0,true,,false,false,false,false,false,,,,,,false,true,false,,,false,true,false,false,false,-83.21157,42.34349,"{
  ""coordinates"": [
    -8.321157075699990e+01,
    4.234348557300010e+01
  ],
  ""type"": ""Point""
}","{
  ""coordinates"": [
    -83.211570757,
    42.343485573
  ],
  ""type"": ""Point""
}",-83.2115707569999,42.3434855730001
21253,9616806,GRAND RIVER,WOODSIDE,2016-02-05,5,2,2016,15,6,8,3,,1,0,,97,98,98,30,2,2,1,5,0,0,0,0,true,,false,false,false,false,false,,,,,,false,false,false,,,false,false,false,false,false,-83.13635,42.36768,"{
  ""coordinates"": [
    -8.313635204900000e+01,
    4.236767822200010e+01
  ],
  ""type"": ""Point""
}","{
  ""coordinates"": [
    -83.136352049,
    42.367678222
  ],
  ""type"": ""Point""
}",-83.136352049,42.3676782220001
21254,9617718,MIDLAND,MENDOTA,2016-02-05,5,2,2016,10,6,4,9,,,0,,1,2,1,25,1,2,2,5,0,0,0,0,true,,false,false,false,false,false,,,,,,false,false,true,,,false,false,false,false,false,-83.16529,42.40594,"{
  ""coordinates"": [
    -8.316529024899999e+01,
    4.240594212800000e+01
  ],
  ""type"": ""Point""
}","{
  ""coordinates"": [
    -83.165290249,
    42.405942128
  ],
  ""type"": ""Point""
}",-83.165290249,42.405942128
21255,9621049,CONNER,HARPER,2016-02-05,5,2,2016,4,6,1,1,,4,1,,3,1,4,30,3,1,1,5,0,0,0,0,true,,false,false,true,false,false,,,,,,false,false,false,,,false,false,false,false,false,-82.98892,42.39697,"{
  ""coordinates"": [
    -8.298892349000000e+01,
    4.239696616600000e+01
  ],
  ""type"": ""Point""
}","{
  ""coordinates"": [
    -82.98892349,
    42.396966166
  ],
  ""type"": ""Point""
}",-82.98892349,42.396966166
21256,9616867,VAN DYKE,W I 94,2016-02-05,5,2,2016,6,6,5,3,,1,0,,1,2,4,30,3,2,3,5,0,0,0,0,true,,false,false,false,false,false,,,,,,false,false,true,,,false,false,false,false,false,-83.02012,42.38621,"{
  ""coordinates"": [
    -8.302012129400001e+01,
    4.238621299700000e+01
  ],
  ""type"": ""Point""
}","{
  ""coordinates"": [
    -83.020121294,
    42.386212997
  ],
  ""type"": ""Point""
}",-83.020121294,42.386212997
21257,9616656,E I 96 CD,GRAND RIVER,2016-02-05,5,2,2016,9,6,8,1,,1,0,,1,1,2,70,4,2,3,5,0,0,0,0,true,,false,false,false,false,false,,,,,,false,false,false,,,false,false,false,false,false,-83.17394,42.38392,"{
  ""coordinates"": [
    -8.317394185800001e+01,
    4.238391932100010e+01
  ],
  ""type"": ""Point""
}","{
  ""coordinates"": [
    -83.173941858,
    42.383919321
  ],
  ""type"": ""Point""
}",-83.173941858,42.3839193210001
21258,9616816,FARMER,RANDOLPH,2016-02-05,5,2,2016,12,6,9,3,,4,2,,1,1,1,25,2,2,3,5,0,0,0,0,true,,false,false,false,false,false,,,,,,false,false,false,,,false,false,false,false,false,-83.04396,42.33251,"{
  ""coordinates"": [
    -8.304396423900000e+01,
    4.233251220200000e+01
  ],
  ""type"": ""Point""
}","{
  ""coordinates"": [
    -83.043964239,
    42.332512202
  ],
  ""type"": ""Point""
}",-83.043964239,42.332512202
21259,9616666,RAMP 216I,MILWAUKEE,2016-02-05,5,2,2016,14,6,8,1,,1,0,,1,1,1,35,2,2,2,5,0,0,0,0,true,,false,false,false,false,false,,,,,,false,false,false,,,false,false,false,false,false,-83.05992,42.37348,"{
  ""coordinates"": [
    -8.305992082300000e+01,
    4.237347652500010e+01
  ],
  ""type"": ""Point""
}","{
  ""coordinates"": [
    -83.059920823,
    42.373476525
  ],
  ""type"": ""Point""
}",-83.059920823,42.3734765250001
21260,9616861,7 MILE,GILCHRIST,2016-02-05,5,2,2016,14,6,5,9,,2,0,,1,1,1,35,4,2,3,5,0,0,0,0,true,,false,false,true,false,false,,,,,,false,false,true,,,false,false,false,false,false,-83.21265,42.4302,"{
  ""coordinates"": [
    -8.321264721900000e+01,
    4.243019752100000e+01
  ],
  ""type"": ""Point""
}","{
  ""coordinates"": [
    -83.212647219,
    42.430197521
  ],
  ""type"": ""Point""
}",-83.212647219,42.430197521
21261,9616854,PLYMOUTH,ARCHDALE,2016-02-05,5,2,2016,12,6,4,9,,4,0,,1,1,1,30,8,2,3,5,0,0,0,0,true,,false,false,false,false,false,,,,,,false,false,true,,,false,false,false,false,false,-83.21563,42.37226,"{
  ""coordinates"": [
    -8.321563020500000e+01,
    4.237226604200000e+01
  ],
  ""type"": ""Point""
}","{
  ""coordinates"": [
    -83.215630205,
    42.372266042
  ],
  ""type"": ""Point""
}",-83.215630205,42.372266042
21262,9616657,M-39,OUTER,2016-02-05,5,2,2016,15,6,97,3,,1,0,,1,1,1,55,3,2,2,5,0,0,0,0,true,,false,false,false,false,false,,,,,,false,false,false,,,false,false,false,false,false,-83.21882,42.41935,"{
  ""coordinates"": [
    -8.321882210599991e+01,
    4.241935184300010e+01
  ],
  ""type"": ""Point""
}","{
  ""coordinates"": [
    -83.218822106,
    42.419351843
  ],
  ""type"": ""Point""
}",-83.2188221059999,42.4193518430001
21263,9624214,PLYMOUTH,BRAILE,2016-02-05,5,2,2016,13,6,8,9,,4,0,,1,2,1,30,4,2,2,4,0,0,0,1,false,,false,false,false,false,false,,,,,,false,false,true,,,false,false,false,false,false,-83.24398,42.37186,"{
  ""coordinates"": [
    -8.324398150499999e+01,
    4.237185603900010e+01
  ],
  ""type"": ""Point""
}","{
  ""coordinates"": [
    -83.243981505,
    42.371856039
  ],
  ""type"": ""Point""
}",-83.243981505,42.3718560390001
21264,9616805,GRAND,W I 96 SERVICE DRIVE,2016-02-05,5,2,2016,7,6,4,9,,4,0,,1,2,1,35,2,2,3,5,0,0,0,0,true,,true,true,false,false,false,,,,,,false,false,true,,,false,false,false,false,false,-83.11066,42.3563,"{
  ""coordinates"": [
    -8.311066623799999e+01,
    4.235629648700010e+01
  ],
  ""type"": ""Point""
}","{
  ""coordinates"": [
    -83.110666238,
    42.356296487
  ],
  ""type"": ""Point""
}",-83.110666238,42.3562964870001
21265,9616665,I-94,JOHN R,2016-02-05,5,2,2016,14,6,5,1,,1,0,,1,1,1,55,3,2,1,5,0,0,0,0,true,,false,false,true,false,false,,,,,,false,false,false,,,false,false,false,false,false,-83.06671,42.36481,"{
  ""coordinates"": [
    -8.306671005299999e+01,
    4.236481375700000e+01
  ],
  ""type"": ""Point""
}","{
  ""coordinates"": [
    -83.066710053,
    42.364813757
  ],
  ""type"": ""Point""
}",-83.066710053,42.364813757
21266,9616845,SPRINGWELLS,GARTNER,2016-02-05,5,2,2016,15,6,5,9,,4,0,,1,1,1,0,4,2,4,5,0,0,0,0,true,,false,false,false,false,false,,,,,,false,false,true,,,false,false,false,false,false,-83.12524,42.3087,"{
  ""coordinates"": [
    -8.312524028999999e+01,
    4.230870173200000e+01
  ],
  ""type"": ""Point""
}","{
  ""coordinates"": [
    -83.12524029,
    42.308701732
  ],
  ""type"": ""Point""
}",-83.12524029,42.308701732
21267,9616846,MCGRAW,SHARON,2016-02-05,5,2,2016,17,6,8,9,,4,0,,1,1,1,35,4,2,2,5,0,0,0,0,true,,false,false,false,false,false,,,,,,false,false,true,,,false,false,false,false,false,-83.15294,42.33059,"{
  ""coordinates"": [
    -8.315294019899990e+01,
    4.233059380000000e+01
  ],
  ""type"": ""Point""
}","{
  ""coordinates"": [
    -83.152940199,
    42.3305938
  ],
  ""type"": ""Point""
}",-83.1529401989999,42.3305938
21268,9628186,7 MILE,TEPPERT,2016-02-05,5,2,2016,18,6,6,9,,4,0,,1,2,3,35,2,2,3,5,0,0,0,0,true,,false,false,false,false,false,,,,,,false,true,true,,,false,false,false,false,false,-83.00843,42.43433,"{
  ""coordinates"": [
    -8.300843064799990e+01,
    4.243433459900010e+01
  ],
  ""type"": ""Point""
}","{
  ""coordinates"": [
    -83.008430648,
    42.434334599
  ],
  ""type"": ""Point""
}",-83.0084306479999,42.4343345990001
21269,9616882,MCNICHOLS,WASHBURN,2016-02-05,5,2,2016,10,6,3,9,,2,0,,1,1,1,35,4,2,1,5,0,0,0,0,true,,false,false,true,false,false,,,,,,false,false,true,,,false,false,false,false,false,-83.16138,42.4169,"{
  ""coordinates"": [
    -8.316138802099989e+01,
    4.241690110500010e+01
  ],
  ""type"": ""Point""
}","{
  ""coordinates"": [
    -83.161388021,
    42.416901105
  ],
  ""type"": ""Point""
}",-83.1613880209999,42.4169011050001
21270,9615400,ALCOY,LAPPIN,2016-02-04,4,2,2016,2,5,97,9,,,0,,2,1,4,25,2,2,0,5,0,0,0,0,true,,false,false,true,false,false,,,,,,false,false,false,,,false,false,false,false,false,-82.98884,42.4367,"{
  ""coordinates"": [
    -8.298883511299989e+01,
    4.243670455500010e+01
  ],
  ""type"": ""Point""
}","{
  ""coordinates"": [
    -82.988835113,
    42.436704555
  ],
  ""type"": ""Point""
}",-82.9888351129999,42.4367045550001
21271,9616801,CONANT,OUTER,2016-02-04,4,2,2016,21,5,4,9,,4,0,,2,1,2,30,8,2,4,5,0,0,0,0,true,,false,false,true,false,false,,,,,,false,false,false,,,false,false,false,false,false,-83.07893,42.44024,"{
  ""coordinates"": [
    -8.307892984700000e+01,
    4.244024206800000e+01
  ],
  ""type"": ""Point""
}","{
  ""coordinates"": [
    -83.078929847,
    42.440242068
  ],
  ""type"": ""Point""
}",-83.078929847,42.440242068
21272,9620897,RAMP 216D,E I 94,2016-02-04,4,2,2016,21,5,1,1,,1,1,,3,2,4,0,1,1,1,4,0,0,0,1,false,,false,false,false,false,false,,,,,,false,false,false,,,false,false,false,false,false,-83.05784,42.36852,"{
  ""coordinates"": [
    -8.305783864300000e+01,
    4.236852255900000e+01
  ],
  ""type"": ""Point""
}","{
  ""coordinates"": [
    -83.057838643,
    42.368522559
  ],
  ""type"": ""Point""
}",-83.057838643,42.368522559
21273,9641222,I-75,GRATIOT,2016-02-04,4,2,2016,21,5,97,1,,1,1,,3,1,4,55,3,3,1,3,0,0,1,1,false,,false,false,true,false,false,,,,,,true,false,false,,,false,false,false,false,false,-83.03868,42.33714,"{
  ""coordinates"": [
    -8.303868290199991e+01,
    4.233714301200010e+01
  ],
  ""type"": ""Point""
}","{
  ""coordinates"": [
    -83.038682902,
    42.337143012
  ],
  ""type"": ""Point""
}",-83.0386829019999,42.3371430120001
21274,9615306,RAMP 47F,M-8,2016-02-04,4,2,2016,19,5,1,1,,1,1,,3,2,4,55,1,1,1,5,0,0,0,0,true,,false,false,false,false,false,,,,,,false,false,false,,,false,false,false,false,false,-83.08192,42.40961,"{
  ""coordinates"": [
    -8.308191912800000e+01,
    4.240961430400010e+01
  ],
  ""type"": ""Point""
}","{
  ""coordinates"": [
    -83.081919128,
    42.409614304
  ],
  ""type"": ""Point""
}",-83.081919128,42.4096143040001
21275,9615439,WARREN,ST ANTOINE,2016-02-04,4,2,2016,7,5,4,9,,4,0,,2,7,2,30,6,2,2,5,0,0,0,0,true,,false,false,false,false,false,,,,,,false,false,false,,,false,false,false,false,false,-83.05706,42.3598,"{
  ""coordinates"": [
    -8.305705872199999e+01,
    4.235980062100000e+01
  ],
  ""type"": ""Point""
}","{
  ""coordinates"": [
    -83.057058722,
    42.359800621
  ],
  ""type"": ""Point""
}",-83.057058722,42.359800621
21276,9615382,BAGLEY,HUBBARD,2016-02-04,4,2,2016,13,5,1,9,,,0,,2,2,1,25,3,2,2,4,0,0,0,1,false,,false,false,true,false,false,,,,,,true,false,false,,,false,false,false,false,false,-83.09142,42.32111,"{
  ""coordinates"": [
    -8.309141613900000e+01,
    4.232111024400010e+01
  ],
  ""type"": ""Point""
}","{
  ""coordinates"": [
    -83.091416139,
    42.321110244
  ],
  ""type"": ""Point""
}",-83.091416139,42.3211102440001
21277,9615249,RAMP 139B,W I 96,2016-02-04,4,2,2016,22,5,1,1,,1,1,,3,5,4,35,1,1,1,5,0,0,0,0,true,,false,false,false,false,false,,,,,,false,false,false,,,false,false,false,false,false,-83.14886,42.38396,"{
  ""coordinates"": [
    -8.314885738700001e+01,
    4.238396422000010e+01
  ],
  ""type"": ""Point""
}","{
  ""coordinates"": [
    -83.148857387,
    42.38396422
  ],
  ""type"": ""Point""
}",-83.148857387,42.3839642200001
21278,9615390,8 MILE,NORWOOD,2016-02-04,4,2,2016,13,5,8,3,,1,0,,4,2,1,30,6,2,3,5,0,0,0,0,true,,false,false,true,false,false,,,,,,false,false,false,,,false,false,false,false,false,-83.06816,42.44721,"{
  ""coordinates"": [
    -8.306815851700000e+01,
    4.244720743600000e+01
  ],
  ""type"": ""Point""
}","{
  ""coordinates"": [
    -83.068158517,
    42.447207436
  ],
  ""type"": ""Point""
}",-83.068158517,42.447207436
21279,9616880,FARGO,BERG,2016-02-04,4,2,2016,0,5,5,9,,,0,,2,4,4,25,4,2,1,5,0,0,0,0,true,,false,false,false,false,false,,,,,,false,false,false,,,false,false,false,false,false,-83.26818,42.43785,"{
  ""coordinates"": [
    -8.326818324300000e+01,
    4.243785042400000e+01
  ],
  ""type"": ""Point""
}","{
  ""coordinates"": [
    -83.268183243,
    42.437850424
  ],
  ""type"": ""Point""
}",-83.268183243,42.437850424
21280,9616686,I-94,WHITTIER,2016-02-04,4,2,2016,8,5,5,1,,1,0,,1,1,1,55,3,2,2,5,0,0,0,0,true,,false,false,false,false,false,,,,,,false,false,false,,,false,false,false,false,false,-82.94365,42.41274,"{
  ""coordinates"": [
    -8.294364549600000e+01,
    4.241273691600000e+01
  ],
  ""type"": ""Point""
}","{
  ""coordinates"": [
    -82.943645496,
    42.412736916
  ],
  ""type"": ""Point""
}",-82.943645496,42.412736916
21281,9616818,CHEYENNE,PILGRIM,2016-02-04,4,2,2016,22,5,5,9,,,0,,2,5,4,25,3,2,1,5,0,0,0,0,true,,false,false,false,false,false,,,,,,false,false,false,,,false,false,false,false,false,-83.17506,42.40791,"{
  ""coordinates"": [
    -8.317506038200000e+01,
    4.240790841400010e+01
  ],
  ""type"": ""Point""
}","{
  ""coordinates"": [
    -83.175060382,
    42.407908414
  ],
  ""type"": ""Point""
}",-83.175060382,42.4079084140001
21282,9615440,RAMP 214D,E I 94,2016-02-04,4,2,2016,14,5,8,1,,1,0,,97,2,1,0,1,2,2,5,0,0,0,0,true,,false,false,false,false,false,,,,,,false,true,true,,,false,false,false,false,false,-83.08333,42.35497,"{
  ""coordinates"": [
    -8.308332503400000e+01,
    4.235496520200010e+01
  ],
  ""type"": ""Point""
}","{
  ""coordinates"": [
    -83.083325034,
    42.354965202
  ],
  ""type"": ""Point""
}",-83.083325034,42.3549652020001
21283,9616817,NEVADA,MT ELLIOTT,2016-02-04,4,2,2016,18,5,4,9,,4,0,,2,2,4,30,2,2,3,4,0,0,0,3,false,,false,false,false,false,false,,,,,,false,false,false,,,false,false,false,false,false,-83.03863,42.4264,"{
  ""coordinates"": [
    -8.303862979500001e+01,
    4.242640205100000e+01
  ],
  ""type"": ""Point""
}","{
  ""coordinates"": [
    -83.038629795,
    42.426402051
  ],
  ""type"": ""Point""
}",-83.038629795,42.426402051
21284,9652601,GRATIOT,FAIRCREST,2016-02-04,4,2,2016,22,5,9,3,,1,0,,2,1,4,35,3,2,4,5,0,0,0,0,true,,false,false,false,false,false,,,,,,false,false,true,,,false,false,false,false,false,-82.97967,42.43207,"{
  ""coordinates"": [
    -8.297966913499990e+01,
    4.243206920200000e+01
  ],
  ""type"": ""Point""
}","{
  ""coordinates"": [
    -82.979669135,
    42.432069202
  ],
  ""type"": ""Point""
}",-82.9796691349999,42.432069202
21285,9618405,I-94,BEAUBIAEN,2016-02-04,4,2,2016,14,5,5,1,,1,0,,2,2,1,55,3,3,4,4,0,0,0,1,false,,false,false,false,false,false,,,,,,false,false,true,,,false,false,false,false,false,-83.06745,42.36427,"{
  ""coordinates"": [
    -8.306745405700001e+01,
    4.236426818300000e+01
  ],
  ""type"": ""Point""
}","{
  ""coordinates"": [
    -83.067454057,
    42.364268183
  ],
  ""type"": ""Point""
}",-83.067454057,42.364268183
21286,9618532,GREENFIELD,ACACIA,2016-02-04,4,2,2016,19,5,5,9,,2,0,,2,5,4,35,2,2,5,4,0,0,0,1,false,,false,false,false,false,false,,,,,,false,false,true,,,false,false,false,false,false,-83.19833,42.39178,"{
  ""coordinates"": [
    -8.319833462000000e+01,
    4.239177753900000e+01
  ],
  ""type"": ""Point""
}","{
  ""coordinates"": [
    -83.19833462,
    42.391777539
  ],
  ""type"": ""Point""
}",-83.19833462,42.391777539
21287,9615302,N I 75,RAMP 216B,2016-02-04,4,2,2016,12,5,1,1,,1,0,,1,1,1,55,4,1,2,5,0,0,0,0,true,,false,false,false,false,false,,,,,,false,false,false,,,false,false,false,false,false,-83.05737,42.36736,"{
  ""coordinates"": [
    -8.305736880099990e+01,
    4.236735388700000e+01
  ],
  ""type"": ""Point""
}","{
  ""coordinates"": [
    -83.057368801,
    42.367353887
  ],
  ""type"": ""Point""
}",-83.0573688009999,42.367353887
21288,9615395,JEFFERSON,RANDOLPH,2016-02-04,4,2,2016,9,5,4,3,,1,0,,1,2,1,30,4,2,2,5,0,0,0,0,true,,true,true,false,false,false,,,,,,false,true,false,,,false,false,false,false,false,-83.04224,42.32985,"{
  ""coordinates"": [
    -8.304223635400000e+01,
    4.232984673700000e+01
  ],
  ""type"": ""Point""
}","{
  ""coordinates"": [
    -83.042236354,
    42.329846737
  ],
  ""type"": ""Point""
}",-83.042236354,42.329846737
21289,9615391,FORT,TENTH,2016-02-04,4,2,2016,12,5,8,3,,1,0,,1,2,1,30,7,2,2,5,0,0,0,0,true,,false,false,false,false,false,,,,,,false,false,false,,,false,false,false,false,false,-83.06365,42.32371,"{
  ""coordinates"": [
    -8.306365520700000e+01,
    4.232371214500010e+01
  ],
  ""type"": ""Point""
}","{
  ""coordinates"": [
    -83.063655207,
    42.323712145
  ],
  ""type"": ""Point""
}",-83.063655207,42.3237121450001
21290,9617685,FRISBEE,DALE,2016-02-04,4,2,2016,23,5,5,9,,,0,,3,1,4,25,1,2,0,5,0,0,0,0,true,,false,false,false,false,false,,,,,,false,false,false,,,false,false,false,false,false,-83.27609,42.43518,"{
  ""coordinates"": [
    -8.327609199800000e+01,
    4.243517978900010e+01
  ],
  ""type"": ""Point""
}","{
  ""coordinates"": [
    -83.276091998,
    42.435179789
  ],
  ""type"": ""Point""
}",-83.276091998,42.4351797890001
21291,9615398,BURNS,SYLVESTER,2016-02-04,4,2,2016,4,5,5,9,,,0,,1,1,5,25,2,2,1,5,0,0,0,0,true,,false,false,true,false,false,,,,,,false,false,false,,,false,false,false,false,false,-83.00208,42.37186,"{
  ""coordinates"": [
    -8.300207218900000e+01,
    4.237186209300010e+01
  ],
  ""type"": ""Point""
}","{
  ""coordinates"": [
    -83.002072189,
    42.371862093
  ],
  ""type"": ""Point""
}",-83.002072189,42.3718620930001
21292,9616859,ROSEMONT,GROVE,2016-02-04,4,2,2016,15,5,4,9,,,0,,2,5,1,25,2,2,2,5,0,0,0,0,true,,false,false,false,false,false,,,,,,false,false,false,,,false,false,false,false,false,-83.22136,42.41368,"{
  ""coordinates"": [
    -8.322136250900000e+01,
    4.241367840700010e+01
  ],
  ""type"": ""Point""
}","{
  ""coordinates"": [
    -83.221362509,
    42.413678407
  ],
  ""type"": ""Point""
}",-83.221362509,42.4136784070001
21293,9615264,I-96,FULLERTON,2016-02-04,4,2,2016,20,5,1,1,,1,1,,2,1,4,70,5,1,1,5,0,0,0,0,true,,false,false,false,false,false,,,,,,false,false,false,,,false,false,false,false,false,-83.18434,42.38175,"{
  ""coordinates"": [
    -8.318434087000000e+01,
    4.238175092900010e+01
  ],
  ""type"": ""Point""
}","{
  ""coordinates"": [
    -83.18434087,
    42.381750929
  ],
  ""type"": ""Point""
}",-83.18434087,42.3817509290001
21294,9621050,WARRINGTON,SAINT MARTINS,2016-02-04,4,2,2016,0,5,1,9,,,0,,1,1,4,25,2,1,1,5,0,0,0,0,true,,false,false,false,false,false,,,,,,false,false,true,,,false,false,false,false,false,-83.14049,42.43691,"{
  ""coordinates"": [
    -8.314048479699990e+01,
    4.243691143700000e+01
  ],
  ""type"": ""Point""
}","{
  ""coordinates"": [
    -83.140484797,
    42.436911437
  ],
  ""type"": ""Point""
}",-83.1404847969999,42.436911437
21295,9615280,NB M-10,PALLISTER,2016-02-04,4,2,2016,15,5,5,3,,1,0,,2,5,1,55,3,2,2,5,0,0,0,0,true,,false,false,false,false,false,,,,,,false,false,true,,,false,false,false,false,false,-83.08427,42.37101,"{
  ""coordinates"": [
    -8.308427717599990e+01,
    4.237101325800010e+01
  ],
  ""type"": ""Point""
}","{
  ""coordinates"": [
    -83.084277176,
    42.371013258
  ],
  ""type"": ""Point""
}",-83.0842771759999,42.3710132580001
21296,9617596,W/B I-94,SECOND,2016-02-04,4,2,2016,15,5,5,1,,1,0,,2,2,1,55,3,3,4,5,0,0,0,0,true,,false,false,false,false,false,,,,,,false,false,false,,,false,false,false,false,false,-83.06866,42.36388,"{
  ""coordinates"": [
    -8.306865892799991e+01,
    4.236388248400000e+01
  ],
  ""type"": ""Point""
}","{
  ""coordinates"": [
    -83.068658928,
    42.363882484
  ],
  ""type"": ""Point""
}",-83.0686589279999,42.363882484
21297,9615402,GRATIOT,LAPPIN,2016-02-04,4,2,2016,19,5,8,3,,1,0,,2,5,4,35,7,2,2,5,0,0,0,0,true,,false,false,false,false,false,,,,,,false,true,false,,,false,false,false,false,false,-82.97643,42.43699,"{
  ""coordinates"": [
    -8.297642895199991e+01,
    4.243698450800010e+01
  ],
  ""type"": ""Point""
}","{
  ""coordinates"": [
    -82.976428952,
    42.436984508
  ],
  ""type"": ""Point""
}",-82.9764289519999,42.4369845080001
21298,9618535,SECOND,CLAIRMOUNT,2016-02-04,4,2,2016,8,5,8,9,,4,0,,1,2,1,25,3,2,2,5,0,0,0,0,true,,false,false,false,false,false,,,,,,false,false,true,,,false,false,false,false,false,-83.08473,42.38168,"{
  ""coordinates"": [
    -8.308473233099990e+01,
    4.238168220300000e+01
  ],
  ""type"": ""Point""
}","{
  ""coordinates"": [
    -83.084732331,
    42.381682203
  ],
  ""type"": ""Point""
}",-83.0847323309999,42.381682203
21299,9622095,TELEGRAPH,SEVEN MILE,2016-02-04,4,2,2016,11,5,4,2,,1,0,,2,2,1,45,4,2,2,5,0,0,0,0,true,,true,true,true,false,false,,,,,,false,false,false,,,false,false,false,false,false,-83.27798,42.42888,"{
  ""coordinates"": [
    -8.327798124100001e+01,
    4.242888174100010e+01
  ],
  ""type"": ""Point""
}","{
  ""coordinates"": [
    -83.277981241,
    42.428881741
  ],
  ""type"": ""Point""
}",-83.277981241,42.4288817410001
21300,9616866,MORANG,KELLY,2016-02-04,4,2,2016,23,5,4,9,,4,0,,1,2,4,30,4,2,2,4,0,0,0,1,false,,false,false,true,false,false,,,,,,false,false,false,,,false,false,false,false,false,-82.95731,42.42915,"{
  ""coordinates"": [
    -8.295731581900000e+01,
    4.242914731500010e+01
  ],
  ""type"": ""Point""
}","{
  ""coordinates"": [
    -82.957315819,
    42.429147315
  ],
  ""type"": ""Point""
}",-82.957315819,42.4291473150001
21301,9615406,WYOMING,FENKELL,2016-02-04,4,2,2016,16,5,5,9,,4,0,,2,5,1,30,4,2,2,5,0,0,0,0,true,,false,false,false,false,false,,,,,,false,false,false,,,false,false,false,false,false,-83.15967,42.40245,"{
  ""coordinates"": [
    -8.315966609799990e+01,
    4.240244961900000e+01
  ],
  ""type"": ""Point""
}","{
  ""coordinates"": [
    -83.159666098,
    42.402449619
  ],
  ""type"": ""Point""
}",-83.1596660979999,42.402449619
21302,9615281,S M 10,PEMBROKE,2016-02-04,4,2,2016,11,5,8,3,,1,0,,1,2,1,55,3,2,2,5,0,0,0,0,true,,false,false,false,false,false,,,,,,false,false,true,,,false,false,false,false,false,-83.19461,42.43803,"{
  ""coordinates"": [
    -8.319461288600000e+01,
    4.243803278900000e+01
  ],
  ""type"": ""Point""
}","{
  ""coordinates"": [
    -83.194612886,
    42.438032789
  ],
  ""type"": ""Point""
}",-83.194612886,42.438032789
21303,9617688,GRATIOT,RANDOLPH,2016-02-04,4,2,2016,10,5,5,3,,4,0,,1,1,1,30,4,2,2,5,0,0,0,0,true,,false,false,false,false,false,,,,,,false,false,false,,,false,false,false,false,false,-83.04524,42.33509,"{
  ""coordinates"": [
    -8.304524550900000e+01,
    4.233509213900000e+01
  ],
  ""type"": ""Point""
}","{
  ""coordinates"": [
    -83.045245509,
    42.335092139
  ],
  ""type"": ""Point""
}",-83.045245509,42.335092139
21304,9615410,7 MILE,OMIRA,2016-02-04,4,2,2016,10,5,8,9,,4,0,,1,1,1,35,4,2,2,5,0,0,0,0,true,,false,false,false,false,false,,,,,,false,false,false,,,false,false,false,false,false,-83.0965,42.43241,"{
  ""coordinates"": [
    -8.309649545699990e+01,
    4.243241252100010e+01
  ],
  ""type"": ""Point""
}","{
  ""coordinates"": [
    -83.096495457,
    42.432412521
  ],
  ""type"": ""Point""
}",-83.0964954569999,42.4324125210001
21305,9623313,M-10,GRAND,2016-02-04,4,2,2016,18,5,5,3,,1,0,,2,5,2,55,3,3,2,5,0,0,0,0,true,,false,false,true,false,false,,,,,,false,false,false,,,false,false,false,false,false,-83.07928,42.36387,"{
  ""coordinates"": [
    -8.307928313600000e+01,
    4.236386816600000e+01
  ],
  ""type"": ""Point""
}","{
  ""coordinates"": [
    -83.079283136,
    42.363868166
  ],
  ""type"": ""Point""
}",-83.079283136,42.363868166
21306,9623486,DAVISON,WOODROW WILSON,2016-02-04,4,2,2016,19,5,4,3,,1,0,,2,5,4,35,3,2,2,5,0,0,0,0,true,,false,false,true,false,false,,,,,,false,true,false,,,false,false,false,false,false,-83.11106,42.39744,"{
  ""coordinates"": [
    -8.311106343700000e+01,
    4.239744126400010e+01
  ],
  ""type"": ""Point""
}","{
  ""coordinates"": [
    -83.111063437,
    42.397441264
  ],
  ""type"": ""Point""
}",-83.111063437,42.3974412640001