ObjectId,Crash ID,Primary Road,Intersecting Road,Crash Date,Day,Month,Year,Hour,Weekday,Crash Type Code,Highway Classification Code,Community Code,Jurisdiction Code,Lane Departure Type Code,Surface Type,Road Condition,Weather Condition,Lighting Condition,Speed Limit,Lanes,Units,Occupants,Most Severe Injury,Fatal Injuries,Suspected Serious Injuries,Suspected Minor Injuries,Possible Injuries,Property Damage Only,Secondary Crash,Traffic Control,Red Light Run,Hit and Run,Alcohol,Drugs,Unbelted Person,Work Zone,Speeding Driver,Distracted Driver,Driveway,Pedestrian,Elderly Driver,Young Driver,Commercial Vehicle,Emergency Vehicles,Train,School Bus,Motorcycle,Bicycle,Deer,Longitude,Latitude,geom,geog,x,y
21478,9614420,HARPER,MOROSS,2016-02-01,1,2,2016,8,2,5,9,,4,0,,1,1,1,30,3,2,2,4,0,0,0,1,false,,false,false,false,false,false,,,,,,false,false,false,,,false,false,false,false,false,-82.92902,42.42492,"{
  ""coordinates"": [
    -8.292902635000000e+01,
    4.242492209300010e+01
  ],
  ""type"": ""Point""
}","{
  ""coordinates"": [
    -82.92902635,
    42.424922093
  ],
  ""type"": ""Point""
}",-82.92902635,42.4249220930001
21479,9614422,BISHOP,BERDEN,2016-02-01,1,2,2016,0,2,1,9,,,1,,1,1,4,25,2,1,0,5,0,0,0,0,true,,false,false,true,false,false,,,,,,false,false,false,,,false,false,false,false,false,-82.93848,42.41306,"{
  ""coordinates"": [
    -8.293847882499990e+01,
    4.241306348900010e+01
  ],
  ""type"": ""Point""
}","{
  ""coordinates"": [
    -82.938478825,
    42.413063489
  ],
  ""type"": ""Point""
}",-82.9384788249999,42.4130634890001
21480,9615258,I-94,GRANDRIVER,2016-02-01,1,2,2016,17,2,5,1,,1,0,,1,1,1,55,3,3,3,4,0,0,0,1,false,,false,false,false,false,false,,,,,,false,false,true,,,false,false,false,false,false,-83.09607,42.35106,"{
  ""coordinates"": [
    -8.309606768899990e+01,
    4.235105880700010e+01
  ],
  ""type"": ""Point""
}","{
  ""coordinates"": [
    -83.096067689,
    42.351058807
  ],
  ""type"": ""Point""
}",-83.0960676889999,42.3510588070001
21481,9617707,8 MILE,GILCHRIST,2016-02-01,1,2,2016,16,2,5,3,,1,0,,1,1,1,45,4,2,2,5,0,0,0,0,true,,false,false,false,false,false,,,,,,false,false,true,,,false,false,false,false,false,-83.21403,42.44431,"{
  ""coordinates"": [
    -8.321402683199990e+01,
    4.244431303200000e+01
  ],
  ""type"": ""Point""
}","{
  ""coordinates"": [
    -83.214026832,
    42.444313032
  ],
  ""type"": ""Point""
}",-83.2140268319999,42.444313032
21482,9613496,PURITAN,COYLE,2016-02-01,1,2,2016,18,2,8,9,,4,0,,1,1,5,30,4,2,1,5,0,0,0,0,true,,false,false,false,false,false,,,,,,false,false,false,,,false,false,false,false,false,-83.19421,42.40889,"{
  ""coordinates"": [
    -8.319421469799990e+01,
    4.240889437100000e+01
  ],
  ""type"": ""Point""
}","{
  ""coordinates"": [
    -83.194214698,
    42.408894371
  ],
  ""type"": ""Point""
}",-83.1942146979999,42.408894371
21483,9612675,MOROSS,I 94 SERVICE,2016-02-01,1,2,2016,18,2,5,9,,2,0,,1,1,4,35,6,2,1,5,0,0,0,0,true,,false,false,true,false,false,,,,,,false,false,false,,,false,false,false,false,false,-82.92831,42.42417,"{
  ""coordinates"": [
    -8.292830510200000e+01,
    4.242416735400010e+01
  ],
  ""type"": ""Point""
}","{
  ""coordinates"": [
    -82.928305102,
    42.424167354
  ],
  ""type"": ""Point""
}",-82.928305102,42.4241673540001
21484,9613515,LIVERNOIS,CHIPPEWA,2016-02-01,1,2,2016,9,2,5,9,,4,0,,1,1,1,35,4,2,2,5,0,0,0,0,true,,false,false,false,false,false,,,,,,false,false,false,,,false,false,false,false,false,-83.14174,42.4413,"{
  ""coordinates"": [
    -8.314173972099999e+01,
    4.244129396700000e+01
  ],
  ""type"": ""Point""
}","{
  ""coordinates"": [
    -83.141739721,
    42.441293967
  ],
  ""type"": ""Point""
}",-83.141739721,42.441293967
21485,9615276,RAMP 223A,CADIEUX,2016-02-01,1,2,2016,16,2,5,1,,1,0,,1,1,1,55,1,3,3,5,0,0,0,0,true,,false,false,false,false,false,,,,,,false,false,true,,,false,false,false,false,false,-82.93707,42.41682,"{
  ""coordinates"": [
    -8.293706742400001e+01,
    4.241681517800000e+01
  ],
  ""type"": ""Point""
}","{
  ""coordinates"": [
    -82.937067424,
    42.416815178
  ],
  ""type"": ""Point""
}",-82.937067424,42.416815178
21486,9615246,M-39,CHICAGO,2016-02-01,1,2,2016,7,2,5,3,,1,0,,1,1,2,55,3,2,2,5,0,0,0,0,true,,false,false,true,false,false,,,,,,false,false,true,,,false,false,false,false,false,-83.21656,42.36539,"{
  ""coordinates"": [
    -8.321656100199991e+01,
    4.236538907500010e+01
  ],
  ""type"": ""Point""
}","{
  ""coordinates"": [
    -83.216561002,
    42.365389075
  ],
  ""type"": ""Point""
}",-83.2165610019999,42.3653890750001
21487,9613491,KENTFIELD,KENDALL,2016-02-01,1,2,2016,23,2,4,9,,,0,,1,1,5,25,4,2,2,5,0,0,0,0,true,,false,false,true,false,false,,,,,,false,false,true,,,false,false,false,false,false,-83.24007,42.38859,"{
  ""coordinates"": [
    -8.324007733300000e+01,
    4.238859350500010e+01
  ],
  ""type"": ""Point""
}","{
  ""coordinates"": [
    -83.240077333,
    42.388593505
  ],
  ""type"": ""Point""
}",-83.240077333,42.3885935050001
21488,9613495,WOODWARD,BETHUNE,2016-02-01,1,2,2016,17,2,4,3,,1,0,,1,1,1,25,2,2,2,5,0,0,0,0,true,,false,false,false,false,false,,,,,,false,false,true,,,false,false,false,false,false,-83.07468,42.37234,"{
  ""coordinates"": [
    -8.307467865599990e+01,
    4.237233722600010e+01
  ],
  ""type"": ""Point""
}","{
  ""coordinates"": [
    -83.074678656,
    42.372337226
  ],
  ""type"": ""Point""
}",-83.0746786559999,42.3723372260001
21489,9612553,M-10,WYOMING,2016-02-01,1,2,2016,7,2,5,3,,1,0,,1,1,1,55,3,2,2,5,0,0,0,0,true,,false,false,false,false,false,,,,,,false,false,false,,,false,false,false,false,false,-83.16275,42.407,"{
  ""coordinates"": [
    -8.316275173500000e+01,
    4.240699908300010e+01
  ],
  ""type"": ""Point""
}","{
  ""coordinates"": [
    -83.162751735,
    42.406999083
  ],
  ""type"": ""Point""
}",-83.162751735,42.4069990830001
21490,9612665,GRAND,CHENE,2016-02-01,1,2,2016,14,2,97,1,,4,0,,1,1,1,30,2,2,1,5,0,0,0,0,true,,false,false,true,false,false,,,,,,false,false,true,,,false,false,false,false,false,-83.04655,42.37523,"{
  ""coordinates"": [
    -8.304654397600000e+01,
    4.237522328000010e+01
  ],
  ""type"": ""Point""
}","{
  ""coordinates"": [
    -83.046543976,
    42.37522328
  ],
  ""type"": ""Point""
}",-83.046543976,42.3752232800001
21491,9612683,GRATIOT,SEYBURN,2016-02-01,1,2,2016,14,2,8,3,,1,0,,1,1,1,35,7,2,2,5,0,0,0,0,true,,false,false,false,false,false,,,,,,false,true,false,,,false,false,false,false,false,-83.01535,42.37782,"{
  ""coordinates"": [
    -8.301534679000000e+01,
    4.237782121600000e+01
  ],
  ""type"": ""Point""
}","{
  ""coordinates"": [
    -83.01534679,
    42.377821216
  ],
  ""type"": ""Point""
}",-83.01534679,42.377821216
21492,9614283,I-96,FULLERTON,2016-02-01,1,2,2016,1,2,1,1,,1,1,,2,1,3,70,4,1,1,5,0,0,0,0,true,,false,false,false,false,false,,,,,,false,false,true,,,false,false,false,false,false,-83.1881,42.38048,"{
  ""coordinates"": [
    -8.318809679799990e+01,
    4.238048031300010e+01
  ],
  ""type"": ""Point""
}","{
  ""coordinates"": [
    -83.188096798,
    42.380480313
  ],
  ""type"": ""Point""
}",-83.1880967979999,42.3804803130001
21493,9612652,LINADALE,IORNWOOD,2016-02-01,1,2,2016,10,2,3,9,,,0,,1,1,1,25,2,2,2,5,0,0,0,0,true,,false,false,false,false,false,,,,,,false,true,false,,,false,false,false,false,false,-83.12698,42.36031,"{
  ""coordinates"": [
    -8.312698483400000e+01,
    4.236031123700010e+01
  ],
  ""type"": ""Point""
}","{
  ""coordinates"": [
    -83.126984834,
    42.360311237
  ],
  ""type"": ""Point""
}",-83.126984834,42.3603112370001
21494,9613490,BURT,SCHOOLCRAFT,2016-02-01,1,2,2016,21,2,5,9,,4,0,,1,1,4,30,4,2,3,5,0,0,0,0,true,,false,false,false,false,false,,,,,,false,false,true,,,false,false,false,false,false,-83.24659,42.38604,"{
  ""coordinates"": [
    -8.324659219800000e+01,
    4.238604487200010e+01
  ],
  ""type"": ""Point""
}","{
  ""coordinates"": [
    -83.246592198,
    42.386044872
  ],
  ""type"": ""Point""
}",-83.246592198,42.3860448720001
21495,9612674,WARREN,SECOND,2016-02-01,1,2,2016,15,2,8,9,,4,0,,1,1,1,30,3,2,3,5,0,0,0,0,true,,false,false,true,false,false,,,,,,false,false,false,,,false,false,false,false,false,-83.06898,42.35514,"{
  ""coordinates"": [
    -8.306898697600001e+01,
    4.235514624000010e+01
  ],
  ""type"": ""Point""
}","{
  ""coordinates"": [
    -83.068986976,
    42.35514624
  ],
  ""type"": ""Point""
}",-83.068986976,42.3551462400001
21496,9612691,KEYSTONE,7 MILE,2016-02-01,1,2,2016,0,2,5,9,,,0,,2,1,4,25,1,2,0,5,0,0,0,0,true,,false,false,true,false,false,,,,,,false,false,false,,,false,false,false,false,false,-83.05145,42.43346,"{
  ""coordinates"": [
    -8.305144420499990e+01,
    4.243346039200000e+01
  ],
  ""type"": ""Point""
}","{
  ""coordinates"": [
    -83.051444205,
    42.433460392
  ],
  ""type"": ""Point""
}",-83.0514442049999,42.433460392
21497,9613516,VASSAR,HUBBELL,2016-02-01,1,2,2016,16,2,8,9,,4,0,,1,1,1,25,3,2,25,5,0,0,0,0,true,,false,false,true,false,false,,,,,,false,false,false,,,false,false,false,false,false,-83.19014,42.4343,"{
  ""coordinates"": [
    -8.319014204699990e+01,
    4.243429826500010e+01
  ],
  ""type"": ""Point""
}","{
  ""coordinates"": [
    -83.190142047,
    42.434298265
  ],
  ""type"": ""Point""
}",-83.1901420469999,42.4342982650001
21498,9613500,S M 10,MCNICHOLS,2016-02-01,1,2,2016,14,2,8,3,,1,0,,1,1,1,35,3,2,4,5,0,0,0,0,true,,false,false,true,false,false,,,,,,false,false,false,,,false,false,false,false,false,-83.17226,42.41666,"{
  ""coordinates"": [
    -8.317226616200000e+01,
    4.241666239300010e+01
  ],
  ""type"": ""Point""
}","{
  ""coordinates"": [
    -83.172266162,
    42.416662393
  ],
  ""type"": ""Point""
}",-83.172266162,42.4166623930001
21499,9615424,MCNICHOLS,LESURE,2016-02-01,1,2,2016,8,2,5,9,,2,0,,1,1,1,30,6,2,4,5,0,0,0,0,true,,false,false,false,false,false,,,,,,false,false,false,,,false,false,false,false,false,-83.18117,42.41657,"{
  ""coordinates"": [
    -8.318117047299999e+01,
    4.241656685400010e+01
  ],
  ""type"": ""Point""
}","{
  ""coordinates"": [
    -83.181170473,
    42.416566854
  ],
  ""type"": ""Point""
}",-83.181170473,42.4165668540001
21500,9612655,GRATIOT,PARKER,2016-02-01,1,2,2016,16,2,9,3,,1,0,,97,1,4,35,7,2,1,5,0,0,0,0,true,,false,false,true,false,false,,,,,,false,false,false,,,false,false,false,false,false,-83.01403,42.3798,"{
  ""coordinates"": [
    -8.301403019999999e+01,
    4.237980204100010e+01
  ],
  ""type"": ""Point""
}","{
  ""coordinates"": [
    -83.0140302,
    42.379802041
  ],
  ""type"": ""Point""
}",-83.0140302,42.3798020410001
21501,9612649,17TH,SELDEN,2016-02-01,1,2,2016,10,2,9,9,,,2,,1,1,1,30,2,2,0,5,0,0,0,0,true,,false,false,true,false,false,,,,,,false,false,false,,,false,false,false,false,false,-83.08595,42.34104,"{
  ""coordinates"": [
    -8.308594653700000e+01,
    4.234103735700010e+01
  ],
  ""type"": ""Point""
}","{
  ""coordinates"": [
    -83.085946537,
    42.341037357
  ],
  ""type"": ""Point""
}",-83.085946537,42.3410373570001
21502,9612694,8 MILE,GARDENDALE,2016-02-01,1,2,2016,18,2,4,3,,1,0,,1,1,2,35,2,2,2,5,0,0,0,0,true,,false,false,false,false,false,,,,,,false,false,true,,,false,false,false,false,false,-83.13885,42.44615,"{
  ""coordinates"": [
    -8.313885078500000e+01,
    4.244615249200010e+01
  ],
  ""type"": ""Point""
}","{
  ""coordinates"": [
    -83.138850785,
    42.446152492
  ],
  ""type"": ""Point""
}",-83.138850785,42.4461524920001
21503,9612668,TERRY,JOY,2016-02-01,1,2,2016,13,2,97,9,,,0,,1,1,1,25,2,2,1,5,0,0,0,0,true,,false,false,false,false,false,,,,,,false,false,false,,,false,false,false,false,false,-83.19054,42.35827,"{
  ""coordinates"": [
    -8.319054086200001e+01,
    4.235826988800010e+01
  ],
  ""type"": ""Point""
}","{
  ""coordinates"": [
    -83.190540862,
    42.358269888
  ],
  ""type"": ""Point""
}",-83.190540862,42.3582698880001
21504,9625228,GRAND RIVER,ROSA PARKS,2016-02-01,1,2,2016,8,2,4,3,,1,0,,1,1,1,25,3,2,5,3,0,0,2,3,false,,false,false,false,false,false,,,,,,false,true,false,,,false,false,false,false,false,-83.0797,42.34482,"{
  ""coordinates"": [
    -8.307970072400001e+01,
    4.234482363400010e+01
  ],
  ""type"": ""Point""
}","{
  ""coordinates"": [
    -83.079700724,
    42.344823634
  ],
  ""type"": ""Point""
}",-83.079700724,42.3448236340001
21505,9612666,GRATIOT,CONNER,2016-02-01,1,2,2016,16,2,4,3,,1,0,,1,1,1,35,7,2,5,5,0,0,0,0,true,,false,false,false,false,false,,,,,,false,false,true,,,false,false,false,false,false,-82.99766,42.40466,"{
  ""coordinates"": [
    -8.299765694300000e+01,
    4.240466166800010e+01
  ],
  ""type"": ""Point""
}","{
  ""coordinates"": [
    -82.997656943,
    42.404661668
  ],
  ""type"": ""Point""
}",-82.997656943,42.4046616680001
21506,9612667,ADAMS,WOODWARD,2016-02-01,1,2,2016,16,2,4,3,,4,0,,1,2,1,30,5,2,1,5,0,0,0,0,true,,true,true,true,false,false,,,,,,false,false,false,,,false,false,false,false,false,-83.05088,42.33698,"{
  ""coordinates"": [
    -8.305088150700000e+01,
    4.233697907200010e+01
  ],
  ""type"": ""Point""
}","{
  ""coordinates"": [
    -83.050881507,
    42.336979072
  ],
  ""type"": ""Point""
}",-83.050881507,42.3369790720001
21507,9621068,WEBB,HAMILTON,2016-02-01,1,2,2016,11,2,1,9,,4,1,,1,1,1,25,2,1,2,5,0,0,0,0,true,,false,false,false,false,false,,,,,,false,false,false,,,false,false,false,false,false,-83.09707,42.3895,"{
  ""coordinates"": [
    -8.309706651399991e+01,
    4.238949489300010e+01
  ],
  ""type"": ""Point""
}","{
  ""coordinates"": [
    -83.097066514,
    42.389494893
  ],
  ""type"": ""Point""
}",-83.0970665139999,42.3894948930001
21508,9613503,LYNDON,MEYERS,2016-02-01,1,2,2016,7,2,8,9,,4,0,,1,1,2,25,2,2,4,5,0,0,0,0,true,,false,false,false,false,false,,,,,,false,false,false,,,false,false,false,false,false,-83.17016,42.39501,"{
  ""coordinates"": [
    -8.317015822300000e+01,
    4.239501267500000e+01
  ],
  ""type"": ""Point""
}","{
  ""coordinates"": [
    -83.170158223,
    42.395012675
  ],
  ""type"": ""Point""
}",-83.170158223,42.395012675
21509,9614394,CENTRAL,SENATOR,2016-02-01,1,2,2016,17,2,4,9,,4,0,,1,1,1,25,4,2,3,4,0,0,0,1,false,,true,false,false,false,false,,,,,,false,false,true,,,false,false,false,false,false,-83.12334,42.31129,"{
  ""coordinates"": [
    -8.312334192299990e+01,
    4.231128939400000e+01
  ],
  ""type"": ""Point""
}","{
  ""coordinates"": [
    -83.123341923,
    42.311289394
  ],
  ""type"": ""Point""
}",-83.1233419229999,42.311289394
21510,9613510,8 MILE,S M 39,2016-02-01,1,2,2016,16,2,5,3,,1,0,,1,1,1,40,4,2,2,5,0,0,0,0,true,,false,false,false,false,false,,,,,,false,false,false,,,false,false,false,false,false,-83.21986,42.44417,"{
  ""coordinates"": [
    -8.321985518100000e+01,
    4.244416851400010e+01
  ],
  ""type"": ""Point""
}","{
  ""coordinates"": [
    -83.219855181,
    42.444168514
  ],
  ""type"": ""Point""
}",-83.219855181,42.4441685140001
21511,9613518,LIVERNOIS,MCNICHOLS,2016-02-01,1,2,2016,13,2,5,9,,4,0,,1,1,1,30,2,2,2,5,0,0,0,0,true,,false,false,true,false,false,,,,,,false,false,false,,,false,false,false,false,false,-83.1407,42.41687,"{
  ""coordinates"": [
    -8.314070165699999e+01,
    4.241687109500000e+01
  ],
  ""type"": ""Point""
}","{
  ""coordinates"": [
    -83.140701657,
    42.416871095
  ],
  ""type"": ""Point""
}",-83.140701657,42.416871095
21512,9613502,MADISON,BRUSH,2016-02-01,1,2,2016,14,2,1,9,,4,0,,1,1,1,30,4,2,1,4,0,0,0,1,false,,false,false,false,false,false,,,,,,true,false,false,,,false,false,false,false,false,-83.04573,42.33743,"{
  ""coordinates"": [
    -8.304573105900000e+01,
    4.233742526000000e+01
  ],
  ""type"": ""Point""
}","{
  ""coordinates"": [
    -83.045731059,
    42.33742526
  ],
  ""type"": ""Point""
}",-83.045731059,42.33742526
21513,9615275,E/B I-94,14TH,2016-02-01,1,2,2016,15,2,5,1,,1,0,,1,1,1,55,3,2,2,5,0,0,0,0,true,,false,false,false,false,false,,,,,,false,false,true,,,false,false,false,false,false,-83.08913,42.35324,"{
  ""coordinates"": [
    -8.308913393900001e+01,
    4.235323694400010e+01
  ],
  ""type"": ""Point""
}","{
  ""coordinates"": [
    -83.089133939,
    42.353236944
  ],
  ""type"": ""Point""
}",-83.089133939,42.3532369440001
21514,9615425,8 MILE,8 MILE/MOUND,2016-02-01,1,2,2016,18,2,8,3,,1,0,,1,1,4,40,4,2,3,5,0,0,0,0,true,,false,false,false,false,false,,,,,,false,false,true,,,false,false,false,false,false,-83.04218,42.44781,"{
  ""coordinates"": [
    -8.304218526800000e+01,
    4.244781427800010e+01
  ],
  ""type"": ""Point""
}","{
  ""coordinates"": [
    -83.042185268,
    42.447814278
  ],
  ""type"": ""Point""
}",-83.042185268,42.4478142780001
21515,9619498,LYNDON,MEYERS,2016-02-01,1,2,2016,7,2,8,9,,4,0,,97,98,98,25,2,2,2,5,0,0,0,0,true,,false,false,false,false,false,,,,,,false,false,false,,,false,false,false,false,false,-83.16904,42.39503,"{
  ""coordinates"": [
    -8.316904475800000e+01,
    4.239502894400000e+01
  ],
  ""type"": ""Point""
}","{
  ""coordinates"": [
    -83.169044758,
    42.395028944
  ],
  ""type"": ""Point""
}",-83.169044758,42.395028944
21516,9612672,FISHHER SERVICE,CASS,2016-02-01,1,2,2016,8,2,8,9,,4,0,,1,1,1,30,3,2,2,5,0,0,0,0,true,,false,false,false,false,false,,,,,,false,false,false,,,false,false,false,false,false,-83.05709,42.33823,"{
  ""coordinates"": [
    -8.305708801199999e+01,
    4.233822618200000e+01
  ],
  ""type"": ""Point""
}","{
  ""coordinates"": [
    -83.057088012,
    42.338226182
  ],
  ""type"": ""Point""
}",-83.057088012,42.338226182
21517,9707675,VAN DYKE,SAINT PAUL,2016-01-31,31,1,2016,18,1,3,9,,4,0,,2,4,4,25,4,2,3,5,0,0,0,0,true,,false,false,true,false,false,,,,,,false,false,false,,,false,false,false,false,false,-82.99856,42.35651,"{
  ""coordinates"": [
    -8.299855935600000e+01,
    4.235651137700010e+01
  ],
  ""type"": ""Point""
}","{
  ""coordinates"": [
    -82.998559356,
    42.356511377
  ],
  ""type"": ""Point""
}",-82.998559356,42.3565113770001
21518,9614282,I-94,WARREN,2016-01-31,31,1,2016,11,1,1,1,,1,1,,2,4,1,55,3,1,1,5,0,0,0,0,true,,false,false,false,false,false,,,,,,false,false,false,,,false,false,false,false,false,-83.11343,42.3447,"{
  ""coordinates"": [
    -8.311343188500000e+01,
    4.234470252600000e+01
  ],
  ""type"": ""Point""
}","{
  ""coordinates"": [
    -83.113431885,
    42.344702526
  ],
  ""type"": ""Point""
}",-83.113431885,42.344702526
21519,9611736,OUTER,APPOLINE,2016-01-31,31,1,2016,21,1,4,9,,2,0,,2,4,4,30,3,2,3,4,0,0,0,1,false,,false,false,false,false,false,,,,,,false,false,false,,,false,false,false,false,false,-83.17194,42.43469,"{
  ""coordinates"": [
    -8.317193488200000e+01,
    4.243469237200000e+01
  ],
  ""type"": ""Point""
}","{
  ""coordinates"": [
    -83.171934882,
    42.434692372
  ],
  ""type"": ""Point""
}",-83.171934882,42.434692372
21520,9623501,7 MILE,GRANDVILLE,2016-01-31,31,1,2016,18,1,5,9,,2,0,,2,1,4,35,4,2,2,4,0,0,0,1,false,,false,false,true,false,false,,,,,,false,false,false,,,false,false,false,false,false,-83.23214,42.42976,"{
  ""coordinates"": [
    -8.323213994400000e+01,
    4.242975489600010e+01
  ],
  ""type"": ""Point""
}","{
  ""coordinates"": [
    -83.232139944,
    42.429754896
  ],
  ""type"": ""Point""
}",-83.232139944,42.4297548960001
21521,9612677,STEEL,JOY,2016-01-31,31,1,2016,13,1,97,9,,,0,,1,1,1,25,1,2,0,5,0,0,0,0,true,,false,false,true,false,false,,,,,,false,false,false,,,false,false,false,false,false,-83.17018,42.35872,"{
  ""coordinates"": [
    -8.317017865900000e+01,
    4.235871853500000e+01
  ],
  ""type"": ""Point""
}","{
  ""coordinates"": [
    -83.170178659,
    42.358718535
  ],
  ""type"": ""Point""
}",-83.170178659,42.358718535
21522,9611738,MCNICHOLS,BIRWOOD,2016-01-31,31,1,2016,22,1,4,9,,2,0,,2,1,4,25,4,2,3,5,0,0,0,0,true,,true,false,true,false,false,,,,,,false,false,false,,,false,false,false,false,false,-83.16464,42.41681,"{
  ""coordinates"": [
    -8.316464386099990e+01,
    4.241680810200010e+01
  ],
  ""type"": ""Point""
}","{
  ""coordinates"": [
    -83.164643861,
    42.416808102
  ],
  ""type"": ""Point""
}",-83.1646438609999,42.4168081020001
21523,9618531,SCHAEFER,CHICAGO,2016-01-31,31,1,2016,1,1,4,9,,4,0,,1,1,3,35,2,2,3,4,0,0,0,2,false,,true,true,false,false,false,,,,,,false,false,false,,,false,false,false,false,false,-83.17772,42.36579,"{
  ""coordinates"": [
    -8.317771555699990e+01,
    4.236579115500010e+01
  ],
  ""type"": ""Point""
}","{
  ""coordinates"": [
    -83.177715557,
    42.365791155
  ],
  ""type"": ""Point""
}",-83.1777155569999,42.3657911550001
21524,9611470,E I 94,CONSOLIDATED RAIL CORPORATION,2016-01-31,31,1,2016,4,1,1,1,,1,1,,2,4,4,55,3,1,2,5,0,0,0,0,true,,false,false,false,false,false,,,,,,false,false,false,,,false,false,false,false,false,-83.03104,42.38217,"{
  ""coordinates"": [
    -8.303103650299990e+01,
    4.238217307800010e+01
  ],
  ""type"": ""Point""
}","{
  ""coordinates"": [
    -83.031036503,
    42.382173078
  ],
  ""type"": ""Point""
}",-83.0310365029999,42.3821730780001
21525,9611502,N M 10,LIVERNOIS,2016-01-31,31,1,2016,23,1,8,3,,1,0,,2,4,5,55,3,3,2,5,0,0,0,0,true,,false,false,true,false,false,,,,,,false,false,false,,,false,false,false,false,false,-83.14011,42.40496,"{
  ""coordinates"": [
    -8.314011335399989e+01,
    4.240495577100010e+01
  ],
  ""type"": ""Point""
}","{
  ""coordinates"": [
    -83.140113354,
    42.404955771
  ],
  ""type"": ""Point""
}",-83.1401133539999,42.4049557710001
21526,9611501,N M 10,RAMP 107C,2016-01-31,31,1,2016,23,1,5,3,,1,0,,2,4,5,55,3,2,5,5,0,0,0,0,true,,false,false,false,false,false,,,,,,false,false,true,,,false,false,false,false,false,-83.13595,42.405,"{
  ""coordinates"": [
    -8.313594826799989e+01,
    4.240500124200000e+01
  ],
  ""type"": ""Point""
}","{
  ""coordinates"": [
    -83.135948268,
    42.405001242
  ],
  ""type"": ""Point""
}",-83.1359482679999,42.405001242
21527,9614376,MCCLELLAN,GRATIOT,2016-01-31,31,1,2016,19,1,5,3,,4,0,,2,4,4,40,4,2,5,4,0,0,0,3,false,,false,false,true,false,false,,,,,,false,false,true,,,false,false,false,false,false,-83.00685,42.39011,"{
  ""coordinates"": [
    -8.300684786900000e+01,
    4.239011406700010e+01
  ],
  ""type"": ""Point""
}","{
  ""coordinates"": [
    -83.006847869,
    42.390114067
  ],
  ""type"": ""Point""
}",-83.006847869,42.3901140670001
21528,9615443,THIRD,SELDEN,2016-01-31,31,1,2016,0,1,4,9,,4,0,,1,1,1,30,2,2,2,5,0,0,0,0,true,,true,true,false,false,false,,,,,,false,false,false,,,false,false,false,false,false,-83.06661,42.34666,"{
  ""coordinates"": [
    -8.306660944200000e+01,
    4.234666327200010e+01
  ],
  ""type"": ""Point""
}","{
  ""coordinates"": [
    -83.066609442,
    42.346663272
  ],
  ""type"": ""Point""
}",-83.066609442,42.3466632720001
21529,9611471,E I 94,MOUNT ELLIOTT,2016-01-31,31,1,2016,4,1,5,1,,1,0,,2,4,4,55,3,2,2,4,0,0,0,1,false,,false,false,false,false,false,,,,,,false,false,false,,,false,false,false,false,false,-83.03344,42.37939,"{
  ""coordinates"": [
    -8.303344216499990e+01,
    4.237939592500000e+01
  ],
  ""type"": ""Point""
}","{
  ""coordinates"": [
    -83.033442165,
    42.379395925
  ],
  ""type"": ""Point""
}",-83.0334421649999,42.379395925
21530,9618523,KELLY,MARANG,2016-01-31,31,1,2016,14,1,4,9,,2,0,,1,1,1,25,2,2,4,5,0,0,0,0,true,,false,false,true,false,false,,,,,,false,false,false,,,false,false,false,false,false,-82.95722,42.42912,"{
  ""coordinates"": [
    -8.295722348500000e+01,
    4.242912456900010e+01
  ],
  ""type"": ""Point""
}","{
  ""coordinates"": [
    -82.957223485,
    42.429124569
  ],
  ""type"": ""Point""
}",-82.957223485,42.4291245690001
21531,9613440,I-75,7 MILE,2016-01-31,31,1,2016,13,1,1,1,,1,1,,2,4,1,70,4,1,1,5,0,0,0,0,true,,false,false,false,false,false,,,,,,false,false,false,,,false,false,false,false,false,-83.09451,42.43139,"{
  ""coordinates"": [
    -8.309451409600000e+01,
    4.243138528700010e+01
  ],
  ""type"": ""Point""
}","{
  ""coordinates"": [
    -83.094514096,
    42.431385287
  ],
  ""type"": ""Point""
}",-83.094514096,42.4313852870001
21532,9611684,SECOND,MARTIN LUTHER KING JR,2016-01-31,31,1,2016,0,1,97,9,,4,0,,1,1,4,30,2,2,1,4,0,0,0,1,false,,false,false,false,true,false,,,,,,true,false,false,,,false,false,false,false,false,-83.063,42.34494,"{
  ""coordinates"": [
    -8.306299439500000e+01,
    4.234493728600010e+01
  ],
  ""type"": ""Point""
}","{
  ""coordinates"": [
    -83.062994395,
    42.344937286
  ],
  ""type"": ""Point""
}",-83.062994395,42.3449372860001
21533,9611480,RAMP 109B,S M 10,2016-01-31,31,1,2016,11,1,5,3,,1,0,,1,4,1,55,1,2,2,5,0,0,0,0,true,,false,false,false,false,false,,,,,,false,false,false,,,false,false,false,false,false,-83.10911,42.39669,"{
  ""coordinates"": [
    -8.310910602500000e+01,
    4.239669287800010e+01
  ],
  ""type"": ""Point""
}","{
  ""coordinates"": [
    -83.109106025,
    42.396692878
  ],
  ""type"": ""Point""
}",-83.109106025,42.3966928780001
21534,9612690,ALBANY,7 MILE,2016-01-31,31,1,2016,17,1,5,9,,,0,,1,1,1,25,2,2,0,5,0,0,0,0,true,,false,false,true,false,false,,,,,,false,false,false,,,false,false,false,false,false,-83.04494,42.43355,"{
  ""coordinates"": [
    -8.304493639099999e+01,
    4.243355016900010e+01
  ],
  ""type"": ""Point""
}","{
  ""coordinates"": [
    -83.044936391,
    42.433550169
  ],
  ""type"": ""Point""
}",-83.044936391,42.4335501690001