ObjectId,Crash ID,Primary Road,Intersecting Road,Crash Date,Day,Month,Year,Hour,Weekday,Crash Type Code,Highway Classification Code,Community Code,Jurisdiction Code,Lane Departure Type Code,Surface Type,Road Condition,Weather Condition,Lighting Condition,Speed Limit,Lanes,Units,Occupants,Most Severe Injury,Fatal Injuries,Suspected Serious Injuries,Suspected Minor Injuries,Possible Injuries,Property Damage Only,Secondary Crash,Traffic Control,Red Light Run,Hit and Run,Alcohol,Drugs,Unbelted Person,Work Zone,Speeding Driver,Distracted Driver,Driveway,Pedestrian,Elderly Driver,Young Driver,Commercial Vehicle,Emergency Vehicles,Train,School Bus,Motorcycle,Bicycle,Deer,Longitude,Latitude,geom,geog,x,y
21649,9611716,WILSHIRE,ANNSBURY,2016-01-29,29,1,2016,17,6,97,9,,,0,,1,1,1,25,3,2,1,5,0,0,0,0,true,,false,false,false,false,false,,,,,,false,false,false,,,false,false,false,false,false,-82.98363,42.40834,"{
  ""coordinates"": [
    -8.298363047100000e+01,
    4.240834288200010e+01
  ],
  ""type"": ""Point""
}","{
  ""coordinates"": [
    -82.983630471,
    42.408342882
  ],
  ""type"": ""Point""
}",-82.983630471,42.4083428820001
21650,9633033,I-94,LINWOOD,2016-01-29,29,1,2016,9,6,5,1,,1,0,,97,98,98,60,3,2,2,5,0,0,0,0,true,,false,false,false,false,false,,,,,,false,false,true,,,false,false,false,false,false,-83.0939,42.35188,"{
  ""coordinates"": [
    -8.309390553500000e+01,
    4.235187586000010e+01
  ],
  ""type"": ""Point""
}","{
  ""coordinates"": [
    -83.093905535,
    42.35187586
  ],
  ""type"": ""Point""
}",-83.093905535,42.3518758600001
21651,9610515,GUNSTON,GRATIOT,2016-01-29,29,1,2016,15,6,8,3,,1,0,,1,1,1,30,4,2,4,4,0,0,0,2,false,,false,false,false,false,false,,,,,,false,false,false,,,false,false,false,false,false,-82.99512,42.40859,"{
  ""coordinates"": [
    -8.299512452600000e+01,
    4.240858740900010e+01
  ],
  ""type"": ""Point""
}","{
  ""coordinates"": [
    -82.995124526,
    42.408587409
  ],
  ""type"": ""Point""
}",-82.995124526,42.4085874090001
21652,9612542,E/B I-94,M-10,2016-01-29,29,1,2016,15,6,5,1,,1,0,,1,1,1,55,3,2,2,5,0,0,0,0,true,,false,false,false,false,false,,,,,,false,false,false,,,false,false,false,false,false,-83.06908,42.36346,"{
  ""coordinates"": [
    -8.306907869799990e+01,
    4.236345953800000e+01
  ],
  ""type"": ""Point""
}","{
  ""coordinates"": [
    -83.069078698,
    42.363459538
  ],
  ""type"": ""Point""
}",-83.0690786979999,42.363459538
21653,9611495,I-94,LINWOOD,2016-01-29,29,1,2016,0,6,8,1,,1,0,,1,1,4,55,3,2,2,4,0,0,0,2,false,,false,false,false,false,false,,,,,,false,false,true,,,false,false,false,false,false,-83.09475,42.35148,"{
  ""coordinates"": [
    -8.309475137899990e+01,
    4.235148234800000e+01
  ],
  ""type"": ""Point""
}","{
  ""coordinates"": [
    -83.094751379,
    42.351482348
  ],
  ""type"": ""Point""
}",-83.0947513789999,42.351482348
21654,9611484,I-94,LONYO,2016-01-29,29,1,2016,17,6,5,1,,1,0,,1,1,1,55,3,2,2,5,0,0,0,0,true,,false,false,false,false,false,,,,,,false,false,false,,,false,false,false,false,false,-83.14518,42.33141,"{
  ""coordinates"": [
    -8.314517997900001e+01,
    4.233140655600000e+01
  ],
  ""type"": ""Point""
}","{
  ""coordinates"": [
    -83.145179979,
    42.331406556
  ],
  ""type"": ""Point""
}",-83.145179979,42.331406556
21655,9610505,MACK,HURLBUT,2016-01-29,29,1,2016,10,6,8,9,,4,0,,1,1,1,30,2,2,3,5,0,0,0,0,true,,false,false,false,false,false,,,,,,false,false,false,,,false,false,false,false,false,-82.98973,42.37405,"{
  ""coordinates"": [
    -8.298973265099990e+01,
    4.237405462800010e+01
  ],
  ""type"": ""Point""
}","{
  ""coordinates"": [
    -82.989732651,
    42.374054628
  ],
  ""type"": ""Point""
}",-82.9897326509999,42.3740546280001
21656,9613498,COPE,FOREST,2016-01-29,29,1,2016,7,6,97,9,,,0,,1,1,1,25,1,2,1,5,0,0,0,0,true,,false,false,true,false,false,,,,,,false,false,false,,,false,false,false,false,false,-82.97132,42.38899,"{
  ""coordinates"": [
    -8.297132391900000e+01,
    4.238898776000010e+01
  ],
  ""type"": ""Point""
}","{
  ""coordinates"": [
    -82.971323919,
    42.38898776
  ],
  ""type"": ""Point""
}",-82.971323919,42.3889877600001
21657,9614435,WARREN,COMMONWEALTH,2016-01-29,29,1,2016,15,6,97,9,,4,0,,1,1,1,30,4,2,4,4,0,0,0,1,false,,false,false,false,false,false,,,,,,false,true,true,,,false,false,false,false,false,-83.07994,42.3517,"{
  ""coordinates"": [
    -8.307993817399991e+01,
    4.235169854000000e+01
  ],
  ""type"": ""Point""
}","{
  ""coordinates"": [
    -83.079938174,
    42.35169854
  ],
  ""type"": ""Point""
}",-83.0799381739999,42.35169854
21658,9611696,FENKELL,ARDMORE,2016-01-29,29,1,2016,21,6,4,9,,2,0,,1,1,4,30,2,2,2,5,0,0,0,0,true,,false,false,false,false,false,,,,,,false,false,false,,,false,false,false,false,false,-83.18452,42.40194,"{
  ""coordinates"": [
    -8.318451723699999e+01,
    4.240193599700010e+01
  ],
  ""type"": ""Point""
}","{
  ""coordinates"": [
    -83.184517237,
    42.401935997
  ],
  ""type"": ""Point""
}",-83.184517237,42.4019359970001
21659,9611695,JEFFRIES,CHICAGO,2016-01-29,29,1,2016,18,6,4,9,,4,0,,1,1,4,35,2,2,3,5,0,0,0,0,true,,true,true,false,false,false,,,,,,false,false,false,,,false,false,false,false,false,-83.13954,42.36712,"{
  ""coordinates"": [
    -8.313953971399999e+01,
    4.236711339900010e+01
  ],
  ""type"": ""Point""
}","{
  ""coordinates"": [
    -83.139539714,
    42.367113399
  ],
  ""type"": ""Point""
}",-83.139539714,42.3671133990001
21660,9611712,GRATIOT,RAMP 219D,2016-01-29,29,1,2016,15,6,5,3,,1,0,,1,1,1,30,3,2,0,5,0,0,0,0,true,,false,false,true,false,false,,,,,,false,false,false,,,false,false,false,false,false,-83.00577,42.39231,"{
  ""coordinates"": [
    -8.300576488599999e+01,
    4.239230977900010e+01
  ],
  ""type"": ""Point""
}","{
  ""coordinates"": [
    -83.005764886,
    42.392309779
  ],
  ""type"": ""Point""
}",-83.005764886,42.3923097790001
21661,9611468,E I 94,24TH,2016-01-29,29,1,2016,17,6,5,1,,1,0,,1,1,1,55,3,3,3,5,0,0,0,0,true,,false,false,false,false,false,,,,,,false,false,false,,,false,false,false,false,false,-83.10216,42.34913,"{
  ""coordinates"": [
    -8.310215462399999e+01,
    4.234913048700000e+01
  ],
  ""type"": ""Point""
}","{
  ""coordinates"": [
    -83.102154624,
    42.349130487
  ],
  ""type"": ""Point""
}",-83.102154624,42.349130487
21662,9611469,WB I-94,VAN DYKE,2016-01-29,29,1,2016,19,6,5,1,,1,0,,1,1,4,55,3,2,2,5,0,0,0,0,true,,false,false,false,false,false,,,,,,false,false,true,,,false,false,false,false,false,-83.01582,42.38795,"{
  ""coordinates"": [
    -8.301582640800000e+01,
    4.238794595500010e+01
  ],
  ""type"": ""Point""
}","{
  ""coordinates"": [
    -83.015826408,
    42.387945955
  ],
  ""type"": ""Point""
}",-83.015826408,42.3879459550001
21663,9612556,M-39,PAUL,2016-01-29,29,1,2016,18,6,5,3,,1,0,,1,1,3,55,3,4,4,5,0,0,0,0,true,,false,false,false,false,false,,,,,,false,false,false,,,false,false,false,false,false,-83.21615,42.33886,"{
  ""coordinates"": [
    -8.321614689200000e+01,
    4.233885789700000e+01
  ],
  ""type"": ""Point""
}","{
  ""coordinates"": [
    -83.216146892,
    42.338857897
  ],
  ""type"": ""Point""
}",-83.216146892,42.338857897
21664,9611658,EVERGREEN,SAWYER,2016-01-29,29,1,2016,17,6,5,9,,4,0,,1,1,1,30,2,2,2,5,0,0,0,0,true,,false,false,false,false,false,,,,,,false,false,false,,,false,false,false,false,false,-83.23551,42.3468,"{
  ""coordinates"": [
    -8.323551348399999e+01,
    4.234680195000000e+01
  ],
  ""type"": ""Point""
}","{
  ""coordinates"": [
    -83.235513484,
    42.34680195
  ],
  ""type"": ""Point""
}",-83.235513484,42.34680195
21665,9611694,TERRY,ELMIRA,2016-01-29,29,1,2016,15,6,4,9,,,0,,1,1,1,25,6,2,1,4,0,0,0,1,false,,false,false,true,false,false,,,,,,false,false,false,,,false,false,false,false,false,-83.19092,42.37035,"{
  ""coordinates"": [
    -8.319091888799990e+01,
    4.237035270200000e+01
  ],
  ""type"": ""Point""
}","{
  ""coordinates"": [
    -83.190918888,
    42.370352702
  ],
  ""type"": ""Point""
}",-83.1909188879999,42.370352702
21666,9610517,S I 75 SERVICE DRIVE,8 MILE SERVICE DRIVE,2016-01-29,29,1,2016,16,6,8,1,,1,0,,1,1,1,30,3,2,2,5,0,0,0,0,true,,false,false,false,false,false,,,,,,false,false,false,,,false,false,false,false,false,-83.09531,42.4467,"{
  ""coordinates"": [
    -8.309530714700000e+01,
    4.244669651500000e+01
  ],
  ""type"": ""Point""
}","{
  ""coordinates"": [
    -83.095307147,
    42.446696515
  ],
  ""type"": ""Point""
}",-83.095307147,42.446696515
21667,9610424,E/B I-94,CHALMERS,2016-01-29,29,1,2016,7,6,1,1,,1,0,,1,1,1,55,3,1,1,5,0,0,0,0,true,,false,false,false,false,false,,,,,,false,false,false,,,false,false,false,false,false,-82.96881,42.40248,"{
  ""coordinates"": [
    -8.296880922299989e+01,
    4.240248561400010e+01
  ],
  ""type"": ""Point""
}","{
  ""coordinates"": [
    -82.968809223,
    42.402485614
  ],
  ""type"": ""Point""
}",-82.9688092229999,42.4024856140001
21668,9611688,7 MILE,SHAFTSBURY,2016-01-29,29,1,2016,15,6,2,9,,2,2,,1,1,1,35,6,2,2,5,0,0,0,0,true,,false,false,true,false,false,,,,,,false,false,false,,,false,false,false,false,false,-83.23096,42.42979,"{
  ""coordinates"": [
    -8.323096407400000e+01,
    4.242978735900000e+01
  ],
  ""type"": ""Point""
}","{
  ""coordinates"": [
    -83.230964074,
    42.429787359
  ],
  ""type"": ""Point""
}",-83.230964074,42.429787359
21669,9610506,JEFFERSON,PHILIP,2016-01-29,29,1,2016,15,6,4,9,,4,0,,1,1,1,35,4,2,2,4,0,0,0,1,false,,false,false,false,false,false,,,,,,false,true,false,,,false,false,false,false,false,-82.94218,42.37377,"{
  ""coordinates"": [
    -8.294218554500000e+01,
    4.237377111800000e+01
  ],
  ""type"": ""Point""
}","{
  ""coordinates"": [
    -82.942185545,
    42.373771118
  ],
  ""type"": ""Point""
}",-82.942185545,42.373771118
21670,9611730,DAVISON CROSSOVER,DEXTER,2016-01-29,29,1,2016,16,6,4,3,,1,0,,1,1,1,35,5,2,2,5,0,0,0,0,true,,false,false,false,false,false,,,,,,false,true,false,,,false,false,false,false,false,-83.13087,42.38974,"{
  ""coordinates"": [
    -8.313086397700000e+01,
    4.238974160200010e+01
  ],
  ""type"": ""Point""
}","{
  ""coordinates"": [
    -83.130863977,
    42.389741602
  ],
  ""type"": ""Point""
}",-83.130863977,42.3897416020001
21671,9614429,MADISON,BEAUBIEN,2016-01-29,29,1,2016,17,6,1,9,,4,0,,1,1,1,30,4,1,1,5,0,0,0,0,true,,false,false,false,false,false,,,,,,false,false,false,,,false,false,false,false,false,-83.04472,42.33779,"{
  ""coordinates"": [
    -8.304471553300000e+01,
    4.233779318500010e+01
  ],
  ""type"": ""Point""
}","{
  ""coordinates"": [
    -83.044715533,
    42.337793185
  ],
  ""type"": ""Point""
}",-83.044715533,42.3377931850001
21672,9611497,I-96,LIVERNOIS,2016-01-29,29,1,2016,21,6,5,1,,1,0,,1,1,4,70,4,2,1,5,0,0,0,0,true,,false,false,true,false,false,,,,,,false,false,false,,,false,false,false,false,false,-83.143,42.36892,"{
  ""coordinates"": [
    -8.314300041199991e+01,
    4.236891917600010e+01
  ],
  ""type"": ""Point""
}","{
  ""coordinates"": [
    -83.143000412,
    42.368919176
  ],
  ""type"": ""Point""
}",-83.1430004119999,42.3689191760001
21673,9611491,I-75,DEARBORN,2016-01-28,28,1,2016,18,5,6,1,,1,0,,2,4,4,70,4,2,2,5,0,0,0,0,true,,false,false,false,false,false,,,,,,false,false,false,,,false,false,false,false,false,-83.12892,42.29158,"{
  ""coordinates"": [
    -8.312892406299990e+01,
    4.229157564300000e+01
  ],
  ""type"": ""Point""
}","{
  ""coordinates"": [
    -83.128924063,
    42.291575643
  ],
  ""type"": ""Point""
}",-83.1289240629999,42.291575643
21674,9612557,M-39,WARREN,2016-01-28,28,1,2016,16,5,5,3,,1,0,,2,4,1,55,3,2,2,4,0,0,0,1,false,,false,false,false,false,false,,,,,,false,false,true,,,false,false,false,false,false,-83.21634,42.34626,"{
  ""coordinates"": [
    -8.321633906600000e+01,
    4.234625785400000e+01
  ],
  ""type"": ""Point""
}","{
  ""coordinates"": [
    -83.216339066,
    42.346257854
  ],
  ""type"": ""Point""
}",-83.216339066,42.346257854
21675,9611492,N I 75,RAMP 216D,2016-01-28,28,1,2016,19,5,8,1,,1,0,,2,4,4,55,3,2,1,5,0,0,0,0,true,,false,false,true,false,false,,,,,,false,false,false,,,false,false,false,false,false,-83.05786,42.36839,"{
  ""coordinates"": [
    -8.305785885300000e+01,
    4.236838706600000e+01
  ],
  ""type"": ""Point""
}","{
  ""coordinates"": [
    -83.057858853,
    42.368387066
  ],
  ""type"": ""Point""
}",-83.057858853,42.368387066
21676,9997458,FOREST,CHRYSLER SERVICE,2016-01-28,28,1,2016,16,5,8,9,,,0,,2,4,1,30,2,2,2,5,0,0,0,0,true,,false,false,false,false,false,,,,,,false,false,false,,,false,false,false,false,false,-83.05226,42.35892,"{
  ""coordinates"": [
    -8.305226157000000e+01,
    4.235892414000010e+01
  ],
  ""type"": ""Point""
}","{
  ""coordinates"": [
    -83.05226157,
    42.35892414
  ],
  ""type"": ""Point""
}",-83.05226157,42.3589241400001
21677,9612545,W/B I 94,GRAND RIVER,2016-01-28,28,1,2016,19,5,4,1,,1,0,,2,4,4,55,4,2,1,5,0,0,0,0,true,,false,false,true,false,false,,,,,,false,false,false,,,false,false,false,false,false,-83.09393,42.35187,"{
  ""coordinates"": [
    -8.309392358400000e+01,
    4.235187012500010e+01
  ],
  ""type"": ""Point""
}","{
  ""coordinates"": [
    -83.093923584,
    42.351870125
  ],
  ""type"": ""Point""
}",-83.093923584,42.3518701250001
21678,9611456,RAMP 139G,W I 96 CD,2016-01-28,28,1,2016,17,5,1,1,,1,1,,2,4,3,35,3,1,2,4,0,0,0,2,false,,false,false,false,false,false,,,,,,false,false,false,,,false,false,false,false,false,-83.15595,42.38558,"{
  ""coordinates"": [
    -8.315595525399991e+01,
    4.238558266200000e+01
  ],
  ""type"": ""Point""
}","{
  ""coordinates"": [
    -83.155955254,
    42.385582662
  ],
  ""type"": ""Point""
}",-83.1559552539999,42.385582662
21679,9997484,MCNICHOLS,LAHSER,2016-01-28,28,1,2016,18,5,8,9,,2,0,,2,2,4,35,6,2,2,5,0,0,0,0,true,,false,false,true,false,false,,,,,,false,false,false,,,false,false,false,false,false,-83.25743,42.41473,"{
  ""coordinates"": [
    -8.325743055700001e+01,
    4.241473478800000e+01
  ],
  ""type"": ""Point""
}","{
  ""coordinates"": [
    -83.257430557,
    42.414734788
  ],
  ""type"": ""Point""
}",-83.257430557,42.414734788
21680,9997459,GRATIOT,CRANE,2016-01-28,28,1,2016,18,5,1,3,,1,0,,2,4,4,35,7,2,2,2,0,1,0,0,false,,false,false,false,false,false,,,,,,false,false,false,,,false,false,false,true,false,-83.01011,42.38573,"{
  ""coordinates"": [
    -8.301010871200000e+01,
    4.238573465300000e+01
  ],
  ""type"": ""Point""
}","{
  ""coordinates"": [
    -83.010108712,
    42.385734653
  ],
  ""type"": ""Point""
}",-83.010108712,42.385734653
21681,9610518,8 MILE,WOODWARD,2016-01-28,28,1,2016,8,5,8,3,,1,0,,1,1,1,30,3,2,2,5,0,0,0,0,true,,false,false,false,false,false,,,,,,false,false,false,,,false,false,false,false,false,-83.12484,42.44651,"{
  ""coordinates"": [
    -8.312484224699990e+01,
    4.244650485500010e+01
  ],
  ""type"": ""Point""
}","{
  ""coordinates"": [
    -83.124842247,
    42.446504855
  ],
  ""type"": ""Point""
}",-83.1248422469999,42.4465048550001
21682,9611478,E/B I-96,M-39,2016-01-28,28,1,2016,6,5,5,1,,1,0,,1,1,5,70,4,2,3,4,0,0,0,1,false,,false,false,false,false,false,,,,,,false,false,true,,,false,false,false,false,false,-83.21905,42.37856,"{
  ""coordinates"": [
    -8.321904499599999e+01,
    4.237856456500000e+01
  ],
  ""type"": ""Point""
}","{
  ""coordinates"": [
    -83.219044996,
    42.378564565
  ],
  ""type"": ""Point""
}",-83.219044996,42.378564565
21683,9611493,I-75,DAVISON,2016-01-28,28,1,2016,20,5,5,1,,1,0,,2,2,4,70,4,2,1,5,0,0,0,0,true,,false,false,true,false,false,,,,,,false,false,false,,,false,false,false,false,false,-83.07809,42.40768,"{
  ""coordinates"": [
    -8.307808864799991e+01,
    4.240767596700000e+01
  ],
  ""type"": ""Point""
}","{
  ""coordinates"": [
    -83.078088648,
    42.407675967
  ],
  ""type"": ""Point""
}",-83.0780886479999,42.407675967
21684,9615441,BRADY,JOHN R,2016-01-28,28,1,2016,15,5,5,9,,,0,,2,5,1,25,1,2,4,5,0,0,0,0,true,,false,false,false,false,false,,,,,,false,false,false,,,false,false,false,false,false,-83.05617,42.34916,"{
  ""coordinates"": [
    -8.305616630100000e+01,
    4.234916060900010e+01
  ],
  ""type"": ""Point""
}","{
  ""coordinates"": [
    -83.056166301,
    42.349160609
  ],
  ""type"": ""Point""
}",-83.056166301,42.3491606090001
21685,9612661,MCNICHOLS,FREELAND,2016-01-28,28,1,2016,1,5,5,9,,2,0,,1,1,4,30,2,2,0,5,0,0,0,0,true,,false,false,true,false,false,,,,,,false,false,false,,,false,false,false,false,false,-83.18614,42.41651,"{
  ""coordinates"": [
    -8.318614210000000e+01,
    4.241651046600000e+01
  ],
  ""type"": ""Point""
}","{
  ""coordinates"": [
    -83.1861421,
    42.416510466
  ],
  ""type"": ""Point""
}",-83.1861421,42.416510466
21686,9611687,BURT,VASSAR,2016-01-28,28,1,2016,21,5,4,9,,4,0,,2,1,4,25,3,2,2,5,0,0,0,0,true,,true,false,false,false,false,,,,,,false,false,false,,,false,false,false,false,false,-83.24873,42.43294,"{
  ""coordinates"": [
    -8.324873425999991e+01,
    4.243293785300010e+01
  ],
  ""type"": ""Point""
}","{
  ""coordinates"": [
    -83.24873426,
    42.432937853
  ],
  ""type"": ""Point""
}",-83.2487342599999,42.4329378530001
21687,9608723,STANLEY,VERMONT,2016-01-28,28,1,2016,0,5,2,9,,,2,,1,1,4,25,1,2,1,3,0,0,1,0,false,,false,false,true,false,false,,,,,,false,false,false,,,false,false,false,false,false,-83.08788,42.35625,"{
  ""coordinates"": [
    -8.308788609000000e+01,
    4.235625269700010e+01
  ],
  ""type"": ""Point""
}","{
  ""coordinates"": [
    -83.08788609,
    42.356252697
  ],
  ""type"": ""Point""
}",-83.08788609,42.3562526970001
21688,9611494,I-75,WARREN,2016-01-28,28,1,2016,21,5,1,1,,1,1,,2,2,4,55,4,1,1,5,0,0,0,0,true,,false,false,false,false,false,,,,,,false,false,false,,,false,false,false,false,false,-83.05324,42.35935,"{
  ""coordinates"": [
    -8.305323602899990e+01,
    4.235935184500000e+01
  ],
  ""type"": ""Point""
}","{
  ""coordinates"": [
    -83.053236029,
    42.359351845
  ],
  ""type"": ""Point""
}",-83.0532360289999,42.359351845
21689,9612546,W/B I 94,GRAND RIVER,2016-01-28,28,1,2016,19,5,5,1,,1,0,,2,4,4,55,3,2,2,5,0,0,0,0,true,,false,false,false,false,false,,,,,,false,false,true,,,false,false,false,false,false,-83.09393,42.35187,"{
  ""coordinates"": [
    -8.309392358400000e+01,
    4.235187012500010e+01
  ],
  ""type"": ""Point""
}","{
  ""coordinates"": [
    -83.093923584,
    42.351870125
  ],
  ""type"": ""Point""
}",-83.093923584,42.3518701250001
21690,9612535,W/B I 94,I 96,2016-01-28,28,1,2016,21,5,8,1,,1,0,,2,1,4,55,3,2,2,5,0,0,0,0,true,,false,false,false,false,false,,,,,,false,false,true,,,false,false,false,false,false,-83.09727,42.35081,"{
  ""coordinates"": [
    -8.309727108600001e+01,
    4.235080834200010e+01
  ],
  ""type"": ""Point""
}","{
  ""coordinates"": [
    -83.097271086,
    42.350808342
  ],
  ""type"": ""Point""
}",-83.097271086,42.3508083420001
21691,9610502,WARREN,CADIEUX,2016-01-28,28,1,2016,21,5,1,9,,4,0,,1,1,4,30,5,2,1,4,0,0,0,1,false,,false,false,true,false,false,,,,,,false,false,false,,,false,false,false,true,false,-82.92979,42.40609,"{
  ""coordinates"": [
    -8.292978539800001e+01,
    4.240608596400010e+01
  ],
  ""type"": ""Point""
}","{
  ""coordinates"": [
    -82.929785398,
    42.406085964
  ],
  ""type"": ""Point""
}",-82.929785398,42.4060859640001
21692,9612520,I75,6MILE,2016-01-28,28,1,2016,18,5,6,1,,1,0,,4,5,5,70,3,2,2,5,0,0,0,0,true,,false,false,false,false,false,,,,,,false,false,false,,,false,false,false,false,false,-83.08971,42.42056,"{
  ""coordinates"": [
    -8.308971380900000e+01,
    4.242056168400010e+01
  ],
  ""type"": ""Point""
}","{
  ""coordinates"": [
    -83.089713809,
    42.420561684
  ],
  ""type"": ""Point""
}",-83.089713809,42.4205616840001
21693,9611454,I-94,GRATIOT,2016-01-28,28,1,2016,10,5,97,1,,1,0,,1,2,1,55,3,2,3,3,0,0,1,0,false,,false,false,false,false,false,,,,,,false,false,true,,,false,false,false,false,false,-83.006,42.39148,"{
  ""coordinates"": [
    -8.300599860900000e+01,
    4.239147533400010e+01
  ],
  ""type"": ""Point""
}","{
  ""coordinates"": [
    -83.005998609,
    42.391475334
  ],
  ""type"": ""Point""
}",-83.005998609,42.3914753340001
21694,9631327,GRATIOT,WILFRED,2016-01-28,28,1,2016,15,5,1,3,,1,0,,1,2,1,35,7,2,1,1,1,0,0,0,false,,false,false,false,false,false,,,,,,true,true,false,,,false,false,false,false,false,-82.99301,42.41175,"{
  ""coordinates"": [
    -8.299301473199991e+01,
    4.241175128200010e+01
  ],
  ""type"": ""Point""
}","{
  ""coordinates"": [
    -82.993014732,
    42.411751282
  ],
  ""type"": ""Point""
}",-82.9930147319999,42.4117512820001
21695,9614389,CAMPBELL,PLUMER,2016-01-28,28,1,2016,17,5,8,9,,,0,,2,4,1,25,1,2,0,5,0,0,0,0,true,,false,false,true,false,false,,,,,,false,false,false,,,false,false,false,false,false,-83.1068,42.32126,"{
  ""coordinates"": [
    -8.310679702999990e+01,
    4.232126307600000e+01
  ],
  ""type"": ""Point""
}","{
  ""coordinates"": [
    -83.10679703,
    42.321263076
  ],
  ""type"": ""Point""
}",-83.1067970299999,42.321263076
21696,9612536,S/B I 75,SPRINGWELLS,2016-01-28,28,1,2016,22,5,1,1,,1,0,,2,5,4,55,3,1,1,5,0,0,0,0,true,,false,false,false,false,false,,,,,,false,false,false,,,false,false,false,false,false,-83.11761,42.30225,"{
  ""coordinates"": [
    -8.311761544599990e+01,
    4.230224457700010e+01
  ],
  ""type"": ""Point""
}","{
  ""coordinates"": [
    -83.117615446,
    42.302244577
  ],
  ""type"": ""Point""
}",-83.1176154459999,42.3022445770001
21697,9613505,LAFAYETTE,ST AUBIN,2016-01-28,28,1,2016,21,5,4,9,,4,0,,1,1,4,0,3,2,2,4,0,0,0,1,false,,false,false,false,false,false,,,,,,false,false,false,,,false,false,false,false,false,-83.0301,42.33916,"{
  ""coordinates"": [
    -8.303009487900000e+01,
    4.233915978400010e+01
  ],
  ""type"": ""Point""
}","{
  ""coordinates"": [
    -83.030094879,
    42.339159784
  ],
  ""type"": ""Point""
}",-83.030094879,42.3391597840001
21698,9611710,JEFFERSON,ALTER,2016-01-28,28,1,2016,7,5,1,9,,4,0,,1,1,2,35,7,2,1,3,0,0,1,0,false,,false,false,true,false,false,,,,,,true,false,false,,,false,false,false,false,false,-82.93959,42.37484,"{
  ""coordinates"": [
    -8.293958809700000e+01,
    4.237484413600000e+01
  ],
  ""type"": ""Point""
}","{
  ""coordinates"": [
    -82.939588097,
    42.374844136
  ],
  ""type"": ""Point""
}",-82.939588097,42.374844136
21699,9621072,LONYO,MCGRAW,2016-01-28,28,1,2016,11,5,4,9,,4,0,,1,1,1,25,4,2,1,5,0,0,0,0,true,,false,false,true,false,false,,,,,,false,false,true,,,false,false,false,false,false,-83.14644,42.33324,"{
  ""coordinates"": [
    -8.314643662799990e+01,
    4.233323703300000e+01
  ],
  ""type"": ""Point""
}","{
  ""coordinates"": [
    -83.146436628,
    42.333237033
  ],
  ""type"": ""Point""
}",-83.1464366279999,42.333237033
21700,9611661,FOREST,N M 10 SERVICE DRIVE,2016-01-28,28,1,2016,17,5,8,9,,4,0,,2,4,3,25,2,2,4,5,0,0,0,0,true,,false,false,false,false,false,,,,,,false,false,false,,,false,false,false,false,false,-83.07172,42.35174,"{
  ""coordinates"": [
    -8.307172375800000e+01,
    4.235174350700000e+01
  ],
  ""type"": ""Point""
}","{
  ""coordinates"": [
    -83.071723758,
    42.351743507
  ],
  ""type"": ""Point""
}",-83.071723758,42.351743507
21701,9611666,LIVERNOIS,CORTLAND,2016-01-28,28,1,2016,14,5,8,9,,4,0,,97,98,98,0,3,2,2,5,0,0,0,0,true,,false,false,false,false,false,,,,,,false,false,false,,,false,false,false,false,false,-83.13908,42.37885,"{
  ""coordinates"": [
    -8.313908081800000e+01,
    4.237885179500010e+01
  ],
  ""type"": ""Point""
}","{
  ""coordinates"": [
    -83.139080818,
    42.378851795
  ],
  ""type"": ""Point""
}",-83.139080818,42.3788517950001
21702,9611677,JOY,ESPER,2016-01-28,28,1,2016,22,5,5,9,,4,0,,3,1,4,35,2,2,2,4,0,0,0,1,false,,false,false,false,false,false,,,,,,false,true,true,,,false,false,false,false,false,-83.15788,42.35889,"{
  ""coordinates"": [
    -8.315787763400000e+01,
    4.235888783900000e+01
  ],
  ""type"": ""Point""
}","{
  ""coordinates"": [
    -83.157877634,
    42.358887839
  ],
  ""type"": ""Point""
}",-83.157877634,42.358887839
21703,9615272,E I 96,SOUTHFIELD SERVICE DRIVE,2016-01-28,28,1,2016,7,5,8,1,,1,0,,1,2,1,70,3,3,3,4,0,0,0,1,false,,false,false,false,false,false,,,,,,false,false,false,,,false,false,false,false,false,-83.21525,42.37867,"{
  ""coordinates"": [
    -8.321524727300000e+01,
    4.237867001000010e+01
  ],
  ""type"": ""Point""
}","{
  ""coordinates"": [
    -83.215247273,
    42.37867001
  ],
  ""type"": ""Point""
}",-83.215247273,42.3786700100001
21704,9997456,GRAND,DEXTER,2016-01-28,28,1,2016,16,5,5,9,,4,0,,2,5,1,30,2,2,2,5,0,0,0,0,true,,false,false,true,false,false,,,,,,false,false,false,,,false,false,false,false,false,-83.10835,42.35732,"{
  ""coordinates"": [
    -8.310834364700000e+01,
    4.235731371800010e+01
  ],
  ""type"": ""Point""
}","{
  ""coordinates"": [
    -83.108343647,
    42.357313718
  ],
  ""type"": ""Point""
}",-83.108343647,42.3573137180001