ObjectId,Crash ID,Primary Road,Intersecting Road,Crash Date,Day,Month,Year,Hour,Weekday,Crash Type Code,Highway Classification Code,Community Code,Jurisdiction Code,Lane Departure Type Code,Surface Type,Road Condition,Weather Condition,Lighting Condition,Speed Limit,Lanes,Units,Occupants,Most Severe Injury,Fatal Injuries,Suspected Serious Injuries,Suspected Minor Injuries,Possible Injuries,Property Damage Only,Secondary Crash,Traffic Control,Red Light Run,Hit and Run,Alcohol,Drugs,Unbelted Person,Work Zone,Speeding Driver,Distracted Driver,Driveway,Pedestrian,Elderly Driver,Young Driver,Commercial Vehicle,Emergency Vehicles,Train,School Bus,Motorcycle,Bicycle,Deer,Longitude,Latitude,geom,geog,x,y
21705,9611490,E I 94,GRAND,2016-01-28,28,1,2016,18,5,5,1,,1,0,,2,4,4,55,3,2,2,5,0,0,0,0,true,,false,false,false,false,false,,,,,,false,false,false,,,false,false,false,false,false,-83.11032,42.34619,"{
  ""coordinates"": [
    -8.311032239699990e+01,
    4.234619252300010e+01
  ],
  ""type"": ""Point""
}","{
  ""coordinates"": [
    -83.110322397,
    42.346192523
  ],
  ""type"": ""Point""
}",-83.1103223969999,42.3461925230001
21706,9611479,TYLER,GREENFIELD,2016-01-28,28,1,2016,15,5,1,9,,,0,,2,2,1,25,2,1,1,5,0,0,0,0,true,,false,false,false,false,false,,,,,,false,false,false,,,false,false,false,false,false,-83.198,42.38375,"{
  ""coordinates"": [
    -8.319800048199990e+01,
    4.238375066900010e+01
  ],
  ""type"": ""Point""
}","{
  ""coordinates"": [
    -83.198000482,
    42.383750669
  ],
  ""type"": ""Point""
}",-83.1980004819999,42.3837506690001
21707,9612552,E I 96,RAMP 213N,2016-01-28,28,1,2016,9,5,8,1,,1,0,,1,2,1,55,1,2,1,5,0,0,0,0,true,,false,false,true,false,false,,,,,,false,true,false,,,false,false,false,false,false,-83.10413,42.35342,"{
  ""coordinates"": [
    -8.310413628399991e+01,
    4.235341529400010e+01
  ],
  ""type"": ""Point""
}","{
  ""coordinates"": [
    -83.104136284,
    42.353415294
  ],
  ""type"": ""Point""
}",-83.1041362839999,42.3534152940001
21708,9611673,FORT,CASS,2016-01-28,28,1,2016,9,5,8,3,,1,0,,1,1,1,30,7,2,3,5,0,0,0,0,true,,false,false,false,false,false,,,,,,false,true,false,,,false,false,false,false,false,-83.05074,42.32927,"{
  ""coordinates"": [
    -8.305074682999999e+01,
    4.232926754800010e+01
  ],
  ""type"": ""Point""
}","{
  ""coordinates"": [
    -83.05074683,
    42.329267548
  ],
  ""type"": ""Point""
}",-83.05074683,42.3292675480001
21709,9610499,APPLETON,GLENDALE,2016-01-28,28,1,2016,21,5,4,9,,,0,,2,1,4,0,2,2,2,5,0,0,0,0,true,,false,false,false,false,false,,,,,,false,false,true,,,false,false,false,false,false,-83.27215,42.38099,"{
  ""coordinates"": [
    -8.327214447700000e+01,
    4.238099299600000e+01
  ],
  ""type"": ""Point""
}","{
  ""coordinates"": [
    -83.272144477,
    42.380992996
  ],
  ""type"": ""Point""
}",-83.272144477,42.380992996
21710,9611455,I-75,DAVISON,2016-01-28,28,1,2016,11,5,8,1,,1,0,,1,2,1,55,4,2,2,3,0,0,1,1,false,,false,false,false,false,false,,,,,,false,true,false,,,false,false,false,false,false,-83.07935,42.40842,"{
  ""coordinates"": [
    -8.307934218000000e+01,
    4.240842236000000e+01
  ],
  ""type"": ""Point""
}","{
  ""coordinates"": [
    -83.07934218,
    42.40842236
  ],
  ""type"": ""Point""
}",-83.07934218,42.40842236
21711,9610507,E I 96,JOY,2016-01-28,28,1,2016,17,5,5,1,,1,0,,1,1,3,55,3,2,1,5,0,0,0,0,true,,false,false,true,false,false,,,,,,false,false,false,,,false,false,false,false,false,-83.13129,42.36435,"{
  ""coordinates"": [
    -8.313128685700001e+01,
    4.236435293900010e+01
  ],
  ""type"": ""Point""
}","{
  ""coordinates"": [
    -83.131286857,
    42.364352939
  ],
  ""type"": ""Point""
}",-83.131286857,42.3643529390001
21712,9612676,CENTRAL,MIGHIGAN,2016-01-28,28,1,2016,18,5,97,2,,4,0,,1,1,5,25,1,2,2,5,0,0,0,0,true,,false,false,false,false,false,,,,,,false,false,true,,,false,false,false,false,false,-83.13758,42.33107,"{
  ""coordinates"": [
    -8.313758388799990e+01,
    4.233107169500000e+01
  ],
  ""type"": ""Point""
}","{
  ""coordinates"": [
    -83.137583888,
    42.331071695
  ],
  ""type"": ""Point""
}",-83.1375838879999,42.331071695
21713,9611724,EVERGREEN,MCNICHOLS,2016-01-28,28,1,2016,8,5,8,9,,4,0,,1,1,1,35,2,2,5,5,0,0,0,0,true,,false,false,false,false,false,,,,,,false,false,false,,,false,false,false,false,false,-83.2382,42.41515,"{
  ""coordinates"": [
    -8.323819585000000e+01,
    4.241515169100010e+01
  ],
  ""type"": ""Point""
}","{
  ""coordinates"": [
    -83.23819585,
    42.415151691
  ],
  ""type"": ""Point""
}",-83.23819585,42.4151516910001
21714,9612544,E/B I 96,EVERGREEN,2016-01-28,28,1,2016,18,5,5,1,,1,0,,2,4,4,55,2,2,1,5,0,0,0,0,true,,false,false,true,false,false,,,,,,false,false,false,,,false,false,false,false,false,-83.23802,42.38128,"{
  ""coordinates"": [
    -8.323802371300000e+01,
    4.238127870400010e+01
  ],
  ""type"": ""Point""
}","{
  ""coordinates"": [
    -83.238023713,
    42.381278704
  ],
  ""type"": ""Point""
}",-83.238023713,42.3812787040001
21715,9611704,140 CADILLAC,RANDOLPH,2016-01-28,28,1,2016,15,5,97,3,,4,0,,1,1,1,25,5,2,2,4,0,0,0,1,false,,false,false,false,false,false,,,,,,false,false,false,,,false,false,false,false,false,-83.04302,42.33139,"{
  ""coordinates"": [
    -8.304302455399990e+01,
    4.233139382700010e+01
  ],
  ""type"": ""Point""
}","{
  ""coordinates"": [
    -83.043024554,
    42.331393827
  ],
  ""type"": ""Point""
}",-83.0430245539999,42.3313938270001
21716,9610500,CONANT,CHARLES,2016-01-28,28,1,2016,14,5,5,9,,4,0,,1,2,1,30,2,2,2,5,0,0,0,0,true,,false,false,true,false,false,,,,,,false,false,false,,,false,false,false,false,false,-83.05881,42.41156,"{
  ""coordinates"": [
    -8.305880536799999e+01,
    4.241155778900000e+01
  ],
  ""type"": ""Point""
}","{
  ""coordinates"": [
    -83.058805368,
    42.411557789
  ],
  ""type"": ""Point""
}",-83.058805368,42.411557789
21717,9611663,GRAND RIVER,FENTON,2016-01-28,28,1,2016,16,5,8,3,,1,0,,2,4,4,40,6,2,3,4,0,0,0,1,false,,false,false,false,false,false,,,,,,false,false,true,,,false,false,false,false,false,-83.28287,42.4268,"{
  ""coordinates"": [
    -8.328286678400001e+01,
    4.242679988800010e+01
  ],
  ""type"": ""Point""
}","{
  ""coordinates"": [
    -83.282866784,
    42.426799888
  ],
  ""type"": ""Point""
}",-83.282866784,42.4267998880001
21718,9611674,SCHOOLCRAFT,SOUTHFIELD SERVICE DRIVE,2016-01-28,28,1,2016,18,5,8,9,,2,0,,1,1,1,35,3,2,3,5,0,0,0,0,true,,false,false,false,false,false,,,,,,false,true,true,,,false,false,false,false,false,-83.21721,42.38671,"{
  ""coordinates"": [
    -8.321720718300000e+01,
    4.238671420400000e+01
  ],
  ""type"": ""Point""
}","{
  ""coordinates"": [
    -83.217207183,
    42.386714204
  ],
  ""type"": ""Point""
}",-83.217207183,42.386714204
21719,9608720,WARREN,METTETAL,2016-01-27,27,1,2016,13,4,5,9,,2,0,,1,2,1,35,6,3,4,5,0,0,0,0,true,,false,false,false,false,false,,,,,,false,false,false,,,false,false,false,false,false,-83.2047,42.34356,"{
  ""coordinates"": [
    -8.320470119399990e+01,
    4.234355422700000e+01
  ],
  ""type"": ""Point""
}","{
  ""coordinates"": [
    -83.204701194,
    42.343554227
  ],
  ""type"": ""Point""
}",-83.2047011939999,42.343554227
21720,9610498,WARREN,VAN DYKE,2016-01-27,27,1,2016,7,4,8,9,,4,0,,2,1,2,35,2,2,1,5,0,0,0,0,true,,false,false,true,false,false,,,,,,false,false,false,,,false,false,false,false,false,-83.01276,42.37591,"{
  ""coordinates"": [
    -8.301276412199999e+01,
    4.237590852400010e+01
  ],
  ""type"": ""Point""
}","{
  ""coordinates"": [
    -83.012764122,
    42.375908524
  ],
  ""type"": ""Point""
}",-83.012764122,42.3759085240001
21721,9608713,WOODWARD,COLLINGWOOD,2016-01-27,27,1,2016,8,4,4,3,,1,0,,2,1,1,35,3,2,3,5,0,0,0,0,true,,true,false,true,false,false,,,,,,false,false,false,,,false,false,false,false,false,-83.08673,42.39024,"{
  ""coordinates"": [
    -8.308672804199990e+01,
    4.239023758900000e+01
  ],
  ""type"": ""Point""
}","{
  ""coordinates"": [
    -83.086728042,
    42.390237589
  ],
  ""type"": ""Point""
}",-83.0867280419999,42.390237589
21722,9614416,GREENFIELD,TIREMAN,2016-01-27,27,1,2016,14,4,8,9,,2,0,,1,2,1,35,4,2,2,5,0,0,0,0,true,,false,false,false,false,false,,,,,,false,false,true,,,false,false,false,false,false,-83.1966,42.35089,"{
  ""coordinates"": [
    -8.319660048299990e+01,
    4.235088857300010e+01
  ],
  ""type"": ""Point""
}","{
  ""coordinates"": [
    -83.196600483,
    42.350888573
  ],
  ""type"": ""Point""
}",-83.1966004829999,42.3508885730001
21723,9608737,CONNER,VERNOR,2016-01-27,27,1,2016,7,4,5,9,,4,0,,2,2,4,30,7,2,2,5,0,0,0,0,true,,false,false,false,false,false,,,,,,false,false,false,,,false,false,false,false,false,-82.96259,42.37567,"{
  ""coordinates"": [
    -8.296259438100000e+01,
    4.237567148800010e+01
  ],
  ""type"": ""Point""
}","{
  ""coordinates"": [
    -82.962594381,
    42.375671488
  ],
  ""type"": ""Point""
}",-82.962594381,42.3756714880001
21724,9610508,MEMORIAL,DIVERSEY,2016-01-27,27,1,2016,18,4,97,9,,,0,,3,1,3,25,2,2,2,5,0,0,0,0,true,,true,false,false,false,false,,,,,,false,false,false,,,false,false,false,false,false,-83.2106,42.34829,"{
  ""coordinates"": [
    -8.321059997400000e+01,
    4.234828852300010e+01
  ],
  ""type"": ""Point""
}","{
  ""coordinates"": [
    -83.210599974,
    42.348288523
  ],
  ""type"": ""Point""
}",-83.210599974,42.3482885230001
21725,9610438,S/B M-39,LYNDON,2016-01-27,27,1,2016,7,4,5,3,,1,0,,2,5,4,55,3,2,2,5,0,0,0,0,true,,false,false,false,false,false,,,,,,false,false,false,,,false,false,false,false,false,-83.21809,42.39417,"{
  ""coordinates"": [
    -8.321809035599991e+01,
    4.239416568000010e+01
  ],
  ""type"": ""Point""
}","{
  ""coordinates"": [
    -83.218090356,
    42.39416568
  ],
  ""type"": ""Point""
}",-83.2180903559999,42.3941656800001
21726,9611439,I-75,7 MILE,2016-01-27,27,1,2016,18,4,5,1,,1,0,,1,1,4,70,4,2,4,5,0,0,0,0,true,,false,false,false,false,false,,,,,,false,false,false,,,false,false,false,false,false,-83.0947,42.43358,"{
  ""coordinates"": [
    -8.309470727699990e+01,
    4.243358331200010e+01
  ],
  ""type"": ""Point""
}","{
  ""coordinates"": [
    -83.094707277,
    42.433583312
  ],
  ""type"": ""Point""
}",-83.0947072769999,42.4335833120001
21727,9638999,I-75,MCNICHOLS,2016-01-27,27,1,2016,20,4,5,1,,1,0,,1,1,4,70,4,2,2,5,0,0,0,0,true,,false,false,false,false,false,,,,,,false,false,true,,,false,false,false,false,false,-83.08871,42.41941,"{
  ""coordinates"": [
    -8.308871237600000e+01,
    4.241941307700010e+01
  ],
  ""type"": ""Point""
}","{
  ""coordinates"": [
    -83.088712376,
    42.419413077
  ],
  ""type"": ""Point""
}",-83.088712376,42.4194130770001
21728,9612550,I-96,WARREN,2016-01-27,27,1,2016,8,4,5,1,,1,0,,1,1,1,55,4,3,5,4,0,0,0,2,false,,false,false,false,false,false,,,,,,false,false,false,,,false,false,false,false,false,-83.0976,42.34767,"{
  ""coordinates"": [
    -8.309760292700000e+01,
    4.234767074300000e+01
  ],
  ""type"": ""Point""
}","{
  ""coordinates"": [
    -83.097602927,
    42.347670743
  ],
  ""type"": ""Point""
}",-83.097602927,42.347670743
21729,9612551,I-94,MT ELLIOTT,2016-01-27,27,1,2016,17,4,97,1,,1,0,,1,2,1,55,3,2,3,5,0,0,0,0,true,,false,false,false,false,false,,,,,,false,false,true,,,false,false,false,false,false,-83.03794,42.37738,"{
  ""coordinates"": [
    -8.303794141400000e+01,
    4.237738171400010e+01
  ],
  ""type"": ""Point""
}","{
  ""coordinates"": [
    -83.037941414,
    42.377381714
  ],
  ""type"": ""Point""
}",-83.037941414,42.3773817140001
21730,9997457,GRATIOT,GRAND,2016-01-27,27,1,2016,22,4,4,3,,1,0,,1,1,4,35,7,2,2,2,0,1,0,1,false,,false,false,true,false,false,,,,,,false,false,false,,,false,false,false,false,false,-83.01864,42.37286,"{
  ""coordinates"": [
    -8.301864231099999e+01,
    4.237285852200010e+01
  ],
  ""type"": ""Point""
}","{
  ""coordinates"": [
    -83.018642311,
    42.372858522
  ],
  ""type"": ""Point""
}",-83.018642311,42.3728585220001
21731,9609457,I 94,WHITTIER,2016-01-27,27,1,2016,8,4,5,1,,1,0,,1,2,1,55,3,2,2,5,0,0,0,0,true,,false,false,true,false,false,,,,,,false,false,false,,,false,false,false,false,false,-82.94365,42.41274,"{
  ""coordinates"": [
    -8.294364549600000e+01,
    4.241273691600000e+01
  ],
  ""type"": ""Point""
}","{
  ""coordinates"": [
    -82.943645496,
    42.412736916
  ],
  ""type"": ""Point""
}",-82.943645496,42.412736916
21732,9608716,WARREN,ANTHONY WAYNE,2016-01-27,27,1,2016,11,4,8,9,,4,0,,1,1,1,25,3,2,2,5,0,0,0,0,true,,false,false,false,false,false,,,,,,false,false,false,,,false,false,false,false,false,-83.07127,42.35463,"{
  ""coordinates"": [
    -8.307127217599999e+01,
    4.235463019100010e+01
  ],
  ""type"": ""Point""
}","{
  ""coordinates"": [
    -83.071272176,
    42.354630191
  ],
  ""type"": ""Point""
}",-83.071272176,42.3546301910001
21733,9611702,JOY,CLOVERLAWN,2016-01-27,27,1,2016,2,4,97,9,,4,0,,1,1,4,40,2,2,5,4,0,0,0,2,false,,false,false,false,true,false,,,,,,false,false,false,,,false,false,false,false,false,-83.15096,42.35909,"{
  ""coordinates"": [
    -8.315095530500000e+01,
    4.235909235200010e+01
  ],
  ""type"": ""Point""
}","{
  ""coordinates"": [
    -83.150955305,
    42.359092352
  ],
  ""type"": ""Point""
}",-83.150955305,42.3590923520001
21734,9611489,I-75,MCNICHOLS,2016-01-27,27,1,2016,19,4,5,1,,1,0,,1,1,4,70,4,3,3,5,0,0,0,0,true,,false,false,false,false,false,,,,,,false,false,true,,,false,false,false,false,false,-83.08871,42.41941,"{
  ""coordinates"": [
    -8.308871237600000e+01,
    4.241941307700010e+01
  ],
  ""type"": ""Point""
}","{
  ""coordinates"": [
    -83.088712376,
    42.419413077
  ],
  ""type"": ""Point""
}",-83.088712376,42.4194130770001
21735,9611488,M-39,MCNICHOLS,2016-01-27,27,1,2016,22,4,97,3,,1,0,,97,98,4,55,3,2,2,5,0,0,0,0,true,,false,false,false,false,false,,,,,,false,false,false,,,false,false,false,false,false,-83.2187,42.41266,"{
  ""coordinates"": [
    -8.321870726500001e+01,
    4.241265943300000e+01
  ],
  ""type"": ""Point""
}","{
  ""coordinates"": [
    -83.218707265,
    42.412659433
  ],
  ""type"": ""Point""
}",-83.218707265,42.412659433
21736,9623519,ST JOSEPH,GRATIOT,2016-01-27,27,1,2016,15,4,97,3,,,0,,1,1,1,35,3,2,2,4,0,0,0,1,false,,false,false,false,false,false,,,,,,false,false,false,,,false,false,false,false,false,-83.02751,42.35941,"{
  ""coordinates"": [
    -8.302751239900000e+01,
    4.235940484100010e+01
  ],
  ""type"": ""Point""
}","{
  ""coordinates"": [
    -83.027512399,
    42.359404841
  ],
  ""type"": ""Point""
}",-83.027512399,42.3594048410001
21737,9608747,ROSEMONT,CLARITA,2016-01-27,27,1,2016,21,4,97,9,,,3,,1,1,4,25,2,2,0,5,0,0,0,0,true,,false,false,true,false,false,,,,,,false,false,false,,,false,false,false,false,false,-83.22165,42.42777,"{
  ""coordinates"": [
    -8.322164590499990e+01,
    4.242777132000000e+01
  ],
  ""type"": ""Point""
}","{
  ""coordinates"": [
    -83.221645905,
    42.42777132
  ],
  ""type"": ""Point""
}",-83.2216459049999,42.42777132
21738,9608709,VERNOR,FERRIS,2016-01-27,27,1,2016,10,4,4,9,,4,0,,1,1,1,25,2,2,2,5,0,0,0,0,true,,false,false,false,false,false,,,,,,false,true,true,,,false,false,false,false,false,-83.1319,42.30952,"{
  ""coordinates"": [
    -8.313190782700001e+01,
    4.230952443500010e+01
  ],
  ""type"": ""Point""
}","{
  ""coordinates"": [
    -83.131907827,
    42.309524435
  ],
  ""type"": ""Point""
}",-83.131907827,42.3095244350001
21739,9608707,SECOND,PRENTIS,2016-01-27,27,1,2016,20,4,3,9,,4,0,,1,1,4,25,2,2,4,5,0,0,0,0,true,,false,false,false,false,false,,,,,,false,false,true,,,false,false,false,false,false,-83.06718,42.35228,"{
  ""coordinates"": [
    -8.306718429800000e+01,
    4.235227796700010e+01
  ],
  ""type"": ""Point""
}","{
  ""coordinates"": [
    -83.067184298,
    42.352277967
  ],
  ""type"": ""Point""
}",-83.067184298,42.3522779670001
21740,9610411,I-75,DAVISON,2016-01-27,27,1,2016,9,4,5,1,,1,0,,1,1,1,70,4,3,3,5,0,0,0,0,true,,false,false,false,false,false,,,,,,false,false,true,,,false,false,false,false,false,-83.07294,42.40349,"{
  ""coordinates"": [
    -8.307293849099990e+01,
    4.240348865800010e+01
  ],
  ""type"": ""Point""
}","{
  ""coordinates"": [
    -83.072938491,
    42.403488658
  ],
  ""type"": ""Point""
}",-83.0729384909999,42.4034886580001
21741,9612534,W/B I 96,EVERGREEN,2016-01-27,27,1,2016,20,4,5,1,,1,0,,1,1,5,55,3,2,2,5,0,0,0,0,true,,false,false,false,false,false,,,,,,false,false,false,,,false,false,false,false,false,-83.23517,42.37952,"{
  ""coordinates"": [
    -8.323516843100001e+01,
    4.237952118800010e+01
  ],
  ""type"": ""Point""
}","{
  ""coordinates"": [
    -83.235168431,
    42.379521188
  ],
  ""type"": ""Point""
}",-83.235168431,42.3795211880001
21742,9613443,M-39,PAUL,2016-01-27,27,1,2016,17,4,5,9,,4,0,,97,98,1,55,3,2,2,4,0,0,0,1,false,,false,false,true,false,false,,,,,,false,false,false,,,false,false,false,false,false,-83.2154,42.33468,"{
  ""coordinates"": [
    -8.321539770500000e+01,
    4.233468367400010e+01
  ],
  ""type"": ""Point""
}","{
  ""coordinates"": [
    -83.215397705,
    42.334683674
  ],
  ""type"": ""Point""
}",-83.215397705,42.3346836740001
21743,9997455,SECOND,COLLINGWOOD,2016-01-27,27,1,2016,13,4,4,9,,4,0,,1,1,1,30,3,2,2,4,0,0,0,1,false,,true,false,false,false,false,,,,,,false,false,false,,,false,false,false,false,false,-83.08978,42.38917,"{
  ""coordinates"": [
    -8.308977317999999e+01,
    4.238916853800000e+01
  ],
  ""type"": ""Point""
}","{
  ""coordinates"": [
    -83.08977318,
    42.389168538
  ],
  ""type"": ""Point""
}",-83.08977318,42.389168538
21744,9608717,14TH,FULLERTON,2016-01-27,27,1,2016,14,4,4,9,,4,0,,1,1,1,25,3,2,2,5,0,0,0,0,true,,true,false,false,false,false,,,,,,false,false,false,,,false,false,false,false,false,-83.1125,42.39106,"{
  ""coordinates"": [
    -8.311249869999990e+01,
    4.239106342000010e+01
  ],
  ""type"": ""Point""
}","{
  ""coordinates"": [
    -83.1124987,
    42.39106342
  ],
  ""type"": ""Point""
}",-83.1124986999999,42.3910634200001
21745,9608708,CLARK,N I 75,2016-01-27,27,1,2016,9,4,8,7,,1,0,,1,1,1,35,2,2,2,5,0,0,0,0,true,,false,false,false,false,false,,,,,,false,false,false,,,false,false,false,false,false,-83.09092,42.31344,"{
  ""coordinates"": [
    -8.309092274400000e+01,
    4.231344277800010e+01
  ],
  ""type"": ""Point""
}","{
  ""coordinates"": [
    -83.090922744,
    42.313442778
  ],
  ""type"": ""Point""
}",-83.090922744,42.3134427780001
21746,9610423,I-96,WARREN,2016-01-27,27,1,2016,8,4,5,1,,1,0,,1,1,1,70,4,3,3,4,0,0,0,1,false,,false,false,false,false,false,,,,,,false,false,true,,,false,false,false,false,false,-83.09712,42.34685,"{
  ""coordinates"": [
    -8.309711996199999e+01,
    4.234684566900010e+01
  ],
  ""type"": ""Point""
}","{
  ""coordinates"": [
    -83.097119962,
    42.346845669
  ],
  ""type"": ""Point""
}",-83.097119962,42.3468456690001
21747,9614412,LAFAYETTE,CLARK,2016-01-27,27,1,2016,15,4,8,7,,4,0,,1,2,1,25,2,2,2,5,0,0,0,0,true,,false,false,true,false,false,,,,,,false,false,true,,,false,false,false,false,false,-83.09126,42.31396,"{
  ""coordinates"": [
    -8.309126246800000e+01,
    4.231395553800010e+01
  ],
  ""type"": ""Point""
}","{
  ""coordinates"": [
    -83.091262468,
    42.313955538
  ],
  ""type"": ""Point""
}",-83.091262468,42.3139555380001
21748,9610412,I-94,WOODWARD,2016-01-27,27,1,2016,17,4,8,1,,1,0,,1,2,1,55,3,2,2,5,0,0,0,0,true,,false,false,false,false,false,,,,,,false,false,false,,,false,false,false,false,false,-83.06911,42.36344,"{
  ""coordinates"": [
    -8.306911071899999e+01,
    4.236344312700000e+01
  ],
  ""type"": ""Point""
}","{
  ""coordinates"": [
    -83.069110719,
    42.363443127
  ],
  ""type"": ""Point""
}",-83.069110719,42.363443127
21749,9611477,N/B M-39,JOY,2016-01-27,27,1,2016,7,4,8,3,,1,0,,2,5,4,55,3,2,2,5,0,0,0,0,true,,false,false,false,false,false,,,,,,false,false,false,,,false,false,false,false,false,-83.21639,42.35929,"{
  ""coordinates"": [
    -8.321639424400000e+01,
    4.235929509100000e+01
  ],
  ""type"": ""Point""
}","{
  ""coordinates"": [
    -83.216394244,
    42.359295091
  ],
  ""type"": ""Point""
}",-83.216394244,42.359295091
21750,9608748,MEYERS,CHIPPEWA,2016-01-27,27,1,2016,17,4,1,9,,4,0,,1,1,4,30,2,2,1,3,0,0,1,0,false,,false,false,false,false,false,,,,,,true,false,false,,,false,false,false,false,false,-83.17107,42.4406,"{
  ""coordinates"": [
    -8.317106986800000e+01,
    4.244059912400010e+01
  ],
  ""type"": ""Point""
}","{
  ""coordinates"": [
    -83.171069868,
    42.440599124
  ],
  ""type"": ""Point""
}",-83.171069868,42.4405991240001
21751,9608736,MARTIN LUTHER KING JR,CASS,2016-01-27,27,1,2016,15,4,5,9,,4,0,,1,2,1,25,3,2,3,5,0,0,0,0,true,,false,false,false,false,false,,,,,,false,false,false,,,false,false,false,false,false,-83.06065,42.34569,"{
  ""coordinates"": [
    -8.306064683400000e+01,
    4.234568690300010e+01
  ],
  ""type"": ""Point""
}","{
  ""coordinates"": [
    -83.060646834,
    42.345686903
  ],
  ""type"": ""Point""
}",-83.060646834,42.3456869030001
21752,9611466,SOUTHFIELD SERVICE DRIVE,GLENDALE,2016-01-27,27,1,2016,1,4,5,9,,4,0,,1,1,4,55,3,2,3,4,0,0,0,1,false,,false,false,true,false,false,,,,,,false,false,true,,,false,false,false,false,false,-83.21712,42.38312,"{
  ""coordinates"": [
    -8.321712496899990e+01,
    4.238312253900010e+01
  ],
  ""type"": ""Point""
}","{
  ""coordinates"": [
    -83.217124969,
    42.383122539
  ],
  ""type"": ""Point""
}",-83.2171249689999,42.3831225390001
21753,9614393,WEIR,MCGRAW,2016-01-27,27,1,2016,17,4,8,3,,1,0,,1,1,4,25,2,2,3,5,0,0,0,0,true,,false,false,true,false,false,,,,,,false,false,false,,,false,false,false,false,false,-83.15514,42.32988,"{
  ""coordinates"": [
    -8.315514058799990e+01,
    4.232988013300010e+01
  ],
  ""type"": ""Point""
}","{
  ""coordinates"": [
    -83.155140588,
    42.329880133
  ],
  ""type"": ""Point""
}",-83.1551405879999,42.3298801330001
21754,9612670,W I 96 SERVICE DRIVE,SCHAEFER,2016-01-27,27,1,2016,13,4,4,1,,1,0,,1,1,1,25,3,2,2,5,0,0,0,0,true,,false,false,false,false,false,,,,,,false,true,false,,,false,false,false,false,false,-83.17838,42.38381,"{
  ""coordinates"": [
    -8.317837478599991e+01,
    4.238380837900010e+01
  ],
  ""type"": ""Point""
}","{
  ""coordinates"": [
    -83.178374786,
    42.383808379
  ],
  ""type"": ""Point""
}",-83.1783747859999,42.3838083790001
21755,9608724,WOODBINE,BENNETT,2016-01-27,27,1,2016,8,4,97,9,,,0,,3,98,1,25,4,2,1,5,0,0,0,0,true,,false,false,false,false,false,,,,,,false,false,true,,,false,false,false,false,false,-83.27883,42.41961,"{
  ""coordinates"": [
    -8.327883390999990e+01,
    4.241960857400010e+01
  ],
  ""type"": ""Point""
}","{
  ""coordinates"": [
    -83.27883391,
    42.419608574
  ],
  ""type"": ""Point""
}",-83.2788339099999,42.4196085740001
21756,9612679,MARLOWE,KEELER,2016-01-27,27,1,2016,12,4,97,9,,,0,,1,1,1,25,2,2,0,5,0,0,0,0,true,,false,false,true,false,false,,,,,,false,false,false,,,false,false,false,false,false,-83.19015,42.40351,"{
  ""coordinates"": [
    -8.319015025999990e+01,
    4.240351305200010e+01
  ],
  ""type"": ""Point""
}","{
  ""coordinates"": [
    -83.19015026,
    42.403513052
  ],
  ""type"": ""Point""
}",-83.1901502599999,42.4035130520001
21757,9611721,TRINITY,7 MILE,2016-01-27,27,1,2016,18,4,4,9,,,0,,1,1,4,25,4,2,3,4,0,0,0,2,false,,false,false,false,false,false,,,,,,false,false,false,,,false,false,false,false,false,-83.24982,42.42931,"{
  ""coordinates"": [
    -8.324981581599999e+01,
    4.242930773900010e+01
  ],
  ""type"": ""Point""
}","{
  ""coordinates"": [
    -83.249815816,
    42.429307739
  ],
  ""type"": ""Point""
}",-83.249815816,42.4293077390001
21758,9608741,S M 39,CIRCLE,2016-01-27,27,1,2016,15,4,5,3,,1,0,,1,2,1,35,2,2,2,5,0,0,0,0,true,,false,false,false,false,false,,,,,,false,false,false,,,false,false,false,false,false,-83.21983,42.44314,"{
  ""coordinates"": [
    -8.321982771400000e+01,
    4.244314227400000e+01
  ],
  ""type"": ""Point""
}","{
  ""coordinates"": [
    -83.219827714,
    42.443142274
  ],
  ""type"": ""Point""
}",-83.219827714,42.443142274
21759,9608536,W I 94,RAMP 220H,2016-01-27,27,1,2016,16,4,1,1,,1,0,,1,2,1,0,3,1,1,5,0,0,0,0,true,,false,false,false,false,false,,,,,,false,false,false,,,false,false,false,false,false,-82.99123,42.3941,"{
  ""coordinates"": [
    -8.299122646399999e+01,
    4.239409456400010e+01
  ],
  ""type"": ""Point""
}","{
  ""coordinates"": [
    -82.991226464,
    42.394094564
  ],
  ""type"": ""Point""
}",-82.991226464,42.3940945640001
21760,9643138,OUTER,GILCHRIST,2016-01-27,27,1,2016,19,4,6,9,,2,0,,4,5,4,35,4,2,1,5,0,0,0,0,true,,false,false,true,false,false,,,,,,false,true,false,,,false,false,false,false,false,-83.21217,42.4192,"{
  ""coordinates"": [
    -8.321217166900000e+01,
    4.241920361100010e+01
  ],
  ""type"": ""Point""
}","{
  ""coordinates"": [
    -83.212171669,
    42.419203611
  ],
  ""type"": ""Point""
}",-83.212171669,42.4192036110001
21761,9610422,E/B I-96,EVERGREEN,2016-01-26,26,1,2016,12,3,8,1,,1,0,,1,2,1,55,2,2,2,4,0,0,0,1,false,,false,false,true,false,false,,,,,,false,false,true,,,false,false,false,false,false,-83.23992,42.38294,"{
  ""coordinates"": [
    -8.323991850300000e+01,
    4.238293790100000e+01
  ],
  ""type"": ""Point""
}","{
  ""coordinates"": [
    -83.239918503,
    42.382937901
  ],
  ""type"": ""Point""
}",-83.239918503,42.382937901