ObjectId,Crash ID,Primary Road,Intersecting Road,Crash Date,Day,Month,Year,Hour,Weekday,Crash Type Code,Highway Classification Code,Community Code,Jurisdiction Code,Lane Departure Type Code,Surface Type,Road Condition,Weather Condition,Lighting Condition,Speed Limit,Lanes,Units,Occupants,Most Severe Injury,Fatal Injuries,Suspected Serious Injuries,Suspected Minor Injuries,Possible Injuries,Property Damage Only,Secondary Crash,Traffic Control,Red Light Run,Hit and Run,Alcohol,Drugs,Unbelted Person,Work Zone,Speeding Driver,Distracted Driver,Driveway,Pedestrian,Elderly Driver,Young Driver,Commercial Vehicle,Emergency Vehicles,Train,School Bus,Motorcycle,Bicycle,Deer,Longitude,Latitude,geom,geog,x,y
21819,9997454,DEXTER,BOSTON,2016-01-25,25,1,2016,14,2,4,9,,4,0,,1,1,1,30,2,2,3,5,0,0,0,0,true,,true,false,false,false,false,,,,,,false,true,false,,,false,false,false,false,false,-83.12083,42.37487,"{
  ""coordinates"": [
    -8.312082776100000e+01,
    4.237487070400000e+01
  ],
  ""type"": ""Point""
}","{
  ""coordinates"": [
    -83.120827761,
    42.374870704
  ],
  ""type"": ""Point""
}",-83.120827761,42.374870704
21820,9608543,E I 94,SAGINAW,2016-01-25,25,1,2016,15,2,1,1,,1,0,,97,98,98,55,3,1,1,5,0,0,0,0,true,,false,false,false,false,false,,,,,,false,false,false,,,false,false,false,false,false,-83.03473,42.37862,"{
  ""coordinates"": [
    -8.303472858799999e+01,
    4.237862111900010e+01
  ],
  ""type"": ""Point""
}","{
  ""coordinates"": [
    -83.034728588,
    42.378621119
  ],
  ""type"": ""Point""
}",-83.034728588,42.3786211190001
21821,9606665,PIEDMONT,SAWYER,2016-01-25,25,1,2016,21,2,4,9,,,0,,2,4,4,25,2,2,4,3,0,0,1,0,false,,true,false,true,false,false,,,,,,false,false,false,,,false,false,false,false,false,-83.22822,42.3469,"{
  ""coordinates"": [
    -8.322821641800000e+01,
    4.234690052900000e+01
  ],
  ""type"": ""Point""
}","{
  ""coordinates"": [
    -83.228216418,
    42.346900529
  ],
  ""type"": ""Point""
}",-83.228216418,42.346900529
21822,9611511,W I 96,SOUTHFIELD SERVICE DRIVE,2016-01-25,25,1,2016,23,2,5,1,,1,0,,2,2,4,55,3,2,2,3,0,0,1,1,false,,false,false,false,true,false,,,,,,false,false,true,,,false,false,false,false,false,-83.21753,42.3788,"{
  ""coordinates"": [
    -8.321752948800000e+01,
    4.237879817000000e+01
  ],
  ""type"": ""Point""
}","{
  ""coordinates"": [
    -83.217529488,
    42.37879817
  ],
  ""type"": ""Point""
}",-83.217529488,42.37879817
21823,9606661,MCNICHOLS,FIELDING,2016-01-25,25,1,2016,10,2,97,9,,2,0,,1,1,1,25,1,2,1,5,0,0,0,0,true,,false,false,false,false,false,,,,,,false,false,true,,,false,false,false,false,false,-83.24366,42.41486,"{
  ""coordinates"": [
    -8.324366003100000e+01,
    4.241486169300000e+01
  ],
  ""type"": ""Point""
}","{
  ""coordinates"": [
    -83.243660031,
    42.414861693
  ],
  ""type"": ""Point""
}",-83.243660031,42.414861693
21824,9611509,I-75,VERNOR,2016-01-25,25,1,2016,14,2,5,1,,1,0,,97,98,98,55,4,2,3,5,0,0,0,0,true,,false,false,true,false,false,,,,,,false,false,false,,,false,false,false,false,false,-83.0849,42.32624,"{
  ""coordinates"": [
    -8.308490027700000e+01,
    4.232623505400010e+01
  ],
  ""type"": ""Point""
}","{
  ""coordinates"": [
    -83.084900277,
    42.326235054
  ],
  ""type"": ""Point""
}",-83.084900277,42.3262350540001
21825,9997450,JEFFERSON,MT ELLIOT,2016-01-25,25,1,2016,8,2,5,9,,4,0,,1,1,1,35,3,2,2,4,0,0,0,2,false,,false,false,true,false,false,,,,,,false,true,false,,,false,false,false,false,false,-83.01004,42.34366,"{
  ""coordinates"": [
    -8.301004295400000e+01,
    4.234365814400010e+01
  ],
  ""type"": ""Point""
}","{
  ""coordinates"": [
    -83.010042954,
    42.343658144
  ],
  ""type"": ""Point""
}",-83.010042954,42.3436581440001
21826,9606658,LIVERNOIS,FEDERAL,2016-01-25,25,1,2016,10,2,8,9,,4,0,,1,1,1,35,7,2,2,4,0,0,0,1,false,,false,false,false,false,false,,,,,,false,false,false,,,false,false,false,false,false,-83.11324,42.32137,"{
  ""coordinates"": [
    -8.311324673199989e+01,
    4.232136737700010e+01
  ],
  ""type"": ""Point""
}","{
  ""coordinates"": [
    -83.113246732,
    42.321367377
  ],
  ""type"": ""Point""
}",-83.1132467319999,42.3213673770001
21827,9639046,I-94,LONYO,2016-01-25,25,1,2016,11,2,8,1,,1,0,,1,1,1,55,3,2,3,5,0,0,0,0,true,,false,false,true,false,false,,,,,,false,false,false,,,false,false,false,false,false,-83.14035,42.33213,"{
  ""coordinates"": [
    -8.314035054300000e+01,
    4.233212622100010e+01
  ],
  ""type"": ""Point""
}","{
  ""coordinates"": [
    -83.140350543,
    42.332126221
  ],
  ""type"": ""Point""
}",-83.140350543,42.3321262210001
21828,9611715,FITZPATRICK,WARWICK,2016-01-25,25,1,2016,10,2,97,9,,,0,,1,1,1,25,1,2,0,5,0,0,0,0,true,,false,false,true,false,false,,,,,,false,false,false,,,false,false,false,false,false,-83.22765,42.37153,"{
  ""coordinates"": [
    -8.322765300799990e+01,
    4.237153250700000e+01
  ],
  ""type"": ""Point""
}","{
  ""coordinates"": [
    -83.227653008,
    42.371532507
  ],
  ""type"": ""Point""
}",-83.2276530079999,42.371532507
21829,9606654,JEFFERSON,WOODWARD,2016-01-25,25,1,2016,23,2,5,3,,1,0,,2,4,4,35,4,2,2,5,0,0,0,0,true,,true,true,false,false,false,,,,,,false,false,false,,,false,false,false,false,false,-83.04453,42.32886,"{
  ""coordinates"": [
    -8.304452450900000e+01,
    4.232885576000010e+01
  ],
  ""type"": ""Point""
}","{
  ""coordinates"": [
    -83.044524509,
    42.32885576
  ],
  ""type"": ""Point""
}",-83.044524509,42.3288557600001
21830,9607724,7 MILE,CHARLESTON,2016-01-25,25,1,2016,14,2,5,9,,4,0,,1,1,1,30,4,2,2,5,0,0,0,0,true,,false,false,false,false,false,,,,,,false,false,false,,,false,false,false,false,false,-83.10699,42.43222,"{
  ""coordinates"": [
    -8.310698813499990e+01,
    4.243221930600000e+01
  ],
  ""type"": ""Point""
}","{
  ""coordinates"": [
    -83.106988135,
    42.432219306
  ],
  ""type"": ""Point""
}",-83.1069881349999,42.432219306
21831,9614387,LIVERNOIS,N I 75 SERVICE DRIVE,2016-01-25,25,1,2016,5,2,4,9,,4,0,,1,1,5,25,6,2,2,5,0,0,0,0,true,,false,false,false,false,false,,,,,,false,false,false,,,false,false,false,false,false,-83.10384,42.30716,"{
  ""coordinates"": [
    -8.310384652200000e+01,
    4.230715764700010e+01
  ],
  ""type"": ""Point""
}","{
  ""coordinates"": [
    -83.103846522,
    42.307157647
  ],
  ""type"": ""Point""
}",-83.103846522,42.3071576470001
21832,9608745,HAYES,HAZELRIDGE,2016-01-25,25,1,2016,15,2,8,9,,4,0,,1,1,1,30,2,2,4,5,0,0,0,0,true,,false,false,false,false,false,,,,,,false,false,false,,,false,false,false,false,false,-82.96517,42.42478,"{
  ""coordinates"": [
    -8.296517080800000e+01,
    4.242477819600000e+01
  ],
  ""type"": ""Point""
}","{
  ""coordinates"": [
    -82.965170808,
    42.424778196
  ],
  ""type"": ""Point""
}",-82.965170808,42.424778196
21833,9643047,VERNOR,VINEWOOD,2016-01-25,25,1,2016,18,2,97,9,,4,0,,1,1,4,35,2,2,0,5,0,0,0,0,true,,false,false,true,false,false,,,,,,true,false,false,,,false,false,false,false,false,-83.09119,42.3221,"{
  ""coordinates"": [
    -8.309119024899999e+01,
    4.232209765400010e+01
  ],
  ""type"": ""Point""
}","{
  ""coordinates"": [
    -83.091190249,
    42.322097654
  ],
  ""type"": ""Point""
}",-83.091190249,42.3220976540001
21834,9608754,THIRD,PLUM,2016-01-25,25,1,2016,19,2,4,9,,4,0,,2,4,4,25,4,2,2,5,0,0,0,0,true,,false,false,false,false,false,,,,,,false,false,true,,,false,false,false,false,false,-83.05935,42.33522,"{
  ""coordinates"": [
    -8.305935150800001e+01,
    4.233522353700000e+01
  ],
  ""type"": ""Point""
}","{
  ""coordinates"": [
    -83.059351508,
    42.335223537
  ],
  ""type"": ""Point""
}",-83.059351508,42.335223537
21835,9607723,GREENFIELD,HEMLOCK,2016-01-25,25,1,2016,10,2,5,9,,2,0,,1,1,1,30,6,2,2,5,0,0,0,0,true,,false,false,false,false,false,,,,,,false,true,false,,,false,false,false,false,false,-83.19904,42.4093,"{
  ""coordinates"": [
    -8.319903213899990e+01,
    4.240930227700010e+01
  ],
  ""type"": ""Point""
}","{
  ""coordinates"": [
    -83.199032139,
    42.409302277
  ],
  ""type"": ""Point""
}",-83.1990321389999,42.4093022770001
21836,9621030,VISGER,WARING,2016-01-25,25,1,2016,9,2,5,9,,,0,,1,1,1,25,2,2,4,4,0,0,0,1,false,,false,false,false,false,false,,,,,,false,false,false,,,false,false,false,false,false,-83.16261,42.26888,"{
  ""coordinates"": [
    -8.316261472799989e+01,
    4.226888150200010e+01
  ],
  ""type"": ""Point""
}","{
  ""coordinates"": [
    -83.162614728,
    42.268881502
  ],
  ""type"": ""Point""
}",-83.1626147279999,42.2688815020001
21837,9615401,CHIPPEWA,SANTA BARBARA,2016-01-25,25,1,2016,12,2,9,9,,,2,,3,1,1,25,2,2,1,5,0,0,0,0,true,,false,false,true,false,false,,,,,,false,false,false,,,false,false,false,false,false,-83.14915,42.4412,"{
  ""coordinates"": [
    -8.314914534199990e+01,
    4.244119613400010e+01
  ],
  ""type"": ""Point""
}","{
  ""coordinates"": [
    -83.149145342,
    42.441196134
  ],
  ""type"": ""Point""
}",-83.1491453419999,42.4411961340001
21838,9619508,JOY,MANSFIELD,2016-01-25,25,1,2016,12,2,97,9,,2,0,,1,1,1,35,7,2,2,5,0,0,0,0,true,,false,false,true,false,false,,,,,,false,false,false,,,false,false,false,false,false,-83.20325,42.35804,"{
  ""coordinates"": [
    -8.320325365900000e+01,
    4.235803469000010e+01
  ],
  ""type"": ""Point""
}","{
  ""coordinates"": [
    -83.203253659,
    42.35803469
  ],
  ""type"": ""Point""
}",-83.203253659,42.3580346900001
21839,9606664,FENKEL,EVERGREEN,2016-01-25,25,1,2016,14,2,5,9,,2,0,,1,1,1,35,2,2,1,5,0,0,0,0,true,,false,false,true,false,false,,,,,,false,false,false,,,false,false,false,false,false,-83.23751,42.40067,"{
  ""coordinates"": [
    -8.323751365800000e+01,
    4.240066629100010e+01
  ],
  ""type"": ""Point""
}","{
  ""coordinates"": [
    -83.237513658,
    42.400666291
  ],
  ""type"": ""Point""
}",-83.237513658,42.4006662910001
21840,9997451,BALTIMORE,MILWAUKEE,2016-01-25,25,1,2016,14,2,4,9,,4,0,,1,1,1,30,6,2,1,5,0,0,0,0,true,,false,false,true,false,false,,,,,,false,true,false,,,false,false,false,false,false,-83.08028,42.36608,"{
  ""coordinates"": [
    -8.308027747900000e+01,
    4.236608292400010e+01
  ],
  ""type"": ""Point""
}","{
  ""coordinates"": [
    -83.080277479,
    42.366082924
  ],
  ""type"": ""Point""
}",-83.080277479,42.3660829240001
21841,9608733,N M 10,ROSA PARKS,2016-01-25,25,1,2016,12,2,97,3,,1,0,,1,1,4,55,3,2,2,5,0,0,0,0,true,,false,false,false,false,false,,,,,,false,false,false,,,false,false,false,false,false,-83.1184,42.40355,"{
  ""coordinates"": [
    -8.311840340200000e+01,
    4.240354519800010e+01
  ],
  ""type"": ""Point""
}","{
  ""coordinates"": [
    -83.118403402,
    42.403545198
  ],
  ""type"": ""Point""
}",-83.118403402,42.4035451980001
21842,9997479,LINWOOD,MCGRAW,2016-01-25,25,1,2016,11,2,9,9,,4,2,,1,1,1,25,2,2,3,4,0,0,0,2,false,,false,false,false,false,false,,,,,,false,false,false,,,false,false,false,false,false,-83.09604,42.35581,"{
  ""coordinates"": [
    -8.309603825499990e+01,
    4.235581011100000e+01
  ],
  ""type"": ""Point""
}","{
  ""coordinates"": [
    -83.096038255,
    42.355810111
  ],
  ""type"": ""Point""
}",-83.0960382549999,42.355810111
21843,9608718,MOUND,MOUNT ELLIOTT,2016-01-25,25,1,2016,14,2,4,9,,2,0,,1,1,1,30,4,2,6,4,0,0,0,3,false,,true,true,false,false,false,,,,,,false,false,false,,,false,false,false,false,false,-83.04253,42.40794,"{
  ""coordinates"": [
    -8.304252457500000e+01,
    4.240793819400010e+01
  ],
  ""type"": ""Point""
}","{
  ""coordinates"": [
    -83.042524575,
    42.407938194
  ],
  ""type"": ""Point""
}",-83.042524575,42.4079381940001
21844,9639037,S/B I-75,PIQUETTE,2016-01-25,25,1,2016,15,2,97,1,,1,0,,1,2,1,55,3,3,4,5,0,0,0,0,true,,false,false,false,false,false,,,,,,false,true,false,,,false,false,false,false,false,-83.05759,42.3672,"{
  ""coordinates"": [
    -8.305758475899999e+01,
    4.236720369000010e+01
  ],
  ""type"": ""Point""
}","{
  ""coordinates"": [
    -83.057584759,
    42.36720369
  ],
  ""type"": ""Point""
}",-83.057584759,42.3672036900001
21845,9997465,8 MILE,WOODWARD,2016-01-25,25,1,2016,16,2,8,3,,1,0,,1,1,1,40,3,2,2,5,0,0,0,0,true,,false,false,false,false,false,,,,,,false,true,true,,,false,false,false,false,false,-83.12489,42.4465,"{
  ""coordinates"": [
    -8.312488177300000e+01,
    4.244650392600000e+01
  ],
  ""type"": ""Point""
}","{
  ""coordinates"": [
    -83.124881773,
    42.446503926
  ],
  ""type"": ""Point""
}",-83.124881773,42.446503926
21846,9605932,SOUTHFIELD SERVICE DRIVE,FENKELL,2016-01-24,24,1,2016,4,1,1,9,,4,1,,1,1,4,30,3,1,1,5,0,0,0,0,true,,false,false,false,false,false,,,,,,false,false,true,,,false,false,false,false,false,-83.21789,42.4011,"{
  ""coordinates"": [
    -8.321789018500000e+01,
    4.240109843900010e+01
  ],
  ""type"": ""Point""
}","{
  ""coordinates"": [
    -83.217890185,
    42.401098439
  ],
  ""type"": ""Point""
}",-83.217890185,42.4010984390001
21847,9605896,DAVISON,WILDEMERE,2016-01-24,24,1,2016,13,1,5,3,,1,0,,1,1,1,35,6,2,3,5,0,0,0,0,true,,false,false,false,false,false,,,,,,false,true,false,,,false,false,false,false,false,-83.1275,42.39098,"{
  ""coordinates"": [
    -8.312750370700000e+01,
    4.239098426500000e+01
  ],
  ""type"": ""Point""
}","{
  ""coordinates"": [
    -83.127503707,
    42.390984265
  ],
  ""type"": ""Point""
}",-83.127503707,42.390984265
21848,9605891,PARKSIDE,6 MILE,2016-01-24,24,1,2016,2,1,5,9,,,0,,1,1,4,25,2,2,1,4,0,0,0,1,false,,false,false,false,false,false,,,,,,false,false,false,,,false,false,false,false,false,-83.13159,42.41645,"{
  ""coordinates"": [
    -8.313159476899990e+01,
    4.241645272000010e+01
  ],
  ""type"": ""Point""
}","{
  ""coordinates"": [
    -83.131594769,
    42.41645272
  ],
  ""type"": ""Point""
}",-83.1315947689999,42.4164527200001
21849,9604947,7 MILE,OHIO,2016-01-24,24,1,2016,2,1,1,9,,2,0,,1,1,4,35,2,1,0,5,0,0,0,0,true,,false,false,true,false,false,,,,,,false,false,false,,,false,false,false,false,false,-83.15662,42.43139,"{
  ""coordinates"": [
    -8.315661377500000e+01,
    4.243138630600000e+01
  ],
  ""type"": ""Point""
}","{
  ""coordinates"": [
    -83.156613775,
    42.431386306
  ],
  ""type"": ""Point""
}",-83.156613775,42.431386306
21850,9608531,M-10,JEFFERSON,2016-01-24,24,1,2016,0,1,1,3,,1,1,,1,1,4,55,3,1,1,5,0,0,0,0,true,,false,false,false,false,false,,,,,,false,false,false,,,false,false,false,false,false,-83.04602,42.32792,"{
  ""coordinates"": [
    -8.304602001599990e+01,
    4.232791377000010e+01
  ],
  ""type"": ""Point""
}","{
  ""coordinates"": [
    -83.046020016,
    42.32791377
  ],
  ""type"": ""Point""
}",-83.0460200159999,42.3279137700001
21851,9619480,ROSA PARKS,DAVISON,2016-01-24,24,1,2016,19,1,8,3,,4,0,,1,1,1,35,7,2,2,5,0,0,0,0,true,,false,false,true,false,false,,,,,,false,false,false,,,false,false,false,false,false,-83.11319,42.3963,"{
  ""coordinates"": [
    -8.311318661199989e+01,
    4.239629777000000e+01
  ],
  ""type"": ""Point""
}","{
  ""coordinates"": [
    -83.113186612,
    42.39629777
  ],
  ""type"": ""Point""
}",-83.1131866119999,42.39629777
21852,9606673,CONNER,HARPER,2016-01-24,24,1,2016,2,1,9,9,,4,0,,1,1,4,25,3,2,2,5,0,0,0,0,true,,false,false,false,false,false,,,,,,false,false,false,,,false,false,false,false,false,-82.9902,42.39713,"{
  ""coordinates"": [
    -8.299019722600001e+01,
    4.239713280000010e+01
  ],
  ""type"": ""Point""
}","{
  ""coordinates"": [
    -82.990197226,
    42.3971328
  ],
  ""type"": ""Point""
}",-82.990197226,42.3971328000001
21853,9607703,FORT,SHELBY,2016-01-24,24,1,2016,18,1,8,3,,1,0,,1,2,4,30,6,2,3,5,0,0,0,0,true,,false,false,false,false,false,,,,,,false,false,false,,,false,false,false,false,false,-83.04886,42.33008,"{
  ""coordinates"": [
    -8.304885663100001e+01,
    4.233008110400000e+01
  ],
  ""type"": ""Point""
}","{
  ""coordinates"": [
    -83.048856631,
    42.330081104
  ],
  ""type"": ""Point""
}",-83.048856631,42.330081104
21854,9606653,CENTRE,RANDOLPH,2016-01-24,24,1,2016,2,1,8,9,,4,0,,1,1,4,10,2,2,0,5,0,0,0,0,true,,false,false,false,false,false,,,,,,false,false,false,,,false,false,false,false,false,-83.04576,42.33579,"{
  ""coordinates"": [
    -8.304576296000000e+01,
    4.233578878600010e+01
  ],
  ""type"": ""Point""
}","{
  ""coordinates"": [
    -83.04576296,
    42.335788786
  ],
  ""type"": ""Point""
}",-83.04576296,42.3357887860001
21855,9605900,GRATIOT,MARCUS,2016-01-24,24,1,2016,9,1,4,3,,1,0,,1,1,1,45,6,2,3,5,0,0,0,0,true,,false,false,true,false,false,,,,,,false,false,false,,,false,false,false,false,false,-83.00227,42.3976,"{
  ""coordinates"": [
    -8.300226930500000e+01,
    4.239760027000010e+01
  ],
  ""type"": ""Point""
}","{
  ""coordinates"": [
    -83.002269305,
    42.39760027
  ],
  ""type"": ""Point""
}",-83.002269305,42.3976002700001
21856,9604879,STURTEVANT,HOLMUR,2016-01-24,24,1,2016,4,1,5,9,,,0,,3,2,4,25,2,2,0,5,0,0,0,0,true,,false,false,true,false,false,,,,,,false,false,false,,,false,false,false,false,false,-83.13033,42.38315,"{
  ""coordinates"": [
    -8.313033452400001e+01,
    4.238315178400010e+01
  ],
  ""type"": ""Point""
}","{
  ""coordinates"": [
    -83.130334524,
    42.383151784
  ],
  ""type"": ""Point""
}",-83.130334524,42.3831517840001
21857,9605933,8 MILE,VAN DYKE,2016-01-24,24,1,2016,9,1,4,3,,1,0,,1,1,1,45,4,3,5,5,0,0,0,0,true,,true,true,false,false,false,,,,,,false,false,false,,,false,false,false,false,false,-83.02511,42.44815,"{
  ""coordinates"": [
    -8.302510876900000e+01,
    4.244814911200010e+01
  ],
  ""type"": ""Point""
}","{
  ""coordinates"": [
    -83.025108769,
    42.448149112
  ],
  ""type"": ""Point""
}",-83.025108769,42.4481491120001
21858,9615384,MACK,BURNS,2016-01-24,24,1,2016,13,1,1,9,,4,0,,3,1,1,25,2,1,1,5,0,0,0,0,true,,false,false,false,false,false,,,,,,false,false,false,,,false,false,false,false,false,-83.00035,42.36929,"{
  ""coordinates"": [
    -8.300034996700001e+01,
    4.236928549700010e+01
  ],
  ""type"": ""Point""
}","{
  ""coordinates"": [
    -83.000349967,
    42.369285497
  ],
  ""type"": ""Point""
}",-83.000349967,42.3692854970001
21859,9616670,I 96,SCHAEFER,2016-01-24,24,1,2016,1,1,5,1,,1,0,,1,1,4,55,3,2,2,5,0,0,0,0,true,,false,false,false,true,false,,,,,,false,false,false,,,false,false,false,false,false,-83.18303,42.3821,"{
  ""coordinates"": [
    -8.318302993400000e+01,
    4.238209429800000e+01
  ],
  ""type"": ""Point""
}","{
  ""coordinates"": [
    -83.183029934,
    42.382094298
  ],
  ""type"": ""Point""
}",-83.183029934,42.382094298
21860,9605910,CHENE,FRANKLIN,2016-01-24,24,1,2016,10,1,1,9,,4,1,,1,1,1,30,1,1,2,5,0,0,0,0,true,,false,false,false,false,false,,,,,,false,false,false,,,false,false,false,false,false,-83.02174,42.3369,"{
  ""coordinates"": [
    -8.302173909200000e+01,
    4.233689787600010e+01
  ],
  ""type"": ""Point""
}","{
  ""coordinates"": [
    -83.021739092,
    42.336897876
  ],
  ""type"": ""Point""
}",-83.021739092,42.3368978760001
21861,9605884,7 MILE,JOHN R,2016-01-24,24,1,2016,9,1,1,9,,4,1,,1,1,1,30,4,1,1,5,0,0,0,0,true,,false,false,true,false,false,,,,,,false,false,false,,,false,false,false,false,false,-83.10255,42.43227,"{
  ""coordinates"": [
    -8.310255025500000e+01,
    4.243227285400010e+01
  ],
  ""type"": ""Point""
}","{
  ""coordinates"": [
    -83.102550255,
    42.432272854
  ],
  ""type"": ""Point""
}",-83.102550255,42.4322728540001
21862,9605905,CONANT,LAWLEY,2016-01-24,24,1,2016,18,1,8,9,,4,0,,1,1,4,30,2,2,2,5,0,0,0,0,true,,false,false,false,false,false,,,,,,false,true,false,,,false,false,false,false,false,-83.05981,42.41305,"{
  ""coordinates"": [
    -8.305980763500000e+01,
    4.241304951000010e+01
  ],
  ""type"": ""Point""
}","{
  ""coordinates"": [
    -83.059807635,
    42.41304951
  ],
  ""type"": ""Point""
}",-83.059807635,42.4130495100001
21863,9608514,I-75,WARREN,2016-01-24,24,1,2016,20,1,8,1,,1,0,,1,2,4,55,3,2,2,4,0,0,0,1,false,,false,false,false,false,false,,,,,,false,false,true,,,false,false,false,false,false,-83.05615,42.36414,"{
  ""coordinates"": [
    -8.305615266699991e+01,
    4.236414465700010e+01
  ],
  ""type"": ""Point""
}","{
  ""coordinates"": [
    -83.056152667,
    42.364144657
  ],
  ""type"": ""Point""
}",-83.0561526669999,42.3641446570001
21864,9608524,RAMP 122A,RAMP 122I,2016-01-24,24,1,2016,3,1,1,1,,1,1,,1,2,5,55,1,1,1,1,1,0,0,0,false,,false,false,false,false,false,,,,,,false,false,false,,,false,false,false,false,false,-83.06673,42.33528,"{
  ""coordinates"": [
    -8.306672834900000e+01,
    4.233527907400000e+01
  ],
  ""type"": ""Point""
}","{
  ""coordinates"": [
    -83.066728349,
    42.335279074
  ],
  ""type"": ""Point""
}",-83.066728349,42.335279074
21865,9605928,SEVEN MILE,OAKFIELD,2016-01-24,24,1,2016,13,1,8,9,,2,0,,1,1,1,30,3,2,0,5,0,0,0,0,true,,false,false,true,false,false,,,,,,false,false,false,,,false,false,false,false,false,-83.21505,42.43013,"{
  ""coordinates"": [
    -8.321505322300000e+01,
    4.243013133300010e+01
  ],
  ""type"": ""Point""
}","{
  ""coordinates"": [
    -83.215053223,
    42.430131333
  ],
  ""type"": ""Point""
}",-83.215053223,42.4301313330001
21866,9605895,LONGFELLOW,BYRON,2016-01-24,24,1,2016,9,1,8,9,,,0,,1,1,1,25,2,2,1,5,0,0,0,0,true,,false,false,false,false,false,,,,,,false,false,false,,,false,false,false,false,false,-83.09621,42.3808,"{
  ""coordinates"": [
    -8.309621677299999e+01,
    4.238079949500010e+01
  ],
  ""type"": ""Point""
}","{
  ""coordinates"": [
    -83.096216773,
    42.380799495
  ],
  ""type"": ""Point""
}",-83.096216773,42.3807994950001
21867,9605890,PROMENADE,NEWPORT,2016-01-24,24,1,2016,23,1,4,9,,,0,,1,1,4,25,1,2,1,5,0,0,0,0,true,,false,false,true,false,false,,,,,,false,false,false,,,false,false,false,false,false,-82.97355,42.41301,"{
  ""coordinates"": [
    -8.297354704000000e+01,
    4.241300468200010e+01
  ],
  ""type"": ""Point""
}","{
  ""coordinates"": [
    -82.97354704,
    42.413004682
  ],
  ""type"": ""Point""
}",-82.97354704,42.4130046820001
21868,9997453,HARTWELL,PEMBROKE,2016-01-24,24,1,2016,14,1,5,9,,,0,,1,1,1,25,2,2,3,4,0,0,0,2,false,,false,false,true,false,false,,,,,,false,false,true,,,false,false,false,false,false,-83.17967,42.43837,"{
  ""coordinates"": [
    -8.317966978399990e+01,
    4.243836765700010e+01
  ],
  ""type"": ""Point""
}","{
  ""coordinates"": [
    -83.179669784,
    42.438367657
  ],
  ""type"": ""Point""
}",-83.1796697839999,42.4383676570001
21869,9611443,I-94,FRONTENAC,2016-01-24,24,1,2016,16,1,8,1,,1,0,,1,1,1,55,3,2,2,5,0,0,0,0,true,,false,false,false,false,false,,,,,,false,false,false,,,false,false,false,false,false,-83.02732,42.38454,"{
  ""coordinates"": [
    -8.302732292800000e+01,
    4.238453613200010e+01
  ],
  ""type"": ""Point""
}","{
  ""coordinates"": [
    -83.027322928,
    42.384536132
  ],
  ""type"": ""Point""
}",-83.027322928,42.3845361320001
21870,9605899,VAN DYKE,WARREN,2016-01-24,24,1,2016,15,1,5,9,,4,0,,1,1,1,25,2,4,1,5,0,0,0,0,true,,false,false,false,false,false,,,,,,false,false,false,,,false,false,false,false,false,-83.01314,42.3767,"{
  ""coordinates"": [
    -8.301313617999990e+01,
    4.237669666600000e+01
  ],
  ""type"": ""Point""
}","{
  ""coordinates"": [
    -83.01313618,
    42.376696666
  ],
  ""type"": ""Point""
}",-83.0131361799999,42.376696666
21871,9997462,MOROSS,W I 94,2016-01-24,24,1,2016,20,1,8,9,,2,0,,1,1,4,35,3,2,2,5,0,0,0,0,true,,false,false,true,false,false,,,,,,false,false,false,,,false,false,false,false,false,-82.92863,42.42474,"{
  ""coordinates"": [
    -8.292862773199990e+01,
    4.242473796400000e+01
  ],
  ""type"": ""Point""
}","{
  ""coordinates"": [
    -82.928627732,
    42.424737964
  ],
  ""type"": ""Point""
}",-82.9286277319999,42.424737964
21872,9997483,HARPER,MOROSS,2016-01-24,24,1,2016,6,1,1,9,,4,0,,3,98,4,35,4,1,1,5,0,0,0,0,true,,false,false,false,false,false,,,,,,false,false,false,,,false,false,false,false,false,-82.92901,42.42495,"{
  ""coordinates"": [
    -8.292900648400000e+01,
    4.242494774700000e+01
  ],
  ""type"": ""Point""
}","{
  ""coordinates"": [
    -82.929006484,
    42.424947747
  ],
  ""type"": ""Point""
}",-82.929006484,42.424947747
21873,9619500,BEAUBIEN,MACK,2016-01-24,24,1,2016,16,1,8,9,,4,0,,1,1,1,25,3,2,5,5,0,0,0,0,true,,false,false,false,false,false,,,,,,false,false,true,,,false,false,false,false,false,-83.05233,42.3496,"{
  ""coordinates"": [
    -8.305233316499989e+01,
    4.234960140000000e+01
  ],
  ""type"": ""Point""
}","{
  ""coordinates"": [
    -83.052333165,
    42.3496014
  ],
  ""type"": ""Point""
}",-83.0523331649999,42.3496014
21874,9611672,HOLBROOK,BRUSH,2016-01-24,24,1,2016,5,1,4,9,,4,0,,2,1,4,25,3,2,0,5,0,0,0,0,true,,false,false,true,false,false,,,,,,false,false,false,,,false,false,false,false,false,-83.07479,42.38325,"{
  ""coordinates"": [
    -8.307479134700000e+01,
    4.238324696500010e+01
  ],
  ""type"": ""Point""
}","{
  ""coordinates"": [
    -83.074791347,
    42.383246965
  ],
  ""type"": ""Point""
}",-83.074791347,42.3832469650001
21875,9653364,ARCHDALE,SCHOOLCRAFT,2016-01-24,24,1,2016,21,1,2,9,,,2,,1,1,4,25,2,2,0,5,0,0,0,0,true,,false,false,true,false,false,,,,,,false,false,false,,,false,false,false,false,false,-83.21624,42.38652,"{
  ""coordinates"": [
    -8.321623740099990e+01,
    4.238651621300000e+01
  ],
  ""type"": ""Point""
}","{
  ""coordinates"": [
    -83.216237401,
    42.386516213
  ],
  ""type"": ""Point""
}",-83.2162374009999,42.386516213