ObjectId,Crash ID,Primary Road,Intersecting Road,Crash Date,Day,Month,Year,Hour,Weekday,Crash Type Code,Highway Classification Code,Community Code,Jurisdiction Code,Lane Departure Type Code,Surface Type,Road Condition,Weather Condition,Lighting Condition,Speed Limit,Lanes,Units,Occupants,Most Severe Injury,Fatal Injuries,Suspected Serious Injuries,Suspected Minor Injuries,Possible Injuries,Property Damage Only,Secondary Crash,Traffic Control,Red Light Run,Hit and Run,Alcohol,Drugs,Unbelted Person,Work Zone,Speeding Driver,Distracted Driver,Driveway,Pedestrian,Elderly Driver,Young Driver,Commercial Vehicle,Emergency Vehicles,Train,School Bus,Motorcycle,Bicycle,Deer,Longitude,Latitude,geom,geog,x,y
22046,9611464,W I 96,WYOMING,2016-01-21,21,1,2016,23,5,8,1,,1,0,,2,4,4,55,3,2,1,5,0,0,0,0,true,,false,false,true,false,false,,,,,,false,false,false,,,false,false,false,false,false,-83.15804,42.38541,"{
  ""coordinates"": [
    -8.315803179700001e+01,
    4.238541572200010e+01
  ],
  ""type"": ""Point""
}","{
  ""coordinates"": [
    -83.158031797,
    42.385415722
  ],
  ""type"": ""Point""
}",-83.158031797,42.3854157220001
22047,9605789,S I 375,GRATIOT,2016-01-21,21,1,2016,15,5,1,1,,1,1,,1,2,3,55,3,1,2,5,0,0,0,0,true,,false,false,false,false,false,,,,,,false,false,true,,,false,false,false,false,false,-83.04137,42.3396,"{
  ""coordinates"": [
    -8.304136325699990e+01,
    4.233960446500000e+01
  ],
  ""type"": ""Point""
}","{
  ""coordinates"": [
    -83.041363257,
    42.339604465
  ],
  ""type"": ""Point""
}",-83.0413632569999,42.339604465
22048,9603621,7 MILE,SHIAWASSEE,2016-01-21,21,1,2016,12,5,4,9,,2,0,,1,2,1,35,4,2,2,5,0,0,0,0,true,,false,false,false,false,false,,,,,,false,false,false,,,false,false,false,false,false,-83.27274,42.42906,"{
  ""coordinates"": [
    -8.327273323000000e+01,
    4.242905929500010e+01
  ],
  ""type"": ""Point""
}","{
  ""coordinates"": [
    -83.27273323,
    42.429059295
  ],
  ""type"": ""Point""
}",-83.27273323,42.4290592950001
22049,9603632,WYOMING,CHIPPEWA,2016-01-21,21,1,2016,15,5,4,9,,4,0,,1,1,1,30,3,2,2,5,0,0,0,0,true,,true,true,true,false,false,,,,,,false,false,false,,,false,false,false,false,false,-83.16131,42.44091,"{
  ""coordinates"": [
    -8.316130558499999e+01,
    4.244091372400000e+01
  ],
  ""type"": ""Point""
}","{
  ""coordinates"": [
    -83.161305585,
    42.440913724
  ],
  ""type"": ""Point""
}",-83.161305585,42.440913724
22050,9622339,KELLY,8 MILE,2016-01-21,21,1,2016,17,5,4,3,,2,0,,1,2,1,25,2,2,2,4,0,0,0,1,false,,false,false,false,false,false,,,,,,false,true,false,,,false,false,false,false,false,-82.94131,42.45019,"{
  ""coordinates"": [
    -8.294130686800000e+01,
    4.245019219700000e+01
  ],
  ""type"": ""Point""
}","{
  ""coordinates"": [
    -82.941306868,
    42.450192197
  ],
  ""type"": ""Point""
}",-82.941306868,42.450192197
22051,9605794,I-75,CASS,2016-01-21,21,1,2016,9,5,5,1,,1,0,,1,2,1,55,4,3,2,4,0,0,0,1,false,,false,false,false,false,false,,,,,,false,false,false,,,false,false,false,false,false,-83.05672,42.33789,"{
  ""coordinates"": [
    -8.305672559999989e+01,
    4.233789007200010e+01
  ],
  ""type"": ""Point""
}","{
  ""coordinates"": [
    -83.0567256,
    42.337890072
  ],
  ""type"": ""Point""
}",-83.0567255999999,42.3378900720001
22052,9603607,GRANDRIVER,ROBSON,2016-01-21,21,1,2016,12,5,1,3,,1,0,,1,2,1,35,5,1,1,5,0,0,0,0,true,,false,false,false,false,false,,,,,,false,false,true,,,false,false,false,false,false,-83.19249,42.39029,"{
  ""coordinates"": [
    -8.319248897999999e+01,
    4.239028952300000e+01
  ],
  ""type"": ""Point""
}","{
  ""coordinates"": [
    -83.19248898,
    42.390289523
  ],
  ""type"": ""Point""
}",-83.19248898,42.390289523
22053,9855324,GRATIOT,HARPER,2016-01-21,21,1,2016,18,5,8,3,,1,0,,2,5,4,35,7,2,2,5,0,0,0,0,true,,false,false,true,false,false,,,,,,false,false,false,,,false,false,false,false,false,-83.0051,42.39331,"{
  ""coordinates"": [
    -8.300510240300000e+01,
    4.239331158600000e+01
  ],
  ""type"": ""Point""
}","{
  ""coordinates"": [
    -83.005102403,
    42.393311586
  ],
  ""type"": ""Point""
}",-83.005102403,42.393311586
22054,9603620,LAHSER,GRAND RIVER,2016-01-21,21,1,2016,7,5,8,3,,2,0,,1,1,1,35,2,2,2,5,0,0,0,0,true,,false,false,false,false,false,,,,,,false,false,false,,,false,false,false,false,false,-83.25763,42.41646,"{
  ""coordinates"": [
    -8.325763223900000e+01,
    4.241645849500000e+01
  ],
  ""type"": ""Point""
}","{
  ""coordinates"": [
    -83.257632239,
    42.416458495
  ],
  ""type"": ""Point""
}",-83.257632239,42.416458495
22055,9604865,WILSHIRE,ROSEBERRY,2016-01-21,21,1,2016,15,5,8,9,,,0,,4,1,1,25,1,2,1,5,0,0,0,0,true,,false,false,false,false,false,,,,,,false,false,true,,,false,false,false,false,false,-82.98671,42.40727,"{
  ""coordinates"": [
    -8.298671258400000e+01,
    4.240727131900010e+01
  ],
  ""type"": ""Point""
}","{
  ""coordinates"": [
    -82.986712584,
    42.407271319
  ],
  ""type"": ""Point""
}",-82.986712584,42.4072713190001
22056,9605780,S/B M-39,I-96,2016-01-21,21,1,2016,8,5,5,3,,1,0,,1,1,1,55,3,2,2,5,0,0,0,0,true,,false,false,false,false,false,,,,,,false,false,false,,,false,false,false,false,false,-83.21688,42.37501,"{
  ""coordinates"": [
    -8.321687846000000e+01,
    4.237501321600010e+01
  ],
  ""type"": ""Point""
}","{
  ""coordinates"": [
    -83.21687846,
    42.375013216
  ],
  ""type"": ""Point""
}",-83.21687846,42.3750132160001
22057,9603622,SOUTHFIELD SERVICE,RAMP 008B,2016-01-21,21,1,2016,13,5,1,9,,4,0,,1,2,1,30,3,2,1,4,0,0,0,1,false,,false,false,false,false,false,,,,,,true,false,false,,,false,false,false,false,false,-83.21616,42.37768,"{
  ""coordinates"": [
    -8.321615490399989e+01,
    4.237768102200000e+01
  ],
  ""type"": ""Point""
}","{
  ""coordinates"": [
    -83.216154904,
    42.377681022
  ],
  ""type"": ""Point""
}",-83.2161549039999,42.377681022
22058,9603639,JAMES COUZENS,MCNICHOLS,2016-01-20,20,1,2016,12,4,8,3,,1,0,,2,2,1,35,3,2,2,5,0,0,0,0,true,,true,true,false,false,false,,,,,,false,false,false,,,false,false,false,false,false,-83.17205,42.41664,"{
  ""coordinates"": [
    -8.317205291900000e+01,
    4.241663953900010e+01
  ],
  ""type"": ""Point""
}","{
  ""coordinates"": [
    -83.172052919,
    42.416639539
  ],
  ""type"": ""Point""
}",-83.172052919,42.4166395390001
22059,9606782,RAMP3 194B,N/B I275,2016-01-20,20,1,2016,16,4,1,9,,4,0,,1,1,1,25,1,1,1,4,0,0,0,1,false,,false,false,false,false,false,,,,,,false,false,false,,,false,false,false,false,false,-83.05828,42.3369,"{
  ""coordinates"": [
    -8.305828243300000e+01,
    4.233690176700000e+01
  ],
  ""type"": ""Point""
}","{
  ""coordinates"": [
    -83.058282433,
    42.336901767
  ],
  ""type"": ""Point""
}",-83.058282433,42.336901767
22060,9602799,WASHINGTON BLLVD,MICHIGAN,2016-01-20,20,1,2016,20,4,4,9,,4,0,,2,1,4,25,4,2,2,5,0,0,0,0,true,,false,false,false,false,false,,,,,,false,false,true,,,false,false,false,false,false,-83.05117,42.33172,"{
  ""coordinates"": [
    -8.305116892200000e+01,
    4.233171910000000e+01
  ],
  ""type"": ""Point""
}","{
  ""coordinates"": [
    -83.051168922,
    42.3317191
  ],
  ""type"": ""Point""
}",-83.051168922,42.3317191
22061,9607707,GRAND RIVER,FENKELL,2016-01-20,20,1,2016,12,4,8,3,,1,0,,1,1,1,35,3,2,2,5,0,0,0,0,true,,false,false,false,false,false,,,,,,false,true,false,,,false,false,false,false,false,-83.2193,42.4011,"{
  ""coordinates"": [
    -8.321929897599991e+01,
    4.240109759200000e+01
  ],
  ""type"": ""Point""
}","{
  ""coordinates"": [
    -83.219298976,
    42.401097592
  ],
  ""type"": ""Point""
}",-83.2192989759999,42.401097592
22062,9608529,W I 94,GRAND,2016-01-20,20,1,2016,5,4,1,1,,1,1,,1,2,3,55,4,1,1,5,0,0,0,0,true,,false,false,false,false,false,,,,,,false,false,false,,,false,false,false,false,false,-83.10831,42.34735,"{
  ""coordinates"": [
    -8.310830546800000e+01,
    4.234734640600000e+01
  ],
  ""type"": ""Point""
}","{
  ""coordinates"": [
    -83.108305468,
    42.347346406
  ],
  ""type"": ""Point""
}",-83.108305468,42.347346406
22063,9602781,DAVISON,MOUNT ELLIOTT,2016-01-20,20,1,2016,0,4,4,9,,4,0,,1,1,4,35,4,2,2,5,0,0,0,0,true,,true,true,true,false,false,,,,,,false,false,false,,,false,false,false,false,false,-83.0385,42.42326,"{
  ""coordinates"": [
    -8.303849718500000e+01,
    4.242326213500010e+01
  ],
  ""type"": ""Point""
}","{
  ""coordinates"": [
    -83.038497185,
    42.423262135
  ],
  ""type"": ""Point""
}",-83.038497185,42.4232621350001
22064,9610509,I-75,8 MILE,2016-01-20,20,1,2016,7,4,5,3,,1,0,,1,1,4,55,3,2,2,5,0,0,0,0,true,,false,false,false,false,false,,,,,,false,false,false,,,false,false,false,false,false,-83.09692,42.44656,"{
  ""coordinates"": [
    -8.309692448500000e+01,
    4.244656422000000e+01
  ],
  ""type"": ""Point""
}","{
  ""coordinates"": [
    -83.096924485,
    42.44656422
  ],
  ""type"": ""Point""
}",-83.096924485,42.44656422
22065,9605898,6 MILE,PREVOST,2016-01-20,20,1,2016,15,4,1,9,,2,0,,1,2,1,35,6,1,1,4,0,0,0,1,false,,false,false,false,false,false,,,,,,false,false,false,,,false,false,false,false,false,-83.20359,42.41587,"{
  ""coordinates"": [
    -8.320358716299999e+01,
    4.241587310100000e+01
  ],
  ""type"": ""Point""
}","{
  ""coordinates"": [
    -83.203587163,
    42.415873101
  ],
  ""type"": ""Point""
}",-83.203587163,42.415873101
22066,9607593,CASS,MILWAUKEE,2016-01-20,20,1,2016,17,4,8,9,,4,0,,1,1,2,25,5,2,2,5,0,0,0,0,true,,false,false,false,false,false,,,,,,false,false,true,,,false,false,false,false,false,-83.07407,42.36858,"{
  ""coordinates"": [
    -8.307406263300000e+01,
    4.236858222300000e+01
  ],
  ""type"": ""Point""
}","{
  ""coordinates"": [
    -83.074062633,
    42.368582223
  ],
  ""type"": ""Point""
}",-83.074062633,42.368582223
22067,9602829,FORD,SOUTHFIELD SERVICE,2016-01-20,20,1,2016,11,4,4,9,,,0,,1,1,1,50,4,2,2,2,0,1,0,1,false,,true,true,false,false,false,,,,,,false,false,false,,,false,false,false,false,false,-83.21748,42.42467,"{
  ""coordinates"": [
    -8.321747649299989e+01,
    4.242467156400010e+01
  ],
  ""type"": ""Point""
}","{
  ""coordinates"": [
    -83.217476493,
    42.424671564
  ],
  ""type"": ""Point""
}",-83.2174764929999,42.4246715640001
22068,9602790,JEFFERSON,MCDOUGALL,2016-01-20,20,1,2016,12,4,5,9,,4,0,,1,1,1,35,3,2,4,5,0,0,0,0,true,,false,false,true,false,false,,,,,,false,true,false,,,false,false,false,false,false,-83.01638,42.34093,"{
  ""coordinates"": [
    -8.301638027199991e+01,
    4.234093287500010e+01
  ],
  ""type"": ""Point""
}","{
  ""coordinates"": [
    -83.016380272,
    42.340932875
  ],
  ""type"": ""Point""
}",-83.0163802719999,42.3409328750001
22069,9602839,TRUMBULL,MARTIN LUTHER KING JR,2016-01-20,20,1,2016,16,4,5,9,,4,0,,4,5,1,30,6,2,2,5,0,0,0,0,true,,false,false,false,false,false,,,,,,false,false,false,,,false,false,false,false,false,-83.07278,42.34174,"{
  ""coordinates"": [
    -8.307277957500000e+01,
    4.234173943000010e+01
  ],
  ""type"": ""Point""
}","{
  ""coordinates"": [
    -83.072779575,
    42.34173943
  ],
  ""type"": ""Point""
}",-83.072779575,42.3417394300001
22070,9608759,ANTHONY WAYNE,WARREN,2016-01-20,20,1,2016,12,4,5,9,,4,0,,2,5,1,25,4,2,2,5,0,0,0,0,true,,false,false,false,false,false,,,,,,false,false,true,,,false,false,false,false,false,-83.06967,42.35197,"{
  ""coordinates"": [
    -8.306967025300000e+01,
    4.235196911700010e+01
  ],
  ""type"": ""Point""
}","{
  ""coordinates"": [
    -83.069670253,
    42.351969117
  ],
  ""type"": ""Point""
}",-83.069670253,42.3519691170001
22071,9602777,N I 75,PIQUETTE,2016-01-20,20,1,2016,15,4,8,1,,1,0,,2,1,1,55,3,2,2,5,0,0,0,0,true,,false,false,false,false,false,,,,,,false,false,true,,,false,false,false,false,false,-83.05927,42.37196,"{
  ""coordinates"": [
    -8.305927400300000e+01,
    4.237196087500010e+01
  ],
  ""type"": ""Point""
}","{
  ""coordinates"": [
    -83.059274003,
    42.371960875
  ],
  ""type"": ""Point""
}",-83.059274003,42.3719608750001
22072,9615387,CLARITA,GREENFIELD,2016-01-20,20,1,2016,15,4,4,9,,,0,,1,2,1,25,1,2,2,5,0,0,0,0,true,,false,false,false,false,false,,,,,,false,false,false,,,false,false,false,false,false,-83.19979,42.42858,"{
  ""coordinates"": [
    -8.319979262899990e+01,
    4.242857647000010e+01
  ],
  ""type"": ""Point""
}","{
  ""coordinates"": [
    -83.199792629,
    42.42857647
  ],
  ""type"": ""Point""
}",-83.1997926289999,42.4285764700001
22073,9603612,MCGRAW,LIVERNOIS,2016-01-20,20,1,2016,12,4,5,9,,4,0,,4,5,1,35,2,2,2,5,0,0,0,0,true,,false,false,false,false,false,,,,,,false,false,false,,,false,false,false,false,false,-83.12746,42.3408,"{
  ""coordinates"": [
    -8.312746050500000e+01,
    4.234080040000000e+01
  ],
  ""type"": ""Point""
}","{
  ""coordinates"": [
    -83.127460505,
    42.3408004
  ],
  ""type"": ""Point""
}",-83.127460505,42.3408004
22074,9608758,WOODWARD,EUCLID,2016-01-20,20,1,2016,8,4,8,3,,1,0,,1,2,1,30,7,2,1,5,0,0,0,0,true,,false,false,true,false,false,,,,,,false,false,false,,,false,false,false,false,false,-83.07795,42.37719,"{
  ""coordinates"": [
    -8.307794859800001e+01,
    4.237719354600010e+01
  ],
  ""type"": ""Point""
}","{
  ""coordinates"": [
    -83.077948598,
    42.377193546
  ],
  ""type"": ""Point""
}",-83.077948598,42.3771935460001
22075,9605752,S M 10,EUCLID,2016-01-20,20,1,2016,7,4,5,3,,1,0,,1,2,4,55,4,5,4,5,0,0,0,0,true,,false,false,true,false,false,,,,,,false,false,false,,,false,false,false,false,false,-83.08662,42.37403,"{
  ""coordinates"": [
    -8.308662317800000e+01,
    4.237402794500010e+01
  ],
  ""type"": ""Point""
}","{
  ""coordinates"": [
    -83.086623178,
    42.374027945
  ],
  ""type"": ""Point""
}",-83.086623178,42.3740279450001
22076,9997446,HAYES,COLLINGHAM,2016-01-20,20,1,2016,8,4,4,9,,4,0,,1,2,1,30,3,2,3,5,0,0,0,0,true,,true,false,false,false,false,,,,,,false,false,true,,,false,false,false,false,false,-82.96601,42.44808,"{
  ""coordinates"": [
    -8.296601280999990e+01,
    4.244808376000000e+01
  ],
  ""type"": ""Point""
}","{
  ""coordinates"": [
    -82.96601281,
    42.44808376
  ],
  ""type"": ""Point""
}",-82.9660128099999,42.44808376
22077,9605753,I-94,GRAND RIVER,2016-01-20,20,1,2016,7,4,5,1,,1,0,,1,2,2,55,3,2,2,4,0,0,0,1,false,,false,false,false,false,false,,,,,,false,false,false,,,false,false,false,false,false,-83.09624,42.351,"{
  ""coordinates"": [
    -8.309624635999999e+01,
    4.235100107500010e+01
  ],
  ""type"": ""Point""
}","{
  ""coordinates"": [
    -83.09624636,
    42.351001075
  ],
  ""type"": ""Point""
}",-83.09624636,42.3510010750001
22078,9605897,BRAMELL,KANE,2016-01-20,20,1,2016,,4,4,9,,,0,,2,2,98,25,2,2,1,5,0,0,0,0,true,,false,false,true,false,false,,,,,,false,false,false,,,false,false,false,false,false,-83.2652,42.38889,"{
  ""coordinates"": [
    -8.326519673300000e+01,
    4.238888855600000e+01
  ],
  ""type"": ""Point""
}","{
  ""coordinates"": [
    -83.265196733,
    42.388888556
  ],
  ""type"": ""Point""
}",-83.265196733,42.388888556
22079,9615399,MCNICHOLS,LASHER,2016-01-20,20,1,2016,21,4,2,9,,2,2,,1,1,4,40,2,2,2,5,0,0,0,0,true,,false,false,true,false,false,,,,,,false,false,false,,,false,false,false,false,false,-83.25746,42.4146,"{
  ""coordinates"": [
    -8.325746126600001e+01,
    4.241459551300010e+01
  ],
  ""type"": ""Point""
}","{
  ""coordinates"": [
    -83.257461266,
    42.414595513
  ],
  ""type"": ""Point""
}",-83.257461266,42.4145955130001
22080,9635797,GRATIOT,CONNER,2016-01-20,20,1,2016,17,4,8,3,,1,0,,1,1,4,35,3,2,2,5,0,0,0,0,true,,false,false,false,false,true,,,,,,false,false,false,,,false,false,false,false,false,-82.99782,42.40442,"{
  ""coordinates"": [
    -8.299781895400000e+01,
    4.240441550300010e+01
  ],
  ""type"": ""Point""
}","{
  ""coordinates"": [
    -82.997818954,
    42.404415503
  ],
  ""type"": ""Point""
}",-82.997818954,42.4044155030001
22081,9605754,CONGRESS,WASHINGTON,2016-01-20,20,1,2016,10,4,8,9,,4,0,,2,5,1,25,3,2,2,5,0,0,0,0,true,,false,false,false,false,false,,,,,,false,false,true,,,false,false,false,false,false,-83.04952,42.3286,"{
  ""coordinates"": [
    -8.304952062099990e+01,
    4.232859937800000e+01
  ],
  ""type"": ""Point""
}","{
  ""coordinates"": [
    -83.049520621,
    42.328599378
  ],
  ""type"": ""Point""
}",-83.0495206209999,42.328599378
22082,9604929,LIVERNOIS,DAVISON,2016-01-20,20,1,2016,11,4,4,3,,4,0,,2,5,1,35,9,2,2,4,0,0,0,1,false,,true,true,false,false,false,,,,,,false,false,false,,,false,false,false,false,false,-83.13954,42.38667,"{
  ""coordinates"": [
    -8.313953932000000e+01,
    4.238667409100000e+01
  ],
  ""type"": ""Point""
}","{
  ""coordinates"": [
    -83.13953932,
    42.386674091
  ],
  ""type"": ""Point""
}",-83.13953932,42.386674091
22083,9603638,N M 10,7 MILE,2016-01-20,20,1,2016,9,4,8,3,,1,0,,2,2,1,35,3,2,3,5,0,0,0,0,true,,false,false,false,false,false,,,,,,false,true,false,,,false,false,false,false,false,-83.18696,42.43085,"{
  ""coordinates"": [
    -8.318696161799990e+01,
    4.243085265100010e+01
  ],
  ""type"": ""Point""
}","{
  ""coordinates"": [
    -83.186961618,
    42.430852651
  ],
  ""type"": ""Point""
}",-83.1869616179999,42.4308526510001
22084,9602798,MACK,MCDOUGALL,2016-01-20,20,1,2016,15,4,4,9,,4,0,,2,5,1,30,2,2,2,5,0,0,0,0,true,,false,false,false,false,false,,,,,,false,false,true,,,false,false,false,false,false,-83.02972,42.35831,"{
  ""coordinates"": [
    -8.302972507200001e+01,
    4.235831447600000e+01
  ],
  ""type"": ""Point""
}","{
  ""coordinates"": [
    -83.029725072,
    42.358314476
  ],
  ""type"": ""Point""
}",-83.029725072,42.358314476
22085,9604930,DAVISON,LIVERNOIS,2016-01-20,20,1,2016,19,4,97,3,,1,0,,1,1,4,35,3,2,1,5,0,0,0,0,true,,false,false,true,false,false,,,,,,false,false,false,,,false,false,false,false,false,-83.1395,42.38669,"{
  ""coordinates"": [
    -8.313950049399990e+01,
    4.238669116800000e+01
  ],
  ""type"": ""Point""
}","{
  ""coordinates"": [
    -83.139500494,
    42.386691168
  ],
  ""type"": ""Point""
}",-83.1395004939999,42.386691168
22086,9647686,RAMP 109B,E M 8,2016-01-20,20,1,2016,1,4,97,3,,1,0,,1,1,4,55,1,2,2,5,0,0,0,0,true,,false,false,false,false,false,,,,,,false,false,true,,,false,false,false,false,false,-83.1109,42.39754,"{
  ""coordinates"": [
    -8.311089725300000e+01,
    4.239753753700010e+01
  ],
  ""type"": ""Point""
}","{
  ""coordinates"": [
    -83.110897253,
    42.397537537
  ],
  ""type"": ""Point""
}",-83.110897253,42.3975375370001
22087,9605786,M-10,GRAND,2016-01-20,20,1,2016,14,4,5,3,,1,0,,2,1,1,55,3,2,2,5,0,0,0,0,true,,false,false,false,false,false,,,,,,false,true,false,,,false,false,false,false,false,-83.08413,42.37039,"{
  ""coordinates"": [
    -8.308413110299990e+01,
    4.237038798500000e+01
  ],
  ""type"": ""Point""
}","{
  ""coordinates"": [
    -83.084131103,
    42.370387985
  ],
  ""type"": ""Point""
}",-83.0841311029999,42.370387985
22088,9635846,E/B I-94,GRATIOT,2016-01-20,20,1,2016,16,4,5,1,,1,0,,1,1,1,55,3,2,2,5,0,0,0,0,true,,false,false,false,false,false,,,,,,false,false,true,,,false,false,false,false,false,-83.00809,42.39087,"{
  ""coordinates"": [
    -8.300808651999991e+01,
    4.239086709600010e+01
  ],
  ""type"": ""Point""
}","{
  ""coordinates"": [
    -83.00808652,
    42.390867096
  ],
  ""type"": ""Point""
}",-83.0080865199999,42.3908670960001
22089,9606579,I 375,LARNED,2016-01-20,20,1,2016,23,4,1,1,,1,1,,3,1,4,55,2,1,1,5,0,0,0,0,true,,false,false,false,false,false,,,,,,false,false,false,,,false,false,false,false,false,-83.03617,42.33337,"{
  ""coordinates"": [
    -8.303617183599989e+01,
    4.233337054800010e+01
  ],
  ""type"": ""Point""
}","{
  ""coordinates"": [
    -83.036171836,
    42.333370548
  ],
  ""type"": ""Point""
}",-83.0361718359999,42.3333705480001
22090,9606524,W I 94,MOUNT ELLIOTT,2016-01-20,20,1,2016,18,4,5,1,,1,0,,1,1,4,55,3,2,2,5,0,0,0,0,true,,false,false,false,false,false,,,,,,false,false,true,,,false,false,false,false,false,-83.03394,42.37923,"{
  ""coordinates"": [
    -8.303394048500000e+01,
    4.237923141100000e+01
  ],
  ""type"": ""Point""
}","{
  ""coordinates"": [
    -83.033940485,
    42.379231411
  ],
  ""type"": ""Point""
}",-83.033940485,42.379231411
22091,9602791,CONNER,RAMP 220D,2016-01-20,20,1,2016,17,4,5,9,,4,0,,4,5,3,30,4,2,2,5,0,0,0,0,true,,false,false,true,false,false,,,,,,false,false,false,,,false,false,false,false,false,-82.98897,42.3954,"{
  ""coordinates"": [
    -8.298896572900000e+01,
    4.239540433600010e+01
  ],
  ""type"": ""Point""
}","{
  ""coordinates"": [
    -82.988965729,
    42.395404336
  ],
  ""type"": ""Point""
}",-82.988965729,42.3954043360001
22092,9603613,ST ANTOINE,WARREN,2016-01-20,20,1,2016,21,4,1,9,,4,0,,1,1,5,25,2,2,2,5,0,0,0,0,true,,false,false,false,false,false,,,,,,false,false,false,,,false,false,false,true,false,-83.05708,42.35984,"{
  ""coordinates"": [
    -8.305708490200000e+01,
    4.235984031600000e+01
  ],
  ""type"": ""Point""
}","{
  ""coordinates"": [
    -83.057084902,
    42.359840316
  ],
  ""type"": ""Point""
}",-83.057084902,42.359840316
22093,9602796,WARD,FENKELL,2016-01-20,20,1,2016,15,4,4,9,,,0,,1,2,1,25,1,2,1,5,0,0,0,0,true,,false,false,true,false,false,,,,,,false,false,false,,,false,false,false,false,false,-83.17371,42.40257,"{
  ""coordinates"": [
    -8.317371440700001e+01,
    4.240257102900010e+01
  ],
  ""type"": ""Point""
}","{
  ""coordinates"": [
    -83.173714407,
    42.402571029
  ],
  ""type"": ""Point""
}",-83.173714407,42.4025710290001
22094,9605755,I-94,SEMINOLE,2016-01-20,20,1,2016,11,4,1,9,,4,1,,2,2,1,55,3,1,2,4,0,0,0,2,false,,false,false,false,false,false,,,,,,false,false,false,,,false,false,false,false,false,-83.01747,42.38676,"{
  ""coordinates"": [
    -8.301747305100000e+01,
    4.238676452700000e+01
  ],
  ""type"": ""Point""
}","{
  ""coordinates"": [
    -83.017473051,
    42.386764527
  ],
  ""type"": ""Point""
}",-83.017473051,42.386764527
22095,9606578,W I 94,RAMP 215H,2016-01-20,20,1,2016,18,4,5,1,,1,0,,1,1,5,55,3,3,2,5,0,0,0,0,true,,false,false,true,false,false,,,,,,false,false,true,,,false,false,false,false,false,-83.0802,42.35686,"{
  ""coordinates"": [
    -8.308020001599991e+01,
    4.235685840800010e+01
  ],
  ""type"": ""Point""
}","{
  ""coordinates"": [
    -83.080200016,
    42.356858408
  ],
  ""type"": ""Point""
}",-83.0802000159999,42.3568584080001
22096,9668374,MORANG,LANSDOWNE,2016-01-20,20,1,2016,11,4,8,9,,4,0,,1,2,1,30,2,2,22,5,0,0,0,0,true,,false,false,true,false,false,,,,,,false,false,false,,,false,false,false,false,false,-82.95114,42.42659,"{
  ""coordinates"": [
    -8.295113962200000e+01,
    4.242659160800010e+01
  ],
  ""type"": ""Point""
}","{
  ""coordinates"": [
    -82.951139622,
    42.426591608
  ],
  ""type"": ""Point""
}",-82.951139622,42.4265916080001
22097,9605779,I-75,CLARK,2016-01-20,20,1,2016,9,4,5,1,,1,0,,1,2,1,55,3,2,2,5,0,0,0,0,true,,false,false,false,false,false,,,,,,false,false,true,,,false,false,false,false,false,-83.0862,42.3283,"{
  ""coordinates"": [
    -8.308620140700000e+01,
    4.232829686800010e+01
  ],
  ""type"": ""Point""
}","{
  ""coordinates"": [
    -83.086201407,
    42.328296868
  ],
  ""type"": ""Point""
}",-83.086201407,42.3282968680001
22098,9604932,DEXTER,CLEMENTS,2016-01-20,20,1,2016,4,4,97,9,,4,0,,97,98,98,25,2,2,1,5,0,0,0,0,true,,false,false,true,false,false,,,,,,false,true,false,,,false,false,false,false,false,-83.12268,42.37761,"{
  ""coordinates"": [
    -8.312268415800000e+01,
    4.237760518800010e+01
  ],
  ""type"": ""Point""
}","{
  ""coordinates"": [
    -83.122684158,
    42.377605188
  ],
  ""type"": ""Point""
}",-83.122684158,42.3776051880001
22099,9603615,JOY,PATTON,2016-01-20,20,1,2016,11,4,4,9,,2,0,,1,1,1,35,4,2,2,5,0,0,0,0,true,,false,false,true,false,false,,,,,,false,false,false,,,false,false,false,false,false,-83.24203,42.35745,"{
  ""coordinates"": [
    -8.324202850200000e+01,
    4.235745109400010e+01
  ],
  ""type"": ""Point""
}","{
  ""coordinates"": [
    -83.242028502,
    42.357451094
  ],
  ""type"": ""Point""
}",-83.242028502,42.3574510940001
22100,9604902,WARDEN,CASINO,2016-01-20,20,1,2016,19,4,5,9,,,0,,4,5,5,25,1,2,2,5,0,0,0,0,true,,false,false,true,false,false,,,,,,false,false,false,,,false,false,false,false,false,-82.93934,42.42405,"{
  ""coordinates"": [
    -8.293933662500000e+01,
    4.242405485200000e+01
  ],
  ""type"": ""Point""
}","{
  ""coordinates"": [
    -82.939336625,
    42.424054852
  ],
  ""type"": ""Point""
}",-82.939336625,42.424054852
22101,9602808,CLOVERLAWN,WESTFIELD,2016-01-20,20,1,2016,9,4,97,9,,,0,,3,1,1,25,2,2,1,5,0,0,0,0,true,,false,false,false,false,false,,,,,,false,false,false,,,false,false,false,false,false,-83.15097,42.36396,"{
  ""coordinates"": [
    -8.315097377099990e+01,
    4.236396132100000e+01
  ],
  ""type"": ""Point""
}","{
  ""coordinates"": [
    -83.150973771,
    42.363961321
  ],
  ""type"": ""Point""
}",-83.1509737709999,42.363961321
22102,9602838,OUTER,MEYERS,2016-01-20,20,1,2016,19,4,4,9,,2,0,,1,1,3,35,2,2,2,5,0,0,0,0,true,,true,true,true,false,false,,,,,,false,false,false,,,false,false,false,false,false,-83.17084,42.43471,"{
  ""coordinates"": [
    -8.317083723099999e+01,
    4.243470819900010e+01
  ],
  ""type"": ""Point""
}","{
  ""coordinates"": [
    -83.170837231,
    42.434708199
  ],
  ""type"": ""Point""
}",-83.170837231,42.4347081990001