ObjectId,Crash ID,Primary Road,Intersecting Road,Crash Date,Day,Month,Year,Hour,Weekday,Crash Type Code,Highway Classification Code,Community Code,Jurisdiction Code,Lane Departure Type Code,Surface Type,Road Condition,Weather Condition,Lighting Condition,Speed Limit,Lanes,Units,Occupants,Most Severe Injury,Fatal Injuries,Suspected Serious Injuries,Suspected Minor Injuries,Possible Injuries,Property Damage Only,Secondary Crash,Traffic Control,Red Light Run,Hit and Run,Alcohol,Drugs,Unbelted Person,Work Zone,Speeding Driver,Distracted Driver,Driveway,Pedestrian,Elderly Driver,Young Driver,Commercial Vehicle,Emergency Vehicles,Train,School Bus,Motorcycle,Bicycle,Deer,Longitude,Latitude,geom,geog,x,y
22217,9601600,I-75,DAVISON,2016-01-18,18,1,2016,16,2,1,1,,1,1,,4,5,1,70,4,1,1,5,0,0,0,0,true,,false,false,false,false,false,,,,,,false,false,true,,,false,false,false,false,false,-83.0783,42.40754,"{
  ""coordinates"": [
    -8.307829679900000e+01,
    4.240753904100010e+01
  ],
  ""type"": ""Point""
}","{
  ""coordinates"": [
    -83.078296799,
    42.407539041
  ],
  ""type"": ""Point""
}",-83.078296799,42.4075390410001
22218,9602809,9218 APPOLINE,WESTFIELD,2016-01-18,18,1,2016,23,2,5,9,,,0,,3,5,5,25,2,2,2,5,0,0,0,0,true,,false,false,false,false,false,,,,,,false,false,false,,,false,false,false,false,false,-83.16908,42.36351,"{
  ""coordinates"": [
    -8.316907225499990e+01,
    4.236351097000000e+01
  ],
  ""type"": ""Point""
}","{
  ""coordinates"": [
    -83.169072255,
    42.36351097
  ],
  ""type"": ""Point""
}",-83.1690722549999,42.36351097
22219,9600685,TELEGRAPH,FLORENCE,2016-01-18,18,1,2016,6,2,5,2,,1,0,,1,1,3,45,4,2,2,4,0,0,0,1,false,,false,false,false,false,false,,,,,,false,false,false,,,false,false,false,false,false,-83.27721,42.40955,"{
  ""coordinates"": [
    -8.327720360799999e+01,
    4.240955026700000e+01
  ],
  ""type"": ""Point""
}","{
  ""coordinates"": [
    -83.277203608,
    42.409550267
  ],
  ""type"": ""Point""
}",-83.277203608,42.409550267
22220,9635847,M-39,WARREN,2016-01-18,18,1,2016,17,2,8,3,,1,0,,3,5,5,55,3,2,2,5,0,0,0,0,true,,false,false,false,false,false,,,,,,false,false,true,,,false,false,false,false,false,-83.21603,42.34192,"{
  ""coordinates"": [
    -8.321602805500000e+01,
    4.234192187500000e+01
  ],
  ""type"": ""Point""
}","{
  ""coordinates"": [
    -83.216028055,
    42.341921875
  ],
  ""type"": ""Point""
}",-83.216028055,42.341921875
22221,9603603,WARREN,METTETAL,2016-01-18,18,1,2016,16,2,5,9,,2,3,,1,1,1,35,4,2,1,5,0,0,0,0,true,,false,false,false,false,false,,,,,,false,false,false,,,false,false,false,false,false,-83.20476,42.34355,"{
  ""coordinates"": [
    -8.320476056299999e+01,
    4.234355326300000e+01
  ],
  ""type"": ""Point""
}","{
  ""coordinates"": [
    -83.204760563,
    42.343553263
  ],
  ""type"": ""Point""
}",-83.204760563,42.343553263
22222,9602821,LENORE,PICKFORD,2016-01-18,18,1,2016,12,2,5,9,,,0,,1,1,1,25,2,2,0,5,0,0,0,0,true,,false,false,true,false,false,,,,,,false,false,false,,,false,false,false,false,false,-83.28135,42.42347,"{
  ""coordinates"": [
    -8.328134893899990e+01,
    4.242346739500000e+01
  ],
  ""type"": ""Point""
}","{
  ""coordinates"": [
    -83.281348939,
    42.423467395
  ],
  ""type"": ""Point""
}",-83.2813489389999,42.423467395
22223,9602782,DEQUINDRE,CANFIELD,2016-01-18,18,1,2016,19,2,8,9,,7,0,,4,5,4,0,2,2,1,5,0,0,0,0,true,,false,false,false,false,false,,,,,,false,false,false,,,false,false,false,false,false,-83.04411,42.35934,"{
  ""coordinates"": [
    -8.304410660000001e+01,
    4.235934576300010e+01
  ],
  ""type"": ""Point""
}","{
  ""coordinates"": [
    -83.0441066,
    42.359345763
  ],
  ""type"": ""Point""
}",-83.0441066,42.3593457630001
22224,9601764,GRATIOT,FINDLAY,2016-01-18,18,1,2016,12,2,8,3,,1,0,,1,1,1,35,2,2,1,5,0,0,0,0,true,,false,false,true,false,false,,,,,,false,false,false,,,false,false,false,false,false,-82.98947,42.41715,"{
  ""coordinates"": [
    -8.298947323999990e+01,
    4.241715276700010e+01
  ],
  ""type"": ""Point""
}","{
  ""coordinates"": [
    -82.98947324,
    42.417152767
  ],
  ""type"": ""Point""
}",-82.9894732399999,42.4171527670001
22225,9600709,JEFFERSON,SEYBURN,2016-01-17,17,1,2016,7,1,8,9,,4,0,,1,1,1,35,3,2,2,5,0,0,0,0,true,,false,false,false,false,false,,,,,,false,false,false,,,false,false,false,false,false,-82.99687,42.35011,"{
  ""coordinates"": [
    -8.299687024199990e+01,
    4.235010735600010e+01
  ],
  ""type"": ""Point""
}","{
  ""coordinates"": [
    -82.996870242,
    42.350107356
  ],
  ""type"": ""Point""
}",-82.9968702419999,42.3501073560001
22226,9608742,STAHELIN,DAYTON,2016-01-17,17,1,2016,14,1,97,9,,,0,,3,2,1,25,2,2,5,5,0,0,0,0,true,,false,false,true,false,false,,,,,,false,false,false,,,false,false,false,false,false,-83.22402,42.33436,"{
  ""coordinates"": [
    -8.322402227000001e+01,
    4.233435797400010e+01
  ],
  ""type"": ""Point""
}","{
  ""coordinates"": [
    -83.22402227,
    42.334357974
  ],
  ""type"": ""Point""
}",-83.22402227,42.3343579740001
22227,9600714,PEMBROKE,MEYERS,2016-01-17,17,1,2016,22,1,5,9,,,0,,4,5,4,30,2,2,4,4,0,0,0,2,false,,false,false,true,false,false,,,,,,false,false,false,,,false,false,false,false,false,-83.17098,42.43843,"{
  ""coordinates"": [
    -8.317098401100000e+01,
    4.243843147600010e+01
  ],
  ""type"": ""Point""
}","{
  ""coordinates"": [
    -83.170984011,
    42.438431476
  ],
  ""type"": ""Point""
}",-83.170984011,42.4384314760001
22228,9602785,N M 10,RAMP 109D,2016-01-17,17,1,2016,22,1,8,3,,1,0,,3,5,4,55,4,2,1,5,0,0,0,0,true,,false,false,true,false,false,,,,,,false,false,false,,,false,false,false,false,false,-83.1078,42.39573,"{
  ""coordinates"": [
    -8.310779311399990e+01,
    4.239572677300000e+01
  ],
  ""type"": ""Point""
}","{
  ""coordinates"": [
    -83.107793114,
    42.395726773
  ],
  ""type"": ""Point""
}",-83.1077931139999,42.395726773
22229,9602806,FENKELL,GREENFIELD,2016-01-17,17,1,2016,11,1,4,9,,2,0,,1,2,1,35,5,2,4,5,0,0,0,0,true,,false,false,true,false,false,,,,,,false,true,false,,,false,false,false,false,false,-83.19875,42.40151,"{
  ""coordinates"": [
    -8.319874563499999e+01,
    4.240151029000000e+01
  ],
  ""type"": ""Point""
}","{
  ""coordinates"": [
    -83.198745635,
    42.40151029
  ],
  ""type"": ""Point""
}",-83.198745635,42.40151029
22230,9600704,HANCOCK,2ND,2016-01-17,17,1,2016,13,1,5,9,,,0,,3,5,1,35,4,2,2,5,0,0,0,0,true,,false,false,false,false,false,,,,,,false,true,false,,,false,false,false,false,false,-83.06815,42.35413,"{
  ""coordinates"": [
    -8.306815469599999e+01,
    4.235412689700010e+01
  ],
  ""type"": ""Point""
}","{
  ""coordinates"": [
    -83.068154696,
    42.354126897
  ],
  ""type"": ""Point""
}",-83.068154696,42.3541268970001
22231,9600696,MCNICHOLS,GREENFIELD,2016-01-17,17,1,2016,11,1,4,9,,2,0,,3,5,1,35,4,2,7,4,0,0,0,2,false,,false,false,false,false,false,,,,,,false,false,false,,,false,false,false,false,false,-83.19933,42.41598,"{
  ""coordinates"": [
    -8.319932734299989e+01,
    4.241598130400010e+01
  ],
  ""type"": ""Point""
}","{
  ""coordinates"": [
    -83.199327343,
    42.415981304
  ],
  ""type"": ""Point""
}",-83.1993273429999,42.4159813040001
22232,9599604,S M 39 SERVICE DRIVE,WARREN,2016-01-17,17,1,2016,15,1,97,9,,4,0,,3,1,1,35,2,2,4,5,0,0,0,0,true,,false,false,true,false,false,,,,,,false,false,false,,,false,false,false,false,false,-83.21653,42.34343,"{
  ""coordinates"": [
    -8.321652833099991e+01,
    4.234343138600010e+01
  ],
  ""type"": ""Point""
}","{
  ""coordinates"": [
    -83.216528331,
    42.343431386
  ],
  ""type"": ""Point""
}",-83.2165283309999,42.3434313860001
22233,9599601,CENTRAL,DIX,2016-01-17,17,1,2016,17,1,1,9,,4,1,,3,1,4,30,2,1,1,5,0,0,0,0,true,,false,false,false,false,false,,,,,,false,false,false,,,false,false,false,false,false,-83.12933,42.31957,"{
  ""coordinates"": [
    -8.312932718099999e+01,
    4.231956725600000e+01
  ],
  ""type"": ""Point""
}","{
  ""coordinates"": [
    -83.129327181,
    42.319567256
  ],
  ""type"": ""Point""
}",-83.129327181,42.319567256
22234,9599416,E I 96,RAMP 036C,2016-01-17,17,1,2016,6,1,1,1,,1,1,,2,2,4,55,2,1,1,5,0,0,0,0,true,,false,false,false,false,false,,,,,,false,false,false,,,false,false,false,false,false,-83.08697,42.32994,"{
  ""coordinates"": [
    -8.308696610299999e+01,
    4.232993907800010e+01
  ],
  ""type"": ""Point""
}","{
  ""coordinates"": [
    -83.086966103,
    42.329939078
  ],
  ""type"": ""Point""
}",-83.086966103,42.3299390780001
22235,9600702,RAMP 137A,E I 96 SERVICE DRIVE,2016-01-17,17,1,2016,13,1,4,1,,1,0,,4,5,1,30,2,2,3,5,0,0,0,0,true,,false,false,true,false,false,,,,,,false,false,false,,,false,false,false,false,false,-83.17835,42.38268,"{
  ""coordinates"": [
    -8.317835528499999e+01,
    4.238267530900000e+01
  ],
  ""type"": ""Point""
}","{
  ""coordinates"": [
    -83.178355285,
    42.382675309
  ],
  ""type"": ""Point""
}",-83.178355285,42.382675309
22236,9601819,THIRD,ALEXANDRINE,2016-01-17,17,1,2016,0,1,97,9,,4,0,,97,98,98,25,4,2,0,5,0,0,0,0,true,,false,false,true,false,false,,,,,,false,false,false,,,false,false,false,false,false,-83.06752,42.34827,"{
  ""coordinates"": [
    -8.306752304400000e+01,
    4.234827018500000e+01
  ],
  ""type"": ""Point""
}","{
  ""coordinates"": [
    -83.067523044,
    42.348270185
  ],
  ""type"": ""Point""
}",-83.067523044,42.348270185
22237,9604870,HAMBURG,PARK GROVE,2016-01-17,17,1,2016,20,1,9,9,,,2,,3,98,5,25,2,2,1,5,0,0,0,0,true,,false,false,false,false,false,,,,,,false,false,false,,,false,false,false,false,false,-82.99707,42.42915,"{
  ""coordinates"": [
    -8.299706671500000e+01,
    4.242914512800010e+01
  ],
  ""type"": ""Point""
}","{
  ""coordinates"": [
    -82.997066715,
    42.429145128
  ],
  ""type"": ""Point""
}",-82.997066715,42.4291451280001
22238,9599555,RAMP 047B,DAVISON,2016-01-17,17,1,2016,12,1,1,1,,1,0,,4,5,1,45,4,1,1,4,0,0,0,1,false,,false,false,false,false,false,,,,,,false,false,false,,,false,false,false,false,false,-83.07908,42.40864,"{
  ""coordinates"": [
    -8.307907804500000e+01,
    4.240864248100010e+01
  ],
  ""type"": ""Point""
}","{
  ""coordinates"": [
    -83.079078045,
    42.408642481
  ],
  ""type"": ""Point""
}",-83.079078045,42.4086424810001
22239,9600710,EVERGREEN,SCHOOLCRAFT,2016-01-17,17,1,2016,11,1,2,9,,4,2,,4,5,1,30,4,2,4,3,0,0,1,0,false,,false,false,false,true,false,,,,,,false,false,false,,,false,false,false,false,false,-83.23685,42.38653,"{
  ""coordinates"": [
    -8.323685514600000e+01,
    4.238652731600010e+01
  ],
  ""type"": ""Point""
}","{
  ""coordinates"": [
    -83.236855146,
    42.386527316
  ],
  ""type"": ""Point""
}",-83.236855146,42.3865273160001
22240,9600572,I-96,LIVERNOIS,2016-01-17,17,1,2016,17,1,8,1,,1,0,,1,2,4,55,4,2,2,5,0,0,0,0,true,,false,false,true,false,false,,,,,,false,false,false,,,false,false,false,false,false,-83.13907,42.36728,"{
  ""coordinates"": [
    -8.313907222800000e+01,
    4.236728322600000e+01
  ],
  ""type"": ""Point""
}","{
  ""coordinates"": [
    -83.139072228,
    42.367283226
  ],
  ""type"": ""Point""
}",-83.139072228,42.367283226
22241,9606646,GRATIOT,SEMINOLE,2016-01-17,17,1,2016,6,1,8,3,,1,0,,2,4,3,40,3,2,2,5,0,0,0,0,true,,false,false,false,false,false,,,,,,false,false,false,,,false,false,false,false,false,-83.01286,42.38158,"{
  ""coordinates"": [
    -8.301285335199999e+01,
    4.238158302300010e+01
  ],
  ""type"": ""Point""
}","{
  ""coordinates"": [
    -83.012853352,
    42.381583023
  ],
  ""type"": ""Point""
}",-83.012853352,42.3815830230001
22242,9600692,GRAND,S M 10,2016-01-17,17,1,2016,12,1,4,9,,4,0,,3,1,1,30,3,2,3,5,0,0,0,0,true,,false,false,false,false,false,,,,,,false,false,false,,,false,false,false,false,false,-83.08203,42.36711,"{
  ""coordinates"": [
    -8.308202868300000e+01,
    4.236710677600010e+01
  ],
  ""type"": ""Point""
}","{
  ""coordinates"": [
    -83.082028683,
    42.367106776
  ],
  ""type"": ""Point""
}",-83.082028683,42.3671067760001
22243,9600688,JEFFERSON,GRISWOLD,2016-01-17,17,1,2016,22,1,4,9,,5,0,,1,2,4,25,3,2,5,5,0,0,0,0,true,,false,false,false,true,false,,,,,,false,false,false,,,false,false,false,false,false,-83.04542,42.32849,"{
  ""coordinates"": [
    -8.304541625099991e+01,
    4.232849149800010e+01
  ],
  ""type"": ""Point""
}","{
  ""coordinates"": [
    -83.045416251,
    42.328491498
  ],
  ""type"": ""Point""
}",-83.0454162509999,42.3284914980001
22244,9599605,ROCKDALE,KENDALL,2016-01-17,17,1,2016,7,1,1,9,,,1,,3,98,98,25,1,1,0,5,0,0,0,0,true,,false,false,false,false,false,,,,,,false,false,false,,,false,false,false,false,false,-83.25771,42.3882,"{
  ""coordinates"": [
    -8.325771151899990e+01,
    4.238819543800000e+01
  ],
  ""type"": ""Point""
}","{
  ""coordinates"": [
    -83.257711519,
    42.388195438
  ],
  ""type"": ""Point""
}",-83.2577115189999,42.388195438
22245,9599568,FORT,SHELBY,2016-01-17,17,1,2016,11,1,97,3,,1,0,,1,1,1,30,8,2,1,5,0,0,0,0,true,,false,false,false,false,false,,,,,,false,false,false,,,false,false,false,false,false,-83.04843,42.33026,"{
  ""coordinates"": [
    -8.304843518099990e+01,
    4.233026131400000e+01
  ],
  ""type"": ""Point""
}","{
  ""coordinates"": [
    -83.048435181,
    42.330261314
  ],
  ""type"": ""Point""
}",-83.0484351809999,42.330261314
22246,9600697,TIREMAN,ST MARYS,2016-01-17,17,1,2016,20,1,1,9,,4,1,,2,1,4,25,2,1,0,5,0,0,0,0,true,,false,false,true,false,false,,,,,,false,false,false,,,false,false,false,false,false,-83.20397,42.35078,"{
  ""coordinates"": [
    -8.320397039300001e+01,
    4.235078142000000e+01
  ],
  ""type"": ""Point""
}","{
  ""coordinates"": [
    -83.203970393,
    42.35078142
  ],
  ""type"": ""Point""
}",-83.203970393,42.35078142
22247,9600687,CHICAGO,FAUST,2016-01-17,17,1,2016,1,1,4,9,,4,0,,2,1,4,0,2,2,3,5,0,0,0,0,true,,false,false,true,false,false,,,,,,false,false,false,,,false,false,false,false,false,-83.22149,42.36497,"{
  ""coordinates"": [
    -8.322148880200000e+01,
    4.236497404400010e+01
  ],
  ""type"": ""Point""
}","{
  ""coordinates"": [
    -83.221488802,
    42.364974044
  ],
  ""type"": ""Point""
}",-83.221488802,42.3649740440001
22248,9602835,BINDER,REMINGTON,2016-01-17,17,1,2016,23,1,8,9,,,0,,1,1,4,25,3,2,0,5,0,0,0,0,true,,false,false,true,false,false,,,,,,false,false,false,,,false,false,false,false,false,-83.0647,42.44267,"{
  ""coordinates"": [
    -8.306470819399991e+01,
    4.244266569500010e+01
  ],
  ""type"": ""Point""
}","{
  ""coordinates"": [
    -83.064708194,
    42.442665695
  ],
  ""type"": ""Point""
}",-83.0647081939999,42.4426656950001
22249,9600701,SCHAEFER,E I 96 SERVICE DRIVE,2016-01-17,17,1,2016,11,1,4,1,,4,0,,4,5,1,30,2,2,2,5,0,0,0,0,true,,false,false,false,false,false,,,,,,false,false,false,,,false,false,false,false,false,-83.17834,42.38271,"{
  ""coordinates"": [
    -8.317833740799990e+01,
    4.238270842800010e+01
  ],
  ""type"": ""Point""
}","{
  ""coordinates"": [
    -83.178337408,
    42.382708428
  ],
  ""type"": ""Point""
}",-83.1783374079999,42.3827084280001
22250,9605785,I-75,SCHAEFER,2016-01-17,17,1,2016,13,1,5,1,,1,0,,4,5,1,55,3,2,3,5,0,0,0,0,true,,false,false,false,false,false,,,,,,false,false,false,,,false,false,false,false,false,-83.14948,42.28203,"{
  ""coordinates"": [
    -8.314948091299991e+01,
    4.228203245100010e+01
  ],
  ""type"": ""Point""
}","{
  ""coordinates"": [
    -83.149480913,
    42.282032451
  ],
  ""type"": ""Point""
}",-83.1494809129999,42.2820324510001
22251,9658517,KERCHEVAL,HARDING,2016-01-17,17,1,2016,13,1,4,9,,4,0,,3,1,1,30,5,2,5,5,0,0,0,0,true,,false,false,false,false,false,,,,,,false,true,false,,,false,false,false,false,false,-82.97879,42.36676,"{
  ""coordinates"": [
    -8.297878723699991e+01,
    4.236676134900010e+01
  ],
  ""type"": ""Point""
}","{
  ""coordinates"": [
    -82.978787237,
    42.366761349
  ],
  ""type"": ""Point""
}",-82.9787872369999,42.3667613490001
22252,9606662,ARTESIAN,WESTFIELD,2016-01-17,17,1,2016,22,1,97,9,,,0,,3,1,3,25,2,2,1,5,0,0,0,0,true,,false,false,true,false,false,,,,,,false,false,false,,,false,false,false,false,false,-83.2263,42.36279,"{
  ""coordinates"": [
    -8.322630273100000e+01,
    4.236278467400010e+01
  ],
  ""type"": ""Point""
}","{
  ""coordinates"": [
    -83.226302731,
    42.362784674
  ],
  ""type"": ""Point""
}",-83.226302731,42.3627846740001
22253,9599418,E I 96,ELMHURST,2016-01-17,17,1,2016,11,1,8,1,,1,0,,4,5,1,55,4,2,2,4,0,0,0,1,false,,false,false,false,false,false,,,,,,false,false,false,,,false,false,false,false,false,-83.14645,42.37612,"{
  ""coordinates"": [
    -8.314645092300000e+01,
    4.237611654700000e+01
  ],
  ""type"": ""Point""
}","{
  ""coordinates"": [
    -83.146450923,
    42.376116547
  ],
  ""type"": ""Point""
}",-83.146450923,42.376116547
22254,9601766,GRANDRIVER,COOLEY,2016-01-17,17,1,2016,4,1,4,3,,1,0,,3,1,1,35,4,2,3,5,0,0,0,0,true,,false,false,false,false,false,,,,,,false,false,true,,,false,false,false,false,false,-83.26089,42.4178,"{
  ""coordinates"": [
    -8.326089324000000e+01,
    4.241779928100000e+01
  ],
  ""type"": ""Point""
}","{
  ""coordinates"": [
    -83.26089324,
    42.417799281
  ],
  ""type"": ""Point""
}",-83.26089324,42.417799281
22255,9603602,TRUMBULL,MARTIN LUTHER KING JR,2016-01-17,17,1,2016,15,1,97,3,,4,0,,3,1,1,25,3,2,3,5,0,0,0,0,true,,false,false,true,false,false,,,,,,false,false,false,,,false,false,false,false,false,-83.07279,42.34177,"{
  ""coordinates"": [
    -8.307279492899990e+01,
    4.234176630500010e+01
  ],
  ""type"": ""Point""
}","{
  ""coordinates"": [
    -83.072794929,
    42.341766305
  ],
  ""type"": ""Point""
}",-83.0727949289999,42.3417663050001
22256,9600708,BASIL,8 MILE,2016-01-17,17,1,2016,16,1,4,3,,,3,,1,1,1,25,2,2,2,5,0,0,0,0,true,,false,false,false,false,false,,,,,,false,false,false,,,false,false,false,false,false,-83.19557,42.44471,"{
  ""coordinates"": [
    -8.319557118499991e+01,
    4.244470941000000e+01
  ],
  ""type"": ""Point""
}","{
  ""coordinates"": [
    -83.195571185,
    42.44470941
  ],
  ""type"": ""Point""
}",-83.1955711849999,42.44470941
22257,9600711,JOY,GRAND RIVER,2016-01-17,17,1,2016,15,1,5,3,,4,0,,97,98,98,35,2,2,1,5,0,0,0,0,true,,false,false,false,false,false,,,,,,false,true,false,,,false,false,false,false,false,-83.13056,42.36527,"{
  ""coordinates"": [
    -8.313056500200000e+01,
    4.236526962400010e+01
  ],
  ""type"": ""Point""
}","{
  ""coordinates"": [
    -83.130565002,
    42.365269624
  ],
  ""type"": ""Point""
}",-83.130565002,42.3652696240001
22258,9599415,SB I-75,SCHAEFER,2016-01-17,17,1,2016,13,1,8,1,,1,0,,1,2,1,70,4,2,3,5,0,0,0,0,true,,false,false,false,false,false,,,,,,false,true,false,,,false,false,false,false,false,-83.15469,42.27789,"{
  ""coordinates"": [
    -8.315468418200000e+01,
    4.227788357500000e+01
  ],
  ""type"": ""Point""
}","{
  ""coordinates"": [
    -83.154684182,
    42.277883575
  ],
  ""type"": ""Point""
}",-83.154684182,42.277883575
22259,9615423,FLORENCE,ARDMORE,2016-01-17,17,1,2016,12,1,4,9,,,0,,3,5,1,35,2,2,1,5,0,0,0,0,true,,false,false,true,false,false,,,,,,false,false,false,,,false,false,false,false,false,-83.18494,42.41163,"{
  ""coordinates"": [
    -8.318494664199990e+01,
    4.241163066500010e+01
  ],
  ""type"": ""Point""
}","{
  ""coordinates"": [
    -83.184946642,
    42.411630665
  ],
  ""type"": ""Point""
}",-83.1849466419999,42.4116306650001
22260,9997470,PARKSIDE,BOURKE,2016-01-17,17,1,2016,21,1,97,9,,,3,,97,98,98,0,3,2,0,5,0,0,0,0,true,,false,false,true,false,false,,,,,,false,false,false,,,false,false,false,false,false,-83.13073,42.39919,"{
  ""coordinates"": [
    -8.313072884899999e+01,
    4.239918912300000e+01
  ],
  ""type"": ""Point""
}","{
  ""coordinates"": [
    -83.130728849,
    42.399189123
  ],
  ""type"": ""Point""
}",-83.130728849,42.399189123
22261,9599422,W I 96,RAMP 133C,2016-01-17,17,1,2016,11,1,1,1,,1,1,,4,5,1,55,2,1,2,5,0,0,0,0,true,,false,false,false,false,false,,,,,,false,false,false,,,false,false,false,false,false,-83.26617,42.38578,"{
  ""coordinates"": [
    -8.326617458500000e+01,
    4.238578100400010e+01
  ],
  ""type"": ""Point""
}","{
  ""coordinates"": [
    -83.266174585,
    42.385781004
  ],
  ""type"": ""Point""
}",-83.266174585,42.3857810040001
22262,9599417,RAMP 036C,E I 96,2016-01-17,17,1,2016,6,1,8,1,,1,0,,2,2,4,55,2,2,2,5,0,0,0,0,true,,false,false,false,false,false,,,,,,false,false,false,,,false,false,false,false,false,-83.08697,42.32991,"{
  ""coordinates"": [
    -8.308697041999990e+01,
    4.232991025400000e+01
  ],
  ""type"": ""Point""
}","{
  ""coordinates"": [
    -83.08697042,
    42.329910254
  ],
  ""type"": ""Point""
}",-83.0869704199999,42.329910254
22263,9600706,MOROSS,E I 94,2016-01-17,17,1,2016,11,1,4,9,,2,0,,4,5,1,35,4,2,3,4,0,0,0,2,false,,true,true,false,false,false,,,,,,false,true,false,,,false,false,false,false,false,-82.92854,42.4247,"{
  ""coordinates"": [
    -8.292853669000000e+01,
    4.242469934800000e+01
  ],
  ""type"": ""Point""
}","{
  ""coordinates"": [
    -82.92853669,
    42.424699348
  ],
  ""type"": ""Point""
}",-82.92853669,42.424699348
22264,9602814,CADIEUX,CHANDLER PARK,2016-01-16,16,1,2016,10,7,5,9,,4,0,,2,1,1,30,6,2,6,4,0,0,0,5,false,,false,false,true,false,false,,,,,,false,false,false,,,false,false,false,false,false,-82.93307,42.41103,"{
  ""coordinates"": [
    -8.293306401400000e+01,
    4.241102710000010e+01
  ],
  ""type"": ""Point""
}","{
  ""coordinates"": [
    -82.933064014,
    42.4110271
  ],
  ""type"": ""Point""
}",-82.933064014,42.4110271000001
22265,9601772,7 MILE,EDINBOROUGH,2016-01-16,16,1,2016,4,7,4,9,,2,0,,1,1,1,35,4,2,1,5,0,0,0,0,true,,false,false,true,false,false,,,,,,false,false,true,,,false,false,false,false,false,-83.23453,42.42969,"{
  ""coordinates"": [
    -8.323453033999991e+01,
    4.242968923800000e+01
  ],
  ""type"": ""Point""
}","{
  ""coordinates"": [
    -83.23453034,
    42.429689238
  ],
  ""type"": ""Point""
}",-83.2345303399999,42.429689238
22266,9599577,MOROSS,BALFOUR,2016-01-16,16,1,2016,16,7,4,9,,2,0,,1,1,1,35,4,2,3,4,0,0,0,1,false,,false,false,false,false,false,,,,,,false,false,true,,,false,false,false,false,false,-82.93839,42.42875,"{
  ""coordinates"": [
    -8.293838527000000e+01,
    4.242874590200010e+01
  ],
  ""type"": ""Point""
}","{
  ""coordinates"": [
    -82.93838527,
    42.428745902
  ],
  ""type"": ""Point""
}",-82.93838527,42.4287459020001
22267,9598841,8 MILE,RYAN,2016-01-16,16,1,2016,13,7,5,3,,1,0,,1,1,1,40,4,2,2,5,0,0,0,0,true,,false,false,true,false,false,,,,,,false,false,false,,,false,false,false,false,false,-83.06441,42.44725,"{
  ""coordinates"": [
    -8.306441742500000e+01,
    4.244725107200000e+01
  ],
  ""type"": ""Point""
}","{
  ""coordinates"": [
    -83.064417425,
    42.447251072
  ],
  ""type"": ""Point""
}",-83.064417425,42.447251072
22268,9598807,GRATIOT,M 3/W I 94 RAMP,2016-01-16,16,1,2016,2,7,8,3,,1,0,,2,2,4,45,4,2,3,5,0,0,0,0,true,,false,false,true,false,false,,,,,,false,false,false,,,false,false,false,false,false,-83.00597,42.39199,"{
  ""coordinates"": [
    -8.300597259300000e+01,
    4.239199576100000e+01
  ],
  ""type"": ""Point""
}","{
  ""coordinates"": [
    -83.005972593,
    42.391995761
  ],
  ""type"": ""Point""
}",-83.005972593,42.391995761
22269,9997469,JEFFERSON,RANDOLPH,2016-01-16,16,1,2016,6,7,97,4,,1,0,,2,2,2,0,4,2,2,5,0,0,0,0,true,,false,false,false,false,false,,,,,,false,false,false,,,false,false,false,false,false,-83.04169,42.32972,"{
  ""coordinates"": [
    -8.304168544100000e+01,
    4.232971926700000e+01
  ],
  ""type"": ""Point""
}","{
  ""coordinates"": [
    -83.041685441,
    42.329719267
  ],
  ""type"": ""Point""
}",-83.041685441,42.329719267
22270,9604893,PLYMOUTH,SHIRLEY,2016-01-16,16,1,2016,15,7,97,9,,4,0,,1,1,1,35,2,2,2,5,0,0,0,0,true,,false,false,false,false,false,,,,,,false,true,false,,,false,false,false,false,false,-83.18233,42.37295,"{
  ""coordinates"": [
    -8.318233427300000e+01,
    4.237294860300010e+01
  ],
  ""type"": ""Point""
}","{
  ""coordinates"": [
    -83.182334273,
    42.372948603
  ],
  ""type"": ""Point""
}",-83.182334273,42.3729486030001
22271,9599421,I-75,SPRINGWELLS,2016-01-16,16,1,2016,22,7,8,1,,1,0,,1,1,5,55,4,2,4,4,0,0,0,3,false,,false,false,false,false,false,,,,,,false,true,false,,,false,false,false,false,false,-83.12098,42.30052,"{
  ""coordinates"": [
    -8.312097607600001e+01,
    4.230052209800000e+01
  ],
  ""type"": ""Point""
}","{
  ""coordinates"": [
    -83.120976076,
    42.300522098
  ],
  ""type"": ""Point""
}",-83.120976076,42.300522098
22272,9601787,KENMOOR,ALGONAC,2016-01-16,16,1,2016,22,7,4,9,,,0,,1,1,4,25,2,2,5,3,0,0,1,1,false,,false,false,false,true,false,,,,,,false,false,false,,,false,false,false,false,false,-83.00766,42.41666,"{
  ""coordinates"": [
    -8.300766230300000e+01,
    4.241666316400010e+01
  ],
  ""type"": ""Point""
}","{
  ""coordinates"": [
    -83.007662303,
    42.416663164
  ],
  ""type"": ""Point""
}",-83.007662303,42.4166631640001
22273,9829500,CHANDLER PARK,RANDNOR,2016-01-16,16,1,2016,16,7,4,9,,2,0,,1,1,1,30,2,2,3,3,0,0,1,2,false,,false,false,false,false,false,,,,,,false,true,false,,,false,false,false,false,false,-82.92184,42.41526,"{
  ""coordinates"": [
    -8.292183622499989e+01,
    4.241525702200000e+01
  ],
  ""type"": ""Point""
}","{
  ""coordinates"": [
    -82.921836225,
    42.415257022
  ],
  ""type"": ""Point""
}",-82.9218362249999,42.415257022