ObjectId,Crash ID,Primary Road,Intersecting Road,Crash Date,Day,Month,Year,Hour,Weekday,Crash Type Code,Highway Classification Code,Community Code,Jurisdiction Code,Lane Departure Type Code,Surface Type,Road Condition,Weather Condition,Lighting Condition,Speed Limit,Lanes,Units,Occupants,Most Severe Injury,Fatal Injuries,Suspected Serious Injuries,Suspected Minor Injuries,Possible Injuries,Property Damage Only,Secondary Crash,Traffic Control,Red Light Run,Hit and Run,Alcohol,Drugs,Unbelted Person,Work Zone,Speeding Driver,Distracted Driver,Driveway,Pedestrian,Elderly Driver,Young Driver,Commercial Vehicle,Emergency Vehicles,Train,School Bus,Motorcycle,Bicycle,Deer,Longitude,Latitude,geom,geog,x,y
22274,9600680,FOREST,FIELD,2016-01-16,16,1,2016,21,7,4,9,,4,0,,1,1,5,30,6,2,2,5,0,0,0,0,true,,false,false,false,false,false,,,,,,false,false,false,,,false,false,false,false,false,-83.01651,42.37194,"{
  ""coordinates"": [
    -8.301650987799999e+01,
    4.237194404000010e+01
  ],
  ""type"": ""Point""
}","{
  ""coordinates"": [
    -83.016509878,
    42.37194404
  ],
  ""type"": ""Point""
}",-83.016509878,42.3719440400001
22275,9601753,S M 39,FORD,2016-01-16,16,1,2016,14,7,5,3,,1,0,,1,1,1,25,3,2,2,5,0,0,0,0,true,,false,false,false,false,false,,,,,,false,false,false,,,false,false,false,false,false,-83.21586,42.33161,"{
  ""coordinates"": [
    -8.321585953499989e+01,
    4.233161155000000e+01
  ],
  ""type"": ""Point""
}","{
  ""coordinates"": [
    -83.215859535,
    42.33161155
  ],
  ""type"": ""Point""
}",-83.2158595349999,42.33161155
22276,9608756,PRENTIS,2ND,2016-01-16,16,1,2016,20,7,97,9,,,0,,1,2,4,25,2,2,0,5,0,0,0,0,true,,false,false,true,false,false,,,,,,true,false,false,,,false,false,false,false,false,-83.06718,42.35228,"{
  ""coordinates"": [
    -8.306718429800000e+01,
    4.235227796700010e+01
  ],
  ""type"": ""Point""
}","{
  ""coordinates"": [
    -83.067184298,
    42.352277967
  ],
  ""type"": ""Point""
}",-83.067184298,42.3522779670001
22277,9599375,N/B I-75,SPRINGWELLS,2016-01-16,16,1,2016,21,7,5,1,,1,0,,1,2,4,70,4,2,1,5,0,0,0,0,true,,false,false,true,false,false,,,,,,false,false,false,,,false,false,false,false,false,-83.12298,42.29895,"{
  ""coordinates"": [
    -8.312297818000000e+01,
    4.229894536600010e+01
  ],
  ""type"": ""Point""
}","{
  ""coordinates"": [
    -83.12297818,
    42.298945366
  ],
  ""type"": ""Point""
}",-83.12297818,42.2989453660001
22278,9598803,N I 75,MCNICHOLS,2016-01-16,16,1,2016,9,7,5,1,,1,0,,3,2,1,55,3,2,1,5,0,0,0,0,true,,false,false,false,false,true,,,,,,false,false,false,,,false,false,false,false,false,-83.08779,42.4183,"{
  ""coordinates"": [
    -8.308779268300000e+01,
    4.241829622300000e+01
  ],
  ""type"": ""Point""
}","{
  ""coordinates"": [
    -83.087792683,
    42.418296223
  ],
  ""type"": ""Point""
}",-83.087792683,42.418296223
22279,9601770,S I 75 SERVICE DRIVE,8 MILE,2016-01-16,16,1,2016,20,7,97,1,,1,0,,4,2,5,25,3,2,1,2,0,1,0,1,false,,false,false,false,false,false,,,,,,true,false,false,,,false,false,false,false,false,-83.09531,42.44676,"{
  ""coordinates"": [
    -8.309530854199990e+01,
    4.244675720900010e+01
  ],
  ""type"": ""Point""
}","{
  ""coordinates"": [
    -83.095308542,
    42.446757209
  ],
  ""type"": ""Point""
}",-83.0953085419999,42.4467572090001
22280,9654716,GRAND RIVER,GREENFIELD,2016-01-16,16,1,2016,18,7,3,3,,1,0,,1,1,4,35,4,2,2,5,0,0,0,0,true,,true,true,false,false,false,,,,,,false,false,false,,,false,false,false,false,false,-83.19836,42.39265,"{
  ""coordinates"": [
    -8.319835688900000e+01,
    4.239265488500010e+01
  ],
  ""type"": ""Point""
}","{
  ""coordinates"": [
    -83.198356889,
    42.392654885
  ],
  ""type"": ""Point""
}",-83.198356889,42.3926548850001
22281,9599371,M-39,GRAND RIVER,2016-01-16,16,1,2016,1,7,1,3,,1,1,,2,2,4,55,3,1,1,5,0,0,0,0,true,,false,false,false,false,false,,,,,,false,false,true,,,false,false,false,false,false,-83.21828,42.39801,"{
  ""coordinates"": [
    -8.321827405700000e+01,
    4.239800616000010e+01
  ],
  ""type"": ""Point""
}","{
  ""coordinates"": [
    -83.218274057,
    42.39800616
  ],
  ""type"": ""Point""
}",-83.218274057,42.3980061600001
22282,9599372,M-39,GRAND RIVER,2016-01-16,16,1,2016,1,7,5,3,,1,0,,2,2,4,55,3,2,1,5,0,0,0,0,true,,false,false,true,false,false,,,,,,false,false,false,,,false,false,false,false,false,-83.21828,42.39801,"{
  ""coordinates"": [
    -8.321827405700000e+01,
    4.239800616000010e+01
  ],
  ""type"": ""Point""
}","{
  ""coordinates"": [
    -83.218274057,
    42.39800616
  ],
  ""type"": ""Point""
}",-83.218274057,42.3980061600001
22283,9599565,FIELDING,GRAND RIVER,2016-01-16,16,1,2016,10,7,4,3,,,0,,2,2,1,25,1,2,2,4,0,0,0,1,false,,false,false,false,false,false,,,,,,false,false,false,,,false,false,false,false,false,-83.24311,42.41074,"{
  ""coordinates"": [
    -8.324311381599991e+01,
    4.241073604400000e+01
  ],
  ""type"": ""Point""
}","{
  ""coordinates"": [
    -83.243113816,
    42.410736044
  ],
  ""type"": ""Point""
}",-83.2431138159999,42.410736044
22284,9605901,CHALMERS,HARPER,2016-01-16,16,1,2016,0,7,4,9,,4,0,,2,4,5,30,4,2,3,4,0,0,0,2,false,,true,true,false,false,false,,,,,,false,false,false,,,false,false,false,false,false,-82.96458,42.40463,"{
  ""coordinates"": [
    -8.296458086599991e+01,
    4.240463322500010e+01
  ],
  ""type"": ""Point""
}","{
  ""coordinates"": [
    -82.964580866,
    42.404633225
  ],
  ""type"": ""Point""
}",-82.9645808659999,42.4046332250001
22285,9635796,NB I-75,SPRINGWELLS,2016-01-16,16,1,2016,17,7,1,1,,1,1,,1,1,1,55,4,1,1,5,0,0,0,0,true,,false,false,false,false,false,,,,,,false,false,false,,,false,false,false,false,false,-83.12098,42.30052,"{
  ""coordinates"": [
    -8.312097607600001e+01,
    4.230052209800000e+01
  ],
  ""type"": ""Point""
}","{
  ""coordinates"": [
    -83.120976076,
    42.300522098
  ],
  ""type"": ""Point""
}",-83.120976076,42.300522098
22286,9599578,JOHN R,WINCHESTER,2016-01-16,16,1,2016,15,7,8,9,,4,0,,1,2,1,30,2,2,2,5,0,0,0,0,true,,false,false,false,false,false,,,,,,false,true,true,,,false,false,false,false,false,-83.10276,42.44456,"{
  ""coordinates"": [
    -8.310276116800000e+01,
    4.244456301600010e+01
  ],
  ""type"": ""Point""
}","{
  ""coordinates"": [
    -83.102761168,
    42.444563016
  ],
  ""type"": ""Point""
}",-83.102761168,42.4445630160001
22287,9598800,MARTIN LUTHER KING JR,3RD,2016-01-16,16,1,2016,18,7,97,9,,4,0,,2,1,5,30,3,2,0,3,0,0,1,0,false,,false,false,true,false,false,,,,,,true,false,false,,,false,false,false,false,false,-83.06519,42.34419,"{
  ""coordinates"": [
    -8.306518253099991e+01,
    4.234419255400010e+01
  ],
  ""type"": ""Point""
}","{
  ""coordinates"": [
    -83.065182531,
    42.344192554
  ],
  ""type"": ""Point""
}",-83.0651825309999,42.3441925540001
22288,9599581,S I 375 SERVICE DRIVE,LARNED,2016-01-16,16,1,2016,15,7,8,9,,4,0,,1,1,1,30,3,2,2,5,0,0,0,0,true,,true,false,false,false,false,,,,,,false,false,false,,,false,false,false,false,false,-83.03682,42.33327,"{
  ""coordinates"": [
    -8.303682203999990e+01,
    4.233327351500000e+01
  ],
  ""type"": ""Point""
}","{
  ""coordinates"": [
    -83.03682204,
    42.333273515
  ],
  ""type"": ""Point""
}",-83.0368220399999,42.333273515
22289,9598802,PINEHURST,PEMBROKE,2016-01-16,16,1,2016,5,7,2,9,,,0,,3,2,4,25,1,2,1,5,0,0,0,0,true,,false,false,true,false,false,,,,,,false,false,false,,,false,false,false,false,false,-83.16772,42.43853,"{
  ""coordinates"": [
    -8.316772676300000e+01,
    4.243852993600010e+01
  ],
  ""type"": ""Point""
}","{
  ""coordinates"": [
    -83.167726763,
    42.438529936
  ],
  ""type"": ""Point""
}",-83.167726763,42.4385299360001
22290,9599582,RANDOLPH,JEFFERSON,2016-01-16,16,1,2016,19,7,1,3,,1,0,,1,1,4,30,2,2,2,5,0,0,0,0,true,,false,false,false,true,false,,,,,,true,false,false,,,false,false,false,false,false,-83.04202,42.32998,"{
  ""coordinates"": [
    -8.304201138900000e+01,
    4.232997537600000e+01
  ],
  ""type"": ""Point""
}","{
  ""coordinates"": [
    -83.042011389,
    42.329975376
  ],
  ""type"": ""Point""
}",-83.042011389,42.329975376
22291,9601755,LYNN,OAKLAND,2016-01-16,16,1,2016,12,7,1,9,,,0,,1,1,1,25,2,1,1,2,0,1,0,0,false,,false,false,false,false,false,,,,,,false,false,true,,,false,false,false,false,false,-83.07627,42.39153,"{
  ""coordinates"": [
    -8.307627357500000e+01,
    4.239152925400000e+01
  ],
  ""type"": ""Point""
}","{
  ""coordinates"": [
    -83.076273575,
    42.391529254
  ],
  ""type"": ""Point""
}",-83.076273575,42.391529254
22292,9604934,DAVISON,I-96,2016-01-16,16,1,2016,18,7,8,9,,,0,,1,1,4,55,3,2,2,5,0,0,0,0,true,,false,false,false,false,false,,,,,,false,false,false,,,false,false,false,false,false,-83.16913,42.38573,"{
  ""coordinates"": [
    -8.316912866900000e+01,
    4.238573189700000e+01
  ],
  ""type"": ""Point""
}","{
  ""coordinates"": [
    -83.169128669,
    42.385731897
  ],
  ""type"": ""Point""
}",-83.169128669,42.385731897
22293,9599374,N/B I 75,8 MILE,2016-01-16,16,1,2016,19,7,8,1,,1,0,,1,2,4,70,4,2,2,5,0,0,0,0,true,,false,false,true,false,false,,,,,,false,false,true,,,false,false,false,false,false,-83.09491,42.44318,"{
  ""coordinates"": [
    -8.309491297300001e+01,
    4.244317832600010e+01
  ],
  ""type"": ""Point""
}","{
  ""coordinates"": [
    -83.094912973,
    42.443178326
  ],
  ""type"": ""Point""
}",-83.094912973,42.4431783260001
22294,9601786,GREENFIELD,CLARITA,2016-01-16,16,1,2016,15,7,5,9,,2,0,,1,1,1,35,4,2,3,5,0,0,0,0,true,,false,false,false,false,false,,,,,,false,false,true,,,false,false,false,false,false,-83.19977,42.4279,"{
  ""coordinates"": [
    -8.319976594199990e+01,
    4.242789810400010e+01
  ],
  ""type"": ""Point""
}","{
  ""coordinates"": [
    -83.199765942,
    42.427898104
  ],
  ""type"": ""Point""
}",-83.1997659419999,42.4278981040001
22295,9606558,I-94,LIVERNOIS,2016-01-16,16,1,2016,4,7,8,1,,1,0,,2,4,4,55,3,3,1,5,0,0,0,0,true,,false,false,true,false,false,,,,,,false,true,false,,,false,false,false,false,false,-83.12321,42.33797,"{
  ""coordinates"": [
    -8.312321204999991e+01,
    4.233797518000010e+01
  ],
  ""type"": ""Point""
}","{
  ""coordinates"": [
    -83.12321205,
    42.33797518
  ],
  ""type"": ""Point""
}",-83.1232120499999,42.3379751800001
22296,9599550,EB I-94,LINWOOD,2016-01-16,16,1,2016,18,7,5,1,,1,0,,1,1,5,55,3,2,2,4,0,0,0,2,false,,false,false,true,false,false,,,,,,false,false,false,,,false,false,false,false,false,-83.09267,42.35212,"{
  ""coordinates"": [
    -8.309266784000000e+01,
    4.235212252100010e+01
  ],
  ""type"": ""Point""
}","{
  ""coordinates"": [
    -83.09266784,
    42.352122521
  ],
  ""type"": ""Point""
}",-83.09266784,42.3521225210001
22297,9599608,RUPERT,DWYER,2016-01-16,16,1,2016,19,7,5,9,,,0,,3,1,5,25,1,2,2,4,0,0,0,1,false,,false,false,true,false,false,,,,,,false,false,false,,,false,false,false,false,false,-83.04051,42.41411,"{
  ""coordinates"": [
    -8.304050872900000e+01,
    4.241410787600010e+01
  ],
  ""type"": ""Point""
}","{
  ""coordinates"": [
    -83.040508729,
    42.414107876
  ],
  ""type"": ""Point""
}",-83.040508729,42.4141078760001
22298,9601790,PROMENADE,HAYES,2016-01-16,16,1,2016,13,7,4,9,,,0,,1,1,1,25,3,2,4,5,0,0,0,0,true,,false,false,false,false,false,,,,,,false,false,true,,,false,false,false,false,false,-82.96474,42.4136,"{
  ""coordinates"": [
    -8.296473335000000e+01,
    4.241360240500010e+01
  ],
  ""type"": ""Point""
}","{
  ""coordinates"": [
    -82.96473335,
    42.413602405
  ],
  ""type"": ""Point""
}",-82.96473335,42.4136024050001
22299,9599558,MICHIGAN,LONYO,2016-01-16,16,1,2016,22,7,8,2,,1,0,,1,1,4,35,5,2,2,5,0,0,0,0,true,,false,false,false,false,false,,,,,,false,false,false,,,false,false,false,false,false,-83.14436,42.33046,"{
  ""coordinates"": [
    -8.314436226700001e+01,
    4.233045831900010e+01
  ],
  ""type"": ""Point""
}","{
  ""coordinates"": [
    -83.144362267,
    42.330458319
  ],
  ""type"": ""Point""
}",-83.144362267,42.3304583190001
22300,9997425,GRAND RIVER,LAHSER,2016-01-16,16,1,2016,17,7,5,3,,1,0,,1,1,1,30,8,2,4,5,0,0,0,0,true,,false,false,false,false,false,,,,,,false,false,false,,,false,false,false,false,false,-83.25764,42.41649,"{
  ""coordinates"": [
    -8.325763493600000e+01,
    4.241648737300010e+01
  ],
  ""type"": ""Point""
}","{
  ""coordinates"": [
    -83.257634936,
    42.416487373
  ],
  ""type"": ""Point""
}",-83.257634936,42.4164873730001
22301,9598842,CALDWELL,MCNICHOLS,2016-01-16,16,1,2016,19,7,5,9,,,0,,1,1,4,25,2,2,0,5,0,0,0,0,true,,false,false,true,false,false,,,,,,false,false,false,,,false,false,false,false,false,-83.04671,42.41886,"{
  ""coordinates"": [
    -8.304671238700000e+01,
    4.241885652000010e+01
  ],
  ""type"": ""Point""
}","{
  ""coordinates"": [
    -83.046712387,
    42.41885652
  ],
  ""type"": ""Point""
}",-83.046712387,42.4188565200001
22302,9598828,LINDSAY,MARGARETA,2016-01-16,16,1,2016,0,7,4,9,,,0,,6,1,4,25,2,2,5,4,0,0,0,2,false,,false,false,false,false,false,,,,,,false,false,false,,,false,false,false,false,false,-83.2137,42.42653,"{
  ""coordinates"": [
    -8.321369620099991e+01,
    4.242652652900010e+01
  ],
  ""type"": ""Point""
}","{
  ""coordinates"": [
    -83.213696201,
    42.426526529
  ],
  ""type"": ""Point""
}",-83.2136962009999,42.4265265290001
22303,9598805,JEFFERSON,WOODWARD,2016-01-16,16,1,2016,14,7,8,3,,1,0,,1,1,1,25,3,2,6,5,0,0,0,0,true,,false,false,false,false,false,,,,,,false,false,false,,,false,false,false,false,false,-83.0444,42.32853,"{
  ""coordinates"": [
    -8.304439832799990e+01,
    4.232852804800010e+01
  ],
  ""type"": ""Point""
}","{
  ""coordinates"": [
    -83.044398328,
    42.328528048
  ],
  ""type"": ""Point""
}",-83.0443983279999,42.3285280480001
22304,9651588,8 MILE,SUNSET,2016-01-16,16,1,2016,20,7,5,3,,1,0,,1,2,4,40,4,3,4,4,0,0,0,2,false,,false,false,false,false,false,,,,,,false,false,true,,,false,false,false,false,false,-83.06184,42.44731,"{
  ""coordinates"": [
    -8.306184498800000e+01,
    4.244731253300010e+01
  ],
  ""type"": ""Point""
}","{
  ""coordinates"": [
    -83.061844988,
    42.447312533
  ],
  ""type"": ""Point""
}",-83.061844988,42.4473125330001
22305,9605889,BRACE,PAUL,2016-01-16,16,1,2016,14,7,5,9,,,0,,3,1,1,25,2,2,3,5,0,0,0,0,true,,false,false,true,false,false,,,,,,false,false,false,,,false,false,false,false,false,-83.22292,42.33604,"{
  ""coordinates"": [
    -8.322292161699990e+01,
    4.233603553600010e+01
  ],
  ""type"": ""Point""
}","{
  ""coordinates"": [
    -83.222921617,
    42.336035536
  ],
  ""type"": ""Point""
}",-83.2229216169999,42.3360355360001
22306,9606557,I-96,TIREMAN,2016-01-16,16,1,2016,3,7,8,1,,1,0,,2,6,4,70,4,3,2,4,0,0,0,1,false,,false,false,true,false,false,,,,,,false,false,false,,,false,false,false,false,false,-83.10884,42.3552,"{
  ""coordinates"": [
    -8.310884272200001e+01,
    4.235519618700000e+01
  ],
  ""type"": ""Point""
}","{
  ""coordinates"": [
    -83.108842722,
    42.355196187
  ],
  ""type"": ""Point""
}",-83.108842722,42.355196187
22307,9598856,SCHAEFER,CLARITA,2016-01-16,16,1,2016,1,7,1,9,,4,0,,2,5,4,30,2,1,4,2,0,2,1,0,false,,false,false,false,false,false,,,,,,false,false,true,,,false,false,false,false,false,-83.1804,42.42926,"{
  ""coordinates"": [
    -8.318039709300000e+01,
    4.242925874900000e+01
  ],
  ""type"": ""Point""
}","{
  ""coordinates"": [
    -83.180397093,
    42.429258749
  ],
  ""type"": ""Point""
}",-83.180397093,42.429258749
22308,9598837,DAVISON,TURNER,2016-01-16,16,1,2016,20,7,5,9,,4,0,,2,98,2,25,2,2,1,5,0,0,0,0,true,,false,false,true,false,false,,,,,,false,false,false,,,false,false,false,false,false,-83.14754,42.38636,"{
  ""coordinates"": [
    -8.314754806099999e+01,
    4.238635938200010e+01
  ],
  ""type"": ""Point""
}","{
  ""coordinates"": [
    -83.147548061,
    42.386359382
  ],
  ""type"": ""Point""
}",-83.147548061,42.3863593820001
22309,9599394,JEFFERSON,MT ELLIOT,2016-01-16,16,1,2016,19,7,5,9,,4,0,,1,1,4,35,3,2,3,5,0,0,0,0,true,,false,false,false,false,false,,,,,,false,false,false,,,false,false,false,false,false,-83.00972,42.3438,"{
  ""coordinates"": [
    -8.300972258099991e+01,
    4.234379664300010e+01
  ],
  ""type"": ""Point""
}","{
  ""coordinates"": [
    -83.009722581,
    42.343796643
  ],
  ""type"": ""Point""
}",-83.0097225809999,42.3437966430001
22310,9997442,MCNICHOLS,SCHOENHERR,2016-01-16,16,1,2016,11,7,5,9,,4,0,,1,2,4,30,4,2,1,5,0,0,0,0,true,,false,false,true,false,false,,,,,,false,false,false,,,false,false,false,false,false,-82.98495,42.42677,"{
  ""coordinates"": [
    -8.298494966100000e+01,
    4.242676391300010e+01
  ],
  ""type"": ""Point""
}","{
  ""coordinates"": [
    -82.984949661,
    42.426763913
  ],
  ""type"": ""Point""
}",-82.984949661,42.4267639130001
22311,9615432,SORRENTO,PICKFORD,2016-01-16,16,1,2016,8,7,2,9,,,2,,3,2,1,25,1,2,1,5,0,0,0,0,true,,false,false,true,false,false,,,,,,false,false,false,,,false,false,false,false,false,-83.17395,42.42531,"{
  ""coordinates"": [
    -8.317394706100001e+01,
    4.242531246000000e+01
  ],
  ""type"": ""Point""
}","{
  ""coordinates"": [
    -83.173947061,
    42.42531246
  ],
  ""type"": ""Point""
}",-83.173947061,42.42531246
22312,9601769,MCNICHOLS,TELEGRAPH,2016-01-16,16,1,2016,14,7,8,2,,,0,,1,2,1,45,5,2,3,5,0,0,0,0,true,,false,false,false,false,false,,,,,,false,false,false,,,false,false,false,false,false,-83.27704,42.41616,"{
  ""coordinates"": [
    -8.327703953100000e+01,
    4.241616209400010e+01
  ],
  ""type"": ""Point""
}","{
  ""coordinates"": [
    -83.277039531,
    42.416162094
  ],
  ""type"": ""Point""
}",-83.277039531,42.4161620940001
22313,9615419,SAN JUAN,PURITAN,2016-01-16,16,1,2016,12,7,4,9,,,0,,1,1,1,25,2,2,2,5,0,0,0,0,true,,false,false,false,false,false,,,,,,false,false,false,,,false,false,false,false,false,-83.14632,42.40985,"{
  ""coordinates"": [
    -8.314631636400000e+01,
    4.240984576000010e+01
  ],
  ""type"": ""Point""
}","{
  ""coordinates"": [
    -83.146316364,
    42.40984576
  ],
  ""type"": ""Point""
}",-83.146316364,42.4098457600001
22314,9602795,NASHVILLE,GUNSTON,2016-01-16,16,1,2016,0,7,9,3,,,2,,2,2,4,25,1,2,1,5,0,0,0,0,true,,false,false,false,false,false,,,,,,false,false,false,,,false,false,false,false,false,-83.00072,42.41711,"{
  ""coordinates"": [
    -8.300072246400001e+01,
    4.241710851400010e+01
  ],
  ""type"": ""Point""
}","{
  ""coordinates"": [
    -83.000722464,
    42.417108514
  ],
  ""type"": ""Point""
}",-83.000722464,42.4171085140001
22315,9601782,7 MILE,PREVOST,2016-01-15,15,1,2016,15,6,4,9,,2,0,,2,4,1,35,4,2,2,4,0,0,0,2,false,,false,false,true,false,false,,,,,,false,false,false,,,false,false,false,false,false,-83.20412,42.43035,"{
  ""coordinates"": [
    -8.320412794700000e+01,
    4.243034961400010e+01
  ],
  ""type"": ""Point""
}","{
  ""coordinates"": [
    -83.204127947,
    42.430349614
  ],
  ""type"": ""Point""
}",-83.204127947,42.4303496140001
22316,9599406,M-39,JOY,2016-01-15,15,1,2016,14,6,5,3,,1,0,,2,4,1,55,3,3,2,5,0,0,0,0,true,,false,false,false,false,false,,,,,,false,false,true,,,false,false,false,false,false,-83.21632,42.36147,"{
  ""coordinates"": [
    -8.321632344100000e+01,
    4.236146700100010e+01
  ],
  ""type"": ""Point""
}","{
  ""coordinates"": [
    -83.216323441,
    42.361467001
  ],
  ""type"": ""Point""
}",-83.216323441,42.3614670010001
22317,9599412,WB I-94,MOROSS,2016-01-15,15,1,2016,7,6,8,1,,1,0,,1,2,1,55,3,2,3,5,0,0,0,0,true,,false,false,false,false,false,,,,,,false,false,false,,,false,false,false,false,false,-82.92945,42.42374,"{
  ""coordinates"": [
    -8.292945356000000e+01,
    4.242374537800000e+01
  ],
  ""type"": ""Point""
}","{
  ""coordinates"": [
    -82.92945356,
    42.423745378
  ],
  ""type"": ""Point""
}",-82.92945356,42.423745378
22318,9598806,LARNED,WOODWARD,2016-01-15,15,1,2016,15,6,97,9,,4,0,,1,2,1,30,4,2,2,5,0,0,0,0,true,,false,false,false,false,false,,,,,,false,false,false,,,false,false,false,false,false,-83.04521,42.32941,"{
  ""coordinates"": [
    -8.304521163800000e+01,
    4.232941225700010e+01
  ],
  ""type"": ""Point""
}","{
  ""coordinates"": [
    -83.045211638,
    42.329412257
  ],
  ""type"": ""Point""
}",-83.045211638,42.3294122570001
22319,9646705,ST JEAN,MACK,2016-01-15,15,1,2016,13,6,4,9,,4,0,,2,2,1,35,9,2,2,4,0,0,0,1,false,,false,false,false,false,false,,,,,,false,false,false,,,false,false,false,false,false,-82.97855,42.37912,"{
  ""coordinates"": [
    -8.297854601099991e+01,
    4.237911706500010e+01
  ],
  ""type"": ""Point""
}","{
  ""coordinates"": [
    -82.978546011,
    42.379117065
  ],
  ""type"": ""Point""
}",-82.9785460109999,42.3791170650001
22320,9598844,FLORENCE,FREELAND,2016-01-15,15,1,2016,14,6,4,9,,,0,,3,1,1,20,2,2,1,5,0,0,0,0,true,,false,false,true,false,false,,,,,,false,true,false,,,false,false,false,false,false,-83.18594,42.4116,"{
  ""coordinates"": [
    -8.318594490200000e+01,
    4.241159953700000e+01
  ],
  ""type"": ""Point""
}","{
  ""coordinates"": [
    -83.185944902,
    42.411599537
  ],
  ""type"": ""Point""
}",-83.185944902,42.411599537
22321,9653351,7 MILE,FREELAND,2016-01-15,15,1,2016,19,6,5,9,,2,0,,2,4,4,35,6,2,2,5,0,0,0,0,true,,false,false,true,false,false,,,,,,false,false,false,,,false,false,false,false,false,-83.18619,42.43086,"{
  ""coordinates"": [
    -8.318619057200000e+01,
    4.243086426300000e+01
  ],
  ""type"": ""Point""
}","{
  ""coordinates"": [
    -83.186190572,
    42.430864263
  ],
  ""type"": ""Point""
}",-83.186190572,42.430864263
22322,9603599,MEYERS,MCNICHOLS,2016-01-15,15,1,2016,17,6,8,9,,4,0,,3,2,4,30,2,2,1,5,0,0,0,0,true,,false,false,false,false,true,,,,,,false,true,false,,,false,false,false,false,false,-83.1701,42.41656,"{
  ""coordinates"": [
    -8.317010136099999e+01,
    4.241656464200000e+01
  ],
  ""type"": ""Point""
}","{
  ""coordinates"": [
    -83.170101361,
    42.416564642
  ],
  ""type"": ""Point""
}",-83.170101361,42.416564642
22323,9997424,CASS,GRAND,2016-01-15,15,1,2016,14,6,4,9,,4,0,,1,1,1,35,2,2,2,5,0,0,0,0,true,,false,false,false,false,false,,,,,,false,false,false,,,false,false,false,false,false,-83.07476,42.36963,"{
  ""coordinates"": [
    -8.307475917900000e+01,
    4.236962433900000e+01
  ],
  ""type"": ""Point""
}","{
  ""coordinates"": [
    -83.074759179,
    42.369624339
  ],
  ""type"": ""Point""
}",-83.074759179,42.369624339
22324,9599570,COYLE,CHICAGO,2016-01-15,15,1,2016,2,6,1,9,,,1,,4,1,4,25,2,1,0,5,0,0,0,0,true,,false,false,false,false,false,,,,,,false,false,false,,,false,false,false,false,false,-83.19292,42.36573,"{
  ""coordinates"": [
    -8.319291812400000e+01,
    4.236572641100000e+01
  ],
  ""type"": ""Point""
}","{
  ""coordinates"": [
    -83.192918124,
    42.365726411
  ],
  ""type"": ""Point""
}",-83.192918124,42.365726411
22325,9601754,RAMP 051B,8 MILE,2016-01-15,15,1,2016,10,6,5,2,,1,0,,1,1,1,25,1,2,2,5,0,0,0,0,true,,false,false,false,false,false,,,,,,false,false,false,,,false,false,false,false,false,-83.27714,42.44233,"{
  ""coordinates"": [
    -8.327713978400000e+01,
    4.244232955100010e+01
  ],
  ""type"": ""Point""
}","{
  ""coordinates"": [
    -83.277139784,
    42.442329551
  ],
  ""type"": ""Point""
}",-83.277139784,42.4423295510001
22326,9617696,N M 10,N JOHN C LODGE/S JOHN C LODGE,2016-01-15,15,1,2016,15,6,8,3,,1,0,,1,1,1,55,3,2,2,4,0,0,0,1,false,,false,false,false,false,false,,,,,,false,false,true,,,false,false,false,false,false,-83.07194,42.35138,"{
  ""coordinates"": [
    -8.307193662700000e+01,
    4.235137508600010e+01
  ],
  ""type"": ""Point""
}","{
  ""coordinates"": [
    -83.071936627,
    42.351375086
  ],
  ""type"": ""Point""
}",-83.071936627,42.3513750860001
22327,9601775,GRATIOT,BROADWAY,2016-01-15,15,1,2016,6,6,4,9,,4,0,,2,1,4,35,2,2,4,5,0,0,0,0,true,,false,false,true,false,false,,,,,,false,false,false,,,false,false,false,false,false,-83.04562,42.33469,"{
  ""coordinates"": [
    -8.304562721799989e+01,
    4.233468904400010e+01
  ],
  ""type"": ""Point""
}","{
  ""coordinates"": [
    -83.045627218,
    42.334689044
  ],
  ""type"": ""Point""
}",-83.0456272179999,42.3346890440001
22328,9598787,CONANT,OUTER,2016-01-15,15,1,2016,14,6,3,9,,4,0,,1,1,1,30,4,2,2,5,0,0,0,0,true,,false,false,false,false,false,,,,,,false,false,true,,,false,false,false,false,false,-83.07891,42.44022,"{
  ""coordinates"": [
    -8.307891182899991e+01,
    4.244021685600010e+01
  ],
  ""type"": ""Point""
}","{
  ""coordinates"": [
    -83.078911829,
    42.440216856
  ],
  ""type"": ""Point""
}",-83.0789118289999,42.4402168560001
22329,9598819,FORT,GRAND,2016-01-15,15,1,2016,13,6,4,3,,1,0,,1,1,1,0,4,2,3,5,0,0,0,0,true,,false,false,true,false,false,,,,,,false,false,false,,,false,false,false,false,false,-83.0836,42.31514,"{
  ""coordinates"": [
    -8.308359511899990e+01,
    4.231513916300000e+01
  ],
  ""type"": ""Point""
}","{
  ""coordinates"": [
    -83.083595119,
    42.315139163
  ],
  ""type"": ""Point""
}",-83.0835951189999,42.315139163
22330,9612673,LARNED,RANDOLPH,2016-01-15,15,1,2016,16,6,5,3,,4,0,,2,1,1,0,4,2,2,5,0,0,0,0,true,,false,false,true,false,false,,,,,,false,false,false,,,false,false,false,false,false,-83.04267,42.33052,"{
  ""coordinates"": [
    -8.304267037300001e+01,
    4.233051813800010e+01
  ],
  ""type"": ""Point""
}","{
  ""coordinates"": [
    -83.042670373,
    42.330518138
  ],
  ""type"": ""Point""
}",-83.042670373,42.3305181380001