ObjectId,Crash ID,Primary Road,Intersecting Road,Crash Date,Day,Month,Year,Hour,Weekday,Crash Type Code,Highway Classification Code,Community Code,Jurisdiction Code,Lane Departure Type Code,Surface Type,Road Condition,Weather Condition,Lighting Condition,Speed Limit,Lanes,Units,Occupants,Most Severe Injury,Fatal Injuries,Suspected Serious Injuries,Suspected Minor Injuries,Possible Injuries,Property Damage Only,Secondary Crash,Traffic Control,Red Light Run,Hit and Run,Alcohol,Drugs,Unbelted Person,Work Zone,Speeding Driver,Distracted Driver,Driveway,Pedestrian,Elderly Driver,Young Driver,Commercial Vehicle,Emergency Vehicles,Train,School Bus,Motorcycle,Bicycle,Deer,Longitude,Latitude,geom,geog,x,y
22501,9600707,TENNESSEE,FREUD,2016-01-13,13,1,2016,21,4,9,9,,,2,,3,5,4,25,2,2,0,5,0,0,0,0,true,,false,false,true,false,false,,,,,,false,true,false,,,false,false,false,false,false,-82.95667,42.36475,"{
  ""coordinates"": [
    -8.295666206700000e+01,
    4.236474956600010e+01
  ],
  ""type"": ""Point""
}","{
  ""coordinates"": [
    -82.956662067,
    42.364749566
  ],
  ""type"": ""Point""
}",-82.956662067,42.3647495660001
22502,9610121,CARPENTER,FLEMING,2016-01-13,13,1,2016,13,4,4,9,,4,0,,1,1,1,25,2,2,2,5,0,0,0,0,true,,false,false,false,false,false,,,,,,false,false,false,,,false,false,false,false,false,-83.06924,42.4045,"{
  ""coordinates"": [
    -8.306924450400000e+01,
    4.240450420200010e+01
  ],
  ""type"": ""Point""
}","{
  ""coordinates"": [
    -83.069244504,
    42.404504202
  ],
  ""type"": ""Point""
}",-83.069244504,42.4045042020001
22503,9599592,MILITARY,RANSPACH,2016-01-13,13,1,2016,7,4,4,9,,,0,,3,1,2,25,3,2,1,5,0,0,0,0,true,,false,false,true,false,false,,,,,,false,false,false,,,false,false,false,false,false,-83.11316,42.32332,"{
  ""coordinates"": [
    -8.311316062799990e+01,
    4.232332157600010e+01
  ],
  ""type"": ""Point""
}","{
  ""coordinates"": [
    -83.113160628,
    42.323321576
  ],
  ""type"": ""Point""
}",-83.1131606279999,42.3233215760001
22504,9596735,I 94,BURNS,2016-01-12,12,1,2016,9,3,8,1,,1,0,,4,1,1,55,3,2,2,5,0,0,0,0,true,,false,false,false,false,false,,,,,,false,true,false,,,false,false,false,false,false,-83.01322,42.38902,"{
  ""coordinates"": [
    -8.301322440099990e+01,
    4.238901650500000e+01
  ],
  ""type"": ""Point""
}","{
  ""coordinates"": [
    -83.013224401,
    42.389016505
  ],
  ""type"": ""Point""
}",-83.0132244009999,42.389016505
22505,9607709,JEEFFERSON,RIOPELLE,2016-01-12,12,1,2016,8,3,8,9,,4,0,,2,5,1,35,3,2,1,5,0,0,0,0,true,,false,false,false,false,false,,,,,,false,false,false,,,false,false,false,false,false,-83.03092,42.33467,"{
  ""coordinates"": [
    -8.303091867400001e+01,
    4.233467158200010e+01
  ],
  ""type"": ""Point""
}","{
  ""coordinates"": [
    -83.030918674,
    42.334671582
  ],
  ""type"": ""Point""
}",-83.030918674,42.3346715820001
22506,9596543,S/B I 75,SCHAEFER,2016-01-12,12,1,2016,18,3,1,1,,1,1,,4,2,4,70,4,1,1,5,0,0,0,0,true,,false,false,true,false,false,,,,,,false,false,false,,,false,false,false,false,false,-83.16057,42.27539,"{
  ""coordinates"": [
    -8.316056945000000e+01,
    4.227539564100000e+01
  ],
  ""type"": ""Point""
}","{
  ""coordinates"": [
    -83.16056945,
    42.275395641
  ],
  ""type"": ""Point""
}",-83.16056945,42.275395641
22507,9597195,HENRY,CASS,2016-01-12,12,1,2016,14,3,5,9,,,0,,3,2,1,25,2,2,3,5,0,0,0,0,true,,false,false,false,false,false,,,,,,false,false,true,,,false,false,false,false,false,-83.05708,42.33908,"{
  ""coordinates"": [
    -8.305707399600000e+01,
    4.233908228600010e+01
  ],
  ""type"": ""Point""
}","{
  ""coordinates"": [
    -83.057073996,
    42.339082286
  ],
  ""type"": ""Point""
}",-83.057073996,42.3390822860001
22508,9596589,RAMP 008H,FULLERTON,2016-01-12,12,1,2016,9,3,5,1,,1,0,,3,5,1,55,1,2,2,5,0,0,0,0,true,,false,false,false,false,false,,,,,,false,false,true,,,false,false,false,false,false,-83.21761,42.37986,"{
  ""coordinates"": [
    -8.321761084699990e+01,
    4.237986161000000e+01
  ],
  ""type"": ""Point""
}","{
  ""coordinates"": [
    -83.217610847,
    42.37986161
  ],
  ""type"": ""Point""
}",-83.2176108469999,42.37986161
22509,9597284,TELEGRAPH,GRAND RIVER,2016-01-12,12,1,2016,15,3,8,2,,1,0,,4,1,1,40,3,2,2,5,0,0,0,0,true,,false,false,false,false,false,,,,,,false,false,false,,,false,false,false,false,false,-83.27736,42.4242,"{
  ""coordinates"": [
    -8.327735698899990e+01,
    4.242420020700010e+01
  ],
  ""type"": ""Point""
}","{
  ""coordinates"": [
    -83.277356989,
    42.424200207
  ],
  ""type"": ""Point""
}",-83.2773569889999,42.4242002070001
22510,9599424,S I 75,RAMP 216J,2016-01-12,12,1,2016,16,3,8,1,,1,0,,1,2,1,55,4,2,2,5,0,0,0,0,true,,false,false,false,false,false,,,,,,false,false,false,,,false,false,false,false,false,-83.05878,42.36975,"{
  ""coordinates"": [
    -8.305877495999989e+01,
    4.236974676600000e+01
  ],
  ""type"": ""Point""
}","{
  ""coordinates"": [
    -83.05877496,
    42.369746766
  ],
  ""type"": ""Point""
}",-83.0587749599999,42.369746766
22511,9597234,HUBBELL,CAMBRIDGE,2016-01-12,12,1,2016,14,3,1,9,,4,0,,4,5,1,25,2,2,1,4,0,0,0,1,false,,false,false,true,false,false,,,,,,false,false,false,,,false,false,false,true,false,-83.19003,42.43271,"{
  ""coordinates"": [
    -8.319002791699999e+01,
    4.243270997100010e+01
  ],
  ""type"": ""Point""
}","{
  ""coordinates"": [
    -83.190027917,
    42.432709971
  ],
  ""type"": ""Point""
}",-83.190027917,42.4327099710001
22512,9602778,TELEGRAPH,MCNICHOLS,2016-01-12,12,1,2016,7,3,8,2,,1,0,,4,5,4,45,4,2,2,4,0,0,0,1,false,,false,false,true,false,false,,,,,,false,false,false,,,false,false,false,false,false,-83.27696,42.41463,"{
  ""coordinates"": [
    -8.327696397499990e+01,
    4.241463434200010e+01
  ],
  ""type"": ""Point""
}","{
  ""coordinates"": [
    -83.276963975,
    42.414634342
  ],
  ""type"": ""Point""
}",-83.2769639749999,42.4146343420001
22513,9597314,SEVEN MILE,YONKA,2016-01-12,12,1,2016,17,3,1,9,,4,0,,6,1,1,30,2,1,1,5,0,0,0,0,true,,false,false,false,false,false,,,,,,false,false,false,,,false,false,false,false,false,-83.06615,42.43306,"{
  ""coordinates"": [
    -8.306615203699990e+01,
    4.243305971800000e+01
  ],
  ""type"": ""Point""
}","{
  ""coordinates"": [
    -83.066152037,
    42.433059718
  ],
  ""type"": ""Point""
}",-83.0661520369999,42.433059718
22514,9597319,NORFOLK,SCHAEFER,2016-01-12,12,1,2016,15,3,97,9,,,0,,3,1,1,25,2,2,0,5,0,0,0,0,true,,false,false,true,false,false,,,,,,false,false,false,,,false,false,false,false,false,-83.18102,42.44285,"{
  ""coordinates"": [
    -8.318101742499989e+01,
    4.244285262200000e+01
  ],
  ""type"": ""Point""
}","{
  ""coordinates"": [
    -83.181017425,
    42.442852622
  ],
  ""type"": ""Point""
}",-83.1810174249999,42.442852622
22515,9597229,RAMP 223B,E I 94,2016-01-12,12,1,2016,12,3,1,1,,1,1,,3,1,1,55,3,1,1,5,0,0,0,0,true,,false,false,false,false,false,,,,,,false,true,false,,,false,false,false,false,false,-82.93491,42.41833,"{
  ""coordinates"": [
    -8.293491206000000e+01,
    4.241833449500010e+01
  ],
  ""type"": ""Point""
}","{
  ""coordinates"": [
    -82.93491206,
    42.418334495
  ],
  ""type"": ""Point""
}",-82.93491206,42.4183344950001
22516,9605766,S/B M-10,DAVISON,2016-01-12,12,1,2016,17,3,97,3,,1,0,,2,5,3,55,3,4,4,3,0,0,1,0,false,,false,false,true,false,false,,,,,,false,false,true,,,false,false,false,false,false,-83.11401,42.40042,"{
  ""coordinates"": [
    -8.311401731799999e+01,
    4.240041692500010e+01
  ],
  ""type"": ""Point""
}","{
  ""coordinates"": [
    -83.114017318,
    42.400416925
  ],
  ""type"": ""Point""
}",-83.114017318,42.4004169250001
22517,9599591,CABOT,ARNOLD,2016-01-12,12,1,2016,13,3,97,9,,,0,,3,1,1,25,3,2,2,5,0,0,0,0,true,,false,false,false,false,false,,,,,,false,false,true,,,false,false,false,false,false,-83.14745,42.32687,"{
  ""coordinates"": [
    -8.314744730800000e+01,
    4.232686838600010e+01
  ],
  ""type"": ""Point""
}","{
  ""coordinates"": [
    -83.147447308,
    42.326868386
  ],
  ""type"": ""Point""
}",-83.147447308,42.3268683860001
22518,9599553,MIAMI,BEATRICE,2016-01-12,12,1,2016,12,3,8,9,,,0,,4,5,4,25,2,2,0,5,0,0,0,0,true,,false,false,true,false,false,,,,,,false,false,false,,,false,false,false,false,false,-83.15171,42.27189,"{
  ""coordinates"": [
    -8.315170861599999e+01,
    4.227189327600010e+01
  ],
  ""type"": ""Point""
}","{
  ""coordinates"": [
    -83.151708616,
    42.271893276
  ],
  ""type"": ""Point""
}",-83.151708616,42.2718932760001
22519,9597222,SEVEN MILE,JOANN,2016-01-12,12,1,2016,12,3,5,9,,4,0,,4,5,1,35,4,2,2,4,0,0,0,1,false,,false,false,false,false,false,,,,,,false,true,true,,,false,false,false,false,false,-82.99001,42.43481,"{
  ""coordinates"": [
    -8.299000427000000e+01,
    4.243480607400010e+01
  ],
  ""type"": ""Point""
}","{
  ""coordinates"": [
    -82.99000427,
    42.434806074
  ],
  ""type"": ""Point""
}",-82.99000427,42.4348060740001
22520,9599397,I-75,SPRINGWELLS,2016-01-12,12,1,2016,5,3,5,1,,1,0,,4,5,4,70,4,2,2,5,0,0,0,0,true,,false,false,false,false,false,,,,,,false,false,false,,,false,false,false,false,false,-83.11504,42.30328,"{
  ""coordinates"": [
    -8.311503233199990e+01,
    4.230327789400010e+01
  ],
  ""type"": ""Point""
}","{
  ""coordinates"": [
    -83.115032332,
    42.303277894
  ],
  ""type"": ""Point""
}",-83.1150323319999,42.3032778940001
22521,9597369,WARREN,CASS,2016-01-12,12,1,2016,17,3,5,9,,4,0,,6,5,4,30,8,3,2,5,0,0,0,0,true,,false,false,true,false,false,,,,,,false,false,true,,,false,false,false,false,false,-83.06595,42.35617,"{
  ""coordinates"": [
    -8.306595158999990e+01,
    4.235616988700010e+01
  ],
  ""type"": ""Point""
}","{
  ""coordinates"": [
    -83.06595159,
    42.356169887
  ],
  ""type"": ""Point""
}",-83.0659515899999,42.3561698870001
22522,9601798,MCNICHOLS,HUBBELL,2016-01-12,12,1,2016,16,3,4,9,,2,0,,6,1,1,35,4,3,3,5,0,0,0,0,true,,true,false,false,false,false,,,,,,false,true,false,,,false,false,false,false,false,-83.18963,42.41645,"{
  ""coordinates"": [
    -8.318962494399990e+01,
    4.241645486400010e+01
  ],
  ""type"": ""Point""
}","{
  ""coordinates"": [
    -83.189624944,
    42.416454864
  ],
  ""type"": ""Point""
}",-83.1896249439999,42.4164548640001
22523,9597191,RIVARD,JEFFERSON,2016-01-12,12,1,2016,10,3,4,9,,4,3,,4,5,1,0,2,2,2,5,0,0,0,0,true,,false,false,false,false,false,,,,,,false,false,false,,,false,false,false,false,false,-83.03421,42.33335,"{
  ""coordinates"": [
    -8.303420712300000e+01,
    4.233335204800010e+01
  ],
  ""type"": ""Point""
}","{
  ""coordinates"": [
    -83.034207123,
    42.333352048
  ],
  ""type"": ""Point""
}",-83.034207123,42.3333520480001
22524,9597287,FLORENCE,WORMER,2016-01-12,12,1,2016,11,3,4,9,,,0,,4,5,1,25,4,2,1,4,0,0,0,1,false,,true,false,true,false,false,,,,,,false,false,true,,,false,false,false,false,false,-83.27945,42.4095,"{
  ""coordinates"": [
    -8.327944633700000e+01,
    4.240949495100010e+01
  ],
  ""type"": ""Point""
}","{
  ""coordinates"": [
    -83.279446337,
    42.409494951
  ],
  ""type"": ""Point""
}",-83.279446337,42.4094949510001
22525,9596714,WB I-96,OUTER,2016-01-12,12,1,2016,12,3,8,1,,1,0,,1,2,1,70,5,2,2,5,0,0,0,0,true,,false,false,false,false,false,,,,,,false,false,false,,,false,false,false,false,false,-82.96214,42.40449,"{
  ""coordinates"": [
    -8.296213224600000e+01,
    4.240448711400010e+01
  ],
  ""type"": ""Point""
}","{
  ""coordinates"": [
    -82.962132246,
    42.404487114
  ],
  ""type"": ""Point""
}",-82.962132246,42.4044871140001
22526,9597196,I 96,GREENFIELD,2016-01-12,12,1,2016,6,3,8,1,,1,0,,4,2,4,70,3,2,2,5,0,0,0,0,true,,false,false,true,false,false,,,,,,false,true,false,,,false,false,false,false,false,-83.19766,42.37906,"{
  ""coordinates"": [
    -8.319766236700001e+01,
    4.237906359500000e+01
  ],
  ""type"": ""Point""
}","{
  ""coordinates"": [
    -83.197662367,
    42.379063595
  ],
  ""type"": ""Point""
}",-83.197662367,42.379063595
22527,9597264,LYCASTE,FREUD,2016-01-12,12,1,2016,4,3,2,9,,4,2,,4,5,4,25,2,2,2,5,0,0,0,0,true,,false,false,true,false,false,,,,,,false,false,false,,,false,false,false,false,false,-82.96385,42.36217,"{
  ""coordinates"": [
    -8.296384872300000e+01,
    4.236217270500000e+01
  ],
  ""type"": ""Point""
}","{
  ""coordinates"": [
    -82.963848723,
    42.362172705
  ],
  ""type"": ""Point""
}",-82.963848723,42.362172705
22528,9597257,CANYON,ROLANDALE,2016-01-12,12,1,2016,17,3,4,9,,,0,,3,2,3,25,2,2,2,5,0,0,0,0,true,,false,false,true,false,false,,,,,,false,false,false,,,false,false,false,false,false,-82.92072,42.41948,"{
  ""coordinates"": [
    -8.292072105800000e+01,
    4.241947945600000e+01
  ],
  ""type"": ""Point""
}","{
  ""coordinates"": [
    -82.920721058,
    42.419479456
  ],
  ""type"": ""Point""
}",-82.920721058,42.419479456
22529,9598817,I 75,7 MILE,2016-01-12,12,1,2016,9,3,5,1,,1,0,,6,5,1,55,4,2,2,5,0,0,0,0,true,,false,false,false,false,false,,,,,,false,false,false,,,false,false,false,false,false,-83.09476,42.4311,"{
  ""coordinates"": [
    -8.309475514099999e+01,
    4.243110417200010e+01
  ],
  ""type"": ""Point""
}","{
  ""coordinates"": [
    -83.094755141,
    42.431104172
  ],
  ""type"": ""Point""
}",-83.094755141,42.4311041720001
22530,9596653,E/B I-94,CONCORD,2016-01-12,12,1,2016,14,3,97,1,,1,0,,2,1,1,55,3,2,3,5,0,0,0,0,true,,false,false,false,false,false,,,,,,false,false,false,,,false,false,false,false,false,-83.03244,42.38029,"{
  ""coordinates"": [
    -8.303243823100000e+01,
    4.238028654300010e+01
  ],
  ""type"": ""Point""
}","{
  ""coordinates"": [
    -83.032438231,
    42.380286543
  ],
  ""type"": ""Point""
}",-83.032438231,42.3802865430001
22531,9596712,EB I-94,WARREN,2016-01-12,12,1,2016,8,3,5,1,,1,0,,2,5,1,55,3,2,2,5,0,0,0,0,true,,false,false,false,false,false,,,,,,false,false,true,,,false,false,false,false,false,-83.1132,42.34452,"{
  ""coordinates"": [
    -8.311319593600000e+01,
    4.234452043100000e+01
  ],
  ""type"": ""Point""
}","{
  ""coordinates"": [
    -83.113195936,
    42.344520431
  ],
  ""type"": ""Point""
}",-83.113195936,42.344520431
22532,9597300,HARPER,DICKERSON,2016-01-12,12,1,2016,19,3,97,9,,4,0,,3,98,4,30,2,3,7,5,0,0,0,0,true,,true,true,true,false,false,,,,,,false,false,false,,,false,false,false,false,false,-82.97336,42.40208,"{
  ""coordinates"": [
    -8.297336130300000e+01,
    4.240208447400000e+01
  ],
  ""type"": ""Point""
}","{
  ""coordinates"": [
    -82.973361303,
    42.402084474
  ],
  ""type"": ""Point""
}",-82.973361303,42.402084474
22533,9596678,M-39,WARREN,2016-01-12,12,1,2016,16,3,5,3,,1,0,,2,2,1,55,3,2,2,5,0,0,0,0,true,,false,false,false,false,false,,,,,,false,false,false,,,false,false,false,false,false,-83.216,42.33976,"{
  ""coordinates"": [
    -8.321600130800000e+01,
    4.233975566800010e+01
  ],
  ""type"": ""Point""
}","{
  ""coordinates"": [
    -83.216001308,
    42.339755668
  ],
  ""type"": ""Point""
}",-83.216001308,42.3397556680001
22534,9597276,GREENFIELD,TIREMAN,2016-01-12,12,1,2016,9,3,5,9,,2,0,,3,1,1,35,2,2,3,5,0,0,0,0,true,,false,false,false,false,false,,,,,,false,false,false,,,false,false,false,false,false,-83.19661,42.35101,"{
  ""coordinates"": [
    -8.319660701299991e+01,
    4.235100388100010e+01
  ],
  ""type"": ""Point""
}","{
  ""coordinates"": [
    -83.196607013,
    42.351003881
  ],
  ""type"": ""Point""
}",-83.1966070129999,42.3510038810001
22535,9602805,LODGE,CASS,2016-01-12,12,1,2016,9,3,5,9,,4,0,,4,1,1,55,3,2,2,5,0,0,0,0,true,,false,false,false,false,false,,,,,,false,false,false,,,false,false,false,false,false,-83.0584,42.34187,"{
  ""coordinates"": [
    -8.305840024699999e+01,
    4.234186696400010e+01
  ],
  ""type"": ""Point""
}","{
  ""coordinates"": [
    -83.058400247,
    42.341866964
  ],
  ""type"": ""Point""
}",-83.058400247,42.3418669640001
22536,9599580,RANDOLPH,JEFFERSON,2016-01-12,12,1,2016,19,3,7,3,,1,0,,2,2,4,35,4,2,2,5,0,0,0,0,true,,false,false,false,false,false,,,,,,false,false,false,,,false,false,false,false,false,-83.04219,42.3299,"{
  ""coordinates"": [
    -8.304218829599991e+01,
    4.232990068400010e+01
  ],
  ""type"": ""Point""
}","{
  ""coordinates"": [
    -83.042188296,
    42.329900684
  ],
  ""type"": ""Point""
}",-83.0421882959999,42.3299006840001
22537,9597238,RENAISSANCE,RENAISSANCE,2016-01-12,12,1,2016,21,3,97,9,,,0,,6,1,4,25,2,2,3,5,0,0,0,0,true,,false,false,false,false,false,,,,,,false,false,false,,,false,false,false,false,false,-83.04108,42.32919,"{
  ""coordinates"": [
    -8.304108018999990e+01,
    4.232919069900000e+01
  ],
  ""type"": ""Point""
}","{
  ""coordinates"": [
    -83.04108019,
    42.329190699
  ],
  ""type"": ""Point""
}",-83.0410801899999,42.329190699
22538,9596627,NB I-75,VERNOR,2016-01-12,12,1,2016,20,3,1,1,,1,1,,2,2,4,55,4,1,1,5,0,0,0,0,true,,false,false,false,false,false,,,,,,false,false,false,,,false,false,false,false,false,-83.08195,42.32175,"{
  ""coordinates"": [
    -8.308194937300000e+01,
    4.232174530200010e+01
  ],
  ""type"": ""Point""
}","{
  ""coordinates"": [
    -83.081949373,
    42.321745302
  ],
  ""type"": ""Point""
}",-83.081949373,42.3217453020001
22539,9598823,GRANDMONT,WARREN,2016-01-12,12,1,2016,17,3,97,9,,,0,,4,1,3,25,1,2,1,5,0,0,0,0,true,,false,false,true,false,false,,,,,,false,false,false,,,false,false,false,false,false,-83.20856,42.34346,"{
  ""coordinates"": [
    -8.320856625000000e+01,
    4.234346215600000e+01
  ],
  ""type"": ""Point""
}","{
  ""coordinates"": [
    -83.20856625,
    42.343462156
  ],
  ""type"": ""Point""
}",-83.20856625,42.343462156
22540,9597262,E I 94,MOUNT ELLIOTT,2016-01-12,12,1,2016,9,3,1,1,,1,1,,3,1,1,55,3,1,2,5,0,0,0,0,true,,false,false,false,false,false,,,,,,false,true,false,,,false,false,false,false,false,-83.03382,42.37914,"{
  ""coordinates"": [
    -8.303382064199999e+01,
    4.237914340600000e+01
  ],
  ""type"": ""Point""
}","{
  ""coordinates"": [
    -83.033820642,
    42.379143406
  ],
  ""type"": ""Point""
}",-83.033820642,42.379143406
22541,9597312,BLOOM,LANTZ,2016-01-12,12,1,2016,14,3,4,9,,,0,,3,1,1,25,2,2,2,5,0,0,0,0,true,,false,false,false,false,false,,,,,,false,false,false,,,false,false,false,false,false,-83.04931,42.43831,"{
  ""coordinates"": [
    -8.304930542900000e+01,
    4.243831150600000e+01
  ],
  ""type"": ""Point""
}","{
  ""coordinates"": [
    -83.049305429,
    42.438311506
  ],
  ""type"": ""Point""
}",-83.049305429,42.438311506
22542,9597376,WARREN,4TH,2016-01-12,12,1,2016,9,3,5,9,,4,0,,4,2,1,30,4,2,2,5,0,0,0,0,true,,false,false,false,false,false,,,,,,false,false,true,,,false,false,false,false,false,-83.07197,42.35441,"{
  ""coordinates"": [
    -8.307196751200000e+01,
    4.235441202700010e+01
  ],
  ""type"": ""Point""
}","{
  ""coordinates"": [
    -83.071967512,
    42.354412027
  ],
  ""type"": ""Point""
}",-83.071967512,42.3544120270001
22543,9597285,ARCHER,CAMBRIDGE,2016-01-12,12,1,2016,13,3,5,9,,,0,,3,1,4,25,2,2,0,5,0,0,0,0,true,,false,false,true,false,false,,,,,,false,false,false,,,false,false,false,false,false,-83.26643,42.43019,"{
  ""coordinates"": [
    -8.326643719099999e+01,
    4.243019604500010e+01
  ],
  ""type"": ""Point""
}","{
  ""coordinates"": [
    -83.266437191,
    42.430196045
  ],
  ""type"": ""Point""
}",-83.266437191,42.4301960450001
22544,9597331,S I 75,CLAY,2016-01-12,12,1,2016,10,3,4,1,,1,0,,3,5,1,0,1,2,2,5,0,0,0,0,true,,false,false,false,false,false,,,,,,false,false,false,,,false,false,false,false,false,-83.06267,42.37803,"{
  ""coordinates"": [
    -8.306267153499989e+01,
    4.237802647400010e+01
  ],
  ""type"": ""Point""
}","{
  ""coordinates"": [
    -83.062671535,
    42.378026474
  ],
  ""type"": ""Point""
}",-83.0626715349999,42.3780264740001
22545,9599399,M-39,PLYMOUTH,2016-01-12,12,1,2016,22,3,1,3,,1,1,,2,5,4,55,3,1,1,5,0,0,0,0,true,,false,false,false,false,false,,,,,,false,false,true,,,false,false,false,false,false,-83.21664,42.37363,"{
  ""coordinates"": [
    -8.321663429199999e+01,
    4.237363025700010e+01
  ],
  ""type"": ""Point""
}","{
  ""coordinates"": [
    -83.216634292,
    42.373630257
  ],
  ""type"": ""Point""
}",-83.216634292,42.3736302570001
22546,9596650,I-75,WILKINS,2016-01-12,12,1,2016,0,3,1,1,,1,1,,4,5,4,70,5,1,1,5,0,0,0,0,true,,false,false,false,false,false,,,,,,false,false,false,,,false,false,false,false,false,-83.04594,42.34782,"{
  ""coordinates"": [
    -8.304594575899991e+01,
    4.234781706700010e+01
  ],
  ""type"": ""Point""
}","{
  ""coordinates"": [
    -83.045945759,
    42.347817067
  ],
  ""type"": ""Point""
}",-83.0459457589999,42.3478170670001
22547,9596673,I-96,BENTLER,2016-01-12,12,1,2016,6,3,1,9,,4,1,,4,5,4,70,3,1,1,5,0,0,0,0,true,,false,false,false,false,false,,,,,,false,false,false,,,false,false,false,false,false,-83.2495,42.38602,"{
  ""coordinates"": [
    -8.324949509699999e+01,
    4.238602053500010e+01
  ],
  ""type"": ""Point""
}","{
  ""coordinates"": [
    -83.249495097,
    42.386020535
  ],
  ""type"": ""Point""
}",-83.249495097,42.3860205350001
22548,9596683,I-94,I-96,2016-01-12,12,1,2016,12,3,1,1,,1,0,,2,2,1,70,3,1,3,5,0,0,0,0,true,,false,false,false,false,false,,,,,,false,false,true,,,false,false,false,false,false,-83.09009,42.35308,"{
  ""coordinates"": [
    -8.309008669500000e+01,
    4.235308030900010e+01
  ],
  ""type"": ""Point""
}","{
  ""coordinates"": [
    -83.090086695,
    42.353080309
  ],
  ""type"": ""Point""
}",-83.090086695,42.3530803090001
22549,9597255,ROSA PARKS,FERRY PARK,2016-01-12,12,1,2016,20,3,97,9,,4,0,,1,1,5,0,4,2,3,5,0,0,0,0,true,,true,false,true,false,false,,,,,,false,false,false,,,false,false,false,false,false,-83.09019,42.36248,"{
  ""coordinates"": [
    -8.309018374999989e+01,
    4.236248045600010e+01
  ],
  ""type"": ""Point""
}","{
  ""coordinates"": [
    -83.09018375,
    42.362480456
  ],
  ""type"": ""Point""
}",-83.0901837499999,42.3624804560001
22550,9597203,CHICAGO,3RD,2016-01-12,12,1,2016,14,3,97,9,,4,0,,3,1,1,25,2,2,1,5,0,0,0,0,true,,false,false,false,false,false,,,,,,false,false,false,,,false,false,false,false,false,-83.09074,42.38385,"{
  ""coordinates"": [
    -8.309074477500000e+01,
    4.238385353600010e+01
  ],
  ""type"": ""Point""
}","{
  ""coordinates"": [
    -83.090744775,
    42.383853536
  ],
  ""type"": ""Point""
}",-83.090744775,42.3838535360001
22551,9597313,KEYSTONE,CORDOVA,2016-01-12,12,1,2016,12,3,1,9,,,0,,3,5,1,25,2,1,1,5,0,0,0,0,true,,false,false,false,false,false,,,,,,false,false,false,,,false,false,false,false,false,-83.05157,42.4425,"{
  ""coordinates"": [
    -8.305156510800001e+01,
    4.244249910900000e+01
  ],
  ""type"": ""Point""
}","{
  ""coordinates"": [
    -83.051565108,
    42.442499109
  ],
  ""type"": ""Point""
}",-83.051565108,42.442499109
22552,9607716,CARPENTER,JOS CAMPU,2016-01-12,12,1,2016,11,3,5,9,,4,0,,3,1,1,25,2,2,2,5,0,0,0,0,true,,false,false,false,false,false,,,,,,false,false,false,,,false,false,false,false,false,-83.06429,42.40633,"{
  ""coordinates"": [
    -8.306429249900000e+01,
    4.240632587100000e+01
  ],
  ""type"": ""Point""
}","{
  ""coordinates"": [
    -83.064292499,
    42.406325871
  ],
  ""type"": ""Point""
}",-83.064292499,42.406325871
22553,9597328,SCHAEFER,8 MILE,2016-01-12,12,1,2016,8,3,9,3,,4,2,,3,5,1,30,4,2,2,5,0,0,0,0,true,,false,false,false,false,false,,,,,,false,false,false,,,false,false,false,false,false,-83.18099,42.44516,"{
  ""coordinates"": [
    -8.318098997500000e+01,
    4.244516054300000e+01
  ],
  ""type"": ""Point""
}","{
  ""coordinates"": [
    -83.180989975,
    42.445160543
  ],
  ""type"": ""Point""
}",-83.180989975,42.445160543
22554,9597259,HEREFORD,SOUTHAMPTON,2016-01-12,12,1,2016,19,3,5,9,,,0,,4,5,4,25,1,2,0,5,0,0,0,0,true,,false,false,true,false,false,,,,,,false,false,false,,,false,false,false,false,false,-82.92507,42.41055,"{
  ""coordinates"": [
    -8.292506850200000e+01,
    4.241054575000000e+01
  ],
  ""type"": ""Point""
}","{
  ""coordinates"": [
    -82.925068502,
    42.41054575
  ],
  ""type"": ""Point""
}",-82.925068502,42.41054575
22555,9596746,I-94,ROHNS,2016-01-12,12,1,2016,9,3,8,9,,,0,,4,2,1,55,3,2,2,5,0,0,0,0,true,,false,false,false,false,false,,,,,,false,false,true,,,false,false,false,false,false,-83.01119,42.38934,"{
  ""coordinates"": [
    -8.301119510200000e+01,
    4.238933811800010e+01
  ],
  ""type"": ""Point""
}","{
  ""coordinates"": [
    -83.011195102,
    42.389338118
  ],
  ""type"": ""Point""
}",-83.011195102,42.3893381180001
22556,9596674,I-96,M-39,2016-01-12,12,1,2016,7,3,1,1,,1,1,,4,5,4,70,3,1,1,5,0,0,0,0,true,,false,false,false,false,false,,,,,,false,false,false,,,false,false,false,false,false,-83.20713,42.37888,"{
  ""coordinates"": [
    -8.320712892300000e+01,
    4.237888082500010e+01
  ],
  ""type"": ""Point""
}","{
  ""coordinates"": [
    -83.207128923,
    42.378880825
  ],
  ""type"": ""Point""
}",-83.207128923,42.3788808250001
22557,9611703,RAMP 137A,E I 96 SERVICE DRIVE,2016-01-12,12,1,2016,9,3,97,1,,1,1,,3,7,2,35,3,1,2,5,0,0,0,0,true,,false,false,false,false,false,,,,,,false,false,false,,,false,false,false,false,false,-83.17839,42.38267,"{
  ""coordinates"": [
    -8.317839280600001e+01,
    4.238266687700010e+01
  ],
  ""type"": ""Point""
}","{
  ""coordinates"": [
    -83.178392806,
    42.382666877
  ],
  ""type"": ""Point""
}",-83.178392806,42.3826668770001