ObjectId,Crash ID,Primary Road,Intersecting Road,Crash Date,Day,Month,Year,Hour,Weekday,Crash Type Code,Highway Classification Code,Community Code,Jurisdiction Code,Lane Departure Type Code,Surface Type,Road Condition,Weather Condition,Lighting Condition,Speed Limit,Lanes,Units,Occupants,Most Severe Injury,Fatal Injuries,Suspected Serious Injuries,Suspected Minor Injuries,Possible Injuries,Property Damage Only,Secondary Crash,Traffic Control,Red Light Run,Hit and Run,Alcohol,Drugs,Unbelted Person,Work Zone,Speeding Driver,Distracted Driver,Driveway,Pedestrian,Elderly Driver,Young Driver,Commercial Vehicle,Emergency Vehicles,Train,School Bus,Motorcycle,Bicycle,Deer,Longitude,Latitude,geom,geog,x,y
22558,9597299,PINEWOOD,BRADFORD,2016-01-12,12,1,2016,15,3,4,9,,,0,,4,5,1,25,2,2,3,5,0,0,0,0,true,,false,false,true,false,false,,,,,,false,false,false,,,false,false,false,false,false,-83.00115,42.43816,"{
  ""coordinates"": [
    -8.300114942899999e+01,
    4.243816265900010e+01
  ],
  ""type"": ""Point""
}","{
  ""coordinates"": [
    -83.001149429,
    42.438162659
  ],
  ""type"": ""Point""
}",-83.001149429,42.4381626590001
22559,9597202,MOUND,MT ELLIOTT,2016-01-12,12,1,2016,14,3,8,9,,4,0,,1,1,1,30,4,2,2,4,0,0,0,1,false,,false,false,false,false,false,,,,,,false,false,false,,,false,false,false,false,false,-83.04017,42.40624,"{
  ""coordinates"": [
    -8.304016783700000e+01,
    4.240624001500000e+01
  ],
  ""type"": ""Point""
}","{
  ""coordinates"": [
    -83.040167837,
    42.406240015
  ],
  ""type"": ""Point""
}",-83.040167837,42.406240015
22560,9599569,LONYO,ST JOHN,2016-01-12,12,1,2016,16,3,97,9,,4,0,,4,5,1,35,2,2,2,3,0,0,1,0,false,,false,false,true,false,false,,,,,,false,false,false,,,false,false,false,false,false,-83.14032,42.32476,"{
  ""coordinates"": [
    -8.314031880499989e+01,
    4.232476133300000e+01
  ],
  ""type"": ""Point""
}","{
  ""coordinates"": [
    -83.140318805,
    42.324761333
  ],
  ""type"": ""Point""
}",-83.1403188049999,42.324761333
22561,9598659,I-94,MT ELLIOT,2016-01-12,12,1,2016,12,3,1,1,,1,1,,3,1,1,55,3,1,1,5,0,0,0,0,true,,false,false,true,true,false,,,,,,false,false,false,,,false,false,false,false,false,-83.03882,42.37706,"{
  ""coordinates"": [
    -8.303881789199990e+01,
    4.237706403200010e+01
  ],
  ""type"": ""Point""
}","{
  ""coordinates"": [
    -83.038817892,
    42.377064032
  ],
  ""type"": ""Point""
}",-83.0388178919999,42.3770640320001
22562,9597275,WARREN,GRANDVILLE,2016-01-12,12,1,2016,13,3,97,9,,2,0,,2,1,1,35,4,2,3,4,0,0,0,1,false,,false,false,false,false,false,,,,,,false,false,true,,,false,false,false,false,false,-83.22929,42.34322,"{
  ""coordinates"": [
    -8.322928961699991e+01,
    4.234321951700010e+01
  ],
  ""type"": ""Point""
}","{
  ""coordinates"": [
    -83.229289617,
    42.343219517
  ],
  ""type"": ""Point""
}",-83.2292896169999,42.3432195170001
22563,9597217,CHARLOTTE,SECOND,2016-01-12,12,1,2016,13,3,97,9,,,0,,3,2,1,25,2,2,0,5,0,0,0,0,true,,false,false,true,false,false,,,,,,false,false,false,,,false,false,false,false,false,-83.06126,42.34243,"{
  ""coordinates"": [
    -8.306126621399990e+01,
    4.234242881800000e+01
  ],
  ""type"": ""Point""
}","{
  ""coordinates"": [
    -83.061266214,
    42.342428818
  ],
  ""type"": ""Point""
}",-83.0612662139999,42.342428818
22564,9596588,I-75,M-8,2016-01-12,12,1,2016,6,3,97,1,,1,0,,4,5,4,55,4,2,2,5,0,0,0,0,true,,false,false,false,false,false,,,,,,false,false,true,,,false,false,false,false,false,-83.07565,42.40635,"{
  ""coordinates"": [
    -8.307564702600000e+01,
    4.240635418200000e+01
  ],
  ""type"": ""Point""
}","{
  ""coordinates"": [
    -83.075647026,
    42.406354182
  ],
  ""type"": ""Point""
}",-83.075647026,42.406354182
22565,9599390,I-94,LONYO,2016-01-12,12,1,2016,17,3,97,1,,1,0,,2,1,1,70,3,3,4,4,0,0,0,2,false,,false,false,false,false,false,,,,,,false,false,true,,,false,false,false,false,false,-83.14983,42.33045,"{
  ""coordinates"": [
    -8.314983565499990e+01,
    4.233044676700010e+01
  ],
  ""type"": ""Point""
}","{
  ""coordinates"": [
    -83.149835655,
    42.330446767
  ],
  ""type"": ""Point""
}",-83.1498356549999,42.3304467670001
22566,9608730,JEFFERSON,WOODWARD,2016-01-12,12,1,2016,11,3,5,3,,1,0,,4,1,1,35,3,2,2,4,0,0,0,1,false,,false,false,false,false,false,,,,,,false,false,true,,,false,false,false,false,false,-83.04476,42.32838,"{
  ""coordinates"": [
    -8.304475917799989e+01,
    4.232838078900010e+01
  ],
  ""type"": ""Point""
}","{
  ""coordinates"": [
    -83.044759178,
    42.328380789
  ],
  ""type"": ""Point""
}",-83.0447591779999,42.3283807890001
22567,9597237,WARWICK,KIRKWOOD,2016-01-12,12,1,2016,21,3,4,9,,,0,,3,1,4,25,8,2,2,4,0,0,0,1,false,,false,false,true,false,false,,,,,,false,false,false,,,false,false,false,false,false,-83.22651,42.33236,"{
  ""coordinates"": [
    -8.322650979399999e+01,
    4.233235984700010e+01
  ],
  ""type"": ""Point""
}","{
  ""coordinates"": [
    -83.226509794,
    42.332359847
  ],
  ""type"": ""Point""
}",-83.226509794,42.3323598470001
22568,9596745,I-75,NEVADA,2016-01-12,12,1,2016,6,3,97,1,,1,0,,4,2,4,70,4,2,2,5,0,0,0,0,true,,false,false,false,false,false,,,,,,false,false,true,,,false,false,false,false,false,-83.09309,42.4248,"{
  ""coordinates"": [
    -8.309309075499991e+01,
    4.242479899900010e+01
  ],
  ""type"": ""Point""
}","{
  ""coordinates"": [
    -83.093090755,
    42.424798999
  ],
  ""type"": ""Point""
}",-83.0930907549999,42.4247989990001
22569,9596747,I-96,WARREN,2016-01-12,12,1,2016,14,3,97,1,,1,0,,1,2,1,55,4,2,2,5,0,0,0,0,true,,false,false,false,false,false,,,,,,false,false,true,,,false,false,false,false,false,-83.09673,42.34667,"{
  ""coordinates"": [
    -8.309673347400000e+01,
    4.234666705700000e+01
  ],
  ""type"": ""Point""
}","{
  ""coordinates"": [
    -83.096733474,
    42.346667057
  ],
  ""type"": ""Point""
}",-83.096733474,42.346667057
22570,9601773,GRAND RIVER,BAGLEY,2016-01-12,12,1,2016,8,3,8,9,,4,0,,4,1,1,25,3,2,2,5,0,0,0,0,true,,false,false,false,false,false,,,,,,false,false,false,,,false,false,false,false,false,-83.05345,42.33415,"{
  ""coordinates"": [
    -8.305344787099990e+01,
    4.233414840900010e+01
  ],
  ""type"": ""Point""
}","{
  ""coordinates"": [
    -83.053447871,
    42.334148409
  ],
  ""type"": ""Point""
}",-83.0534478709999,42.3341484090001
22571,9596736,N M 39,WARREN,2016-01-12,12,1,2016,16,3,5,3,,1,0,,2,1,1,55,3,3,4,5,0,0,0,0,true,,false,false,false,false,false,,,,,,false,false,false,,,false,false,false,false,false,-83.21605,42.34364,"{
  ""coordinates"": [
    -8.321604615900000e+01,
    4.234364408800010e+01
  ],
  ""type"": ""Point""
}","{
  ""coordinates"": [
    -83.216046159,
    42.343644088
  ],
  ""type"": ""Point""
}",-83.216046159,42.3436440880001
22572,9597187,DAVISON,OAKMAN,2016-01-12,12,1,2016,14,3,5,3,,1,0,,1,1,1,35,2,2,3,5,0,0,0,0,true,,false,false,true,false,false,,,,,,false,true,false,,,false,false,false,false,false,-83.14416,42.38628,"{
  ""coordinates"": [
    -8.314416023200000e+01,
    4.238628232400000e+01
  ],
  ""type"": ""Point""
}","{
  ""coordinates"": [
    -83.144160232,
    42.386282324
  ],
  ""type"": ""Point""
}",-83.144160232,42.386282324
22573,9596677,M-39,TIREMAN,2016-01-12,12,1,2016,10,3,8,3,,1,0,,4,5,1,55,3,3,3,3,0,0,1,0,false,,false,false,false,false,false,,,,,,false,false,true,,,false,false,false,false,false,-83.21626,42.35034,"{
  ""coordinates"": [
    -8.321625407900000e+01,
    4.235034149600010e+01
  ],
  ""type"": ""Point""
}","{
  ""coordinates"": [
    -83.216254079,
    42.350341496
  ],
  ""type"": ""Point""
}",-83.216254079,42.3503414960001
22574,9606556,RAMP 216I,RAMP 216F,2016-01-12,12,1,2016,17,3,5,1,,1,0,,2,5,5,70,2,2,2,4,0,0,0,1,false,,false,false,false,false,false,,,,,,false,false,false,,,false,false,false,false,false,-83.06143,42.36716,"{
  ""coordinates"": [
    -8.306143166600000e+01,
    4.236715875200010e+01
  ],
  ""type"": ""Point""
}","{
  ""coordinates"": [
    -83.061431666,
    42.367158752
  ],
  ""type"": ""Point""
}",-83.061431666,42.3671587520001
22575,9597271,PIEDMONT,WARREN,2016-01-12,12,1,2016,19,3,97,9,,,0,,1,1,4,25,2,2,1,5,0,0,0,0,true,,false,false,true,false,false,,,,,,false,false,false,,,false,false,false,false,false,-83.22808,42.34321,"{
  ""coordinates"": [
    -8.322808033699989e+01,
    4.234320915400010e+01
  ],
  ""type"": ""Point""
}","{
  ""coordinates"": [
    -83.228080337,
    42.343209154
  ],
  ""type"": ""Point""
}",-83.2280803369999,42.3432091540001
22576,9596651,W/B I-94,24TH,2016-01-12,12,1,2016,7,3,1,1,,1,1,,4,5,2,55,3,1,2,3,0,0,2,0,false,,false,false,false,false,false,,,,,,false,false,false,,,false,false,false,false,false,-83.09875,42.35034,"{
  ""coordinates"": [
    -8.309874785800000e+01,
    4.235034203400010e+01
  ],
  ""type"": ""Point""
}","{
  ""coordinates"": [
    -83.098747858,
    42.350342034
  ],
  ""type"": ""Point""
}",-83.098747858,42.3503420340001
22577,9597211,ROBSON,CAMBRIDGE,2016-01-12,12,1,2016,0,3,4,9,,,0,,4,5,4,25,2,2,2,5,0,0,0,0,true,,false,false,true,false,false,,,,,,false,false,false,,,false,false,false,false,false,-83.19368,42.43251,"{
  ""coordinates"": [
    -8.319367995899999e+01,
    4.243251550600010e+01
  ],
  ""type"": ""Point""
}","{
  ""coordinates"": [
    -83.193679959,
    42.432515506
  ],
  ""type"": ""Point""
}",-83.193679959,42.4325155060001
22578,9596713,NB I-75,MEADE,2016-01-12,12,1,2016,11,3,1,1,,1,1,,6,2,1,70,4,1,1,4,0,0,0,1,false,,false,false,false,false,false,,,,,,false,true,false,,,false,false,false,false,false,-83.07472,42.40582,"{
  ""coordinates"": [
    -8.307471893899999e+01,
    4.240582325000000e+01
  ],
  ""type"": ""Point""
}","{
  ""coordinates"": [
    -83.074718939,
    42.40582325
  ],
  ""type"": ""Point""
}",-83.074718939,42.40582325
22579,9599423,I-94,I-96,2016-01-12,12,1,2016,9,3,5,1,,1,0,,4,2,1,55,3,3,6,5,0,0,0,0,true,,false,false,false,false,false,,,,,,false,false,false,,,false,false,false,false,false,-83.09547,42.35138,"{
  ""coordinates"": [
    -8.309547392499999e+01,
    4.235137509300010e+01
  ],
  ""type"": ""Point""
}","{
  ""coordinates"": [
    -83.095473925,
    42.351375093
  ],
  ""type"": ""Point""
}",-83.095473925,42.3513750930001
22580,9597310,VAN DYKE,MILBANK,2016-01-12,12,1,2016,18,3,97,3,,1,0,,6,1,4,35,4,2,2,5,0,0,0,0,true,,false,false,true,false,false,,,,,,false,true,false,,,false,false,false,false,false,-83.02458,42.44363,"{
  ""coordinates"": [
    -8.302458484100001e+01,
    4.244363048200010e+01
  ],
  ""type"": ""Point""
}","{
  ""coordinates"": [
    -83.024584841,
    42.443630482
  ],
  ""type"": ""Point""
}",-83.024584841,42.4436304820001
22581,9601796,DAVISON,OAKMAN,2016-01-12,12,1,2016,15,3,5,3,,1,0,,2,2,1,35,3,2,2,4,0,0,0,1,false,,false,false,true,false,false,,,,,,false,false,false,,,false,false,false,false,false,-83.14394,42.3863,"{
  ""coordinates"": [
    -8.314394336700001e+01,
    4.238629806500010e+01
  ],
  ""type"": ""Point""
}","{
  ""coordinates"": [
    -83.143943367,
    42.386298065
  ],
  ""type"": ""Point""
}",-83.143943367,42.3862980650001
22582,9598794,GRAND RIVER,COMMONWEALTH,2016-01-12,12,1,2016,10,3,1,3,,1,1,,4,2,1,35,7,1,1,5,0,0,0,0,true,,false,false,false,false,false,,,,,,false,false,false,,,false,false,false,false,false,-83.07481,42.34285,"{
  ""coordinates"": [
    -8.307480338999990e+01,
    4.234284728100000e+01
  ],
  ""type"": ""Point""
}","{
  ""coordinates"": [
    -83.07480339,
    42.342847281
  ],
  ""type"": ""Point""
}",-83.0748033899999,42.342847281
22583,9597332,LIVERNOIS,PURITAN,2016-01-12,12,1,2016,12,3,5,9,,4,0,,3,5,1,30,2,2,2,5,0,0,0,0,true,,false,false,false,false,false,,,,,,false,false,true,,,false,false,false,false,false,-83.14067,42.40989,"{
  ""coordinates"": [
    -8.314066822200000e+01,
    4.240988639500010e+01
  ],
  ""type"": ""Point""
}","{
  ""coordinates"": [
    -83.140668222,
    42.409886395
  ],
  ""type"": ""Point""
}",-83.140668222,42.4098863950001
22584,9610510,JOY,GREENFIELD,2016-01-12,12,1,2016,19,3,4,9,,2,0,,1,1,5,25,2,2,3,5,0,0,0,0,true,,false,false,false,false,false,,,,,,false,false,true,,,false,false,false,false,false,-83.19699,42.35813,"{
  ""coordinates"": [
    -8.319698842799990e+01,
    4.235812750900000e+01
  ],
  ""type"": ""Point""
}","{
  ""coordinates"": [
    -83.196988428,
    42.358127509
  ],
  ""type"": ""Point""
}",-83.1969884279999,42.358127509
22585,9596654,RAMP 215F,E/B I-94,2016-01-12,12,1,2016,15,3,5,1,,1,0,,3,1,1,55,1,2,2,5,0,0,0,0,true,,false,false,false,false,false,,,,,,false,false,false,,,false,false,false,false,false,-83.07333,42.3609,"{
  ""coordinates"": [
    -8.307332588600001e+01,
    4.236090316100010e+01
  ],
  ""type"": ""Point""
}","{
  ""coordinates"": [
    -83.073325886,
    42.360903161
  ],
  ""type"": ""Point""
}",-83.073325886,42.3609031610001
22586,9597204,CHICAGO,HAMILTON,2016-01-12,12,1,2016,16,3,5,9,,4,0,,3,1,1,25,2,2,2,5,0,0,0,0,true,,false,false,true,false,false,,,,,,false,false,false,,,false,false,false,false,false,-83.09311,42.3832,"{
  ""coordinates"": [
    -8.309310545499990e+01,
    4.238320330600000e+01
  ],
  ""type"": ""Point""
}","{
  ""coordinates"": [
    -83.093105455,
    42.383203306
  ],
  ""type"": ""Point""
}",-83.0931054549999,42.383203306
22587,9596613,DAVISON,WWODWARD,2016-01-12,12,1,2016,13,3,5,9,,,0,,4,5,1,70,3,2,2,5,0,0,0,0,true,,false,false,true,false,false,,,,,,false,false,false,,,false,false,false,false,false,-83.20701,42.38466,"{
  ""coordinates"": [
    -8.320701213200000e+01,
    4.238466083200010e+01
  ],
  ""type"": ""Point""
}","{
  ""coordinates"": [
    -83.207012132,
    42.384660832
  ],
  ""type"": ""Point""
}",-83.207012132,42.3846608320001
22588,9599398,N M 10,E I 94,2016-01-12,12,1,2016,5,3,1,3,,1,1,,4,5,4,55,3,1,1,5,0,0,0,0,true,,false,false,false,false,false,,,,,,false,false,false,,,false,false,false,false,false,-83.0759,42.35884,"{
  ""coordinates"": [
    -8.307589735700000e+01,
    4.235884581000000e+01
  ],
  ""type"": ""Point""
}","{
  ""coordinates"": [
    -83.075897357,
    42.35884581
  ],
  ""type"": ""Point""
}",-83.075897357,42.35884581
22589,9597236,EVERGREEN,JOY,2016-01-12,12,1,2016,18,3,4,9,,4,0,,3,1,4,35,4,3,2,5,0,0,0,0,true,,false,false,false,false,false,,,,,,false,false,true,,,false,false,false,false,false,-83.23595,42.35812,"{
  ""coordinates"": [
    -8.323595277899990e+01,
    4.235811979400010e+01
  ],
  ""type"": ""Point""
}","{
  ""coordinates"": [
    -83.235952779,
    42.358119794
  ],
  ""type"": ""Point""
}",-83.2359527789999,42.3581197940001
22590,9646690,BIRWOOD,EATON,2016-01-12,12,1,2016,16,3,97,9,,,0,,4,1,1,25,2,2,1,5,0,0,0,0,true,,false,false,true,false,false,,,,,,false,false,false,,,false,false,false,false,false,-83.16376,42.39875,"{
  ""coordinates"": [
    -8.316376038100000e+01,
    4.239875434800010e+01
  ],
  ""type"": ""Point""
}","{
  ""coordinates"": [
    -83.163760381,
    42.398754348
  ],
  ""type"": ""Point""
}",-83.163760381,42.3987543480001
22591,9596748,I 94,LIVERNOIS,2016-01-12,12,1,2016,18,3,5,1,,1,0,,3,5,4,55,3,2,2,5,0,0,0,0,true,,false,false,false,false,false,,,,,,false,false,false,,,false,false,false,false,false,-83.12923,42.33575,"{
  ""coordinates"": [
    -8.312923353100000e+01,
    4.233575188500000e+01
  ],
  ""type"": ""Point""
}","{
  ""coordinates"": [
    -83.129233531,
    42.335751885
  ],
  ""type"": ""Point""
}",-83.129233531,42.335751885
22592,9597193,JOHN R,HARPER,2016-01-11,11,1,2016,8,2,4,9,,4,0,,3,1,1,25,2,2,2,5,0,0,0,0,true,,true,false,false,false,false,,,,,,false,true,false,,,false,false,false,false,false,-83.06774,42.36606,"{
  ""coordinates"": [
    -8.306774225100000e+01,
    4.236606179400010e+01
  ],
  ""type"": ""Point""
}","{
  ""coordinates"": [
    -83.067742251,
    42.366061794
  ],
  ""type"": ""Point""
}",-83.067742251,42.3660617940001
22593,9597210,W I 96 SERVICE DRIVE,SCHAEFER,2016-01-11,11,1,2016,14,2,1,1,,1,1,,3,1,1,35,1,1,1,5,0,0,0,0,true,,false,false,false,false,false,,,,,,false,false,false,,,false,false,false,false,false,-83.17834,42.38382,"{
  ""coordinates"": [
    -8.317833701399999e+01,
    4.238381639800010e+01
  ],
  ""type"": ""Point""
}","{
  ""coordinates"": [
    -83.178337014,
    42.383816398
  ],
  ""type"": ""Point""
}",-83.178337014,42.3838163980001
22594,9597297,CASINO,WAYBURN,2016-01-11,11,1,2016,16,2,4,9,,,0,,1,1,1,25,2,2,2,5,0,0,0,0,true,,false,false,false,false,false,,,,,,false,false,false,,,false,false,false,false,false,-82.94856,42.42783,"{
  ""coordinates"": [
    -8.294856395300000e+01,
    4.242782499600000e+01
  ],
  ""type"": ""Point""
}","{
  ""coordinates"": [
    -82.948563953,
    42.427824996
  ],
  ""type"": ""Point""
}",-82.948563953,42.427824996
22595,9597326,INVERNESS,FLORENCE,2016-01-11,11,1,2016,16,2,4,9,,,3,,3,2,1,25,1,2,0,5,0,0,0,0,true,,false,false,true,false,false,,,,,,false,false,false,,,false,false,false,false,false,-83.12289,42.41304,"{
  ""coordinates"": [
    -8.312288366199989e+01,
    4.241303949200010e+01
  ],
  ""type"": ""Point""
}","{
  ""coordinates"": [
    -83.122883662,
    42.413039492
  ],
  ""type"": ""Point""
}",-83.1228836619999,42.4130394920001
22596,9597199,MENDOTA,CURTIS,2016-01-11,11,1,2016,15,2,4,9,,,0,,3,2,1,25,2,2,4,5,0,0,0,0,true,,false,false,false,false,false,,,,,,false,true,false,,,false,false,false,false,false,-83.16615,42.42408,"{
  ""coordinates"": [
    -8.316614953100000e+01,
    4.242407436100010e+01
  ],
  ""type"": ""Point""
}","{
  ""coordinates"": [
    -83.166149531,
    42.424074361
  ],
  ""type"": ""Point""
}",-83.166149531,42.4240743610001
22597,9593276,CONNER,KERCHEVAL,2016-01-11,11,1,2016,7,2,4,9,,4,0,,2,5,2,30,7,2,2,5,0,0,0,0,true,,false,false,false,false,false,,,,,,false,false,false,,,false,false,false,false,false,-82.9613,42.37368,"{
  ""coordinates"": [
    -8.296130086600000e+01,
    4.237368276600010e+01
  ],
  ""type"": ""Point""
}","{
  ""coordinates"": [
    -82.961300866,
    42.373682766
  ],
  ""type"": ""Point""
}",-82.961300866,42.3736827660001
22598,9597298,CORNWALL,KENSINGTON,2016-01-11,11,1,2016,10,2,8,9,,,0,,3,5,1,25,2,2,1,5,0,0,0,0,true,,false,false,true,false,false,,,,,,false,false,true,,,false,false,false,false,false,-82.93416,42.40239,"{
  ""coordinates"": [
    -8.293415725999991e+01,
    4.240239448500010e+01
  ],
  ""type"": ""Point""
}","{
  ""coordinates"": [
    -82.93415726,
    42.402394485
  ],
  ""type"": ""Point""
}",-82.9341572599999,42.4023944850001
22599,9597209,I96,SCHAEFER,2016-01-11,11,1,2016,14,2,8,1,,1,0,,3,1,1,35,4,2,2,5,0,0,0,0,true,,false,false,false,false,false,,,,,,false,false,true,,,false,false,false,false,false,-83.17843,42.38266,"{
  ""coordinates"": [
    -8.317843032600000e+01,
    4.238265844400010e+01
  ],
  ""type"": ""Point""
}","{
  ""coordinates"": [
    -83.178430326,
    42.382658444
  ],
  ""type"": ""Point""
}",-83.178430326,42.3826584440001
22600,9597155,I96,SOUTHFIELD,2016-01-11,11,1,2016,8,2,5,1,,1,0,,1,2,1,70,3,3,3,5,0,0,0,0,true,,false,false,false,false,false,,,,,,false,false,false,,,false,false,false,false,false,-83.21474,42.37867,"{
  ""coordinates"": [
    -8.321473903799991e+01,
    4.237867526900000e+01
  ],
  ""type"": ""Point""
}","{
  ""coordinates"": [
    -83.214739038,
    42.378675269
  ],
  ""type"": ""Point""
}",-83.2147390379999,42.378675269
22601,9597240,GRISWOLD,CONGRESS,2016-01-11,11,1,2016,14,2,1,9,,4,0,,1,2,1,25,4,2,1,2,0,1,0,0,false,,false,false,false,false,false,,,,,,true,false,true,,,false,false,false,false,false,-83.04662,42.32977,"{
  ""coordinates"": [
    -8.304661611700000e+01,
    4.232976664300000e+01
  ],
  ""type"": ""Point""
}","{
  ""coordinates"": [
    -83.046616117,
    42.329766643
  ],
  ""type"": ""Point""
}",-83.046616117,42.329766643
22602,9600683,CHRYSLER,HOLBROOK,2016-01-11,11,1,2016,23,2,1,1,,1,1,,3,5,4,30,1,1,1,5,0,0,0,0,true,,false,false,false,false,false,,,,,,false,false,false,,,false,false,false,false,false,-83.06769,42.38596,"{
  ""coordinates"": [
    -8.306768812500000e+01,
    4.238595860300010e+01
  ],
  ""type"": ""Point""
}","{
  ""coordinates"": [
    -83.067688125,
    42.385958603
  ],
  ""type"": ""Point""
}",-83.067688125,42.3859586030001
22603,9602824,PAUL,N M 39,2016-01-11,11,1,2016,12,2,5,9,,4,0,,4,5,1,30,3,2,4,5,0,0,0,0,true,,false,false,false,false,false,,,,,,false,true,false,,,false,false,false,false,false,-83.21579,42.33613,"{
  ""coordinates"": [
    -8.321579024600000e+01,
    4.233613028100010e+01
  ],
  ""type"": ""Point""
}","{
  ""coordinates"": [
    -83.215790246,
    42.336130281
  ],
  ""type"": ""Point""
}",-83.215790246,42.3361302810001
22604,9598827,STOUT,VERNE,2016-01-11,11,1,2016,17,2,2,9,,,2,,3,1,3,25,2,2,0,5,0,0,0,0,true,,false,false,true,false,false,,,,,,false,false,false,,,false,false,false,false,false,-83.24213,42.41312,"{
  ""coordinates"": [
    -8.324213673799990e+01,
    4.241311727700000e+01
  ],
  ""type"": ""Point""
}","{
  ""coordinates"": [
    -83.242136738,
    42.413117277
  ],
  ""type"": ""Point""
}",-83.2421367379999,42.413117277
22605,9600679,WASHINGTON,JEFFERSON,2016-01-11,11,1,2016,19,2,5,9,,4,0,,1,1,4,30,2,2,3,5,0,0,0,0,true,,false,false,true,false,false,,,,,,false,false,false,,,false,false,false,false,false,-83.04785,42.32707,"{
  ""coordinates"": [
    -8.304785361599990e+01,
    4.232706962100010e+01
  ],
  ""type"": ""Point""
}","{
  ""coordinates"": [
    -83.047853616,
    42.327069621
  ],
  ""type"": ""Point""
}",-83.0478536159999,42.3270696210001
22606,9593270,8MILE,DEQIUNDRE,2016-01-11,11,1,2016,12,2,4,3,,1,0,,1,1,1,45,8,2,2,5,0,0,0,0,true,,true,true,false,false,false,,,,,,false,false,true,,,false,false,false,false,false,-83.0832,42.44702,"{
  ""coordinates"": [
    -8.308320162299999e+01,
    4.244702111700010e+01
  ],
  ""type"": ""Point""
}","{
  ""coordinates"": [
    -83.083201623,
    42.447021117
  ],
  ""type"": ""Point""
}",-83.083201623,42.4470211170001
22607,9596598,W I 94,S HARPER/N I 94,2016-01-11,11,1,2016,13,2,5,1,,1,0,,2,2,1,55,3,2,2,5,0,0,0,0,true,,false,false,true,false,false,,,,,,false,true,false,,,false,false,false,false,false,-82.92797,42.42565,"{
  ""coordinates"": [
    -8.292796806699990e+01,
    4.242564748800000e+01
  ],
  ""type"": ""Point""
}","{
  ""coordinates"": [
    -82.927968067,
    42.425647488
  ],
  ""type"": ""Point""
}",-82.9279680669999,42.425647488
22608,9598798,E I 94 SERVICE DRIVE,MOROSS,2016-01-11,11,1,2016,7,2,6,1,,4,0,,4,1,1,35,2,2,2,5,0,0,0,0,true,,false,false,true,false,false,,,,,,false,false,false,,,false,false,false,false,false,-82.92841,42.42419,"{
  ""coordinates"": [
    -8.292840341300000e+01,
    4.242418993800000e+01
  ],
  ""type"": ""Point""
}","{
  ""coordinates"": [
    -82.928403413,
    42.424189938
  ],
  ""type"": ""Point""
}",-82.928403413,42.424189938
22609,9597281,7MILE,OAKFIELD,2016-01-11,11,1,2016,13,2,5,9,,2,0,,3,1,1,35,3,2,1,4,0,0,0,1,false,,false,false,true,false,false,,,,,,false,true,false,,,false,false,false,false,false,-83.21501,42.43013,"{
  ""coordinates"": [
    -8.321501412000001e+01,
    4.243013240400010e+01
  ],
  ""type"": ""Point""
}","{
  ""coordinates"": [
    -83.21501412,
    42.430132404
  ],
  ""type"": ""Point""
}",-83.21501412,42.4301324040001
22610,9597309,BURLINGAME,2ND,2016-01-11,11,1,2016,23,2,9,9,,,2,,4,5,4,25,1,2,1,5,0,0,0,0,true,,false,false,false,false,false,,,,,,false,false,false,,,false,false,false,false,false,-83.09071,42.39085,"{
  ""coordinates"": [
    -8.309070782100000e+01,
    4.239084948200010e+01
  ],
  ""type"": ""Point""
}","{
  ""coordinates"": [
    -83.090707821,
    42.390849482
  ],
  ""type"": ""Point""
}",-83.090707821,42.3908494820001
22611,9599564,FORT,SPRINGWELLS,2016-01-11,11,1,2016,6,2,97,3,,1,0,,2,1,4,30,5,3,4,4,0,0,0,1,false,,false,false,false,false,false,,,,,,false,true,false,,,false,false,false,false,false,-83.11929,42.30015,"{
  ""coordinates"": [
    -8.311929610899990e+01,
    4.230015183100010e+01
  ],
  ""type"": ""Point""
}","{
  ""coordinates"": [
    -83.119296109,
    42.300151831
  ],
  ""type"": ""Point""
}",-83.1192961089999,42.3001518310001
22612,9597208,W I 96 SERVICE DRIVE,SCHAEFER,2016-01-11,11,1,2016,12,2,1,1,,1,1,,3,1,1,35,1,1,1,5,0,0,0,0,true,,false,false,false,false,false,,,,,,false,false,true,,,false,false,false,false,false,-83.17834,42.38382,"{
  ""coordinates"": [
    -8.317833701399999e+01,
    4.238381639800010e+01
  ],
  ""type"": ""Point""
}","{
  ""coordinates"": [
    -83.178337014,
    42.383816398
  ],
  ""type"": ""Point""
}",-83.178337014,42.3838163980001
22613,9596643,S/B I-75,8 MILE,2016-01-11,11,1,2016,10,2,1,1,,1,1,,2,1,1,70,4,1,1,5,0,0,0,0,true,,false,false,false,false,false,,,,,,false,false,false,,,false,false,false,false,false,-83.09521,42.44275,"{
  ""coordinates"": [
    -8.309520723599999e+01,
    4.244274518900000e+01
  ],
  ""type"": ""Point""
}","{
  ""coordinates"": [
    -83.095207236,
    42.442745189
  ],
  ""type"": ""Point""
}",-83.095207236,42.442745189
22614,9602830,TELEGRAPH,7 MILE,2016-01-11,11,1,2016,9,2,4,2,,1,0,,6,1,1,45,4,2,3,5,0,0,0,0,true,,false,false,false,false,false,,,,,,false,false,false,,,false,false,false,false,false,-83.27796,42.42838,"{
  ""coordinates"": [
    -8.327796150099989e+01,
    4.242837534300000e+01
  ],
  ""type"": ""Point""
}","{
  ""coordinates"": [
    -83.277961501,
    42.428375343
  ],
  ""type"": ""Point""
}",-83.2779615009999,42.428375343