ObjectId,Crash ID,Primary Road,Intersecting Road,Crash Date,Day,Month,Year,Hour,Weekday,Crash Type Code,Highway Classification Code,Community Code,Jurisdiction Code,Lane Departure Type Code,Surface Type,Road Condition,Weather Condition,Lighting Condition,Speed Limit,Lanes,Units,Occupants,Most Severe Injury,Fatal Injuries,Suspected Serious Injuries,Suspected Minor Injuries,Possible Injuries,Property Damage Only,Secondary Crash,Traffic Control,Red Light Run,Hit and Run,Alcohol,Drugs,Unbelted Person,Work Zone,Speeding Driver,Distracted Driver,Driveway,Pedestrian,Elderly Driver,Young Driver,Commercial Vehicle,Emergency Vehicles,Train,School Bus,Motorcycle,Bicycle,Deer,Longitude,Latitude,geom,geog,x,y
22615,9597223,FINDLAY,DRESDEN,2016-01-11,11,1,2016,22,2,5,9,,4,0,,4,5,4,25,2,2,2,5,0,0,0,0,true,,false,false,true,false,false,,,,,,false,false,false,,,false,false,false,false,false,-82.9918,42.4164,"{
  ""coordinates"": [
    -8.299179869200000e+01,
    4.241639861500000e+01
  ],
  ""type"": ""Point""
}","{
  ""coordinates"": [
    -82.991798692,
    42.416398615
  ],
  ""type"": ""Point""
}",-82.991798692,42.416398615
22616,9599588,LIVERNOIS,W I 94,2016-01-11,11,1,2016,15,2,97,9,,4,0,,4,1,1,25,4,1,1,5,0,0,0,0,true,,false,false,false,false,false,,,,,,false,false,false,,,false,false,false,false,false,-83.12493,42.33744,"{
  ""coordinates"": [
    -8.312493198800000e+01,
    4.233744262500010e+01
  ],
  ""type"": ""Point""
}","{
  ""coordinates"": [
    -83.124931988,
    42.337442625
  ],
  ""type"": ""Point""
}",-83.124931988,42.3374426250001
22617,9597194,BRUCH,BAILIMORE,2016-01-11,11,1,2016,15,2,5,9,,4,0,,3,2,1,25,2,2,2,5,0,0,0,0,true,,false,false,false,false,false,,,,,,false,true,false,,,false,false,false,false,false,-83.06742,42.3701,"{
  ""coordinates"": [
    -8.306742216899990e+01,
    4.237010258900010e+01
  ],
  ""type"": ""Point""
}","{
  ""coordinates"": [
    -83.067422169,
    42.370102589
  ],
  ""type"": ""Point""
}",-83.0674221689999,42.3701025890001
22618,9597270,I-96,EVERGREEN,2016-01-11,11,1,2016,23,2,97,1,,1,0,,4,5,5,55,3,2,1,5,0,0,0,0,true,,false,false,true,false,false,,,,,,false,false,false,,,false,false,false,false,false,-83.2366,42.37984,"{
  ""coordinates"": [
    -8.323660064800001e+01,
    4.237984110800010e+01
  ],
  ""type"": ""Point""
}","{
  ""coordinates"": [
    -83.236600648,
    42.379841108
  ],
  ""type"": ""Point""
}",-83.236600648,42.3798411080001
22619,9596710,WB I-94,DICKERSON,2016-01-11,11,1,2016,10,2,1,1,,1,0,,1,1,1,55,3,1,1,5,0,0,0,0,true,,false,false,false,false,false,,,,,,false,false,false,,,false,false,false,false,false,-82.97124,42.40203,"{
  ""coordinates"": [
    -8.297123756699990e+01,
    4.240203539300010e+01
  ],
  ""type"": ""Point""
}","{
  ""coordinates"": [
    -82.971237567,
    42.402035393
  ],
  ""type"": ""Point""
}",-82.9712375669999,42.4020353930001
22620,9593288,8 MILE,SCHEAFER,2016-01-11,11,1,2016,8,2,5,3,,1,0,,1,1,1,45,4,2,3,5,0,0,0,0,true,,false,false,false,false,false,,,,,,false,false,false,,,false,false,false,false,false,-83.18072,42.44519,"{
  ""coordinates"": [
    -8.318071536100000e+01,
    4.244519549600010e+01
  ],
  ""type"": ""Point""
}","{
  ""coordinates"": [
    -83.180715361,
    42.445195496
  ],
  ""type"": ""Point""
}",-83.180715361,42.4451954960001
22621,9601758,GRAND,SECOND,2016-01-11,11,1,2016,7,2,5,9,,4,0,,3,1,2,0,3,2,3,5,0,0,0,0,true,,false,false,false,false,false,,,,,,false,false,false,,,false,false,false,false,false,-83.06313,42.34483,"{
  ""coordinates"": [
    -8.306312522400000e+01,
    4.234483371700000e+01
  ],
  ""type"": ""Point""
}","{
  ""coordinates"": [
    -83.063125224,
    42.344833717
  ],
  ""type"": ""Point""
}",-83.063125224,42.344833717
22622,9597251,CASS,LAFAYETTE,2016-01-11,11,1,2016,16,2,5,9,,4,0,,3,1,1,30,2,2,2,5,0,0,0,0,true,,false,false,true,false,false,,,,,,false,false,false,,,false,false,false,false,false,-83.05138,42.3301,"{
  ""coordinates"": [
    -8.305137416399999e+01,
    4.233009868800010e+01
  ],
  ""type"": ""Point""
}","{
  ""coordinates"": [
    -83.051374164,
    42.330098688
  ],
  ""type"": ""Point""
}",-83.051374164,42.3300986880001
22623,9599562,SENATOR,CENTRAL,2016-01-11,11,1,2016,16,2,5,9,,,0,,3,2,1,25,4,2,3,4,0,0,0,2,false,,false,false,false,false,false,,,,,,false,false,false,,,false,false,false,false,false,-83.1234,42.3113,"{
  ""coordinates"": [
    -8.312339429900000e+01,
    4.231130077500010e+01
  ],
  ""type"": ""Point""
}","{
  ""coordinates"": [
    -83.123394299,
    42.311300775
  ],
  ""type"": ""Point""
}",-83.123394299,42.3113007750001
22624,9597182,MACK,MCCLELLAN,2016-01-11,11,1,2016,21,2,97,9,,4,0,,3,5,4,35,4,2,1,5,0,0,0,0,true,,true,true,true,false,false,,,,,,false,false,true,,,false,false,false,false,false,-82.99408,42.37206,"{
  ""coordinates"": [
    -8.299407801099990e+01,
    4.237206043400000e+01
  ],
  ""type"": ""Point""
}","{
  ""coordinates"": [
    -82.994078011,
    42.372060434
  ],
  ""type"": ""Point""
}",-82.9940780109999,42.372060434
22625,9597265,BISHOP,LINVILLE,2016-01-11,11,1,2016,19,2,1,9,,,1,,3,1,5,25,4,1,1,4,0,0,0,1,false,,false,false,false,false,false,,,,,,false,false,true,,,false,false,false,false,false,-82.93745,42.41149,"{
  ""coordinates"": [
    -8.293744325300000e+01,
    4.241148775400010e+01
  ],
  ""type"": ""Point""
}","{
  ""coordinates"": [
    -82.937443253,
    42.411487754
  ],
  ""type"": ""Point""
}",-82.937443253,42.4114877540001
22626,9597186,LARNED,BEAUBIEN,2016-01-11,11,1,2016,12,2,97,9,,4,0,,1,1,1,35,3,2,2,5,0,0,0,0,true,,false,false,false,false,false,,,,,,false,false,false,,,false,false,false,false,false,-83.04024,42.33158,"{
  ""coordinates"": [
    -8.304024049400000e+01,
    4.233157933800000e+01
  ],
  ""type"": ""Point""
}","{
  ""coordinates"": [
    -83.040240494,
    42.331579338
  ],
  ""type"": ""Point""
}",-83.040240494,42.331579338
22627,9610393,I-75,8 MILE,2016-01-11,11,1,2016,14,2,8,1,,1,0,,1,2,1,70,3,2,2,4,0,0,0,1,false,,false,false,false,false,false,,,,,,false,false,true,,,false,false,false,false,false,-83.09492,42.43956,"{
  ""coordinates"": [
    -8.309492860099991e+01,
    4.243956051400000e+01
  ],
  ""type"": ""Point""
}","{
  ""coordinates"": [
    -83.094928601,
    42.439560514
  ],
  ""type"": ""Point""
}",-83.0949286009999,42.439560514
22628,9597231,7 MILE,OHIO,2016-01-11,11,1,2016,9,2,4,9,,2,0,,2,2,1,30,4,2,2,4,0,0,0,1,false,,false,false,false,false,false,,,,,,false,false,false,,,false,false,false,false,false,-83.15656,42.43139,"{
  ""coordinates"": [
    -8.315655512799999e+01,
    4.243138656200010e+01
  ],
  ""type"": ""Point""
}","{
  ""coordinates"": [
    -83.156555128,
    42.431386562
  ],
  ""type"": ""Point""
}",-83.156555128,42.4313865620001
22629,9596539,I-96,EVERGREEN,2016-01-11,11,1,2016,15,2,1,1,,1,1,,1,2,1,70,3,1,1,5,0,0,0,0,true,,false,false,false,false,false,,,,,,false,false,true,,,false,false,false,false,false,-83.23609,42.3801,"{
  ""coordinates"": [
    -8.323608984399991e+01,
    4.238009826600010e+01
  ],
  ""type"": ""Point""
}","{
  ""coordinates"": [
    -83.236089844,
    42.380098266
  ],
  ""type"": ""Point""
}",-83.2360898439999,42.3800982660001
22630,9607713,HARPER,GREENSBRO,2016-01-11,11,1,2016,8,2,1,9,,4,0,,3,98,98,30,4,1,0,5,0,0,0,0,true,,false,false,true,false,false,,,,,,false,false,false,,,false,false,false,false,false,-82.95624,42.4071,"{
  ""coordinates"": [
    -8.295623556000000e+01,
    4.240709961000000e+01
  ],
  ""type"": ""Point""
}","{
  ""coordinates"": [
    -82.95623556,
    42.40709961
  ],
  ""type"": ""Point""
}",-82.95623556,42.40709961
22631,9604897,BRUSH,WESTMINSTER,2016-01-11,11,1,2016,4,2,4,9,,4,0,,3,1,4,25,2,2,1,5,0,0,0,0,true,,false,false,true,false,false,,,,,,false,false,false,,,false,false,false,false,false,-83.07742,42.38754,"{
  ""coordinates"": [
    -8.307742179000000e+01,
    4.238753882900010e+01
  ],
  ""type"": ""Point""
}","{
  ""coordinates"": [
    -83.07742179,
    42.387538829
  ],
  ""type"": ""Point""
}",-83.07742179,42.3875388290001
22632,9593265,CURTIS,SAN JUAN,2016-01-11,11,1,2016,7,2,1,9,,4,0,,3,5,1,30,1,1,1,5,0,0,0,0,true,,false,false,false,false,false,,,,,,false,false,false,,,false,false,false,false,false,-83.14651,42.42434,"{
  ""coordinates"": [
    -8.314650660699991e+01,
    4.242433725500010e+01
  ],
  ""type"": ""Point""
}","{
  ""coordinates"": [
    -83.146506607,
    42.424337255
  ],
  ""type"": ""Point""
}",-83.1465066069999,42.4243372550001
22633,9599572,S I 75,SPRINGWELLS,2016-01-11,11,1,2016,10,2,8,1,,1,0,,3,5,1,25,1,2,2,5,0,0,0,0,true,,false,false,false,false,false,,,,,,false,false,false,,,false,false,false,false,false,-83.11931,42.30157,"{
  ""coordinates"": [
    -8.311930786300000e+01,
    4.230157202800010e+01
  ],
  ""type"": ""Point""
}","{
  ""coordinates"": [
    -83.119307863,
    42.301572028
  ],
  ""type"": ""Point""
}",-83.119307863,42.3015720280001
22634,9596586,RAMP 3217F,I-94,2016-01-11,11,1,2016,16,2,5,1,,1,0,,3,1,1,55,1,2,2,5,0,0,0,0,true,,false,false,false,false,false,,,,,,false,false,true,,,false,false,false,false,false,-83.03225,42.38049,"{
  ""coordinates"": [
    -8.303224773200000e+01,
    4.238049064500010e+01
  ],
  ""type"": ""Point""
}","{
  ""coordinates"": [
    -83.032247732,
    42.380490645
  ],
  ""type"": ""Point""
}",-83.032247732,42.3804906450001
22635,9599579,LAFAYETTE,DRAGOON,2016-01-11,11,1,2016,17,2,8,9,,4,0,,3,1,4,25,2,2,1,5,0,0,0,0,true,,false,false,false,false,false,,,,,,false,false,false,,,false,false,false,false,false,-83.10373,42.30906,"{
  ""coordinates"": [
    -8.310373242900000e+01,
    4.230905911300000e+01
  ],
  ""type"": ""Point""
}","{
  ""coordinates"": [
    -83.103732429,
    42.309059113
  ],
  ""type"": ""Point""
}",-83.103732429,42.309059113
22636,9619516,BURT,PLYMOUTH,2016-01-11,11,1,2016,16,2,5,9,,4,0,,3,2,1,30,6,2,3,4,0,0,0,1,false,,false,false,false,false,false,,,,,,false,false,false,,,false,false,false,false,false,-83.24622,42.37183,"{
  ""coordinates"": [
    -8.324621975799990e+01,
    4.237182697500000e+01
  ],
  ""type"": ""Point""
}","{
  ""coordinates"": [
    -83.246219758,
    42.371826975
  ],
  ""type"": ""Point""
}",-83.2462197579999,42.371826975
22637,9596647,I-75,DAVISON,2016-01-11,11,1,2016,14,2,5,1,,1,0,,1,1,1,70,4,2,2,5,0,0,0,0,true,,false,false,false,false,false,,,,,,false,false,true,,,false,false,false,false,false,-83.08216,42.41171,"{
  ""coordinates"": [
    -8.308215884600000e+01,
    4.241171159200010e+01
  ],
  ""type"": ""Point""
}","{
  ""coordinates"": [
    -83.082158846,
    42.411711592
  ],
  ""type"": ""Point""
}",-83.082158846,42.4117115920001
22638,9596711,NB M-10,WARREN,2016-01-11,11,1,2016,17,2,5,3,,1,0,,1,2,1,55,4,2,2,4,0,0,0,1,false,,false,false,false,false,false,,,,,,false,false,false,,,false,false,false,false,false,-83.07367,42.35429,"{
  ""coordinates"": [
    -8.307366804599999e+01,
    4.235428711800010e+01
  ],
  ""type"": ""Point""
}","{
  ""coordinates"": [
    -83.073668046,
    42.354287118
  ],
  ""type"": ""Point""
}",-83.073668046,42.3542871180001
22639,9597375,PRENTIS,2ND,2016-01-11,11,1,2016,20,2,5,9,,,0,,3,5,5,25,2,2,2,5,0,0,0,0,true,,false,false,false,false,false,,,,,,false,false,true,,,false,false,false,false,false,-83.06715,42.35229,"{
  ""coordinates"": [
    -8.306714832999999e+01,
    4.235228938900010e+01
  ],
  ""type"": ""Point""
}","{
  ""coordinates"": [
    -83.06714833,
    42.352289389
  ],
  ""type"": ""Point""
}",-83.06714833,42.3522893890001
22640,9596642,S I 75,FORT,2016-01-11,11,1,2016,8,2,5,1,,1,0,,1,1,1,70,3,2,2,5,0,0,0,0,true,,false,false,true,false,false,,,,,,false,false,false,,,false,false,false,false,false,-83.15223,42.27906,"{
  ""coordinates"": [
    -8.315222652800000e+01,
    4.227906594200000e+01
  ],
  ""type"": ""Point""
}","{
  ""coordinates"": [
    -83.152226528,
    42.279065942
  ],
  ""type"": ""Point""
}",-83.152226528,42.279065942
22641,9593275,WINDSOR,BERKSHIRE,2016-01-11,11,1,2016,11,2,5,9,,,0,,3,1,1,25,2,2,4,5,0,0,0,0,true,,false,false,true,false,false,,,,,,false,false,false,,,false,false,false,false,false,-82.93946,42.39237,"{
  ""coordinates"": [
    -8.293945736900000e+01,
    4.239236786800010e+01
  ],
  ""type"": ""Point""
}","{
  ""coordinates"": [
    -82.939457369,
    42.392367868
  ],
  ""type"": ""Point""
}",-82.939457369,42.3923678680001
22642,9597221,MACK,CADIEUX,2016-01-11,11,1,2016,17,2,9,9,,2,0,,4,5,1,35,4,2,2,5,0,0,0,0,true,,false,false,false,false,false,,,,,,false,true,false,,,false,false,false,false,false,-82.92241,42.39482,"{
  ""coordinates"": [
    -8.292240723600000e+01,
    4.239482116600000e+01
  ],
  ""type"": ""Point""
}","{
  ""coordinates"": [
    -82.922407236,
    42.394821166
  ],
  ""type"": ""Point""
}",-82.922407236,42.394821166
22643,9599563,FREER,EDWARD,2016-01-11,11,1,2016,19,2,4,9,,,0,,3,2,4,25,4,2,2,5,0,0,0,0,true,,false,false,false,false,false,,,,,,false,false,false,,,false,false,false,false,false,-83.13036,42.32611,"{
  ""coordinates"": [
    -8.313035587099991e+01,
    4.232611285100010e+01
  ],
  ""type"": ""Point""
}","{
  ""coordinates"": [
    -83.130355871,
    42.326112851
  ],
  ""type"": ""Point""
}",-83.1303558709999,42.3261128510001
22644,9597272,CHICAGO,OUTER,2016-01-11,11,1,2016,18,2,97,9,,2,0,,3,1,3,35,2,2,3,5,0,0,0,0,true,,false,false,false,false,false,,,,,,false,false,false,,,false,false,false,false,false,-83.26056,42.36438,"{
  ""coordinates"": [
    -8.326055845699990e+01,
    4.236438293700010e+01
  ],
  ""type"": ""Point""
}","{
  ""coordinates"": [
    -83.260558457,
    42.364382937
  ],
  ""type"": ""Point""
}",-83.2605584569999,42.3643829370001
22645,9593281,7 MILE,FAIRPORT,2016-01-11,11,1,2016,3,2,97,9,,4,0,,3,5,4,35,2,2,3,3,0,0,1,2,false,,false,false,true,false,false,,,,,,false,false,true,,,false,false,false,false,false,-82.99116,42.43478,"{
  ""coordinates"": [
    -8.299115449399990e+01,
    4.243478229200010e+01
  ],
  ""type"": ""Point""
}","{
  ""coordinates"": [
    -82.991154494,
    42.434782292
  ],
  ""type"": ""Point""
}",-82.9911544939999,42.4347822920001
22646,9593269,CHESTER,MOROSS,2016-01-11,11,1,2016,15,2,5,9,,4,0,,3,1,1,35,2,2,2,5,0,0,0,0,true,,false,false,false,false,false,,,,,,false,false,true,,,false,false,false,false,false,-82.92295,42.42221,"{
  ""coordinates"": [
    -8.292294996399990e+01,
    4.242220563100010e+01
  ],
  ""type"": ""Point""
}","{
  ""coordinates"": [
    -82.922949964,
    42.422205631
  ],
  ""type"": ""Point""
}",-82.9229499639999,42.4222056310001
22647,9602784,GLASTONBURY,EATON,2016-01-11,11,1,2016,13,2,5,9,,,0,,3,1,1,25,1,2,2,4,0,0,0,1,false,,false,false,false,false,false,,,,,,false,false,true,,,false,false,false,false,false,-83.22506,42.39605,"{
  ""coordinates"": [
    -8.322506223999990e+01,
    4.239605139900000e+01
  ],
  ""type"": ""Point""
}","{
  ""coordinates"": [
    -83.22506224,
    42.396051399
  ],
  ""type"": ""Point""
}",-83.2250622399999,42.396051399
22648,9597367,WARREN,WOODWARD,2016-01-11,11,1,2016,15,2,5,3,,4,0,,1,2,1,30,3,2,2,5,0,0,0,0,true,,false,false,false,false,false,,,,,,false,false,false,,,false,false,false,false,false,-83.06469,42.35687,"{
  ""coordinates"": [
    -8.306468715100000e+01,
    4.235687092600010e+01
  ],
  ""type"": ""Point""
}","{
  ""coordinates"": [
    -83.064687151,
    42.356870926
  ],
  ""type"": ""Point""
}",-83.064687151,42.3568709260001
22649,9599595,PITT,CARSON,2016-01-11,11,1,2016,15,2,5,9,,,0,,3,5,1,25,2,2,3,5,0,0,0,0,true,,false,false,true,false,false,,,,,,false,false,true,,,false,false,false,false,false,-83.12881,42.31322,"{
  ""coordinates"": [
    -8.312881665700000e+01,
    4.231321791400010e+01
  ],
  ""type"": ""Point""
}","{
  ""coordinates"": [
    -83.128816657,
    42.313217914
  ],
  ""type"": ""Point""
}",-83.128816657,42.3132179140001
22650,9596645,E/B I-94,TRUMBULL,2016-01-11,11,1,2016,14,2,1,1,,1,1,,1,1,1,55,3,1,2,5,0,0,0,0,true,,false,false,false,false,false,,,,,,false,false,true,,,false,false,false,false,false,-83.08985,42.35301,"{
  ""coordinates"": [
    -8.308985194099991e+01,
    4.235301374700000e+01
  ],
  ""type"": ""Point""
}","{
  ""coordinates"": [
    -83.089851941,
    42.353013747
  ],
  ""type"": ""Point""
}",-83.0898519409999,42.353013747
22651,9599596,LONYO,ST JOHN,2016-01-11,11,1,2016,15,2,5,9,,4,0,,3,1,1,25,2,2,1,5,0,0,0,0,true,,false,false,true,false,false,,,,,,false,false,false,,,false,false,false,false,false,-83.14037,42.32483,"{
  ""coordinates"": [
    -8.314036498599999e+01,
    4.232482519700010e+01
  ],
  ""type"": ""Point""
}","{
  ""coordinates"": [
    -83.140364986,
    42.324825197
  ],
  ""type"": ""Point""
}",-83.140364986,42.3248251970001
22652,9597317,PURITAN,LINWOOD,2016-01-11,11,1,2016,16,2,5,9,,4,0,,3,1,1,30,4,2,2,5,0,0,0,0,true,,false,false,false,false,false,,,,,,false,false,false,,,false,false,false,false,false,-83.12774,42.41015,"{
  ""coordinates"": [
    -8.312773939200000e+01,
    4.241015307200010e+01
  ],
  ""type"": ""Point""
}","{
  ""coordinates"": [
    -83.127739392,
    42.410153072
  ],
  ""type"": ""Point""
}",-83.127739392,42.4101530720001
22653,9596538,M-10,LA BELLE,2016-01-11,11,1,2016,9,2,97,9,,,0,,1,2,1,55,3,1,2,5,0,0,0,0,true,,false,false,false,false,false,,,,,,false,false,false,,,false,false,false,false,false,-83.11456,42.4004,"{
  ""coordinates"": [
    -8.311456654100000e+01,
    4.240039739500000e+01
  ],
  ""type"": ""Point""
}","{
  ""coordinates"": [
    -83.114566541,
    42.400397395
  ],
  ""type"": ""Point""
}",-83.114566541,42.400397395
22654,9597207,RAMP 137A,E I 96 SERVICE DRIVE,2016-01-11,11,1,2016,10,2,4,1,,1,0,,3,1,1,35,4,2,4,4,0,0,0,3,false,,false,false,false,false,false,,,,,,false,false,true,,,false,false,false,false,false,-83.17835,42.38268,"{
  ""coordinates"": [
    -8.317835528499999e+01,
    4.238267530900000e+01
  ],
  ""type"": ""Point""
}","{
  ""coordinates"": [
    -83.178355285,
    42.382675309
  ],
  ""type"": ""Point""
}",-83.178355285,42.382675309
22655,9593283,PASADENA,LASALLE,2016-01-11,11,1,2016,11,2,97,9,,,0,,1,1,1,25,1,2,1,5,0,0,0,0,true,,false,false,true,false,false,,,,,,false,false,true,,,false,false,false,false,false,-83.12067,42.3964,"{
  ""coordinates"": [
    -8.312067580699990e+01,
    4.239639656200010e+01
  ],
  ""type"": ""Point""
}","{
  ""coordinates"": [
    -83.120675807,
    42.396396562
  ],
  ""type"": ""Point""
}",-83.1206758069999,42.3963965620001
22656,9597286,RUTHERFORD,MCNICHOLS,2016-01-11,11,1,2016,13,2,97,9,,,0,,4,5,1,25,2,2,1,5,0,0,0,0,true,,false,false,false,false,false,,,,,,false,true,false,,,false,false,false,false,false,-83.2047,42.41545,"{
  ""coordinates"": [
    -8.320469956499990e+01,
    4.241544565200010e+01
  ],
  ""type"": ""Point""
}","{
  ""coordinates"": [
    -83.204699565,
    42.415445652
  ],
  ""type"": ""Point""
}",-83.2046995649999,42.4154456520001
22657,9599571,MICHIGAN,CECIL,2016-01-11,11,1,2016,8,2,97,2,,1,0,,3,5,1,25,4,1,1,5,0,0,0,0,true,,false,false,true,false,false,,,,,,false,false,false,,,false,false,false,false,false,-83.13185,42.33111,"{
  ""coordinates"": [
    -8.313184823200000e+01,
    4.233110911100000e+01
  ],
  ""type"": ""Point""
}","{
  ""coordinates"": [
    -83.131848232,
    42.331109111
  ],
  ""type"": ""Point""
}",-83.131848232,42.331109111
22658,9597318,TROJAN,CAROL,2016-01-11,11,1,2016,16,2,4,9,,,0,,3,1,1,25,2,2,4,5,0,0,0,0,true,,false,false,true,false,false,,,,,,false,false,false,,,false,false,false,false,false,-83.19421,42.44144,"{
  ""coordinates"": [
    -8.319421591600000e+01,
    4.244143678100000e+01
  ],
  ""type"": ""Point""
}","{
  ""coordinates"": [
    -83.194215916,
    42.441436781
  ],
  ""type"": ""Point""
}",-83.194215916,42.441436781
22659,9597307,CURTIS,GREENLAWN,2016-01-11,11,1,2016,17,2,5,9,,4,0,,3,1,4,25,2,2,19,3,0,0,2,0,false,,false,false,false,false,false,,,,,,false,false,true,,,false,false,false,false,false,-83.15149,42.42428,"{
  ""coordinates"": [
    -8.315148581200000e+01,
    4.242428217700010e+01
  ],
  ""type"": ""Point""
}","{
  ""coordinates"": [
    -83.151485812,
    42.424282177
  ],
  ""type"": ""Point""
}",-83.151485812,42.4242821770001
22660,9603631,DAVISON,RAMP 047F,2016-01-11,11,1,2016,18,2,1,9,,4,1,,3,1,4,55,3,1,1,5,0,0,0,0,true,,false,false,false,false,false,,,,,,false,false,false,,,false,false,false,false,false,-83.07908,42.40908,"{
  ""coordinates"": [
    -8.307908048800000e+01,
    4.240908012800000e+01
  ],
  ""type"": ""Point""
}","{
  ""coordinates"": [
    -83.079080488,
    42.409080128
  ],
  ""type"": ""Point""
}",-83.079080488,42.409080128
22661,9599551,HOMER,LAWNDALE,2016-01-11,11,1,2016,10,2,8,9,,,0,,3,1,1,25,3,2,1,5,0,0,0,0,true,,false,false,false,false,false,,,,,,false,false,true,,,false,false,false,false,false,-83.12811,42.30307,"{
  ""coordinates"": [
    -8.312810417999999e+01,
    4.230307156500000e+01
  ],
  ""type"": ""Point""
}","{
  ""coordinates"": [
    -83.12810418,
    42.303071565
  ],
  ""type"": ""Point""
}",-83.12810418,42.303071565
22662,9599599,DIX,CENTRAL,2016-01-11,11,1,2016,13,2,5,9,,4,0,,3,1,1,30,2,3,3,5,0,0,0,0,true,,false,false,false,false,false,,,,,,false,true,true,,,false,false,false,false,false,-83.12759,42.31715,"{
  ""coordinates"": [
    -8.312759485500000e+01,
    4.231715541600000e+01
  ],
  ""type"": ""Point""
}","{
  ""coordinates"": [
    -83.127594855,
    42.317155416
  ],
  ""type"": ""Point""
}",-83.127594855,42.317155416
22663,9597185,DAVISON,DEXTER,2016-01-11,11,1,2016,8,2,5,3,,1,0,,1,1,1,25,3,2,2,5,0,0,0,0,true,,false,false,false,false,false,,,,,,false,false,false,,,false,false,false,false,false,-83.13087,42.38974,"{
  ""coordinates"": [
    -8.313086397700000e+01,
    4.238974160200010e+01
  ],
  ""type"": ""Point""
}","{
  ""coordinates"": [
    -83.130863977,
    42.389741602
  ],
  ""type"": ""Point""
}",-83.130863977,42.3897416020001
22664,9599600,DIX,CENTRAL,2016-01-11,11,1,2016,14,2,5,9,,4,0,,3,1,1,30,2,3,4,5,0,0,0,0,true,,false,false,true,false,false,,,,,,false,true,false,,,false,false,false,false,false,-83.12759,42.31715,"{
  ""coordinates"": [
    -8.312759485500000e+01,
    4.231715541600000e+01
  ],
  ""type"": ""Point""
}","{
  ""coordinates"": [
    -83.127594855,
    42.317155416
  ],
  ""type"": ""Point""
}",-83.127594855,42.317155416
22665,9599597,CAMPBELL,BUCHANAN,2016-01-11,11,1,2016,8,2,8,9,,,0,,3,5,1,25,3,2,1,5,0,0,0,0,true,,false,false,false,false,false,,,,,,false,false,false,,,false,false,false,false,false,-83.11674,42.33493,"{
  ""coordinates"": [
    -8.311673622799999e+01,
    4.233492919800010e+01
  ],
  ""type"": ""Point""
}","{
  ""coordinates"": [
    -83.116736228,
    42.334929198
  ],
  ""type"": ""Point""
}",-83.116736228,42.3349291980001
22666,9596672,W I 94,RAMP 216H,2016-01-11,11,1,2016,7,2,1,1,,1,1,,3,1,2,55,2,1,1,5,0,0,0,0,true,,false,false,false,false,false,,,,,,false,true,false,,,false,false,false,false,false,-83.06014,42.3675,"{
  ""coordinates"": [
    -8.306013882500000e+01,
    4.236750495200000e+01
  ],
  ""type"": ""Point""
}","{
  ""coordinates"": [
    -83.060138825,
    42.367504952
  ],
  ""type"": ""Point""
}",-83.060138825,42.367504952
22667,9597183,CONGRESS,BRUSH,2016-01-11,11,1,2016,10,2,8,9,,4,0,,1,1,1,30,8,2,2,5,0,0,0,0,true,,false,false,false,false,false,,,,,,false,false,false,,,false,false,false,false,false,-83.04185,42.3319,"{
  ""coordinates"": [
    -8.304185093099990e+01,
    4.233190259600010e+01
  ],
  ""type"": ""Point""
}","{
  ""coordinates"": [
    -83.041850931,
    42.331902596
  ],
  ""type"": ""Point""
}",-83.0418509309999,42.3319025960001
22668,9593289,GREENLAWN,CURTIS,2016-01-11,11,1,2016,12,2,5,9,,,0,,3,1,1,20,4,2,1,5,0,0,0,0,true,,false,false,true,false,false,,,,,,false,false,false,,,false,false,false,false,false,-83.15157,42.42428,"{
  ""coordinates"": [
    -8.315156388600001e+01,
    4.242428130300000e+01
  ],
  ""type"": ""Point""
}","{
  ""coordinates"": [
    -83.151563886,
    42.424281303
  ],
  ""type"": ""Point""
}",-83.151563886,42.424281303
22669,9596644,S M 39,CSX TRANSPORTATION,2016-01-11,11,1,2016,11,2,5,3,,1,0,,1,1,1,55,3,2,2,5,0,0,0,0,true,,false,false,false,false,false,,,,,,false,false,true,,,false,false,false,false,false,-83.21655,42.36498,"{
  ""coordinates"": [
    -8.321655220900000e+01,
    4.236498411700010e+01
  ],
  ""type"": ""Point""
}","{
  ""coordinates"": [
    -83.216552209,
    42.364984117
  ],
  ""type"": ""Point""
}",-83.216552209,42.3649841170001
22670,9596540,I-94,SECOND,2016-01-11,11,1,2016,16,2,5,1,,1,0,,1,2,1,55,3,3,3,5,0,0,0,0,true,,false,false,false,false,false,,,,,,false,false,false,,,false,false,false,false,false,-83.07225,42.36186,"{
  ""coordinates"": [
    -8.307225319299990e+01,
    4.236186212400000e+01
  ],
  ""type"": ""Point""
}","{
  ""coordinates"": [
    -83.072253193,
    42.361862124
  ],
  ""type"": ""Point""
}",-83.0722531929999,42.361862124
22671,9597190,DICKERSON,KILBORN,2016-01-11,11,1,2016,21,2,97,9,,4,0,,4,5,5,25,2,2,1,5,0,0,0,0,true,,false,false,true,false,false,,,,,,false,false,false,,,false,false,false,false,false,-82.98042,42.41386,"{
  ""coordinates"": [
    -8.298042402800000e+01,
    4.241385611800010e+01
  ],
  ""type"": ""Point""
}","{
  ""coordinates"": [
    -82.980424028,
    42.413856118
  ],
  ""type"": ""Point""
}",-82.980424028,42.4138561180001