ObjectId,Crash ID,Primary Road,Intersecting Road,Crash Date,Day,Month,Year,Hour,Weekday,Crash Type Code,Highway Classification Code,Community Code,Jurisdiction Code,Lane Departure Type Code,Surface Type,Road Condition,Weather Condition,Lighting Condition,Speed Limit,Lanes,Units,Occupants,Most Severe Injury,Fatal Injuries,Suspected Serious Injuries,Suspected Minor Injuries,Possible Injuries,Property Damage Only,Secondary Crash,Traffic Control,Red Light Run,Hit and Run,Alcohol,Drugs,Unbelted Person,Work Zone,Speeding Driver,Distracted Driver,Driveway,Pedestrian,Elderly Driver,Young Driver,Commercial Vehicle,Emergency Vehicles,Train,School Bus,Motorcycle,Bicycle,Deer,Longitude,Latitude,geom,geog,x,y
22785,9596616,I75,DAVISON,2016-01-10,10,1,2016,15,1,1,1,,1,1,,3,2,1,55,4,1,2,5,0,0,0,0,true,,false,false,false,false,false,,,,,,false,false,true,,,false,false,false,false,false,-83.07294,42.40349,"{
  ""coordinates"": [
    -8.307293849099990e+01,
    4.240348865800010e+01
  ],
  ""type"": ""Point""
}","{
  ""coordinates"": [
    -83.072938491,
    42.403488658
  ],
  ""type"": ""Point""
}",-83.0729384909999,42.4034886580001
22786,9596665,W I 96,MEYERS,2016-01-10,10,1,2016,6,1,1,1,,1,1,,2,4,4,55,3,1,1,5,0,0,0,0,true,,false,false,false,false,false,,,,,,false,false,false,,,false,false,false,false,false,-83.16886,42.38525,"{
  ""coordinates"": [
    -8.316886336499989e+01,
    4.238524782400000e+01
  ],
  ""type"": ""Point""
}","{
  ""coordinates"": [
    -83.168863365,
    42.385247824
  ],
  ""type"": ""Point""
}",-83.1688633649999,42.385247824
22787,9591304,GRANDVIEW,7MILE,2016-01-10,10,1,2016,0,1,8,3,,,0,,1,1,4,25,2,2,1,5,0,0,0,0,true,,false,false,false,false,false,,,,,,false,false,false,,,false,false,false,false,false,-83.28532,42.42808,"{
  ""coordinates"": [
    -8.328531556900001e+01,
    4.242807775800000e+01
  ],
  ""type"": ""Point""
}","{
  ""coordinates"": [
    -83.285315569,
    42.428077758
  ],
  ""type"": ""Point""
}",-83.285315569,42.428077758
22788,9599552,N I 75,RAMP 216D,2016-01-10,10,1,2016,14,1,1,1,,1,1,,6,5,1,55,2,1,1,5,0,0,0,0,true,,false,false,false,false,false,,,,,,false,false,false,,,false,false,false,false,false,-83.05791,42.3685,"{
  ""coordinates"": [
    -8.305791035500000e+01,
    4.236849511900000e+01
  ],
  ""type"": ""Point""
}","{
  ""coordinates"": [
    -83.057910355,
    42.368495119
  ],
  ""type"": ""Point""
}",-83.057910355,42.368495119
22789,9596571,I-96,LIVERNOIS,2016-01-10,10,1,2016,12,1,8,1,,1,0,,3,5,1,55,4,2,2,5,0,0,0,0,true,,false,false,false,false,false,,,,,,false,false,true,,,false,false,false,false,false,-83.13842,42.36726,"{
  ""coordinates"": [
    -8.313841678400000e+01,
    4.236726419100010e+01
  ],
  ""type"": ""Point""
}","{
  ""coordinates"": [
    -83.138416784,
    42.367264191
  ],
  ""type"": ""Point""
}",-83.138416784,42.3672641910001
22790,9592584,SOUTHFIELD SERVICE,WARREN,2016-01-10,10,1,2016,0,1,97,3,,1,1,,1,1,4,35,2,1,5,3,0,0,3,1,false,,false,false,true,false,false,,,,,,false,false,false,,,false,false,false,false,false,-83.21603,42.34117,"{
  ""coordinates"": [
    -8.321603056600000e+01,
    4.234117091600010e+01
  ],
  ""type"": ""Point""
}","{
  ""coordinates"": [
    -83.216030566,
    42.341170916
  ],
  ""type"": ""Point""
}",-83.216030566,42.3411709160001
22791,9599400,FRENCH,E I 94 SERVICE DRIVE,2016-01-10,10,1,2016,6,1,3,9,,4,0,,2,2,4,25,4,2,1,5,0,0,0,0,true,,false,false,true,false,false,,,,,,false,false,false,,,false,false,false,false,false,-82.99529,42.39149,"{
  ""coordinates"": [
    -8.299528494099999e+01,
    4.239148703600010e+01
  ],
  ""type"": ""Point""
}","{
  ""coordinates"": [
    -82.995284941,
    42.391487036
  ],
  ""type"": ""Point""
}",-82.995284941,42.3914870360001
22792,9596741,I-75,HOLBROOK,2016-01-10,10,1,2016,15,1,8,1,,1,0,,6,2,1,55,4,3,3,5,0,0,0,0,true,,false,false,false,false,false,,,,,,false,true,true,,,false,false,false,false,false,-83.06615,42.38319,"{
  ""coordinates"": [
    -8.306615343599999e+01,
    4.238318559600000e+01
  ],
  ""type"": ""Point""
}","{
  ""coordinates"": [
    -83.066153436,
    42.383185596
  ],
  ""type"": ""Point""
}",-83.066153436,42.383185596
22793,9606537,W I 94,CONSOLIDATED RAIL CORPORATION,2016-01-10,10,1,2016,12,1,97,1,,1,0,,4,5,1,55,3,2,1,5,0,0,0,0,true,,false,false,true,false,false,,,,,,false,false,true,,,false,false,false,false,false,-83.03108,42.38238,"{
  ""coordinates"": [
    -8.303108442300000e+01,
    4.238238045300010e+01
  ],
  ""type"": ""Point""
}","{
  ""coordinates"": [
    -83.031084423,
    42.382380453
  ],
  ""type"": ""Point""
}",-83.031084423,42.3823804530001
22794,9600682,WOODWARD,LOTHROP,2016-01-10,10,1,2016,5,1,4,3,,1,0,,2,4,4,30,4,2,2,4,0,0,0,2,false,,false,false,false,false,false,,,,,,false,false,false,,,false,false,false,false,false,-83.07416,42.37156,"{
  ""coordinates"": [
    -8.307415567600000e+01,
    4.237156071800010e+01
  ],
  ""type"": ""Point""
}","{
  ""coordinates"": [
    -83.074155676,
    42.371560718
  ],
  ""type"": ""Point""
}",-83.074155676,42.3715607180001
22795,9592566,JOHN R,7 MILE,2016-01-10,10,1,2016,10,1,5,9,,4,0,,3,5,1,30,4,2,2,5,0,0,0,0,true,,false,false,false,false,false,,,,,,false,true,true,,,false,false,false,false,false,-83.10236,42.432,"{
  ""coordinates"": [
    -8.310236154899999e+01,
    4.243200220500010e+01
  ],
  ""type"": ""Point""
}","{
  ""coordinates"": [
    -83.102361549,
    42.432002205
  ],
  ""type"": ""Point""
}",-83.102361549,42.4320022050001
22796,9596669,I-75,MACK,2016-01-10,10,1,2016,11,1,8,1,,1,0,,6,5,1,70,4,2,2,4,0,0,0,2,false,,false,false,false,false,false,,,,,,false,false,true,,,false,false,false,false,false,-83.04835,42.35148,"{
  ""coordinates"": [
    -8.304834556700000e+01,
    4.235148130800010e+01
  ],
  ""type"": ""Point""
}","{
  ""coordinates"": [
    -83.048345567,
    42.351481308
  ],
  ""type"": ""Point""
}",-83.048345567,42.3514813080001
22797,9596573,M-39,FITZPATRICK,2016-01-10,10,1,2016,14,1,8,3,,1,0,,3,2,1,55,3,2,2,5,0,0,0,0,true,,false,false,false,false,false,,,,,,false,false,false,,,false,false,false,false,false,-83.21635,42.36363,"{
  ""coordinates"": [
    -8.321635464199990e+01,
    4.236362836400010e+01
  ],
  ""type"": ""Point""
}","{
  ""coordinates"": [
    -83.216354642,
    42.363628364
  ],
  ""type"": ""Point""
}",-83.2163546419999,42.3636283640001
22798,9592600,7 MILE,RIOPELLE,2016-01-10,10,1,2016,1,1,8,9,,4,0,,1,1,4,35,4,2,1,5,0,0,0,0,true,,false,false,false,false,false,,,,,,false,false,false,,,false,false,false,false,false,-83.08652,42.43278,"{
  ""coordinates"": [
    -8.308652534100000e+01,
    4.243277659200000e+01
  ],
  ""type"": ""Point""
}","{
  ""coordinates"": [
    -83.086525341,
    42.432776592
  ],
  ""type"": ""Point""
}",-83.086525341,42.432776592
22799,9596574,E I 96,E M 8,2016-01-10,10,1,2016,15,1,1,1,,1,1,,3,2,1,70,3,1,1,5,0,0,0,0,true,,false,false,false,false,false,,,,,,false,false,false,,,false,false,false,false,false,-83.15115,42.38421,"{
  ""coordinates"": [
    -8.315114925200000e+01,
    4.238420913000000e+01
  ],
  ""type"": ""Point""
}","{
  ""coordinates"": [
    -83.151149252,
    42.38420913
  ],
  ""type"": ""Point""
}",-83.151149252,42.38420913
22800,9597241,LESURE,CLARITA,2016-01-10,10,1,2016,9,1,4,9,,,0,,4,5,1,25,2,2,4,5,0,0,0,0,true,,false,false,true,false,false,,,,,,false,true,false,,,false,false,false,false,false,-83.18279,42.42974,"{
  ""coordinates"": [
    -8.318279383399990e+01,
    4.242974589400010e+01
  ],
  ""type"": ""Point""
}","{
  ""coordinates"": [
    -83.182793834,
    42.429745894
  ],
  ""type"": ""Point""
}",-83.1827938339999,42.4297458940001
22801,9596705,S M 10,RAMP 119B,2016-01-10,10,1,2016,14,1,97,3,,1,0,,4,5,1,55,3,2,2,5,0,0,0,0,true,,false,false,false,false,false,,,,,,false,false,true,,,false,false,false,false,false,-83.0715,42.35023,"{
  ""coordinates"": [
    -8.307150316400001e+01,
    4.235023685300010e+01
  ],
  ""type"": ""Point""
}","{
  ""coordinates"": [
    -83.071503164,
    42.350236853
  ],
  ""type"": ""Point""
}",-83.071503164,42.3502368530001
22802,9597249,SCHAEFER,W I 96 SERVICE DRIVE,2016-01-10,10,1,2016,14,1,9,1,,4,0,,6,2,1,35,5,2,3,4,0,0,0,2,false,,false,false,true,false,false,,,,,,false,true,false,,,false,false,false,false,false,-83.17838,42.38388,"{
  ""coordinates"": [
    -8.317837746600000e+01,
    4.238388114700010e+01
  ],
  ""type"": ""Point""
}","{
  ""coordinates"": [
    -83.178377466,
    42.383881147
  ],
  ""type"": ""Point""
}",-83.178377466,42.3838811470001
22803,9596567,I-75,SCHAEFER,2016-01-10,10,1,2016,8,1,1,1,,1,1,,3,7,2,70,4,1,4,4,0,0,0,2,false,,false,false,false,false,false,,,,,,false,true,false,,,false,false,false,false,false,-83.15679,42.27716,"{
  ""coordinates"": [
    -8.315679290400000e+01,
    4.227716373800010e+01
  ],
  ""type"": ""Point""
}","{
  ""coordinates"": [
    -83.156792904,
    42.277163738
  ],
  ""type"": ""Point""
}",-83.156792904,42.2771637380001
22804,9591325,MOUND,HAMLET,2016-01-10,10,1,2016,3,1,5,9,,2,0,,2,1,4,35,4,2,3,5,0,0,0,0,true,,false,false,false,false,false,,,,,,false,true,false,,,false,false,false,false,false,-83.04421,42.44628,"{
  ""coordinates"": [
    -8.304421269499990e+01,
    4.244627681500000e+01
  ],
  ""type"": ""Point""
}","{
  ""coordinates"": [
    -83.044212695,
    42.446276815
  ],
  ""type"": ""Point""
}",-83.0442126949999,42.446276815
22805,9604926,STATE FAIR,BARLOW,2016-01-10,10,1,2016,21,1,4,9,,4,0,,1,1,4,20,4,2,1,5,0,0,0,0,true,,false,false,false,false,false,,,,,,false,false,false,,,false,false,false,false,false,-82.99633,42.44191,"{
  ""coordinates"": [
    -8.299633097400000e+01,
    4.244191035200000e+01
  ],
  ""type"": ""Point""
}","{
  ""coordinates"": [
    -82.996330974,
    42.441910352
  ],
  ""type"": ""Point""
}",-82.996330974,42.441910352
22806,9597215,SCHAEFER,GRANDRIVER,2016-01-10,10,1,2016,2,1,8,3,,4,0,,1,1,3,35,2,2,2,5,0,0,0,0,true,,false,false,true,false,false,,,,,,false,false,false,,,false,false,false,false,false,-83.1784,42.38449,"{
  ""coordinates"": [
    -8.317840007099990e+01,
    4.238449494100010e+01
  ],
  ""type"": ""Point""
}","{
  ""coordinates"": [
    -83.178400071,
    42.384494941
  ],
  ""type"": ""Point""
}",-83.1784000709999,42.3844949410001
22807,9610425,I-96,WARREN,2016-01-10,10,1,2016,11,1,8,1,,1,0,,4,5,1,55,5,2,1,5,0,0,0,0,true,,false,false,false,false,false,,,,,,false,false,false,,,false,false,false,false,false,-83.09579,42.34509,"{
  ""coordinates"": [
    -8.309579308900000e+01,
    4.234509338900010e+01
  ],
  ""type"": ""Point""
}","{
  ""coordinates"": [
    -83.095793089,
    42.345093389
  ],
  ""type"": ""Point""
}",-83.095793089,42.3450933890001
22808,9597296,VAN DYKE,SYLVESTER,2016-01-10,10,1,2016,10,1,4,9,,4,0,,3,7,1,25,2,2,2,5,0,0,0,0,true,,false,false,false,false,false,,,,,,false,false,false,,,false,false,false,false,false,-83.00788,42.36944,"{
  ""coordinates"": [
    -8.300787889299990e+01,
    4.236944006100000e+01
  ],
  ""type"": ""Point""
}","{
  ""coordinates"": [
    -83.007878893,
    42.369440061
  ],
  ""type"": ""Point""
}",-83.0078788929999,42.369440061
22809,9599584,JUNCTION,ELDRED,2016-01-10,10,1,2016,11,1,9,9,,4,2,,3,5,1,25,4,3,1,5,0,0,0,0,true,,false,false,false,false,false,,,,,,false,false,false,,,false,false,false,false,false,-83.10085,42.31646,"{
  ""coordinates"": [
    -8.310084552900000e+01,
    4.231645448300000e+01
  ],
  ""type"": ""Point""
}","{
  ""coordinates"": [
    -83.100845529,
    42.316454483
  ],
  ""type"": ""Point""
}",-83.100845529,42.316454483
22810,9597320,7 MILE,MOENART,2016-01-10,10,1,2016,4,1,97,9,,4,3,,4,5,2,25,1,2,0,5,0,0,0,0,true,,false,false,true,false,false,,,,,,false,false,false,,,false,false,false,false,false,-83.05059,42.4334,"{
  ""coordinates"": [
    -8.305058941199999e+01,
    4.243340161700010e+01
  ],
  ""type"": ""Point""
}","{
  ""coordinates"": [
    -83.050589412,
    42.433401617
  ],
  ""type"": ""Point""
}",-83.050589412,42.4334016170001
22811,9593266,MCNICHOLS,SCHAEFER,2016-01-10,10,1,2016,13,1,8,9,,2,0,,4,5,1,35,2,2,0,5,0,0,0,0,true,,false,false,true,false,false,,,,,,false,false,false,,,false,false,false,false,false,-83.17998,42.41658,"{
  ""coordinates"": [
    -8.317997533300000e+01,
    4.241658574100010e+01
  ],
  ""type"": ""Point""
}","{
  ""coordinates"": [
    -83.179975333,
    42.416585741
  ],
  ""type"": ""Point""
}",-83.179975333,42.4165857410001
22812,9596707,S M 10,WYOMING,2016-01-10,10,1,2016,15,1,1,3,,1,1,,4,1,1,55,3,1,1,5,0,0,0,0,true,,false,false,false,false,false,,,,,,false,false,true,,,false,false,false,false,false,-83.16012,42.40528,"{
  ""coordinates"": [
    -8.316012137800000e+01,
    4.240527540600000e+01
  ],
  ""type"": ""Point""
}","{
  ""coordinates"": [
    -83.160121378,
    42.405275406
  ],
  ""type"": ""Point""
}",-83.160121378,42.405275406
22813,9596666,S M 39,FULLERTON,2016-01-10,10,1,2016,8,1,1,3,,1,1,,2,5,2,55,3,1,3,4,0,0,0,1,false,,false,false,false,false,false,,,,,,false,false,true,,,false,false,false,false,false,-83.21737,42.38115,"{
  ""coordinates"": [
    -8.321737174000000e+01,
    4.238115434500000e+01
  ],
  ""type"": ""Point""
}","{
  ""coordinates"": [
    -83.21737174,
    42.381154345
  ],
  ""type"": ""Point""
}",-83.21737174,42.381154345
22814,9592561,WARRINGTON,8 MILE,2016-01-10,10,1,2016,6,1,5,9,,,0,,2,4,4,25,1,2,0,5,0,0,0,0,true,,false,false,true,false,false,,,,,,false,false,false,,,false,false,false,false,false,-83.14089,42.44528,"{
  ""coordinates"": [
    -8.314088832000000e+01,
    4.244528123700010e+01
  ],
  ""type"": ""Point""
}","{
  ""coordinates"": [
    -83.14088832,
    42.445281237
  ],
  ""type"": ""Point""
}",-83.14088832,42.4452812370001
22815,9591354,FLORENCE,LIVERNOIS,2016-01-09,9,1,2016,0,7,4,9,,,0,,2,4,4,30,6,2,3,5,0,0,0,0,true,,true,true,false,false,false,,,,,,false,false,true,,,false,false,false,false,false,-83.1405,42.41235,"{
  ""coordinates"": [
    -8.314050631800001e+01,
    4.241234892700000e+01
  ],
  ""type"": ""Point""
}","{
  ""coordinates"": [
    -83.140506318,
    42.412348927
  ],
  ""type"": ""Point""
}",-83.140506318,42.412348927
22816,9643108,KELLY,COLLINGHAM,2016-01-09,9,1,2016,17,7,5,9,,2,0,,1,1,4,35,3,3,3,4,0,0,0,1,false,,false,false,true,false,false,,,,,,false,false,false,,,false,false,false,false,false,-82.94269,42.44814,"{
  ""coordinates"": [
    -8.294268623700000e+01,
    4.244814263900000e+01
  ],
  ""type"": ""Point""
}","{
  ""coordinates"": [
    -82.942686237,
    42.448142639
  ],
  ""type"": ""Point""
}",-82.942686237,42.448142639
22817,9591282,GRAND,CHARLEVOIX,2016-01-09,9,1,2016,4,7,4,9,,4,0,,2,4,4,30,4,2,1,5,0,0,0,0,true,,false,false,true,false,false,,,,,,false,false,false,,,false,false,false,false,false,-83.01042,42.36011,"{
  ""coordinates"": [
    -8.301042523800000e+01,
    4.236010769300000e+01
  ],
  ""type"": ""Point""
}","{
  ""coordinates"": [
    -83.010425238,
    42.360107693
  ],
  ""type"": ""Point""
}",-83.010425238,42.360107693
22818,9602819,GREENFIELD,CLARITA,2016-01-09,9,1,2016,23,7,4,9,,2,0,,1,1,4,30,2,2,2,4,0,0,0,1,false,,false,false,true,false,false,,,,,,false,false,false,,,false,false,false,false,false,-83.19979,42.42852,"{
  ""coordinates"": [
    -8.319979035700000e+01,
    4.242851873700000e+01
  ],
  ""type"": ""Point""
}","{
  ""coordinates"": [
    -83.199790357,
    42.428518737
  ],
  ""type"": ""Point""
}",-83.199790357,42.428518737
22819,9591348,NEVADA,RYAN,2016-01-09,9,1,2016,0,7,2,9,,4,0,,2,3,3,35,2,2,4,5,0,0,0,0,true,,false,false,true,false,false,,,,,,false,false,false,,,false,false,false,false,false,-83.0628,42.4259,"{
  ""coordinates"": [
    -8.306279513000000e+01,
    4.242589812800000e+01
  ],
  ""type"": ""Point""
}","{
  ""coordinates"": [
    -83.06279513,
    42.425898128
  ],
  ""type"": ""Point""
}",-83.06279513,42.425898128
22820,9602820,OUTER,AVON,2016-01-09,9,1,2016,2,7,4,9,,2,0,,2,4,4,30,4,2,2,5,0,0,0,0,true,,false,false,true,false,false,,,,,,false,false,false,,,false,false,false,false,false,-83.22598,42.41891,"{
  ""coordinates"": [
    -8.322597284400000e+01,
    4.241891591500010e+01
  ],
  ""type"": ""Point""
}","{
  ""coordinates"": [
    -83.225972844,
    42.418915915
  ],
  ""type"": ""Point""
}",-83.225972844,42.4189159150001
22821,9592604,FAIRFIELD,CURTIS,2016-01-09,9,1,2016,7,7,97,9,,,0,,2,1,4,20,3,2,0,5,0,0,0,0,true,,false,false,true,false,false,,,,,,false,false,false,,,false,false,false,false,false,-83.13566,42.42503,"{
  ""coordinates"": [
    -8.313565942299989e+01,
    4.242502684900010e+01
  ],
  ""type"": ""Point""
}","{
  ""coordinates"": [
    -83.135659423,
    42.425026849
  ],
  ""type"": ""Point""
}",-83.1356594229999,42.4250268490001
22822,9605887,RIVARD,ELIOT,2016-01-09,9,1,2016,14,7,4,9,,,0,,1,1,1,0,2,2,2,5,0,0,0,0,true,,false,false,true,false,false,,,,,,false,false,false,,,false,false,false,false,false,-83.04542,42.3512,"{
  ""coordinates"": [
    -8.304541948699990e+01,
    4.235119696800010e+01
  ],
  ""type"": ""Point""
}","{
  ""coordinates"": [
    -83.045419487,
    42.351196968
  ],
  ""type"": ""Point""
}",-83.0454194869999,42.3511969680001
22823,9599556,GRATIOT,SAINT ANTOINE,2016-01-09,9,1,2016,1,7,4,3,,1,0,,2,4,4,30,4,2,3,4,0,0,0,1,false,,false,false,false,false,false,,,,,,false,false,false,,,false,false,false,false,false,-83.04277,42.3383,"{
  ""coordinates"": [
    -8.304276806900000e+01,
    4.233829726000000e+01
  ],
  ""type"": ""Point""
}","{
  ""coordinates"": [
    -83.042768069,
    42.33829726
  ],
  ""type"": ""Point""
}",-83.042768069,42.33829726
22824,9597295,HARPER,CHALMERS,2016-01-09,9,1,2016,11,7,8,9,,4,0,,2,1,1,30,5,2,2,5,0,0,0,0,true,,false,false,true,false,false,,,,,,false,false,true,,,false,false,false,false,false,-82.96484,42.40459,"{
  ""coordinates"": [
    -8.296483500200000e+01,
    4.240458693900010e+01
  ],
  ""type"": ""Point""
}","{
  ""coordinates"": [
    -82.964835002,
    42.404586939
  ],
  ""type"": ""Point""
}",-82.964835002,42.4045869390001
22825,9597366,WARREN,ANTHONY WAYNE,2016-01-09,9,1,2016,14,7,97,9,,4,0,,1,1,1,30,3,2,2,5,0,0,0,0,true,,false,false,false,false,false,,,,,,false,true,false,,,false,false,false,false,false,-83.07122,42.35465,"{
  ""coordinates"": [
    -8.307121809200000e+01,
    4.235464721600000e+01
  ],
  ""type"": ""Point""
}","{
  ""coordinates"": [
    -83.071218092,
    42.354647216
  ],
  ""type"": ""Point""
}",-83.071218092,42.354647216
22826,9593287,MCNICHOLS,TRACEY,2016-01-09,9,1,2016,18,7,4,9,,2,0,,1,1,4,30,4,2,4,5,0,0,0,0,true,,false,false,false,false,false,,,,,,false,false,false,,,false,false,false,false,false,-83.18102,42.41657,"{
  ""coordinates"": [
    -8.318101504700000e+01,
    4.241656701600000e+01
  ],
  ""type"": ""Point""
}","{
  ""coordinates"": [
    -83.181015047,
    42.416567016
  ],
  ""type"": ""Point""
}",-83.181015047,42.416567016
22827,9602822,VASSAR,SNOWDEN,2016-01-09,9,1,2016,9,7,4,9,,4,0,,1,1,1,25,2,2,2,5,0,0,0,0,true,,true,false,false,false,false,,,,,,false,false,false,,,false,false,false,false,false,-83.17849,42.43459,"{
  ""coordinates"": [
    -8.317848770599990e+01,
    4.243459483900010e+01
  ],
  ""type"": ""Point""
}","{
  ""coordinates"": [
    -83.178487706,
    42.434594839
  ],
  ""type"": ""Point""
}",-83.1784877059999,42.4345948390001
22828,9626093,MICHIGAN,14TH,2016-01-09,9,1,2016,3,7,8,2,,1,0,,2,1,4,30,5,3,1,5,0,0,0,0,true,,false,false,true,false,false,,,,,,false,false,true,,,false,false,false,false,false,-83.0761,42.33135,"{
  ""coordinates"": [
    -8.307609569999990e+01,
    4.233135206800010e+01
  ],
  ""type"": ""Point""
}","{
  ""coordinates"": [
    -83.0760957,
    42.331352068
  ],
  ""type"": ""Point""
}",-83.0760956999999,42.3313520680001
22829,9599607,DAVISON,WYOMING,2016-01-09,9,1,2016,10,7,8,9,,4,0,,3,5,1,55,3,2,5,5,0,0,0,0,true,,false,false,false,false,false,,,,,,false,false,false,,,false,false,false,false,false,-83.15865,42.38607,"{
  ""coordinates"": [
    -8.315864820900001e+01,
    4.238607351800000e+01
  ],
  ""type"": ""Point""
}","{
  ""coordinates"": [
    -83.158648209,
    42.386073518
  ],
  ""type"": ""Point""
}",-83.158648209,42.386073518
22830,9621903,CADIEUX RAMP 3 223A,I94,2016-01-09,9,1,2016,17,7,5,1,,1,0,,1,2,4,55,1,2,2,4,0,0,0,1,false,,false,false,false,false,false,,,,,,false,true,false,,,false,false,false,false,false,-82.93679,42.41698,"{
  ""coordinates"": [
    -8.293679056600000e+01,
    4.241697625200000e+01
  ],
  ""type"": ""Point""
}","{
  ""coordinates"": [
    -82.936790566,
    42.416976252
  ],
  ""type"": ""Point""
}",-82.936790566,42.416976252
22831,9599567,MICHIGAN,LONYO,2016-01-09,9,1,2016,16,7,4,2,,1,0,,1,1,1,0,6,2,3,5,0,0,0,0,true,,false,false,false,false,false,,,,,,false,false,true,,,false,false,false,false,false,-83.14444,42.33045,"{
  ""coordinates"": [
    -8.314443991400000e+01,
    4.233044804000010e+01
  ],
  ""type"": ""Point""
}","{
  ""coordinates"": [
    -83.144439914,
    42.33044804
  ],
  ""type"": ""Point""
}",-83.144439914,42.3304480400001
22832,9591153,W I 96,GRAND RIVER,2016-01-09,9,1,2016,11,7,1,1,,1,1,,2,1,1,70,4,1,1,5,0,0,0,0,true,,false,false,false,false,false,,,,,,false,false,true,,,false,false,false,false,false,-83.17593,42.38385,"{
  ""coordinates"": [
    -8.317593227200000e+01,
    4.238384717200010e+01
  ],
  ""type"": ""Point""
}","{
  ""coordinates"": [
    -83.175932272,
    42.383847172
  ],
  ""type"": ""Point""
}",-83.175932272,42.3838471720001
22833,9591290,OMIRA,STATE FAIR,2016-01-09,9,1,2016,8,7,5,9,,,3,,2,2,1,25,1,2,1,5,0,0,0,0,true,,false,false,false,false,false,,,,,,false,false,false,,,false,false,false,false,false,-83.09618,42.43999,"{
  ""coordinates"": [
    -8.309617715199990e+01,
    4.243999052700010e+01
  ],
  ""type"": ""Point""
}","{
  ""coordinates"": [
    -83.096177152,
    42.439990527
  ],
  ""type"": ""Point""
}",-83.0961771519999,42.4399905270001
22834,9597226,MOROSS,W I 94,2016-01-09,9,1,2016,14,7,4,9,,2,0,,1,1,1,35,3,2,2,3,0,0,1,1,false,,true,true,false,false,false,,,,,,false,true,false,,,false,false,false,false,false,-82.92893,42.42447,"{
  ""coordinates"": [
    -8.292892901300000e+01,
    4.242447149400000e+01
  ],
  ""type"": ""Point""
}","{
  ""coordinates"": [
    -82.928929013,
    42.424471494
  ],
  ""type"": ""Point""
}",-82.928929013,42.424471494
22835,9592610,GREENFIELD,FARGO,2016-01-09,9,1,2016,20,7,9,9,,2,2,,1,1,4,30,4,2,2,4,0,0,0,1,false,,false,false,false,false,false,,,,,,false,false,true,,,false,false,false,false,false,-83.20025,42.43931,"{
  ""coordinates"": [
    -8.320024535200000e+01,
    4.243931300700010e+01
  ],
  ""type"": ""Point""
}","{
  ""coordinates"": [
    -83.200245352,
    42.439313007
  ],
  ""type"": ""Point""
}",-83.200245352,42.4393130070001
22836,9665768,RAMP 220D,E I 94,2016-01-09,9,1,2016,11,7,8,1,,1,0,,2,1,1,35,1,2,2,5,0,0,0,0,true,,false,false,false,false,false,,,,,,false,false,false,,,false,false,false,false,false,-82.98896,42.3955,"{
  ""coordinates"": [
    -8.298895741699990e+01,
    4.239550047700000e+01
  ],
  ""type"": ""Point""
}","{
  ""coordinates"": [
    -82.988957417,
    42.395500477
  ],
  ""type"": ""Point""
}",-82.9889574169999,42.395500477
22837,9592575,WINTHROP,WADSWORTH,2016-01-09,9,1,2016,1,7,1,9,,,1,,2,4,4,35,1,1,1,5,0,0,0,0,true,,false,false,false,true,false,,,,,,false,false,false,,,false,false,false,false,false,-83.19881,42.37466,"{
  ""coordinates"": [
    -8.319881791400000e+01,
    4.237466478300010e+01
  ],
  ""type"": ""Point""
}","{
  ""coordinates"": [
    -83.198817914,
    42.374664783
  ],
  ""type"": ""Point""
}",-83.198817914,42.3746647830001
22838,9593279,8 MILE,HAYES,2016-01-09,9,1,2016,16,7,4,3,,1,0,,1,1,1,35,5,2,4,5,0,0,0,0,true,,false,false,false,false,false,,,,,,false,false,false,,,false,false,false,false,false,-82.96604,42.44989,"{
  ""coordinates"": [
    -8.296604431799990e+01,
    4.244988579000010e+01
  ],
  ""type"": ""Point""
}","{
  ""coordinates"": [
    -82.966044318,
    42.44988579
  ],
  ""type"": ""Point""
}",-82.9660443179999,42.4498857900001
22839,9715697,ROSA PARKS,CLAIRMOUNT,2016-01-09,9,1,2016,7,7,1,9,,4,0,,2,4,1,25,2,1,1,5,0,0,0,0,true,,false,false,false,false,false,,,,,,false,false,true,,,false,false,false,false,false,-83.0993,42.37644,"{
  ""coordinates"": [
    -8.309930437000000e+01,
    4.237643907200000e+01
  ],
  ""type"": ""Point""
}","{
  ""coordinates"": [
    -83.09930437,
    42.376439072
  ],
  ""type"": ""Point""
}",-83.09930437,42.376439072
22840,9592606,7 MILE,ILENE,2016-01-09,9,1,2016,23,7,5,9,,2,0,,1,1,4,30,2,2,3,5,0,0,0,0,true,,false,false,true,false,false,,,,,,false,true,false,,,false,false,false,false,false,-83.16315,42.43133,"{
  ""coordinates"": [
    -8.316315723600000e+01,
    4.243132827700000e+01
  ],
  ""type"": ""Point""
}","{
  ""coordinates"": [
    -83.163157236,
    42.431328277
  ],
  ""type"": ""Point""
}",-83.163157236,42.431328277
22841,9591109,I-96,MICHIGAN,2016-01-09,9,1,2016,4,7,1,1,,1,1,,2,2,4,55,2,1,1,5,0,0,0,0,true,,false,false,false,false,false,,,,,,false,false,true,,,false,false,false,false,false,-83.23524,42.37957,"{
  ""coordinates"": [
    -8.323524514199990e+01,
    4.237956582700010e+01
  ],
  ""type"": ""Point""
}","{
  ""coordinates"": [
    -83.235245142,
    42.379565827
  ],
  ""type"": ""Point""
}",-83.2352451419999,42.3795658270001