ObjectId,Crash ID,Primary Road,Intersecting Road,Crash Date,Day,Month,Year,Hour,Weekday,Crash Type Code,Highway Classification Code,Community Code,Jurisdiction Code,Lane Departure Type Code,Surface Type,Road Condition,Weather Condition,Lighting Condition,Speed Limit,Lanes,Units,Occupants,Most Severe Injury,Fatal Injuries,Suspected Serious Injuries,Suspected Minor Injuries,Possible Injuries,Property Damage Only,Secondary Crash,Traffic Control,Red Light Run,Hit and Run,Alcohol,Drugs,Unbelted Person,Work Zone,Speeding Driver,Distracted Driver,Driveway,Pedestrian,Elderly Driver,Young Driver,Commercial Vehicle,Emergency Vehicles,Train,School Bus,Motorcycle,Bicycle,Deer,Longitude,Latitude,geom,geog,x,y
22957,9479315,DAVISON,CONANT,2016-01-07,7,1,2016,7,5,97,3,,4,0,,1,1,1,25,2,2,1,4,0,0,0,1,false,,false,false,true,false,false,,,,,,false,false,false,,,false,false,false,true,false,-83.06145,42.41553,"{
  ""coordinates"": [
    -8.306144347199999e+01,
    4.241553265700000e+01
  ],
  ""type"": ""Point""
}","{
  ""coordinates"": [
    -83.061443472,
    42.415532657
  ],
  ""type"": ""Point""
}",-83.061443472,42.415532657
22958,9591131,I-75,MCNICHOLS,2016-01-07,7,1,2016,18,5,5,1,,1,0,,1,1,4,70,4,2,2,5,0,0,0,0,true,,false,false,false,false,false,,,,,,false,false,true,,,false,false,false,false,false,-83.08503,42.41504,"{
  ""coordinates"": [
    -8.308502795600000e+01,
    4.241504344900010e+01
  ],
  ""type"": ""Point""
}","{
  ""coordinates"": [
    -83.085027956,
    42.415043449
  ],
  ""type"": ""Point""
}",-83.085027956,42.4150434490001
22959,9591100,M-39,GRAND RIVER,2016-01-07,7,1,2016,18,5,5,3,,1,0,,1,1,4,55,3,3,3,5,0,0,0,0,true,,false,false,true,false,false,,,,,,false,false,true,,,false,false,false,false,false,-83.21822,42.39712,"{
  ""coordinates"": [
    -8.321822721800000e+01,
    4.239712219000010e+01
  ],
  ""type"": ""Point""
}","{
  ""coordinates"": [
    -83.218227218,
    42.39712219
  ],
  ""type"": ""Point""
}",-83.218227218,42.3971221900001
22960,9479320,ALTER,LOZIER,2016-01-07,7,1,2016,3,5,5,9,,4,3,,1,1,4,35,4,2,1,4,0,0,0,1,false,,false,false,false,false,false,,,,,,false,false,true,,,false,false,false,false,false,-82.94952,42.39004,"{
  ""coordinates"": [
    -8.294952469899989e+01,
    4.239003798500000e+01
  ],
  ""type"": ""Point""
}","{
  ""coordinates"": [
    -82.949524699,
    42.390037985
  ],
  ""type"": ""Point""
}",-82.9495246989999,42.390037985
22961,9591319,DIX,MELLON,2016-01-07,7,1,2016,14,5,4,9,,2,0,,1,1,1,25,2,2,2,5,0,0,0,0,true,,true,false,false,false,false,,,,,,false,true,false,,,false,false,false,false,false,-83.15643,42.29055,"{
  ""coordinates"": [
    -8.315643181900001e+01,
    4.229054488800010e+01
  ],
  ""type"": ""Point""
}","{
  ""coordinates"": [
    -83.156431819,
    42.290544888
  ],
  ""type"": ""Point""
}",-83.156431819,42.2905448880001
22962,9591307,I 75,CLARK,2016-01-07,7,1,2016,18,5,1,1,,1,0,,1,1,4,55,4,1,1,4,0,0,0,1,false,,false,false,false,false,false,,,,,,false,false,false,,,false,false,false,false,false,-83.08944,42.3143,"{
  ""coordinates"": [
    -8.308943975299999e+01,
    4.231430473800000e+01
  ],
  ""type"": ""Point""
}","{
  ""coordinates"": [
    -83.089439753,
    42.314304738
  ],
  ""type"": ""Point""
}",-83.089439753,42.314304738
22963,9479336,HAYES,8 MILE,2016-01-07,7,1,2016,13,5,4,3,,4,0,,1,1,1,35,4,2,1,5,0,0,0,0,true,,false,false,true,false,false,,,,,,false,true,false,,,false,false,false,false,false,-82.96608,42.44989,"{
  ""coordinates"": [
    -8.296608331000000e+01,
    4.244988507700000e+01
  ],
  ""type"": ""Point""
}","{
  ""coordinates"": [
    -82.96608331,
    42.449885077
  ],
  ""type"": ""Point""
}",-82.96608331,42.449885077
22964,9592590,CURTIS,SAINT MARYS,2016-01-07,7,1,2016,23,5,5,9,,,0,,1,1,4,25,2,2,1,5,0,0,0,0,true,,false,false,true,false,false,,,,,,false,false,false,,,false,false,false,false,false,-83.20724,42.423,"{
  ""coordinates"": [
    -8.320724749700000e+01,
    4.242300567800000e+01
  ],
  ""type"": ""Point""
}","{
  ""coordinates"": [
    -83.207247497,
    42.423005678
  ],
  ""type"": ""Point""
}",-83.207247497,42.423005678
22965,9479329,BEDFORD,OUTER,2016-01-07,7,1,2016,0,5,2,9,,,2,,1,1,5,25,2,3,2,5,0,0,0,0,true,,false,false,false,false,false,,,,,,false,false,false,,,false,false,false,false,false,-82.9444,42.40728,"{
  ""coordinates"": [
    -8.294439791300000e+01,
    4.240727788000000e+01
  ],
  ""type"": ""Point""
}","{
  ""coordinates"": [
    -82.944397913,
    42.40727788
  ],
  ""type"": ""Point""
}",-82.944397913,42.40727788
22966,9597365,WOODWARD,WARREN,2016-01-07,7,1,2016,11,5,8,3,,1,0,,1,1,1,30,3,2,2,5,0,0,0,0,true,,false,false,false,false,false,,,,,,false,false,true,,,false,false,false,false,false,-83.06442,42.35704,"{
  ""coordinates"": [
    -8.306442240000000e+01,
    4.235703580800000e+01
  ],
  ""type"": ""Point""
}","{
  ""coordinates"": [
    -83.0644224,
    42.357035808
  ],
  ""type"": ""Point""
}",-83.0644224,42.357035808
22967,9591099,M-39,PLYMOUTH,2016-01-07,7,1,2016,3,5,97,3,,1,0,,1,1,4,55,3,2,3,5,0,0,0,0,true,,false,false,false,false,false,,,,,,false,false,true,,,false,false,false,false,false,-83.21661,42.36863,"{
  ""coordinates"": [
    -8.321660697399990e+01,
    4.236862897500000e+01
  ],
  ""type"": ""Point""
}","{
  ""coordinates"": [
    -83.216606974,
    42.368628975
  ],
  ""type"": ""Point""
}",-83.2166069739999,42.368628975
22968,9479330,E I 96 SERVICE DRIVE,STANLEY,2016-01-07,7,1,2016,17,5,4,9,,,0,,1,1,3,0,6,2,3,5,0,0,0,0,true,,true,true,false,false,false,,,,,,false,false,true,,,false,false,false,false,false,-83.10236,42.35194,"{
  ""coordinates"": [
    -8.310235729800000e+01,
    4.235193599500010e+01
  ],
  ""type"": ""Point""
}","{
  ""coordinates"": [
    -83.102357298,
    42.351935995
  ],
  ""type"": ""Point""
}",-83.102357298,42.3519359950001
22969,9478397,JOHN C LODGE SERVICE,MILWAUKEE,2016-01-06,6,1,2016,18,4,5,3,,1,0,,1,1,5,25,2,2,7,5,0,0,0,0,true,,false,false,false,false,false,,,,,,false,true,false,,,false,false,false,false,false,-83.0798,42.36422,"{
  ""coordinates"": [
    -8.307980489099999e+01,
    4.236422139000010e+01
  ],
  ""type"": ""Point""
}","{
  ""coordinates"": [
    -83.079804891,
    42.36422139
  ],
  ""type"": ""Point""
}",-83.079804891,42.3642213900001
22970,9592595,VASSAR,GLASTONBURY,2016-01-06,6,1,2016,13,4,4,9,,,0,,1,1,1,15,4,2,2,4,0,0,0,1,false,,true,false,true,false,false,,,,,,false,false,false,,,false,false,false,false,false,-83.22311,42.43356,"{
  ""coordinates"": [
    -8.322311330100000e+01,
    4.243355783400010e+01
  ],
  ""type"": ""Point""
}","{
  ""coordinates"": [
    -83.223113301,
    42.433557834
  ],
  ""type"": ""Point""
}",-83.223113301,42.4335578340001
22971,9479350,OUTER,HARTWELL,2016-01-06,6,1,2016,17,4,1,9,,2,0,,1,2,1,35,2,2,1,4,0,0,0,1,false,,false,false,true,false,false,,,,,,false,false,false,,,false,false,false,true,false,-83.1789,42.42012,"{
  ""coordinates"": [
    -8.317890081300000e+01,
    4.242011466100010e+01
  ],
  ""type"": ""Point""
}","{
  ""coordinates"": [
    -83.178900813,
    42.420114661
  ],
  ""type"": ""Point""
}",-83.178900813,42.4201146610001
22972,9478407,JEFFERSON,IROQOUIS,2016-01-06,6,1,2016,8,4,9,9,,4,0,,1,1,1,35,3,2,2,5,0,0,0,0,true,,false,false,false,false,false,,,,,,false,true,false,,,false,false,false,false,false,-82.9912,42.35378,"{
  ""coordinates"": [
    -8.299119934899990e+01,
    4.235377405200010e+01
  ],
  ""type"": ""Point""
}","{
  ""coordinates"": [
    -82.991199349,
    42.353774052
  ],
  ""type"": ""Point""
}",-82.9911993489999,42.3537740520001
22973,9479321,ELLIS,SUSSEX,2016-01-06,6,1,2016,21,4,4,9,,,0,,1,1,4,25,2,2,5,4,0,0,0,3,false,,false,false,true,false,false,,,,,,false,false,false,,,false,false,false,false,false,-83.19392,42.36061,"{
  ""coordinates"": [
    -8.319392537700000e+01,
    4.236060758600010e+01
  ],
  ""type"": ""Point""
}","{
  ""coordinates"": [
    -83.193925377,
    42.360607586
  ],
  ""type"": ""Point""
}",-83.193925377,42.3606075860001
22974,9612656,SAINT ANTOINE,WARREN,2016-01-06,6,1,2016,18,4,97,9,,4,0,,1,1,4,25,4,2,2,5,0,0,0,0,true,,false,false,false,false,false,,,,,,false,false,false,,,false,false,false,false,false,-83.05717,42.35996,"{
  ""coordinates"": [
    -8.305716344299999e+01,
    4.235995940000000e+01
  ],
  ""type"": ""Point""
}","{
  ""coordinates"": [
    -83.057163443,
    42.3599594
  ],
  ""type"": ""Point""
}",-83.057163443,42.3599594
22975,9611706,VERNOR,CAMPBELL,2016-01-06,6,1,2016,5,4,2,9,,4,0,,1,1,4,30,2,2,2,2,0,1,0,0,false,,false,false,true,false,false,,,,,,false,false,false,,,false,false,false,false,false,-83.10376,42.31702,"{
  ""coordinates"": [
    -8.310376017899991e+01,
    4.231702154600000e+01
  ],
  ""type"": ""Point""
}","{
  ""coordinates"": [
    -83.103760179,
    42.317021546
  ],
  ""type"": ""Point""
}",-83.1037601789999,42.317021546
22976,9592563,JOHN R,ALEXANDRINE,2016-01-06,6,1,2016,17,4,2,9,,4,0,,1,1,4,25,4,2,2,4,0,0,0,1,false,,false,false,false,false,false,,,,,,false,true,false,,,false,false,false,false,false,-83.05799,42.35144,"{
  ""coordinates"": [
    -8.305799058400000e+01,
    4.235144274500000e+01
  ],
  ""type"": ""Point""
}","{
  ""coordinates"": [
    -83.057990584,
    42.351442745
  ],
  ""type"": ""Point""
}",-83.057990584,42.351442745
22977,9592576,GRAND RIVER,BRAINARD,2016-01-06,6,1,2016,8,4,5,3,,1,0,,1,1,1,30,3,2,2,5,0,0,0,0,true,,false,false,false,false,false,,,,,,false,false,false,,,false,false,false,false,false,-83.07356,42.34235,"{
  ""coordinates"": [
    -8.307356015600000e+01,
    4.234234594200010e+01
  ],
  ""type"": ""Point""
}","{
  ""coordinates"": [
    -83.073560156,
    42.342345942
  ],
  ""type"": ""Point""
}",-83.073560156,42.3423459420001
22978,9597363,JOHN R,GARFIELD,2016-01-06,6,1,2016,19,4,4,9,,4,0,,1,2,5,25,5,2,2,4,0,0,0,1,false,,false,false,false,false,false,,,,,,false,false,true,,,false,false,false,false,false,-83.06005,42.35463,"{
  ""coordinates"": [
    -8.306005475200000e+01,
    4.235462711700010e+01
  ],
  ""type"": ""Point""
}","{
  ""coordinates"": [
    -83.060054752,
    42.354627117
  ],
  ""type"": ""Point""
}",-83.060054752,42.3546271170001
22979,9592570,GREENLAWN,NORFOLK,2016-01-06,6,1,2016,21,4,4,9,,,0,,1,1,4,25,2,2,4,5,0,0,0,0,true,,false,false,false,false,false,,,,,,false,false,true,,,false,false,false,false,false,-83.15228,42.44345,"{
  ""coordinates"": [
    -8.315227724099999e+01,
    4.244345143500000e+01
  ],
  ""type"": ""Point""
}","{
  ""coordinates"": [
    -83.152277241,
    42.443451435
  ],
  ""type"": ""Point""
}",-83.152277241,42.443451435
22980,9591316,118 LAFAYETTE,SHELBY,2016-01-06,6,1,2016,21,4,97,9,,4,0,,1,1,4,25,4,2,2,5,0,0,0,0,true,,false,false,false,false,false,,,,,,false,false,false,,,false,false,false,false,false,-83.04962,42.33092,"{
  ""coordinates"": [
    -8.304962124699991e+01,
    4.233091793000010e+01
  ],
  ""type"": ""Point""
}","{
  ""coordinates"": [
    -83.049621247,
    42.33091793
  ],
  ""type"": ""Point""
}",-83.0496212469999,42.3309179300001
22981,9478406,GRAND RIVER,GREENFIELD,2016-01-06,6,1,2016,9,4,5,3,,1,0,,1,1,1,30,7,2,1,5,0,0,0,0,true,,false,false,true,false,false,,,,,,false,false,false,,,false,false,false,false,false,-83.19836,42.39265,"{
  ""coordinates"": [
    -8.319835688900000e+01,
    4.239265488500010e+01
  ],
  ""type"": ""Point""
}","{
  ""coordinates"": [
    -83.198356889,
    42.392654885
  ],
  ""type"": ""Point""
}",-83.198356889,42.3926548850001
22982,9591138,M 39,LYNDON,2016-01-06,6,1,2016,9,4,8,3,,1,0,,1,1,1,55,3,2,2,5,0,0,0,0,true,,false,false,false,false,false,,,,,,false,false,false,,,false,false,false,false,false,-83.21803,42.39251,"{
  ""coordinates"": [
    -8.321802887599991e+01,
    4.239251425600000e+01
  ],
  ""type"": ""Point""
}","{
  ""coordinates"": [
    -83.218028876,
    42.392514256
  ],
  ""type"": ""Point""
}",-83.2180288759999,42.392514256
22983,9597232,MEYERS,CHICAGO,2016-01-06,6,1,2016,9,4,4,9,,4,0,,1,1,1,30,4,2,2,5,0,0,0,0,true,,false,false,false,false,false,,,,,,false,true,false,,,false,false,false,false,false,-83.16792,42.36598,"{
  ""coordinates"": [
    -8.316791927000000e+01,
    4.236598185600010e+01
  ],
  ""type"": ""Point""
}","{
  ""coordinates"": [
    -83.16791927,
    42.365981856
  ],
  ""type"": ""Point""
}",-83.16791927,42.3659818560001
22984,9592574,8 MILE,TELEGRAPH,2016-01-06,6,1,2016,8,4,5,3,,1,0,,1,1,1,40,3,2,2,5,0,0,0,0,true,,false,false,false,false,false,,,,,,false,false,false,,,false,false,false,false,false,-83.27825,42.44274,"{
  ""coordinates"": [
    -8.327825389200000e+01,
    4.244273860600000e+01
  ],
  ""type"": ""Point""
}","{
  ""coordinates"": [
    -83.278253892,
    42.442738606
  ],
  ""type"": ""Point""
}",-83.278253892,42.442738606
22985,9593284,DAVISON,LASALLE,2016-01-06,6,1,2016,22,4,8,3,,1,0,,1,1,4,35,2,2,2,5,0,0,0,0,true,,false,false,true,false,false,,,,,,false,false,false,,,false,false,false,false,false,-83.11906,42.39412,"{
  ""coordinates"": [
    -8.311905589199991e+01,
    4.239411785400010e+01
  ],
  ""type"": ""Point""
}","{
  ""coordinates"": [
    -83.119055892,
    42.394117854
  ],
  ""type"": ""Point""
}",-83.1190558919999,42.3941178540001
22986,9478375,ST.JEAN,MACK,2016-01-06,6,1,2016,11,4,8,9,,4,0,,1,1,1,35,2,2,2,4,0,0,0,1,false,,false,false,false,false,false,,,,,,false,false,false,,,false,false,false,false,false,-82.97902,42.37989,"{
  ""coordinates"": [
    -8.297901978899991e+01,
    4.237989523300010e+01
  ],
  ""type"": ""Point""
}","{
  ""coordinates"": [
    -82.979019789,
    42.379895233
  ],
  ""type"": ""Point""
}",-82.9790197889999,42.3798952330001
22987,9479334,RAMP 041F,S I 75/GRATIOT,2016-01-06,6,1,2016,14,4,8,1,,1,0,,1,1,1,25,2,2,2,5,0,0,0,0,true,,false,false,false,false,false,,,,,,false,true,false,,,false,false,false,false,false,-83.04115,42.3447,"{
  ""coordinates"": [
    -8.304114500999999e+01,
    4.234469762600000e+01
  ],
  ""type"": ""Point""
}","{
  ""coordinates"": [
    -83.04114501,
    42.344697626
  ],
  ""type"": ""Point""
}",-83.04114501,42.344697626
22988,9603617,E I 94,GRAND,2016-01-06,6,1,2016,10,4,4,1,,1,0,,1,1,1,30,6,2,3,5,0,0,0,0,true,,false,false,false,false,false,,,,,,false,false,false,,,false,false,false,false,false,-83.10953,42.34656,"{
  ""coordinates"": [
    -8.310952523100001e+01,
    4.234656055400010e+01
  ],
  ""type"": ""Point""
}","{
  ""coordinates"": [
    -83.109525231,
    42.346560554
  ],
  ""type"": ""Point""
}",-83.109525231,42.3465605540001
22989,9597157,N M 39,RAMP 007B,2016-01-06,6,1,2016,7,4,5,3,,1,0,,1,1,2,55,3,2,1,5,0,0,0,0,true,,false,false,true,false,false,,,,,,false,false,true,,,false,false,false,false,false,-83.21632,42.36144,"{
  ""coordinates"": [
    -8.321632279499990e+01,
    4.236143796700000e+01
  ],
  ""type"": ""Point""
}","{
  ""coordinates"": [
    -83.216322795,
    42.361437967
  ],
  ""type"": ""Point""
}",-83.2163227949999,42.361437967
22990,9479317,EDMORE,REGENT,2016-01-06,6,1,2016,13,4,97,9,,,0,,1,1,1,25,2,2,0,5,0,0,0,0,true,,false,false,true,false,false,,,,,,false,false,false,,,false,false,false,false,false,-82.97631,42.44695,"{
  ""coordinates"": [
    -8.297630755800000e+01,
    4.244694564400000e+01
  ],
  ""type"": ""Point""
}","{
  ""coordinates"": [
    -82.976307558,
    42.446945644
  ],
  ""type"": ""Point""
}",-82.976307558,42.446945644
22991,9478368,GRAND RIVER,CLOVERDALE,2016-01-06,6,1,2016,17,4,8,3,,1,0,,1,2,4,35,5,2,6,4,0,0,0,1,false,,false,false,false,false,false,,,,,,false,true,false,,,false,false,false,false,false,-83.14761,42.37222,"{
  ""coordinates"": [
    -8.314761180300000e+01,
    4.237222207500000e+01
  ],
  ""type"": ""Point""
}","{
  ""coordinates"": [
    -83.147611803,
    42.372222075
  ],
  ""type"": ""Point""
}",-83.147611803,42.372222075
22992,9478371,DAVISON,ROSA PARKS,2016-01-06,6,1,2016,17,4,5,3,,1,0,,1,1,4,35,3,3,4,5,0,0,0,0,true,,false,false,true,false,false,,,,,,false,false,false,,,false,false,false,false,false,-83.11292,42.3965,"{
  ""coordinates"": [
    -8.311292642200000e+01,
    4.239649573600010e+01
  ],
  ""type"": ""Point""
}","{
  ""coordinates"": [
    -83.112926422,
    42.396495736
  ],
  ""type"": ""Point""
}",-83.112926422,42.3964957360001
22993,9591129,E/B I 94,M 10,2016-01-06,6,1,2016,18,4,5,1,,1,0,,1,1,4,55,3,3,3,5,0,0,0,0,true,,false,false,true,false,false,,,,,,false,false,false,,,false,false,false,false,false,-83.07707,42.3584,"{
  ""coordinates"": [
    -8.307707220400000e+01,
    4.235840018000000e+01
  ],
  ""type"": ""Point""
}","{
  ""coordinates"": [
    -83.077072204,
    42.35840018
  ],
  ""type"": ""Point""
}",-83.077072204,42.35840018
22994,9591137,E I 96,EVERGREEN,2016-01-06,6,1,2016,8,4,5,1,,1,0,,1,1,1,55,2,2,3,5,0,0,0,0,true,,false,false,false,false,false,,,,,,false,false,true,,,false,false,false,false,false,-83.23683,42.3804,"{
  ""coordinates"": [
    -8.323683383699991e+01,
    4.238039593600010e+01
  ],
  ""type"": ""Point""
}","{
  ""coordinates"": [
    -83.236833837,
    42.380395936
  ],
  ""type"": ""Point""
}",-83.2368338369999,42.3803959360001
22995,9478378,EVERGREEN,WHITLOCK,2016-01-06,6,1,2016,11,4,4,9,,4,0,,1,1,1,30,2,3,3,5,0,0,0,0,true,,false,false,false,false,false,,,,,,false,false,true,,,false,false,false,false,false,-83.23524,42.33949,"{
  ""coordinates"": [
    -8.323524057200000e+01,
    4.233948818400010e+01
  ],
  ""type"": ""Point""
}","{
  ""coordinates"": [
    -83.235240572,
    42.339488184
  ],
  ""type"": ""Point""
}",-83.235240572,42.3394881840001
22996,9601816,TRUMBULL,WARREN,2016-01-06,6,1,2016,4,4,4,9,,4,0,,1,1,4,30,9,2,2,5,0,0,0,0,true,,true,true,true,false,false,,,,,,false,false,false,,,false,false,false,false,false,-83.07872,42.35209,"{
  ""coordinates"": [
    -8.307871970500000e+01,
    4.235209245500000e+01
  ],
  ""type"": ""Point""
}","{
  ""coordinates"": [
    -83.078719705,
    42.352092455
  ],
  ""type"": ""Point""
}",-83.078719705,42.352092455
22997,9479311,WHINTHROP,WHITLOCK,2016-01-06,6,1,2016,21,4,4,9,,,0,,1,1,4,25,2,2,2,4,0,0,0,1,false,,false,false,false,false,false,,,,,,false,false,false,,,false,false,false,false,false,-83.19731,42.33993,"{
  ""coordinates"": [
    -8.319730835099990e+01,
    4.233993179800010e+01
  ],
  ""type"": ""Point""
}","{
  ""coordinates"": [
    -83.197308351,
    42.339931798
  ],
  ""type"": ""Point""
}",-83.1973083509999,42.3399317980001
22998,9601791,PALLISTER,2ND,2016-01-06,6,1,2016,14,4,4,9,,,0,,97,98,98,25,2,2,2,5,0,0,0,0,true,,false,false,false,false,false,,,,,,false,false,false,,,false,false,false,false,false,-83.07822,42.37216,"{
  ""coordinates"": [
    -8.307822421500001e+01,
    4.237215911100000e+01
  ],
  ""type"": ""Point""
}","{
  ""coordinates"": [
    -83.078224215,
    42.372159111
  ],
  ""type"": ""Point""
}",-83.078224215,42.372159111
22999,9591136,M 39,FITZPATRICK,2016-01-06,6,1,2016,7,4,8,3,,1,0,,1,1,1,55,3,2,1,5,0,0,0,0,true,,false,false,true,false,false,,,,,,false,false,false,,,false,false,false,false,false,-83.21655,42.36431,"{
  ""coordinates"": [
    -8.321654584700001e+01,
    4.236430797600010e+01
  ],
  ""type"": ""Point""
}","{
  ""coordinates"": [
    -83.216545847,
    42.364307976
  ],
  ""type"": ""Point""
}",-83.216545847,42.3643079760001
23000,9591127,SB M-39,JOY,2016-01-06,6,1,2016,7,4,8,3,,1,0,,1,1,2,55,3,2,1,5,0,0,0,0,true,,false,false,true,false,false,,,,,,false,false,false,,,false,false,false,false,false,-83.21658,42.35929,"{
  ""coordinates"": [
    -8.321658370599989e+01,
    4.235929442200010e+01
  ],
  ""type"": ""Point""
}","{
  ""coordinates"": [
    -83.216583706,
    42.359294422
  ],
  ""type"": ""Point""
}",-83.2165837059999,42.3592944220001
23001,9478358,M39,SCHOOLCRAFT,2016-01-06,6,1,2016,8,4,5,3,,1,0,,1,2,1,55,3,2,2,5,0,0,0,0,true,,false,false,false,false,false,,,,,,false,false,false,,,false,false,false,false,false,-83.21808,42.39395,"{
  ""coordinates"": [
    -8.321808105600000e+01,
    4.239394835400000e+01
  ],
  ""type"": ""Point""
}","{
  ""coordinates"": [
    -83.218081056,
    42.393948354
  ],
  ""type"": ""Point""
}",-83.218081056,42.393948354
23002,9478400,NAVY,CENTRAL,2016-01-06,6,1,2016,15,4,97,9,,,1,,1,1,1,0,2,1,0,5,0,0,0,0,true,,false,false,false,false,false,,,,,,false,false,false,,,false,false,false,false,false,-83.12289,42.31067,"{
  ""coordinates"": [
    -8.312289687000001e+01,
    4.231066554600010e+01
  ],
  ""type"": ""Point""
}","{
  ""coordinates"": [
    -83.12289687,
    42.310665546
  ],
  ""type"": ""Point""
}",-83.12289687,42.3106655460001
23003,9597301,GRATIOT,STATE FAIR,2016-01-06,6,1,2016,10,4,9,3,,1,0,,1,2,1,35,6,3,6,4,0,0,0,2,false,,false,false,false,false,false,,,,,,false,true,false,,,false,false,false,false,false,-82.97284,42.44243,"{
  ""coordinates"": [
    -8.297284119900000e+01,
    4.244243407200000e+01
  ],
  ""type"": ""Point""
}","{
  ""coordinates"": [
    -82.972841199,
    42.442434072
  ],
  ""type"": ""Point""
}",-82.972841199,42.442434072
23004,9478430,SANTA MARIA,SAN JUAN,2016-01-06,6,1,2016,20,4,5,9,,,0,,1,1,4,25,2,2,2,5,0,0,0,0,true,,false,false,true,false,false,,,,,,false,false,false,,,false,false,false,false,false,-83.14599,42.41893,"{
  ""coordinates"": [
    -8.314599162499999e+01,
    4.241892746000010e+01
  ],
  ""type"": ""Point""
}","{
  ""coordinates"": [
    -83.145991625,
    42.41892746
  ],
  ""type"": ""Point""
}",-83.145991625,42.4189274600001
23005,9591122,M-39,TIREMAN,2016-01-06,6,1,2016,10,4,5,3,,1,0,,1,1,1,55,3,2,2,4,0,0,0,1,false,,false,false,false,false,false,,,,,,false,false,false,,,false,false,false,false,false,-83.21626,42.35206,"{
  ""coordinates"": [
    -8.321625238800000e+01,
    4.235206346300000e+01
  ],
  ""type"": ""Point""
}","{
  ""coordinates"": [
    -83.216252388,
    42.352063463
  ],
  ""type"": ""Point""
}",-83.216252388,42.352063463
23006,9598829,WHITTIER,BEACONSFIELD,2016-01-06,6,1,2016,9,4,1,9,,4,0,,1,1,1,30,3,1,1,5,0,0,0,0,true,,false,false,false,false,false,,,,,,false,false,true,,,false,false,false,false,false,-82.95173,42.41639,"{
  ""coordinates"": [
    -8.295173212100001e+01,
    4.241638780700000e+01
  ],
  ""type"": ""Point""
}","{
  ""coordinates"": [
    -82.951732121,
    42.416387807
  ],
  ""type"": ""Point""
}",-82.951732121,42.416387807
23007,9479351,SCHAEFER,PEMBROKE,2016-01-06,6,1,2016,13,4,5,9,,4,0,,1,1,1,30,5,2,2,4,0,0,0,1,false,,false,false,true,false,false,,,,,,false,true,false,,,false,false,false,false,false,-83.18076,42.43873,"{
  ""coordinates"": [
    -8.318076555899999e+01,
    4.243872679600000e+01
  ],
  ""type"": ""Point""
}","{
  ""coordinates"": [
    -83.180765559,
    42.438726796
  ],
  ""type"": ""Point""
}",-83.180765559,42.438726796
23008,9479346,DAVISON,PETOSKEY,2016-01-06,6,1,2016,15,4,5,3,,1,0,,1,1,1,35,3,2,3,5,0,0,0,0,true,,false,false,false,false,false,,,,,,false,true,true,,,false,false,false,false,false,-83.13102,42.38968,"{
  ""coordinates"": [
    -8.313102018500000e+01,
    4.238968122800000e+01
  ],
  ""type"": ""Point""
}","{
  ""coordinates"": [
    -83.131020185,
    42.389681228
  ],
  ""type"": ""Point""
}",-83.131020185,42.389681228
23009,9478370,CLAIRPOINTE,FREUD,2016-01-06,6,1,2016,17,4,4,9,,,0,,1,1,4,30,5,2,3,5,0,0,0,0,true,,false,false,true,false,false,,,,,,false,false,false,,,false,false,false,false,false,-82.95786,42.36427,"{
  ""coordinates"": [
    -8.295785765499990e+01,
    4.236427002100000e+01
  ],
  ""type"": ""Point""
}","{
  ""coordinates"": [
    -82.957857655,
    42.364270021
  ],
  ""type"": ""Point""
}",-82.9578576549999,42.364270021
23010,9591139,M 39,FITZPATRICK,2016-01-06,6,1,2016,9,4,5,3,,1,0,,1,1,1,55,3,3,3,5,0,0,0,0,true,,false,false,false,false,false,,,,,,false,false,true,,,false,false,false,false,false,-83.21636,42.36418,"{
  ""coordinates"": [
    -8.321636205999989e+01,
    4.236417976300000e+01
  ],
  ""type"": ""Point""
}","{
  ""coordinates"": [
    -83.21636206,
    42.364179763
  ],
  ""type"": ""Point""
}",-83.2163620599999,42.364179763
23011,9593264,S I 75,7 MILE,2016-01-06,6,1,2016,16,4,97,1,,1,0,,1,1,1,30,4,2,3,5,0,0,0,0,true,,false,false,false,false,false,,,,,,false,false,true,,,false,false,false,false,false,-83.09491,42.43242,"{
  ""coordinates"": [
    -8.309490931300000e+01,
    4.243241444400010e+01
  ],
  ""type"": ""Point""
}","{
  ""coordinates"": [
    -83.094909313,
    42.432414444
  ],
  ""type"": ""Point""
}",-83.094909313,42.4324144440001
23012,9479314,SOUTFIELD SVS,PLYMOUTH,2016-01-06,6,1,2016,8,4,8,3,,1,0,,1,1,1,25,2,2,2,5,0,0,0,0,true,,false,false,true,false,false,,,,,,false,false,false,,,false,false,false,false,false,-83.21658,42.37225,"{
  ""coordinates"": [
    -8.321657668700000e+01,
    4.237225510400000e+01
  ],
  ""type"": ""Point""
}","{
  ""coordinates"": [
    -83.216576687,
    42.372255104
  ],
  ""type"": ""Point""
}",-83.216576687,42.372255104
23013,9478377,FENKELL,SUSSEX,2016-01-06,6,1,2016,9,4,5,9,,2,0,,1,1,1,30,2,2,2,5,0,0,0,0,true,,false,false,false,false,false,,,,,,false,true,false,,,false,false,false,false,false,-83.195,42.40163,"{
  ""coordinates"": [
    -8.319499633299991e+01,
    4.240162526900010e+01
  ],
  ""type"": ""Point""
}","{
  ""coordinates"": [
    -83.194996333,
    42.401625269
  ],
  ""type"": ""Point""
}",-83.1949963329999,42.4016252690001