ObjectId,Crash ID,Primary Road,Intersecting Road,Crash Date,Day,Month,Year,Hour,Weekday,Crash Type Code,Highway Classification Code,Community Code,Jurisdiction Code,Lane Departure Type Code,Surface Type,Road Condition,Weather Condition,Lighting Condition,Speed Limit,Lanes,Units,Occupants,Most Severe Injury,Fatal Injuries,Suspected Serious Injuries,Suspected Minor Injuries,Possible Injuries,Property Damage Only,Secondary Crash,Traffic Control,Red Light Run,Hit and Run,Alcohol,Drugs,Unbelted Person,Work Zone,Speeding Driver,Distracted Driver,Driveway,Pedestrian,Elderly Driver,Young Driver,Commercial Vehicle,Emergency Vehicles,Train,School Bus,Motorcycle,Bicycle,Deer,Longitude,Latitude,geom,geog,x,y
23014,9479331,S M 10,RAMP 117B,2016-01-06,6,1,2016,22,4,97,3,,1,0,,1,1,3,25,2,2,2,5,0,0,0,0,true,,false,false,true,false,false,,,,,,false,true,false,,,false,false,false,false,false,-83.08016,42.36473,"{
  ""coordinates"": [
    -8.308015892400000e+01,
    4.236472867900010e+01
  ],
  ""type"": ""Point""
}","{
  ""coordinates"": [
    -83.080158924,
    42.364728679
  ],
  ""type"": ""Point""
}",-83.080158924,42.3647286790001
23015,9591296,8 MILE,FENELON,2016-01-06,6,1,2016,7,4,5,3,,1,0,,1,1,1,35,2,2,2,5,0,0,0,0,true,,false,false,false,false,false,,,,,,false,true,false,,,false,false,false,false,false,-83.05401,42.44751,"{
  ""coordinates"": [
    -8.305400948399991e+01,
    4.244750685800010e+01
  ],
  ""type"": ""Point""
}","{
  ""coordinates"": [
    -83.054009484,
    42.447506858
  ],
  ""type"": ""Point""
}",-83.0540094839999,42.4475068580001
23016,9591128,N M 10,ROSA PARKS,2016-01-06,6,1,2016,8,4,5,3,,1,0,,1,1,1,55,2,2,3,4,0,0,0,1,false,,false,false,false,false,false,,,,,,false,false,false,,,false,false,false,false,false,-83.11797,42.40327,"{
  ""coordinates"": [
    -8.311796932300000e+01,
    4.240327350100010e+01
  ],
  ""type"": ""Point""
}","{
  ""coordinates"": [
    -83.117969323,
    42.403273501
  ],
  ""type"": ""Point""
}",-83.117969323,42.4032735010001
23017,9478380,GRAND,M10 SERVICE,2016-01-06,6,1,2016,14,4,5,9,,4,0,,1,1,1,35,3,2,3,5,0,0,0,0,true,,false,false,true,false,false,,,,,,false,false,false,,,false,false,false,false,false,-83.0815,42.3673,"{
  ""coordinates"": [
    -8.308150524500000e+01,
    4.236730277700010e+01
  ],
  ""type"": ""Point""
}","{
  ""coordinates"": [
    -83.081505245,
    42.367302777
  ],
  ""type"": ""Point""
}",-83.081505245,42.3673027770001
23018,9591114,I-94,CONNER,2016-01-06,6,1,2016,18,4,1,1,,1,0,,1,1,3,55,3,1,1,5,0,0,0,0,true,,false,false,false,false,false,,,,,,false,false,false,,,false,false,false,false,false,-82.98897,42.39554,"{
  ""coordinates"": [
    -8.298897107399991e+01,
    4.239554025700010e+01
  ],
  ""type"": ""Point""
}","{
  ""coordinates"": [
    -82.988971074,
    42.395540257
  ],
  ""type"": ""Point""
}",-82.9889710739999,42.3955402570001
23019,9478382,HAMILTON,WEBB,2016-01-06,6,1,2016,8,4,3,9,,4,0,,1,1,1,35,4,2,3,4,0,0,0,3,false,,false,false,false,false,false,,,,,,false,false,true,,,false,false,false,false,false,-83.09727,42.38918,"{
  ""coordinates"": [
    -8.309726825800000e+01,
    4.238917799400010e+01
  ],
  ""type"": ""Point""
}","{
  ""coordinates"": [
    -83.097268258,
    42.389177994
  ],
  ""type"": ""Point""
}",-83.097268258,42.3891779940001
23020,9591113,RAMP 122F,N I 75 CD,2016-01-06,6,1,2016,16,4,5,3,,1,0,,1,1,1,70,2,2,3,5,0,0,0,0,true,,false,false,false,false,false,,,,,,false,false,false,,,false,false,false,false,false,-83.06506,42.33422,"{
  ""coordinates"": [
    -8.306506105200000e+01,
    4.233421592700010e+01
  ],
  ""type"": ""Point""
}","{
  ""coordinates"": [
    -83.065061052,
    42.334215927
  ],
  ""type"": ""Point""
}",-83.065061052,42.3342159270001
23021,9592558,TELEGRAPH,FRISBEE,2016-01-06,6,1,2016,12,4,8,2,,1,0,,1,1,1,45,4,2,2,5,0,0,0,0,true,,false,false,false,false,false,,,,,,false,true,false,,,false,false,false,false,false,-83.27832,42.43496,"{
  ""coordinates"": [
    -8.327831662999991e+01,
    4.243495543900010e+01
  ],
  ""type"": ""Point""
}","{
  ""coordinates"": [
    -83.27831663,
    42.434955439
  ],
  ""type"": ""Point""
}",-83.2783166299999,42.4349554390001
23022,9478390,CENTRAL,WARREN,2016-01-06,6,1,2016,11,4,4,9,,4,0,,1,1,1,35,2,2,2,5,0,0,0,0,true,,true,true,false,false,false,,,,,,false,true,true,,,false,false,false,false,false,-83.14585,42.34475,"{
  ""coordinates"": [
    -8.314585377600000e+01,
    4.234474517400000e+01
  ],
  ""type"": ""Point""
}","{
  ""coordinates"": [
    -83.145853776,
    42.344745174
  ],
  ""type"": ""Point""
}",-83.145853776,42.344745174
23023,9591356,WARREN,JOHN R,2016-01-06,6,1,2016,11,4,97,9,,4,0,,1,1,1,30,7,2,2,5,0,0,0,0,true,,false,false,false,false,false,,,,,,false,false,true,,,false,false,false,false,false,-83.06207,42.3576,"{
  ""coordinates"": [
    -8.306206188399990e+01,
    4.235759628600000e+01
  ],
  ""type"": ""Point""
}","{
  ""coordinates"": [
    -83.062061884,
    42.357596286
  ],
  ""type"": ""Point""
}",-83.0620618839999,42.357596286
23024,9478393,JOY,MARK TWAIN,2016-01-06,6,1,2016,17,4,4,9,,4,0,,1,1,4,30,3,2,2,5,0,0,0,0,true,,false,false,false,false,false,,,,,,false,false,true,,,false,false,false,false,false,-83.18496,42.35839,"{
  ""coordinates"": [
    -8.318495943100000e+01,
    4.235839230800010e+01
  ],
  ""type"": ""Point""
}","{
  ""coordinates"": [
    -83.184959431,
    42.358392308
  ],
  ""type"": ""Point""
}",-83.184959431,42.3583923080001
23025,9607712,GRATIOT,FAIRMOUNT,2016-01-06,6,1,2016,14,4,4,3,,1,0,,1,1,1,35,8,3,3,3,0,0,1,0,false,,false,false,false,false,false,,,,,,false,true,false,,,false,false,false,false,false,-82.97157,42.44434,"{
  ""coordinates"": [
    -8.297157511200000e+01,
    4.244434530100010e+01
  ],
  ""type"": ""Point""
}","{
  ""coordinates"": [
    -82.971575112,
    42.444345301
  ],
  ""type"": ""Point""
}",-82.971575112,42.4443453010001
23026,9592593,OUTER,SUNDERLAND,2016-01-06,6,1,2016,17,4,5,9,,2,0,,1,1,4,30,3,2,4,5,0,0,0,0,true,,false,false,true,false,false,,,,,,false,true,false,,,false,false,false,false,false,-83.22817,42.41887,"{
  ""coordinates"": [
    -8.322816973200000e+01,
    4.241886756700010e+01
  ],
  ""type"": ""Point""
}","{
  ""coordinates"": [
    -83.228169732,
    42.418867567
  ],
  ""type"": ""Point""
}",-83.228169732,42.4188675670001
23027,9598785,BRUSH,LAFAYETTE,2016-01-05,5,1,2016,10,3,8,9,,4,0,,1,1,1,25,2,2,1,5,0,0,0,0,true,,false,false,false,false,false,,,,,,false,true,false,,,false,false,false,false,false,-83.0431,42.33352,"{
  ""coordinates"": [
    -8.304309947900001e+01,
    4.233351485600010e+01
  ],
  ""type"": ""Point""
}","{
  ""coordinates"": [
    -83.043099479,
    42.333514856
  ],
  ""type"": ""Point""
}",-83.043099479,42.3335148560001
23028,9598784,LAFAYETTE,WASHINGTON,2016-01-05,5,1,2016,7,3,97,9,,4,0,,1,1,1,0,4,2,1,4,0,0,0,1,false,,false,false,false,false,false,,,,,,true,false,false,,,false,false,false,false,false,-83.05035,42.33061,"{
  ""coordinates"": [
    -8.305034341800000e+01,
    4.233060698400000e+01
  ],
  ""type"": ""Point""
}","{
  ""coordinates"": [
    -83.050343418,
    42.330606984
  ],
  ""type"": ""Point""
}",-83.050343418,42.330606984
23029,9478401,TRENTON,MICHIGAN,2016-01-05,5,1,2016,5,3,8,2,,,0,,1,1,4,25,1,2,1,5,0,0,0,0,true,,false,false,false,false,false,,,,,,false,false,true,,,false,false,false,false,false,-83.14728,42.32976,"{
  ""coordinates"": [
    -8.314727406799990e+01,
    4.232976222300000e+01
  ],
  ""type"": ""Point""
}","{
  ""coordinates"": [
    -83.147274068,
    42.329762223
  ],
  ""type"": ""Point""
}",-83.1472740679999,42.329762223
23030,9591334,GRATIOT,GUNSTON,2016-01-05,5,1,2016,9,3,8,3,,1,0,,1,1,1,35,7,2,2,5,0,0,0,0,true,,false,false,false,false,false,,,,,,false,false,false,,,false,false,false,false,false,-82.99516,42.40845,"{
  ""coordinates"": [
    -8.299516677400000e+01,
    4.240845588000010e+01
  ],
  ""type"": ""Point""
}","{
  ""coordinates"": [
    -82.995166774,
    42.40845588
  ],
  ""type"": ""Point""
}",-82.995166774,42.4084558800001
23031,9478385,MCNICHOLS,PINEHURST,2016-01-05,5,1,2016,16,3,3,9,,2,0,,1,1,1,30,4,2,2,5,0,0,0,0,true,,false,false,true,false,false,,,,,,false,false,true,,,false,false,false,false,false,-83.16687,42.41674,"{
  ""coordinates"": [
    -8.316687390800000e+01,
    4.241674442600000e+01
  ],
  ""type"": ""Point""
}","{
  ""coordinates"": [
    -83.166873908,
    42.416744426
  ],
  ""type"": ""Point""
}",-83.166873908,42.416744426
23032,9794997,FERGUSON,CURTIS,2016-01-05,5,1,2016,15,3,1,9,,,1,,1,1,1,25,1,1,2,5,0,0,0,0,true,,false,false,true,false,false,,,,,,false,false,false,,,false,false,false,false,false,-83.21024,42.42186,"{
  ""coordinates"": [
    -8.321023681000000e+01,
    4.242185423600010e+01
  ],
  ""type"": ""Point""
}","{
  ""coordinates"": [
    -83.21023681,
    42.421854236
  ],
  ""type"": ""Point""
}",-83.21023681,42.4218542360001
23033,9477236,SAINT AUBIN,GRATIOT,2016-01-05,5,1,2016,15,3,5,3,,4,0,,1,1,1,30,4,2,2,5,0,0,0,0,true,,false,false,true,false,false,,,,,,false,false,true,,,false,false,false,false,false,-83.03429,42.34927,"{
  ""coordinates"": [
    -8.303428355599991e+01,
    4.234927263600010e+01
  ],
  ""type"": ""Point""
}","{
  ""coordinates"": [
    -83.034283556,
    42.349272636
  ],
  ""type"": ""Point""
}",-83.0342835559999,42.3492726360001
23034,9477240,GRATIOT,VAN DYKE,2016-01-05,5,1,2016,13,3,4,3,,1,0,,1,1,1,35,3,4,2,5,0,0,0,0,true,,false,false,false,false,false,,,,,,false,true,false,,,false,false,false,false,false,-83.01472,42.37876,"{
  ""coordinates"": [
    -8.301472274500000e+01,
    4.237875632500000e+01
  ],
  ""type"": ""Point""
}","{
  ""coordinates"": [
    -83.014722745,
    42.378756325
  ],
  ""type"": ""Point""
}",-83.014722745,42.378756325
23035,9477245,BALTIMORE,2ND,2016-01-05,5,1,2016,15,3,8,9,,4,0,,97,98,98,25,2,2,2,5,0,0,0,0,true,,false,false,false,false,false,,,,,,false,false,false,,,false,false,false,false,false,-83.07565,42.36706,"{
  ""coordinates"": [
    -8.307564203600000e+01,
    4.236705995300010e+01
  ],
  ""type"": ""Point""
}","{
  ""coordinates"": [
    -83.075642036,
    42.367059953
  ],
  ""type"": ""Point""
}",-83.075642036,42.3670599530001
23036,9592589,BEAVERLAND,MCNICHOLS,2016-01-05,5,1,2016,6,3,4,9,,,0,,1,1,4,45,6,2,1,5,0,0,0,0,true,,false,false,true,false,false,,,,,,false,false,false,,,false,false,false,false,false,-83.2663,42.41471,"{
  ""coordinates"": [
    -8.326630028300001e+01,
    4.241471365700000e+01
  ],
  ""type"": ""Point""
}","{
  ""coordinates"": [
    -83.266300283,
    42.414713657
  ],
  ""type"": ""Point""
}",-83.266300283,42.414713657
23037,9477246,SCHAEFER,CURTIS,2016-01-05,5,1,2016,4,3,4,9,,4,0,,1,1,4,30,4,2,1,5,0,0,0,0,true,,true,false,true,false,false,,,,,,false,false,false,,,false,false,false,false,false,-83.18014,42.42381,"{
  ""coordinates"": [
    -8.318013774500000e+01,
    4.242381421000000e+01
  ],
  ""type"": ""Point""
}","{
  ""coordinates"": [
    -83.180137745,
    42.42381421
  ],
  ""type"": ""Point""
}",-83.180137745,42.42381421
23038,9591105,I 94,OUTER,2016-01-05,5,1,2016,18,3,5,1,,1,0,,1,1,4,70,3,2,2,5,0,0,0,0,true,,false,false,false,false,false,,,,,,false,false,false,,,false,false,false,false,false,-82.95833,42.40566,"{
  ""coordinates"": [
    -8.295832857300000e+01,
    4.240565903900010e+01
  ],
  ""type"": ""Point""
}","{
  ""coordinates"": [
    -82.958328573,
    42.405659039
  ],
  ""type"": ""Point""
}",-82.958328573,42.4056590390001
23039,9591086,I-94,I-75,2016-01-05,5,1,2016,18,3,8,1,,1,0,,1,1,4,55,2,2,2,4,0,0,0,1,false,,false,false,false,false,false,,,,,,false,false,false,,,false,false,false,false,false,-83.05764,42.36868,"{
  ""coordinates"": [
    -8.305763674100000e+01,
    4.236868242300010e+01
  ],
  ""type"": ""Point""
}","{
  ""coordinates"": [
    -83.057636741,
    42.368682423
  ],
  ""type"": ""Point""
}",-83.057636741,42.3686824230001
23040,9592597,EVERGREEN,SCHOOLCRAFT,2016-01-05,5,1,2016,11,3,8,9,,4,0,,1,1,1,30,4,2,3,5,0,0,0,0,true,,false,false,false,false,false,,,,,,false,false,false,,,false,false,false,false,false,-83.23684,42.38625,"{
  ""coordinates"": [
    -8.323684289900000e+01,
    4.238625199700000e+01
  ],
  ""type"": ""Point""
}","{
  ""coordinates"": [
    -83.236842899,
    42.386251997
  ],
  ""type"": ""Point""
}",-83.236842899,42.386251997
23041,9597361,ANTHONY WAYNE,MERRICK,2016-01-05,5,1,2016,16,3,8,9,,4,0,,1,1,1,25,4,2,2,5,0,0,0,0,true,,false,false,false,false,false,,,,,,false,false,false,,,false,false,false,false,false,-83.07349,42.35926,"{
  ""coordinates"": [
    -8.307349053199989e+01,
    4.235925918400010e+01
  ],
  ""type"": ""Point""
}","{
  ""coordinates"": [
    -83.073490532,
    42.359259184
  ],
  ""type"": ""Point""
}",-83.0734905319999,42.3592591840001
23042,9591150,N M 10,RAMP 122B,2016-01-05,5,1,2016,16,3,8,3,,1,0,,1,1,1,55,3,2,1,5,0,0,0,0,true,,false,false,true,false,false,,,,,,false,false,false,,,false,false,false,false,false,-83.06526,42.33731,"{
  ""coordinates"": [
    -8.306525822400000e+01,
    4.233730749800000e+01
  ],
  ""type"": ""Point""
}","{
  ""coordinates"": [
    -83.065258224,
    42.337307498
  ],
  ""type"": ""Point""
}",-83.065258224,42.337307498
23043,9597362,ALEXANDRINE,WOODWARD,2016-01-05,5,1,2016,17,3,5,3,,4,0,,1,1,4,25,5,2,4,5,0,0,0,0,true,,false,false,false,false,false,,,,,,false,false,false,,,false,false,false,false,false,-83.05991,42.35062,"{
  ""coordinates"": [
    -8.305990653600000e+01,
    4.235061922700000e+01
  ],
  ""type"": ""Point""
}","{
  ""coordinates"": [
    -83.059906536,
    42.350619227
  ],
  ""type"": ""Point""
}",-83.059906536,42.350619227
23044,9591104,M10,I 94,2016-01-05,5,1,2016,17,3,5,3,,1,0,,1,1,1,55,3,2,2,5,0,0,0,0,true,,false,false,true,false,false,,,,,,false,false,false,,,false,false,false,false,false,-83.07613,42.35923,"{
  ""coordinates"": [
    -8.307612590699991e+01,
    4.235923401900000e+01
  ],
  ""type"": ""Point""
}","{
  ""coordinates"": [
    -83.076125907,
    42.359234019
  ],
  ""type"": ""Point""
}",-83.0761259069999,42.359234019
23045,9478367,WHEELER,CENTRAL,2016-01-05,5,1,2016,15,3,4,9,,,0,,1,1,1,25,4,2,3,4,0,0,0,1,false,,true,false,false,false,false,,,,,,false,false,true,,,false,false,false,false,false,-83.14556,42.34315,"{
  ""coordinates"": [
    -8.314556163500001e+01,
    4.234314942000000e+01
  ],
  ""type"": ""Point""
}","{
  ""coordinates"": [
    -83.145561635,
    42.34314942
  ],
  ""type"": ""Point""
}",-83.145561635,42.34314942
23046,9479310,GRATIOT,MACK,2016-01-05,5,1,2016,18,3,8,3,,1,0,,1,1,4,35,4,2,1,5,0,0,0,0,true,,false,false,true,false,false,,,,,,false,true,false,,,false,false,false,false,false,-83.02776,42.35903,"{
  ""coordinates"": [
    -8.302775322300000e+01,
    4.235903329100010e+01
  ],
  ""type"": ""Point""
}","{
  ""coordinates"": [
    -83.027753223,
    42.359033291
  ],
  ""type"": ""Point""
}",-83.027753223,42.3590332910001
23047,9606648,WOODROW WILSON,GRAND,2016-01-05,5,1,2016,23,3,97,9,,,3,,1,1,4,25,2,2,1,5,0,0,0,0,true,,false,false,true,false,false,,,,,,false,false,false,,,false,false,false,false,false,-83.08873,42.36458,"{
  ""coordinates"": [
    -8.308873129300000e+01,
    4.236458131400010e+01
  ],
  ""type"": ""Point""
}","{
  ""coordinates"": [
    -83.088731293,
    42.364581314
  ],
  ""type"": ""Point""
}",-83.088731293,42.3645813140001
23048,9477151,S M 10,WEBB,2016-01-05,5,1,2016,5,3,1,3,,1,1,,1,1,4,55,3,1,1,5,0,0,0,0,true,,false,false,false,false,false,,,,,,false,false,true,,,false,false,false,false,false,-83.1031,42.38901,"{
  ""coordinates"": [
    -8.310310339300000e+01,
    4.238901096400010e+01
  ],
  ""type"": ""Point""
}","{
  ""coordinates"": [
    -83.103103393,
    42.389010964
  ],
  ""type"": ""Point""
}",-83.103103393,42.3890109640001
23049,9477239,JEFFERSON,ST JEAN,2016-01-05,5,1,2016,8,3,4,9,,4,0,,1,1,1,40,8,2,2,5,0,0,0,0,true,,false,false,false,false,false,,,,,,false,false,false,,,false,false,false,false,false,-82.9706,42.36698,"{
  ""coordinates"": [
    -8.297060239900000e+01,
    4.236698061300010e+01
  ],
  ""type"": ""Point""
}","{
  ""coordinates"": [
    -82.970602399,
    42.366980613
  ],
  ""type"": ""Point""
}",-82.970602399,42.3669806130001
23050,9597268,SCHOOLCRAFT,ABINGTON,2016-01-05,5,1,2016,17,3,97,9,,2,0,,1,1,1,25,4,2,0,5,0,0,0,0,true,,false,false,true,false,false,,,,,,true,false,false,,,false,false,false,false,false,-83.21186,42.38679,"{
  ""coordinates"": [
    -8.321186405899989e+01,
    4.238678843400000e+01
  ],
  ""type"": ""Point""
}","{
  ""coordinates"": [
    -83.211864059,
    42.386788434
  ],
  ""type"": ""Point""
}",-83.2118640589999,42.386788434
23051,9477241,GRATIOT,HELEN,2016-01-05,5,1,2016,8,3,9,3,,1,0,,1,1,1,35,3,2,3,5,0,0,0,0,true,,false,false,false,false,false,,,,,,false,false,false,,,false,false,false,false,false,-83.01952,42.37152,"{
  ""coordinates"": [
    -8.301952542299991e+01,
    4.237152108000000e+01
  ],
  ""type"": ""Point""
}","{
  ""coordinates"": [
    -83.019525423,
    42.37152108
  ],
  ""type"": ""Point""
}",-83.0195254229999,42.37152108
23052,9611701,14TH,FERRY PARK,2016-01-05,5,1,2016,20,3,4,9,,4,0,,1,1,4,25,2,2,4,5,0,0,0,0,true,,true,true,false,false,false,,,,,,false,false,false,,,false,false,false,false,false,-83.09371,42.36116,"{
  ""coordinates"": [
    -8.309370838900000e+01,
    4.236116273600000e+01
  ],
  ""type"": ""Point""
}","{
  ""coordinates"": [
    -83.093708389,
    42.361162736
  ],
  ""type"": ""Point""
}",-83.093708389,42.361162736
23053,9477235,ATKINSON,ROSA PARKS,2016-01-05,5,1,2016,14,3,5,9,,,0,,97,98,98,25,1,2,1,5,0,0,0,0,true,,false,false,false,false,false,,,,,,false,false,true,,,false,false,false,false,false,-83.10019,42.37721,"{
  ""coordinates"": [
    -8.310019007400000e+01,
    4.237720813800010e+01
  ],
  ""type"": ""Point""
}","{
  ""coordinates"": [
    -83.100190074,
    42.377208138
  ],
  ""type"": ""Point""
}",-83.100190074,42.3772081380001
23054,9477237,S I 75,WARREN,2016-01-05,5,1,2016,7,3,8,1,,1,0,,1,1,1,25,3,2,2,5,0,0,0,0,true,,false,false,false,false,false,,,,,,false,false,false,,,false,false,false,false,false,-83.05458,42.36092,"{
  ""coordinates"": [
    -8.305458027000000e+01,
    4.236092385200000e+01
  ],
  ""type"": ""Point""
}","{
  ""coordinates"": [
    -83.05458027,
    42.360923852
  ],
  ""type"": ""Point""
}",-83.05458027,42.360923852
23055,9997433,JEFFRIES SERVICE,WYOMING,2016-01-05,5,1,2016,18,3,7,1,,1,0,,1,1,4,30,3,2,1,5,0,0,0,0,true,,false,false,true,false,false,,,,,,false,false,false,,,false,false,false,false,false,-83.15901,42.38542,"{
  ""coordinates"": [
    -8.315901164800000e+01,
    4.238542109800010e+01
  ],
  ""type"": ""Point""
}","{
  ""coordinates"": [
    -83.159011648,
    42.385421098
  ],
  ""type"": ""Point""
}",-83.159011648,42.3854210980001
23056,9591125,W I 94,BEAUBIEN,2016-01-05,5,1,2016,10,3,5,1,,1,0,,1,1,1,55,3,2,2,4,0,0,0,2,false,,false,false,false,false,false,,,,,,false,false,false,,,false,false,false,false,false,-83.06339,42.36619,"{
  ""coordinates"": [
    -8.306339510200000e+01,
    4.236619214600010e+01
  ],
  ""type"": ""Point""
}","{
  ""coordinates"": [
    -83.063395102,
    42.366192146
  ],
  ""type"": ""Point""
}",-83.063395102,42.3661921460001
23057,9592598,GRAND RIVER,BURGESS,2016-01-05,5,1,2016,16,3,1,3,,1,0,,1,1,1,35,4,2,4,4,0,0,0,1,false,,false,false,false,false,false,,,,,,true,false,false,,,false,false,false,false,false,-83.25423,42.41517,"{
  ""coordinates"": [
    -8.325423753500000e+01,
    4.241517421500000e+01
  ],
  ""type"": ""Point""
}","{
  ""coordinates"": [
    -83.254237535,
    42.415174215
  ],
  ""type"": ""Point""
}",-83.254237535,42.415174215
23058,9592608,CURTIS,WOODINGHAM,2016-01-05,5,1,2016,19,3,9,9,,4,0,,1,1,4,30,4,3,1,3,0,0,1,0,false,,false,false,true,false,false,,,,,,false,false,false,,,false,false,false,false,false,-83.15024,42.4243,"{
  ""coordinates"": [
    -8.315023718399991e+01,
    4.242429613100010e+01
  ],
  ""type"": ""Point""
}","{
  ""coordinates"": [
    -83.150237184,
    42.424296131
  ],
  ""type"": ""Point""
}",-83.1502371839999,42.4242961310001
23059,9478391,SCHAEFER,LYNDON,2016-01-05,5,1,2016,12,3,1,9,,4,0,,1,1,1,35,3,1,1,5,0,0,0,0,true,,false,false,false,false,false,,,,,,false,false,false,,,false,false,false,false,false,-83.17912,42.40208,"{
  ""coordinates"": [
    -8.317912070300000e+01,
    4.240207806100010e+01
  ],
  ""type"": ""Point""
}","{
  ""coordinates"": [
    -83.179120703,
    42.402078061
  ],
  ""type"": ""Point""
}",-83.179120703,42.4020780610001
23060,9599559,TIREMAN,ASBURY,2016-01-05,5,1,2016,21,3,5,9,,4,0,,1,1,4,30,4,2,3,5,0,0,0,0,true,,false,false,true,false,false,,,,,,false,false,false,,,false,false,false,false,false,-83.20619,42.35075,"{
  ""coordinates"": [
    -8.320619541799989e+01,
    4.235074971300000e+01
  ],
  ""type"": ""Point""
}","{
  ""coordinates"": [
    -83.206195418,
    42.350749713
  ],
  ""type"": ""Point""
}",-83.2061954179999,42.350749713
23061,9597372,EDSEL,BEAUBIEN,2016-01-05,5,1,2016,16,3,4,1,,1,0,,1,1,1,25,2,3,6,5,0,0,0,0,true,,true,true,true,false,false,,,,,,false,false,false,,,false,false,false,false,false,-83.06022,42.36728,"{
  ""coordinates"": [
    -8.306022225200000e+01,
    4.236727437200010e+01
  ],
  ""type"": ""Point""
}","{
  ""coordinates"": [
    -83.060222252,
    42.367274372
  ],
  ""type"": ""Point""
}",-83.060222252,42.3672743720001
23062,9678393,RAMP 133B,I-96,2016-01-05,5,1,2016,8,3,8,1,,1,0,,1,1,1,55,2,2,1,5,0,0,0,0,true,,false,false,true,false,false,,,,,,false,false,false,,,false,false,false,false,false,-83.27495,42.3849,"{
  ""coordinates"": [
    -8.327494611600000e+01,
    4.238489647700000e+01
  ],
  ""type"": ""Point""
}","{
  ""coordinates"": [
    -83.274946116,
    42.384896477
  ],
  ""type"": ""Point""
}",-83.274946116,42.384896477
23063,9478427,STOCKTON,WEXFORD,2016-01-05,5,1,2016,15,3,4,9,,,0,,1,1,1,25,2,2,2,4,0,0,0,2,false,,true,false,false,false,false,,,,,,false,false,false,,,false,false,false,false,false,-83.06516,42.42735,"{
  ""coordinates"": [
    -8.306515227900000e+01,
    4.242734730900000e+01
  ],
  ""type"": ""Point""
}","{
  ""coordinates"": [
    -83.065152279,
    42.427347309
  ],
  ""type"": ""Point""
}",-83.065152279,42.427347309
23064,9603618,MCNICHOLS,RYAN,2016-01-05,5,1,2016,16,3,3,9,,4,0,,1,1,1,30,2,3,3,5,0,0,0,0,true,,false,false,false,false,false,,,,,,false,false,true,,,false,false,false,false,false,-83.06248,42.41869,"{
  ""coordinates"": [
    -8.306248614899989e+01,
    4.241868539100010e+01
  ],
  ""type"": ""Point""
}","{
  ""coordinates"": [
    -83.062486149,
    42.418685391
  ],
  ""type"": ""Point""
}",-83.0624861489999,42.4186853910001
23065,9478396,PINHURST,FENKELL,2016-01-05,5,1,2016,4,3,9,9,,,2,,1,1,5,20,1,2,0,5,0,0,0,0,true,,false,false,true,false,false,,,,,,false,false,false,,,false,false,false,false,false,-83.16625,42.40287,"{
  ""coordinates"": [
    -8.316624877800000e+01,
    4.240286491300000e+01
  ],
  ""type"": ""Point""
}","{
  ""coordinates"": [
    -83.166248778,
    42.402864913
  ],
  ""type"": ""Point""
}",-83.166248778,42.402864913
23066,9476126,M-39,8 MILE,2016-01-05,5,1,2016,8,3,5,3,,1,0,,1,1,1,55,3,2,2,5,0,0,0,0,true,,false,false,false,false,false,,,,,,false,false,false,,,false,false,false,false,false,-83.21935,42.4333,"{
  ""coordinates"": [
    -8.321934846300000e+01,
    4.243329742800010e+01
  ],
  ""type"": ""Point""
}","{
  ""coordinates"": [
    -83.219348463,
    42.433297428
  ],
  ""type"": ""Point""
}",-83.219348463,42.4332974280001
23067,9478359,BELTON,PREST,2016-01-05,5,1,2016,21,3,97,9,,,0,,1,1,4,25,2,3,0,4,0,0,0,1,false,,false,false,true,false,false,,,,,,true,false,false,,,false,false,false,false,false,-83.19537,42.35343,"{
  ""coordinates"": [
    -8.319536360399999e+01,
    4.235342891200000e+01
  ],
  ""type"": ""Point""
}","{
  ""coordinates"": [
    -83.195363604,
    42.353428912
  ],
  ""type"": ""Point""
}",-83.195363604,42.353428912
23068,9591111,W I 94,GRAND,2016-01-05,5,1,2016,14,3,5,1,,1,0,,1,1,1,55,3,4,6,5,0,0,0,0,true,,false,false,false,false,false,,,,,,false,false,false,,,false,false,false,false,false,-83.11063,42.3465,"{
  ""coordinates"": [
    -8.311062645000000e+01,
    4.234650080200000e+01
  ],
  ""type"": ""Point""
}","{
  ""coordinates"": [
    -83.11062645,
    42.346500802
  ],
  ""type"": ""Point""
}",-83.11062645,42.346500802
23069,9591121,I-94,I-75,2016-01-05,5,1,2016,18,3,5,1,,1,0,,1,1,4,55,3,2,2,5,0,0,0,0,true,,false,false,false,false,false,,,,,,false,false,true,,,false,false,false,false,false,-83.05433,42.37095,"{
  ""coordinates"": [
    -8.305432783099999e+01,
    4.237095338600010e+01
  ],
  ""type"": ""Point""
}","{
  ""coordinates"": [
    -83.054327831,
    42.370953386
  ],
  ""type"": ""Point""
}",-83.054327831,42.3709533860001
23070,9478369,7 MILE,WOODINGHAM,2016-01-05,5,1,2016,20,3,1,9,,2,1,,1,1,4,30,4,1,1,4,0,0,0,1,false,,false,false,false,false,false,,,,,,false,false,true,,,false,false,false,false,false,-83.1505,42.43143,"{
  ""coordinates"": [
    -8.315049753900000e+01,
    4.243142976100010e+01
  ],
  ""type"": ""Point""
}","{
  ""coordinates"": [
    -83.150497539,
    42.431429761
  ],
  ""type"": ""Point""
}",-83.150497539,42.4314297610001