ObjectId,Crash ID,Primary Road,Intersecting Road,Crash Date,Day,Month,Year,Hour,Weekday,Crash Type Code,Highway Classification Code,Community Code,Jurisdiction Code,Lane Departure Type Code,Surface Type,Road Condition,Weather Condition,Lighting Condition,Speed Limit,Lanes,Units,Occupants,Most Severe Injury,Fatal Injuries,Suspected Serious Injuries,Suspected Minor Injuries,Possible Injuries,Property Damage Only,Secondary Crash,Traffic Control,Red Light Run,Hit and Run,Alcohol,Drugs,Unbelted Person,Work Zone,Speeding Driver,Distracted Driver,Driveway,Pedestrian,Elderly Driver,Young Driver,Commercial Vehicle,Emergency Vehicles,Train,School Bus,Motorcycle,Bicycle,Deer,Longitude,Latitude,geom,geog,x,y
23071,9478394,WYOMING,PLYMOUTH,2016-01-05,5,1,2016,17,3,4,9,,4,0,,1,1,4,30,5,2,3,4,0,0,0,2,false,,false,false,false,true,false,,,,,,false,false,false,,,false,false,false,false,false,-83.15856,42.3735,"{
  ""coordinates"": [
    -8.315856069400000e+01,
    4.237350316500000e+01
  ],
  ""type"": ""Point""
}","{
  ""coordinates"": [
    -83.158560694,
    42.373503165
  ],
  ""type"": ""Point""
}",-83.158560694,42.373503165
23072,9479353,OHIO,PILGRIM,2016-01-05,5,1,2016,10,3,4,9,,,0,,1,1,1,25,1,2,2,5,0,0,0,0,true,,false,false,false,false,false,,,,,,false,false,false,,,false,false,false,false,false,-83.15556,42.4079,"{
  ""coordinates"": [
    -8.315555619799990e+01,
    4.240789850700000e+01
  ],
  ""type"": ""Point""
}","{
  ""coordinates"": [
    -83.155556198,
    42.407898507
  ],
  ""type"": ""Point""
}",-83.1555561979999,42.407898507
23073,9997447,CHRYSLER,CLAY,2016-01-05,5,1,2016,1,3,5,9,,4,0,,1,1,5,0,4,2,1,5,0,0,0,0,true,,false,false,true,false,false,,,,,,false,false,false,,,false,false,false,false,false,-83.06211,42.3784,"{
  ""coordinates"": [
    -8.306211437800000e+01,
    4.237839538800010e+01
  ],
  ""type"": ""Point""
}","{
  ""coordinates"": [
    -83.062114378,
    42.378395388
  ],
  ""type"": ""Point""
}",-83.062114378,42.3783953880001
23074,9594119,7 MILE,GILCHRIST,2016-01-04,4,1,2016,13,2,10,9,,2,0,,1,1,1,35,4,1,1,5,0,0,0,0,true,,false,false,true,false,false,,,,,,false,false,false,,,false,false,false,false,false,-83.21278,42.43019,"{
  ""coordinates"": [
    -8.321278259400000e+01,
    4.243019358600000e+01
  ],
  ""type"": ""Point""
}","{
  ""coordinates"": [
    -83.212782594,
    42.430193586
  ],
  ""type"": ""Point""
}",-83.212782594,42.430193586
23075,9591120,M-10,MILWAUKEE,2016-01-04,4,1,2016,17,2,5,3,,1,0,,1,1,1,55,3,2,2,5,0,0,0,0,true,,false,false,false,false,false,,,,,,false,false,false,,,false,false,false,false,false,-83.07996,42.3648,"{
  ""coordinates"": [
    -8.307996453999991e+01,
    4.236479426700000e+01
  ],
  ""type"": ""Point""
}","{
  ""coordinates"": [
    -83.07996454,
    42.364794267
  ],
  ""type"": ""Point""
}",-83.0799645399999,42.364794267
23076,9476300,GRANDRIVER,DUNDEE,2016-01-04,4,1,2016,7,2,97,3,,1,0,,1,1,1,25,1,2,2,5,0,0,0,0,true,,false,false,true,false,false,,,,,,false,false,false,,,false,false,false,false,false,-83.13503,42.36715,"{
  ""coordinates"": [
    -8.313502886299990e+01,
    4.236714385300010e+01
  ],
  ""type"": ""Point""
}","{
  ""coordinates"": [
    -83.135028863,
    42.367143853
  ],
  ""type"": ""Point""
}",-83.1350288629999,42.3671438530001
23077,9591154,M-39,JOY,2016-01-04,4,1,2016,11,2,8,3,,1,0,,4,2,1,55,3,2,3,5,0,0,0,0,true,,false,false,false,false,false,,,,,,false,false,false,,,false,false,false,false,false,-83.21651,42.36147,"{
  ""coordinates"": [
    -8.321651552100001e+01,
    4.236146815200000e+01
  ],
  ""type"": ""Point""
}","{
  ""coordinates"": [
    -83.216515521,
    42.361468152
  ],
  ""type"": ""Point""
}",-83.216515521,42.361468152
23078,9604226,CONANT,HAMTRAMCK DRIVE,2016-01-04,4,1,2016,12,2,8,9,,4,0,,1,1,1,35,8,2,3,5,0,0,0,0,true,,false,false,false,false,false,,,,,,false,false,false,,,false,false,false,false,false,-83.04286,42.38897,"{
  ""coordinates"": [
    -8.304286225700000e+01,
    4.238897000700010e+01
  ],
  ""type"": ""Point""
}","{
  ""coordinates"": [
    -83.042862257,
    42.388970007
  ],
  ""type"": ""Point""
}",-83.042862257,42.3889700070001
23079,9476131,E/B I-94,LODGE,2016-01-04,4,1,2016,17,2,5,1,,1,0,,1,1,1,55,3,2,2,4,0,0,0,2,false,,false,false,false,false,false,,,,,,false,false,false,,,false,false,false,false,false,-83.07595,42.3591,"{
  ""coordinates"": [
    -8.307594836999991e+01,
    4.235910427400010e+01
  ],
  ""type"": ""Point""
}","{
  ""coordinates"": [
    -83.07594837,
    42.359104274
  ],
  ""type"": ""Point""
}",-83.0759483699999,42.3591042740001
23080,9596757,I-75,EIGHT MILE,2016-01-04,4,1,2016,17,2,5,1,,1,0,,1,2,4,70,4,2,2,5,0,0,0,0,true,,false,false,false,false,false,,,,,,false,false,true,,,false,false,false,false,false,-83.09492,42.43956,"{
  ""coordinates"": [
    -8.309492860099991e+01,
    4.243956051400000e+01
  ],
  ""type"": ""Point""
}","{
  ""coordinates"": [
    -83.094928601,
    42.439560514
  ],
  ""type"": ""Point""
}",-83.0949286009999,42.439560514
23081,9476117,N M 10,RAMP 215D,2016-01-04,4,1,2016,18,2,8,3,,1,0,,1,2,4,55,3,2,1,5,0,0,0,0,true,,false,false,false,false,false,,,,,,false,false,false,,,false,false,false,false,false,-83.07529,42.35782,"{
  ""coordinates"": [
    -8.307529029900000e+01,
    4.235781972000010e+01
  ],
  ""type"": ""Point""
}","{
  ""coordinates"": [
    -83.075290299,
    42.35781972
  ],
  ""type"": ""Point""
}",-83.075290299,42.3578197200001
23082,9478431,N M 10,WEBB,2016-01-04,4,1,2016,14,2,8,3,,1,0,,1,1,1,30,3,2,1,5,0,0,0,0,true,,false,false,true,false,false,,,,,,false,false,false,,,false,false,false,false,false,-83.10238,42.38824,"{
  ""coordinates"": [
    -8.310237572299999e+01,
    4.238824167900000e+01
  ],
  ""type"": ""Point""
}","{
  ""coordinates"": [
    -83.102375723,
    42.388241679
  ],
  ""type"": ""Point""
}",-83.102375723,42.388241679
23083,9591097,I-75,LIVERNOIS,2016-01-04,4,1,2016,17,2,5,1,,1,0,,1,2,3,70,4,4,7,2,0,3,0,1,false,,false,false,false,false,false,,,,,,false,false,false,,,false,false,false,false,false,-83.10458,42.3076,"{
  ""coordinates"": [
    -8.310458694899999e+01,
    4.230760338000000e+01
  ],
  ""type"": ""Point""
}","{
  ""coordinates"": [
    -83.104586949,
    42.30760338
  ],
  ""type"": ""Point""
}",-83.104586949,42.30760338
23084,9476124,I-94,GRATIOT,2016-01-04,4,1,2016,18,2,5,1,,1,0,,1,1,4,55,3,2,7,4,0,0,0,2,false,,false,false,false,false,false,,,,,,false,false,false,,,false,false,false,false,false,-83.00661,42.39144,"{
  ""coordinates"": [
    -8.300661121099991e+01,
    4.239143941000000e+01
  ],
  ""type"": ""Point""
}","{
  ""coordinates"": [
    -83.006611211,
    42.39143941
  ],
  ""type"": ""Point""
}",-83.0066112109999,42.39143941
23085,9476115,M39,JOY,2016-01-04,4,1,2016,15,2,5,3,,1,0,,1,1,1,55,3,4,5,5,0,0,0,0,true,,false,false,false,false,false,,,,,,false,false,true,,,false,false,false,false,false,-83.21638,42.35757,"{
  ""coordinates"": [
    -8.321637516300000e+01,
    4.235757198400010e+01
  ],
  ""type"": ""Point""
}","{
  ""coordinates"": [
    -83.216375163,
    42.357571984
  ],
  ""type"": ""Point""
}",-83.216375163,42.3575719840001
23086,9476320,7-MILE,STRATHCONA,2016-01-04,4,1,2016,5,2,1,9,,2,0,,1,1,4,35,2,1,1,5,0,0,0,0,true,,false,false,false,false,false,,,,,,false,false,false,,,false,false,false,false,false,-83.12926,42.43181,"{
  ""coordinates"": [
    -8.312925889800000e+01,
    4.243180967800000e+01
  ],
  ""type"": ""Point""
}","{
  ""coordinates"": [
    -83.129258898,
    42.431809678
  ],
  ""type"": ""Point""
}",-83.129258898,42.431809678
23087,9591148,M-39,JOY,2016-01-04,4,1,2016,10,2,8,3,,1,0,,4,5,1,55,3,2,2,2,0,1,0,0,false,,false,false,false,false,false,,,,,,false,false,false,,,false,false,false,false,false,-83.21655,42.35702,"{
  ""coordinates"": [
    -8.321654199800000e+01,
    4.235701684100010e+01
  ],
  ""type"": ""Point""
}","{
  ""coordinates"": [
    -83.216541998,
    42.357016841
  ],
  ""type"": ""Point""
}",-83.216541998,42.3570168410001
23088,9476123,RAMP 008K,E I 96 CD,2016-01-04,4,1,2016,11,2,5,1,,1,0,,4,5,1,35,2,3,3,4,0,0,0,2,false,,false,false,false,false,false,,,,,,false,false,false,,,false,false,false,false,false,-83.22308,42.37794,"{
  ""coordinates"": [
    -8.322308172300001e+01,
    4.237794003000000e+01
  ],
  ""type"": ""Point""
}","{
  ""coordinates"": [
    -83.223081723,
    42.37794003
  ],
  ""type"": ""Point""
}",-83.223081723,42.37794003
23089,9591133,I-94,M-10,2016-01-04,4,1,2016,16,2,5,1,,1,0,,1,1,1,55,3,5,5,5,0,0,0,0,true,,false,false,false,false,false,,,,,,false,true,true,,,false,false,false,false,false,-83.07246,42.36174,"{
  ""coordinates"": [
    -8.307245320899990e+01,
    4.236174539800000e+01
  ],
  ""type"": ""Point""
}","{
  ""coordinates"": [
    -83.072453209,
    42.361745398
  ],
  ""type"": ""Point""
}",-83.0724532089999,42.361745398
23090,9591147,M39,JOY,2016-01-04,4,1,2016,14,2,5,3,,1,0,,1,1,1,55,4,2,3,5,0,0,0,0,true,,false,false,true,false,false,,,,,,false,false,true,,,false,false,false,false,false,-83.21638,42.35757,"{
  ""coordinates"": [
    -8.321637516300000e+01,
    4.235757198400010e+01
  ],
  ""type"": ""Point""
}","{
  ""coordinates"": [
    -83.216375163,
    42.357571984
  ],
  ""type"": ""Point""
}",-83.216375163,42.3575719840001
23091,9591077,S M 39,RAMP 009D,2016-01-04,4,1,2016,7,2,8,3,,1,0,,1,1,2,55,1,2,2,5,0,0,0,0,true,,false,false,true,false,false,,,,,,false,false,true,,,false,false,false,false,false,-83.21815,42.39567,"{
  ""coordinates"": [
    -8.321815483400000e+01,
    4.239567247700010e+01
  ],
  ""type"": ""Point""
}","{
  ""coordinates"": [
    -83.218154834,
    42.395672477
  ],
  ""type"": ""Point""
}",-83.218154834,42.3956724770001
23092,9476301,MOROSS,W MOROSS/LINVILLE,2016-01-04,4,1,2016,16,2,5,9,,2,0,,1,1,1,35,4,2,2,5,0,0,0,0,true,,false,false,false,false,false,,,,,,false,false,false,,,false,false,false,false,false,-82.91814,42.42027,"{
  ""coordinates"": [
    -8.291813572699991e+01,
    4.242026445200000e+01
  ],
  ""type"": ""Point""
}","{
  ""coordinates"": [
    -82.918135727,
    42.420264452
  ],
  ""type"": ""Point""
}",-82.9181357269999,42.420264452
23093,9592555,TELEGRAPH,DEHNER,2016-01-04,4,1,2016,7,2,5,2,,1,0,,1,1,1,45,4,2,2,5,0,0,0,0,true,,false,false,true,false,false,,,,,,false,false,false,,,false,false,false,false,false,-83.27686,42.41157,"{
  ""coordinates"": [
    -8.327685668899990e+01,
    4.241157074100000e+01
  ],
  ""type"": ""Point""
}","{
  ""coordinates"": [
    -83.276856689,
    42.411570741
  ],
  ""type"": ""Point""
}",-83.2768566889999,42.411570741
23094,9476116,M39,JOY,2016-01-04,4,1,2016,16,2,5,3,,1,0,,1,1,1,55,3,3,3,5,0,0,0,0,true,,false,false,false,false,false,,,,,,false,false,false,,,false,false,false,false,false,-83.21638,42.35757,"{
  ""coordinates"": [
    -8.321637516300000e+01,
    4.235757198400010e+01
  ],
  ""type"": ""Point""
}","{
  ""coordinates"": [
    -83.216375163,
    42.357571984
  ],
  ""type"": ""Point""
}",-83.216375163,42.3575719840001
23095,9476305,LAMPHERE,TIREMAN,2016-01-04,4,1,2016,21,2,9,9,,,2,,1,1,4,25,1,2,1,5,0,0,0,0,true,,false,false,true,false,false,,,,,,false,false,true,,,false,false,false,false,false,-83.25928,42.34881,"{
  ""coordinates"": [
    -8.325927432700000e+01,
    4.234881141600000e+01
  ],
  ""type"": ""Point""
}","{
  ""coordinates"": [
    -83.259274327,
    42.348811416
  ],
  ""type"": ""Point""
}",-83.259274327,42.348811416
23096,9476314,HARPER,BEACONSFIELD,2016-01-04,4,1,2016,16,2,3,9,,4,0,,1,1,1,30,2,2,2,5,0,0,0,0,true,,false,false,false,false,false,,,,,,false,true,true,,,false,false,false,false,false,-82.95513,42.40739,"{
  ""coordinates"": [
    -8.295513089900000e+01,
    4.240738952700010e+01
  ],
  ""type"": ""Point""
}","{
  ""coordinates"": [
    -82.955130899,
    42.407389527
  ],
  ""type"": ""Point""
}",-82.955130899,42.4073895270001
23097,9476121,S I 75,W I 96,2016-01-04,4,1,2016,18,2,5,1,,1,0,,1,1,4,55,1,2,4,5,0,0,0,0,true,,false,false,false,false,false,,,,,,false,false,true,,,false,false,false,false,false,-83.08624,42.3308,"{
  ""coordinates"": [
    -8.308623748100000e+01,
    4.233079540800000e+01
  ],
  ""type"": ""Point""
}","{
  ""coordinates"": [
    -83.086237481,
    42.330795408
  ],
  ""type"": ""Point""
}",-83.086237481,42.330795408
23098,9597371,WARREN,WOODWARD,2016-01-04,4,1,2016,13,2,8,3,,4,0,,1,1,1,30,4,2,1,5,0,0,0,0,true,,false,false,true,false,false,,,,,,false,false,true,,,false,false,false,false,false,-83.06463,42.35669,"{
  ""coordinates"": [
    -8.306462847099991e+01,
    4.235669265000010e+01
  ],
  ""type"": ""Point""
}","{
  ""coordinates"": [
    -83.064628471,
    42.35669265
  ],
  ""type"": ""Point""
}",-83.0646284709999,42.3566926500001
23099,9476125,I-75,M10,2016-01-04,4,1,2016,19,2,97,1,,1,0,,1,1,4,55,2,1,1,5,0,0,0,0,true,,false,false,false,false,false,,,,,,false,false,false,,,false,false,false,false,false,-83.09493,42.44302,"{
  ""coordinates"": [
    -8.309492980200000e+01,
    4.244301893900010e+01
  ],
  ""type"": ""Point""
}","{
  ""coordinates"": [
    -83.094929802,
    42.443018939
  ],
  ""type"": ""Point""
}",-83.094929802,42.4430189390001
23100,9608721,SEWARD,WOODWARD,2016-01-04,4,1,2016,20,2,97,3,,,0,,1,1,4,35,3,2,0,4,0,0,0,1,false,,false,false,false,false,false,,,,,,true,false,false,,,false,false,false,false,false,-83.07654,42.3751,"{
  ""coordinates"": [
    -8.307654185000000e+01,
    4.237510455600010e+01
  ],
  ""type"": ""Point""
}","{
  ""coordinates"": [
    -83.07654185,
    42.375104556
  ],
  ""type"": ""Point""
}",-83.07654185,42.3751045560001
23101,9476304,MONROE,BRUSH,2016-01-04,4,1,2016,14,2,5,9,,4,0,,1,1,1,25,2,2,3,5,0,0,0,0,true,,false,false,false,false,false,,,,,,false,false,false,,,false,false,false,false,false,-83.04385,42.33435,"{
  ""coordinates"": [
    -8.304385647200000e+01,
    4.233435602600010e+01
  ],
  ""type"": ""Point""
}","{
  ""coordinates"": [
    -83.043856472,
    42.334356026
  ],
  ""type"": ""Point""
}",-83.043856472,42.3343560260001
23102,9630385,VAUGHAN,TIREMAN,2016-01-04,4,1,2016,21,2,9,9,,,2,,1,1,4,25,2,2,1,5,0,0,0,0,true,,false,false,true,false,false,,,,,,false,false,false,,,false,false,false,false,false,-83.23688,42.35044,"{
  ""coordinates"": [
    -8.323687985500000e+01,
    4.235044263000000e+01
  ],
  ""type"": ""Point""
}","{
  ""coordinates"": [
    -83.236879855,
    42.35044263
  ],
  ""type"": ""Point""
}",-83.236879855,42.35044263
23103,9476122,I-75,CASS,2016-01-04,4,1,2016,8,2,5,1,,1,0,,3,1,1,55,4,2,2,4,0,0,0,1,false,,false,false,false,false,false,,,,,,false,false,false,,,false,false,false,false,false,-83.05685,42.3378,"{
  ""coordinates"": [
    -8.305685805199990e+01,
    4.233780445300000e+01
  ],
  ""type"": ""Point""
}","{
  ""coordinates"": [
    -83.056858052,
    42.337804453
  ],
  ""type"": ""Point""
}",-83.0568580519999,42.337804453
23104,9597294,GRATIOT,TACOMA,2016-01-04,4,1,2016,15,2,1,3,,1,0,,1,1,1,35,7,2,1,3,0,0,1,0,false,,false,false,false,false,false,,,,,,true,false,true,,,false,false,false,false,false,-82.97337,42.44164,"{
  ""coordinates"": [
    -8.297336663599999e+01,
    4.244163749400010e+01
  ],
  ""type"": ""Point""
}","{
  ""coordinates"": [
    -82.973366636,
    42.441637494
  ],
  ""type"": ""Point""
}",-82.973366636,42.4416374940001
23105,9476319,WOODWARD,8 MILE,2016-01-04,4,1,2016,7,2,8,3,,1,0,,1,1,1,30,3,2,3,5,0,0,0,0,true,,false,false,false,false,false,,,,,,false,false,true,,,false,false,false,false,false,-83.12502,42.4465,"{
  ""coordinates"": [
    -8.312502011600000e+01,
    4.244650067400000e+01
  ],
  ""type"": ""Point""
}","{
  ""coordinates"": [
    -83.125020116,
    42.446500674
  ],
  ""type"": ""Point""
}",-83.125020116,42.446500674
23106,9478402,FISHER SD/75,MILITARY,2016-01-04,4,1,2016,23,2,7,9,,4,0,,4,5,4,25,2,2,1,5,0,0,0,0,true,,false,false,true,false,false,,,,,,false,false,false,,,false,false,false,false,false,-83.10226,42.30927,"{
  ""coordinates"": [
    -8.310226618699990e+01,
    4.230927101700010e+01
  ],
  ""type"": ""Point""
}","{
  ""coordinates"": [
    -83.102266187,
    42.309271017
  ],
  ""type"": ""Point""
}",-83.1022661869999,42.3092710170001
23107,9591288,GRATIOT,MADDELEIN,2016-01-04,4,1,2016,16,2,2,3,,1,2,,1,1,1,35,7,2,3,4,0,0,0,1,false,,false,false,false,false,false,,,,,,false,false,true,,,false,false,false,false,false,-82.97687,42.43632,"{
  ""coordinates"": [
    -8.297686548800000e+01,
    4.243632205700000e+01
  ],
  ""type"": ""Point""
}","{
  ""coordinates"": [
    -82.976865488,
    42.436322057
  ],
  ""type"": ""Point""
}",-82.976865488,42.436322057
23108,9478374,MEYERS,SCHOOLCRAFT,2016-01-04,4,1,2016,9,2,5,9,,4,0,,1,2,1,35,4,2,1,5,0,0,0,0,true,,false,false,false,false,false,,,,,,false,false,false,,,false,false,false,false,false,-83.16869,42.3877,"{
  ""coordinates"": [
    -8.316869029199999e+01,
    4.238769626800010e+01
  ],
  ""type"": ""Point""
}","{
  ""coordinates"": [
    -83.168690292,
    42.387696268
  ],
  ""type"": ""Point""
}",-83.168690292,42.3876962680001
23109,9597360,WOODWARD,CANFIELD,2016-01-04,4,1,2016,20,2,5,3,,1,0,,1,1,4,25,3,3,3,4,0,0,0,1,false,,false,false,false,false,false,,,,,,false,false,false,,,false,false,false,false,false,-83.06152,42.35278,"{
  ""coordinates"": [
    -8.306151378100000e+01,
    4.235278014000000e+01
  ],
  ""type"": ""Point""
}","{
  ""coordinates"": [
    -83.061513781,
    42.35278014
  ],
  ""type"": ""Point""
}",-83.061513781,42.35278014
23110,9478379,VERNOR,JUNCTION,2016-01-04,4,1,2016,1,2,4,9,,4,0,,1,1,4,25,2,2,2,4,0,0,0,2,false,,false,false,true,false,false,,,,,,false,false,true,,,false,false,false,false,false,-83.10184,42.31781,"{
  ""coordinates"": [
    -8.310184083300000e+01,
    4.231780972400000e+01
  ],
  ""type"": ""Point""
}","{
  ""coordinates"": [
    -83.101840833,
    42.317809724
  ],
  ""type"": ""Point""
}",-83.101840833,42.317809724
23111,9476298,8 MILE,FENELON,2016-01-04,4,1,2016,8,2,5,3,,1,0,,1,1,1,45,8,2,2,5,0,0,0,0,true,,false,false,false,false,false,,,,,,false,true,false,,,false,false,false,false,false,-83.05417,42.4475,"{
  ""coordinates"": [
    -8.305416590100000e+01,
    4.244750304800000e+01
  ],
  ""type"": ""Point""
}","{
  ""coordinates"": [
    -83.054165901,
    42.447503048
  ],
  ""type"": ""Point""
}",-83.054165901,42.447503048
23112,9476315,FLANDERS,COPLIN,2016-01-04,4,1,2016,12,2,4,9,,,0,,1,2,1,25,1,2,2,5,0,0,0,0,true,,false,false,false,false,false,,,,,,false,false,false,,,false,false,false,false,false,-82.97926,42.41722,"{
  ""coordinates"": [
    -8.297925941100000e+01,
    4.241722388400010e+01
  ],
  ""type"": ""Point""
}","{
  ""coordinates"": [
    -82.979259411,
    42.417223884
  ],
  ""type"": ""Point""
}",-82.979259411,42.4172238840001
23113,9478365,JUNCTION,OTIS,2016-01-04,4,1,2016,14,2,5,9,,4,0,,1,1,1,25,2,2,3,4,0,0,0,1,false,,false,false,false,false,false,,,,,,false,false,false,,,false,false,false,false,false,-83.1099,42.32899,"{
  ""coordinates"": [
    -8.310989842600000e+01,
    4.232899660500000e+01
  ],
  ""type"": ""Point""
}","{
  ""coordinates"": [
    -83.109898426,
    42.328996605
  ],
  ""type"": ""Point""
}",-83.109898426,42.328996605
23114,9478366,HENDERSON,RENVILLE,2016-01-04,4,1,2016,22,2,4,9,,,0,,1,1,4,25,4,2,2,5,0,0,0,0,true,,false,false,false,false,false,,,,,,false,false,true,,,false,false,false,false,false,-83.14793,42.33368,"{
  ""coordinates"": [
    -8.314792939900001e+01,
    4.233368088300010e+01
  ],
  ""type"": ""Point""
}","{
  ""coordinates"": [
    -83.147929399,
    42.333680883
  ],
  ""type"": ""Point""
}",-83.147929399,42.3336808830001
23115,9478429,OUTER,WYOMING,2016-01-04,4,1,2016,22,2,5,9,,2,0,,1,1,4,30,3,2,4,2,0,1,0,0,false,,false,false,false,false,false,,,,,,false,false,true,,,false,false,false,false,false,-83.16096,42.43505,"{
  ""coordinates"": [
    -8.316096669500000e+01,
    4.243504677300010e+01
  ],
  ""type"": ""Point""
}","{
  ""coordinates"": [
    -83.160966695,
    42.435046773
  ],
  ""type"": ""Point""
}",-83.160966695,42.4350467730001
23116,9474054,HALLECK,MITCHELL,2016-01-03,3,1,2016,3,1,2,9,,,2,,1,1,4,25,2,4,0,5,0,0,0,0,true,,false,false,true,false,false,,,,,,false,false,false,,,false,false,false,false,false,-83.06444,42.40874,"{
  ""coordinates"": [
    -8.306443790700000e+01,
    4.240874115600010e+01
  ],
  ""type"": ""Point""
}","{
  ""coordinates"": [
    -83.064437907,
    42.408741156
  ],
  ""type"": ""Point""
}",-83.064437907,42.4087411560001
23117,9707638,MEYERS,CHICAGO,2016-01-03,3,1,2016,22,1,1,9,,4,1,,1,1,4,25,4,1,2,4,0,0,0,2,false,,false,false,false,true,false,,,,,,false,false,false,,,false,false,false,false,false,-83.16791,42.36572,"{
  ""coordinates"": [
    -8.316791116800000e+01,
    4.236571948200000e+01
  ],
  ""type"": ""Point""
}","{
  ""coordinates"": [
    -83.167911168,
    42.365719482
  ],
  ""type"": ""Point""
}",-83.167911168,42.365719482
23118,9475187,CASS,ADAMS,2016-01-03,3,1,2016,12,1,4,9,,4,0,,1,1,1,20,2,2,3,5,0,0,0,0,true,,false,false,false,false,false,,,,,,false,false,true,,,false,false,false,false,false,-83.05489,42.33535,"{
  ""coordinates"": [
    -8.305489570400000e+01,
    4.233534987000010e+01
  ],
  ""type"": ""Point""
}","{
  ""coordinates"": [
    -83.054895704,
    42.33534987
  ],
  ""type"": ""Point""
}",-83.054895704,42.3353498700001
23119,9612664,CADIEUX,LINVILLE,2016-01-03,3,1,2016,20,1,8,9,,4,0,,1,1,3,35,6,2,1,5,0,0,0,0,true,,false,false,true,false,false,,,,,,false,false,false,,,false,false,false,false,false,-82.9341,42.4126,"{
  ""coordinates"": [
    -8.293410661699990e+01,
    4.241260063600000e+01
  ],
  ""type"": ""Point""
}","{
  ""coordinates"": [
    -82.934106617,
    42.412600636
  ],
  ""type"": ""Point""
}",-82.9341066169999,42.412600636
23120,9478360,MENDOTA,FULLERTON,2016-01-03,3,1,2016,9,1,97,9,,,3,,1,1,98,25,1,2,0,5,0,0,0,0,true,,false,false,true,false,false,,,,,,false,false,false,,,false,false,false,false,false,-83.16422,42.38048,"{
  ""coordinates"": [
    -8.316421912100000e+01,
    4.238048343000000e+01
  ],
  ""type"": ""Point""
}","{
  ""coordinates"": [
    -83.164219121,
    42.38048343
  ],
  ""type"": ""Point""
}",-83.164219121,42.38048343
23121,9922049,8 MILE,N M 10,2016-01-03,3,1,2016,19,1,5,3,,1,0,,1,1,4,55,1,2,5,4,0,0,0,3,false,,false,false,true,false,false,,,,,,false,false,false,,,false,false,false,false,false,-83.20316,42.44469,"{
  ""coordinates"": [
    -8.320315176600000e+01,
    4.244469093300010e+01
  ],
  ""type"": ""Point""
}","{
  ""coordinates"": [
    -83.203151766,
    42.444690933
  ],
  ""type"": ""Point""
}",-83.203151766,42.4446909330001
23122,9476309,BURT,FULLERTON,2016-01-03,3,1,2016,0,1,1,9,,4,0,,1,1,4,35,2,1,2,5,0,0,0,0,true,,false,false,false,false,false,,,,,,false,false,true,,,false,false,false,false,false,-83.24641,42.37927,"{
  ""coordinates"": [
    -8.324640889599991e+01,
    4.237926935800000e+01
  ],
  ""type"": ""Point""
}","{
  ""coordinates"": [
    -83.246408896,
    42.379269358
  ],
  ""type"": ""Point""
}",-83.2464088959999,42.379269358
23123,9591294,CHALFONTE,SOUTHFIELD SERVICE,2016-01-03,3,1,2016,15,1,5,9,,,0,,1,1,1,25,3,2,4,5,0,0,0,0,true,,false,false,false,false,false,,,,,,false,false,false,,,false,false,false,false,false,-83.2185,42.39864,"{
  ""coordinates"": [
    -8.321849850900000e+01,
    4.239863640200010e+01
  ],
  ""type"": ""Point""
}","{
  ""coordinates"": [
    -83.218498509,
    42.398636402
  ],
  ""type"": ""Point""
}",-83.218498509,42.3986364020001
23124,9475208,GRATIOT,FAIRPORT,2016-01-03,3,1,2016,0,1,2,3,,1,0,,1,1,4,35,7,2,2,2,0,1,1,0,false,,false,false,false,false,false,,,,,,false,false,true,,,false,false,false,false,false,-82.98667,42.42144,"{
  ""coordinates"": [
    -8.298667105299999e+01,
    4.242144058100010e+01
  ],
  ""type"": ""Point""
}","{
  ""coordinates"": [
    -82.986671053,
    42.421440581
  ],
  ""type"": ""Point""
}",-82.986671053,42.4214405810001
23125,9476308,SOUTHFIELD SERVICE DRIVE,RAMP 010B,2016-01-03,3,1,2016,10,1,97,9,,4,0,,1,2,1,35,2,2,2,5,0,0,0,0,true,,false,false,true,false,false,,,,,,false,false,false,,,false,false,false,false,false,-83.21841,42.41639,"{
  ""coordinates"": [
    -8.321841334100000e+01,
    4.241638952600000e+01
  ],
  ""type"": ""Point""
}","{
  ""coordinates"": [
    -83.218413341,
    42.416389526
  ],
  ""type"": ""Point""
}",-83.218413341,42.416389526
23126,9598811,MARLOWE,ELLIS,2016-01-03,3,1,2016,22,1,2,9,,,2,,1,1,4,25,2,2,4,4,0,0,0,2,false,,false,false,true,false,false,,,,,,false,false,false,,,false,false,false,false,false,-83.1884,42.36043,"{
  ""coordinates"": [
    -8.318839879300000e+01,
    4.236043008900000e+01
  ],
  ""type"": ""Point""
}","{
  ""coordinates"": [
    -83.188398793,
    42.360430089
  ],
  ""type"": ""Point""
}",-83.188398793,42.360430089
23127,9475221,STAHELIN,CATHEDRAL,2016-01-03,3,1,2016,3,1,5,9,,,0,,1,1,4,25,1,2,2,5,0,0,0,0,true,,false,false,true,false,false,,,,,,false,false,false,,,false,false,false,false,false,-83.22506,42.3611,"{
  ""coordinates"": [
    -8.322506005900000e+01,
    4.236110072600010e+01
  ],
  ""type"": ""Point""
}","{
  ""coordinates"": [
    -83.225060059,
    42.361100726
  ],
  ""type"": ""Point""
}",-83.225060059,42.3611007260001